train/actor_loss,rollout/ep_len_mean,time/total_timesteps,train/critic_loss,train/ent_coef,time/time_elapsed,rollout/ep_rew_mean,time/fps,time/episodes,train/n_updates,train/ent_coef_loss,train/learning_rate
-1.9659299850463867,56.75,360,196314752.0,0.9978699684143066,2,-98057.5,138,4,64,-0.018322013318538666,0.0001
2.888185977935791,52.875,496,282.07000732421875,0.9967431426048279,3,-99268.75,130,8,98,-0.029281770810484886,0.0001
3.674759864807129,46.583333333333336,700,273105536.0,0.9949835538864136,5,-97110.97222225,126,12,149,-0.04601835459470749,0.0001
6.012991428375244,50.5,952,117669824.0,0.9928139448165894,7,-95454.3229166875,122,16,212,-0.06675566732883453,0.0001
-8.752779006958008,64.2,1732,156057888.0,0.9864987730979919,14,-96091.70833334999,118,20,407,-0.10267797112464905,0.0001
-12.704740524291992,78.25,2120,39090856.0,0.9838104248046875,18,-96118.88888891666,117,24,504,-0.10825125873088837,0.0001
-15.639945983886719,75.07142857142857,2444,77510632.0,0.9817633628845215,20,-96751.90476192857,117,28,585,-0.10584188252687454,0.0001
-16.96944808959961,77.125,2724,116607552.0,0.9800686836242676,23,-96929.4791666875,116,32,655,-0.11774951964616776,0.0001
-15.035503387451172,81.91666666666667,3040,116598656.0,0.9783269166946411,26,-97403.14814816666,116,36,734,-0.11163094639778137,0.0001
-15.844898223876953,82.775,3404,310313664.0,0.9764232039451599,29,-97502.33333334999,115,40,825,-0.11529670655727386,0.0001
-15.029389381408691,86.88636363636364,4196,116165736.0,0.9730291962623596,36,-97386.02272729547,115,44,1023,-0.07094775885343552,0.0001
-31.42637062072754,94.72916666666667,4832,115419016.0,0.9716090559959412,41,-97753.85416668751,115,48,1182,-0.0033889226615428925,0.0001
-25.11141586303711,95.67307692307692,5328,114767024.0,0.9715790748596191,46,-97806.73076925,115,52,1306,0.005713171325623989,0.0001
-20.719619750976562,94.89285714285714,5572,38245952.0,0.971796452999115,48,-97649.64285716072,115,56,1367,0.017262738198041916,0.0001
-23.89498519897461,94.4,5812,37688960.0,0.9720480442047119,50,-97693.08333335,115,60,1427,0.017626430839300156,0.0001
-17.46827507019043,92.390625,5996,192958256.0,0.9722633361816406,52,-97076.96614584375,115,64,1473,0.038687288761138916,0.0001
-32.62009811401367,90.13235294117646,6224,153455392.0,0.9726923704147339,54,-96683.39460785294,115,68,1530,0.03204641118645668,0.0001
-26.246959686279297,88.5,6508,115086216.0,0.9734460115432739,56,-96337.16435186111,115,72,1601,0.047798193991184235,0.0001
-28.528038024902344,86.8157894736842,6708,39363076.0,0.9739727973937988,58,-96290.57017544737,115,76,1651,0.0467723086476326,0.0001
-31.81391143798828,86.1375,6960,191509696.0,0.974599301815033,60,-96129.822916675,115,80,1714,0.03732066601514816,0.0001
-34.50688552856445,85.3452380952381,7336,38956968.0,0.9755879044532776,63,-95864.90221089285,115,84,1808,0.049538273364305496,0.0001
-37.44775390625,84.5,7536,115842680.0,0.9761109352111816,65,-95852.80438312498,115,88,1858,0.023935716599225998,0.0001
-29.279760360717773,83.1195652173913,7700,38237976.0,0.9764949679374695,66,-95723.09006211955,115,92,1899,0.0344434455037117,0.0001
-8.21177864074707,81.41666666666667,7924,115930536.0,0.9770950675010681,68,-95707.64880953124,114,96,1955,0.022981952875852585,0.0001
-22.437543869018555,80.31,8232,116722264.0,0.9777653813362122,71,-95094.55952380999,114,100,2032,0.02093181014060974,0.0001
-1.0372732877731323,80.95,8552,115099240.0,0.9783088564872742,74,-94898.56785714,114,104,2112,0.011722836643457413,0.0001
9.401435852050781,83.3,8948,154676912.0,0.9791044592857361,77,-94720.40119047002,114,108,2211,0.029087267816066742,0.0001
7.964898109436035,85.25,9204,149770176.0,0.979799747467041,80,-95041.28452380002,114,112,2275,0.05906723439693451,0.0001
7.74751091003418,86.11,9496,152151616.0,0.9806914329528809,82,-95248.78452380002,114,116,2348,0.02438516914844513,0.0001
27.688465118408203,82.85,9964,151141472.0,0.982342004776001,86,-95317.73452380001,114,120,2465,0.024142395704984665,0.0001
40.5062255859375,81.23,10544,191424336.0,0.9847798347473145,91,-95298.71785713,114,124,2610,0.025232847779989243,0.0001
42.539306640625,82.82,10868,150304864.0,0.9862787127494812,94,-95314.61785713,114,128,2691,0.03290143609046936,0.0001
31.290565490722656,81.51,11132,113432728.0,0.9876261949539185,96,-95410.81785713001,114,132,2757,0.031590785831213,0.0001
63.367103576660156,85.69,11652,75299088.0,0.990654706954956,101,-95310.24285713,114,136,2887,0.028593866154551506,0.0001
92.56919860839844,85.94,12008,149942624.0,0.9928910732269287,104,-95207.86785713,114,140,2976,0.02418958581984043,0.0001
59.450897216796875,86.23,12752,189877904.0,0.9983642101287842,111,-95412.65119045999,114,144,3162,0.005143164191395044,0.0001
66.64619445800781,81.86,13124,77670576.0,1.0014551877975464,114,-95368.95119046,114,148,3255,-0.00511256093159318,0.0001
65.47463989257812,81.63,13600,39032352.0,1.0056406259536743,118,-95369.22619045999,114,152,3374,-0.022362325340509415,0.0001
99.1391830444336,81.92,14132,114296176.0,1.0104951858520508,122,-95374.61619045999,114,156,3507,-0.042416349053382874,0.0001
73.4885482788086,82.16,14648,71257400.0,1.0155750513076782,127,-95379.41619045999,115,160,3636,-0.06998537480831146,0.0001
79.21393585205078,84.13,15356,72675632.0,1.023247480392456,133,-95910.20785713001,115,164,3813,-0.1076851487159729,0.0001
107.59014892578125,96.79,16060,148021024.0,1.0315136909484863,139,-95054.98785713,115,168,3989,-0.1802215576171875,0.0001
85.79887390136719,97.51,16472,146985632.0,1.036608338356018,142,-95468.03785713,115,172,4092,-0.21109594404697418,0.0001
141.33657836914062,100.95,16836,76230000.0,1.041200041770935,146,-95706.56285713,115,176,4183,-0.2352311909198761,0.0001
118.11189270019531,100.57,17052,112441104.0,1.0437790155410767,148,-96008.63785713,115,180,4237,-0.23081010580062866,0.0001
98.41999053955078,101.03,17432,68292144.0,1.0481375455856323,151,-96417.97833332,115,184,4332,-0.2568728029727936,0.0001
135.91632080078125,103.29,18336,68059376.0,1.0588792562484741,159,-96534.97833332,115,188,4558,-0.3569202423095703,0.0001
127.97337341308594,105.47,18624,109532088.0,1.0623418092727661,161,-96862.70333332001,115,192,4630,-0.414638876914978,0.0001
206.860107421875,105.94,19000,225531120.0,1.066885232925415,165,-97069.80333332,115,196,4724,-0.4431239664554596,0.0001
203.54391479492188,105.63,19164,145101472.0,1.068960189819336,166,-97872.58666666,115,200,4765,-0.41383522748947144,0.0001
191.28964233398438,104.92,19544,108967120.0,1.0735210180282593,169,-98167.87833333001,114,204,4860,-0.4904266595840454,0.0001
191.73670959472656,102.0,19844,219830208.0,1.0773983001708984,172,-98340.345,114,208,4935,-0.5193846225738525,0.0001
184.69613647460938,100.63,20220,142780064.0,1.082346796989441,175,-98326.645,114,212,5029,-0.5831367373466492,0.0001
214.25030517578125,100.65,20352,144633280.0,1.0840402841567993,177,-98428.42,114,216,5062,-0.5305729508399963,0.0001
185.4354248046875,100.28,20484,32839384.0,1.08572256565094,178,-98424.72,114,220,5095,-0.6234608888626099,0.0001
268.1744384765625,97.14,20672,110296336.0,1.0880606174468994,179,-98604.945,114,224,5142,-0.5790450572967529,0.0001
250.3013458251953,94.44,20800,76944264.0,1.089806318283081,181,-98577.945,114,228,5174,-0.6291279792785645,0.0001
217.2515869140625,93.22,20940,68167392.0,1.0916818380355835,182,-98565.745,114,232,5209,-0.6034786701202393,0.0001
201.9736328125,95.01,21040,112844040.0,1.0929189920425415,183,-97726.12,114,236,5234,-0.641559898853302,0.0001
226.0115203857422,92.14,21140,76295008.0,1.094160556793213,184,-97902.295,114,240,5259,-0.5949757099151611,0.0001
200.1143798828125,87.7,21232,113630912.0,1.0953912734985352,184,-97857.895,114,244,5282,-0.7287953495979309,0.0001
171.0311737060547,85.87,21340,32728754.0,1.0967907905578613,185,-97839.595,114,248,5309,-0.7364462614059448,0.0001
196.25782775878906,82.75,21484,145016288.0,1.0987013578414917,187,-97910.57,114,252,5345,-0.7177937030792236,0.0001
179.43617248535156,79.99,21672,38294084.0,1.1012485027313232,188,-98089.68,114,256,5392,-0.7390398979187012,0.0001
242.4310302734375,78.15,22028,75939480.0,1.105916976928711,191,-98171.43,114,260,5481,-0.8456496596336365,0.0001
243.35073852539062,79.87,22472,35650340.0,1.1118160486221313,195,-97867.605,114,264,5592,-0.8171350955963135,0.0001
241.64706420898438,71.31,23280,218222208.0,1.1222602128982544,202,-98761.55,114,268,5794,-0.8672364950180054,0.0001
204.59304809570312,78.33,24256,65739340.0,1.1347827911376953,211,-98491.94166667,114,272,6038,-1.0054019689559937,0.0001
371.43707275390625,77.66,25088,107554000.0,1.1453837156295776,218,-98276.85833333999,114,276,6246,-1.1585898399353027,0.0001
366.6226806640625,81.97,26184,112494144.0,1.1592191457748413,228,-98218.80833333998,114,280,6520,-1.2784686088562012,0.0001
414.36376953125,92.22,26772,30984652.0,1.1666831970214844,233,-98115.55833333998,114,284,6667,-1.3150819540023804,0.0001
337.65533447265625,90.11,27260,38841712.0,1.1727219820022583,237,-98099.70833334,114,288,6789,-1.3605303764343262,0.0001
365.9125061035156,91.85,27436,31372296.0,1.1750034093856812,239,-98117.10833333999,114,292,6833,-1.4386823177337646,0.0001
368.1285400390625,92.66,28448,102831160.0,1.187890887260437,248,-98125.20833334,114,296,7086,-1.5012527704238892,0.0001
408.12359619140625,118.33,31448,62775928.0,1.228323221206665,274,-97382.00833334,114,300,7836,-2.03926944732666,0.0001
465.32891845703125,126.47,32004,66630076.0,1.236069679260254,279,-97463.40833333999,114,304,7975,-2.2743687629699707,0.0001
476.1693115234375,131.48,32988,131135336.0,1.2496258020401,288,-97308.75833334,114,308,8221,-2.5306787490844727,0.0001
640.3745727539062,143.83,35604,27847972.0,1.2857180833816528,310,-97111.69583334,114,312,8875,-2.7813239097595215,0.0001
581.0765380859375,158.34,36364,27759348.0,1.2957698106765747,316,-95952.55416667,114,316,9065,-2.7925424575805664,0.0001
670.5516357421875,169.59,37152,24454460.0,1.3063762187957764,323,-94786.05166667,114,320,9262,-3.089282751083374,0.0001
605.571533203125,174.5,38164,36828384.0,1.3197194337844849,332,-94514.30166667,114,324,9515,-3.2521255016326904,0.0001
688.5673828125,175.91,38668,59554416.0,1.3265044689178467,336,-94528.40166666999,114,328,9641,-3.2496938705444336,0.0001
643.9125366210938,180.48,39036,63499136.0,1.3314969539642334,339,-94373.635,114,332,9733,-3.1994333267211914,0.0001
731.5572509765625,173.5,39544,58156444.0,1.3382023572921753,344,-95303.735,114,336,9860,-3.589016914367676,0.0001
657.706298828125,186.35,40204,32924716.0,1.3471403121948242,349,-94107.51,114,340,10025,-3.4877705574035645,0.0001
787.6890869140625,195.89,42180,57166208.0,1.3743195533752441,367,-93762.21,114,344,10519,-3.9555249214172363,0.0001
788.7825927734375,211.93,43528,63797752.0,1.3931374549865723,378,-93685.31833333001,114,348,10856,-4.507593154907227,0.0001
788.315185546875,220.4,44324,142899616.0,1.4041407108306885,385,-93640.76833333001,114,352,11055,-4.493800163269043,0.0001
849.038818359375,227.31,44956,37790208.0,1.412996768951416,390,-93599.59333333,114,356,11213,-4.396294593811035,0.0001
835.8346557617188,231.11,45452,25754940.0,1.4199292659759521,395,-93516.36833333,114,360,11337,-4.414999961853027,0.0001
923.376953125,230.2,46244,83243744.0,1.4308905601501465,402,-93828.29333333,114,364,11535,-4.710325717926025,0.0001
871.6318359375,235.05,46652,61532904.0,1.4365081787109375,405,-93961.785,114,368,11637,-4.750999450683594,0.0001
789.614990234375,228.08,46964,63033448.0,1.4408698081970215,408,-94128.29333333,114,372,11715,-4.95980167388916,0.0001
884.0516357421875,224.91,47528,59397716.0,1.4487311840057373,413,-94304.97666665999,114,376,11856,-4.925559997558594,0.0001
778.409912109375,221.25,47944,3794418.5,1.4545822143554688,417,-94369.52666666,114,380,11960,-5.302241325378418,0.0001
830.2796630859375,212.6,48344,89876512.0,1.4601101875305176,420,-94276.97666665999,114,384,12060,-4.883618354797363,0.0001
896.5422973632812,211.95,48604,36707472.0,1.4637510776519775,422,-94373.17666665999,114,388,12125,-4.947181701660156,0.0001
962.4808959960938,214.84,49040,56253656.0,1.469744086265564,426,-94302.07666666,114,392,12234,-5.141605377197266,0.0001
1011.0679931640625,218.41,49824,35904004.0,1.4807356595993042,433,-94337.77666666,114,396,12430,-5.151174545288086,0.0001
914.3990478515625,196.61,50316,37728144.0,1.4875184297561646,438,-95119.67666665999,114,400,12553,-5.443784236907959,0.0001
1000.1778564453125,194.69,51804,114321800.0,1.5083744525909424,451,-94994.70166666,114,404,12925,-5.518498420715332,0.0001
1049.81103515625,193.16,51924,64490188.0,1.5100690126419067,452,-95083.75166666,114,408,12955,-5.428555488586426,0.0001
996.9676513671875,182.09,52380,17239992.0,1.5165038108825684,456,-95293.61416665999,114,412,13069,-5.394805908203125,0.0001
957.7363891601562,165.94,52744,3704701.25,1.521593451499939,459,-96541.00583333001,114,416,13160,-5.717067241668701,0.0001
949.2030029296875,157.27,53160,50141656.0,1.5276737213134766,463,-97833.60833333,114,420,13264,-5.807663917541504,0.0001
992.2267456054688,153.13,53656,34997624.0,1.5347981452941895,467,-98012.75833333,114,424,13388,-5.965779781341553,0.0001
975.9134521484375,152.89,53884,66184008.0,1.5380405187606812,469,-98010.35833333,114,428,13445,-5.83753776550293,0.0001
1003.2548217773438,160.02,54048,81825864.0,1.5404366254806519,471,-97282.225,114,432,13486,-5.921815872192383,0.0001
1169.028564453125,165.54,55568,48627240.0,1.5616753101348877,484,-97130.9,114,436,13866,-5.956666946411133,0.0001
1135.7408447265625,160.18,56552,1638619.375,1.5755236148834229,492,-98186.625,114,440,14112,-6.218690872192383,0.0001
1186.775634765625,154.93,57416,75480568.0,1.5878326892852783,500,-98574.825,114,444,14328,-6.066877841949463,0.0001
1231.9744873046875,155.23,59364,75305568.0,1.6160541772842407,517,-97715.21666666999,114,448,14815,-6.295920372009277,0.0001
1223.738037109375,167.79,61312,116423952.0,1.6443146467208862,533,-96382.2625,114,452,15302,-6.996346473693848,0.0001
1308.754638671875,176.65,62900,67935504.0,1.6680078506469727,547,-96275.5625,114,456,15699,-7.180929183959961,0.0001
1396.381103515625,182.91,63860,88637848.0,1.6821736097335815,556,-96240.0,114,460,15939,-6.889595031738281,0.0001
1259.953369140625,181.02,64220,91109856.0,1.6874419450759888,559,-96221.1,114,464,16029,-7.209569454193115,0.0001
1483.086669921875,183.9,65604,1089988.125,1.708124041557312,571,-96315.95833333001,114,468,16375,-7.666172027587891,0.0001
1529.04833984375,187.46,66372,63483036.0,1.719666600227356,577,-96455.15833333001,114,472,16567,-7.3763837814331055,0.0001
1632.048828125,190.68,67028,70349240.0,1.7293857336044312,583,-96487.35833333,114,476,16731,-7.697268486022949,0.0001
1404.226806640625,192.73,67380,1479337.625,1.7348432540893555,586,-96507.85833333,114,480,16819,-7.679347515106201,0.0001
1613.510986328125,190.85,67900,56500628.0,1.7426596879959106,590,-96700.85833333,114,484,16949,-7.621593952178955,0.0001
1590.505615234375,202.64,68668,33646904.0,1.7542343139648438,597,-96536.55,114,488,17141,-7.653415203094482,0.0001
1619.925048828125,201.27,69936,121998728.0,1.7734426259994507,608,-96421.9,114,492,17458,-7.698400020599365,0.0001
1637.713134765625,205.15,70928,32561396.0,1.7882182598114014,617,-96360.3,114,496,17706,-7.714605331420898,0.0001
1533.85546875,205.73,71804,131244992.0,1.8015809059143066,625,-96265.575,114,500,17925,-8.217905044555664,0.0001
1535.312744140625,212.15,72784,1385179.5,1.8169361352920532,633,-95435.65,114,504,18170,-8.395406723022461,0.0001
1482.6102294921875,220.92,74932,128922368.0,1.850136637687683,652,-95517.975,114,508,18707,-8.305301666259766,0.0001
1668.850830078125,236.77,76136,33349120.0,1.868674397468567,663,-94366.4,114,512,19008,-8.325328826904297,0.0001
1594.8466796875,249.65,77460,29145420.0,1.8894611597061157,674,-94274.7475,114,516,19339,-8.37135124206543,0.0001
1490.1739501953125,256.2,78400,148266832.0,1.9041862487792969,683,-94136.66416667,114,520,19574,-8.519477844238281,0.0001
1623.394287109375,262.08,79380,47699880.0,1.9200938940048218,691,-93987.51416667,114,524,19819,-8.919063568115234,0.0001
1788.379638671875,270.74,81280,2554820.25,1.9517394304275513,708,-93760.0225,114,528,20294,-9.652206420898438,0.0001
1788.9412841796875,281.83,83220,1416577.5,1.9854708909988403,725,-92871.0225,114,532,20779,-9.572347640991211,0.0001
1730.9930419921875,292.96,84668,11405226.0,2.010097026824951,738,-92856.1975,114,536,21141,-10.036038398742676,0.0001
1857.648193359375,294.42,85716,5687754.5,2.028376340866089,747,-92984.6975,114,540,21403,-9.76455307006836,0.0001
1900.45556640625,298.52,86708,2537311.5,2.0454983711242676,756,-92823.76416667,114,544,21651,-10.23790168762207,0.0001
1974.3232421875,284.48,86960,1468712.0,2.049950361251831,758,-93683.26416667,114,548,21714,-10.325515747070312,0.0001
1930.728271484375,266.86,87564,20005128.0,2.0608127117156982,763,-95094.86833333998,114,552,21865,-10.526884078979492,0.0001
1884.42236328125,262.46,88744,1277101.0,2.08178973197937,774,-95356.44333334,114,556,22160,-10.053016662597656,0.0001
2076.14599609375,261.56,89592,20133836.0,2.0967233180999756,781,-95250.44750000998,114,560,22372,-10.397173881530762,0.0001
2170.77783203125,265.76,91608,1741512.25,2.1328506469726562,798,-95192.44750001,114,564,22876,-10.713183403015137,0.0001
2077.29296875,267.35,92288,2641621.75,2.145073890686035,804,-95109.01416667999,114,568,23046,-10.724061965942383,0.0001
2155.78759765625,274.39,94100,1682779.25,2.178438901901245,819,-93913.06416668,114,572,23499,-10.983270645141602,0.0001
2270.38818359375,288.97,95812,1648360.75,2.2101118564605713,834,-92727.93916668,114,576,23927,-11.21412467956543,0.0001
2422.4794921875,292.96,97108,1576007.5,2.2342159748077393,845,-92551.03916668,114,580,24251,-11.028974533081055,0.0001
1974.921142578125,305.92,97584,33531034.0,2.2431366443634033,849,-91305.98916668,114,584,24370,-11.301424026489258,0.0001
2374.022216796875,300.84,99424,19291672.0,2.277026414871216,865,-91437.24750001001,114,588,24830,-11.30941390991211,0.0001
2152.74169921875,304.63,100188,834886.375,2.291194438934326,872,-91362.68500001001,114,592,25021,-11.316439628601074,0.0001
2307.66455078125,310.96,101664,10609112.0,2.3183469772338867,885,-91183.71833334999,114,596,25390,-11.115407943725586,0.0001
2242.281982421875,311.33,102028,74594320.0,2.324880361557007,888,-91187.94333335,114,600,25481,-11.039165496826172,0.0001
2301.295654296875,301.4,102588,17726324.0,2.3350462913513184,893,-91674.08619049001,114,604,25621,-10.691559791564941,0.0001
2424.78564453125,294.72,104028,36718980.0,2.3611114025115967,905,-91713.06119049,114,608,25981,-10.881025314331055,0.0001
2271.66162109375,289.42,104648,56112252.0,2.372413396835327,911,-92642.44035716,114,612,26136,-11.157413482666016,0.0001
2370.32763671875,279.8,105216,46345508.0,2.38313889503479,916,-92565.86785716,114,616,26278,-11.150981903076172,0.0001
2364.6953125,273.81,105720,28182296.0,2.3925294876098633,920,-92609.25119049,114,620,26404,-11.233595848083496,0.0001
2412.49267578125,268.87,106272,9845617.0,2.4028823375701904,925,-92767.80119048999,114,624,26542,-10.894659042358398,0.0001
2688.53466796875,262.69,107032,49686120.0,2.4169816970825195,932,-92919.09285716001,114,628,26732,-11.195418357849121,0.0001
2264.121826171875,243.21,107892,19984078.0,2.4332268238067627,939,-94622.21785716001,114,632,26947,-11.264991760253906,0.0001
2662.06396484375,239.67,108360,35763032.0,2.44207501411438,943,-93715.17285716001,114,636,27064,-11.227843284606934,0.0001
2292.554443359375,234.0,108864,41172608.0,2.451767683029175,948,-93759.97285716001,114,640,27190,-11.026296615600586,0.0001
2694.557861328125,229.63,109220,1209923.375,2.4583945274353027,951,-93918.20619048999,114,644,27279,-11.660825729370117,0.0001
2740.91552734375,229.1,109552,3454439.0,2.4648478031158447,954,-94012.90619049,114,648,27362,-11.094943046569824,0.0001
2511.769287109375,227.55,109764,13371732.0,2.4689362049102783,956,-93997.40619049,114,652,27415,-11.182394027709961,0.0001
2606.66796875,218.17,110192,25925052.0,2.4769062995910645,960,-93903.60619049,114,656,27522,-11.202911376953125,0.0001
2655.211669921875,213.29,110796,26669560.0,2.48860502243042,965,-94071.18952381998,114,660,27673,-11.034406661987305,0.0001
2642.6337890625,212.89,111836,45951912.0,2.5082387924194336,974,-94066.38952381998,114,664,27933,-11.054795265197754,0.0001
2345.891357421875,203.04,112292,2158011.0,2.516948699951172,978,-94119.89785714999,114,668,28047,-10.626153945922852,0.0001
2445.0,194.43,113340,59886992.0,2.5374011993408203,988,-94895.22285714999,114,672,28309,-10.768653869628906,0.0001
2960.8740234375,192.23,115280,102665568.0,2.5764074325561523,1005,-95073.34785714999,114,676,28794,-11.485269546508789,0.0001
2782.4208984375,204.58,116872,12031879.0,2.610698699951172,1018,-94956.99785714998,114,680,29192,-12.283712387084961,0.0001
2461.565185546875,195.21,117424,2733568.0,2.6227383613586426,1023,-95937.94785715,114,684,29330,-12.368813514709473,0.0001
2938.541259765625,195.43,118948,37601368.0,2.656698703765869,1036,-95827.19785715,114,688,29711,-13.031486511230469,0.0001
3066.6494140625,206.64,120588,15721002.0,2.6951420307159424,1051,-96152.26035715,114,692,30121,-13.337044715881348,0.0001
2790.0224609375,223.68,124384,2454357.0,2.786703109741211,1084,-95529.12702381,114,696,31070,-13.986664772033691,0.0001
3118.18359375,238.48,126588,13958042.0,2.84069561958313,1103,-94464.76035714001,114,700,31621,-14.25987720489502,0.0001
2946.9755859375,262.87,130104,3108248.5,2.9279773235321045,1136,-94022.8675,114,704,32500,-15.187176704406738,0.0001
3158.282958984375,286.98,132664,8929007.0,2.9937191009521484,1158,-93164.0675,114,708,33140,-15.044059753417969,0.0001
3195.89404296875,282.79,133564,30877934.0,3.016557216644287,1166,-93249.86333333001,114,712,33365,-15.035890579223633,0.0001
3427.40771484375,290.01,135468,10322914.0,3.0664310455322266,1182,-92222.98833333001,114,716,33841,-16.154617309570312,0.0001
3185.775390625,305.52,136748,13835830.0,3.1009466648101807,1193,-91063.77166666002,114,720,34161,-16.901399612426758,0.0001
3416.03759765625,333.49,140748,1798056.0,3.213770627975464,1227,-89143.02166666002,114,724,35161,-17.75565528869629,0.0001
3589.261474609375,356.69,143276,1513420.25,3.286590099334717,1249,-86919.90045454001,114,728,35793,-18.212121963500977,0.0001
3421.01513671875,383.99,146496,22695726.0,3.3809542655944824,1277,-84195.07545454001,114,732,36598,-18.111949920654297,0.0001
3041.868408203125,389.78,148356,11508734.0,3.435253381729126,1293,-83103.67045454001,114,736,37063,-18.547386169433594,0.0001
3488.1689453125,405.31,149904,1260734.5,3.481477737426758,1307,-82158.62045454,114,740,37450,-18.626876831054688,0.0001
3821.41552734375,411.44,151452,1285220.25,3.5282840728759766,1320,-81911.62878787,114,744,37837,-19.301725387573242,0.0001
3614.193603515625,426.18,152776,33139938.0,3.5690810680389404,1332,-80749.60378787,114,748,38168,-19.616233825683594,0.0001
3452.3203125,432.33,153060,1421629.0,3.5781333446502686,1334,-80473.05378787,114,752,38239,-19.081642150878906,0.0001
3699.66455078125,433.13,153444,28054376.0,3.5901622772216797,1337,-80281.05378787,114,756,38335,-19.688831329345703,0.0001
3986.103759765625,431.25,154280,1491730.375,3.616546869277954,1345,-80055.66212119999,114,760,38544,-20.630226135253906,0.0001
3789.94775390625,429.26,154660,1030444.3125,3.6290202140808105,1348,-80136.5621212,114,764,38639,-21.018646240234375,0.0001
3842.242919921875,425.28,154768,27358732.0,3.632570743560791,1349,-80301.0621212,114,768,38666,-20.707534790039062,0.0001
3449.09912109375,420.75,154840,4527641.5,3.634923219680786,1350,-80660.6871212,114,772,38684,-20.542978286743164,0.0001
3056.22265625,403.91,154964,6600559.5,3.638820171356201,1351,-81623.0871212,114,776,38715,-20.73173713684082,0.0001
4088.5126953125,383.27,155040,2416762.0,3.641533374786377,1351,-81873.3371212,114,780,38734,-20.070514678955078,0.0001
3721.713134765625,386.68,155692,1435307.25,3.6625020503997803,1357,-81776.42045453,114,784,38897,-20.519329071044922,0.0001
3711.505859375,379.52,156252,1360806.5,3.6807827949523926,1362,-81817.92045453,114,788,39037,-20.243732452392578,0.0001
3783.35205078125,360.44,156432,19408390.0,3.686469793319702,1363,-81424.17045453,114,792,39082,-20.05815887451172,0.0001
3834.17041015625,328.54,156672,2846492.0,3.6940579414367676,1366,-82040.67045453,114,796,39142,-20.122495651245117,0.0001
3474.2099609375,308.64,156900,1535353.25,3.7012863159179688,1368,-82752.6871212,114,800,39199,-19.915176391601562,0.0001
4135.45849609375,286.4,157492,1169624.0,3.719923496246338,1373,-83430.5371212,114,804,39347,-20.967784881591797,0.0001
3610.872314453125,262.7,158336,1766712.375,3.746464729309082,1380,-84192.9121212,114,808,39558,-20.025592803955078,0.0001
4009.68701171875,265.24,159556,10886576.0,3.7847299575805664,1391,-83799.70666665,114,812,39863,-19.766286849975586,0.0001
3792.8056640625,259.02,160292,1175162.0,3.807199239730835,1397,-85037.40666665001,114,816,40047,-19.791902542114258,0.0001
3314.3671875,249.46,161312,5671596.5,3.838670015335083,1406,-86222.21083332,114,820,40302,-19.78774642944336,0.0001
3912.19384765625,222.69,161824,3571754.0,3.8545162677764893,1411,-87949.96083332,114,824,40430,-19.45233917236328,0.0001
4416.2626953125,203.4,162372,4255234.5,3.8715224266052246,1416,-90212.88204544,114,828,40567,-19.783443450927734,0.0001
4287.96337890625,176.27,163056,13456654.0,3.892700672149658,1422,-92936.58204544001,114,832,40738,-19.44501495361328,0.0001
3612.953369140625,157.97,163704,2232190.5,3.9127843379974365,1427,-95000.98204544,114,836,40900,-18.980491638183594,0.0001
4247.05029296875,151.18,164824,25963536.0,3.947631597518921,1437,-96033.43204544,114,840,41180,-19.77646827697754,0.0001
4355.998046875,144.61,165388,33946460.0,3.965240716934204,1442,-96276.02371210999,114,844,41321,-19.593463897705078,0.0001
4180.0078125,139.08,166728,3848384.5,4.007441997528076,1453,-96974.91954544,114,848,41656,-18.338226318359375,0.0001
3920.673828125,141.63,167944,24530020.0,4.0457282066345215,1464,-97130.86954544,114,852,41960,-19.41698455810547,0.0001
4246.85546875,149.52,168528,3187210.25,4.064389705657959,1469,-97071.29454544,114,856,42106,-18.845548629760742,0.0001
4051.235107421875,149.51,169332,12696936.0,4.0894598960876465,1476,-97377.78621211,114,860,42307,-18.16460609436035,0.0001
3913.53076171875,154.14,170604,3689178.0,4.129782676696777,1487,-97321.81121211,114,864,42625,-18.862468719482422,0.0001
3545.6767578125,158.77,171356,26829446.0,4.153653144836426,1493,-97067.31121211,114,868,42813,-18.944061279296875,0.0001
3772.703125,175.96,172404,37889712.0,4.188312530517578,1502,-95871.61121211,114,872,43075,-19.195411682128906,0.0001
3807.9580078125,182.96,173208,26770024.0,4.215200424194336,1509,-95740.48621211,114,876,43276,-21.103059768676758,0.0001
4422.78857421875,193.04,174604,9950308.0,4.261641502380371,1521,-95741.28621211,114,880,43625,-19.786304473876953,0.0001
3933.693359375,199.25,176216,43833920.0,4.314433574676514,1536,-96134.40287878,114,884,44028,-18.14112663269043,0.0001
4534.84423828125,205.98,177008,3847465.0,4.34005069732666,1543,-96301.70287878001,114,888,44226,-19.611083984375,0.0001
4735.1845703125,208.86,177836,90529392.0,4.366796016693115,1550,-96432.90287878,114,892,44433,-16.551353454589844,0.0001
4762.990234375,214.44,178780,105301008.0,4.397023677825928,1558,-96585.55287878001,114,896,44669,-17.689350128173828,0.0001
4418.75634765625,226.79,180524,2876489.25,4.453610897064209,1573,-95901.45287878001,114,900,45105,-17.611711502075195,0.0001
4776.4765625,237.46,181236,25552494.0,4.477024078369141,1579,-94762.62924242001,114,904,45283,-16.998275756835938,0.0001
4288.1015625,237.55,182084,9594240.0,4.504556179046631,1587,-94655.30424242001,114,908,45495,-17.49657440185547,0.0001
5031.4375,231.73,182548,25237380.0,4.519619464874268,1591,-95215.70969697,114,912,45611,-17.434144973754883,0.0001
4510.193359375,231.18,183448,13856816.0,4.548361301422119,1599,-95210.20969697,114,916,45836,-16.123159408569336,0.0001
4694.4228515625,230.95,185148,26079828.0,4.60425329208374,1614,-95242.12219697,114,920,46261,-16.681446075439453,0.0001
4812.8232421875,231.48,185944,100570304.0,4.630922317504883,1621,-95452.42219697,114,924,46460,-16.349403381347656,0.0001
5751.740234375,237.15,186912,50010716.0,4.663556098937988,1629,-94509.52219697,114,928,46702,-15.59928035736084,0.0001
4355.35498046875,248.55,187848,44106360.0,4.694831371307373,1637,-93728.32219697001,114,932,46936,-15.841588020324707,0.0001
5211.4931640625,251.54,188712,28454420.0,4.723771095275879,1645,-93864.42219697,114,936,47152,-15.790589332580566,0.0001
5116.486328125,244.19,189644,31759904.0,4.754864692687988,1653,-93684.97219697,114,940,47385,-15.501442909240723,0.0001
4698.390625,250.57,190916,2885234.5,4.796987533569336,1664,-93648.77219697,114,944,47703,-14.860739707946777,0.0001
4948.51171875,248.26,191376,24958520.0,4.812545299530029,1668,-94077.75136364,114,948,47818,-15.245864868164062,0.0001
4683.4794921875,241.15,191876,15225958.0,4.828880786895752,1673,-94112.90136364,114,952,47943,-15.504222869873047,0.0001
4526.84765625,235.38,193184,17682996.0,4.87230920791626,1684,-94393.67636364,114,956,48270,-15.705196380615234,0.0001
4652.8271484375,242.31,193672,6275385.0,4.889212131500244,1689,-93463.07636364,114,960,48392,-15.648931503295898,0.0001
4699.44775390625,235.78,194988,2677151.75,4.937047958374023,1700,-93500.05136364,114,964,48721,-16.200157165527344,0.0001
4927.23876953125,249.64,196120,11920014.0,4.979454040527344,1709,-93803.00136364,114,968,49004,-17.096580505371094,0.0001
4644.1064453125,237.46,196704,9704216.0,5.002021789550781,1714,-94943.35136364,114,972,49150,-17.80525016784668,0.0001
4642.23828125,241.46,197324,18156104.0,5.0262627601623535,1720,-94621.31207793,114,976,49305,-16.841699600219727,0.0001
4997.6064453125,235.42,197844,3746944.5,5.047502517700195,1724,-94460.68707793001,114,980,49435,-17.325891494750977,0.0001
5215.8583984375,226.34,199216,5682457.0,5.102535247802734,1736,-94263.28707793001,114,984,49778,-17.507341384887695,0.0001
4986.67578125,230.3,200704,3715491.5,5.163161277770996,1749,-93061.83707793002,114,988,50150,-16.536155700683594,0.0001
5637.76123046875,229.6,201708,6413105.0,5.203824996948242,1757,-92854.26207793,114,992,50401,-16.59851837158203,0.0001
5537.9658203125,235.76,202440,3061521.25,5.234137535095215,1764,-91761.60374460001,114,996,50584,-17.7222957611084,0.0001
5193.1474609375,235.23,203092,2272386.0,5.261265277862549,1769,-92865.2537446,114,1000,50747,-17.490352630615234,0.0001
5300.8740234375,223.89,203484,29725082.0,5.277930736541748,1773,-93997.37738095998,114,1004,50845,-17.29073715209961,0.0001
5219.6396484375,220.45,203900,73503040.0,5.294777870178223,1776,-94171.72738095999,114,1008,50949,-17.317249298095703,0.0001
5075.91064453125,222.44,204824,12866382.0,5.332897663116455,1785,-93980.00238095998,114,1012,51180,-17.026485443115234,0.0001
5214.8740234375,218.29,205164,4025442.25,5.3474345207214355,1788,-93938.50238095998,114,1016,51265,-17.330949783325195,0.0001
4891.2958984375,216.78,206108,10616841.0,5.38671350479126,1796,-94023.40238096,114,1020,51501,-17.168968200683594,0.0001
4783.6396484375,213.73,206208,7056020.0,5.3912811279296875,1797,-93992.90238095999,114,1024,51526,-16.23906707763672,0.0001
5092.7958984375,204.77,206276,52954992.0,5.393803596496582,1797,-95003.20238095999,114,1028,51543,-17.454208374023438,0.0001
5068.6953125,189.45,206344,39899128.0,5.396850109100342,1798,-95849.90238095999,114,1032,51560,-17.709869384765625,0.0001
5869.2705078125,182.81,206420,32786810.0,5.399925231933594,1799,-95783.50238095998,114,1036,51579,-17.920188903808594,0.0001
5545.0888671875,177.9,206496,37793680.0,5.403538703918457,1799,-95840.35238095999,114,1040,51598,-17.257413864135742,0.0001
5275.359375,167.73,206576,24820920.0,5.406637191772461,1800,-95838.65238095999,114,1044,51618,-17.371246337890625,0.0001
4558.029296875,158.9,206656,57978104.0,5.41024923324585,1801,-95853.50238095998,114,1048,51638,-18.073101043701172,0.0001
5193.69189453125,155.34,206740,34477568.0,5.413873672485352,1802,-95919.25238095998,114,1052,51659,-17.528366088867188,0.0001
5150.1044921875,152.33,207040,2894277.0,5.4269208908081055,1804,-95480.41904762998,114,1056,51734,-17.53958511352539,0.0001
5221.3076171875,143.83,207424,3429734.25,5.443204402923584,1808,-96093.86904763,114,1060,51830,-16.905345916748047,0.0001
5460.9638671875,142.47,207528,2621384.0,5.4477410316467285,1809,-96080.26904763,114,1064,51856,-16.39330291748047,0.0001
4853.0732421875,123.52,207736,2639222.0,5.456239700317383,1810,-96027.21904763,114,1068,51908,-16.225975036621094,0.0001
5523.451171875,119.75,207884,20100664.0,5.462134838104248,1812,-96094.96904763,114,1072,51945,-16.64875030517578,0.0001
5710.0712890625,110.16,208208,33756380.0,5.4752068519592285,1815,-96462.08333334,114,1076,52026,-15.586973190307617,0.0001
5219.7705078125,108.42,208540,19870904.0,5.488492488861084,1818,-96444.30833333998,114,1080,52109,-15.749813079833984,0.0001
5454.0732421875,104.88,208988,3326205.5,5.505701541900635,1821,-96210.78333333999,114,1084,52221,-15.425491333007812,0.0001
5329.8505859375,96.43,209372,7336996.0,5.520568370819092,1825,-97056.68333333998,114,1088,52317,-15.643961906433105,0.0001
5357.728515625,96.98,209952,33831176.0,5.543615818023682,1830,-97141.70833334,114,1092,52462,-15.007888793945312,0.0001
5645.61376953125,91.86,210976,36492744.0,5.583621025085449,1839,-98329.56666667,114,1096,52718,-15.051177978515625,0.0001
5533.1572265625,85.28,212192,14916652.0,5.632234573364258,1850,-98148.96666666999,114,1100,53022,-15.124300003051758,0.0001
5201.64111328125,90.85,212484,54767000.0,5.644347667694092,1852,-98303.51666667,114,1104,53095,-14.398853302001953,0.0001
5567.13623046875,90.49,212900,4950636.5,5.660819053649902,1856,-98299.91666666999,114,1108,53199,-15.152181625366211,0.0001
5494.6728515625,86.13,213324,6193571.5,5.678613185882568,1860,-98467.94166667,114,1112,53305,-15.62086296081543,0.0001
6078.51708984375,88.44,213668,4209557.0,5.692653179168701,1863,-98491.04166666999,114,1116,53391,-14.954084396362305,0.0001
5208.4384765625,85.9,214308,28768968.0,5.720223426818848,1869,-98263.69166667,114,1120,53551,-16.088119506835938,0.0001
6231.421875,86.89,215356,30366594.0,5.7658185958862305,1877,-98167.74166667,114,1124,53813,-16.45566177368164,0.0001
5327.9189453125,93.74,217640,10870081.0,5.871537685394287,1897,-96674.125,114,1128,54384,-16.95240020751953,0.0001
5253.48876953125,106.77,218104,14831212.0,5.89384126663208,1901,-96254.64166667,114,1132,54500,-17.175899505615234,0.0001
5717.16162109375,117.25,218300,5803382.5,5.903146266937256,1902,-95058.34166666999,114,1136,54549,-17.200027465820312,0.0001
5627.40234375,118.57,218720,16555072.0,5.92326021194458,1906,-94970.99166667,114,1140,54654,-16.36370849609375,0.0001
6021.234375,120.52,219028,3664314.75,5.938026428222656,1909,-94886.94166667,114,1144,54731,-16.46645164489746,0.0001
5175.63720703125,122.7,219476,16248890.0,5.958772659301758,1913,-94908.74166667,114,1148,54843,-16.011974334716797,0.0001
5748.5419921875,131.46,220020,18140630.0,5.984128475189209,1918,-94869.29166666999,114,1152,54979,-15.89842414855957,0.0001
6007.4287109375,132.01,220288,8068726.0,5.996305465698242,1920,-95082.925,114,1156,55046,-15.479635238647461,0.0001
5590.2373046875,132.78,220676,31737200.0,6.013803958892822,1923,-95392.075,114,1160,55143,-15.901435852050781,0.0001
5430.0859375,135.49,221160,21905956.0,6.03605842590332,1928,-95214.125,114,1164,55264,-16.7689208984375,0.0001
5292.0771484375,138.8,221788,12016333.0,6.064757347106934,1933,-95147.225,114,1168,55421,-15.163662910461426,0.0001
4996.77685546875,141.98,222288,19418172.0,6.087451934814453,1938,-95073.85,114,1172,55546,-15.777985572814941,0.0001
5235.1474609375,146.36,222860,6207295.5,6.113051891326904,1943,-95014.65,114,1176,55689,-15.30642318725586,0.0001
5576.75537109375,149.52,223476,4031830.5,6.141330242156982,1948,-95043.025,114,1180,55843,-15.177131652832031,0.0001
5816.27392578125,152.54,224180,78376328.0,6.173139572143555,1954,-95270.6,114,1184,56019,-16.06580352783203,0.0001
5444.51904296875,152.87,224980,3082989.25,6.210349082946777,1962,-95484.35,114,1188,56219,-14.945998191833496,0.0001
5644.08349609375,161.07,226792,26372776.0,6.294345855712891,1977,-95686.5,114,1192,56672,-16.144758224487305,0.0001
6192.662109375,158.24,227220,33813316.0,6.3150315284729,1981,-95777.7,114,1196,56779,-15.421939849853516,0.0001
6876.5234375,162.99,228416,31435248.0,6.372819900512695,1991,-96040.0,114,1200,57078,-15.778425216674805,0.0001
5302.9326171875,166.57,229492,33682064.0,6.42530632019043,2001,-94811.70833333001,114,1204,57347,-15.756221771240234,0.0001
6093.1767578125,172.04,230404,3491691.5,6.470916748046875,2009,-94766.10833333,114,1208,57575,-15.408358573913574,0.0001
6027.41015625,172.55,230900,33559444.0,6.495309829711914,2013,-94771.20833333001,114,1212,57699,-15.560430526733398,0.0001
6203.6708984375,177.72,231924,90467168.0,6.548652648925781,2023,-94721.60833333,114,1216,57955,-15.497230529785156,0.0001
6839.4189453125,183.59,233056,14850659.0,6.607202053070068,2032,-94882.10833333,114,1220,58238,-16.229869842529297,0.0001
4996.1337890625,188.25,234112,47270696.0,6.6627726554870605,2041,-94829.34166666001,114,1224,58502,-16.21493911743164,0.0001
5484.349609375,182.27,234584,39039344.0,6.6876654624938965,2045,-96222.15833333001,114,1228,58620,-15.59710693359375,0.0001
6171.0048828125,180.11,235048,9082266.0,6.712828636169434,2049,-96481.10833333,114,1232,58736,-16.28579330444336,0.0001
5491.20166015625,174.22,235860,16272298.0,6.757735252380371,2056,-97514.90833333001,114,1236,58939,-16.716995239257812,0.0001
6271.32763671875,178.37,236532,73758536.0,6.794687271118164,2062,-97554.00833333,114,1240,59107,-16.235855102539062,0.0001
5893.88330078125,184.37,237120,3985974.0,6.826503276824951,2067,-97410.075,114,1244,59254,-16.564449310302734,0.0001
5942.5634765625,194.99,240160,138404064.0,6.993535041809082,2094,-97191.9,114,1248,60014,-15.826831817626953,0.0001
6141.40283203125,209.07,241120,4705516.5,7.0479865074157715,2102,-96007.16666666999,114,1252,60254,-17.122482299804688,0.0001
6072.849609375,215.54,242040,48773620.0,7.101369857788086,2110,-95966.26666667,114,1256,60484,-16.321880340576172,0.0001
5675.892578125,217.6,242596,70302488.0,7.132849216461182,2115,-95785.21666666999,114,1260,60623,-16.766109466552734,0.0001
6182.2998046875,219.34,243436,30570672.0,7.180731296539307,2123,-95907.66666666999,114,1264,60833,-16.43181800842285,0.0001
5689.8359375,226.54,244448,6159186.0,7.239273548126221,2132,-95979.66666666999,114,1268,61086,-17.56008529663086,0.0001
5396.3173828125,228.16,244948,25312524.0,7.268975257873535,2136,-95891.69166667,114,1272,61211,-17.122600555419922,0.0001
5910.26904296875,227.09,245684,5701812.0,7.312267303466797,2142,-95984.14166667,114,1276,61395,-17.04910659790039,0.0001
6548.4619140625,223.71,245988,80497632.0,7.330578804016113,2145,-95753.16666666999,114,1280,61471,-16.20830535888672,0.0001
6651.57958984375,219.03,246376,18301972.0,7.35274076461792,2149,-95712.86666667,114,1284,61568,-16.44152069091797,0.0001
6485.0634765625,222.53,246760,3634859.0,7.37504768371582,2152,-95636.51666667,114,1288,61664,-16.763940811157227,0.0001
6148.4287109375,210.27,246948,6878430.0,7.386298179626465,2154,-95414.51666667,114,1292,61711,-16.277362823486328,0.0001
6202.7919921875,206.19,247128,9851204.0,7.397019386291504,2155,-95273.41666666999,114,1296,61756,-17.143205642700195,0.0001
6265.99365234375,196.11,247300,15215716.0,7.407208442687988,2157,-94771.46666666999,114,1300,61799,-16.900020599365234,0.0001
6635.7236328125,183.32,247460,39149952.0,7.416757583618164,2158,-95904.90833333999,114,1304,61839,-16.716001510620117,0.0001
6319.22412109375,175.59,247988,4057110.5,7.449241638183594,2163,-95527.05833333998,114,1308,61971,-16.980398178100586,0.0001
6167.1875,173.7,248264,30646432.0,7.466561794281006,2165,-95201.80833333998,114,1312,62040,-17.463132858276367,0.0001
5955.09912109375,166.42,248564,15087516.0,7.485503673553467,2168,-94829.30833333998,114,1316,62115,-17.692211151123047,0.0001
5891.32421875,163.12,249400,54416172.0,7.538877010345459,2175,-94896.45833334,114,1320,62324,-17.726463317871094,0.0001
6294.9267578125,163.44,249704,17508740.0,7.557812690734863,2178,-95104.87500000998,114,1324,62400,-17.543407440185547,0.0001
6735.5498046875,160.34,250188,20006396.0,7.588800430297852,2182,-95183.37500000998,114,1328,62521,-17.75311279296875,0.0001
6347.3544921875,153.07,251012,84077832.0,7.639018535614014,2189,-95379.90833333999,114,1332,62727,-16.637744903564453,0.0001
6229.1904296875,158.22,252348,28033680.0,7.718565464019775,2201,-95539.80833333998,114,1336,63061,-15.261110305786133,0.0001
6627.0859375,170.25,253492,32634064.0,7.783422946929932,2211,-94492.59166666999,114,1340,63347,-15.388044357299805,0.0001
5787.85791015625,169.71,254648,20851752.0,7.849646091461182,2221,-94794.675,114,1344,63636,-15.830673217773438,0.0001
5846.0927734375,167.08,255444,32578736.0,7.897392272949219,2228,-95092.75,114,1348,63835,-15.30466365814209,0.0001
6095.76953125,146.01,256024,15053132.0,7.932310581207275,2233,-96334.63333333,114,1352,63980,-16.050107955932617,0.0001
6685.9814453125,144.05,256888,15905376.0,7.985458850860596,2241,-96621.23333333,114,1356,64196,-15.097379684448242,0.0001
5637.89794921875,149.41,258496,21096852.0,8.083025932312012,2255,-96775.33333333001,114,1360,64598,-15.808979988098145,0.0001
6448.2197265625,160.37,259836,53217512.0,8.16597843170166,2267,-95985.03333333001,114,1364,64933,-15.414373397827148,0.0001
6271.9658203125,159.25,260472,24024984.0,8.206432342529297,2272,-95759.44219697,114,1368,65092,-15.127723693847656,0.0001
6184.5888671875,160.86,261016,5647101.0,8.241358757019043,2277,-95984.89219697,114,1372,65228,-15.091644287109375,0.0001
6121.4189453125,165.3,262084,25373460.0,8.3114652633667,2287,-96129.29219697001,114,1376,65495,-16.746137619018555,0.0001
6718.1181640625,167.06,262392,24331124.0,8.332475662231445,2289,-96341.66719697001,114,1380,65572,-16.372970581054688,0.0001
6922.88916015625,168.37,263080,4729153.0,8.378608703613281,2295,-96555.61719697001,114,1384,65744,-15.878706932067871,0.0001
6552.0419921875,168.42,264264,23593246.0,8.459373474121094,2306,-96767.66719697001,114,1388,66040,-16.904430389404297,0.0001
6479.2802734375,179.87,265444,15851062.0,8.539257049560547,2316,-96630.90410173,114,1392,66335,-16.342144012451172,0.0001
7385.3896484375,190.69,266760,10777639.0,8.630912780761719,2327,-96519.63743506001,114,1396,66664,-16.13693618774414,0.0001
5548.5458984375,203.46,267700,32652458.0,8.697978973388672,2336,-96845.33743505999,114,1400,66899,-17.386476516723633,0.0001
6687.013671875,208.12,268624,3727845.25,8.765963554382324,2344,-96995.83743505999,114,1404,67130,-16.329593658447266,0.0001
7172.3115234375,214.62,269336,51084756.0,8.817764282226562,2350,-97361.33743505999,114,1408,67308,-16.827655792236328,0.0001
7455.49072265625,219.14,270560,8276436.0,8.907657623291016,2361,-97507.63743506,114,1412,67614,-17.731826782226562,0.0001
6145.7119140625,222.15,271460,5792084.0,8.975621223449707,2369,-97938.73743506,114,1416,67839,-17.474328994750977,0.0001
7316.06396484375,235.39,273176,41656136.0,9.106195449829102,2383,-96515.13743506,114,1420,68268,-17.927072525024414,0.0001
6484.51318359375,243.71,274408,5308238.0,9.201875686645508,2394,-95497.43743506,114,1424,68576,-18.045167922973633,0.0001
7189.8798828125,251.78,276016,3855517.75,9.325153350830078,2408,-95467.98743506,114,1428,68978,-18.12347984313965,0.0001
7477.490234375,254.5,276700,23914668.0,9.377037048339844,2414,-95495.18743506,114,1432,69149,-17.042964935302734,0.0001
6028.32666015625,260.62,277504,29610748.0,9.43799114227295,2421,-95537.88743506,114,1436,69350,-17.09708023071289,0.0001
6735.982421875,249.95,279196,25965864.0,9.5663423538208,2436,-96500.50410173001,114,1440,69773,-16.68923568725586,0.0001
6823.8701171875,258.15,280128,24415414.0,9.636725425720215,2445,-96382.50410173001,114,1444,70006,-16.98548126220703,0.0001
6749.7568359375,259.6,281904,12570518.0,9.772126197814941,2461,-96397.00410173001,114,1448,70450,-16.412933349609375,0.0001
5328.64453125,282.71,284584,44346384.0,9.984943389892578,2484,-95174.48386363001,114,1452,71120,-17.374391555786133,0.0001
6198.375,286.07,285784,12722422.0,10.080745697021484,2494,-95108.08386363,114,1456,71420,-16.52505111694336,0.0001
6514.802734375,293.82,287180,2807187.5,10.19066333770752,2507,-94182.93386363,114,1460,71769,-15.887635231018066,0.0001
6971.98046875,285.3,288196,35129276.0,10.271753311157227,2516,-94997.48386363,114,1464,72023,-15.489297866821289,0.0001
7644.13916015625,285.11,289000,5612713.0,10.335749626159668,2523,-95209.97499999,114,1468,72224,-16.620296478271484,0.0001
7135.89990234375,287.38,290304,32854660.0,10.43850326538086,2534,-95232.67499998999,114,1472,72550,-15.250938415527344,0.0001
6446.490234375,290.76,291636,8192594.0,10.540870666503906,2546,-95064.82499999,114,1476,72883,-14.347352981567383,0.0001
5603.60546875,298.92,294408,2305035.5,10.75990104675293,2570,-95037.89999999,114,1480,73576,-15.97648811340332,0.0001
7164.9599609375,327.24,295640,8878758.0,10.863944053649902,2581,-92178.29999998999,114,1484,73884,-16.245689392089844,0.0001
5666.7841796875,326.27,296196,2931676.5,10.913115501403809,2586,-91964.76666666,114,1488,74023,-16.208465576171875,0.0001
5912.45703125,317.43,297208,1527035.75,11.003030776977539,2595,-92228.47976189999,114,1492,74276,-16.74200439453125,0.0001
7102.388671875,308.96,297708,15714470.0,11.047906875610352,2599,-92463.54642857,114,1496,74401,-16.016197204589844,0.0001
7715.166015625,296.07,298248,8348271.5,11.09633731842041,2604,-92537.79642857,114,1500,74536,-17.136661529541016,0.0001
6051.5419921875,297.23,298488,30807988.0,11.118435859680176,2606,-92444.39642857,114,1504,74596,-16.77315330505371,0.0001
7069.07275390625,291.01,298824,23382920.0,11.149847030639648,2609,-92482.54642857,114,1508,74680,-15.942414283752441,0.0001
8427.244140625,285.33,299112,32660508.0,11.177094459533691,2612,-92630.99642857,114,1512,74752,-17.787330627441406,0.0001
6817.64453125,282.59,299492,38908764.0,11.213394165039062,2615,-92603.59642857,114,1516,74847,-18.43771743774414,0.0001
7551.92626953125,267.19,299748,6395316.0,11.239826202392578,2617,-94005.59642857,114,1520,74911,-18.165517807006836,0.0001
6946.181640625,260.75,300100,2987769.5,11.275062561035156,2620,-94906.39642857,114,1524,74999,-18.51723289489746,0.0001
7595.3828125,253.4,300564,3125563.5,11.323342323303223,2624,-94739.21309524,114,1528,75115,-17.95069694519043,0.0001
7685.59130859375,249.65,300820,30593366.0,11.34896183013916,2627,-94701.71309524,114,1532,75179,-19.18228530883789,0.0001
6224.2705078125,235.75,301312,7652920.0,11.398439407348633,2631,-94580.21309524,114,1536,75302,-17.188404083251953,0.0001
7374.0703125,237.58,304240,21003756.0,11.669853210449219,2656,-94699.66309524,114,1540,76034,-16.460220336914062,0.0001
6967.04150390625,240.91,304828,36945000.0,11.72530746459961,2661,-93833.06309524,114,1544,76181,-17.133411407470703,0.0001
8157.3974609375,232.58,305488,30824736.0,11.786800384521484,2667,-93546.01309523999,114,1548,76346,-16.168346405029297,0.0001
7533.119140625,220.2,305728,39966188.0,11.80915641784668,2669,-93499.31666667,114,1552,76406,-17.176219940185547,0.0001
7700.15234375,211.92,306080,36007344.0,11.841880798339844,2672,-93516.51666667,114,1556,76494,-16.996915817260742,0.0001
7922.94677734375,197.71,306932,5412480.5,11.923304557800293,2680,-94276.16666666999,114,1560,76707,-15.894975662231445,0.0001
7316.7841796875,204.5,309176,19700668.0,12.128707885742188,2699,-94444.21666666999,114,1564,77268,-15.836997985839844,0.0001
7410.544921875,213.25,310948,31845154.0,12.29604434967041,2715,-93387.55,114,1568,77711,-16.599946975708008,0.0001
6304.236328125,225.53,313000,50325148.0,12.489008903503418,2733,-93410.35,114,1572,78224,-16.208667755126953,0.0001
6501.72802734375,230.23,314688,4745678.0,12.65396785736084,2748,-93336.7,114,1576,78646,-15.437721252441406,0.0001
7415.62109375,233.67,316824,10004146.0,12.872835159301758,2767,-92685.95,114,1580,79180,-16.50360679626465,0.0001
7061.98046875,215.8,317408,4966466.5,12.932924270629883,2772,-95650.05,114,1584,79326,-15.962844848632812,0.0001
6717.9287109375,217.65,319384,8130410.0,13.14282512664795,2789,-95758.53333333001,114,1588,79820,-15.901880264282227,0.0001
7230.0908203125,230.01,319704,3999371.5,13.176412582397461,2792,-95759.33333333001,114,1592,79900,-16.343652725219727,0.0001
7134.45849609375,252.36,323080,5586086.0,13.536792755126953,2822,-95982.83333333001,114,1596,80744,-17.138946533203125,0.0001
6826.8115234375,263.8,324140,3862265.5,13.655409812927246,2831,-96097.23333333,114,1600,81009,-16.782289505004883,0.0001
6931.6259765625,264.2,325308,13165173.0,13.787703514099121,2842,-96206.23333333,114,1604,81301,-17.070531845092773,0.0001
7275.6630859375,276.94,327076,4466565.0,13.992230415344238,2857,-95333.73333333,114,1608,81743,-17.262887954711914,0.0001
7541.5146484375,296.98,329236,7905209.0,14.242816925048828,2876,-93323.38333333,114,1612,82283,-17.412525177001953,0.0001
6991.7109375,296.46,329732,5345214.5,14.300504684448242,2881,-93318.18333333,114,1616,82407,-16.6492919921875,0.0001
6821.6748046875,292.87,330172,3730189.0,14.354089736938477,2885,-93282.28333333001,114,1620,82517,-17.20159912109375,0.0001
8459.869140625,282.95,330636,4013386.75,14.41146469116211,2889,-93318.78333333001,114,1624,82633,-18.94595718383789,0.0001
7662.17578125,280.09,331048,10152566.0,14.46189022064209,2892,-93494.01666666001,114,1628,82736,-18.421043395996094,0.0001
6943.2578125,297.31,331176,5011212.0,14.478422164916992,2894,-91666.41666666,114,1632,82768,-18.04296875,0.0001
6878.533203125,297.08,331560,20649120.0,14.527432441711426,2897,-91765.11666666,114,1636,82864,-18.492321014404297,0.0001
7684.90087890625,290.1,332076,5028440.0,14.592523574829102,2902,-91795.31666666002,114,1640,82993,-18.202346801757812,0.0001
7522.43359375,274.02,332440,40146216.0,14.638168334960938,2905,-92734.41666666,114,1644,83084,-18.966632843017578,0.0001
7722.26220703125,281.44,332668,20092992.0,14.667436599731445,2907,-92012.46666666001,114,1648,83141,-18.259925842285156,0.0001
6434.1044921875,270.73,333196,5816600.0,14.73673152923584,2912,-93281.88333333,114,1652,83273,-20.345539093017578,0.0001
7634.11328125,272.39,333564,9594446.0,14.787765502929688,2915,-93298.48333333,114,1656,83365,-19.453590393066406,0.0001
7254.8671875,271.6,334140,7121833.0,14.866767883300781,2920,-93290.35833333,114,1660,83509,-19.4512939453125,0.0001
7891.69775390625,262.32,334592,9664982.0,14.926737785339355,2924,-93095.95833333001,114,1664,83622,-18.996753692626953,0.0001
7832.6640625,246.27,334852,13438398.0,14.961875915527344,2926,-94078.6625,114,1668,83687,-18.74127960205078,0.0001
6362.64404296875,224.82,335104,4766269.5,14.995373725891113,2928,-93964.1625,114,1672,83750,-19.700580596923828,0.0001
7365.533203125,212.75,335584,5424077.0,15.059320449829102,2933,-93935.1125,114,1676,83870,-19.338884353637695,0.0001
6892.06005859375,202.24,336484,17082316.0,15.175289154052734,2941,-94829.9125,114,1680,84095,-17.966373443603516,0.0001
7354.2822265625,193.3,336696,15076860.0,15.202658653259277,2942,-94740.5125,114,1684,84148,-18.945192337036133,0.0001
6917.7890625,185.28,336880,66520924.0,15.225417137145996,2944,-94774.1625,114,1688,84194,-18.353612899780273,0.0001
6003.140625,169.93,337244,11093073.0,15.271257400512695,2947,-94843.4625,114,1692,84285,-17.58565902709961,0.0001
6989.22216796875,155.13,338368,28569280.0,15.414542198181152,2957,-94695.4625,114,1696,84566,-18.465778350830078,0.0001
6255.013671875,143.98,339024,3121530.0,15.497054100036621,2963,-94583.9625,114,1700,84730,-18.05218505859375,0.0001
7983.84033203125,149.77,340556,16019707.0,15.682300567626953,2976,-94428.8125,114,1704,85113,-16.220504760742188,0.0001
7305.74609375,148.88,341896,15969696.0,15.838459968566895,2988,-94419.9125,114,1708,85448,-16.155046463012695,0.0001
7412.21044921875,148.06,343472,4182996.0,16.01746940612793,3001,-96024.39027778,114,1712,85842,-16.382587432861328,0.0001
6506.89453125,155.03,344016,30233302.0,16.08139419555664,3006,-95788.61944444999,114,1716,85978,-15.221696853637695,0.0001
6962.36865234375,159.05,344948,5308021.0,16.190223693847656,3014,-95723.11944444999,114,1720,86211,-15.51567268371582,0.0001
7034.0849609375,162.73,345412,16002879.0,16.24787139892578,3018,-95557.96944444999,114,1724,86327,-15.778350830078125,0.0001
8363.3447265625,172.34,346216,4357405.5,16.34801483154297,3025,-95654.06944445,114,1728,86528,-15.735041618347168,0.0001
6885.00830078125,163.12,347428,4281504.0,16.495361328125,3036,-97337.01111111998,114,1732,86831,-15.591702461242676,0.0001
6597.41796875,167.7,348188,3667069.25,16.590307235717773,3042,-97382.81111111998,114,1736,87021,-15.102453231811523,0.0001
7548.056640625,186.3,350584,4026087.5,16.89403533935547,3063,-96184.78611111999,114,1740,87620,-14.434219360351562,0.0001
6753.97021484375,195.25,351488,4721040.5,17.009389877319336,3071,-95172.83611111999,114,1744,87846,-15.990262031555176,0.0001
6967.8154296875,195.75,353096,12233778.0,17.22224998474121,3085,-95876.59861111999,114,1748,88248,-15.865450859069824,0.0001
7350.779296875,200.5,353740,20859872.0,17.31263542175293,3091,-95710.52361111999,114,1752,88409,-16.994935989379883,0.0001
7035.302734375,209.55,354928,7233518.5,17.4849796295166,3101,-94801.12361111998,114,1756,88706,-17.3164119720459,0.0001
7041.93359375,221.64,357644,9658479.0,17.875690460205078,3125,-95024.29861111999,114,1760,89385,-16.222625732421875,0.0001
8078.4189453125,238.05,358444,32284786.0,17.990747451782227,3132,-92888.12111111998,114,1764,89585,-16.4384822845459,0.0001
7146.1767578125,247.21,360300,2571147.5,18.261428833007812,3147,-90354.18967172998,114,1768,90049,-15.855101585388184,0.0001
6569.18359375,257.23,361220,5132040.0,18.388633728027344,3155,-90102.10395743999,114,1772,90279,-15.90562629699707,0.0001
8367.388671875,260.95,362180,3593322.0,18.526653289794922,3164,-90167.92895744,114,1776,90519,-16.082843780517578,0.0001
7874.435546875,263.55,364132,11561461.0,18.820232391357422,3180,-90067.17895744,114,1780,91007,-15.839924812316895,0.0001
7296.6171875,278.77,364724,6734177.5,18.909021377563477,3186,-89018.72895743999,114,1784,91155,-16.982433319091797,0.0001
7281.6044921875,288.19,366628,5730428.0,19.207843780517578,3202,-89112.92895744,114,1788,91631,-15.982690811157227,0.0001
8178.5048828125,302.47,368440,3048069.5,19.485437393188477,3218,-89051.52895744,114,1792,92084,-14.561249732971191,0.0001
7967.150390625,313.47,370208,12187246.0,19.755088806152344,3233,-86994.44145744,114,1796,92526,-15.93501091003418,0.0001
6654.2392578125,336.81,372784,6417884.0,20.14850616455078,3255,-84876.84145744,114,1800,93170,-15.056662559509277,0.0001
8131.89990234375,323.83,373496,6564754.0,20.255207061767578,3262,-84960.09145744,114,1804,93348,-15.134407043457031,0.0001
8176.3056640625,321.78,374208,22420940.0,20.364442825317383,3268,-84939.59145744,114,1808,93526,-15.059181213378906,0.0001
7838.19091796875,310.14,374452,3411627.75,20.401653289794922,3270,-85295.01367966,114,1812,93587,-15.214149475097656,0.0001
8341.9765625,307.04,375580,5357284.5,20.567935943603516,3279,-85365.48451299,114,1816,93869,-13.357924461364746,0.0001
7673.017578125,337.55,379200,35123840.0,21.089427947998047,3310,-82175.62277057,114,1820,94774,-13.791220664978027,0.0001
8531.296875,347.22,380140,37725504.0,21.240234375,3318,-82206.89777057,114,1824,95009,-13.896324157714844,0.0001
8188.43701171875,345.15,381604,17844270.0,21.46898651123047,3331,-82083.27277057,114,1828,95375,-14.032339096069336,0.0001
9026.876953125,348.19,382528,4287384.0,21.60965347290039,3340,-81228.5811039,114,1832,95606,-12.539153099060059,0.0001
7885.37255859375,344.54,383032,4221191.5,21.683635711669922,3344,-81087.5311039,114,1836,95732,-12.071624755859375,0.0001
8987.4296875,335.15,383712,31494504.0,21.781166076660156,3350,-81176.3061039,114,1840,95902,-12.017926216125488,0.0001
7409.95703125,332.96,384568,19510148.0,21.904687881469727,3357,-81947.2561039,114,1844,96116,-12.632316589355469,0.0001
7771.91650390625,360.87,388568,31317556.0,22.543210983276367,3390,-77573.2736039,114,1848,97116,-12.826665878295898,0.0001
8412.2255859375,365.38,389984,4602570.5,22.793258666992188,3402,-77399.02288961,114,1852,97470,-14.247443199157715,0.0001
8846.412109375,358.86,391352,2130089.0,23.044208526611328,3413,-77925.92288961,114,1856,97812,-13.179157257080078,0.0001
8125.2783203125,356.88,392812,18107448.0,23.303058624267578,3426,-76906.22288961,114,1860,98177,-13.597318649291992,0.0001
6369.93701171875,346.26,393064,38000624.0,23.3502254486084,3428,-77742.24372294,114,1864,98240,-15.286158561706543,0.0001
6860.87841796875,359.99,396756,17196172.0,24.09307289123535,3461,-80368.43766233,114,1868,99163,-14.323854446411133,0.0001
7346.6279296875,362.6,397560,6065592.0,24.24437141418457,3468,-79338.29873376,114,1872,99364,-13.57333755493164,0.0001
10006.287109375,355.69,398260,4171272.0,24.36992073059082,3474,-79268.14040043,114,1876,99539,-11.811607360839844,0.0001
7820.7490234375,371.31,400652,16900416.0,24.83455467224121,3495,-78174.92512265,114,1880,100137,-14.317017555236816,0.0001
6222.11328125,353.86,401644,4742890.0,25.03742027282715,3504,-79100.57512265,114,1884,100385,-13.456546783447266,0.0001
7382.34619140625,354.54,402260,33038308.0,25.16099739074707,3510,-78107.47512265001,114,1888,100539,-14.067093849182129,0.0001
7611.5380859375,350.13,402580,3020601.75,25.227306365966797,3513,-77267.67512265,114,1892,100619,-14.728521347045898,0.0001
7157.11181640625,328.87,402808,2334775.0,25.27403450012207,3515,-79222.16262265001,114,1896,100676,-14.044659614562988,0.0001
8222.421875,305.16,403080,23687864.0,25.33094596862793,3517,-81336.06262265,114,1900,100744,-14.451545715332031,0.0001
6284.31591796875,314.52,403748,2857646.5,25.464914321899414,3524,-80429.76262265,114,1904,100911,-13.271540641784668,0.0001
7678.0390625,306.15,404200,3063429.5,25.55896759033203,3528,-81238.38762265,114,1908,101024,-12.869414329528809,0.0001
7409.6298828125,304.98,405708,12398494.0,25.859392166137695,3542,-80949.78762265001,114,1912,101401,-13.171004295349121,0.0001
7448.53515625,310.41,406412,3631650.75,25.997209548950195,3548,-80992.25012265,114,1916,101577,-13.276597023010254,0.0001
7071.7197265625,292.54,407980,3821528.75,26.33302116394043,3563,-83131.29936507,114,1920,101969,-15.002104759216309,0.0001
6439.45068359375,302.5,410412,14656478.0,26.878437042236328,3585,-81318.23686507,114,1924,102577,-12.28129768371582,0.0001
6413.0380859375,295.61,410764,15634542.0,26.946413040161133,3589,-81352.26186507,114,1928,102665,-12.175241470336914,0.0001
6917.21826171875,285.75,410944,6588601.0,26.980562210083008,3590,-82363.41186507,114,1932,102710,-12.01347541809082,0.0001
7062.30078125,284.06,411144,3655145.0,27.018497467041016,3592,-82250.81186506999,114,1936,102760,-12.48028564453125,0.0001
7250.68701171875,274.21,411500,3361608.5,27.085308074951172,3595,-83253.36186507,114,1940,102849,-12.670352935791016,0.0001
7930.5009765625,276.66,412496,11491644.0,27.285533905029297,3605,-83364.28686507,114,1944,103098,-13.364740371704102,0.0001
6813.34716796875,247.33,413804,6906087.0,27.548208236694336,3617,-87676.1401984,114,1948,103425,-11.124176025390625,0.0001
8007.49267578125,247.29,415656,8240166.0,27.92279052734375,3634,-88007.99091269,114,1952,103888,-11.939046859741211,0.0001
8169.85693359375,254.83,416488,5535350.0,28.099037170410156,3642,-87252.91591268999,114,1956,104096,-12.943289756774902,0.0001
7517.3056640625,270.85,420180,19901288.0,28.96269989013672,3676,-87408.39091269,114,1960,105019,-13.809510231018066,0.0001
5909.08056640625,282.86,423124,3865113.75,29.698318481445312,3704,-87867.33507936001,114,1964,105755,-14.404780387878418,0.0001
5878.61572265625,284.89,424180,7421591.0,29.956375122070312,3713,-86007.93507936,114,1968,106019,-13.521501541137695,0.0001
7246.43359375,283.78,425584,3323826.25,30.29468536376953,3727,-87405.35972222,114,1972,106370,-12.81918716430664,0.0001
7900.0546875,288.97,426348,3831928.0,30.47140121459961,3734,-87660.34305555001,114,1976,106561,-13.371320724487305,0.0001
6771.00341796875,289.09,429320,4690287.0,31.214841842651367,3761,-88585.20833333001,114,1980,107304,-14.285778045654297,0.0001
6517.34814453125,306.66,430700,18413628.0,31.53730583190918,3774,-87861.50833333,114,1984,107649,-11.647439002990723,0.0001
6800.7626953125,298.96,431592,3684655.25,31.751314163208008,3783,-88684.40833333001,114,1988,107872,-12.704169273376465,0.0001
9459.83203125,305.22,434132,7181913.0,32.325042724609375,3806,-88647.00833333,114,1992,108507,-10.6141996383667,0.0001
6087.30419921875,326.19,434784,3489928.5,32.4688606262207,3812,-86598.89833333,114,1996,108670,-10.346257209777832,0.0001
5973.568359375,329.88,435436,3615016.0,32.60883331298828,3818,-86635.79833333,114,2000,108833,-10.927571296691895,0.0001
5039.5478515625,325.42,436152,3973077.5,32.77150344848633,3825,-87591.09833333001,114,2004,109012,-10.164754867553711,0.0001
7219.3232421875,327.4,436700,21092824.0,32.892295837402344,3830,-87606.42333333,114,2008,109149,-11.386022567749023,0.0001
7606.0068359375,324.69,437452,6217325.0,33.069026947021484,3837,-87882.47333333001,113,2012,109337,-10.469644546508789,0.0001
8803.0146484375,324.12,437944,5531729.0,33.18281173706055,3842,-87990.76083333,113,2016,109460,-12.022485733032227,0.0001
6064.24560546875,317.11,440440,3945868.0,33.76795196533203,3865,-89102.52333333,113,2020,110084,-9.66220760345459,0.0001
8539.3701171875,328.88,442936,3604893.75,34.395565032958984,3888,-88400.56083333,113,2024,110708,-11.656883239746094,0.0001
5247.310546875,330.78,444368,3191879.75,34.79069137573242,3902,-88419.56083333,113,2028,111066,-13.02291202545166,0.0001
8193.0966796875,357.75,446968,4492613.5,35.508583068847656,3926,-85582.82333333,113,2032,111716,-10.170312881469727,0.0001
8272.4658203125,381.88,449736,9505728.0,36.237483978271484,3952,-84613.62888889,113,2036,112408,-10.433576583862305,0.0001
6880.79296875,395.27,451420,11387619.0,36.72047424316406,3968,-84747.32888889,113,2040,112829,-11.411324501037598,0.0001
7768.8515625,393.61,451856,3989594.25,36.84564208984375,3972,-83953.00388889,113,2044,112938,-10.745260238647461,0.0001
7770.4853515625,384.45,452152,5778695.0,36.93263244628906,3975,-84210.47055556,113,2048,113012,-10.332557678222656,0.0001
8273.3515625,376.51,453544,3638924.25,37.3126106262207,3988,-84231.74555555999,113,2052,113360,-10.019208908081055,0.0001
7584.5966796875,378.56,454248,3599254.0,37.50655746459961,3994,-84390.62055555999,113,2056,113536,-11.297118186950684,0.0001
7592.7626953125,353.36,455068,3230696.75,37.74028396606445,4002,-84841.64555556,113,2060,113741,-10.872842788696289,0.0001
9125.9775390625,340.59,455324,13531044.0,37.81553649902344,4004,-84834.85805555999,113,2064,113805,-11.005642890930176,0.0001
7666.712890625,317.32,455512,2818724.0,37.87192916870117,4006,-86505.52472223001,113,2068,113852,-10.384048461914062,0.0001
8277.294921875,306.12,455668,12968667.0,37.91699981689453,4008,-86393.52472223001,113,2072,113891,-9.655599594116211,0.0001
7696.1787109375,299.99,455860,9810116.0,37.97149658203125,4009,-86332.22472223,113,2076,113939,-11.202649116516113,0.0001
6512.62548828125,277.36,456024,11630110.0,38.01957321166992,4011,-86558.42472223,113,2080,113980,-11.3142671585083,0.0001
8094.9521484375,258.88,456304,3639336.5,38.10184097290039,4014,-87373.52472223001,113,2084,114050,-11.519593238830566,0.0001
7106.9140625,261.7,458024,5103071.0,38.630393981933594,4030,-87397.17472223,113,2088,114480,-10.47714614868164,0.0001
6612.6357421875,253.87,459524,3129752.0,39.03206253051758,4044,-88418.77472223001,113,2092,114855,-9.15140151977539,0.0001
6912.8876953125,255.09,460924,15255386.0,39.38237380981445,4057,-90688.78472223,113,2096,115205,-8.156757354736328,0.0001
6637.4931640625,258.11,462188,3880262.75,39.66653823852539,4068,-90618.98472223,113,2100,115521,-8.64892292022705,0.0001
8041.44921875,276.67,464048,11108439.0,40.0998420715332,4086,-89704.68472223001,113,2104,115986,-6.617938041687012,0.0001
7509.59814453125,278.69,465384,5861002.0,40.38398742675781,4098,-89836.93472223001,113,2108,116320,-7.137556076049805,0.0001
9472.564453125,276.69,466024,4636421.0,40.52851104736328,4104,-89916.93472223001,113,2112,116480,-7.175050735473633,0.0001
7617.376953125,279.47,466804,7361602.0,40.713680267333984,4111,-89046.68472223001,113,2116,116675,-5.664577484130859,0.0001
7616.15771484375,282.35,467524,3767657.5,40.88096237182617,4118,-87834.98472223,113,2120,116855,-6.73174524307251,0.0001
8238.3310546875,265.42,470512,9614467.0,41.64207077026367,4145,-89403.88472223001,113,2124,117602,-8.49417495727539,0.0001
9081.46875,275.51,471920,3359243.0,42.04584884643555,4158,-88233.25472223,113,2128,117954,-6.257654666900635,0.0001
7386.771484375,256.66,472680,4981166.0,42.23927688598633,4165,-90912.05222223,113,2132,118144,-6.023165225982666,0.0001
8209.3408203125,243.85,473728,3331188.0,42.481109619140625,4175,-90992.89666667,113,2136,118406,-5.934609413146973,0.0001
7482.65087890625,236.21,474392,3472219.75,42.62663650512695,4181,-90814.09666667,113,2140,118572,-5.869516372680664,0.0001
6977.6337890625,227.7,474660,3746843.0,42.685264587402344,4184,-91627.17166667,113,2144,118639,-4.729618072509766,0.0001
7679.763671875,234.62,474900,14423754.0,42.73558044433594,4186,-91596.37166666999,113,2148,118699,-5.271713733673096,0.0001
5800.265625,236.39,476256,15224675.0,43.03927993774414,4199,-91614.07166666999,113,2152,119038,-4.254396438598633,0.0001
7228.7685546875,243.93,479060,51145340.0,43.599456787109375,4224,-91680.12166666999,113,2156,119739,-4.021864891052246,0.0001
7269.36376953125,262.45,482756,2813921.25,44.427738189697266,4259,-91029.44944444999,113,2160,120663,-5.916838645935059,0.0001
9288.162109375,286.21,484804,4808424.5,45.08820724487305,4278,-89115.62444444999,113,2164,121175,-7.036993980407715,0.0001
9561.287109375,298.04,485468,4709450.0,45.332176208496094,4284,-89347.10777778,113,2168,121341,-7.434841156005859,0.0001
7061.138671875,299.85,486548,13218608.0,45.70405960083008,4294,-89365.20777778,113,2172,121611,-6.331943511962891,0.0001
7151.84521484375,315.06,489296,8116046.5,46.7802734375,4320,-88375.55777777999,113,2176,122298,-6.726309299468994,0.0001
6785.302734375,348.28,492808,3257643.0,48.02785110473633,4352,-86605.05777777999,113,2180,123176,-4.441181659698486,0.0001
6689.392578125,368.85,493812,5066205.0,48.36708450317383,4362,-85378.73277778,113,2184,123427,-5.672183036804199,0.0001
7861.2197265625,373.11,495308,4746031.0,48.94011306762695,4375,-85525.88277778,113,2188,123801,-7.700527667999268,0.0001
6849.0029296875,370.27,496372,5046697.5,49.38543701171875,4385,-85192.83277778,113,2192,124067,-7.7857279777526855,0.0001
9015.978515625,359.47,497496,9325269.0,49.87565994262695,4396,-83970.15777778,113,2196,124348,-7.353777885437012,0.0001
8061.9482421875,366.91,498360,37865304.0,50.24485778808594,4404,-83941.25777778,113,2200,124564,-6.421530723571777,0.0001
6423.9599609375,352.15,498892,4176216.75,50.47005844116211,4409,-84786.80777777999,113,2204,124697,-6.296370029449463,0.0001
8998.595703125,347.72,499188,4368374.0,50.605369567871094,4411,-84642.50777778,113,2208,124771,-8.354753494262695,0.0001
6399.556640625,356.63,500396,13230488.0,51.154842376708984,4423,-84428.54944445,113,2212,125073,-6.415602684020996,0.0001
7253.36328125,345.01,500592,5656151.0,51.25146484375,4424,-85312.24944444999,113,2216,125122,-9.142242431640625,0.0001
8244.140625,332.48,500732,8912370.0,51.3173713684082,4426,-86528.49944444999,113,2220,125157,-6.948514938354492,0.0001
8588.474609375,314.33,500844,11896416.0,51.377933502197266,4427,-87608.49944444999,113,2224,125185,-7.726634502410889,0.0001
7495.771484375,301.88,501056,6999982.5,51.487327575683594,4429,-88755.52944444999,113,2228,125238,-8.673032760620117,0.0001
8805.3408203125,292.33,501568,4347417.0,51.75614547729492,4433,-88899.16944444999,113,2232,125366,-8.650481224060059,0.0001
9707.5419921875,288.77,502288,8840531.0,52.119041442871094,4440,-90065.36944444999,113,2236,125546,-8.962974548339844,0.0001
10103.4814453125,288.01,502868,7729238.0,52.378780364990234,4446,-90260.66944444999,113,2240,125691,-6.742646217346191,0.0001
7381.130859375,287.4,503432,6415950.0,52.57368469238281,4451,-90154.94444445,113,2244,125832,-5.125436782836914,0.0001
9688.9287109375,284.24,503812,14827236.0,52.69738006591797,4454,-89911.84444444999,113,2248,125927,-5.242791652679443,0.0001
8877.5703125,279.85,503956,9382031.0,52.741737365722656,4456,-89867.94444445,113,2252,125963,-4.599499702453613,0.0001
9013.32421875,259.14,504732,8502276.0,53.00238800048828,4463,-90770.09444444999,113,2256,126157,-5.575701713562012,0.0001
9994.0185546875,249.0,505168,13390134.0,53.159122467041016,4467,-91801.86666667,113,2260,126266,-6.246495246887207,0.0001
9413.2265625,217.88,505840,7740408.0,53.4052734375,4473,-94641.99166667,113,2264,126434,-5.296963691711426,0.0001
7401.958984375,204.92,506580,11504945.0,53.694854736328125,4480,-94512.89166667,113,2268,126619,-7.893008232116699,0.0001
7306.478515625,213.51,508068,8879874.0,54.263404846191406,4494,-94498.79166666999,113,2272,126991,-6.5899248123168945,0.0001
7883.859375,220.4,510164,24874012.0,55.072696685791016,4513,-94245.48666667,113,2276,127515,-6.011573791503906,0.0001
6443.6005859375,191.42,510536,7132300.5,55.22627258300781,4516,-95755.53666667,113,2280,127608,-7.796677589416504,0.0001
9392.19140625,180.59,511808,38541008.0,55.765071868896484,4528,-97079.26166666999,113,2284,127926,-5.521306037902832,0.0001
6919.1484375,178.5,513048,5954232.0,56.21710205078125,4540,-96954.83666666999,113,2288,128236,-5.62384033203125,0.0001
7871.38134765625,194.77,515020,15982518.0,56.841758728027344,4558,-96175.03666667,112,2292,128729,-5.4727277755737305,0.0001
8465.2646484375,191.47,515748,18508396.0,57.09273147583008,4565,-97056.71166666999,112,2296,128911,-4.284512519836426,0.0001
4789.384765625,180.97,516132,7811380.0,57.228111267089844,4568,-97155.01166666999,112,2300,129007,-4.61721658706665,0.0001
7657.4599609375,171.98,516436,13848906.0,57.33236312866211,4571,-97171.86166667,112,2304,129083,-4.08856201171875,0.0001
7604.11865234375,186.28,518996,6299506.0,58.069122314453125,4595,-96275.43666667,112,2308,129723,-2.909447193145752,0.0001
8983.3984375,182.72,519532,15217296.0,58.20698547363281,4600,-96542.895,112,2312,129857,-1.6856358051300049,0.0001
10559.1748046875,183.25,519848,5765502.0,58.28883743286133,4603,-96548.195,112,2316,129936,-3.673365592956543,0.0001
8332.1611328125,193.47,520128,4360979.0,58.38271713256836,4605,-95417.645,112,2320,130006,-3.1011362075805664,0.0001
8554.173828125,194.39,520424,4705546.0,58.48377990722656,4608,-95426.845,112,2324,130080,-3.5816292762756348,0.0001
6483.2607421875,195.4,520872,8076971.0,58.628971099853516,4612,-95336.945,112,2328,130192,-2.2885046005249023,0.0001
10806.376953125,209.62,522420,17864064.0,59.00495529174805,4626,-94254.925,112,2332,130579,-3.6533327102661133,0.0001
9106.3271484375,203.98,523516,6261920.0,59.400203704833984,4636,-93994.39166667,112,2336,130853,-5.762174129486084,0.0001
9007.732421875,214.1,524960,6447618.0,59.958473205566406,4650,-92691.56666667,112,2340,131214,-3.805469512939453,0.0001
9460.966796875,224.76,527404,12901822.0,60.826236724853516,4672,-92899.14166667,112,2344,131825,-2.5902798175811768,0.0001
9329.44140625,242.15,528368,48636940.0,61.0607795715332,4681,-91150.24166667,112,2348,132066,-2.3379998207092285,0.0001
8217.5849609375,258.52,529736,20730044.0,61.38333511352539,4694,-90190.19166667,112,2352,132408,-0.45439139008522034,0.0001
8749.09765625,265.49,531452,4117041.0,61.772918701171875,4710,-90158.94166667,112,2356,132837,-0.8157562613487244,0.0001
8122.25244140625,263.24,532256,8853796.0,61.94538497924805,4718,-89598.22,112,2360,133038,-0.9574752449989319,0.0001
7934.228515625,265.42,532840,16393692.0,62.07231903076172,4723,-89520.02,112,2364,133184,-2.2457334995269775,0.0001
8530.6044921875,274.96,534440,8073995.5,62.59281921386719,4738,-88715.77,112,2368,133584,-1.8275525569915771,0.0001
10440.4638671875,270.74,536196,4690156.0,62.99304962158203,4754,-88544.32,112,2372,134023,-1.538047432899475,0.0001
8779.2578125,272.8,537100,9230852.0,63.09844970703125,4763,-87721.28333333001,112,2376,134249,-1.5180690288543701,0.0001
9096.5517578125,273.11,537716,15047026.0,63.18121337890625,4768,-87717.08333333001,112,2380,134403,-0.09156939387321472,0.0001
9591.708984375,270.84,539324,4429194.0,63.415557861328125,4783,-87486.58333333001,112,2384,134805,-0.23730424046516418,0.0001
9446.30078125,277.01,540352,39544872.0,63.545684814453125,4792,-86311.13055555001,112,2388,135062,-0.9294353723526001,0.0001
10259.4375,263.66,542188,4184021.5,63.996490478515625,4809,-87324.78055555001,112,2392,135521,-1.4446152448654175,0.0001
9842.11328125,272.54,542676,5263161.0,64.05467987060547,4814,-86239.22555555002,112,2396,135643,-0.07155805826187134,0.0001
9574.869140625,271.75,543056,13793220.0,64.12799835205078,4817,-86231.32555555,112,2400,135738,-2.084207057952881,0.0001
9909.83984375,275.22,544128,30899976.0,64.39004516601562,4827,-86166.02555555,112,2404,136006,-1.745286464691162,0.0001
10436.9814453125,264.34,544656,6167767.0,64.51531219482422,4832,-87196.65055555,112,2408,136138,-1.9916749000549316,0.0001
9375.1484375,269.83,545620,20664296.0,64.84321594238281,4841,-87051.55055555001,112,2412,136379,-0.9921823143959045,0.0001
10683.865234375,272.75,545956,6192638.0,64.94758605957031,4844,-86980.75055555001,112,2416,136463,-1.6440818309783936,0.0001
7576.7822265625,263.67,546228,7630290.0,65.0521011352539,4847,-88122.70055555,112,2420,136531,-1.335365653038025,0.0001
10642.345703125,267.17,547044,15757681.0,65.33271789550781,4854,-88157.70055555,112,2424,136735,-0.6285326480865479,0.0001
9530.73828125,274.8,548072,5969576.0,65.4458999633789,4864,-88234.00055555001,112,2428,136992,0.23793160915374756,0.0001
9048.328125,273.81,549692,6768613.0,65.51277923583984,4879,-89348.32055555,112,2432,137397,-0.1863679587841034,0.0001
9223.572265625,275.26,550584,6613003.0,65.67119598388672,4887,-89357.30388888,112,2436,137620,-3.012888193130493,0.0001
11262.1083984375,261.18,551716,5872328.0,65.95199584960938,4898,-90420.52888888001,112,2440,137903,0.22008675336837769,0.0001
10280.1220703125,262.27,552436,4655166.0,65.92344665527344,4904,-90188.45388888002,112,2444,138083,0.6154069900512695,0.0001
12512.966796875,252.78,553692,6028789.0,65.59101867675781,4916,-90858.47888888001,112,2448,138397,1.5974818468093872,0.0001
10871.6650390625,259.53,556532,6036122.0,64.6491470336914,4942,-89649.82888888002,112,2452,139107,1.2659106254577637,0.0001
10802.013671875,268.74,557644,5423944.5,64.54158782958984,4952,-89510.39555555001,112,2456,139385,-1.0966144800186157,0.0001
9491.533203125,263.79,558628,5074646.5,64.45067596435547,4961,-90003.41722222,112,2460,139631,0.7994205951690674,0.0001
7307.7060546875,262.5,559572,7543442.0,64.28199005126953,4970,-89990.51722222,112,2464,139867,-0.5489276647567749,0.0001
13430.9833984375,267.49,560176,5546943.5,64.32795715332031,4975,-90681.88472222,112,2468,140018,-0.9097540974617004,0.0001
12494.51171875,271.62,562356,5756404.0,64.72847747802734,4996,-90952.43472222,112,2472,140563,0.7538586258888245,0.0001
10205.171875,256.66,563704,5007797.0,64.4388198852539,5008,-93110.42638889,112,2476,140900,1.977691888809204,0.0001
9932.25390625,269.83,564740,5398332.0,64.24932861328125,5018,-92414.95138889,112,2480,141159,0.23963508009910583,0.0001
8799.8125,277.36,566072,4740773.0,63.58029556274414,5030,-92597.00138889,112,2484,141492,0.8071579933166504,0.0001
14006.47265625,268.9,566712,7621801.0,63.38732147216797,5036,-93433.26553030999,112,2488,141652,1.1816744804382324,0.0001
13117.2099609375,269.57,568044,5755773.0,62.999176025390625,5048,-93334.81553030999,112,2492,141985,1.6779522895812988,0.0001
11784.0185546875,270.33,571436,5247701.0,60.911598205566406,5079,-94550.79553030999,112,2496,142833,2.033853054046631,0.0001
8578.3759765625,290.8,572688,5285506.0,60.54471206665039,5091,-92381.83719697999,112,2500,143146,0.18558958172798157,0.0001
9318.0458984375,292.32,573640,6246804.5,60.548404693603516,5100,-92497.03719697999,112,2504,143384,0.02201312780380249,0.0001
10474.5986328125,301.4,574892,4521945.5,60.38270950317383,5111,-91337.22886364999,112,2508,143697,1.4618737697601318,0.0001
11831.5078125,300.16,575880,21614586.0,60.10804748535156,5121,-91316.00386365,112,2512,143944,0.6894173622131348,0.0001
11154.685546875,311.01,577508,4949422.5,59.54275894165039,5136,-91524.50386365,112,2516,144351,0.1446114182472229,0.0001
10884.193359375,318.04,578608,7115487.0,59.16272735595703,5146,-91394.35386365,112,2520,144626,1.9911918640136719,0.0001
11702.2998046875,326.72,580276,13456996.0,58.23011016845703,5162,-91481.15386365,112,2524,145043,0.9209240674972534,0.0001
12802.6630859375,331.51,581684,12159054.0,57.012149810791016,5175,-91279.25386365,112,2528,145395,3.252134323120117,0.0001
8674.6083984375,316.28,582088,12835892.0,56.65721130371094,5178,-91226.95386365001,112,2532,145496,3.670710325241089,0.0001
11011.42578125,330.32,583352,5402334.0,55.733436584472656,5190,-91376.10386365,112,2536,145812,1.697234869003296,0.0001
10461.3642578125,337.78,585204,18440130.0,54.71514129638672,5207,-91341.55386365,112,2540,146275,3.6085894107818604,0.0001
10511.79296875,343.42,586116,4056521.5,54.15625762939453,5216,-91592.92886365,112,2544,146503,2.785921573638916,0.0001
10899.4287109375,337.2,586748,5572121.0,53.793540954589844,5222,-93000.10386365,112,2548,146661,2.8214921951293945,0.0001
10143.4638671875,321.63,588604,16028910.0,52.76518249511719,5239,-95142.95386365001,112,2552,147125,2.280909538269043,0.0001
12272.1611328125,325.22,590580,11281630.0,51.929527282714844,5257,-95177.18719698001,112,2556,147619,2.4740090370178223,0.0001
11603.6953125,331.81,592384,3153940.25,51.05778884887695,5274,-95132.58719698,112,2560,148070,1.988399624824524,0.0001
11467.5859375,349.04,593836,18880488.0,50.263179779052734,5287,-93961.91695888001,112,2564,148433,2.895320415496826,0.0001
13249.626953125,347.24,595496,7173790.0,49.42797088623047,5303,-93102.44945888,112,2568,148848,2.2549638748168945,0.0001
12112.443359375,340.33,596208,14129124.0,49.162109375,5309,-92933.34945888,112,2572,149026,2.1191935539245605,0.0001
9765.3603515625,338.56,596800,9449636.0,48.95970916748047,5315,-92412.36945888,112,2576,149174,2.602243423461914,0.0001
11750.41796875,329.17,598520,12924106.0,48.62372970581055,5330,-93149.84445887999,112,2580,149604,2.2476212978363037,0.0001
11596.9609375,341.67,601236,26515644.0,48.18760299682617,5355,-90741.44683983,112,2584,150283,0.7438755035400391,0.0001
11161.154296875,348.87,602524,5042017.0,47.934913635253906,5367,-90133.36047619,112,2588,150605,1.5756702423095703,0.0001
11977.7890625,355.18,603996,4881361.5,47.57223892211914,5380,-89201.71047619,112,2592,150973,1.258876085281372,0.0001
13387.041015625,349.98,604892,4690837.0,47.239768981933594,5389,-87740.80928571001,112,2596,151197,2.3936843872070312,0.0001
10906.466796875,335.59,607044,3862970.0,46.3918342590332,5408,-89656.73428571,112,2600,151735,1.4252734184265137,0.0001
12260.22265625,343.01,608016,11707884.0,45.834529876708984,5417,-88862.77714285001,112,2604,151978,2.1133787631988525,0.0001
11303.072265625,348.23,610140,5361191.5,45.11650848388672,5436,-88284.21309522999,112,2608,152509,2.6609015464782715,0.0001
11847.45703125,352.71,611312,3329868.25,44.6182975769043,5446,-87729.87142856998,112,2612,152802,1.7125375270843506,0.0001
13957.2978515625,352.65,612496,7713829.5,44.21798324584961,5456,-86951.49761905,112,2616,153098,2.5091044902801514,0.0001
13327.1962890625,362.09,614632,15525124.0,43.59883117675781,5476,-86875.89761905,112,2620,153632,2.633423089981079,0.0001
9565.74609375,360.76,615876,4019629.25,43.304813385009766,5487,-86301.44761905,112,2624,153943,0.9097355008125305,0.0001
10815.0546875,354.14,616428,3424093.0,43.16104507446289,5492,-85863.97666667,112,2628,154081,1.6996774673461914,0.0001
8762.9111328125,361.47,617228,3505059.0,42.89484405517578,5499,-85196.54333332999,112,2632,154281,1.804895281791687,0.0001
12564.4228515625,349.35,618656,3968188.5,42.45735168457031,5512,-84645.84333333,112,2636,154638,0.6872644424438477,0.0001
10780.806640625,354.81,620668,3164281.0,41.984764099121094,5530,-84515.79333333,112,2640,155141,1.5450855493545532,0.0001
11405.578125,342.93,621340,17860542.0,41.77486038208008,5537,-84443.71833333,112,2644,155309,1.8072494268417358,0.0001
9830.0068359375,359.11,623096,9426450.0,41.187313079833984,5553,-83007.41833333,112,2648,155748,1.715195655822754,0.0001
11910.69921875,374.35,626572,3135767.75,39.66411590576172,5584,-80898.06833333001,112,2652,156617,2.5090882778167725,0.0001
11020.4912109375,379.39,628884,4051484.0,38.71221160888672,5606,-80082.71833333,112,2656,157195,4.088735103607178,0.0001
11167.333984375,389.91,630536,5561278.0,37.88423538208008,5621,-78954.63833333,112,2660,157608,4.03057861328125,0.0001
11582.7822265625,390.83,632908,2733540.0,36.78137969970703,5643,-79054.91690476,112,2664,158201,4.446671485900879,0.0001
10453.205078125,402.53,636908,26068464.0,35.14582824707031,5680,-79371.91690476,112,2668,159201,4.930718898773193,0.0001
9987.1669921875,426.06,638420,2326167.0,34.60926055908203,5694,-78707.31690476,112,2672,159579,3.407951831817627,0.0001
9915.7431640625,426.42,639004,2299120.75,34.42511749267578,5700,-79007.54690475999,112,2676,159725,5.498775482177734,0.0001
12633.01953125,429.71,641292,5020053.0,33.76178741455078,5721,-79230.69690476,112,2680,160297,3.503726005554199,0.0001
10049.416015625,425.51,643316,3560595.5,33.158573150634766,5740,-80509.04452381,112,2684,160803,3.757361888885498,0.0001
12762.75390625,432.06,645344,23363948.0,32.51065444946289,5758,-81563.54452381,112,2688,161310,3.4413247108459473,0.0001
11914.4921875,434.71,647084,13201516.0,31.993608474731445,5774,-82585.51952381,112,2692,161745,3.937415599822998,0.0001
11160.384765625,435.11,648232,8987596.0,31.71678352355957,5785,-83856.62904762,112,2696,162032,3.856222629547119,0.0001
12077.0107421875,438.68,651052,1825595.0,30.895923614501953,5811,-84106.16238095,112,2700,162737,3.7237813472747803,0.0001
12641.541015625,451.01,653036,2009315.0,30.338178634643555,5830,-83996.66952381,112,2704,163233,3.9675238132476807,0.0001
11298.96484375,462.51,656416,2188248.0,29.48328971862793,5861,-83993.24190476,111,2708,164078,1.955470085144043,0.0001
10763.541015625,466.28,658408,2243990.0,29.06472396850586,5880,-84525.58357142,111,2712,164576,2.683856248855591,0.0001
11291.5634765625,460.81,660168,2205861.5,28.72029685974121,5896,-85044.60738094,111,2716,165016,3.676414728164673,0.0001
10348.384765625,470.92,662460,1834872.875,28.143978118896484,5918,-83416.35738094,111,2720,165589,3.0866539478302,0.0001
10857.943359375,482.45,664168,1993728.25,27.765140533447266,5934,-82985.05738094001,111,2724,166016,2.7504327297210693,0.0001
9777.62890625,492.73,666680,1678201.375,27.221311569213867,5957,-83391.44499999001,111,2728,166644,4.971678256988525,0.0001
10169.1318359375,502.49,668584,3568482.75,26.648883819580078,5974,-82885.045,111,2732,167120,4.473106384277344,0.0001
10529.91796875,519.08,670528,2765183.0,26.159852981567383,5992,-82177.46166667,111,2736,167606,3.724297523498535,0.0001
12523.2607421875,523.03,672372,17165146.0,25.762537002563477,6009,-82245.56999999999,111,2740,168067,3.771632194519043,0.0001
13635.193359375,528.5,673308,1865745.75,25.538829803466797,6018,-82038.32833332999,111,2744,168301,4.2422685623168945,0.0001
11255.435546875,516.67,674956,7706539.0,25.166215896606445,6033,-83087.98666666,111,2748,168713,2.8472142219543457,0.0001
11329.775390625,511.19,676768,2655961.5,24.83327293395996,6050,-83841.54666666,111,2752,169166,3.8198437690734863,0.0001
10815.658203125,503.54,678956,2493246.0,24.39867401123047,6070,-83641.02166665999,111,2756,169713,4.17310905456543,0.0001
11200.453125,519.33,682956,32873820.0,23.603727340698242,6107,-81874.83499999,111,2760,170713,2.3181910514831543,0.0001
13219.724609375,535.79,686956,1760247.75,22.821632385253906,6144,-80391.62666666,111,2764,171713,4.556690216064453,0.0001
11405.4580078125,538.33,689836,1415459.625,22.268146514892578,6171,-78907.25999999,111,2768,172433,3.803835391998291,0.0001
11974.4345703125,536.56,692416,2144812.0,21.774784088134766,6195,-79789.45999999,111,2772,173078,2.6835761070251465,0.0001
10669.896484375,548.34,695732,1974164.375,21.144939422607422,6225,-78912.69749999,111,2776,173907,4.631383895874023,0.0001
11704.666015625,568.69,697836,1341888.75,20.711349487304688,6245,-75757.98083331999,111,2780,174433,4.288478851318359,0.0001
13299.505859375,572.18,700864,17953748.0,20.243616104125977,6273,-75797.63083332,111,2784,175190,1.7415295839309692,0.0001
10817.03125,563.31,702460,17578596.0,20.058387756347656,6287,-75517.65583332001,111,2788,175589,2.8021156787872314,0.0001
12400.63671875,565.48,704296,2195632.0,19.74738311767578,6305,-73639.88083332,111,2792,176048,4.379512786865234,0.0001
11780.23828125,583.3,708296,15684920.0,19.041179656982422,6341,-71903.79749999,111,2796,177048,2.256681442260742,0.0001
10825.3759765625,589.77,709480,1307554.0,18.876720428466797,6351,-70479.08083332,111,2800,177344,2.630664825439453,0.0001
12614.271484375,592.6,713044,1359272.0,18.40498924255371,6384,-68805.41892856002,111,2804,178235,2.1175308227539062,0.0001
13173.240234375,593.46,715748,1697869.5,18.16010856628418,6409,-68814.01892856,111,2808,178911,2.831038475036621,0.0001
11685.8203125,583.56,716744,1048721.25,18.042387008666992,6418,-68721.12726189,111,2812,179160,3.0302257537841797,0.0001
11055.80078125,590.42,717880,1136554.0,17.90338706970215,6429,-67778.62726189001,111,2816,179444,2.5077826976776123,0.0001
10904.2451171875,592.62,721880,1327302.125,17.526334762573242,6466,-67900.62726189001,111,2820,180444,0.837859034538269,0.0001
11553.4501953125,604.53,725404,18095928.0,17.227333068847656,6499,-65886.17726189,111,2824,181325,1.8449938297271729,0.0001
11796.44921875,607.1,727384,849974.375,17.073999404907227,6517,-65971.46059522,111,2828,181820,0.7718144655227661,0.0001
11140.8603515625,615.07,730520,1154879.5,16.81332015991211,6546,-66037.06059522,111,2832,182604,1.9283826351165771,0.0001
11316.6904296875,612.86,731720,1984520.875,16.671266555786133,6557,-66165.39392855,111,2836,182904,1.705284833908081,0.0001
10790.25,629.2,735720,22808404.0,16.03007698059082,6593,-62998.96892855,111,2840,183904,1.8878498077392578,0.0001
10711.384765625,637.51,737524,649287.25,15.770795822143555,6609,-61941.10226189,111,2844,184355,3.0946366786956787,0.0001
10989.64453125,651.75,741400,756608.625,15.426416397094727,6645,-60960.41059523,111,2848,185324,1.5444716215133667,0.0001
10745.484375,662.15,742940,681483.875,15.268227577209473,6659,-60148.63392855999,111,2852,185709,0.5974074602127075,0.0001
11737.1298828125,649.14,744312,866650.375,15.095965385437012,6671,-61012.05892856,111,2856,186052,2.1102278232574463,0.0001
11108.6572265625,636.32,746988,544200.5,14.71245288848877,6696,-62751.0422619,111,2860,186721,2.329087734222412,0.0001
10790.08203125,623.76,749516,765045.0,14.361085891723633,6718,-63045.32559523,111,2864,187353,1.846855878829956,0.0001
10911.7919921875,627.72,753456,13784418.0,13.865333557128906,6755,-64070.42726190001,111,2868,188338,2.2927236557006836,0.0001
10766.9833984375,625.72,755160,723893.5625,13.650304794311523,6770,-62010.077261900005,111,2872,188764,2.714785575866699,0.0001
10258.146484375,633.53,758436,873892.5,13.352764129638672,6801,-61289.58976190001,111,2876,189583,1.6850121021270752,0.0001
11019.5302734375,625.2,760452,5130781.0,13.224640846252441,6820,-63376.17309524,111,2880,190087,1.6014559268951416,0.0001
10841.3291015625,618.6,762892,2753431.75,13.027228355407715,6842,-63306.24809524,111,2884,190697,1.002464771270752,0.0001
10831.77734375,624.42,764296,1348735.0,12.936100959777832,6855,-63040.93976189999,111,2888,191048,1.7587063312530518,0.0001
11758.78515625,621.59,767912,1095252.75,12.735068321228027,6889,-64775.7397619,111,2892,191952,0.7300975322723389,0.0001
11705.861328125,620.02,768604,1004351.25,12.706774711608887,6895,-64982.2897619,111,2896,192125,1.3564305305480957,0.0001
12733.619140625,607.59,769468,1209869.5,12.676684379577637,6903,-66147.40642857,111,2900,192341,-0.10083508491516113,0.0001
10082.345703125,585.32,770816,1996320.25,12.712047576904297,6916,-68515.46833333,111,2904,192678,-0.5057626366615295,0.0001
10117.591796875,583.54,773468,1646728.125,12.917374610900879,6940,-68246.66833333,111,2908,193341,-0.9642543792724609,0.0001
10361.984375,595.03,776904,1386857.75,13.077083587646484,6972,-68537.135,111,2912,194200,-0.16369760036468506,0.0001
10044.66015625,603.25,778264,2556613.0,13.090880393981934,6985,-67529.535,111,2916,194540,-0.42535507678985596,0.0001
9415.951171875,604.67,782220,1203839.0,13.106789588928223,7022,-68189.35166667,111,2920,195529,0.25284814834594727,0.0001
10273.8291015625,590.71,784112,1096074.0,13.010560989379883,7039,-70935.60166667,111,2924,196002,0.07070355117321014,0.0001
11370.6875,592.3,787744,1220455.75,12.819955825805664,7073,-69985.00166667,111,2928,196910,1.308927297592163,0.0001
9401.4140625,597.11,789272,1017799.875,12.72613525390625,7087,-68290.66,111,2932,197292,1.025733232498169,0.0001
11105.291015625,598.19,791744,11403596.0,12.583063125610352,7110,-68440.36,111,2936,197910,-0.6494641304016113,0.0001
10627.025390625,597.0,795424,1418520.0,12.783445358276367,7144,-68725.75166667,111,2940,198830,0.8779044151306152,0.0001
10927.1416015625,589.69,796420,1174613.5,12.766486167907715,7153,-70170.11,111,2944,199079,-0.5713645219802856,0.0001
9973.416015625,590.31,800220,1044964.0,12.862432479858398,7188,-70078.23023809,111,2948,200029,-0.18974334001541138,0.0001
10536.5908203125,587.56,801720,970973.4375,12.778424263000488,7202,-70152.58023809,111,2952,200404,0.8257246017456055,0.0001
10691.060546875,610.23,804828,565031.1875,12.521008491516113,7230,-68076.24833332999,111,2956,201181,0.5648988485336304,0.0001
10212.48828125,600.54,806884,1637739.0,12.415579795837402,7249,-67830.77333333,111,2960,201695,0.8389047384262085,0.0001
9946.9482421875,589.7,808124,739167.875,12.291314125061035,7260,-68777.8697619,111,2964,202005,0.8860146999359131,0.0001
11297.62890625,577.97,810704,4200831.5,12.01065444946289,7283,-69237.7847619,111,2968,202650,1.2919639348983765,0.0001
10989.955078125,578.96,813232,1894077.0,11.755271911621094,7306,-68673.87809523,111,2972,203282,0.368135929107666,0.0001
11530.89453125,577.22,815800,1126199.875,11.496894836425781,7330,-68445.12809523,111,2976,203924,0.10188893973827362,0.0001
11536.130859375,565.47,817144,6111022.0,11.499923706054688,7343,-69218.52809523001,111,2980,204260,-0.39400291442871094,0.0001
11047.990234375,572.47,819800,2421044.75,11.41828727722168,7367,-68189.21976189999,111,2984,204924,0.1781591922044754,0.0001
10286.55859375,570.75,821232,2507637.75,11.501344680786133,7380,-67389.80309524,111,2988,205282,-0.6714117527008057,0.0001
11885.9990234375,571.97,823812,1051099.125,11.828911781311035,7404,-66494.90309523999,111,2992,205927,-1.019390344619751,0.0001
11101.8740234375,564.5,826832,1059384.25,12.203041076660156,7432,-66961.05309524,111,2996,206682,-1.4860458374023438,0.0001
8943.1748046875,574.12,827644,1762484.0,12.306696891784668,7440,-65936.80309524,111,3000,206885,-1.5089415311813354,0.0001
10820.44140625,584.09,829524,1297831.875,12.589812278747559,7457,-64842.65309524,111,3004,207355,-2.2290592193603516,0.0001
11317.5224609375,578.87,831656,1002339.875,12.937843322753906,7477,-65679.36559524,111,3008,207888,-0.7656784653663635,0.0001
9753.22265625,583.5,834836,972476.25,13.25101375579834,7506,-64403.09654762,111,3012,208683,-0.961463212966919,0.0001
10442.58203125,581.58,836536,2450238.75,13.373024940490723,7522,-65065.57154762,111,3016,209108,-0.3991774916648865,0.0001
10916.7275390625,578.38,839656,6986342.0,13.522791862487793,7551,-64046.604880950006,111,3020,209888,-0.28129488229751587,0.0001
9182.939453125,582.7,842156,1347605.0,13.478559494018555,7574,-64208.65488095,111,3024,210513,0.717174232006073,0.0001
11755.7783203125,587.57,846056,1298677.25,13.442269325256348,7610,-63101.40488095,111,3028,211488,-1.5097633600234985,0.0001
11342.02734375,593.15,849048,3315599.0,13.83158016204834,7638,-64817.399880950004,111,3032,212236,-0.6819348335266113,0.0001
11554.01953125,576.01,849568,854304.5625,13.862007141113281,7642,-65359.41654762001,111,3036,212366,-0.5156620740890503,0.0001
11236.9638671875,563.49,851180,1920770.25,13.897717475891113,7657,-67287.24154762,111,3040,212769,0.9622187614440918,0.0001
10620.548828125,563.73,852724,3174160.0,13.847724914550781,7672,-67017.89154762,111,3044,213155,0.30781233310699463,0.0001
12032.8271484375,543.79,853884,5462811.5,13.796164512634277,7682,-67960.28797619,111,3048,213445,-0.09969385713338852,0.0001
10684.673828125,535.24,854732,1772598.875,13.772452354431152,7690,-68925.72130953,111,3052,213657,-0.2380281537771225,0.0001
8793.251953125,524.6,857988,2227878.0,14.042391777038574,7720,-70339.95321429,111,3056,214471,-0.7066057920455933,0.0001
12166.173828125,542.26,861928,1189038.0,13.609695434570312,7757,-69828.81154762,111,3060,215456,1.2937034368515015,0.0001
10109.443359375,552.33,863372,9977450.0,13.438433647155762,7770,-69041.48178572,111,3064,215817,-0.0047796666622161865,0.0001
11099.798828125,553.52,866732,1675127.25,13.100341796875,7802,-68764.98178572,111,3068,216657,0.09172344207763672,0.0001
11092.080078125,558.96,868996,26819206.0,13.024709701538086,7822,-68333.83845239,111,3072,217223,0.1826283186674118,0.0001
10011.439453125,546.15,870512,892272.375,12.991094589233398,7836,-70162.68845239001,111,3076,217602,-0.4252201318740845,0.0001
11542.8740234375,554.06,872756,785698.0625,12.842272758483887,7857,-69399.44678572,111,3080,218163,0.7124834656715393,0.0001
12012.41796875,549.18,875232,9534310.0,12.738855361938477,7880,-70129.96345237999,111,3084,218782,0.8515316247940063,0.0001
12598.552734375,561.64,877516,1388309.0,12.51519775390625,7901,-69441.96345238,111,3088,219353,-0.10345534980297089,0.0001
11676.904296875,571.89,880960,10666990.0,12.700150489807129,7932,-68255.89678570999,111,3092,220214,-1.3088438510894775,0.0001
11853.447265625,571.47,882488,1769274.5,12.966673851013184,7946,-68610.74678571001,111,3096,220596,-0.9266818165779114,0.0001
10785.13671875,563.5,883516,1148863.25,13.151031494140625,7955,-69320.31821428,111,3100,220853,-1.3579118251800537,0.0001
10878.3984375,579.89,887156,1282599.5,13.189640998840332,7988,-68077.30646824998,111,3104,221763,-0.07048049569129944,0.0001
11511.265625,576.28,889632,1964485.625,13.283267974853516,8010,-67874.89396824999,111,3108,222382,-1.330976963043213,0.0001
11165.6484375,571.45,891892,1331775.625,13.461673736572266,8031,-69140.53801587,111,3112,222947,-0.9915804862976074,0.0001
12292.8671875,570.47,894464,3850164.5,13.26513385772705,8055,-68554.21301587,111,3116,223590,1.5940134525299072,0.0001
12658.818359375,566.16,896408,1366077.0,12.956265449523926,8073,-68597.41301587,111,3120,224076,2.4001755714416504,0.0001
13797.966796875,573.24,900408,5238918.0,12.456022262573242,8110,-67587.86301587001,111,3124,225076,-0.07600386440753937,0.0001
13115.078125,571.26,902184,8458242.0,12.46387004852295,8126,-67210.30316739001,111,3128,225520,-0.43315595388412476,0.0001
11774.599609375,562.74,905456,21186800.0,12.400530815124512,8156,-66466.38316739,111,3132,226338,0.20114412903785706,0.0001
12587.501953125,573.16,906500,3688463.5,12.339173316955566,8166,-65871.81650072,111,3136,226599,0.4042613208293915,0.0001
11832.634765625,577.09,909316,1388920.875,12.335275650024414,8192,-65925.66650072,110,3140,227303,-0.131252259016037,0.0001
13093.4814453125,586.94,911956,1194841.5,12.286362648010254,8216,-64428.01650072,110,3144,227963,0.09380580484867096,0.0001
11897.501953125,597.94,913960,1488647.5,12.304129600524902,8235,-64947.53316738999,110,3148,228464,0.010310053825378418,0.0001
10951.2705078125,610.09,917256,752021.625,11.89195728302002,8266,-65286.86650072,110,3152,229288,1.373647928237915,0.0001
12383.068359375,622.61,920008,994860.125,11.745500564575195,8291,-63179.01650072,110,3156,229976,-0.05205276608467102,0.0001
14010.830078125,612.07,922504,793692.25,11.596747398376465,8314,-64310.71650072,110,3160,230600,1.4708822965621948,0.0001
11257.80078125,611.62,924044,879183.375,11.442612648010254,8328,-65354.71650072,110,3164,230985,-0.19859102368354797,0.0001
13344.255859375,603.53,927080,948399.5,11.25952434539795,8356,-66088.34983405,110,3168,231744,-0.1152239739894867,0.0001
14967.3984375,602.66,929652,1021490.25,10.947378158569336,8380,-66913.12483405,110,3172,232387,1.62693452835083,0.0001
12983.0283203125,611.96,932872,1374393.0,10.711463928222656,8409,-66668.40816738,110,3176,233192,-0.8571847677230835,0.0001
13551.6923828125,622.51,934332,718842.0,10.783040046691895,8423,-64631.35816738,110,3180,233557,-0.7120498418807983,0.0001
11749.10546875,638.63,938332,748364.6875,10.79312801361084,8459,-61873.302215,110,3184,234557,0.2575569748878479,0.0001
12379.2919921875,634.55,941652,3110012.25,10.794631004333496,8490,-62642.76888167,110,3188,235387,0.1404436230659485,0.0001
11206.373046875,638.72,945652,705926.3125,11.188423156738281,8525,-63606.85554834,110,3192,236387,-0.594780445098877,0.0001
12912.162109375,648.91,948488,842057.6875,11.471652030944824,8551,-62149.813881669994,110,3196,237096,0.14790762960910797,0.0001
12753.05859375,662.75,950004,3161490.0,11.662162780761719,8565,-60208.739119770005,110,3200,237475,-1.987502098083496,0.0001
11564.03515625,642.4,951344,780917.1875,11.78925609588623,8577,-61366.675865799996,110,3204,237810,-0.9831527471542358,0.0001
13642.396484375,642.6,954140,1155246.75,11.675605773925781,8603,-60627.1008658,110,3208,238509,1.7327558994293213,0.0001
13372.3544921875,650.41,956652,1958618.5,11.363821029663086,8626,-58365.3258658,110,3212,239137,0.2618679106235504,0.0001
13297.552734375,646.72,959120,1788752.25,11.301620483398438,8649,-60119.317532470006,110,3216,239754,-0.20548725128173828,0.0001
13950.1484375,646.51,961008,1061718.5,11.286824226379395,8666,-59910.7008658,110,3220,240226,0.8515363931655884,0.0001
13298.9130859375,644.01,964112,1257274.0,11.427669525146484,8695,-59853.67586580001,110,3224,241002,-0.4594835042953491,0.0001
13582.966796875,637.98,966160,1351471.625,11.528718948364258,8713,-61329.58571428,110,3228,241514,-0.27250444889068604,0.0001
13048.2109375,641.28,969088,1053335.0,11.68127727508545,8741,-60315.73571428,110,3232,242246,-0.11557774245738983,0.0001
13843.021484375,641.13,971560,3853882.75,11.72659969329834,8764,-60192.38571428,110,3236,242864,-0.9491143822669983,0.0001
13677.921875,639.91,973088,1042173.625,11.704957008361816,8778,-60465.63571428,110,3240,243246,-0.8931524753570557,0.0001
12676.640625,630.35,974076,1135389.25,11.7123441696167,8787,-61369.93571428,110,3244,243493,0.07094460725784302,0.0001
12824.005859375,623.4,975312,1286826.625,11.644147872924805,8799,-61191.43571428,110,3248,243802,0.8645755648612976,0.0001
14443.244140625,611.24,978004,2011025.375,11.616477966308594,8823,-61711.17499999,110,3252,244475,-0.6361545920372009,0.0001
13047.5322265625,612.15,980788,9401066.0,11.903278350830078,8849,-62675.158333319996,110,3256,245171,-2.049626588821411,0.0001
15371.73046875,610.05,983760,1281677.125,12.309017181396484,8877,-63545.058333320005,110,3260,245914,-1.722092866897583,0.0001
16394.755859375,618.22,986800,2841895.0,12.688159942626953,8905,-62990.808333320005,110,3264,246674,-0.12633107602596283,0.0001
14281.96875,631.81,989804,15486550.0,12.583436012268066,8933,-61133.51249999,110,3268,247425,1.3192960023880005,0.0001
13228.6826171875,632.84,992596,880844.75,12.444392204284668,8959,-59911.85416666,110,3272,248123,0.33478832244873047,0.0001
13883.5166015625,635.94,995612,2412238.25,12.422384262084961,8986,-60306.99583333,110,3276,248877,0.48183050751686096,0.0001
14969.291015625,635.86,998768,1335856.75,12.251607894897461,9015,-60243.70416666,110,3280,249666,-0.3636956214904785,0.0001
13930.9609375,629.11,1001540,967606.875,12.34869384765625,9041,-61409.44392857,110,3284,250359,-0.7081078290939331,0.0001
13366.3046875,632.11,1004912,755252.25,12.360440254211426,9072,-61534.6772619,110,3288,251202,0.9183393120765686,0.0001
14773.3515625,622.57,1006152,866605.625,12.324528694152832,9084,-61652.4822619,110,3292,251512,0.6060612797737122,0.0001
14456.294921875,609.16,1008912,2702817.25,12.056285858154297,9109,-62960.573928570004,110,3296,252202,0.8068427443504333,0.0001
14544.5087890625,611.13,1011104,785220.8125,11.865567207336426,9129,-64372.21059523,110,3300,252750,0.6521334648132324,0.0001
14059.8359375,604.95,1012276,10920678.0,11.892109870910645,9140,-65761.88559523,110,3304,253043,-1.649512767791748,0.0001
14502.49609375,609.49,1015104,939901.625,11.942081451416016,9167,-65977.26059523,110,3308,253750,0.38073644042015076,0.0001
15866.8515625,604.27,1018072,1797588.25,12.019164085388184,9194,-67150.06059523,110,3312,254492,-1.0930893421173096,0.0001
14310.927734375,625.88,1022072,561589.75,11.712799072265625,9231,-63497.94392856,110,3316,255492,2.7664146423339844,0.0001
15055.873046875,632.04,1023572,1126421.0,11.415122032165527,9245,-63686.810595229996,110,3320,255867,2.366424322128296,0.0001
15707.7080078125,640.63,1027572,1043090.75,10.93625545501709,9282,-62015.73559522999,110,3324,256867,1.6365101337432861,0.0001
14493.7607421875,650.43,1031156,1070402.5,10.53516960144043,9314,-61617.77559522999,110,3328,257763,1.455718994140625,0.0001
15433.3330078125,632.5,1032696,985501.0,10.336055755615234,9328,-62754.92607141999,110,3332,258148,2.9901461601257324,0.0001
14081.80859375,640.6,1035156,602428.9375,10.098072052001953,9351,-61844.616071419994,110,3336,258763,2.091747760772705,0.0001
13112.76953125,637.04,1035872,854316.0625,10.028135299682617,9358,-62608.04940474999,110,3340,258942,2.0249571800231934,0.0001
15076.4921875,637.68,1038556,1123269.5,9.742619514465332,9382,-62312.87440475,110,3344,259613,1.6729342937469482,0.0001
13942.716796875,660.17,1042296,912637.75,9.607770919799805,9417,-61524.84107142001,110,3348,260548,0.4113676846027374,0.0001
17045.302734375,674.99,1046296,668444.0625,9.37706184387207,9454,-60031.801785710006,110,3352,261548,1.2611629962921143,0.0001
14954.234375,674.81,1048672,554770.75,9.186113357543945,9476,-59220.31845238,110,3356,262142,1.214766025543213,0.0001
15152.6484375,691.0,1052672,1192813.75,8.88432788848877,9513,-55936.83511905,110,3360,263142,1.166076421737671,0.0001
14266.4345703125,689.16,1055432,647644.4375,8.697429656982422,9539,-54611.718452379995,110,3364,263832,1.2164065837860107,0.0001
15903.2265625,698.84,1059144,2074636.875,8.452642440795898,9573,-53879.98095238,110,3368,264760,1.239385962486267,0.0001
15846.8447265625,690.64,1061852,938821.8125,8.415413856506348,9598,-56900.63095238,110,3372,265437,0.30052831768989563,0.0001
14718.970703125,690.29,1064216,969920.5625,8.45688247680664,9620,-55812.805952380004,110,3376,266028,-1.0719993114471436,0.0001
16819.1953125,682.63,1067144,895944.5,8.47887134552002,9648,-57991.155952379995,110,3380,266760,0.7758273482322693,0.0001
13621.884765625,683.65,1069988,1198486.875,8.304239273071289,9674,-58020.938809520005,110,3384,267471,-0.03975158929824829,0.0001
15482.1015625,688.05,1072852,458579.4375,8.23216438293457,9699,-56280.588809520006,110,3388,268187,-0.8050254583358765,0.0001
14329.3486328125,685.61,1075852,671004.8125,8.18276596069336,9727,-56941.392380950005,110,3392,268937,-0.4500325918197632,0.0001
15016.51953125,689.22,1077708,1262760.25,8.137472152709961,9744,-56965.57571428,110,3396,269401,0.2318095862865448,0.0001
16282.4091796875,693.31,1081076,552621.25,8.146730422973633,9775,-56796.193593070006,110,3400,270243,-1.0545778274536133,0.0001
15929.56640625,720.93,1084516,1091632.5,8.33555793762207,9807,-55834.64359307,110,3404,271103,-1.0266369581222534,0.0001
15701.2822265625,718.89,1086992,729767.6875,8.287467002868652,9830,-56592.76859307,110,3408,271722,-0.3605515956878662,0.0001
16765.251953125,710.45,1087976,2806117.5,8.278900146484375,9839,-56560.14359307,110,3412,271968,1.1522266864776611,0.0001
14857.28515625,686.44,1090428,858162.875,8.239535331726074,9862,-59233.01859307,110,3416,272581,-0.7127639055252075,0.0001
15733.314453125,691.0,1094072,1194291.75,8.551101684570312,9895,-60512.818593070006,110,3420,273492,-1.5030452013015747,0.0001
18182.84375,683.43,1095960,2471157.25,8.626212120056152,9913,-61089.481093070004,110,3424,273964,-0.27063167095184326,0.0001
16404.794921875,657.17,1096604,1373767.25,8.70329761505127,9919,-62419.89109307001,110,3428,274125,-2.8562397956848145,0.0001
18401.421875,649.37,1097832,5336855.0,8.805675506591797,9930,-63869.39061688,110,3432,274432,-1.808692455291748,0.0001
17106.8515625,652.27,1099264,1869647.375,8.964634895324707,9943,-63886.69228355001,110,3436,274790,-1.3695213794708252,0.0001
15077.7294921875,669.73,1103264,1483526.5,9.306380271911621,9980,-61002.45895022,110,3440,275790,-1.1247079372406006,0.0001
16082.234375,687.62,1107068,864762.875,9.505738258361816,10016,-60078.15061689001,110,3444,276741,0.12423792481422424,0.0001
15966.603515625,682.44,1110264,868087.375,9.354741096496582,10045,-60146.233950220005,110,3448,277540,0.5122039318084717,0.0001
18276.66015625,674.94,1112880,1943180.25,9.144441604614258,10070,-60067.18395022,110,3452,278194,1.6885716915130615,0.0001
16961.25,668.76,1116128,882982.875,8.987445831298828,10100,-60756.52204546,110,3456,279006,1.566060185432434,0.0001
17933.763671875,664.32,1118264,976708.375,9.029318809509277,10119,-61938.20537878999,110,3460,279540,-0.7126946449279785,0.0001
15708.6826171875,664.99,1122264,1794589.625,9.19063663482666,10156,-62886.02204546,110,3464,280540,0.6087723970413208,0.0001
17239.8046875,655.91,1125204,554276.75,9.132072448730469,10184,-64469.86252165,110,3468,281275,0.7848230004310608,0.0001
17342.189453125,667.48,1128904,766722.9375,8.953380584716797,10218,-62696.84585498,110,3472,282200,0.7374171018600464,0.0001
17275.90625,670.94,1130980,529444.875,8.81157398223877,10237,-61943.74585497999,110,3476,282719,0.4747430682182312,0.0001
16634.2578125,684.47,1134656,549548.1875,8.482068061828613,10271,-60184.912521649996,110,3480,283638,1.342432975769043,0.0001
16867.2734375,683.3,1138072,610111.0625,8.253388404846191,10303,-62146.61252165,110,3484,284492,1.1999967098236084,0.0001
16368.4921875,677.68,1140968,722053.75,8.111976623535156,10330,-63981.23752165,110,3488,285216,-0.23748475313186646,0.0001
17677.16796875,684.26,1144332,1799136.5,8.041958808898926,10361,-63151.74228355,110,3492,286057,0.9760426878929138,0.0001
16276.095703125,684.47,1145608,532985.6875,8.046080589294434,10372,-61787.675616889996,110,3496,286376,0.40224331617355347,0.0001
16109.8828125,694.36,1149608,490882.46875,7.786047458648682,10410,-60034.76726191,110,3500,287376,0.4804612100124359,0.0001
17705.5,671.78,1151440,576692.875,7.625431537628174,10427,-60640.61726191,110,3504,287834,0.6600430011749268,0.0001
17009.37109375,672.57,1153372,612083.375,7.536571025848389,10444,-59542.74226191,110,3508,288317,0.2154541313648224,0.0001
17886.4765625,680.77,1156148,1028029.6875,7.434803485870361,10470,-59239.358928580004,110,3512,289011,1.2640528678894043,0.0001
17757.36328125,700.55,1159708,659009.5,7.434121131896973,10503,-57292.758928580006,110,3516,289901,0.14040452241897583,0.0001
18449.56640625,691.02,1162456,780880.5,7.490136623382568,10528,-55849.92559525001,110,3520,290588,-1.1071406602859497,0.0001
15921.826171875,693.23,1165372,697662.125,7.827580451965332,10555,-55038.01309525,110,3524,291317,-1.7715821266174316,0.0001
17080.560546875,724.41,1169372,814363.5,7.90444278717041,10591,-52056.129761920005,110,3528,292317,1.9022501707077026,0.0001
17006.08984375,749.74,1172648,528922.375,7.890362739562988,10622,-50073.096428590005,110,3532,293136,-0.077922023832798,0.0001
16332.6318359375,747.94,1175160,1380658.125,7.997538089752197,10645,-50132.80476192,110,3536,293764,-1.420577049255371,0.0001
18080.5234375,737.19,1178048,830592.625,7.988459587097168,10672,-50829.56309525,110,3540,294486,-0.9744164943695068,0.0001
17533.6171875,724.07,1178844,451647.0,7.9822564125061035,10679,-51659.69571429,110,3544,294685,0.7350201606750488,0.0001
17859.91796875,731.68,1182300,11459328.0,7.6945013999938965,10711,-51327.30404762,110,3548,295549,1.6832636594772339,0.0001
18644.80078125,744.43,1186300,567644.8125,7.288455009460449,10748,-50434.35404762,110,3552,296549,1.9316747188568115,0.0001
17963.2421875,736.56,1190284,1202238.5,7.13584041595459,10785,-51173.312619050004,110,3556,297545,-0.6961702704429626,0.0001
17024.86328125,733.59,1190944,5993657.0,7.157577037811279,10791,-52022.86261904999,110,3560,297710,-0.9999151825904846,0.0001
17176.66796875,710.29,1193108,327420.9375,7.136852741241455,10811,-53953.74261905,110,3564,298251,1.125209927558899,0.0001
17567.08984375,705.64,1195856,963403.25,6.976817607879639,10837,-55475.152142859995,110,3568,298938,0.3812176585197449,0.0001
16404.640625,701.42,1198592,12387276.0,6.862729072570801,10862,-55307.23214286,110,3572,299622,0.8437720537185669,0.0001
18074.646484375,698.05,1201344,984686.625,6.848572254180908,10890,-55158.53214285999,110,3576,300310,0.1611538529396057,0.0001
19551.7421875,689.36,1205056,1130962.5,6.914339065551758,10924,-57619.182142859994,110,3580,301238,-0.2615240812301636,0.0001
17587.7578125,688.57,1207880,3960785.5,6.935797214508057,10950,-56196.027142859995,110,3584,301944,-0.09363704919815063,0.0001
17373.291015625,698.71,1210268,629440.5625,6.881745338439941,10972,-53912.83547618999,110,3588,302541,0.029362469911575317,0.0001
17987.376953125,682.18,1212624,699011.1875,6.856902122497559,10993,-54812.86880953,110,3592,303130,-0.589117169380188,0.0001
20238.3671875,691.3,1215588,1321848.125,6.886081695556641,11021,-56015.849761909994,110,3596,303871,-1.6247897148132324,0.0001
17494.08203125,673.49,1216788,1010988.0,6.953243255615234,11032,-57835.66190477001,110,3600,304171,0.07723793387413025,0.0001
19398.62890625,674.9,1219068,649450.875,6.980751037597656,11053,-57519.56190477,110,3604,304741,-0.6615050435066223,0.0001
15293.1875,682.75,1223068,1263116.0,7.127835750579834,11088,-57259.43357144001,110,3608,305741,-1.6683754920959473,0.0001
18983.9609375,686.87,1224292,1122869.875,7.283106327056885,11099,-55920.85142858001,110,3612,306047,-3.351020097732544,0.0001
18598.76953125,670.45,1228212,2671874.5,7.595668315887451,11134,-57579.89785715,110,3616,307027,-0.4360623359680176,0.0001
17386.37109375,677.3,1229920,847083.25,7.625514984130859,11150,-57536.48119048,110,3620,307454,-0.2818223237991333,0.0001
18979.1171875,663.47,1232804,2215443.75,7.740428447723389,11180,-60437.23119048,110,3624,308175,-2.1278321743011475,0.0001
18501.484375,649.17,1234672,2345274.0,7.852792739868164,11197,-62557.51452381,110,3628,308642,-0.34553658962249756,0.0001
17970.94921875,647.73,1237368,793063.4375,7.818057060241699,11222,-62974.89785714001,110,3632,309316,0.9406932592391968,0.0001
17328.796875,654.09,1240804,696420.25,7.83474063873291,11254,-63532.71357143001,110,3636,310175,-0.8503706455230713,0.0001
19005.30078125,664.47,1243672,4515739.5,8.026338577270508,11281,-63964.355238100004,110,3640,310892,-0.23857805132865906,0.0001
19692.82421875,670.47,1246272,1184393.625,8.002487182617188,11305,-63201.53095239001,110,3644,311542,-0.23424309492111206,0.0001
18895.75390625,649.92,1247876,1237668.75,8.037500381469727,11319,-64406.02261906,110,3648,311943,0.5773899555206299,0.0001
17887.623046875,651.36,1251876,677222.6875,7.999813079833984,11354,-63273.23287547,110,3652,312943,0.00024412572383880615,0.0001
17802.71484375,653.03,1253840,941126.5,8.044120788574219,11372,-64793.7362088,110,3656,313434,-0.7066366076469421,0.0001
19437.67578125,625.92,1254432,902341.75,8.069979667663574,11378,-65770.7862088,110,3660,313582,-1.5821236371994019,0.0001
16773.3828125,631.98,1256444,899378.25,8.147210121154785,11396,-65824.2562088,110,3664,314085,-0.3571987748146057,0.0001
19675.93359375,626.21,1257192,1062558.75,8.231650352478027,11403,-64456.78954213,110,3668,314272,-1.8450225591659546,0.0001
20068.51171875,608.38,1259848,883515.375,8.423041343688965,11428,-66559.85954213,110,3672,314936,-1.3471311330795288,0.0001
17859.65234375,618.06,1263848,1028319.4375,8.59108829498291,11465,-65452.73454213,110,3676,315936,-1.9124259948730469,0.0001
18877.2890625,614.53,1266068,952544.3125,8.751362800598145,11486,-63653.88454213,110,3680,316491,-1.9421186447143555,0.0001
18723.4609375,608.13,1268304,1367824.125,8.948251724243164,11506,-63753.32287546,110,3684,317050,-1.8671560287475586,0.0001
19577.40625,598.36,1270068,1078489.75,9.092378616333008,11523,-65047.58954213,110,3688,317491,-1.4692916870117188,0.0001
19018.197265625,618.2,1274068,1152283.0,9.176811218261719,11560,-63537.29787546,110,3692,318491,0.8763337135314941,0.0001
19454.96875,625.98,1278068,1418500.0,9.292572021484375,11596,-60337.11692308,110,3696,319491,0.21626479923725128,0.0001
19298.19921875,634.81,1281336,883554.4375,9.311689376831055,11626,-59499.06192308,110,3700,320308,-0.3833855390548706,0.0001
19847.01171875,645.9,1283340,1350201.375,9.32693862915039,11644,-57839.59525641,110,3704,320809,-0.7846093773841858,0.0001
18437.7578125,626.82,1285260,1706044.5,9.498774528503418,11662,-59314.57358974,110,3708,321289,-0.7011111974716187,0.0001
19614.15234375,624.58,1287956,1426926.25,9.686002731323242,11687,-60945.73906593001,110,3712,321963,-0.4333402216434479,0.0001
19123.591796875,634.54,1290008,1467929.625,9.815410614013672,11706,-61530.74263736,110,3716,322476,-1.2824347019195557,0.0001
18787.0,629.29,1293488,1094301.625,10.1234712600708,11738,-63666.642637360004,110,3720,323346,0.5842925310134888,0.0001
19838.8203125,628.9,1294628,4093349.5,10.08256721496582,11749,-62401.525970689996,110,3724,323631,1.2408870458602905,0.0001
19437.138671875,642.99,1298584,731957.0625,9.932490348815918,11787,-61387.00097069,110,3728,324620,0.7113310098648071,0.0001
20851.892578125,640.41,1301488,1296656.75,9.692988395690918,11814,-62211.85097069,110,3732,325346,1.1121314764022827,0.0001
20537.0,635.17,1303408,786746.0,9.600198745727539,11832,-61330.07597069,110,3736,325826,2.1250452995300293,0.0001
19412.92578125,626.24,1307220,1476462.0,9.333404541015625,11867,-62168.47597069001,110,3740,326779,0.9789853692054749,0.0001
19321.40234375,632.37,1310128,1685809.875,9.079595565795898,11894,-62925.355970690005,110,3744,327506,0.7420070767402649,0.0001
17513.4296875,633.96,1311564,1842652.125,9.019868850708008,11907,-61568.43097069001,110,3748,327865,-0.9065667390823364,0.0001
19389.841796875,615.5,1313392,914186.875,9.2129545211792,11924,-63925.47071428,110,3752,328322,-2.675532817840576,0.0001
19487.94921875,631.78,1316868,1162093.375,9.434125900268555,11956,-60868.32071428,110,3756,329191,0.13863509893417358,0.0001
20610.53515625,654.23,1320152,2415482.25,9.659599304199219,11986,-58873.57071428001,110,3760,330012,0.2937956154346466,0.0001
19615.5703125,678.01,1323856,1061985.75,9.75523853302002,12020,-55588.18738095001,110,3764,330938,-0.5703911185264587,0.0001
20796.359375,695.96,1327856,961436.5,9.674837112426758,12056,-54307.70404762,110,3768,331938,-0.7116761803627014,0.0001
19552.90625,714.01,1330628,879671.5,9.697806358337402,12081,-51970.43071429,110,3772,332631,1.8537133932113647,0.0001
21610.794921875,709.05,1334336,1082394.75,9.445887565612793,12115,-52800.88071428999,110,3776,333558,1.8750247955322266,0.0001
20194.65625,717.51,1338136,804870.375,9.279211044311523,12150,-51822.42071428999,110,3780,334508,1.4769196510314941,0.0001
22591.78125,723.42,1340216,1912800.25,9.11850357055664,12170,-51256.58738096001,110,3784,335028,0.812910795211792,0.0001
20855.68359375,713.05,1342184,594053.5,8.927251815795898,12187,-52943.637380960005,110,3788,335520,1.1228482723236084,0.0001
20106.26953125,719.35,1345780,558830.9375,8.633645057678223,12220,-51332.822380959995,110,3792,336419,1.8969531059265137,0.0001
20097.86328125,700.08,1348140,453765.9375,8.470738410949707,12241,-54340.27571428999,110,3796,337009,2.179701566696167,0.0001
20709.54296875,689.22,1350128,545703.6875,8.273629188537598,12259,-55080.292380959996,110,3800,337506,2.9374842643737793,0.0001
20085.81640625,694.26,1353268,1014139.0,8.037177085876465,12288,-55027.95904763,110,3804,338291,0.928456723690033,0.0001
21374.82421875,706.26,1355832,564287.125,7.887030601501465,12312,-53893.750714300004,110,3808,338932,1.9093753099441528,0.0001
20282.25,696.76,1356876,7356004.0,7.81718635559082,12322,-53908.1257143,110,3812,339193,1.0598942041397095,0.0001
20500.767578125,694.23,1360524,9821000.0,7.695214748382568,12355,-53440.18857144,110,3816,340105,0.7851733565330505,0.0001
21043.646484375,696.53,1362900,573970.75,7.540271759033203,12379,-51445.28857144,110,3820,340699,1.2552591562271118,0.0001
20335.560546875,708.74,1366536,859392.8125,7.394336223602295,12413,-51811.355238109994,110,3824,341608,1.6441891193389893,0.0001
21109.119140625,698.88,1369124,773397.9375,7.185968399047852,12437,-53003.480238109994,110,3828,342255,1.7931984663009644,0.0001
19422.40625,703.3,1370968,662081.875,7.035983562469482,12454,-52304.480238109994,110,3832,342716,2.8249378204345703,0.0001
20694.3515625,710.37,1374544,411613.625,6.75863790512085,12487,-51606.42285715,110,3836,343610,2.2139220237731934,0.0001
22561.400390625,706.66,1377836,8546792.0,6.606564044952393,12517,-51206.22285715001,110,3840,344433,-0.41062456369400024,0.0001
19152.55078125,710.39,1381836,785830.6875,6.595133304595947,12559,-48129.234523820014,110,3844,345433,0.7465965151786804,0.0001
22308.408203125,731.32,1385240,1137296.625,6.535693168640137,12591,-47556.95952382,110,3848,346284,-0.25500738620758057,0.0001
19923.55078125,733.87,1386580,1285989.5,6.4823455810546875,12603,-47988.75952382,110,3852,346619,1.4378260374069214,0.0001
20723.60546875,730.52,1390508,793397.875,6.327437877655029,12640,-49203.45952382,110,3856,347601,0.6783244609832764,0.0001
19243.6875,733.78,1393932,1734453.75,6.241179943084717,12671,-49436.75952382,110,3860,348457,1.7672181129455566,0.0001
25701.07421875,729.35,1397932,27022520.0,6.504429340362549,12707,-49765.27619047999,110,3864,349457,-10.632316589355469,0.0001
24223.0078125,713.25,1398584,4110579.5,6.637073516845703,12713,-49849.15952380999,110,3868,349620,-13.699403762817383,0.0001
22023.662109375,694.4,1399848,1188169.375,6.818429946899414,12725,-51955.26619047,110,3872,349936,-8.85928726196289,0.0001
21427.3125,670.31,1400348,20675300.0,6.858902931213379,12729,-54125.291190469994,110,3876,350061,-5.848743438720703,0.0001
21754.43359375,659.33,1403744,980437.9375,6.986240863800049,12760,-57176.526190469995,110,3880,350910,-0.7329530715942383,0.0001
21853.6640625,658.6,1406588,1036736.75,7.036745071411133,12786,-56586.70595237,110,3884,351621,-2.2919247150421143,0.0001
21640.921875,675.29,1410220,626344.375,7.11338996887207,12819,-54611.30595237,110,3888,352529,-1.1525284051895142,0.0001
22230.7265625,674.62,1414220,482912.1875,7.186922073364258,12855,-54735.012619040004,110,3892,353529,-0.8517175912857056,0.0001
20970.05078125,688.61,1416476,4060164.5,7.196658611297607,12876,-52956.892619039994,110,3896,354093,1.102836012840271,0.0001
21812.3671875,705.77,1420476,500084.5625,7.102271556854248,12913,-51083.72595237,109,3900,355093,1.608236312866211,0.0001
21758.9296875,698.65,1422824,8676970.0,7.016445636749268,12935,-52027.90928569999,109,3904,355680,1.1483023166656494,0.0001
22435.111328125,708.84,1426824,890384.6875,7.005797863006592,12972,-51046.11761903,109,3908,356680,-2.4795024394989014,0.0001
21225.1875,719.56,1429796,1152061.375,7.160284996032715,12999,-51157.66761903,109,3912,357423,-0.08758598566055298,0.0001
20891.578125,717.86,1431828,8021636.0,7.165169715881348,13017,-50189.603809509994,109,3916,357931,0.3673100471496582,0.0001
21594.02734375,727.73,1435828,691151.8125,6.992055416107178,13054,-49073.45857141,109,3920,358931,1.8454349040985107,0.0001
21684.828125,730.3,1439792,1427305.125,6.836875915527344,13091,-47014.933571409994,109,3924,359922,0.5511391162872314,0.0001
23288.3046875,730.86,1440924,1439207.875,6.808268070220947,13101,-47019.23357140999,109,3928,360205,1.0070302486419678,0.0001
21686.841796875,723.77,1444724,661997.75,6.764236927032471,13136,-46747.45357140999,109,3932,361155,0.6207423210144043,0.0001
22286.078125,707.32,1445816,726898.125,6.72406005859375,13146,-48610.07023808,109,3936,361428,0.15745855867862701,0.0001
20502.6875,725.56,1449816,484462.625,6.755013942718506,13183,-46008.57023808,109,3940,362428,-0.8535116910934448,0.0001
21395.119140625,713.09,1452124,484492.96875,6.796586513519287,13205,-49568.85357140999,109,3944,363005,-0.1178586483001709,0.0001
21976.10546875,711.53,1455768,360706.90625,6.690547466278076,13238,-48227.28690474,109,3948,363916,1.2106187343597412,0.0001
21130.625,725.56,1459304,526233.125,6.427637577056885,13271,-47176.146904739995,109,3952,364800,1.9338490962982178,0.0001
22030.4921875,712.34,1462648,416467.875,6.225101470947266,13301,-49034.521904739995,109,3956,365636,0.808290958404541,0.0001
22003.322265625,716.96,1465024,444913.125,6.121686935424805,13322,-48247.195238069995,109,3960,366230,0.9876565933227539,0.0001
19883.8203125,716.25,1468560,411985.09375,5.992412567138672,13354,-48856.295238080005,109,3964,367114,2.2947826385498047,0.0001
22094.06640625,729.56,1471936,1096735.5,5.912110805511475,13384,-48315.44047617,109,3968,367958,-0.2547343373298645,0.0001
22580.48046875,742.14,1474564,1015426.5625,5.817137718200684,13409,-47793.10714284,109,3972,368615,1.5164141654968262,0.0001
21696.490234375,771.31,1477632,671575.4375,5.6341118812561035,13437,-44868.723809510004,109,3976,369382,1.8439232110977173,0.0001
22621.7890625,760.03,1479168,1607238.25,5.571792125701904,13451,-44672.723809510004,109,3980,369766,0.9089741706848145,0.0001
22857.578125,746.74,1480628,740187.0,5.525348663330078,13465,-47125.494047609995,109,3984,370131,-0.175789475440979,0.0001
23183.501953125,745.4,1483940,616999.6875,5.574559211730957,13495,-47187.57738093999,109,3988,370959,-1.0907305479049683,0.0001
21909.3046875,734.68,1487344,876545.4375,5.752448081970215,13526,-48179.094047599996,109,3992,371810,-1.20721435546875,0.0001
22488.28125,733.67,1490152,1041757.0,5.875980854034424,13552,-49209.27738092999,109,3996,372512,-0.9637718200683594,0.0001
22641.109375,722.27,1492256,1567015.0,5.997249126434326,13572,-51392.82738093,109,4000,373038,-2.0822243690490723,0.0001
21752.15234375,722.21,1495116,1311316.75,6.157817363739014,13598,-52453.92738093,109,4004,373753,-3.2723419666290283,0.0001
20310.458984375,699.65,1496200,1283431.0,6.263165473937988,13608,-55360.66071426,109,4008,374024,-1.9528859853744507,0.0001
22892.609375,693.02,1499560,3162405.0,6.452565670013428,13639,-55854.37738093001,109,4012,374864,-1.4795135259628296,0.0001
24231.86328125,697.95,1500764,1547059.5,6.489801406860352,13650,-56701.90690474,109,4016,375165,-2.1710894107818604,0.0001
22807.576171875,664.71,1502164,2153140.0,6.521622180938721,13663,-59767.75214284,109,4020,375515,0.09405076503753662,0.0001
22948.306640625,664.9,1505940,1428710.75,6.710275650024414,13697,-60793.27714284,109,4024,376459,-0.29039502143859863,0.0001
23612.48828125,676.87,1509940,757725.75,6.919167995452881,13734,-59216.568809510005,109,4028,377459,-1.6065195798873901,0.0001
22274.40234375,692.72,1513940,1150592.5,7.091042518615723,13771,-56930.53214284,109,4032,378459,-2.3129096031188965,0.0001
24434.73828125,714.74,1517668,1969789.5,7.359642028808594,13806,-55133.29214284,109,4036,379391,-2.5672311782836914,0.0001
22585.15234375,705.59,1520820,1525763.125,7.5189642906188965,13835,-56973.04214284,109,4040,380179,-0.6723998785018921,0.0001
24799.13671875,707.16,1523132,1383178.5,7.58211088180542,13856,-56675.14214284,109,4044,380757,-2.060835838317871,0.0001
23210.53125,698.08,1525740,881219.75,7.647481441497803,13880,-57475.76119046,109,4048,381409,1.008969783782959,0.0001
23086.390625,689.72,1528820,615490.5625,7.557133674621582,13908,-57498.401190460005,109,4052,382179,2.777708053588867,0.0001
23758.77734375,690.84,1530212,665065.375,7.4832587242126465,13921,-56144.61190475001,109,4056,382527,1.8066068887710571,0.0001
22631.7109375,696.74,1534212,656391.5625,7.276449680328369,13958,-55992.18857142,109,4060,383527,3.5281829833984375,0.0001
24356.28125,679.18,1537048,608918.875,7.055731773376465,13983,-58019.56238094,109,4064,384236,0.3835255801677704,0.0001
24834.6328125,681.95,1541048,1234988.25,6.845452308654785,14020,-58645.82380952001,109,4068,385236,-0.463591068983078,0.0001
25909.916015625,682.93,1542916,601161.9375,6.806607723236084,14038,-58755.623809519995,109,4072,385703,-0.08170545101165771,0.0001
23170.341796875,686.5,1546916,556499.25,6.664698600769043,14075,-57695.257142849994,109,4076,386703,1.825125813484192,0.0001
22947.880859375,713.0,1550200,1063599.25,6.427337646484375,14105,-54717.20714284999,109,4080,387524,1.0067849159240723,0.0001
24226.8125,717.28,1552544,1077438.5,6.277150630950928,14127,-55338.67380952,109,4084,388110,1.9834508895874023,0.0001
24909.083984375,702.41,1553952,660712.375,6.184807300567627,14140,-56321.81547619,109,4088,388462,2.016392469406128,0.0001
22710.78515625,704.87,1557048,497765.1875,6.0267486572265625,14168,-58830.28214285999,109,4092,389236,1.4901700019836426,0.0001
23771.787109375,711.16,1561048,658235.9375,5.882552146911621,14205,-56888.29880953,109,4096,390236,0.9780454039573669,0.0001
24548.548828125,717.48,1564888,930133.3125,5.790213108062744,14241,-54881.54880953,109,4100,391196,-0.04966425895690918,0.0001
24764.3671875,727.07,1568664,3006840.0,5.695590972900391,14275,-52916.407142870004,109,4104,392140,0.07437914609909058,0.0001
24341.66796875,748.0,1571244,626287.5,5.636589050292969,14299,-49762.47142859,109,4108,392785,1.545842170715332,0.0001
21303.748046875,757.69,1575036,894483.8125,5.5088019371032715,14333,-48061.96309524999,109,4112,393733,-1.0440248250961304,0.0001
25390.134765625,761.01,1577844,518100.78125,5.5673017501831055,14359,-46427.51785715,109,4116,394435,0.15602511167526245,0.0001
24097.716796875,785.52,1581272,538218.5625,5.44577693939209,14391,-44577.967857150004,109,4120,395292,1.3318244218826294,0.0001
23658.3046875,774.09,1584072,640674.625,5.294393062591553,14417,-45247.16369048,109,4124,395992,0.8168789744377136,0.0001
25312.072265625,768.01,1585884,1199037.125,5.218344688415527,14434,-44591.82202381,109,4128,396445,1.5002161264419556,0.0001
24730.86328125,761.31,1589444,568873.625,5.067236423492432,14467,-47070.23869048,109,4132,397335,1.067335605621338,0.0001
25479.84765625,748.2,1592632,564500.0625,4.949143409729004,14495,-47758.828690480004,109,4136,398132,2.5391783714294434,0.0001
26656.98828125,747.27,1595224,1967952.5,4.827584266662598,14519,-47463.17869048,109,4140,398780,0.21914568543434143,0.0001
24391.0390625,732.34,1596212,3192805.25,4.826221942901611,14528,-48296.712023809996,109,4144,399027,-0.9916773438453674,0.0001
25645.734375,723.84,1598688,469041.65625,4.887676239013672,14551,-50151.86535715,109,4148,399646,-0.6012148857116699,0.0001
24557.2421875,725.18,1601384,552834.125,4.877422332763672,14575,-51885.34869049001,109,4152,400320,1.5902247428894043,0.0001
24662.94921875,734.77,1603876,887900.0,4.793968200683594,14598,-50060.112976200006,109,4156,400943,1.3142154216766357,0.0001
26179.927734375,732.97,1607684,683558.0,4.840695381164551,14633,-50766.0129762,109,4160,401895,-0.7527587413787842,0.0001
27586.91796875,750.49,1611560,928093.0,4.934606552124023,14669,-48085.80583334001,109,4164,402864,-0.4669930338859558,0.0001
27668.9609375,737.59,1614960,1706159.0,4.973893165588379,14700,-48102.30583334001,109,4168,403714,-0.13492876291275024,0.0001
25122.08203125,744.35,1616940,837766.375,5.035665988922119,14719,-45638.29750001001,109,4172,404209,-0.18767626583576202,0.0001
24874.93359375,738.38,1620940,2149472.0,5.099454402923584,14755,-47296.94750001,109,4176,405209,0.113904669880867,0.0001
24590.27734375,735.23,1624940,721734.875,5.024412631988525,14792,-47052.422500010005,109,4180,406209,0.6585661172866821,0.0001
26326.75390625,742.85,1627664,1697852.25,4.978632926940918,14817,-45157.00583334001,109,4184,406890,-1.0219224691390991,0.0001
26554.888671875,759.06,1629872,1383698.75,5.279966831207275,14838,-43076.85583334001,109,4188,407442,-7.589804649353027,0.0001
28230.1875,741.38,1630904,735971.125,5.396875381469727,14847,-42803.05583334,109,4192,407700,-8.918838500976562,0.0001
