train/n_updates,time/fps,train/explained_variance,rollout/ep_rew_mean,train/entropy_loss,train/std,train/policy_loss,rollout/ep_len_mean,time/time_elapsed,time/total_timesteps,train/learning_rate,time/iterations,train/value_loss
99,406,0.0002104043960571289,-99921.31944444444,-8.465473175048828,0.9922194480895996,-240.3699951171875,48.916666666666664,4,2000,0.0007,100,1035.969482421875
199,404,-1.1920928955078125e-07,-100119.73484848485,-8.470596313476562,0.9922736883163452,-280.5317077636719,58.621212121212125,9,4000,0.0007,200,1025.1212158203125
299,404,1.7881393432617188e-07,-100260.225,-8.49233627319336,0.9962835311889648,-268.33905029296875,57.15,14,6000,0.0007,300,1015.1658325195312
399,404,-2.384185791015625e-07,-100191.8,-8.501789093017578,0.9981299638748169,-43553.3515625,50.4,19,8000,0.0007,400,499714304.0
499,405,0.0,-99674.45,-8.517523765563965,1.0009430646896362,-237.01382446289062,39.11,24,10000,0.0007,500,997.6447143554688
599,404,2.1398067474365234e-05,-99677.4,-8.522334098815918,1.0014657974243164,-250.4649658203125,39.4,29,12000,0.0007,600,988.4855346679688
699,403,1.7881393432617188e-07,-99553.0825,-8.540600776672363,1.004371166229248,-260.6344299316406,46.86,34,14000,0.0007,700,979.9840087890625
799,405,-1.1920928955078125e-07,-99803.5825,-8.538520812988281,1.004462718963623,-232.4119110107422,41.74,39,16000,0.0007,800,971.099609375
899,406,-1.1920928955078125e-07,-100285.625,-8.558176040649414,1.0078599452972412,-230.1417999267578,39.72,44,18000,0.0007,900,961.8037109375
999,404,0.0,-100377.425,-8.550622940063477,1.0067092180252075,-223.5867156982422,48.9,49,20000,0.0007,1000,953.1088256835938
1099,404,-1.7881393432617188e-06,-100127.5375,-8.55491828918457,1.0075325965881348,-215.029052734375,64.95,54,22000,0.0007,1100,944.6868286132812
1199,403,1.7881393432617188e-07,-99315.95555556,-8.555818557739258,1.0072898864746094,-242.60595703125,76.03,59,24000,0.0007,1200,937.0997924804688
1299,403,-1.1920928955078125e-07,-99156.61805555999,-8.549651145935059,1.0063433647155762,-236.24864196777344,70.0,64,26000,0.0007,1300,928.9303588867188
1399,404,0.0,-99990.9625,-8.558493614196777,1.0070666074752808,-64494.08203125,51.22,69,28000,0.0007,1400,499289664.0
1499,403,0.0,-99977.0,-8.571138381958008,1.0099241733551025,-128066.5,48.73,74,30000,0.0007,1500,1468403712.0
1599,402,-2.384185791015625e-07,-99596.1125,-8.599448204040527,1.014769196510315,-178.8403778076172,51.57,79,32000,0.0007,1600,678.8810424804688
1699,403,-4.76837158203125e-07,-98502.50416667,-8.603647232055664,1.0156259536743164,-173.05287170410156,56.29,84,34000,0.0007,1700,673.3859252929688
1799,404,1.7523765563964844e-05,-97831.07638889,-8.604710578918457,1.0160754919052124,-117.7381820678711,64.88,88,36000,0.0007,1800,451.99273681640625
1899,405,0.0,-97307.70138889,-8.594362258911133,1.014204502105713,18077.44921875,75.22,93,38000,0.0007,1900,19321918.0
1999,406,0.0,-97035.25555556,-8.618961334228516,1.0186079740524292,-77198.375,92.49,98,40000,0.0007,2000,988254400.0
2099,404,5.960464477539063e-08,-96845.91805555999,-8.649017333984375,1.0238174200057983,-76734.3203125,105.24,103,42000,0.0007,2100,988169024.0
2199,405,0.0,-97001.96805555999,-8.62177562713623,1.0184632539749146,-20968.396484375,111.16,108,44000,0.0007,2200,532930528.0
2299,405,9.059906005859375e-06,-96821.74722222,-8.662300109863281,1.0260779857635498,-160.10513305664062,113.32,113,46000,0.0007,2300,637.1305541992188
2399,405,-1.0728836059570312e-06,-97558.95833333001,-8.691873550415039,1.0306663513183594,-228.4185028076172,112.97,118,48000,0.0007,2400,841.111328125
2499,405,0.0,-97691.125,-8.678939819335938,1.0287967920303345,-157.28257751464844,111.26,123,50000,0.0007,2500,625.123291015625
2599,406,-1.1920928955078125e-07,-97075.3825,-8.720516204833984,1.0355229377746582,-233.82766723632812,110.34,128,52000,0.0007,2600,825.9830322265625
2699,405,0.0,-96682.93666666001,-8.699037551879883,1.0321986675262451,-200366.65625,99.21,133,54000,0.0007,2700,2397366272.0
2799,405,0.0,-97746.76583333,-8.710026741027832,1.0334789752960205,-233.34292602539062,80.75,138,56000,0.0007,2800,810.96826171875
2899,405,1.1920928955078125e-07,-98822.50972222,-8.763603210449219,1.0426931381225586,-233.8386993408203,67.24,142,58000,0.0007,2900,803.1876831054688
2999,405,0.0,-99148.89305556,-8.768904685974121,1.0439748764038086,-219.03564453125,58.21,147,60000,0.0007,3000,796.0323486328125
3099,405,0.0,-98406.33472223,-8.770915985107422,1.044232726097107,-224.3568572998047,63.21,152,62000,0.0007,3100,789.135498046875
3199,405,2.384185791015625e-07,-98289.92916667,-8.796428680419922,1.049046277999878,-204.72647094726562,74.43,157,64000,0.0007,3200,781.0341186523438
3299,405,0.0,-98237.67916667,-8.812446594238281,1.0520689487457275,-201.8720245361328,79.13,162,66000,0.0007,3300,773.2770385742188
3399,405,1.1920928955078125e-07,-98618.95416667,-8.794954299926758,1.0485507249832153,-213.78005981445312,87.39,167,68000,0.0007,3400,765.0648803710938
3499,406,0.0,-98838.25416667,-8.80272388458252,1.0499050617218018,-209.01089477539062,99.29,172,70000,0.0007,3500,757.1349487304688
3599,406,1.1920928955078125e-07,-98948.04166666999,-8.813765525817871,1.051027536392212,-234.4822235107422,110.58,177,72000,0.0007,3600,749.4568481445312
3699,406,0.0,-99089.89166667,-8.812148094177246,1.050989031791687,-227.8985595703125,114.72,182,74000,0.0007,3700,740.8269653320312
3799,406,0.0,-98948.875,-8.822239875793457,1.0535072088241577,-116963.9296875,150.08,187,76000,0.0007,3800,1465572352.0
3899,405,-1.1920928955078125e-07,-99086.95,-8.819968223571777,1.0525925159454346,-213.54434204101562,153.85,192,78000,0.0007,3900,725.8771362304688
3999,405,-9.5367431640625e-07,-99133.65,-8.821036338806152,1.0524535179138184,-231.56626892089844,158.52,197,80000,0.0007,4000,717.9044189453125
4099,405,1.1920928955078125e-07,-97308.2,-8.83286190032959,1.0554556846618652,-193.75965881347656,187.31,202,82000,0.0007,4100,711.0565795898438
4199,405,4.559755325317383e-05,-97454.2,-8.848182678222656,1.057481288909912,-120.44695281982422,191.01,207,84000,0.0007,4200,353.81988525390625
4299,405,-1.1920928955078125e-07,-96645.575,-8.863992691040039,1.0601427555084229,-224.603759765625,212.98,212,86000,0.0007,4300,695.865234375
4399,404,-2.384185791015625e-07,-96708.275,-8.849641799926758,1.058214545249939,-202.8207244873047,229.25,217,88000,0.0007,4400,688.7531127929688
4499,405,0.0,-96828.35,-8.85460090637207,1.0583404302597046,-183.6247100830078,241.37,222,90000,0.0007,4500,511.5464782714844
4599,405,7.748603820800781e-07,-96615.35,-8.866042137145996,1.060935378074646,-162.622802734375,263.64,226,92000,0.0007,4600,506.2028503417969
4699,405,0.0,-96259.9,-8.864222526550293,1.0615496635437012,6124.26025390625,258.14,232,94000,0.0007,4700,4961904.0
4799,405,1.1920928955078125e-07,-95748.95,-8.877737998962402,1.0632808208465576,-201.4807586669922,257.12,236,96000,0.0007,4800,660.3230590820312
4899,405,-1.0728836059570312e-06,-95815.25,-8.886375427246094,1.0643680095672607,-213.2906494140625,263.75,241,98000,0.0007,4900,652.5888061523438
4999,405,8.344650268554688e-07,-94870.55,-8.901595115661621,1.067550539970398,-196.87945556640625,279.27,246,100000,0.0007,5000,645.3539428710938
5099,405,-1.1920928955078125e-07,-93954.05,-8.890975952148438,1.0652339458465576,-208.7920379638672,287.22,251,102000,0.0007,5100,637.9378051757812
5199,405,5.960464477539063e-08,-94068.95,-8.885696411132812,1.064595103263855,-199.99740600585938,288.71,256,104000,0.0007,5200,631.31201171875
5299,405,-2.384185791015625e-07,-94068.95,-8.862292289733887,1.060288429260254,-213.897216796875,288.71,261,106000,0.0007,5300,624.00341796875
5399,405,0.0,-90339.85,-8.851622581481934,1.0586233139038086,-205.6027374267578,315.76,266,108000,0.0007,5400,616.5494995117188
5499,405,-1.1920928955078125e-07,-90371.85,-8.850725173950195,1.0589722394943237,-190.78257751464844,318.96,271,110000,0.0007,5500,608.9068603515625
5599,405,0.0,-88620.85,-8.864006042480469,1.0612921714782715,-183.402587890625,343.84,276,112000,0.0007,5600,601.4407348632812
5699,405,0.0,-87721.15,-8.894731521606445,1.066959023475647,-182.50039672851562,353.86,281,114000,0.0007,5700,594.0623168945312
5799,405,-1.1920928955078125e-07,-86991.25,-8.89340877532959,1.065774917602539,-208.07913208007812,370.86,285,116000,0.0007,5800,586.9179077148438
5899,405,0.0,-86991.25,-8.883902549743652,1.0639030933380127,-208.73171997070312,370.86,291,118000,0.0007,5900,579.5001831054688
5999,405,0.0,-85123.75,-8.890555381774902,1.0659587383270264,-188.63217163085938,384.09,296,120000,0.0007,6000,572.4916381835938
6099,405,1.1920928955078125e-07,-84584.975,-8.865922927856445,1.0613707304000854,-127414.3515625,398.47,300,122000,0.0007,6100,1462577792.0
6199,405,0.0,-84615.275,-8.835516929626465,1.0555477142333984,-46890.09375,401.5,306,124000,0.0007,6200,497241920.0
6299,405,5.960464477539063e-08,-83945.225,-8.877287864685059,1.0632998943328857,-168.15948486328125,409.97,311,126000,0.0007,6300,462.3211975097656
6399,404,0.0,-83962.125,-8.887042999267578,1.0646923780441284,-193.7135467529297,411.66,316,128000,0.0007,6400,545.0431518554688
6499,404,0.0,-83132.625,-8.895499229431152,1.0661271810531616,-192.34996032714844,408.7,321,130000,0.0007,6500,538.1864624023438
6599,404,0.0,-83305.05,-8.881606101989746,1.0634629726409912,-196.6991729736328,415.56,326,132000,0.0007,6600,531.5663452148438
6699,404,0.0,-83963.25,-8.895332336425781,1.0663702487945557,-183.58499145507812,417.72,331,134000,0.0007,6700,524.9874877929688
6799,404,-1.1920928955078125e-07,-84112.75,-8.890260696411133,1.065026044845581,-196.526123046875,422.25,336,136000,0.0007,6800,518.2771606445312
6899,404,0.0,-84385.15,-8.880337715148926,1.063567876815796,-186.8744354248047,439.49,341,138000,0.0007,6900,511.64111328125
6999,404,3.159046173095703e-06,-84596.05,-8.865996360778809,1.0609374046325684,-181.58982849121094,450.49,346,140000,0.0007,7000,505.29449462890625
7099,404,5.960464477539062e-07,-83693.55,-8.874141693115234,1.0628554821014404,-170.49595642089844,460.23,351,142000,0.0007,7100,498.6943359375
7199,404,0.0,-81103.75,-8.892905235290527,1.0658290386199951,-176.55862426757812,491.22,356,144000,0.0007,7200,491.92041015625
7299,404,-7.152557373046875e-07,-81110.45,-8.889400482177734,1.065497875213623,-169.1521453857422,491.89,361,146000,0.0007,7300,485.3202209472656
7399,404,0.0,-78388.85,-8.896249771118164,1.0663251876831055,-180.30967712402344,519.7,366,148000,0.0007,7400,478.81591796875
7499,404,-1.1920928955078125e-07,-77620.35,-8.890048027038574,1.0654184818267822,-168.72962951660156,532.84,370,150000,0.0007,7500,472.60382080078125
7599,404,0.0,-75985.9,-8.892242431640625,1.0660141706466675,-164.3477020263672,549.3,375,152000,0.0007,7600,466.56524658203125
7699,405,0.0,-74354.4,-8.919107437133789,1.0699355602264404,-190.71829223632812,566.13,380,154000,0.0007,7700,460.5404968261719
7799,405,0.0,-73562.8,-8.933157920837402,1.0725992918014526,-179.57859802246094,576.96,384,156000,0.0007,7800,454.2730407714844
7899,405,0.0,-73562.8,-8.955130577087402,1.0768775939941406,-173.8694305419922,576.96,389,158000,0.0007,7900,447.75396728515625
7999,405,0.0,-71928.0,-8.970394134521484,1.0799238681793213,-169.27842712402344,593.46,394,160000,0.0007,8000,441.4996643066406
8099,405,1.1920928955078125e-07,-71918.3,-8.972755432128906,1.0803598165512085,-167.17941284179688,592.49,399,162000,0.0007,8100,435.4644470214844
8199,405,-1.1920928955078125e-07,-71822.3,-9.009439468383789,1.0862528085708618,-185.83335876464844,582.89,404,164000,0.0007,8200,429.577392578125
8299,405,0.0,-75415.3,-9.00680160522461,1.0867934226989746,-156.57261657714844,542.23,409,166000,0.0007,8300,423.5548400878906
8399,405,-8.344650268554688e-07,-77167.7,-9.031452178955078,1.0906189680099487,-170.3258514404297,517.49,414,168000,0.0007,8400,417.5500183105469
8499,405,-2.384185791015625e-07,-77167.7,-9.01501750946045,1.0879666805267334,-159.8972625732422,517.49,419,170000,0.0007,8500,411.5882873535156
8599,405,1.1920928955078125e-07,-77167.7,-9.015616416931152,1.0873948335647583,-175.68528747558594,517.49,424,172000,0.0007,8600,405.9378356933594
8699,405,-2.384185791015625e-07,-77100.9,-9.007158279418945,1.086208462715149,-163.32359313964844,510.81,429,174000,0.0007,8700,400.0236511230469
8799,404,-1.1920928955078125e-07,-76163.1,-9.003608703613281,1.0852105617523193,-169.1617889404297,517.02,434,176000,0.0007,8800,394.362548828125
8899,404,0.0,-76140.8,-8.993049621582031,1.0836284160614014,-157.3180389404297,514.79,439,178000,0.0007,8900,388.65191650390625
8999,404,-1.1920928955078125e-07,-75194.3,-9.000060081481934,1.0854284763336182,-146.49197387695312,520.13,444,180000,0.0007,9000,382.58868408203125
9099,404,0.0,-75216.4,-8.991057395935059,1.0829484462738037,-166.93531799316406,522.34,449,182000,0.0007,9100,377.1690979003906
9199,404,1.1920928955078125e-07,-74249.4,-8.99515438079834,1.0838967561721802,-163.2062530517578,525.63,454,184000,0.0007,9200,371.73040771484375
9299,404,0.0,-74225.3,-8.992816925048828,1.0837401151657104,-151.50967407226562,523.22,459,186000,0.0007,9300,366.3958740234375
9399,404,1.1920928955078125e-07,-74097.7,-9.007394790649414,1.086427092552185,-158.8983154296875,510.46,464,188000,0.0007,9400,361.1195983886719
9499,404,5.960464477539063e-08,-75835.8,-9.01190185546875,1.0874712467193604,-149.19522094726562,484.29,469,190000,0.0007,9500,355.8849792480469
9599,404,1.1920928955078125e-07,-86776.4,-9.028416633605957,1.0905095338821411,-148.59738159179688,378.47,474,192000,0.0007,9600,350.1921081542969
9699,404,0.0,-89381.3,-9.04719066619873,1.0941524505615234,-142.6062774658203,338.99,479,194000,0.0007,9700,344.9633483886719
9799,404,-2.384185791015625e-07,-92169.9,-9.046998977661133,1.0937113761901855,-152.49986267089844,317.88,484,196000,0.0007,9800,339.9503479003906
9899,404,0.0,-91246.4,-9.048500061035156,1.0939429998397827,-145.2226104736328,325.52,489,198000,0.0007,9900,334.6095275878906
9999,404,0.0,-91249.1,-9.079757690429688,1.0991511344909668,-156.97410583496094,325.79,494,200000,0.0007,10000,329.0431823730469
10099,404,0.0,-96584.9,-9.066899299621582,1.0975860357284546,-138.91177368164062,279.43,499,202000,0.0007,10100,323.7996826171875
10199,404,0.0,-100565.525,-9.058452606201172,1.0951447486877441,-167.2873077392578,209.8,504,204000,0.0007,10200,318.925537109375
10299,404,0.0,-100336.625,-9.06906509399414,1.0971773862838745,-153.24465942382812,206.91,509,206000,0.0007,10300,314.1097106933594
10399,404,1.1920928955078125e-07,-99092.15,-9.043501853942871,1.092252254486084,-156.67544555664062,222.91,514,208000,0.0007,10400,309.0433044433594
10499,404,-1.1920928955078125e-07,-98460.6,-9.014604568481445,1.0874587297439575,-146.6839141845703,210.25,519,210000,0.0007,10500,304.5361328125
10599,404,0.0,-98252.2,-9.03899097442627,1.0923999547958374,-137.21702575683594,199.41,524,212000,0.0007,10600,299.4544982910156
10699,404,-1.1920928955078125e-07,-98663.6,-9.026958465576172,1.0895838737487793,-150.5736846923828,140.56,529,214000,0.0007,10700,294.6310119628906
10799,404,-2.384185791015625e-07,-99195.85,-9.019908905029297,1.088820457458496,-126783.875,91.07,534,216000,0.0007,10800,1456447872.0
10899,404,0.0,-100344.225,-9.007104873657227,1.0864574909210205,-137.00991821289062,66.75,539,218000,0.0007,10900,284.69488525390625
10999,404,1.1920928955078125e-07,-99986.325,-9.002751350402832,1.0864918231964111,-74974.1015625,70.96,544,220000,0.0007,11000,980467648.0
11099,404,1.1920928955078125e-07,-99940.325,-9.014105796813965,1.088407039642334,-37329.12890625,66.36,549,222000,0.0007,11100,495091616.0
11199,404,0.0,-100245.8,-9.020061492919922,1.0890355110168457,-130.0759735107422,65.58,553,224000,0.0007,11200,270.2983093261719
11299,404,0.0,-100370.2,-9.05113410949707,1.0945193767547607,-139.62486267089844,78.02,558,226000,0.0007,11300,265.86279296875
11399,404,1.7881393432617188e-07,-100761.6,-9.04909896850586,1.0939422845840454,-151.79527282714844,87.16,563,228000,0.0007,11400,261.3131408691406
11499,404,5.960464477539063e-08,-100853.7,-9.038093566894531,1.0919700860977173,-137.5642852783203,96.37,568,230000,0.0007,11500,256.9555358886719
11599,404,0.0,-100377.075,-9.031142234802246,1.0907316207885742,-131.8035430908203,110.14,573,232000,0.0007,11600,252.916748046875
11699,404,0.0,-100456.875,-9.063788414001465,1.096916913986206,-125.7137680053711,118.12,577,234000,0.0007,11700,248.26626586914062
11799,405,1.7881393432617188e-07,-100461.875,-9.075039863586426,1.0988304615020752,-127.43281555175781,118.62,582,236000,0.0007,11800,243.83238220214844
11899,405,0.0,-100333.775,-9.071846008300781,1.0984015464782715,-122.1334228515625,115.81,587,238000,0.0007,11900,239.35855102539062
11999,405,0.0,-100269.475,-9.053857803344727,1.095557451248169,-117.446044921875,119.38,592,240000,0.0007,12000,235.1888885498047
12099,405,1.7881393432617188e-07,-100242.375,-9.025423049926758,1.0899149179458618,-123.58585357666016,126.67,597,242000,0.0007,12100,230.4441375732422
12199,405,0.0,-100329.275,-9.028311729431152,1.0903942584991455,-114.3009033203125,125.36,602,244000,0.0007,12200,226.3472137451172
12299,405,1.1920928955078125e-07,-99423.675,-9.053842544555664,1.0939860343933105,-141.2278594970703,134.79,607,246000,0.0007,12300,221.6162109375
12399,405,0.0,-96883.5,-9.046645164489746,1.0933787822723389,-125.91888427734375,160.69,612,248000,0.0007,12400,217.4520263671875
12499,404,0.0,-96116.6,-9.052156448364258,1.0949735641479492,-113.9384765625,173.99,617,250000,0.0007,12500,213.0997772216797
12599,404,0.0,-95379.6,-9.050516128540039,1.0952467918395996,-111.4972915649414,188.9,622,252000,0.0007,12600,209.02261352539062
12699,405,0.0,-94836.9,-9.056727409362793,1.0958397388458252,-136688.875,214.62,627,254000,0.0007,12700,1454004480.0
12799,404,0.0,-94890.8,-9.052309036254883,1.0944958925247192,-127.83125305175781,220.01,632,256000,0.0007,12800,200.93028259277344
12899,404,1.1920928955078125e-07,-94976.8,-9.051095962524414,1.0949018001556396,-113.4207992553711,228.61,637,258000,0.0007,12900,197.066650390625
12999,404,0.0,-95019.8,-9.0938720703125,1.1031835079193115,-123497.9765625,232.91,642,260000,0.0007,13000,1453628032.0
13099,404,0.0,-97647.9,-9.101579666137695,1.1042861938476562,-113.95536041259766,165.75,647,262000,0.0007,13100,189.67654418945312
13199,404,0.0,-100938.4,-9.088174819946289,1.102042555809021,-109.7394027709961,94.84,651,264000,0.0007,13200,185.46189880371094
13299,404,1.1920928955078125e-07,-100997.6,-9.086822509765625,1.1019548177719116,-106.6844253540039,100.76,656,266000,0.0007,13300,181.1922149658203
13399,404,-1.1920928955078125e-07,-101027.4,-9.07609748840332,1.099751591682434,-113.00471496582031,103.74,661,268000,0.0007,13400,177.29116821289062
13499,404,0.0,-100131.8,-9.128015518188477,1.1092480421066284,-111.85479736328125,114.17,666,270000,0.0007,13500,173.06968688964844
13599,404,0.0,-98360.7,-9.123321533203125,1.108573317527771,-107.56502532958984,137.04,671,272000,0.0007,13600,169.1067657470703
13699,404,0.0,-97468.5,-9.084929466247559,1.1010711193084717,-111.020263671875,147.81,676,274000,0.0007,13700,165.28179931640625
13799,405,-1.1920928955078125e-07,-97504.0,-9.060310363769531,1.0961472988128662,-113.4139404296875,151.36,681,276000,0.0007,13800,161.56654357910156
13899,404,0.0,-95669.2,-9.0648832321167,1.0976444482803345,-98.10576629638672,167.86,686,278000,0.0007,13900,157.76321411132812
13999,404,0.0,-93922.9,-9.077467918395996,1.0993640422821045,-104.90227508544922,193.21,691,280000,0.0007,14000,154.07005310058594
14099,404,0.0,-93971.2,-9.093596458435059,1.1027476787567139,-97.05873107910156,198.04,696,282000,0.0007,14100,150.3619384765625
14199,404,0.0,-93260.8,-9.06998348236084,1.0979598760604858,-104.875244140625,226.99,701,284000,0.0007,14200,146.81396484375
14299,405,0.0,-93463.2,-9.054340362548828,1.0951226949691772,-105.00921630859375,247.23,706,286000,0.0007,14300,143.3994903564453
14399,405,0.0,-93542.7,-9.055068016052246,1.096098780632019,-156145.828125,255.18,710,288000,0.0007,14400,1916616704.0
14499,404,0.0,-93745.9,-9.082018852233887,1.10064697265625,-95.8132095336914,275.5,716,290000,0.0007,14500,136.4302215576172
14599,404,0.0,-93857.4,-9.09399700164795,1.1031419038772583,-89.9223861694336,286.65,721,292000,0.0007,14600,132.9786834716797
14699,404,0.0,-93970.1,-9.101795196533203,1.1044106483459473,-91.10186004638672,297.92,725,294000,0.0007,14700,129.5491485595703
14799,405,0.0,-94085.4,-9.09504222869873,1.103240966796875,-89.5132827758789,309.45,730,296000,0.0007,14800,126.2310791015625
14899,405,0.0,-94160.7,-9.097882270812988,1.1037836074829102,-88.74703216552734,316.98,735,298000,0.0007,14900,122.88929748535156
14999,405,0.0,-94224.0,-9.119185447692871,1.1075665950775146,-91.60673522949219,323.31,740,300000,0.0007,15000,119.60578918457031
15099,405,0.0,-93376.4,-9.122262954711914,1.1081913709640503,-93.5714340209961,338.54,745,302000,0.0007,15100,116.37992095947266
15199,405,0.0,-95235.5,-9.131747245788574,1.1100778579711914,-93.34329986572266,324.47,750,304000,0.0007,15200,113.21891021728516
15299,405,1.1920928955078125e-07,-96190.0,-9.149789810180664,1.1140637397766113,-83.1328125,319.93,755,306000,0.0007,15300,110.0933837890625
15399,405,0.0,-98868.4,-9.15366268157959,1.1150085926055908,-82.86209869384766,287.8,759,308000,0.0007,15400,107.0282974243164
15499,405,-1.1920928955078125e-07,-99650.4,-9.173903465270996,1.1186684370040894,-83.11207580566406,266.01,764,310000,0.0007,15500,103.98543548583984
15599,405,0.0,-98729.9,-9.189796447753906,1.1218266487121582,-78.9745864868164,273.95,769,312000,0.0007,15600,100.9512710571289
15699,405,0.0,-97841.6,-9.181131362915039,1.1202962398529053,-81.4632568359375,285.11,774,314000,0.0007,15700,98.02840423583984
15799,405,1.1920928955078125e-07,-95979.7,-9.179743766784668,1.11965012550354,-82.0190658569336,298.9,779,316000,0.0007,15800,95.1487045288086
15899,405,-1.1920928955078125e-07,-94155.5,-9.194884300231934,1.1227359771728516,-77.73539733886719,316.46,784,318000,0.0007,15900,92.31595611572266
15999,405,0.0,-92345.4,-9.201784133911133,1.1238270998001099,-82.70952606201172,335.43,789,320000,0.0007,16000,89.46919250488281
16099,405,-2.384185791015625e-07,-90531.1,-9.20479965209961,1.1246708631515503,-78.3450927734375,353.98,794,322000,0.0007,16100,86.67440795898438
16199,405,0.0,-88675.4,-9.202095031738281,1.1245592832565308,-71.49673461914062,368.39,799,324000,0.0007,16200,83.93172454833984
16299,405,0.0,-86867.7,-9.195631980895996,1.122572660446167,-73.34854888916016,387.6,804,326000,0.0007,16300,81.25072479248047
16399,405,0.0,-85051.2,-9.206981658935547,1.1248645782470703,-72.63070678710938,405.93,809,328000,0.0007,16400,78.57061767578125
16499,405,0.0,-83236.9,-9.19871997833252,1.1227911710739136,-77.41222381591797,424.48,813,330000,0.0007,16500,75.9778823852539
16599,405,0.0,-81410.3,-9.20169448852539,1.1235852241516113,-73.0076675415039,441.8,818,332000,0.0007,16600,73.3869400024414
16699,405,0.0,-79580.7,-9.23072338104248,1.1291468143463135,-69.5685043334961,458.82,824,334000,0.0007,16700,70.8749008178711
16799,405,0.0,-77769.7,-9.245759963989258,1.1318364143371582,-67.68509674072266,477.7,828,336000,0.0007,16800,68.40284729003906
16899,405,0.0,-75940.9,-9.272252082824707,1.1372064352035522,-67.06095123291016,494.8,833,338000,0.0007,16900,65.96868133544922
16999,405,0.0,-74090.7,-9.266632080078125,1.1356301307678223,-70.4847412109375,509.76,838,340000,0.0007,17000,63.568878173828125
17099,405,0.0,-72247.1,-9.312198638916016,1.144899606704712,-64.86788177490234,525.38,843,342000,0.0007,17100,61.22280502319336
17199,405,0.0,-70360.4,-9.349641799926758,1.151078462600708,-71.9727554321289,536.69,848,344000,0.0007,17200,58.9027099609375
17299,405,-1.1920928955078125e-07,-68544.3,-9.327377319335938,1.1479252576828003,-62.13386154174805,555.06,853,346000,0.0007,17300,56.68732833862305
17399,405,1.1920928955078125e-07,-66650.3,-9.355104446411133,1.153544545173645,-59.84572219848633,565.64,858,348000,0.0007,17400,54.45854568481445
17499,405,0.0,-64801.0,-9.35356330871582,1.152355670928955,-64.49657440185547,580.69,863,350000,0.0007,17500,52.2857551574707
17599,405,1.1920928955078125e-07,-62956.8,-9.346641540527344,1.1517236232757568,-59.44739532470703,596.25,868,352000,0.0007,17600,50.15749740600586
17699,405,0.0,-61109.5,-9.32993221282959,1.147580862045288,-63.219764709472656,611.5,873,354000,0.0007,17700,48.07621765136719
17799,405,1.1920928955078125e-07,-59222.0,-9.316256523132324,1.1449319124221802,-64.2695083618164,622.73,878,356000,0.0007,17800,46.049678802490234
17899,405,0.0,-57315.0,-9.319978713989258,1.145789623260498,-61.212989807128906,632.01,883,358000,0.0007,17900,44.05348587036133
17999,405,0.0,-55459.6,-9.313549995422363,1.1456589698791504,-54.135169982910156,646.45,888,360000,0.0007,18000,42.11991500854492
18099,405,0.0,-53590.1,-9.297595977783203,1.1421267986297607,-56.408546447753906,659.48,893,362000,0.0007,18100,40.211952209472656
18199,405,1.1920928955078125e-07,-51746.3,-9.281132698059082,1.1393074989318848,-52.16841506958008,675.08,898,364000,0.0007,18200,38.36056137084961
18299,405,1.1920928955078125e-07,-49915.3,-9.255409240722656,1.1346677541732788,-52.542755126953125,691.96,903,366000,0.0007,18300,36.567134857177734
18399,405,5.960464477539063e-08,-48089.3,-9.272992134094238,1.1380658149719238,-50.169673919677734,709.34,908,368000,0.0007,18400,34.809814453125
18499,404,-1.1920928955078125e-07,-46243.0,-9.249384880065918,1.133812427520752,-48.38307189941406,724.69,913,370000,0.0007,18500,33.0703239440918
18599,404,0.0,-44383.4,-9.240152359008789,1.1320371627807617,-46.4652214050293,738.71,918,372000,0.0007,18600,31.377729415893555
18699,404,0.0,-42525.6,-9.248404502868652,1.1334770917892456,-45.7362174987793,752.91,923,374000,0.0007,18700,29.73396873474121
18799,404,0.0,-40595.6,-9.285391807556152,1.1405818462371826,-41.976375579833984,759.89,928,376000,0.0007,18800,28.125762939453125
18899,404,0.0,-39612.4,-9.26755428314209,1.136574149131775,-43.1767463684082,761.56,933,378000,0.0007,18900,26.593305587768555
18999,404,0.0,-37706.0,-9.264910697937012,1.1359236240386963,-43.6747932434082,770.9,938,380000,0.0007,19000,25.07792854309082
19099,404,1.1920928955078125e-07,-36799.4,-9.286664009094238,1.1402614116668701,-41.37211227416992,780.23,943,382000,0.0007,19100,23.608646392822266
19199,404,1.1920928955078125e-07,-34979.2,-9.265787124633789,1.136963129043579,-37.96848678588867,798.19,948,384000,0.0007,19200,22.18947410583496
19299,404,0.0,-33154.7,-9.294264793395996,1.1419320106506348,-38.10120391845703,815.72,953,386000,0.0007,19300,20.810659408569336
19399,404,0.0,-31234.7,-9.296307563781738,1.1421594619750977,-38.9879264831543,823.7,958,388000,0.0007,19400,19.495466232299805
19499,404,0.0,-29399.0,-9.296292304992676,1.14285409450531,-34.673091888427734,840.11,963,390000,0.0007,19500,18.206144332885742
19599,404,5.960464477539063e-08,-27521.5,-9.288322448730469,1.1414124965667725,-32.474369049072266,852.34,968,392000,0.0007,19600,16.957651138305664
19699,404,-1.1920928955078125e-07,-25678.9,-9.274850845336914,1.1388263702392578,-31.449254989624023,868.06,973,394000,0.0007,19700,15.766153335571289
19799,404,0.0,-24753.6,-9.280677795410156,1.1396087408065796,-31.81201171875,875.52,978,396000,0.0007,19800,14.608935356140137
19899,404,0.0,-22935.6,-9.288187026977539,1.1408495903015137,-30.417951583862305,893.7,983,398000,0.0007,19900,13.491439819335938
19999,404,1.1920928955078125e-07,-21122.4,-9.295809745788574,1.142283320426941,-29.875158309936523,912.36,988,400000,0.0007,20000,12.428107261657715
20099,404,2.384185791015625e-07,-19258.5,-9.326038360595703,1.147373914718628,-29.68357276916504,925.95,992,402000,0.0007,20100,11.399093627929688
20199,404,5.960464477539063e-08,-17416.5,-9.359526634216309,1.1541509628295898,-27.549997329711914,941.73,997,404000,0.0007,20200,10.417129516601562
20299,404,0.0,-15586.1,-9.391534805297852,1.1602816581726074,-26.850507736206055,958.67,1002,406000,0.0007,20300,9.480588912963867
20399,404,5.960464477539063e-08,-13758.8,-9.387740135192871,1.1596336364746094,-24.901247024536133,975.92,1007,408000,0.0007,20400,8.591647148132324
20499,404,-1.1920928955078125e-07,-11908.1,-9.404632568359375,1.1631067991256714,-22.186582565307617,990.83,1012,410000,0.0007,20500,7.745413303375244
20599,404,0.0,-10990.6,-9.384941101074219,1.1591671705245972,-22.2314510345459,999.07,1017,412000,0.0007,20600,6.958703517913818
20699,404,0.0,-10000.0,-9.402976989746094,1.1623010635375977,-21.276979446411133,1000.0,1022,414000,0.0007,20700,6.194350242614746
20799,405,0.0,-10000.0,-9.426440238952637,1.1663851737976074,-20.998737335205078,1000.0,1027,416000,0.0007,20800,5.475314617156982
20899,404,0.0,-10000.0,-9.447981834411621,1.171118974685669,-17.43814468383789,1000.0,1032,418000,0.0007,20900,4.805899143218994
20999,404,-1.1920928955078125e-07,-10000.0,-9.471073150634766,1.1747910976409912,-18.292997360229492,1000.0,1037,420000,0.0007,21000,4.178475856781006
21099,404,0.0,-10000.0,-9.478286743164062,1.1761057376861572,-16.768674850463867,1000.0,1042,422000,0.0007,21100,3.593388080596924
21199,404,0.0,-10000.0,-9.509248733520508,1.182692050933838,-14.758865356445312,1000.0,1047,424000,0.0007,21200,3.051046133041382
21299,404,0.0,-10000.0,-9.494670867919922,1.1800198554992676,-13.674847602844238,1000.0,1051,426000,0.0007,21300,2.559436798095703
21399,404,0.0,-10000.0,-9.500255584716797,1.1813099384307861,-11.627227783203125,1000.0,1057,428000,0.0007,21400,2.101158618927002
21499,404,0.0,-10000.0,-9.50549602508545,1.181503415107727,-10.950114250183105,1000.0,1062,430000,0.0007,21500,1.6999138593673706
21599,404,1.1920928955078125e-07,-10000.0,-9.48997688293457,1.1788359880447388,-9.371066093444824,1000.0,1067,432000,0.0007,21600,1.3310773372650146
21699,404,5.960464477539063e-08,-10000.0,-9.477014541625977,1.1758525371551514,-8.801835060119629,1000.0,1071,434000,0.0007,21700,1.0124696493148804
21799,404,2.384185791015625e-07,-10000.0,-9.491365432739258,1.1782255172729492,-8.047308921813965,1000.0,1076,436000,0.0007,21800,0.7349916696548462
21899,404,1.7881393432617188e-07,-10000.0,-9.490012168884277,1.1786566972732544,-6.313426971435547,1000.0,1081,438000,0.0007,21900,0.5027109980583191
21999,404,4.76837158203125e-07,-10000.0,-9.49796199798584,1.1805624961853027,-4.873836040496826,1000.0,1086,440000,0.0007,22000,0.3139554560184479
22099,404,1.7881393432617188e-07,-10000.0,-9.515392303466797,1.1839587688446045,-3.522660493850708,1000.0,1091,442000,0.0007,22100,0.17008370161056519
22199,405,5.364418029785156e-07,-10000.0,-9.539535522460938,1.1883776187896729,-2.431133270263672,1000.0,1096,444000,0.0007,22200,0.0692279115319252
22299,405,0.0,-10000.0,-9.525298118591309,1.186189889907837,-0.9427670836448669,1000.0,1100,446000,0.0007,22300,0.013456406071782112
22399,405,6.9141387939453125e-06,-10000.0,-9.530426025390625,1.1868503093719482,-0.10163432359695435,1000.0,1105,448000,0.0007,22400,0.00012030005746055394
22499,405,0.3333333134651184,-10000.0,-9.530216217041016,1.186932921409607,-0.0016825385391712189,1000.0,1110,450000,0.0007,22500,4.0978193283081055e-08
22599,405,nan,-10000.0,-9.530241966247559,1.186936378479004,-0.0,1000.0,1115,452000,0.0007,22600,0.0
22699,405,nan,-10000.0,-9.530241966247559,1.186936378479004,-0.0,1000.0,1120,454000,0.0007,22700,0.0
22799,405,nan,-10000.0,-9.530241966247559,1.186936378479004,-0.0,1000.0,1125,456000,0.0007,22800,0.0
22899,405,nan,-10000.0,-9.530241966247559,1.186936378479004,-0.0,1000.0,1130,458000,0.0007,22900,0.0
22999,405,nan,-10000.0,-9.530241966247559,1.186936378479004,-0.0,1000.0,1134,460000,0.0007,23000,0.0
23099,405,nan,-10000.0,-9.530241966247559,1.186936378479004,-0.0,1000.0,1139,462000,0.0007,23100,0.0
23199,405,nan,-10000.0,-9.530241966247559,1.186936378479004,-0.0,1000.0,1144,464000,0.0007,23200,0.0
23299,405,nan,-10000.0,-9.530241966247559,1.186936378479004,-0.0,1000.0,1149,466000,0.0007,23300,0.0
23399,405,nan,-10000.0,-9.530241966247559,1.186936378479004,-0.0,1000.0,1154,468000,0.0007,23400,0.0
23499,405,nan,-10000.0,-9.530241966247559,1.186936378479004,-0.0,1000.0,1159,470000,0.0007,23500,0.0
23599,405,nan,-10000.0,-9.530241966247559,1.186936378479004,-0.0,1000.0,1164,472000,0.0007,23600,0.0
23699,405,nan,-10000.0,-9.530241966247559,1.186936378479004,-0.0,1000.0,1169,474000,0.0007,23700,0.0
23799,405,nan,-10000.0,-9.530241966247559,1.186936378479004,-0.0,1000.0,1174,476000,0.0007,23800,0.0
23899,405,nan,-10000.0,-9.530241966247559,1.186936378479004,-0.0,1000.0,1179,478000,0.0007,23900,0.0
23999,405,nan,-10000.0,-9.530241966247559,1.186936378479004,-0.0,1000.0,1184,480000,0.0007,24000,0.0
24099,405,nan,-10000.0,-9.530241966247559,1.186936378479004,-0.0,1000.0,1189,482000,0.0007,24100,0.0
24199,405,nan,-10000.0,-9.530241966247559,1.186936378479004,-0.0,1000.0,1194,484000,0.0007,24200,0.0
24299,405,nan,-10000.0,-9.530241966247559,1.186936378479004,-0.0,1000.0,1199,486000,0.0007,24300,0.0
24399,405,nan,-10000.0,-9.530241966247559,1.186936378479004,-0.0,1000.0,1204,488000,0.0007,24400,0.0
24499,405,nan,-10000.0,-9.530241966247559,1.186936378479004,-0.0,1000.0,1209,490000,0.0007,24500,0.0
24599,405,nan,-10000.0,-9.530241966247559,1.186936378479004,-0.0,1000.0,1214,492000,0.0007,24600,0.0
24699,405,nan,-10000.0,-9.530241966247559,1.186936378479004,-0.0,1000.0,1219,494000,0.0007,24700,0.0
24799,405,nan,-10000.0,-9.530241966247559,1.186936378479004,-0.0,1000.0,1224,496000,0.0007,24800,0.0
24899,405,nan,-10000.0,-9.530241966247559,1.186936378479004,-0.0,1000.0,1229,498000,0.0007,24900,0.0
24999,405,nan,-10000.0,-9.530241966247559,1.186936378479004,-0.0,1000.0,1233,500000,0.0007,25000,0.0
25099,405,nan,-10000.0,-9.530241966247559,1.186936378479004,-0.0,1000.0,1239,502000,0.0007,25100,0.0
25199,405,nan,-10000.0,-9.530241966247559,1.186936378479004,-0.0,1000.0,1244,504000,0.0007,25200,0.0
25299,405,nan,-10000.0,-9.530241966247559,1.186936378479004,-0.0,1000.0,1248,506000,0.0007,25300,0.0
25399,405,nan,-10000.0,-9.530241966247559,1.186936378479004,-0.0,1000.0,1253,508000,0.0007,25400,0.0
25499,405,nan,-10000.0,-9.530241966247559,1.186936378479004,-0.0,1000.0,1258,510000,0.0007,25500,0.0
25599,405,nan,-10000.0,-9.530241966247559,1.186936378479004,-0.0,1000.0,1263,512000,0.0007,25600,0.0
25699,405,nan,-10000.0,-9.530241966247559,1.186936378479004,-0.0,1000.0,1268,514000,0.0007,25700,0.0
25799,405,nan,-10000.0,-9.530241966247559,1.186936378479004,-0.0,1000.0,1273,516000,0.0007,25800,0.0
25899,405,nan,-10000.0,-9.530241966247559,1.186936378479004,-0.0,1000.0,1278,518000,0.0007,25900,0.0
25999,405,nan,-10000.0,-9.530241966247559,1.186936378479004,-0.0,1000.0,1283,520000,0.0007,26000,0.0
26099,405,nan,-10000.0,-9.530241966247559,1.186936378479004,-0.0,1000.0,1288,522000,0.0007,26100,0.0
26199,405,nan,-10000.0,-9.530241966247559,1.186936378479004,-0.0,1000.0,1293,524000,0.0007,26200,0.0
26299,405,nan,-10000.0,-9.530241966247559,1.186936378479004,-0.0,1000.0,1298,526000,0.0007,26300,0.0
26399,405,nan,-10000.0,-9.530241966247559,1.186936378479004,-0.0,1000.0,1303,528000,0.0007,26400,0.0
26499,405,nan,-10000.0,-9.530241966247559,1.186936378479004,-0.0,1000.0,1308,530000,0.0007,26500,0.0
26599,405,nan,-10000.0,-9.530241966247559,1.186936378479004,-0.0,1000.0,1313,532000,0.0007,26600,0.0
26699,405,nan,-10000.0,-9.530241966247559,1.186936378479004,-0.0,1000.0,1318,534000,0.0007,26700,0.0
26799,405,nan,-10000.0,-9.530241966247559,1.186936378479004,-0.0,1000.0,1323,536000,0.0007,26800,0.0
26899,405,nan,-10000.0,-9.530241966247559,1.186936378479004,-0.0,1000.0,1328,538000,0.0007,26900,0.0
26999,405,nan,-10000.0,-9.530241966247559,1.186936378479004,-0.0,1000.0,1332,540000,0.0007,27000,0.0
27099,405,nan,-10000.0,-9.530241966247559,1.186936378479004,-0.0,1000.0,1337,542000,0.0007,27100,0.0
27199,405,nan,-10000.0,-9.530241966247559,1.186936378479004,-0.0,1000.0,1342,544000,0.0007,27200,0.0
27299,405,nan,-10000.0,-9.530241966247559,1.186936378479004,-0.0,1000.0,1347,546000,0.0007,27300,0.0
27399,405,nan,-10000.0,-9.530241966247559,1.186936378479004,-0.0,1000.0,1352,548000,0.0007,27400,0.0
27499,405,nan,-10000.0,-9.530241966247559,1.186936378479004,-0.0,1000.0,1357,550000,0.0007,27500,0.0
27599,405,nan,-10000.0,-9.530241966247559,1.186936378479004,-0.0,1000.0,1362,552000,0.0007,27600,0.0
27699,405,nan,-10000.0,-9.530241966247559,1.186936378479004,-0.0,1000.0,1367,554000,0.0007,27700,0.0
27799,405,nan,-10000.0,-9.530241966247559,1.186936378479004,-0.0,1000.0,1372,556000,0.0007,27800,0.0
27899,405,nan,-10000.0,-9.530241966247559,1.186936378479004,-0.0,1000.0,1377,558000,0.0007,27900,0.0
27999,405,nan,-10000.0,-9.530241966247559,1.186936378479004,-0.0,1000.0,1382,560000,0.0007,28000,0.0
28099,405,nan,-10000.0,-9.530241966247559,1.186936378479004,-0.0,1000.0,1387,562000,0.0007,28100,0.0
28199,404,nan,-10000.0,-9.530241966247559,1.186936378479004,-0.0,1000.0,1392,564000,0.0007,28200,0.0
28299,405,nan,-10000.0,-9.530241966247559,1.186936378479004,-0.0,1000.0,1397,566000,0.0007,28300,0.0
28399,405,nan,-10000.0,-9.530241966247559,1.186936378479004,-0.0,1000.0,1402,568000,0.0007,28400,0.0
28499,405,nan,-10000.0,-9.530241966247559,1.186936378479004,-0.0,1000.0,1407,570000,0.0007,28500,0.0
28599,405,nan,-10000.0,-9.530241966247559,1.186936378479004,-0.0,1000.0,1412,572000,0.0007,28600,0.0
28699,405,nan,-10000.0,-9.530241966247559,1.186936378479004,-0.0,1000.0,1416,574000,0.0007,28700,0.0
28799,405,nan,-10000.0,-9.530241966247559,1.186936378479004,-0.0,1000.0,1421,576000,0.0007,28800,0.0
28899,405,nan,-10000.0,-9.530241966247559,1.186936378479004,-0.0,1000.0,1426,578000,0.0007,28900,0.0
28999,405,nan,-10000.0,-9.530241966247559,1.186936378479004,-0.0,1000.0,1432,580000,0.0007,29000,0.0
29099,405,nan,-10000.0,-9.530241966247559,1.186936378479004,-0.0,1000.0,1436,582000,0.0007,29100,0.0
29199,405,nan,-10000.0,-9.530241966247559,1.186936378479004,-0.0,1000.0,1441,584000,0.0007,29200,0.0
29299,405,nan,-10000.0,-9.530241966247559,1.186936378479004,-0.0,1000.0,1446,586000,0.0007,29300,0.0
29399,405,nan,-10000.0,-9.530241966247559,1.186936378479004,-0.0,1000.0,1451,588000,0.0007,29400,0.0
29499,405,nan,-10000.0,-9.530241966247559,1.186936378479004,-0.0,1000.0,1456,590000,0.0007,29500,0.0
29599,405,nan,-10000.0,-9.530241966247559,1.186936378479004,-0.0,1000.0,1461,592000,0.0007,29600,0.0
29699,405,nan,-10000.0,-9.530241966247559,1.186936378479004,-0.0,1000.0,1465,594000,0.0007,29700,0.0
29799,405,nan,-10000.0,-9.530241966247559,1.186936378479004,-0.0,1000.0,1470,596000,0.0007,29800,0.0
29899,405,nan,-10000.0,-9.530241966247559,1.186936378479004,-0.0,1000.0,1475,598000,0.0007,29900,0.0
29999,405,nan,-10000.0,-9.530241966247559,1.186936378479004,-0.0,1000.0,1480,600000,0.0007,30000,0.0
30099,405,nan,-10000.0,-9.530241966247559,1.186936378479004,-0.0,1000.0,1485,602000,0.0007,30100,0.0
30199,405,nan,-10000.0,-9.530241966247559,1.186936378479004,-0.0,1000.0,1490,604000,0.0007,30200,0.0
30299,405,nan,-10000.0,-9.530241966247559,1.186936378479004,-0.0,1000.0,1494,606000,0.0007,30300,0.0
30399,405,nan,-10000.0,-9.530241966247559,1.186936378479004,-0.0,1000.0,1499,608000,0.0007,30400,0.0
30499,405,nan,-10000.0,-9.530241966247559,1.186936378479004,-0.0,1000.0,1504,610000,0.0007,30500,0.0
30599,405,nan,-10000.0,-9.530241966247559,1.186936378479004,-0.0,1000.0,1509,612000,0.0007,30600,0.0
30699,405,nan,-10000.0,-9.530241966247559,1.186936378479004,-0.0,1000.0,1514,614000,0.0007,30700,0.0
30799,405,nan,-10000.0,-9.530241966247559,1.186936378479004,-0.0,1000.0,1519,616000,0.0007,30800,0.0
30899,405,nan,-10000.0,-9.530241966247559,1.186936378479004,-0.0,1000.0,1523,618000,0.0007,30900,0.0
30999,405,nan,-10000.0,-9.530241966247559,1.186936378479004,-0.0,1000.0,1528,620000,0.0007,31000,0.0
31099,405,nan,-10000.0,-9.530241966247559,1.186936378479004,-0.0,1000.0,1533,622000,0.0007,31100,0.0
31199,405,nan,-10000.0,-9.530241966247559,1.186936378479004,-0.0,1000.0,1538,624000,0.0007,31200,0.0
31299,405,nan,-10000.0,-9.530241966247559,1.186936378479004,-0.0,1000.0,1543,626000,0.0007,31300,0.0
31399,405,nan,-10000.0,-9.530241966247559,1.186936378479004,-0.0,1000.0,1548,628000,0.0007,31400,0.0
31499,405,nan,-10000.0,-9.530241966247559,1.186936378479004,-0.0,1000.0,1553,630000,0.0007,31500,0.0
31599,405,nan,-10000.0,-9.530241966247559,1.186936378479004,-0.0,1000.0,1558,632000,0.0007,31600,0.0
31699,405,nan,-10000.0,-9.530241966247559,1.186936378479004,-0.0,1000.0,1563,634000,0.0007,31700,0.0
31799,405,nan,-10000.0,-9.530241966247559,1.186936378479004,-0.0,1000.0,1568,636000,0.0007,31800,0.0
31899,405,nan,-10000.0,-9.530241966247559,1.186936378479004,-0.0,1000.0,1573,638000,0.0007,31900,0.0
31999,405,nan,-10000.0,-9.530241966247559,1.186936378479004,-0.0,1000.0,1578,640000,0.0007,32000,0.0
32099,405,nan,-10000.0,-9.530241966247559,1.186936378479004,-0.0,1000.0,1583,642000,0.0007,32100,0.0
32199,405,nan,-10000.0,-9.530241966247559,1.186936378479004,-0.0,1000.0,1587,644000,0.0007,32200,0.0
32299,405,nan,-10000.0,-9.530241966247559,1.186936378479004,-0.0,1000.0,1592,646000,0.0007,32300,0.0
32399,405,nan,-10000.0,-9.530241966247559,1.186936378479004,-0.0,1000.0,1597,648000,0.0007,32400,0.0
32499,405,nan,-10000.0,-9.530241966247559,1.186936378479004,-0.0,1000.0,1602,650000,0.0007,32500,0.0
32599,405,nan,-10000.0,-9.530241966247559,1.186936378479004,-0.0,1000.0,1607,652000,0.0007,32600,0.0
32699,405,nan,-10000.0,-9.530241966247559,1.186936378479004,-0.0,1000.0,1613,654000,0.0007,32700,0.0
32799,405,nan,-10000.0,-9.530241966247559,1.186936378479004,-0.0,1000.0,1617,656000,0.0007,32800,0.0
32899,405,nan,-10000.0,-9.530241966247559,1.186936378479004,-0.0,1000.0,1623,658000,0.0007,32900,0.0
32999,405,nan,-10000.0,-9.530241966247559,1.186936378479004,-0.0,1000.0,1628,660000,0.0007,33000,0.0
33099,405,nan,-10000.0,-9.530241966247559,1.186936378479004,-0.0,1000.0,1632,662000,0.0007,33100,0.0
33199,405,nan,-10000.0,-9.530241966247559,1.186936378479004,-0.0,1000.0,1638,664000,0.0007,33200,0.0
33299,405,nan,-10000.0,-9.530241966247559,1.186936378479004,-0.0,1000.0,1643,666000,0.0007,33300,0.0
33399,405,nan,-10000.0,-9.530241966247559,1.186936378479004,-0.0,1000.0,1647,668000,0.0007,33400,0.0
33499,405,nan,-10000.0,-9.530241966247559,1.186936378479004,-0.0,1000.0,1653,670000,0.0007,33500,0.0
33599,405,nan,-10000.0,-9.530241966247559,1.186936378479004,-0.0,1000.0,1658,672000,0.0007,33600,0.0
33699,405,nan,-10000.0,-9.530241966247559,1.186936378479004,-0.0,1000.0,1663,674000,0.0007,33700,0.0
33799,405,nan,-10000.0,-9.530241966247559,1.186936378479004,-0.0,1000.0,1667,676000,0.0007,33800,0.0
33899,405,nan,-10000.0,-9.530241966247559,1.186936378479004,-0.0,1000.0,1672,678000,0.0007,33900,0.0
33999,405,nan,-10000.0,-9.530241966247559,1.186936378479004,-0.0,1000.0,1677,680000,0.0007,34000,0.0
34099,405,nan,-10000.0,-9.530241966247559,1.186936378479004,-0.0,1000.0,1682,682000,0.0007,34100,0.0
34199,405,nan,-10000.0,-9.530241966247559,1.186936378479004,-0.0,1000.0,1687,684000,0.0007,34200,0.0
34299,405,nan,-10000.0,-9.530241966247559,1.186936378479004,-0.0,1000.0,1692,686000,0.0007,34300,0.0
34399,405,nan,-10000.0,-9.530241966247559,1.186936378479004,-0.0,1000.0,1697,688000,0.0007,34400,0.0
34499,405,nan,-10000.0,-9.530241966247559,1.186936378479004,-0.0,1000.0,1702,690000,0.0007,34500,0.0
34599,405,nan,-10000.0,-9.530241966247559,1.186936378479004,-0.0,1000.0,1707,692000,0.0007,34600,0.0
34699,405,nan,-10000.0,-9.530241966247559,1.186936378479004,-0.0,1000.0,1712,694000,0.0007,34700,0.0
34799,405,nan,-10000.0,-9.530241966247559,1.186936378479004,-0.0,1000.0,1716,696000,0.0007,34800,0.0
34899,405,nan,-10000.0,-9.530241966247559,1.186936378479004,-0.0,1000.0,1721,698000,0.0007,34900,0.0
34999,405,nan,-10000.0,-9.530241966247559,1.186936378479004,-0.0,1000.0,1726,700000,0.0007,35000,0.0
35099,405,nan,-10000.0,-9.530241966247559,1.186936378479004,-0.0,1000.0,1731,702000,0.0007,35100,0.0
35199,405,nan,-10000.0,-9.530241966247559,1.186936378479004,-0.0,1000.0,1736,704000,0.0007,35200,0.0
35299,405,nan,-10000.0,-9.530241966247559,1.186936378479004,-0.0,1000.0,1741,706000,0.0007,35300,0.0
35399,405,nan,-10000.0,-9.530241966247559,1.186936378479004,-0.0,1000.0,1746,708000,0.0007,35400,0.0
35499,405,nan,-10000.0,-9.530241966247559,1.186936378479004,-0.0,1000.0,1751,710000,0.0007,35500,0.0
35599,405,nan,-10000.0,-9.530241966247559,1.186936378479004,-0.0,1000.0,1756,712000,0.0007,35600,0.0
35699,405,nan,-10000.0,-9.530241966247559,1.186936378479004,-0.0,1000.0,1761,714000,0.0007,35700,0.0
35799,405,nan,-10000.0,-9.530241966247559,1.186936378479004,-0.0,1000.0,1766,716000,0.0007,35800,0.0
35899,405,nan,-10000.0,-9.530241966247559,1.186936378479004,-0.0,1000.0,1771,718000,0.0007,35900,0.0
35999,405,nan,-10000.0,-9.530241966247559,1.186936378479004,-0.0,1000.0,1776,720000,0.0007,36000,0.0
36099,405,nan,-10000.0,-9.530241966247559,1.186936378479004,-0.0,1000.0,1781,722000,0.0007,36100,0.0
36199,405,nan,-10000.0,-9.530241966247559,1.186936378479004,-0.0,1000.0,1786,724000,0.0007,36200,0.0
36299,405,nan,-10000.0,-9.530241966247559,1.186936378479004,-0.0,1000.0,1791,726000,0.0007,36300,0.0
36399,405,nan,-10000.0,-9.530241966247559,1.186936378479004,-0.0,1000.0,1796,728000,0.0007,36400,0.0
36499,405,nan,-10000.0,-9.530241966247559,1.186936378479004,-0.0,1000.0,1801,730000,0.0007,36500,0.0
36599,405,nan,-10000.0,-9.530241966247559,1.186936378479004,-0.0,1000.0,1806,732000,0.0007,36600,0.0
36699,405,nan,-10000.0,-9.530241966247559,1.186936378479004,-0.0,1000.0,1811,734000,0.0007,36700,0.0
36799,405,nan,-10000.0,-9.530241966247559,1.186936378479004,-0.0,1000.0,1816,736000,0.0007,36800,0.0
36899,405,nan,-10000.0,-9.530241966247559,1.186936378479004,-0.0,1000.0,1821,738000,0.0007,36900,0.0
36999,405,nan,-10000.0,-9.530241966247559,1.186936378479004,-0.0,1000.0,1826,740000,0.0007,37000,0.0
37099,405,nan,-10000.0,-9.530241966247559,1.186936378479004,-0.0,1000.0,1831,742000,0.0007,37100,0.0
37199,405,nan,-10000.0,-9.530241966247559,1.186936378479004,-0.0,1000.0,1836,744000,0.0007,37200,0.0
37299,405,nan,-10000.0,-9.530241966247559,1.186936378479004,-0.0,1000.0,1841,746000,0.0007,37300,0.0
37399,405,nan,-10000.0,-9.530241966247559,1.186936378479004,-0.0,1000.0,1846,748000,0.0007,37400,0.0
37499,405,nan,-10000.0,-9.530241966247559,1.186936378479004,-0.0,1000.0,1851,750000,0.0007,37500,0.0
37599,405,nan,-10000.0,-9.530241966247559,1.186936378479004,-0.0,1000.0,1856,752000,0.0007,37600,0.0
37699,405,nan,-10000.0,-9.530241966247559,1.186936378479004,-0.0,1000.0,1861,754000,0.0007,37700,0.0
37799,405,nan,-10000.0,-9.530241966247559,1.186936378479004,-0.0,1000.0,1865,756000,0.0007,37800,0.0
37899,405,nan,-10000.0,-9.530241966247559,1.186936378479004,-0.0,1000.0,1871,758000,0.0007,37900,0.0
37999,405,nan,-10000.0,-9.530241966247559,1.186936378479004,-0.0,1000.0,1876,760000,0.0007,38000,0.0
38099,405,nan,-10000.0,-9.530241966247559,1.186936378479004,-0.0,1000.0,1881,762000,0.0007,38100,0.0
38199,405,nan,-10000.0,-9.530241966247559,1.186936378479004,-0.0,1000.0,1886,764000,0.0007,38200,0.0
38299,405,nan,-10000.0,-9.530241966247559,1.186936378479004,-0.0,1000.0,1891,766000,0.0007,38300,0.0
38399,405,nan,-10000.0,-9.530241966247559,1.186936378479004,-0.0,1000.0,1895,768000,0.0007,38400,0.0
38499,405,nan,-10000.0,-9.530241966247559,1.186936378479004,-0.0,1000.0,1900,770000,0.0007,38500,0.0
38599,405,nan,-10000.0,-9.530241966247559,1.186936378479004,-0.0,1000.0,1905,772000,0.0007,38600,0.0
38699,405,nan,-10000.0,-9.530241966247559,1.186936378479004,-0.0,1000.0,1910,774000,0.0007,38700,0.0
38799,405,nan,-10000.0,-9.530241966247559,1.186936378479004,-0.0,1000.0,1915,776000,0.0007,38800,0.0
38899,405,nan,-10000.0,-9.530241966247559,1.186936378479004,-0.0,1000.0,1919,778000,0.0007,38900,0.0
38999,405,nan,-10000.0,-9.530241966247559,1.186936378479004,-0.0,1000.0,1924,780000,0.0007,39000,0.0
39099,405,nan,-10000.0,-9.530241966247559,1.186936378479004,-0.0,1000.0,1929,782000,0.0007,39100,0.0
39199,405,nan,-10000.0,-9.530241966247559,1.186936378479004,-0.0,1000.0,1934,784000,0.0007,39200,0.0
39299,405,nan,-10000.0,-9.530241966247559,1.186936378479004,-0.0,1000.0,1939,786000,0.0007,39300,0.0
39399,405,nan,-10000.0,-9.530241966247559,1.186936378479004,-0.0,1000.0,1943,788000,0.0007,39400,0.0
39499,405,nan,-10000.0,-9.530241966247559,1.186936378479004,-0.0,1000.0,1948,790000,0.0007,39500,0.0
39599,405,nan,-10000.0,-9.530241966247559,1.186936378479004,-0.0,1000.0,1953,792000,0.0007,39600,0.0
39699,405,nan,-10000.0,-9.530241966247559,1.186936378479004,-0.0,1000.0,1958,794000,0.0007,39700,0.0
39799,405,nan,-10000.0,-9.530241966247559,1.186936378479004,-0.0,1000.0,1962,796000,0.0007,39800,0.0
39899,405,nan,-10000.0,-9.530241966247559,1.186936378479004,-0.0,1000.0,1967,798000,0.0007,39900,0.0
39999,405,nan,-10000.0,-9.530241966247559,1.186936378479004,-0.0,1000.0,1972,800000,0.0007,40000,0.0
40099,405,nan,-10000.0,-9.530241966247559,1.186936378479004,-0.0,1000.0,1977,802000,0.0007,40100,0.0
40199,405,nan,-10000.0,-9.530241966247559,1.186936378479004,-0.0,1000.0,1982,804000,0.0007,40200,0.0
40299,405,nan,-10000.0,-9.530241966247559,1.186936378479004,-0.0,1000.0,1987,806000,0.0007,40300,0.0
40399,405,nan,-10000.0,-9.530241966247559,1.186936378479004,-0.0,1000.0,1992,808000,0.0007,40400,0.0
40499,405,nan,-10000.0,-9.530241966247559,1.186936378479004,-0.0,1000.0,1997,810000,0.0007,40500,0.0
40599,405,nan,-10000.0,-9.530241966247559,1.186936378479004,-0.0,1000.0,2001,812000,0.0007,40600,0.0
40699,405,nan,-10000.0,-9.530241966247559,1.186936378479004,-0.0,1000.0,2006,814000,0.0007,40700,0.0
40799,405,nan,-10000.0,-9.530241966247559,1.186936378479004,-0.0,1000.0,2012,816000,0.0007,40800,0.0
40899,405,nan,-10000.0,-9.530241966247559,1.186936378479004,-0.0,1000.0,2016,818000,0.0007,40900,0.0
40999,405,nan,-10000.0,-9.530241966247559,1.186936378479004,-0.0,1000.0,2021,820000,0.0007,41000,0.0
41099,405,nan,-10000.0,-9.530241966247559,1.186936378479004,-0.0,1000.0,2027,822000,0.0007,41100,0.0
41199,405,nan,-10000.0,-9.530241966247559,1.186936378479004,-0.0,1000.0,2032,824000,0.0007,41200,0.0
41299,405,nan,-10000.0,-9.530241966247559,1.186936378479004,-0.0,1000.0,2037,826000,0.0007,41300,0.0
41399,405,nan,-10000.0,-9.530241966247559,1.186936378479004,-0.0,1000.0,2041,828000,0.0007,41400,0.0
41499,405,nan,-10000.0,-9.530241966247559,1.186936378479004,-0.0,1000.0,2046,830000,0.0007,41500,0.0
41599,405,nan,-10000.0,-9.530241966247559,1.186936378479004,-0.0,1000.0,2051,832000,0.0007,41600,0.0
41699,405,nan,-10000.0,-9.530241966247559,1.186936378479004,-0.0,1000.0,2056,834000,0.0007,41700,0.0
41799,405,nan,-10000.0,-9.530241966247559,1.186936378479004,-0.0,1000.0,2061,836000,0.0007,41800,0.0
41899,405,nan,-10000.0,-9.530241966247559,1.186936378479004,-0.0,1000.0,2066,838000,0.0007,41900,0.0
41999,405,nan,-10000.0,-9.530241966247559,1.186936378479004,-0.0,1000.0,2071,840000,0.0007,42000,0.0
42099,405,nan,-10000.0,-9.530241966247559,1.186936378479004,-0.0,1000.0,2076,842000,0.0007,42100,0.0
42199,405,nan,-10000.0,-9.530241966247559,1.186936378479004,-0.0,1000.0,2081,844000,0.0007,42200,0.0
42299,405,nan,-10000.0,-9.530241966247559,1.186936378479004,-0.0,1000.0,2086,846000,0.0007,42300,0.0
42399,405,nan,-10000.0,-9.530241966247559,1.186936378479004,-0.0,1000.0,2091,848000,0.0007,42400,0.0
42499,405,nan,-10000.0,-9.530241966247559,1.186936378479004,-0.0,1000.0,2096,850000,0.0007,42500,0.0
42599,405,nan,-10000.0,-9.530241966247559,1.186936378479004,-0.0,1000.0,2101,852000,0.0007,42600,0.0
42699,405,nan,-10000.0,-9.530241966247559,1.186936378479004,-0.0,1000.0,2106,854000,0.0007,42700,0.0
42799,405,nan,-10000.0,-9.530241966247559,1.186936378479004,-0.0,1000.0,2111,856000,0.0007,42800,0.0
42899,405,nan,-10000.0,-9.530241966247559,1.186936378479004,-0.0,1000.0,2116,858000,0.0007,42900,0.0
42999,405,nan,-10000.0,-9.530241966247559,1.186936378479004,-0.0,1000.0,2121,860000,0.0007,43000,0.0
43099,405,nan,-10000.0,-9.530241966247559,1.186936378479004,-0.0,1000.0,2126,862000,0.0007,43100,0.0
43199,405,nan,-10000.0,-9.530241966247559,1.186936378479004,-0.0,1000.0,2130,864000,0.0007,43200,0.0
43299,405,nan,-10000.0,-9.530241966247559,1.186936378479004,-0.0,1000.0,2135,866000,0.0007,43300,0.0
43399,405,nan,-10000.0,-9.530241966247559,1.186936378479004,-0.0,1000.0,2140,868000,0.0007,43400,0.0
43499,405,nan,-10000.0,-9.530241966247559,1.186936378479004,-0.0,1000.0,2145,870000,0.0007,43500,0.0
43599,405,nan,-10000.0,-9.530241966247559,1.186936378479004,-0.0,1000.0,2150,872000,0.0007,43600,0.0
43699,405,nan,-10000.0,-9.530241966247559,1.186936378479004,-0.0,1000.0,2155,874000,0.0007,43700,0.0
43799,405,nan,-10000.0,-9.530241966247559,1.186936378479004,-0.0,1000.0,2160,876000,0.0007,43800,0.0
43899,405,nan,-10000.0,-9.530241966247559,1.186936378479004,-0.0,1000.0,2166,878000,0.0007,43900,0.0
43999,405,nan,-10000.0,-9.530241966247559,1.186936378479004,-0.0,1000.0,2171,880000,0.0007,44000,0.0
44099,405,nan,-10000.0,-9.530241966247559,1.186936378479004,-0.0,1000.0,2175,882000,0.0007,44100,0.0
44199,405,nan,-10000.0,-9.530241966247559,1.186936378479004,-0.0,1000.0,2180,884000,0.0007,44200,0.0
44299,405,nan,-10000.0,-9.530241966247559,1.186936378479004,-0.0,1000.0,2185,886000,0.0007,44300,0.0
44399,405,nan,-10000.0,-9.530241966247559,1.186936378479004,-0.0,1000.0,2190,888000,0.0007,44400,0.0
44499,405,nan,-10000.0,-9.530241966247559,1.186936378479004,-0.0,1000.0,2195,890000,0.0007,44500,0.0
44599,405,nan,-10000.0,-9.530241966247559,1.186936378479004,-0.0,1000.0,2199,892000,0.0007,44600,0.0
44699,405,nan,-10000.0,-9.530241966247559,1.186936378479004,-0.0,1000.0,2204,894000,0.0007,44700,0.0
44799,405,nan,-10000.0,-9.530241966247559,1.186936378479004,-0.0,1000.0,2209,896000,0.0007,44800,0.0
44899,405,nan,-10000.0,-9.530241966247559,1.186936378479004,-0.0,1000.0,2214,898000,0.0007,44900,0.0
44999,405,nan,-10000.0,-9.530241966247559,1.186936378479004,-0.0,1000.0,2219,900000,0.0007,45000,0.0
45099,405,nan,-10000.0,-9.530241966247559,1.186936378479004,-0.0,1000.0,2224,902000,0.0007,45100,0.0
45199,405,nan,-10000.0,-9.530241966247559,1.186936378479004,-0.0,1000.0,2229,904000,0.0007,45200,0.0
45299,405,nan,-10000.0,-9.530241966247559,1.186936378479004,-0.0,1000.0,2234,906000,0.0007,45300,0.0
45399,405,nan,-10000.0,-9.530241966247559,1.186936378479004,-0.0,1000.0,2239,908000,0.0007,45400,0.0
45499,405,nan,-10000.0,-9.530241966247559,1.186936378479004,-0.0,1000.0,2244,910000,0.0007,45500,0.0
45599,405,nan,-10000.0,-9.530241966247559,1.186936378479004,-0.0,1000.0,2249,912000,0.0007,45600,0.0
45699,405,nan,-10000.0,-9.530241966247559,1.186936378479004,-0.0,1000.0,2253,914000,0.0007,45700,0.0
45799,405,nan,-10000.0,-9.530241966247559,1.186936378479004,-0.0,1000.0,2258,916000,0.0007,45800,0.0
45899,405,nan,-10000.0,-9.530241966247559,1.186936378479004,-0.0,1000.0,2263,918000,0.0007,45900,0.0
45999,405,nan,-10000.0,-9.530241966247559,1.186936378479004,-0.0,1000.0,2268,920000,0.0007,46000,0.0
46099,405,nan,-10000.0,-9.530241966247559,1.186936378479004,-0.0,1000.0,2273,922000,0.0007,46100,0.0
46199,405,nan,-10000.0,-9.530241966247559,1.186936378479004,-0.0,1000.0,2278,924000,0.0007,46200,0.0
46299,405,nan,-10000.0,-9.530241966247559,1.186936378479004,-0.0,1000.0,2283,926000,0.0007,46300,0.0
46399,405,nan,-10000.0,-9.530241966247559,1.186936378479004,-0.0,1000.0,2288,928000,0.0007,46400,0.0
46499,405,nan,-10000.0,-9.530241966247559,1.186936378479004,-0.0,1000.0,2293,930000,0.0007,46500,0.0
46599,405,nan,-10000.0,-9.530241966247559,1.186936378479004,-0.0,1000.0,2298,932000,0.0007,46600,0.0
46699,405,nan,-10000.0,-9.530241966247559,1.186936378479004,-0.0,1000.0,2303,934000,0.0007,46700,0.0
46799,405,nan,-10000.0,-9.530241966247559,1.186936378479004,-0.0,1000.0,2308,936000,0.0007,46800,0.0
46899,405,nan,-10000.0,-9.530241966247559,1.186936378479004,-0.0,1000.0,2313,938000,0.0007,46900,0.0
46999,405,nan,-10000.0,-9.530241966247559,1.186936378479004,-0.0,1000.0,2317,940000,0.0007,47000,0.0
47099,405,nan,-10000.0,-9.530241966247559,1.186936378479004,-0.0,1000.0,2322,942000,0.0007,47100,0.0
47199,405,nan,-10000.0,-9.530241966247559,1.186936378479004,-0.0,1000.0,2327,944000,0.0007,47200,0.0
47299,405,nan,-10000.0,-9.530241966247559,1.186936378479004,-0.0,1000.0,2332,946000,0.0007,47300,0.0
47399,405,nan,-10000.0,-9.530241966247559,1.186936378479004,-0.0,1000.0,2337,948000,0.0007,47400,0.0
47499,405,nan,-10000.0,-9.530241966247559,1.186936378479004,-0.0,1000.0,2342,950000,0.0007,47500,0.0
47599,405,nan,-10000.0,-9.530241966247559,1.186936378479004,-0.0,1000.0,2346,952000,0.0007,47600,0.0
47699,405,nan,-10000.0,-9.530241966247559,1.186936378479004,-0.0,1000.0,2351,954000,0.0007,47700,0.0
47799,405,nan,-10000.0,-9.530241966247559,1.186936378479004,-0.0,1000.0,2356,956000,0.0007,47800,0.0
47899,405,nan,-10000.0,-9.530241966247559,1.186936378479004,-0.0,1000.0,2361,958000,0.0007,47900,0.0
47999,405,nan,-10000.0,-9.530241966247559,1.186936378479004,-0.0,1000.0,2366,960000,0.0007,48000,0.0
48099,405,nan,-10000.0,-9.530241966247559,1.186936378479004,-0.0,1000.0,2371,962000,0.0007,48100,0.0
48199,405,nan,-10000.0,-9.530241966247559,1.186936378479004,-0.0,1000.0,2376,964000,0.0007,48200,0.0
48299,405,nan,-10000.0,-9.530241966247559,1.186936378479004,-0.0,1000.0,2381,966000,0.0007,48300,0.0
48399,405,nan,-10000.0,-9.530241966247559,1.186936378479004,-0.0,1000.0,2386,968000,0.0007,48400,0.0
48499,405,nan,-10000.0,-9.530241966247559,1.186936378479004,-0.0,1000.0,2391,970000,0.0007,48500,0.0
48599,405,nan,-10000.0,-9.530241966247559,1.186936378479004,-0.0,1000.0,2396,972000,0.0007,48600,0.0
48699,405,nan,-10000.0,-9.530241966247559,1.186936378479004,-0.0,1000.0,2400,974000,0.0007,48700,0.0
48799,405,nan,-10000.0,-9.530241966247559,1.186936378479004,-0.0,1000.0,2405,976000,0.0007,48800,0.0
48899,405,nan,-10000.0,-9.530241966247559,1.186936378479004,-0.0,1000.0,2410,978000,0.0007,48900,0.0
48999,405,nan,-10000.0,-9.530241966247559,1.186936378479004,-0.0,1000.0,2415,980000,0.0007,49000,0.0
49099,405,nan,-10000.0,-9.530241966247559,1.186936378479004,-0.0,1000.0,2420,982000,0.0007,49100,0.0
49199,405,nan,-10000.0,-9.530241966247559,1.186936378479004,-0.0,1000.0,2425,984000,0.0007,49200,0.0
49299,405,nan,-10000.0,-9.530241966247559,1.186936378479004,-0.0,1000.0,2430,986000,0.0007,49300,0.0
49399,405,nan,-10000.0,-9.530241966247559,1.186936378479004,-0.0,1000.0,2435,988000,0.0007,49400,0.0
49499,405,nan,-10000.0,-9.530241966247559,1.186936378479004,-0.0,1000.0,2440,990000,0.0007,49500,0.0
49599,405,nan,-10000.0,-9.530241966247559,1.186936378479004,-0.0,1000.0,2445,992000,0.0007,49600,0.0
49699,405,nan,-10000.0,-9.530241966247559,1.186936378479004,-0.0,1000.0,2450,994000,0.0007,49700,0.0
49799,405,nan,-10000.0,-9.530241966247559,1.186936378479004,-0.0,1000.0,2455,996000,0.0007,49800,0.0
49899,405,nan,-10000.0,-9.530241966247559,1.186936378479004,-0.0,1000.0,2460,998000,0.0007,49900,0.0
49999,405,nan,-10000.0,-9.530241966247559,1.186936378479004,-0.0,1000.0,2465,1000000,0.0007,50000,0.0
50099,405,nan,-10000.0,-9.530241966247559,1.186936378479004,-0.0,1000.0,2470,1002000,0.0007,50100,0.0
50199,405,nan,-10000.0,-9.530241966247559,1.186936378479004,-0.0,1000.0,2475,1004000,0.0007,50200,0.0
50299,405,nan,-10000.0,-9.530241966247559,1.186936378479004,-0.0,1000.0,2480,1006000,0.0007,50300,0.0
50399,405,nan,-10000.0,-9.530241966247559,1.186936378479004,-0.0,1000.0,2484,1008000,0.0007,50400,0.0
50499,405,nan,-10000.0,-9.530241966247559,1.186936378479004,-0.0,1000.0,2489,1010000,0.0007,50500,0.0
50599,405,nan,-10000.0,-9.530241966247559,1.186936378479004,-0.0,1000.0,2495,1012000,0.0007,50600,0.0
50699,405,nan,-10000.0,-9.530241966247559,1.186936378479004,-0.0,1000.0,2500,1014000,0.0007,50700,0.0
50799,405,nan,-10000.0,-9.530241966247559,1.186936378479004,-0.0,1000.0,2504,1016000,0.0007,50800,0.0
50899,405,nan,-10000.0,-9.530241966247559,1.186936378479004,-0.0,1000.0,2510,1018000,0.0007,50900,0.0
50999,405,nan,-10000.0,-9.530241966247559,1.186936378479004,-0.0,1000.0,2515,1020000,0.0007,51000,0.0
51099,405,nan,-10000.0,-9.530241966247559,1.186936378479004,-0.0,1000.0,2520,1022000,0.0007,51100,0.0
51199,405,nan,-10000.0,-9.530241966247559,1.186936378479004,-0.0,1000.0,2525,1024000,0.0007,51200,0.0
51299,405,nan,-10000.0,-9.530241966247559,1.186936378479004,-0.0,1000.0,2530,1026000,0.0007,51300,0.0
51399,405,nan,-10000.0,-9.530241966247559,1.186936378479004,-0.0,1000.0,2535,1028000,0.0007,51400,0.0
51499,405,nan,-10000.0,-9.530241966247559,1.186936378479004,-0.0,1000.0,2540,1030000,0.0007,51500,0.0
51599,405,nan,-10000.0,-9.530241966247559,1.186936378479004,-0.0,1000.0,2544,1032000,0.0007,51600,0.0
51699,405,nan,-10000.0,-9.530241966247559,1.186936378479004,-0.0,1000.0,2550,1034000,0.0007,51700,0.0
51799,405,nan,-10000.0,-9.530241966247559,1.186936378479004,-0.0,1000.0,2555,1036000,0.0007,51800,0.0
51899,405,nan,-10000.0,-9.530241966247559,1.186936378479004,-0.0,1000.0,2560,1038000,0.0007,51900,0.0
51999,405,nan,-10000.0,-9.530241966247559,1.186936378479004,-0.0,1000.0,2565,1040000,0.0007,52000,0.0
52099,405,nan,-10000.0,-9.530241966247559,1.186936378479004,-0.0,1000.0,2569,1042000,0.0007,52100,0.0
52199,405,nan,-10000.0,-9.530241966247559,1.186936378479004,-0.0,1000.0,2574,1044000,0.0007,52200,0.0
52299,405,nan,-10000.0,-9.530241966247559,1.186936378479004,-0.0,1000.0,2579,1046000,0.0007,52300,0.0
52399,405,nan,-10000.0,-9.530241966247559,1.186936378479004,-0.0,1000.0,2584,1048000,0.0007,52400,0.0
52499,405,nan,-10000.0,-9.530241966247559,1.186936378479004,-0.0,1000.0,2589,1050000,0.0007,52500,0.0
52599,405,nan,-10000.0,-9.530241966247559,1.186936378479004,-0.0,1000.0,2594,1052000,0.0007,52600,0.0
52699,405,nan,-10000.0,-9.530241966247559,1.186936378479004,-0.0,1000.0,2598,1054000,0.0007,52700,0.0
52799,405,nan,-10000.0,-9.530241966247559,1.186936378479004,-0.0,1000.0,2603,1056000,0.0007,52800,0.0
52899,405,nan,-10000.0,-9.530241966247559,1.186936378479004,-0.0,1000.0,2608,1058000,0.0007,52900,0.0
52999,405,nan,-10000.0,-9.530241966247559,1.186936378479004,-0.0,1000.0,2613,1060000,0.0007,53000,0.0
53099,405,nan,-10000.0,-9.530241966247559,1.186936378479004,-0.0,1000.0,2618,1062000,0.0007,53100,0.0
53199,405,nan,-10000.0,-9.530241966247559,1.186936378479004,-0.0,1000.0,2623,1064000,0.0007,53200,0.0
53299,405,nan,-10000.0,-9.530241966247559,1.186936378479004,-0.0,1000.0,2628,1066000,0.0007,53300,0.0
53399,405,nan,-10000.0,-9.530241966247559,1.186936378479004,-0.0,1000.0,2633,1068000,0.0007,53400,0.0
53499,405,nan,-10000.0,-9.530241966247559,1.186936378479004,-0.0,1000.0,2638,1070000,0.0007,53500,0.0
53599,405,nan,-10000.0,-9.530241966247559,1.186936378479004,-0.0,1000.0,2643,1072000,0.0007,53600,0.0
53699,405,nan,-10000.0,-9.530241966247559,1.186936378479004,-0.0,1000.0,2648,1074000,0.0007,53700,0.0
53799,405,nan,-10000.0,-9.530241966247559,1.186936378479004,-0.0,1000.0,2653,1076000,0.0007,53800,0.0
53899,405,nan,-10000.0,-9.530241966247559,1.186936378479004,-0.0,1000.0,2658,1078000,0.0007,53900,0.0
53999,405,nan,-10000.0,-9.530241966247559,1.186936378479004,-0.0,1000.0,2663,1080000,0.0007,54000,0.0
54099,405,nan,-10000.0,-9.530241966247559,1.186936378479004,-0.0,1000.0,2668,1082000,0.0007,54100,0.0
54199,405,nan,-10000.0,-9.530241966247559,1.186936378479004,-0.0,1000.0,2673,1084000,0.0007,54200,0.0
54299,405,nan,-10000.0,-9.530241966247559,1.186936378479004,-0.0,1000.0,2678,1086000,0.0007,54300,0.0
54399,405,nan,-10000.0,-9.530241966247559,1.186936378479004,-0.0,1000.0,2683,1088000,0.0007,54400,0.0
54499,405,nan,-10000.0,-9.530241966247559,1.186936378479004,-0.0,1000.0,2687,1090000,0.0007,54500,0.0
54599,405,nan,-10000.0,-9.530241966247559,1.186936378479004,-0.0,1000.0,2693,1092000,0.0007,54600,0.0
54699,405,nan,-10000.0,-9.530241966247559,1.186936378479004,-0.0,1000.0,2697,1094000,0.0007,54700,0.0
54799,405,nan,-10000.0,-9.530241966247559,1.186936378479004,-0.0,1000.0,2702,1096000,0.0007,54800,0.0
54899,405,nan,-10000.0,-9.530241966247559,1.186936378479004,-0.0,1000.0,2707,1098000,0.0007,54900,0.0
54999,405,nan,-10000.0,-9.530241966247559,1.186936378479004,-0.0,1000.0,2712,1100000,0.0007,55000,0.0
55099,405,nan,-10000.0,-9.530241966247559,1.186936378479004,-0.0,1000.0,2717,1102000,0.0007,55100,0.0
55199,405,nan,-10000.0,-9.530241966247559,1.186936378479004,-0.0,1000.0,2722,1104000,0.0007,55200,0.0
55299,405,nan,-10000.0,-9.530241966247559,1.186936378479004,-0.0,1000.0,2727,1106000,0.0007,55300,0.0
55399,405,nan,-10000.0,-9.530241966247559,1.186936378479004,-0.0,1000.0,2732,1108000,0.0007,55400,0.0
55499,405,nan,-10000.0,-9.530241966247559,1.186936378479004,-0.0,1000.0,2737,1110000,0.0007,55500,0.0
55599,405,nan,-10000.0,-9.530241966247559,1.186936378479004,-0.0,1000.0,2742,1112000,0.0007,55600,0.0
55699,405,nan,-10000.0,-9.530241966247559,1.186936378479004,-0.0,1000.0,2747,1114000,0.0007,55700,0.0
55799,405,nan,-10000.0,-9.530241966247559,1.186936378479004,-0.0,1000.0,2752,1116000,0.0007,55800,0.0
55899,405,nan,-10000.0,-9.530241966247559,1.186936378479004,-0.0,1000.0,2757,1118000,0.0007,55900,0.0
55999,405,nan,-10000.0,-9.530241966247559,1.186936378479004,-0.0,1000.0,2762,1120000,0.0007,56000,0.0
56099,405,nan,-10000.0,-9.530241966247559,1.186936378479004,-0.0,1000.0,2767,1122000,0.0007,56100,0.0
56199,405,nan,-10000.0,-9.530241966247559,1.186936378479004,-0.0,1000.0,2773,1124000,0.0007,56200,0.0
56299,405,nan,-10000.0,-9.530241966247559,1.186936378479004,-0.0,1000.0,2777,1126000,0.0007,56300,0.0
56399,405,nan,-10000.0,-9.530241966247559,1.186936378479004,-0.0,1000.0,2782,1128000,0.0007,56400,0.0
56499,405,nan,-10000.0,-9.530241966247559,1.186936378479004,-0.0,1000.0,2788,1130000,0.0007,56500,0.0
56599,405,nan,-10000.0,-9.530241966247559,1.186936378479004,-0.0,1000.0,2793,1132000,0.0007,56600,0.0
56699,405,nan,-10000.0,-9.530241966247559,1.186936378479004,-0.0,1000.0,2798,1134000,0.0007,56700,0.0
56799,405,nan,-10000.0,-9.530241966247559,1.186936378479004,-0.0,1000.0,2803,1136000,0.0007,56800,0.0
56899,405,nan,-10000.0,-9.530241966247559,1.186936378479004,-0.0,1000.0,2808,1138000,0.0007,56900,0.0
56999,405,nan,-10000.0,-9.530241966247559,1.186936378479004,-0.0,1000.0,2813,1140000,0.0007,57000,0.0
57099,405,nan,-10000.0,-9.530241966247559,1.186936378479004,-0.0,1000.0,2818,1142000,0.0007,57100,0.0
57199,405,nan,-10000.0,-9.530241966247559,1.186936378479004,-0.0,1000.0,2823,1144000,0.0007,57200,0.0
57299,405,nan,-10000.0,-9.530241966247559,1.186936378479004,-0.0,1000.0,2828,1146000,0.0007,57300,0.0
57399,405,nan,-10000.0,-9.530241966247559,1.186936378479004,-0.0,1000.0,2833,1148000,0.0007,57400,0.0
57499,405,nan,-10000.0,-9.530241966247559,1.186936378479004,-0.0,1000.0,2838,1150000,0.0007,57500,0.0
57599,405,nan,-10000.0,-9.530241966247559,1.186936378479004,-0.0,1000.0,2843,1152000,0.0007,57600,0.0
57699,405,nan,-10000.0,-9.530241966247559,1.186936378479004,-0.0,1000.0,2848,1154000,0.0007,57700,0.0
57799,405,nan,-10000.0,-9.530241966247559,1.186936378479004,-0.0,1000.0,2853,1156000,0.0007,57800,0.0
57899,405,nan,-10000.0,-9.530241966247559,1.186936378479004,-0.0,1000.0,2858,1158000,0.0007,57900,0.0
57999,405,nan,-10000.0,-9.530241966247559,1.186936378479004,-0.0,1000.0,2863,1160000,0.0007,58000,0.0
58099,405,nan,-10000.0,-9.530241966247559,1.186936378479004,-0.0,1000.0,2868,1162000,0.0007,58100,0.0
58199,405,nan,-10000.0,-9.530241966247559,1.186936378479004,-0.0,1000.0,2873,1164000,0.0007,58200,0.0
58299,405,nan,-10000.0,-9.530241966247559,1.186936378479004,-0.0,1000.0,2878,1166000,0.0007,58300,0.0
58399,405,nan,-10000.0,-9.530241966247559,1.186936378479004,-0.0,1000.0,2883,1168000,0.0007,58400,0.0
58499,405,nan,-10000.0,-9.530241966247559,1.186936378479004,-0.0,1000.0,2888,1170000,0.0007,58500,0.0
58599,405,nan,-10000.0,-9.530241966247559,1.186936378479004,-0.0,1000.0,2893,1172000,0.0007,58600,0.0
58699,405,nan,-10000.0,-9.530241966247559,1.186936378479004,-0.0,1000.0,2898,1174000,0.0007,58700,0.0
58799,404,nan,-10000.0,-9.530241966247559,1.186936378479004,-0.0,1000.0,2903,1176000,0.0007,58800,0.0
58899,404,nan,-10000.0,-9.530241966247559,1.186936378479004,-0.0,1000.0,2908,1178000,0.0007,58900,0.0
58999,404,nan,-10000.0,-9.530241966247559,1.186936378479004,-0.0,1000.0,2913,1180000,0.0007,59000,0.0
59099,404,nan,-10000.0,-9.530241966247559,1.186936378479004,-0.0,1000.0,2919,1182000,0.0007,59100,0.0
59199,404,nan,-10000.0,-9.530241966247559,1.186936378479004,-0.0,1000.0,2924,1184000,0.0007,59200,0.0
59299,404,nan,-10000.0,-9.530241966247559,1.186936378479004,-0.0,1000.0,2929,1186000,0.0007,59300,0.0
59399,404,nan,-10000.0,-9.530241966247559,1.186936378479004,-0.0,1000.0,2933,1188000,0.0007,59400,0.0
59499,404,nan,-10000.0,-9.530241966247559,1.186936378479004,-0.0,1000.0,2938,1190000,0.0007,59500,0.0
59599,404,nan,-10000.0,-9.530241966247559,1.186936378479004,-0.0,1000.0,2943,1192000,0.0007,59600,0.0
59699,404,nan,-10000.0,-9.530241966247559,1.186936378479004,-0.0,1000.0,2949,1194000,0.0007,59700,0.0
59799,404,nan,-10000.0,-9.530241966247559,1.186936378479004,-0.0,1000.0,2954,1196000,0.0007,59800,0.0
59899,404,nan,-10000.0,-9.530241966247559,1.186936378479004,-0.0,1000.0,2959,1198000,0.0007,59900,0.0
59999,404,nan,-10000.0,-9.530241966247559,1.186936378479004,-0.0,1000.0,2963,1200000,0.0007,60000,0.0
60099,404,nan,-10000.0,-9.530241966247559,1.186936378479004,-0.0,1000.0,2969,1202000,0.0007,60100,0.0
60199,404,nan,-10000.0,-9.530241966247559,1.186936378479004,-0.0,1000.0,2973,1204000,0.0007,60200,0.0
60299,404,nan,-10000.0,-9.530241966247559,1.186936378479004,-0.0,1000.0,2978,1206000,0.0007,60300,0.0
60399,404,nan,-10000.0,-9.530241966247559,1.186936378479004,-0.0,1000.0,2984,1208000,0.0007,60400,0.0
60499,404,nan,-10000.0,-9.530241966247559,1.186936378479004,-0.0,1000.0,2989,1210000,0.0007,60500,0.0
60599,404,nan,-10000.0,-9.530241966247559,1.186936378479004,-0.0,1000.0,2994,1212000,0.0007,60600,0.0
60699,404,nan,-10000.0,-9.530241966247559,1.186936378479004,-0.0,1000.0,2999,1214000,0.0007,60700,0.0
60799,404,nan,-10000.0,-9.530241966247559,1.186936378479004,-0.0,1000.0,3004,1216000,0.0007,60800,0.0
60899,404,nan,-10000.0,-9.530241966247559,1.186936378479004,-0.0,1000.0,3009,1218000,0.0007,60900,0.0
60999,404,nan,-10000.0,-9.530241966247559,1.186936378479004,-0.0,1000.0,3014,1220000,0.0007,61000,0.0
61099,404,nan,-10000.0,-9.530241966247559,1.186936378479004,-0.0,1000.0,3019,1222000,0.0007,61100,0.0
61199,404,nan,-10000.0,-9.530241966247559,1.186936378479004,-0.0,1000.0,3024,1224000,0.0007,61200,0.0
61299,404,nan,-10000.0,-9.530241966247559,1.186936378479004,-0.0,1000.0,3029,1226000,0.0007,61300,0.0
61399,404,nan,-10000.0,-9.530241966247559,1.186936378479004,-0.0,1000.0,3034,1228000,0.0007,61400,0.0
61499,404,nan,-10000.0,-9.530241966247559,1.186936378479004,-0.0,1000.0,3039,1230000,0.0007,61500,0.0
61599,404,nan,-10000.0,-9.530241966247559,1.186936378479004,-0.0,1000.0,3044,1232000,0.0007,61600,0.0
61699,404,nan,-10000.0,-9.530241966247559,1.186936378479004,-0.0,1000.0,3049,1234000,0.0007,61700,0.0
61799,404,nan,-10000.0,-9.530241966247559,1.186936378479004,-0.0,1000.0,3054,1236000,0.0007,61800,0.0
61899,404,nan,-10000.0,-9.530241966247559,1.186936378479004,-0.0,1000.0,3059,1238000,0.0007,61900,0.0
61999,404,nan,-10000.0,-9.530241966247559,1.186936378479004,-0.0,1000.0,3064,1240000,0.0007,62000,0.0
62099,404,nan,-10000.0,-9.530241966247559,1.186936378479004,-0.0,1000.0,3069,1242000,0.0007,62100,0.0
62199,404,nan,-10000.0,-9.530241966247559,1.186936378479004,-0.0,1000.0,3074,1244000,0.0007,62200,0.0
62299,404,nan,-10000.0,-9.530241966247559,1.186936378479004,-0.0,1000.0,3079,1246000,0.0007,62300,0.0
62399,404,nan,-10000.0,-9.530241966247559,1.186936378479004,-0.0,1000.0,3084,1248000,0.0007,62400,0.0
62499,404,nan,-10000.0,-9.530241966247559,1.186936378479004,-0.0,1000.0,3089,1250000,0.0007,62500,0.0
62599,404,nan,-10000.0,-9.530241966247559,1.186936378479004,-0.0,1000.0,3094,1252000,0.0007,62600,0.0
62699,404,nan,-10000.0,-9.530241966247559,1.186936378479004,-0.0,1000.0,3099,1254000,0.0007,62700,0.0
62799,404,nan,-10000.0,-9.530241966247559,1.186936378479004,-0.0,1000.0,3104,1256000,0.0007,62800,0.0
62899,404,nan,-10000.0,-9.530241966247559,1.186936378479004,-0.0,1000.0,3109,1258000,0.0007,62900,0.0
62999,404,nan,-10000.0,-9.530241966247559,1.186936378479004,-0.0,1000.0,3114,1260000,0.0007,63000,0.0
63099,404,nan,-10000.0,-9.530241966247559,1.186936378479004,-0.0,1000.0,3119,1262000,0.0007,63100,0.0
63199,404,nan,-10000.0,-9.530241966247559,1.186936378479004,-0.0,1000.0,3124,1264000,0.0007,63200,0.0
63299,404,nan,-10000.0,-9.530241966247559,1.186936378479004,-0.0,1000.0,3129,1266000,0.0007,63300,0.0
63399,404,nan,-10000.0,-9.530241966247559,1.186936378479004,-0.0,1000.0,3134,1268000,0.0007,63400,0.0
63499,404,nan,-10000.0,-9.530241966247559,1.186936378479004,-0.0,1000.0,3139,1270000,0.0007,63500,0.0
63599,404,nan,-10000.0,-9.530241966247559,1.186936378479004,-0.0,1000.0,3144,1272000,0.0007,63600,0.0
63699,404,nan,-10000.0,-9.530241966247559,1.186936378479004,-0.0,1000.0,3150,1274000,0.0007,63700,0.0
63799,404,nan,-10000.0,-9.530241966247559,1.186936378479004,-0.0,1000.0,3155,1276000,0.0007,63800,0.0
63899,404,nan,-10000.0,-9.530241966247559,1.186936378479004,-0.0,1000.0,3160,1278000,0.0007,63900,0.0
63999,404,nan,-10000.0,-9.530241966247559,1.186936378479004,-0.0,1000.0,3165,1280000,0.0007,64000,0.0
64099,404,nan,-10000.0,-9.530241966247559,1.186936378479004,-0.0,1000.0,3170,1282000,0.0007,64100,0.0
64199,404,nan,-10000.0,-9.530241966247559,1.186936378479004,-0.0,1000.0,3175,1284000,0.0007,64200,0.0
64299,404,nan,-10000.0,-9.530241966247559,1.186936378479004,-0.0,1000.0,3180,1286000,0.0007,64300,0.0
64399,404,nan,-10000.0,-9.530241966247559,1.186936378479004,-0.0,1000.0,3185,1288000,0.0007,64400,0.0
64499,404,nan,-10000.0,-9.530241966247559,1.186936378479004,-0.0,1000.0,3191,1290000,0.0007,64500,0.0
64599,404,nan,-10000.0,-9.530241966247559,1.186936378479004,-0.0,1000.0,3196,1292000,0.0007,64600,0.0
64699,404,nan,-10000.0,-9.530241966247559,1.186936378479004,-0.0,1000.0,3201,1294000,0.0007,64700,0.0
64799,404,nan,-10000.0,-9.530241966247559,1.186936378479004,-0.0,1000.0,3206,1296000,0.0007,64800,0.0
64899,404,nan,-10000.0,-9.530241966247559,1.186936378479004,-0.0,1000.0,3211,1298000,0.0007,64900,0.0
64999,404,nan,-10000.0,-9.530241966247559,1.186936378479004,-0.0,1000.0,3216,1300000,0.0007,65000,0.0
65099,404,nan,-10000.0,-9.530241966247559,1.186936378479004,-0.0,1000.0,3221,1302000,0.0007,65100,0.0
65199,404,nan,-10000.0,-9.530241966247559,1.186936378479004,-0.0,1000.0,3226,1304000,0.0007,65200,0.0
65299,404,nan,-10000.0,-9.530241966247559,1.186936378479004,-0.0,1000.0,3231,1306000,0.0007,65300,0.0
65399,404,nan,-10000.0,-9.530241966247559,1.186936378479004,-0.0,1000.0,3236,1308000,0.0007,65400,0.0
65499,404,nan,-10000.0,-9.530241966247559,1.186936378479004,-0.0,1000.0,3241,1310000,0.0007,65500,0.0
65599,404,nan,-10000.0,-9.530241966247559,1.186936378479004,-0.0,1000.0,3246,1312000,0.0007,65600,0.0
65699,404,nan,-10000.0,-9.530241966247559,1.186936378479004,-0.0,1000.0,3251,1314000,0.0007,65700,0.0
65799,404,nan,-10000.0,-9.530241966247559,1.186936378479004,-0.0,1000.0,3256,1316000,0.0007,65800,0.0
65899,404,nan,-10000.0,-9.530241966247559,1.186936378479004,-0.0,1000.0,3261,1318000,0.0007,65900,0.0
65999,404,nan,-10000.0,-9.530241966247559,1.186936378479004,-0.0,1000.0,3267,1320000,0.0007,66000,0.0
66099,404,nan,-10000.0,-9.530241966247559,1.186936378479004,-0.0,1000.0,3272,1322000,0.0007,66100,0.0
66199,404,nan,-10000.0,-9.530241966247559,1.186936378479004,-0.0,1000.0,3277,1324000,0.0007,66200,0.0
66299,403,nan,-10000.0,-9.530241966247559,1.186936378479004,-0.0,1000.0,3282,1326000,0.0007,66300,0.0
66399,403,nan,-10000.0,-9.530241966247559,1.186936378479004,-0.0,1000.0,3287,1328000,0.0007,66400,0.0
66499,403,nan,-10000.0,-9.530241966247559,1.186936378479004,-0.0,1000.0,3292,1330000,0.0007,66500,0.0
66599,403,nan,-10000.0,-9.530241966247559,1.186936378479004,-0.0,1000.0,3297,1332000,0.0007,66600,0.0
66699,403,nan,-10000.0,-9.530241966247559,1.186936378479004,-0.0,1000.0,3302,1334000,0.0007,66700,0.0
66799,403,nan,-10000.0,-9.530241966247559,1.186936378479004,-0.0,1000.0,3307,1336000,0.0007,66800,0.0
66899,403,nan,-10000.0,-9.530241966247559,1.186936378479004,-0.0,1000.0,3312,1338000,0.0007,66900,0.0
66999,403,nan,-10000.0,-9.530241966247559,1.186936378479004,-0.0,1000.0,3317,1340000,0.0007,67000,0.0
67099,403,nan,-10000.0,-9.530241966247559,1.186936378479004,-0.0,1000.0,3322,1342000,0.0007,67100,0.0
67199,403,nan,-10000.0,-9.530241966247559,1.186936378479004,-0.0,1000.0,3327,1344000,0.0007,67200,0.0
67299,403,nan,-10000.0,-9.530241966247559,1.186936378479004,-0.0,1000.0,3332,1346000,0.0007,67300,0.0
67399,403,nan,-10000.0,-9.530241966247559,1.186936378479004,-0.0,1000.0,3337,1348000,0.0007,67400,0.0
67499,403,nan,-10000.0,-9.530241966247559,1.186936378479004,-0.0,1000.0,3342,1350000,0.0007,67500,0.0
67599,403,nan,-10000.0,-9.530241966247559,1.186936378479004,-0.0,1000.0,3347,1352000,0.0007,67600,0.0
67699,403,nan,-10000.0,-9.530241966247559,1.186936378479004,-0.0,1000.0,3352,1354000,0.0007,67700,0.0
67799,403,nan,-10000.0,-9.530241966247559,1.186936378479004,-0.0,1000.0,3357,1356000,0.0007,67800,0.0
67899,403,nan,-10000.0,-9.530241966247559,1.186936378479004,-0.0,1000.0,3362,1358000,0.0007,67900,0.0
67999,403,nan,-10000.0,-9.530241966247559,1.186936378479004,-0.0,1000.0,3367,1360000,0.0007,68000,0.0
68099,403,nan,-10000.0,-9.530241966247559,1.186936378479004,-0.0,1000.0,3372,1362000,0.0007,68100,0.0
68199,403,nan,-10000.0,-9.530241966247559,1.186936378479004,-0.0,1000.0,3377,1364000,0.0007,68200,0.0
68299,403,nan,-10000.0,-9.530241966247559,1.186936378479004,-0.0,1000.0,3383,1366000,0.0007,68300,0.0
68399,403,nan,-10000.0,-9.530241966247559,1.186936378479004,-0.0,1000.0,3388,1368000,0.0007,68400,0.0
68499,403,nan,-10000.0,-9.530241966247559,1.186936378479004,-0.0,1000.0,3393,1370000,0.0007,68500,0.0
68599,403,nan,-10000.0,-9.530241966247559,1.186936378479004,-0.0,1000.0,3398,1372000,0.0007,68600,0.0
68699,403,nan,-10000.0,-9.530241966247559,1.186936378479004,-0.0,1000.0,3403,1374000,0.0007,68700,0.0
68799,403,nan,-10000.0,-9.530241966247559,1.186936378479004,-0.0,1000.0,3408,1376000,0.0007,68800,0.0
68899,403,nan,-10000.0,-9.530241966247559,1.186936378479004,-0.0,1000.0,3413,1378000,0.0007,68900,0.0
68999,403,nan,-10000.0,-9.530241966247559,1.186936378479004,-0.0,1000.0,3418,1380000,0.0007,69000,0.0
69099,403,nan,-10000.0,-9.530241966247559,1.186936378479004,-0.0,1000.0,3423,1382000,0.0007,69100,0.0
69199,403,nan,-10000.0,-9.530241966247559,1.186936378479004,-0.0,1000.0,3428,1384000,0.0007,69200,0.0
69299,403,nan,-10000.0,-9.530241966247559,1.186936378479004,-0.0,1000.0,3433,1386000,0.0007,69300,0.0
69399,403,nan,-10000.0,-9.530241966247559,1.186936378479004,-0.0,1000.0,3438,1388000,0.0007,69400,0.0
69499,403,nan,-10000.0,-9.530241966247559,1.186936378479004,-0.0,1000.0,3443,1390000,0.0007,69500,0.0
69599,403,nan,-10000.0,-9.530241966247559,1.186936378479004,-0.0,1000.0,3448,1392000,0.0007,69600,0.0
69699,403,nan,-10000.0,-9.530241966247559,1.186936378479004,-0.0,1000.0,3453,1394000,0.0007,69700,0.0
69799,403,nan,-10000.0,-9.530241966247559,1.186936378479004,-0.0,1000.0,3458,1396000,0.0007,69800,0.0
69899,403,nan,-10000.0,-9.530241966247559,1.186936378479004,-0.0,1000.0,3463,1398000,0.0007,69900,0.0
69999,403,nan,-10000.0,-9.530241966247559,1.186936378479004,-0.0,1000.0,3468,1400000,0.0007,70000,0.0
70099,403,nan,-10000.0,-9.530241966247559,1.186936378479004,-0.0,1000.0,3473,1402000,0.0007,70100,0.0
70199,403,nan,-10000.0,-9.530241966247559,1.186936378479004,-0.0,1000.0,3478,1404000,0.0007,70200,0.0
70299,403,nan,-10000.0,-9.530241966247559,1.186936378479004,-0.0,1000.0,3483,1406000,0.0007,70300,0.0
70399,403,nan,-10000.0,-9.530241966247559,1.186936378479004,-0.0,1000.0,3488,1408000,0.0007,70400,0.0
70499,403,nan,-10000.0,-9.530241966247559,1.186936378479004,-0.0,1000.0,3493,1410000,0.0007,70500,0.0
70599,403,nan,-10000.0,-9.530241966247559,1.186936378479004,-0.0,1000.0,3498,1412000,0.0007,70600,0.0
70699,403,nan,-10000.0,-9.530241966247559,1.186936378479004,-0.0,1000.0,3503,1414000,0.0007,70700,0.0
70799,403,nan,-10000.0,-9.530241966247559,1.186936378479004,-0.0,1000.0,3508,1416000,0.0007,70800,0.0
70899,403,nan,-10000.0,-9.530241966247559,1.186936378479004,-0.0,1000.0,3513,1418000,0.0007,70900,0.0
70999,403,nan,-10000.0,-9.530241966247559,1.186936378479004,-0.0,1000.0,3518,1420000,0.0007,71000,0.0
71099,403,nan,-10000.0,-9.530241966247559,1.186936378479004,-0.0,1000.0,3523,1422000,0.0007,71100,0.0
71199,403,nan,-10000.0,-9.530241966247559,1.186936378479004,-0.0,1000.0,3528,1424000,0.0007,71200,0.0
71299,403,nan,-10000.0,-9.530241966247559,1.186936378479004,-0.0,1000.0,3534,1426000,0.0007,71300,0.0
71399,403,nan,-10000.0,-9.530241966247559,1.186936378479004,-0.0,1000.0,3539,1428000,0.0007,71400,0.0
71499,403,nan,-10000.0,-9.530241966247559,1.186936378479004,-0.0,1000.0,3544,1430000,0.0007,71500,0.0
71599,403,nan,-10000.0,-9.530241966247559,1.186936378479004,-0.0,1000.0,3549,1432000,0.0007,71600,0.0
71699,403,nan,-10000.0,-9.530241966247559,1.186936378479004,-0.0,1000.0,3554,1434000,0.0007,71700,0.0
71799,403,nan,-10000.0,-9.530241966247559,1.186936378479004,-0.0,1000.0,3559,1436000,0.0007,71800,0.0
71899,403,nan,-10000.0,-9.530241966247559,1.186936378479004,-0.0,1000.0,3564,1438000,0.0007,71900,0.0
71999,403,nan,-10000.0,-9.530241966247559,1.186936378479004,-0.0,1000.0,3569,1440000,0.0007,72000,0.0
72099,403,nan,-10000.0,-9.530241966247559,1.186936378479004,-0.0,1000.0,3574,1442000,0.0007,72100,0.0
72199,403,nan,-10000.0,-9.530241966247559,1.186936378479004,-0.0,1000.0,3579,1444000,0.0007,72200,0.0
72299,403,nan,-10000.0,-9.530241966247559,1.186936378479004,-0.0,1000.0,3584,1446000,0.0007,72300,0.0
72399,403,nan,-10000.0,-9.530241966247559,1.186936378479004,-0.0,1000.0,3589,1448000,0.0007,72400,0.0
72499,403,nan,-10000.0,-9.530241966247559,1.186936378479004,-0.0,1000.0,3594,1450000,0.0007,72500,0.0
72599,403,nan,-10000.0,-9.530241966247559,1.186936378479004,-0.0,1000.0,3599,1452000,0.0007,72600,0.0
72699,403,nan,-10000.0,-9.530241966247559,1.186936378479004,-0.0,1000.0,3604,1454000,0.0007,72700,0.0
72799,403,nan,-10000.0,-9.530241966247559,1.186936378479004,-0.0,1000.0,3609,1456000,0.0007,72800,0.0
72899,403,nan,-10000.0,-9.530241966247559,1.186936378479004,-0.0,1000.0,3614,1458000,0.0007,72900,0.0
72999,403,nan,-10000.0,-9.530241966247559,1.186936378479004,-0.0,1000.0,3619,1460000,0.0007,73000,0.0
73099,403,nan,-10000.0,-9.530241966247559,1.186936378479004,-0.0,1000.0,3624,1462000,0.0007,73100,0.0
73199,403,nan,-10000.0,-9.530241966247559,1.186936378479004,-0.0,1000.0,3629,1464000,0.0007,73200,0.0
73299,403,nan,-10000.0,-9.530241966247559,1.186936378479004,-0.0,1000.0,3634,1466000,0.0007,73300,0.0
73399,403,nan,-10000.0,-9.530241966247559,1.186936378479004,-0.0,1000.0,3639,1468000,0.0007,73400,0.0
73499,403,nan,-10000.0,-9.530241966247559,1.186936378479004,-0.0,1000.0,3644,1470000,0.0007,73500,0.0
73599,403,nan,-10000.0,-9.530241966247559,1.186936378479004,-0.0,1000.0,3649,1472000,0.0007,73600,0.0
73699,403,nan,-10000.0,-9.530241966247559,1.186936378479004,-0.0,1000.0,3654,1474000,0.0007,73700,0.0
73799,403,nan,-10000.0,-9.530241966247559,1.186936378479004,-0.0,1000.0,3659,1476000,0.0007,73800,0.0
73899,403,nan,-10000.0,-9.530241966247559,1.186936378479004,-0.0,1000.0,3664,1478000,0.0007,73900,0.0
73999,403,nan,-10000.0,-9.530241966247559,1.186936378479004,-0.0,1000.0,3669,1480000,0.0007,74000,0.0
74099,403,nan,-10000.0,-9.530241966247559,1.186936378479004,-0.0,1000.0,3674,1482000,0.0007,74100,0.0
74199,403,nan,-10000.0,-9.530241966247559,1.186936378479004,-0.0,1000.0,3679,1484000,0.0007,74200,0.0
74299,403,nan,-10000.0,-9.530241966247559,1.186936378479004,-0.0,1000.0,3684,1486000,0.0007,74300,0.0
74399,403,nan,-10000.0,-9.530241966247559,1.186936378479004,-0.0,1000.0,3689,1488000,0.0007,74400,0.0
74499,403,nan,-10000.0,-9.530241966247559,1.186936378479004,-0.0,1000.0,3694,1490000,0.0007,74500,0.0
74599,403,nan,-10000.0,-9.530241966247559,1.186936378479004,-0.0,1000.0,3699,1492000,0.0007,74600,0.0
74699,403,nan,-10000.0,-9.530241966247559,1.186936378479004,-0.0,1000.0,3704,1494000,0.0007,74700,0.0
74799,403,nan,-10000.0,-9.530241966247559,1.186936378479004,-0.0,1000.0,3709,1496000,0.0007,74800,0.0
74899,403,nan,-10000.0,-9.530241966247559,1.186936378479004,-0.0,1000.0,3714,1498000,0.0007,74900,0.0
74999,403,nan,-10000.0,-9.530241966247559,1.186936378479004,-0.0,1000.0,3719,1500000,0.0007,75000,0.0
75099,403,nan,-10000.0,-9.530241966247559,1.186936378479004,-0.0,1000.0,3724,1502000,0.0007,75100,0.0
75199,403,nan,-10000.0,-9.530241966247559,1.186936378479004,-0.0,1000.0,3729,1504000,0.0007,75200,0.0
75299,403,nan,-10000.0,-9.530241966247559,1.186936378479004,-0.0,1000.0,3734,1506000,0.0007,75300,0.0
75399,403,nan,-10000.0,-9.530241966247559,1.186936378479004,-0.0,1000.0,3739,1508000,0.0007,75400,0.0
75499,403,nan,-10000.0,-9.530241966247559,1.186936378479004,-0.0,1000.0,3744,1510000,0.0007,75500,0.0
75599,403,nan,-10000.0,-9.530241966247559,1.186936378479004,-0.0,1000.0,3749,1512000,0.0007,75600,0.0
75699,403,nan,-10000.0,-9.530241966247559,1.186936378479004,-0.0,1000.0,3754,1514000,0.0007,75700,0.0
75799,403,nan,-10000.0,-9.530241966247559,1.186936378479004,-0.0,1000.0,3759,1516000,0.0007,75800,0.0
75899,403,nan,-10000.0,-9.530241966247559,1.186936378479004,-0.0,1000.0,3764,1518000,0.0007,75900,0.0
75999,403,nan,-10000.0,-9.530241966247559,1.186936378479004,-0.0,1000.0,3769,1520000,0.0007,76000,0.0
76099,403,nan,-10000.0,-9.530241966247559,1.186936378479004,-0.0,1000.0,3774,1522000,0.0007,76100,0.0
76199,403,nan,-10000.0,-9.530241966247559,1.186936378479004,-0.0,1000.0,3779,1524000,0.0007,76200,0.0
76299,403,nan,-10000.0,-9.530241966247559,1.186936378479004,-0.0,1000.0,3784,1526000,0.0007,76300,0.0
76399,403,nan,-10000.0,-9.530241966247559,1.186936378479004,-0.0,1000.0,3789,1528000,0.0007,76400,0.0
76499,403,nan,-10000.0,-9.530241966247559,1.186936378479004,-0.0,1000.0,3794,1530000,0.0007,76500,0.0
76599,403,nan,-10000.0,-9.530241966247559,1.186936378479004,-0.0,1000.0,3799,1532000,0.0007,76600,0.0
76699,403,nan,-10000.0,-9.530241966247559,1.186936378479004,-0.0,1000.0,3804,1534000,0.0007,76700,0.0
76799,403,nan,-10000.0,-9.530241966247559,1.186936378479004,-0.0,1000.0,3809,1536000,0.0007,76800,0.0
76899,403,nan,-10000.0,-9.530241966247559,1.186936378479004,-0.0,1000.0,3814,1538000,0.0007,76900,0.0
76999,403,nan,-10000.0,-9.530241966247559,1.186936378479004,-0.0,1000.0,3819,1540000,0.0007,77000,0.0
77099,403,nan,-10000.0,-9.530241966247559,1.186936378479004,-0.0,1000.0,3824,1542000,0.0007,77100,0.0
77199,403,nan,-10000.0,-9.530241966247559,1.186936378479004,-0.0,1000.0,3829,1544000,0.0007,77200,0.0
77299,403,nan,-10000.0,-9.530241966247559,1.186936378479004,-0.0,1000.0,3834,1546000,0.0007,77300,0.0
77399,403,nan,-10000.0,-9.530241966247559,1.186936378479004,-0.0,1000.0,3839,1548000,0.0007,77400,0.0
77499,403,nan,-10000.0,-9.530241966247559,1.186936378479004,-0.0,1000.0,3844,1550000,0.0007,77500,0.0
77599,403,nan,-10000.0,-9.530241966247559,1.186936378479004,-0.0,1000.0,3849,1552000,0.0007,77600,0.0
77699,403,nan,-10000.0,-9.530241966247559,1.186936378479004,-0.0,1000.0,3854,1554000,0.0007,77700,0.0
77799,403,nan,-10000.0,-9.530241966247559,1.186936378479004,-0.0,1000.0,3859,1556000,0.0007,77800,0.0
77899,403,nan,-10000.0,-9.530241966247559,1.186936378479004,-0.0,1000.0,3864,1558000,0.0007,77900,0.0
77999,403,nan,-10000.0,-9.530241966247559,1.186936378479004,-0.0,1000.0,3869,1560000,0.0007,78000,0.0
78099,403,nan,-10000.0,-9.530241966247559,1.186936378479004,-0.0,1000.0,3874,1562000,0.0007,78100,0.0
78199,403,nan,-10000.0,-9.530241966247559,1.186936378479004,-0.0,1000.0,3879,1564000,0.0007,78200,0.0
78299,403,nan,-10000.0,-9.530241966247559,1.186936378479004,-0.0,1000.0,3884,1566000,0.0007,78300,0.0
78399,403,nan,-10000.0,-9.530241966247559,1.186936378479004,-0.0,1000.0,3889,1568000,0.0007,78400,0.0
78499,403,nan,-10000.0,-9.530241966247559,1.186936378479004,-0.0,1000.0,3894,1570000,0.0007,78500,0.0
78599,403,nan,-10000.0,-9.530241966247559,1.186936378479004,-0.0,1000.0,3899,1572000,0.0007,78600,0.0
78699,403,nan,-10000.0,-9.530241966247559,1.186936378479004,-0.0,1000.0,3904,1574000,0.0007,78700,0.0
78799,403,nan,-10000.0,-9.530241966247559,1.186936378479004,-0.0,1000.0,3909,1576000,0.0007,78800,0.0
78899,403,nan,-10000.0,-9.530241966247559,1.186936378479004,-0.0,1000.0,3915,1578000,0.0007,78900,0.0
78999,403,nan,-10000.0,-9.530241966247559,1.186936378479004,-0.0,1000.0,3919,1580000,0.0007,79000,0.0
79099,403,nan,-10000.0,-9.530241966247559,1.186936378479004,-0.0,1000.0,3925,1582000,0.0007,79100,0.0
79199,403,nan,-10000.0,-9.530241966247559,1.186936378479004,-0.0,1000.0,3930,1584000,0.0007,79200,0.0
79299,403,nan,-10000.0,-9.530241966247559,1.186936378479004,-0.0,1000.0,3935,1586000,0.0007,79300,0.0
79399,403,nan,-10000.0,-9.530241966247559,1.186936378479004,-0.0,1000.0,3939,1588000,0.0007,79400,0.0
79499,403,nan,-10000.0,-9.530241966247559,1.186936378479004,-0.0,1000.0,3944,1590000,0.0007,79500,0.0
79599,403,nan,-10000.0,-9.530241966247559,1.186936378479004,-0.0,1000.0,3949,1592000,0.0007,79600,0.0
79699,403,nan,-10000.0,-9.530241966247559,1.186936378479004,-0.0,1000.0,3954,1594000,0.0007,79700,0.0
79799,403,nan,-10000.0,-9.530241966247559,1.186936378479004,-0.0,1000.0,3959,1596000,0.0007,79800,0.0
79899,403,nan,-10000.0,-9.530241966247559,1.186936378479004,-0.0,1000.0,3964,1598000,0.0007,79900,0.0
79999,403,nan,-10000.0,-9.530241966247559,1.186936378479004,-0.0,1000.0,3969,1600000,0.0007,80000,0.0
80099,403,nan,-10000.0,-9.530241966247559,1.186936378479004,-0.0,1000.0,3975,1602000,0.0007,80100,0.0
80199,403,nan,-10000.0,-9.530241966247559,1.186936378479004,-0.0,1000.0,3979,1604000,0.0007,80200,0.0
80299,403,nan,-10000.0,-9.530241966247559,1.186936378479004,-0.0,1000.0,3984,1606000,0.0007,80300,0.0
80399,402,nan,-10000.0,-9.530241966247559,1.186936378479004,-0.0,1000.0,3990,1608000,0.0007,80400,0.0
80499,402,nan,-10000.0,-9.530241966247559,1.186936378479004,-0.0,1000.0,3995,1610000,0.0007,80500,0.0
80599,402,nan,-10000.0,-9.530241966247559,1.186936378479004,-0.0,1000.0,4000,1612000,0.0007,80600,0.0
80699,402,nan,-10000.0,-9.530241966247559,1.186936378479004,-0.0,1000.0,4005,1614000,0.0007,80700,0.0
80799,402,nan,-10000.0,-9.530241966247559,1.186936378479004,-0.0,1000.0,4010,1616000,0.0007,80800,0.0
80899,402,nan,-10000.0,-9.530241966247559,1.186936378479004,-0.0,1000.0,4015,1618000,0.0007,80900,0.0
80999,402,nan,-10000.0,-9.530241966247559,1.186936378479004,-0.0,1000.0,4020,1620000,0.0007,81000,0.0
81099,402,nan,-10000.0,-9.530241966247559,1.186936378479004,-0.0,1000.0,4025,1622000,0.0007,81100,0.0
81199,402,nan,-10000.0,-9.530241966247559,1.186936378479004,-0.0,1000.0,4030,1624000,0.0007,81200,0.0
81299,402,nan,-10000.0,-9.530241966247559,1.186936378479004,-0.0,1000.0,4035,1626000,0.0007,81300,0.0
81399,402,nan,-10000.0,-9.530241966247559,1.186936378479004,-0.0,1000.0,4040,1628000,0.0007,81400,0.0
81499,402,nan,-10000.0,-9.530241966247559,1.186936378479004,-0.0,1000.0,4045,1630000,0.0007,81500,0.0
81599,402,nan,-10000.0,-9.530241966247559,1.186936378479004,-0.0,1000.0,4050,1632000,0.0007,81600,0.0
81699,402,nan,-10000.0,-9.530241966247559,1.186936378479004,-0.0,1000.0,4055,1634000,0.0007,81700,0.0
81799,402,nan,-10000.0,-9.530241966247559,1.186936378479004,-0.0,1000.0,4060,1636000,0.0007,81800,0.0
81899,402,nan,-10000.0,-9.530241966247559,1.186936378479004,-0.0,1000.0,4065,1638000,0.0007,81900,0.0
81999,402,nan,-10000.0,-9.530241966247559,1.186936378479004,-0.0,1000.0,4070,1640000,0.0007,82000,0.0
82099,402,nan,-10000.0,-9.530241966247559,1.186936378479004,-0.0,1000.0,4075,1642000,0.0007,82100,0.0
82199,402,nan,-10000.0,-9.530241966247559,1.186936378479004,-0.0,1000.0,4080,1644000,0.0007,82200,0.0
82299,402,nan,-10000.0,-9.530241966247559,1.186936378479004,-0.0,1000.0,4085,1646000,0.0007,82300,0.0
82399,402,nan,-10000.0,-9.530241966247559,1.186936378479004,-0.0,1000.0,4090,1648000,0.0007,82400,0.0
82499,402,nan,-10000.0,-9.530241966247559,1.186936378479004,-0.0,1000.0,4095,1650000,0.0007,82500,0.0
82599,402,nan,-10000.0,-9.530241966247559,1.186936378479004,-0.0,1000.0,4100,1652000,0.0007,82600,0.0
82699,402,nan,-10000.0,-9.530241966247559,1.186936378479004,-0.0,1000.0,4105,1654000,0.0007,82700,0.0
82799,402,nan,-10000.0,-9.530241966247559,1.186936378479004,-0.0,1000.0,4110,1656000,0.0007,82800,0.0
82899,402,nan,-10000.0,-9.530241966247559,1.186936378479004,-0.0,1000.0,4115,1658000,0.0007,82900,0.0
82999,402,nan,-10000.0,-9.530241966247559,1.186936378479004,-0.0,1000.0,4120,1660000,0.0007,83000,0.0
83099,402,nan,-10000.0,-9.530241966247559,1.186936378479004,-0.0,1000.0,4125,1662000,0.0007,83100,0.0
83199,402,nan,-10000.0,-9.530241966247559,1.186936378479004,-0.0,1000.0,4130,1664000,0.0007,83200,0.0
83299,402,nan,-10000.0,-9.530241966247559,1.186936378479004,-0.0,1000.0,4135,1666000,0.0007,83300,0.0
83399,402,nan,-10000.0,-9.530241966247559,1.186936378479004,-0.0,1000.0,4140,1668000,0.0007,83400,0.0
83499,402,nan,-10000.0,-9.530241966247559,1.186936378479004,-0.0,1000.0,4145,1670000,0.0007,83500,0.0
83599,402,nan,-10000.0,-9.530241966247559,1.186936378479004,-0.0,1000.0,4150,1672000,0.0007,83600,0.0
83699,402,nan,-10000.0,-9.530241966247559,1.186936378479004,-0.0,1000.0,4155,1674000,0.0007,83700,0.0
83799,402,nan,-10000.0,-9.530241966247559,1.186936378479004,-0.0,1000.0,4160,1676000,0.0007,83800,0.0
83899,402,nan,-10000.0,-9.530241966247559,1.186936378479004,-0.0,1000.0,4165,1678000,0.0007,83900,0.0
83999,402,nan,-10000.0,-9.530241966247559,1.186936378479004,-0.0,1000.0,4170,1680000,0.0007,84000,0.0
84099,402,nan,-10000.0,-9.530241966247559,1.186936378479004,-0.0,1000.0,4175,1682000,0.0007,84100,0.0
84199,402,nan,-10000.0,-9.530241966247559,1.186936378479004,-0.0,1000.0,4180,1684000,0.0007,84200,0.0
84299,402,nan,-10000.0,-9.530241966247559,1.186936378479004,-0.0,1000.0,4185,1686000,0.0007,84300,0.0
84399,402,nan,-10000.0,-9.530241966247559,1.186936378479004,-0.0,1000.0,4190,1688000,0.0007,84400,0.0
84499,402,nan,-10000.0,-9.530241966247559,1.186936378479004,-0.0,1000.0,4195,1690000,0.0007,84500,0.0
84599,402,nan,-10000.0,-9.530241966247559,1.186936378479004,-0.0,1000.0,4200,1692000,0.0007,84600,0.0
84699,402,nan,-10000.0,-9.530241966247559,1.186936378479004,-0.0,1000.0,4205,1694000,0.0007,84700,0.0
84799,402,nan,-10000.0,-9.530241966247559,1.186936378479004,-0.0,1000.0,4211,1696000,0.0007,84800,0.0
84899,402,nan,-10000.0,-9.530241966247559,1.186936378479004,-0.0,1000.0,4216,1698000,0.0007,84900,0.0
84999,402,nan,-10000.0,-9.530241966247559,1.186936378479004,-0.0,1000.0,4221,1700000,0.0007,85000,0.0
85099,402,nan,-10000.0,-9.530241966247559,1.186936378479004,-0.0,1000.0,4226,1702000,0.0007,85100,0.0
85199,402,nan,-10000.0,-9.530241966247559,1.186936378479004,-0.0,1000.0,4231,1704000,0.0007,85200,0.0
85299,402,nan,-10000.0,-9.530241966247559,1.186936378479004,-0.0,1000.0,4236,1706000,0.0007,85300,0.0
85399,402,nan,-10000.0,-9.530241966247559,1.186936378479004,-0.0,1000.0,4241,1708000,0.0007,85400,0.0
85499,402,nan,-10000.0,-9.530241966247559,1.186936378479004,-0.0,1000.0,4246,1710000,0.0007,85500,0.0
85599,402,nan,-10000.0,-9.530241966247559,1.186936378479004,-0.0,1000.0,4251,1712000,0.0007,85600,0.0
85699,402,nan,-10000.0,-9.530241966247559,1.186936378479004,-0.0,1000.0,4256,1714000,0.0007,85700,0.0
85799,402,nan,-10000.0,-9.530241966247559,1.186936378479004,-0.0,1000.0,4261,1716000,0.0007,85800,0.0
85899,402,nan,-10000.0,-9.530241966247559,1.186936378479004,-0.0,1000.0,4266,1718000,0.0007,85900,0.0
85999,402,nan,-10000.0,-9.530241966247559,1.186936378479004,-0.0,1000.0,4270,1720000,0.0007,86000,0.0
86099,402,nan,-10000.0,-9.530241966247559,1.186936378479004,-0.0,1000.0,4275,1722000,0.0007,86100,0.0
86199,402,nan,-10000.0,-9.530241966247559,1.186936378479004,-0.0,1000.0,4280,1724000,0.0007,86200,0.0
86299,402,nan,-10000.0,-9.530241966247559,1.186936378479004,-0.0,1000.0,4285,1726000,0.0007,86300,0.0
86399,402,nan,-10000.0,-9.530241966247559,1.186936378479004,-0.0,1000.0,4290,1728000,0.0007,86400,0.0
86499,402,nan,-10000.0,-9.530241966247559,1.186936378479004,-0.0,1000.0,4295,1730000,0.0007,86500,0.0
86599,402,nan,-10000.0,-9.530241966247559,1.186936378479004,-0.0,1000.0,4300,1732000,0.0007,86600,0.0
86699,402,nan,-10000.0,-9.530241966247559,1.186936378479004,-0.0,1000.0,4305,1734000,0.0007,86700,0.0
86799,402,nan,-10000.0,-9.530241966247559,1.186936378479004,-0.0,1000.0,4310,1736000,0.0007,86800,0.0
86899,402,nan,-10000.0,-9.530241966247559,1.186936378479004,-0.0,1000.0,4315,1738000,0.0007,86900,0.0
86999,402,nan,-10000.0,-9.530241966247559,1.186936378479004,-0.0,1000.0,4320,1740000,0.0007,87000,0.0
87099,402,nan,-10000.0,-9.530241966247559,1.186936378479004,-0.0,1000.0,4325,1742000,0.0007,87100,0.0
87199,402,nan,-10000.0,-9.530241966247559,1.186936378479004,-0.0,1000.0,4330,1744000,0.0007,87200,0.0
87299,402,nan,-10000.0,-9.530241966247559,1.186936378479004,-0.0,1000.0,4335,1746000,0.0007,87300,0.0
87399,402,nan,-10000.0,-9.530241966247559,1.186936378479004,-0.0,1000.0,4340,1748000,0.0007,87400,0.0
87499,402,nan,-10000.0,-9.530241966247559,1.186936378479004,-0.0,1000.0,4345,1750000,0.0007,87500,0.0
87599,402,nan,-10000.0,-9.530241966247559,1.186936378479004,-0.0,1000.0,4351,1752000,0.0007,87600,0.0
87699,402,nan,-10000.0,-9.530241966247559,1.186936378479004,-0.0,1000.0,4356,1754000,0.0007,87700,0.0
87799,402,nan,-10000.0,-9.530241966247559,1.186936378479004,-0.0,1000.0,4361,1756000,0.0007,87800,0.0
87899,402,nan,-10000.0,-9.530241966247559,1.186936378479004,-0.0,1000.0,4366,1758000,0.0007,87900,0.0
87999,402,nan,-10000.0,-9.530241966247559,1.186936378479004,-0.0,1000.0,4371,1760000,0.0007,88000,0.0
88099,402,nan,-10000.0,-9.530241966247559,1.186936378479004,-0.0,1000.0,4376,1762000,0.0007,88100,0.0
88199,402,nan,-10000.0,-9.530241966247559,1.186936378479004,-0.0,1000.0,4381,1764000,0.0007,88200,0.0
88299,402,nan,-10000.0,-9.530241966247559,1.186936378479004,-0.0,1000.0,4386,1766000,0.0007,88300,0.0
88399,402,nan,-10000.0,-9.530241966247559,1.186936378479004,-0.0,1000.0,4391,1768000,0.0007,88400,0.0
88499,402,nan,-10000.0,-9.530241966247559,1.186936378479004,-0.0,1000.0,4396,1770000,0.0007,88500,0.0
88599,402,nan,-10000.0,-9.530241966247559,1.186936378479004,-0.0,1000.0,4401,1772000,0.0007,88600,0.0
88699,402,nan,-10000.0,-9.530241966247559,1.186936378479004,-0.0,1000.0,4406,1774000,0.0007,88700,0.0
88799,402,nan,-10000.0,-9.530241966247559,1.186936378479004,-0.0,1000.0,4411,1776000,0.0007,88800,0.0
88899,402,nan,-10000.0,-9.530241966247559,1.186936378479004,-0.0,1000.0,4417,1778000,0.0007,88900,0.0
88999,402,nan,-10000.0,-9.530241966247559,1.186936378479004,-0.0,1000.0,4422,1780000,0.0007,89000,0.0
89099,402,nan,-10000.0,-9.530241966247559,1.186936378479004,-0.0,1000.0,4426,1782000,0.0007,89100,0.0
89199,402,nan,-10000.0,-9.530241966247559,1.186936378479004,-0.0,1000.0,4431,1784000,0.0007,89200,0.0
89299,402,nan,-10000.0,-9.530241966247559,1.186936378479004,-0.0,1000.0,4436,1786000,0.0007,89300,0.0
89399,402,nan,-10000.0,-9.530241966247559,1.186936378479004,-0.0,1000.0,4441,1788000,0.0007,89400,0.0
89499,402,nan,-10000.0,-9.530241966247559,1.186936378479004,-0.0,1000.0,4447,1790000,0.0007,89500,0.0
89599,402,nan,-10000.0,-9.530241966247559,1.186936378479004,-0.0,1000.0,4452,1792000,0.0007,89600,0.0
89699,402,nan,-10000.0,-9.530241966247559,1.186936378479004,-0.0,1000.0,4456,1794000,0.0007,89700,0.0
89799,402,nan,-10000.0,-9.530241966247559,1.186936378479004,-0.0,1000.0,4462,1796000,0.0007,89800,0.0
89899,402,nan,-10000.0,-9.530241966247559,1.186936378479004,-0.0,1000.0,4466,1798000,0.0007,89900,0.0
89999,402,nan,-10000.0,-9.530241966247559,1.186936378479004,-0.0,1000.0,4471,1800000,0.0007,90000,0.0
90099,402,nan,-10000.0,-9.530241966247559,1.186936378479004,-0.0,1000.0,4476,1802000,0.0007,90100,0.0
90199,402,nan,-10000.0,-9.530241966247559,1.186936378479004,-0.0,1000.0,4481,1804000,0.0007,90200,0.0
90299,402,nan,-10000.0,-9.530241966247559,1.186936378479004,-0.0,1000.0,4486,1806000,0.0007,90300,0.0
90399,402,nan,-10000.0,-9.530241966247559,1.186936378479004,-0.0,1000.0,4492,1808000,0.0007,90400,0.0
90499,402,nan,-10000.0,-9.530241966247559,1.186936378479004,-0.0,1000.0,4497,1810000,0.0007,90500,0.0
90599,402,nan,-10000.0,-9.530241966247559,1.186936378479004,-0.0,1000.0,4502,1812000,0.0007,90600,0.0
90699,402,nan,-10000.0,-9.530241966247559,1.186936378479004,-0.0,1000.0,4507,1814000,0.0007,90700,0.0
90799,402,nan,-10000.0,-9.530241966247559,1.186936378479004,-0.0,1000.0,4512,1816000,0.0007,90800,0.0
90899,402,nan,-10000.0,-9.530241966247559,1.186936378479004,-0.0,1000.0,4517,1818000,0.0007,90900,0.0
90999,402,nan,-10000.0,-9.530241966247559,1.186936378479004,-0.0,1000.0,4522,1820000,0.0007,91000,0.0
91099,402,nan,-10000.0,-9.530241966247559,1.186936378479004,-0.0,1000.0,4527,1822000,0.0007,91100,0.0
91199,402,nan,-10000.0,-9.530241966247559,1.186936378479004,-0.0,1000.0,4532,1824000,0.0007,91200,0.0
91299,402,nan,-10000.0,-9.530241966247559,1.186936378479004,-0.0,1000.0,4537,1826000,0.0007,91300,0.0
91399,402,nan,-10000.0,-9.530241966247559,1.186936378479004,-0.0,1000.0,4543,1828000,0.0007,91400,0.0
91499,402,nan,-10000.0,-9.530241966247559,1.186936378479004,-0.0,1000.0,4548,1830000,0.0007,91500,0.0
91599,402,nan,-10000.0,-9.530241966247559,1.186936378479004,-0.0,1000.0,4553,1832000,0.0007,91600,0.0
91699,402,nan,-10000.0,-9.530241966247559,1.186936378479004,-0.0,1000.0,4558,1834000,0.0007,91700,0.0
91799,402,nan,-10000.0,-9.530241966247559,1.186936378479004,-0.0,1000.0,4563,1836000,0.0007,91800,0.0
91899,402,nan,-10000.0,-9.530241966247559,1.186936378479004,-0.0,1000.0,4568,1838000,0.0007,91900,0.0
91999,402,nan,-10000.0,-9.530241966247559,1.186936378479004,-0.0,1000.0,4573,1840000,0.0007,92000,0.0
92099,402,nan,-10000.0,-9.530241966247559,1.186936378479004,-0.0,1000.0,4578,1842000,0.0007,92100,0.0
92199,402,nan,-10000.0,-9.530241966247559,1.186936378479004,-0.0,1000.0,4583,1844000,0.0007,92200,0.0
92299,402,nan,-10000.0,-9.530241966247559,1.186936378479004,-0.0,1000.0,4588,1846000,0.0007,92300,0.0
92399,402,nan,-10000.0,-9.530241966247559,1.186936378479004,-0.0,1000.0,4593,1848000,0.0007,92400,0.0
92499,402,nan,-10000.0,-9.530241966247559,1.186936378479004,-0.0,1000.0,4598,1850000,0.0007,92500,0.0
92599,402,nan,-10000.0,-9.530241966247559,1.186936378479004,-0.0,1000.0,4603,1852000,0.0007,92600,0.0
92699,402,nan,-10000.0,-9.530241966247559,1.186936378479004,-0.0,1000.0,4608,1854000,0.0007,92700,0.0
92799,402,nan,-10000.0,-9.530241966247559,1.186936378479004,-0.0,1000.0,4613,1856000,0.0007,92800,0.0
92899,402,nan,-10000.0,-9.530241966247559,1.186936378479004,-0.0,1000.0,4618,1858000,0.0007,92900,0.0
92999,402,nan,-10000.0,-9.530241966247559,1.186936378479004,-0.0,1000.0,4623,1860000,0.0007,93000,0.0
93099,402,nan,-10000.0,-9.530241966247559,1.186936378479004,-0.0,1000.0,4628,1862000,0.0007,93100,0.0
93199,402,nan,-10000.0,-9.530241966247559,1.186936378479004,-0.0,1000.0,4633,1864000,0.0007,93200,0.0
93299,402,nan,-10000.0,-9.530241966247559,1.186936378479004,-0.0,1000.0,4638,1866000,0.0007,93300,0.0
93399,402,nan,-10000.0,-9.530241966247559,1.186936378479004,-0.0,1000.0,4643,1868000,0.0007,93400,0.0
93499,402,nan,-10000.0,-9.530241966247559,1.186936378479004,-0.0,1000.0,4648,1870000,0.0007,93500,0.0
93599,402,nan,-10000.0,-9.530241966247559,1.186936378479004,-0.0,1000.0,4653,1872000,0.0007,93600,0.0
93699,402,nan,-10000.0,-9.530241966247559,1.186936378479004,-0.0,1000.0,4658,1874000,0.0007,93700,0.0
93799,402,nan,-10000.0,-9.530241966247559,1.186936378479004,-0.0,1000.0,4663,1876000,0.0007,93800,0.0
93899,402,nan,-10000.0,-9.530241966247559,1.186936378479004,-0.0,1000.0,4669,1878000,0.0007,93900,0.0
93999,402,nan,-10000.0,-9.530241966247559,1.186936378479004,-0.0,1000.0,4674,1880000,0.0007,94000,0.0
94099,402,nan,-10000.0,-9.530241966247559,1.186936378479004,-0.0,1000.0,4679,1882000,0.0007,94100,0.0
94199,402,nan,-10000.0,-9.530241966247559,1.186936378479004,-0.0,1000.0,4684,1884000,0.0007,94200,0.0
94299,402,nan,-10000.0,-9.530241966247559,1.186936378479004,-0.0,1000.0,4689,1886000,0.0007,94300,0.0
94399,402,nan,-10000.0,-9.530241966247559,1.186936378479004,-0.0,1000.0,4694,1888000,0.0007,94400,0.0
94499,402,nan,-10000.0,-9.530241966247559,1.186936378479004,-0.0,1000.0,4699,1890000,0.0007,94500,0.0
94599,402,nan,-10000.0,-9.530241966247559,1.186936378479004,-0.0,1000.0,4704,1892000,0.0007,94600,0.0
94699,402,nan,-10000.0,-9.530241966247559,1.186936378479004,-0.0,1000.0,4709,1894000,0.0007,94700,0.0
94799,402,nan,-10000.0,-9.530241966247559,1.186936378479004,-0.0,1000.0,4714,1896000,0.0007,94800,0.0
94899,402,nan,-10000.0,-9.530241966247559,1.186936378479004,-0.0,1000.0,4719,1898000,0.0007,94900,0.0
94999,402,nan,-10000.0,-9.530241966247559,1.186936378479004,-0.0,1000.0,4724,1900000,0.0007,95000,0.0
95099,402,nan,-10000.0,-9.530241966247559,1.186936378479004,-0.0,1000.0,4729,1902000,0.0007,95100,0.0
95199,402,nan,-10000.0,-9.530241966247559,1.186936378479004,-0.0,1000.0,4734,1904000,0.0007,95200,0.0
95299,402,nan,-10000.0,-9.530241966247559,1.186936378479004,-0.0,1000.0,4739,1906000,0.0007,95300,0.0
95399,402,nan,-10000.0,-9.530241966247559,1.186936378479004,-0.0,1000.0,4744,1908000,0.0007,95400,0.0
95499,402,nan,-10000.0,-9.530241966247559,1.186936378479004,-0.0,1000.0,4749,1910000,0.0007,95500,0.0
95599,402,nan,-10000.0,-9.530241966247559,1.186936378479004,-0.0,1000.0,4755,1912000,0.0007,95600,0.0
95699,402,nan,-10000.0,-9.530241966247559,1.186936378479004,-0.0,1000.0,4760,1914000,0.0007,95700,0.0
95799,402,nan,-10000.0,-9.530241966247559,1.186936378479004,-0.0,1000.0,4765,1916000,0.0007,95800,0.0
95899,402,nan,-10000.0,-9.530241966247559,1.186936378479004,-0.0,1000.0,4770,1918000,0.0007,95900,0.0
95999,402,nan,-10000.0,-9.530241966247559,1.186936378479004,-0.0,1000.0,4775,1920000,0.0007,96000,0.0
96099,402,nan,-10000.0,-9.530241966247559,1.186936378479004,-0.0,1000.0,4780,1922000,0.0007,96100,0.0
96199,402,nan,-10000.0,-9.530241966247559,1.186936378479004,-0.0,1000.0,4785,1924000,0.0007,96200,0.0
96299,402,nan,-10000.0,-9.530241966247559,1.186936378479004,-0.0,1000.0,4790,1926000,0.0007,96300,0.0
96399,402,nan,-10000.0,-9.530241966247559,1.186936378479004,-0.0,1000.0,4795,1928000,0.0007,96400,0.0
96499,402,nan,-10000.0,-9.530241966247559,1.186936378479004,-0.0,1000.0,4800,1930000,0.0007,96500,0.0
96599,402,nan,-10000.0,-9.530241966247559,1.186936378479004,-0.0,1000.0,4805,1932000,0.0007,96600,0.0
96699,402,nan,-10000.0,-9.530241966247559,1.186936378479004,-0.0,1000.0,4810,1934000,0.0007,96700,0.0
96799,402,nan,-10000.0,-9.530241966247559,1.186936378479004,-0.0,1000.0,4815,1936000,0.0007,96800,0.0
96899,402,nan,-10000.0,-9.530241966247559,1.186936378479004,-0.0,1000.0,4820,1938000,0.0007,96900,0.0
96999,402,nan,-10000.0,-9.530241966247559,1.186936378479004,-0.0,1000.0,4825,1940000,0.0007,97000,0.0
97099,402,nan,-10000.0,-9.530241966247559,1.186936378479004,-0.0,1000.0,4829,1942000,0.0007,97100,0.0
97199,402,nan,-10000.0,-9.530241966247559,1.186936378479004,-0.0,1000.0,4834,1944000,0.0007,97200,0.0
97299,402,nan,-10000.0,-9.530241966247559,1.186936378479004,-0.0,1000.0,4839,1946000,0.0007,97300,0.0
97399,402,nan,-10000.0,-9.530241966247559,1.186936378479004,-0.0,1000.0,4844,1948000,0.0007,97400,0.0
97499,402,nan,-10000.0,-9.530241966247559,1.186936378479004,-0.0,1000.0,4849,1950000,0.0007,97500,0.0
97599,402,nan,-10000.0,-9.530241966247559,1.186936378479004,-0.0,1000.0,4854,1952000,0.0007,97600,0.0
97699,402,nan,-10000.0,-9.530241966247559,1.186936378479004,-0.0,1000.0,4860,1954000,0.0007,97700,0.0
97799,402,nan,-10000.0,-9.530241966247559,1.186936378479004,-0.0,1000.0,4865,1956000,0.0007,97800,0.0
97899,402,nan,-10000.0,-9.530241966247559,1.186936378479004,-0.0,1000.0,4870,1958000,0.0007,97900,0.0
97999,402,nan,-10000.0,-9.530241966247559,1.186936378479004,-0.0,1000.0,4875,1960000,0.0007,98000,0.0
98099,402,nan,-10000.0,-9.530241966247559,1.186936378479004,-0.0,1000.0,4880,1962000,0.0007,98100,0.0
98199,402,nan,-10000.0,-9.530241966247559,1.186936378479004,-0.0,1000.0,4885,1964000,0.0007,98200,0.0
98299,402,nan,-10000.0,-9.530241966247559,1.186936378479004,-0.0,1000.0,4890,1966000,0.0007,98300,0.0
98399,401,nan,-10000.0,-9.530241966247559,1.186936378479004,-0.0,1000.0,4895,1968000,0.0007,98400,0.0
98499,401,nan,-10000.0,-9.530241966247559,1.186936378479004,-0.0,1000.0,4900,1970000,0.0007,98500,0.0
98599,401,nan,-10000.0,-9.530241966247559,1.186936378479004,-0.0,1000.0,4906,1972000,0.0007,98600,0.0
98699,401,nan,-10000.0,-9.530241966247559,1.186936378479004,-0.0,1000.0,4911,1974000,0.0007,98700,0.0
98799,401,nan,-10000.0,-9.530241966247559,1.186936378479004,-0.0,1000.0,4916,1976000,0.0007,98800,0.0
98899,401,nan,-10000.0,-9.530241966247559,1.186936378479004,-0.0,1000.0,4921,1978000,0.0007,98900,0.0
98999,401,nan,-10000.0,-9.530241966247559,1.186936378479004,-0.0,1000.0,4926,1980000,0.0007,99000,0.0
99099,401,nan,-10000.0,-9.530241966247559,1.186936378479004,-0.0,1000.0,4931,1982000,0.0007,99100,0.0
99199,401,nan,-10000.0,-9.530241966247559,1.186936378479004,-0.0,1000.0,4936,1984000,0.0007,99200,0.0
99299,401,nan,-10000.0,-9.530241966247559,1.186936378479004,-0.0,1000.0,4941,1986000,0.0007,99300,0.0
99399,401,nan,-10000.0,-9.530241966247559,1.186936378479004,-0.0,1000.0,4946,1988000,0.0007,99400,0.0
99499,401,nan,-10000.0,-9.530241966247559,1.186936378479004,-0.0,1000.0,4951,1990000,0.0007,99500,0.0
99599,401,nan,-10000.0,-9.530241966247559,1.186936378479004,-0.0,1000.0,4956,1992000,0.0007,99600,0.0
99699,401,nan,-10000.0,-9.530241966247559,1.186936378479004,-0.0,1000.0,4961,1994000,0.0007,99700,0.0
99799,401,nan,-10000.0,-9.530241966247559,1.186936378479004,-0.0,1000.0,4966,1996000,0.0007,99800,0.0
99899,401,nan,-10000.0,-9.530241966247559,1.186936378479004,-0.0,1000.0,4971,1998000,0.0007,99900,0.0
99999,401,nan,-10000.0,-9.530241966247559,1.186936378479004,-0.0,1000.0,4976,2000000,0.0007,100000,0.0
