time/episodes,train/n_updates,train/critic_loss,time/total_timesteps,time/time_elapsed,rollout/ep_rew_mean,rollout/ep_len_mean,train/actor_loss,train/learning_rate,train/ent_coef_loss,time/fps,train/ent_coef
4,54,3.732942819595337,320,1,-100537.5,54.75,75.14356231689453,0.0003,-0.28343331813812256,223,1.0138126611709595
8,133,198.4925537109375,636,3,-100611.25,62.125,89.3245849609375,0.0003,-0.749935507774353,191,1.0356357097625732
12,209,784.3464965820312,940,5,-100667.5,67.75,105.1318130493164,0.0003,-1.2735092639923096,184,1.0583521127700806
16,317,394.52227783203125,1372,7,-100721.875,73.1875,127.68104553222656,0.0003,-2.0557687282562256,178,1.0919052362442017
20,428,199.54257202148438,1816,10,-100774.0,78.4,147.81674194335938,0.0003,-2.8055052757263184,176,1.1280637979507446
24,475,589.8179931640625,2004,11,-100357.5,78.91666666666667,160.10443115234375,0.0003,-3.1716670989990234,175,1.1437932252883911
28,608,395.19927978515625,2536,14,-100418.57142857143,79.0,182.14614868164062,0.0003,-3.72308349609375,173,1.1897270679473877
32,736,395.59521484375,3048,17,-100491.875,81.8125,214.42868041992188,0.0003,-4.857497215270996,173,1.2357559204101562
36,811,6.062967777252197,3348,19,-100033.26388888889,88.58333333333333,232.42262268066406,0.0003,-5.370022773742676,172,1.263190746307373
40,862,590.823974609375,3552,20,-100080.9375,84.925,245.1339111328125,0.0003,-5.39772367477417,172,1.2825214862823486
44,972,396.3666076660156,3992,23,-100143.35227272728,84.27272727272727,272.038330078125,0.0003,-6.082462310791016,171,1.325209140777588
48,1069,1000.3778686523438,4380,25,-100025.15625,88.54166666666667,294.550048828125,0.0003,-6.63394021987915,171,1.3641383647918701
52,1157,1175.78759765625,4732,27,-99894.42307692308,88.46153846153847,321.4571228027344,0.0003,-7.7826056480407715,171,1.4003275632858276
56,1217,416.5888366699219,4972,29,-99945.53571428571,86.57142857142857,335.40618896484375,0.0003,-7.686318874359131,171,1.4257677793502808
60,1284,786.4708251953125,5240,30,-100006.33333333333,86.58333333333333,355.3699645996094,0.0003,-8.391337394714355,170,1.454798698425293
64,1366,397.6722106933594,5568,32,-100037.8125,84.421875,380.55078125,0.0003,-8.986103057861328,170,1.4906278848648071
68,1483,592.2896728515625,6036,35,-100088.9705882353,84.8529411764706,417.7444152832031,0.0003,-10.48880386352539,170,1.543458342552185
72,1629,398.5066833496094,6620,38,-100141.38888888889,85.93055555555556,435.9388427734375,0.0003,-8.492969512939453,170,1.611708641052246
76,1686,398.3777770996094,6848,40,-100075.8552631579,88.94736842105263,452.3726806640625,0.0003,-8.981866836547852,169,1.6338131427764893
80,1779,204.0167694091797,7220,42,-99989.21875,89.15,473.3865661621094,0.0003,-8.440593719482422,169,1.669687032699585
84,1853,612.3731689453125,7516,44,-100019.01785714286,87.88095238095238,493.99407958984375,0.0003,-9.081786155700684,169,1.6993529796600342
88,1935,593.1199951171875,7844,46,-100055.99431818182,87.7159090909091,515.821044921875,0.0003,-9.187860488891602,169,1.7335153818130493
92,2058,399.1678771972656,8336,49,-99995.12228260869,89.3804347826087,532.265380859375,0.0003,-6.556941986083984,169,1.7777729034423828
96,2149,1176.4749755859375,8700,51,-100026.0546875,88.77083333333333,547.2457885742188,0.0003,-6.823493957519531,169,1.8061937093734741
100,2261,787.890380859375,9148,53,-100058.1125,88.57,572.7894287109375,0.0003,-6.301576614379883,169,1.8432352542877197
104,2305,399.7265930175781,9324,55,-100077.0125,90.46,583.6537475585938,0.0003,-6.860941410064697,169,1.8584800958633423
108,2378,400.33074951171875,9616,56,-100071.8125,89.94,596.333740234375,0.0003,-7.056305885314941,169,1.8846232891082764
112,2463,12.035579681396484,9956,58,-99971.8125,90.0,614.9512329101562,0.0003,-7.687853813171387,169,1.9162124395370483
116,2538,594.3429565429688,10256,60,-99964.7125,89.29,630.0848999023438,0.0003,-7.890050411224365,169,1.9453909397125244
120,2626,981.9223022460938,10608,62,-99755.62083333,89.1,659.8453979492188,0.0003,-8.116578102111816,169,1.9807549715042114
124,2713,400.8803405761719,10956,64,-99748.34583333001,88.26,679.5802001953125,0.0003,-8.675005912780762,169,2.0172832012176514
128,2804,207.33474731445312,11320,66,-99763.14583333001,89.74,697.0784912109375,0.0003,-8.78378963470459,169,2.0571134090423584
132,2880,789.69287109375,11624,68,-99750.44583333,88.47,719.597900390625,0.0003,-8.49940299987793,169,2.09220814704895
136,3000,789.8798828125,12104,71,-99936.67083333,86.88,749.9703369140625,0.0003,-8.752656936645508,169,2.1495766639709473
140,3091,983.4061279296875,12468,73,-99938.77083333001,87.09,776.7528076171875,0.0003,-8.726070404052734,169,2.195000648498535
144,3157,402.6969299316406,12732,75,-99744.0625,88.42,790.4990234375,0.0003,-9.206595420837402,169,2.229292154312134
148,3209,615.7171630859375,12940,76,-99724.1875,85.99,808.551025390625,0.0003,-10.007333755493164,169,2.256641149520874
152,3284,596.2449951171875,13240,78,-99819.6625,85.38,832.646484375,0.0003,-10.007903099060059,168,2.2974693775177
156,3352,810.6095581054688,13512,79,-99814.3625,84.85,849.21142578125,0.0003,-10.526956558227539,168,2.335481643676758
160,3438,791.2019653320312,13856,81,-99719.0625,85.62,872.70849609375,0.0003,-9.970449447631836,168,2.385866165161133
164,3555,598.2167358398438,14324,84,-99643.8375,88.21,902.535888671875,0.0003,-9.177746772766113,168,2.456943988800049
168,3636,16.917959213256836,14648,86,-99636.6375,87.49,810.3457641601562,0.0003,9.052053451538086,168,2.464313507080078
172,3794,404.953857421875,15280,90,-99649.8375,88.81,817.8626098632812,0.0003,8.593242645263672,168,2.3775362968444824
176,3865,211.36590576171875,15564,92,-99732.8875,87.01,816.1427001953125,0.0003,8.416357040405273,168,2.338965654373169
180,3902,1179.38037109375,15712,93,-99822.1625,85.63,818.7601928710938,0.0003,8.240606307983398,168,2.3189282417297363
184,3986,598.4899291992188,16048,95,-99829.3625,86.35,809.5277099609375,0.0003,8.017837524414062,168,2.2735981941223145
188,4075,1200.416748046875,16404,97,-99823.4625,85.76,824.031005859375,0.0003,7.817537784576416,168,2.2258753776550293
192,4190,212.49667358398438,16864,99,-99912.125,84.25,820.7763671875,0.0003,7.513833045959473,168,2.1648762226104736
196,4248,406.17437744140625,17096,101,-99916.625,84.7,820.7922973632812,0.0003,7.211539268493652,168,2.1344361305236816
200,4303,600.3649291992188,17316,102,-99904.825,83.52,821.696044921875,0.0003,7.15779972076416,168,2.105778694152832
204,4384,985.6317749023438,17640,104,-99891.125,82.15,817.43115234375,0.0003,6.991554260253906,169,2.0638883113861084
208,4459,214.5022735595703,17940,106,-99804.775,83.67,824.2035522460938,0.0003,6.711669921875,169,2.0255541801452637
212,4542,409.7703857421875,18272,108,-99809.175,84.14,835.7235107421875,0.0003,6.4963812828063965,169,1.9836008548736572
216,4635,216.17333984375,18644,110,-99808.575,84.08,834.3258666992188,0.0003,6.292097091674805,169,1.9371719360351562
220,4694,1181.32861328125,18880,111,-100003.66666666999,82.87,825.4482421875,0.0003,6.133662223815918,169,1.908125877380371
224,4806,990.1888427734375,19328,114,-100115.94166667,84.09,841.7147216796875,0.0003,5.8642778396606445,169,1.8538569211959839
228,4882,621.9546508789062,19632,116,-100110.44166667,83.54,831.70654296875,0.0003,5.588759422302246,169,1.8177030086517334
232,4980,410.5815124511719,20024,118,-99916.875,84.57,838.8253173828125,0.0003,5.310207843780518,169,1.7718638181686401
236,5064,217.3167724609375,20360,120,-99799.975,82.97,841.4786376953125,0.0003,5.022263526916504,169,1.733345627784729
240,5172,798.7216186523438,20792,122,-99719.075,84.88,849.7962646484375,0.0003,4.778478622436523,169,1.6847856044769287
244,5259,1573.9869384765625,21140,125,-99921.48333333,84.32,861.5423583984375,0.0003,4.5266242027282715,169,1.646475076675415
248,5355,413.44891357421875,21524,127,-100031.75833333,85.31,858.757080078125,0.0003,4.2614359855651855,169,1.6050182580947876
252,5444,607.09423828125,21880,129,-99938.80833333,86.27,870.2713012695312,0.0003,4.065143585205078,169,1.5673842430114746
256,5528,801.2947998046875,22216,131,-99852.15833333001,87.77,882.5133056640625,0.0003,3.7373297214508057,169,1.5326220989227295
260,5644,416.261962890625,22680,134,-99856.33333333001,88.09,866.388671875,0.0003,3.532480239868164,169,1.4856539964675903
264,5771,610.5542602539062,23188,137,-99956.25833333,87.97,888.4609375,0.0003,3.1195716857910156,169,1.4358620643615723
268,5959,417.5893859863281,23940,141,-99767.69166666002,89.41,898.36279296875,0.0003,2.638531446456909,169,1.3653115034103394
272,6048,613.1958618164062,24296,143,-99780.29166666,90.67,902.9877319335938,0.0003,2.457310676574707,169,1.3331531286239624
276,6200,825.91259765625,24904,147,-99785.39166666001,91.18,922.917236328125,0.0003,2.035367727279663,169,1.2802842855453491
280,6388,427.5503845214844,25656,151,-99647.88166666002,97.83,938.108642578125,0.0003,1.5930168628692627,169,1.2183476686477661
284,6558,624.1287231445312,26336,155,-99679.48166666001,100.99,953.3739013671875,0.0003,1.1356213092803955,169,1.1656811237335205
288,6813,434.0662536621094,27356,161,-99647.63166666002,107.94,976.74560546875,0.0003,0.6560644507408142,169,1.092085599899292
292,7671,466.53021240234375,30788,181,-98834.63166666002,126.63,1117.750732421875,0.0003,-0.6132749319076538,169,0.8869946599006653
296,7958,250.18568420410156,31936,188,-97057.03166666001,148.85,1029.917236328125,0.0003,-1.1795622110366821,169,0.8302398324012756
300,8944,68.71028900146484,35880,211,-96242.23166666001,167.36,1091.9200439453125,0.0003,-1.9129618406295776,169,0.6690589785575867
304,9918,653.8023071289062,39776,234,-93611.43166666,204.25,1322.0740966796875,0.0003,-1.7657519578933716,169,0.545875072479248
308,10918,488.821533203125,43776,258,-90075.58166666001,240.47,1294.7762451171875,0.0003,-1.9515094757080078,169,0.4342820346355438
312,11752,303.36663818359375,47112,278,-87480.28166666001,270.82,1347.005615234375,0.0003,-2.3521361351013184,169,0.35111966729164124
316,12591,480.4798889160156,50468,297,-84788.08166666001,301.57,1370.2093505859375,0.0003,-3.285740613937378,169,0.28273633122444153
320,12918,461.46337890625,51776,305,-83885.10666666001,327.15,1236.7091064453125,0.0003,-3.3274600505828857,169,0.2605636417865753
324,13893,521.1939086914062,55676,328,-82181.50666666,356.77,1700.246337890625,0.0003,-2.5891408920288086,169,0.20698516070842743
328,14893,130.30084228515625,59676,352,-79500.50666666,388.64,1442.48046875,0.0003,-1.931753396987915,169,0.1671932190656662
332,15893,98.370361328125,63676,376,-77064.77333333,424.65,1263.017578125,0.0003,-3.261105537414551,168,0.14221090078353882
336,16586,509.0842590332031,66448,393,-75428.47333333001,450.91,1488.588623046875,0.0003,-2.0549087524414062,168,0.12691061198711395
340,17013,344.457275390625,68156,403,-74697.87333333,467.84,1599.464111328125,0.0003,-1.7406176328659058,168,0.11972873657941818
344,17364,168.6245574951172,69560,412,-73802.57333333,478.3,1696.5399169921875,0.0003,-3.9717767238616943,168,0.11355803161859512
348,18106,149.0677490234375,72528,429,-73903.77333333,488.42,1563.531005859375,0.0003,-2.0420143604278564,168,0.10547184199094772
352,18265,299.508544921875,73164,433,-73047.99833333,503.65,1372.248291015625,0.0003,-1.9581787586212158,168,0.10406436771154404
356,18519,588.3568115234375,74180,439,-73278.64833333,516.55,1928.10107421875,0.0003,3.4776344299316406,168,0.10097118467092514
360,18844,299.6202392578125,75480,447,-73424.77333333,520.96,2095.487548828125,0.0003,1.502028226852417,168,0.09963107854127884
364,19101,384.68511962890625,76508,453,-73497.27333333,528.21,1728.489013671875,0.0003,1.1426321268081665,168,0.09916926920413971
368,19203,445.6123352050781,76916,455,-73639.915,532.58,1198.78564453125,0.0003,-2.496044397354126,168,0.09983360022306442
372,19408,921.5601196289062,77736,460,-73631.815,531.77,1809.827880859375,0.0003,-1.7311033010482788,168,0.09957883507013321
376,19529,250.70399475097656,78220,463,-73652.115,533.8,2137.19189453125,0.0003,4.745858669281006,168,0.10002691298723221
380,19667,267.34930419921875,78772,467,-73815.225,529.71,1772.5550537109375,0.0003,0.8261752128601074,168,0.10019966214895248
384,19753,694.0542602539062,79116,469,-73796.925,527.88,1443.0623779296875,0.0003,-1.8593406677246094,168,0.1006302759051323
388,20701,146.2156524658203,82908,491,-72019.575,539.99,1517.79248046875,0.0003,-0.3439887762069702,168,0.10369138419628143
392,20766,438.43548583984375,83168,493,-71909.775,529.01,2311.09375,0.0003,3.550842523574829,168,0.10426033288240433
396,20825,298.92889404296875,83404,494,-73669.675,505.02,1648.9114990234375,0.0003,0.8729313611984253,168,0.10464651882648468
400,20865,560.2784423828125,83564,495,-73575.375,495.59,1998.6190185546875,0.0003,0.5252285599708557,168,0.10441640764474869
404,20902,280.8925476074219,83712,496,-76195.075,457.59,1382.1826171875,0.0003,-1.598784327507019,168,0.10432444512844086
408,20940,458.49713134765625,83864,497,-79810.475,419.17,1345.730224609375,0.0003,0.5591784119606018,168,0.10418710857629776
412,20986,177.71400451660156,84048,499,-82487.175,386.87,1773.953857421875,0.0003,0.16865599155426025,168,0.10372009128332138
416,21029,690.4111938476562,84220,500,-85169.675,355.15,1399.1849365234375,0.0003,-2.1139698028564453,168,0.10352867096662521
420,21068,181.5608673095703,84376,501,-86062.75,328.58,1877.797607421875,0.0003,-1.0560545921325684,168,0.10326270759105682
424,21112,460.1697998046875,84552,502,-87746.25,296.95,1318.07568359375,0.0003,-0.34636789560317993,168,0.10275602340698242
428,21149,403.1844787597656,84700,503,-90401.85,262.54,1793.1182861328125,0.0003,0.08296793699264526,168,0.10242276638746262
432,21190,134.68658447265625,84864,504,-93019.55,224.34,1588.205322265625,0.0003,-1.5133336782455444,168,0.1021583303809166
436,21226,704.563720703125,85008,505,-94747.05,197.11,1599.6820068359375,0.0003,-3.6649653911590576,168,0.10199157148599625
440,21267,414.5440368652344,85172,506,-95552.45,177.66,2123.208740234375,0.0003,0.8418134450912476,168,0.10155919939279556
444,21317,101.48103332519531,85372,507,-96428.05,165.23,1374.26904296875,0.0003,-2.4413037300109863,168,0.10131051391363144
448,21451,120.00027465820312,85908,510,-96304.25,152.85,1461.047607421875,0.0003,-0.19381505250930786,168,0.10084627568721771
452,21618,195.8553466796875,86576,514,-97240.775,135.44,1949.0115966796875,0.0003,1.134162425994873,168,0.10169931501150131
456,21792,127.0237808227539,87272,518,-97094.675,120.83,1569.4278564453125,0.0003,-2.037090539932251,168,0.10194914788007736
460,21968,341.1534729003906,87976,523,-97022.575,113.62,1707.36328125,0.0003,-1.9992823600769043,168,0.10092569142580032
464,22151,131.3401336669922,88708,527,-96922.875,103.65,1529.55029296875,0.0003,0.7174522876739502,168,0.10067035257816315
468,22295,591.0478515625,89284,530,-96053.8,106.33,2099.548828125,0.0003,2.5490803718566895,168,0.10035862773656845
472,22351,474.2341003417969,89508,532,-94203.2,121.25,1392.0625,0.0003,-2.7811379432678223,168,0.10039760917425156
476,22400,346.8113098144531,89704,533,-94157.4,116.67,1695.459228515625,0.0003,1.1324917078018188,168,0.10045413672924042
480,22449,406.999267578125,89900,534,-94126.6,113.59,2309.003662109375,0.0003,-0.12999877333641052,168,0.10029087960720062
484,22503,205.95497131347656,90116,535,-94102.5,111.18,1992.689697265625,0.0003,-1.4489606618881226,168,0.10044673830270767
488,22549,119.3622817993164,90300,536,-95903.3,91.28,1536.107177734375,0.0003,-0.6349645853042603,168,0.10013307631015778
492,22636,306.605224609375,90648,539,-96811.9,82.15,1482.6868896484375,0.0003,-0.6260498762130737,168,0.09984809160232544
496,22699,465.02349853515625,90900,540,-96832.6,84.22,2638.6953125,0.0003,1.0971498489379883,168,0.09981238842010498
500,22800,101.0418472290039,91304,542,-97747.4,75.71,1368.647705078125,0.0003,-1.2219042778015137,168,0.09960509836673737
504,22865,81.26678466796875,91564,544,-97757.5,76.72,1291.036865234375,0.0003,-0.007685720920562744,168,0.09984200447797775
508,22945,104.9836196899414,91884,546,-97769.3,77.9,1482.3251953125,0.0003,-2.058833122253418,168,0.09977161884307861
512,22987,177.90733337402344,92052,547,-97793.4,80.31,1831.8333740234375,0.0003,1.2090004682540894,168,0.0997968316078186
516,23036,547.4776611328125,92248,548,-97793.8,80.35,2209.13134765625,0.0003,-0.9860203266143799,168,0.09995464235544205
520,23319,474.525390625,93380,555,-97823.5,83.32,2318.232421875,0.0003,-0.616968035697937,168,0.10089699178934097
524,23673,805.468505859375,94796,563,-97925.6,93.53,1625.415771484375,0.0003,0.9225607514381409,168,0.10156946629285812
528,23857,751.8441162109375,95532,568,-98043.9,105.36,2129.16259765625,0.0003,5.933067321777344,168,0.103490449488163
532,24059,331.8323974609375,96340,572,-97995.475,110.71,1705.514404296875,0.0003,2.0523934364318848,168,0.1057630181312561
536,24283,299.082275390625,97236,578,-98081.275,119.29,2953.208740234375,0.0003,2.212529420852661,168,0.10774841159582138
540,24505,180.1628875732422,98124,583,-98153.375,126.5,2055.754638671875,0.0003,2.4798638820648193,168,0.108321413397789
544,24946,314.5447998046875,99888,593,-98252.675,136.43,1600.5086669921875,0.0003,-0.2741581201553345,168,0.11027916520833969
548,25253,271.99761962890625,101116,601,-98416.875,152.85,1312.3271484375,0.0003,-2.839510202407837,168,0.11142969876527786
552,25954,276.9664611816406,103920,617,-98575.675,168.73,1306.7572021484375,0.0003,-0.7826854586601257,168,0.11288364976644516
556,26726,269.8349609375,107008,635,-98829.375,194.1,1656.54248046875,0.0003,0.8926019072532654,168,0.1219015121459961
560,27329,506.9238586425781,109420,650,-99070.675,218.23,1745.2132568359375,0.0003,-1.6067838668823242,168,0.12156550586223602
564,27767,366.2567443847656,111172,660,-99283.675,239.53,2080.7978515625,0.0003,1.566982626914978,168,0.12130343914031982
568,27969,89.09913635253906,111980,665,-100276.675,238.84,1476.58642578125,0.0003,-3.675855875015259,168,0.12125040590763092
572,28329,470.4921875,113420,673,-101143.15,235.58,1473.0753173828125,0.0003,-0.7714788913726807,168,0.12279124557971954
576,28672,527.3410034179688,114792,681,-101250.05,246.27,1916.804443359375,0.0003,-0.7790571451187134,168,0.12394621223211288
580,28786,165.00579833984375,115248,684,-101320.25,253.29,2004.08447265625,0.0003,0.31168079376220703,168,0.12385077774524689
584,29162,95.05863952636719,116752,693,-101416.95,262.96,1622.23779296875,0.0003,-4.601667404174805,168,0.1223803460597992
588,29341,795.9386596679688,117468,697,-101497.35,271.0,2483.40576171875,0.0003,3.974360466003418,168,0.12270649522542953
592,29494,340.9464416503906,118080,701,-101520.65,273.33,2035.7730712890625,0.0003,1.384291410446167,168,0.12498699873685837
596,29642,380.2823486328125,118672,704,-101549.25,276.19,2543.66552734375,0.0003,2.2267327308654785,168,0.12701106071472168
600,29736,110.02330017089844,119048,707,-101580.35,279.3,1576.0987548828125,0.0003,-2.972687005996704,168,0.12806394696235657
604,29947,89.92585754394531,119892,712,-101602.55,281.52,1333.1749267578125,0.0003,0.4138410687446594,168,0.129880890250206
608,30104,680.4679565429688,120520,716,-101632.25,284.49,1400.4493408203125,0.0003,0.5850338339805603,168,0.13323570787906647
612,30208,157.4426727294922,120936,718,-101660.35,287.3,2095.236083984375,0.0003,1.6111195087432861,168,0.13448792695999146
616,30396,578.1422119140625,121688,723,-101683.35,289.6,1783.5682373046875,0.0003,1.1556477546691895,168,0.13740509748458862
620,30915,84.90775299072266,123764,735,-101739.65,295.23,1362.3087158203125,0.0003,-0.6507424712181091,168,0.14314748346805573
624,31201,434.7929992675781,124908,742,-101783.25,299.59,2532.4609375,0.0003,1.1359084844589233,168,0.14965583384037018
628,31396,141.41539001464844,125688,746,-100811.25,302.38,1873.590576171875,0.0003,-1.0338525772094727,168,0.15304170548915863
632,31768,405.306640625,127176,755,-100978.675,308.93,2576.757568359375,0.0003,1.5210187435150146,168,0.15508848428726196
636,32175,568.667724609375,128804,765,-101025.875,313.65,2371.198486328125,0.0003,0.6767876744270325,168,0.1573919653892517
640,32657,238.8328094482422,130732,776,-100977.6625,319.1,2882.6865234375,0.0003,1.5857923030853271,168,0.16401153802871704
644,32991,387.9244079589844,132068,784,-100896.0375,324.42,2540.25439453125,0.0003,0.38015761971473694,168,0.17395265400409698
648,33692,397.7980651855469,134872,801,-100583.5625,331.45,2221.68408203125,0.0003,3.2024898529052734,168,0.19168564677238464
652,34439,767.8453369140625,137860,819,-99564.875,340.7,3646.900146484375,0.0003,1.3834757804870605,168,0.2008298933506012
656,35439,257.0322265625,141860,842,-95694.175,353.59,2730.388916015625,0.0003,3.529728651046753,168,0.20038579404354095
660,36247,245.2617950439453,145092,861,-93756.975,359.85,2720.904296875,0.0003,0.885654628276825,168,0.21699455380439758
664,36861,218.2605743408203,147548,876,-92765.575,360.7,2332.321044921875,0.0003,-1.1729985475540161,168,0.22497238218784332
668,37659,383.9808654785156,150740,895,-90977.375,381.86,2442.4873046875,0.0003,-0.8558378219604492,168,0.22903279960155487
672,37982,303.0500183105469,152032,902,-91103.8,384.42,2101.45458984375,0.0003,-1.356459379196167,168,0.2316008359193802
676,38534,333.47161865234375,154240,916,-91114.5,385.49,2371.06494140625,0.0003,1.2755448818206787,168,0.23521025478839874
680,38864,173.9481658935547,155560,923,-90178.0,391.83,2108.77685546875,0.0003,-1.0471769571304321,168,0.24225978553295135
684,39376,220.7145233154297,157608,936,-89244.5,398.47,2221.127685546875,0.0003,0.5088030099868774,168,0.24270190298557281
688,39590,184.2700653076172,158464,941,-89295.3,403.55,2335.013671875,0.0003,-0.6860461235046387,168,0.2436293065547943
692,39982,589.6830444335938,160032,950,-88416.8,415.69,2739.85009765625,0.0003,0.2129150629043579,168,0.24587774276733398
696,40590,783.2720947265625,162464,964,-87448.825,431.59,2410.695068359375,0.0003,0.5628606081008911,168,0.24245496094226837
700,41170,268.4516906738281,164784,978,-86534.925,440.19,3305.5283203125,0.0003,1.06022047996521,168,0.23811858892440796
704,41358,400.6129150390625,165536,982,-85672.325,453.92,2832.6474609375,0.0003,-0.39098429679870605,168,0.23772276937961578
708,41676,339.42156982421875,166808,990,-85741.825,460.87,2142.060791015625,0.0003,-1.4511492252349854,168,0.23302793502807617
712,41838,395.7109375,167456,994,-85710.325,457.72,2680.865478515625,0.0003,-0.3971219062805176,168,0.23390807211399078
716,41987,246.38272094726562,168052,997,-85635.575,462.73,2468.13525390625,0.0003,-0.21637967228889465,168,0.23465867340564728
720,42065,346.95794677734375,168364,999,-85491.6375,460.9,2167.482666015625,0.0003,-0.8808527588844299,168,0.23390233516693115
724,42141,321.1151123046875,168668,1001,-85365.0375,448.24,1889.517333984375,0.0003,-0.2777408957481384,168,0.2337675243616104
728,42226,200.31248474121094,169008,1003,-86231.3375,434.88,2923.56640625,0.0003,0.19209986925125122,168,0.23290514945983887
732,42293,199.77098083496094,169276,1005,-86122.7375,424.02,2263.43603515625,0.0003,0.8131563067436218,168,0.23274201154708862
736,42369,683.9601440429688,169580,1006,-86001.7375,411.92,2039.245849609375,0.0003,0.5435203313827515,168,0.23252488672733307
740,42521,313.9865417480469,170188,1010,-86008.45,402.32,1915.5950927734375,0.0003,-1.4924819469451904,168,0.2308274805545807
744,42660,497.4369812011719,170744,1013,-85997.775,387.77,2014.54833984375,0.0003,-0.23159459233283997,168,0.23079921305179596
748,42818,538.7261962890625,171376,1017,-86159.05,365.62,2206.8115234375,0.0003,-1.3391640186309814,168,0.22762379050254822
752,42995,409.6664123535156,172084,1021,-87042.2375,342.82,2825.5625,0.0003,1.2093333005905151,168,0.22657187283039093
756,43094,426.65313720703125,172480,1024,-90661.8375,304.82,2258.634521484375,0.0003,0.6383442878723145,168,0.22737634181976318
760,43163,703.8977661132812,172756,1025,-92421.8375,280.84,2500.90380859375,0.0003,-1.5759600400924683,168,0.22711624205112457
764,43253,147.71788024902344,173116,1028,-93204.2375,259.09,2037.227294921875,0.0003,-1.895667314529419,168,0.2260628342628479
768,43311,391.8289489746094,173348,1029,-94905.0375,229.19,2487.33251953125,0.0003,2.094130516052246,168,0.2241297960281372
772,43367,417.5481872558594,173572,1030,-94819.0375,220.59,3108.000244140625,0.0003,0.012856841087341309,168,0.22410210967063904
776,43425,126.35281372070312,173804,1032,-94705.1375,209.2,1758.0589599609375,0.0003,-0.8156092762947083,168,0.22377994656562805
780,43478,77.11320495605469,174016,1033,-95577.6375,196.46,1417.6934814453125,0.0003,-2.7602572441101074,168,0.2234668731689453
784,43544,420.5314636230469,174280,1035,-96417.7375,180.48,2793.17578125,0.0003,0.9145447015762329,168,0.22084644436836243
788,43610,437.7762145996094,174544,1036,-96294.3375,168.14,2475.05615234375,0.0003,0.019589483737945557,168,0.21973386406898499
792,43679,322.19195556640625,174820,1038,-97155.3375,154.25,1932.7130126953125,0.0003,-1.8249249458312988,168,0.21777185797691345
796,43752,312.1361999511719,175112,1040,-98083.2125,134.34,2241.658203125,0.0003,0.9198912382125854,168,0.21583902835845947
800,43815,168.86309814453125,175364,1041,-98961.4125,122.17,2485.262451171875,0.0003,0.21031014621257782,168,0.21466587483882904
804,43893,327.62445068359375,175676,1043,-99808.3125,106.87,1960.906005859375,0.0003,-0.801901638507843,168,0.21314211189746857
808,43985,984.3020629882812,176044,1045,-99714.6125,97.5,2531.4169921875,0.0003,-1.0783236026763916,168,0.21242722868919373
812,44098,132.04116821289062,176496,1048,-99718.8125,97.92,2193.34765625,0.0003,-0.8303601145744324,168,0.2103123515844345
816,44192,276.4797668457031,176872,1050,-99795.4625,93.1,1541.993408203125,0.0003,-0.04153406620025635,168,0.20987094938755035
820,44340,592.8836059570312,177464,1054,-99875.9,88.58,2934.9267578125,0.0003,1.4646958112716675,168,0.2084631621837616
824,44422,340.2430114746094,177792,1056,-99872.2,88.21,2486.4404296875,0.0003,0.8978872299194336,168,0.20732848346233368
828,44495,127.42819213867188,178084,1057,-99902.1,91.2,1843.8878173828125,0.0003,-1.722362756729126,168,0.20673225820064545
832,44569,453.5793151855469,178380,1059,-99904.7,91.46,3003.496337890625,0.0003,1.7942973375320435,168,0.20456352829933167
836,44651,89.63966369628906,178708,1061,-99912.4,92.23,1593.3720703125,0.0003,-1.8781485557556152,168,0.20239366590976715
840,44851,316.81689453125,179508,1066,-99923.8,93.37,1875.4609375,0.0003,0.5641680955886841,168,0.20039090514183044
844,45065,178.32366943359375,180364,1071,-99958.5,96.84,2647.087890625,0.0003,0.5919109582901001,168,0.198356494307518
848,45253,568.9173583984375,181116,1075,-99986.1,99.6,2657.26318359375,0.0003,0.931380033493042,168,0.1939164102077484
852,45724,132.3924560546875,183000,1087,-100084.2,109.41,1888.5303955078125,0.0003,-1.077610731124878,168,0.18260487914085388
856,46149,1119.274169921875,184700,1097,-99206.8,121.66,2321.010986328125,0.0003,-1.048163652420044,168,0.17340105772018433
860,46331,335.34649658203125,185428,1101,-98256.9,126.66,2029.9476318359375,0.0003,0.8131251335144043,168,0.16981954872608185
864,46492,304.1591491699219,186072,1105,-98281.2,129.09,1742.3017578125,0.0003,-0.0894312858581543,168,0.1685933768749237
868,46635,312.377197265625,186644,1109,-97411.3,142.09,1916.1937255859375,0.0003,-1.4726835489273071,168,0.1682615876197815
872,46840,633.6979370117188,187464,1113,-98366.0,137.57,1157.60595703125,0.0003,-0.7967119812965393,168,0.16543103754520416
876,47009,121.18399810791016,188140,1117,-98398.2,140.79,1663.376220703125,0.0003,0.9527571797370911,168,0.16421321034431458
880,47139,136.91445922851562,188660,1121,-98441.5,145.12,1849.91943359375,0.0003,1.9087060689926147,168,0.16326121985912323
884,47263,362.13165283203125,189156,1124,-98467.9,147.76,2217.872314453125,0.0003,0.8836655616760254,168,0.16204579174518585
888,47353,89.83231353759766,189516,1126,-98483.0,149.27,1504.5953369140625,0.0003,-2.295468807220459,168,0.1629146784543991
892,47519,336.3702697753906,190180,1130,-98515.5,152.52,2088.772216796875,0.0003,0.6021239757537842,168,0.16141554713249207
896,47618,119.10810089111328,190576,1132,-98531.3,154.1,1642.654052734375,0.0003,0.6302699446678162,168,0.16476431488990784
900,47799,52.89469909667969,191300,1136,-98559.4,156.91,1200.781005859375,0.0003,-3.3642072677612305,168,0.16588962078094482
904,47967,268.28515625,191972,1140,-98581.6,159.13,1862.3175048828125,0.0003,-2.3801918029785156,168,0.16919055581092834
908,48068,108.95782470703125,192376,1143,-98625.8,163.55,1704.840576171875,0.0003,0.2978365421295166,168,0.16853812336921692
912,48194,93.37838745117188,192880,1146,-98632.5,164.22,1351.5968017578125,0.0003,0.5326513051986694,168,0.16763584315776825
916,48314,320.7469482421875,193360,1149,-98636.0,164.57,1886.97412109375,0.0003,2.314958333969116,168,0.16781331598758698
920,48443,501.2414245605469,193876,1152,-98645.9,165.56,1879.15869140625,0.0003,-0.7887424826622009,168,0.16721166670322418
924,48712,477.12615966796875,194952,1158,-98680.0,168.97,1725.974853515625,0.0003,1.1206016540527344,168,0.16776993870735168
928,48860,300.4378356933594,195544,1162,-98715.9,172.56,1822.7523193359375,0.0003,0.12881630659103394,168,0.16766037046909332
932,49034,137.35850524902344,196240,1166,-98747.7,175.74,1890.034912109375,0.0003,0.8896139860153198,168,0.1688075065612793
936,49211,112.04224395751953,196948,1170,-98773.9,178.36,1598.538330078125,0.0003,0.3540424704551697,168,0.17011196911334991
940,50009,455.06451416015625,200140,1189,-98956.8,196.65,2499.27880859375,0.0003,3.3031959533691406,168,0.18977013230323792
944,50227,312.0365905761719,201012,1195,-99049.8,205.95,1490.818359375,0.0003,3.528287887573242,168,0.2002481073141098
948,50441,481.14947509765625,201868,1200,-99074.0,208.37,1519.189208984375,0.0003,2.2568509578704834,168,0.20955094695091248
952,50789,142.75389099121094,203260,1208,-99049.5,205.92,1918.944580078125,0.0003,2.005958318710327,168,0.2348751425743103
956,51019,147.2334747314453,204180,1213,-100039.9,204.97,1849.5269775390625,0.0003,2.8909003734588623,168,0.2572391629219055
960,51231,251.50946044921875,205028,1218,-101000.4,201.03,1078.0472412109375,0.0003,2.6938695907592773,168,0.27847543358802795
964,51463,350.9739074707031,205956,1224,-100982.2,199.21,1729.734130859375,0.0003,2.664903402328491,168,0.3038942217826843
968,51581,100.57670593261719,206428,1227,-101923.4,193.34,1175.41552734375,0.0003,2.5552821159362793,168,0.3165886700153351
972,51689,476.03375244140625,206860,1229,-101884.4,189.44,1200.82421875,0.0003,1.6236422061920166,168,0.3284730911254883
976,51734,384.2859191894531,207040,1230,-101838.5,184.85,2204.96484375,0.0003,2.2707438468933105,168,0.33347180485725403
980,51757,76.4593734741211,207132,1231,-101801.6,181.16,1128.521240234375,0.0003,1.7931002378463745,168,0.335623562335968
984,51778,322.7974548339844,207216,1231,-101810.2,182.02,1347.446533203125,0.0003,2.1833577156066895,168,0.33815622329711914
988,51806,284.985595703125,207328,1232,-101776.4,178.64,1456.52099609375,0.0003,0.5737491846084595,168,0.3413012623786926
992,51832,129.34121704101562,207432,1233,-101725.5,173.55,1307.4482421875,0.0003,1.71072256565094,168,0.3439655601978302
996,51852,72.16860961914062,207512,1233,-101696.0,170.6,1040.548095703125,0.0003,0.9544272422790527,168,0.3462175726890564
1000,51873,664.6917724609375,207596,1234,-101653.5,166.35,1274.3240966796875,0.0003,2.6121084690093994,168,0.34857526421546936
1004,51894,566.07421875,207680,1234,-101607.2,161.72,2047.9263916015625,0.0003,1.845308780670166,168,0.3510640263557434
1008,51914,498.0069580078125,207760,1235,-101538.2,154.82,1403.803466796875,0.0003,0.4077683687210083,168,0.35354191064834595
1012,51936,332.5128173828125,207848,1236,-101497.7,150.77,1750.265625,0.0003,2.8455686569213867,168,0.35655316710472107
1016,51957,327.1783752441406,207932,1236,-101458.9,146.89,1428.809814453125,0.0003,1.4987866878509521,168,0.3595324456691742
1020,51978,457.70098876953125,208016,1237,-101419.3,142.93,1013.3551025390625,0.0003,2.1967577934265137,168,0.36209234595298767
1024,51999,313.7789611816406,208100,1237,-101361.9,137.19,1332.2342529296875,0.0003,1.1451259851455688,168,0.3646670877933502
1028,52021,635.6956176757812,208188,1238,-101276.3,128.63,1506.47314453125,0.0003,2.5029330253601074,168,0.3675774335861206
1032,52043,512.6448364257812,208276,1238,-101223.7,123.37,1596.384765625,0.0003,1.4698665142059326,168,0.37009313702583313
1036,52064,310.4876708984375,208360,1239,-101170.9,118.09,1344.0345458984375,0.0003,1.619297981262207,168,0.3722561001777649
1040,52086,691.6494750976562,208448,1239,-100937.7,94.77,1086.097900390625,0.0003,1.1128441095352173,168,0.3749569058418274
1044,52107,280.37591552734375,208532,1240,-100792.3,80.23,1056.883544921875,0.0003,1.0853294134140015,168,0.3777619004249573
1048,52133,104.97215270996094,208636,1241,-100718.4,72.84,1225.8033447265625,0.0003,1.156876802444458,168,0.3807932436466217
1052,52154,271.671142578125,208720,1241,-100613.9,62.39,1020.547607421875,0.0003,1.9281294345855713,168,0.38315415382385254
1056,52175,280.048828125,208804,1242,-100489.6,49.96,1186.421630859375,0.0003,1.1502740383148193,168,0.3859224319458008
1060,52197,136.24203491210938,208892,1242,-100405.9,41.59,1641.8824462890625,0.0003,2.2069902420043945,168,0.3887932002544403
1064,52221,128.55043029785156,208988,1243,-100330.4,34.04,1551.288330078125,0.0003,1.1701092720031738,168,0.3916757106781006
1068,52243,317.1529541015625,209076,1243,-100303.4,31.34,1219.0025634765625,0.0003,1.7342290878295898,168,0.39401963353157043
1072,52265,127.89959716796875,209164,1244,-100284.6,29.46,1255.487060546875,0.0003,1.6324357986450195,168,0.39678582549095154
1076,52289,301.238525390625,209260,1244,-100284.7,29.47,1277.596435546875,0.0003,1.2032361030578613,168,0.39948368072509766
1080,52312,187.1774444580078,209352,1245,-100263.0,27.3,1422.1405029296875,0.0003,2.1745564937591553,168,0.4022037088871002
1084,52335,304.6824035644531,209444,1246,-100212.3,22.23,1147.857421875,0.0003,1.3015378713607788,168,0.4053015112876892
1088,52357,319.7413024902344,209532,1246,-100212.8,22.28,1176.59765625,0.0003,1.5943572521209717,168,0.40793558955192566
1092,52380,358.4853210449219,209624,1247,-100213.5,22.35,1587.4525146484375,0.0003,3.009368419647217,168,0.4108165204524994
1096,52403,107.39815521240234,209716,1247,-100210.6,22.06,1128.93115234375,0.0003,1.8033772706985474,168,0.4135821759700775
1100,52427,368.1689758300781,209812,1248,-100211.7,22.17,1767.191650390625,0.0003,1.7143340110778809,168,0.4162011742591858
1104,52452,123.23870086669922,209912,1248,-100213.0,22.3,1228.01171875,0.0003,1.4950556755065918,168,0.41864094138145447
1108,52477,314.7414245605469,210012,1249,-100214.5,22.45,1439.208984375,0.0003,0.13471180200576782,168,0.42077693343162537
1112,52503,499.5877380371094,210116,1250,-100216.2,22.62,1321.99609375,0.0003,1.6165008544921875,168,0.4229128658771515
1116,52531,138.97518920898438,210228,1250,-100218.4,22.84,1474.78955078125,0.0003,1.151005744934082,168,0.4254576563835144
1120,52556,159.2183380126953,210328,1251,-100220.4,23.04,1715.9595947265625,0.0003,0.9640527963638306,168,0.4287247955799103
1124,52584,500.4022521972656,210440,1252,-100224.8,23.48,1131.5809326171875,0.0003,0.5016782879829407,168,0.43197551369667053
1128,52612,312.58111572265625,210552,1252,-100227.0,23.7,1204.083984375,0.0003,1.5116084814071655,168,0.43438920378685
1132,52641,341.413818359375,210668,1253,-100229.9,23.99,1818.363525390625,0.0003,0.9282525777816772,168,0.436870813369751
1136,52670,593.3531494140625,210784,1254,-100232.4,24.24,2367.5615234375,0.0003,0.8990047574043274,168,0.439373642206192
1140,52697,369.8183898925781,210892,1255,-100235.5,24.55,1623.12890625,0.0003,1.1660289764404297,168,0.44135764241218567
1144,52731,1127.7706298828125,211028,1255,-100239.1,24.91,1776.4609375,0.0003,0.6497350931167603,168,0.44339391589164734
1148,52762,340.1095275878906,211152,1256,-100243.6,25.36,1344.750732421875,0.0003,0.5481849908828735,168,0.4453152120113373
1152,52794,172.15696716308594,211280,1257,-100247.3,25.73,1423.58349609375,0.0003,0.40966349840164185,168,0.4474624991416931
1156,52825,399.9005126953125,211404,1258,-100251.2,26.12,1830.880859375,0.0003,1.4547667503356934,168,0.4493114948272705
1160,52858,566.2081909179688,211536,1258,-100256.2,26.62,1525.097900390625,0.0003,0.2988307774066925,168,0.45133301615715027
1164,52894,138.59593200683594,211680,1259,-100261.6,27.16,1349.132080078125,0.0003,0.0568021684885025,168,0.45280563831329346
1168,52939,1092.805419921875,211860,1260,-100269.2,27.92,1350.275146484375,0.0003,-0.05061919987201691,168,0.453978568315506
1172,52986,377.1858825683594,212048,1262,-100274.2,28.42,1808.7454833984375,0.0003,0.3562435209751129,168,0.4554261863231659
1176,53035,712.8749389648438,212244,1263,-100287.3,29.73,1346.5858154296875,0.0003,-0.18073078989982605,168,0.4563369154930115
1180,53097,345.53485107421875,212492,1264,-100299.5,30.95,1343.4716796875,0.0003,0.0842067152261734,168,0.45698216557502747
1184,53188,349.9110412597656,212856,1266,-100317.9,32.79,1370.779052734375,0.0003,0.16951465606689453,168,0.4570440948009491
1188,53606,342.5193176269531,214528,1276,-100368.3,37.83,1742.7406005859375,0.0003,-1.2629815340042114,168,0.43367207050323486
1192,54188,584.04443359375,216856,1290,-99581.3,59.12,2003.658203125,0.0003,1.21091628074646,168,0.4214620590209961
1196,54415,234.23074340820312,217764,1296,-98705.9,71.57,1730.8734130859375,0.0003,0.5516520142555237,168,0.43163833022117615
1200,54941,331.9595642089844,219868,1308,-98866.0,87.58,1333.6845703125,0.0003,0.27207767963409424,168,0.4490715563297272
1204,55464,318.10137939453125,221960,1320,-97046.2,116.55,1485.4072265625,0.0003,-0.6984768509864807,168,0.4498400092124939
1208,56366,348.7386474609375,225568,1341,-95900.7,142.76,1676.5130615234375,0.0003,0.1417156159877777,168,0.44186729192733765
1212,57304,507.4227294921875,229320,1363,-92787.975,180.14,1733.9366455078125,0.0003,-0.012475639581680298,168,0.419087290763855
1216,58118,363.7772216796875,232576,1382,-91652.275,210.57,1869.8546142578125,0.0003,0.22056233882904053,168,0.3968101143836975
1220,58723,136.58474731445312,234996,1396,-89443.525,235.86,1588.334228515625,0.0003,-0.2605898380279541,168,0.376346230506897
1224,59069,470.9617614746094,236380,1404,-88243.75,255.12,1311.285400390625,0.0003,-0.03961630165576935,168,0.36859193444252014
1228,59807,179.0379180908203,239332,1422,-88060.75,277.95,1777.34423828125,0.0003,0.3596491813659668,168,0.35476627945899963
1232,60272,169.08094787597656,241192,1432,-87872.5,297.93,1877.0648193359375,0.0003,0.5832051634788513,168,0.36650875210762024
1236,61059,193.39468383789062,244340,1451,-86756.55,318.1,1957.502685546875,0.0003,0.42085587978363037,168,0.38409683108329773
1240,61304,119.70111846923828,245320,1456,-85682.85,338.04,1477.289794921875,0.0003,0.001228928565979004,168,0.38908955454826355
1244,62195,342.7242736816406,248884,1478,-84862.05,367.39,1733.789794921875,0.0003,-0.3272840678691864,168,0.4017430543899536
1248,63195,530.6689453125,252884,1501,-81077.625,406.13,1768.3548583984375,0.0003,-0.5740177035331726,168,0.4260173439979553
1252,63835,441.4169616699219,255444,1517,-80241.625,422.52,2917.150390625,0.0003,-0.12936580181121826,168,0.4284486174583435
1256,64070,376.7196350097656,256384,1522,-78490.825,447.42,2295.11181640625,0.0003,-0.13795503973960876,168,0.43183445930480957
1260,64544,377.5249938964844,258280,1534,-78392.77916667,458.65,1886.3123779296875,0.0003,-0.18184538185596466,168,0.4278017282485962
1264,65213,172.06129455566406,260956,1549,-76669.67916667,486.32,2084.58935546875,0.0003,0.3048350214958191,168,0.427047461271286
1268,66095,339.18994140625,264484,1570,-76890.97916666999,519.2,1889.9765625,0.0003,-0.2174374759197235,168,0.4453834593296051
1272,66776,338.41253662109375,267208,1587,-77096.77916666999,539.78,1671.494384765625,0.0003,-0.4785459637641907,168,0.48000746965408325
1276,67131,834.5286254882812,268628,1595,-77284.67916667,558.57,2860.19091796875,0.0003,0.9894366264343262,168,0.49497613310813904
1280,67889,194.05397033691406,271660,1613,-77390.40416666999,581.07,2366.0185546875,0.0003,-0.16433286666870117,168,0.4986926019191742
1284,68725,151.4348602294922,275004,1633,-76644.90416666999,606.51,2032.066162109375,0.0003,-0.5123323202133179,168,0.49667125940322876
1288,69400,186.09759521484375,277704,1649,-74785.95416667,631.3,2761.45068359375,0.0003,-0.5961748361587524,168,0.4757075905799866
1292,70152,186.50509643554688,280712,1667,-74712.00416667,634.34,2256.69970703125,0.0003,-0.3780278265476227,168,0.46487516164779663
1296,70357,442.70751953125,281532,1672,-74721.90416666999,635.33,2098.798095703125,0.0003,-0.016039058566093445,168,0.46701398491859436
1300,70639,390.17132568359375,282660,1679,-73585.95416667,631.83,2787.265625,0.0003,0.4431532025337219,168,0.4711897075176239
1304,70814,161.23764038085938,283360,1683,-75456.35416666999,607.92,2070.6640625,0.0003,0.18681496381759644,168,0.473280131816864
1308,71181,153.90512084960938,284828,1692,-76769.65416666999,598.49,2141.20458984375,0.0003,-0.3223716914653778,168,0.4647715985774994
1312,71349,456.37750244140625,285500,1696,-79877.57916667,570.84,1960.598876953125,0.0003,-0.8937832713127136,168,0.4670478105545044
1316,71549,553.0828857421875,286300,1700,-81042.67916667,543.35,2233.343017578125,0.0003,0.34447169303894043,168,0.4659336805343628
1320,71865,164.12203979492188,287564,1708,-83145.75416667,526.46,1978.6485595703125,0.0003,-0.27508071064949036,168,0.45750686526298523
1324,72004,387.82110595703125,288120,1711,-84192.92916667,516.56,2462.20556640625,0.0003,0.2150050401687622,168,0.45633426308631897
1328,72155,376.3238525390625,288724,1715,-84210.55416667,497.41,2461.23583984375,0.0003,-0.28954219818115234,168,0.4543619751930237
1332,72400,349.2071228027344,289704,1720,-83948.57916667,491.11,2646.33984375,0.0003,0.5314351916313171,168,0.45985695719718933
1336,72576,178.11741638183594,290408,1725,-84903.82916667,476.0,2067.52783203125,0.0003,-0.1830746829509735,168,0.4594298005104065
1340,72695,392.30377197265625,290884,1727,-85793.55416667,458.03,2052.4248046875,0.0003,-0.3539079427719116,168,0.4605622887611389
1344,72799,332.4267883300781,291300,1730,-86234.8375,432.81,2104.8671875,0.0003,0.05461505055427551,168,0.45862939953804016
1348,72932,567.384033203125,291832,1733,-89941.8375,396.5,2470.6435546875,0.0003,0.12580694258213043,168,0.45926007628440857
1352,73006,167.0406494140625,292128,1735,-90387.0625,382.45,1992.3214111328125,0.0003,-0.47389352321624756,168,0.4604499936103821
1356,73134,384.216796875,292640,1738,-91869.0375,363.81,2341.624755859375,0.0003,0.35336562991142273,168,0.4638863801956177
1360,73209,199.7559051513672,292940,1740,-91569.83333333001,353.71,2079.43505859375,0.0003,0.15471649169921875,168,0.46731165051460266
1364,73280,290.574951171875,293224,1741,-93110.93333333,328.35,1577.356201171875,0.0003,-0.10157772153615952,168,0.4699901342391968
1368,73359,473.3177185058594,293540,1743,-92589.00833333,295.73,1802.625244140625,0.0003,-0.11078302562236786,168,0.4748203158378601
1372,73439,376.1544494628906,293860,1745,-92087.15833333001,276.22,2165.70361328125,0.0003,0.11860388517379761,168,0.47845935821533203
1376,73518,743.1865844726562,294176,1747,-91697.38333333,257.34,2519.1787109375,0.0003,0.6062549948692322,168,0.4854661226272583
1380,73591,489.87359619140625,294468,1749,-91299.55833333,238.06,2032.9130859375,0.0003,-0.1042109876871109,168,0.4905966520309448
1384,73625,362.2122497558594,294604,1750,-91632.73333333,212.07,2461.972900390625,0.0003,-0.34836792945861816,168,0.49484577775001526
1388,73671,115.70063018798828,294788,1751,-93045.65833333001,183.03,1737.9697265625,0.0003,-0.31483346223831177,168,0.4968467950820923
1392,73716,447.8644104003906,294968,1752,-93511.43333333,159.55,2269.111328125,0.0003,-0.25773870944976807,168,0.4997815787792206
1396,73762,196.21328735351562,295152,1753,-93981.55833333,147.06,2529.3955078125,0.0003,0.563252329826355,168,0.5034297108650208
1400,73814,558.3064575195312,295360,1754,-94561.68333333,135.42,2178.849365234375,0.0003,-0.07898537069559097,168,0.5090858340263367
1404,73860,315.5397644042969,295544,1755,-94115.45833333001,131.51,2171.073486328125,0.0003,0.29714375734329224,168,0.5141118168830872
1408,73932,287.2303466796875,295832,1757,-93553.05833333,115.99,2199.207763671875,0.0003,0.35538914799690247,168,0.5255033373832703
1412,74078,361.4256286621094,296416,1760,-93163.58333333001,107.86,2127.080078125,0.0003,0.6318141222000122,168,0.5566398501396179
1416,74213,169.3435821533203,296956,1764,-92644.31666666002,109.08,2247.6171875,0.0003,1.395556926727295,168,0.5939790606498718
1420,74352,503.0809326171875,297512,1767,-92255.42499999002,101.68,2042.1904296875,0.0003,1.1271090507507324,168,0.6383765935897827
1424,74430,163.23973083496094,297824,1769,-91827.34999999002,100.55,2061.095947265625,0.0003,0.6969180703163147,168,0.6643143892288208
1428,74493,557.5706787109375,298076,1770,-91499.45833332003,99.22,2398.584228515625,0.0003,0.8047810792922974,168,0.6862135529518127
1432,74580,346.3109130859375,298424,1772,-91757.73333332001,87.23,2199.025390625,0.0003,0.5671808123588562,168,0.7136780619621277
1436,74625,421.2105407714844,298604,1773,-91623.93333332,83.47,3028.093505859375,0.0003,0.8045508861541748,168,0.7277979850769043
1440,74667,534.5253295898438,298772,1774,-91614.78333332,82.3,3572.90771484375,0.0003,1.0907591581344604,168,0.7420558333396912
1444,74714,938.7681884765625,298960,1775,-91901.49999999002,78.89,1764.1763916015625,0.0003,0.6344135999679565,168,0.7571184635162354
1448,74773,349.9278259277344,299196,1777,-91683.54999999002,77.47,2516.72900390625,0.0003,0.5118972063064575,168,0.7737294435501099
1452,74828,170.21730041503906,299416,1778,-92081.32499999001,75.83,1940.0322265625,0.0003,0.3408747911453247,168,0.7887985706329346
1456,74875,498.0733337402344,299604,1779,-92257.17499999002,70.46,1703.140380859375,0.0003,0.06650064885616302,168,0.800506591796875
1460,74919,335.37493896484375,299780,1780,-92453.29999999002,69.66,2119.03759765625,0.0003,0.31128817796707153,168,0.8108364939689636
1464,74965,139.15306091308594,299964,1782,-92745.24999999002,67.91,1804.070556640625,0.0003,0.26059481501579285,168,0.8216869235038757
1468,75015,345.4659423828125,300164,1783,-93048.37499999002,67.9,1774.923095703125,0.0003,0.1339147686958313,168,0.832904577255249
1472,75063,432.2270812988281,300356,1784,-93146.02499999001,67.08,2263.75390625,0.0003,0.16688743233680725,168,0.841827929019928
1476,75121,413.234375,300588,1785,-93245.99999999002,66.98,2563.199951171875,0.0003,0.3436894416809082,168,0.8535913825035095
1480,75169,320.37017822265625,300780,1786,-93435.92499999002,63.85,1664.9210205078125,0.0003,0.06975098699331284,168,0.8605036735534668
1484,75211,83.5481948852539,300948,1788,-93838.94999999001,63.47,1377.362060546875,0.0003,-0.05254717916250229,168,0.8671048283576965
1488,75265,319.3165283203125,301164,1789,-94245.27499999001,63.75,1868.14208984375,0.0003,0.007924426347017288,168,0.873554527759552
1492,75315,740.582763671875,301364,1790,-94650.34999999002,63.89,1964.5810546875,0.0003,0.004354325123131275,168,0.8782327771186829
1496,75390,113.37455749511719,301664,1792,-95057.22499999002,64.09,1570.228759765625,0.0003,9.762495756149292e-05,168,0.8844259977340698
1500,75467,188.16925048828125,301972,1794,-95483.44999999001,66.27,2068.44091796875,0.0003,0.06000616401433945,168,0.8904364109039307
1504,75523,207.95413208007812,302196,1795,-95893.27499999001,66.54,1771.8511962890625,0.0003,-0.037625789642333984,168,0.8946922421455383
1508,75601,362.9725341796875,302508,1797,-96302.87499999002,66.78,2207.162841796875,0.0003,0.006696708500385284,168,0.896641194820404
1512,75670,666.7181396484375,302784,1799,-96716.54999999002,67.12,1622.1314697265625,0.0003,-0.03161598742008209,168,0.896755039691925
1516,75817,659.221435546875,303372,1802,-97232.21666666001,65.54,2181.152587890625,0.0003,0.05407966673374176,168,0.8934042453765869
1520,75965,493.7299499511719,303964,1806,-97763.75833333,66.93,2430.81591796875,0.0003,-0.08375295251607895,168,0.8849408626556396
1524,76194,581.7711181640625,304880,1811,-98297.38333333,66.02,2159.224609375,0.0003,0.009501386433839798,168,0.860184907913208
1528,76386,502.7044677734375,305648,1816,-98884.55,73.06,1831.05859375,0.0003,-0.01780642196536064,168,0.8455579876899719
1532,76991,120.78065490722656,308068,1830,-99024.575,88.12,1458.173583984375,0.0003,-0.3204968571662903,168,0.7766127586364746
1536,77277,695.763916015625,309212,1837,-99441.575,99.07,1779.8857421875,0.0003,0.07742466032505035,168,0.7394827008247375
1540,77607,313.893310546875,310532,1845,-99686.0625,113.66,1564.142578125,0.0003,-0.4666084051132202,168,0.6965439319610596
1544,78042,203.08987426757812,312272,1855,-99885.4625,123.6,2230.47998046875,0.0003,0.012050554156303406,168,0.655822217464447
1548,78252,156.60997009277344,313112,1860,-100265.8375,131.09,1634.7486572265625,0.0003,-0.18029408156871796,168,0.6423520445823669
1552,78448,577.4315185546875,313896,1864,-100218.3125,142.76,1765.10400390625,0.0003,-0.20541641116142273,168,0.6278960108757019
1556,78671,557.1788330078125,314788,1870,-100375.5875,148.3,2644.53662109375,0.0003,-0.39074116945266724,168,0.6147486567497253
1560,78827,713.8894653320312,315412,1873,-100512.6625,152.0,1951.9881591796875,0.0003,0.2647213935852051,168,0.6113923192024231
1564,78940,178.3255615234375,315864,1876,-100571.7625,157.91,2128.59423828125,0.0003,0.221012145280838,168,0.6079686880111694
1568,79053,451.28973388671875,316316,1879,-100605.2625,161.26,2695.649169921875,0.0003,0.47717660665512085,168,0.6055917143821716
1572,79255,140.10372924804688,317124,1884,-100828.8625,163.53,1648.5985107421875,0.0003,-0.023494265973567963,168,0.5999855399131775
1576,79396,686.37646484375,317688,1887,-100956.4625,166.29,1754.49755859375,0.0003,-0.5359867811203003,168,0.5997104048728943
1580,79499,122.08767700195312,318100,1889,-101118.8375,172.22,1599.7581787109375,0.0003,0.006000295281410217,168,0.5983880758285522
1584,79561,535.4968872070312,318348,1891,-101132.6375,173.6,1871.7041015625,0.0003,-0.10833191126585007,168,0.5983957648277283
1588,79638,132.57386779785156,318656,1893,-101137.3375,174.07,1934.5521240234375,0.0003,0.06431087106466293,168,0.5967993140220642
1592,79668,228.8031005859375,318776,1893,-101140.1375,174.35,2961.27587890625,0.0003,0.37925538420677185,168,0.598149299621582
1596,79706,338.2149963378906,318928,1894,-101133.1375,173.65,1863.285888671875,0.0003,0.07116039097309113,168,0.6005231142044067
1600,79735,904.1212158203125,319044,1895,-101104.8375,170.82,1936.99072265625,0.0003,0.30782851576805115,168,0.6007056832313538
1604,79767,156.3340301513672,319172,1896,-101090.1375,169.35,1707.7808837890625,0.0003,0.037665776908397675,168,0.6005578637123108
1608,79796,150.0391387939453,319288,1897,-101080.5375,168.39,1570.274169921875,0.0003,0.25001880526542664,168,0.5999043583869934
1612,79828,266.3778991699219,319416,1897,-101063.4375,166.68,1590.2542724609375,0.0003,0.11886873841285706,168,0.5999864339828491
1616,79864,526.0498046875,319560,1898,-101129.9125,162.61,1693.8065185546875,0.0003,-0.5313407182693481,168,0.60048508644104
1620,79896,286.3484191894531,319688,1899,-101103.3125,159.95,1799.7764892578125,0.0003,0.40477728843688965,168,0.5991944670677185
1624,79931,152.6898193359375,319828,1900,-101054.0125,155.02,1931.430419921875,0.0003,0.17948979139328003,168,0.6007313132286072
1628,79964,881.178955078125,319960,1901,-100963.7125,145.99,1818.0391845703125,0.0003,-0.03253568708896637,168,0.6006103157997131
1632,79998,407.421875,320096,1901,-101017.2375,129.4,2012.01416015625,0.0003,0.2421664297580719,168,0.6004536747932434
1636,80032,348.98382568359375,320232,1902,-100897.1375,117.39,1860.31103515625,0.0003,-0.2163444459438324,168,0.6015599966049194
1640,80068,180.74925231933594,320376,1903,-100848.275,102.25,2343.12158203125,0.0003,0.17703554034233093,168,0.59998619556427
1644,80099,499.7977294921875,320500,1904,-100743.275,91.75,2696.71826171875,0.0003,0.22353047132492065,168,0.6003126502037048
1648,80133,134.06893920898438,320636,1905,-100659.175,83.34,1466.725341796875,0.0003,0.08451885730028152,168,0.599892258644104
1652,80172,295.2060241699219,320792,1906,-100701.1,71.11,1432.587890625,0.0003,-0.31164148449897766,168,0.5980355143547058
1656,80206,905.8607788085938,320928,1906,-100639.1,64.91,1653.797607421875,0.0003,0.2772294580936432,168,0.5967641472816467
1660,80243,116.54541015625,321076,1907,-100597.6,60.76,1524.540283203125,0.0003,-0.32067209482192993,168,0.5994627475738525
1664,80281,309.49560546875,321228,1908,-100535.5,54.55,1524.7535400390625,0.0003,-0.478497177362442,168,0.5987833142280579
1668,80322,180.57467651367188,321392,1909,-100499.3,50.93,2459.681640625,0.0003,-0.25941622257232666,168,0.5973685383796692
1672,80366,315.75054931640625,321568,1910,-100472.6,48.26,1733.1435546875,0.0003,-0.15644210577011108,168,0.5949402451515198
1676,80408,558.468505859375,321736,1911,-100441.4,45.14,1653.127685546875,0.0003,0.036633819341659546,168,0.5911534428596497
1680,80451,160.9277801513672,321908,1912,-100377.3,38.73,1813.3802490234375,0.0003,-0.1869419515132904,168,0.5904760360717773
1684,80499,418.6392822265625,322100,1914,-100362.9,37.29,2192.87255859375,0.0003,0.15145966410636902,168,0.5911452770233154
1688,80539,322.0116882324219,322260,1914,-100356.8,36.68,1731.7298583984375,0.0003,-0.15699225664138794,168,0.5925849080085754
1692,80579,366.18621826171875,322420,1915,-100351.7,36.17,1876.95751953125,0.0003,0.186162531375885,168,0.5901651382446289
1696,80624,606.8472900390625,322600,1917,-100356.4,36.64,1679.9486083984375,0.0003,-0.24538615345954895,168,0.5858225226402283
1700,80666,507.660888671875,322768,1918,-100364.0,37.4,2871.82470703125,0.0003,0.15940068662166595,168,0.5826265811920166
1704,80713,347.3044738769531,322956,1919,-100369.6,37.96,1680.35888671875,0.0003,0.07354356348514557,168,0.5812802910804749
1708,80761,365.1813659667969,323148,1920,-100378.6,38.86,1919.619873046875,0.0003,-0.14342913031578064,168,0.5769179463386536
1712,80807,387.5760498046875,323332,1921,-100383.4,39.34,2382.77294921875,0.0003,-0.7395039796829224,168,0.5742977261543274
1716,80883,120.93681335449219,323636,1923,-100394.4,40.44,1485.5601806640625,0.0003,-0.4345680773258209,168,0.5697864294052124
1720,80956,184.37338256835938,323928,1924,-100414.1,42.41,1896.763916015625,0.0003,-0.35855481028556824,168,0.5658830404281616
1724,81022,327.0821838378906,324192,1926,-100423.8,43.38,1779.1776123046875,0.0003,-0.2140655815601349,168,0.5594296455383301
1728,81097,256.2831726074219,324492,1928,-100440.1,45.01,1491.633056640625,0.0003,0.08828690648078918,168,0.5534848570823669
1732,81178,332.881103515625,324816,1930,-100460.3,47.03,2155.180419921875,0.0003,-0.7922537326812744,168,0.5464364886283875
1736,81252,192.4651336669922,325112,1932,-100474.5,48.45,1943.1522216796875,0.0003,0.5227055549621582,168,0.5409902334213257
1740,81333,176.0309295654297,325436,1934,-100490.6,50.06,2027.001708984375,0.0003,-0.10993379354476929,168,0.5366747379302979
1744,81401,501.34246826171875,325708,1935,-100511.9,52.19,1813.4827880859375,0.0003,-0.1538912057876587,168,0.53202885389328
1748,81492,161.8974151611328,326072,1937,-100530.2,54.02,1729.444580078125,0.0003,0.10612638294696808,168,0.5246148109436035
1752,81658,292.0558166503906,326736,1941,-100578.0,58.8,1223.0828857421875,0.0003,-0.48902034759521484,168,0.5097837448120117
1756,81827,141.4964141845703,327412,1945,-100606.7,61.67,2225.345703125,0.0003,-0.8016504049301147,168,0.5009312629699707
1760,81918,163.22723388671875,327776,1948,-100645.4,65.54,2129.12060546875,0.0003,-0.6105360984802246,168,0.49398964643478394
1764,82009,190.06907653808594,328140,1950,-100668.5,67.85,1797.330322265625,0.0003,0.004096493124961853,168,0.49035805463790894
1768,82114,328.6252136230469,328560,1952,-100693.5,70.35,1663.3131103515625,0.0003,-0.002556104212999344,168,0.4980892241001129
1772,82202,163.92945861816406,328912,1954,-100716.2,72.62,1968.4261474609375,0.0003,0.07210172712802887,168,0.4963609278202057
1776,82315,411.6430969238281,329364,1957,-100743.0,75.3,1928.801025390625,0.0003,0.27253076434135437,168,0.4891819357872009
1780,82425,496.9685974121094,329804,1960,-100761.3,77.13,1512.6005859375,0.0003,-0.9991961121559143,168,0.4860081970691681
1784,82511,367.05230712890625,330148,1962,-100786.8,79.68,1675.4326171875,0.0003,0.4241233468055725,168,0.48403987288475037
1788,82585,111.85688781738281,330444,1963,-100800.9,81.09,1757.408447265625,0.0003,-0.2889663875102997,168,0.48336851596832275
1792,82673,333.091552734375,330796,1965,-100814.6,82.46,1905.57275390625,0.0003,0.07249972224235535,168,0.48225247859954834
1796,82749,327.2498474121094,331100,1967,-100828.2,83.82,1463.092041015625,0.0003,-0.21464276313781738,168,0.4808695614337921
1800,82824,581.248291015625,331400,1969,-100842.0,85.2,1732.005615234375,0.0003,0.20023737847805023,168,0.4809406101703644
1804,82900,117.60277557373047,331704,1971,-100853.5,86.35,1622.03369140625,0.0003,-0.5237171649932861,168,0.4777214527130127
1808,83027,399.5643615722656,332212,1974,-100865.9,87.59,2036.166015625,0.0003,0.22201430797576904,168,0.4783177971839905
1812,83368,548.4700927734375,333576,1982,-100865.1,98.71,2221.610595703125,0.0003,-0.6217197179794312,168,0.47212594747543335
1816,83786,369.0802917480469,335248,1992,-100995.8,111.78,1857.149658203125,0.0003,-0.2627445459365845,168,0.46928197145462036
1820,84082,104.0514144897461,336432,1999,-100964.2,119.74,1404.9989013671875,0.0003,-0.11194565892219543,168,0.47596755623817444
1824,84249,300.6718444824219,337100,2003,-100977.4,121.06,1405.9764404296875,0.0003,-0.10125070810317993,168,0.4818781316280365
1828,84645,356.0475769042969,338684,2012,-100980.675,133.21,2190.895263671875,0.0003,0.5050605535507202,168,0.49152278900146484
1832,84861,276.5848083496094,339548,2017,-101084.975,143.64,1228.6964111328125,0.0003,-0.7145801186561584,168,0.49212580919265747
1836,85133,538.8582153320312,340636,2024,-101141.675,149.31,1491.6058349609375,0.0003,-0.68604576587677,168,0.48774635791778564
1840,85478,163.37313842773438,342016,2032,-101160.475,151.19,1871.25537109375,0.0003,-0.5091251134872437,168,0.4861237406730652
1844,85611,528.2174072265625,342548,2035,-101181.9,166.31,1611.2545166015625,0.0003,0.044643621891736984,168,0.479758620262146
1848,85867,216.0408172607422,343572,2041,-101235.2,171.64,2446.070068359375,0.0003,0.19515588879585266,168,0.47880977392196655
1852,86074,527.8159790039062,344400,2046,-101224.8,170.6,2085.908447265625,0.0003,-0.33087044954299927,168,0.47123587131500244
1856,86356,429.28076171875,345528,2053,-101249.2,173.04,2221.8271484375,0.0003,0.7568325996398926,168,0.4635094404220581
1860,86707,91.8792495727539,346932,2061,-100286.225,189.76,1366.7379150390625,0.0003,-0.32737091183662415,168,0.45823758840560913
1864,86988,382.57489013671875,348056,2068,-100347.225,195.86,1839.021728515625,0.0003,-0.2689990997314453,168,0.45598313212394714
1868,87409,257.2804260253906,349740,2078,-100366.5,208.41,2782.603515625,0.0003,0.5287492871284485,168,0.4523535370826721
1872,87936,331.34552001953125,351848,2090,-99495.1,221.26,1534.292236328125,0.0003,-0.1607998013496399,168,0.4473336637020111
1876,88231,847.138916015625,353028,2097,-99511.4,222.89,1499.701904296875,0.0003,-0.5699201822280884,168,0.4449976682662964
1880,88364,392.7375183105469,353560,2100,-99665.2,238.27,2301.0380859375,0.0003,0.10369446873664856,168,0.44461432099342346
1884,88610,344.1178894042969,354544,2106,-99672.6,239.01,1831.20166015625,0.0003,-0.5341514348983765,168,0.44385862350463867
1888,88872,354.0319519042969,355592,2113,-99719.3,243.68,1932.99365234375,0.0003,-0.21430128812789917,168,0.44660231471061707
1892,89052,264.30029296875,356312,2117,-99764.6,248.21,2319.482666015625,0.0003,-0.14244455099105835,168,0.44928526878356934
1896,89419,302.87567138671875,357780,2125,-99867.6,258.51,1516.063720703125,0.0003,0.04772639274597168,168,0.44766494631767273
1900,89907,635.3031616210938,359732,2137,-99016.1,273.35,2133.02587890625,0.0003,0.04128110408782959,168,0.4404265582561493
1904,90264,786.4730834960938,361160,2146,-98129.0,284.63,2955.4619140625,0.0003,-0.048867180943489075,168,0.44456204771995544
1908,90907,280.7497253417969,363732,2161,-96346.2,306.33,1635.5054931640625,0.0003,0.31123822927474976,168,0.4473821520805359
1912,91268,370.5402526855469,365176,2170,-95475.5,308.05,2125.822021484375,0.0003,-0.765061616897583,168,0.4408048689365387
1916,91671,160.966552734375,366788,2179,-94521.5,312.64,1826.0169677734375,0.0003,0.7165936231613159,168,0.44001275300979614
1920,91963,318.6158142089844,367956,2187,-94588.1,308.18,3251.60791015625,0.0003,1.9263824224472046,168,0.4374154806137085
1924,92910,446.6261901855469,371744,2210,-92858.5,335.2,2694.755859375,0.0003,0.038618236780166626,168,0.4288058876991272
1928,93577,228.01210021972656,374412,2226,-91016.775,353.4,2513.89599609375,0.0003,0.1343141347169876,168,0.42517128586769104
1932,94566,315.4136962890625,378368,2249,-88958.275,372.18,1841.0958251953125,0.0003,0.4325147569179535,168,0.4176943302154541
1936,95163,179.1429443359375,380756,2263,-87149.575,391.29,1622.90869140625,0.0003,-1.4440228939056396,168,0.4083402156829834
1940,95577,728.4835815429688,382412,2273,-85387.475,415.06,2323.4345703125,0.0003,0.6374943256378174,168,0.39920514822006226
1944,96050,125.17625427246094,384304,2284,-85313.175,405.05,1876.20166015625,0.0003,-0.20068365335464478,168,0.39476388692855835
1948,96438,145.21710205078125,385856,2293,-84123.15,415.36,2293.1953125,0.0003,-0.5673304796218872,168,0.39501142501831055
1952,96910,535.3599243164062,387744,2304,-83089.75,427.08,2087.147216796875,0.0003,-0.3686155080795288,168,0.38902223110198975
1956,97405,406.05755615234375,389724,2316,-81804.7,438.15,2690.110595703125,0.0003,0.0892782211303711,168,0.39163100719451904
1960,97813,368.95404052734375,391356,2325,-81733.575,434.46,2151.66357421875,0.0003,0.7602826356887817,168,0.39006203413009644
1964,98598,356.94964599609375,394496,2344,-79450.2,453.12,1903.465087890625,0.0003,-0.00831843912601471,168,0.3898123800754547
1968,99277,318.72314453125,397212,2360,-77423.975,466.98,1777.2353515625,0.0003,0.21592536568641663,168,0.3915325701236725
1972,99761,330.7076416015625,399148,2371,-77137.2,465.87,1916.5567626953125,0.0003,-0.5341532230377197,168,0.3905712962150574
1976,99988,522.7268676757812,400056,2376,-75972.7,480.57,1917.0343017578125,0.0003,0.327404260635376,168,0.38369545340538025
1980,100305,170.53793334960938,401324,2384,-75845.6,467.86,2373.17529296875,0.0003,-0.8641788959503174,168,0.3906106650829315
1984,100992,169.4007110595703,404072,2400,-74905.025,484.16,2362.198486328125,0.0003,-0.3147161602973938,168,0.3946012556552887
1988,101963,220.26222229003906,407956,2423,-74026.825,507.44,2861.06103515625,0.0003,1.0004727840423584,168,0.4187719523906708
1992,102190,468.12164306640625,408864,2428,-71871.375,523.71,1909.766357421875,0.0003,-1.2503864765167236,168,0.4224059581756592
1996,102478,457.3072814941406,410016,2435,-70744.65,526.78,3418.169921875,0.0003,0.3368344008922577,168,0.42060568928718567
2000,102645,332.6767883300781,410684,2439,-71635.55,515.88,2276.16845703125,0.0003,-0.5760038495063782,168,0.4210422933101654
2004,102889,576.6343994140625,411660,2445,-72548.55,507.19,2264.76953125,0.0003,0.40194839239120483,168,0.4187906086444855
2008,103073,991.2339477539062,412396,2449,-74443.15,496.67,2760.339111328125,0.0003,0.8608736395835876,168,0.41894158720970154
2012,103527,932.7506713867188,414212,2460,-75437.05,496.07,1909.611328125,0.0003,0.2914932668209076,168,0.41720613837242126
2016,104375,571.58740234375,417604,2480,-75467.55,499.12,2816.4140625,0.0003,-0.3984110355377197,168,0.4106568396091461
2020,104546,342.4341735839844,418288,2484,-73625.95,514.94,2228.03662109375,0.0003,-0.05335968732833862,168,0.410886287689209
2024,104695,245.5164794921875,418884,2488,-75370.15,489.38,2300.7919921875,0.0003,0.29408469796180725,168,0.41011571884155273
2028,105406,454.1380615234375,421728,2504,-77318.5,470.02,1917.789306640625,0.0003,0.607752799987793,168,0.4188006520271301
2032,105952,240.6449737548828,423912,2517,-77520.0,465.52,3339.8369140625,0.0003,0.9527108073234558,168,0.4208555519580841
2036,106342,439.8783874511719,425472,2527,-79276.0125,462.16,1995.59716796875,0.0003,0.08223745226860046,168,0.42033278942108154
2040,106945,174.31393432617188,427884,2541,-81104.5125,445.03,2243.67431640625,0.0003,0.3932652771472931,168,0.42386394739151
2044,107510,117.6513442993164,430144,2555,-79379.1875,462.08,1848.78564453125,0.0003,0.024562880396842957,168,0.4233585596084595
2048,107889,469.6487121582031,431660,2564,-80677.3125,462.58,1840.1993408203125,0.0003,0.1635761559009552,168,0.42082080245018005
2052,108410,111.78592681884766,433744,2576,-81739.5625,464.69,1693.101806640625,0.0003,-0.20721423625946045,168,0.41954484581947327
2056,108588,659.499267578125,434456,2580,-83017.5125,452.91,2103.272705078125,0.0003,-0.26438766717910767,168,0.41907909512519836
2060,108723,353.2095642089844,434996,2583,-84044.4125,439.16,2227.25634765625,0.0003,-0.20213532447814941,168,0.41924646496772766
2064,108841,198.47373962402344,435468,2586,-85362.3875,423.95,2025.146240234375,0.0003,-0.5069640874862671,168,0.4202200472354889
2068,108938,110.50419616699219,435856,2588,-87367.3375,397.34,1594.140380859375,0.0003,-0.5007201433181763,168,0.42062053084373474
2072,109071,181.31097412109375,436388,2592,-88551.2125,388.17,2910.10791015625,0.0003,-0.21967948973178864,168,0.41824692487716675
2076,109155,146.2014923095703,436724,2594,-89688.7125,370.77,2074.5302734375,0.0003,-0.65975022315979,168,0.4162687361240387
2080,109225,216.62660217285156,437004,2595,-89658.5125,367.75,2981.565673828125,0.0003,1.0145556926727295,168,0.41570591926574707
2084,109307,182.1675567626953,437332,2597,-90580.2875,349.57,2629.417724609375,0.0003,0.2590040862560272,168,0.4177587926387787
2088,109378,111.48776245117188,437616,2599,-91410.1875,321.46,1930.3033447265625,0.0003,-0.11594048142433167,168,0.41858819127082825
2092,109456,357.13238525390625,437928,2601,-93523.0375,300.93,1914.2197265625,0.0003,0.4942619502544403,168,0.42214512825012207
2096,109540,104.21587371826172,438264,2603,-94549.4625,287.83,1674.80859375,0.0003,-1.1474266052246094,168,0.4232665002346039
2100,109679,282.2153015136719,438820,2606,-94512.2625,284.11,1526.228515625,0.0003,-1.0865453481674194,168,0.42302536964416504
2104,109813,188.94288635253906,439356,2610,-94493.6625,282.25,2297.183349609375,0.0003,0.688600480556488,168,0.4201977252960205
2108,109894,340.3046875,439680,2612,-94409.9625,273.88,2322.26025390625,0.0003,-0.3376675844192505,168,0.42185160517692566
2112,109970,385.3709716796875,439984,2613,-94302.6625,263.15,2867.678466796875,0.0003,0.5324381589889526,168,0.4258212149143219
2116,110063,622.865478515625,440356,2616,-95105.7625,243.47,2516.532470703125,0.0003,0.8133730888366699,168,0.42932426929473877
2120,110166,164.0575714111328,440768,2618,-96913.3625,224.25,2068.602294921875,0.0003,0.3063468337059021,168,0.430828720331192
2124,110300,320.8525390625,441304,2621,-96900.1625,222.93,1738.1397705078125,0.0003,-0.4721926152706146,168,0.4305080473423004
2128,110391,383.1646423339844,441668,2624,-96790.6625,211.98,2916.16796875,0.0003,0.4485777020454407,168,0.4368842840194702
2132,110492,530.9069213867188,442072,2626,-98539.9625,186.93,2017.79931640625,0.0003,0.3102673292160034,168,0.44367024302482605
2136,110579,315.0963439941406,442420,2628,-98584.35,170.35,1820.177734375,0.0003,-0.9291010499000549,168,0.4447462260723114
2140,110663,146.11962890625,442756,2630,-98500.75,161.99,2032.36962890625,0.0003,-0.24175772070884705,168,0.4475514590740204
2144,110743,135.72293090820312,443076,2632,-100275.75,139.51,2077.11669921875,0.0003,-0.16347283124923706,168,0.45129063725471497
2148,110851,264.0635986328125,443508,2635,-100123.05,124.24,3956.09130859375,0.0003,0.32944557070732117,168,0.45370063185691833
2152,110985,607.0751953125,444044,2638,-100088.7,109.86,3411.60107421875,0.0003,-0.029076993465423584,168,0.46115440130233765
2156,111101,108.37398529052734,444508,2641,-100075.2,108.51,1711.52392578125,0.0003,-1.274643898010254,168,0.4674752950668335
2160,111247,682.5057983398438,445092,2644,-100079.8,108.97,1815.8148193359375,0.0003,-0.7694602012634277,168,0.4710819125175476
2164,111408,222.17747497558594,445736,2648,-101002.1,101.21,2999.265380859375,0.0003,0.17680314183235168,168,0.4718269109725952
2168,111549,343.9739074707031,446300,2651,-101022.5,103.25,2216.3359375,0.0003,-0.4424404501914978,168,0.4719865024089813
2172,111688,332.04571533203125,446856,2655,-101016.8,102.68,1784.90771484375,0.0003,0.2225547879934311,168,0.4708000123500824
2176,111838,373.4812927246094,447456,2658,-101042.3,105.23,2498.685302734375,0.0003,-0.07578480243682861,168,0.4738160967826843
2180,111974,937.38623046875,448000,2662,-101074.9,108.49,2468.51123046875,0.0003,0.11100167036056519,168,0.4760819971561432
2184,112137,614.6898803710938,448652,2666,-101102.5,111.25,3334.105224609375,0.0003,0.6613197326660156,168,0.4798435866832733
2188,112311,415.7835388183594,449348,2670,-101144.5,115.45,2787.724365234375,0.0003,-0.17750418186187744,168,0.4827473759651184
2192,112521,738.70068359375,450188,2675,-101187.6,119.76,2605.130859375,0.0003,0.2891067862510681,168,0.4919745624065399
2196,112736,538.8220825195312,451048,2680,-101235.3,124.53,2136.79541015625,0.0003,-0.13584347069263458,168,0.4993221163749695
2200,113029,367.5042724609375,452220,2687,-101285.5,129.55,2262.9755859375,0.0003,0.2060377150774002,168,0.5012414455413818
2204,113495,592.6364135742188,454084,2699,-101399.9,140.99,2681.0419921875,0.0003,-0.06820738315582275,168,0.5191470980644226
2208,113741,277.8063049316406,455068,2705,-101512.2,152.22,3421.47119140625,0.0003,0.13460901379585266,168,0.5240994691848755
2212,114146,418.2360534667969,456688,2714,-101577.2,158.72,3155.298828125,0.0003,0.480084627866745,168,0.5297877788543701
2216,114576,160.36312866210938,458408,2725,-101722.3,173.23,2207.9326171875,0.0003,-0.1849556714296341,168,0.5422884225845337
2220,115037,606.0235595703125,460252,2736,-101783.475,189.43,2734.71435546875,0.0003,0.1927042007446289,168,0.5573630332946777
2224,115286,136.87100219726562,461248,2742,-101865.275,197.61,1948.7197265625,0.0003,-0.4525376558303833,168,0.5707951188087463
2228,115964,156.94415283203125,463960,2758,-102068.375,217.92,1867.54248046875,0.0003,-0.4712465703487396,168,0.5935052037239075
2232,116495,139.97979736328125,466084,2771,-101244.975,235.57,1995.4073486328125,0.0003,-0.41881245374679565,168,0.5942009091377258
2236,116663,318.3592834472656,466756,2775,-101189.05,240.99,4150.90869140625,0.0003,0.14118704199790955,168,0.6049174070358276
2240,116937,367.50787353515625,467852,2781,-101263.65,248.45,2074.72021484375,0.0003,-0.0805758386850357,168,0.6083015203475952
2244,117076,304.001708984375,468408,2785,-101302.55,252.34,1521.11376953125,0.0003,-0.26129257678985596,168,0.6140919327735901
2248,117272,151.54608154296875,469192,2789,-101306.95,252.78,1754.6624755859375,0.0003,-0.03544120490550995,168,0.6189181804656982
2252,117541,604.583740234375,470268,2796,-101308.35,252.92,2959.93408203125,0.0003,0.5770401954650879,168,0.6182450652122498
2256,117733,149.0517120361328,471036,2800,-101296.25,251.71,1930.146484375,0.0003,-0.26276737451553345,168,0.6250662207603455
2260,117887,412.4585876464844,471652,2804,-101357.55,257.84,2367.418701171875,0.0003,0.402756005525589,168,0.6252783536911011
2264,118023,545.7301025390625,472196,2807,-100418.85,263.96,2541.64990234375,0.0003,0.23870500922203064,168,0.6281798481941223
2268,118137,304.0150146484375,472652,2810,-100404.95,262.57,1743.080322265625,0.0003,-0.7389461994171143,168,0.6316086649894714
2272,118331,531.4797973632812,473428,2814,-100392.35,261.31,1900.7308349609375,0.0003,-0.11169911175966263,168,0.6343928575515747
2276,118425,394.7279357910156,473804,2816,-100435.75,265.65,2656.38818359375,0.0003,0.09175467491149902,168,0.6367403268814087
2280,118605,370.6661071777344,474524,2821,-100422.85,264.36,1924.4906005859375,0.0003,0.15113842487335205,168,0.6411032676696777
2284,118713,386.17083740234375,474956,2823,-100418.85,263.96,2470.3408203125,0.0003,-0.01763536036014557,168,0.6494322419166565
2288,118831,248.93710327148438,475428,2826,-100390.95,261.17,2762.5517578125,0.0003,0.1471557766199112,168,0.6566241979598999
2292,119000,150.11314392089844,476104,2830,-100364.95,258.57,1609.6978759765625,0.0003,-0.2942450940608978,168,0.6656880974769592
2296,119210,343.6893005371094,476944,2835,-100340.95,256.17,1914.135009765625,0.0003,-0.12446412444114685,168,0.6640042066574097
2300,119333,132.1432647705078,477436,2838,-100210.2,256.42,1838.221435546875,0.0003,-0.40719345211982727,168,0.662854015827179
2304,119461,410.0179138183594,477948,2841,-100122.3,247.63,2500.63330078125,0.0003,-0.38415420055389404,168,0.657709538936615
2308,119644,193.09068298339844,478680,2845,-100007.1,236.11,2136.683349609375,0.0003,0.11307985335588455,168,0.6516366600990295
2312,119869,376.5654296875,479580,2851,-100005.8,235.98,2353.012451171875,0.0003,0.0451832115650177,168,0.6465020775794983
2316,120168,583.1961669921875,480776,2859,-99916.8,227.08,2501.344482421875,0.0003,-0.06538090109825134,168,0.6487880349159241
2320,120277,146.8026580810547,481212,2861,-99777.425,215.44,1756.6251220703125,0.0003,-0.10509151220321655,168,0.6486004590988159
2324,120566,231.64329528808594,482368,2868,-99755.325,213.23,2463.2265625,0.0003,0.18137499690055847,168,0.6457452774047852
2328,120738,380.3409423828125,483056,2873,-99603.825,198.08,1917.47802734375,0.0003,0.3697960376739502,168,0.6454788446426392
2332,120928,160.245361328125,483816,2877,-100457.525,183.46,1756.705322265625,0.0003,-0.18640094995498657,168,0.6453566551208496
2336,121059,192.50282287597656,484340,2880,-100513.45,178.04,2041.034423828125,0.0003,-0.04462745785713196,168,0.640934407711029
2340,121173,659.7850341796875,484796,2883,-100452.45,171.94,3438.145263671875,0.0003,0.15063142776489258,168,0.6407568454742432
2344,121395,412.57305908203125,485684,2888,-100430.05,169.7,1751.8896484375,0.0003,-0.4632396101951599,168,0.633101761341095
2348,121593,1009.8699951171875,486476,2893,-100378.7625,175.07,3082.614013671875,0.0003,0.3421059548854828,168,0.6291459798812866
2352,121695,400.9374084472656,486884,2895,-100392.6625,176.46,2297.82275390625,0.0003,0.002193465828895569,168,0.6233762502670288
2356,121806,641.8284912109375,487328,2898,-100403.7625,177.57,3374.66943359375,0.0003,-0.35612666606903076,168,0.6143291592597961
2360,121915,972.3407592773438,487764,2901,-100332.7625,170.47,3222.265625,0.0003,-0.006676390767097473,168,0.6034057140350342
2364,122024,160.5903778076172,488200,2903,-101261.4625,163.35,1919.26416015625,0.0003,-0.35140371322631836,168,0.5942343473434448
2368,122153,142.3304443359375,488716,2906,-101262.4625,163.45,1688.025634765625,0.0003,-0.8715678453445435,168,0.5793123841285706
2372,122306,601.0978393554688,489328,2910,-101268.8625,164.09,2036.853515625,0.0003,0.2794596552848816,168,0.5697789192199707
2376,122470,582.76025390625,489984,2914,-101240.7625,161.28,3128.24462890625,0.0003,0.3288995325565338,168,0.5624279975891113
2380,122681,354.4107666015625,490828,2919,-101252.7625,162.48,2401.520263671875,0.0003,0.014878109097480774,168,0.5561956763267517
2384,123259,158.0142364501953,493140,2933,-101324.3625,169.64,1769.232177734375,0.0003,-0.34390488266944885,168,0.5432403087615967
2388,123507,248.5035858154297,494132,2939,-101407.4625,177.95,2620.315185546875,0.0003,0.27167272567749023,168,0.5344328880310059
2392,123856,222.74351501464844,495528,2947,-100541.9625,191.39,2512.94287109375,0.0003,0.4899299442768097,168,0.5383404493331909
2396,124492,84.11145782470703,498072,2962,-100740.8625,211.28,1292.318603515625,0.0003,-1.3480746746063232,168,0.5292174220085144
2400,125469,357.8255920410156,501980,2985,-100063.0125,230.16,1843.7965087890625,0.0003,-0.07030609995126724,168,0.5420259833335876
2404,126148,485.3714294433594,504696,3001,-97350.0125,258.83,3409.8076171875,0.0003,0.3170801103115082,168,0.5526731014251709
2408,127148,671.3675537109375,508696,3025,-93588.6625,292.76,1883.378173828125,0.0003,0.12149688601493835,168,0.5267458558082581
2412,128148,453.6070556640625,512696,3049,-91855.5625,319.43,1577.0020751953125,0.0003,-0.6075072288513184,168,0.5220423340797424
2416,129148,541.120361328125,516696,3072,-88164.7625,350.31,1976.36181640625,0.0003,0.013653300702571869,168,0.5126455426216125
2420,129967,584.3115844726562,519972,3091,-85573.7625,378.8,1423.2119140625,0.0003,-0.04253488779067993,168,0.5215874314308167
2424,130967,483.21282958984375,523972,3115,-81876.9625,409.08,2277.62890625,0.0003,-0.07591702044010162,168,0.5046924352645874
2428,131967,454.02911376953125,527972,3139,-80159.4625,437.31,2588.550048828125,0.0003,0.1858368217945099,168,0.5061581134796143
2432,132967,330.95452880859375,531972,3162,-76358.1375,471.3,1708.0101318359375,0.0003,-0.20454253256320953,168,0.506820023059845
2436,133785,273.7265930175781,535244,3182,-75639.4375,499.42,3149.486572265625,0.0003,0.5075464844703674,168,0.5124866366386414
2440,134037,425.5672302246094,536252,3188,-74780.2375,513.49,1679.6329345703125,0.0003,-0.008190184831619263,168,0.5151745676994324
2444,134870,703.5906372070312,539584,3207,-74004.0375,535.86,1583.6826171875,0.0003,0.5454915761947632,168,0.5167481899261475
2448,135528,119.17103576660156,542216,3223,-73298.725,554.82,1723.453369140625,0.0003,-0.06934338808059692,168,0.5175179243087769
2452,135859,325.0574951171875,543540,3231,-73330.225,557.97,1865.970458984375,0.0003,-0.07004737854003906,168,0.5112100839614868
2456,136857,254.8963165283203,547532,3256,-71570.125,581.94,3460.0517578125,0.0003,0.5046192407608032,168,0.5004652142524719
2460,137305,165.92091369628906,549324,3267,-70765.825,601.5,1951.0419921875,0.0003,0.6452819108963013,168,0.5143070220947266
2464,137456,383.2621765136719,549928,3271,-69862.325,611.14,1912.3277587890625,0.0003,1.1622387170791626,168,0.5210779309272766
2468,137577,272.58221435546875,550412,3274,-69928.625,617.77,1633.66455078125,0.0003,-0.023345761001110077,168,0.5283823013305664
2472,137877,293.96124267578125,551612,3281,-69974.025,622.31,1479.422119140625,0.0003,-1.0118776559829712,168,0.5238646268844604
2476,138285,274.1462707519531,553244,3291,-70054.925,630.4,1375.4395751953125,0.0003,-0.10013371706008911,168,0.5200403332710266
2480,138598,448.3848876953125,554496,3298,-70055.825,630.49,1586.69140625,0.0003,-0.33165618777275085,168,0.5167528986930847
2484,138774,312.21148681640625,555200,3302,-70000.925,625.0,2145.568603515625,0.0003,0.18320074677467346,168,0.5172348618507385
2488,139006,545.918701171875,556128,3308,-68871.5,627.47,1719.203857421875,0.0003,-0.6846703290939331,168,0.5101421475410461
2492,139110,771.0595092773438,556544,3310,-69759.2,616.25,3079.354248046875,0.0003,0.09109404683113098,168,0.5055437684059143
2496,139272,121.06649780273438,557192,3314,-69555.7,595.9,1594.099609375,0.0003,0.8185398578643799,168,0.501550018787384
2500,139537,511.61968994140625,558252,3321,-70339.2,574.26,1693.66552734375,0.0003,-0.13309691846370697,168,0.4936900734901428
2504,139743,93.01405334472656,559076,3325,-73073.3,547.7,1329.95458984375,0.0003,-0.2575855255126953,168,0.4944414496421814
2508,140034,349.29583740234375,560240,3332,-76872.85,517.59,2224.97216796875,0.0003,0.13847067952156067,168,0.5013619661331177
2512,140219,489.2869567871094,560980,3337,-78609.05,491.23,1429.62841796875,0.0003,0.17832034826278687,168,0.502975344657898
2516,140430,334.6048583984375,561824,3342,-82267.95,457.16,1613.43115234375,0.0003,0.22885647416114807,168,0.5035145282745361
2520,140590,799.3544921875,562464,3345,-85028.85,433.28,1318.958740234375,0.0003,-0.30933380126953125,168,0.5066921710968018
2524,140761,464.5247497558594,563148,3349,-88683.45,398.78,1740.685791015625,0.0003,0.544707179069519,168,0.518323540687561
2528,141283,347.8444519042969,565236,3362,-90455.65,376.02,2145.4404296875,0.0003,-0.144052654504776,168,0.5104700326919556
2532,141693,317.32586669921875,566876,3371,-94377.275,354.06,1625.34619140625,0.0003,0.0172988623380661,168,0.5197991728782654
2536,141977,286.65625,568012,3378,-95078.175,324.16,1572.97314453125,0.0003,-0.010890364646911621,168,0.5310730338096619
2540,142405,101.57322692871094,569724,3388,-94978.025,330.22,1276.3447265625,0.0003,-0.3644123673439026,168,0.5420451164245605
2544,142524,151.69149780273438,570200,3391,-95801.625,312.59,2029.514892578125,0.0003,0.39492887258529663,168,0.5520160794258118
2548,142615,320.85723876953125,570564,3393,-96559.625,288.4,2309.3212890625,0.0003,0.40576454997062683,168,0.5526798367500305
2552,143054,119.84796142578125,572320,3403,-96551.225,287.56,1553.353271484375,0.0003,0.08734504878520966,168,0.5710505247116089
2556,143216,114.53239440917969,572968,3407,-98291.175,273.18,1523.729248046875,0.0003,-0.4754464030265808,168,0.5682020783424377
2560,143830,171.14410400390625,575424,3421,-99199.175,263.99,2146.822265625,0.0003,0.19091178476810455,168,0.5585629940032959
2564,144216,126.93633270263672,576968,3430,-99214.875,265.56,1706.925048828125,0.0003,0.1229604184627533,168,0.5537852644920349
2568,144969,141.43116760253906,579980,3447,-98306.175,274.68,1727.559326171875,0.0003,0.17809608578681946,168,0.5505942702293396
2572,145064,327.4004821777344,580360,3449,-97242.2,288.75,1701.7313232421875,0.0003,-0.09169384837150574,168,0.5458840131759644
2576,145453,336.0358581542969,581916,3458,-97174.8,282.01,1699.887939453125,0.0003,-0.11993025243282318,168,0.5398555994033813
2580,145992,635.15380859375,584072,3471,-97328.4,297.37,1583.85400390625,0.0003,0.07055173814296722,168,0.5282929539680481
2584,146289,351.1009521484375,585260,3477,-97357.2,300.25,1801.3123779296875,0.0003,0.02705482393503189,168,0.5203601717948914
2588,146598,93.9879379272461,586496,3485,-97509.925,300.1,1458.436279296875,0.0003,-0.09055110812187195,168,0.5127559304237366
2592,146940,106.45016479492188,587864,3492,-97520.625,301.17,1192.24462890625,0.0003,-1.024849534034729,168,0.5063872337341309
2596,147394,909.9986572265625,589680,3503,-96647.225,313.82,1719.525390625,0.0003,-0.02372640371322632,168,0.4946747124195099
2600,147540,345.386474609375,590264,3506,-95746.425,323.73,2088.99951171875,0.0003,-0.49708589911460876,168,0.49570170044898987
2604,148093,92.40914916992188,592476,3519,-95762.925,325.38,1344.7886962890625,0.0003,-0.17082583904266357,168,0.495206356048584
2608,148464,108.57948303222656,593960,3528,-95883.625,337.45,1422.646240234375,0.0003,0.03149314224720001,168,0.5008538961410522
2612,149035,298.7308654785156,596244,3541,-95799.925,339.08,1688.30126953125,0.0003,0.5926179885864258,168,0.5102978348731995
2616,149274,293.31103515625,597200,3546,-94873.325,346.41,1343.5859375,0.0003,-0.4589509665966034,168,0.5136253237724304
2620,149701,160.65171813964844,598908,3556,-92832.1,356.85,1836.4300537109375,0.0003,0.3168259263038635,168,0.5282717347145081
2624,149897,140.7156219482422,599692,3561,-92815.7,355.21,1652.94091796875,0.0003,0.08211079984903336,168,0.5336605310440063
2628,150018,135.57240295410156,600176,3563,-92776.2,351.26,1673.8956298828125,0.0003,-0.29821130633354187,168,0.5350083112716675
2632,150105,142.45065307617188,600524,3565,-92615.5,335.19,1665.744140625,0.0003,0.11803418397903442,168,0.5394062995910645
2636,150168,485.7162170410156,600776,3567,-92590.8,332.72,1499.1298828125,0.0003,-0.45190709829330444,168,0.5394712090492249
2640,150273,271.07757568359375,601196,3569,-93533.05,310.88,1350.8629150390625,0.0003,-0.41875892877578735,168,0.5401497483253479
2644,150345,143.32044982910156,601484,3571,-92561.25,313.69,1691.5546875,0.0003,0.3044143319129944,168,0.5411711931228638
2648,150428,320.5559997558594,601816,3573,-92545.45,312.11,1527.873291015625,0.0003,-0.13502167165279388,168,0.541908323764801
2652,150503,228.40586853027344,602116,3575,-92489.75,306.54,1412.205078125,0.0003,-0.05837196111679077,168,0.5429692268371582
2656,150564,341.8371887207031,602360,3576,-92494.2,295.38,2562.21142578125,0.0003,-0.5326526165008545,168,0.5451696515083313
2660,150652,199.46226501464844,602712,3578,-92378.5,283.81,2110.04541015625,0.0003,0.5005842447280884,168,0.5529364943504333
2664,150745,237.82470703125,603084,3580,-93255.4,271.51,2739.244140625,0.0003,0.026500016450881958,168,0.5531415939331055
2668,150863,301.67864990234375,603556,3583,-94082.5,254.23,1742.955078125,0.0003,-0.5344470739364624,168,0.5579323768615723
2672,150949,226.3042755126953,603900,3585,-95083.975,233.91,1921.038818359375,0.0003,0.21165677905082703,168,0.5606246590614319
2676,151045,76.63539123535156,604284,3587,-95023.575,227.87,1246.069580078125,0.0003,-0.7785055637359619,168,0.5629114508628845
2680,151104,113.8540267944336,604520,3589,-94865.875,212.1,1502.869873046875,0.0003,-0.3433741331100464,168,0.5655272603034973
2684,151182,426.85662841796875,604832,3590,-94793.875,204.9,1300.345458984375,0.0003,-0.30462419986724854,168,0.5660714507102966
2688,151272,601.3385009765625,605192,3593,-95675.975,193.12,2862.615234375,0.0003,0.5240856409072876,168,0.564092218875885
2692,151343,116.3617172241211,605476,3594,-95613.275,186.85,1312.770263671875,0.0003,-0.638309121131897,168,0.5615766048431396
2696,151418,124.19986724853516,605776,3596,-96469.875,172.52,1534.9326171875,0.0003,0.4288601279258728,168,0.5616747140884399
2700,151538,351.7828369140625,606256,3599,-97340.575,159.6,1815.863525390625,0.0003,-0.15399135649204254,168,0.5594822764396667
2704,151604,91.82547760009766,606520,3600,-97290.575,154.6,1410.538818359375,0.0003,-0.15535971522331238,168,0.5581490397453308
2708,151685,226.10665893554688,606844,3602,-97097.575,135.3,2574.16748046875,0.0003,0.07814587652683258,168,0.5617989301681519
2712,151771,592.240966796875,607188,3604,-97116.975,127.24,2481.76123046875,0.0003,-0.016175873577594757,168,0.5614086985588074
2716,151864,257.88214111328125,607560,3606,-98013.975,116.95,1358.6201171875,0.0003,0.019954487681388855,168,0.5624213814735413
2720,152042,345.5602111816406,608272,3610,-99969.5,97.94,1503.6229248046875,0.0003,-0.08435674756765366,168,0.5605253577232361
2724,152142,177.15286254882812,608672,3613,-99968.8,97.87,1676.5133056640625,0.0003,-0.24422313272953033,168,0.5615096688270569
2728,152223,298.32940673828125,608996,3615,-99938.0,94.79,1403.96337890625,0.0003,-0.29655852913856506,168,0.5594756007194519
2732,152300,260.4654541015625,609304,3616,-99950.7,96.06,2215.6826171875,0.0003,0.3497312664985657,168,0.5563778281211853
2736,152361,297.3921203613281,609548,3618,-99952.2,96.21,1399.6666259765625,0.0003,-0.3971364498138428,168,0.556053876876831
2740,152465,132.22467041015625,609964,3620,-99966.3,97.62,1616.04248046875,0.0003,-0.16522040963172913,168,0.5542514324188232
2744,152550,390.3094177246094,610304,3622,-100877.5,88.75,2061.98876953125,0.0003,-0.1518286168575287,168,0.5549384951591492
2748,152620,528.641845703125,610584,3624,-100873.6,88.36,2235.2109375,0.0003,0.6359694004058838,168,0.5520071387290955
2752,152717,454.65380859375,610972,3626,-100881.3,89.13,1626.45654296875,0.0003,-0.09624916315078735,168,0.5550798773765564
2756,152809,838.94677734375,611340,3628,-100884.8,89.48,1166.2755126953125,0.0003,0.03162670135498047,168,0.5533531904220581
2760,152912,280.99566650390625,611752,3631,-100894.8,90.48,1412.2713623046875,0.0003,-0.29596710205078125,168,0.5553881525993347
2764,153038,561.3766479492188,612256,3634,-100892.7,90.27,2522.53125,0.0003,0.19849079847335815,168,0.5535140633583069
2768,153156,293.1039123535156,612728,3636,-100896.2,90.62,1230.2269287109375,0.0003,-0.6174527406692505,168,0.5475628972053528
2772,153331,123.80903625488281,613428,3640,-100897.3,90.73,1547.765380859375,0.0003,-0.4375241994857788,168,0.5457808375358582
2776,153494,158.45701599121094,614080,3644,-100903.7,91.37,1730.5216064453125,0.0003,-0.15936285257339478,168,0.5408363342285156
2780,153571,450.21673583984375,614388,3646,-100911.6,92.16,3208.47509765625,0.0003,-0.06789080798625946,168,0.538876473903656
2784,153741,340.7090148925781,615068,3650,-100920.9,93.09,1608.465576171875,0.0003,0.31271079182624817,168,0.5352197289466858
2788,153852,344.6232604980469,615512,3652,-101015.5,102.55,1675.2047119140625,0.0003,0.2876853942871094,168,0.5356599688529968
2792,153938,469.6208801269531,615856,3654,-101026.8,103.68,1314.097900390625,0.0003,-0.7894350290298462,168,0.5365628600120544
2796,154048,527.8453369140625,616296,3657,-101038.1,104.81,1597.411376953125,0.0003,0.14105811715126038,168,0.5409114360809326
2800,154186,202.15625,616848,3660,-101049.0,105.9,1967.23486328125,0.0003,-0.03269094228744507,168,0.5503966212272644
2804,154279,473.0549011230469,617220,3662,-101043.3,105.33,1410.2349853515625,0.0003,-0.2971559166908264,168,0.5511876940727234
2808,154435,181.8275604248047,617844,3666,-101065.7,107.57,1697.474853515625,0.0003,-0.1603996753692627,168,0.5496918559074402
2812,154731,475.5118713378906,619028,3673,-101085.6,109.56,1384.746826171875,0.0003,-0.17303046584129333,168,0.5431182384490967
2816,154993,338.39581298828125,620076,3679,-101109.1,111.91,1575.3421630859375,0.0003,0.5439406037330627,168,0.5400848388671875
2820,155333,638.3400268554688,621436,3687,-101219.1,122.91,1847.716796875,0.0003,-0.13035915791988373,168,0.5350609421730042
2824,155568,864.6431884765625,622376,3692,-100345.1,135.5,2546.5927734375,0.0003,0.0009298622608184814,168,0.5278708934783936
2828,156046,619.9778442382812,624288,3703,-99467.5,147.73,3148.437255859375,0.0003,0.4049196243286133,168,0.5161057710647583
2832,156855,606.583984375,627524,3722,-98647.8,165.75,2154.9931640625,0.0003,0.17194798588752747,168,0.5154737234115601
2836,157855,127.70391845703125,631524,3745,-96001.0,201.04,1460.67041015625,0.0003,-0.2315635085105896,168,0.5080451965332031
2840,158616,375.81292724609375,634568,3763,-93304.9,231.4,2150.68115234375,0.0003,0.4074901342391968,168,0.5161924362182617
2844,158950,639.1757202148438,635904,3770,-92495.5,250.45,2122.09326171875,0.0003,-0.1392960101366043,168,0.5152458548545837
2848,159317,92.85028839111328,637372,3779,-92628.2,263.72,1573.4139404296875,0.0003,-0.48177120089530945,168,0.5133553743362427
2852,159645,267.3328857421875,638684,3786,-92675.2,268.42,2558.644287109375,0.0003,0.37121009826660156,168,0.5034620761871338
2856,159937,584.5126342773438,639852,3793,-92765.1,277.41,1490.4473876953125,0.0003,0.15006795525550842,168,0.4993320405483246
2860,160170,283.9857177734375,640784,3799,-92705.475,281.8,1333.607177734375,0.0003,-0.38628119230270386,168,0.5021730065345764
2864,160733,517.5676879882812,643036,3811,-91677.58333333001,302.05,1679.875244140625,0.0003,0.31197553873062134,168,0.5103369355201721
2868,161078,462.88299560546875,644416,3819,-91795.68333333,313.86,1988.8499755859375,0.0003,0.35751157999038696,168,0.5101982355117798
2872,161791,146.59530639648438,647268,3836,-90966.78333333001,330.96,1882.150634765625,0.0003,0.021449804306030273,168,0.5029622316360474
2876,162791,657.4537353515625,651268,3859,-87334.18333333,367.66,1363.850830078125,0.0003,0.1530226171016693,168,0.5165604948997498
2880,163791,400.51690673828125,655268,3882,-83665.98333333,400.8,1838.103759765625,0.0003,0.34468984603881836,168,0.5052876472473145
2884,164791,208.2153778076172,659268,3905,-81842.45833333001,431.51,1557.905517578125,0.0003,-0.11191976815462112,168,0.4895644783973694
2888,165172,577.0318603515625,660792,3914,-80017.65833333001,449.01,2643.256591796875,0.0003,0.17252324521541595,168,0.4816718101501465
2892,166172,260.504150390625,664792,3937,-78245.35833333,471.76,1349.638427734375,0.0003,-0.9664088487625122,168,0.4684537649154663
2896,166738,364.9475402832031,667056,3951,-76441.55833333,491.36,1866.6240234375,0.0003,0.3255139887332916,168,0.45624566078186035
2900,167172,220.8326873779297,668792,3961,-74628.95833333001,510.08,2838.103515625,0.0003,-0.10396551340818405,168,0.45483848452568054
2904,168108,387.0332336425781,672536,3983,-72889.15833333001,536.08,1584.6058349609375,0.0003,-0.06840843707323074,168,0.4531642496585846
2908,168365,110.99601745605469,673564,3989,-71982.98333333,556.03,1454.7938232421875,0.0003,-0.16822077333927155,168,0.4511201083660126
2912,168802,329.03912353515625,675312,3999,-72001.78333333001,557.91,1766.63916015625,0.0003,-0.3773960471153259,168,0.4493829905986786
2916,169128,176.34730529785156,676616,4006,-70212.88333333,579.0,2179.95458984375,0.0003,-0.018680691719055176,168,0.45424723625183105
2920,169672,619.210205078125,678792,4019,-70153.58333333001,573.07,1227.20263671875,0.0003,-1.0051827430725098,168,0.45462656021118164
2924,170221,181.56027221679688,680988,4031,-70319.58333333001,589.67,2010.96044921875,0.0003,0.007541179656982422,168,0.44540104269981384
2928,170540,482.46746826171875,682264,4039,-71226.28333333001,580.35,3652.1748046875,0.0003,0.07519747316837311,168,0.44714149832725525
2932,171077,419.92474365234375,684412,4051,-72059.83333333001,574.33,2202.892333984375,0.0003,0.3237508237361908,168,0.4411167800426483
2936,171590,662.4321899414062,686464,4063,-74612.65833333001,557.27,1420.762939453125,0.0003,0.05097365379333496,168,0.4457852244377136
2940,171922,312.1194763183594,687792,4070,-77214.33333333001,539.9,1820.033447265625,0.0003,-0.5831356644630432,168,0.44527536630630493
2944,172688,104.62117004394531,690856,4088,-78228.63333333,541.34,1276.783203125,0.0003,-0.5351346135139465,168,0.44536787271499634
2948,173465,327.28973388671875,693964,4106,-76259.65833333001,556.8,1593.99658203125,0.0003,0.18392743170261383,168,0.4309754967689514
2952,173991,479.47576904296875,696068,4118,-75375.75833333,568.4,1356.2252197265625,0.0003,-0.7208306193351746,168,0.4235498309135437
2956,174465,467.0616455078125,697964,4129,-73488.15833333001,579.62,3461.199951171875,0.0003,0.13061052560806274,169,0.4241703450679779
2960,174683,302.8955383300781,698836,4134,-73658.38333333,586.29,1455.880859375,0.0003,0.4180528521537781,169,0.42189255356788635
2964,174958,347.7239990234375,699936,4141,-74708.675,568.28,1550.918212890625,0.0003,-0.2991142272949219,169,0.424814373254776
2968,175494,343.39422607421875,702080,4153,-73742.075,571.61,1622.48291015625,0.0003,0.7124207019805908,169,0.4200352132320404
2972,176248,167.2020721435547,705096,4171,-73828.275,580.23,1723.591064453125,0.0003,-0.017411082983016968,169,0.41104742884635925
2976,176431,665.7543334960938,705828,4175,-76569.675,554.4,3403.08203125,0.0003,0.19015778601169586,169,0.4135562479496002
2980,176968,328.0919494628906,707976,4187,-79345.675,532.03,1547.41552734375,0.0003,-0.010756134986877441,169,0.41546738147735596
2984,177191,79.0103988647461,708868,4193,-81242.0,508.6,1251.2919921875,0.0003,-0.04729536175727844,169,0.413931667804718
2988,177345,592.8037719726562,709484,4196,-83040.8,488.5,2898.049072265625,0.0003,-0.13969041407108307,169,0.41796842217445374
2992,177787,72.96554565429688,711252,4206,-84869.3,471.37,1279.570556640625,0.0003,0.2629067301750183,169,0.42203953862190247
2996,178182,395.42364501953125,712832,4215,-86687.675,463.55,1368.351318359375,0.0003,0.6291154026985168,169,0.41958022117614746
3000,178365,44.32855987548828,713564,4220,-87599.175,454.71,1115.822998046875,0.0003,-1.3969237804412842,169,0.41736724972724915
3004,178542,282.2257080078125,714272,4224,-89335.775,428.39,1424.809326171875,0.0003,-0.1538889855146408,169,0.4087364673614502
3008,178796,300.18133544921875,715288,4230,-90247.35,408.98,1519.609619140625,0.0003,-0.42293840646743774,169,0.4042089581489563
3012,178896,62.30409240722656,715688,4232,-90195.425,417.23,1188.478759765625,0.0003,-0.44617390632629395,169,0.40619081258773804
3016,179018,325.6491394042969,716176,4235,-91974.225,395.13,1760.6734619140625,0.0003,-0.0028711557388305664,169,0.40659740567207336
3020,179115,201.03330993652344,716564,4237,-91931.625,390.87,2424.595947265625,0.0003,-0.7330148220062256,169,0.4074414372444153
3024,179240,106.7507095336914,717064,4240,-92649.425,362.66,1394.811767578125,0.0003,-1.0175302028656006,169,0.4036373198032379
3028,179497,282.8353271484375,718092,4246,-92600.325,357.75,1512.913330078125,0.0003,0.3189038634300232,169,0.3961623013019562
3032,179681,97.4156494140625,718828,4250,-92621.075,349.21,1398.974365234375,0.0003,-0.19414055347442627,169,0.3917944133281708
3036,179869,282.720703125,719580,4254,-92750.35,334.51,2976.32861328125,0.0003,0.9448544383049011,169,0.388052761554718
3040,180326,460.25750732421875,721408,4265,-91966.375,333.67,1247.9224853515625,0.0003,-0.5659898519515991,169,0.38942667841911316
3044,180562,338.1525573730469,722352,4270,-91834.175,320.45,1685.21728515625,0.0003,0.9185538291931152,169,0.39044734835624695
3048,180873,301.0155944824219,723596,4278,-93777.05,302.38,1686.2283935546875,0.0003,0.10029920935630798,169,0.39516064524650574
3052,181211,144.1219024658203,724948,4285,-94518.2,298.65,1755.79638671875,0.0003,0.31151920557022095,169,0.38703832030296326
3056,181523,672.7679443359375,726196,4293,-96418.2,288.67,1379.16845703125,0.0003,-0.6444832682609558,169,0.38845255970954895
3060,182053,322.02978515625,728316,4305,-96431.9,290.04,1602.3572998046875,0.0003,0.35325732827186584,169,0.38685324788093567
3064,182725,194.78379821777344,731004,4320,-96457.65,303.77,1596.8148193359375,0.0003,0.0759691596031189,169,0.3864859640598297
3068,183143,107.73106384277344,732676,4330,-96473.45,305.35,1441.839599609375,0.0003,0.1588340550661087,169,0.3929191827774048
3072,183407,93.0855712890625,733732,4336,-97329.15,290.93,1319.08056640625,0.0003,-0.06841087341308594,169,0.392435222864151
3076,183728,117.66583251953125,735016,4343,-97349.85,293.0,1447.9344482421875,0.0003,0.13656562566757202,169,0.3842417597770691
3080,184086,161.7570037841797,736448,4352,-98281.15,286.14,1540.954833984375,0.0003,-0.3113137483596802,169,0.3909246623516083
3084,184317,89.31363677978516,737372,4357,-98326.35,290.66,1309.03076171875,0.0003,-0.13092121481895447,169,0.3896857500076294
3088,184547,280.7481994628906,738292,4362,-98292.05,287.23,1432.81689453125,0.0003,-0.16123567521572113,169,0.38965916633605957
3092,184717,705.7236328125,738972,4366,-98273.15,285.34,1682.950927734375,0.0003,0.1749384105205536,169,0.38878896832466125
3096,185558,309.9799499511719,742336,4386,-97457.675,293.46,1700.6678466796875,0.0003,-0.5068134665489197,169,0.3800865709781647
3100,185709,83.79383850097656,742940,4389,-97494.775,297.17,1238.36181640625,0.0003,0.8095465898513794,169,0.38124164938926697
3104,186602,349.60125732421875,746512,4410,-97689.975,316.69,1614.4447021484375,0.0003,0.934224009513855,169,0.3663369417190552
3108,187209,646.8477172851562,748940,4424,-96679.2,340.53,1187.212890625,0.0003,0.4275433421134949,169,0.3695453405380249
3112,187903,503.0068054199219,751716,4440,-96705.9,342.66,1646.6307373046875,0.0003,-0.0017350390553474426,169,0.365041047334671
3116,188302,264.7522888183594,753312,4449,-94913.9,363.44,1186.114990234375,0.0003,-1.4581890106201172,169,0.36729589104652405
3120,189302,294.29986572265625,757312,4472,-91266.2,398.63,1388.2919921875,0.0003,-0.618547797203064,169,0.3499482572078705
3124,190057,127.95352172851562,760332,4489,-88550.0,426.98,1463.355224609375,0.0003,-0.4197964072227478,169,0.36278438568115234
3128,190479,128.9286346435547,762020,4499,-88626.0,434.58,1493.325927734375,0.0003,0.28019100427627563,169,0.3672431409358978
3132,191471,298.54736328125,765988,4522,-86866.8,458.64,1395.361572265625,0.0003,0.21882539987564087,169,0.3570559322834015
3136,192471,242.4066925048828,769988,4545,-83204.1,492.33,1949.055419921875,0.0003,-0.18120861053466797,169,0.3461129665374756
3140,193471,237.73402404785156,773988,4568,-80440.5,515.94,2336.087158203125,0.0003,1.6125811338424683,169,0.340781569480896
3144,193966,457.89434814453125,775968,4580,-78621.3,534.0,1458.47607421875,0.0003,-0.9822410941123962,169,0.3328613340854645
3148,194244,117.0719985961914,777080,4586,-77682.3,540.09,1535.5350341796875,0.0003,-0.5664368867874146,169,0.3307079076766968
3152,195187,563.2648315429688,780852,4608,-75059.45,555.63,1295.1334228515625,0.0003,0.7098592519760132,169,0.3236067593097687
3156,195512,276.4716491699219,782152,4615,-74117.05,561.38,1218.51904296875,0.0003,0.0758952796459198,169,0.32623639702796936
3160,196452,362.6209411621094,785912,4637,-72236.25,573.28,2461.558349609375,0.0003,-0.5817239284515381,169,0.31873494386672974
3164,196632,207.0581512451172,786632,4641,-71317.4,570.23,2435.885009765625,0.0003,0.2472429871559143,169,0.31746765971183777
3168,197021,324.1177673339844,788188,4650,-72239.4,562.44,1323.3681640625,0.0003,0.5031023025512695,169,0.31749892234802246
3172,197528,141.29299926757812,790216,4661,-72231.7,561.67,1564.81494140625,0.0003,0.052594006061553955,169,0.30797749757766724
3176,197779,86.48477935791016,791220,4667,-73225.1,561.02,1264.31494140625,0.0003,0.38261011242866516,169,0.305620402097702
3180,198097,88.80138397216797,792492,4675,-73224.8,560.99,1114.1407470703125,0.0003,-0.7512149810791016,169,0.3128209412097931
3184,198246,111.43387603759766,793088,4678,-73179.1,556.42,1431.88671875,0.0003,0.2345728725194931,169,0.3120948076248169
3188,198460,353.8008117675781,793944,4683,-73176.3,556.14,1554.903076171875,0.0003,0.6332015991210938,169,0.31346625089645386
3192,198679,103.95896911621094,794820,4688,-73214.3,559.94,1156.6983642578125,0.0003,-1.3783674240112305,169,0.31272298097610474
3196,199065,335.9866027832031,796364,4697,-74096.9,548.21,1453.3951416015625,0.0003,-0.3366902470588684,169,0.3090456426143646
3200,199437,148.1789093017578,797852,4705,-75063.1,544.84,1583.446533203125,0.0003,0.8470277786254883,169,0.3071081042289734
3204,199669,76.98918151855469,798780,4711,-74951.3,533.66,1223.8331298828125,0.0003,1.5098497867584229,169,0.3067639470100403
3208,199873,83.36315155029297,799596,4716,-75988.675,512.48,1252.198486328125,0.0003,-0.36759454011917114,169,0.3071208596229553
3212,200095,809.8294677734375,800484,4721,-76021.1,502.82,3219.07861328125,0.0003,0.2903236150741577,169,0.30659449100494385
3216,200283,146.4849853515625,801236,4725,-77849.5,485.68,1488.430908203125,0.0003,-0.3467682898044586,169,0.3072183132171631
3220,200678,109.07402038574219,802816,4734,-81564.6,457.23,1569.6781005859375,0.0003,1.2960686683654785,169,0.31175026297569275
3224,200873,346.68499755859375,803596,4739,-84347.4,435.54,1822.2066650390625,0.0003,-0.14359045028686523,169,0.31170111894607544
3228,201145,262.703125,804684,4745,-84224.1,433.3,1116.6231689453125,0.0003,0.11509078741073608,169,0.31024369597435
3232,201714,232.02706909179688,806960,4758,-86024.5,413.36,1126.7296142578125,0.0003,-0.7612558603286743,169,0.3051412105560303
3236,201945,217.57481384277344,807884,4764,-88833.1,394.25,1098.03271484375,0.0003,-1.8462268114089966,169,0.3004818260669708
3240,202248,365.76513671875,809096,4771,-92539.2,364.9,1619.13330078125,0.0003,0.23657888174057007,169,0.29214879870414734
3244,202651,100.03160858154297,810708,4780,-94293.65,351.04,1459.890625,0.0003,0.2594831585884094,169,0.28653475642204285
3248,202927,277.749267578125,811812,4786,-94901.4,343.82,1219.947998046875,0.0003,-1.216745138168335,169,0.2913661003112793
3252,203458,265.26788330078125,813936,4799,-97507.15,326.3,1122.3671875,0.0003,-0.8035950660705566,169,0.28701284527778625
3256,203803,284.9266662597656,815316,4806,-98493.85,324.98,1393.916748046875,0.0003,0.5701423287391663,169,0.28278812766075134
3260,204090,457.63800048828125,816464,4813,-100033.25,312.72,3574.62890625,0.0003,-0.04761883616447449,169,0.2772698998451233
3264,204359,141.642578125,817540,4819,-100882.15,307.86,1550.576904296875,0.0003,0.8607183694839478,169,0.2822427451610565
3268,204666,294.3889465332031,818768,4826,-100875.85,307.23,1261.7353515625,0.0003,0.5700340270996094,169,0.287810742855072
3272,204973,77.6445541381836,819996,4833,-100609.9,301.85,1095.3499755859375,0.0003,-0.6972190737724304,169,0.28646254539489746
3276,205350,90.83363342285156,821504,4842,-100410.35,306.05,1278.5196533203125,0.0003,-0.48842087388038635,169,0.2851634621620178
3280,205544,508.3465270996094,822280,4847,-100378.65,302.88,1324.8299560546875,0.0003,-0.4359317421913147,169,0.2837918698787689
3284,205704,247.90635681152344,822920,4850,-100332.75,298.29,1220.018798828125,0.0003,-0.6458107233047485,169,0.2802896797657013
3288,205923,214.46263122558594,823796,4855,-100351.15,300.13,2504.089599609375,0.0003,0.648917019367218,169,0.2738944888114929
3292,206339,213.77911376953125,825460,4865,-100249.025,300.84,2895.8203125,0.0003,0.6310209631919861,169,0.27344250679016113
3296,206695,208.8311004638672,826884,4873,-100198.925,295.83,1483.4915771484375,0.0003,0.983581006526947,169,0.2780317962169647
3300,206949,241.27615356445312,827900,4879,-98187.3,305.21,1079.69775390625,0.0003,-0.26819664239883423,169,0.27975040674209595
3304,207211,57.630611419677734,828948,4885,-98066.1,303.99,1055.302734375,0.0003,0.12112218141555786,169,0.2755841612815857
3308,207378,232.28402709960938,829616,4889,-97737.15,302.58,1135.8359375,0.0003,-0.6869988441467285,169,0.2749688923358917
3312,207591,267.04730224609375,830468,4894,-97417.55,302.63,1258.5880126953125,0.0003,-0.7885065674781799,169,0.27051979303359985
3316,207817,257.1519470214844,831372,4899,-97393.55,300.23,1098.724609375,0.0003,-1.041897177696228,169,0.2713509202003479
3320,208083,211.8832244873047,832436,4905,-97274.15,299.49,1299.21728515625,0.0003,0.26112931966781616,169,0.2697426676750183
3324,208199,50.720970153808594,832900,4908,-97229.15,294.99,1046.465087890625,0.0003,-1.60200834274292,169,0.2703738808631897
3328,208414,148.1027374267578,833760,4913,-97293.05,291.29,1642.3397216796875,0.0003,1.1727268695831299,169,0.2705118954181671
3332,208532,432.95257568359375,834232,4915,-97253.25,287.31,1113.7110595703125,0.0003,-0.3466265797615051,169,0.27058762311935425
3336,208669,340.6113586425781,834780,4919,-98100.75,272.07,1737.18603515625,0.0003,0.5109463930130005,169,0.2697749435901642
3340,208807,537.0633544921875,835332,4922,-98028.75,264.87,3646.029541015625,0.0003,0.33831799030303955,169,0.26918041706085205
3344,209018,258.5091247558594,836176,4927,-98073.5,258.67,1137.59375,0.0003,-0.15148234367370605,169,0.27109771966934204
3348,209202,115.247314453125,836912,4931,-98345.65,253.89,1415.4453125,0.0003,0.016515672206878662,169,0.2696729004383087
3352,209332,96.83274841308594,837432,4934,-98472.4,244.69,1207.1756591796875,0.0003,1.5494239330291748,169,0.268892377614975
3356,209450,76.43537902832031,837904,4937,-98322.1,229.66,1361.4383544921875,0.0003,-0.19718611240386963,169,0.26729676127433777
3360,209723,136.89674377441406,838996,4943,-98614.4,225.11,1343.05908203125,0.0003,0.26151055097579956,169,0.26596972346305847
3364,209880,125.91120147705078,839624,4947,-98683.2,221.75,1562.9952392578125,0.0003,0.6489348411560059,169,0.26863378286361694
3368,210085,330.42059326171875,840444,4951,-98638.9,217.32,1790.53564453125,0.0003,-0.023172825574874878,169,0.27160006761550903
3372,210348,444.5657653808594,841496,4957,-98836.75,215.89,1169.74853515625,0.0003,0.5086590647697449,169,0.26975592970848083
3376,210512,266.0118408203125,842152,4961,-98984.3,206.49,1128.321044921875,0.0003,0.73116534948349,169,0.2709536552429199
3380,210686,418.4814758300781,842848,4965,-98876.925,206.09,1229.719482421875,0.0003,1.0574171543121338,169,0.2765176594257355
3384,210945,301.982666015625,843884,4971,-98887.725,207.17,1404.660888671875,0.0003,0.42957034707069397,169,0.27454376220703125
3388,211148,685.4332885742188,844696,4976,-98900.825,208.48,1396.473876953125,0.0003,1.1987025737762451,169,0.2749653458595276
3392,211302,156.6206817626953,845312,4979,-98942.35,201.71,1742.222900390625,0.0003,1.9833345413208008,169,0.2717069983482361
3396,211388,211.6153106689453,845656,4982,-98930.85,200.56,1191.740478515625,0.0003,-1.5357346534729004,169,0.2713737189769745
3400,211591,286.3836364746094,846468,4986,-100881.875,185.12,1169.0938720703125,0.0003,1.4177790880203247,169,0.2689267098903656
3404,211868,55.094268798828125,847576,4993,-100933.475,179.38,1114.0718994140625,0.0003,-1.167285680770874,169,0.2708952724933624
3408,212044,273.4728088378906,848280,4997,-101241.125,178.66,1125.721435546875,0.0003,-0.8127045631408691,169,0.27189841866493225
3412,212282,638.94384765625,849232,5002,-101554.025,177.94,1091.795166015625,0.0003,-0.044429242610931396,169,0.2696951925754547
3416,212662,427.0576477050781,850752,5011,-100647.425,187.27,1278.88671875,0.0003,-0.8213931322097778,169,0.26365312933921814
3420,213130,580.1102294921875,852624,5022,-99869.625,198.28,1422.8800048828125,0.0003,2.052265167236328,169,0.26768016815185547
3424,213377,73.1137466430664,853612,5028,-99858.725,197.19,1097.68017578125,0.0003,-0.8563975691795349,169,0.27053385972976685
3428,213867,70.92855072021484,855572,5039,-99009.725,212.28,1004.314697265625,0.0003,-0.3946951627731323,169,0.27582141757011414
3432,214332,153.70147705078125,857432,5050,-99137.025,225.01,1215.1676025390625,0.0003,-0.06486952304840088,169,0.2727515697479248
3436,215315,453.6343078613281,861364,5072,-97293.8,250.96,1154.810791015625,0.0003,-0.36645564436912537,169,0.27301162481307983
3440,216024,61.91397476196289,864200,5089,-96563.1,277.88,1117.408203125,0.0003,-0.8654826879501343,169,0.2718057334423065
3444,216737,118.40257263183594,867052,5105,-94748.3,296.38,1419.974853515625,0.0003,-0.5612542033195496,169,0.26846033334732056
3448,217249,320.53253173828125,869100,5117,-92975.0,319.03,1440.988525390625,0.0003,0.49308598041534424,169,0.2725849449634552
3452,218085,118.29586029052734,872444,5136,-91238.7,345.38,1375.3182373046875,0.0003,-0.5246530771255493,169,0.2607784867286682
3456,219085,100.9068374633789,876444,5159,-89422.075,374.2,1390.1746826171875,0.0003,0.21751654148101807,169,0.2734842002391815
3460,219863,82.97368621826172,879556,5177,-87638.475,395.82,1139.065185546875,0.0003,-0.48410817980766296,169,0.2688363492488861
3464,220698,114.30327606201172,882896,5196,-85766.65,419.57,1433.50732421875,0.0003,-0.2964380979537964,169,0.27388545870780945
3468,221401,148.49981689453125,885708,5213,-83990.95,441.98,1445.02783203125,0.0003,0.5194934606552124,169,0.25981229543685913
3472,222309,258.3079833984375,889340,5234,-82300.65,472.93,1104.241943359375,0.0003,-0.7656206488609314,169,0.2553465664386749
3476,223136,251.9449462890625,892648,5253,-79551.75,498.01,1093.8226318359375,0.0003,-0.28697866201400757,169,0.2615930736064911
3480,224010,88.90887451171875,896144,5273,-76655.975,525.07,1185.88134765625,0.0003,0.9504661560058594,169,0.2714570164680481
3484,224421,625.3973388671875,897788,5282,-75774.875,536.95,1257.281494140625,0.0003,-0.9984243512153625,169,0.26858779788017273
3488,224944,246.00733947753906,899880,5294,-75551.625,545.93,1017.802734375,0.0003,-0.5820413827896118,169,0.2682337760925293
3492,225169,95.08466339111328,900780,5299,-75393.45,551.92,1208.61279296875,0.0003,-0.6257083415985107,169,0.2642998993396759
3496,225533,414.7547607421875,902236,5308,-74373.85,561.84,1075.418701171875,0.0003,0.0008068680763244629,169,0.26230931282043457
3500,226024,82.74130249023438,904200,5319,-74417.05,566.16,1178.52978515625,0.0003,0.22224164009094238,169,0.2626798450946808
3504,226537,284.6339416503906,906252,5331,-72517.125,586.86,1135.478271484375,0.0003,-2.0580830574035645,169,0.2672089636325836
3508,227533,333.4734191894531,910236,5354,-69658.225,615.28,2307.638916015625,0.0003,-0.7350728511810303,169,0.2640763819217682
3512,227837,48.3256721496582,911452,5361,-69529.2125,623.63,997.6425170898438,0.0003,-1.1538628339767456,169,0.26273664832115173
3516,228137,317.5758361816406,912652,5368,-69448.8625,625.61,1300.778076171875,0.0003,1.5606629848480225,170,0.2615448534488678
3520,228614,252.6629638671875,914560,5379,-70260.4875,617.96,1146.7044677734375,0.0003,-0.5934326648712158,170,0.2693959176540375
3524,228871,257.39739990234375,915588,5385,-70157.1125,628.06,1132.554931640625,0.0003,-0.24724352359771729,170,0.276042103767395
3528,229153,259.1560974121094,916716,5391,-70956.125,618.75,1095.037109375,0.0003,-0.263497531414032,170,0.27919456362724304
3532,229505,265.60009765625,918124,5400,-70670.225,610.78,1185.8798828125,0.0003,0.8124778866767883,170,0.2793055474758148
3536,229958,335.9261169433594,919936,5410,-72373.225,591.53,1999.2333984375,0.0003,0.33065521717071533,170,0.27978479862213135
3540,230231,419.56646728515625,921028,5416,-72792.30833333,577.16,1102.466552734375,0.0003,-0.08269432187080383,170,0.279306560754776
3544,230564,125.36285400390625,922360,5424,-74338.12083333,562.14,1512.3165283203125,0.0003,-0.4475322663784027,170,0.2842356860637665
3548,231052,306.2989501953125,924312,5435,-76243.82083333,552.73,3416.17919921875,0.0003,0.5609356164932251,170,0.28338050842285156
3552,231563,227.2444305419922,926356,5447,-77991.94583333,538.28,937.194091796875,0.0003,-1.9620373249053955,170,0.2918285131454468
3556,231886,602.1358642578125,927648,5455,-79870.02083333001,525.8,1235.2017822265625,0.0003,0.7628375887870789,170,0.2957548201084137
3560,232294,244.8793487548828,929280,5464,-81625.72083333001,501.39,1186.9755859375,0.0003,0.2890916168689728,170,0.298841267824173
3564,232886,240.13180541992188,931648,5478,-82574.19583333,495.52,1053.9503173828125,0.0003,-0.11621010303497314,170,0.3015758693218231
3568,233324,440.7596130371094,933400,5488,-84442.79583333,482.4,1056.578125,0.0003,-0.14593324065208435,170,0.30202755331993103
3572,233707,83.1900405883789,934932,5497,-86029.18333333,462.87,1134.15869140625,0.0003,-1.0337066650390625,170,0.29914191365242004
3576,234133,307.7505798339844,936636,5507,-88856.88333333,445.67,1214.17822265625,0.0003,-0.592592716217041,170,0.2938891053199768
3580,234341,94.89702606201172,937468,5512,-91902.03333333001,423.21,1279.026611328125,0.0003,-0.6432216167449951,170,0.293724924325943
3584,235019,227.52264404296875,940180,5528,-92772.45833333001,421.26,1141.494140625,0.0003,0.25716322660446167,170,0.2971648871898651
3588,235404,73.58003234863281,941720,5536,-93099.20833333001,422.63,1150.446044921875,0.0003,-0.10375398397445679,170,0.3009488880634308
3592,235739,339.92877197265625,943060,5544,-93351.78333333001,426.08,1660.23095703125,0.0003,1.1066640615463257,170,0.3057234585285187
3596,236409,101.51081085205078,945740,5560,-94389.55833333,428.42,1351.2901611328125,0.0003,-0.9197013974189758,170,0.31371191143989563
3600,236680,276.2247009277344,946824,5566,-94346.75833333,434.26,1040.7200927734375,0.0003,0.10567855089902878,170,0.30776357650756836
3604,237072,300.98944091796875,948392,5575,-96348.58333333001,423.75,1514.422119140625,0.0003,0.9599452018737793,170,0.3072441816329956
3608,237552,144.4083709716797,950312,5586,-99250.78333333001,399.66,1691.429443359375,0.0003,-0.758350133895874,170,0.3039792478084564
3612,237990,645.8814086914062,952064,5596,-98500.29583333,403.35,1171.46044921875,0.0003,-0.8243651390075684,170,0.2988732159137726
3616,238383,355.6170349121094,953636,5605,-99352.3125,405.67,1235.4736328125,0.0003,-0.033871814608573914,170,0.2981850504875183
3620,238660,383.6188049316406,954744,5612,-99251.27916666999,404.97,1527.114501953125,0.0003,1.5238261222839355,170,0.29825475811958313
3624,238803,310.4552917480469,955316,5615,-99303.64166667,399.9,1298.2978515625,0.0003,-0.24755316972732544,170,0.29656773805618286
3628,239010,36.60095977783203,956144,5620,-99348.02916666999,393.56,972.154296875,0.0003,-1.341966152191162,170,0.29764890670776367
3632,239452,225.7869110107422,957912,5630,-99574.22916666999,395.56,1902.81591796875,0.0003,1.25655996799469,170,0.2980387806892395
3636,239681,166.30999755859375,958828,5635,-99770.75416667,394.49,1394.354248046875,0.0003,-0.3317407965660095,170,0.29954594373703003
3640,240079,513.796875,960420,5645,-100093.29583333999,397.95,1284.4447021484375,0.0003,0.3718108832836151,170,0.29551464319229126
3644,240579,505.03033447265625,962420,5656,-100460.98333333999,404.34,1389.787353515625,0.0003,0.6817303895950317,170,0.3042243719100952
3648,241063,183.199951171875,964356,5667,-100097.89583334,402.45,1233.0797119140625,0.0003,0.8054732084274292,170,0.3131618797779083
3652,241575,171.60511779785156,966404,5679,-99868.80000000999,399.91,1244.5303955078125,0.0003,-0.03667008876800537,170,0.3179898262023926
3656,241838,245.71299743652344,967456,5685,-99589.16250000999,393.96,1124.265380859375,0.0003,-0.24520671367645264,170,0.31750020384788513
3660,242214,519.0825805664062,968960,5694,-99538.81250000998,399.99,1798.1160888671875,0.0003,0.30330079793930054,170,0.31256335973739624
3664,242804,444.3699645996094,971320,5708,-100374.27500000998,393.55,1147.000244140625,0.0003,-0.5507104396820068,170,0.3069349527359009
3668,243614,135.24685668945312,974560,5727,-99409.13750000998,407.98,1345.031494140625,0.0003,-0.5758458971977234,170,0.3177214562892914
3672,244581,177.92774963378906,978428,5749,-98618.38750000998,418.16,1636.2562255859375,0.0003,-0.2183457911014557,170,0.32384994626045227
3676,245291,256.77142333984375,981268,5766,-96670.95000000998,433.58,1091.875244140625,0.0003,-0.2695420980453491,170,0.3328062891960144
3680,246291,312.8880615234375,985268,5789,-94943.45000000998,460.81,2024.3924560546875,0.0003,0.9622452259063721,170,0.3116684854030609
3684,246978,297.547119140625,988016,5804,-92086.37500000998,477.33,1276.636962890625,0.0003,0.4477405250072479,170,0.3029242753982544
3688,247707,839.1347045898438,990932,5821,-91174.07500000998,486.09,1181.7965087890625,0.0003,0.06702086329460144,170,0.31093674898147583
3692,248586,257.3479309082031,994448,5842,-89323.97500000999,501.06,2906.169189453125,0.0003,0.0697774589061737,170,0.2989383637905121
3696,248868,409.7071838378906,995576,5848,-88476.20000000998,505.83,1981.0894775390625,0.0003,1.1162567138671875,170,0.29786112904548645
3700,249555,430.85089111328125,998324,5864,-87584.00000000998,506.48,2824.251220703125,0.0003,0.09748594462871552,170,0.307608425617218
3704,250076,184.38619995117188,1000408,5876,-86705.80000000999,518.65,2596.212890625,0.0003,-0.09910058975219727,170,0.31570711731910706
3708,250888,466.33642578125,1003656,5895,-85772.95000000998,535.4,1279.3348388671875,0.0003,0.41401347517967224,170,0.3155442774295807
3712,251624,205.7764129638672,1006600,5912,-85679.50833334,546.5,2015.918701171875,0.0003,1.7880268096923828,170,0.31781354546546936
3716,252159,111.48064422607422,1008740,5924,-84861.14166667,549.06,1368.851318359375,0.0003,-0.04895217716693878,170,0.31687840819358826
3720,252477,79.43789672851562,1010012,5932,-84975.65,550.65,1239.450927734375,0.0003,-0.6509589552879333,170,0.3150934875011444
3724,252823,272.9004821777344,1011396,5940,-83905.8875,554.62,1210.562255859375,0.0003,0.28793859481811523,170,0.31488633155822754
3728,253094,248.36141967773438,1012480,5946,-83512.6875,557.55,1187.6591796875,0.0003,-1.0533984899520874,170,0.3169741630554199
3732,253762,500.1796875,1015152,5961,-82521.5125,569.69,1617.0877685546875,0.0003,-0.22911891341209412,170,0.3177625834941864
3736,254065,171.4522247314453,1016364,5968,-81176.8375,572.63,1407.963134765625,0.0003,0.45892179012298584,170,0.31239694356918335
3740,254297,261.01171875,1017292,5974,-81193.4125,559.37,1514.863525390625,0.0003,-0.29251956939697266,170,0.32825252413749695
3744,254539,309.414306640625,1018260,5979,-80745.3875,545.55,1801.59912109375,0.0003,0.21632671356201172,170,0.3353230059146881
3748,254687,294.42132568359375,1018852,5983,-80944.575,531.05,1355.17578125,0.0003,1.4293715953826904,170,0.341483473777771
3752,254765,130.9932861328125,1019164,5985,-80233.14583333001,528.81,1926.064453125,0.0003,-0.34101229906082153,170,0.3418346345424652
3756,254842,43.338069915771484,1019472,5987,-80371.10833333,526.24,1022.5399780273438,0.0003,0.1301763653755188,170,0.34120604395866394
3760,255019,64.43363952636719,1020180,5991,-80271.60833333,515.48,1101.104736328125,0.0003,-0.6114605665206909,170,0.3405742645263672
3764,255245,67.30301666259766,1021084,5996,-80021.77083333001,504.37,1220.8074951171875,0.0003,-0.9186122417449951,170,0.3374244272708893
3768,255315,236.90199279785156,1021364,5998,-80751.30833333,477.58,1084.46337890625,0.0003,0.24214595556259155,170,0.33604878187179565
3772,255400,273.13885498046875,1021704,6000,-82495.57083333,440.95,1209.862060546875,0.0003,0.25561386346817017,170,0.3373374938964844
3776,255457,83.25421905517578,1021932,6001,-83275.40833333001,418.94,1226.1170654296875,0.0003,0.7890757918357849,170,0.3378793001174927
3780,255514,128.11083984375,1022160,6002,-84800.93333333,381.52,1734.658447265625,0.0003,0.33737099170684814,170,0.3397468030452728
3784,255594,83.08424377441406,1022480,6004,-87409.05833333,349.19,1244.02880859375,0.0003,0.561521053314209,170,0.34194549918174744
3788,255649,149.22793579101562,1022700,6005,-88044.25833333,323.11,1997.8870849609375,0.0003,1.4637529850006104,170,0.34690728783607483
3792,255697,466.1492614746094,1022892,6006,-89678.98333333,300.99,1288.359130859375,0.0003,-0.09105196595191956,170,0.3497866690158844
3796,255733,328.3957214355469,1023036,6007,-90464.98333333,279.6,1964.705810546875,0.0003,1.5228074789047241,170,0.35187140107154846
3800,255778,58.06244659423828,1023216,6008,-91192.25833333,262.36,1102.2989501953125,0.0003,0.3322620391845703,170,0.35431230068206787
3804,255820,453.9175109863281,1023384,6009,-92023.60833333,235.46,1081.166015625,0.0003,0.7003574371337891,170,0.3560621738433838
3808,255866,220.44789123535156,1023568,6011,-92775.10833333,210.62,1172.388916015625,0.0003,-0.5955820083618164,170,0.3587585389614105
3812,255907,845.0465698242188,1023732,6011,-93692.15,181.89,1197.1083984375,0.0003,1.2552392482757568,170,0.36047491431236267
3816,255946,155.3044891357422,1023888,6012,-94606.35,161.79,1906.8865966796875,0.0003,1.6636784076690674,170,0.3630574941635132
3820,255991,240.41946411132812,1024068,6013,-94583.05,148.74,1059.93505859375,0.0003,-0.7516450881958008,170,0.3657854497432709
3824,256053,219.7544708251953,1024316,6015,-95665.325,135.89,1750.216064453125,0.0003,2.1196370124816895,170,0.36901766061782837
3828,256096,107.84635925292969,1024488,6016,-96021.325,129.24,1424.811767578125,0.0003,1.506486415863037,170,0.37159428000450134
3832,256137,288.70343017578125,1024652,6017,-96886.0,104.45,1328.181884765625,0.0003,1.287235975265503,170,0.37268882989883423
3836,256178,280.5210266113281,1024816,6018,-98133.975,91.84,1373.4334716796875,0.0003,0.014515906572341919,170,0.3729378283023834
3840,256230,461.0526123046875,1025024,6019,-98087.875,87.23,1277.2083740234375,0.0003,-0.109622061252594,170,0.37629434466362
3844,256272,58.204444885253906,1025192,6020,-98353.9,82.85,1102.8228759765625,0.0003,-0.47683215141296387,170,0.37602195143699646
3848,256311,112.95647430419922,1025348,6021,-98342.4,81.7,1634.7841796875,0.0003,-0.035087354481220245,170,0.37723031640052795
3852,256350,51.03636932373047,1025504,6022,-99237.5,71.22,1011.2920532226562,0.0003,0.3070237636566162,170,0.37944546341896057
3856,256390,165.28775024414062,1025664,6023,-99303.025,61.93,2760.62744140625,0.0003,-0.5992134213447571,170,0.3806813657283783
3860,256433,44.03057098388672,1025836,6024,-99282.825,59.73,1119.17431640625,0.0003,-0.2507627010345459,170,0.38221418857574463
3864,256472,123.81999969482422,1025992,6025,-99556.25,52.97,1651.875244140625,0.0003,-0.3248279094696045,170,0.38180309534072876
3868,256514,137.14181518554688,1026160,6026,-99541.125,50.34,1870.11328125,0.0003,-0.27750566601753235,170,0.38257160782814026
3872,256552,475.0191345214844,1026312,6027,-99538.725,50.1,1324.130615234375,0.0003,-0.4611213505268097,170,0.38126444816589355
3876,256591,95.07408142089844,1026468,6028,-99633.225,49.37,1406.169189453125,0.0003,-0.14368635416030884,170,0.3827460706233978
3880,256633,434.40740966796875,1026636,6028,-99632.425,49.35,3555.5673828125,0.0003,0.14892400801181793,170,0.38258805871009827
3884,256675,285.8946838378906,1026804,6029,-99836.85,49.71,1359.544921875,0.0003,-0.13384541869163513,170,0.38315409421920776
3888,256715,448.3613586425781,1026964,6030,-99929.55,48.59,1169.2723388671875,0.0003,0.488396018743515,170,0.3845813274383545
3892,256758,303.49517822265625,1027136,6031,-100010.625,42.31,1460.044189453125,0.0003,0.8178497552871704,170,0.3851557970046997
3896,256812,276.9215087890625,1027352,6033,-100010.725,42.32,1263.2999267578125,0.0003,0.4962511658668518,170,0.3867604434490204
3900,256851,77.72638702392578,1027508,6034,-100011.525,43.0,1096.2349853515625,0.0003,-0.2805926203727722,170,0.3877811133861542
3904,256888,231.78057861328125,1027656,6034,-100011.625,43.01,988.74072265625,0.0003,0.18243008852005005,170,0.3892962634563446
3908,256933,124.95269012451172,1027836,6035,-100012.725,43.12,1550.28369140625,0.0003,1.0852816104888916,170,0.3899785578250885
3912,256971,156.7788543701172,1027988,6036,-100010.325,42.88,2027.901123046875,0.0003,0.3132961094379425,170,0.3901532292366028
3916,257010,53.46175003051758,1028144,6037,-100009.525,42.8,1123.986572265625,0.0003,-0.9316085577011108,170,0.38978734612464905
3920,257058,512.6605224609375,1028336,6038,-100008.625,42.71,1713.5118408203125,0.0003,0.9621971249580383,170,0.3902299702167511
3924,257102,461.86566162109375,1028512,6039,-99904.25,42.37,1180.25,0.0003,0.8893620371818542,170,0.3923335373401642
3928,257142,262.8984375,1028672,6040,-99697.875,41.95,1374.59521484375,0.0003,-0.4736875295639038,170,0.3950079381465912
3932,257184,231.9086456298828,1028840,6041,-99696.975,41.86,1006.232421875,0.0003,-0.7070801258087158,170,0.3949648141860962
3936,257257,78.47865295410156,1029132,6043,-99497.8,42.58,1343.5006103515625,0.0003,0.10252149403095245,170,0.39699897170066833
3940,257338,88.45691680908203,1029456,6045,-99307.3,44.04,1340.9534912109375,0.0003,0.2543550133705139,170,0.40156257152557373
3944,257383,77.0346450805664,1029636,6046,-99005.575,44.46,1245.1339111328125,0.0003,-0.9137652516365051,170,0.4039907157421112
3948,257450,96.79297637939453,1029904,6048,-99009.475,44.85,1475.0037841796875,0.0003,0.5867636799812317,170,0.405597060918808
3952,257527,110.53679656982422,1030212,6049,-98913.3,45.6,1496.1663818359375,0.0003,0.38468730449676514,170,0.40885183215141296
3956,257610,64.42066955566406,1030544,6051,-98614.725,47.22,1103.055908203125,0.0003,0.21150429546833038,170,0.4099396765232086
3960,257709,423.35943603515625,1030940,6053,-98327.56666667,50.16,1001.422607421875,0.0003,-0.5723057985305786,170,0.4112894833087921
3964,257772,374.3790588378906,1031192,6055,-98131.61666667,51.99,1281.82177734375,0.0003,0.5548473596572876,170,0.40754207968711853
3968,257819,59.1806526184082,1031380,6056,-98031.91666666999,52.44,1108.671630859375,0.0003,0.22721141576766968,170,0.40885359048843384
3972,257969,326.1048889160156,1031980,6060,-97952.84166666999,55.65,1969.3892822265625,0.0003,0.4960627555847168,170,0.4080936312675476
3976,258027,62.28337860107422,1032212,6061,-97760.51666667,56.8,1052.1436767578125,0.0003,0.2848420739173889,170,0.4082988202571869
3980,258142,45.03439712524414,1032672,6064,-97568.54166666999,58.93,1008.028564453125,0.0003,-0.6815434694290161,170,0.4100571572780609
3984,258220,115.82796478271484,1032984,6065,-97165.94166667,60.62,1482.9222412109375,0.0003,0.25837093591690063,170,0.4088100492954254
3988,258385,128.7733154296875,1033644,6069,-96988.16666666999,63.87,1663.517578125,0.0003,1.055718183517456,170,0.41087520122528076
3992,259144,484.9894104003906,1036680,6087,-95704.94166667,84.48,1520.545166015625,0.0003,0.18312808871269226,170,0.4043148159980774
3996,259736,349.51531982421875,1039048,6100,-94371.89166667,107.47,1919.1683349609375,0.0003,0.1646539270877838,170,0.39120903611183167
4000,260397,157.83534240722656,1041692,6116,-94693.11666667,128.97,2239.638427734375,0.0003,0.8877988457679749,170,0.3679097592830658
4004,260697,884.3007202148438,1042892,6123,-94712.51666667,146.64,1579.0048828125,0.0003,0.9326636791229248,170,0.35914915800094604
4008,261488,49.53622817993164,1046056,6141,-94885.91666666999,163.98,1046.7340087890625,0.0003,-0.2768787145614624,170,0.33468684554100037
4012,262488,63.669769287109375,1050056,6164,-93105.42916667,200.19,1198.3447265625,0.0003,0.17863377928733826,170,0.32875752449035645
4016,263436,276.30804443359375,1053848,6186,-90357.65416666999,236.02,1073.29248046875,0.0003,-0.2790452241897583,170,0.32563844323158264
4020,263628,242.30316162109375,1054616,6190,-88600.85416666999,260.32,994.2313232421875,0.0003,0.8236097097396851,170,0.3286168873310089
4024,263906,89.02851104736328,1055728,6197,-88686.85416666999,271.44,1317.937255859375,0.0003,-0.31335145235061646,170,0.33026131987571716
4028,264149,48.481597900390625,1056700,6202,-88934.82916667,276.02,1073.956298828125,0.0003,-0.8472219705581665,170,0.3294898569583893
4032,264841,108.29436492919922,1059468,6218,-89095.62916667,292.1,1684.43994140625,0.0003,-0.8416402339935303,170,0.3324783742427826
4036,265428,91.16957092285156,1061816,6232,-88530.00416667,314.89,1352.6341552734375,0.0003,0.4489131569862366,170,0.3297500014305115
4040,265818,498.01434326171875,1063376,6241,-89065.85416666999,337.62,1346.923828125,0.0003,0.4934983551502228,170,0.3215175271034241
4044,266275,321.61273193359375,1065204,6252,-89333.12916667,344.1,1693.2578125,0.0003,1.2283607721328735,170,0.325586199760437
4048,267275,138.3774871826172,1069204,6275,-86648.92916667,375.65,1868.487548828125,0.0003,0.7102764844894409,170,0.2927948534488678
4052,268275,631.8916625976562,1073204,6298,-83128.70416667,413.22,974.0755615234375,0.0003,0.5260313749313354,170,0.27149856090545654
4056,269275,66.852783203125,1077204,6321,-79811.87916667,450.02,1357.357666015625,0.0003,-0.9239806532859802,170,0.2616163194179535
4060,270010,61.289573669433594,1080144,6338,-77514.2875,478.5,1036.1787109375,0.0003,1.9096922874450684,170,0.25879669189453125
4064,270564,242.96209716796875,1082360,6351,-75924.6375,498.09,1095.8043212890625,0.0003,-0.6845245957374573,170,0.25887957215309143
4068,270796,296.6242370605469,1083288,6356,-76247.4625,509.87,1299.328369140625,0.0003,-0.024939894676208496,170,0.2626577913761139
4072,271310,48.74631118774414,1085344,6368,-75399.3375,524.29,965.6441040039062,0.0003,-0.9837796688079834,170,0.26794037222862244
4076,271893,197.77088928222656,1087676,6381,-73839.4625,547.9,1452.6270751953125,0.0003,0.14058902859687805,170,0.2658805549144745
4080,272893,424.0870361328125,1091676,6404,-71144.8125,581.08,946.0249633789062,0.0003,0.2380037009716034,170,0.2564055323600769
4084,273021,238.21109008789062,1092188,6408,-70661.8125,590.82,946.4248046875,0.0003,-0.6637893915176392,170,0.25635525584220886
4088,274021,371.1488952636719,1096188,6431,-68198.9875,623.48,1184.6260986328125,0.0003,0.009301215410232544,170,0.23918168246746063
4092,274949,38.593170166015625,1099900,6452,-68529.4625,624.2,983.5153198242188,0.0003,0.1840394139289856,170,0.2445790320634842
4096,275207,237.4545135498047,1100932,6458,-68064.0125,621.34,1031.2833251953125,0.0003,-0.3089863657951355,170,0.24044488370418549
4100,276048,210.72398376464844,1104296,6478,-66928.4875,618.4,1034.97705078125,0.0003,-0.6336004734039307,170,0.23067332804203033
4104,276290,291.6255187988281,1105264,6483,-65109.6875,620.77,1328.5140380859375,0.0003,-0.05056045949459076,170,0.22847440838813782
4108,276526,47.070980072021484,1106208,6489,-65009.5875,610.76,955.3897705078125,0.0003,-0.084146648645401,170,0.22557131946086884
4112,276827,280.2153015136719,1107412,6496,-65584.6,591.35,1259.955078125,0.0003,0.4617935121059418,170,0.22439078986644745
4116,277701,75.50838470458984,1110908,6516,-68468.275,569.11,1132.5540771484375,0.0003,0.9585214853286743,170,0.2185465544462204
4120,278183,52.849945068359375,1112836,6527,-67541.775,576.45,1038.962890625,0.0003,-1.7664642333984375,170,0.21091170608997345
4124,279183,428.47039794921875,1116836,6551,-63940.65,603.68,1004.79150390625,0.0003,-0.14459598064422607,170,0.19471465051174164
4128,280183,51.31542205810547,1120836,6574,-60278.65,637.44,991.9708862304688,0.0003,0.9971358180046082,170,0.19590945541858673
4132,280837,42.55860137939453,1123452,6589,-58372.05,646.76,929.39111328125,0.0003,-0.2040415108203888,170,0.20042280852794647
4136,281455,138.1006622314453,1125924,6603,-59067.85,640.7,1451.454345703125,0.0003,3.002417802810669,170,0.1983843892812729
4140,281879,114.42237854003906,1127620,6612,-57903.075,638.72,920.28173828125,0.0003,-0.25302234292030334,170,0.20918650925159454
4144,282323,265.2958068847656,1129396,6623,-56847.4,645.79,1146.8759765625,0.0003,1.3177192211151123,170,0.20515546202659607
4148,282925,43.48720169067383,1131804,6637,-58485.55,633.96,985.6107788085938,0.0003,-0.5836306810379028,170,0.19512821733951569
4152,283276,223.52195739746094,1133208,6645,-61248.35,610.27,942.7987670898438,0.0003,-0.17175078392028809,170,0.18771767616271973
4156,283801,70.96244812011719,1135308,6657,-64004.45,585.91,1133.44970703125,0.0003,0.6464125514030457,170,0.17779366672039032
4160,284305,469.0924987792969,1137324,6668,-64761.5,578.06,1175.83984375,0.0003,2.198584794998169,170,0.17967325448989868
4164,285028,60.8917121887207,1140216,6685,-65635.25,576.66,1048.04345703125,0.0003,0.6985902786254883,170,0.1726163923740387
4168,285318,86.63599395751953,1141376,6692,-65311.125,581.68,1441.4334716796875,0.0003,1.3012287616729736,170,0.1723371148109436
4172,285805,252.1100616455078,1143324,6703,-65130.225,580.25,971.3211059570312,0.0003,-0.030457019805908203,170,0.16925184428691864
4176,286101,244.0525665283203,1144508,6710,-66971.025,564.35,1083.735107421875,0.0003,-1.005818247795105,170,0.16845080256462097
4180,286340,22.26953125,1145464,6715,-69036.875,547.17,883.6409301757812,0.0003,-1.869497299194336,170,0.1688416451215744
4184,286884,52.08172607421875,1147640,6728,-70020.475,545.54,1266.470947265625,0.0003,2.930474042892456,170,0.16971974074840546
4188,287223,308.51593017578125,1148996,6736,-71834.275,526.94,1083.31494140625,0.0003,-1.1222270727157593,170,0.17487378418445587
4192,287539,65.44273376464844,1150260,6743,-72861.825,513.09,908.9901123046875,0.0003,-0.7628158330917358,170,0.1762191653251648
4196,287843,445.7117614746094,1151476,6750,-74635.2125,511.74,1001.13232421875,0.0003,-0.30928075313568115,170,0.17718905210494995
4200,288062,19.723356246948242,1152352,6755,-75596.7375,497.28,854.0300903320312,0.0003,-1.4448561668395996,170,0.17326611280441284
4204,288781,464.4720153808594,1155228,6772,-76564.8375,494.1,1414.7523193359375,0.0003,3.101801872253418,170,0.1674436330795288
4208,289509,46.87364959716797,1158140,6788,-74500.0,515.76,1085.5516357421875,0.0003,1.2026915550231934,170,0.17700402438640594
4212,289781,405.537841796875,1159228,6795,-74851.275,513.53,933.49609375,0.0003,-1.9106252193450928,170,0.17839059233665466
4216,290070,25.905982971191406,1160384,6801,-74781.575,506.56,918.678955078125,0.0003,-2.6920602321624756,170,0.17407011985778809
4220,290554,441.8464660644531,1162320,6813,-76632.175,491.64,1023.8984375,0.0003,0.015521854162216187,170,0.1778198480606079
4224,290867,229.5170135498047,1163572,6820,-80305.775,459.04,938.2653198242188,0.0003,-0.5515962839126587,170,0.17943406105041504
4228,291390,376.3252868652344,1165664,6832,-82109.0125,450.32,1061.105224609375,0.0003,-0.05988287925720215,170,0.18847166001796722
4232,291867,94.13025665283203,1167572,6843,-82931.7375,442.69,1047.70849609375,0.0003,-2.124145030975342,170,0.19117899239063263
4236,292683,291.7771301269531,1170836,6862,-83174.7375,442.64,1285.9267578125,0.0003,-0.2002076804637909,170,0.20180644094944
4240,293121,217.10427856445312,1172588,6872,-83102.5625,446.84,901.989501953125,0.0003,-0.038329124450683594,170,0.20936904847621918
4244,293551,102.71784973144531,1174308,6882,-83197.1375,443.65,1470.4132080078125,0.0003,-1.2718985080718994,170,0.1995435357093811
4248,294025,276.5898742675781,1176204,6893,-83275.6125,442.93,1350.937255859375,0.0003,1.1655306816101074,170,0.19616661965847015
4252,294221,176.48687744140625,1176988,6897,-84181.5625,444.42,2090.862548828125,0.0003,0.5891736745834351,170,0.193891242146492
4256,294678,238.7228546142578,1178816,6908,-85150.4625,441.32,988.9471435546875,0.0003,-0.6898754835128784,170,0.18948189914226532
4260,295545,80.07046508789062,1182284,6928,-86219.6375,442.33,1218.3426513671875,0.0003,0.19110605120658875,170,0.1898248791694641
4264,295786,76.08622741699219,1183248,6933,-86305.1875,439.67,1206.6195068359375,0.0003,0.4032343626022339,170,0.18661321699619293
4268,296372,51.1263313293457,1185592,6947,-85553.8375,440.25,1024.5325927734375,0.0003,0.21901720762252808,170,0.17801064252853394
4272,297366,17.907352447509766,1189568,6970,-84529.4375,449.63,889.2652587890625,0.0003,-1.1860865354537964,170,0.1762503981590271
4276,297666,31.62394142150879,1190768,6977,-82302.14583333,470.86,913.438232421875,0.0003,-0.8442904949188232,170,0.17311502993106842
4280,298090,26.407405853271484,1192464,6986,-83344.29583333,464.8,909.0305786132812,0.0003,0.43121767044067383,170,0.1676352471113205
4284,298929,26.477615356445312,1195820,7006,-81370.72083333001,481.39,914.243896484375,0.0003,1.5950686931610107,170,0.1599392592906952
4288,299510,47.673553466796875,1198144,7019,-82376.52083333001,481.98,1038.5120849609375,0.0003,-0.03392231464385986,170,0.1621144860982895
4292,299853,25.822898864746094,1199516,7027,-81536.32083333,497.95,912.3389892578125,0.0003,0.3216487169265747,170,0.15984250605106354
4296,300143,59.989593505859375,1200676,7034,-81626.73333333,485.7,1129.3369140625,0.0003,-0.20026327669620514,170,0.1577206403017044
4300,300607,98.58566284179688,1202532,7045,-80612.43333333,497.53,1510.227294921875,0.0003,0.483319491147995,170,0.15691834688186646
4304,300820,294.6767578125,1203384,7049,-81526.33333333001,488.93,1375.9683837890625,0.0003,2.133469343185425,170,0.15886375308036804
4308,301313,38.929893493652344,1205356,7061,-82573.88333333,475.54,1020.45654296875,0.0003,-0.8230369091033936,170,0.16164906322956085
4312,301638,287.1308288574219,1206656,7068,-83491.13333333,477.8,1092.84814453125,0.0003,-0.43736720085144043,170,0.16276369988918304
4316,301924,264.6482238769531,1207800,7075,-83521.33333333001,480.82,1037.6754150390625,0.0003,-0.3149351477622986,170,0.16032518446445465
4320,302200,242.44351196289062,1208904,7081,-84403.43333333,469.04,1247.6402587890625,0.0003,-0.061618074774742126,170,0.16004429757595062
4324,302487,508.540283203125,1210052,7088,-84438.73333333,472.57,1301.4605712890625,0.0003,0.14833512902259827,170,0.15681201219558716
4328,302656,48.5081672668457,1210728,7092,-86298.49583333,447.63,1029.918212890625,0.0003,-0.8444359302520752,170,0.15572847425937653
4332,302924,19.254547119140625,1211800,7098,-86273.50833333,445.84,903.866943359375,0.0003,-0.4108541011810303,170,0.15570105612277985
4336,303308,405.720947265625,1213336,7107,-86161.10833333,434.6,899.0523071289062,0.0003,-0.4327877163887024,170,0.15470455586910248
4340,303468,27.505674362182617,1213976,7111,-87206.82083333,424.49,902.532958984375,0.0003,-0.4636361300945282,170,0.1543886363506317
4344,303767,215.77984619140625,1215172,7117,-88117.02083333001,415.52,906.709228515625,0.0003,-0.3282468616962433,170,0.15224142372608185
4348,304228,64.72802734375,1217016,7128,-89147.39583333001,402.8,962.707275390625,0.0003,2.005621910095215,170,0.15302889049053192
4352,304487,213.18312072753906,1218052,7134,-89270.34583333001,404.21,874.4486694335938,0.0003,-1.8562395572662354,170,0.15359820425510406
4356,304974,219.02182006835938,1220000,7145,-89284.04583333,405.58,938.5551147460938,0.0003,0.3477485775947571,170,0.15283961594104767
4360,305487,29.291135787963867,1222052,7157,-88381.32083333,404.78,930.7235717773438,0.0003,0.5654547214508057,170,0.15763653814792633
4364,305766,20.058338165283203,1223168,7164,-89297.22083333001,396.38,901.2962646484375,0.0003,-0.4091160297393799,170,0.1657993346452713
4368,306412,131.42709350585938,1225752,7179,-89416.09583333001,395.11,1147.1383056640625,0.0003,-0.8749185800552368,170,0.16653601825237274
4372,306613,298.4744567871094,1226556,7183,-91763.09583333001,390.98,1311.98779296875,0.0003,1.869692087173462,170,0.16205599904060364
4376,306800,24.269678115844727,1227304,7188,-93922.2875,362.94,887.2059326171875,0.0003,-0.3085020184516907,170,0.15885794162750244
4380,307135,381.1182861328125,1228644,7195,-93819.4875,352.66,932.87353515625,0.0003,0.5226792097091675,170,0.15439532697200775
4384,307469,19.959558486938477,1229980,7203,-94808.4625,337.6,919.6109008789062,0.0003,2.0804152488708496,170,0.15324287116527557
4388,307605,208.8307342529297,1230524,7207,-93732.0625,329.95,944.53125,0.0003,-1.0530897378921509,170,0.15495271980762482
4392,307693,27.877403259277344,1230876,7209,-94596.2625,316.38,874.3224487304688,0.0003,-1.2697683572769165,170,0.15552833676338196
4396,307781,12.913265228271484,1231228,7211,-94540.4625,310.8,884.702880859375,0.0003,-1.671463966369629,170,0.1550706923007965
4400,307849,31.946882247924805,1231500,7213,-95512.2625,294.72,943.950927734375,0.0003,-1.1120260953903198,170,0.15438541769981384
4404,307964,17.261241912841797,1231960,7215,-95440.5625,287.55,910.6856689453125,0.0003,-1.6193780899047852,170,0.15290506184101105
4408,308183,52.03820037841797,1232836,7221,-96435.85,277.08,1035.6893310546875,0.0003,1.334238886833191,170,0.15047916769981384
4412,308334,612.1144409179688,1233440,7224,-96444.7,267.44,983.5331420898438,0.0003,1.6682884693145752,170,0.15067848563194275
4416,308391,180.35696411132812,1233668,7225,-96392.5,262.22,1178.376220703125,0.0003,1.4252562522888184,170,0.15157578885555267
4420,308518,22.791561126708984,1234176,7228,-96354.7,258.44,946.799072265625,0.0003,-0.7170050144195557,170,0.1525392383337021
4424,308612,407.9898986816406,1234552,7231,-96293.6,252.33,902.9620361328125,0.0003,-0.23257139325141907,170,0.15211229026317596
4428,308743,21.334197998046875,1235076,7234,-96271.6,250.13,909.1200561523438,0.0003,-0.24889421463012695,170,0.1526782512664795
4432,308854,60.80422592163086,1235520,7236,-97237.1625,235.9,1095.142822265625,0.0003,2.2525463104248047,170,0.15255777537822723
4436,308957,39.01043701171875,1235932,7239,-97186.1625,230.8,911.1968994140625,0.0003,-0.5962954759597778,170,0.15150780975818634
4440,309039,28.184375762939453,1236260,7240,-97205.4,221.49,906.5469360351562,0.0003,-0.5100604295730591,170,0.15014506876468658
4444,309203,438.5128479003906,1236916,7244,-97142.1,215.16,1012.4877319335938,0.0003,-1.2181284427642822,170,0.1481771320104599
4448,309429,425.8747863769531,1237820,7249,-97124.3,213.38,942.6878662109375,0.0003,0.9653232097625732,170,0.14814288914203644
4452,309647,320.8525085449219,1238692,7254,-96074.0,208.34,1505.04248046875,0.0003,0.32274746894836426,170,0.14663535356521606
4456,309863,21.975692749023438,1239556,7259,-96012.9,202.23,914.5848388671875,0.0003,-1.5373947620391846,170,0.14528176188468933
4460,310204,14.76366901397705,1240920,7267,-97887.3,189.69,880.53125,0.0003,-1.506758689880371,170,0.14527477324008942
4464,310351,16.491899490356445,1241508,7271,-97887.9,189.75,905.8495483398438,0.0003,-0.5650085210800171,170,0.14716356992721558
4468,310449,26.70500373840332,1241900,7273,-98748.4,175.81,945.65234375,0.0003,0.15088620781898499,170,0.1451335847377777
4472,310519,43.6357421875,1242180,7275,-98557.0,156.67,906.9441528320312,0.0003,0.8802800178527832,170,0.14487530291080475
4476,310696,18.28180694580078,1242888,7279,-98552.6,156.23,939.7074584960938,0.0003,-0.2888174057006836,170,0.1475941389799118
4480,311152,21.23645782470703,1244712,7289,-98655.8,166.55,923.1239013671875,0.0003,1.5824894905090332,170,0.14327311515808105
4484,311500,17.5515079498291,1246104,7297,-99743.2,175.3,888.964599609375,0.0003,-0.8291285634040833,170,0.14315009117126465
4488,311898,62.84375762939453,1247696,7306,-100703.6,171.35,1137.158203125,0.0003,0.4511148929595947,170,0.14326487481594086
4492,312483,228.25071716308594,1250036,7320,-99813.0,182.28,933.5091552734375,0.0003,1.749565601348877,170,0.14340204000473022
4496,313483,16.75245475769043,1254036,7343,-97180.7,219.02,917.4705810546875,0.0003,-1.2217087745666504,170,0.1360144168138504
4500,313898,275.53472900390625,1255696,7352,-96407.3,241.67,1140.986328125,0.0003,-0.882636547088623,170,0.1366100311279297
4504,314540,34.10020065307617,1258264,7367,-96557.9,256.73,950.180419921875,0.0003,-0.9925233125686646,170,0.1445825695991516
4508,315540,478.9265441894531,1262264,7390,-93864.8,287.39,1086.7784423828125,0.0003,0.2863461375236511,170,0.13858045637607574
4512,316136,17.577531814575195,1264648,7404,-92060.1,306.9,912.7420654296875,0.0003,-1.8197420835494995,170,0.13914911448955536
4516,316909,22.854623794555664,1267740,7422,-90264.0,327.27,941.6223754882812,0.0003,-1.6440134048461914,170,0.1345456838607788
4520,317536,21.03466033935547,1270248,7436,-87596.2,360.46,944.5887451171875,0.0003,0.29485273361206055,170,0.13366615772247314
4524,318173,207.91510009765625,1272796,7451,-87779.1,378.75,895.716552734375,0.0003,-1.1749922037124634,170,0.1370658576488495
4528,318958,222.0902099609375,1275936,7469,-87951.0,395.94,963.388427734375,0.0003,-0.07642194628715515,170,0.12830568850040436
4532,319465,43.3759765625,1277964,7481,-87182.6,419.09,1001.7822265625,0.0003,-0.4245220124721527,170,0.12490755319595337
4536,320114,168.2759552001953,1280560,7496,-86415.8,442.4,1014.9732055664062,0.0003,1.215165138244629,170,0.12668320536613464
4540,320371,250.2982940673828,1281588,7502,-86476.1,448.43,1121.696533203125,0.0003,-1.050026297569275,170,0.12568438053131104
4544,320687,211.9444122314453,1282852,7510,-86604.2,461.24,924.54833984375,0.0003,-2.619227409362793,170,0.12954407930374146
4548,321002,220.68865966796875,1284112,7517,-86703.7,471.19,956.5350341796875,0.0003,-2.32187819480896,170,0.12907260656356812
4552,321375,334.79229736328125,1285604,7525,-87651.5,465.98,937.0028076171875,0.0003,-1.5083684921264648,170,0.12637022137641907
4556,321648,38.8917350769043,1286696,7532,-87680.1,468.84,996.78955078125,0.0003,-1.6303707361221313,170,0.1309567242860794
4560,321866,211.53916931152344,1287568,7537,-87704.9,471.32,946.687744140625,0.0003,0.2636472284793854,170,0.12914299964904785
4564,322090,408.5270690917969,1288464,7542,-87701.3,470.96,935.28955078125,0.0003,-0.9007450938224792,170,0.12575183808803558
4568,322374,52.31191635131836,1289600,7549,-87736.7,474.5,1009.44091796875,0.0003,0.1494131088256836,170,0.119192935526371
4572,322671,97.09513854980469,1290788,7555,-87790.9,479.92,1397.86376953125,0.0003,-1.515514612197876,170,0.11757777631282806
4576,323178,430.4385070800781,1292816,7567,-87932.4,494.07,1082.209228515625,0.0003,-0.1562475562095642,170,0.11486227065324783
4580,323509,337.4789123535156,1294140,7575,-86952.7,496.09,1065.3916015625,0.0003,1.5724430084228516,170,0.11351149529218674
4584,323948,245.14840698242188,1295896,7585,-86836.6,484.48,1124.5909423828125,0.0003,-1.7313419580459595,170,0.11170465499162674
4588,324251,401.1748352050781,1297108,7592,-84988.6,499.66,930.3506469726562,0.0003,-0.8153985738754272,170,0.10999024659395218
4592,324537,43.151344299316406,1298252,7598,-85870.0,487.81,941.02734375,0.0003,-0.7095409631729126,170,0.10704894363880157
4596,324828,17.92959213256836,1299416,7605,-88546.0,455.44,928.6571655273438,0.0003,0.08212912082672119,170,0.10533571243286133
4600,325094,206.9088134765625,1300480,7611,-89441.6,445.01,884.7811279296875,0.0003,-2.435856342315674,170,0.1037832722067833
4604,325384,402.1238708496094,1301640,7618,-89342.5,435.1,1076.0020751953125,0.0003,-0.7643349766731262,170,0.1031634658575058
4608,325744,13.88184928894043,1303080,7626,-91122.8,413.15,919.953125,0.0003,1.1552422046661377,170,0.1014823243021965
4612,326112,394.5420227050781,1304552,7635,-91997.5,400.63,961.40087890625,0.0003,0.6416847705841064,170,0.10389935970306396
4616,326333,226.06021118164062,1305436,7640,-93864.7,387.37,912.9647216796875,0.0003,-0.21627065539360046,170,0.10576198250055313
4620,326617,592.0496215820312,1306572,7646,-96582.5,359.18,996.7173461914062,0.0003,-0.8158037662506104,170,0.10603934526443481
4624,327137,209.12295532226562,1308652,7659,-95526.3,353.55,925.0467529296875,0.0003,-0.07713621854782104,170,0.10662993788719177
4628,327430,41.39740753173828,1309824,7665,-95483.3,349.25,1065.1390380859375,0.0003,0.2238542139530182,170,0.10631929337978363
4632,327708,38.50607681274414,1310936,7672,-96329.8,333.91,959.7205810546875,0.0003,-0.4919566810131073,170,0.1059940978884697
4636,328068,34.0432014465332,1312376,7680,-97174.6,318.4,1010.7086181640625,0.0003,1.5266376733779907,170,0.10930363088846207
4640,328597,174.2744140625,1314492,7692,-97217.7,322.71,946.1190795898438,0.0003,-2.639101028442383,170,0.11101607233285904
4644,328792,205.5425567626953,1315272,7697,-96264.5,327.38,912.0797119140625,0.0003,0.8433377742767334,170,0.10983379930257797
4648,329191,12.891542434692383,1316868,7706,-96221.0,323.03,890.216064453125,0.0003,-0.7737212777137756,170,0.1125832349061966
4652,329791,203.67074584960938,1319268,7720,-95312.5,332.17,918.9198608398438,0.0003,-2.6357388496398926,170,0.11795961111783981
4656,330205,32.99384307861328,1320924,7729,-95395.0,340.42,942.3712158203125,0.0003,1.7762291431427002,170,0.12166919559240341
4660,330473,37.191261291503906,1321996,7736,-94306.0,344.96,973.31640625,0.0003,1.2473888397216797,170,0.11904298514127731
4664,331439,56.22581100463867,1325860,7758,-92523.4,366.68,1054.2957763671875,0.0003,2.7334017753601074,170,0.11874469369649887
4668,331850,400.2755126953125,1327504,7767,-92640.9,378.43,957.8955078125,0.0003,0.4185142517089844,170,0.11806543171405792
4672,332850,600.0686645507812,1331504,7790,-88948.5,409.15,970.1436767578125,0.0003,0.9014767408370972,170,0.12082815915346146
4676,333821,13.354726791381836,1335388,7813,-86137.0,427.97,937.7149658203125,0.0003,-1.3936707973480225,170,0.12819792330265045
4680,334821,222.10447692871094,1339388,7836,-84197.9,448.75,954.162353515625,0.0003,1.5707844495773315,170,0.1162298321723938
4684,335747,30.87091064453125,1343092,7857,-82435.2,472.46,977.71484375,0.0003,-0.6711265444755554,170,0.11664191633462906
4688,336611,222.59481811523438,1346548,7877,-83521.1,481.06,971.1475830078125,0.0003,3.0267281532287598,170,0.12069065123796463
4692,336985,210.37060546875,1348044,7886,-82676.6,496.6,912.621826171875,0.0003,-0.05417439341545105,170,0.12243299186229706
4696,337775,235.02706909179688,1351204,7904,-81928.1,521.74,1004.1697387695312,0.0003,-0.9277825355529785,170,0.12141405791044235
4700,338645,210.85421752929688,1354684,7924,-80083.7,537.28,955.402099609375,0.0003,0.6990923881530762,170,0.11725784838199615
4704,339402,26.512285232543945,1357712,7941,-79251.2,554.02,945.0841064453125,0.0003,0.2693077325820923,170,0.12279264628887177
4708,340245,41.009647369384766,1361084,7961,-79318.425,572.22,1026.1484375,0.0003,0.42965012788772583,170,0.115695521235466
4712,341018,49.7327995300293,1364176,7979,-78417.825,582.15,1061.184326171875,0.0003,2.6586568355560303,170,0.10964144766330719
4716,341381,27.47104835510254,1365628,7987,-76597.025,600.05,944.2054443359375,0.0003,-1.3620426654815674,170,0.1076953262090683
4720,341825,231.6886444091797,1367404,7997,-76643.025,604.65,1015.1168212890625,0.0003,-0.0037385225296020508,170,0.10904552787542343
4724,342490,413.5423889160156,1370064,8013,-76762.525,616.6,972.3756713867188,0.0003,0.2704665958881378,170,0.1129985898733139
4728,342611,247.50120544433594,1370548,8015,-76637.725,604.12,1031.855712890625,0.0003,1.9805710315704346,170,0.11348452419042587
4732,343571,208.09088134765625,1374388,8038,-74801.025,620.43,915.98388671875,0.0003,0.8022794723510742,170,0.1218409314751625
4736,343793,397.90618896484375,1375276,8043,-72934.925,633.8,1424.3580322265625,0.0003,2.965758800506592,170,0.12259566783905029
4740,344567,38.250423431396484,1378372,8061,-72033.725,643.67,923.319580078125,0.0003,-0.10519495606422424,170,0.12535569071769714
4744,344774,214.88621520996094,1379200,8066,-72019.225,642.22,955.60888671875,0.0003,2.0591044425964355,170,0.12361429631710052
4748,345025,222.1432647705078,1380204,8072,-71973.625,637.66,977.6402587890625,0.0003,1.6594010591506958,170,0.12557262182235718
4752,345172,228.02761840820312,1380792,8075,-72860.025,626.31,951.7705688476562,0.0003,2.853011131286621,170,0.1270979642868042
4756,345318,423.51507568359375,1381376,8078,-72709.225,611.23,992.2613525390625,0.0003,-1.3636170625686646,170,0.12580528855323792
4760,345508,255.50723266601562,1382136,8083,-73692.925,596.16,1055.3397216796875,0.0003,1.7206625938415527,170,0.1262347549200058
4764,345606,217.761474609375,1382528,8085,-75473.725,574.26,935.580078125,0.0003,0.0659070611000061,170,0.1285146325826645
4768,345767,412.13336181640625,1383172,8089,-75322.125,559.1,934.3222045898438,0.0003,-0.458204448223114,170,0.12938866019248962
4772,346002,57.6541862487793,1384112,8094,-78981.725,525.1,955.490478515625,0.0003,-0.5977068543434143,170,0.12930896878242493
4776,346085,30.662256240844727,1384444,8096,-81660.425,493.0,933.9298095703125,0.0003,-0.5406081080436707,170,0.12896864116191864
4780,346129,16.968040466308594,1384620,8097,-84477.525,460.03,932.095947265625,0.0003,1.996395230293274,170,0.12972983717918396
4784,346197,19.10518455505371,1384892,8099,-86150.825,427.38,887.1412353515625,0.0003,0.734192430973053,170,0.13173380494117737
4788,346239,18.788095474243164,1385060,8100,-86849.725,397.28,919.004150390625,0.0003,-0.47956418991088867,170,0.13212281465530396
4792,346307,63.42134475708008,1385332,8101,-87604.125,372.73,1196.78857421875,0.0003,1.6880207061767578,170,0.13282421231269836
4796,346352,21.703723907470703,1385512,8102,-88302.325,342.56,918.5948486328125,0.0003,0.6203646063804626,170,0.1331794112920761
4800,346402,214.15037536621094,1385712,8104,-90017.525,314.1,959.626708984375,0.0003,-0.17009824514389038,170,0.1337328404188156
4804,346436,28.00855827331543,1385848,8104,-90856.525,298.01,949.0933837890625,0.0003,0.7430347800254822,170,0.13410836458206177
4808,346475,18.705150604248047,1386004,8105,-91647.2,265.61,954.3460693359375,0.0003,-1.5806341171264648,170,0.1340595781803131
4812,346518,24.403522491455078,1386176,8106,-93406.3,241.54,940.021484375,0.0003,-0.08832420408725739,170,0.13401052355766296
4816,346558,418.14501953125,1386336,8107,-95112.0,212.13,948.326171875,0.0003,2.7300734519958496,170,0.13575534522533417
4820,346593,299.1694641113281,1386476,8108,-95000.2,200.95,1099.28564453125,0.0003,2.2354519367218018,170,0.13620056211948395
4824,346628,24.720792770385742,1386616,8109,-95720.7,173.01,920.4027099609375,0.0003,-0.9285552501678467,170,0.1363491714000702
4828,346666,417.778564453125,1386768,8110,-95690.2,169.96,952.199951171875,0.0003,1.1607820987701416,170,0.13600276410579681
4832,346709,53.034175872802734,1386940,8111,-97431.3,144.09,1027.77197265625,0.0003,0.8504068851470947,170,0.1354186236858368
4836,346747,32.38623809814453,1387092,8112,-99208.2,121.8,965.148193359375,0.0003,0.41772496700286865,170,0.13561809062957764
4840,346789,213.04318237304688,1387260,8113,-99996.1,100.6,937.099609375,0.0003,0.5133054256439209,170,0.1356145739555359
4844,346831,417.0510559082031,1387428,8114,-100820.7,83.07,953.1551513671875,0.0003,0.7529517412185669,170,0.13574528694152832
4848,346875,205.26324462890625,1387604,8115,-100761.6,77.16,914.7677612304688,0.0003,-0.7640570402145386,170,0.13610689342021942
4852,346938,29.72944450378418,1387856,8116,-100713.3,72.33,988.22119140625,0.0003,2.2204840183258057,170,0.1365053653717041
4856,347007,300.8395690917969,1388132,8118,-100695.3,70.53,1204.635009765625,0.0003,0.7891796827316284,170,0.13672202825546265
4860,347084,564.0617065429688,1388440,8120,-100674.8,68.48,1007.3820190429688,0.0003,1.2515358924865723,170,0.1391051560640335
4864,347151,70.07282257080078,1388708,8121,-100615.5,62.55,1104.3599853515625,0.0003,-0.3522597849369049,170,0.14007468521595
4868,347221,240.79177856445312,1388988,8123,-100598.2,60.82,963.522216796875,0.0003,-0.9025182723999023,170,0.14019441604614258
4872,347352,26.380268096923828,1389512,8126,-100572.1,58.21,938.260009765625,0.0003,2.1849570274353027,170,0.1397039294242859
4876,347605,177.92047119140625,1390524,8132,-100592.1,60.21,994.1165161132812,0.0003,-0.10789108276367188,170,0.14265674352645874
4880,347690,236.982666015625,1390864,8134,-100605.5,61.55,915.1961059570312,0.0003,1.3736212253570557,170,0.1436547487974167
4884,347762,419.7906494140625,1391152,8135,-100619.0,62.9,1009.0755615234375,0.0003,-1.0929906368255615,170,0.1445050686597824
4888,348006,237.77291870117188,1392128,8141,-100696.4,70.64,985.2286987304688,0.0003,-0.6255069375038147,170,0.14587615430355072
4892,348285,14.734715461730957,1393244,8147,-100805.8,81.58,901.66357421875,0.0003,-1.852584719657898,170,0.1426638513803482
4896,348404,45.17131423950195,1393720,8150,-100868.3,87.83,954.3642578125,0.0003,0.04798632860183716,170,0.1414055973291397
4900,348522,227.50372314453125,1394192,8153,-100899.9,90.99,952.2886962890625,0.0003,1.6571853160858154,170,0.14036549627780914
4904,348611,236.41375732421875,1394548,8155,-100857.5,86.75,903.127685546875,0.0003,1.0827980041503906,170,0.1407621204853058
4908,348737,19.177215576171875,1395052,8158,-100886.0,89.6,933.2078857421875,0.0003,-2.2330188751220703,170,0.1408786028623581
4912,348854,213.0912322998047,1395520,8161,-100912.3,92.23,917.43896484375,0.0003,-1.480624794960022,170,0.1398889422416687
4916,348944,18.942880630493164,1395880,8163,-100935.6,94.56,909.9971923828125,0.0003,-1.9225668907165527,170,0.1383558213710785
4920,349061,409.95697021484375,1396348,8166,-100958.3,96.83,947.9930419921875,0.0003,-0.526779055595398,170,0.13633942604064941
4924,349140,23.725452423095703,1396664,8167,-100985.6,99.56,940.0302734375,0.0003,-1.060596227645874,170,0.13625095784664154
4928,349221,53.64480209350586,1396988,8169,-101007.3,101.73,1028.316650390625,0.0003,1.72141432762146,170,0.13505862653255463
4932,349325,47.62340545654297,1397404,8172,-101028.3,103.83,972.8258056640625,0.0003,0.6456567049026489,170,0.13380950689315796
4936,349389,604.2373046875,1397660,8173,-101042.5,105.25,966.9744873046875,0.0003,-0.897093653678894,170,0.1328330785036087
4940,349455,195.65902709960938,1397924,8175,-101052.4,106.24,911.1015625,0.0003,-0.9496527910232544,170,0.13148951530456543
4944,349519,46.265342712402344,1398180,8176,-101060.2,107.02,936.136474609375,0.0003,0.5727542638778687,170,0.13077674806118011
4948,349595,46.263065338134766,1398484,8178,-101068.0,107.8,1046.7117919921875,0.0003,0.17019125819206238,170,0.13049419224262238
4952,349703,29.92991828918457,1398916,8180,-101084.4,109.44,917.6016845703125,0.0003,-0.6983888149261475,170,0.13091915845870972
4956,349774,32.759796142578125,1399200,8182,-101108.5,111.85,958.8534545898438,0.0003,0.21842998266220093,170,0.13044427335262299
4960,349881,212.27835083007812,1399628,8185,-101111.6,112.16,914.586669921875,0.0003,-2.2031683921813965,170,0.13063442707061768
4964,349952,22.192874908447266,1399912,8186,-101099.9,110.99,938.9955444335938,0.0003,1.3672170639038086,170,0.12972450256347656
4968,350047,196.61509704589844,1400292,8188,-101108.7,111.87,1177.364501953125,0.0003,0.3088962733745575,170,0.12996576726436615
4972,350106,23.834741592407227,1400528,8190,-101110.1,112.01,926.150634765625,0.0003,-0.12602952122688293,170,0.12935513257980347
4976,350169,21.759002685546875,1400780,8191,-101078.6,108.86,915.2285766601562,0.0003,0.29209256172180176,170,0.12834732234477997
4980,350242,22.242639541625977,1401072,8193,-101056.3,106.63,934.6190185546875,0.0003,-0.47633764147758484,170,0.1272551268339157
4984,350304,15.420700073242188,1401320,8194,-101053.9,106.39,914.2174072265625,0.0003,-1.4721375703811646,170,0.12623582780361176
4988,350384,208.02218627929688,1401640,8196,-100992.0,100.2,927.515869140625,0.0003,0.32902342081069946,170,0.12763768434524536
4992,350471,332.5535583496094,1401988,8198,-100901.9,91.19,1046.254638671875,0.0003,0.6479510068893433,170,0.12716206908226013
4996,350539,46.68643569946289,1402260,8200,-100847.0,85.7,1034.849853515625,0.0003,0.7030948996543884,170,0.12690742313861847
5000,350613,43.731285095214844,1402556,8202,-100833.0,84.3,999.0819702148438,0.0003,-2.1436753273010254,170,0.1265045553445816
5004,350690,158.8544464111328,1402864,8203,-100822.4,83.24,959.829345703125,0.0003,-0.5428687930107117,170,0.12523697316646576
5008,350761,21.269107818603516,1403148,8205,-100806.7,81.67,943.9069213867188,0.0003,-0.6242178678512573,170,0.1253991276025772
5012,350840,591.1536865234375,1403464,8207,-100795.2,80.52,959.8516845703125,0.0003,-0.3103365898132324,170,0.12461604923009872
5016,350929,18.404865264892578,1403820,8209,-100790.8,80.08,912.9912109375,0.0003,-1.4718314409255981,170,0.1236669197678566
5020,351026,25.068538665771484,1404208,8211,-100786.2,79.62,952.554931640625,0.0003,-0.6006080508232117,170,0.12211494892835617
5024,351098,33.44850158691406,1404496,8213,-100778.3,78.83,959.665283203125,0.0003,0.9125558137893677,170,0.12093640118837357
5028,351170,207.8170623779297,1404784,8215,-100771.5,78.15,921.305908203125,0.0003,-1.5869990587234497,170,0.11987217515707016
5032,351241,15.982330322265625,1405068,8216,-100764.5,77.45,926.3380126953125,0.0003,-1.249616026878357,170,0.11994845420122147
5036,351325,41.15819549560547,1405404,8218,-100765.4,77.54,951.8984985351562,0.0003,-0.05593925714492798,170,0.11873594671487808
5040,351401,17.342914581298828,1405708,8220,-100769.5,77.95,947.4498291015625,0.0003,-0.20911884307861328,170,0.11794836074113846
5044,351480,210.49266052246094,1406024,8222,-100772.1,78.21,911.4503173828125,0.0003,0.0026731789112091064,170,0.11772557348012924
5048,351559,33.524593353271484,1406340,8224,-100782.6,79.26,957.7330932617188,0.0003,1.4340837001800537,170,0.11788260191679001
5052,351651,17.873329162597656,1406708,8226,-100779.5,78.95,910.0794677734375,0.0003,0.363677978515625,170,0.11791753768920898
5056,351737,209.91116333007812,1407052,8228,-100770.7,78.07,924.0956420898438,0.0003,0.6415140628814697,170,0.11748012155294418
5060,351820,208.72280883789062,1407384,8230,-100772.4,78.24,916.6900024414062,0.0003,-0.9673192501068115,170,0.11767491698265076
5064,351905,569.8460083007812,1407724,8232,-100776.6,78.66,927.2430419921875,0.0003,0.13592121005058289,171,0.11807043105363846
5068,351974,26.605493545532227,1408000,8233,-100775.2,78.52,963.3382568359375,0.0003,1.7722088098526,171,0.11801637709140778
5072,352063,46.66765594482422,1408356,8235,-100771.3,78.13,922.4534912109375,0.0003,0.6371638774871826,171,0.11853042989969254
5076,352145,403.430419921875,1408684,8237,-100777.0,78.7,924.873291015625,0.0003,-1.1840115785598755,171,0.1186680793762207
5080,352217,33.696197509765625,1408972,8239,-100781.2,79.12,976.3245239257812,0.0003,0.43195319175720215,171,0.11840333044528961
5084,352288,208.8925323486328,1409256,8241,-100784.9,79.49,912.0015869140625,0.0003,-0.9409054517745972,171,0.118948794901371
5088,352386,172.3197784423828,1409648,8243,-100788.8,79.88,1009.8466186523438,0.0003,0.8409410715103149,171,0.11875664442777634
5092,352525,44.89348220825195,1410204,8246,-100790.8,80.08,1000.796142578125,0.0003,0.2602875828742981,171,0.11852382123470306
5096,352639,69.3066177368164,1410660,8249,-100817.4,82.74,1013.8391723632812,0.0003,2.671907663345337,171,0.11834783852100372
5100,352720,21.600814819335938,1410984,8251,-100819.5,82.95,918.0494384765625,0.0003,1.5388274192810059,171,0.11871358007192612
5104,352859,15.19681453704834,1411540,8254,-100820.6,83.06,917.808349609375,0.0003,-1.4966957569122314,171,0.11806725710630417
5108,352945,15.116637229919434,1411884,8256,-100858.4,86.84,912.9121704101562,0.0003,-1.6087652444839478,171,0.11782960593700409
5112,353063,437.1641540527344,1412356,8259,-100862.2,87.22,993.6463623046875,0.0003,0.115439772605896,171,0.11780384927988052
5116,353264,227.09268188476562,1413160,8263,-100878.2,88.82,928.9464111328125,0.0003,-0.9510838985443115,171,0.11724711209535599
5120,353354,14.342416763305664,1413520,8266,-100830.35,94.11,929.7201538085938,0.0003,-0.22339847683906555,171,0.11706706136465073
5124,353476,31.221040725708008,1414008,8268,-100833.55,94.43,923.697265625,0.0003,4.852869033813477,171,0.11835812032222748
5128,353679,207.82901000976562,1414820,8273,-100850.45,96.12,929.94775390625,0.0003,-1.1788076162338257,171,0.11904981732368469
5132,353785,21.000303268432617,1415244,8276,-100877.25,98.8,920.96142578125,0.0003,-0.18851596117019653,171,0.12081372737884521
5136,353984,14.909470558166504,1416040,8280,-100921.95,103.27,927.195556640625,0.0003,-0.6429835557937622,171,0.12410588562488556
5140,354137,56.61101531982422,1416652,8284,-100963.15,107.39,1045.357666015625,0.0003,-0.18950828909873962,171,0.12482640892267227
5144,354271,56.441795349121094,1417188,8287,-101011.25,112.2,1074.513427734375,0.0003,-0.8718348741531372,171,0.12298458814620972
5148,354393,49.03290939331055,1417676,8290,-101019.55,113.03,1062.30419921875,0.0003,0.23480108380317688,171,0.1218755692243576
5152,354545,225.4654083251953,1418284,8293,-101028.65,113.94,952.5128784179688,0.0003,3.956728458404541,171,0.1252075731754303
5156,354764,321.4393005371094,1419160,8298,-101076.85,118.76,1076.734619140625,0.0003,0.7838941812515259,171,0.12556882202625275
5160,355007,208.1801300048828,1420132,8304,-101112.55,122.33,923.500732421875,0.0003,-0.06499919295310974,171,0.12438756972551346
5164,355243,214.35052490234375,1421076,8310,-101140.45,125.12,906.482421875,0.0003,-0.09725534915924072,171,0.1243017166852951
5168,355632,414.6512145996094,1422632,8319,-100303.75,141.44,948.1278076171875,0.0003,0.3912521004676819,171,0.1261865496635437
5172,355774,212.6002655029297,1423200,8322,-100366.25,147.69,908.61181640625,0.0003,0.9068354368209839,171,0.12645584344863892
5176,356291,41.68330764770508,1425268,8334,-100425.75,153.64,971.3765869140625,0.0003,0.36013031005859375,171,0.13254918158054352
5180,356608,14.897296905517578,1426536,8341,-100485.55,159.62,901.410400390625,0.0003,-0.237754225730896,171,0.1340368241071701
5184,356802,16.395689010620117,1427312,8346,-100672.75,178.34,922.8331298828125,0.0003,0.9199953079223633,171,0.13883642852306366
5188,356991,215.21649169921875,1428068,8350,-100707.05,181.77,987.947265625,0.0003,-1.2322825193405151,171,0.13834595680236816
5192,357451,400.4748840332031,1429908,8361,-100765.25,187.59,898.1386108398438,0.0003,-1.1650558710098267,171,0.13903619349002838
5196,357991,201.71376037597656,1432068,8373,-99854.85,209.13,884.5023193359375,0.0003,-1.0033037662506104,171,0.14457805454730988
5200,358451,17.08306312561035,1433908,8384,-98962.75,219.91,918.7769775390625,0.0003,-0.5668206810951233,171,0.14299747347831726
5204,359109,36.59616470336914,1436540,8399,-96238.55,247.46,955.2221069335938,0.0003,-0.995476245880127,171,0.1430807113647461
5208,359507,20.017961502075195,1438132,8408,-95320.75,255.67,865.2212524414062,0.0003,1.5447742938995361,171,0.14231015741825104
5212,360304,26.696731567382812,1441320,8427,-93565.85,280.16,939.482177734375,0.0003,0.33970803022384644,171,0.14375697076320648
5216,360655,36.24292755126953,1442724,8435,-92686.95,292.26,901.6259155273438,0.0003,-0.380476176738739,171,0.1467592716217041
5220,360778,209.1682891845703,1443216,8438,-92804.8,293.97,911.789794921875,0.0003,0.2896106243133545,171,0.14761482179164886
5224,361339,22.292871475219727,1445460,8451,-92847.1,298.2,892.83349609375,0.0003,-0.2805141806602478,171,0.1567206233739853
5228,361666,36.043731689453125,1446768,8458,-91933.1,306.79,883.232666015625,0.0003,-0.7230472564697266,171,0.1580401062965393
5232,361895,213.52207946777344,1447684,8464,-91089.5,322.42,878.107666015625,0.0003,-0.1957535743713379,171,0.16632555425167084
5236,362154,22.014772415161133,1448720,8470,-91096.3,323.1,926.9274291992188,0.0003,0.9524450302124023,171,0.17011868953704834
5240,362354,229.85845947265625,1449520,8474,-91070.0,320.47,909.9275512695312,0.0003,1.3882447481155396,171,0.17371410131454468
5244,362827,14.493315696716309,1451412,8485,-90233.8,336.84,882.306396484375,0.0003,-0.581350564956665,171,0.1720523089170456
5248,363650,38.341705322265625,1454704,8504,-89378.6,362.18,924.0570068359375,0.0003,0.1566123217344284,171,0.18502111732959747
5252,364345,18.133874893188477,1457484,8521,-88526.5625,387.15,847.923583984375,0.0003,-0.15201391279697418,171,0.1899905949831009
5256,364767,15.780793190002441,1459172,8530,-88638.1625,398.31,870.0750732421875,0.0003,-1.356439471244812,171,0.18878191709518433
5260,365575,54.588165283203125,1462404,8549,-88780.9625,412.59,1017.4602661132812,0.0003,1.3703566789627075,171,0.18326100707054138
5264,366318,209.1522674560547,1465376,8566,-88015.7625,436.06,852.6636962890625,0.0003,-1.5045372247695923,171,0.17646124958992004
5268,366630,23.067537307739258,1466624,8574,-89054.2625,439.92,872.0506591796875,0.0003,-0.17990529537200928,171,0.17555752396583557
5272,367225,20.830411911010742,1469004,8587,-89193.1625,453.81,847.0720825195312,0.0003,0.7976394891738892,171,0.17396236956119537
5276,367979,19.4921817779541,1472020,8605,-87434.3625,477.91,837.751953125,0.0003,-0.36921608448028564,171,0.16446709632873535
5280,368970,208.6973114013672,1475984,8628,-85730.6625,507.52,833.895751953125,0.0003,-0.7476670742034912,171,0.16587796807289124
5284,369732,18.454303741455078,1479032,8646,-85778.3625,512.29,829.4666137695312,0.0003,-2.149895429611206,171,0.16355547308921814
5288,370244,21.165794372558594,1481080,8658,-85938.9625,528.35,849.35986328125,0.0003,-0.06711718440055847,171,0.15984074771404266
5292,370754,19.682334899902344,1483120,8669,-86043.0625,538.76,842.0596923828125,0.0003,-0.2357269823551178,171,0.15846911072731018
5296,371353,16.23019027709961,1485516,8683,-87111.4625,533.02,828.3101806640625,0.0003,-1.1831300258636475,171,0.162801593542099
5300,372067,215.95375061035156,1488372,8700,-87274.0625,549.28,847.1732788085938,0.0003,-0.11170671135187149,171,0.1639695167541504
5304,373067,16.005094528198242,1492372,8723,-86366.5625,558.52,820.8367919921875,0.0003,-0.3471106290817261,171,0.17502209544181824
5308,374015,49.68025207519531,1496164,8745,-85514.1625,573.27,1038.805908203125,0.0003,-0.7586690187454224,171,0.17365573346614838
5312,375015,221.0805206298828,1500164,8768,-83634.6625,585.3,882.2286376953125,0.0003,0.08426564931869507,171,0.17046774923801422
5316,375928,18.698280334472656,1503816,8790,-81793.2625,601.14,880.6879272460938,0.0003,-0.38115137815475464,171,0.16752459108829498
5320,376082,40.681724548339844,1504432,8793,-79926.3625,614.43,876.7904663085938,0.0003,0.9243408441543579,171,0.1662493348121643
5324,376241,17.135282516479492,1505068,8797,-79908.9625,612.69,817.93994140625,0.0003,0.3124914765357971,171,0.16635219752788544
5328,377217,31.064517974853516,1508972,8820,-79987.9625,620.59,921.2003173828125,0.0003,0.648653507232666,171,0.16851836442947388
5332,377944,25.01506233215332,1511880,8837,-78084.5625,630.23,861.820556640625,0.0003,-0.6531364917755127,171,0.17001411318778992
5336,378538,15.939888000488281,1514256,8850,-75317.8625,653.53,806.442138671875,0.0003,-0.8134509325027466,171,0.1751878410577774
5340,379009,206.38143920898438,1516140,8861,-75444.3625,666.18,836.074951171875,0.0003,-0.7306968569755554,171,0.17029064893722534
5344,379242,222.94683837890625,1517072,8867,-76364.9625,658.25,863.5668334960938,0.0003,1.9823622703552246,171,0.1671401411294937
5348,379614,215.90283203125,1518560,8876,-77286.6625,639.56,842.3208618164062,0.0003,-0.4649401307106018,171,0.17102868854999542
5352,380421,126.4444580078125,1521788,8894,-78362.2,636.94,950.4531860351562,0.0003,-1.4064080715179443,171,0.17020605504512787
5356,381262,211.45993041992188,1525152,8914,-75484.2,649.11,873.5465087890625,0.0003,0.3305477499961853,171,0.1675833761692047
5360,382262,29.502756118774414,1529152,8937,-71673.2,667.97,867.7154541015625,0.0003,0.8202114105224609,171,0.16601155698299408
5364,383262,209.929443359375,1533152,8960,-68672.775,678.37,822.68603515625,0.0003,0.030854716897010803,171,0.16477583348751068
5368,384091,257.10906982421875,1536468,8980,-66781.875,689.26,1144.955078125,0.0003,1.882614016532898,171,0.17038610577583313
5372,385091,211.77020263671875,1540468,9003,-62949.475,705.98,803.3633422851562,0.0003,-0.7075347900390625,171,0.1667645275592804
5376,386017,214.16209411621094,1544172,9024,-63934.475,704.49,860.6024169921875,0.0003,0.5649494528770447,171,0.16565299034118652
5380,386306,213.44888305664062,1545328,9031,-64766.275,687.68,861.9425048828125,0.0003,0.6695330739021301,171,0.16524361073970795
5384,386667,51.174137115478516,1546772,9039,-63686.975,679.74,841.62060546875,0.0003,-0.6464150547981262,171,0.16595043241977692
5388,387472,264.4403991699219,1549992,9058,-61721.575,683.18,1222.429443359375,0.0003,0.966235876083374,171,0.1628776341676712
5392,387737,419.6925048828125,1551052,9064,-61642.575,675.28,879.6165161132812,0.0003,1.0416488647460938,171,0.16553018987178802
5396,388663,245.5235595703125,1554756,9086,-59776.075,688.61,933.9107666015625,0.0003,-0.054514080286026,171,0.1515141725540161
5400,389216,177.0557861328125,1556968,9099,-59729.375,683.94,880.5592651367188,0.0003,1.1294384002685547,171,0.14591950178146362
5404,389804,208.94566345214844,1559320,9112,-63353.625,667.41,815.0914306640625,0.0003,-1.0174283981323242,171,0.1414864957332611
5408,390287,400.5235290527344,1561252,9123,-65246.225,656.69,827.29931640625,0.0003,-2.1170926094055176,171,0.14565818011760712
5412,390713,196.26895141601562,1562956,9133,-68922.625,634.49,863.993408203125,0.0003,1.3455255031585693,171,0.14241787791252136
5416,391165,215.78587341308594,1564764,9144,-71488.675,614.87,832.0789794921875,0.0003,1.5379455089569092,171,0.14284881949424744
5420,391484,17.275226593017578,1566040,9151,-72304.675,610.54,845.4620971679688,0.0003,-0.23294660449028015,171,0.1406317502260208
5424,391623,50.02415466308594,1566596,9155,-72217.2,613.0,939.2510986328125,0.0003,1.8409790992736816,171,0.14263707399368286
5428,391773,14.154574394226074,1567196,9158,-73069.0,598.19,839.810791015625,0.0003,-0.4295499920845032,171,0.14279228448867798
5432,391940,16.90168571472168,1567864,9162,-75823.5,573.67,832.7760009765625,0.0003,-0.4855715036392212,171,0.1424325406551361
5436,392129,217.40713500976562,1568620,9166,-78550.3,546.38,856.8194580078125,0.0003,1.43219792842865,171,0.14345504343509674
5440,392380,239.47100830078125,1569624,9172,-78383.775,540.69,1002.5858154296875,0.0003,0.777032732963562,171,0.15425026416778564
5444,392890,21.52829933166504,1571664,9184,-78225.7625,535.23,858.0467529296875,0.0003,0.6239256262779236,171,0.15002764761447906
5448,393233,15.543558120727539,1573036,9192,-77805.42083332999,548.21,835.1312866210938,0.0003,-0.3543168902397156,171,0.14310693740844727
5452,393515,206.9545135498047,1574164,9198,-77666.92083333,534.36,836.272705078125,0.0003,-0.33946511149406433,171,0.13887768983840942
5456,393715,23.642648696899414,1574964,9203,-80412.82083333,508.98,875.1814575195312,0.0003,1.3548072576522827,171,0.1384659856557846
5460,393840,231.75897216796875,1575464,9206,-83974.57083333,476.5,863.5674438476562,0.0003,0.1382375955581665,171,0.13827326893806458
5464,394038,24.895984649658203,1576256,9210,-87750.19583333,443.63,887.7930297851562,0.0003,0.26915234327316284,171,0.13614428043365479
5468,394149,223.95968627929688,1576700,9213,-89458.49583333,414.48,895.5560913085938,0.0003,-0.5481743812561035,171,0.13586118817329407
5472,394782,219.06549072265625,1579232,9228,-92943.23333333,388.97,855.8690185546875,0.0003,-0.0022158026695251465,171,0.13323649764060974
5476,395102,208.8921356201172,1580512,9235,-93377.13333333,370.35,821.44091796875,0.0003,-0.8125496506690979,171,0.13201001286506653
5480,395429,210.91651916503906,1581820,9242,-93025.99583333,363.26,824.08544921875,0.0003,-0.08309736847877502,171,0.1370382159948349
5484,395602,208.89035034179688,1582512,9246,-93590.30833333,352.93,826.9242553710938,0.0003,-0.6238203048706055,171,0.13379713892936707
5488,395901,19.735010147094727,1583708,9253,-93981.84583333001,342.06,844.4271240234375,0.0003,-1.5100340843200684,171,0.13190150260925293
5492,396380,40.091793060302734,1585624,9264,-93521.93333333,349.01,915.5719604492188,0.0003,2.7216475009918213,171,0.13001702725887299
5496,396713,22.236120223999023,1586956,9272,-94827.95833333001,323.57,873.3016357421875,0.0003,0.7315406799316406,171,0.13373345136642456
5500,396964,26.163984298706055,1587960,9278,-95341.03333333001,311.94,881.7156982421875,0.0003,0.08204764127731323,171,0.13343733549118042
5504,397426,263.2583312988281,1589808,9288,-95385.98333333,307.18,915.7374267578125,0.0003,-0.31411460041999817,171,0.13318194448947906
5508,397756,426.260986328125,1591128,9296,-94985.58333333001,301.76,887.3111572265625,0.0003,-0.9181056022644043,171,0.12940451502799988
5512,398260,793.8423461914062,1593144,9308,-94908.28333333001,294.89,856.1484985351562,0.0003,-0.28993719816207886,171,0.12492699921131134
5516,398439,586.4298706054688,1593860,9312,-93972.80833333,294.99,871.5362548828125,0.0003,1.203574776649475,171,0.1262548267841339
5520,398651,63.872901916503906,1594708,9317,-94987.90833333001,282.45,1116.44482421875,0.0003,-0.02482527494430542,171,0.12663252651691437
5524,398921,46.816246032714844,1595788,9323,-93987.28333333001,288.52,1142.91162109375,0.0003,-0.15396374464035034,171,0.12749230861663818
5528,399207,19.028549194335938,1596932,9330,-94058.48333333,295.64,857.1222534179688,0.0003,-1.9593889713287354,171,0.12867780029773712
5532,399405,18.265302658081055,1597724,9334,-94093.28333333001,299.12,872.6399536132812,0.0003,-1.3452582359313965,171,0.125735804438591
5536,399764,212.3553924560547,1599160,9343,-94168.68333333,306.66,854.3277587890625,0.0003,-0.23655904829502106,171,0.1236172765493393
5540,399977,383.46673583984375,1600012,9347,-94275.30833333,306.36,861.37646484375,0.0003,-1.4405553340911865,171,0.124473936855793
5544,400287,22.015962600708008,1601252,9355,-94257.47083333001,304.91,885.2816162109375,0.0003,1.8087818622589111,171,0.12421005964279175
5548,400517,363.8233642578125,1602172,9360,-94658.2125,289.97,1037.2518310546875,0.0003,3.362478256225586,171,0.12793909013271332
5552,400801,36.098114013671875,1603308,9366,-94548.5875,291.67,877.2030639648438,0.0003,0.14399386942386627,171,0.13094060122966766
5556,400968,321.9552307128906,1603976,9370,-94550.7875,291.89,894.628662109375,0.0003,-0.05400639772415161,171,0.13430431485176086
5560,401307,599.1889038085938,1605332,9378,-94671.7375,292.68,862.7071533203125,0.0003,-0.31441253423690796,171,0.1371922492980957
5564,401860,19.170597076416016,1607544,9391,-94672.6375,292.77,852.7127685546875,0.0003,0.9648982286453247,171,0.13730955123901367
5568,402453,237.91766357421875,1609916,9405,-92808.8125,321.49,930.8438720703125,0.0003,1.399151086807251,171,0.14311225712299347
5572,402659,36.780487060546875,1610740,9409,-93052.375,319.87,901.905517578125,0.0003,-0.0065355002880096436,171,0.1449933797121048
5576,402952,19.303129196166992,1611912,9416,-92483.075,324.95,852.049072265625,0.0003,-1.3150947093963623,171,0.14503337442874908
5580,403682,20.71279525756836,1614832,9433,-93771.7125,325.8,881.1728515625,0.0003,0.40257054567337036,171,0.14386668801307678
5584,403920,20.701919555664062,1615784,9439,-93127.4,339.0,866.676025390625,0.0003,0.21790629625320435,171,0.14510713517665863
5588,404314,16.393383026123047,1617360,9448,-94562.1625,332.52,851.5858764648438,0.0003,-0.1311713457107544,171,0.1451060026884079
5592,404694,18.490787506103516,1618880,9456,-94986.575,322.02,841.155517578125,0.0003,-0.2381659746170044,171,0.14711448550224304
5596,405002,17.630403518676758,1620112,9464,-93245.05,335.94,830.057861328125,0.0003,-0.5050501823425293,171,0.14963392913341522
5600,405325,215.66761779785156,1621404,9471,-93592.175,333.6,881.4906005859375,0.0003,0.31442537903785706,171,0.15449291467666626
5604,405564,52.273990631103516,1622360,9476,-93592.975,321.93,956.5524291992188,0.0003,0.8627641201019287,171,0.15368926525115967
5608,405731,44.129093170166016,1623028,9480,-93878.875,315.9,869.6783447265625,0.0003,0.13583463430404663,171,0.1523284763097763
5612,405885,244.0052490234375,1623644,9484,-93027.775,319.8,954.723388671875,0.0003,2.074404239654541,171,0.15124204754829407
5616,406046,21.59496307373047,1624288,9488,-94137.1,313.34,866.2457275390625,0.0003,-1.1089842319488525,171,0.1516183316707611
5620,406285,234.4798126220703,1625244,9493,-94138.8,313.51,853.8543701171875,0.0003,-0.18392279744148254,171,0.15020334720611572
5624,406442,17.56422233581543,1625872,9497,-95215.8,303.87,849.0689697265625,0.0003,-0.559194803237915,171,0.15142202377319336
5628,406654,39.82318878173828,1626720,9502,-95142.3,296.52,852.4968872070312,0.0003,0.3983159065246582,171,0.1505865752696991
5632,406820,29.69234848022461,1627384,9506,-95097.3,292.02,904.5482177734375,0.0003,1.9680290222167969,171,0.1487058401107788
5636,406962,41.67013168334961,1627952,9509,-95028.5,285.14,921.4104614257812,0.0003,1.8396625518798828,171,0.15350908041000366
5640,407137,211.95945739746094,1628652,9513,-94964.8,278.77,855.4971923828125,0.0003,-0.7953184843063354,171,0.1543017029762268
5644,407237,404.4425964355469,1629052,9515,-93967.9,282.7,860.6409301757812,0.0003,-2.069364547729492,171,0.1540750414133072
5648,407500,24.5465087890625,1630104,9521,-93948.9,280.8,904.0281982421875,0.0003,0.15572279691696167,171,0.15266889333724976
5652,407799,598.5346069335938,1631300,9528,-93905.0,274.37,873.501220703125,0.0003,0.8843318819999695,171,0.14945204555988312
5656,408137,21.377227783203125,1632652,9536,-93974.0,281.27,883.8128051757812,0.0003,-0.5052332878112793,171,0.14579376578330994
5660,408582,44.95024490356445,1634432,9546,-93041.6,288.02,926.66357421875,0.0003,0.8283324837684631,171,0.14646264910697937
5664,409125,19.695751190185547,1636604,9559,-92927.6,297.64,871.923828125,0.0003,1.1219631433486938,171,0.1435464322566986
5668,409461,50.11039352416992,1637948,9567,-94934.325,283.21,893.7669677734375,0.0003,-1.5119125843048096,171,0.14207862317562103
5672,409869,214.21566772460938,1639580,9576,-93899.6,291.28,880.942138671875,0.0003,0.14162114262580872,171,0.14143705368041992
5676,410145,22.2377986907959,1640684,9582,-94837.5,285.08,902.0151977539062,0.0003,-1.5226812362670898,171,0.14013715088367462
5680,410656,54.9796257019043,1642728,9594,-94823.1,283.64,928.057373046875,0.0003,0.5662098526954651,171,0.13822555541992188
5684,411215,16.677791595458984,1644964,9607,-95971.0,287.57,859.7278442382812,0.0003,-1.2558172941207886,171,0.1394347995519638
5688,411866,432.33905029296875,1647568,9624,-95130.3,303.49,977.2421264648438,0.0003,0.8467703461647034,171,0.13784869015216827
5692,412866,212.67733764648438,1651568,9647,-93351.8,325.62,863.3534545898438,0.0003,0.14015540480613708,171,0.13570411503314972
5696,413866,788.8709716796875,1655568,9670,-92837.3,342.13,890.4318237304688,0.0003,-1.063015341758728,171,0.13551805913448334
5700,414744,60.11530685424805,1659080,9691,-91038.7,362.25,1126.800048828125,0.0003,0.4427090585231781,171,0.1393161416053772
5704,415116,54.25651550292969,1660568,9700,-89226.1,380.97,959.5897827148438,0.0003,0.03938168287277222,171,0.14013671875
5708,415346,316.64990234375,1661488,9705,-88321.7,390.52,907.233642578125,0.0003,0.08484867215156555,171,0.14135372638702393
5712,415667,408.41619873046875,1662772,9713,-89269.6,385.32,885.737548828125,0.0003,-0.34588226675987244,171,0.1443159282207489
5716,415941,30.400238037109375,1663868,9719,-89347.7,393.13,928.6754150390625,0.0003,1.2850801944732666,171,0.14372844994068146
5720,416148,22.691904067993164,1664696,9724,-89361.6,394.52,915.8160400390625,0.0003,-1.0029802322387695,171,0.14479513466358185
5724,416399,20.502429962158203,1665700,9730,-89409.2,399.28,883.4193115234375,0.0003,0.3847748637199402,171,0.1434834748506546
5728,416733,231.0264129638672,1667036,9737,-89467.8,405.14,923.025390625,0.0003,-0.8605866432189941,171,0.14396052062511444
5732,417030,42.1112174987793,1668224,9744,-89519.7,410.33,883.8875122070312,0.0003,0.29758819937705994,171,0.14455445110797882
5736,417203,29.045795440673828,1668916,9748,-89578.9,416.25,917.1240844726562,0.0003,-0.2431192398071289,171,0.1469564437866211
5740,417639,18.38450813293457,1670660,9758,-89608.9,419.25,869.90625,0.0003,-0.1297329068183899,171,0.1591017097234726
5744,418115,80.41458129882812,1672564,9769,-89791.35,423.19,1032.928466796875,0.0003,0.21648161113262177,171,0.17188836634159088
5748,418480,242.19528198242188,1674024,9778,-88900.35,434.08,979.8614501953125,0.0003,0.9583587050437927,171,0.17471139132976532
5752,419480,17.257841110229492,1678024,9801,-85327.675,466.15,885.4727172851562,0.0003,-0.8554391860961914,171,0.17457515001296997
5756,420356,440.9373779296875,1681528,9822,-83441.675,477.53,985.65673828125,0.0003,-0.02526789903640747,171,0.17260998487472534
5760,421068,16.71152687072754,1684376,9839,-81613.675,494.71,868.1064453125,0.0003,0.1431305706501007,171,0.1695142537355423
5764,421722,18.55345344543457,1686992,9854,-79938.375,506.14,858.10205078125,0.0003,0.49221619963645935,171,0.16397587954998016
5768,422210,233.12510681152344,1688944,9865,-79905.725,513.04,860.8156127929688,0.0003,-1.180532455444336,171,0.16314689815044403
5772,422503,404.54010009765625,1690116,9872,-80900.45,500.97,836.1871337890625,0.0003,-1.5938291549682617,171,0.15960381925106049
5776,422799,38.18742370605469,1691300,9879,-79907.85,501.7,889.0709228515625,0.0003,-1.2403454780578613,171,0.16008317470550537
5780,422932,187.35227966308594,1691832,9882,-79833.75,494.29,844.388427734375,0.0003,-1.6001791954040527,171,0.15889573097229004
5784,423017,90.25956726074219,1692172,9884,-79597.25,470.64,1124.477783203125,0.0003,-1.2816898822784424,171,0.15798383951187134
5788,423148,210.08377075195312,1692696,9887,-80435.25,454.45,858.59765625,0.0003,-1.1621713638305664,171,0.15874715149402618
5792,423769,17.875263214111328,1695180,9901,-81263.05,437.24,881.604736328125,0.0003,-0.27612176537513733,171,0.15569108724594116
5796,424092,244.3818817138672,1696472,9908,-84019.75,412.94,938.6317138671875,0.0003,0.8087190389633179,171,0.15357278287410736
5800,424282,407.727783203125,1697232,9913,-85802.95,391.28,853.5663452148438,0.0003,-0.23376303911209106,171,0.1535807102918625
5804,424403,402.6841735839844,1697716,9916,-86667.25,377.72,897.2215576171875,0.0003,-0.6357016563415527,171,0.15346796810626984
5808,424537,16.177410125732422,1698252,9919,-87525.75,363.58,859.432373046875,0.0003,-0.932286262512207,171,0.15245914459228516
5812,425142,208.8789520263672,1700672,9933,-87591.65,370.17,870.8817138671875,0.0003,-1.0942256450653076,171,0.15715347230434418
5816,425362,22.149961471557617,1701552,9938,-86658.75,376.87,880.7938842773438,0.0003,0.35801830887794495,171,0.159724622964859
5820,425771,23.49163055419922,1703188,9947,-86683.05,379.3,878.7413940429688,0.0003,0.8740990161895752,171,0.15737387537956238
5824,426398,399.3381042480469,1705696,9962,-85653.25,391.63,868.5392456054688,0.0003,-0.9554778933525085,171,0.15361705422401428
5828,426771,209.95608520507812,1707188,9971,-84675.85,393.88,862.0447998046875,0.0003,0.4114401936531067,171,0.15278767049312592
5832,427344,209.40118408203125,1709480,9984,-83678.175,404.11,862.8471069335938,0.0003,-0.5426467657089233,171,0.151271790266037
5836,428079,240.8490753173828,1712420,10001,-81790.25,425.44,955.244873046875,0.0003,-0.44776442646980286,171,0.1563476175069809
5840,429059,403.1562805175781,1716340,10023,-79798.80416667,447.64,878.7260131835938,0.0003,-1.2330281734466553,171,0.1573423594236374
5844,429703,236.46449279785156,1718916,10038,-78826.07916667,462.72,913.4884033203125,0.0003,-1.437854290008545,171,0.14788489043712616
5848,430126,196.73187255859375,1720608,10048,-78769.17916667,471.29,974.2213745117188,0.0003,0.9531469345092773,171,0.1510784924030304
5852,431126,211.7110595703125,1724608,10071,-80640.27916666999,458.42,853.633056640625,0.0003,0.3554503917694092,171,0.14244231581687927
5856,432005,12.264426231384277,1728124,10092,-79648.45416667,470.06,832.1472778320312,0.0003,-2.1935248374938965,171,0.1393440067768097
5860,432773,216.0369415283203,1731196,10109,-81661.25416667,471.36,861.7005615234375,0.0003,0.24454975128173828,171,0.13583938777446747
5864,433669,212.49700927734375,1734780,10130,-81720.05416667,477.24,874.31298828125,0.0003,0.7479745149612427,171,0.1309010088443756
5868,434077,14.429023742675781,1736412,10140,-80786.90416666999,473.75,859.2047119140625,0.0003,-0.07195985317230225,171,0.13005058467388153
5872,434686,208.19715881347656,1738848,10154,-79733.62916667,488.69,902.0950927734375,0.0003,-1.236488699913025,171,0.13208512961864471
5876,435438,50.38630676269531,1741856,10171,-80818.82916667,497.22,966.576171875,0.0003,-0.01584339141845703,171,0.13026100397109985
5880,435860,57.89511489868164,1743544,10181,-79854.20416667,512.99,1009.5668334960938,0.0003,-0.14768028259277344,171,0.12219914048910141
5884,436305,14.995573997497559,1745324,10191,-79079.80416667,535.54,864.215576171875,0.0003,0.5256659388542175,171,0.12134437263011932
5888,436731,37.18240737915039,1747028,10201,-79142.80416667,541.84,911.5882568359375,0.0003,-0.8748950958251953,171,0.12012402713298798
5892,437464,42.528961181640625,1749960,10218,-80238.70416667,551.44,1015.0361328125,0.0003,0.4388257563114166,171,0.11863328516483307
5896,437890,19.051368713378906,1751664,10228,-79301.30416667,557.69,898.6062622070312,0.0003,0.6011568307876587,171,0.12287312746047974
5900,438750,15.182833671569824,1755104,10248,-80238.06666667,561.91,869.8516235351562,0.0003,0.4825407564640045,171,0.11936100572347641
5904,439041,12.699563026428223,1756268,10255,-79367.49166667,585.42,862.822509765625,0.0003,-0.7019089460372925,171,0.11904457956552505
5908,439278,15.363815307617188,1757216,10261,-79413.79166666999,590.05,873.1649780273438,0.0003,0.1389113813638687,171,0.12315849959850311
5912,439373,19.487720489501953,1757596,10263,-79352.99166667,583.97,925.7540283203125,0.0003,-0.1821172833442688,171,0.12470690906047821
5916,439579,17.68349266052246,1758420,10268,-80183.29166666999,567.01,901.1541748046875,0.0003,-1.0125384330749512,171,0.12315300852060318
5920,439743,210.2621307373047,1759076,10271,-80148.89166667,563.57,907.765869140625,0.0003,0.9817859530448914,171,0.12075471878051758
5924,439879,15.014147758483887,1759620,10275,-81121.59166666999,545.53,891.0311279296875,0.0003,1.1279032230377197,171,0.12026846408843994
5928,440012,13.126349449157715,1760152,10278,-82025.19166667,535.9,867.4638671875,0.0003,-1.1493333578109741,171,0.11904633790254593
5932,440192,13.454841613769531,1760872,10282,-82961.96666666999,519.58,877.244384765625,0.0003,-0.7159705758094788,171,0.11739956587553024
5936,440373,20.962844848632812,1761596,10286,-84790.99166667,492.36,960.819580078125,0.0003,0.07094745337963104,171,0.11663912981748581
5940,440490,55.1085319519043,1762064,10289,-85843.0375,476.21,869.8033447265625,0.0003,0.04044339060783386,171,0.1168271005153656
5944,440597,15.020853042602539,1762492,10291,-87686.5625,448.22,893.701171875,0.0003,-0.5564132928848267,171,0.1160881295800209
5948,440696,34.42036437988281,1762888,10293,-88604.9625,425.81,879.2147827148438,0.0003,-0.8572433590888977,171,0.11598026752471924
5952,440792,48.48204040527344,1763272,10296,-90373.5625,402.69,994.5830078125,0.0003,-1.135442852973938,171,0.11543652415275574
5956,440907,34.816375732421875,1763732,10298,-93165.3875,371.07,871.1778564453125,0.0003,-0.7526603937149048,171,0.11520024389028549
5960,441113,344.86871337890625,1764556,10303,-93901.6875,344.71,899.8175048828125,0.0003,-0.5505709648132324,171,0.11402494460344315
5964,441251,214.00953674316406,1765108,10306,-95624.2875,316.99,947.5390014648438,0.0003,0.83028244972229,171,0.11407764256000519
5968,441390,678.4497680664062,1765664,10310,-96448.2875,299.4,1024.576416015625,0.0003,0.5054806470870972,171,0.11498181521892548
5972,441572,225.54014587402344,1766392,10314,-97476.7625,281.98,907.3375854492188,0.0003,-0.739700436592102,171,0.11406464129686356
5976,441742,209.83486938476562,1767072,10318,-97332.3625,267.54,909.263427734375,0.0003,-0.013559967279434204,171,0.11319716274738312
5980,441956,399.0157470703125,1767928,10323,-98297.7875,251.85,868.78076171875,0.0003,-1.174160361289978,171,0.11143705248832703
5984,442103,403.3880920410156,1768516,10326,-99133.7875,235.46,905.045654296875,0.0003,-0.37583625316619873,171,0.11109372973442078
5988,442400,13.306129455566406,1769704,10333,-99072.2875,229.31,887.7833251953125,0.0003,-1.8333041667938232,171,0.11316181719303131
5992,442605,16.411813735961914,1770524,10338,-98935.2875,215.61,867.30810546875,0.0003,1.465825080871582,171,0.11431927978992462
5996,442781,13.904207229614258,1771228,10342,-99796.7875,201.77,895.7442626953125,0.0003,0.07197138667106628,171,0.11393089592456818
6000,443143,206.7584228515625,1772676,10350,-99741.025,185.66,864.3832397460938,0.0003,-1.5892677307128906,171,0.11520471423864365
6004,443333,205.931396484375,1773436,10355,-100721.0,173.09,864.3323974609375,0.0003,-0.7776591181755066,171,0.11438129842281342
6008,443499,226.60655212402344,1774100,10358,-100716.5,172.64,1001.4961547851562,0.0003,2.898231267929077,171,0.11468558758497238
6012,443674,17.600887298583984,1774800,10363,-100694.7,170.46,865.2213134765625,0.0003,0.6205951571464539,171,0.11515781283378601
6016,443939,61.47957992553711,1775860,10369,-100742.1,175.2,1103.1873779296875,0.0003,-0.4377230405807495,171,0.1156710609793663
6020,444238,13.150266647338867,1777056,10376,-100731.6,174.15,866.8524780273438,0.0003,-1.837878704071045,171,0.11433514207601547
6024,444441,34.46443176269531,1777868,10380,-100822.3,183.22,880.7146606445312,0.0003,-0.27969372272491455,171,0.11465039104223251
6028,444685,39.334083557128906,1778844,10386,-100873.6,188.35,925.6810302734375,0.0003,-1.431948184967041,171,0.11614692211151123
6032,444918,20.44382095336914,1779776,10391,-100921.6,193.15,918.544189453125,0.0003,0.8476898670196533,171,0.11584939807653427
6036,445125,206.22901916503906,1780604,10396,-100963.9,197.38,864.151123046875,0.0003,1.187824010848999,171,0.1149914413690567
6040,445410,21.4576358795166,1781744,10403,-101921.5,193.15,934.1689453125,0.0003,0.9636013507843018,171,0.11792439967393875
6044,445840,206.26063537597656,1783464,10413,-102057.1,206.71,892.6707763671875,0.0003,1.1027740240097046,171,0.11646523326635361
6048,446376,398.253662109375,1785608,10425,-102110.2,212.02,887.204345703125,0.0003,-0.5055334568023682,171,0.11508627980947495
6052,446736,215.961181640625,1787048,10434,-101320.3,233.02,902.8743896484375,0.0003,0.12604713439941406,171,0.11531782150268555
6056,447251,205.91346740722656,1789108,10446,-101422.3,243.22,895.4334716796875,0.0003,-0.7372044324874878,171,0.11481597274541855
6060,447611,16.2501220703125,1790548,10454,-101427.8,243.77,878.329833984375,0.0003,-0.8466500043869019,171,0.11368171870708466
6064,447802,207.43661499023438,1791312,10459,-99603.4,261.31,888.1289672851562,0.0003,-1.2778527736663818,171,0.1130024790763855
6068,448693,211.25856018066406,1794876,10479,-98748.1,275.77,907.701416015625,0.0003,1.3358852863311768,171,0.11076955497264862
6072,449541,427.7643127441406,1798268,10499,-96069.3,307.86,940.841796875,0.0003,-1.3325250148773193,171,0.11072791367769241
6076,450541,13.759623527526855,1802268,10522,-93385.9,339.49,900.0552978515625,0.0003,0.6895846724510193,171,0.11052756011486053
6080,451370,227.4862823486328,1805584,10543,-90676.5,368.52,918.635986328125,0.0003,0.03681594133377075,171,0.10769534856081009
6084,452337,400.9273986816406,1809452,10568,-88954.1,396.26,895.1885986328125,0.0003,0.1458560824394226,171,0.10968448221683502
6088,453337,14.25389289855957,1813452,10591,-85265.2,427.33,912.2313232421875,0.0003,1.2212361097335815,171,0.10720212757587433
6092,454192,35.06828689575195,1816872,10611,-83491.3,449.92,924.4619140625,0.0003,1.1845872402191162,171,0.10549478232860565
6096,455124,397.5198974609375,1820600,10633,-82775.7,478.35,909.43017578125,0.0003,-1.9480626583099365,171,0.10849592834711075
6100,456124,400.9662170410156,1824600,10656,-79097.6,510.5,920.994384765625,0.0003,0.7392237186431885,171,0.1062067374587059
6104,456796,204.15420532226562,1827288,10672,-77269.5,527.67,884.3202514648438,0.0003,1.2261418104171753,171,0.10613036900758743
6108,457796,11.062043190002441,1831288,10695,-73600.0,560.68,883.3753662109375,0.0003,0.11393240094184875,171,0.101373091340065
6112,458796,196.83416748046875,1835288,10718,-69920.8,592.72,1054.46044921875,0.0003,0.6679921746253967,171,0.10246258229017258
6116,459683,13.685117721557617,1838836,10738,-68191.2,619.74,941.7344970703125,0.0003,-1.3538122177124023,171,0.10276756435632706
6120,460683,15.597437858581543,1842836,10762,-64529.3,653.51,903.6521606445312,0.0003,0.4203319549560547,171,0.09488585591316223
6124,461683,206.88812255859375,1846836,10785,-60797.2,680.26,913.880859375,0.0003,0.4765135645866394,171,0.09441149979829788
6128,462471,168.84925842285156,1849988,10803,-58941.95,705.21,899.2430419921875,0.0003,0.4904446005821228,171,0.09183431416749954
6132,463471,204.81253051757812,1853988,10826,-57197.65,730.76,906.068603515625,0.0003,-0.02012620121240616,171,0.09103091061115265
6136,464206,399.1268615722656,1856928,10843,-54447.05,755.67,906.92822265625,0.0003,-0.12063482403755188,171,0.09177950769662857
6140,465206,9.946044921875,1860928,10866,-51739.25,784.86,900.4279174804688,0.0003,-1.4607136249542236,171,0.09278345853090286
6144,465751,80.98500061035156,1863108,10879,-49820.25,792.94,1381.2457275390625,0.0003,2.6779770851135254,171,0.08948308974504471
6148,466499,204.61767578125,1866100,10896,-48816.575,803.65,902.86181640625,0.0003,-0.251442551612854,171,0.09130654484033585
6152,466981,10.660362243652344,1868028,10907,-47817.475,803.73,917.5003662109375,0.0003,-0.2998817563056946,171,0.08835528790950775
6156,467694,205.8556365966797,1870880,10924,-45938.475,815.81,922.5172119140625,0.0003,0.9222319722175598,171,0.0865662693977356
6160,468029,458.86163330078125,1872220,10932,-45041.375,826.09,1049.2747802734375,0.0003,1.980010986328125,171,0.0886797234416008
6164,468707,183.14671325683594,1874932,10948,-45891.7625,832.78,934.0542602539062,0.0003,-0.6229671239852905,171,0.08794911205768585
6168,469224,10.752145767211914,1877000,10960,-46824.2625,826.04,903.0192260742188,0.0003,-0.033206164836883545,171,0.08537588268518448
6172,469464,202.48733520507812,1877960,10966,-49483.1625,791.96,915.8302612304688,0.0003,-0.09829901158809662,171,0.08644738793373108
6176,469707,19.577341079711914,1878932,10972,-51325.3625,776.2,954.1185302734375,0.0003,1.4004600048065186,171,0.086929090321064
6180,470025,17.52699089050293,1880204,10979,-54004.5625,744.15,959.2420654296875,0.0003,1.230614423751831,171,0.08806110173463821
6184,470287,211.2353515625,1881252,10985,-55750.8625,718.8,939.2254638671875,0.0003,-0.22486019134521484,171,0.08918774127960205
6188,470393,199.63291931152344,1881676,10988,-59432.6625,687.02,914.2418212890625,0.0003,-0.18272250890731812,171,0.08959553390741348
6192,470484,10.726640701293945,1882040,10990,-61235.6625,667.34,926.7673950195312,0.0003,-0.02057713270187378,171,0.08947848528623581
6196,470959,223.61851501464844,1883940,11001,-61985.9625,642.38,920.799072265625,0.0003,-1.5960537195205688,171,0.09180928021669388
6200,471064,202.29515075683594,1884360,11003,-65657.5625,609.58,903.0294189453125,0.0003,-0.8270955085754395,171,0.09249232709407806
6204,471152,9.285351753234863,1884712,11005,-67377.7625,581.62,907.31494140625,0.0003,-1.6072955131530762,171,0.09248553961515427
6208,471289,245.62120056152344,1885260,11008,-71009.9625,544.88,1155.839599609375,0.0003,-0.030802786350250244,171,0.09290890395641327
6212,471379,75.8445816040039,1885620,11010,-74643.7625,508.3,1142.7904052734375,0.0003,-1.0012059211730957,171,0.093074269592762
6216,471470,10.851521492004395,1885984,11013,-76310.8625,475.03,921.1551513671875,0.0003,-0.19612279534339905,171,0.092247374355793
6220,471560,214.46530151367188,1886344,11015,-79036.6625,447.64,918.84130859375,0.0003,-1.3540736436843872,171,0.09258601069450378
6224,471698,215.13104248046875,1886896,11018,-82679.4625,411.96,934.9951171875,0.0003,0.10535895824432373,171,0.0916503295302391
6228,471874,204.0378875732422,1887600,11022,-84490.2125,382.56,930.666748046875,0.0003,1.2245697975158691,171,0.09116759151220322
6232,472034,34.706844329833984,1888240,11026,-86180.6125,351.62,949.9161376953125,0.0003,-0.005389593541622162,171,0.09053430706262589
6236,472196,35.27330017089844,1888888,11029,-88910.5125,324.64,957.4238891601562,0.0003,0.7917973399162292,171,0.09041823446750641
6240,472288,437.8760070800781,1889256,11032,-91555.6125,289.18,1076.25341796875,0.0003,-0.8524112701416016,171,0.0899260863661766
6244,472398,208.158447265625,1889696,11034,-93333.1125,266.95,921.609619140625,0.0003,-1.1923632621765137,171,0.08942404389381409
6248,472529,201.83290100097656,1890220,11037,-94274.5875,250.02,920.3165893554688,0.0003,-1.0946106910705566,171,0.088922418653965
6252,472616,168.49319458007812,1890568,11039,-96053.8875,227.97,1185.654052734375,0.0003,1.4820146560668945,171,0.08914849162101746
6256,472731,42.24557113647461,1891028,11042,-96810.4625,213.78,969.8963623046875,0.0003,0.15223968029022217,171,0.08949514478445053
6260,472887,27.843128204345703,1891652,11045,-97683.8625,201.13,953.2760009765625,0.0003,1.599665880203247,171,0.08886678516864777
6264,472979,203.4692840576172,1892020,11047,-98640.975,175.21,909.267822265625,0.0003,-1.4635710716247559,171,0.08778568357229233
6268,473078,563.3344116210938,1892416,11050,-98547.675,165.88,970.80322265625,0.0003,-0.4750065207481384,171,0.08779816329479218
6272,473175,228.68649291992188,1892804,11052,-98545.175,165.63,958.1865234375,0.0003,3.399665355682373,171,0.0879344791173935
6276,473272,12.231182098388672,1893192,11054,-99354.075,146.53,914.9885864257812,0.0003,-1.2062584161758423,171,0.08857322484254837
6280,473456,10.233033180236816,1893928,11059,-99372.275,148.35,913.56689453125,0.0003,-0.6037447452545166,171,0.08924472332000732
6284,473549,9.256909370422363,1894300,11061,-99312.475,142.37,923.1886596679688,0.0003,-1.4729266166687012,171,0.08822551369667053
6288,473656,130.37326049804688,1894728,11063,-99273.475,138.47,1126.400390625,0.0003,0.6928515434265137,171,0.08687648922204971
6292,473775,209.21763610839844,1895204,11066,-99196.275,130.75,922.4639892578125,0.0003,2.819080352783203,171,0.08621305227279663
6296,473928,24.853744506835938,1895816,11070,-99136.575,124.78,968.472900390625,0.0003,0.4857195317745209,171,0.08615432679653168
6300,474145,400.04388427734375,1896684,11075,-99130.075,124.13,949.3966674804688,0.0003,0.21017050743103027,171,0.0868491679430008
6304,474780,206.18142700195312,1899224,11089,-99227.775,133.9,922.6021118164062,0.0003,-1.9825972318649292,171,0.08696269243955612
6308,475529,11.065629959106445,1902220,11107,-97524.875,163.59,941.4361572265625,0.0003,0.9694624543190002,171,0.08572833240032196
6312,476138,63.16351318359375,1904656,11121,-96650.325,186.32,1163.8040771484375,0.0003,0.2763582170009613,171,0.087030328810215
6316,476993,425.28985595703125,1908076,11141,-94831.075,219.31,997.8426513671875,0.0003,1.1451495885849,171,0.08673495054244995
6320,477684,20.397785186767578,1910840,11156,-93556.0,240.27,960.8809814453125,0.0003,1.5200531482696533,171,0.08738302439451218
6324,478509,241.92916870117188,1914140,11175,-93676.2,252.29,944.83984375,0.0003,-0.42997312545776367,171,0.08528194576501846
6328,479509,228.0452423095703,1918140,11199,-91989.8,283.63,938.8074951171875,0.0003,-1.0020005702972412,171,0.08516215533018112
6332,480509,12.852499961853027,1922140,11222,-87950.73333333,319.72,968.0897827148438,0.0003,0.6951017379760742,171,0.08920691907405853
6336,480847,8.0984525680542,1923492,11231,-86202.93333333,344.92,944.1517944335938,0.0003,-1.79841148853302,171,0.09234005212783813
6340,481239,11.669621467590332,1925060,11240,-86320.23333333,356.65,949.1576538085938,0.0003,0.7834631204605103,171,0.0955846905708313
6344,481783,203.8047332763672,1927236,11253,-86302.68333333,365.75,945.6779174804688,0.0003,0.504651665687561,171,0.09094778448343277
6348,482127,10.108341217041016,1928612,11260,-85519.58333333001,387.43,926.478759765625,0.0003,-1.0288431644439697,171,0.09584194421768188
6352,482736,9.742204666137695,1931048,11274,-85477.05833333,394.49,922.7140502929688,0.0003,-1.0920171737670898,171,0.09710561484098434
6356,483014,212.40701293945312,1932160,11281,-86514.58333333001,404.08,972.035888671875,0.0003,0.7877810001373291,171,0.09949254989624023
6360,483789,11.344938278198242,1935260,11299,-86521.75833333,426.83,957.384033203125,0.0003,-1.034376859664917,171,0.09446049481630325
6364,484044,26.736106872558594,1936280,11305,-85406.83333333001,441.39,982.6488037109375,0.0003,-0.7693639993667603,171,0.09230146557092667
6368,484259,385.20013427734375,1937140,11310,-85468.73333333,447.58,1181.8031005859375,0.0003,1.028062343597412,171,0.09091810137033463
6372,484993,9.176946640014648,1940076,11327,-85318.63333333,457.55,958.349365234375,0.0003,-0.4521677494049072,171,0.09114009886980057
6376,485226,204.7202911376953,1941008,11332,-84111.28333333001,475.4,923.7333984375,0.0003,0.5035858154296875,171,0.09120003134012222
6380,485513,9.49518871307373,1942156,11339,-84042.13333333,479.64,919.435791015625,0.0003,-1.2707127332687378,171,0.09219951182603836
6384,485732,203.08999633789062,1943032,11344,-83873.15833333001,486.05,953.888671875,0.0003,3.7927017211914062,171,0.09260259568691254
6388,486071,396.0097961425781,1944388,11352,-83920.35833333,490.77,935.8074951171875,0.0003,-1.0564743280410767,171,0.09483064711093903
6392,486258,9.335845947265625,1945136,11356,-84003.05833333,499.04,926.6844482421875,0.0003,0.4737149477005005,171,0.09421894699335098
6396,486514,9.249720573425293,1946160,11362,-83830.40833333001,503.8,922.55126953125,0.0003,-0.44697195291519165,171,0.09434334188699722
6400,486749,27.756649017333984,1947100,11367,-83741.05833333,505.39,978.7071533203125,0.0003,1.5345638990402222,171,0.09504736214876175
6404,487681,46.07944869995117,1950828,11389,-82592.78333333001,517.79,1050.621826171875,0.0003,-0.1515946090221405,171,0.09966488927602768
6408,487953,69.76133728027344,1951916,11395,-83418.28333333001,500.35,1076.0386962890625,0.0003,-1.4328627586364746,171,0.09924500435590744
6412,488197,9.208357810974121,1952892,11401,-83214.53333333001,492.09,911.832763671875,0.0003,-1.2593351602554321,171,0.10242585092782974
6416,489118,15.326104164123535,1956576,11422,-81995.50833333,487.7,947.3331298828125,0.0003,-0.24566912651062012,171,0.09356579929590225
6420,489490,255.8963623046875,1958064,11431,-84201.98333333,470.94,1066.541748046875,0.0003,1.0065151453018188,171,0.0934605672955513
6424,489872,204.08346557617188,1959592,11439,-84036.70833333001,464.78,922.27294921875,0.0003,-1.501532793045044,171,0.0966799184679985
6428,490522,397.08203125,1962192,11454,-84818.80833333,453.48,965.5888671875,0.0003,0.8277631402015686,171,0.09405019134283066
6432,491099,17.956600189208984,1964500,11468,-87792.3,438.42,967.5762939453125,0.0003,1.8347586393356323,171,0.09324925392866135
6436,491791,7.530374526977539,1967268,11484,-88320.28333333001,431.72,921.9105224609375,0.0003,-1.6076322793960571,171,0.0884748250246048
6440,492126,206.59121704101562,1968608,11491,-87360.98333333,435.78,943.3603515625,0.0003,2.127969741821289,171,0.08991342037916183
6444,492791,10.98820686340332,1971268,11507,-86595.13333333,448.33,944.64599609375,0.0003,-0.5334059000015259,171,0.08753522485494614
6448,493205,215.1118621826172,1972924,11516,-87530.53333333001,441.88,978.0254516601562,0.0003,0.36000776290893555,171,0.08533833175897598
6452,493590,206.41033935546875,1974464,11525,-87688.35833333,446.35,951.3636474609375,0.0003,1.258664846420288,171,0.0872279480099678
6456,494017,205.54458618164062,1976172,11535,-87764.55833333,438.0,966.264404296875,0.0003,-1.5322545766830444,171,0.08687832951545715
6460,494653,28.89893341064453,1978716,11550,-86887.28333333001,428.23,909.011962890625,0.0003,-0.7924973964691162,171,0.08544715493917465
6464,495144,191.46115112304688,1980680,11561,-87222.30833333,435.67,952.5885009765625,0.0003,-0.12757092714309692,171,0.08537130057811737
6468,495657,224.9251708984375,1982732,11573,-87367.50833333,450.19,995.658447265625,0.0003,-0.14121802151203156,171,0.08235212415456772
6472,496549,201.3413543701172,1986300,11594,-85778.80833333,466.32,921.5753784179688,0.0003,-2.2251083850860596,171,0.08192572742700577
6476,497549,14.121928215026855,1990300,11617,-85139.39583333001,474.71,947.522216796875,0.0003,0.6145952939987183,171,0.0781564861536026
6480,498549,31.69504165649414,1994300,11640,-82551.44583333,504.73,989.84228515625,0.0003,-0.7818132638931274,171,0.07794332504272461
6484,499549,201.9524383544922,1998300,11663,-79078.02083333001,534.04,936.6452026367188,0.0003,-0.31157881021499634,171,0.08050533384084702
6488,499918,8.112228393554688,1999776,11671,-77232.82083333,549.5,938.39892578125,0.0003,-0.024130523204803467,171,0.08399929851293564
