time/episodes,train/n_updates,train/critic_loss,time/total_timesteps,time/time_elapsed,rollout/ep_rew_mean,rollout/ep_len_mean,train/actor_loss,train/learning_rate,train/ent_coef_loss,time/fps,train/ent_coef
4,44,199.15760803222656,280,1,-100317.5,32.75,78.05308532714844,0.0003,-0.2620653510093689,227,1.0113906860351562
8,112,608.7457885742188,552,2,-97987.03125,50.375,89.17838287353516,0.0003,-0.6662853956222534,192,1.0305302143096924
12,163,979.8798828125,756,4,-97947.1875,47.666666666666664,100.18624877929688,0.0003,-1.0574283599853516,183,1.0456236600875854
16,213,823.4103393554688,956,5,-98630.390625,53.0,109.61297607421875,0.0003,-1.3515366315841675,181,1.0609585046768188
20,274,628.54052734375,1200,6,-98497.8125,51.95,117.28224182128906,0.0003,-1.6398545503616333,179,1.079979658126831
24,349,648.33984375,1500,8,-98879.84375,56.625,137.90687561035156,0.0003,-2.2911431789398193,178,1.1039775609970093
28,399,980.1231689453125,1700,9,-99116.29464285714,56.32142857142857,147.18051147460938,0.0003,-2.6558752059936523,178,1.1203583478927612
32,453,785.0791625976562,1916,10,-99304.2578125,57.15625,156.84176635742188,0.0003,-3.1273324489593506,177,1.138380527496338
36,561,1175.2332763671875,2348,13,-99466.84027777778,59.44444444444444,181.348876953125,0.0003,-3.6443655490875244,174,1.175429105758667
40,663,590.537841796875,2756,15,-99359.65625,62.55,203.6478271484375,0.0003,-4.535525321960449,173,1.2117576599121094
44,719,1019.5421752929688,2980,17,-99243.55113636363,62.25,212.0784149169922,0.0003,-4.465831756591797,173,1.2321580648422241
48,771,220.62884521484375,3188,18,-99371.171875,63.604166666666664,225.82952880859375,0.0003,-5.140775203704834,173,1.2512120008468628
52,833,980.9078369140625,3436,19,-99468.19711538461,63.65384615384615,242.83074951171875,0.0003,-5.570637226104736,173,1.2745310068130493
56,878,416.0600891113281,3616,20,-99369.39732142857,63.517857142857146,251.4986572265625,0.0003,-5.882034778594971,173,1.2916009426116943
60,967,786.2965087890625,3972,22,-99443.77083333333,62.583333333333336,271.82916259765625,0.0003,-5.662889003753662,173,1.3261783123016357
64,1024,397.0387268066406,4200,24,-99520.56640625,62.9375,289.88458251953125,0.0003,-6.373599529266357,173,1.3488199710845947
68,1085,806.2454223632812,4444,25,-99446.41544117648,64.26470588235294,305.508544921875,0.0003,-7.079808712005615,173,1.37359619140625
72,1137,786.8705444335938,4652,26,-99505.36458333333,63.56944444444444,322.54071044921875,0.0003,-7.482564449310303,172,1.3950109481811523
76,1182,786.8115234375,4832,27,-99552.31907894737,62.36842105263158,327.87091064453125,0.0003,-7.698267936706543,172,1.4138139486312866
80,1264,981.7813110351562,5160,29,-99611.328125,62.9625,358.89324951171875,0.0003,-8.07880973815918,172,1.4486662149429321
84,1340,592.8303833007812,5464,31,-99667.8125,63.80952380952381,376.7950439453125,0.0003,-8.990947723388672,172,1.4819499254226685
88,1414,1371.0194091796875,5760,33,-99596.54829545454,63.68181818181818,398.82879638671875,0.0003,-9.32513427734375,172,1.5148500204086304
92,1467,807.0066528320312,5972,34,-99638.00271739131,63.34782608695652,413.15850830078125,0.0003,-9.849296569824219,172,1.5390385389328003
96,1526,787.9632568359375,6208,35,-99681.10677083333,63.552083333333336,430.84326171875,0.0003,-10.25146770477295,172,1.566351294517517
100,1584,1371.50439453125,6440,37,-99718.8625,63.55,444.236328125,0.0003,-10.493735313415527,172,1.5937416553497314
104,1690,788.7655639648438,6864,40,-99737.2625,65.39,480.3957214355469,0.0003,-11.444293022155762,171,1.6451101303100586
108,1836,399.8153381347656,7448,43,-99636.86527778,66.05,457.216552734375,0.0003,-3.103328227996826,171,1.6931979656219482
112,1889,788.6682739257812,7660,44,-99753.06527778,67.49,466.6825256347656,0.0003,-3.691638231277466,171,1.701073169708252
116,1988,400.5163269042969,8056,47,-99462.33611111,69.76,483.29180908203125,0.0003,-4.011332988739014,171,1.7166458368301392
120,2039,789.1129760742188,8260,48,-99576.93611111,71.22,491.5705871582031,0.0003,-3.73848819732666,170,1.725022315979004
124,2123,983.7119750976562,8596,50,-99563.93611111,69.92,510.0783996582031,0.0003,-3.605719566345215,169,1.7396125793457031
128,2242,828.8226928710938,9072,53,-99284.33611111,73.7,528.4114990234375,0.0003,-3.7249412536621094,170,1.7613131999969482
132,2294,1760.3397216796875,9280,54,-99280.23611111,73.29,539.6300659179688,0.0003,-4.022078514099121,170,1.7714009284973145
136,2319,809.5508422851562,9380,55,-99266.83611111,71.95,543.3887329101562,0.0003,-3.552675724029541,170,1.776343822479248
140,2382,420.7995300292969,9632,56,-99345.03611111,69.77,529.314697265625,0.0003,-0.8606294393539429,170,1.7859619855880737
144,2462,440.28240966796875,9952,58,-99242.12361111,69.82,503.4937438964844,0.0003,4.450492858886719,169,1.7805192470550537
148,2530,829.0518188476562,10224,60,-99146.19861111,70.64,506.536376953125,0.0003,5.566275596618652,169,1.7596009969711304
152,2617,1372.829345703125,10572,62,-99144.19861111,70.44,512.3106689453125,0.0003,5.439424991607666,169,1.7296481132507324
156,2724,402.79559326171875,11000,65,-99156.17361111,71.81,515.1310424804688,0.0003,5.175302505493164,169,1.6923911571502686
160,2790,1179.748046875,11264,66,-99068.72361111,73.26,522.16552734375,0.0003,5.063129901885986,169,1.6692399978637695
164,2939,792.47216796875,11860,70,-98787.49861111,75.39,530.3449096679688,0.0003,4.750850677490234,169,1.6166882514953613
168,3042,37.45939254760742,12272,72,-98701.46111111,76.7,535.8018798828125,0.0003,4.549100399017334,169,1.5802706480026245
172,3144,600.578857421875,12680,74,-98418.09861111,78.54,537.2898559570312,0.0003,4.263041019439697,169,1.5442092418670654
176,3246,989.2509155273438,13088,77,-98154.31111111,82.22,543.6443481445312,0.0003,4.044751167297363,169,1.5082383155822754
180,3341,20.69223976135254,13468,79,-98152.11111111,82.0,548.885009765625,0.0003,3.77856183052063,169,1.4749877452850342
184,3465,1186.08251953125,13964,82,-98066.66111111,83.91,557.5928344726562,0.0003,3.453862190246582,169,1.4320482015609741
188,3685,800.1898803710938,14844,87,-98100.98611111,87.43,574.014892578125,0.0003,2.925046920776367,169,1.357561469078064
192,3771,238.06076049804688,15188,89,-97948.86111111,92.27,576.153564453125,0.0003,2.695472240447998,169,1.3290818929672241
196,3955,803.0183715820312,15924,93,-97658.69861111,93.77,586.8618774414062,0.0003,2.2384772300720215,169,1.2697573900222778
200,4039,820.3113403320312,16260,95,-97492.77361111,97.37,593.1644287109375,0.0003,1.994565486907959,169,1.243468999862671
204,4127,997.9677124023438,16612,98,-97505.57361111,98.65,597.946533203125,0.0003,1.7745074033737183,169,1.216551423072815
208,4297,1194.30078125,17292,102,-97733.35833333,100.78,628.1121215820312,0.0003,1.391467809677124,168,1.1659483909606934
212,4433,637.9484252929688,17836,105,-97630.74583333,100.65,652.78955078125,0.0003,1.0224751234054565,168,1.1269629001617432
216,4753,622.3945922851562,19116,113,-97783.44166667,105.06,676.10302734375,0.0003,0.3296458125114441,168,1.040745496749878
220,4996,472.25958251953125,20088,119,-97343.61666667,114.34,728.2141723632812,0.0003,-0.1447046995162964,168,0.9809744954109192
224,5227,1016.5870971679688,21012,125,-97102.51666667,120.74,750.3771362304688,0.0003,-0.5347304940223694,168,0.9277159571647644
228,5415,272.3419189453125,21764,129,-96850.12166666999,125.45,754.044677734375,0.0003,-0.8208892345428467,168,0.8876283168792725
232,6134,876.1451416015625,24640,146,-97029.12166666999,143.35,828.8966674804688,0.0003,-1.599123239517212,168,0.7560211420059204
236,6930,851.2345581054688,27824,165,-95284.62166666999,168.88,866.9951171875,0.0003,-2.080660820007324,168,0.6381258368492126
240,7930,130.9523162841797,31824,190,-92503.32166666999,200.72,928.66162109375,0.0003,-2.381974697113037,167,0.511289656162262
244,8273,282.6650085449219,33196,198,-90909.33416667,220.96,962.6492309570312,0.0003,-2.1021714210510254,167,0.47341614961624146
248,8609,458.09881591796875,34540,206,-90127.75916666999,232.38,996.7434692382812,0.0003,-2.5314574241638184,167,0.43796566128730774
252,9057,480.96282958984375,36332,219,-88328.25916666999,252.41,951.9647216796875,0.0003,-2.6106972694396973,165,0.39497917890548706
256,9283,1225.3912353515625,37236,224,-88445.18416666999,253.84,919.3359985351562,0.0003,-3.6772654056549072,165,0.37493377923965454
260,9404,270.64715576171875,37720,227,-88624.93416666999,261.62,978.173583984375,0.0003,-2.8514795303344727,165,0.36434292793273926
264,9541,463.004638671875,38268,231,-88919.05916666999,260.78,1028.9344482421875,0.0003,-2.226400852203369,165,0.35269060730934143
268,9671,637.25390625,38788,234,-89111.09666667,259.73,1029.926513671875,0.0003,-3.559596300125122,165,0.34196698665618896
272,9805,809.1092529296875,39324,237,-89415.85916667,260.03,978.3602294921875,0.0003,-2.9337680339813232,165,0.3312934935092926
276,9966,435.3472595214844,39968,242,-89710.74666666999,259.46,1053.0697021484375,0.0003,-2.586554527282715,164,0.31903496384620667
280,10066,473.48858642578125,40368,244,-89811.54666667,269.54,1080.410888671875,0.0003,-2.0902600288391113,164,0.31206730008125305
284,10143,445.7662658691406,40676,246,-89899.89666667,267.92,1053.483154296875,0.0003,-2.8000776767730713,164,0.3064381778240204
288,10257,666.47412109375,41132,249,-89980.87166666999,265.93,1089.6953125,0.0003,-2.6502795219421387,164,0.29782089591026306
292,10438,444.04156494140625,41856,254,-90173.09666667,265.1,986.4590454101562,0.0003,-4.05890417098999,164,0.28515762090682983
296,10540,1202.0572509765625,42264,256,-90485.15916667,265.79,1222.9039306640625,0.0003,-2.980332374572754,164,0.2778974771499634
300,10630,452.12005615234375,42624,258,-90662.08416667,263.29,958.3609619140625,0.0003,-4.420026779174805,164,0.27183815836906433
304,10731,431.76483154296875,43028,261,-90669.88416666999,264.07,833.3450927734375,0.0003,-4.264866352081299,164,0.26494723558425903
308,10825,282.7652587890625,43404,263,-90754.43416666999,262.42,952.9471435546875,0.0003,-4.516632556915283,164,0.2587079405784607
312,10952,283.7872009277344,43912,266,-90869.04666667,263.75,1081.783203125,0.0003,-3.323068141937256,164,0.2506740689277649
316,11069,108.60871887207031,44380,269,-91029.08,259.27,1010.093994140625,0.0003,-4.670174598693848,164,0.2434765100479126
320,11171,483.30413818359375,44788,272,-91478.005,250.9,1032.8330078125,0.0003,-3.708418846130371,164,0.23726685345172882
324,11262,463.8168640136719,45152,274,-91737.705,246.36,1052.9886474609375,0.0003,-3.375845193862915,164,0.23191632330417633
328,11374,60.28818893432617,45600,277,-92290.8,239.98,903.163818359375,0.0003,-3.8532092571258545,164,0.22555285692214966
332,11478,442.1077880859375,46016,280,-92128.2,223.72,913.2152099609375,0.0003,-2.9655208587646484,164,0.21974046528339386
336,11590,309.6575622558594,46464,283,-93897.7,200.69,1241.365966796875,0.0003,-1.6633033752441406,163,0.21388863027095795
340,11712,846.4180908203125,46952,286,-96711.2,172.07,1009.5662841796875,0.0003,-4.553391933441162,163,0.20744234323501587
344,11841,283.9667663574219,47468,289,-98526.9,153.66,1126.131591796875,0.0003,-2.8022842407226562,163,0.2008051574230194
348,11971,457.3997802734375,47988,292,-99444.9,145.47,1013.1405029296875,0.0003,-2.493300199508667,163,0.1943877786397934
352,12061,263.1920166015625,48348,295,-101261.7,127.17,994.2975463867188,0.0003,-3.610910415649414,163,0.1903381049633026
356,12269,830.6536865234375,49180,299,-101252.4,126.24,1025.652587890625,0.0003,-3.706723213195801,163,0.1813250333070755
360,12519,265.0538024902344,50180,306,-101214.6,122.46,1056.5557861328125,0.0003,-3.06655216217041,163,0.17098958790302277
364,12789,431.7064208984375,51260,312,-101312.9,132.29,1075.9537353515625,0.0003,-3.1439108848571777,163,0.16068045794963837
368,13580,440.8373107910156,54424,331,-101405.0,141.5,906.8336181640625,0.0003,-3.2360854148864746,163,0.13485346734523773
372,14385,456.976318359375,57644,351,-98714.8,172.45,996.5601196289062,0.0003,-2.6781740188598633,164,0.1155383437871933
376,14948,574.5694580078125,59896,364,-96004.5,201.39,1042.105712890625,0.0003,-6.151066780090332,164,0.10697393119335175
380,15602,444.6972961425781,62512,380,-95053.1875,216.45,932.5562744140625,0.0003,-3.586153507232666,164,0.09807746112346649
384,16374,262.6217041015625,65600,398,-95236.6875,234.8,1044.3392333984375,0.0003,-0.48900532722473145,164,0.08731362968683243
388,16714,443.33984375,66960,407,-94440.9875,255.22,948.2738037109375,0.0003,-0.7384952902793884,164,0.0840822160243988
392,17337,296.3451843261719,69452,424,-94504.6875,261.59,1322.701416015625,0.0003,1.068176507949829,163,0.07880844920873642
396,17544,58.478492736816406,70280,429,-93605.0875,271.62,880.3196411132812,0.0003,-3.9132840633392334,163,0.07804632931947708
400,17761,613.8499145507812,71148,434,-92708.4875,281.95,1338.474365234375,0.0003,-1.0635298490524292,163,0.07651739567518234
404,17919,71.19706726074219,71780,438,-92705.1875,281.62,1100.1715087890625,0.0003,0.12036329507827759,163,0.07553759962320328
408,18121,372.98687744140625,72588,443,-92717.4875,282.85,1996.13232421875,0.0003,0.1171998381614685,163,0.07314446568489075
412,18365,270.50592041015625,73564,449,-92807.4875,291.85,1162.5731201171875,0.0003,2.492194175720215,163,0.07129368185997009
416,18626,228.7112274169922,74608,455,-92773.4875,298.45,1021.5526123046875,0.0003,-2.633497953414917,163,0.0697808787226677
420,18779,150.76283264160156,75220,459,-92776.2875,298.73,1671.284912109375,0.0003,0.6040098667144775,163,0.06981026381254196
424,18905,595.1395263671875,75724,462,-92779.1875,299.02,1005.6339721679688,0.0003,0.7716469764709473,163,0.07027213275432587
428,19023,622.9872436523438,76196,466,-92839.7875,305.08,901.834228515625,0.0003,0.061213672161102295,163,0.07045871764421463
432,19141,270.65643310546875,76668,469,-92848.4875,305.95,1201.477294921875,0.0003,0.17107516527175903,163,0.07066550850868225
436,19260,629.2316284179688,77144,472,-92858.9875,307.0,1095.3385009765625,0.0003,1.9917573928833008,163,0.07109467685222626
440,19350,267.33770751953125,77504,474,-92852.5875,306.36,1078.5294189453125,0.0003,-0.4507867693901062,163,0.07151823490858078
444,19461,332.1094970703125,77948,477,-92851.5875,306.26,1576.2490234375,0.0003,1.3484350442886353,163,0.07177576422691345
448,19572,636.4440307617188,78392,480,-92826.6875,303.77,1078.6884765625,0.0003,-0.840313732624054,163,0.07225369662046432
452,19668,105.97514343261719,78776,482,-92825.1875,303.62,1351.358154296875,0.0003,0.6021351218223572,163,0.07271698117256165
456,19766,790.9597778320312,79168,485,-92807.2875,301.83,1499.7236328125,0.0003,2.4875099658966064,163,0.07325749099254608
460,19825,270.3553161621094,79404,486,-92770.6875,298.17,1145.252685546875,0.0003,-3.273987293243408,163,0.07397998124361038
464,19948,99.80455017089844,79896,489,-92670.8875,288.19,1260.049072265625,0.0003,-0.6343635320663452,163,0.074917733669281
468,20027,346.4630432128906,80212,491,-92583.3875,279.44,1186.702880859375,0.0003,-0.36745691299438477,163,0.07502632588148117
472,20085,269.5688781738281,80444,493,-95262.9875,247.43,1181.4744873046875,0.0003,1.8100731372833252,162,0.07532896846532822
476,20144,259.3581237792969,80680,494,-97948.8875,216.05,1153.12548828125,0.0003,-0.28798508644104004,163,0.07565102726221085
480,20244,257.8774108886719,81080,497,-98801.7,191.14,1068.201171875,0.0003,-0.9898024201393127,163,0.076032355427742
484,20311,585.676513671875,81348,498,-98613.8,172.35,1316.463623046875,0.0003,0.5379630923271179,163,0.07681881636381149
488,20430,275.6015319824219,81824,501,-99405.7,151.55,942.571044921875,0.0003,2.3857274055480957,163,0.07758224755525589
492,20497,509.0423583984375,82092,503,-99310.8,142.06,1459.322998046875,0.0003,2.145503044128418,163,0.0785648375749588
496,20569,825.6336059570312,82380,504,-100195.0,130.49,970.8861083984375,0.0003,0.35185933113098145,163,0.07946603000164032
500,20702,89.44761657714844,82912,507,-101090.0,120.0,1148.1326904296875,0.0003,2.4695816040039062,163,0.0814092829823494
504,20767,108.12843322753906,83172,509,-101082.8,119.28,1259.503662109375,0.0003,0.40667885541915894,163,0.08240139484405518
508,20830,279.04779052734375,83424,510,-101055.4,116.54,1209.397705078125,0.0003,0.5424079298973083,163,0.08269003033638
512,20895,876.9365234375,83684,512,-100948.0,105.8,1344.63232421875,0.0003,4.033709526062012,163,0.08308716863393784
516,21002,347.00579833984375,84112,515,-100968.6,97.86,1087.6212158203125,0.0003,0.20660626888275146,163,0.08446533232927322
520,21110,270.5144958496094,84544,517,-100967.4,97.74,1138.690673828125,0.0003,2.2533836364746094,163,0.08580277115106583
524,21227,430.14056396484375,85012,520,-100969.3,97.93,916.6400146484375,0.0003,-0.503093957901001,163,0.08690882474184036
528,21330,89.93041229248047,85424,522,-100909.1,91.91,1267.4892578125,0.0003,-3.0811192989349365,163,0.08787032961845398
532,21430,248.63609313964844,85824,525,-100899.8,90.98,1006.1788330078125,0.0003,0.822628915309906,163,0.08971324563026428
536,21540,531.744873046875,86264,527,-100886.2,89.62,1597.5833740234375,0.0003,1.2494404315948486,163,0.09096922725439072
540,21663,150.5169677734375,86756,530,-100800.7,91.07,1676.2474365234375,0.0003,0.7975450158119202,163,0.09292968362569809
544,21769,1195.000732421875,87180,532,-100805.6,91.56,894.5791015625,0.0003,-2.882720470428467,163,0.09479333460330963
548,21892,69.12236785888672,87672,535,-100809.2,91.92,1036.407958984375,0.0003,3.3653907775878906,163,0.0963447093963623
552,22016,448.6033630371094,88168,538,-100810.3,92.03,1012.3842163085938,0.0003,0.19292020797729492,163,0.09806331992149353
556,22096,455.4074401855469,88488,540,-100827.4,93.74,1133.18896484375,0.0003,1.185235619544983,163,0.09936156123876572
560,22253,891.2925415039062,89116,545,-100828.2,93.82,1426.9671630859375,0.0003,-0.14049690961837769,163,0.1031041070818901
564,22360,282.43609619140625,89544,548,-100843.6,95.36,1161.7762451171875,0.0003,2.7080554962158203,163,0.1048954650759697
568,22450,408.56561279296875,89904,551,-100857.0,96.7,836.5087890625,0.0003,-1.9918516874313354,163,0.10721667855978012
572,22534,62.93316650390625,90240,554,-100860.4,97.04,1028.3355712890625,0.0003,-0.1669628620147705,162,0.10872631520032883
576,22616,113.55489349365234,90568,556,-100873.3,98.33,1369.203125,0.0003,0.4824104309082031,162,0.11036377400159836
580,22708,397.0817565917969,90936,559,-100880.3,99.03,1961.341552734375,0.0003,4.29308557510376,162,0.1126072034239769
584,22796,473.45855712890625,91288,561,-100885.6,99.56,1567.870361328125,0.0003,2.9210710525512695,162,0.11478980630636215
588,22896,307.2695617675781,91688,564,-100886.2,99.62,1480.6070556640625,0.0003,-0.9232860803604126,162,0.11747611314058304
592,22988,721.4086303710938,92056,566,-100891.7,100.17,1779.519775390625,0.0003,4.9506120681762695,162,0.11942784488201141
596,23122,105.57544708251953,92592,569,-100899.2,100.92,1250.586669921875,0.0003,3.1541571617126465,162,0.12285637110471725
600,23216,292.52001953125,92968,572,-100908.9,101.89,1219.2008056640625,0.0003,0.7659240365028381,162,0.12506742775440216
604,23296,893.1007080078125,93288,574,-100902.4,101.24,1241.9219970703125,0.0003,1.5808753967285156,162,0.1271904855966568
608,23411,1020.4403686523438,93748,577,-100917.3,102.73,1016.9237060546875,0.0003,0.4462713897228241,162,0.13117437064647675
612,23534,472.1835021972656,94240,580,-100938.7,104.87,1183.98046875,0.0003,2.6020874977111816,162,0.1357629895210266
616,23645,307.0924377441406,94684,582,-100948.7,105.87,1282.58544921875,0.0003,2.4300336837768555,162,0.13929489254951477
620,23762,279.83349609375,95152,585,-100952.2,106.22,1031.1954345703125,0.0003,2.3019142150878906,162,0.1417486071586609
624,23902,635.375244140625,95712,588,-100961.8,107.18,2351.47607421875,0.0003,2.782656192779541,162,0.14651381969451904
628,24035,351.0273742675781,96244,592,-100971.2,108.12,1508.90087890625,0.0003,0.8702553510665894,162,0.1511802226305008
632,24238,689.810791015625,97056,596,-100997.3,110.73,1374.00634765625,0.0003,2.188257932662964,162,0.15735121071338654
636,24453,302.0477294921875,97916,601,-101044.1,115.41,1746.38525390625,0.0003,-0.5564326643943787,162,0.16346675157546997
640,24752,331.4952087402344,99112,609,-101194.0,120.4,1376.25634765625,0.0003,0.8287383317947388,162,0.1727227121591568
644,25039,689.2127075195312,100260,615,-101264.6,127.46,1357.6668701171875,0.0003,3.360495090484619,162,0.1836869865655899
648,25377,161.11871337890625,101612,624,-101317.2,132.72,1517.4984130859375,0.0003,1.4545402526855469,162,0.19386953115463257
652,25726,467.81903076171875,103008,634,-101424.6,143.46,1818.50537109375,0.0003,2.4203977584838867,162,0.20246347784996033
656,26155,544.664794921875,104724,644,-101518.7,152.87,1673.132568359375,0.0003,1.8210797309875488,162,0.20925085246562958
660,26296,319.9430236816406,105288,648,-101627.1,163.71,1420.85546875,0.0003,-0.32914990186691284,162,0.21073690056800842
664,26429,356.62371826171875,105820,651,-101623.4,163.34,1624.6429443359375,0.0003,-0.026657581329345703,162,0.21257296204566956
668,26722,352.9106140136719,106992,658,-101362.875,171.12,1635.72509765625,0.0003,0.518384575843811,162,0.21675622463226318
672,27206,520.1920776367188,108928,669,-101125.96111111,179.53,1579.1021728515625,0.0003,1.1603491306304932,162,0.22341503202915192
676,27636,548.8480834960938,110648,679,-101130.79861111,192.28,1569.896240234375,0.0003,0.9010748863220215,162,0.2332305908203125
680,27952,670.3583374023438,111912,687,-100965.38611111,201.26,1267.1961669921875,0.0003,-1.2166533470153809,162,0.23939113318920135
684,28078,858.9547729492188,112416,690,-100821.49861111,209.89,2569.487548828125,0.0003,1.0532822608947754,162,0.24086716771125793
688,28369,1301.6002197265625,113580,696,-100852.99861111,213.04,1806.936279296875,0.0003,1.0405120849609375,162,0.24797070026397705
692,28637,176.1903839111328,114652,703,-100775.99861111,216.95,1812.579345703125,0.0003,-1.4231998920440674,163,0.2533509433269501
696,28948,163.08755493164062,115896,710,-100710.22361111,222.49,1583.4483642578125,0.0003,-1.0213537216186523,163,0.26181942224502563
700,29123,260.23480224609375,116596,714,-99822.42361111,233.7,1578.5487060546875,0.0003,0.6136410236358643,163,0.2640632390975952
704,29362,569.772705078125,117552,719,-99840.82361111,235.54,1953.2900390625,0.0003,0.14076828956604004,163,0.265308141708374
708,29547,413.3675231933594,118292,724,-99680.38611111,242.13,1942.7923583984375,0.0003,0.21363545954227448,163,0.2680279314517975
712,29727,429.89886474609375,119012,728,-99617.38611111,245.83,2233.345947265625,0.0003,1.5583419799804688,163,0.2701454758644104
716,29914,349.18963623046875,119760,732,-99621.58611111,246.25,1901.9130859375,0.0003,-1.379560947418213,163,0.2734229564666748
720,30184,362.1746520996094,120840,739,-99643.38611111,248.43,1553.677978515625,0.0003,-1.5022289752960205,163,0.2798362672328949
724,30447,554.0419921875,121892,745,-99540.77361111,249.63,1666.3963623046875,0.0003,-0.4211792051792145,163,0.2793949544429779
728,30722,317.1596374511719,122992,751,-98228.76527778,262.7,1497.34912109375,0.0003,-1.96797776222229,163,0.28252121806144714
732,31318,574.3168334960938,125376,765,-97298.16527777999,269.63,1794.5487060546875,0.0003,-0.04362219572067261,163,0.27933189272880554
736,31656,320.1145324707031,126728,774,-96254.16527777999,275.22,1695.2940673828125,0.0003,-1.350347638130188,163,0.27871039509773254
740,31901,340.3058776855469,127708,780,-95084.56527778,278.25,3026.82666015625,0.0003,0.8322271108627319,163,0.2784193456172943
744,32008,523.6727294921875,128136,783,-93823.86527778,282.17,1941.7086181640625,0.0003,0.049318909645080566,163,0.2775741219520569
748,32479,187.65065002441406,130020,795,-93484.97638889,279.73,1837.6571044921875,0.0003,0.07653503119945526,163,0.27660298347473145
752,33044,397.3091125488281,132280,808,-91292.27638889,290.44,2050.369140625,0.0003,-1.3312532901763916,163,0.27201229333877563
756,33263,580.4970703125,133156,813,-90094.67638889,290.67,1892.3739013671875,0.0003,1.8621326684951782,163,0.2678457498550415
760,34044,412.15423583984375,136280,831,-87907.77638889,301.96,2235.227294921875,0.0003,1.2093720436096191,163,0.2658388316631317
764,34874,160.772216796875,139600,850,-86985.17638889,319.69,1857.39892578125,0.0003,-0.730527400970459,164,0.26784059405326843
768,35216,369.3428955078125,140968,858,-85421.20138889,329.44,2162.16064453125,0.0003,1.0358712673187256,164,0.2702130675315857
772,35718,178.68484497070312,142976,870,-84711.61527778,336.37,1929.3787841796875,0.0003,-1.3299880027770996,164,0.2780974507331848
776,36372,172.0475311279297,145592,885,-81986.77777778,351.59,1801.59521484375,0.0003,-0.002238065004348755,164,0.2786121368408203
780,37004,374.3639831542969,148120,901,-81292.69027778,356.65,1937.58154296875,0.0003,-0.46460503339767456,164,0.2865985035896301
784,37360,366.97515869140625,149544,910,-80447.96666666999,369.78,1962.896484375,0.0003,0.14479249715805054,164,0.28330329060554504
788,38166,160.89962768554688,152768,930,-79602.26666667001,385.2,1835.75048828125,0.0003,-0.3581199645996094,164,0.2786095440387726
792,38917,97.40718841552734,155772,949,-78950.76666667001,408.43,1341.105224609375,0.0003,-1.2838938236236572,163,0.2731866240501404
796,39359,134.5216827392578,157540,961,-78202.14166667001,421.44,1609.5152587890625,0.0003,-1.083695411682129,163,0.27551260590553284
800,39588,860.1011352539062,158456,966,-79178.44166667,419.08,1374.7557373046875,0.0003,-0.32313549518585205,163,0.27283975481987
804,39842,396.04046630859375,159472,972,-79223.64166667001,423.6,2106.25830078125,0.0003,-0.0626087486743927,163,0.26884105801582336
808,40108,153.01551818847656,160536,979,-79439.87916667,422.59,1752.130615234375,0.0003,-0.3764794170856476,163,0.2707900404930115
812,40432,184.84033203125,161832,986,-79572.87916667,425.89,1922.4095458984375,0.0003,0.7304158806800842,164,0.26873496174812317
816,40629,357.46685791015625,162620,991,-79623.07916667,430.91,1841.42822265625,0.0003,0.3610862195491791,164,0.2691202461719513
820,40764,382.5519104003906,163160,995,-79623.37916667,430.94,2291.1005859375,0.0003,-0.5865655541419983,163,0.2678496539592743
824,40909,177.09609985351562,163740,998,-79731.29166667,430.27,1873.5321044921875,0.0003,0.6186885237693787,163,0.2670687437057495
828,41069,308.9850769042969,164380,1002,-81049.7,417.84,1402.970947265625,0.0003,-2.174302816390991,164,0.2671586275100708
832,41231,202.7417449951172,165028,1006,-81987.9,411.67,1999.9322509765625,0.0003,-1.161729335784912,164,0.2651221752166748
836,41469,315.914306640625,165980,1011,-83029.0,405.79,1620.778076171875,0.0003,-0.8922619819641113,164,0.26406195759773254
840,41718,465.0179443359375,166976,1017,-84188.9,401.79,1434.970703125,0.0003,-0.34290605783462524,164,0.27003395557403564
844,41890,89.3707046508789,167664,1021,-85412.2,394.13,1304.052490234375,0.0003,-1.9523334503173828,164,0.26726388931274414
848,42105,346.8162841796875,168524,1026,-85724.48888889,393.91,1878.15087890625,0.0003,-0.07723802328109741,164,0.26103225350379944
852,42367,341.20391845703125,169572,1033,-87865.08888889,377.99,1759.806640625,0.0003,-0.527258038520813,163,0.2561810314655304
856,42604,269.2179260253906,170520,1039,-89022.38888889,373.73,1404.548828125,0.0003,-1.6932721138000488,164,0.25141578912734985
860,42902,179.17823791503906,171712,1046,-91167.28888889,358.24,1870.8759765625,0.0003,-0.22520673274993896,164,0.25030142068862915
864,43094,89.07913208007812,172480,1051,-92140.58888889,345.58,1353.562744140625,0.0003,-2.45596981048584,164,0.2465885430574417
868,43275,346.1817321777344,173204,1055,-93989.38888889,330.48,1831.7508544921875,0.0003,0.6630978584289551,164,0.24252371490001678
872,43527,659.02294921875,174212,1061,-94984.58888889,320.01,1485.28857421875,0.0003,0.6213071942329407,164,0.23721268773078918
876,43726,119.81293487548828,175008,1066,-97751.58888889,296.74,1581.3485107421875,0.0003,-0.9207130670547485,164,0.23369546234607697
880,44027,188.21661376953125,176212,1073,-98602.38888889,291.83,1792.307373046875,0.0003,0.7019827365875244,164,0.22957825660705566
884,44311,521.6932983398438,177348,1080,-99677.3,278.7,2081.62158203125,0.0003,-0.3161936402320862,164,0.22384804487228394
888,44655,284.9106140136719,178724,1089,-100586.7,269.65,1630.074462890625,0.0003,-0.18623778223991394,164,0.22082026302814484
892,45495,324.111328125,182084,1109,-100315.1,262.49,1836.4925537109375,0.0003,-0.17200031876564026,164,0.21326608955860138
896,45870,515.734130859375,183584,1118,-101018.3,262.82,1474.56103515625,0.0003,0.6591811180114746,164,0.2086629569530487
900,46365,553.7633056640625,185564,1129,-101108.2,271.81,1961.630615234375,0.0003,-1.8881852626800537,164,0.200713112950325
904,46796,113.71890258789062,187288,1140,-101135.1,274.5,1445.036376953125,0.0003,-0.33594128489494324,164,0.19269949197769165
908,47246,361.6913757324219,189088,1153,-101216.7,282.66,1774.2598876953125,0.0003,2.14449405670166,163,0.20075581967830658
912,47812,180.43421936035156,191352,1166,-100327.0,293.68,1877.217529296875,0.0003,0.45287102460861206,164,0.1921892613172531
916,47993,426.2547302246094,192076,1170,-100341.0,295.08,1331.80224609375,0.0003,-0.454245001077652,164,0.1913551241159439
920,48464,111.30604553222656,193960,1182,-100417.9,302.77,1439.6767578125,0.0003,0.16033494472503662,164,0.19550712406635284
924,49166,136.50611877441406,196768,1199,-100546.8,315.66,1606.787841796875,0.0003,0.25328847765922546,164,0.1985696703195572
928,49692,303.1868896484375,198872,1212,-98693.9625,341.94,1427.406005859375,0.0003,-1.0038760900497437,164,0.2034817934036255
932,50692,511.6893615722656,202872,1235,-95610.0125,373.84,1349.9544677734375,0.0003,2.702960968017578,164,0.2218080461025238
936,51562,240.50196838378906,206352,1256,-94726.4125,395.47,1177.404052734375,0.0003,-1.1786201000213623,164,0.23515936732292175
940,51833,158.0592498779297,207436,1263,-93727.4125,405.56,1477.048828125,0.0003,-0.3485458493232727,164,0.23889465630054474
944,52083,148.32797241210938,208436,1269,-93739.2125,406.74,1516.64990234375,0.0003,1.4876255989074707,164,0.24142956733703613
948,52553,293.44757080078125,210316,1280,-93804.1125,413.23,1360.3629150390625,0.0003,0.25073081254959106,164,0.24951666593551636
952,52928,307.89544677734375,211816,1289,-92771.5125,420.56,1462.520263671875,0.0003,1.5933549404144287,164,0.2624557316303253
956,53192,158.66436767578125,212872,1296,-92771.4125,420.55,1594.366943359375,0.0003,0.4447265863418579,164,0.27321773767471313
960,53528,286.0993347167969,214216,1304,-92832.5125,426.66,1193.454833984375,0.0003,0.9132285714149475,164,0.29157891869544983
964,53856,98.71493530273438,215528,1312,-92826.4125,426.05,1126.2564697265625,0.0003,-0.17675122618675232,164,0.3038703501224518
968,54186,731.3372192382812,216848,1320,-91812.9625,435.36,2223.02392578125,0.0003,1.3760440349578857,164,0.3156748414039612
972,54397,114.4889144897461,217692,1324,-91820.9625,436.16,1282.525390625,0.0003,-0.45304185152053833,164,0.3202856183052063
976,54762,343.1453552246094,219152,1333,-91827.9625,436.86,1632.242431640625,0.0003,-0.7378213405609131,164,0.3279169201850891
980,55233,482.2481689453125,221036,1345,-91800.825,436.36,1249.011962890625,0.0003,-0.7023177146911621,164,0.34242385625839233
984,55455,696.0247192382812,221924,1350,-91737.2875,443.41,1755.658203125,0.0003,0.25404632091522217,164,0.34189707040786743
988,55798,522.2556762695312,223296,1358,-91603.1375,441.08,1427.2274169921875,0.0003,0.1437157392501831,164,0.34515535831451416
992,56353,630.0809936523438,225516,1373,-91432.3375,432.05,1251.21142578125,0.0003,-0.0747341513633728,164,0.3610510528087616
996,56910,283.6084289550781,227744,1386,-89364.3375,434.61,1214.725830078125,0.0003,-1.216455340385437,164,0.3593081831932068
1000,57261,319.083984375,229148,1395,-87944.175,435.63,1337.571044921875,0.0003,-0.9158759713172913,164,0.3624100387096405
1004,58261,173.46401977539062,233148,1418,-84651.95,459.18,1528.000732421875,0.0003,-0.22873301804065704,164,0.3457394540309906
1008,58716,237.35755920410156,234968,1429,-83478.65,458.35,1878.41552734375,0.0003,0.5464596748352051,164,0.34280070662498474
1012,58971,316.06170654296875,235988,1435,-84297.45,440.24,2514.599853515625,0.0003,0.725740909576416,164,0.33102136850357056
1016,59401,675.6458740234375,237708,1445,-82132.3,453.89,1509.830810546875,0.0003,-0.04314136505126953,164,0.32313817739486694
1020,60059,159.17845153808594,240340,1463,-81079.95,463.93,1500.6025390625,0.0003,0.018742799758911133,164,0.3189859688282013
1024,60512,355.1415710449219,242152,1474,-79813.8,463.99,1566.196533203125,0.0003,0.05401763319969177,164,0.32245418429374695
1028,61512,264.5413513183594,246152,1497,-78717.3,467.9,1952.8431396484375,0.0003,0.415229856967926,164,0.31765541434288025
1032,62512,442.14178466796875,250152,1521,-77967.1875,468.74,1776.81201171875,0.0003,0.2854991555213928,164,0.31124764680862427
1036,62952,204.53579711914062,251912,1532,-78013.6875,463.39,1997.560546875,0.0003,-0.22764699161052704,164,0.3130744993686676
1040,63220,325.56610107421875,252984,1538,-79026.1875,454.65,1625.937255859375,0.0003,1.161466121673584,164,0.3274860978126526
1044,63763,204.028076171875,255156,1551,-79097.7875,461.81,1703.721435546875,0.0003,-0.2417476326227188,164,0.3210315406322479
1048,64220,377.2388000488281,256984,1562,-79171.1875,469.15,1692.26953125,0.0003,-0.13152962923049927,164,0.3232246935367584
1052,64498,637.2327270507812,258096,1569,-80256.6875,467.11,2303.871826171875,0.0003,-0.18511398136615753,164,0.32019203901290894
1056,64785,172.01478576660156,259244,1576,-80267.5875,468.2,1599.388671875,0.0003,0.337724506855011,164,0.3124251663684845
1060,65019,233.05528259277344,260180,1581,-80185.5875,460.0,1994.7470703125,0.0003,0.7398397922515869,164,0.3058784008026123
1064,65269,166.32386779785156,261180,1588,-80190.2875,460.47,1571.508056640625,0.0003,-1.1758646965026855,164,0.30146875977516174
1068,65526,173.46633911132812,262208,1594,-81217.2375,452.51,1629.089111328125,0.0003,-0.02921825647354126,164,0.29440292716026306
1072,65699,145.4055938720703,262900,1598,-81213.7375,452.16,1415.526611328125,0.0003,-0.2714617848396301,164,0.29160723090171814
1076,65957,152.8720245361328,263932,1605,-81219.1375,452.7,1581.379150390625,0.0003,-0.42729616165161133,164,0.29376691579818726
1080,66160,330.24993896484375,264744,1610,-81303.175,448.89,1533.9879150390625,0.0003,-1.431571125984192,164,0.2935020327568054
1084,66354,387.29571533203125,265520,1615,-81323.2125,437.49,1744.5068359375,0.0003,-0.47417065501213074,164,0.2906986474990845
1088,66571,415.765625,266388,1620,-81416.1625,435.7,1916.428955078125,0.0003,-0.4995482265949249,164,0.28720080852508545
1092,66778,174.00245666503906,267216,1625,-82633.6625,429.41,1673.3310546875,0.0003,0.27335280179977417,164,0.28523558378219604
1096,66989,728.2275390625,268060,1630,-84855.6625,412.25,1993.3505859375,0.0003,0.33457863330841064,164,0.28645822405815125
1100,67196,572.711669921875,268888,1634,-86129.625,396.61,2770.1669921875,0.0003,1.0023624897003174,164,0.2849780321121216
1104,67379,152.52035522460938,269620,1639,-89370.05,367.88,1593.4234619140625,0.0003,-1.6198604106903076,164,0.28496819734573364
1108,67560,283.1719665527344,270344,1643,-90445.65,358.94,2354.57177734375,0.0003,-1.447412133216858,164,0.28347668051719666
1112,67760,338.95135498046875,271144,1648,-90473.05,361.68,2768.082275390625,0.0003,-0.2602919936180115,164,0.28193873167037964
1116,67925,218.5576171875,271804,1653,-92586.1,342.82,1876.84326171875,0.0003,-0.10033024847507477,164,0.2822091579437256
1120,68138,253.3773956298828,272656,1658,-93577.85,326.72,2037.1220703125,0.0003,-0.9289286732673645,164,0.2803667485713959
1124,68358,375.997802734375,273536,1663,-94746.2,316.88,2118.225830078125,0.0003,0.4300461709499359,164,0.28054752945899963
1128,68555,478.1897888183594,274324,1668,-97716.0375,288.74,2665.546875,0.0003,0.7148935198783875,164,0.28167423605918884
1132,68778,381.2795104980469,275216,1673,-101563.8,257.37,2235.406005859375,0.0003,-0.5989800095558167,164,0.27748146653175354
1136,68983,207.213134765625,276036,1678,-102403.7,241.37,1989.5758056640625,0.0003,-0.32328781485557556,164,0.27530527114868164
1140,69172,274.4184265136719,276792,1683,-102381.6,239.16,1834.0289306640625,0.0003,-0.5463501214981079,164,0.2765205502510071
1144,69359,208.65481567382812,277540,1687,-102300.8,231.08,1900.1982421875,0.0003,1.1333837509155273,164,0.2791118919849396
1148,69540,431.8443603515625,278264,1691,-102163.6,217.36,1938.978271484375,0.0003,1.1776210069656372,164,0.28245097398757935
1152,69791,714.6728515625,279268,1697,-102105.1,211.51,2870.9296875,0.0003,0.36504867672920227,164,0.282496839761734
1156,70112,227.89183044433594,280552,1706,-102091.5,210.15,2172.7109375,0.0003,0.05605107545852661,164,0.28792834281921387
1160,70333,725.7374267578125,281436,1712,-102142.9,215.29,2279.60205078125,0.0003,-0.8218814730644226,164,0.2930765151977539
1164,70513,439.438720703125,282156,1716,-102118.0,212.8,2286.82421875,0.0003,-0.8563753962516785,164,0.29645901918411255
1168,70726,751.804443359375,283008,1721,-102107.2,211.72,3425.135498046875,0.0003,0.5446736216545105,164,0.2972692549228668
1172,71064,761.0781860351562,284360,1730,-102126.2,213.62,3049.80322265625,0.0003,0.6782491207122803,164,0.29827409982681274
1176,71415,247.64093017578125,285764,1738,-102154.8,216.48,2335.24169921875,0.0003,-0.7518954277038574,164,0.3002186119556427
1180,72347,353.4002380371094,289492,1760,-101323.0,233.29,3357.6591796875,0.0003,1.4955745935440063,164,0.3129866421222687
1184,73217,443.4145812988281,292972,1781,-99602.2,261.19,2664.0126953125,0.0003,0.853202760219574,164,0.34106573462486267
1188,73695,281.5800476074219,294884,1793,-98771.0,278.06,2891.46875,0.0003,1.4802591800689697,164,0.3566538691520691
1192,74258,376.10162353515625,297136,1806,-97905.4,291.49,2646.298828125,0.0003,0.464247465133667,164,0.38340047001838684
1196,75217,248.34523010253906,300972,1829,-95158.6,316.78,2999.58984375,0.0003,1.171128273010254,164,0.4076724946498871
1200,75397,376.0250549316406,301692,1833,-95283.3,329.25,2260.183349609375,0.0003,-0.17459985613822937,164,0.4114823341369629
1204,75672,253.29576110839844,302792,1840,-95302.2,331.14,2829.130859375,0.0003,0.538263738155365,164,0.406436026096344
1208,76604,407.3571472167969,306520,1863,-94509.8,351.89,2740.6806640625,0.0003,-0.8040873408317566,164,0.39696311950683594
1212,77604,221.3296356201172,310520,1887,-90836.4,384.51,3038.14501953125,0.0003,-0.07758407294750214,164,0.37925004959106445
1216,78604,152.20506286621094,314520,1910,-88155.2,416.36,2027.50537109375,0.0003,-0.4973876476287842,164,0.34722307324409485
1220,79474,162.9929656982422,318000,1931,-85446.8,445.49,2160.4296875,0.0003,-1.3713405132293701,164,0.3171038329601288
1224,80301,640.450927734375,321308,1950,-82711.6,471.94,3468.667724609375,0.0003,0.07908764481544495,164,0.2978159189224243
1228,81301,175.1603240966797,325308,1973,-79032.4,503.98,2092.89453125,0.0003,-1.029893398284912,164,0.279676228761673
1232,82301,591.1909790039062,329308,1998,-75346.5,535.35,3085.124755859375,0.0003,0.678230881690979,164,0.2603226602077484
1236,83301,344.77239990234375,333308,2023,-72656.1,566.28,2100.1171875,0.0003,-0.10815685242414474,164,0.23737862706184387
1240,84031,423.3009948730469,336228,2041,-69910.6,591.7,3007.485107421875,0.0003,-0.48528552055358887,164,0.22777701914310455
1244,84872,152.3206329345703,339592,2061,-68092.5,609.87,1916.94287109375,0.0003,-0.7359151244163513,164,0.2183617353439331
1248,85721,331.7712707519531,342988,2082,-67272.1,627.82,1871.18798828125,0.0003,-1.1598355770111084,164,0.2017660140991211
1252,86270,158.09312438964844,345184,2095,-64537.0,654.28,2171.32421875,0.0003,-0.7699877023696899,164,0.19675391912460327
1256,87270,252.4826202392578,349184,2119,-60843.8,684.92,2328.773193359375,0.0003,-0.9298873543739319,164,0.1860869824886322
1260,88270,322.3789367675781,353184,2143,-57108.8,711.38,2188.93310546875,0.0003,0.23868203163146973,164,0.17623719573020935
1264,89270,203.8650360107422,357184,2168,-55362.9,736.77,2402.998779296875,0.0003,1.3303214311599731,164,0.17471371591091156
1268,90270,357.54608154296875,361184,2193,-52630.2,763.47,1861.3489990234375,0.0003,-0.4488784670829773,164,0.1640244424343109
1272,91270,111.5046615600586,365184,2217,-48923.5,792.76,1602.2767333984375,0.0003,0.08151644468307495,164,0.1563071608543396
1276,91939,221.83383178710938,367860,2233,-46149.9,815.37,2340.90087890625,0.0003,1.5193967819213867,164,0.15032750368118286
1280,92246,379.7192077636719,369088,2241,-47055.1,805.9,2392.34912109375,0.0003,-0.23366647958755493,164,0.149015411734581
1284,92455,283.8135681152344,369924,2246,-48820.5,782.46,2854.43994140625,0.0003,1.5063269138336182,164,0.14838959276676178
1288,92607,186.89297485351562,370532,2249,-49627.1,763.13,2288.282958984375,0.0003,-1.0976346731185913,164,0.1477142721414566
1292,92751,138.59947204589844,371108,2253,-50484.8,748.91,1538.015380859375,0.0003,0.10218179225921631,164,0.14774394035339355
1296,92887,153.2476806640625,371652,2256,-53204.9,720.95,1993.236083984375,0.0003,-3.41443133354187,164,0.1490648239850998
1300,93061,117.73153686523438,372348,2260,-53067.3,707.19,1965.160888671875,0.0003,-0.9290233850479126,164,0.14923901855945587
1304,93164,455.5644226074219,372760,2263,-53016.4,702.1,1223.630615234375,0.0003,-1.4838144779205322,164,0.15094894170761108
1308,93270,703.4078369140625,373184,2265,-53774.8,677.95,1712.0953369140625,0.0003,0.3796030282974243,164,0.15079514682292938
1312,93358,537.7611083984375,373536,2268,-57414.5,641.96,1800.0517578125,0.0003,1.1419719457626343,164,0.15227705240249634
1316,93440,327.9432067871094,373864,2270,-60060.9,606.63,1595.2314453125,0.0003,0.5125478506088257,164,0.1533237099647522
1320,93544,147.32211303710938,374280,2273,-62730.4,573.61,1909.7862548828125,0.0003,-0.7012776136398315,164,0.15312989056110382
1324,93639,228.97076416015625,374660,2275,-65418.7,542.47,2308.55908203125,0.0003,3.3819844722747803,164,0.15204358100891113
1328,93737,128.21157836914062,375052,2277,-69058.2,506.46,1666.80810546875,0.0003,-3.274275779724121,164,0.15239624679088593
1332,93836,160.84722900390625,375448,2279,-72697.0,470.38,1726.16455078125,0.0003,-1.2423378229141235,164,0.15117307007312775
1336,93934,142.60772705078125,375840,2282,-75343.4,435.05,2001.2054443359375,0.0003,-1.4587955474853516,164,0.15045522153377533
1340,94038,111.45829772949219,376256,2284,-78042.9,405.03,1561.46875,0.0003,-1.1605842113494873,164,0.14940814673900604
1344,94138,325.1541748046875,376656,2286,-79817.8,382.54,1697.885986328125,0.0003,-1.7312650680541992,164,0.1490119993686676
1348,94244,231.49473571777344,377080,2289,-80601.4,360.91,2981.59228515625,0.0003,-2.241445302963257,164,0.1470509171485901
1352,94333,276.49639892578125,377436,2291,-83286.2,329.42,3095.572021484375,0.0003,1.3584892749786377,164,0.1459074169397354
1356,94450,186.91017150878906,377904,2294,-86927.8,293.62,2001.42724609375,0.0003,0.3668065667152405,164,0.1444605588912964
1360,94539,522.4946899414062,378260,2296,-90532.9,254.17,1661.0162353515625,0.0003,-1.0795798301696777,164,0.1439160853624344
1364,94622,110.34868621826172,378592,2298,-92265.3,227.43,1578.76611328125,0.0003,0.9879710674285889,164,0.14475953578948975
1368,94706,386.5343933105469,378928,2300,-94955.7,196.5,2167.889404296875,0.0003,2.6837174892425537,164,0.1448800414800644
1372,94798,165.79092407226562,379296,2302,-98591.3,160.1,1740.5933837890625,0.0003,0.7351934909820557,164,0.14524270594120026
1376,94913,171.2295379638672,379756,2305,-101281.5,129.15,1746.1390380859375,0.0003,0.3969461917877197,164,0.14653164148330688
1380,95015,404.15087890625,380164,2308,-101172.8,118.28,1359.4434814453125,0.0003,-1.8192073106765747,164,0.14619600772857666
1384,95110,555.4071044921875,380544,2311,-101090.4,110.04,1887.659912109375,0.0003,1.3431744575500488,164,0.1464841216802597
1388,95233,431.1840515136719,381036,2313,-101069.9,107.99,2612.96826171875,0.0003,1.9222557544708252,164,0.14586326479911804
1392,95331,164.72508239746094,381428,2316,-101037.1,104.71,1822.1929931640625,0.0003,0.6562908291816711,164,0.1462218016386032
1396,95442,66.66363525390625,381872,2318,-101022.6,103.26,1264.8250732421875,0.0003,-2.9730172157287598,164,0.14748160541057587
1400,95558,308.0376892089844,382336,2321,-101002.6,101.26,1574.765869140625,0.0003,-0.24348780512809753,164,0.1478131115436554
1404,95654,201.53656005859375,382720,2323,-100999.5,100.95,1977.0926513671875,0.0003,0.2053450345993042,164,0.14817313849925995
1408,95748,213.23997497558594,383096,2326,-100993.1,100.31,1683.072509765625,0.0003,-1.5485507249832153,164,0.14687100052833557
1412,95852,118.78288269042969,383512,2329,-100994.9,100.49,1575.1142578125,0.0003,-2.3658034801483154,164,0.14538796246051788
1416,95937,110.28328704833984,383852,2331,-100993.7,100.37,1653.25048828125,0.0003,-1.312882661819458,164,0.1433664709329605
1420,96024,558.309326171875,384200,2333,-100986.0,99.6,2084.612548828125,0.0003,-0.47751331329345703,164,0.14131709933280945
1424,96108,629.4602661132812,384536,2335,-100977.8,98.78,1143.43212890625,0.0003,-1.918337345123291,164,0.13956493139266968
1428,96199,287.3486328125,384900,2337,-100974.6,98.46,3228.2490234375,0.0003,-1.5278533697128296,164,0.13759952783584595
1432,96289,367.3961181640625,385260,2339,-100971.9,98.19,2254.971923828125,0.0003,-0.5588003396987915,164,0.1361607313156128
1436,96383,285.0582580566406,385636,2341,-100973.2,98.32,1368.31591796875,0.0003,-1.0450737476348877,164,0.13534539937973022
1440,96480,170.79486083984375,386024,2344,-100969.8,97.98,1420.12109375,0.0003,-2.0809454917907715,164,0.13411366939544678
1444,96689,519.5745239257812,386860,2349,-100975.8,98.58,1788.999267578125,0.0003,-2.1867427825927734,164,0.13011202216148376
1448,96966,103.79618072509766,387968,2355,-100998.3,100.83,1750.312744140625,0.0003,-2.1954665184020996,164,0.12645430862903595
1452,97966,362.8726501464844,391968,2381,-97358.7,136.83,1940.533935546875,0.0003,1.7384297847747803,164,0.11912620067596436
1456,98966,120.32278442382812,395968,2405,-93717.1,172.63,1518.2628173828125,0.0003,-0.9066948890686035,164,0.12627530097961426
1460,99845,136.5515594482422,399484,2427,-91968.7,197.77,1702.84765625,0.0003,-0.7776394486427307,164,0.12888997793197632
1464,100576,120.96124267578125,402408,2444,-90166.6,227.54,1728.9718017578125,0.0003,1.2991992235183716,164,0.13624264299869537
1468,101576,255.1643524169922,406408,2469,-87406.2,261.47,1447.63134765625,0.0003,-0.3479418158531189,164,0.1371321976184845
1472,102061,312.1227722167969,408348,2482,-86559.3,276.77,1391.139404296875,0.0003,0.7337105870246887,164,0.13714271783828735
1476,102196,288.4729309082031,408888,2485,-85647.2,285.55,1411.5504150390625,0.0003,-0.32186567783355713,164,0.13986057043075562
1480,102312,288.19305419921875,409352,2488,-85636.5,284.48,1957.365234375,0.0003,0.9751603603363037,164,0.14135973155498505
1484,102675,130.50863647460938,410804,2497,-84729.6,293.78,1658.3336181640625,0.0003,-0.4334086775779724,164,0.14008142054080963
1488,103301,858.25927734375,413308,2512,-83733.6,304.17,2889.1171875,0.0003,1.7029767036437988,164,0.14367270469665527
1492,103417,596.5892944335938,413772,2515,-82730.5,313.85,2130.340576171875,0.0003,2.08947491645813,164,0.145708367228508
1496,104381,106.37755584716797,417628,2538,-80000.3,340.8,1510.436767578125,0.0003,0.034251779317855835,164,0.14752018451690674
1500,104541,111.6556625366211,418268,2543,-78172.6,358.01,1599.2828369140625,0.0003,0.32701659202575684,164,0.14497055113315582
1504,105345,132.21165466308594,421484,2563,-78358.1,376.56,1821.1131591796875,0.0003,0.8819385766983032,164,0.13970564305782318
1508,106145,223.09336853027344,424684,2582,-76673.6,408.09,1558.42431640625,0.0003,-1.6272026300430298,164,0.13742779195308685
1512,107145,138.96128845214844,428684,2607,-73032.1,443.9,1875.622314453125,0.0003,-1.6125277280807495,164,0.13980546593666077
1516,108145,93.04326629638672,432684,2631,-69398.1,480.46,1554.93701171875,0.0003,-2.179980754852295,164,0.1418599933385849
1520,109145,87.97383880615234,436684,2654,-65766.7,517.28,1202.45556640625,0.0003,-0.5688691139221191,164,0.12995436787605286
1524,110145,252.56124877929688,440684,2680,-62133.8,553.95,1173.903076171875,0.0003,-1.2891933917999268,164,0.1261301189661026
1528,111073,124.97894287109375,444396,2702,-60304.0,580.95,1612.7054443359375,0.0003,-0.9916912317276001,164,0.12620940804481506
1532,111493,465.0453796386719,446076,2712,-59532.1,603.75,1416.24072265625,0.0003,-2.423002004623413,164,0.11893991380929947
1536,111870,285.02325439453125,447584,2720,-59619.1,612.45,1495.8994140625,0.0003,-0.1985234022140503,164,0.116269052028656
1540,112069,121.12891387939453,448380,2725,-59653.5,615.89,1575.734619140625,0.0003,0.18919306993484497,164,0.1178981214761734
1544,112354,222.70668029785156,449520,2732,-59657.7,626.31,1259.130859375,0.0003,3.6583549976348877,164,0.12005888670682907
1548,112825,369.86663818359375,451404,2743,-59747.8,635.32,2213.221923828125,0.0003,2.432175636291504,164,0.12185551971197128
1552,113595,114.24710845947266,454484,2763,-63561.3,616.71,1567.455322265625,0.0003,0.06894925236701965,164,0.12046290934085846
1556,114557,121.01581573486328,458332,2786,-65521.3,612.73,1818.692138671875,0.0003,-1.5122079849243164,164,0.11833813786506653
1560,115557,362.06842041015625,462332,2811,-64628.8,623.47,2186.5283203125,0.0003,0.5750632882118225,164,0.1155221164226532
1564,115897,294.3036804199219,463692,2820,-64634.8,614.07,1462.629150390625,0.0003,-0.5742168426513672,164,0.11335747689008713
1568,116007,243.22073364257812,464132,2822,-67379.3,578.55,1148.4951171875,0.0003,-1.4534642696380615,164,0.1138930544257164
1572,116106,130.11964416503906,464528,2825,-68254.3,566.06,1614.697998046875,0.0003,-0.09231060743331909,164,0.11346761137247086
1576,116341,531.3623046875,465468,2830,-68259.9,566.62,1863.14697265625,0.0003,4.192202568054199,164,0.11305257678031921
1580,116469,141.18728637695312,465980,2833,-68293.1,569.94,1995.4443359375,0.0003,1.1311392784118652,164,0.1141119971871376
1584,117118,60.77568054199219,468576,2850,-69223.8,573.02,1129.681884765625,0.0003,-1.5364675521850586,164,0.11769655346870422
1588,117708,103.2262954711914,470936,2865,-68422.7,582.9,1368.2293701171875,0.0003,-1.138694405555725,164,0.11753306537866592
1592,118332,101.93403625488281,473432,2879,-68585.4,589.17,1332.94677734375,0.0003,-0.9771575927734375,164,0.11989881843328476
1596,118689,271.7754821777344,474860,2888,-71451.4,575.8,1484.181884765625,0.0003,-1.0247128009796143,164,0.12073856592178345
1600,118994,258.39093017578125,476080,2895,-72302.9,570.96,1346.9677734375,0.0003,-1.3580553531646729,164,0.12221989035606384
1604,119335,907.7188720703125,477444,2903,-72176.0,558.27,1726.8369140625,0.0003,-0.683466911315918,164,0.12312235683202744
1608,119547,323.628173828125,478292,2908,-73993.4,540.03,1846.5693359375,0.0003,-1.7551847696304321,164,0.12368811666965485
1612,119644,137.26881408691406,478680,2911,-77660.1,506.74,1772.782958984375,0.0003,2.027073860168457,164,0.12283378839492798
1616,119857,60.08051681518555,479532,2916,-81315.3,472.3,1160.8046875,0.0003,-1.5547313690185547,164,0.12288209050893784
1620,119984,311.1601257324219,480040,2919,-84965.7,437.38,1758.509033203125,0.0003,0.4374607801437378,164,0.12229450792074203
1624,120078,73.86410522460938,480416,2921,-88635.2,404.37,1385.274169921875,0.0003,-0.9526065587997437,164,0.12168091535568237
1628,120198,222.1722869873047,480896,2924,-90469.7,377.84,3031.532958984375,0.0003,-0.18729764223098755,164,0.12041289359331131
1632,120276,109.96923065185547,481208,2926,-91242.6,355.14,1463.2303466796875,0.0003,-2.397866725921631,164,0.12029906362295151
1636,120363,347.1537170410156,481556,2928,-91145.9,345.47,1659.83544921875,0.0003,0.7306389808654785,164,0.1205989271402359
1640,120451,141.92559814453125,481908,2931,-91110.4,341.92,1810.548095703125,0.0003,-1.4365342855453491,164,0.12071619927883148
1644,120557,114.32479858398438,482332,2934,-91098.6,330.74,1452.98486328125,0.0003,-0.3613722324371338,164,0.12161972373723984
1648,120632,93.86090087890625,482632,2935,-90987.7,319.65,1556.047119140625,0.0003,0.34080439805984497,164,0.12162862718105316
1652,120708,130.20274353027344,482936,2937,-90804.8,301.36,1729.58056640625,0.0003,1.3549984693527222,164,0.12235336750745773
1656,120796,512.2949829101562,483288,2940,-92477.0,268.6,3253.4599609375,0.0003,1.9812912940979004,164,0.124217189848423
1660,120981,364.9515075683594,484028,2945,-95116.4,232.57,2290.14990234375,0.0003,0.19673246145248413,164,0.12277493625879288
1664,121156,146.58810424804688,484728,2949,-96915.2,212.47,1772.982177734375,0.0003,0.8075012564659119,164,0.1220693290233612
1668,121691,267.6361389160156,486868,2961,-95963.6,227.3,1427.296630859375,0.0003,-0.9438477754592896,164,0.12383358180522919
1672,121870,51.15776824951172,487584,2965,-95939.3,234.87,1110.8858642578125,0.0003,-2.056138038635254,164,0.12353789806365967
1676,122775,192.26739501953125,491204,2987,-96029.3,243.87,2145.95703125,0.0003,0.6054576635360718,164,0.11307081580162048
1680,122957,302.1024169921875,491932,2992,-95163.5,257.28,1359.0684814453125,0.0003,0.29407310485839844,164,0.11239401996135712
1684,123197,91.07199096679688,492892,2997,-95134.7,244.4,1459.5166015625,0.0003,1.1142337322235107,164,0.1119980737566948
1688,123308,308.1200256347656,493336,3000,-96950.0,225.95,3501.466552734375,0.0003,0.6947633624076843,164,0.11166734248399734
1692,123397,331.4705505371094,493692,3002,-96872.1,218.16,1486.8670654296875,0.0003,0.42793238162994385,164,0.11234284937381744
1696,123477,251.14805603027344,494012,3004,-96729.1,203.86,1748.8447265625,0.0003,1.4792289733886719,164,0.11180398613214493
1700,123575,254.1633758544922,494404,3006,-97699.0,190.86,3076.52978515625,0.0003,0.2810746431350708,164,0.11146872490644455
1704,123660,259.90869140625,494744,3008,-97640.3,184.99,1131.40771484375,0.0003,-2.588076114654541,164,0.11128834635019302
1708,123758,87.25430297851562,495136,3010,-97503.5,171.31,1513.4091796875,0.0003,-1.1748924255371094,164,0.11052906513214111
1712,123840,71.69564056396484,495464,3012,-97480.7,169.03,1226.2098388671875,0.0003,1.9057445526123047,164,0.1101842075586319
1716,123944,77.86873626708984,495880,3015,-97463.6,167.32,1304.867919921875,0.0003,0.07980477809906006,164,0.11008670926094055
1720,124097,137.9114227294922,496492,3018,-97449.2,165.88,1819.726806640625,0.0003,1.7946674823760986,164,0.1118796318769455
1724,124226,271.15289306640625,497008,3022,-97437.3,164.69,1493.2786865234375,0.0003,-2.8732242584228516,164,0.1118122786283493
1728,124510,157.6255340576172,498144,3028,-97476.9,168.65,1885.65478515625,0.0003,4.337714195251465,164,0.10919535160064697
1732,124870,328.69927978515625,499584,3037,-97617.1,182.67,1603.425537109375,0.0003,-2.664468288421631,164,0.10884863138198853
1736,125106,139.28451538085938,500528,3042,-97642.0,185.16,1855.283203125,0.0003,2.726497173309326,164,0.11011700332164764
1740,125284,198.46588134765625,501240,3047,-97701.9,191.15,2490.17626953125,0.0003,1.9355570077896118,164,0.11189571768045425
1744,125778,281.1708679199219,503216,3058,-97803.5,201.31,1417.429443359375,0.0003,-3.1629271507263184,164,0.10892774164676666
1748,125985,165.78733825683594,504044,3063,-97926.2,213.58,1596.10302734375,0.0003,1.3291089534759521,164,0.10753531754016876
1752,126331,477.73565673828125,505428,3071,-97922.7,223.23,1333.796875,0.0003,-0.4881190061569214,164,0.10714893043041229
1756,127103,323.3282470703125,508516,3089,-98056.3,236.59,1634.4071044921875,0.0003,1.3893182277679443,164,0.10571834444999695
1760,127765,84.87661743164062,511164,3106,-95363.9,267.32,1328.44921875,0.0003,0.8256688117980957,164,0.10423920303583145
1764,128765,50.56647872924805,515164,3130,-91729.4,303.83,1111.95166015625,0.0003,-1.3330647945404053,164,0.10635969042778015
1768,129765,131.42300415039062,519164,3155,-89060.1,326.87,1958.492431640625,0.0003,2.4346237182617188,164,0.10234840959310532
1772,130518,307.5524597167969,522176,3173,-89230.9,333.95,1420.87890625,0.0003,-2.1982316970825195,164,0.10176152735948563
1776,131127,325.2704772949219,524612,3188,-88249.4,335.79,2180.0615234375,0.0003,2.2406136989593506,164,0.09957002848386765
1780,131546,407.0096740722656,526288,3198,-87272.3,338.07,1382.6279296875,0.0003,-0.5712238550186157,164,0.09599821269512177
1784,132127,213.55267333984375,528612,3213,-85479.1,358.73,1266.54150390625,0.0003,2.9928386211395264,164,0.09302094578742981
1788,132241,146.8480987548828,529068,3216,-85518.2,362.64,1384.708740234375,0.0003,0.9655654430389404,164,0.09283461421728134
1792,132386,399.5912170410156,529648,3219,-86437.3,354.56,2047.430908203125,0.0003,2.156280040740967,164,0.09471096843481064
1796,132725,125.2178726196289,531004,3227,-86467.4,357.57,1730.6539306640625,0.0003,-0.140896737575531,164,0.09328952431678772
1800,132870,115.27559661865234,531584,3231,-85605.6,371.38,1396.780029296875,0.0003,0.055596232414245605,164,0.09170879423618317
1804,132981,129.14163208007812,532028,3233,-85612.9,372.11,1732.4241943359375,0.0003,-2.0880699157714844,164,0.09085977077484131
1808,133107,114.5553970336914,532532,3236,-85621.1,372.93,1542.31640625,0.0003,0.14643508195877075,164,0.08943269401788712
1812,133217,110.69932556152344,532972,3239,-85631.3,373.95,1484.3653564453125,0.0003,0.3971904516220093,164,0.08937424421310425
1816,133339,278.2967834472656,533460,3242,-85640.3,374.85,1291.62255859375,0.0003,0.9981976747512817,164,0.08968210965394974
1820,133453,225.75205993652344,533916,3244,-85645.9,375.41,1359.2471923828125,0.0003,3.997699737548828,164,0.08908815681934357
1824,133659,192.6296844482422,534740,3249,-85646.7,375.49,1567.0458984375,0.0003,2.473156452178955,164,0.09171707928180695
1828,134227,639.85009765625,537012,3263,-85747.2,385.54,1851.012451171875,0.0003,2.7137539386749268,164,0.09621845185756683
1832,134955,188.13992309570312,539924,3281,-84559.83333333001,387.46,1203.523193359375,0.0003,1.4385356903076172,164,0.10063008219003677
1836,135261,268.2784423828125,541148,3288,-82773.53333333001,408.81,1262.662109375,0.0003,2.5983948707580566,164,0.10428442806005478
1840,135552,707.8236083984375,542312,3295,-82754.83333333001,406.94,1589.78662109375,0.0003,2.6266369819641113,164,0.10787246376276016
1844,135757,111.60977172851562,543132,3300,-82687.73333333,400.23,1531.1612548828125,0.0003,-0.18197375535964966,164,0.10694248229265213
1848,135905,268.1832580566406,543724,3304,-82638.43333333,395.3,1274.417236328125,0.0003,0.07382357120513916,164,0.10561205446720123
1852,136068,235.74761962890625,544376,3308,-82683.53333333001,389.81,1062.9219970703125,0.0003,0.37286341190338135,164,0.10767073184251785
1856,136243,92.67366027832031,545076,3312,-82562.03333333001,377.66,1587.30810546875,0.0003,-2.6103148460388184,164,0.10852247476577759
1860,136945,308.03338623046875,547884,3329,-84250.03333333001,366.48,1646.8897705078125,0.0003,0.6263299584388733,164,0.1022559255361557
1864,137479,370.5362243652344,550020,3342,-87865.23333333,338.04,1929.072998046875,0.0003,2.4892168045043945,164,0.09960348904132843
1868,137827,67.07598114013672,551412,3350,-91525.83333333001,324.14,1192.1112060546875,0.0003,-1.8185381889343262,164,0.09747616201639175
1872,138244,58.55348587036133,553080,3360,-91484.73333333,320.03,1249.0263671875,0.0003,-3.1796340942382812,164,0.09784040600061417
1876,138448,314.1929016113281,553896,3365,-93350.93333333,306.67,1665.4755859375,0.0003,2.198800563812256,164,0.09682885557413101
1880,138621,191.49411010742188,554588,3369,-95211.83333333001,292.78,1621.00390625,0.0003,0.4560195207595825,164,0.09508365392684937
1884,138711,449.66717529296875,554948,3371,-97020.23333333,273.64,1283.8056640625,0.0003,0.9528437256813049,164,0.09456680715084076
1888,139649,124.29523468017578,558700,3394,-97054.13333333,277.03,1352.7264404296875,0.0003,-0.5970808863639832,164,0.09299825876951218
1892,139887,295.3644714355469,559652,3400,-95192.33333333001,300.83,1552.7205810546875,0.0003,-1.7371985912322998,164,0.09256546199321747
1896,140123,81.91789245605469,560596,3407,-95213.83333333001,302.98,1371.03466796875,0.0003,-0.8673862814903259,164,0.09131640940904617
1900,140388,316.75897216796875,561656,3413,-96175.83333333001,299.19,1508.955078125,0.0003,-1.0636399984359741,164,0.09143008291721344
1904,140926,53.74552536010742,563808,3426,-96130.63333333,304.67,1114.824951171875,0.0003,-1.230560541152954,164,0.0884137824177742
1908,141262,42.925865173339844,565152,3434,-95069.23333333,318.52,1086.821044921875,0.0003,0.29608356952667236,164,0.08933404833078384
1912,141483,54.05622482299805,566036,3439,-94192.73333333,330.86,1181.3426513671875,0.0003,-0.292108952999115,164,0.08999507129192352
1916,141700,97.79159545898438,566904,3444,-94224.73333333,334.06,1424.8785400390625,0.0003,-0.2057349681854248,164,0.08785681426525116
1920,141935,54.06077575683594,567844,3449,-94242.13333333,335.8,1102.13134765625,0.0003,-2.104539632797241,164,0.08896364271640778
1924,142126,265.5960388183594,568608,3454,-94075.03333333001,339.09,1243.5093994140625,0.0003,0.6358349919319153,164,0.08987021446228027
1928,142434,204.6394805908203,569840,3461,-94916.83333333001,323.28,1581.23681640625,0.0003,-1.4549235105514526,164,0.08806838095188141
1932,142600,345.381103515625,570504,3465,-95092.9,320.22,1764.7440185546875,0.0003,2.489354372024536,164,0.08702342957258224
1936,142766,501.7027282714844,571168,3469,-96912.3,302.18,1643.9893798828125,0.0003,-0.1935790777206421,164,0.08757089823484421
1940,143037,93.22221374511719,572252,3476,-96915.6,302.51,1621.579345703125,0.0003,-0.41667306423187256,164,0.08582016080617905
1944,143266,75.30693054199219,573168,3481,-96965.8,307.53,1285.59521484375,0.0003,-3.2759857177734375,164,0.08458681404590607
1948,143506,292.8302001953125,574128,3487,-96935.9,304.54,1334.466064453125,0.0003,-0.2832130789756775,164,0.08268244564533234
1952,143772,273.80902099609375,575192,3493,-96939.5,304.9,1202.286865234375,0.0003,-0.7392931580543518,164,0.08272890001535416
1956,144157,102.8428955078125,576732,3502,-96997.8,310.73,1364.942138671875,0.0003,0.14450931549072266,164,0.08264686167240143
1960,144445,112.31900787353516,577884,3509,-98114.7,302.43,1632.80859375,0.0003,1.92244291305542,164,0.08453451842069626
1964,144721,358.0615539550781,578988,3516,-98210.6,302.02,1770.022705078125,0.0003,-0.050520896911621094,164,0.0825214609503746
1968,144975,226.2660369873047,580004,3523,-98277.0,288.66,1132.03564453125,0.0003,-3.4103732109069824,164,0.08131732791662216
1972,145222,266.60015869140625,580992,3529,-98203.2,281.28,1688.41259765625,0.0003,1.958127737045288,164,0.08145399391651154
1976,145559,75.44414520263672,582340,3537,-98204.5,281.41,1287.42578125,0.0003,-0.8223950862884521,164,0.08100909739732742
1980,145841,240.4088592529297,583468,3544,-98206.2,281.58,1112.647705078125,0.0003,-1.7742232084274292,164,0.08142921328544617
1984,146154,285.8206481933594,584720,3551,-98332.0,294.16,1386.0498046875,0.0003,-2.2130308151245117,164,0.08175104111433029
1988,146458,478.9279479980469,585936,3559,-98312.0,292.16,1715.6767578125,0.0003,1.38616943359375,164,0.08075285702943802
1992,146657,102.87232971191406,586732,3564,-100230.2,274.0,1341.9837646484375,0.0003,0.9886438250541687,164,0.0798431932926178
1996,147649,278.10968017578125,590700,3587,-99308.6,281.83,1442.49658203125,0.0003,-3.8085193634033203,164,0.07977627217769623
2000,148649,310.94342041015625,594700,3611,-95571.3,308.06,1586.748046875,0.0003,-2.0743377208709717,164,0.07789115607738495
2004,149213,58.32402420043945,596956,3624,-93927.0,333.61,1258.1414794921875,0.0003,-0.568244218826294,164,0.07613030821084976
2008,149639,69.8693618774414,598660,3635,-95162.0,337.12,1244.269775390625,0.0003,-1.1917908191680908,164,0.07505232095718384
2012,150039,110.57542419433594,600260,3645,-96131.7,334.1,1458.25390625,0.0003,-0.13630938529968262,164,0.07204261422157288
2016,150432,248.42617797851562,601832,3654,-96188.3,339.76,1122.504150390625,0.0003,-0.7126836180686951,164,0.06875886768102646
2020,150814,119.82118225097656,603360,3663,-95347.2,355.64,1658.27197265625,0.0003,1.5618412494659424,164,0.06768545508384705
2024,151440,459.46844482421875,605864,3678,-95713.3,372.25,1390.3818359375,0.0003,0.7162933349609375,164,0.06414423137903214
2028,152419,111.19598388671875,609780,3701,-94917.4,392.65,1560.602294921875,0.0003,-0.8771228790283203,164,0.06557939201593399
2032,153104,131.20947265625,612520,3718,-93937.5875,405.98,1735.671142578125,0.0003,2.828366279602051,164,0.06708170473575592
2036,153833,226.1245574951172,615436,3735,-93199.2875,432.14,1068.4910888671875,0.0003,-3.174487590789795,164,0.06499817967414856
2040,154377,84.45858764648438,617612,3748,-91394.7875,451.67,1320.914794921875,0.0003,2.1399874687194824,164,0.06327077746391296
2044,155369,454.0595703125,621580,3772,-90433.0375,465.73,1271.3565673828125,0.0003,-0.1601349115371704,164,0.06762242317199707
2048,155579,69.39595794677734,622420,3777,-89580.5375,480.47,1244.6221923828125,0.0003,1.0719000101089478,164,0.07044444233179092
2052,156455,130.2622833251953,625924,3799,-89593.1375,491.93,1457.818115234375,0.0003,5.595579147338867,164,0.07287915796041489
2056,156882,266.5680847167969,627632,3809,-87744.0375,507.0,1264.374267578125,0.0003,0.3916703462600708,164,0.07601660490036011
2060,157329,68.66810607910156,629420,3820,-86805.1375,513.1,1278.310546875,0.0003,-1.4922635555267334,164,0.07746165990829468
2064,157698,124.69383239746094,630896,3829,-85900.1375,522.59,1778.734375,0.0003,-0.33111000061035156,164,0.07780962437391281
2068,158029,123.5961685180664,632220,3837,-85889.6375,521.54,1648.458984375,0.0003,0.6842172145843506,164,0.07612472027540207
2072,158619,243.30052185058594,634580,3852,-85966.4375,529.22,1147.453369140625,0.0003,-1.811484694480896,164,0.07603134214878082
2076,158797,59.70569610595703,635292,3856,-86002.0375,532.78,1252.956298828125,0.0003,0.5097945928573608,164,0.07599781453609467
2080,159034,134.54568481445312,636240,3862,-85987.4375,531.32,1640.616943359375,0.0003,1.829138994216919,164,0.0761721208691597
2084,159559,70.58447265625,638340,3875,-85924.1375,524.99,1389.20263671875,0.0003,-0.9093969464302063,164,0.07795689254999161
2088,159880,427.9691467285156,639624,3882,-85983.6375,530.94,1134.9825439453125,0.0003,0.7701610326766968,164,0.07892130315303802
2092,160202,378.30169677734375,640912,3891,-85056.9375,538.26,1582.0211181640625,0.0003,-0.744953453540802,164,0.07866373658180237
2096,160985,93.76176452636719,644044,3910,-84141.6375,546.72,1389.2264404296875,0.0003,-0.06506040692329407,164,0.08556894212961197
2100,161162,279.7907409667969,644752,3914,-86914.2375,524.01,1552.1331787109375,0.0003,-1.2650799751281738,164,0.08453469723463058
2104,161567,120.40196990966797,646372,3924,-88679.4375,500.55,1399.03173828125,0.0003,0.1698128879070282,164,0.08126215636730194
2108,162115,79.64746856689453,648564,3937,-87675.6375,500.16,1383.99560546875,0.0003,-2.2109408378601074,164,0.0778593197464943
2112,162919,69.56829071044922,651780,3956,-86755.9375,508.18,1299.394775390625,0.0003,-2.067697286605835,164,0.07934772223234177
2116,163508,28.878204345703125,654136,3970,-85884.1375,520.99,1088.564208984375,0.0003,-2.246734142303467,164,0.07917634397745132
2120,163812,76.41304779052734,655352,3978,-85868.7375,519.45,1285.198974609375,0.0003,1.2401745319366455,164,0.08134614676237106
2124,164531,97.58788299560547,658228,3995,-85822.3375,514.81,1504.9327392578125,0.0003,-2.045712471008301,164,0.08511278033256531
2128,165106,204.06207275390625,660528,4009,-86766.4375,509.23,1067.916748046875,0.0003,0.32279837131500244,164,0.08474741131067276
2132,165765,103.2149887084961,663164,4025,-87914.85,512.76,1501.02587890625,0.0003,2.217231512069702,164,0.08305197954177856
2136,166109,615.6372680664062,664540,4033,-88747.65,496.05,1103.511474609375,0.0003,-0.5470951795578003,164,0.08168908208608627
2140,166555,82.81636047363281,666324,4044,-90637.75,485.08,1396.3719482421875,0.0003,-1.7345056533813477,164,0.07979904860258102
2144,167039,91.40601348876953,668260,4056,-91632.7,474.34,1398.2611083984375,0.0003,4.06170654296875,164,0.07908783853054047
2148,167387,348.0610046386719,669652,4064,-92579.0,468.98,1945.41552734375,0.0003,-0.32522767782211304,164,0.07725687325000763
2152,167731,213.5053253173828,671028,4074,-91535.775,469.05,1054.25048828125,0.0003,-1.8909991979599,164,0.07610459625720978
2156,168069,49.19249725341797,672380,4082,-93391.575,454.65,1150.8824462890625,0.0003,-0.02027362585067749,164,0.0780894085764885
2160,168426,258.0019226074219,673808,4091,-94293.475,444.85,1238.34912109375,0.0003,0.9027343988418579,164,0.07882459461688995
2164,169147,49.60322952270508,676692,4108,-95142.225,439.91,1171.2811279296875,0.0003,0.37557345628738403,164,0.07421467453241348
2168,169508,106.92893981933594,678136,4116,-94108.3375,460.57,1496.4404296875,0.0003,0.6634501218795776,164,0.07396689802408218
2172,169712,108.9443359375,678952,4121,-94045.0375,454.24,1520.991943359375,0.0003,3.348898410797119,164,0.07326959818601608
2176,169993,307.0357360839844,680076,4127,-94017.6375,451.5,1791.703369140625,0.0003,3.3806705474853516,164,0.0731775164604187
2180,170465,41.32050704956055,681964,4139,-94047.3375,454.47,1138.9510498046875,0.0003,0.9191427826881409,164,0.07181302458047867
2184,170817,64.97513580322266,683372,4148,-93964.9375,459.24,1260.1046142578125,0.0003,1.3560497760772705,164,0.07243368029594421
2188,171117,81.32591247558594,684572,4155,-93942.5375,457.0,1367.38232421875,0.0003,-2.474536895751953,164,0.07322695106267929
2192,171811,149.69070434570312,687348,4172,-94969.7375,459.73,1476.5576171875,0.0003,2.947047233581543,164,0.0756247490644455
2196,172139,77.83711242675781,688660,4180,-95913.8375,454.15,1251.4500732421875,0.0003,2.310166358947754,164,0.07694010436534882
2200,172413,252.31141662597656,689756,4187,-96849.9375,447.77,1181.9583740234375,0.0003,-1.7405052185058594,164,0.07845430076122284
2204,173000,52.02938461303711,692104,4201,-96854.9375,448.27,1222.246337890625,0.0003,1.2307050228118896,164,0.07652301341295242
2208,173607,59.07822036743164,694532,4218,-96750.65,453.24,1239.8602294921875,0.0003,0.11176109313964844,164,0.0750330463051796
2212,173881,60.9295654296875,695628,4225,-97665.45,444.73,1174.66357421875,0.0003,1.7204246520996094,164,0.07673068344593048
2216,174389,478.6544189453125,697660,4237,-97440.3,437.85,2097.99365234375,0.0003,5.7783098220825195,164,0.08394275605678558
2220,175000,272.4037170410156,700104,4252,-96504.4,444.25,1419.9830322265625,0.0003,3.908389091491699,164,0.10091282427310944
2224,175671,57.48388671875,702788,4269,-94560.3,449.82,1193.2607421875,0.0003,1.5238611698150635,164,0.1193309873342514
2228,175888,82.71662902832031,703656,4275,-94382.3,432.02,1392.624755859375,0.0003,1.0074070692062378,164,0.12432878464460373
2232,176047,514.256591796875,704292,4280,-93274.3,421.21,1717.6832275390625,0.0003,1.3592621088027954,164,0.1269761174917221
2236,176474,64.80558776855469,706000,4291,-93173.8,411.16,1229.952880859375,0.0003,-0.9410973787307739,164,0.13396549224853516
2240,177443,103.45082092285156,709876,4314,-90230.5,426.8,1404.14453125,0.0003,-0.8406268358230591,164,0.12942728400230408
2244,178306,19.91425132751465,713328,4335,-88428.6,446.59,1046.781982421875,0.0003,-4.258885860443115,164,0.10326957702636719
2248,178787,219.12380981445312,715252,4347,-87530.3,456.75,1061.636962890625,0.0003,-3.663250207901001,164,0.09359946846961975
2252,179282,208.47146606445312,717232,4359,-88628.125,451.94,1322.177001953125,0.0003,0.058632731437683105,164,0.08729762583971024
2256,179600,396.3554992675781,718504,4366,-88712.325,460.36,1092.7418212890625,0.0003,0.7745375633239746,164,0.0849699005484581
2260,180284,47.96416473388672,721240,4383,-88567.8875,471.63,1157.5908203125,0.0003,0.40048661828041077,164,0.08123660087585449
2264,181224,206.1999969482422,725000,4406,-87521.325,482.87,1123.8759765625,0.0003,-0.08784028887748718,164,0.08059394359588623
2268,182116,105.73960876464844,728568,4427,-87299.3875,487.45,1461.620849609375,0.0003,6.380178928375244,164,0.07843673974275589
2272,183116,35.65510177612305,732568,4452,-83385.6875,516.53,1101.18359375,0.0003,-1.2990432977676392,164,0.07741765677928925
2276,183666,411.46282958984375,734768,4467,-80206.15,540.21,1244.885986328125,0.0003,1.1696085929870605,164,0.07213795185089111
2280,184666,47.137481689453125,738768,4491,-77378.525,568.03,1109.573974609375,0.0003,-1.1909396648406982,164,0.06766698509454727
2284,185597,220.47145080566406,742492,4514,-76417.6375,583.62,1065.2760009765625,0.0003,-0.3704416751861572,164,0.06504439562559128
2288,186597,46.43710708618164,746492,4538,-72664.3375,608.25,1075.0936279296875,0.0003,2.310305595397949,164,0.06468559801578522
2292,187597,144.90768432617188,750492,4563,-68864.3375,628.21,1375.821044921875,0.0003,-1.039463758468628,164,0.07110290229320526
2296,188597,432.36431884765625,754492,4588,-66070.2375,648.77,1170.19775390625,0.0003,1.923729419708252,164,0.06874757260084152
2300,189597,28.775754928588867,758492,4612,-62361.5375,677.86,1078.5029296875,0.0003,2.492048978805542,164,0.0695008933544159
2304,190597,482.2001647949219,762492,4635,-58635.3375,705.2,1300.443603515625,0.0003,0.6510608196258545,164,0.06904348731040955
2308,191597,405.87921142578125,766492,4660,-55928.225,719.06,1038.5030517578125,0.0003,-1.1620535850524902,164,0.06934639811515808
2312,192504,77.8198013305664,770120,4682,-53981.425,734.36,1326.8997802734375,0.0003,-0.20063960552215576,164,0.06473909318447113
2316,193504,232.74143981933594,774120,4707,-52202.975,750.86,1150.022705078125,0.0003,0.7598242163658142,164,0.06377361714839935
2320,194504,414.0704040527344,778120,4730,-51332.175,763.77,1156.2803955078125,0.0003,2.197221040725708,164,0.06367193162441254
2324,194893,28.543764114379883,779676,4739,-50397.875,770.33,1095.379638671875,0.0003,-0.3915356695652008,164,0.06290136277675629
2328,195893,221.60997009277344,783676,4763,-46735.475,804.05,1089.639892578125,0.0003,1.507319450378418,164,0.06197863072156906
2332,196893,23.475534439086914,787676,4787,-44977.875,828.27,1089.571044921875,0.0003,0.6248846650123596,164,0.06177612394094467
2336,197720,265.27899169921875,790984,4806,-44147.575,855.23,1144.4208984375,0.0003,-2.455077648162842,164,0.06253228336572647
2340,198624,39.377315521240234,794600,4828,-45284.675,858.95,1143.12158203125,0.0003,-0.1948358416557312,164,0.06546296924352646
2344,199624,42.92304229736328,798600,4853,-43331.675,863.63,1147.96923828125,0.0003,-4.091050148010254,164,0.06355463713407516
2348,200624,242.1475830078125,802600,4878,-40450.475,875.48,1207.9012451171875,0.0003,2.073120594024658,164,0.0600808784365654
2352,201262,23.871957778930664,805152,4894,-40422.475,882.68,1063.712158203125,0.0003,-1.1478279829025269,164,0.05753212422132492
2356,201897,277.0922546386719,807692,4910,-39467.675,887.19,1293.896240234375,0.0003,1.1868377923965454,164,0.05491179600358009
2360,202398,57.92164611816406,809696,4923,-39683.8125,883.09,1202.902587890625,0.0003,0.7174216508865356,164,0.05548826977610588
2364,202947,82.27091217041016,811892,4937,-40923.025,880.94,1334.4017333984375,0.0003,3.1997227668762207,164,0.06242939457297325
2368,203251,357.68804931640625,813108,4944,-41241.65,861.97,1811.4384765625,0.0003,3.305842876434326,164,0.06322819739580154
2372,203397,383.4058837890625,813692,4948,-45135.35,830.89,1192.625732421875,0.0003,-0.051410675048828125,164,0.06323393434286118
2376,203766,25.88385581970215,815168,4956,-48264.8875,802.21,1076.693359375,0.0003,-2.1438944339752197,164,0.06332595646381378
2380,204159,12.82213020324707,816740,4966,-51158.5125,780.99,1049.639892578125,0.0003,-2.4530997276306152,164,0.062407709658145905
2384,205159,608.8258666992188,820740,4989,-50399.9,780.42,1065.36962890625,0.0003,-0.5956454873085022,164,0.06362628936767578
2388,205489,180.13694763183594,822060,4997,-52235.0,763.95,1537.545166015625,0.0003,-1.6005184650421143,164,0.06291644275188446
2392,205881,27.41801643371582,823628,5006,-55907.5,731.24,1093.34130859375,0.0003,-2.081254005432129,164,0.06095481663942337
2396,206159,318.14776611328125,824740,5013,-58724.4,712.96,1512.246826171875,0.0003,4.240381717681885,164,0.06068766489624977
2400,206381,641.99365234375,825628,5018,-62419.8,682.54,1348.112060546875,0.0003,4.019966125488281,164,0.06145298853516579
2404,206780,49.31058883666992,827224,5028,-66021.1,653.32,1176.3583984375,0.0003,-0.7451879978179932,164,0.061407800763845444
2408,207139,251.12522888183594,828660,5037,-69650.8,626.33,1194.6925048828125,0.0003,2.0778613090515137,164,0.06044190004467964
2412,207475,781.1170654296875,830004,5046,-71594.7,610.74,1319.352294921875,0.0003,4.867710113525391,164,0.06228788569569588
2416,208395,78.33614349365234,833684,5068,-73450.3,596.32,1498.757568359375,0.0003,1.9186675548553467,164,0.05958399549126625
2420,208924,32.06912612915039,835800,5081,-74353.3,586.63,1079.294921875,0.0003,-3.265852928161621,164,0.06162454932928085
2424,209420,431.852294921875,837784,5093,-74358.8,587.18,1143.06689453125,0.0003,1.4512397050857544,164,0.06131690368056297
2428,209858,401.1011962890625,839536,5104,-78041.5,555.49,1107.6591796875,0.0003,0.28237098455429077,164,0.06372563540935516
2432,210420,22.38353729248047,841784,5119,-78886.5,540.0,1110.89453125,0.0003,-0.06714010238647461,164,0.06166093796491623
2436,211420,59.47872543334961,845784,5142,-76033.3,544.65,1210.2493896484375,0.0003,0.42072486877441406,164,0.05854719504714012
2440,211924,47.173309326171875,847800,5154,-77752.5,516.59,1124.547119140625,0.0003,0.10147064924240112,164,0.06173183396458626
2444,212200,62.939510345458984,848904,5160,-79581.5,499.51,1188.9892578125,0.0003,1.5492057800292969,164,0.06192721426486969
2448,212340,33.16109848022461,849464,5164,-83285.6,469.96,1125.353759765625,0.0003,-0.9036123752593994,164,0.061884649097919464
2452,212509,797.643310546875,850140,5168,-83218.6,453.26,1078.509765625,0.0003,0.6817859411239624,164,0.06192178651690483
2456,213078,208.63534545898438,852416,5182,-84121.5,443.56,1063.0684814453125,0.0003,-2.8738555908203125,164,0.05965317413210869
2460,213610,56.46623611450195,854544,5194,-83148.2,446.22,1232.6728515625,0.0003,0.7891530990600586,164,0.06046752631664276
2464,213758,21.251270294189453,855136,5198,-82096.8,441.07,1091.529541015625,0.0003,-0.6361986398696899,164,0.0607953816652298
2468,213905,24.78059959411621,855724,5201,-82966.1,428.01,1082.0673828125,0.0003,-0.7034271359443665,164,0.06053107976913452
2472,214100,227.5667724609375,856504,5206,-82927.8,424.18,1064.0704345703125,0.0003,1.393076777458191,164,0.06037193164229393
2476,214239,205.0518035888672,857060,5209,-82907.9,422.19,1054.43896484375,0.0003,-0.6526544690132141,164,0.06116987392306328
2480,214378,11.139235496520996,857616,5212,-82831.9,414.59,1073.188720703125,0.0003,-3.2999014854431152,164,0.06080258637666702
2484,214509,16.55109977722168,858140,5216,-84572.1,388.63,1059.57177734375,0.0003,-3.861152410507202,164,0.06073654443025589
2488,214612,55.158199310302734,858552,5218,-86379.0,369.34,1181.9267578125,0.0003,0.44263315200805664,164,0.06042641028761864
2492,214761,62.43342590332031,859148,5222,-86357.0,367.14,1532.835693359375,0.0003,0.049066007137298584,164,0.06143124774098396
2496,215171,41.04993438720703,860788,5232,-87232.9,354.74,1222.938720703125,0.0003,1.9438159465789795,164,0.06298530101776123
2500,215862,32.80129623413086,863552,5248,-84500.8,381.5,1136.2325439453125,0.0003,-0.6084235906600952,164,0.06413277238607407
2504,216862,93.6939697265625,867552,5272,-80899.5,410.72,1553.650146484375,0.0003,2.1883678436279297,164,0.0656874030828476
2508,217862,206.0567169189453,871552,5296,-77269.8,437.71,1136.244384765625,0.0003,0.38892051577568054,164,0.0654439628124237
2512,218862,248.08938598632812,875552,5321,-74508.4,461.54,1225.713623046875,0.0003,-2.029268503189087,164,0.0698666125535965
2516,219862,626.6682739257812,879552,5345,-71793.5,480.02,1164.4873046875,0.0003,-1.4332762956619263,164,0.06853118538856506
2520,220862,18.16126251220703,883552,5370,-70887.8,489.44,1063.7220458984375,0.0003,-1.1436923742294312,164,0.06822966039180756
2524,221862,453.5379638671875,887552,5394,-69949.7,495.62,1214.9444580078125,0.0003,0.9664711952209473,164,0.06861945241689682
2528,222862,50.71263122558594,891552,5417,-66267.0,527.31,1177.73046875,0.0003,0.7597296237945557,164,0.0709085538983345
2532,223862,233.6321258544922,895552,5441,-64422.3,542.82,1155.661865234375,0.0003,-1.2740886211395264,164,0.06650591641664505
2536,224862,81.46614074707031,899552,5464,-64422.3,542.82,1349.9608154296875,0.0003,1.3205859661102295,164,0.06705330312252045
2540,225862,62.57146072387695,903552,5490,-60743.8,574.93,1349.8603515625,0.0003,-1.3601338863372803,164,0.06188336759805679
2544,226551,28.861175537109375,906308,5509,-62562.61666667,579.33,1066.74169921875,0.0003,0.25586795806884766,164,0.05998772382736206
2548,227255,48.72978973388672,909124,5526,-62764.116666669994,599.48,1136.61181640625,0.0003,1.951643705368042,164,0.06354697048664093
2552,228201,223.41908264160156,912908,5550,-61943.616666669994,617.42,1074.62548828125,0.0003,-0.5502357482910156,164,0.06530433893203735
2556,228980,11.08978271484375,916024,5569,-61101.016666669995,633.15,1025.6400146484375,0.0003,0.312785267829895,164,0.0641208216547966
2560,229980,205.12109375,920024,5593,-60145.41666667,647.58,1038.807861328125,0.0003,0.22372019290924072,164,0.0659945085644722
2564,230921,13.890143394470215,923788,5616,-59220.21666666999,665.05,1019.3433837890625,0.0003,-2.8166987895965576,164,0.06336289644241333
2568,231921,41.43214416503906,927788,5640,-57527.71666666999,695.78,1039.014404296875,0.0003,-0.4019089341163635,164,0.06119487062096596
2572,232320,36.66035461425781,929384,5650,-55805.116666669994,723.5,1119.236083984375,0.0003,0.9406644701957703,164,0.06121252849698067
2576,233019,23.922178268432617,932180,5667,-55953.21666666999,738.31,1049.4521484375,0.0003,0.2578815221786499,164,0.06656225770711899
2580,233490,32.999664306640625,934064,5679,-55158.21666666999,758.8,1068.063720703125,0.0003,0.20910364389419556,164,0.06539972871541977
2584,234231,27.91362762451172,937028,5697,-55339.71666666999,776.95,1057.41943359375,0.0003,0.18511086702346802,164,0.06473764032125473
2588,235084,22.442115783691406,940440,5718,-55464.31666667,799.41,1041.030029296875,0.0003,0.9880948066711426,164,0.06429626047611237
2592,235701,31.90228271484375,942908,5733,-53727.116666669994,825.67,1070.923095703125,0.0003,-1.1808228492736816,164,0.060763049870729446
2596,236355,39.69065475463867,945524,5749,-52925.71666666999,845.52,1255.109375,0.0003,-0.356391966342926,164,0.06116589158773422
2600,237231,219.54910278320312,949028,5769,-54639.31666667,836.9,1036.15771484375,0.0003,-0.7886922359466553,164,0.06573621928691864
2604,237547,30.014362335205078,950292,5777,-55984.72777778,822.59,1054.871826171875,0.0003,0.5824408531188965,164,0.06763362884521484
2608,238255,49.28807830810547,953124,5794,-59550.427777779994,799.2,1101.8870849609375,0.0003,0.5016502141952515,164,0.06873717159032822
2612,238745,18.040605545043945,955084,5806,-60234.12777778,787.58,1003.8417358398438,0.0003,5.925972938537598,164,0.07818811386823654
2616,238883,20.170166015625,955636,5809,-63885.62777778,762.77,997.5487670898438,0.0003,4.085299015045166,164,0.08004004508256912
2620,239876,214.68292236328125,959608,5833,-65411.72777778,745.4,1248.4976806640625,0.0003,-0.998238205909729,164,0.09457417577505112
2624,240346,221.3092041015625,961488,5846,-66934.12777778,737.66,1024.13232421875,0.0003,1.703627109527588,164,0.09936141222715378
2628,241153,261.2939758300781,964716,5866,-70560.92777778,730.38,1174.3671875,0.0003,1.0081448554992676,164,0.10357649624347687
2632,242153,259.7265930175781,968716,5891,-71434.92777778,727.79,1157.4814453125,0.0003,2.2738726139068604,164,0.09582430869340897
2636,243153,429.9971923828125,972716,5916,-72195.02777778,723.81,1302.2803955078125,0.0003,1.7688724994659424,164,0.08173586428165436
2640,243537,115.25991821289062,974252,5926,-75016.92777778,706.03,1518.0205078125,0.0003,1.2448207139968872,164,0.07850437611341476
2644,244304,214.9336700439453,977320,5944,-75173.01111111,699.14,996.6941528320312,0.0003,-1.4949895143508911,164,0.07127927243709564
2648,244843,130.0150604248047,979476,5957,-74118.61111111,693.69,1618.796630859375,0.0003,1.4536056518554688,164,0.07036898285150528
2652,244970,31.705934524536133,979984,5960,-74966.41111111,678.48,972.3748779296875,0.0003,-0.4451446533203125,164,0.06975516676902771
2656,245301,210.86619567871094,981308,5968,-74839.01111111,665.74,972.2770385742188,0.0003,-3.106717109680176,164,0.06646160781383514
2660,245638,41.49468994140625,982656,5976,-76689.51111111,640.81,1050.1949462890625,0.0003,0.16450995206832886,164,0.06398336589336395
2664,246462,392.5942077636719,985952,5995,-77593.11111111,621.18,945.5054931640625,0.0003,-2.7087979316711426,164,0.06189445033669472
2668,246603,6.3709940910339355,986516,5999,-78433.81111111,605.26,964.048095703125,0.0003,-1.931417465209961,164,0.06197725981473923
2672,246773,371.123046875,987196,6003,-80245.31111111,586.43,1130.78955078125,0.0003,2.0022075176239014,164,0.06196173280477524
2676,246920,268.9046325683594,987784,6006,-80096.81111111,571.58,1646.725830078125,0.0003,3.235145092010498,164,0.06281942874193192
2680,247920,49.081268310546875,991784,6030,-77195.21111111,581.39,1116.0172119140625,0.0003,1.6085984706878662,164,0.06108981370925903
2684,248811,201.18765258789062,995348,6051,-76146.81111111,576.54,961.860107421875,0.0003,0.77342689037323,164,0.06011289730668068
2688,248949,50.36455535888672,995900,6054,-74205.51111111,572.39,1149.1070556640625,0.0003,5.072127819061279,164,0.06205549091100693
2692,249125,49.4184455871582,996604,6059,-75933.61111111,545.22,1158.6048583984375,0.0003,0.7851219773292542,164,0.06543417274951935
2696,249250,202.07366943359375,997104,6062,-76725.21111111,524.39,952.87939453125,0.0003,-2.4188320636749268,164,0.06624272465705872
2700,249998,158.37644958496094,1000096,6081,-77810.61111111,512.94,990.8366088867188,0.0003,-1.356746792793274,164,0.06540218740701675
2704,250165,6.418227672576904,1000764,6085,-80177.2,498.49,936.1508178710938,0.0003,-2.116762638092041,164,0.06493522971868515
2708,250299,397.70977783203125,1001300,6088,-80239.2,484.69,976.19580078125,0.0003,-0.17655646800994873,164,0.0641438364982605
2712,250435,233.35272216796875,1001844,6092,-81298.8,470.66,1027.109130859375,0.0003,7.481503486633301,164,0.06582318246364594
2716,250803,255.83778381347656,1003316,6101,-81251.8,466.36,1496.87939453125,0.0003,2.3746097087860107,164,0.06738510727882385
2720,251379,63.63242721557617,1005620,6115,-81479.8,459.16,1544.060791015625,0.0003,-0.4800165891647339,164,0.06710972636938095
2724,251521,8.630326271057129,1006188,6118,-81771.8,448.36,959.5648193359375,0.0003,0.8353586196899414,164,0.06744635105133057
2728,251664,15.703424453735352,1006760,6122,-81772.5,418.43,987.77001953125,0.0003,-3.4887564182281494,164,0.06684759259223938
2732,251841,49.768531799316406,1007468,6126,-84529.3,384.14,1244.30712890625,0.0003,-1.283808708190918,164,0.06581506878137589
2736,251921,28.270109176635742,1007788,6128,-87444.0,355.64,1015.3699951171875,0.0003,0.5888381004333496,164,0.06682753562927246
2740,252072,202.36233520507812,1008392,6132,-88255.7,336.82,950.8944091796875,0.0003,0.4226545989513397,164,0.06586103141307831
2744,252160,211.29100036621094,1008744,6134,-88083.4,319.59,994.2786865234375,0.0003,2.760073184967041,164,0.06486418843269348
2748,252252,208.2002410888672,1009112,6136,-88862.2,297.48,968.9439697265625,0.0003,1.7782063484191895,164,0.06394415348768234
2752,252323,67.91339874267578,1009396,6138,-87907.5,302.0,1405.9921875,0.0003,0.06253600120544434,164,0.06385290622711182
2756,252404,249.17291259765625,1009720,6140,-88765.5,287.81,1075.8359375,0.0003,3.606544017791748,164,0.06339582055807114
2760,252478,7.368783473968506,1010016,6141,-88691.6,280.42,939.0101928710938,0.0003,-1.0195542573928833,164,0.06290508806705475
2764,252548,247.78182983398438,1010296,6143,-89545.8,265.85,1102.588623046875,0.0003,3.295322895050049,164,0.06254004687070847
2768,252621,37.54936599731445,1010588,6145,-90377.9,249.07,1009.53076171875,0.0003,1.6874394416809082,164,0.06256792694330215
2772,252690,204.72410583496094,1010864,6147,-90266.8,237.96,974.861328125,0.0003,0.22979959845542908,164,0.06251548230648041
2776,252761,253.60400390625,1011148,6149,-90249.4,236.22,1345.8662109375,0.0003,-0.37785351276397705,164,0.06240152195096016
2780,252838,7.823086261749268,1011456,6150,-93878.1,199.13,946.028076171875,0.0003,-0.8389220833778381,164,0.06239088624715805
2784,252962,386.2371520996094,1011952,6153,-94733.7,184.7,947.317138671875,0.0003,-2.7026047706604004,164,0.062173716723918915
2788,253041,215.37098693847656,1012268,6155,-96540.4,165.39,1020.2747802734375,0.0003,-2.332921028137207,164,0.062020111829042435
2792,253116,229.64111328125,1012568,6157,-96529.6,164.31,1033.9071044921875,0.0003,0.6758137941360474,164,0.061700452119112015
2796,253201,61.031673431396484,1012908,6159,-96477.8,159.13,1081.384521484375,0.0003,-1.3661140203475952,164,0.06122858449816704
2800,253278,388.7676086425781,1013216,6161,-96346.5,146.0,955.95751953125,0.0003,-1.0112870931625366,164,0.06071187183260918
2804,253361,74.80167388916016,1013548,6163,-96264.9,137.84,1359.4915771484375,0.0003,-2.1954939365386963,164,0.06088412180542946
2808,253457,14.234951972961426,1013932,6166,-96266.6,138.01,980.01318359375,0.0003,-1.3542165756225586,164,0.06041714921593666
2812,253534,45.96016311645508,1014240,6168,-97185.5,129.91,1464.7545166015625,0.0003,0.19438964128494263,164,0.059865593910217285
2816,253605,20.78871726989746,1014524,6169,-97209.6,121.92,995.5320434570312,0.0003,3.2889645099639893,164,0.059252504259347916
2820,253676,7.100090980529785,1014808,6171,-98089.7,109.94,946.558837890625,0.0003,-3.0290310382843018,164,0.05859887972474098
2824,253748,11.53812026977539,1015096,6173,-99904.0,91.39,978.2877807617188,0.0003,-0.46715185046195984,164,0.05806926637887955
2828,253819,14.60102653503418,1015380,6174,-99905.5,91.54,968.549072265625,0.0003,0.2088521122932434,164,0.057640012353658676
2832,253914,221.25355529785156,1015760,6176,-99922.4,93.23,986.747802734375,0.0003,-0.5497303009033203,164,0.0575808510184288
2836,254044,7.141585350036621,1016280,6179,-99876.1,88.6,927.4176025390625,0.0003,-0.9450966119766235,164,0.056301724165678024
2840,254119,27.667823791503906,1016580,6181,-99881.6,89.15,1323.347412109375,0.0003,-1.4426745176315308,164,0.0557188056409359
2844,254191,415.7208251953125,1016868,6183,-99883.5,89.34,1041.6456298828125,0.0003,-1.8166173696517944,164,0.05527537688612938
2848,254264,65.21793365478516,1017160,6185,-99882.6,89.25,1245.143798828125,0.0003,1.8847143650054932,164,0.054363690316677094
2852,254438,42.40871810913086,1017856,6189,-100803.7,81.37,968.7049560546875,0.0003,-2.665745735168457,164,0.05307438224554062
2856,254563,12.171783447265625,1018356,6192,-100835.1,84.51,949.17041015625,0.0003,-0.6443265676498413,164,0.05179337412118912
2860,254767,201.06826782226562,1019172,6196,-100873.9,88.39,964.3988037109375,0.0003,0.7841966152191162,164,0.05234101414680481
2864,254873,49.39079284667969,1019596,6199,-100883.0,89.3,1086.3665771484375,0.0003,2.01942777633667,164,0.05239616334438324
2868,254962,199.25,1019952,6201,-100923.7,93.37,939.1821899414062,0.0003,-2.205350399017334,164,0.05312277004122734
2872,255116,28.47822380065918,1020568,6205,-100942.4,95.24,1000.4646606445312,0.0003,1.6847939491271973,164,0.05394363775849342
2876,255275,210.2227325439453,1021204,6209,-100875.9,98.59,973.4832153320312,0.0003,0.8788264393806458,164,0.055225204676389694
2880,255435,206.4969940185547,1021844,6213,-100895.2,100.52,948.82080078125,0.0003,-0.3798828721046448,164,0.055903803557157516
2884,255540,394.744140625,1022264,6215,-100908.9,101.89,962.9406127929688,0.0003,-3.832151174545288,164,0.05588041618466377
2888,255649,15.380165100097656,1022700,6218,-100923.3,103.33,976.939697265625,0.0003,0.4650745987892151,164,0.056029658764600754
2892,255765,38.580562591552734,1023164,6220,-100936.5,104.65,994.855712890625,0.0003,-0.8812028765678406,164,0.0557229109108448
2896,255887,7.325791358947754,1023652,6223,-100949.6,105.96,964.287841796875,0.0003,-1.9483705759048462,164,0.05519670248031616
2900,256017,27.714996337890625,1024172,6226,-100960.4,107.04,948.38671875,0.0003,0.47458046674728394,164,0.05479338392615318
2904,256119,13.20987606048584,1024580,6229,-100998.2,110.82,968.3700561523438,0.0003,-1.6337450742721558,164,0.05458090081810951
2908,256454,208.0334014892578,1025920,6237,-101041.5,115.15,984.159423828125,0.0003,-1.4248018264770508,164,0.054001763463020325
2912,256596,71.41461944580078,1026488,6240,-101101.3,121.13,1508.75439453125,0.0003,1.2690610885620117,164,0.054352883249521255
2916,256854,31.800079345703125,1027520,6247,-101137.8,124.78,1025.27978515625,0.0003,4.9021100997924805,164,0.0555850975215435
2920,257301,204.367431640625,1029308,6258,-101314.8,142.48,986.2576904296875,0.0003,-0.7320250272750854,164,0.05572172626852989
2924,257818,232.60971069335938,1031376,6270,-101493.0,160.3,990.0520629882812,0.0003,1.3015035390853882,164,0.051681987941265106
2928,258562,211.97958374023438,1034352,6288,-100708.6,181.85,987.66796875,0.0003,2.261194944381714,164,0.05212390422821045
2932,259120,13.15989875793457,1036584,6301,-100731.8,194.17,983.1220703125,0.0003,2.0504209995269775,164,0.05127103999257088
2936,259437,238.4446258544922,1037852,6310,-99803.4,211.32,1465.01953125,0.0003,3.2794816493988037,164,0.05159435421228409
2940,260284,26.36259651184082,1041240,6330,-99007.1,231.68,999.1954345703125,0.0003,1.6409581899642944,164,0.05052373930811882
2944,260802,25.334632873535156,1043312,6342,-97014.45,255.0,1076.527099609375,0.0003,0.09380149841308594,164,0.04956403374671936
2948,261662,6.09799861907959,1046752,6365,-95069.75,283.61,967.9102172851562,0.0003,-0.401868999004364,164,0.04903169348835945
2952,262662,11.867094039916992,1050752,6390,-93331.25,309.74,962.1043701171875,0.0003,0.24785995483398438,164,0.049013931304216385
2956,263187,217.51498413085938,1052852,6402,-90237.08333333001,336.61,1006.7236938476562,0.0003,1.6343815326690674,164,0.04961803928017616
2960,264103,414.08953857421875,1056516,6424,-88120.48333333,360.02,1015.5994873046875,0.0003,-0.46439898014068604,164,0.04812430217862129
2964,264454,198.71156311035156,1057920,6433,-86316.48333333,379.6,951.134521484375,0.0003,-2.5414364337921143,164,0.04895017668604851
2968,265144,199.50177001953125,1060680,6450,-86372.58333333001,395.71,977.51953125,0.0003,-3.406907081604004,164,0.0492713563144207
2972,265416,14.149860382080078,1061768,6456,-86454.18333333,403.87,978.6038818359375,0.0003,-2.223318576812744,164,0.047602687031030655
2976,265682,405.1680908203125,1062832,6462,-85659.28333333001,414.37,984.567626953125,0.0003,2.561793327331543,164,0.0474579855799675
2980,266510,210.3480682373047,1066144,6484,-85804.88333333,428.93,1002.594482421875,0.0003,1.3532706499099731,164,0.04851836711168289
2984,267112,17.00046730041504,1068552,6498,-82719.88333333,457.89,990.1025390625,0.0003,2.421689033508301,164,0.04433899372816086
2988,267695,414.5203552246094,1070884,6512,-82773.17083333,475.8,1017.1613159179688,0.0003,1.4253721237182617,164,0.04185804724693298
2992,268083,148.28170776367188,1072436,6521,-81892.17083333,487.69,1000.6637573242188,0.0003,-0.5782464742660522,164,0.04053061082959175
2996,268451,420.408935546875,1073908,6530,-81886.47083333001,487.12,1144.7763671875,0.0003,-1.5976052284240723,164,0.04145698621869087
3000,268717,8.445286750793457,1074972,6536,-80060.47083333001,504.5,987.3709716796875,0.0003,3.1738617420196533,164,0.04075567051768303
3004,269156,6.481296539306641,1076728,6547,-80127.47083333001,511.2,961.9053955078125,0.0003,-3.5450351238250732,164,0.040148522704839706
3008,269591,23.921960830688477,1078468,6557,-80136.17083333,512.07,1072.6824951171875,0.0003,1.7714929580688477,164,0.0387263223528862
3012,269707,30.132768630981445,1078932,6560,-80230.47083333001,521.5,1005.254638671875,0.0003,0.06149676442146301,164,0.03890853002667427
3016,269854,25.17937469482422,1079520,6564,-80205.07083333,518.96,1051.868408203125,0.0003,-2.176518440246582,164,0.03865714743733406
3020,269968,28.4437198638916,1079976,6566,-80033.97083333001,501.85,958.720703125,0.0003,-1.7648015022277832,164,0.03894011303782463
3024,270056,227.5792236328125,1080328,6568,-79858.77083333001,484.33,1082.7938232421875,0.0003,2.8956480026245117,164,0.038650162518024445
3028,270161,7.7710652351379395,1080748,6571,-80735.17083333,471.98,978.1979370117188,0.0003,-1.3497991561889648,164,0.03846433013677597
3032,270244,16.266267776489258,1081080,6573,-80697.97083333001,458.26,989.8900756835938,0.0003,0.8084855079650879,164,0.03897352144122124
3036,270388,174.8070068359375,1081656,6577,-81633.37083333,441.81,1085.552734375,0.0003,1.1799424886703491,164,0.039533939212560654
3040,270525,10.24357795715332,1082204,6581,-82451.37083333,423.62,966.410400390625,0.0003,-0.3988666534423828,164,0.039874594658613205
3044,270626,155.14938354492188,1082608,6583,-84455.42083333,401.44,1040.89697265625,0.0003,2.367121458053589,164,0.03976287692785263
3048,270740,200.23924255371094,1083064,6586,-86416.02083333001,374.42,978.3989868164062,0.0003,1.8261332511901855,164,0.040127117186784744
3052,270829,547.8098754882812,1083420,6588,-88160.42083333,348.88,1014.9398193359375,0.0003,1.5038084983825684,164,0.04021943733096123
3056,270960,14.623261451721191,1083944,6591,-91229.5875,319.51,994.8196411132812,0.0003,-2.2422475814819336,164,0.040377188473939896
3060,271141,392.4537048339844,1084668,6596,-93337.3875,295.22,967.6458740234375,0.0003,0.07137143611907959,164,0.040932364761829376
3064,271362,52.81767654418945,1085552,6601,-95166.2875,278.13,1151.17529296875,0.0003,1.8026371002197266,164,0.04173566773533821
3068,271475,14.469857215881348,1086004,6604,-95125.8875,263.59,983.103515625,0.0003,-1.6096066236495972,164,0.04213528335094452
3072,271735,11.224785804748535,1087044,6611,-95068.8875,257.89,971.8026123046875,0.0003,3.2475719451904297,164,0.0422668531537056
3076,271894,6.252769470214844,1087680,6614,-96011.4875,252.16,981.888916015625,0.0003,-2.756634473800659,164,0.042694929987192154
3080,272129,6.206737518310547,1088620,6620,-95886.2875,239.64,977.5380859375,0.0003,-0.5428175926208496,164,0.04239468649029732
3084,272338,265.23046875,1089456,6625,-98999.4875,213.5,1173.8323974609375,0.0003,-0.12711654603481293,164,0.042282313108444214
3088,272503,219.1976776123047,1090116,6630,-98978.5,198.82,975.9129028320312,0.0003,-2.8513121604919434,164,0.0421874038875103
3092,272752,6.328802585601807,1091112,6636,-99920.0,192.98,968.8758544921875,0.0003,2.3135604858398438,164,0.04530707001686096
3096,273566,25.254308700561523,1094368,6656,-100096.9,210.67,1009.5633544921875,0.0003,1.5465116500854492,164,0.043445952236652374
3100,274154,5.600729465484619,1096720,6671,-102170.9,218.09,961.749267578125,0.0003,-1.005358338356018,164,0.04164503514766693
3104,275154,578.7716674804688,1100720,6697,-100357.6,236.74,962.4537963867188,0.0003,0.6736652851104736,164,0.04180426150560379
3108,275642,200.5045623779297,1102672,6708,-98533.5,254.31,979.1862182617188,0.0003,2.0662429332733154,164,0.043885279446840286
3112,276191,234.70993041992188,1104868,6721,-97473.5,259.2,1139.55029296875,0.0003,1.1848784685134888,164,0.045280322432518005
3116,277191,8.267741203308105,1108868,6747,-94790.6,290.88,944.1839599609375,0.0003,3.024151086807251,164,0.05114312842488289
3120,277556,201.3065948486328,1110328,6755,-94873.3,299.15,952.804443359375,0.0003,5.661282539367676,164,0.06019041687250137
3124,277707,8.985114097595215,1110932,6759,-94004.5,312.26,936.680419921875,0.0003,9.850881576538086,164,0.06610304117202759
3128,277841,9.103582382202148,1111468,6762,-93827.125,305.16,927.7260131835938,0.0003,10.887717247009277,164,0.07086601108312607
3132,278210,226.53512573242188,1112944,6771,-93846.425,307.09,915.0990600585938,0.0003,16.499160766601562,164,0.08708816021680832
3136,278399,11.032021522521973,1113700,6776,-93864.525,308.9,935.609375,0.0003,11.23388957977295,164,0.09477687627077103
3140,278640,216.62615966796875,1114664,6781,-93821.35,316.0,957.4298095703125,0.0003,3.959414482116699,164,0.10101122409105301
3144,278802,18.807973861694336,1115312,6785,-93914.75,325.34,946.768310546875,0.0003,2.270176410675049,164,0.10354609787464142
3148,278932,208.0605010986328,1115832,6788,-93931.95,327.06,950.3458251953125,0.0003,2.3190054893493652,164,0.1048264354467392
3152,279402,68.64813995361328,1117712,6799,-93926.475,337.81,1207.35205078125,0.0003,-0.4982944130897522,164,0.10634072124958038
3156,279665,24.351043701171875,1118764,6805,-93963.075,341.47,953.0139770507812,0.0003,1.166639804840088,164,0.10608718544244766
3160,280064,13.799578666687012,1120360,6815,-93069.575,352.11,940.0831298828125,0.0003,1.080798864364624,164,0.1056080013513565
3164,280312,584.1144409179688,1121352,6821,-93150.675,360.22,7110.99462890625,0.0003,-0.10984617471694946,164,0.1054518073797226
3168,280482,38.432674407958984,1122032,6825,-92949.125,361.22,923.1412353515625,0.0003,1.3281034231185913,164,0.1050805151462555
3172,280663,14.073076248168945,1122756,6830,-92930.625,359.37,920.2191162109375,0.0003,-1.524921178817749,164,0.10460975021123886
3176,280769,204.18309020996094,1123180,6833,-92769.325,353.24,941.138671875,0.0003,0.5828242897987366,164,0.10403839498758316
3180,280988,213.53602600097656,1124056,6838,-92757.425,352.05,937.4873046875,0.0003,-0.11084416508674622,164,0.10411474853754044
3184,281952,40.766353607177734,1127912,6862,-91936.425,369.94,1005.5022583007812,0.0003,-0.11925357580184937,164,0.09089761972427368
3188,282952,209.51695251464844,1131912,6889,-88257.725,402.03,921.6976318359375,0.0003,-2.4729866981506348,164,0.0786333754658699
3192,283952,27.986949920654297,1135912,6914,-84553.425,431.56,979.8695068359375,0.0003,-0.007669687271118164,164,0.08339257538318634
3196,284952,15.419660568237305,1139912,6938,-80737.925,449.97,930.592529296875,0.0003,0.12069374322891235,164,0.08113496750593185
3200,285166,224.27227783203125,1140768,6943,-78682.525,444.41,1006.9030151367188,0.0003,-1.6537339687347412,164,0.07841955125331879
3204,285964,207.48336791992188,1143960,6962,-79544.925,440.66,942.1278076171875,0.0003,-1.8708508014678955,164,0.0778159499168396
3208,286868,225.5116729736328,1147576,6985,-80436.725,439.85,1031.65478515625,0.0003,1.3727519512176514,164,0.08109074085950851
3212,287868,15.896873474121094,1151576,7011,-77702.325,455.48,952.317138671875,0.0003,0.09784400463104248,164,0.07232535630464554
3216,288868,212.3551025390625,1155576,7037,-76745.525,459.79,957.1807861328125,0.0003,-0.23778536915779114,164,0.0678265169262886
3220,289517,12.438337326049805,1158172,7053,-73944.025,479.61,946.34619140625,0.0003,-1.159050464630127,164,0.06468506157398224
3224,290517,32.04533004760742,1162172,7079,-71181.125,503.29,932.8677978515625,0.0003,0.32995837926864624,164,0.06436721980571747
3228,291420,78.16887664794922,1165784,7101,-68627.7,537.28,3990.059326171875,0.0003,-2.955841302871704,164,0.061175428330898285
3232,292374,33.930076599121094,1169600,7124,-65892.9,563.77,1162.137939453125,0.0003,0.5809305310249329,164,0.05846366658806801
3236,293095,23.98335075378418,1172484,7142,-64073.3,581.79,1259.7322998046875,0.0003,2.969832420349121,164,0.05600995942950249
3240,293535,399.7863464355469,1174244,7153,-61367.075,599.72,977.6307373046875,0.0003,0.6216845512390137,164,0.055155105888843536
3244,294282,180.94046020507812,1177232,7170,-60435.375,606.54,993.5443115234375,0.0003,0.7596797943115234,164,0.060281336307525635
3248,294683,585.268310546875,1178836,7180,-59541.8875,627.4,975.7625732421875,0.0003,0.9210886359214783,164,0.05896911770105362
3252,295264,253.8719024658203,1181160,7194,-59663.6625,628.28,1187.5716552734375,0.0003,3.1512317657470703,164,0.055982861667871475
3256,295718,16.893102645874023,1182976,7206,-58779.4625,639.85,961.265869140625,0.0003,2.950298309326172,164,0.05777684599161148
3260,296567,57.5309944152832,1186372,7226,-56933.8625,655.27,5235.7197265625,0.0003,-4.417223930358887,164,0.05379403755068779
3264,297138,70.54474639892578,1188656,7239,-54974.5125,669.45,2436.837158203125,0.0003,1.2692983150482178,164,0.052892908453941345
3268,297567,273.0694274902344,1190372,7251,-54242.5625,675.09,3348.0771484375,0.0003,0.9392305016517639,164,0.05281195789575577
3272,298075,11.655274391174316,1192404,7264,-53328.1625,683.64,991.4007568359375,0.0003,-2.9447450637817383,164,0.05094560980796814
3276,298274,9.441014289855957,1193200,7269,-52515.7625,692.39,960.3592529296875,0.0003,0.5323245525360107,164,0.052216172218322754
3280,298477,202.71864318847656,1194012,7274,-51590.5625,699.86,961.3460693359375,0.0003,1.711983323097229,164,0.051967594772577286
3284,298689,11.065605163574219,1194860,7279,-52369.3625,677.75,969.727783203125,0.0003,2.063868999481201,164,0.05206045135855675
3288,298973,23.741580963134766,1195996,7285,-56014.4625,642.3,1017.2457885742188,0.0003,-1.1268126964569092,164,0.050785813480615616
3292,299100,202.36036682128906,1196504,7289,-59744.5625,615.35,980.2335205078125,0.0003,-1.6381142139434814,164,0.05023517832159996
3296,299520,86.9878921508789,1198184,7299,-62511.8625,592.11,2987.406982421875,0.0003,3.2614104747772217,164,0.04931121692061424
3300,299997,224.7802734375,1200092,7310,-64324.7625,573.42,1071.5986328125,0.0003,1.1592278480529785,164,0.05137818679213524
3304,300120,7.418234825134277,1200584,7313,-64324.9625,563.44,957.25830078125,0.0003,0.13699322938919067,164,0.051276795566082
3308,300541,46.1234130859375,1202268,7323,-64332.8625,554.23,1117.582763671875,0.0003,-0.5175390243530273,164,0.05091361328959465
3312,300712,7.888209342956543,1202952,7328,-68025.2625,523.51,971.947021484375,0.0003,-0.41557300090789795,164,0.05091996118426323
3316,300888,12.476683616638184,1203656,7332,-71694.3625,490.46,984.6688232421875,0.0003,0.30975985527038574,164,0.050070468336343765
3320,301152,10.71774959564209,1204712,7338,-73533.8625,474.43,968.1573486328125,0.0003,-1.0161280632019043,164,0.05076747015118599
3324,301331,204.22393798828125,1205428,7342,-77170.5625,438.14,982.8564453125,0.0003,6.498668193817139,164,0.052098795771598816
3328,301877,7.464069366455078,1207612,7356,-78913.4625,412.45,961.6256713867188,0.0003,0.7484724521636963,164,0.05272350460290909
3332,302304,7.227311611175537,1209320,7367,-81843.5625,405.49,965.0101318359375,0.0003,1.2337346076965332,164,0.0549546480178833
3336,302877,438.566162109375,1211612,7381,-82759.5625,397.1,2983.171875,0.0003,-0.7705035209655762,164,0.05551069602370262
3340,303288,7.406667232513428,1213256,7391,-84658.5625,387.02,968.6322631835938,0.0003,-1.8178991079330444,164,0.05682532116770744
3344,303497,15.46609115600586,1214092,7395,-85508.0625,371.98,987.2307739257812,0.0003,0.2725517749786377,164,0.05626601725816727
3348,304497,7.286520004272461,1218092,7420,-84609.55,371.9,960.6190795898438,0.0003,0.4951804280281067,164,0.056114405393600464
3352,305204,35.060794830322266,1220920,7437,-81795.45,390.46,1028.218505859375,0.0003,1.61289644241333,164,0.056462161242961884
3356,305690,7.60606575012207,1222864,7449,-79926.25,403.52,969.6431884765625,0.0003,-0.5624103546142578,164,0.05847150459885597
3360,306059,10.09359073638916,1224340,7458,-82702.05,381.13,959.9569702148438,0.0003,1.067265272140503,164,0.058203037828207016
3364,306989,7.077729225158691,1228060,7481,-81890.6,389.84,950.7780151367188,0.0003,-1.4406057596206665,164,0.057217177003622055
3368,307935,11.091605186462402,1231844,7505,-80118.3,412.59,973.5482177734375,0.0003,-0.12000072002410889,164,0.05445907637476921
3372,308785,6.64192533493042,1235244,7525,-78306.7,431.41,950.664794921875,0.0003,-1.883284568786621,164,0.051622625440359116
3376,309726,6.715312480926514,1239008,7547,-77539.9,454.72,944.40771484375,0.0003,-0.7256625294685364,164,0.049701761454343796
3380,310704,32.23927688598633,1242920,7570,-75770.4,477.75,1049.58740234375,0.0003,1.436893105506897,164,0.0524526946246624
3384,311704,26.833221435546875,1246920,7594,-72130.3,513.7,965.5950927734375,0.0003,-1.0736342668533325,164,0.05204840376973152
3388,312673,199.5970458984375,1250796,7618,-69413.0,541.94,954.4403076171875,0.0003,-0.28956177830696106,164,0.05031540244817734
3392,313037,47.509674072265625,1252252,7627,-67519.1,552.53,5022.57470703125,0.0003,1.915560245513916,164,0.04966212436556816
3396,313541,21.884023666381836,1254268,7639,-68480.3,548.66,982.296630859375,0.0003,1.8862987756729126,164,0.04951663315296173
3400,313719,6.496514320373535,1254980,7643,-67695.5,570.17,960.1488037109375,0.0003,-3.698087215423584,164,0.04923328384757042
3404,313833,6.402935981750488,1255436,7646,-68547.8,555.41,951.9183349609375,0.0003,-4.592388153076172,164,0.048915911465883255
3408,314078,6.623892784118652,1256416,7652,-69350.7625,546.95,950.2508544921875,0.0003,-1.3106814622879028,164,0.0496780164539814
3412,314392,6.414639949798584,1257672,7660,-69325.0625,544.38,950.650634765625,0.0003,-1.64573335647583,164,0.051223523914813995
3416,314571,5.654437065124512,1258388,7664,-69350.0625,546.88,934.9259643554688,0.0003,-2.725054979324341,164,0.05054203048348427
3420,314695,226.97837829589844,1258884,7668,-70199.8125,542.81,1042.4827880859375,0.0003,-0.6855389475822449,164,0.05023357272148132
3424,315670,391.4886474609375,1262784,7694,-69383.5125,561.17,954.61865234375,0.0003,-2.4730210304260254,164,0.04765285179018974
3428,316110,6.458464622497559,1264544,7705,-68494.7125,572.28,949.1162719726562,0.0003,-1.8339755535125732,164,0.04585227370262146
3432,316479,200.25880432128906,1266020,7714,-68344.9125,557.3,964.2255859375,0.0003,-3.1165928840637207,164,0.04497259482741356
3436,316845,220.21401977539062,1267484,7723,-67431.3125,565.93,947.1707153320312,0.0003,0.06324993073940277,164,0.04597463831305504
3440,317107,43.42852020263672,1268532,7729,-68342.4125,557.05,4660.75927734375,0.0003,0.48609834909439087,164,0.04542574658989906
3444,318036,208.47357177734375,1272248,7751,-67541.4125,576.94,978.650390625,0.0003,0.49820753931999207,164,0.04241180047392845
3448,318327,200.85374450683594,1273412,7758,-67528.6125,575.66,963.5379638671875,0.0003,0.5203679800033569,164,0.04222909361124039
3452,318523,199.6164093017578,1274196,7764,-70237.4125,546.57,950.4616088867188,0.0003,1.3334832191467285,164,0.04201342910528183
3456,318658,11.077378273010254,1274736,7768,-72999.2125,522.78,974.4616088867188,0.0003,3.040417432785034,164,0.04212546721100807
3460,318800,5.982675075531006,1275304,7771,-72963.3125,519.19,945.02587890625,0.0003,-0.1015157401561737,164,0.04177195206284523
3464,318910,398.386474609375,1275744,7774,-75642.2125,487.11,963.9794921875,0.0003,-1.1731669902801514,164,0.041784681379795074
3468,319061,5.8327555656433105,1276348,7777,-78211.1125,454.03,942.1151733398438,0.0003,-2.409022331237793,164,0.04119868576526642
3472,319198,49.21736526489258,1276896,7780,-80824.9125,425.44,2594.0859375,0.0003,2.306313991546631,164,0.04097995162010193
3476,319322,58.27394104003906,1277392,7783,-82489.1125,391.88,3719.005126953125,0.0003,-0.2101207971572876,164,0.041076987981796265
3480,319449,5.300543785095215,1277900,7786,-85166.5125,359.65,951.4576416015625,0.0003,-2.037898540496826,164,0.04116485267877579
3484,319585,5.937510013580322,1278444,7790,-88806.3125,323.67,938.325439453125,0.0003,-0.23350277543067932,164,0.040866389870643616
3488,319708,210.90078735351562,1278936,7792,-91515.7125,294.64,1001.955322265625,0.0003,1.9982656240463257,164,0.04107466712594032
3492,319836,394.6474914550781,1279448,7795,-93316.4125,274.73,954.1445922851562,0.0003,-1.2748043537139893,164,0.041036345064640045
3496,319924,199.24307250976562,1279800,7798,-92313.6125,274.44,952.8190307617188,0.0003,-2.645979166030884,164,0.04055346921086311
3500,320006,7.596590042114258,1280128,7799,-93085.1125,251.6,954.8878784179688,0.0003,1.4423584938049316,164,0.03986817225813866
3504,320099,9.802700996398926,1280500,7802,-93079.4125,251.03,955.0580444335938,0.0003,-2.9371118545532227,164,0.03969448432326317
3508,320201,247.2423095703125,1280908,7804,-93160.25,247.88,5321.7724609375,0.0003,-0.8915513157844543,164,0.039606280624866486
3512,320295,200.07601928710938,1281284,7806,-93082.35,240.09,959.5433349609375,0.0003,0.584084153175354,164,0.03938785567879677
3516,320397,7.18051815032959,1281692,7809,-93075.15,239.37,949.0339965820312,0.0003,0.9791100025177002,164,0.03890889137983322
3520,320496,6.984188556671143,1282088,7812,-93107.2,231.63,955.9180908203125,0.0003,3.8961143493652344,164,0.039040397852659225
3524,320588,252.58274841308594,1282456,7815,-94835.9,204.52,5134.49951171875,0.0003,0.6492353677749634,164,0.03928837552666664
3528,320671,26.942485809326172,1282788,7817,-95719.8,192.92,952.9369506835938,0.0003,-1.8727946281433105,164,0.03949107229709625
3532,320763,201.31939697265625,1283156,7819,-95655.9,186.53,954.47998046875,0.0003,0.7322202920913696,164,0.039375435560941696
3536,320856,58.520851135253906,1283528,7822,-97461.6,167.12,4263.1806640625,0.0003,1.32611083984375,164,0.03932134062051773
3540,320962,204.89820861816406,1283952,7824,-97381.2,159.08,961.955810546875,0.0003,-0.48330965638160706,164,0.03929857537150383
3544,321050,7.440365314483643,1284304,7827,-98168.4,137.81,960.22265625,0.0003,0.9844655990600586,164,0.039077527821063995
3548,321180,199.73471069335938,1284824,7830,-99943.5,115.34,959.01806640625,0.0003,-0.6682884097099304,164,0.03973821550607681
3552,321285,201.5856475830078,1285244,7832,-99915.5,112.54,957.8016357421875,0.0003,0.20076680183410645,164,0.04012911394238472
3556,321385,637.52685546875,1285644,7835,-99897.3,110.72,3518.04638671875,0.0003,1.521054744720459,164,0.04040662199258804
3560,321459,5.688992023468018,1285940,7837,-99868.2,107.81,942.2737426757812,0.0003,-1.135028600692749,164,0.04068388044834137
3564,321592,27.507617950439453,1286472,7840,-99850.8,106.07,954.5570068359375,0.0003,1.0370049476623535,164,0.04149184376001358
3568,321659,199.42706298828125,1286740,7842,-99945.1,105.5,944.952392578125,0.0003,0.3448668122291565,164,0.04162999242544174
3572,321738,202.62391662597656,1287056,7844,-100031.6,104.15,953.00244140625,0.0003,-0.41642484068870544,164,0.04212953895330429
3576,321815,93.03643035888672,1287364,7846,-100026.6,103.65,5958.1494140625,0.0003,1.4099596738815308,164,0.04203910380601883
3580,321904,8.404302597045898,1287720,7848,-100013.8,102.37,961.22607421875,0.0003,2.2439584732055664,164,0.041891783475875854
3584,321978,8.341190338134766,1288016,7849,-100009.2,101.91,958.5460815429688,0.0003,0.44088149070739746,164,0.04144583269953728
3588,322050,195.10755920410156,1288304,7851,-100002.4,101.23,956.04931640625,0.0003,0.02247220277786255,164,0.04111642763018608
3592,322121,5.992640018463135,1288588,7853,-99994.6,100.45,944.6627197265625,0.0003,-2.075416326522827,164,0.04106028005480766
3596,322206,6.466804027557373,1288928,7856,-100899.6,90.96,960.3447875976562,0.0003,-0.9982995986938477,164,0.040635667741298676
3600,322277,9.535970687866211,1289212,7857,-100896.7,90.67,970.6113891601562,0.0003,0.849297285079956,164,0.04044405370950699
3604,322363,215.1756134033203,1289556,7859,-100898.5,90.85,993.0110473632812,0.0003,-1.6919224262237549,164,0.04044982045888901
3608,322437,27.785612106323242,1289852,7861,-100890.0,90.0,1040.1085205078125,0.0003,-1.6971275806427002,164,0.04015485942363739
3612,322529,6.509929656982422,1290220,7863,-100884.0,89.4,955.42578125,0.0003,1.5366606712341309,164,0.04008984938263893
3616,322612,5.022198677062988,1290552,7865,-100882.9,89.29,956.9381103515625,0.0003,-1.012563943862915,164,0.0403624065220356
3620,322702,45.184444427490234,1290912,7867,-100876.5,88.65,955.1602172851562,0.0003,1.3862507343292236,164,0.04039986804127693
3624,322783,283.89306640625,1291236,7869,-100873.4,88.34,4994.89453125,0.0003,2.0467028617858887,164,0.040861841291189194
3628,322883,583.9673461914062,1291636,7872,-100875.4,88.54,944.57177734375,0.0003,-1.577836275100708,164,0.041462354362010956
3632,322986,6.965785503387451,1292048,7874,-100874.1,88.41,952.494140625,0.0003,0.8616188168525696,164,0.04125651344656944
3636,323075,5.2293171882629395,1292404,7876,-100868.4,87.84,949.4049072265625,0.0003,-2.301466226577759,164,0.04107198491692543
3640,323154,5.50827169418335,1292720,7878,-100863.0,87.3,945.6502685546875,0.0003,0.41367262601852417,164,0.04123851656913757
3644,323251,199.96917724609375,1293108,7881,-100858.2,86.82,952.7796630859375,0.0003,-1.7933597564697266,164,0.04127492010593414
3648,323363,20.44599151611328,1293556,7884,-100867.1,87.71,1003.8347778320312,0.0003,-3.3011906147003174,164,0.040988050401210785
3652,323466,8.137774467468262,1293968,7886,-100874.5,88.45,948.8255615234375,0.0003,-0.3116702437400818,164,0.040796179324388504
3656,323575,220.17999267578125,1294404,7889,-100851.0,86.1,935.5743408203125,0.0003,0.3834902048110962,164,0.04051818326115608
3660,323674,588.7058715820312,1294800,7892,-100859.8,86.98,967.176025390625,0.0003,1.2923734188079834,164,0.0404612272977829
3664,323780,199.02468872070312,1295224,7895,-100865.2,87.52,951.5796508789062,0.0003,-1.7018986940383911,164,0.0404932014644146
3668,323885,6.116326332092285,1295644,7897,-100864.8,87.48,949.8856201171875,0.0003,-0.2692672610282898,164,0.04082836955785751
3672,323986,32.80177307128906,1296048,7899,-100878.8,88.88,1056.9671630859375,0.0003,1.176193356513977,164,0.04115871712565422
3676,324087,22.30295753479004,1296452,7902,-100889.4,89.94,1028.8092041015625,0.0003,-0.4322909712791443,164,0.041422270238399506
3680,324186,778.39794921875,1296848,7904,-100899.5,90.95,945.9048461914062,0.0003,-2.8160183429718018,164,0.04139656201004982
3684,324285,6.53944206237793,1297244,7906,-100911.1,92.11,952.4524536132812,0.0003,0.7606373429298401,164,0.04113833233714104
3688,324424,4.951103210449219,1297800,7910,-100924.2,93.42,947.6442260742188,0.0003,-2.397444486618042,164,0.04087953642010689
3692,324532,392.6502685546875,1298232,7912,-100947.7,95.77,935.38037109375,0.0003,2.293527126312256,164,0.040688466280698776
3696,324706,5.390435695648193,1298928,7916,-100972.4,98.24,948.5438232421875,0.0003,-0.6329851746559143,164,0.04168538376688957
3700,324851,197.80755615234375,1299508,7920,-101016.0,102.6,945.0457153320312,0.0003,-2.538755416870117,164,0.04213379696011543
3704,325002,5.08186674118042,1300112,7923,-101043.1,105.31,954.7056274414062,0.0003,-0.1544855237007141,164,0.04275641590356827
3708,325215,204.452880859375,1300964,7929,-101094.7,110.47,967.2496337890625,0.0003,2.1564884185791016,164,0.04364658519625664
3712,325612,5.621624946594238,1302552,7939,-101141.2,115.12,943.0870971679688,0.0003,0.8554511666297913,164,0.04524730145931244
3716,325896,32.562313079833984,1303688,7945,-101157.5,126.75,2199.147705078125,0.0003,1.6250165700912476,164,0.04555825516581535
3720,326413,199.2249298095703,1305756,7958,-101248.6,135.86,944.4142456054688,0.0003,-1.7416164875030518,164,0.04825384542346001
3724,327413,32.09358215332031,1309756,7982,-97497.7625,172.46,973.8060302734375,0.0003,-0.43375837802886963,164,0.053359504789114
3728,328405,5.917642593383789,1313724,8005,-95841.0625,206.77,950.9937744140625,0.0003,-0.1908283829689026,164,0.06125391274690628
3732,329405,6.538857936859131,1317724,8030,-94195.9625,242.24,939.23095703125,0.0003,1.70933997631073,164,0.06612231582403183
3736,330092,5.437473773956299,1320472,8047,-92453.3625,267.96,939.1514892578125,0.0003,-1.1841561794281006,164,0.06203550845384598
3740,330692,6.291690826416016,1322872,8061,-91618.0625,284.42,933.6895141601562,0.0003,-0.32919180393218994,164,0.06335041671991348
3744,330993,198.82058715820312,1324076,8068,-90779.9625,300.6,924.7796630859375,0.0003,-1.2154405117034912,164,0.06249874830245972
3748,331277,4.9835028648376465,1325212,8075,-89876.4625,310.24,926.059326171875,0.0003,-1.34614896774292,164,0.0618286058306694
3752,331608,198.44558715820312,1326536,8083,-89879.8625,310.58,917.7909545898438,0.0003,-1.7909294366836548,164,0.059745706617832184
3756,332215,33.95026779174805,1328964,8097,-88084.1625,330.99,1484.128662109375,0.0003,1.6536657810211182,164,0.05704030022025108
3760,332472,9.191287994384766,1329992,8103,-87201.1625,342.68,937.5101318359375,0.0003,1.5037753582000732,164,0.056529510766267776
3764,332888,40.711334228515625,1331656,8113,-86336.9625,356.25,1715.273681640625,0.0003,-1.5084319114685059,164,0.05552000179886818
3768,333118,197.7504425048828,1332576,8118,-86396.7625,362.23,924.8468017578125,0.0003,-2.59237003326416,164,0.055364564061164856
3772,333327,198.26535034179688,1333412,8123,-86488.1625,371.37,913.903076171875,0.0003,-2.2146265506744385,164,0.05508943647146225
3776,333740,34.18683624267578,1335064,8133,-86587.0625,381.26,968.2904052734375,0.0003,0.8354111313819885,164,0.05522722750902176
3780,334174,199.8445587158203,1336800,8144,-85700.2625,392.57,929.9028930664062,0.0003,-1.2835001945495605,164,0.05499183386564255
3784,334454,42.90177917480469,1337920,8150,-85840.3625,406.58,3103.11669921875,0.0003,1.2736740112304688,164,0.054863765835762024
3788,334664,7.232231616973877,1338760,8155,-85871.0625,409.65,930.21533203125,0.0003,1.1479947566986084,164,0.05537817254662514
3792,335132,7.456134796142578,1340632,8167,-85928.0625,415.35,934.98974609375,0.0003,0.5510351657867432,164,0.0548279769718647
3796,336076,6.094208717346191,1344408,8192,-84145.1625,437.04,919.5530395507812,0.0003,0.0068808794021606445,164,0.054569683969020844
3800,336740,6.045541286468506,1347064,8208,-81383.7625,460.87,922.9935913085938,0.0003,-0.9027107954025269,164,0.05355563014745712
3804,337223,5.8629937171936035,1348996,8219,-79589.3625,481.41,919.2262573242188,0.0003,-1.3081196546554565,164,0.05152773857116699
3808,337912,197.65176391601562,1351752,8235,-77733.5625,495.81,917.3828125,0.0003,-1.2591066360473633,164,0.04924759268760681
3812,338210,200.1932373046875,1352944,8242,-76867.7625,509.22,943.5406494140625,0.0003,0.9105678796768188,164,0.048595305532217026
3816,339210,199.32711791992188,1356944,8266,-75070.5625,519.48,929.1110229492188,0.0003,-0.35420817136764526,164,0.04516126215457916
3820,339605,4.903784275054932,1358524,8276,-73178.7625,530.28,918.5111083984375,0.0003,-2.0801820755004883,164,0.04465334117412567
3824,340071,5.005858421325684,1360388,8287,-76087.8,509.49,929.3343505859375,0.0003,-0.8773847818374634,164,0.04374285787343979
3828,340605,198.7678680419922,1362524,8301,-75953.4,496.05,929.2017822265625,0.0003,0.005210399627685547,164,0.04267376661300659
3832,341108,6.218232154846191,1364536,8313,-76772.4,477.96,926.9922485351562,0.0003,2.482903480529785,164,0.04186335578560829
3836,342108,199.3415985107422,1368536,8336,-76770.8,477.8,942.8612060546875,0.0003,0.6857715249061584,164,0.04227306321263313
3840,342785,5.378520965576172,1371244,8354,-75696.1625,484.85,923.3125,0.0003,-1.1206098794937134,164,0.042505763471126556
3844,343145,205.18495178222656,1372684,8364,-74724.3625,487.66,949.2314453125,0.0003,-0.8968091011047363,164,0.04290131479501724
3848,344063,10.737606048583984,1376356,8385,-74848.2625,500.05,947.3546142578125,0.0003,-1.902463436126709,164,0.043293487280607224
3852,344714,200.1525115966797,1378960,8401,-73091.3625,524.34,932.2073974609375,0.0003,-0.755039632320404,164,0.04472433403134346
3856,344846,5.0158867835998535,1379488,8404,-75006.0625,515.83,922.50732421875,0.0003,-0.15930384397506714,164,0.044020723551511765
3860,345231,199.71304321289062,1381028,8413,-74994.8625,514.71,924.4442138671875,0.0003,-0.5329461693763733,164,0.043892402201890945
3864,345485,6.127313137054443,1382044,8420,-75859.4625,501.18,941.7137451171875,0.0003,-1.1574664115905762,164,0.04339003935456276
3868,345688,5.592365264892578,1382856,8425,-75871.7625,502.41,935.5614013671875,0.0003,-0.7247561812400818,164,0.04350345581769943
3872,346381,5.699077129364014,1385628,8442,-74962.8625,511.51,940.4650268554688,0.0003,-0.1522388458251953,164,0.04241112247109413
3876,346663,198.68310546875,1386756,8448,-73971.6625,512.38,923.6737060546875,0.0003,0.35099995136260986,164,0.04235244542360306
3880,346850,17.730506896972656,1387504,8453,-73986.3625,513.85,957.109130859375,0.0003,0.17342638969421387,164,0.042174067348241806
3884,347100,392.16351318359375,1388504,8460,-73890.8625,504.3,922.781494140625,0.0003,0.16272354125976562,164,0.042191535234451294
3888,347468,5.3444504737854,1389976,8469,-73899.2625,505.14,931.07763671875,0.0003,0.5859268307685852,164,0.041930463165044785
3892,348464,6.619523525238037,1393960,8492,-73045.1625,519.72,938.01904296875,0.0003,1.9949395656585693,164,0.04251712188124657
3896,348805,50.067909240722656,1395324,8500,-72083.5625,523.55,3298.809814453125,0.0003,1.612937092781067,164,0.04326632618904114
3900,349663,5.268841743469238,1398756,8521,-73083.6625,523.57,931.0365600585938,0.0003,-0.18812572956085205,164,0.04176082834601402
3904,350621,5.648781776428223,1402588,8544,-73122.1625,527.42,941.5720825195312,0.0003,0.10662233829498291,164,0.04045673459768295
3908,351621,4.821020126342773,1406588,8567,-71294.0625,544.59,940.742919921875,0.0003,0.8898839354515076,164,0.0408179946243763
3912,351841,48.16960525512695,1407468,8573,-70120.9625,547.27,3116.819091796875,0.0003,2.6032755374908447,164,0.04059984162449837
3916,352125,198.4564971923828,1408604,8580,-71769.3625,532.13,922.6181640625,0.0003,-2.2981560230255127,164,0.040667302906513214
3920,352471,5.883537769317627,1409988,8589,-73201.1625,515.33,945.477294921875,0.0003,-0.9428288340568542,164,0.04080669581890106
3924,352885,5.346591472625732,1411644,8599,-73025.6625,517.78,930.9111328125,0.0003,2.096339464187622,164,0.04021107777953148
3928,353330,6.025586128234863,1413424,8609,-74760.8625,501.32,940.4766235351562,0.0003,0.6082599759101868,164,0.03988764062523842
3932,353499,4.85542631149292,1414100,8613,-74648.3625,500.07,936.0223999023438,0.0003,-0.4911956787109375,164,0.04002314433455467
3936,353876,432.25244140625,1415608,8623,-76368.9625,482.15,2948.792724609375,0.0003,1.0490078926086426,164,0.03981248661875725
3940,354166,5.170465469360352,1416768,8630,-78291.5,469.9,940.897216796875,0.0003,-0.6026961207389832,164,0.04038473591208458
3944,354625,4.167172431945801,1418604,8641,-80064.9,457.26,933.4022216796875,0.0003,-0.1866912841796875,164,0.04006589204072952
3948,355073,11.758322715759277,1420396,8651,-80853.7,446.15,956.8489379882812,0.0003,-0.2240651249885559,164,0.0402061752974987
3952,355980,197.42495727539062,1424024,8673,-80624.7,443.25,945.1250610351562,0.0003,2.6821961402893066,164,0.04018983989953995
3956,356527,11.456511497497559,1426212,8686,-77811.7,461.92,956.3297729492188,0.0003,2.331937313079834,164,0.03977176919579506
3960,357150,4.087273120880127,1428704,8700,-78778.0,468.56,919.0572509765625,0.0003,-1.3868286609649658,164,0.0401909314095974
3964,357584,197.84530639648438,1430440,8711,-77880.4,488.79,943.2232666015625,0.0003,0.4037169814109802,164,0.04110876843333244
3968,358441,199.45570373535156,1433868,8733,-78062.4,506.99,938.1304321289062,0.0003,-0.1404072642326355,164,0.04005667567253113
3972,359233,198.05499267578125,1437036,8753,-79041.9,514.95,943.844970703125,0.0003,-0.25185319781303406,164,0.037972234189510345
3976,359423,4.949678897857666,1437796,8758,-79999.6,510.73,933.1306762695312,0.0003,1.3241534233093262,164,0.03787213936448097
3980,359670,4.9451165199279785,1438784,8764,-79999.0,510.67,943.824951171875,0.0003,0.5392532348632812,164,0.03792762756347656
3984,360135,7.217459201812744,1440644,8775,-79995.3,510.3,946.430419921875,0.0003,1.065112829208374,164,0.03723945468664169
3988,360484,6.478809356689453,1442040,8783,-79036.2,524.38,941.38037109375,0.0003,1.716996192932129,164,0.03755585104227066
3992,360663,4.575770854949951,1442756,8788,-79857.2,506.49,936.284423828125,0.0003,-1.5091381072998047,164,0.03731781244277954
3996,360942,4.549853324890137,1443872,8794,-82672.7,488.07,920.922607421875,0.0003,-1.7990472316741943,164,0.036343082785606384
4000,361486,391.14935302734375,1446048,8807,-84515.2,472.34,927.3031616210938,0.0003,0.0888679027557373,164,0.03527612239122391
4004,362126,5.152363300323486,1448608,8822,-84393.5,470.17,938.0311889648438,0.0003,2.275954484939575,164,0.03544880077242851
4008,362414,198.32000732421875,1449760,8829,-88125.8,443.44,944.434814453125,0.0003,0.7690131664276123,164,0.0360896922647953
4012,362953,584.5048828125,1451916,8843,-90241.0,434.98,947.8641357421875,0.0003,0.12746819853782654,164,0.03605842962861061
4016,363574,197.55850219726562,1454400,8857,-89611.1,451.98,938.0453491210938,0.0003,-0.15316295623779297,164,0.03581715747714043
4020,364206,197.6409454345703,1456928,8873,-89151.4,466.0,929.444091796875,0.0003,-2.8388054370880127,164,0.03488380089402199
4024,365016,197.9779052734375,1460168,8892,-89418.2,472.68,929.0501708984375,0.0003,1.823024034500122,164,0.03273804113268852
4028,365502,4.520588397979736,1462112,8904,-88611.575,493.39,933.7041015625,0.0003,-0.40220749378204346,164,0.032550569623708725
4032,365678,4.681422710418701,1462816,8908,-89639.375,486.18,937.0736083984375,0.0003,1.805802583694458,164,0.032904040068387985
4036,366130,198.281494140625,1464624,8919,-89766.075,488.85,935.1204223632812,0.0003,-0.711490273475647,164,0.03322324529290199
4040,366312,197.49557495117188,1465352,8923,-89746.475,486.89,939.9061279296875,0.0003,-1.2478872537612915,164,0.03302668407559395
4044,366661,4.999039173126221,1466748,8932,-89859.175,488.16,960.5535888671875,0.0003,2.046780586242676,164,0.033549368381500244
4048,366984,3.938448190689087,1468040,8939,-89921.375,484.38,945.412353515625,0.0003,-2.4968056678771973,164,0.03284851461648941
4052,367441,8.09049129486084,1469868,8950,-91996.275,471.89,959.385498046875,0.0003,-0.1786503791809082,164,0.03277841955423355
4056,367836,4.317267417907715,1471448,8959,-93820.475,454.33,939.5184936523438,0.0003,-1.4238829612731934,164,0.0323701873421669
4060,368560,235.58734130859375,1474344,8976,-91992.775,461.54,1752.9752197265625,0.0003,0.8626831769943237,164,0.03302450850605965
4064,369143,4.386958122253418,1476676,8990,-92061.475,458.41,949.9871826171875,0.0003,-3.048795700073242,164,0.03253640979528427
4068,369501,4.80894136428833,1478108,8998,-90919.375,444.19,955.3944091796875,0.0003,-1.3686002492904663,164,0.03258670121431351
4072,370489,3.9862849712371826,1482060,9022,-88031.375,445.36,937.3271484375,0.0003,-1.6028416156768799,164,0.0334782712161541
4076,371287,5.05867862701416,1485252,9042,-85244.575,466.65,958.9991455078125,0.0003,-1.408806324005127,164,0.03352426365017891
4080,371715,4.820943355560303,1486964,9052,-83396.575,481.83,953.832275390625,0.0003,0.22821199893951416,164,0.0327284000813961
4084,372682,4.362551689147949,1490832,9077,-80665.475,508.69,949.9302368164062,0.0003,-2.9312968254089355,164,0.03264469653367996
4088,373682,41.99368667602539,1494832,9102,-77941.975,526.31,2530.77392578125,0.0003,0.12229955196380615,164,0.03176463022828102
4092,374480,196.8341827392578,1498024,9121,-77088.575,540.96,966.897216796875,0.0003,0.9273546934127808,164,0.03126884996891022
4096,374756,391.1046142578125,1499128,9127,-76218.775,553.97,968.22314453125,0.0003,-0.9954169392585754,164,0.03134096786379814
4100,375682,4.4283342361450195,1502832,9150,-74295.875,561.66,953.4805297851562,0.0003,-1.1490064859390259,164,0.030113460496068
4104,375914,4.055499076843262,1503760,9156,-75339.175,556.0,949.822021484375,0.0003,-1.1772067546844482,164,0.03073764406144619
4108,376153,197.9522705078125,1504716,9161,-75285.375,550.62,961.213134765625,0.0003,-0.26712238788604736,164,0.030867161229252815
4112,376464,391.3736572265625,1505960,9169,-75243.575,546.44,965.5722045898438,0.0003,-0.4874236583709717,164,0.030677633360028267
4116,376829,4.5117316246032715,1507420,9178,-76090.875,531.18,947.9032592773438,0.0003,0.15836399793624878,164,0.030992472544312477
4120,377255,4.53317928314209,1509124,9188,-77099.675,532.07,962.322265625,0.0003,-1.1213855743408203,164,0.03088875487446785
4124,377935,197.2406463623047,1511844,9204,-77034.375,525.54,954.789794921875,0.0003,-0.23382532596588135,164,0.03089165687561035
4128,378208,4.2275071144104,1512936,9211,-77984.6,509.19,962.1531372070312,0.0003,-0.5109620094299316,164,0.03124699741601944
4132,378579,4.056739330291748,1514420,9220,-77938.8,504.61,947.8555908203125,0.0003,-2.0915136337280273,164,0.0314137227833271
4136,378913,4.469762325286865,1515756,9229,-77046.7,515.39,967.8046264648438,0.0003,-1.2078640460968018,164,0.030934426933526993
4140,379913,390.4999084472656,1519756,9253,-74335.8,534.27,963.2255859375,0.0003,-0.6253418922424316,164,0.030557287856936455
4144,380718,4.656734943389893,1522976,9273,-73408.0,551.48,955.383544921875,0.0003,3.792379856109619,164,0.03098805993795395
4148,380913,197.27236938476562,1523756,9278,-72394.6,560.13,968.9182739257812,0.0003,-1.4521563053131104,164,0.03137386590242386
4152,381885,198.1057586669922,1527644,9300,-71401.8,570.84,957.1405029296875,0.0003,-1.1433074474334717,164,0.03205709531903267
4156,382539,198.40231323242188,1530260,9316,-70508.9,581.54,954.3217163085938,0.0003,2.960082769393921,164,0.03136763349175453
4160,382876,4.759649276733398,1531608,9324,-71391.5,569.81,963.0997314453125,0.0003,1.388909101486206,164,0.031780410557985306
4164,383080,198.2828369140625,1532424,9329,-71327.8,563.44,965.9393310546875,0.0003,-1.5505445003509521,164,0.03241711109876633
4168,383747,391.5826721191406,1535092,9345,-71360.3,566.69,958.5009765625,0.0003,-0.6384895443916321,164,0.03294185921549797
4172,383958,5.328155517578125,1535936,9350,-74172.6,547.95,953.075927734375,0.0003,1.0135993957519531,164,0.033504437655210495
4176,384127,198.9991912841797,1536612,9355,-75986.9,529.4,973.5692138671875,0.0003,3.022101640701294,164,0.03385891020298004
4180,384278,6.917839527130127,1537216,9358,-78722.0,502.94,964.3303833007812,0.0003,3.0618207454681396,164,0.03451645374298096
4184,384445,5.327800750732422,1537884,9362,-81465.8,477.35,938.0430908203125,0.0003,-0.37247955799102783,164,0.03504570946097374
4188,384559,198.4493865966797,1538340,9365,-85110.2,441.83,958.9978637695312,0.0003,1.3199269771575928,164,0.035561274737119675
4192,384712,391.6119689941406,1538952,9369,-85937.3,424.55,969.7728271484375,0.0003,-1.933585524559021,164,0.036387208849191666
4196,384932,237.97987365722656,1539832,9374,-86752.0,406.03,954.70263671875,0.0003,1.5478882789611816,164,0.03749862313270569
4200,385030,198.36061096191406,1540224,9377,-88572.9,388.14,949.0526123046875,0.0003,-1.202878713607788,164,0.037782736122608185
4204,385122,198.88134765625,1540592,9379,-89386.7,369.53,964.0858154296875,0.0003,0.3755601942539215,164,0.03838706016540527
4208,385236,5.809874057769775,1541048,9381,-89339.4,364.8,947.181396484375,0.0003,3.3571929931640625,164,0.03903452306985855
4212,385363,199.1299285888672,1541556,9385,-89294.2,360.28,936.2971801757812,0.0003,1.558239459991455,164,0.03962291032075882
4216,385445,47.51401901245117,1541884,9387,-89207.2,351.58,1038.5780029296875,0.0003,0.8922486305236816,164,0.03992843255400658
4220,385580,5.083895206451416,1542424,9390,-89049.2,335.78,932.716796875,0.0003,0.5398598313331604,164,0.040345367044210434
4224,385667,198.3723602294922,1542772,9393,-89871.0,317.97,933.517333984375,0.0003,-0.137783020734787,164,0.04082721099257469
4228,385766,5.267931938171387,1543168,9395,-89782.4,309.11,953.4664306640625,0.0003,1.628735065460205,164,0.0417528934776783
4232,385928,584.1129760742188,1543816,9399,-89750.3,305.9,962.9611206054688,0.0003,2.146763801574707,164,0.043257880955934525
4236,386019,5.519167900085449,1544180,9401,-90552.5,286.13,953.8478393554688,0.0003,-1.3774256706237793,164,0.04403233155608177
4240,386108,5.7897539138793945,1544536,9404,-93272.8,258.19,961.7647705078125,0.0003,-0.9768165349960327,164,0.044703174382448196
4244,386222,392.1604309082031,1544992,9407,-94135.5,234.47,947.1005859375,0.0003,1.0284123420715332,164,0.0451197624206543
4248,386343,199.7079315185547,1545476,9410,-95078.4,218.77,943.9208374023438,0.0003,2.003931999206543,164,0.0457790233194828
4252,386430,198.94000244140625,1545824,9412,-95986.8,199.62,967.3204956054688,0.0003,2.71481990814209,164,0.04639661684632301
4256,386536,6.119067192077637,1546248,9414,-97751.1,176.07,931.1292114257812,0.0003,0.9418127536773682,164,0.046893566846847534
4260,386653,6.090231895446777,1546716,9417,-98622.5,163.22,929.807861328125,0.0003,0.24396628141403198,164,0.0475093238055706
4264,386765,206.29251098632812,1547164,9420,-99520.1,152.99,961.7560424804688,0.0003,2.1114184856414795,164,0.04796794056892395
4268,386887,199.22195434570312,1547652,9423,-100380.9,139.08,941.8517456054688,0.0003,0.16763466596603394,164,0.04802229627966881
4272,386981,198.90826416015625,1548028,9426,-100299.5,130.94,955.962158203125,0.0003,0.45839014649391174,164,0.04848954826593399
4276,387087,199.8551788330078,1548452,9429,-101205.4,121.54,945.7294311523438,0.0003,0.5316603183746338,164,0.04964293912053108
4280,387269,200.1778564453125,1549180,9434,-101202.0,121.2,942.033935546875,0.0003,-0.3020271062850952,164,0.050577349960803986
4284,387452,17.859540939331055,1549912,9439,-101159.4,116.94,994.3071899414062,0.0003,-0.5920266509056091,164,0.051419518887996674
4288,387802,7.5551862716674805,1551312,9447,-101213.2,122.32,938.388671875,0.0003,0.2943386435508728,164,0.05213715508580208
4292,387882,200.8173370361328,1551632,9449,-101248.0,125.8,945.1569213867188,0.0003,2.7557358741760254,164,0.052794963121414185
4296,387941,200.93617248535156,1551868,9450,-101195.1,120.51,932.62890625,0.0003,0.23437577486038208,164,0.05348215624690056
4300,387986,7.3357014656066895,1552048,9451,-101194.6,120.46,920.1719970703125,0.0003,0.5805356502532959,164,0.05395546928048134
4304,388031,7.081661701202393,1552228,9452,-101172.5,118.25,933.7874755859375,0.0003,-0.5192223787307739,164,0.05440517142415047
4308,388077,7.925102233886719,1552412,9453,-101159.9,116.99,946.6978759765625,0.0003,0.8513069152832031,164,0.054643724113702774
4312,388123,7.530559062957764,1552596,9455,-101107.7,111.77,933.9091186523438,0.0003,2.4441800117492676,164,0.05517788976430893
4316,388171,7.226585388183594,1552788,9456,-101082.2,109.22,912.944091796875,0.0003,0.024753600358963013,164,0.05564158409833908
4320,388245,8.296151161193848,1553084,9458,-101052.4,106.24,937.0706787109375,0.0003,0.776503324508667,164,0.05620894953608513
4324,388547,221.54641723632812,1554292,9465,-101045.5,105.55,931.4915161132812,0.0003,0.04210224747657776,164,0.0561540313065052
4328,388614,203.51600646972656,1554560,9467,-101129.0,113.9,935.7357177734375,0.0003,2.4518074989318848,164,0.05607016384601593
4332,388665,9.271564483642578,1554764,9468,-101107.5,111.75,928.0501708984375,0.0003,-0.2639368772506714,164,0.05720813199877739
4336,388736,396.6859130859375,1555048,9470,-101080.6,109.06,941.7833251953125,0.0003,-1.8271739482879639,164,0.05746382847428322
4340,388870,8.391351699829102,1555584,9473,-101085.1,109.51,929.0537719726562,0.0003,-0.3520398736000061,164,0.057187967002391815
4344,389050,9.078046798706055,1556304,9477,-101096.2,110.62,908.405517578125,0.0003,-0.7480953335762024,164,0.05479395017027855
4348,389294,202.90370178222656,1557280,9483,-101116.2,112.62,924.6270751953125,0.0003,0.12068861722946167,164,0.05195910483598709
4352,389385,202.5631103515625,1557644,9485,-101123.2,113.32,944.699951171875,0.0003,-2.331902503967285,164,0.05082131549715996
4356,389652,398.9008483886719,1558712,9492,-101071.25,120.89,947.2703857421875,0.0003,1.0737935304641724,164,0.04894479736685753
4360,389880,9.300809860229492,1559624,9498,-101121.75,125.94,925.794921875,0.0003,-3.0475516319274902,164,0.047542233020067215
4364,390065,20.997840881347656,1560364,9502,-101138.55,127.62,971.38330078125,0.0003,0.8533998131752014,164,0.04573560506105423
4368,390288,397.3932800292969,1561256,9507,-101201.55,133.92,942.5377197265625,0.0003,-1.0452039241790771,164,0.04499377682805061
4372,390405,203.9941864013672,1561724,9510,-101201.95,133.96,925.3995361328125,0.0003,-0.17106902599334717,164,0.04537740349769592
4376,390628,429.4189147949219,1562616,9516,-101104.65,134.35,1146.799560546875,0.0003,0.526995062828064,164,0.04640968516469002
4380,390805,11.311342239379883,1563324,9520,-101005.3,135.21,945.3121337890625,0.0003,3.0297465324401855,164,0.04702146351337433
4384,391019,204.751953125,1564180,9526,-101061.8,140.86,934.0852661132812,0.0003,-1.0554322004318237,164,0.04741472750902176
4388,391110,12.709314346313477,1564544,9528,-100919.75,137.85,934.7388916015625,0.0003,-1.1485230922698975,164,0.047527071088552475
4392,391198,203.36294555664062,1564896,9530,-100884.95,134.37,942.816650390625,0.0003,-1.0474042892456055,164,0.04710378870368004
4396,391367,409.03875732421875,1565572,9534,-100717.8,138.12,967.4180908203125,0.0003,0.5797765254974365,164,0.04668310284614563
4400,391437,449.2417907714844,1565852,9536,-100603.45,136.81,2021.5986328125,0.0003,2.336942195892334,164,0.04692280292510986
4404,391506,204.34866333007812,1566128,9538,-100616.15,138.08,934.4873657226562,0.0003,-1.172361135482788,164,0.04716008901596069
4408,391638,204.69540405273438,1566656,9541,-100637.15,140.18,924.8873901367188,0.0003,-0.3842063546180725,164,0.046889353543519974
4412,391847,11.467050552368164,1567492,9546,-100691.25,145.59,938.515869140625,0.0003,-0.4271075129508972,164,0.046627338975667953
4416,391976,206.32723999023438,1568008,9549,-100741.25,150.59,927.2981567382812,0.0003,1.1990835666656494,164,0.046133462339639664
4420,392067,12.296880722045898,1568372,9552,-100771.75,153.64,945.365234375,0.0003,-0.6017613410949707,164,0.04584156721830368
4424,392142,11.736151695251465,1568672,9553,-100769.65,153.43,933.239501953125,0.0003,0.05903056263923645,164,0.04600781574845314
4428,392329,11.815208435058594,1569420,9558,-100697.25,146.19,931.8154296875,0.0003,1.387178659439087,164,0.04657993093132973
4432,392417,11.60206413269043,1569772,9560,-100624.5,149.64,932.19970703125,0.0003,2.4548373222351074,164,0.04703298211097717
4436,392599,207.45310974121094,1570500,9565,-100670.8,154.27,968.5560302734375,0.0003,0.4548526108264923,164,0.04751270264387131
4440,392807,12.723172187805176,1571332,9569,-100670.7,154.26,943.3184814453125,0.0003,1.9798285961151123,164,0.04878300055861473
4444,392942,11.59535026550293,1571872,9573,-100676.8,154.87,932.1622924804688,0.0003,0.17502173781394958,164,0.04914248734712601
4448,393044,33.71482467651367,1572280,9575,-100681.8,155.37,954.8185424804688,0.0003,1.1074777841567993,164,0.049192626029253006
4452,393144,11.228103637695312,1572680,9577,-100663.9,153.58,946.192626953125,0.0003,-0.08796176314353943,164,0.04930965229868889
4456,393204,11.815643310546875,1572920,9579,-100705.65,144.99,945.7535400390625,0.0003,-1.931459903717041,164,0.04919895902276039
4460,393301,11.514269828796387,1573308,9581,-100649.65,139.39,949.284423828125,0.0003,0.15776538848876953,164,0.04969631880521774
4464,393368,206.10902404785156,1573576,9583,-100608.85,135.31,938.66064453125,0.0003,2.1151394844055176,164,0.05011139437556267
4468,393439,205.20204162597656,1573860,9584,-100515.75,126.0,939.686767578125,0.0003,0.4835321307182312,164,0.050282690674066544
4472,393486,11.80014419555664,1574048,9586,-100486.95,123.12,943.104736328125,0.0003,1.647076964378357,164,0.05034153535962105
4476,393545,398.0129699707031,1574284,9587,-100562.15,120.52,933.3082885742188,0.0003,-0.6731736660003662,164,0.05076323449611664
4480,393617,11.622865676879883,1574572,9589,-100627.5,116.26,937.1942138671875,0.0003,0.3953101336956024,164,0.051159802824258804
4484,393663,397.8204345703125,1574756,9590,-100533.8,106.89,945.1630859375,0.0003,1.9170746803283691,164,0.051226526498794556
4488,393742,11.979134559631348,1575072,9592,-100600.95,102.41,946.5296630859375,0.0003,0.40256720781326294,164,0.0515180304646492
4492,393825,12.490462303161621,1575404,9595,-100575.15,99.83,933.1947631835938,0.0003,0.9516739845275879,164,0.05138722434639931
4496,393881,206.6105499267578,1575628,9596,-100739.8,95.83,949.7660522460938,0.0003,-0.1434975266456604,164,0.05177520215511322
4500,393961,398.246337890625,1575948,9598,-100792.15,100.94,951.6448974609375,0.0003,2.066498279571533,164,0.05177874490618706
4504,394023,12.080425262451172,1576196,9600,-100785.65,100.29,945.7863159179688,0.0003,1.4719270467758179,164,0.05304856225848198
4508,394067,12.090764999389648,1576372,9601,-100769.25,98.65,953.897216796875,0.0003,1.9856688976287842,164,0.053750112652778625
4512,394112,206.205322265625,1576552,9602,-100715.95,93.32,953.0927124023438,0.0003,1.6279596090316772,164,0.05440819263458252
4516,394155,258.0077819824219,1576724,9603,-100667.05,88.43,1991.401611328125,0.0003,-0.42466139793395996,164,0.05455293133854866
4520,394204,51.669429779052734,1576920,9604,-100636.65,85.39,1209.61572265625,0.0003,-0.5331165790557861,164,0.05465136095881462
4524,394291,18.744287490844727,1577268,9606,-100623.15,84.04,959.9786376953125,0.0003,0.19311940670013428,164,0.05445605143904686
4528,394384,39.27786636352539,1577640,9609,-100595.75,81.3,1080.889892578125,0.0003,3.2223780155181885,164,0.05500531196594238
4532,394470,211.33348083496094,1577984,9611,-100683.1,79.31,977.8871459960938,0.0003,0.4699116349220276,164,0.055474694818258286
4536,394561,205.2793731689453,1578348,9613,-100665.1,77.51,918.7344360351562,0.0003,1.8196768760681152,164,0.056344278156757355
4540,394632,12.84408950805664,1578632,9614,-100557.6,77.46,944.364990234375,0.0003,1.2898235321044922,164,0.05698090046644211
4544,394743,13.81284236907959,1579076,9617,-100524.7,74.17,935.5528564453125,0.0003,0.8521854877471924,164,0.05742790549993515
4548,394873,12.544962882995605,1579596,9620,-100297.0,71.61,936.2350463867188,0.0003,1.2333606481552124,164,0.057562679052352905
4552,394947,28.743913650512695,1579892,9622,-100193.4625,71.58,1012.98291015625,0.0003,0.7700977325439453,164,0.058380525559186935
4556,395053,13.01563549041748,1580316,9624,-100180.7625,70.31,924.8623046875,0.0003,-1.3489854335784912,164,0.05925864726305008
4560,395100,11.23127269744873,1580504,9625,-99889.6125,73.26,955.0968017578125,0.0003,-1.3187587261199951,164,0.05938086658716202
4564,395214,13.417206764221191,1580960,9628,-99700.5125,74.56,940.99560546875,0.0003,1.4466811418533325,164,0.05899658054113388
4568,395319,11.960659980773926,1581380,9630,-99519.35,76.89,947.3279418945312,0.0003,-1.4503778219223022,164,0.05908485874533653
4572,395370,205.5299835205078,1581584,9632,-99522.35,77.19,946.159423828125,0.0003,-2.304842233657837,164,0.05903904512524605
4576,395473,35.308677673339844,1581996,9634,-99437.9875,78.92,1068.705322265625,0.0003,3.1736035346984863,164,0.05964677408337593
4580,395523,13.073356628417969,1582196,9635,-99455.5875,80.68,943.695068359375,0.0003,1.6584166288375854,164,0.06017375737428665
4584,395591,34.137176513671875,1582468,9637,-99457.7875,80.9,949.8659057617188,0.0003,0.49327290058135986,164,0.060596171766519547
4588,395663,19.061492919921875,1582756,9639,-99455.1875,80.64,960.0850830078125,0.0003,-2.07943058013916,164,0.06079695746302605
4592,395797,207.08792114257812,1583292,9642,-99483.4875,83.47,941.352783203125,0.0003,1.6365759372711182,164,0.06099746748805046
4596,395903,27.6184024810791,1583716,9645,-99418.9125,87.31,960.1486206054688,0.0003,0.5616906881332397,164,0.061971113085746765
4600,396004,13.191838264465332,1584120,9647,-99267.1625,82.24,936.4437255859375,0.0003,2.3629186153411865,164,0.062214091420173645
4604,396117,12.91960620880127,1584572,9650,-99269.6625,82.49,945.19970703125,0.0003,0.7892888784408569,164,0.06281740963459015
4608,396266,12.799978256225586,1585168,9653,-99290.6625,84.59,940.3590698242188,0.0003,1.7758440971374512,164,0.0626237541437149
4612,396353,14.5272216796875,1585516,9656,-99211.025,86.67,962.7892456054688,0.0003,1.8011908531188965,164,0.06309571117162704
4616,396494,74.94153594970703,1586080,9660,-99133.3375,89.05,2014.5185546875,0.0003,0.9801487922668457,164,0.06316682696342468
4620,396617,206.1704559326172,1586572,9663,-99097.9125,96.05,950.2920532226562,0.0003,1.0671800374984741,164,0.06374361366033554
4624,396818,13.624255180358887,1587376,9667,-99137.2125,99.98,944.4419555664062,0.0003,3.1092991828918457,164,0.0657685250043869
4628,396986,398.2560119628906,1588048,9671,-99085.2875,104.98,946.7097778320312,0.0003,-1.1217807531356812,164,0.06801481544971466
4632,397125,13.94717788696289,1588604,9675,-99102.4875,106.7,946.1365356445312,0.0003,-1.326737403869629,164,0.06725465506315231
4636,397479,13.852696418762207,1590020,9684,-99117.5875,108.21,950.2225341796875,0.0003,-0.8474218249320984,164,0.06552233546972275
4640,397857,15.216339111328125,1591532,9693,-99311.3875,116.89,933.65380859375,0.0003,0.6947698593139648,164,0.06650684773921967
4644,398077,208.17431640625,1592412,9698,-98202.05,132.11,953.5068359375,0.0003,0.3782615065574646,164,0.06658033281564713
4648,398182,593.5668334960938,1592832,9701,-98310.65,133.29,918.5611572265625,0.0003,-1.7660844326019287,164,0.06673695147037506
4652,398292,205.83604431152344,1593272,9703,-98319.9875,133.99,944.6588745117188,0.0003,0.6276129484176636,164,0.06697618216276169
4656,398389,14.088135719299316,1593660,9706,-98242.4875,136.26,923.07666015625,0.0003,0.05090770125389099,164,0.0671188160777092
4660,398575,14.367802619934082,1594404,9710,-98550.6375,135.01,946.06787109375,0.0003,0.21624106168746948,164,0.06714481115341187
4664,398709,14.217479705810547,1594940,9713,-98677.8875,137.89,947.185546875,0.0003,-1.759922742843628,164,0.06641528755426407
4668,398900,15.272782325744629,1595704,9718,-98897.25,139.38,933.4323120117188,0.0003,-1.1660822629928589,164,0.06550666689872742
4672,399055,402.4506530761719,1596324,9722,-98919.15,141.57,941.0869750976562,0.0003,0.6496680974960327,164,0.06451113522052765
4676,399179,15.245262145996094,1596820,9725,-99027.9125,142.28,938.006591796875,0.0003,4.101005554199219,164,0.0640663132071495
4680,399444,209.0614776611328,1597880,9731,-97800.1625,154.04,943.7545166015625,0.0003,-1.50978684425354,164,0.06482528150081635
4684,399734,207.5269317626953,1599040,9738,-97655.4625,161.03,925.4962768554688,0.0003,1.8989229202270508,164,0.06329679489135742
4688,399992,208.34043884277344,1600072,9744,-97742.7625,169.76,931.3748168945312,0.0003,-1.5874862670898438,164,0.06327743083238602
4692,400180,207.61863708496094,1600824,9749,-97676.0625,175.44,935.15185546875,0.0003,-3.1032257080078125,164,0.06303469091653824
4696,400292,208.0709991455078,1601272,9751,-97680.4375,176.05,928.5819702148438,0.0003,-0.3935970366001129,164,0.06321009248495102
4700,400408,207.798583984375,1601736,9754,-97878.4875,175.75,940.9127197265625,0.0003,-2.1418657302856445,164,0.06300458312034607
4704,400573,402.5212707519531,1602396,9758,-97903.9875,178.3,960.02587890625,0.0003,0.8706279993057251,164,0.06324939429759979
4708,400712,14.86437702178955,1602952,9761,-97891.1875,177.02,931.37353515625,0.0003,-1.4315054416656494,164,0.06338804960250854
4712,400924,239.30470275878906,1603800,9766,-98047.625,182.62,979.0143432617188,0.0003,0.6380727291107178,164,0.06651449203491211
4716,401906,14.770258903503418,1607728,9790,-96444.3125,212.12,934.0715942382812,0.0003,-0.5540391802787781,164,0.06232881173491478
4720,402906,16.790740966796875,1611728,9814,-92862.6375,243.37,953.9989013671875,0.0003,1.0985792875289917,164,0.061723534017801285
4724,403906,14.91591739654541,1615728,9839,-89206.2375,277.69,929.5459594726562,0.0003,0.17058289051055908,164,0.058967672288417816
4728,404689,33.85871887207031,1618860,9857,-88469.2625,293.79,939.4698486328125,0.0003,-0.5470881462097168,164,0.059144120663404465
4732,405589,208.64190673828125,1622460,9878,-87727.4625,319.6,969.5570678710938,0.0003,-0.7690198421478271,164,0.05463848635554314
4736,406557,33.05939483642578,1626332,9902,-86036.0625,350.44,938.49072265625,0.0003,-1.009887456893921,164,0.050074540078639984
4740,407320,13.178853988647461,1629384,9922,-84242.7625,371.09,967.4149169921875,0.0003,1.6738189458847046,164,0.048144590109586716
4744,407618,14.84274673461914,1630576,9930,-84515.4,382.19,961.31298828125,0.0003,0.36167019605636597,164,0.04899093508720398
4748,408038,34.163700103759766,1632256,9939,-84691.6,389.28,966.8798828125,0.0003,0.47387462854385376,164,0.048157576471567154
4752,408465,15.104037284851074,1633964,9950,-84889.6,398.99,970.0869140625,0.0003,1.092819333076477,164,0.047903209924697876
4756,409179,204.9961395263672,1636820,9969,-85160.5,416.06,973.6190795898438,0.0003,2.7340621948242188,164,0.05114641785621643
4760,409453,10.745882987976074,1637916,9976,-84248.4,424.84,951.085205078125,0.0003,-0.8711345195770264,164,0.05142275616526604
4764,409602,205.0712890625,1638512,9979,-83419.65,431.59,969.9039306640625,0.0003,0.19736313819885254,164,0.05165080726146698
4768,409721,11.290650367736816,1638988,9983,-83359.4,436.63,977.6240234375,0.0003,0.8292275071144104,164,0.05241936817765236
4772,409820,202.48086547851562,1639384,9985,-83358.6,436.55,949.1625366210938,0.0003,-2.2262232303619385,164,0.05220111086964607
4776,409921,396.82513427734375,1639788,9988,-83358.1,436.5,973.066162109375,0.0003,1.7244479656219482,164,0.05192069709300995
4780,410024,11.446959495544434,1640200,9990,-84592.55,425.41,955.6942138671875,0.0003,0.9900617599487305,164,0.0525207594037056
4784,410132,204.51223754882812,1640632,9993,-84760.25,420.72,953.9881591796875,0.0003,0.4881856143474579,164,0.05255477875471115
4788,410236,12.746943473815918,1641048,9996,-84691.55,413.85,981.3909912109375,0.0003,0.34035366773605347,164,0.052257247269153595
4792,410339,591.1219482421875,1641460,9999,-84745.75,406.92,963.0511474609375,0.0003,1.0492117404937744,164,0.052275318652391434
4796,410442,10.120891571044922,1641872,10001,-84832.15,405.09,955.8077392578125,0.0003,-1.042128324508667,164,0.05197981372475624
4800,410562,204.16624450683594,1642352,10005,-84840.55,405.93,967.736328125,0.0003,1.318920373916626,164,0.05166691914200783
4804,410679,9.862025260925293,1642820,10008,-84835.15,405.39,958.8612670898438,0.0003,-1.7480604648590088,164,0.05168987065553665
4808,410840,9.106325149536133,1643464,10012,-84857.65,407.64,960.9127197265625,0.0003,-2.1820874214172363,164,0.05149497836828232
4812,410992,397.36773681640625,1644072,10016,-84731.15,404.99,979.4750366210938,0.0003,-0.6585043668746948,164,0.05218789353966713
4816,411152,202.98634338378906,1644712,10020,-86454.85,377.38,971.1701049804688,0.0003,2.0370895862579346,164,0.051164597272872925
4820,411407,396.2022399902344,1645732,10027,-90151.05,347.04,970.5640869140625,0.0003,-0.9943886995315552,164,0.050961513072252274
4824,411582,9.945597648620605,1646432,10031,-93830.25,315.0,963.0094604492188,0.0003,-0.21226471662521362,164,0.05158916115760803
4828,411853,10.654375076293945,1647516,10039,-94689.45,300.93,964.5687255859375,0.0003,-0.9901267290115356,164,0.052559301257133484
4832,412056,396.3451843261719,1648328,10044,-95364.95,278.49,971.317138671875,0.0003,1.201129674911499,164,0.052522387355566025
4836,412167,9.423198699951172,1648772,10047,-97046.65,246.68,956.6593627929688,0.0003,-0.3017907738685608,164,0.05208934471011162
4840,412286,10.783598899841309,1649248,10050,-98761.25,218.16,955.425537109375,0.0003,-1.4396870136260986,164,0.05236474424600601
4844,412408,201.04461669921875,1649736,10053,-99512.05,193.25,968.1861572265625,0.0003,0.8307874202728271,164,0.051851507276296616
4848,412530,9.902022361755371,1650224,10056,-99432.35,185.28,974.0242919921875,0.0003,0.5580753684043884,164,0.05177748203277588
4852,412660,224.83355712890625,1650744,10060,-99345.85,176.63,966.8831176757812,0.0003,2.93876314163208,164,0.05191441997885704
4856,412806,395.9366455078125,1651328,10063,-99090.65,161.11,948.0746459960938,0.0003,-0.5387624502182007,164,0.05190877243876457
4860,412941,10.009174346923828,1651868,10067,-100002.15,152.27,955.5945434570312,0.0003,0.5204931497573853,164,0.05108904466032982
4864,413046,7.970101356506348,1652288,10069,-100921.35,144.2,956.1250610351562,0.0003,-0.7121973633766174,164,0.05037108436226845
4868,413175,213.33082580566406,1652804,10073,-100979.5,138.95,986.537109375,0.0003,0.07134248316287994,164,0.04989662021398544
4872,413317,11.151715278625488,1653372,10076,-100894.7,140.47,978.3380126953125,0.0003,1.8524529933929443,164,0.04963762313127518
4876,413458,14.906584739685059,1653936,10080,-100908.0,141.8,990.0057373046875,0.0003,-1.8318452835083008,164,0.050483833998441696
4880,413615,590.2860717773438,1654564,10084,-100820.9,143.09,969.926513671875,0.0003,0.33473023772239685,164,0.050557345151901245
4884,413727,201.6195831298828,1655012,10087,-100825.9,143.59,961.37646484375,0.0003,2.769947052001953,164,0.050991106778383255
4888,413856,201.8582305908203,1655528,10090,-100836.7,144.67,960.7269287109375,0.0003,-0.6685019731521606,164,0.051864635199308395
4892,413972,394.81561279296875,1655992,10093,-100846.3,145.63,973.997314453125,0.0003,0.07287129759788513,164,0.05159124359488487
4896,414132,202.4947509765625,1656632,10097,-100758.7,146.87,963.763427734375,0.0003,1.407073736190796,164,0.05135488137602806
4900,414320,222.60179138183594,1657384,10102,-100583.4,149.34,963.654052734375,0.0003,-0.12773403525352478,164,0.05051044002175331
4904,414513,203.65200805664062,1658156,10107,-100318.7,152.87,971.8375854492188,0.0003,0.4331282377243042,164,0.04978908598423004
4908,414741,7.337889194488525,1659068,10113,-100309.8,151.98,958.917724609375,0.0003,1.3117973804473877,164,0.04924123361706734
4912,415051,393.9029846191406,1660308,10121,-100352.3,156.23,957.3497314453125,0.0003,-0.2271028757095337,164,0.04938830807805061
4916,415242,8.438558578491211,1661072,10126,-100389.1,159.91,947.3395385742188,0.0003,0.06435006856918335,164,0.04981546849012375
4920,415424,201.00828552246094,1661800,10131,-100341.5,155.15,961.34423828125,0.0003,-0.5239217281341553,164,0.05078554525971413
4924,415741,7.702000617980957,1663068,10139,-99300.5,161.04,956.7637939453125,0.0003,-0.07013782858848572,164,0.05137142166495323
4928,415889,392.5900573730469,1663660,10143,-99239.8,154.97,969.7540283203125,0.0003,-2.447958469390869,164,0.05040549114346504
4932,415976,394.1214294433594,1664008,10145,-99322.6,153.25,952.8606567382812,0.0003,-1.744321346282959,164,0.049679793417453766
4936,416080,201.34397888183594,1664424,10148,-99298.1,150.8,968.0553588867188,0.0003,-0.5679932832717896,164,0.04884926974773407
4940,416150,201.7589874267578,1664704,10149,-99340.8,155.07,962.4055786132812,0.0003,2.5777082443237305,164,0.048466674983501434
4944,416230,394.47674560546875,1665024,10151,-99425.9,153.58,976.217529296875,0.0003,0.3088876008987427,164,0.048560213297605515
4948,416377,200.72201538085938,1665612,10155,-99414.7,152.46,953.1920776367188,0.0003,0.09028682112693787,164,0.04822666570544243
4952,416631,7.250332832336426,1666628,10161,-99401.7,151.16,948.1495361328125,0.0003,-2.03322434425354,164,0.04829499125480652
4956,417403,200.1033477783203,1669716,10181,-97747.9,175.76,961.2221069335938,0.0003,0.21691524982452393,163,0.0463976114988327
4960,417682,202.31094360351562,1670832,10188,-96885.8,189.54,958.2222900390625,0.0003,-0.9002153873443604,163,0.0443623848259449
4964,417892,394.51092529296875,1671672,10193,-96906.4,191.6,959.650390625,0.0003,0.25120407342910767,163,0.04417234659194946
4968,418232,394.261962890625,1673032,10202,-96955.4,196.5,961.0449829101562,0.0003,1.059697151184082,163,0.04384873807430267
4972,418490,7.513425827026367,1674064,10209,-97151.0,206.06,967.060302734375,0.0003,0.8293471336364746,163,0.04408957436680794
4976,418756,6.691665172576904,1675128,10216,-97155.6,206.52,949.8131103515625,0.0003,-0.20374970138072968,163,0.044163595885038376
4980,418868,6.354456424713135,1675576,10219,-97284.3,209.39,953.4111328125,0.0003,-1.660880208015442,163,0.04380771145224571
4984,419255,6.256499767303467,1677124,10229,-97341.3,215.09,958.7059936523438,0.0003,-2.229682207107544,163,0.043943293392658234
4988,419541,200.27565002441406,1678268,10236,-97421.1,223.07,963.4755859375,0.0003,-0.2711920738220215,163,0.0433603897690773
4992,419741,7.425637245178223,1679068,10241,-97479.0,228.86,963.68310546875,0.0003,-0.7138841152191162,163,0.042810581624507904
4996,420243,414.6724853515625,1681076,10254,-97563.4,237.3,974.2913208007812,0.0003,2.664249897003174,163,0.04064442962408066
5000,420343,586.4527587890625,1681476,10257,-97694.2,240.38,966.123779296875,0.0003,1.3493225574493408,163,0.04072432965040207
5004,420550,7.265952110290527,1682304,10262,-97950.4,236.0,964.8043212890625,0.0003,0.2870122790336609,163,0.041021399199962616
5008,420967,200.04576110839844,1683972,10273,-97958.1,246.77,968.4215698242188,0.0003,-0.4236486554145813,163,0.04187087342143059
5012,421530,7.148175239562988,1686224,10288,-98095.4,250.5,973.0845336914062,0.0003,3.3476905822753906,163,0.04094567894935608
5016,421970,6.931260108947754,1687984,10300,-97174.7,258.42,965.7736206054688,0.0003,0.48013627529144287,163,0.04228599742054939
5020,422680,392.5163269042969,1690824,10318,-96443.8,285.32,962.9356079101562,0.0003,0.7428843379020691,163,0.0415506474673748
5024,423170,200.39926147460938,1692784,10330,-96645.4,295.48,972.9630126953125,0.0003,0.35341426730155945,163,0.04234318807721138
5028,423590,5.613955497741699,1694464,10341,-95801.6,311.09,962.830322265625,0.0003,-1.730928659439087,163,0.041725169867277145
5032,424354,199.12005615234375,1697520,10361,-94895.3,320.45,968.1905517578125,0.0003,1.9170153141021729,163,0.04109293222427368
5036,424636,5.661527156829834,1698648,10368,-93133.3,344.23,957.39794921875,0.0003,-0.7930885553359985,163,0.0416778139770031
5040,424748,6.149601459503174,1699096,10371,-93123.2,343.22,970.6688842773438,0.0003,-0.17712831497192383,163,0.04180501028895378
5044,424870,6.069628715515137,1699584,10374,-93135.2,344.42,964.269287109375,0.0003,-0.4861088991165161,163,0.041739895939826965
5048,425075,5.915988445281982,1700404,10379,-93160.3,346.93,960.7750244140625,0.0003,-3.5269055366516113,163,0.04154688119888306
5052,425144,219.1943359375,1700680,10380,-93182.7,349.17,1096.1162109375,0.0003,-0.4615662693977356,163,0.04151587933301926
5056,426137,198.72616577148438,1704652,10406,-93177.9,348.69,951.8602905273438,0.0003,-0.966327965259552,163,0.040099818259477615
5060,426924,4.270872116088867,1707800,10426,-93183.6,349.26,946.8177490234375,0.0003,-0.8254353404045105,163,0.03921262174844742
5064,427072,5.563820838928223,1708392,10430,-93298.8,360.78,956.97119140625,0.0003,2.0998551845550537,163,0.03956538438796997
5068,427286,6.1149773597717285,1709248,10435,-92317.3,362.62,981.650634765625,0.0003,0.4647209644317627,163,0.039102762937545776
5072,427594,6.600942611694336,1710480,10443,-92224.5,353.34,971.7346801757812,0.0003,1.808573603630066,163,0.03873902186751366
5076,427838,6.299940586090088,1711456,10449,-92171.4,358.03,964.583251953125,0.0003,1.4064218997955322,163,0.03872504085302353
5080,427932,5.684269428253174,1711832,10452,-92168.1,357.7,967.36376953125,0.0003,0.6986187696456909,163,0.038859184831380844
5084,428023,392.0420837402344,1712196,10454,-92070.1,357.9,971.1384887695312,0.0003,-2.2154674530029297,163,0.038797326385974884
5088,428092,5.108339309692383,1712472,10456,-91966.9,347.58,974.8636474609375,0.0003,-0.3392457365989685,163,0.038856543600559235
5092,428155,197.13548278808594,1712724,10457,-91887.4,339.63,969.3862915039062,0.0003,-0.6787177324295044,163,0.03835957124829292
5096,428223,5.1214070320129395,1712996,10459,-91873.6,328.25,967.8600463867188,0.0003,0.843551516532898,163,0.03830937668681145
5100,428427,197.790283203125,1713812,10464,-91908.1,321.7,965.6549072265625,0.0003,-0.9024837017059326,163,0.038246478885412216
5104,428666,4.726961612701416,1714768,10470,-91908.5,321.74,963.0859375,0.0003,-1.7359497547149658,163,0.03769310563802719
5108,428797,5.298319339752197,1715292,10474,-91946.1,315.5,965.7066040039062,0.0003,-2.0985093116760254,163,0.037875860929489136
5112,428937,198.49716186523438,1715852,10477,-91841.9,305.08,967.5549926757812,0.0003,-1.7783654928207397,163,0.03766777738928795
5116,429045,197.759765625,1716284,10480,-92766.8,297.58,962.373046875,0.0003,-1.9389894008636475,163,0.038143131881952286
5120,429109,201.31300354003906,1716540,10481,-93487.5,269.66,989.107666015625,0.0003,0.6461349129676819,163,0.03834349662065506
5124,429216,198.03428649902344,1716968,10484,-94273.7,248.29,972.5916748046875,0.0003,-1.149003505706787,163,0.03806551918387413
5128,429282,199.2880859375,1717232,10486,-95124.9,233.42,969.399658203125,0.0003,0.45124953985214233,163,0.03775094076991081
5132,429529,199.5457763671875,1718220,10492,-96029.6,223.9,977.328125,0.0003,-0.22821566462516785,163,0.03783879801630974
5136,429731,391.74139404296875,1719028,10498,-97850.9,206.05,964.5728759765625,0.0003,1.469785451889038,163,0.03743090480566025
5140,429845,6.759354114532471,1719484,10501,-97822.4,203.2,965.4205932617188,0.0003,0.785452127456665,163,0.0373021736741066
5144,429914,6.203689098358154,1719760,10503,-97819.1,202.87,988.2119140625,0.0003,1.1706385612487793,163,0.03720827028155327
5148,430030,4.86615514755249,1720224,10506,-97787.4,199.7,960.0962524414062,0.0003,0.708889365196228,163,0.037270963191986084
5152,430187,24.789201736450195,1720852,10510,-97791.4,200.1,964.5908813476562,0.0003,-0.8184575438499451,163,0.03684629127383232
5156,430395,4.641646862030029,1721684,10515,-99554.9,176.47,966.9795532226562,0.0003,-0.9502075910568237,163,0.036534279584884644
5160,430529,199.54139709472656,1722220,10518,-100417.5,162.74,982.427490234375,0.0003,2.4280991554260254,163,0.036918457597494125
5164,430768,6.473262310028076,1723176,10525,-100345.6,155.55,989.1107177734375,0.0003,3.148594617843628,163,0.037274010479450226
5168,431005,8.36750316619873,1724124,10531,-101289.1,149.91,1021.2929077148438,0.0003,5.3993821144104,163,0.037359803915023804
5172,431198,207.1104736328125,1724896,10536,-101299.3,150.93,1055.7518310546875,0.0003,-1.9723507165908813,163,0.037078436464071274
5176,431550,209.26364135742188,1726304,10545,-101386.1,149.61,1069.41064453125,0.0003,-1.1077415943145752,163,0.0369771346449852
5180,431775,198.70791625976562,1727204,10551,-100469.9,157.98,975.562255859375,0.0003,-0.05194246768951416,163,0.037136491388082504
5184,432065,4.987389087677002,1728364,10558,-100561.3,157.12,971.3111572265625,0.0003,1.7501695156097412,163,0.0373036153614521
5188,432440,5.173130989074707,1729864,10567,-100540.4,165.03,971.3353881835938,0.0003,0.37736594676971436,163,0.03956650570034981
5192,432762,391.7861633300781,1731152,10575,-100690.9,180.08,972.3209228515625,0.0003,-0.9964094161987305,163,0.03899504616856575
5196,432944,6.049353122711182,1731880,10579,-100768.4,187.83,983.463134765625,0.0003,0.11820816993713379,163,0.03873508796095848
5200,433171,199.41168212890625,1732788,10585,-100824.9,193.48,993.16259765625,0.0003,4.075114727020264,163,0.038016051054000854
5204,433640,392.11029052734375,1734664,10597,-100902.0,201.19,986.2139892578125,0.0003,2.185607433319092,163,0.03765307366847992
5208,433876,198.83047485351562,1735608,10603,-100967.6,207.75,972.9552612304688,0.0003,0.13556039333343506,163,0.03759906813502312
5212,434115,196.49273681640625,1736564,10610,-101001.3,211.12,976.8482666015625,0.0003,0.8203898668289185,163,0.03698099032044411
5216,434436,4.859447479248047,1737848,10618,-100967.5,207.74,978.0557861328125,0.0003,-1.3785630464553833,163,0.0372643768787384
5220,434654,411.1031188964844,1738720,10623,-101016.8,212.67,969.6954345703125,0.0003,-0.7687474489212036,163,0.03745390102267265
5224,434828,4.160654067993164,1739416,10627,-101131.0,224.09,965.4725341796875,0.0003,-1.7255516052246094,163,0.03689638525247574
5228,435172,5.231973171234131,1740792,10636,-101177.3,228.72,967.7448120117188,0.0003,-2.0048227310180664,163,0.035994753241539
5232,435418,4.844386100769043,1741776,10643,-101176.7,228.66,980.0140380859375,0.0003,1.2680290937423706,163,0.03549769148230553
5236,435606,3.957365036010742,1742528,10647,-100235.1,234.49,967.1741943359375,0.0003,-1.089475393295288,163,0.03543191775679588
5240,435926,5.295407295227051,1743808,10656,-100253.4,236.32,965.739013671875,0.0003,-0.8170793056488037,163,0.03531406447291374
5244,436202,3.9819366931915283,1744912,10663,-100291.5,240.13,961.88818359375,0.0003,0.6381784081459045,163,0.035353872925043106
5248,436362,197.61048889160156,1745552,10667,-99421.4,253.11,970.2238159179688,0.0003,0.35462474822998047,163,0.03608324006199837
5252,436563,3.462801456451416,1746356,10672,-99424.4,253.41,958.7210083007812,0.0003,-4.1182050704956055,163,0.03607243672013283
5256,436727,6.785992622375488,1747012,10676,-99423.3,253.3,968.2462158203125,0.0003,-1.0085031986236572,163,0.036074746400117874
5260,436881,4.0535430908203125,1747628,10680,-99462.0,257.17,975.5308837890625,0.0003,0.4484328627586365,163,0.036359790712594986
5264,437433,197.3700408935547,1749836,10695,-99457.4,256.71,975.0979614257812,0.0003,-0.40085533261299133,163,0.03553327918052673
5268,438006,3.6498396396636963,1752128,10709,-97649.9,275.94,960.1343994140625,0.0003,-0.6713672280311584,163,0.03475772961974144
5272,438838,218.2591094970703,1755456,10730,-95799.2,290.85,969.4561157226562,0.0003,1.2222882509231567,163,0.03396700695157051
5276,439838,202.45993041992188,1759456,10756,-92106.4,321.53,1015.0266723632812,0.0003,3.664729595184326,163,0.03563813865184784
5280,440524,390.6761169433594,1762200,10774,-91251.0,335.98,974.7487182617188,0.0003,2.036421298980713,163,0.035606205463409424
5284,440941,3.7670254707336426,1763868,10784,-90418.7,352.74,966.87939453125,0.0003,-0.5034602880477905,163,0.03642534464597702
5288,441114,391.2288818359375,1764560,10789,-90450.4,345.91,977.513916015625,0.0003,0.2094489336013794,163,0.03655312582850456
5292,441299,3.901660203933716,1765300,10793,-90376.6,338.53,968.5587768554688,0.0003,0.3843874931335449,163,0.03690631315112114
5296,441425,4.05021333694458,1765804,10796,-90313.0,332.17,975.9976806640625,0.0003,-0.9607281684875488,163,0.03710580989718437
5300,441624,197.54562377929688,1766600,10801,-90278.4,328.71,972.078125,0.0003,-0.12224593758583069,163,0.03778006136417389
5304,441816,197.93861389160156,1767368,10806,-89310.1,331.87,967.7467041015625,0.0003,-1.4993951320648193,163,0.03878965973854065
5308,442012,5.450221061706543,1768152,10811,-89220.8,322.94,968.5345458984375,0.0003,1.803707480430603,163,0.03947897627949715
5312,442304,4.277918338775635,1769320,10819,-89197.9,320.65,968.423583984375,0.0003,-0.6878275871276855,163,0.04103511944413185
5316,442436,196.59620666503906,1769848,10822,-89277.1,328.57,972.5158081054688,0.0003,-0.25772929191589355,163,0.04156949371099472
5320,442535,4.766209125518799,1770244,10824,-89239.5,324.81,973.627685546875,0.0003,0.6445410251617432,163,0.04174821451306343
5324,442669,196.1962432861328,1770780,10828,-89148.4,315.7,968.2293090820312,0.0003,-1.3589966297149658,163,0.04236707091331482
5328,442848,197.58859252929688,1771496,10832,-89126.9,313.55,968.626708984375,0.0003,0.7493071556091309,163,0.042820870876312256
5332,443093,4.510663032531738,1772476,10839,-89139.3,314.79,969.7252197265625,0.0003,0.3340529799461365,163,0.043731991201639175
5336,443510,4.363053321838379,1774144,10849,-90079.3,308.8,959.348388671875,0.0003,2.273371934890747,163,0.04313020035624504
5340,443635,408.5779113769531,1774644,10852,-90152.4,316.11,963.4301147460938,0.0003,-0.06764239072799683,163,0.0429496206343174
5344,443764,196.41639709472656,1775160,10856,-90119.3,312.8,959.9451904296875,0.0003,0.6615402102470398,163,0.04285770282149315
5348,443907,197.80050659179688,1775732,10859,-91013.6,302.24,982.8204345703125,0.0003,-0.7768665552139282,163,0.04351923614740372
5352,443992,4.292459964752197,1776072,10861,-90991.2,300.0,961.1031494140625,0.0003,-0.2109917402267456,163,0.04326415807008743
5356,444159,196.89828491210938,1776740,10866,-90983.4,299.22,957.6282958984375,0.0003,-0.9939009547233582,163,0.04267270490527153
5360,444312,4.237504959106445,1777352,10870,-90943.8,295.26,973.8396606445312,0.0003,-0.005593001842498779,163,0.04252916947007179
5364,444506,390.11785888671875,1778128,10874,-90902.8,291.16,956.9820556640625,0.0003,1.0446627140045166,163,0.04320596158504486
5368,444687,197.14376831054688,1778852,10879,-92714.1,272.31,971.8143310546875,0.0003,0.9364478588104248,163,0.043409910053014755
5372,444923,196.8112030029297,1779796,10885,-94599.0,260.82,961.0299072265625,0.0003,0.38413935899734497,163,0.04263472184538841
5376,445101,3.6856675148010254,1780508,10889,-98259.9,226.95,966.6893310546875,0.0003,0.6361335515975952,163,0.04235231503844261
5380,445581,4.938950538635254,1782428,10901,-100063.1,207.29,965.16064453125,0.0003,-0.851896345615387,163,0.043215565383434296
5384,445832,4.074431896209717,1783432,10908,-100913.3,192.32,957.63037109375,0.0003,0.9786177277565002,163,0.042643189430236816
5388,445948,3.916926145553589,1783896,10911,-100927.0,193.69,956.81494140625,0.0003,-1.6954927444458008,163,0.04271019250154495
5392,446062,3.542618989944458,1784352,10914,-99823.25,196.33,955.3985595703125,0.0003,-0.5194417238235474,163,0.042872294783592224
5396,446149,197.47312927246094,1784700,10916,-99821.05,196.11,955.9561157226562,0.0003,-2.1338069438934326,163,0.0429217554628849
5400,446290,392.09735107421875,1785264,10920,-99803.75,194.38,959.130859375,0.0003,3.5250542163848877,163,0.04244892671704292
5404,446412,4.667328357696533,1785752,10923,-100702.55,184.27,964.4837646484375,0.0003,-0.9526304006576538,163,0.042293235659599304
5408,446610,3.8938210010528564,1786544,10928,-100720.55,186.07,967.8133544921875,0.0003,-3.2703824043273926,163,0.04278900846838951
5412,447068,3.63859224319458,1788376,10940,-100744.25,188.44,957.2213745117188,0.0003,-0.19765537977218628,163,0.04194994270801544
5416,447473,11.021604537963867,1789996,10951,-100735.55,187.57,956.9827270507812,0.0003,-0.19186758995056152,163,0.041405852884054184
5420,447717,3.661172389984131,1790972,10957,-100871.15,201.13,950.6328735351562,0.0003,-0.8006833791732788,163,0.04168393462896347
5424,447902,197.8857421875,1791712,10962,-100893.35,203.35,963.0707397460938,0.0003,2.0993125438690186,163,0.04295677691698074
5428,448124,4.9358062744140625,1792600,10967,-100893.15,203.33,955.8898315429688,0.0003,0.93897545337677,163,0.042771536856889725
5432,448256,3.562804937362671,1793128,10971,-100858.95,199.91,948.4202880859375,0.0003,-1.325218677520752,163,0.04257668927311897
5436,448367,9.371012687683105,1793572,10974,-99896.65,203.67,999.1162109375,0.0003,0.5107893347740173,163,0.042423661798238754
5440,448463,4.545354843139648,1793956,10976,-99789.75,192.98,959.2586669921875,0.0003,-0.9624408483505249,163,0.04249972105026245
5444,448572,4.371521472930908,1794392,10979,-99785.65,192.57,964.7540283203125,0.0003,-0.10143202543258667,163,0.04285150766372681
5448,448708,4.117668628692627,1794936,10982,-99775.45,191.55,960.381591796875,0.0003,-0.97547447681427,163,0.04350472241640091
5452,448824,392.46044921875,1795400,10985,-99787.65,192.77,963.924072265625,0.0003,0.9732872843742371,163,0.04371592774987221
5456,448961,3.8075942993164062,1795948,10989,-99781.75,192.18,962.26025390625,0.0003,-0.06426706910133362,163,0.04393697530031204
5460,449063,197.09661865234375,1796356,10991,-99777.15,191.72,959.9461669921875,0.0003,-0.713935136795044,163,0.04400971531867981
5464,449218,4.813607215881348,1796976,10995,-99755.85,189.59,969.5713500976562,0.0003,-0.9582443833351135,163,0.0441291444003582
5468,449380,391.075927734375,1797624,10999,-99731.35,187.14,962.6629638671875,0.0003,1.2546586990356445,163,0.04403270035982132
5472,449521,6.113452434539795,1798188,11003,-99703.05,184.31,957.4956665039062,0.0003,0.3247641324996948,163,0.044064395129680634
5476,449624,4.310576915740967,1798600,11006,-99693.75,183.38,949.788330078125,0.0003,-0.5512897372245789,163,0.044154245406389236
5480,449730,197.64479064941406,1799024,11008,-99620.85,176.09,957.9969482421875,0.0003,0.9853048324584961,163,0.04425306245684624
5484,449817,5.1399102210998535,1799372,11010,-99547.15,168.72,977.4107666015625,0.0003,1.1171438694000244,163,0.04447523504495621
5488,449925,3.5460853576660156,1799804,11013,-99531.55,167.16,952.0369262695312,0.0003,0.45176029205322266,163,0.04458245262503624
5492,450022,391.0788269042969,1800192,11016,-100575.9,158.58,929.8988037109375,0.0003,-1.11342191696167,163,0.044964276254177094
5496,450163,197.48158264160156,1800756,11019,-100577.3,158.72,945.4556884765625,0.0003,2.4188318252563477,163,0.04523874819278717
5500,450251,3.7947325706481934,1801108,11022,-100589.3,159.92,961.1627807617188,0.0003,-0.2068192958831787,163,0.045578733086586
5504,450332,3.4664342403411865,1801432,11024,-100577.2,158.71,941.8052368164062,0.0003,-1.096569299697876,163,0.04578243941068649
5508,450426,4.3499369621276855,1801808,11026,-100527.0,153.69,962.6201782226562,0.0003,1.5767940282821655,163,0.04585091769695282
5512,450513,3.9607574939727783,1802156,11028,-100486.2,149.61,950.9591064453125,0.0003,-0.7549867630004883,163,0.04598976671695709
5516,450589,4.1374969482421875,1802460,11031,-100381.6,139.15,945.231689453125,0.0003,0.034519851207733154,163,0.04630262032151222
5520,450677,4.752419471740723,1802812,11033,-100229.4,123.93,953.0572509765625,0.0003,1.7080498933792114,163,0.046559009701013565
5524,450766,197.37709045410156,1803168,11035,-100191.9,120.18,953.094970703125,0.0003,-0.46338367462158203,163,0.04668653383851051
5528,450859,197.13070678710938,1803540,11038,-100162.5,117.24,946.3726806640625,0.0003,-0.9376394748687744,163,0.047359250485897064
5532,450951,4.087520599365234,1803908,11040,-100151.5,116.14,955.6626586914062,0.0003,0.037245988845825195,163,0.04798690602183342
5536,451034,198.33468627929688,1804240,11042,-101058.6,106.86,935.1785888671875,0.0003,0.3691282272338867,163,0.04833029583096504
5540,451140,198.23037719726562,1804664,11045,-101055.4,106.54,950.2532958984375,0.0003,1.7812471389770508,163,0.048982348293066025
5544,451280,3.907344341278076,1805224,11048,-101055.4,106.54,948.1195068359375,0.0003,0.8001700639724731,163,0.05017157271504402
5548,451482,199.04736328125,1806032,11054,-101052.5,106.25,956.6311645507812,0.0003,3.403291702270508,163,0.05053165182471275
5552,451601,197.16632080078125,1806508,11057,-101055.9,106.59,941.4349365234375,0.0003,-0.880754828453064,163,0.050549209117889404
5556,451720,390.9644775390625,1806984,11060,-101103.0,111.3,942.71875,0.0003,-1.4485502243041992,163,0.05094268545508385
5560,452087,4.194753646850586,1808452,11069,-101125.3,113.53,939.0565795898438,0.0003,-2.4912471771240234,163,0.051952555775642395
5564,452266,394.7766418457031,1809168,11074,-101208.9,121.89,954.988525390625,0.0003,2.805591583251953,163,0.05209110304713249
5568,452418,195.5467529296875,1809776,11078,-101234.6,124.46,937.9024658203125,0.0003,-1.8281638622283936,163,0.05244649201631546
5572,452583,4.61907958984375,1810436,11082,-101221.6,123.16,947.01220703125,0.0003,-2.4209494590759277,163,0.05204920843243599
5576,452750,391.30908203125,1811104,11086,-101234.3,124.43,935.3218383789062,0.0003,0.7165670990943909,163,0.052806075662374496
5580,453699,198.6224822998047,1814900,11110,-100404.9,141.48,950.3776245117188,0.0003,2.239561080932617,163,0.05720604956150055
5584,454476,4.334040641784668,1818008,11130,-98650.4,166.01,935.736083984375,0.0003,-2.783921241760254,163,0.05797651782631874
5588,455476,5.845732688903809,1822008,11156,-95014.8,202.41,936.4637451171875,0.0003,1.8460383415222168,163,0.059058982878923416
5592,455825,198.47413635253906,1823404,11164,-92277.2,228.62,919.6190185546875,0.0003,-1.3999431133270264,163,0.05929645150899887
5596,456317,5.905467987060547,1825372,11176,-92298.9,230.79,935.8807373046875,0.0003,1.5351482629776,163,0.05923675000667572
5600,456665,197.12109375,1826764,11185,-91390.7,239.96,906.2273559570312,0.0003,-0.04341917484998703,163,0.05984630063176155
5604,456843,5.233510494232178,1827476,11189,-90492.8,250.16,909.4898681640625,0.0003,0.23394736647605896,163,0.060291312634944916
5608,456943,7.310708522796631,1827876,11192,-89587.4,259.61,930.8529663085938,0.0003,1.9976794719696045,163,0.06061739847064018
5612,457060,4.134167194366455,1828344,11195,-89593.3,260.2,916.3133544921875,0.0003,-1.2197548151016235,163,0.06058386340737343
5616,457793,25.12385368347168,1831276,11214,-89641.2,264.99,907.8319091796875,0.0003,1.4662058353424072,163,0.06155277043581009
5620,458060,3.8685946464538574,1832344,11221,-86916.4,292.48,893.8016967773438,0.0003,-2.529231309890747,163,0.06231774017214775
5624,458478,391.9036560058594,1834016,11232,-86951.2,295.96,907.9069213867188,0.0003,-0.6876119375228882,163,0.06083457171916962
5628,458681,197.5915069580078,1834828,11237,-86977.0,298.54,913.4784545898438,0.0003,0.731087863445282,163,0.060635555535554886
5632,458878,5.7876200675964355,1835616,11242,-86977.3,298.57,919.8870239257812,0.0003,0.34771257638931274,163,0.06044592335820198
5636,458955,198.44606018066406,1835924,11244,-85158.7,316.69,909.5903930664062,0.0003,0.9232509136199951,163,0.06052767485380173
5640,459030,197.7296600341797,1836224,11246,-85153.6,316.18,907.6788330078125,0.0003,-0.8201215267181396,163,0.060581859201192856
5644,459122,5.584503173828125,1836592,11248,-85144.1,315.23,910.791259765625,0.0003,-1.3701786994934082,163,0.06072833389043808
5648,459276,6.322681903839111,1837208,11252,-85105.4,311.36,916.1103515625,0.0003,-1.7113068103790283,163,0.06030524522066116
5652,459398,195.47189331054688,1837696,11256,-85136.2,314.44,905.11328125,0.0003,-1.0830610990524292,163,0.05999353155493736
5656,459519,198.34979248046875,1838180,11258,-85073.8,308.2,902.9255981445312,0.0003,0.4823828339576721,163,0.05999919772148132
5660,459712,198.6219940185547,1838952,11263,-85032.1,304.03,907.3988037109375,0.0003,-1.450883150100708,163,0.05978862941265106
5664,460712,5.268406391143799,1842952,11289,-81301.6,330.94,905.229248046875,0.0003,1.8142169713974,163,0.05958661064505577
5668,461712,198.06951904296875,1846952,11314,-77632.0,363.94,897.2066650390625,0.0003,-0.3809274733066559,163,0.06091821566224098
5672,462712,200.4505157470703,1850952,11339,-73968.9,397.59,906.7626953125,0.0003,1.6784427165985107,163,0.06465129554271698
5676,463712,5.276573181152344,1854952,11364,-71277.6,428.43,888.0986328125,0.0003,-0.08182986080646515,163,0.06371582299470901
5680,464712,7.33918571472168,1858952,11389,-68468.8,447.52,908.1517944335938,0.0003,1.3234961032867432,163,0.05921805649995804
5684,465495,6.546316146850586,1862084,11409,-69386.2,439.27,899.655029296875,0.0003,-0.687798261642456,163,0.05584559217095375
5688,465712,4.895580291748047,1862952,11415,-72267.9,427.47,892.4800415039062,0.0003,-1.2569456100463867,163,0.05426344648003578
5692,466200,199.5047149658203,1864904,11428,-75065.4,407.25,903.504150390625,0.0003,0.9617375135421753,163,0.05191079154610634
5696,466626,200.38092041015625,1866608,11438,-74110.6,424.85,914.1470336914062,0.0003,3.065021514892578,163,0.05067751184105873
5700,467170,392.56890869140625,1868784,11452,-75089.4,422.74,898.2929077148438,0.0003,0.8984024524688721,163,0.04857214167714119
5704,467441,5.588874816894531,1869868,11459,-75111.8,424.98,902.36962890625,0.0003,-1.2910263538360596,163,0.048533905297517776
5708,467667,7.161085605621338,1870772,11465,-75132.6,427.06,908.9896850585938,0.0003,0.9660776853561401,163,0.04818819463253021
5712,468371,4.658173561096191,1873588,11483,-75282.3,442.03,906.29248046875,0.0003,-1.556911587715149,163,0.04796312749385834
5716,468780,4.58164644241333,1875224,11493,-74364.9,450.28,895.295654296875,0.0003,-1.8853168487548828,163,0.04663843661546707
5720,468994,4.026188373565674,1876080,11499,-76235.8,437.39,887.5263671875,0.0003,-2.4475362300872803,163,0.046443019062280655
5724,469216,198.32684326171875,1876968,11505,-76244.5,438.26,896.9324951171875,0.0003,-0.04215848445892334,163,0.04699411988258362
5728,469451,5.6119585037231445,1877908,11512,-76280.5,441.86,899.88623046875,0.0003,0.4318685531616211,163,0.047156624495983124
5732,469869,8.558526039123535,1879580,11522,-76355.3,449.34,900.174072265625,0.0003,-0.37401115894317627,163,0.0480201356112957
5736,470378,585.029052734375,1881616,11536,-77347.9,448.61,896.4124755859375,0.0003,-3.1908857822418213,163,0.048663318157196045
5740,470958,197.79647827148438,1883936,11551,-75564.9,470.29,899.2700805664062,0.0003,-2.1430397033691406,163,0.04818913713097572
5744,471085,200.48521423339844,1884444,11554,-75562.9,470.09,903.0043334960938,0.0003,1.0639277696609497,163,0.04756549000740051
5748,471210,198.36351013183594,1884944,11558,-75593.6,473.16,896.540283203125,0.0003,-3.8022401332855225,163,0.04722654074430466
5752,471661,198.34117126464844,1886748,11569,-75679.8,481.78,903.7761840820312,0.0003,0.5867379307746887,163,0.04795170575380325
5756,471858,200.02537536621094,1887536,11574,-75711.3,484.93,898.219482421875,0.0003,1.8835906982421875,163,0.046907298266887665
5760,471942,200.5652618408203,1887872,11576,-75770.0,490.8,915.5900268554688,0.0003,1.718927264213562,163,0.0463007427752018
5764,472051,4.745388031005859,1888308,11579,-79400.8,453.92,887.6549072265625,0.0003,-0.198525071144104,163,0.045974113047122955
5768,472158,198.76229858398438,1888736,11581,-83028.2,416.7,903.51123046875,0.0003,2.204921007156372,163,0.04567471146583557
5772,472240,198.10365295410156,1889064,11584,-85756.1,389.52,899.6069946289062,0.0003,-0.6567297577857971,163,0.04547523334622383
5776,472301,197.87945556640625,1889308,11585,-88408.6,354.8,894.7266845703125,0.0003,-0.7569445967674255,163,0.04548114538192749
5780,472363,4.034669399261475,1889556,11587,-92005.9,314.57,888.8502197265625,0.0003,-2.3737776279449463,163,0.045640379190444946
5784,472430,197.3961181640625,1889824,11588,-92852.6,299.25,896.3018188476562,0.0003,-0.8259396553039551,163,0.04600445181131363
5788,472496,394.2797546386719,1890088,11590,-93597.6,273.76,906.599365234375,0.0003,1.8279738426208496,163,0.04643777385354042
5792,472560,4.556958198547363,1890344,11592,-93518.8,265.88,899.5281372070312,0.0003,-0.4895240366458893,163,0.04662478342652321
5796,472625,195.05076599121094,1890604,11594,-94437.7,244.69,911.7661743164062,0.0003,-0.34909653663635254,163,0.04665060341358185
5800,472690,10.918546676635742,1890864,11596,-94341.6,235.08,997.4725952148438,0.0003,-0.16863477230072021,163,0.04662802815437317
5804,472762,5.676164150238037,1891152,11598,-95211.4,222.07,911.0437622070312,0.0003,0.8410636186599731,163,0.046316035091876984
5808,472848,5.947274684906006,1891496,11600,-96091.6,210.1,907.2144165039062,0.0003,3.0348544120788574,163,0.04610367864370346
5812,472924,5.1274542808532715,1891800,11602,-95930.8,194.02,902.6937255859375,0.0003,-0.06661628186702728,163,0.04629001393914223
5816,473001,4.36092472076416,1892108,11603,-96797.0,180.65,894.919921875,0.0003,0.12155520915985107,163,0.0460299588739872
5820,473067,4.532249450683594,1892372,11605,-97649.1,165.87,891.60888671875,0.0003,-0.14839380979537964,163,0.04575088247656822
5824,473166,209.6103515625,1892768,11608,-97605.0,161.46,1143.85400390625,0.0003,0.01782858371734619,163,0.0453762449324131
5828,473275,198.3263397216797,1893204,11610,-97535.4,154.5,905.46044921875,0.0003,-0.46498358249664307,163,0.045390065759420395
5832,473346,197.7073211669922,1893488,11612,-97471.5,148.11,894.7139892578125,0.0003,0.3027237057685852,163,0.04493361711502075
5836,473426,197.447265625,1893808,11614,-98295.2,130.49,902.7979736328125,0.0003,-0.1490275263786316,163,0.04499529302120209
5840,473490,8.187488555908203,1894064,11616,-100075.6,108.55,913.9132080078125,0.0003,-0.3450379967689514,163,0.0453435443341732
5844,473555,6.548261642456055,1894324,11618,-100071.5,108.14,906.7601318359375,0.0003,-0.25175759196281433,163,0.045006826519966125
5848,473649,4.6319899559021,1894700,11620,-100040.3,105.02,891.5572509765625,0.0003,-1.37203049659729,163,0.04443519189953804
5852,473721,6.298778057098389,1894988,11622,-99921.5,93.14,904.2353515625,0.0003,-0.37249085307121277,163,0.044626329094171524
5856,473810,393.3030090332031,1895344,11624,-99890.7,90.06,910.6658935546875,0.0003,0.3179153800010681,163,0.04481302201747894
5860,473884,201.0364227294922,1895640,11626,-99833.7,84.36,903.736572265625,0.0003,1.0224931240081787,163,0.045047640800476074
5864,473956,7.046699047088623,1895928,11628,-99831.8,84.17,909.2802734375,0.0003,3.492410659790039,163,0.0456685796380043
5868,474205,5.715126991271973,1896924,11634,-99858.5,86.84,900.3408813476562,0.0003,-1.7345141172409058,163,0.04666440561413765
5872,474388,198.58578491210938,1897656,11639,-100763.8,77.38,914.355712890625,0.0003,-0.20943236351013184,163,0.04654510319232941
5876,474596,4.453709125518799,1898488,11644,-100826.1,83.61,905.7169189453125,0.0003,5.586621284484863,163,0.0466996468603611
5880,474748,4.887814521789551,1899096,11648,-100833.0,84.3,911.000732421875,0.0003,-1.011732578277588,163,0.04707309976220131
5884,474905,196.6964569091797,1899724,11652,-100935.6,94.56,905.2302856445312,0.0003,-2.296159505844116,163,0.046353716403245926
5888,475073,3.8780155181884766,1900396,11657,-100952.3,96.23,902.9366455078125,0.0003,-2.1007518768310547,163,0.04540255293250084
5892,475218,202.16702270507812,1900976,11660,-100968.8,97.88,974.722900390625,0.0003,-1.5723047256469727,163,0.04511100798845291
5896,475401,585.1159057617188,1901708,11665,-100073.1,108.3,897.477783203125,0.0003,-0.6063222885131836,163,0.04501469433307648
5900,475591,4.255868911743164,1902468,11670,-100087.9,109.78,914.5465087890625,0.0003,1.084840178489685,163,0.04463842138648033
5904,475772,4.671718597412109,1903192,11674,-100096.6,110.65,922.3247680664062,0.0003,-0.7982683181762695,163,0.04422862082719803
5908,475928,197.7856903076172,1903816,11678,-100102.6,111.25,916.0848999023438,0.0003,-0.2683284282684326,163,0.04464727267622948
5912,476077,199.1968994140625,1904412,11682,-100100.2,111.01,900.43994140625,0.0003,0.16416597366333008,163,0.043977998197078705
5916,476198,198.01113891601562,1904896,11685,-99196.4,120.62,908.37158203125,0.0003,-1.2833144664764404,163,0.044126663357019424
5920,476358,4.710107326507568,1905536,11689,-99208.4,121.82,920.2223510742188,0.0003,-0.9790591597557068,163,0.04373457655310631
5924,476462,198.02040100097656,1905952,11692,-98303.9,131.36,899.1080322265625,0.0003,-1.275561809539795,163,0.04365101829171181
5928,476683,391.3104553222656,1906836,11698,-98320.5,133.02,907.5006103515625,0.0003,-3.6149349212646484,162,0.042837679386138916
5932,476855,197.50717163085938,1907524,11702,-98342.2,135.19,902.6306762695312,0.0003,0.47731316089630127,162,0.04274807870388031
5936,476971,5.8440399169921875,1907988,11706,-98398.1,140.78,911.030517578125,0.0003,-0.3590109348297119,162,0.04300309717655182
5940,477069,394.49481201171875,1908380,11708,-98411.1,142.08,918.954833984375,0.0003,2.080617904663086,162,0.04297555610537529
5944,477191,197.96206665039062,1908868,11712,-98427.5,143.72,912.3662719726562,0.0003,-1.5996837615966797,162,0.042739421129226685
5948,477295,4.345638751983643,1909284,11714,-98452.1,146.18,909.9144897460938,0.0003,-2.1079418659210205,162,0.04261589050292969
5952,477795,5.665165901184082,1911284,11727,-98481.7,149.14,912.5435180664062,0.0003,-0.019270658493041992,162,0.04131761193275452
5956,478026,197.49539184570312,1912208,11733,-98616.0,162.57,906.64306640625,0.0003,-2.6662707328796387,162,0.04093482345342636
5960,478237,199.49923706054688,1913052,11738,-98625.6,163.53,914.4706420898438,0.0003,1.169541358947754,162,0.04054167866706848
5964,478389,8.787198066711426,1913660,11742,-97728.5,173.81,918.96826171875,0.0003,3.751396894454956,162,0.040348637849092484
5968,478614,6.192078590393066,1914560,11749,-97723.0,173.26,907.8832397460938,0.0003,0.32784998416900635,162,0.04046909138560295
5972,478995,3.949498176574707,1916084,11759,-96856.8,186.63,907.8638916015625,0.0003,0.7413074970245361,162,0.040698401629924774
5976,479224,196.87283325195312,1917000,11764,-96910.7,192.02,907.523681640625,0.0003,1.0215336084365845,162,0.040009934455156326
5980,479497,3.2086801528930664,1918092,11771,-96939.2,194.87,910.5106201171875,0.0003,-0.2568485140800476,162,0.04179121553897858
5984,479875,3.7483773231506348,1919604,11781,-96919.9,192.94,901.1366577148438,0.0003,-1.8318336009979248,162,0.040944743901491165
5988,480141,393.046630859375,1920668,11788,-97031.6,204.11,917.302490234375,0.0003,2.434577703475952,162,0.039741456508636475
5992,480473,5.04202127456665,1921996,11796,-97130.4,213.99,913.7874145507812,0.0003,-2.6649668216705322,162,0.03961365297436714
5996,481262,198.28746032714844,1925152,11817,-98168.7,217.83,920.1947021484375,0.0003,0.43334707617759705,162,0.03787471354007721
6000,481760,4.558412075042725,1927144,11829,-95449.2,245.85,915.177490234375,0.0003,-3.3665401935577393,162,0.039169080555438995
6004,482461,391.30377197265625,1929948,11846,-93660.7,266.98,910.8724365234375,0.0003,0.6888169050216675,162,0.03833543136715889
6008,482808,391.0366516113281,1931336,11855,-92782.0,279.1,927.75927734375,0.0003,2.3696024417877197,162,0.03727375343441963
6012,482994,3.9791195392608643,1932080,11860,-92816.3,282.53,897.966064453125,0.0003,-0.5631492137908936,162,0.03737523406744003
6016,483994,201.4530029296875,1936080,11887,-91922.4,293.13,920.7261352539062,0.0003,2.8558740615844727,162,0.0381983183324337
6020,484994,391.91937255859375,1940080,11912,-88278.7,328.72,924.8248901367188,0.0003,1.4148750305175781,162,0.036636482924222946
6024,485994,200.40151977539062,1944080,11937,-85550.0,355.82,926.8524780273438,0.0003,0.3264126777648926,162,0.03591466322541237
6028,486121,6.218206882476807,1944588,11941,-82816.9,382.48,924.32177734375,0.0003,0.9615346789360046,162,0.036210235208272934
6032,486728,199.38807678222656,1947016,11956,-82868.5,387.64,927.9305419921875,0.0003,1.319313645362854,162,0.03728349134325981
6036,486939,390.791748046875,1947860,11962,-82955.8,396.37,915.302978515625,0.0003,-1.4986737966537476,162,0.03748098760843277
6040,487779,6.8992462158203125,1951220,11983,-83167.5,417.54,926.480712890625,0.0003,0.9470822811126709,162,0.03633727878332138
6044,488036,197.2309112548828,1952248,11990,-83139.4,424.73,923.0526733398438,0.0003,-2.8218703269958496,162,0.03657042980194092
6048,488195,6.810568332672119,1952884,11994,-82230.7,433.85,924.7176513671875,0.0003,1.8180382251739502,162,0.0372946560382843
6052,488375,4.401095390319824,1953604,12000,-82229.5,433.73,917.5377807617188,0.0003,3.2841596603393555,162,0.0372469425201416
6056,488606,392.2871398925781,1954528,12006,-82156.6,426.44,922.9786376953125,0.0003,0.021593213081359863,162,0.03740081563591957
6060,488915,5.1626739501953125,1955764,12014,-82182.9,429.07,933.4405517578125,0.0003,-2.637892484664917,162,0.03669348731637001
6064,489295,391.861572265625,1957284,12023,-83148.8,425.67,929.9251708984375,0.0003,1.2647924423217773,162,0.03672130033373833
6068,489432,198.24038696289062,1957832,12027,-82289.2,439.7,918.2093505859375,0.0003,-2.310798406600952,162,0.03687791898846626
6072,489631,4.111705303192139,1958628,12032,-83172.8,428.07,918.8695678710938,0.0003,-0.4565371870994568,162,0.03668656945228577
6076,490075,198.03692626953125,1960404,12044,-83057.2,426.51,931.5389404296875,0.0003,-1.9227049350738525,162,0.037011779844760895
6080,490362,4.1881208419799805,1961552,12051,-83117.1,432.5,930.1665649414062,0.0003,0.9040699005126953,162,0.03640291839838028
6084,490625,6.0253448486328125,1962604,12058,-83120.5,432.84,925.1709594726562,0.0003,-0.17324000597000122,162,0.0362219512462616
6088,491020,3.948843002319336,1964184,12067,-83180.5,438.84,916.9697265625,0.0003,-1.9418227672576904,162,0.035832494497299194
6092,491300,3.422884225845337,1965304,12074,-83148.5,435.64,917.4811401367188,0.0003,-0.09822320938110352,162,0.03647270426154137
6096,491564,391.8293151855469,1966360,12081,-83032.4,424.03,929.6663208007812,0.0003,1.6739892959594727,162,0.037389930337667465
6100,492054,201.6501922607422,1968320,12093,-85863.7,407.19,926.68212890625,0.0003,1.355595350265503,162,0.038767922669649124
6104,492137,5.687507629394531,1968652,12095,-87719.3,392.77,923.7646484375,0.0003,1.8648486137390137,162,0.03896334767341614
6108,492269,7.5116987228393555,1969180,12099,-88592.4,380.09,935.258544921875,0.0003,0.7709730863571167,162,0.03906020149588585
6112,492344,199.6621856689453,1969480,12101,-88553.8,376.23,943.2301635742188,0.0003,4.218979835510254,162,0.039151955395936966
6116,492417,198.31781005859375,1969772,12102,-90345.7,355.44,926.718017578125,0.0003,0.5341794490814209,162,0.039450258016586304
6120,492537,4.496707439422607,1970252,12106,-93977.6,318.67,931.7012939453125,0.0003,0.08698278665542603,162,0.03941164165735245
6124,492619,4.417254447937012,1970580,12108,-97695.4,290.49,924.3051147460938,0.0003,-1.2100937366485596,162,0.03977423533797264
6128,492695,10.935937881469727,1970884,12110,-100410.1,261.99,1015.4097900390625,0.0003,1.2456860542297363,162,0.04010379686951637
6132,492811,198.59481811523438,1971348,12112,-100341.2,255.1,933.3072509765625,0.0003,-0.03947246074676514,162,0.03996840864419937
6136,492913,391.31591796875,1971756,12115,-100102.4,241.22,932.6591796875,0.0003,-1.1490540504455566,162,0.04007875174283981
6140,492996,5.469008922576904,1972088,12117,-99871.7,218.15,917.8892822265625,0.0003,-0.5416982173919678,162,0.03998085483908653
6144,493060,196.18026733398438,1972344,12119,-99879.9,208.97,937.8889770507812,0.0003,-1.4493608474731445,162,0.04010229557752609
6148,493155,6.113734245300293,1972724,12121,-100758.7,196.86,931.7703857421875,0.0003,3.646728992462158,162,0.04031259939074516
6152,493224,3.839019298553467,1973000,12123,-100723.8,193.37,926.3717041015625,0.0003,0.23816624283790588,162,0.040785230696201324
6156,493296,197.99819946289062,1973288,12125,-100701.9,191.18,934.344970703125,0.0003,-0.4913439452648163,162,0.04075847193598747
6160,493357,394.18731689453125,1973532,12126,-100657.7,186.76,922.2284545898438,0.0003,4.022172927856445,162,0.041019197553396225
6164,493425,4.37261962890625,1973804,12128,-100583.7,179.36,925.9225463867188,0.0003,-1.5123920440673828,162,0.040861595422029495
6168,493478,197.7377166748047,1974016,12129,-101417.4,162.74,930.067138671875,0.0003,-0.5492373704910278,162,0.041011709719896317
6172,493540,4.905040740966797,1974264,12131,-101389.4,159.94,940.4757690429688,0.0003,-1.761482834815979,162,0.04100916162133217
6176,493590,4.612968444824219,1974464,12132,-101385.0,149.5,924.046630859375,0.0003,-1.693483591079712,162,0.04094464331865311
6180,493641,201.8142547607422,1974668,12134,-101286.5,139.65,921.4537963867188,0.0003,1.8258380889892578,162,0.04084533080458641
6184,493687,199.5321044921875,1974852,12135,-101193.4,130.34,942.4331665039062,0.0003,1.1316564083099365,162,0.04099394381046295
6188,493742,199.09527587890625,1975072,12136,-100997.9,110.79,922.43017578125,0.0003,0.06262248754501343,162,0.04119425639510155
6192,493789,4.794151782989502,1975260,12138,-100908.9,101.89,927.3646850585938,0.0003,-0.5968542098999023,162,0.04128408059477806
6196,493845,4.705395221710205,1975484,12139,-100879.4,98.94,917.87841796875,0.0003,-0.8888821601867676,162,0.04136825352907181
6200,493897,205.89825439453125,1975692,12140,-100748.8,85.88,942.446533203125,0.0003,-0.4974296987056732,162,0.041408952325582504
6204,493949,202.9243927001953,1975900,12142,-100665.8,77.58,929.2847900390625,0.0003,1.6799136400222778,162,0.04132506251335144
6208,494005,391.379150390625,1976124,12143,-100656.2,76.62,919.7584838867188,0.0003,0.3151981830596924,162,0.04131019487977028
6212,494067,5.348405361175537,1976372,12145,-100653.3,76.33,921.009033203125,0.0003,-3.4059619903564453,162,0.041501738131046295
6216,494121,198.82537841796875,1976588,12146,-100650.6,76.06,920.5172119140625,0.0003,0.35501599311828613,162,0.04146610200405121
6220,494172,399.3746337890625,1976792,12147,-100638.3,74.83,940.963623046875,0.0003,2.199755907058716,162,0.04160655662417412
6224,494223,198.138671875,1976996,12148,-100539.4,64.94,928.30224609375,0.0003,-2.188599109649658,162,0.04175771027803421
6228,494272,4.469645977020264,1977192,12150,-100537.1,64.71,921.0960083007812,0.0003,-1.1295135021209717,162,0.04169456288218498
6232,494325,9.795450210571289,1977404,12151,-100505.6,61.56,955.7632446289062,0.0003,1.7829152345657349,162,0.041564974933862686
6236,494382,197.31027221679688,1977632,12152,-100592.0,60.2,921.5345458984375,0.0003,-1.6302251815795898,162,0.04170281067490578
6240,494442,200.060546875,1977872,12154,-100594.9,60.49,923.5619506835938,0.0003,0.18412774801254272,162,0.04167664051055908
6244,494523,4.3268632888793945,1978196,12156,-100592.8,60.28,923.3709106445312,0.0003,-0.19180303812026978,162,0.04183974489569664
6248,494581,197.73118591308594,1978428,12158,-100601.3,61.13,925.3505859375,0.0003,3.5418474674224854,162,0.04198149964213371
6252,494637,8.031522750854492,1978652,12159,-100600.9,61.09,931.7650146484375,0.0003,-0.09080201387405396,162,0.04226088896393776
6256,494701,8.957951545715332,1978908,12161,-100558.1,56.81,924.691650390625,0.0003,0.8008558750152588,162,0.04265952110290527
6260,494771,5.465347766876221,1979188,12163,-100560.6,57.06,927.3812255859375,0.0003,0.1736251711845398,162,0.04334724321961403
6264,494897,6.316877841949463,1979692,12166,-100579.6,58.96,922.124755859375,0.0003,-0.2991155982017517,162,0.04312928393483162
6268,494963,5.419652938842773,1979956,12168,-100583.7,59.37,923.076904296875,0.0003,-1.0044071674346924,162,0.042897794395685196
6272,495023,391.77099609375,1980196,12169,-100583.2,59.32,920.2762451171875,0.0003,1.9973582029342651,162,0.04273008182644844
6276,495097,397.28271484375,1980492,12171,-100589.2,59.92,964.203857421875,0.0003,-1.1901079416275024,162,0.042927034199237823
6280,495225,199.75091552734375,1981004,12175,-100600.5,61.05,919.9794921875,0.0003,3.0228796005249023,162,0.04292711615562439
6284,495311,589.78076171875,1981348,12177,-100619.2,62.92,953.3974609375,0.0003,4.568195819854736,162,0.04338095709681511
6288,495478,200.49549865722656,1982016,12181,-100624.4,63.44,914.21435546875,0.0003,2.864483118057251,162,0.042860981076955795
6292,496286,197.9706573486328,1985248,12202,-99818.8,82.87,917.59814453125,0.0003,-1.7281328439712524,162,0.04214969277381897
6296,496630,198.7061767578125,1986624,12211,-98019.0,102.87,917.635009765625,0.0003,0.12561127543449402,162,0.04225851222872734
6300,497043,198.61863708496094,1988276,12221,-97163.0,117.26,925.9349365234375,0.0003,-1.1884328126907349,162,0.042929213494062424
6304,497223,6.118799209594727,1988996,12225,-97268.7,127.83,923.0093383789062,0.0003,1.0574846267700195,162,0.04284427687525749
6308,497359,6.958824157714844,1989540,12229,-97311.4,132.1,927.83447265625,0.0003,1.7439558506011963,162,0.04304618760943413
6312,497689,7.279049873352051,1990860,12238,-97426.7,143.63,920.5779418945312,0.0003,1.4055126905441284,162,0.044471219182014465
6316,498142,396.66253662109375,1992672,12250,-97481.5,149.11,936.681884765625,0.0003,0.6654485464096069,162,0.0454680472612381
6320,498451,393.92559814453125,1993908,12257,-97543.2,155.28,950.3968505859375,0.0003,-1.1868739128112793,162,0.04621893912553787
6324,498689,393.00958251953125,1994860,12263,-95749.2,175.86,937.2982177734375,0.0003,-0.14326071739196777,162,0.04511721432209015
6328,498866,194.4519805908203,1995568,12267,-95782.2,179.16,952.1454467773438,0.0003,-0.827405571937561,162,0.04552101343870163
6332,499767,202.19869995117188,1999172,12291,-94808.6,201.79,920.4832763671875,0.0003,1.8738257884979248,162,0.046653494238853455
