train/actor_loss,rollout/ep_len_mean,time/total_timesteps,train/critic_loss,train/ent_coef,time/time_elapsed,rollout/ep_rew_mean,time/fps,time/episodes,train/n_updates,train/ent_coef_loss,train/learning_rate
28.18204116821289,57.5,332,117063728.0,0.9981763958930969,2,-100565.0,140,4,57,-0.016283124685287476,0.0001
26.463520050048828,48.625,480,234072384.0,0.996829092502594,3,-100476.25,131,8,94,-0.028647655621170998,0.0001
26.233856201171875,43.75,604,273092928.0,0.9957879781723022,4,-100427.5,126,12,125,-0.038923680782318115,0.0001
19.381338119506836,46.4375,784,429047712.0,0.9942327737808228,6,-100454.375,123,16,170,-0.05327167361974716,0.0001
15.5380220413208,43.25,1004,272779328.0,0.9924115538597107,8,-100422.5,121,20,225,-0.06656767427921295,0.0001
10.5519437789917,43.416666666666664,1180,233989024.0,0.9909493327140808,9,-100003.95833333333,120,24,269,-0.07983244955539703,0.0001
3.6333813667297363,41.107142857142854,1372,155985408.0,0.9894101023674011,11,-100040.89285714286,119,28,317,-0.0919058695435524,0.0001
-5.958949089050293,49.15625,1688,233147200.0,0.9869869351387024,14,-99832.65625,118,32,396,-0.1037352979183197,0.0001
-15.091525077819824,51.138888888888886,1896,77685184.0,0.9854018688201904,16,-99924.58333333333,118,36,448,-0.10759919136762619,0.0001
-16.371858596801758,49.55,2024,233462992.0,0.9845670461654663,17,-99966.375,117,40,480,-0.1102789044380188,0.0001
-15.762054443359375,47.04545454545455,2116,194280320.0,0.9839112162590027,18,-99988.52272727272,117,44,503,-0.10890913754701614,0.0001
-21.859638214111328,45.333333333333336,2212,194652288.0,0.983268678188324,18,-100010.72916666667,117,48,527,-0.11007404327392578,0.0001
-24.588722229003906,44.03846153846154,2324,193860128.0,0.9825741648674011,19,-100031.05769230769,116,52,555,-0.11274969577789307,0.0001
-22.156681060791016,42.607142857142854,2452,233352912.0,0.9817555546760559,20,-100045.26785714286,116,56,587,-0.10113813728094101,0.0001
-29.130176544189453,42.06666666666667,2648,389516480.0,0.9806723594665527,22,-100064.58333333333,116,60,636,-0.09486179798841476,0.0001
-25.457775115966797,42.875,2800,194025824.0,0.9798879027366638,24,-100094.296875,116,64,674,-0.08245305716991425,0.0001
-25.323095321655273,43.11764705882353,3000,271355648.0,0.9789847135543823,25,-100115.80882352941,116,68,724,-0.06492504477500916,0.0001
-36.709815979003906,43.888888888888886,3256,115810720.0,0.9781701564788818,28,-100140.48611111111,115,72,788,-0.024697374552488327,0.0001
-44.083030700683594,45.276315789473685,3536,192552576.0,0.9777615666389465,30,-100037.96052631579,115,76,858,0.004125955514609814,0.0001
-44.95478439331055,46.35,3788,309012448.0,0.9777170419692993,32,-100068.9375,115,80,921,0.016709495335817337,0.0001
-35.528564453125,46.70238095238095,4052,153817472.0,0.9779248833656311,35,-99971.72619047618,115,84,987,0.03514336794614792,0.0001
-49.16122055053711,48.04545454545455,4300,154342208.0,0.9783348441123962,37,-100007.21590909091,115,88,1049,0.02335227094590664,0.0001
-47.50353240966797,48.09782608695652,4572,191664816.0,0.9789614081382751,39,-100027.88043478261,114,92,1117,0.05373735725879669,0.0001
-43.011329650878906,47.864583333333336,4796,232365440.0,0.9796978235244751,41,-100044.01041666667,114,96,1173,0.061545804142951965,0.0001
-43.699214935302734,47.0,4984,232078704.0,0.9805036783218384,43,-100052.35,114,100,1220,0.054733775556087494,0.0001
-34.523048400878906,46.02,5200,385088000.0,0.9815474152565002,45,-100042.55,114,104,1274,0.07129271328449249,0.0001
-24.246065139770508,45.93,5304,115368368.0,0.9821358323097229,46,-100041.65,114,108,1300,0.06778214126825333,0.0001
-25.34018325805664,46.11,5524,191731296.0,0.9833983778953552,48,-100043.45,114,112,1355,0.07153862714767456,0.0001
-17.335487365722656,45.29,5688,75900936.0,0.9845468997955322,49,-100035.25,114,116,1396,0.07934746146202087,0.0001
-16.559085845947266,45.34,5904,230038288.0,0.9861172437667847,51,-100035.75,114,120,1450,0.07339581847190857,0.0001
-25.02531623840332,44.92,6040,229262736.0,0.9871146082878113,52,-100132.4,114,124,1484,0.06439883261919022,0.0001
-6.96177864074707,50.23,6244,115657192.0,0.9886611104011536,54,-100185.5,114,128,1535,0.05941760540008545,0.0001
-9.52553939819336,47.79,6424,153473600.0,0.9900646805763245,56,-100167.9,114,132,1580,0.05998430401086807,0.0001
-1.2544379234313965,46.65,6608,191367088.0,0.9915172457695007,57,-100156.5,114,136,1626,0.04286680370569229,0.0001
3.2040491104125977,47.61,6852,268668736.0,0.9934946894645691,59,-99963.7375,114,140,1687,0.0339730903506279,0.0001
-15.212356567382812,48.85,7292,229937056.0,0.9968311190605164,63,-99976.1375,114,144,1797,0.015542514622211456,0.0001
8.837421417236328,52.36,7664,114673216.0,0.9998803734779358,67,-100011.2375,114,148,1890,0.0007138904184103012,0.0001
31.1550350189209,56.58,8348,267324096.0,1.0060322284698486,73,-99951.1625,114,152,2061,-0.04046785831451416,0.0001
43.42665100097656,59.69,9032,342754112.0,1.0128093957901,79,-99982.2625,114,156,2232,-0.08478044718503952,0.0001
20.338939666748047,62.26,9220,190417264.0,1.0147944688796997,80,-99906.5625,114,160,2279,-0.10568846017122269,0.0001
26.88217544555664,64.05,9892,189901920.0,1.0219594240188599,86,-99924.4625,114,164,2447,-0.16495579481124878,0.0001
55.21902847290039,77.37,11436,114385976.0,1.0389078855514526,99,-98890.9125,114,168,2833,-0.3121227025985718,0.0001
86.04681396484375,83.06,12700,72730992.0,1.05316960811615,110,-98727.9125,114,172,3149,-0.46149128675460815,0.0001
92.5736312866211,84.17,13236,187743504.0,1.0596718788146973,115,-98738.575,114,176,3283,-0.5766677260398865,0.0001
83.38375091552734,83.67,13724,36296128.0,1.0656179189682007,119,-98733.575,114,180,3405,-0.6477823257446289,0.0001
112.48218536376953,105.83,14852,38140592.0,1.0798230171203613,129,-97952.3,114,184,3687,-0.8471061587333679,0.0001
136.0083770751953,111.08,15624,186127008.0,1.0900702476501465,136,-98004.8,114,188,3880,-0.9584423303604126,0.0001
134.29888916015625,114.0,16520,145870080.0,1.1016000509262085,144,-98034.0,114,192,4104,-1.1388417482376099,0.0001
170.86660766601562,121.44,17292,34316552.0,1.1116349697113037,151,-97996.55,114,196,4297,-1.3036282062530518,0.0001
197.822265625,122.82,17464,75764608.0,1.113765835762024,152,-98010.35,114,200,4340,-1.2470805644989014,0.0001
174.31983947753906,127.31,18992,105897872.0,1.1324855089187622,166,-98055.25,114,204,4722,-1.5788609981536865,0.0001
171.92575073242188,141.22,19736,283582.3125,1.1418867111206055,172,-97087.85,114,208,4908,-1.642278790473938,0.0001
228.88514709472656,143.38,20696,73654928.0,1.1539783477783203,181,-97008.9,114,212,5148,-1.8931331634521484,0.0001
240.64175415039062,156.14,21444,37893712.0,1.163619041442871,188,-96136.6,114,216,5335,-2.0689537525177,0.0001
285.18536376953125,158.12,22412,69772176.0,1.1758581399917603,196,-96156.4,113,220,5577,-2.158003330230713,0.0001
310.20025634765625,177.0,23864,104503744.0,1.194112777709961,209,-96245.2,113,224,5940,-2.6443727016448975,0.0001
262.20391845703125,173.47,24408,820149.75,1.201123833656311,214,-96109.9,113,228,6076,-2.649691104888916,0.0001
374.2969970703125,179.24,24996,102864296.0,1.2085267305374146,219,-96167.6,113,232,6223,-2.794048309326172,0.0001
357.0881652832031,182.52,25712,99940984.0,1.217265248298645,225,-96200.4,113,236,6402,-2.7024831771850586,0.0001
399.28778076171875,193.25,27020,32991876.0,1.2333049774169922,237,-95510.1625,113,240,6729,-3.230098247528076,0.0001
492.2960205078125,207.05,28668,145852512.0,1.25406014919281,251,-94283.3125,113,244,7141,-3.297924518585205,0.0001
442.77960205078125,232.69,31984,105216208.0,1.296029806137085,281,-91540.0125,113,248,7970,-3.9564123153686523,0.0001
600.4136962890625,237.98,32928,98492608.0,1.308241367340088,289,-90695.2875,113,252,8206,-4.508935451507568,0.0001
580.1876220703125,240.45,33300,58092308.0,1.313164234161377,292,-90719.9875,113,256,8299,-4.330870628356934,0.0001
542.1720581054688,237.51,33668,63026724.0,1.317941427230835,296,-90791.9875,113,260,8391,-4.730088710784912,0.0001
692.5625,236.96,35044,52197520.0,1.33633291721344,308,-90786.4875,113,264,8735,-4.820428848266602,0.0001
773.6967163085938,244.07,36124,1767645.5,1.3511415719985962,317,-90924.4375,113,268,9005,-5.165960788726807,0.0001
741.0231323242188,253.85,38656,57246472.0,1.3856254816055298,340,-90042.2375,113,272,9638,-5.775457382202148,0.0001
780.3155517578125,261.82,39240,97016496.0,1.393646478652954,345,-89222.475,113,276,9784,-5.849018096923828,0.0001
828.2935791015625,261.78,39668,66158852.0,1.399478793144226,349,-89222.075,113,280,9891,-6.157753944396973,0.0001
922.5916748046875,239.35,40032,118612256.0,1.4046801328659058,352,-90100.65,113,284,9982,-6.223951816558838,0.0001
838.1168212890625,244.25,41312,100294672.0,1.4225627183914185,363,-89149.75,113,288,10302,-6.815430164337158,0.0001
821.1146850585938,250.91,41832,1549095.125,1.4301263093948364,368,-88216.45,113,292,10432,-6.89826774597168,0.0001
803.26953125,243.82,42204,1171787.625,1.4354792833328247,371,-88257.4,113,296,10525,-7.161635875701904,0.0001
922.99462890625,242.81,42460,54880320.0,1.4391289949417114,374,-88247.3,113,300,10589,-7.107321262359619,0.0001
887.86669921875,237.83,42628,36694160.0,1.4415605068206787,375,-88197.5,113,304,10631,-7.482950687408447,0.0001
965.5855102539062,223.46,42856,69855840.0,1.4448535442352295,377,-89160.3,113,308,10688,-7.592441558837891,0.0001
972.697021484375,229.82,43276,1624050.625,1.4509187936782837,381,-89324.45,113,312,10793,-7.0855889320373535,0.0001
956.07080078125,218.72,43856,27029178.0,1.4593082666397095,386,-90213.35,113,316,10938,-7.887789726257324,0.0001
892.3954467773438,229.08,44964,37624568.0,1.475380301475525,395,-89317.05,113,320,11215,-7.511289596557617,0.0001
955.8218994140625,220.28,47672,1854896.5,1.5130572319030762,419,-88329.15,113,324,11892,-8.169193267822266,0.0001
998.5440673828125,238.05,48124,1336939.75,1.5194406509399414,423,-86341.725,113,328,12005,-8.191842079162598,0.0001
937.9677734375,233.29,48616,39095232.0,1.5262324810028076,427,-86394.125,113,332,12128,-7.735051155090332,0.0001
965.763671875,231.57,49204,844421.0,1.5343412160873413,432,-86376.925,113,336,12275,-8.45794677734375,0.0001
1133.52197265625,234.65,50120,37343356.0,1.5471147298812866,440,-86407.725,113,340,12504,-8.098733901977539,0.0001
915.409912109375,224.37,50328,1716446.5,1.5501072406768799,442,-87569.775,113,344,12556,-8.563934326171875,0.0001
1185.0523681640625,196.62,50776,59213280.0,1.5563170909881592,446,-90191.975,113,348,12668,-8.263986587524414,0.0001
901.7323608398438,193.01,51508,2297838.5,1.5666531324386597,453,-91055.775,113,352,12851,-8.940814971923828,0.0001
1320.220947265625,196.19,53540,34754104.0,1.5946320295333862,471,-91087.575,113,356,13359,-9.00936508178711,0.0001
1010.237548828125,208.16,54424,1109530.875,1.6069902181625366,479,-90207.375,113,360,13580,-9.292964935302734,0.0001
1229.4384765625,219.5,55024,27192304.0,1.6154218912124634,484,-89220.875,113,364,13730,-9.314435958862305,0.0001
1159.0172119140625,201.53,55700,68410048.0,1.6247745752334595,490,-90037.7,113,368,13899,-9.081384658813477,0.0001
1133.79833984375,188.69,56476,19527328.0,1.6358180046081543,497,-91109.2,113,372,14093,-9.316164016723633,0.0001
1240.2962646484375,186.87,57156,34630296.0,1.645328164100647,503,-92090.9,113,376,14263,-9.336029052734375,0.0001
1305.83837890625,193.97,57876,90663552.0,1.655256986618042,509,-91961.225,113,380,14443,-9.079004287719727,0.0001
1243.09375,196.69,58572,70165120.0,1.6649961471557617,515,-91888.425,113,384,14617,-9.711004257202148,0.0001
1160.87646484375,189.75,58924,53436148.0,1.669850468635559,519,-92711.5,113,388,14705,-9.853094100952148,0.0001
1194.539306640625,182.49,59548,71179864.0,1.6785495281219482,524,-93538.8,113,392,14861,-9.267998695373535,0.0001
1318.1685791015625,189.8,60276,3290086.75,1.6887736320495605,531,-93511.9,113,396,15043,-9.675403594970703,0.0001
1236.03662109375,190.17,60388,64069352.0,1.690298080444336,532,-93515.6,113,400,15071,-9.62350082397461,0.0001
1305.892578125,193.17,60832,30726846.0,1.6964503526687622,536,-93545.6,113,404,15182,-9.222986221313477,0.0001
1700.7730712890625,196.59,62616,32377548.0,1.7217775583267212,551,-93579.8,113,408,15628,-10.186203002929688,0.0001
1343.457275390625,188.11,63248,23070280.0,1.730778694152832,557,-93495.0,113,412,15786,-10.190872192382812,0.0001
1623.225341796875,194.53,63920,33937080.0,1.7404974699020386,563,-93559.2,113,416,15954,-10.106156349182129,0.0001
1365.721435546875,182.86,64328,26141684.0,1.7463489770889282,566,-94442.4,113,420,16056,-10.128705978393555,0.0001
1475.935546875,191.94,64828,1271372.25,1.7535346746444702,571,-93363.625,113,424,16181,-9.730369567871094,0.0001
1384.535888671875,184.19,67256,1236560.5,1.787305235862732,591,-95305.925,113,428,16788,-10.113334655761719,0.0001
1510.136962890625,191.29,67688,3190079.5,1.7932894229888916,595,-95276.925,113,432,16896,-10.095965385437012,0.0001
1517.11572265625,191.75,68168,35562908.0,1.7999835014343262,599,-95181.525,113,436,17016,-10.074043273925781,0.0001
1430.5770263671875,187.77,68592,15983166.0,1.8060905933380127,603,-94941.725,113,440,17122,-10.011576652526855,0.0001
1464.38818359375,190.47,69908,121918128.0,1.8249443769454956,614,-95068.725,113,444,17451,-10.086956024169922,0.0001
1473.538330078125,193.29,70544,57567016.0,1.8342548608779907,620,-95096.1,113,448,17610,-10.378263473510742,0.0001
1496.5152587890625,196.93,71200,53749944.0,1.8441557884216309,626,-95232.5,113,452,17774,-10.831497192382812,0.0001
1473.6512451171875,196.9,71928,1536093.25,1.8551276922225952,633,-95232.2,113,456,17956,-10.872664451599121,0.0001
1660.564453125,188.72,72820,56692984.0,1.8683640956878662,640,-96150.3,113,460,18179,-10.509188652038574,0.0001
1630.3153076171875,181.19,73812,87572992.0,1.8832420110702515,649,-97069.35,113,464,18427,-10.806888580322266,0.0001
1508.6143798828125,187.59,74456,60477168.0,1.8930751085281372,655,-97135.9,113,468,18588,-11.013959884643555,0.0001
1750.523681640625,189.1,74852,31092060.0,1.8992352485656738,658,-97151.0,113,472,18687,-11.08882999420166,0.0001
1756.083251953125,192.57,77316,20877654.0,1.9395383596420288,680,-97079.025,113,476,19303,-12.14598560333252,0.0001
1951.02685546875,189.35,78400,67306368.0,1.957683801651001,690,-97147.0625,113,480,19574,-12.802733421325684,0.0001
1801.722412109375,208.09,79252,28822612.0,1.9721832275390625,697,-95434.6625,113,484,19787,-12.372047424316406,0.0001
1658.294921875,208.65,80448,91354184.0,1.9923659563064575,708,-95247.3375,113,488,20086,-12.609468460083008,0.0001
1811.958740234375,208.71,81404,103540944.0,2.0081310272216797,717,-95347.9375,113,492,20325,-12.41114616394043,0.0001
1765.236083984375,215.86,82828,30869738.0,2.032134532928467,729,-94519.5375,113,496,20681,-12.296270370483398,0.0001
1877.1744384765625,226.29,83132,64948168.0,2.037177801132202,732,-93623.9375,113,500,20757,-12.674232482910156,0.0001
1960.685302734375,229.5,84184,109579952.0,2.0548548698425293,741,-93656.0375,113,504,21020,-12.507083892822266,0.0001
2173.3349609375,228.34,84892,16141072.0,2.0668418407440186,748,-93644.4375,113,508,21197,-13.043512344360352,0.0001
2030.78515625,239.91,86568,34158248.0,2.0956172943115234,762,-93760.1375,113,512,21616,-12.92086410522461,0.0001
2214.2822265625,243.89,88228,4627357.0,2.1241445541381836,777,-92800.0375,113,516,22031,-12.97934627532959,0.0001
2254.42138671875,262.48,90192,48660512.0,2.158616304397583,794,-90986.1375,113,520,22522,-13.499153137207031,0.0001
2202.1650390625,260.4,92064,35439200.0,2.1917054653167725,811,-91877.9875,113,524,22990,-13.766777992248535,0.0001
2382.658935546875,269.14,93140,35877392.0,2.210944890975952,821,-90999.9375,113,528,23259,-13.445502281188965,0.0001
2338.02490234375,262.11,93896,69464416.0,2.2244858741760254,827,-91029.6375,113,532,23448,-13.373636245727539,0.0001
2170.33740234375,271.78,94536,30443948.0,2.2361867427825928,833,-91126.3375,113,536,23608,-13.428571701049805,0.0001
2526.251953125,264.24,95128,30236816.0,2.24692702293396,838,-92250.8375,113,540,23756,-13.695127487182617,0.0001
2305.616455078125,261.77,95888,5414177.0,2.2607860565185547,845,-92226.1375,113,544,23946,-14.293502807617188,0.0001
2341.0107421875,265.57,96504,995438.875,2.272413730621338,850,-92364.9625,113,548,24100,-14.226908683776855,0.0001
2390.9619140625,261.55,97176,61060076.0,2.2849583625793457,856,-92324.7625,113,552,24268,-14.076578140258789,0.0001
2584.415771484375,260.55,98796,35957312.0,2.3159446716308594,871,-92314.7625,113,556,24673,-14.89396858215332,0.0001
2382.345703125,268.5,99768,16410628.0,2.334700107574463,879,-92294.2625,113,560,24916,-14.477378845214844,0.0001
2651.97802734375,276.58,101392,73136192.0,2.3658599853515625,894,-91380.7125,113,564,25322,-14.728302001953125,0.0001
2684.172607421875,273.39,102276,2104934.75,2.3830406665802,902,-91449.6375,113,568,25543,-15.019681930541992,0.0001
2542.0673828125,268.94,102672,52932088.0,2.3907229900360107,905,-91405.1375,113,572,25642,-14.602813720703125,0.0001
2529.11962890625,267.11,103796,27246372.0,2.4121196269989014,915,-91293.5125,113,576,25923,-14.569232940673828,0.0001
2717.9228515625,279.52,105416,63656736.0,2.4431347846984863,930,-91318.05,113,580,26328,-14.862724304199219,0.0001
2887.41943359375,286.09,108952,26583536.0,2.513353109359741,961,-91241.15,113,584,27212,-15.431995391845703,0.0001
2712.3603515625,298.76,109896,40228716.0,2.5331966876983643,969,-90668.3,113,588,27448,-16.153560638427734,0.0001
2561.9814453125,306.88,111604,1397674.375,2.569270133972168,984,-90541.775,113,592,27875,-16.085342407226562,0.0001
2837.400146484375,304.08,113036,20979844.0,2.5998964309692383,997,-91513.675,113,596,28233,-16.258020401000977,0.0001
2751.278076171875,304.2,113424,28400258.0,2.6085076332092285,1000,-91514.875,113,600,28330,-16.11103057861328,0.0001
2662.73681640625,307.38,115460,26030046.0,2.6523022651672363,1019,-91346.675,113,604,28839,-15.958988189697266,0.0001
2985.789794921875,321.51,117308,1444978.75,2.6919233798980713,1034,-91244.85,113,608,29301,-16.552791595458984,0.0001
3177.6328125,323.51,117972,4593288.0,2.7064812183380127,1040,-90058.65,113,612,29467,-16.596038818359375,0.0001
3242.35791015625,318.08,119056,67570080.0,2.7303411960601807,1050,-91004.25,113,616,29738,-16.277555465698242,0.0001
3009.9033203125,319.93,121668,13445869.0,2.788141965866089,1073,-91922.65,113,620,30391,-16.145599365234375,0.0001
3121.185791015625,315.43,122344,1386698.875,2.803065538406372,1079,-92034.575,113,624,30560,-16.833845138549805,0.0001
3248.671142578125,297.5,123220,3116755.0,2.8227198123931885,1087,-93066.05,113,628,30779,-16.639633178710938,0.0001
3233.14697265625,309.66,125308,1805283.5,2.8698418140411377,1105,-92087.75,113,632,31301,-16.69770050048828,0.0001
3280.3896484375,309.98,126544,1464343.625,2.8982720375061035,1115,-90930.33,113,636,31610,-16.358409881591797,0.0001
3602.44677734375,311.03,127896,28193676.0,2.9295403957366943,1127,-90940.83,113,640,31948,-16.80663299560547,0.0001
3129.991455078125,327.92,128296,1297638.25,2.93884015083313,1131,-89963.705,113,644,32048,-16.33507537841797,0.0001
3727.08837890625,324.38,129320,1748107.75,2.962815523147583,1140,-89928.305,113,648,32304,-16.924983978271484,0.0001
3511.5419921875,334.06,131380,47351580.0,3.0119314193725586,1158,-90025.105,113,652,32819,-16.903547286987305,0.0001
3238.522705078125,345.55,132820,60488392.0,3.0469820499420166,1171,-89039.73,113,656,33179,-17.374191284179688,0.0001
3192.52197265625,351.6,136204,1348234.5,3.1320669651031494,1201,-89100.23,113,660,34025,-17.493711471557617,0.0001
3569.447021484375,359.35,136792,33212756.0,3.1471614837646484,1206,-88052.405,113,664,34172,-17.66875457763672,0.0001
3701.672119140625,358.91,137936,1309072.5,3.1764142513275146,1216,-87948.005,113,668,34458,-17.588672637939453,0.0001
3635.103515625,367.31,139040,1129738.125,3.2049942016601562,1226,-88032.005,113,672,34734,-18.194007873535156,0.0001
3855.864013671875,358.04,139524,2071351.875,3.2179183959960938,1230,-88139.305,113,676,34855,-18.591243743896484,0.0001
3827.205078125,356.7,140792,28751602.0,3.2517828941345215,1242,-87225.105,113,680,35172,-18.459766387939453,0.0001
3945.11572265625,342.64,142652,29384486.0,3.3021953105926514,1258,-89026.905,113,684,35637,-18.564926147460938,0.0001
3344.3017578125,344.68,144656,5019317.0,3.3562963008880615,1276,-89047.305,113,688,36138,-18.48484230041504,0.0001
3701.79931640625,342.3,145812,1958885.0,3.388270854949951,1286,-89126.7675,113,692,36427,-18.9311580657959,0.0001
3624.501953125,349.36,148180,11929101.0,3.455019235610962,1307,-89197.3675,113,696,37019,-19.183109283447266,0.0001
4062.92236328125,360.68,150240,27407032.0,3.514580011367798,1325,-89109.7425,113,700,37534,-19.79483413696289,0.0001
3840.98095703125,365.58,151464,33417300.0,3.5499322414398193,1336,-89158.7425,113,704,37840,-19.199552536010742,0.0001
4825.6240234375,363.18,153400,21141556.0,3.6050496101379395,1353,-89277.8675,113,708,38324,-18.97714614868164,0.0001
4112.69189453125,373.29,156760,1518190.625,3.7018883228302,1383,-88585.3675,113,712,39164,-18.644794464111328,0.0001
4196.896484375,377.95,157172,1377932.25,3.713803768157959,1387,-87632.0675,113,716,39267,-18.828723907470703,0.0001
4184.9716796875,368.73,157748,1968595.125,3.730794668197632,1392,-87639.8675,113,720,39411,-18.901039123535156,0.0001
4287.833984375,365.73,159544,20966304.0,3.7838621139526367,1408,-88509.7675,113,724,39860,-18.739688873291016,0.0001
4055.077880859375,368.07,160524,1652784.75,3.8128464221954346,1416,-88432.6425,113,728,40105,-18.900115966796875,0.0001
4224.0029296875,370.5,161628,1408806.5,3.845397472381592,1426,-88456.9425,113,732,40381,-19.068950653076172,0.0001
4668.876953125,371.1,164252,1259272.25,3.923496723175049,1450,-89623.5625,113,736,41037,-18.022571563720703,0.0001
4436.49365234375,382.4,165296,19640920.0,3.9550342559814453,1459,-88736.6625,113,740,41298,-17.814281463623047,0.0001
4431.318359375,378.57,166504,1523449.25,3.9917826652526855,1470,-88844.4875,113,744,41600,-18.705848693847656,0.0001
4538.51806640625,388.16,167836,1195698.25,4.032946586608887,1481,-88632.825,113,748,41933,-18.20726776123047,0.0001
4967.05615234375,403.3,171620,1162701.5,4.150514602661133,1515,-86784.425,113,752,42879,-17.81719398498535,0.0001
4791.87255859375,397.04,172476,1145239.625,4.177558898925781,1522,-86822.2,113,756,43093,-17.64107322692871,0.0001
4055.878662109375,400.77,175792,1245657.5,4.286353588104248,1552,-86758.9,113,760,43922,-19.001270294189453,0.0001
4995.9404296875,402.07,177688,1291079.125,4.353131294250488,1569,-87881.4,113,764,44396,-20.019859313964844,0.0001
4705.8916015625,416.14,179792,27418544.0,4.429571628570557,1587,-87022.2,113,768,44922,-20.083354949951172,0.0001
4417.9453125,408.55,180056,24440668.0,4.439347743988037,1590,-86946.3,113,772,44988,-20.524654388427734,0.0001
4252.3427734375,418.55,181452,20496808.0,4.49261999130249,1602,-86046.4,113,776,45337,-21.015888214111328,0.0001
4859.6474609375,408.04,182268,754945.8125,4.5238800048828125,1609,-87042.1,113,780,45541,-20.685747146606445,0.0001
5063.89453125,413.94,183980,2663920.5,4.589272499084473,1625,-85301.3,113,784,45969,-20.72022819519043,0.0001
5136.8095703125,402.55,184800,2907291.25,4.621437072753906,1632,-86187.3,113,788,46174,-21.11670684814453,0.0001
4955.5673828125,396.84,185612,5124635.0,4.65271520614624,1639,-86234.6625,113,792,46377,-20.627756118774414,0.0001
5742.60498046875,380.16,186280,2379264.0,4.678839206695557,1645,-86067.8625,113,796,46544,-21.640113830566406,0.0001
5085.51611328125,369.62,187180,33693920.0,4.713515758514404,1653,-86163.2875,113,800,46769,-21.033355712890625,0.0001
4887.9921875,358.98,188128,15279651.0,4.749963283538818,1662,-86256.8875,113,804,47006,-20.482973098754883,0.0001
5629.56591796875,360.85,188632,28314824.0,4.769455909729004,1666,-85375.6875,113,808,47132,-20.10179901123047,0.0001
4937.77734375,339.69,189104,1356947.25,4.787524700164795,1670,-87163.8875,113,812,47250,-20.811325073242188,0.0001
4914.61181640625,333.18,189916,2591674.5,4.819393634796143,1678,-88098.6875,113,816,47453,-21.226795196533203,0.0001
5686.36328125,341.69,192732,9669408.0,4.929972171783447,1702,-88183.7875,113,820,48157,-20.407451629638672,0.0001
5852.7607421875,345.8,194276,1398525.0,4.99173641204834,1716,-88424.8875,113,824,48543,-21.018898010253906,0.0001
5017.8974609375,356.21,195360,7058942.0,5.035788059234619,1725,-88414.5525,113,828,48814,-20.155244827270508,0.0001
5649.0224609375,352.78,196872,22624860.0,5.096680164337158,1739,-89480.1525,113,832,49192,-20.314083099365234,0.0001
5390.47412109375,359.75,200620,26261048.0,5.249670028686523,1772,-87650.0525,113,836,50129,-20.537879943847656,0.0001
5914.36962890625,367.6,200968,8337086.0,5.263988018035889,1775,-86628.6525,113,840,50216,-20.595748901367188,0.0001
5567.107421875,350.86,201168,4516016.5,5.272449493408203,1777,-87461.1525,113,844,50266,-20.005279541015625,0.0001
5473.626953125,346.45,202804,2618865.0,5.3416571617126465,1792,-87524.615,113,848,50675,-21.269920349121094,0.0001
4912.61474609375,325.9,204648,5764896.5,5.423179626464844,1808,-89218.915,113,852,51136,-21.76696014404297,0.0001
4885.44580078125,317.35,204860,7458089.5,5.432316303253174,1810,-90133.315,113,856,51189,-21.64322280883789,0.0001
5127.8173828125,307.22,205076,28871936.0,5.441908359527588,1812,-89232.715,113,860,51243,-21.749300003051758,0.0001
4984.6943359375,286.01,205640,25224776.0,5.467227458953857,1817,-90136.34,113,864,51384,-20.535085678100586,0.0001
5264.10791015625,274.93,208316,4616078.5,5.58832311630249,1840,-91125.44,113,868,52053,-21.939558029174805,0.0001
5141.94775390625,283.99,209052,2161532.5,5.6228437423706055,1847,-90116.14,113,872,52237,-22.233848571777344,0.0001
5343.7099609375,282.22,209372,48547028.0,5.637470722198486,1850,-91098.34,113,876,52317,-22.152116775512695,0.0001
5391.8681640625,290.92,211100,30104824.0,5.718971252441406,1865,-91185.34,113,880,52749,-21.482410430908203,0.0001
5872.1337890625,287.66,213276,2245737.25,5.823049068450928,1884,-92152.64,113,884,53293,-23.416988372802734,0.0001
5782.26171875,303.77,216652,3694226.25,5.991134166717529,1914,-91313.84,113,888,54137,-23.654438018798828,0.0001
5865.40673828125,329.67,219220,40472364.0,6.1241326332092285,1937,-90572.94,113,892,54779,-23.91736602783203,0.0001
5749.39990234375,342.32,221264,21821396.0,6.234620094299316,1955,-89384.98166666999,113,896,55290,-24.697612762451172,0.0001
5933.16748046875,351.76,222312,3052802.0,6.292715549468994,1965,-88479.48166666999,113,900,55552,-26.091655731201172,0.0001
5596.9052734375,381.17,226312,15326390.0,6.512567520141602,2000,-85662.63166667,113,904,56552,-25.08362579345703,0.0001
5631.38671875,387.41,228308,19652484.0,6.621977806091309,2018,-85725.03166667,113,908,57051,-25.10795783996582,0.0001
6086.958984375,396.97,229216,21462976.0,6.673041343688965,2026,-85820.63166667,113,912,57278,-25.5046329498291,0.0001
5633.3427734375,401.62,230468,2163013.75,6.74351692199707,2037,-85867.13166667,113,916,57591,-25.85190773010254,0.0001
6323.5361328125,389.28,231176,1361737.25,6.783603191375732,2043,-86743.63166667,113,920,57768,-26.136865615844727,0.0001
5824.21728515625,388.15,233744,3785884.0,6.9326629638671875,2066,-85732.43166666999,113,924,58410,-26.966154098510742,0.0001
5665.2109375,386.7,234972,1247400.0,7.004861831665039,2077,-85932.89166667,113,928,58717,-25.898983001708984,0.0001
6187.2822265625,403.77,237744,33404344.0,7.162869453430176,2102,-84003.79166666999,113,932,59410,-24.836116790771484,0.0001
6499.86279296875,405.33,239596,2084421.875,7.2675933837890625,2118,-86019.19166667,113,936,59873,-24.522720336914062,0.0001
6981.0703125,413.06,243108,1556569.25,7.467987537384033,2150,-85196.59166666999,113,940,60751,-23.331073760986328,0.0001
5693.07275390625,422.1,243596,23225748.0,7.495520114898682,2154,-84287.09166666999,113,944,60873,-23.21505355834961,0.0001
6922.3076171875,441.05,247408,823297.625,7.7228546142578125,2188,-83250.69166667,113,948,61826,-23.97170639038086,0.0001
5889.873046875,458.85,251404,1223144.25,7.960010051727295,2223,-81428.21666666999,113,952,62825,-22.876075744628906,0.0001
6325.1904296875,474.46,251904,1104938.25,7.990250110626221,2228,-79584.51666667,113,956,62950,-23.55303955078125,0.0001
6480.52099609375,487.03,255404,952422.625,8.214156150817871,2259,-78510.31666667,113,960,63825,-24.76457977294922,0.0001
7063.453125,499.72,256444,20451812.0,8.283549308776855,2268,-77637.31666667,113,964,64085,-24.624725341796875,0.0001
6779.4619140625,501.27,257892,2806596.0,8.382146835327148,2280,-76493.96666666999,113,968,64447,-24.586505889892578,0.0001
6858.62451171875,511.07,259600,1441475.75,8.49721622467041,2295,-77373.26666667,113,972,64874,-24.104209899902344,0.0001
7313.724609375,521.98,262352,1489741.0,8.679041862487793,2320,-75374.24166667,113,976,65562,-22.57032012939453,0.0001
6857.04345703125,535.5,265104,1675167.75,8.856948852539062,2344,-74141.06666667,113,980,66250,-22.19225311279297,0.0001
6692.490234375,549.3,268544,1038099.875,9.089524269104004,2374,-72056.09166666999,113,984,67110,-23.583087921142578,0.0001
7410.4404296875,537.89,269104,1465006.25,9.130633354187012,2380,-71941.99166667,113,988,67250,-23.885387420654297,0.0001
7038.83984375,545.77,273104,2796886.0,9.42705249786377,2416,-70020.99166667,113,992,68250,-23.207048416137695,0.0001
6252.9169921875,540.91,274076,2088745.25,9.501091003417969,2424,-71156.7,113,996,68493,-23.288461685180664,0.0001
7370.1650390625,530.05,276244,2384753.5,9.667490005493164,2443,-71948.0,113,1000,69035,-23.3685302734375,0.0001
7729.814453125,517.11,277600,1035459.3125,9.77270221710205,2455,-72929.75,113,1004,69374,-23.696468353271484,0.0001
6413.9140625,505.56,278836,1662207.0,9.869000434875488,2466,-73714.15,113,1008,69683,-23.032930374145508,0.0001
6946.37158203125,530.07,282512,1279947.125,10.156890869140625,2499,-71733.875,113,1012,70602,-21.859230041503906,0.0001
6904.77197265625,529.74,283048,1691204.625,10.197881698608398,2504,-71730.575,113,1016,70736,-21.432470321655273,0.0001
7271.34765625,540.85,285972,10362002.0,10.420679092407227,2530,-70732.55,113,1020,71467,-20.979686737060547,0.0001
7251.978515625,541.19,287300,19546284.0,10.52392578125,2542,-70435.95,113,1024,71799,-21.700475692749023,0.0001
6840.71484375,537.77,289496,2583413.5,10.705520629882812,2561,-69401.85,113,1028,72348,-22.766109466552734,0.0001
7468.66015625,532.56,291176,3930940.5,10.853660583496094,2576,-69449.75,113,1032,72768,-23.05527114868164,0.0001
7645.60302734375,542.32,295028,8776795.0,11.202975273132324,2610,-66347.65,113,1036,73731,-22.88301658630371,0.0001
7229.1552734375,531.87,295508,1680723.5,11.245407104492188,2614,-67143.05,113,1040,73851,-22.287033081054688,0.0001
6666.98974609375,530.69,297644,915725.5625,11.434020042419434,2633,-67730.7,113,1044,74385,-22.367321014404297,0.0001
7103.39306640625,541.02,301644,8806022.0,11.789896965026855,2669,-65160.3,113,1048,75385,-21.272315979003906,0.0001
6812.79296875,543.62,305384,944839.375,12.125890731811523,2702,-65186.6,113,1052,76320,-20.524513244628906,0.0001
7461.0673828125,545.48,307336,1279763.625,12.296144485473633,2719,-65105.2,113,1056,76808,-19.654972076416016,0.0001
7161.80810546875,544.94,309644,971264.5625,12.499500274658203,2739,-65199.8,113,1060,77385,-20.64200210571289,0.0001
7759.0673828125,565.45,313644,565623.375,12.90743637084961,2774,-64205.0,113,1064,78385,-21.49297523498535,0.0001
8011.62939453125,590.02,317600,460249.125,13.309563636779785,2809,-63509.75,113,1068,79374,-18.03958511352539,0.0001
7019.09423828125,608.38,321600,604118.3125,13.691454887390137,2845,-59912.35,113,1072,80374,-18.11591339111328,0.0001
7694.123046875,610.21,322964,2397186.25,13.822968482971191,2857,-60038.975,113,1076,80715,-17.042829513549805,0.0001
8447.6162109375,612.64,326132,861162.5,14.123125076293945,2885,-58431.95,113,1080,81507,-15.731830596923828,0.0001
8312.126953125,609.04,328972,483320.4375,14.398636817932129,2911,-59619.025,113,1084,82217,-16.68267059326172,0.0001
8039.689453125,631.07,332972,30948336.0,14.788158416748047,2946,-57839.525,112,1088,83217,-16.339170455932617,0.0001
7632.97509765625,605.0,333628,1292017.5,14.858423233032227,2952,-59578.625,112,1092,83381,-16.199018478393555,0.0001
8006.2578125,609.04,335432,390443.3125,15.04836654663086,2968,-58648.675,112,1096,83832,-16.433881759643555,0.0001
7854.81103515625,599.06,335892,317070.15625,15.097624778747559,2972,-59648.775,112,1100,83947,-15.333587646484375,0.0001
7603.5859375,602.47,337628,303715.5,15.281331062316895,2988,-59682.875,112,1104,84381,-15.794463157653809,0.0001
7442.87939453125,601.48,340156,359971.875,15.550435066223145,3010,-58773.075,112,1108,85013,-14.036720275878906,0.0001
7209.11181640625,593.55,341628,973246.3125,15.697129249572754,3023,-57919.45,112,1112,85381,-12.549412727355957,0.0001
8404.826171875,600.98,344252,688629.375,15.922274589538574,3047,-56889.2,112,1116,86037,-11.224370002746582,0.0001
8107.732421875,599.72,345120,982573.8125,16.00661277770996,3054,-56885.825,112,1120,86254,-12.352977752685547,0.0001
7730.03662109375,625.47,349120,489327.625,16.471237182617188,3090,-54443.625,112,1124,87254,-14.269989967346191,0.0001
7415.20849609375,626.03,352252,667477.4375,16.918601989746094,3118,-54449.225,112,1128,88037,-16.034404754638672,0.0001
7609.25390625,632.49,353948,622014.875,17.170459747314453,3133,-53513.925,112,1132,88461,-15.769906044006348,0.0001
8133.158203125,621.49,356756,3803244.5,17.569517135620117,3158,-54603.825,112,1136,89163,-14.463354110717773,0.0001
8414.537109375,639.35,360756,1942069.5,18.112354278564453,3193,-52619.475,112,1140,90163,-12.552911758422852,0.0001
8115.9599609375,645.03,362052,28561338.0,18.268535614013672,3205,-51939.325,112,1144,90487,-11.981595039367676,0.0001
7848.5283203125,622.82,364252,1106485.0,18.52910614013672,3224,-54816.925,112,1148,91037,-10.992368698120117,0.0001
6957.34521484375,613.63,366136,595320.5,18.767000198364258,3240,-55725.3,112,1152,91508,-12.435688972473145,0.0001
7710.3994140625,610.59,367852,1115132.75,19.005735397338867,3256,-56794.8,112,1156,91937,-13.685541152954102,0.0001
8311.498046875,608.41,371068,847827.875,19.482799530029297,3284,-56873.0,112,1160,92741,-13.752870559692383,0.0001
8911.0908203125,604.24,373112,1460517.25,19.7708740234375,3302,-56031.4,112,1164,93252,-10.127140045166016,0.0001
7647.453125,595.21,375948,32383752.0,20.165319442749023,3327,-55841.1,112,1168,93961,-11.306230545043945,0.0001
8416.509765625,560.06,377004,840655.125,20.305801391601562,3336,-59589.2,112,1172,94225,-9.63985538482666,0.0001
8886.201171875,550.08,377836,1240712.0,20.409883499145508,3344,-60389.3,112,1176,94433,-10.527551651000977,0.0001
8563.4375,536.01,379172,799089.125,20.591718673706055,3355,-63148.3,112,1180,94767,-10.187829971313477,0.0001
9482.7890625,516.18,380532,2110176.0,20.778982162475586,3367,-64949.8,112,1184,95107,-9.254405975341797,0.0001
8071.6728515625,493.12,381120,22092412.0,20.859050750732422,3373,-67518.9,112,1188,95254,-10.281333923339844,0.0001
7713.18896484375,486.58,381940,26667020.0,20.979398727416992,3380,-68453.4,112,1192,95459,-10.51278018951416,0.0001
8363.1953125,496.5,385120,2321143.0,21.55130958557129,3408,-67553.3,113,1196,96254,-13.503618240356445,0.0001
8095.36865234375,512.52,385984,1915054.0,21.721769332885742,3415,-66713.6,113,1200,96470,-13.249834060668945,0.0001
8610.3779296875,496.77,387616,1219301.375,22.050424575805664,3429,-68555.9,113,1204,96878,-14.996481895446777,0.0001
8795.673828125,494.91,389072,1498113.25,22.335956573486328,3442,-69537.2,113,1208,97242,-14.208553314208984,0.0001
8503.27734375,489.36,390216,1079691.0,22.5580997467041,3452,-71281.5,113,1212,97528,-14.086647987365723,0.0001
8614.40234375,483.27,391460,1478752.375,22.788814544677734,3463,-72224.475,113,1216,97839,-13.422744750976562,0.0001
8682.3720703125,494.11,395368,51914384.0,23.63477325439453,3497,-71163.9,113,1220,98816,-14.83857250213623,0.0001
8497.8896484375,470.9,396660,15753210.0,23.904102325439453,3509,-73931.5,113,1224,99139,-14.88697624206543,0.0001
9666.873046875,470.93,397496,1582094.875,24.0694637298584,3516,-74931.7,113,1228,99348,-15.311511039733887,0.0001
9031.0751953125,462.46,400928,18050486.0,24.773155212402344,3546,-77646.7,113,1232,100206,-13.084017753601074,0.0001
8997.3291015625,457.01,402180,1138862.25,25.010129928588867,3558,-78492.1,113,1236,100519,-13.357181549072266,0.0001
8885.5068359375,443.57,405388,15769392.0,25.680044174194336,3588,-81620.55,112,1240,101321,-16.039413452148438,0.0001
7885.19140625,451.7,406836,10809288.0,26.00394058227539,3602,-80739.45,112,1244,101683,-13.45615005493164,0.0001
9234.634765625,442.13,407804,1677442.375,26.22502326965332,3611,-81643.65,112,1248,101925,-14.506747245788574,0.0001
9302.884765625,433.16,408524,2531604.5,26.383358001708984,3617,-81653.95,112,1252,102105,-14.829851150512695,0.0001
8699.8544921875,418.61,409240,41828644.0,26.539186477661133,3624,-82508.35,112,1256,102284,-14.77003288269043,0.0001
8248.005859375,405.48,410712,2439297.75,26.861852645874023,3638,-84376.85,112,1260,102652,-14.430045127868652,0.0001
8283.0517578125,387.86,412128,40981324.0,27.188692092895508,3651,-86200.45,112,1264,103006,-15.377371788024902,0.0001
9603.861328125,381.55,413932,24933468.0,27.597026824951172,3668,-87337.25,112,1268,103457,-14.20598316192627,0.0001
9218.681640625,392.99,415348,21738436.0,27.91669464111328,3681,-87351.65,112,1272,103811,-14.4000244140625,0.0001
8919.13671875,391.12,416572,8075638.0,28.199169158935547,3693,-88432.85,112,1276,104117,-15.176612854003906,0.0001
9372.4775390625,383.31,417892,18308394.0,28.51190185546875,3705,-88454.75,112,1280,104447,-14.238795280456543,0.0001
8591.5712890625,391.22,419956,5161991.5,29.02191734313965,3724,-88433.85,112,1284,104963,-16.121158599853516,0.0001
8579.263671875,382.25,420152,3145781.5,29.068689346313477,3726,-88544.15,112,1288,105012,-14.602582931518555,0.0001
8607.2421875,377.64,420328,22861940.0,29.111909866333008,3728,-88498.05,112,1292,105056,-14.812543869018555,0.0001
10007.2216796875,353.62,420548,28096528.0,29.16238021850586,3730,-90357.65,112,1296,105111,-15.295220375061035,0.0001
9340.1162109375,336.81,420872,2648207.0,29.238927841186523,3733,-91189.45,112,1300,105192,-14.728399276733398,0.0001
9720.056640625,329.29,421096,20419270.0,29.29300880432129,3735,-91114.25,112,1304,105248,-15.640599250793457,0.0001
8492.306640625,331.62,421488,3155228.5,29.389667510986328,3739,-90137.65,112,1308,105346,-15.724782943725586,0.0001
9058.666015625,309.51,421700,19779480.0,29.441242218017578,3741,-91116.45,112,1312,105399,-15.213136672973633,0.0001
8898.63671875,299.36,422000,21417668.0,29.51746368408203,3743,-91115.625,112,1316,105474,-16.055130004882812,0.0001
8246.72265625,281.31,422416,25827392.0,29.624183654785156,3747,-92204.1,112,1320,105578,-15.791159629821777,0.0001
8992.71875,270.39,423564,3913118.0,29.922225952148438,3758,-92994.8,112,1324,105865,-15.04921817779541,0.0001
8779.146484375,273.53,426412,3505553.5,30.624996185302734,3785,-91857.875,112,1328,106577,-14.65377426147461,0.0001
9419.21484375,271.61,427268,39162584.0,30.83913230895996,3793,-91038.775,112,1332,106791,-15.531641006469727,0.0001
8778.24609375,279.18,430236,22127824.0,31.612707138061523,3820,-91114.475,112,1336,107533,-15.694939613342285,0.0001
9829.314453125,277.27,432948,2856497.25,32.34809494018555,3846,-89856.925,112,1340,108211,-15.600326538085938,0.0001
10404.904296875,275.87,434148,2856760.0,32.66909408569336,3857,-90942.825,112,1344,108511,-13.648599624633789,0.0001
8888.8984375,271.18,435096,15153195.0,32.916709899902344,3866,-90895.925,112,1348,108748,-14.63729476928711,0.0001
9755.87890625,263.56,435528,34316308.0,33.02884292602539,3870,-91719.625,112,1352,108856,-15.06041431427002,0.0001
9519.591796875,271.59,436948,34971516.0,33.39634323120117,3883,-90800.025,112,1356,109211,-14.844595909118652,0.0001
9849.896484375,269.75,437552,18639880.0,33.556793212890625,3889,-90781.625,112,1360,109362,-16.47720718383789,0.0001
9146.6484375,268.65,438256,17788686.0,33.75350570678711,3895,-90667.0375,112,1364,109538,-16.262531280517578,0.0001
10408.73046875,248.93,438484,4085850.75,33.81785583496094,3897,-91469.7375,112,1368,109595,-15.850065231323242,0.0001
10013.7353515625,236.71,438760,27307548.0,33.89561462402344,3900,-91447.5375,112,1372,109664,-15.212971687316895,0.0001
9932.1435546875,226.54,438940,3180139.0,33.94645309448242,3902,-91345.8375,112,1376,109709,-15.626016616821289,0.0001
9960.587890625,221.98,439236,33527570.0,34.03179931640625,3905,-91300.2375,112,1380,109783,-14.789546966552734,0.0001
9319.1376953125,210.29,440112,7838972.0,34.277645111083984,3913,-91283.3375,112,1384,110002,-14.761846542358398,0.0001
10778.921875,227.48,444088,7895857.5,35.4173698425293,3950,-90455.3375,112,1388,110996,-14.738759994506836,0.0001
9756.5107421875,259.7,446076,17418468.0,35.95718765258789,3969,-87777.8375,112,1392,111493,-15.400171279907227,0.0001
10692.626953125,281.26,448920,4166738.25,36.73682403564453,3995,-85993.6375,112,1396,112204,-13.23764705657959,0.0001
10541.96875,291.3,449464,6232341.0,36.88728713989258,4000,-85094.1375,112,1400,112340,-13.724703788757324,0.0001
9917.40234375,303.08,450312,4185680.75,37.131553649902344,4008,-84112.0375,112,1404,112552,-14.671834945678711,0.0001
9700.58203125,296.45,450564,4271241.5,37.20653533935547,4010,-84936.1875,112,1408,112615,-14.105949401855469,0.0001
9367.9951171875,297.91,450696,5632355.5,37.24563217163086,4011,-84950.7875,112,1412,112648,-14.290489196777344,0.0001
9668.5615234375,297.51,450820,3732831.75,37.28135681152344,4013,-84946.7875,112,1416,112679,-14.182064056396484,0.0001
11533.24609375,286.9,450940,5821987.0,37.31724548339844,4014,-85840.5875,112,1420,112709,-13.182548522949219,0.0001
9154.7734375,282.49,451252,14742940.0,37.409828186035156,4017,-85896.4875,112,1424,112787,-14.083635330200195,0.0001
10361.56640625,268.75,451424,16866372.0,37.459564208984375,4018,-86927.4125,112,1428,112830,-13.907212257385254,0.0001
9651.01171875,252.43,451920,4727160.0,37.60718536376953,4023,-87764.1125,112,1432,112954,-13.529430389404297,0.0001
10533.76953125,233.1,452380,31439270.0,37.73741912841797,4027,-88670.7125,112,1436,113069,-12.543241500854492,0.0001
10892.712890625,224.63,455292,52236576.0,38.52957534790039,4054,-90624.3625,112,1440,113797,-11.044523239135742,0.0001
8997.2998046875,227.06,457312,22115828.0,39.045127868652344,4073,-90443.1125,112,1444,114302,-11.38879108428955,0.0001
10165.9677734375,227.55,458920,22691034.0,39.48032760620117,4088,-90448.0125,112,1448,114704,-12.479718208312988,0.0001
10542.2109375,243.66,459676,10862196.0,39.69261932373047,4095,-88443.9875,112,1452,114893,-11.550651550292969,0.0001
12053.9052734375,260.69,462400,6831346.0,40.45164489746094,4120,-88414.2875,112,1456,115574,-11.07929515838623,0.0001
10916.1201171875,263.98,464108,31156246.0,40.93095779418945,4136,-88447.1875,112,1460,116001,-10.213836669921875,0.0001
12531.6318359375,264.97,465024,25004822.0,41.1951904296875,4145,-89560.575,112,1464,116230,-11.005274772644043,0.0001
10403.44921875,273.33,466368,2089380.25,41.592010498046875,4157,-89528.3375,112,1468,116566,-10.51162052154541,0.0001
11074.224609375,281.35,467200,4961055.0,41.82600784301758,4165,-89401.3375,112,1472,116774,-9.66512680053711,0.0001
12165.78515625,289.86,467892,4729358.0,42.022178649902344,4172,-89486.4375,112,1476,116947,-10.71143627166748,0.0001
12014.7080078125,289.14,469516,19162000.0,42.47644805908203,4187,-89479.2375,112,1480,117353,-10.74355411529541,0.0001
10735.6943359375,314.77,472132,3128694.0,43.24011993408203,4211,-87572.7375,112,1484,118007,-10.132299423217773,0.0001
11188.0068359375,313.16,474428,2692726.75,43.881221771240234,4232,-87456.6375,112,1488,118581,-8.366518020629883,0.0001
10194.2841796875,296.42,475944,12856140.0,44.257972717285156,4246,-90288.9375,112,1492,118960,-7.001964569091797,0.0001
10935.25,298.21,477944,3503221.25,44.7637825012207,4265,-91306.7375,112,1496,119460,-9.28994083404541,0.0001
11010.5546875,313.01,480668,6127963.0,45.56869888305664,4291,-91354.7375,112,1500,120141,-7.91184139251709,0.0001
10969.5546875,318.92,482828,28390012.0,46.12799072265625,4311,-92294.6875,111,1504,120681,-7.381040096282959,0.0001
11362.587890625,323.43,483168,26455644.0,46.22358322143555,4314,-92346.6125,111,1508,120766,-6.457245826721191,0.0001
10899.3203125,344.18,486488,3233970.0,47.20442581176758,4345,-91554.2125,111,1512,121596,-7.484391212463379,0.0001
11275.583984375,375.88,488892,13775128.0,47.97078323364258,4367,-90670.0375,111,1516,122197,-7.028260231018066,0.0001
13371.52734375,396.8,492076,25961136.0,48.80805587768555,4397,-90679.2375,111,1520,122993,-5.789829730987549,0.0001
11663.259765625,428.57,494688,2064677.25,49.416168212890625,4422,-87897.2375,111,1524,123646,-4.350133895874023,0.0001
11439.2607421875,428.57,495972,17154036.0,49.68478775024414,4434,-87897.2375,111,1528,123967,-3.800776481628418,0.0001
11462.5771484375,436.18,496396,4183417.0,49.77610778808594,4438,-86973.4375,111,1532,124073,-3.71136212348938,0.0001
11413.4462890625,456.88,498688,1892364.25,50.16565704345703,4459,-85180.6375,111,1536,124646,-3.1602296829223633,0.0001
11248.515625,468.05,502592,2152237.5,50.844173431396484,4496,-83292.5375,111,1540,125622,-2.3515892028808594,0.0001
10918.671875,462.45,503520,4898181.0,51.00588607788086,4504,-83442.0875,111,1544,125854,-1.6414315700531006,0.0001
11478.248046875,480.12,507132,1749378.375,51.46746826171875,4538,-82518.8875,111,1548,126757,0.6618291139602661,0.0001
11682.46484375,492.62,508936,2001605.625,51.37159729003906,4555,-81709.3125,111,1552,127208,1.6247812509536743,0.0001
11230.56640625,502.31,512936,1595656.75,50.627986907958984,4592,-79006.5125,111,1556,128208,3.5390048027038574,0.0001
11961.158203125,520.78,516080,1219712.0,49.3205680847168,4622,-77091.4125,111,1560,128994,5.593789100646973,0.0001
11043.9453125,533.64,519476,962511.625,47.792236328125,4653,-74979.175,111,1564,129843,4.801065921783447,0.0001
11909.6396484375,559.96,522580,20310928.0,46.66157531738281,4682,-72258.5125,111,1568,130619,4.618731498718262,0.0001
11842.25390625,563.63,524504,985082.625,45.86677932739258,4700,-71402.5125,111,1572,131100,4.546472549438477,0.0001
11376.7041015625,570.11,525896,919549.625,45.30897521972656,4713,-70367.4125,111,1576,131448,4.364582061767578,0.0001
10732.470703125,593.79,528504,731709.4375,44.41236114501953,4737,-68481.5375,111,1580,132100,3.4718456268310547,0.0001
11892.556640625,595.09,532408,17553072.0,42.98377990722656,4774,-68557.2375,111,1584,133076,3.456195831298828,0.0001
10616.13671875,606.96,536136,905393.0,41.732730865478516,4809,-66776.1375,111,1588,134008,4.470612525939941,0.0001
11250.0693359375,622.89,538032,17200928.0,41.1481819152832,4826,-63835.7375,111,1592,134482,3.5712027549743652,0.0001
11049.58203125,634.35,541076,699105.0,40.15445327758789,4855,-61736.8125,111,1596,135243,5.147716522216797,0.0001
12126.1318359375,612.83,542316,912693.25,39.64491271972656,4866,-62621.5125,111,1600,135553,4.7458415031433105,0.0001
11353.826171875,609.58,544068,1124971.25,39.0959358215332,4883,-62703.9375,111,1604,135991,2.886974573135376,0.0001
10412.6064453125,622.9,546596,677957.625,38.3682975769043,4906,-61739.1875,111,1608,136623,4.819427490234375,0.0001
12361.37890625,629.05,548708,841232.25,37.57418441772461,4926,-59700.8875,111,1612,137151,3.450620174407959,0.0001
11758.458984375,618.77,551152,623214.375,36.78227615356445,4949,-59598.5375,111,1616,137762,5.428616523742676,0.0001
9960.580078125,612.38,552052,824120.625,36.451602935791016,4958,-59634.6375,111,1620,137987,4.84377384185791,0.0001
10033.6171875,583.55,552772,596394.9375,36.22408676147461,4964,-62446.0375,111,1624,138167,5.437014102935791,0.0001
11499.978515625,591.18,554508,708982.625,35.6715087890625,4981,-62522.3375,111,1628,138601,3.817833423614502,0.0001
12292.5556640625,594.95,555588,729745.8125,35.36420822143555,4991,-63215.95416667,111,1632,138871,3.707118034362793,0.0001
10692.6484375,588.18,557548,757572.125,34.782073974609375,5009,-64048.15416666999,111,1636,139361,4.153774261474609,0.0001
10683.53515625,578.91,560752,1087903.875,34.2081184387207,5039,-65955.25416667,111,1640,140162,1.5214426517486572,0.0001
11312.5068359375,594.66,563564,4193394.25,34.04075241088867,5065,-64012.954166669995,111,1644,140865,1.1241015195846558,0.0001
11335.427734375,597.35,564964,1220716.75,33.88199996948242,5078,-64139.85416667,111,1648,141215,0.6542254090309143,0.0001
10858.32421875,571.36,566304,5602488.0,33.76459503173828,5091,-66979.65416666999,111,1652,141550,0.637216329574585,0.0001
11108.564453125,548.53,568252,4536518.5,33.60234832763672,5109,-70550.55416667,111,1656,142037,1.298034906387329,0.0001
10686.369140625,555.89,572252,1393242.0,33.61820602416992,5146,-69522.00416667,111,1660,143037,-0.6030389666557312,0.0001
11393.1982421875,559.43,575644,1339802.375,33.323760986328125,5178,-70798.34166666999,111,1664,143885,1.2411470413208008,0.0001
10519.9873046875,555.64,578108,4485869.5,33.40394973754883,5201,-71760.34166666999,111,1668,144501,0.06585147976875305,0.0001
10382.57421875,561.05,580232,1070427.875,33.077606201171875,5221,-72814.34166666999,111,1672,145032,1.3037424087524414,0.0001
10440.326171875,572.32,582772,1501410.0,32.74357604980469,5245,-72927.04166666999,111,1676,145667,-0.40596213936805725,0.0001
10355.2353515625,571.49,584944,1409570.25,32.69477462768555,5265,-73841.51666667,111,1680,146210,-0.9208067655563354,0.0001
10878.580078125,579.48,588944,1180677.75,33.00438690185547,5302,-72021.91666666999,111,1684,147210,-0.8870230913162231,0.0001
9996.0595703125,578.62,592604,7719835.0,33.90927505493164,5337,-72913.21666666999,111,1688,148125,-1.7180860042572021,0.0001
9267.30859375,564.57,593916,2029496.25,34.17660140991211,5349,-74872.51666667,111,1692,148453,-1.056046962738037,0.0001
9605.181640625,538.14,594700,2439008.5,34.274654388427734,5356,-77821.64166667,111,1696,148649,-1.3095121383666992,0.0001
10851.6982421875,536.41,595416,2714410.0,34.361122131347656,5363,-77804.34166666999,111,1700,148828,-0.4857688546180725,0.0001
11262.22265625,560.88,599416,911574.375,34.68758773803711,5400,-73953.56666667,110,1704,149828,0.8219878077507019,0.0001
10793.7529296875,572.48,603416,1998227.25,33.27569580078125,5437,-72070.44166667,110,1708,150828,1.9004058837890625,0.0001
10396.228515625,573.74,607188,12864138.0,32.28117370605469,5473,-74182.84166666999,110,1712,151771,1.0156193971633911,0.0001
8958.3505859375,590.25,611188,2026289.75,31.081605911254883,5510,-72148.96666666999,110,1716,152771,2.743271589279175,0.0001
10390.1015625,608.32,614476,832435.25,29.969045639038086,5540,-70214.71666666999,110,1720,153593,2.6941914558410645,0.0001
10949.205078125,638.4,616980,774248.0,29.01169776916504,5564,-67415.81666667,110,1724,154219,2.4351391792297363,0.0001
10094.0009765625,661.54,620844,1023186.0625,27.84926414489746,5600,-64647.516666669995,110,1728,155185,4.038268089294434,0.0001
9219.388671875,680.19,624168,1280134.375,26.95204734802246,5631,-62078.3,110,1732,156016,1.7569478750228882,0.0001
10017.9482421875,677.5,626044,1053417.75,26.576190948486328,5649,-62051.4,110,1736,156485,1.2451517581939697,0.0001
10245.2734375,690.28,629188,1116958.25,26.366531372070312,5678,-60033.05,110,1740,157271,1.1133230924606323,0.0001
9395.224609375,683.8,632420,1454053.25,26.086925506591797,5708,-61968.05,110,1744,158079,0.1421048641204834,0.0001
9731.501953125,692.75,634476,1703319.25,26.082069396972656,5727,-59953.4625,110,1748,158593,0.7031428813934326,0.0001
9897.6337890625,717.95,637752,839249.75,25.988632202148438,5758,-58068.9125,110,1752,159412,1.095259189605713,0.0001
9714.90234375,727.0,640832,605222.75,25.64101791381836,5786,-57259.9125,110,1756,160182,1.2793521881103516,0.0001
9886.41015625,715.44,644740,802039.125,24.74338722229004,5823,-59246.3625,110,1760,161159,1.7340116500854492,0.0001
9989.328125,717.52,646244,771093.375,24.624526977539062,5837,-58014.2375,110,1764,161535,-0.8582661747932434,0.0001
9163.87890625,706.01,649248,28978384.0,24.81788444519043,5865,-58899.0375,110,1768,162286,-0.7153427004814148,0.0001
9345.86328125,714.2,652624,1253873.625,25.224027633666992,5896,-57081.1375,110,1772,163130,-0.224348247051239,0.0001
8811.5517578125,719.94,655152,1638535.375,25.298070907592773,5920,-55238.7375,110,1776,163762,0.8609399795532227,0.0001
8324.45703125,723.36,658560,771798.5,24.61458969116211,5952,-54473.0375,110,1780,164614,2.1778860092163086,0.0001
8626.830078125,714.44,661564,1026499.3125,24.019756317138672,5980,-56283.6375,110,1784,165365,1.255953311920166,0.0001
8393.30859375,715.44,664456,733319.375,23.579938888549805,6006,-55393.7375,110,1788,166088,0.979763925075531,0.0001
9244.6005859375,721.05,666560,550002.25,23.307947158813477,6026,-54449.9375,110,1792,166614,1.378305196762085,0.0001
8939.1318359375,737.04,668852,911641.6875,23.250869750976562,6048,-53508.8125,110,1796,167187,-0.5532024502754211,0.0001
8879.8642578125,755.53,672028,554787.5625,23.728458404541016,6077,-52593.8125,110,1800,167981,0.24595052003860474,0.0001
8705.8134765625,748.86,674560,1504801.0,23.549488067626953,6101,-53727.0125,110,1804,168614,0.7085917592048645,0.0001
9985.6123046875,742.56,678280,708639.1875,22.77851676940918,6136,-54763.9125,110,1808,169544,1.2570607662200928,0.0001
8357.626953125,747.69,681212,935164.125,22.34369468688965,6163,-52715.4125,110,1812,170277,-0.803654670715332,0.0001
8842.63671875,739.95,684592,1181893.25,22.5495662689209,6195,-53937.9125,110,1816,171122,-1.7593412399291992,0.0001
8567.2861328125,736.69,688192,709946.625,22.630783081054688,6228,-54018.7125,110,1820,172022,-0.6676979064941406,0.0001
8490.5205078125,728.66,690784,712116.625,22.315824508666992,6253,-56038.2125,110,1824,172670,1.7383778095245361,0.0001
9410.748046875,724.37,693792,785458.75,21.587167739868164,6281,-57895.1125,110,1828,173422,1.5524240732192993,0.0001
8997.65625,724.67,696192,746735.625,21.385658264160156,6303,-58898.0125,110,1832,174022,0.24632859230041504,0.0001
9379.470703125,739.86,699776,851310.5,21.569263458251953,6337,-58050.0125,110,1836,174918,0.9147515892982483,0.0001
8260.380859375,745.59,703060,1638052.625,20.92629051208496,6367,-57353.7625,110,1840,175739,0.8705766797065735,0.0001
9188.36328125,737.65,705164,1773303.375,20.56998062133789,6387,-58274.2625,110,1844,176265,-0.01622758060693741,0.0001
8371.3837890625,724.08,706716,1033642.5,20.597061157226562,6401,-60142.65,110,1848,176653,-1.2988464832305908,0.0001
8342.4794921875,715.8,709020,1178356.125,21.02570343017578,6423,-62296.4,110,1852,177229,-1.5727264881134033,0.0001
8845.9150390625,710.46,712204,1319294.625,22.0290584564209,6452,-63242.9,110,1856,178025,-1.0667545795440674,0.0001
8649.224609375,721.15,715840,1417933.75,23.153736114501953,6486,-62449.9,110,1860,178934,-3.6087236404418945,0.0001
8922.849609375,725.79,718876,943471.0,23.757753372192383,6515,-61749.425,110,1864,179693,-1.56099534034729,0.0001
8629.904296875,737.98,722876,17912658.0,24.466690063476562,6552,-60870.3,110,1868,180693,-1.5976479053497314,0.0001
9518.953125,729.85,724868,1662911.5,24.82709312438965,6571,-61788.9,110,1872,181191,-2.480217933654785,0.0001
8888.37890625,728.4,727548,1576412.75,25.088970184326172,6596,-62774.3,110,1876,181861,-0.31398889422416687,0.0001
9215.7822265625,729.35,730680,2026346.375,25.396514892578125,6625,-63783.7,110,1880,182644,-0.5687704086303711,0.0001
8387.623046875,722.81,732472,1613097.0,25.823829650878906,6642,-64618.2,110,1884,183092,-2.114874839782715,0.0001
8760.96484375,708.74,735320,2525758.75,26.614286422729492,6669,-67477.2,110,1888,183804,-1.9492229223251343,0.0001
8487.7431640625,722.46,739260,1776782.0,27.742311477661133,6705,-67514.4,110,1892,184789,-1.798228144645691,0.0001
7693.19775390625,733.79,742444,1431943.5,28.151140213012695,6735,-65729.025,110,1896,185585,0.005374908447265625,0.0001
9338.552734375,744.74,746444,1626014.25,28.280656814575195,6773,-64938.625,110,1900,186585,-0.3852766454219818,0.0001
10366.625,745.84,750084,1422576.75,28.12108039855957,6807,-66949.425,110,1904,187495,0.9273021817207336,0.0001
9182.2958984375,744.4,752160,3600415.5,27.72261619567871,6827,-66934.15,110,1908,188014,0.6074758768081665,0.0001
8543.34375,745.61,756160,1109214.125,26.794221878051758,6864,-66946.25,110,1912,189014,3.295736789703369,0.0001
8343.21484375,751.38,760044,740362.25,25.36709976196289,6900,-67990.2,110,1916,189985,2.467548370361328,0.0001
9216.0791015625,748.68,762156,1437182.75,24.820642471313477,6920,-67964.95,110,1920,190513,2.2106661796569824,0.0001
9927.2412109375,762.23,766156,952758.25,24.20480728149414,6958,-65100.75,110,1924,191513,2.841001033782959,0.0001
9710.3984375,772.53,770156,1438813.125,23.155242919921875,6995,-62304.05,110,1928,192513,3.559969186782837,0.0001
8677.818359375,760.96,773128,887843.625,22.41692543029785,7023,-63288.25,110,1932,193256,2.5254435539245605,0.0001
7937.45458984375,762.49,776688,913796.5625,21.704360961914062,7056,-64403.45,110,1936,194146,3.9589130878448486,0.0001
9850.544921875,764.66,780688,976998.375,20.974666595458984,7093,-64525.15,110,1940,195146,2.3834753036499023,0.0001
7000.2548828125,784.04,784688,1106717.0,20.369993209838867,7131,-60819.35,110,1944,196146,3.397050380706787,0.0001
9640.681640625,794.48,786328,1035312.25,19.950424194335938,7146,-59919.125,110,1948,196556,4.509039878845215,0.0001
9494.802734375,798.68,790180,972704.5,19.04543113708496,7182,-57802.6,110,1952,197519,4.044351577758789,0.0001
8823.7119140625,806.7,792344,622961.8125,18.643428802490234,7203,-55983.0,110,1956,198060,3.2010529041290283,0.0001
9229.0,804.01,795724,606447.875,18.116910934448242,7234,-55956.1,109,1960,198905,3.2301151752471924,0.0001
10191.228515625,798.86,799376,528588.5,17.67477035522461,7269,-57804.4,109,1964,199818,2.5727057456970215,0.0001
7397.462890625,803.47,802648,778729.625,17.294010162353516,7299,-57751.625,109,1968,200636,2.285965919494629,0.0001
9893.5859375,802.71,804644,1129380.0,16.990835189819336,7318,-58743.925,109,1972,201135,3.5947823524475098,0.0001
10226.2353515625,790.36,807280,1476450.25,16.471908569335938,7342,-60520.225,109,1976,201794,5.305907249450684,0.0001
8845.333984375,780.86,809356,6682666.0,16.178203582763672,7362,-60325.225,109,1980,202313,2.0318305492401123,0.0001
8177.09765625,788.27,812728,746211.875,15.953845024108887,7393,-60599.325,109,1984,203156,2.048076868057251,0.0001
8183.78515625,809.09,816608,691038.0,15.587507247924805,7429,-58807.725,109,1988,204126,1.0827219486236572,0.0001
8513.0,811.28,820608,666810.8125,15.330584526062012,7467,-57929.725,109,1992,205126,0.18514463305473328,0.0001
8698.033203125,806.45,824428,635436.0,15.025704383850098,7503,-57881.425,109,1996,206081,1.3949320316314697,0.0001
6572.74462890625,806.5,826932,1293884.75,14.868575096130371,7526,-58881.825,109,2000,206707,-1.2008440494537354,0.0001
7721.6728515625,802.16,830648,818842.5,14.960570335388184,7561,-58727.7,109,2004,207636,0.94425368309021,0.0001
9526.591796875,812.42,834048,2316609.5,14.657397270202637,7593,-57931.275,109,2008,208486,2.1154415607452393,0.0001
8864.255859375,799.86,835184,862545.9375,14.559773445129395,7603,-58905.575,109,2012,208770,0.26531994342803955,0.0001
9281.2978515625,790.64,838932,1416276.5,14.372248649597168,7639,-57927.125,109,2016,209707,0.23300719261169434,0.0001
8283.69921875,788.66,841140,923052.375,14.258009910583496,7659,-58906.7,109,2020,210259,1.2354977130889893,0.0001
7791.5517578125,780.46,844512,1000952.3125,14.108260154724121,7691,-60824.5,109,2024,211102,0.02903255820274353,0.0001
10782.1328125,761.02,846036,1187922.25,14.064359664916992,7705,-63629.8,109,2028,211483,-0.8793814182281494,0.0001
8420.376953125,761.54,848940,1909665.75,14.144007682800293,7733,-64634.9,109,2032,212209,-1.7341642379760742,0.0001
9553.6845703125,766.46,852664,1143508.125,14.730401992797852,7768,-65584.0,109,2036,213140,-0.8983325958251953,0.0001
8555.146484375,745.41,854080,1908168.25,14.938472747802734,7781,-68273.2,109,2040,213494,-1.5900297164916992,0.0001
10284.697265625,716.72,854272,1950435.875,14.9701509475708,7783,-71985.9,109,2044,213542,-2.096418619155884,0.0001
11248.8515625,703.8,858056,2724594.25,15.302824020385742,7818,-73961.225,109,2048,214488,-0.1120794415473938,0.0001
8993.1123046875,700.71,858888,1891068.875,15.25250244140625,7826,-73989.05,109,2052,214696,-0.15781983733177185,0.0001
10049.4794921875,696.39,862444,7458538.5,14.958420753479004,7860,-74945.75,109,2056,215585,1.6223708391189575,0.0001
10284.478515625,692.48,865456,2158034.75,14.788378715515137,7888,-75805.575,109,2060,216338,0.2839500606060028,0.0001
11046.0107421875,688.12,866960,1681227.75,14.87236213684082,7902,-74862.075,109,2064,216714,-0.48869648575782776,0.0001
11000.166015625,665.69,869328,2215490.0,14.936602592468262,7925,-76837.575,109,2068,217306,-0.1835368424654007,0.0001
9717.498046875,677.98,873328,5944837.5,15.615900039672852,7962,-73960.775,109,2072,218306,-1.8630247116088867,0.0001
9354.7734375,689.13,875468,10335682.0,15.866242408752441,7982,-72172.475,109,2076,218841,-0.4723203480243683,0.0001
8492.4130859375,690.68,877328,1706432.5,15.97953987121582,8000,-72287.975,109,2080,219306,-0.5256505608558655,0.0001
7782.1494140625,692.56,881016,1339834.125,16.111724853515625,8034,-73306.675,109,2084,220228,0.5814616084098816,0.0001
9685.748046875,685.35,884812,3386411.0,15.809900283813477,8070,-72234.675,109,2088,221177,0.4845335781574249,0.0001
9767.978515625,664.84,886260,1702679.0,15.784195899963379,8083,-75029.275,109,2092,221539,0.1395149827003479,0.0001
9530.9853515625,660.07,888812,952440.5,15.826587677001953,8107,-75981.475,109,2096,222177,0.3977629542350769,0.0001
8797.4794921875,667.39,892812,6942425.5,15.47494888305664,8145,-73054.975,109,2100,223177,1.1680524349212646,0.0001
8226.529296875,668.55,896584,937615.375,15.307830810546875,8180,-71177.5,109,2104,224120,0.5396028757095337,0.0001
7659.6298828125,655.78,898760,1249882.375,15.052184104919434,8201,-72932.95,109,2108,224664,1.237226128578186,0.0001
11331.580078125,655.08,902092,646099.5625,14.349859237670898,8232,-72818.45,109,2112,225497,2.090454339981079,0.0001
10486.7734375,657.19,903788,759950.5625,13.977778434753418,8248,-73706.6,109,2116,225921,2.6545209884643555,0.0001
11194.904296875,648.97,906904,4588936.0,13.38833999633789,8277,-74621.9375,109,2120,226700,3.156487464904785,0.0001
9680.9306640625,645.06,908676,3823482.5,13.143317222595215,8294,-75441.1875,109,2124,227143,2.2083988189697266,0.0001
9875.318359375,650.7,911576,5818245.0,12.80188274383545,8321,-75390.4625,109,2128,227868,2.196643114089966,0.0001
9024.728515625,667.47,915576,866874.75,12.480891227722168,8358,-71558.5625,109,2132,228868,1.7704554796218872,0.0001
10352.9189453125,657.93,918532,1312249.375,12.288957595825195,8386,-69563.3625,109,2136,229607,0.14767995476722717,0.0001
9489.65625,676.48,921708,969985.25,12.163747787475586,8416,-67849.0625,109,2140,230401,-0.540156900882721,0.0001
11433.74609375,686.53,924416,14057716.0,12.301525115966797,8442,-67849.5625,109,2144,231078,-1.0341172218322754,0.0001
9668.494140625,686.45,926284,2006472.125,12.542624473571777,8459,-66848.8625,109,2148,231545,-1.537672519683838,0.0001
9799.630859375,689.68,928636,1869274.5,12.735213279724121,8481,-67981.0625,109,2152,232133,-1.2554746866226196,0.0001
11130.603515625,692.46,932636,1679935.5,12.93344497680664,8519,-67008.9625,109,2156,233133,-1.1575860977172852,0.0001
9255.9365234375,699.22,936636,906869.0,13.022290229797363,8556,-65177.7375,109,2160,234133,1.2501678466796875,0.0001
11088.921875,703.2,937648,1511762.5,12.936803817749023,8566,-65217.5375,109,2164,234386,1.5458074808120728,0.0001
8257.8935546875,706.64,940732,2487364.25,12.699501991271973,8595,-64252.0375,109,2168,235157,-0.0956716537475586,0.0001
8632.69921875,700.54,942744,1751411.5,12.63878059387207,8614,-65190.9375,109,2172,235660,0.2601452171802521,0.0001
9754.50390625,692.74,945120,7294961.0,12.735261917114258,8636,-66112.8375,109,2176,236254,-0.028146445751190186,0.0001
11101.5966796875,708.92,949120,1332023.5,13.049529075622559,8673,-64174.8375,109,2180,237254,-1.6325702667236328,0.0001
9011.4423828125,708.5,952392,20567920.0,12.99542236328125,8704,-61170.9375,109,2184,238072,-0.36852115392684937,0.0001
10348.6171875,712.37,956064,1101127.75,12.626347541809082,8738,-61209.6375,109,2188,238990,1.9529184103012085,0.0001
9491.41015625,732.81,960064,3814750.75,12.300548553466797,8776,-58414.3375,109,2192,239990,-0.6005515456199646,0.0001
10448.740234375,735.02,962484,1295670.5,12.180397033691406,8799,-58436.4375,109,2196,240595,0.8641917705535889,0.0001
10625.015625,718.1,966412,1067559.5,12.318045616149902,8835,-61166.9375,109,2200,241577,-1.138312816619873,0.0001
8701.056640625,718.21,967744,1767818.0,12.495080947875977,8848,-62167.9375,109,2204,241910,-1.8034865856170654,0.0001
11422.62890625,711.55,970372,30721754.0,12.827272415161133,8872,-63117.5375,109,2208,242567,-0.8205950260162354,0.0001
9687.65625,712.22,973112,5544662.0,13.036274909973145,8898,-64231.6375,109,2212,243252,-0.812537431716919,0.0001
10058.07421875,722.12,977112,10829723.0,13.430746078491211,8936,-61463.7875,109,2216,244252,-0.31520938873291016,0.0001
9708.00390625,740.85,981112,889301.8125,13.26069450378418,8973,-58754.275,109,2220,245252,-0.7929702401161194,0.0001
12640.08203125,750.64,984264,794558.8125,13.059246063232422,9003,-56993.925,109,2224,246040,0.7888622283935547,0.0001
13489.8232421875,756.07,988184,1929228.875,12.668967247009277,9040,-56155.45,109,2228,247020,0.7896437644958496,0.0001
10216.6953125,752.57,992184,1719722.375,12.597201347351074,9077,-57018.8625,109,2232,248020,0.07009834051132202,0.0001
10278.9755859375,764.1,995916,1174318.625,12.770599365234375,9112,-56134.2625,109,2236,248953,-0.318582147359848,0.0001
10518.650390625,767.84,999916,912177.8125,12.346129417419434,9150,-54171.8625,109,2240,249953,1.6884102821350098,0.0001
11929.1923828125,785.7,1003916,678388.875,11.607503890991211,9187,-51450.7625,109,2244,250953,3.0565881729125977,0.0001
11218.177734375,808.5,1007916,586399.4375,10.837742805480957,9225,-48679.0625,109,2248,251953,4.449962615966797,0.0001
11329.7255859375,814.96,1010540,571832.25,10.443553924560547,9249,-46743.8625,109,2252,252609,5.697015762329102,0.0001
11018.8046875,819.32,1014540,348384.25,9.931824684143066,9287,-46787.4625,109,2256,253609,6.834475517272949,0.0001
11649.6875,818.27,1017248,464035.46875,9.595582962036133,9312,-47776.8625,109,2260,254286,6.842732906341553,0.0001
11192.29296875,818.66,1019988,324913.71875,9.299351692199707,9338,-46780.8625,109,2264,254971,6.754613876342773,0.0001
10306.828125,813.93,1020824,418690.46875,9.219107627868652,9346,-47632.1125,109,2268,255180,6.545073509216309,0.0001
9665.2509765625,810.12,1024224,535286.75,9.000574111938477,9377,-49593.8125,109,2272,256030,4.465222358703613,0.0001
11753.171875,809.71,1025376,2493258.0,8.952863693237305,9388,-49589.7125,109,2276,256318,1.8618477582931519,0.0001
15382.240234375,775.6,1025868,1482872.5,8.95070743560791,9393,-52348.3125,109,2280,256441,-0.08664010465145111,0.0001
9127.998046875,750.92,1027260,788320.375,9.005420684814453,9406,-55101.2125,109,2284,256789,-3.1455488204956055,0.0001
8347.1357421875,725.09,1027812,1055780.25,9.031854629516602,9411,-57842.6125,109,2288,256927,-1.1490159034729004,0.0001
10229.2265625,702.95,1031740,630747.125,9.048956871032715,9449,-59621.0125,109,2292,257909,-0.8422849178314209,0.0001
10820.9228515625,713.49,1035740,1908501.5,8.976858139038086,9486,-57726.6125,109,2296,258909,2.260019302368164,0.0001
11722.845703125,719.24,1037560,591089.0625,8.879572868347168,9504,-56884.2125,109,2300,259364,2.9412872791290283,0.0001
12788.4345703125,715.1,1039300,1276788.125,8.763924598693848,9520,-57842.7125,109,2304,259799,3.1389498710632324,0.0001
10913.7900390625,719.83,1042032,963413.0,8.653111457824707,9546,-57990.3625,109,2308,260482,2.779726028442383,0.0001
10326.392578125,733.88,1046032,800128.875,8.542413711547852,9583,-55131.1625,109,2312,261482,0.673011064529419,0.0001
10303.0625,725.91,1049256,1802282.0,8.497485160827637,9613,-57051.2625,109,2316,262288,-1.065179705619812,0.0001
11866.1943359375,710.54,1051308,1640197.375,8.814255714416504,9633,-58897.3625,109,2320,262801,-6.992657661437988,0.0001
8568.916015625,693.72,1053104,1943613.75,9.09158992767334,9649,-60728.9625,109,2324,263250,-7.865041732788086,0.0001
12932.666015625,695.88,1056880,1427732.0,9.503755569458008,9684,-59602.1375,109,2328,264194,-6.773540496826172,0.0001
13418.79296875,693.27,1060880,1552581.875,9.744744300842285,9722,-59430.575,109,2332,265194,-3.2636055946350098,0.0001
11778.240234375,694.14,1064880,1922819.25,9.888788223266602,9759,-58439.375,109,2336,266194,-2.6765663623809814,0.0001
11531.9345703125,694.14,1068880,848764.5,10.061500549316406,9797,-58339.375,109,2340,267194,-2.200948476791382,0.0001
12790.80078125,682.0,1070364,663152.125,10.121915817260742,9811,-59116.225,109,2344,267565,-0.42161962389945984,0.0001
12940.953125,669.82,1074276,1097029.875,10.146571159362793,9848,-61994.125,109,2348,268543,-0.32784220576286316,0.0001
13358.255859375,668.46,1076656,1467760.75,10.141105651855469,9870,-61980.525,109,2352,269138,0.06665122509002686,0.0001
11741.3046875,666.21,1080248,2973101.75,9.981749534606934,9903,-62957.925,109,2356,270036,1.6602296829223633,0.0001
10039.2919921875,659.49,1082472,675395.375,9.889010429382324,9924,-62790.725,109,2360,270592,1.0681204795837402,0.0001
11198.390625,659.37,1085832,792353.8125,9.722651481628418,9956,-64789.325,109,2364,271432,0.25026077032089233,0.0001
11547.232421875,685.75,1089832,945942.1875,9.606069564819336,9993,-61154.875,109,2368,272432,0.7537811398506165,0.0001
10555.69921875,685.62,1092804,513691.1875,9.542085647583008,10021,-60153.675,109,2372,273175,1.303115963935852,0.0001
10240.8671875,698.48,1095852,822064.0,9.519965171813965,10050,-58282.475,109,2376,273937,1.008060097694397,0.0001
11868.65234375,725.97,1099092,10728984.0,9.41158390045166,10080,-56557.575,109,2380,274747,1.2745757102966309,0.0001
13323.78125,750.0,1102720,765225.125,9.26480770111084,10114,-53698.175,109,2384,275654,0.6078581809997559,0.0001
11699.984375,779.35,1106720,2980955.0,9.12960147857666,10151,-50991.975,109,2388,276654,0.013729870319366455,0.0001
12338.4921875,793.46,1109352,818698.4375,9.10099983215332,10176,-50031.15,109,2392,277312,-0.20781975984573364,0.0001
12155.4921875,791.22,1113352,1197374.875,9.318092346191406,10214,-52008.55,109,2396,278312,-0.9499624967575073,0.0001
13633.05078125,778.75,1115368,943548.5,9.520334243774414,10233,-53883.65,108,2400,278816,-0.9580211043357849,0.0001
10430.3056640625,784.51,1118216,1049880.125,9.624966621398926,10259,-52840.15,108,2404,279528,-1.1177024841308594,0.0001
11475.775390625,797.77,1120752,780802.25,9.723226547241211,10283,-49973.05,108,2408,280162,-0.9585250616073608,0.0001
9561.0634765625,791.74,1124752,814110.5,9.90535831451416,10321,-50912.65,108,2412,281162,-0.06067553162574768,0.0001
10753.5947265625,792.55,1128568,1197785.75,10.12234115600586,10357,-51920.65,108,2416,282116,-0.09125223755836487,0.0001
10917.943359375,810.61,1132568,1044160.0,9.925416946411133,10394,-50101.45,108,2420,283116,1.715414047241211,0.0001
11183.4267578125,826.87,1136568,552723.1875,9.571430206298828,10432,-48162.225,108,2424,284116,1.5879981517791748,0.0001
11845.44921875,825.17,1139524,1549813.875,9.181057929992676,10459,-48293.75,108,2428,284855,3.3185055255889893,0.0001
12687.181640625,821.92,1141712,791982.0625,8.908373832702637,10480,-49508.1,108,2432,285402,3.5912909507751465,0.0001
12764.1953125,816.61,1145712,595409.375,8.638721466064453,10517,-50454.9,108,2436,286402,0.9358029365539551,0.0001
10949.916015625,816.61,1149712,598107.125,8.480727195739746,10555,-50454.9,108,2440,287402,1.9451534748077393,0.0001
14204.4765625,824.54,1153152,731355.9375,8.280396461486816,10587,-49635.95,108,2444,288262,0.37802356481552124,0.0001
10628.66015625,836.72,1157152,694749.375,8.169428825378418,10625,-46758.05,108,2448,289262,2.402893543243408,0.0001
13217.30078125,831.99,1159868,1001179.0,7.955501556396484,10650,-47710.65,108,2452,289941,1.7862073183059692,0.0001
13261.08203125,841.41,1163868,572157.0625,7.507288932800293,10688,-45805.05,108,2456,290941,4.072913646697998,0.0001
14204.724609375,825.87,1165148,930024.25,7.380188941955566,10700,-46749.55,108,2460,291261,3.797403573989868,0.0001
12923.7255859375,803.07,1166888,702910.0625,7.221692085266113,10716,-47521.45,108,2464,291696,3.859039306640625,0.0001
15537.982421875,791.45,1169956,761529.125,6.991656303405762,10745,-49405.05,108,2468,292463,2.191260814666748,0.0001
12215.765625,795.22,1170888,602365.0,6.937215805053711,10754,-49342.75,108,2472,292696,1.2399044036865234,0.0001
11215.544921875,799.03,1174888,659875.8125,6.828587055206299,10791,-49380.85,108,2476,293696,0.9546748399734497,0.0001
14908.93359375,797.42,1178776,2055447.25,7.016134262084961,10828,-49364.75,108,2480,294668,-8.223180770874023,0.0001
14261.4921875,786.87,1181948,1685467.25,7.360677719116211,10857,-51259.05,108,2484,295461,-4.813415050506592,0.0001
13887.87890625,787.51,1185948,651791.625,7.548585414886475,10895,-50265.55,108,2488,296461,-1.9296557903289795,0.0001
13468.5927734375,780.47,1187360,876582.6875,7.580948829650879,10908,-50197.175,108,2492,296814,-1.659787893295288,0.0001
10902.83203125,773.17,1190992,1514881.0,7.618580341339111,10942,-49124.275,108,2496,297722,-2.982529640197754,0.0001
10159.392578125,774.13,1192632,1015123.25,7.701321125030518,10958,-48133.975,108,2500,298132,-3.244311571121216,0.0001
16168.9130859375,767.58,1196052,938038.125,7.744362831115723,10990,-49169.575,108,2504,298987,2.025494337081909,0.0001
11930.53515625,772.63,1200052,715925.125,7.729732513427734,11027,-48220.175,108,2508,299987,0.1029883325099945,0.0001
10691.8125,771.81,1202772,1077984.5,7.6578779220581055,11053,-48211.975,108,2512,300667,2.443019390106201,0.0001
12804.060546875,771.76,1205064,667541.5625,7.576568126678467,11074,-46111.675,108,2516,301240,1.0720452070236206,0.0001
13670.3544921875,772.54,1209064,792550.8125,7.52208948135376,11111,-45119.575,108,2520,302240,-0.693507194519043,0.0001
12870.5,775.42,1213064,577921.5,7.486527919769287,11148,-44250.5,108,2524,303240,1.747422695159912,0.0001
11960.75,781.19,1217064,357735.625,7.172756195068359,11185,-44208.2,108,2528,304240,3.9901905059814453,0.0001
11156.55078125,779.83,1219888,470746.53125,7.00493049621582,11212,-44093.4,108,2532,304946,0.7915561199188232,0.0001
15099.986328125,763.83,1222656,477600.875,6.915075778961182,11238,-45933.2,108,2536,305638,-0.5469397902488708,0.0001
12432.7265625,748.31,1225000,507543.96875,6.852588653564453,11260,-49877.6,108,2540,306224,1.9669239521026611,0.0001
13336.6435546875,736.93,1226656,741023.25,6.768899917602539,11275,-51663.6,108,2544,306638,2.7353410720825195,0.0001
18082.83984375,717.62,1228968,746413.6875,6.766636371612549,11297,-55470.1,108,2548,307216,-6.265191078186035,0.0001
14160.0859375,705.93,1230476,915545.375,6.884952545166016,11311,-56052.5,108,2552,307593,-4.433406352996826,0.0001
15007.63671875,681.57,1232264,1672016.875,6.982790470123291,11328,-58508.6,108,2556,308040,-0.48921120166778564,0.0001
14571.669921875,694.05,1234452,498853.1875,7.0165934562683105,11348,-59527.9,108,2560,308587,0.6681897044181824,0.0001
12342.0390625,713.91,1237640,787581.125,7.049490928649902,11378,-57626.7,108,2564,309384,-0.9187355637550354,0.0001
14373.2548828125,725.53,1241640,1053889.875,7.099042892456055,11415,-55743.1,108,2568,310384,-0.8417699337005615,0.0001
12742.955078125,731.61,1245640,698906.125,7.32232666015625,11453,-54904.0,108,2572,311384,-2.3488802909851074,0.0001
10870.4501953125,730.13,1249464,1690982.75,7.730607986450195,11488,-54789.2,108,2576,312340,-13.306805610656738,0.0001
15540.05078125,731.61,1252260,1098128.5,8.039280891418457,11514,-53804.1,108,2580,313039,-4.299472808837891,0.0001
15552.0078125,743.02,1256100,1092317.0,8.12789535522461,11550,-52018.4,108,2584,313999,-0.3411034643650055,0.0001
15692.68359375,730.03,1259024,691547.375,8.089446067810059,11578,-54783.025,108,2588,314730,0.7127631902694702,0.0001
14008.201171875,740.49,1262156,817231.5,8.004979133605957,11607,-53987.725,108,2592,315513,0.958794355392456,0.0001
15905.5791015625,737.71,1264332,793115.75,7.943364143371582,11627,-54959.825,108,2596,316057,2.3071279525756836,0.0001
13874.9921875,742.23,1267024,641174.375,7.781187057495117,11652,-54887.775,108,2600,316730,2.9344372749328613,0.0001
27059.0078125,742.29,1268592,18349300.0,7.679445266723633,11667,-53776.175,108,2604,317122,-4.062976837158203,0.0001
12459.80078125,706.13,1269200,3513208.0,7.729345798492432,11673,-57414.175,108,2608,317274,-4.847763538360596,0.0001
10289.40234375,674.63,1269564,2030936.875,7.767185688018799,11676,-60098.875,108,2612,317365,-4.381404876708984,0.0001
17672.3359375,646.17,1269716,3036672.0,7.780985355377197,11678,-62913.975,108,2616,317403,-4.90822172164917,0.0001
13481.8896484375,608.02,1270040,1672657.75,7.814891338348389,11681,-66532.075,108,2620,317484,-4.833019256591797,0.0001
10515.1767578125,570.1,1270324,3231014.0,7.844503402709961,11683,-70152.475,108,2624,317555,-5.826544761657715,0.0001
17756.109375,544.81,1271028,2069577.0,7.907101154327393,11690,-71999.375,108,2628,317731,-4.48464298248291,0.0001
14960.1376953125,540.45,1275024,1199348.25,8.2030029296875,11727,-72603.48333332999,108,2632,318730,-3.3478024005889893,0.0001
13724.8564453125,553.55,1277132,859352.875,8.283360481262207,11747,-71734.58333333001,108,2636,319257,-2.8075153827667236,0.0001
15434.5205078125,535.33,1278392,12158612.0,8.340544700622559,11759,-71552.38333333,108,2640,319572,-3.339925765991211,0.0001
16348.017578125,534.29,1279564,1119751.0,8.388957023620605,11769,-71541.98333333,108,2644,319865,-1.6291515827178955,0.0001
16314.36328125,543.39,1283564,972533.0,8.490478515625,11807,-69633.18333333,108,2648,320865,-0.9113669991493225,0.0001
17095.884765625,552.6,1286220,1581427.25,8.576410293579102,11832,-70025.88333333,108,2652,321529,-2.3740172386169434,0.0001
14545.650390625,558.33,1287244,1395836.625,8.625972747802734,11841,-69383.28333333001,108,2656,321785,-1.1476126909255981,0.0001
15799.25390625,573.47,1291244,1641199.125,8.837620735168457,11879,-65640.48333333,108,2660,322785,-2.5430490970611572,0.0001
13015.15234375,584.08,1295244,1681676.625,9.063434600830078,11916,-63846.78333333001,108,2664,323785,-1.9596465826034546,0.0001
17056.43359375,582.9,1299244,1294719.5,9.180444717407227,11953,-64834.883333330006,108,2668,324785,0.4632028341293335,0.0001
14680.791015625,581.18,1303020,3118939.5,9.092461585998535,11988,-63817.78333333001,108,2672,325729,-0.4252917170524597,0.0001
18581.56640625,575.32,1307020,1704810.125,9.201038360595703,12025,-63759.18333333,108,2676,326729,-0.12025512754917145,0.0001
15141.525390625,582.56,1311020,1479767.0,9.386332511901855,12063,-62831.68333333,108,2680,327729,-0.7296662330627441,0.0001
16422.46875,588.94,1315020,897248.875,9.428155899047852,12100,-61895.58333333,108,2684,328729,0.018841326236724854,0.0001
15938.001953125,589.54,1317096,748352.125,9.350666046142578,12119,-60905.05833333,108,2688,329248,1.368006944656372,0.0001
17034.37890625,594.4,1321096,1444598.75,8.905547142028809,12156,-59953.758333330006,108,2692,330248,3.592855453491211,0.0001
17077.333984375,605.82,1325096,419703.25,8.35422420501709,12193,-58965.133333330006,108,2696,331248,6.139266014099121,0.0001
19108.89453125,618.26,1329096,4646261.5,7.989663600921631,12231,-57206.983333330005,108,2700,332248,-0.5919542908668518,0.0001
20501.701171875,633.31,1333096,4048603.5,8.017324447631836,12268,-55369.983333330005,108,2704,333248,-0.19798684120178223,0.0001
26271.14453125,651.4,1334180,1397789.75,8.043542861938477,12278,-54550.983333330005,108,2708,333519,0.5474883317947388,0.0001
21512.572265625,664.01,1336064,828858.875,8.06315803527832,12295,-54577.08333333,108,2712,333990,1.1992522478103638,0.0001
17441.9921875,699.68,1340064,1362115.0,7.9358229637146,12332,-50811.008333330006,108,2716,334990,3.9234282970428467,0.0001
15944.982421875,728.61,1342448,616105.875,7.76030158996582,12355,-49100.508333330006,108,2720,335586,4.464438438415527,0.0001
18077.08203125,736.42,1343244,667863.875,7.704995632171631,12362,-49078.233333330005,108,2724,335785,1.7075529098510742,0.0001
15168.8291015625,731.35,1344012,647907.0625,7.6540632247924805,12369,-50027.43333333,108,2728,335977,3.895158290863037,0.0001
17418.46484375,746.43,1348012,588687.0625,7.3340654373168945,12406,-47631.925,108,2732,336977,5.0770792961120605,0.0001
15572.19140625,752.33,1352012,657260.75,6.991037845611572,12444,-46590.05,108,2736,337977,4.813412189483643,0.0001
16481.65234375,780.07,1356012,418020.15625,6.725554943084717,12481,-44767.65,108,2740,338977,5.120195388793945,0.0001
19571.6953125,797.48,1360012,582235.25,6.437186241149902,12519,-42042.05,108,2744,339977,5.329006671905518,0.0001
20956.05078125,799.84,1362768,2180692.0,6.2617363929748535,12545,-42850.475,108,2748,340666,3.254192352294922,0.0001
16776.076171875,808.86,1366064,989794.0,6.223747253417969,12576,-41940.775,108,2752,341490,-0.2031535804271698,0.0001
18982.578125,821.89,1370064,596563.9375,6.165162086486816,12613,-40071.275,108,2756,342490,3.148715019226074,0.0001
17722.712890625,821.89,1374064,522864.875,5.947158336639404,12650,-40071.275,108,2760,343490,5.352187156677246,0.0001
19464.6171875,821.89,1378064,2067487.125,5.731213569641113,12688,-39971.275,108,2764,344490,2.595752716064453,0.0001
16900.84765625,823.07,1382064,447316.875,5.602193832397461,12725,-38783.175,108,2768,345490,3.784750461578369,0.0001
21171.8515625,825.23,1385960,491720.84375,5.406499862670898,12761,-38804.775,108,2772,346464,4.837952613830566,0.0001
17619.55078125,833.37,1389960,929343.6875,5.147037506103516,12799,-37986.275,108,2776,347464,6.924747467041016,0.0001
17130.666015625,833.37,1393960,334904.75,4.918132781982422,12836,-37986.275,108,2780,348464,7.202980041503906,0.0001
15966.58203125,833.37,1397960,239762.0625,4.706143379211426,12873,-37986.275,108,2784,349464,5.142375469207764,0.0001
18563.6328125,829.26,1399996,1928476.125,4.644959926605225,12892,-38046.975,108,2788,349973,-1.3476018905639648,0.0001
15152.751953125,811.25,1401960,576456.75,4.681331157684326,12910,-39765.1,108,2792,350464,-1.0175758600234985,0.0001
17019.953125,805.86,1405660,330969.625,4.649989604949951,12945,-39714.125,108,2796,351389,1.369293451309204,0.0001
20351.95703125,805.86,1409660,371733.78125,4.516834735870361,12982,-39714.125,108,2800,352389,4.995617866516113,0.0001
19387.0234375,810.04,1413660,206082.15625,4.323943138122559,13020,-38856.025,108,2804,353389,6.894103527069092,0.0001
20163.90234375,826.55,1417660,355900.90625,4.114076614379883,13057,-37021.325,108,2808,354389,7.663617134094238,0.0001
19122.90234375,842.18,1421456,150152.40625,3.9461958408355713,13092,-35077.825,108,2812,355338,7.488392353057861,0.0001
19228.60546875,836.66,1425456,3209013.5,3.784123420715332,13129,-36045.7,108,2816,356338,6.497227668762207,0.0001
19374.27734375,845.88,1429456,195049.15625,3.6357107162475586,13167,-34138.1,108,2820,357338,7.879518985748291,0.0001
19679.126953125,869.39,1430816,119196.6875,3.587491750717163,13179,-31473.875,108,2824,357678,7.514062881469727,0.0001
17036.92578125,895.97,1434816,211105.328125,3.4543094635009766,13217,-28639.975,108,2828,358678,8.243212699890137,0.0001
20088.787109375,879.56,1437892,171660.875,3.360701560974121,13245,-31275.575,108,2832,359447,6.673418998718262,0.0001
19400.25390625,878.36,1441232,124617.1875,3.271822452545166,13278,-32364.45,108,2836,360282,5.57197904586792,0.0001
18102.615234375,884.36,1445232,225581.1875,3.1732492446899414,13320,-30524.65,108,2840,361282,5.2460174560546875,0.0001
19433.6875,875.54,1447292,686008.75,3.130317449569702,13341,-31436.35,108,2844,361797,4.571792125701904,0.0001
16583.16796875,873.62,1451160,546063.6875,3.0699121952056885,13382,-29632.425,108,2848,362764,3.954223155975342,0.0001
18292.80859375,863.02,1454544,460842.6875,3.0102715492248535,13417,-29526.425,108,2852,363610,3.0228447914123535,0.0001
19300.7734375,865.21,1457656,1086357.875,2.981717109680176,13450,-30548.225,108,2856,364388,-1.1812388896942139,0.0001
13552.0234375,855.48,1459792,2692010.25,3.0098133087158203,13471,-33350.625,108,2860,364922,-3.331838607788086,0.0001
18702.189453125,838.31,1461556,1182061.75,3.0493338108062744,13490,-37178.525,108,2864,365363,-3.2580301761627197,0.0001
18890.28515625,824.93,1464684,1463913.375,3.1884803771972656,13522,-41244.325,108,2868,366145,-8.437786102294922,0.0001
19593.623046875,819.44,1468684,577976.25,3.2965731620788574,13563,-42189.325,108,2872,367145,-3.8343515396118164,0.0001
21014.7109375,809.86,1469980,521237.625,3.320145845413208,13577,-43093.425,108,2876,367469,-2.312931537628174,0.0001
16330.169921875,800.66,1473952,5247340.0,3.378709554672241,13619,-44001.325,108,2880,368462,-1.7326674461364746,0.0001
21148.7578125,791.04,1476852,507931.53125,3.411837339401245,13649,-45904.925,108,2884,369187,-2.442047595977783,0.0001
21294.041015625,795.2,1480724,1032169.875,3.470038890838623,13690,-46946.425,108,2888,370155,-1.8590052127838135,0.0001
20104.470703125,797.07,1481812,518923.875,3.4797680377960205,13701,-47066.7,108,2892,370427,-2.07858943939209,0.0001
20161.1796875,783.78,1483824,2906213.0,3.5203542709350586,13722,-48933.6,108,2896,370930,-1.4867844581604004,0.0001
17737.8359375,766.8,1485584,963264.5,3.551595687866211,13740,-51763.5,108,2900,371370,-2.342205762863159,0.0001
21227.951171875,742.88,1487460,786405.25,3.5662777423858643,13760,-55523.9,108,2904,371839,0.11617472022771835,0.0001
20442.763671875,714.71,1488724,8465154.0,3.5735549926757812,13772,-58141.9,108,2908,372155,-1.2928892374038696,0.0001
19450.224609375,694.69,1489292,551744.8125,3.577183485031128,13778,-59940.15,108,2912,372297,-0.8118546009063721,0.0001
19473.15625,673.35,1490128,681126.0625,3.5771329402923584,13787,-62685.5,108,2916,372506,0.9464695453643799,0.0001
23893.78125,644.65,1491848,2502685.25,3.57258677482605,13805,-66398.1,108,2920,372936,-2.469475269317627,0.0001
16887.15234375,628.84,1494208,622546.125,3.6477785110473633,13828,-69239.7,108,2924,373526,-2.7367124557495117,0.0001
19419.33203125,611.56,1494720,897077.0,3.664921760559082,13834,-72166.6,108,2928,373654,-3.8653080463409424,0.0001
23715.265625,590.39,1494888,1120961.25,3.6710562705993652,13836,-73154.8,108,2932,373696,-3.4600040912628174,0.0001
18473.177734375,557.38,1495308,811128.25,3.686788558959961,13840,-74824.5,108,2936,373801,-3.077116012573242,0.0001
19539.466796875,519.16,1495616,6246625.0,3.6968536376953125,13843,-78441.9,108,2940,373878,-4.448741436004639,0.0001
17208.19921875,491.35,1495748,776343.1875,3.7010741233825684,13845,-81163.5,108,2944,373911,-3.306488037109375,0.0001
17523.16015625,462.35,1495876,1299979.125,3.7056236267089844,13846,-83873.2,108,2948,373943,-4.518199920654297,0.0001
20210.67578125,437.87,1496004,1751344.875,3.710592031478882,13847,-85628.2,108,2952,373975,-4.3999528884887695,0.0001
19676.22265625,403.71,1496148,699671.1875,3.7160990238189697,13849,-87286.4,108,2956,374011,-3.4558804035186768,0.0001
20791.37890625,375.13,1496380,5374784.0,3.7240047454833984,13851,-88100.5,108,2960,374069,-3.943282127380371,0.0001
19324.546875,358.31,1497916,4356137.0,3.7732322216033936,13867,-88032.3,108,2964,374453,-3.2509055137634277,0.0001
18071.19921875,358.42,1500676,862355.375,3.866685390472412,13896,-87033.5,107,2968,375143,-3.489656925201416,0.0001
20660.439453125,358.15,1503204,962584.5,3.9440371990203857,13922,-87030.8,107,2972,375775,-3.7290406227111816,0.0001
21330.251953125,346.42,1504808,5311768.0,3.9944214820861816,13938,-88913.3,107,2976,376176,-5.5898871421813965,0.0001
20060.4765625,348.09,1508372,1134431.0,4.240634918212891,13975,-89929.9,107,2980,377067,-9.89028263092041,0.0001
26362.27734375,337.53,1510500,6358264.0,4.3396382331848145,13997,-90724.2,107,2984,377599,-8.562808990478516,0.0001
17311.0,345.59,1514500,3747089.5,4.5131049156188965,14036,-88805.0,107,2988,378599,-9.266340255737305,0.0001
28523.48828125,353.69,1516372,10562492.0,4.6131696701049805,14054,-87886.1,107,2992,379067,-12.149896621704102,0.0001
22418.921875,355.68,1518540,5387042.0,4.728810787200928,14075,-88805.9,107,2996,379609,-11.650163650512695,0.0001
23935.22265625,366.38,1522528,1856235.875,4.896554946899414,14112,-87813.0,107,3000,380606,-8.786422729492188,0.0001
20329.974609375,390.17,1526528,2679764.0,5.039842128753662,14150,-84951.2,107,3004,381606,-5.209348201751709,0.0001
20661.828125,404.51,1529104,4305695.0,5.128267765045166,14174,-83094.8,107,3008,382250,-8.591680526733398,0.0001
20382.9453125,420.62,1532160,1846108.5,5.263430118560791,14203,-81457.45,107,3012,383014,-9.141788482666016,0.0001
18935.9453125,425.9,1533188,2124002.0,5.307028293609619,14212,-80542.6,107,3016,383271,-9.35360336303711,0.0001
22231.482421875,436.96,1536788,881583.3125,5.4622721672058105,14246,-79653.3,107,3020,384171,-6.369983673095703,0.0001
20503.6796875,459.37,1540788,969846.3125,5.599808216094971,14284,-75877.8,107,3024,385171,-7.050690650939941,0.0001
23050.708984375,482.57,1544788,797216.875,5.693592548370361,14321,-72110.2,107,3028,386171,-1.5415887832641602,0.0001
21606.791015625,514.11,1547980,445047.0625,5.718841552734375,14351,-71325.7,107,3032,386969,-0.05190500617027283,0.0001
22158.17578125,550.24,1551980,620603.625,5.679081916809082,14388,-68687.3,107,3036,387969,2.03025484085083,0.0001
25423.30078125,579.25,1554116,759193.8125,5.630873680114746,14408,-65977.7,107,3040,388503,2.2143959999084473,0.0001
21225.11328125,578.96,1555348,320207.28125,5.600047588348389,14419,-65974.8,107,3044,388811,3.7511653900146484,0.0001
20167.4765625,602.61,1557280,669671.6875,5.552638053894043,14437,-65011.4,107,3048,389294,2.95011830329895,0.0001
25983.08203125,630.51,1559980,1669470.5,5.511013984680176,14463,-63190.6,107,3052,389969,-0.1321270763874054,0.0001
25562.91015625,654.02,1563268,2405085.0,5.63571310043335,14493,-61425.9,107,3056,390791,-7.081553936004639,0.0001
22765.587890625,689.32,1566980,835163.875,5.727689266204834,14528,-59679.1,107,3060,391719,-0.9261310696601868,0.0001
18566.46875,720.36,1570980,602407.0,5.785849094390869,14565,-56789.8,107,3064,392719,-0.7048953771591187,0.0001
19790.423828125,715.71,1572100,5691433.0,5.788936138153076,14576,-55642.65,107,3068,392999,-0.31130003929138184,0.0001
23719.34375,711.08,1574792,771120.4375,5.796976566314697,14601,-56466.7,107,3072,393672,0.2539771795272827,0.0001
24288.12890625,718.29,1577152,900271.125,5.71265172958374,14623,-55438.9,107,3076,394262,3.1725945472717285,0.0001
25966.6953125,722.31,1581076,1793959.75,5.503368854522705,14659,-54479.2,107,3080,395243,2.1499996185302734,0.0001
25290.87109375,741.46,1585076,557953.125,5.363862037658691,14697,-52770.9,107,3084,396243,5.369275093078613,0.0001
23477.9609375,728.84,1587352,442589.9375,5.216312885284424,14718,-54544.05,107,3088,396812,4.853569030761719,0.0001
25785.765625,719.07,1588632,1116888.75,5.130602836608887,14730,-56446.15,107,3092,397132,2.721376657485962,0.0001
24833.84375,719.54,1591352,775054.5,5.051816463470459,14755,-55550.95,107,3096,397812,1.0745763778686523,0.0001
26329.38671875,718.55,1594408,1726469.25,5.083657264709473,14784,-55641.05,107,3100,398576,-3.3276867866516113,0.0001
19073.79296875,690.47,1594968,673794.4375,5.109023571014404,14789,-58459.95,107,3104,398716,-4.025918960571289,0.0001
19028.27734375,668.67,1595176,1522494.75,5.121147632598877,14791,-60341.75,107,3108,398768,-5.100975036621094,0.0001
20188.8359375,645.57,1595508,2238970.0,5.142037868499756,14794,-62110.55,107,3112,398851,-3.50270414352417,0.0001
23887.09375,637.1,1597472,776365.9375,5.21026086807251,14812,-63032.0875,107,3116,399342,-2.7072198390960693,0.0001
26076.49609375,647.13,1600880,3786784.5,5.292740821838379,14844,-61998.1875,107,3120,400194,-1.8009653091430664,0.0001
24927.71484375,633.79,1603256,841486.0,5.36082124710083,14866,-63864.5875,107,3124,400788,-2.2078659534454346,0.0001
25517.5859375,626.73,1606836,1822397.875,5.382267951965332,14900,-64793.8875,107,3128,401683,-1.287014365196228,0.0001
21405.9609375,632.77,1610836,2587380.75,5.520318508148193,14937,-61840.6375,107,3132,402683,-5.387170791625977,0.0001
22486.76953125,622.46,1613572,615459.1875,5.665696620941162,14962,-62737.4375,107,3136,403367,-1.126120686531067,0.0001
22394.484375,629.68,1617572,347763.375,5.6666364669799805,15000,-63809.5375,107,3140,404367,1.6391692161560059,0.0001
23698.5390625,666.6,1621572,447903.6875,5.4381585121154785,15037,-60079.1375,107,3144,405367,2.937235116958618,0.0001
22344.1640625,671.36,1624576,850022.5,5.256863117218018,15065,-59326.8375,107,3148,406118,3.1865358352661133,0.0001
24052.841796875,681.71,1628380,482285.625,5.048220634460449,15101,-58430.4375,107,3152,407069,5.007372856140137,0.0001
24081.9140625,688.41,1631608,1514051.5,4.869086265563965,15131,-58497.4375,107,3156,407876,5.109020233154297,0.0001
25209.984375,691.42,1635608,1527340.25,4.662270545959473,15168,-56627.7375,107,3160,408876,3.2663021087646484,0.0001
25512.009765625,674.51,1637480,544512.1875,4.64557409286499,15186,-58658.4375,107,3164,409344,0.2553956210613251,0.0001
24869.833984375,675.93,1640736,525846.375,4.60516881942749,15216,-58673.3875,107,3168,410158,1.214361548423767,0.0001
15401.8828125,687.83,1644060,1111366.75,4.580955982208252,15247,-56922.1375,107,3172,410989,-2.967919111251831,0.0001
25844.4609375,697.91,1648060,2157275.5,4.88154935836792,15284,-57122.9375,107,3176,411989,-6.583728313446045,0.0001
24561.279296875,701.42,1652060,1527230.5,5.137790203094482,15321,-56158.1375,107,3180,412989,-12.785816192626953,0.0001
23962.619140625,695.6,1653756,916206.375,5.2528533935546875,15337,-56099.9375,107,3184,413413,-10.782175064086914,0.0001
25470.54296875,688.2,1656956,664203.3125,5.455210208892822,15367,-56126.3875,107,3188,414213,-6.823917865753174,0.0001
26456.490234375,697.92,1658120,572774.0,5.485857009887695,15378,-54223.7875,107,3192,414504,-4.987612247467041,0.0001
25792.939453125,688.83,1660364,663198.625,5.527764320373535,15399,-55232.7875,107,3196,415065,0.9120578169822693,0.0001
24715.21484375,676.01,1661956,514259.9375,5.526437759399414,15414,-56104.4875,107,3200,415463,1.831525206565857,0.0001
25449.01171875,694.1,1665720,233872.15625,5.477781295776367,15449,-54285.5875,107,3204,416404,2.8742592334747314,0.0001
26005.099609375,724.47,1668400,1758236.625,5.429718494415283,15474,-51589.5875,107,3208,417074,2.241664171218872,0.0001
24016.775390625,750.26,1671212,397171.53125,5.373988628387451,15500,-51847.4875,107,3212,417777,3.1385605335235596,0.0001
24314.390625,766.18,1673840,541020.375,5.3296799659729,15525,-51109.15,107,3216,418434,3.5272045135498047,0.0001
27177.150390625,759.25,1677148,663961.8125,5.202333927154541,15556,-52073.0,107,3220,419261,3.2607293128967285,0.0001
24701.2421875,751.61,1678444,571612.375,5.164035320281982,15568,-52680.525,107,3224,419585,4.035429954528809,0.0001
23959.533203125,745.75,1682304,952265.4375,5.012939929962158,15604,-53401.505,107,3228,420550,4.841670989990234,0.0001
25960.0,730.94,1683108,650370.375,4.986194610595703,15611,-55367.155,107,3232,420751,2.200775623321533,0.0001
25798.89453125,721.81,1685516,440061.0,4.889039039611816,15634,-57075.655,107,3236,421353,3.960683822631836,0.0001
26193.50390625,714.23,1688488,2383065.5,4.779292583465576,15661,-56899.855,107,3240,422096,1.7152690887451172,0.0001
22042.5078125,694.93,1689996,2740081.75,4.769433975219727,15675,-59806.555,107,3244,422473,0.9102321863174438,0.0001
23854.58984375,668.41,1690296,852324.375,4.768458843231201,15678,-61541.155,107,3248,422548,0.0853121429681778,0.0001
29730.96875,638.89,1691916,1937778.0,4.777575969696045,15693,-64345.655,107,3252,422953,-1.156708002090454,0.0001
26389.97265625,624.48,1692792,2867384.25,4.804539680480957,15701,-66101.355,107,3256,423172,-7.257437705993652,0.0001
24390.1328125,606.96,1695268,650109.625,4.9321393966674805,15724,-69925.755,107,3260,423791,-4.103245735168457,0.0001
26941.330078125,598.54,1697668,1133056.5,5.001101970672607,15747,-70841.455,107,3264,424391,-3.6765074729919434,0.0001
28069.8515625,586.9,1698436,12900882.0,5.0337066650390625,15754,-72824.855,107,3268,424583,-2.5391006469726562,0.0001
22894.32421875,565.01,1699084,651542.3125,5.06256628036499,15760,-74505.755,107,3272,424745,-5.368429660797119,0.0001
23333.625,534.03,1699688,668590.25,5.097280979156494,15766,-76195.755,107,3276,424896,-4.997124671936035,0.0001
24940.1328125,503.18,1700228,4530910.5,5.124110221862793,15771,-79886.855,107,3280,425031,-3.9427950382232666,0.0001
27757.12109375,492.67,1704228,1074620.625,5.276627540588379,15808,-81681.555,107,3284,426031,-3.4148526191711426,0.0001
25881.125,509.01,1707616,973201.1875,5.397943496704102,15839,-79845.155,107,3288,426878,-3.816242218017578,0.0001
25043.74609375,500.73,1708656,1177253.625,5.440917015075684,15849,-80762.255,107,3292,427138,-2.5279862880706787,0.0001
27244.0546875,501.81,1710024,533532.75,5.489891052246094,15862,-79773.155,107,3296,427480,-3.89003324508667,0.0001
24581.658203125,502.18,1712568,756045.0,5.558271884918213,15885,-80776.755,107,3300,428116,-1.9854992628097534,0.0001
24253.265625,512.3,1716568,857204.875,5.556604385375977,15923,-78878.155,107,3304,429116,-0.18190798163414001,0.0001
25284.08984375,505.5,1718956,813427.25,5.556848526000977,15945,-79810.055,107,3308,429713,-1.568676233291626,0.0001
24174.05859375,495.93,1720128,7172198.0,5.575126647949219,15956,-78614.455,107,3312,430006,-4.258084297180176,0.0001
25650.427734375,482.39,1721776,725452.0,5.674763202667236,15971,-79478.955,107,3316,430418,-3.3862547874450684,0.0001
24069.255859375,477.08,1723832,565858.125,5.769833564758301,15990,-80526.805,107,3320,430932,-2.082084894180298,0.0001
24891.119140625,497.3,1727832,797446.75,5.718341827392578,16028,-79045.18,107,3324,431932,3.5167627334594727,0.0001
28584.380859375,504.84,1731832,3552915.0,5.53055477142334,16065,-79140.725,107,3328,432932,1.7778735160827637,0.0001
27268.240234375,503.89,1734764,612894.625,5.518248558044434,16093,-80131.125,107,3332,433665,0.5840499401092529,0.0001
19783.142578125,510.4,1737388,12014130.0,5.5564866065979,16117,-79396.325,107,3336,434321,-6.600144863128662,0.0001
30548.53125,495.15,1738272,2635637.5,5.672191143035889,16125,-81143.625,107,3340,434542,-7.500805854797363,0.0001
29349.96484375,497.03,1740796,11774784.0,5.9423627853393555,16149,-81162.425,107,3344,435173,-15.1502685546875,0.0001
25535.060546875,515.67,1741968,18068932.0,6.068844318389893,16160,-81348.825,107,3348,435466,-14.88528823852539,0.0001
28758.4375,511.69,1742840,864775.875,6.153186798095703,16168,-81309.025,107,3352,435684,-15.334840774536133,0.0001
27542.900390625,530.04,1746544,1085894.625,6.3894877433776855,16203,-80592.625,107,3356,436610,-4.866233825683594,0.0001
27440.54296875,543.16,1750544,864684.875,6.5203728675842285,16240,-77724.125,107,3360,437610,-3.839184045791626,0.0001
26668.86328125,555.33,1752796,755353.25,6.564578056335449,16261,-77744.025,107,3364,438173,-0.28384724259376526,0.0001
25635.103515625,572.41,1756060,542119.375,6.5793328285217285,16292,-75915.025,107,3368,438989,0.24237430095672607,0.0001
24988.82421875,580.15,1757400,618751.125,6.57949161529541,16304,-76891.275,107,3372,439324,0.9074639678001404,0.0001
25703.73046875,588.72,1758380,1510948.625,6.571980953216553,16313,-76874.65,107,3376,439569,1.3365669250488281,0.0001
22593.044921875,600.0,1761880,654801.125,6.5778703689575195,16346,-75987.55,107,3380,440444,-0.28263410925865173,0.0001
24996.6640625,606.51,1765812,1342327.0,6.517684459686279,16383,-76152.65,107,3384,441427,3.444486141204834,0.0001
28360.3984375,608.7,1767680,1518082.0,6.455938339233398,16400,-77174.45,107,3388,441894,4.420145034790039,0.0001
26786.11328125,618.28,1770024,437215.3125,6.344419479370117,16422,-77270.25,107,3392,442480,4.287642955780029,0.0001
26606.5078125,608.62,1770352,688344.75,6.324655055999756,16425,-78173.55,107,3396,442562,5.036279201507568,0.0001
25522.67578125,591.55,1770620,522733.78125,6.30883264541626,16427,-78002.85,107,3400,442629,5.427879810333252,0.0001
30961.98828125,557.22,1771584,4501642.0,6.237184047698975,16436,-81659.15,107,3404,442870,5.038668632507324,0.0001
29181.71484375,539.11,1772344,3414988.5,6.189764976501465,16444,-83477.85,107,3408,443060,5.43073844909668,0.0001
27817.265625,528.72,1773408,1157690.75,6.1340718269348145,16454,-84473.85,107,3412,443326,1.1523149013519287,0.0001
25692.634765625,536.02,1776052,689608.625,6.046874046325684,16478,-84446.85,107,3416,443987,2.8389172554016113,0.0001
27637.607421875,546.32,1779532,499897.0625,5.873330593109131,16511,-82448.85,107,3420,444857,5.58906364440918,0.0001
27331.408203125,541.86,1783268,410772.84375,5.653373718261719,16546,-82281.45,107,3424,445791,4.756641864776611,0.0001
26546.36328125,543.97,1785972,1671295.5,5.521757125854492,16571,-82222.7,107,3428,446467,4.639880180358887,0.0001
25598.734375,547.86,1788344,402002.5625,5.4328389167785645,16593,-81261.7,107,3432,447060,4.453795433044434,0.0001
26544.3828125,560.63,1792344,6981443.0,5.247614860534668,16631,-79266.65,107,3436,448060,3.1922519207000732,0.0001
27088.3671875,563.99,1795852,327656.625,5.101101398468018,16664,-78500.35,107,3440,448937,3.5599467754364014,0.0001
25165.021484375,571.79,1797156,502933.90625,5.055408477783203,16676,-77372.0,107,3444,449263,3.822768211364746,0.0001
24080.859375,573.19,1801156,497198.125,4.937406063079834,16713,-76386.1,107,3448,450263,2.3507347106933594,0.0001
24843.07421875,598.53,1803180,360474.0625,4.869899272918701,16732,-73485.8,107,3452,450769,4.434162139892578,0.0001
26015.2734375,602.92,1807180,547662.625,4.7317070960998535,16769,-71271.25,107,3456,451769,2.50278902053833,0.0001
27147.2421875,599.72,1810788,275707.65625,4.632578372955322,16802,-71072.05,107,3460,452671,3.6177868843078613,0.0001
26679.41796875,615.83,1814788,320697.90625,4.45172119140625,16840,-67043.55,107,3464,453671,4.391750812530518,0.0001
26719.697265625,623.23,1817548,245252.84375,4.309830188751221,16866,-66959.2,107,3468,454361,4.843893051147461,0.0001
26242.16796875,636.7,1821500,267128.09375,4.1429948806762695,16902,-64132.925,107,3472,455349,3.7410826683044434,0.0001
26458.591796875,656.14,1825196,192065.3125,3.9952216148376465,16937,-62154.925,107,3476,456273,4.430376052856445,0.0001
26320.353515625,675.71,1829196,306325.375,3.8438150882720947,16974,-59350.925,107,3480,457273,4.261795997619629,0.0001
25246.12109375,686.56,1833196,169143.28125,3.6958444118499756,17011,-56148.5,107,3484,458273,5.089870452880859,0.0001
25013.44140625,687.22,1837196,258021.71875,3.5548722743988037,17048,-55155.2,107,3488,459273,5.384982109069824,0.0001
24851.40625,688.14,1839896,193029.515625,3.4575440883636475,17073,-55061.925,107,3492,459948,5.646287441253662,0.0001
25621.177734375,703.98,1841736,415515.0625,3.403184175491333,17091,-55120.325,107,3496,460408,2.5276782512664795,0.0001
25891.669921875,740.77,1845736,174628.59375,3.3384711742401123,17128,-51116.705,107,3500,461408,2.0086021423339844,0.0001
24742.6796875,775.1,1849736,234764.9375,3.242748498916626,17165,-47460.405,107,3504,462408,3.567234992980957,0.0001
23486.234375,806.83,1853736,109952.15625,3.1297502517700195,17202,-43778.105,107,3508,463408,5.37327766418457,0.0001
24738.6015625,813.3,1855464,284605.09375,3.0753650665283203,17219,-42506.305,107,3512,463840,4.371786117553711,0.0001
24792.0703125,833.67,1859464,393687.25,2.97235369682312,17256,-38646.355,107,3516,464840,3.2361233234405518,0.0001
23733.265625,835.03,1863464,212253.125,2.883702039718628,17293,-37761.255,107,3520,465840,3.1522889137268066,0.0001
24165.623046875,840.25,1867464,227793.34375,2.809443712234497,17330,-36936.355,107,3524,466840,2.152017831802368,0.0001
25109.1796875,840.24,1871156,221962.0,2.7421858310699463,17365,-36049.48,107,3528,467763,2.0644078254699707,0.0001
25057.5625,852.11,1875156,517250.15625,2.6657819747924805,17402,-33824.605,107,3532,468763,1.9580411911010742,0.0001
24920.6328125,844.36,1877660,166726.28125,2.6255180835723877,17425,-33627.905,107,3536,469389,2.2580201625823975,0.0001
23316.755859375,865.82,1881660,142244.46875,2.547516107559204,17462,-30394.605,107,3540,470389,2.510194778442383,0.0001
22047.22265625,867.92,1883744,320884.0,2.5023269653320312,17481,-30178.93,107,3544,470910,2.1920008659362793,0.0001
26567.8515625,849.86,1884284,1411301.625,2.4948296546936035,17486,-30896.13,107,3548,471045,1.4129801988601685,0.0001
24203.669921875,821.8,1884636,711314.8125,2.489995241165161,17490,-33769.23,107,3552,471133,1.7475647926330566,0.0001
23380.919921875,809.55,1887100,458938.625,2.475775718688965,17513,-35905.18,107,3556,471749,-1.320908546447754,0.0001
22687.015625,786.15,1889432,398795.75,2.4901132583618164,17534,-38838.08,107,3560,472332,0.5008247494697571,0.0001
23609.75390625,783.22,1893432,330853.125,2.478689670562744,17572,-40100.48,107,3564,473332,0.10399749875068665,0.0001
22260.39453125,786.88,1897432,267800.5625,2.4445419311523438,17609,-38295.63,107,3568,474332,1.2267024517059326,0.0001
23833.97265625,792.32,1901432,269936.09375,2.35758113861084,17647,-38512.355,107,3572,475332,1.4529446363449097,0.0001
22791.482421875,799.31,1905432,184746.21875,2.2687883377075195,17684,-36592.28,107,3576,476332,1.3933618068695068,0.0001
23346.6796875,795.68,1908704,505225.28125,2.2021543979644775,17715,-38555.78,107,3580,477150,2.1401822566986084,0.0001
23419.8046875,791.6,1911800,229452.796875,2.1629061698913574,17743,-39826.105,107,3584,477924,1.0265414714813232,0.0001
23742.4140625,792.45,1915800,310938.21875,2.1460156440734863,17781,-39834.605,107,3588,478924,0.11347445100545883,0.0001
23105.060546875,798.32,1919800,709825.0,2.0959322452545166,17818,-37826.83,107,3592,479924,0.02895907312631607,0.0001
21230.625,811.06,1923800,519361.5,2.1042652130126953,17855,-34893.93,107,3596,480924,-0.3645004332065582,0.0001
22042.83203125,801.94,1925928,2766589.5,2.1692018508911133,17875,-38008.35,107,3600,481456,-4.120194435119629,0.0001
25274.423828125,782.95,1928112,1004036.0,2.2616233825683594,17895,-41718.05,107,3604,482002,-3.7237138748168945,0.0001
25079.84765625,782.95,1932112,649123.75,2.3838093280792236,17933,-41718.05,107,3608,483002,-4.188726425170898,0.0001
22953.3515625,807.77,1936112,161760.40625,2.467237710952759,17970,-39303.15,107,3612,484002,-2.768857479095459,0.0001
24811.640625,780.21,1937680,267815.78125,2.4920127391815186,17984,-42191.3,107,3616,484394,-2.4602136611938477,0.0001
22945.833984375,773.66,1939912,576090.5625,2.5186095237731934,18005,-43125.7,107,3620,484952,-1.4394207000732422,0.0001
24588.44140625,771.13,1943912,352412.78125,2.5335052013397217,18043,-44100.3,107,3624,485952,-0.42433789372444153,0.0001
22393.79296875,752.82,1944940,347978.875,2.5329837799072266,18052,-46083.9,107,3628,486209,0.2635330557823181,0.0001
22821.50390625,735.47,1947292,310856.0625,2.531444787979126,18074,-49253.875,107,3632,486797,-0.18856936693191528,0.0001
23181.63671875,735.49,1950676,339023.125,2.5329911708831787,18106,-51496.025,107,3636,487643,-0.5441935062408447,0.0001
22875.99609375,729.92,1953516,305456.25,2.546262741088867,18133,-53888.325,107,3640,488353,-0.928564190864563,0.0001
23011.501953125,737.44,1957516,190348.84375,2.5579075813293457,18170,-52406.85,107,3644,489353,-0.1295953094959259,0.0001
22427.646484375,772.34,1961516,239289.5625,2.5518529415130615,18207,-48858.35,107,3648,490353,0.1252811998128891,0.0001
21559.09375,809.05,1965516,188231.703125,2.5734751224517822,18245,-45225.85,107,3652,491353,0.20389217138290405,0.0001
22376.4296875,820.04,1969316,301488.875,2.624295711517334,18280,-43335.95,107,3656,492303,-1.4949854612350464,0.0001
21536.7421875,850.83,1973316,331372.34375,2.6673853397369385,18317,-40644.15,107,3660,493303,0.8587561845779419,0.0001
20146.94140625,853.76,1977316,113358.28125,2.616973400115967,18354,-39673.55,107,3664,494303,0.7305832505226135,0.0001
20559.41796875,853.76,1981316,172511.4375,2.528764486312866,18392,-39673.55,107,3668,495303,0.5891274809837341,0.0001
22376.974609375,854.48,1985316,813354.5625,2.4429006576538086,18429,-39680.75,107,3672,496303,0.275576114654541,0.0001
20269.326171875,854.48,1989316,293109.25,2.418520927429199,18467,-39945.85,107,3676,497303,0.7978280782699585,0.0001
20549.98046875,858.11,1993316,91803.40625,2.325432777404785,18504,-37982.35,107,3680,498303,1.05753755569458,0.0001
20958.6953125,862.19,1997316,366244.15625,2.232952117919922,18541,-37023.25,107,3684,499303,1.3046696186065674,0.0001
