train/actor_loss,rollout/ep_len_mean,time/total_timesteps,train/critic_loss,train/ent_coef,time/time_elapsed,rollout/ep_rew_mean,time/fps,time/episodes,train/n_updates,train/ent_coef_loss,train/learning_rate
-5.082820415496826,42.25,176,102343696.0,0.9994987845420837,1,-97912.5,168,4,18,-0.00411998201161623,0.0001
-14.166109085083008,34.875,284,468481856.0,0.9985882043838501,2,-99088.75,137,8,45,-0.01275165006518364,0.0001
-15.23766040802002,30.0,364,273194368.0,0.9978729486465454,2,-99456.66666666667,130,12,65,-0.018981995061039925,0.0001
-20.844160079956055,30.3125,496,234063232.0,0.9967394471168518,4,-99668.125,123,16,98,-0.029660683125257492,0.0001
-13.843503952026367,32.95,692,382533184.0,0.9950850009918213,5,-99819.5,118,20,147,-0.047029897570610046,0.0001
1.0739779472351074,35.583333333333336,880,272711104.0,0.9934475421905518,7,-99508.125,116,24,194,-0.06035822629928589,0.0001
2.6581802368164062,36.67857142857143,1100,187557376.0,0.9916788935661316,9,-98911.33928571429,115,28,249,-0.0700671523809433,0.0001
-3.729999303817749,37.8125,1288,350657152.0,0.9901820421218872,11,-99103.359375,113,32,296,-0.07931705564260483,0.0001
-10.888646125793457,38.166666666666664,1500,272919360.0,0.9886349439620972,13,-99247.43055555556,111,36,349,-0.07925045490264893,0.0001
-10.45113468170166,41.609756097560975,1712,116972240.0,0.987254798412323,15,-98419.62398373171,109,40,402,-0.08842673897743225,0.0001
-11.444700241088867,40.54545454545455,1824,116635408.0,0.9864283204078674,16,-98544.42234847728,108,44,430,-0.09553639590740204,0.0001
-15.231851577758789,39.142857142857146,1928,272675008.0,0.9857640862464905,17,-98719.27721087757,107,48,456,-0.09910240769386292,0.0001
-15.55357551574707,38.23076923076923,2024,155522784.0,0.9851056337356567,18,-98806.04967948078,107,52,480,-0.10450289398431778,0.0001
-10.656907081604004,37.160714285714285,2108,388865152.0,0.9845255017280579,19,-98907.22470237501,107,56,501,-0.10376979410648346,0.0001
-17.671276092529297,36.233333333333334,2212,78193072.0,0.9837921261787415,20,-98994.90972221667,106,60,527,-0.10607022047042847,0.0001
-19.74846649169922,35.4375,2300,272291200.0,0.983231246471405,21,-99071.79036457813,106,64,549,-0.10074270516633987,0.0001
-21.96918296813965,34.61764705882353,2380,271550816.0,0.982683539390564,22,-99138.44975489707,107,68,569,-0.10804146528244019,0.0001
-18.58628273010254,34.02777777777778,2476,156395200.0,0.9820643663406372,23,-99199.09143518057,107,72,593,-0.10756021738052368,0.0001
-22.079465866088867,33.46052631578947,2564,155406880.0,0.9815357327461243,23,-99252.95504385527,107,76,615,-0.10730620473623276,0.0001
-20.622562408447266,32.7875,2640,311012160.0,0.9810194969177246,24,-99299.80729166251,107,80,634,-0.10248848795890808,0.0001
-21.629863739013672,32.273809523809526,2736,310699072.0,0.9804392457008362,25,-99343.14980158333,107,84,658,-0.10336132347583771,0.0001
-23.38216781616211,31.727272727272727,2816,420666336.0,0.9800171256065369,26,-99381.7566287841,107,88,678,-0.10658137500286102,0.0001
-25.65185546875,31.27173913043478,2892,660541824.0,0.979539155960083,26,-99417.44112318479,107,92,697,-0.10579397529363632,0.0001
-22.225627899169922,30.802083333333332,2976,426678720.0,0.9790835976600647,27,-99449.63107638543,107,96,718,-0.10164935886859894,0.0001
-20.117420196533203,30.19,3064,271219456.0,0.978641152381897,28,-99477.44583333,107,100,740,-0.0992930680513382,0.0001
-23.701095581054688,29.56,3156,232974848.0,0.9781586527824402,29,-99571.14583333001,107,104,763,-0.09427036345005035,0.0001
-13.965376853942871,29.53,3268,348854368.0,0.9776310920715332,30,-99570.84583333001,107,108,791,-0.0996619313955307,0.0001
-28.771177291870117,29.63,3348,348616736.0,0.977228581905365,31,-99571.84583333001,107,112,811,-0.0826645940542221,0.0001
-26.271766662597656,29.26,3432,426308480.0,0.9768370389938354,31,-99568.14583333001,107,116,832,-0.09585356712341309,0.0001
-36.97752380371094,28.44,3560,271232256.0,0.9762890934944153,33,-99559.94583333,107,120,864,-0.08900485932826996,0.0001
-37.63069152832031,27.38,3676,348461312.0,0.9758051037788391,34,-99650.39583333001,107,124,893,-0.07746995985507965,0.0001
-33.952125549316406,27.19,3764,232198080.0,0.975508451461792,34,-99749.39583333001,107,128,915,-0.04490194842219353,0.0001
-33.04609680175781,26.14,3844,309616064.0,0.9752530455589294,35,-99738.89583333001,107,132,935,-0.031647760421037674,0.0001
-37.642494201660156,25.35,3928,541139392.0,0.9750559329986572,36,-99730.99583333,107,136,956,-0.03726627677679062,0.0001
-34.815208435058594,24.08,4008,116047064.0,0.9748891592025757,37,-99923.2,107,140,976,-0.027726246044039726,0.0001
-33.9260368347168,22.87,4088,426221504.0,0.974768340587616,37,-100115.925,107,144,996,-0.025911882519721985,0.0001
-36.08120346069336,22.56,4168,619422720.0,0.9746496677398682,38,-100112.825,107,148,1016,-0.015045272186398506,0.0001
-35.66731262207031,22.41,4244,270521088.0,0.9745481014251709,39,-100111.325,107,152,1035,-0.0214805006980896,0.0001
-32.20414733886719,22.3,4324,347516736.0,0.9744348526000977,40,-100110.225,107,156,1055,-0.023365527391433716,0.0001
-39.219505310058594,22.15,4404,301211840.0,0.9743261337280273,40,-100108.725,107,160,1075,-0.02522265538573265,0.0001
-42.77019119262695,21.97,4480,540836480.0,0.9742445349693298,41,-100106.925,107,164,1094,-0.007844651117920876,0.0001
-44.9473876953125,21.92,4564,462718976.0,0.9741787314414978,42,-100106.425,107,168,1115,-0.010339017026126385,0.0001
-44.668968200683594,21.83,4648,346879776.0,0.9741443395614624,43,-100105.525,107,172,1136,0.01599600911140442,0.0001
-44.77490234375,21.75,4740,231270208.0,0.9741449952125549,43,-100104.725,107,176,1159,0.022635288536548615,0.0001
-43.045677185058594,21.86,4824,306934400.0,0.9741785526275635,44,-100105.825,107,180,1180,0.026996945962309837,0.0001
-47.45749282836914,21.81,4904,499858240.0,0.9742125272750854,45,-100105.325,107,184,1200,0.012301990762352943,0.0001
-38.96582794189453,21.9,5008,191425536.0,0.9743086099624634,46,-100106.225,107,188,1226,0.03912222385406494,0.0001
-47.20258331298828,22.26,5164,345691008.0,0.9745495319366455,47,-100109.825,107,192,1265,0.0472688227891922,0.0001
-45.86425018310547,22.78,5272,499636352.0,0.9747606515884399,48,-100115.025,107,196,1292,0.0380047969520092,0.0001
-47.41780090332031,23.23,5428,345736576.0,0.9750677943229675,50,-100119.525,107,200,1331,0.0277184396982193,0.0001
-42.47785186767578,23.75,5544,345187136.0,0.9752796292304993,51,-100124.725,107,204,1360,0.04574818164110184,0.0001
-44.21931457519531,23.65,5676,305969856.0,0.9754834771156311,52,-100123.725,107,208,1393,0.02164568193256855,0.0001
-33.75509262084961,23.82,5848,343239936.0,0.9756776690483093,54,-100125.425,107,212,1436,0.03654208779335022,0.0001
-20.686691284179688,24.01,5992,229500112.0,0.9758279919624329,55,-100127.325,108,216,1472,-0.0038339225575327873,0.0001
-39.68429946899414,24.38,6152,303541120.0,0.975967288017273,56,-100131.025,107,220,1512,0.006844711489975452,0.0001
-19.23035430908203,25.27,6416,228639792.0,0.9761630892753601,59,-100139.925,108,224,1578,0.016268040984869003,0.0001
-31.33838653564453,25.24,6608,266564768.0,0.9764112234115601,61,-100242.4,108,228,1626,0.016319626942276955,0.0001
-22.997161865234375,25.92,6836,379840448.0,0.9768058657646179,63,-100249.2,108,232,1683,0.03887288272380829,0.0001
-36.614662170410156,27.03,7084,496947488.0,0.9773815274238586,65,-100159.55,108,236,1745,0.0369565449655056,0.0001
-15.656968116760254,28.31,7336,302078400.0,0.978002667427063,67,-100071.65,108,240,1808,0.03528199344873428,0.0001
-29.1522216796875,29.1,7596,188184592.0,0.9786966443061829,70,-100079.55,108,244,1873,0.03059650957584381,0.0001
-24.613658905029297,29.88,7736,377844736.0,0.9790734052658081,71,-100087.35,108,248,1908,0.027856798842549324,0.0001
-13.690884590148926,30.15,7940,419665280.0,0.9797555208206177,73,-100090.05,108,252,1959,0.04790536314249039,0.0001
-3.393498420715332,30.84,8116,258108992.0,0.9804973006248474,75,-100096.95,108,256,2003,0.04583363980054855,0.0001
-15.690374374389648,31.61,8364,190867472.0,0.9816768765449524,77,-100002.625,108,260,2065,0.057721905410289764,0.0001
9.708930015563965,41.78,9516,224775296.0,0.9889443516731262,87,-99104.425,108,264,2353,0.05153216794133186,0.0001
25.495264053344727,41.69,9804,225792304.0,0.9915047883987427,90,-99103.525,108,268,2425,0.04899054393172264,0.0001
46.671592712402344,41.58,10108,301598176.0,0.9946255087852478,93,-99102.425,108,272,2501,0.027746357023715973,0.0001
60.186038970947266,41.46,10400,260790464.0,0.9975538849830627,96,-99101.225,108,276,2574,0.013921793550252914,0.0001
23.515209197998047,41.32,10708,298300896.0,1.00082528591156,98,-99099.825,108,280,2651,-0.004664967302232981,0.0001
58.941131591796875,41.23,11004,222008928.0,1.0041786432266235,101,-99098.925,108,284,2725,-0.02452903613448143,0.0001
53.88666534423828,41.1,11312,222212848.0,1.0076543092727661,104,-99097.625,108,288,2802,-0.04728249832987785,0.0001
81.88507080078125,40.67,11624,336977344.0,1.0113766193389893,107,-99093.325,108,292,2880,-0.07270108163356781,0.0001
80.81499481201172,40.16,11948,299490496.0,1.0153945684432983,110,-99088.225,108,296,2961,-0.11731752753257751,0.0001
67.33554077148438,49.47,12176,299097248.0,1.0183161497116089,112,-98181.425,108,300,3018,-0.12565241754055023,0.0001
85.45700073242188,58.81,12364,258459664.0,1.0208882093429565,114,-97274.925,108,304,3065,-0.1614798903465271,0.0001
79.074462890625,58.58,12448,294584832.0,1.0220296382904053,115,-97272.625,108,308,3086,-0.1800258457660675,0.0001
81.38697814941406,68.06,12520,260579776.0,1.0230097770690918,115,-96367.525,108,312,3104,-0.15666861832141876,0.0001
58.88422393798828,67.72,12592,144468656.0,1.0239861011505127,116,-96364.125,108,316,3122,-0.19393539428710938,0.0001
48.89816665649414,67.22,12668,324940064.0,1.0249751806259155,117,-96359.125,108,320,3141,-0.20586319267749786,0.0001
85.6123046875,66.49,12796,291952352.0,1.026786208152771,118,-96351.825,108,324,3173,-0.2440534383058548,0.0001
58.99127197265625,66.23,12904,109372360.0,1.0282840728759766,119,-96349.225,108,328,3200,-0.22968266904354095,0.0001
78.20175170898438,65.59,12988,372232960.0,1.0294222831726074,120,-96342.825,108,332,3221,-0.21700993180274963,0.0001
83.84362030029297,64.5,13076,258186976.0,1.0305445194244385,120,-96432.675,108,336,3243,-0.24263222515583038,0.0001
108.04519653320312,63.2,13156,147133408.0,1.0316718816757202,121,-96520.375,108,340,3263,-0.305658221244812,0.0001
68.91496276855469,62.51,13240,219933200.0,1.0328483581542969,122,-96513.475,108,344,3284,-0.2869457006454468,0.0001
123.87123107910156,61.67,13316,145654944.0,1.0338395833969116,123,-96505.075,108,348,3303,-0.3128587007522583,0.0001
124.35720825195312,61.38,13388,334828512.0,1.0348310470581055,123,-96502.175,108,352,3321,-0.33905109763145447,0.0001
94.53060150146484,60.61,13464,146896288.0,1.035976529121399,124,-96494.475,108,356,3340,-0.2857416570186615,0.0001
91.53579711914062,59.84,13548,292453440.0,1.0370984077453613,125,-96588.8,108,360,3361,-0.2987123727798462,0.0001
125.0130615234375,49.67,13624,330750720.0,1.0380674600601196,126,-97487.0,108,364,3380,-0.3711998462677002,0.0001
82.11160278320312,49.79,13720,184000688.0,1.0393900871276855,126,-97488.2,108,368,3404,-0.3264181613922119,0.0001
122.740478515625,49.85,13852,407681664.0,1.0412626266479492,128,-97488.8,108,372,3437,-0.38176512718200684,0.0001
107.69698333740234,50.22,13932,330728512.0,1.042467713356018,128,-97492.5,108,376,3457,-0.382906436920166,0.0001
121.32596588134766,50.22,14012,217958816.0,1.0434869527816772,129,-97492.5,108,380,3477,-0.3880327045917511,0.0001
131.5969696044922,50.28,14092,329776064.0,1.0446785688400269,130,-97493.1,108,384,3497,-0.4317501187324524,0.0001
141.8509979248047,50.28,14168,149142880.0,1.0457005500793457,131,-97493.1,108,388,3516,-0.4753013849258423,0.0001
131.9909210205078,50.35,14288,219146208.0,1.047426700592041,132,-97493.8,107,392,3546,-0.4562676250934601,0.0001
124.4710693359375,50.92,14376,334080704.0,1.0488018989562988,133,-97499.5,107,396,3568,-0.4697139859199524,0.0001
86.31503295898438,41.17,14452,446813504.0,1.0498385429382324,133,-98401.9,107,400,3587,-0.4648912847042084,0.0001
83.53799438476562,31.26,14540,104513040.0,1.051043152809143,134,-99302.7,107,404,3609,-0.48227500915527344,0.0001
106.93389892578125,31.32,14620,216289440.0,1.0522315502166748,135,-99303.3,107,408,3629,-0.530081033706665,0.0001
136.64822387695312,21.52,14696,187172608.0,1.0532541275024414,136,-100205.2,107,412,3648,-0.5706163644790649,0.0001
139.97537231445312,21.68,14784,218662368.0,1.054653286933899,136,-100206.8,107,416,3670,-0.5826504230499268,0.0001
152.61373901367188,21.8,14880,294184736.0,1.0560394525527954,137,-100208.0,107,420,3694,-0.6021456122398376,0.0001
158.8133087158203,21.6,14964,219987456.0,1.0572205781936646,138,-100206.0,107,424,3715,-0.5658332705497742,0.0001
199.9189453125,21.15,15040,441472896.0,1.058209776878357,139,-100201.5,108,428,3734,-0.5695217847824097,0.0001
130.69284057617188,21.22,15120,296195584.0,1.0593583583831787,139,-100202.2,108,432,3754,-0.5543307065963745,0.0001
153.95289611816406,21.14,15196,330799104.0,1.060333251953125,140,-100201.4,108,436,3773,-0.6120249032974243,0.0001
114.29873657226562,21.15,15280,222184384.0,1.0614657402038574,141,-100201.5,108,440,3794,-0.5496171712875366,0.0001
129.92105102539062,21.06,15360,364195616.0,1.0625985860824585,142,-100200.6,108,444,3814,-0.6621865034103394,0.0001
92.3573989868164,21.08,15440,142148416.0,1.0635793209075928,142,-100200.8,108,448,3834,-0.6609702110290527,0.0001
138.40725708007812,21.11,15520,69898864.0,1.0647228956222534,143,-100201.1,108,452,3854,-0.6229212284088135,0.0001
101.48388671875,21.3,15616,252288768.0,1.066024899482727,144,-100203.0,108,456,3878,-0.6043347120285034,0.0001
104.2276611328125,21.59,15720,34264028.0,1.0674703121185303,145,-100205.9,108,460,3904,-0.6325982213020325,0.0001
138.12777709960938,21.71,15800,438100160.0,1.0684154033660889,146,-100207.1,108,464,3924,-0.6385118961334229,0.0001
102.06239318847656,21.68,15896,146837472.0,1.069650650024414,147,-100206.8,108,468,3948,-0.6641227602958679,0.0001
213.69644165039062,21.94,16136,479773568.0,1.0727370977401733,149,-100209.4,108,472,4008,-0.7532721161842346,0.0001
129.70068359375,22.21,16232,322340832.0,1.0739563703536987,150,-100212.1,108,476,4032,-0.6810016632080078,0.0001
127.41969299316406,22.36,16344,327770560.0,1.0754649639129639,151,-100213.6,108,480,4060,-0.7202353477478027,0.0001
173.36727905273438,22.45,16496,250971632.0,1.0772401094436646,152,-100214.5,108,484,4098,-0.722455620765686,0.0001
177.40756225585938,24.19,16580,218038128.0,1.0782546997070312,153,-100128.9,108,488,4119,-0.7920254468917847,0.0001
166.28109741210938,24.23,16668,516627840.0,1.0794360637664795,154,-100129.3,108,492,4141,-0.7377066612243652,0.0001
176.82933044433594,23.67,16752,106900904.0,1.080464482307434,155,-100123.7,108,496,4162,-0.7207787036895752,0.0001
188.68154907226562,23.77,16840,178871360.0,1.0814698934555054,155,-100124.7,108,500,4184,-0.710594892501831,0.0001
119.09825134277344,23.84,16924,142104896.0,1.0824719667434692,156,-100125.4,108,504,4205,-0.7745697498321533,0.0001
104.06373596191406,24.01,17012,400960448.0,1.0834558010101318,157,-100127.1,108,508,4227,-0.7785319685935974,0.0001
102.3134765625,24.69,17156,208010336.0,1.0851523876190186,158,-100133.9,108,512,4263,-0.8112976551055908,0.0001
106.97357177734375,25.06,17272,358087392.0,1.0865929126739502,159,-100037.3375,108,516,4292,-0.7723946571350098,0.0001
94.82899475097656,25.13,17368,356337344.0,1.0877461433410645,160,-100038.0375,108,520,4316,-0.829196035861969,0.0001
131.73745727539062,25.18,17460,71661568.0,1.0889060497283936,161,-100038.5375,108,524,4339,-0.7852821946144104,0.0001
137.904296875,25.19,17540,211405664.0,1.0897902250289917,162,-100038.6375,108,528,4359,-0.8546295166015625,0.0001
119.16049194335938,25.14,17624,208598352.0,1.0908229351043701,163,-100038.1375,108,532,4380,-0.8689900636672974,0.0001
151.13539123535156,25.23,17708,249348320.0,1.0918312072753906,163,-100039.0375,108,536,4401,-0.7550839781761169,0.0001
134.71156311035156,25.62,17860,246157760.0,1.0935965776443481,165,-100042.9375,108,540,4439,-0.7496811151504517,0.0001
132.86434936523438,25.92,17952,250281760.0,1.0946393013000488,166,-100045.9375,108,544,4462,-0.7528584003448486,0.0001
174.5194091796875,26.48,18104,396750208.0,1.0962132215499878,167,-100051.5375,108,548,4500,-0.870134711265564,0.0001
167.84303283691406,26.97,18296,315384512.0,1.098307490348816,169,-99955.5625,108,552,4548,-0.8720523118972778,0.0001
167.25357055664062,27.95,18412,206388688.0,1.0996346473693848,170,-99763.2625,108,556,4577,-0.786497175693512,0.0001
193.9674072265625,28.21,18692,283072384.0,1.102708339691162,173,-99664.6375,107,560,4647,-0.965680718421936,0.0001
181.49383544921875,29.41,18912,386069408.0,1.1053060293197632,175,-99676.6375,107,564,4702,-0.9868191480636597,0.0001
194.9025115966797,30.03,19084,388185600.0,1.1072946786880493,177,-99682.8375,107,568,4745,-0.9321142435073853,0.0001
186.01190185546875,30.69,19296,173028160.0,1.1098480224609375,179,-99689.4375,107,572,4798,-1.0869736671447754,0.0001
198.86434936523438,31.19,19644,138541872.0,1.1138485670089722,182,-99694.4375,107,576,4885,-1.059560775756836,0.0001
225.37490844726562,33.37,20148,172446688.0,1.1196277141571045,187,-99616.2375,107,580,5011,-1.2343018054962158,0.0001
242.2500457763672,34.86,20288,208756256.0,1.1212127208709717,188,-99631.1375,107,584,5046,-1.2345937490463257,0.0001
263.7207946777344,33.57,20416,311413824.0,1.1227891445159912,189,-99721.2375,107,588,5078,-1.1652764081954956,0.0001
236.31202697753906,33.85,20636,202758048.0,1.1253602504730225,192,-99724.0375,107,592,5133,-1.2282357215881348,0.0001
264.16510009765625,34.21,20756,205670304.0,1.1267943382263184,193,-99727.6375,107,596,5163,-1.2517973184585571,0.0001
223.32437133789062,34.54,20892,241357360.0,1.128499984741211,194,-99730.9375,107,600,5197,-1.3024101257324219,0.0001
217.14303588867188,35.57,21232,491573568.0,1.1324574947357178,197,-99540.1,107,604,5282,-1.2863619327545166,0.0001
234.69277954101562,36.53,21572,206901920.0,1.1364002227783203,200,-99549.7,107,608,5367,-1.2867910861968994,0.0001
269.6343078613281,36.48,21972,212888224.0,1.1411182880401611,203,-99147.0125,107,612,5467,-1.3685835599899292,0.0001
268.4527282714844,46.97,22544,418814976.0,1.1475961208343506,208,-98042.7375,107,616,5610,-1.4495402574539185,0.0001
312.73541259765625,47.5,22856,207933744.0,1.1510642766952515,211,-97744.7125,108,620,5688,-1.406019687652588,0.0001
349.83038330078125,48.04,23132,271530752.0,1.1540204286575317,213,-97346.35,108,624,5757,-1.3513628244400024,0.0001
327.5894470214844,48.59,23412,275480992.0,1.1569886207580566,216,-96949.225,108,628,5827,-1.3425852060317993,0.0001
355.6099853515625,49.36,23740,165653536.0,1.1603853702545166,218,-96552.2875,108,632,5909,-1.4766967296600342,0.0001
306.750244140625,50.01,24048,164023584.0,1.1636371612548828,221,-96153.7125,108,636,5986,-1.443502426147461,0.0001
291.14556884765625,50.5,24380,158015856.0,1.1671090126037598,224,-95752.225,108,640,6069,-1.3157978057861328,0.0001
311.80377197265625,50.99,24712,233584992.0,1.170735239982605,227,-95351.7875,108,644,6152,-1.448447823524475,0.0001
369.59027099609375,61.52,25112,270575296.0,1.1749740839004517,230,-93761.58183761,108,648,6252,-1.5563068389892578,0.0001
350.02874755859375,62.72,25504,64389896.0,1.179165005683899,233,-93666.93183761001,109,652,6350,-1.6798038482666016,0.0001
340.20849609375,72.44,25724,400921024.0,1.1814687252044678,235,-92574.36933761001,109,656,6405,-1.5305261611938477,0.0001
351.9198303222656,73.11,25908,235806448.0,1.183491826057434,237,-92373.63183761001,109,660,6451,-1.6194531917572021,0.0001
381.6756896972656,72.56,26156,233324256.0,1.1860322952270508,239,-92264.89433761,109,664,6513,-1.5555901527404785,0.0001
422.6584167480469,74.6,26480,309597376.0,1.1894670724868774,242,-91863.06933761001,109,668,6594,-1.6807379722595215,0.0001
453.0194091796875,76.02,26672,238063536.0,1.1915189027786255,244,-91458.71933761,109,672,6642,-1.6969490051269531,0.0001
394.80224609375,75.96,26984,257563824.0,1.1949357986450195,247,-91356.19433761001,109,676,6720,-1.886810302734375,0.0001
446.4941101074219,74.73,27244,258734112.0,1.1979188919067383,249,-91039.16933761,109,680,6785,-1.92665696144104,0.0001
449.80078125,74.76,27596,226755392.0,1.2019009590148926,252,-90730.28183761,109,684,6873,-1.9138263463974,0.0001
487.38037109375,75.74,27796,168349376.0,1.2042664289474487,254,-90531.76933761,109,688,6923,-1.7428700923919678,0.0001
501.4800720214844,76.71,28124,241944928.0,1.2079964876174927,257,-90236.56933761001,109,692,7005,-1.917943000793457,0.0001
480.70611572265625,77.76,28388,54084424.0,1.2110143899917603,259,-90038.58183761,109,696,7071,-1.9353747367858887,0.0001
428.640380859375,77.96,28592,190990848.0,1.213410496711731,261,-90040.58183761,109,700,7122,-2.0218515396118164,0.0001
479.67919921875,77.91,28832,401909888.0,1.2162107229232788,263,-90036.58183761,109,704,7182,-2.1226043701171875,0.0001
451.5272521972656,77.91,29052,116822432.0,1.2188994884490967,265,-89834.56933761001,109,708,7237,-2.0754730701446533,0.0001
506.3208312988281,83.96,29220,120916064.0,1.2208642959594727,267,-90144.66933761,109,712,7279,-2.161747932434082,0.0001
487.76202392578125,73.55,29324,162034464.0,1.222001314163208,268,-91247.64433761,109,716,7305,-2.1621828079223633,0.0001
491.693603515625,73.14,29456,291443232.0,1.2235866785049438,269,-91546.86933761001,109,720,7338,-2.348605155944824,0.0001
456.4543762207031,72.79,29576,250217088.0,1.2250527143478394,270,-91947.13183761001,109,724,7368,-2.4787182807922363,0.0001
576.7835693359375,72.79,29780,104233016.0,1.2275880575180054,272,-92148.35683761,109,728,7419,-2.3492698669433594,0.0001
580.29150390625,73.35,29928,113306552.0,1.229509711265564,273,-92451.59433761,109,732,7456,-2.4380123615264893,0.0001
513.02685546875,73.46,30100,126616112.0,1.2315744161605835,275,-92857.76933761,109,736,7499,-2.281933069229126,0.0001
480.703857421875,74.32,30356,129602608.0,1.2346640825271606,277,-92965.66933761,109,740,7563,-2.372462511062622,0.0001
435.3648681640625,75.21,30712,475302240.0,1.239129662513733,280,-93278.15683761,109,744,7652,-2.528860569000244,0.0001
545.8901977539062,65.9,30948,162852208.0,1.2421610355377197,283,-94771.9875,109,748,7711,-2.532100200653076,0.0001
480.3499450683594,65.46,31120,254559328.0,1.2442772388458252,284,-94975.1125,109,752,7754,-2.557168960571289,0.0001
632.6824951171875,55.3,31408,162119104.0,1.247902750968933,287,-96265.375,109,756,7826,-2.557115077972412,0.0001
691.8460083007812,59.26,33492,173340080.0,1.2735580205917358,306,-96509.35,109,760,8347,-2.7441534996032715,0.0001
747.6168212890625,68.01,34268,204762656.0,1.2830994129180908,313,-96395.8875,109,764,8541,-2.974945306777954,0.0001
684.674560546875,73.33,34532,158716880.0,1.2864162921905518,316,-96771.3125,109,768,8607,-2.9531774520874023,0.0001
698.8028564453125,74.04,34940,105835184.0,1.2915334701538086,319,-96993.025,109,772,8709,-3.141624689102173,0.0001
754.2783813476562,74.01,35188,82871344.0,1.2947368621826172,322,-96892.025,109,776,8771,-2.9761970043182373,0.0001
701.328369140625,82.52,35288,203981040.0,1.2959469556808472,323,-97381.85,109,780,8796,-3.1072311401367188,0.0001
747.293212890625,81.39,35416,116506704.0,1.2975908517837524,324,-97679.7375,109,784,8828,-3.185675621032715,0.0001
716.2989501953125,80.38,35568,156319488.0,1.2995249032974243,325,-97877.95,109,788,8866,-2.956479549407959,0.0001
725.8096923828125,79.57,35680,226561600.0,1.3008670806884766,326,-98174.75,109,792,8894,-3.1115410327911377,0.0001
721.952392578125,78.47,35780,87000576.0,1.3020691871643066,327,-98372.2375,109,796,8919,-3.1380667686462402,0.0001
743.7471923828125,78.78,36016,171991072.0,1.3050915002822876,329,-98274.9,109,800,8978,-3.4131951332092285,0.0001
730.1447143554688,78.61,36144,223130304.0,1.306779146194458,330,-98377.00833333,109,804,9010,-3.2508468627929688,0.0001
760.666259765625,78.01,36392,186243792.0,1.3098270893096924,333,-98472.23333333,109,808,9072,-3.3049983978271484,0.0001
859.394287109375,73.26,36864,76631776.0,1.3158109188079834,337,-98473.73333333,109,812,9190,-3.495084762573242,0.0001
733.1609497070312,72.9,37052,145180384.0,1.3180630207061768,339,-98572.49583333,109,816,9237,-3.3577306270599365,0.0001
794.8872680664062,74.96,37148,174192768.0,1.319276213645935,340,-98492.48333333,109,820,9261,-3.4551844596862793,0.0001
843.90771484375,74.75,37308,125475392.0,1.3213766813278198,341,-98490.38333333,109,824,9301,-3.2886228561401367,0.0001
860.2164306640625,74.25,37424,111928664.0,1.322706699371338,342,-98686.78333333001,109,828,9330,-3.21014404296875,0.0001
810.84375,73.14,37520,201316848.0,1.3238924741744995,343,-98782.68333333,109,832,9354,-3.3294477462768555,0.0001
837.3914184570312,72.36,37672,173602912.0,1.325831651687622,345,-98774.88333333,109,836,9392,-3.4601378440856934,0.0001
753.9171142578125,70.66,37768,105584768.0,1.3270376920700073,345,-99064.97083333001,109,840,9416,-3.341303586959839,0.0001
790.79345703125,68.99,37856,73152336.0,1.3280858993530273,346,-99150.02083333001,109,844,9438,-3.628187656402588,0.0001
863.4391479492188,67.22,38000,148366080.0,1.3298892974853516,348,-99240.89583333001,109,848,9474,-3.499325752258301,0.0001
893.5333251953125,70.25,38080,117147192.0,1.3309428691864014,348,-99271.19583333,109,852,9494,-3.656710147857666,0.0001
807.590576171875,69.6,38160,171992832.0,1.331992745399475,349,-99264.69583333,109,856,9514,-3.5447535514831543,0.0001
827.720458984375,64.46,38244,101731776.0,1.3330457210540771,350,-99317.58333333001,109,860,9535,-3.371565818786621,0.0001
756.7833251953125,54.99,38324,114634208.0,1.3339475393295288,351,-99527.08333333001,109,864,9555,-3.557494640350342,0.0001
917.7854614257812,46.99,38420,135464048.0,1.335159182548523,351,-99547.08333333001,109,868,9579,-3.48363995552063,0.0001
893.9263916015625,57.3,40300,176585792.0,1.3597187995910645,369,-99341.20416666001,109,872,10049,-4.164768695831299,0.0001
905.17822265625,62.8,41152,147418944.0,1.3713372945785522,377,-99598.82916666001,109,876,10262,-4.265227794647217,0.0001
1079.17041015625,58.32,42404,151704288.0,1.3888596296310425,388,-99251.66666666,109,880,10575,-4.727447032928467,0.0001
956.4202880859375,65.97,42784,119043904.0,1.3943248987197876,391,-99022.74444444,109,884,10670,-4.830219268798828,0.0001
1023.4208374023438,67.58,43108,74143544.0,1.3990023136138916,394,-98738.84444444001,109,888,10751,-5.0444135665893555,0.0001
938.599609375,68.41,43300,151290368.0,1.4017935991287231,396,-98747.14444444001,109,892,10799,-4.982656478881836,0.0001
1072.50048828125,78.65,43788,184193792.0,1.408949375152588,400,-98749.54444444,109,896,10921,-4.940004348754883,0.0001
1098.83203125,79.76,44028,68282936.0,1.4124456644058228,403,-98761.08194444001,109,900,10981,-5.104854583740234,0.0001
1114.0521240234375,80.68,44228,142585776.0,1.415226697921753,405,-98871.39861111,109,904,11031,-4.877159118652344,0.0001
1053.206787109375,83.25,44728,76012632.0,1.4225178956985474,409,-98496.74861111,109,908,11156,-5.101675033569336,0.0001
1089.85888671875,82.78,45116,178461568.0,1.4280716180801392,413,-98595.63611111,109,912,11253,-5.353829860687256,0.0001
1118.47021484375,88.38,45600,85017536.0,1.4351654052734375,417,-98551.63611111,109,916,11374,-5.453364849090576,0.0001
1163.5113525390625,90.69,46316,19582988.0,1.4454314708709717,424,-98575.34861111,109,920,11553,-5.631804943084717,0.0001
1217.5069580078125,97.52,47560,299331136.0,1.4641318321228027,435,-98321.07361111,109,924,11864,-6.0991530418396,0.0001
1356.735595703125,102.96,48228,95889264.0,1.4743001461029053,442,-98273.54861111,109,928,12031,-6.059182167053223,0.0001
1174.2967529296875,109.16,48696,95986896.0,1.4812843799591064,446,-98134.32361111,108,932,12148,-6.148795127868652,0.0001
1315.86572265625,117.74,49304,61705472.0,1.4899958372116089,452,-98220.12361111,108,936,12300,-6.180493354797363,0.0001
1401.091796875,121.21,49720,36678564.0,1.496116280555725,456,-97854.29027777999,108,940,12404,-6.560843467712402,0.0001
1563.096923828125,131.58,51720,123284224.0,1.5244022607803345,474,-97750.99027778,108,944,12904,-6.495623588562012,0.0001
1466.266845703125,139.74,52436,176984224.0,1.5346691608428955,481,-97410.19861111,108,948,13083,-7.040745735168457,0.0001
1552.5843505859375,142.88,53616,123721328.0,1.552073359489441,492,-97031.01111111,108,952,13378,-6.923702239990234,0.0001
1809.288330078125,158.39,54404,149409584.0,1.5635313987731934,499,-95878.37361111,108,956,13575,-6.799664497375488,0.0001
1594.797119140625,160.9,55116,44485576.0,1.574103593826294,505,-95396.64777778,108,960,13753,-7.236681938171387,0.0001
1754.7147216796875,164.77,55384,64916152.0,1.578012228012085,508,-95331.23527778,108,964,13820,-7.5931782722473145,0.0001
1715.5782470703125,167.78,56056,44970176.0,1.5880495309829712,514,-95156.78527778,108,968,13988,-7.641043663024902,0.0001
1665.1951904296875,159.38,56652,50641224.0,1.5970450639724731,519,-95160.21694444999,109,972,14137,-7.871041774749756,0.0001
1681.0111083984375,163.5,57288,105407160.0,1.606520175933838,525,-93997.75444445,109,976,14296,-8.070796966552734,0.0001
2079.208251953125,176.64,60452,36981272.0,1.6536412239074707,555,-94202.51000000998,108,980,15087,-8.49081802368164,0.0001
2113.951171875,188.85,61596,24598518.0,1.6713948249816895,565,-93528.46972222999,108,984,15373,-9.36445426940918,0.0001
2233.78173828125,208.99,64748,62146192.0,1.7204461097717285,594,-91680.98222222998,108,988,16161,-9.152305603027344,0.0001
2010.4334716796875,227.93,65808,72629696.0,1.7371125221252441,604,-89870.58222222999,108,992,16426,-9.509225845336914,0.0001
2057.45361328125,222.65,67276,28536212.0,1.7605431079864502,617,-89717.78222222999,108,996,16793,-10.069381713867188,0.0001
2167.47900390625,224.65,68452,2893796.5,1.7796227931976318,628,-89630.25722223,108,1000,17087,-10.373719215393066,0.0001
2113.1220703125,243.37,68976,47720724.0,1.7883187532424927,632,-87718.08222222999,108,1004,17218,-10.82796859741211,0.0001
2297.05126953125,246.15,71000,44492488.0,1.822772741317749,651,-87944.55222222999,108,1008,17724,-11.978641510009766,0.0001
2408.22412109375,248.34,71176,9750107.0,1.8259785175323486,653,-87966.45222222999,108,1012,17768,-11.823892593383789,0.0001
2373.92822265625,253.51,71812,14400527.0,1.83718740940094,659,-87118.25222222999,108,1016,17927,-11.64773178100586,0.0001
2470.5556640625,252.83,72588,37446376.0,1.8509976863861084,666,-87106.20222222999,108,1020,18121,-12.368498802185059,0.0001
2344.2099609375,259.74,73448,2765504.75,1.8663173913955688,674,-86392.98972222999,108,1024,18336,-12.814312934875488,0.0001
2502.8212890625,259.54,75496,2170711.5,1.9031628370285034,692,-86390.06472223,108,1028,18848,-13.011831283569336,0.0001
2542.93359375,283.57,77980,3024598.0,1.9471756219863892,715,-83631.88972223,108,1032,19469,-13.425910949707031,0.0001
2451.39404296875,299.36,79852,30324764.0,1.9797592163085938,733,-81488.67722223,108,1036,19937,-13.089152336120605,0.0001
2801.63232421875,307.81,80648,7509025.0,1.9934583902359009,741,-81526.54805556,108,1040,20136,-13.624213218688965,0.0001
2896.7158203125,302.31,81472,72992816.0,2.0078866481781006,748,-81274.26305555999,108,1044,20342,-13.763351440429688,0.0001
2910.86572265625,298.35,82348,1236659.375,2.023059129714966,756,-81342.26722223,108,1048,20561,-13.398382186889648,0.0001
2561.94140625,298.81,82896,61426268.0,2.032611608505249,761,-81612.47972223001,108,1052,20698,-13.6895751953125,0.0001
2787.8232421875,288.77,83732,1728089.5,2.0468478202819824,768,-82505.72972223001,108,1056,20907,-13.45047378540039,0.0001
2997.125244140625,292.76,84704,1297662.25,2.0633513927459717,777,-82929.18055556,108,1060,21150,-13.603275299072266,0.0001
3027.15234375,302.02,85292,1130965.375,2.0732581615448,782,-81731.40555556,109,1064,21297,-13.294099807739258,0.0001
2932.07958984375,303.45,85652,93717280.0,2.0793235301971436,785,-81639.31805556,109,1068,21387,-13.254354476928711,0.0001
2688.890625,302.43,86132,52074836.0,2.0874483585357666,790,-81848.04055556,108,1072,21507,-13.435039520263672,0.0001
2711.123291015625,295.84,86636,39364568.0,2.095964193344116,795,-82675.21555556,108,1076,21633,-12.880624771118164,0.0001
2877.29296875,281.34,87428,1560647.375,2.1095616817474365,803,-82451.1725,108,1080,21831,-13.513930320739746,0.0001
2867.513427734375,263.2,87908,6982518.0,2.117825508117676,807,-83269.8475,108,1084,21951,-13.680283546447754,0.0001
2703.627685546875,246.34,88168,59264800.0,2.1224026679992676,809,-85348.56,108,1088,22016,-13.658458709716797,0.0001
3301.23193359375,228.46,88624,31705240.0,2.1304073333740234,814,-87067.5475,108,1092,22130,-14.166851043701172,0.0001
3379.21728515625,226.55,89236,32617192.0,2.141165256500244,819,-86527.8225,108,1096,22283,-13.961530685424805,0.0001
3023.764404296875,225.7,89656,23511244.0,2.148547410964966,823,-86411.7975,108,1100,22388,-14.302499771118164,0.0001
3123.087646484375,220.01,92536,18773276.0,2.200622797012329,849,-87440.61,108,1104,23108,-15.13050365447998,0.0001
3259.2763671875,235.98,94092,1344329.625,2.22993540763855,863,-85802.19,108,1108,23497,-14.9144926071167,0.0001
3155.8154296875,245.19,94732,27409928.0,2.241896152496338,869,-84611.8775,108,1112,23657,-15.172725677490234,0.0001
2670.646484375,248.48,97352,2329052.5,2.2915725708007812,892,-85419.215,109,1116,24312,-15.854326248168945,0.0001
3290.70703125,269.59,99260,38562080.0,2.328676462173462,909,-83283.9525,109,1120,24789,-15.898917198181152,0.0001
3358.65966796875,269.54,100372,4934805.5,2.3503026962280273,920,-83282.5775,109,1124,25067,-15.811861991882324,0.0001
2919.34130859375,272.8,100792,33562884.0,2.35843563079834,923,-83100.7525,109,1128,25172,-15.764482498168945,0.0001
3335.813232421875,249.18,101948,1226292.25,2.3809807300567627,934,-85745.1775,109,1132,25461,-15.468278884887695,0.0001
3465.340087890625,245.24,104796,56744200.0,2.437603235244751,960,-86680.59416667,109,1136,26173,-15.835941314697266,0.0001
3077.64794921875,244.98,106156,1787556.25,2.4646799564361572,973,-87125.15666667,109,1140,26513,-16.13341522216797,0.0001
3350.425537109375,261.29,109056,2198238.0,2.523106098175049,999,-85692.74166667,109,1144,27238,-16.148000717163086,0.0001
3231.7138671875,273.71,109492,28810632.0,2.5318877696990967,1003,-84969.35416666999,109,1148,27347,-16.357254028320312,0.0001
3159.58154296875,281.64,111800,57158208.0,2.5782740116119385,1025,-83908.1625,109,1152,27924,-16.340335845947266,0.0001
3396.457763671875,306.02,113492,69051936.0,2.6123199462890625,1040,-82227.85416667,109,1156,28347,-15.817386627197266,0.0001
3792.197509765625,319.84,117164,57096832.0,2.6860556602478027,1074,-82361.76666667,108,1160,29265,-15.571767807006836,0.0001
3685.626953125,330.66,119392,40696520.0,2.732635021209717,1096,-81729.82916667,108,1164,29822,-15.862422943115234,0.0001
3845.19140625,349.43,122360,1290861.5,2.7973690032958984,1123,-79699.54583334,108,1168,30564,-17.444915771484375,0.0001
3602.82177734375,375.33,124600,68082496.0,2.848766565322876,1143,-76997.08333334,108,1172,31124,-17.34044647216797,0.0001
3415.168212890625,388.57,126360,1061339.5,2.8898088932037354,1159,-76223.78333334,108,1176,31564,-17.215911865234375,0.0001
3701.605224609375,408.8,129728,1161752.625,2.966265916824341,1190,-75363.18333334,108,1180,32406,-16.702926635742188,0.0001
3251.96630859375,432.5,130728,2518628.0,2.9892733097076416,1200,-73944.52083334,108,1184,32656,-16.334518432617188,0.0001
3848.17919921875,432.61,132208,1017991.375,3.0232067108154297,1213,-73311.27916666999,108,1188,33026,-16.32493019104004,0.0001
4030.2841796875,443.24,133280,25432898.0,3.047666549682617,1222,-72909.00833334,108,1192,33294,-16.472328186035156,0.0001
3496.677734375,441.97,133864,765198.8125,3.06115460395813,1228,-73616.93333334,108,1196,33440,-15.893054962158203,0.0001
3930.4443359375,441.45,134976,33651144.0,3.086810350418091,1238,-73824.30833334,108,1200,33718,-15.888298988342285,0.0001
4023.796875,446.65,136472,1007262.75,3.121074914932251,1251,-72472.35224359999,109,1204,34092,-15.703543663024902,0.0001
3930.70654296875,436.42,138624,23915856.0,3.1696293354034424,1270,-74250.6022436,109,1208,34630,-15.728190422058105,0.0001
3502.02099609375,423.7,138980,1482964.25,3.177666425704956,1273,-75405.8147436,109,1212,34719,-15.840229988098145,0.0001
3983.888916015625,429.06,139192,1042248.5625,3.1827335357666016,1275,-73361.6147436,109,1216,34772,-16.10935401916504,0.0001
3804.062744140625,404.04,139324,1008076.375,3.185875415802002,1277,-75563.02724360001,109,1220,34805,-15.882718086242676,0.0001
3800.463134765625,400.09,140668,1710874.5,3.2188727855682373,1289,-75629.3897436,109,1224,35141,-16.59962272644043,0.0001
3931.08935546875,391.87,141160,1541194.0,3.231266975402832,1293,-75864.46474360001,109,1228,35264,-16.91393280029297,0.0001
3986.7705078125,385.47,141632,35582008.0,3.2431955337524414,1298,-76119.5397436,109,1232,35382,-16.471261978149414,0.0001
3940.385498046875,394.5,143404,1466298.125,3.2886545658111572,1314,-74536.43557693,109,1236,35825,-16.740354537963867,0.0001
3488.876953125,422.0,147404,28408738.0,3.3989334106445312,1351,-70649.44807693,109,1240,36825,-17.67465591430664,0.0001
3521.06787109375,420.7,150288,2778660.75,3.4814813137054443,1377,-71636.34807693,109,1244,37546,-18.35934829711914,0.0001
3566.94384765625,405.41,151132,6020743.0,3.5051755905151367,1384,-72645.82307693,109,1248,37757,-17.741680145263672,0.0001
3612.489501953125,421.95,153760,737521.375,3.5779128074645996,1408,-70502.65224360001,109,1252,38414,-17.021366119384766,0.0001
3924.195556640625,413.69,156612,16612004.0,3.659717559814453,1435,-70658.44807693,109,1256,39127,-18.142620086669922,0.0001
3294.1435546875,424.42,159472,810141.6875,3.741086483001709,1461,-67652.22307693,109,1260,39842,-16.29761505126953,0.0001
3771.325927734375,421.83,160740,32806966.0,3.7765772342681885,1472,-68507.41057693,109,1264,40159,-16.678125381469727,0.0001
3644.20703125,400.82,161184,2253902.0,3.7891030311584473,1477,-70826.23141025999,109,1268,40270,-16.720012664794922,0.0001
3887.95654296875,372.93,161812,4469939.5,3.8072073459625244,1483,-73715.35641025999,109,1272,40427,-17.730316162109375,0.0001
3489.755615234375,368.49,164572,2969274.0,3.891899347305298,1508,-73887.34391026,109,1276,41117,-18.60509490966797,0.0001
3550.868896484375,364.93,165432,23577586.0,3.9189858436584473,1516,-73120.53141026,109,1280,41332,-18.068233489990234,0.0001
3630.758056640625,352.36,165812,29762956.0,3.930542230606079,1519,-73379.80641025999,109,1284,41427,-18.22951316833496,0.0001
3639.0732421875,376.61,169812,26100752.0,4.061103343963623,1556,-71358.52307693,109,1288,42427,-19.433616638183594,0.0001
3769.783203125,375.72,170616,29415088.0,4.088454723358154,1564,-70960.30641025999,109,1292,42628,-19.83322525024414,0.0001
3763.826416015625,385.01,172084,38901192.0,4.139458656311035,1579,-70749.70641026,108,1296,42995,-19.707733154296875,0.0001
3835.050048828125,399.8,174184,5637451.0,4.214191436767578,1598,-70878.81891026,108,1300,43520,-20.148883819580078,0.0001
3748.14697265625,418.93,178184,713346.75,4.3635573387146,1635,-69471.8375,108,1304,44520,-21.635677337646484,0.0001
3913.3408203125,430.41,180512,1059176.0,4.452531337738037,1656,-67451.05,108,1308,45102,-21.523202896118164,0.0001
3880.15478515625,461.17,183948,774860.875,4.584033012390137,1687,-64238.57083333,108,1312,45961,-21.475584030151367,0.0001
3845.3076171875,457.5,185492,1075897.25,4.641097068786621,1702,-65206.39583333,108,1316,46347,-19.914779663085938,0.0001
4215.29150390625,488.82,188616,1392368.25,4.7586798667907715,1731,-63519.795833330005,108,1320,47128,-20.615062713623047,0.0001
3681.431640625,502.32,191392,1030478.125,4.8687520027160645,1757,-62535.820833330006,108,1324,47822,-21.35374641418457,0.0001
3864.106201171875,503.42,192324,1383683.0,4.906484127044678,1766,-62546.820833330006,108,1328,48055,-21.813724517822266,0.0001
4593.1982421875,522.36,193784,14907118.0,4.966218948364258,1779,-61634.570833330006,108,1332,48420,-21.866056442260742,0.0001
4363.111328125,522.05,196456,22458516.0,5.0746588706970215,1803,-62343.43333333,108,1336,49088,-20.963804244995117,0.0001
4161.41357421875,508.0,198284,1863493.75,5.146392822265625,1820,-64207.02083333,108,1340,49545,-20.487442016601562,0.0001
4293.724609375,506.82,201784,21690372.0,5.285349369049072,1853,-64090.320833330006,108,1344,50420,-20.751453399658203,0.0001
4458.2900390625,536.31,204024,1171501.75,5.377682685852051,1873,-62385.420833330005,108,1348,50980,-20.075084686279297,0.0001
4094.51611328125,519.82,206136,1730333.0,5.463609218597412,1892,-64695.84583333001,108,1352,51508,-18.870426177978516,0.0001
4134.51025390625,519.28,208480,2054654.75,5.556516170501709,1915,-65418.858333330005,108,1356,52094,-18.36963653564453,0.0001
4714.78662109375,518.47,210660,1563879.375,5.645116806030273,1935,-65393.608333330005,108,1360,52639,-18.547130584716797,0.0001
3924.7744140625,511.12,212480,792643.25,5.721044540405273,1951,-65468.233333330005,108,1364,53094,-19.10262680053711,0.0001
4045.070556640625,536.79,216064,633518.8125,5.881850719451904,1985,-63575.170833330005,108,1368,53990,-18.62177848815918,0.0001
3969.253173828125,557.28,217368,998787.125,5.939136028289795,1998,-61780.27083333,108,1372,54316,-18.75352668762207,0.0001
4289.1083984375,571.35,221132,1006558.1875,6.110725402832031,2032,-60776.27083333,108,1376,55257,-18.819034576416016,0.0001
4049.1494140625,573.39,222732,11716822.0,6.183814525604248,2047,-60508.99583333,108,1380,55657,-18.998619079589844,0.0001
4734.16259765625,571.07,223456,755665.1875,6.216953277587891,2053,-60646.97083333001,108,1384,55838,-17.18248748779297,0.0001
4096.97607421875,547.01,225528,30694912.0,6.314198017120361,2072,-63281.62083333,108,1388,56356,-17.58478546142578,0.0001
4041.425537109375,551.8,225684,952409.875,6.321447849273682,2073,-64106.52916666,108,1392,56395,-17.505128860473633,0.0001
4201.86572265625,543.66,226644,716526.75,6.366394519805908,2082,-64328.62916666,108,1396,56635,-18.42701530456543,0.0001
4256.3681640625,541.14,228196,18496056.0,6.44228982925415,2097,-64184.84166666,108,1400,57023,-18.043115615844727,0.0001
4498.90185546875,507.84,229376,922591.875,6.502534866333008,2108,-67866.14166666,108,1404,57318,-19.498584747314453,0.0001
4421.9892578125,505.2,230964,1701491.75,6.587059020996094,2122,-67967.56666666,108,1408,57715,-19.714860916137695,0.0001
4686.578125,502.84,234208,967078.375,6.7638068199157715,2152,-70188.23333333,108,1412,58526,-18.932973861694336,0.0001
5069.3544921875,502.21,235388,1607399.0,6.8273115158081055,2163,-70296.62916666,108,1416,58821,-18.499446868896484,0.0001
4806.478515625,473.05,235888,1597319.375,6.854501247406006,2168,-71796.94583333,108,1420,58946,-18.886905670166016,0.0001
4763.04443359375,450.41,236132,992850.125,6.867419719696045,2170,-73588.54583333,108,1424,59007,-19.177003860473633,0.0001
4562.8037109375,449.38,236404,15132074.0,6.882236957550049,2172,-73578.24583333,108,1428,59075,-19.336198806762695,0.0001
4107.9453125,441.24,236848,2212373.0,6.906190872192383,2176,-73351.69583333,108,1432,59186,-19.203750610351562,0.0001
4400.9580078125,413.37,237084,3937517.5,6.919414043426514,2178,-75360.73333333,108,1436,59245,-19.50349998474121,0.0001
4490.14306640625,389.15,237328,14023328.0,6.932756423950195,2180,-77276.43333333,108,1440,59306,-20.02835464477539,0.0001
4696.396484375,372.44,237860,2387172.75,6.962882041931152,2185,-78214.13333333,108,1444,59439,-21.378131866455078,0.0001
4437.521484375,354.6,238960,2697879.5,7.027884483337402,2195,-78748.54166666,108,1448,59714,-20.616870880126953,0.0001
4377.98583984375,350.68,240212,13489709.0,7.100545406341553,2207,-79727.44166666,108,1452,60027,-20.404251098632812,0.0001
4328.76123046875,331.24,241184,38494148.0,7.156740665435791,2216,-80701.19166665999,108,1456,60270,-20.78182029724121,0.0001
5114.228515625,306.97,241840,3023797.0,7.195356845855713,2222,-83716.72916665999,108,1460,60434,-19.773591995239258,0.0001
4350.197265625,303.09,242960,2707061.5,7.259673118591309,2232,-83675.56666665999,108,1464,60714,-19.029552459716797,0.0001
4362.529296875,291.09,244212,2699477.5,7.333449840545654,2244,-84564.47916665999,108,1468,61027,-19.692657470703125,0.0001
5284.2216796875,275.11,244724,20731592.0,7.363014221191406,2249,-86404.47916665999,108,1472,61155,-19.923442840576172,0.0001
4739.9150390625,254.43,245168,19767378.0,7.388791084289551,2253,-88241.49166665999,108,1476,61266,-19.227821350097656,0.0001
4598.1884765625,233.23,245992,1775133.25,7.436936378479004,2260,-90419.32916666,108,1480,61472,-19.35970115661621,0.0001
4945.5849609375,227.33,246664,62526000.0,7.476337909698486,2267,-91470.62916665999,108,1484,61640,-18.58591079711914,0.0001
4541.6533203125,236.22,247448,56345960.0,7.522891521453857,2274,-91471.90416666,108,1488,61836,-19.84777069091797,0.0001
4807.26708984375,221.75,248208,49083560.0,7.56864595413208,2280,-91449.64583333001,108,1492,62026,-19.278621673583984,0.0001
4034.09521484375,224.45,248680,2646644.0,7.59628963470459,2284,-91244.01666666001,108,1496,62144,-18.803443908691406,0.0001
4863.525390625,212.18,249088,24600668.0,7.620543956756592,2288,-91361.16666666,108,1500,62246,-19.089702606201172,0.0001
4351.14453125,207.97,249752,11340050.0,7.660272121429443,2294,-91421.16666665999,108,1504,62412,-20.078811645507812,0.0001
4393.31884765625,199.23,250940,2454519.5,7.734311580657959,2305,-92177.41666665999,108,1508,62709,-20.846832275390625,0.0001
5228.046875,183.26,252680,5106030.0,7.843698978424072,2320,-93164.12916665999,108,1512,63144,-18.355205535888672,0.0001
5020.84765625,174.46,252948,3219917.5,7.860470771789551,2323,-94280.17083333,108,1516,63211,-18.74547576904297,0.0001
4193.91015625,183.2,253184,21241320.0,7.874480724334717,2325,-93438.57916666001,108,1520,63270,-19.88797378540039,0.0001
4401.0673828125,183.91,253408,14188930.0,7.888572692871094,2327,-93546.55416666,108,1524,63326,-19.979900360107422,0.0001
4737.44921875,184.93,253640,17329976.0,7.902711391448975,2329,-93556.75416666002,108,1528,63384,-18.67681884765625,0.0001
5072.5703125,175.19,253976,26663696.0,7.923357009887695,2332,-94706.15416666001,108,1532,63468,-19.39181900024414,0.0001
4277.12744140625,175.49,254372,6073242.0,7.948199272155762,2336,-94709.15416666001,108,1536,63567,-19.82755470275879,0.0001
4506.0009765625,177.32,255376,5707332.0,8.012107849121094,2345,-94727.45416666001,108,1540,63818,-19.645484924316406,0.0001
4585.0927734375,186.89,256244,26962116.0,8.066707611083984,2353,-94719.30416666,108,1544,64035,-19.211101531982422,0.0001
5254.75439453125,176.14,257032,19831806.0,8.11752700805664,2361,-95898.79583333,108,1548,64232,-19.221139907836914,0.0001
5189.3916015625,179.7,258304,21803488.0,8.20118236541748,2372,-96035.00833333,108,1552,64550,-19.872180938720703,0.0001
5009.2734375,197.39,261056,13405840.0,8.38310432434082,2398,-96076.29583333,108,1556,65238,-19.396129608154297,0.0001
4819.6708984375,217.37,263192,2480037.0,8.523774147033691,2417,-94051.44583333,108,1560,65772,-19.48933219909668,0.0001
4771.73974609375,228.71,265460,5774484.0,8.674482345581055,2440,-93272.82083333,108,1564,66339,-18.98484230041504,0.0001
5171.0703125,216.51,266408,19495596.0,8.738415718078613,2448,-94291.67083333,108,1568,66576,-19.46727180480957,0.0001
5064.2216796875,218.81,266864,17221300.0,8.769908905029297,2452,-94176.12083333,108,1572,66690,-19.86784553527832,0.0001
4596.8173828125,225.3,267604,3060491.0,8.82264232635498,2459,-93202.70833333001,108,1576,66875,-19.84608268737793,0.0001
5533.53076171875,227.95,267856,14651922.0,8.840865135192871,2461,-93229.20833333001,108,1580,66938,-20.05068016052246,0.0001
5324.671875,241.37,271680,2818270.75,9.123224258422852,2495,-92185.10833333,108,1584,67894,-20.118560791015625,0.0001
5123.5380859375,256.85,274836,9508634.0,9.360641479492188,2524,-89217.62083333,108,1588,68683,-21.274803161621094,0.0001
5457.8935546875,280.37,275708,7546334.0,9.429542541503906,2532,-88289.93333333,108,1592,68901,-21.505619049072266,0.0001
4985.07861328125,303.0,279436,12816274.0,9.722577095031738,2565,-86277.125,108,1596,69833,-17.92510223388672,0.0001
5525.9208984375,314.36,280424,5405994.0,9.793671607971191,2573,-84878.2125,108,1600,70080,-18.891910552978516,0.0001
5394.67138671875,336.18,284152,1118038.25,10.053564071655273,2606,-84534.8,109,1604,71012,-15.835348129272461,0.0001
4694.2802734375,336.36,285356,1370394.75,10.134806632995605,2616,-84636.5,109,1608,71313,-17.11027717590332,0.0001
5445.736328125,345.23,286020,24870500.0,10.182031631469727,2622,-83307.00833333,109,1612,71479,-16.515419006347656,0.0001
5834.0068359375,351.78,288272,2078866.5,10.345634460449219,2643,-83017.73333333,109,1616,72042,-17.038164138793945,0.0001
6057.134765625,342.72,288812,8419632.0,10.386263847351074,2648,-83964.00833333,109,1620,72177,-16.61084747314453,0.0001
5864.71728515625,342.99,289304,5273675.0,10.424349784851074,2652,-83966.70833333001,109,1624,72300,-18.072635650634766,0.0001
5360.3994140625,343.41,289852,6854664.0,10.46933650970459,2657,-83970.90833333001,109,1628,72437,-18.343708038330078,0.0001
6345.154296875,362.68,290160,3087280.0,10.495588302612305,2660,-83163.70833333001,109,1632,72514,-19.07213020324707,0.0001
5353.841796875,362.92,290432,3182607.25,10.518120765686035,2663,-83166.10833333,109,1636,72582,-19.86566162109375,0.0001
5484.95166015625,362.83,290888,7755669.5,10.558056831359863,2667,-83165.20833333001,109,1640,72696,-19.306320190429688,0.0001
5446.1142578125,370.07,294580,16018369.0,10.851655006408691,2703,-82029.73333333,108,1644,73619,-16.132278442382812,0.0001
4613.84130859375,388.12,294992,1074827.75,10.882401466369629,2707,-80210.43333333,108,1648,73722,-15.856039047241211,0.0001
5259.01611328125,374.11,295320,4100194.25,10.90773868560791,2710,-80070.33333333001,108,1652,73804,-14.857430458068848,0.0001
5483.1455078125,356.89,295764,8357655.0,10.941356658935547,2714,-80136.98333333,108,1656,73915,-16.10906982421875,0.0001
5267.998046875,338.51,298028,2842703.5,11.115792274475098,2734,-81933.73333333,108,1660,74481,-15.605790138244629,0.0001
5422.4716796875,327.32,298828,3003079.0,11.177783966064453,2742,-82674.48333333,108,1664,74681,-14.5203275680542,0.0001
6092.1494140625,324.5,299484,8760195.0,11.229559898376465,2748,-82646.28333333001,108,1668,74845,-14.830168724060059,0.0001
5412.99267578125,326.31,299956,3281634.5,11.266565322875977,2752,-81703.03333333001,108,1672,74963,-15.388617515563965,0.0001
5493.19970703125,324.39,300300,2923740.0,11.294486999511719,2756,-81823.03333333001,108,1676,75049,-15.285457611083984,0.0001
5044.306640625,322.19,300676,4638502.0,11.32494068145752,2759,-81801.03333333001,108,1680,75143,-15.145188331604004,0.0001
4867.5888671875,315.48,302028,3410557.5,11.442228317260742,2772,-81811.72083333001,108,1684,75481,-16.401287078857422,0.0001
5541.72265625,313.5,305172,1778794.25,11.733867645263672,2801,-84025.42083333,108,1688,76267,-17.942398071289062,0.0001
6032.2431640625,299.83,306028,2218834.0,11.817952156066895,2808,-84152.15833333001,108,1692,76481,-17.412353515625,0.0001
6295.45751953125,277.87,307544,1336419.5,11.965502738952637,2822,-86299.48333333,108,1696,76860,-17.577608108520508,0.0001
4903.37158203125,266.74,308316,30451856.0,12.04112720489502,2829,-87700.69583333,108,1700,77053,-16.417198181152344,0.0001
5308.52880859375,264.79,309184,1762120.25,12.121832847595215,2838,-86116.58333333001,108,1704,77270,-16.744815826416016,0.0001
5109.96337890625,273.9,311772,1358327.5,12.365203857421875,2863,-87391.14583333001,108,1708,77917,-15.651476860046387,0.0001
4940.7314453125,269.3,313184,1530721.25,12.501106262207031,2876,-87615.6625,108,1712,78270,-16.765119552612305,0.0001
5694.87060546875,282.1,316664,2498119.0,12.856901168823242,2908,-85998.025,108,1716,79140,-16.24135971069336,0.0001
5865.39501953125,304.19,319108,2859075.75,13.08511734008789,2930,-84193.6625,108,1720,79751,-14.338700294494629,0.0001
5558.8896484375,315.2,320556,5891787.0,13.211322784423828,2944,-82999.925,108,1724,80113,-13.66004753112793,0.0001
4657.1962890625,326.6,321660,55763864.0,13.310036659240723,2954,-81910.7,108,1728,80389,-14.510652542114258,0.0001
6279.4130859375,317.08,323568,42978572.0,13.492120742797852,2972,-81815.5,108,1732,80866,-13.510442733764648,0.0001
4632.1240234375,337.13,325216,4320133.0,13.647614479064941,2989,-79834.7375,108,1736,81278,-13.831403732299805,0.0001
5491.2255859375,366.67,328428,1912464.75,13.952533721923828,3018,-77013.4625,108,1740,82081,-12.438973426818848,0.0001
6461.9228515625,360.58,329256,7165743.0,14.0329008102417,3026,-76783.7125,108,1744,82288,-12.63969612121582,0.0001
5037.61328125,353.41,331216,2291294.0,14.255773544311523,3044,-78568.3125,108,1748,82778,-16.33184242248535,0.0001
5781.16357421875,384.52,335216,6070405.0,14.75363826751709,3082,-75679.53472222,108,1752,83778,-15.442185401916504,0.0001
6751.873046875,404.93,337256,55710664.0,15.004697799682617,3101,-73774.64722222001,108,1756,84288,-16.529699325561523,0.0001
5812.91015625,427.72,340260,8013263.0,15.39549732208252,3128,-71006.60972222,108,1760,85039,-15.517829895019531,0.0001
5946.44921875,449.8,343184,19937200.0,15.761022567749023,3155,-69776.09722222,108,1764,85770,-16.19447898864746,0.0001
5748.2451171875,457.63,344104,6424705.0,15.883343696594238,3163,-69746.95972222001,108,1768,86000,-17.459169387817383,0.0001
6142.7421875,469.48,347136,45434792.0,16.293733596801758,3192,-69863.44722222,108,1772,86758,-15.8296537399292,0.0001
5948.80859375,480.47,349600,1876696.375,16.621219635009766,3214,-68973.44722222,108,1776,87374,-16.44735336303711,0.0001
5952.87060546875,489.57,350076,1782532.75,16.684629440307617,3219,-68064.54722222,108,1780,87493,-16.057449340820312,0.0001
5125.015625,479.48,350584,3166888.5,16.752275466918945,3223,-69164.85972222,108,1784,87620,-16.446290969848633,0.0001
5434.9013671875,466.11,352172,6915639.0,16.962444305419922,3238,-69028.70972222001,108,1788,88017,-15.829428672790527,0.0001
5539.82666015625,484.05,355136,1916208.5,17.34903907775879,3265,-67208.30972222,108,1792,88758,-15.141529083251953,0.0001
5996.111328125,506.12,357912,1632747.375,17.718198776245117,3290,-66405.72222222,108,1796,89452,-14.320808410644531,0.0001
6339.78515625,513.09,358680,1555496.125,17.821964263916016,3297,-66316.47222222,108,1800,89644,-14.310844421386719,0.0001
5318.947265625,517.12,362360,18729376.0,18.369436264038086,3331,-66483.19722222,108,1804,90564,-14.614127159118652,0.0001
6100.6171875,518.55,364128,6301679.0,18.601926803588867,3347,-65156.55972222,108,1808,91006,-13.718226432800293,0.0001
6202.0185546875,503.55,364472,1177279.5,18.644798278808594,3350,-66283.63472222,108,1812,91092,-13.327589988708496,0.0001
5928.18359375,487.52,364656,620807.0,18.66972541809082,3352,-67123.84722222,108,1816,91138,-13.7525053024292,0.0001
5723.12451171875,492.53,368568,1096186.5,19.15092658996582,3388,-67097.84305555,108,1820,92116,-12.303353309631348,0.0001
5929.7353515625,490.07,368784,8710407.0,19.179319381713867,3390,-67377.18055555,108,1824,92170,-11.880191802978516,0.0001
6010.646484375,477.3,368980,1084596.625,19.20439910888672,3392,-68452.70555555,108,1828,92219,-11.97029972076416,0.0001
6182.69140625,484.87,372640,3664842.5,19.778553009033203,3426,-68528.40555555,108,1832,93134,-13.88516902923584,0.0001
6875.71142578125,493.34,374544,693794.5,20.069822311401367,3443,-67794.66805555,108,1836,93610,-13.96884536743164,0.0001
5989.9013671875,488.71,377060,45078084.0,20.457990646362305,3467,-69865.14305555,108,1840,94239,-13.38955307006836,0.0001
5404.88671875,490.78,379004,1576662.375,20.7697696685791,3485,-71265.19305555,108,1844,94725,-12.562891006469727,0.0001
5603.7353515625,505.66,381784,2594158.0,21.220483779907227,3511,-69455.68055555,108,1848,95420,-13.98063850402832,0.0001
7471.0576171875,503.32,385260,2349859.5,21.81669807434082,3542,-70291.07083333,108,1852,96289,-14.087800025939941,0.0001
6565.49951171875,502.72,387004,1346560.125,22.111534118652344,3558,-70394.25833333,108,1856,96725,-13.218189239501953,0.0001
6283.63671875,473.39,387744,1437442.5,22.23953628540039,3565,-73340.99583333,108,1860,96910,-14.120539665222168,0.0001
6622.087890625,457.31,389084,1464313.5,22.486337661743164,3578,-74647.25833333,108,1864,97245,-14.146289825439453,0.0001
6827.9482421875,464.19,390152,1289410.0,22.68049430847168,3588,-73723.24583333,108,1868,97512,-13.954769134521484,0.0001
6900.5087890625,456.8,393400,2083728.625,23.325153350830078,3618,-74751.25833333,108,1872,98324,-14.467954635620117,0.0001
6559.611328125,444.59,393756,2234495.5,23.394826889038086,3621,-76628.95833333001,108,1876,98413,-15.941021919250488,0.0001
6753.80078125,443.98,394152,1593961.25,23.472063064575195,3625,-76622.85833333,108,1880,98512,-15.062154769897461,0.0001
6947.93408203125,444.77,394804,9084128.0,23.59916877746582,3630,-76212.60833333,108,1884,98675,-14.335075378417969,0.0001
6353.90771484375,440.38,395208,13957986.0,23.679065704345703,3634,-76272.12083333,108,1888,98776,-14.37675952911377,0.0001
6179.095703125,410.35,395416,36927352.0,23.718996047973633,3636,-78971.52083333001,108,1892,98828,-14.231718063354492,0.0001
6430.814453125,401.11,397904,14774899.0,24.24577522277832,3658,-78044.44326923,108,1896,99450,-14.828107833862305,0.0001
7178.54150390625,401.2,399424,19223616.0,24.55424690246582,3672,-78098.95576923,108,1900,99830,-16.241436004638672,0.0001
7444.0517578125,389.76,400092,1508032.5,24.695903778076172,3678,-78984.45576923,108,1904,99997,-13.945573806762695,0.0001
7417.978515625,368.84,400608,13386780.0,24.80167579650879,3683,-79811.99326922999,108,1908,100126,-15.869680404663086,0.0001
6701.04248046875,375.76,401736,1270223.25,25.03253173828125,3694,-79778.56826923,108,1912,100408,-15.226335525512695,0.0001
6811.2421875,370.52,402296,17900652.0,25.145645141601562,3699,-80826.06826923,108,1916,100548,-14.628385543823242,0.0001
7340.6572265625,366.62,405792,1501342.25,25.867055892944336,3732,-80831.1849359,108,1920,101422,-14.45920467376709,0.0001
6735.39697265625,379.05,406744,1112588.75,26.071121215820312,3742,-79955.5849359,108,1924,101660,-16.0257625579834,0.0001
7550.90234375,390.35,408608,2341065.5,26.449565887451172,3759,-79068.6849359,108,1928,102126,-13.208773612976074,0.0001
7102.1875,377.38,409176,1424973.125,26.560943603515625,3765,-79938.8849359,108,1932,102268,-13.364541053771973,0.0001
7994.85205078125,377.37,413176,1618567.0,27.354310989379883,3804,-80612.6474359,108,1936,103268,-13.106857299804688,0.0001
8342.138671875,382.96,415916,22421464.0,27.947908401489258,3829,-79055.68910257,108,1940,103953,-13.361810684204102,0.0001
6755.20654296875,397.97,418884,1070214.0,28.555192947387695,3856,-75629.22243591001,108,1944,104695,-11.170440673828125,0.0001
6581.869140625,378.33,419460,1964120.5,28.670169830322266,3862,-77262.37660258,108,1948,104839,-12.57932186126709,0.0001
8088.66796875,348.92,419892,2966930.0,28.759838104248047,3866,-79208.31410258,108,1952,104947,-12.519416809082031,0.0001
6330.54736328125,332.32,420244,3057052.0,28.835054397583008,3869,-80900.46410258,108,1956,105035,-12.84589672088623,0.0001
7199.919921875,331.69,420500,10223080.0,28.8900146484375,3871,-80894.16410257999,108,1960,105099,-13.52967643737793,0.0001
7197.8388671875,318.03,420616,21378544.0,28.916601181030273,3873,-81669.14326925,108,1964,105128,-12.332794189453125,0.0001
6156.1826171875,302.79,420792,6350935.0,28.9561824798584,3874,-82616.99326925,108,1968,105172,-11.94514274597168,0.0001
5773.4150390625,288.56,421120,2275711.75,29.03000831604004,3877,-82474.69326925,108,1972,105254,-14.90881061553955,0.0001
7200.9560546875,309.23,425120,2357816.0,30.057275772094727,3917,-79404.35576925,108,1976,106254,-15.145628929138184,0.0001
7457.74560546875,331.02,427984,2347080.0,30.842388153076172,3944,-78520.43076925,108,1980,106970,-15.9407377243042,0.0001
5720.3212890625,359.77,431596,5753630.0,31.77139663696289,3978,-77121.90576925,108,1984,107873,-13.838091850280762,0.0001
7004.4345703125,369.6,433512,3913021.25,32.25347137451172,3996,-76040.59326925,108,1988,108352,-12.784584045410156,0.0001
7750.1611328125,380.38,433952,35265364.0,32.36281967163086,4001,-75047.70576925,108,1992,108462,-13.80246353149414,0.0001
7524.80126953125,361.68,434272,2420088.5,32.44540786743164,4004,-76823.48333334998,108,1996,108542,-12.798235893249512,0.0001
6717.29443359375,372.79,436308,3726875.25,32.99336242675781,4023,-74819.69583335,108,2000,109051,-15.204644203186035,0.0001
7060.5703125,362.43,437108,2593748.75,33.21315002441406,4031,-75506.37083335,108,2004,109251,-15.077962875366211,0.0001
7350.7607421875,387.48,440244,2111881.75,34.044986724853516,4061,-73858.57083335,108,2008,110035,-13.278755187988281,0.0001
6916.90966796875,399.02,441528,1939332.5,34.372596740722656,4073,-72076.79583334998,108,2012,110356,-11.652499198913574,0.0001
7597.619140625,400.62,441824,1823977.0,34.43758010864258,4076,-72092.79583334998,108,2016,110430,-11.390682220458984,0.0001
8152.74365234375,375.75,442028,28707956.0,34.48152542114258,4078,-74001.34583334999,108,2020,110481,-10.034985542297363,0.0001
8143.822265625,369.16,445068,5216255.5,35.16216278076172,4109,-74661.69583335,108,2024,111241,-12.619648933410645,0.0001
7774.453125,387.35,446768,2244969.25,35.645774841308594,4125,-72843.79583334998,108,2028,111666,-14.038877487182617,0.0001
7115.74365234375,397.25,448668,2632983.5,36.20780944824219,4143,-72942.79583334998,108,2032,112141,-13.50786018371582,0.0001
8132.50390625,384.39,450580,2723085.0,36.752723693847656,4162,-74140.13333335,108,2036,112619,-12.530854225158691,0.0001
6297.1875,365.78,451516,3759485.0,37.00545883178711,4171,-75566.89166667999,108,2040,112853,-11.555937767028809,0.0001
8070.65185546875,342.58,452556,2308212.0,37.27484893798828,4181,-78900.95833334,108,2044,113113,-10.467966079711914,0.0001
7435.361328125,346.57,453852,2349938.0,37.59424591064453,4193,-78984.76666667,108,2048,113437,-11.163405418395996,0.0001
8341.404296875,347.31,454800,2590937.5,37.83423614501953,4202,-79093.21666666999,108,2052,113674,-11.885407447814941,0.0001
7875.9716796875,353.04,456476,1626027.5,38.24661636352539,4218,-79176.32916667,108,2056,114093,-8.127062797546387,0.0001
8212.671875,382.6,458864,15000329.0,38.744503021240234,4240,-75739.44166667,108,2060,114690,-8.420255661010742,0.0001
8193.0849609375,411.4,462132,2728188.25,39.50220489501953,4271,-74121.9125,108,2064,115507,-7.245170593261719,0.0001
8334.19140625,440.24,465172,1915302.75,40.199134826660156,4300,-72269.65,108,2068,116267,-7.631682395935059,0.0001
7208.7548828125,478.62,469172,6584968.0,41.18753433227539,4338,-68653.85,108,2072,117267,-5.487786293029785,0.0001
7965.3974609375,482.17,472152,2074410.75,41.891265869140625,4367,-69685.5625,108,2076,118012,-7.972201824188232,0.0001
9201.83203125,455.16,473544,2792076.5,42.20530319213867,4381,-71205.72083333,108,2080,118360,-3.548978567123413,0.0001
8473.8779296875,444.93,475424,5887676.5,42.5217399597168,4399,-72207.69583333,108,2084,118830,-5.2832841873168945,0.0001
8626.271484375,433.76,475740,1706732.5,42.5819206237793,4402,-74175.50833333,108,2088,118909,-5.490594387054443,0.0001
7680.5634765625,446.05,479740,5680361.0,43.29262161254883,4440,-74066.94583333,108,2092,119909,-3.188612461090088,0.0001
8069.38818359375,476.58,482648,1640950.0,43.90013122558594,4468,-73006.19583333,108,2096,120636,-5.172915458679199,0.0001
9416.6533203125,494.8,486648,1643106.5,44.694454193115234,4506,-71268.42083333,107,2100,121636,-4.188800811767578,0.0001
9089.119140625,521.77,488588,1311916.0,44.95865249633789,4524,-69423.02083333001,107,2104,122121,-1.8046921491622925,0.0001
8111.9736328125,501.54,490256,2146984.0,45.25395965576172,4540,-71319.54583333,107,2108,122538,-2.9758520126342773,0.0001
7517.18603515625,503.69,492300,5253236.0,45.76353073120117,4559,-71202.10833333,107,2112,123049,-4.721726894378662,0.0001
8293.5625,525.43,494648,1599505.625,46.56298828125,4582,-69275.60833333,107,2116,123636,-4.842226982116699,0.0001
8115.603515625,543.97,497732,26552208.0,47.770694732666016,4610,-69109.54583333,107,2120,124407,-4.653966903686523,0.0001
8579.2119140625,551.87,499632,1432884.375,48.32025146484375,4628,-68101.47083333001,107,2124,124882,-3.248554229736328,0.0001
9371.65234375,552.44,502544,1288268.875,49.36721420288086,4656,-70106.97083333001,107,2128,125610,-4.790625095367432,0.0001
8015.416015625,566.87,505732,3071436.5,50.13068389892578,4687,-67094.08333333001,107,2132,126407,-4.830358982086182,0.0001
7423.3359375,568.87,508140,3576555.75,50.883575439453125,4710,-67999.19583333,107,2136,127009,-4.177845478057861,0.0001
9896.013671875,585.19,511268,1783593.75,51.79121780395508,4739,-67060.13333333,107,2140,127791,-5.0754218101501465,0.0001
8351.5234375,603.4,513224,1476002.875,52.42061996459961,4758,-65181.883333330006,107,2144,128280,-1.9773778915405273,0.0001
9687.7333984375,630.28,517224,4050115.5,53.4799919128418,4797,-61579.43333333,107,2148,129280,-0.28223735094070435,0.0001
8390.74609375,647.75,518580,1668048.0,53.68850326538086,4810,-60754.233333330005,107,2152,129619,-1.0368577241897583,0.0001
8239.037109375,666.53,521940,1575322.25,54.01384353637695,4842,-59809.05833333,107,2156,130459,0.6255224347114563,0.0001
9637.3046875,667.69,525484,1047580.6875,53.90351486206055,4876,-60447.05833333,107,2160,131345,1.6355210542678833,0.0001
8599.529296875,656.05,526944,1232786.5,53.598209381103516,4889,-61185.14583333,107,2164,131710,1.1371923685073853,0.0001
9861.033203125,641.41,529736,4847051.0,53.59165573120117,4916,-63033.64583333,107,2168,132408,0.5559672713279724,0.0001
9644.708984375,634.78,533148,1549816.75,53.586158752441406,4948,-63967.24583333,107,2172,133261,0.17968443036079407,0.0001
10368.1044921875,630.66,535480,1317433.5,53.182716369628906,4970,-64645.98257575001,107,2176,133844,0.10058845579624176,0.0001
10348.9375,648.42,538504,1665139.625,52.02059555053711,4999,-63135.24924242,107,2180,134600,2.7015340328216553,0.0001
9364.8955078125,650.17,539884,3904603.5,51.243831634521484,5012,-62152.84924242,107,2184,134945,2.4940972328186035,0.0001
8917.4765625,670.08,542588,1589832.5,49.738868713378906,5039,-60230.09924242,107,2188,135621,2.134315252304077,0.0001
9170.6923828125,666.74,545932,2228047.5,48.41621017456055,5071,-61323.336742420004,107,2192,136457,3.03566575050354,0.0001
10168.599609375,657.34,547504,1189957.25,47.626609802246094,5087,-60296.36174242,107,2196,136850,2.909374237060547,0.0001
9366.955078125,640.49,549864,34197880.0,46.73744201660156,5109,-64050.47424242,107,2200,137440,1.5481239557266235,0.0001
10090.0283203125,634.45,552304,977480.0,45.87786865234375,5133,-64040.88674242,107,2204,138050,3.9573380947113037,0.0001
10058.3525390625,642.48,553500,1602003.25,45.38517379760742,5144,-63122.16174242,107,2208,138349,1.029670238494873,0.0001
9841.1953125,646.1,556740,3417072.5,44.86456298828125,5174,-63015.13674242,107,2212,139159,2.261697292327881,0.0001
10662.79296875,647.16,560304,1387633.0,43.8526611328125,5208,-63169.836742420004,107,2216,140050,1.925929307937622,0.0001
9582.08203125,654.01,562484,1498504.375,43.75452423095703,5228,-61280.62424242,107,2220,140595,-1.0065836906433105,0.0001
9502.39453125,658.35,565100,2081839.25,43.964202880859375,5254,-62203.40340909,107,2224,141249,0.05734249949455261,0.0001
11104.33984375,657.25,568184,4215947.0,44.312843322753906,5282,-60917.865909090004,107,2228,142020,-1.4503505229949951,0.0001
10525.8046875,650.35,571272,1581639.25,44.698570251464844,5312,-62846.303409090004,107,2232,142792,-0.10234096646308899,0.0001
10172.873046875,653.41,572720,1834070.125,44.432830810546875,5326,-61991.79090909001,107,2236,143154,1.0459973812103271,0.0001
9635.8408203125,648.69,575424,7670560.5,44.870445251464844,5351,-61913.703409090005,107,2240,143830,-0.3435501158237457,0.0001
9811.75,656.38,579380,1567599.375,43.89332962036133,5393,-62005.740909090004,107,2244,144819,-0.8163439035415649,0.0001
11055.267578125,644.66,581400,4868243.5,43.8520622253418,5413,-64845.97840909001,107,2248,145324,-0.10500210523605347,0.0001
11016.501953125,643.52,583240,4972763.0,43.672977447509766,5430,-65597.20340909,107,2252,145784,-0.6956151723861694,0.0001
12476.166015625,642.8,586208,1742777.5,44.0502815246582,5458,-65694.02840909001,107,2256,146526,-0.6714761257171631,0.0001
11266.9140625,650.86,590208,1586693.0,44.24457550048828,5497,-64881.115909090004,107,2260,147526,0.2833186984062195,0.0001
11738.0498046875,659.05,593476,1856384.5,43.752498626708984,5530,-64999.27840909,107,2264,148343,0.1438804268836975,0.0001
10826.771484375,642.31,594500,1566326.5,43.58192443847656,5539,-65877.39090909,107,2268,148599,0.4634060561656952,0.0001
11294.638671875,638.73,596452,1716886.375,43.12308883666992,5557,-66693.01590909,107,2272,149087,-0.5117977857589722,0.0001
10288.5107421875,643.93,599468,1399902.875,43.077396392822266,5586,-64881.19166667,107,2276,149841,1.3335990905761719,0.0001
12064.63671875,650.18,602708,1933039.375,42.417354583740234,5617,-64730.829166669995,107,2280,150651,-0.29251593351364136,0.0001
11027.7529296875,666.59,606708,1341683.625,40.76689147949219,5655,-62895.12916667,107,2284,151651,0.8812853693962097,0.0001
10512.580078125,665.42,609584,1228688.375,39.81208038330078,5683,-63004.429166669994,107,2288,152370,1.5656808614730835,0.0001
11667.83984375,674.53,613584,13578294.0,37.66895294189453,5720,-61024.28472223,107,2292,153370,2.0583741664886475,0.0001
11183.875,683.23,616256,1316854.875,36.71211242675781,5746,-60124.159722230004,107,2296,154038,2.750135898590088,0.0001
10379.552734375,682.89,617584,1530058.0,36.173580169677734,5759,-59199.33472223001,107,2300,154370,0.2934420108795166,0.0001
11021.9560546875,678.35,619856,1491413.0,35.83424377441406,5780,-61074.472222230004,107,2304,154938,0.29689905047416687,0.0001
11134.3896484375,689.28,622644,26613308.0,35.31794357299805,5807,-60916.434722230006,107,2308,155635,1.7332772016525269,0.0001
10315.533203125,669.35,623564,2081319.5,34.969993591308594,5816,-62999.097222230004,107,2312,155865,1.7671089172363281,0.0001
10825.88671875,662.37,627104,1767289.75,34.407447814941406,5849,-62652.66805556,107,2316,156750,1.436163306236267,0.0001
9724.787109375,668.47,628624,1910222.0,34.05682373046875,5863,-62922.955555559995,107,2320,157130,1.0689964294433594,0.0001
11626.3408203125,674.24,632624,1486382.5,33.109127044677734,5901,-62336.46388889,107,2324,158130,1.0330009460449219,0.0001
11950.7421875,670.18,635472,1487607.25,32.99200439453125,5929,-63329.18888889,107,2328,158842,-0.34171056747436523,0.0001
9126.4169921875,671.21,637748,22804232.0,32.809814453125,5951,-62374.238888889995,107,2332,159411,0.4599437117576599,0.0001
9992.767578125,668.8,639736,1330167.375,32.50832748413086,5970,-63248.83888889,107,2336,159908,0.5586197376251221,0.0001
10485.001953125,672.1,643644,4227446.0,32.39407730102539,6007,-64302.21388889,107,2340,160885,-1.1083362102508545,0.0001
11442.244140625,662.35,644352,1852810.25,32.52932357788086,6014,-64228.07638889,107,2344,161062,-1.179457187652588,0.0001
10250.8017578125,667.2,647968,1492737.25,32.49736404418945,6048,-64167.22638889,107,2348,161966,1.1228665113449097,0.0001
9992.6806640625,663.15,650116,1391572.125,31.940988540649414,6069,-64364.00138889,107,2352,162503,0.9958061575889587,0.0001
12159.62890625,662.65,653740,6117933.0,32.293582916259766,6103,-64365.47638889,107,2356,163409,-0.6983767747879028,0.0001
9850.447265625,652.82,656092,4882784.5,33.16057205200195,6127,-66032.93888889,107,2360,163997,-2.4295694828033447,0.0001
10912.5625,650.31,658516,1919098.75,34.08848190307617,6151,-66242.53888889,107,2364,164603,-1.9119760990142822,0.0001
10720.9296875,665.23,661884,4430398.0,34.91181182861328,6184,-64492.08888889,107,2368,165445,-0.36831653118133545,0.0001
9944.21875,670.43,663872,1474240.875,35.072994232177734,6202,-64584.77638889,107,2372,165942,0.18587252497673035,0.0001
12273.666015625,674.79,667872,2728166.5,35.26371383666992,6240,-63914.28888889,107,2376,166942,-0.0763566792011261,0.0001
11491.7958984375,664.45,669668,1793266.625,35.17927551269531,6257,-64784.19444445,107,2380,167391,0.37392404675483704,0.0001
9617.166015625,644.24,671344,1928250.125,35.354312896728516,6273,-67457.55694445,107,2384,167810,-0.8446904420852661,0.0001
12376.640625,625.45,672468,9503527.0,35.401912689208984,6284,-69370.50694445,107,2388,168091,-0.22134865820407867,0.0001
9463.83984375,608.26,674064,2248768.0,35.5312614440918,6299,-71475.36388889,106,2392,168490,-1.1731421947479248,0.0001
11243.017578125,600.9,676368,1777394.5,35.35414505004883,6322,-73688.01388889,106,2396,169066,0.5478798151016235,0.0001
12492.478515625,615.1,680124,2122752.25,36.25080871582031,6357,-72641.83888889,106,2400,170005,0.006139487028121948,0.0001
11206.2275390625,621.37,683316,8909196.0,36.21443557739258,6390,-70851.98888889,106,2404,170803,-0.157311350107193,0.0001
11397.4755859375,630.44,686064,1972215.25,36.6047477722168,6416,-69313.02638889,106,2408,171490,-0.6102638244628906,0.0001
12677.7216796875,649.09,688872,1608017.5,37.273216247558594,6443,-67499.72638889,106,2412,172192,-0.4881531000137329,0.0001
10726.7958984375,649.87,690288,1866459.5,37.249244689941406,6457,-67784.15555556,106,2416,172546,-0.3208884298801422,0.0001
12829.41796875,644.39,693564,2634806.0,38.16633987426758,6488,-67702.05555556,106,2420,173365,-1.181328535079956,0.0001
12551.76171875,649.53,697564,2707278.25,39.813316345214844,6525,-65525.380555560005,106,2424,174365,-0.9680770635604858,0.0001
13099.458984375,662.39,701216,1801533.5,40.58358383178711,6559,-63337.54305556,106,2428,175278,-0.8408737182617188,0.0001
12232.8447265625,663.26,704092,1635522.5,40.606937408447266,6589,-64471.34305556,106,2432,175997,-1.1022462844848633,0.0001
12389.1982421875,671.93,707236,1913694.0,39.88016891479492,6619,-63522.85555556,106,2436,176783,2.2035465240478516,0.0001
10681.06640625,662.88,708880,1533331.75,39.501224517822266,6635,-64442.49305556,106,2440,177194,0.7639052867889404,0.0001
14918.552734375,670.86,712024,1299688.25,38.296630859375,6666,-64656.068055560005,106,2444,177980,2.216106414794922,0.0001
13016.6201171875,665.65,715564,1401582.75,36.671661376953125,6701,-63754.80555556,106,2448,178865,3.4282655715942383,0.0001
11813.6796875,686.89,718264,3279861.5,35.61156463623047,6726,-61791.28055556,106,2452,179540,2.4303550720214844,0.0001
11706.1005859375,687.76,722160,1048976.75,34.64134979248047,6764,-60832.01805556,106,2456,180514,0.22642190754413605,0.0001
11447.029296875,684.01,725036,1897717.375,34.22621536254883,6793,-61924.255555560005,106,2460,181233,1.005013108253479,0.0001
12926.884765625,691.65,728228,968413.625,33.11717224121094,6825,-59869.443055560005,106,2464,182031,2.7295775413513184,0.0001
11449.84765625,694.62,730776,1077259.0,32.0329475402832,6850,-59789.51805556,106,2468,182668,1.6981067657470703,0.0001
12288.03515625,699.07,734032,917810.1875,31.68349838256836,6881,-58698.15555556,106,2472,183482,1.0839170217514038,0.0001
12101.9990234375,693.95,737636,789683.875,31.271944046020508,6916,-59786.05555556,106,2476,184383,1.0924482345581055,0.0001
13209.7880859375,700.67,738776,657062.125,30.971214294433594,6926,-59092.8125,106,2480,184668,2.1148014068603516,0.0001
12869.54296875,712.59,742776,25445680.0,29.76548194885254,6964,-58097.95,106,2484,185668,1.5631462335586548,0.0001
14378.6796875,730.37,745588,21433476.0,29.178424835205078,6992,-57275.85,106,2488,186371,2.502002477645874,0.0001
13598.248046875,746.04,748276,971568.875,28.51036262512207,7020,-55298.8875,106,2492,187043,1.8284231424331665,0.0001
13764.25,742.6,750032,1162963.25,28.05145263671875,7039,-55043.44027778,106,2496,187482,2.38803768157959,0.0001
13343.365234375,738.25,753824,1445899.0,27.625682830810547,7075,-55087.765277779996,106,2500,188430,-1.5336589813232422,0.0001
13315.25390625,744.57,756276,1325729.25,27.822053909301758,7099,-55357.09027777999,106,2504,189043,-0.7208600044250488,0.0001
13462.8994140625,734.73,759668,1479956.125,28.002172470092773,7132,-56908.552777779994,106,2508,189891,-0.34085318446159363,0.0001
11998.912109375,745.27,762536,1059950.875,27.73885154724121,7159,-56715.952777779996,106,2512,190608,1.878960132598877,0.0001
12974.234375,741.81,765088,6464017.0,27.246789932250977,7184,-57681.25277778,106,2516,191246,0.901216983795166,0.0001
14219.701171875,734.39,766832,2098727.25,27.24456787109375,7200,-59476.84027777999,106,2520,191682,0.4867776930332184,0.0001
14284.65234375,723.77,770196,2513778.0,28.131059646606445,7232,-62724.25277778,106,2524,192523,-2.248473882675171,0.0001
13429.146484375,708.76,772580,52461196.0,29.007375717163086,7255,-64885.491666669994,106,2528,193119,-1.7803757190704346,0.0001
12570.900390625,705.74,775156,1862030.0,29.658233642578125,7281,-63855.391666669995,106,2532,193763,-0.7233027219772339,0.0001
14262.345703125,708.59,777684,2015954.875,30.154298782348633,7305,-62020.579166669995,106,2536,194395,-1.4080374240875244,0.0001
15134.5595703125,706.26,779200,1663377.75,30.479103088378906,7320,-60640.91111110999,106,2540,194774,-1.9252331256866455,0.0001
12520.6015625,712.45,783156,1882644.0,32.07946014404297,7357,-59562.66111111,106,2544,195763,-2.729302167892456,0.0001
15486.443359375,708.68,786544,1901053.375,32.503662109375,7390,-59517.87361111,106,2548,196610,0.023984014987945557,0.0001
12866.498046875,703.79,790296,2135055.5,32.26868438720703,7426,-58472.22361111,106,2552,197548,-0.8242102861404419,0.0001
16382.595703125,704.57,792084,1500223.25,32.205875396728516,7445,-58378.71111111,106,2556,197995,0.3372819721698761,0.0001
13741.736328125,713.1,796084,2563858.25,31.678014755249023,7483,-56568.41111111,106,2560,198995,0.13074156641960144,0.0001
15413.6220703125,719.1,800084,1895105.25,32.33238983154297,7522,-56445.54861111,106,2564,199995,-0.8314700722694397,0.0001
13838.521484375,716.22,803012,1340058.75,31.89554214477539,7550,-57304.22361111,106,2568,200727,1.8185714483261108,0.0001
13930.560546875,719.23,804796,1194608.875,31.29742431640625,7567,-57275.17361111,106,2572,201173,1.5973492860794067,0.0001
13961.513671875,695.05,806756,3714368.0,30.74936866760254,7586,-59826.948611110005,106,2576,201663,1.7265889644622803,0.0001
15563.466796875,699.31,810128,1469502.25,29.254650115966797,7618,-59526.806944439995,106,2580,202506,3.166525363922119,0.0001
17244.06640625,693.08,811460,2234350.0,28.91223907470703,7631,-59518.119444439995,106,2584,202839,2.2345409393310547,0.0001
13050.93359375,688.32,814868,999655.625,28.31829261779785,7664,-59239.89444444,106,2588,203691,2.7065377235412598,0.0001
13980.8017578125,699.84,818868,1351785.25,26.988636016845703,7705,-58489.056944439995,106,2592,204691,3.923417568206787,0.0001
16417.892578125,719.25,822868,1836975.75,25.97525978088379,7743,-55747.45416665999,106,2596,205691,2.9070942401885986,0.0001
15859.4658203125,719.19,825968,812854.75,25.124065399169922,7773,-56986.316666659994,106,2600,206466,4.122158050537109,0.0001
15394.3779296875,709.24,827920,1907081.5,24.476837158203125,7792,-56886.816666659994,106,2604,206954,4.7979326248168945,0.0001
16489.822265625,716.2,831920,1374926.25,23.468822479248047,7830,-55203.316666659994,106,2608,207954,3.5003886222839355,0.0001
14129.3251953125,706.62,832876,34391536.0,23.289274215698242,7839,-55199.74166665999,106,2612,208193,2.9503636360168457,0.0001
15406.0283203125,713.87,836440,1100713.0,22.738304138183594,7874,-54168.22916666,106,2616,209084,2.3590614795684814,0.0001
17464.572265625,711.57,837872,986200.1875,22.52865982055664,7887,-54185.12916666,106,2620,209442,1.068307876586914,0.0001
15086.255859375,710.19,841264,1992047.75,22.288127899169922,7919,-54069.491666660004,106,2624,210290,0.5432281494140625,0.0001
15794.662109375,710.33,843724,2220855.5,22.39641761779785,7943,-52973.81527777,106,2628,210905,0.12240833044052124,0.0001
17406.33984375,717.62,846612,1838757.5,22.674158096313477,7972,-53945.56527777,106,2632,211627,-0.5156275033950806,0.0001
17030.86328125,718.13,849392,6190272.0,22.587020874023438,7999,-54662.10277777,106,2636,212322,0.381883442401886,0.0001
18040.892578125,723.86,851724,2618856.75,22.321317672729492,8022,-54907.358333330005,106,2640,212905,2.098464012145996,0.0001
14625.458984375,714.68,855724,2145312.25,21.77227210998535,8060,-55955.70833333,106,2644,213905,2.039349317550659,0.0001
15218.765625,729.77,859724,1284244.5,20.99590301513672,8100,-55089.820833330006,106,2648,214905,2.1984477043151855,0.0001
17185.44140625,724.93,861912,1265690.375,20.49211311340332,8123,-56840.695833330006,106,2652,215452,3.6287732124328613,0.0001
16700.6015625,727.16,865212,1278888.75,19.642141342163086,8154,-57930.43333333,106,2656,216277,4.281625747680664,0.0001
17931.13671875,727.74,869212,1286620.375,18.68838882446289,8195,-57791.170833330005,106,2660,217277,5.304624557495117,0.0001
15370.7841796875,713.5,870420,1033854.0625,18.39295196533203,8206,-58962.945833330006,106,2664,217579,5.168903827667236,0.0001
18433.0625,715.35,873736,1840658.75,17.805805206298828,8239,-58897.45833333,106,2668,218408,2.8218564987182617,0.0001
18410.73046875,721.97,877736,1800835.875,17.3743839263916,8281,-57119.420833330005,105,2672,219408,2.6243557929992676,0.0001
18279.935546875,736.06,880204,13080784.0,17.054285049438477,8307,-56906.93333333,105,2676,220025,3.7376818656921387,0.0001
17500.5703125,730.82,881820,1917696.625,16.834260940551758,8322,-57751.15,105,2680,220429,2.388641595840454,0.0001
17553.400390625,738.53,885820,2732620.0,16.477684020996094,8361,-56819.075,105,2684,221429,1.6974636316299438,0.0001
16936.66796875,724.95,886576,1612026.75,16.44224739074707,8368,-57799.0125,105,2688,221618,0.11016669869422913,0.0001
17742.56640625,686.68,886888,1511705.75,16.437362670898438,8371,-60416.0125,105,2692,221696,0.12359127402305603,0.0001
15284.556640625,657.98,887208,3238639.5,16.42764663696289,8374,-63285.7625,105,2696,221776,1.5700079202651978,0.0001
21717.46484375,635.01,889320,2626660.25,16.26245880126953,8393,-63949.575,105,2700,222304,1.8020062446594238,0.0001
21019.958984375,637.22,891324,2106225.0,16.19689178466797,8413,-64794.925,105,2704,222805,-0.7751866579055786,0.0001
17846.67578125,632.12,893836,1878931.25,15.95833683013916,8436,-66846.9625,105,2708,223433,3.011190891265869,0.0001
19894.26953125,625.35,897272,1956305.875,15.393243789672852,8468,-68812.5625,105,2712,224292,3.6013264656066895,0.0001
16434.01171875,630.0,899188,25989120.0,15.096720695495605,8486,-67736.85,105,2716,224771,4.047097682952881,0.0001
16596.81640625,643.87,902232,1303867.375,14.750212669372559,8515,-66879.28333333,105,2720,225532,0.3121681213378906,0.0001
20092.380859375,646.11,905888,1501524.625,14.66282844543457,8549,-65802.2875,105,2724,226446,1.3973640203475952,0.0001
19798.703125,650.07,909368,6135777.0,14.444336891174316,8581,-66932.3375,105,2728,227316,1.5383119583129883,0.0001
18914.83203125,649.88,912084,11815378.0,14.392751693725586,8607,-66031.5875,105,2732,227995,-0.6629810333251953,0.0001
17926.884765625,656.87,916084,1643914.125,14.365578651428223,8644,-64239.575,105,2736,228995,2.9629898071289062,0.0001
18835.435546875,663.68,919268,1498196.625,14.021523475646973,8674,-63464.7375,105,2740,229791,1.0778459310531616,0.0001
19950.72265625,665.54,920688,1437305.0,13.93664264678955,8687,-63483.3375,105,2744,230146,1.2983853816986084,0.0001
19395.763671875,637.33,921948,1829967.5,13.86351490020752,8699,-66210.125,105,2748,230461,0.7088630199432373,0.0001
18679.8359375,633.53,925948,5859584.0,13.673664093017578,8736,-66444.8375,105,2752,231461,-0.11015390604734421,0.0001
19988.560546875,637.19,928752,2040833.75,13.662440299987793,8762,-64476.0375,105,2756,232162,1.2639570236206055,0.0001
18753.533203125,627.36,931736,2204155.0,13.498085975646973,8790,-65522.7,105,2760,232908,0.6179816126823425,0.0001
19128.9375,620.07,932732,1582235.5,13.434855461120605,8799,-66449.7,105,2764,233157,1.356925129890442,0.0001
19117.71484375,609.37,934648,1351257.5,13.326888084411621,8817,-66648.7375,106,2768,233636,0.4854121208190918,0.0001
18320.41015625,595.81,936836,1211219.25,13.119579315185547,8837,-68480.3875,106,2772,234183,1.6456453800201416,0.0001
18399.759765625,611.02,940836,943249.125,12.646756172180176,8874,-65192.4,106,2776,235183,0.5567526817321777,0.0001
18592.58203125,620.62,944004,904155.625,12.343910217285156,8904,-64623.85,106,2780,235975,1.8621702194213867,0.0001
19559.072265625,624.17,948004,541225.5,11.730607032775879,8941,-63964.1875,106,2784,236975,2.761249542236328,0.0001
20186.328125,654.34,951736,573665.9375,11.151690483093262,8976,-61019.6375,106,2788,237908,3.1140482425689697,0.0001
19678.056640625,688.14,955696,420870.9375,10.649923324584961,9013,-58235.3625,106,2792,238898,3.707998752593994,0.0001
19274.2265625,715.93,959696,377616.875,10.170982360839844,9051,-56270.85,106,2796,239898,3.6972947120666504,0.0001
19049.25,746.3,963696,1039673.875,9.767407417297363,9088,-52681.3375,106,2800,240898,3.055111885070801,0.0001
18552.376953125,749.54,967560,566737.125,9.470946311950684,9124,-51890.4875,106,2804,241864,1.145097017288208,0.0001
17452.859375,748.48,969184,596993.625,9.397475242614746,9139,-50879.9875,106,2808,242270,1.5491132736206055,0.0001
18476.86328125,764.33,973156,498586.03125,9.190413475036621,9176,-49073.075,106,2812,243263,1.9172718524932861,0.0001
18506.916015625,772.29,977156,344961.875,8.843588829040527,9214,-48379.2,106,2816,244263,3.726738452911377,0.0001
19030.125,773.43,981044,331909.90625,8.491334915161133,9252,-47499.579166669995,106,2820,245235,3.0004844665527344,0.0001
17924.35546875,775.21,984340,299369.28125,8.205232620239258,9283,-46606.475,106,2824,246059,4.173976898193359,0.0001
17969.7421875,781.37,987480,302166.25,7.923919200897217,9312,-45775.0875,106,2828,246844,3.9130241870880127,0.0001
19014.958984375,791.37,991480,342577.9375,7.629244804382324,9350,-43875.2875,106,2832,247844,2.624587059020996,0.0001
18309.265625,791.37,995480,194386.40625,7.368782997131348,9387,-43804.6375,106,2836,248844,3.663374423980713,0.0001
17925.76953125,795.47,999392,296237.78125,7.096724510192871,9424,-42959.825,106,2840,249822,3.7329351902008057,0.0001
18292.673828125,805.05,1003392,2041797.875,6.8197503089904785,9461,-40935.4375,106,2844,250822,4.3942646980285645,0.0001
17217.39453125,827.83,1005864,182927.203125,6.668753623962402,9484,-38138.55,106,2848,251440,3.4524450302124023,0.0001
17925.3828125,836.15,1007544,343702.1875,6.590805530548096,9500,-37180.2875,106,2852,251860,2.845576763153076,0.0001
17730.98828125,827.85,1011480,345712.25,6.4762797355651855,9536,-39137.425,106,2856,252844,0.16744230687618256,0.0001
18576.63671875,842.15,1015480,351974.1875,6.46331262588501,9574,-37142.825,106,2860,253844,0.9855657815933228,0.0001
17612.53515625,862.34,1019128,334099.1875,6.417494297027588,9608,-35344.925,106,2864,254756,1.0550696849822998,0.0001
17878.1171875,888.54,1023128,345694.46875,6.275599956512451,9645,-32607.225,106,2868,255756,1.6268258094787598,0.0001
18015.109375,902.1,1027128,289864.375,6.088978290557861,9683,-30922.9125,106,2872,256756,2.6913843154907227,0.0001
17374.775390625,896.14,1030908,171570.359375,5.865077972412109,9718,-31760.0625,106,2876,257701,3.1054015159606934,0.0001
17559.76953125,896.46,1033156,302958.53125,5.734848976135254,9739,-31763.2625,106,2880,258263,2.014681816101074,0.0001
18193.76171875,871.81,1035804,972265.4375,5.705812931060791,9764,-35407.0875,106,2884,258925,-0.20049846172332764,0.0001
18212.80078125,864.76,1038504,349942.25,5.6483354568481445,9789,-36554.6875,106,2888,259600,0.5465790033340454,0.0001
17722.703125,865.05,1042048,310979.46875,5.588836193084717,9822,-36282.075,106,2892,260486,1.0237616300582886,0.0001
16995.904296875,861.51,1045696,564247.25,5.538267612457275,9856,-37489.1875,106,2896,261398,-0.530274510383606,0.0001
17528.169921875,861.51,1049696,985527.375,5.550964832305908,9893,-37489.1875,106,2900,262398,0.7509804964065552,0.0001
17297.345703125,847.52,1051776,990594.625,5.498361110687256,9913,-38079.125,106,2904,262918,1.028408408164978,0.0001
16923.23046875,852.4,1055532,616936.25,5.514327526092529,9948,-38127.925,106,2908,263857,-1.3555939197540283,0.0001
17623.71484375,846.24,1056612,436173.8125,5.564741134643555,9958,-38204.2125,106,2912,264127,-0.5852543115615845,0.0001
19271.62890625,837.19,1060068,1572475.5,5.759747505187988,9990,-39113.6125,106,2916,264991,-5.025331974029541,0.0001
20243.150390625,844.84,1064068,391650.03125,6.096164226531982,10027,-36993.45,106,2920,265991,-1.2963731288909912,0.0001
17904.2265625,850.02,1068016,406956.125,6.112491130828857,10064,-36879.5375,106,2924,266978,0.752668559551239,0.0001
19195.609375,855.64,1072016,11583456.0,6.107619285583496,10101,-35081.9625,106,2928,267978,0.05911146104335785,0.0001
19419.0546875,846.98,1075896,298888.125,6.036147594451904,10138,-36811.1625,106,2932,268948,0.7989552617073059,0.0001
17368.822265625,837.78,1079268,194693.421875,5.950341701507568,10169,-37940.2875,106,2936,269791,1.362269401550293,0.0001
17080.51953125,822.11,1079912,13344656.0,5.928596496582031,10175,-39783.3875,106,2940,269952,0.7873921394348145,0.0001
17407.013671875,794.14,1080992,274835.5625,5.929806709289551,10185,-42623.775,106,2944,270222,-0.4330744743347168,0.0001
17448.01953125,800.33,1084992,287027.9375,5.881353378295898,10222,-41545.05,106,2948,271222,0.11632776260375977,0.0001
16971.001953125,809.65,1088992,346747.625,5.713314533233643,10259,-39264.325,106,2952,272222,0.6896636486053467,0.0001
16569.447265625,804.11,1092200,332140.125,5.655117034912109,10289,-39213.65,106,2956,273024,0.516757071018219,0.0001
17399.8828125,778.55,1093240,322226.21875,5.653018474578857,10299,-41972.8,106,2960,273284,0.2614056468009949,0.0001
17352.2421875,776.18,1097240,314875.46875,5.763422012329102,10337,-41798.2625,106,2964,274284,-1.2299554347991943,0.0001
18784.896484375,766.72,1101168,6373226.0,6.247292995452881,10373,-42446.5125,106,2968,275266,-10.173691749572754,0.0001
18652.3515625,763.24,1103848,1710492.75,6.590396404266357,10398,-43275.9125,106,2972,275936,-8.643959045410156,0.0001
17270.10546875,751.49,1106084,1176595.75,6.775292873382568,10419,-44261.4625,106,2976,276495,-8.007174491882324,0.0001
19047.060546875,733.65,1107180,803612.125,6.849340915679932,10429,-44982.9625,106,2980,276769,-5.8986053466796875,0.0001
17868.92578125,736.24,1108452,854671.6875,6.918973445892334,10441,-43977.375,106,2984,277087,-5.928210258483887,0.0001
17340.44921875,736.47,1112452,601415.0,7.118749141693115,10478,-42785.975,106,2988,278087,-4.364950180053711,0.0001
17373.310546875,722.76,1114764,6616066.0,7.224463939666748,10500,-44615.6875,106,2992,278665,-5.058904647827148,0.0001
18766.4375,704.88,1115844,698674.125,7.279372692108154,10510,-45085.5125,106,2996,278935,-4.314369201660156,0.0001
16325.6064453125,687.62,1118816,1334422.5,7.446872711181641,10537,-46631.075,106,3000,279678,-5.56077766418457,0.0001
18379.91015625,700.34,1120556,13229414.0,7.545753479003906,10554,-45822.1375,106,3004,280113,-4.025021076202393,0.0001
18005.98046875,703.03,1124544,934925.5625,7.760733604431152,10590,-45352.052777779994,106,3008,281110,-3.938966751098633,0.0001
19504.03515625,689.83,1126392,841366.75,7.856020927429199,10607,-46119.952777779996,106,3012,281572,-4.426652431488037,0.0001
18349.884765625,682.53,1128472,662438.625,7.970469951629639,10626,-48676.302777779994,106,3016,282092,-4.911543846130371,0.0001
18952.91796875,662.91,1130884,981110.75,8.126270294189453,10649,-51513.927777779994,106,3020,282695,-5.224388122558594,0.0001
18714.8515625,657.7,1133288,5728986.0,8.291272163391113,10671,-53428.37777778,106,3024,283296,-5.644850730895996,0.0001
17643.21484375,657.7,1137288,1274637.0,8.578387260437012,10708,-53289.35277778,106,3028,284296,-6.022490501403809,0.0001
18821.435546875,664.1,1141288,909001.0625,8.891642570495605,10745,-52118.08333334,106,3032,285296,-6.081579208374023,0.0001
18767.013671875,673.3,1145288,891967.25,9.1740140914917,10783,-51093.47083334,106,3036,286296,-4.385316848754883,0.0001
17744.2578125,677.65,1148472,1116610.75,9.382359504699707,10812,-49918.258333339996,106,3040,287092,-4.782667636871338,0.0001
19397.6875,696.56,1151376,752074.0,9.53293514251709,10839,-49791.85833334,106,3044,287818,-1.9011869430541992,0.0001
19901.296875,692.9,1154612,813322.0,9.633356094360352,10869,-51754.008333339996,106,3048,288627,-1.3758869171142578,0.0001
18508.55859375,685.04,1158128,688902.0625,9.740208625793457,10902,-53785.679166669994,106,3052,289506,-2.004013776779175,0.0001
19483.537109375,701.94,1162128,1264958.125,9.811542510986328,10939,-50718.61944444999,106,3056,290506,-0.19366145133972168,0.0001
20244.97265625,707.46,1164860,2666475.0,10.095467567443848,10965,-50896.56944445,106,3060,291189,-9.533092498779297,0.0001
20251.89453125,672.21,1165240,18470070.0,10.162050247192383,10968,-53694.60694445,106,3064,291284,-7.074423789978027,0.0001
19504.330078125,661.45,1165936,2044560.125,10.249537467956543,10975,-55734.10694445,106,3068,291458,-5.95271110534668,0.0001
19195.03515625,657.42,1169428,1103671.875,10.519608497619629,11007,-56493.78194445,106,3072,292331,-2.3158040046691895,0.0001
21992.70703125,666.07,1172600,2348357.75,10.642361640930176,11037,-56451.23194445,106,3076,293124,-1.1793429851531982,0.0001
18819.84375,686.98,1175632,692984.0,10.713388442993164,11065,-55616.15694445,106,3080,293882,0.3560119867324829,0.0001
19629.513671875,692.5,1178612,878247.1875,10.738934516906738,11093,-55812.21944445,106,3084,294627,-0.022816717624664307,0.0001
21579.5546875,683.98,1180340,4656273.0,10.752415657043457,11109,-58063.75694445,106,3088,295059,-0.4593973159790039,0.0001
21378.380859375,679.67,1182556,2274988.25,10.801339149475098,11129,-59214.96944445,106,3092,295613,0.47171643376350403,0.0001
20988.791015625,683.32,1184748,1328611.125,10.800896644592285,11150,-59106.490277779994,106,3096,296161,0.1565520018339157,0.0001
19243.27734375,686.75,1186556,835720.25,10.733914375305176,11166,-60283.827777779996,106,3100,296613,0.7087873816490173,0.0001
20512.912109375,697.14,1190432,733809.875,10.502596855163574,11203,-60594.02777777999,106,3104,297582,1.214627742767334,0.0001
20437.068359375,692.72,1193932,902239.8125,10.198732376098633,11235,-60899.125,106,3108,298457,1.371401071548462,0.0001
18794.708984375,711.05,1196748,770974.125,10.028611183166504,11262,-60182.525,106,3112,299161,1.5934350490570068,0.0001
19595.072265625,718.39,1200568,663028.5625,9.662736892700195,11298,-59521.65,106,3116,300116,3.061957359313965,0.0001
19379.05078125,737.85,1204568,556471.875,9.278729438781738,11335,-57821.6125,106,3120,301116,3.9462497234344482,0.0001
19484.525390625,736.05,1207684,571929.625,8.953431129455566,11364,-58114.9125,106,3124,301895,4.533563613891602,0.0001
19214.564453125,725.37,1210272,607095.125,8.700279235839844,11388,-60146.9375,106,3128,302542,3.058171272277832,0.0001
20611.10546875,717.85,1213872,958466.375,8.387250900268555,11421,-62490.90694444001,106,3132,303442,3.0135090351104736,0.0001
19017.994140625,699.15,1214676,652994.25,8.32362174987793,11429,-65420.31944444001,106,3136,303643,2.7068939208984375,0.0001
19430.716796875,698.67,1218344,878169.1875,8.049527168273926,11463,-66531.69444444001,106,3140,304560,2.4280989170074463,0.0001
20811.486328125,707.73,1222344,745153.375,7.77189302444458,11500,-63938.09444444001,106,3144,305560,2.608250379562378,0.0001
19017.853515625,707.11,1226344,4724198.0,7.532511234283447,11537,-63214.419444440005,106,3148,306560,3.36104154586792,0.0001
19310.34375,707.91,1228304,474961.03125,7.40452241897583,11556,-62628.52361111,106,3152,307050,3.2155959606170654,0.0001
20498.23046875,707.91,1232304,427858.4375,7.1619744300842285,11593,-62751.68333333,106,3156,308050,2.4880003929138184,0.0001
20351.419921875,702.42,1235036,415150.75,6.988371849060059,11618,-63595.983333330005,106,3160,308733,1.993604063987732,0.0001
20255.89453125,713.1,1235508,283232.59375,6.96137809753418,11623,-62602.53333333001,106,3164,308851,2.246748447418213,0.0001
18797.998046875,711.48,1237740,550276.75,6.836740970611572,11643,-62696.08333333,106,3168,309409,2.250422954559326,0.0001
19129.19140625,713.3,1239520,405808.1875,6.743557453155518,11660,-61848.258333330006,106,3172,309854,2.631612777709961,0.0001
18641.765625,722.36,1243520,404469.4375,6.527806282043457,11697,-59901.87083333,106,3176,310854,3.3337502479553223,0.0001
19031.34765625,727.44,1247520,390420.59375,6.327207088470459,11734,-58097.14583333,106,3180,311854,0.7522950172424316,0.0001
18452.81640625,734.57,1251508,1000290.125,6.165127754211426,11771,-56908.695833330006,106,3184,312851,2.7389965057373047,0.0001
18953.685546875,739.42,1255464,264883.6875,6.015092849731445,11808,-55755.545833330005,106,3188,313840,2.0304152965545654,0.0001
18921.935546875,761.74,1259464,194875.84375,5.821346759796143,11845,-52215.80833333,106,3192,314840,2.1452341079711914,0.0001
17522.447265625,780.42,1263464,150657.859375,5.590576171875,11882,-49899.1625,106,3196,315840,3.0967626571655273,0.0001
17325.962890625,794.25,1267464,106257.78125,5.362315654754639,11920,-47176.2625,106,3200,316840,4.539586067199707,0.0001
16767.109375,795.94,1271464,245918.828125,5.157930850982666,11958,-45193.3625,106,3204,317840,2.703122138977051,0.0001
17647.828125,795.08,1273232,823475.5,5.077700138092041,11974,-45332.45,106,3208,318282,2.6719064712524414,0.0001
17110.6328125,798.09,1277232,220389.25,4.887279510498047,12011,-44110.004166670005,106,3212,319282,4.1286773681640625,0.0001
16164.251953125,807.1,1281232,115241.9765625,4.686373233795166,12048,-41305.12916667,106,3216,320282,4.16856575012207,0.0001
16245.875,805.33,1285232,116066.59375,4.5069780349731445,12085,-41244.39166667,106,3220,321282,4.12026834487915,0.0001
15258.986328125,815.14,1289232,133834.46875,4.351037979125977,12123,-38342.79166667,106,3224,322282,2.862438678741455,0.0001
15823.2490234375,824.81,1293232,235310.75,4.254434108734131,12160,-38439.49166667,106,3228,323282,2.1155600547790527,0.0001
15454.96875,834.59,1297232,170383.078125,4.1572394371032715,12197,-35537.59166667,106,3232,324282,1.0165776014328003,0.0001
15618.119140625,848.46,1301232,141485.71875,4.061404228210449,12234,-34574.46666667,106,3236,325282,2.2591986656188965,0.0001
14826.4951171875,862.82,1305232,85430.46875,3.9719457626342773,12271,-32820.80416667,106,3240,326282,1.786238193511963,0.0001
14851.8115234375,862.82,1309232,939834.5625,3.897578239440918,12308,-32820.80416667,106,3244,327282,1.8768441677093506,0.0001
13351.3515625,867.1,1313232,167038.734375,3.790189266204834,12345,-31863.70416667,106,3248,328282,1.32541823387146,0.0001
13005.13671875,874.16,1317232,170341.375,3.762051582336426,12383,-30934.40416667,106,3252,329282,0.35339784622192383,0.0001
14156.1484375,874.16,1321232,132815.15625,3.6647536754608154,12420,-31148.39166667,106,3256,330282,2.474486827850342,0.0001
13499.04296875,897.74,1324948,317545.84375,3.550177812576294,12454,-28485.191666669998,106,3260,331211,1.1261018514633179,0.0001
12856.123046875,917.68,1327912,574199.1875,3.5360140800476074,12482,-26679.89166667,106,3264,331952,-1.2708380222320557,0.0001
15822.771484375,933.28,1329940,450424.75,3.5509893894195557,12501,-24836.09166667,106,3268,332459,-0.5094637274742126,0.0001
13767.599609375,935.88,1333940,335587.5625,3.587296485900879,12538,-25063.84166667,106,3272,333459,-0.35673266649246216,0.0001
13649.052734375,935.88,1337940,316162.53125,3.570258378982544,12575,-25230.07916667,106,3276,334459,0.45481228828430176,0.0001
14240.423828125,916.78,1339716,499184.125,3.55619215965271,12592,-28038.77916667,106,3280,334903,0.08258560299873352,0.0001
13193.4091796875,926.19,1343716,141090.609375,3.477311849594116,12629,-26392.92916667,106,3284,335903,1.112708330154419,0.0001
14702.806640625,937.45,1347716,113864.9375,3.356267213821411,12666,-24707.47916667,106,3288,336903,0.7757260799407959,0.0001
13968.10546875,937.45,1351716,384578.59375,3.1925086975097656,12703,-24707.47916667,106,3292,337903,1.1401467323303223,0.0001
13801.8740234375,922.86,1354368,655671.9375,3.1613407135009766,12728,-28561.17916667,106,3296,338566,-0.47959375381469727,0.0001
13671.48046875,914.2,1356936,1133052.5,3.2149112224578857,12752,-32474.17916667,106,3300,339208,-1.9368339776992798,0.0001
12997.0185546875,887.66,1358336,27443136.0,3.278041362762451,12765,-36208.37916667,106,3304,339558,-1.145972490310669,0.0001
14614.5703125,868.09,1360172,324248.625,3.3165462017059326,12782,-38012.47916667,106,3308,340017,-2.3674936294555664,0.0001
12998.283203125,867.61,1363004,694606.9375,3.4339942932128906,12808,-38260.325,106,3312,340725,-2.8914542198181152,0.0001
15233.234375,840.8,1366184,911019.25,3.5639772415161133,12837,-41991.825,106,3316,341520,-3.9320077896118164,0.0001
13811.017578125,825.37,1366588,2112199.75,3.5890135765075684,12841,-44042.925,106,3320,341621,-4.6524224281311035,0.0001
14338.9794921875,789.35,1367008,965345.9375,3.6155190467834473,12845,-47682.325,106,3324,341726,-5.187468528747559,0.0001
13631.7568359375,754.49,1367456,471367.375,3.647550344467163,12849,-49333.525,106,3328,341838,-5.242435932159424,0.0001
13376.580078125,728.13,1371456,727400.4375,3.8197543621063232,12886,-52069.625,106,3332,342838,-3.218282461166382,0.0001
13572.814453125,727.07,1373192,5472098.5,3.868926763534546,12902,-52160.95,106,3336,343272,-3.361267328262329,0.0001
14197.79296875,712.59,1377192,1016309.5,4.0158562660217285,12939,-54015.95,106,3340,344272,-5.1453752517700195,0.0001
13841.869140625,712.51,1381160,1353930.0,4.163283348083496,12976,-55015.05,106,3344,345264,-3.888103485107422,0.0001
13048.6337890625,712.51,1385160,6027389.0,4.295851707458496,13013,-55015.05,106,3348,346264,-2.4147300720214844,0.0001
11871.0458984375,707.29,1387196,1179550.75,4.362644195556641,13033,-55853.3,106,3352,346773,-2.4545443058013916,0.0001
12967.98828125,693.25,1390280,24916292.0,4.465395927429199,13062,-58604.2,106,3356,347544,-3.506408452987671,0.0001
14282.8330078125,689.09,1393300,15065369.0,4.550928115844727,13090,-58562.6,106,3360,348299,-1.7844897508621216,0.0001
14431.072265625,697.52,1397300,17941340.0,4.66374397277832,13127,-57752.25,106,3364,349299,-3.74951171875,0.0001
12354.720703125,697.23,1400852,556512.375,4.788699626922607,13160,-58749.25,106,3368,350187,-3.1543068885803223,0.0001
13180.19140625,689.83,1403380,595968.0,4.856683254241943,13184,-61674.95,106,3372,350819,-1.1507165431976318,0.0001
12836.220703125,682.82,1406652,590007.75,4.946157455444336,13214,-62604.75,106,3376,351637,-1.8292402029037476,0.0001
12929.587890625,680.38,1407516,700083.375,4.969699382781982,13222,-63580.25,106,3380,351853,-2.756884813308716,0.0001
13058.7509765625,649.97,1409260,502043.9375,5.022693634033203,13238,-67275.75,106,3384,352289,-2.1872615814208984,0.0001
13006.2763671875,618.8,1409748,492775.125,5.039323806762695,13243,-70759.275,106,3388,352411,-1.3108165264129639,0.0001
13275.4677734375,612.23,1413748,292710.5,5.147290229797363,13280,-71693.475,106,3392,353411,-1.3260366916656494,0.0001
12446.7314453125,626.82,1417748,351357.09375,5.248856067657471,13317,-67839.775,106,3396,354411,-2.4598400592803955,0.0001
14182.8046875,634.32,1421748,354359.4375,5.386396884918213,13354,-64915.075,106,3400,355411,-1.178729772567749,0.0001
13182.361328125,660.86,1425748,454118.03125,5.459073066711426,13392,-61180.875,106,3404,356411,-1.1759082078933716,0.0001
12958.701171875,689.1,1429748,553030.5,5.561636447906494,13429,-58248.36666667,106,3408,357411,-1.123212456703186,0.0001
12640.587890625,683.25,1432988,1251272.0,5.647175312042236,13459,-58087.06666667,106,3412,358221,-1.2710990905761719,0.0001
13813.54296875,701.15,1434876,610291.125,5.67625617980957,13477,-55266.366666669994,106,3416,358693,-1.0766810178756714,0.0001
12953.583984375,714.14,1438876,486028.40625,5.756188869476318,13514,-53292.266666669995,106,3420,359693,0.4618585705757141,0.0001
13369.36328125,737.28,1442524,6928442.5,5.842127323150635,13548,-51418.54166667,106,3424,360605,-0.43222612142562866,0.0001
13417.41015625,769.8,1445748,705066.4375,5.860448837280273,13578,-48744.04166667,106,3428,361411,0.3366115689277649,0.0001
12149.1513671875,782.65,1447208,1560772.25,5.871162414550781,13591,-47872.641666669995,106,3432,361776,-1.3107972145080566,0.0001
12178.087890625,775.42,1450772,665989.125,6.114146709442139,13624,-48800.241666669994,106,3436,362667,-0.6291162967681885,0.0001
13556.447265625,783.29,1454772,399098.5,6.1996870040893555,13662,-47879.04166667,106,3440,363667,-0.0016021095216274261,0.0001
14000.4423828125,772.51,1456752,322168.21875,6.133115768432617,13680,-48643.40416666999,106,3444,364162,1.1437089443206787,0.0001
11959.3017578125,768.43,1460752,329948.8125,5.919766902923584,13717,-49602.50416667,106,3448,365162,2.779963731765747,0.0001
13046.0048828125,773.65,1464752,306444.84375,5.692360877990723,13754,-48764.25416667,106,3452,366162,2.8337833881378174,0.0001
14501.73046875,786.88,1468512,850303.625,5.4516921043396,13789,-47768.679166669994,106,3456,367102,2.4255900382995605,0.0001
13718.193359375,782.46,1470400,1437924.0,5.402036190032959,13807,-48090.079166669995,106,3460,367574,-1.8748908042907715,0.0001
11916.6552734375,782.02,1474400,303515.75,5.3139967918396,13844,-49085.579166669995,106,3464,368574,2.8440330028533936,0.0001
14153.28125,774.78,1477908,428528.875,5.190983772277832,13877,-50013.079166669995,106,3468,369451,1.6154522895812988,0.0001
12989.7607421875,779.96,1481908,693427.75,5.234830856323242,13914,-47065.179166669994,106,3472,370451,-0.3266001343727112,0.0001
11839.76953125,773.86,1483772,308721.5,5.301231384277344,13932,-49003.97916667,106,3476,370917,-1.3109372854232788,0.0001
13350.041015625,788.53,1486548,365242.40625,5.4347124099731445,13957,-46944.054166669994,106,3480,371611,-2.7152085304260254,0.0001
14383.4453125,818.94,1490548,658301.1875,5.58958101272583,13995,-43248.554166669994,106,3484,372611,-2.533792734146118,0.0001
13253.857421875,850.11,1494548,297216.6875,5.763228416442871,14032,-39765.02916667,106,3488,373611,-1.062433123588562,0.0001
14349.91796875,852.58,1498548,307554.5625,5.698862552642822,14069,-39689.37916667,106,3492,374611,2.2184548377990723,0.0001
13602.921875,849.39,1502548,295427.1875,5.4956955909729,14106,-40657.37916667,106,3496,375611,0.6747872829437256,0.0001
12420.26953125,848.68,1506548,1576527.625,5.720577716827393,14143,-41650.17916667,106,3500,376611,-8.040055274963379,0.0001
13284.71875,838.87,1509852,1555842.25,6.110956192016602,14174,-44245.179166669994,106,3504,377437,-10.0863037109375,0.0001
17748.97265625,827.96,1512000,1171489.5,6.259775638580322,14194,-45146.9125,106,3508,377974,-7.303795337677002,0.0001
15781.8037109375,827.46,1514456,734733.0,6.369518756866455,14217,-46007.1125,106,3512,378588,-4.427816390991211,0.0001
13468.2412109375,836.37,1518456,204671.5,6.462265491485596,14254,-45096.3125,106,3516,379588,-1.23074471950531,0.0001
13660.68359375,835.79,1522456,461888.28125,6.50007963180542,14291,-45194.7125,106,3520,380588,-3.0437662601470947,0.0001
11865.89453125,844.54,1525888,1120702.875,6.5789690017700195,14323,-44266.9375,106,3524,381446,-3.8584582805633545,0.0001
16773.337890625,836.46,1529504,550923.6875,6.6905035972595215,14356,-45863.0625,106,3528,382350,-1.2824985980987549,0.0001
14701.048828125,836.24,1531212,1779420.75,6.721700668334961,14372,-45748.4875,106,3532,382777,-1.6843810081481934,0.0001
15195.1494140625,844.62,1535212,1382171.5,6.896195411682129,14409,-44832.3875,106,3536,383777,-1.1788628101348877,0.0001
15251.3173828125,845.1,1538300,307330.21875,7.018779754638672,14438,-45733.8625,106,3540,384549,-1.2110984325408936,0.0001
13652.5400390625,855.96,1542300,194676.671875,7.014471530914307,14476,-43970.4,106,3544,385549,2.500610828399658,0.0001
15618.283203125,852.54,1545236,6795850.0,6.872093677520752,14503,-43936.2,106,3548,386283,3.2644195556640625,0.0001
12680.8369140625,844.29,1549236,451334.75,6.708864688873291,14540,-45853.5,106,3552,387283,0.38820794224739075,0.0001
14224.830078125,840.93,1551896,237359.96875,6.633394241333008,14565,-45056.375,106,3556,387948,1.790860652923584,0.0001
15671.11328125,845.45,1555896,290020.75,6.589001655578613,14602,-44735.975,106,3560,388948,-0.7506743669509888,0.0001
14871.3154296875,841.84,1559896,207072.6875,6.506932258605957,14639,-45589.425,106,3564,389948,1.575697898864746,0.0001
16382.232421875,850.06,1563140,446540.6875,6.371543884277344,14670,-44571.05,106,3568,390759,1.3889943361282349,0.0001
14381.6689453125,853.74,1567140,331601.5,6.202049732208252,14707,-44607.85,106,3572,391759,2.208054542541504,0.0001
14536.9560546875,862.01,1570844,314106.53125,6.010526657104492,14741,-42690.75,106,3576,392685,2.1908888816833496,0.0001
14309.529296875,868.88,1574844,278641.9375,5.804752349853516,14780,-40966.475,106,3580,393685,2.1795754432678223,0.0001
15287.4072265625,868.88,1578844,16543734.0,5.655192852020264,14817,-40966.475,106,3584,394685,0.9004374742507935,0.0001
17255.21484375,857.93,1581004,354731.6875,5.548555850982666,14837,-42856.775,106,3588,395225,1.1328097581863403,0.0001
16515.45703125,846.26,1583948,245615.859375,5.412484169006348,14864,-44715.625,106,3592,395961,1.6379132270812988,0.0001
14670.943359375,841.05,1587948,1070435.0,5.325623512268066,14901,-44663.525,106,3596,396961,-0.5028442740440369,0.0001
17319.109375,836.67,1589984,3987036.25,5.416801452636719,14920,-43399.05,106,3600,397470,-0.6635246872901917,0.0001
16580.732421875,844.27,1593984,392019.375,5.617544651031494,14957,-41370.41666667,106,3604,398470,0.0030548572540283203,0.0001
16376.9248046875,843.55,1595772,467083.75,5.644123554229736,14974,-42344.97916667,106,3608,398917,-0.9581406116485596,0.0001
15005.716796875,843.87,1599484,291289.875,5.526716709136963,15008,-41585.77916667,106,3612,399845,1.3310043811798096,0.0001
14411.5390625,830.03,1602492,402880.875,5.370744705200195,15036,-43447.179166669994,106,3616,400597,2.7101573944091797,0.0001
16040.314453125,819.04,1604456,237785.40625,5.250101089477539,15054,-44337.179166669994,106,3620,401088,2.7731902599334717,0.0001
16953.396484375,817.39,1608260,545048.5,5.0367302894592285,15090,-44300.12916667,106,3624,402039,4.488053321838379,0.0001
15041.572265625,820.41,1610492,221952.390625,4.8932390213012695,15110,-42448.58333334,106,3628,402597,2.943587064743042,0.0001
14424.6484375,810.49,1612260,328378.59375,4.831839084625244,15127,-43043.29166667,106,3632,403039,0.8564728498458862,0.0001
15441.1435546875,806.39,1616068,1211163.5,4.7447285652160645,15162,-42002.391666669995,106,3636,403991,0.25039923191070557,0.0001
16329.458984375,803.8,1618144,356598.75,4.721127986907959,15181,-41079.81666667,106,3640,404510,1.38270103931427,0.0001
15578.736328125,790.59,1621776,649686.875,4.8073577880859375,15215,-44947.31666667,106,3644,405418,-1.4450019598007202,0.0001
14794.451171875,792.32,1625288,813471.5625,4.960596084594727,15248,-45964.516666669995,106,3648,406296,-2.2186150550842285,0.0001
19954.57421875,791.95,1627464,4053648.5,5.071747303009033,15268,-45960.81666667,106,3652,406840,-3.846733331680298,0.0001
19094.27734375,769.32,1629408,1249273.375,5.216611862182617,15286,-48734.21666666999,106,3656,407326,-5.253156661987305,0.0001
15532.681640625,764.29,1631664,949042.5625,5.387156963348389,15307,-49683.81666667,106,3660,407890,-5.279480934143066,0.0001
16340.4375,753.89,1633972,7225098.0,5.510362148284912,15328,-51689.96666666999,106,3664,408467,-3.5459628105163574,0.0001
14789.5751953125,738.12,1636400,12123744.0,5.582547664642334,15351,-53532.21666666999,106,3668,409074,-1.3495090007781982,0.0001
15621.6884765625,726.09,1638752,405744.09375,5.651883602142334,15372,-55170.09166666999,106,3672,409662,-1.8776822090148926,0.0001
14997.9765625,730.93,1642752,490250.25,5.778639793395996,15409,-54218.59166666999,106,3676,410662,-1.3474804162979126,0.0001
15939.0380859375,718.76,1646456,665732.125,5.925105571746826,15444,-55851.38749999999,106,3680,411588,-2.7765655517578125,0.0001
16047.244140625,714.01,1649672,630142.125,6.056944847106934,15474,-56692.1625,106,3684,412392,-0.9072238802909851,0.0001
17443.5234375,724.96,1653672,404155.53125,6.193626880645752,15511,-54801.8625,106,3688,413392,-2.4577364921569824,0.0001
16920.3984375,740.73,1657672,855407.0,6.283768177032471,15548,-52084.4625,106,3692,414392,-0.9884645938873291,0.0001
17547.91796875,744.14,1661400,523312.6875,6.288882255554199,15583,-52896.7875,106,3696,415324,0.0002563595771789551,0.0001
15400.486328125,750.39,1665400,5381237.0,6.221717834472656,15620,-52180.1625,106,3700,416324,0.17201951146125793,0.0001
15098.458984375,746.05,1668600,461189.875,6.13024377822876,15650,-53424.24583333,106,3704,417124,1.198685646057129,0.0001
16191.630859375,748.79,1671620,528617.875,6.082684516906738,15678,-53570.295833330005,106,3708,417879,2.9244682788848877,0.0001
16705.5625,753.81,1674500,355504.4375,5.868776321411133,15705,-54366.920833330005,106,3712,418599,2.580928325653076,0.0001
18347.6953125,745.39,1676204,4837945.0,5.799224376678467,15721,-55972.100000000006,106,3716,419025,0.3125222325325012,0.0001
15270.03515625,746.8,1678932,437647.5625,5.759764194488525,15746,-55986.2,106,3720,419707,0.09246069192886353,0.0001
17129.6640625,741.66,1682044,482864.8125,5.809812068939209,15775,-58075.85,106,3724,420485,-0.4483382999897003,0.0001
13646.310546875,730.41,1684312,5504672.0,6.117281436920166,15796,-60167.97083333001,106,3728,421052,-20.758756637573242,0.0001
17445.6953125,735.87,1685388,1227882.625,6.281055450439453,15806,-61640.8375,106,3732,421321,-16.342998504638672,0.0001
16574.197265625,722.64,1688312,556751.875,6.512662887573242,15833,-63355.4625,106,3736,422052,-8.307649612426758,0.0001
15048.85546875,728.27,1690460,519683.28125,6.618923187255859,15853,-62411.8625,106,3740,422589,-6.002490997314453,0.0001
18389.4375,716.87,1693196,629810.125,6.730001449584961,15879,-62297.8625,106,3744,423273,-8.172110557556152,0.0001
19774.68359375,714.51,1696468,461447.0,6.854730129241943,15909,-63052.375,106,3748,424091,-4.330310344696045,0.0001
18307.34765625,708.64,1698308,618299.75,6.913650989532471,15926,-63993.575,106,3752,424551,-3.8548710346221924,0.0001
15819.75390625,713.4,1700888,773649.875,6.989358901977539,15950,-63041.275,106,3756,425196,-4.419894695281982,0.0001
18419.8671875,707.07,1703112,482878.6875,7.05926513671875,15971,-62877.9,106,3760,425752,-4.53604793548584,0.0001
17630.603515625,696.45,1704428,779094.625,7.1048994064331055,15983,-62771.7,106,3764,426081,-3.162405014038086,0.0001
18227.548828125,698.88,1706816,715458.25,7.209905624389648,16005,-61896.625,106,3768,426678,-5.491238594055176,0.0001
20437.1640625,709.5,1710816,15761160.0,7.399242401123047,16042,-60119.45,106,3772,427678,-4.038717269897461,0.0001
18994.8359375,709.5,1714816,572307.0625,7.521687984466553,16079,-59843.175,106,3776,428678,-2.597914934158325,0.0001
16947.044921875,716.58,1718528,1258854.75,7.619327068328857,16114,-60159.27916666999,106,3780,429606,-1.6786925792694092,0.0001
18221.90234375,715.54,1720680,773722.125,7.655088424682617,16134,-61260.40416666999,106,3784,430144,-1.0287518501281738,0.0001
18434.83203125,715.54,1724680,984531.375,7.632634162902832,16171,-61260.40416666999,106,3788,431144,-1.9704866409301758,0.0001
18803.4921875,694.16,1726188,14541182.0,7.631040573120117,16185,-64839.016666669995,106,3792,431521,0.5050477981567383,0.0001
17026.943359375,670.82,1728064,1012968.625,7.61667013168335,16202,-66827.09166666999,106,3796,431990,-2.5349209308624268,0.0001
19730.310546875,662.82,1731620,519299.3125,7.929526329040527,16235,-67746.99166667,106,3800,432879,-3.5087778568267822,0.0001
16807.734375,655.08,1734208,458599.375,8.069612503051758,16259,-68569.94166667,106,3804,433526,-2.286860466003418,0.0001
20319.73046875,658.44,1737016,4823239.0,8.16630744934082,16285,-68209.50416667,106,3808,434228,-2.139443874359131,0.0001
19544.564453125,659.02,1740680,459615.875,8.262880325317383,16319,-67003.50416667,106,3812,435144,-1.6031912565231323,0.0001
19651.9921875,679.85,1744680,387920.5625,8.252762794494629,16356,-65400.45,106,3816,436144,0.7548004984855652,0.0001
21215.0546875,687.02,1747504,4766365.0,8.135185241699219,16383,-64472.25,106,3820,436850,-0.912761926651001,0.0001
16956.49609375,697.94,1751504,852569.375,8.36158275604248,16420,-61472.75,106,3824,437850,-3.6019301414489746,0.0001
16997.55859375,717.6,1755504,930122.5625,8.746655464172363,16457,-58669.65,106,3828,438850,-2.901282787322998,0.0001
20281.34765625,732.23,1759504,1070208.0,8.653624534606934,16494,-56816.15,106,3832,439850,3.47745418548584,0.0001
18758.61328125,750.41,1762940,971894.25,8.402484893798828,16526,-55151.025,106,3836,440709,2.9273219108581543,0.0001
18923.0703125,755.42,1766940,351737.09375,8.083379745483398,16563,-54201.225,106,3840,441709,4.314055919647217,0.0001
17989.455078125,773.49,1770828,190761.5625,7.716714382171631,16599,-51382.225,106,3844,442681,5.022213935852051,0.0001
21371.82421875,779.23,1774284,29899840.0,7.410650730133057,16631,-50661.5125,106,3848,443545,-2.030240058898926,0.0001
19200.453125,770.85,1774900,8146173.0,7.444854259490967,16637,-50477.5375,106,3852,443699,-10.729499816894531,0.0001
18428.87890625,755.0,1775000,6145137.0,7.458125114440918,16638,-51318.9375,106,3856,443724,-8.22624683380127,0.0001
17053.8046875,733.76,1775108,5847429.0,7.47185754776001,16639,-53206.4125,106,3860,443751,-7.433602333068848,0.0001
22421.515625,722.46,1776208,1909621.5,7.57902717590332,16649,-52993.4125,106,3864,444026,-4.261445999145508,0.0001
19406.5,717.47,1778412,628426.5,7.649163246154785,16669,-53822.325,106,3868,444577,-0.7042714357376099,0.0001
19331.646484375,698.09,1779848,474166.8125,7.641144752502441,16683,-56504.1625,106,3872,444936,1.8570525646209717,0.0001
20188.822265625,667.09,1780228,1089341.0,7.63067102432251,16686,-60369.25,106,3876,445031,2.3444652557373047,0.0001
20521.625,643.21,1782484,1154421.75,7.545956611633301,16707,-62130.25,106,3880,445595,2.060718536376953,0.0001
18200.62109375,640.86,1784448,729105.25,7.520304203033447,16725,-61966.325,106,3884,446086,1.5883091688156128,0.0001
19171.986328125,640.31,1788448,1096655.875,7.373889923095703,16762,-62322.55,106,3888,447086,2.826293706893921,0.0001
21163.140625,650.91,1791188,972632.75,7.211276054382324,16788,-61535.3125,106,3892,447771,1.1801598072052002,0.0001
21052.76171875,679.24,1795188,631140.0,7.063324928283691,16825,-57582.35,106,3896,448771,3.046670436859131,0.0001
18957.2734375,687.24,1799188,796960.5,7.099899768829346,16862,-56662.45,106,3900,449771,-4.135157585144043,0.0001
19201.69921875,684.39,1802188,645854.75,7.312614440917969,16890,-57727.0625,106,3904,450521,-1.068243145942688,0.0001
20374.11328125,676.03,1805312,440537.59375,7.3307061195373535,16919,-57857.90833332999,106,3908,451302,1.4772982597351074,0.0001
18469.125,671.13,1807584,787462.4375,7.298790454864502,16940,-60134.53333333001,106,3912,451870,0.13845768570899963,0.0001
24971.548828125,657.14,1810188,954168.3125,7.272018909454346,16964,-60883.78333333001,106,3916,452521,1.5707899332046509,0.0001
23861.861328125,656.62,1813636,3755029.0,7.211637020111084,16996,-62766.483333330005,106,3920,453383,0.8208616971969604,0.0001
20336.89453125,636.85,1815012,1860770.5,7.196460723876953,17009,-65677.48333333,106,3924,453727,-1.332301378250122,0.0001
18168.982421875,607.58,1815964,1605292.375,7.289857387542725,17018,-69384.38333333,106,3928,453965,-5.344243049621582,0.0001
20459.109375,581.45,1817044,836658.5,7.383273124694824,17028,-70994.27083333001,106,3932,454235,-3.0458221435546875,0.0001
19478.673828125,552.15,1819128,704119.625,7.561318397521973,17047,-73367.98333333,106,3936,454756,-2.8300795555114746,0.0001
21453.1953125,547.89,1821568,613913.0625,7.68808126449585,17070,-74057.80833333,106,3940,455366,-2.3067333698272705,0.0001
21077.7265625,549.52,1825568,1028943.1875,7.829992294311523,17107,-74074.10833333,106,3944,456366,-2.084360122680664,0.0001
23100.140625,546.17,1829568,1386214.125,7.865933895111084,17145,-73040.70833333001,106,3948,457366,-0.23585689067840576,0.0001
22729.90625,568.01,1833424,859809.375,7.773197174072266,17180,-71254.58333333001,106,3952,458330,-1.5377211570739746,0.0001
20617.16796875,596.68,1836120,528791.0,7.661607265472412,17206,-69305.78333333001,106,3956,459004,0.5865024328231812,0.0001
21333.71484375,618.71,1837832,1287287.25,7.598464488983154,17221,-68420.49583333,106,3960,459432,-0.5292178392410278,0.0001
21530.03125,647.55,1841480,1530087.875,7.569137096405029,17255,-66567.89166666,106,3964,460344,-0.670238733291626,0.0001
22979.39453125,659.12,1844124,1512895.25,8.013167381286621,17280,-65658.72916666,106,3968,461005,-7.757097244262695,0.0001
20654.1953125,671.35,1847464,4044417.25,8.229787826538086,17311,-64869.491666660004,106,3972,461840,-3.488475799560547,0.0001
21170.439453125,681.36,1848108,555200.4375,8.266507148742676,17317,-64816.179166660004,106,3976,462001,-2.336991786956787,0.0001
22469.5390625,689.8,1851760,578736.75,8.32915210723877,17351,-64567.94166666,106,3980,462914,1.339928150177002,0.0001
21723.69921875,685.01,1854056,382568.59375,8.27531623840332,17372,-64560.46666666,106,3984,463488,3.00191593170166,0.0001
20174.041015625,680.74,1857292,282246.875,8.077747344970703,17402,-65704.46666666,106,3988,464297,3.993083953857422,0.0001
20739.646484375,682.96,1860380,4517430.5,7.856401443481445,17431,-66711.64166666,106,3992,465069,3.4356794357299805,0.0001
25845.775390625,664.07,1862988,6267363.5,8.118684768676758,17455,-68644.59166666,106,3996,465721,-12.82546615600586,0.0001
30567.390625,653.0,1864584,1433472.5,8.361512184143066,17470,-70533.69166666,106,4000,466120,-14.433696746826172,0.0001
20218.669921875,654.85,1868584,1488947.5,8.732993125915527,17506,-68206.70416666,106,4004,467120,-8.62335205078125,0.0001
20286.08203125,667.85,1872540,780114.75,8.903221130371094,17543,-66260.30833333,106,4008,468109,-2.004105567932129,0.0001
21738.44921875,663.73,1873840,1082443.625,8.94528865814209,17555,-65257.62083333,106,4012,468434,-1.9131662845611572,0.0001
22946.3125,668.11,1876936,513660.875,9.025020599365234,17584,-64534.24583333,106,4016,469208,-1.712343692779541,0.0001
21485.130859375,659.35,1880280,704681.6875,9.115473747253418,17615,-63558.64583333,106,4020,470044,-0.8977412581443787,0.0001
22116.951171875,671.11,1882004,472198.34375,9.139999389648438,17631,-62676.34583333001,106,4024,470475,-0.9716612696647644,0.0001
22088.65625,687.9,1885612,567861.6875,9.194132804870605,17665,-60708.820833330006,106,4028,471377,0.8513882756233215,0.0001
22188.4609375,717.59,1889612,391611.0625,9.172600746154785,17702,-56999.03333333001,106,4032,472377,1.9124424457550049,0.0001
22082.48046875,750.78,1893612,2186155.0,9.021888732910156,17739,-53519.695833330006,106,4036,473377,3.195533275604248,0.0001
21174.70703125,751.67,1896728,730044.625,8.864307403564453,17768,-53379.25000000001,106,4040,474156,2.474699020385742,0.0001
22601.189453125,756.29,1900728,334165.5625,8.56706428527832,17805,-53047.3125,106,4044,475156,3.15342116355896,0.0001
22619.10546875,744.7,1904136,17227996.0,8.262663841247559,17837,-54830.425,106,4048,476008,2.836693286895752,0.0001
21540.20703125,745.27,1907952,425250.5,8.02167797088623,17872,-54941.025,106,4052,476962,3.119856834411621,0.0001
21133.7265625,754.11,1911952,576648.1875,7.778842449188232,17910,-53265.325,106,4056,477962,3.6299333572387695,0.0001
20214.94140625,771.07,1915952,213318.6875,7.479866027832031,17947,-50413.875,106,4060,478962,4.428554534912109,0.0001
22147.462890625,778.6,1919952,231886.6875,7.128414630889893,17984,-48730.579166669995,106,4064,479962,4.444764137268066,0.0001
19902.119140625,785.85,1922036,154304.25,6.941584587097168,18004,-46949.329166669995,106,4068,480483,8.345724105834961,0.0001
21448.58203125,790.62,1925928,278545.21875,6.664849281311035,18040,-45158.12916667,106,4072,481456,5.9676666259765625,0.0001
22948.919921875,794.29,1927452,1379640.25,6.580648899078369,18054,-45346.054166669994,106,4076,481837,4.484401702880859,0.0001
23253.904296875,811.96,1931212,254755.84375,6.520742893218994,18090,-42622.44166667,106,4080,482777,1.2847437858581543,0.0001
20739.62890625,823.66,1935212,764364.125,6.403732776641846,18127,-41839.54166667,106,4084,483777,-0.6145651340484619,0.0001
22216.072265625,807.71,1937632,1904471.625,6.440657138824463,18149,-43811.616666669994,106,4088,484382,-3.1597177982330322,0.0001
25260.6875,790.58,1938840,1197328.25,6.508851528167725,18160,-43339.84166666999,106,4092,484684,-4.706006050109863,0.0001
21127.568359375,773.52,1939620,494220.3125,6.541535377502441,18168,-45181.29166667,106,4096,484879,-0.7542537450790405,0.0001
23869.205078125,758.86,1940364,673053.5625,6.567861080169678,18175,-46916.37916667,106,4100,485065,-2.61447811126709,0.0001
21755.90625,742.13,1941620,504704.5,6.601646423339844,18186,-48920.81666667,106,4104,485379,-1.9068372249603271,0.0001
21749.20703125,734.86,1944872,664113.875,6.5286641120910645,18217,-51039.96666666999,106,4108,486192,1.7794655561447144,0.0001
26407.017578125,729.47,1948024,2355342.5,6.380509853363037,18246,-52087.10416667,106,4112,486980,3.609800338745117,0.0001
27428.3671875,731.82,1951100,7882301.0,6.409558296203613,18275,-52110.60416667,106,4116,487749,-5.230766296386719,0.0001
24109.708984375,737.62,1953340,2255707.25,6.584336757659912,18296,-52168.60416667,106,4120,488309,-5.428861618041992,0.0001
21626.41796875,728.77,1956356,786485.3125,6.734226703643799,18324,-53080.00416667,106,4124,489063,-4.144220352172852,0.0001
23325.19921875,735.99,1959816,1344481.25,6.825644016265869,18356,-54287.72916667,106,4128,489928,-1.0966812372207642,0.0001
21979.625,735.44,1963816,1319930.25,6.83712911605835,18393,-55417.829166669995,106,4132,490928,-1.2857719659805298,0.0001
20924.8515625,735.44,1967816,474087.25,6.7484917640686035,18430,-55562.454166669995,106,4136,491928,1.7314436435699463,0.0001
24079.49609375,730.14,1969932,433626.4375,6.643767356872559,18450,-56926.175,106,4140,492457,1.0990732908248901,0.0001
27321.375,730.43,1973932,1427488.5,6.462717533111572,18487,-56307.3125,106,4144,493457,2.2214407920837402,0.0001
22214.3359375,738.22,1977616,840643.0,6.426422119140625,18521,-55329.925,106,4148,494378,-3.096930503845215,0.0001
26783.8046875,730.55,1980564,617130.75,6.647491455078125,18549,-55010.2625,106,4152,495115,-3.5610060691833496,0.0001
23581.0,719.68,1982984,679070.125,6.726477146148682,18571,-57554.45,106,4156,495720,1.3542156219482422,0.0001
23625.8359375,716.16,1986984,812957.875,6.63882303237915,18608,-59646.0875,106,4160,496720,1.0317832231521606,0.0001
22293.337890625,716.16,1990984,239170.59375,6.4555559158325195,18646,-59542.5,106,4164,497720,3.23201584815979,0.0001
23736.353515625,712.92,1994388,337252.5,6.249216556549072,18677,-61407.625,106,4168,498571,2.6564157009124756,0.0001
22242.43359375,718.34,1998388,1692881.875,5.990826606750488,18715,-60336.55,106,4172,499571,1.469407081604004,0.0001
