time/episodes,train/n_updates,train/critic_loss,time/total_timesteps,time/time_elapsed,rollout/ep_rew_mean,rollout/ep_len_mean,train/actor_loss,train/learning_rate,train/ent_coef_loss,time/fps,train/ent_coef
4,117,589.1699829101562,572,3,-98561.25,108.25,86.63435363769531,0.0003,-0.5827791690826416,188,1.0256019830703735
8,179,413.97369384765625,820,4,-97121.5625,92.0,95.55906677246094,0.0003,-0.8595768213272095,180,1.041449785232544
12,305,609.05859375,1324,7,-97441.875,84.08333333333333,118.58589935302734,0.0003,-1.681624174118042,167,1.0768437385559082
16,381,648.214599609375,1628,10,-96471.5625,91.875,130.593994140625,0.0003,-2.0301363468170166,159,1.099509835243225
20,513,609.5885009765625,2156,14,-95853.76190474999,93.85,143.22874450683594,0.0003,-2.216402053833008,153,1.1331734657287598
24,569,258.5185852050781,2380,15,-96312.509920625,97.125,153.3783416748047,0.0003,-2.289480686187744,154,1.1480581760406494
28,646,1019.2435913085938,2688,17,-96910.36564625,90.5,166.07797241210938,0.0003,-2.656020164489746,154,1.1692858934402466
32,801,24.992883682250977,3308,21,-96824.38244046875,97.5,181.70755004882812,0.0003,-2.231494426727295,156,1.2114577293395996
36,844,414.8579406738281,3480,22,-97227.22883597222,91.77777777777777,187.016357421875,0.0003,-2.2557826042175293,155,1.2208739519119263
40,953,395.7002868652344,3916,25,-97335.755952375,92.0,207.87258911132812,0.0003,-2.5406501293182373,155,1.2460500001907349
44,1072,395.4694519042969,4392,28,-97686.82359306818,94.61363636363636,214.2197723388672,0.0003,-1.8394043445587158,155,1.274672508239746
48,1123,395.6138610839844,4596,29,-97738.12996031251,93.9375,220.14959716796875,0.0003,-1.5103617906570435,155,1.2824970483779907
52,1265,999.4989624023438,5164,33,-97784.42765567309,93.82692307692308,237.73101806640625,0.0003,-1.6922521591186523,156,1.304160237312317
56,1390,629.6144409179688,5664,36,-97836.43282312501,94.64285714285714,255.96978759765625,0.0003,-1.7966105937957764,156,1.3249132633209229
60,1458,590.6452026367188,5936,37,-97902.29563491668,97.41666666666667,265.32086181640625,0.0003,-1.615605354309082,156,1.336890697479248
64,1588,590.6685180664062,6456,41,-97763.32403273438,96.265625,277.22637939453125,0.0003,-1.9706571102142334,157,1.361708164215088
68,1663,201.2601776123047,6756,42,-97643.34908963236,96.79411764705883,289.85198974609375,0.0003,-2.1784205436706543,157,1.3771225214004517
72,1750,396.1996154785156,7104,45,-97685.10747354168,96.51388888888889,303.2420654296875,0.0003,-2.0256478786468506,156,1.395612359046936
76,1825,7.0157880783081055,7404,47,-97844.44392230264,95.23684210526316,312.8292236328125,0.0003,-1.997853398323059,156,1.412419080734253
80,2000,591.1377563476562,8104,51,-97754.0342261875,95.8875,341.9127197265625,0.0003,-2.2531542778015137,156,1.4548181295394897
84,2109,221.7489013671875,8540,54,-97811.58021541667,98.33333333333333,357.19927978515625,0.0003,-2.680492401123047,156,1.4831995964050293
88,2242,222.15567016601562,9072,58,-97510.51812770455,99.8409090909091,374.830078125,0.0003,-2.9729232788085938,155,1.5206754207611084
92,2335,397.504638671875,9444,60,-97663.21299171739,99.98913043478261,385.9399108886719,0.0003,-2.5785651206970215,156,1.548385500907898
96,2693,592.9508666992188,10876,69,-97677.08953372917,108.63541666666667,435.81817626953125,0.0003,-3.0517733097076416,156,1.6677314043045044
100,2953,786.6092529296875,11916,76,-97518.88214285999,112.91,447.89984130859375,0.0003,-0.8519731163978577,155,1.7274458408355713
104,3085,594.0415649414062,12444,79,-97049.99880952999,118.16,469.0967102050781,0.0003,-0.15902429819107056,155,1.7365111112594604
108,3177,613.2362060546875,12812,82,-96957.02380952999,119.46,485.0070495605469,0.0003,-0.8094449043273926,155,1.7427610158920288
112,3246,458.19097900390625,13088,84,-96857.12380952999,119.26,486.10443115234375,0.0003,-0.34794092178344727,155,1.747872233390808
116,3355,439.5433654785156,13524,87,-96863.14880952999,119.89,503.85791015625,0.0003,-0.6036391854286194,155,1.7558283805847168
120,3450,459.4295654296875,13904,89,-96960.84642857999,119.28,513.94873046875,0.0003,-0.5098785758018494,155,1.763596534729004
124,3545,207.04635620117188,14284,91,-96944.79642857998,117.72,522.0941162109375,0.0003,-0.3676299452781677,155,1.7713675498962402
128,3631,400.68719482421875,14628,93,-96550.57976190999,118.84,514.3466796875,0.0003,2.4171509742736816,155,1.7752125263214111
132,3757,420.1776428222656,15132,97,-96545.87976191,117.52,524.79052734375,0.0003,2.4947361946105957,155,1.724486231803894
136,3862,594.996826171875,15552,99,-96358.16309524,119.0,523.6253662109375,0.0003,2.2834973335266113,155,1.6812831163406372
140,3979,808.5551147460938,16020,103,-96255.41309524,119.31,534.2838134765625,0.0003,2.1583571434020996,155,1.6329940557479858
144,4021,616.15625,16188,104,-96149.51309523999,118.72,539.5238647460938,0.0003,2.254387855529785,154,1.6159995794296265
148,4098,13.958220481872559,16496,106,-96252.11309524,118.77,542.483154296875,0.0003,1.7409776449203491,154,1.5852185487747192
152,4199,442.751953125,16900,109,-96054.31309524,118.98,558.783447265625,0.0003,1.9309020042419434,154,1.5448628664016724
156,4286,211.59934997558594,17248,111,-95940.76309523999,118.01,561.5101318359375,0.0003,1.9248836040496826,155,1.5111032724380493
160,4412,598.92333984375,17752,114,-95520.16309524,116.46,579.04931640625,0.0003,1.636272668838501,155,1.4629899263381958
164,4521,212.701904296875,18188,117,-95532.92976191,117.69,577.0074462890625,0.0003,1.50217866897583,155,1.4224026203155518
168,4747,603.7905883789062,19092,122,-95556.80476191,119.95,605.6739501953125,0.0003,1.1485466957092285,155,1.3416370153427124
172,4954,604.149169921875,19920,128,-95289.71619047999,125.62,623.9669799804688,0.0003,0.9328247904777527,154,1.2719365358352661
176,5087,432.22698974609375,20452,131,-95022.09119047999,131.18,628.208984375,0.0003,0.6776862144470215,155,1.2297909259796143
180,5462,239.4805145263672,21952,141,-95189.54119048,138.26,643.4869995117188,0.0003,0.34115108847618103,154,1.1207374334335327
184,5859,411.04718017578125,23540,151,-95223.84119047999,141.93,676.0480346679688,0.0003,0.05901937931776047,155,1.0203064680099487
188,6008,887.3201293945312,24136,155,-95514.58761905,150.8,713.90380859375,0.0003,-0.040779199451208115,155,0.9860922694206238
192,6315,427.0718078613281,25364,163,-95556.68761904999,155.01,731.8461303710938,0.0003,-0.19203990697860718,155,0.9248804450035095
196,6513,608.72802734375,26156,168,-95601.33761905,149.65,742.1170654296875,0.0003,-0.24295905232429504,155,0.8898917436599731
200,6646,253.274658203125,26688,171,-95959.26142857,151.75,763.4984741210938,0.0003,-0.3557145595550537,155,0.8672675490379333
204,6780,295.17498779296875,27224,174,-96333.0447619,147.32,805.2044677734375,0.0003,-0.21058082580566406,155,0.846690833568573
208,6938,58.739830017089844,27856,178,-96464.4947619,150.16,763.4140014648438,0.0003,-0.33586037158966064,155,0.8243481516838074
212,7113,47.954246520996094,28556,183,-96593.2197619,152.95,808.6758422851562,0.0003,-0.36582252383232117,155,0.8022140860557556
216,7245,455.88104248046875,29084,186,-96789.19476190001,152.56,823.5247802734375,0.0003,-0.12164916098117828,156,0.7870076894760132
220,7590,66.74107360839844,30464,195,-96945.5447619,158.45,916.1216430664062,0.0003,-0.03456353768706322,155,0.7559088468551636
224,7873,433.9649963378906,31596,202,-97155.7447619,169.35,868.1940307617188,0.0003,-0.2343837171792984,155,0.737671971321106
228,8047,480.9627380371094,32292,207,-97291.99642857,176.29,895.7904052734375,0.0003,0.08268994092941284,155,0.7342033386230469
232,8260,825.4579467773438,33144,212,-97302.92142857,177.55,880.4954833984375,0.0003,0.06304912269115448,155,0.7316478490829468
236,8419,285.1851501464844,33780,216,-97258.96309524,183.99,978.8702392578125,0.0003,0.20552346110343933,155,0.7333733439445496
240,8611,828.6635131835938,34548,221,-97388.48809524,186.03,976.5322265625,0.0003,-0.12592951953411102,155,0.7389923334121704
244,8796,657.3751831054688,35288,226,-97401.13809523999,188.24,980.0704345703125,0.0003,-0.040778569877147675,155,0.7470345497131348
248,8904,623.1052856445312,35720,228,-97121.23809524,191.18,966.8468017578125,0.0003,0.014017488807439804,155,0.7535526156425476
252,9003,273.3338928222656,36116,231,-97228.28809524,192.03,1049.6700439453125,0.0003,0.09610762447118759,156,0.7588204741477966
256,9190,82.87879943847656,36864,236,-97252.83809524,194.25,1034.664794921875,0.0003,0.1027713492512703,156,0.7732045650482178
260,9416,275.7022705078125,37768,241,-97261.89642857,197.26,1133.15869140625,0.0003,0.19767732918262482,156,0.7910466194152832
264,9623,863.3184814453125,38596,247,-97163.07976190001,198.82,1158.843017578125,0.0003,0.3428608179092407,155,0.8133788704872131
268,9842,262.0374755859375,39472,252,-97149.4047619,197.04,1009.2044677734375,0.0003,-1.6649672985076904,156,0.7505711913108826
272,10046,465.856689453125,40288,258,-97316.19333333001,191.8,1052.438232421875,0.0003,-1.8663052320480347,156,0.6571118831634521
276,10251,261.7384033203125,41108,263,-96422.26833333001,196.24,1115.3968505859375,0.0003,-2.4135873317718506,156,0.5973717570304871
280,10371,131.09458923339844,41588,266,-95169.49333333,198.16,1312.76123046875,0.0003,-1.2709096670150757,156,0.5689837336540222
284,10465,360.2682189941406,41964,269,-95012.64333333001,193.03,1568.50341796875,0.0003,-1.9286617040634155,155,0.549336850643158
288,10613,509.3888244628906,42556,273,-95127.56833333001,184.26,1177.957275390625,0.0003,-2.5807394981384277,155,0.5218793153762817
292,10751,173.8281707763672,43108,276,-94995.61833333,181.47,1517.1756591796875,0.0003,-1.569495677947998,155,0.49936598539352417
296,10860,503.8005676269531,43544,279,-95076.21833333,179.08,1201.69091796875,0.0003,-2.250208854675293,155,0.48346391320228577
300,10986,469.1242370605469,44048,282,-95016.21833333,173.08,1132.1748046875,0.0003,-2.338510513305664,156,0.4664437472820282
304,11103,307.6009826660156,44516,285,-95008.84333333,172.65,1230.7418212890625,0.0003,-2.4943718910217285,156,0.45192161202430725
308,11201,301.7295837402344,44908,287,-95191.29333333,170.34,1328.2110595703125,0.0003,-2.3277924060821533,156,0.44052836298942566
312,11356,121.27113342285156,45528,292,-95306.46833333,171.79,1167.796630859375,0.0003,-2.2383179664611816,155,0.4234949052333832
316,11483,1326.0411376953125,46036,295,-95412.94333333001,172.07,1570.722412109375,0.0003,-2.760128974914551,155,0.41088971495628357
320,11604,897.8096923828125,46520,298,-95475.69333333001,167.97,1313.99609375,0.0003,-1.68271803855896,155,0.39992576837539673
324,11723,708.3720703125,46996,301,-95386.59333333,159.06,1451.382080078125,0.0003,-1.2333685159683228,155,0.38916563987731934
328,11857,475.91961669921875,47532,305,-95673.65833333001,153.91,1621.933349609375,0.0003,-1.2207039594650269,155,0.37852737307548523
332,11972,340.8499450683594,47992,308,-95859.93333333,152.29,1510.13037109375,0.0003,-1.3134434223175049,155,0.3700173795223236
336,12085,293.9842224121094,48444,311,-96121.10833333,147.32,1055.445556640625,0.0003,-2.7266554832458496,155,0.36167529225349426
340,12202,294.06292724609375,48912,314,-96208.23333333,145.89,1367.8365478515625,0.0003,-1.2301256656646729,155,0.3535051643848419
344,12330,621.9450073242188,49424,317,-96300.88333333,144.21,1362.0712890625,0.0003,-1.8817740678787231,155,0.3450101315975189
348,12463,1055.552001953125,49956,321,-96595.18333333,142.71,1397.962646484375,0.0003,-1.8251819610595703,155,0.3364785611629486
352,12572,547.5654296875,50392,323,-96796.83333333001,142.44,1550.8880615234375,0.0003,-1.0725865364074707,155,0.32937735319137573
356,12703,708.232666015625,50916,327,-96991.63333333,141.65,1232.163330078125,0.0003,-2.412520170211792,155,0.3211546242237091
360,12818,296.99493408203125,51376,330,-97498.7,139.63,1032.6248779296875,0.0003,-2.5992493629455566,155,0.315002977848053
364,12931,704.5045776367188,51828,332,-97804.2,138.38,1199.05908203125,0.0003,-1.5922428369522095,155,0.3087262511253357
368,13038,829.771240234375,52256,335,-98009.45,138.17,2100.15966796875,0.0003,-2.2397687435150146,155,0.30316218733787537
372,13166,696.815673828125,52768,339,-98222.85,139.0,1701.8232421875,0.0003,-1.2403169870376587,155,0.29632967710494995
376,13282,405.5198059082031,53232,342,-99401.1,130.67,1828.21923828125,0.0003,-0.07670658826828003,155,0.291424036026001
380,13416,754.9862060546875,53768,345,-100696.675,122.55,2615.43896484375,0.0003,1.8398374319076538,155,0.285764217376709
384,13574,972.0253295898438,54400,349,-100917.825,123.87,1024.6875,0.0003,-2.7169504165649414,155,0.28008797764778137
388,13686,195.2021026611328,54848,352,-100916.025,123.69,1653.67333984375,0.0003,-0.17715412378311157,155,0.2761562466621399
392,13818,418.994384765625,55376,355,-101015.175,123.2,1810.414306640625,0.0003,-0.8631908893585205,155,0.27147409319877625
396,13947,204.8540496826172,55892,359,-101022.675,123.95,1936.0682373046875,0.0003,-1.2294888496398926,155,0.26799431443214417
400,14082,111.9262924194336,56432,362,-101028.975,124.58,1251.729736328125,0.0003,-2.1552200317382812,155,0.26439303159713745
404,14225,298.9323425292969,57004,366,-101243.9,125.39,1243.4859619140625,0.0003,-1.6219112873077393,155,0.26022112369537354
408,14352,195.8328094482422,57512,369,-101246.7,125.67,1844.564697265625,0.0003,-0.49784302711486816,155,0.25668564438819885
412,14497,686.3416748046875,58092,373,-101232.6,124.26,1691.5849609375,0.0003,0.23838995397090912,155,0.2525237202644348
416,14644,814.8826293945312,58680,377,-101241.1,125.11,1955.447509765625,0.0003,0.27695849537849426,155,0.2487758845090866
420,14776,681.6600952148438,59208,380,-101240.4,125.04,1513.217529296875,0.0003,-1.9536230564117432,155,0.2464069426059723
424,14886,303.60394287109375,59648,383,-101238.1,124.81,1272.231201171875,0.0003,-1.5824413299560547,155,0.24505548179149628
428,14992,419.7349548339844,60072,386,-101232.8,124.28,1364.632568359375,0.0003,-1.0368053913116455,155,0.24389983713626862
432,15115,1038.1844482421875,60564,389,-101240.9,125.09,1707.9105224609375,0.0003,-1.1393388509750366,155,0.24290789663791656
436,15222,622.2507934570312,60992,392,-101244.7,125.47,2082.5556640625,0.0003,1.602895736694336,155,0.24212996661663055
440,15316,596.2653198242188,61368,394,-101235.8,124.58,2093.45361328125,0.0003,-1.9531829357147217,155,0.24220339953899384
444,15419,424.6684875488281,61780,397,-101229.3,123.93,2180.162841796875,0.0003,0.6789594888687134,155,0.24217666685581207
448,15499,876.7679443359375,62100,399,-101216.6,122.66,1829.6346435546875,0.0003,0.3580377697944641,155,0.2420872151851654
452,15651,186.04714965820312,62708,403,-101213.8,122.38,1735.800048828125,0.0003,0.07721933722496033,155,0.24151723086833954
456,15772,204.2957763671875,63192,406,-101114.275,122.9,1797.992431640625,0.0003,-0.8448315858840942,155,0.24200843274593353
460,15945,955.82568359375,63884,411,-101104.375,121.91,1916.199462890625,0.0003,-1.0420680046081543,155,0.241258904337883
464,16083,834.9156494140625,64436,415,-101100.975,121.57,1111.060302734375,0.0003,-1.6827752590179443,155,0.24152877926826477
468,16244,566.0620727539062,65080,419,-101145.875,126.06,1931.520751953125,0.0003,-0.923052191734314,155,0.24224522709846497
472,16335,593.6633911132812,65444,421,-101145.075,125.98,1727.7442626953125,0.0003,1.074136734008789,155,0.24391332268714905
476,16428,749.6804809570312,65816,424,-101138.075,125.28,1766.711669921875,0.0003,0.6159850358963013,155,0.24500584602355957
480,16514,594.7473754882812,66160,426,-101133.975,124.87,1862.830810546875,0.0003,1.3193440437316895,155,0.24653643369674683
484,16666,530.0435791015625,66768,430,-101122.075,123.68,1618.0430908203125,0.0003,-0.7634364366531372,155,0.24700498580932617
488,16769,825.9237060546875,67180,433,-101111.275,122.6,1589.4088134765625,0.0003,0.5719730257987976,155,0.24801550805568695
492,16885,379.82049560546875,67644,435,-101108.075,122.28,2036.593505859375,0.0003,-0.06596215069293976,155,0.2492528110742569
496,17002,375.8772888183594,68112,438,-101005.275,122.66,1920.7105712890625,0.0003,1.162479281425476,155,0.2505221664905548
500,17147,157.04498291015625,68692,442,-101002.175,122.35,1622.2479248046875,0.0003,0.07419872283935547,155,0.25228628516197205
504,17579,352.0762634277344,70420,453,-100905.875,123.14,1426.42822265625,0.0003,-0.24185967445373535,155,0.25494441390037537
508,17804,895.351318359375,71320,458,-100832.85,126.79,1226.68212890625,0.0003,0.8301396369934082,155,0.2596164643764496
512,18238,464.76593017578125,73056,469,-100598.20833333001,140.03,2198.6396484375,0.0003,-0.46521496772766113,155,0.2743125855922699
516,18951,652.9202270507812,75908,486,-97368.98333333,164.65,2674.700439453125,0.0003,1.2177844047546387,155,0.302276611328125
520,19238,790.2222900390625,77056,494,-96121.00833333,177.44,1727.993408203125,0.0003,0.2678312659263611,155,0.3091403543949127
524,19404,436.2255859375,77720,498,-96022.35833333,179.06,2163.9208984375,0.0003,0.8595649003982544,155,0.3131645619869232
528,19684,252.7858428955078,78840,506,-96046.85833333,181.51,2445.5556640625,0.0003,0.8665424585342407,155,0.3202262818813324
532,19956,848.4570922851562,79928,512,-95940.25833333,181.87,1343.703857421875,0.0003,-0.4594383239746094,155,0.3293834328651428
536,20248,474.5365295410156,81096,520,-95898.20833333001,189.18,1586.719482421875,0.0003,-0.550411581993103,155,0.34258392453193665
540,20410,567.8568115234375,81744,524,-95991.20833333001,198.48,3814.9853515625,0.0003,1.3848406076431274,155,0.3490491509437561
544,20596,629.202880859375,82488,529,-95984.20833333001,197.78,2277.80908203125,0.0003,0.917862594127655,155,0.35777315497398376
548,20919,395.5159912109375,83780,537,-95993.53333333001,211.3,1924.3115234375,0.0003,-0.3696686327457428,155,0.3664168417453766
552,21257,509.0615234375,85132,546,-96083.73333333,220.32,3391.36474609375,0.0003,-0.08529648184776306,155,0.3715037703514099
556,21396,165.00228881835938,85688,549,-96238.25833333,225.3,1740.01318359375,0.0003,-0.38555777072906494,155,0.3724529445171356
560,22370,636.103271484375,89584,574,-94420.15833333001,243.47,2355.83349609375,0.0003,1.4598262310028076,155,0.4035045802593231
564,22704,569.8803100585938,90920,583,-92487.03333333001,263.46,4054.2275390625,0.0003,0.1663411557674408,155,0.42731422185897827
568,23472,277.8426208496094,93992,602,-90634.23333333,278.16,2630.513916015625,0.0003,0.16194230318069458,155,0.471736341714859
572,23652,496.1006774902344,94712,607,-89720.73333333,286.8,3205.3955078125,0.0003,-0.4426410496234894,155,0.4812372624874115
576,23944,678.90478515625,95880,614,-89703.90833333001,295.92,2819.1826171875,0.0003,0.18374282121658325,155,0.4867234230041504
580,24648,530.3447875976562,98696,632,-89804.10833333,305.94,3724.369873046875,0.0003,-0.5762777924537659,155,0.5092375874519348
584,25177,501.97430419921875,100812,646,-86863.07083333,334.02,3110.0380859375,0.0003,0.22385193407535553,155,0.5264229774475098
588,25429,253.0526123046875,101820,653,-86956.57083333,343.37,2463.93994140625,0.0003,0.26123324036598206,155,0.5414180755615234
592,25971,871.2963256835938,103988,666,-86947.29583333,353.92,5690.97265625,0.0003,0.29415154457092285,155,0.5671140551567078
596,26708,868.5484008789062,106936,685,-84965.93472222,378.95,3764.160400390625,0.0003,-0.1901935338973999,156,0.592729389667511
600,27015,525.6411743164062,108164,693,-85081.63472222,390.52,3192.18408203125,0.0003,-0.41363394260406494,155,0.6005614995956421
604,27566,461.95904541015625,110368,707,-85211.88472222,404.4,2927.6767578125,0.0003,-0.02165061980485916,155,0.6218661069869995
608,27992,567.56591796875,112072,718,-85180.57638889,415.29,4498.73046875,0.0003,0.18239107728004456,156,0.636299192905426
612,28354,1433.8052978515625,113520,727,-85489.61805555999,409.49,7302.9140625,0.0003,0.5804048776626587,156,0.6346601247787476
616,28981,891.2698364257812,116028,743,-88644.89305556,399.29,4008.61376953125,0.0003,-0.23016002774238586,156,0.6568626165390015
620,29556,425.4586486816406,118328,758,-88856.76805556,404.35,5728.6552734375,0.0003,-0.17220966517925262,156,0.6694009900093079
624,29959,454.7663269042969,119940,768,-88791.40305555999,418.53,3300.626953125,0.0003,-0.22241276502609253,156,0.6807174682617188
628,30540,333.18658447265625,122264,783,-88834.50305556,422.84,4209.06005859375,0.0003,0.0024222880601882935,156,0.6679266691207886
632,31540,886.3731689453125,126264,808,-84751.73805556,457.49,8052.716796875,0.0003,-0.020092980936169624,156,0.6580554246902466
636,31888,803.2850341796875,127656,817,-82482.68305555999,469.08,7060.98681640625,0.0003,-0.018723279237747192,156,0.6678743958473206
640,32813,323.1861572265625,131356,840,-79218.25805556,487.9,4620.322265625,0.0003,-0.1370198279619217,156,0.699494481086731
644,33440,682.8180541992188,133864,856,-77736.50162699,505.6,7741.24951171875,0.0003,0.3962906002998352,156,0.690929651260376
648,34343,583.5159301757812,137476,879,-76644.47662699,524.42,6042.3623046875,0.0003,0.34444674849510193,156,0.7190344929695129
652,34866,743.2338256835938,139568,891,-76500.85876985,540.58,9326.884765625,0.0003,0.14696654677391052,156,0.7428486347198486
656,35645,913.4794921875,142684,911,-74681.05876985,558.58,5765.77978515625,0.0003,-0.05409549921751022,156,0.7504450678825378
660,36003,393.2795715332031,144116,920,-75435.52960318,557.21,7009.060546875,0.0003,-0.016259770840406418,156,0.7792544960975647
664,36411,483.8356628417969,145748,930,-76376.91710318,551.79,4941.41357421875,0.0003,-0.022084802389144897,156,0.8144164681434631
668,36704,317.4319763183594,146920,937,-78236.91710318,537.81,5201.86572265625,0.0003,-0.05675474926829338,156,0.8212079405784607
672,37084,243.4656524658203,148440,947,-79194.81710318,533.61,3980.0927734375,0.0003,-0.20108644664287567,156,0.825133204460144
676,37390,305.52325439453125,149664,954,-78183.76710318,538.22,4785.552734375,0.0003,-0.052510686218738556,156,0.8216239809989929
680,37668,214.35401916503906,150776,962,-78146.86710318,534.53,3320.60302734375,0.0003,-0.0392843596637249,156,0.8153235912322998
684,37952,518.577392578125,151912,969,-81160.20460318,513.68,5116.634765625,0.0003,0.05838733911514282,156,0.8069015741348267
688,38222,343.3433837890625,152992,976,-81055.05460318,514.75,6260.17626953125,0.0003,0.2107088565826416,156,0.8138112425804138
692,38676,606.9389038085938,154808,987,-81128.52960318,510.62,6717.49560546875,0.0003,0.16064831614494324,156,0.8061318397521973
696,39133,201.27166748046875,156636,999,-82245.45321429,501.25,3120.581298828125,0.0003,-0.09525543451309204,156,0.7916233539581299
700,39691,520.6810913085938,158868,1013,-82036.27821429,502.03,6809.7451171875,0.0003,-0.07650020718574524,156,0.794150710105896
704,40027,369.4322814941406,160212,1021,-81799.89071429,503.46,3366.73388671875,0.0003,-0.1781063675880432,156,0.7806147933006287
708,40718,512.1535034179688,162976,1039,-81836.02404762,504.17,5185.6015625,0.0003,0.11984074115753174,156,0.7841299176216125
712,40975,356.4515686035156,164004,1045,-80633.37404762,506.76,6565.4677734375,0.0003,0.14805838465690613,156,0.7698401808738708
716,41309,590.5506591796875,165340,1054,-80761.62404762,497.77,3998.883544921875,0.0003,0.12137424200773239,156,0.7515824437141418
720,41563,695.805908203125,166356,1060,-81750.17404761999,486.92,2198.438720703125,0.0003,-0.006575733423233032,156,0.7443138957023621
724,41941,892.3195190429688,167868,1069,-81872.30154762,477.71,12216.2998046875,0.0003,0.19924983382225037,156,0.7415591478347778
728,42350,483.203369140625,169504,1079,-81659.95154762,477.9,7316.318359375,0.0003,-0.018391311168670654,156,0.7426217794418335
732,42550,426.70654296875,170304,1085,-84754.24154762,456.55,9877.283203125,0.0003,-0.14633996784687042,156,0.7612801790237427
736,42754,588.8792724609375,171120,1090,-86885.34654761999,441.03,9318.6806640625,0.0003,0.002123117446899414,156,0.7689290046691895
740,42932,702.0560913085938,171832,1095,-89671.42154762,415.99,14955.921875,0.0003,0.017870038747787476,156,0.7734178900718689
744,43330,307.38623046875,173424,1105,-91012.02797619,404.85,7825.4580078125,0.0003,-0.08433844149112701,156,0.767086386680603
748,43476,312.01837158203125,174008,1108,-92104.02797619,383.64,7725.0986328125,0.0003,-0.2575528919696808,156,0.7557961940765381
752,43703,540.8786010742188,174916,1114,-91961.19583333,359.48,10335.0830078125,0.0003,-0.0967952236533165,156,0.7478551864624023
756,43839,818.5465087890625,175460,1118,-93544.94583333,338.6,6506.64697265625,0.0003,-0.02338295429944992,156,0.7468031048774719
760,43954,611.2088623046875,175920,1121,-94620.275,322.97,10690.873046875,0.0003,0.276581734418869,156,0.7402580380439758
764,44075,498.0418701171875,176404,1124,-95514.9125,308.91,3663.263427734375,0.0003,-0.008279643952846527,156,0.741008996963501
768,44189,460.12799072265625,176860,1127,-95363.2125,303.99,7698.365234375,0.0003,-0.2468166947364807,156,0.7393728494644165
772,44299,610.8409423828125,177300,1130,-95317.2125,299.39,4689.74853515625,0.0003,-0.0024782903492450714,156,0.7351381182670593
776,44417,334.4324951171875,177772,1133,-96355.1875,286.67,8750.9423828125,0.0003,0.38022226095199585,156,0.7309550046920776
780,44558,401.7965393066406,178336,1137,-96090.1375,280.68,4661.77978515625,0.0003,-0.1056210845708847,156,0.7345645427703857
784,44693,144.51409912109375,178876,1140,-95930.2375,274.75,2735.43798828125,0.0003,-0.4319385886192322,156,0.7305706143379211
788,44811,384.7201843261719,179348,1144,-95945.3875,264.68,4087.33984375,0.0003,0.2032354772090912,156,0.72246253490448
792,44924,641.2177124023438,179800,1147,-95878.7875,258.02,10365.11328125,0.0003,-0.044152192771434784,156,0.7152157425880432
796,45074,540.439697265625,180400,1150,-96743.075,241.95,12524.38671875,0.0003,-0.23024553060531616,156,0.7111749649047852
800,45228,209.02279663085938,181016,1154,-96842.05,230.15,5168.912109375,0.0003,-0.3246574401855469,156,0.6995143890380859
804,45415,228.3765869140625,181764,1159,-96957.6875,215.57,6452.47998046875,0.0003,-0.11001777648925781,156,0.6909520626068115
808,45608,475.87652587890625,182536,1164,-97044.7875,202.21,2333.1142578125,0.0003,-0.1704709529876709,156,0.6769233345985413
812,45765,244.97897338867188,183164,1169,-98086.6375,193.86,4634.3662109375,0.0003,-0.251039057970047,156,0.668101966381073
816,46198,397.9573059082031,184896,1180,-98097.2375,194.92,3785.272705078125,0.0003,0.11121157556772232,156,0.6492266654968262
820,46395,511.566650390625,185684,1185,-98102.5375,195.85,4974.501953125,0.0003,-0.20989270508289337,156,0.6510944962501526
824,46727,403.98406982421875,187012,1193,-98073.075,192.9,6975.1845703125,0.0003,0.5911005139350891,156,0.6629480719566345
828,47300,528.2457275390625,189304,1208,-98280.625,192.23,16440.697265625,0.0003,0.12594541907310486,156,0.6495069861412048
832,47505,446.12554931640625,190124,1213,-98480.4,199.71,5659.3818359375,0.0003,0.06804995238780975,156,0.6510798931121826
836,47973,212.54225158691406,191996,1226,-98714.0,201.69,5771.38427734375,0.0003,0.1709509789943695,156,0.6565532684326172
840,48156,388.736572265625,192728,1230,-98949.425,204.99,7181.533203125,0.0003,-0.4199255704879761,156,0.6631706953048706
844,48273,437.3985290527344,193196,1233,-98824.8,205.29,3300.271240234375,0.0003,-0.16319504380226135,156,0.6712477803230286
848,48476,931.0730590820312,194008,1238,-98747.4,197.65,6379.337890625,0.0003,-0.2175654172897339,156,0.6742339730262756
852,48855,502.97222900390625,195524,1248,-98762.05,200.33,3608.10400390625,0.0003,-0.298886775970459,156,0.6750839352607727
856,49099,237.2814178466797,196500,1254,-98879.925,202.3,6259.5263671875,0.0003,0.35958248376846313,156,0.6930035948753357
860,49269,281.4180603027344,197180,1258,-98786.365,213.4,8269.251953125,0.0003,0.5608184933662415,156,0.6941846013069153
864,49541,173.84336853027344,198268,1265,-98726.565,218.19,6900.5224609375,0.0003,0.10365363955497742,156,0.6963909864425659
868,49730,150.838134765625,199024,1270,-98749.865,220.54,3452.63330078125,0.0003,0.02205498516559601,156,0.6994643211364746
872,50068,648.9775390625,200376,1279,-98690.49,225.69,15358.70703125,0.0003,0.23986023664474487,156,0.7006326913833618
876,50255,211.8817901611328,201124,1283,-98540.4275,231.86,12847.52734375,0.0003,-0.24694322049617767,156,0.6988541483879089
880,50714,198.4829864501953,202960,1295,-98756.5775,232.96,6417.0380859375,0.0003,0.154776930809021,156,0.7038509249687195
884,51244,377.2651062011719,205080,1308,-98452.5025,249.96,10531.43359375,0.0003,-0.11755453050136566,156,0.7230184078216553
888,51567,406.8113708496094,206372,1317,-98212.8775,263.01,4212.99365234375,0.0003,-0.06759627908468246,156,0.7327753901481628
892,51910,461.5409240722656,207744,1325,-97202.3775,276.08,13946.1689453125,0.0003,0.6585487723350525,156,0.7471222877502441
896,52096,455.8586730957031,208488,1330,-97016.4025,280.05,11805.185546875,0.0003,0.24046897888183594,156,0.755868673324585
900,52383,154.5531768798828,209636,1337,-96617.5775,285.89,3481.22314453125,0.0003,-0.016395941376686096,156,0.762183427810669
904,52640,309.7162170410156,210664,1343,-96303.66916666999,289.91,8900.1953125,0.0003,-0.2722974717617035,156,0.7769066691398621
908,53049,656.2389526367188,212300,1354,-95768.51916667,292.49,7213.84619140625,0.0003,0.2408842146396637,156,0.8183465600013733
912,53432,230.47964477539062,213832,1363,-95242.2775,297.41,16169.126953125,0.0003,0.25670933723449707,156,0.8328425288200378
916,53813,287.4364013671875,215356,1373,-94794.9775,306.54,6134.32421875,0.0003,0.03575756773352623,156,0.8554839491844177
920,54126,178.27288818359375,216608,1381,-94327.41083333001,304.98,8552.7265625,0.0003,0.005937289446592331,156,0.8592997789382935
924,54441,1699.63427734375,217868,1389,-94104.26083333,306.23,7654.927734375,0.0003,0.01605282723903656,156,0.8629663586616516
928,54759,208.41818237304688,219140,1397,-93558.2475,307.72,4803.04443359375,0.0003,-0.05558246374130249,156,0.8531699776649475
932,55223,736.8963623046875,220996,1408,-94140.0725,286.23,9625.623046875,0.0003,0.11285098642110825,156,0.8629584312438965
936,55361,449.9637756347656,221548,1411,-92701.0725,296.36,5096.919921875,0.0003,-0.014417823404073715,156,0.8652594685554504
940,55522,417.3241271972656,222192,1415,-91567.5475,299.45,3548.11083984375,0.0003,-0.06219793111085892,156,0.865936815738678
944,55641,408.396484375,222668,1418,-91845.8225,293.84,5171.98828125,0.0003,0.0038345009088516235,156,0.8698949217796326
948,55773,548.3035888671875,223196,1421,-91823.1475,291.7,2597.98046875,0.0003,-0.00460660457611084,156,0.8738774061203003
952,56189,447.5143127441406,224860,1432,-91735.56,293.46,4019.669921875,0.0003,0.014402832835912704,156,0.875241756439209
956,56494,145.78697204589844,226080,1440,-91801.585,300.31,1966.3905029296875,0.0003,-0.13912367820739746,156,0.8800738453865051
960,56676,411.7596740722656,226808,1444,-91829.2325,293.38,5680.0361328125,0.0003,-0.02622213587164879,156,0.8829225897789001
964,56945,187.92344665527344,227884,1451,-91840.01583333,295.85,4630.20458984375,0.0003,0.11499948799610138,156,0.8956491351127625
968,57291,227.18313598632812,229268,1460,-91767.96583333,299.27,7362.82763671875,0.0003,0.06362690031528473,156,0.9157829284667969
972,57775,555.3262939453125,231204,1473,-91694.04083333,303.45,2479.401123046875,0.0003,0.006512191146612167,156,0.9347554445266724
976,58152,259.1238098144531,232712,1483,-91383.2575,307.91,4157.53271484375,0.0003,-0.010859634727239609,156,0.969283401966095
980,58456,484.8976745605469,233928,1490,-90130.76583333,317.32,9363.919921875,0.0003,-0.00019010156393051147,156,0.9852303862571716
984,58818,608.9885864257812,235376,1500,-90129.17654762,305.28,4408.2861328125,0.0003,-0.0003112155827693641,156,1.0037264823913574
988,58932,185.67706298828125,235832,1503,-90347.20154762,290.07,3179.943359375,0.0003,0.0007039651973173022,156,1.0016454458236694
992,59059,367.48126220703125,236340,1506,-91336.50154761999,274.88,3879.030029296875,0.0003,0.0003865274484269321,156,1.001325249671936
996,59121,370.950927734375,236588,1508,-90524.40154762,277.45,11445.3994140625,0.0003,0.0013746345648542047,156,1.0046522617340088
1000,59189,678.1076049804688,236860,1509,-90706.70988095,274.29,6924.1689453125,0.0003,-0.0011081536067649722,156,1.0048754215240479
1004,59276,690.55712890625,237208,1511,-91075.71821428002,265.58,15302.9248046875,0.0003,-0.010699483565986156,156,1.0086294412612915
1008,59337,214.74998474121094,237452,1513,-91475.26821428,259.66,3183.833984375,0.0003,-0.0027901153080165386,156,1.0103514194488525
1012,59394,263.9750671386719,237680,1514,-92058.00988095,250.07,14458.501953125,0.0003,-0.009178112260997295,156,1.0113269090652466
1016,59507,158.36878967285156,238132,1517,-92402.50988095,230.66,2054.1455078125,0.0003,0.0020773790311068296,156,1.017379879951477
1020,59611,245.49282836914062,238548,1520,-92904.62654761999,223.52,8072.01904296875,0.0003,-0.019494663923978806,156,1.016611099243164
1024,59710,229.6314239501953,238944,1523,-93178.42654762,216.56,6821.24267578125,0.0003,-0.028230799362063408,156,1.0229401588439941
1028,59779,457.3638000488281,239220,1524,-93643.03988095,206.93,5343.6259765625,0.0003,-0.02036396414041519,156,1.032867431640625
1032,59889,601.6947021484375,239660,1527,-93933.41488095,204.97,4478.05615234375,0.0003,0.0012696059420704842,156,1.028857946395874
1036,59985,359.79693603515625,240044,1530,-95122.58710317001,192.17,4313.7431640625,0.0003,0.007857441902160645,156,1.0298089981079102
1040,60067,411.6466064453125,240372,1532,-96397.33710317,181.83,10373.84765625,0.0003,-0.00615093857049942,156,1.0269354581832886
1044,60162,165.36537170410156,240752,1534,-96383.03710316999,180.4,2811.112548828125,0.0003,0.019691182300448418,156,1.0234071016311646
1048,60329,183.22793579101562,241420,1539,-96396.86210316999,182.15,3075.83544921875,0.0003,0.008074975572526455,156,1.0160253047943115
1052,60646,354.12982177734375,242688,1547,-96373.51626983998,180.63,8610.1083984375,0.0003,0.010523119010031223,156,1.0218883752822876
1056,61005,180.22637939453125,244124,1556,-95989.51626984001,177.63,2480.207763671875,0.0003,0.006942431442439556,156,1.0184367895126343
1060,61406,358.314453125,245728,1566,-95392.07162698,182.33,4774.3408203125,0.0003,0.014271840453147888,156,1.0256900787353516
1064,61661,379.8441467285156,246748,1573,-94574.83829365,188.25,8835.1484375,0.0003,-0.001982935704290867,156,1.0292540788650513
1068,62044,255.93209838867188,248280,1583,-94394.27162698,190.41,4351.83984375,0.0003,0.007377865724265575,156,1.0371896028518677
1072,62388,365.78759765625,249656,1592,-94415.16162698,191.13,10542.46484375,0.0003,-0.0005779080092906952,156,1.04478919506073
1076,62747,195.12826538085938,251092,1601,-94529.76301587,188.08,3417.58251953125,0.0003,-0.0048663802444934845,156,1.0318166017532349
1080,63130,227.0370635986328,252624,1611,-95248.85801587,187.91,2613.501708984375,0.0003,-0.0053176782093942165,156,1.0217307806015015
1084,63451,186.30247497558594,253908,1619,-95415.40980158001,189.67,6617.123046875,0.0003,0.00025811861269176006,156,1.0149472951889038
1088,63822,604.6407470703125,255392,1628,-95320.77230158001,201.3,5231.3583984375,0.0003,-0.0008731802809052169,156,1.0030238628387451
1092,64176,394.4646301269531,256808,1636,-95109.56674602002,212.51,3769.27880859375,0.0003,0.0006134090945124626,156,1.0048637390136719
1096,64549,376.6303405761719,258300,1645,-96086.09174602,214.5,6205.7568359375,0.0003,0.0004621643165592104,156,1.003330945968628
1100,64868,186.99935913085938,259576,1653,-96055.35841269001,221.37,2859.634521484375,0.0003,-0.0114559605717659,156,0.9818807244300842
1104,65199,188.3881072998047,260900,1662,-95862.05841269,233.74,9664.642578125,0.0003,0.0032849018462002277,156,0.9775817394256592
1108,65447,197.42428588867188,261892,1668,-95845.95841269002,241.91,7068.5439453125,0.0003,0.007438734173774719,156,0.9668894410133362
1112,65721,334.82861328125,262988,1675,-95709.17507936001,248.72,12114.681640625,0.0003,0.08409246802330017,156,0.959339439868927
1116,65951,431.5625,263908,1680,-95498.57507936,257.66,4038.1669921875,0.0003,-0.011683902703225613,156,0.9614274501800537
1120,66306,321.5575256347656,265328,1689,-95533.07507936,261.11,1789.179443359375,0.0003,-0.02838674932718277,157,0.9620053172111511
1124,66529,554.0383911132812,266220,1695,-95561.47507936001,263.95,7681.0537109375,0.0003,-0.006821110844612122,157,0.9526009559631348
1128,66843,390.4543151855469,267476,1703,-95537.45007936,272.02,3130.986328125,0.0003,-0.004184020683169365,157,0.952764630317688
1132,67598,588.2593383789062,270496,1721,-94523.85007936001,302.4,4392.34033203125,0.0003,-0.018333178013563156,157,0.9235634803771973
1136,68191,719.5896606445312,272868,1736,-92977.67785714,325.45,2583.19287109375,0.0003,-0.01668846234679222,157,0.9115055799484253
1140,69146,520.5264282226562,276688,1761,-92273.67785714,355.04,2676.5595703125,0.0003,-0.06468219310045242,157,0.8749886155128479
1144,69609,517.3527221679688,278540,1772,-92390.37785714,377.95,3091.37158203125,0.0003,-0.06637878715991974,157,0.8615354895591736
1148,70609,109.8460464477539,282540,1798,-91721.32785714,400.24,1790.066650390625,0.0003,-0.21078471839427948,157,0.8434180021286011
1152,71609,97.02396392822266,286540,1823,-88372.16119047001,432.09,1422.791259765625,0.0003,-0.1401098668575287,157,0.8727444410324097
1156,72188,191.1814727783203,288856,1838,-87913.01119047002,439.61,4061.622314453125,0.0003,0.17610947787761688,157,0.8793429136276245
1160,72924,269.3133239746094,291800,1856,-85844.36833333,457.51,1606.0386962890625,0.0003,-0.0395650789141655,157,0.8870139718055725
1164,73283,142.65353393554688,293236,1865,-85010.21833333,464.05,2095.7431640625,0.0003,-0.08492016047239304,157,0.8895304799079895
1168,73484,352.64263916015625,294040,1870,-85267.585,458.73,4295.98095703125,0.0003,-0.040478795766830444,157,0.8879526853561401
1172,73785,358.4367370605469,295244,1877,-85314.845,452.21,2451.297119140625,0.0003,-0.05551524460315704,157,0.8901311159133911
1176,74384,349.6776123046875,297640,1892,-85735.58944444,452.08,2731.65966796875,0.0003,-0.12119267880916595,157,0.886799156665802
1180,74626,449.1242980957031,298608,1898,-85458.68611111,461.8,3825.32421875,0.0003,-0.08570437133312225,157,0.8808868527412415
1184,75027,215.82997131347656,300212,1908,-85732.49861111,458.49,4105.07177734375,0.0003,0.1469256430864334,157,0.8695520162582397
1188,76027,512.7496948242188,304212,1934,-83164.83611111,480.6,2522.75537109375,0.0003,-0.08055771887302399,157,0.8535786867141724
1192,76352,573.9229736328125,305512,1942,-83583.94166667,490.18,3101.206298828125,0.0003,0.06999902427196503,157,0.8456166386604309
1196,76562,333.8865966796875,306352,1948,-83526.79166666999,483.89,2608.64453125,0.0003,0.10055325925350189,157,0.8393881916999817
1200,76918,363.70391845703125,307776,1957,-83722.49166667,479.19,2193.36767578125,0.0003,0.005121439695358276,157,0.8187991380691528
1204,77425,323.1697082519531,309804,1970,-83718.99166667,478.12,3032.66796875,0.0003,0.022112932056188583,157,0.8167298436164856
1208,77799,347.5997619628906,311300,1979,-83843.14166667,491.93,2317.9765625,0.0003,-0.12269371747970581,157,0.7987263202667236
1212,78117,711.7254638671875,312572,1987,-84084.325,495.56,3440.4326171875,0.0003,0.10948420315980911,157,0.7965187430381775
1216,78411,117.74524688720703,313748,1994,-84406.725,497.8,1594.3533935546875,0.0003,-0.21009986102581024,157,0.7908424735069275
1220,78572,676.3839111328125,314392,1998,-84414.225,498.55,1533.5765380859375,0.0003,-0.2893715500831604,157,0.7764791250228882
1224,78783,329.5791931152344,315236,2003,-84417.825,498.91,2121.415771484375,0.0003,-0.015262812376022339,157,0.7714344263076782
1228,79013,647.6792602539062,316156,2009,-84491.55,495.81,1322.710205078125,0.0003,-0.14376911520957947,157,0.7694657444953918
1232,79286,370.78912353515625,317248,2016,-85387.35,473.95,4958.1005859375,0.0003,0.1349983811378479,157,0.7667549252510071
1236,79381,107.5334701538086,317628,2018,-87051.05,450.55,2639.92529296875,0.0003,-0.08867111802101135,157,0.7631021738052368
1240,79552,307.1676025390625,318312,2022,-87791.35,424.59,1582.9207763671875,0.0003,-0.059612177312374115,157,0.7658633589744568
1244,79698,228.38992309570312,318896,2026,-87699.05,404.12,1858.2677001953125,0.0003,-0.1660810112953186,157,0.7606368660926819
1248,79873,146.5460205078125,319596,2030,-88474.95,381.72,2184.75927734375,0.0003,-0.11350837349891663,157,0.7670074105262756
1252,80096,325.4926452636719,320488,2036,-92153.05,349.57,5127.64990234375,0.0003,0.15545973181724548,157,0.7645307779312134
1256,80659,412.8879699707031,322740,2051,-93117.15,345.99,3126.529541015625,0.0003,-0.16554191708564758,157,0.7469857335090637
1260,81018,215.83090209960938,324176,2061,-95878.95,322.2,3916.4970703125,0.0003,0.07748434692621231,157,0.7307314872741699
1264,81584,325.9373474121094,326440,2075,-96759.55,320.27,1597.89892578125,0.0003,-0.3196655213832855,157,0.728065013885498
1268,81920,95.44357299804688,327784,2084,-96783.7,334.99,1323.247314453125,0.0003,-0.41180771589279175,157,0.7316595911979675
1272,82141,163.68080139160156,328668,2090,-96817.8,338.42,5048.04833984375,0.0003,0.06534814834594727,157,0.7307218909263611
1276,82415,512.8389892578125,329764,2097,-96803.1,336.95,1648.00048828125,0.0003,0.008041728287935257,157,0.7260112762451172
1280,82862,353.03778076171875,331552,2108,-97661.7,322.82,3771.038330078125,0.0003,0.23169012367725372,157,0.7151715755462646
1284,83305,200.1302947998047,333324,2119,-97556.125,334.94,2755.9609375,0.0003,0.0915784239768982,157,0.7160388827323914
1288,83825,122.9989013671875,335404,2133,-100352.425,314.6,2608.054931640625,0.0003,-0.07558286190032959,157,0.705543041229248
1292,84522,136.29652404785156,338192,2150,-99098.625,322.31,1773.8629150390625,0.0003,-0.08216221630573273,157,0.6995634436607361
1296,84697,334.6387634277344,338892,2155,-99254.225,328.5,2094.17041015625,0.0003,-0.09360578656196594,157,0.6992351412773132
1300,85635,183.4697265625,342644,2179,-98382.525,342.11,2175.73486328125,0.0003,0.4491761326789856,157,0.6944020986557007
1304,86047,421.65216064453125,344292,2189,-96326.425,357.2,1599.8955078125,0.0003,-0.10876242816448212,157,0.6916062235832214
1308,86539,365.5228271484375,346260,2202,-96008.55,349.08,2234.0888671875,0.0003,0.036086902022361755,157,0.6869935393333435
1312,87106,700.4024047851562,348528,2216,-95599.575,358.9,2278.01708984375,0.0003,0.15530891716480255,157,0.708414614200592
1316,87494,296.3107604980469,350080,2226,-95064.89166667,358.71,1965.290771484375,0.0003,0.08392909169197083,157,0.706831693649292
1320,87814,291.0279541015625,351360,2234,-94673.81666667,363.81,2935.867919921875,0.0003,-0.21184302866458893,157,0.7029311656951904
1324,88179,470.9552307128906,352820,2243,-94320.94166667,372.07,1244.88330078125,0.0003,-0.10048235952854156,157,0.6982309818267822
1328,88507,149.44129943847656,354132,2251,-93947.31666667,377.43,1682.615478515625,0.0003,0.24275654554367065,157,0.7058150768280029
1332,88846,304.1645202636719,355488,2260,-93742.24166667,380.08,3394.820556640625,0.0003,-0.07558228075504303,157,0.7025824189186096
1336,89101,132.16424560546875,356508,2266,-93448.66666666999,384.78,2077.94091796875,0.0003,-0.04311800003051758,157,0.711390495300293
1340,89403,102.67092895507812,357716,2274,-93058.51666667,389.53,1541.5958251953125,0.0003,-0.179855614900589,157,0.7068009972572327
1344,89688,147.23291015625,358856,2282,-92675.71666666999,395.12,1847.2255859375,0.0003,0.008827216923236847,157,0.705089807510376
1348,89962,433.6343688964844,359952,2289,-92276.61666667,399.59,2285.205078125,0.0003,-0.08011423051357269,157,0.7027595639228821
1352,90237,137.88351440429688,361052,2296,-91867.36666667,403.3,2505.86328125,0.0003,-0.18204911053180695,157,0.7044833302497864
1356,90553,142.34274291992188,362316,2304,-91362.24166667,397.79,1854.209228515625,0.0003,-0.03683595731854439,157,0.7104224562644958
1360,90817,183.8798065185547,363372,2311,-90841.45833334,401.57,2630.84912109375,0.0003,-0.04938097670674324,157,0.7102026343345642
1364,91126,196.10618591308594,364608,2318,-91272.13333334,390.22,1841.58056640625,0.0003,-0.08484363555908203,157,0.7161005735397339
1368,91488,520.0064086914062,366056,2327,-90946.05000000999,383.88,5559.42529296875,0.0003,0.09321549534797668,157,0.7255589365959167
1372,91898,365.136474609375,367696,2338,-90507.36666667998,387.91,2585.81591796875,0.0003,0.29191386699676514,157,0.7136856317520142
1376,92268,321.3837890625,369176,2347,-89875.68333334001,391.86,1906.149169921875,0.0003,-0.040985267609357834,157,0.7069647908210754
1380,92575,325.346923828125,370404,2355,-89469.20833334,395.9,2049.6064453125,0.0003,-0.14285686612129211,157,0.7051441073417664
1384,93485,331.807373046875,374044,2378,-88263.24166667,395.21,2012.474853515625,0.0003,-0.048650458455085754,157,0.6908746957778931
1388,94485,123.59701538085938,378044,2404,-84390.39166667,419.52,1387.78759765625,0.0003,0.08164063841104507,157,0.6843640804290771
1392,95306,302.5738830566406,381328,2424,-82572.11666667,426.85,2366.41650390625,0.0003,-0.21368522942066193,157,0.6602908372879028
1396,95851,315.46453857421875,383508,2438,-80621.14166667,443.57,1583.8359375,0.0003,-0.50963294506073,157,0.6526561975479126
1400,96781,313.01605224609375,387228,2461,-79429.29166666999,454.62,1167.4827880859375,0.0003,0.1975218802690506,157,0.6437346935272217
1404,97292,126.0892562866211,389272,2474,-80388.66666666999,446.51,1595.5472412109375,0.0003,-0.3228195309638977,157,0.6347373723983765
1408,98161,248.9198455810547,392748,2496,-78486.69166667,458.0,1191.278076171875,0.0003,-0.38710764050483704,157,0.6305217146873474
1412,98331,316.212890625,393428,2500,-77743.79166666999,449.44,5141.27490234375,0.0003,0.46043819189071655,157,0.6264438033103943
1416,98472,357.69464111328125,393992,2504,-78188.675,440.65,5923.5087890625,0.0003,0.2635677754878998,157,0.6241734623908997
1420,98637,161.54525756835938,394652,2508,-78542.75,431.85,1790.7457275390625,0.0003,0.09509435296058655,157,0.6186551451683044
1424,98776,331.19195556640625,395208,2511,-78878.525,421.88,1282.927978515625,0.0003,0.023800797760486603,157,0.6119824051856995
1428,98895,135.84298706054688,395684,2514,-78148.625,422.81,2016.4373779296875,0.0003,-0.2031092494726181,157,0.612545371055603
1432,99049,304.81231689453125,396300,2518,-78487.9,413.28,1185.962646484375,0.0003,-0.19522544741630554,157,0.6022023558616638
1436,99176,348.96478271484375,396808,2521,-78848.975,405.12,3296.431640625,0.0003,0.06021878868341446,157,0.6020033955574036
1440,99412,207.18983459472656,397752,2528,-79218.325,398.29,1704.188232421875,0.0003,-0.3294682502746582,157,0.5950582027435303
1444,99541,158.53683471679688,398268,2531,-79500.725,395.09,1852.541748046875,0.0003,-0.6761385202407837,157,0.5922206044197083
1448,99959,346.7362060546875,399940,2542,-79784.0,391.73,1541.9693603515625,0.0003,0.27752596139907837,157,0.5854527354240417
1452,100134,523.8876953125,400640,2546,-79991.825,395.76,1747.541748046875,0.0003,0.1675494760274887,157,0.5801118016242981
1456,100559,499.9066467285156,402340,2557,-80401.25,391.7,2250.669677734375,0.0003,-0.5641196966171265,157,0.5792837738990784
1460,101118,551.1476440429688,404576,2570,-79652.91666666,400.86,1954.31982421875,0.0003,-0.03496389091014862,157,0.567819356918335
1464,101776,403.2073974609375,407208,2586,-76925.91666666,420.4,1696.75634765625,0.0003,0.38678258657455444,157,0.5617315173149109
1468,102567,351.4019470214844,410372,2606,-75149.49999999,435.72,1359.901611328125,0.0003,0.02287089079618454,157,0.5560910701751709
1472,103207,424.6079406738281,412932,2622,-74825.93333332,445.39,2229.413818359375,0.0003,0.4276730418205261,157,0.545309841632843
1476,103832,619.6331176757812,415432,2637,-74230.92166666,456.49,1978.57080078125,0.0003,0.44384288787841797,157,0.5416627526283264
1480,104203,314.555908203125,416916,2648,-74619.24666666001,461.29,1153.212158203125,0.0003,-0.3327013850212097,157,0.536941409111023
1484,105203,120.98002624511719,420916,2673,-74168.58833333,473.62,1645.914794921875,0.0003,-0.5779070258140564,157,0.5158476233482361
1488,105481,134.50640869140625,422028,2680,-78108.13833333,455.98,1312.5775146484375,0.0003,0.25441861152648926,157,0.5116464495658875
1492,106059,183.72984313964844,424340,2694,-81128.61333333001,435.78,2310.42333984375,0.0003,0.21816383302211761,157,0.5106474757194519
1496,107059,330.80078125,428340,2720,-80424.23833333001,442.49,1886.066162109375,0.0003,0.029046714305877686,157,0.5005850791931152
1500,108059,506.3227233886719,432340,2745,-79861.03833333001,445.12,1439.4178466796875,0.0003,-0.6773188710212708,157,0.5045028328895569
1504,108741,256.6480407714844,435068,2762,-78230.81333333,461.17,1211.811279296875,0.0003,-0.134394571185112,157,0.5068544149398804
1508,109741,287.4166259765625,439068,2787,-76452.35500000001,472.13,1745.2420654296875,0.0003,0.766393780708313,157,0.49773839116096497
1512,110734,330.6048278808594,443040,2813,-74875.73,497.99,2245.0478515625,0.0003,-0.06490598618984222,157,0.5026875138282776
1516,111728,331.1133728027344,447016,2838,-74093.73,519.78,2228.99951171875,0.0003,0.1940685212612152,157,0.5053011178970337
1520,112265,356.9771423339844,449164,2852,-72267.43,547.13,3619.017822265625,0.0003,0.17301204800605774,157,0.5008916258811951
1524,113095,357.4449768066406,452484,2874,-72433.63,563.75,2359.30126953125,0.0003,-0.2351895570755005,157,0.4960978031158447
1528,113653,126.36000061035156,454716,2888,-73638.03,579.94,2031.9659423828125,0.0003,0.2049236297607422,157,0.5003350973129272
1532,114337,428.5312194824219,457452,2906,-71749.93,602.46,2295.77001953125,0.0003,0.4993266463279724,157,0.4985189437866211
1536,114735,454.68634033203125,459044,2916,-70898.43,617.3,1027.43359375,0.0003,-0.7628535628318787,157,0.5020472407341003
1540,115164,101.5119857788086,460760,2927,-70916.93,629.42,1479.986572265625,0.0003,-0.3295302987098694,157,0.49377942085266113
1544,115492,305.6361083984375,462072,2935,-70860.2,631.67,2399.105224609375,0.0003,0.6118316054344177,157,0.4903048276901245
1548,116277,115.74585723876953,465212,2955,-68924.0,657.78,1809.9183349609375,0.0003,0.12482026219367981,157,0.47894373536109924
1552,117227,250.6232147216797,469012,2980,-67402.725,677.75,946.3798828125,0.0003,-0.8916196823120117,157,0.4725075364112854
1556,117800,578.6353759765625,471304,2995,-66597.025,697.17,3584.062744140625,0.0003,0.7010499238967896,157,0.47110456228256226
1560,118505,56.633026123046875,474124,3014,-66988.94166667,696.5,1170.127685546875,0.0003,-0.5898370742797852,157,0.45710209012031555
1564,118802,307.4662170410156,475312,3021,-68311.19166667,691.29,1195.681396484375,0.0003,-0.49404823780059814,157,0.45431098341941833
1568,119773,297.2541809082031,479196,3046,-69627.19166667,691.29,1466.7386474609375,0.0003,-0.39514583349227905,157,0.43921536207199097
1572,120773,425.3252258300781,483196,3071,-66539.64166667,705.94,1155.3453369140625,0.0003,-0.02224487066268921,157,0.4398115575313568
1576,121335,88.31211853027344,485444,3086,-66580.18666667,699.59,1261.4368896484375,0.0003,-0.6379108428955078,157,0.4515858590602875
1580,122022,301.165771484375,488192,3103,-65637.53666667,704.66,1423.701171875,0.0003,0.027089715003967285,157,0.45058244466781616
1584,122394,270.9278869628906,489680,3113,-66372.88666666999,688.8,2099.53564453125,0.0003,0.12818501889705658,157,0.46042492985725403
1588,123160,233.35842895507812,492744,3132,-64057.03666666999,694.59,1785.4276123046875,0.0003,-0.11909845471382141,157,0.4819721579551697
1592,123913,254.77911376953125,495756,3151,-61750.90166667,709.52,1041.0203857421875,0.0003,0.36782366037368774,157,0.5197504162788391
1596,124128,254.9172821044922,496616,3157,-64424.626666669996,691.31,845.785888671875,0.0003,-0.37831422686576843,157,0.534234344959259
1600,125011,224.59852600097656,500148,3178,-65617.23499999999,677.97,1405.204345703125,0.0003,0.34459662437438965,157,0.5812875032424927
1604,125413,70.22720336914062,501756,3188,-68076.385,661.13,1070.2904052734375,0.0003,0.1939084231853485,157,0.5852905511856079
1608,126138,107.25883483886719,504656,3206,-70679.98500000002,648.68,1192.7103271484375,0.0003,-0.0521908700466156,157,0.5936634540557861
1612,126755,169.83929443359375,507124,3221,-71292.81,633.34,2735.546875,0.0003,0.5708105564117432,157,0.5962495803833008
1616,127755,106.48771667480469,511124,3246,-68801.535,646.91,2099.095458984375,0.0003,-0.021897733211517334,157,0.5751585364341736
1620,128181,66.45690155029297,512828,3257,-70380.79333333,631.45,772.1416015625,0.0003,-0.6191585659980774,157,0.5689455270767212
1624,128557,276.2124938964844,514332,3266,-68935.59333333,627.72,1004.2772216796875,0.0003,-0.21339474618434906,157,0.5594549775123596
1628,128845,355.29644775390625,515484,3273,-66390.55910256,603.66,1388.43408203125,0.0003,-0.4710507094860077,157,0.5517013072967529
1632,129121,89.09371185302734,516588,3280,-66888.80076923,592.25,914.3516235351562,0.0003,0.0723712369799614,157,0.5512600541114807
1636,129485,103.50489807128906,518044,3289,-66366.02576923,591.17,1193.188232421875,0.0003,-0.01575952023267746,157,0.5442262291908264
1640,129963,152.96005249023438,519956,3301,-66154.75076923,588.51,1488.610107421875,0.0003,0.2122662365436554,157,0.5385324358940125
1644,130079,109.3611831665039,520420,3304,-66195.28076923,587.22,2096.5263671875,0.0003,0.21292681992053986,157,0.5391052961349487
1648,130194,284.35552978515625,520880,3307,-68124.00576923,562.83,972.78076171875,0.0003,-0.0912930816411972,157,0.5415526628494263
1652,130283,148.43833923339844,521236,3309,-69792.80576922999,529.73,1726.185302734375,0.0003,0.1854718178510666,157,0.5390307903289795
1656,131082,302.7565612792969,524432,3327,-69204.40576923,526.54,979.9584350585938,0.0003,0.48159199953079224,157,0.5483439564704895
1660,132082,452.3050231933594,528432,3351,-66421.47600733,546.02,2681.683837890625,0.0003,0.7723384499549866,157,0.534052312374115
1664,132435,109.58053588867188,529844,3359,-67839.042674,536.75,2019.52978515625,0.0003,-0.5077783465385437,157,0.5273765921592712
1668,133363,94.91658020019531,533556,3381,-67378.767674,531.44,1158.17919921875,0.0003,-0.37056615948677063,157,0.5276761651039124
1672,133808,108.96333312988281,535336,3391,-67990.86767400001,523.14,1266.183349609375,0.0003,-0.22961869835853577,157,0.5256236791610718
1676,134472,438.5219421386719,537992,3407,-66820.50934067,527.83,1248.00634765625,0.0003,0.17189182341098785,157,0.5079677700996399
1680,135095,693.4252319335938,540484,3422,-66695.95934067,529.26,1860.7099609375,0.0003,0.37389349937438965,157,0.5003746747970581
1684,136033,304.5260314941406,544236,3444,-64794.09934067,551.47,1217.930419921875,0.0003,-0.12571629881858826,157,0.4849262833595276
1688,136745,255.26339721679688,547084,3461,-67115.24934067,546.21,889.46044921875,0.0003,0.0580480694770813,158,0.47455695271492004
1692,137056,713.5548095703125,548328,3469,-68228.10934067,532.13,1466.308349609375,0.0003,0.3135535717010498,158,0.4746362566947937
1696,137765,76.66573333740234,551164,3486,-68034.90934067,532.42,995.8933715820312,0.0003,0.40940970182418823,158,0.47536134719848633
1700,138120,83.69386291503906,552584,3495,-68844.64981687,525.7,1085.3397216796875,0.0003,-0.3015677332878113,158,0.46898481249809265
1704,138309,87.41047668457031,553340,3499,-68735.06529306,515.17,1097.25927734375,0.0003,0.13110893964767456,158,0.4649334251880646
1708,138460,152.38238525390625,553944,3503,-68749.19862639,501.32,1064.87060546875,0.0003,-0.27060264348983765,158,0.4670921862125397
1712,138620,156.4461669921875,554584,3507,-70384.19862639,484.27,1937.576171875,0.0003,0.1062537282705307,158,0.4660737216472626
1716,138787,159.37025451660156,555252,3512,-73253.82362639,449.37,2713.6845703125,0.0003,-0.2807697057723999,158,0.46676909923553467
1720,138969,153.22955322265625,555980,3516,-73093.51529306,437.6,1887.96630859375,0.0003,1.0807898044586182,158,0.46431460976600647
1724,139070,151.99232482910156,556384,3519,-73879.09029306,428.67,3357.188232421875,0.0003,0.7487959265708923,158,0.46388936042785645
1728,139229,257.58721923828125,557020,3523,-75886.87452383,427.64,907.1450805664062,0.0003,-0.8779615163803101,158,0.46230387687683105
1732,139433,306.1141052246094,557836,3528,-76993.08285716,418.45,1325.8616943359375,0.0003,0.2674785554409027,158,0.46143582463264465
1736,139556,97.71617126464844,558328,3531,-78164.93285716,405.01,1211.7996826171875,0.0003,-0.4414384067058563,158,0.45894232392311096
1740,139687,114.42174530029297,558852,3535,-77949.88285716,395.03,1706.30810546875,0.0003,0.15242964029312134,158,0.45720937848091125
1744,139973,100.1258316040039,559996,3542,-77662.23285716,391.96,1356.56787109375,0.0003,0.09098175168037415,158,0.4559761583805084
1748,140207,278.9093933105469,560932,3548,-76298.69952383,395.98,1436.14599609375,0.0003,-0.25839078426361084,158,0.4521268904209137
1752,140386,106.04056549072266,561648,3552,-76047.84952383001,402.23,1323.875244140625,0.0003,0.12438179552555084,158,0.45116928219795227
1756,140580,288.7098693847656,562424,3557,-77123.59952383001,384.33,1355.2559814453125,0.0003,-0.15146289765834808,158,0.45665720105171204
1760,140720,326.169189453125,562984,3560,-80764.92928572999,350.7,1593.3944091796875,0.0003,0.17971256375312805,158,0.4536867141723633
1764,140973,241.57972717285156,563996,3567,-79650.4104726,347.11,842.58642578125,0.0003,-0.9040930271148682,158,0.45431196689605713
1768,141180,122.15911865234375,564824,3572,-80836.7854726,325.25,1803.98291015625,0.0003,-0.3454056978225708,158,0.45532435178756714
1772,141817,303.5081787109375,567372,3587,-82068.79797259999,317.75,1362.971435546875,0.0003,0.37034350633621216,158,0.4550536274909973
1776,142304,157.60888671875,569320,3599,-83170.85630593,316.0,1992.22900390625,0.0003,0.2585938572883606,158,0.45513638854026794
1780,142974,249.604248046875,572000,3616,-83651.44797258999,309.45,900.466552734375,0.0003,-0.7948720455169678,158,0.4541383981704712
1784,143408,58.85832977294922,573736,3627,-86249.70797259,293.9,879.2196655273438,0.0003,-0.9225257635116577,158,0.4457870125770569
1788,143858,322.39495849609375,575536,3638,-85738.07047258999,285.74,1549.16357421875,0.0003,-0.8001822233200073,158,0.4574868381023407
1792,144241,70.87115478515625,577068,3648,-86589.58547259,285.58,779.2025756835938,0.0003,-0.9574882388114929,158,0.4486818313598633
1796,145241,147.63571166992188,581068,3672,-83748.07713926,305.76,1842.2861328125,0.0003,-0.0395389199256897,158,0.4572910666465759
1800,145561,86.69043731689453,582348,3680,-83889.1497583,305.01,947.99365234375,0.0003,-0.6254861354827881,158,0.4584762454032898
1804,146301,170.83546447753906,585308,3698,-84184.73428211,315.7,2063.74365234375,0.0003,0.025736689567565918,158,0.44929951429367065
1808,146778,141.4869384765625,587216,3710,-85128.06761544,325.03,1855.900146484375,0.0003,0.1080968901515007,158,0.44558313488960266
1812,147369,563.069091796875,589580,3724,-84441.24261544,337.76,2033.7861328125,0.0003,0.5639198422431946,158,0.43409931659698486
1816,147970,74.94275665283203,591984,3739,-84614.35372655,354.99,1013.65380859375,0.0003,-0.30100199580192566,158,0.4321326017379761
1820,148102,560.060546875,592512,3742,-83941.05372655,363.11,2377.97802734375,0.0003,0.7143410444259644,158,0.4285077452659607
1824,148249,266.5302734375,593100,3746,-84179.88872655001,366.75,1135.174072265625,0.0003,-0.575447678565979,158,0.4261120855808258
1828,148533,89.69226837158203,594236,3753,-84579.96372655,365.73,1074.652099609375,0.0003,0.4879411458969116,158,0.4295046627521515
1832,149218,167.51510620117188,596976,3770,-82315.82751443,394.73,1945.58984375,0.0003,0.529356837272644,158,0.427641361951828
1836,149701,250.80831909179688,598908,3782,-82482.67751443,402.55,933.7865600585938,0.0003,-0.837316632270813,158,0.42643022537231445
1840,150167,152.51649475097656,600772,3794,-82785.10251443001,418.92,1544.69482421875,0.0003,0.22834420204162598,158,0.42250075936317444
1844,150450,342.25048828125,601904,3801,-82920.10251443001,426.44,1661.203125,0.0003,-0.1359069049358368,158,0.41622090339660645
1848,150641,136.47769165039062,602668,3806,-84098.73584775999,420.35,2563.449462890625,0.0003,0.6898914575576782,158,0.411163330078125
1852,150945,300.1108093261719,603884,3814,-84107.12366827,423.22,1451.005859375,0.0003,0.24766917526721954,158,0.4083838164806366
1856,151237,141.7577667236328,605052,3821,-84141.32366827,430.22,1589.350830078125,0.0003,-1.3183903694152832,158,0.40752750635147095
1860,151344,88.31260681152344,605480,3823,-83924.52366827,431.3,1197.148681640625,0.0003,-0.667125940322876,158,0.40607139468193054
1864,151706,97.35200500488281,606928,3832,-85326.15081473,427.01,1343.025146484375,0.0003,-0.8208631277084351,158,0.4038144052028656
1868,151837,327.3556823730469,607452,3836,-85243.50081473001,433.98,1738.299560546875,0.0003,-0.6098052263259888,158,0.400134801864624
1872,152236,192.5196990966797,609048,3846,-86396.98831473,426.14,2278.77734375,0.0003,0.9134653806686401,158,0.4058521091938019
1876,152777,72.38656616210938,611212,3859,-87342.53414806,416.27,849.7811279296875,0.0003,-0.6052960157394409,158,0.4076560139656067
1880,153037,84.3620834350586,612252,3865,-87877.6174814,411.66,1328.7862548828125,0.0003,0.021349575370550156,158,0.4077659845352173
1884,153921,315.8152160644531,615788,3887,-87783.4174814,404.13,1019.0342407226562,0.0003,-0.8051750659942627,158,0.400621622800827
1888,154395,98.05332946777344,617684,3899,-85950.4799814,420.72,1136.951416015625,0.0003,0.3358996510505676,158,0.39752718806266785
1892,155395,318.1712341308594,621684,3923,-82083.2399814,442.02,2007.970458984375,0.0003,0.9208011627197266,158,0.39608994126319885
1896,156395,284.0290222167969,625684,3949,-82431.12331473001,438.45,1721.50830078125,0.0003,-0.32055115699768066,158,0.3907761871814728
1900,156921,99.15805053710938,627788,3962,-82189.10188616,449.42,1230.77001953125,0.0003,-0.007487952709197998,158,0.38978496193885803
1904,157727,87.4033432006836,631012,3982,-79760.70188616001,461.04,1150.569580078125,0.0003,0.33821651339530945,158,0.38801309466362
1908,157902,127.668212890625,631712,3987,-80294.89355282999,451.98,1425.2913818359375,0.0003,-0.2290700078010559,158,0.3898182213306427
1912,158040,296.8459777832031,632264,3990,-81396.29355283,437.91,1594.20751953125,0.0003,-0.023043334484100342,158,0.39078930020332336
1916,158218,67.93933868408203,632976,3994,-81648.13244172,422.35,1021.32177734375,0.0003,-1.154511570930481,158,0.39178451895713806
1920,158369,514.5722045898438,633580,3998,-82743.78244171999,415.61,1687.581787109375,0.0003,1.006988763809204,158,0.38884004950523376
1924,158530,309.0318603515625,634224,4002,-83018.57244172,410.03,1121.89453125,0.0003,0.3359922170639038,158,0.38860076665878296
1928,158663,329.1785583496094,634756,4006,-83043.67244172,412.54,2962.405029296875,0.0003,0.9961953163146973,158,0.39068251848220825
1932,158797,62.013858795166016,635292,4009,-85609.45865384002,383.42,997.4153442382812,0.0003,-0.5131041407585144,158,0.39289411902427673
1936,158941,113.77557373046875,635868,4013,-85662.13365384,376.99,1290.66552734375,0.0003,-0.44842496514320374,158,0.38972988724708557
1940,159099,337.7603454589844,636500,4017,-85786.03365384002,362.99,1298.35205078125,0.0003,-0.07878066599369049,158,0.39093562960624695
1944,159372,681.3947143554688,637592,4023,-86072.48365384001,356.91,1323.4921875,0.0003,0.48453348875045776,158,0.3957333564758301
1948,159521,116.9454345703125,638188,4027,-86397.48365384001,357.83,1424.25830078125,0.0003,0.2958875596523285,158,0.39742279052734375
1952,159705,300.302734375,638924,4032,-86682.64583333001,352.98,1319.9833984375,0.0003,0.38736435770988464,158,0.39433160424232483
1956,159944,88.30498504638672,639880,4037,-86963.59583333001,347.33,1016.8358764648438,0.0003,-0.39760106801986694,158,0.39229413866996765
1960,160665,278.6439514160156,642764,4055,-86059.70416666001,360.89,1129.6923828125,0.0003,0.7514362931251526,158,0.41253507137298584
1964,161278,114.98785400390625,645216,4070,-84368.72916666,379.95,1604.841064453125,0.0003,-0.27830183506011963,158,0.4159333109855652
1968,161999,314.99749755859375,648100,4087,-83574.87916666,396.47,2431.53271484375,0.0003,0.07718499004840851,158,0.4189465641975403
1972,162625,214.6455078125,650604,4103,-82430.75416666,419.02,2337.82470703125,0.0003,0.24608106911182404,158,0.41904687881469727
1976,163353,113.91303253173828,653516,4120,-83529.15833333001,419.47,1324.605224609375,0.0003,-0.5198057293891907,158,0.4363524913787842
1980,164353,113.27684783935547,657516,4145,-80866.03333333001,441.98,1191.5072021484375,0.0003,0.47259223461151123,158,0.43008551001548767
1984,165020,494.44317626953125,660184,4161,-79422.28333333001,458.16,1502.589599609375,0.0003,0.10115370899438858,158,0.4369587302207947
1988,165555,187.1654052734375,662324,4175,-80455.18333333,452.28,2790.735107421875,0.0003,1.0414717197418213,158,0.4310799241065979
1992,166408,153.99937438964844,665736,4196,-83531.80833333,439.2,1909.99951171875,0.0003,0.4585701823234558,158,0.4329362213611603
1996,167198,90.0890884399414,668896,4215,-84092.43928571,438.09,1284.7353515625,0.0003,-0.269538551568985,158,0.43341919779777527
2000,168198,279.1591796875,672896,4240,-83003.18928571,442.03,1086.7734375,0.0003,-0.6434395909309387,158,0.42791348695755005
2004,168823,466.8158264160156,675396,4256,-83969.28928571001,438.65,1252.0859375,0.0003,-0.12533698976039886,158,0.42341962456703186
2008,169565,505.2847900390625,678364,4274,-80889.46928571,456.28,1438.97119140625,0.0003,0.10142016410827637,158,0.4211742579936981
2012,169949,279.1072082519531,679900,4284,-79053.66928571001,472.68,1198.2935791015625,0.0003,-0.46759167313575745,158,0.41281694173812866
2016,170825,282.1463623046875,683404,4305,-76273.39428571,504.81,1201.4554443359375,0.0003,0.04489108920097351,158,0.41855594515800476
2020,170931,651.6671142578125,683828,4308,-76268.49428571001,504.32,1007.291259765625,0.0003,-0.19471149146556854,158,0.4206826388835907
2024,171931,270.8999328613281,687828,4333,-73534.59428571,530.9,1136.47998046875,0.0003,-0.01055416464805603,158,0.41454020142555237
2028,172153,90.56803894042969,688716,4338,-73496.99428571001,527.14,1346.7567138671875,0.0003,-0.013836033642292023,158,0.41228431463241577
2032,172421,180.0944061279297,689788,4345,-72571.39428571,534.57,991.3792724609375,0.0003,-0.0705188512802124,158,0.4089408218860626
2036,172491,481.8752746582031,690068,4347,-72541.19428571001,531.55,1065.8702392578125,0.0003,-0.06199073791503906,158,0.407394140958786
2040,172594,484.98663330078125,690480,4349,-72561.69428571001,533.6,1340.507568359375,0.0003,-0.11032356321811676,158,0.4075508415699005
2044,172706,50.52167892456055,690928,4352,-72503.29428571001,527.76,966.098876953125,0.0003,-1.3035529851913452,158,0.4100051522254944
2048,173623,243.76620483398438,694596,4375,-69723.09428571,549.71,923.570556640625,0.0003,-1.0978341102600098,158,0.41368305683135986
2052,173784,125.32391357421875,695240,4379,-68649.01928571,554.13,1664.8621826171875,0.0003,-0.10714372992515564,158,0.4076569974422455
2056,174595,102.13153839111328,698484,4399,-66684.74428571001,567.78,1424.3526611328125,0.0003,0.008544594049453735,158,0.39556336402893066
2060,174710,56.08392333984375,698944,4402,-66858.23595238,558.41,973.2076416015625,0.0003,-1.159737229347229,158,0.39730411767959595
2064,174820,281.6986389160156,699384,4404,-67804.21095238,542.08,1154.96337890625,0.0003,0.7320321798324585,158,0.39804932475090027
2068,174903,121.17807006835938,699716,4407,-68759.51095238,516.26,1297.8660888671875,0.0003,0.649609386920929,158,0.3966256082057953
2072,174956,515.8171997070312,699928,4408,-68920.83595238,495.42,1662.890869140625,0.0003,-0.031011059880256653,158,0.3979394733905792
2076,175024,356.7879943847656,700200,4410,-68970.98595238,477.17,1982.68017578125,0.0003,0.05261016637086868,158,0.3973954916000366
2080,175077,73.35425567626953,700412,4411,-71608.28595238,440.93,1026.072509765625,0.0003,-0.015190154314041138,158,0.39758506417274475
2084,175725,81.4442138671875,703004,4427,-72495.68595238001,419.61,1091.01708984375,0.0003,0.31977880001068115,158,0.3909047842025757
2088,176156,254.4701385498047,704728,4438,-70883.36095238,424.63,1048.4407958984375,0.0003,0.04394000768661499,158,0.385066419839859
2092,177156,678.1656494140625,708728,4463,-68236.03595238,437.71,1521.074951171875,0.0003,0.3186298608779907,158,0.37949857115745544
2096,178117,263.8091125488281,712572,4488,-67621.805,433.46,1165.6572265625,0.0003,-0.49875834584236145,158,0.37023407220840454
2100,179117,47.0663948059082,716572,4513,-65832.455,441.63,902.28466796875,0.0003,-1.253456473350525,158,0.3732289671897888
2104,179927,52.48280715942383,719812,4533,-66736.605,443.63,906.437255859375,0.0003,-0.021304398775100708,158,0.3668470084667206
2108,180662,73.29786682128906,722752,4551,-68941.025,438.45,1095.74951171875,0.0003,-0.04762570559978485,158,0.36248883605003357
2112,181662,60.91154861450195,726752,4576,-67751.24785714,453.99,1092.478759765625,0.0003,-0.0005274564027786255,158,0.3694746792316437
2116,182495,130.1448516845703,730084,4596,-67671.52285714001,450.0,1226.98095703125,0.0003,0.35437697172164917,158,0.37390729784965515
2120,182825,129.98812866210938,731404,4605,-65913.32285714001,474.16,1685.912841796875,0.0003,0.4835251271724701,158,0.3749687969684601
2124,183825,170.14962768554688,735404,4629,-64985.82285714,481.4,2207.1142578125,0.0003,0.5689294338226318,158,0.3775961101055145
2128,184662,101.00009155273438,738752,4650,-63716.62785714,509.18,912.395751953125,0.0003,0.5160139799118042,158,0.3819407522678375
2132,185521,254.58889770507812,742188,4671,-62901.12785714,527.62,996.0858764648438,0.0003,-0.05474793165922165,158,0.38112443685531616
2136,186521,90.3775405883789,746188,4697,-59174.12785714,564.88,1094.961669921875,0.0003,-0.12024003267288208,158,0.3746076226234436
2140,187521,76.83201599121094,750188,4722,-55490.82785714001,596.51,1299.37060546875,0.0003,-0.4703736901283264,158,0.3717602491378784
2144,188521,290.85028076171875,754188,4747,-52804.42785714001,627.84,1339.6845703125,0.0003,0.5197694301605225,158,0.37579113245010376
2148,189521,278.4405212402344,758188,4772,-51901.527857140005,637.54,2166.95458984375,0.0003,-0.07604444026947021,158,0.3741212487220764
2152,190521,55.97953796386719,762188,4797,-49308.70285714001,666.39,847.0780639648438,0.0003,-0.3620004653930664,158,0.36673277616500854
2156,191521,307.142333984375,766188,4822,-47601.777857140005,685.58,1042.4158935546875,0.0003,-0.23754794895648956,158,0.3550320863723755
2160,192521,77.4079360961914,770188,4847,-44887.67785714001,714.14,1382.61376953125,0.0003,-0.11131609976291656,158,0.343706339597702
2164,193001,156.62722778320312,772108,4859,-44036.57785714001,729.02,1593.717041015625,0.0003,1.492461085319519,158,0.3410605490207672
2168,194000,269.1472473144531,776104,4883,-42228.10285714,759.12,1048.4228515625,0.0003,-0.19062891602516174,158,0.3379470407962799
2172,194313,92.05925750732422,777356,4892,-41386.40285714,774.94,1434.046875,0.0003,-0.5679771900177002,158,0.3386380076408386
2176,195153,277.316162109375,780716,4913,-40636.60285714,799.95,1016.4007568359375,0.0003,1.052098035812378,158,0.3271012008190155
2180,195833,56.559906005859375,783436,4930,-39907.60285714,827.04,1149.4140625,0.0003,-0.4641273021697998,158,0.3322160243988037
2184,196833,101.07527160644531,787436,4955,-39101.00285714,846.37,1208.238525390625,0.0003,0.9114523530006409,158,0.316582053899765
2188,197833,217.47361755371094,791436,4979,-39146.40285714,850.91,703.560546875,0.0003,-0.6411586999893188,158,0.3095155656337738
2192,198833,70.1764907836914,795436,5004,-39146.40285714,850.91,698.8434448242188,0.0003,-0.16770431399345398,158,0.30263325572013855
2196,199833,78.3231430053711,799436,5030,-38241.90285714,860.45,1226.82958984375,0.0003,-0.9514641761779785,158,0.3156592547893524
2200,200833,296.13800048828125,803436,5055,-38241.90285714,860.45,1161.914306640625,0.0003,0.7010746002197266,158,0.3197941482067108
2204,201833,287.25445556640625,807436,5081,-35455.45285714,870.2,774.8575439453125,0.0003,0.49888938665390015,158,0.34125199913978577
2208,202684,68.50910186767578,810840,5102,-33533.05285714,877.94,840.7869873046875,0.0003,-0.7453335523605347,158,0.3686271607875824
2212,203290,276.0347900390625,813264,5118,-34817.03,871.82,766.6722412109375,0.0003,-0.07409777492284775,158,0.3891550600528717
2216,203739,77.43690490722656,815060,5129,-35675.88,863.6,879.375244140625,0.0003,0.11696580052375793,158,0.40691593289375305
2220,204221,263.74163818359375,816988,5140,-37107.08,850.64,615.7108764648438,0.0003,0.5620587468147278,158,0.4287097752094269
2224,204559,86.71762084960938,818340,5149,-40557.58,825.85,790.3202514648438,0.0003,0.009770624339580536,158,0.4486566483974457
2228,205026,112.62116241455078,820208,5160,-41613.075,809.7,834.3826904296875,0.0003,0.3224468529224396,158,0.4834384024143219
2232,205367,316.0513610839844,821572,5169,-41715.694047619996,798.25,1020.093017578125,0.0003,0.36839237809181213,158,0.5064342021942139
2236,205981,463.53973388671875,824028,5184,-44900.45404762,781.54,402.9638366699219,0.0003,0.390816330909729,158,0.5595406889915466
2240,206345,79.67875671386719,825484,5193,-48306.05404762,753.16,404.2869873046875,0.0003,0.49702057242393494,158,0.5961885452270508
2244,206503,121.37823486328125,826116,5197,-50780.60404762,731.63,562.2744140625,0.0003,0.8581105470657349,158,0.6186255216598511
2248,206806,379.97381591796875,827328,5204,-54161.30404762,701.44,1939.9317626953125,0.0003,0.3984043300151825,158,0.6650656461715698
2252,207181,123.82853698730469,828828,5214,-57592.50404762,665.19,353.8280944824219,0.0003,0.21822130680084229,158,0.7364803552627563
2256,207571,358.7556457519531,830388,5223,-59893.037380949994,639.75,951.943359375,0.0003,0.41047894954681396,158,0.8176731467247009
2260,207805,518.0572509765625,831324,5229,-61121.44293651001,622.83,1429.875732421875,0.0003,0.06454156339168549,158,0.8691979646682739
2264,208473,160.72987365722656,833996,5245,-60053.666746029994,618.2,983.2427978515625,0.0003,0.010817254893481731,159,0.9849210977554321
2268,209317,106.87466430664062,837372,5265,-60356.55533578001,613.5,143.14198303222656,0.0003,-0.03260662406682968,159,1.1051546335220337
2272,209748,294.23419189453125,839096,5275,-60799.63866911,608.46,88.53807067871094,0.0003,0.1700800657272339,159,1.1527271270751953
2276,210386,388.56195068359375,841648,5291,-61106.372002439995,606.66,399.8564453125,0.0003,-0.05804789066314697,159,1.2030396461486816
2280,210514,122.96979522705078,842160,5294,-61712.24700244,591.02,-325.2265625,0.0003,0.07164791226387024,159,1.2049448490142822
2284,210623,183.39794921875,842596,5297,-63429.74700244,562.79,639.970458984375,0.0003,0.0061442796140909195,159,1.1982250213623047
2288,211036,342.57989501953125,844248,5307,-66199.24700244,539.77,71.28781127929688,0.0003,0.09053865075111389,159,1.1714279651641846
2292,211579,181.13601684570312,846420,5320,-68948.19700244,525.68,-20.113662719726562,0.0003,-0.06889018416404724,159,1.1317410469055176
2296,212579,118.72754669189453,850420,5345,-69943.39700244,525.21,-313.53466796875,0.0003,-0.016710147261619568,159,1.0953856706619263
2300,213034,407.2874450683594,852240,5357,-73602.67200244,502.34,-96.79502868652344,0.0003,-0.08949993550777435,159,1.0912649631500244
2304,213541,570.6730346679688,854268,5369,-77149.94700244,479.46,519.1354370117188,0.0003,-0.05520392954349518,159,1.101983666419983
2308,213931,145.66708374023438,855828,5379,-79483.16366911,454.99,36.90227508544922,0.0003,0.018651651218533516,159,1.1010775566101074
2312,214081,152.33714294433594,856428,5383,-80042.88033578,434.28,-179.01194763183594,0.0003,0.018396621569991112,159,1.0953084230422974
2316,214239,356.56695556640625,857060,5387,-81091.13033578,419.06,142.84207153320312,0.0003,0.0077723730355501175,159,1.087529182434082
2320,214594,508.96380615234375,858480,5395,-81410.83033578,407.13,-293.6941223144531,0.0003,0.035824671387672424,159,1.108968734741211
2324,215104,202.8011474609375,860520,5408,-80506.21366911,412.08,606.3816528320312,0.0003,0.0317976251244545,159,1.0832417011260986
2328,215639,290.1728820800781,862660,5420,-78646.66366911,418.85,-321.550048828125,0.0003,0.017150936648249626,159,1.060957431793213
2332,216062,370.1902770996094,864352,5431,-79114.41962149,420.2,113.58889770507812,0.0003,-0.002310605952516198,159,1.0434397459030151
2336,216140,179.87950134277344,864664,5432,-79686.05962149,402.59,264.89324951171875,0.0003,0.001868673600256443,159,1.0346559286117554
2340,216522,165.4411163330078,866192,5442,-79970.35962149,400.0,-96.22012329101562,0.0003,0.000251994002610445,159,1.0224169492721558
2344,216748,144.04220581054688,867096,5447,-79141.20962149,399.93,4.618255615234375,0.0003,0.0026019862852990627,159,1.0080013275146484
2348,216814,757.1246337890625,867360,5449,-79494.60962149,403.57,224.84912109375,0.0003,0.0004636195953935385,159,1.0033235549926758
2352,216885,338.1190490722656,867644,5451,-79684.10962149,401.93,1276.83203125,0.0003,-0.0005528361070901155,159,0.998300313949585
2356,216950,99.16487884521484,867904,5452,-81001.17628815999,389.17,-395.0087890625,0.0003,-0.00159840181004256,159,0.9959906935691833
2360,217003,169.20486450195312,868116,5453,-83389.97073259999,367.85,184.012451171875,0.0003,0.0005393524188548326,159,0.9903937578201294
2364,217065,189.70724487304688,868364,5455,-86215.04692308,348.23,323.86993408203125,0.0003,0.004201587755233049,159,0.9836699366569519
2368,217145,126.80821990966797,868684,5457,-87722.93333333,323.06,-397.64715576171875,0.0003,-0.0033670468255877495,159,0.9748644828796387
2372,217225,360.44818115234375,869004,5459,-89033.25,303.46,351.6083984375,0.0003,-0.006685473956167698,159,0.9719998836517334
2376,217312,292.1396789550781,869352,5461,-89423.56666667,286.65,1561.1243896484375,0.0003,0.037809085100889206,159,0.9639891982078552
2380,217893,525.118896484375,871676,5475,-89599.69166667,280.5,-295.5870361328125,0.0003,-0.057434044778347015,159,0.9114781618118286
2384,218152,591.5752563476562,872712,5481,-88776.49166667,298.17,1555.9024658203125,0.0003,0.16278043389320374,159,0.8741714358329773
2388,218242,200.78848266601562,873072,5484,-88674.79166666999,288.0,634.0391845703125,0.0003,0.029999980702996254,159,0.8649256825447083
2392,218326,152.3495330810547,873408,5486,-88656.74166667,275.21,-73.03904724121094,0.0003,-0.0637860968708992,159,0.8579623699188232
2396,218382,350.1808166503906,873632,5487,-91280.84166666999,237.65,55.89923858642578,0.0003,-0.06601996719837189,159,0.8565923571586609
2400,218427,606.53369140625,873812,5488,-91240.46666666999,222.45,581.630615234375,0.0003,0.1427164077758789,159,0.8520544767379761
2404,218666,548.4649047851562,874768,5494,-91341.59166666999,210.21,130.08921813964844,0.0003,0.03313678503036499,159,0.8385589718818665
2408,218819,350.2799377441406,875380,5498,-91635.975,207.69,1274.2274169921875,0.0003,0.09341892600059509,159,0.8289346098899841
2412,219290,528.1231689453125,877264,5510,-92764.75833333,207.4,418.55133056640625,0.0003,-0.003246154636144638,159,0.8221547603607178
2416,219819,160.2124481201172,879380,5523,-92615.075,215.47,380.12518310546875,0.0003,-0.069214828312397,159,0.7991209626197815
2420,220157,147.94569396972656,880732,5531,-91703.175,224.27,209.97903442382812,0.0003,-0.030494429171085358,159,0.7840641736984253
2424,220569,126.62490844726562,882380,5541,-91825.19166667,220.93,671.3841552734375,0.0003,0.02043750137090683,159,0.7619324326515198
2428,220912,287.49603271484375,883752,5549,-92993.29166666999,222.54,-37.63538360595703,0.0003,-0.09344575554132462,159,0.7485552430152893
2432,221004,487.1213684082031,884120,5551,-94063.41666666999,207.25,18.894630432128906,0.0003,-0.02878504991531372,159,0.7409631013870239
2436,221367,144.17018127441406,885572,5560,-93903.29166666999,212.07,1388.01904296875,0.0003,-0.10082916170358658,159,0.7419042587280273
2440,222049,508.48284912109375,888300,5576,-93754.64166667,218.94,411.1485290527344,0.0003,-0.3262689709663391,159,0.7037715315818787
2444,222633,524.7406616210938,890636,5590,-92417.42916667,238.4,574.8032836914062,0.0003,0.03940074145793915,159,0.6957374215126038
2448,223633,288.08099365234375,894636,5614,-91349.60416666999,259.01,-41.3701286315918,0.0003,-0.1655440628528595,159,0.7070016860961914
2452,224343,369.3433532714844,897476,5632,-90410.70416667,288.75,849.0377197265625,0.0003,0.15114760398864746,159,0.7129810452461243
2456,224970,160.58441162109375,899984,5647,-90337.30257576,314.53,1160.20654296875,0.0003,0.01866750605404377,159,0.690125584602356
2460,225963,750.6220703125,903956,5670,-89296.72530302999,343.28,1404.3575439453125,0.0003,0.092755526304245,159,0.6898934841156006
2464,226608,84.19931030273438,906536,5686,-87620.92530303,375.68,83.23358154296875,0.0003,-0.009559422731399536,159,0.6604515314102173
2468,227461,251.97555541992188,909948,5707,-85900.42530303,403.61,2271.990234375,0.0003,0.15197360515594482,159,0.6204707622528076
2472,227828,152.00079345703125,911416,5716,-85048.62530303,418.42,709.583251953125,0.0003,0.3998039960861206,159,0.6236362457275391
2476,228071,331.9711608886719,912388,5722,-84177.10030302999,429.68,987.54345703125,0.0003,-0.3132277727127075,159,0.6326135396957397
2480,228386,486.3158264160156,913648,5729,-84225.10030302999,434.48,311.0306396484375,0.0003,0.41077524423599243,159,0.6263972520828247
2484,228658,108.8282699584961,914736,5736,-85125.20030303,424.5,1481.388427734375,0.0003,-0.18711349368095398,159,0.6188483834266663
2488,229150,118.7677993774414,916704,5748,-85206.00030303,432.58,844.8662109375,0.0003,-0.24283367395401,159,0.6142832636833191
2492,229681,166.8538360595703,918828,5761,-84328.00030303,444.77,1929.646728515625,0.0003,0.004335269331932068,159,0.5884979963302612
2496,230089,111.26995086669922,920460,5771,-83393.60030302999,461.32,517.869384765625,0.0003,0.4734133183956146,159,0.5915053486824036
2500,230890,70.50997161865234,923664,5790,-81634.80030303,485.42,333.9151306152344,0.0003,-0.13417081534862518,159,0.5869688987731934
2504,231710,158.7683563232422,926944,5810,-78967.90030303,518.7,819.0665283203125,0.0003,-0.01416049525141716,159,0.5763235688209534
2508,232658,91.2367172241211,930736,5833,-77257.00030303,537.37,546.119140625,0.0003,-0.14881685376167297,159,0.5719485282897949
2512,232995,75.28092193603516,932084,5841,-74575.90030303,559.1,341.3348388671875,0.0003,-0.1870071142911911,159,0.5626436471939087
2516,233991,102.07974243164062,936068,5866,-73899.78363636,568.44,1537.50732421875,0.0003,-0.4433792531490326,159,0.5533991456031799
2520,234991,136.2086944580078,940068,5891,-72022.88363636,590.98,936.6451416015625,0.0003,-0.02025403082370758,159,0.5482916235923767
2524,235991,326.88201904296875,944068,5915,-69244.55863636,614.16,1852.569091796875,0.0003,0.22283881902694702,159,0.5325795412063599
2528,236933,126.13032531738281,947836,5937,-67231.95863636,624.49,1054.7803955078125,0.0003,0.18880286812782288,159,0.5259326100349426
2532,237423,104.03154754638672,949796,5949,-65203.83363636,644.38,951.0035400390625,0.0003,-0.2630869448184967,159,0.5232788324356079
2536,238230,113.68130493164062,953024,5968,-64406.30863636,666.86,2226.94287109375,0.0003,0.006926596164703369,159,0.5244194269180298
2540,238904,342.9718017578125,955720,5984,-63708.95863636,675.38,1106.6748046875,0.0003,0.43279409408569336,159,0.5247762799263
2544,239702,78.79436492919922,958912,6003,-63309.82113636,678.7,435.111083984375,0.0003,-0.3690897226333618,159,0.5353314876556396
2548,240294,323.8459777832031,961280,6017,-63420.99613636,672.74,526.3707885742188,0.0003,-0.08726571500301361,159,0.5372707843780518
2552,241274,247.60293579101562,965200,6040,-62305.62113636,673.26,3370.13671875,0.0003,0.46574291586875916,159,0.5390546917915344
2556,241876,121.07201385498047,967608,6054,-61395.67272726999,672.98,623.7003173828125,0.0003,-0.2324148565530777,159,0.5415275692939758
2560,242274,81.60726928710938,969200,6064,-61088.42,663.84,481.3922119140625,0.0003,0.5530834794044495,159,0.5360819101333618
2564,242502,339.3082580566406,970112,6069,-62433.82833333,642.77,1042.2742919921875,0.0003,0.07234233617782593,159,0.5365777015686035
2568,243028,318.1986389160156,972216,6081,-64148.52833333,626.09,1105.267578125,0.0003,0.8102667331695557,159,0.5398901700973511
2572,243813,317.4361877441406,975356,6100,-62294.97000000001,639.26,1093.7083740234375,0.0003,-0.2916848063468933,159,0.5388646721839905
2576,244102,232.5425262451172,976512,6107,-61909.011666670005,638.57,459.58038330078125,0.0003,-0.2101953625679016,159,0.5438137650489807
2580,245028,46.66520309448242,980216,6128,-59399.17833334,654.05,405.2601318359375,0.0003,-0.4492928981781006,159,0.5439320206642151
2584,245472,80.52964782714844,981992,6139,-58067.30571429,668.19,708.0482177734375,0.0003,-0.8207907676696777,159,0.5516294240951538
2588,246077,97.15591430664062,984412,6153,-56113.43785713999,681.45,797.825439453125,0.0003,-0.09023043513298035,159,0.5624998807907104
2592,246565,127.81652069091797,986364,6164,-57543.36285714,670.95,712.0271606445312,0.0003,-0.1931188702583313,160,0.56145179271698
2596,247003,78.22998046875,988116,6174,-57810.39170328999,673.09,1561.447509765625,0.0003,0.10349583625793457,160,0.562548041343689
2600,247930,98.60905456542969,991824,6195,-57732.36194139001,675.94,751.3605346679688,0.0003,0.2303808033466339,160,0.5651853680610657
2604,248475,114.79389953613281,994004,6208,-58716.80598901,662.5,950.798583984375,0.0003,0.3585588335990906,160,0.5704089403152466
2608,248930,499.844482421875,995824,6219,-57869.653608060005,664.19,1108.5909423828125,0.0003,0.05262456834316254,160,0.573969841003418
2612,249888,201.77333068847656,999656,6241,-59018.845036629995,655.77,2693.7861328125,0.0003,0.19483062624931335,160,0.5845934152603149
2616,250273,139.15426635742188,1001196,6250,-58105.603369959994,650.57,1047.365234375,0.0003,0.24889954924583435,160,0.5804902911186218
2620,250936,240.81198120117188,1003848,6265,-58339.303369960006,643.99,443.2724914550781,0.0003,0.04184243083000183,160,0.5737534761428833
2624,251593,70.11959075927734,1006476,6280,-60386.51884615,634.75,548.6443481445312,0.0003,0.36718910932540894,160,0.5657617449760437
2628,252509,295.9406433105469,1010140,6302,-59859.352179479996,636.99,557.4612426757812,0.0003,-0.7714672684669495,160,0.5518766641616821
2632,253509,255.4073944091797,1014140,6325,-58837.75217948001,646.85,427.6862487792969,0.0003,-0.5845067501068115,160,0.5290147662162781
2636,254509,84.33250427246094,1018140,6349,-55931.72717948001,653.87,788.8346557617188,0.0003,0.1543947458267212,160,0.5025621056556702
2640,255509,68.93364715576172,1022140,6373,-53087.82717948001,669.45,605.4935913085938,0.0003,0.3885485827922821,160,0.47818925976753235
2644,256509,238.94989013671875,1026140,6396,-52025.75217948001,675.38,1265.5950927734375,0.0003,1.2959030866622925,160,0.46080756187438965
2648,257115,62.523460388183594,1028564,6411,-50953.55217948001,680.45,611.8479614257812,0.0003,0.11031675338745117,160,0.4598757028579712
2652,257939,99.61201477050781,1031860,6430,-53137.32717948001,663.14,1068.2664794921875,0.0003,0.6370519399642944,160,0.45365816354751587
2656,258559,243.6298370361328,1034340,6444,-52134.25217948001,666.23,480.3427734375,0.0003,-0.3310825526714325,160,0.44843021035194397
2660,258874,271.9616394042969,1035600,6452,-52677.98217948001,666.2,1410.5345458984375,0.0003,0.22594943642616272,160,0.4558233618736267
2664,259251,45.48603439331055,1037108,6461,-53087.87384615,662.82,549.9140625,0.0003,-0.3509729206562042,160,0.45536133646965027
2668,259778,44.80527114868164,1039216,6473,-52294.173846150006,671.61,520.1486206054688,0.0003,-0.14931611716747284,160,0.4482422173023224
2672,260251,324.3077392578125,1041108,6485,-54132.23217948001,656.89,1016.0133056640625,0.0003,0.4715763032436371,160,0.43318504095077515
2676,260888,82.05814361572266,1043656,6500,-54698.165512809996,665.48,948.4981079101562,0.0003,-0.36645758152008057,160,0.41947469115257263
2680,261616,81.34444427490234,1046568,6517,-54891.42384614,666.95,622.900390625,0.0003,0.09067791700363159,160,0.42081984877586365
2684,262198,447.7633361816406,1048896,6531,-55127.34646519,666.69,794.0421142578125,0.0003,0.16706201434135437,160,0.42462611198425293
2688,262851,40.431365966796875,1051508,6546,-55762.81432234,667.07,469.88873291015625,0.0003,-0.5906276106834412,160,0.42517343163490295
2692,263415,116.5706787109375,1053764,6559,-56107.214322340005,679.29,806.3243408203125,0.0003,0.20919492840766907,160,0.4121137857437134
2696,263986,65.28985595703125,1056048,6572,-56496.76047619,680.61,530.074462890625,0.0003,-0.3016318082809448,160,0.4025785028934479
2700,264268,113.53568267822266,1057176,6579,-57901.62523809,666.57,2365.62255859375,0.0003,0.31468698382377625,160,0.4048725962638855
2704,264886,79.21568298339844,1059648,6594,-58390.65619046999,659.92,974.8992919921875,0.0003,-0.4287995994091034,160,0.40280771255493164
2708,265424,153.37701416015625,1061800,6607,-59935.258571419996,653.13,3735.96923828125,0.0003,0.3346748948097229,160,0.4018520712852478
2712,265752,405.8962707519531,1063112,6615,-61275.31714285,646.13,445.4971923828125,0.0003,-0.12384670972824097,160,0.40641167759895325
2716,266510,554.7444458007812,1066144,6633,-62697.533809520006,643.73,9940.1279296875,0.0003,0.33685654401779175,160,0.3995141386985779
2720,267510,240.80606079101562,1070144,6657,-61479.30880952001,653.78,568.244873046875,0.0003,-0.15581536293029785,160,0.40192732214927673
2724,268031,52.28806686401367,1072228,6669,-62150.61833333001,654.97,627.8294677734375,0.0003,-1.15707266330719,160,0.3975212574005127
2728,268934,252.5505828857422,1075840,6690,-65598.41,643.57,702.8250732421875,0.0003,0.7534483671188354,160,0.3900671899318695
2732,269828,56.74271011352539,1079416,6712,-66901.71,640.05,743.9821166992188,0.0003,-0.2843916416168213,160,0.3918531835079193
2736,270524,83.1878662109375,1082200,6728,-70068.885,636.07,1970.6021728515625,0.0003,-0.25341400504112244,160,0.38875097036361694
2740,271523,103.31576538085938,1086196,6752,-71012.685,630.46,1900.1551513671875,0.0003,0.5924201011657715,160,0.3716777265071869
2744,272523,72.44891357421875,1090196,6775,-71236.91,630.46,573.5706787109375,0.0003,-0.4763222336769104,160,0.36735397577285767
2748,273155,44.9013786315918,1092724,6790,-71407.66,624.91,643.617431640625,0.0003,-0.14556005597114563,160,0.37407928705215454
2752,274155,234.826416015625,1096724,6814,-68522.41,646.64,587.9852294921875,0.0003,-0.16376012563705444,160,0.36794304847717285
2756,274569,52.26871109008789,1098380,6824,-69788.535,646.01,743.4395751953125,0.0003,0.30370503664016724,160,0.3660110533237457
2760,274779,240.60911560058594,1099220,6829,-70673.835,634.55,703.931640625,0.0003,-0.3528628647327423,160,0.36468663811683655
2764,275174,265.920166015625,1100800,6838,-70735.635,640.73,779.6475830078125,0.0003,0.19700655341148376,160,0.37260913848876953
2768,276122,313.9059753417969,1104592,6860,-69303.79,650.59,1543.544189453125,0.0003,0.07758828997612,160,0.3708808422088623
2772,276424,74.79027557373047,1105800,6867,-69084.54,649.98,762.2386474609375,0.0003,0.504458487033844,161,0.3718271255493164
2776,276818,637.1859741210938,1107376,6876,-68494.35,638.14,821.0235595703125,0.0003,0.033084332942962646,161,0.3751468062400818
2780,277163,282.9385986328125,1108756,6884,-69506.14166667001,627.64,867.85205078125,0.0003,0.30131372809410095,161,0.38858288526535034
2784,277347,246.69752502441406,1109492,6889,-70177.74166667,613.98,823.2033081054688,0.0003,-0.22363236546516418,161,0.3875257670879364
2788,277637,41.60598373413086,1110652,6896,-71252.21666666999,597.94,609.9410400390625,0.0003,0.17951330542564392,161,0.3865065276622772
2792,278395,436.7304992675781,1113684,6913,-71372.46666666999,589.41,688.43798828125,0.0003,-0.150496706366539,161,0.38514038920402527
2796,278701,249.37489318847656,1114908,6921,-69461.98333334,593.24,824.972412109375,0.0003,0.2554575800895691,161,0.39323750138282776
2800,278893,67.75282287597656,1115676,6925,-69893.84833333999,580.32,903.0260620117188,0.0003,0.2189137488603592,161,0.39338618516921997
2804,279016,255.67152404785156,1116168,6928,-71050.77333334,563.48,826.4564819335938,0.0003,0.5581566691398621,161,0.39581719040870667
2808,279164,77.67749786376953,1116760,6932,-72164.12333334,549.68,1204.23193359375,0.0003,0.9466414451599121,161,0.396769642829895
2812,279238,280.6752014160156,1117056,6933,-72307.47333333999,541.52,827.188720703125,0.0003,0.0634244978427887,161,0.39938175678253174
2816,279287,73.38184356689453,1117252,6934,-73521.79833334,521.47,933.6729736328125,0.0003,0.5083058476448059,161,0.398295521736145
2820,279341,91.750244140625,1117468,6936,-77253.52333334,482.5,782.3922729492188,0.0003,0.005370929837226868,161,0.3955601155757904
2824,279420,167.26287841796875,1117784,6938,-78293.52333334,455.4,3859.441650390625,0.0003,0.46681904792785645,161,0.3964933753013611
2828,279476,68.85935974121094,1118008,6939,-78283.34833333999,433.49,1238.792236328125,0.0003,0.3358204662799835,161,0.39569467306137085
2832,279598,117.84478759765625,1118496,6942,-80173.07333334,411.05,1292.1968994140625,0.0003,0.6031931638717651,161,0.39788028597831726
2836,279664,287.8420715332031,1118760,6944,-81749.37333334,368.7,1798.5352783203125,0.0003,0.9089287519454956,161,0.3986145257949829
2840,279707,96.67830657958984,1118932,6945,-83515.37333334,345.32,1245.193359375,0.0003,0.47608739137649536,161,0.39856773614883423
2844,279758,267.74737548828125,1119136,6946,-87127.17333333999,306.54,958.9228515625,0.0003,0.2677372992038727,161,0.3955000340938568
2848,279858,36.54801559448242,1119536,6948,-88870.57333333998,280.9,550.44580078125,0.0003,-0.166642963886261,161,0.3924006223678589
2852,279927,239.22915649414062,1119812,6950,-91681.52333334,251.74,706.2020874023438,0.0003,-0.3208034634590149,161,0.39050784707069397
2856,279965,468.44793701171875,1119964,6951,-92394.82333333998,223.08,648.9235229492188,0.0003,-0.5100182890892029,161,0.38989120721817017
2860,280016,275.94049072265625,1120168,6952,-92306.62333333999,214.26,983.64306640625,0.0003,0.7223407030105591,161,0.390582799911499
2864,280092,47.524635314941406,1120472,6954,-92182.42333333999,201.84,654.1340942382812,0.0003,-0.14202046394348145,161,0.3885868787765503
2868,280280,190.13327026367188,1121224,6958,-94441.06833334,174.67,5134.50439453125,0.0003,1.1255520582199097,161,0.39305874705314636
2872,280327,95.39419555664062,1121412,6959,-95541.71833333999,163.43,1210.7843017578125,0.0003,0.8435986042022705,161,0.3961924910545349
2876,280748,265.671630859375,1123096,6969,-97019.40833333999,164.03,579.5858764648438,0.0003,-0.11440938711166382,161,0.3941207230091095
2880,280960,55.39380645751953,1123944,6974,-98273.39166667,152.5,657.330078125,0.0003,0.2883438169956207,161,0.40125328302383423
2884,281393,65.36247253417969,1125676,6985,-98748.34166666999,157.34,878.0203247070312,0.0003,0.43994802236557007,161,0.3965808153152466
2888,282158,233.50071716308594,1128736,7003,-98069.54166666999,178.68,544.2008056640625,0.0003,-0.753365695476532,161,0.384464830160141
2892,283158,256.4005432128906,1132736,7026,-95389.29166666999,195.69,807.389404296875,0.0003,0.41450685262680054,161,0.39163896441459656
2896,284158,240.8636474609375,1136736,7050,-93958.3,209.88,739.442626953125,0.0003,-0.5848507881164551,161,0.3756105303764343
2900,285055,205.3805389404297,1140324,7071,-91225.425,246.93,819.4785766601562,0.0003,0.34742191433906555,161,0.3690987527370453
2904,286055,248.6879425048828,1144324,7095,-88565.325,280.89,719.6190795898438,0.0003,0.2931217551231384,161,0.3685796856880188
2908,287055,53.64339065551758,1148324,7119,-84896.325,313.95,764.5504150390625,0.0003,0.25074368715286255,161,0.3557751178741455
2912,288055,29.955650329589844,1152324,7142,-81336.325,344.78,569.5631103515625,0.0003,-1.302644968032837,161,0.34338781237602234
2916,289055,48.574398040771484,1156324,7166,-77726.925,383.8,706.7650756835938,0.0003,-0.3240906000137329,161,0.33093202114105225
2920,290055,217.69088745117188,1160324,7189,-74117.025,422.77,576.3798828125,0.0003,-0.3048880100250244,161,0.3258195221424103
2924,291055,230.80465698242188,1164324,7213,-70468.925,457.92,639.4430541992188,0.0003,0.16956225037574768,161,0.3239545226097107
2928,292055,45.14176559448242,1168324,7237,-66850.225,496.01,1609.90869140625,0.0003,-1.2284231185913086,161,0.3263034224510193
2932,293055,272.8480529785156,1172324,7261,-63146.725,525.62,1161.3175048828125,0.0003,0.3286558985710144,161,0.31543147563934326
2936,294055,69.8484878540039,1176324,7284,-59517.025,562.61,527.573974609375,0.0003,-0.4813096225261688,161,0.3130398392677307
2940,295055,42.52117919921875,1180324,7308,-55900.725,600.94,688.58203125,0.0003,0.4507816433906555,161,0.3115045130252838
2944,296055,249.1932373046875,1184324,7332,-52288.925,639.72,619.9014892578125,0.0003,0.2728777527809143,161,0.3115239143371582
2948,296482,50.28004455566406,1186032,7342,-51528.325,663.65,743.4690551757812,0.0003,0.65435391664505,161,0.31646618247032166
2952,296565,39.850547790527344,1186364,7344,-51542.625,665.08,671.1973876953125,0.0003,0.6940157413482666,161,0.3207145631313324
2956,296770,51.3327751159668,1187184,7350,-51567.225,667.54,910.9405517578125,0.0003,-0.05787573754787445,161,0.3238750398159027
2960,297070,53.222412109375,1188384,7357,-51617.925,672.61,699.9266357421875,0.0003,-0.6608495712280273,161,0.3248516619205475
2964,297562,43.6639404296875,1190352,7368,-50601.025,683.97,687.761474609375,0.0003,-0.09795694053173065,161,0.323499858379364
2968,297651,209.97023010253906,1190708,7370,-49541.925,691.86,1295.060546875,0.0003,0.1869731843471527,161,0.3228975236415863
2972,297921,62.900272369384766,1191788,7377,-49571.225,694.79,622.0374755859375,0.0003,0.04883280396461487,161,0.3194600045681
2976,298821,651.380126953125,1195388,7398,-47571.775,708.52,1066.2432861328125,0.0003,0.83501797914505,161,0.3248586058616638
2980,299215,73.7208480834961,1196964,7407,-45231.033333340005,725.71,755.3759765625,0.0003,0.7597333788871765,161,0.33535805344581604
2984,300215,33.014923095703125,1200964,7431,-41350.43333334,750.7,647.1634521484375,0.0003,-0.31850665807724,161,0.3361462652683258
2988,301215,231.20037841796875,1204964,7454,-38460.43333334,761.67,627.7755737304688,0.0003,-0.32159870862960815,161,0.33676081895828247
2992,302121,27.171449661254883,1208588,7476,-39142.36666667,763.2,565.7068481445312,0.0003,-0.5976231098175049,161,0.35853245854377747
2996,302843,211.3561248779297,1211476,7493,-40562.883333339996,753.73,547.4395141601562,0.0003,0.5153260231018066,161,0.366847425699234
3000,303314,35.33224105834961,1213360,7504,-42973.55833334,731.9,594.0882568359375,0.0003,-0.012880206108093262,161,0.3798966407775879
3004,304314,55.529605865478516,1217360,7527,-42327.55833334,734.12,836.7802734375,0.0003,0.5256906151771545,161,0.3726138770580292
3008,305314,256.6080627441406,1221360,7550,-41428.700000009994,734.12,900.9911499023438,0.0003,-0.1748589277267456,161,0.3474554121494293
3012,306314,52.70470428466797,1225360,7573,-40743.77500001,734.12,592.8502197265625,0.0003,-0.3865783214569092,161,0.3355887830257416
3016,307159,61.450531005859375,1228740,7593,-41055.15000001,731.75,811.7689208984375,0.0003,0.581681489944458,161,0.325756311416626
3020,307821,27.367340087890625,1231388,7608,-43341.025000010006,716.41,565.7637939453125,0.0003,0.22893103957176208,161,0.3080563545227051
3024,308780,22.715349197387695,1235224,7631,-43553.72500001,710.44,531.8270874023438,0.0003,-0.41458332538604736,161,0.30217424035072327
3028,309780,72.73739624023438,1239224,7654,-43787.39166668001,706.48,815.5240478515625,0.0003,0.8258320689201355,161,0.2968485653400421
3032,310780,412.7834777832031,1243224,7678,-43523.86666668,706.48,598.7230224609375,0.0003,-0.907785952091217,161,0.28857871890068054
3036,311592,62.469852447509766,1246472,7697,-44224.725000009996,702.14,743.7362060546875,0.0003,-0.17085614800453186,161,0.28551793098449707
3040,312423,57.49981689453125,1249796,7716,-44870.32500001,695.53,1221.36669921875,0.0003,0.561209499835968,161,0.27933377027511597
3044,312780,21.00049591064453,1251224,7725,-46245.39166668001,677.41,473.16351318359375,0.0003,-0.6605640649795532,161,0.28163906931877136
3048,313067,214.34335327148438,1252372,7732,-46824.566666679995,658.39,533.41796875,0.0003,-0.8587580919265747,161,0.2801998555660248
3052,313557,277.3420104980469,1254332,7743,-46616.791666679994,666.83,1706.666259765625,0.0003,0.4002257287502289,161,0.280570924282074
3056,314400,30.38669204711914,1257704,7763,-44144.636111119995,700.26,629.4114990234375,0.0003,0.13057677447795868,161,0.28556445240974426
3060,315067,219.38661193847656,1260372,7779,-41804.98611111999,721.68,541.5137329101562,0.0003,-0.24506260454654694,162,0.28349897265434265
3064,315728,215.55657958984375,1263016,7794,-41548.894444449994,730.31,540.873779296875,0.0003,-0.9063571095466614,162,0.2865649163722992
3068,316210,246.13929748535156,1264944,7805,-41159.21230159,735.62,639.5261840820312,0.0003,1.2512285709381104,162,0.28388673067092896
3072,316993,22.949356079101562,1268076,7823,-40116.08730158999,754.68,507.6363830566406,0.0003,-1.0713608264923096,162,0.2787763178348541
3076,317453,30.033227920532227,1269916,7834,-40889.63480158999,753.27,638.3706665039062,0.0003,0.11264574527740479,162,0.27527764439582825
3080,318277,39.867332458496094,1273212,7853,-40842.21646825,758.99,715.0069580078125,0.0003,0.08624245226383209,162,0.2734503448009491
3084,319137,23.302936553955078,1276652,7874,-42492.29146825,747.45,598.6361694335938,0.0003,-0.2707599699497223,162,0.2611946761608124
3088,319574,23.574337005615234,1278400,7884,-45319.391468249996,730.19,566.1913452148438,0.0003,-0.4150061011314392,162,0.2617129683494568
3092,319764,42.816917419433594,1279160,7889,-46328.55813492,707.79,724.5726318359375,0.0003,0.6823527216911316,162,0.26436036825180054
3096,320078,230.90512084960938,1280416,7896,-48573.04146825,683.8,524.0086669921875,0.0003,-1.3558710813522339,162,0.2609982490539551
3100,320368,23.009504318237305,1281576,7903,-48070.84146825,686.13,563.7572021484375,0.0003,-1.0628553628921509,162,0.25947070121765137
3104,320631,220.1328887939453,1282628,7909,-51368.491468249995,660.08,666.7844848632812,0.0003,-0.06954705715179443,162,0.258654922246933
3108,320778,217.45066833496094,1283216,7913,-55948.449801580005,628.23,631.7911376953125,0.0003,0.3493189513683319,162,0.25748884677886963
3112,321778,416.7070617675781,1287216,7936,-57446.174801580004,619.52,770.4951171875,0.0003,0.9963030815124512,162,0.2581166923046112
3116,321955,225.37799072265625,1287924,7940,-59885.799801580004,597.02,631.1624755859375,0.0003,0.10485190153121948,162,0.2647407352924347
3120,322159,268.0815124511719,1288740,7945,-61302.12480158,582.62,1495.5311279296875,0.0003,1.7649550437927246,162,0.26517510414123535
3124,322617,29.469253540039062,1290572,7956,-64807.52480158,560.44,559.8831787109375,0.0003,0.10270796716213226,162,0.2649102807044983
3128,323082,46.41371536254883,1292432,7967,-68183.28313491,546.41,625.5084228515625,0.0003,-0.2758578658103943,162,0.26452499628067017
3132,323728,405.21771240234375,1295016,7982,-72155.60813491,527.33,553.9949951171875,0.0003,-1.3111461400985718,162,0.2659469544887543
3136,324468,195.54270935058594,1297976,8000,-74170.24980158001,513.25,590.9545288085938,0.0003,0.34430772066116333,162,0.265181303024292
3140,325017,26.23945426940918,1300172,8013,-75179.24980158001,506.03,646.0449829101562,0.0003,0.2146213948726654,162,0.2660842835903168
3144,325549,49.34856414794922,1302300,8025,-77224.98313491,507.83,818.5460205078125,0.0003,0.46940821409225464,162,0.26215624809265137
3148,325906,77.79710388183594,1303728,8034,-77243.50813491,519.14,2621.82275390625,0.0003,-0.02028888463973999,162,0.2611004412174225
3152,326518,28.96662139892578,1306176,8048,-77305.12313491,515.97,673.82373046875,0.0003,-0.19878488779067993,162,0.2667131721973419
3156,326991,24.03131103515625,1308068,8060,-78653.03869047,503.42,643.0868530273438,0.0003,-0.9999099969863892,162,0.2627364993095398
3160,327153,45.80808639526367,1308716,8063,-80969.98869047,489.73,1144.03955078125,0.0003,-0.13613760471343994,162,0.2605188190937042
3164,327786,254.0595703125,1311248,8078,-82238.13035714,479.39,951.3980712890625,0.0003,1.732558250427246,162,0.2607961595058441
3168,328690,30.699743270874023,1314864,8100,-82848.0125,492.51,782.5603637695312,0.0003,-0.727817177772522,162,0.2590090334415436
3172,329214,23.993864059448242,1316960,8112,-83139.7375,498.3,642.1112670898438,0.0003,-0.45425084233283997,162,0.2630230188369751
3176,330214,30.213895797729492,1320960,8136,-83239.72333333,507.23,684.4397583007812,0.0003,0.7062559127807617,162,0.26225119829177856
3180,331214,21.747283935546875,1324960,8160,-82636.74166666,517.43,568.9940185546875,0.0003,-0.6778693199157715,162,0.2569279670715332
3184,332214,426.7262878417969,1328960,8183,-82095.86666666,526.81,497.2605285644531,0.0003,-0.2987474203109741,162,0.2520116865634918
3188,333214,24.080516815185547,1332960,8207,-79166.66666666,544.07,575.5556640625,0.0003,0.5517969727516174,162,0.26494500041007996
3192,333914,44.743404388427734,1335760,8223,-77439.96666666,561.38,630.9625854492188,0.0003,0.06765833497047424,162,0.2685396075248718
3196,334629,25.7589054107666,1338620,8240,-75660.36666666,583.4,591.0632934570312,0.0003,0.7123265266418457,162,0.2733590006828308
3200,334914,28.53072738647461,1339760,8247,-75600.76666666,577.44,641.465087890625,0.0003,0.9624267816543579,162,0.27445781230926514
3204,335163,37.08390426635742,1340756,8253,-75647.91666666,571.18,480.63189697265625,0.0003,-1.5242340564727783,162,0.27325475215911865
3208,335326,214.58502197265625,1341408,8257,-74705.21666666,576.9,518.3555908203125,0.0003,-0.4752812385559082,162,0.27397891879081726
3212,335450,20.852859497070312,1341904,8260,-77596.31666666,556.04,531.7116088867188,0.0003,-0.830290675163269,162,0.2763012647628784
3216,335645,35.06214904785156,1342684,8264,-78491.71666666,545.59,632.5513305664062,0.0003,1.0331499576568604,162,0.2775760591030121
3220,335870,21.765605926513672,1343584,8270,-78451.61666666,541.58,525.294921875,0.0003,-0.8670523762702942,162,0.2840299606323242
3224,335979,237.1824493408203,1344020,8272,-78386.11666666,535.03,512.58203125,0.0003,0.41019541025161743,162,0.2850448191165924
3228,336124,22.564516067504883,1344600,8276,-78418.19166666,517.21,566.1813354492188,0.0003,-0.05569957196712494,162,0.2855041027069092
3232,336318,407.5549621582031,1345376,8280,-78363.09166666,501.7,510.9755859375,0.0003,-0.5728857517242432,162,0.2849661707878113
3236,336550,250.86595153808594,1346304,8286,-78252.41666666,494.33,809.5906982421875,0.0003,1.5175893306732178,162,0.28634557127952576
3240,336769,25.97414779663086,1347180,8291,-80310.51666666,479.47,652.9200439453125,0.0003,-0.1554422229528427,162,0.28500282764434814
3244,337017,21.613101959228516,1348172,8297,-80563.21666666,463.18,626.0903930664062,0.0003,-0.08312532305717468,162,0.28688105940818787
3248,337763,76.32823181152344,1351156,8314,-79823.76666666,478.49,621.7540283203125,0.0003,0.3311886489391327,162,0.2852790653705597
3252,337927,211.37673950195312,1351812,8318,-80050.32666666,469.73,482.2934265136719,0.0003,-0.8183696269989014,162,0.28431522846221924
3256,338107,24.728408813476562,1352532,8323,-81200.36666666,451.43,568.3551025390625,0.0003,-0.5866336822509766,162,0.2855272591114044
3260,339107,22.896240234375,1356532,8346,-79401.36666666,461.51,489.7178039550781,0.0003,-0.3169530928134918,162,0.2851787507534027
3264,339725,237.13255310058594,1359004,8361,-77643.51666666,475.57,570.1180419921875,0.0003,-0.12139278650283813,162,0.2835390567779541
3268,340263,30.23024559020996,1361156,8373,-75508.69166666,480.09,498.0942077636719,0.0003,2.1404638290405273,162,0.2889709174633026
3272,341263,19.78014373779297,1365156,8397,-71946.79166666,488.5,477.23046875,0.0003,-0.38269269466400146,162,0.29056450724601746
3276,342263,44.010887145996094,1369156,8420,-68650.55833333,491.26,533.8809814453125,0.0003,-0.6824831366539001,162,0.2931147813796997
3280,343146,240.1497802734375,1372688,8441,-69290.625,480.61,507.500244140625,0.0003,-0.22222214937210083,162,0.3034874200820923
3284,344007,27.19136619567871,1376132,8461,-69511.81666667,470.65,436.2962646484375,0.0003,0.058154404163360596,162,0.31554651260375977
3288,344831,22.249177932739258,1379428,8480,-70930.92916667,460.86,476.8093566894531,0.0003,-0.3591916859149933,162,0.31312301754951477
3292,345146,29.165597915649414,1380688,8487,-71324.45416667,455.92,463.94708251953125,0.0003,-0.24351927638053894,162,0.3174900710582733
3296,345568,24.73155975341797,1382376,8497,-72704.77916666999,436.95,500.271484375,0.0003,-0.8990522623062134,162,0.3202138841152191
3300,346301,42.71995162963867,1385308,8514,-71990.80726191,453.37,660.735107421875,0.0003,0.15383002161979675,162,0.333320289850235
3304,346548,22.34783935546875,1386296,8520,-72012.50726191,455.54,515.7910766601562,0.0003,-0.8517033457756042,162,0.3391731381416321
3308,346654,29.90345573425293,1386720,8523,-71834.53226191,454.14,460.0205078125,0.0003,-0.023793652653694153,162,0.3368131220340729
3312,346748,26.574140548706055,1387096,8525,-71766.03226191,447.29,529.1549072265625,0.0003,-0.9130895137786865,162,0.33683866262435913
3316,346909,245.0167999267578,1387740,8529,-71457.15726191,446.95,436.13763427734375,0.0003,0.2670869529247284,162,0.341156929731369
3320,347073,36.869869232177734,1388396,8533,-71426.65726191,443.9,450.510009765625,0.0003,0.8510262370109558,162,0.34479957818984985
3324,347262,29.692005157470703,1389152,8537,-70151.38226191,454.68,494.1978759765625,0.0003,-0.45317745208740234,162,0.3469882309436798
3328,347505,222.4052734375,1390124,8543,-70141.28226191,453.67,482.0501708984375,0.0003,-0.3351067006587982,162,0.3527836203575134
3332,348203,27.72273826599121,1392916,8559,-67909.88226191,474.82,431.7613525390625,0.0003,-0.14785662293434143,162,0.37445202469825745
3336,348283,239.86984252929688,1393236,8561,-67873.45726191,474.35,455.30511474609375,0.0003,-0.32569533586502075,162,0.37376895546913147
3340,348846,33.29257583618164,1395488,8574,-67440.25726191,474.06,502.31158447265625,0.0003,0.2221265286207199,162,0.3703715205192566
3344,349612,49.28771209716797,1398552,8592,-64172.48226191,498.02,622.9366455078125,0.0003,-0.1434275209903717,162,0.35641735792160034
3348,350612,39.94911193847656,1402552,8615,-62532.09226191,494.89,568.4152221679688,0.0003,0.08420984447002411,162,0.3191247582435608
3352,351093,31.307323455810547,1404476,8627,-59622.01726191,520.97,439.56561279296875,0.0003,-1.0421441793441772,162,0.3040769696235657
3356,351468,41.711116790771484,1405976,8635,-59370.29226191,528.0,495.12860107421875,0.0003,0.2064613699913025,162,0.2999739348888397
3360,351933,27.39958381652832,1407836,8646,-60203.49226191,523.15,361.58721923828125,0.0003,-0.3648567199707031,162,0.2933218777179718
3364,352334,35.35211181640625,1409440,8656,-60914.69226191,514.28,520.4468994140625,0.0003,-0.0950240045785904,162,0.29341238737106323
3368,352594,32.084957122802734,1410480,8662,-63664.47976191,494.12,406.41827392578125,0.0003,-0.05909329652786255,162,0.2876299023628235
3372,352731,34.217288970947266,1411028,8665,-67868.67976191,460.63,428.0467529296875,0.0003,-0.8436428904533386,162,0.2859553396701813
3376,353337,48.882503509521484,1413452,8679,-72271.52976191,434.69,435.719482421875,0.0003,-0.3301611542701721,162,0.2793751358985901
3380,353480,29.805309295654297,1414024,8683,-74345.38476191,417.46,416.0678405761719,0.0003,-0.763723611831665,162,0.2785695493221283
3384,353773,26.219619750976562,1415196,8690,-76729.79309523999,398.32,463.2056579589844,0.0003,-1.0390523672103882,162,0.2765488028526306
3388,354147,27.677387237548828,1416692,8698,-77958.23059523999,385.28,503.41192626953125,0.0003,-0.440975546836853,162,0.273583322763443
3392,354279,33.04719543457031,1417220,8702,-80159.00559524,369.72,499.35296630859375,0.0003,0.5867950916290283,162,0.2734264135360718
3396,354973,225.09864807128906,1419996,8718,-80589.38059524,369.78,504.6654968261719,0.0003,0.30528557300567627,162,0.27120405435562134
3400,355401,57.876182556152344,1421708,8728,-80322.0025,367.13,676.9035034179688,0.0003,0.7553989887237549,162,0.2670948803424835
3404,356054,25.57366180419922,1424320,8743,-78211.3925,382.28,482.9354553222656,0.0003,0.13423608243465424,162,0.26858851313591003
3408,356643,42.43202209472656,1426676,8757,-78251.0925,394.64,524.2709350585938,0.0003,0.8640900254249573,162,0.271455854177475
3412,357643,227.51478576660156,1430676,8781,-76359.5925,428.17,526.6174926757812,0.0003,0.12158995866775513,162,0.2620086669921875
3416,358643,408.20159912109375,1434676,8805,-73022.0675,463.83,483.3214111328125,0.0003,-0.8272004723548889,162,0.26016297936439514
3420,359643,45.75489807128906,1438676,8829,-69271.4925,500.63,501.43475341796875,0.0003,0.7044835090637207,162,0.2685658037662506
3424,360643,64.75587463378906,1442676,8852,-66894.1675,524.55,779.8182373046875,0.0003,0.17736440896987915,162,0.2680397629737854
3428,361643,22.25589942932129,1446676,8876,-63262.7675,561.37,514.3650512695312,0.0003,-0.8684887290000916,162,0.2643038034439087
3432,362433,37.33992004394531,1449836,8895,-62804.1675,571.19,593.2393798828125,0.0003,0.16869968175888062,162,0.26390963792800903
3436,363433,24.493486404418945,1453836,8918,-61206.8675,594.57,553.64599609375,0.0003,-0.4338552951812744,163,0.2600841522216797
3440,364433,415.6537170410156,1457836,8942,-57927.3675,623.55,601.6491088867188,0.0003,1.4522132873535156,163,0.25711145997047424
3444,365433,217.30392456054688,1461836,8965,-57521.6425,632.2,471.31475830078125,0.0003,-0.6339960098266602,163,0.24899886548519135
3448,366433,24.665224075317383,1465836,8989,-56230.4825,641.9,497.9286804199219,0.0003,0.006482213735580444,163,0.2481381595134735
3452,367433,41.01416015625,1469836,9013,-55484.4575,650.17,526.6532592773438,0.0003,-0.4642064869403839,163,0.23815858364105225
3456,368433,20.257715225219727,1473836,9037,-52075.1825,677.0,476.70281982421875,0.0003,0.7145552635192871,163,0.23374465107917786
3460,369433,18.705520629882812,1477836,9061,-49402.7825,697.91,475.1465148925781,0.0003,0.4869192838668823,163,0.2340346872806549
3464,370433,16.909244537353516,1481836,9084,-46819.0825,719.51,500.71466064453125,0.0003,-0.24047426879405975,163,0.22893472015857697
3468,371433,418.7189636230469,1485836,9108,-43398.02,744.29,548.91162109375,0.0003,-0.15441930294036865,163,0.2246781587600708
3472,372433,407.4938659667969,1489836,9132,-40725.97,776.54,479.802001953125,0.0003,0.5723613500595093,163,0.23008860647678375
3476,373433,24.92588996887207,1493836,9155,-36985.77,802.48,600.4058837890625,0.0003,0.9241062998771667,163,0.22943070530891418
3480,374281,210.79920959472656,1497228,9175,-35270.59,826.27,478.9805908203125,0.0003,-0.4909687638282776,163,0.233432799577713
3484,374994,16.477548599243164,1500080,9192,-34559.89,844.88,479.631591796875,0.0003,0.11108380556106567,163,0.23682251572608948
3488,375910,230.28207397460938,1503744,9213,-33642.665,858.18,547.219482421875,0.0003,0.1655358374118805,163,0.23934483528137207
3492,376809,46.92509078979492,1507340,9235,-30930.615,880.49,524.5856323242188,0.0003,-0.32719776034355164,163,0.24941207468509674
3496,377559,74.54203796386719,1510340,9252,-27894.94,902.93,656.36328125,0.0003,1.0681418180465698,163,0.2620227038860321
3500,377994,22.363677978515625,1512080,9262,-27472.515,904.89,553.2994384765625,0.0003,-0.3961087763309479,163,0.26214492321014404
3504,378467,42.98847961425781,1513972,9273,-29194.775,894.91,520.0111694335938,0.0003,0.5345202088356018,163,0.26734474301338196
3508,378770,18.981115341186523,1515184,9280,-28851.85,885.82,495.6521301269531,0.0003,-0.8783724308013916,163,0.2644791901111603
3512,378967,22.334352493286133,1515972,9285,-30444.15,855.97,469.63763427734375,0.0003,-0.20898789167404175,163,0.26384228467941284
3516,379065,41.09601974487305,1516364,9287,-32962.425,828.51,472.4527282714844,0.0003,-0.538414716720581,163,0.2632370591163635
3520,379208,16.300125122070312,1516936,9291,-36512.625,792.01,504.2852478027344,0.0003,-0.8653451204299927,163,0.2609810531139374
3524,379276,20.069074630737305,1517208,9292,-40071.55,758.61,488.48443603515625,0.0003,0.7613852620124817,163,0.2598421275615692
3528,379365,31.504926681518555,1517564,9295,-43397.75,721.57,647.4808959960938,0.0003,-0.06924842298030853,163,0.257758229970932
3532,379418,211.322509765625,1517776,9296,-45858.1,688.01,446.4111328125,0.0003,-0.04540508985519409,163,0.2570864260196686
3536,379469,44.31234359741211,1517980,9297,-48508.0,653.03,714.4095458984375,0.0003,0.21916697919368744,163,0.25738757848739624
3540,379550,21.067853927612305,1518304,9299,-52038.5,616.16,506.132080078125,0.0003,0.6951659917831421,163,0.2568921446800232
3544,379636,220.74783325195312,1518648,9301,-55664.7,578.82,600.3255615234375,0.0003,-0.172916442155838,163,0.25522321462631226
3548,379706,218.4315948486328,1518928,9303,-59293.575,542.04,585.1934814453125,0.0003,-0.14461535215377808,163,0.2548976540565491
3552,379764,22.306339263916016,1519160,9305,-62914.975,504.22,553.9153442382812,0.0003,0.4736524820327759,163,0.2546754479408264
3556,379841,227.54798889160156,1519468,9306,-66343.125,467.57,711.61474609375,0.0003,0.9739688634872437,163,0.2534986734390259
3560,379926,207.97071838378906,1519808,9308,-69774.375,430.96,475.48773193359375,0.0003,-0.09849029779434204,163,0.2524743974208832
3564,380003,21.720561981201172,1520116,9310,-74209.55,384.76,501.373779296875,0.0003,0.3896465003490448,163,0.25190114974975586
3568,380078,25.377500534057617,1520416,9312,-76934.15,357.25,553.9768676757812,0.0003,-0.18237751722335815,163,0.25084614753723145
3572,380265,65.02252960205078,1521164,9317,-79386.8,323.26,680.6346435546875,0.0003,-0.11625152826309204,163,0.2497483640909195
3576,380518,229.3109588623047,1522176,9322,-82732.55,290.65,467.285400390625,0.0003,-0.3374813497066498,163,0.2501842975616455
3580,380621,234.54119873046875,1522588,9325,-84516.675,264.14,879.2626953125,0.0003,-0.8750403523445129,163,0.24840275943279266
3584,380844,229.88949584960938,1523480,9330,-84988.6,241.95,418.0373229980469,0.0003,0.5073716640472412,163,0.2502050995826721
3588,381120,16.497697830200195,1524584,9337,-86716.075,217.57,501.9443359375,0.0003,0.260733425617218,163,0.24606607854366302
3592,381430,32.0090446472168,1525824,9344,-89158.7,189.32,567.3165893554688,0.0003,0.4439612329006195,163,0.24029214680194855
3596,381819,211.79611206054688,1527380,9353,-91847.325,182.05,430.943359375,0.0003,-0.4703676998615265,163,0.23201675713062286
3600,382084,16.554216384887695,1528440,9360,-94108.475,162.48,451.902099609375,0.0003,-0.029903054237365723,163,0.2295236885547638
3604,382507,120.49996185302734,1530132,9370,-93301.35,169.44,1155.864501953125,0.0003,0.4519129991531372,163,0.22934477031230927
3608,383027,235.4044647216797,1532212,9382,-94531.05,162.91,498.16571044921875,0.0003,-0.43268463015556335,163,0.22318513691425323
3612,383408,19.2525691986084,1533736,9391,-94018.05,178.0,496.02984619140625,0.0003,0.022953540086746216,163,0.2195565104484558
3616,383567,17.40913963317871,1534372,9395,-94238.575,179.37,450.4694519042969,0.0003,-1.6377893686294556,163,0.2172398418188095
3620,383678,21.149742126464844,1534816,9398,-94463.75,181.55,492.86212158203125,0.0003,-0.6362152695655823,163,0.21418362855911255
3624,383810,423.93994140625,1535344,9401,-94552.125,179.72,504.1351013183594,0.0003,-1.1556828022003174,163,0.21327757835388184
3628,383990,219.4002227783203,1536064,9405,-94897.925,184.0,539.35107421875,0.0003,-0.462889701128006,163,0.2132416069507599
3632,384252,16.788352966308594,1537112,9411,-95150.375,188.87,497.9449462890625,0.0003,-0.5125908255577087,163,0.20980051159858704
3636,384759,36.31979751586914,1539140,9423,-95293.075,203.14,474.4166259765625,0.0003,0.1104484498500824,163,0.20376525819301605
3640,385293,24.810699462890625,1541276,9436,-95522.475,216.04,556.29931640625,0.0003,-0.5891696810722351,163,0.20614339411258698
3644,386293,212.2139129638672,1545276,9460,-91896.275,253.38,466.1296081542969,0.0003,-1.488146185874939,163,0.2007833868265152
3648,386973,16.44292640686035,1547996,9476,-89313.9,284.82,558.368408203125,0.0003,-1.4641326665878296,163,0.19778777658939362
3652,387739,48.711055755615234,1551060,9494,-88192.425,305.67,577.7257080078125,0.0003,-0.19277936220169067,163,0.195012629032135
3656,388700,22.77351188659668,1554904,9516,-85351.725,339.59,556.861572265625,0.0003,-0.2320823073387146,163,0.19935952126979828
3660,389700,14.304426193237305,1558904,9540,-82428.3,369.35,458.00616455078125,0.0003,-1.3434550762176514,163,0.19827869534492493
3664,389970,395.49005126953125,1559984,9546,-80321.40833333,390.66,578.7467041015625,0.0003,-0.667635440826416,163,0.1966843605041504
3668,390656,20.999174118041992,1562728,9562,-79086.32500000001,406.34,522.6632690429688,0.0003,1.347520351409912,163,0.19871865212917328
3672,391320,212.2426300048828,1565384,9577,-77120.275,428.21,545.1622314453125,0.0003,-0.7627305388450623,163,0.20323681831359863
3676,391875,215.9920196533203,1567604,9590,-75413.925,446.0,522.1605224609375,0.0003,0.21771982312202454,163,0.20644395053386688
3680,392077,39.68096160888672,1568412,9595,-75317.575,449.37,508.0116882324219,0.0003,1.700766921043396,163,0.207415372133255
3684,392265,17.768632888793945,1569164,9600,-75345.1,454.6,534.8394165039062,0.0003,-0.4202576279640198,163,0.20777399837970734
3688,392671,69.05835723876953,1570788,9609,-75020.61818182,466.12,562.9013671875,0.0003,0.5205107927322388,163,0.20690377056598663
3692,393031,38.11083984375,1572228,9617,-75259.60984849,469.28,529.933349609375,0.0003,1.0376567840576172,163,0.2105342447757721
3696,394031,209.29388427734375,1576228,9641,-71625.80984849,484.46,496.59173583984375,0.0003,0.25180232524871826,163,0.22470399737358093
3700,394666,17.929136276245117,1578768,9656,-69498.20984849,500.26,538.35986328125,0.0003,0.19204646348953247,163,0.2375914454460144
3704,395400,36.517154693603516,1581704,9673,-68876.48484849,506.39,586.707275390625,0.0003,0.6336661577224731,163,0.23693983256816864
3708,396256,20.5792236328125,1585128,9694,-66348.48484849,533.08,471.68524169921875,0.0003,0.44283634424209595,163,0.23585502803325653
3712,396663,32.42514419555664,1586756,9703,-67151.88484849001,535.68,611.9556884765625,0.0003,0.2126864790916443,163,0.23537132143974304
3716,396925,211.1393585205078,1587804,9709,-67976.68484849,528.19,502.851318359375,0.0003,-0.2652791142463684,163,0.2370399534702301
3720,397222,27.5512638092041,1588992,9717,-68032.88484849001,533.81,590.992431640625,0.0003,0.08088582754135132,163,0.23443421721458435
3724,398017,20.669898986816406,1592172,9735,-67221.78484849,552.69,499.14947509765625,0.0003,0.1056012511253357,163,0.22635367512702942
3728,398453,233.9389190673828,1593916,9746,-65392.584848490005,569.75,516.4512939453125,0.0003,-0.34723353385925293,163,0.22443491220474243
3732,399121,236.44737243652344,1596588,9761,-64483.88484849,578.87,679.81591796875,0.0003,1.2532546520233154,163,0.22155256569385529
3736,400121,56.157196044921875,1600588,9785,-61222.35484849,601.72,472.3201904296875,0.0003,-0.40178194642066956,163,0.22366215288639069
3740,400604,213.3121795654297,1602520,9797,-59149.72984849,616.16,497.3102722167969,0.0003,-0.7407990097999573,163,0.22327587008476257
3744,401121,210.97573852539062,1604588,9809,-62001.529848490005,601.37,528.7286376953125,0.0003,0.28031522035598755,163,0.2205948531627655
3748,401714,20.583919525146484,1606960,9823,-64857.92984849001,587.04,492.096923828125,0.0003,0.5708999633789062,163,0.21601027250289917
3752,402395,13.5708646774292,1609684,9839,-65203.50484849,588.59,489.55474853515625,0.0003,-0.24753770232200623,163,0.217094287276268
3756,402940,44.63679885864258,1611864,9852,-67343.37984849,578.35,555.660888671875,0.0003,0.2023848593235016,163,0.21870404481887817
3760,403246,16.945037841796875,1613088,9859,-70579.25484849,559.61,543.474853515625,0.0003,0.3283075988292694,163,0.2242138832807541
3764,403618,15.200929641723633,1614576,9868,-72910.67151516,550.52,466.8576354980469,0.0003,-1.4808917045593262,163,0.22250057756900787
3768,404611,221.4143524169922,1618548,9892,-72379.75484849,558.22,615.1709594726562,0.0003,-0.47730275988578796,163,0.2157457172870636
3772,405611,26.470624923706055,1622548,9915,-71007.30484849,571.58,603.3975830078125,0.0003,0.06064993143081665,163,0.21295732259750366
3776,406611,206.66925048828125,1626548,9939,-69367.90484849,586.4,537.8515625,0.0003,-0.4599487781524658,163,0.2062733769416809
3780,407611,18.06473731994629,1630548,9962,-66960.62984849,609.3,544.7913818359375,0.0003,0.30871471762657166,163,0.20214495062828064
3784,408611,19.16534423828125,1634548,9986,-64584.279848490005,638.55,530.361328125,0.0003,0.7345885038375854,163,0.20234647393226624
3788,409611,16.580595016479492,1638548,10010,-61553.06166666999,660.94,525.9219970703125,0.0003,0.547505259513855,163,0.197068452835083
3792,410284,21.368736267089844,1641240,10026,-59012.995,686.6,552.0067138671875,0.0003,-0.04832211136817932,163,0.20321619510650635
3796,411134,37.998348236083984,1644640,10046,-60036.15,681.83,794.62744140625,0.0003,0.6245557069778442,163,0.2017357051372528
3800,412134,215.5192413330078,1648640,10070,-58571.575,696.36,552.1406860351562,0.0003,0.6551502346992493,163,0.20662379264831543
3804,413134,39.560787200927734,1652640,10093,-56716.475,710.83,543.691650390625,0.0003,-0.5627654194831848,163,0.2117844820022583
3808,414134,17.99358367919922,1656640,10117,-55757.575,714.93,548.6044311523438,0.0003,0.5558760166168213,163,0.21295614540576935
3812,415134,27.836095809936523,1660640,10141,-52130.975,729.98,655.953369140625,0.0003,0.947712779045105,163,0.22081029415130615
3816,416070,19.115068435668945,1664384,10163,-49509.175,757.75,462.52569580078125,0.0003,0.48943841457366943,163,0.22206518054008484
3820,417037,29.107038497924805,1668252,10186,-47753.775,782.19,620.5342407226562,0.0003,-0.020400285720825195,163,0.21851606667041779
3824,417578,43.2288818359375,1670416,10199,-46761.775,782.98,622.15673828125,0.0003,1.445142149925232,163,0.22080424427986145
3828,417930,20.31229019165039,1671824,10208,-48756.375,782.46,562.1829223632812,0.0003,0.5490376949310303,163,0.22243627905845642
3832,418680,94.98710632324219,1674824,10226,-48833.175,790.14,1384.094482421875,0.0003,1.9217545986175537,163,0.22501012682914734
3836,419277,221.26161193847656,1677212,10240,-50167.405,774.54,593.945556640625,0.0003,0.6047821044921875,163,0.22672171890735626
3840,420115,27.77110481262207,1680564,10260,-49463.83,782.45,594.668212890625,0.0003,1.3155007362365723,163,0.23828591406345367
3844,420317,18.794845581054688,1681372,10264,-50165.23,762.75,501.97833251953125,0.0003,-0.2248174548149109,163,0.23958447575569153
3848,420629,43.17855453491211,1682620,10272,-50031.23,749.35,622.596923828125,0.0003,0.28472888469696045,163,0.23734581470489502
3852,420838,22.032337188720703,1683456,10277,-49910.53,737.28,600.3509521484375,0.0003,0.5188800692558289,163,0.23693004250526428
3856,421114,20.930631637573242,1684560,10283,-49936.205,725.58,553.5776977539062,0.0003,-0.503875732421875,163,0.235509991645813
3860,421373,53.990169525146484,1685596,10289,-49836.305,715.59,1167.034912109375,0.0003,0.6794161796569824,163,0.23340193927288055
3864,421807,397.1217956542969,1687332,10300,-48860.005,717.95,467.43414306640625,0.0003,0.48001861572265625,163,0.24055854976177216
3868,422489,213.4232177734375,1690060,10316,-49846.005,716.56,491.9840087890625,0.0003,0.8098013997077942,163,0.24808886647224426
3872,423489,29.148723602294922,1694060,10340,-49714.455,716.56,527.5914306640625,0.0003,0.24758613109588623,163,0.2626911699771881
3876,424489,211.69192504882812,1698060,10363,-49714.455,716.56,481.7734680175781,0.0003,0.14506910741329193,163,0.25808125734329224
3880,425489,15.931824684143066,1702060,10387,-48514.805,721.24,461.5558166503906,0.0003,-1.4069554805755615,163,0.2545177638530731
3884,425840,32.27268981933594,1703464,10395,-50276.555,707.96,463.9133605957031,0.0003,0.8187738060951233,163,0.25678855180740356
3888,426568,44.28776550292969,1706376,10412,-53938.005,684.88,532.98828125,0.0003,-0.44207999110221863,163,0.2477133870124817
3892,427568,40.411590576171875,1710376,10436,-53883.655,689.97,492.58172607421875,0.0003,-1.1414495706558228,163,0.23916491866111755
3896,428342,28.999130249023438,1713472,10454,-54989.15,689.91,535.4461669921875,0.0003,0.7763761281967163,163,0.23037026822566986
3900,429150,38.65587615966797,1716704,10473,-56563.65,682.22,676.9533081054688,0.0003,0.7750900983810425,163,0.2276298999786377
3904,430005,63.32332992553711,1720124,10493,-57258.35,676.86,935.4190673828125,0.0003,0.9943282604217529,163,0.22065062820911407
3908,431005,213.72512817382812,1724124,10517,-57258.35,676.86,508.5200500488281,0.0003,-1.0157694816589355,163,0.21433860063552856
3912,432005,17.589235305786133,1728124,10541,-57258.35,676.86,516.5059814453125,0.0003,-0.8031268119812012,163,0.20493057370185852
3916,432786,214.6323699951172,1731248,10559,-57233.65,674.39,551.1795654296875,0.0003,0.0858624279499054,163,0.20380042493343353
3920,433540,19.496089935302734,1734264,10577,-58089.15,659.95,566.7088623046875,0.0003,-0.06828698515892029,163,0.2008073329925537
3924,433772,31.58952522277832,1735192,10583,-58727.8,658.45,643.3204345703125,0.0003,0.7864559292793274,163,0.20174022018909454
3928,434234,18.061429977416992,1737040,10593,-58511.85,650.16,511.24444580078125,0.0003,0.5328111052513123,163,0.1993972361087799
3932,434468,22.404123306274414,1737976,10599,-59319.2,642.48,531.956787109375,0.0003,0.3397563099861145,163,0.19762176275253296
3936,434603,16.875646591186523,1738516,10602,-61139.8,624.56,418.46868896484375,0.0003,-0.6112427711486816,163,0.19554667174816132
3940,434814,14.626649856567383,1739360,10607,-63808.1,591.42,507.3796691894531,0.0003,-1.5768967866897583,163,0.19866059720516205
3944,435242,214.4632568359375,1741072,10617,-63869.05,597.44,474.1890869140625,0.0003,-0.685390830039978,163,0.19457580149173737
3948,436242,15.936016082763672,1745072,10641,-60200.15,630.51,501.9665832519531,0.0003,-1.2757980823516846,163,0.19822710752487183
3952,437242,27.408185958862305,1749072,10665,-57368.75,658.0,582.0443725585938,0.0003,1.6806310415267944,164,0.20303337275981903
3956,438242,15.020003318786621,1753072,10688,-54282.85,682.67,531.0741577148438,0.0003,-0.551457405090332,164,0.21155908703804016
3960,439242,244.73892211914062,1757072,10712,-50639.05,718.25,782.1947631835938,0.0003,0.25812631845474243,164,0.21251900494098663
3964,440070,16.545146942138672,1760384,10731,-48803.45,734.67,542.0303955078125,0.0003,0.5441988110542297,164,0.2200760394334793
3968,440721,210.15518188476562,1762988,10747,-48783.95,732.72,583.7503051757812,0.0003,0.22948169708251953,164,0.22235853970050812
3972,441347,215.26344299316406,1765492,10761,-49864.2,727.6,611.066162109375,0.0003,0.15227627754211426,164,0.21551991999149323
3976,442347,37.802635192871094,1769492,10785,-49864.2,727.6,562.873291015625,0.0003,-0.2031618356704712,164,0.21702605485916138
3980,443292,256.79559326171875,1773272,10808,-51957.2,722.31,1204.0362548828125,0.0003,0.7345532178878784,164,0.21813227236270905
3984,443737,212.90679931640625,1775052,10818,-52954.95,711.57,553.09912109375,0.0003,0.7233725786209106,164,0.21145309507846832
3988,444555,219.06161499023438,1778324,10838,-51162.5,721.57,645.5586547851562,0.0003,1.9142818450927734,164,0.20227393507957458
3992,444811,29.085906982421875,1779348,10844,-54050.85,699.91,847.916015625,0.0003,-0.530897855758667,164,0.20231683552265167
3996,445338,24.848896026611328,1781456,10856,-56002.15,684.3,638.7635498046875,0.0003,0.33628636598587036,164,0.19831383228302002
4000,445947,39.860816955566406,1783892,10871,-58256.15,674.88,803.0341796875,0.0003,-1.3097577095031738,164,0.1996554285287857
4004,446389,14.728706359863281,1785660,10881,-61342.55,658.39,596.8994750976562,0.0003,-1.1610581874847412,164,0.1967623382806778
4008,446947,16.4002628326416,1787892,10894,-64205.95,644.76,633.052490234375,0.0003,-1.1830172538757324,164,0.20037834346294403
4012,447770,204.6494140625,1791184,10914,-67996.55,623.86,565.4503173828125,0.0003,-2.47399640083313,164,0.20067501068115234
4016,448585,220.631591796875,1794444,10933,-70010.95,625.32,896.1361083984375,0.0003,1.0843043327331543,164,0.19736893475055695
4020,449363,19.74212646484375,1797556,10951,-67686.8,639.55,585.4718017578125,0.0003,-0.5339328050613403,164,0.2103961855173111
4024,450138,211.00730895996094,1800656,10969,-66512.55,650.2,663.2989501953125,0.0003,-0.3546642065048218,164,0.22726938128471375
4028,450690,18.59564971923828,1802864,10982,-66549.675,657.23,620.0576171875,0.0003,0.6744583249092102,164,0.2334849089384079
4032,451548,225.47259521484375,1806296,11003,-63867.925,677.45,745.6309814453125,0.0003,-0.10275328159332275,164,0.2284063845872879
4036,452526,15.658631324768066,1810208,11026,-62962.475,702.58,628.3518676757812,0.0003,-0.772360622882843,164,0.21777760982513428
4040,452890,21.10994529724121,1811664,11034,-61856.525,716.32,625.7435913085938,0.0003,-0.11067335307598114,164,0.2177584022283554
4044,453890,17.9625186920166,1815664,11058,-57997.675,744.79,605.8430786132812,0.0003,-1.1682226657867432,164,0.21390166878700256
4048,454890,212.41738891601562,1819664,11081,-57829.05,744.79,593.9979248046875,0.0003,-0.8735888004302979,164,0.20409581065177917
4052,455890,21.345142364501953,1823664,11105,-57492.475,744.79,977.1644287109375,0.0003,-0.15092012286186218,164,0.19319942593574524
4056,456890,20.212568283081055,1827664,11128,-57685.325,744.79,633.0577392578125,0.0003,0.5296245217323303,164,0.1931302547454834
4060,457890,18.28449058532715,1831664,11152,-57685.325,744.79,646.1019287109375,0.0003,-0.09983229637145996,164,0.18698368966579437
4064,458890,14.62070369720459,1835664,11176,-56744.025,750.65,650.34228515625,0.0003,-0.8241332769393921,164,0.18647247552871704
4068,459890,27.32327651977539,1839664,11199,-53912.425,767.46,1137.087158203125,0.0003,2.053462028503418,164,0.17964063584804535
4072,460890,405.5655517578125,1843664,11223,-52724.425,772.58,649.1588745117188,0.0003,2.1427762508392334,164,0.18350020051002502
4076,461890,117.72647094726562,1847664,11246,-52492.55,772.58,1132.3671875,0.0003,0.04143570363521576,164,0.19133783876895905
4080,462890,18.2108154296875,1851664,11270,-50418.25,777.87,635.769287109375,0.0003,0.047060877084732056,164,0.19135259091854095
4084,463890,17.40503692626953,1855664,11293,-46529.9,802.25,675.18359375,0.0003,-0.12491849064826965,164,0.19171056151390076
4088,464890,16.163509368896484,1859664,11317,-45658.4,815.09,752.5036010742188,0.0003,0.38158416748046875,164,0.17975105345249176
4092,465890,206.4653778076172,1863664,11341,-42630.965,834.69,604.1337890625,0.0003,-1.0332789421081543,164,0.18508204817771912
4096,466890,48.642391204833984,1867664,11364,-38628.03166667,855.13,894.8858642578125,0.0003,0.5151363611221313,164,0.17259511351585388
4100,467890,33.45624542236328,1871664,11388,-34799.53166667,872.24,661.8967895507812,0.0003,-0.3529841899871826,164,0.17040708661079407
4104,468811,206.4020538330078,1875348,11410,-31978.93166667,890.15,602.8353881835938,0.0003,-1.3005917072296143,164,0.17134182155132294
4108,469496,16.92203140258789,1878088,11426,-29873.48166667,899.86,839.3259887695312,0.0003,0.03767678141593933,164,0.17028483748435974
4112,470469,21.26158332824707,1881980,11449,-27977.956666669998,920.34,771.5355224609375,0.0003,-0.6994112730026245,164,0.1661304086446762
4116,470875,34.199642181396484,1883604,11459,-28741.55666667,896.71,561.1641845703125,0.0003,-0.3664533495903015,164,0.16617053747177124
4120,471875,210.5044403076172,1887604,11482,-30626.290000009998,896.77,655.3525390625,0.0003,-0.23848050832748413,164,0.15461361408233643
4124,472413,12.545101165771484,1889756,11495,-31028.065000010003,889.63,662.3922119140625,0.0003,-2.0414490699768066,164,0.15376125276088715
4128,472682,15.484496116638184,1890832,11502,-29692.12333334,885.77,665.5491943359375,0.0003,-0.07263270020484924,164,0.15207017958164215
4132,472840,52.019927978515625,1891464,11505,-32278.623333339998,855.89,606.8336181640625,0.0003,-0.07064405083656311,164,0.152784064412117
4136,473245,32.880950927734375,1893084,11515,-33004.08166667,835.36,635.1041259765625,0.0003,0.03393274545669556,164,0.1516922563314438
4140,473733,10.248129844665527,1895036,11526,-33926.50666667,830.97,653.8282470703125,0.0003,-2.683572769165039,164,0.15207873284816742
4144,473840,397.4405212402344,1895464,11529,-36889.90666667,802.87,616.0197143554688,0.0003,-1.0996378660202026,164,0.15086960792541504
4148,474608,224.06869506835938,1898536,11547,-39556.75666667,782.51,639.455810546875,0.0003,-2.1796979904174805,164,0.1452900916337967
4152,475275,33.06853485107422,1901204,11563,-41718.85666667,776.44,845.4774780273438,0.0003,1.250661015510559,164,0.1487724930047989
4156,475987,36.09510803222656,1904052,11580,-44551.806666669996,765.76,775.9743041992188,0.0003,-0.4832890033721924,164,0.15605995059013367
4160,476660,32.09410095214844,1906744,11596,-47253.60666666999,745.97,600.7884521484375,0.0003,0.7851880788803101,164,0.16379480063915253
4164,477210,23.703571319580078,1908944,11609,-48160.20666667,736.64,729.949951171875,0.0003,-0.5410685539245605,164,0.17092104256153107
4168,478032,208.93067932128906,1912232,11628,-49897.20666667,720.36,652.578857421875,0.0003,1.7617361545562744,164,0.18280187249183655
4172,478506,27.53363037109375,1914128,11639,-51891.60666666999,705.89,729.4279174804688,0.0003,0.9575049877166748,164,0.18960414826869965
4176,479069,11.796387672424316,1916380,11653,-53926.98166666999,686.26,664.0595703125,0.0003,-0.0895686149597168,164,0.1879177838563919
4180,479274,12.082867622375488,1917200,11657,-57844.73166666999,655.29,695.95703125,0.0003,-0.25028809905052185,164,0.18763117492198944
4184,480089,13.68856143951416,1920460,11677,-59876.08166667,645.19,624.0338134765625,0.0003,1.2598063945770264,164,0.18916554749011993
4188,480370,10.404109954833984,1921584,11683,-62649.08166667,622.52,639.645263671875,0.0003,-0.3694921135902405,164,0.18789497017860413
4192,480818,34.896854400634766,1923376,11694,-64391.44166667,602.03,640.8674926757812,0.0003,0.6756367683410645,164,0.19016563892364502
4196,481547,34.28453063964844,1926292,11711,-67302.975,585.29,589.760498046875,0.0003,0.7670634984970093,164,0.1903790682554245
4200,482112,10.31210994720459,1928552,11724,-69143.375,569.35,566.6063232421875,0.0003,-1.1468443870544434,164,0.18664100766181946
4204,482709,17.351415634155273,1930940,11738,-70766.75,559.98,646.3142700195312,0.0003,-0.03501027822494507,164,0.18867124617099762
4208,483709,12.205486297607422,1934940,11762,-70008.8,563.9,563.7125244140625,0.0003,-0.4653635025024414,164,0.17947103083133698
4212,484709,23.721548080444336,1938940,11786,-68972.25,562.38,692.806884765625,0.0003,0.7694652080535889,164,0.17422807216644287
4216,485391,26.967567443847656,1941668,11802,-67044.225,580.69,700.9275512695312,0.0003,-0.37554216384887695,164,0.1752333641052246
4220,486216,11.989493370056152,1944968,11821,-65334.51666666,579.56,597.1116943359375,0.0003,0.01843467354774475,164,0.16122378408908844
4224,487216,27.59369468688965,1948968,11845,-64612.34166666,591.94,617.2990112304688,0.0003,-1.0382813215255737,164,0.15406353771686554
4228,487812,14.135833740234375,1951352,11859,-64707.68333333,594.7,632.6309204101562,0.0003,0.5136781930923462,164,0.1552245020866394
4232,488157,49.65473937988281,1952732,11867,-64558.95833333,609.3,980.0579833984375,0.0003,0.14635449647903442,164,0.15450789034366608
4236,488560,206.77371215820312,1954344,11876,-64603.975,616.95,627.221923828125,0.0003,0.664840579032898,164,0.16180723905563354
4240,488949,55.400142669677734,1955900,11885,-64867.3,615.58,834.6834716796875,0.0003,2.278916358947754,164,0.16304098069667816
4244,489219,225.59727478027344,1956980,11892,-65793.6,608.22,548.2236328125,0.0003,-0.057354509830474854,164,0.16208109259605408
4248,489678,12.730792045593262,1958816,11903,-65719.1,604.52,591.7630615234375,0.0003,-0.23981201648712158,164,0.15963034331798553
4252,489777,12.400851249694824,1959212,11905,-66788.075,589.41,567.3890380859375,0.0003,-0.09723949432373047,164,0.15854279696941376
4256,490150,249.45986938476562,1960704,11914,-67753.675,565.98,963.4310302734375,0.0003,1.042988896369934,164,0.15580318868160248
4260,490717,31.98396873474121,1962972,11927,-67792.525,571.32,545.699462890625,0.0003,-1.100325107574463,164,0.1561235934495926
4264,491717,10.72604751586914,1966972,11951,-68394.775,574.95,594.607666015625,0.0003,1.5925476551055908,164,0.15196071565151215
4268,492717,11.23430347442627,1970972,11974,-67323.65,586.49,577.910888671875,0.0003,-0.944033145904541,164,0.14882218837738037
4272,493717,11.449542999267578,1974972,11998,-65568.55,600.96,598.65771484375,0.0003,0.39987078309059143,164,0.14271961152553558
4276,494717,203.6943359375,1978972,12022,-63765.05,620.59,585.0294189453125,0.0003,-0.7973811030387878,164,0.1357751041650772
4280,495717,11.432815551757812,1982972,12045,-60075.15,651.56,630.0783081054688,0.0003,0.026189982891082764,164,0.13169552385807037
4284,496717,10.150760650634766,1986972,12069,-58176.35,661.66,782.955078125,0.0003,-1.1913104057312012,164,0.1249038577079773
4288,497717,9.145934104919434,1990972,12093,-54405.85,684.57,586.9773559570312,0.0003,-2.3985798358917236,164,0.11925169080495834
4292,498214,10.186644554138184,1992960,12104,-52832.125,699.55,644.6834716796875,0.0003,0.1454314887523651,164,0.12060113996267319
4296,498349,204.4588623046875,1993500,12108,-53813.925,684.89,640.3400268554688,0.0003,-0.034207165241241455,164,0.120305135846138
4300,498514,202.6187286376953,1994160,12112,-55636.225,667.14,582.4146728515625,0.0003,-0.4687712490558624,164,0.11900971829891205
4304,498692,202.92892456054688,1994872,12116,-56697.65,645.02,613.49267578125,0.0003,-0.10727666318416595,164,0.11827493458986282
4308,498894,8.948646545410156,1995680,12121,-60282.85,614.79,570.3506469726562,0.0003,0.4057573974132538,164,0.11783696711063385
4312,499081,10.315142631530762,1996428,12125,-62987.675,584.68,568.1275634765625,0.0003,1.6227872371673584,164,0.12032140046358109
