time/episodes,train/actor_loss,train/critic_loss,rollout/ep_rew_mean,train/learning_rate,time/time_elapsed,train/n_updates,rollout/ep_len_mean,time/fps,time/total_timesteps,train/ent_coef_loss,train/ent_coef
4,-3.3548998832702637,2038.611328125,-142503.470741,0.0003,0,10,26.25,287,144,-0.0034367437474429607,0.999721109867096
8,-4.480326175689697,2551.4892578125,-178090.04805887502,0.0003,1,51,26.125,179,308,-0.20106348395347595,0.9866760969161987
12,13.084554672241211,2646.209716796875,-213710.5629301667,0.0003,4,133,40.0,157,636,-0.5925577282905579,0.9612581729888916
16,3576.3720703125,2780.0234375,-368998.121868625,0.0003,8,276,56.25,147,1208,-0.6876323819160461,0.9229204654693604
20,8308.9423828125,4629.142578125,-533410.37815935,0.0003,10,345,62.55,145,1484,-0.4070180356502533,0.9126777052879333
24,21022.451171875,4291.05859375,-894951.0126420417,0.0003,15,522,71.625,143,2192,-0.19775468111038208,0.9146127104759216
28,28080.52734375,4106.828125,-1369085.6981495358,0.0003,17,620,84.82142857142857,143,2584,-0.06808647513389587,0.9202452301979065
32,32063.6953125,4973.07763671875,-1464386.8967010938,0.0003,19,683,85.21875,143,2836,0.8371535539627075,0.9313400983810425
36,52109.7421875,4754.38623046875,-1786150.4410377222,0.0003,25,876,93.0,140,3608,0.006806548684835434,0.9988405704498291
40,111716.703125,5279.71240234375,-3175109.7345661,0.0003,40,1408,137.425,142,5736,-0.705482006072998,1.1516876220703125
44,127880.84375,5291.33251953125,-3069764.6068420005,0.0003,45,1577,131.88636363636363,141,6412,-2.609611988067627,1.2034516334533691
48,147598.890625,5182.6259765625,-3445732.401513146,0.0003,51,1810,143.0,141,7344,-1.8317110538482666,1.313733696937561
52,210692.71875,5171.55810546875,-4220935.456947288,0.0003,65,2292,168.76923076923077,142,9272,-4.876895427703857,1.5384355783462524
56,252720.0,5659.6142578125,-4534944.275820697,0.0003,77,2720,180.19642857142858,142,10984,-6.609982490539551,1.7193472385406494
60,291665.1875,5135.66064453125,-4811725.1821246,0.0003,86,3035,190.1,142,12244,-6.087630748748779,1.9124751091003418
64,308124.3125,5164.38134765625,-4904385.022350185,0.0003,89,3142,193.53846153846155,141,12672,-7.252543926239014,1.9745070934295654
68,349191.4375,5548.7451171875,-5061988.925988221,0.0003,99,3506,198.75,141,14128,-10.10445499420166,2.252999782562256
72,386248.0625,5638.3671875,-5182588.3491497785,0.0003,108,3820,201.55555555555554,141,15384,-10.934104919433594,2.471234083175659
76,397368.0,5845.87939453125,-4915054.696917869,0.0003,108,3830,191.21052631578948,141,15424,-10.646402359008789,2.478058099746704
80,411967.5625,5299.04345703125,-5074005.362485513,0.0003,111,3932,195.425,141,15832,-11.708648681640625,2.5576164722442627
84,442785.5625,5076.51416015625,-5312836.056423596,0.0003,121,4289,203.6547619047619,141,17260,-9.930049896240234,2.8275346755981445
88,467085.8125,5165.2294921875,-5166018.798210511,0.0003,129,4551,198.67045454545453,141,18308,-17.59369468688965,3.1335086822509766
92,549573.9375,5488.30810546875,-5386414.491558467,0.0003,150,5358,208.90217391304347,143,21536,-11.812051773071289,3.915428638458252
96,543934.5,5688.00634765625,-5866809.315879062,0.0003,152,5442,225.90625,143,21872,-13.069751739501953,3.994002103805542
100,576457.875,5696.60546875,-5862322.39307154,0.0003,159,5658,225.62,142,22736,-14.026070594787598,4.206578254699707
104,591228.9375,6989.14794921875,-5865449.794260511,0.0003,160,5715,225.33,142,22964,-17.455547332763672,4.2741241455078125
108,645922.1875,5322.20947265625,-6326647.095241671,0.0003,184,6583,244.16,143,26436,-15.357337951660156,5.441769123077393
112,665070.8125,6568.970703125,-6767275.899424979,0.0003,186,6652,260.6,143,26712,-17.06631088256836,5.5436201095581055
116,687013.5625,5883.30517578125,-6857064.433880199,0.0003,198,7065,262.58,143,28364,-25.281085968017578,6.3947434425354
120,755593.5,7507.0732421875,-7709846.056890351,0.0003,223,8038,293.07,144,32256,-21.689361572265625,8.577948570251465
124,789469.375,7006.833984375,-8168942.906759121,0.0003,237,8573,312.06,144,34396,-19.794391632080078,10.067880630493164
128,799739.4375,7640.14208984375,-8268096.41826686,0.0003,246,8884,321.51,144,35640,-21.202430725097656,10.821261405944824
132,809538.6875,9797.3359375,-8454194.27002744,0.0003,253,9140,331.48,144,36664,-23.485279083251953,11.608351707458496
136,824657.5,8192.0380859375,-8527412.688902311,0.0003,262,9454,334.3,144,37920,-23.507278442382812,12.672245025634766
140,835346.6875,10595.1298828125,-8199937.009996111,0.0003,264,9525,325.01,144,38204,-21.865461349487305,12.912469863891602
144,890096.8125,8692.2001953125,-8481880.11538921,0.0003,281,10151,338.66,144,40708,-18.184886932373047,15.006261825561523
148,859630.75,7098.82470703125,-8352155.70124175,0.0003,283,10202,336.88,144,40912,-13.387489318847656,15.163274765014648
152,870508.625,9630.1689453125,-7874311.499429599,0.0003,284,10239,321.91,144,41060,-14.01307487487793,15.275025367736816
156,878702.125,8962.5537109375,-7542131.52030402,0.0003,284,10264,310.34,144,41160,-17.884727478027344,15.358975410461426
160,894139.125,7212.607421875,-7200570.265497179,0.0003,286,10309,298.12,144,41340,-19.326038360595703,15.522499084472656
164,866277.125,11707.8125,-6948736.9919711,0.0003,287,10353,289.35,144,41516,-17.356584548950195,15.695096969604492
168,927687.25,8278.3642578125,-7160196.7648666985,0.0003,311,11264,297.77,144,45160,-22.740833282470703,20.489648818969727
172,922993.1875,8489.126953125,-7144745.53050931,0.0003,313,11331,298.08,144,45428,-18.389320373535156,20.79008674621582
176,927971.625,10168.822265625,-7296664.047706102,0.0003,318,11523,305.31,144,46196,-18.091781616210938,21.720563888549805
180,919186.1875,9825.263671875,-7277671.135406639,0.0003,320,11569,306.36,144,46380,-19.510379791259766,21.960844039916992
184,945286.0,10418.609375,-6914688.695812409,0.0003,321,11629,294.01,144,46620,-18.108980178833008,22.26533317565918
188,950237.6875,10401.1015625,-6865388.647060531,0.0003,324,11731,292.34,144,47028,-19.59178924560547,22.75090980529785
192,964404.875,9731.4345703125,-6526691.98838138,0.0003,328,11857,278.93,144,47532,-17.615577697753906,23.36598014831543
196,954104.9375,9198.74609375,-5858460.147671222,0.0003,328,11888,254.82,144,47656,-20.798770904541016,23.535266876220703
200,937649.9375,10723.7998046875,-5737040.9428743,0.0003,329,11920,250.73,144,47784,-17.916610717773438,23.72861671447754
204,967792.25,10922.5087890625,-5669069.6767427595,0.0003,330,11948,248.17,144,47896,-21.768957138061523,23.905263900756836
208,986001.8125,9975.962890625,-5217418.010746529,0.0003,331,11994,229.2,144,48080,-23.220277786254883,24.19861602783203
212,960130.125,9440.619140625,-4816354.974365629,0.0003,336,12140,212.73,144,48664,-23.91107749938965,25.18784523010254
216,1030198.1875,9723.7548828125,-5599671.44439669,0.0003,362,13140,237.78,145,52664,-23.177160263061523,33.09037780761719
220,1074578.125,10075.9931640625,-5771427.44525365,0.0003,388,14140,243.78,145,56664,-10.141439437866211,41.352561950683594
224,1096349.0,10486.51171875,-6189882.727982659,0.0003,415,15140,260.11,146,60664,-6.387324810028076,49.94573211669922
228,1168749.0,11309.080078125,-6951595.36402714,0.0003,441,16140,284.1,146,64664,-0.40799465775489807,56.71124267578125
232,1207198.0,11532.3251953125,-7695507.9846139895,0.0003,468,17140,310.61,146,68664,-5.553737640380859,63.4368782043457
236,1244806.75,13439.1689453125,-8073196.702354871,0.0003,484,17743,326.66,146,71076,-3.0701375007629395,66.69983673095703
240,1248094.25,14062.12109375,-8075115.51916753,0.0003,488,17900,329.28,146,71704,-0.17254376411437988,68.3684310913086
244,1257652.375,11425.6591796875,-8617090.29441756,0.0003,514,18900,352.57,147,75704,0.18758553266525269,72.8880844116211
248,1286950.25,15427.431640625,-8877137.711827772,0.0003,528,19402,363.1,147,77712,2.095404624938965,70.13362884521484
252,1289803.5,10614.109375,-8929938.59933447,0.0003,530,19510,365.98,147,78144,-0.27434343099594116,70.86546325683594
256,1274992.125,11297.701171875,-8978986.724367319,0.0003,534,19640,369.11,147,78664,0.3568546772003174,71.27218627929688
260,1284662.25,11296.0771484375,-8989880.951008348,0.0003,537,19742,369.65,147,79072,-3.4120774269104004,71.90225219726562
264,1297054.125,12582.998046875,-9016477.65459872,0.0003,540,19852,371.24,147,79512,-0.3220169246196747,72.65312957763672
268,1301067.5,12584.92578125,-8534049.426865822,0.0003,543,19959,353.88,146,79940,1.582125186920166,72.17093658447266
272,1285763.25,13465.5078125,-8559454.185147941,0.0003,545,20006,356.67,147,80128,-0.4322260618209839,72.04210662841797
276,1310593.5,10798.25390625,-8452308.885017019,0.0003,548,20107,353.13,146,80532,0.12218117713928223,71.48838806152344
280,1333595.375,10928.888671875,-8178091.620563981,0.0003,549,20146,343.78,146,80688,-2.548891305923462,71.34426879882812
284,1311103.5,11836.078125,-8152822.824750228,0.0003,550,20196,342.83,146,80888,-0.7729743719100952,71.11775970458984
288,1294417.5,13090.96484375,-8153004.66206162,0.0003,553,20275,343.84,146,81204,-1.7801072597503662,71.18401336669922
292,1313136.0,12847.9365234375,-8107728.230350911,0.0003,555,20362,342.45,146,81552,-2.481858015060425,71.74060821533203
296,1303491.75,16462.99609375,-8138638.6514062695,0.0003,557,20440,345.32,146,81864,0.5904289484024048,72.33769226074219
300,1320780.0,12477.7578125,-8123029.57623902,0.0003,558,20467,345.35,146,81972,-2.2213807106018066,72.46843719482422
304,1307460.5,11425.2265625,-8134305.520414339,0.0003,560,20544,346.84,146,82280,-0.27347666025161743,73.43033599853516
308,1283672.875,10447.4111328125,-8131614.97629304,0.0003,562,20582,347.3,146,82432,0.9392417073249817,73.96939086914062
312,1328210.0,10803.5322265625,-8127804.664017129,0.0003,564,20683,348.49,146,82836,-3.072391986846924,75.2174301147461
316,1314100.125,15316.2333984375,-7262502.645108058,0.0003,567,20765,320.82,146,83164,-3.596571683883667,76.05445098876953
320,1324938.625,10284.71484375,-6227583.249614942,0.0003,572,20931,284.03,146,83828,-3.5888826847076416,78.4345932006836
324,1326582.5,13156.1923828125,-5316321.059334781,0.0003,575,21042,250.04,146,84272,-2.6092464923858643,79.77703857421875
328,1326192.375,13868.435546875,-4363993.74798456,0.0003,578,21162,216.07,146,84752,-2.574608325958252,81.40005493164062
332,1320634.0,10624.974609375,-3386636.16882993,0.0003,580,21217,179.15,146,84972,-4.092622756958008,81.70543670654297
336,1330669.5,12838.1796875,-2801089.0290200794,0.0003,582,21299,157.47,146,85300,1.065679669380188,82.82050323486328
340,1333460.0,13180.494140625,-2523706.6675816705,0.0003,584,21351,144.75,146,85508,-1.800470232963562,83.31112670898438
344,1337219.25,10115.0283203125,-1635182.0221734704,0.0003,585,21407,106.18,146,85732,0.1928102970123291,83.84776306152344
348,1337867.0,18301.482421875,-1295698.6885431998,0.0003,595,21770,94.06,146,87184,-1.671501874923706,89.50577545166016
352,1357284.875,12566.572265625,-1688257.8966290497,0.0003,619,22642,117.1,146,90672,-1.641440749168396,102.49980163574219
356,1347101.625,12473.1181640625,-1930820.79985497,0.0003,631,23107,129.02,146,92532,-1.352570652961731,107.15335845947266
360,1366346.5,9848.2646484375,-2016866.29682085,0.0003,633,23178,133.09,146,92816,0.22924701869487762,107.88934326171875
364,1340607.75,9645.78125,-2338016.89481623,0.0003,644,23565,150.02,146,94364,-2.209178924560547,111.79051208496094
368,1340358.75,11257.13671875,-2508725.0518886,0.0003,648,23698,158.2,146,94896,-1.8900517225265503,113.72245025634766
372,1372688.75,13792.6162109375,-2324814.52169286,0.0003,654,23935,152.08,146,95844,0.5718631148338318,118.20539855957031
376,1365496.25,11356.6162109375,-2589105.7093613204,0.0003,662,24234,164.48,146,97040,3.4161598682403564,120.96050262451172
380,1349557.125,14280.8486328125,-2648802.3314754497,0.0003,666,24370,167.07,146,97584,0.9456682205200195,121.65206909179688
384,1366764.25,11333.3076171875,-2688987.52330776,0.0003,668,24432,168.72,146,97832,-1.352286458015442,122.1769027709961
388,1342859.25,14039.8056640625,-2789246.6131586,0.0003,676,24679,172.96,146,98820,-0.15077058970928192,124.58858489990234
392,1339695.625,11380.08984375,-3339604.8574620695,0.0003,697,25492,197.76,146,102072,-2.3980634212493896,121.16820526123047
396,1346532.0,8682.1494140625,-3483780.128254469,0.0003,698,25540,205.05,146,102264,1.4354113340377808,121.25635528564453
400,1358001.5,8704.044921875,-3470316.4057725603,0.0003,699,25586,203.69,146,102448,1.6781331300735474,120.8489990234375
404,1357825.375,17872.453125,-3468724.4774407297,0.0003,701,25649,203.49,146,102700,-0.3371190130710602,120.2285385131836
408,1357525.0,15650.77734375,-3459466.404427,0.0003,703,25697,202.61,146,102892,2.175323963165283,120.24092102050781
412,1345689.5,10405.048828125,-3467789.7532737595,0.0003,705,25786,203.42,146,103248,-0.3398641347885132,120.44739532470703
416,1358455.5,13137.3671875,-3455178.3094885796,0.0003,706,25797,202.33,146,103292,3.6757946014404297,120.68223571777344
420,1345259.75,12688.404296875,-3421790.64429917,0.0003,706,25810,199.4,146,103344,2.6507022380828857,120.75845336914062
424,1362638.0,12414.02734375,-3351501.9283,0.0003,707,25823,193.66,146,103396,1.8919731378555298,120.75367736816406
428,1352414.75,8456.896484375,-3285577.478712159,0.0003,707,25849,188.58,146,103500,-2.7777762413024902,120.751708984375
432,1350447.625,8384.0576171875,-3261723.8815843505,0.0003,710,25927,186.8,146,103812,1.4177978038787842,121.74149322509766
436,1356587.625,8287.1884765625,-3266882.00021414,0.0003,711,25976,187.64,146,104008,-2.649703025817871,123.04557800292969
440,1343786.25,8464.4697265625,-3252708.4500618996,0.0003,712,26012,186.45,146,104152,0.008662700653076172,123.934326171875
444,1348387.75,10696.1376953125,-3241606.5174778197,0.0003,713,26029,185.49,146,104220,0.9140868186950684,124.3017349243164
448,1357210.125,8979.5322265625,-3164181.60754911,0.0003,713,26044,179.78,146,104280,-2.3733625411987305,124.61211395263672
452,1359253.625,13017.556640625,-2663908.2386413296,0.0003,714,26062,150.49,146,104352,1.1469972133636475,124.83304595947266
456,1349475.625,8155.47509765625,-2365471.74207992,0.0003,714,26078,134.34,146,104416,1.1117544174194336,125.01628112792969
460,1353311.75,10878.94921875,-2266594.5308018797,0.0003,715,26106,129.08,146,104528,-1.0328272581100464,125.49421691894531
464,1345433.25,12510.244140625,-1926011.5529009297,0.0003,717,26176,111.05,146,104808,-1.5602619647979736,126.44989776611328
468,1338971.75,10457.3720703125,-1736828.5459943698,0.0003,718,26190,101.1,146,104864,-1.8575410842895508,126.74296569824219
472,1343629.5,10408.0224609375,-1638167.4919175499,0.0003,718,26203,95.62,146,104916,-5.524252891540527,127.010986328125
476,1334961.0,12197.12890625,-1345205.3341794198,0.0003,718,26220,81.26,146,104984,-3.6906380653381348,127.51776123046875
480,1321786.875,9500.6435546875,-1261796.3572319997,0.0003,719,26246,76.6,146,105088,-2.785414934158325,128.12916564941406
484,1331123.25,13328.5966796875,-1210361.1510657202,0.0003,720,26260,73.8,145,105144,-3.427798271179199,128.43739318847656
488,1325871.75,12520.8740234375,-1079770.9162115501,0.0003,720,26283,66.74,145,105236,1.5124716758728027,129.0071258544922
492,1333295.125,10628.560546875,-524192.12251285004,0.0003,721,26310,41.54,145,105344,0.1015353798866272,129.65359497070312
496,1333419.75,13052.970703125,-350049.85253583,0.0003,722,26338,31.84,145,105456,-3.1117944717407227,130.412841796875
500,1339565.75,10188.8427734375,-347812.9213044499,0.0003,723,26373,31.7,145,105596,-2.445671558380127,131.77525329589844
504,1346467.0,14197.939453125,-341477.1936653599,0.0003,723,26393,31.29,145,105676,-3.5833663940429688,132.5277099609375
508,1336746.75,10814.0185546875,-340685.99191865994,0.0003,724,26418,31.28,145,105776,-0.4691712260246277,133.31503295898438
512,1340020.375,11067.53515625,-283320.82198901003,0.0003,725,26439,26.37,145,105860,0.8186609745025635,133.8826446533203
516,1351456.375,10740.595703125,-268405.48900892003,0.0003,725,26447,25.42,145,105892,-2.912959575653076,134.12596130371094
520,1338664.75,8571.275390625,-273011.53627548,0.0003,726,26475,25.97,145,106004,-3.026414394378662,135.3356170654297
524,1328213.5,8123.69140625,-272888.87298850005,0.0003,726,26484,25.97,145,106040,-0.6592573523521423,135.74026489257812
528,1316003.5,13268.9775390625,-276579.94002521003,0.0003,727,26494,26.56,145,106080,-1.6381385326385498,136.132568359375
532,1314387.5,13025.4482421875,-268077.0950561,0.0003,727,26512,25.73,145,106152,-0.08651143312454224,137.04103088378906
536,1328391.0,8443.953125,-229074.73062120003,0.0003,728,26538,22.05,145,106256,0.7137190699577332,138.28298950195312
540,1347356.0,10526.8525390625,-228288.39660138998,0.0003,728,26551,22.0,145,106308,-3.337617874145508,138.92254638671875
544,1318858.5,10102.0693359375,-229317.18377261996,0.0003,729,26586,22.07,145,106448,1.494022011756897,140.59275817871094
548,1332686.625,10906.0810546875,-221611.11598505,0.0003,730,26619,21.81,145,106580,-0.45673108100891113,141.8901824951172
552,1334713.375,8415.0537109375,-218377.15850348,0.0003,731,26641,21.57,145,106668,-4.290122032165527,142.5674285888672
556,1314232.5,8732.92578125,-219105.94564270996,0.0003,731,26662,21.84,145,106752,-2.886990785598755,143.38082885742188
560,1300623.25,9675.8349609375,-223731.59327322998,0.0003,732,26683,22.46,145,106836,1.8492473363876343,144.23001098632812
564,1317193.0,10390.84375,-221382.64700238,0.0003,733,26709,22.88,145,106940,-4.52841854095459,145.30404663085938
568,1338673.0,12254.724609375,-224931.42746945005,0.0003,734,26738,23.67,145,107056,-4.4166059494018555,146.60458374023438
572,1340724.25,13328.6142578125,-215166.58390005,0.0003,734,26748,23.27,145,107096,-2.2262990474700928,147.02870178222656
576,1321156.75,14718.7060546875,-199039.38386156998,0.0003,734,26755,21.64,145,107124,0.5794296264648438,147.31768798828125
580,1329907.25,10306.2607421875,-196283.58913933995,0.0003,735,26774,21.42,145,107200,-2.8998427391052246,148.0526123046875
584,1317729.875,15240.3935546875,-199914.99986404003,0.0003,736,26825,22.38,145,107404,-1.052304983139038,150.14599609375
588,1316209.25,17267.55078125,-205871.4205885,0.0003,737,26842,23.7,145,107472,-3.231079578399658,151.0189666748047
592,1310014.875,8149.30126953125,-193251.99182936002,0.0003,738,26885,22.57,145,107644,-1.970757246017456,153.64454650878906
596,1307464.0,13076.3447265625,-190190.51047518998,0.0003,739,26916,22.63,145,107768,-2.1697182655334473,155.33917236328125
600,1317920.75,10904.8486328125,-192551.54520746003,0.0003,740,26941,23.71,145,107868,-0.9843491315841675,156.63845825195312
604,1329400.25,8503.7216796875,-189317.84947063,0.0003,741,26993,23.78,145,108076,-2.231274366378784,159.4871368408203
608,1309116.5,14851.177734375,-191075.92299082,0.0003,742,27013,24.39,145,108156,-2.5628955364227295,160.47702026367188
612,1301176.75,8032.53125,-193119.45921128997,0.0003,743,27057,25.35,145,108332,-1.9212844371795654,162.66493225097656
616,1318500.0,9787.4443359375,-191715.13961651002,0.0003,744,27075,25.78,145,108404,-1.1902484893798828,163.50759887695312
620,1315391.0,14962.5986328125,-187877.68674106,0.0003,744,27103,25.65,145,108516,-2.3135666847229004,164.89895629882812
624,1315978.375,10774.3740234375,-190696.33827048997,0.0003,745,27120,26.66,145,108584,-2.367201566696167,165.8310546875
628,1319505.75,14599.458984375,-179979.78835645996,0.0003,745,27135,25.55,145,108644,-5.042942523956299,166.54608154296875
632,1312492.25,10433.8388671875,-178515.09469376,0.0003,746,27172,25.61,145,108792,-1.1344698667526245,168.4320831298828
636,1298900.75,9800.5869140625,-182650.72106339002,0.0003,747,27200,26.89,145,108904,-3.4503684043884277,169.74403381347656
640,1315014.25,13038.2763671875,-178523.41804487002,0.0003,748,27234,26.79,145,109040,-2.947554588317871,171.37066650390625
644,1286533.0,10564.236328125,-176748.68059751004,0.0003,749,27256,27.26,145,109128,1.1261656284332275,172.31520080566406
648,1318580.0,11058.166015625,-176624.15432097003,0.0003,750,27290,27.8,145,109264,-3.711252212524414,173.393798828125
652,1317907.25,12509.2744140625,-177825.65758513,0.0003,751,27319,28.76,145,109380,0.08330938220024109,174.40101623535156
656,1294777.625,10232.0341796875,-175955.74239578994,0.0003,752,27340,28.65,145,109464,-5.913018226623535,175.02593994140625
660,1293479.75,11955.9345703125,-171437.96220395996,0.0003,753,27369,28.37,145,109580,-0.2987167537212372,175.83651733398438
664,1300405.75,14604.9775390625,-163982.41227405,0.0003,753,27399,27.41,145,109700,-0.7537627220153809,176.78054809570312
668,1320318.5,10969.8291015625,-164108.44263857,0.0003,754,27424,27.97,145,109800,-1.0305895805358887,177.88572692871094
672,1302028.625,17537.177734375,-160756.82319424,0.0003,755,27439,27.43,145,109860,-4.772482872009277,178.62002563476562
676,1311908.125,10785.4453125,-160603.18987269996,0.0003,755,27453,27.89,145,109916,-1.4648898839950562,179.37454223632812
680,1298550.75,8331.349609375,-160488.96070245001,0.0003,756,27494,28.23,145,110080,-3.5483498573303223,181.36013793945312
684,1287659.0,12584.146484375,-165804.67330779997,0.0003,758,27546,29.65,145,110288,-2.7411866188049316,183.52622985839844
688,1299340.75,12289.224609375,-162804.08723162,0.0003,760,27623,29.69,145,110596,-3.3396334648132324,186.34915161132812
692,1304781.875,13265.4111328125,-167976.72279062,0.0003,761,27673,31.15,145,110796,-3.716343879699707,188.10809326171875
696,1296224.25,11885.642578125,-176692.4566679,0.0003,762,27712,32.21,145,110952,0.016348302364349365,189.87310791015625
700,1289323.625,10471.923828125,-177529.66482282,0.0003,765,27819,33.21,145,111380,-2.350872755050659,194.31068420410156
704,1294319.875,10901.244140625,-179037.66253772995,0.0003,768,27915,35.02,145,111764,-2.5853872299194336,197.3749542236328
708,1268380.0,10807.6025390625,-181281.96353988,0.0003,770,27970,37.25,145,111984,-0.4127984642982483,198.40394592285156
712,1269289.75,14134.8525390625,-181612.76012171002,0.0003,772,28023,37.5,145,112196,-0.03449368476867676,199.7121124267578
716,1282658.75,11793.275390625,-193217.64605915002,0.0003,778,28249,43.0,145,113100,-1.9855782985687256,207.81613159179688
720,1264308.0,14626.1220703125,-250291.16270175998,0.0003,789,28647,55.54,145,114692,-0.8270257115364075,217.74581909179688
724,1211171.875,16771.966796875,-722928.6034180701,0.0003,815,29647,88.76,145,118692,0.3372771143913269,202.56309509277344
728,1158385.625,10088.9775390625,-1310454.3779433998,0.0003,842,30647,128.33,145,122692,1.8122143745422363,195.2770538330078
732,1107532.125,7703.2802734375,-1734890.0926388502,0.0003,869,31647,167.8,145,126692,-1.4342621564865112,194.16006469726562
736,1077081.5,7486.833984375,-1884423.5580994699,0.0003,886,32245,186.3,145,129084,0.295507550239563,194.05502319335938
740,1076990.25,9423.9423828125,-1949618.64078077,0.0003,891,32452,197.26,145,129912,-0.945019006729126,194.78955078125
744,1073342.625,15017.287109375,-2044045.1241747597,0.0003,896,32603,211.11,145,130516,0.10304117202758789,194.68536376953125
748,1078844.125,11520.1357421875,-2074046.5619185,0.0003,899,32734,216.51,145,131040,-4.571226596832275,195.3863067626953
752,1044151.4375,9094.49609375,-2085937.5210303501,0.0003,902,32807,218.42,145,131332,1.7697415351867676,195.2766876220703
756,1029758.6875,10940.259765625,-2095688.82009461,0.0003,905,32915,221.84,145,131764,-0.9787724614143372,195.993408203125
760,1027819.75,10701.5078125,-2099037.06149013,0.0003,906,32971,223.85,145,131988,0.7133951187133789,196.2405548095703
764,1028360.75,12690.6005859375,-2101866.37406631,0.0003,908,33036,225.76,145,132248,-1.5197862386703491,196.76791381835938
768,1038615.75,9485.150390625,-2098715.4294955,0.0003,909,33074,225.55,145,132400,-2.1820507049560547,196.83030700683594
772,1050648.125,8735.9931640625,-2099371.49603603,0.0003,911,33137,226.31,145,132652,-0.8800194263458252,197.5399169921875
776,1042613.375,11018.0771484375,-2099817.0328107197,0.0003,912,33174,227.39,145,132800,0.625187337398529,197.7825164794922
780,1026171.25,12437.015625,-2101494.2109941,0.0003,913,33213,229.16,145,132956,2.7415080070495605,197.9777374267578
784,1010467.375,8712.6806640625,-2092966.5201513001,0.0003,915,33272,228.26,145,133192,1.9724338054656982,198.81298828125
788,1039191.5,8911.6455078125,-2091178.2022192897,0.0003,916,33317,228.43,145,133372,-0.8400171399116516,199.3528594970703
792,1036753.5,7105.64892578125,-2082719.26654036,0.0003,917,33348,227.58,145,133496,0.4883529543876648,200.16163635253906
796,1042633.5625,8754.39453125,-2071855.38012968,0.0003,918,33378,226.71,145,133616,-2.251927614212036,200.70611572265625
800,1045260.0,9219.1845703125,-2065437.4979823201,0.0003,919,33429,225.72,145,133820,0.5868452191352844,202.0919952392578
804,1019126.375,9090.263671875,-2058714.68957152,0.0003,921,33476,224.34,145,134008,-1.8034946918487549,203.13726806640625
808,1032464.25,8728.0732421875,-2053649.4014338597,0.0003,921,33503,222.54,145,134116,-2.488434314727783,204.00497436523438
812,1015746.125,11945.130859375,-2049857.11719952,0.0003,922,33528,221.57,145,134216,2.4103918075561523,204.57638549804688
816,1007315.375,6798.79736328125,-2036970.9390837199,0.0003,923,33564,216.21,145,134360,-1.2581331729888916,205.0312957763672
820,1019184.375,8177.39306640625,-1979262.41797035,0.0003,924,33599,204.29,145,134500,1.4256799221038818,205.61520385742188
824,1019749.25,7059.56640625,-1504192.14470617,0.0003,925,33630,171.12,145,134624,2.7128286361694336,205.82748413085938
828,994863.375,10580.3251953125,-916335.6715824001,0.0003,926,33668,132.59,145,134776,-0.6822700500488281,205.8527069091797
832,1012639.75,9830.3291015625,-491354.10139744,0.0003,927,33685,93.69,145,134844,0.16896969079971313,205.9637451171875
836,1005850.5,8140.25390625,-335448.33853277,0.0003,928,33710,73.98,145,134944,-1.621100664138794,206.0630645751953
840,1020520.875,8871.1650390625,-248704.30568226005,0.0003,929,33748,61.13,145,135096,-1.9697511196136475,206.70785522460938
844,1008722.75,9484.3720703125,-175051.5898677,0.0003,930,33785,50.26,145,135244,-0.9847831726074219,206.97523498535156
848,994012.1875,9648.9873046875,-140128.08562890004,0.0003,930,33807,44.41,145,135332,0.374703973531723,207.2760772705078
852,1011847.0,7200.1953125,-125567.72401155999,0.0003,931,33831,41.82,145,135428,-1.1195769309997559,207.7985076904297
856,994007.875,8782.0439453125,-114775.60436946001,0.0003,932,33860,38.98,145,135544,1.4563188552856445,208.35800170898438
860,1007812.625,8910.251953125,-111108.65577566,0.0003,933,33884,37.53,145,135640,-1.092947244644165,208.79241943359375
864,1020786.875,6891.04443359375,-104758.56746681001,0.0003,933,33896,34.82,145,135688,-3.640150547027588,209.0774383544922
868,1003889.125,9659.5791015625,-103710.06854054,0.0003,934,33922,34.03,145,135792,-0.9301940202713013,209.8489227294922
872,1010836.5,10352.162109375,-103651.71364270998,0.0003,934,33948,34.08,145,135896,-0.6497621536254883,210.54310607910156
876,984985.375,9939.2978515625,-103006.47654622998,0.0003,935,33986,33.46,145,136048,1.4638837575912476,211.16859436035156
880,1011477.0,12018.5458984375,-100924.33142982,0.0003,936,33997,31.69,145,136092,-2.3231279850006104,211.4842987060547
884,1003592.0625,9552.87109375,-99811.4625701,0.0003,937,34030,30.75,145,136224,-0.8534169793128967,212.70834350585938
888,1009109.5,6927.29052734375,-98248.79299410999,0.0003,937,34049,29.96,145,136300,0.614220380783081,213.33221435546875
892,1013213.375,13163.6240234375,-97092.95994774999,0.0003,939,34088,28.88,145,136456,-1.950855016708374,215.08753967285156
896,1001089.75,8603.3583984375,-97779.90913155001,0.0003,939,34109,29.59,145,136540,0.6762217283248901,215.84710693359375
900,991258.0,7805.12353515625,-96447.66365681001,0.0003,940,34139,28.54,145,136660,-1.1144084930419922,216.88792419433594
904,1004746.6875,8575.2841796875,-94836.86561529001,0.0003,940,34152,27.64,145,136712,-2.921006917953491,217.2239990234375
908,973760.625,6762.08984375,-94129.64957271,0.0003,941,34186,27.18,145,136848,2.0057740211486816,218.50863647460938
912,982931.125,8599.06640625,-94129.64557868,0.0003,942,34204,26.88,145,136920,-4.557584285736084,218.88522338867188
916,993247.4375,6838.53662109375,-93956.39710431,0.0003,943,34234,26.89,145,137040,-2.3790061473846436,219.64678955078125
920,999326.0,11377.6806640625,-93398.37092142,0.0003,943,34256,26.64,145,137128,0.02526479959487915,220.26611328125
924,980279.0,8533.650390625,-92467.17846071,0.0003,944,34270,25.96,145,137184,-1.3037166595458984,220.68685913085938
928,989707.0,10923.60546875,-92458.27832155001,0.0003,945,34297,25.64,145,137292,-2.3384764194488525,221.231689453125
932,1013149.25,6835.9794921875,-92892.68367334001,0.0003,945,34315,25.15,145,137364,1.6970540285110474,221.6340789794922
936,1014695.9375,6840.693359375,-93211.66403094998,0.0003,946,34334,25.23,145,137440,-0.4708196222782135,221.90902709960938
940,986361.625,9160.1220703125,-92570.0227479,0.0003,947,34365,25.07,145,137564,1.0794674158096313,222.6129608154297
944,1000998.125,6817.11669921875,-91803.49078801002,0.0003,947,34378,24.49,145,137616,-1.3666162490844727,222.8860321044922
948,983231.625,6696.37255859375,-91865.79439683999,0.0003,947,34392,23.59,145,137672,-1.0528533458709717,223.29217529296875
952,988680.0625,6619.39599609375,-91772.20849156001,0.0003,948,34417,23.55,145,137772,-3.128990650177002,223.84429931640625
956,973555.125,7900.64453125,-92165.57510338,0.0003,948,34429,22.98,145,137820,-2.914919137954712,224.09910583496094
960,1000417.875,8164.80029296875,-91975.58435191,0.0003,949,34446,22.27,145,137888,-1.8333899974822998,224.64678955078125
964,991300.125,6702.8212890625,-91958.12009108,0.0003,949,34462,22.43,145,137952,1.5622731447219849,225.434326171875
968,968913.0,6606.677734375,-92126.67923796002,0.0003,950,34480,22.55,145,138024,-1.96071195602417,226.20777893066406
972,987286.375,9993.8681640625,-91493.91157575,0.0003,951,34502,22.08,145,138112,0.2495148777961731,226.97457885742188
976,986435.4375,6731.462890625,-91589.97697090002,0.0003,951,34523,21.82,145,138196,1.314850091934204,227.77365112304688
980,984000.375,7658.51318359375,-91398.48406492,0.0003,952,34559,21.87,145,138340,-1.0492888689041138,229.25523376464844
984,994757.875,16362.716796875,-91897.18877527003,0.0003,953,34592,22.11,145,138472,-1.8540596961975098,230.5947723388672
988,968177.5625,7520.685546875,-92054.71900625,0.0003,954,34622,22.09,145,138592,-1.8439736366271973,231.53085327148438
992,969561.5625,14480.5390625,-93732.46872547001,0.0003,954,34636,22.86,145,138648,-1.4854028224945068,231.93505859375
996,977472.8125,8908.521484375,-93023.86786187,0.0003,955,34653,21.79,145,138716,0.924707293510437,232.26153564453125
1000,982289.75,8669.9853515625,-93060.43286410002,0.0003,955,34666,21.69,145,138768,0.27680230140686035,232.574951171875
1004,974916.0,10083.021484375,-93122.02710692,0.0003,956,34687,21.3,145,138852,1.3987001180648804,233.08787536621094
1008,973673.75,10976.5458984375,-93224.60629011,0.0003,957,34730,21.15,145,139024,-0.5678963661193848,234.12973022460938
1012,978176.875,7836.9755859375,-93810.33899464998,0.0003,958,34754,21.97,145,139120,2.0454301834106445,234.71412658691406
1016,974826.875,12281.9443359375,-93499.94393631996,0.0003,958,34776,21.42,145,139208,-3.509219169616699,235.32388305664062
1020,950306.9375,9108.0869140625,-93834.01423092,0.0003,959,34803,21.65,145,139316,-1.905440092086792,236.32266235351562
1024,977126.5625,7800.2783203125,-94301.21259581001,0.0003,960,34814,21.83,145,139360,-1.8627852201461792,236.78884887695312
1028,966251.375,9156.896484375,-94128.58901553,0.0003,960,34828,21.17,145,139416,-2.446108341217041,237.27552795410156
1032,957177.0,6486.08203125,-93740.68398931003,0.0003,961,34848,21.19,145,139496,0.874046266078949,237.92210388183594
1036,965265.125,6509.8369140625,-93435.26074733,0.0003,962,34879,21.65,145,139620,0.5239359736442566,238.70587158203125
1040,975314.5,9786.2421875,-93071.01776959,0.0003,962,34905,21.31,145,139724,0.614052414894104,239.4700469970703
1044,973098.8125,6630.9189453125,-93907.85536839,0.0003,963,34918,21.42,145,139776,-0.2898343801498413,239.7328338623047
1048,972182.75,7539.6845703125,-93815.24661350003,0.0003,963,34930,21.43,145,139824,0.2545214891433716,239.9734649658203
1052,959126.9375,11445.9248046875,-94012.82455287002,0.0003,964,34947,21.42,145,139892,-0.6995031237602234,240.3269805908203
1056,980779.5,8682.9482421875,-93912.48280081002,0.0003,964,34959,21.21,145,139940,0.7333484292030334,240.69432067871094
1060,969506.3125,6569.931640625,-93775.06329254001,0.0003,965,34984,21.37,145,140040,2.0348193645477295,241.65582275390625
1064,953807.0625,8997.0498046875,-93659.86627391001,0.0003,965,35003,21.74,145,140116,-1.1751148700714111,242.34010314941406
1068,947957.375,7833.669921875,-93569.80217824999,0.0003,966,35023,21.98,145,140196,0.37062716484069824,242.77684020996094
1072,948290.875,9677.9541015625,-93534.37681829,0.0003,966,35044,21.68,145,140280,1.5526336431503296,243.1710968017578
1076,948432.125,8043.19482421875,-93398.75584621998,0.0003,967,35060,21.38,145,140344,0.11831218004226685,243.52293395996094
1080,966288.4375,8847.6806640625,-93631.32410447998,0.0003,967,35082,21.2,145,140432,0.7240729331970215,243.92294311523438
1084,954485.25,8843.4287109375,-93311.7913677,0.0003,968,35114,21.35,145,140560,-0.21482634544372559,244.91769409179688
1088,972715.1875,11271.140625,-93300.93761712998,0.0003,969,35128,21.09,145,140616,-1.2681303024291992,245.3720703125
1092,965179.0,7559.1982421875,-91422.23748021001,0.0003,969,35153,19.97,145,140716,-0.06647098064422607,246.14279174804688
1096,945801.0,7542.603515625,-91796.52364834999,0.0003,970,35173,20.83,145,140796,-0.1751311719417572,246.68223571777344
1100,971829.1875,6675.830078125,-91902.79225991998,0.0003,970,35186,20.8,145,140848,1.0276713371276855,246.9326629638672
1104,966412.8125,9638.7265625,-91717.55236890001,0.0003,971,35209,20.79,145,140940,0.691914439201355,247.4856414794922
1108,952042.8125,7582.6923828125,-92195.56164422001,0.0003,972,35227,20.77,145,141012,-2.0770082473754883,248.08929443359375
1112,974358.875,6652.390625,-91475.46135555,0.0003,972,35246,20.09,145,141088,-2.685333728790283,248.68551635742188
1116,942641.875,6474.86376953125,-91314.27941361001,0.0003,973,35271,20.05,145,141188,-1.6178100109100342,249.70669555664062
1120,927648.0,9197.93359375,-91301.80837312998,0.0003,973,35291,19.92,145,141268,-2.469209671020508,250.45404052734375
1124,933893.6875,6387.5205078125,-91129.69667868997,0.0003,974,35311,19.9,145,141348,-3.1094298362731934,251.1998748779297
1128,931692.5,7519.556640625,-90935.39328276001,0.0003,975,35333,20.22,145,141436,-3.0040335655212402,251.9517822265625
1132,936572.125,7798.30517578125,-90852.02147217002,0.0003,975,35352,20.29,145,141512,0.52516770362854,252.44052124023438
1136,932445.375,9796.9912109375,-90604.29711571001,0.0003,976,35376,20.06,145,141608,-0.26084935665130615,253.39578247070312
1140,933279.25,9302.921875,-90315.80851257002,0.0003,976,35400,19.95,145,141704,-1.164483904838562,254.3956756591797
1144,942352.5625,8075.4453125,-90108.02529722,0.0003,977,35424,19.96,145,141800,-4.485723495483398,255.5307159423828
1148,934826.875,9668.82421875,-90149.6824564,0.0003,978,35448,19.95,145,141896,-2.1571130752563477,256.58843994140625
1152,930286.5625,6413.0322265625,-91534.06531538001,0.0003,979,35480,20.76,145,142024,-0.6929970383644104,257.8175964355469
1156,946880.875,11340.55078125,-91259.27144326002,0.0003,979,35492,21.26,145,142072,-2.4109063148498535,258.2073669433594
1160,923200.4375,9242.5986328125,-91391.00881527999,0.0003,980,35510,21.14,145,142144,-1.3170311450958252,258.84637451171875
1164,934143.875,11392.6650390625,-91270.15359285999,0.0003,980,35525,20.9,145,142204,0.6210049390792847,259.303466796875
1168,935943.25,6423.40380859375,-91154.13858810998,0.0003,981,35551,20.78,145,142308,1.2542527914047241,259.79815673828125
1172,935097.25,13045.4052734375,-91288.91528023,0.0003,981,35565,20.96,145,142364,-0.33238646388053894,259.966064453125
1176,937200.5,12004.033203125,-91246.62474006,0.0003,982,35580,20.93,145,142424,-0.06391486525535583,260.28125
1180,941844.75,8529.912109375,-91199.84318682,0.0003,982,35593,20.91,145,142476,0.6459699869155884,260.47991943359375
1184,922621.0625,11737.24609375,-91479.88396031997,0.0003,983,35613,20.39,145,142556,2.2024402618408203,260.94635009765625
1188,912334.875,13294.8857421875,-91111.1902071,0.0003,983,35629,20.1,145,142620,-3.468956470489502,261.267822265625
1192,942452.875,10984.4189453125,-91137.65202975,0.0003,984,35652,20.36,144,142712,-0.5039936900138855,262.20849609375
1196,927658.125,9122.3984375,-90637.49151961,0.0003,985,35683,19.94,144,142836,-3.234762191772461,262.8404235839844
1200,916673.625,10693.3564453125,-90865.72465999,0.0003,985,35695,20.4,144,142884,-2.8321094512939453,263.10009765625
1204,911802.0,7661.84521484375,-90794.01349474,0.0003,985,35712,20.23,144,142952,0.07505342364311218,263.4498596191406
1208,939462.625,14764.7392578125,-89882.41568097,0.0003,987,35751,20.35,144,143108,-1.7006572484970093,264.13262939453125
1212,928538.75,7966.2314453125,-89984.54741121002,0.0003,987,35777,21.15,144,143212,-2.763423442840576,264.73974609375
1216,937176.375,8978.00390625,-90078.23026353,0.0003,988,35790,21.19,144,143264,-0.8537465333938599,265.1011657714844
1220,899259.1875,9979.2041015625,-89744.50236334998,0.0003,988,35808,20.85,144,143336,-0.9962618947029114,265.6237487792969
1224,924955.5625,6478.55078125,-89363.7265769,0.0003,989,35834,20.81,144,143440,-0.6006568074226379,266.6773681640625
1228,912981.5625,9292.775390625,-89494.10417820998,0.0003,989,35849,20.62,144,143500,-0.6688331365585327,267.0983581542969
1232,915680.625,12654.5576171875,-89369.22311479002,0.0003,990,35870,20.66,144,143584,-0.22116374969482422,267.62884521484375
1236,932006.25,9398.451171875,-89451.80787117999,0.0003,990,35886,20.59,144,143648,2.1219193935394287,267.9686279296875
1240,925436.0,9183.5654296875,-89649.33117830001,0.0003,991,35909,20.47,144,143740,-1.1852483749389648,268.4324951171875
1244,928457.125,6439.33544921875,-89187.46059565,0.0003,992,35923,20.21,144,143796,1.7672405242919922,268.52374267578125
1248,913492.0,6391.19580078125,-89059.74751166,0.0003,993,35959,20.55,144,143940,-1.097486972808838,268.7821350097656
1252,905129.5,8076.439453125,-88083.87266317003,0.0003,993,35980,20.26,144,144024,-1.2558009624481201,269.0177917480469
1256,922755.125,13035.03515625,-88229.19728442002,0.0003,993,35992,20.19,144,144072,2.108311653137207,269.3296813964844
1260,888331.75,8463.9111328125,-87942.05880005998,0.0003,994,36019,20.49,144,144180,2.019296646118164,269.455078125
1264,918897.1875,10266.4853515625,-88268.90518467002,0.0003,995,36041,20.64,144,144268,-1.7962021827697754,269.6806640625
1268,901404.875,8444.138671875,-88246.26721273997,0.0003,996,36066,20.54,144,144368,1.4112071990966797,269.8643493652344
1272,918110.625,7388.4833984375,-88159.08266933002,0.0003,996,36083,20.65,144,144436,2.9227070808410645,269.9925537109375
1276,912954.25,11055.091796875,-88072.75619742,0.0003,997,36106,20.83,144,144528,-1.0851588249206543,270.42315673828125
1280,896922.5625,10232.814453125,-88166.42921226998,0.0003,997,36122,20.99,144,144592,0.25185322761535645,271.1217956542969
1284,924325.8125,11183.0458984375,-88242.56181938002,0.0003,998,36147,21.5,144,144692,1.4759668111801147,271.7179260253906
1288,908293.75,8909.1748046875,-88100.43276899002,0.0003,998,36166,21.58,144,144768,-1.5597450733184814,272.2779846191406
1292,903670.625,7934.69677734375,-87988.39648636,0.0003,999,36183,21.32,144,144836,-0.9117956161499023,272.703125
1296,880852.9375,7284.15478515625,-88033.36291903,0.0003,1000,36207,21.2,144,144932,0.8868381977081299,273.4034423828125
1300,894424.375,10671.4765625,-88095.81353956,0.0003,1000,36229,21.19,144,145020,1.3933488130569458,273.7747497558594
1304,916133.375,8115.447265625,-88086.19680594001,0.0003,1001,36255,21.51,144,145124,0.7918970584869385,274.1914978027344
1308,898198.625,10014.39453125,-88367.99814004,0.0003,1001,36271,20.9,144,145188,-0.7295756936073303,274.5426330566406
1312,880555.875,11588.0244140625,-88115.76871090001,0.0003,1002,36285,20.18,144,145244,-3.832690477371216,274.98980712890625
1316,889829.875,6324.27587890625,-88505.56790929,0.0003,1002,36304,20.42,144,145320,0.7463433146476746,275.5153503417969
1320,889785.5,11714.0517578125,-88744.63721121999,0.0003,1003,36318,20.17,144,145376,0.3927423059940338,275.82135009765625
1324,892662.625,8613.7431640625,-88736.71725096,0.0003,1003,36333,19.98,144,145436,-2.097343921661377,276.3121032714844
1328,891422.5625,8448.400390625,-88690.84559548002,0.0003,1004,36365,20.39,144,145564,-0.6120139956474304,277.2933044433594
1332,903694.5625,12623.388671875,-88709.18924276001,0.0003,1005,36387,20.41,144,145652,0.701565146446228,278.1253356933594
1336,881416.0625,10385.384765625,-88609.11543198001,0.0003,1006,36406,20.09,144,145728,0.39206910133361816,278.7228698730469
1340,893829.9375,8295.4599609375,-89315.89053683002,0.0003,1006,36429,21.0,144,145820,1.1878142356872559,279.7774963378906
1344,905732.6875,6456.24365234375,-89071.17530337001,0.0003,1007,36455,21.1,144,145924,0.6080296039581299,280.3475646972656
1348,887048.625,9970.884765625,-89571.43249667,0.0003,1008,36488,21.65,144,146056,-1.261207103729248,280.8893737792969
1352,873952.125,8223.521484375,-89165.39631327,0.0003,1009,36518,21.39,144,146176,2.223759174346924,281.3409729003906
1356,863945.75,9116.7998046875,-89657.08691977,0.0003,1010,36550,21.78,144,146304,-1.018410563468933,281.5907287597656
1360,880810.0,10025.5390625,-89878.33909659999,0.0003,1010,36562,21.71,144,146352,-1.0552641153335571,281.7844543457031
1364,903461.25,9427.4326171875,-89623.78216008,0.0003,1011,36576,21.47,144,146408,0.6151354312896729,281.9642639160156
1368,873138.1875,12947.46484375,-89721.23943046002,0.0003,1011,36594,21.27,144,146480,0.11424601078033447,282.0009765625
1372,882220.875,8012.35302734375,-89672.96801850999,0.0003,1012,36625,21.52,144,146604,-0.605648398399353,281.89947509765625
1376,857845.125,7417.92724609375,-89613.89200919999,0.0003,1013,36661,21.45,144,146748,-0.668351948261261,282.130615234375
1380,898694.375,10786.728515625,-90264.42150839999,0.0003,1013,36677,21.94,144,146812,0.23083209991455078,282.2108459472656
1384,874231.5,13477.6015625,-90421.03195555,0.0003,1014,36702,22.09,144,146912,1.1523951292037964,282.5721130371094
1388,873937.8125,9823.744140625,-90593.87549860001,0.0003,1015,36718,22.03,144,146976,-2.386960983276367,282.828369140625
1392,883026.6875,11182.6279296875,-90438.40971126001,0.0003,1015,36742,22.26,144,147072,1.2985358238220215,283.1075439453125
1396,866662.125,7315.62255859375,-91124.06312900002,0.0003,1016,36783,23.11,144,147236,-3.219423294067383,283.22027587890625
1400,854674.125,10327.9619140625,-91231.27856462,0.0003,1017,36810,23.08,144,147344,0.01558142900466919,283.36212158203125
1404,863288.125,9417.2822265625,-91369.04152719,0.0003,1018,36831,23.26,144,147428,-1.3525468111038208,283.48333740234375
1408,865644.125,10013.6435546875,-91305.80809341,0.0003,1018,36851,23.43,144,147508,0.6868310570716858,283.64642333984375
1412,855593.25,7731.94970703125,-91414.3623223,0.0003,1019,36875,23.69,144,147604,-1.907065749168396,284.06463623046875
1416,859786.9375,9640.1142578125,-91062.08618941001,0.0003,1020,36896,23.64,144,147688,-0.14896491169929504,284.2690124511719
1420,864483.4375,8317.1064453125,-91069.84807881001,0.0003,1020,36921,23.9,144,147788,-0.743354082107544,284.60211181640625
1424,859301.25,8901.24609375,-91422.22706659998,0.0003,1021,36953,24.63,144,147916,-0.6345897316932678,285.2424011230469
1428,880070.125,8866.0810546875,-91349.76069531002,0.0003,1022,36979,24.54,144,148020,0.3664090633392334,286.04315185546875
1432,843081.6875,6372.47314453125,-91751.5388445,0.0003,1023,37004,24.54,144,148120,0.42768430709838867,286.3977355957031
1436,844876.1875,9999.443359375,-92511.910645,0.0003,1023,37025,25.43,144,148204,-0.7353338003158569,286.5268249511719
1440,857604.25,11280.994140625,-91728.04698728998,0.0003,1024,37048,24.62,144,148296,1.5202255249023438,286.9096374511719
1444,845116.3125,8234.021484375,-91913.10466263,0.0003,1024,37062,24.41,144,148352,0.11525365710258484,287.1282043457031
1448,855528.9375,10485.73828125,-91131.38422732998,0.0003,1025,37083,23.9,144,148436,0.3515070676803589,287.2840576171875
1452,848537.9375,8616.037109375,-90917.28200672999,0.0003,1026,37099,23.56,144,148500,-0.9348819255828857,287.3276062011719
1456,846408.9375,6402.75537109375,-90782.55336870998,0.0003,1027,37153,23.66,144,148716,3.2706823348999023,287.9584045410156
1460,844213.375,8554.6748046875,-90715.95537646003,0.0003,1028,37175,23.71,144,148804,2.0727157592773438,288.1890563964844
1464,848931.4375,15533.8369140625,-91792.28186052,0.0003,1028,37197,24.5,144,148892,-1.2419395446777344,288.59954833984375
1468,839525.5,11695.3017578125,-91967.00775833002,0.0003,1029,37216,24.95,144,148968,-2.3529012203216553,289.0621643066406
1472,822685.875,6324.7001953125,-92217.98135202001,0.0003,1030,37244,24.72,144,149080,-2.62701678276062,289.7771301269531
1476,853414.375,8953.876953125,-92384.82957198004,0.0003,1030,37262,24.8,144,149152,-1.2887238264083862,289.9749450683594
1480,849223.875,8698.5380859375,-91447.40032675,0.0003,1031,37288,24.42,144,149256,4.6904449462890625,289.8491516113281
1484,836224.875,9199.8330078125,-91101.54099125,0.0003,1032,37315,24.81,144,149364,0.4188269376754761,289.74468994140625
1488,840149.0,14348.9912109375,-91125.38938616002,0.0003,1033,37343,24.78,144,149476,-0.7107139825820923,289.80133056640625
1492,850830.4375,8631.1494140625,-91039.13430859002,0.0003,1034,37371,25.13,144,149588,2.0002334117889404,289.98919677734375
1496,846089.25,7968.30126953125,-90773.53022439001,0.0003,1034,37401,24.75,144,149708,-0.485189825296402,289.5086669921875
1500,837098.25,12941.5458984375,-90024.52723995002,0.0003,1035,37429,24.63,144,149820,0.6248431205749512,289.2491149902344
1504,835785.1875,8591.2001953125,-90300.02573175,0.0003,1036,37450,24.34,144,149904,-0.8584545850753784,289.162353515625
1508,830111.75,7266.638671875,-91072.15138220001,0.0003,1037,37482,25.31,144,150032,-0.8677574396133423,288.8707580566406
1512,833812.25,10589.0712890625,-91013.66550394002,0.0003,1037,37509,25.09,144,150140,-0.6191434860229492,288.65045166015625
1516,840394.4375,7641.0107421875,-90897.12580504,0.0003,1038,37534,25.53,144,150240,-1.0717331171035767,288.94720458984375
1520,828034.8125,8134.5263671875,-91335.44900900999,0.0003,1039,37570,25.91,144,150384,-1.0007004737854004,289.3584899902344
1524,823685.9375,11544.55078125,-91270.74655102,0.0003,1040,37593,25.88,144,150476,-0.24225583672523499,289.6119384765625
1528,825665.4375,12796.87890625,-91397.97818836,0.0003,1041,37615,25.75,144,150564,1.4811310768127441,290.0950012207031
1532,822238.6875,8792.0654296875,-90973.15926645997,0.0003,1041,37639,26.06,144,150660,0.40728479623794556,290.2982482910156
1536,823257.5,9431.7568359375,-90595.39217683,0.0003,1042,37667,25.74,144,150772,-0.5663808584213257,290.3748474121094
1540,830515.9375,9455.2734375,-90827.27879242999,0.0003,1043,37691,25.86,144,150868,2.1267778873443604,290.6553649902344
1544,811074.875,6393.3359375,-90963.11370972,0.0003,1043,37719,26.0,144,150980,-0.542086660861969,290.2729187011719
1548,828919.3125,10358.1396484375,-91238.25971665,0.0003,1044,37748,26.27,144,151096,-1.9329135417938232,290.53118896484375
1552,818960.3125,8444.0908203125,-91416.78960394,0.0003,1045,37775,26.54,144,151204,1.4711623191833496,290.9734802246094
1556,808805.875,6345.99658203125,-90837.25442994,0.0003,1046,37799,26.37,144,151300,1.440673589706421,291.0060729980469
1560,810993.9375,9137.5732421875,-90924.78839784999,0.0003,1046,37815,26.16,144,151364,-3.0277843475341797,291.0259094238281
1564,814236.75,10067.779296875,-89763.15551599998,0.0003,1047,37844,25.44,144,151480,-0.016026318073272705,291.3236083984375
1568,812828.25,9504.021484375,-90766.89280674001,0.0003,1048,37869,26.03,144,151580,2.684990882873535,291.2020568847656
1572,807942.3125,7503.1533203125,-90848.38419048002,0.0003,1048,37888,26.08,144,151656,-0.5951844453811646,290.9577941894531
1576,800984.875,9906.650390625,-90572.75691897998,0.0003,1049,37915,26.28,144,151764,-1.8744816780090332,291.20306396484375
1580,815781.1875,8676.8212890625,-90761.52104795999,0.0003,1050,37943,26.29,144,151876,1.9872188568115234,291.38763427734375
1584,783388.875,8648.056640625,-90756.82613513999,0.0003,1051,37983,25.89,144,152036,0.10405772924423218,291.9541015625
1588,798999.9375,8615.6494140625,-91672.02784795001,0.0003,1052,38020,27.14,144,152184,0.3743903934955597,292.46868896484375
1592,785036.75,6544.490234375,-92208.17929151001,0.0003,1052,38042,26.97,144,152272,0.014252424240112305,292.91180419921875
1596,812262.0625,7603.017578125,-92242.08159092,0.0003,1054,38081,26.56,144,152428,0.7304192185401917,293.7315673828125
1600,803757.25,10424.509765625,-93330.00479620001,0.0003,1055,38117,26.99,144,152572,0.7299426794052124,294.1907958984375
1604,796092.0,7309.35302734375,-93406.65149858,0.0003,1055,38140,27.87,144,152664,-0.0567859411239624,294.4662780761719
1608,781849.8125,8291.6025390625,-93011.41013665003,0.0003,1057,38198,27.38,144,152896,0.1323869228363037,294.04351806640625
1612,796408.0,6577.4912109375,-93639.98807212999,0.0003,1058,38225,28.93,144,153004,2.0374393463134766,293.8037109375
1616,779808.4375,8778.591796875,-94328.28558242999,0.0003,1059,38261,28.63,144,153148,0.08744943141937256,293.6658935546875
1620,791620.5,9909.3779296875,-94245.33200521999,0.0003,1059,38287,28.65,144,153252,1.8591963052749634,293.577392578125
1624,772439.75,9922.4697265625,-94030.85536508,0.0003,1060,38320,28.43,144,153384,0.7043431997299194,293.4003601074219
1628,777614.125,8649.009765625,-94239.26001436003,0.0003,1061,38349,28.95,144,153500,-0.0659075379371643,293.351806640625
1632,779993.125,12026.63671875,-95081.37107936,0.0003,1063,38412,29.67,144,153752,0.8866641521453857,293.8236083984375
1636,777895.1875,7345.00537109375,-95056.31914030001,0.0003,1064,38438,29.89,144,153856,0.5211225748062134,293.8824462890625
1640,780360.75,9597.205078125,-95025.68173456,0.0003,1065,38466,29.87,144,153968,0.091513991355896,293.8039855957031
1644,764603.125,8197.783203125,-95976.19521258,0.0003,1065,38492,31.15,144,154072,-0.892560601234436,294.24395751953125
1648,763817.125,8137.81494140625,-96777.32532920002,0.0003,1067,38534,31.42,144,154240,-3.2006874084472656,294.3229675292969
1652,775391.25,9095.9296875,-97183.55396760002,0.0003,1068,38561,31.7,144,154348,-0.42458391189575195,294.5811462402344
1656,770298.5,10254.2109375,-97714.10220332,0.0003,1068,38591,31.66,144,154468,0.05379030108451843,294.4045104980469
1660,765120.875,8537.798828125,-99127.95799678996,0.0003,1070,38641,32.72,144,154668,1.9557790756225586,294.01055908203125
1664,771081.875,11876.833984375,-100344.65699174002,0.0003,1070,38660,33.35,144,154744,1.7948863506317139,293.8632507324219
1668,770242.875,9447.3076171875,-99705.51567387002,0.0003,1071,38685,32.75,144,154844,-0.495694637298584,293.798828125
1672,766179.875,10792.123046875,-99423.08851956,0.0003,1072,38723,32.96,144,154996,-2.8148131370544434,293.7716369628906
1676,757807.125,11057.0927734375,-99999.09887516998,0.0003,1073,38766,33.09,144,155168,2.042574644088745,293.7503356933594
1680,764158.375,7537.01123046875,-101280.99640481001,0.0003,1074,38793,33.99,144,155276,1.2990782260894775,293.48040771484375
1684,755301.75,11400.337890625,-101961.31794792999,0.0003,1075,38815,33.78,144,155364,-3.8459672927856445,293.3306884765625
1688,740934.75,9726.642578125,-101505.15185775001,0.0003,1076,38843,32.87,144,155476,-2.4990921020507812,293.2230224609375
1692,747949.125,13059.720703125,-101751.81331479998,0.0003,1077,38883,33.08,144,155636,2.1643099784851074,293.3403625488281
1696,757474.75,10359.259765625,-103367.82719831001,0.0003,1078,38923,34.23,144,155796,-0.020551085472106934,293.115234375
1700,746719.25,9216.9150390625,-102908.85770459002,0.0003,1079,38948,33.86,144,155896,0.675546407699585,292.9777526855469
1704,734232.0,8987.337890625,-103170.37276931,0.0003,1080,38984,33.42,144,156040,-1.3063228130340576,292.36578369140625
1708,750621.25,7185.10595703125,-104339.15151042001,0.0003,1081,39021,34.02,144,156188,-1.5421899557113647,292.07818603515625
1712,752477.1875,9608.95703125,-104414.98735421998,0.0003,1081,39040,32.9,144,156264,-1.627463698387146,292.037109375
1716,741201.875,8514.154296875,-103991.86518340999,0.0003,1082,39072,32.72,144,156392,0.9871184229850769,291.78558349609375
1720,746139.875,9672.7626953125,-105103.94295586,0.0003,1083,39108,32.48,144,156536,1.015608787536621,291.6801452636719
1724,722850.875,9225.4638671875,-105971.29252685001,0.0003,1084,39153,32.62,144,156716,-1.2296804189682007,292.02886962890625
1728,755043.125,7538.85595703125,-107305.30397031002,0.0003,1085,39179,33.4,144,156820,-0.23473656177520752,292.06927490234375
1732,711266.125,8080.3740234375,-107548.12489182001,0.0003,1086,39200,32.59,144,156904,0.03597038984298706,291.9083251953125
1736,733209.875,10061.30078125,-108370.94966024999,0.0003,1086,39225,32.16,144,157004,-1.9357703924179077,291.675537109375
1740,734939.3125,9327.291015625,-109119.68178653,0.0003,1087,39258,32.68,144,157136,0.1859515905380249,291.54248046875
1744,749303.125,8273.380859375,-109476.02309364997,0.0003,1088,39283,31.78,144,157236,1.1074986457824707,291.6239318847656
1748,737988.5,13054.1337890625,-109166.38154672999,0.0003,1089,39304,31.24,144,157320,0.7580480575561523,291.79364013671875
1752,736778.6875,9904.611328125,-109066.31026276,0.0003,1089,39327,30.88,144,157412,-0.6430784463882446,291.6588439941406
1756,726384.5,12181.85546875,-109393.46547406001,0.0003,1090,39360,30.65,144,157544,3.607699394226074,291.5908508300781
1760,736869.1875,7176.2158203125,-108573.32704559,0.0003,1091,39395,30.46,144,157684,0.5487136840820312,291.7601013183594
1764,724816.9375,10092.255859375,-107940.63357393003,0.0003,1093,39436,30.25,144,157848,-0.9234036207199097,291.7137756347656
1768,721940.5,10391.712890625,-108475.13148866003,0.0003,1094,39484,30.88,144,158040,0.7353786826133728,291.722412109375
1772,737569.8125,9948.642578125,-109172.19271757001,0.0003,1095,39513,31.03,144,158156,-2.0630640983581543,291.4715881347656
1776,727750.9375,10342.2734375,-111672.96371607002,0.0003,1096,39567,31.98,144,158372,-3.786261558532715,291.16680908203125
1780,722343.875,8316.31640625,-111919.61528745001,0.0003,1098,39611,32.09,144,158548,0.9536928534507751,290.51361083984375
1784,706700.4375,8880.0615234375,-111562.01172867004,0.0003,1099,39648,32.51,144,158696,3.3608388900756836,289.5645751953125
1788,720184.375,9652.60546875,-112141.41006086,0.0003,1099,39674,33.31,144,158800,0.012234732508659363,288.76043701171875
1792,715034.875,10670.74609375,-112267.43178207999,0.0003,1101,39722,33.37,144,158992,1.1250882148742676,287.70574951171875
1796,701367.25,10154.3359375,-112083.70946327,0.0003,1102,39769,33.31,144,159180,-2.609248161315918,286.4437561035156
1800,723603.75,8655.1181640625,-112538.75605165999,0.0003,1103,39791,33.86,144,159268,1.5430506467819214,285.8136901855469
1804,704051.75,10336.8525390625,-112366.57240692998,0.0003,1104,39819,33.68,144,159380,0.9409822821617126,285.1737365722656
1808,696405.375,12007.17578125,-111062.85127757002,0.0003,1104,39843,32.94,144,159476,0.6501297354698181,284.8362731933594
1812,675697.25,7245.15771484375,-110730.729607,0.0003,1105,39869,33.19,144,159580,-2.064812421798706,284.39794921875
1816,701139.625,9477.640625,-111034.15906772,0.0003,1106,39913,33.26,144,159756,-4.020025253295898,283.93328857421875
1820,706941.5625,7869.431640625,-110971.12025391002,0.0003,1107,39940,33.22,144,159864,-2.3638157844543457,283.62274169921875
1824,697573.375,8833.3779296875,-111372.25380089002,0.0003,1108,39973,33.68,144,159996,-0.2747673988342285,283.4573974609375
1828,697585.6875,7908.3037109375,-110641.06678807002,0.0003,1109,39996,32.72,144,160088,0.7525540590286255,283.51226806640625
1832,695214.1875,9029.5791015625,-110095.63672393,0.0003,1109,40019,32.68,144,160180,1.2930219173431396,283.1819152832031
1836,680224.625,8998.66796875,-110210.34283692,0.0003,1110,40043,32.72,144,160276,-2.2634685039520264,282.155517578125
1840,692856.5,8643.0625,-110143.53270902,0.0003,1111,40065,32.26,144,160364,1.469313144683838,281.7991943359375
1844,690924.875,9281.24609375,-109391.48276156999,0.0003,1111,40090,32.21,144,160464,-0.7651591300964355,281.26947021484375
1848,682294.4375,9553.7578125,-110201.87259629002,0.0003,1113,40138,32.78,144,160656,-0.9880953431129456,280.25067138671875
1852,691021.1875,11122.427734375,-111093.74373997998,0.0003,1114,40165,33.34,144,160764,0.6101592779159546,279.4952087402344
1856,691623.375,9411.4990234375,-112326.46876916001,0.0003,1115,40220,34.29,144,160984,-1.9262776374816895,278.4258728027344
1860,708449.75,8756.2373046875,-112106.82694567999,0.0003,1116,40247,34.19,144,161092,-2.2842204570770264,278.23779296875
1864,691987.375,9985.7626953125,-112459.8151815,0.0003,1117,40273,34.02,144,161196,-2.477375030517578,277.7715759277344
1868,652641.25,9080.04296875,-112818.36986557998,0.0003,1118,40319,33.93,144,161380,-0.42993730306625366,277.24334716796875
1872,682581.1875,7811.70458984375,-111487.47338278999,0.0003,1119,40353,33.41,144,161516,1.464094877243042,277.06427001953125
1876,687796.25,9620.6484375,-111491.51085647,0.0003,1120,40377,33.15,144,161612,-0.9626471400260925,276.6237487792969
1880,665548.0,9203.6416015625,-110979.23170689002,0.0003,1121,40425,32.74,144,161804,-0.3910650908946991,276.21514892578125
1884,671530.875,10853.9619140625,-111494.23389803,0.0003,1122,40446,32.8,144,161888,1.3097941875457764,275.9307861328125
1888,684812.5625,11573.57421875,-110656.36456763,0.0003,1123,40469,32.09,144,161980,-2.4827938079833984,275.6090393066406
1892,660069.125,8928.75,-110866.39426626998,0.0003,1124,40506,31.71,144,162128,-2.771749496459961,275.1777648925781
1896,671233.0,7920.72802734375,-110940.63042720998,0.0003,1124,40526,31.64,144,162208,-1.221090316772461,274.9248962402344
1900,666500.875,7073.68798828125,-110034.15939347,0.0003,1125,40561,30.48,144,162348,-3.2197704315185547,274.0419616699219
1904,647174.6875,7916.2958984375,-109730.34007567001,0.0003,1126,40598,30.32,144,162496,-1.8346246480941772,273.8209533691406
1908,658403.3125,10690.376953125,-110330.14512510998,0.0003,1127,40623,30.99,144,162596,-1.3854901790618896,273.7098693847656
1912,656019.9375,8792.244140625,-110146.59165558,0.0003,1128,40654,30.73,144,162720,2.047731876373291,273.345947265625
1916,653067.6875,7911.97216796875,-112063.15885446999,0.0003,1129,40689,31.69,144,162860,-1.3691294193267822,272.7548828125
1920,667409.5,7285.81396484375,-111047.98757894998,0.0003,1130,40722,31.59,144,162992,2.770719051361084,272.0695495605469
1924,676664.0625,11325.5634765625,-110802.65926748999,0.0003,1131,40766,31.26,144,163168,0.9198035001754761,271.4090881347656
1928,648003.125,7608.0263671875,-110724.78556937998,0.0003,1132,40807,32.13,144,163332,-1.851430892944336,270.55072021484375
1932,663711.125,11064.2158203125,-111169.43969009999,0.0003,1133,40840,32.34,144,163464,-1.8297600746154785,269.7749328613281
1936,649217.5,10718.765625,-111217.49919331,0.0003,1135,40892,33.18,144,163672,2.6057238578796387,268.98895263671875
1940,640935.0,9929.1787109375,-111328.07328224002,0.0003,1136,40929,33.43,144,163820,0.13140356540679932,268.10308837890625
1944,654378.625,8550.5966796875,-112367.46063422001,0.0003,1137,40973,34.69,144,163996,-1.2588610649108887,267.17694091796875
1948,642232.0,8637.6328125,-111926.21665989999,0.0003,1138,41015,34.91,144,164164,3.364908456802368,266.15802001953125
1952,640097.5,8076.73046875,-111651.93213877999,0.0003,1139,41038,34.84,144,164256,1.6613528728485107,265.7806091308594
1956,639327.375,9057.00390625,-110359.18347191,0.0003,1139,41064,34.24,144,164360,-1.2024487257003784,265.430908203125
1960,646060.0625,6415.015625,-110696.43448285,0.0003,1141,41101,33.71,144,164508,0.6334707736968994,264.93359375
1964,646790.1875,7174.70361328125,-110757.37452175001,0.0003,1142,41137,34.16,144,164652,-2.0130913257598877,264.4656982421875
1968,635203.9375,8742.22265625,-111612.46488185001,0.0003,1142,41168,34.25,144,164776,0.4813946485519409,264.3551330566406
1972,638483.625,7161.27685546875,-112091.93164451,0.0003,1144,41209,33.45,144,164940,0.21317565441131592,264.2168884277344
1976,621219.125,10184.771484375,-111942.91072992001,0.0003,1145,41250,34.84,144,165104,1.1680124998092651,263.73944091796875
1980,643400.0,8292.6162109375,-111592.83804112999,0.0003,1145,41278,34.49,144,165216,2.764477014541626,263.5293884277344
1984,619738.0,9961.4833984375,-113549.43733039004,0.0003,1147,41326,34.87,144,165408,-1.8482493162155151,262.541015625
1988,639836.0,8627.95703125,-115083.15838718002,0.0003,1148,41346,35.08,144,165488,-0.8458060026168823,262.1026306152344
1992,641505.125,8796.9072265625,-116446.67849302999,0.0003,1148,41377,35.06,144,165612,-3.1465396881103516,261.2840270996094
1996,617971.875,8433.1689453125,-117676.93568543001,0.0003,1149,41415,35.26,144,165764,1.3515009880065918,260.6355895996094
2000,634096.625,7757.22900390625,-119212.74733555998,0.0003,1150,41440,35.17,144,165864,1.1671888828277588,260.0123291015625
2004,610814.6875,10434.6923828125,-120603.50972715,0.0003,1151,41463,35.33,144,165956,1.6240543127059937,259.4555969238281
2008,624576.0,9892.0849609375,-121823.80312433999,0.0003,1152,41490,34.72,144,166064,-0.048055484890937805,258.98687744140625
2012,635814.625,9902.6875,-124053.24033052001,0.0003,1153,41524,34.95,144,166200,-2.1069908142089844,258.4076232910156
2016,609549.625,13540.9248046875,-125069.26479864001,0.0003,1154,41559,34.6,144,166340,3.068856716156006,258.2843017578125
2020,604626.0,7690.57568359375,-126542.77706883999,0.0003,1155,41600,34.76,144,166504,-1.8200528621673584,257.44708251953125
2024,620345.0625,8455.44140625,-127763.55956017,0.0003,1156,41633,34.88,144,166636,2.088761806488037,256.88201904296875
2028,622293.125,10512.4990234375,-129639.00613216,0.0003,1157,41672,34.5,144,166792,-0.8819789886474609,256.966552734375
2032,619649.125,8450.6591796875,-132813.39053867,0.0003,1158,41705,35.06,144,166924,-1.9136292934417725,256.8594665527344
2036,627418.375,7869.7158203125,-133634.39764814,0.0003,1158,41735,34.49,144,167044,-0.45850539207458496,256.6011657714844
2040,620073.1875,9714.29296875,-134750.39153996,0.0003,1159,41753,34.27,144,167116,0.6914072632789612,256.2729797363281
2044,604077.75,7312.17919921875,-134579.10411582998,0.0003,1160,41779,32.81,144,167220,-2.117072582244873,256.0333251953125
2048,600698.875,8208.9267578125,-137322.47449882003,0.0003,1161,41826,32.67,144,167408,2.6401329040527344,255.6844024658203
2052,611798.875,9356.255859375,-139396.5735298,0.0003,1162,41863,32.67,144,167556,0.9376227259635925,255.3284149169922
2056,601797.375,7504.91845703125,-141384.90324192998,0.0003,1163,41891,32.77,144,167668,0.3682205379009247,255.26268005371094
2060,590929.4375,10197.0009765625,-142209.12672839,0.0003,1163,41913,32.85,144,167756,-1.6692034006118774,255.37904357910156
2064,604921.375,8731.435546875,-143045.84629489,0.0003,1164,41936,32.18,144,167848,2.9992547035217285,255.09524536132812
2068,612171.125,7539.39501953125,-145459.02142035,0.0003,1165,41975,32.1,144,168004,1.8243870735168457,254.91249084472656
2072,609032.375,8156.4677734375,-148292.46601764,0.0003,1166,42007,32.71,144,168132,2.9824447631835938,254.7679901123047
2076,611804.875,9095.37890625,-149191.18934402,0.0003,1167,42048,31.85,144,168296,2.0634665489196777,254.41787719726562
2080,606721.4375,9210.16796875,-153339.54270425002,0.0003,1169,42108,32.52,144,168536,-2.451014995574951,253.7996826171875
2084,591760.9375,8857.779296875,-154160.18720992998,0.0003,1169,42132,32.51,144,168632,-2.715085506439209,253.57008361816406
2088,608884.875,6510.3896484375,-154003.31737606,0.0003,1171,42168,31.98,144,168776,0.3573865294456482,253.71714782714844
2092,595800.5,8515.5107421875,-153687.15529681998,0.0003,1172,42203,32.34,144,168916,2.972052812576294,253.57974243164062
2096,588179.5,8781.46484375,-155366.35825935,0.0003,1173,42230,32.54,144,169024,2.0019607543945312,253.1715087890625
2100,588609.25,8109.873046875,-158203.21827277,0.0003,1174,42288,33.78,144,169256,-1.2539405822753906,252.6148681640625
2104,591230.625,13200.6650390625,-159678.00902052,0.0003,1175,42311,33.93,144,169348,1.2423354387283325,252.44256591796875
2108,587585.8125,7276.52734375,-160415.32788287,0.0003,1175,42328,33.84,144,169416,-1.2932312488555908,252.1739044189453
2112,602696.3125,10194.150390625,-160162.15220113003,0.0003,1176,42359,33.27,144,169540,-1.2088217735290527,251.5150909423828
2116,567091.1875,6810.40087890625,-159064.62989375004,0.0003,1177,42391,32.88,144,169668,-1.0966020822525024,250.79115295410156
2120,602718.625,7678.8583984375,-161027.34141274,0.0003,1178,42428,33.37,144,169816,1.5487645864486694,249.7982940673828
2124,565649.875,7384.890625,-160633.34530961,0.0003,1179,42449,32.97,144,169900,-3.2219338417053223,249.27687072753906
2128,576606.5,7688.49658203125,-161229.38182217,0.0003,1180,42480,32.51,144,170024,0.22765246033668518,248.9034423828125
2132,593119.625,10438.169921875,-160466.06825651,0.0003,1180,42501,31.72,144,170108,-2.494894504547119,248.7162322998047
2136,584786.9375,8665.0927734375,-159613.99880358,0.0003,1181,42527,31.4,144,170212,-3.687932014465332,248.42950439453125
2140,583554.375,7787.55517578125,-160016.73468047,0.0003,1182,42557,31.67,144,170332,0.44985073804855347,248.22784423828125
2144,582378.125,8478.1259765625,-160853.04730199,0.0003,1183,42585,32.07,144,170444,2.3120803833007812,248.04541015625
2148,589691.0,7240.591796875,-160546.68049575,0.0003,1183,42608,31.56,144,170536,-3.0676212310791016,247.92514038085938
2152,577674.375,7400.193359375,-160633.77460211,0.0003,1184,42641,31.29,144,170668,1.466615080833435,247.8895721435547
2156,590147.875,7479.52001953125,-161756.57518078,0.0003,1185,42674,31.37,144,170800,0.1492505669593811,247.4673614501953
2160,578333.875,9077.794921875,-161650.17084098,0.0003,1186,42697,31.34,144,170892,2.205703020095825,247.08250427246094
2164,560055.4375,6787.88427734375,-162501.12916058,0.0003,1187,42717,31.65,144,170972,2.457934617996216,246.9789581298828
2168,563642.625,6823.634765625,-161625.51784500002,0.0003,1188,42752,31.07,144,171112,-0.21520864963531494,246.5587615966797
2172,562626.0,8798.6728515625,-160784.90977056,0.0003,1188,42779,30.87,144,171220,0.17946475744247437,246.39891052246094
2176,558336.375,11294.1943359375,-161332.81508597,0.0003,1189,42800,30.6,144,171304,-1.1639430522918701,246.2014923095703
2180,556654.5,9730.1875,-159153.40003854,0.0003,1190,42850,29.91,144,171504,-3.369314432144165,246.57850646972656
2184,569825.75,9433.23828125,-158061.81512067997,0.0003,1191,42871,29.07,144,171588,2.570387840270996,246.52525329589844
2188,554028.375,9353.0771484375,-161205.34840569002,0.0003,1192,42906,29.81,144,171728,1.8933597803115845,246.2087860107422
2192,552776.125,6536.58251953125,-162851.71173753,0.0003,1193,42940,29.92,143,171864,2.1365816593170166,245.97525024414062
2196,561030.375,9202.9423828125,-161945.88397568997,0.0003,1194,42966,29.61,143,171968,2.453212261199951,245.84579467773438
2200,554947.125,7362.826171875,-159387.75552266,0.0003,1195,42996,28.42,143,172088,-3.498462438583374,245.40951538085938
2204,547089.5,8624.12890625,-160189.39291663,0.0003,1196,43036,28.87,143,172248,2.1410553455352783,245.51028442382812
2208,555024.0,6136.5068359375,-159078.74282778997,0.0003,1196,43049,28.86,143,172300,0.2364385724067688,245.3494873046875
2212,570071.25,7266.5908203125,-158367.59150449,0.0003,1197,43079,28.91,143,172420,-2.330393075942993,245.12705993652344
2216,554931.0,8275.4599609375,-159731.48504554998,0.0003,1198,43116,29.34,143,172568,-1.5488659143447876,244.82276916503906
2220,546411.4375,8566.3740234375,-158807.58540686,0.0003,1199,43148,29.07,143,172696,-0.2333729863166809,244.75997924804688
2224,553077.4375,8039.68359375,-160351.67870518,0.0003,1200,43177,29.28,143,172812,0.9470689296722412,244.6547088623047
2228,562223.375,9737.6171875,-159322.07384252,0.0003,1201,43220,29.53,143,172984,0.6960910558700562,244.57611083984375
2232,557364.375,8455.79296875,-158860.22382284002,0.0003,1202,43243,29.56,143,173076,3.0691778659820557,244.7738494873047
2236,542416.0,8535.287109375,-158124.40146241002,0.0003,1202,43267,29.89,143,173172,-1.7694189548492432,244.60060119628906
2240,539008.125,7798.42529296875,-158475.26199706,0.0003,1204,43314,29.9,143,173360,2.0717506408691406,244.7138671875
2244,543770.375,7421.716796875,-157850.39055826998,0.0003,1205,43350,29.93,143,173504,0.45487502217292786,244.65414428710938
2248,541963.875,7945.9287109375,-159800.24035786002,0.0003,1206,43380,30.8,143,173624,-2.102221727371216,244.501708984375
2252,546776.1875,8260.7197265625,-158980.08095993,0.0003,1207,43417,30.86,143,173772,-1.8677408695220947,244.09085083007812
2256,542427.375,6524.03564453125,-159360.03733264998,0.0003,1208,43446,30.94,143,173888,0.9671252369880676,243.9234161376953
2260,546194.25,8845.7607421875,-160730.21038242002,0.0003,1209,43479,31.24,143,174020,-2.5500659942626953,243.89480590820312
2264,547598.4375,8781.6142578125,-160443.87052158,0.0003,1210,43520,31.41,143,174184,0.6764546036720276,243.89830017089844
2268,543477.375,8998.474609375,-161465.13626675998,0.0003,1210,43550,32.37,143,174304,-1.1322916746139526,243.64431762695312
2272,548624.75,6272.8876953125,-161000.81917106,0.0003,1212,43593,32.46,143,174476,-0.4629093110561371,243.6333770751953
2276,538496.1875,8842.06640625,-161543.67686157004,0.0003,1213,43635,32.71,143,174644,-1.4299089908599854,243.51026916503906
2280,552756.8125,8302.173828125,-162442.65452714,0.0003,1214,43672,33.19,143,174792,0.3843127489089966,243.4616241455078
2284,525697.875,8591.400390625,-160112.28897803,0.0003,1215,43717,32.8,143,174972,2.7601442337036133,242.92367553710938
2288,523691.46875,8884.8037109375,-160402.52760397998,0.0003,1216,43735,33.64,143,175044,1.7038654088974,242.71595764160156
2292,534937.75,7779.0732421875,-158220.68365863003,0.0003,1217,43759,33.27,143,175140,0.4478042423725128,242.55628967285156
2296,521573.1875,7536.2880859375,-156026.62434801,0.0003,1217,43794,33.14,143,175280,-0.06281471252441406,242.38990783691406
2300,539651.0625,7665.55517578125,-155448.77954432002,0.0003,1218,43828,33.37,143,175416,2.4121880531311035,242.19639587402344
2304,528046.5,8406.53125,-153175.19896910002,0.0003,1219,43854,32.94,143,175520,-1.5118824243545532,241.9086456298828
2308,534545.5,10038.2666015625,-155011.2423165,0.0003,1220,43891,33.27,143,175668,0.42465221881866455,241.95144653320312
2312,526675.375,9362.1298828125,-155208.56388578,0.0003,1221,43923,33.87,143,175796,0.06389403343200684,241.88650512695312
2316,502507.125,6455.7060546875,-156490.90074258,0.0003,1223,43985,34.45,143,176044,0.23233044147491455,241.4070587158203
2320,515170.6875,7483.72802734375,-155447.24449108,0.0003,1224,44010,34.37,143,176144,-0.720778226852417,241.4196014404297
2324,534007.3125,8307.0087890625,-155613.54859162998,0.0003,1226,44082,35.47,143,176432,-1.2252527475357056,241.1602783203125
2328,523676.65625,6505.23046875,-154075.03983516002,0.0003,1227,44117,34.62,143,176572,0.1440182328224182,241.20950317382812
2332,533435.1875,6425.5546875,-157173.07729575998,0.0003,1228,44163,36.55,143,176756,-1.5539395809173584,241.0189971923828
2336,501929.25,7391.41748046875,-159374.34025731,0.0003,1229,44191,36.78,143,176868,-2.2728018760681152,241.11483764648438
2340,515748.25,8594.8349609375,-158656.88372173003,0.0003,1229,44208,36.68,143,176936,2.3554391860961914,241.19638061523438
2344,505254.84375,7229.30517578125,-157863.73940689,0.0003,1231,44252,36.44,143,177112,-1.4161510467529297,240.6812286376953
2348,509891.6875,9709.3388671875,-155090.34190648998,0.0003,1232,44294,35.57,143,177280,1.8040430545806885,240.7444610595703
2352,511334.5625,8324.486328125,-154950.05622712,0.0003,1232,44316,35.67,143,177368,0.3795701563358307,240.5004119873047
2356,513603.4375,6308.341796875,-152363.59678822002,0.0003,1233,44344,34.88,143,177480,-0.5915814638137817,240.35609436035156
2360,520528.09375,6981.96484375,-155103.87863887,0.0003,1234,44367,35.66,143,177572,-4.201843738555908,240.30853271484375
2364,522896.59375,7497.0869140625,-155110.86843971,0.0003,1235,44393,35.36,143,177676,-0.1344945728778839,240.2923583984375
2368,509842.375,8920.791015625,-152189.24376643,0.0003,1235,44426,34.69,143,177808,-0.7192562818527222,240.2004852294922
2372,505278.0,7157.64208984375,-153891.81688639,0.0003,1236,44454,34.85,143,177920,1.3018287420272827,240.0378875732422
2376,514865.78125,8051.5888671875,-151853.44240638,0.0003,1237,44489,34.29,143,178060,2.4103832244873047,239.68299865722656
2380,500141.9375,7601.525390625,-150954.54727816998,0.0003,1239,44531,33.96,143,178228,1.1774840354919434,238.81129455566406
2384,512473.53125,9354.2900390625,-155486.29202686998,0.0003,1240,44589,35.86,143,178460,-2.015787124633789,238.11619567871094
2388,507209.25,8478.6181640625,-155059.28204385002,0.0003,1241,44624,35.3,143,178600,0.8082540035247803,237.8531494140625
2392,507162.3125,6275.7255859375,-156101.94015632,0.0003,1242,44669,35.61,143,178780,-2.15604305267334,237.3636932373047
2396,501937.0,8383.5947265625,-159292.6229435,0.0003,1243,44686,35.87,143,178848,-2.406057357788086,237.25686645507812
2400,503033.0625,8031.509765625,-159709.38152289,0.0003,1244,44720,35.45,143,178984,-0.7484399676322937,236.9417724609375
2404,502240.28125,9090.28125,-161476.08298110001,0.0003,1246,44770,36.13,143,179184,-0.15180853009223938,237.06800842285156
2408,501781.84375,6544.42724609375,-165280.75496389,0.0003,1247,44825,36.87,143,179404,0.6104387640953064,236.991943359375
2412,514571.8125,7964.1923828125,-169249.14421828,0.0003,1248,44875,37.75,143,179604,-0.2658195495605469,237.12612915039062
2416,494308.875,7476.93212890625,-168989.03548005,0.0003,1249,44911,37.22,143,179748,-0.45847249031066895,236.6812744140625
2420,486489.5,7406.3759765625,-171083.81191785,0.0003,1252,44979,38.14,143,180020,-3.16041898727417,236.4488983154297
2424,491636.34375,8737.3603515625,-172102.28053997003,0.0003,1253,45043,37.89,143,180276,2.0045650005340576,236.6415557861328
2428,486244.125,7132.583984375,-175581.30168197997,0.0003,1254,45074,39.51,143,180400,0.6130610704421997,237.0094757080078
2432,486846.375,7610.30029296875,-175385.37626852,0.0003,1256,45121,38.85,143,180588,2.8452024459838867,237.0128631591797
2436,486425.78125,9500.9345703125,-176611.30337964997,0.0003,1258,45193,39.68,143,180876,-2.194080352783203,237.34478759765625
2440,495086.8125,8010.58349609375,-179504.05929671,0.0003,1259,45247,40.91,143,181092,-0.255887508392334,236.89309692382812
2444,496577.40625,6285.53125,-182591.84162861,0.0003,1261,45298,41.81,143,181296,-1.7564139366149902,236.2316131591797
2448,487909.15625,6046.41943359375,-183056.61457608,0.0003,1262,45345,42.38,143,181484,-1.389937400817871,236.46603393554688
2452,493141.1875,8863.462890625,-185746.82403355,0.0003,1263,45377,42.94,143,181612,-1.2482891082763672,236.34507751464844
2456,480475.9375,8757.0205078125,-186104.63271529003,0.0003,1264,45408,43.61,143,181736,1.8621211051940918,236.35455322265625
2460,479792.53125,7389.890625,-184082.94589979,0.0003,1266,45464,43.65,143,181960,1.0026826858520508,236.2399444580078
2464,491632.875,7887.970703125,-184859.56710781,0.0003,1267,45516,44.65,143,182168,3.713399887084961,236.33460998535156
2468,492953.1875,9516.6943359375,-185279.86532111999,0.0003,1269,45570,45.11,143,182384,-1.8435026407241821,235.9793243408203
2472,489682.0625,6790.19189453125,-182883.95238524,0.0003,1270,45612,45.37,143,182552,1.8327401876449585,235.5936737060547
2476,476637.8125,7157.8232421875,-184639.39133887002,0.0003,1271,45645,46.37,143,182684,-0.5240850448608398,235.25914001464844
2480,476158.3125,5920.99609375,-185502.19251742004,0.0003,1273,45696,47.05,143,182888,-1.2183880805969238,234.9747314453125
2484,481628.625,8166.25048828125,-182646.68268669,0.0003,1274,45729,45.62,143,183020,-0.45738738775253296,235.042724609375
2488,483750.9375,6804.61328125,-181697.08112945,0.0003,1274,45760,45.72,143,183144,-0.8205495476722717,234.98492431640625
2492,463786.6875,9352.048828125,-181309.38541527002,0.0003,1276,45799,45.7,143,183300,0.46762344241142273,234.9358367919922
2496,454971.1875,7138.23388671875,-182437.49963894006,0.0003,1277,45866,46.88,143,183568,2.4400634765625,234.7744598388672
2500,472091.0,7929.494140625,-185694.72125204004,0.0003,1279,45917,48.56,143,183772,1.7878854274749756,234.8447723388672
2504,470769.25,6832.77294921875,-184383.50810707003,0.0003,1281,45981,48.52,143,184028,-3.546950340270996,234.1470489501953
2508,446603.125,9224.9306640625,-179892.38802325993,0.0003,1282,46012,47.87,143,184152,2.56292724609375,234.38218688964844
2512,466905.875,7030.53271484375,-173957.67337938995,0.0003,1282,46026,46.76,143,184208,0.338949054479599,234.3151397705078
2516,460711.90625,7003.14990234375,-169707.4022205,0.0003,1283,46051,46.06,143,184308,1.2659235000610352,234.2579345703125
2520,466360.71875,5937.0244140625,-165894.13014201,0.0003,1284,46088,44.63,143,184456,-2.7281033992767334,234.1613311767578
2524,460709.6875,7031.36376953125,-163204.62382613998,0.0003,1285,46128,44.12,143,184616,2.8359410762786865,233.69151306152344
2528,451042.6875,5763.37158203125,-159843.86905367998,0.0003,1286,46161,42.79,143,184748,-0.47295814752578735,233.07965087890625
2532,471190.5625,7716.29052734375,-157343.2746043,0.0003,1287,46190,42.6,143,184864,-1.1796700954437256,233.10311889648438
2536,461357.3125,7619.017578125,-154738.80132230002,0.0003,1287,46222,41.66,143,184992,-1.1097162961959839,232.7987518310547
2540,444031.125,7263.18212890625,-151191.86172422,0.0003,1288,46258,40.94,143,185136,0.49537789821624756,232.9968719482422
2544,443796.875,8838.5205078125,-147512.71666301,0.0003,1289,46291,39.77,143,185268,2.5336945056915283,232.72860717773438
2548,447398.875,8047.91845703125,-146255.01466176,0.0003,1290,46318,39.42,143,185376,1.93994140625,232.59536743164062
2552,443858.625,5715.38427734375,-143485.2787664,0.0003,1291,46367,39.66,143,185572,-0.6725103855133057,232.73471069335938
2556,444601.3125,6954.56640625,-143812.39447364002,0.0003,1293,46414,39.98,143,185760,-3.0576705932617188,233.0138702392578
2560,452545.125,10032.5673828125,-141098.69139872002,0.0003,1294,46460,39.2,143,185944,-1.3194016218185425,233.0117645263672
2564,449822.625,6892.279296875,-139597.20234922,0.0003,1295,46482,39.08,143,186032,-0.8006616234779358,232.87501525878906
2568,454292.0625,6854.7890625,-137904.13664808002,0.0003,1296,46512,38.36,143,186152,-0.5812495946884155,232.6783447265625
2572,447107.71875,5753.439453125,-138652.87134986,0.0003,1297,46560,38.61,143,186344,2.026336669921875,232.78109741210938
2576,445916.09375,10068.162109375,-136950.84883843,0.0003,1298,46610,38.04,143,186544,2.7336740493774414,233.28636169433594
2580,446207.875,6686.283203125,-133848.46150498997,0.0003,1299,46646,37.3,143,186688,-0.48620232939720154,233.14913940429688
2584,447889.34375,7162.07421875,-132002.86242201002,0.0003,1300,46686,38.02,143,186848,-1.0997740030288696,233.63735961914062
2588,462133.6875,9576.5634765625,-131683.87222777004,0.0003,1302,46729,38.06,143,187020,-3.399780750274658,233.57052612304688
2592,432929.125,8113.0185546875,-131513.01053494003,0.0003,1304,46802,38.6,143,187312,-0.7974653244018555,233.7767791748047
2596,444375.28125,7127.73583984375,-131580.45004825998,0.0003,1306,46892,40.17,143,187672,-0.35331034660339355,233.54624938964844
2600,446526.0625,6373.68701171875,-127613.80445995001,0.0003,1308,46934,39.85,143,187840,-2.164243221282959,233.69842529296875
2604,438655.125,6533.84033203125,-127141.23340137002,0.0003,1309,46979,39.9,143,188020,-2.0655517578125,233.5619659423828
2608,425842.375,8508.4404296875,-126831.54131799,0.0003,1310,47033,40.31,143,188236,0.6507841348648071,233.62310791015625
2612,436448.0625,5810.5419921875,-127519.73658623999,0.0003,1312,47076,41.36,143,188408,-0.5961225032806396,233.62767028808594
2616,431360.125,6243.8125,-128200.86945083,0.0003,1313,47130,42.65,143,188624,0.700994074344635,234.1556396484375
2620,432004.09375,6628.751953125,-128528.49453712002,0.0003,1314,47146,43.0,143,188688,0.17138700187206268,234.2533721923828
2624,427213.4375,6400.609375,-127792.76859750999,0.0003,1316,47204,43.22,143,188920,1.2110321521759033,234.89181518554688
2628,427473.8125,6177.72265625,-127570.58815906002,0.0003,1317,47249,43.97,143,189100,4.048070430755615,234.97291564941406
2632,438172.21875,8283.0068359375,-125979.44942526,0.0003,1317,47272,43.36,143,189192,-0.35402846336364746,234.708984375
2636,421283.65625,8377.7216796875,-124624.37183761003,0.0003,1319,47315,43.42,143,189364,2.0690293312072754,234.5645294189453
2640,425852.625,6329.83056640625,-124052.63344676999,0.0003,1321,47378,43.86,143,189616,-1.554975152015686,234.28990173339844
2644,426302.40625,6480.6201171875,-125175.59733109003,0.0003,1321,47410,44.68,143,189744,-0.10183793306350708,234.7176055908203
2648,418906.25,5935.466796875,-123595.78641835,0.0003,1322,47447,44.93,143,189892,-1.0576317310333252,234.55636596679688
2652,424244.34375,9968.65234375,-123189.59490825998,0.0003,1324,47495,45.33,143,190084,2.1820406913757324,234.62796020507812
2656,417585.125,7836.890625,-121323.49092325,0.0003,1325,47533,45.08,143,190236,-1.2868174314498901,234.81106567382812
2660,416570.09375,8349.767578125,-120746.91021119,0.0003,1327,47584,45.3,143,190440,0.19379055500030518,234.88095092773438
2664,418838.0,6826.4287109375,-120331.71111594001,0.0003,1328,47621,45.41,143,190588,1.0026171207427979,234.48291015625
2668,406490.25,7433.86181640625,-121406.06830818,0.0003,1329,47667,46.21,143,190772,0.3488397002220154,234.12103271484375
2672,428333.5625,6296.88623046875,-119394.69327234,0.0003,1330,47717,46.36,143,190972,-0.936002254486084,233.6908416748047
2676,413199.625,6273.9697265625,-118386.45885327,0.0003,1331,47757,46.4,143,191132,0.07056275010108948,234.26531982421875
2680,415906.71875,7170.419921875,-118206.61361115,0.0003,1332,47794,46.2,143,191280,2.064298152923584,234.57493591308594
2684,416748.96875,8385.357421875,-117307.96858764002,0.0003,1333,47821,45.66,143,191388,3.424626350402832,234.40431213378906
2688,417004.28125,6081.8671875,-115915.82652596,0.0003,1334,47858,45.55,143,191536,-0.11177182197570801,234.11155700683594
2692,406796.3125,7082.86865234375,-114417.43958666999,0.0003,1336,47901,45.34,143,191708,-0.712150514125824,233.7050018310547
2696,411894.1875,6108.3310546875,-109735.73456399002,0.0003,1337,47945,42.74,143,191884,0.4330825209617615,233.90890502929688
2700,414060.53125,6529.3681640625,-108992.47148209,0.0003,1338,47974,42.08,143,192000,1.2409355640411377,233.65919494628906
2704,418940.375,8762.2421875,-107249.85103107,0.0003,1339,48002,41.13,143,192112,2.3444314002990723,233.40164184570312
2708,419816.03125,6175.88818359375,-106432.64162563998,0.0003,1340,48070,41.11,143,192384,-0.7737472057342529,233.37847900390625
2712,407298.15625,6670.3173828125,-105984.73123042,0.0003,1341,48104,40.95,143,192520,-3.6545767784118652,233.20516967773438
2716,413567.0625,7038.95068359375,-105507.93334653,0.0003,1342,48135,40.28,143,192644,-3.570815324783325,233.09410095214844
2720,407766.0,6328.0185546875,-105138.93428975,0.0003,1343,48159,40.15,143,192740,-2.738551616668701,233.49758911132812
2724,406571.15625,6702.6806640625,-104523.17043673001,0.0003,1344,48200,39.98,143,192904,0.11638838052749634,233.69374084472656
2728,389520.8125,7370.3681640625,-104965.47601464,0.0003,1345,48242,39.65,143,193072,1.1026906967163086,233.14569091796875
2732,411519.3125,8131.82470703125,-104654.10149541,0.0003,1346,48267,39.69,143,193172,0.6082631349563599,232.9639892578125
2736,395584.15625,7870.6748046875,-104489.93603140001,0.0003,1347,48303,39.5,143,193316,1.9413284063339233,232.641845703125
2740,408082.5625,6507.89501953125,-103777.00082916001,0.0003,1348,48331,38.61,143,193428,-0.4665689468383789,232.65060424804688
2744,394734.28125,6259.25244140625,-103869.95826513,0.0003,1349,48364,38.5,143,193560,0.12080839276313782,232.49502563476562
2748,395257.0625,6423.3984375,-104342.57756203,0.0003,1350,48401,38.28,143,193708,1.9957529306411743,232.30784606933594
2752,415049.5,6085.6708984375,-103266.02533924,0.0003,1351,48428,37.35,143,193816,1.8744359016418457,232.32644653320312
2756,393616.5,6215.669921875,-103289.89705368997,0.0003,1352,48478,37.51,143,194016,-2.2756946086883545,232.07456970214844
2760,396703.96875,6813.4912109375,-103699.18555517,0.0003,1353,48515,37.53,143,194164,0.6393115520477295,232.00428771972656
2764,403091.1875,7977.1689453125,-103137.715116,0.0003,1354,48536,37.01,143,194248,-0.5321031808853149,231.7547607421875
2768,383730.3125,7469.3251953125,-102542.05814303999,0.0003,1355,48586,36.75,143,194448,-0.8570132255554199,231.64083862304688
2772,385649.75,6258.1064453125,-102027.32060257,0.0003,1357,48636,36.39,143,194648,1.5147677659988403,231.9252166748047
2776,391098.71875,6167.1279296875,-102158.90883267,0.0003,1358,48663,36.25,143,194756,-3.1304335594177246,232.15557861328125
2780,384169.71875,7670.5009765625,-102167.17921715001,0.0003,1358,48687,36.39,143,194852,-1.0985126495361328,232.48814392089844
2784,386948.4375,7951.880859375,-102224.92149583,0.0003,1360,48741,36.35,143,195068,-0.05427512526512146,232.24514770507812
2788,401884.28125,6424.96728515625,-103065.70256979001,0.0003,1360,48771,36.67,143,195188,-0.44956934452056885,232.00473022460938
2792,385171.625,6790.31396484375,-102815.79411062,0.0003,1362,48813,36.07,143,195356,-0.863370954990387,231.91714477539062
2796,397929.8125,6215.21923828125,-102292.35710964,0.0003,1363,48852,35.94,143,195512,-0.580727219581604,231.6909942626953
2800,382689.5625,6629.03369140625,-103879.14963393,0.0003,1364,48906,37.31,143,195728,0.990192711353302,231.50048828125
2804,379861.3125,7411.828125,-103658.95486813999,0.0003,1366,48945,37.21,143,195884,2.4450109004974365,231.41517639160156
2808,377494.6875,6781.5400390625,-104601.97227611001,0.0003,1366,48976,37.25,143,196008,0.6619405746459961,231.13121032714844
2812,371275.59375,6708.31591796875,-103831.78627992999,0.0003,1368,49028,36.57,143,196216,-2.5811355113983154,230.55068969726562
2816,383216.0,5801.69384765625,-103630.13031713001,0.0003,1368,49049,36.76,143,196300,-0.7776097655296326,230.6260986328125
2820,381339.4375,7553.18603515625,-103218.75287797001,0.0003,1369,49073,36.85,143,196396,0.7448373436927795,230.50428771972656
2824,383761.5,7227.36572265625,-103568.30020169001,0.0003,1370,49107,36.57,143,196532,-2.437669515609741,230.6243438720703
2828,382490.59375,7963.17041015625,-102156.61872142,0.0003,1371,49135,35.97,143,196644,-0.2321358323097229,230.4163818359375
2832,382056.9375,6743.36083984375,-101910.70615473,0.0003,1372,49155,35.66,143,196724,-0.3673858046531677,230.403076171875
2836,382487.28125,7886.07861328125,-101657.21214460999,0.0003,1372,49181,35.31,143,196828,0.3571421205997467,230.5177001953125
2840,380946.375,7597.017578125,-101773.08524131999,0.0003,1373,49214,35.89,143,196960,-0.0006166994571685791,230.9813690185547
2844,377225.09375,6941.75390625,-100173.09428774,0.0003,1375,49250,35.38,143,197104,3.1241753101348877,231.41705322265625
2848,373710.09375,5926.64892578125,-99760.54756260003,0.0003,1375,49276,34.99,143,197208,-2.097567558288574,231.41087341308594
2852,383177.25,6031.1240234375,-100000.50796570002,0.0003,1376,49313,35.44,143,197356,-1.3865997791290283,231.2764129638672
2856,378987.84375,5838.2080078125,-99689.94956159999,0.0003,1377,49349,35.18,143,197500,1.5857418775558472,231.09132385253906
2860,384037.0625,6402.6865234375,-99435.73739816001,0.0003,1378,49380,35.04,143,197624,-3.1119070053100586,230.87313842773438
2864,366202.5,6266.82373046875,-98933.39853982002,0.0003,1379,49409,34.64,143,197740,0.3095066547393799,230.92025756835938
2868,361632.0625,6621.18896484375,-97993.40257086999,0.0003,1380,49441,34.42,143,197868,2.24544620513916,230.54078674316406
2872,381005.59375,7569.82080078125,-97600.71075529,0.0003,1381,49467,33.85,143,197972,-1.0157395601272583,230.12420654296875
2876,362043.75,7128.7431640625,-97395.66288654,0.0003,1382,49497,33.59,143,198092,-0.5918371677398682,230.00033569335938
2880,377747.5625,7182.18212890625,-97143.75178768001,0.0003,1382,49517,33.21,143,198172,0.11066150665283203,230.03192138671875
2884,379458.875,7705.86279296875,-98074.49179137003,0.0003,1384,49564,33.15,143,198360,1.9758094549179077,230.02162170410156
2888,372322.0,6138.3876953125,-98514.36712159001,0.0003,1384,49596,32.9,143,198488,0.31023353338241577,229.62152099609375
2892,363275.59375,9126.751953125,-99153.30930046999,0.0003,1385,49622,33.13,143,198592,-0.0975378155708313,229.58145141601562
2896,377202.25,7189.458984375,-100494.77860746002,0.0003,1387,49670,33.42,143,198784,0.8729468584060669,229.81912231445312
2900,367741.75,5758.78515625,-99081.5723053,0.0003,1387,49696,31.99,143,198888,-0.5473775863647461,229.4762725830078
2904,368141.84375,6113.4541015625,-99638.31433902001,0.0003,1389,49744,32.47,143,199080,-1.8434362411499023,229.5609893798828
2908,365757.5625,7654.015625,-98742.53803665003,0.0003,1390,49786,32.2,143,199248,1.5634236335754395,229.2848663330078
2912,367682.5,6412.02001953125,-98506.67842183003,0.0003,1391,49806,32.03,143,199328,2.1229100227355957,229.0135498046875
2916,378224.6875,6828.232421875,-98875.2613575,0.0003,1392,49847,31.48,143,199492,-1.0064194202423096,229.01780700683594
2920,371819.4375,6102.30078125,-99280.614169,0.0003,1393,49880,31.64,143,199624,-0.2802588939666748,228.93484497070312
2924,364306.15625,6714.2978515625,-99428.70261064,0.0003,1394,49913,31.92,143,199756,-0.1727134883403778,228.93942260742188
2928,354837.96875,6052.01953125,-100180.87353653999,0.0003,1395,49951,32.7,143,199908,-2.2860360145568848,229.01661682128906
2932,349496.8125,6196.26123046875,-100841.11110991998,0.0003,1396,49985,33.03,143,200044,0.24632954597473145,228.7440948486328
2936,369972.40625,6270.2890625,-101243.29772336996,0.0003,1397,50026,33.9,143,200208,-1.1237719058990479,228.8829803466797
2940,386328.875,7079.19482421875,-101042.94340905001,0.0003,1397,50047,33.32,143,200292,-2.220322847366333,229.05189514160156
2944,344611.0625,6156.77880859375,-101292.41629149001,0.0003,1398,50082,33.11,143,200432,0.22265398502349854,229.3049774169922
2948,379967.3125,6283.21923828125,-101386.4709081,0.0003,1399,50106,33.36,143,200528,-0.41103899478912354,229.2105255126953
2952,373437.03125,6291.14794921875,-101551.98116091,0.0003,1400,50137,32.77,143,200652,0.4697478115558624,228.977294921875
2956,362582.1875,6448.0888671875,-102061.96549331,0.0003,1401,50175,32.79,143,200804,2.1663403511047363,229.28651428222656
2960,354818.59375,7079.21826171875,-102111.57112928,0.0003,1402,50199,32.66,143,200900,-2.4381766319274902,229.0411834716797
2964,364443.3125,6581.6396484375,-101988.17284947,0.0003,1403,50236,32.82,143,201048,0.7435144782066345,228.905029296875
2968,367592.75,7762.27587890625,-102417.53702721,0.0003,1403,50256,32.71,143,201128,-1.0635120868682861,228.82089233398438
2972,364012.03125,6118.69384765625,-102857.1651471,0.0003,1404,50288,32.65,143,201256,-0.8970475792884827,229.069580078125
2976,351275.6875,7077.412109375,-103081.95529817,0.0003,1405,50327,32.82,143,201412,-0.4689531922340393,229.00022888183594
2980,348530.84375,7321.09228515625,-103224.53747287,0.0003,1406,50346,33.29,143,201488,0.4932320713996887,229.15467834472656
2984,354231.1875,6121.025390625,-101820.73268471,0.0003,1408,50399,32.83,143,201700,-0.31278443336486816,229.2764434814453
2988,357794.5,6323.40380859375,-100542.69092045,0.0003,1408,50437,33.25,143,201852,-0.3333272337913513,229.30422973632812
2992,351302.125,5746.7236328125,-100117.50479646,0.0003,1409,50458,33.43,143,201936,0.8085693120956421,229.08334350585938
2996,350402.1875,7049.78076171875,-98821.81508451,0.0003,1410,50490,32.79,143,202064,-0.37142619490623474,228.96572875976562
3000,355760.0,7884.5107421875,-98772.77689198998,0.0003,1411,50521,33.0,143,202188,3.696094036102295,228.76515197753906
3004,352184.21875,7649.55224609375,-98316.85957179999,0.0003,1412,50541,32.38,143,202268,-0.5405964851379395,228.44454956054688
3008,350437.75,6351.61328125,-97634.61329495002,0.0003,1413,50571,31.63,143,202388,0.9634050130844116,228.07078552246094
3012,346463.09375,6088.0888671875,-98075.15695216,0.0003,1413,50595,31.53,143,202484,0.09917694330215454,228.21994018554688
3016,344729.125,5801.59228515625,-97516.57382751002,0.0003,1414,50631,31.74,143,202628,0.8862807154655457,228.65870666503906
3020,346485.875,6910.52197265625,-96926.95851614002,0.0003,1415,50651,31.54,143,202708,1.7626800537109375,228.68551635742188
3024,338822.40625,6177.3837890625,-96373.44897195998,0.0003,1416,50688,30.79,143,202856,-0.5917491912841797,228.56430053710938
3028,351778.90625,6692.26123046875,-95840.24386372,0.0003,1417,50708,30.39,143,202936,-0.2307843565940857,228.56201171875
3032,338375.5,7444.603515625,-95343.29981845,0.0003,1417,50741,30.1,143,203068,-0.7315905094146729,228.62730407714844
3036,347485.8125,7215.9921875,-95086.53926154,0.0003,1418,50761,29.57,143,203148,-0.4039900302886963,228.6605682373047
3040,337750.21875,6480.65087890625,-95276.40301876001,0.0003,1419,50779,29.35,143,203220,2.141010284423828,228.545654296875
3044,358098.96875,6123.64404296875,-95074.94053446001,0.0003,1419,50810,29.45,143,203344,1.335280418395996,228.3034210205078
3048,338467.09375,6086.95751953125,-95242.23097611999,0.0003,1420,50839,29.38,143,203460,1.394148826599121,227.77952575683594
3052,339760.6875,7259.12353515625,-94339.74691441999,0.0003,1421,50865,29.02,143,203564,0.6308438777923584,227.68341064453125
3056,344522.34375,6595.34619140625,-93957.00588379,0.0003,1422,50891,28.64,143,203668,0.6533632874488831,227.35121154785156
3060,345174.5625,6525.017578125,-93771.62768549999,0.0003,1423,50919,28.71,143,203780,-3.2892837524414062,226.9026336669922
3064,348143.65625,6551.96337890625,-93755.79770520002,0.0003,1423,50951,28.77,143,203908,0.08414828777313232,226.72125244140625
3068,338890.28125,5715.2109375,-93473.26593353997,0.0003,1424,50981,28.58,143,204028,-2.8176136016845703,226.51194763183594
3072,333571.875,6201.6201171875,-93035.55032175998,0.0003,1425,51001,28.52,143,204108,1.304826259613037,226.65185546875
3076,333932.0625,5923.77685546875,-92615.91002396001,0.0003,1426,51032,28.62,143,204232,-1.7646359205245972,226.532470703125
3080,348517.21875,5744.1181640625,-92530.38711794,0.0003,1427,51059,28.41,143,204340,0.8524083495140076,226.57957458496094
3084,351804.3125,6801.5029296875,-92470.31719839001,0.0003,1428,51096,28.83,143,204488,-0.8151519298553467,226.10565185546875
3088,339127.21875,7643.2626953125,-91996.38985641999,0.0003,1428,51126,27.94,143,204608,1.1844011545181274,225.83607482910156
3092,343622.1875,7189.45556640625,-91840.16949323998,0.0003,1429,51148,27.53,143,204696,-2.1531260013580322,225.68385314941406
3096,337570.5,6775.54296875,-91177.67532716002,0.0003,1430,51179,27.61,143,204820,-0.08511430025100708,225.662109375
3100,347182.25,6144.98974609375,-90922.67355516,0.0003,1430,51197,27.29,143,204892,-1.122937560081482,225.70848083496094
3104,336174.3125,6844.208984375,-90765.64431336001,0.0003,1432,51243,27.41,143,205076,2.085526704788208,225.53785705566406
3108,337186.5625,6071.5732421875,-90864.19544395,0.0003,1432,51265,27.59,143,205164,-1.108916163444519,225.1096954345703
3112,345248.28125,6338.7021484375,-90605.21306745001,0.0003,1433,51284,27.95,143,205240,-4.528478622436523,225.16928100585938
3116,323953.84375,5929.888671875,-90175.23665522,0.0003,1434,51310,27.38,143,205344,-0.6650614738464355,225.36585998535156
3120,338298.75,5985.3974609375,-90266.49070488001,0.0003,1434,51334,27.38,143,205440,-1.0157921314239502,225.29408264160156
3124,346897.375,5843.47509765625,-90093.59066602,0.0003,1435,51362,27.55,143,205552,0.6018837094306946,225.3101806640625
3128,333780.9375,6678.2666015625,-89711.36353699998,0.0003,1436,51392,27.41,143,205672,2.596780300140381,225.0371551513672
3132,328146.5625,6796.4453125,-89410.14761239004,0.0003,1437,51419,27.37,143,205780,2.921189785003662,224.75778198242188
3136,325081.0625,5811.12841796875,-88965.56752641001,0.0003,1438,51450,27.33,143,205904,-0.49536019563674927,224.39476013183594
3140,334116.5625,6890.6669921875,-89447.77973943,0.0003,1439,51496,27.81,143,206088,-2.5608956813812256,224.38739013671875
3144,332520.46875,6289.36865234375,-89654.87749272,0.0003,1440,51528,28.62,143,206216,2.0701236724853516,224.35765075683594
3148,331185.9375,6234.30859375,-88953.87320371,0.0003,1441,51549,28.6,143,206300,1.2847037315368652,224.12742614746094
3152,332380.0,6605.4599609375,-88663.74971833998,0.0003,1441,51568,28.5,143,206376,-0.23054325580596924,223.96664428710938
3156,334763.6875,5558.41162109375,-88388.53106560999,0.0003,1442,51601,28.56,143,206508,-1.7666701078414917,223.51451110839844
3160,331958.75,6296.9365234375,-88069.28447143,0.0003,1443,51619,28.22,143,206580,1.5548356771469116,223.54371643066406
3164,327738.8125,6382.94091796875,-87932.75544322998,0.0003,1444,51651,28.12,143,206708,-1.022734522819519,223.43885803222656
3168,324047.0625,6302.1689453125,-87665.46103727,0.0003,1445,51679,28.18,143,206820,-2.294182777404785,223.2772674560547
3172,317828.4375,6333.484375,-87410.03494850002,0.0003,1446,51713,28.36,143,206956,0.6425244808197021,222.9661865234375
3176,342039.09375,6868.1064453125,-87043.52226350998,0.0003,1446,51731,28.1,143,207028,-0.5744085907936096,222.9121856689453
3180,330904.375,6533.09765625,-86819.19112026,0.0003,1447,51771,28.11,143,207188,-3.1766910552978516,222.78244018554688
3184,327892.9375,5666.20263671875,-86701.22130932001,0.0003,1448,51796,27.76,143,207288,0.598413348197937,222.65097045898438
3188,341133.3125,6898.94384765625,-86206.40427358002,0.0003,1449,51814,27.69,143,207360,-2.823774576187134,222.56668090820312
3192,322630.78125,6806.62646484375,-86191.19102120999,0.0003,1449,51832,27.66,143,207432,3.9410228729248047,222.5398406982422
3196,315816.15625,6082.291015625,-86016.38455001998,0.0003,1450,51862,27.85,143,207552,3.465888500213623,222.16090393066406
3200,318201.34375,6890.67529296875,-85816.66009811999,0.0003,1451,51891,27.48,143,207668,1.8229118585586548,221.79000854492188
3204,330525.65625,6951.72509765625,-85648.94536180001,0.0003,1452,51920,27.74,143,207784,0.5245331525802612,221.37477111816406
3208,317526.25,6089.59765625,-85516.33227613001,0.0003,1453,51950,27.45,143,207904,1.0441043376922607,221.30279541015625
3212,326840.4375,6099.78076171875,-85423.36692780002,0.0003,1453,51974,27.35,143,208000,0.22238260507583618,221.1212615966797
3216,332911.0,5470.81298828125,-85521.33891732001,0.0003,1454,51992,27.36,143,208072,-1.9793540239334106,220.94345092773438
3220,314508.0625,5778.98291015625,-85427.14919656001,0.0003,1455,52021,27.22,143,208188,-0.07147645950317383,221.02279663085938
3224,308533.5,5608.26611328125,-85426.20295445001,0.0003,1456,52046,27.24,143,208288,2.436973810195923,221.39112854003906
3228,326231.25,7551.86083984375,-85327.05510868,0.0003,1456,52071,27.12,143,208388,-0.009577959775924683,221.53179931640625
3232,315410.15625,6467.08154296875,-85167.62791261001,0.0003,1457,52100,27.18,143,208504,-2.225276470184326,221.37203979492188
3236,332453.0,6336.17822265625,-85170.88012434001,0.0003,1458,52131,27.39,143,208628,0.9774467945098877,221.1504669189453
3240,313126.40625,5144.79541015625,-84790.44769548,0.0003,1460,52163,27.6,142,208756,-1.947133183479309,220.63278198242188
3244,314005.46875,5762.7333984375,-84261.70878440999,0.0003,1461,52188,26.59,142,208856,1.3196059465408325,220.3969268798828
3248,335599.8125,6373.1904296875,-84282.20179305,0.0003,1462,52215,26.53,142,208964,-2.345881462097168,220.16310119628906
3252,315034.875,5501.60205078125,-84424.34339877,0.0003,1462,52240,26.75,142,209064,0.6339179873466492,220.31906127929688
3256,320036.375,7481.478515625,-84406.86722801998,0.0003,1463,52267,26.77,142,209172,1.6966813802719116,220.3419647216797
3260,322894.9375,7424.60009765625,-84254.61417618001,0.0003,1464,52296,26.81,142,209288,-1.2236911058425903,220.24354553222656
3264,320945.71875,6323.7822265625,-84181.11536134001,0.0003,1465,52315,26.41,142,209364,3.8107547760009766,220.1561737060547
3268,324524.84375,6301.81591796875,-84109.91352583001,0.0003,1465,52335,26.29,142,209444,-0.12248843908309937,219.8748016357422
3272,303330.875,6267.130859375,-84166.59065612,0.0003,1466,52368,26.24,142,209576,2.3222904205322266,219.59788513183594
3276,312458.65625,6462.76904296875,-84179.25424789,0.0003,1467,52389,26.3,142,209660,-0.9570981860160828,219.4392852783203
3280,314742.15625,6146.96337890625,-84086.98138632,0.0003,1468,52418,26.28,142,209776,1.5416228771209717,219.08383178710938
3284,323357.53125,6224.69775390625,-84085.49002776999,0.0003,1468,52445,26.16,142,209884,1.0354015827178955,218.86183166503906
3288,310382.375,5739.6044921875,-84345.44385892,0.0003,1469,52475,26.4,142,210004,0.8396545052528381,218.8763427734375
3292,311615.53125,6763.10888671875,-84274.23794595,0.0003,1470,52493,26.53,142,210076,-0.1879119873046875,218.7307891845703
3296,309752.0,6566.46630859375,-84356.45020814,0.0003,1471,52521,26.3,142,210188,-0.307463139295578,218.2367706298828
3300,305074.40625,5242.984375,-84423.08840862999,0.0003,1471,52541,26.37,142,210268,2.5399997234344482,218.17037963867188
3304,307688.4375,7191.5498046875,-84297.71252174002,0.0003,1472,52573,26.16,142,210396,0.36782214045524597,218.0749969482422
3308,315836.875,5823.12451171875,-84210.72995408,0.0003,1473,52601,26.08,142,210508,1.4664263725280762,218.41717529296875
3312,310993.9375,6002.240234375,-84218.03980651,0.0003,1474,52630,26.23,142,210624,0.7076125144958496,218.46707153320312
3316,310035.0625,5635.96923828125,-83981.03361629999,0.0003,1475,52661,26.4,142,210748,0.321913480758667,218.53573608398438
3320,312983.59375,5590.01953125,-84085.13950244,0.0003,1476,52690,26.57,142,210864,-3.201763153076172,218.51051330566406
3324,299531.40625,6700.20458984375,-83892.92631260002,0.0003,1476,52712,26.56,142,210952,1.8180418014526367,218.62255859375
3328,306422.71875,5479.119140625,-83901.48585723,0.0003,1477,52730,26.45,142,211024,-1.0877659320831299,218.64581298828125
3332,316248.78125,5835.8251953125,-83921.80213981001,0.0003,1478,52757,26.56,142,211132,0.7606611251831055,218.75018310546875
3336,295805.40625,7120.8896484375,-83875.47502339,0.0003,1478,52785,26.21,142,211244,3.171403408050537,218.72181701660156
3340,324257.28125,6529.32861328125,-83575.34184914001,0.0003,1480,52820,25.8,142,211384,2.070481777191162,218.54397583007812
3344,298992.4375,7454.02978515625,-84351.36586678002,0.0003,1480,52843,26.21,142,211476,-0.4564547836780548,218.27870178222656
3348,310742.8125,6596.34130859375,-84469.09091976,0.0003,1481,52873,26.36,142,211596,-2.1409754753112793,218.11691284179688
3352,311863.34375,7086.25732421875,-84297.86472490002,0.0003,1482,52904,26.38,142,211720,2.316948413848877,217.93373107910156
3356,317051.15625,6817.205078125,-84255.81443451,0.0003,1483,52935,26.69,142,211844,0.4739069938659668,217.77874755859375
3360,302804.4375,6456.59375,-84155.07239824,0.0003,1484,52964,26.81,142,211960,0.34414929151535034,217.52883911132812
3364,316458.375,5898.54541015625,-84273.44762034001,0.0003,1485,53003,27.69,142,212116,0.8535887002944946,217.44825744628906
3368,304770.5,6030.85595703125,-84252.85906943999,0.0003,1486,53031,27.84,142,212228,-1.987335205078125,217.7217254638672
3372,308078.25,5508.689453125,-84195.14023007998,0.0003,1487,53062,27.63,142,212352,-2.600618839263916,217.43258666992188
3376,303262.4375,5688.04248046875,-84331.80621114999,0.0003,1487,53088,27.78,142,212456,0.5999781489372253,217.6809539794922
3380,306945.34375,5766.71435546875,-84457.33753116001,0.0003,1488,53113,27.71,142,212556,1.9224845170974731,217.7577667236328
3384,296405.8125,6059.68701171875,-84317.46518536,0.0003,1489,53138,27.79,142,212656,1.3040781021118164,217.81727600097656
3388,305552.0625,5596.43408203125,-84172.25365777999,0.0003,1490,53170,27.76,142,212784,-0.27808886766433716,217.91929626464844
3392,306544.6875,5990.0322265625,-84103.57144977999,0.0003,1491,53200,27.96,142,212904,1.6168087720870972,217.82350158691406
3396,309531.5625,6346.57861328125,-84340.43272655,0.0003,1492,53229,28.19,142,213020,2.863431453704834,217.7259979248047
3400,296837.0625,5807.55517578125,-84390.23018285999,0.0003,1492,53254,28.2,142,213120,0.9531749486923218,217.49627685546875
3404,304491.3125,6542.984375,-84373.74249054,0.0003,1493,53273,28.07,142,213196,1.1970993280410767,217.45872497558594
3408,311609.0625,7648.82958984375,-84415.91935346999,0.0003,1493,53291,28.01,142,213268,-3.2217438220977783,217.37713623046875
3412,305597.5625,6078.98291015625,-84375.67771780999,0.0003,1494,53324,27.99,142,213400,-0.37668734788894653,217.18898010253906
3416,305696.6875,6343.19775390625,-84440.21398873001,0.0003,1495,53355,27.85,142,213524,0.46070343255996704,217.0196075439453
3420,292844.875,5536.4580078125,-84314.10517450001,0.0003,1496,53372,27.74,142,213592,-2.7051122188568115,216.79031372070312
3424,288388.75,6805.73388671875,-84407.64715181,0.0003,1497,53401,27.67,142,213708,-2.1904456615448,216.49732971191406
3428,302702.8125,5823.208984375,-84479.09848573999,0.0003,1498,53430,27.82,142,213824,-1.9531970024108887,216.47080993652344
3432,310434.1875,5995.2392578125,-84551.27900737998,0.0003,1498,53450,27.57,142,213904,0.8928110599517822,216.5535125732422
3436,302215.0,5903.61474609375,-84547.31739311,0.0003,1499,53476,27.61,142,214008,-0.3710607886314392,216.5970916748047
3440,291237.125,6668.15771484375,-84624.92943075999,0.0003,1500,53503,27.36,142,214116,2.22249174118042,216.71072387695312
3444,306238.9375,5576.27099609375,-84016.35700861999,0.0003,1500,53520,27.15,142,214184,2.380964756011963,216.58706665039062
3448,301337.5,6646.7509765625,-83964.30284943999,0.0003,1501,53551,27.08,142,214308,-1.92448091506958,216.26220703125
3452,292492.1875,5638.9130859375,-84048.21911674998,0.0003,1502,53567,26.71,142,214372,-1.1069355010986328,215.85523986816406
3456,299646.90625,6398.55126953125,-84040.42707551998,0.0003,1503,53600,26.44,142,214504,-0.10838299989700317,215.757080078125
3460,284908.0,5431.12109375,-84059.26841335,0.0003,1503,53615,26.46,142,214564,-1.5955581665039062,215.63427734375
3464,292693.9375,5914.86572265625,-83999.68993733,0.0003,1504,53646,25.76,142,214688,1.037644624710083,215.66482543945312
3468,285233.125,5342.67822265625,-84071.21319365001,0.0003,1505,53673,25.73,142,214796,0.8242174386978149,215.3716278076172
3472,295930.75,7381.39599609375,-84209.5723618,0.0003,1506,53690,25.41,142,214864,-0.870652973651886,215.11019897460938
3476,286065.15625,6034.98779296875,-84325.55662809999,0.0003,1507,53721,25.21,142,214988,1.4976539611816406,215.35858154296875
3480,280467.0625,6232.255859375,-84298.68140987,0.0003,1507,53749,25.39,142,215100,0.868716835975647,215.35293579101562
3484,289829.5,5839.34716796875,-84489.34561969999,0.0003,1508,53779,25.66,142,215220,2.3245081901550293,215.5814208984375
3488,282320.75,5297.0703125,-84681.11212715,0.0003,1509,53808,25.59,142,215336,0.7162787318229675,215.3694610595703
3492,290462.25,5202.10205078125,-84738.93995769999,0.0003,1510,53826,25.36,142,215408,-1.5044903755187988,215.2151641845703
3496,292440.28125,5356.08544921875,-84705.74377498002,0.0003,1511,53854,25.02,142,215520,0.3180069327354431,215.3410186767578
3500,302323.5,6658.716796875,-84884.08244158002,0.0003,1511,53884,25.0,142,215640,0.5602967739105225,215.2307586669922
3504,298095.0625,7093.05322265625,-85061.26113991001,0.0003,1512,53901,24.83,142,215708,0.2545629143714905,215.10498046875
3508,283420.125,5777.4208984375,-85321.29156268002,0.0003,1513,53939,25.27,142,215860,1.4850478172302246,215.0635528564453
3512,295263.875,6040.91748046875,-85274.25084964001,0.0003,1514,53956,25.21,142,215928,0.46793118119239807,215.10960388183594
3516,283794.625,5179.64697265625,-85302.69143262,0.0003,1515,53988,25.21,142,216056,0.04745444655418396,215.05545043945312
3520,289136.40625,5440.7080078125,-85334.99360786001,0.0003,1515,54006,25.4,142,216128,-0.10580313205718994,215.0021209716797
3524,283210.96875,5747.216796875,-85357.74570003999,0.0003,1516,54041,25.46,142,216268,0.2295544147491455,214.9842987060547
3528,296442.875,5680.7705078125,-85337.28502735001,0.0003,1517,54061,25.41,142,216348,-0.382892370223999,214.8988037109375
3532,290719.40625,5857.46875,-85417.37004621001,0.0003,1518,54088,25.6,142,216456,3.2742390632629395,214.58946228027344
3536,288307.25,6180.44873046875,-85452.75556124,0.0003,1518,54114,25.43,142,216560,0.3077390193939209,214.43359375
3540,278381.34375,5470.7802734375,-85297.85671862002,0.0003,1519,54136,25.63,142,216648,-0.4624137580394745,214.34005737304688
3544,292707.9375,5931.7880859375,-85202.00690692998,0.0003,1520,54161,25.67,142,216748,1.0309491157531738,214.25022888183594
3548,286596.71875,5475.54052734375,-85219.78339079,0.0003,1521,54207,25.68,142,216932,-1.0240812301635742,214.2968292236328
3552,286068.78125,5217.47119140625,-85607.58845854999,0.0003,1522,54231,26.44,142,217028,1.2353506088256836,214.3701934814453
3556,284612.875,6753.33349609375,-85791.88296889,0.0003,1523,54247,26.26,142,217092,0.813309907913208,214.3245086669922
3560,278985.46875,5332.10791015625,-85998.09532895003,0.0003,1523,54268,25.98,142,217176,0.9975610971450806,214.35618591308594
3564,274535.8125,5470.55908203125,-86165.00829474001,0.0003,1524,54296,25.64,142,217288,-0.28835874795913696,214.3681640625
3568,287476.09375,6688.8271484375,-86191.67642451002,0.0003,1525,54326,25.8,142,217408,-2.196101427078247,214.37060546875
3572,286373.75,6848.46728515625,-86113.62217628998,0.0003,1526,54349,26.11,142,217500,2.601867198944092,214.50958251953125
3576,284138.9375,6085.93359375,-86116.39779538999,0.0003,1527,54379,26.1,142,217620,-0.06345093250274658,214.38665771484375
3580,282727.09375,7206.32421875,-86267.26208045,0.0003,1527,54394,26.02,142,217680,-1.1232410669326782,214.37274169921875
3584,294816.21875,5675.36474609375,-86138.24343339002,0.0003,1528,54432,25.64,142,217832,-3.319802761077881,214.24685668945312
3588,281657.625,5678.04736328125,-86213.52664775001,0.0003,1529,54459,26.0,142,217940,-0.3001510500907898,214.39248657226562
3592,283285.5625,6635.4208984375,-86228.85709705,0.0003,1530,54489,26.16,142,218060,0.050142884254455566,214.2802734375
3596,279278.03125,5636.60888671875,-86339.83053872001,0.0003,1531,54521,26.59,142,218188,-1.6206753253936768,213.77366638183594
3600,274057.375,5472.43896484375,-86352.56518018,0.0003,1532,54551,26.69,142,218308,-1.2625304460525513,213.55104064941406
3604,285058.8125,5321.4287109375,-86147.99053675,0.0003,1533,54582,27.33,142,218432,-1.467881202697754,213.28482055664062
3608,283563.5625,6917.2197265625,-86004.72575596001,0.0003,1533,54598,26.89,142,218496,0.055211424827575684,213.04190063476562
3612,281812.375,5781.8759765625,-86135.32485976002,0.0003,1533,54612,26.49,142,218552,-1.4084193706512451,212.99435424804688
3616,282839.375,5438.3994140625,-86289.29577871002,0.0003,1534,54637,26.14,142,218652,2.0674750804901123,213.42196655273438
3620,287536.65625,5655.75537109375,-86337.94456475001,0.0003,1535,54670,26.01,142,218784,0.0901641845703125,213.3828887939453
3624,279779.8125,6052.3984375,-86626.17457009999,0.0003,1536,54698,26.21,142,218896,0.8010258674621582,213.54095458984375
3628,282188.5,6283.029296875,-86850.10522784,0.0003,1537,54722,26.05,142,218992,-4.076179027557373,213.4696807861328
3632,282006.4375,5766.8486328125,-87172.43494877,0.0003,1537,54736,26.12,142,219048,-2.86663818359375,213.6287384033203
3636,285657.03125,6609.71826171875,-87225.70069031,0.0003,1538,54764,26.18,142,219160,-0.41763028502464294,213.75123596191406
3640,264894.875,5490.32373046875,-87519.62200144,0.0003,1538,54777,25.69,142,219212,-0.017912492156028748,213.72401428222656
3644,274088.625,5228.65380859375,-87712.83070194001,0.0003,1539,54791,25.09,142,219268,0.20923751592636108,213.65330505371094
3648,273653.71875,5317.939453125,-87750.52402439999,0.0003,1540,54819,25.07,142,219380,-1.469908356666565,213.58251953125
3652,276294.09375,5908.275390625,-87513.32516791,0.0003,1540,54842,24.54,142,219472,-3.0141730308532715,213.5005340576172
3656,284474.09375,5511.8984375,-87498.68125879999,0.0003,1541,54861,24.33,142,219548,1.7288212776184082,213.3488006591797
3660,270423.8125,5219.8876953125,-87473.73144882999,0.0003,1541,54875,24.37,142,219604,0.0999307930469513,213.4075164794922
3664,272493.0625,5374.59912109375,-87570.33045908003,0.0003,1542,54892,24.12,142,219672,2.3032937049865723,213.22412109375
3668,278017.25,5324.37158203125,-87754.72444089002,0.0003,1542,54914,23.68,142,219760,1.7426583766937256,213.0008544921875
3672,273731.0625,5470.98779296875,-87866.84953605,0.0003,1543,54923,23.25,142,219796,2.186497211456299,212.8195343017578
3676,274052.5,7172.69775390625,-87900.28591106,0.0003,1543,54945,22.99,142,219884,-0.5692466497421265,212.6965789794922
3680,277030.3125,5751.85986328125,-87914.58811664999,0.0003,1544,54977,23.22,142,220012,0.3109639883041382,212.17185974121094
3684,267866.875,6392.533203125,-88015.65410574,0.0003,1545,55008,23.53,142,220136,0.2953076660633087,211.87301635742188
3688,275378.0625,5466.41845703125,-87991.76772879003,0.0003,1546,55040,23.5,142,220264,-0.165441632270813,211.7444305419922
3692,267534.25,5495.30078125,-88060.44654535002,0.0003,1546,55055,22.92,142,220324,0.30995267629623413,211.59889221191406
3696,259260.453125,5627.556640625,-88102.53309715999,0.0003,1547,55071,22.11,142,220388,-0.09831815958023071,211.57125854492188
3700,265323.34375,5693.8720703125,-88080.63948215998,0.0003,1547,55085,21.91,142,220444,2.4559755325317383,211.73202514648438
3704,267746.9375,5100.3125,-88127.32854486998,0.0003,1548,55114,21.75,142,220560,2.1062731742858887,211.50326538085938
3708,271240.25,5873.6142578125,-88188.64235070998,0.0003,1549,55144,21.88,142,220680,1.5516059398651123,211.18148803710938
3712,265131.375,5561.91552734375,-88167.03458822999,0.0003,1550,55175,22.25,142,220804,1.5313712358474731,211.38429260253906
3716,275593.28125,5509.255859375,-88212.87985805002,0.0003,1551,55199,22.49,142,220900,1.7162954807281494,211.29409790039062
3720,286036.21875,5455.38427734375,-88165.85140464001,0.0003,1551,55215,22.2,142,220964,0.3936856687068939,211.1400146484375
3724,269261.6875,5539.376953125,-88129.46187252,0.0003,1552,55243,22.39,142,221076,1.9591447114944458,210.78016662597656
3728,271401.0625,6155.5009765625,-87983.37194005,0.0003,1553,55265,22.03,142,221164,-1.0632238388061523,210.6837158203125
3732,273310.1875,5278.6181640625,-87721.80862830998,0.0003,1553,55278,21.72,142,221216,0.38706499338150024,210.56500244140625
3736,268228.125,5080.04345703125,-87868.73460032998,0.0003,1554,55304,21.46,142,221320,-0.5968527793884277,210.43312072753906
3740,263943.125,5568.84716796875,-87702.34185026001,0.0003,1555,55331,21.93,142,221428,-0.014401137828826904,210.74069213867188
3744,280525.625,5634.50341796875,-87618.34064083,0.0003,1555,55346,22.18,142,221488,-0.6212836503982544,210.77696228027344
3748,278306.625,5387.72119140625,-87675.82993847,0.0003,1556,55379,22.22,142,221620,1.9344536066055298,210.66050720214844
3752,266891.1875,5293.15380859375,-87605.49836795,0.0003,1556,55392,22.19,142,221672,-0.9250571727752686,210.69436645507812
3756,257578.46875,5785.07666015625,-87598.80511007001,0.0003,1557,55406,21.88,142,221728,-2.9855096340179443,210.72340393066406
3760,285418.1875,6260.97509765625,-87626.98200231999,0.0003,1558,55429,21.97,142,221820,0.947824239730835,210.85487365722656
3764,267961.0,5527.34033203125,-87612.97453416004,0.0003,1558,55437,22.1,142,221852,-1.2867443561553955,210.846923828125
3768,257436.4375,5015.90185546875,-87589.81633454002,0.0003,1558,55451,21.77,142,221908,-0.11362294852733612,210.92425537109375
3772,259123.6875,5600.52099609375,-87638.6068871,0.0003,1559,55465,21.61,142,221964,0.1928083300590515,211.13980102539062
3776,267860.4375,5326.08740234375,-87690.39219411001,0.0003,1559,55488,21.57,142,222056,1.062890887260437,211.23536682128906
3780,266335.625,5452.26513671875,-87769.91181213001,0.0003,1560,55516,21.49,142,222168,3.3046963214874268,211.28109741210938
3784,269206.8125,5679.24951171875,-87824.9491144,0.0003,1561,55533,21.0,142,222236,1.285945177078247,210.89047241210938
3788,269951.46875,5521.45751953125,-87814.30662774999,0.0003,1561,55553,20.21,142,222316,-0.9512007832527161,210.5899200439453
3792,271371.84375,6163.31982421875,-87877.68238966,0.0003,1562,55567,20.45,142,222372,-0.49170199036598206,210.53086853027344
3796,273134.4375,5739.755859375,-87895.30811434,0.0003,1562,55580,20.4,142,222424,0.46592625975608826,210.53216552734375
3800,271714.75,5368.76611328125,-88056.57115940003,0.0003,1562,55593,20.13,142,222476,1.6624398231506348,210.5949249267578
3804,274099.5625,6030.18017578125,-88249.13034776998,0.0003,1563,55609,19.47,142,222540,-1.444535493850708,210.5074920654297
3808,262366.6875,5173.66455078125,-88209.26176895999,0.0003,1563,55624,19.2,142,222600,-1.3149960041046143,210.71636962890625
3812,257232.1875,5606.50439453125,-88339.56485852,0.0003,1564,55636,18.6,142,222648,1.0188169479370117,210.747314453125
3816,267603.75,5914.08984375,-88481.81016035998,0.0003,1564,55648,17.97,142,222696,-2.825068712234497,210.72390747070312
3820,267890.84375,5052.99658203125,-88609.74643065,0.0003,1565,55663,17.86,142,222756,-0.1132957935333252,210.88363647460938
3824,266233.71875,5493.109375,-88593.18600329998,0.0003,1565,55677,17.36,142,222812,0.774116039276123,211.1006317138672
3828,261744.46875,5394.87158203125,-88555.42633068001,0.0003,1566,55697,17.57,142,222892,-0.5626555681228638,211.2899627685547
3832,270916.625,5454.5009765625,-88725.73343481001,0.0003,1566,55712,17.11,142,222952,-0.06975394487380981,211.32876586914062
3836,273048.625,5706.564453125,-88676.23513883997,0.0003,1567,55727,16.94,142,223012,2.3645334243774414,211.24302673339844
3840,274157.34375,6084.88134765625,-88814.53100862999,0.0003,1567,55744,16.65,142,223080,-1.5873152017593384,211.268798828125
3844,260437.78125,5617.2060546875,-88788.92335200001,0.0003,1568,55764,16.78,142,223160,-0.8848215341567993,211.1109161376953
3848,267976.5625,5637.95751953125,-88985.09757776001,0.0003,1568,55778,16.29,142,223216,-0.09055271744728088,211.03390502929688
3852,249230.875,5715.99462890625,-89172.09354651002,0.0003,1569,55796,15.99,142,223288,0.4580656886100769,211.07647705078125
3856,263286.5,6120.95166015625,-89166.21378633002,0.0003,1569,55819,16.35,142,223380,-0.31479352712631226,210.9130859375
3860,255019.265625,6387.08349609375,-89147.76695589001,0.0003,1570,55842,16.56,142,223472,1.265350580215454,210.7828826904297
3864,270052.71875,5290.6123046875,-89253.2807492,0.0003,1570,55857,16.63,142,223532,1.5364818572998047,210.7915496826172
3868,248799.5,5445.28271484375,-89193.72833002,0.0003,1571,55880,17.02,142,223624,-0.5244619846343994,210.6107940673828
3872,269103.25,5508.30712890625,-89202.46594692,0.0003,1571,55889,17.09,142,223660,-1.1275482177734375,210.58387756347656
3876,271664.0625,5868.486328125,-89145.90613096,0.0003,1572,55912,17.05,142,223752,-0.9045255184173584,210.4165496826172
3880,266382.34375,5961.3662109375,-89136.64600121001,0.0003,1573,55933,16.51,142,223836,1.8703012466430664,210.4263916015625
3884,256472.640625,5275.16796875,-89016.39552908001,0.0003,1573,55946,16.73,142,223888,-0.8466175198554993,210.39830017089844
3888,263137.21875,5674.43310546875,-89191.84098519999,0.0003,1574,55960,16.44,142,223944,-0.6472252607345581,210.3121337890625
3892,258108.46875,5124.66259765625,-89297.98386334,0.0003,1574,55983,16.33,142,224036,2.9032411575317383,210.16226196289062
3896,257078.515625,5977.47216796875,-89242.55514586001,0.0003,1575,55999,16.74,142,224100,1.5602221488952637,210.1196746826172
3900,271207.3125,5979.93994140625,-89328.71518452,0.0003,1575,56016,16.66,142,224168,2.341874122619629,210.14382934570312
3904,259687.765625,5842.16455078125,-89362.27804664997,0.0003,1575,56024,16.81,142,224200,-3.2787156105041504,209.9703369140625
3908,256438.0,6050.82568359375,-89569.32086983003,0.0003,1576,56036,16.4,142,224248,-0.3978919982910156,209.86923217773438
3912,254049.5625,5207.27880859375,-89519.38018481998,0.0003,1576,56056,16.71,142,224328,-0.6657525897026062,210.06178283691406
3916,268598.0,5714.3203125,-89514.14562394,0.0003,1577,56070,16.8,142,224384,1.438094139099121,209.92959594726562
3920,263209.25,6130.41796875,-89450.52596815002,0.0003,1577,56084,16.9,142,224440,0.1059827208518982,210.04934692382812
3924,263323.84375,5993.8037109375,-89483.39080615998,0.0003,1578,56100,16.79,142,224504,2.1384387016296387,210.1857147216797
3928,245134.625,5865.93408203125,-89633.79573561998,0.0003,1578,56109,16.38,142,224540,2.076232671737671,210.32867431640625
3932,267767.8125,6778.9794921875,-89532.60331501998,0.0003,1579,56130,16.75,142,224624,-2.9135942459106445,210.16506958007812
3936,246781.0625,5344.09765625,-89585.54013977,0.0003,1579,56144,16.76,142,224680,3.7957849502563477,210.21388244628906
3940,263127.3125,5499.1767578125,-89645.58338334998,0.0003,1580,56161,16.8,142,224748,0.04319167137145996,210.15956115722656
3944,258949.25,5050.87841796875,-89776.32262645003,0.0003,1580,56175,16.57,142,224804,1.0902411937713623,210.40882873535156
3948,256002.71875,5502.27587890625,-89666.67118127001,0.0003,1580,56193,16.61,142,224876,1.2105354070663452,210.5541534423828
3952,264386.84375,5875.3408203125,-89550.80863773997,0.0003,1581,56207,16.55,142,224932,-0.904049277305603,210.48178100585938
3956,270745.625,5552.97314453125,-89655.01789792,0.0003,1581,56221,16.2,142,224988,1.4730027914047241,210.37583923339844
3960,261759.96875,5331.65380859375,-89818.80794941999,0.0003,1582,56236,16.08,142,225048,-2.6974403858184814,210.05526733398438
3964,266976.4375,5412.16162109375,-89834.65007029999,0.0003,1582,56246,15.69,142,225088,-0.8580058813095093,209.8961639404297
3968,252950.625,4985.40869140625,-90035.50321196,0.0003,1582,56257,15.23,142,225132,0.18601197004318237,209.79229736328125
3972,265201.6875,5953.85888671875,-89883.22257631001,0.0003,1583,56271,15.42,142,225188,0.02051842212677002,209.77349853515625
3976,264292.0,5715.78466796875,-90048.04325012,0.0003,1584,56298,15.17,142,225296,2.352449655532837,209.58023071289062
3980,255833.46875,4953.71826171875,-90110.43861800001,0.0003,1584,56309,15.18,142,225340,0.26509690284729004,209.43666076660156
3984,263663.5625,5212.43310546875,-90252.28708467002,0.0003,1584,56318,14.81,142,225376,-1.2285553216934204,209.43316650390625
3988,257461.40625,6522.45361328125,-90294.78396171001,0.0003,1585,56328,14.78,142,225416,-1.934199333190918,209.38693237304688
3992,268114.25,5917.0625,-90325.71919270999,0.0003,1585,56337,14.49,142,225452,-0.49201157689094543,209.4008331298828
3996,271061.8125,6505.59765625,-90505.17820468999,0.0003,1585,56350,14.01,142,225504,0.36017417907714844,209.39732360839844
4000,259222.875,6708.83740234375,-90519.58857237999,0.0003,1586,56361,13.89,142,225548,1.6310268640518188,209.3388214111328
4004,251569.046875,6220.22900390625,-90570.43223006999,0.0003,1586,56376,13.91,142,225608,0.9354910850524902,209.33950805664062
4008,253539.484375,5070.90966796875,-90439.02165843997,0.0003,1586,56385,14.2,142,225644,-1.524925947189331,209.17018127441406
4012,256992.4375,5132.46728515625,-90559.30031640996,0.0003,1587,56398,13.89,142,225696,0.7523842453956604,209.15821838378906
4016,261957.890625,5434.85302734375,-90636.36600053002,0.0003,1588,56421,13.79,142,225788,1.5849087238311768,209.01455688476562
4020,247619.8125,4920.1904296875,-90916.34015343,0.0003,1588,56438,14.09,142,225856,2.3027379512786865,209.11404418945312
4024,246865.0625,5310.09814453125,-90942.98216460002,0.0003,1588,56447,13.91,142,225892,-1.1354987621307373,209.09999084472656
4028,262212.65625,4956.67919921875,-90908.86291097003,0.0003,1589,56460,14.0,142,225944,-1.0926976203918457,209.10287475585938
4032,255724.453125,5276.84130859375,-91011.27681898001,0.0003,1589,56471,13.61,142,225988,-1.3587641716003418,209.074462890625
4036,261727.53125,5216.7783203125,-91002.19392734,0.0003,1589,56484,13.58,142,226040,-1.6441915035247803,208.99192810058594
4040,253694.9375,5301.4990234375,-90968.84703241,0.0003,1590,56497,13.55,142,226092,-0.5468004941940308,209.01535034179688
4044,253931.53125,5737.83251953125,-91003.35218924,0.0003,1590,56511,13.39,142,226148,-0.8897988796234131,208.9744873046875
4048,255143.84375,5903.60302734375,-91050.50869543,0.0003,1591,56524,13.39,142,226200,0.3063279390335083,209.06109619140625
4052,256596.15625,5280.3330078125,-91199.24060216999,0.0003,1591,56532,13.17,142,226232,-2.262464761734009,209.08721923828125
4056,256060.984375,5597.3134765625,-91284.70841239998,0.0003,1592,56548,13.04,142,226296,0.36449968814849854,209.15643310546875
4060,260930.453125,5336.47314453125,-91265.96616132,0.0003,1592,56557,12.75,142,226332,-0.09238922595977783,209.16989135742188
4064,248498.671875,5606.048828125,-91153.98821115999,0.0003,1592,56575,13.02,142,226404,-2.130040168762207,209.0241241455078
4068,252563.34375,5581.21875,-91176.81932355,0.0003,1593,56588,12.99,142,226456,-1.6664097309112549,209.0392608642578
4072,255293.34375,5259.28515625,-91449.49356595002,0.0003,1594,56614,12.6,142,226560,-1.0935022830963135,209.07595825195312
4076,261367.453125,5232.9453125,-91527.98781942003,0.0003,1594,56640,13.73,142,226664,-2.750393867492676,208.94947814941406
4080,249977.09375,5440.01513671875,-91570.03366914002,0.0003,1595,56672,13.52,142,226792,0.5427207946777344,208.808837890625
4084,246911.609375,5329.49072265625,-91446.90863542001,0.0003,1596,56681,14.65,142,226828,0.4785187542438507,208.94967651367188
4088,259096.1875,4906.72021484375,-91441.28382597001,0.0003,1596,56689,14.62,142,226860,-3.3400685787200928,208.96742248535156
4092,253806.0625,5355.82080078125,-91533.05055566998,0.0003,1596,56701,14.56,142,226908,-1.0767207145690918,209.05711364746094
4096,256590.40625,5355.60986328125,-91495.76702003002,0.0003,1597,56710,14.6,142,226944,-1.325470209121704,209.01695251464844
4100,255207.34375,5239.48291015625,-91425.19931992,0.0003,1597,56721,14.62,142,226988,0.347201943397522,209.10865783691406
4104,262386.28125,5141.30810546875,-91467.48893738001,0.0003,1597,56729,14.4,142,227020,-2.2454495429992676,209.1344757080078
4108,254499.65625,5636.70947265625,-91545.12446041999,0.0003,1598,56739,14.12,142,227060,-0.11455482244491577,209.2879180908203
4112,249195.3125,5556.603515625,-91658.90906121001,0.0003,1598,56748,14.02,142,227096,0.8038281202316284,209.38134765625
4116,243567.140625,5442.9013671875,-91712.72148776999,0.0003,1598,56759,14.05,142,227140,-0.784323513507843,209.3356170654297
4120,262390.5625,5382.50146484375,-91709.80827154999,0.0003,1599,56773,13.59,142,227196,3.556706428527832,209.45314025878906
4124,246059.203125,5735.95849609375,-91794.43865904998,0.0003,1599,56792,13.42,142,227272,1.1177464723587036,209.5304718017578
4128,253574.03125,5367.62890625,-91765.06889405,0.0003,1599,56801,13.74,142,227308,0.770279049873352,209.53756713867188
4132,256746.375,4913.64599609375,-91927.68177142998,0.0003,1600,56809,13.49,142,227340,1.269106149673462,209.5502471923828
4136,232794.796875,4676.447265625,-92018.73573835997,0.0003,1600,56817,13.4,142,227372,2.425036907196045,209.55714416503906
4140,241934.265625,5404.42626953125,-92084.39722180998,0.0003,1600,56826,13.21,142,227408,2.4348573684692383,209.58721923828125
4144,242752.96875,5598.025390625,-92115.11914625,0.0003,1601,56842,13.17,142,227472,2.407466411590576,209.4875946044922
4148,261754.21875,5462.626953125,-92072.53446981002,0.0003,1601,56859,13.31,142,227540,-0.0005478858947753906,209.26116943359375
4152,254849.515625,5774.03515625,-92076.05762744001,0.0003,1601,56867,13.34,142,227572,0.3428770899772644,209.21107482910156
4156,259166.25,5043.88037109375,-92104.75802676998,0.0003,1602,56875,13.3,142,227604,-0.865284264087677,209.1786651611328
4160,243391.890625,4690.02490234375,-92119.19246889999,0.0003,1602,56889,13.28,142,227660,-0.7104200124740601,209.1753692626953
4164,251525.03125,5112.6298828125,-92180.84608566001,0.0003,1603,56902,13.23,142,227712,2.3580119609832764,209.32275390625
4168,253550.640625,5589.455078125,-92178.31999339002,0.0003,1603,56911,13.24,142,227748,0.49155962467193604,209.42349243164062
4172,256814.34375,5443.4677734375,-92164.52873574,0.0003,1603,56919,13.28,142,227780,-2.487445831298828,209.39222717285156
4176,249703.21875,4845.22998046875,-92143.76922482999,0.0003,1603,56933,12.1,142,227836,-0.5696254968643188,209.1956329345703
4180,239995.125,5129.63232421875,-92265.94760711999,0.0003,1604,56945,11.83,142,227884,0.2039041519165039,209.05691528320312
4184,245947.1875,5710.0478515625,-92319.47317624999,0.0003,1604,56954,10.89,142,227920,1.8539884090423584,208.9698028564453
4188,245376.5,6339.8203125,-92324.13844887001,0.0003,1604,56962,10.95,142,227952,0.35629916191101074,209.01425170898438
4192,246497.125,5352.56103515625,-92310.53553883998,0.0003,1605,56974,10.93,142,228000,-1.3230090141296387,208.79888916015625
4196,248638.71875,5234.27685546875,-92320.43151981002,0.0003,1605,56987,10.87,142,228052,0.6743217706680298,208.8686981201172
4200,250438.765625,5016.02294921875,-92364.47076652001,0.0003,1606,57001,10.99,142,228108,-0.21555519104003906,208.8099365234375
4204,247562.15625,5128.77001953125,-92313.99597744,0.0003,1606,57012,11.03,142,228152,1.446801781654358,208.95127868652344
4208,245390.453125,5978.3857421875,-92261.98750414002,0.0003,1606,57021,11.28,142,228188,0.4751741290092468,208.8909912109375
4212,252012.78125,5198.55908203125,-92183.68112308002,0.0003,1607,57030,11.32,142,228224,3.3288679122924805,208.8654022216797
4216,255053.734375,5006.107421875,-92151.26255627001,0.0003,1607,57044,11.29,142,228280,-4.709687232971191,208.583251953125
4220,252128.640625,5193.890625,-92049.16404193999,0.0003,1607,57057,11.55,142,228332,-2.277576208114624,208.482421875
4224,256561.875,5714.2333984375,-92050.51376939,0.0003,1608,57066,11.48,142,228368,-2.596745014190674,208.27247619628906
4228,249636.375,5003.53076171875,-92138.59195453,0.0003,1608,57083,11.11,141,228436,-0.9100193381309509,208.09349060058594
4232,247619.75,5404.28076171875,-92086.59673790997,0.0003,1609,57096,11.32,141,228488,1.3433623313903809,207.90255737304688
4236,234921.1875,5097.462890625,-92018.83686872998,0.0003,1609,57106,11.53,141,228528,3.410731077194214,207.76947021484375
4240,248290.28125,5465.8515625,-92086.67031665001,0.0003,1609,57118,11.45,141,228576,0.34275388717651367,207.66775512695312
4244,233719.3125,5630.931640625,-92074.56972167,0.0003,1610,57126,11.59,141,228608,1.6889643669128418,207.59983825683594
4248,240975.703125,4795.8798828125,-92145.55318931,0.0003,1610,57144,11.26,141,228680,-1.924865961074829,207.65765380859375
4252,247817.53125,5039.4130859375,-92046.49867764,0.0003,1610,57153,11.45,141,228716,-0.4785615801811218,207.7018280029297
4256,255043.71875,7007.20166015625,-92011.96312062001,0.0003,1611,57162,11.46,141,228752,1.406254768371582,207.77828979492188
4260,235447.140625,5223.71923828125,-91989.51857343002,0.0003,1611,57176,11.48,141,228808,-0.18226408958435059,207.66429138183594
4264,253497.34375,5158.671875,-91994.99696900001,0.0003,1612,57190,11.3,141,228864,-2.1290571689605713,207.56201171875
4268,247254.453125,5086.58251953125,-92025.07138765,0.0003,1612,57201,11.45,141,228908,0.606282114982605,207.37831115722656
4272,249058.859375,5110.65869140625,-91885.34560177999,0.0003,1612,57213,11.59,141,228956,0.6598379611968994,207.33242797851562
4276,247004.28125,4797.4482421875,-91871.97842544,0.0003,1613,57222,11.59,141,228992,1.6947554349899292,207.3304443359375
4280,250340.703125,5220.166015625,-91881.59283236001,0.0003,1613,57230,11.57,141,229024,-1.0098720788955688,207.51402282714844
4284,247979.34375,5646.6767578125,-91916.03000727002,0.0003,1613,57239,11.37,141,229060,-3.3240926265716553,207.56211853027344
4288,255293.71875,5135.87744140625,-91910.7702497,0.0003,1614,57249,11.32,141,229100,3.017561674118042,207.7786865234375
4292,239981.09375,5390.3837890625,-91764.2451963,0.0003,1614,57266,11.59,141,229168,-0.7072634696960449,207.75509643554688
4296,238951.859375,5490.96484375,-91818.88167731,0.0003,1614,57277,11.61,141,229212,0.09877616167068481,207.7244110107422
4300,243936.9375,5100.11474609375,-91654.23925626,0.0003,1615,57293,11.78,141,229276,0.9019571542739868,207.7978973388672
4304,238470.140625,4681.29052734375,-91590.48971764,0.0003,1615,57303,11.97,141,229316,-1.3555160760879517,207.8109893798828
4308,242507.390625,5422.185546875,-91644.68082645001,0.0003,1616,57321,11.72,141,229388,-0.13491788506507874,207.9049530029297
4312,251304.25,5670.68896484375,-91528.72876636998,0.0003,1616,57336,11.95,141,229448,-4.276576995849609,207.87303161621094
4316,237757.71875,5759.77197265625,-91549.92760509,0.0003,1617,57350,12.24,141,229504,2.8740739822387695,207.83645629882812
4320,249586.953125,5135.04443359375,-91585.25677209,0.0003,1617,57359,12.01,141,229540,0.14697107672691345,207.66012573242188
4324,244624.546875,5850.84033203125,-91644.60576535999,0.0003,1617,57369,11.97,141,229580,2.9243836402893066,207.7795867919922
4328,244030.625,5149.75390625,-91677.84758717,0.0003,1618,57383,11.92,141,229636,-0.4942277669906616,207.90692138671875
4332,244937.125,4585.06005859375,-91599.90684498,0.0003,1618,57391,11.96,141,229668,1.5893563032150269,207.88998413085938
4336,238813.6875,5579.94873046875,-91661.26025503999,0.0003,1618,57399,11.74,141,229700,0.5998700261116028,207.77711486816406
4340,243259.578125,4863.26416015625,-91678.39865864,0.0003,1619,57412,11.77,141,229752,-3.1123406887054443,207.74658203125
4344,248612.421875,5831.00341796875,-91621.07177995,0.0003,1619,57431,11.85,141,229828,-1.2132177352905273,207.90663146972656
4348,231738.59375,4760.18408203125,-91774.36791851999,0.0003,1620,57445,11.79,141,229884,2.958972215652466,208.13119506835938
4352,244863.03125,5062.03564453125,-91899.0200589,0.0003,1620,57459,11.56,141,229940,2.1596527099609375,208.1450958251953
4356,241908.46875,4881.935546875,-91780.13562748002,0.0003,1620,57472,12.33,141,229992,2.698697805404663,208.05567932128906
4360,239886.8125,4779.71728515625,-91835.44076972001,0.0003,1621,57485,12.31,141,230044,0.3785146474838257,207.9265594482422
4364,239412.25,5242.58544921875,-91822.14740553,0.0003,1621,57493,12.44,141,230076,0.7745289206504822,207.80642700195312
4368,231277.71875,5409.9599609375,-91903.74592793001,0.0003,1621,57502,12.22,141,230112,1.9159718751907349,207.72796630859375
4372,235669.90625,4767.4892578125,-92039.0309347,0.0003,1622,57510,12.03,141,230144,1.6463302373886108,207.57667541503906
4376,246565.609375,5780.74169921875,-92104.20642826,0.0003,1622,57518,11.96,141,230176,0.5901601314544678,207.4536590576172
4380,233653.625,4741.66748046875,-92045.77565690003,0.0003,1622,57534,12.03,141,230240,-1.5929758548736572,207.4897918701172
4384,234010.40625,4781.37890625,-91920.89663574999,0.0003,1623,57548,12.27,141,230296,-0.5078979730606079,207.69805908203125
4388,236555.21875,5296.6142578125,-91952.7330188,0.0003,1623,57558,12.28,141,230336,-0.9419862031936646,207.7895965576172
4392,247697.5,5996.3642578125,-91891.27350719001,0.0003,1624,57572,12.36,141,230392,-1.4111237525939941,207.85321044921875
4396,227688.65625,5158.98193359375,-91822.30631265002,0.0003,1624,57583,12.41,141,230436,0.11659905314445496,207.8325958251953
4400,246112.1875,4807.962890625,-92123.67693232,0.0003,1624,57595,12.02,141,230484,0.6228201985359192,207.81861877441406
4404,242797.84375,5234.7158203125,-92183.65168997999,0.0003,1624,57604,12.0,141,230520,1.4608858823776245,207.8769989013672
4408,238186.765625,5024.869140625,-92250.00395636,0.0003,1625,57613,11.94,141,230556,2.5599191188812256,207.9215087890625
4412,241663.3125,4792.2763671875,-92344.69159763996,0.0003,1625,57621,11.7,141,230588,-1.31131112575531,207.88116455078125
4416,235935.59375,4905.41064453125,-92320.80897443999,0.0003,1626,57634,11.41,141,230640,-0.6750686168670654,207.8183135986328
4420,245598.625,5354.857421875,-92426.06604096999,0.0003,1626,57642,11.32,141,230672,2.8695454597473145,207.86392211914062
4424,239433.125,4630.1259765625,-92438.09419995,0.0003,1626,57654,11.33,141,230720,-3.192397356033325,207.8274383544922
4428,239551.75,5027.931640625,-92407.73946458999,0.0003,1627,57663,11.37,141,230756,0.2288517951965332,208.01243591308594
4432,239238.546875,4543.57666015625,-92473.20587382998,0.0003,1627,57671,11.35,141,230788,0.8916961550712585,208.0566864013672
4436,237536.125,4892.40283203125,-92485.84419078,0.0003,1627,57696,11.36,141,230888,-0.15527403354644775,208.224609375
4440,252206.625,5171.41357421875,-92268.35969805998,0.0003,1628,57710,11.75,141,230944,-1.2797961235046387,208.24276733398438
4444,231804.953125,4801.9443359375,-92309.0056351,0.0003,1628,57719,11.75,141,230980,-2.5174527168273926,208.17417907714844
4448,229419.078125,5706.31201171875,-92300.81789253998,0.0003,1628,57727,11.73,141,231012,-0.7992845177650452,208.1957244873047
4452,231194.3125,5155.2412109375,-92348.97619706,0.0003,1629,57737,11.68,141,231052,0.3098103404045105,208.21112060546875
4456,248107.203125,5715.15869140625,-92527.37245107001,0.0003,1629,57748,10.92,141,231096,-3.1607272624969482,208.28897094726562
4460,236576.53125,4983.048828125,-92421.36522048,0.0003,1630,57762,11.1,141,231152,-0.008825749158859253,208.4067840576172
4464,243489.640625,5435.1181640625,-92422.65984904,0.0003,1630,57773,11.19,141,231196,-3.036022186279297,208.39793395996094
4468,232031.71875,5108.9326171875,-92428.00864546,0.0003,1630,57781,11.18,141,231228,0.3462636470794678,208.4640350341797
4472,234650.40625,4781.7333984375,-92480.06015436999,0.0003,1630,57792,11.19,141,231272,1.0805610418319702,208.46084594726562
4476,242960.84375,6106.80078125,-92457.92260993004,0.0003,1631,57800,11.23,141,231304,-2.8076014518737793,208.36972045898438
4480,244009.515625,5819.41943359375,-92440.34573569,0.0003,1631,57812,11.21,141,231352,-1.006282091140747,208.38531494140625
4484,228887.53125,5356.25,-92623.92127125,0.0003,1631,57823,10.9,141,231396,-1.2923645973205566,208.4658203125
4488,230182.1875,5185.9853515625,-92608.94935320997,0.0003,1632,57832,10.9,141,231432,-0.23171597719192505,208.38621520996094
4492,234012.0625,5363.11669921875,-92748.83092833997,0.0003,1632,57841,10.79,141,231468,0.7134556770324707,208.40171813964844
4496,246749.71875,6038.35986328125,-92778.17752509998,0.0003,1632,57854,10.74,141,231520,-0.5096182227134705,208.46502685546875
4500,248088.28125,5247.65380859375,-92626.25381543001,0.0003,1633,57864,10.9,141,231560,-0.7548797130584717,208.37786865234375
4504,240630.875,5354.30712890625,-92622.23949221999,0.0003,1633,57872,10.72,141,231592,-0.34791773557662964,208.3523406982422
4508,240257.203125,5410.2890625,-92614.51412129,0.0003,1633,57881,10.7,141,231628,-1.2155407667160034,208.3030548095703
4512,228873.921875,5177.61572265625,-92675.50590023001,0.0003,1633,57890,10.71,141,231664,1.3293336629867554,208.373291015625
4516,226632.484375,4812.08154296875,-92681.78429165,0.0003,1634,57898,10.69,141,231696,-1.0069812536239624,208.2825927734375
4520,230044.015625,4901.94482421875,-92745.27852523999,0.0003,1634,57910,10.63,141,231744,-1.131309986114502,208.2397918701172
4524,226388.625,4975.966796875,-92646.16197259998,0.0003,1634,57919,10.71,141,231780,1.0949673652648926,208.3546142578125
4528,230885.109375,5392.53466796875,-92585.43217182998,0.0003,1635,57930,10.75,141,231824,0.24433016777038574,208.5626678466797
4532,246021.171875,5869.12939453125,-92643.65193009003,0.0003,1635,57940,10.51,141,231864,-1.9631601572036743,208.5185089111328
4536,237445.9375,4743.68896484375,-92467.90012964002,0.0003,1635,57950,10.77,141,231904,-0.7264226078987122,208.66372680664062
4540,233476.25,5347.6708984375,-92635.73046619001,0.0003,1636,57958,10.35,141,231936,-2.039799213409424,208.647216796875
4544,241347.90625,4814.744140625,-92650.52936291999,0.0003,1636,57972,10.12,141,231992,0.17065197229385376,208.87168884277344
4548,228854.25,4635.42724609375,-92520.77847833998,0.0003,1636,57984,10.23,141,232040,0.8759185671806335,208.96791076660156
4552,237074.34375,4874.47998046875,-92536.81069263002,0.0003,1637,57992,10.21,141,232072,2.0104267597198486,209.01893615722656
4556,232409.171875,5392.55615234375,-92560.24394253001,0.0003,1637,58001,10.02,141,232108,-0.14683181047439575,208.96632385253906
4560,228018.84375,4874.412109375,-92595.96890688999,0.0003,1637,58009,9.97,141,232140,0.488850474357605,208.94578552246094
4564,231728.625,5179.53564453125,-92640.60426292001,0.0003,1638,58019,9.7,141,232180,0.0895010232925415,208.84718322753906
4568,237676.453125,4843.98193359375,-92518.3293741,0.0003,1638,58031,9.9,141,232228,-0.0979241132736206,208.66024780273438
4572,235983.0625,5545.51025390625,-92489.68907606002,0.0003,1638,58039,9.9,141,232260,0.02983391284942627,208.62322998046875
4576,242297.828125,4848.13330078125,-92396.08523583999,0.0003,1639,58049,9.99,141,232300,-2.866384983062744,208.6125030517578
4580,239714.21875,5579.3095703125,-92464.79836854,0.0003,1639,58057,9.94,141,232332,1.1264970302581787,208.64492797851562
4584,241319.71875,4955.08544921875,-92474.58075102998,0.0003,1639,58065,9.95,141,232364,-1.1040970087051392,208.70252990722656
4588,241766.046875,5195.84521484375,-92577.89094660003,0.0003,1639,58074,9.71,141,232400,-2.0727763175964355,208.77886962890625
4592,229837.625,5024.32080078125,-92548.46323300002,0.0003,1640,58082,9.71,141,232432,0.8831911087036133,208.77301025390625
4596,242218.3125,4892.6337890625,-92592.94655219,0.0003,1640,58091,9.64,141,232468,0.9898303747177124,208.67745971679688
4600,246147.8125,5423.76806640625,-92632.94456127,0.0003,1640,58100,9.53,141,232504,-3.178619146347046,208.5655517578125
4604,235370.125,4900.9697265625,-92712.13477515001,0.0003,1641,58108,9.48,141,232536,-1.7219915390014648,208.61587524414062
4608,250878.71875,5085.82177734375,-92723.72291136999,0.0003,1641,58116,9.5,141,232568,-0.3546125292778015,208.58543395996094
4612,226881.953125,5211.8984375,-92718.29028571998,0.0003,1641,58125,9.45,141,232604,1.5610153675079346,208.61428833007812
4616,235205.234375,4735.0791015625,-92706.12284268998,0.0003,1641,58133,9.44,141,232636,0.6558447480201721,208.5966796875
4620,241820.3125,5640.6279296875,-92716.83394106003,0.0003,1642,58141,9.45,141,232668,0.48069465160369873,208.6060333251953
4624,236100.453125,4993.85302734375,-92793.55792846,0.0003,1642,58151,9.39,141,232708,-1.9147241115570068,208.69207763671875
4628,228863.5,5020.65771484375,-92868.29718718001,0.0003,1642,58160,9.3,141,232744,0.2896554470062256,208.72203063964844
4632,237319.78125,5310.763671875,-92886.77032690999,0.0003,1642,58169,9.33,141,232780,0.1954672932624817,208.58184814453125
4636,230343.625,4847.1142578125,-93046.23972506999,0.0003,1643,58179,9.11,141,232820,-1.6593514680862427,208.43092346191406
4640,233785.46875,5045.09912109375,-93057.64829787,0.0003,1643,58188,9.13,141,232856,1.6848198175430298,208.4820098876953
4644,229183.75,5573.630859375,-93175.81064315999,0.0003,1643,58196,9.06,141,232888,-0.31359291076660156,208.5169219970703
4648,230864.265625,5216.09619140625,-93251.39180100003,0.0003,1644,58209,8.98,141,232940,1.5842756032943726,208.57469177246094
4652,250029.171875,5672.4990234375,-93252.63875280002,0.0003,1644,58224,9.07,141,233000,0.9901959300041199,208.64541625976562
4656,236179.8125,5123.8388671875,-93199.78738639,0.0003,1644,58233,9.3,141,233036,1.1855201721191406,208.57211303710938
4660,238593.359375,4994.400390625,-93214.83029171998,0.0003,1645,58243,9.3,141,233076,2.221156597137451,208.42198181152344
4664,236243.546875,5193.8212890625,-93254.44935647998,0.0003,1645,58251,9.43,141,233108,0.12053418159484863,208.40548706054688
4668,227495.375,5603.4931640625,-93355.38731425996,0.0003,1645,58261,9.23,141,233148,-0.5056419968605042,208.23007202148438
4672,234594.125,5115.341796875,-93327.04815604999,0.0003,1646,58269,9.27,141,233180,-1.1892423629760742,208.1412353515625
4676,236769.109375,5143.39306640625,-93463.85303796001,0.0003,1646,58278,9.16,141,233216,0.7490112781524658,208.124755859375
4680,224370.703125,5155.326171875,-93449.47028552,0.0003,1646,58286,9.14,141,233248,-1.717402696609497,207.9510498046875
4684,235700.75,5404.37548828125,-93448.96858300999,0.0003,1646,58294,9.15,141,233280,0.8006818294525146,207.90127563476562
4688,223147.015625,4721.65576171875,-93481.16037457,0.0003,1647,58305,9.15,141,233324,0.5217050313949585,208.02713012695312
4692,231780.921875,5263.14013671875,-93398.40529405998,0.0003,1647,58316,9.2,141,233368,-0.46158620715141296,208.0666046142578
4696,234247.5625,4853.8984375,-93329.11661235002,0.0003,1648,58331,9.25,141,233428,-0.5306541323661804,208.20425415039062
4700,235023.25,5383.31982421875,-93316.63838439003,0.0003,1648,58339,9.46,141,233460,-0.8559311628341675,208.22998046875
4704,220542.640625,4729.72607421875,-93313.39987432,0.0003,1648,58348,9.48,141,233496,2.4719531536102295,208.27395629882812
4708,232626.265625,4815.10400390625,-93297.26407716003,0.0003,1648,58357,9.53,141,233532,0.7290555238723755,208.26551818847656
4712,233834.65625,6056.9296875,-93166.17559366998,0.0003,1649,58368,9.65,141,233576,-1.0404301881790161,208.0933837890625
4716,223036.8125,4885.11767578125,-93140.33148051001,0.0003,1649,58376,9.67,141,233608,0.5243260860443115,207.9524383544922
4720,234281.0,5057.9228515625,-93084.81788784999,0.0003,1649,58384,9.72,141,233640,2.0601425170898438,207.7900848388672
4724,241600.21875,5992.34619140625,-93089.38975104,0.0003,1650,58394,9.72,141,233680,0.36113250255584717,207.6888427734375
4728,231606.9375,5018.2705078125,-93117.0886091,0.0003,1650,58406,9.72,141,233728,0.14089572429656982,207.6217041015625
4732,228204.3125,4839.30517578125,-93055.37842396,0.0003,1650,58417,9.74,141,233772,-1.395411729812622,207.5274658203125
4736,231155.84375,4923.732421875,-92936.13893886002,0.0003,1651,58425,9.84,141,233804,4.189060688018799,207.665771484375
4740,230960.03125,5171.32080078125,-92867.73954569003,0.0003,1651,58436,9.91,141,233848,-3.423964738845825,207.5458984375
4744,229971.953125,5033.23291015625,-92865.28977253,0.0003,1651,58450,9.88,141,233904,-1.5472800731658936,207.67459106445312
4748,222922.90625,5161.4306640625,-92859.52384648999,0.0003,1652,58459,10.07,141,233940,1.0082367658615112,207.80841064453125
4752,226840.671875,5176.67822265625,-92914.55761251997,0.0003,1652,58468,9.96,141,233976,-1.8543790578842163,207.78909301757812
4756,227822.15625,5087.1669921875,-92934.37705961999,0.0003,1652,58481,9.93,141,234028,0.458687424659729,207.65042114257812
4760,228941.453125,4870.33935546875,-92892.2344633,0.0003,1653,58489,9.98,141,234060,-0.07010197639465332,207.62884521484375
4764,234682.21875,4866.84423828125,-92877.29221306999,0.0003,1653,58497,9.84,141,234092,0.47860026359558105,207.59092712402344
4768,234268.375,5452.396484375,-92874.29840933,0.0003,1653,58506,9.83,141,234128,-0.5934882760047913,207.5596466064453
4772,223452.046875,5363.86181640625,-92895.06005345,0.0003,1653,58514,9.8,141,234160,0.008717745542526245,207.50985717773438
4776,230745.3125,6531.9228515625,-92890.14293357,0.0003,1654,58523,9.79,141,234196,-0.5374783277511597,207.498779296875
4780,222425.640625,4589.41455078125,-92894.11365227001,0.0003,1654,58531,9.8,141,234228,-1.5905025005340576,207.41944885253906
4784,230632.109375,5232.3818359375,-92879.20538538,0.0003,1654,58540,9.79,141,234264,1.4133552312850952,207.5498504638672
4788,228487.09375,4923.83056640625,-92849.50872711997,0.0003,1655,58548,9.77,141,234296,2.3097763061523438,207.51620483398438
4792,223959.8125,4902.0400390625,-92949.38383684,0.0003,1655,58559,9.73,141,234340,2.437481164932251,207.5847930908203
4796,233286.34375,5144.60009765625,-92981.55172846,0.0003,1655,58567,9.68,141,234372,-3.1526618003845215,207.5543975830078
4800,238760.875,5425.85888671875,-92996.08759321,0.0003,1656,58578,9.61,141,234416,-0.24373823404312134,207.78076171875
4804,238419.21875,5628.4453125,-92953.59501419001,0.0003,1656,58586,9.58,141,234448,0.7441481351852417,207.75401306152344
4808,238940.09375,5388.51123046875,-92977.84091115002,0.0003,1656,58594,9.51,141,234480,-1.4082005023956299,207.87442016601562
4812,229238.53125,4952.36474609375,-93038.94707001,0.0003,1657,58607,9.46,141,234532,-2.509925603866577,208.03207397460938
4816,230136.40625,5232.8896484375,-93074.50706667,0.0003,1657,58615,9.44,141,234564,1.733329176902771,208.16305541992188
4820,237508.0,5086.439453125,-93090.27252453998,0.0003,1657,58623,9.43,141,234596,-1.3662883043289185,208.1914520263672
4824,229370.625,5239.35302734375,-93118.82251542999,0.0003,1658,58639,9.38,141,234660,1.0489344596862793,208.2830047607422
4828,223912.65625,4950.63330078125,-93047.74219177,0.0003,1658,58648,9.59,141,234696,0.6596783399581909,208.2230224609375
4832,222225.234375,5181.6689453125,-93067.48571515997,0.0003,1659,58657,9.74,141,234732,-0.4408896267414093,208.1769561767578
4836,235759.3125,6280.83154296875,-93175.90117806003,0.0003,1659,58665,9.64,141,234764,-0.2693077027797699,208.1728973388672
4840,244793.796875,5377.1044921875,-93255.88908984001,0.0003,1659,58674,9.56,141,234800,0.00048291683197021484,208.2349395751953
4844,237571.40625,4834.2685546875,-93250.28077017,0.0003,1660,58682,9.57,141,234832,-2.1355700492858887,208.3298797607422
4848,226874.375,4861.8271484375,-93213.49086854998,0.0003,1660,58690,9.35,141,234864,-0.7003130316734314,208.51025390625
4852,230968.46875,4996.30859375,-93199.54614066999,0.0003,1660,58698,9.34,141,234896,1.0602620840072632,208.48081970214844
4856,235675.234375,5344.5478515625,-93233.4775643,0.0003,1660,58707,9.13,141,234932,1.892778754234314,208.48838806152344
4860,232717.28125,4981.35986328125,-93253.8037754,0.0003,1661,58716,9.07,141,234968,-1.8245394229888916,208.4891815185547
4864,229431.296875,4832.0390625,-93299.57153774,0.0003,1661,58724,9.04,141,235000,-2.7342183589935303,208.45408630371094
4868,233413.765625,5139.70849609375,-93303.21134723,0.0003,1661,58733,9.05,141,235036,1.8469672203063965,208.4907684326172
4872,230158.6875,4880.7294921875,-93315.5350739,0.0003,1662,58743,9.02,141,235076,0.10451078414916992,208.4200897216797
4876,225285.0,5074.93017578125,-93313.17008787999,0.0003,1662,58752,9.06,141,235112,-0.38813456892967224,208.42994689941406
4880,227098.40625,4754.27734375,-93135.89059163998,0.0003,1663,58764,9.37,141,235160,0.9665595293045044,208.39187622070312
4884,225345.96875,5194.80419921875,-93155.13335487999,0.0003,1663,58780,9.36,141,235224,0.5711686611175537,208.41334533691406
4888,232344.203125,4738.9208984375,-93034.72910817,0.0003,1664,58789,9.47,141,235260,-0.6836543083190918,208.50787353515625
4892,226064.9375,5125.48779296875,-92996.99976956,0.0003,1664,58798,9.68,141,235296,2.1437230110168457,208.61964416503906
4896,229899.09375,5324.7333984375,-92986.82804662999,0.0003,1664,58806,9.68,141,235328,0.6029389500617981,208.7193603515625
4900,227099.328125,4537.95556640625,-93076.27870992,0.0003,1664,58814,9.46,141,235360,-0.13275957107543945,208.8506622314453
4904,225987.4375,4958.85791015625,-93112.83652618,0.0003,1665,58822,9.47,141,235392,-0.5443323850631714,208.8758544921875
4908,216702.1875,4902.76171875,-93124.59030304002,0.0003,1665,58830,9.48,141,235424,-0.6575767993927002,208.90684509277344
4912,230071.90625,4678.33837890625,-93125.73301790001,0.0003,1665,58838,9.44,141,235456,-1.466660499572754,208.95567321777344
4916,219334.96875,4859.71533203125,-93233.69030378002,0.0003,1666,58846,9.35,141,235488,0.9512534141540527,209.14456176757812
4920,230040.5625,4798.54541015625,-93218.22069585002,0.0003,1666,58854,9.36,141,235520,0.8262085914611816,209.27584838867188
4924,234704.0,4901.369140625,-93249.96534303,0.0003,1666,58867,9.43,141,235572,0.6178798675537109,209.32664489746094
4928,227752.53125,5260.69580078125,-93313.11220957001,0.0003,1667,58875,9.22,141,235604,1.362205982208252,209.2762451171875
4932,222673.71875,4909.3974609375,-93342.17703676003,0.0003,1667,58883,8.95,141,235636,2.1364035606384277,209.19102478027344
4936,229155.59375,5601.6923828125,-93316.55137465001,0.0003,1667,58891,9.0,141,235668,0.003686845302581787,209.14505004882812
4940,221522.8125,4871.8876953125,-93330.76598833999,0.0003,1667,58899,8.98,141,235700,1.6350778341293335,209.12989807128906
4944,231565.4375,5060.501953125,-93263.96309122,0.0003,1668,58908,9.03,141,235736,-0.8820156455039978,208.90655517578125
4948,218043.546875,5675.3681640625,-93251.72099721001,0.0003,1668,58917,9.08,141,235772,2.722254514694214,208.78683471679688
4952,224305.984375,4756.8623046875,-93237.42098794,0.0003,1668,58925,9.09,141,235804,-0.4859480857849121,208.6280059814453
4956,220501.03125,5141.10888671875,-93127.85943393002,0.0003,1669,58938,9.25,141,235856,0.17734205722808838,208.57211303710938
4960,225764.53125,5556.32763671875,-93152.53162260998,0.0003,1669,58950,9.24,141,235904,0.07916617393493652,208.51512145996094
4964,233965.25,4998.32666015625,-93108.82835723998,0.0003,1669,58965,9.27,141,235964,-0.4131828248500824,208.59300231933594
4968,229737.375,4984.091796875,-93105.67714957999,0.0003,1670,58973,9.6,141,235996,-0.19863879680633545,208.66909790039062
4972,220488.265625,4829.14404296875,-93101.47271658001,0.0003,1670,58981,9.6,141,236028,0.7118173837661743,208.74583435058594
4976,212636.53125,4695.08984375,-93095.13617491003,0.0003,1670,58999,9.55,141,236100,2.0232160091400146,208.60125732421875
4980,215228.546875,4741.69775390625,-93043.88827144002,0.0003,1671,59014,9.91,141,236160,-0.40338778495788574,208.5712127685547
4984,236261.5625,4880.0263671875,-93047.76628503004,0.0003,1671,59025,9.91,141,236204,0.9588973522186279,208.83811950683594
4988,226999.71875,4650.953125,-93111.86073363999,0.0003,1672,59040,9.85,141,236264,0.9164736866950989,208.968017578125
4992,222735.3125,5275.85302734375,-92988.25211292997,0.0003,1672,59053,10.12,141,236316,2.473860263824463,209.06179809570312
4996,224092.109375,5006.27587890625,-92994.77719433997,0.0003,1672,59061,10.16,141,236348,1.0482200384140015,208.96192932128906
5000,226390.6875,5665.2470703125,-92984.21453616001,0.0003,1673,59070,10.17,141,236384,1.5931493043899536,208.9718017578125
5004,225537.875,4953.86279296875,-92938.64619863998,0.0003,1673,59078,10.18,141,236416,-2.4189114570617676,208.86819458007812
5008,224871.421875,4987.5791015625,-92942.56047186001,0.0003,1673,59087,10.18,141,236452,-0.777866005897522,208.92855834960938
5012,230984.53125,4861.76025390625,-92944.31536884999,0.0003,1674,59096,10.22,141,236488,-1.8468434810638428,209.03091430664062
5016,212921.265625,4853.42529296875,-92854.47153708,0.0003,1674,59109,10.31,141,236540,2.5874414443969727,209.1101531982422
5020,214302.265625,4762.759765625,-92818.86851708003,0.0003,1674,59118,10.53,141,236576,-0.5277513265609741,208.9202880859375
5024,227187.109375,5622.84033203125,-92750.47607467002,0.0003,1675,59127,10.52,141,236612,1.626141905784607,209.12213134765625
5028,229982.484375,4790.36279296875,-92779.40622504,0.0003,1675,59136,10.48,141,236648,0.045797109603881836,209.17608642578125
5032,217989.40625,4669.5009765625,-92780.11710706001,0.0003,1675,59145,10.53,141,236684,0.621153712272644,209.1583251953125
5036,216560.40625,5063.8720703125,-92831.19330741,0.0003,1676,59153,10.49,141,236716,-0.7063555717468262,209.09230041503906
5040,223067.0,4864.47119140625,-92803.51947680001,0.0003,1676,59161,10.49,141,236748,0.2825756072998047,209.04505920410156
5044,220923.28125,4839.3828125,-92861.13504934,0.0003,1676,59169,10.43,141,236780,-0.34621357917785645,209.0742645263672
5048,222868.5,4578.25732421875,-92855.83091521001,0.0003,1676,59178,10.44,141,236816,-0.5624619722366333,209.0817413330078
5052,226149.15625,4770.06982421875,-92900.58012887002,0.0003,1677,59186,10.42,141,236848,-0.1328517496585846,209.05242919921875
5056,221177.21875,5003.673828125,-92980.53533303,0.0003,1677,59194,10.26,141,236880,0.2743135690689087,208.9114227294922
5060,209647.9375,4804.68798828125,-92979.27048137001,0.0003,1677,59202,10.26,141,236912,3.8553364276885986,208.94998168945312
5064,225170.90625,4628.4609375,-93019.48449781998,0.0003,1678,59210,10.22,141,236944,-0.39905259013175964,208.8059539794922
5068,223639.359375,4875.57080078125,-92985.8300939,0.0003,1678,59218,9.88,141,236976,1.0615267753601074,208.7439422607422
5072,220129.46875,4520.66552734375,-92990.49444411002,0.0003,1678,59226,9.89,141,237008,-0.3989971876144409,208.72084045410156
5076,217397.671875,4487.15185546875,-93012.17197604,0.0003,1678,59237,9.89,141,237052,-1.7863261699676514,208.64512634277344
5080,216748.375,4624.55419921875,-93207.00834611998,0.0003,1679,59250,9.26,141,237104,2.9146926403045654,208.7372589111328
5084,215213.75,4778.57421875,-93095.16853958,0.0003,1679,59259,9.52,141,237140,0.6403536796569824,208.70712280273438
5088,218095.25,5191.8359375,-93163.86009663,0.0003,1680,59274,9.48,141,237200,-0.00839996337890625,208.76593017578125
5092,216086.578125,4743.64208984375,-93336.33374106,0.0003,1680,59282,8.97,141,237232,0.03611576557159424,208.79550170898438
5096,224259.8125,4938.62109375,-93300.10318014999,0.0003,1680,59291,9.25,141,237268,-1.50507390499115,208.70970153808594
5100,217291.96875,4733.1181640625,-93291.39096288002,0.0003,1680,59299,9.24,141,237300,4.360686302185059,208.79013061523438
5104,227124.46875,4692.41162109375,-93288.95084428001,0.0003,1681,59307,9.21,141,237332,-0.6810119152069092,208.73667907714844
5108,212004.625,4592.71435546875,-93349.75631996,0.0003,1681,59315,9.17,141,237364,1.4178047180175781,208.91641235351562
5112,220441.265625,4731.18408203125,-93380.95872614,0.0003,1681,59323,9.12,141,237396,-2.209451198577881,209.05642700195312
5116,233942.984375,5365.79052734375,-93437.85392373001,0.0003,1682,59331,9.08,141,237428,-0.6088398694992065,209.150634765625
5120,221686.59375,5293.2724609375,-93483.01688641001,0.0003,1682,59339,8.86,141,237460,-0.6413336992263794,209.29281616210938
5124,224332.421875,5238.29931640625,-93499.71138974,0.0003,1682,59349,8.86,141,237500,-1.404350757598877,209.35049438476562
5128,215466.0,5088.28271484375,-93542.47150636,0.0003,1682,59357,8.88,141,237532,-0.5123773813247681,209.43287658691406
5132,224962.40625,4628.39208984375,-93543.20924332,0.0003,1683,59365,8.88,141,237564,-0.5032966732978821,209.4014129638672
5136,217327.84375,5095.9501953125,-93580.41000262,0.0003,1683,59373,8.82,141,237596,-0.1946946382522583,209.45584106445312
5140,220956.6875,4815.06103515625,-93614.19310867002,0.0003,1683,59382,8.83,141,237632,0.5103043913841248,209.52847290039062
5144,218425.6875,4790.58349609375,-93658.63991108,0.0003,1684,59390,8.85,141,237664,-1.2238340377807617,209.61831665039062
5148,221601.1875,4670.619140625,-93699.43227300001,0.0003,1684,59398,8.79,141,237696,0.8556011915206909,209.87124633789062
5152,211828.875,4898.72607421875,-93698.73477303002,0.0003,1684,59406,8.79,141,237728,-0.09170448780059814,209.9241943359375
5156,227684.40625,5110.8232421875,-93718.32111079,0.0003,1684,59419,8.79,141,237780,-0.011358082294464111,210.100830078125
5160,216265.5,4965.89306640625,-93658.00376942,0.0003,1685,59435,8.85,141,237844,-0.05368080735206604,210.17189025878906
5164,212436.875,5313.876953125,-93455.84099278999,0.0003,1685,59443,9.27,141,237876,-1.6656103134155273,210.11598205566406
5168,219014.234375,4769.3935546875,-93469.41344057002,0.0003,1685,59451,9.26,141,237908,0.8977636098861694,210.14622497558594
5172,221606.921875,5239.15478515625,-93404.97121338,0.0003,1686,59460,9.33,141,237944,-3.112884521484375,210.0850067138672
5176,222041.40625,5193.05224609375,-93384.58943362998,0.0003,1686,59468,9.33,141,237976,1.97404146194458,210.1527557373047
5180,207642.03125,4297.09716796875,-93436.88414905999,0.0003,1686,59476,9.29,141,238008,-2.2520716190338135,210.0469512939453
5184,221673.75,5196.60205078125,-93522.67547599999,0.0003,1687,59484,9.03,141,238040,1.299483060836792,210.0558624267578
5188,211077.390625,4511.12548828125,-93526.50902462,0.0003,1687,59492,9.03,141,238072,-2.8927559852600098,210.0413360595703
5192,221804.6875,4574.28955078125,-93505.07608069999,0.0003,1687,59500,9.04,141,238104,-1.5367673635482788,210.0244140625
5196,211611.578125,4562.39794921875,-93527.61099645,0.0003,1688,59508,8.73,141,238136,-0.7651457786560059,209.97994995117188
5200,220148.015625,4531.2109375,-93608.02994025999,0.0003,1688,59516,8.76,141,238168,2.0615806579589844,210.0647735595703
5204,209752.625,5433.40478515625,-93583.16843523,0.0003,1688,59525,8.77,141,238204,-1.2309871912002563,210.2023468017578
5208,221408.703125,5047.54150390625,-93560.88869629001,0.0003,1688,59533,8.76,141,238236,-0.06908220052719116,210.2653045654297
5212,218774.40625,5197.986328125,-93566.13239735,0.0003,1689,59541,8.76,141,238268,3.02020263671875,210.3304901123047
5216,212219.609375,4550.921875,-93543.20412457002,0.0003,1689,59556,8.76,141,238328,-1.8427869081497192,210.11326599121094
5220,217659.5,4932.2724609375,-93436.11070677999,0.0003,1690,59571,8.99,141,238388,-0.9991949796676636,210.2816619873047
5224,218250.5625,4602.82861328125,-93332.26554894999,0.0003,1690,59579,9.23,141,238420,1.1506500244140625,210.46963500976562
5228,213374.78125,5130.5146484375,-93280.65743732,0.0003,1690,59588,9.2,141,238456,-0.1819305419921875,210.58328247070312
5232,212326.171875,5242.16259765625,-93278.88092021999,0.0003,1691,59597,9.21,141,238492,-0.3086249828338623,210.80479431152344
5236,224215.140625,5190.4248046875,-93248.53801945999,0.0003,1691,59605,9.21,141,238524,-1.0122017860412598,210.86070251464844
5240,222025.53125,5287.05810546875,-93230.36891847002,0.0003,1691,59613,9.18,141,238556,0.31146329641342163,210.85366821289062
5244,219655.75,5480.1337890625,-93228.51969996,0.0003,1691,59621,9.18,141,238588,-1.638648271560669,210.71376037597656
5248,215527.8125,4638.552734375,-93158.74347386003,0.0003,1692,59629,9.24,141,238620,-0.2062525749206543,210.7915496826172
5252,211026.984375,5431.24609375,-93167.79036066,0.0003,1692,59637,9.24,140,238652,-2.5419886112213135,210.7845916748047
5256,220399.03125,5043.4052734375,-93152.13741700999,0.0003,1692,59645,9.24,140,238684,-2.234409809112549,210.7648162841797
5260,216943.453125,4591.73583984375,-93227.12225154001,0.0003,1693,59653,9.19,140,238716,0.06137055158615112,210.83636474609375
5264,209621.375,4771.896484375,-93420.86385988999,0.0003,1693,59661,8.76,140,238748,1.334238886833191,210.76390075683594
5268,218616.0,4980.6748046875,-93474.90863459,0.0003,1693,59669,8.76,140,238780,-0.010044559836387634,210.78530883789062
5272,207988.375,4668.9453125,-93566.15536372997,0.0003,1693,59677,8.68,140,238812,-0.5558393001556396,210.80982971191406
5276,225955.03125,4924.85205078125,-93601.41222686997,0.0003,1694,59685,8.69,140,238844,-1.6294001340866089,210.7860107421875
5280,228189.140625,5198.70263671875,-93566.83991832001,0.0003,1694,59696,8.69,140,238888,-0.9884969592094421,210.59170532226562
5284,215413.421875,4961.47216796875,-93517.04988192001,0.0003,1694,59704,8.76,140,238920,0.020107269287109375,210.41636657714844
5288,208356.09375,4624.90966796875,-93520.79027755001,0.0003,1695,59712,8.75,140,238952,2.4103527069091797,210.41595458984375
5292,211239.25,4832.80419921875,-93556.47424422,0.0003,1695,59720,8.74,140,238984,-2.2133851051330566,210.30081176757812
5296,222708.90625,5039.7763671875,-93549.72904523999,0.0003,1695,59728,8.73,140,239016,-0.5483773946762085,210.25247192382812
5300,203505.53125,4585.89501953125,-93494.17187706,0.0003,1695,59736,8.72,140,239048,0.7108172178268433,210.21829223632812
5304,205773.625,4645.78564453125,-93515.08412097,0.0003,1696,59744,8.71,140,239080,-1.1426281929016113,210.06988525390625
5308,216404.265625,4698.75634765625,-93521.52924286999,0.0003,1696,59752,8.71,140,239112,0.29514458775520325,210.08912658691406
5312,211749.578125,4993.77587890625,-93507.80237777001,0.0003,1696,59760,8.72,140,239144,-0.3443843722343445,210.1527557373047
5316,219037.453125,5035.65771484375,-93498.40879122,0.0003,1697,59768,8.71,140,239176,-0.7944765090942383,210.2107696533203
5320,211782.859375,4788.091796875,-93628.26696125999,0.0003,1697,59776,8.47,140,239208,0.6907968521118164,210.26620483398438
5324,211782.34375,4563.00537109375,-93693.05436063999,0.0003,1697,59784,8.22,140,239240,0.25321298837661743,210.23081970214844
5328,211264.734375,4520.4833984375,-93684.75197161999,0.0003,1698,59792,8.21,140,239272,-0.7068495750427246,210.253173828125
5332,214453.21875,4623.82421875,-93698.19951511001,0.0003,1698,59800,8.24,140,239304,1.9111909866333008,210.29269409179688
5336,220057.484375,5009.3759765625,-93687.76897924,0.0003,1698,59809,8.25,140,239340,1.3679866790771484,210.22860717773438
5340,216943.1875,4543.83154296875,-93678.78635322003,0.0003,1698,59817,8.24,140,239372,0.11186915636062622,210.18310546875
5344,215528.09375,4859.9716796875,-93663.30568746,0.0003,1699,59825,8.24,140,239404,3.2999932765960693,210.1033477783203
5348,211748.96875,5410.7705078125,-93738.75967046,0.0003,1699,59833,8.18,140,239436,-0.09634312987327576,209.90707397460938
5352,217671.84375,4742.87646484375,-93719.19351767999,0.0003,1699,59846,8.19,140,239488,-0.6120083332061768,209.77479553222656
5356,203561.171875,4450.39453125,-93734.57741456,0.0003,1700,59857,8.21,140,239532,-0.17757904529571533,209.6721954345703
5360,200756.0,4355.3251953125,-93775.88139601998,0.0003,1700,59866,8.45,140,239568,3.3068034648895264,209.47021484375
5364,214676.71875,5014.08740234375,-93775.06754624998,0.0003,1700,59874,8.45,140,239600,0.03757834434509277,209.35240173339844
5368,205787.0,4686.23681640625,-93777.90878278,0.0003,1701,59882,8.45,140,239632,1.9632771015167236,209.32254028320312
5372,212474.65625,4708.47900390625,-93779.55563813,0.0003,1701,59890,8.46,140,239664,-0.40186047554016113,209.17587280273438
5376,213303.09375,5536.38232421875,-93759.24068234002,0.0003,1701,59898,8.45,140,239696,2.4679317474365234,209.1399688720703
5380,218741.5625,4532.18896484375,-93780.42195150001,0.0003,1701,59906,8.44,140,239728,0.19428211450576782,209.14405822753906
5384,213415.484375,4486.798828125,-93851.56073777,0.0003,1702,59914,8.37,140,239760,0.13764441013336182,209.05711364746094
5388,204443.3125,4783.751953125,-93871.45032201998,0.0003,1702,59923,8.37,140,239796,-1.5408347845077515,208.99562072753906
5392,213255.890625,6006.40234375,-93882.38917361999,0.0003,1702,59938,8.38,140,239856,1.0756847858428955,208.92996215820312
5396,210507.875,4686.91162109375,-93793.0583286,0.0003,1703,59946,8.62,140,239888,-1.7052682638168335,208.8508758544922
5400,209738.5,4446.75146484375,-93782.08296744002,0.0003,1703,59954,8.61,140,239920,-0.4012836515903473,209.007080078125
5404,196346.109375,4376.7763671875,-93800.32944581004,0.0003,1703,59962,8.61,140,239952,-1.9901671409606934,208.99929809570312
5408,203120.109375,4396.775390625,-93746.71617887002,0.0003,1704,59970,8.68,140,239984,3.204256296157837,209.05682373046875
5412,212277.515625,5049.08837890625,-93760.33903011998,0.0003,1704,59978,8.67,140,240016,-2.546464204788208,208.96731567382812
5416,220435.1875,4819.3037109375,-93816.26739550999,0.0003,1704,59986,8.67,140,240048,0.23745518922805786,209.12083435058594
5420,212928.71875,4711.1533203125,-93784.22979559,0.0003,1704,59994,8.68,140,240080,0.5055254101753235,209.20819091796875
5424,208780.53125,4565.89208984375,-93801.37304466,0.0003,1705,60002,8.68,140,240112,0.5294898748397827,209.19602966308594
5428,204633.15625,4580.04345703125,-93814.17038647001,0.0003,1705,60010,8.68,140,240144,-1.5652369260787964,209.15872192382812
5432,214339.5625,4932.93798828125,-93824.31122308999,0.0003,1705,60020,8.65,140,240184,-0.24456891417503357,209.17987060546875
5436,217645.265625,5969.0634765625,-93778.65954394001,0.0003,1706,60028,8.69,140,240216,-0.5027784705162048,209.2409210205078
5440,207669.828125,4867.32470703125,-93795.14817109,0.0003,1706,60036,8.69,140,240248,-1.0936650037765503,209.3914337158203
5444,205371.9375,4630.7958984375,-93789.83118232999,0.0003,1706,60044,8.69,140,240280,0.680825412273407,209.51327514648438
5448,216804.015625,4702.97265625,-93807.62991218003,0.0003,1706,60052,8.7,140,240312,-1.262514352798462,209.59451293945312
5452,206974.890625,4634.00634765625,-93830.18328465,0.0003,1707,60060,8.7,140,240344,3.437933921813965,209.66818237304688
5456,210738.28125,4622.26123046875,-93827.90298009999,0.0003,1707,60068,8.68,140,240376,0.038455843925476074,209.7236785888672
5460,210289.96875,4579.47216796875,-93788.05955857999,0.0003,1707,60076,8.43,140,240408,-0.3179629445075989,209.72409057617188
5464,218812.34375,4979.22607421875,-93808.36824652001,0.0003,1708,60085,8.43,140,240444,1.5483129024505615,209.83953857421875
5468,210168.609375,4702.109375,-93747.96462965,0.0003,1708,60095,8.48,140,240484,-2.0357089042663574,209.75689697265625
5472,220828.9375,4800.015625,-93692.65276035,0.0003,1708,60103,8.52,140,240516,1.5651979446411133,209.9239959716797
5476,209423.5,4417.9609375,-93685.29930867,0.0003,1708,60112,8.52,140,240552,-3.6087045669555664,209.98045349121094
5480,223351.5625,6227.462890625,-93700.11638114,0.0003,1709,60122,8.52,140,240592,-1.2575181722640991,210.17189025878906
5484,214046.125,4755.4296875,-93685.48198523001,0.0003,1709,60132,8.52,140,240632,0.9497948288917542,210.25477600097656
5488,208658.21875,4698.67333984375,-93568.30169771002,0.0003,1709,60144,8.88,140,240680,1.2084375619888306,210.364990234375
5492,210106.5625,4820.32958984375,-93565.71359519998,0.0003,1710,60152,8.87,140,240712,-0.6469089388847351,210.361083984375
5496,224279.546875,4894.17041015625,-93673.48696699,0.0003,1710,60160,8.63,140,240744,1.2915401458740234,210.3608856201172
5500,204709.3125,4783.427734375,-93671.51423028,0.0003,1710,60168,8.63,140,240776,2.678595781326294,210.4530792236328
5504,215712.21875,5176.89404296875,-93694.13824719997,0.0003,1710,60176,8.63,140,240808,-1.0950841903686523,210.4214630126953
5508,208836.453125,5032.19775390625,-93722.81160735,0.0003,1711,60184,8.56,140,240840,2.7172040939331055,210.48651123046875
5512,210224.03125,4411.63134765625,-93725.29643584999,0.0003,1711,60192,8.56,140,240872,-2.1079320907592773,210.49423217773438
5516,198992.65625,4650.5537109375,-93594.27294732998,0.0003,1711,60200,8.62,140,240904,3.0837888717651367,210.61199951171875
5520,207164.0625,5057.83056640625,-93637.43110323999,0.0003,1712,60209,8.62,140,240940,1.1176851987838745,210.51190185546875
5524,209431.15625,5780.46337890625,-93629.09173616,0.0003,1712,60217,8.62,140,240972,-2.4352264404296875,210.4042205810547
5528,194443.40625,4253.880859375,-93623.03172996001,0.0003,1712,60225,8.62,140,241004,-1.3664898872375488,210.4526824951172
5532,202971.59375,4489.9765625,-93630.18433703999,0.0003,1712,60234,8.63,140,241040,-1.131504774093628,210.50868225097656
5536,202263.625,4541.783203125,-93700.84700549999,0.0003,1713,60242,8.6,140,241072,-0.9746538400650024,210.4771728515625
5540,205758.0,4323.8740234375,-93693.73337701999,0.0003,1713,60250,8.6,140,241104,3.661280870437622,210.60546875
5544,205779.125,4638.49853515625,-93701.42984827003,0.0003,1713,60259,8.66,140,241140,-2.2217626571655273,210.51210021972656
5548,202952.125,4508.705078125,-93680.44830984002,0.0003,1713,60267,8.66,140,241172,-3.11161470413208,210.50477600097656
5552,216767.921875,4699.181640625,-93654.12820185002,0.0003,1714,60275,8.65,140,241204,-0.36982619762420654,210.59442138671875
5556,200281.03125,4965.734375,-93666.28612851999,0.0003,1714,60283,8.65,140,241236,-0.404083788394928,210.60467529296875
5560,195588.0,4343.41748046875,-93682.42285904002,0.0003,1714,60291,8.66,140,241268,-0.4012601375579834,210.63198852539062
5564,202856.078125,4561.97265625,-93629.24291173,0.0003,1715,60304,8.72,140,241320,1.9496361017227173,210.6935577392578
5568,202320.75,4265.78466796875,-93522.93634419999,0.0003,1715,60312,8.78,140,241352,0.5708061456680298,210.70291137695312
5572,216255.796875,5340.14111328125,-93551.44656259999,0.0003,1715,60320,8.73,140,241384,-1.7289631366729736,210.65658569335938
5576,208795.5,4491.70458984375,-93562.18353624002,0.0003,1716,60328,8.73,140,241416,-0.513023316860199,210.66603088378906
5580,202080.546875,4873.6796875,-93555.73370083002,0.0003,1716,60337,8.74,140,241452,-0.020685315132141113,210.67477416992188
5584,209700.65625,5203.93115234375,-93559.6849855,0.0003,1716,60345,8.74,140,241484,-0.046651601791381836,210.64515686035156
5588,218847.765625,5822.2099609375,-93610.48401625,0.0003,1716,60353,8.44,140,241516,-1.5613102912902832,210.65658569335938
5592,206401.28125,4596.9775390625,-93643.08096775,0.0003,1717,60361,8.38,140,241548,-0.4344549775123596,210.73455810546875
5596,209695.625,4487.8017578125,-93682.30854227001,0.0003,1717,60369,8.37,140,241580,-1.1105643510818481,210.8385772705078
5600,205129.375,4491.52978515625,-93661.66220290001,0.0003,1717,60377,8.37,140,241612,-0.9389636516571045,210.8948974609375
5604,216757.515625,4812.7861328125,-93646.11931853002,0.0003,1718,60385,8.38,140,241644,-0.39942896366119385,211.00282287597656
5608,204940.84375,4601.5634765625,-93661.89565141001,0.0003,1718,60393,8.38,140,241676,2.138853073120117,211.17575073242188
5612,202245.21875,4941.689453125,-93662.60775573998,0.0003,1718,60402,8.39,140,241712,-1.072441577911377,211.15328979492188
5616,203884.90625,4607.533203125,-93745.22703701998,0.0003,1718,60410,8.33,140,241744,0.10487928986549377,211.1907501220703
5620,217924.28125,4735.0947265625,-93703.65948996998,0.0003,1719,60418,8.32,140,241776,-2.2064428329467773,211.1742401123047
5624,205103.765625,5064.70703125,-93721.50581765999,0.0003,1719,60426,8.32,140,241808,2.276871681213379,211.2333526611328
5628,207350.546875,4559.2509765625,-93713.66862485999,0.0003,1719,60436,8.33,140,241848,0.0023929476737976074,211.19911193847656
5632,215771.484375,4932.33837890625,-93659.99265204002,0.0003,1720,60447,8.37,140,241892,-1.9096006155014038,211.24957275390625
5636,198260.96875,5172.44775390625,-93583.12743541,0.0003,1720,60455,8.53,140,241924,2.399005889892578,211.36888122558594
5640,214076.453125,4824.35400390625,-93595.32053615997,0.0003,1720,60463,8.53,140,241956,-2.5615787506103516,211.29995727539062
5644,209279.875,4554.61328125,-93638.14017161999,0.0003,1720,60471,8.47,140,241988,-0.28129100799560547,211.26388549804688
5648,205105.71875,5435.603515625,-93653.05054442999,0.0003,1721,60479,8.46,140,242020,-1.1668609380722046,211.21249389648438
5652,213690.65625,4503.5029296875,-93673.10678116,0.0003,1721,60492,8.46,140,242072,0.14763271808624268,211.1353759765625
5656,223194.984375,5594.09814453125,-93691.19925297,0.0003,1722,60503,8.47,140,242116,-1.3679511547088623,211.05142211914062
5660,203650.859375,4912.75927734375,-93711.39508207001,0.0003,1722,60511,8.72,140,242148,1.0472180843353271,210.92385864257812
5664,200292.140625,4312.46044921875,-93740.65787106998,0.0003,1722,60519,8.66,140,242180,1.3163295984268188,210.9437713623047
5668,196535.328125,4392.8203125,-93855.31586928002,0.0003,1722,60527,8.56,140,242212,-1.7448537349700928,210.97174072265625
5672,204081.875,4901.74365234375,-93876.80381452998,0.0003,1723,60536,8.57,140,242248,-0.45330333709716797,210.9436798095703
5676,203046.5625,4462.69873046875,-93861.98292036001,0.0003,1723,60544,8.6,140,242280,0.9727777242660522,210.78309631347656
5680,205803.34375,4893.16552734375,-93848.66307667,0.0003,1723,60552,8.6,140,242312,-2.0032875537872314,210.70350646972656
5684,198642.171875,4503.521484375,-93858.41737460998,0.0003,1723,60560,8.6,140,242344,0.37342923879623413,210.78973388671875
5688,204742.59375,5384.1875,-93863.92282687001,0.0003,1724,60568,8.6,140,242376,-0.2990792989730835,210.83447265625
5692,207596.109375,4566.5556640625,-93832.40048274999,0.0003,1724,60576,8.6,140,242408,0.06874114274978638,211.00755310058594
5696,203279.078125,4827.470703125,-93805.29577713,0.0003,1724,60587,8.6,140,242452,-0.48895543813705444,211.0150909423828
5700,204540.0,5355.22021484375,-93799.18675808002,0.0003,1725,60598,8.6,140,242496,-0.5817617177963257,210.98129272460938
5704,196570.671875,4668.57421875,-93721.15875637,0.0003,1725,60606,8.83,140,242528,-1.439010739326477,211.1028594970703
5708,206196.03125,4442.775390625,-93716.52969582999,0.0003,1725,60614,8.83,140,242560,1.137763500213623,211.15037536621094
5712,221814.171875,4956.5224609375,-93731.54797448003,0.0003,1725,60622,8.82,140,242592,-0.6566800475120544,211.1585235595703
5716,195109.3125,4560.37548828125,-93733.25118376999,0.0003,1726,60630,8.82,140,242624,-0.1374243050813675,211.27273559570312
5720,209658.375,4841.63037109375,-93750.32611874999,0.0003,1726,60638,8.82,140,242656,0.5392321348190308,211.44236755371094
5724,205854.3125,4735.1015625,-93745.59545809001,0.0003,1726,60646,8.82,140,242688,0.3110654354095459,211.49147033691406
5728,200928.34375,4443.67333984375,-93743.05854289001,0.0003,1727,60654,8.82,140,242720,0.7172591686248779,211.5900115966797
5732,215098.03125,5169.251953125,-93782.31791060999,0.0003,1727,60662,8.77,140,242752,-1.2864775657653809,211.5777130126953
5736,197862.75,4475.7451171875,-93846.57684007002,0.0003,1727,60670,8.58,140,242784,-3.0634779930114746,211.56146240234375
5740,197819.046875,4390.6533203125,-93838.96659987,0.0003,1727,60678,8.58,140,242816,3.829160451889038,211.7435302734375
5744,197021.765625,4359.5732421875,-93805.20501063998,0.0003,1728,60686,8.59,140,242848,-0.8336405754089355,211.6187744140625
5748,196593.1875,4302.75439453125,-93780.99316889003,0.0003,1728,60694,8.59,140,242880,-0.809539794921875,211.63087463378906
5752,203310.234375,4360.09765625,-93784.69419087,0.0003,1728,60702,8.59,140,242912,1.4821734428405762,211.70132446289062
5756,205296.03125,4471.25146484375,-93740.25701627,0.0003,1729,60710,8.6,140,242944,-1.6180537939071655,211.69265747070312
5760,196952.5,4556.6376953125,-93725.33302843999,0.0003,1729,60718,8.34,140,242976,0.5176208019256592,211.80514526367188
5764,201739.9375,4660.8173828125,-93736.46027559003,0.0003,1729,60730,8.35,140,243024,0.8329697251319885,211.84918212890625
5768,195777.65625,4351.97607421875,-93753.86202822,0.0003,1730,60740,8.34,140,243064,-2.4210257530212402,211.7867431640625
5772,201425.03125,4477.3759765625,-93739.23004174,0.0003,1730,60750,8.34,140,243104,-1.9176737070083618,211.7871551513672
5776,196900.46875,5125.48974609375,-93749.53907967,0.0003,1730,60763,8.31,140,243156,2.359027862548828,211.8771514892578
5780,194972.09375,4390.06005859375,-93749.42867554998,0.0003,1731,60772,8.3,140,243192,0.7461509108543396,211.7437286376953
5784,204777.65625,4545.10986328125,-93744.79184657002,0.0003,1731,60787,8.31,140,243252,-0.4934566617012024,211.7286834716797
5788,208418.625,4637.81640625,-93754.550081,0.0003,1732,60803,8.31,140,243316,-3.1573727130889893,211.67337036132812
5792,204734.515625,4375.93798828125,-93693.3633694,0.0003,1732,60812,8.52,140,243352,1.1298744678497314,211.69720458984375
5796,201342.828125,5013.755859375,-93695.84824672999,0.0003,1732,60820,8.52,140,243384,-1.2344036102294922,211.61151123046875
5800,204591.640625,4517.19091796875,-93785.66166469001,0.0003,1733,60836,8.29,140,243448,0.822271466255188,211.6557159423828
5804,203019.03125,5090.9248046875,-93784.60109282001,0.0003,1733,60845,8.31,140,243484,-1.0363670587539673,211.67257690429688
5808,201487.5,4754.94384765625,-93887.85704605002,0.0003,1733,60853,9.54,140,243516,-1.470969557762146,211.78623962402344
5812,199061.796875,4926.91064453125,-93899.92428222999,0.0003,1733,60861,9.55,140,243548,1.9365185499191284,211.78977966308594
5816,212641.203125,5471.34423828125,-93887.53310137999,0.0003,1734,60869,9.55,140,243580,-0.25254178047180176,211.71295166015625
5820,205140.71875,4294.3662109375,-93905.11244777002,0.0003,1734,60879,9.55,140,243620,1.0622361898422241,211.82968139648438
5824,204361.359375,4525.9873046875,-93939.33082709002,0.0003,1735,60893,9.78,140,243676,-1.7981443405151367,211.83351135253906
5828,208237.359375,4898.4697265625,-93965.91478555002,0.0003,1735,60901,9.78,140,243708,-0.487058162689209,211.8286590576172
5832,203055.09375,5073.0341796875,-94005.98885294003,0.0003,1735,60909,9.78,140,243740,0.7241050004959106,211.8433074951172
5836,206983.125,4550.783203125,-93994.78028230001,0.0003,1735,60917,9.78,140,243772,-1.5990132093429565,211.70919799804688
5840,190659.6875,4360.15771484375,-93977.59332153,0.0003,1736,60925,9.79,140,243804,0.26684707403182983,211.7245635986328
5844,198216.4375,4207.01220703125,-94003.98434534002,0.0003,1736,60933,9.78,140,243836,-1.8355351686477661,211.73020935058594
5848,203013.734375,4837.044921875,-94009.94687391,0.0003,1736,60941,9.78,140,243868,0.3838329613208771,211.83230590820312
5852,194694.1875,4257.81884765625,-93995.44030958002,0.0003,1736,60949,9.78,140,243900,2.1965200901031494,211.82574462890625
5856,201085.65625,4389.1376953125,-93999.94687424,0.0003,1737,60957,9.77,140,243932,-1.0360510349273682,211.73455810546875
5860,208907.421875,4856.01416015625,-94018.85986431001,0.0003,1737,60965,9.76,140,243964,2.309610366821289,211.865234375
5864,203591.21875,4487.67724609375,-94006.60115933,0.0003,1737,60974,9.76,140,244000,1.0518157482147217,211.8209991455078
5868,202832.28125,4739.921875,-94008.52304194,0.0003,1738,60983,9.76,140,244036,0.7749227285385132,211.85231018066406
5872,194350.265625,4214.1640625,-94036.82993316,0.0003,1738,60991,10.0,140,244068,1.2978079319000244,211.84776306152344
5876,206156.5625,4841.21484375,-94048.46162713,0.0003,1738,60999,10.01,140,244100,0.21140724420547485,211.70970153808594
5880,195400.09375,5000.30419921875,-94054.86171096,0.0003,1738,61007,10.01,140,244132,-0.32627594470977783,211.74343872070312
5884,197444.5,5055.1240234375,-94076.04491400998,0.0003,1739,61015,10.0,140,244164,4.6527533531188965,211.84341430664062
5888,197893.328125,4294.5576171875,-94081.02663005999,0.0003,1739,61023,10.0,140,244196,-2.88509202003479,211.6271514892578
5892,210760.125,4963.046875,-94169.26340420997,0.0003,1739,61031,9.79,140,244228,0.994861364364624,211.58163452148438
5896,199669.40625,4506.7607421875,-94170.42831473998,0.0003,1739,61039,9.79,140,244260,3.1632518768310547,211.48753356933594
5900,207488.03125,4455.001953125,-94174.65749130001,0.0003,1740,61047,9.79,140,244292,-2.161745309829712,211.37179565429688
5904,209502.78125,4505.50830078125,-94176.60302579001,0.0003,1740,61056,9.78,140,244328,-1.1915297508239746,211.4102020263672
5908,188018.390625,4651.85986328125,-94057.33527199,0.0003,1741,61070,8.54,140,244384,3.6121368408203125,211.41534423828125
5912,197043.0,4323.4375,-94064.30317108,0.0003,1741,61080,8.55,140,244424,-0.749028205871582,211.29177856445312
5916,197096.03125,4531.1962890625,-94093.99313535,0.0003,1741,61088,8.79,140,244456,0.23898422718048096,211.23597717285156
5920,208694.65625,5437.03857421875,-94084.98498180002,0.0003,1741,61096,8.8,140,244488,-0.15102875232696533,211.23597717285156
5924,187540.84375,4846.3642578125,-94049.3077774,0.0003,1742,61104,8.84,140,244520,-0.17626690864562988,211.16305541992188
5928,199147.171875,4544.5869140625,-94042.55138947001,0.0003,1742,61112,8.6,140,244552,-1.3791539669036865,211.06410217285156
5932,196231.21875,4382.34033203125,-94025.65976039,0.0003,1742,61120,8.6,140,244584,1.1132726669311523,211.12107849121094
5936,187914.328125,4675.31689453125,-94036.24876458,0.0003,1742,61128,8.6,140,244616,1.714604139328003,211.03692626953125
5940,194556.875,4559.1298828125,-94050.98676425999,0.0003,1743,61136,8.59,140,244648,1.2326128482818604,211.09178161621094
5944,200442.90625,4544.4345703125,-94071.12651140001,0.0003,1743,61144,8.59,140,244680,1.1470404863357544,211.17312622070312
5948,193242.546875,4657.126953125,-94077.06342250002,0.0003,1743,61152,8.59,140,244712,-0.2823565602302551,211.24371337890625
5952,197867.8125,4325.16015625,-94097.43675856,0.0003,1744,61160,8.6,140,244744,-1.962822675704956,211.2596435546875
5956,190066.71875,4469.28466796875,-94113.7961267,0.0003,1744,61168,8.6,140,244776,0.21094685792922974,211.26690673828125
5960,205936.40625,4490.91162109375,-94108.96815118002,0.0003,1744,61176,8.6,140,244808,-1.6293654441833496,211.23153686523438
5964,196846.84375,4290.6083984375,-94104.57323214001,0.0003,1744,61184,8.59,140,244840,0.8311806917190552,211.27676391601562
5968,183377.78125,4314.75830078125,-94103.34919128999,0.0003,1745,61192,8.59,140,244872,-2.1050102710723877,211.14845275878906
5972,191640.75,4383.1025390625,-94083.31434880002,0.0003,1745,61200,8.34,140,244904,3.2147903442382812,211.1387939453125
5976,203915.34375,4933.580078125,-94098.37253328,0.0003,1745,61208,8.33,140,244936,-0.5160335302352905,210.98963928222656
5980,197242.859375,4578.18603515625,-94106.34653576998,0.0003,1746,61217,8.34,140,244972,1.4422287940979004,211.13356018066406
5984,196337.40625,4349.177734375,-94094.47389079,0.0003,1746,61225,8.34,140,245004,-0.3679577708244324,211.1403045654297
5988,193743.796875,4543.1630859375,-94079.95745261999,0.0003,1746,61233,8.35,140,245036,0.21776007115840912,211.18109130859375
5992,200404.59375,4469.3564453125,-94073.33319492998,0.0003,1746,61241,8.35,140,245068,0.5170224905014038,211.0983123779297
5996,195011.0,4495.99072265625,-94100.84116138001,0.0003,1747,61249,8.36,140,245100,1.6698048114776611,211.12904357910156
6000,189034.65625,4172.0791015625,-94126.69721992998,0.0003,1747,61257,8.36,140,245132,2.6913187503814697,211.09078979492188
6004,202404.484375,4236.49462890625,-94130.19867863,0.0003,1747,61268,8.36,140,245176,-0.7149451971054077,211.14122009277344
6008,205113.59375,4279.5888671875,-94183.89280002001,0.0003,1748,61284,8.54,140,245240,-1.2140867710113525,211.23939514160156
6012,194764.9375,4318.15087890625,-94168.22645190003,0.0003,1748,61292,8.53,140,245272,4.017823219299316,211.49256896972656
6016,191148.78125,4360.166015625,-94169.20441510002,0.0003,1748,61305,8.29,140,245324,1.7848918437957764,211.58084106445312
6020,191592.578125,4174.3125,-94180.32396896002,0.0003,1749,61322,8.29,140,245392,-1.5228110551834106,211.4141387939453
6024,189915.40625,4329.3720703125,-94190.03379483,0.0003,1749,61332,8.45,140,245432,0.7184985876083374,211.62220764160156
6028,194081.859375,4468.76611328125,-94193.79322440996,0.0003,1750,61344,8.45,140,245480,-1.4685992002487183,211.56398010253906
6032,196455.671875,4307.72607421875,-94203.15348809,0.0003,1750,61354,8.45,140,245520,-0.8392108678817749,211.51829528808594
6036,175820.25,4222.22021484375,-94181.08818466002,0.0003,1750,61368,8.46,140,245576,-1.8634343147277832,211.50860595703125
6040,194263.484375,4125.5791015625,-94154.46110405,0.0003,1751,61378,8.51,140,245616,1.3151710033416748,211.6967010498047
6044,196551.90625,4482.232421875,-94163.54123216998,0.0003,1751,61387,8.52,140,245652,0.5322440266609192,211.77806091308594
6048,193785.4375,4242.43115234375,-94147.79780416997,0.0003,1751,61400,8.52,140,245704,0.5626813173294067,211.8041229248047
6052,195571.578125,4368.09716796875,-94140.44277932,0.0003,1752,61410,8.52,140,245744,-1.41776442527771,211.7762451171875
6056,203722.640625,4788.23681640625,-94122.93609639,0.0003,1752,61419,8.53,140,245780,-0.21710681915283203,211.93385314941406
6060,196157.953125,4813.4443359375,-94113.77938208001,0.0003,1752,61435,8.53,140,245844,1.832229733467102,212.15284729003906
6064,195510.875,4359.9853515625,-94123.4743823,0.0003,1753,61452,8.54,140,245912,-5.476373672485352,211.85198974609375
6068,189446.1875,4364.95849609375,-94125.11382649999,0.0003,1753,61468,8.54,140,245976,-2.4134840965270996,211.93020629882812
6072,197233.96875,4950.4365234375,-94096.69034475001,0.0003,1754,61484,8.54,140,246040,0.9279001951217651,211.9001922607422
6076,193249.953125,4385.3828125,-94087.66149131,0.0003,1754,61500,8.54,140,246104,-2.502140998840332,211.8470458984375
6080,195381.03125,4628.8876953125,-94084.06846204998,0.0003,1755,61516,8.53,140,246168,-1.6229050159454346,211.83645629882812
6084,190643.34375,4182.86865234375,-94099.00314011,0.0003,1755,61532,8.54,140,246232,0.8749411702156067,211.9687042236328
6088,191382.8125,4491.40234375,-94219.15624461001,0.0003,1756,61542,9.62,140,246272,-0.5122498273849487,211.92181396484375
6092,192478.53125,4229.58740234375,-94228.51221380002,0.0003,1756,61556,9.63,140,246328,-1.1051113605499268,212.06344604492188
6096,187306.3125,4389.10693359375,-94201.85772926999,0.0003,1756,61565,9.63,140,246364,2.2966508865356445,212.1579132080078
6100,189562.5625,4323.56103515625,-94166.46127858,0.0003,1757,61582,9.64,140,246432,1.5943210124969482,212.21437072753906
6104,186314.515625,4763.37841796875,-94167.2281205,0.0003,1757,61593,9.85,140,246476,0.24486824870109558,212.20626831054688
6108,191709.984375,4284.83740234375,-94147.8085088,0.0003,1758,61607,9.66,140,246532,-1.734324336051941,212.14312744140625
6112,198907.25,4485.078125,-94135.06844972,0.0003,1758,61615,9.66,140,246564,0.6368390917778015,212.13504028320312
6116,183406.171875,4307.974609375,-94115.62946719003,0.0003,1758,61625,9.66,140,246604,-0.3829655051231384,212.1649932861328
6120,187766.4375,4477.70703125,-94128.11028150002,0.0003,1759,61639,9.65,140,246660,3.206193447113037,212.4010467529297
6124,189125.75,4257.31494140625,-94135.01009750998,0.0003,1759,61647,9.45,140,246692,-2.8732552528381348,212.37289428710938
6128,196108.296875,4279.98388671875,-94103.33013309,0.0003,1759,61657,9.45,140,246732,-0.6311744451522827,212.52322387695312
6132,198339.515625,4855.09130859375,-94080.47234696001,0.0003,1760,61671,9.44,140,246788,1.1669983863830566,212.72021484375
6136,182972.5,4171.33203125,-94071.25634315,0.0003,1760,61679,9.45,140,246820,-2.7040927410125732,212.7965087890625
6140,191601.546875,4208.4765625,-94098.39278699999,0.0003,1760,61690,9.41,140,246864,0.7190845012664795,212.90977478027344
6144,178823.71875,4396.91845703125,-94102.67402047,0.0003,1761,61703,9.4,140,246916,-0.2698959708213806,212.89759826660156
6148,189610.09375,4267.1376953125,-94108.72491991002,0.0003,1761,61713,9.41,140,246956,4.112678527832031,213.03233337402344
6152,188440.1875,4672.7451171875,-94086.78554678001,0.0003,1761,61722,9.4,140,246992,0.47244352102279663,212.8331298828125
6156,189699.09375,4411.29931640625,-94051.80441881997,0.0003,1762,61735,9.39,140,247044,-1.3850629329681396,212.814453125
6160,193865.5,4969.74072265625,-94052.17748758003,0.0003,1762,61745,9.39,140,247084,0.668726921081543,212.7891845703125
6164,194474.703125,5248.328125,-94061.17988197,0.0003,1762,61754,9.38,140,247120,0.5353744626045227,212.80999755859375
6168,188112.59375,4172.3505859375,-94080.57166733999,0.0003,1763,61767,9.38,140,247172,-0.23838961124420166,212.5323486328125
6172,189857.6875,4144.26708984375,-94116.6938344,0.0003,1763,61777,9.38,140,247212,0.2940256893634796,212.43284606933594
6176,199056.671875,4419.30615234375,-94104.32528,0.0003,1763,61786,9.38,140,247248,-0.8804072737693787,212.39183044433594
6180,199341.25,4217.82421875,-94089.72594100003,0.0003,1764,61799,9.38,140,247300,-0.1901802122592926,212.30191040039062
6184,184371.125,4063.609130859375,-94076.31717556002,0.0003,1764,61809,9.37,140,247340,1.2123420238494873,212.37176513671875
6188,190474.875,4020.875732421875,-93951.25840627,0.0003,1764,61818,8.28,140,247376,-1.661893367767334,212.2587890625
6192,181787.3125,4101.6220703125,-93933.57475656,0.0003,1765,61831,8.27,140,247428,-0.23990219831466675,212.27215576171875
6196,190894.71875,4533.9140625,-93906.28794196,0.0003,1765,61841,8.27,140,247468,-1.2602217197418213,212.30767822265625
6200,202532.71875,4655.5693359375,-93918.79128500998,0.0003,1765,61851,8.26,140,247508,-1.0598376989364624,212.22225952148438
6204,191938.8125,4542.40966796875,-93896.78584665,0.0003,1766,61863,8.04,140,247556,-0.9447594881057739,212.1781463623047
6208,183455.421875,4814.22607421875,-93880.54585196002,0.0003,1766,61873,8.04,140,247596,-1.5304287672042847,212.09619140625
6212,182458.875,4195.845703125,-93885.55424494,0.0003,1766,61883,8.04,140,247636,0.33440491557121277,212.16236877441406
6216,196697.9375,5067.13330078125,-93879.44259328999,0.0003,1767,61895,8.04,140,247684,2.080404281616211,212.0509033203125
6220,206080.625,4949.12353515625,-93865.55754619,0.0003,1767,61905,8.04,140,247724,-2.318070650100708,211.80653381347656
6224,192006.828125,4697.86669921875,-93866.41691850999,0.0003,1767,61915,8.04,140,247764,1.737019658088684,211.8501739501953
6228,192515.171875,4825.13427734375,-93890.23926551,0.0003,1768,61928,8.05,140,247816,3.9883105754852295,211.6580352783203
6232,195461.34375,4327.484375,-93902.02019518001,0.0003,1768,61937,8.05,140,247852,1.8667571544647217,211.54319763183594
6236,181200.21875,4117.44189453125,-93887.45965591,0.0003,1768,61947,8.04,140,247892,-0.2024528980255127,211.29258728027344
6240,193734.03125,4441.66357421875,-93873.82343844003,0.0003,1769,61963,8.03,140,247956,-1.4243240356445312,211.110595703125
6244,189341.15625,4348.47412109375,-93891.34275307,0.0003,1769,61976,8.26,140,248008,2.208284378051758,211.03945922851562
6248,191169.75,4235.11669921875,-93909.22278632,0.0003,1770,61993,8.26,140,248076,-0.3040659427642822,210.67286682128906
6252,190719.625,4407.01171875,-93923.75577991002,0.0003,1770,62004,8.44,140,248120,0.16996222734451294,210.79837036132812
6256,184529.90625,4444.3935546875,-93968.65023614002,0.0003,1771,62016,8.44,140,248168,0.18755990266799927,210.7049102783203
6260,179514.578125,4171.20361328125,-93973.44128629999,0.0003,1771,62026,8.44,140,248208,-1.4259977340698242,210.61109924316406
6264,186976.09375,4865.435546875,-93959.01353009,0.0003,1771,62036,8.44,140,248248,-1.6962485313415527,210.46884155273438
6268,186394.046875,4121.478515625,-93949.78803089,0.0003,1772,62048,8.44,140,248296,2.584388494491577,210.3343963623047
6272,195648.765625,4475.8203125,-93912.57279091002,0.0003,1772,62058,8.44,140,248336,1.3741710186004639,210.15655517578125
6276,187929.1875,4096.7412109375,-93903.24613992,0.0003,1772,62068,8.44,140,248376,-0.33750206232070923,210.12799072265625
6280,198391.765625,4219.37939453125,-93924.72103480002,0.0003,1773,62080,8.44,140,248424,-1.013149619102478,210.22991943359375
6284,185583.15625,4257.66845703125,-93915.57638022002,0.0003,1773,62090,8.44,140,248464,-1.1287938356399536,210.1070556640625
6288,186282.28125,4458.71484375,-93927.61484939001,0.0003,1773,62100,8.44,140,248504,-1.8071773052215576,210.09011840820312
6292,185169.34375,4772.88427734375,-93944.73645585001,0.0003,1774,62112,8.44,140,248552,-0.8466726541519165,209.9405059814453
6296,182716.3125,4011.71533203125,-95381.24452428,0.0003,1774,62122,16.92,140,248592,-1.9424045085906982,209.80410766601562
6300,183206.75,4356.16552734375,-95376.38967380002,0.0003,1774,62130,16.92,140,248624,3.0589332580566406,209.76519775390625
6304,185905.40625,4273.73291015625,-95391.17929048002,0.0003,1774,62138,16.92,140,248656,-1.1869525909423828,209.62139892578125
6308,179107.375,4307.412109375,-95386.17669704003,0.0003,1775,62146,16.92,140,248688,1.991290807723999,209.5724334716797
6312,193144.953125,4418.0615234375,-95513.63126670997,0.0003,1775,62159,17.11,140,248740,-0.5041002631187439,209.47711181640625
6316,186374.09375,4140.06787109375,-95516.43491909001,0.0003,1775,62167,17.11,140,248772,-1.0629453659057617,209.36367797851562
6320,181535.3125,4069.75830078125,-95531.41289292001,0.0003,1776,62175,17.11,140,248804,0.7526568174362183,209.39553833007812
6324,182594.71875,4445.67578125,-95538.30812687002,0.0003,1776,62183,17.11,140,248836,2.2462849617004395,209.40609741210938
6328,184182.75,4141.90576171875,-95508.67293920998,0.0003,1776,62191,17.1,140,248868,2.8573293685913086,209.32733154296875
6332,181453.5625,4063.363525390625,-95522.56729565,0.0003,1776,62199,17.1,140,248900,-0.9053999185562134,209.16989135742188
6336,195953.484375,4388.91162109375,-95534.91959667999,0.0003,1777,62207,17.1,140,248932,0.5223283767700195,208.9951171875
6340,189313.578125,4432.451171875,-95533.9448953,0.0003,1777,62215,17.1,140,248964,-2.4453444480895996,208.88014221191406
6344,197139.40625,4888.39111328125,-95493.51578868998,0.0003,1777,62223,16.87,140,248996,-0.9720244407653809,208.83363342285156
6348,193524.9375,4581.39453125,-95460.99100438,0.0003,1778,62231,16.86,140,249028,-0.35499417781829834,208.73587036132812
6352,194225.125,4357.42626953125,-95466.35122566998,0.0003,1778,62239,16.68,140,249060,-0.06129994988441467,208.6340789794922
6356,196906.765625,4476.931640625,-95442.40673206,0.0003,1778,62247,16.69,140,249092,-0.30854353308677673,208.5335235595703
6360,186192.71875,4248.4990234375,-95437.46909967998,0.0003,1779,62259,16.7,140,249140,0.08054965734481812,208.38035583496094
6364,177999.59375,4069.745361328125,-95411.76729362001,0.0003,1779,62268,16.72,140,249176,3.1183583736419678,208.19284057617188
6368,180008.1875,4063.576171875,-95417.32735164004,0.0003,1779,62277,16.95,140,249212,-1.0361223220825195,208.01214599609375
6372,186277.34375,4109.8115234375,-95443.30772439,0.0003,1779,62285,16.96,140,249244,2.1541812419891357,207.97425842285156
6376,178642.84375,4738.296875,-95454.65511468,0.0003,1780,62293,16.97,140,249276,-0.41649335622787476,207.85400390625
6380,190619.96875,3997.4140625,-95429.70230897,0.0003,1780,62301,16.97,140,249308,0.58885657787323,207.9340057373047
6384,180428.984375,4460.63623046875,-95436.07505048,0.0003,1780,62309,16.97,140,249340,0.36920997500419617,207.88987731933594
6388,199248.78125,4325.72900390625,-95436.80347880001,0.0003,1780,62317,16.97,140,249372,0.8415167331695557,207.90713500976562
6392,178923.1875,4132.0869140625,-95440.92495208001,0.0003,1781,62325,16.97,140,249404,-0.460943341255188,207.83834838867188
6396,184138.90625,4119.18505859375,-94044.13839872,0.0003,1781,62335,8.48,140,249444,-0.48897936940193176,207.95025634765625
6400,191422.140625,4209.4052734375,-94038.10509947999,0.0003,1781,62343,8.52,140,249476,-2.8513057231903076,207.79513549804688
6404,189304.46875,4162.2724609375,-94058.98365215,0.0003,1782,62351,8.52,140,249508,1.8364038467407227,207.8629150390625
6408,180318.9375,4071.96142578125,-94034.13791242,0.0003,1782,62359,8.52,140,249540,-0.8203617334365845,207.78146362304688
6412,181097.75,4143.73486328125,-93934.26038369,0.0003,1782,62367,8.34,139,249572,1.4716861248016357,207.7474822998047
6416,186483.390625,4922.419921875,-93923.90133908,0.0003,1782,62375,8.34,139,249604,-0.11470657587051392,207.630126953125
6420,179741.4375,4090.894775390625,-93907.75199301001,0.0003,1783,62383,8.34,139,249636,3.772783041000366,207.56507873535156
6424,186358.0,4188.0185546875,-93862.74698566,0.0003,1783,62391,8.36,139,249668,-1.059822678565979,207.35220336914062
6428,180041.59375,4246.67431640625,-93879.36431726001,0.0003,1783,62399,8.36,139,249700,3.740398406982422,207.40025329589844
6432,182493.96875,5226.51513671875,-93858.40414538,0.0003,1784,62407,8.36,139,249732,1.1454458236694336,207.2248992919922
6436,182322.6875,3963.273193359375,-93865.30055046,0.0003,1784,62415,8.36,139,249764,-2.9689552783966064,207.01068115234375
6440,183826.28125,4113.39501953125,-93869.2581458,0.0003,1784,62423,8.37,139,249796,1.1633574962615967,206.9776153564453
6444,191403.109375,4481.61572265625,-93908.05615775002,0.0003,1784,62432,8.39,139,249832,-0.2360687255859375,206.9545135498047
6448,195822.921875,4276.35791015625,-93903.98248626999,0.0003,1785,62440,8.39,139,249864,-0.7429912090301514,206.92312622070312
6452,177085.71875,4610.79736328125,-93934.74050024999,0.0003,1785,62448,8.39,139,249896,-0.17816632986068726,206.93260192871094
6456,185283.75,4452.02685546875,-93931.85395304998,0.0003,1785,62456,8.38,139,249928,0.43270838260650635,206.8768768310547
6460,192879.484375,4766.41259765625,-93950.28080689999,0.0003,1785,62464,8.36,139,249960,-1.5057255029678345,206.76651000976562
6464,191388.21875,4288.41943359375,-93935.59632271001,0.0003,1786,62472,8.35,139,249992,1.8378512859344482,206.8120574951172
6468,184680.84375,4021.087890625,-93906.75006545999,0.0003,1786,62480,8.14,139,250024,-0.2360687553882599,206.73141479492188
6472,181508.25,3897.7900390625,-93994.179223,0.0003,1786,62488,8.18,139,250056,2.310685157775879,206.80259704589844
6476,179439.921875,4187.00341796875,-93976.95091843998,0.0003,1787,62496,8.17,139,250088,0.24173542857170105,206.8297119140625
6480,183630.96875,4161.9755859375,-93987.97234661,0.0003,1787,62504,8.19,139,250120,-1.2371492385864258,206.78810119628906
6484,183194.390625,4515.3564453125,-93967.09150397999,0.0003,1787,62512,8.19,139,250152,-1.7989658117294312,206.8085174560547
6488,181085.96875,4286.3037109375,-93928.87379306999,0.0003,1788,62524,8.25,139,250200,0.929934561252594,206.9490966796875
6492,179672.75,3993.81787109375,-93913.1456497,0.0003,1788,62532,8.27,139,250232,-0.491699755191803,206.9196014404297
6496,176471.46875,3956.026123046875,-93901.89449204999,0.0003,1788,62541,8.29,139,250268,3.3829686641693115,206.9783935546875
6500,178997.015625,3980.95654296875,-93889.42032809001,0.0003,1788,62549,8.25,139,250300,-1.520864725112915,206.71287536621094
6504,179577.171875,4116.21826171875,-93875.39280665001,0.0003,1789,62557,8.25,139,250332,2.9963314533233643,206.53109741210938
6508,181059.90625,4142.13134765625,-93900.08760618999,0.0003,1789,62565,8.25,139,250364,-1.7599811553955078,206.23301696777344
6512,178344.90625,4002.5927734375,-93869.90400568001,0.0003,1789,62573,8.24,139,250396,3.433854103088379,206.25454711914062
6516,176552.203125,4035.809326171875,-93854.05398289998,0.0003,1790,62581,8.25,139,250428,-1.0870733261108398,206.07052612304688
6520,182662.53125,4040.9609375,-93860.26677820999,0.0003,1790,62589,8.26,139,250460,3.747408390045166,206.06178283691406
6524,176268.96875,4039.52783203125,-93889.24636457,0.0003,1790,62597,8.25,139,250492,-2.122485876083374,205.98574829101562
6528,173076.390625,4038.072265625,-93871.35842514,0.0003,1790,62605,8.25,139,250524,3.124368190765381,205.9309539794922
6532,181891.09375,4490.58056640625,-93901.69566413,0.0003,1791,62613,8.25,139,250556,0.23775488138198853,205.8410186767578
6536,177434.5,4070.39013671875,-93869.39755873001,0.0003,1791,62621,8.25,139,250588,1.0717713832855225,205.8141326904297
6540,182128.59375,4085.581298828125,-93863.49426768001,0.0003,1791,62630,8.24,139,250624,1.0046685934066772,205.6968994140625
6544,189412.0625,4195.54638671875,-93839.83267196,0.0003,1792,62642,8.23,139,250672,-0.6758370399475098,205.5706024169922
6548,187129.90625,4228.66162109375,-93953.84131473002,0.0003,1792,62651,8.47,139,250708,-0.6157641410827637,205.59373474121094
6552,180032.40625,4636.41064453125,-93931.72208189001,0.0003,1792,62659,8.47,139,250740,-0.5991334915161133,205.61764526367188
6556,189160.21875,4516.53466796875,-93899.81179201997,0.0003,1792,62667,8.47,139,250772,-0.029656410217285156,205.59579467773438
6560,187039.25,4136.56787109375,-93895.28310252,0.0003,1793,62677,8.48,139,250812,-1.9273803234100342,205.4813232421875
6564,195208.125,4664.15087890625,-93954.89346722001,0.0003,1793,62688,8.54,139,250856,-0.04750204086303711,205.34036254882812
6568,185723.984375,4209.2939453125,-93962.17965417002,0.0003,1793,62696,8.73,139,250888,-1.415581226348877,205.2364044189453
6572,179631.015625,4039.36083984375,-93880.91784954,0.0003,1794,62704,8.68,139,250920,-0.4003516435623169,205.20225524902344
6576,175504.6875,4027.447021484375,-93870.02904426,0.0003,1794,62712,8.68,139,250952,0.9161824584007263,205.25735473632812
6580,178410.796875,4083.67431640625,-93853.63103471996,0.0003,1794,62720,8.67,139,250984,0.07022637128829956,205.08457946777344
6584,188394.53125,4114.1337890625,-93861.60644942001,0.0003,1795,62729,8.69,139,251020,1.076387643814087,205.1237030029297
6588,178869.75,3976.473876953125,-93888.26393406001,0.0003,1795,62737,8.63,139,251052,1.698376178741455,205.06541442871094
6592,178648.765625,3995.323974609375,-93900.49712247,0.0003,1795,62746,8.62,139,251088,0.9273033142089844,204.931396484375
6596,181484.578125,4173.62890625,-93873.16920783998,0.0003,1795,62754,8.62,139,251120,0.5209485292434692,204.80020141601562
6600,182299.28125,4017.15478515625,-93887.21076575002,0.0003,1796,62763,8.64,139,251156,-1.0541293621063232,204.6405792236328
6604,187779.90625,4060.48193359375,-93873.49330840002,0.0003,1796,62771,8.64,139,251188,0.45042914152145386,204.63775634765625
6608,184806.3125,4119.0068359375,-93850.47357594,0.0003,1796,62779,8.64,139,251220,0.18974322080612183,204.45791625976562
6612,173281.765625,3868.645263671875,-93854.47288682999,0.0003,1797,62790,8.69,139,251264,1.0831164121627808,204.3836212158203
6616,181592.625,4563.81640625,-93836.90870728,0.0003,1797,62799,8.7,139,251300,0.05841487646102905,204.2001953125
6620,171787.359375,4223.46337890625,-93939.45496106,0.0003,1797,62807,8.73,139,251332,2.7519073486328125,204.05838012695312
6624,183384.53125,4428.5390625,-93916.05093952,0.0003,1797,62815,8.72,139,251364,-0.8032242655754089,203.9571990966797
6628,163528.984375,4032.046142578125,-93940.71461492,0.0003,1798,62823,8.72,139,251396,2.843703269958496,203.89292907714844
6632,188856.3125,4210.41845703125,-93913.30337646003,0.0003,1798,62831,8.72,139,251428,1.326724886894226,203.6533203125
6636,185595.6875,4075.48046875,-93923.42496595999,0.0003,1798,62841,8.72,139,251468,0.7197073698043823,203.60768127441406
6640,189286.125,4065.720947265625,-93935.00104357001,0.0003,1799,62852,8.72,139,251512,-0.9912769198417664,203.4972381591797
6644,174706.765625,4007.4970703125,-93946.22688691,0.0003,1799,62860,8.72,139,251544,1.418778896331787,203.42709350585938
6648,186290.671875,4111.63037109375,-93805.88115205002,0.0003,1799,62873,8.84,139,251596,0.12126320600509644,203.20574951171875
6652,181618.96875,3990.5771484375,-93813.02280397002,0.0003,1800,62881,8.86,139,251628,0.12153089046478271,203.11964416503906
6656,180299.71875,4286.25244140625,-93826.06618049,0.0003,1800,62889,8.87,139,251660,-0.3669445514678955,202.98785400390625
6660,178750.3125,3942.426513671875,-93808.51556487,0.0003,1800,62899,8.86,139,251700,0.7817429900169373,203.0486602783203
6664,177005.234375,4620.4521484375,-93752.89462969998,0.0003,1801,62908,8.8,139,251736,1.6612865924835205,202.89108276367188
6668,181123.25,3959.921875,-93809.85787276001,0.0003,1801,62916,8.79,139,251768,-2.0095276832580566,202.7166290283203
6672,181933.71875,4859.935546875,-93802.55091680001,0.0003,1801,62925,8.81,139,251804,-1.327712059020996,202.6610565185547
6676,166958.0,3725.490966796875,-93803.11984879998,0.0003,1801,62934,8.82,139,251840,-0.4433973431587219,202.54058837890625
6680,174490.8125,3884.41650390625,-93814.56049638001,0.0003,1802,62943,8.82,139,251876,1.1103429794311523,202.46681213378906
6684,177740.0,4463.21728515625,-93814.12337372,0.0003,1802,62953,8.8,139,251916,1.389419436454773,202.27459716796875
6688,185312.375,4285.15771484375,-93820.82766327998,0.0003,1802,62963,8.8,139,251956,1.0564852952957153,202.13873291015625
6692,163017.0625,3694.121337890625,-93775.97041598,0.0003,1803,62974,8.8,139,252000,2.0659022331237793,201.8925323486328
6696,178992.734375,3937.840576171875,-93853.03080332,0.0003,1803,62984,9.11,139,252040,2.143739938735962,201.9425811767578
6700,174231.4375,4310.87744140625,-93833.29946269002,0.0003,1803,62992,9.09,139,252072,-0.2638099193572998,201.8219757080078
6704,172292.265625,3866.114013671875,-93825.55104902,0.0003,1804,63000,9.1,139,252104,0.047520339488983154,201.73239135742188
6708,177710.203125,3993.88525390625,-93825.14515442001,0.0003,1804,63008,9.11,139,252136,-0.2563885450363159,201.6302490234375
6712,162808.28125,3848.6552734375,-93840.16988936,0.0003,1804,63016,9.08,139,252168,-0.4058806300163269,201.4773406982422
6716,176762.75,3978.832275390625,-93852.05755278001,0.0003,1804,63024,9.09,139,252200,1.1329292058944702,201.4207763671875
6720,180992.21875,4274.80419921875,-93763.72928673001,0.0003,1805,63032,9.06,139,252232,-1.193570613861084,201.37477111816406
6724,171502.484375,4005.2236328125,-93767.74428976001,0.0003,1805,63040,9.06,139,252264,3.8093714714050293,201.48033142089844
6728,179959.5,4044.27490234375,-93743.85693101001,0.0003,1805,63049,9.08,139,252300,0.04144328832626343,201.36805725097656
6732,188732.671875,4127.5546875,-93737.22937998002,0.0003,1806,63057,9.08,139,252332,-0.4482914209365845,201.33184814453125
6736,171397.65625,3980.25830078125,-93753.72927556999,0.0003,1806,63065,9.09,139,252364,1.3968822956085205,201.34068298339844
6740,178110.328125,4180.68603515625,-93745.58201204,0.0003,1806,63073,9.1,139,252396,-1.6427319049835205,201.24057006835938
6744,173959.546875,4020.068359375,-93753.52736072999,0.0003,1806,63081,9.1,139,252428,1.6499378681182861,201.20114135742188
6748,184918.453125,3993.890625,-93714.4678034,0.0003,1807,63091,8.79,139,252468,-0.8737592101097107,201.0703125
6752,178161.734375,4069.284423828125,-93702.80309378,0.0003,1807,63099,8.77,139,252500,-0.7536262273788452,201.06809997558594
6756,182292.359375,4346.07080078125,-93703.14976871999,0.0003,1807,63107,8.77,139,252532,0.7021293044090271,201.06954956054688
6760,178945.828125,4142.27294921875,-93710.21166729,0.0003,1807,63115,8.77,139,252564,0.04958808422088623,201.1161651611328
6764,175339.5,4082.501708984375,-93726.27833608999,0.0003,1808,63123,8.77,139,252596,-2.8481674194335938,201.1125946044922
6768,175910.5,4221.07666015625,-93651.20311165,0.0003,1808,63131,8.58,139,252628,2.4529991149902344,201.2443084716797
6772,173267.140625,3998.003173828125,-93650.11985249999,0.0003,1808,63139,8.58,139,252660,-0.44114649295806885,201.1094512939453
6776,166965.71875,3817.0087890625,-93642.40692503,0.0003,1809,63148,8.59,139,252696,2.9312515258789062,201.07080078125
6780,189455.78125,4526.7607421875,-93633.17060907999,0.0003,1809,63162,8.6,139,252752,0.3676808178424835,200.9184112548828
6784,174371.9375,4291.0927734375,-93714.39927328001,0.0003,1810,63172,8.62,139,252792,-0.4979158937931061,200.87002563476562
6788,176951.421875,3842.335693359375,-93725.62414835,0.0003,1810,63180,8.8,139,252824,2.8534324169158936,200.9268341064453
6792,173155.90625,4013.955810546875,-93844.73936291998,0.0003,1810,63194,8.81,139,252880,1.0878182649612427,200.97129821777344
6796,176868.1875,3904.3583984375,-93914.97179493,0.0003,1811,63204,8.69,139,252920,-0.300459086894989,200.92837524414062
6800,169601.421875,3747.6875,-94036.76031901002,0.0003,1811,63213,8.9,139,252956,3.069530963897705,200.9444580078125
6804,175138.421875,3863.312255859375,-94037.28634089998,0.0003,1811,63221,8.89,139,252988,-0.2966877222061157,200.8603515625
6808,173452.65625,3900.12841796875,-94050.73726715,0.0003,1811,63229,8.88,139,253020,-0.5363967418670654,200.90892028808594
6812,175557.40625,3912.7978515625,-94036.02022143001,0.0003,1812,63238,8.87,139,253056,1.444136619567871,201.02708435058594
6816,173740.40625,4313.7490234375,-94005.69693429003,0.0003,1812,63246,8.86,139,253088,-1.26913583278656,200.96774291992188
6820,169535.0625,4264.701171875,-93969.95090753,0.0003,1812,63254,8.85,139,253120,2.0481388568878174,201.0894012451172
6824,173771.90625,4087.3662109375,-93951.46312223002,0.0003,1813,63262,8.86,139,253152,-2.080085039138794,201.08595275878906
6828,171641.65625,3725.38623046875,-93930.95800523998,0.0003,1813,63270,8.85,139,253184,2.1645326614379883,201.27301025390625
6832,176300.5625,4093.458251953125,-93920.97801620999,0.0003,1813,63279,8.87,139,253220,-0.9054486751556396,201.32215881347656
6836,180579.875,4085.912353515625,-93904.14945077,0.0003,1813,63287,8.86,139,253252,2.3548760414123535,201.31832885742188
6840,178905.6875,3990.356689453125,-93870.55744923,0.0003,1814,63299,8.85,139,253300,-2.08080792427063,201.21878051757812
6844,179172.25,3824.212158203125,-93782.08389329001,0.0003,1814,63307,8.95,139,253332,0.7060908079147339,201.2203369140625
6848,173054.53125,3784.8818359375,-93817.66776811998,0.0003,1814,63315,8.9,139,253364,0.9656213521957397,201.2204132080078
6852,175263.734375,3950.920166015625,-93825.85089548999,0.0003,1815,63324,8.9,139,253400,-0.6528637409210205,201.1973114013672
6856,175550.9375,4015.003662109375,-93809.03289540998,0.0003,1815,63332,8.9,139,253432,2.6828813552856445,201.18138122558594
6860,172134.734375,3801.253662109375,-93796.84071000997,0.0003,1815,63340,8.91,139,253464,0.5945355892181396,201.0606231689453
6864,178290.65625,3871.368896484375,-93797.94657469001,0.0003,1816,63348,8.92,139,253496,0.398085355758667,200.93948364257812
6868,173142.109375,4021.53662109375,-93817.79583929999,0.0003,1816,63356,8.93,139,253528,1.0882573127746582,200.75933837890625
6872,178614.125,4225.078125,-93798.55671755999,0.0003,1816,63365,8.92,139,253564,-1.6577496528625488,200.57887268066406
6876,175391.9375,3850.125732421875,-93811.41086874997,0.0003,1816,63373,8.91,139,253596,-0.7889891862869263,200.52542114257812
6880,172732.03125,3856.13134765625,-93790.51410913997,0.0003,1817,63381,8.9,139,253628,2.717217206954956,200.4461669921875
6884,175250.234375,4154.294921875,-93806.38018867,0.0003,1817,63389,8.89,139,253660,0.07170075178146362,200.3475341796875
6888,176595.078125,4028.944091796875,-93667.14775095,0.0003,1817,63397,8.7,139,253692,0.6701914072036743,200.31793212890625
6892,171679.09375,4065.75830078125,-93566.59654060999,0.0003,1818,63406,8.69,139,253728,2.984217405319214,200.38681030273438
6896,179861.03125,4018.403564453125,-93417.82708261,0.0003,1818,63416,8.48,139,253768,-0.4300804138183594,200.29653930664062
6900,175506.59375,4006.646728515625,-93267.17328797001,0.0003,1818,63426,8.27,139,253808,-0.6901617646217346,200.35911560058594
6904,180676.65625,3951.03173828125,-93276.38637675997,0.0003,1819,63435,8.49,139,253844,-1.427137851715088,200.13766479492188
6908,174765.8125,4168.3662109375,-93239.92306354002,0.0003,1819,63443,8.49,139,253876,1.7726998329162598,200.0753631591797
6912,183210.46875,4373.3583984375,-93199.25549851,0.0003,1819,63451,8.48,139,253908,-1.7953393459320068,199.9580535888672
6916,171151.8125,4052.03564453125,-93208.12280758,0.0003,1819,63459,8.48,139,253940,3.2828595638275146,199.91905212402344
6920,173827.03125,4208.8212890625,-93223.27836077,0.0003,1820,63467,8.48,139,253972,-2.2440223693847656,199.69259643554688
6924,175266.1875,4173.4931640625,-93229.51399352,0.0003,1820,63475,8.47,139,254004,2.596980094909668,199.6763153076172
6928,171806.578125,3873.999267578125,-93242.9786561,0.0003,1820,63483,8.46,139,254036,-1.9901080131530762,199.45468139648438
6932,171546.78125,3842.066650390625,-93280.59517808999,0.0003,1821,63491,8.46,139,254068,1.7871603965759277,199.412841796875
6936,180245.234375,3958.001708984375,-93259.34331918998,0.0003,1821,63504,8.48,139,254120,-0.7914794087409973,199.12493896484375
6940,174481.6875,4243.41845703125,-93287.98168346999,0.0003,1821,63521,8.45,139,254188,-0.021454691886901855,199.0392303466797
6944,171031.484375,3785.521484375,-93457.08883379001,0.0003,1822,63539,8.78,139,254260,0.7981055974960327,199.01199340820312
6948,172634.84375,4233.9921875,-93699.58424723001,0.0003,1823,63557,8.98,139,254332,-0.13022249937057495,198.73204040527344
6952,169938.6875,3757.859130859375,-93784.03585356001,0.0003,1823,63570,9.22,139,254384,1.2115862369537354,198.53114318847656
6956,165312.90625,3921.44482421875,-93748.96116148001,0.0003,1823,63581,9.21,139,254428,2.7351696491241455,198.4541015625
6960,175311.65625,4196.57958984375,-93748.45376921001,0.0003,1824,63590,9.21,139,254464,-0.823621392250061,198.24159240722656
6964,170587.40625,3969.070556640625,-93714.21382488002,0.0003,1824,63604,9.21,139,254520,-0.6320391893386841,198.08917236328125
6968,173462.875,3936.0009765625,-93683.63447288,0.0003,1824,63618,9.24,139,254576,-0.4505096673965454,197.9469757080078
6972,174751.34375,3943.6318359375,-93668.43176489997,0.0003,1825,63634,9.49,139,254640,0.6472965478897095,197.7943115234375
6976,176724.359375,4085.92578125,-93616.63915793001,0.0003,1825,63647,9.55,139,254692,2.224482536315918,197.88458251953125
6980,169817.84375,4098.78125,-93616.46170467,0.0003,1826,63658,9.56,139,254736,0.1464037001132965,197.6471405029297
6984,177616.625,4306.49072265625,-93614.28019741998,0.0003,1826,63670,9.57,139,254784,0.819732666015625,197.59510803222656
6988,173494.21875,4039.406982421875,-93597.17521396,0.0003,1826,63680,9.59,139,254824,-0.4015423059463501,197.4416961669922
6992,164737.125,3891.51611328125,-93583.04831991,0.0003,1827,63692,9.59,139,254872,0.15987879037857056,197.3593292236328
6996,177771.171875,3879.52001953125,-93587.56276033,0.0003,1827,63704,9.6,139,254920,-2.6088452339172363,197.10023498535156
7000,164485.6875,4284.17431640625,-93588.29011343999,0.0003,1827,63713,9.62,139,254956,0.5630117058753967,197.02159118652344
7004,171728.4375,3843.0732421875,-93585.85252725001,0.0003,1828,63726,9.43,139,255008,0.9044659733772278,196.9716033935547
7008,180258.28125,4123.78466796875,-93585.00149007003,0.0003,1828,63737,9.43,139,255052,-0.5672727227210999,196.85894775390625
7012,178698.921875,4085.10693359375,-93626.51991115003,0.0003,1828,63748,9.45,139,255096,0.9544150233268738,196.66529846191406
7016,169199.125,3884.72314453125,-93626.94034500999,0.0003,1829,63759,9.44,139,255140,0.47095179557800293,196.5878448486328
7020,178349.84375,4025.5087890625,-93606.35848256998,0.0003,1829,63770,9.45,139,255184,0.12139968574047089,196.55560302734375
7024,174972.59375,4361.8994140625,-93618.43405135,0.0003,1830,63781,9.47,139,255228,1.3090159893035889,196.4976043701172
7028,171993.765625,4453.17919921875,-93617.3506668,0.0003,1830,63793,9.51,139,255276,-1.0783543586730957,196.37881469726562
7032,166927.15625,3798.95263671875,-93593.56511313001,0.0003,1830,63807,9.51,139,255332,-0.3672252893447876,196.36196899414062
7036,176204.4375,3981.76318359375,-93643.82752401,0.0003,1831,63823,9.68,139,255396,0.7254308462142944,196.47219848632812
7040,172569.546875,4055.6669921875,-93642.42148472999,0.0003,1831,63832,9.68,139,255432,-0.1396484375,196.4207763671875
7044,172619.0625,3844.3466796875,-93491.46449477998,0.0003,1832,63843,9.31,139,255476,-1.9208862781524658,196.2888641357422
7048,166456.296875,3943.7783203125,-93252.25093577002,0.0003,1832,63858,9.13,139,255536,1.3767327070236206,196.24691772460938
7052,179324.390625,4002.97314453125,-93156.51598128003,0.0003,1832,63874,8.9,139,255600,3.1930437088012695,196.21202087402344
7056,174180.640625,3875.265625,-93181.08893192999,0.0003,1833,63891,8.91,139,255668,-3.1966593265533447,196.0485382080078
7060,174717.34375,3995.26708984375,-93713.88181653,0.0003,1833,63899,13.18,139,255700,-1.5330702066421509,196.02284240722656
7064,165770.734375,3886.76708984375,-93716.94307732997,0.0003,1833,63907,13.18,139,255732,1.745321273803711,196.21913146972656
7068,167223.0,3970.997802734375,-93710.82894602999,0.0003,1834,63915,13.13,139,255764,0.6172469258308411,196.168701171875
7072,170706.0625,3882.79345703125,-93716.33098965003,0.0003,1834,63926,12.87,139,255808,-1.9951016902923584,195.93563842773438
7076,177044.125,3874.860107421875,-93783.55977488,0.0003,1834,63935,12.81,139,255844,-2.107292652130127,195.9592742919922
7080,177746.59375,4315.33154296875,-93830.55484464997,0.0003,1835,63944,13.03,139,255880,4.049103736877441,195.99630737304688
7084,157300.203125,3569.8896484375,-93788.90771353999,0.0003,1835,63952,13.02,139,255912,3.2013659477233887,195.92649841308594
7088,166250.25,3823.886962890625,-93796.81814611997,0.0003,1835,63960,13.0,139,255944,-3.3449819087982178,195.73776245117188
7092,167455.625,4180.74853515625,-93813.59720571,0.0003,1836,63971,12.99,139,255988,-0.10321813821792603,195.687744140625
7096,169346.953125,4055.955810546875,-93815.99464963,0.0003,1836,63983,13.0,139,256036,2.828181266784668,195.67636108398438
7100,173887.625,3955.650634765625,-93844.25234508999,0.0003,1836,63991,13.16,139,256068,0.05530822277069092,195.50782775878906
7104,167802.984375,4339.32080078125,-93798.64319873998,0.0003,1837,63999,13.13,139,256100,-0.05387306213378906,195.5726318359375
7108,167262.65625,4234.32080078125,-93803.45034203,0.0003,1837,64007,13.13,139,256132,2.5696840286254883,195.4586181640625
7112,175227.90625,3849.809326171875,-93756.40843411001,0.0003,1837,64015,13.12,139,256164,-2.3435487747192383,195.20191955566406
7116,161542.90625,3868.384521484375,-93725.31591022998,0.0003,1837,64027,13.11,139,256212,-0.148079514503479,195.10597229003906
7120,171425.921875,3830.61279296875,-93735.45607173002,0.0003,1838,64043,13.11,139,256276,-0.1491432785987854,195.34532165527344
7124,177140.546875,4288.23828125,-93768.20762016,0.0003,1838,64052,13.49,139,256312,-2.741657257080078,195.33981323242188
7128,169333.578125,4017.773681640625,-93766.18352976,0.0003,1838,64060,13.47,139,256344,0.6912170648574829,195.27789306640625
7132,173583.0,4226.49853515625,-93728.04541698,0.0003,1839,64068,13.44,139,256376,1.5949532985687256,195.24241638183594
7136,165444.125,3822.319091796875,-93700.77105309001,0.0003,1839,64076,13.26,139,256408,-1.9611188173294067,195.0734100341797
7140,171964.484375,4047.395751953125,-93714.34749728,0.0003,1839,64085,13.26,139,256444,2.1427524089813232,195.05853271484375
7144,174831.03125,4206.5478515625,-93716.98013767002,0.0003,1840,64093,13.26,139,256476,-2.051492691040039,194.9032745361328
7148,175632.578125,3855.049560546875,-93709.99546308002,0.0003,1840,64102,13.23,139,256512,-0.6127395629882812,194.80059814453125
7152,175067.296875,3911.72216796875,-93841.74026768001,0.0003,1840,64117,13.43,139,256572,-3.756486654281616,194.75537109375
7156,165412.625,3676.168701171875,-93773.46547818002,0.0003,1841,64133,13.58,139,256636,-0.6985825896263123,194.73402404785156
7160,173809.9375,3932.0009765625,-93253.49799909002,0.0003,1841,64143,9.54,139,256676,-0.925591230392456,194.78480529785156
7164,177307.34375,4094.729248046875,-93311.92500022,0.0003,1841,64151,9.77,139,256708,0.2347889542579651,194.89529418945312
7168,159448.53125,3811.56103515625,-93335.09192867,0.0003,1842,64159,9.77,139,256740,-0.25559890270233154,194.88848876953125
7172,171675.59375,3879.007568359375,-93332.19505626003,0.0003,1842,64174,9.78,139,256800,2.3847267627716064,194.7377166748047
7176,170023.65625,4443.32470703125,-93369.96354003,0.0003,1843,64188,10.09,139,256856,0.60224449634552,194.5051727294922
7180,165901.25,4011.343017578125,-93313.46805823,0.0003,1843,64198,9.86,139,256896,2.5704989433288574,194.400390625
7184,171090.8125,4085.73388671875,-93380.45773994998,0.0003,1843,64207,10.18,139,256932,3.3426246643066406,194.3413543701172
7188,174122.71875,4041.0810546875,-93385.75992668,0.0003,1843,64216,10.19,139,256968,-1.125370979309082,194.0809326171875
7192,175227.3125,4049.757568359375,-93359.08526108,0.0003,1844,64224,10.19,139,257000,-0.4727555811405182,194.123046875
7196,167805.625,3772.509765625,-93384.58796688,0.0003,1844,64241,10.19,139,257068,3.7435073852539062,193.951416015625
7200,168301.9375,3782.7275390625,-93380.05743113,0.0003,1845,64249,10.19,139,257100,-1.3951694965362549,193.73216247558594
7204,165896.328125,3799.22607421875,-93400.09177781997,0.0003,1845,64261,10.23,139,257148,1.2683498859405518,193.6276397705078
7208,164824.015625,4095.8310546875,-93415.18141408,0.0003,1845,64274,10.24,139,257200,4.117767810821533,193.5858917236328
7212,156787.09375,3697.093994140625,-93518.37239494,0.0003,1846,64289,10.69,139,257260,1.9536460638046265,193.46629333496094
7216,167867.578125,3810.609130859375,-93635.52067530001,0.0003,1846,64297,10.91,139,257292,-1.2293199300765991,193.36669921875
7220,162592.1875,3735.999755859375,-93633.99341617999,0.0003,1846,64306,10.9,139,257328,-1.4473834037780762,193.16864013671875
7224,162992.84375,3709.8662109375,-93585.86709212999,0.0003,1847,64321,10.5,139,257388,0.7051783204078674,193.09727478027344
7228,170001.6875,4758.234375,-93597.04694111997,0.0003,1847,64337,10.49,139,257452,1.302091360092163,192.7630615234375
7232,166055.8125,3592.24072265625,-93709.4836526,0.0003,1848,64346,10.72,139,257488,0.6662997007369995,192.58619689941406
7236,172311.140625,4038.0322265625,-93701.75520300001,0.0003,1848,64355,10.72,139,257524,1.013748288154602,192.3611602783203
7240,174469.9375,3831.61669921875,-93696.61231908998,0.0003,1848,64369,10.72,139,257580,-0.0051070451736450195,192.2183074951172
7244,169969.359375,4025.177490234375,-93686.22335508,0.0003,1849,64387,10.72,139,257652,0.7940911650657654,192.0263671875
7248,160407.78125,4045.37744140625,-93740.35596934,0.0003,1849,64403,10.92,139,257716,-0.8816680312156677,191.93849182128906
7252,170146.9375,4141.15771484375,-93678.48517607998,0.0003,1850,64422,11.07,139,257792,0.9033758640289307,191.97244262695312
7256,181118.125,4084.346923828125,-93881.89636144001,0.0003,1850,64434,11.02,139,257840,-1.4952645301818848,191.7267303466797
7260,170189.109375,3971.919189453125,-93858.3035821,0.0003,1850,64443,10.8,139,257876,2.487398862838745,191.74447631835938
7264,169590.3125,3870.840087890625,-93802.72371483002,0.0003,1851,64457,10.56,139,257932,-0.7366378307342529,191.71156311035156
7268,170820.0625,3744.09228515625,-93781.65786856001,0.0003,1851,64476,10.57,139,258008,-0.47130316495895386,191.5156707763672
7272,163650.421875,3732.76708984375,-93704.29284165999,0.0003,1852,64494,10.78,139,258080,0.4560563266277313,191.3126678466797
7276,171019.4375,4032.10107421875,-93788.70449798001,0.0003,1852,64505,10.77,139,258124,-2.836728572845459,190.960693359375
7280,172072.390625,3749.71923828125,-93796.62878878003,0.0003,1853,64517,10.77,139,258172,2.111736536026001,190.79367065429688
7284,158996.484375,3480.44580078125,-93827.02256262001,0.0003,1853,64533,10.52,139,258236,1.738252878189087,190.49441528320312
7288,164718.25,3735.740966796875,-93904.78962781999,0.0003,1854,64553,10.71,139,258316,-1.2384428977966309,190.458984375
7292,165776.984375,4015.233154296875,-93993.33357749999,0.0003,1854,64571,10.79,139,258388,0.368190735578537,190.41139221191406
7296,162251.609375,3718.927978515625,-94094.65964961,0.0003,1855,64588,11.14,139,258456,2.0197231769561768,190.3778076171875
7300,177134.3125,4581.2080078125,-94091.78533675,0.0003,1855,64600,11.16,139,258504,-0.9206302165985107,190.24795532226562
7304,162841.0625,3719.852294921875,-94080.71705131001,0.0003,1855,64612,11.12,139,258552,1.3847320079803467,190.2232666015625
7308,170978.484375,4006.559326171875,-94075.97905514,0.0003,1856,64621,11.12,139,258588,-0.21954560279846191,190.07357788085938
7312,165261.1875,3786.669677734375,-93994.10828294001,0.0003,1856,64632,10.66,139,258632,-2.065225601196289,189.8832550048828
7316,160578.171875,3721.08447265625,-93879.10751929999,0.0003,1856,64645,10.44,139,258684,-0.9695958495140076,189.80982971191406
7320,168632.6875,3722.79052734375,-93992.66327452997,0.0003,1857,64671,10.46,139,258788,-2.20747709274292,189.3599090576172
7324,176851.703125,3875.15869140625,-94426.47993124001,0.0003,1857,64680,14.42,139,258824,1.5519437789916992,189.3758087158203
7328,169723.3125,3993.832275390625,-94518.93807955,0.0003,1858,64688,14.82,139,258856,0.521220862865448,189.39512634277344
7332,164204.53125,4066.5087890625,-94384.39994875003,0.0003,1858,64696,14.6,139,258888,1.1297953128814697,189.3518829345703
7336,156764.21875,3916.66357421875,-94414.05555898002,0.0003,1858,64710,14.6,139,258944,1.771225929260254,189.2804718017578
7340,167285.0625,3885.197998046875,-94405.78868533,0.0003,1859,64719,14.6,139,258980,-0.48296117782592773,189.22279357910156
7344,166828.46875,3829.04541015625,-94569.27821158001,0.0003,1859,64746,15.21,139,259088,-1.11014723777771,189.00880432128906
7348,168138.703125,4201.43505859375,-94451.39267622,0.0003,1860,64762,15.23,139,259152,0.19639772176742554,188.818115234375
7352,164550.28125,3650.736572265625,-94470.99975085001,0.0003,1860,64776,15.29,139,259208,1.6179310083389282,188.72117614746094
7356,169026.046875,4261.19970703125,-94473.74097459,0.0003,1861,64791,15.39,139,259268,1.4395102262496948,188.59523010253906
7360,165183.8125,3888.27880859375,-94762.36049970999,0.0003,1861,64816,16.06,139,259368,-0.9314022064208984,188.36614990234375
7364,165400.375,3836.233154296875,-94773.94922401002,0.0003,1862,64832,16.05,139,259432,-1.9728562831878662,188.19393920898438
7368,157701.71875,3611.436767578125,-94968.41132653,0.0003,1863,64862,17.15,139,259552,3.3895773887634277,187.9813995361328
7372,160135.46875,3659.40869140625,-95173.60271813002,0.0003,1863,64875,17.23,139,259604,-1.8406732082366943,187.72752380371094
7376,165175.59375,3830.866943359375,-95158.97629232999,0.0003,1864,64893,17.37,139,259676,0.4076887369155884,187.68992614746094
7380,168556.75,4026.154541015625,-95214.261426,0.0003,1864,64903,17.54,139,259716,-1.9589684009552002,187.63462829589844
7384,163736.34375,4093.21435546875,-95122.09311583999,0.0003,1865,64927,17.47,139,259812,1.082764744758606,187.53927612304688
7388,170312.09375,3759.09521484375,-95236.91778648001,0.0003,1865,64936,18.13,139,259848,0.8666227459907532,187.4287872314453
7392,170238.96875,3974.99267578125,-95145.28808676,0.0003,1865,64944,18.04,139,259880,0.24616456031799316,187.3700714111328
7396,162923.84375,3660.463623046875,-95084.60313327001,0.0003,1865,64960,17.68,139,259944,0.2872406542301178,187.4151153564453
7400,165153.3125,3554.51953125,-95075.17800079999,0.0003,1866,64979,17.5,139,260020,0.17315462231636047,187.2937774658203
7404,160069.671875,3824.7119140625,-95388.17638309998,0.0003,1867,64997,17.95,139,260092,1.0594402551651,187.1285400390625
7408,169014.859375,3707.319580078125,-95779.21035137998,0.0003,1867,65031,18.94,139,260228,-0.3993786573410034,186.4962615966797
7412,154802.96875,4073.2900390625,-96066.9909281,0.0003,1868,65057,19.57,139,260332,0.051854223012924194,186.03981018066406
7416,162614.34375,3714.007080078125,-96214.69763903001,0.0003,1869,65085,19.8,139,260444,0.7411798238754272,185.26698303222656
7420,160209.6875,4578.9560546875,-96300.15757694002,0.0003,1870,65101,20.51,139,260508,-2.0233469009399414,184.95936584472656
7424,162382.5,3600.908447265625,-95917.91548021,0.0003,1870,65117,16.62,139,260572,1.991919994354248,184.74473571777344
7428,158706.28125,3702.359130859375,-95813.16443027002,0.0003,1871,65131,16.22,139,260628,-0.6632615923881531,184.55886840820312
7432,163831.828125,3791.67529296875,-95835.55002245,0.0003,1871,65150,16.3,139,260704,0.9123200178146362,184.2303009033203
7436,161898.015625,3831.676513671875,-95922.22620335002,0.0003,1872,65177,16.75,139,260812,0.541041910648346,184.29330444335938
7440,166445.296875,3751.0400390625,-96153.25017906999,0.0003,1872,65186,18.77,139,260848,-2.539506673812866,184.19419860839844
7444,149410.296875,3628.21875,-95948.44730202999,0.0003,1873,65206,18.61,139,260928,-0.13574475049972534,184.15133666992188
7448,172563.140625,4044.558349609375,-96091.14915534001,0.0003,1873,65221,18.3,139,260988,-0.16061949729919434,184.1450958251953
7452,166175.8125,4026.369140625,-96156.25181902999,0.0003,1874,65229,18.38,139,261020,-1.393317699432373,184.1143798828125
7456,162807.796875,3647.31005859375,-96143.12662678999,0.0003,1874,65255,18.57,139,261124,-0.7931239604949951,183.76608276367188
7460,160452.96875,3773.233154296875,-95941.44985504002,0.0003,1875,65280,18.28,139,261224,0.2647705078125,183.58644104003906
7464,170773.625,3975.24365234375,-96134.69476352999,0.0003,1876,65297,18.96,139,261292,-1.2075161933898926,183.4794158935547
7468,150994.125,3556.896484375,-95968.53924689001,0.0003,1876,65305,17.93,139,261324,2.672466993331909,183.43138122558594
7472,147614.84375,3644.61474609375,-95877.47627042,0.0003,1876,65313,17.81,139,261356,1.6438379287719727,183.2857208251953
7476,158931.21875,3845.75146484375,-95890.23074056,0.0003,1877,65339,17.62,139,261460,-1.6110773086547852,183.21066284179688
7480,158905.515625,3610.858642578125,-96033.73820545999,0.0003,1877,65352,17.9,139,261512,-0.6100358963012695,183.1131134033203
7484,160149.09375,3546.5810546875,-96320.28259641999,0.0003,1878,65368,18.44,139,261576,0.7301269769668579,183.00531005859375
7488,155432.96875,3735.615234375,-96375.78921106001,0.0003,1878,65384,17.88,139,261640,1.6767584085464478,183.02108764648438
7492,159985.359375,3584.23193359375,-96573.67333284998,0.0003,1879,65399,18.02,139,261700,-1.2249163389205933,183.07110595703125
7496,156743.625,3763.093505859375,-96757.55283517997,0.0003,1879,65416,18.39,139,261768,0.13638287782669067,183.0022430419922
7500,161571.5625,3734.148681640625,-96892.13914828998,0.0003,1880,65430,18.69,139,261824,1.5848966836929321,182.8191680908203
7504,159449.75,3672.686279296875,-96582.92704704,0.0003,1880,65448,18.34,139,261896,0.4065556824207306,182.61512756347656
7508,158488.375,3841.717529296875,-96395.22924182,0.0003,1881,65457,17.67,139,261932,0.609327495098114,182.4709930419922
7512,164956.5,3624.60693359375,-96237.86644934998,0.0003,1881,65474,17.31,139,262000,0.22422988712787628,182.27879333496094
7516,165164.6875,3853.9208984375,-96408.39025131,0.0003,1882,65490,17.48,139,262064,-0.7122484445571899,182.10321044921875
7520,154283.53125,3581.0048828125,-96453.99126289999,0.0003,1882,65515,17.3,139,262164,-1.4361097812652588,181.83050537109375
7524,158709.40625,4186.64111328125,-96517.74296897,0.0003,1883,65529,17.47,139,262220,0.9434109926223755,181.7069091796875
7528,166488.59375,3873.327880859375,-96771.52266973,0.0003,1883,65547,17.79,139,262292,-0.4351131319999695,181.7626190185547
7532,151631.3125,3800.025390625,-96911.54454583999,0.0003,1884,65563,17.97,139,262356,0.20492565631866455,181.78663635253906
7536,161867.6875,3902.864501953125,-96997.79049357999,0.0003,1884,65575,17.92,139,262404,2.1801040172576904,181.57196044921875
7540,156075.0,3738.70361328125,-97051.85742033001,0.0003,1885,65604,16.31,139,262520,1.442345380783081,181.27281188964844
7544,166422.0,3803.69873046875,-97311.94503138,0.0003,1885,65613,16.39,139,262556,-2.731308937072754,181.16445922851562
7548,154327.34375,3894.6201171875,-97410.57188737999,0.0003,1886,65637,16.27,139,262652,-0.11750228703022003,181.06358337402344
7552,157900.78125,3526.947265625,-97506.89818492999,0.0003,1886,65653,16.68,139,262716,-1.9148775339126587,180.7313995361328
7556,172928.71875,3790.40576171875,-97710.21229630003,0.0003,1887,65669,16.68,139,262780,-1.2970499992370605,180.56222534179688
7560,152276.8125,3490.130126953125,-97847.37060238002,0.0003,1887,65686,16.52,139,262848,0.2171483337879181,180.49887084960938
7564,152012.46875,3566.753173828125,-97929.06378202,0.0003,1888,65700,16.24,139,262904,0.8989999294281006,180.2953338623047
7568,154964.1875,3596.40869140625,-98095.07928648,0.0003,1888,65719,16.4,139,262980,0.9779148101806641,180.0044708251953
7572,155825.46875,3774.117431640625,-98303.69245973999,0.0003,1889,65734,16.59,139,263040,-1.88607656955719,179.83221435546875
7576,158625.46875,3985.6162109375,-98469.50877259001,0.0003,1890,65756,16.76,139,263128,-1.4665908813476562,179.91282653808594
7580,159674.796875,3690.349609375,-98495.06628561998,0.0003,1890,65775,17.01,139,263204,0.8956714868545532,179.84422302246094
7584,159404.625,3656.63671875,-98425.85830695,0.0003,1891,65793,16.94,139,263276,-0.8884025812149048,179.64862060546875
7588,156771.328125,3615.47119140625,-98313.33894564999,0.0003,1891,65809,16.81,139,263340,-0.7033734321594238,179.39088439941406
7592,160054.578125,4090.871337890625,-98346.57480906001,0.0003,1892,65825,17.19,139,263404,0.17975209653377533,179.29415893554688
7596,150327.28125,4106.53857421875,-98353.23337603001,0.0003,1892,65840,17.07,139,263464,3.0965662002563477,179.07200622558594
7600,156529.96875,3484.567138671875,-98347.16756146998,0.0003,1893,65857,16.98,139,263532,0.7436593770980835,178.59266662597656
7604,154839.78125,3641.4775390625,-98439.67010661999,0.0003,1893,65873,17.04,139,263596,0.7251788377761841,178.53366088867188
7608,156021.703125,3821.105712890625,-98486.60273154001,0.0003,1893,65884,17.13,139,263640,1.134436845779419,178.52395629882812
7612,154206.65625,3620.8779296875,-98438.13102214,0.0003,1894,65899,17.01,139,263700,-0.8920133709907532,178.43893432617188
7616,161750.84375,3610.043212890625,-98252.03309621001,0.0003,1895,65923,17.15,139,263796,-0.06409016251564026,178.2818603515625
7620,162073.109375,3624.7216796875,-98171.26652290001,0.0003,1895,65933,16.88,139,263836,-0.7770246267318726,178.1239776611328
7624,158407.84375,3664.878662109375,-98301.13291191003,0.0003,1895,65954,17.04,139,263920,0.01026219129562378,177.79736328125
7628,164129.125,3666.705810546875,-98142.97163621003,0.0003,1896,65973,16.98,139,263996,-1.5961968898773193,177.5590362548828
7632,160769.1875,3683.320068359375,-98191.46758428002,0.0003,1896,65988,16.98,139,264056,-2.300875186920166,177.20201110839844
7636,161048.578125,3712.335205078125,-98231.07542260003,0.0003,1897,66009,17.09,139,264140,-0.5590827465057373,176.86679077148438
7640,160432.5625,3663.454833984375,-98170.50984896999,0.0003,1897,66025,17.22,139,264204,0.07815015316009521,176.63014221191406
7644,151867.34375,4264.65234375,-98097.56443552999,0.0003,1898,66045,17.13,139,264284,1.1468991041183472,176.7194366455078
7648,148713.125,3621.06884765625,-98077.31709220001,0.0003,1899,66072,17.6,139,264392,1.6913636922836304,176.67849731445312
7652,156356.046875,3834.459228515625,-98072.05681274,0.0003,1899,66088,17.49,139,264456,0.19624125957489014,176.4535369873047
7656,148216.296875,3367.3134765625,-98010.61529012998,0.0003,1900,66104,17.41,139,264520,1.957747459411621,176.35537719726562
7660,148607.046875,3408.603515625,-98068.71883752002,0.0003,1900,66120,17.6,139,264584,1.7776825428009033,176.10604858398438
7664,154785.359375,3608.70751953125,-98076.53019709,0.0003,1901,66137,17.55,139,264652,0.4999266266822815,175.78738403320312
7668,156202.8125,3543.471923828125,-98139.36824957,0.0003,1901,66155,17.51,139,264724,0.001990199089050293,175.7510986328125
7672,162695.65625,3712.479248046875,-98025.18472558999,0.0003,1902,66172,17.54,139,264792,-0.35380327701568604,175.6750946044922
7676,154188.375,3573.5947265625,-97940.52101008,0.0003,1902,66188,17.44,139,264856,2.8692026138305664,175.7816925048828
7680,156262.359375,4016.48876953125,-98041.89882824002,0.0003,1903,66204,17.06,139,264920,0.5513260364532471,175.69354248046875
7684,154447.46875,3699.034423828125,-98057.32293115002,0.0003,1903,66222,17.15,139,264992,-0.3021162748336792,175.5207061767578
7688,152484.9375,3605.66259765625,-98135.30951490998,0.0003,1904,66239,17.13,139,265060,-1.0168273448944092,175.5111541748047
7692,153868.1875,3625.785400390625,-98192.99151460001,0.0003,1904,66255,17.0,139,265124,3.130298614501953,175.5646514892578
7696,150892.5625,3443.413330078125,-98325.39692803,0.0003,1905,66272,17.23,139,265192,-1.6322932243347168,175.45770263671875
7700,162219.5625,4212.2783203125,-98403.74666388,0.0003,1905,66288,17.3,139,265256,-1.7285645008087158,175.44036865234375
7704,156981.3125,3599.56640625,-98271.24710492,0.0003,1906,66308,17.53,139,265336,1.0070558786392212,175.20053100585938
7708,156703.375,3537.959228515625,-98366.57380341999,0.0003,1906,66325,17.51,139,265404,2.9183976650238037,175.18223571777344
7712,157575.265625,4196.810546875,-98542.78234019,0.0003,1907,66348,17.8,139,265496,1.0298306941986084,174.9626007080078
7716,148847.375,3620.05078125,-98674.94031312998,0.0003,1907,66365,17.92,139,265564,2.865522623062134,174.99822998046875
7720,147279.609375,3536.07958984375,-98801.9023012,0.0003,1908,66381,17.88,139,265628,1.5844635963439941,174.84716796875
7724,149743.953125,3932.208740234375,-98844.14148047002,0.0003,1908,66399,17.94,139,265700,-0.5013537406921387,174.44810485839844
7728,154939.28125,3497.468505859375,-99010.50479993003,0.0003,1909,66415,18.02,139,265764,-0.626624345779419,174.1570281982422
7732,155431.875,4471.30419921875,-98978.44046118,0.0003,1910,66440,17.82,139,265864,1.0385912656784058,173.97509765625
7736,153644.84375,3745.93310546875,-99020.20784018001,0.0003,1910,66457,18.04,139,265932,1.4274256229400635,173.8730926513672
7740,150179.15625,3438.042724609375,-99000.97360389,0.0003,1910,66472,17.83,139,265992,0.7721495628356934,173.62925720214844
7744,150672.71875,3659.63916015625,-99163.90076888999,0.0003,1911,66487,17.68,139,266052,-1.6037812232971191,173.41818237304688
7748,143878.21875,3401.078125,-99157.14821963997,0.0003,1911,66502,17.44,139,266112,0.46170029044151306,173.32518005371094
7752,147187.75,3392.6005859375,-99182.15041577996,0.0003,1912,66518,17.31,139,266176,-0.15132814645767212,173.2427215576172
7756,161853.0,3840.67236328125,-99164.95219374001,0.0003,1912,66539,17.44,139,266260,-1.3943687677383423,173.0895538330078
7760,149453.3125,3843.0283203125,-99143.35455753001,0.0003,1913,66555,17.35,139,266324,0.7151116132736206,172.93939208984375
7764,156578.203125,3654.2470703125,-98962.47877584,0.0003,1913,66572,17.39,139,266392,0.7050446271896362,172.75535583496094
7768,161362.3125,3698.388671875,-98766.62741362,0.0003,1914,66591,17.68,139,266468,-1.099280834197998,172.43849182128906
7772,151698.1875,3409.092529296875,-98933.10984471002,0.0003,1915,66607,17.59,139,266532,1.6495988368988037,172.34109497070312
7776,151507.25,3781.010009765625,-98934.50133377001,0.0003,1915,66623,17.62,139,266596,1.4008488655090332,172.25399780273438
7780,145574.4375,3405.48291015625,-98786.94580701,0.0003,1916,66649,17.65,139,266700,1.7580130100250244,172.1334686279297
7784,146965.078125,3424.703125,-98692.20626843002,0.0003,1916,66657,17.47,139,266732,0.6423825025558472,171.96217346191406
7788,154048.515625,3604.53564453125,-98633.30287462,0.0003,1916,66674,17.51,139,266800,-2.388806104660034,171.46409606933594
7792,155631.703125,3531.859375,-98597.19437633001,0.0003,1917,66691,17.56,139,266868,-1.9244685173034668,171.33912658691406
7796,154615.59375,3614.55517578125,-98511.99367702,0.0003,1918,66709,17.42,139,266940,2.8195698261260986,171.11199951171875
7800,157943.28125,3709.17578125,-98332.63333962,0.0003,1918,66728,17.42,139,267016,2.102813720703125,170.8721160888672
7804,158702.875,3900.870849609375,-98462.10401803,0.0003,1919,66745,17.43,139,267084,2.4023096561431885,170.66024780273438
7808,154489.03125,3747.100830078125,-98494.21727622999,0.0003,1919,66761,17.42,139,267148,-1.7090727090835571,170.55178833007812
7812,151609.71875,3610.927978515625,-98528.29706985997,0.0003,1920,66778,17.43,139,267216,2.2264957427978516,170.4657745361328
7816,150679.328125,3629.514404296875,-98483.22627979997,0.0003,1920,66802,17.31,139,267312,-0.28883254528045654,170.10939025878906
7820,151515.375,3629.066650390625,-98503.25132676002,0.0003,1921,66818,17.44,139,267376,-1.2499897480010986,169.8505096435547
7824,149144.59375,3576.85595703125,-98534.33870775999,0.0003,1921,66835,17.45,139,267444,0.8799279928207397,169.85340881347656
7828,153332.75,3643.49560546875,-98565.66176045,0.0003,1922,66858,17.44,139,267536,2.0954830646514893,169.55531311035156
7832,160598.3125,4294.66259765625,-98598.67562873999,0.0003,1923,66880,17.67,139,267624,-2.6595771312713623,169.32398986816406
7836,149622.03125,3615.491455078125,-98572.20312779,0.0003,1923,66897,17.57,139,267692,0.916196882724762,169.23480224609375
7840,155128.9375,3655.298828125,-98578.67731502002,0.0003,1924,66916,17.85,139,267768,-3.9055609703063965,168.9927978515625
7844,156509.875,3679.67236328125,-98545.07778677,0.0003,1924,66933,17.89,139,267836,0.5560904741287231,168.82261657714844
7848,139782.78125,3597.548095703125,-98698.99274877,0.0003,1925,66949,17.83,139,267900,3.310603380203247,168.6581573486328
7852,152498.609375,3857.4140625,-98564.93731470998,0.0003,1925,66973,17.98,139,267996,1.8469568490982056,168.41030883789062
7856,141973.3125,3334.251708984375,-98633.16048176002,0.0003,1926,66998,18.2,139,268096,1.5142316818237305,168.22659301757812
7860,143299.4375,3823.626953125,-98507.71863369997,0.0003,1926,67013,18.29,139,268156,2.344524383544922,168.09605407714844
7864,152326.0625,3466.292236328125,-98696.84514898002,0.0003,1927,67030,18.25,139,268224,-3.109282970428467,167.91346740722656
7868,150720.03125,3770.73828125,-98938.56158021999,0.0003,1928,67047,18.09,139,268292,0.6938730478286743,167.92236328125
7872,148030.875,3575.5751953125,-98871.56422255,0.0003,1928,67064,18.24,139,268360,1.8603917360305786,167.80430603027344
7876,148742.9375,3583.40478515625,-98829.72394802001,0.0003,1929,67080,18.23,139,268424,-0.5977188944816589,167.6138916015625
7880,147471.40625,3929.244384765625,-98883.0797528,0.0003,1929,67097,18.23,139,268492,1.761250376701355,167.3440399169922
7884,158980.484375,3639.304931640625,-99045.46646330999,0.0003,1930,67113,18.17,139,268556,-0.7450271248817444,167.14285278320312
7888,151513.984375,4388.10205078125,-99153.32559138,0.0003,1930,67131,18.25,139,268628,2.237959384918213,167.0583038330078
7892,149723.28125,3554.69921875,-99182.83158926999,0.0003,1931,67147,18.23,139,268692,1.413827657699585,166.8707275390625
7896,151824.296875,3458.341064453125,-99236.28780835001,0.0003,1931,67164,18.2,139,268760,2.8785595893859863,166.77256774902344
7900,148715.734375,3630.770751953125,-99355.0091565,0.0003,1932,67181,18.24,139,268828,2.1948604583740234,166.62147521972656
7904,149464.875,3497.5439453125,-99433.47424047001,0.0003,1932,67201,18.1,139,268908,1.8938435316085815,166.38565063476562
7908,155117.15625,3899.970947265625,-99469.47526842,0.0003,1933,67217,18.3,139,268972,1.1839780807495117,166.2841339111328
7912,156079.609375,4093.22314453125,-99480.61890430999,0.0003,1933,67234,18.18,139,269040,0.2499699890613556,166.14614868164062
7916,146764.5625,3539.1982421875,-99401.24568056002,0.0003,1934,67252,18.18,139,269112,2.476090669631958,166.0477752685547
7920,146344.90625,3548.61328125,-99346.00400067,0.0003,1934,67269,18.09,139,269180,2.632406234741211,165.9640350341797
7924,148675.234375,4134.21142578125,-99341.78380763998,0.0003,1935,67286,18.08,139,269248,-0.1687767505645752,165.70892333984375
7928,146043.8125,3556.676513671875,-99228.99357595002,0.0003,1935,67317,18.24,139,269372,0.4356944262981415,165.6197509765625
7932,148641.78125,3660.14453125,-99294.12249862001,0.0003,1936,67337,18.28,139,269452,-0.8762619495391846,165.4984130859375
7936,145675.46875,3373.880615234375,-99265.33352869,0.0003,1936,67354,18.41,139,269520,0.9878963232040405,165.47979736328125
7940,146189.765625,3735.5,-99298.72964561998,0.0003,1937,67371,18.16,139,269588,0.6516042947769165,165.56993103027344
7944,148288.25,3465.384521484375,-99218.26387124999,0.0003,1938,67388,18.18,139,269656,-0.7520638704299927,165.39939880371094
7948,150701.28125,3609.372802734375,-99038.47670529,0.0003,1938,67407,18.23,139,269732,0.3453996777534485,165.0428924560547
7952,145444.53125,3943.208740234375,-99107.43465639,0.0003,1938,67417,18.03,139,269772,1.1660680770874023,164.899658203125
7956,144524.84375,3448.38818359375,-99076.55443244003,0.0003,1939,67444,17.67,139,269880,1.3047294616699219,164.57884216308594
7960,150476.390625,3728.570556640625,-99281.29754731001,0.0003,1940,67463,17.88,139,269956,1.127216100692749,164.5311279296875
7964,146541.0,3396.06005859375,-99190.46763314998,0.0003,1940,67480,18.0,139,270024,2.583127975463867,164.54156494140625
7968,149620.65625,3994.33056640625,-99092.18819129,0.0003,1941,67497,18.03,139,270092,0.793561577796936,164.27195739746094
7972,147726.21875,3486.784423828125,-99074.95279822998,0.0003,1941,67520,17.98,139,270184,-0.6651927828788757,164.03135681152344
7976,139338.40625,3255.745849609375,-99126.81259052001,0.0003,1942,67538,18.19,139,270256,2.3226730823516846,164.04324340820312
7980,145128.1875,3491.14404296875,-99123.30331498999,0.0003,1942,67555,18.2,139,270324,-1.0870510339736938,163.79898071289062
7984,148809.34375,3471.791015625,-98925.00755611001,0.0003,1943,67572,18.36,139,270392,-0.24414986371994019,163.68093872070312
7988,148480.71875,3538.71826171875,-98835.36853929999,0.0003,1943,67588,18.38,139,270456,-0.8832489848136902,163.5849609375
7992,145804.21875,3489.252197265625,-98715.00669183997,0.0003,1944,67606,18.4,139,270528,-0.7707674503326416,163.41282653808594
7996,151010.53125,4072.173095703125,-98630.81333466999,0.0003,1944,67627,18.55,139,270612,-2.3019495010375977,163.07179260253906
8000,146646.78125,4028.53271484375,-98638.22110671,0.0003,1945,67647,18.66,139,270692,0.6872661113739014,163.05523681640625
8004,146886.6875,3567.66748046875,-98536.38467726,0.0003,1945,67662,18.65,139,270752,-1.4903582334518433,162.87969970703125
8008,143722.765625,3432.801025390625,-98491.02459798,0.0003,1946,67679,18.46,139,270820,0.10695090889930725,162.91580200195312
8012,150250.765625,4037.208740234375,-98306.69912871001,0.0003,1946,67695,18.5,139,270884,0.8733540177345276,162.91908264160156
8016,147952.125,3715.26953125,-98403.00822312,0.0003,1947,67713,18.42,139,270956,1.702172040939331,162.73475646972656
8020,152053.5,3738.6826171875,-98339.85689259,0.0003,1947,67730,18.53,139,271024,-2.96282696723938,162.55551147460938
8024,147953.15625,3542.002197265625,-98244.30580219999,0.0003,1948,67747,18.43,139,271092,-2.094174385070801,162.54397583007812
8028,144761.90625,3782.561279296875,-98273.98482854999,0.0003,1949,67776,18.44,139,271208,1.1345932483673096,162.11685180664062
8032,160443.78125,3844.768798828125,-98128.02276675001,0.0003,1949,67795,18.41,139,271284,-1.2365663051605225,161.76666259765625
8036,151501.53125,3599.435302734375,-98171.45208629999,0.0003,1950,67812,18.18,139,271352,1.6263582706451416,161.73866271972656
8040,152165.875,4317.1171875,-98213.34902902001,0.0003,1950,67833,18.19,139,271436,0.6881927251815796,161.66294860839844
8044,153130.125,4015.201904296875,-98203.09153999998,0.0003,1951,67849,18.26,139,271500,-0.003411233425140381,161.69825744628906
8048,145049.96875,3435.3447265625,-98236.63842337999,0.0003,1951,67867,18.25,139,271572,0.9917206764221191,161.5487518310547
8052,147992.78125,3580.65380859375,-98233.11159522999,0.0003,1952,67888,18.41,139,271656,0.9761552810668945,161.2320556640625
8056,148710.25,3481.885986328125,-98100.20321683999,0.0003,1953,67904,18.68,139,271720,-1.007250428199768,161.21530151367188
8060,139066.859375,3332.323486328125,-98033.89733442,0.0003,1953,67920,18.48,139,271784,0.969784140586853,161.3209686279297
8064,152090.609375,3583.09228515625,-98115.75486251,0.0003,1953,67936,18.33,139,271848,0.5860585570335388,161.36181640625
8068,148696.9375,3566.10400390625,-98206.21747452,0.0003,1954,67952,18.33,139,271912,2.2339484691619873,161.38821411132812
8072,137011.96875,3464.053955078125,-98245.75904328002,0.0003,1954,67969,18.28,139,271980,2.0280919075012207,161.4819793701172
8076,150713.828125,3682.35302734375,-98321.73844727002,0.0003,1955,67986,18.06,139,272048,1.0319091081619263,161.41615295410156
8080,144516.828125,3365.602783203125,-98204.71530624999,0.0003,1955,68004,18.1,139,272120,-1.633788824081421,161.11724853515625
8084,141930.5625,3391.93017578125,-98469.5861325,0.0003,1956,68021,17.94,139,272188,3.1566052436828613,160.922607421875
8088,146307.15625,3663.990478515625,-98445.88944766004,0.0003,1957,68039,17.96,139,272260,3.0060484409332275,160.7781219482422
8092,148297.9375,3636.845458984375,-98529.75010267,0.0003,1957,68056,17.93,139,272328,0.0058002471923828125,160.64605712890625
8096,149470.40625,3603.65576171875,-98490.86058084,0.0003,1957,68072,17.82,139,272392,0.20844590663909912,160.5001220703125
8100,140998.046875,3382.5869140625,-98475.89193498,0.0003,1958,68090,17.72,139,272464,1.558669924736023,160.2978973388672
8104,148384.90625,3572.9140625,-98349.63698683,0.0003,1959,68110,17.78,139,272544,-0.5312591791152954,159.9777374267578
8108,155833.546875,3805.23388671875,-98193.27529122001,0.0003,1959,68128,17.98,139,272616,-2.2813775539398193,159.85069274902344
8112,148615.625,3521.363525390625,-98218.45521006001,0.0003,1960,68146,17.98,139,272688,-0.2444760799407959,159.969482421875
8116,143999.015625,3403.243896484375,-97877.59034416001,0.0003,1960,68164,18.02,139,272760,-0.7721529006958008,159.88888549804688
8120,147296.609375,3497.6708984375,-97866.37960409,0.0003,1961,68180,17.9,139,272824,-2.729362964630127,159.80252075195312
8124,139223.4375,3461.5888671875,-97727.3136679,0.0003,1961,68197,17.92,139,272892,0.4632467031478882,159.71499633789062
8128,145734.625,3777.94580078125,-97602.82549190002,0.0003,1962,68214,17.8,139,272960,-0.6243895292282104,159.60308837890625
8132,148061.15625,3692.482666015625,-97597.2671273,0.0003,1962,68234,17.72,139,273040,1.6693315505981445,159.54237365722656
8136,150289.5,3898.804443359375,-97454.34864246,0.0003,1963,68257,17.84,139,273132,-3.67513108253479,159.43756103515625
8140,137112.375,3514.829833984375,-97254.38760689001,0.0003,1963,68276,17.87,139,273208,-0.1688326597213745,159.5658721923828
8144,142531.5625,3340.99267578125,-97151.08652558,0.0003,1964,68296,17.91,139,273288,1.1713502407073975,159.63162231445312
8148,138249.5625,3411.01416015625,-97196.89703935,0.0003,1965,68314,18.02,139,273360,-0.9490060806274414,159.56137084960938
8152,134839.015625,3654.81396484375,-97343.21872072,0.0003,1965,68334,17.92,139,273440,-1.2245186567306519,159.35760498046875
8156,148682.15625,3396.369140625,-97235.36005722,0.0003,1966,68353,17.83,139,273516,0.7501105070114136,159.04635620117188
8160,144987.0625,3775.515380859375,-97365.25255423001,0.0003,1966,68370,17.86,139,273584,1.3221280574798584,158.7601776123047
8164,132968.921875,3180.917236328125,-97341.49361423001,0.0003,1967,68388,17.92,139,273656,1.0352238416671753,158.57118225097656
8168,144980.84375,3567.697998046875,-97288.84801822001,0.0003,1967,68406,17.92,139,273728,-0.3424913287162781,158.32594299316406
8172,153056.5625,3801.25439453125,-97155.63529793004,0.0003,1968,68423,18.03,139,273796,-0.9658272862434387,157.98519897460938
8176,140567.59375,3386.376708984375,-96999.28785325002,0.0003,1968,68440,17.96,139,273864,-2.8469886779785156,157.9142608642578
8180,140686.5,3393.793701171875,-97249.7640108,0.0003,1969,68456,17.86,139,273928,3.2027127742767334,157.82069396972656
8184,142580.4375,3598.684326171875,-97075.43590613,0.0003,1969,68472,17.89,139,273992,3.820725917816162,157.66212463378906
8188,142823.0,3626.192626953125,-96988.74776258,0.0003,1970,68488,17.87,139,274056,0.7125833630561829,157.4380340576172
8192,137349.65625,3386.010498046875,-97181.83955468997,0.0003,1970,68506,17.82,139,274128,-0.5459843277931213,157.36590576171875
8196,147948.1875,3717.6669921875,-97268.38857658002,0.0003,1971,68522,17.81,139,274192,-0.34021031856536865,157.40342712402344
8200,144956.0,3720.77783203125,-97196.2050402,0.0003,1971,68539,17.93,139,274260,-0.50920569896698,157.2931365966797
8204,146434.453125,3603.073974609375,-97402.50425064,0.0003,1972,68556,17.92,139,274328,-2.066531181335449,157.35975646972656
8208,139672.546875,3377.668212890625,-97414.36182004,0.0003,1972,68573,17.75,139,274396,1.316131591796875,157.37025451660156
8212,146770.015625,3728.180908203125,-97469.32197522,0.0003,1973,68590,17.66,139,274464,-0.10892406105995178,157.21327209472656
8216,147228.40625,3690.920166015625,-97618.52128932,0.0003,1973,68607,17.77,139,274532,0.46846020221710205,157.13099670410156
8220,138968.234375,3428.50634765625,-97694.65920298,0.0003,1974,68625,17.89,139,274604,2.199575185775757,156.82582092285156
8224,145161.71875,3621.4736328125,-97696.79335845,0.0003,1974,68643,17.89,139,274676,1.468979835510254,156.74058532714844
8228,144997.5,3738.292724609375,-97743.97887709,0.0003,1974,68660,17.86,139,274744,2.198045015335083,156.67019653320312
8232,134125.3125,3408.21533203125,-97621.60778131997,0.0003,1975,68680,17.92,139,274824,2.943410873413086,156.4716796875
8236,140780.140625,3433.03955078125,-97692.82372221,0.0003,1976,68697,17.81,139,274892,0.45782914757728577,156.40118408203125
8240,142892.984375,3568.743896484375,-97828.62603886999,0.0003,1976,68715,17.82,139,274964,1.7712788581848145,156.42527770996094
8244,143315.5625,3559.035888671875,-97937.67416791,0.0003,1977,68733,17.73,139,275036,-1.3300495147705078,156.14404296875
8248,153592.828125,3806.255615234375,-97865.46224912001,0.0003,1977,68750,17.65,139,275104,-3.7772819995880127,156.02955627441406
8252,145272.203125,3700.89306640625,-97760.97059892,0.0003,1978,68768,17.68,139,275176,-3.0380728244781494,156.03536987304688
8256,139165.140625,3409.595947265625,-97899.9472082,0.0003,1978,68786,17.52,139,275248,3.7346351146698,155.97645568847656
8260,144999.40625,3563.34033203125,-97522.37161786002,0.0003,1979,68804,17.48,139,275320,0.2448362410068512,155.84872436523438
8264,142148.359375,3601.91357421875,-97408.9514172,0.0003,1979,68822,17.47,139,275392,-2.09871506690979,155.62911987304688
8268,141651.21875,3437.310546875,-97204.16827414,0.0003,1980,68841,17.56,139,275468,1.448068618774414,155.5760040283203
8272,135613.59375,3632.250244140625,-97274.47384749001,0.0003,1980,68862,17.45,139,275552,1.4861208200454712,155.33901977539062
8276,144520.203125,3542.162353515625,-97308.98724653001,0.0003,1981,68879,17.55,139,275620,1.2689967155456543,155.04981994628906
8280,144697.65625,3543.139892578125,-97180.91381788002,0.0003,1981,68897,17.76,139,275692,0.19625389575958252,154.8083038330078
8284,140059.40625,3493.340087890625,-97176.06508703,0.0003,1982,68914,17.79,139,275760,2.3744306564331055,154.86036682128906
8288,141934.171875,3564.13916015625,-97225.8871826,0.0003,1983,68933,17.82,139,275836,-1.1383157968521118,154.70944213867188
8292,148802.09375,3693.67578125,-97045.37555519,0.0003,1983,68951,18.05,139,275908,-0.4554895758628845,154.7657928466797
8296,145959.375,3806.4853515625,-97032.87477288002,0.0003,1984,68969,18.08,139,275980,-1.5052539110183716,154.55975341796875
8300,141258.875,3390.0400390625,-97083.35574319,0.0003,1984,68985,18.06,139,276044,-1.3844542503356934,154.40696716308594
8304,137430.078125,3611.027587890625,-97043.05580496002,0.0003,1985,69012,18.17,139,276152,-0.3587528467178345,154.3262939453125
8308,150535.3125,4097.23974609375,-97156.62424802,0.0003,1986,69028,18.17,139,276216,-1.9431931972503662,154.39430236816406
8312,140966.1875,3596.4814453125,-97096.53596462999,0.0003,1986,69053,18.3,139,276316,1.2719188928604126,154.4862823486328
8316,142521.9375,3517.998046875,-97195.86156155,0.0003,1987,69076,18.42,139,276408,-1.1526856422424316,154.36036682128906
8320,137975.484375,3405.692626953125,-97244.99490056999,0.0003,1988,69093,18.39,139,276476,0.21034011244773865,154.3216552734375
8324,141652.921875,3366.019287109375,-97475.95062404001,0.0003,1988,69109,18.46,139,276540,-1.124157190322876,154.44725036621094
8328,137625.1875,4033.212158203125,-97601.88100183997,0.0003,1989,69126,18.54,139,276608,-0.37613534927368164,154.4801025390625
8332,135952.34375,3296.808349609375,-97788.39867473999,0.0003,1989,69142,18.42,139,276672,2.6758217811584473,154.49513244628906
8336,138743.28125,3517.09912109375,-97856.52745606001,0.0003,1990,69161,18.44,139,276748,1.114794373512268,154.27096557617188
8340,139155.21875,3545.181640625,-97931.70443833999,0.0003,1990,69178,18.5,139,276816,2.5168209075927734,154.34527587890625
8344,137761.71875,3566.467041015625,-98105.04860468002,0.0003,1991,69201,18.66,139,276908,1.4604876041412354,154.27891540527344
8348,137333.171875,3468.89306640625,-98113.04519199002,0.0003,1991,69222,18.78,139,276992,2.676441192626953,154.207275390625
8352,137237.59375,3594.560302734375,-98116.91566451,0.0003,1992,69239,18.8,139,277060,3.2012085914611816,154.20977783203125
8356,142269.09375,3469.154052734375,-98188.33898228999,0.0003,1992,69256,18.8,139,277128,1.9225209951400757,153.8487091064453
8360,144391.828125,3503.3466796875,-98401.66500046,0.0003,1993,69275,18.77,139,277204,-0.693799614906311,153.73204040527344
8364,139224.140625,4019.906494140625,-98556.72428100002,0.0003,1993,69291,18.77,139,277268,1.618065595626831,153.70631408691406
8368,141079.0625,3464.896484375,-98800.07923881998,0.0003,1994,69309,18.8,139,277340,-4.170783996582031,153.68199157714844
8372,138772.625,3430.74853515625,-98915.93856837001,0.0003,1995,69330,18.92,139,277424,1.302741527557373,153.7333526611328
8376,133822.5,3444.127685546875,-98922.86958846997,0.0003,1995,69349,18.95,139,277500,0.9817674160003662,153.71841430664062
8380,148385.859375,3752.0234375,-98936.15306113001,0.0003,1996,69366,18.82,139,277568,-1.9464833736419678,153.62109375
8384,140841.15625,3481.399169921875,-99048.52776496,0.0003,1996,69381,18.78,139,277628,-1.0937564373016357,153.64842224121094
8388,143463.484375,3705.24365234375,-99087.41828340998,0.0003,1997,69408,18.77,139,277736,-3.300469398498535,153.5337371826172
8392,142328.65625,3672.3896484375,-99264.70798919997,0.0003,1998,69425,18.82,139,277804,1.5888969898223877,153.4857940673828
8396,142445.53125,4350.36181640625,-99325.75678509,0.0003,1998,69446,19.04,139,277888,0.9771442413330078,153.3172607421875
8400,146317.0625,3946.736572265625,-99384.91476712999,0.0003,1999,69464,18.96,139,277960,0.9672022461891174,153.24928283691406
8404,142163.71875,3675.130615234375,-99445.800943,0.0003,2000,69488,19.06,139,278056,-2.661057949066162,153.0055389404297
8408,141525.265625,3616.157958984375,-99446.29315835,0.0003,2000,69505,19.18,139,278124,-0.868510365486145,152.79702758789062
8412,144920.09375,3899.327392578125,-99494.91630127,0.0003,2001,69522,19.16,139,278192,-1.115176796913147,152.67001342773438
8416,141467.125,3369.3505859375,-99591.0649759,0.0003,2001,69543,19.0,139,278276,1.2734030485153198,152.62124633789062
8420,137967.21875,3565.275390625,-99472.19018634001,0.0003,2002,69560,18.94,139,278344,3.9844799041748047,152.53823852539062
8424,140755.390625,3565.195556640625,-99549.29555579,0.0003,2003,69584,18.96,139,278440,-1.8498116731643677,152.2073516845703
8428,146901.921875,3531.855224609375,-99519.13170487,0.0003,2003,69603,18.92,139,278516,-0.4842722415924072,152.22738647460938
8432,139751.859375,3554.54638671875,-99601.20204331,0.0003,2004,69620,19.03,139,278584,0.22068816423416138,152.0919952392578
8436,138553.78125,3394.940185546875,-99726.95467095001,0.0003,2004,69638,19.18,139,278656,-1.931775689125061,151.9265899658203
8440,141788.59375,3831.48193359375,-99683.81958789002,0.0003,2005,69656,19.19,139,278728,-1.6816737651824951,151.83853149414062
8444,144991.78125,3563.40380859375,-99595.45142638998,0.0003,2005,69682,19.28,139,278832,0.3488750457763672,151.8824920654297
8448,136706.53125,3535.677978515625,-99639.99549016001,0.0003,2006,69701,19.17,139,278908,-0.330668568611145,151.8048553466797
8452,142087.21875,3556.599365234375,-99628.75559342002,0.0003,2006,69720,19.27,139,278984,-1.0419752597808838,151.62538146972656
8456,138321.71875,3375.1552734375,-99629.77779703999,0.0003,2007,69742,19.37,139,279072,1.4437830448150635,151.67469787597656
8460,136552.46875,4019.40966796875,-99697.13942774,0.0003,2007,69759,19.36,139,279140,-0.5095187425613403,151.6886444091797
8464,139137.6875,3673.0927734375,-99546.50285327999,0.0003,2008,69777,19.46,139,279212,-0.8345134258270264,151.5692138671875
8468,140191.53125,3532.16357421875,-99356.27154500996,0.0003,2009,69796,19.49,139,279288,1.3798112869262695,151.56300354003906
8472,134973.453125,3417.0087890625,-99319.48515262001,0.0003,2009,69812,19.37,139,279352,-2.1832592487335205,151.35240173339844
8476,144542.09375,3584.15673828125,-99533.52203943001,0.0003,2010,69835,19.43,139,279444,-1.0103354454040527,151.08351135253906
8480,134007.25,3391.436767578125,-99600.60114849,0.0003,2010,69859,19.52,139,279540,2.2344794273376465,151.1097412109375
8484,145803.203125,3647.304443359375,-99534.07366606002,0.0003,2011,69877,19.78,139,279612,-1.3035180568695068,150.95330810546875
8488,144270.78125,3601.765380859375,-99449.23010786003,0.0003,2011,69893,19.87,139,279676,-5.980602264404297,150.9585723876953
8492,139255.8125,3483.16943359375,-99357.88610944999,0.0003,2012,69915,19.75,139,279764,1.6705560684204102,151.18008422851562
8496,129467.65625,3392.645751953125,-99415.45312846,0.0003,2013,69942,19.62,139,279872,1.3824424743652344,151.19320678710938
8500,139963.171875,3394.45654296875,-99252.33223978,0.0003,2013,69962,19.76,139,279952,0.6986814737319946,151.10023498535156
8504,142854.28125,3498.303466796875,-99340.64249787,0.0003,2014,69978,19.61,139,280016,1.2233755588531494,150.90992736816406
8508,142275.109375,3775.55224609375,-99428.95122859001,0.0003,2014,69995,19.49,139,280084,1.5493181943893433,150.72726440429688
8512,132721.6875,3300.025390625,-99467.07061742,0.0003,2015,70015,19.48,139,280164,1.0087695121765137,150.51968383789062
8516,140853.0625,3455.662109375,-99595.75709025003,0.0003,2015,70031,19.48,139,280228,0.9614008665084839,150.37010192871094
8520,133141.375,3410.2158203125,-99573.66751657,0.0003,2016,70048,19.48,139,280296,1.0025335550308228,150.23480224609375
8524,143335.78125,3644.574951171875,-99520.86784764001,0.0003,2017,70073,19.45,139,280396,-0.6250855922698975,150.00279235839844
8528,139938.5,3528.40380859375,-99561.72735667,0.0003,2017,70090,19.55,138,280464,1.4129374027252197,149.97247314453125
8532,148632.40625,3568.001708984375,-99405.93543756001,0.0003,2018,70112,19.54,138,280552,-0.05695706605911255,149.86666870117188
8536,139104.6875,3532.937255859375,-99426.25006117999,0.0003,2019,70140,19.63,138,280664,-1.2630958557128906,149.70303344726562
8540,126406.3828125,3297.3388671875,-99579.38866821998,0.0003,2019,70157,19.69,138,280732,2.0073821544647217,149.7073974609375
8544,132341.09375,3334.879638671875,-99621.17831737999,0.0003,2020,70174,19.48,138,280800,0.1574023962020874,149.6301727294922
8548,141418.125,3743.048828125,-99684.92907287998,0.0003,2020,70190,19.46,138,280864,-0.7055433988571167,149.32420349121094
8552,135493.96875,3402.386474609375,-99796.98668471999,0.0003,2021,70212,19.42,138,280952,3.810380220413208,149.06423950195312
8556,144953.125,3502.4140625,-99830.60505084,0.0003,2022,70238,19.78,138,281056,-2.2173972129821777,148.7404022216797
8560,123852.4296875,3123.565185546875,-99854.63420527,0.0003,2022,70255,19.82,138,281124,0.9123262763023376,148.6393585205078
8564,142604.265625,3838.160400390625,-100098.50377665,0.0003,2023,70278,19.97,138,281216,-2.0101819038391113,148.32550048828125
8568,143389.9375,3550.510498046875,-100340.60964745,0.0003,2023,70302,20.01,138,281312,-0.016779541969299316,148.16665649414062
8572,131242.21875,3531.190185546875,-100355.61318844998,0.0003,2024,70321,20.12,138,281388,4.2223052978515625,147.95655822753906
8576,148376.8125,3862.70361328125,-100188.99836116,0.0003,2025,70345,20.23,138,281484,-1.4403108358383179,147.5201416015625
8580,144458.4375,3575.7060546875,-100236.3194757,0.0003,2025,70363,20.37,138,281556,-0.8293256163597107,147.5069122314453
8584,133111.984375,3352.385498046875,-100400.07922463001,0.0003,2026,70391,20.32,138,281668,1.3600208759307861,147.60316467285156
8588,135307.21875,3330.934814453125,-100483.26742782998,0.0003,2027,70411,20.4,138,281748,-1.6879031658172607,147.56150817871094
8592,142750.15625,3731.061279296875,-100651.10235803001,0.0003,2027,70429,20.49,138,281820,-2.0594663619995117,147.614501953125
8596,139286.34375,3485.272216796875,-100739.28066763998,0.0003,2028,70450,20.65,138,281904,0.41428452730178833,147.59774780273438
8600,130124.9140625,3472.6630859375,-100810.33976715998,0.0003,2029,70478,20.67,138,282016,2.345003843307495,147.7273712158203
8604,132385.65625,3319.899658203125,-100702.25222645001,0.0003,2029,70497,20.72,138,282092,-0.25824201107025146,147.70701599121094
8608,143151.96875,3425.734619140625,-100567.10723606002,0.0003,2030,70511,20.75,138,282148,-1.3502018451690674,147.733154296875
8612,135669.015625,3511.870849609375,-100671.64176008,0.0003,2030,70536,20.82,138,282248,0.3224503993988037,147.7234344482422
8616,138263.828125,3846.987548828125,-100595.59597402,0.0003,2031,70553,20.81,138,282316,-0.5667262077331543,147.67356872558594
8620,130523.1015625,3324.05224609375,-100774.74093102998,0.0003,2032,70581,20.95,138,282428,-1.873948335647583,147.5092315673828
8624,134994.5625,3382.107666015625,-100788.17718082998,0.0003,2032,70598,21.1,138,282496,2.65537428855896,147.39990234375
8628,139594.0625,3799.52880859375,-100714.57100179001,0.0003,2033,70619,21.1,138,282580,-0.7447874546051025,147.20870971679688
8632,138562.8125,3689.4296875,-100848.36348905001,0.0003,2033,70638,21.21,138,282656,-0.5901638865470886,147.26507568359375
8636,143044.28125,3629.25341796875,-100889.7018011,0.0003,2034,70664,21.23,138,282760,-1.6643952131271362,147.1014862060547
8640,142486.671875,3867.817138671875,-100718.17331072997,0.0003,2035,70681,21.17,138,282828,3.0659632682800293,146.9789276123047
8644,137702.25,3412.183349609375,-100497.08328233002,0.0003,2035,70702,21.14,138,282912,3.839362382888794,146.97332763671875
8648,140882.59375,3850.739990234375,-100416.21911515002,0.0003,2036,70720,21.25,138,282984,-1.5508525371551514,146.83511352539062
8652,135512.90625,3428.8349609375,-100273.7679057,0.0003,2036,70739,21.19,138,283060,-0.0433502197265625,146.82748413085938
8656,145699.421875,3726.527587890625,-100111.82450847,0.0003,2037,70766,20.88,138,283168,-3.3456828594207764,146.48292541503906
8660,130604.9375,3301.1494140625,-100120.82154419,0.0003,2038,70786,21.1,138,283248,-0.5754862427711487,146.51625061035156
8664,135445.25,3785.14697265625,-100128.24211514999,0.0003,2038,70809,21.13,138,283340,1.327009916305542,146.49229431152344
8668,131200.328125,3648.25927734375,-100033.77481275,0.0003,2039,70837,21.3,138,283452,2.245694160461426,146.52114868164062
8672,135061.78125,3392.837646484375,-99970.30599472001,0.0003,2039,70856,21.39,138,283528,-0.3934299945831299,146.45701599121094
8676,133326.75,3399.485595703125,-100131.18272119001,0.0003,2040,70871,21.31,138,283588,-3.3780386447906494,146.3506317138672
8680,133988.671875,3396.94384765625,-100056.43759611002,0.0003,2042,70939,21.3,138,283860,-0.8523757457733154,146.1982879638672
8684,140161.671875,3568.6640625,-100024.80496145,0.0003,2043,70978,21.85,139,284016,0.5129194259643555,145.877197265625
8688,143451.21875,3921.0927734375,-100240.83819378001,0.0003,2045,71039,24.69,138,284260,-1.1396546363830566,145.4951934814453
8692,136205.046875,3786.955810546875,-99978.40201684002,0.0003,2046,71086,24.65,138,284448,0.6860730051994324,144.71734619140625
8696,127169.9609375,3354.134033203125,-99969.93449875002,0.0003,2047,71123,24.51,138,284596,5.072202205657959,144.5693359375
8700,136367.1875,3604.62451171875,-100116.40409009,0.0003,2054,71365,26.55,138,285564,0.06829121708869934,143.4247283935547
8704,133556.265625,3544.473876953125,-100358.06936518001,0.0003,2055,71419,30.49,139,285780,1.1786267757415771,143.363037109375
8708,142388.0,3473.48681640625,-100445.10274562999,0.0003,2057,71463,30.66,139,285956,-2.723475933074951,143.06326293945312
8712,131788.890625,3296.0986328125,-100430.05573794,0.0003,2058,71506,30.78,139,286128,0.1290265917778015,143.27052307128906
8716,129778.1015625,3519.240966796875,-100315.63826650001,0.0003,2060,71554,30.87,138,286320,-0.5679132342338562,143.29148864746094
8720,140099.125,3653.006103515625,-100224.61840894999,0.0003,2062,71591,30.86,138,286468,-1.0554347038269043,143.4356689453125
8724,148282.078125,3943.126708984375,-99990.53429173,0.0003,2063,71635,30.76,138,286644,0.13994023203849792,143.66566467285156
8728,132941.875,3412.015625,-99993.48851982,0.0003,2067,71764,31.43,138,287160,-0.3257688283920288,143.09722900390625
8732,139560.59375,3684.82275390625,-99923.88378449003,0.0003,2069,71852,31.43,138,287512,1.5161713361740112,142.6011505126953
8736,136799.6875,3703.7080078125,-100946.74621594998,0.0003,2070,71888,40.53,138,287656,1.307767391204834,141.97369384765625
8740,133819.296875,3506.521728515625,-101089.00588355001,0.0003,2071,71919,40.84,138,287780,-0.17794963717460632,141.90444946289062
8744,133944.59375,4051.868896484375,-101346.85782606,0.0003,2072,71962,41.01,138,287952,0.6544424295425415,141.4989013671875
8748,130803.09375,3393.1455078125,-101535.27417968998,0.0003,2073,72009,41.16,138,288140,2.098665475845337,141.28424072265625
8752,128182.4609375,3282.794921875,-102113.27624748001,0.0003,2075,72055,51.21,138,288324,0.23870337009429932,141.31643676757812
8756,139780.78125,3451.526123046875,-102257.92407672002,0.0003,2076,72087,51.43,138,288452,1.5786988735198975,141.38497924804688
8760,135617.75,3946.40087890625,-102130.48987257,0.0003,2077,72133,51.58,138,288636,-1.2416459321975708,141.3576202392578
8764,145308.09375,3698.45654296875,-101998.46027958,0.0003,2079,72199,52.32,138,288900,0.12709951400756836,140.9262237548828
8768,132442.984375,4189.328125,-102230.27834779002,0.0003,2080,72245,52.28,138,289084,0.28071337938308716,140.74476623535156
8772,133694.53125,3421.39306640625,-102219.10540239002,0.0003,2081,72286,52.19,138,289248,0.043549954891204834,140.6553955078125
8776,126968.9140625,3257.5087890625,-102008.89634987999,0.0003,2084,72393,52.45,138,289676,-0.7300995588302612,140.7300567626953
8780,127966.0625,3681.04541015625,-102060.07514614999,0.0003,2086,72441,54.97,138,289868,2.008932113647461,140.5614013671875
8784,142191.5625,3598.633544921875,-102139.77995896002,0.0003,2087,72467,56.09,138,289972,-2.470579147338867,140.27642822265625
8788,130556.03125,3335.11865234375,-101881.74057770001,0.0003,2088,72500,53.27,138,290104,-1.2735685110092163,140.1940460205078
8792,142517.90625,3630.5380859375,-101745.86087236,0.0003,2088,72525,53.29,138,290204,-1.8250564336776733,140.06549072265625
8796,130354.4375,3317.296630859375,-101427.79263277001,0.0003,2089,72563,53.31,138,290356,0.17887157201766968,140.26271057128906
8800,134819.875,3547.267578125,-101164.44151332999,0.0003,2090,72584,51.38,138,290440,-1.7304701805114746,140.17666625976562
8804,135751.40625,3510.83349609375,-100924.21247234,0.0003,2091,72616,47.49,138,290568,1.6140167713165283,140.0887908935547
8808,139573.3125,3519.987548828125,-100941.14130188998,0.0003,2092,72659,47.5,138,290740,-0.3511202335357666,139.9437255859375
8812,132982.96875,3413.296142578125,-101026.14855119999,0.0003,2093,72713,47.58,138,290956,-0.3463711738586426,139.77545166015625
8816,135071.578125,3521.717529296875,-101084.99278458,0.0003,2095,72750,47.42,138,291104,2.596553087234497,139.39254760742188
8820,132568.5,3305.357177734375,-101141.83834949,0.0003,2096,72787,47.34,138,291252,-0.10126662254333496,139.25921630859375
8824,131313.53125,3788.200927734375,-101122.35587913997,0.0003,2097,72829,47.37,138,291420,-0.3879932463169098,138.8852081298828
8828,132664.78125,3330.103515625,-102692.26268319,0.0003,2099,72874,56.1,138,291600,-4.597592830657959,138.34405517578125
8832,128206.0,3278.28173828125,-102753.21431819997,0.0003,2100,72927,56.17,138,291812,2.5686776638031006,138.3318634033203
8836,133714.21875,3423.4619140625,-101531.41472331001,0.0003,2101,72969,46.87,138,291980,1.3507000207901,138.1069793701172
8840,134715.46875,3291.936279296875,-101517.97770186003,0.0003,2103,73014,46.64,138,292160,-0.5556795597076416,137.89573669433594
8844,127987.3671875,3144.73974609375,-101514.29641514001,0.0003,2104,73075,46.8,138,292404,2.2810447216033936,137.57406616210938
8848,128112.171875,3292.8857421875,-101886.95155720999,0.0003,2106,73142,51.77,138,292672,0.6717544198036194,137.141845703125
8852,134309.640625,3490.113525390625,-101204.93291478997,0.0003,2107,73187,41.85,138,292852,-1.5667928457260132,137.18447875976562
8856,132649.0,3548.4521484375,-101204.78274563,0.0003,2109,73235,41.74,138,293044,-0.02390575408935547,137.23257446289062
8860,136197.3125,3372.531982421875,-101273.35558825999,0.0003,2111,73301,42.01,138,293308,1.0129035711288452,137.0352783203125
8864,129210.5703125,3307.343994140625,-101317.86699114,0.0003,2112,73347,41.21,138,293492,-1.6690350770950317,136.44032287597656
8868,122278.078125,3449.47265625,-101071.81348196998,0.0003,2113,73388,41.01,138,293656,1.3449416160583496,136.19346618652344
8872,133389.25,3899.593017578125,-100973.80107655,0.0003,2115,73435,41.09,138,293844,-1.3234755992889404,135.64735412597656
8876,128111.734375,3234.01953125,-101139.65763116001,0.0003,2116,73476,40.97,138,294008,3.5200557708740234,135.12269592285156
8880,132333.140625,3914.52490234375,-101085.10525058002,0.0003,2118,73552,38.48,138,294312,2.0396833419799805,134.43504333496094
8884,131904.15625,3879.87744140625,-101889.90629037,0.0003,2120,73634,42.65,138,294640,-0.45500805974006653,134.35910034179688
8888,127684.5390625,3315.524658203125,-101957.12575538998,0.0003,2122,73676,42.59,138,294808,3.859076976776123,134.2502899169922
8892,133389.0,3540.486572265625,-102275.17064835,0.0003,2123,73721,42.68,138,294988,0.31630975008010864,133.7015838623047
8896,137004.03125,3725.15478515625,-102511.24890422,0.0003,2124,73768,42.7,138,295176,-2.0313925743103027,133.4635467529297
8900,128725.40625,3540.129150390625,-103029.40662208,0.0003,2126,73812,42.67,138,295352,-0.26352763175964355,133.22625732421875
8904,131943.890625,3809.583984375,-104380.08540016,0.0003,2127,73851,52.17,138,295508,-0.1305980682373047,133.1160125732422
8908,126236.0390625,3280.903564453125,-104333.30283420999,0.0003,2129,73926,52.03,138,295808,3.248293399810791,133.217041015625
8912,137854.8125,3452.87109375,-105459.48339907001,0.0003,2146,74556,68.68,138,298328,-0.9433743357658386,131.6854248046875
8916,127144.5,3367.35205078125,-107391.90581522002,0.0003,2156,74926,87.08,139,299808,0.9118090867996216,130.29356384277344
8920,133598.609375,3689.58447265625,-108565.12985565003,0.0003,2172,75556,106.69,139,302328,-1.0912714004516602,127.26420593261719
8924,129640.65625,3259.502685546875,-111243.86158064,0.0003,2199,76556,145.84,139,306328,1.6280004978179932,124.30647277832031
8928,124949.5,3140.732177734375,-110894.8505645,0.0003,2209,76926,156.05,139,307808,0.60495924949646,121.23136901855469
8932,125628.15625,3201.77880859375,-113287.36336819001,0.0003,2235,77926,195.1,139,311808,1.3864177465438843,114.8731918334961
8936,121967.4453125,3150.434814453125,-114785.92236762999,0.0003,2256,78752,224.88,139,315112,-0.8490399718284607,111.96794128417969
8940,122725.15625,3167.48876953125,-115683.44970051,0.0003,2273,79412,243.17,139,317752,-3.547020196914673,108.07259368896484
8944,117258.46875,3706.006591796875,-117919.35803542,0.0003,2299,80412,276.92,139,321752,0.025372982025146484,104.53060150146484
8948,118762.0078125,3189.6162109375,-118377.02524955003,0.0003,2325,81412,311.0,140,325752,-2.5844779014587402,100.89899444580078
8952,111160.78125,3153.2294921875,-119420.97167899,0.0003,2352,82412,350.17,140,329752,3.4601566791534424,96.9447250366211
8956,111498.46875,3009.776611328125,-120664.94378259,0.0003,2376,83368,386.88,140,333576,-2.0686066150665283,93.57716369628906
8960,105977.484375,3058.39501953125,-120967.33502662,0.0003,2403,84368,425.51,140,337576,1.5570321083068848,89.94355010986328
8964,108876.609375,2945.61962890625,-120779.95505141,0.0003,2429,85368,464.6,140,341576,-0.5530167818069458,88.03492736816406
8968,104227.65625,3407.258544921875,-121477.66881076999,0.0003,2455,86368,503.8,140,345576,-1.1363837718963623,85.18656921386719
8972,100040.4765625,2914.0830078125,-122625.7689415,0.0003,2481,87368,542.93,140,349576,-0.3238982856273651,82.58373260498047
8976,94533.828125,3071.010986328125,-124700.02917642001,0.0003,2507,88368,581.98,141,353576,3.893251419067383,79.29387664794922
8980,93898.21875,3250.6083984375,-129400.28353442,0.0003,2533,89368,621.03,141,357576,5.099147319793701,75.91828918457031
8984,101378.4609375,3317.848388671875,-129017.15569815999,0.0003,2539,89596,642.52,141,358488,-1.917723298072815,75.91582489013672
8988,94173.109375,3021.88525390625,-147416.73269411,0.0003,2549,89953,651.05,141,359916,0.9261785745620728,75.17487335205078
8992,97358.28125,3103.92041015625,-164912.67300947997,0.0003,2550,89987,660.99,141,360052,-1.2181153297424316,75.25054931640625
8996,96348.765625,3054.5361328125,-164709.17319556,0.0003,2551,90019,661.52,141,360180,1.127312183380127,75.23314666748047
9000,98186.6640625,3288.9326171875,-168116.84645913,0.0003,2552,90081,662.46,141,360428,-0.5928600430488586,75.13412475585938
9004,98939.015625,3432.6455078125,-167311.01294509,0.0003,2554,90145,653.98,141,360684,1.4012186527252197,75.52075958251953
9008,92991.75,2906.4169921875,-167679.16285807,0.0003,2556,90210,655.56,141,360944,2.733942985534668,75.51737213134766
9012,97286.78125,3138.576904296875,-166385.67142823,0.0003,2557,90244,640.95,141,361080,0.9219777584075928,75.71586608886719
9016,101097.0546875,3117.411376953125,-165435.22633593998,0.0003,2558,90269,623.4,141,361180,-1.1611294746398926,75.6144790649414
9020,94159.140625,2958.417724609375,-164576.6978631,0.0003,2559,90310,604.38,141,361344,0.9260589480400085,75.54676055908203
9024,102730.125,3058.474365234375,-162034.99754742996,0.0003,2560,90365,566.03,141,361564,-1.9469162225723267,75.614013671875
9028,97570.8828125,3102.49560546875,-160935.93386902998,0.0003,2562,90423,547.59,141,361796,-1.1709294319152832,75.53617858886719
9032,101474.359375,3155.26611328125,-158782.00559286,0.0003,2566,90570,509.99,141,362384,0.27652472257614136,75.65596008300781
9036,91774.4765625,3050.950927734375,-157291.4751966,0.0003,2570,90702,480.76,141,362912,2.3868422508239746,75.35618591308594
9040,91421.15625,3039.031982421875,-156978.9638734,0.0003,2573,90792,466.83,141,363272,-2.5660085678100586,75.11385345458984
9044,96535.296875,3058.406005859375,-154685.42939662,0.0003,2575,90868,433.47,141,363576,0.24305856227874756,74.93940734863281
9048,96601.953125,2978.666259765625,-153213.25921771,0.0003,2577,90929,394.66,141,363820,0.9249061346054077,74.71109771728516
9052,94894.0234375,3508.472412109375,-152208.80480399998,0.0003,2579,91000,356.05,141,364104,0.16897690296173096,74.5723648071289
9056,97454.0703125,3037.3759765625,-150696.30603219,0.0003,2583,91084,319.89,141,364440,-2.6001100540161133,73.97513580322266
9060,98232.9375,3162.11572265625,-150023.30357961,0.0003,2585,91145,281.34,141,364684,-4.5700836181640625,73.4855728149414
9064,91900.4375,3194.244873046875,-150276.94887797002,0.0003,2588,91252,243.14,141,365112,-1.8112112283706665,73.33494567871094
9068,98320.625,3172.1318359375,-149940.18394315,0.0003,2591,91365,215.49,141,365564,-4.066853046417236,73.80116271972656
9072,93100.515625,3495.296630859375,-149371.98742147,0.0003,2594,91467,176.97,141,365972,-0.36343586444854736,73.78878021240234
9076,97732.75,3296.914306640625,-151287.50083087,0.0003,2597,91558,150.03,141,366336,-0.1912386417388916,73.64051055908203
9080,95425.15625,3230.54296875,-146870.02292699003,0.0003,2598,91606,111.7,141,366528,-2.3353869915008545,73.64244842529297
9084,91880.765625,3288.225830078125,-146124.77715048002,0.0003,2600,91653,85.23,141,366716,0.6503207683563232,73.41409301757812
9088,91414.3984375,3140.239013671875,-127879.79424571001,0.0003,2602,91734,77.57,141,367040,3.3419885635375977,73.026123046875
9092,93512.21875,3106.7529296875,-110317.08368897001,0.0003,2605,91830,68.9,141,367424,-4.996708869934082,72.73663330078125
9096,91928.296875,3246.8984375,-113084.16548773999,0.0003,2608,91939,75.15,141,367860,-0.7315248250961304,72.53274536132812
9100,94664.15625,2975.202392578125,-109681.00596950999,0.0003,2609,91982,76.26,141,368032,-0.7699669599533081,72.51091766357422
9104,93715.546875,3133.323486328125,-109366.69662772,0.0003,2611,92027,77.03,141,368212,-3.0935778617858887,72.4957046508789
9108,90255.6328125,3168.65478515625,-108858.12684447,0.0003,2612,92073,76.42,141,368396,0.046764880418777466,72.50852966308594
9112,97958.6484375,3262.05908203125,-108574.88345311001,0.0003,2613,92115,74.92,141,368564,2.6246352195739746,72.43872833251953
9116,94478.0859375,3116.8251953125,-107587.90619198002,0.0003,2614,92158,74.81,141,368736,1.9559309482574463,72.2773208618164
9120,89961.8515625,3203.751708984375,-107228.54778316,0.0003,2616,92222,75.66,141,368992,0.013539791107177734,71.97855377197266
9124,94605.921875,3142.291259765625,-106951.86968842002,0.0003,2618,92286,75.57,141,369248,-0.13980737328529358,71.87606811523438
9128,93139.1875,3213.05126953125,-106797.75734849999,0.0003,2620,92385,75.6,141,369644,3.334580659866333,72.2281265258789
9132,89675.65625,3509.498291015625,-106744.49417507001,0.0003,2622,92476,74.71,141,370008,-0.789713978767395,72.002685546875
9136,94075.828125,3249.3291015625,-106668.71898167,0.0003,2625,92580,75.72,141,370424,-0.7312668561935425,71.85533142089844
9140,84266.578125,3081.184814453125,-107849.41916590002,0.0003,2627,92661,76.7,141,370748,3.3466148376464844,71.90753936767578
9144,87717.453125,2956.43701171875,-107775.42771226,0.0003,2629,92734,76.71,141,371040,-0.51507568359375,71.87654876708984
9148,83104.828125,2972.4375,-109056.49336513999,0.0003,2631,92789,82.12,141,371260,1.8784034252166748,71.79393005371094
9152,88671.109375,3407.5673828125,-109053.08103396,0.0003,2632,92848,82.26,141,371496,0.5320935249328613,71.92972564697266
9156,91959.25,3157.952880859375,-109657.49721207003,0.0003,2633,92873,84.47,141,371596,2.5240955352783203,71.94766998291016
9160,90996.625,2996.779541015625,-110333.46724711,0.0003,2634,92917,84.45,141,371772,-0.8304489254951477,72.15876007080078
9164,94979.484375,3316.17626953125,-110223.96194358003,0.0003,2635,92959,84.33,141,371940,-4.273496627807617,72.21720123291016
9168,97429.6171875,3132.205810546875,-109501.06087016001,0.0003,2636,92984,73.37,141,372040,-3.182171583175659,72.2339096069336
9172,84657.0703125,3025.489990234375,-109428.87668471999,0.0003,2637,93034,73.64,141,372240,1.4449524879455566,72.30055236816406
9176,96706.8203125,3364.60791015625,-105419.83648701999,0.0003,2638,93071,62.21,141,372388,-1.7504221200942993,72.20942687988281
9180,89674.84375,3198.547119140625,-104914.50580674,0.0003,2640,93129,62.35,141,372620,0.1527392864227295,72.43195343017578
9184,88335.109375,2967.560546875,-104854.68982130002,0.0003,2641,93164,62.45,141,372760,1.2314281463623047,72.41358184814453
9188,89297.1640625,3024.374267578125,-104931.10520904999,0.0003,2642,93210,62.57,141,372944,0.5162104368209839,72.39472961425781
9192,92408.21875,3161.749267578125,-104683.92970571002,0.0003,2643,93242,61.96,141,373072,-1.3399336338043213,72.36781311035156
9196,91867.234375,3318.870849609375,-101610.32936897001,0.0003,2644,93278,55.67,141,373216,-2.1503069400787354,72.18753051757812
9200,88132.765625,2917.891357421875,-101121.3733982,0.0003,2645,93322,54.49,141,373392,1.6657006740570068,72.16832733154297
9204,92412.921875,2994.87255859375,-100408.89115221002,0.0003,2646,93360,53.15,141,373544,1.3298968076705933,71.9873046875
9208,85347.3046875,2911.77099609375,-100509.67723304001,0.0003,2647,93394,52.68,141,373680,2.09417724609375,71.96015930175781
9212,97441.015625,3315.25830078125,-100643.30659647002,0.0003,2649,93433,52.61,141,373836,-5.03066349029541,71.89032745361328
9216,95510.75,3285.255615234375,-100574.77997967003,0.0003,2649,93453,52.45,141,373916,-0.8337908983230591,71.98681640625
9220,89716.2421875,3131.626220703125,-100513.66489143,0.0003,2650,93487,51.71,141,374052,-1.6035888195037842,72.22608947753906
9224,94562.296875,3102.057373046875,-100641.83754404001,0.0003,2651,93532,51.88,141,374232,0.3866228759288788,72.25020599365234
9228,90712.75,3454.39697265625,-100302.60289186999,0.0003,2653,93573,51.17,141,374396,0.066722571849823,72.15493774414062
9232,91008.0078125,3093.797607421875,-99561.71687337998,0.0003,2654,93615,51.13,141,374564,-0.16083639860153198,72.13780975341797
9236,87822.015625,3164.989990234375,-99378.60233005999,0.0003,2655,93644,50.08,141,374680,2.1017329692840576,72.28704071044922
9240,89048.453125,3031.55126953125,-97076.44860448003,0.0003,2656,93682,45.23,141,374832,1.447130560874939,72.2463150024414
9244,90799.09375,3228.548583984375,-96822.59708795002,0.0003,2657,93724,45.32,141,375000,-1.7567362785339355,72.09984588623047
9248,91913.5078125,3212.5791015625,-96105.87807389999,0.0003,2659,93758,40.39,141,375136,-3.259706735610962,71.9547348022461
9252,90648.6015625,2935.940185546875,-95693.96712807,0.0003,2660,93789,40.41,141,375260,0.7743833661079407,71.96276092529297
9256,91376.09375,3246.7021484375,-95104.17298366001,0.0003,2661,93823,38.13,141,375396,0.0008821487426757812,71.95576477050781
9260,89201.734375,3385.46142578125,-94485.13905682001,0.0003,2663,93865,38.36,141,375564,1.1679089069366455,71.80467987060547
9264,90608.71875,3085.745361328125,-94387.24190934001,0.0003,2664,93900,38.11,141,375704,1.6654932498931885,71.8685302734375
9268,89565.65625,2923.067138671875,-94411.23505517001,0.0003,2665,93944,38.33,141,375880,0.4890848398208618,71.95462799072266
9272,90526.796875,3081.24169921875,-93924.63646486,0.0003,2666,93983,38.28,141,376036,-0.017795145511627197,71.97045135498047
9276,88467.546875,3263.5654296875,-93518.96486227,0.0003,2667,94019,38.16,141,376180,1.5483717918395996,72.00738525390625
9280,87279.609375,3040.95751953125,-93854.81076712001,0.0003,2668,94060,38.01,141,376344,0.3187583088874817,72.03207397460938
9284,93208.859375,3218.92822265625,-94084.62206087001,0.0003,2670,94104,37.78,141,376520,-1.9323744773864746,72.11607360839844
9288,89698.609375,3067.20263671875,-93555.03807938997,0.0003,2671,94145,37.54,141,376684,-2.7895596027374268,72.45896911621094
9292,90355.0625,3072.58544921875,-93699.77729594999,0.0003,2672,94191,37.77,141,376868,-0.3676631450653076,72.7376480102539
9296,85657.875,3074.0751953125,-94042.89832626,0.0003,2673,94230,38.13,141,377024,0.6996234059333801,72.72935485839844
9300,93763.078125,3248.2158203125,-94477.36384213,0.0003,2675,94271,38.02,141,377188,-3.6301252841949463,72.65995788574219
9304,87468.6640625,3280.263427734375,-94555.73823050002,0.0003,2676,94312,38.2,140,377352,0.7025518417358398,72.63636779785156
9308,83766.1640625,3222.886474609375,-94268.83719316,0.0003,2677,94357,38.6,140,377532,1.2899055480957031,72.39825439453125
9312,90537.4453125,3133.572998046875,-93968.94861170002,0.0003,2678,94395,38.84,140,377684,0.8575541973114014,72.44635772705078
9316,92202.453125,3262.4931640625,-93748.55307824003,0.0003,2680,94442,39.08,140,377872,-1.6026418209075928,72.48768615722656
9320,87925.625,3168.365234375,-93494.89250928002,0.0003,2681,94475,39.18,140,378004,-1.6534425020217896,72.6679916381836
9324,92554.0625,3324.984130859375,-93583.78765941,0.0003,2681,94510,39.03,140,378144,-2.3337137699127197,72.83430480957031
9328,88522.84375,3048.791748046875,-93604.59722103001,0.0003,2683,94549,39.47,140,378300,0.8155044317245483,72.98870086669922
9332,91673.890625,3330.095703125,-93813.4507178,0.0003,2684,94594,39.72,140,378480,-0.9233466386795044,72.90473937988281
9336,85089.5703125,3103.25,-93963.17604978997,0.0003,2686,94640,39.93,140,378664,2.2719058990478516,72.9215316772461
9340,85889.9296875,3215.843505859375,-94251.29105153,0.0003,2687,94683,40.21,140,378836,0.9290452599525452,72.72887420654297
9344,85626.640625,3174.218505859375,-94049.74301073999,0.0003,2688,94725,40.13,140,379004,-1.4347221851348877,72.64900970458984
9348,87761.796875,3090.83447265625,-94039.65831179,0.0003,2689,94765,40.2,140,379164,-0.6592198610305786,72.65413665771484
9352,86007.3046875,3076.634765625,-94144.55030482002,0.0003,2691,94803,40.27,140,379316,-1.4461289644241333,72.62313842773438
9356,93170.546875,3163.989990234375,-94199.92870727998,0.0003,2692,94840,40.29,140,379464,-1.4188346862792969,72.69371032714844
9360,90320.515625,3275.424560546875,-94024.27446028002,0.0003,2693,94879,40.35,140,379620,-0.4205321967601776,72.64266967773438
9364,89783.671875,3079.5400390625,-93924.80256287,0.0003,2694,94914,40.7,140,379760,3.259812355041504,72.84850311279297
9368,94727.484375,3186.0361328125,-93963.96886767999,0.0003,2695,94958,40.63,140,379936,-0.9180318117141724,72.67108154296875
9372,91417.421875,3223.575439453125,-94556.94468702002,0.0003,2696,94993,40.46,140,380076,1.3392432928085327,72.70954895019531
9376,91418.0546875,3430.7587890625,-94749.88806269999,0.0003,2697,95036,40.65,140,380248,-3.6488382816314697,72.30413818359375
9380,84682.59375,3143.026611328125,-94909.05249321999,0.0003,2698,95071,40.55,140,380388,-0.19525694847106934,72.09248352050781
9384,85053.703125,3051.43212890625,-95246.09723380998,0.0003,2699,95119,40.7,140,380580,-0.05307483673095703,71.90448760986328
9388,88226.1328125,3167.90234375,-94965.80278107998,0.0003,2701,95162,40.65,140,380752,-1.1373367309570312,71.7252197265625
9392,89008.1640625,3163.48046875,-95251.80469975,0.0003,2702,95196,40.52,140,380888,0.87050461769104,71.86595916748047
9396,87614.53125,3261.44140625,-94887.81712387002,0.0003,2703,95245,40.66,140,381084,0.054154276847839355,72.05482482910156
9400,85454.59375,3061.391845703125,-95364.05767146003,0.0003,2704,95289,40.83,140,381260,1.6291382312774658,72.2018814086914
9404,90532.2890625,3069.779052734375,-95659.59508101997,0.0003,2706,95349,40.77,140,381500,-2.955972909927368,71.92711639404297
9408,84033.71875,3443.190185546875,-95914.11890610002,0.0003,2707,95388,40.77,140,381656,2.3588755130767822,71.95995330810547
9412,92657.859375,3330.0322265625,-95890.87682800998,0.0003,2708,95428,40.99,140,381816,-1.7683303356170654,71.88288879394531
9416,85989.2421875,3028.62451171875,-96004.13191057002,0.0003,2710,95482,41.14,140,382032,2.561262369155884,71.90792083740234
9420,90013.265625,3046.580078125,-96778.86522649002,0.0003,2711,95524,41.76,140,382200,-1.0913150310516357,71.83378601074219
9424,81829.28125,2942.201171875,-96539.0595668,0.0003,2712,95556,41.79,140,382328,2.624154806137085,71.93881225585938
9428,88700.984375,3262.0986328125,-96657.29668303001,0.0003,2714,95619,41.69,140,382580,1.0950517654418945,71.94739532470703
9432,87406.78125,3282.48095703125,-96940.51031668,0.0003,2715,95664,42.15,140,382760,1.047342300415039,71.96111297607422
9436,91150.703125,3236.090576171875,-97183.01154539,0.0003,2717,95708,42.26,140,382936,-2.608603000640869,72.00845336914062
9440,88982.09375,3295.78564453125,-97658.15263701002,0.0003,2718,95743,42.57,140,383076,-0.8241667747497559,72.00690460205078
9444,84582.765625,3102.602783203125,-98325.40865869999,0.0003,2720,95811,43.12,140,383348,3.3251914978027344,72.03592681884766
9448,82370.703125,3291.1533203125,-98465.44194768002,0.0003,2721,95859,43.6,140,383540,1.7126405239105225,71.86959075927734
9452,86538.078125,3087.966552734375,-98931.32988657997,0.0003,2722,95904,43.83,140,383720,0.8325204253196716,71.73312377929688
9456,87937.90625,3087.52490234375,-98895.65886415001,0.0003,2724,95942,44.1,140,383872,1.7520114183425903,71.7000503540039
9460,84026.140625,3218.462158203125,-99252.03407981002,0.0003,2725,95978,43.77,140,384016,-1.4169896841049194,71.85413360595703
9464,83169.96875,3040.96142578125,-99199.65400013,0.0003,2726,96028,43.64,140,384216,3.019475221633911,72.15105438232422
9468,91317.078125,3206.31689453125,-99917.83931265,0.0003,2727,96074,44.2,140,384400,0.31758785247802734,72.21672821044922
9472,92814.796875,3171.779052734375,-99633.96791835001,0.0003,2729,96119,44.38,140,384580,0.2829495072364807,71.96880340576172
9476,89500.546875,3106.03564453125,-100711.79037201998,0.0003,2730,96164,44.68,140,384760,-2.8541712760925293,71.91851043701172
9480,86164.75,3077.35888671875,-100300.90456015,0.0003,2732,96221,45.17,140,384988,0.7652238607406616,71.727783203125
9484,83467.9609375,3427.708251953125,-100416.23177411,0.0003,2733,96276,45.6,140,385208,-0.8949233293533325,71.6307144165039
9488,84476.4375,3260.3076171875,-100900.0864686,0.0003,2735,96324,45.98,140,385400,1.6147887706756592,71.6731185913086
9492,82476.1953125,3230.54833984375,-100790.51834241001,0.0003,2736,96363,46.15,140,385556,1.7753430604934692,71.71002960205078
9496,88409.671875,3154.78564453125,-101907.71485418001,0.0003,2738,96414,46.15,140,385760,-0.5736538171768188,71.60118103027344
9500,85268.1640625,3198.580078125,-101412.21215483997,0.0003,2739,96467,46.42,140,385972,-3.0176501274108887,71.52886199951172
9504,84183.453125,3192.4013671875,-101889.72402517998,0.0003,2740,96502,46.69,140,386112,1.6064767837524414,71.3622055053711
9508,84918.046875,2960.461669921875,-102241.37946928,0.0003,2741,96540,46.46,140,386264,4.206148624420166,71.16670989990234
9512,87233.734375,3292.364501953125,-103627.39639445998,0.0003,2742,96576,46.34,140,386408,-1.3730881214141846,70.93148803710938
9516,92339.875,3617.508544921875,-104447.69366317001,0.0003,2743,96613,45.92,140,386556,-2.2300467491149902,70.75151062011719
9520,89128.859375,3275.02783203125,-104298.5208057,0.0003,2745,96656,45.37,140,386728,-3.708019256591797,70.6742935180664
9524,88529.03125,3100.479736328125,-105616.30062902001,0.0003,2746,96706,45.58,140,386928,0.6322219371795654,70.3403091430664
9528,84983.2109375,2965.24267578125,-107248.48053841,0.0003,2747,96758,46.07,140,387136,0.040454208850860596,69.93990325927734
9532,80624.5234375,3035.375732421875,-108334.08868651999,0.0003,2749,96793,45.82,140,387276,0.6697940230369568,70.00626373291016
9536,86055.9453125,3077.060546875,-108865.16039558,0.0003,2750,96836,45.68,140,387448,0.3509517014026642,69.99101257324219
9540,85658.46875,3210.852783203125,-109233.91502267001,0.0003,2751,96874,45.16,140,387600,-0.6499066352844238,70.07780456542969
9544,83493.09375,3022.1044921875,-110117.70728422001,0.0003,2752,96922,44.83,140,387792,-0.21064507961273193,70.12606811523438
9548,86179.84375,3091.796142578125,-110419.20060006002,0.0003,2754,96971,44.64,140,387988,-1.1326923370361328,70.14419555664062
9552,89164.875,3103.815185546875,-111541.76305094,0.0003,2755,97027,44.56,140,388212,-3.5808966159820557,70.36922454833984
9556,82520.8984375,3107.237060546875,-112421.45683211001,0.0003,2756,97058,44.58,140,388336,2.1414713859558105,70.50804138183594
9560,90957.65625,3293.541015625,-112945.46277832,0.0003,2758,97100,44.93,140,388504,-2.618803024291992,70.57222747802734
9564,90006.078125,3331.789794921875,-113287.45644567,0.0003,2759,97141,44.92,140,388668,-2.976574420928955,70.64319610595703
9568,79481.0859375,3047.540283203125,-113348.32688102999,0.0003,2760,97176,44.48,140,388808,5.212690353393555,70.849853515625
9572,86086.90625,2941.551025390625,-114253.11016500002,0.0003,2761,97211,44.22,140,388948,1.2114019393920898,70.87451934814453
9576,84849.765625,2939.4287109375,-114145.99143909,0.0003,2762,97259,43.68,140,389140,-0.7812483310699463,70.82174682617188
9580,88492.59375,3074.958251953125,-115352.94257102998,0.0003,2763,97294,43.28,140,389280,-0.9069644212722778,70.85667419433594
9584,80530.71875,3063.89794921875,-115935.33826687999,0.0003,2764,97336,42.48,140,389448,3.540306568145752,70.71259307861328
9588,88971.609375,3204.091552734375,-116819.37081661003,0.0003,2765,97372,42.26,140,389592,-2.37971830368042,70.73663330078125
9592,83737.34375,3196.90576171875,-117280.47492502998,0.0003,2767,97409,41.96,140,389740,2.0663225650787354,70.89419555664062
9596,86804.53125,2934.0087890625,-117810.27540762998,0.0003,2768,97465,42.07,140,389964,1.471773386001587,71.04993438720703
9600,79078.2421875,3066.130615234375,-118337.83592837,0.0003,2769,97501,41.74,140,390108,-0.8735713958740234,71.05111694335938
9604,86698.5859375,3155.372802734375,-118442.29853607001,0.0003,2771,97556,41.83,140,390328,2.240318775177002,71.26960754394531
9608,78084.296875,3058.078857421875,-118938.20766748,0.0003,2772,97614,42.56,140,390560,3.212007999420166,71.40744018554688
9612,84877.265625,3366.0732421875,-119118.760334,0.0003,2773,97650,42.8,140,390704,-0.41172081232070923,71.18531036376953
9616,87482.53125,3325.690673828125,-119457.61924398999,0.0003,2775,97687,43.13,140,390852,-0.6260831356048584,70.97949981689453
9620,86603.96875,3328.541015625,-120024.59446951999,0.0003,2776,97752,43.25,140,391112,1.5696876049041748,70.65613555908203
9624,85103.0703125,3077.478759765625,-120021.49645223998,0.0003,2778,97812,43.79,140,391352,3.2788119316101074,70.79589080810547
9628,86354.734375,3076.65234375,-120348.15198276001,0.0003,2779,97848,43.77,140,391496,-0.7567829489707947,70.76193237304688
9632,86884.3125,3034.4609375,-119848.81321627,0.0003,2781,97901,43.65,140,391708,3.4199600219726562,70.51520538330078
9636,86177.84375,2957.67236328125,-120326.30751996,0.0003,2782,97957,44.31,140,391932,2.6843347549438477,70.47372436523438
9640,84623.453125,3079.922119140625,-120713.42013608999,0.0003,2783,97994,44.55,140,392080,-1.8982198238372803,70.34966278076172
9644,86938.6796875,3223.748291015625,-120727.22059237001,0.0003,2784,98028,44.62,140,392216,-0.8626176118850708,70.26451110839844
9648,85415.984375,3281.764404296875,-120134.57593833002,0.0003,2786,98079,44.01,140,392420,2.1996166706085205,70.1386489868164
9652,84669.234375,3142.66064453125,-120569.23497921,0.0003,2787,98120,44.14,140,392584,-0.5296697616577148,69.7191390991211
9656,82404.5703125,2993.416015625,-120461.92985516998,0.0003,2788,98162,44.14,140,392752,0.21727174520492554,69.45531463623047
9660,92484.5,3109.55810546875,-120775.44773578999,0.0003,2790,98215,44.07,140,392964,-0.2939292788505554,69.19188690185547
9664,86450.40625,3272.88134765625,-122097.33690436003,0.0003,2791,98264,44.62,140,393160,-1.0300240516662598,68.99832153320312
9668,85025.8125,3190.985595703125,-123054.69032751002,0.0003,2792,98302,44.64,140,393312,-0.47682714462280273,68.8432388305664
9672,82440.171875,3032.79638671875,-123293.83609123003,0.0003,2793,98332,44.5,140,393432,3.5867044925689697,68.51026153564453
9676,81494.265625,3167.803955078125,-122994.24962533999,0.0003,2795,98373,44.44,140,393596,-0.2966057062149048,68.41617584228516
9680,83072.3203125,3289.5576171875,-123990.43079915,0.0003,2796,98413,45.01,140,393756,-0.9821671843528748,68.51914978027344
9684,83781.1328125,3204.482421875,-123886.72915884001,0.0003,2797,98471,45.81,140,393988,-0.002552539110183716,68.62590789794922
9688,81377.625,3092.4443359375,-124613.63752442,0.0003,2798,98508,45.76,140,394136,0.9913923740386963,68.80855560302734
9692,86895.6875,3482.986572265625,-125127.981052,0.0003,2799,98544,45.65,140,394280,-2.396310806274414,68.92144775390625
9696,82880.2265625,2909.184814453125,-125451.97593072001,0.0003,2801,98609,45.42,140,394540,4.265198707580566,69.06761169433594
9700,82458.75,3072.806640625,-126473.00905683002,0.0003,2803,98659,45.57,140,394740,2.3682098388671875,69.0348892211914
9704,88833.390625,3274.204833984375,-127519.71757215,0.0003,2804,98699,46.45,140,394900,-1.0030112266540527,68.69976806640625
9708,89608.875,3295.225341796875,-127655.28047027999,0.0003,2806,98760,46.42,140,395144,1.7254383563995361,68.87600708007812
9712,88014.09375,3538.072998046875,-127800.00358788003,0.0003,2808,98818,46.23,140,395376,-1.879418134689331,68.75247192382812
9716,84384.84375,3127.15185546875,-127461.4534967,0.0003,2809,98873,46.2,140,395596,0.006174445152282715,68.70262145996094
9720,82829.40625,3047.548828125,-128094.06456128,0.0003,2811,98934,46.72,140,395840,1.7273268699645996,68.67157745361328
9724,82932.84375,3124.938720703125,-129086.18967009001,0.0003,2812,98977,46.93,140,396012,4.088126182556152,68.48445892333984
9728,81572.5625,3056.698974609375,-129097.04346898997,0.0003,2814,99031,46.95,140,396228,2.2920711040496826,68.07553100585938
9732,90082.046875,3136.626708984375,-130187.31939490001,0.0003,2815,99067,46.93,140,396372,-2.657716751098633,67.83169555664062
9736,84148.625,3008.692626953125,-130508.66482308999,0.0003,2816,99106,46.66,140,396528,0.9100207090377808,67.9424057006836
9740,83670.875,3273.081298828125,-130080.84304862,0.0003,2818,99169,46.75,140,396780,0.10067319869995117,68.2385482788086
9744,84849.6328125,3099.848388671875,-129776.43927223998,0.0003,2818,99204,46.97,140,396920,0.02036672830581665,68.09870910644531
9748,80095.6328125,3318.8798828125,-130619.28106445001,0.0003,2820,99260,47.26,140,397144,2.4402315616607666,68.06715393066406
9752,88173.640625,3515.941650390625,-130653.14541321,0.0003,2822,99325,47.56,140,397404,-3.937537908554077,67.72016906738281
9756,86265.9375,3192.304931640625,-131142.49165593,0.0003,2824,99388,48.77,140,397656,-2.222196102142334,67.6720962524414
9760,81823.984375,3136.469970703125,-131432.78104119,0.0003,2826,99441,49.29,140,397868,0.9545164108276367,67.66320037841797
9764,81296.828125,3106.788330078125,-130156.05027596999,0.0003,2827,99485,49.27,140,398044,-0.8033133745193481,67.64102935791016
9768,81737.515625,3075.564697265625,-130648.89062497001,0.0003,2829,99545,49.94,140,398284,0.8146541714668274,67.52656555175781
9772,86790.953125,3359.568603515625,-130864.93113301,0.0003,2831,99616,51.03,140,398568,1.6060514450073242,67.38397979736328
9776,79688.21875,3228.06103515625,-131979.48005689998,0.0003,2835,99760,53.74,140,399144,2.7333483695983887,66.98746490478516
9780,79802.5625,3110.615234375,-130779.69575051,0.0003,2836,99801,55.25,140,399308,0.9852303266525269,67.1117935180664
9784,80011.5625,2914.866455078125,-132119.70757219,0.0003,2839,99876,55.41,140,399608,3.716059684753418,66.89144897460938
9788,84621.421875,3208.307861328125,-132664.30531824,0.0003,2841,99958,56.52,140,399936,-0.05927830934524536,66.88494110107422
9792,86221.7265625,3386.090087890625,-133102.78606334,0.0003,2842,99996,57.79,140,400088,-4.074332237243652,66.94473266601562
9796,84123.140625,3134.489990234375,-133174.30849946,0.0003,2844,100061,58.28,140,400348,-1.7240025997161865,67.35455322265625
9800,88394.8125,3250.57666015625,-132623.14439827998,0.0003,2848,100223,58.95,140,400996,-1.2042322158813477,67.53890228271484
9804,82417.3671875,3570.658447265625,-133144.72512788002,0.0003,2852,100366,62.04,140,401568,-0.7081010341644287,67.6617431640625
9808,85362.46875,3203.199951171875,-135367.99273372,0.0003,2856,100501,68.19,140,402108,-4.152163028717041,67.51494598388672
9812,85085.4375,3202.157470703125,-135874.92684637,0.0003,2859,100590,70.31,140,402464,-0.24732205271720886,67.26901245117188
9816,80616.6796875,3027.696044921875,-138257.48266006,0.0003,2865,100797,74.14,140,403292,0.7114993333816528,66.59105682373047
9820,83964.453125,3211.8642578125,-139432.44351669998,0.0003,2867,100877,77.79,140,403612,-0.7869017124176025,66.5748291015625
9824,81500.0390625,3331.88330078125,-138703.90921729,0.0003,2870,100967,79.24,140,403972,2.3911378383636475,66.4804916381836
9828,79824.046875,3343.43798828125,-138063.52292346,0.0003,2872,101042,80.21,140,404272,1.204935908317566,66.22309875488281
9832,82225.0234375,3179.131103515625,-136655.926569,0.0003,2875,101145,81.72,140,404684,-1.5623643398284912,66.2994384765625
9836,83483.546875,3343.037353515625,-135852.75580371998,0.0003,2878,101242,84.96,140,405072,0.4573572278022766,66.35769653320312
9840,81261.9921875,3240.383056640625,-135330.28441872998,0.0003,2882,101368,86.18,140,405576,-3.5641069412231445,65.60684967041016
9844,82911.2265625,3785.41357421875,-135451.10424207,0.0003,2883,101420,86.95,140,405784,-0.04752349853515625,65.56778717041016
9848,87372.796875,3526.234375,-134647.29689996,0.0003,2884,101450,87.87,140,405904,-2.4945273399353027,65.50997161865234
9852,85757.234375,3697.375244140625,-132237.03368006003,0.0003,2886,101500,86.74,140,406104,-1.0670652389526367,65.39131164550781
9856,82873.03125,3464.766357421875,-130941.40480417002,0.0003,2889,101618,87.82,140,406576,-4.503822326660156,64.9819107055664
9860,82962.484375,3225.071044921875,-130116.27728488004,0.0003,2891,101675,87.53,140,406804,2.519608497619629,64.95600891113281
9864,90601.859375,3604.167236328125,-129427.64715902002,0.0003,2892,101705,86.94,140,406924,-3.40763783454895,64.92231750488281
9868,85786.34375,3189.252685546875,-127214.01244307999,0.0003,2894,101758,88.09,140,407136,1.0000455379486084,64.85221099853516
9872,80219.7578125,3151.513427734375,-125104.79992784999,0.0003,2895,101789,87.38,140,407260,3.364680290222168,64.6504135131836
9876,81580.1953125,3090.8818359375,-122775.66073366001,0.0003,2895,101816,84.64,140,407368,-1.3073863983154297,64.65771484375
9880,80410.1484375,3080.940185546875,-121465.65401719,0.0003,2897,101880,82.69,140,407624,4.350862503051758,64.25045776367188
9884,82351.5703125,3122.795166015625,-119081.98452112,0.0003,2899,101948,83.07,140,407896,0.7581636905670166,64.19469451904297
9888,82502.734375,3127.50830078125,-116409.74779468,0.0003,2900,101989,81.68,140,408060,-0.5794284343719482,64.154296875
9892,74427.265625,3250.75439453125,-114587.08493325998,0.0003,2902,102036,81.27,140,408248,3.4834394454956055,64.08816528320312
9896,79223.6875,3201.33740234375,-112725.04751572,0.0003,2903,102087,81.04,140,408452,2.122377395629883,64.00958251953125
9900,83881.984375,3300.8701171875,-111100.45786098998,0.0003,2904,102116,79.56,140,408568,-0.24772322177886963,64.11017608642578
9904,79968.234375,3332.29345703125,-108715.29444518,0.0003,2905,102167,75.91,140,408772,0.3216444253921509,64.1427993774414
9908,81537.2890625,3188.697509765625,-104886.98224396001,0.0003,2906,102196,68.73,140,408888,-0.8814599514007568,64.2350845336914
9912,87612.578125,3698.804443359375,-102716.06906925999,0.0003,2907,102241,66.68,140,409068,-2.4042322635650635,64.2314682006836
9916,85414.375,3160.787841796875,-99277.46261412,0.0003,2908,102268,62.6,140,409176,0.9939945936203003,64.20648193359375
9920,88190.21875,3399.004150390625,-96115.54519984998,0.0003,2910,102335,58.74,140,409444,-2.535423755645752,63.87481689453125
9924,83076.0234375,3358.699951171875,-94437.02918997,0.0003,2911,102367,56.71,140,409572,0.33450138568878174,63.91031265258789
9928,81989.03125,3243.23876953125,-92765.88760847998,0.0003,2912,102394,54.97,140,409680,1.2780647277832031,64.0328140258789
9932,80933.4765625,3241.975341796875,-91773.45194743,0.0003,2913,102430,52.82,140,409824,1.5904725790023804,64.12179565429688
9936,81429.21875,3321.840087890625,-90745.70309360004,0.0003,2914,102455,48.89,140,409924,2.400425672531128,64.10739135742188
9940,82342.453125,3249.22412109375,-89399.74432483001,0.0003,2915,102496,47.04,140,410088,-2.432183027267456,63.87067413330078
9944,82966.5859375,3310.2978515625,-88695.11151342999,0.0003,2915,102522,45.78,140,410192,-2.420180559158325,63.95280456542969
9948,79989.5859375,3449.059814453125,-88230.75494875999,0.0003,2916,102550,44.13,140,410304,3.606903553009033,63.94377899169922
9952,81571.25,3081.182861328125,-88447.38149839999,0.0003,2917,102578,44.02,140,410416,1.363031029701233,63.96546173095703
9956,82404.703125,3166.990966796875,-87648.69391335001,0.0003,2918,102611,42.75,140,410548,-1.2453029155731201,63.98565673828125
9960,83269.65625,3357.671630859375,-87314.53857843,0.0003,2920,102663,41.12,140,410756,-2.005237102508545,63.782108306884766
9964,82561.59375,3289.121337890625,-87426.09524523001,0.0003,2921,102711,41.22,140,410948,0.16607153415679932,63.65195083618164
9968,81470.625,3105.444580078125,-87214.55256067001,0.0003,2922,102737,38.89,140,411052,0.6504268646240234,63.60240173339844
9972,84484.40625,3475.087890625,-87098.06468890002,0.0003,2924,102815,39.05,140,411364,1.4126250743865967,63.555416107177734
9976,80223.25,3196.5546875,-87262.12931258003,0.0003,2926,102901,39.61,140,411708,3.163578510284424,63.76079559326172
9980,82047.109375,3221.40771484375,-87484.60636578,0.0003,2930,103023,39.78,140,412196,0.5724632143974304,63.85197830200195
9984,80192.53125,2958.55322265625,-87309.54493861999,0.0003,2932,103106,41.74,140,412528,-1.1789186000823975,63.688777923583984
9988,84593.046875,3554.686279296875,-87503.01288055001,0.0003,2935,103223,42.39,140,412996,-2.292654037475586,63.9093017578125
9992,84363.796875,3257.11181640625,-87298.91448242997,0.0003,2938,103325,41.97,140,413404,-2.663930654525757,64.0970230102539
9996,82685.0625,3137.833251953125,-88091.18522321999,0.0003,2960,104251,70.27,140,417108,0.3564258813858032,64.89543151855469
10000,86333.6328125,3327.23974609375,-88814.03831469001,0.0003,2978,105047,99.49,141,420292,-2.9799933433532715,65.89403533935547
10004,77162.234375,3357.098876953125,-89786.56072621001,0.0003,3002,106047,137.28,141,424292,-0.8508692979812622,67.45486450195312
10008,77118.0625,3486.2783203125,-91415.95361858,0.0003,3027,107047,176.19,141,428292,-0.36430785059928894,68.5868148803711
10012,81946.5234375,3423.3642578125,-93146.09178039001,0.0003,3051,108047,214.32,141,432292,-2.506016969680786,68.17015838623047
10016,72459.953125,3073.815673828125,-95893.09476341998,0.0003,3076,109047,252.97,141,436292,0.6843391060829163,67.86434173583984
10020,77916.546875,3370.90283203125,-99195.29180666,0.0003,3100,110047,290.91,142,440292,-0.8749833106994629,67.33143615722656
10024,69209.125,3270.119140625,-102261.16739083,0.0003,3124,111047,328.92,142,444292,0.02240312099456787,66.66460418701172
10028,73046.3125,3395.848876953125,-104321.00343788999,0.0003,3150,112047,367.56,142,448292,-1.0239688158035278,65.3153076171875
10032,72975.2265625,3231.849609375,-107447.37329438001,0.0003,3177,113047,406.51,142,452292,-0.39535707235336304,64.96453094482422
10036,73915.484375,3377.000732421875,-111311.20917324003,0.0003,3202,114047,445.25,142,456292,-0.8236618041992188,65.51018524169922
10040,68596.921875,3300.076416015625,-115037.05853709998,0.0003,3228,115047,483.97,142,460292,-0.23005199432373047,65.523681640625
10044,65051.51171875,3571.70654296875,-118566.31143670002,0.0003,3255,116047,522.63,142,464292,-0.5387418270111084,64.88725280761719
10048,62225.0703125,3402.957275390625,-122552.65918823,0.0003,3282,117047,561.65,142,468292,0.36204057931900024,62.908103942871094
10052,55573.26953125,3280.71142578125,-127026.43842911001,0.0003,3307,118047,600.69,142,472292,3.984231948852539,62.62655258178711
10056,59054.2734375,3260.68359375,-130320.95778997999,0.0003,3332,119047,639.62,142,476292,-0.7343944311141968,61.67058563232422
10060,59457.26953125,3530.61328125,-134124.15988991,0.0003,3358,120047,677.63,142,480292,0.21513909101486206,60.73619079589844
10064,59529.453125,3701.4853515625,-138843.88740675,0.0003,3383,121047,716.11,143,484292,-2.237639904022217,58.857879638671875
10068,60321.91796875,3395.2607421875,-143978.25881318998,0.0003,3409,122047,754.84,143,488292,-3.9267473220825195,57.338680267333984
10072,59688.09765625,3239.734375,-149739.35607518,0.0003,3435,123047,792.99,143,492292,0.5240610837936401,56.52757263183594
10076,50154.41796875,3122.32177734375,-152648.66743143002,0.0003,3459,124047,831.06,143,496292,2.110823154449463,55.12595748901367
10080,57154.9140625,3499.99755859375,-154814.37122905,0.0003,3485,125047,869.11,143,500292,0.032857537269592285,54.34801483154297
10084,55313.65625,3526.89306640625,-156438.46249278,0.0003,3511,126047,904.43,143,504292,0.812505841255188,52.53573226928711
10088,55422.91015625,3352.999755859375,-158499.99405982002,0.0003,3537,127047,942.43,143,508292,1.1686460971832275,51.22209548950195
10092,53782.66015625,4060.19921875,-161382.43295486,0.0003,3563,128047,980.54,143,512292,-1.7148993015289307,50.7050666809082
10096,52248.8671875,3564.037109375,-163494.17017295002,0.0003,3589,129047,990.27,143,516292,1.4053070545196533,50.45468521118164
10100,47881.34375,3428.08056640625,-165063.29900828,0.0003,3612,130047,1000.0,144,520292,0.2940913438796997,50.84657669067383
10104,44300.13671875,3087.49755859375,-167186.24777424,0.0003,3635,131047,1000.0,144,524292,4.632087707519531,50.170249938964844
10108,47106.734375,3111.146240234375,-169384.86353757003,0.0003,3659,132047,1000.0,144,528292,1.7455265522003174,49.9879035949707
10112,52340.953125,3035.16748046875,-177636.00075775,0.0003,3682,133047,1000.0,144,532292,-0.37872326374053955,49.16550064086914
10116,46923.5703125,3457.994384765625,-178482.11297864,0.0003,3701,133833,993.08,144,535436,1.710836410522461,48.09669876098633
10120,48820.01953125,3434.1611328125,-175923.69632164002,0.0003,3714,134318,968.46,144,537376,-0.6418780088424683,47.199058532714844
10124,43612.59375,3078.669677734375,-173832.28326994003,0.0003,3716,134402,948.96,144,537712,2.5340328216552734,47.058807373046875
10128,44083.484375,3028.08642578125,-172497.37691044997,0.0003,3736,135147,919.7,144,540692,0.5573985576629639,46.43336868286133
10132,49519.73828125,3105.24267578125,-170341.37901934,0.0003,3742,135364,890.39,144,541560,-0.642174243927002,46.10191345214844
10136,42705.75,3095.977783203125,-167780.5540603,0.0003,3743,135412,870.87,144,541752,1.5780595541000366,46.02619934082031
10140,47632.8828125,3225.830322265625,-164005.79482382,0.0003,3744,135453,831.8,144,541916,0.6233909130096436,45.94300842285156
10144,42593.13671875,2897.570068359375,-160184.75491807002,0.0003,3745,135499,792.71,144,542100,0.5069620013237,46.03067398071289
10148,46418.8046875,3435.779296875,-156097.87906017,0.0003,3747,135544,753.6,144,542280,0.036756157875061035,46.022789001464844
10152,49382.8984375,3311.908203125,-151526.48866278998,0.0003,3749,135628,714.53,144,542616,-1.4061172008514404,46.037166595458984
10156,45413.43359375,3063.732666015625,-148392.41947586997,0.0003,3751,135719,675.44,144,542980,-0.01133584976196289,46.21417236328125
10160,42115.0,3307.928466796875,-144457.10583223,0.0003,3754,135810,636.35,144,543344,1.5331275463104248,46.390140533447266
10164,44901.1796875,3569.62939453125,-139515.17405545,0.0003,3758,135931,597.56,144,543828,-1.8802740573883057,46.2790412902832
10168,46413.8125,3292.39453125,-134307.06597505,0.0003,3761,136046,558.71,144,544288,-0.1875503659248352,46.40711975097656
10172,49548.4375,3398.434814453125,-128570.38553319001,0.0003,3763,136131,519.56,144,544628,-2.5064902305603027,46.27419662475586
10176,49729.8125,3764.507080078125,-126374.12888097003,0.0003,3765,136197,490.22,144,544892,-1.1280542612075806,46.174720764160156
10180,45731.5234375,4194.10693359375,-123781.71410036001,0.0003,3767,136285,451.1,144,545244,-1.2051668167114258,46.06405258178711
10184,50777.5,3213.8095703125,-121770.96342826002,0.0003,3769,136374,411.99,144,545600,-1.9184869527816772,46.0429801940918
10188,49932.5390625,3323.63525390625,-120158.15925898003,0.0003,3771,136435,382.69,144,545844,-1.0726007223129272,46.18018341064453
10192,48348.7734375,3654.454833984375,-117168.02410260001,0.0003,3772,136477,343.55,144,546012,-1.0499637126922607,46.25204849243164
10196,44215.578125,3083.6357421875,-113944.00195489,0.0003,3773,136521,304.44,144,546188,0.32335397601127625,46.17817687988281
10200,46690.90625,3026.330078125,-112704.79877998,0.0003,3774,136558,275.15,144,546336,0.8533105850219727,46.18772506713867
10204,54836.53125,3200.5,-109277.34939845,0.0003,3775,136587,236.03,144,546452,-2.013442039489746,46.22796630859375
10208,49931.7890625,3374.34130859375,-105490.31172914003,0.0003,3775,136610,196.93,144,546544,-3.7366902828216553,46.20016098022461
10212,46851.0078125,3286.40673828125,-95308.0187321,0.0003,3776,136656,157.85,144,546728,1.7063368558883667,46.26324462890625
10216,43548.265625,3554.168212890625,-91524.83054345,0.0003,3778,136703,125.68,144,546916,2.8061485290527344,46.32584762573242
10220,45536.328125,3310.885009765625,-90603.72054178001,0.0003,3779,136749,111.21,144,547100,1.2262061834335327,46.28229522705078
10224,50336.83984375,3411.338623046875,-89465.91006044998,0.0003,3780,136791,91.58,144,547268,-0.0749126672744751,46.228153228759766
10228,44569.4765625,3352.235595703125,-88744.84984950999,0.0003,3782,136856,81.98,144,547528,-0.40451931953430176,46.21843719482422
10232,45581.3828125,3191.033447265625,-87834.41962282002,0.0003,3783,136902,72.22,144,547712,0.457433819770813,46.175636291503906
10236,45739.4609375,3725.60693359375,-86382.17501379,0.0003,3784,136946,52.62,144,547888,-0.8259797692298889,46.15249252319336
10240,42589.50390625,3451.865478515625,-86413.27318467,0.0003,3787,137035,52.58,144,548244,-0.4614044427871704,46.346107482910156
10244,48651.21875,3405.2978515625,-87218.91686845999,0.0003,3790,137170,62.4,144,548784,-0.7454879283905029,46.0617790222168
10248,43244.54296875,3436.1474609375,-87233.17604288,0.0003,3793,137262,62.43,144,549152,0.968026876449585,46.01789474487305
10252,48372.64453125,3587.72314453125,-87278.02863281,0.0003,3796,137356,62.44,144,549528,-0.169723778963089,46.10177993774414
10256,46012.60546875,3348.162353515625,-87223.23881796001,0.0003,3798,137448,62.45,144,549896,-1.5904865264892578,46.15976333618164
10260,44479.59375,3352.42236328125,-87216.35223495,0.0003,3801,137540,62.46,144,550264,-3.1984591484069824,46.21844482421875
10264,47243.59375,3806.279296875,-88214.17917337001,0.0003,3803,137614,71.99,144,550560,-1.3372246026992798,46.24130630493164
10268,36581.890625,3546.949951171875,-89154.98854443998,0.0003,3813,137975,81.59,144,552004,0.416561484336853,46.62480926513672
10272,43951.265625,3245.660888671875,-90006.11672583001,0.0003,3817,138108,91.49,144,552536,-2.279719114303589,46.74867630004883
10276,46517.0390625,3063.276611328125,-90824.14906655998,0.0003,3831,138638,101.33,144,554656,-1.6972520351409912,46.55672836303711
10280,45563.9765625,3187.817138671875,-90807.53917931,0.0003,3833,138686,101.41,144,554848,0.588681697845459,46.517581939697266
10284,43209.71484375,3239.827392578125,-90846.97714539003,0.0003,3835,138755,101.49,144,555124,-0.4220689535140991,46.47199249267578
10288,41207.4453125,3247.30419921875,-90266.04339835,0.0003,3841,138965,92.89,144,555964,-0.961066722869873,46.11915969848633
10292,48445.75390625,3438.43701171875,-91136.85491190999,0.0003,3843,139050,102.82,144,556304,-1.0084030628204346,45.8806266784668
10296,42902.546875,2976.906494140625,-91137.65654631998,0.0003,3845,139117,102.92,144,556572,2.506625175476074,45.903350830078125
10300,40849.5859375,2992.06103515625,-91356.92026434,0.0003,3862,139710,112.72,144,558944,-0.8088431358337402,45.44884490966797
10304,40941.5,3253.93310546875,-91580.64625120997,0.0003,3870,140009,114.83,144,560140,-0.7796658277511597,45.18073654174805
10308,38098.13671875,2947.721435546875,-92184.64310547,0.0003,3872,140084,124.68,144,560440,1.8040803670883179,45.06156539916992
10312,43294.1875,3721.0478515625,-93363.11586561,0.0003,3874,140160,144.27,144,560744,-2.1253395080566406,44.73957443237305
10316,33549.41796875,3835.87451171875,-93812.74831592003,0.0003,3884,140505,147.26,144,562124,1.4300401210784912,44.29787826538086
10320,42440.9921875,3382.593017578125,-94909.05626992001,0.0003,3900,141100,157.08,144,564504,-1.9207521677017212,43.243953704833984
10324,41080.73828125,3284.133056640625,-96944.06591913998,0.0003,3901,141151,166.68,144,564708,1.863095998764038,43.16599655151367
10328,38025.4140625,2819.8505859375,-98030.97511437001,0.0003,3903,141210,176.21,144,564944,3.677237033843994,43.10344696044922
10332,40490.6796875,3056.12744140625,-99367.83474664,0.0003,3903,141237,183.38,144,565052,1.9007949829101562,43.082950592041016
10336,40832.3046875,3031.737548828125,-99465.07739127,0.0003,3905,141283,183.81,144,565236,1.8109123706817627,43.0295295715332
10340,34009.7421875,3222.72705078125,-99513.87523661,0.0003,3906,141308,183.88,144,565336,1.5435633659362793,42.97639846801758
10344,38726.53515625,3656.7001953125,-98851.65826821998,0.0003,3907,141349,174.07,144,565500,-0.5302219986915588,42.960182189941406
10348,40832.75,3483.177001953125,-98936.75704868998,0.0003,3908,141388,174.29,144,565656,1.6368154287338257,42.969139099121094
10352,38365.30078125,3419.05126953125,-99187.36316587997,0.0003,3910,141450,176.0,144,565904,-0.7799904346466064,42.967403411865234
10356,36227.13671875,2993.06884765625,-101169.62833974998,0.0003,3933,142312,186.41,144,569352,1.489539623260498,42.64633560180664
10360,33899.484375,2903.066650390625,-103238.37036395998,0.0003,3934,142355,202.38,144,569524,-0.1209225058555603,42.67140579223633
10364,36988.40234375,3267.7939453125,-104949.68805189,0.0003,3960,143355,221.87,144,573524,-0.7280975580215454,42.695465087890625
10368,30770.4140625,3114.045166015625,-106096.55128347999,0.0003,3975,143913,236.9,144,575756,3.9708211421966553,42.508766174316406
10372,33620.578125,2774.068603515625,-106511.47474347,0.0003,3989,144439,252.69,144,577860,-1.706824779510498,42.644920349121094
10376,31158.072265625,3154.300537109375,-107159.08614522,0.0003,4012,145360,259.07,144,581544,1.1740667819976807,43.28535842895508
10380,37352.80078125,3149.347412109375,-109782.46743021,0.0003,4036,146286,297.37,144,585248,-1.9588322639465332,43.22565460205078
10384,34038.44140625,2711.277099609375,-111657.88965700002,0.0003,4040,146408,317.22,144,585736,1.6171175241470337,42.832279205322266
10388,37574.4609375,3007.303955078125,-113006.96749509001,0.0003,4056,147031,330.85,144,588228,0.37736764550209045,41.79894256591797
10392,34841.9921875,3210.348388671875,-112615.27730870001,0.0003,4062,147246,326.69,145,589088,-0.6870019435882568,41.04452896118164
10396,34669.171875,2900.406982421875,-113152.51507852999,0.0003,4066,147403,337.87,145,589716,-2.4429268836975098,40.63022994995117
10400,35530.421875,3052.948486328125,-112823.85761596999,0.0003,4070,147525,328.88,145,590204,1.6965528726577759,40.512596130371094
10404,38377.53125,2949.19970703125,-112776.56387888001,0.0003,4071,147575,328.16,144,590404,0.03404796123504639,40.321311950683594
10408,35644.9609375,2860.3662109375,-112394.23282280998,0.0003,4073,147626,318.98,144,590608,1.51715087890625,40.239994049072266
10412,31707.6171875,2842.174072265625,-111576.60085041,0.0003,4075,147701,301.75,144,590908,0.6330041885375977,39.94601058959961
10416,37083.46875,2950.01318359375,-111368.83415101003,0.0003,4078,147798,299.46,144,591296,-2.4453535079956055,39.6402702331543
10420,35897.796875,2714.755615234375,-110489.26913912999,0.0003,4080,147869,291.08,144,591580,-0.5951557159423828,39.70907211303711
10424,37819.05859375,3058.212646484375,-108722.33080364998,0.0003,4081,147917,282.9,144,591772,-1.810035228729248,39.72920227050781
10428,36177.4921875,2798.26220703125,-107871.21040528001,0.0003,4084,147994,274.03,144,592080,-2.6781978607177734,39.49763870239258
10432,33433.6328125,2812.254638671875,-107089.51579062999,0.0003,4084,148017,270.48,144,592172,-1.6958893537521362,39.518314361572266
10436,32286.0390625,3302.997314453125,-107146.33011582,0.0003,4085,148058,270.01,144,592336,-1.8803791999816895,39.43730545043945
10440,25394.099609375,3276.177978515625,-107217.67487068001,0.0003,4087,148134,269.89,144,592640,1.6647645235061646,39.55546569824219
10444,30760.6796875,2966.1083984375,-107618.85282002002,0.0003,4088,148172,273.22,144,592792,0.4821329712867737,39.54098129272461
10448,37038.34375,3146.712646484375,-107769.25580312998,0.0003,4089,148191,273.87,144,592868,-2.451643943786621,39.609840393066406
10452,33362.22265625,2858.483154296875,-107615.81358440999,0.0003,4090,148210,272.0,144,592944,1.4558947086334229,39.6722297668457
10456,37156.99609375,2804.710693359375,-105782.99788681998,0.0003,4090,148228,261.46,144,593016,-1.497035026550293,39.70686340332031
10460,28250.751953125,2602.426025390625,-103856.91213822999,0.0003,4091,148249,245.36,144,593100,0.09012448787689209,39.75468063354492
10464,34066.0703125,3082.443603515625,-101330.88263757002,0.0003,4092,148272,216.03,144,593192,-1.4166545867919922,39.86165237426758
10468,39503.0078125,3515.268310546875,-99299.03225338,0.0003,4092,148293,191.05,144,593276,-0.9835081100463867,39.929786682128906
10472,34004.8984375,3258.68212890625,-98187.59028989002,0.0003,4093,148313,165.32,144,593356,-1.0263266563415527,39.929901123046875
10476,29140.2890625,2964.60791015625,-95955.09798223998,0.0003,4094,148332,139.23,144,593432,0.7381325960159302,39.90461349487305
10480,29735.55078125,2694.9892578125,-93466.35107673999,0.0003,4094,148356,100.81,144,593528,2.4314374923706055,39.911651611328125
10484,35873.0703125,3495.102294921875,-91511.07673626,0.0003,4095,148377,78.06,144,593612,-3.7198050022125244,39.803409576416016
10488,36515.046875,3095.91796875,-90412.11291358001,0.0003,4095,148398,66.04,144,593696,-2.2590436935424805,39.73972702026367
10492,34467.0390625,2899.36865234375,-90096.45094414002,0.0003,4096,148417,60.27,144,593772,-0.8250555992126465,39.70286178588867
10496,32259.40234375,2677.867431640625,-89713.12959000001,0.0003,4097,148440,48.96,144,593864,-0.9102329015731812,39.6294059753418
10500,30276.849609375,2964.5556640625,-88777.81419668999,0.0003,4097,148458,38.18,144,593936,1.5935035943984985,39.572330474853516
10504,33257.2109375,2927.899169921875,-88739.88098935,0.0003,4098,148482,36.7,144,594032,-0.5304610729217529,39.48560333251953
10508,32182.6484375,2495.19189453125,-88644.90205058997,0.0003,4098,148501,36.11,144,594108,1.2210298776626587,39.46945571899414
10512,41687.2578125,3163.94091796875,-88537.54670041,0.0003,4099,148527,33.9,144,594212,-1.9663387537002563,39.4510612487793
10516,37337.64453125,2940.7900390625,-88475.74600638002,0.0003,4100,148548,33.07,144,594296,-3.158005475997925,39.3918342590332
10520,33519.515625,3446.388427734375,-88472.58816940998,0.0003,4100,148568,31.55,144,594376,-0.2204982042312622,39.40259552001953
10524,34600.984375,2654.304443359375,-88340.43530318998,0.0003,4101,148588,30.07,144,594456,-1.359877347946167,39.37080764770508
10528,28670.4453125,2910.14111328125,-88264.83083052,0.0003,4101,148609,29.03,144,594540,2.5346293449401855,39.36783218383789
10532,35200.66796875,3152.705322265625,-87878.53677788,0.0003,4102,148628,25.27,144,594616,-4.669378280639648,39.293704986572266
10536,33285.3671875,3030.505859375,-87842.27854171999,0.0003,4102,148647,25.23,144,594692,-0.17894518375396729,39.26192092895508
10540,37776.6328125,3025.0908203125,-87882.37680702,0.0003,4103,148671,25.17,144,594788,-1.5631656646728516,39.185482025146484
10544,27000.3984375,3107.8857421875,-87559.69401953997,0.0003,4104,148693,21.95,144,594876,1.1755670309066772,39.16832733154297
10548,23889.86328125,2759.294921875,-87583.46778291,0.0003,4104,148714,21.05,144,594960,1.4754552841186523,39.17071533203125
10552,32748.55859375,2747.52978515625,-87682.46861838,0.0003,4105,148737,21.26,144,595052,3.2323596477508545,39.226070404052734
10556,31408.09765625,3027.46826171875,-87676.24430157998,0.0003,4106,148781,21.62,144,595228,1.1697745323181152,39.26112747192383
10560,31383.337890625,2851.1708984375,-87715.06936724998,0.0003,4107,148801,21.66,144,595308,3.0939934253692627,39.227108001708984
10564,38026.08203125,3051.44921875,-87775.33490444999,0.0003,4108,148838,22.23,144,595456,-2.7635717391967773,39.12314987182617
10568,39634.05859375,2818.2197265625,-87758.13357141,0.0003,4109,148862,22.73,144,595552,-3.372739553451538,39.05387496948242
10572,35689.00390625,2518.6220703125,-87801.92125083,0.0003,4109,148883,23.1,144,595636,2.8640213012695312,39.12223815917969
10576,35417.375,2974.18603515625,-87915.95629142999,0.0003,4110,148910,23.3,144,595744,-0.8046466112136841,39.11077880859375
10580,24970.359375,2775.8017578125,-88025.11737801,0.0003,4110,148930,23.28,144,595824,5.804647445678711,39.16041564941406
10584,29993.75390625,2862.03662109375,-88043.68702126,0.0003,4112,148970,23.35,144,595984,3.4817588329315186,39.10419464111328
10588,25405.859375,2672.4658203125,-88104.05099338999,0.0003,4113,149006,23.74,144,596128,3.8564743995666504,38.90351486206055
10592,32582.125,2908.05126953125,-88172.03009183997,0.0003,4115,149099,23.81,144,596500,-0.2970770597457886,38.727294921875
10596,29610.75,3083.0439453125,-88267.29628929003,0.0003,4117,149170,25.04,144,596784,0.21872234344482422,38.72011947631836
10600,28680.1015625,3269.669189453125,-88326.94897017001,0.0003,4119,149237,25.84,144,597052,1.0910621881484985,38.80080032348633
10604,40020.23828125,2892.30224609375,-88613.82982181999,0.0003,4120,149267,28.77,144,597172,-1.6519532203674316,38.873863220214844
10608,30691.693359375,3161.768798828125,-88712.53971165999,0.0003,4121,149302,28.86,144,597312,-2.1455516815185547,38.91337585449219
10612,30301.046875,2900.7177734375,-89125.00381518001,0.0003,4123,149359,32.64,144,597540,-0.08749580383300781,38.983673095703125
10616,32804.7109375,2935.649169921875,-89188.77528591001,0.0003,4124,149399,32.76,144,597700,-1.407126784324646,39.113853454589844
10620,27126.890625,3167.970458984375,-89213.57429202,0.0003,4125,149431,33.31,144,597828,1.435479998588562,39.20546340942383
10624,26473.20703125,3042.31298828125,-89313.66026366001,0.0003,4126,149470,33.29,144,597984,0.2787517309188843,39.22956085205078
10628,28599.203125,3274.4423828125,-89389.8471825,0.0003,4128,149536,33.91,144,598248,-1.6544877290725708,39.469932556152344
10632,29378.91015625,3098.60791015625,-89426.32343979001,0.0003,4129,149592,34.07,144,598472,-1.3605350255966187,39.68038558959961
10636,28266.916015625,2911.590576171875,-90072.17836583,0.0003,4134,149738,39.92,144,599056,-1.289210319519043,39.891902923583984
10640,30097.5,2877.951904296875,-90809.79021211,0.0003,4152,150440,54.19,144,601864,0.46906864643096924,40.13865661621094
10644,32864.0546875,2670.18212890625,-93055.94422987002,0.0003,4177,151440,93.03,145,605864,-0.47318166494369507,41.36562728881836
10648,28353.611328125,2664.58349609375,-94752.36810318001,0.0003,4201,152440,132.21,145,609864,-0.723334789276123,39.82460403442383
10652,30530.970703125,2502.399658203125,-96788.39036399004,0.0003,4225,153440,168.47,145,613864,0.6311845779418945,37.961360931396484
10656,31475.89453125,3017.38916015625,-97505.51671836004,0.0003,4236,153873,192.31,145,615596,-0.5504732131958008,37.4617919921875
10660,25260.859375,2561.5869140625,-99038.24903628003,0.0003,4241,154079,207.65,145,616420,2.182420253753662,37.365509033203125
10664,31436.068359375,2545.435302734375,-99434.11372631001,0.0003,4246,154276,213.41,145,617208,-0.6612996459007263,37.234169006347656
10668,29510.25,3131.543212890625,-100392.24529340999,0.0003,4266,155137,250.36,145,620652,-0.06300115585327148,37.08160400390625
10672,27956.55078125,2876.54150390625,-100960.45264192,0.0003,4276,155592,257.55,145,622472,-3.3518309593200684,36.84347152709961
10676,27917.6875,3139.638671875,-101496.32797343,0.0003,4291,156215,279.87,145,624964,0.04689955711364746,36.70748519897461
10680,34341.0703125,3203.170166015625,-101994.64400091,0.0003,4307,156900,305.9,145,627704,-3.713223695755005,36.633296966552734
10684,26539.73828125,3149.5830078125,-103852.38904516998,0.0003,4314,157210,322.0,145,628944,0.232646644115448,36.2899284362793
10688,21125.53515625,3220.724853515625,-104435.61713482,0.0003,4331,157900,340.31,145,631704,0.7224143743515015,35.67177963256836
10692,19920.79296875,2887.84130859375,-104811.54680818997,0.0003,4337,158141,355.53,145,632668,2.836740493774414,35.60447692871094
10696,22054.75,3259.981201171875,-104849.20987248,0.0003,4346,158510,369.03,145,634144,-0.15992596745491028,35.57542037963867
10700,25504.86328125,2905.093994140625,-106791.61064402999,0.0003,4358,159024,383.79,145,636200,-2.063140630722046,34.83285903930664
10704,30235.26953125,3373.427001953125,-109854.78511739001,0.0003,4369,159473,406.12,146,637996,-2.744060516357422,34.163211822509766
10708,21013.634765625,2876.848876953125,-110213.52810039997,0.0003,4392,160365,425.61,146,641564,1.68999183177948,33.31405258178711
10712,26005.603515625,2835.787841796875,-110575.15573255997,0.0003,4396,160506,441.5,146,642128,-2.651108503341675,33.14824295043945
10716,18762.92578125,2674.396240234375,-111360.26067525,0.0003,4420,161388,461.08,146,645656,3.5684287548065186,32.27694320678711
10720,18490.638671875,2551.124755859375,-111193.81458659,0.0003,4445,162388,499.7,146,649656,1.6759675741195679,31.16666603088379
10724,23491.3984375,2825.217041015625,-111592.95247873003,0.0003,4450,162549,520.52,146,650300,1.3993065357208252,30.98476219177246
10728,18233.12109375,3573.696044921875,-112167.23179679997,0.0003,4461,162936,523.54,146,651848,1.2701592445373535,31.027393341064453
10732,26546.90234375,2591.035400390625,-113032.50311015,0.0003,4478,163549,552.89,146,654300,-1.5709285736083984,31.138376235961914
10736,22071.05078125,2961.882568359375,-113321.40095263999,0.0003,4494,164154,567.76,146,656720,-0.9560003876686096,30.729703903198242
10740,21228.228515625,2923.19482421875,-112961.83184394999,0.0003,4507,164674,577.49,146,658800,-1.2219443321228027,30.4617919921875
10744,19496.607421875,2489.57080078125,-111345.33725558002,0.0003,4527,165531,558.15,146,662228,0.5104022026062012,30.585872650146484
10748,19147.37890625,3267.69580078125,-110273.21371648999,0.0003,4538,165992,548.44,146,664072,-1.104600191116333,30.281105041503906
10752,17810.9375,3144.844482421875,-108792.40999614999,0.0003,4556,166705,531.92,146,666924,0.2680398225784302,30.612754821777344
10756,20472.630859375,2661.1591796875,-108416.79507780001,0.0003,4558,166769,517.89,146,667180,0.9985581636428833,30.760982513427734
10760,20229.0390625,3395.55908203125,-107046.52538320998,0.0003,4562,166904,503.09,146,667720,-1.0837478637695312,30.79728126525879
10764,21871.8203125,2701.851806640625,-107521.3819671,0.0003,4585,167769,526.51,146,671180,-1.4416462182998657,30.95716667175293
10768,23796.3828125,3014.901123046875,-107001.83421076002,0.0003,4605,168531,518.71,146,674228,-1.423159122467041,31.055137634277344
10772,22050.734375,2872.9296875,-107058.96457142002,0.0003,4617,168992,540.84,146,676072,-2.7992076873779297,31.585712432861328
10776,17872.6328125,2528.485107421875,-106462.48621933002,0.0003,4641,169992,557.53,146,680072,2.603414535522461,31.717418670654297
10780,21967.48828125,2911.14306640625,-107823.85597394001,0.0003,4665,170992,570.68,146,684072,-3.13305926322937,31.508054733276367
10784,20135.849609375,3065.638671875,-110082.41909350999,0.0003,4690,171969,584.17,146,687980,-0.869379997253418,31.187345504760742
10788,18118.224609375,2891.57666015625,-111534.14554352,0.0003,4714,172969,604.67,146,691980,-0.901159405708313,30.435916900634766
10792,16137.4248046875,2840.3466796875,-111911.75691658,0.0003,4736,173814,619.1,146,695360,0.6863222122192383,30.151905059814453
10796,20211.25,2989.567138671875,-114192.58378017,0.0003,4762,174814,643.51,146,699360,-2.114849328994751,30.143373489379883
10800,15595.6494140625,2871.181396484375,-114488.32384154,0.0003,4788,175814,667.21,146,703360,-1.5797927379608154,29.579036712646484
10804,18917.7265625,3202.708251953125,-113314.21213236998,0.0003,4812,176814,681.16,146,707360,-0.9982477426528931,29.746824264526367
10808,11520.552734375,2289.6201171875,-115483.92887415997,0.0003,4836,177814,700.6,147,711360,2.2483370304107666,29.481727600097656
10812,19331.5859375,2683.265625,-116953.21460407999,0.0003,4860,178814,719.86,147,715360,0.2916170358657837,29.68716049194336
10816,13254.296875,2766.536376953125,-119298.16530298,0.0003,4884,179814,739.38,147,719360,-3.180469512939453,30.02402114868164
10820,14262.912109375,3020.45947265625,-128069.98164761001,0.0003,4907,180814,739.38,147,723360,-0.7519162893295288,29.455352783203125
10824,12623.7060546875,2519.46728515625,-130687.62635356,0.0003,4932,181814,757.77,147,727360,-1.0770721435546875,28.821115493774414
10828,12347.3798828125,2172.204833984375,-130357.34212742001,0.0003,4958,182814,793.35,147,731360,-0.6681334972381592,28.286287307739258
10832,11019.29296875,2413.902099609375,-131199.55255642004,0.0003,4984,183814,803.07,147,735360,0.8606231212615967,27.532352447509766
10836,14665.986328125,3359.68212890625,-132372.20721274,0.0003,5010,184814,821.55,147,739360,-0.83750319480896,27.495079040527344
10840,14125.431640625,2460.529541015625,-133951.88389648998,0.0003,5036,185814,836.77,147,743360,-2.0973000526428223,27.2872314453125
10844,7251.39697265625,3006.4501953125,-134902.07686734002,0.0003,5063,186814,856.17,147,747360,1.1671315431594849,26.887788772583008
10848,6567.77783203125,2962.69287109375,-136094.10749287,0.0003,5086,187674,864.48,147,750800,2.4777183532714844,26.489959716796875
10852,9950.7783203125,2897.650390625,-135877.62260084998,0.0003,5112,188674,883.75,147,754800,0.9861944913864136,25.998857498168945
10856,12724.25,2397.41796875,-135843.44656773,0.0003,5138,189674,912.79,147,758800,0.8204973936080933,25.6259708404541
10860,10796.39453125,2624.633544921875,-136115.69117326,0.0003,5164,190674,951.42,147,762800,-0.6832928657531738,25.338546752929688
10864,7194.73583984375,2208.427490234375,-135929.27159073,0.0003,5190,191674,960.77,147,766800,-0.6226386427879333,24.35438346862793
10868,10310.34765625,2693.095703125,-136496.09515572002,0.0003,5203,192141,956.06,147,768668,-2.302000045776367,23.393043518066406
10872,9100.3232421875,2439.73828125,-136952.20158722,0.0003,5217,192693,948.89,147,770876,-0.16571956872940063,22.9974365234375
10876,12123.7578125,2446.276123046875,-138887.57156741002,0.0003,5235,193364,936.6,147,773560,-2.6071999073028564,23.872417449951172
10880,13808.2177734375,2442.055419921875,-136948.19739922,0.0003,5238,193455,902.49,147,773924,-0.6357338428497314,23.837862014770508
10884,8902.2236328125,2321.181396484375,-132650.56130724,0.0003,5242,193589,875.44,147,774460,1.0232698917388916,23.75720977783203
10888,11642.3427734375,2749.02978515625,-130395.01729967,0.0003,5244,193684,840.17,147,774840,-0.5657735466957092,23.725679397583008
10892,6445.72998046875,2144.95947265625,-129394.78775842,0.0003,5248,193794,812.25,147,775280,1.6565372943878174,23.808372497558594
10896,7791.0146484375,2340.44580078125,-127502.19746639999,0.0003,5255,194043,782.2,147,776276,3.1592791080474854,23.629474639892578
10900,13664.5078125,2313.658935546875,-125161.93327504002,0.0003,5265,194411,748.43,147,777748,-1.571742296218872,23.810171127319336
10904,11388.1416015625,3072.576171875,-122943.50849524002,0.0003,5271,194590,713.57,147,778464,-2.2503998279571533,23.88005256652832
10908,9840.123046875,2074.124755859375,-122355.83965638,0.0003,5274,194723,685.66,147,778996,-1.9539796113967896,23.80598258972168
10912,8918.654296875,2191.33740234375,-119858.72848092999,0.0003,5279,194872,648.3,147,779592,4.288620471954346,23.93949317932129
10916,10547.6279296875,2668.69091796875,-118699.10078640998,0.0003,5282,194996,619.3,147,780088,-1.874993085861206,23.67761993408203
10920,8998.2109375,2377.851318359375,-115672.62861253001,0.0003,5296,195476,587.08,147,782008,0.3256998062133789,23.89855194091797
10924,9870.7568359375,2274.61328125,-115323.85447331004,0.0003,5302,195718,560.18,147,782976,-0.9211273193359375,24.001081466674805
10928,7235.748046875,2566.962890625,-117219.30329162002,0.0003,5310,195996,531.6,147,784088,0.8329637050628662,23.745254516601562
10932,10957.1826171875,2955.826171875,-121987.07760522001,0.0003,5319,196309,503.97,147,785340,-3.269726037979126,23.60340118408203
10936,11797.90234375,2584.08740234375,-125840.83055398002,0.0003,5328,196628,476.04,147,786616,-0.5454503297805786,23.388235092163086
10940,9050.439453125,2465.30029296875,-125036.69663526,0.0003,5332,196789,439.46,147,787260,-0.12555822730064392,23.182044982910156
10944,8351.154296875,2276.5634765625,-127630.37424169,0.0003,5336,196925,411.17,147,787804,0.7416336536407471,23.151052474975586
10948,7681.35888671875,2124.3623046875,-133231.79709252002,0.0003,5339,197019,386.34,147,788180,4.3170857429504395,23.081560134887695
10952,9226.240234375,2440.904296875,-133133.98382849,0.0003,5347,197294,349.81,147,789280,-1.552365779876709,22.867891311645508
10956,12511.3310546875,2699.62744140625,-178918.02463623998,0.0003,5365,197969,329.47,147,791980,-1.1782081127166748,22.667131423950195
10960,9203.05078125,2628.010498046875,-226281.74367652994,0.0003,5370,198159,303.29,147,792740,0.74200040102005,22.351661682128906
10964,6692.765625,2564.181396484375,-226088.99067611995,0.0003,5374,198289,267.55,147,793260,1.8415019512176514,22.272069931030273
10968,7887.18359375,2540.156005859375,-251723.50157571997,0.0003,5380,198483,255.12,147,794036,0.9728924036026001,21.959331512451172
10972,10163.4609375,2904.580078125,-251148.84290859,0.0003,5382,198574,235.92,147,794400,1.7553937435150146,21.67310333251953
10976,11605.345703125,3134.645263671875,-250996.91246303002,0.0003,5384,198636,213.94,147,794648,-0.2995795011520386,21.56208038330078
10980,9166.408203125,2474.4677734375,-251180.45607053998,0.0003,5386,198717,210.3,147,794972,2.096388578414917,21.399946212768555
10984,7385.86328125,2487.41064453125,-251393.60580761998,0.0003,5389,198816,209.41,147,795368,2.016298770904541,21.28653907775879
10988,9327.3291015625,2655.234375,-252050.25644406,0.0003,5390,198848,209.25,147,795496,-1.0987205505371094,21.270387649536133
10992,10009.716796875,2638.30078125,-252117.60695031993,0.0003,5393,198948,208.95,147,795896,0.6326552629470825,21.163137435913086
10996,8486.79296875,2288.546142578125,-251889.43893660003,0.0003,5396,199042,201.93,147,796272,1.0590715408325195,21.14911460876465
11000,12279.66796875,2443.517822265625,-254306.45455073996,0.0003,5403,199297,201.41,147,797292,1.5963512659072876,21.17463493347168
11004,7337.80517578125,2316.051025390625,-255721.40058095,0.0003,5408,199451,204.92,147,797908,0.723867654800415,21.037240982055664
11008,13461.701171875,2600.930908203125,-254598.96338069,0.0003,5410,199537,198.26,147,798252,-0.26667332649230957,21.078535079956055
11012,6826.63671875,2188.812744140625,-255151.26726465003,0.0003,5412,199615,199.93,147,798564,1.9790256023406982,20.914430618286133
11016,14683.654296875,2570.276611328125,-253108.07694646,0.0003,5416,199740,193.27,147,799064,-0.6810713410377502,20.75591278076172
11020,13027.478515625,3400.07958984375,-247899.81469211992,0.0003,5418,199804,189.01,147,799320,-1.4126272201538086,20.782127380371094
11024,8669.8701171875,2288.834716796875,-245856.90975552,0.0003,5444,200804,206.79,147,803320,3.579613208770752,21.17400360107422
11028,9343.7578125,2362.406982421875,-244083.42447976998,0.0003,5470,201804,235.37,147,807320,0.24071204662322998,21.805139541625977
11032,11049.61328125,2565.75146484375,-237145.25075542004,0.0003,5496,202804,263.0,147,811320,-2.2373757362365723,21.398414611816406
11036,10966.0625,2258.959716796875,-231766.19546387,0.0003,5523,203804,290.93,147,815320,2.285794973373413,21.534107208251953
11040,9138.0654296875,2028.78173828125,-232052.67455782997,0.0003,5549,204804,327.51,147,819320,-0.4409215450286865,21.59349822998047
11044,11895.7705078125,2214.672119140625,-229815.82728297997,0.0003,5575,205804,355.8,147,823320,1.8253785371780396,21.16571617126465
11048,9132.6953125,2154.757080078125,-224390.21973456,0.0003,5602,206804,382.03,147,827320,2.051194667816162,21.323488235473633
11052,10279.04296875,2245.91650390625,-226740.86320885,0.0003,5627,207804,418.56,147,831320,-2.748762369155884,21.240554809570312
11056,8330.125,1896.53173828125,-183180.29973971003,0.0003,5653,208804,438.9,147,835320,1.393849492073059,21.11931610107422
11060,9214.5390625,2665.796630859375,-137914.34839228998,0.0003,5680,209804,465.08,147,839320,-2.053614854812622,20.972667694091797
11064,6218.80078125,1896.11962890625,-140727.09691886,0.0003,5707,210804,500.82,147,843320,2.053577184677124,20.27521514892578
11068,5555.55126953125,1759.9505615234375,-116732.49391743,0.0003,5733,211804,527.51,147,847320,1.985012173652649,20.024019241333008
11072,6463.8955078125,2107.477294921875,-117839.28061286,0.0003,5747,212385,545.44,147,849644,-0.01886153221130371,20.1062068939209
11076,7331.72314453125,1926.5113525390625,-116746.8366245,0.0003,5750,212505,548.89,147,850124,0.2515462636947632,20.277524948120117
11080,5350.923828125,2164.23388671875,-117233.65430670998,0.0003,5751,212542,554.76,147,850272,0.634949803352356,20.30094337463379
11084,7291.7998046875,1918.083740234375,-117297.77510259,0.0003,5756,212709,556.7,147,850940,2.407038450241089,20.33502197265625
11088,4651.2255859375,2355.580810546875,-116903.80420945,0.0003,5759,212845,557.88,147,851484,1.794029712677002,20.193477630615234
11092,3002.8955078125,2146.354736328125,-116914.91391236,0.0003,5761,212886,559.34,147,851648,-1.1457595825195312,20.19089126586914
11096,8402.1826171875,2099.175048828125,-116567.61221781,0.0003,5762,212944,557.73,147,851880,0.7010605931282043,20.14679718017578
11100,8547.9091796875,2037.4718017578125,-114036.23500424997,0.0003,5763,212981,554.03,147,852028,0.9293503165245056,20.149295806884766
11104,5506.8828125,2143.912109375,-112496.83119252,0.0003,5764,213015,546.87,147,852164,-0.6976234912872314,20.157089233398438
11108,5725.365234375,2053.696533203125,-111533.46985031999,0.0003,5766,213058,543.15,147,852336,0.9634215831756592,20.153345108032227
11112,7515.2822265625,1831.5970458984375,-110976.9007061,0.0003,5767,213094,540.33,147,852480,-0.6732571125030518,20.072214126586914
11116,8619.103515625,2271.095703125,-110759.22456071,0.0003,5768,213146,537.29,147,852688,-2.187074899673462,19.99799346923828
11120,3953.79296875,2098.8466796875,-110126.03377529,0.0003,5769,213196,535.85,147,852888,2.9813456535339355,20.068500518798828
11124,6681.427734375,2138.64453125,-109218.25465183001,0.0003,5771,213241,507.09,147,853068,0.7703796625137329,20.086198806762695
11128,9401.96875,2210.148681640625,-109014.4775622,0.0003,5772,213288,468.61,147,853256,-0.42991140484809875,20.076143264770508
11132,9139.05859375,2391.566162109375,-109369.16398376999,0.0003,5773,213324,430.8,147,853400,-0.13659411668777466,20.0323429107666
11136,5512.603515625,2155.372802734375,-108888.46515442998,0.0003,5774,213346,391.79,147,853488,0.9299589395523071,20.031444549560547
11140,6886.634765625,2133.061767578125,-107630.40389499001,0.0003,5775,213385,352.8,147,853644,-1.3749098777770996,20.02156639099121
11144,5468.12109375,2314.63916015625,-106449.72183336003,0.0003,5776,213412,314.27,147,853752,0.6324673891067505,20.022377014160156
11148,4225.40625,1842.0108642578125,-104248.06685247998,0.0003,5777,213455,275.74,147,853924,0.07318592071533203,20.059551239013672
11152,7941.3935546875,2242.66552734375,-101366.91710373,0.0003,5778,213494,237.24,147,854080,-0.7268223762512207,20.080341339111328
11156,6206.61669921875,2171.87841796875,-98593.22652035001,0.0003,5779,213521,198.49,147,854188,2.7596428394317627,20.085622787475586
11160,5187.1455078125,2222.415771484375,-96727.71082410001,0.0003,5780,213557,159.61,147,854332,1.291226863861084,20.081329345703125
11164,6106.3427734375,2486.61474609375,-93827.22964846999,0.0003,5781,213582,121.26,147,854432,-1.0628793239593506,20.04168701171875
11168,6967.5068359375,1627.6597900390625,-91243.07521036001,0.0003,5781,213608,82.4,147,854536,0.6554325222969055,20.021465301513672
11172,4816.572265625,1941.7159423828125,-89592.83893858001,0.0003,5782,213638,61.41,147,854656,-0.9786493182182312,19.983461380004883
11176,6766.1796875,2128.11962890625,-88984.77263207002,0.0003,5783,213666,53.29,147,854768,1.5876891613006592,20.006433486938477
11180,7921.236328125,2442.605224609375,-88279.11515782001,0.0003,5784,213702,46.23,147,854912,-2.1691060066223145,20.01974105834961
11184,3951.59521484375,1756.9522705078125,-87983.74587492,0.0003,5785,213727,42.91,147,855012,0.5206806063652039,20.03334617614746
11188,4330.74560546875,2116.582275390625,-87736.34771843,0.0003,5786,213756,38.21,147,855128,0.42217814922332764,20.04806137084961
11192,6851.5732421875,2295.76708984375,-87677.24091325,0.0003,5787,213784,35.49,147,855240,1.281172752380371,20.031333923339844
11196,7954.3740234375,2848.46044921875,-87563.47414828,0.0003,5787,213811,35.21,147,855348,-3.3031563758850098,20.04517936706543
11200,8957.1474609375,2238.18603515625,-87878.57958432997,0.0003,5788,213842,34.27,147,855472,-2.9747748374938965,20.066640853881836
11204,11253.9951171875,1980.8839111328125,-88113.42438554998,0.0003,5789,213868,34.19,147,855576,-1.3372306823730469,20.087825775146484
11208,8216.548828125,2316.85302734375,-88080.62712286001,0.0003,5790,213900,33.53,147,855704,0.9587265253067017,20.0932674407959
11212,7189.11181640625,2303.065185546875,-88191.81987601,0.0003,5791,213927,33.32,147,855812,-3.3863983154296875,20.073511123657227
11216,3672.36865234375,1900.80224609375,-88363.01222525998,0.0003,5792,213953,33.09,147,855916,1.776938796043396,20.0684871673584
11220,10134.9990234375,2029.6522216796875,-88793.45768554001,0.0003,5792,213982,31.74,147,856032,-1.059198260307312,20.082420349121094
11224,10898.310546875,2378.510009765625,-88841.94115391001,0.0003,5793,214010,31.08,147,856144,-1.8931937217712402,19.99070930480957
11228,7309.87744140625,2051.27490234375,-89298.14917097999,0.0003,5794,214035,30.63,147,856244,-1.5799281597137451,19.938007354736328
11232,5360.14208984375,2394.4970703125,-89749.87445553,0.0003,5795,214061,29.48,147,856348,1.4924898147583008,19.89707374572754
11236,5846.85986328125,2028.0634765625,-90373.98200826002,0.0003,5796,214088,29.54,147,856456,0.8247154951095581,19.857261657714844
11240,3426.204833984375,1528.277587890625,-90287.48892832002,0.0003,5796,214112,29.59,147,856552,3.0933423042297363,19.88050079345703
11244,4083.94580078125,2459.294921875,-89617.0552747,0.0003,5797,214140,29.18,147,856664,0.5893815159797668,19.934072494506836
11248,5225.494140625,2191.4873046875,-89711.75893719002,0.0003,5798,214166,28.79,147,856768,-0.14743530750274658,19.88295555114746
11252,8843.0302734375,2318.4736328125,-89776.56958402002,0.0003,5799,214193,28.34,147,856876,1.5569665431976318,19.883405685424805
11256,9966.625,3040.940185546875,-90298.12739719998,0.0003,5799,214220,28.12,147,856984,-2.0903725624084473,19.834304809570312
11260,5961.53125,2224.9794921875,-89599.95725394998,0.0003,5800,214249,27.96,147,857100,-3.3986611366271973,19.811382293701172
11264,5309.45751953125,1943.377197265625,-89547.33969896,0.0003,5801,214273,27.45,147,857196,1.4286961555480957,19.886720657348633
11268,8683.19140625,2916.118408203125,-89888.53630204998,0.0003,5801,214297,27.34,147,857292,-0.057745158672332764,19.896263122558594
11272,7131.91943359375,2382.28515625,-89774.38161277,0.0003,5802,214322,27.26,147,857392,-1.742193341255188,19.897775650024414
11276,7174.06103515625,2240.943115234375,-90207.80919662003,0.0003,5803,214350,27.29,147,857504,3.291576385498047,19.924108505249023
11280,8059.68994140625,2305.79052734375,-91140.96438213,0.0003,5803,214373,27.17,147,857596,-0.3289925456047058,19.916561126708984
11284,4720.9208984375,1981.96435546875,-91925.90804366,0.0003,5804,214399,26.87,147,857700,1.1652734279632568,19.919530868530273
11288,4040.53759765625,2135.345703125,-93656.23757084999,0.0003,5805,214426,26.86,147,857808,0.8088327050209045,19.923059463500977
11292,8243.58203125,1994.357177734375,-94470.38109987,0.0003,5805,214452,26.78,147,857912,0.5562819242477417,19.894271850585938
11296,6434.541015625,1906.5272216796875,-95114.85520698002,0.0003,5806,214477,26.84,147,858012,-0.35672426223754883,19.889005661010742
11300,6859.2197265625,1950.4539794921875,-95178.64147949003,0.0003,5806,214506,26.86,147,858128,-0.10513615608215332,19.914581298828125
11304,4383.556640625,2320.93701171875,-96130.18581418002,0.0003,5807,214533,26.52,147,858236,-0.6619482040405273,19.98580551147461
11308,5422.86669921875,2053.603759765625,-98052.59122653,0.0003,5808,214558,26.47,147,858336,0.863836407661438,19.980337142944336
11312,7047.6767578125,2130.24560546875,-99616.27109108001,0.0003,5809,214592,26.22,147,858472,-0.4902554452419281,20.037582397460938
11316,4354.46337890625,1845.7933349609375,-101399.45749463998,0.0003,5809,214615,26.52,147,858564,2.6190435886383057,20.02587127685547
11320,8917.123046875,1817.0169677734375,-103581.73894880999,0.0003,5810,214640,26.54,147,858664,0.1519436240196228,20.02676010131836
11324,4978.6259765625,1938.71875,-105633.20775252001,0.0003,5810,214665,26.38,147,858764,-2.3124310970306396,20.03067970275879
11328,3783.52978515625,1998.34130859375,-105734.62557353001,0.0003,5811,214691,26.41,147,858868,3.3634355068206787,20.08683967590332
11332,9383.39453125,2287.943115234375,-106740.92558302,0.0003,5812,214718,26.35,147,858976,-1.760921597480774,20.04883575439453
11336,6172.9990234375,2047.8643798828125,-107548.29655067,0.0003,5812,214743,26.31,147,859076,0.8869283199310303,20.045103073120117
11340,5670.5546875,2686.893310546875,-109168.18948444999,0.0003,5813,214770,26.32,147,859184,-4.186591148376465,20.073463439941406
11344,6543.287109375,2480.784423828125,-110586.91701504,0.0003,5814,214797,26.29,147,859292,0.8771480321884155,20.096046447753906
11348,8777.80859375,2229.33935546875,-112614.87080228003,0.0003,5814,214822,26.31,147,859392,-3.0531082153320312,20.096487045288086
11352,6419.5478515625,2175.821533203125,-114989.59751562001,0.0003,5815,214848,26.29,147,859496,0.4217437505722046,20.095561981201172
11356,6107.8173828125,1991.087158203125,-115990.99545497002,0.0003,5816,214879,26.35,147,859620,-2.2996630668640137,20.057714462280273
11360,4281.06103515625,1818.474853515625,-117217.42523743,0.0003,5816,214906,26.34,147,859728,4.194831848144531,20.101221084594727
11364,3218.41064453125,1866.62744140625,-118209.46284746999,0.0003,5817,214933,26.39,147,859836,1.714045763015747,20.16330337524414
11368,3943.99560546875,1900.2935791015625,-119120.26284239002,0.0003,5818,214963,26.48,147,859956,1.624422311782837,20.186681747436523
11372,4816.47607421875,2002.978271484375,-121558.03771539003,0.0003,5819,214993,26.7,147,860076,1.5466653108596802,20.226469039916992
11376,4787.31201171875,2413.017578125,-122969.73770519,0.0003,5819,215018,26.67,147,860176,-2.2796313762664795,20.24030876159668
11380,6741.7373046875,2291.76953125,-124287.08242905,0.0003,5820,215046,26.74,147,860288,-1.2739614248275757,20.247920989990234
11384,4427.23828125,2274.044677734375,-125997.86059159001,0.0003,5821,215076,26.9,147,860408,0.32113850116729736,20.317270278930664
11388,7354.23681640625,2417.7626953125,-126608.63664948002,0.0003,5822,215104,27.05,147,860520,0.3192812204360962,20.329795837402344
11392,5990.6201171875,2228.87841796875,-127216.43664905001,0.0003,5822,215130,27.1,147,860624,-1.4879611730575562,20.34649658203125
11396,2640.7236328125,2195.90087890625,-127819.08873008,0.0003,5823,215161,27.2,147,860748,0.26217442750930786,20.389009475708008
11400,5720.1865234375,2360.276123046875,-129598.11819792,0.0003,5824,215188,27.19,147,860856,0.6472975015640259,20.40411949157715
11404,8611.775390625,2429.251708984375,-130207.80757242002,0.0003,5825,215220,27.36,147,860984,-4.150167465209961,20.44985580444336
11408,5884.80029296875,2911.314453125,-129808.08504993998,0.0003,5826,215249,27.54,147,861100,0.011636555194854736,20.530118942260742
11412,3733.179443359375,2023.1505126953125,-129910.93024816,0.0003,5827,215279,27.68,147,861220,0.24453553557395935,20.611915588378906
11416,9826.9189453125,2723.540771484375,-129954.67821222002,0.0003,5828,215306,27.53,147,861328,-3.4687790870666504,20.684524536132812
11420,5513.38818359375,1965.1854248046875,-129541.47886211,0.0003,5828,215337,27.73,147,861452,0.48824989795684814,20.72064208984375
11424,7710.765625,2423.486572265625,-128435.42768333,0.0003,5829,215366,27.96,147,861568,-4.100512504577637,20.791683197021484
11428,6585.00048828125,2117.025390625,-128735.20961437,0.0003,5830,215398,28.13,147,861696,-0.5813899636268616,20.85528564453125
11432,3358.4189453125,2688.0849609375,-130555.41599111,0.0003,5831,215427,28.43,147,861812,1.2091443538665771,20.89775276184082
11436,5390.51171875,2215.59619140625,-131673.11598052,0.0003,5832,215457,28.72,147,861932,-0.08764618635177612,20.923397064208984
11440,5690.0400390625,2161.70068359375,-132486.91598226002,0.0003,5833,215493,28.94,147,862076,2.599989175796509,20.934459686279297
11444,3872.884033203125,2187.8544921875,-132471.31430823,0.0003,5834,215538,29.36,147,862256,-1.0963267087936401,20.902780532836914
11448,6041.0751953125,2437.429931640625,-132177.7933503,0.0003,5835,215580,29.77,147,862424,1.5054538249969482,20.9816837310791
11452,6688.0185546875,2624.55517578125,-131990.19545661,0.0003,5836,215632,30.27,147,862632,-1.0857782363891602,21.020614624023438
11456,6228.935546875,2107.78564453125,-131925.82587359997,0.0003,5838,215701,30.86,147,862908,1.764762043952942,21.065732955932617
11460,5549.140625,2306.960205078125,-133659.42519035,0.0003,5840,215748,33.14,147,863096,-0.8116265535354614,21.04772186279297
11464,4267.3095703125,2002.7677001953125,-135000.76453841,0.0003,5864,216710,43.38,147,866944,0.5116503834724426,22.45651626586914
11468,5457.2119140625,1980.0283203125,-138329.24934532,0.0003,5889,217710,82.26,147,870944,1.0306124687194824,22.159353256225586
11472,5476.68505859375,1863.4891357421875,-139299.08378526,0.0003,5915,218710,121.09,147,874944,0.4001145362854004,21.75436019897461
11476,4126.123046875,2113.987548828125,-138739.65457922,0.0003,5941,219710,160.03,147,878944,-2.035770893096924,21.434263229370117
11480,4639.3095703125,2220.565185546875,-138923.09858132002,0.0003,5967,220710,198.98,147,882944,0.3714838922023773,20.558454513549805
11484,117.1512451171875,1572.7315673828125,-137221.78892754996,0.0003,5992,221710,237.8,148,886944,3.775423765182495,18.75101661682129
11488,2589.12060546875,2045.113037109375,-135498.66552515,0.0003,6018,222710,276.61,148,890944,0.9573553204536438,17.992860794067383
11492,4231.044921875,2438.069580078125,-135582.25565878,0.0003,6044,223710,315.54,148,894944,-0.9738141298294067,17.047813415527344
11496,1758.878662109375,2120.420166015625,-135745.50295003,0.0003,6070,224710,354.38,148,898944,-1.7658638954162598,17.37108612060547
11500,2439.5693359375,2602.39404296875,-134889.89766952,0.0003,6097,225710,393.26,148,902944,-0.7848818302154541,17.62588882446289
11504,3773.772216796875,2006.3878173828125,-134604.44873333,0.0003,6123,226710,432.02,148,906944,-1.6635347604751587,17.77077293395996
11508,-144.1444091796875,2015.0447998046875,-133432.31954707,0.0003,6149,227710,470.84,148,910944,-1.1008563041687012,17.652389526367188
11512,-246.61328125,2064.0390625,-131731.78725074,0.0003,6172,228710,509.67,148,914944,0.5338704586029053,17.769853591918945
11516,2426.38330078125,2453.470947265625,-129305.57020977,0.0003,6197,229710,548.45,148,918944,-1.340958595275879,17.57430648803711
11520,-2677.6318359375,1947.9039306640625,-126701.69311659,0.0003,6222,230710,587.18,148,922944,3.209988594055176,16.873493194580078
11524,2448.7744140625,2116.07470703125,-125559.28048730001,0.0003,6247,231710,625.97,148,926944,2.00126576423645,16.286474227905273
11528,251.73846435546875,2448.953857421875,-123878.40060337001,0.0003,6272,232710,664.7,148,930944,2.884796380996704,16.27176284790039
11532,903.959716796875,1902.5517578125,-120287.71417953,0.0003,6274,232775,684.43,148,931204,2.323934555053711,16.229219436645508
11536,356.4974670410156,2405.56201171875,-117391.79550765999,0.0003,6277,232875,694.61,148,931604,-0.15863557159900665,16.342809677124023
11540,2219.47509765625,2339.11572265625,-118049.57138606001,0.0003,6302,233830,718.66,148,935424,-0.15744522213935852,16.650407791137695
11544,700.9332275390625,2612.38818359375,-116973.8803163,0.0003,6315,234291,737.53,148,937268,-1.424027919769287,16.56886863708496
11548,4393.6806640625,2469.13232421875,-117632.87192294998,0.0003,6341,235291,776.02,148,941268,2.5969791412353516,16.393217086791992
11552,5499.40625,3224.669677734375,-116741.09226977,0.0003,6366,236291,814.49,148,945268,-1.5707807540893555,16.294979095458984
11556,6546.736328125,2960.792236328125,-115770.64289024999,0.0003,6382,236918,843.09,148,947776,-2.656322956085205,16.61534881591797
11560,3682.6552734375,2895.25390625,-114360.15730359999,0.0003,6406,237847,870.15,148,951492,1.0770792961120605,17.770145416259766
11564,2481.130859375,2396.8525390625,-111034.48374611,0.0003,6432,238847,889.35,148,955492,0.18772900104522705,18.391019821166992
11568,4760.1044921875,2205.498291015625,-107638.96372613,0.0003,6459,239847,889.35,148,959492,1.3353463411331177,18.15036964416504
11572,4980.90673828125,2752.7333984375,-105930.98375844998,0.0003,6460,239909,859.97,148,959740,-2.9470770359039307,18.1387882232666
11576,5928.16259765625,2523.169921875,-105227.46108892998,0.0003,6486,240860,850.1,148,963544,-1.3399661779403687,18.401124954223633
11580,3097.94580078125,2063.113037109375,-104928.62392616997,0.0003,6513,241860,850.1,148,967544,1.2396972179412842,18.80872917175293
11584,5244.17626953125,1989.918701171875,-106235.33972946998,0.0003,6539,242860,850.1,148,971544,1.989229440689087,17.953292846679688
11588,6746.564453125,2113.73779296875,-106463.46772933999,0.0003,6565,243860,850.1,148,975544,-0.3145607113838196,17.190465927124023
11592,3141.2841796875,1910.9561767578125,-105701.59544042,0.0003,6592,244860,850.1,148,979544,1.641045331954956,16.594104766845703
11596,3847.289794921875,2344.797119140625,-104311.28088634001,0.0003,6618,245860,850.1,148,983544,-1.9425153732299805,16.08082389831543
11600,3106.108642578125,1772.8936767578125,-102763.74864446999,0.0003,6645,246860,850.1,148,987544,2.079444646835327,15.639118194580078
11604,1937.916015625,1824.0111083984375,-102178.46858013002,0.0003,6671,247860,850.1,148,991544,1.4743845462799072,15.51152229309082
11608,2419.1171875,2052.733642578125,-104456.44069384,0.0003,6697,248860,850.1,148,995544,-0.23771482706069946,15.847257614135742
11612,4092.30517578125,2270.71533203125,-108520.28839013999,0.0003,6724,249860,850.1,148,999544,-1.147719383239746,15.837700843811035
