time/total_timesteps,train/ent_coef_loss,train/ent_coef,rollout/ep_rew_mean,time/episodes,train/learning_rate,train/critic_loss,time/fps,train/n_updates,time/time_elapsed,train/actor_loss,rollout/ep_len_mean
572,-0.12518064677715302,0.9652463793754578,-473358.1225815,4,0.001,71268512.0,163,117,3,-131.70758056640625,78.5
772,0.04338928312063217,0.9588456749916077,-342869.38119174994,8,0.001,143476896.0,156,167,4,-370.0246276855469,49.125
840,0.04162667319178581,0.9584006667137146,-352083.1928224166,12,0.001,238531200.0,155,184,5,-484.26226806640625,46.5
892,0.12637674808502197,0.9585179686546326,-315894.357784625,16,0.001,242341440.0,152,197,5,-564.9830322265625,40.5625
964,0.15749850869178772,0.9594542980194092,-279005.24670759996,20,0.001,135879536.0,147,215,6,-738.4569091796875,34.85
1576,0.08328121900558472,0.9925829768180847,-402346.31333829166,24,0.001,237068736.0,145,368,10,-800.7796020507812,51.291666666666664
1796,-0.18371039628982544,1.0150651931762695,-594472.5651619287,28,0.001,159345200.0,142,423,12,-696.1453857421875,59.607142857142854
1900,-0.3500005900859833,1.0281749963760376,-539930.1402510938,32,0.001,305959936.0,141,449,13,-372.93023681640625,54.3125
2052,-0.5547884106636047,1.047348976135254,-498122.68922947225,36,0.001,334324896.0,140,487,14,-457.2249755859375,51.77777777777778
2108,-0.5783629417419434,1.0530060529708862,-469668.59329304995,40,0.001,313327744.0,140,501,15,-459.3307800292969,50.825
2156,-0.6827921867370605,1.058524250984192,-435915.17860899994,44,0.001,259524192.0,140,513,15,-515.611328125,48.38636363636363
2184,-0.7201836109161377,1.062646746635437,-408454.70267281245,48,0.001,133021304.0,139,520,15,-490.2143249511719,45.229166666666664
2224,-0.6813539266586304,1.066749930381775,-384886.14400226914,52,0.001,226299040.0,139,530,15,-591.5548095703125,42.25
2276,-0.8200398683547974,1.072175145149231,-361426.3178030526,56,0.001,177746048.0,138,543,16,-737.1761474609375,39.35087719298246
2324,-0.8672747611999512,1.0776233673095703,-352988.8416337333,60,0.001,254925696.0,137,555,16,-508.27716064453125,38.43333333333333
2448,-1.0309938192367554,1.0926740169525146,-339622.72175321874,64,0.001,339743232.0,136,586,17,-369.0316162109375,37.203125
2528,-1.2405675649642944,1.1009063720703125,-326956.0625066029,68,0.001,326102848.0,135,606,18,-470.92852783203125,35.970588235294116
2796,-1.7769362926483154,1.1337902545928955,-330975.56158615276,72,0.001,319990144.0,127,673,22,-22.907058715820312,36.708333333333336
3616,-4.003801345825195,1.24832284450531,-353822.7556999079,76,0.001,228113376.0,123,878,29,237.5123748779297,39.723684210526315
3992,-4.853248119354248,1.3047934770584106,-415157.3443659125,80,0.001,112845008.0,123,972,32,639.6243896484375,44.7375
4196,-5.1071906089782715,1.3351542949676514,-469831.6967254762,84,0.001,176110464.0,123,1023,34,522.1367797851562,49.095238095238095
4472,-5.810651779174805,1.376470685005188,-459333.9644645341,88,0.001,164846656.0,122,1092,36,753.29833984375,48.97727272727273
4744,-6.841923236846924,1.4198822975158691,-444919.5469885543,92,0.001,141722560.0,121,1160,39,933.26416015625,47.58695652173913
5256,-8.448019981384277,1.5072674751281738,-450996.13968458335,96,0.001,255155680.0,121,1288,43,1172.21533203125,48.875
5572,-9.171712875366211,1.5612953901290894,-519634.26319306,100,0.001,186992720.0,120,1367,46,2015.871337890625,51.59
5880,-9.597558975219727,1.6147634983062744,-526579.12544809,104,0.001,193270960.0,121,1444,48,1975.2459716796875,50.84
6152,-10.123927116394043,1.6605781316757202,-528257.11234301,108,0.001,107832752.0,120,1512,51,2050.97705078125,51.63
6228,-10.9993314743042,1.6755205392837524,-519598.55952360993,112,0.001,98520424.0,119,1531,52,1521.68115234375,50.73
6424,-11.294259071350098,1.710489273071289,-517594.90081407,116,0.001,163747616.0,118,1580,54,2151.358154296875,50.76
6612,-11.824069023132324,1.7458990812301636,-596272.95044341,120,0.001,73447360.0,117,1627,56,1439.737548828125,55.96
6744,-12.294427871704102,1.770711064338684,-566611.3864750799,124,0.001,95720272.0,116,1660,57,2040.82080078125,51.56
6880,-12.481204986572266,1.7954175472259521,-507419.7591293399,128,0.001,44450568.0,116,1694,59,1956.889892578125,48.88
7040,-12.851584434509277,1.8247016668319702,-563722.3648568,132,0.001,118276288.0,116,1734,60,2531.08349609375,52.15
7116,-13.526697158813477,1.8407307863235474,-561033.56238487,136,0.001,170185536.0,116,1753,61,2087.20068359375,51.15
7232,-14.291326522827148,1.8617790937423706,-559544.7496386999,140,0.001,102490304.0,116,1782,62,1610.63916015625,50.8
7308,-14.350723266601562,1.8785426616668701,-559723.49945739,144,0.001,124101968.0,116,1801,62,1612.8310546875,50.24
7356,-13.997702598571777,1.8882488012313843,-559490.54624273,148,0.001,52389440.0,116,1813,63,1577.012939453125,50.2
7384,-14.411872863769531,1.8931186199188232,-563095.0895016501,152,0.001,87104096.0,115,1820,63,2591.552734375,51.4
7580,-13.841156959533691,1.9318796396255493,-565343.49262342,156,0.001,47480256.0,115,1869,65,2696.47802734375,52.62
7664,-14.542746543884277,1.948729157447815,-563782.7722302799,160,0.001,161278864.0,115,1890,66,1978.6822509765625,52.88
7924,-15.63924503326416,2.001563310623169,-569860.14255091,164,0.001,115237264.0,115,1955,68,2100.00390625,54.56
8084,-15.668783187866211,2.033639430999756,-569683.1912442499,168,0.001,137234912.0,115,1995,69,2286.1416015625,54.57
8272,-15.522079467773438,2.0737860202789307,-560491.8395063399,172,0.001,187061568.0,115,2042,71,3017.81982421875,53.73
8668,-18.029766082763672,2.1592273712158203,-555802.7507778299,176,0.001,87211600.0,114,2141,75,2813.2607421875,53.9
8828,-17.756980895996094,2.1941680908203125,-496486.39982723,180,0.001,89171072.0,114,2181,77,3147.588134765625,48.7
9432,-18.372509002685547,2.333038568496704,-456094.34376633,184,0.001,164071264.0,113,2332,83,3441.2314453125,46.12
9624,-19.91153335571289,2.3781282901763916,-477497.6821467401,188,0.001,83291184.0,113,2380,84,4157.798828125,47.94
9968,-21.423076629638672,2.4598116874694824,-493484.17149059,192,0.001,114437424.0,112,2466,88,4009.0546875,50.65
10668,-21.19609832763672,2.6408584117889404,-518705.57137015,196,0.001,65805208.0,111,2641,95,4526.76416015625,53.55
10928,-22.408123016357422,2.7056596279144287,-460213.2000109301,200,0.001,96848808.0,110,2706,98,5159.93603515625,52.57
11284,-22.78852081298828,2.798039197921753,-458733.39932026004,204,0.001,78977128.0,110,2795,102,4985.689453125,57.38
11512,-22.833145141601562,2.8571391105651855,-453626.2428105899,208,0.001,119601984.0,109,2852,104,5024.47607421875,58.19
11568,-22.31559944152832,2.8727245330810547,-451666.16827607,212,0.001,28972278.0,109,2866,105,5449.220703125,58.25
11628,-21.934314727783203,2.888277292251587,-449305.5335413399,216,0.001,50600632.0,109,2881,106,5638.66015625,57.61
11676,-22.010498046875,2.9006423950195312,-370055.7506160401,220,0.001,38325816.0,109,2893,106,6071.0302734375,53.38
11720,-22.191757202148438,2.9098715782165527,-362517.89698491996,224,0.001,88569672.0,109,2904,106,5428.78125,52.6
11748,-23.016681671142578,2.919098138809204,-356125.0747108899,228,0.001,151037760.0,109,2911,107,5769.564453125,51.36
11796,-22.123807907104492,2.9314446449279785,-297444.19216195995,232,0.001,25823318.0,109,2923,107,6077.5302734375,47.71
11860,-22.36422348022461,2.946817636489868,-297528.13237440004,236,0.001,89818144.0,109,2939,108,6084.25244140625,47.79
12052,-23.48189926147461,2.997182607650757,-294737.45058316,240,0.001,70527112.0,108,2987,110,5303.7822265625,47.39
12268,-22.508731842041016,3.054378032684326,-294534.67398045,244,0.001,186476704.0,108,3041,113,5807.0048828125,47.53
12452,-23.897397994995117,3.101853132247925,-301980.84770023,248,0.001,39204592.0,107,3087,115,5731.4501953125,49.63
12560,-24.07296371459961,3.130981922149658,-307699.88647227,252,0.001,33670360.0,107,3114,116,5405.7802734375,51.55
12712,-24.361087799072266,3.17380428314209,-305660.58042468,256,0.001,68224408.0,107,3152,118,5376.298828125,51.08
12872,-24.146886825561523,3.2172000408172607,-305803.20793278,260,0.001,47060216.0,106,3192,120,5974.45654296875,51.76
13032,-24.99861717224121,3.2641496658325195,-298724.22846404003,264,0.001,125669512.0,106,3232,122,6620.220703125,51.0
13136,-25.506961822509766,3.2915306091308594,-298696.15771323,268,0.001,96714112.0,106,3258,123,6878.26171875,52.09
13344,-26.02372169494629,3.3542799949645996,-297345.14184817,272,0.001,43798516.0,105,3310,125,6400.1611328125,52.52
13432,-25.179302215576172,3.379040241241455,-275459.32133733004,276,0.001,40060052.0,105,3332,127,6367.95263671875,49.69
13572,-25.5635986328125,3.4211156368255615,-275193.39306595,280,0.001,105032784.0,105,3367,128,7913.94482421875,50.5
13724,-26.751420974731445,3.4634976387023926,-257169.27278876997,284,0.001,229185248.0,105,3405,130,7105.95751953125,49.04
13908,-27.692413330078125,3.522399425506592,-231240.92018902,288,0.001,142611456.0,104,3451,132,6672.5869140625,47.41
14136,-27.211994171142578,3.5944745540618896,-215027.79541794996,292,0.001,42818488.0,104,3508,135,5874.3984375,45.39
14212,-27.567699432373047,3.6172778606414795,-169900.5170055,296,0.001,42398920.0,104,3527,136,5988.69921875,40.35
14340,-27.64716911315918,3.65903377532959,-145519.65079272998,300,0.001,42047104.0,104,3559,137,6853.3115234375,37.34
14484,-27.736921310424805,3.7048592567443848,-131278.86559853,304,0.001,73492008.0,104,3595,139,7039.0205078125,32.55
14648,-28.590473175048828,3.755145788192749,-128263.70564027003,308,0.001,120966544.0,103,3636,141,7410.41259765625,32.11
14772,-27.367551803588867,3.7983996868133545,-133345.00503349002,312,0.001,68611648.0,103,3667,142,6456.6123046875,32.92
14948,-27.586299896240234,3.8525373935699463,-133356.45066678998,316,0.001,94548576.0,103,3711,144,6281.3974609375,33.89
15072,-27.721900939941406,3.894660711288452,-132621.33403818,320,0.001,91361520.0,103,3742,145,7002.39697265625,33.76
15136,-27.724468231201172,3.913936138153076,-132406.55538349002,324,0.001,57651764.0,103,3758,146,7172.228515625,34.14
15204,-26.678932189941406,3.9372057914733887,-132207.85274194,328,0.001,84231248.0,103,3775,147,7767.4365234375,34.9
15268,-27.722742080688477,3.9565913677215576,-132064.98283360002,332,0.001,75156528.0,103,3791,147,7205.6484375,35.23
15372,-28.180124282836914,3.991539239883423,-132391.83329446998,336,0.001,83514992.0,103,3817,149,7764.9580078125,35.79
15788,-26.544187545776367,4.125014781951904,-132839.62760356,340,0.001,73442320.0,102,3921,153,8298.763671875,37.39
15896,-26.880067825317383,4.15968656539917,-134000.23041139002,344,0.001,184535008.0,102,3948,155,7577.859375,39.51
16064,-25.732097625732422,4.2135090827941895,-126643.35583396001,348,0.001,167708288.0,102,3990,156,7487.4052734375,38.51
16276,-26.95339584350586,4.282987594604492,-117878.38098472002,352,0.001,73922104.0,102,4043,159,9666.7373046875,36.73
16360,-28.252609252929688,4.310778617858887,-117489.58892620001,356,0.001,62502704.0,102,4064,160,8947.33984375,36.86
16484,-27.554054260253906,4.351133346557617,-115531.68310569003,360,0.001,146077888.0,102,4095,161,9387.978515625,36.98
16568,-28.12926483154297,4.379390716552734,-114782.29631179999,364,0.001,72196872.0,101,4116,162,8179.216796875,35.96
16676,-28.03302001953125,4.415935039520264,-113623.0973953,368,0.001,61379196.0,101,4143,163,9257.806640625,35.25
16772,-27.885257720947266,4.448770999908447,-111926.49925174001,372,0.001,148430192.0,101,4167,164,8348.56640625,34.65
16956,-28.039968490600586,4.514735698699951,-111501.56506620001,376,0.001,71397336.0,101,4213,166,7805.904296875,34.55
17176,-27.55551528930664,4.5898966789245605,-111947.68832068,380,0.001,88605760.0,101,4268,169,8413.91796875,34.44
17364,-27.14020538330078,4.65663480758667,-111972.03066100001,384,0.001,82813840.0,101,4315,171,9017.919921875,34.72
17548,-26.708961486816406,4.719784736633301,-110612.49962845,388,0.001,103500576.0,101,4361,173,8010.29296875,33.63
17892,-28.064617156982422,4.841900825500488,-109260.66932524001,392,0.001,61130992.0,101,4447,177,7058.39697265625,33.88
18112,-27.620342254638672,4.917835235595703,-129520.18395186,396,0.001,42689168.0,100,4502,179,8416.779296875,36.21
18208,-27.137855529785156,4.951884746551514,-129541.27648367999,400,0.001,137592896.0,100,4526,180,8874.5146484375,36.69
18376,-27.22058868408203,5.011527061462402,-123580.17521026,404,0.001,121582848.0,100,4568,182,8466.6044921875,35.36
18572,-26.26268768310547,5.0796308517456055,-131542.06604955002,408,0.001,41625092.0,100,4617,184,7367.150390625,38.93
18740,-26.921192169189453,5.138662815093994,-126491.72138475001,412,0.001,75733536.0,100,4659,186,10246.353515625,38.81
18924,-27.059690475463867,5.206014633178711,-127489.97480103001,416,0.001,58094980.0,100,4705,188,10109.26953125,39.83
19024,-25.985979080200195,5.239828109741211,-127299.51897312004,420,0.001,95885232.0,100,4730,189,8655.7373046875,39.83
19236,-25.410354614257812,5.314382076263428,-127471.70190481002,424,0.001,71947600.0,100,4783,192,8012.61474609375,40.65
19424,-24.830760955810547,5.3767781257629395,-127586.41349276004,428,0.001,44335632.0,99,4830,194,8605.0087890625,41.34
19732,-25.05681610107422,5.485494613647461,-128096.03127186002,432,0.001,83998096.0,99,4907,197,10004.4833984375,42.85
20120,-24.322521209716797,5.621705055236816,-127990.90111267,436,0.001,66586700.0,99,5004,201,9141.1015625,44.2
20272,-25.68722915649414,5.6776299476623535,-130398.20744477,440,0.001,65029644.0,99,5042,203,8734.61328125,46.35
20476,-24.569772720336914,5.752322673797607,-130067.70725814003,444,0.001,115301568.0,99,5093,206,10259.71875,45.09
20552,-25.906822204589844,5.778624057769775,-130172.7546179,448,0.001,75955784.0,99,5112,206,10293.470703125,44.79
20636,-25.520591735839844,5.809474468231201,-129351.09060818002,452,0.001,114223408.0,99,5133,207,9159.103515625,43.81
20844,-25.13207244873047,5.88900899887085,-128740.73976533003,456,0.001,115889664.0,99,5185,210,8700.77734375,44.9
20988,-24.875682830810547,5.942458152770996,-127545.75756535001,460,0.001,104098184.0,98,5221,212,8295.9345703125,44.75
21328,-24.965011596679688,6.068779468536377,-128145.80383291002,464,0.001,100757152.0,98,5306,216,8053.4697265625,46.1
21460,-23.697053909301758,6.1183013916015625,-128676.19121458,468,0.001,113700656.0,98,5339,217,9169.78125,47.61
21580,-25.119640350341797,6.163133144378662,-128933.44361173,472,0.001,77024952.0,98,5369,218,10742.5966796875,47.99
21708,-25.359210968017578,6.213588237762451,-129071.62173194998,476,0.001,191516032.0,98,5401,220,9703.16796875,48.14
21816,-23.753278732299805,6.254980564117432,-129051.96819812001,480,0.001,56599932.0,98,5428,221,10285.205078125,48.15
22024,-23.582393646240234,6.332198143005371,-129671.44124384,484,0.001,42676600.0,98,5480,223,9611.7470703125,47.93
22420,-24.530752182006836,6.484736919403076,-130206.14541329004,488,0.001,71121824.0,98,5579,228,8916.537109375,48.46
22716,-23.516319274902344,6.601527214050293,-142313.97308301003,492,0.001,67610952.0,98,5653,231,10364.541015625,51.17
22996,-22.934223175048828,6.7053046226501465,-129172.39536889002,496,0.001,102962064.0,97,5723,235,10981.1884765625,52.53
23312,-24.13303565979004,6.825954437255859,-128197.5620359,500,0.001,117466704.0,97,5802,238,12225.4755859375,54.28
23860,-24.1312313079834,7.049724578857422,-134509.54106785,504,0.001,132261744.0,97,5939,243,10506.021484375,57.31
24244,-23.511829376220703,7.210048675537109,-132782.90956358,508,0.001,78648672.0,97,6035,247,9344.248046875,54.87
24528,-22.82622528076172,7.32993745803833,-143061.93220121003,512,0.001,68867040.0,97,6106,251,11820.1767578125,57.92
24752,-23.697616577148438,7.421845436096191,-141723.75610447998,516,0.001,64301128.0,97,6162,253,9605.666015625,57.37
24876,-22.981185913085938,7.478628635406494,-141662.98545493998,520,0.001,78934520.0,97,6193,254,10425.9140625,57.86
24992,-23.564884185791016,7.524462699890137,-141424.71204755,524,0.001,39507284.0,97,6222,256,10238.03125,58.18
25140,-22.924236297607422,7.591604232788086,-140859.29124379,528,0.001,33416932.0,97,6259,257,11140.00390625,57.67
25484,-24.626018524169922,7.739614486694336,-140012.2049653,532,0.001,57957312.0,97,6345,261,10592.53515625,57.07
25700,-23.600000381469727,7.838608264923096,-143481.19535584,536,0.001,62839012.0,97,6399,264,11232.5,58.36
25868,-24.00506019592285,7.915515422821045,-140373.9358106,540,0.001,92555584.0,97,6441,266,10899.26171875,56.11
25960,-25.549169540405273,7.959907054901123,-139407.31428813998,544,0.001,101588944.0,97,6464,267,11751.0234375,55.65
26140,-25.535402297973633,8.048168182373047,-139348.89887077,548,0.001,55463780.0,97,6509,269,11082.3984375,55.83
26256,-26.087112426757812,8.10854434967041,-139215.65992727998,552,0.001,94906744.0,97,6538,270,10755.0791015625,56.72
26468,-25.67422103881836,8.211634635925293,-138789.52273362,556,0.001,105921296.0,96,6591,272,10838.41796875,55.6
26604,-24.542329788208008,8.283950805664062,-140543.41360065996,560,0.001,62005628.0,96,6625,274,9064.6640625,55.92
26852,-24.26466178894043,8.4021577835083,-140481.34082675,564,0.001,79192320.0,96,6687,277,10979.10546875,55.96
27012,-23.986167907714844,8.483551979064941,-140848.88466345,568,0.001,102456664.0,96,6727,279,10467.0830078125,55.31
27144,-24.0869083404541,8.547203063964844,-140753.48164376002,572,0.001,44730112.0,96,6760,281,10441.7861328125,54.92
27200,-24.845218658447266,8.570868492126465,-141320.65134898003,576,0.001,67765872.0,96,6774,281,10498.9423828125,55.22
27328,-24.802562713623047,8.637460708618164,-142948.83037947,580,0.001,91495352.0,96,6806,283,10845.37890625,54.7
27384,-24.325420379638672,8.667978286743164,-142768.01730090997,584,0.001,46991072.0,96,6820,283,11757.40625,54.19
27476,-23.731403350830078,8.710862159729004,-144217.1259346,588,0.001,75149920.0,96,6843,284,10665.0,53.72
27560,-23.927175521850586,8.753551483154297,-132868.91937599,592,0.001,62709576.0,96,6864,285,9004.69140625,50.39
27704,-25.202909469604492,8.826804161071777,-125373.16961957999,596,0.001,209620736.0,96,6900,287,8833.0400390625,46.7
27960,-24.57854652404785,8.96900749206543,-127827.02440529,600,0.001,96985096.0,96,6964,290,10213.37890625,45.96
28148,-25.477691650390625,9.067400932312012,-121053.19980122,604,0.001,61677600.0,96,7011,292,11014.2578125,43.86
28504,-24.663904190063477,9.268852233886719,-118468.69588745,608,0.001,66514736.0,96,7100,296,9981.1748046875,44.42
28684,-25.324443817138672,9.370745658874512,-107785.45185078,612,0.001,61445188.0,95,7145,299,10460.115234375,41.66
28884,-24.25330352783203,9.485539436340332,-108115.16391386998,616,0.001,48534752.0,95,7195,301,12761.306640625,41.93
29080,-24.543033599853516,9.592385292053223,-108133.94972246999,620,0.001,77688888.0,95,7244,303,10960.181640625,41.29
29356,-24.959226608276367,9.745881080627441,-108867.02971455999,624,0.001,119035376.0,95,7313,306,9518.791015625,42.77
29500,-25.95537567138672,9.829133987426758,-110674.61825156999,628,0.001,67246608.0,95,7349,308,9816.380859375,43.5
29716,-25.23280143737793,9.957157135009766,-112101.09654806001,632,0.001,22930164.0,95,7403,311,12377.94140625,43.91
29932,-25.609390258789062,10.087983131408691,-107833.79715594003,636,0.001,99493536.0,95,7457,313,11800.1220703125,42.01
30036,-26.350873947143555,10.155152320861816,-109489.4289608,640,0.001,98173216.0,95,7483,314,9637.142578125,41.59
30156,-25.232648849487305,10.230751037597656,-109358.83087189001,644,0.001,110962784.0,95,7513,316,10729.591796875,41.89
30340,-26.205625534057617,10.344983100891113,-108821.43425279,648,0.001,43107036.0,95,7559,318,10249.572265625,41.73
30460,-25.2806453704834,10.421688079833984,-109473.47431526,652,0.001,71891144.0,95,7589,319,11541.978515625,41.83
30600,-24.825349807739258,10.512245178222656,-109141.30866878999,656,0.001,84851672.0,95,7624,321,11825.49609375,41.88
30760,-24.72556495666504,10.609536170959473,-108666.62675904999,660,0.001,106253904.0,95,7664,323,9731.2119140625,41.29
30860,-24.77939224243164,10.669500350952148,-108410.75173275,664,0.001,108763968.0,95,7689,324,10974.8916015625,40.92
31108,-23.77981948852539,10.8278169631958,-107324.77727593001,668,0.001,33514108.0,94,7751,327,9934.2109375,40.21
31576,-23.532987594604492,11.127301216125488,-106794.76239803001,672,0.001,100692128.0,94,7868,333,11185.43359375,42.37
31748,-23.06924819946289,11.23334789276123,-106168.06513303997,676,0.001,88186968.0,94,7911,335,9901.64453125,43.62
31844,-23.532791137695312,11.293351173400879,-104320.47914227,680,0.001,47160928.0,94,7935,336,9705.6884765625,45.57
31952,-24.10568618774414,11.361929893493652,-103644.58998153999,684,0.001,40509456.0,94,7962,337,10283.7626953125,46.18
32244,-26.373016357421875,11.560869216918945,-101444.05531362999,688,0.001,89021568.0,94,8035,341,8969.84375,46.52
32368,-25.036771774291992,11.644147872924805,-100520.23249391999,692,0.001,103560312.0,94,8066,342,9958.265625,47.62
32480,-24.612930297851562,11.719542503356934,-100602.91302778,696,0.001,128581080.0,94,8094,344,10823.1015625,47.74
32676,-24.11465072631836,11.862223625183105,-99045.14188041,700,0.001,66837940.0,94,8143,346,14020.5107421875,47.08
32876,-23.745071411132812,11.992670059204102,-99088.80919164002,704,0.001,27422504.0,94,8193,348,10488.890625,46.05
33252,-24.758153915405273,12.254965782165527,-100954.70522425002,708,0.001,44853868.0,94,8287,352,9804.58984375,46.62
33372,-24.34839630126953,12.340296745300293,-100774.55482674,712,0.001,88683488.0,94,8317,354,11037.6298828125,47.09
33524,-24.25873565673828,12.443617820739746,-100290.50273250001,716,0.001,122664792.0,94,8355,355,11491.99609375,46.39
33796,-24.219327926635742,12.645345687866211,-100451.66298749,720,0.001,76762768.0,94,8423,358,9596.6494140625,46.93
34036,-23.80017852783203,12.819937705993652,-99992.14232130001,724,0.001,36503036.0,94,8483,361,10801.28515625,46.28
34104,-23.912025451660156,12.872292518615723,-98745.85691082999,728,0.001,128843496.0,94,8500,362,9616.5029296875,44.66
34240,-24.500186920166016,12.970470428466797,-97704.36720853,732,0.001,36387480.0,94,8534,363,10134.126953125,43.13
34316,-23.740753173828125,13.024029731750488,-98191.19166916002,736,0.001,92947384.0,94,8553,364,10156.935546875,42.08
34420,-23.790969848632812,13.10383415222168,-96380.07072281999,740,0.001,79561552.0,94,8579,365,10534.466796875,42.61
34576,-21.20572280883789,13.21547794342041,-98317.72392090998,744,0.001,120930128.0,94,8618,367,10760.826171875,43.68
34632,-21.680749893188477,13.256821632385254,-98635.98611854002,748,0.001,107029536.0,94,8632,368,12312.025390625,43.31
34864,-22.952415466308594,13.417695045471191,-98342.97416384,752,0.001,97279072.0,94,8690,370,10301.337890625,42.93
35052,-22.757835388183594,13.558436393737793,-99314.78641241003,756,0.001,104422000.0,94,8737,372,9791.830078125,44.03
35240,-22.050365447998047,13.689529418945312,-99070.75538684003,760,0.001,49908684.0,94,8784,374,9109.76171875,44.7
35408,-23.455772399902344,13.810894966125488,-98598.10551390001,764,0.001,131887264.0,94,8826,376,10060.87890625,43.83
35600,-23.040699005126953,13.95368766784668,-98567.55693523999,768,0.001,86996400.0,93,8874,378,10135.146484375,45.18
35772,-23.340593338012695,14.090511322021484,-98539.71865418,772,0.001,106857744.0,93,8917,380,9866.052734375,43.27
35920,-22.685298919677734,14.202964782714844,-98284.26232866,776,0.001,79393464.0,93,8954,382,11513.4189453125,41.75
36096,-22.49547004699707,14.342190742492676,-97973.36358281,780,0.001,79536592.0,93,8998,384,10910.6806640625,40.15
36488,-22.045263290405273,14.643526077270508,-97968.56869286999,784,0.001,65577124.0,93,9096,388,12974.74609375,40.02
36872,-21.93320655822754,14.945605278015137,-99729.28159918002,788,0.001,88410520.0,93,9192,392,9252.23828125,41.57
37228,-21.136669158935547,15.229177474975586,-101666.80037570001,792,0.001,98953296.0,93,9281,397,9815.513671875,43.4
37660,-21.49704360961914,15.578414916992188,-102368.15971678002,796,0.001,64976036.0,93,9389,402,11432.2705078125,44.76
38164,-22.857473373413086,15.998161315917969,-105315.77602101,800,0.001,85052000.0,93,9515,408,9553.923828125,53.59
38344,-21.098804473876953,16.154878616333008,-106201.43969497,804,0.001,41179228.0,93,9560,410,10023.3486328125,53.82
38392,-22.223770141601562,16.19564437866211,-103638.77731454,808,0.001,67335968.0,93,9572,411,10352.658203125,51.65
38548,-21.146575927734375,16.32761573791504,-104267.17962382003,812,0.001,63375848.0,93,9611,412,8114.7216796875,50.1
38752,-21.67178726196289,16.500057220458984,-105675.96428914998,816,0.001,105917960.0,93,9662,415,10986.1484375,49.89
38812,-22.957561492919922,16.552640914916992,-106477.22421526,820,0.001,77587936.0,93,9677,415,9009.06640625,49.5
38928,-22.53942108154297,16.660030364990234,-106448.93960295997,824,0.001,106055216.0,93,9706,417,10365.5146484375,47.45
39156,-22.976558685302734,16.866361618041992,-106159.16918508003,828,0.001,63884536.0,93,9763,419,12072.337890625,48.86
39360,-21.787445068359375,17.05303955078125,-105703.13496804,832,0.001,26304220.0,93,9814,422,11723.9140625,49.97
39848,-20.971755981445312,17.491613388061523,-111308.64135735002,836,0.001,128035200.0,93,9936,427,10847.142578125,55.58
40236,-22.19611930847168,17.859577178955078,-109920.67630737,840,0.001,112094056.0,93,10033,431,8947.2080078125,58.26
40376,-21.332889556884766,17.984724044799805,-109972.76202618997,844,0.001,83825712.0,93,10068,433,10144.48046875,58.41
40500,-21.419692993164062,18.11019515991211,-109506.81704050997,848,0.001,84619520.0,93,10099,434,12269.4599609375,58.82
40792,-21.896881103515625,18.393505096435547,-109381.73011863,852,0.001,53106184.0,93,10172,438,9643.15234375,59.92
40968,-19.618045806884766,18.56746482849121,-109438.69954375,856,0.001,26826364.0,93,10216,440,9523.5107421875,59.32
41172,-19.876651763916016,18.75663185119629,-109425.76443817999,860,0.001,104450048.0,93,10267,442,10579.703125,58.35
41320,-20.892414093017578,18.891626358032227,-109897.14994350002,864,0.001,29537360.0,93,10304,444,10515.6787109375,58.93
41544,-19.865367889404297,19.110483169555664,-110144.43571986003,868,0.001,54943988.0,92,10360,446,11208.0888671875,59.38
41640,-20.93374252319336,19.202489852905273,-110620.53898854,872,0.001,25981388.0,92,10384,447,12542.068359375,59.99
41828,-21.159900665283203,19.38028907775879,-111230.57368842,876,0.001,65329712.0,92,10431,450,9922.6796875,60.56
41916,-21.211883544921875,19.47812271118164,-111755.79439610001,880,0.001,63100928.0,92,10453,451,9468.3837890625,60.66
42212,-18.676502227783203,19.764339447021484,-112612.10381876997,884,0.001,47855832.0,92,10527,454,9984.19140625,61.2
42428,-19.549766540527344,19.97736930847168,-112065.06036053997,888,0.001,71707080.0,92,10581,456,10294.521484375,60.67
42732,-20.561031341552734,20.291797637939453,-113411.68637004998,892,0.001,47739120.0,92,10657,460,10368.005859375,60.03
43052,-19.814260482788086,20.617027282714844,-113608.76590741,896,0.001,34600060.0,92,10737,464,6451.42236328125,59.97
43276,-19.6038818359375,20.859392166137695,-111679.37082489,900,0.001,75788248.0,92,10793,465,7391.7841796875,52.89
43388,-19.913341522216797,20.973278045654297,-110709.64059719998,904,0.001,44996752.0,92,10821,466,10030.56640625,53.19
43656,-21.32891845703125,21.268800735473633,-109218.28143800999,908,0.001,38549336.0,93,10888,468,9811.126953125,52.8
43920,-20.840959548950195,21.559036254882812,-110070.93679901997,912,0.001,64593552.0,93,10954,471,10949.1142578125,53.39
44196,-19.55885124206543,21.865966796875,-108717.47616022998,916,0.001,85292544.0,93,11023,473,10683.6064453125,53.78
44396,-18.894989013671875,22.07794761657715,-108443.69553068998,920,0.001,107222528.0,93,11073,475,9109.421875,55.86
44648,-18.499692916870117,22.35590362548828,-110479.41064733,924,0.001,61879292.0,93,11136,477,9942.087890625,58.87
44840,-19.436986923217773,22.559734344482422,-110839.73920729998,928,0.001,62551464.0,93,11184,478,10363.3125,59.75
44988,-17.734220504760742,22.725263595581055,-111298.17303337,932,0.001,73464064.0,93,11221,479,10907.8583984375,60.02
45236,-18.721052169799805,22.98473358154297,-106263.58014870001,936,0.001,75354360.0,93,11283,481,9635.634765625,55.69
45324,-18.086517333984375,23.090343475341797,-107881.92273055002,940,0.001,35938252.0,93,11305,482,10857.5859375,51.57
45428,-18.18223762512207,23.196556091308594,-106141.54371496003,944,0.001,62316776.0,94,11331,483,10912.83203125,49.84
45628,-19.7974853515625,23.42952537536621,-106407.17025134001,948,0.001,55027096.0,94,11381,484,8054.19482421875,50.82
45912,-19.316221237182617,23.772483825683594,-106143.82492831002,952,0.001,111089176.0,94,11452,486,11357.3330078125,50.39
46116,-18.83725357055664,24.019067764282227,-105479.54630709,956,0.001,58207032.0,94,11503,488,8073.2021484375,50.98
46412,-17.894237518310547,24.357402801513672,-105911.78666797,960,0.001,34925136.0,94,11577,490,8523.87890625,51.65
46504,-17.454830169677734,24.469770431518555,-105619.62977308001,964,0.001,69483096.0,94,11600,491,10246.94140625,53.59
46796,-18.808975219726562,24.809276580810547,-105639.96225315002,968,0.001,135542080.0,94,11673,494,9457.8515625,52.43
46996,-20.17315673828125,25.07114601135254,-105429.17826391,972,0.001,64398552.0,94,11723,495,8881.6025390625,52.16
47108,-17.680526733398438,25.21366310119629,-105004.51055506998,976,0.001,121677024.0,94,11751,496,8227.3271484375,51.43
47280,-17.101680755615234,25.439483642578125,-104709.51790276999,980,0.001,44465912.0,94,11794,498,11427.63671875,53.28
47536,-17.87816047668457,25.736692428588867,-103522.09874301002,984,0.001,161668208.0,95,11858,500,10523.4130859375,53.57
47840,-16.62827491760254,26.086149215698242,-102417.46452246999,988,0.001,41430008.0,95,11934,502,9808.7412109375,52.8
48020,-15.86574935913086,26.289203643798828,-99439.39131347001,992,0.001,118050288.0,95,11979,504,8594.64453125,51.36
48220,-15.256753921508789,26.5213623046875,-98794.92897606002,996,0.001,104599880.0,95,12029,506,7860.57763671875,50.43
48332,-15.311746597290039,26.64422035217285,-97972.59986060999,1000,0.001,92674848.0,95,12057,507,7961.376953125,50.94
48432,-15.88332748413086,26.76776885986328,-98176.89104783999,1004,0.001,111654704.0,95,12082,508,9421.8388671875,50.43
48564,-15.622206687927246,26.919084548950195,-98560.18684305,1008,0.001,192280464.0,95,12115,509,9887.0341796875,50.0
49260,-17.277944564819336,27.74553108215332,-112150.26635174,1012,0.001,54435000.0,95,12289,515,7854.2412109375,53.24
49436,-15.85888671875,27.958049774169922,-122692.22931341,1016,0.001,59606160.0,95,12333,516,9072.3046875,54.58
49652,-14.538497924804688,28.222373962402344,-121811.84434242,1020,0.001,92684352.0,95,12387,518,8074.05029296875,52.34
50028,-14.921769142150879,28.68904685974121,-119958.76074684999,1024,0.001,51052928.0,95,12481,521,9675.9453125,50.85
50284,-15.672599792480469,29.001691818237305,-119749.58062508999,1028,0.001,68194552.0,95,12545,524,7060.87451171875,50.18
50632,-15.134824752807617,29.434545516967773,-119517.56487031002,1032,0.001,90947472.0,96,12632,527,9255.5556640625,51.02
50780,-13.882455825805664,29.618179321289062,-118741.86371966999,1036,0.001,172806528.0,96,12669,528,9335.1767578125,50.64
50924,-14.742654800415039,29.797449111938477,-118440.19518523998,1040,0.001,73402736.0,96,12705,529,9663.697265625,50.31
51028,-14.811120986938477,29.93195915222168,-119071.48015691001,1044,0.001,64994232.0,96,12731,530,9468.599609375,51.66
51148,-14.654359817504883,30.079227447509766,-122691.24647104001,1048,0.001,78560608.0,96,12761,531,12002.0,55.52
51436,-15.078081130981445,30.45203971862793,-122432.4839836,1052,0.001,70652528.0,96,12833,533,10036.326171875,55.45
51748,-16.11005401611328,30.867130279541016,-122631.87847332,1056,0.001,48919776.0,96,12911,536,7374.779296875,55.23
52144,-14.716373443603516,31.422561645507812,-123065.26018914,1060,0.001,156079200.0,96,13010,539,10092.3671875,56.12
52464,-14.347450256347656,31.86301040649414,-125124.71525375,1064,0.001,62905268.0,96,13090,542,8223.552734375,56.52
52664,-15.690373420715332,32.11991500854492,-126067.41066991,1068,0.001,92616920.0,96,13140,544,7531.75,57.43
53016,-15.72589111328125,32.59532165527344,-125904.90303187999,1072,0.001,51855492.0,96,13228,547,9296.935546875,57.78
53164,-14.567815780639648,32.789676666259766,-125838.68875446002,1076,0.001,60072736.0,96,13265,548,11052.89453125,58.71
53328,-14.271893501281738,33.02090835571289,-131476.15158921,1080,0.001,64507080.0,96,13306,549,9739.634765625,60.62
53628,-13.168636322021484,33.44778823852539,-131649.16450980998,1084,0.001,94826432.0,97,13381,552,10373.830078125,61.1
53732,-14.507862091064453,33.580718994140625,-131671.28153275003,1088,0.001,99940520.0,97,13407,553,10049.4794921875,61.01
54072,-14.805923461914062,34.070186614990234,-131685.45612208,1092,0.001,70841600.0,97,13492,556,10146.4609375,61.31
54204,-12.798894882202148,34.25202941894531,-131223.66074483,1096,0.001,49497144.0,97,13525,557,8131.0009765625,62.28
54348,-13.361035346984863,34.450355529785156,-130609.62680533002,1100,0.001,117287768.0,97,13561,558,9606.8330078125,59.67
54528,-13.43452262878418,34.7094612121582,-129818.63509902003,1104,0.001,59653876.0,97,13606,560,7545.1494140625,60.14
54640,-13.248430252075195,34.8652458190918,-129692.12171549002,1108,0.001,42475336.0,97,13634,561,9845.9189453125,59.59
54748,-13.750368118286133,35.02006912231445,-114781.70773997,1112,0.001,45426428.0,97,13661,562,8589.3095703125,57.34
54880,-13.630536079406738,35.211204528808594,-104480.85426260001,1116,0.001,78974848.0,97,13694,563,9954.76171875,55.42
54988,-13.226552963256836,35.37242126464844,-105064.12080337999,1120,0.001,58427836.0,97,13721,564,9434.6875,55.33
55184,-14.684086799621582,35.659271240234375,-104580.77736122,1124,0.001,84096896.0,97,13770,565,9114.75,54.33
55376,-9.78884220123291,35.942840576171875,-104607.3695694,1128,0.001,116806960.0,97,13818,567,8496.4853515625,54.65
55432,-12.560931205749512,36.026493072509766,-104832.48571515002,1132,0.001,35965832.0,97,13832,567,7883.03466796875,52.28
55516,-12.579511642456055,36.14203643798828,-105287.32401694002,1136,0.001,144921248.0,97,13853,568,10259.771484375,52.78
55544,-11.309820175170898,36.175235748291016,-105393.1715745,1140,0.001,60642588.0,97,13860,568,7729.95361328125,52.4
55684,-10.45276165008545,36.371402740478516,-104838.6638786,1144,0.001,66629224.0,97,13895,570,8509.203125,51.03
55720,-11.579082489013672,36.41982650756836,-101548.56018590002,1148,0.001,47775832.0,97,13904,570,9876.1513671875,45.87
55896,-13.252326965332031,36.66317367553711,-102085.35714508,1152,0.001,102699520.0,97,13948,571,9360.7138671875,45.18
55944,-11.038700103759766,36.72746658325195,-101921.40728690001,1156,0.001,57250244.0,97,13960,572,10532.25,44.44
56412,-13.02897834777832,37.38351058959961,-101624.36501171999,1160,0.001,74811792.0,97,14077,576,8602.58203125,44.42
56568,-12.853592872619629,37.61115646362305,-100112.42540200999,1164,0.001,93918040.0,97,14116,577,9125.580078125,43.64
56740,-12.338788986206055,37.85626983642578,-99586.85018577,1168,0.001,84939528.0,97,14159,579,10174.73046875,42.61
56888,-13.977228164672852,38.07073211669922,-99527.18901581997,1172,0.001,50827276.0,97,14196,580,11250.880859375,42.8
57072,-13.298027038574219,38.372764587402344,-99737.024233,1176,0.001,41843552.0,98,14242,581,9313.216796875,42.24
57204,-11.712578773498535,38.5837287902832,-93970.27385264999,1180,0.001,80806840.0,98,14275,583,8820.626953125,38.43
57324,-11.101689338684082,38.763248443603516,-93984.72232032001,1184,0.001,107261040.0,98,14305,584,10431.03515625,37.46
57632,-12.711881637573242,39.23114776611328,-93791.76497901,1188,0.001,58132388.0,98,14382,586,7737.16943359375,37.64
57836,-11.389785766601562,39.559932708740234,-93476.67170622,1192,0.001,95697600.0,98,14433,588,8694.154296875,37.75
58008,-11.319917678833008,39.8366813659668,-93537.88978827001,1196,0.001,71829616.0,98,14476,589,8250.0693359375,37.82
58104,-12.747835159301758,39.985477447509766,-93529.85636096999,1200,0.001,26865204.0,98,14500,590,9771.1953125,37.99
58420,-10.737262725830078,40.476585388183594,-93552.17213246999,1204,0.001,60266656.0,98,14579,592,10159.025390625,37.97
58752,-10.80860710144043,40.97278594970703,-93351.15059820999,1208,0.001,41764448.0,98,14662,594,9656.767578125,40.67
58952,-10.97616195678711,41.25992202758789,-94313.45989693998,1212,0.001,85047648.0,98,14712,596,9153.044921875,41.8
59108,-11.634698867797852,41.49872589111328,-94305.62400498001,1216,0.001,115068104.0,98,14751,597,9243.333984375,42.62
59348,-11.343084335327148,41.88632583618164,-93977.39194522002,1220,0.001,94146848.0,98,14811,599,8754.65625,43.23
59920,-10.191466331481934,42.8306770324707,-94408.86631452004,1224,0.001,83708568.0,99,14954,604,7757.8876953125,44.13
60356,-8.694197654724121,43.463565826416016,-95498.66170721002,1228,0.001,46631928.0,99,15063,608,11741.529296875,47.09
60668,-10.243059158325195,43.912681579589844,-95556.25543835001,1232,0.001,57648600.0,99,15141,611,8200.9140625,49.26
60892,-9.66437816619873,44.24866485595703,-114664.81455467001,1236,0.001,85427024.0,99,15197,613,8642.318359375,53.04
61088,-9.491646766662598,44.52492141723633,-114877.62923777002,1240,0.001,62301996.0,99,15246,614,9094.2763671875,55.09
61208,-8.607004165649414,44.706382751464844,-114700.34012233002,1244,0.001,40133368.0,99,15276,615,9378.947265625,56.05
61424,-8.983935356140137,45.02684783935547,-114152.86718771003,1248,0.001,29888420.0,99,15330,617,9023.216796875,56.99
61852,-8.407637596130371,45.676231384277344,-113810.73193734001,1252,0.001,84283344.0,99,15437,623,8176.978515625,59.11
62008,-8.901692390441895,45.90667724609375,-114072.09787671,1256,0.001,100021376.0,99,15476,625,8759.6484375,60.23
62216,-8.818150520324707,46.230228424072266,-114462.92217831,1260,0.001,57286148.0,99,15528,627,11871.509765625,59.32
62428,-7.370216369628906,46.55427551269531,-114095.50750413998,1264,0.001,55658196.0,99,15581,628,9777.3740234375,58.87
62636,-10.105161666870117,46.823246002197266,-113472.14158192997,1268,0.001,85152592.0,99,15633,630,10456.169921875,59.26
62852,-7.161316871643066,47.13782501220703,-113419.57734490998,1272,0.001,31524398.0,99,15687,632,10298.109375,59.02
62988,-6.828907489776611,47.326637268066406,-113119.78091988,1276,0.001,54975728.0,99,15721,633,10211.33984375,59.25
63204,-6.279263496398926,47.57223892211914,-112628.01419577998,1280,0.001,71707424.0,99,15775,635,9179.53125,59.34
63508,-6.162605285644531,47.90860366821289,-112241.00078304001,1284,0.001,69091376.0,99,15851,637,10486.021484375,60.61
63696,-8.101734161376953,48.15517044067383,-112092.93845383002,1288,0.001,74415568.0,99,15898,639,9439.3037109375,61.16
63840,-8.484725952148438,48.35836410522461,-112519.64482044001,1292,0.001,43711476.0,99,15934,640,7671.3720703125,60.77
64000,-7.4612507820129395,48.59112548828125,-112655.38054329997,1296,0.001,119166432.0,99,15974,642,9935.853515625,60.2
64168,-8.435344696044922,48.82673263549805,-112993.59826315002,1300,0.001,47921420.0,99,16016,643,9661.0888671875,60.48
64404,-8.315675735473633,49.18975830078125,-114401.99844526,1304,0.001,41255000.0,99,16075,645,11238.220703125,60.98
64500,-7.600350856781006,49.345523834228516,-114890.81807037002,1308,0.001,93623408.0,99,16099,646,10089.4296875,58.57
64696,-8.470935821533203,49.6541748046875,-113996.58447134001,1312,0.001,46935720.0,99,16148,648,8196.0810546875,55.72
64780,-11.44417667388916,49.79892349243164,-114409.03048906002,1316,0.001,142310752.0,99,16169,649,8875.3837890625,56.23
64932,-9.95512580871582,50.08326721191406,-114560.50297193999,1320,0.001,196381536.0,99,16207,650,7921.2177734375,56.46
65188,-7.294158935546875,50.52586364746094,-114403.95117057,1324,0.001,100058344.0,99,16271,653,11802.185546875,55.13
65648,-5.601478576660156,51.14840316772461,-113475.54246042,1328,0.001,87459008.0,99,16386,657,9340.7861328125,53.3
65888,-7.453179836273193,51.45515060424805,-113795.25082576,1332,0.001,96640536.0,99,16446,659,9761.2041015625,53.69
66588,-6.713266372680664,52.42985534667969,-95815.78696435998,1336,0.001,64968572.0,99,16621,666,9803.50390625,53.5
67072,-7.169501304626465,53.097171783447266,-95352.65239088,1340,0.001,69089736.0,99,16742,670,10434.609375,56.92
67356,-6.107275009155273,53.59235382080078,-95224.47795182998,1344,0.001,53834776.0,100,16813,673,10410.4521484375,57.0
67700,-4.548228740692139,54.136619567871094,-95036.12776698999,1348,0.001,51717172.0,100,16899,676,9535.58984375,58.18
68260,-5.3483171463012695,54.88954544067383,-95614.80513191002,1352,0.001,107537392.0,100,17039,681,9004.80859375,62.74
68328,-5.7764129638671875,54.97221374511719,-95579.99801499,1356,0.001,77917648.0,100,17056,682,8029.5068359375,61.91
68396,-6.80972957611084,55.04956817626953,-95271.69923263999,1360,0.001,69065488.0,100,17073,682,8436.45703125,60.56
68464,-5.9402313232421875,55.151512145996094,-95302.88704133999,1364,0.001,77308064.0,100,17090,683,8100.2216796875,60.18
68840,-4.534883499145508,55.712764739990234,-96589.41036056001,1368,0.001,142642752.0,100,17184,686,10962.037109375,60.88
69200,-4.666901111602783,56.211181640625,-99144.27012412997,1372,0.001,85121792.0,100,17274,689,12190.0009765625,62.74
69604,-5.680510520935059,56.73617935180664,-99618.53080578998,1376,0.001,48202284.0,100,17375,692,11718.443359375,63.52
69716,-7.111999988555908,56.89369201660156,-99944.91884388,1380,0.001,38628908.0,100,17403,693,10029.0751953125,65.77
69984,-6.10669469833374,57.336219787597656,-100069.83736216002,1384,0.001,52420896.0,100,17470,696,10628.3310546875,64.71
70348,-4.132291793823242,57.82524490356445,-100188.19627843998,1388,0.001,78266144.0,100,17561,699,10303.001953125,64.2
70800,-0.6770020723342896,58.21542739868164,-100429.06115898998,1392,0.001,89086624.0,100,17674,702,12794.7529296875,67.96
71144,-2.8899269104003906,58.43502426147461,-100680.67276203999,1396,0.001,48562504.0,100,17760,705,8310.986328125,70.91
71352,-1.4354662895202637,58.60392761230469,-100752.55527521997,1400,0.001,59954460.0,100,17812,707,10939.650390625,71.01
71960,-2.0983028411865234,59.028934478759766,-100607.26719148997,1404,0.001,127389576.0,100,17964,712,10096.029296875,72.54
72380,-1.7595226764678955,59.37273406982422,-100477.34541722998,1408,0.001,119804088.0,101,18069,716,9902.859375,74.49
72924,-3.6476688385009766,59.78221893310547,-99956.53225175003,1412,0.001,111701944.0,101,18205,721,8917.220703125,76.29
73144,-1.6286002397537231,59.930118560791016,-113639.43397009,1416,0.001,91752912.0,101,18260,723,7034.5224609375,79.68
73464,-1.7051167488098145,60.097869873046875,-128048.90872645001,1420,0.001,45817468.0,101,18340,726,10431.783203125,83.67
73736,-3.743638753890991,60.25667190551758,-127617.49841138002,1424,0.001,36665128.0,101,18408,728,9729.646484375,84.01
73976,-3.017639636993408,60.4699821472168,-127742.51964462001,1428,0.001,75727264.0,101,18468,731,10876.10546875,82.83
74376,-1.884307622909546,60.84442901611328,-129058.95492279,1432,0.001,41637344.0,101,18568,735,9849.4931640625,83.5
74564,-1.8451026678085327,60.991703033447266,-128462.37394598,1436,0.001,89874864.0,101,18615,736,10803.904296875,79.2
74764,-1.948599100112915,61.14064025878906,-128950.00586097002,1440,0.001,121149936.0,101,18665,738,9811.935546875,76.14
75088,-2.155876636505127,61.4112663269043,-128824.78455018,1444,0.001,68045032.0,101,18746,741,9115.5380859375,76.66
75260,-1.9128429889678955,61.56827926635742,-129105.98674397997,1448,0.001,105402576.0,101,18789,742,11058.171875,74.95
75448,-3.073315143585205,61.74276351928711,-132168.90833000996,1452,0.001,100711304.0,101,18836,744,12617.099609375,74.07
75588,-4.5866217613220215,61.885009765625,-131657.04370737998,1456,0.001,48584864.0,101,18871,745,12002.3115234375,73.94
75684,-3.1156630516052246,61.99709701538086,-131452.93335759,1460,0.001,48278928.0,101,18895,746,12268.17578125,74.84
75880,-2.480597972869873,62.23722457885742,-131083.98058666,1464,0.001,43190072.0,101,18944,747,10865.3125,74.0
76136,-0.9284632205963135,62.457698822021484,-130196.03132730997,1468,0.001,72619480.0,101,19008,749,11561.064453125,73.42
76212,-2.1266303062438965,62.50533676147461,-127703.66445494998,1472,0.001,57310948.0,101,19027,750,10029.107421875,71.59
76544,-1.0280570983886719,62.68313980102539,-127155.98081097999,1476,0.001,58542728.0,101,19110,753,9634.1845703125,70.49
76728,-1.0179011821746826,62.798561096191406,-126959.87891351004,1480,0.001,50856472.0,101,19156,754,11968.7421875,69.9
77408,-1.4904056787490845,63.2247314453125,-127621.22510967997,1484,0.001,98647728.0,101,19326,760,10885.111328125,71.61
77648,-1.4521167278289795,63.33378601074219,-128876.20790969001,1488,0.001,78892704.0,101,19386,762,10405.5576171875,74.06
77776,-2.2515769004821777,63.40694046020508,-128601.757742,1492,0.001,139218208.0,101,19418,763,11157.201171875,72.1
77960,-2.2627997398376465,63.564598083496094,-128530.63870214,1496,0.001,35031312.0,101,19464,764,8660.9443359375,68.63
78132,-4.2109575271606445,63.74519729614258,-128848.36405799999,1500,0.001,48094416.0,102,19507,765,8082.80029296875,68.39
78252,-1.629247784614563,63.862728118896484,-128532.61034703001,1504,0.001,58921400.0,102,19537,766,9315.4140625,66.55
78460,-0.731217086315155,64.00119018554688,-128531.11688521999,1508,0.001,33320200.0,102,19589,768,9732.908203125,65.21
78800,-3.939105987548828,64.23511505126953,-130744.18692215001,1512,0.001,80808128.0,102,19674,771,11277.5224609375,65.12
78976,-4.404348373413086,64.50023651123047,-118343.11160935,1516,0.001,99817744.0,102,19718,772,13068.9541015625,62.27
79360,0.5098922252655029,64.96468353271484,-104014.40539261,1520,0.001,72368560.0,102,19814,776,10899.796875,58.59
80112,0.40352919697761536,65.3182373046875,-107512.96406687997,1524,0.001,113551304.0,102,20002,782,11008.7119140625,61.79
80924,-0.12162822484970093,65.42053985595703,-109284.41050386001,1528,0.001,25041460.0,102,20205,789,10168.314453125,64.76
81492,-1.3851069211959839,65.86588287353516,-110305.47753775,1532,0.001,43335444.0,102,20347,794,12133.8955078125,70.11
81824,0.8208667039871216,65.86641693115234,-109453.74373869001,1536,0.001,90930256.0,102,20430,796,12225.9482421875,75.6
82016,-1.5230844020843506,65.83674621582031,-109428.23877541002,1540,0.001,47496116.0,102,20478,798,10276.94140625,74.14
82360,-1.224328875541687,65.9247055053711,-109876.01225818999,1544,0.001,77929344.0,102,20564,801,11380.61328125,77.01
82496,-0.5098602771759033,65.95567321777344,-109830.94232116001,1548,0.001,79778304.0,102,20598,802,11956.3154296875,77.4
82840,-1.0867722034454346,66.03844451904297,-105901.94045739002,1552,0.001,55024600.0,102,20684,805,10173.2392578125,72.89
83028,-3.315383195877075,66.17549896240234,-106129.88379960002,1556,0.001,49793148.0,102,20731,806,12005.6376953125,72.79
83296,-3.348020076751709,66.49947357177734,-106090.81187316001,1560,0.001,33363220.0,102,20798,808,10980.3544921875,75.43
83444,-1.6597028970718384,66.6618423461914,-107548.00545791998,1564,0.001,63114664.0,102,20835,810,10544.0556640625,75.79
83708,-1.3670752048492432,66.94651794433594,-108950.73043172,1568,0.001,33075916.0,103,20901,812,10965.5791015625,75.93
84048,-2.3392457962036133,67.2496109008789,-109465.15795615003,1572,0.001,81100800.0,103,20986,815,11315.1015625,76.82
84304,-0.31324857473373413,67.37385559082031,-109774.02844516997,1576,0.001,94362328.0,103,21050,818,10006.462890625,76.96
85392,-1.1251568794250488,67.6527099609375,-110912.28497846,1580,0.001,72186368.0,102,21322,829,10837.9609375,78.03
85744,-0.6540135145187378,67.85430908203125,-113633.58284724997,1584,0.001,50213984.0,103,21410,831,11382.548828125,81.32
85904,-1.6016366481781006,67.96074676513672,-110892.62752876003,1588,0.001,71508576.0,103,21450,832,11853.8857421875,84.65
86252,-0.14488786458969116,68.14811706542969,-111336.64987289,1592,0.001,75385976.0,103,21537,835,11870.10546875,83.64
86460,-1.5937645435333252,68.1739273071289,-111504.45599130003,1596,0.001,42945276.0,103,21589,836,12023.037109375,85.04
86744,1.1679519414901733,68.0994873046875,-111153.61874527004,1600,0.001,123540960.0,103,21660,839,11395.6171875,86.08
86880,1.7241379022598267,67.99818420410156,-111038.00074407,1604,0.001,86827264.0,103,21694,840,13276.3046875,85.9
87104,0.9039757251739502,67.83596801757812,-110390.86045363,1608,0.001,52856000.0,103,21750,841,11237.2138671875,86.39
87264,-0.10928839445114136,67.71800231933594,-108482.13231194999,1612,0.001,38202320.0,103,21790,842,11005.453125,85.88
87480,0.627583920955658,67.55303955078125,-106303.19517582998,1616,0.001,54735944.0,103,21844,844,11002.9248046875,85.55
87812,-0.005814075469970703,67.47561645507812,-106058.7371218,1620,0.001,67395888.0,103,21927,847,12073.65625,85.49
88024,-1.6486115455627441,67.43791961669922,-103029.2209956,1624,0.001,109642864.0,103,21980,849,12830.384765625,82.62
88420,0.12706366181373596,67.513916015625,-101347.84890063999,1628,0.001,63721852.0,103,22079,852,11369.439453125,80.13
88640,-1.7848539352416992,67.59485626220703,-99337.82699791002,1632,0.001,122750120.0,103,22134,854,12073.6328125,74.15
88836,0.6959366798400879,67.68494415283203,-97903.70056877001,1636,0.001,129005344.0,103,22183,856,11121.8212890625,71.54
89212,0.1309785544872284,67.64000701904297,-97381.28198443,1640,0.001,114364896.0,103,22277,859,12882.142578125,72.48
89456,0.8728011846542358,67.66452026367188,-94973.65762281,1644,0.001,61688952.0,103,22338,862,13022.10546875,70.64
89728,0.19832146167755127,67.75773620605469,-95138.18169201998,1648,0.001,47090304.0,103,22406,864,12689.9462890625,71.33
89892,0.7002979516983032,67.85816192626953,-95679.13980052,1652,0.001,134759232.0,103,22447,865,11074.833984375,71.1
90276,1.6661428213119507,67.85466003417969,-95853.20774167002,1656,0.001,73881920.0,103,22543,869,11059.220703125,71.9
90836,0.8305819034576416,67.5925064086914,-96103.64623393,1660,0.001,23604106.0,103,22683,873,10252.07421875,70.36
92320,0.7865244150161743,66.4462890625,-94574.07173506002,1664,0.001,84542416.0,104,23054,886,11604.0693359375,72.84
92804,2.299736976623535,66.13818359375,-120581.30406062,1668,0.001,104554280.0,104,23175,890,8437.658203125,83.22
93016,-0.843951940536499,66.0025863647461,-120813.23941093998,1672,0.001,61271680.0,104,23228,891,10282.6015625,82.95
93284,1.212073802947998,65.8795166015625,-121160.16949025998,1676,0.001,66065488.0,104,23295,894,12339.19140625,83.21
93748,-2.105715274810791,65.96684265136719,-120922.89167738,1680,0.001,84984024.0,104,23411,898,12077.59375,81.74
93892,-1.2698206901550293,66.13228607177734,-135823.14852377,1684,0.001,25700444.0,104,23447,899,12762.931640625,87.57
94408,2.027047634124756,66.23342895507812,-137459.06040090002,1688,0.001,59192972.0,104,23576,903,12098.7890625,81.75
94720,2.9900758266448975,65.81841278076172,-136959.26155827002,1692,0.001,150267424.0,104,23654,905,13175.587890625,83.45
94996,-0.489656925201416,65.48886108398438,-136976.02554108002,1696,0.001,52461072.0,104,23723,907,10961.4990234375,82.23
95268,-0.1344257891178131,65.53771209716797,-136921.87165556,1700,0.001,75019040.0,104,23791,910,12208.32421875,82.16
95764,0.733994722366333,65.50025177001953,-136466.36090849002,1704,0.001,51970744.0,104,23915,914,12781.23046875,83.85
96052,0.3049321174621582,65.46019744873047,-136494.13915270002,1708,0.001,44085920.0,104,23987,916,11311.9541015625,83.97
97056,-0.7421277165412903,65.31873321533203,-136853.95658141,1712,0.001,97716224.0,104,24238,925,9357.46875,92.46
97324,-0.7033544182777405,65.37366485595703,-137092.44317022,1716,0.001,90596736.0,104,24305,928,9105.5703125,94.83
97700,0.18976634740829468,65.19918060302734,-136763.15860309,1720,0.001,84697016.0,104,24399,931,11178.193359375,94.54
98064,1.6388273239135742,64.9930648803711,-136340.95409392004,1724,0.001,62662900.0,104,24490,934,10535.72265625,100.93
98284,2.201749801635742,64.81165313720703,-135187.96715808,1728,0.001,58545212.0,104,24545,936,10903.037109375,100.81
98440,1.4569522142410278,64.59844970703125,-134397.73286563,1732,0.001,91840768.0,104,24584,937,9079.21875,99.9
98664,3.158024311065674,64.17611694335938,-135535.32166324998,1736,0.001,47996224.0,105,24640,939,10344.4013671875,97.59
98888,0.5939549803733826,63.70900344848633,-135333.14569557,1740,0.001,41450488.0,105,24696,941,11662.1533203125,97.03
99104,0.06650751829147339,63.47224807739258,-137091.81545233,1744,0.001,36694732.0,105,24750,942,11886.1396484375,96.97
99312,0.7500302791595459,63.471885681152344,-136744.31194879004,1748,0.001,46782232.0,105,24802,944,13582.32421875,96.61
99592,1.4221376180648804,63.37961196899414,-136242.39626993,1752,0.001,44211720.0,105,24872,946,14449.7001953125,96.89
99696,1.9185526371002197,63.19375228881836,-135854.95870596002,1756,0.001,133824800.0,105,24898,947,12004.037109375,96.57
99964,3.0862977504730225,62.62810516357422,-135842.50737081002,1760,0.001,91329832.0,105,24965,949,11798.9130859375,95.88
100172,0.8470460176467896,62.285560607910156,-136200.30138308002,1764,0.001,47183788.0,105,25017,951,11155.896484375,93.39
100324,0.07276374101638794,62.09185791015625,-108687.04493571997,1768,0.001,80724264.0,105,25055,952,11418.10546875,83.54
100592,-0.5152386426925659,61.898643493652344,-108809.74369243,1772,0.001,89908328.0,105,25122,955,13211.458984375,82.89
100896,-0.7623471617698669,61.99298858642578,-108856.86568742999,1776,0.001,50370860.0,105,25198,957,13438.1640625,83.33
101276,-0.1333000361919403,62.01525115966797,-108470.37135080001,1780,0.001,72676176.0,105,25293,960,11135.240234375,84.62
101544,2.2240633964538574,61.71315383911133,-90540.66049604,1784,0.001,22985684.0,105,25360,962,12695.78125,75.93
101652,2.532144784927368,61.478328704833984,-90993.63659004,1788,0.001,64040476.0,105,25387,963,10902.00390625,75.78
102128,0.537659764289856,61.07764434814453,-91402.48286116001,1792,0.001,42146136.0,105,25506,967,13417.900390625,74.17
102776,-1.525982141494751,60.92601013183594,-91454.84868577002,1796,0.001,38121456.0,105,25668,973,11237.83203125,76.28
102980,-0.33900171518325806,61.03056716918945,-91773.6063178,1800,0.001,58695544.0,105,25719,975,9592.818359375,77.41
103236,2.3241994380950928,60.881168365478516,-92109.21436641998,1804,0.001,74202480.0,105,25783,977,10844.36328125,76.06
103556,-1.6042972803115845,60.41911315917969,-92379.74391605999,1808,0.001,35272176.0,105,25863,979,14376.1328125,80.38
103856,0.5768221020698547,60.29026794433594,-92054.53507546001,1812,0.001,69134872.0,105,25938,982,10708.5380859375,71.94
104308,-0.07656058669090271,60.19110870361328,-92329.73942738998,1816,0.001,26347576.0,105,26051,986,13300.953125,71.81
104540,0.041762351989746094,60.145545959472656,-92395.13744469,1820,0.001,50653864.0,105,26109,988,13816.5732421875,73.94
104952,0.08581501245498657,60.39082717895508,-92457.76952656999,1824,0.001,55714368.0,105,26212,991,14995.9384765625,66.81
105064,-0.5572853684425354,60.38100814819336,-93288.06584237999,1828,0.001,82907608.0,105,26240,992,12650.1015625,65.18
105172,0.271858811378479,60.42939758300781,-93825.27673428998,1832,0.001,46182632.0,105,26267,993,11648.18359375,63.69
105280,1.0982069969177246,60.47678756713867,-94300.76872694999,1836,0.001,96368024.0,105,26294,994,11814.443359375,62.1
105396,-1.073809027671814,60.48194885253906,-94958.11648621,1840,0.001,72725960.0,105,26323,995,10244.78125,60.67
105456,-0.8663432598114014,60.4771614074707,-95476.09370324001,1844,0.001,62942616.0,105,26338,995,10670.0556640625,61.44
105516,0.20508456230163574,60.482383728027344,-96178.42466034998,1848,0.001,176703904.0,105,26353,996,9884.853515625,58.02
105560,-0.14839386940002441,60.47797393798828,-96889.49637388998,1852,0.001,79453016.0,105,26364,996,11637.1171875,58.28
105644,-0.7367691993713379,60.4649658203125,-97513.329748,1856,0.001,33251744.0,105,26385,997,12447.62890625,56.79
105696,0.809607982635498,60.458133697509766,-97634.30620722001,1860,0.001,48807060.0,105,26398,998,13150.6484375,55.55
106016,-0.9561308026313782,60.54511260986328,-97724.92718032001,1864,0.001,65681816.0,105,26478,1001,11958.17578125,55.36
106104,-0.4770163297653198,60.60923767089844,-97874.64865743999,1868,0.001,34061180.0,105,26500,1002,11539.2509765625,57.44
106188,1.2410509586334229,60.614410400390625,-97418.11013772998,1872,0.001,72234208.0,105,26521,1002,10964.4169921875,56.34
106564,0.8676633238792419,60.314884185791016,-97287.40784845999,1876,0.001,96768576.0,105,26615,1006,11774.501953125,56.98
106768,0.7919332981109619,60.00566864013672,-97107.27952896999,1880,0.001,47478744.0,105,26666,1008,12883.259765625,55.37
107152,0.13800129294395447,59.603580474853516,-97101.49685688,1884,0.001,110230704.0,105,26762,1011,11408.58203125,53.49
107576,0.6798449754714966,59.51707077026367,-97013.86014034998,1888,0.001,52004808.0,106,26868,1014,14581.15625,57.65
108036,0.6744473576545715,59.16585922241211,-96824.08261688001,1892,0.001,70784232.0,106,26983,1018,12189.3193359375,59.33
108356,1.0867371559143066,58.68104934692383,-96352.42389468002,1896,0.001,69484896.0,106,27063,1020,11522.71484375,57.16
108564,0.858176589012146,58.342254638671875,-95930.62873961002,1900,0.001,67096616.0,106,27115,1022,12348.001953125,58.63
108720,1.8702800273895264,58.08590316772461,-95721.92315644998,1904,0.001,95949808.0,106,27154,1023,14076.9580078125,58.2
108908,0.1229231208562851,57.949100494384766,-95497.01085785002,1908,0.001,160158368.0,106,27201,1025,12552.021484375,53.69
109260,0.9911049604415894,57.485774993896484,-95858.00330557,1912,0.001,93781184.0,106,27289,1027,13597.89453125,53.5
109484,1.1477006673812866,57.00644302368164,-95894.76511294,1916,0.001,23905240.0,106,27345,1029,12173.615234375,53.27
109828,-0.27653148770332336,56.42020797729492,-96099.32755189002,1920,0.001,66507280.0,106,27431,1031,11475.60546875,51.42
110152,1.4097771644592285,56.33821105957031,-96212.98224099001,1924,0.001,47324424.0,106,27512,1034,11565.0849609375,52.97
110640,2.4046576023101807,56.10123062133789,-91862.93501879,1928,0.001,74257632.0,106,27634,1038,12582.833984375,57.64
110872,2.2350077629089355,55.73870086669922,-89462.60694069,1932,0.001,48465396.0,106,27692,1040,12518.2685546875,59.79
111076,-0.2557264268398285,55.477439880371094,-89052.57969215,1936,0.001,65714692.0,106,27743,1042,14305.3427734375,60.55
111352,-0.921068549156189,55.302330017089844,-85925.39865583002,1940,0.001,83206944.0,106,27812,1044,13136.2734375,64.56
111576,0.08985896408557892,55.2530632019043,-85558.48973588,1944,0.001,80556496.0,106,27868,1046,13707.259765625,64.33
111796,-2.3383779525756836,55.47905349731445,-86505.40383371999,1948,0.001,106507600.0,106,27923,1049,14768.01953125,67.53
112148,0.6172968745231628,56.02576446533203,-87574.58031842,1952,0.001,57038852.0,106,28011,1052,11809.1259765625,66.62
112372,0.11445805430412292,56.04880142211914,-87303.95878633001,1956,0.001,46336808.0,106,28067,1053,15111.318359375,68.65
112584,-0.05970531702041626,56.03482437133789,-86944.68261080999,1960,0.001,50886868.0,106,28120,1055,13389.87109375,70.79
112756,-0.3284150958061218,56.0953483581543,-86403.59969193001,1964,0.001,28580320.0,106,28163,1056,13419.380859375,71.43
113108,-0.7518825531005859,56.070556640625,-86003.31816411,1968,0.001,66830124.0,106,28251,1059,11471.947265625,68.15
113428,-1.7961721420288086,56.47649002075195,-91299.50661187999,1972,0.001,54219752.0,106,28331,1061,12074.5537109375,70.05
113984,-1.5261139869689941,57.771671295166016,-122568.34085935,1976,0.001,92184224.0,106,28470,1066,14211.5830078125,71.69
114880,1.000734567642212,58.340084075927734,-122410.47234025,1980,0.001,70477792.0,107,28694,1073,13155.78125,72.35
115340,-0.7560587525367737,57.656333923339844,-122386.71444691,1984,0.001,18149796.0,107,28809,1077,12438.0,74.39
115836,1.6147434711456299,57.26018524169922,-119978.9298274,1988,0.001,66936512.0,107,28933,1081,15091.154296875,71.21
116600,0.07194119691848755,56.526573181152344,-119951.98057472,1992,0.001,51245096.0,107,29124,1089,14218.173828125,69.05
117260,-0.11163824796676636,55.99646759033203,-131907.65937717998,1996,0.001,54547168.0,107,29289,1094,13978.17578125,90.22
117464,0.35875096917152405,55.91442108154297,-132505.22208267997,2000,0.001,56215744.0,107,29340,1095,13696.203125,87.49
117876,0.752978503704071,55.70819854736328,-133168.92123822,2004,0.001,102320936.0,107,29443,1099,12368.6513671875,87.96
118260,1.3127455711364746,55.048465728759766,-133723.05128336002,2008,0.001,51354080.0,107,29539,1102,13543.548828125,88.93
118788,-1.0444941520690918,54.77761459350586,-141073.49124318,2012,0.001,29540952.0,107,29671,1106,13224.220703125,91.13
119084,0.571759045124054,54.97370529174805,-140965.18627524,2016,0.001,112619912.0,107,29745,1108,13091.7109375,89.14
119584,0.8963789343833923,54.15401077270508,-140898.40037099,2020,0.001,130351360.0,107,29870,1112,11613.373046875,90.78
119840,-0.6315162181854248,53.80917739868164,-140414.30129829998,2024,0.001,38815532.0,107,29934,1114,13131.0400390625,90.08
120264,0.39955756068229675,53.618045806884766,-142915.46613218996,2028,0.001,44886132.0,107,30040,1117,13713.283203125,89.04
120664,0.07004965841770172,53.58567428588867,-151691.43536668,2032,0.001,40334020.0,107,30140,1121,13564.3271484375,98.26
121144,-0.23428106307983398,53.696617126464844,-152710.86970920998,2036,0.001,85756624.0,107,30260,1126,11763.625,100.48
121416,0.1759522557258606,54.17292785644531,-155617.56186755997,2040,0.001,46564380.0,107,30328,1129,13616.0322265625,98.59
121988,-1.107842206954956,54.71832275390625,-159063.16571019002,2044,0.001,65924520.0,107,30471,1134,14340.5537109375,104.13
122196,-0.9651023745536804,54.912139892578125,-157808.85898932998,2048,0.001,46231592.0,107,30523,1136,12101.564453125,103.19
122572,-0.13318607211112976,54.885414123535156,-156526.96830174004,2052,0.001,76200840.0,107,30617,1138,14906.6123046875,103.13
124264,1.7152045965194702,54.94382858276367,-156519.46542918004,2056,0.001,106623728.0,108,31040,1150,12914.8583984375,104.87
125176,1.989774227142334,55.876468658447266,-156792.4108833,2060,0.001,47687036.0,108,31268,1157,12414.466796875,112.33
125548,1.5710047483444214,54.875572204589844,-156565.81089544,2064,0.001,67576416.0,108,31361,1160,12937.111328125,111.72
126480,-1.474137544631958,54.412567138671875,-166034.60296685,2068,0.001,35190184.0,108,31594,1169,14485.9541015625,131.4
127044,-0.8306484222412109,54.655426025390625,-157306.53498227,2072,0.001,56240948.0,108,31735,1172,12620.212890625,137.79
128548,-0.3260446786880493,52.78664779663086,-135910.82662298,2076,0.001,63908512.0,108,32111,1182,12527.849609375,141.62
129196,0.35579413175582886,53.538475036621094,-152698.30343422,2080,0.001,38114212.0,108,32273,1187,14562.974609375,151.17
129540,-0.7682573795318604,52.68540954589844,-152648.89769716997,2084,0.001,48157632.0,108,32359,1190,13245.279296875,151.09
129896,0.937936544418335,52.26002883911133,-155046.99248835002,2088,0.001,50654744.0,108,32448,1193,14769.9794921875,151.79
130180,-1.154605746269226,52.29104995727539,-154812.03773409,2092,0.001,77342992.0,108,32519,1196,13209.96484375,152.67
130468,-0.33540186285972595,52.740028381347656,-143124.15731783002,2096,0.001,73332368.0,108,32591,1198,15033.9365234375,131.43
130964,-0.4089905321598053,53.23636245727539,-142949.66034541,2100,0.001,64137640.0,108,32715,1202,12297.076171875,131.3
131440,-1.0287787914276123,53.51249313354492,-142561.07971626997,2104,0.001,64941880.0,108,32834,1206,13338.61328125,135.91
131892,1.3528711795806885,53.387962341308594,-139674.49435281998,2108,0.001,40902760.0,109,32947,1209,13876.3818359375,135.98
132176,0.4627748131752014,52.95077896118164,-131036.13767639999,2112,0.001,103279920.0,109,33018,1211,11580.9189453125,134.87
132924,-1.8540043830871582,52.78358840942383,-130932.84360584003,2116,0.001,45308472.0,109,33205,1216,15362.5166015625,134.58
133700,1.960555076599121,52.17569351196289,-130396.77656043999,2120,0.001,20509772.0,109,33399,1225,13703.150390625,132.55
134360,2.0386250019073486,51.738197326660156,-134777.56215723002,2124,0.001,59181512.0,109,33564,1231,14961.4013671875,147.35
134532,0.8649786710739136,51.22879409790039,-134571.63969625003,2128,0.001,33515290.0,109,33607,1232,12986.1953125,152.08
134884,0.6445082426071167,50.772193908691406,-129794.53610877,2132,0.001,74311744.0,109,33695,1235,12363.423828125,141.37
135348,-0.17454376816749573,51.25806427001953,-128981.43370683,2136,0.001,47245172.0,109,33811,1239,11735.0390625,140.17
135936,1.339266061782837,51.250282287597656,-126968.14342921002,2140,0.001,33467876.0,109,33958,1244,12235.0087890625,141.7
137968,0.9938818216323853,51.22965621948242,-124277.25621039,2144,0.001,18431112.0,109,34466,1257,14429.361328125,142.56
138804,0.7641222476959229,50.93145751953125,-130301.17320184998,2148,0.001,46446904.0,109,34675,1265,12993.328125,157.12
138876,0.1931595504283905,51.043174743652344,-130876.65251088001,2152,0.001,49447272.0,109,34693,1265,14380.64453125,155.96
138956,0.021971940994262695,51.17416000366211,-138806.84217599,2156,0.001,63721572.0,109,34713,1266,13762.91796875,162.22
139084,-0.22883740067481995,51.32451629638672,-139229.66832443,2160,0.001,35839144.0,109,34745,1267,11937.3701171875,153.17
141128,0.7029657363891602,49.822471618652344,-139691.10514181003,2164,0.001,70576272.0,110,35256,1280,14274.41796875,156.95
142548,-1.90199613571167,49.082603454589844,-135973.60450887002,2168,0.001,48378868.0,110,35611,1291,14837.607421875,144.38
143292,0.7554563283920288,51.36521911621094,-138844.96719199003,2172,0.001,50550272.0,110,35797,1297,10300.658203125,156.64
143732,-0.3340787887573242,51.18667221069336,-142698.46230189002,2176,0.001,42589000.0,110,35907,1300,13778.037109375,155.65
144240,0.9197170734405518,51.5416259765625,-125866.16346172997,2180,0.001,20262804.0,110,36034,1304,13975.1416015625,148.22
144584,0.23683294653892517,50.96736145019531,-126323.30306427999,2184,0.001,106058560.0,110,36120,1308,12857.52734375,149.06
145412,0.1278766244649887,50.525901794433594,-125857.67003997,2188,0.001,26507034.0,110,36327,1315,13733.1240234375,153.28
146176,1.4634721279144287,48.8979606628418,-125618.02296837998,2192,0.001,150710304.0,110,36518,1321,13361.37109375,154.9
147120,1.7472405433654785,50.23030471801758,-125748.93801181,2196,0.001,112710840.0,110,36754,1329,12267.125,159.87
148000,0.347814679145813,48.01830291748047,-125861.21829640999,2200,0.001,77404560.0,110,36974,1336,13054.1328125,162.28
148452,-0.958017110824585,47.418155670166016,-125045.45775325,2204,0.001,47067068.0,110,37087,1340,14418.0693359375,168.7
149240,-1.174259066581726,48.88630294799805,-127476.58337901,2208,0.001,41459088.0,110,37284,1346,11898.857421875,176.89
149980,-0.9647512435913086,49.04944610595703,-128944.47789696998,2212,0.001,42092808.0,110,37469,1351,13022.18359375,179.89
150112,0.35532233119010925,49.28527069091797,-129341.85077774999,2216,0.001,20568378.0,110,37502,1352,15635.4287109375,178.47
150316,-0.15511557459831238,49.35159683227539,-130678.03350462002,2220,0.001,97094000.0,111,37553,1354,11418.45703125,182.22
151184,1.9348862171173096,48.03703689575195,-126908.87903341,2224,0.001,62727448.0,111,37770,1360,12537.083984375,167.67
153164,2.243533134460449,48.16474533081055,-133279.06651637002,2228,0.001,39368864.0,111,38265,1373,12591.0458984375,179.35
153600,0.8816750049591064,46.28932571411133,-132991.83456447002,2232,0.001,73051936.0,111,38374,1376,10397.208984375,179.65
153764,0.5004426836967468,45.6239128112793,-133013.55609887998,2236,0.001,65324808.0,111,38415,1377,13387.4658203125,178.49
154036,-1.1735172271728516,45.78117752075195,-135087.57403842,2240,0.001,48417448.0,111,38483,1380,13323.845703125,175.44
154312,0.905830442905426,46.39457321166992,-134654.45491977,2244,0.001,19399988.0,111,38552,1382,10933.857421875,172.96
154584,-0.5582296848297119,46.15092849731445,-128832.60967386,2248,0.001,53160244.0,111,38620,1384,11457.609375,157.11
155480,-1.5699670314788818,48.28579330444336,-128165.5782072,2252,0.001,23298340.0,111,38844,1390,12274.51953125,170.59
156900,0.11958621442317963,47.75092697143555,-120426.23160351,2256,0.001,16417615.0,112,39199,1400,13062.96875,172.94
157592,0.7426406741142273,47.52401351928711,-119878.07142340997,2260,0.001,38416824.0,112,39372,1405,13522.318359375,176.05
157988,0.6948772668838501,46.288265228271484,-120037.00194169999,2264,0.001,27009512.0,112,39471,1408,14724.58984375,176.67
158528,2.3347549438476562,44.403053283691406,-114239.12682347001,2268,0.001,81331200.0,112,39606,1411,13251.8271484375,171.81
158872,1.2460604906082153,43.0345573425293,-114544.38458783999,2272,0.001,46886216.0,112,39692,1414,10213.5732421875,153.58
159480,-0.8056426048278809,42.32987976074219,-100745.72753781,2276,0.001,48797152.0,112,39844,1419,10897.0322265625,159.45
160284,-1.7229746580123901,44.41611862182617,-100985.40035845999,2280,0.001,45527112.0,112,40045,1425,13591.873046875,157.79
161448,-0.171542227268219,44.35538864135742,-100484.09752315999,2284,0.001,60343388.0,112,40336,1434,10840.970703125,157.86
162500,-0.35747718811035156,48.00849151611328,-116662.04039899001,2288,0.001,48164096.0,112,40599,1444,15125.861328125,163.37
162920,1.629971981048584,47.61558532714844,-121003.72410340999,2292,0.001,56877016.0,112,40704,1447,11493.572265625,171.88
163580,0.1867348551750183,44.96673583984375,-121444.8906011,2296,0.001,24394488.0,112,40869,1457,14624.537109375,170.02
164320,-1.2192299365997314,47.01168441772461,-120921.37448425997,2300,0.001,44557984.0,112,41054,1462,11885.9326171875,171.22
164740,-0.22054311633110046,48.142555236816406,-121351.67376625,2304,0.001,46580156.0,112,41159,1465,13420.896484375,163.0
165204,0.5342097878456116,48.08771896362305,-121054.50469896,2308,0.001,45266160.0,112,41275,1469,15814.2333984375,155.31
165412,0.20662441849708557,47.693355560302734,-120564.43286485999,2312,0.001,29090736.0,112,41327,1470,14237.6904296875,152.04
165752,1.2057381868362427,47.36140060424805,-120394.50531460998,2316,0.001,16433779.0,112,41412,1473,11067.533203125,159.18
165900,2.3614022731781006,47.038551330566406,-119586.70448918002,2320,0.001,45573520.0,112,41449,1474,11504.197265625,156.28
166344,0.9548341035842896,45.29220199584961,-118872.02352935002,2324,0.001,79044720.0,112,41560,1478,11382.888671875,156.59
167068,1.566100835800171,43.60120391845703,-111814.54749627,2328,0.001,68317248.0,112,41741,1483,12273.814453125,140.37
167964,0.09566560387611389,44.100563049316406,-111765.11881712997,2332,0.001,60660392.0,112,41965,1489,13438.0126953125,143.49
168700,-1.439612627029419,45.09018325805664,-111252.36356050002,2336,0.001,48567944.0,112,42149,1494,11434.8505859375,149.92
169676,2.037322998046875,44.12233352661133,-114227.86490022001,2340,0.001,16169861.0,112,42393,1501,12528.5107421875,157.67
170176,0.3147575259208679,42.913326263427734,-114132.54385225,2344,0.001,37590864.0,113,42518,1505,11569.3671875,164.88
171260,-0.37239131331443787,42.6980094909668,-114132.98486123,2348,0.001,18665040.0,113,42789,1512,10391.5234375,171.72
171604,-2.0280752182006836,42.93085861206055,-114199.86646116998,2352,0.001,21544128.0,113,42875,1515,13777.9150390625,159.08
171832,0.0045705437660217285,43.89643859863281,-113397.61636277002,2356,0.001,78539312.0,113,42932,1517,11275.333984375,149.77
172312,-0.5720760822296143,45.0301399230957,-144380.14440926,2360,0.001,54450176.0,113,43052,1521,11352.0751953125,154.49
172640,1.52040433883667,45.110355377197266,-143923.1083909,2364,0.001,45083912.0,113,43134,1524,10955.232421875,153.03
173224,-0.9291309118270874,44.63934326171875,-143919.03200682,2368,0.001,34893480.0,113,43280,1529,12190.005859375,152.71
173728,0.6285051107406616,45.10820770263672,-144083.51779089,2372,0.001,13700353.0,113,43406,1533,12325.859375,153.03
174924,-0.11303851008415222,45.85932159423828,-144286.38838298,2376,0.001,75716032.0,113,43705,1542,12290.2841796875,149.91
175268,0.759077787399292,45.539024353027344,-144121.02564217002,2380,0.001,41544360.0,113,43791,1545,12152.6396484375,152.54
175616,-1.2353832721710205,44.95188522338867,-144345.29207579003,2384,0.001,66723168.0,113,43878,1548,12804.154296875,149.92
178280,-0.19956707954406738,46.75484085083008,-128114.48401209,2388,0.001,53332488.0,113,44544,1566,11235.888671875,156.54
178840,0.16731122136116028,46.09060287475586,-124593.16222478001,2392,0.001,41223468.0,113,44684,1570,14639.1123046875,158.93
179972,0.08571428060531616,45.782379150390625,-123921.93272386,2396,0.001,25152376.0,113,44967,1579,15066.3740234375,162.24
180476,-0.3480134606361389,45.65964889526367,-124246.32476334999,2400,0.001,88855824.0,114,45093,1583,14113.505859375,162.34
180808,-0.20353898406028748,45.07906723022461,-125240.62344697,2404,0.001,27641444.0,114,45176,1585,7602.18359375,165.6
180904,0.2342076301574707,44.91497039794922,-125809.59670759,2408,0.001,20403336.0,114,45200,1586,13854.466796875,163.86
181092,0.3712314963340759,45.17389678955078,-126312.76769686,2412,0.001,49583488.0,114,45247,1588,10489.890625,162.26
181560,0.01451575756072998,46.17683410644531,-126411.62932232,2416,0.001,68969624.0,114,45364,1591,10427.5078125,157.45
182620,1.3616293668746948,45.230899810791016,-126468.38969115,2420,0.001,10155444.0,114,45629,1599,11295.142578125,159.35
183780,-0.12532490491867065,44.21584701538086,-126840.65823868003,2424,0.001,47647068.0,114,45919,1608,12639.8193359375,161.26
185284,0.5497537851333618,45.30876922607422,-130592.44229218003,2428,0.001,47121288.0,114,46295,1618,12527.48828125,185.91
185752,0.8478943109512329,44.39630126953125,-131144.45433861,2432,0.001,118819168.0,114,46412,1621,13030.30078125,185.89
186592,-0.3805125951766968,42.40369415283203,-131751.734241,2436,0.001,84906416.0,114,46622,1627,10011.732421875,182.37
187376,0.1814548671245575,42.008323669433594,-128632.38378297,2440,0.001,79640064.0,114,46818,1633,10839.7568359375,179.93
187944,-1.2857089042663574,44.43423843383789,-135281.74549775,2444,0.001,70135848.0,114,46960,1638,10876.685546875,176.2
188356,0.1187332272529602,45.78776168823242,-134930.82190609,2448,0.001,44553636.0,114,47063,1641,12819.1025390625,171.06
188792,1.9681103229522705,45.42426681518555,-142964.81158088997,2452,0.001,42188040.0,114,47172,1644,14266.06640625,176.89
189504,0.41402268409729004,42.60017776489258,-143608.90239672002,2456,0.001,27082364.0,114,47350,1650,12049.451171875,179.69
190140,3.157346248626709,40.67853546142578,-112377.89002149,2460,0.001,46762668.0,114,47509,1655,11594.7998046875,177.9
190524,-0.19552862644195557,39.01283264160156,-112539.71035047,2464,0.001,15106900.0,114,47605,1658,14248.11328125,177.27
191024,-2.8072922229766846,39.24298095703125,-112675.3085358,2468,0.001,89445856.0,114,47730,1662,10246.533203125,175.92
193536,1.7739421129226685,42.18976974487305,-112620.02345860997,2472,0.001,74720032.0,115,48358,1680,11215.583984375,184.72
193808,0.7613970637321472,41.618804931640625,-112500.40900918002,2476,0.001,16421691.0,115,48426,1682,9408.826171875,190.35
194176,-3.066690683364868,42.31433868408203,-109783.22284673002,2480,0.001,103585216.0,115,48518,1685,9318.375,186.66
194320,-1.0228081941604614,43.08881759643555,-109534.11685542,2484,0.001,57255664.0,115,48554,1686,9447.2109375,192.55
194420,0.5271802544593811,43.48086166381836,-109092.11129522997,2488,0.001,22903994.0,115,48579,1686,11096.314453125,173.92
194692,-0.3599475026130676,43.53581237792969,-108043.89801219999,2492,0.001,57962012.0,115,48647,1688,9682.2490234375,159.89
194864,-0.7216432094573975,43.543296813964844,-107729.31357289999,2496,0.001,82413288.0,115,48690,1690,10400.4775390625,154.24
195152,-0.15771004557609558,44.13267517089844,-107165.19552566,2500,0.001,132512208.0,115,48762,1693,12071.4423828125,150.4
195464,0.4365229606628418,43.82542037963867,-103819.87900586001,2504,0.001,17220178.0,115,48840,1695,11649.44921875,145.22
195884,1.0050435066223145,43.2147216796875,-101410.16341681998,2508,0.001,26691560.0,115,48945,1699,11150.30078125,147.44
196328,-0.46578919887542725,41.589542388916016,-101030.16261653001,2512,0.001,16468362.0,115,49056,1702,10935.2578125,149.32
197016,-1.698783278465271,41.852481842041016,-98315.80475135,2516,0.001,79991528.0,115,49228,1707,10998.0732421875,150.4
197948,0.04418322071433067,45.42605209350586,-98449.42472859,2520,0.001,52018944.0,115,49461,1714,11770.8916015625,153.03
198968,1.3177390098571777,42.27103805541992,-98406.46388336999,2524,0.001,50809096.0,115,49716,1720,10160.150390625,159.12
201000,0.07122966647148132,43.11033630371094,-90441.94084486998,2528,0.001,38161212.0,115,50224,1735,10752.54296875,150.14
202640,-0.2467009574174881,44.61775588989258,-90437.31191110998,2532,0.001,83498880.0,115,50634,1747,10760.869140625,163.11
206168,0.661925196647644,41.29608917236328,-92203.64703567002,2536,0.001,127877168.0,116,51516,1774,12857.416015625,187.17
206856,-0.6106507182121277,40.696773529052734,-98368.66943383003,2540,0.001,11181291.0,116,51688,1779,10008.73828125,194.08
207820,0.43876883387565613,41.64537811279297,-101778.15367333998,2544,0.001,20348284.0,116,51929,1785,12262.685546875,200.46
208384,1.055992603302002,41.24210739135742,-101558.10556673001,2548,0.001,61616872.0,116,52070,1790,12429.779296875,204.43
209372,-1.0653526782989502,39.70180130004883,-92899.81445083,2552,0.001,63215936.0,116,52317,1796,9189.3515625,202.58
210964,-1.1348271369934082,43.325260162353516,-92548.11367245,2556,0.001,68722032.0,116,52715,1807,8192.1533203125,204.92
212308,-0.7063659429550171,42.206581115722656,-92025.31867642,2560,0.001,79669760.0,116,53051,1816,12141.275390625,211.24
213676,-0.4031134247779846,40.1536750793457,-95209.41671620002,2564,0.001,40969664.0,116,53393,1828,11961.482421875,224.11
214700,0.5401390194892883,41.39069747924805,-95354.47615913,2568,0.001,37510008.0,116,53649,1835,9192.248046875,229.3
216536,-0.5926254987716675,38.19171905517578,-94293.35442825001,2572,0.001,21346514.0,117,54108,1849,8405.234375,244.0
217240,-1.405221700668335,39.84111022949219,-93853.00682055,2576,0.001,21398520.0,117,54284,1854,10846.994140625,234.73
219396,-0.41503357887268066,41.95623779296875,-96495.55553074,2580,0.001,38297536.0,117,54823,1870,10089.0234375,245.9
220936,-1.5142930746078491,40.55531311035156,-105565.52200418,2584,0.001,38027428.0,117,55208,1883,9218.0361328125,249.61
222260,0.40346139669418335,41.33023452758789,-106561.70266767,2588,0.001,29828308.0,117,55539,1893,9468.669921875,268.91
223020,-0.10137644410133362,39.85104751586914,-107307.77699485002,2592,0.001,45867636.0,117,55729,1899,8865.18359375,271.96
223872,-0.13779926300048828,41.50517654418945,-113188.35334555001,2596,0.001,59737240.0,117,55942,1905,9976.181640625,281.97
224104,0.8681187629699707,41.6618537902832,-113549.95264469998,2600,0.001,15461840.0,117,56000,1907,9228.7138671875,281.54
224368,-0.15170875191688538,41.4371337890625,-122203.62344483998,2604,0.001,40777632.0,117,56066,1909,10507.7333984375,289.98
224640,1.1010993719100952,40.8920783996582,-124116.37026266001,2608,0.001,25483260.0,117,56134,1911,9516.87890625,288.36
225708,0.3178258538246155,39.31881332397461,-124257.21538271003,2612,0.001,38336736.0,117,56401,1919,9078.501953125,288.48
226464,-0.12171930074691772,38.96735763549805,-126928.33285270998,2616,0.001,18539230.0,117,56590,1926,7521.2705078125,295.35
227184,-1.7875603437423706,41.0570182800293,-127052.94056097,2620,0.001,47792904.0,117,56770,1932,11562.6611328125,297.76
228108,0.35165125131607056,41.14198303222656,-126877.62691158002,2624,0.001,45073692.0,117,57001,1939,11931.8046875,293.84
229012,0.688773512840271,39.022830963134766,-131367.43513043,2628,0.001,53071424.0,117,57227,1946,9887.58984375,283.11
229252,-0.08430618047714233,38.56097412109375,-130913.90475720998,2632,0.001,37117728.0,117,57287,1948,9867.65625,268.92
229508,0.28772732615470886,38.54602813720703,-128479.16548890999,2636,0.001,10712182.0,117,57351,1950,9743.9638671875,246.66
229624,-0.43844103813171387,38.52396011352539,-122163.94540476,2640,0.001,34403608.0,117,57380,1951,10579.251953125,235.72
229904,1.218701958656311,38.6733283996582,-112143.61154671999,2644,0.001,10451124.0,117,57450,1953,8505.5576171875,221.16
230600,0.8385746479034424,38.3560905456543,-112594.04007736995,2648,0.001,57433240.0,117,57624,1959,9459.5361328125,218.45
231352,-0.4121284782886505,38.016109466552734,-113531.90397127997,2652,0.001,60832400.0,117,57812,1965,8169.54638671875,220.16
231660,-0.19828280806541443,38.37290954589844,-113926.66772582,2656,0.001,39585524.0,117,57889,1968,12287.142578125,212.79
232812,-0.7195636034011841,40.8643684387207,-114240.40589093,2660,0.001,17424140.0,117,58177,1977,9950.6064453125,205.16
233376,0.5089716911315918,43.08169937133789,-113013.37627120002,2664,0.001,13136303.0,117,58318,1982,8484.4423828125,201.5
234072,0.7533097267150879,43.090457916259766,-113836.10049821,2668,0.001,66678280.0,117,58492,1988,8012.431640625,198.02
236820,-0.4215306043624878,46.583587646484375,-118737.17024866,2672,0.001,9631900.0,117,59179,2009,9676.3974609375,190.59
237708,1.1073079109191895,45.34172058105469,-120974.9527461,2676,0.001,48304840.0,117,59401,2016,9693.5849609375,196.24
238528,0.3924129605293274,41.43901062011719,-121014.99322453998,2680,0.001,28627592.0,117,59606,2022,10307.666015625,186.5
239200,-1.377012848854065,42.01542663574219,-116830.61724670998,2684,0.001,44409936.0,117,59774,2027,11064.9853515625,195.75
240668,0.48615527153015137,42.241943359375,-133566.47837725,2688,0.001,47126648.0,118,60141,2038,10240.3193359375,185.68
241104,1.1266154050827026,41.31960678100586,-133369.07668768,2692,0.001,50401864.0,118,60250,2042,12180.68359375,183.27
241468,1.463117003440857,40.12636184692383,-128374.22614668001,2696,0.001,40890920.0,118,60341,2045,9621.75,177.61
242232,-1.2222641706466675,39.718841552734375,-128250.33660295,2700,0.001,53204712.0,118,60532,2051,8423.271484375,179.5
242904,-0.7540371417999268,39.13017654418945,-122228.49981736002,2704,0.001,21632988.0,118,60700,2057,11442.763671875,182.22
244276,0.9414228200912476,37.65333557128906,-124204.02478368,2708,0.001,63761768.0,118,61043,2067,9396.79296875,186.8
245280,0.1338512897491455,37.108306884765625,-127650.3806492,2712,0.001,15346303.0,118,61294,2076,9548.53515625,193.53
246304,-1.4055757522583008,37.704307556152344,-125273.24584270001,2716,0.001,26211216.0,118,61550,2084,10207.26171875,195.89
248176,1.292457103729248,37.55837631225586,-125041.35239089999,2720,0.001,27847688.0,118,62018,2097,9573.474609375,197.14
249788,-1.1171947717666626,37.37476348876953,-127892.42426934,2724,0.001,82586952.0,118,62421,2109,8743.037109375,212.63
250636,-0.010230913758277893,42.12851333618164,-133491.18758875,2728,0.001,27877044.0,118,62633,2115,6399.10595703125,218.91
252080,1.4641810655593872,40.030113220214844,-145276.23631627997,2732,0.001,27062324.0,118,62994,2127,8450.0244140625,225.61
253884,-1.5522814989089966,41.02304458618164,-146172.61958341996,2736,0.001,19037964.0,118,63445,2141,9283.8056640625,233.56
254588,2.1160888671875,41.23285675048828,-150963.41004611,2740,0.001,29769972.0,118,63621,2147,10088.716796875,248.77
255520,2.826144218444824,37.3350715637207,-148550.51416805998,2744,0.001,24363852.0,118,63854,2156,10007.6484375,252.86
255788,0.9074733257293701,35.90118408203125,-145994.28007357998,2748,0.001,16140394.0,118,63921,2159,8352.455078125,256.18
256212,-0.9389197826385498,35.60993576049805,-145178.66259732997,2752,0.001,32245818.0,118,64027,2163,10461.7041015625,251.21
258556,0.41658514738082886,36.602508544921875,-140783.75322458,2756,0.001,17458092.0,118,64613,2188,9275.044921875,262.36
259552,-0.18907231092453003,37.15938949584961,-140526.45395491002,2760,0.001,23234500.0,118,64862,2196,8350.09765625,269.23
260200,0.05708128213882446,39.98517608642578,-136754.09824672,2764,0.001,35441088.0,118,65024,2202,9122.7958984375,268.8
260812,0.5991531610488892,41.131282806396484,-133699.47087016003,2768,0.001,11212556.0,118,65177,2208,8361.3720703125,269.08
264076,-0.3926718831062317,41.387210845947266,-133555.92523393998,2772,0.001,58901808.0,117,65993,2238,9773.9814453125,269.44
264988,0.7606475353240967,41.8759765625,-138127.15257541,2776,0.001,30293920.0,118,66221,2245,9156.5166015625,283.89
266740,0.033184513449668884,38.87433624267578,-139217.42041952,2780,0.001,40387584.0,117,66659,2261,7683.63525390625,289.58
269108,0.12866131961345673,36.85663604736328,-132780.6891075,2784,0.001,11258673.0,117,67251,2280,8807.236328125,297.22
269808,1.014332890510559,35.830406188964844,-116051.43704031,2788,0.001,34976104.0,117,67426,2286,6549.52685546875,290.67
271416,-0.6005266904830933,36.206058502197266,-116033.54331252998,2792,0.001,53026844.0,118,67828,2299,9957.23046875,300.38
272016,-1.529825210571289,38.32530975341797,-115972.70356509,2796,0.001,18584852.0,118,67978,2304,12126.876953125,295.27
273816,0.06570102274417877,36.76461410522461,-115309.54984562998,2800,0.001,23403942.0,118,68428,2318,13042.361328125,316.9
275196,-0.9753998517990112,36.90116882324219,-110767.10732939001,2804,0.001,28829950.0,118,68773,2329,5819.08447265625,321.4
276664,-0.14407740533351898,37.71164321899414,-101200.70055073999,2808,0.001,22058066.0,118,69140,2341,8458.083984375,321.11
279492,-1.073791742324829,41.528526306152344,-94097.36333718998,2812,0.001,40211372.0,118,69847,2363,10415.439453125,330.53
281968,-1.0063066482543945,34.91217041015625,-96893.29304668999,2816,0.001,33393492.0,118,70466,2384,11096.302734375,353.32
283728,1.0435764789581299,38.13833236694336,-94872.68738103,2820,0.001,11322732.0,118,70906,2400,7473.9541015625,356.82
285520,1.1847591400146484,36.99039077758789,-98974.1526908,2824,0.001,27397580.0,118,71354,2416,7737.517578125,356.62
287680,0.3596596121788025,34.06427001953125,-93107.29636199998,2828,0.001,26702228.0,117,71894,2438,8273.91015625,367.32
291112,1.591554880142212,36.73014831542969,-80656.71107087999,2832,0.001,49592268.0,117,72752,2473,5704.12890625,377.74
292672,0.38711199164390564,36.88991165161133,-85854.78700663001,2836,0.001,14746342.0,117,73142,2490,7006.46435546875,386.13
293808,-2.782489061355591,39.30888748168945,-76793.13156416,2840,0.001,17618284.0,117,73426,2502,9438.638671875,383.7
296976,0.7565709352493286,38.48276138305664,-84258.76110431,2844,0.001,24902984.0,117,74218,2537,6623.82373046875,410.68
299192,-1.0281014442443848,34.50950241088867,-84587.36223554,2848,0.001,10121444.0,116,74772,2561,8276.552734375,419.88
301308,0.690605878829956,34.93400192260742,-83134.24789252001,2852,0.001,137492608.0,116,75301,2584,5813.5927734375,442.36
302428,-0.008793234825134277,32.47872543334961,-87479.16948912998,2856,0.001,22449690.0,116,75581,2596,7428.07763671875,437.74
303904,0.6052989959716797,35.234375,-86347.59134841,2860,0.001,11415522.0,116,75950,2612,6185.818359375,447.33
305028,1.3702340126037598,33.732627868652344,-86263.62873565,2864,0.001,54691736.0,116,76231,2623,7021.9619140625,446.02
307968,-1.9918372631072998,35.372989654541016,-85505.68085898,2868,0.001,27358216.0,116,76966,2653,3924.09130859375,463.78
308724,0.7555707097053528,36.54052734375,-81350.65387551,2872,0.001,35081672.0,115,77155,2662,5329.37744140625,458.13
310224,2.330097198486328,36.072696685791016,-74420.83826671001,2876,0.001,30513562.0,115,77530,2678,8071.21337890625,447.58
311820,1.1473480463027954,33.40691375732422,-69005.00466284,2880,0.001,37516328.0,115,77929,2695,4903.5966796875,454.32
312824,-0.22808754444122314,33.0275764465332,-65686.59178830001,2884,0.001,11819408.0,115,78180,2706,3699.129638671875,430.07
313868,0.6293572783470154,35.9031867980957,-74249.42678185,2888,0.001,58312792.0,115,78441,2717,4775.4921875,440.43
316208,0.4125748872756958,31.646944046020508,-69805.20625488,2892,0.001,35938904.0,115,79026,2743,4323.08447265625,448.81
318052,-0.7648414969444275,31.810338973999023,-67247.66603502,2896,0.001,37175976.0,115,79487,2763,4883.18310546875,462.19
318704,-0.7272320985794067,32.69924545288086,-66602.13613519001,2900,0.001,27334316.0,115,79650,2770,6079.203125,456.8
320008,0.9995294809341431,32.651798248291016,-65158.32964003002,2904,0.001,18421110.0,114,79976,2784,5072.5498046875,449.68
321896,0.3409520089626312,31.701807022094727,-71661.78419218,2908,0.001,44367672.0,114,80448,2805,5430.2060546875,456.25
323592,-0.5638015270233154,32.37351608276367,-69744.31782925,2912,0.001,16358076.0,114,80872,2824,6816.626953125,455.76
327592,-1.5920372009277344,34.57918930053711,-67749.58806635001,2916,0.001,66062340.0,114,81872,2868,4441.3056640625,457.07
328388,-1.1789371967315674,33.90081024169922,-67983.06736482,2920,0.001,12476061.0,114,82071,2877,3224.162109375,457.23
331940,1.1603373289108276,33.75339126586914,-59355.807309300006,2924,0.001,44979884.0,113,82959,2916,4324.6220703125,470.04
335080,0.32472658157348633,34.43463897705078,-55838.94635506,2928,0.001,15742919.0,113,83744,2951,1986.9049072265625,453.03
335592,2.2120795249938965,34.11940383911133,-55188.07912536999,2932,0.001,23906368.0,113,83872,2956,3078.12890625,462.76
337080,-0.3229723572731018,29.616636276245117,-47723.36540251,2936,0.001,33254378.0,113,84244,2973,4127.2529296875,450.51
337924,-0.9704459309577942,31.00898551940918,-44633.45545599999,2940,0.001,16091459.0,113,84455,2982,4156.40625,445.95
341924,-2.2718212604522705,30.790443420410156,-38815.34216914,2944,0.001,23971996.0,112,85455,3028,733.1865844726562,453.56
342252,-1.9003863334655762,32.503787994384766,-41170.60581100999,2948,0.001,37739480.0,112,85537,3032,6017.7861328125,438.89
342444,0.09989093244075775,32.96080780029297,-42773.83498975,2952,0.001,22615148.0,112,85585,3034,4624.64404296875,415.25
344068,-1.1516822576522827,31.905649185180664,-41593.18326887,2956,0.001,14643917.0,112,85991,3051,4499.9951171875,423.49
346708,-1.70308518409729,32.00603485107422,-43063.38082537,2960,0.001,13517873.0,112,86651,3081,3197.1533203125,422.13
350708,0.538520872592926,29.322879791259766,-56077.31187051001,2964,0.001,16373917.0,112,87651,3125,3233.905517578125,441.87
352332,-0.9008710384368896,31.030508041381836,-55981.18351021,2968,0.001,8610381.0,112,88057,3143,4953.08203125,452.94
354384,-0.45338478684425354,31.749937057495117,-49226.19187506,2972,0.001,20336218.0,111,88570,3166,3427.18017578125,452.2
355164,0.37433862686157227,31.787988662719727,-47280.69505702,2976,0.001,34107512.0,111,88765,3174,2620.6708984375,449.9
356736,0.2694978713989258,30.100664138793945,-47627.096474519996,2980,0.001,26438138.0,111,89158,3192,4510.6962890625,444.23
357384,-2.015273094177246,31.356277465820312,-53479.946479009996,2984,0.001,13886298.0,111,89320,3199,3957.155517578125,455.23
361384,2.8448123931884766,34.33370590209961,-41543.48763263,2988,0.001,15523351.0,111,90320,3243,3589.87744140625,474.27
363512,0.22093307971954346,30.082685470581055,-43951.834153699994,2992,0.001,13467915.0,111,90852,3265,1541.765380859375,473.65
365976,1.0070476531982422,32.8681755065918,-47820.27654897,2996,0.001,75291072.0,111,91468,3285,3145.267333984375,476.35
366860,-2.1642675399780273,33.01948165893555,-62898.19437729,3000,0.001,41023656.0,111,91689,3293,636.5972900390625,471.73
368192,-1.3021786212921143,33.15727615356445,-63153.84789167,3004,0.001,36011388.0,111,92022,3304,392.9972839355469,478.7
372096,-0.3585347831249237,33.81902313232422,-61144.11295967,3008,0.001,7105606.0,111,92998,3344,1340.616455078125,497.29
374380,-0.1524534672498703,29.936504364013672,-62689.08791727998,3012,0.001,8655306.0,111,93569,3369,-2418.25830078125,500.96
378224,-0.7109052538871765,30.449134826660156,-62464.73118622,3016,0.001,13586172.0,110,94530,3410,2061.7724609375,495.11
382224,-0.04819071292877197,31.15226936340332,-71587.21600201,3020,0.001,27776700.0,110,95530,3454,-879.8345336914062,514.66
382724,0.32656922936439514,31.120563507080078,-77657.24650181999,3024,0.001,16386924.0,110,95655,3460,-6.945343017578125,510.26
384580,1.0496647357940674,31.824222564697266,-78319.76212423,3028,0.001,37578064.0,110,96119,3480,421.7842712402344,516.75
385744,-1.0466597080230713,31.927459716796875,-76047.01874105,3032,0.001,14132524.0,110,96410,3493,-1541.972412109375,498.01
387920,0.46585559844970703,32.52788162231445,-73840.28380433,3036,0.001,26287922.0,110,96954,3517,2062.53564453125,506.85
388720,1.6484113931655884,33.35953140258789,-74563.48380452,3040,0.001,30306252.0,110,97154,3526,-2599.837158203125,510.03
392720,-0.32074928283691406,33.70064926147461,-71557.83475661,3044,0.001,16848024.0,110,98154,3569,-1980.0882568359375,501.73
395892,1.3459666967391968,31.636199951171875,-74251.04003208001,3048,0.001,31617472.0,109,98947,3604,-1288.912109375,533.03
397924,0.3858798146247864,31.288442611694336,-70326.11683929,3052,0.001,8446793.0,109,99455,3628,-453.2254638671875,551.72
400484,1.106263518333435,28.39310646057129,-70553.09427296,3056,0.001,50396296.0,109,100095,3656,-904.5474243164062,565.57
401400,-0.743272066116333,27.07991600036621,-67072.15681768,3060,0.001,8019414.0,109,100324,3667,-4371.4453125,556.26
402588,1.7260390520095825,29.394079208374023,-56572.678367019995,3064,0.001,12128870.0,109,100621,3681,-3219.12548828125,539.81
403432,-0.4883595108985901,28.75876235961914,-53848.34175437999,3068,0.001,66450928.0,109,100832,3691,-2713.218994140625,512.77
403844,0.31960809230804443,28.810741424560547,-54674.24570986999,3072,0.001,12276170.0,109,100935,3696,-1702.263427734375,504.85
405592,-0.27715104818344116,29.272342681884766,-48860.35813442,3076,0.001,6172305.0,109,101372,3716,-1777.228271484375,502.56
407912,-0.6720306873321533,28.19748878479004,-44631.356716919996,3080,0.001,97347072.0,108,101952,3745,-4871.53955078125,504.27
408788,0.5205472707748413,28.427793502807617,-37130.33226542001,3084,0.001,20526232.0,108,102171,3755,-4341.64453125,507.68
411136,-0.38565683364868164,26.945411682128906,-33861.81572595001,3088,0.001,6710673.0,108,102758,3783,-5150.107421875,497.17
413132,1.5205552577972412,29.40442657470703,-28130.77354443,3092,0.001,7275844.0,108,103257,3807,-5962.03564453125,500.43
414336,-0.13735468685626984,28.064510345458984,-17924.014559360003,3096,0.001,72671136.0,108,103558,3822,-3757.902099609375,493.31
416036,-0.6459288001060486,28.188703536987305,-9784.634947890003,3100,0.001,26074428.0,108,103983,3842,-4890.021484375,498.47
418384,1.251617193222046,30.676071166992188,-9604.45445891,3104,0.001,67503064.0,108,104570,3870,-6417.1376953125,495.52
420064,0.4026535749435425,26.585765838623047,-7599.130126690001,3108,0.001,5546941.5,107,104990,3891,-7152.015625,484.99
420664,0.26421117782592773,26.552642822265625,-2870.8282377800006,3112,0.001,24006902.0,107,105140,3898,-4696.70703125,466.84
421604,-2.064990282058716,29.469654083251953,3296.53693198,3116,0.001,18015302.0,107,105375,3909,-4074.2587890625,449.29
421952,0.5731375217437744,30.236543655395508,19228.01466392,3120,0.001,21365344.0,107,105462,3913,-7175.9404296875,424.26
422656,0.03778316080570221,29.98594856262207,31997.41233604,3124,0.001,7616783.0,107,105638,3922,-10356.896484375,399.7
425556,0.674283504486084,27.798730850219727,33466.74576643,3128,0.001,18035020.0,107,106363,3957,-3377.912841796875,408.89
426116,0.4195130169391632,26.226688385009766,37909.245779879995,3132,0.001,35922200.0,107,106503,3964,-6123.27734375,407.65
426800,-0.564672589302063,26.290729522705078,41301.92796322,3136,0.001,57194472.0,107,106674,3972,-8846.8720703125,395.68
428196,-0.37880197167396545,28.747013092041016,40878.727963590005,3140,0.001,13499196.0,107,107023,3988,-5952.0791015625,394.74
430576,1.545109748840332,29.95515251159668,36261.56472146001,3144,0.001,17395260.0,107,107618,4016,-10131.896484375,378.21
431816,0.5658619999885559,29.31954002380371,40023.46472145001,3148,0.001,111364112.0,107,107928,4032,-4514.416015625,360.19
435816,-1.3967006206512451,29.396770477294922,41998.077090579995,3152,0.001,20660034.0,106,108928,4079,-10600.55078125,369.02
436888,-0.8660701513290405,30.213163375854492,47682.15378800999,3156,0.001,16998442.0,106,109196,4092,-6587.04052734375,367.27
438072,-0.8183937072753906,29.533571243286133,44017.77039561999,3160,0.001,13787042.0,106,109492,4106,-7724.544921875,367.36
440084,-0.056815147399902344,28.057693481445312,49720.47039573,3164,0.001,19681416.0,106,109995,4129,-10323.3671875,373.14
440732,-1.1885168552398682,29.28665542602539,52668.04195219,3168,0.001,13752178.0,106,110157,4137,-7466.4345703125,374.86
441892,2.359100103378296,29.282052993774414,54610.74590762,3172,0.001,31916242.0,106,110447,4150,-6727.6376953125,380.9
442548,0.8593314290046692,28.487506866455078,55174.53726716,3176,0.001,26911980.0,106,110611,4158,-9320.087890625,376.19
444920,-0.38015830516815186,28.14193344116211,54559.43726716001,3180,0.001,17190988.0,106,111204,4187,-8256.66015625,372.46
445944,0.3358902931213379,28.043954849243164,55586.637267160004,3184,0.001,8959528.0,106,111460,4199,-8817.3740234375,373.94
448924,-0.6529554128646851,30.574804306030273,56783.51315788999,3188,0.001,7168439.0,105,112205,4235,-12203.1318359375,371.64
449904,-0.2489745318889618,30.827428817749023,55801.51315788999,3192,0.001,9078044.0,105,112450,4246,-10364.931640625,370.68
452416,0.08175531029701233,26.88424301147461,50409.113157889995,3196,0.001,36119256.0,105,113078,4276,-13122.673828125,377.05
452944,-0.9591507911682129,27.963003158569336,60860.25628392999,3200,0.001,12364592.0,105,113210,4282,-8069.9296875,371.16
454988,-0.12770971655845642,29.9423770904541,61054.69789852,3204,0.001,17193214.0,105,113721,4306,-5541.47802734375,369.17
456972,-0.1835041493177414,28.35623550415039,63343.794921689994,3208,0.001,18954344.0,105,114217,4329,-7544.4306640625,365.77
458308,0.9031147956848145,30.108797073364258,62331.28066858999,3212,0.001,16110584.0,105,114551,4345,-7867.30615234375,375.64
459760,-0.6111477613449097,28.297897338867188,61454.680668589994,3216,0.001,36404776.0,105,114914,4362,-12791.322265625,380.96
460704,-0.8255177140235901,29.44425392150879,39397.380668579994,3220,0.001,17550522.0,105,115150,4373,-13779.1005859375,387.04
462676,-1.4494373798370361,28.339218139648438,37955.98066857,3224,0.001,15912961.0,105,115643,4397,-7757.90087890625,400.2
465056,-0.07365696132183075,29.866281509399414,39721.58066809,3228,0.001,46302144.0,105,116238,4425,-13176.302734375,398.06
465724,-0.044236183166503906,29.975135803222656,39770.08066809,3232,0.001,70823776.0,105,116405,4433,-7832.4814453125,394.49
466280,-0.9977515935897827,29.32136344909668,38201.302291889995,3236,0.001,6316971.0,105,116544,4440,-7019.10205078125,393.49
467172,-1.065234661102295,30.77420997619629,35312.63714287,3240,0.001,20438904.0,104,116767,4450,-14069.064453125,390.32
467624,-0.7020509243011475,31.02890396118164,42858.80802158,3244,0.001,11874832.0,104,116880,4456,-12581.302734375,381.92
469200,1.3792078495025635,26.768375396728516,50265.9888994,3248,0.001,8479308.0,104,117274,4475,-10226.673828125,378.34
470168,-0.459082692861557,24.907665252685547,51682.770672310005,3252,0.001,21674888.0,104,117516,4486,-10970.51953125,359.66
471408,-0.565525233745575,26.71194076538086,52559.55700394001,3256,0.001,16491870.0,104,117826,4501,-15146.1416015625,341.53
472036,-2.403517246246338,28.549896240234375,60450.636343959995,3260,0.001,12504818.0,104,117983,4508,-11493.916015625,341.42
474568,-0.3967316150665283,26.373899459838867,48876.636343959995,3264,0.001,15288700.0,104,118616,4538,-13964.55859375,346.97
475368,-1.2564387321472168,27.637680053710938,49022.43634396,3268,0.001,6632948.0,104,118816,4548,-16469.87109375,344.81
476028,0.7220624089241028,29.38554573059082,49480.33634396,3272,0.001,18493012.0,104,118981,4556,-11104.1162109375,340.05
476756,-2.316723346710205,30.4071102142334,49348.24498431,3276,0.001,19192738.0,104,119163,4564,-15678.830078125,342.41
479624,0.4853534698486328,29.052295684814453,49523.57234906,3280,0.001,64896800.0,104,119880,4598,-13395.736328125,346.72
479784,-0.769218921661377,29.245389938354492,47278.29092085,3284,0.001,17504018.0,104,119920,4600,-13443.544921875,344.6
480764,0.7160705327987671,29.941314697265625,48528.09092085,3288,0.001,33200454.0,104,120165,4612,-15309.6943359375,330.36
481144,0.08384884893894196,29.69572639465332,50603.09092085,3292,0.001,6708318.0,104,120260,4617,-15306.716796875,312.65
481576,-1.4408268928527832,30.204946517944336,56035.59092085,3296,0.001,10612364.0,104,120368,4622,-16264.1552734375,302.99
482948,0.22418898344039917,30.807552337646484,59442.91207567999,3300,0.001,36367912.0,104,120711,4638,-13862.19140625,297.67
483676,0.036464303731918335,30.051523208618164,62325.62334415,3304,0.001,41784172.0,104,120893,4646,-12790.080078125,288.36
484940,-0.4200226962566376,29.548839569091797,62135.057656259996,3308,0.001,5794909.0,104,121209,4661,-16046.8017578125,288.37
485636,-0.48092401027679443,29.4671688079834,62977.60402013,3312,0.001,16325972.0,103,121383,4669,-14396.2158203125,283.61
486236,-0.3563264012336731,29.55877685546875,64956.99216025,3316,0.001,16995596.0,103,121533,4676,-13835.068359375,268.76
486564,1.089390754699707,29.080623626708984,87228.79216025,3320,0.001,6773406.5,103,121615,4680,-16148.7041015625,258.32
487136,0.8793883323669434,29.122100830078125,88760.58453523001,3324,0.001,16634672.0,103,121758,4687,-14806.1708984375,245.45
488184,0.2205762416124344,28.125446319580078,90886.93179769,3328,0.001,5003218.5,103,122020,4699,-16649.611328125,231.37
488864,0.1669437289237976,28.971242904663086,90962.23179769002,3332,0.001,35333864.0,103,122190,4707,-16154.548828125,232.02
489516,-0.7770190238952637,29.910377502441406,94186.22799042001,3336,0.001,12899982.0,103,122353,4715,-18367.421875,229.5
490616,1.2457598447799683,29.47873306274414,96764.55270310999,3340,0.001,10657600.0,103,122628,4728,-18778.921875,231.06
492048,-0.7375354766845703,27.830181121826172,96782.21902133999,3344,0.001,10214904.0,103,122986,4745,-16707.220703125,230.31
492572,-1.5110809803009033,28.80884552001953,95533.47963807,3348,0.001,11597606.0,103,123117,4752,-18930.984375,234.27
493052,-0.2625647783279419,29.399696350097656,94216.31127635,3352,0.001,30637984.0,103,123237,4757,-20717.31640625,230.74
493564,0.12516921758651733,29.13169288635254,94897.73081825001,3356,0.001,25656524.0,103,123365,4763,-18880.2578125,226.09
494264,-0.7066666483879089,29.894786834716797,95652.13081824999,3360,0.001,7859908.0,103,123540,4771,-17044.609375,221.8
494804,-1.1116597652435303,30.71741485595703,110400.31598208999,3364,0.001,11455654.0,103,123675,4778,-13644.294921875,200.45
495364,0.4765377342700958,31.410921096801758,110458.81598208999,3368,0.001,16742602.0,103,123815,4785,-19065.890625,199.52
495852,2.906860828399658,30.706796646118164,110527.51598208999,3372,0.001,8992325.0,103,123937,4791,-19705.9375,198.4
496396,0.35664787888526917,29.07782554626465,110788.01598208999,3376,0.001,7225765.5,103,124073,4797,-15306.353515625,194.37
497012,0.9471831917762756,29.00481605529785,111655.98861733999,3380,0.001,20276212.0,103,124227,4805,-17103.498046875,186.81
497556,0.5196579694747925,28.947710037231445,114849.77004554999,3384,0.001,11410966.0,103,124363,4811,-18284.28515625,175.13
498108,0.5420548319816589,28.69049835205078,114791.38822098999,3388,0.001,7630967.0,103,124501,4818,-18203.6015625,176.44
498700,0.6924967765808105,27.832040786743164,114561.68822099,3392,0.001,19434792.0,103,124649,4826,-20367.78125,177.22
498924,0.0074582695960998535,27.528169631958008,114895.08822099,3396,0.001,90610256.0,103,124705,4829,-17299.89453125,173.55
499200,-0.5291218757629395,27.386083602905273,115502.58822099,3400,0.001,34052664.0,103,124774,4832,-17089.46484375,166.86
499512,-1.001270055770874,27.610143661499023,115592.13533792998,3404,0.001,40475520.0,103,124852,4836,-18572.77734375,165.5
500480,-0.6632838249206543,28.011547088623047,116887.50102571,3408,0.001,37481328.0,103,125094,4848,-19917.01171875,153.42
501884,0.31388619542121887,29.139835357666016,116385.46074593,3412,0.001,50138304.0,103,125445,4864,-18249.470703125,160.64
502304,-0.09030270576477051,29.496562957763672,116213.47260580999,3416,0.001,24914438.0,103,125550,4869,-19342.38671875,161.24
502760,-1.17867112159729,30.22384262084961,115791.57260581,3420,0.001,6434928.0,103,125664,4875,-18516.42578125,161.46
504892,0.08666729927062988,29.600200653076172,112742.41057413998,3424,0.001,32654664.0,103,126197,4900,-21196.9375,167.34
505652,-0.49074459075927734,29.8606014251709,107197.30629353,3428,0.001,42908824.0,102,126387,4909,-22706.875,175.84
506328,0.11106353998184204,29.020442962646484,96695.34732511,3432,0.001,57912596.0,102,126556,4917,-22070.6640625,173.75
508412,0.22404581308364868,28.03061294555664,94306.64732510998,3436,0.001,10521900.0,102,127077,4941,-18492.140625,189.32
508736,0.5218003988265991,27.619037628173828,96377.58776125999,3440,0.001,34259580.0,102,127158,4945,-20184.501953125,186.48
509108,-0.9967480897903442,27.380090713500977,98736.85891656998,3444,0.001,25620604.0,102,127251,4949,-23344.861328125,184.12
510212,0.31273752450942993,29.310516357421875,100476.91742208999,3448,0.001,28421160.0,102,127527,4962,-22698.01953125,174.32
510500,-0.22415471076965332,29.18088150024414,102839.19164200999,3452,0.001,33666944.0,102,127599,4966,-20716.728515625,176.23
511360,1.2617738246917725,29.772296905517578,103433.68576848,3456,0.001,21958280.0,102,127814,4976,-20141.333984375,175.91
511980,-0.738853394985199,28.5748291015625,103406.98576848001,3460,0.001,10805208.0,102,127969,4984,-22112.876953125,176.62
512284,-2.609645366668701,29.307903289794922,102603.40060464,3464,0.001,43341164.0,102,128045,4987,-24248.009765625,176.47
512752,-1.2691104412078857,31.21937370300293,102694.30060471,3468,0.001,22589258.0,102,128162,4993,-21349.123046875,175.09
513156,-0.6611829996109009,31.661117553710938,102786.40060471,3472,0.001,14182171.0,102,128263,4998,-23629.15625,173.7
513768,0.6779946088790894,30.84377098083496,102770.47451563,3476,0.001,8827692.0,102,128416,5005,-22054.291015625,174.71
514104,0.7266379594802856,30.164932250976562,102825.37451563001,3480,0.001,6958445.0,102,128500,5009,-22780.0078125,174.38
514968,-1.3629984855651855,29.214008331298828,101701.72640184,3484,0.001,16669174.0,102,128716,5019,-22562.115234375,172.49
516164,1.1184347867965698,28.84805679321289,101785.15378665,3488,0.001,28728566.0,102,129015,5033,-20017.66796875,168.99
516900,0.49488502740859985,28.730575561523438,98950.05378665001,3492,0.001,10462642.0,102,129199,5042,-23298.32421875,183.64
517712,-1.166792392730713,30.040260314941406,98872.50799112,3496,0.001,18302866.0,102,129402,5052,-23696.9921875,185.14
518152,-0.7463565468788147,31.543291091918945,98759.37303848998,3500,0.001,36965568.0,102,129512,5057,-22003.26953125,187.68
518868,0.33900606632232666,31.599088668823242,98687.07303849001,3504,0.001,50584040.0,102,129691,5065,-20671.96484375,189.34
519656,-0.3911527395248413,29.273515701293945,98693.44647055,3508,0.001,52405460.0,102,129888,5075,-24157.361328125,187.83
520332,0.6320663690567017,27.482765197753906,98818.28675033,3512,0.001,19895396.0,102,130057,5083,-24760.212890625,184.39
521028,0.07339692115783691,25.470287322998047,98566.98675032999,3516,0.001,7067142.0,102,130231,5091,-22425.02734375,188.03
521448,-1.913111686706543,26.02618980407715,98984.38675033,3520,0.001,14344764.0,102,130336,5096,-24489.05078125,187.33
522072,-2.306234359741211,29.571096420288086,100136.12172473001,3524,0.001,60880120.0,102,130492,5104,-23363.103515625,180.06
522492,-0.024878501892089844,30.996753692626953,105751.60308513,3528,0.001,35225696.0,102,130597,5109,-22474.1953125,170.2
522884,2.193233013153076,30.630144119262695,116371.66205355,3532,0.001,21015684.0,102,130695,5114,-23778.890625,168.28
523348,0.2298949956893921,29.387222290039062,117802.43106809,3536,0.001,9881209.0,102,130811,5120,-25940.95703125,153.53
524152,0.41063088178634644,28.98001480102539,117842.53106809,3540,0.001,21780862.0,102,131012,5129,-21862.4375,149.93
524492,0.840496301651001,28.959566116333008,117054.82271584001,3544,0.001,9561256.0,102,131097,5134,-25567.5859375,153.07
525108,-1.1806895732879639,28.46147346496582,116424.72271584,3548,0.001,27151316.0,102,131251,5142,-25135.5625,152.81
525516,-3.791818141937256,30.136329650878906,116738.16927411001,3552,0.001,33774088.0,102,131353,5147,-24199.330078125,148.81
525884,-1.7455031871795654,32.27430725097656,116719.76927411002,3556,0.001,10682558.0,102,131445,5153,-26323.8359375,147.92
526264,-0.5121060609817505,33.70744705200195,116931.26927411002,3560,0.001,3797954.75,102,131540,5157,-25945.21484375,143.54
526612,2.016908645629883,33.712100982666016,118086.16927411001,3564,0.001,13122574.0,102,131627,5162,-27195.572265625,143.06
527016,2.7384495735168457,32.02256774902344,117853.76927404001,3568,0.001,19315468.0,101,131728,5168,-26394.390625,143.69
527860,0.22886624932289124,30.685544967651367,117675.86927404001,3572,0.001,27624302.0,101,131939,5180,-25280.765625,146.65
528664,-1.7973263263702393,31.420122146606445,117765.59536312001,3576,0.001,56392452.0,101,132140,5189,-26750.23046875,144.59
529032,-0.8320642709732056,32.38136672973633,117788.69536312,3580,0.001,34647840.0,101,132232,5193,-29441.171875,144.27
531060,-0.12394395470619202,28.86302947998047,116497.92026832,3584,0.001,27800180.0,101,132739,5218,-28204.796875,161.42
531820,-0.4723781943321228,29.503246307373047,116587.39333441001,3588,0.001,16042876.0,101,132929,5227,-23283.44140625,161.5
532712,-0.05909082293510437,29.712417602539062,118986.18892767001,3592,0.001,36164056.0,101,133152,5238,-23623.84765625,153.54
533556,0.49152958393096924,30.100299835205078,118926.68287892999,3596,0.001,7848026.0,101,133363,5248,-26866.4140625,153.06
534044,-0.21434569358825684,29.391979217529297,119029.31783156,3600,0.001,11920288.0,101,133485,5254,-29010.92578125,150.63
534664,-2.1308298110961914,29.989803314208984,119092.91783156,3604,0.001,5869673.0,101,133640,5261,-26193.982421875,149.23
535692,0.37846076488494873,31.944332122802734,119245.3443995,3608,0.001,8813890.0,101,133897,5273,-24909.6015625,149.41
536240,0.1057586669921875,31.62889289855957,115832.95599440999,3612,0.001,8612858.0,101,134034,5280,-28249.71484375,159.06
537016,-0.25057682394981384,31.757160186767578,115840.69957689999,3616,0.001,15650138.0,101,134228,5289,-25444.421875,160.27
537332,-0.5529373288154602,31.488035202026367,115897.99957690001,3620,0.001,17528088.0,101,134307,5293,-28963.4921875,159.65
538104,0.17175723612308502,32.02394104003906,117018.53425920001,3624,0.001,5691024.5,101,134500,5302,-29463.470703125,160.24
538816,0.6742655634880066,31.395843505859375,116701.50991695,3628,0.001,50768224.0,101,134678,5311,-26499.97265625,161.93
539096,0.6769775152206421,31.174514770507812,117084.32781857,3632,0.001,5833852.5,101,134748,5314,-32582.20703125,161.81
539524,-0.22005139291286469,31.19618034362793,117920.75880403,3636,0.001,28073664.0,101,134855,5319,-30185.66796875,162.94
540288,0.609961748123169,31.091121673583984,118501.85880403001,3640,0.001,44348676.0,101,135046,5328,-31245.85546875,163.48
540736,-0.1009804755449295,29.97268295288086,117183.45880402999,3644,0.001,16294848.0,101,135158,5333,-26093.666015625,162.29
541040,0.7655520439147949,29.427845001220703,117965.05880402999,3648,0.001,12648605.0,101,135234,5337,-30608.828125,160.47
541548,0.1905202567577362,28.733356475830078,117964.51224576001,3652,0.001,80713720.0,101,135361,5343,-33880.26171875,160.4
541912,0.12524524331092834,28.50065803527832,118046.51224576001,3656,0.001,21638636.0,101,135452,5347,-27858.98828125,160.28
542644,0.24041354656219482,27.78572654724121,117978.71224576,3660,0.001,14805478.0,101,135635,5356,-29284.732421875,161.73
542960,0.8113406896591187,27.233131408691406,118070.41224576,3664,0.001,10903478.0,101,135714,5360,-29783.6796875,163.42
543380,-1.1874676942825317,27.3337345123291,118280.31224576,3668,0.001,18544238.0,101,135819,5365,-33954.5390625,162.91
544152,-0.9150431752204895,29.314786911010742,117052.41224576,3672,0.001,20948244.0,101,136012,5374,-31556.8671875,161.71
544496,0.8052122592926025,29.62982749938965,116758.41224576,3676,0.001,28227916.0,101,136098,5378,-29695.853515625,164.01
544824,1.243861436843872,29.330530166625977,116837.91224576,3680,0.001,35990772.0,101,136180,5382,-31240.03125,162.5
545252,0.26007235050201416,28.880905151367188,119548.18003908,3684,0.001,6784505.0,101,136287,5387,-32454.603515625,144.76
546520,-0.21990078687667847,28.012428283691406,119265.82147436001,3688,0.001,19747776.0,101,136604,5402,-31251.609375,148.47
546856,-0.7989951968193054,27.951379776000977,119501.9258811,3692,0.001,5821482.0,101,136688,5406,-33724.70703125,145.64
547720,0.14566630125045776,31.077180862426758,119369.17772537,3696,0.001,21595124.0,101,136904,5416,-31294.3046875,147.76
548832,0.5861978530883789,28.231426239013672,118828.67772537,3700,0.001,48483416.0,101,137182,5431,-30821.498046875,153.56
549672,0.6824448704719543,26.869075775146484,118254.17772537,3704,0.001,40926984.0,101,137392,5441,-33858.91015625,160.86
550168,-0.6132074594497681,27.32482147216797,118054.87646158,3708,0.001,8451318.0,100,137516,5447,-30598.38671875,163.36
550604,-0.9413480162620544,27.966896057128906,122174.76486667,3712,0.001,34617488.0,100,137625,5452,-34737.78125,145.43
551040,-0.45191672444343567,28.952058792114258,122514.42128417999,3716,0.001,16807848.0,100,137734,5457,-31891.7578125,140.41
551432,-1.5841960906982422,29.404932022094727,122434.92128417999,3720,0.001,53873992.0,100,137832,5462,-32547.07421875,141.5
552356,0.8526036739349365,29.88544273376465,122959.72128417999,3724,0.001,20293720.0,100,138063,5473,-31241.294921875,144.55
552784,0.680094301700592,29.25588607788086,123329.42128417999,3728,0.001,20624526.0,100,138170,5478,-31685.505859375,141.44
553648,-0.4499247670173645,27.97002410888672,121786.00338256,3732,0.001,13515904.0,100,138386,5488,-32132.69921875,145.3
556072,0.432664692401886,30.144737243652344,119730.70338261,3736,0.001,12297209.0,100,138992,5517,-32784.5625,163.95
558068,0.5907513499259949,26.60464859008789,65626.40338268,3740,0.001,10930836.0,100,139491,5540,-30501.79296875,175.8
559136,-0.8494154214859009,28.46323013305664,67406.2033824,3744,0.001,5635590.0,100,139758,5553,-30749.87890625,177.8
559544,-0.2077801525592804,29.412860870361328,64792.56004299999,3748,0.001,7666080.0,100,139860,5558,-33225.91015625,185.01
559872,0.6557093858718872,29.954458236694336,64812.796760490004,3752,0.001,10763381.0,100,139942,5562,-26765.900390625,184.87
560292,0.2693517804145813,29.6467227935791,64918.19676049,3756,0.001,84268304.0,100,140047,5567,-31472.798828125,185.17
560992,0.39851945638656616,28.772998809814453,64971.59676049,3760,0.001,15879836.0,100,140222,5575,-32857.0390625,184.17
561536,-0.41368672251701355,28.389490127563477,64990.79676049,3764,0.001,103665128.0,100,140358,5582,-30950.41796875,183.65
562088,-0.7599385380744934,28.891815185546875,65008.496760489994,3768,0.001,21875788.0,100,140496,5589,-29822.796875,183.48
562492,0.1805124431848526,28.417112350463867,66443.69676049,3772,0.001,20600000.0,100,140597,5594,-34803.9609375,180.89
562864,-1.827805757522583,28.834209442138672,66768.59676048999,3776,0.001,13720734.0,100,140690,5598,-30443.6015625,178.04
563216,0.3969060182571411,29.475177764892578,66200.96169067,3780,0.001,8437284.0,100,140778,5602,-35010.7421875,184.54
564252,0.26307418942451477,27.471452713012695,66179.41710594,3784,0.001,27219898.0,100,141037,5615,-32810.7421875,185.14
564692,-0.47027507424354553,27.335397720336914,65903.14533538999,3788,0.001,36758420.0,100,141147,5620,-30663.84765625,188.23
565180,-0.5836242437362671,27.74684715270996,66379.54533539,3792,0.001,12995194.0,100,141269,5625,-33441.421875,182.31
566104,-1.1448962688446045,29.98798942565918,66552.74533538999,3796,0.001,8068365.5,100,141500,5637,-33397.5,181.55
566576,0.7918772101402283,30.166805267333984,66743.11788882999,3800,0.001,13057458.0,100,141618,5642,-34898.8203125,180.46
566964,1.2069861888885498,29.322063446044922,67260.61788883,3804,0.001,8312661.0,100,141715,5647,-34149.47265625,174.58
568056,-1.5013983249664307,26.865385055541992,66144.61915597001,3808,0.001,75364360.0,100,141988,5660,-33199.4140625,176.62
568632,-0.8439071178436279,28.934890747070312,64963.21915596999,3812,0.001,14634616.0,100,142132,5667,-33139.08203125,179.52
569452,-0.03925353288650513,30.10306739807129,64903.81915596999,3816,0.001,9545396.0,100,142337,5677,-35644.87890625,181.59
569904,1.6991032361984253,29.804489135742188,64787.71915596999,3820,0.001,21031072.0,100,142450,5682,-34657.19140625,182.85
570344,1.126685380935669,28.023191452026367,65126.51915596999,3824,0.001,10056666.0,100,142560,5687,-35274.5859375,178.97
570640,0.9658375382423401,27.22835922241211,65173.91915596999,3828,0.001,9273304.0,100,142634,5691,-35372.390625,177.96
571148,0.15614046156406403,26.677152633666992,66743.21915596999,3832,0.001,12899118.0,100,142761,5697,-33276.1015625,173.96
571532,-0.5126950740814209,26.573396682739258,68826.41915592,3836,0.001,20941472.0,100,142857,5702,-34829.18359375,155.13
572124,-1.9188554286956787,27.569292068481445,122928.91915585,3840,0.001,42588328.0,100,143005,5709,-34400.35546875,142.71
572528,-0.5589346885681152,28.863420486450195,123069.51915612999,3844,0.001,22835480.0,100,143106,5713,-38700.90625,140.42
573344,-0.3011396527290344,28.229541778564453,125627.28064932999,3848,0.001,16104803.0,100,143310,5720,-28815.09765625,134.17
573992,-0.09509444236755371,28.090797424316406,122429.63134425,3852,0.001,8004829.5,100,143472,5727,-33249.18359375,139.57
574560,-1.575685739517212,28.92787742614746,122374.84739732002,3856,0.001,18021644.0,100,143614,5732,-31506.27734375,140.37
575288,2.0010406970977783,29.018192291259766,122151.27290646001,3860,0.001,10999046.0,100,143796,5738,-35689.19140625,143.53
576632,-1.9078925848007202,29.04435157775879,121990.79749987999,3864,0.001,31970292.0,100,144132,5752,-32978.5625,145.75
577116,-0.5971372127532959,29.89020538330078,121153.79749987999,3868,0.001,32739076.0,100,144253,5758,-35703.546875,155.2
578228,0.4475726783275604,29.24439239501953,120606.29749987999,3872,0.001,18301668.0,100,144531,5771,-33046.8203125,163.37
578948,1.7379422187805176,28.733755111694336,120495.49749987999,3876,0.001,7763708.0,100,144711,5779,-38487.03125,163.52
579628,0.6295164227485657,27.520126342773438,121074.5325697,3880,0.001,21230948.0,100,144881,5787,-34965.11328125,156.94
579988,1.1062943935394287,26.888978958129883,120446.9325697,3884,0.001,11721578.0,100,144971,5791,-33647.40625,162.77
580260,0.03462409973144531,26.185333251953125,120311.64427863,3888,0.001,8546960.0,100,145039,5794,-34727.83203125,155.26
580628,-0.3528502881526947,25.707157135009766,120295.74427863,3892,0.001,21899422.0,100,145131,5799,-34750.1015625,155.97
580952,-1.0507309436798096,26.00105094909668,120420.052325,3896,0.001,11663584.0,100,145212,5802,-37061.9140625,153.2
581240,-1.815777063369751,26.549699783325195,120760.57977156,3900,0.001,45127388.0,100,145284,5805,-35846.75390625,149.02
581572,-2.618096113204956,27.867860794067383,120805.27977156,3904,0.001,11119142.0,100,145367,5808,-36900.3828125,147.86
581900,-1.4163005352020264,29.349166870117188,122193.47976821002,3908,0.001,57870944.0,100,145449,5811,-31731.05078125,142.42
582572,0.5183728337287903,31.734514236450195,123392.27976821002,3912,0.001,22145342.0,100,145617,5817,-35763.6171875,139.33
583112,0.8561737537384033,31.215436935424805,123543.77976821002,3916,0.001,8030618.5,100,145752,5822,-37187.1796875,136.41
583500,-0.6105984449386597,30.482372283935547,123748.97976821002,3920,0.001,63134928.0,100,145849,5826,-35646.84375,133.83
584188,-0.1560269594192505,29.98099708557129,122940.87976821,3924,0.001,15611006.0,100,146021,5833,-34502.1875,133.62
585580,0.43363553285598755,29.117277145385742,122166.37976821,3928,0.001,8565664.0,100,146369,5845,-35289.4921875,137.46
585900,-1.4341925382614136,29.570714950561523,119403.02191925999,3932,0.001,34576656.0,100,146449,5848,-34930.28125,147.67
586300,-1.2915334701538086,30.873716354370117,119398.22191925999,3936,0.001,34304708.0,100,146549,5852,-38280.46875,147.89
586896,0.484574556350708,31.163864135742188,118168.82191926,3940,0.001,29588400.0,100,146698,5857,-36723.75,148.69
587456,1.2699030637741089,30.212488174438477,118356.70816193,3944,0.001,12530505.0,100,146838,5863,-34249.48046875,146.96
588052,0.6831668615341187,29.136260986328125,118423.27942600001,3948,0.001,12395201.0,100,146987,5869,-36908.84375,145.91
588772,-0.31494030356407166,29.46212387084961,119834.59975260001,3952,0.001,28764532.0,100,147167,5876,-36559.59765625,145.83
589144,-0.11472980678081512,29.83716583251953,120356.6448797,3956,0.001,68002624.0,100,147260,5879,-37190.0390625,147.36
589448,0.917142391204834,29.821144104003906,120616.36312450001,3960,0.001,14975980.0,100,147336,5883,-37562.140625,143.26
589980,0.3737194538116455,29.321622848510742,120821.1320349,3964,0.001,38209716.0,100,147469,5887,-31614.380859375,140.58
590392,-0.8126509189605713,29.177284240722656,121655.4320349,3968,0.001,14280579.0,100,147572,5891,-34979.03125,131.28
590684,-0.7971066832542419,29.36710548400879,122141.73203490001,3972,0.001,8892230.0,100,147645,5894,-34250.5546875,124.4
591196,-0.9638621807098389,29.568620681762695,122207.3438366,3976,0.001,20627334.0,100,147773,5899,-33368.46875,125.15
591648,0.33006125688552856,29.70536994934082,122040.40479423999,3980,0.001,13080841.0,100,147886,5904,-37905.6796875,126.24
592084,0.1039336770772934,29.298093795776367,122143.29586593,3984,0.001,71976816.0,100,147995,5908,-35342.4296875,120.99
592576,0.5720607042312622,28.85332679748535,122759.59586593001,3988,0.001,56331428.0,100,148118,5912,-40657.79296875,122.61
593776,-0.5046151280403137,28.658639907836914,122493.79586593,3992,0.001,11972038.0,100,148418,5924,-37617.8359375,125.95
594244,0.4084435701370239,29.10513687133789,121709.98781956,3996,0.001,6549674.0,100,148535,5928,-37775.6328125,131.37
594664,-0.35904455184936523,29.288896560668945,120621.78781956,4000,0.001,48797556.0,100,148640,5932,-35282.078125,132.57
595220,-0.8536028861999512,29.96643829345703,120477.18781956,4004,0.001,10051029.0,100,148779,5937,-39809.26953125,134.75
595636,-0.5920258164405823,30.761240005493164,120382.26262854,4008,0.001,6878312.5,100,148883,5941,-37267.16796875,136.08
595940,-0.42786702513694763,31.055042266845703,120443.16262854001,4012,0.001,94607424.0,100,148959,5944,-38034.0234375,134.71
596276,-0.03334907442331314,31.48491668701172,120468.96262854,4016,0.001,7267732.0,100,149043,5947,-39237.8671875,133.97
596952,1.3853744268417358,29.35625457763672,120401.86810879002,4020,0.001,5183405.0,100,149212,5954,-37962.1796875,135.36
597180,-0.27784085273742676,28.75047492980957,121218.96810879,4024,0.001,16658178.0,100,149269,5957,-36485.3515625,135.45
597420,-0.08338439464569092,28.52001953125,122044.46810879,4028,0.001,8769665.0,100,149329,5960,-36429.1953125,130.63
597728,-0.30535218119621277,28.64113998413086,121929.27339582,4032,0.001,8044624.5,100,149406,5962,-38321.41796875,127.02
598384,-1.3865201473236084,30.98360252380371,123883.52595773998,4036,0.001,20737284.0,100,149570,5969,-37250.3203125,120.57
599168,1.785653829574585,29.929325103759766,123951.62595773999,4040,0.001,24298748.0,100,149766,5976,-37342.828125,123.29
599516,0.4970983564853668,28.56241226196289,123664.53971507,4044,0.001,45584884.0,100,149853,5979,-37634.56640625,122.92
600060,-1.5950160026550293,28.533729553222656,123167.50508705001,4048,0.001,14445887.0,100,149989,5984,-34998.453125,123.03
600444,1.061993956565857,28.90345001220703,123535.13616786999,4052,0.001,31184024.0,100,150085,5988,-36744.06640625,119.21
600736,1.0141721963882446,28.289276123046875,123475.55093335,4056,0.001,10585496.0,100,150158,5990,-35273.20703125,114.67
601724,-0.8004920482635498,28.356220245361328,123373.00717941001,4060,0.001,23349858.0,100,150405,5999,-35038.64453125,114.73
602684,0.06356321275234222,31.51023292541504,122996.67829386001,4064,0.001,20670810.0,100,150645,6009,-37964.0,118.93
603172,-0.6377241611480713,32.3710823059082,122753.82308667,4068,0.001,15477675.0,100,150767,6014,-41663.5703125,121.38
603856,-1.0946223735809326,33.23763656616211,120658.79978839001,4072,0.001,5526065.5,100,150938,6020,-38595.66796875,130.72
604308,0.6239014267921448,33.197330474853516,120647.25881082998,4076,0.001,58753632.0,100,151051,6026,-40854.2265625,130.87
604596,0.9111830592155457,32.41863250732422,120810.89785319,4080,0.001,12905562.0,100,151123,6029,-36807.484375,129.95
604956,1.2038816213607788,31.227144241333008,121147.7739158,4084,0.001,46364816.0,100,151213,6033,-39004.6640625,128.96
605640,-1.0640316009521484,30.72674560546875,120942.87391580001,4088,0.001,25047200.0,100,151384,6038,-35378.5390625,127.38
605940,1.381147861480713,30.908353805541992,116927.93135,4092,0.001,16380941.0,100,151459,6041,-38756.1796875,126.76
606208,-0.6990202069282532,30.81507682800293,117618.23135,4096,0.001,10022714.0,100,151526,6043,-39366.0546875,121.1
606564,-1.5478589534759521,31.36973762512207,116453.96619809,4100,0.001,45390464.0,100,151615,6046,-40163.5078125,119.88
606788,-0.037154778838157654,31.695035934448242,116605.07809177,4104,0.001,14183990.0,100,151671,6048,-38594.6171875,117.51
607024,-0.47697943449020386,31.96924591064453,116729.70328279,4108,0.001,21977110.0,100,151730,6050,-32405.23046875,115.55
607432,-1.4862512350082397,32.36069869995117,116666.51708118999,4112,0.001,27701116.0,100,151832,6054,-36969.796875,114.59
607796,-0.5657530426979065,32.70646286010742,116705.21708119001,4116,0.001,22054592.0,100,151923,6057,-37429.68359375,113.6
608220,0.2895945906639099,33.15081787109375,115869.61160094,4120,0.001,22809192.0,100,152029,6061,-38706.203125,112.06
608612,1.6713645458221436,32.65312957763672,115943.41160094,4124,0.001,9727075.0,100,152127,6065,-39262.0390625,111.01
609212,1.506734848022461,31.292335510253906,115906.21160094,4128,0.001,10792258.0,100,152277,6071,-40458.45703125,111.83
609628,0.013689607381820679,30.07438087463379,110925.17826495001,4132,0.001,17180110.0,100,152381,6074,-39694.95703125,112.76
610008,1.25392484664917,28.805253982543945,111429.17826495,4136,0.001,31610130.0,100,152476,6077,-38945.65625,108.84
610428,1.6828536987304688,27.660032272338867,112642.97826495,4140,0.001,24563640.0,100,152581,6080,-37226.703125,104.47
610804,1.9846739768981934,26.75408363342285,79255.74947678,4144,0.001,15706744.0,100,152675,6084,-35901.9375,112.8
611008,0.0862531065940857,26.35727882385254,79783.49468693,4148,0.001,21341396.0,100,152726,6085,-37034.21484375,111.79
611268,-1.2442785501480103,26.381383895874023,80379.19468693,4152,0.001,30171188.0,100,152791,6088,-39793.203125,109.71
611488,-0.7587255239486694,26.704275131225586,80599.97992145,4156,0.001,16434686.0,100,152846,6090,-39918.80859375,109.2
611728,0.18228575587272644,27.009632110595703,80728.47992145,4160,0.001,18023552.0,100,152906,6092,-37539.23828125,108.52
612124,0.283326655626297,27.455507278442383,81213.21530318,4164,0.001,20344678.0,100,153005,6096,-36145.546875,101.97
612336,0.48664727807044983,27.544675827026367,81347.33065501001,4168,0.001,14600592.0,100,153058,6098,-38709.671875,99.48
612600,0.7296183109283447,27.518373489379883,83228.01433129,4172,0.001,25114406.0,100,153124,6100,-39636.875,88.15
612824,-0.2628573775291443,27.4885311126709,83123.74350715001,4176,0.001,97752944.0,100,153180,6103,-41612.90625,86.01
613036,0.2728458642959595,27.569110870361328,83171.44350715,4180,0.001,26209616.0,100,153233,6105,-39870.2265625,84.69
613292,-0.9621380567550659,27.69526481628418,83462.47637285001,4184,0.001,9544994.0,100,153297,6107,-36452.82421875,82.98
613568,0.11164959520101547,27.793691635131836,83808.07637285,4188,0.001,8115354.5,100,153366,6110,-38100.828125,82.0
613824,-0.18590191006660461,27.77840232849121,88128.71893865001,4192,0.001,14913035.0,100,153430,6112,-39764.5546875,78.28
614128,0.24651432037353516,28.143213272094727,88233.51893865,4196,0.001,8749220.0,100,153506,6115,-35343.1953125,78.18
614416,-0.058298736810684204,28.45063018798828,90479.08409056,4200,0.001,43050752.0,100,153578,6118,-40422.1328125,77.98
614740,-0.05976273864507675,28.655729293823242,90374.17219688,4204,0.001,15456926.0,100,153659,6121,-34164.046875,79.32
615484,0.9052785038948059,28.643665313720703,90103.57219688,4208,0.001,14074870.0,100,153845,6128,-38860.0234375,83.12
616312,-0.09961569309234619,27.668771743774414,90111.96683732001,4212,0.001,9993710.0,100,154052,6136,-38851.03515625,84.64
616752,-1.7119876146316528,28.374387741088867,89549.44151309998,4216,0.001,13232908.0,100,154162,6140,-40391.3203125,92.26
617196,-0.23738223314285278,29.350278854370117,90427.5415131,4220,0.001,62558828.0,100,154273,6146,-37093.4765625,92.78
617584,0.06105244159698486,30.108976364135742,90443.14151310001,4224,0.001,19049868.0,100,154370,6150,-38271.0234375,92.38
617844,0.06490102410316467,30.456052780151367,90433.2415131,4228,0.001,30173488.0,100,154435,6153,-40739.9375,92.41
618120,0.7877175807952881,30.230070114135742,95919.37484909,4232,0.001,30523836.0,100,154504,6156,-40491.609375,91.34
618416,-0.74485844373703,30.141813278198242,96007.37484909,4236,0.001,12593200.0,100,154578,6159,-42483.953125,91.56
618716,1.264310359954834,30.018949508666992,96021.94420787,4240,0.001,39266032.0,100,154653,6163,-37510.6953125,91.13
619016,0.42913055419921875,29.47034454345703,129714.87299603998,4244,0.001,6184953.0,100,154728,6166,-42449.7890625,82.61
619284,0.6084785461425781,29.101238250732422,129725.07299603999,4248,0.001,52124652.0,100,154795,6169,-36637.75,82.42
619604,1.3141837120056152,28.525920867919922,129728.07299604,4252,0.001,9429152.0,100,154875,6173,-35369.23046875,82.5
620164,0.40109434723854065,28.597564697265625,129975.57299604,4256,0.001,18689604.0,100,155015,6180,-39766.453125,83.86
620640,0.026034176349639893,29.576560974121094,129887.97299604,4260,0.001,42600944.0,100,155134,6185,-38865.59375,86.15
621044,-0.43676698207855225,29.942699432373047,129682.77299604,4264,0.001,28627340.0,100,155235,6190,-40800.8359375,89.84
621300,0.3199140131473541,30.20741844177246,129778.6128514,4268,0.001,52984252.0,100,155299,6193,-38191.515625,89.86
621568,-0.8223873376846313,30.327011108398438,130079.35247340001,4272,0.001,25399358.0,100,155366,6196,-39688.265625,89.81
622252,0.6329226493835449,31.379247665405273,130072.35247340001,4276,0.001,21518244.0,100,155537,6204,-38044.5703125,93.2
622448,0.2474195659160614,31.20261573791504,123365.44149234,4280,0.001,11046957.0,100,155586,6207,-37546.40234375,94.47
622872,0.848030149936676,30.629854202270508,116695.52048119,4284,0.001,14773655.0,100,155692,6212,-43000.125,94.5
623180,0.10126884281635284,30.10195541381836,116655.02048119,4288,0.001,20412352.0,100,155769,6215,-43535.73828125,95.73
623472,1.0801960229873657,29.76612663269043,116337.02048119,4292,0.001,37780060.0,100,155842,6218,-39506.9765625,96.27
623732,1.1097629070281982,29.152809143066406,116143.56171420001,4296,0.001,13628358.0,100,155907,6221,-38348.1171875,96.2
623968,1.1734318733215332,28.514225006103516,116058.56171420001,4300,0.001,39834956.0,100,155966,6224,-38800.72265625,95.91
624332,0.4855540096759796,28.685462951660156,116170.1617142,4304,0.001,17884840.0,100,156057,6228,-41202.2109375,94.29
624568,-0.49587875604629517,28.929304122924805,116359.1617142,4308,0.001,24462648.0,100,156116,6231,-43845.62890625,91.71
624812,0.8236464262008667,29.03584098815918,116448.45327535999,4312,0.001,13200738.0,100,156177,6234,-37307.1640625,90.09
625116,0.3000531494617462,28.475923538208008,116994.47859958,4316,0.001,9149108.0,100,156253,6238,-38098.28515625,83.05
625344,0.7627816796302795,27.94476318359375,117064.07859958001,4320,0.001,67973984.0,100,156310,6240,-38211.3359375,81.66
625672,-0.19786109030246735,27.56220817565918,117085.37859958,4324,0.001,16691538.0,100,156392,6244,-42233.52734375,81.19
625948,-0.6720080971717834,27.62018394470215,116497.07859958001,4328,0.001,9239488.0,100,156461,6247,-40810.94140625,80.83
626316,-0.4289105534553528,28.21445655822754,116473.37859958,4332,0.001,26919960.0,100,156553,6252,-38412.4296875,81.47
626668,-0.531541109085083,28.995336532592773,116449.97859958,4336,0.001,14669363.0,100,156641,6256,-42675.625,82.13
626948,-1.112747311592102,29.725845336914062,116231.94967147,4340,0.001,26778366.0,100,156711,6259,-39980.453125,82.34
627268,-0.8427442908287048,30.45689582824707,115944.36920646,4344,0.001,8240300.0,100,156791,6263,-41813.046875,82.1
627572,-0.20516851544380188,30.691551208496094,115729.66920646,4348,0.001,39605968.0,100,156867,6266,-39658.8125,82.5
628160,0.13907891511917114,29.926591873168945,115203.97882215,4352,0.001,27941188.0,100,157014,6273,-45591.859375,85.61
628976,-0.7192924618721008,30.00869369506836,114828.87882215,4356,0.001,30258256.0,100,157218,6283,-38212.90625,89.5
629260,1.0809801816940308,30.415454864501953,114712.05050011999,4360,0.001,10025086.0,100,157289,6286,-37756.3125,89.01
629556,0.5084123015403748,30.137414932250977,114785.75050012,4364,0.001,34056976.0,100,157363,6290,-39202.984375,85.83
629916,-2.921679973602295,30.072322845458984,114794.75050012,4368,0.001,33231092.0,100,157453,6294,-42181.48046875,85.65
630460,-0.6879295706748962,31.081457138061523,114104.85050012,4372,0.001,21271932.0,100,157589,6301,-40625.421875,89.49
630812,-0.3013203740119934,31.176218032836914,114300.45050012,4376,0.001,45377796.0,100,157677,6305,-42720.73046875,86.75
631088,0.4129291772842407,31.480911254882812,120986.96148117998,4380,0.001,23407150.0,100,157746,6308,-36854.78515625,86.13
631460,0.32105839252471924,30.855472564697266,127601.68249233,4384,0.001,12772405.0,100,157839,6312,-43670.94921875,87.37
631692,-0.38820403814315796,30.242591857910156,127620.51997508001,4388,0.001,15017205.0,100,157897,6315,-41247.52734375,86.65
631932,0.6471558809280396,29.93596076965332,127953.21997507999,4392,0.001,7018696.0,100,157957,6318,-38122.84375,85.86
632252,1.3105950355529785,29.04633140563965,128142.77874206999,4396,0.001,6319430.0,100,158037,6322,-43484.42578125,86.0
632476,1.2474371194839478,28.167150497436523,128248.47874206999,4400,0.001,11580781.0,100,158093,6324,-42552.15625,85.9
632756,-0.8586365580558777,27.67757225036621,128209.66393541999,4404,0.001,17495216.0,99,158163,6328,-43249.09375,86.32
633116,-0.4250958561897278,27.718841552734375,128233.06393542,4408,0.001,24453516.0,99,158253,6332,-40095.9765625,85.75
633624,-0.5180065631866455,28.063419342041016,128224.87738372998,4412,0.001,114104440.0,99,158380,6338,-37801.546875,86.08
633936,-1.5928969383239746,28.755964279174805,128135.72178476,4416,0.001,8984537.0,99,158458,6342,-45233.609375,87.19
634400,-0.34926557540893555,29.66858673095703,128077.82178476,4420,0.001,9222058.0,99,158574,6347,-45444.2734375,88.4
634724,-0.5126073956489563,30.295265197753906,127887.32178476,4424,0.001,39229640.0,99,158655,6351,-39104.5859375,91.15
634992,0.4976325035095215,30.3684139251709,128516.12178476,4428,0.001,7069748.5,99,158722,6354,-38465.37109375,90.7
635296,1.282122015953064,29.912660598754883,128526.32178476,4432,0.001,18876752.0,99,158798,6358,-41210.5859375,90.27
635628,1.3875828981399536,29.255815505981445,128517.18264483001,4436,0.001,9111296.0,99,158881,6362,-45340.5,89.94
635924,1.100614309310913,28.44769287109375,128722.73721059,4440,0.001,51406308.0,99,158955,6365,-40270.4765625,89.76
636384,1.053305745124817,27.61540985107422,128726.01767560001,4444,0.001,8084263.5,99,159070,6371,-43428.4765625,90.56
636676,0.2676061987876892,27.078340530395508,128747.71767560001,4448,0.001,35875896.0,99,159143,6374,-44284.08203125,91.28
636908,0.5481381416320801,26.9405460357666,129288.40805991001,4452,0.001,27451836.0,99,159201,6377,-45435.8046875,87.97
637120,-0.9943563938140869,27.138702392578125,129710.60805991001,4456,0.001,16132274.0,99,159254,6380,-47273.640625,82.72
637588,-0.7123955488204956,28.19979476928711,129897.63638194,4460,0.001,28273004.0,99,159371,6385,-40603.765625,81.32
637832,0.35954493284225464,28.71677017211914,129954.43638194,4464,0.001,8929275.0,99,159432,6388,-38904.7890625,82.13
638168,-0.08357779681682587,29.248952865600586,129982.03638194001,4468,0.001,12056900.0,99,159516,6392,-41058.9375,81.72
638460,0.4832015335559845,29.474607467651367,130656.63638194,4472,0.001,32901604.0,99,159589,6395,-44528.7890625,78.45
639968,1.9234004020690918,32.82841110229492,129660.63638194,4476,0.001,25173944.0,99,159966,6413,-43818.7890625,86.98
640312,2.3055639266967773,31.67108154296875,129214.43638194,4480,0.001,10715260.0,99,160052,6417,-43606.125,91.53
640712,1.134505271911621,29.94761085510254,129143.33638194,4484,0.001,68004672.0,99,160152,6422,-42007.8359375,92.58
641108,1.0916972160339355,28.401100158691406,129099.17819523999,4488,0.001,8413714.0,99,160251,6427,-42668.34375,93.36
641348,1.73222017288208,27.484527587890625,129061.07819524,4492,0.001,47929008.0,99,160311,6430,-45674.796875,94.03
641700,1.359183669090271,26.454509735107422,129040.07819524,4496,0.001,10299503.0,99,160399,6434,-41783.4296875,94.52
641948,0.25606268644332886,25.864534378051758,129019.97819524,4500,0.001,14302118.0,99,160461,6437,-43151.296875,94.95
642308,-1.6235724687576294,25.990726470947266,129031.79300189,4504,0.001,13971532.0,99,160551,6442,-44787.61328125,95.07
642548,-1.7100915908813477,26.63212776184082,129079.79300189,4508,0.001,33812108.0,99,160611,6445,-46250.2578125,94.49
642968,-1.5320171117782593,28.026445388793945,129061.57955357998,4512,0.001,78298680.0,99,160716,6450,-43418.89453125,94.74
643228,-1.9194272756576538,28.97245216369629,129132.13515255,4516,0.001,11548754.0,99,160781,6453,-42894.34375,94.37
643484,-0.1908731758594513,29.764808654785156,129174.43515255001,4520,0.001,15352337.0,99,160845,6456,-42960.515625,93.32
643940,-0.3117227554321289,30.40296173095703,129283.33515255,4524,0.001,7964265.5,99,160959,6461,-42072.453125,92.0
644284,-0.6678853631019592,30.363353729248047,128746.13515255,4528,0.001,8575611.0,99,161045,6465,-45188.65625,92.79
644504,0.7775655388832092,30.509973526000977,128775.53515255,4532,0.001,13677122.0,99,161100,6468,-44058.52734375,92.26
644748,0.1262112706899643,30.425622940063477,128819.77429248,4536,0.001,10541141.0,99,161161,6471,-46316.234375,91.51
644996,0.9756671190261841,30.237789154052734,128638.63130176,4540,0.001,5550575.5,99,161223,6474,-43315.3515625,91.12
645584,0.6634582877159119,29.37891387939453,128940.33130176,4544,0.001,7239428.0,99,161370,6481,-46671.05078125,90.16
646604,0.22137171030044556,29.109731674194336,128740.33130176,4548,0.001,7409297.0,99,161625,6493,-45555.08984375,95.63
646888,-0.7960300445556641,29.277328491210938,128533.93130176,4552,0.001,5251206.5,99,161696,6496,-43199.30078125,99.42
647100,0.9118506908416748,29.209335327148438,128417.43130176,4556,0.001,21035570.0,99,161749,6499,-45049.6171875,99.82
647420,0.7736244201660156,28.641132354736328,128432.13130176,4560,0.001,9286292.0,99,161829,6503,-48633.78125,99.63
647776,0.24506644904613495,28.264142990112305,128303.03130176,4564,0.001,33730796.0,99,161918,6507,-47302.546875,100.39
648088,-0.6318462491035461,28.502384185791016,128281.43130176,4568,0.001,50702648.0,99,161996,6510,-42445.0390625,100.66
648652,-0.6677072644233704,29.403165817260742,128193.83130176,4572,0.001,5013282.0,99,162137,6517,-46901.98046875,102.59
649060,-0.27642378211021423,29.9168758392334,128862.83130176,4576,0.001,60376984.0,99,162239,6522,-43581.87890625,90.48
649308,-0.7798745632171631,29.969844818115234,128782.63130176,4580,0.001,6383702.0,99,162301,6525,-47109.421875,90.27
649584,-0.4845414459705353,29.96197509765625,128888.83130176,4584,0.001,36537336.0,99,162370,6528,-44960.39453125,88.44
649960,0.07501441240310669,30.507797241210938,127813.55200571001,4588,0.001,16755240.0,99,162464,6533,-46562.1171875,87.92
650464,0.4923286437988281,30.674556732177734,124405.25200571,4592,0.001,10004472.0,99,162590,6539,-44444.46875,89.94
651108,-0.09850332140922546,29.778478622436523,124175.95200571,4596,0.001,36653064.0,99,162751,6547,-45627.078125,91.73
651940,0.5571808218955994,30.381492614746094,124110.25200571,4600,0.001,13777915.0,99,162959,6557,-48262.3828125,92.36
652656,-0.29224997758865356,29.72220230102539,123762.25200571,4604,0.001,6834659.0,99,163138,6566,-42452.7890625,96.25
654068,-1.2009466886520386,30.120025634765625,116118.74165428002,4608,0.001,20325230.0,99,163491,6582,-42826.171875,108.82
654764,1.2896957397460938,32.566680908203125,110822.44107492002,4612,0.001,28765500.0,99,163665,6591,-42169.03515625,116.86
656348,-0.9547475576400757,29.70676612854004,23464.85232968999,4616,0.001,7811907.5,99,164061,6609,-42799.4140625,125.49
658832,-0.7503939867019653,29.748313903808594,2429.21061003,4620,0.001,12099940.0,99,164682,6641,-49751.140625,141.9
660652,0.48661789298057556,32.107051849365234,-8150.809104919999,4624,0.001,17336540.0,99,165137,6662,-48725.72265625,158.92
661096,0.35348019003868103,31.285757064819336,-11836.089376250007,4628,0.001,18429586.0,99,165248,6667,-44494.65625,163.46
661384,1.1191365718841553,30.494243621826172,-14405.989376250007,4632,0.001,13644101.0,99,165320,6671,-45850.7890625,169.19
661952,-0.5515196323394775,29.684865951538086,-14832.589376250007,4636,0.001,22296134.0,99,165462,6678,-43687.0703125,171.16
662272,0.13174572587013245,29.91135597229004,-14813.841381960008,4640,0.001,45061912.0,99,165542,6682,-46186.31640625,172.34
662552,0.300995409488678,30.166847229003906,-14814.775718440003,4644,0.001,13819091.0,99,165612,6685,-44054.4453125,172.55
662840,-0.038464903831481934,30.217134475708008,-14436.175718440008,4648,0.001,16758261.0,99,165684,6689,-47878.9375,166.44
663072,-0.14049142599105835,30.129858016967773,-14215.396675390008,4652,0.001,8944898.0,99,165742,6691,-45670.671875,162.41
663292,-0.006884574890136719,30.184762954711914,-14098.339291180004,4656,0.001,18596560.0,99,165797,6694,-47099.1171875,162.02
663604,-1.4001222848892212,30.71683692932129,-14110.039291179999,4660,0.001,9883458.0,99,165875,6697,-45882.4921875,162.23
663848,-0.3389511704444885,31.480783462524414,-13933.23929118,4664,0.001,24008408.0,99,165936,6700,-48887.0703125,160.66
664132,0.22665566205978394,31.822235107421875,-13894.23929118,4668,0.001,24848744.0,99,166007,6703,-41930.8984375,159.84
664392,0.8124419450759888,31.69338035583496,-13800.64475618,4672,0.001,16263819.0,99,166072,6706,-45727.37109375,157.83
664756,-0.8942206501960754,31.069913864135742,-13515.644756180001,4676,0.001,10156850.0,99,166163,6711,-47853.06640625,158.18
664992,-0.5792471170425415,30.93694305419922,-13016.7392925,4680,0.001,29973578.0,99,166222,6713,-48010.609375,157.64
665216,-1.6761643886566162,30.997772216796875,-12995.439292500001,4684,0.001,24312096.0,99,166278,6716,-47770.65625,157.11
665516,-0.1585383415222168,31.462106704711914,-11864.839292500004,4688,0.001,31251580.0,99,166353,6720,-47095.40234375,156.66
665832,-1.11300528049469,31.985647201538086,-11613.427086250005,4692,0.001,8948618.0,99,166432,6723,-47555.3671875,155.69
666320,1.2811028957366943,31.731216430664062,-8257.913196870004,4696,0.001,18328420.0,99,166554,6729,-46200.1953125,153.14
666568,0.9672259092330933,31.07276725769043,-8221.31319687,4700,0.001,8835875.0,99,166616,6732,-47446.765625,153.09
666940,-0.3948334753513336,30.85212516784668,-8071.2131968700005,4704,0.001,9582670.0,99,166709,6736,-44365.84375,149.19
667600,-0.6842491626739502,29.859283447265625,-647.1028454400087,4708,0.001,21262528.0,98,166874,6744,-44107.3046875,138.89
667936,-0.12800367176532745,29.507570266723633,4012.903500009993,4712,0.001,5851857.5,98,166958,6748,-44757.4921875,133.29
668808,-0.6454336643218994,28.085100173950195,111128.6339649,4716,0.001,11303896.0,98,167176,6758,-48875.3828125,123.47
669052,-0.0794745683670044,28.287710189819336,111905.7339649,4720,0.001,21831732.0,98,167237,6761,-49250.125,113.23
669308,-0.3705630302429199,28.531057357788086,122570.35367984998,4724,0.001,10889610.0,98,167301,6764,-48366.27734375,94.86
669668,-0.2857901453971863,28.658044815063477,126772.73395118,4728,0.001,7799491.5,98,167391,6769,-43627.8671875,90.17
669968,-0.16106168925762177,29.400487899780273,129175.66427352,4732,0.001,18984580.0,98,167466,6772,-47911.6796875,85.95
670292,-1.2331769466400146,30.456205368041992,129581.18921921,4736,0.001,34796264.0,98,167547,6776,-43249.83984375,84.86
671464,2.0617361068725586,33.29458236694336,118062.80548878999,4740,0.001,26754536.0,98,167840,6790,-49074.125,88.99
672076,1.423980712890625,30.049625396728516,116815.13982526999,4744,0.001,26961068.0,98,167993,6797,-47232.609375,94.46
672380,0.3093247413635254,28.99273109436035,116713.33982526998,4748,0.001,21073056.0,98,168069,6801,-43067.2109375,94.58
672688,1.656783103942871,28.617782592773438,116495.36078221998,4752,0.001,70449776.0,98,168146,6804,-51347.734375,95.06
672964,0.2991241216659546,28.231115341186523,116359.70339800998,4756,0.001,6628879.5,98,168215,6806,-49618.421875,96.07
673240,-0.5231663584709167,28.141523361206055,114257.92530155,4760,0.001,21477920.0,98,168284,6809,-44360.984375,96.03
674148,-0.16690552234649658,29.833667755126953,113959.22530154999,4764,0.001,27521596.0,98,168511,6819,-45581.9453125,97.91
674496,0.5218871831893921,30.03322982788086,112740.27184186998,4768,0.001,29532878.0,98,168598,6823,-45595.28125,102.42
675364,-0.10597622394561768,29.55753517150879,112630.17730687,4772,0.001,27396380.0,98,168815,6833,-47304.9453125,104.32
677012,0.06687848269939423,32.93165588378906,111619.4773068,4776,0.001,83971280.0,98,169227,6852,-46325.8984375,114.43
677356,0.6746506690979004,32.628257751464844,110854.67184312001,4780,0.001,23751870.0,98,169313,6855,-49882.8984375,122.98
677780,-0.28724488615989685,32.57527160644531,110806.67184311998,4784,0.001,10557280.0,98,169419,6859,-50310.1484375,124.19
678184,-1.3355426788330078,33.20461654663086,109742.75835134,4788,0.001,7556804.0,98,169520,6863,-45632.26953125,125.51
678528,-0.9878904819488525,34.04564666748047,107161.04614508999,4792,0.001,52237468.0,98,169606,6866,-46996.76171875,127.07
678840,1.088991403579712,34.60863494873047,107233.68480165002,4796,0.001,26417440.0,98,169684,6868,-46836.6015625,126.06
679112,-0.3417321443557739,34.82322692871094,107197.68480165002,4800,0.001,13277387.0,98,169752,6871,-47807.94921875,126.42
679392,-0.010832607746124268,34.916709899902344,107429.48480165,4804,0.001,40060540.0,98,169822,6874,-49869.453125,125.72
683392,-0.3201301693916321,32.70089340209961,99019.98479752001,4808,0.001,14187530.0,98,170822,6919,-47752.53125,160.7
683648,-0.8229386806488037,32.727516174316406,99673.37903143,4812,0.001,68831520.0,98,170886,6922,-50058.671875,158.05
684012,1.9561080932617188,32.68705368041992,99822.67903143,4816,0.001,13061962.0,98,170977,6926,-48373.1328125,155.65
684336,1.6303772926330566,31.2919921875,100065.07903143,4820,0.001,10091116.0,98,171058,6930,-48497.06640625,153.36
684632,-0.22120141983032227,30.3947811126709,100052.17903143,4824,0.001,20982640.0,98,171132,6934,-50778.8203125,153.55
684952,-0.5249848365783691,30.147462844848633,100053.67903143,4828,0.001,28110256.0,98,171212,6937,-51951.078125,153.5
685260,0.10760319232940674,30.30582046508789,100204.44870909,4832,0.001,6245457.5,98,171289,6941,-54223.02734375,152.35
685508,0.678869366645813,30.23752212524414,100105.1237634,4836,0.001,15583247.0,98,171351,6944,-46874.67578125,152.27
685796,0.6268683671951294,30.226076126098633,111598.15973485,4840,0.001,20735608.0,98,171423,6947,-49585.140625,147.39
686168,1.0234884023666382,30.370960235595703,112826.05973485,4844,0.001,26405876.0,98,171516,6950,-50057.36328125,142.37
686464,1.014350175857544,30.12180519104004,112901.61828151,4848,0.001,6153675.0,98,171590,6953,-50647.37109375,142.55
687156,0.27719005942344666,30.023399353027344,112920.71828151001,4852,0.001,13338321.0,98,171763,6960,-48865.5,145.22
687568,1.14158034324646,30.256126403808594,112928.61828151,4856,0.001,13781514.0,98,171866,6965,-49707.46875,146.67
687816,1.0876219272613525,29.755563735961914,114621.39637797001,4860,0.001,17960204.0,98,171928,6968,-44781.96484375,146.8
688032,-0.9266875982284546,29.405176162719727,114738.09637797001,4864,0.001,17074654.0,98,171982,6970,-49075.453125,144.47
688920,-0.9626069664955139,31.632951736450195,115558.64983765001,4868,0.001,29053440.0,98,172204,6980,-48429.3984375,141.98
689260,-0.03683164715766907,31.949159622192383,115512.44983765,4872,0.001,13416071.0,98,172289,6984,-52364.890625,142.95
689624,1.5100953578948975,31.738523483276367,116479.94983772,4876,0.001,15329317.0,98,172380,6988,-49946.13671875,133.56
689988,2.2731454372406006,30.349637985229492,117220.04983772,4880,0.001,14400714.0,98,172471,6991,-48029.92578125,126.05
690328,0.3178505003452301,29.05927085876465,117232.94983772,4884,0.001,19818822.0,98,172556,6994,-52348.15625,125.89
690800,-0.8452272415161133,28.743921279907227,118250.18179480999,4888,0.001,14336724.0,98,172674,6998,-48206.3046875,125.61
691132,-0.23217898607254028,28.894149780273438,120749.88179481,4892,0.001,5764227.0,98,172757,7001,-48324.1484375,125.47
691688,-0.3274953067302704,28.860769271850586,120727.82924887,4896,0.001,20432002.0,98,172896,7007,-51168.4375,126.0
692016,-2.1203620433807373,29.357200622558594,120737.42924887,4900,0.001,8898187.0,98,172978,7010,-48524.078125,125.71
692380,-1.6063423156738281,30.32583999633789,120414.92924887,4904,0.001,32361328.0,98,173069,7014,-49539.72265625,126.34
692628,-1.168426275253296,31.199119567871094,128765.729253,4908,0.001,16414194.0,98,173131,7016,-49636.515625,92.72
692868,-0.09483835846185684,31.727264404296875,128684.329253,4912,0.001,8708866.0,98,173191,7019,-50726.5390625,92.19
693264,1.0269289016723633,31.52440643310547,128786.42925300001,4916,0.001,17424332.0,98,173290,7023,-53150.453125,91.91
693480,0.8066166639328003,31.009918212890625,128820.92925300001,4920,0.001,52039564.0,98,173344,7026,-49108.0,91.06
694804,0.9777747988700867,29.484941482543945,128107.38320399,4924,0.001,10535412.0,98,173675,7041,-51983.6875,98.73
695336,0.42513349652290344,28.71462631225586,127696.38320399002,4928,0.001,7221278.0,98,173808,7048,-53006.765625,103.16
695672,-0.9452967643737793,29.32181167602539,127641.78320399001,4932,0.001,9551116.0,98,173892,7051,-48748.59765625,104.14
696044,-1.4672393798828125,30.402904510498047,127703.08320399001,4936,0.001,15051800.0,98,173985,7055,-52067.328125,104.62
696348,-0.3355862498283386,30.862388610839844,127865.31829313001,4940,0.001,31125280.0,98,174061,7059,-54337.6640625,105.04
696996,0.08483058214187622,30.90928840637207,127404.81829313001,4944,0.001,22254756.0,98,174223,7066,-47898.17578125,106.79
697296,0.7552284002304077,30.49169158935547,127310.45974647,4948,0.001,24591084.0,98,174298,7069,-51140.7265625,107.69
697580,1.1869919300079346,29.831626892089844,127493.15974647,4952,0.001,107066328.0,98,174369,7073,-48612.6796875,104.84
697936,1.6400372982025146,28.933401107788086,127553.45974647,4956,0.001,9411376.0,98,174458,7077,-50392.4609375,103.82
699644,-0.8304528594017029,26.268014907836914,127492.05974647001,4960,0.001,38275752.0,98,174885,7097,-47621.39453125,111.13
701972,0.7400999665260315,27.127599716186523,126512.65974647,4964,0.001,21614914.0,98,175467,7124,-47087.96484375,122.42
702236,0.4462297558784485,26.870134353637695,125044.75974647001,4968,0.001,40933696.0,98,175533,7127,-48170.5859375,136.5
702520,0.1941314935684204,26.37113380432129,125203.45974647,4972,0.001,14360740.0,98,175604,7130,-52601.70703125,133.25
703372,-0.3693434000015259,26.776094436645508,125068.64995943001,4976,0.001,16649642.0,98,175817,7140,-53744.71875,134.68
704212,-0.49142396450042725,28.63826560974121,124664.74995943,4980,0.001,11445768.0,98,176027,7150,-49145.9140625,138.03
704776,-0.6636539697647095,29.772117614746094,124331.94995943,4984,0.001,14431706.0,98,176168,7157,-49189.7734375,140.39
705052,-1.3328723907470703,29.983882904052734,124181.63149412001,4988,0.001,21138224.0,98,176237,7161,-46509.58203125,139.04
705356,0.20620954036712646,30.183364868164062,122126.58828903001,4992,0.001,16223292.0,98,176313,7164,-48559.58203125,137.2
705768,1.3874340057373047,30.05235481262207,122170.08828903001,4996,0.001,15487996.0,98,176416,7169,-49023.921875,136.05
706088,1.366999626159668,29.400362014770508,121436.58828903001,5000,0.001,6971386.0,98,176496,7173,-53957.07421875,144.12
706312,0.6580483317375183,28.9123477935791,121776.18828903,5004,0.001,23814426.0,98,176552,7176,-53577.6484375,143.16
706608,-0.28133535385131836,28.481197357177734,121852.48828903,5008,0.001,18295392.0,98,176626,7179,-50240.7734375,139.35
706888,0.580618143081665,28.407203674316406,121859.68828903,5012,0.001,49028016.0,98,176696,7183,-48919.1015625,139.11
707180,1.0250577926635742,28.531421661376953,121532.38828903,5016,0.001,28899512.0,98,176769,7186,-46326.95703125,139.6
707392,1.2804887294769287,28.339569091796875,121523.08828903001,5020,0.001,34477592.0,98,176822,7188,-54545.4453125,139.58
708116,0.2126358598470688,27.423137664794922,121656.43433804,5024,0.001,8146827.0,98,177003,7196,-50357.171875,136.52
708308,-0.23091274499893188,27.50004768371582,122012.13433803999,5028,0.001,19195768.0,98,177051,7198,-48773.703125,130.9
708532,-0.960157573223114,27.691579818725586,122086.23433804,5032,0.001,18195888.0,98,177107,7200,-49614.26953125,129.33
708796,0.029536545276641846,27.866701126098633,122144.73433804,5036,0.001,29115140.0,98,177173,7202,-49560.7265625,128.28
709048,-0.11825336515903473,27.7591552734375,122199.04700787,5040,0.001,7377945.0,98,177236,7205,-50411.01953125,127.19
709316,-0.05478370189666748,27.651981353759766,122675.74700787,5044,0.001,9670019.0,98,177303,7208,-49941.3828125,124.84
709536,-0.2540692389011383,27.638595581054688,122824.24700787,5048,0.001,9614524.0,98,177358,7210,-50229.0546875,122.8
709760,0.04114857316017151,27.623889923095703,122844.04700787,5052,0.001,19523000.0,98,177414,7212,-49276.09375,122.17
710168,-0.12250962853431702,27.56581687927246,122911.22447092,5056,0.001,45096528.0,98,177516,7215,-52191.3828125,120.62
710528,-0.3717471957206726,27.42866325378418,123203.5021583,5060,0.001,28975996.0,98,177606,7219,-53172.38671875,115.52
710936,-2.266704559326172,27.726850509643555,124351.1021583,5064,0.001,24385620.0,98,177708,7225,-46961.94921875,104.84
711984,0.3524458706378937,32.05764389038086,126029.79522655,5068,0.001,21629246.0,98,177970,7235,-51464.8203125,93.04
712316,0.5835009217262268,32.112648010253906,125809.98090738,5072,0.001,10647175.0,98,178053,7239,-54487.0234375,95.41
712612,1.6313012838363647,31.64964485168457,125761.49069442,5076,0.001,10717948.0,98,178127,7242,-47843.85546875,96.46
713120,0.9626439809799194,30.62388038635254,126216.39069442,5080,0.001,79299664.0,98,178254,7247,-50455.73828125,92.52
713620,-0.23806309700012207,30.24936294555664,126350.59069442,5084,0.001,13991818.0,98,178379,7253,-53225.234375,92.46
714012,-0.34288275241851807,30.690635681152344,126443.24692069,5088,0.001,15677734.0,98,178477,7257,-49037.0078125,94.35
714248,-0.6596296429634094,31.0035400390625,128575.39012577999,5092,0.001,36646456.0,98,178536,7260,-49039.4140625,94.79
714476,-0.10911056399345398,31.273937225341797,128575.02847753,5096,0.001,8727942.0,98,178593,7263,-52987.66015625,94.92
714704,0.33728164434432983,31.197391510009766,129394.02847753,5100,0.001,22359200.0,98,178650,7265,-51922.5703125,85.5
714908,1.723574161529541,30.949247360229492,129388.53692286,5104,0.001,14016242.0,98,178701,7267,-50143.609375,85.44
715096,0.6466081142425537,30.813085556030273,129614.03692286,5108,0.001,29003040.0,98,178748,7269,-49149.3046875,84.83
715276,0.1488649994134903,30.669775009155273,129717.03692286,5112,0.001,43173216.0,98,178793,7272,-49882.7734375,84.61
715476,0.8419421911239624,30.3641414642334,130079.73692286,5116,0.001,6659358.0,98,178843,7274,-50386.67578125,83.06
715696,1.9744009971618652,29.820602416992188,130095.63692286,5120,0.001,12056208.0,98,178898,7276,-54962.078125,82.68
715996,1.107656478881836,29.280447006225586,130658.43692286,5124,0.001,13460104.0,98,178973,7280,-49473.46875,78.08
716332,-0.2895129323005676,29.01691436767578,130696.93692286,5128,0.001,68185672.0,98,179057,7284,-52369.6796875,79.17
716696,0.4676174819469452,29.113784790039062,130667.53692286,5132,0.001,66226492.0,98,179148,7288,-49169.71875,79.73
717104,0.19311976432800293,28.72527313232422,130463.67925572999,5136,0.001,25827264.0,98,179250,7293,-50987.859375,82.26
717364,1.1953213214874268,28.271928787231445,130444.47925573001,5140,0.001,11857347.0,98,179315,7295,-52809.15234375,82.6
717604,0.816597580909729,27.311925888061523,130468.17925573,5144,0.001,23544152.0,98,179375,7298,-45696.09765625,82.11
717812,-0.06525802612304688,26.73851203918457,130354.51694607001,5148,0.001,13600792.0,98,179427,7300,-49340.734375,82.35
718064,-2.0712108612060547,26.891372680664062,130341.01694607001,5152,0.001,6359969.0,98,179490,7303,-52594.78125,82.77
718412,0.44160711765289307,27.651132583618164,130310.13948302,5156,0.001,12679659.0,98,179577,7307,-53363.52734375,83.56
718700,-0.8190912008285522,27.914396286010742,130472.26168775,5160,0.001,6977275.5,98,179649,7310,-50497.546875,81.28
718992,0.20943696796894073,28.062162399291992,130494.76168775,5164,0.001,26526812.0,98,179722,7313,-54372.1953125,80.98
719212,1.5661897659301758,28.252500534057617,130663.4686195,5168,0.001,65059872.0,98,179777,7316,-50873.55859375,77.16
719584,0.8052030801773071,28.196069717407227,130890.48293867,5172,0.001,13449182.0,98,179870,7319,-53069.015625,74.67
719844,-0.29548439383506775,28.120080947875977,131020.98293867,5176,0.001,8030677.0,98,179935,7322,-47596.1875,72.48
720044,-1.1010607481002808,28.317684173583984,131123.47116496,5180,0.001,21581540.0,98,179985,7325,-44524.59375,70.65
720296,0.0018759965896606445,28.657875061035156,131347.57116496,5184,0.001,9387009.0,98,180048,7328,-50914.87890625,67.41
720508,0.09162956476211548,28.667701721191406,131457.01493869,5188,0.001,27234134.0,98,180101,7330,-50482.140625,65.6
720764,0.2559548616409302,28.466812133789062,131472.61493868998,5192,0.001,23039626.0,98,180165,7333,-49030.3359375,65.29
721060,-0.4061520993709564,28.543254852294922,131469.37658694,5196,0.001,8354382.0,98,180239,7337,-51248.8984375,65.43
721280,0.32713761925697327,28.61591911315918,131460.37658694,5200,0.001,25025196.0,98,180294,7339,-54314.171875,65.7
721500,-0.1329706311225891,28.49185562133789,131161.96814160998,5204,0.001,26636884.0,98,180349,7342,-46092.52734375,65.77
721712,-0.4729662835597992,28.45745277404785,130967.36814160999,5208,0.001,35283192.0,98,180402,7345,-53903.83984375,65.89
721992,-0.005759410560131073,28.92510414123535,130925.50771860998,5212,0.001,50167460.0,98,180472,7348,-54224.82421875,67.04
722588,0.35540345311164856,29.177478790283203,130791.00771861,5216,0.001,15688888.0,98,180621,7355,-45559.71875,68.1
723296,0.3356861174106598,29.556716918945312,130540.20771861,5220,0.001,7101347.0,98,180798,7362,-51382.99609375,72.62
723712,0.528741717338562,29.11493682861328,130284.20771861,5224,0.001,20867582.0,98,180902,7367,-48813.2109375,75.78
723992,0.6639355421066284,28.670764923095703,128057.70667786,5228,0.001,14728121.0,98,180972,7369,-50524.66796875,76.68
724300,1.3697028160095215,27.897092819213867,127852.90667786001,5232,0.001,61360432.0,98,181049,7372,-52536.8125,77.02
724836,-1.0188480615615845,27.843481063842773,126617.48678827,5236,0.001,14737189.0,98,181183,7376,-47107.58203125,76.67
725184,-0.3361875116825104,28.265026092529297,126540.67978673,5240,0.001,13379716.0,98,181270,7379,-52857.42578125,78.27
725496,-0.73092120885849,28.721342086791992,126498.37978673,5244,0.001,12214456.0,98,181348,7382,-47673.71484375,78.93
725800,0.3833184242248535,28.75604820251465,126557.14209639,5248,0.001,13918183.0,98,181424,7385,-50295.5859375,79.71
726052,-0.12100297212600708,28.70659637451172,126544.84209639,5252,0.001,26224008.0,98,181487,7387,-50187.78515625,79.79
726304,-0.20686903595924377,28.826236724853516,126562.24209639,5256,0.001,9325190.0,98,181550,7389,-47934.1875,79.36
727236,-0.06204375624656677,30.717546463012695,126515.54220428,5260,0.001,49136656.0,98,181783,7398,-45256.97265625,80.74
727504,-0.13905656337738037,30.964126586914062,126077.84220428001,5264,0.001,23597598.0,98,181850,7400,-49502.3515625,83.59
727784,0.14413633942604065,30.98259162902832,126078.74220428002,5268,0.001,44711832.0,98,181920,7403,-48349.71875,83.29
730220,-0.7996493577957153,28.385639190673828,52910.64997257002,5272,0.001,19602196.0,98,182529,7426,-48321.2109375,93.28
730896,0.046613529324531555,29.253772735595703,-4096.050027550003,5276,0.001,17675504.0,98,182698,7433,-56511.08203125,102.93
731376,-0.9526622891426086,29.82765007019043,-4162.538253839998,5280,0.001,21810820.0,98,182818,7438,-52394.5234375,104.82
731768,0.38193315267562866,29.585601806640625,-57410.01030655,5284,0.001,37570416.0,98,182916,7442,-51508.80859375,114.61
732048,0.5888628363609314,29.284412384033203,-57415.41030654999,5288,0.001,48198740.0,98,182986,7445,-53846.21484375,115.0
732320,0.16146433353424072,28.998960494995117,-57425.64651190998,5292,0.001,19450500.0,98,183054,7448,-53939.32421875,115.37
732596,-0.5169886350631714,28.959514617919922,-57430.87732423,5296,0.001,12549002.0,98,183123,7451,-51918.76953125,115.48
732836,-0.49400410056114197,29.093502044677734,-57539.27732422999,5300,0.001,11590590.0,98,183183,7454,-49836.33984375,115.88
733052,0.18535774946212769,29.119123458862305,-57236.27732422999,5304,0.001,11003146.0,98,183237,7456,-55120.53125,116.02
733308,-0.8028882741928101,29.089284896850586,-57044.67732422999,5308,0.001,25784664.0,98,183301,7459,-51557.9453125,116.39
733560,0.6104978322982788,29.318601608276367,-57019.61690122998,5312,0.001,31346164.0,98,183364,7461,-51592.90625,115.98
733808,-0.03640776127576828,29.532880783081055,-56899.228858749986,5316,0.001,9862798.0,98,183426,7464,-53145.1796875,115.45
734056,0.14652344584465027,29.609052658081055,-56657.42885874999,5320,0.001,18617386.0,98,183488,7467,-50860.109375,111.35
734280,-0.27636781334877014,29.553285598754883,-56355.828858749985,5324,0.001,8276322.0,98,183544,7469,-49520.22265625,107.6
734476,1.2250926494598389,29.37567138671875,-54065.72781799999,5328,0.001,8590317.0,98,183593,7471,-52171.0546875,105.66
734752,1.8570753335952759,28.79107666015625,-53827.027818,5332,0.001,22241988.0,98,183662,7474,-54250.89453125,104.82
735016,1.5674734115600586,28.062904357910156,-52486.53036789999,5336,0.001,11191322.0,98,183728,7477,-51483.01171875,102.62
735312,0.033904820680618286,27.6848087310791,-52418.423366359995,5340,0.001,32895988.0,98,183802,7480,-49627.6328125,101.55
735556,-0.17320753633975983,28.029150009155273,-52373.423366359995,5344,0.001,13597247.0,98,183863,7483,-49313.20703125,100.98
735856,-0.5247620940208435,28.167030334472656,-52346.423366359995,5348,0.001,10676726.0,98,183938,7487,-49155.734375,100.83
736140,-1.0266330242156982,28.39970588684082,-52339.82336636001,5352,0.001,18581628.0,98,184009,7491,-51430.234375,100.91
736508,-0.2886172831058502,28.2066650390625,-52365.65438389001,5356,0.001,9221980.0,98,184101,7495,-51084.8046875,101.86
736864,0.41510361433029175,27.791366577148438,-52324.25438389,5360,0.001,10627010.0,98,184190,7499,-53470.75,100.93
737164,-1.3058336973190308,27.79354476928711,-51909.35438389001,5364,0.001,30406710.0,98,184265,7501,-52510.984375,98.57
737444,0.2941276729106903,28.32709312438965,-51910.25438389,5368,0.001,59712912.0,98,184335,7504,-46154.8046875,98.93
737672,-0.273336797952652,28.286558151245117,21255.13784781999,5372,0.001,12012006.0,98,184392,7506,-51348.11328125,89.09
737860,0.7394519448280334,28.244876861572266,78307.13784793999,5376,0.001,15442676.0,98,184439,7508,-49856.44921875,78.41
738084,-0.37657439708709717,28.115215301513672,78395.28189985998,5380,0.001,12354250.0,98,184495,7510,-51778.625,76.22
738288,-0.23727846145629883,27.980789184570312,131670.05395257,5384,0.001,8030796.0,98,184546,7513,-50823.703125,65.88
738536,1.1616716384887695,27.911117553710938,131589.85395257,5388,0.001,23160636.0,98,184608,7515,-52866.6328125,65.22
738788,-0.5680329203605652,27.865602493286133,131600.99015793,5392,0.001,8718832.0,98,184671,7518,-50770.7890625,64.85
739084,-1.0057791471481323,28.46532440185547,131603.82097025,5396,0.001,8888564.0,98,184745,7521,-49857.6484375,64.88
739492,0.24536004662513733,28.25307273864746,131505.62097025,5400,0.001,13434324.0,98,184847,7525,-53958.0078125,64.79
739816,-0.0716656744480133,28.190141677856445,131040.92097025,5404,0.001,67243344.0,98,184928,7528,-55541.0546875,67.58
740008,-0.037365466356277466,28.198854446411133,131042.42097025,5408,0.001,9103950.0,98,184976,7530,-51247.30859375,67.35
740244,-1.1550779342651367,28.562484741210938,130643.32097025,5412,0.001,9954478.0,98,185035,7532,-48544.625,67.08
740468,-1.1006661653518677,29.07706069946289,127323.23292777002,5416,0.001,52296204.0,98,185091,7535,-51421.56640625,66.79
740672,-0.8844528794288635,29.60639190673828,127334.93292777002,5420,0.001,22730452.0,98,185142,7537,-50490.7578125,66.31
741008,-0.42431700229644775,30.606704711914062,127291.09579313,5424,0.001,13733744.0,98,185226,7539,-52726.48828125,67.26
741408,0.026887893676757812,31.248191833496094,127164.39579312998,5428,0.001,10881194.0,98,185326,7543,-50986.7734375,67.88
741748,0.14047399163246155,31.047107696533203,126985.79579312999,5432,0.001,6551342.0,98,185411,7547,-52080.8359375,69.75
742052,0.27727025747299194,30.77805519104004,127069.87589975,5436,0.001,17343132.0,98,185487,7550,-53448.703125,70.23
742300,0.9312864542007446,30.583660125732422,127087.57589975,5440,0.001,19046344.0,98,185549,7553,-52462.15234375,69.85
742688,0.0588146448135376,30.018512725830078,126624.27589974999,5444,0.001,22498200.0,98,185646,7557,-52978.5859375,71.09
742908,-0.4888984262943268,30.140018463134766,126638.47794741999,5448,0.001,7044114.0,98,185701,7560,-54403.765625,70.55
743216,-0.6949894428253174,30.357656478881836,126652.87794742,5452,0.001,100634176.0,98,185778,7564,-52005.796875,70.22
743456,0.8810780644416809,30.436548233032227,126650.80896494999,5456,0.001,6599901.0,98,185838,7566,-55037.95703125,69.75
743760,0.24853196740150452,30.148786544799805,126686.50896495,5460,0.001,14560452.0,98,185914,7570,-48368.28515625,68.95
743980,-0.2601469159126282,30.004301071166992,126709.90896495,5464,0.001,10214930.0,98,185969,7572,-49655.140625,68.32
744304,-0.009701967239379883,30.0235652923584,126709.30896494999,5468,0.001,21501276.0,98,186050,7576,-53881.96875,68.22
744536,1.3015295267105103,29.670127868652344,126701.80896494999,5472,0.001,35373732.0,98,186108,7579,-53139.74609375,68.41
744820,-0.294009268283844,29.07358169555664,126571.80896494999,5476,0.001,16580835.0,98,186179,7581,-55237.75,69.32
745264,-0.937769889831543,29.3494873046875,126511.86491303,5480,0.001,7272551.5,98,186290,7585,-52188.72265625,70.45
745656,0.5015459060668945,29.385587692260742,126444.66491303,5484,0.001,13525217.0,98,186388,7588,-59226.9140625,72.21
745908,1.1994264125823975,28.989364624023438,126446.56491303,5488,0.001,22227396.0,98,186451,7590,-52227.30078125,73.83
746112,1.0760741233825684,28.544065475463867,126447.16491303,5492,0.001,6450971.0,98,186502,7592,-54730.45703125,73.69
746348,0.8224797248840332,28.13126564025879,126464.23184788,5496,0.001,11832668.0,98,186561,7594,-51646.6015625,73.12
746676,-0.08525142073631287,27.654888153076172,126545.33184787999,5500,0.001,93109792.0,98,186643,7597,-46458.3828125,73.51
747192,-0.20172610878944397,28.383188247680664,126948.23184788,5504,0.001,13089696.0,98,186772,7602,-49307.9765625,71.64
747936,-0.7006682753562927,29.649616241455078,126252.07454642,5508,0.001,23113656.0,98,186958,7610,-50953.8828125,76.38
748820,1.4722542762756348,32.509613037109375,119558.92498432999,5512,0.001,17118000.0,98,187179,7619,-53435.8359375,82.13
752456,1.0771629810333252,27.168500900268555,78741.74028048998,5516,0.001,10340052.0,98,188088,7651,-55994.6171875,110.64
752760,0.346625417470932,26.698328018188477,78724.04028049,5520,0.001,74852528.0,98,188164,7654,-52042.70703125,111.32
753040,-1.125280499458313,26.713468551635742,58833.48073264,5524,0.001,10277116.0,98,188234,7657,-51177.43359375,119.95
753696,-0.4106351137161255,27.436765670776367,56783.88649561999,5528,0.001,8785476.0,98,188398,7663,-56516.0,120.49
756216,-0.2836913466453552,31.746742248535156,47978.07533497999,5532,0.001,13381095.0,98,189028,7685,-54114.84375,122.67
757060,-0.04226124286651611,31.36907196044922,29789.126695460007,5536,0.001,28589628.0,98,189239,7692,-54965.515625,141.54
757308,1.049285888671875,31.219669342041016,25599.795549439998,5540,0.001,10191077.0,98,189301,7695,-51533.875,150.62
757432,-0.9018820524215698,31.073505401611328,17403.331736839995,5544,0.001,12947338.0,98,189332,7696,-53907.703125,148.03
757652,-0.5454709529876709,30.931100845336914,13106.844205469997,5548,0.001,32776740.0,98,189387,7698,-57953.6640625,147.01
757860,0.7956310510635376,30.981481552124023,13114.644205470002,5552,0.001,14164728.0,98,189439,7700,-55294.4296875,146.81
758064,0.6353078484535217,31.18376922607422,13168.044205470002,5556,0.001,33887544.0,98,189490,7702,-52319.4765625,145.96
758572,1.4424164295196533,30.763830184936523,13136.152013890001,5560,0.001,20408224.0,98,189617,7707,-61616.875,146.51
758820,0.2622855603694916,29.84007453918457,13074.952013889999,5564,0.001,88859952.0,98,189679,7709,-54499.8203125,148.04
759084,1.7148687839508057,29.08049964904785,13089.652013889998,5568,0.001,10395650.0,98,189745,7711,-52722.71484375,147.73
759368,0.5889337062835693,27.864288330078125,13091.152013889998,5572,0.001,9461423.0,98,189816,7714,-53497.203125,147.74
759804,-0.29118838906288147,26.36492919921875,13228.854140359997,5576,0.001,23344604.0,98,189925,7718,-49432.30078125,146.81
760004,-0.08804391324520111,26.2152156829834,13069.854140359997,5580,0.001,21732426.0,98,189975,7720,-58301.37109375,148.42
760272,-1.1323699951171875,26.348520278930664,13128.510629009996,5584,0.001,22181294.0,98,190042,7722,-55120.01171875,146.88
760488,0.17524641752243042,26.69274139404297,13215.810629009995,5588,0.001,13602010.0,98,190096,7724,-49476.3359375,145.38
760712,-0.11695566773414612,26.8955020904541,13218.810629009995,5592,0.001,48947116.0,98,190152,7726,-54296.7109375,145.4
760964,-0.43059295415878296,27.139904022216797,13215.843694159994,5596,0.001,14280620.0,98,190215,7729,-58414.984375,145.5
761208,-0.5301766991615295,27.62034034729004,13312.543694159995,5600,0.001,11124264.0,98,190276,7731,-57100.7578125,145.4
761812,-0.64188551902771,28.74677276611328,12990.043694159995,5604,0.001,22083968.0,98,190427,7737,-51612.76953125,146.63
762108,0.754807710647583,29.36391258239746,13405.12190965,5608,0.001,11121476.0,98,190501,7740,-57334.0078125,143.69
762356,-0.7222530841827393,29.664485931396484,20273.971471740002,5612,0.001,60469160.0,98,190563,7742,-55885.3125,138.54
762628,0.9572359323501587,29.312591552734375,64413.956175579995,5616,0.001,93028560.0,98,190631,7745,-51752.48046875,110.41
762944,0.8687782883644104,28.67345428466797,64284.711897889996,5620,0.001,24103660.0,98,190710,7747,-56044.6640625,111.02
763188,0.06377214938402176,28.154590606689453,83903.50858038,5624,0.001,40831520.0,98,190771,7750,-54822.90234375,101.69
763404,1.4401659965515137,27.615028381347656,85665.7028174,5628,0.001,21675118.0,98,190825,7753,-56722.8359375,100.79
763984,0.4529760479927063,26.842004776000977,94397.11397804,5632,0.001,9341209.0,98,190970,7759,-53407.51953125,99.35
764268,-0.009377002716064453,26.58060646057129,112241.06261755999,5636,0.001,12318956.0,98,191041,7762,-57004.05078125,80.9
764512,-0.5844972729682922,26.521869659423828,116025.89376358001,5640,0.001,33107020.0,98,191102,7765,-54898.4609375,71.79
764748,-1.8492923974990845,26.862157821655273,124287.45757618001,5644,0.001,17677734.0,98,191161,7768,-55393.7578125,72.81
764988,-1.053558111190796,27.53736686706543,128499.44305988001,5648,0.001,36432836.0,98,191221,7771,-56523.265625,73.53
765316,0.4276237487792969,28.117883682250977,128378.44305988001,5652,0.001,16755661.0,98,191303,7775,-57722.546875,73.99
766044,-0.8459380865097046,28.355470657348633,127862.34305988,5656,0.001,21320230.0,98,191485,7782,-57199.390625,75.67
766244,0.053310394287109375,28.283313751220703,127431.43525146,5660,0.001,11956925.0,98,191535,7784,-50900.82421875,78.48
766512,-0.06888970732688904,28.030960083007812,127407.03525146,5664,0.001,17785914.0,98,191602,7786,-58400.1484375,76.86
766764,1.0160216093063354,27.540813446044922,127313.63525146,5668,0.001,14696085.0,98,191665,7789,-56309.05859375,76.79
767000,1.0765050649642944,27.022754669189453,127025.03525146,5672,0.001,19616116.0,98,191724,7791,-52507.46875,76.47
767284,0.5494472980499268,26.211015701293945,126715.66211196,5676,0.001,23581226.0,98,191795,7794,-54185.546875,76.6
767692,0.8264684081077576,25.45660972595215,126373.23639732,5680,0.001,27259940.0,98,191897,7797,-51522.375,76.84
767984,-1.3192527294158936,25.160541534423828,126346.79911572,5684,0.001,19014988.0,98,191970,7800,-55332.4296875,77.33
768908,-0.08932338654994965,24.855850219726562,126127.49445299001,5688,0.001,21239920.0,98,192201,7807,-58763.0390625,81.09
769112,-1.1687793731689453,24.86964225769043,125968.79445299,5692,0.001,21343018.0,98,192252,7809,-56588.796875,83.98
769344,-0.3972300887107849,25.27181625366211,125973.59445299,5696,0.001,14788481.0,98,192310,7811,-55463.984375,83.79
769628,-1.1893668174743652,25.697500228881836,125972.09445299,5700,0.001,14737698.0,98,192381,7814,-57401.3828125,83.81
769864,-0.3415694832801819,26.062047958374023,126339.59445299,5704,0.001,21697172.0,98,192440,7816,-54253.5390625,81.98
770104,-1.1227612495422363,26.42375373840332,126611.97353896,5708,0.001,9199838.0,98,192500,7818,-55267.3125,80.41
770332,-1.013439416885376,26.82512664794922,126844.56935566998,5712,0.001,10682264.0,98,192557,7822,-54447.171875,79.74
770536,-0.9142072200775146,27.30316162109375,126840.66935567,5716,0.001,19511520.0,98,192608,7824,-54091.828125,79.66
770748,-0.42442387342453003,27.832761764526367,126975.48474161001,5720,0.001,27300620.0,98,192661,7827,-54123.76953125,78.53
770944,-0.7099283933639526,28.270809173583984,127295.58474160999,5724,0.001,6904589.0,98,192710,7829,-52817.4140625,78.01
771132,-0.8308196067810059,28.666526794433594,127712.68474160999,5728,0.001,10211236.0,98,192757,7831,-55082.45703125,77.65
771404,-1.8239433765411377,29.43349838256836,127956.35424860999,5732,0.001,11676220.0,98,192825,7834,-54629.734375,75.2
771700,-1.3948931694030762,30.39439582824707,128291.30942153999,5736,0.001,16539294.0,98,192899,7837,-53522.4765625,74.72
771972,0.020779669284820557,30.914897918701172,128683.80942153999,5740,0.001,15810565.0,98,192967,7839,-55113.734375,74.67
772180,1.255925178527832,30.985248565673828,129082.30942153999,5744,0.001,50229136.0,98,193019,7841,-54042.0625,74.63
772628,0.1568721979856491,30.24388885498047,129174.80942153999,5748,0.001,9796739.0,98,193131,7845,-55726.78125,74.67
772844,0.7950024604797363,29.703359603881836,129222.60942154,5752,0.001,8007992.5,98,193185,7847,-57447.20703125,75.9
773080,-0.072040855884552,29.09246253967285,129728.50942154,5756,0.001,26339324.0,98,193244,7849,-51648.79296875,74.47
773312,1.413709044456482,28.612829208374023,130187.40942154,5760,0.001,11195572.0,98,193302,7851,-57395.32421875,71.06
773664,0.9028704166412354,27.73621368408203,130060.70942154,5764,0.001,16913048.0,98,193390,7855,-58569.41796875,71.74
773848,1.3201388120651245,27.361604690551758,130175.40942154,5768,0.001,29175070.0,98,193436,7856,-56740.2421875,71.28
774108,0.8617122173309326,27.207962036132812,130484.63872011,5772,0.001,14110170.0,98,193501,7859,-52902.7109375,70.97
774320,-0.2689477205276489,27.2664794921875,130799.80973313999,5776,0.001,14962486.0,98,193554,7861,-52942.828125,70.59
774516,0.22024863958358765,27.22776222229004,131321.03544778,5780,0.001,43532276.0,98,193603,7863,-56561.39453125,68.32
775052,0.8564748167991638,26.735509872436523,131093.51624072998,5784,0.001,8009157.0,98,193737,7868,-54139.13671875,71.17
775384,0.4392698407173157,26.545856475830078,131312.82090346,5788,0.001,16522829.0,98,193820,7871,-57001.890625,67.41
775676,0.7759463787078857,26.326812744140625,131438.52090346,5792,0.001,22694026.0,98,193893,7874,-58082.359375,65.44
775984,-1.2440305948257446,26.143455505371094,131094.42090346,5796,0.001,19497174.0,98,193970,7878,-56962.33984375,66.49
776564,-0.14697828888893127,27.213043212890625,129148.42090346,5800,0.001,64506324.0,98,194115,7884,-54335.0,70.01
777020,0.6909123063087463,27.539409637451172,126562.12985898001,5804,0.001,16432397.0,98,194229,7889,-55344.78125,70.11
777212,1.3090649843215942,27.35795021057129,119331.47164333999,5808,0.001,20414814.0,98,194277,7891,-55494.4765625,69.73
777564,1.2230327129364014,26.5185489654541,117098.38444867,5812,0.001,17883342.0,98,194365,7894,-59379.8359375,70.04
777928,1.0770264863967896,25.740476608276367,116753.28444867,5816,0.001,13680782.0,98,194456,7899,-54728.296875,73.26
778256,-0.7209632992744446,25.567750930786133,116427.31334041999,5820,0.001,15577194.0,98,194538,7903,-53762.609375,74.22
778524,-1.3259689807891846,25.989500045776367,116394.31334041999,5824,0.001,21508468.0,98,194605,7906,-55707.8515625,74.93
778768,-0.9853640198707581,26.535049438476562,116268.81334041999,5828,0.001,14800429.0,98,194666,7908,-55222.2109375,75.54
779024,-2.11456298828125,27.2177791595459,116159.24383342,5832,0.001,17707184.0,98,194730,7911,-55064.6484375,75.65
779372,-1.6711429357528687,28.873966217041016,115884.58866048999,5836,0.001,9357247.0,98,194817,7915,-52418.45703125,75.2
779680,-1.9970951080322266,30.307191848754883,115880.08866048999,5840,0.001,15872917.0,98,194894,7919,-57434.5546875,75.77
779916,-1.3253222703933716,31.190921783447266,115832.68866048999,5844,0.001,21152696.0,98,194953,7921,-58277.765625,77.17
780236,0.5898237824440002,31.86104393005371,115815.88866048999,5848,0.001,5015718.0,98,195033,7925,-56278.125,77.61
780544,1.7404844760894775,31.954708099365234,115855.78866049,5852,0.001,5237204.0,98,195110,7929,-52902.75390625,76.85
780904,2.014641761779785,31.179428100585938,115831.92301751999,5856,0.001,14624326.0,98,195200,7933,-55377.7734375,77.31
781248,2.51416015625,29.44269371032715,115803.12301751999,5860,0.001,32231370.0,98,195286,7937,-55699.62109375,78.12
781556,0.7472598552703857,28.220529556274414,115661.52301752,5864,0.001,63319592.0,98,195363,7941,-53105.25,79.87
781804,0.16314658522605896,27.72440528869629,115641.72301752,5868,0.001,13052894.0,98,195425,7944,-55854.7578125,80.35
782108,-0.2406463325023651,27.729726791381836,115114.49371895,5872,0.001,13375944.0,98,195501,7947,-55367.140625,81.02
782332,-1.4603431224822998,27.920927047729492,115006.69371895,5876,0.001,20800762.0,98,195557,7950,-53759.328125,81.16
782568,-0.2503226101398468,28.206504821777344,114936.09371895,5880,0.001,24223816.0,98,195616,7953,-55156.46875,80.63
782768,-0.3478353023529053,28.376895904541016,114797.39371895,5884,0.001,21225628.0,98,195666,7955,-57436.3046875,77.05
783128,-1.3066213130950928,29.048049926757812,114484.49371895,5888,0.001,70603032.0,98,195756,7959,-57269.875,77.36
783560,0.8835073709487915,29.03879165649414,114133.79371895001,5892,0.001,17303940.0,98,195864,7964,-53316.1796875,77.85
783816,-2.30397891998291,28.99266815185547,113999.22148105002,5896,0.001,13941412.0,98,195928,7967,-55353.390625,78.22
784296,2.8947348594665527,28.858274459838867,115740.42148105001,5900,0.001,34919076.0,98,196048,7973,-54183.640625,74.8
784800,0.5187785029411316,27.96291732788086,116096.84160648001,5904,0.001,24146224.0,98,196174,7979,-60223.7265625,76.52
785204,0.06860750168561935,28.125364303588867,117178.39982212,5908,0.001,19917578.0,98,196275,7984,-56720.484375,79.14
785772,-0.06047126650810242,29.29819107055664,105507.29120008,5912,0.001,11800570.0,98,196417,7990,-54399.5859375,80.96
787748,-1.3421926498413086,28.896207809448242,82876.99120030999,5916,0.001,9511881.0,98,196911,8013,-56955.6015625,88.64
789504,-0.35891827940940857,31.82438087463379,50374.091200409996,5920,0.001,5846610.0,98,197350,8034,-59039.25,103.49
791892,-0.7125573754310608,32.220909118652344,28608.86442686,5924,0.001,52537328.0,98,197947,8062,-58321.90625,118.22
794212,1.3702189922332764,34.611297607421875,21666.54160757,5928,0.001,9080576.0,98,198527,8089,-51720.0078125,147.25
794804,-0.18621493875980377,34.291446685791016,15382.405721480001,5932,0.001,9835058.0,98,198675,8096,-56848.578125,155.9
795360,0.504850447177887,34.38261795043945,13297.90572148,5936,0.001,7603104.0,98,198814,8103,-55957.01171875,158.78
795728,1.4913811683654785,33.24281692504883,11627.80572148,5940,0.001,24288510.0,98,198906,8107,-59645.19921875,161.03
796108,2.1352295875549316,31.598865509033203,11605.54385972,5944,0.001,9465612.0,98,199001,8112,-62285.86328125,161.62
796512,1.2703537940979004,29.941923141479492,11409.88958811,5948,0.001,9819057.0,98,199102,8116,-54744.88671875,161.59
796720,0.31776291131973267,29.30089569091797,11080.78958811,5952,0.001,50127208.0,98,199154,8119,-59291.765625,162.05
797624,-0.3354675769805908,28.7708740234375,10954.05523108,5956,0.001,8640108.0,98,199380,8130,-55673.265625,164.12
798392,-0.03485195338726044,28.36359405517578,7433.55523108,5960,0.001,10884616.0,98,199572,8139,-58729.7734375,170.76
798964,-0.23138311505317688,28.61898422241211,6616.255231079998,5964,0.001,9484818.0,98,199715,8146,-55220.0078125,172.6
800064,0.0784725546836853,28.65367889404297,6427.255231079997,5968,0.001,9460827.0,98,199990,8159,-55494.140625,175.33
800268,-0.7581609487533569,28.32480812072754,6484.155231079997,5972,0.001,28987986.0,98,200041,8161,-56545.4296875,181.25
800604,0.8942784070968628,28.420717239379883,6271.255231079998,5976,0.001,37709740.0,98,200125,8166,-60318.8046875,181.53
800896,-1.1042234897613525,28.40406608581543,5669.455231079999,5980,0.001,41250696.0,98,200198,8169,-53915.890625,181.5
801256,-0.18552151322364807,28.786861419677734,5952.755231079999,5984,0.001,13282782.0,98,200288,8173,-56050.41015625,183.68
801492,-0.6485661864280701,28.898067474365234,6237.15523108,5988,0.001,20491176.0,98,200347,8176,-61535.203125,184.05
801904,0.914017915725708,28.966655731201172,6556.65523108,5992,0.001,35159808.0,98,200450,8181,-53968.05859375,183.79
802100,-1.4606597423553467,28.92183494567871,6964.22746898,5996,0.001,13565284.0,98,200499,8184,-56031.890625,183.66
802328,-0.4455285370349884,29.014963150024414,7200.22746898,6000,0.001,55580152.0,98,200556,8186,-59043.1640625,182.94
802856,0.9951757788658142,29.311809539794922,9329.29838803,6004,0.001,15923034.0,97,200688,8193,-56633.078125,183.04
803208,-0.3019917905330658,28.88775062561035,15385.39838803,6008,0.001,12768842.0,97,200776,8197,-58716.6796875,182.61
803516,1.7710533142089844,28.398630142211914,29270.798388029998,6012,0.001,56451368.0,97,200853,8201,-58250.03125,181.08
803812,0.26651352643966675,27.715728759765625,52250.698387799996,6016,0.001,19469636.0,97,200927,8204,-53169.6875,170.12
804040,0.580298662185669,27.299829483032227,84669.79838770001,6020,0.001,14001032.0,97,200984,8207,-59343.99609375,154.94
804228,0.15205535292625427,27.127613067626953,106472.82516125002,6024,0.001,16809672.0,97,201031,8209,-60070.03515625,139.49
804428,-0.1175319254398346,27.094926834106445,113435.84798054,6028,0.001,13986386.0,97,201081,8212,-56175.3984375,109.89
804648,-0.5806482434272766,27.108888626098633,119636.18386663002,6032,0.001,9145860.0,97,201136,8214,-56473.4609375,100.88
805300,0.32841676473617554,28.28510284423828,121904.78386663001,6036,0.001,22097124.0,97,201299,8222,-57521.19140625,98.47
805608,0.5362399816513062,28.210538864135742,123353.20306921001,6040,0.001,18652620.0,97,201376,8226,-58449.421875,98.41
805912,-0.635634183883667,28.2927303314209,123312.97204734,6044,0.001,55412344.0,97,201452,8230,-60151.71484375,98.31
806324,1.6291017532348633,28.37040901184082,123501.42631895,6048,0.001,30519976.0,97,201555,8235,-62664.75,98.52
806588,0.3260953426361084,27.939558029174805,123779.82631895,6052,0.001,6463197.0,97,201621,8238,-57738.01171875,98.52
806804,0.919497013092041,27.72102165222168,123930.72631895001,6056,0.001,7357975.0,97,201675,8240,-55392.0703125,95.83
807120,-0.045434415340423584,27.06015396118164,127484.82631895,6060,0.001,9135778.0,97,201754,8244,-57124.1015625,88.4
807464,-0.3436899483203888,26.858469009399414,128649.12631895,6064,0.001,8363119.0,97,201840,8248,-59941.7890625,84.51
807704,-0.0085524320602417,26.917686462402344,128799.72631895001,6068,0.001,13006954.0,97,201900,8251,-57219.3984375,82.28
808028,-0.8887314796447754,27.276601791381836,129181.02631895,6072,0.001,12006385.0,97,201981,8255,-54492.14453125,77.31
808400,0.46654385328292847,27.925373077392578,129298.82631895,6076,0.001,32666048.0,97,202074,8259,-58940.76171875,78.64
808960,0.44332176446914673,28.44384002685547,129944.82631895,6080,0.001,23368514.0,97,202214,8266,-63561.734375,79.81
809256,0.5126122236251831,28.88622283935547,129842.42631895,6084,0.001,14441094.0,97,202288,8269,-58836.60546875,79.8
809608,2.028937339782715,28.270296096801758,129849.62631895,6088,0.001,9465329.0,97,202376,8274,-57833.40625,79.86
810036,1.118456244468689,26.700397491455078,129853.52631895,6092,0.001,7800741.0,97,202483,8279,-55585.84375,80.12
810248,1.4837653636932373,25.94758415222168,129848.89685366002,6096,0.001,16003549.0,97,202536,8281,-58491.4453125,80.45
810496,1.8666362762451172,24.942764282226562,129854.89685365999,6100,0.001,21481632.0,97,202598,8284,-58889.76953125,80.22
810972,0.2713823914527893,23.904348373413086,129931.09685366,6104,0.001,20621928.0,97,202717,8290,-59536.3046875,78.76
811180,1.6152381896972656,23.66709327697754,129913.39685365999,6108,0.001,10703736.0,97,202769,8292,-58424.46484375,78.57
811408,-0.3672075569629669,23.379566192626953,129933.49685365999,6112,0.001,12450220.0,97,202826,8295,-61426.640625,77.93
811624,0.19789183139801025,23.405778884887695,129938.89685365999,6116,0.001,6837091.0,97,202880,8297,-54553.421875,77.84
812036,-0.4550710916519165,23.905088424682617,130357.49685365999,6120,0.001,37833848.0,97,202983,8302,-57017.34375,77.22
812508,-1.5422990322113037,24.94514274597168,129860.39685365999,6124,0.001,32218848.0,97,203101,8308,-62106.96484375,83.2
813016,-0.3415793478488922,27.071109771728516,129739.19685365999,6128,0.001,21724074.0,97,203228,8314,-58124.171875,85.53
813560,-0.46829429268836975,28.284345626831055,129902.59685366,6132,0.001,11335824.0,97,203364,8320,-60260.1171875,86.48
813816,0.16317352652549744,28.567472457885742,129912.59685366,6136,0.001,30674454.0,97,203428,8324,-63389.35546875,87.62
814048,0.9504142999649048,28.517250061035156,130162.66248024,6140,0.001,21174916.0,97,203486,8326,-57281.4140625,84.6
815232,-0.40729379653930664,31.231740951538086,129905.35536387,6144,0.001,99884768.0,97,203782,8341,-53355.203125,87.54
815500,-0.08384710550308228,31.690650939941406,128330.35536387,6148,0.001,35207880.0,97,203849,8344,-58049.09375,92.27
815804,1.4474358558654785,31.33380699157715,128351.8974612,6152,0.001,40423276.0,97,203925,8348,-59219.8828125,91.97
816204,1.0449748039245605,29.656774520874023,128311.24080034,6156,0.001,70783592.0,97,204025,8352,-58830.796875,92.93
816624,0.9148489236831665,28.828950881958008,128123.44080033999,6160,0.001,6984999.0,97,204130,8357,-60934.2578125,95.38
816856,0.42236462235450745,28.18764877319336,128124.94080033999,6164,0.001,202184032.0,97,204188,8360,-56245.89453125,95.15
817432,-0.8318741321563721,28.010398864746094,128047.54080034,6168,0.001,8593934.0,97,204332,8367,-57385.2109375,96.32
817708,-0.7975364923477173,28.489076614379883,128027.74080033999,6172,0.001,15782820.0,97,204401,8370,-61548.6796875,96.5
818448,-0.34272992610931396,28.33343505859375,128142.59913937999,6176,0.001,11136106.0,97,204586,8379,-57533.6015625,96.48
818632,-0.26621198654174805,28.309768676757812,127988.09913938,6180,0.001,21037516.0,97,204632,8381,-56535.32421875,98.81
819120,0.3500455915927887,28.875591278076172,127992.39913938001,6184,0.001,13877978.0,97,204754,8387,-56337.6328125,99.39
819388,-0.27575284242630005,28.720020294189453,127983.09913938,6188,0.001,48505968.0,97,204821,8390,-58627.63671875,99.46
819668,0.29210805892944336,28.699268341064453,127979.79913938,6192,0.001,14008565.0,97,204891,8393,-59567.7109375,99.0
820760,-1.725073218345642,28.29903793334961,127455.32860467,6196,0.001,9396010.0,97,205164,8406,-61148.8359375,103.7
821588,-0.04803159832954407,27.422744750976562,126648.32860467,6200,0.001,22811596.0,97,205371,8416,-56984.859375,110.49
821880,0.06639145314693451,27.4118595123291,126044.82860467,6204,0.001,7796216.5,97,205444,8419,-57578.62890625,111.66
822476,-1.4579159021377563,29.178466796875,125339.52860467,6208,0.001,11969625.0,97,205593,8428,-59473.32421875,114.15
822788,1.2646290063858032,30.261690139770508,125306.52860467,6212,0.001,12497270.0,97,205671,8432,-62043.3359375,115.1
823320,2.4852120876312256,29.056381225585938,125292.42860467,6216,0.001,23978580.0,97,205804,8438,-61208.6796875,115.48
823844,0.7771797180175781,27.28020668029785,124829.22860467,6220,0.001,11389120.0,97,205935,8444,-55512.1328125,120.72
824104,0.18442265689373016,26.88532066345215,125078.62860467,6224,0.001,13896934.0,97,206000,8447,-58499.3515625,115.67
824456,1.7893970012664795,26.3647518157959,125157.52860467,6228,0.001,8616726.0,97,206088,8451,-57659.1953125,114.63
825212,-0.13900074362754822,25.797222137451172,124764.92860467,6232,0.001,37575232.0,97,206277,8460,-62737.5546875,117.06
825456,-1.296119213104248,25.983795166015625,124549.32860467,6236,0.001,88913496.0,97,206338,8463,-59764.10546875,116.86
825720,-1.7304528951644897,26.61536979675293,124540.44377551001,6240,0.001,9093822.0,97,206404,8466,-57655.8125,116.98
825944,-1.3155384063720703,27.15505599975586,124909.74377551001,6244,0.001,58869416.0,97,206460,8469,-53771.8515625,112.38
826176,-0.46611306071281433,27.724834442138672,126318.82065118,6248,0.001,9767222.0,97,206518,8472,-63837.16015625,106.81
826508,-0.6557033658027649,28.012937545776367,125946.27855385002,6252,0.001,12949648.0,97,206601,8476,-60935.0859375,107.61
826752,-1.1300101280212402,28.20198631286621,125985.13521471001,6256,0.001,9288156.0,97,206662,8479,-61296.6484375,106.83
826988,-0.7484250664710999,28.539138793945312,126168.43521471001,6260,0.001,38108764.0,97,206721,8481,-60519.66796875,104.26
827792,0.005837082862854004,30.13129425048828,126112.33521471001,6264,0.001,16367930.0,97,206922,8491,-58862.5859375,105.08
828008,0.19180363416671753,30.080554962158203,125771.36143587,6268,0.001,45459816.0,97,206976,8494,-58976.0078125,107.38
828224,-0.41100525856018066,30.00557518005371,125772.76143587001,6272,0.001,30027924.0,97,207030,8496,-57800.78125,105.71
828436,0.9041913747787476,29.897031784057617,125854.80309682999,6276,0.001,19133560.0,97,207083,8499,-60319.3046875,104.09
828648,0.6912402510643005,29.55084991455078,125867.80309682999,6280,0.001,6183800.0,97,207136,8502,-61549.84375,100.53
828852,0.7081085443496704,29.19399070739746,126079.60309682999,6284,0.001,18921516.0,97,207187,8504,-57198.1484375,97.82
829052,1.1236293315887451,28.83354949951172,125823.10309682999,6288,0.001,17297600.0,97,207237,8506,-62845.9765625,96.7
829308,-0.7033054828643799,28.513368606567383,125782.20309683,6292,0.001,8588171.0,97,207301,8509,-58664.38671875,95.75
829760,1.3163820505142212,28.216997146606445,126250.40309682999,6296,0.001,15063686.0,97,207414,8515,-59651.7265625,91.64
830000,2.002138137817383,27.71249008178711,127017.80309682999,6300,0.001,7262152.5,97,207474,8518,-57027.14453125,85.57
830272,0.8114333152770996,27.130783081054688,127650.70309683,6304,0.001,30698794.0,97,207542,8521,-56582.140625,83.78
830528,1.1916159391403198,26.87503433227539,128255.00309682998,6308,0.001,20757678.0,97,207606,8524,-63790.34375,79.88
830816,0.38989678025245667,26.72116470336914,127958.00309682998,6312,0.001,36524924.0,97,207678,8527,-58687.68359375,79.75
831040,-0.028296038508415222,26.508352279663086,127867.60309682999,6316,0.001,12343177.0,97,207734,8530,-60837.4921875,79.4
831248,-0.3587046265602112,26.42206573486328,128036.50309682998,6320,0.001,39339656.0,97,207786,8532,-58973.4296875,74.0
831464,-1.5042603015899658,26.38566017150879,128174.60309682999,6324,0.001,25619030.0,97,207840,8535,-58169.4140625,73.15
831720,-0.98359215259552,26.73467445373535,128291.70309683,6328,0.001,12357375.0,97,207904,8538,-60845.3203125,72.43
831976,-0.801629900932312,26.965526580810547,128576.20309683,6332,0.001,17689008.0,97,207968,8541,-60196.140625,69.85
832208,0.11878645420074463,27.181421279907227,128615.40309682999,6336,0.001,18975528.0,97,208026,8544,-64108.76171875,68.0
832500,-0.19180116057395935,27.105152130126953,128553.30309682999,6340,0.001,4857969.0,97,208099,8547,-57227.7734375,68.87
832824,0.5456815958023071,26.809412002563477,128497.42533985998,6344,0.001,45317656.0,97,208180,8551,-57745.0859375,69.8
833760,-1.5939338207244873,27.12822723388672,126854.44846418999,6348,0.001,11564298.0,97,208414,8562,-61125.09375,71.03
834556,0.15199391543865204,28.690305709838867,118817.24846419,6352,0.001,13443942.0,97,208613,8571,-59821.234375,76.52
834720,0.6027578711509705,28.495386123657227,116397.33677062,6356,0.001,27109714.0,97,208654,8573,-61354.7421875,79.47
834932,-0.3387943208217621,28.276046752929688,116400.63677062,6360,0.001,48948160.0,97,208707,8576,-57145.9140625,79.54
835176,0.18233484029769897,28.24254608154297,116480.43677062,6364,0.001,19826608.0,97,208768,8578,-59017.7265625,78.47
835784,-0.17468133568763733,28.173612594604492,116695.91054946,6368,0.001,20704156.0,97,208920,8586,-59845.890625,76.3
836068,-0.8536664247512817,28.074127197265625,116392.71054946,6372,0.001,51978168.0,97,208991,8589,-59628.4609375,78.0
836288,-0.9591585993766785,28.222291946411133,116382.81054946,6376,0.001,6343020.0,97,209046,8592,-59952.453125,78.21
836596,0.6969574093818665,28.298349380493164,116536.01054946,6380,0.001,7934095.0,97,209123,8596,-57881.8984375,79.05
836824,-0.30323326587677,28.107620239257812,116532.11054945999,6384,0.001,19234400.0,97,209180,8598,-57850.28125,79.15
837064,0.1395854949951172,28.054428100585938,116720.96223640001,6388,0.001,10258988.0,97,209240,8601,-58079.40625,79.52
837308,-0.11270222067832947,27.908674240112305,116821.86223639999,6392,0.001,17296932.0,97,209301,8604,-56170.046875,79.7
837536,-0.05902719497680664,27.817649841308594,116845.16223639999,6396,0.001,13204924.0,97,209358,8607,-56305.44921875,77.72
837844,-0.426066517829895,27.843368530273438,116472.76223639998,6400,0.001,11752180.0,97,209435,8611,-61092.2421875,77.19
838096,0.7470217943191528,27.763996124267578,116037.36223639999,6404,0.001,6201928.0,97,209498,8614,-59491.1484375,77.83
838356,-0.501996636390686,27.58305549621582,116041.26223639998,6408,0.001,8090494.5,97,209563,8617,-57877.62109375,77.73
838616,-0.07567630708217621,27.885602951049805,116357.16223639999,6412,0.001,54744392.0,97,209628,8620,-52037.12890625,77.29
838960,1.751279354095459,27.419208526611328,116340.66223639999,6416,0.001,11770598.0,97,209714,8624,-58578.515625,77.66
839264,1.491384506225586,26.31576919555664,116170.63744084998,6420,0.001,18183044.0,97,209790,8628,-57356.7578125,79.06
839460,-0.3000930845737457,25.939945220947266,115852.82539869,6424,0.001,20404600.0,97,209839,8630,-57224.359375,79.62
839692,-0.726617693901062,26.091428756713867,115573.52539868999,6428,0.001,42826272.0,97,209897,8633,-57476.2890625,79.26
839980,-0.5372439622879028,26.45758056640625,115275.92539868999,6432,0.001,55383584.0,97,209969,8637,-57001.58984375,79.27
840216,-0.020119071006774902,26.59537696838379,115175.62539869,6436,0.001,53470168.0,97,210028,8640,-57235.18359375,79.55
840432,0.8900436162948608,26.681415557861328,114852.72539868999,6440,0.001,48872548.0,97,210082,8642,-59715.734375,78.33
840700,0.9724032878875732,26.672325134277344,114605.30315565999,6444,0.001,11344688.0,97,210149,8646,-59764.7734375,77.33
840980,-0.4894263446331024,26.6538143157959,116429.50315566,6448,0.001,7636526.5,97,210219,8649,-59988.27734375,76.55
841348,-0.6925255060195923,26.800012588500977,124755.80315565999,6452,0.001,10570657.0,97,210311,8654,-58103.515625,70.25
841592,0.6857606172561646,26.988088607788086,126944.81484923,6456,0.001,12421926.0,97,210372,8657,-56955.75,67.97
841800,0.15090899169445038,26.878854751586914,126543.31484923,6460,0.001,13237701.0,97,210424,8659,-58844.91796875,67.81
842048,1.7236254215240479,26.61195182800293,126135.17658807,6464,0.001,31815356.0,97,210486,8662,-56169.6875,67.81
842272,-0.3400852084159851,26.206998825073242,125972.87658806998,6468,0.001,9832476.0,97,210542,8665,-59955.8984375,66.16
842536,-1.0919671058654785,26.261760711669922,126256.27658806999,6472,0.001,13535384.0,97,210608,8668,-59491.37109375,64.82
842824,0.952462911605835,26.585474014282227,125836.47658806999,6476,0.001,96787688.0,97,210680,8672,-59072.9921875,65.21
843212,1.0315240621566772,26.31728744506836,125841.27658806999,6480,0.001,20929976.0,97,210777,8677,-63143.640625,65.56
843516,0.9807441234588623,26.291065216064453,125626.27658806999,6484,0.001,27272588.0,97,210853,8681,-60147.3203125,66.06
843744,0.6292679309844971,26.20349884033203,125459.12490113001,6488,0.001,12449187.0,97,210910,8684,-59606.390625,67.4
844004,0.15057271718978882,26.200838088989258,125460.19306375,6492,0.001,7364813.5,97,210975,8687,-58148.8203125,67.36
844340,-0.7358655333518982,26.254302978515625,125152.39306375,6496,0.001,19324820.0,97,211059,8691,-59321.8203125,67.62
844596,0.36089062690734863,26.23627471923828,124114.29306375001,6500,0.001,9466322.0,97,211123,8694,-61165.5859375,68.44
844928,0.4864870309829712,26.285024642944336,124506.10416969,6504,0.001,14043517.0,97,211206,8698,-59537.6796875,68.62
845164,0.4303186535835266,26.26601791381836,124710.30416968999,6508,0.001,25644068.0,97,211265,8701,-56240.1796875,68.66
845384,0.00555148720741272,26.014118194580078,124724.70416969,6512,0.001,19647568.0,97,211320,8704,-62580.796875,68.36
845616,0.35238367319107056,25.878124237060547,124841.50416969,6516,0.001,10423921.0,97,211378,8707,-59798.1796875,67.89
845848,1.3582569360733032,25.49595832824707,125300.42896524,6520,0.001,12044486.0,97,211436,8710,-61201.6171875,66.71
846072,0.7475711107254028,25.19736671447754,125717.6410074,6524,0.001,14325268.0,97,211492,8713,-58541.1640625,66.32
846308,-0.5114875435829163,25.139259338378906,126003.2410074,6528,0.001,9305254.0,97,211551,8716,-65249.3203125,66.41
846564,-1.0058658123016357,25.252843856811523,126384.04100740001,6532,0.001,7746077.0,97,211615,8719,-61850.1171875,66.54
846768,-0.2580501139163971,25.55369758605957,126802.04100740001,6536,0.001,7280201.5,97,211666,8721,-57071.625,65.94
846992,0.10271424055099487,25.906747817993164,127202.6410074,6540,0.001,17012036.0,97,211722,8724,-58922.4140625,65.89
847268,-0.16467860341072083,26.25272560119629,127497.54100740001,6544,0.001,51782996.0,97,211791,8728,-57303.0546875,66.03
847568,-1.410335659980774,26.666597366333008,127506.84100740001,6548,0.001,6609125.0,97,211866,8731,-58510.171875,65.57
847792,0.7197777628898621,26.89952850341797,127567.2410074,6552,0.001,43152768.0,97,211922,8734,-62302.3828125,65.6
847988,0.3709864616394043,26.791528701782227,127793.04100740001,6556,0.001,8045088.5,97,211971,8737,-55184.0390625,64.77
848216,-0.19778475165367126,26.61488151550293,128196.77736115002,6560,0.001,14621619.0,97,212028,8739,-60114.734375,64.73
848452,-1.6586799621582031,26.587173461914062,128611.21562231,6564,0.001,7331204.0,97,212087,8742,-62812.2734375,64.46
848928,0.2739119231700897,27.610071182250977,128926.91562231,6568,0.001,37678844.0,97,212206,8748,-62122.41796875,65.32
849392,-1.0830994844436646,28.81132698059082,128987.85816625001,6572,0.001,34797064.0,97,212322,8754,-59088.71875,66.08
849656,0.1336023211479187,29.77646827697754,129180.81628960998,6576,0.001,6769865.5,97,212388,8757,-60303.640625,68.21
849880,2.4850473403930664,29.99917221069336,129197.01628961001,6580,0.001,20177076.0,97,212444,8760,-57785.78125,67.43
850096,0.0425700843334198,29.873090744018555,129415.01628961001,6584,0.001,56832520.0,97,212498,8762,-61389.0625,66.95
850296,0.14691101014614105,29.643768310546875,129690.31628961001,6588,0.001,15554734.0,97,212548,8765,-64964.94140625,65.28
850508,0.5376070737838745,29.2802734375,129695.54812699002,6592,0.001,31744594.0,97,212601,8768,-62988.7890625,64.93
850744,1.752871036529541,28.774188995361328,130106.64812699001,6596,0.001,14206210.0,96,212660,8770,-66381.890625,64.62
851296,1.1030150651931763,27.022443771362305,131545.94812699,6600,0.001,12250690.0,96,212798,8777,-63716.1484375,64.0
851664,0.8474081158638,26.034629821777344,131383.13702105,6604,0.001,5868678.0,96,212890,8782,-62695.26953125,66.04
852072,0.5732665657997131,25.18311882019043,131393.03702105,6608,0.001,30723622.0,96,212992,8787,-61560.7265625,65.71
852396,-0.08491483330726624,24.979887008666992,130960.03702105001,6612,0.001,20469668.0,96,213073,8791,-61260.30078125,69.55
852612,-0.26516106724739075,25.12607765197754,130905.13702105,6616,0.001,97682144.0,96,213127,8793,-63431.6796875,70.27
852796,-0.7618904113769531,25.29315757751465,130915.93702105,6620,0.001,21504714.0,96,213173,8795,-64056.7421875,70.0
853028,-0.5076126456260681,25.429275512695312,130917.43702105,6624,0.001,15183960.0,96,213231,8798,-61384.0703125,69.89
853708,-1.2948904037475586,26.8243408203125,130762.93702105,6628,0.001,17020476.0,96,213401,8806,-63271.4765625,73.3
853984,-0.7097687721252441,27.456310272216797,130719.73702105001,6632,0.001,10279182.0,96,213470,8810,-62010.76953125,74.44
854580,-0.6332112550735474,28.393030166625977,130594.39884275,6636,0.001,31597890.0,96,213619,8817,-58962.109375,75.07
854876,-0.30113133788108826,28.597209930419922,130406.89884275,6640,0.001,14438152.0,96,213693,8821,-62318.8125,77.69
855200,-1.068626046180725,28.401620864868164,130413.19884275,6644,0.001,43800200.0,96,213774,8825,-61767.48828125,77.66
855548,0.8362072110176086,28.396089553833008,130497.49884275,6648,0.001,6791685.0,96,213861,8829,-67023.8359375,76.77
855784,1.5770002603530884,28.067306518554688,130504.39884275,6652,0.001,83204576.0,96,213920,8832,-63376.921875,76.78
856148,0.36716127395629883,27.31705093383789,130082.49884275,6656,0.001,76289648.0,96,214011,8837,-59030.37890625,80.79
856404,0.1699436753988266,26.951805114746094,130055.062489,6660,0.001,17092048.0,96,214075,8840,-61909.37109375,81.59
856812,-1.3452353477478027,27.154706954956055,129977.662489,6664,0.001,21327776.0,96,214177,8845,-69704.125,83.42
857088,0.3489722013473511,27.279848098754883,130039.162489,6668,0.001,37056156.0,96,214246,8848,-63962.15234375,83.17
857340,1.220147728919983,27.181413650512695,130083.61994506,6672,0.001,29533562.0,96,214309,8852,-59871.375,82.56
857592,0.07694494724273682,26.984472274780273,130310.4618217,6676,0.001,7954795.0,96,214372,8855,-63163.58203125,80.16
858624,0.8049590587615967,26.77507781982422,130060.74318625,6680,0.001,46122496.0,96,214630,8868,-63368.09375,83.56
858964,1.3883717060089111,26.54413414001465,129684.54318625,6684,0.001,29512112.0,96,214715,8872,-65221.71484375,88.96
859476,-0.8311471343040466,25.811729431152344,129601.14318624999,6688,0.001,78077608.0,96,214843,8879,-60605.33203125,91.08
859716,0.35044509172439575,25.758089065551758,129434.42327828,6692,0.001,9678983.0,96,214903,8882,-62794.0859375,92.67
859936,-0.613144040107727,25.83507537841797,129432.91507267,6696,0.001,14581699.0,96,214958,8885,-61447.359375,92.6
860168,-1.4127148389816284,26.361602783203125,129430.51507267001,6700,0.001,8557339.0,96,215016,8887,-62525.796875,92.2
860436,-0.28901609778404236,27.145296096801758,129629.49451724,6704,0.001,9718882.0,96,215083,8889,-60743.984375,89.52
860672,-1.557753324508667,27.645898818969727,129620.79451724,6708,0.001,18504820.0,96,215142,8891,-58023.859375,89.57
860896,-1.1886581182479858,28.28972816467285,130048.97823589001,6712,0.001,25231032.0,96,215198,8893,-65055.2109375,85.65
861164,-1.2537875175476074,29.096416473388672,130088.19798177,6716,0.001,13320199.0,96,215265,8896,-63756.0859375,85.36
861468,0.33747050166130066,29.633663177490234,130023.99798177001,6720,0.001,35474184.0,96,215341,8898,-60751.8984375,86.69
861696,0.3640595078468323,29.374969482421875,130018.59798177,6724,0.001,10632635.0,96,215398,8900,-64396.640625,86.72
861948,1.0457308292388916,28.96389389038086,130161.39798177,6728,0.001,13356086.0,96,215461,8902,-59892.984375,83.64
862192,0.8870365023612976,28.347745895385742,130233.69798177,6732,0.001,13279066.0,96,215522,8904,-56379.1484375,82.19
862396,0.8914209008216858,27.749116897583008,130359.33616007,6736,0.001,10403884.0,96,215573,8906,-58725.328125,81.46
862588,0.38097816705703735,27.30058479309082,130548.93616007,6740,0.001,13461694.0,96,215621,8908,-59001.71875,78.71
863064,1.3650834560394287,26.221668243408203,130527.16082719,6744,0.001,15892134.0,96,215740,8912,-61525.2890625,78.95
863364,0.13353270292282104,25.643672943115234,130423.14408571,6748,0.001,14017989.0,96,215815,8914,-60262.15625,80.52
863720,-0.3622077703475952,25.746137619018555,130357.28192482002,6752,0.001,55863448.0,96,215904,8918,-59566.0546875,81.48
863968,-0.10308071970939636,25.920228958129883,130715.88192482,6756,0.001,27841150.0,96,215966,8920,-64812.7578125,78.41
864200,0.2995043098926544,25.96285057067871,130733.81367357001,6760,0.001,51504112.0,96,216024,8922,-61237.08203125,77.87
864492,0.7298203110694885,25.854236602783203,130803.11367357001,6764,0.001,12048723.0,96,216097,8924,-63408.76171875,76.22
865684,-1.2322864532470703,24.467729568481445,128556.41367357,6768,0.001,51350224.0,96,216395,8933,-60207.3671875,83.41
866168,-0.33775416016578674,24.378162384033203,128262.41367357,6772,0.001,33276286.0,96,216516,8937,-61484.3203125,86.43
866456,-0.4834721088409424,24.715871810913086,128140.31367357001,6776,0.001,25601652.0,96,216588,8939,-65296.75390625,87.83
867560,-1.0650522708892822,25.296762466430664,127710.53230902001,6780,0.001,7841512.0,96,216864,8948,-59415.3828125,91.48
867804,-0.829738199710846,25.642492294311523,127865.57695939,6784,0.001,8449080.0,96,216925,8949,-59480.8203125,88.38
868064,0.6840869784355164,25.588747024536133,127813.57695939,6788,0.001,12284022.0,96,216990,8952,-61591.078125,86.99
868292,0.8638646006584167,25.131513595581055,127976.09686735999,6792,0.001,16740425.0,96,217047,8953,-59921.546875,85.66
868568,1.0289475917816162,24.678268432617188,127964.10507297,6796,0.001,13673538.0,96,217116,8956,-61182.06640625,85.91
868760,0.601967453956604,24.447307586669922,127882.70507297,6800,0.001,18145038.0,96,217164,8957,-60240.203125,85.8
869060,-2.2868900299072266,24.866500854492188,127669.54691214,6804,0.001,7032496.0,96,217239,8960,-63912.6171875,86.03
869288,-1.5047169923782349,25.735790252685547,127665.04691214,6808,0.001,22231040.0,96,217296,8962,-60916.3046875,86.24
869516,-0.35426047444343567,26.40427589416504,127667.46319349,6812,0.001,11321206.0,96,217353,8964,-62468.21875,86.31
869728,0.007254436612129211,26.843618392944336,127692.44344760999,6816,0.001,44464904.0,97,217406,8966,-63795.64453125,85.78
870044,-1.3531494140625,27.58084487915039,127759.34344761,6820,0.001,16714662.0,97,217485,8968,-56631.84375,84.51
870296,-0.7591957449913025,28.187776565551758,127719.14344761,6824,0.001,13313052.0,97,217548,8971,-62491.65234375,85.01
870692,0.7656466960906982,28.285903930664062,127628.14344761,6828,0.001,4761404.0,97,217647,8974,-63122.55859375,84.95
871092,0.9729973077774048,27.60169219970703,127626.34344761,6832,0.001,12933554.0,97,217747,8978,-58635.41796875,84.83
871308,-0.35000431537628174,27.171031951904297,127475.94344760999,6836,0.001,8587232.0,97,217801,8980,-62254.5703125,85.49
871504,1.141169548034668,26.999229431152344,127122.84344761,6840,0.001,8461106.0,97,217850,8981,-61992.75390625,88.8
872296,0.19566890597343445,26.35256004333496,127100.51878049,6844,0.001,43066736.0,97,218048,8987,-65228.1328125,88.92
872604,-0.40710973739624023,26.27748680114746,126754.33588695999,6848,0.001,20419956.0,97,218125,8990,-61471.3359375,92.69
872856,-0.20740234851837158,26.363752365112305,126788.99804785001,6852,0.001,11227853.0,97,218188,8992,-63580.9609375,92.17
873124,1.0219857692718506,26.308189392089844,126869.09804785,6856,0.001,9227653.0,97,218255,8994,-64146.3046875,91.24
874420,0.3637687563896179,26.694095611572266,126619.5662991,6860,0.001,6210187.5,97,218579,9005,-67486.2421875,93.92
874684,-0.9879799485206604,26.874759674072266,126190.48009196,6864,0.001,7875366.0,97,218645,9007,-60606.0703125,98.8
875188,-0.7132611870765686,27.57961654663086,128056.18009195998,6868,0.001,17266936.0,97,218771,9011,-61065.6875,95.13
875436,-1.3393993377685547,27.86870002746582,128150.98009195998,6872,0.001,22165708.0,97,218833,9013,-63343.19921875,94.28
875732,-0.03387045860290527,28.018787384033203,128284.78009195998,6876,0.001,15502344.0,97,218907,9016,-64548.109375,92.49
876008,0.8425392508506775,27.99806785583496,128970.88009195999,6880,0.001,44675556.0,97,218976,9018,-67142.96875,85.43
876204,0.13232558965682983,27.751731872558594,129177.03544159,6884,0.001,8549973.0,97,219025,9020,-65515.13671875,83.42
876424,0.17710095643997192,27.69928550720215,129315.13544158998,6888,0.001,38373800.0,97,219080,9023,-60885.3671875,82.6
876660,0.1594187617301941,27.57802963256836,129307.6057012,6892,0.001,8949751.0,97,219139,9025,-64851.81640625,82.76
876908,-0.06644422560930252,27.24970054626465,129309.7057012,6896,0.001,28466418.0,97,219201,9027,-63167.6796875,82.69
877132,0.0929250717163086,27.251407623291016,129396.50570119999,6900,0.001,33328990.0,97,219257,9029,-62285.859375,83.01
877544,0.3242235779762268,27.571250915527344,129603.58441746,6904,0.001,7774165.5,97,219360,9032,-64039.21875,82.78
877808,-0.5820633769035339,27.575525283813477,129459.84747856,6908,0.001,9390010.0,97,219426,9035,-64071.9921875,84.75
878120,0.5051388144493103,27.504560470581055,129437.64747855999,6912,0.001,5806480.5,97,219504,9038,-63161.43359375,85.4
878380,0.6585769653320312,27.46363067626953,129413.04747855998,6916,0.001,7642362.0,97,219569,9040,-63233.390625,85.98
878584,1.2537086009979248,27.18531608581543,129404.94747855999,6920,0.001,22333272.0,97,219620,9042,-62445.94140625,86.19
878776,0.8205972909927368,26.880250930786133,129451.74747855999,6924,0.001,9329670.0,97,219668,9043,-63818.95703125,85.5
878976,0.13527259230613708,26.674030303955078,129564.94747855999,6928,0.001,16355381.0,97,219718,9045,-63439.81640625,84.94
879284,-0.6140760183334351,26.7457218170166,129519.64747855999,6932,0.001,17877734.0,97,219795,9048,-63233.8515625,85.58
879484,-1.2780426740646362,26.820938110351562,129670.94747855999,6936,0.001,10054844.0,97,219845,9050,-62432.0390625,84.92
879680,0.0016504526138305664,27.004959106445312,130022.54747855998,6940,0.001,9519532.0,97,219894,9051,-63499.93359375,81.6
879892,-1.9123179912567139,27.496076583862305,130066.34102907998,6944,0.001,37402848.0,97,219947,9053,-64654.84765625,81.16
880412,-0.24357745051383972,28.926061630249023,130364.14066409,6948,0.001,20668028.0,97,220077,9057,-63945.828125,77.84
880632,0.28239351511001587,29.143766403198242,130299.94066409,6952,0.001,18661836.0,97,220132,9059,-62084.46875,78.45
880816,-0.8813613653182983,29.389162063598633,130315.54066408999,6956,0.001,14046115.0,97,220178,9060,-68827.546875,77.96
881040,-0.7854432463645935,29.756860733032227,130580.72903767,6960,0.001,9517508.0,97,220234,9062,-64112.5546875,74.85
881268,-0.6113482117652893,30.196697235107422,131006.51524480998,6964,0.001,27212506.0,97,220291,9064,-62690.78125,70.05
881472,0.9973965883255005,30.224960327148438,131425.91524481,6968,0.001,7024951.0,97,220342,9066,-63075.99609375,65.28
881860,1.4717226028442383,29.26542854309082,131512.37329676,6972,0.001,18899938.0,97,220439,9069,-61603.671875,64.55
882024,1.3107359409332275,28.604717254638672,122645.78377463999,6976,0.001,12265146.0,97,220480,9071,-69468.3515625,63.67
882116,1.6330208778381348,28.248075485229492,116018.21548243001,6980,0.001,44035784.0,97,220503,9072,-65250.54296875,62.62
882200,1.5726583003997803,27.849748611450195,107408.92168893998,6984,0.001,127214800.0,97,220524,9072,-64530.99609375,61.03
882444,0.13160809874534607,27.11930274963379,100867.47393481001,6988,0.001,33984084.0,97,220585,9074,-63437.78125,60.41
882584,0.1503058820962906,27.03179359436035,98690.84980593002,6992,0.001,69403080.0,97,220620,9075,-63202.4453125,60.4
882724,0.014943256974220276,27.09537124633789,90009.19808444999,6996,0.001,35372088.0,97,220655,9077,-66360.625,59.46
882840,0.48162710666656494,27.011770248413086,81434.97253551999,7000,0.001,16994760.0,97,220684,9078,-63793.015625,58.22
883024,-1.025532841682434,27.101903915405273,77206.23251653,7004,0.001,18627768.0,97,220730,9079,-63643.84375,57.19
883232,0.8412765860557556,27.19467544555664,75191.08002142001,7008,0.001,11585872.0,97,220782,9081,-60758.625,54.71
883428,0.8085229992866516,26.893295288085938,75213.28002142,7012,0.001,18263144.0,97,220831,9083,-61461.7265625,53.88
884204,0.9834334850311279,24.619184494018555,75105.88002142,7016,0.001,7951859.0,97,221025,9090,-64982.7890625,54.85
884964,-0.6440389156341553,24.140705108642578,74798.01605691,7020,0.001,18299446.0,97,221215,9096,-65718.453125,57.67
885208,-2.4559106826782227,24.950733184814453,74197.11605691,7024,0.001,9229623.0,97,221276,9098,-65949.8203125,64.17
885552,0.4550507068634033,26.045637130737305,74173.64991092001,7028,0.001,11997120.0,97,221362,9101,-64282.0546875,65.07
885796,1.453776240348816,26.019084930419922,73982.64991092001,7032,0.001,47075480.0,97,221423,9103,-62235.3515625,65.43
886008,0.4572674334049225,25.61652183532715,73985.34991092,7036,0.001,13889471.0,97,221476,9105,-63815.91796875,65.49
886244,0.3981747329235077,25.300905227661133,73976.04991092,7040,0.001,32034790.0,97,221535,9107,-62194.60546875,65.77
886452,-0.6966627836227417,25.20187759399414,73964.78462444,7044,0.001,7970182.0,97,221587,9109,-66088.2734375,65.96
886740,-0.958302915096283,25.78295135498047,74088.52111789999,7048,0.001,61091080.0,97,221659,9111,-67280.5625,64.77
887060,-1.8301867246627808,27.006084442138672,74154.79375764,7052,0.001,10910790.0,97,221739,9113,-62307.78125,64.27
887348,-1.5364152193069458,27.945781707763672,74107.39375763999,7056,0.001,6179038.0,97,221811,9116,-65684.265625,65.34
887728,-0.2638700604438782,28.92384147644043,74027.00538406,7060,0.001,13277792.0,97,221906,9119,-65792.8046875,67.0
888160,0.06595206260681152,29.55848503112793,74002.96122189,7064,0.001,35881708.0,97,222014,9123,-65008.0078125,67.47
888820,1.3854832649230957,28.617372512817383,73744.06122189,7068,0.001,23085330.0,97,222179,9128,-64904.05078125,71.39
889060,1.9888240098953247,27.621129989624023,73646.80316994,7072,0.001,7163088.0,97,222239,9130,-63903.1328125,71.79
889456,1.9266012907028198,26.21281623840332,84608.54690311,7076,0.001,6512628.0,97,222338,9133,-66411.015625,74.77
889680,0.2899482250213623,25.541162490844727,89024.26098426999,7080,0.001,7505777.0,97,222394,9136,-63882.37109375,75.15
889936,0.13870686292648315,25.209659576416016,97632.65477776,7084,0.001,14160310.0,97,222458,9138,-65181.9609375,76.68
890132,0.08901140093803406,25.209129333496094,104148.30253189002,7088,0.001,9448274.0,97,222507,9139,-65468.8984375,77.92
890312,-0.19856567680835724,25.379526138305664,106343.55640116,7092,0.001,18693644.0,97,222552,9141,-63955.45703125,77.28
890504,-0.8482589721679688,25.649656295776367,115046.04784097002,7096,0.001,6761477.0,97,222600,9143,-64582.07421875,77.67
890700,-1.2756025791168213,25.88137435913086,123634.97338990001,7100,0.001,10663572.0,97,222649,9145,-62980.0546875,78.48
891012,0.16812673211097717,26.247493743896484,127864.91340889002,7104,0.001,16742198.0,97,222727,9147,-65180.16015625,79.53
891224,0.5915265083312988,26.40399169921875,130041.80284290001,7108,0.001,14851914.0,97,222780,9149,-63125.98828125,79.59
891444,-0.7178003787994385,26.713048934936523,129640.60284290001,7112,0.001,9798736.0,97,222835,9151,-64917.015625,79.75
891880,-1.433943510055542,27.442136764526367,129231.2028429,7116,0.001,21756364.0,97,222944,9155,-61474.7578125,78.98
892132,-1.8941835165023804,27.604389190673828,129393.76680741001,7120,0.001,6371818.5,97,223007,9157,-65119.5625,76.89
892336,-1.1488747596740723,27.737634658813477,129912.16680741002,7124,0.001,38578972.0,97,223058,9159,-59326.5078125,71.64
892544,-1.0660592317581177,27.960010528564453,129940.1329534,7128,0.001,10792026.0,97,223110,9161,-64243.0,70.8
892764,-0.5060333013534546,28.614044189453125,130177.03295339999,7132,0.001,6936981.0,97,223165,9163,-63112.6640625,69.78
892988,0.6763580441474915,29.006675720214844,130171.28789552,7136,0.001,50037640.0,97,223221,9164,-61939.9453125,69.82
893300,-0.46265727281570435,28.801422119140625,130156.58789551999,7140,0.001,4291499.0,97,223299,9167,-68464.03125,70.04
893508,0.45223844051361084,28.63922882080078,130155.85963148,7144,0.001,10309235.0,97,223351,9169,-65359.58984375,70.01
893808,0.41721680760383606,28.51792335510254,130144.92313802,7148,0.001,6002789.5,97,223426,9171,-63103.7421875,69.6
894036,0.9677289724349976,28.018085479736328,130140.45049828,7152,0.001,63272200.0,97,223483,9173,-66843.2265625,69.6
894508,0.086382657289505,26.858745574951172,130082.40419719,7156,0.001,22650726.0,97,223601,9177,-63072.71875,70.15
895120,0.31102514266967773,26.149845123291016,129926.10419719,7160,0.001,72036344.0,97,223754,9181,-63271.546875,71.46
895436,-1.5364389419555664,26.42367935180664,129708.34835935998,7164,0.001,8621841.0,97,223833,9184,-61705.453125,74.1
895708,-0.2432861328125,27.031335830688477,129934.99345522,7168,0.001,7998777.0,97,223901,9187,-66705.328125,70.92
896140,-1.532962441444397,27.86285400390625,130069.99345522,7172,0.001,10170959.0,97,224009,9190,-66581.0,70.26
896484,-0.003997623920440674,28.663040161132812,130059.79345522,7176,0.001,34003948.0,97,224095,9193,-65195.5390625,71.08
896716,0.4846511483192444,28.734617233276367,130123.09345521999,7180,0.001,98598592.0,97,224153,9195,-64023.33984375,70.47
897060,-0.03301757574081421,28.965938568115234,130108.99345522,7184,0.001,6983066.5,97,224239,9198,-63565.8828125,70.64
897448,-0.1525745689868927,29.051284790039062,130107.49345522,7188,0.001,13516272.0,97,224336,9201,-66660.78125,70.78
897652,0.16172847151756287,28.885595321655273,129968.89345522,7192,0.001,10973716.0,97,224387,9203,-65749.609375,72.64
897864,-0.07936878502368927,28.967554092407227,129964.25373689,7196,0.001,8665316.0,97,224440,9204,-65005.12109375,72.8
898104,0.6932201385498047,29.191757202148438,129850.75373689,7200,0.001,9574358.0,97,224500,9206,-63889.42578125,73.13
898516,2.3694167137145996,28.467300415039062,129865.15373689,7204,0.001,8212432.0,97,224603,9210,-65449.0,73.04
898724,1.4265625476837158,27.608707427978516,129740.35373689,7208,0.001,12194597.0,97,224655,9211,-66202.25,75.07
898912,1.4468183517456055,26.750511169433594,130152.35373689,7212,0.001,9401648.0,97,224702,9213,-65322.58203125,74.85
899108,0.43330827355384827,26.18284034729004,130689.23945658,7216,0.001,53591276.0,97,224751,9215,-62679.09375,74.1
899340,1.1331408023834229,25.836091995239258,130831.23945657998,7220,0.001,7675216.5,97,224809,9217,-61604.28125,73.21
899552,1.321961522102356,25.453149795532227,130891.23126394999,7224,0.001,18300484.0,97,224862,9218,-65900.171875,72.41
899808,1.2749959230422974,24.96196174621582,130877.25048263998,7228,0.001,20238838.0,97,224926,9221,-67338.7421875,72.84
900416,0.15847250819206238,24.418508529663086,130736.55048263998,7232,0.001,86478872.0,97,225078,9225,-63425.2109375,74.29
900660,-0.7760183811187744,24.41693687438965,130577.59554052,7236,0.001,12352560.0,97,225139,9227,-64717.94921875,76.08
901356,-1.101022720336914,24.950115203857422,130369.31535355998,7240,0.001,5295812.0,97,225313,9232,-64858.80078125,78.4
901636,-2.343114137649536,25.7603702545166,130154.81535356,7244,0.001,9918730.0,97,225383,9235,-64485.33203125,80.78
902004,-1.4617924690246582,27.18927574157715,130096.15904689001,7248,0.001,26653838.0,97,225475,9238,-65441.6328125,81.53
903312,0.5144901275634766,29.401124954223633,129840.55904688999,7252,0.001,24153446.0,97,225802,9249,-65847.734375,84.62
903556,0.7192243933677673,28.97842788696289,129322.90534798,7256,0.001,40297880.0,97,225863,9251,-68126.4375,90.99
903968,1.0859922170639038,28.15337562561035,129385.00534798,7260,0.001,11068968.0,97,225966,9255,-66026.9375,90.66
904272,1.6954083442687988,27.479351043701172,129372.47128305999,7264,0.001,65025072.0,97,226042,9257,-68202.546875,88.31
904628,1.0208699703216553,26.747859954833984,129246.94076915999,7268,0.001,8854596.0,97,226131,9260,-65966.7578125,89.07
904928,1.0238500833511353,26.359622955322266,129301.24076916,7272,0.001,20359808.0,97,226206,9263,-65675.890625,88.31
905256,0.17605771124362946,26.380929946899414,129196.14076916,7276,0.001,13188588.0,97,226288,9266,-67029.84375,88.06
905572,-0.06162583827972412,26.32896614074707,129177.54076916,7280,0.001,13191233.0,97,226367,9268,-63623.83984375,88.5
905892,-0.5115969777107239,26.358051300048828,129159.54076916,7284,0.001,20551030.0,97,226447,9271,-64555.9375,89.04
906152,-0.4943966567516327,26.40997314453125,129149.04076916,7288,0.001,10286046.0,97,226512,9273,-63529.06640625,89.21
906448,0.08862107992172241,26.44051170349121,129261.84076916,7292,0.001,9636034.0,97,226586,9275,-62949.703125,88.09
906844,0.3892454206943512,26.520610809326172,129071.34076916,7296,0.001,11316196.0,97,226685,9279,-61801.1484375,90.39
907112,-0.15745967626571655,26.862140655517578,129159.94076915999,7300,0.001,6440958.5,97,226752,9281,-68237.6875,90.8
907520,-0.7050117254257202,27.30853271484375,129136.16386164,7304,0.001,14593981.0,97,226854,9284,-62898.87890625,91.53
907744,-1.0196949243545532,27.91021728515625,129185.06386164,7308,0.001,33156956.0,97,226910,9286,-67944.15625,90.77
908132,1.0170624256134033,28.410415649414062,129107.66386164,7312,0.001,22548928.0,97,227007,9289,-64255.0859375,92.36
908952,0.014193832874298096,28.53668975830078,128871.31404477,7316,0.001,12253816.0,97,227212,9295,-65723.1328125,94.38
909304,2.504106283187866,28.242769241333008,128628.61404477,7320,0.001,30457692.0,97,227300,9298,-65951.1328125,97.04
909536,1.698984146118164,27.328777313232422,128368.8222374,7324,0.001,31228692.0,97,227358,9301,-63643.984375,99.49
909732,1.0142085552215576,26.37640380859375,128378.60301871,7328,0.001,9240861.0,97,227407,9302,-63528.44921875,99.11
910600,-0.28317415714263916,23.785964965820312,128302.95055675,7332,0.001,22649138.0,97,227624,9309,-67812.21875,100.46
910908,-0.35558414459228516,24.021615982055664,128174.97936002999,7336,0.001,35142532.0,97,227701,9311,-68385.0,102.2
911180,-0.09973227977752686,24.56415367126465,128353.85954699,7340,0.001,28092108.0,97,227769,9314,-67030.3125,100.62
911452,-1.2423839569091797,24.94561195373535,128561.15954699,7344,0.001,7128550.5,97,227837,9316,-65520.3125,98.48
911672,-0.7047892212867737,24.985103607177734,128651.61585366,7348,0.001,17512360.0,97,227892,9318,-65797.5625,97.51
911904,-0.9254299998283386,24.900501251220703,128925.51585365999,7352,0.001,12273009.0,97,227950,9320,-66519.78125,94.08
912112,0.8615599274635315,25.02208709716797,129545.31585366,7356,0.001,25336496.0,97,228002,9321,-66080.390625,86.26
912456,-0.7031301259994507,25.304536819458008,129718.41585366,7360,0.001,30184078.0,97,228088,9324,-64741.4453125,83.73
912744,-0.0072689056396484375,25.5190486907959,129918.74991858,7364,0.001,18974780.0,97,228160,9326,-69556.515625,83.75
913020,-1.360097885131836,25.63668441772461,130045.93533662001,7368,0.001,106326512.0,97,228229,9328,-67579.125,83.12
913284,-0.9982200264930725,25.997148513793945,130061.83533662,7372,0.001,20762528.0,97,228295,9331,-68010.109375,82.71
913640,-0.8218778967857361,26.186437606811523,130155.23533661998,7376,0.001,11405295.0,97,228384,9334,-62923.98828125,82.84
913876,-0.838464617729187,26.315223693847656,130166.24021085001,7380,0.001,4785343.0,97,228443,9336,-63706.98828125,82.65
914112,-0.1525372564792633,26.790210723876953,130204.64021084999,7384,0.001,7284595.0,97,228502,9338,-64250.26171875,81.97
914400,0.03074727952480316,26.950441360473633,130217.99773642,7388,0.001,6227141.0,97,228574,9341,-64125.1171875,81.82
914908,-0.9093578457832336,26.858469009399414,130046.99773642,7392,0.001,25900800.0,97,228701,9345,-68898.9921875,84.1
915772,0.3932352066040039,26.55947494506836,130148.09773642,7396,0.001,21996912.0,97,228917,9352,-67832.1875,83.55
916500,0.19251711666584015,25.728784561157227,129806.34679689,7400,0.001,67394352.0,97,229099,9358,-66193.03125,87.74
917364,0.6234298944473267,25.820541381835938,126155.12370440998,7404,0.001,23835676.0,97,229315,9365,-63735.43359375,96.98
917612,-0.03981539607048035,25.564634323120117,124654.92370441002,7408,0.001,46402904.0,97,229377,9367,-65645.046875,97.74
918364,-0.07073670625686646,25.691722869873047,124505.52370441,7412,0.001,7499002.0,97,229565,9373,-67379.0234375,99.0
918588,0.8093499541282654,25.441162109375,124509.68780159,7416,0.001,8247512.0,97,229621,9375,-66074.6015625,100.01
918804,-0.8061703443527222,25.275354385375977,124755.68780159,7420,0.001,15128593.0,97,229675,9377,-64726.28125,97.48
919324,0.27790430188179016,25.98996925354004,124965.57090946,7424,0.001,9929918.0,97,229805,9381,-67154.71875,96.21
919860,-0.9798921942710876,25.806331634521484,124819.77090946,7428,0.001,13769543.0,97,229939,9386,-62651.3515625,98.94
920400,-0.4631572365760803,27.062541961669922,124837.52337142,7432,0.001,10619989.0,98,230074,9391,-64811.0859375,99.19
920952,0.363991379737854,27.824914932250977,124950.48644012,7436,0.001,10867098.0,98,230212,9395,-67686.171875,98.25
921308,0.0673486590385437,27.798913955688477,124776.48644012,7440,0.001,15257342.0,98,230301,9399,-67378.390625,100.54
921568,0.8490133881568909,27.66195297241211,124751.28644012,7444,0.001,34640688.0,98,230366,9401,-66119.828125,101.29
921804,-0.2632017731666565,27.4836483001709,124742.88644012,7448,0.001,9214400.0,98,230425,9403,-66964.3046875,101.42
922096,-0.44648706912994385,27.51641845703125,124687.98644012,7452,0.001,7656227.0,98,230498,9406,-66917.2421875,102.41
922404,0.716413676738739,27.537616729736328,124656.18644012,7456,0.001,12162314.0,98,230575,9409,-66083.96875,103.23
922800,0.4203951358795166,26.562881469726562,124532.88644012,7460,0.001,12501691.0,98,230674,9412,-68465.40625,105.39
923508,1.4197793006896973,24.902423858642578,124410.78644012,7464,0.001,13579127.0,98,230851,9419,-61385.96484375,106.91
923948,1.000304102897644,23.82286262512207,124186.98644012,7468,0.001,15926146.0,98,230961,9422,-65348.0703125,109.6
924284,-0.5767835378646851,23.37798309326172,124171.68644012,7472,0.001,50316864.0,98,231045,9425,-66745.71875,110.23
925920,-0.5917699933052063,25.5031681060791,110301.78644012,7476,0.001,18528816.0,98,231454,9439,-63302.76171875,120.06
926992,-0.8450901508331299,25.35149383544922,106346.25522048,7480,0.001,27712036.0,98,231722,9448,-66846.515625,123.21
927496,-0.6338316202163696,25.451414108276367,105599.75522048,7484,0.001,12680260.0,98,231848,9452,-66943.40625,130.18
927888,-0.38123026490211487,25.855730056762695,105615.94865104002,7488,0.001,18330176.0,98,231946,9455,-65122.90234375,129.7
928092,-0.10333361476659775,26.02940559387207,104977.54865104001,7492,0.001,10829399.0,98,231997,9457,-65178.6328125,132.1
928304,0.11995309591293335,26.117189407348633,105053.44865104002,7496,0.001,15623093.0,98,232050,9459,-62676.09375,130.71
929420,-0.33378687500953674,26.09037208557129,105316.29959057,7500,0.001,11564519.0,98,232329,9469,-64947.3671875,127.74
929692,1.075447916984558,26.165225982666016,108171.81082959,7504,0.001,17487960.0,98,232397,9471,-69494.5625,125.63
929972,1.6201962232589722,25.50136375427246,110089.84121273,7508,0.001,55729820.0,98,232467,9473,-67599.9921875,123.37
930204,1.489801049232483,24.6987361907959,110282.44121273,7512,0.001,31835502.0,98,232525,9475,-65115.5859375,121.27
930432,0.5150309205055237,23.96027183532715,110506.54121273,7516,0.001,13621031.0,98,232582,9478,-64308.71875,118.39
930628,0.7748799324035645,23.493364334106445,110511.34121273,7520,0.001,10870888.0,98,232631,9479,-66287.7109375,118.26
930808,-1.113286018371582,23.37619972229004,110584.95810486,7524,0.001,8059518.0,98,232676,9481,-62325.90625,116.53
930980,-0.7939895987510681,23.64348030090332,110747.25810486,7528,0.001,30400216.0,98,232719,9482,-65519.640625,113.46
931144,-1.7631653547286987,24.00662612915039,110965.35810486,7532,0.001,7895969.0,98,232760,9484,-67264.859375,109.97
931352,-2.3087446689605713,24.491682052612305,111161.56623288,7536,0.001,22002070.0,98,232812,9486,-66901.25,106.91
931592,-3.217151641845703,25.620222091674805,111386.56623288,7540,0.001,13177405.0,98,232872,9488,-62043.7578125,103.52
931944,-1.4839946031570435,27.964664459228516,111285.34225423001,7544,0.001,10797389.0,98,232960,9490,-65189.0625,103.83
932216,-1.043384075164795,28.924020767211914,111288.64225423001,7548,0.001,13096542.0,98,233028,9492,-65298.23046875,103.75
932412,1.503183126449585,29.290712356567383,111342.28087034001,7552,0.001,29560484.0,98,233077,9494,-67250.9375,102.83
932692,1.3039636611938477,29.14314079284668,111364.18087034,7556,0.001,38445128.0,98,233147,9496,-69190.640625,102.19
932936,1.3055825233459473,28.475067138671875,111468.58087034,7560,0.001,9094292.0,98,233208,9498,-63440.765625,100.57
933524,0.5817936658859253,26.74652671813965,111469.36795608999,7564,0.001,30742046.0,98,233355,9504,-62012.9140625,100.15
933864,-0.28640303015708923,26.365612030029297,111578.26795609001,7568,0.001,27826668.0,98,233440,9507,-64207.65625,99.46
934204,0.27990925312042236,26.27370834350586,111180.36795609,7572,0.001,9943125.0,98,233525,9510,-63988.625,99.09
934436,0.8585019707679749,26.188003540039062,125065.45398027002,7576,0.001,8290060.5,98,233583,9512,-63159.0234375,88.93
934644,0.23909324407577515,25.99313735961914,129097.58032568,7580,0.001,7483988.5,98,233635,9514,-66262.78125,84.52
934836,-0.13263976573944092,25.75373077392578,129855.67534188,7584,0.001,56336760.0,98,233683,9516,-63230.7734375,77.25
935028,-0.8330696225166321,25.73832893371582,129867.52438575,7588,0.001,6122016.0,98,233731,9517,-65998.421875,76.89
935256,-0.9897336363792419,26.018173217773438,130694.62438575,7592,0.001,10206462.0,98,233788,9520,-66852.328125,71.8
935544,0.0799337700009346,26.208547592163086,130702.42438575,7596,0.001,24832120.0,98,233860,9523,-64959.203125,71.75
935872,0.5616437196731567,26.158750534057617,130750.42438575,7600,0.001,14535115.0,98,233942,9525,-61794.3828125,70.78
936064,0.8473873138427734,26.16899299621582,131058.31314673,7604,0.001,25689028.0,98,233990,9527,-65414.55859375,64.51
936264,0.4605274796485901,25.883811950683594,131093.14809066,7608,0.001,36666328.0,98,234040,9529,-62532.4296875,63.62
936452,0.45650166273117065,25.623485565185547,131126.14809066002,7612,0.001,8257683.5,98,234087,9531,-66505.890625,62.94
936660,-0.128454327583313,25.451566696166992,131141.44809066,7616,0.001,11119299.0,98,234139,9533,-65958.78125,62.64
936860,-0.4646857976913452,25.495094299316406,131145.94809066,7620,0.001,9863230.0,98,234189,9534,-63424.453125,62.64
937076,0.03181964159011841,25.47136688232422,131147.14809066002,7624,0.001,26370216.0,98,234243,9536,-67332.40625,62.9
937264,-0.7616850137710571,25.49793243408203,131142.04809066,7628,0.001,9374747.0,98,234290,9538,-58684.6171875,63.07
937544,-0.5306698679924011,25.771020889282227,131074.96600738002,7632,0.001,13581178.0,98,234360,9541,-60788.96484375,64.55
937772,0.9129073619842529,25.759380340576172,131061.74744243,7636,0.001,4884710.5,98,234417,9543,-63891.45703125,64.93
937964,-0.028206035494804382,25.77234649658203,131076.99418139,7640,0.001,5641136.0,98,234465,9544,-66031.03125,64.66
938164,-0.6364120244979858,25.74688720703125,131237.8238303,7644,0.001,21293696.0,98,234515,9546,-64276.6875,62.84
938548,-0.7445799112319946,26.054475784301758,131257.02383030002,7648,0.001,22681038.0,98,234611,9550,-64068.7265625,62.38
938876,-0.09857262670993805,26.213403701782227,131084.58521419,7652,0.001,11992494.0,98,234693,9553,-67101.03125,64.5
940284,0.8718793392181396,26.925649642944336,130797.78521419,7656,0.001,8390650.0,98,235045,9565,-66886.078125,67.25
940480,1.7240300178527832,26.478759765625,129990.10530221001,7660,0.001,17909254.0,98,235094,9567,-65140.890625,75.45
940696,1.4353939294815063,25.764995574951172,130177.00885796001,7664,0.001,17870804.0,98,235148,9569,-69350.1484375,73.24
940868,0.9135897755622864,25.385746002197266,130330.30885795999,7668,0.001,6290568.0,98,235191,9570,-68693.140625,70.29
941112,-0.12089014053344727,24.877660751342773,130769.58339608,7672,0.001,12719074.0,98,235252,9573,-64901.2890625,69.52
941320,1.2402966022491455,24.71822738647461,130767.5973719,7676,0.001,8062756.0,98,235304,9574,-65567.71875,69.44
941560,1.869473934173584,24.523672103881836,130773.52219476001,7680,0.001,37087512.0,98,235364,9577,-66665.59375,69.24
941752,0.7554155588150024,24.02920150756836,130768.17205626001,7684,0.001,10089220.0,98,235412,9579,-62292.19140625,69.27
941992,-1.207881212234497,23.75971221923828,130769.07205626,7688,0.001,20564960.0,98,235472,9581,-65607.703125,69.3
942372,0.10125832259654999,23.982343673706055,130509.77205626,7692,0.001,17265260.0,98,235567,9584,-64600.75390625,71.4
942588,0.7004764080047607,23.934429168701172,130511.87205625999,7696,0.001,8245476.0,98,235621,9586,-66279.390625,71.3
942804,1.743369698524475,23.491243362426758,130559.27205626,7700,0.001,4952067.5,98,235675,9588,-62274.30859375,70.59
943040,0.7436902523040771,22.991195678710938,130699.3245513,7704,0.001,28745768.0,98,235734,9591,-63188.79296875,69.82
943212,-0.374349981546402,22.827789306640625,130698.45922423001,7708,0.001,10402658.0,98,235777,9592,-63209.21484375,69.82
943412,-0.9875669479370117,22.881345748901367,130494.85922423001,7712,0.001,22024620.0,98,235827,9594,-65636.3828125,69.76
943616,-0.19005009531974792,23.12263298034668,128171.53615618002,7716,0.001,48347696.0,98,235878,9596,-63487.4453125,69.8
943812,-0.8473951816558838,23.33367919921875,126072.78607131001,7720,0.001,83934880.0,98,235927,9598,-64992.765625,69.49
944020,-1.0959858894348145,23.564373016357422,126076.68607130999,7724,0.001,35532856.0,98,235979,9600,-65731.046875,69.36
944244,0.3586595058441162,23.910133361816406,126077.58607130998,7728,0.001,7974615.5,98,236035,9602,-67011.75,69.3
944448,0.2596415579319,24.03898811340332,126129.66815459,7732,0.001,12268780.0,98,236086,9604,-70647.984375,68.32
944648,-1.1647768020629883,24.20568084716797,126132.08671953999,7736,0.001,25128938.0,98,236136,9605,-63538.67578125,68.18
944824,-0.14129571616649628,24.398128509521484,126118.93998057999,7740,0.001,30726498.0,98,236180,9607,-64249.26171875,68.26
945044,-1.6823368072509766,24.807443618774414,126100.28724697999,7744,0.001,16540743.0,98,236235,9609,-63703.234375,68.37
945276,-1.109368920326233,25.36624526977539,126081.08724698,7748,0.001,8695126.0,98,236293,9611,-66009.625,68.59
945464,-1.6645114421844482,25.77210235595703,126248.32619297,7752,0.001,9533273.0,98,236340,9613,-67562.828125,66.19
945668,-1.7031893730163574,26.47581672668457,126542.62619297,7756,0.001,48365236.0,98,236391,9614,-66012.28125,63.07
945896,-1.2357685565948486,27.199668884277344,127361.40610494999,7760,0.001,79097832.0,98,236448,9616,-65503.828125,54.32
946120,0.3889252543449402,27.579557418823242,127345.61546345,7764,0.001,6643729.0,98,236504,9618,-66846.984375,54.34
946360,-0.22817492485046387,27.54068374633789,127320.89229936,7768,0.001,9172494.0,98,236564,9621,-70907.265625,54.77
946836,0.7569764852523804,27.466833114624023,127284.01776124,7772,0.001,7019259.0,98,236683,9626,-64157.09375,55.1
947028,1.7097113132476807,27.264404296875,127118.07835145,7776,0.001,6941611.5,98,236731,9628,-63998.4921875,56.79
947376,0.9000476598739624,26.467449188232422,127107.35352859,7780,0.001,16283847.0,98,236818,9630,-67412.6015625,57.06
947632,1.3766837120056152,25.772802352905273,126926.70865089,7784,0.001,12259388.0,98,236882,9633,-64621.140625,58.34
947872,1.780715823173523,25.126441955566406,126683.20865089,7788,0.001,21601074.0,98,236942,9635,-63799.01171875,59.16
948164,0.854546844959259,24.241758346557617,126919.70865089,7792,0.001,26437918.0,98,237015,9638,-64988.9375,57.34
948584,0.26833677291870117,24.136272430419922,126901.04720231998,7796,0.001,25688932.0,98,237120,9642,-67662.3125,57.45
948868,-0.0728272795677185,24.190998077392578,126716.84720231999,7800,0.001,23202268.0,98,237191,9644,-68721.0390625,59.75
949112,-1.0572179555892944,24.43680763244629,126308.89470728,7804,0.001,17655332.0,98,237252,9646,-65962.578125,59.93
949336,0.21088722348213196,24.56813621520996,126295.09470727999,7808,0.001,32130146.0,98,237308,9648,-63039.9140625,60.3
949544,0.130462184548378,24.43303680419922,126494.79470727999,7812,0.001,8532984.0,98,237360,9650,-67294.9375,60.4
949748,-0.17598041892051697,24.39835548400879,128699.81777532998,7816,0.001,15348366.0,98,237411,9652,-66975.8515625,60.61
949920,-0.5453743934631348,24.581192016601562,130795.5678602,7820,0.001,18830244.0,98,237454,9653,-61340.40625,60.87
950092,-0.7176710367202759,24.77392578125,130788.66786019999,7824,0.001,8620056.0,98,237497,9655,-65167.32421875,60.86
950552,-0.7507526874542236,25.374618530273438,130764.3678602,7828,0.001,13450712.0,98,237612,9658,-65694.8515625,61.31
950744,2.372429370880127,25.333192825317383,130626.96786019999,7832,0.001,8312534.0,98,237660,9660,-68247.796875,62.68
950976,1.1621363162994385,24.579984664916992,130528.46786019999,7836,0.001,14665188.0,98,237718,9662,-66412.234375,62.66
951184,0.028230085968971252,24.17835807800293,129619.60421800999,7840,0.001,10747376.0,98,237770,9664,-63336.01171875,62.83
951536,0.5676619410514832,24.100971221923828,128683.15128135,7844,0.001,11835436.0,98,237858,9666,-66073.21875,63.6
951980,-0.1291491538286209,23.560422897338867,128528.18661869998,7848,0.001,8509112.0,98,237969,9670,-65709.484375,64.5
952204,0.5175329446792603,23.48592185974121,128289.74767270999,7852,0.001,13123094.0,98,238025,9672,-67470.6328125,66.66
952380,-0.03560894727706909,23.44009017944336,128290.76315198999,7856,0.001,29592472.0,98,238069,9673,-67434.7109375,66.83
952768,-0.3977959454059601,23.65015411376953,128307.86315199,7860,0.001,10203766.0,98,238166,9677,-67164.5703125,66.5
952936,0.38354355096817017,23.842317581176758,128196.26315198999,7864,0.001,5603644.0,98,238208,9678,-66069.2890625,68.33
953132,-1.609270691871643,24.005939483642578,128222.48631608,7868,0.001,13781781.0,98,238257,9680,-67281.1015625,67.7
953292,-1.4447689056396484,24.23276710510254,128267.48631608,7872,0.001,9235370.0,98,238297,9681,-64264.421875,67.01
953484,-0.6402901411056519,24.583553314208984,128461.82617612001,7876,0.001,36118868.0,98,238345,9683,-68188.0546875,64.64
953652,-1.3242921829223633,25.021717071533203,128478.32617612001,7880,0.001,8139750.5,98,238387,9684,-69313.328125,64.06
953820,-0.4151892364025116,25.441253662109375,128680.57960933,7884,0.001,14106347.0,98,238429,9686,-68222.640625,62.24
953980,-0.3298018276691437,25.702529907226562,128931.87960933,7888,0.001,9942488.0,98,238469,9687,-67290.625,61.1
954176,-1.3689463138580322,26.043651580810547,128964.57960933,7892,0.001,21883026.0,98,238518,9688,-67000.140625,60.55
954492,-0.622154712677002,26.994524002075195,128983.5410579,7896,0.001,28724584.0,98,238597,9691,-64690.26171875,60.4
954816,-0.8382511138916016,27.704504013061523,129020.7410579,7900,0.001,9393610.0,98,238678,9694,-66478.265625,60.09
955024,-1.121877670288086,28.046470642089844,129443.5410579,7904,0.001,19784028.0,98,238730,9695,-69076.734375,59.63
955232,-1.914170265197754,28.490270614624023,129454.60955442,7908,0.001,28536884.0,98,238782,9697,-66090.8203125,59.38
955460,0.2612743377685547,28.986234664916992,129464.80955442,7912,0.001,8934420.0,98,238839,9699,-69224.0625,59.13
955640,1.1113179922103882,29.033405303955078,129583.93308143,7916,0.001,6286114.0,98,238884,9700,-66053.2421875,58.94
955808,2.6088781356811523,28.678686141967773,129594.43308143,7920,0.001,10557201.0,98,238926,9702,-66866.0,58.74
955984,1.5515587329864502,28.030935287475586,129612.13308143002,7924,0.001,28366232.0,98,238970,9703,-67952.046875,58.45
956216,0.5565693378448486,27.381309509277344,129417.49049729001,7928,0.001,18666796.0,98,239028,9706,-68650.515625,58.33
956512,-1.1899348497390747,27.29554557800293,126505.09049729,7932,0.001,14080077.0,98,239102,9708,-71260.6640625,57.54
957304,1.7941536903381348,28.05840301513672,114538.09049729,7936,0.001,23302468.0,98,239300,9714,-64118.1953125,60.56
957588,2.1065566539764404,27.213178634643555,115218.95413947999,7940,0.001,36489584.0,98,239371,9716,-67642.3046875,63.79
957856,1.466196060180664,26.36233901977539,116016.85413948,7944,0.001,9760118.0,98,239438,9718,-64826.94140625,63.71
958172,0.40262120962142944,25.50445556640625,116152.01880213,7948,0.001,13944439.0,98,239517,9721,-67063.734375,63.2
958452,-0.006649434566497803,25.12973403930664,116281.11880213,7952,0.001,11911923.0,98,239587,9723,-67581.34375,62.56
958888,0.5892345905303955,24.970340728759766,116173.70392542999,7956,0.001,11238811.0,98,239696,9727,-68929.359375,63.98
959104,1.2972664833068848,24.757125854492188,116088.50392542999,7960,0.001,8348939.5,98,239750,9728,-66832.265625,65.26
959436,-0.27271372079849243,24.609643936157227,116198.30392543,7964,0.001,6399950.0,98,239833,9731,-70175.03125,63.73
959644,-0.06924501061439514,24.795682907104492,116152.40392542999,7968,0.001,13877387.0,98,239885,9733,-63542.33984375,64.69
959880,0.09001107513904572,24.815963745117188,116128.80347518,7972,0.001,24870306.0,98,239944,9735,-65238.6875,65.21
960072,-0.9376099109649658,24.920228958129883,116119.80347518,7976,0.001,13336712.0,98,239992,9737,-69300.9609375,65.51
960372,0.1438298225402832,25.09149932861328,116050.20347518001,7980,0.001,100172432.0,98,240067,9739,-67134.7421875,66.45
960832,-1.0946695804595947,25.353103637695312,115861.85004197,7984,0.001,16394957.0,98,240182,9743,-66791.8515625,68.68
961028,-0.6199823617935181,25.80451011657715,115752.9020049,7988,0.001,8546229.0,98,240231,9745,-64807.02734375,70.63
961304,-0.3675425052642822,26.190521240234375,115739.7020049,7992,0.001,8778446.0,98,240300,9748,-65824.796875,71.01
961684,1.2860403060913086,25.996625900268555,115688.10200489999,7996,0.001,17915348.0,98,240395,9751,-66057.453125,71.71
961856,1.5615116357803345,25.725263595581055,115746.3020049,8000,0.001,18180684.0,98,240438,9753,-68451.3828125,70.82
962068,0.535094678401947,25.3884220123291,115757.7020049,8004,0.001,37500944.0,98,240491,9755,-67636.9453125,70.62
962272,-0.02600538730621338,25.2385196685791,115748.13350838,8008,0.001,7774890.5,98,240542,9757,-70655.046875,70.67
962560,0.4045202434062958,25.044057846069336,115734.03350838,8012,0.001,16678054.0,98,240614,9759,-62710.2265625,70.84
962864,-1.3345831632614136,25.066328048706055,115669.00335902002,8016,0.001,10607735.0,98,240690,9762,-70521.6875,71.87
963236,0.07431598007678986,25.427101135253906,115619.20335902002,8020,0.001,5576973.0,98,240783,9766,-68824.34375,72.63
963904,1.4888737201690674,24.832534790039062,115593.70335902002,8024,0.001,52044488.0,98,240950,9772,-67453.4296875,73.09
964076,-0.5954355001449585,24.598485946655273,115223.73554492001,8028,0.001,12888393.0,98,240993,9773,-67531.515625,79.3
964288,-0.20870813727378845,24.402376174926758,118085.23554492001,8032,0.001,12229431.0,98,241046,9775,-66450.0,78.3
964856,-0.15251871943473816,24.54774284362793,129617.93554492001,8036,0.001,33923996.0,98,241188,9780,-65313.2265625,77.81
965040,-0.0920635461807251,24.523958206176758,129758.63554492,8040,0.001,15298276.0,98,241234,9782,-66457.75,75.58
965508,-1.721238136291504,25.02204704284668,129683.73554492001,8044,0.001,8740306.0,98,241351,9786,-71752.5625,77.45
965684,-2.1343321800231934,25.499488830566406,129730.83554492,8048,0.001,12345452.0,98,241395,9788,-64302.3984375,76.6
965868,-1.0835731029510498,26.11015510559082,129860.73554492001,8052,0.001,12061560.0,98,241441,9789,-68007.4140625,74.91
966460,0.09740719199180603,27.442005157470703,129829.66373597,8056,0.001,8314234.0,98,241589,9794,-67864.9765625,75.23
966636,0.9207644462585449,27.43878173828125,129782.26373597,8060,0.001,8502028.0,98,241633,9795,-70477.796875,75.52
966820,0.6837700009346008,27.209203720092773,129804.46373597,8064,0.001,20416762.0,98,241679,9797,-63138.2734375,75.11
967052,-2.0936384201049805,27.27857208251953,129850.06373597,8068,0.001,45095644.0,98,241737,9799,-67406.40625,74.43
967284,-1.46929931640625,27.75806999206543,129786.46373597,8072,0.001,33449296.0,98,241795,9801,-66580.6875,75.38
967568,-0.8380147218704224,28.217571258544922,129779.15736249,8076,0.001,50882624.0,98,241866,9803,-65187.51171875,75.53
967820,0.08441755175590515,28.21939468383789,129812.15736249,8080,0.001,7631579.0,98,241929,9805,-67685.59375,75.45
968064,-0.8649753928184509,28.347705841064453,129963.35736249,8084,0.001,61023356.0,98,241990,9807,-64659.33203125,74.16
968524,2.8236846923828125,28.217435836791992,129961.60539956,8088,0.001,24983586.0,98,242105,9811,-65301.03125,74.22
969080,-1.394339919090271,27.082544326782227,129555.78156671999,8092,0.001,20211934.0,98,242244,9815,-70237.703125,75.64
969728,0.006397128105163574,28.57941436767578,129169.18156671998,8096,0.001,14038774.0,98,242406,9820,-68663.2734375,78.41
970112,0.29917997121810913,28.847171783447266,128690.98156671999,8100,0.001,13324839.0,98,242502,9823,-67807.640625,81.44
970408,0.6802312135696411,28.658248901367188,128512.08156672,8104,0.001,11632530.0,98,242576,9825,-68171.140625,82.9
970668,0.7976412773132324,28.387107849121094,128493.18156671998,8108,0.001,42984544.0,98,242641,9828,-68003.5625,83.35
970984,0.9153063297271729,27.919504165649414,128357.18156671998,8112,0.001,42136624.0,98,242720,9830,-69197.1328125,84.19
971384,1.0425214767456055,27.33445930480957,128409.08818907,8116,0.001,38366796.0,98,242820,9834,-69244.75,83.45
971688,-0.17351073026657104,26.701478958129883,128196.08818907,8120,0.001,7628994.0,98,242896,9837,-65822.984375,85.75
972120,-1.482332706451416,27.058135986328125,128137.58818907,8124,0.001,20108314.0,98,243004,9840,-65638.1484375,86.95
972404,0.3077046275138855,27.321786880493164,128646.39858731002,8128,0.001,9616799.0,98,243075,9842,-69218.03125,82.18
972668,0.1817476451396942,27.351350784301758,128805.59858731001,8132,0.001,6395659.0,98,243141,9844,-69077.75,83.24
972944,1.0655264854431152,27.217435836791992,129311.39858731002,8136,0.001,33192046.0,98,243210,9847,-66962.734375,81.36
973240,-0.05829840898513794,26.99583625793457,129363.89858731002,8140,0.001,14687128.0,98,243284,9849,-68702.6796875,81.17
973504,0.4330131411552429,27.033716201782227,129535.19858731002,8144,0.001,5096480.0,98,243350,9851,-69554.140625,79.39
973844,0.42737877368927,26.730525970458984,129504.59858731001,8148,0.001,97451808.0,98,243435,9854,-68879.1640625,80.2
974140,0.1772795021533966,26.13727378845215,129271.58412404,8152,0.001,16909138.0,98,243509,9857,-68078.3125,82.2
974480,-0.512565016746521,25.649702072143555,129195.95533041,8156,0.001,5534404.0,98,243594,9860,-67273.796875,82.47
974844,0.5674350261688232,25.768957138061523,129121.35533041,8160,0.001,12592504.0,98,243685,9862,-72042.515625,81.38
975192,0.3115052580833435,25.621028900146484,129068.25533041,8164,0.001,8063308.0,98,243772,9865,-67092.5,82.55
975420,-0.9547265768051147,25.7298583984375,129057.72645032001,8168,0.001,27287854.0,98,243829,9867,-67070.375,82.69
975648,0.4785967767238617,25.921884536743164,129013.79748777,8172,0.001,9253352.0,98,243886,9869,-66546.828125,83.1
975868,0.7779074907302856,25.95442008972168,129026.20386124999,8176,0.001,13735855.0,98,243941,9871,-64871.54296875,82.84
976096,0.11592034995555878,26.033443450927734,129043.49622978998,8180,0.001,6105522.0,98,243998,9873,-69018.84375,82.32
976360,0.11284202337265015,26.045705795288086,129044.69622979,8184,0.001,22992634.0,98,244064,9875,-69310.34375,82.28
976700,-1.6314033269882202,25.997779846191406,129100.49622979,8188,0.001,14954180.0,98,244149,9878,-67090.375,81.77
978360,-0.03525782376527786,24.901817321777344,128225.62006262998,8192,0.001,13472928.0,98,244564,9890,-65344.8515625,91.15
978584,0.25027310848236084,24.74979591369629,128135.22006262999,8196,0.001,11181792.0,98,244620,9892,-66034.953125,91.98
978800,0.25425946712493896,24.811412811279297,128701.92006262999,8200,0.001,36381628.0,98,244674,9894,-64999.3515625,87.77
979016,0.4708683490753174,24.795658111572266,128859.22006262999,8204,0.001,10154265.0,98,244728,9895,-68686.265625,86.64
979256,-1.3010163307189941,24.97792625427246,128876.02006262999,8208,0.001,15083700.0,98,244788,9897,-68012.859375,86.41
979520,-0.49797049164772034,25.708267211914062,129003.62006262998,8212,0.001,7090516.5,98,244854,9899,-68478.1953125,86.0
979808,0.42880144715309143,25.669614791870117,128982.32006263,8216,0.001,15419263.0,98,244926,9902,-67274.59375,86.38
980044,-1.264513373374939,25.826292037963867,129219.32006263,8220,0.001,14086752.0,98,244985,9904,-66637.015625,84.0
980300,0.20723575353622437,26.199825286865234,129274.22006262999,8224,0.001,11401811.0,98,245049,9906,-66246.828125,83.1
980540,-0.1250811219215393,26.394243240356445,129329.08136246,8228,0.001,24645164.0,98,245109,9908,-65216.34765625,82.08
980844,-0.10937043279409409,26.994781494140625,129310.18136245999,8232,0.001,9950912.0,98,245185,9911,-68680.0,82.11
981224,-0.40457046031951904,27.387454986572266,129244.78136246,8236,0.001,19390372.0,98,245280,9914,-65512.3125,83.21
981448,1.1727516651153564,27.0748348236084,122632.94594062999,8240,0.001,37085324.0,98,245336,9916,-69303.7734375,82.91
981712,0.7774534225463867,26.32062530517578,118452.14420670999,8244,0.001,14177485.0,98,245402,9918,-67570.8359375,82.38
981984,0.155141681432724,25.716781616210938,118448.24420670999,8248,0.001,16105774.0,98,245470,9920,-69044.09375,82.48
982528,0.5057122707366943,24.44710350036621,114053.44480010998,8252,0.001,14639276.0,98,245606,9924,-66879.921875,82.81
983216,0.5323566198348999,24.197763442993164,112387.74480011,8256,0.001,5319671.0,99,245778,9929,-66579.734375,83.14
983540,-0.49900367856025696,24.2448673248291,109553.94480011,8260,0.001,7910571.0,99,245859,9932,-67622.1484375,84.06
983808,-0.6981944441795349,24.54852294921875,109586.04480010999,8264,0.001,9799376.0,99,245926,9934,-67194.609375,83.29
984068,-1.9978054761886597,25.186704635620117,97141.47368019998,8268,0.001,11562976.0,99,245991,9937,-66366.53125,87.64
984272,-1.641436219215393,25.877721786499023,97236.70264275,8272,0.001,20391308.0,99,246042,9938,-69897.5625,86.6
984480,-0.43526148796081543,26.430622100830078,97245.70264275,8276,0.001,84486192.0,99,246094,9940,-71257.3046875,86.45
984676,0.15268266201019287,26.545286178588867,97144.31027421,8280,0.001,32479064.0,99,246143,9941,-68200.28125,86.56
984868,0.8794312477111816,26.347007751464844,97166.81027421,8284,0.001,10153043.0,99,246191,9943,-72553.7109375,85.93
985140,1.01902174949646,25.8338565826416,97208.81027421,8288,0.001,7461251.5,99,246259,9945,-69887.59375,84.95
985336,1.2093349695205688,25.3648738861084,98495.21027421,8292,0.001,55419824.0,99,246308,9947,-68252.03125,73.9
985596,0.7660719156265259,24.873353958129883,98922.91027421,8296,0.001,8973948.0,99,246373,9949,-69077.5546875,69.6
985836,-0.7595409750938416,24.869985580444336,98932.51027421001,8300,0.001,5620183.0,99,246433,9951,-69346.0,69.49
986040,-1.9517138004302979,25.255794525146484,98940.57284236001,8304,0.001,22706316.0,99,246484,9952,-65130.57421875,69.55
986244,-1.681685447692871,25.72323226928711,98953.17284235999,8308,0.001,43280360.0,99,246535,9954,-65969.53125,69.25
986448,-0.49362802505493164,26.189002990722656,98965.17284235999,8312,0.001,8590088.0,99,246586,9956,-69497.203125,68.85
986656,-0.7307203412055969,26.501754760742188,98998.17284235999,8316,0.001,38692332.0,99,246638,9957,-68240.96875,68.17
986852,0.40297365188598633,26.675880432128906,99017.07284236,8320,0.001,17977914.0,99,246687,9959,-68801.765625,67.66
987048,1.420911431312561,26.602903366088867,99029.67284235999,8324,0.001,6243450.0,99,246736,9961,-69710.2265625,67.15
987244,0.7830816507339478,26.186105728149414,99051.61154253001,8328,0.001,9123504.0,99,246785,9963,-68523.09375,66.51
987436,0.5957865715026855,25.738859176635742,99103.21154253,8332,0.001,50912880.0,99,246833,9964,-68274.03125,65.6
987632,-0.7736257910728455,25.363901138305664,99201.31154253,8336,0.001,15630550.0,99,246882,9966,-69752.4921875,63.77
987824,-0.4910653233528137,25.23171043395996,105854.84696436,8340,0.001,7041314.5,99,246930,9968,-69295.875,63.07
988024,-0.222968190908432,25.22334861755371,110076.74869828,8344,0.001,32902680.0,99,246980,9969,-65823.9375,63.13
988244,-0.15082743763923645,25.35083770751953,110098.04869828,8348,0.001,12266771.0,99,247035,9971,-66026.796875,62.51
988480,-0.7921342849731445,25.728796005249023,114704.25305623999,8352,0.001,5619131.0,99,247094,9973,-70680.2890625,60.66
988700,-0.46782994270324707,26.07197380065918,116547.05305624001,8356,0.001,10330868.0,99,247149,9975,-70807.5546875,58.9
988916,0.6316952109336853,26.316802978515625,119603.05305624001,8360,0.001,43317696.0,99,247203,9977,-63245.8359375,57.6
989488,0.28987789154052734,26.84676170349121,119451.66075176,8364,0.001,11109198.0,99,247346,9981,-64636.203125,60.09
989844,1.1970021724700928,26.79312515258789,131877.06075176,8368,0.001,20538968.0,99,247435,9984,-68639.15625,56.17
990044,0.7675802111625671,26.669673919677734,131788.26075176,8372,0.001,24707978.0,99,247485,9985,-67352.5546875,57.72
990240,0.8521937131881714,26.282917022705078,131787.96075176,8376,0.001,42688988.0,99,247534,9987,-68376.1875,57.58
990432,-0.01313367486000061,25.95860481262207,131906.86075176002,8380,0.001,9384568.0,99,247582,9989,-68911.15625,57.28
990836,0.3947300314903259,25.76662826538086,131888.86075176002,8384,0.001,4450372.0,99,247683,9992,-65789.875,58.06
993268,0.19019681215286255,25.99630355834961,130417.66075176,8388,0.001,25373444.0,99,248291,10010,-68686.921875,69.96
993540,1.6691279411315918,25.453725814819336,129713.26075176001,8392,0.001,5145927.0,99,248359,10012,-72902.1640625,75.86
993800,0.7570888996124268,24.78860092163086,129826.46075176001,8396,0.001,27710004.0,99,248424,10014,-69039.4609375,75.54
994100,0.5305521488189697,24.167943954467773,129829.65670662001,8400,0.001,23667320.0,99,248499,10017,-68621.2265625,75.52
994888,0.8403949737548828,23.761581420898438,129511.39413847,8404,0.001,14946569.0,99,248696,10022,-68466.359375,79.44
995092,0.10523948073387146,23.668092727661133,127304.25720056,8408,0.001,66195868.0,99,248747,10024,-65303.6796875,89.01
995360,0.0561094768345356,23.77460479736328,127297.95720055999,8412,0.001,79451096.0,99,248814,10027,-64424.5078125,89.31
995580,1.1713404655456543,23.59941291809082,127281.36120221998,8416,0.001,5980660.5,99,248869,10029,-68017.09375,89.62
995840,1.2778761386871338,22.827957153320312,127266.36120222001,8420,0.001,21726984.0,99,248934,10031,-67355.828125,89.91
996060,-0.7104053497314453,22.28374481201172,127227.96120222,8424,0.001,11727238.0,99,248989,10033,-67551.5703125,90.83
996276,-1.0858324766159058,22.3122615814209,127215.66120222,8428,0.001,13138053.0,99,249043,10035,-66184.484375,91.0
996928,-0.05369579792022705,23.34518814086914,127050.96120222,8432,0.001,9382055.0,99,249206,10042,-69511.796875,94.0
997372,0.7255145907402039,23.589752197265625,126983.43497388,8436,0.001,29622860.0,99,249317,10045,-70526.046875,95.65
997756,-0.345503568649292,23.3021297454834,119709.20862887999,8440,0.001,12004889.0,99,249413,10049,-67630.171875,99.35
998228,-3.3828392028808594,24.044816970825195,119660.60862887999,8444,0.001,8634127.0,99,249531,10053,-70949.25,100.22
998500,-1.6501712799072266,25.48979377746582,117358.01339836,8448,0.001,29876560.0,99,249599,10055,-72660.46875,101.92
998904,-0.21569006145000458,27.056676864624023,117341.82291026998,8452,0.001,9796635.0,99,249700,10059,-69286.09375,102.4
999128,0.036115601658821106,27.214086532592773,117241.02291026998,8456,0.001,79462312.0,99,249756,10060,-64991.87109375,103.99
999372,0.8489342927932739,26.9693660736084,117235.92291026999,8460,0.001,18325536.0,99,249817,10063,-70813.625,103.95
999616,2.097743034362793,26.29938507080078,117383.71521474999,8464,0.001,6867208.5,99,249878,10065,-68342.390625,101.52
999848,2.271897315979004,25.430313110351562,117404.11521474998,8468,0.001,14866626.0,99,249936,10067,-69601.546875,101.14
