# Blender v2.79 (sub 0) OBJ File: 'Birch_1.blend'
# www.blender.org
mtllib Birch_1.mtl
o Birch_1_Cylinder.049
v 0.058599 0.000972 0.030879
v 0.103511 -0.000730 -0.126163
v -0.076800 0.003336 0.137212
v -0.246310 0.004808 0.137309
v -0.374425 0.004887 0.040983
v -0.424677 0.004368 -0.108827
v -0.380052 0.003386 -0.264569
v -0.249037 0.001712 -0.367665
v -0.081861 -0.000119 -0.371561
v 0.051502 -0.001098 -0.277021
v -0.258611 3.788305 0.086075
v -0.230004 3.826930 -0.028891
v -0.351924 3.761974 0.164574
v -0.476471 3.771866 0.168208
v -0.576168 3.807214 0.097594
v -0.618221 3.846199 -0.015306
v -0.587283 3.874489 -0.134354
v -0.489351 3.881772 -0.210813
v -0.367161 3.875381 -0.210717
v -0.270487 3.859004 -0.140249
v -0.511507 6.992485 0.111571
v -0.480911 6.983471 0.023195
v -0.587310 6.989302 0.168125
v -0.682807 6.981395 0.169719
v -0.761351 6.970933 0.113012
v -0.789444 6.956978 0.019670
v -0.755956 6.941576 -0.071795
v -0.674396 6.929757 -0.127589
v -0.576098 6.935524 -0.124593
v -0.504227 6.961255 -0.065450
v -0.524058 9.306111 0.061769
v -0.511635 9.304803 0.027235
v -0.550135 9.320024 0.082909
v -0.579506 9.340908 0.082909
v -0.601214 9.360971 0.061769
v -0.606528 9.372278 0.027234
v -0.593341 9.370165 -0.006560
v -0.567790 9.356228 -0.026503
v -0.539513 9.336121 -0.026504
v -0.517958 9.316568 -0.006559
v -0.533417 8.281297 0.035905
v -0.510413 8.280024 -0.034330
v -0.592554 8.272743 0.079753
v -0.665144 8.259250 0.079543
v -0.722973 8.246088 0.035639
v -0.743808 8.236689 -0.034263
v -0.721003 8.233391 -0.103659
v -0.661952 8.237657 -0.148323
v -0.587838 8.251434 -0.148549
v -0.530756 8.268729 -0.103998
v -0.395163 6.564877 0.165266
v -0.307878 5.955179 0.164198
v -0.279377 5.951927 0.067812
v -0.360782 6.564145 0.068246
v -0.477637 6.545714 0.226891
v -0.389337 5.953791 0.224959
v -0.579941 6.516576 0.227580
v -0.489245 5.953006 0.223929
v -0.662198 6.489126 0.165173
v -0.568173 5.952982 0.165900
v -0.691256 6.471960 0.064052
v -0.600668 5.948627 0.073769
v -0.656353 6.470910 -0.036367
v -0.575006 5.942473 -0.021389
v -0.568973 6.482301 -0.098407
v -0.497705 5.934020 -0.084438
v -0.463645 6.510194 -0.096160
v -0.395421 5.936762 -0.086800
v -0.385607 6.545228 -0.030407
v -0.311816 5.946270 -0.027313
v -0.412225 5.909388 0.160521
v -0.352143 5.907431 0.097693
v -0.486886 5.948142 0.187921
v -0.546730 6.012487 0.169188
v -0.567383 6.077860 0.110564
v -0.541486 6.117416 0.034023
v -0.479725 6.115911 -0.031188
v -0.406527 6.071329 -0.062361
v -0.347418 6.003591 -0.042084
v -0.326403 5.942770 0.022105
v -0.061763 6.450036 0.387919
v -0.018613 6.442651 0.334818
v -0.119160 6.482960 0.410817
v -0.168237 6.531653 0.394180
v -0.189121 6.577441 0.343542
v -0.174257 6.601324 0.278131
v -0.129948 6.594073 0.223008
v -0.073903 6.556208 0.197805
v -0.025267 6.504995 0.216020
v -0.003768 6.463311 0.270562
v 0.196259 6.994807 0.653354
v 0.227395 6.991038 0.600779
v 0.156847 7.029600 0.686754
v 0.125389 7.084459 0.688179
v 0.114787 7.138306 0.656221
v 0.128358 7.169426 0.602749
v 0.160364 7.165963 0.548314
v 0.197269 7.127844 0.512154
v 0.227863 7.070629 0.511654
v 0.240263 7.019217 0.547679
v 0.545426 7.469192 0.985324
v 0.575526 7.465270 0.932160
v 0.508339 7.505012 1.020262
v 0.479720 7.561324 1.023629
v 0.471372 7.616468 0.993256
v 0.485684 7.648285 0.940391
v 0.516641 7.644675 0.885362
v 0.551014 7.605732 0.847620
v 0.578664 7.547088 0.845131
v 0.588994 7.494175 0.879602
v 0.875332 8.114309 1.344165
v 0.908527 8.122121 1.312670
v 0.828956 8.108113 1.350603
v 0.786356 8.107464 1.328567
v 0.764538 8.112951 1.285989
v 0.772269 8.121544 1.239372
v 0.806311 8.129639 1.206580
v 0.854422 8.132497 1.199690
v 0.897605 8.131958 1.223262
v 0.917415 8.129311 1.267477
v 0.962533 8.559595 1.522183
v 0.990828 8.568265 1.496119
v 0.924019 8.549216 1.526498
v 0.889219 8.542253 1.506480
v 0.872020 8.541715 1.469367
v 0.879456 8.547085 1.429611
v 0.908484 8.556016 1.402460
v 0.948866 8.563776 1.398035
v 0.984231 8.569904 1.419449
v 0.999341 8.572681 1.457698
v 0.579450 8.056093 0.749783
v 0.582478 8.043956 0.730224
v 0.590151 8.069508 0.766017
v 0.610959 8.079745 0.772160
v 0.633893 8.082720 0.765430
v 0.650056 8.076852 0.748656
v 0.653356 8.064366 0.728444
v 0.642646 8.049134 0.712751
v 0.621152 8.038499 0.707239
v 0.597861 8.037415 0.713970
v 0.540778 8.199776 0.676150
v 0.542591 8.191186 0.654800
v 0.552218 8.203706 0.696282
v 0.573357 8.201937 0.707189
v 0.596112 8.195079 0.704241
v 0.611427 8.185388 0.688684
v 0.613474 8.176481 0.666657
v 0.601139 8.170893 0.646587
v 0.579094 8.172527 0.636101
v 0.556825 8.181184 0.639479
v 0.517698 8.419677 0.576835
v 0.519271 8.413381 0.558329
v 0.526772 8.420533 0.594583
v 0.543781 8.415929 0.604589
v 0.562235 8.407597 0.602632
v 0.574734 8.398449 0.589525
v 0.576500 8.391896 0.570437
v 0.566478 8.389752 0.552605
v 0.548672 8.394327 0.542911
v 0.530814 8.404089 0.545359
v 0.683970 7.873429 0.869448
v 0.688919 7.859647 0.851430
v 0.691151 7.892112 0.881991
v 0.707882 7.909234 0.883559
v 0.727754 7.918004 0.873152
v 0.743222 7.914660 0.855080
v 0.748478 7.900525 0.836429
v 0.741943 7.880235 0.824656
v 0.724762 7.862636 0.823862
v 0.703928 7.855520 0.834073
v -0.698986 7.198577 -0.059564
v -0.731455 7.182945 -0.017551
v -0.646481 7.212533 -0.074389
v -0.593458 7.221121 -0.054754
v -0.560990 7.220974 -0.007395
v -0.561705 7.211055 0.049003
v -0.594915 7.194942 0.092672
v -0.648125 7.176570 0.106857
v -0.701756 7.167009 0.085094
v -0.733320 7.171555 0.036821
v -0.844119 7.541199 -0.100038
v -0.862729 7.524687 -0.069220
v -0.814869 7.566638 -0.111044
v -0.786519 7.592658 -0.097113
v -0.770449 7.609060 -0.063041
v -0.772509 7.608763 -0.022115
v -0.791563 7.591875 0.009914
v -0.819689 7.563406 0.021057
v -0.847895 7.536348 0.005751
v -0.864824 7.522867 -0.029543
v -1.092110 7.714846 -0.154326
v -1.103301 7.698241 -0.125337
v -1.078105 7.745284 -0.167068
v -1.067565 7.778960 -0.158119
v -1.064898 7.802649 -0.130413
v -1.070545 7.806752 -0.094635
v -1.082057 7.789824 -0.064541
v -1.093981 7.757508 -0.051163
v -1.103854 7.722907 -0.061145
v -1.108240 7.700984 -0.090410
v -1.377895 7.972400 -0.212753
v -1.388433 7.955763 -0.183540
v -1.365462 8.003315 -0.225971
v -1.356873 8.037685 -0.217595
v -1.355777 8.062011 -0.190339
v -1.361981 8.066481 -0.154696
v -1.372834 8.049522 -0.124375
v -1.383091 8.016861 -0.110466
v -1.390954 7.981583 -0.119852
v -1.393848 7.958897 -0.148717
v -1.676691 8.327099 -0.250907
v -1.692657 8.320210 -0.230625
v -1.650994 8.332095 -0.258223
v -1.625054 8.334043 -0.248984
v -1.609174 8.332172 -0.226347
v -1.609571 8.326689 -0.199258
v -1.625902 8.319575 -0.178178
v -1.652104 8.312486 -0.171221
v -1.678383 8.310122 -0.181495
v -1.693672 8.314088 -0.204524
v -1.797949 8.580035 -0.247927
v -1.811887 8.575360 -0.230636
v -1.775862 8.581258 -0.254546
v -1.753674 8.579107 -0.247268
v -1.740188 8.574424 -0.228547
v -1.740754 8.568599 -0.205807
v -1.755012 8.563744 -0.187840
v -1.777801 8.560851 -0.181605
v -1.800346 8.562742 -0.189771
v -1.813071 8.569126 -0.208747
v -0.422827 0.510923 -0.209880
v -0.320781 0.578550 -0.306622
v -0.269404 0.529639 0.172692
v -0.388469 0.483291 0.082023
v -0.018086 0.720031 -0.076491
v -0.035998 0.680726 0.070597
v -0.185878 0.655464 -0.308097
v -0.446417 0.476123 -0.060779
v -0.130108 0.605525 0.170461
v -0.073737 0.710467 -0.218669
v -0.617684 2.338115 -0.183760
v -0.453867 2.313195 0.189426
v -0.200984 2.488598 -0.052880
v -0.512714 2.395811 -0.277733
v -0.578547 2.289535 0.101611
v -0.217520 2.441682 0.089560
v -0.374327 2.455508 -0.278294
v -0.640613 2.298966 -0.037824
v -0.311409 2.370691 0.186182
v -0.259276 2.493450 -0.191106
v -0.325438 4.302743 -0.093525
v -0.381831 4.343663 -0.041028
v -0.275675 4.229970 -0.103811
v -0.249717 4.153007 -0.064721
v -0.258321 4.102434 0.009834
v -0.299589 4.097436 0.089951
v -0.357777 4.139214 0.144638
v -0.413902 4.211115 0.151848
v -0.440515 4.288630 0.109045
v -0.424755 4.339814 0.035243
v 0.104792 4.618315 0.104805
v 0.058406 4.638223 0.141534
v 0.159255 4.585686 0.103106
v 0.202372 4.553933 0.139064
v 0.216812 4.535883 0.199557
v 0.196139 4.537646 0.260721
v 0.148446 4.558022 0.299049
v 0.090043 4.587605 0.299674
v 0.046142 4.618725 0.261183
v 0.036115 4.639400 0.200112
v 0.273576 5.071910 0.077191
v 0.231121 5.080611 0.111913
v 0.329482 5.064600 0.073580
v 0.378298 5.063319 0.103703
v 0.400463 5.068959 0.156574
v 0.387014 5.078250 0.211653
v 0.343434 5.087260 0.247852
v 0.285420 5.090570 0.251774
v 0.236047 5.090464 0.219739
v 0.216424 5.088253 0.165159
v 0.548859 5.619967 0.078118
v 0.506531 5.627657 0.113231
v 0.604997 5.615259 0.073846
v 0.654245 5.617254 0.103222
v 0.676860 5.625563 0.155546
v 0.663763 5.635864 0.210531
v 0.620316 5.643856 0.247128
v 0.562272 5.644478 0.251862
v 0.512511 5.641015 0.220627
v 0.492240 5.636198 0.166451
v 0.948851 6.230148 0.153022
v 0.922447 6.250634 0.178637
v 0.970595 6.193721 0.147051
v 0.980220 6.155080 0.164581
v 0.973670 6.129565 0.199423
v 0.952789 6.126925 0.237568
v 0.925527 6.147841 0.264242
v 0.900723 6.184113 0.268653
v 0.890840 6.223112 0.249337
v 0.900848 6.248678 0.214937
v 1.259419 6.525525 0.261521
v 1.238496 6.544014 0.283879
v 1.273840 6.492864 0.254471
v 1.276874 6.458141 0.266766
v 1.267089 6.435113 0.294168
v 1.247700 6.432709 0.325599
v 1.226060 6.451584 0.348857
v 1.209113 6.484579 0.354484
v 1.205972 6.519754 0.340697
v 1.218653 6.542391 0.313777
v 0.961527 5.701668 0.446611
v 0.934709 5.690593 0.471768
v 0.975358 5.731767 0.425891
v 0.971078 5.770552 0.418675
v 0.949944 5.802910 0.428333
v 0.919707 5.815930 0.450579
v 0.891900 5.804770 0.476581
v 0.875996 5.773036 0.495614
v 0.880697 5.733071 0.501719
v 0.904586 5.702024 0.492961
v 1.150262 5.772291 0.633148
v 1.128364 5.762615 0.662893
v 1.152960 5.795118 0.601830
v 1.135096 5.823846 0.581529
v 1.103220 5.847345 0.580708
v 1.069445 5.855830 0.599362
v 1.046627 5.846043 0.630012
v 1.042699 5.820456 0.660567
v 1.061442 5.790462 0.680232
v 1.095331 5.769397 0.681143
v 1.410195 5.931340 0.893676
v 1.392681 5.924047 0.919985
v 1.410219 5.947633 0.864976
v 1.392318 5.967961 0.845238
v 1.363117 5.984473 0.842616
v 1.333796 5.990148 0.857924
v 1.315516 5.982760 0.885018
v 1.314726 5.963960 0.913360
v 1.333492 5.942593 0.932677
v 1.364152 5.928327 0.935110
v 0.679642 5.691039 0.162402
v 0.649544 5.681272 0.184161
v 0.701983 5.720724 0.150310
v 0.708432 5.759710 0.153922
v 0.696049 5.792770 0.172382
v 0.669141 5.807010 0.197914
v 0.638024 5.797201 0.220484
v 0.613345 5.767004 0.230551
v 0.607052 5.727106 0.225539
v 0.622384 5.694285 0.208248
v -0.432057 4.968438 -0.136923
v -0.507738 4.951142 -0.116426
v -0.358738 4.990817 -0.108691
v -0.316575 5.012461 -0.040596
v -0.323301 5.025044 0.041467
v -0.376104 5.022052 0.105531
v -0.454156 5.004324 0.127298
v -0.527895 4.975417 0.098685
v -0.568843 4.951891 0.027891
v -0.560056 4.945520 -0.055332
v -0.646337 5.379860 -0.370504
v -0.696232 5.360474 -0.349626
v -0.602141 5.417092 -0.361702
v -0.581714 5.460062 -0.326195
v -0.593969 5.492029 -0.277405
v -0.633693 5.499591 -0.233832
v -0.685211 5.479862 -0.211933
v -0.728412 5.438432 -0.218896
v -0.747472 5.393713 -0.255572
v -0.734926 5.365599 -0.307136
v -0.791026 5.667947 -0.596974
v -0.830901 5.648818 -0.571358
v -0.762167 5.710444 -0.605053
v -0.756871 5.761570 -0.592944
v -0.778053 5.801341 -0.565001
v -0.816902 5.813813 -0.531364
v -0.858163 5.794408 -0.504744
v -0.885350 5.749561 -0.493653
v -0.888994 5.696968 -0.506100
v -0.868240 5.659243 -0.537723
v -1.047094 5.996235 -0.978153
v -1.086441 5.977167 -0.951687
v -1.019548 6.039157 -0.988293
v -1.015892 6.090969 -0.978745
v -1.038401 6.131401 -0.952868
v -1.077736 6.144313 -0.919970
v -1.118464 6.124977 -0.892491
v -1.144277 6.079909 -0.879222
v -1.146235 6.026673 -0.889029
v -1.124203 5.988083 -0.918686
v -1.331703 6.466476 -1.370014
v -1.368537 6.459039 -1.360528
v -1.295852 6.474792 -1.355860
v -1.274999 6.482074 -1.322460
v -1.277893 6.485547 -1.282511
v -1.303350 6.483073 -1.251630
v -1.341334 6.475436 -1.241541
v -1.377523 6.464001 -1.256092
v -1.397834 6.455877 -1.290858
v -1.393818 6.455390 -1.331165
v -1.458877 6.817208 -1.532504
v -1.490589 6.812553 -1.524977
v -1.427906 6.819884 -1.520032
v -1.409680 6.820523 -1.491315
v -1.411825 6.818932 -1.457267
v -1.433516 6.815080 -1.431288
v -1.466215 6.810270 -1.423263
v -1.497704 6.805052 -1.436433
v -1.515533 6.803830 -1.466401
v -1.512217 6.807881 -1.500413
v -1.120418 6.490777 -0.855705
v -1.136174 6.476787 -0.827327
v -1.124691 6.499619 -0.890300
v -1.148634 6.500740 -0.917854
v -1.183364 6.493587 -0.927187
v -1.215076 6.480292 -0.914739
v -1.231585 6.465817 -0.885564
v -1.226212 6.454319 -0.850733
v -1.200763 6.452879 -0.823283
v -1.166259 6.462869 -0.814640
v -1.185030 6.730377 -0.807813
v -1.202039 6.722441 -0.778102
v -1.183622 6.724652 -0.843078
v -1.199775 6.707710 -0.870840
v -1.227672 6.686048 -0.879873
v -1.255987 6.667611 -0.866440
v -1.273736 6.659263 -0.835890
v -1.273416 6.663164 -0.799240
v -1.255756 6.680329 -0.771296
v -1.228724 6.704122 -0.764041
v -1.316951 7.073601 -0.776870
v -1.332101 7.068326 -0.751692
v -1.313553 7.065484 -0.805942
v -1.324406 7.047125 -0.828230
v -1.345695 7.025590 -0.834717
v -1.368711 7.008913 -0.822623
v -1.384491 7.003309 -0.796725
v -1.386346 7.010183 -0.766234
v -1.374248 7.028879 -0.743755
v -1.353781 7.051952 -0.739018
v -1.084294 6.148865 -0.988460
v -1.100536 6.131135 -0.962554
v -1.089190 6.167908 -1.018569
v -1.114379 6.182007 -1.040940
v -1.150467 6.185532 -1.046392
v -1.183299 6.176457 -1.033086
v -1.200321 6.158211 -1.006428
v -1.195008 6.136381 -0.976941
v -1.168454 6.121686 -0.954980
v -1.131935 6.121055 -0.949426
v -0.385816 3.935270 0.128197
v -0.339331 3.980047 0.069506
v -0.421607 3.856349 0.147391
v -0.434922 3.772668 0.116640
v -0.420090 3.717400 0.046529
v -0.381338 3.711900 -0.034803
v -0.333312 3.757617 -0.095839
v -0.291004 3.837075 -0.112215
v -0.277016 3.921765 -0.077853
v -0.299022 3.976328 -0.008185
v -0.874111 4.151507 -0.164277
v -0.833234 4.175478 -0.204914
v -0.921888 4.110306 -0.156951
v -0.959937 4.068295 -0.187735
v -0.973025 4.042297 -0.245584
v -0.955079 4.041703 -0.307625
v -0.913053 4.066204 -0.349960
v -0.860828 4.105200 -0.356146
v -0.821808 4.146968 -0.322826
v -0.813505 4.174837 -0.264413
v -1.119094 4.569794 -0.168568
v -1.080043 4.582293 -0.206016
v -1.172685 4.553350 -0.161514
v -1.221508 4.540793 -0.188910
v -1.246107 4.537423 -0.240891
v -1.236387 4.543550 -0.297184
v -1.196333 4.556405 -0.336186
v -1.139976 4.569261 -0.343299
v -1.090295 4.580736 -0.313907
v -1.068742 4.587196 -0.260402
v -1.486457 5.059608 -0.204275
v -1.447365 5.071058 -0.242016
v -1.540710 5.045738 -0.196783
v -1.590510 5.036391 -0.223705
v -1.616004 5.035613 -0.275356
v -1.606804 5.042679 -0.331627
v -1.566715 5.054475 -0.370928
v -1.509884 5.064622 -0.378613
v -1.459256 5.072796 -0.349737
v -1.436622 5.076773 -0.296436
v -1.989964 5.581743 -0.312812
v -1.968467 5.603909 -0.341440
v -2.004737 5.542863 -0.302546
v -2.007998 5.501639 -0.316071
v -1.998247 5.474400 -0.348797
v -1.978539 5.471740 -0.387559
v -1.956310 5.494375 -0.417321
v -1.938446 5.533780 -0.426176
v -1.934933 5.575572 -0.410919
v -1.948110 5.602220 -0.378463
v -2.351204 5.807422 -0.431333
v -2.334637 5.827001 -0.456268
v -2.359399 5.773598 -0.420696
v -2.356688 5.737852 -0.429693
v -2.343940 5.714326 -0.455401
v -2.325511 5.712284 -0.487430
v -2.308338 5.732278 -0.513330
v -2.297668 5.767001 -0.522708
v -2.300303 5.803352 -0.512272
v -2.315848 5.825949 -0.486863
v -1.510105 5.275327 -0.259028
v -1.520676 5.271335 -0.238516
v -1.512710 5.274732 -0.282704
v -1.528348 5.270283 -0.300626
v -1.551222 5.263718 -0.305508
v -1.572236 5.257166 -0.295379
v -1.583309 5.253001 -0.274277
v -1.579957 5.251956 -0.249968
v -1.563318 5.256195 -0.232046
v -1.540609 5.264443 -0.228113
v -1.555114 5.436111 -0.271802
v -1.566572 5.436208 -0.251533
v -1.553841 5.426158 -0.293262
v -1.564180 5.410226 -0.308031
v -1.582421 5.394526 -0.310082
v -1.601154 5.384902 -0.298383
v -1.613106 5.384880 -0.277509
v -1.613233 5.393934 -0.254829
v -1.601898 5.410055 -0.239973
v -1.584231 5.426787 -0.239445
v -1.645349 5.659314 -0.314364
v -1.655558 5.660313 -0.297452
v -1.642792 5.648962 -0.331433
v -1.649655 5.633159 -0.342426
v -1.663542 5.618059 -0.342834
v -1.678765 5.609368 -0.332272
v -1.689395 5.610281 -0.314844
v -1.690933 5.620108 -0.296639
v -1.683249 5.636173 -0.285577
v -1.669904 5.651934 -0.286566
v -1.482483 5.033817 -0.282223
v -1.493328 5.026992 -0.262621
v -1.485615 5.040525 -0.304870
v -1.502220 5.045271 -0.321819
v -1.526107 5.046199 -0.326147
v -1.547901 5.042482 -0.316233
v -1.559265 5.035456 -0.296064
v -1.555830 5.026863 -0.273313
v -1.538313 5.021676 -0.256511
v -1.514163 5.022615 -0.252633
v -2.081968 5.374821 -0.450744
v -2.088787 5.374999 -0.428341
v -2.073223 5.388046 -0.468529
v -2.066514 5.410403 -0.474902
v -2.064646 5.433308 -0.467023
v -2.067943 5.447662 -0.447784
v -2.074955 5.448025 -0.424633
v -2.082285 5.433944 -0.405890
v -2.088554 5.410711 -0.399811
v -2.091609 5.388290 -0.409147
v -2.231965 5.411024 -0.515788
v -2.242563 5.411856 -0.495073
v -2.214723 5.420349 -0.529090
v -2.197610 5.437245 -0.529822
v -2.187482 5.455286 -0.517355
v -2.188049 5.467080 -0.496356
v -2.198893 5.468081 -0.474909
v -2.215500 5.457231 -0.460665
v -2.232560 5.439401 -0.460334
v -2.243185 5.422509 -0.474268
v -2.437939 5.497285 -0.615320
v -2.447766 5.498500 -0.598197
v -2.421662 5.503479 -0.625405
v -2.405196 5.515551 -0.624500
v -2.395111 5.528942 -0.612668
v -2.395192 5.538095 -0.594364
v -2.405241 5.539451 -0.576623
v -2.421219 5.531863 -0.565783
v -2.437736 5.519015 -0.567068
v -2.448023 5.506708 -0.580111
v -1.850936 5.375352 -0.371675
v -1.854957 5.376359 -0.348626
v -1.849222 5.388137 -0.391706
v -1.851321 5.410358 -0.401050
v -1.856598 5.433460 -0.395697
v -1.862540 5.448437 -0.377601
v -1.866726 5.449656 -0.353805
v -1.866721 5.436666 -0.332959
v -1.863943 5.413731 -0.323889
v -1.860096 5.390491 -0.330546
v 0.975358 5.731767 0.425891
v 1.152960 5.795118 0.601830
v 1.410219 5.947633 0.864976
v 0.701983 5.720724 0.150310
v -1.360741 4.510091 -0.311846
v -1.353776 4.508644 -0.333947
v -1.359010 4.522544 -0.291848
v -1.349436 4.542166 -0.281908
v -1.335658 4.561429 -0.286292
v -1.322703 4.572508 -0.303217
v -1.315417 4.571168 -0.326029
v -1.315870 4.557315 -0.346051
v -1.325581 4.536794 -0.355542
v -1.340865 4.518599 -0.350615
v -1.495871 4.601896 -0.341403
v -1.492429 4.602533 -0.364221
v -1.486712 4.607305 -0.320463
v -1.468208 4.617641 -0.309524
v -1.447466 4.629025 -0.313225
v -1.432418 4.636579 -0.330166
v -1.428709 4.637325 -0.353711
v -1.437424 4.630148 -0.375129
v -1.456435 4.618999 -0.385753
v -1.477931 4.609081 -0.381083
v -1.673935 4.763469 -0.372067
v -1.671706 4.764817 -0.391504
v -1.664889 4.765746 -0.354430
v -1.647704 4.771553 -0.345399
v -1.628988 4.778758 -0.348809
v -1.615960 4.784168 -0.363393
v -1.613518 4.785615 -0.383452
v -1.622428 4.781826 -0.401597
v -1.640128 4.775383 -0.410381
v -1.659264 4.769447 -0.406049
v -1.143956 4.424285 -0.246639
v -1.134242 4.422612 -0.267661
v -1.148888 4.438932 -0.228775
v -1.147596 4.461711 -0.221362
v -1.140489 4.483838 -0.227687
v -1.129921 4.496521 -0.245137
v -1.119855 4.494970 -0.266852
v -1.113263 4.479454 -0.284425
v -1.114443 4.455846 -0.291265
v -1.123377 4.434263 -0.284684
v 0.491902 5.290576 0.288550
v 0.503914 5.293659 0.268921
v 0.485805 5.274955 0.305187
v 0.488831 5.252387 0.312736
v 0.500119 5.231647 0.307982
v 0.514903 5.220771 0.292484
v 0.527371 5.223785 0.272217
v 0.532164 5.239459 0.254207
v 0.528284 5.262571 0.246708
v 0.517798 5.283472 0.253204
v 0.615026 5.332167 0.391860
v 0.630007 5.336519 0.374845
v 0.601318 5.315785 0.401626
v 0.594752 5.292881 0.400525
v 0.598208 5.272331 0.388724
v 0.610030 5.262341 0.370533
v 0.625497 5.266666 0.352905
v 0.638232 5.284055 0.341876
v 0.644210 5.307742 0.343216
v 0.641290 5.327544 0.356693
v 0.798205 5.357700 0.548532
v 0.811718 5.361361 0.534799
v 0.784746 5.344486 0.555037
v 0.776935 5.326061 0.551862
v 0.778090 5.309555 0.540028
v 0.787528 5.301623 0.523913
v 0.801464 5.305266 0.509668
v 0.814238 5.319540 0.502177
v 0.821625 5.338660 0.505615
v 0.820802 5.354331 0.518803
v 0.322487 5.177896 0.157357
v 0.332742 5.178904 0.136551
v 0.321395 5.166070 0.177776
v 0.330838 5.147896 0.190269
v 0.347441 5.130458 0.189678
v 0.364390 5.120329 0.175996
v 0.375089 5.121231 0.154549
v 0.374888 5.132400 0.132910
v 0.364473 5.150861 0.120413
v 0.348628 5.169116 0.122572
v -0.622491 7.542609 0.132106
v -0.553271 7.548768 0.080609
v -0.525795 7.543622 -0.000782
v -0.548240 7.526570 -0.082004
v -0.708670 7.531464 0.132783
v -0.778547 7.519230 0.081180
v -0.803621 7.507285 -0.002492
v -0.774820 7.497892 -0.084964
v -0.702796 7.494325 -0.136522
v -0.614413 7.504563 -0.135159
v 0.409010 8.033605 0.573449
v 0.623901 7.637260 1.253683
v 1.116290 8.440479 0.587078
v 1.331185 8.044136 1.267310
v 0.722383 8.311303 0.452810
v 1.017809 7.766436 1.387952
v 0.383933 7.759195 0.911013
v 1.356260 8.318544 0.929745
v 0.805494 8.148347 1.004577
v 0.235555 7.783851 0.144394
v 0.598974 7.113578 1.294762
v 1.431673 8.471935 0.167440
v 1.795090 7.801663 1.317809
v 0.765520 8.253480 -0.059625
v 1.265126 7.332035 1.521826
v 0.193152 7.319791 0.715258
v 1.837494 8.265722 0.746945
v 0.427995 8.042430 -0.814123
v 0.354075 8.221440 0.068622
v 1.213861 8.488019 -0.838674
v 1.139944 8.667030 0.044066
v 0.834777 8.231685 -0.991797
v 0.733161 8.477778 0.221742
v 0.243787 8.048446 -0.368149
v 1.324149 8.661014 -0.401905
v 0.701742 8.497771 -0.420918
v 0.366817 7.505023 -1.029997
v 0.241806 7.807753 0.462844
v 1.695828 8.258574 -1.071520
v 1.570819 8.561305 0.421320
v 1.054743 7.825077 -1.330469
v 0.882896 8.241251 0.721791
v 0.055299 7.515197 -0.275795
v 1.882336 8.551129 -0.332881
v -2.269724 6.059099 -0.825983
v -2.534774 5.991848 -0.190387
v -1.635393 5.947158 -0.573307
v -1.900438 5.879908 0.062291
v -1.902897 6.015729 -0.818735
v -2.267268 5.923277 0.055040
v -2.521104 6.046448 -0.555529
v -1.649063 5.892560 -0.208166
v -2.070459 6.096455 -0.362316
v -2.430212 5.835626 -1.176845
v -2.878444 5.721895 -0.101967
v -1.357471 5.646319 -0.749537
v -1.805699 5.532590 0.325342
v -1.809854 5.762282 -1.164589
v -2.426056 5.605935 0.313083
v -2.855327 5.814231 -0.719473
v -1.380588 5.553986 -0.132033
v 0.433445 8.515866 0.184511
v 0.070942 7.927624 0.637029
v 0.955747 8.671452 0.805159
v 0.593245 8.083208 1.257678
v 0.762515 8.703876 0.410047
v 0.264173 7.895200 1.032142
v 0.154332 8.192595 0.294481
v 0.872358 8.406483 1.147707
v 0.414832 8.403895 0.777834
v 0.599679 8.430780 -0.313899
v -0.013356 7.435983 0.451374
v 1.482961 8.693897 0.735702
v 0.869926 7.699100 1.500974
v 1.156182 8.748730 0.067513
v 0.313422 7.381146 1.119561
v 0.127664 7.884083 -0.127924
v 1.341938 8.245797 1.314996
v -1.807565 5.689810 -1.311804
v -2.481211 5.876922 -1.032917
v -1.503532 5.764063 -0.627238
v -2.177173 5.951177 -0.348349
v -1.529329 5.691879 -1.021778
v -2.455412 5.949109 -0.638379
v -2.201355 5.769453 -1.300627
v -1.783385 5.871535 -0.359528
v -1.965717 5.956005 -0.856614
v -1.739759 5.294852 -1.585089
v -2.878983 5.611284 -1.113451
v -1.225594 5.420428 -0.427393
v -2.364816 5.736860 0.044244
v -1.269222 5.298352 -1.094609
v -2.835352 5.733361 -0.446234
v -2.405711 5.429541 -1.566185
v -1.698866 5.602171 0.025340
v -2.108119 5.739019 -0.906897
v -2.293764 5.818228 -0.354379
v -1.541979 5.568273 -0.718024
v -1.727622 5.647478 -0.165504
v -1.790266 5.638806 -0.915985
v -2.045477 5.747692 -0.156417
v -2.307018 5.810616 -0.666026
v -1.528725 5.575881 -0.406377
v -1.901308 5.816629 -0.540931
v -2.276836 5.493292 -1.152465
v -2.590787 5.627240 -0.218080
v -1.319419 5.204534 -0.833056
v -1.633366 5.338481 0.101329
v -1.739303 5.323815 -1.167835
v -2.170899 5.507958 0.116699
v -2.613202 5.614371 -0.745121
v -1.297001 5.217403 -0.306017
v -0.245037 6.148472 -0.866628
v -1.928829 6.430367 -1.080433
v -1.244322 5.929909 -0.207987
v -0.929539 6.648930 -1.739079
v -0.589018 5.925381 -0.338901
v -0.360036 6.448405 -1.452636
v -1.813826 6.130435 -0.494425
v -1.584840 6.653459 -1.608160
v -1.044778 6.690744 -0.776400
v -0.559928 6.483842 -0.773877
v -1.555576 6.650527 -0.900302
v -1.150824 6.354603 -0.384411
v -0.964684 6.779770 -1.289773
v -0.763323 6.351921 -0.461821
v -0.627926 6.661198 -1.120396
v -1.487578 6.473172 -0.553786
v -1.352182 6.782451 -1.212359
v -1.587928 6.564454 -1.471584
v -0.306268 6.088230 -0.427130
v -0.391112 6.389580 -1.602776
v -1.503084 6.263105 -0.295933
v -1.008810 6.545545 -1.804537
v -1.817674 6.453547 -0.853922
v -0.076519 6.199137 -1.044792
v -0.885382 6.107135 -0.094170
v -0.872722 6.756641 -0.844425
v -1.274552 6.764962 -1.185534
v -0.516684 6.483360 -0.567926
v -0.566855 6.661554 -1.263108
v -1.224384 6.586769 -0.490348
v -0.932116 6.753785 -1.382420
v -1.410413 6.699382 -0.820298
v -0.380829 6.548942 -0.933162
v -0.859123 6.494540 -0.371043
v 1.198105 6.323203 0.309293
v 0.988903 5.886925 -0.082150
v 0.649916 6.321715 0.603929
v 0.440713 5.885438 0.212490
v 0.963211 6.404204 0.529955
v 0.675610 5.804439 -0.008172
v 1.196218 6.105344 0.058366
v 0.442600 6.103298 0.463416
v 0.780645 6.187245 0.189186
v 1.546986 6.288064 0.503939
v 1.193193 5.550259 -0.158040
v 0.619915 6.285546 1.002214
v 0.266127 5.547742 0.340235
v 1.149741 6.425046 0.877111
v 0.663367 5.410760 -0.032937
v 1.543793 5.919635 0.079592
v 0.269318 5.916171 0.764583
v 1.691214 6.523491 1.224032
v 1.338473 6.538990 0.632132
v 1.099164 6.523389 1.576856
v 0.746427 6.538890 0.984961
v 1.461283 6.520536 1.511347
v 0.976359 6.541844 0.697644
v 1.625776 6.531259 0.861974
v 0.811867 6.531119 1.347016
v 1.220288 6.659925 1.106991
v 2.014409 6.228765 1.301035
v 1.417878 6.254975 0.300052
v 1.013176 6.228591 1.897713
v 0.416644 6.254805 0.896728
v 1.625560 6.223766 1.786922
v 0.805488 6.259799 0.410840
v 1.903742 6.241902 0.688745
v 0.527311 6.241665 1.509018
v 0.848916 6.717589 1.092515
v 0.560961 6.544600 0.555365
v 0.417802 6.395906 1.427230
v 0.129843 6.222916 0.890081
v 0.687316 6.589161 1.360519
v 0.291451 6.351346 0.622081
v 0.785717 6.691368 0.761225
v 0.193046 6.249139 1.221369
v 0.421350 6.566969 0.996623
v 1.250349 6.671109 1.150504
v 0.763371 6.378558 0.242109
v 0.521276 6.127097 1.716549
v 0.034298 5.834548 0.808159
v 0.977053 6.453918 1.603732
v 0.307591 6.051738 0.354931
v 1.143468 6.626764 0.590247
v 0.141180 5.878893 1.368411
v 1.172147 6.731784 0.609195
v 1.434466 6.419255 0.129321
v 0.601218 6.547898 0.416861
v 0.863540 6.235370 -0.063012
v 0.837532 6.698398 0.602940
v 1.198151 6.268754 -0.056759
v 1.410281 6.609974 0.405295
v 0.625405 6.357180 0.140887
v 1.009499 6.579808 0.205860
v 1.297552 6.687000 0.992632
v 1.741165 6.158471 0.181100
v 0.332032 6.376025 0.667367
v 0.775650 5.847496 -0.144162
v 0.731674 6.630540 0.982055
v 1.341528 5.903954 -0.133586
v 1.700266 6.481000 0.647810
v 0.372939 6.053495 0.200660
v 1.109269 6.351236 1.697054
v 1.151745 6.605937 1.058043
v 0.472184 6.124310 1.564258
v 0.514655 6.379011 0.925248
v 0.782772 6.190053 1.750389
v 0.841158 6.540197 0.871915
v 1.249877 6.521106 1.402430
v 0.374047 6.209143 1.219871
v 0.763484 6.477012 1.352525
v 1.423732 6.090106 1.870751
v 1.495561 6.520838 0.790099
v 0.346330 5.706340 1.646176
v 0.418161 6.137075 0.565525
v 0.871572 5.817519 1.960943
v 0.970320 6.409661 0.475335
v 1.661516 6.377378 1.372503
v 0.180376 5.849804 1.063773
v 0.491071 6.394759 1.038144
v 0.611400 6.385860 0.416198
v 0.063010 5.933963 0.961918
v 0.183340 5.925066 0.339969
v 0.254496 6.166027 1.116562
v 0.419914 6.153796 0.261550
v 0.631441 6.476648 0.741453
v 0.042972 5.843177 0.636659
v 0.252889 6.241129 0.671582
v 0.786958 6.374485 1.318693
v 0.990450 6.359438 0.266897
v 0.063050 5.595220 1.189783
v 0.266544 5.580174 0.137990
v 0.386874 5.987671 1.451312
v 0.666628 5.966988 0.005372
v 1.024344 6.512972 0.816950
v 0.029160 5.441688 0.639734
v 0.950195 6.352893 1.261272
v 0.625538 6.303584 0.834353
v 0.630497 6.001233 1.573026
v 0.305841 5.951923 1.146109
v 0.851175 6.186301 1.497140
v 0.404860 6.118514 0.910241
v 0.847767 6.394129 0.989399
v 0.408272 5.910688 1.417982
v 0.574121 6.250583 1.225321
v 1.294024 6.270754 1.252449
v 0.744993 6.187368 0.530474
v 0.753374 5.676050 1.779666
v 0.204340 5.592663 1.057693
v 1.126572 5.989026 1.651333
v 0.371794 5.874393 0.658809
v 1.120810 6.340491 0.792678
v 0.377556 5.522928 1.517465
v 0.387121 6.450143 1.040207
v 0.690741 6.505236 0.486895
v -0.009192 6.029375 0.780840
v 0.294433 6.084468 0.227526
v 0.132077 6.229435 1.014194
v 0.549477 6.305176 0.253539
v 0.613185 6.556525 0.812147
v 0.068369 5.978084 0.455586
v 0.267904 6.355195 0.602631
v 0.582966 6.378920 1.391261
v 1.096439 6.472093 0.455537
v -0.087242 5.667348 0.952636
v 0.426227 5.760520 0.016912
v 0.151657 6.005679 1.347275
v 0.857538 6.133763 0.060903
v 0.965281 6.558834 1.005584
v 0.043916 5.580608 0.402591
v -1.289615 6.694887 -1.067422
v -0.811795 6.752315 -1.629644
v -1.843183 6.890746 -1.517881
v -1.365361 6.948177 -2.080105
v -1.655926 6.782057 -1.187310
v -0.999049 6.861004 -1.960210
v -0.946987 6.686903 -1.264131
v -1.707986 6.956157 -1.883393
v -1.306221 6.954438 -1.542111
v -1.311258 6.308576 -0.788628
v -0.503196 6.405696 -1.739423
v -2.247402 6.639797 -1.550416
v -1.439341 6.736915 -2.501204
v -1.930735 6.455991 -0.991376
v -0.819866 6.589504 -2.298458
v -0.731823 6.295076 -1.121293
v -2.018779 6.750417 -2.168545
v -2.042607 6.985314 -1.773151
v -2.178003 6.676035 -1.114577
v -1.318351 6.864062 -1.681188
v -1.453748 6.554784 -1.022612
v -1.655110 6.982635 -1.850565
v -1.841248 6.557466 -0.945202
v -2.246002 6.853390 -1.461094
v -1.250353 6.686705 -1.334669
v -1.735203 6.893609 -1.337192
v -2.275265 6.856323 -2.168952
v -2.504251 6.333297 -1.055216
v -1.050460 6.651268 -2.013427
v -1.279442 6.128244 -0.899691
v -1.619963 6.851793 -2.299870
v -1.934747 6.132773 -0.768779
v -2.619253 6.633230 -1.641224
v -0.935462 6.351336 -1.427419
v -1.499506 5.625490 -0.495162
v -1.782107 5.557116 0.132705
v -0.931940 5.296258 -0.275557
v -1.214536 5.227882 0.352313
v -1.162773 5.473685 -0.503002
v -1.551273 5.379689 0.360149
v -1.747152 5.652992 -0.222376
v -0.966896 5.200385 0.079523
v -1.305259 5.539670 -0.035824
v -1.714348 5.508898 -0.868056
v -2.192263 5.393267 0.193751
v -0.754516 4.952121 -0.496674
v -1.232429 4.836491 0.565134
v -1.144884 5.252176 -0.881314
v -1.801891 5.093215 0.578390
v -2.133150 5.555406 -0.406740
v -0.813631 4.789986 0.103816
v -0.839707 6.749622 -0.977591
v -2.523498 7.031518 -1.191396
v -1.838992 6.531059 -0.318951
v -1.524208 7.250081 -1.850042
v -1.183687 6.526532 -0.449863
v -0.954705 7.049554 -1.563600
v -2.408495 6.731584 -0.605388
v -2.179509 7.254609 -1.719124
v -1.639447 7.291895 -0.887364
v -1.154597 7.084992 -0.884840
v -2.150246 7.251677 -1.011264
v -1.745493 6.955753 -0.495374
v -1.559354 7.380920 -1.400736
v -1.357992 6.953071 -0.572784
v -1.222596 7.262348 -1.231359
v -2.082247 7.074323 -0.664748
v -1.946852 7.383602 -1.323322
v -2.030681 6.867014 -2.163123
v -1.810648 6.522802 -0.491766
v -1.067824 6.741959 -1.430036
v -2.773511 6.647855 -1.224857
v -1.380323 6.854327 -2.009951
v -2.621062 6.785873 -1.860705
v -1.220268 6.603943 -0.794187
v -2.461010 6.535492 -0.644945
v -1.933815 7.134251 -1.235229
v -1.994820 7.100759 -1.757772
v -1.864709 6.897219 -0.769478
v -1.425466 7.026813 -1.324283
v -2.434069 6.971165 -1.202960
v -1.610251 7.093256 -1.667206
v -2.343926 7.052779 -1.578949
v -1.515607 6.945199 -0.948299
v -2.249280 6.904722 -0.860042
v -1.803276 8.499799 -0.256109
v -1.839377 8.310990 0.268960
v -1.262256 8.359202 -0.269469
v -1.298357 8.170393 0.255598
v -1.526003 8.464878 -0.361170
v -1.575629 8.205315 0.360661
v -1.922695 8.431736 0.008929
v -1.178937 8.238456 -0.009441
v -1.525306 8.429854 0.035573
v -2.035111 8.400609 -0.513483
v -2.096160 8.081305 0.374480
v -1.120169 8.162838 -0.536079
v -1.181220 7.843537 0.351884
v -1.566202 8.341551 -0.691156
v -1.650127 7.902595 0.529556
v -2.237065 8.285507 -0.065269
v -0.979265 7.958638 -0.096329
v -1.589452 8.658841 -0.586965
v -2.015418 8.619171 -0.216500
v -1.217675 8.576571 -0.168302
v -1.643641 8.536901 0.202163
v -1.323753 8.625141 -0.447047
v -1.909341 8.570602 0.062245
v -1.872093 8.654421 -0.480176
v -1.360999 8.541322 0.095374
v -1.611969 8.702219 -0.175963
v -1.581022 8.466401 -0.896617
v -2.301386 8.399310 -0.270109
v -0.952295 8.327272 -0.188603
v -1.672660 8.260181 0.437905
v -1.131686 8.409409 -0.659998
v -2.121997 8.317175 0.201286
v -2.059005 8.458923 -0.716022
v -1.194678 8.267659 0.257309
v -0.458903 6.504157 0.298581
v -0.230660 6.206082 0.830691
v -0.009876 6.970771 0.367358
v 0.218369 6.672697 0.899468
v -0.277157 6.793313 0.233270
v 0.036619 6.383541 0.964780
v -0.428914 6.267692 0.551749
v 0.188378 6.909163 0.646300
v -0.197385 6.652472 0.667979
v -0.519585 6.301935 -0.064082
v -0.133591 5.797852 0.835787
v 0.239778 7.091045 0.052232
v 0.625773 6.586961 0.952100
v -0.212226 6.790936 -0.174531
v 0.318414 6.097957 1.062550
v -0.468868 5.902040 0.364059
v 0.575054 6.986854 0.523960
v 0.409276 6.620815 0.913328
v -0.369645 6.651291 -0.384559
v -0.507862 6.187872 0.570546
v 0.547494 7.084231 -0.041775
v -0.080723 6.298958 0.959141
v 0.686956 6.950981 0.513732
v -0.647322 6.321126 0.015040
v 0.120357 6.973149 -0.430370
v -0.177542 6.954440 0.390306
v 0.113516 6.847406 0.735271
v -0.347075 6.865428 -0.032194
v -0.428807 6.591400 0.532576
v 0.195245 7.121433 0.170500
v -0.176231 6.657084 0.762360
v 0.277713 7.042637 0.498982
v -0.511274 6.670195 0.204094
v -0.057327 7.055747 -0.059283
v -0.679946 5.766242 -0.474201
v -1.046627 5.668788 -0.203510
v -0.392625 5.664722 -0.121546
v -0.759303 5.567266 0.149146
v -0.467582 5.733743 -0.348593
v -0.971669 5.599769 0.023537
v -0.917121 5.736537 -0.404932
v -0.522130 5.596974 0.079876
v -0.722386 5.749770 -0.136381
v -0.646315 5.648380 -0.748390
v -1.266419 5.483569 -0.290612
v -0.160416 5.476698 -0.152003
v -0.780520 5.311887 0.305775
v -0.287180 5.593419 -0.535970
v -1.139658 5.366847 0.093353
v -1.047410 5.598143 -0.631246
v -0.379429 5.362125 0.188628
v -0.461835 9.092447 -0.708019
v -0.929069 8.761435 -0.935100
v -0.770417 9.165771 -0.179969
v -1.237649 8.834760 -0.407047
v -0.528579 9.191132 -0.401447
v -1.170903 8.736076 -0.713620
v -0.637632 8.913201 -0.920500
v -1.061852 9.014005 -0.194567
v -0.897708 9.059692 -0.598907
v -0.085904 8.965485 -0.719021
v -0.876063 8.405697 -1.103042
v -0.607764 9.089485 0.173991
v -1.397918 8.529699 -0.210032
v -0.198783 9.132372 -0.200561
v -1.285043 8.362814 -0.728489
v -0.383201 8.662359 -1.078351
v -1.100622 8.832826 0.149300
v 0.442407 9.077126 -0.179510
v -0.136680 9.233356 -0.504455
v 0.126511 9.153636 0.420231
v -0.452570 9.309868 0.095289
v 0.392962 9.086107 0.181244
v -0.403126 9.300884 -0.265467
v 0.212053 9.140905 -0.454355
v -0.222218 9.246086 0.370131
v 0.027391 9.316732 -0.040731
v 0.678685 8.719654 -0.277579
v -0.300626 8.983862 -0.827104
v 0.144466 8.849043 0.736667
v -0.834846 9.113251 0.187140
v 0.595064 8.734844 0.332505
v -0.751229 9.098059 -0.422943
v 0.289124 8.827516 -0.742379
v -0.445286 9.005390 0.651940
v -0.273264 9.448379 0.134904
v -0.815839 9.403786 -0.176258
v -0.540052 9.185462 0.637793
v -1.082632 9.140870 0.326635
v -0.304992 9.325274 0.444651
v -1.050894 9.263974 0.016888
v -0.494563 9.475346 -0.114903
v -0.861329 9.113905 0.576438
v -0.709000 9.400658 0.269728
v 0.076250 9.316273 -0.018933
v -0.841327 9.240861 -0.545149
v -0.374930 8.871644 0.831519
v -1.292505 8.796234 0.305307
v 0.022582 9.108088 0.504891
v -1.238840 9.004417 -0.218516
v -0.298000 9.361876 -0.441390
v -0.918255 8.750631 0.727760
v -0.280388 9.415605 -0.422218
v -0.372475 9.119641 -0.963152
v -0.889826 9.376133 -0.296872
v -0.981911 9.080169 -0.837806
v -0.567854 9.451323 -0.258191
v -0.694448 9.044452 -1.001832
v -0.212241 9.275017 -0.716171
v -1.050058 9.220756 -0.543853
v -0.648665 9.350142 -0.682975
v 0.001416 9.301649 -0.159537
v -0.154319 8.801133 -1.074327
v -1.029229 9.234896 0.052440
v -1.184960 8.734381 -0.862351
v -0.484727 9.362051 0.117854
v -0.698817 8.673977 -1.139742
v 0.116658 9.063896 -0.656649
v -1.300201 8.972131 -0.365239
v 0.153821 8.971683 0.517356
v -0.065938 9.284383 -0.047677
v -0.491062 8.896970 0.726825
v -0.710825 9.209672 0.161796
v -0.127439 8.875737 0.727960
v -0.429559 9.305619 -0.048810
v 0.164773 9.142030 0.195591
v -0.721777 9.039324 0.483560
v -0.272124 9.203083 0.399303
v 0.438276 8.636741 0.505954
v 0.066633 9.165560 -0.449590
v -0.652312 8.510395 0.860198
v -1.023954 9.039214 -0.095346
v -0.037384 8.474486 0.862115
v -0.548294 9.201470 -0.451505
v 0.456795 8.924826 -0.038192
v -1.042474 8.751133 0.448800
v -0.671120 9.216082 0.269760
v -0.879624 9.257587 -0.320159
v -1.169954 8.867763 0.421562
v -1.378458 8.909270 -0.168360
v -0.881471 9.034143 0.456191
v -1.168110 9.091205 -0.354791
v -0.681908 9.302097 -0.053643
v -1.367672 8.823253 0.155041
v -1.084136 9.159786 0.078509
v -0.293278 9.103796 0.358646
v -0.645887 9.173987 -0.638988
v -1.136872 8.514744 0.615361
v -1.489477 8.584937 -0.382271
v -0.649011 8.796117 0.673930
v -1.133745 8.892615 -0.697554
v -0.311518 9.249262 -0.188271
v -1.471237 8.439470 0.164647
v -0.476156 8.002891 -0.962622
v -1.152382 7.523817 -1.291276
v -0.922765 8.109015 -0.198377
v -1.598988 7.629941 -0.527027
v -0.572753 8.145717 -0.518922
v -1.502387 7.487118 -0.970729
v -0.730587 7.743469 -1.270145
v -1.344558 7.889361 -0.219505
v -1.106993 7.955485 -0.804705
v 0.067927 7.819138 -0.978545
v -1.075667 7.008960 -1.534338
v -0.687358 7.998605 0.313908
v -1.830945 7.188429 -0.241888
v -0.095441 8.060673 -0.228181
v -1.667582 6.946895 -0.992248
v -0.362349 7.380425 -1.498602
v -1.400669 7.627142 0.278172
v -0.182314 7.971614 0.959679
v -1.256476 8.274574 -0.366754
v 0.165767 8.123842 0.403802
v -0.615590 8.344223 -0.561065
v -0.823193 7.901962 1.153991
v -1.604549 8.122345 0.189121
v -0.733267 8.561447 0.407819
v -0.327031 8.516670 0.068621
v -1.130961 8.336306 0.678451
v -0.411412 8.336914 0.765710
v -1.046582 8.516062 -0.018635
v -0.205584 8.426931 0.437008
v -0.667617 8.557248 -0.133538
v -0.790377 8.295732 0.880608
v -1.252410 8.426043 0.310067
v -0.213548 8.470597 -0.548983
v -0.346826 8.042249 -1.331875
v -1.095586 8.413467 -0.367571
v -1.228859 7.985121 -1.150463
v -0.629596 8.522289 -0.311589
v -0.812816 7.933427 -1.387858
v -0.114919 8.267125 -0.974421
v -1.327488 8.188591 -0.725025
v -0.746553 8.375853 -0.926376
v 0.194307 8.305667 -0.168806
v -0.031089 7.581274 -1.492779
v -1.297342 8.209057 0.137987
v -1.522732 7.484663 -1.185987
v -0.509287 8.393088 0.232660
v -0.819138 7.397241 -1.587454
v 0.361095 7.961570 -0.888275
v -1.689520 7.828758 -0.466519
v 0.414880 7.828109 0.810859
v 0.096824 8.280679 -0.006912
v -0.518457 7.719978 1.114023
v -0.836518 8.172550 0.296258
v 0.007814 7.689249 1.115665
v -0.429443 8.311412 -0.008551
v 0.430731 8.074654 0.345170
v -0.852368 7.926005 0.761946
v -0.201589 8.163014 0.640001
v 0.826572 7.343350 0.794356
v 0.288695 8.108707 -0.588599
v -0.751833 7.160489 1.307053
v -1.289708 7.925847 -0.075903
v 0.138151 7.108520 1.309827
v -0.601287 8.160679 -0.591370
v 0.853374 7.760292 0.006816
v -1.316512 7.508907 0.711638
v -0.779054 8.181826 0.452513
v -1.080819 8.241898 -0.401274
v -1.501014 7.677705 0.672216
v -1.802780 7.737780 -0.181576
v -1.083493 7.918509 0.722334
v -1.498344 8.001093 -0.451397
v -0.794666 8.306316 -0.015546
v -1.787169 7.613286 0.286480
v -1.376809 8.100349 0.175717
v -0.232202 8.019316 0.581158
v -0.742533 8.120905 -0.862714
v -1.453134 7.166782 0.952701
v -1.963457 7.268372 -0.491168
v -0.747054 7.574013 1.037467
v -1.448609 7.713675 -0.947477
v -0.258601 8.229849 -0.210393
v -1.937059 7.057841 0.300383
v -0.085076 7.951805 0.390903
v -0.794028 8.051065 0.103143
v -0.364369 7.501192 1.008859
v -1.073321 7.600451 0.721099
v -0.091889 7.707899 0.753799
v -1.066509 7.844357 0.358204
v -0.387222 8.085866 0.131238
v -0.771170 7.466388 0.980762
v -0.595138 7.924702 0.622107
v 0.292257 7.739216 0.128198
v -0.906666 7.907081 -0.358446
v -0.180062 6.977169 1.173240
v -1.378989 7.145029 0.686601
v 0.280742 7.326738 0.741899
v -1.367468 7.557509 0.072897
v -0.218703 7.965932 -0.310933
v -0.868023 6.918314 1.125731
v -0.883247 8.288733 0.531193
v -0.895268 8.372856 -0.372357
v -1.684077 7.862741 0.502183
v -1.696092 7.946864 -0.401372
v -1.281410 8.059975 0.685981
v -1.297930 8.175624 -0.556160
v -0.739214 8.410610 0.084854
v -1.840129 7.824986 0.044968
v -1.369416 8.266690 0.079835
v -0.423100 8.072150 0.819911
v -0.443415 8.214415 -0.708120
v -1.777396 7.351743 0.770844
v -1.797715 7.494007 -0.757184
v -1.096434 7.685294 1.081681
v -1.124375 7.880869 -1.018950
v -0.179503 8.278265 0.065088
v -2.041308 7.287893 -0.002362
v -0.814048 4.377065 -0.300621
v -1.000615 4.148733 0.070635
v -0.383524 4.217585 -0.182354
v -0.570088 3.989252 0.188903
v -0.563829 4.340107 -0.311048
v -0.820309 4.026211 0.199329
v -0.987999 4.292780 -0.137153
v -0.396141 4.073539 0.025433
v -0.679378 4.254842 -0.005395
v -0.926881 4.349931 -0.583230
v -1.242391 3.963790 0.044612
v -0.198806 4.080230 -0.383226
v -0.514314 3.694089 0.244617
v -0.503726 4.287431 -0.600865
v -0.937469 3.756590 0.262251
v -1.221056 4.207395 -0.306785
v -0.220142 3.836627 -0.031829
v -0.999396 4.557662 -0.354030
v -1.382239 4.305767 -0.232564
v -0.767152 4.385990 0.021954
v -1.149994 4.134094 0.143423
v -0.811542 4.519022 -0.188797
v -1.337848 4.172734 -0.021813
v -1.234333 4.463880 -0.363745
v -0.915059 4.227878 0.153134
v -1.103801 4.413720 -0.056350
v -0.881924 4.551519 -0.635984
v -1.529361 4.125531 -0.430570
v -0.489168 4.261199 -0.000145
v -1.136605 3.835211 0.205271
v -0.564236 4.486176 -0.356552
v -1.454292 3.900555 -0.074161
v -1.279232 4.392923 -0.652415
v -0.739297 3.993809 0.221699
v -0.319207 4.602840 0.321772
v -0.012918 4.769605 0.135914
v -0.517772 4.587150 -0.019536
v -0.211485 4.753915 -0.205397
v -0.475878 4.563748 0.185942
v -0.054813 4.793006 -0.069564
v -0.128857 4.689162 0.292794
v -0.401833 4.667593 -0.176414
v -0.293634 4.745250 0.071572
v -0.292837 4.400301 0.473855
v 0.225138 4.682322 0.159544
v -0.628639 4.373765 -0.103342
v -0.110665 4.655787 -0.417654
v -0.557790 4.334191 0.244148
v 0.154288 4.721895 -0.187946
v 0.029069 4.546281 0.424850
v -0.432570 4.509805 -0.368646
v -0.087310 4.942193 0.060526
v 0.025387 4.932021 0.439159
v 0.280527 5.039350 -0.046348
v 0.393226 5.029181 0.332285
v 0.075493 4.992677 -0.063854
v 0.230421 4.978695 0.456665
v -0.099883 4.918902 0.269868
v 0.405795 5.052470 0.122943
v 0.136079 5.057227 0.203351
v -0.215422 4.751303 -0.048998
v -0.024836 4.734101 0.591320
v 0.406639 4.915609 -0.229737
v 0.597226 4.898409 0.410580
v 0.059899 4.836679 -0.259343
v 0.321904 4.813032 0.620924
v -0.236685 4.711915 0.305025
v 0.618486 4.937796 0.056557
v 0.241921 8.614239 0.309949
v -0.144435 8.926938 -0.157262
v -0.304321 8.539526 0.711658
v -0.690680 8.852227 0.244452
v 0.041196 8.518293 0.598342
v -0.489950 8.948174 -0.043945
v 0.151093 8.784585 0.001075
v -0.599851 8.681880 0.553325
v -0.199535 8.845639 0.331888
v 0.508347 8.279296 0.209638
v -0.145033 8.808115 -0.580474
v -0.415426 8.152950 0.888987
v -1.068805 8.681770 0.098874
v 0.168884 8.117042 0.697354
v -0.729341 8.844027 -0.388841
v 0.354742 8.567381 -0.312706
v -0.915201 8.393688 0.621218
v -0.619027 8.858637 0.334444
v -1.002527 8.900144 -0.159930
v -1.044778 8.510319 0.635467
v -1.428279 8.551826 0.141091
v -0.760047 8.676700 0.577583
v -1.287261 8.733761 -0.102049
v -0.731007 8.944653 0.030855
v -1.316302 8.465808 0.444678
v -1.071238 8.802341 0.282834
v -0.232405 8.746351 0.299950
v -0.880960 8.816543 -0.536102
v -0.952408 8.157299 0.809019
v -1.600957 8.227492 -0.027033
v -0.470891 8.438672 0.711137
v -1.362472 8.535171 -0.438219
v -0.421775 8.891817 -0.213460
v -1.411586 8.082026 0.486378
v -0.530196 8.485442 0.186927
v -0.104257 8.247005 0.682226
v -0.011578 8.452012 -0.275156
v 0.414362 8.213575 0.220147
v -0.350693 8.513399 -0.136918
v 0.234862 8.185616 0.543989
v -0.414397 8.372486 0.521155
v 0.298566 8.326528 -0.114082
v -0.023868 8.471401 0.232933
v -0.933145 8.305369 0.109360
v -0.212822 7.902143 0.946978
v -0.056094 8.248837 -0.672082
v 0.664224 7.845610 0.165537
v -0.629582 8.352656 -0.438307
v 0.360662 7.798325 0.713203
v -0.737317 8.114348 0.674587
v 0.468396 8.036630 -0.399691
v -1.399172 7.970580 0.812119
v -0.039613 8.275605 -0.219193
vt 0.256719 0.125406
vt 0.333733 0.097066
vt 0.385377 0.852447
vt 0.317793 0.859571
vt 0.501153 2.098800
vt 0.553737 2.099634
vt 0.561168 2.317839
vt 0.520556 2.318540
vt 0.492628 0.070498
vt 0.574259 0.075725
vt 0.584442 0.797530
vt 0.517691 0.816322
vt 0.729989 0.132477
vt 0.808200 0.158467
vt 0.786534 0.823047
vt 0.721313 0.803837
vt 0.969008 0.147831
vt 1.047570 0.124737
vt 0.982667 0.856177
vt 0.916161 0.848749
vt 0.412455 0.077505
vt 0.452172 0.836706
vt 0.654025 0.097795
vt 0.653524 0.790839
vt 0.889373 0.162556
vt 0.851153 0.838979
vt 0.710657 1.847142
vt 0.658071 1.848884
vt 0.652644 2.103157
vt 0.699622 2.104213
vt 0.687752 2.314484
vt 0.644633 2.314213
vt 0.793942 2.104608
vt 0.845435 2.104858
vt 0.816037 2.308692
vt 0.774226 2.310687
vt 0.446773 2.100559
vt 0.480359 2.316501
vt 0.746226 2.104229
vt 0.731400 2.313055
vt 0.390401 2.104216
vt 0.440585 2.312860
vt 0.604369 2.101748
vt 0.602470 2.315803
vt 0.900121 2.110543
vt 0.855052 2.317047
vt 0.433779 2.903483
vt 0.473175 2.898867
vt 0.525786 3.570206
vt 0.507796 3.565430
vt 0.923930 1.852221
vt 0.869076 1.846412
vt 0.553470 1.855228
vt 0.500427 1.853299
vt 0.814754 1.845547
vt 0.445897 1.848068
vt 0.605614 1.852301
vt 0.762450 1.845603
vt 0.391159 1.842011
vt 0.676227 2.622589
vt 0.717526 2.623174
vt 0.703652 2.933293
vt 0.664701 2.930694
vt 0.781325 2.924028
vt 0.821553 2.920445
vt 0.679758 3.571721
vt 0.666076 3.559788
vt 0.512146 2.899046
vt 0.550875 2.901968
vt 0.563646 3.564644
vt 0.545023 3.570201
vt 0.588931 2.909695
vt 0.580449 3.555631
vt 0.742257 2.930068
vt 0.651393 3.548775
vt 0.626507 2.921164
vt 0.596880 3.546737
vt 0.633957 3.541717
vt 1.114135 -1.056376
vt 1.096869 -1.051019
vt 1.079981 -1.056912
vt 1.070017 -1.071137
vt 1.070018 -1.088217
vt 1.079980 -1.102443
vt 1.096869 -1.108336
vt 1.114135 -1.102979
vt 1.124706 -1.088547
vt 1.124706 -1.070806
vt 0.758242 2.620377
vt 0.798681 2.616360
vt 0.476767 2.607684
vt 0.516351 2.608793
vt 0.595701 2.612749
vt 0.635570 2.617688
vt 0.437182 2.608171
vt 0.556022 2.609904
vt 0.838303 2.618746
vt 0.614995 3.541085
vt 1.169101 -0.105487
vt 1.179968 -0.151368
vt 1.510750 -0.123484
vt 1.509047 -0.091445
vt 1.200812 -0.235849
vt 1.204677 -0.276704
vt 1.514460 -0.229588
vt 1.513144 -0.192384
vt 1.202473 -0.364139
vt 1.205805 -0.410210
vt 1.532787 -0.335054
vt 1.522502 -0.302400
vt 1.162311 -0.056638
vt 1.506235 -0.060385
vt 1.191724 -0.194536
vt 1.511789 -0.156971
vt 1.204814 -0.318624
vt 1.517532 -0.266707
vt 1.162311 -0.007854
vt 1.502952 -0.029502
vt 1.167442 0.039044
vt 1.498568 0.001982
vt 1.775873 -0.193280
vt 1.777706 -0.165618
vt 1.801300 -0.274936
vt 1.787372 -0.248641
vt 1.792885 -0.078973
vt 1.791316 -0.048623
vt 1.782768 -0.137422
vt 1.779190 -0.220822
vt 1.783895 -0.019122
vt 1.788944 -0.108752
vt 1.771658 0.008781
vt 2.113598 -0.239346
vt 2.095343 -0.215438
vt 2.111391 -0.051550
vt 2.111989 -0.022714
vt 2.082492 -0.132925
vt 2.091516 -0.105907
vt 2.083709 -0.188635
vt 2.104002 0.005150
vt 2.103014 -0.079334
vt 2.079195 -0.160813
vt 2.088856 0.030825
vt 2.416720 -0.035078
vt 2.410778 -0.013382
vt 2.449966 -0.090471
vt 2.440456 -0.071908
vt 2.444825 -0.151156
vt 2.452024 -0.130999
vt 2.411788 0.008931
vt 2.427902 -0.054325
vt 2.453798 -0.110559
vt 2.418653 0.030124
vt 2.437228 -0.171859
vt 2.661072 -0.066611
vt 2.652436 -0.050614
vt 2.655969 -0.119457
vt 2.662761 -0.102017
vt 2.627455 -0.003253
vt 2.628274 0.014538
vt 2.641654 -0.035817
vt 2.664630 -0.084151
vt 2.633891 0.032052
vt 2.632405 -0.020359
vt 2.649282 -0.137001
vt 1.505992 1.688549
vt 1.390395 1.684085
vt 1.386962 1.663717
vt 1.504440 1.667550
vt 1.501671 1.626719
vt 1.370995 1.626397
vt 1.365081 1.607787
vt 1.501565 1.607114
vt 1.505442 1.568711
vt 1.367787 1.569984
vt 1.375955 1.551653
vt 1.508756 1.548643
vt 1.506694 1.709595
vt 1.388063 1.704590
vt 1.502840 1.646855
vt 1.379429 1.644627
vt 1.503054 1.587927
vt 1.364035 1.588780
vt 1.506708 1.730685
vt 1.381081 1.724269
vt 1.384102 1.532615
vt 1.510043 1.527793
vt 1.170098 1.624204
vt 1.163781 1.608450
vt 1.165895 1.575395
vt 1.173971 1.559886
vt 1.185791 1.688164
vt 1.188417 1.671412
vt 1.178552 1.639146
vt 1.162311 1.591797
vt 1.178723 1.704039
vt 1.185578 1.654714
vt 1.181974 1.544173
vt 1.702584 1.631028
vt 1.697783 1.651398
vt 1.711850 1.570023
vt 1.710718 1.590545
vt 1.697101 1.712747
vt 1.702457 1.733185
vt 1.694532 1.671795
vt 1.707214 1.610759
vt 1.706317 1.527794
vt 1.710847 1.548827
vt 1.694312 1.692360
vt 2.354056 1.381415
vt 2.344424 1.367779
vt 2.344424 1.350794
vt 2.354506 1.336797
vt 2.370971 1.331428
vt 2.387372 1.336842
vt 2.397426 1.350855
vt 2.397347 1.368364
vt 2.386641 1.382451
vt 2.369824 1.387108
vt 2.015232 1.500958
vt 2.006250 1.526298
vt 1.820024 1.491538
vt 1.821932 1.473437
vt 2.005620 1.319659
vt 2.008687 1.343140
vt 1.828431 1.357664
vt 1.824697 1.336549
vt 2.021129 1.391740
vt 2.025218 1.417837
vt 1.830889 1.419704
vt 1.832703 1.399915
vt 2.022170 1.473355
vt 1.824476 1.455701
vt 2.005424 1.295131
vt 1.821199 1.316521
vt 2.013980 1.366640
vt 1.831177 1.379035
vt 2.025218 1.445382
vt 1.827325 1.437914
vt 2.006470 1.269122
vt 1.817717 1.297612
vt 1.676551 1.366007
vt 1.672813 1.350512
vt 1.670022 1.415061
vt 1.675443 1.398670
vt 1.660193 1.466025
vt 1.660271 1.448633
vt 1.667235 1.335080
vt 1.677371 1.382001
vt 1.663720 1.431517
vt 1.661050 1.319588
vt 1.663209 1.482721
vt 1.488935 1.417626
vt 1.497142 1.402620
vt 1.477063 1.465016
vt 1.476397 1.448374
vt 1.497334 1.354741
vt 1.489854 1.340160
vt 1.501421 1.386450
vt 1.480657 1.432328
vt 1.480919 1.325943
vt 1.501599 1.370279
vt 1.482273 1.481124
vt 1.300914 1.451122
vt 1.304429 1.438679
vt 1.284734 1.368667
vt 1.288280 1.357211
vt 1.293644 1.402565
vt 1.287560 1.391847
vt 1.303949 1.425815
vt 1.293598 1.346005
vt 1.284540 1.380432
vt 1.300066 1.413541
vt 1.294434 1.462094
vt 1.162662 1.375038
vt 1.166042 1.365139
vt 1.170597 1.404578
vt 1.165075 1.395310
vt 1.179955 1.434051
vt 1.179377 1.423833
vt 1.170755 1.355719
vt 1.162311 1.385339
vt 1.176067 1.413908
vt 1.171962 1.452922
vt 1.177220 1.443895
vt 0.810371 -1.108336
vt 0.895219 -1.108336
vt 0.889902 -0.744672
vt 0.806137 -0.740961
vt 0.539574 -1.074605
vt 0.631202 -1.086788
vt 0.643989 -0.786232
vt 0.562424 -0.812532
vt 0.281015 -1.065750
vt 0.368257 -1.065105
vt 0.394193 -0.828645
vt 0.311082 -0.810725
vt 0.981552 -1.098902
vt 0.971453 -0.766549
vt 0.723444 -1.100063
vt 0.723974 -0.757600
vt 0.453148 -1.067633
vt 0.478558 -0.828426
vt 1.069601 -1.081953
vt 1.051378 -0.794629
vt 0.191011 -1.067772
vt 0.231645 -0.779075
vt 1.175251 0.529674
vt 1.188777 0.488812
vt 1.474982 0.537108
vt 1.473087 0.564436
vt 1.203699 0.815310
vt 1.196313 0.778275
vt 1.469331 0.738740
vt 1.476042 0.769840
vt 1.172406 0.702236
vt 1.164039 0.661168
vt 1.462282 0.645923
vt 1.460588 0.675801
vt 1.165596 0.573437
vt 1.470150 0.591308
vt 1.207015 0.854241
vt 1.482321 0.799159
vt 1.185733 0.741428
vt 1.464047 0.707015
vt 1.162311 0.617661
vt 1.466743 0.618288
vt 1.203704 0.449543
vt 1.476362 0.508949
vt 1.702381 0.724153
vt 1.708396 0.748777
vt 1.711748 0.645809
vt 1.703582 0.672099
vt 1.725166 0.563976
vt 1.725934 0.591824
vt 1.717319 0.773612
vt 1.700870 0.698704
vt 1.721179 0.619324
vt 1.711382 0.511410
vt 1.719306 0.537118
vt 2.003106 0.637923
vt 1.990434 0.662393
vt 2.020357 0.561336
vt 2.022093 0.588019
vt 1.991809 0.739897
vt 2.004504 0.763353
vt 1.984102 0.688647
vt 2.015868 0.613966
vt 1.999376 0.511516
vt 2.011376 0.535830
vt 1.984365 0.714818
vt 2.306339 0.574738
vt 2.301044 0.595172
vt 2.335750 0.708074
vt 2.330479 0.726823
vt 2.319909 0.653445
vt 2.330190 0.670571
vt 2.302288 0.616101
vt 2.328239 0.539940
vt 2.316607 0.556558
vt 2.335552 0.688958
vt 2.309062 0.635900
vt 2.530794 0.691347
vt 2.526017 0.707179
vt 2.516691 0.644999
vt 2.525899 0.659419
vt 2.500636 0.598768
vt 2.501936 0.614889
vt 2.521938 0.555556
vt 2.512624 0.568994
vt 2.530794 0.675049
vt 2.507594 0.630457
vt 2.504652 0.583163
vt 1.897183 1.655693
vt 2.002447 1.653212
vt 2.007023 1.671502
vt 1.899451 1.674774
vt 1.902815 1.527794
vt 2.023637 1.530993
vt 2.028341 1.548409
vt 1.902853 1.545732
vt 1.899152 1.580743
vt 2.024315 1.582910
vt 2.016151 1.599269
vt 1.896045 1.598897
vt 1.895675 1.636662
vt 2.003109 1.634440
vt 1.901741 1.693675
vt 2.015322 1.688398
vt 2.024482 1.704455
vt 1.903609 1.712197
vt 1.901411 1.563273
vt 2.028511 1.565884
vt 1.894776 1.617663
vt 2.008015 1.616202
vt 2.206804 1.544993
vt 2.211601 1.559587
vt 2.207841 1.589295
vt 2.199707 1.602844
vt 2.186722 1.631393
vt 2.185863 1.646644
vt 2.197685 1.674713
vt 2.206627 1.687242
vt 2.211990 1.574697
vt 2.191638 1.616595
vt 2.189933 1.661379
vt 1.720989 1.711488
vt 1.724922 1.693246
vt 1.713346 1.582548
vt 1.714038 1.564174
vt 1.724179 1.638297
vt 1.718902 1.620215
vt 1.727416 1.674906
vt 1.716834 1.546023
vt 1.714553 1.601480
vt 1.727157 1.656487
vt 1.720608 1.527793
vt 2.258828 1.686051
vt 2.246459 1.694788
vt 2.231053 1.694788
vt 2.218356 1.685644
vt 2.213486 1.670709
vt 2.218396 1.655831
vt 2.231107 1.646712
vt 2.246989 1.646783
vt 2.259768 1.656494
vt 2.263992 1.671748
vt 2.271994 1.567696
vt 2.261413 1.582856
vt 2.243302 1.589361
vt 2.224696 1.583484
vt 2.213486 1.567763
vt 2.213625 1.548744
vt 2.224955 1.533433
vt 2.243201 1.527793
vt 2.261187 1.533987
vt 2.271994 1.549286
vt 2.309684 1.582361
vt 2.323435 1.591959
vt 2.329336 1.608386
vt 2.324005 1.625263
vt 2.309745 1.635432
vt 2.292494 1.635305
vt 2.278604 1.625029
vt 2.273489 1.608478
vt 2.279108 1.592163
vt 2.292984 1.582361
vt 2.344424 1.281591
vt 2.350514 1.272866
vt 2.360937 1.269122
vt 2.371645 1.272505
vt 2.378097 1.281553
vt 2.378016 1.292498
vt 2.371496 1.301310
vt 2.360995 1.304556
vt 2.350644 1.300990
vt 2.344424 1.292186
vt 2.351646 1.235823
vt 2.328160 1.267627
vt 2.060649 1.182984
vt 2.067195 1.155765
vt 2.350348 0.968583
vt 2.345879 1.005609
vt 2.102882 0.991972
vt 2.101244 0.964229
vt 2.361880 1.080892
vt 2.371720 1.120131
vt 2.093585 1.075865
vt 2.100576 1.048154
vt 2.367763 1.199529
vt 2.075087 1.128930
vt 2.362912 0.932637
vt 2.099491 0.936166
vt 2.350084 1.043112
vt 2.102715 1.019747
vt 2.373862 1.160336
vt 2.083884 1.102418
vt 2.378117 0.896493
vt 2.097856 0.908012
vt 1.909846 0.973574
vt 1.905951 0.948604
vt 1.882199 1.045122
vt 1.897331 1.023536
vt 1.854789 1.113014
vt 1.857855 1.088632
vt 1.897573 0.924677
vt 1.906812 0.998870
vt 1.867282 1.065786
vt 1.888187 0.901321
vt 1.857911 1.137484
vt 1.622512 1.008412
vt 1.637254 0.988684
vt 1.595723 1.074357
vt 1.598170 1.050162
vt 1.647020 0.920781
vt 1.639202 0.898508
vt 1.646565 0.966599
vt 1.607608 1.027861
vt 1.629217 0.876422
vt 1.650029 0.943671
vt 1.599929 1.098687
vt 1.346755 1.018446
vt 1.354322 1.001392
vt 1.340474 0.897454
vt 1.347870 0.881821
vt 1.346285 0.947648
vt 1.339785 0.931118
vt 1.356264 0.982925
vt 1.357746 0.866910
vt 1.337801 0.914209
vt 1.353221 0.964614
vt 1.335251 1.032797
vt 1.164911 0.881665
vt 1.171754 0.868223
vt 1.170217 0.925452
vt 1.164224 0.911097
vt 1.177571 0.969429
vt 1.178827 0.954726
vt 1.180404 0.855736
vt 1.162311 0.896298
vt 1.176125 0.939884
vt 1.162311 0.994735
vt 1.171658 0.982923
vt 2.414433 1.025485
vt 2.416760 1.121996
vt 2.400018 1.126210
vt 2.396939 1.027582
vt 2.531486 1.030976
vt 2.528516 1.140997
vt 2.512700 1.145345
vt 2.515066 1.030920
vt 2.483083 1.027386
vt 2.481192 1.141830
vt 2.466196 1.134425
vt 2.466473 1.024492
vt 2.431879 1.024101
vt 2.433954 1.122582
vt 2.548442 1.030118
vt 2.544145 1.134492
vt 2.499052 1.029524
vt 2.496762 1.145589
vt 2.449288 1.023300
vt 2.450671 1.127039
vt 2.384510 1.133836
vt 2.379612 1.029718
vt 2.518131 1.309249
vt 2.504679 1.313896
vt 2.477122 1.310787
vt 2.464500 1.303411
vt 2.437961 1.291667
vt 2.423821 1.290989
vt 2.530998 1.302781
vt 2.490688 1.314449
vt 2.451704 1.296085
vt 2.410172 1.294852
vt 2.397794 1.302130
vt 2.533740 0.862980
vt 2.550766 0.866819
vt 2.482836 0.855736
vt 2.499940 0.856517
vt 2.430830 0.865560
vt 2.447704 0.860706
vt 2.379612 0.866251
vt 2.396701 0.868546
vt 2.516810 0.859279
vt 2.465187 0.856749
vt 2.413868 0.868304
vt 2.406963 1.373160
vt 2.398921 1.361777
vt 2.398921 1.347596
vt 2.407338 1.335910
vt 2.421083 1.331428
vt 2.434777 1.335947
vt 2.443170 1.347646
vt 2.443105 1.362264
vt 2.434166 1.374025
vt 2.420127 1.377913
vt 2.306803 1.636928
vt 2.319459 1.645762
vt 2.324890 1.660882
vt 2.319983 1.676415
vt 2.306858 1.685774
vt 2.290980 1.685657
vt 2.278197 1.676198
vt 2.273489 1.660965
vt 2.278661 1.645949
vt 2.291433 1.636927
vt 1.204609 0.135502
vt 1.246226 0.145359
vt 1.220935 0.445404
vt 1.191873 0.443859
vt 1.322858 0.164265
vt 1.359916 0.167771
vt 1.317180 0.448769
vt 1.283432 0.447575
vt 1.439226 0.165772
vt 1.481016 0.168793
vt 1.412846 0.465392
vt 1.383225 0.456063
vt 1.160299 0.129343
vt 1.163699 0.441309
vt 1.285383 0.156022
vt 1.251310 0.446346
vt 1.397940 0.167895
vt 1.350850 0.451554
vt 1.116049 0.129343
vt 1.135686 0.438330
vt 1.073508 0.133997
vt 1.107128 0.434354
vt 1.284246 0.685890
vt 1.259155 0.687553
vt 1.358315 0.708954
vt 1.334463 0.696320
vt 1.180560 0.701321
vt 1.153031 0.699898
vt 1.233578 0.692145
vt 1.309229 0.688899
vt 1.126272 0.693167
vt 1.207573 0.697747
vt 1.100962 0.682068
vt 1.326033 0.992234
vt 1.304346 0.975675
vt 1.155687 0.990232
vt 1.129531 0.990775
vt 1.229501 0.964019
vt 1.204993 0.972204
vt 1.280034 0.965122
vt 1.104257 0.983530
vt 1.180890 0.982634
vt 1.254797 0.961026
vt 1.080967 0.969792
vt 1.140747 1.267189
vt 1.121068 1.261798
vt 1.190994 1.297345
vt 1.174155 1.288719
vt 1.246040 1.292682
vt 1.227755 1.299212
vt 1.100828 1.262715
vt 1.158207 1.277331
vt 1.209215 1.300820
vt 1.081604 1.268942
vt 1.264818 1.285789
vt 1.169351 1.488835
vt 1.154841 1.481001
vt 1.217287 1.484206
vt 1.201467 1.490366
vt 1.111881 1.458342
vt 1.095744 1.459085
vt 1.141418 1.471221
vt 1.185262 1.492062
vt 1.079856 1.464180
vt 1.127397 1.462832
vt 1.233201 1.478141
vt 2.613833 0.361232
vt 2.604235 0.374983
vt 2.587807 0.380884
vt 2.570930 0.375553
vt 2.560761 0.361292
vt 2.560888 0.344041
vt 2.571165 0.330152
vt 2.587716 0.325037
vt 2.604031 0.330655
vt 2.613833 0.344532
vt 2.367495 1.501072
vt 2.369037 1.565016
vt 2.357944 1.567808
vt 2.355905 1.502461
vt 2.445049 1.504710
vt 2.443081 1.577605
vt 2.432602 1.580487
vt 2.434170 1.504673
vt 2.412980 1.502332
vt 2.411726 1.578157
vt 2.401790 1.573251
vt 2.401975 1.500414
vt 2.379054 1.500155
vt 2.380429 1.565404
vt 2.456284 1.504141
vt 2.453436 1.573295
vt 2.423560 1.503748
vt 2.422042 1.580648
vt 2.390589 1.499624
vt 2.391504 1.568357
vt 2.347669 1.572861
vt 2.344424 1.503876
vt 2.436201 1.689082
vt 2.427288 1.692161
vt 2.409030 1.690101
vt 2.400667 1.685214
vt 2.383084 1.677433
vt 2.373715 1.676984
vt 2.444726 1.684797
vt 2.418018 1.692527
vt 2.392189 1.680360
vt 2.364672 1.679543
vt 2.356471 1.684366
vt 2.446543 1.393403
vt 2.457824 1.395947
vt 2.412816 1.388604
vt 2.424149 1.389121
vt 2.378359 1.395112
vt 2.389539 1.391896
vt 2.344424 1.395571
vt 2.355746 1.397090
vt 2.435326 1.390951
vt 2.401123 1.389275
vt 2.367121 1.396930
vt 2.372074 1.718012
vt 2.364532 1.723340
vt 2.355137 1.723340
vt 2.347394 1.717764
vt 2.344424 1.708657
vt 2.347418 1.699583
vt 2.355170 1.694023
vt 2.364854 1.694066
vt 2.372647 1.699988
vt 2.375223 1.709290
vt 2.217430 1.477427
vt 2.215876 1.488997
vt 2.150565 1.486028
vt 2.153514 1.474975
vt 2.214895 1.399829
vt 2.214778 1.410708
vt 2.138950 1.411197
vt 2.141980 1.400760
vt 2.216817 1.431929
vt 2.218578 1.442960
vt 2.145747 1.442108
vt 2.140982 1.432103
vt 2.218511 1.465883
vt 2.153288 1.463579
vt 2.215624 1.388604
vt 2.146437 1.390467
vt 2.215552 1.421330
vt 2.138638 1.421753
vt 2.219206 1.454357
vt 2.150493 1.452463
vt 2.214297 1.500456
vt 2.145366 1.496230
vt 2.027211 1.414921
vt 2.030416 1.406053
vt 2.033779 1.441638
vt 2.029011 1.433207
vt 2.041625 1.468705
vt 2.041309 1.459331
vt 2.034823 1.397590
vt 2.026713 1.424185
vt 2.038512 1.450185
vt 2.033998 1.485842
vt 2.038937 1.477710
vt 2.323830 1.388604
vt 2.326213 1.399919
vt 2.330176 1.422372
vt 2.330532 1.433711
vt 2.326909 1.456939
vt 2.323534 1.468072
vt 2.321234 1.490655
vt 2.322593 1.501997
vt 2.328505 1.411170
vt 2.329695 1.445394
vt 2.321556 1.479283
vt 2.325503 1.687270
vt 2.333107 1.692577
vt 2.336370 1.701661
vt 2.333422 1.710994
vt 2.325537 1.716617
vt 2.315998 1.716547
vt 2.308317 1.710864
vt 2.305488 1.701712
vt 2.308594 1.692691
vt 2.316268 1.687270
vt 1.876003 1.713693
vt 1.713346 1.716533
vt 1.713346 1.719371
vt 1.876004 1.716532
vt 2.038649 1.715055
vt 2.201271 1.716416
vt 2.201247 1.719255
vt 2.038625 1.717893
vt 1.505992 1.688549
vt 1.390395 1.684085
vt 1.386962 1.663717
vt 1.504440 1.667550
vt 1.501671 1.626719
vt 1.370995 1.626397
vt 1.365081 1.607787
vt 1.501565 1.607114
vt 1.505442 1.568711
vt 1.367787 1.569984
vt 1.375955 1.551653
vt 1.508756 1.548643
vt 1.506694 1.709595
vt 1.388063 1.704590
vt 1.502840 1.646855
vt 1.379429 1.644627
vt 1.503054 1.587927
vt 1.364035 1.588780
vt 1.506708 1.730685
vt 1.381081 1.724269
vt 1.384102 1.532615
vt 1.510043 1.527793
vt 1.170098 1.624204
vt 1.163781 1.608450
vt 1.165895 1.575395
vt 1.173971 1.559886
vt 1.185791 1.688164
vt 1.188417 1.671412
vt 1.178552 1.639146
vt 1.162311 1.591797
vt 1.178723 1.704039
vt 1.185578 1.654714
vt 1.181974 1.544173
vt 1.702584 1.631028
vt 1.697783 1.651398
vt 1.711850 1.570023
vt 1.710718 1.590545
vt 1.697101 1.712747
vt 1.702457 1.733185
vt 1.694532 1.671795
vt 1.707214 1.610759
vt 1.706317 1.527794
vt 1.710847 1.548827
vt 1.694312 1.692360
vt 2.354056 1.381415
vt 2.344424 1.367779
vt 2.344424 1.350794
vt 2.354506 1.336797
vt 2.370971 1.331428
vt 2.387372 1.336842
vt 2.397426 1.350855
vt 2.397347 1.368364
vt 2.386641 1.382451
vt 2.369824 1.387108
vt 1.505992 1.688549
vt 1.390395 1.684085
vt 1.386962 1.663717
vt 1.504440 1.667550
vt 1.501671 1.626719
vt 1.370995 1.626397
vt 1.365081 1.607787
vt 1.501565 1.607114
vt 1.505442 1.568711
vt 1.367787 1.569984
vt 1.375955 1.551653
vt 1.508756 1.548643
vt 1.506694 1.709595
vt 1.388063 1.704590
vt 1.502840 1.646855
vt 1.379429 1.644627
vt 1.503054 1.587927
vt 1.364035 1.588780
vt 1.506708 1.730685
vt 1.381081 1.724269
vt 1.384102 1.532615
vt 1.510043 1.527793
vt 1.170098 1.624204
vt 1.163781 1.608450
vt 1.165895 1.575395
vt 1.173971 1.559886
vt 1.185791 1.688164
vt 1.188417 1.671412
vt 1.178552 1.639146
vt 1.162311 1.591797
vt 1.178723 1.704039
vt 1.185578 1.654714
vt 1.181974 1.544173
vt 1.702584 1.631028
vt 1.697783 1.651398
vt 1.711850 1.570023
vt 1.710718 1.590545
vt 1.697101 1.712747
vt 1.702457 1.733185
vt 1.694532 1.671795
vt 1.707214 1.610759
vt 1.706317 1.527794
vt 1.710847 1.548827
vt 1.694312 1.692360
vt 2.354056 1.381415
vt 2.344424 1.367779
vt 2.344424 1.350794
vt 2.354506 1.336797
vt 2.370971 1.331428
vt 2.387372 1.336842
vt 2.397426 1.350855
vt 2.397347 1.368364
vt 2.386641 1.382451
vt 2.369824 1.387108
vt 0.500000 0.500000
vt 0.757387 0.597317
vt 0.618652 0.762926
vt 0.402683 0.757387
vt 0.597317 0.242613
vt 0.762926 0.381347
vt 0.381347 0.237074
vt 0.242613 0.402683
vt 0.237074 0.618653
vt 0.000100 0.725594
vt 0.000100 0.310990
vt 0.999900 0.689010
vt 0.725594 0.999900
vt 0.274406 0.000100
vt 0.689010 0.000100
vt 0.999900 0.274406
vt 0.310990 0.999900
vt 0.500000 0.500000
vt 0.757387 0.597317
vt 0.618652 0.762926
vt 0.402683 0.757387
vt 0.597317 0.242613
vt 0.762926 0.381347
vt 0.381347 0.237074
vt 0.242613 0.402683
vt 0.237074 0.618653
vt 0.000100 0.725594
vt 0.000100 0.310990
vt 0.999900 0.689010
vt 0.725594 0.999900
vt 0.274406 0.000100
vt 0.689010 0.000100
vt 0.999900 0.274406
vt 0.310990 0.999900
vt 0.500000 0.500000
vt 0.757387 0.597317
vt 0.618652 0.762926
vt 0.402683 0.757387
vt 0.597317 0.242613
vt 0.762926 0.381347
vt 0.381347 0.237074
vt 0.242613 0.402683
vt 0.237074 0.618653
vt 0.000100 0.725594
vt 0.000100 0.310990
vt 0.999900 0.689010
vt 0.725594 0.999900
vt 0.274406 0.000100
vt 0.689010 0.000100
vt 0.999900 0.274406
vt 0.310990 0.999900
vt 0.500000 0.500000
vt 0.757387 0.597317
vt 0.618652 0.762926
vt 0.402683 0.757387
vt 0.597317 0.242613
vt 0.762926 0.381347
vt 0.381347 0.237074
vt 0.242613 0.402683
vt 0.237074 0.618653
vt 0.000100 0.725594
vt 0.000100 0.310990
vt 0.999900 0.689010
vt 0.725594 0.999900
vt 0.274406 0.000100
vt 0.689010 0.000100
vt 0.999900 0.274406
vt 0.310990 0.999900
vt 0.500000 0.500000
vt 0.757387 0.597317
vt 0.618652 0.762926
vt 0.402683 0.757387
vt 0.597317 0.242613
vt 0.762926 0.381347
vt 0.381347 0.237074
vt 0.242613 0.402683
vt 0.237074 0.618653
vt 0.000100 0.725594
vt 0.000100 0.310990
vt 0.999900 0.689010
vt 0.725594 0.999900
vt 0.274406 0.000100
vt 0.689010 0.000100
vt 0.999900 0.274406
vt 0.310990 0.999900
vt 0.500000 0.500000
vt 0.757387 0.597317
vt 0.618652 0.762926
vt 0.402683 0.757387
vt 0.597317 0.242613
vt 0.762926 0.381347
vt 0.381347 0.237074
vt 0.242613 0.402683
vt 0.237074 0.618653
vt 0.000100 0.725594
vt 0.000100 0.310990
vt 0.999900 0.689010
vt 0.725594 0.999900
vt 0.274406 0.000100
vt 0.689010 0.000100
vt 0.999900 0.274406
vt 0.310990 0.999900
vt 0.597317 0.242613
vt 0.762926 0.381347
vt 0.757387 0.597317
vt 0.500000 0.500000
vt 0.381347 0.237074
vt 0.274406 0.000100
vt 0.689010 0.000100
vt 0.999900 0.274406
vt 0.242613 0.402683
vt 0.237074 0.618653
vt 0.000100 0.725594
vt 0.000100 0.310990
vt 0.402683 0.757387
vt 0.618652 0.762926
vt 0.725594 0.999900
vt 0.310990 0.999900
vt 0.999900 0.689010
vt 0.597317 0.242613
vt 0.762926 0.381347
vt 0.757387 0.597317
vt 0.500000 0.500000
vt 0.381347 0.237074
vt 0.274406 0.000100
vt 0.689010 0.000100
vt 0.999900 0.274406
vt 0.242613 0.402683
vt 0.237074 0.618653
vt 0.000100 0.725594
vt 0.000100 0.310990
vt 0.402683 0.757387
vt 0.618652 0.762926
vt 0.725594 0.999900
vt 0.310990 0.999900
vt 0.999900 0.689010
vt 0.500000 0.500000
vt 0.757387 0.597317
vt 0.618652 0.762926
vt 0.402683 0.757387
vt 0.597317 0.242613
vt 0.762926 0.381347
vt 0.381347 0.237074
vt 0.242613 0.402683
vt 0.237074 0.618653
vt 0.000100 0.725594
vt 0.000100 0.310990
vt 0.999900 0.689010
vt 0.725594 0.999900
vt 0.274406 0.000100
vt 0.689010 0.000100
vt 0.999900 0.274406
vt 0.310990 0.999900
vt 0.500000 0.500000
vt 0.757387 0.597317
vt 0.618652 0.762926
vt 0.402683 0.757387
vt 0.597317 0.242613
vt 0.762926 0.381347
vt 0.381347 0.237074
vt 0.242613 0.402683
vt 0.237074 0.618653
vt 0.000100 0.725594
vt 0.000100 0.310990
vt 0.999900 0.689010
vt 0.725594 0.999900
vt 0.274406 0.000100
vt 0.689010 0.000100
vt 0.999900 0.274406
vt 0.310990 0.999900
vt 0.500000 0.500000
vt 0.757387 0.597317
vt 0.618652 0.762926
vt 0.402683 0.757387
vt 0.597317 0.242613
vt 0.762926 0.381347
vt 0.381347 0.237074
vt 0.242613 0.402683
vt 0.237074 0.618653
vt 0.000100 0.725594
vt 0.000100 0.310990
vt 0.999900 0.689010
vt 0.725594 0.999900
vt 0.274406 0.000100
vt 0.689010 0.000100
vt 0.999900 0.274406
vt 0.310990 0.999900
vt 0.500000 0.500000
vt 0.757387 0.597317
vt 0.618652 0.762926
vt 0.402683 0.757387
vt 0.597317 0.242613
vt 0.762926 0.381347
vt 0.381347 0.237074
vt 0.242613 0.402683
vt 0.237074 0.618653
vt 0.000100 0.725594
vt 0.000100 0.310990
vt 0.999900 0.689010
vt 0.725594 0.999900
vt 0.274406 0.000100
vt 0.689010 0.000100
vt 0.999900 0.274406
vt 0.310990 0.999900
vt 0.500000 0.500000
vt 0.757387 0.597317
vt 0.618652 0.762926
vt 0.402683 0.757387
vt 0.597317 0.242613
vt 0.762926 0.381347
vt 0.381347 0.237074
vt 0.242613 0.402683
vt 0.237074 0.618653
vt 0.000100 0.725594
vt 0.000100 0.310990
vt 0.999900 0.689010
vt 0.725594 0.999900
vt 0.274406 0.000100
vt 0.689010 0.000100
vt 0.999900 0.274406
vt 0.310990 0.999900
vt 0.500000 0.500000
vt 0.757387 0.597317
vt 0.618652 0.762926
vt 0.402683 0.757387
vt 0.597317 0.242613
vt 0.762926 0.381347
vt 0.381347 0.237074
vt 0.242613 0.402683
vt 0.237074 0.618653
vt 0.000100 0.725594
vt 0.000100 0.310990
vt 0.999900 0.689010
vt 0.725594 0.999900
vt 0.274406 0.000100
vt 0.689010 0.000100
vt 0.999900 0.274406
vt 0.310990 0.999900
vt 0.500000 0.500000
vt 0.757387 0.597317
vt 0.618652 0.762926
vt 0.402683 0.757387
vt 0.597317 0.242613
vt 0.762926 0.381347
vt 0.381347 0.237074
vt 0.242613 0.402683
vt 0.237074 0.618653
vt 0.000100 0.725594
vt 0.000100 0.310990
vt 0.999900 0.689010
vt 0.725594 0.999900
vt 0.274406 0.000100
vt 0.689010 0.000100
vt 0.999900 0.274406
vt 0.310990 0.999900
vt 0.500000 0.500000
vt 0.757387 0.597317
vt 0.618652 0.762926
vt 0.402683 0.757387
vt 0.597317 0.242613
vt 0.762926 0.381347
vt 0.381347 0.237074
vt 0.242613 0.402683
vt 0.237074 0.618653
vt 0.000100 0.725594
vt 0.000100 0.310990
vt 0.999900 0.689010
vt 0.725594 0.999900
vt 0.274406 0.000100
vt 0.689010 0.000100
vt 0.999900 0.274406
vt 0.310990 0.999900
vt 0.500000 0.500000
vt 0.757387 0.597317
vt 0.618652 0.762926
vt 0.402683 0.757387
vt 0.597317 0.242613
vt 0.762926 0.381347
vt 0.381347 0.237074
vt 0.242613 0.402683
vt 0.237074 0.618653
vt 0.000100 0.725594
vt 0.000100 0.310990
vt 0.999900 0.689010
vt 0.725594 0.999900
vt 0.274406 0.000100
vt 0.689010 0.000100
vt 0.999900 0.274406
vt 0.310990 0.999900
vt 0.500000 0.500000
vt 0.757387 0.597317
vt 0.618652 0.762926
vt 0.402683 0.757387
vt 0.597317 0.242613
vt 0.762926 0.381347
vt 0.381347 0.237074
vt 0.242613 0.402683
vt 0.237074 0.618653
vt 0.000100 0.725594
vt 0.000100 0.310990
vt 0.999900 0.689010
vt 0.725594 0.999900
vt 0.274406 0.000100
vt 0.689010 0.000100
vt 0.999900 0.274406
vt 0.310990 0.999900
vt 0.500000 0.500000
vt 0.757387 0.597317
vt 0.618652 0.762926
vt 0.402683 0.757387
vt 0.597317 0.242613
vt 0.762926 0.381347
vt 0.381347 0.237074
vt 0.242613 0.402683
vt 0.237074 0.618653
vt 0.000100 0.725594
vt 0.000100 0.310990
vt 0.999900 0.689010
vt 0.725594 0.999900
vt 0.274406 0.000100
vt 0.689010 0.000100
vt 0.999900 0.274406
vt 0.310990 0.999900
vt 0.597317 0.242613
vt 0.762926 0.381347
vt 0.757387 0.597317
vt 0.500000 0.500000
vt 0.381347 0.237074
vt 0.274406 0.000100
vt 0.689010 0.000100
vt 0.999900 0.274406
vt 0.242613 0.402683
vt 0.237074 0.618653
vt 0.000100 0.725594
vt 0.000100 0.310990
vt 0.402683 0.757387
vt 0.618652 0.762926
vt 0.725594 0.999900
vt 0.310990 0.999900
vt 0.999900 0.689010
vt 0.597317 0.242613
vt 0.762926 0.381347
vt 0.757387 0.597317
vt 0.500000 0.500000
vt 0.381347 0.237074
vt 0.274406 0.000100
vt 0.689010 0.000100
vt 0.999900 0.274406
vt 0.242613 0.402683
vt 0.237074 0.618653
vt 0.000100 0.725594
vt 0.000100 0.310990
vt 0.402683 0.757387
vt 0.618652 0.762926
vt 0.725594 0.999900
vt 0.310990 0.999900
vt 0.999900 0.689010
vt 0.500000 0.500000
vt 0.757387 0.597317
vt 0.618652 0.762926
vt 0.402683 0.757387
vt 0.597317 0.242613
vt 0.762926 0.381347
vt 0.381347 0.237074
vt 0.242613 0.402683
vt 0.237074 0.618653
vt 0.000100 0.725594
vt 0.000100 0.310990
vt 0.999900 0.689010
vt 0.725594 0.999900
vt 0.274406 0.000100
vt 0.689010 0.000100
vt 0.999900 0.274406
vt 0.310990 0.999900
vt 0.500000 0.500000
vt 0.757387 0.597317
vt 0.618652 0.762926
vt 0.402683 0.757387
vt 0.597317 0.242613
vt 0.762926 0.381347
vt 0.381347 0.237074
vt 0.242613 0.402683
vt 0.237074 0.618653
vt 0.000100 0.725594
vt 0.000100 0.310990
vt 0.999900 0.689010
vt 0.725594 0.999900
vt 0.274406 0.000100
vt 0.689010 0.000100
vt 0.999900 0.274406
vt 0.310990 0.999900
vt 0.237074 0.618653
vt 0.402683 0.757387
vt 0.310990 0.999900
vt 0.000100 0.725594
vt 0.618652 0.762926
vt 0.725594 0.999900
vt 0.597317 0.242613
vt 0.381347 0.237074
vt 0.274406 0.000100
vt 0.689010 0.000100
vt 0.500000 0.500000
vt 0.242613 0.402683
vt 0.000100 0.310990
vt 0.757387 0.597317
vt 0.762926 0.381347
vt 0.999900 0.274406
vt 0.999900 0.689010
vt 0.597317 0.242613
vt 0.762926 0.381347
vt 0.757387 0.597317
vt 0.500000 0.500000
vt 0.237074 0.618653
vt 0.402683 0.757387
vt 0.310990 0.999900
vt 0.000100 0.725594
vt 0.999900 0.274406
vt 0.999900 0.689010
vt 0.242613 0.402683
vt 0.000100 0.310990
vt 0.381347 0.237074
vt 0.618652 0.762926
vt 0.689010 0.000100
vt 0.725594 0.999900
vt 0.274406 0.000100
vt 0.237074 0.618653
vt 0.402683 0.757387
vt 0.310990 0.999900
vt 0.000100 0.725594
vt 0.618652 0.762926
vt 0.725594 0.999900
vt 0.597317 0.242613
vt 0.381347 0.237074
vt 0.274406 0.000100
vt 0.689010 0.000100
vt 0.500000 0.500000
vt 0.242613 0.402683
vt 0.000100 0.310990
vt 0.757387 0.597317
vt 0.762926 0.381347
vt 0.999900 0.274406
vt 0.999900 0.689010
vt 0.500000 0.500000
vt 0.757387 0.597317
vt 0.618652 0.762926
vt 0.402683 0.757387
vt 0.597317 0.242613
vt 0.762926 0.381347
vt 0.381347 0.237074
vt 0.242613 0.402683
vt 0.237074 0.618653
vt 0.000100 0.725594
vt 0.000100 0.310990
vt 0.999900 0.689010
vt 0.725594 0.999900
vt 0.274406 0.000100
vt 0.689010 0.000100
vt 0.999900 0.274406
vt 0.310990 0.999900
vt 0.500000 0.500000
vt 0.757387 0.597317
vt 0.618652 0.762926
vt 0.402683 0.757387
vt 0.597317 0.242613
vt 0.762926 0.381347
vt 0.381347 0.237074
vt 0.242613 0.402683
vt 0.237074 0.618653
vt 0.000100 0.725594
vt 0.000100 0.310990
vt 0.999900 0.689010
vt 0.725594 0.999900
vt 0.274406 0.000100
vt 0.689010 0.000100
vt 0.999900 0.274406
vt 0.310990 0.999900
vt 0.500000 0.500000
vt 0.757387 0.597317
vt 0.618652 0.762926
vt 0.402683 0.757387
vt 0.597317 0.242613
vt 0.762926 0.381347
vt 0.381347 0.237074
vt 0.242613 0.402683
vt 0.237074 0.618653
vt 0.000100 0.725594
vt 0.000100 0.310990
vt 0.999900 0.689010
vt 0.725594 0.999900
vt 0.274406 0.000100
vt 0.689010 0.000100
vt 0.999900 0.274406
vt 0.310990 0.999900
vt 0.500000 0.500000
vt 0.757387 0.597317
vt 0.618652 0.762926
vt 0.402683 0.757387
vt 0.597317 0.242613
vt 0.762926 0.381347
vt 0.381347 0.237074
vt 0.242613 0.402683
vt 0.237074 0.618653
vt 0.000100 0.725594
vt 0.000100 0.310990
vt 0.999900 0.689010
vt 0.725594 0.999900
vt 0.274406 0.000100
vt 0.689010 0.000100
vt 0.999900 0.274406
vt 0.310990 0.999900
vt 0.500000 0.500000
vt 0.757387 0.597317
vt 0.618652 0.762926
vt 0.402683 0.757387
vt 0.597317 0.242613
vt 0.762926 0.381347
vt 0.381347 0.237074
vt 0.242613 0.402683
vt 0.237074 0.618653
vt 0.000100 0.725594
vt 0.000100 0.310990
vt 0.999900 0.689010
vt 0.725594 0.999900
vt 0.274406 0.000100
vt 0.689010 0.000100
vt 0.999900 0.274406
vt 0.310990 0.999900
vt 0.500000 0.500000
vt 0.757387 0.597317
vt 0.618652 0.762926
vt 0.402683 0.757387
vt 0.597317 0.242613
vt 0.762926 0.381347
vt 0.381347 0.237074
vt 0.242613 0.402683
vt 0.237074 0.618653
vt 0.000100 0.725594
vt 0.000100 0.310990
vt 0.999900 0.689010
vt 0.725594 0.999900
vt 0.274406 0.000100
vt 0.689010 0.000100
vt 0.999900 0.274406
vt 0.310990 0.999900
vt 0.500000 0.500000
vt 0.757387 0.597317
vt 0.618652 0.762926
vt 0.402683 0.757387
vt 0.597317 0.242613
vt 0.762926 0.381347
vt 0.381347 0.237074
vt 0.242613 0.402683
vt 0.237074 0.618653
vt 0.000100 0.725594
vt 0.000100 0.310990
vt 0.999900 0.689010
vt 0.725594 0.999900
vt 0.274406 0.000100
vt 0.689010 0.000100
vt 0.999900 0.274406
vt 0.310990 0.999900
vt 0.597317 0.242613
vt 0.762926 0.381347
vt 0.757387 0.597317
vt 0.500000 0.500000
vt 0.618652 0.762926
vt 0.999900 0.689010
vt 0.725594 0.999900
vt 0.242613 0.402683
vt 0.237074 0.618653
vt 0.000100 0.725594
vt 0.000100 0.310990
vt 0.381347 0.237074
vt 0.402683 0.757387
vt 0.500000 0.500000
vt 0.757387 0.597317
vt 0.618652 0.762926
vt 0.402683 0.757387
vt 0.597317 0.242613
vt 0.762926 0.381347
vt 0.381347 0.237074
vt 0.242613 0.402683
vt 0.237074 0.618653
vt 0.000100 0.725594
vt 0.000100 0.310990
vt 0.999900 0.689010
vt 0.725594 0.999900
vt 0.274406 0.000100
vt 0.689010 0.000100
vt 0.999900 0.274406
vt 0.310990 0.999900
vt 0.500000 0.500000
vt 0.757387 0.597317
vt 0.618652 0.762926
vt 0.402683 0.757387
vt 0.597317 0.242613
vt 0.762926 0.381347
vt 0.381347 0.237074
vt 0.242613 0.402683
vt 0.237074 0.618653
vt 0.000100 0.725594
vt 0.000100 0.310990
vt 0.999900 0.689010
vt 0.725594 0.999900
vt 0.274406 0.000100
vt 0.689010 0.000100
vt 0.999900 0.274406
vt 0.310990 0.999900
vt 0.500000 0.500000
vt 0.757387 0.597317
vt 0.618652 0.762926
vt 0.402683 0.757387
vt 0.597317 0.242613
vt 0.762926 0.381347
vt 0.381347 0.237074
vt 0.242613 0.402683
vt 0.237074 0.618653
vt 0.000100 0.725594
vt 0.000100 0.310990
vt 0.999900 0.689010
vt 0.725594 0.999900
vt 0.274406 0.000100
vt 0.689010 0.000100
vt 0.999900 0.274406
vt 0.310990 0.999900
vt 0.500000 0.500000
vt 0.757387 0.597317
vt 0.618652 0.762926
vt 0.402683 0.757387
vt 0.597317 0.242613
vt 0.762926 0.381347
vt 0.381347 0.237074
vt 0.242613 0.402683
vt 0.237074 0.618653
vt 0.000100 0.725594
vt 0.000100 0.310990
vt 0.999900 0.689010
vt 0.725594 0.999900
vt 0.274406 0.000100
vt 0.689010 0.000100
vt 0.999900 0.274406
vt 0.310990 0.999900
vt 0.500000 0.500000
vt 0.757387 0.597317
vt 0.618652 0.762926
vt 0.402683 0.757387
vt 0.597317 0.242613
vt 0.762926 0.381347
vt 0.381347 0.237074
vt 0.242613 0.402683
vt 0.237074 0.618653
vt 0.000100 0.725594
vt 0.000100 0.310990
vt 0.999900 0.689010
vt 0.725594 0.999900
vt 0.274406 0.000100
vt 0.689010 0.000100
vt 0.999900 0.274406
vt 0.310990 0.999900
vt 0.500000 0.500000
vt 0.757387 0.597317
vt 0.618652 0.762926
vt 0.402683 0.757387
vt 0.597317 0.242613
vt 0.762926 0.381347
vt 0.381347 0.237074
vt 0.242613 0.402683
vt 0.237074 0.618653
vt 0.000100 0.725594
vt 0.000100 0.310990
vt 0.999900 0.689010
vt 0.725594 0.999900
vt 0.274406 0.000100
vt 0.689010 0.000100
vt 0.999900 0.274406
vt 0.310990 0.999900
vt 0.500000 0.500000
vt 0.757387 0.597317
vt 0.618652 0.762926
vt 0.402683 0.757387
vt 0.597317 0.242613
vt 0.762926 0.381347
vt 0.381347 0.237074
vt 0.242613 0.402683
vt 0.237074 0.618653
vt 0.000100 0.725594
vt 0.000100 0.310990
vt 0.999900 0.689010
vt 0.725594 0.999900
vt 0.274406 0.000100
vt 0.689010 0.000100
vt 0.999900 0.274406
vt 0.310990 0.999900
vt 0.500000 0.500000
vt 0.757387 0.597317
vt 0.618652 0.762926
vt 0.402683 0.757387
vt 0.597317 0.242613
vt 0.762926 0.381347
vt 0.381347 0.237074
vt 0.242613 0.402683
vt 0.237074 0.618653
vt 0.000100 0.725594
vt 0.000100 0.310990
vt 0.999900 0.689010
vt 0.725594 0.999900
vt 0.274406 0.000100
vt 0.689010 0.000100
vt 0.999900 0.274406
vt 0.310990 0.999900
vt 0.500000 0.500000
vt 0.757387 0.597317
vt 0.618652 0.762926
vt 0.402683 0.757387
vt 0.597317 0.242613
vt 0.762926 0.381347
vt 0.381347 0.237074
vt 0.242613 0.402683
vt 0.237074 0.618653
vt 0.000100 0.725594
vt 0.000100 0.310990
vt 0.999900 0.689010
vt 0.725594 0.999900
vt 0.274406 0.000100
vt 0.689010 0.000100
vt 0.999900 0.274406
vt 0.310990 0.999900
vt 0.500000 0.500000
vt 0.757387 0.597317
vt 0.618652 0.762926
vt 0.402683 0.757387
vt 0.597317 0.242613
vt 0.762926 0.381347
vt 0.381347 0.237074
vt 0.242613 0.402683
vt 0.237074 0.618653
vt 0.000100 0.725594
vt 0.000100 0.310990
vt 0.999900 0.689010
vt 0.725594 0.999900
vt 0.274406 0.000100
vt 0.689010 0.000100
vt 0.999900 0.274406
vt 0.310990 0.999900
vt 0.500000 0.500000
vt 0.757387 0.597317
vt 0.618652 0.762926
vt 0.402683 0.757387
vt 0.597317 0.242613
vt 0.762926 0.381347
vt 0.381347 0.237074
vt 0.242613 0.402683
vt 0.237074 0.618653
vt 0.000100 0.725594
vt 0.000100 0.310990
vt 0.999900 0.689010
vt 0.725594 0.999900
vt 0.274406 0.000100
vt 0.689010 0.000100
vt 0.999900 0.274406
vt 0.310990 0.999900
vt 0.500000 0.500000
vt 0.757387 0.597317
vt 0.618652 0.762926
vt 0.402683 0.757387
vt 0.597317 0.242613
vt 0.762926 0.381347
vt 0.381347 0.237074
vt 0.242613 0.402683
vt 0.237074 0.618653
vt 0.000100 0.725594
vt 0.000100 0.310990
vt 0.999900 0.689010
vt 0.725594 0.999900
vt 0.274406 0.000100
vt 0.689010 0.000100
vt 0.999900 0.274406
vt 0.310990 0.999900
vt 0.274406 0.000100
vt 0.689010 0.000100
vt 0.999900 0.274406
vt 0.310990 0.999900
vn -0.3653 0.0146 -0.9308
vn -0.8684 -0.0272 -0.4952
vn -0.8482 0.0336 -0.5286
vn -0.3402 0.0516 -0.9389
vn -0.9829 -0.1836 0.0121
vn -0.7957 -0.1187 0.5939
vn -0.8203 -0.0482 0.5699
vn -0.9936 -0.1112 -0.0187
vn -0.7822 -0.0450 0.6214
vn -0.2992 -0.0154 0.9541
vn -0.2993 -0.0077 0.9541
vn -0.7908 -0.0065 0.6120
vn 0.8787 0.0580 0.4738
vn 0.9923 0.0616 -0.1072
vn 0.9976 0.0241 -0.0655
vn 0.8585 0.0128 0.5127
vn 0.2955 0.0481 -0.9541
vn 0.3066 0.0524 -0.9504
vn -0.9935 -0.0500 0.1028
vn -0.9975 0.0097 0.0695
vn 0.3737 0.0304 0.9271
vn 0.3570 0.0030 0.9341
vn 0.7862 0.0590 -0.6151
vn 0.7981 0.0397 -0.6012
vn 0.8243 0.0568 0.5633
vn 0.3340 0.0123 0.9425
vn 0.3039 0.1198 0.9452
vn 0.7880 0.1994 0.5824
vn 0.7875 0.1870 0.5873
vn 0.2872 0.1369 0.9480
vn 0.8184 0.1408 -0.5571
vn 0.3428 0.0264 -0.9390
vn 0.3232 0.0141 -0.9462
vn 0.8120 0.1156 -0.5720
vn -0.7975 -0.1755 -0.5772
vn -0.7959 -0.1264 -0.5921
vn 0.9786 0.2054 0.0153
vn 0.9840 0.1781 0.0091
vn -0.2895 -0.0946 -0.9525
vn -0.2995 -0.0844 -0.9503
vn -0.3039 -0.0026 0.9527
vn -0.3294 0.0452 0.9431
vn -0.3072 0.0619 -0.9496
vn -0.7975 0.0889 -0.5967
vn -0.8241 0.1392 -0.5491
vn -0.4043 0.1326 -0.9050
vn -0.3174 -0.0015 -0.9483
vn 0.3219 0.0435 -0.9458
vn -0.7921 -0.0774 0.6055
vn -0.9958 -0.0835 0.0366
vn 0.8136 0.0725 -0.5769
vn -0.8269 -0.0543 -0.5597
vn -0.2918 -0.0388 0.9557
vn 0.9969 0.0775 -0.0107
vn 0.8041 0.0531 0.5921
vn 0.9993 0.0288 0.0245
vn 0.9997 -0.0094 0.0221
vn 0.8150 -0.0059 0.5794
vn 0.3333 0.0311 -0.9423
vn 0.2291 0.0984 -0.9684
vn -0.9939 0.1010 -0.0452
vn -0.8365 0.0909 0.5404
vn -0.8827 0.0862 0.4620
vn -0.9903 0.1230 -0.0652
vn -0.3357 0.0584 0.9402
vn -0.4453 0.0336 0.8947
vn 0.8345 0.0050 -0.5509
vn 0.8022 0.0448 -0.5954
vn 0.3156 0.0189 0.9487
vn 0.2273 -0.0119 0.9737
vn 0.9179 0.3847 0.0975
vn 0.7898 0.3760 0.4847
vn 0.5707 0.8026 0.1736
vn 0.8314 0.0065 -0.5557
vn 0.3306 -0.0092 -0.9437
vn -0.8049 0.0001 -0.5935
vn -0.9994 0.0256 -0.0240
vn -0.3266 0.0697 0.9426
vn 0.3013 0.0701 0.9509
vn -0.3077 -0.0139 -0.9514
vn -0.8242 0.0525 0.5639
vn -0.8168 0.4487 0.3627
vn -0.5879 0.0797 0.8050
vn -0.6419 0.0341 0.7660
vn -0.8654 0.4031 0.2976
vn 0.3454 -0.5449 0.7640
vn 0.7295 -0.6001 0.3282
vn 0.7807 -0.5525 0.2919
vn 0.3985 -0.5505 0.7336
vn 0.6955 -0.0799 -0.7141
vn 0.2380 0.3274 -0.9144
vn 0.2240 0.3637 -0.9042
vn 0.7046 -0.0163 -0.7094
vn -0.7158 0.6592 -0.2304
vn -0.7427 0.6149 -0.2652
vn -0.1471 -0.2922 0.9450
vn -0.1449 -0.3369 0.9303
vn 0.8724 -0.4316 -0.2293
vn 0.9013 -0.3587 -0.2430
vn -0.3113 0.6139 -0.7254
vn -0.3390 0.6039 -0.7214
vn 0.7853 -0.5762 0.2267
vn 0.3932 -0.6252 0.6742
vn 0.1718 0.4383 -0.8823
vn 0.6817 0.0423 -0.7304
vn -0.8776 0.3657 0.3099
vn -0.7632 0.6154 -0.1972
vn -0.1807 -0.4261 0.8865
vn 0.8956 -0.3358 -0.2917
vn -0.3888 0.6552 -0.6478
vn -0.6783 -0.0316 0.7341
vn 0.1929 0.4705 -0.8611
vn 0.7040 0.0335 -0.7094
vn -0.8725 0.3717 0.3172
vn -0.7581 0.6259 -0.1830
vn 0.4109 -0.6532 0.6360
vn -0.1286 -0.4566 0.8803
vn 0.8858 -0.3693 -0.2812
vn -0.3865 0.6815 -0.6215
vn -0.6519 -0.0453 0.7569
vn 0.7666 -0.6090 0.2035
vn -0.9344 0.2686 0.2339
vn -0.8129 0.5057 -0.2890
vn 0.4673 -0.5010 0.7285
vn -0.1007 -0.4047 0.9089
vn 0.7447 0.0720 -0.6635
vn 0.9582 -0.2369 -0.1602
vn -0.4154 0.5691 -0.7096
vn -0.6803 -0.0978 0.7263
vn 0.8354 -0.4320 0.3399
vn 0.1933 0.4102 -0.8913
vn 0.4976 -0.4046 0.7672
vn -0.0306 -0.3636 0.9310
vn 0.8127 0.0982 -0.5743
vn 0.9856 -0.1637 -0.0426
vn -0.6646 0.7199 -0.2003
vn -0.3809 0.7900 -0.4804
vn -0.6342 -0.1589 0.7566
vn 0.8446 -0.3301 0.4216
vn 0.2390 0.3625 -0.9008
vn -0.9630 0.1431 0.2282
vn 0.8431 0.5021 0.1923
vn 0.8974 0.3649 0.2482
vn 0.5158 0.4859 0.7056
vn 0.4515 0.5959 0.6641
vn -0.6698 0.1460 0.7281
vn -0.6834 0.2072 0.7000
vn -0.9689 -0.0609 0.2397
vn -0.9296 -0.1998 0.3096
vn -0.5008 -0.5849 -0.6380
vn -0.5670 -0.4364 -0.6987
vn 0.0410 -0.4246 -0.9045
vn 0.0697 -0.4862 -0.8711
vn 0.9135 0.2136 -0.3462
vn 0.9522 0.1069 -0.2863
vn -0.1364 0.4578 0.8785
vn -0.1001 0.4258 0.8993
vn -0.8618 -0.4684 -0.1947
vn -0.9186 -0.2913 -0.2670
vn 0.6251 -0.1699 -0.7618
vn 0.6445 -0.2038 -0.7369
vn -0.7521 0.2064 0.6259
vn -0.9838 -0.0235 0.1776
vn -0.6457 -0.3596 -0.6737
vn -0.0787 -0.3939 -0.9158
vn 0.8232 0.4688 -0.3203
vn 0.7832 0.6195 0.0532
vn -0.1826 0.4050 0.8959
vn -0.9362 -0.2187 -0.2752
vn 0.5979 -0.2340 -0.7666
vn 0.4932 0.4374 0.7519
vn -0.6672 0.1020 0.7378
vn -0.1687 0.4702 0.8663
vn -0.4416 -0.6591 -0.6088
vn -0.8037 -0.5721 -0.1638
vn 0.8814 0.2457 -0.4035
vn 0.5916 -0.1746 -0.7871
vn 0.4083 0.6516 0.6393
vn -0.8949 -0.2919 0.3375
vn 0.0827 -0.5158 -0.8527
vn 0.8124 0.5641 0.1479
vn 0.3900 0.8793 -0.2733
vn 0.8779 0.4475 -0.1706
vn 0.6424 0.2500 -0.7244
vn 0.5458 0.3490 -0.7618
vn 0.7380 0.6252 -0.2538
vn -0.4655 -0.2934 -0.8350
vn -0.8600 -0.3812 -0.3393
vn -0.6899 -0.6142 -0.3831
vn -0.3172 -0.4242 -0.8482
vn -0.6063 -0.0734 0.7919
vn -0.1135 0.1684 0.9792
vn -0.1217 0.1617 0.9793
vn -0.5707 -0.2240 0.7900
vn 0.7730 0.4835 0.4106
vn 0.6573 0.6738 0.3377
vn 0.1172 -0.0459 -0.9920
vn 0.1465 -0.0536 -0.9878
vn -0.9113 -0.2882 0.2942
vn -0.8007 -0.5400 0.2596
vn 0.4012 0.3752 0.8356
vn 0.3362 0.4971 0.7999
vn -0.5487 -0.7714 -0.3223
vn -0.2752 -0.5527 -0.7866
vn -0.1625 0.0939 0.9822
vn -0.5104 -0.4077 0.7571
vn 0.6247 0.7257 -0.2882
vn 0.5419 0.7831 0.3051
vn 0.1108 -0.1144 -0.9872
vn -0.6433 -0.7244 0.2480
vn 0.2542 0.5563 0.7911
vn 0.4651 0.3879 -0.7958
vn -0.1269 0.0937 0.9875
vn -0.5527 -0.3874 0.7378
vn 0.7006 0.6707 -0.2436
vn 0.6287 0.7072 0.3233
vn -0.3727 -0.4921 -0.7867
vn 0.0587 -0.0917 -0.9941
vn -0.7205 -0.6602 0.2124
vn 0.3406 0.5161 0.7859
vn 0.4965 0.3786 -0.7811
vn -0.6442 -0.6874 -0.3354
vn 0.7972 0.5661 -0.2099
vn 0.7262 0.5778 0.3726
vn -0.4761 -0.3384 -0.8117
vn 0.0157 -0.0426 -0.9990
vn -0.6084 -0.3481 0.7132
vn -0.8403 -0.5194 0.1554
vn 0.4083 0.3928 0.8240
vn 0.5405 0.3283 -0.7746
vn -0.7727 -0.5001 -0.3909
vn -0.1090 0.0290 0.9936
vn -0.5327 -0.2463 -0.8097
vn -0.0644 -0.0165 -0.9978
vn -0.6956 -0.3130 0.6467
vn -0.9036 -0.4216 0.0756
vn 0.5222 0.7622 0.3825
vn 0.2864 0.6594 0.6951
vn 0.5037 0.2708 -0.8204
vn -0.8181 -0.3833 -0.4286
vn -0.1410 -0.0295 0.9896
vn 0.8523 0.4579 -0.2529
vn 0.9826 0.1679 -0.0796
vn 0.7823 0.1840 -0.5951
vn 0.7842 0.1339 -0.6059
vn 0.9869 0.1333 -0.0913
vn -0.2959 -0.0750 0.9523
vn 0.3875 -0.0103 0.9218
vn 0.3722 0.0100 0.9281
vn -0.2885 -0.0599 0.9556
vn -0.8415 -0.0128 -0.5402
vn -0.9974 -0.0558 0.0464
vn -0.9924 -0.0797 0.0942
vn -0.8657 -0.0481 -0.4982
vn 0.3038 0.1411 -0.9422
vn 0.2895 0.0918 -0.9528
vn 0.8702 0.0935 0.4838
vn 0.8694 0.0904 0.4857
vn -0.8020 -0.0784 0.5921
vn -0.7804 -0.0844 0.6195
vn -0.3353 0.0607 -0.9401
vn -0.3701 0.0176 -0.9288
vn 0.6780 -0.7347 -0.0222
vn 0.6712 -0.4609 -0.5806
vn 0.7279 -0.3945 -0.5609
vn 0.8392 -0.5438 0.0047
vn 0.0104 0.5221 -0.8528
vn -0.3566 0.8141 -0.4583
vn -0.5927 0.5761 -0.5629
vn -0.1470 0.2893 -0.9459
vn -0.5551 0.5171 0.6516
vn -0.3042 0.0374 0.9519
vn -0.2380 0.0735 0.9685
vn -0.6266 0.4266 0.6522
vn 0.4544 -0.7176 0.5279
vn 0.6581 -0.4955 0.5669
vn 0.4117 0.0279 -0.9109
vn 0.3603 -0.0837 -0.9291
vn -0.5705 0.8140 0.1094
vn -0.7769 0.6262 0.0656
vn 0.0856 -0.4334 0.8971
vn 0.2517 -0.2654 0.9307
vn -0.7584 0.3157 -0.5703
vn -0.3443 0.1235 -0.9307
vn -0.2535 0.1637 0.9534
vn -0.7395 0.3608 0.5683
vn 0.9207 -0.3899 -0.0202
vn 0.7724 -0.3055 0.5568
vn 0.2221 -0.1198 -0.9677
vn -0.9124 0.4088 -0.0189
vn 0.3406 -0.1024 0.9346
vn 0.7206 -0.3221 -0.6140
vn -0.2455 0.1294 0.9607
vn -0.7267 0.4074 0.5530
vn 0.8777 -0.4791 0.0113
vn 0.7213 -0.4105 0.5578
vn -0.3156 0.2341 -0.9196
vn 0.2306 -0.0633 -0.9710
vn -0.8642 0.5016 -0.0393
vn 0.3290 -0.1965 0.9236
vn 0.7163 -0.3552 -0.6007
vn -0.7039 0.4311 -0.5645
vn 0.7985 -0.6017 0.0192
vn 0.6149 -0.5413 0.5734
vn -0.1960 0.3769 -0.9053
vn 0.2652 -0.0082 -0.9642
vn -0.6986 0.4724 0.5374
vn -0.7513 0.6572 -0.0604
vn 0.2235 -0.2969 0.9284
vn 0.6804 -0.4117 -0.6062
vn -0.5512 0.6082 -0.5712
vn -0.3015 0.0939 0.9488
vn -0.1279 0.4572 -0.8801
vn 0.2667 0.0760 -0.9608
vn -0.6705 0.5672 0.4783
vn -0.6553 0.7470 -0.1121
vn 0.7247 -0.2939 0.6233
vn 0.4724 -0.1025 0.8754
vn 0.6315 -0.3916 -0.6692
vn -0.4456 0.6853 -0.5760
vn -0.3625 0.1082 0.9257
vn 0.7276 -0.6842 -0.0498
vn -0.0522 0.9938 -0.0984
vn -0.1751 0.9654 -0.1933
vn 0.2591 0.7764 -0.5745
vn 0.3704 0.7826 -0.5003
vn 0.6083 -0.6303 -0.4824
vn 0.6804 -0.6142 -0.3998
vn 0.5781 -0.7945 -0.1860
vn 0.4664 -0.8344 -0.2939
vn -0.3265 -0.8134 0.4814
vn -0.1893 -0.7888 0.5848
vn -0.5868 -0.3117 0.7473
vn -0.6424 -0.3199 0.6964
vn -0.4559 0.8251 0.3338
vn -0.5451 0.8020 0.2444
vn 0.6611 0.2504 -0.7073
vn 0.6207 0.2638 -0.7383
vn 0.7201 -0.0402 -0.6927
vn 0.7111 -0.0521 -0.7012
vn 0.0885 -0.9899 0.1112
vn 0.2392 -0.9426 0.2330
vn -0.6925 0.3245 0.6444
vn -0.7234 0.3235 0.6099
vn 0.7196 -0.5962 -0.3560
vn 0.5995 -0.7921 -0.1151
vn -0.0779 -0.8058 0.5870
vn -0.4966 -0.3925 0.7741
vn -0.1999 0.9009 0.3853
vn 0.0369 0.9968 0.0712
vn 0.6517 0.1846 -0.7356
vn 0.7245 -0.0337 -0.6885
vn 0.3033 -0.9162 0.2621
vn -0.7274 0.2651 0.6330
vn 0.2468 0.7355 -0.6309
vn 0.7100 -0.0523 -0.7022
vn 0.6863 0.2299 -0.6901
vn -0.4105 -0.8046 0.4292
vn -0.0172 -0.9986 0.0492
vn -0.4274 0.8109 0.3997
vn -0.6832 0.2917 0.6694
vn 0.4319 0.7767 -0.4584
vn 0.3824 -0.8558 -0.3483
vn -0.6679 -0.3243 0.6698
vn 0.0019 0.9993 -0.0366
vn 0.5620 -0.6325 -0.5330
vn 0.3806 0.7899 0.4809
vn -0.2251 0.9719 0.0683
vn 0.7994 0.2681 0.5377
vn -0.0023 0.9635 0.2678
vn 0.7385 0.6155 0.2753
vn 0.8955 0.3689 -0.2488
vn 0.9046 0.3011 -0.3016
vn 0.7583 0.6155 0.2149
vn 0.1888 -0.4080 -0.8932
vn -0.3886 -0.5836 -0.7130
vn -0.3843 -0.6269 -0.6777
vn 0.1633 -0.4902 -0.8562
vn -0.9321 -0.1767 0.3161
vn -0.6541 0.2142 0.7255
vn -0.7070 0.1976 0.6790
vn -0.9411 -0.2283 0.2495
vn 0.3440 0.6612 0.6667
vn 0.3412 0.7037 0.6232
vn 0.6956 -0.0312 -0.7178
vn 0.6743 -0.1362 -0.7258
vn -0.8279 -0.4983 -0.2574
vn -0.7989 -0.5354 -0.2741
vn -0.1661 0.5188 0.8386
vn -0.2037 0.5541 0.8071
vn -0.3363 -0.7404 -0.5820
vn 0.2156 -0.6002 -0.7702
vn -0.7060 0.2248 0.6715
vn -0.9170 -0.2730 0.2910
vn 0.7359 0.6611 0.1463
vn 0.3209 0.7837 0.5318
vn 0.7094 -0.2078 -0.6735
vn -0.7568 -0.6250 -0.1913
vn -0.2110 0.6353 0.7429
vn 0.9050 0.2897 -0.3116
vn -0.7173 0.2200 0.6611
vn -0.9064 -0.3197 0.2762
vn 0.7192 0.6781 0.1514
vn 0.3076 0.7875 0.5341
vn 0.1901 -0.6210 -0.7604
vn 0.6686 -0.2237 -0.7092
vn -0.7146 -0.6735 -0.1893
vn -0.2137 0.6423 0.7361
vn 0.8897 0.3011 -0.3432
vn -0.3113 -0.7707 -0.5560
vn 0.7694 0.5863 0.2535
vn 0.3479 0.6732 0.6525
vn 0.1307 -0.4799 -0.8676
vn 0.6400 -0.1789 -0.7473
vn -0.9328 -0.2881 0.2166
vn -0.7670 -0.5507 -0.3292
vn -0.1892 0.5305 0.8263
vn 0.9181 0.2554 -0.3030
vn -0.3699 -0.6023 -0.7074
vn -0.7094 0.1582 0.6868
vn 0.0884 -0.3925 -0.9155
vn 0.5779 -0.1586 -0.8006
vn -0.9574 -0.2688 0.1057
vn -0.7627 -0.4695 -0.4447
vn 0.1894 0.8425 0.5043
vn -0.1939 0.7675 0.6110
vn 0.9164 0.1896 -0.3524
vn -0.3775 -0.4953 -0.7824
vn -0.7336 0.0976 0.6725
vn 0.8357 0.4773 0.2715
vn -0.6885 0.1186 -0.7155
vn -0.6698 -0.0359 -0.7417
vn -0.1403 0.1447 -0.9795
vn -0.1367 0.2757 -0.9515
vn 0.9037 0.2677 -0.3341
vn 0.8852 0.3332 -0.3247
vn 0.9244 0.2647 0.2745
vn 0.9632 0.1121 0.2443
vn 0.1882 -0.2514 0.9494
vn 0.1738 -0.0815 0.9814
vn -0.4305 -0.2632 0.8634
vn -0.4211 -0.3354 0.8427
vn -0.9735 -0.0878 -0.2112
vn -0.9471 -0.2092 -0.2434
vn 0.4853 0.3329 -0.8085
vn 0.4749 0.2869 -0.8320
vn 0.6943 -0.0804 0.7151
vn 0.6595 0.1140 0.7430
vn -0.8808 -0.2679 0.3905
vn -0.8749 -0.3100 0.3721
vn 0.9000 0.3693 -0.2315
vn 0.8937 0.3142 0.3202
vn 0.2330 0.0140 0.9724
vn -0.3475 -0.1891 0.9184
vn -0.9456 0.1753 -0.2739
vn -0.7436 0.2699 -0.6117
vn 0.5441 0.2989 -0.7840
vn 0.6524 0.1883 0.7341
vn -0.8467 -0.3158 0.4281
vn -0.0856 0.1014 -0.9912
vn 0.9172 0.2250 -0.3289
vn 0.5017 0.3581 -0.7874
vn 0.1736 -0.3458 0.9221
vn 0.6885 -0.2017 0.6966
vn -0.9865 -0.0376 -0.1596
vn -0.8666 -0.2558 0.4284
vn -0.1285 0.3465 -0.9292
vn 0.9719 0.0105 0.2353
vn -0.4146 -0.3702 0.8313
vn -0.7024 0.1937 -0.6849
vn -0.6664 0.7041 -0.2452
vn -0.1388 0.9887 0.0574
vn -0.5552 -0.8201 0.1386
vn -0.6256 -0.4554 0.6334
vn -0.6583 -0.4432 0.6084
vn -0.7311 -0.6784 0.0724
vn -0.1714 0.6315 0.7562
vn 0.1662 0.9181 0.3598
vn 0.4845 0.7443 0.4597
vn 0.0799 0.4418 0.8936
vn 0.5186 0.5132 -0.6839
vn 0.3645 -0.0652 -0.9289
vn 0.2404 -0.0162 -0.9705
vn 0.5618 0.4294 -0.7071
vn -0.3045 -0.8639 -0.4013
vn -0.5577 -0.6691 -0.4912
vn -0.4766 0.1075 0.8725
vn -0.3624 -0.0233 0.9317
vn 0.4309 0.8846 -0.1783
vn 0.6650 0.7280 -0.1664
vn 0.0402 -0.5899 -0.8065
vn -0.1922 -0.4203 -0.8868
vn 0.7099 0.4949 0.5011
vn 0.3486 0.2699 0.8976
vn 0.1881 0.1125 -0.9757
vn 0.6446 0.4263 -0.6346
vn -0.8364 -0.5388 0.1010
vn -0.7250 -0.4860 -0.4880
vn -0.1644 -0.0626 0.9844
vn 0.8263 0.5597 -0.0633
vn -0.3488 -0.2489 -0.9035
vn -0.6313 -0.3808 0.6757
vn 0.1860 0.0768 -0.9796
vn 0.6244 0.4714 -0.6229
vn -0.7795 -0.6218 0.0754
vn -0.6563 -0.5803 -0.4822
vn 0.3006 0.3723 0.8781
vn -0.1826 -0.0084 0.9831
vn 0.7632 0.6443 -0.0489
vn -0.3205 -0.3381 -0.8848
vn -0.6217 -0.4137 0.6651
vn 0.6357 0.5981 0.4879
vn -0.6802 -0.7292 0.0744
vn -0.5292 -0.6917 -0.4914
vn 0.1573 0.4903 0.8572
vn -0.2266 0.0391 0.9732
vn 0.5858 0.5317 -0.6117
vn 0.6254 0.7795 -0.0360
vn -0.1992 -0.4188 -0.8860
vn -0.5763 -0.4624 0.6738
vn 0.4546 0.7461 0.4865
vn 0.2477 0.0527 -0.9674
vn 0.0753 0.5549 0.8285
vn -0.2431 0.1210 0.9624
vn 0.5434 0.6255 -0.5599
vn 0.5169 0.8559 0.0123
vn -0.6824 -0.4729 -0.5575
vn -0.4765 -0.2660 -0.8380
vn -0.5295 -0.4283 0.7322
vn 0.3373 0.8039 0.4898
vn 0.3060 0.0795 -0.9487
vn -0.5936 -0.7912 0.1469
vn -0.8520 0.0735 -0.5184
vn -0.6806 -0.0891 -0.7272
vn -0.6598 -0.2446 -0.7105
vn -0.1294 -0.1274 -0.9834
vn -0.1277 0.0063 -0.9918
vn 0.9048 0.1804 -0.3857
vn 0.8854 0.2457 -0.3946
vn 0.9178 0.3423 0.2012
vn 0.9587 0.1878 0.2137
vn 0.1789 0.0173 0.9837
vn 0.1622 0.1893 0.9684
vn -0.4384 -0.0262 0.8984
vn -0.4279 -0.1012 0.8981
vn -0.9697 -0.1556 -0.1885
vn -0.9415 -0.2808 -0.1865
vn 0.4918 0.1089 -0.8639
vn 0.4822 0.0582 -0.8741
vn 0.6861 0.1258 0.7166
vn 0.6487 0.3201 0.6905
vn -0.8826 -0.1650 0.4403
vn -0.8760 -0.2104 0.4340
vn 0.8986 0.3059 -0.3145
vn 0.8859 0.4019 0.2315
vn 0.2205 0.2796 0.9345
vn -0.3570 0.0612 0.9321
vn -0.9440 0.0811 -0.3198
vn -0.7388 0.0838 -0.6687
vn 0.5506 0.0837 -0.8305
vn 0.6408 0.3891 0.6618
vn -0.8485 -0.2005 0.4898
vn -0.0741 -0.1715 -0.9824
vn 0.9187 0.1409 -0.3690
vn 0.5076 0.1392 -0.8503
vn 0.1658 -0.0812 0.9828
vn 0.6818 0.0040 0.7315
vn -0.9839 -0.0935 -0.1526
vn -0.8690 -0.1429 0.4737
vn -0.1206 0.0805 -0.9894
vn 0.9686 0.0877 0.2326
vn -0.4209 -0.1377 0.8966
vn -0.6958 -0.0087 -0.7182
vn -0.6712 0.6019 -0.4326
vn 0.1790 0.9426 -0.2818
vn 0.3337 0.5686 -0.7519
vn 0.4494 0.5742 -0.6844
vn 0.3167 0.9258 -0.2065
vn 0.2138 -0.6352 -0.7421
vn -0.0038 -0.9589 -0.2837
vn -0.1473 -0.9261 -0.3474
vn 0.1539 -0.6178 -0.7711
vn -0.3387 -0.6117 0.7150
vn -0.3553 -0.0276 0.9344
vn -0.4249 -0.0228 0.9049
vn -0.4906 -0.6000 0.6319
vn -0.0371 0.9551 0.2938
vn 0.0809 0.9367 0.3407
vn 0.3518 -0.0452 -0.9350
vn 0.3984 -0.0290 -0.9167
vn -0.2064 -0.9448 0.2546
vn -0.3793 -0.9112 0.1609
vn -0.2423 0.5896 0.7705
vn -0.1978 0.5893 0.7833
vn -0.2199 -0.9153 -0.3373
vn 0.0736 -0.6699 -0.7388
vn -0.4947 -0.1156 0.8613
vn -0.5436 -0.6414 0.5414
vn -0.0118 0.9570 -0.2898
vn -0.1924 0.9787 0.0718
vn 0.3768 -0.1112 -0.9196
vn -0.4321 -0.8951 0.1098
vn -0.2206 0.5387 0.8131
vn 0.5024 0.5273 -0.6852
vn 0.3237 -0.0673 -0.9438
vn 0.2463 -0.6529 -0.7163
vn -0.1044 -0.9406 0.3230
vn -0.2539 -0.5938 0.7635
vn -0.2711 0.5609 0.7823
vn -0.1096 0.9475 0.3003
vn 0.2685 0.5568 -0.7861
vn 0.0808 -0.9704 -0.2274
vn -0.3204 -0.0309 0.9468
vn 0.1002 0.9472 -0.3047
vn -0.5451 0.7578 -0.3585
vn 0.0000 0.0000 1.0000
vn 0.3211 0.8698 0.3747
vn 0.4605 0.7974 0.3900
vn 0.1763 0.5083 0.8429
vn 0.0499 0.5514 0.8328
vn -0.4674 -0.5347 0.7040
vn -0.5224 -0.4945 0.6947
vn -0.6321 -0.7578 0.1618
vn -0.5003 -0.8449 0.1892
vn -0.0891 -0.5837 -0.8071
vn -0.2454 -0.5103 -0.8242
vn 0.1594 -0.0393 -0.9864
vn 0.2266 -0.0709 -0.9714
vn 0.4733 0.8527 -0.2209
vn 0.5818 0.7899 -0.1935
vn -0.2556 0.0042 0.9668
vn -0.2045 0.0014 0.9789
vn -0.3574 -0.8584 -0.3679
vn -0.5276 -0.7561 -0.3872
vn 0.4447 0.4964 -0.7455
vn 0.4854 0.4798 -0.7309
vn -0.5846 -0.5230 0.6203
vn -0.6780 -0.7263 0.1130
vn -0.3496 -0.5167 -0.7816
vn 0.0494 -0.0962 -0.9941
vn 0.2434 0.9618 -0.1251
vn 0.1768 0.9454 0.2738
vn -0.2520 -0.0679 0.9653
vn -0.5896 -0.7157 -0.3743
vn 0.4661 0.4348 -0.7705
vn 0.1994 0.4478 0.8716
vn -0.4350 -0.5659 0.7004
vn -0.2896 -0.0059 0.9571
vn 0.0081 -0.6023 -0.7983
vn -0.2414 -0.8987 -0.3663
vn 0.4191 0.8676 -0.2676
vn 0.4190 0.4768 -0.7727
vn -0.0225 0.5669 0.8234
vn -0.4096 -0.8922 0.1904
vn 0.2586 -0.0872 -0.9620
vn 0.2504 0.9030 0.3491
vn -0.3371 0.9413 0.0197
vn 0.2119 -0.9089 0.3590
vn 0.1100 -0.9618 0.2508
vn -0.3005 -0.7185 0.6273
vn -0.2254 -0.6569 0.7195
vn -0.6859 0.4519 0.5703
vn -0.6358 0.4661 0.6152
vn -0.4083 0.8810 0.2391
vn -0.5259 0.8393 0.1383
vn 0.1990 0.6969 -0.6890
vn 0.3082 0.7613 -0.5704
vn 0.6005 0.2248 -0.7674
vn 0.5483 0.1948 -0.8133
vn 0.5612 -0.8160 -0.1385
vn 0.4670 -0.8577 -0.2150
vn -0.5796 -0.1296 0.8045
vn -0.6059 -0.1666 0.7779
vn -0.1977 0.9243 -0.3266
vn -0.0636 0.9798 -0.1896
vn 0.6964 -0.3982 -0.5970
vn 0.6626 -0.4198 -0.6202
vn -0.5838 0.5507 0.5965
vn -0.3397 0.9070 0.2488
vn 0.3076 0.8236 -0.4765
vn 0.6032 0.3400 -0.7215
vn 0.6396 -0.7599 0.1158
vn 0.3762 -0.8282 0.4155
vn -0.6271 -0.0843 0.7744
vn -0.0264 0.9918 -0.1254
vn 0.6664 -0.3646 -0.6503
vn -0.3671 -0.7035 0.6085
vn -0.7141 0.4513 0.5351
vn -0.5689 -0.0967 0.8167
vn 0.1501 0.6397 -0.7538
vn -0.2618 0.8706 -0.4165
vn 0.6202 -0.7739 -0.1281
vn 0.7104 -0.3592 -0.6053
vn -0.1860 -0.6145 0.7667
vn -0.5863 0.8077 0.0620
vn 0.5210 0.1806 -0.8342
vn 0.2736 -0.8743 0.4010
vn 0.7101 -0.3935 0.5839
vn -0.4237 0.7180 0.5522
vn -0.2422 0.3913 0.8878
vn 0.0438 0.6220 0.7818
vn 0.0511 0.8698 0.4907
vn -0.7916 0.3851 0.4744
vn -0.5822 0.2619 0.7697
vn -0.7724 0.6127 0.1677
vn -0.4983 0.8636 0.0773
vn -0.1464 0.9728 0.1798
vn -0.0432 0.9982 0.0423
vn -0.4918 0.8596 -0.1384
vn -0.1430 0.2162 0.9658
vn 0.1995 0.5505 0.8107
vn -0.8421 0.5386 0.0269
vn -0.8915 0.2077 0.4026
vn -0.5994 0.0909 0.7953
vn 0.2566 0.8682 0.4248
vn -0.4870 0.8472 -0.2126
vn -0.4653 0.8366 0.2891
vn -0.1342 0.9779 0.1602
vn -0.0028 0.9800 -0.1990
vn -0.8483 0.5006 -0.1725
vn -0.7622 0.6218 0.1798
vn -0.7032 0.4787 -0.5257
vn -0.3858 0.6440 -0.6606
vn -0.0751 0.8349 -0.5453
vn 0.0692 0.7784 -0.6239
vn -0.3107 0.5035 -0.8062
vn -0.4190 0.7659 0.4877
vn -0.0062 0.9610 0.2765
vn -0.7324 0.3239 -0.5989
vn -0.9408 0.3081 -0.1413
vn -0.8078 0.5065 0.3015
vn 0.2111 0.9612 -0.1773
vn 0.1131 0.9820 0.1511
vn -0.0874 0.8109 0.5786
vn 0.2900 0.7508 0.5935
vn 0.5446 0.7795 0.3096
vn -0.3469 0.9368 -0.0455
vn -0.3722 0.8676 0.3297
vn -0.0955 0.9378 -0.3337
vn 0.2851 0.9054 -0.3146
vn 0.5667 0.8210 -0.0700
vn 0.6849 0.7150 -0.1405
vn 0.3385 0.8001 -0.4953
vn -0.1690 0.6713 0.7216
vn 0.3318 0.6254 0.7063
vn -0.1602 0.8641 -0.4771
vn -0.5225 0.8429 -0.1287
vn -0.5133 0.7745 0.3696
vn 0.6920 0.6286 0.3551
vn -0.6384 0.6762 0.3677
vn -0.7712 0.2447 0.5877
vn -0.4790 0.3922 0.7853
vn -0.2504 0.6825 0.6866
vn -0.8653 0.4994 -0.0440
vn -0.9357 0.2562 0.2426
vn -0.6187 0.7706 -0.1531
vn -0.3445 0.9372 0.0549
vn -0.1620 0.9066 0.3896
vn 0.0096 0.9279 0.3727
vn -0.1875 0.9784 -0.0874
vn -0.7689 0.0349 0.6384
vn -0.3950 0.2714 0.8777
vn -0.5733 0.7543 -0.3200
vn -0.8971 0.3819 -0.2223
vn -0.9779 0.0978 0.1850
vn -0.0594 0.6314 0.7732
vn 0.1895 0.9636 -0.1887
vn -0.2695 0.9629 0.0152
vn -0.0144 0.9538 0.3000
vn 0.3620 0.8900 0.2773
vn -0.0308 0.7941 -0.6070
vn -0.3061 0.8826 -0.3569
vn 0.3403 0.7030 -0.6245
vn 0.6007 0.7212 -0.3450
vn 0.6320 0.7743 0.0324
vn 0.7424 0.6617 0.1053
vn 0.7348 0.5572 -0.3868
vn -0.4508 0.8865 0.1040
vn -0.0826 0.8908 0.4468
vn 0.3700 0.5707 -0.7330
vn -0.1256 0.6565 -0.7438
vn -0.4549 0.7999 -0.3915
vn 0.4095 0.7872 0.4610
vn 0.2882 0.9569 -0.0365
vn 0.0906 0.8768 0.4722
vn 0.4556 0.7653 0.4547
vn 0.6859 0.7158 0.1308
vn -0.2461 0.9460 -0.2110
vn -0.2405 0.9430 0.2301
vn 0.0032 0.8443 -0.5358
vn 0.3902 0.7614 -0.5177
vn 0.6739 0.6874 -0.2709
vn 0.7665 0.5654 -0.3047
vn 0.4276 0.6057 -0.6710
vn 0.0139 0.7483 0.6632
vn 0.5148 0.6449 0.5649
vn -0.0788 0.7312 -0.6776
vn -0.4673 0.8401 -0.2755
vn -0.4085 0.8578 0.3117
vn 0.8031 0.5688 0.1776
vn -0.3938 0.8605 0.3232
vn -0.3388 0.6765 0.6539
vn -0.0069 0.5777 0.8162
vn 0.0939 0.8936 0.4389
vn -0.2066 0.9784 0.0111
vn -0.2955 0.9458 -0.1345
vn -0.5779 0.7780 0.2465
vn -0.4642 0.5606 0.6858
vn 0.1710 0.9841 -0.0491
vn 0.5002 0.8600 0.1009
vn 0.6066 0.7948 -0.0200
vn 0.1915 0.9463 -0.2606
vn 0.5578 0.7012 0.4440
vn 0.3680 0.5582 0.7436
vn 0.4379 0.4096 0.8003
vn 0.7185 0.5609 0.4112
vn -0.0509 0.3927 0.9183
vn 0.5069 0.7027 0.4993
vn 0.6448 0.7503 0.1458
vn 0.4589 0.8730 -0.1651
vn 0.1656 0.9581 0.2336
vn 0.1780 0.6972 0.6944
vn 0.1711 0.5652 0.8070
vn 0.6175 0.5345 0.5771
vn 0.7668 0.6329 0.1069
vn -0.1695 0.8015 0.5734
vn -0.3600 0.8971 0.2559
vn -0.5156 0.8203 0.2475
vn -0.3040 0.6691 0.6781
vn -0.2174 0.9718 -0.0910
vn 0.1068 0.9502 -0.2927
vn 0.0801 0.8881 -0.4527
vn -0.3693 0.9011 -0.2271
vn 0.5521 0.7665 -0.3281
vn -0.3334 0.7132 -0.6167
vn -0.4548 0.2824 -0.8447
vn -0.7261 0.3591 -0.5863
vn -0.7196 0.6220 -0.3087
vn 0.1369 0.6244 -0.7690
vn -0.0899 0.3608 -0.9283
vn 0.1529 0.8672 -0.4740
vn -0.1279 0.9640 -0.2331
vn -0.4833 0.8654 -0.1321
vn -0.5039 0.8628 0.0404
vn -0.0271 0.9986 -0.0454
vn -0.4724 0.0700 -0.8786
vn -0.8137 0.2167 -0.5394
vn 0.3081 0.8650 -0.3960
vn 0.3337 0.5359 -0.7756
vn -0.0018 0.2189 -0.9758
vn -0.8332 0.5327 -0.1484
vn 0.0114 0.9997 0.0194
vn -0.2389 0.8846 -0.4006
vn -0.4853 0.8676 -0.1086
vn -0.4077 0.8736 0.2658
vn 0.4276 0.8737 -0.2319
vn 0.1352 0.8677 -0.4783
vn 0.5048 0.8515 0.1419
vn 0.2588 0.8627 0.4345
vn -0.1156 0.8514 0.5117
vn -0.1514 0.7478 0.6465
vn 0.3475 0.7341 0.5834
vn -0.3305 0.7639 -0.5543
vn -0.6232 0.7685 -0.1452
vn 0.6404 0.7479 0.1746
vn 0.5775 0.7491 -0.3246
vn 0.1687 0.7686 -0.6171
vn -0.5605 0.7489 0.3536
vn -0.5748 0.8171 0.0450
vn -0.7232 0.5813 -0.3729
vn -0.9040 0.4205 -0.0767
vn -0.8331 0.4672 0.2962
vn -0.1714 0.9609 -0.2176
vn -0.4125 0.7872 -0.4583
vn -0.0843 0.9845 0.1541
vn -0.2813 0.8468 0.4515
vn -0.5758 0.6177 0.5357
vn -0.5400 0.5115 0.6684
vn -0.1295 0.7930 0.5953
vn -0.7317 0.4313 -0.5279
vn -0.9590 0.2598 -0.1132
vn 0.0872 0.9795 0.1814
vn 0.0201 0.9485 -0.3162
vn -0.3318 0.7278 -0.6002
vn -0.8813 0.2758 0.3836
vn -0.0709 0.8177 -0.5713
vn 0.1405 0.4733 -0.8696
vn -0.2379 0.4184 -0.8766
vn -0.5026 0.5726 -0.6477
vn 0.3787 0.8565 -0.3508
vn 0.4168 0.6292 -0.6560
vn 0.1160 0.9876 -0.1058
vn -0.2644 0.9558 -0.1288
vn -0.5387 0.7768 -0.3263
vn -0.6635 0.7143 -0.2229
vn -0.3290 0.9412 0.0766
vn 0.2227 0.2839 -0.9326
vn -0.2796 0.2569 -0.9251
vn 0.1720 0.9833 0.0586
vn 0.5472 0.8060 -0.2257
vn 0.5559 0.5260 -0.6437
vn -0.6535 0.4192 -0.6303
vn -0.3765 0.8689 0.3213
vn -0.2990 0.9390 -0.1700
vn -0.6352 0.7616 -0.1282
vn -0.7784 0.5992 0.1871
vn 0.1204 0.9194 0.3745
vn 0.0324 0.9994 0.0110
vn -0.0121 0.7325 0.6807
vn -0.3589 0.5796 0.7315
vn -0.6798 0.4947 0.5415
vn -0.7400 0.3369 0.5822
vn -0.3229 0.4062 0.8548
vn -0.2412 0.8958 -0.3734
vn -0.6832 0.6776 -0.2724
vn 0.1121 0.6404 0.7598
vn 0.3302 0.8691 0.3683
vn 0.1689 0.9811 -0.0948
vn -0.8943 0.4329 0.1131
vn -0.7123 0.6861 -0.1476
vn -0.5301 0.5928 -0.6063
vn -0.7878 0.3222 -0.5249
vn -0.9510 0.2460 -0.1875
vn -0.2940 0.9532 -0.0705
vn -0.2998 0.8475 -0.4380
vn -0.4370 0.8576 0.2711
vn -0.7148 0.6064 0.3483
vn -0.9250 0.3323 0.1841
vn -0.9392 0.1916 0.2850
vn -0.6595 0.5233 0.5396
vn -0.4079 0.5047 -0.7608
vn -0.7641 0.1787 -0.6199
vn -0.3164 0.8621 0.3959
vn -0.0861 0.9958 -0.0309
vn -0.1413 0.8491 -0.5090
vn -0.9812 0.0323 -0.1903
vn -0.5365 0.7837 0.3129
vn -0.7825 0.6050 -0.1472
vn -0.9030 0.4015 0.1529
vn -0.7546 0.3940 0.5248
vn -0.1343 0.9907 -0.0209
vn -0.4652 0.8423 -0.2721
vn 0.0282 0.9310 0.3638
vn -0.1424 0.7351 0.6629
vn -0.4360 0.5033 0.7460
vn -0.4036 0.3772 0.8336
vn 0.0217 0.6343 0.7728
vn -0.8305 0.4503 -0.3280
vn -0.9621 0.2398 0.1299
vn 0.2247 0.9004 0.3725
vn 0.0708 0.9829 -0.1697
vn -0.4049 0.7896 -0.4611
vn -0.7835 0.2119 0.5841
vn -0.6156 0.7425 -0.2639
vn -0.3050 0.6911 -0.6552
vn -0.5821 0.4299 -0.6901
vn -0.8421 0.3260 -0.4296
vn -0.2339 0.9718 -0.0316
vn -0.1303 0.9096 -0.3944
vn -0.4765 0.8468 0.2364
vn -0.7710 0.6066 0.1940
vn -0.9283 0.3671 -0.0593
vn -0.9761 0.2169 0.0137
vn -0.7787 0.4987 0.3808
vn -0.1438 0.6139 -0.7762
vn -0.5343 0.2971 -0.7913
vn -0.3995 0.8291 0.3911
vn -0.0469 0.9962 0.0735
vn 0.0423 0.9093 -0.4140
vn -0.8756 0.1164 -0.4689
vn 0.1538 0.9612 0.2289
vn 0.4483 0.8777 -0.1693
vn 0.0953 0.9500 -0.2974
vn -0.2292 0.9686 -0.0959
vn 0.4981 0.7113 0.4960
vn 0.6355 0.7589 0.1423
vn 0.1692 0.7028 0.6910
vn -0.1795 0.8022 0.5694
vn -0.3710 0.8940 0.2513
vn -0.5257 0.8152 0.2432
vn -0.3124 0.6687 0.6747
vn 0.5429 0.7715 -0.3317
vn 0.0695 0.8867 -0.4571
vn 0.1638 0.5712 0.8043
vn 0.6107 0.5448 0.5747
vn 0.7590 0.6428 0.1040
vn -0.3802 0.8954 -0.2317
vn 0.4004 0.8740 0.2754
vn 0.1513 0.7157 0.6818
vn 0.4930 0.5439 0.6791
vn 0.7487 0.5324 0.3950
vn -0.0489 0.9951 0.0864
vn -0.0995 0.8875 0.4499
vn 0.1955 0.9589 -0.2056
vn 0.5485 0.8118 -0.2005
vn 0.7880 0.6152 0.0237
vn 0.8700 0.4891 -0.0631
vn 0.5705 0.7202 -0.3947
vn 0.0294 0.5893 0.8074
vn 0.4935 0.3980 0.7734
vn 0.1139 0.9277 -0.3556
vn -0.2433 0.9699 -0.0039
vn -0.2626 0.8366 0.4808
vn 0.8433 0.3396 0.4165
vn 0.0366 0.7576 0.6517
vn 0.3790 0.7886 0.4843
vn 0.4564 0.8815 0.1215
vn -0.0293 0.9783 0.2053
vn -0.3370 0.7491 0.5704
vn -0.4202 0.6245 0.6584
vn 0.0628 0.6004 0.7972
vn 0.4936 0.6749 0.5485
vn -0.5076 0.8283 0.2374
vn -0.4294 0.8935 -0.1312
vn -0.5380 0.8089 -0.2370
vn -0.6786 0.6967 0.2328
vn -0.0878 0.9521 -0.2928
vn 0.2867 0.9331 -0.2173
vn 0.3758 0.8593 -0.3470
vn -0.1066 0.8654 -0.4896
vn 0.6347 0.7691 0.0748
vn 0.2442 0.9071 0.3430
vn 0.1820 0.6285 0.7562
vn 0.5361 0.5671 0.6253
vn 0.6838 0.6704 0.2881
vn -0.2570 0.9149 0.3113
vn -0.1628 0.7487 0.6426
vn -0.1162 0.9926 -0.0356
vn 0.2448 0.9568 -0.1568
vn 0.5827 0.8110 -0.0529
vn 0.6609 0.7276 -0.1837
vn 0.2257 0.9032 -0.3651
vn 0.1402 0.4559 0.8789
vn 0.6014 0.4164 0.6819
vn -0.2310 0.9594 -0.1617
vn -0.4579 0.8461 0.2728
vn -0.2905 0.6482 0.7039
vn 0.8238 0.5130 0.2411
vn 0.0433 0.9869 0.1555
vn -0.3281 0.8283 0.4541
vn 0.0027 0.7707 0.6372
vn 0.3572 0.7917 0.4955
vn -0.2815 0.9331 -0.2238
vn -0.4718 0.8757 0.1029
vn 0.0718 0.9263 -0.3699
vn 0.4038 0.8965 -0.1824
vn 0.5463 0.8213 0.1644
vn 0.6825 0.7138 0.1572
vn 0.5310 0.7858 -0.3171
vn -0.4661 0.6929 0.5501
vn -0.0113 0.6491 0.7606
vn 0.0770 0.8478 -0.5248
vn -0.4027 0.8356 -0.3735
vn -0.6168 0.7831 0.0787
vn 0.4676 0.6431 0.6065
vn -0.4225 0.8766 0.2303
vn -0.2186 0.8083 0.5466
vn -0.0181 0.8690 0.4945
vn -0.3244 0.9404 0.1019
vn -0.1693 0.5460 0.8205
vn -0.0014 0.5185 0.8551
vn -0.8891 0.1116 0.4439
vn -0.9205 0.3591 0.1540
vn -0.9600 0.2799 0.0045
vn -0.9316 -0.0802 0.3546
vn -0.6338 0.5264 0.5667
vn -0.7243 0.6825 0.0980
vn -0.7070 0.6975 -0.1166
vn -0.3835 0.2375 0.8925
vn -0.6674 0.0285 0.7442
vn -0.6369 -0.1420 0.7577
vn -0.2427 0.0912 0.9658
vn -0.6865 0.7138 -0.1383
vn -0.8669 0.4861 0.1104
vn -0.7753 0.4162 0.4751
vn -0.4994 0.8057 0.3186
vn 0.0082 0.8992 0.4375
vn -0.1863 0.6942 0.6952
vn -0.0334 0.5902 0.8065
vn 0.1796 0.8746 0.4503
vn -0.9371 0.3474 0.0329
vn -0.8359 0.2114 0.5066
vn -0.0975 0.9919 0.0818
vn 0.0876 0.9957 -0.0292
vn -0.3634 0.9137 -0.1817
vn -0.4953 0.4716 0.7296
vn -0.7149 0.6169 -0.3291
vn -0.4629 0.3289 0.8232
vn -0.2946 0.8931 -0.3399
vn 0.4795 0.8165 0.3217
vn 0.2720 0.7272 0.6303
vn 0.3846 0.5699 0.7261
vn 0.6227 0.7190 0.3088
vn -0.0887 0.6654 0.7412
vn -0.1025 0.5262 0.8441
vn -0.3274 0.9390 -0.1055
vn 0.0342 0.9738 -0.2248
vn 0.0544 0.9198 -0.3887
vn -0.4321 0.8585 -0.2762
vn -0.0317 0.9533 0.3003
vn 0.3548 0.9347 -0.0200
vn 0.4974 0.8527 -0.1597
vn -0.4102 0.7314 0.5448
vn -0.5340 0.8228 0.1946
vn -0.6708 0.7270 0.1467
vn -0.5449 0.5757 0.6097
vn -0.4168 0.8349 -0.3595
vn -0.7330 0.4683 -0.4934
vn -0.8132 0.5667 -0.1326
vn -0.6078 0.7875 0.1026
vn -0.1207 0.6717 -0.7309
vn -0.4513 0.4808 -0.7518
vn 0.0965 0.8689 -0.4855
vn 0.0046 0.9908 -0.1349
vn -0.2653 0.9549 0.1336
vn -0.1974 0.9357 0.2924
vn 0.1902 0.9814 -0.0251
vn -0.8147 0.2696 -0.5135
vn -0.8966 0.4404 -0.0474
vn 0.2644 0.8260 -0.4978
vn 0.0196 0.5467 -0.8371
vn -0.4348 0.3307 -0.8376
vn -0.6441 0.7043 0.2985
vn 0.2548 0.9669 0.0108
vn -0.1901 0.9563 -0.2221
vn -0.2548 0.9545 0.1548
vn -0.0025 0.8995 0.4369
vn 0.4478 0.7904 -0.4180
vn 0.0797 0.8735 -0.4802
vn 0.6929 0.7081 -0.1362
vn 0.6354 0.7336 0.2411
vn 0.3584 0.7891 0.4989
vn 0.3710 0.6795 0.6330
vn 0.7532 0.5727 0.3236
vn -0.3714 0.8761 -0.3074
vn -0.4115 0.8906 0.1939
vn 0.7979 0.5761 -0.1774
vn 0.4976 0.6501 -0.5742
vn 0.0154 0.7872 -0.6165
vn -0.1159 0.7987 0.5905
vn -0.2651 0.9051 0.3325
vn -0.6523 0.7563 0.0493
vn -0.6940 0.6010 0.3963
vn -0.4385 0.5871 0.6805
vn -0.0248 0.9947 -0.0993
vn -0.3867 0.9039 -0.1829
vn 0.2382 0.9552 0.1755
vn 0.1890 0.8255 0.5318
vn -0.0691 0.6524 0.7547
vn 0.0017 0.5259 0.8505
vn 0.3745 0.7252 0.5778
vn -0.7717 0.6310 -0.0795
vn -0.7959 0.4604 0.3931
vn 0.3938 0.9124 0.1113
vn 0.0832 0.9558 -0.2821
vn -0.4038 0.8469 -0.3461
vn -0.4804 0.4003 0.7803
vn -0.1504 0.8779 -0.4547
vn -0.2032 0.5363 -0.8192
vn -0.5357 0.5604 -0.6317
vn -0.6067 0.7363 -0.2996
vn 0.3438 0.7979 -0.4951
vn 0.1704 0.6062 -0.7769
vn 0.2771 0.9490 -0.1502
vn -0.0596 0.9979 0.0245
vn -0.4290 0.9033 -0.0050
vn -0.4965 0.8554 0.1477
vn -0.0148 0.9721 0.2341
vn -0.2105 0.3432 -0.9154
vn -0.6327 0.4178 -0.6521
vn 0.4046 0.9137 -0.0376
vn 0.5348 0.6996 -0.4738
vn 0.2684 0.4761 -0.8374
vn -0.7601 0.6157 -0.2075
vn 0.0500 0.8820 0.4686
vn -0.1129 0.9936 0.0068
vn -0.4147 0.8843 0.2147
vn -0.4159 0.7175 0.5588
vn 0.5033 0.8240 0.2602
vn 0.2681 0.9634 -0.0071
vn 0.5008 0.6323 0.5911
vn 0.2004 0.5479 0.8122
vn -0.1820 0.5532 0.8129
vn -0.2493 0.4071 0.8787
vn 0.2509 0.3571 0.8997
vn -0.1759 0.9644 -0.1976
vn -0.5462 0.8297 0.1152
vn 0.6221 0.5081 0.5956
vn 0.6637 0.7333 0.1477
vn 0.3252 0.9306 -0.1679
vn -0.5887 0.5882 0.5545
vn -0.5066 0.8289 0.2374
vn -0.6043 0.7565 -0.2500
vn -0.8429 0.5359 -0.0483
vn -0.8294 0.4543 0.3251
vn -0.0559 0.9944 0.0897
vn -0.2683 0.9371 -0.2231
vn -0.0281 0.8893 0.4564
vn -0.2810 0.6922 0.6648
vn -0.6027 0.4881 0.6312
vn -0.5976 0.3421 0.7252
vn -0.1593 0.5771 0.8010
vn -0.5997 0.6648 -0.4453
vn -0.9041 0.4031 -0.1420
vn 0.1357 0.8541 0.5020
vn 0.1474 0.9889 0.0175
vn -0.1708 0.9151 -0.3652
vn -0.9064 0.2531 0.3382
vn -0.4081 0.7610 0.5043
vn -0.0858 0.7062 0.7028
vn 0.2745 0.7616 0.5871
vn -0.0307 0.9688 0.2461
vn 0.4806 0.8333 0.2731
vn 0.3875 0.6100 0.6912
vn 0.6238 0.7353 0.2651
vn -0.3281 0.9315 -0.1569
vn 0.0331 0.9595 -0.2796
vn 0.0526 0.8963 -0.4402
vn -0.4334 0.8415 -0.3225
vn -0.5334 0.8325 0.1501
vn 0.3545 0.9321 -0.0742
vn -0.0148 0.9721 0.2340
vn -0.1079 0.8326 0.5433
vn -0.5841 0.7642 0.2736
vn -0.5835 0.5547 0.5932
vn -0.2765 0.4725 0.8368
vn 0.1109 0.9925 0.0507
vn -0.3252 0.9456 0.0040
vn 0.4238 0.8552 0.2983
vn 0.3838 0.6633 0.6425
vn 0.1252 0.4875 0.8641
vn 0.1661 0.3479 0.9227
vn 0.5517 0.5189 0.6530
vn -0.7504 0.6453 0.1428
vn -0.6824 0.4123 0.6036
vn 0.5849 0.7847 0.2052
vn 0.2065 0.9614 -0.1821
vn -0.3812 0.9049 -0.1893
vn -0.3142 0.2943 0.9026
vn -0.4703 0.8781 0.0880
vn -0.4174 0.8124 -0.4071
vn -0.7278 0.6189 -0.2954
vn -0.8400 0.5391 0.0614
vn 0.0180 0.9956 0.0925
vn -0.0904 0.9579 -0.2723
vn -0.0809 0.8910 0.4468
vn -0.4045 0.7223 0.5609
vn -0.7182 0.5520 0.4237
vn -0.7573 0.4069 0.5109
vn -0.3436 0.5965 0.7254
vn -0.3611 0.7193 -0.5935
vn -0.7695 0.4923 -0.4069
vn 0.0561 0.8396 0.5403
vn 0.2321 0.9688 0.0871
vn 0.0439 0.9250 -0.3774
vn -0.9368 0.3470 0.0448
vn 0.1433 0.8093 0.5697
vn -0.0661 0.4730 0.8786
vn 0.3090 0.4004 0.8627
vn 0.5667 0.5436 0.6191
vn -0.3163 0.8707 0.3766
vn -0.3469 0.6433 0.6825
vn -0.0627 0.9912 0.1169
vn 0.3165 0.9413 0.1171
vn 0.5932 0.7482 0.2971
vn 0.7086 0.6807 0.1861
vn 0.3680 0.9253 -0.0919
vn -0.1533 0.2873 0.9455
vn 0.3458 0.2367 0.9079
vn -0.1285 0.9907 -0.0438
vn -0.4942 0.8291 0.2616
vn -0.4912 0.5468 0.6780
vn 0.7088 0.3835 0.5920
vn -0.3286 0.7659 0.5527
vn -0.6797 0.4110 0.6075
vn -0.3972 0.3358 0.8541
vn -0.0490 0.4932 0.8685
vn -0.5253 0.8453 0.0974
vn -0.7510 0.5974 0.2813
vn -0.1678 0.9811 0.0962
vn 0.1055 0.9276 0.3584
vn 0.1860 0.7196 0.6690
vn 0.3487 0.6588 0.6666
vn 0.2887 0.9257 0.2443
vn -0.7810 0.2219 0.5837
vn -0.3956 0.1691 0.9027
vn -0.1028 0.9926 -0.0644
vn -0.5706 0.8136 -0.1112
vn -0.8471 0.5029 0.1717
vn 0.0783 0.3339 0.9393
vn -0.3831 0.9057 0.1813
vn 0.0420 0.9966 -0.0703
vn -0.2310 0.9168 -0.3259
vn -0.5791 0.7722 -0.2615
vn -0.0905 0.8108 0.5783
vn 0.1320 0.9454 0.2979
vn -0.4278 0.6406 0.6376
vn -0.7116 0.5863 0.3871
vn -0.7908 0.6120 0.0138
vn -0.8794 0.4741 -0.0438
vn -0.8004 0.3990 0.4473
vn 0.2263 0.9581 -0.1757
vn -0.1649 0.8631 -0.4774
vn -0.4162 0.5107 0.7523
vn 0.0458 0.7048 0.7079
vn 0.2982 0.8997 0.3188
vn -0.6199 0.6523 -0.4363
vn -0.2286 0.9690 0.0941
vn -0.0611 0.8342 0.5480
vn 0.2426 0.9126 0.3292
vn 0.2528 0.9663 -0.0493
vn -0.6523 0.7272 0.2137
vn -0.4297 0.7350 0.5246
vn -0.6357 0.7536 -0.1675
vn -0.3384 0.8593 -0.3836
vn 0.0366 0.9311 -0.3628
vn 0.1242 0.8600 -0.4949
vn -0.3602 0.7430 -0.5642
vn 0.0176 0.7089 0.7051
vn 0.3871 0.8363 0.3883
vn -0.7338 0.6334 -0.2456
vn -0.7878 0.5631 0.2496
vn -0.4709 0.6097 0.6376
vn 0.4453 0.8888 -0.1087
vn 0.1949 0.8820 0.4291
vn -0.1050 0.9936 0.0420
vn -0.3261 0.8843 0.3342
vn -0.2190 0.7175 0.6613
vn 0.5597 0.8240 0.0887
vn 0.2522 0.9634 -0.0911
vn 0.6613 0.6323 0.4036
vn 0.4457 0.5479 0.7080
vn 0.0830 0.5532 0.8289
vn 0.0398 0.4071 0.9125
vn 0.5212 0.3571 0.7751
vn -0.2291 0.9644 -0.1322
vn -0.4823 0.8297 0.2812
vn 0.7779 0.5081 0.3697
vn 0.6764 0.7333 -0.0686
vn 0.2559 0.9306 -0.2617
vn -0.3844 0.5882 0.7115
vn -0.4062 0.8289 0.3847
vn -0.6523 0.7565 -0.0472
vn -0.8153 0.5359 0.2194
vn -0.6850 0.4543 0.5695
vn -0.0248 0.9944 0.1028
vn -0.3249 0.9371 -0.1274
vn 0.1169 0.8893 0.4421
vn -0.0576 0.6922 0.7194
vn -0.3735 0.4881 0.7888
vn -0.3391 0.3421 0.8763
vn 0.1008 0.5771 0.8104
vn -0.7094 0.6648 -0.2340
vn -0.9028 0.4031 0.1496
vn 0.2868 0.8541 0.4338
vn 0.1454 0.9889 -0.0298
vn -0.2770 0.9151 -0.2929
vn -0.7540 0.2531 0.6062
vn 0.2621 0.9382 0.2263
vn 0.5268 0.6531 0.5440
vn 0.7158 0.6654 0.2118
vn 0.5916 0.7964 -0.1253
vn -0.1336 0.8432 0.5208
vn 0.1772 0.7001 0.6917
vn -0.2652 0.9478 0.1773
vn -0.0688 0.9865 -0.1486
vn 0.2734 0.9130 -0.3027
vn 0.2602 0.8474 -0.4629
vn -0.2094 0.9300 -0.3023
vn 0.6020 0.4757 0.6413
vn 0.8248 0.5313 0.1936
vn -0.4273 0.8917 0.1496
vn -0.2976 0.7347 0.6096
vn 0.1373 0.5756 0.8061
vn 0.6903 0.6710 -0.2706
vn -0.6703 0.7342 0.1082
vn -0.5425 0.6092 0.5784
vn -0.0991 0.5731 0.8135
vn 0.4965 0.8423 -0.2097
usemtl Birch_Bark
s 1
f 244 241 17
f 244 17 18
f 61 59 25
f 61 25 26
f 245 242 14
f 245 14 15
f 246 243 12
f 246 12 11
f 247 244 18
f 247 18 19
f 248 245 15
f 248 15 16
f 249 246 11
f 249 11 13
f 250 247 19
f 250 19 20
f 241 248 16
f 241 16 17
f 242 249 13
f 242 13 14
f 243 250 20
f 243 20 12
f 13 11 52
f 13 52 56
f 55 51 21
f 55 21 23
f 69 67 29
f 69 29 30
f 63 61 26
f 63 26 27
f 54 69 30
f 54 30 22
f 65 63 27
f 65 27 28
f 59 57 24
f 59 24 25
f 57 55 23
f 57 23 24
f 67 65 28
f 67 28 29
f 48 47 37
f 48 37 38
f 19 18 66
f 19 66 68
f 16 15 60
f 16 60 62
f 51 54 22
f 51 22 21
f 20 19 68
f 20 68 70
f 17 16 62
f 17 62 64
f 14 13 56
f 14 56 58
f 12 20 70
f 12 70 53
f 18 17 64
f 18 64 66
f 15 14 58
f 15 58 60
f 676 677 42
f 676 42 41
f 49 48 38
f 49 38 39
f 46 45 35
f 46 35 36
f 45 44 34
f 45 34 35
f 50 49 39
f 50 39 40
f 47 46 36
f 47 36 37
f 44 43 33
f 44 33 34
f 42 50 40
f 42 40 32
f 31 32 40
f 31 40 39
f 31 39 38
f 31 38 37
f 31 37 36
f 31 36 35
f 31 35 34
f 31 34 33
f 678 684 49
f 678 49 50
f 682 681 46
f 682 46 47
f 679 675 43
f 679 43 44
f 677 678 50
f 677 50 42
f 683 682 47
f 683 47 48
f 680 679 44
f 680 44 45
f 675 676 41
f 675 41 43
f 684 683 48
f 684 48 49
f 681 680 45
f 681 45 46
f 43 41 31
f 43 31 33
f 52 53 54
f 52 54 51
f 56 52 51
f 56 51 55
f 58 56 55
f 58 55 57
f 60 58 57
f 60 57 59
f 62 60 59
f 62 59 61
f 64 62 61
f 64 61 63
f 66 64 63
f 66 63 65
f 68 66 65
f 68 65 67
f 70 68 67
f 70 67 69
f 53 70 69
f 53 69 54
f 11 12 53
f 11 53 52
f 75 74 84
f 75 84 85
f 71 72 82
f 71 82 81
f 79 78 88
f 79 88 89
f 76 75 85
f 76 85 86
f 73 71 81
f 73 81 83
f 80 79 89
f 80 89 90
f 77 76 86
f 77 86 87
f 74 73 83
f 74 83 84
f 72 80 90
f 72 90 82
f 78 77 87
f 78 87 88
f 81 82 92
f 81 92 91
f 89 88 98
f 89 98 99
f 86 85 95
f 86 95 96
f 83 81 91
f 83 91 93
f 90 89 99
f 90 99 100
f 87 86 96
f 87 96 97
f 84 83 93
f 84 93 94
f 82 90 100
f 82 100 92
f 88 87 97
f 88 97 98
f 85 84 94
f 85 94 95
f 99 98 108
f 99 108 109
f 96 95 105
f 96 105 106
f 93 91 101
f 93 101 103
f 100 99 109
f 100 109 110
f 97 96 106
f 97 106 107
f 94 93 103
f 94 103 104
f 92 100 110
f 92 110 102
f 98 97 107
f 98 107 108
f 95 94 104
f 95 104 105
f 91 92 102
f 91 102 101
f 106 105 115
f 106 115 116
f 103 101 111
f 103 111 113
f 110 109 119
f 110 119 120
f 107 106 116
f 107 116 117
f 104 103 113
f 104 113 114
f 102 110 120
f 102 120 112
f 108 107 117
f 108 117 118
f 105 104 114
f 105 114 115
f 101 102 112
f 101 112 111
f 109 108 118
f 109 118 119
f 113 111 121
f 113 121 123
f 120 119 129
f 120 129 130
f 117 116 126
f 117 126 127
f 114 113 123
f 114 123 124
f 112 120 130
f 112 130 122
f 118 117 127
f 118 127 128
f 115 114 124
f 115 124 125
f 111 112 122
f 111 122 121
f 119 118 128
f 119 128 129
f 116 115 125
f 116 125 126
f 136 146 145
f 136 145 135
f 133 143 141
f 133 141 131
f 140 150 149
f 140 149 139
f 137 147 146
f 137 146 136
f 134 144 143
f 134 143 133
f 132 142 150
f 132 150 140
f 138 148 147
f 138 147 137
f 135 145 144
f 135 144 134
f 131 141 142
f 131 142 132
f 139 149 148
f 139 148 138
f 143 153 151
f 143 151 141
f 150 160 159
f 150 159 149
f 147 157 156
f 147 156 146
f 144 154 153
f 144 153 143
f 142 152 160
f 142 160 150
f 148 158 157
f 148 157 147
f 145 155 154
f 145 154 144
f 141 151 152
f 141 152 142
f 149 159 158
f 149 158 148
f 146 156 155
f 146 155 145
f 134 133 163
f 134 163 164
f 132 140 170
f 132 170 162
f 138 137 167
f 138 167 168
f 135 134 164
f 135 164 165
f 131 132 162
f 131 162 161
f 139 138 168
f 139 168 169
f 136 135 165
f 136 165 166
f 133 131 161
f 133 161 163
f 140 139 169
f 140 169 170
f 137 136 166
f 137 166 167
f 152 151 153
f 152 153 154
f 152 154 155
f 152 155 156
f 152 156 157
f 152 157 158
f 152 158 159
f 152 159 160
f 175 174 184
f 175 184 185
f 171 172 182
f 171 182 181
f 179 178 188
f 179 188 189
f 176 175 185
f 176 185 186
f 173 171 181
f 173 181 183
f 180 179 189
f 180 189 190
f 177 176 186
f 177 186 187
f 174 173 183
f 174 183 184
f 172 180 190
f 172 190 182
f 178 177 187
f 178 187 188
f 181 182 192
f 181 192 191
f 189 188 198
f 189 198 199
f 186 185 195
f 186 195 196
f 183 181 191
f 183 191 193
f 190 189 199
f 190 199 200
f 187 186 196
f 187 196 197
f 184 183 193
f 184 193 194
f 182 190 200
f 182 200 192
f 188 187 197
f 188 197 198
f 185 184 194
f 185 194 195
f 199 198 208
f 199 208 209
f 196 195 205
f 196 205 206
f 193 191 201
f 193 201 203
f 200 199 209
f 200 209 210
f 197 196 206
f 197 206 207
f 194 193 203
f 194 203 204
f 192 200 210
f 192 210 202
f 198 197 207
f 198 207 208
f 195 194 204
f 195 204 205
f 191 192 202
f 191 202 201
f 206 205 215
f 206 215 216
f 203 201 211
f 203 211 213
f 210 209 219
f 210 219 220
f 207 206 216
f 207 216 217
f 204 203 213
f 204 213 214
f 202 210 220
f 202 220 212
f 208 207 217
f 208 217 218
f 205 204 214
f 205 214 215
f 201 202 212
f 201 212 211
f 209 208 218
f 209 218 219
f 213 211 221
f 213 221 223
f 220 219 229
f 220 229 230
f 217 216 226
f 217 226 227
f 214 213 223
f 214 223 224
f 212 220 230
f 212 230 222
f 218 217 227
f 218 227 228
f 215 214 224
f 215 224 225
f 211 212 222
f 211 222 221
f 219 218 228
f 219 228 229
f 216 215 225
f 216 225 226
f 2 10 240
f 2 240 235
f 4 3 239
f 4 239 233
f 7 6 238
f 7 238 231
f 10 9 237
f 10 237 240
f 3 1 236
f 3 236 239
f 6 5 234
f 6 234 238
f 9 8 232
f 9 232 237
f 1 2 235
f 1 235 236
f 5 4 233
f 5 233 234
f 8 7 231
f 8 231 232
f 235 240 250
f 235 250 243
f 233 239 249
f 233 249 242
f 231 238 248
f 231 248 241
f 240 237 247
f 240 247 250
f 239 236 246
f 239 246 249
f 238 234 245
f 238 245 248
f 237 232 244
f 237 244 247
f 236 235 243
f 236 243 246
f 234 233 242
f 234 242 245
f 232 231 241
f 232 241 244
f 255 254 264
f 255 264 265
f 251 252 262
f 251 262 261
f 259 258 268
f 259 268 269
f 256 255 265
f 256 265 266
f 253 251 261
f 253 261 263
f 260 259 269
f 260 269 270
f 257 256 266
f 257 266 267
f 254 253 263
f 254 263 264
f 252 260 270
f 252 270 262
f 258 257 267
f 258 267 268
f 261 262 272
f 261 272 271
f 269 268 278
f 269 278 279
f 266 265 275
f 266 275 276
f 263 261 271
f 263 271 273
f 270 269 279
f 270 279 280
f 267 266 276
f 267 276 277
f 264 263 273
f 264 273 274
f 262 270 280
f 262 280 272
f 268 267 277
f 268 277 278
f 265 264 274
f 265 274 275
f 279 278 288
f 279 288 289
f 276 275 285
f 276 285 286
f 273 271 281
f 273 281 283
f 280 279 289
f 280 289 290
f 277 276 286
f 277 286 287
f 274 273 283
f 274 283 284
f 272 280 290
f 272 290 282
f 278 277 287
f 278 287 288
f 275 274 284
f 275 284 285
f 271 272 282
f 271 282 281
f 286 285 295
f 286 295 296
f 283 281 291
f 283 291 293
f 290 289 299
f 290 299 300
f 287 286 296
f 287 296 297
f 284 283 293
f 284 293 294
f 282 290 300
f 282 300 292
f 288 287 297
f 288 297 298
f 285 284 294
f 285 294 295
f 281 282 292
f 281 292 291
f 289 288 298
f 289 298 299
f 293 291 301
f 293 301 303
f 300 299 309
f 300 309 310
f 297 296 306
f 297 306 307
f 294 293 303
f 294 303 304
f 292 300 310
f 292 310 302
f 298 297 307
f 298 307 308
f 295 294 304
f 295 304 305
f 291 292 302
f 291 302 301
f 299 298 308
f 299 308 309
f 296 295 305
f 296 305 306
f 316 326 325
f 316 325 315
f 313 323 321
f 313 321 311
f 320 330 329
f 320 329 319
f 317 327 326
f 317 326 316
f 314 324 323
f 314 323 313
f 312 322 330
f 312 330 320
f 318 328 327
f 318 327 317
f 315 325 324
f 315 324 314
f 311 321 322
f 311 322 312
f 319 329 328
f 319 328 318
f 323 333 331
f 323 331 321
f 330 340 339
f 330 339 329
f 327 337 336
f 327 336 326
f 324 334 333
f 324 333 323
f 322 332 340
f 322 340 330
f 328 338 337
f 328 337 327
f 325 335 334
f 325 334 324
f 321 331 332
f 321 332 322
f 329 339 338
f 329 338 328
f 326 336 335
f 326 335 325
f 314 313 343
f 314 343 344
f 312 320 350
f 312 350 342
f 318 317 347
f 318 347 348
f 315 314 344
f 315 344 345
f 311 312 342
f 311 342 341
f 319 318 348
f 319 348 349
f 316 315 345
f 316 345 346
f 313 311 341
f 313 341 343
f 320 319 349
f 320 349 350
f 317 316 346
f 317 346 347
f 332 331 333
f 332 333 334
f 332 334 335
f 332 335 336
f 332 336 337
f 332 337 338
f 332 338 339
f 332 339 340
f 122 130 129
f 122 129 128
f 122 128 127
f 122 127 126
f 122 126 125
f 122 125 124
f 122 124 123
f 122 123 121
f 302 310 309
f 302 309 308
f 302 308 307
f 302 307 306
f 302 306 305
f 302 305 304
f 302 304 303
f 302 303 301
f 222 230 229
f 222 229 228
f 222 228 227
f 222 227 226
f 222 226 225
f 222 225 224
f 222 224 223
f 222 223 221
f 355 354 364
f 355 364 365
f 351 352 362
f 351 362 361
f 359 358 368
f 359 368 369
f 356 355 365
f 356 365 366
f 353 351 361
f 353 361 363
f 360 359 369
f 360 369 370
f 357 356 366
f 357 366 367
f 354 353 363
f 354 363 364
f 352 360 370
f 352 370 362
f 358 357 367
f 358 367 368
f 361 362 372
f 361 372 371
f 369 368 378
f 369 378 379
f 366 365 375
f 366 375 376
f 363 361 371
f 363 371 373
f 370 369 379
f 370 379 380
f 367 366 376
f 367 376 377
f 364 363 373
f 364 373 374
f 362 370 380
f 362 380 372
f 368 367 377
f 368 377 378
f 365 364 374
f 365 374 375
f 379 378 388
f 379 388 389
f 376 375 385
f 376 385 386
f 373 371 381
f 373 381 383
f 380 379 389
f 380 389 390
f 377 376 386
f 377 386 387
f 374 373 383
f 374 383 384
f 372 380 390
f 372 390 382
f 378 377 387
f 378 387 388
f 375 374 384
f 375 384 385
f 371 372 382
f 371 382 381
f 386 385 395
f 386 395 396
f 383 381 391
f 383 391 393
f 390 389 399
f 390 399 400
f 387 386 396
f 387 396 397
f 384 383 393
f 384 393 394
f 382 390 400
f 382 400 392
f 388 387 397
f 388 397 398
f 385 384 394
f 385 394 395
f 381 382 392
f 381 392 391
f 389 388 398
f 389 398 399
f 393 391 401
f 393 401 403
f 400 399 409
f 400 409 410
f 397 396 406
f 397 406 407
f 394 393 403
f 394 403 404
f 392 400 410
f 392 410 402
f 398 397 407
f 398 407 408
f 395 394 404
f 395 404 405
f 391 392 402
f 391 402 401
f 399 398 408
f 399 408 409
f 396 395 405
f 396 405 406
f 416 426 425
f 416 425 415
f 413 423 421
f 413 421 411
f 420 430 429
f 420 429 419
f 417 427 426
f 417 426 416
f 414 424 423
f 414 423 413
f 412 422 430
f 412 430 420
f 418 428 427
f 418 427 417
f 415 425 424
f 415 424 414
f 411 421 422
f 411 422 412
f 419 429 428
f 419 428 418
f 423 433 431
f 423 431 421
f 430 440 439
f 430 439 429
f 427 437 436
f 427 436 426
f 424 434 433
f 424 433 423
f 422 432 440
f 422 440 430
f 428 438 437
f 428 437 427
f 425 435 434
f 425 434 424
f 421 431 432
f 421 432 422
f 429 439 438
f 429 438 428
f 426 436 435
f 426 435 425
f 414 413 443
f 414 443 444
f 412 420 450
f 412 450 442
f 418 417 447
f 418 447 448
f 415 414 444
f 415 444 445
f 411 412 442
f 411 442 441
f 419 418 448
f 419 448 449
f 416 415 445
f 416 445 446
f 413 411 441
f 413 441 443
f 420 419 449
f 420 449 450
f 417 416 446
f 417 446 447
f 432 431 433
f 432 433 434
f 432 434 435
f 432 435 436
f 432 436 437
f 432 437 438
f 432 438 439
f 432 439 440
f 402 410 409
f 402 409 408
f 402 408 407
f 402 407 406
f 402 406 405
f 402 405 404
f 402 404 403
f 402 403 401
f 42 32 31
f 42 31 41
f 455 454 464
f 455 464 465
f 451 452 462
f 451 462 461
f 459 458 468
f 459 468 469
f 456 455 465
f 456 465 466
f 453 451 461
f 453 461 463
f 460 459 469
f 460 469 470
f 457 456 466
f 457 466 467
f 454 453 463
f 454 463 464
f 452 460 470
f 452 470 462
f 458 457 467
f 458 467 468
f 461 462 472
f 461 472 471
f 469 468 478
f 469 478 479
f 466 465 475
f 466 475 476
f 463 461 471
f 463 471 473
f 470 469 479
f 470 479 480
f 467 466 476
f 467 476 477
f 464 463 473
f 464 473 474
f 462 470 480
f 462 480 472
f 468 467 477
f 468 477 478
f 465 464 474
f 465 474 475
f 479 478 488
f 479 488 489
f 476 475 485
f 476 485 486
f 473 471 481
f 473 481 483
f 480 479 489
f 480 489 490
f 477 476 486
f 477 486 487
f 474 473 483
f 474 483 484
f 472 480 490
f 472 490 482
f 478 477 487
f 478 487 488
f 475 474 484
f 475 484 485
f 471 472 482
f 471 482 481
f 486 485 495
f 486 495 496
f 483 481 491
f 483 491 493
f 490 489 499
f 490 499 500
f 487 486 496
f 487 496 497
f 484 483 493
f 484 493 494
f 482 490 500
f 482 500 492
f 488 487 497
f 488 497 498
f 485 484 494
f 485 494 495
f 481 482 492
f 481 492 491
f 489 488 498
f 489 498 499
f 493 491 501
f 493 501 503
f 500 499 509
f 500 509 510
f 497 496 506
f 497 506 507
f 494 493 503
f 494 503 504
f 492 500 510
f 492 510 502
f 498 497 507
f 498 507 508
f 495 494 504
f 495 504 505
f 491 492 502
f 491 502 501
f 499 498 508
f 499 508 509
f 496 495 505
f 496 505 506
f 502 510 509
f 502 509 508
f 502 508 507
f 502 507 506
f 502 506 505
f 502 505 504
f 502 504 503
f 502 503 501
f 516 526 525
f 516 525 515
f 513 523 521
f 513 521 511
f 520 530 529
f 520 529 519
f 517 527 526
f 517 526 516
f 514 524 523
f 514 523 513
f 512 522 530
f 512 530 520
f 518 528 527
f 518 527 517
f 515 525 524
f 515 524 514
f 511 521 522
f 511 522 512
f 519 529 528
f 519 528 518
f 523 533 531
f 523 531 521
f 530 540 539
f 530 539 529
f 527 537 536
f 527 536 526
f 524 534 533
f 524 533 523
f 522 532 540
f 522 540 530
f 528 538 537
f 528 537 527
f 525 535 534
f 525 534 524
f 521 531 532
f 521 532 522
f 529 539 538
f 529 538 528
f 526 536 535
f 526 535 525
f 514 513 543
f 514 543 544
f 512 520 550
f 512 550 542
f 518 517 547
f 518 547 548
f 515 514 544
f 515 544 545
f 511 512 542
f 511 542 541
f 519 518 548
f 519 548 549
f 516 515 545
f 516 545 546
f 513 511 541
f 513 541 543
f 520 519 549
f 520 549 550
f 517 516 546
f 517 546 547
f 532 531 533
f 532 533 534
f 532 534 535
f 532 535 536
f 532 536 537
f 532 537 538
f 532 538 539
f 532 539 540
f 556 555 565
f 556 565 566
f 553 551 561
f 553 561 563
f 560 559 569
f 560 569 570
f 557 556 566
f 557 566 567
f 554 553 563
f 554 563 564
f 552 560 570
f 552 570 562
f 558 557 567
f 558 567 568
f 555 554 564
f 555 564 565
f 551 552 562
f 551 562 561
f 559 558 568
f 559 568 569
f 563 561 571
f 563 571 573
f 570 569 579
f 570 579 580
f 567 566 576
f 567 576 577
f 564 563 573
f 564 573 574
f 562 570 580
f 562 580 572
f 568 567 577
f 568 577 578
f 565 564 574
f 565 574 575
f 561 562 572
f 561 572 571
f 569 568 578
f 569 578 579
f 566 565 575
f 566 575 576
f 554 584 583
f 554 583 553
f 552 582 590
f 552 590 560
f 558 588 587
f 558 587 557
f 555 585 584
f 555 584 554
f 551 581 582
f 551 582 552
f 559 589 588
f 559 588 558
f 556 586 585
f 556 585 555
f 553 583 581
f 553 581 551
f 560 590 589
f 560 589 559
f 557 587 586
f 557 586 556
f 572 580 579
f 572 579 578
f 572 578 577
f 572 577 576
f 572 576 575
f 572 575 574
f 572 574 573
f 572 573 571
f 313 343 594
f 313 594 591
f 323 333 593
f 323 593 592
f 313 323 592
f 313 592 591
f 600 610 609
f 600 609 599
f 597 607 605
f 597 605 595
f 604 614 613
f 604 613 603
f 601 611 610
f 601 610 600
f 598 608 607
f 598 607 597
f 596 606 614
f 596 614 604
f 602 612 611
f 602 611 601
f 599 609 608
f 599 608 598
f 595 605 606
f 595 606 596
f 603 613 612
f 603 612 602
f 607 617 615
f 607 615 605
f 614 624 623
f 614 623 613
f 611 621 620
f 611 620 610
f 608 618 617
f 608 617 607
f 606 616 624
f 606 624 614
f 612 622 621
f 612 621 611
f 609 619 618
f 609 618 608
f 605 615 616
f 605 616 606
f 613 623 622
f 613 622 612
f 610 620 619
f 610 619 609
f 598 597 627
f 598 627 628
f 596 604 634
f 596 634 626
f 602 601 631
f 602 631 632
f 599 598 628
f 599 628 629
f 595 596 626
f 595 626 625
f 603 602 632
f 603 632 633
f 600 599 629
f 600 629 630
f 597 595 625
f 597 625 627
f 604 603 633
f 604 633 634
f 601 600 630
f 601 630 631
f 616 615 617
f 616 617 618
f 616 618 619
f 616 619 620
f 616 620 621
f 616 621 622
f 616 622 623
f 616 623 624
f 640 650 649
f 640 649 639
f 637 647 645
f 637 645 635
f 644 654 653
f 644 653 643
f 641 651 650
f 641 650 640
f 638 648 647
f 638 647 637
f 636 646 654
f 636 654 644
f 642 652 651
f 642 651 641
f 639 649 648
f 639 648 638
f 635 645 646
f 635 646 636
f 643 653 652
f 643 652 642
f 647 657 655
f 647 655 645
f 654 664 663
f 654 663 653
f 651 661 660
f 651 660 650
f 648 658 657
f 648 657 647
f 646 656 664
f 646 664 654
f 652 662 661
f 652 661 651
f 649 659 658
f 649 658 648
f 645 655 656
f 645 656 646
f 653 663 662
f 653 662 652
f 650 660 659
f 650 659 649
f 638 637 667
f 638 667 668
f 636 644 674
f 636 674 666
f 642 641 671
f 642 671 672
f 639 638 668
f 639 668 669
f 635 636 666
f 635 666 665
f 643 642 672
f 643 672 673
f 640 639 669
f 640 669 670
f 637 635 665
f 637 665 667
f 644 643 673
f 644 673 674
f 641 640 670
f 641 670 671
f 656 655 657
f 656 657 658
f 656 658 659
f 656 659 660
f 656 660 661
f 656 661 662
f 656 662 663
f 656 663 664
f 26 25 680
f 26 680 681
f 29 28 683
f 29 683 684
f 23 21 676
f 23 676 675
f 25 24 679
f 25 679 680
f 28 27 682
f 28 682 683
f 22 30 678
f 22 678 677
f 24 23 675
f 24 675 679
f 27 26 681
f 27 681 682
f 30 29 684
f 30 684 678
f 21 22 677
f 21 677 676
usemtl Birch_Leaves
f 693 690 688
f 693 688 692
f 691 686 690
f 691 690 693
f 685 691 693
f 685 693 689
f 689 693 692
f 689 692 687
f 689 687 696
f 689 696 698
f 688 690 699
f 688 699 697
f 685 689 698
f 685 698 694
f 691 685 694
f 691 694 700
f 690 686 695
f 690 695 699
f 687 692 701
f 687 701 696
f 686 691 700
f 686 700 695
f 692 688 697
f 692 697 701
f 710 707 705
f 710 705 709
f 708 703 707
f 708 707 710
f 702 708 710
f 702 710 706
f 706 710 709
f 706 709 704
f 706 704 713
f 706 713 715
f 705 707 716
f 705 716 714
f 702 706 715
f 702 715 711
f 708 702 711
f 708 711 717
f 707 703 712
f 707 712 716
f 704 709 718
f 704 718 713
f 703 708 717
f 703 717 712
f 709 705 714
f 709 714 718
f 727 724 722
f 727 722 726
f 725 720 724
f 725 724 727
f 719 725 727
f 719 727 723
f 723 727 726
f 723 726 721
f 723 721 730
f 723 730 732
f 722 724 733
f 722 733 731
f 719 723 732
f 719 732 728
f 725 719 728
f 725 728 734
f 724 720 729
f 724 729 733
f 721 726 735
f 721 735 730
f 720 725 734
f 720 734 729
f 726 722 731
f 726 731 735
f 744 741 739
f 744 739 743
f 742 737 741
f 742 741 744
f 736 742 744
f 736 744 740
f 740 744 743
f 740 743 738
f 740 738 747
f 740 747 749
f 739 741 750
f 739 750 748
f 736 740 749
f 736 749 745
f 742 736 745
f 742 745 751
f 741 737 746
f 741 746 750
f 738 743 752
f 738 752 747
f 737 742 751
f 737 751 746
f 743 739 748
f 743 748 752
f 761 758 756
f 761 756 760
f 759 754 758
f 759 758 761
f 753 759 761
f 753 761 757
f 757 761 760
f 757 760 755
f 757 755 764
f 757 764 766
f 756 758 767
f 756 767 765
f 753 757 766
f 753 766 762
f 759 753 762
f 759 762 768
f 758 754 763
f 758 763 767
f 755 760 769
f 755 769 764
f 754 759 768
f 754 768 763
f 760 756 765
f 760 765 769
f 778 775 773
f 778 773 777
f 776 771 775
f 776 775 778
f 770 776 778
f 770 778 774
f 774 778 777
f 774 777 772
f 774 772 781
f 774 781 783
f 773 775 784
f 773 784 782
f 770 774 783
f 770 783 779
f 776 770 779
f 776 779 785
f 775 771 780
f 775 780 784
f 772 777 786
f 772 786 781
f 771 776 785
f 771 785 780
f 777 773 782
f 777 782 786
f 797 802 798
f 797 798 795
f 797 803 794
f 797 794 788
f 802 797 788
f 802 788 793
f 799 801 792
f 799 792 790
f 799 795 796
f 799 796 801
f 803 797 795
f 803 795 799
f 796 800 791
f 796 791 787
f 801 796 787
f 801 787 792
f 803 799 790
f 803 790 794
f 800 798 789
f 800 789 791
f 798 802 793
f 798 793 789
f 795 798 800
f 795 800 796
f 814 819 815
f 814 815 812
f 814 820 811
f 814 811 805
f 819 814 805
f 819 805 810
f 816 818 809
f 816 809 807
f 816 812 813
f 816 813 818
f 820 814 812
f 820 812 816
f 813 817 808
f 813 808 804
f 818 813 804
f 818 804 809
f 820 816 807
f 820 807 811
f 817 815 806
f 817 806 808
f 815 819 810
f 815 810 806
f 812 815 817
f 812 817 813
f 829 826 824
f 829 824 828
f 827 822 826
f 827 826 829
f 821 827 829
f 821 829 825
f 825 829 828
f 825 828 823
f 825 823 832
f 825 832 834
f 824 826 835
f 824 835 833
f 821 825 834
f 821 834 830
f 827 821 830
f 827 830 836
f 826 822 831
f 826 831 835
f 823 828 837
f 823 837 832
f 822 827 836
f 822 836 831
f 828 824 833
f 828 833 837
f 846 843 841
f 846 841 845
f 844 839 843
f 844 843 846
f 838 844 846
f 838 846 842
f 842 846 845
f 842 845 840
f 842 840 849
f 842 849 851
f 841 843 852
f 841 852 850
f 838 842 851
f 838 851 847
f 844 838 847
f 844 847 853
f 843 839 848
f 843 848 852
f 840 845 854
f 840 854 849
f 839 844 853
f 839 853 848
f 845 841 850
f 845 850 854
f 863 860 858
f 863 858 862
f 861 856 860
f 861 860 863
f 855 861 863
f 855 863 859
f 859 863 862
f 859 862 857
f 859 857 866
f 859 866 868
f 858 860 869
f 858 869 867
f 855 859 868
f 855 868 864
f 861 855 864
f 861 864 870
f 860 856 865
f 860 865 869
f 857 862 871
f 857 871 866
f 856 861 870
f 856 870 865
f 862 858 867
f 862 867 871
f 880 877 875
f 880 875 879
f 878 873 877
f 878 877 880
f 872 878 880
f 872 880 876
f 876 880 879
f 876 879 874
f 876 874 883
f 876 883 885
f 875 877 886
f 875 886 884
f 872 876 885
f 872 885 881
f 878 872 881
f 878 881 887
f 877 873 882
f 877 882 886
f 874 879 888
f 874 888 883
f 873 878 887
f 873 887 882
f 879 875 884
f 879 884 888
f 897 894 892
f 897 892 896
f 895 890 894
f 895 894 897
f 889 895 897
f 889 897 893
f 893 897 896
f 893 896 891
f 893 891 900
f 893 900 902
f 892 894 903
f 892 903 901
f 889 893 902
f 889 902 898
f 895 889 898
f 895 898 904
f 894 890 899
f 894 899 903
f 891 896 905
f 891 905 900
f 890 895 904
f 890 904 899
f 896 892 901
f 896 901 905
f 914 911 909
f 914 909 913
f 912 907 911
f 912 911 914
f 906 912 914
f 906 914 910
f 910 914 913
f 910 913 908
f 910 908 917
f 910 917 919
f 909 911 920
f 909 920 918
f 906 910 919
f 906 919 915
f 912 906 915
f 912 915 921
f 911 907 916
f 911 916 920
f 908 913 922
f 908 922 917
f 907 912 921
f 907 921 916
f 913 909 918
f 913 918 922
f 931 928 926
f 931 926 930
f 929 924 928
f 929 928 931
f 923 929 931
f 923 931 927
f 927 931 930
f 927 930 925
f 927 925 934
f 927 934 936
f 926 928 937
f 926 937 935
f 923 927 936
f 923 936 932
f 929 923 932
f 929 932 938
f 928 924 933
f 928 933 937
f 925 930 939
f 925 939 934
f 924 929 938
f 924 938 933
f 930 926 935
f 930 935 939
f 948 945 943
f 948 943 947
f 946 941 945
f 946 945 948
f 940 946 948
f 940 948 944
f 944 948 947
f 944 947 942
f 944 942 951
f 944 951 953
f 943 945 954
f 943 954 952
f 940 944 953
f 940 953 949
f 946 940 949
f 946 949 955
f 945 941 950
f 945 950 954
f 942 947 956
f 942 956 951
f 941 946 955
f 941 955 950
f 947 943 952
f 947 952 956
f 965 962 960
f 965 960 964
f 963 958 962
f 963 962 965
f 957 963 965
f 957 965 961
f 961 965 964
f 961 964 959
f 961 959 968
f 961 968 970
f 960 962 971
f 960 971 969
f 957 961 970
f 957 970 966
f 963 957 966
f 963 966 972
f 962 958 967
f 962 967 971
f 959 964 973
f 959 973 968
f 958 963 972
f 958 972 967
f 964 960 969
f 964 969 973
f 982 979 977
f 982 977 981
f 980 975 979
f 980 979 982
f 974 980 982
f 974 982 978
f 978 982 981
f 978 981 976
f 978 976 985
f 978 985 987
f 977 979 988
f 977 988 986
f 974 978 987
f 974 987 983
f 980 974 983
f 980 983 989
f 979 975 984
f 979 984 988
f 976 981 990
f 976 990 985
f 975 980 989
f 975 989 984
f 981 977 986
f 981 986 990
f 999 996 994
f 999 994 998
f 997 992 996
f 997 996 999
f 991 997 999
f 991 999 995
f 995 999 998
f 995 998 993
f 995 993 1002
f 995 1002 1004
f 994 996 1005
f 994 1005 1003
f 991 995 1004
f 991 1004 1000
f 997 991 1000
f 997 1000 1006
f 996 992 1001
f 996 1001 1005
f 993 998 1007
f 993 1007 1002
f 992 997 1006
f 992 1006 1001
f 998 994 1003
f 998 1003 1007
f 1018 1023 1019
f 1018 1019 1016
f 1018 1024 1015
f 1018 1015 1009
f 1023 1018 1009
f 1023 1009 1014
f 1020 1022 1013
f 1020 1013 1011
f 1020 1016 1017
f 1020 1017 1022
f 1024 1018 1016
f 1024 1016 1020
f 1017 1021 1012
f 1017 1012 1008
f 1022 1017 1008
f 1022 1008 1013
f 1024 1020 1011
f 1024 1011 1015
f 1021 1019 1010
f 1021 1010 1012
f 1019 1023 1014
f 1019 1014 1010
f 1016 1019 1021
f 1016 1021 1017
f 1035 1040 1036
f 1035 1036 1033
f 1035 1041 1032
f 1035 1032 1026
f 1040 1035 1026
f 1040 1026 1031
f 1037 1039 1030
f 1037 1030 1028
f 1037 1033 1034
f 1037 1034 1039
f 1041 1035 1033
f 1041 1033 1037
f 1034 1038 1029
f 1034 1029 1025
f 1039 1034 1025
f 1039 1025 1030
f 1041 1037 1028
f 1041 1028 1032
f 1038 1036 1027
f 1038 1027 1029
f 1036 1040 1031
f 1036 1031 1027
f 1033 1036 1038
f 1033 1038 1034
f 1050 1047 1045
f 1050 1045 1049
f 1048 1043 1047
f 1048 1047 1050
f 1042 1048 1050
f 1042 1050 1046
f 1046 1050 1049
f 1046 1049 1044
f 1046 1044 1053
f 1046 1053 1055
f 1045 1047 1056
f 1045 1056 1054
f 1042 1046 1055
f 1042 1055 1051
f 1048 1042 1051
f 1048 1051 1057
f 1047 1043 1052
f 1047 1052 1056
f 1044 1049 1058
f 1044 1058 1053
f 1043 1048 1057
f 1043 1057 1052
f 1049 1045 1054
f 1049 1054 1058
f 1067 1064 1062
f 1067 1062 1066
f 1065 1060 1064
f 1065 1064 1067
f 1059 1065 1067
f 1059 1067 1063
f 1063 1067 1066
f 1063 1066 1061
f 1063 1061 1070
f 1063 1070 1072
f 1062 1064 1073
f 1062 1073 1071
f 1059 1063 1072
f 1059 1072 1068
f 1065 1059 1068
f 1065 1068 1074
f 1064 1060 1069
f 1064 1069 1073
f 1061 1066 1075
f 1061 1075 1070
f 1060 1065 1074
f 1060 1074 1069
f 1066 1062 1071
f 1066 1071 1075
f 1078 1083 1092
f 1078 1092 1087
f 1083 1079 1088
f 1083 1088 1092
f 1082 1076 1085
f 1082 1085 1091
f 1076 1082 1084
f 1076 1084 1080
f 1080 1078 1087
f 1080 1087 1089
f 1081 1077 1086
f 1081 1086 1090
f 1080 1084 1083
f 1080 1083 1078
f 1076 1080 1089
f 1076 1089 1085
f 1077 1082 1091
f 1077 1091 1086
f 1084 1081 1079
f 1084 1079 1083
f 1079 1081 1090
f 1079 1090 1088
f 1082 1077 1081
f 1082 1081 1084
f 1103 1108 1104
f 1103 1104 1101
f 1107 1102 1093
f 1107 1093 1098
f 1104 1108 1099
f 1104 1099 1095
f 1105 1107 1098
f 1105 1098 1096
f 1109 1103 1101
f 1109 1101 1105
f 1101 1104 1106
f 1101 1106 1102
f 1108 1103 1094
f 1108 1094 1099
f 1102 1106 1097
f 1102 1097 1093
f 1106 1104 1095
f 1106 1095 1097
f 1109 1105 1096
f 1109 1096 1100
f 1103 1109 1100
f 1103 1100 1094
f 1105 1101 1102
f 1105 1102 1107
f 1112 1117 1126
f 1112 1126 1121
f 1117 1113 1122
f 1117 1122 1126
f 1116 1110 1119
f 1116 1119 1125
f 1110 1116 1118
f 1110 1118 1114
f 1114 1112 1121
f 1114 1121 1123
f 1115 1111 1120
f 1115 1120 1124
f 1114 1118 1117
f 1114 1117 1112
f 1110 1114 1123
f 1110 1123 1119
f 1111 1116 1125
f 1111 1125 1120
f 1118 1115 1113
f 1118 1113 1117
f 1113 1115 1124
f 1113 1124 1122
f 1116 1111 1115
f 1116 1115 1118
f 1135 1132 1130
f 1135 1130 1134
f 1133 1128 1132
f 1133 1132 1135
f 1127 1133 1135
f 1127 1135 1131
f 1131 1135 1134
f 1131 1134 1129
f 1131 1129 1138
f 1131 1138 1140
f 1130 1132 1141
f 1130 1141 1139
f 1127 1131 1140
f 1127 1140 1136
f 1133 1127 1136
f 1133 1136 1142
f 1132 1128 1137
f 1132 1137 1141
f 1129 1134 1143
f 1129 1143 1138
f 1128 1133 1142
f 1128 1142 1137
f 1134 1130 1139
f 1134 1139 1143
f 1152 1149 1147
f 1152 1147 1151
f 1150 1145 1149
f 1150 1149 1152
f 1144 1150 1152
f 1144 1152 1148
f 1148 1152 1151
f 1148 1151 1146
f 1148 1146 1155
f 1148 1155 1157
f 1147 1149 1158
f 1147 1158 1156
f 1144 1148 1157
f 1144 1157 1153
f 1150 1144 1153
f 1150 1153 1159
f 1149 1145 1154
f 1149 1154 1158
f 1146 1151 1160
f 1146 1160 1155
f 1145 1150 1159
f 1145 1159 1154
f 1151 1147 1156
f 1151 1156 1160
f 1169 1166 1164
f 1169 1164 1168
f 1167 1162 1166
f 1167 1166 1169
f 1161 1167 1169
f 1161 1169 1165
f 1165 1169 1168
f 1165 1168 1163
f 1165 1163 1172
f 1165 1172 1174
f 1164 1166 1175
f 1164 1175 1173
f 1161 1165 1174
f 1161 1174 1170
f 1167 1161 1170
f 1167 1170 1176
f 1166 1162 1171
f 1166 1171 1175
f 1163 1168 1177
f 1163 1177 1172
f 1162 1167 1176
f 1162 1176 1171
f 1168 1164 1173
f 1168 1173 1177
f 1186 1183 1181
f 1186 1181 1185
f 1184 1179 1183
f 1184 1183 1186
f 1178 1184 1186
f 1178 1186 1182
f 1182 1186 1185
f 1182 1185 1180
f 1182 1180 1189
f 1182 1189 1191
f 1181 1183 1192
f 1181 1192 1190
f 1178 1182 1191
f 1178 1191 1187
f 1184 1178 1187
f 1184 1187 1193
f 1183 1179 1188
f 1183 1188 1192
f 1180 1185 1194
f 1180 1194 1189
f 1179 1184 1193
f 1179 1193 1188
f 1185 1181 1190
f 1185 1190 1194
f 1203 1200 1198
f 1203 1198 1202
f 1201 1196 1200
f 1201 1200 1203
f 1195 1201 1203
f 1195 1203 1199
f 1199 1203 1202
f 1199 1202 1197
f 1199 1197 1206
f 1199 1206 1208
f 1198 1200 1209
f 1198 1209 1207
f 1195 1199 1208
f 1195 1208 1204
f 1201 1195 1204
f 1201 1204 1210
f 1200 1196 1205
f 1200 1205 1209
f 1197 1202 1211
f 1197 1211 1206
f 1196 1201 1210
f 1196 1210 1205
f 1202 1198 1207
f 1202 1207 1211
f 1220 1217 1215
f 1220 1215 1219
f 1218 1213 1217
f 1218 1217 1220
f 1212 1218 1220
f 1212 1220 1216
f 1216 1220 1219
f 1216 1219 1214
f 1216 1214 1223
f 1216 1223 1225
f 1215 1217 1226
f 1215 1226 1224
f 1212 1216 1225
f 1212 1225 1221
f 1218 1212 1221
f 1218 1221 1227
f 1217 1213 1222
f 1217 1222 1226
f 1214 1219 1228
f 1214 1228 1223
f 1213 1218 1227
f 1213 1227 1222
f 1219 1215 1224
f 1219 1224 1228
f 1237 1234 1232
f 1237 1232 1236
f 1235 1230 1234
f 1235 1234 1237
f 1229 1235 1237
f 1229 1237 1233
f 1233 1237 1236
f 1233 1236 1231
f 1233 1231 1240
f 1233 1240 1242
f 1232 1234 1243
f 1232 1243 1241
f 1229 1233 1242
f 1229 1242 1238
f 1235 1229 1238
f 1235 1238 1244
f 1234 1230 1239
f 1234 1239 1243
f 1231 1236 1245
f 1231 1245 1240
f 1230 1235 1244
f 1230 1244 1239
f 1236 1232 1241
f 1236 1241 1245
f 1254 1259 1255
f 1254 1255 1252
f 1257 1255 1246
f 1257 1246 1248
f 1256 1258 1249
f 1256 1249 1247
f 1260 1254 1252
f 1260 1252 1256
f 1256 1252 1253
f 1256 1253 1258
f 1252 1255 1257
f 1252 1257 1253
f 1269 1266 1264
f 1269 1264 1268
f 1267 1262 1266
f 1267 1266 1269
f 1261 1267 1269
f 1261 1269 1265
f 1265 1269 1268
f 1265 1268 1263
f 1265 1263 1272
f 1265 1272 1274
f 1264 1266 1275
f 1264 1275 1273
f 1261 1265 1274
f 1261 1274 1270
f 1267 1261 1270
f 1267 1270 1276
f 1266 1262 1271
f 1266 1271 1275
f 1263 1268 1277
f 1263 1277 1272
f 1262 1267 1276
f 1262 1276 1271
f 1268 1264 1273
f 1268 1273 1277
f 1286 1283 1281
f 1286 1281 1285
f 1284 1279 1283
f 1284 1283 1286
f 1278 1284 1286
f 1278 1286 1282
f 1282 1286 1285
f 1282 1285 1280
f 1282 1280 1289
f 1282 1289 1291
f 1281 1283 1292
f 1281 1292 1290
f 1278 1282 1291
f 1278 1291 1287
f 1284 1278 1287
f 1284 1287 1293
f 1283 1279 1288
f 1283 1288 1292
f 1280 1285 1294
f 1280 1294 1289
f 1279 1284 1293
f 1279 1293 1288
f 1285 1281 1290
f 1285 1290 1294
f 1303 1300 1298
f 1303 1298 1302
f 1301 1296 1300
f 1301 1300 1303
f 1295 1301 1303
f 1295 1303 1299
f 1299 1303 1302
f 1299 1302 1297
f 1299 1297 1306
f 1299 1306 1308
f 1298 1300 1309
f 1298 1309 1307
f 1295 1299 1308
f 1295 1308 1304
f 1301 1295 1304
f 1301 1304 1310
f 1300 1296 1305
f 1300 1305 1309
f 1297 1302 1311
f 1297 1311 1306
f 1296 1301 1310
f 1296 1310 1305
f 1302 1298 1307
f 1302 1307 1311
f 1320 1317 1315
f 1320 1315 1319
f 1318 1313 1317
f 1318 1317 1320
f 1312 1318 1320
f 1312 1320 1316
f 1316 1320 1319
f 1316 1319 1314
f 1316 1314 1323
f 1316 1323 1325
f 1315 1317 1326
f 1315 1326 1324
f 1312 1316 1325
f 1312 1325 1321
f 1318 1312 1321
f 1318 1321 1327
f 1317 1313 1322
f 1317 1322 1326
f 1314 1319 1328
f 1314 1328 1323
f 1313 1318 1327
f 1313 1327 1322
f 1319 1315 1324
f 1319 1324 1328
f 1337 1334 1332
f 1337 1332 1336
f 1335 1330 1334
f 1335 1334 1337
f 1329 1335 1337
f 1329 1337 1333
f 1333 1337 1336
f 1333 1336 1331
f 1333 1331 1340
f 1333 1340 1342
f 1332 1334 1343
f 1332 1343 1341
f 1329 1333 1342
f 1329 1342 1338
f 1335 1329 1338
f 1335 1338 1344
f 1334 1330 1339
f 1334 1339 1343
f 1331 1336 1345
f 1331 1345 1340
f 1330 1335 1344
f 1330 1344 1339
f 1336 1332 1341
f 1336 1341 1345
f 1354 1351 1349
f 1354 1349 1353
f 1352 1347 1351
f 1352 1351 1354
f 1346 1352 1354
f 1346 1354 1350
f 1350 1354 1353
f 1350 1353 1348
f 1350 1348 1357
f 1350 1357 1359
f 1349 1351 1360
f 1349 1360 1358
f 1346 1350 1359
f 1346 1359 1355
f 1352 1346 1355
f 1352 1355 1361
f 1351 1347 1356
f 1351 1356 1360
f 1348 1353 1362
f 1348 1362 1357
f 1347 1352 1361
f 1347 1361 1356
f 1353 1349 1358
f 1353 1358 1362
f 1371 1368 1366
f 1371 1366 1370
f 1369 1364 1368
f 1369 1368 1371
f 1363 1369 1371
f 1363 1371 1367
f 1367 1371 1370
f 1367 1370 1365
f 1367 1365 1374
f 1367 1374 1376
f 1366 1368 1377
f 1366 1377 1375
f 1363 1367 1376
f 1363 1376 1372
f 1369 1363 1372
f 1369 1372 1378
f 1368 1364 1373
f 1368 1373 1377
f 1365 1370 1379
f 1365 1379 1374
f 1364 1369 1378
f 1364 1378 1373
f 1370 1366 1375
f 1370 1375 1379
f 1388 1385 1383
f 1388 1383 1387
f 1386 1381 1385
f 1386 1385 1388
f 1380 1386 1388
f 1380 1388 1384
f 1384 1388 1387
f 1384 1387 1382
f 1384 1382 1391
f 1384 1391 1393
f 1383 1385 1394
f 1383 1394 1392
f 1380 1384 1393
f 1380 1393 1389
f 1386 1380 1389
f 1386 1389 1395
f 1385 1381 1390
f 1385 1390 1394
f 1382 1387 1396
f 1382 1396 1391
f 1381 1386 1395
f 1381 1395 1390
f 1387 1383 1392
f 1387 1392 1396
f 1405 1402 1400
f 1405 1400 1404
f 1403 1398 1402
f 1403 1402 1405
f 1397 1403 1405
f 1397 1405 1401
f 1401 1405 1404
f 1401 1404 1399
f 1401 1399 1408
f 1401 1408 1410
f 1400 1402 1411
f 1400 1411 1409
f 1397 1401 1410
f 1397 1410 1406
f 1403 1397 1406
f 1403 1406 1412
f 1402 1398 1407
f 1402 1407 1411
f 1399 1404 1413
f 1399 1413 1408
f 1398 1403 1412
f 1398 1412 1407
f 1404 1400 1409
f 1404 1409 1413
f 1422 1419 1417
f 1422 1417 1421
f 1420 1415 1419
f 1420 1419 1422
f 1414 1420 1422
f 1414 1422 1418
f 1418 1422 1421
f 1418 1421 1416
f 1418 1416 1425
f 1418 1425 1427
f 1417 1419 1428
f 1417 1428 1426
f 1414 1418 1427
f 1414 1427 1423
f 1420 1414 1423
f 1420 1423 1429
f 1419 1415 1424
f 1419 1424 1428
f 1416 1421 1430
f 1416 1430 1425
f 1415 1420 1429
f 1415 1429 1424
f 1421 1417 1426
f 1421 1426 1430
f 1439 1436 1434
f 1439 1434 1438
f 1437 1432 1436
f 1437 1436 1439
f 1431 1437 1439
f 1431 1439 1435
f 1435 1439 1438
f 1435 1438 1433
f 1435 1433 1442
f 1435 1442 1444
f 1434 1436 1445
f 1434 1445 1443
f 1431 1435 1444
f 1431 1444 1440
f 1437 1431 1440
f 1437 1440 1446
f 1436 1432 1441
f 1436 1441 1445
f 1433 1438 1447
f 1433 1447 1442
f 1432 1437 1446
f 1432 1446 1441
f 1438 1434 1443
f 1438 1443 1447
f 1456 1453 1451
f 1456 1451 1455
f 1454 1449 1453
f 1454 1453 1456
f 1448 1454 1456
f 1448 1456 1452
f 1452 1456 1455
f 1452 1455 1450
f 1452 1450 1459
f 1452 1459 1461
f 1451 1453 1462
f 1451 1462 1460
f 1448 1452 1461
f 1448 1461 1457
f 1454 1448 1457
f 1454 1457 1463
f 1453 1449 1458
f 1453 1458 1462
f 1450 1455 1464
f 1450 1464 1459
f 1449 1454 1463
f 1449 1463 1458
f 1455 1451 1460
f 1455 1460 1464
f 1260 1256 1247
f 1260 1247 1251
f 1254 1260 1251
f 1254 1251 1465
f 1255 1259 1250
f 1255 1250 1246
f 1258 1253 1466
f 1258 1466 1249
f 1259 1254 1465
f 1259 1465 1250
f 1253 1257 1248
f 1253 1248 1466
