# Split Birch_1_bark mesh for Ursina textured rendering
o Birch_1_bark
v -0.512714 2.395811 -0.277733
v -0.617684 2.338115 -0.183760
v -0.587283 3.874489 -0.134354
v -0.489351 3.881772 -0.210813
v -0.691256 6.471960 0.064052
v -0.662198 6.489126 0.165173
v -0.761351 6.970933 0.113012
v -0.789444 6.956978 0.019670
v -0.578547 2.289535 0.101611
v -0.453867 2.313195 0.189426
v -0.476471 3.771866 0.168208
v -0.576168 3.807214 0.097594
v -0.217520 2.441682 0.089560
v -0.200984 2.488598 -0.052880
v -0.230004 3.826930 -0.028891
v -0.258611 3.788305 0.086075
v -0.374327 2.455508 -0.278294
v -0.367161 3.875381 -0.210717
v -0.640613 2.298966 -0.037824
v -0.618221 3.846199 -0.015306
v -0.311409 2.370691 0.186182
v -0.351924 3.761974 0.164574
v -0.259276 2.493450 -0.191106
v -0.270487 3.859004 -0.140249
v -0.307878 5.955179 0.164198
v -0.389337 5.953791 0.224959
v -0.477637 6.545714 0.226891
v -0.395163 6.564877 0.165266
v -0.511507 6.992485 0.111571
v -0.587310 6.989302 0.168125
v -0.385607 6.545228 -0.030407
v -0.463645 6.510194 -0.096160
v -0.576098 6.935524 -0.124593
v -0.504227 6.961255 -0.065450
v -0.656353 6.470910 -0.036367
v -0.755956 6.941576 -0.071795
v -0.360782 6.564145 0.068246
v -0.480911 6.983471 0.023195
v -0.568973 6.482301 -0.098407
v -0.674396 6.929757 -0.127589
v -0.579941 6.516576 0.227580
v -0.682807 6.981395 0.169719
v -0.661952 8.237657 -0.148323
v -0.721003 8.233391 -0.103659
v -0.593341 9.370165 -0.006560
v -0.567790 9.356228 -0.026503
v -0.497705 5.934020 -0.084438
v -0.395421 5.936762 -0.086800
v -0.568173 5.952982 0.165900
v -0.600668 5.948627 0.073769
v -0.311816 5.946270 -0.027313
v -0.575006 5.942473 -0.021389
v -0.489245 5.953006 0.223929
v -0.279377 5.951927 0.067812
v -0.553271 7.548768 0.080609
v -0.525795 7.543622 -0.000782
v -0.510413 8.280024 -0.034330
v -0.533417 8.281297 0.035905
v -0.587838 8.251434 -0.148549
v -0.539513 9.336121 -0.026504
v -0.743808 8.236689 -0.034263
v -0.722973 8.246088 0.035639
v -0.601214 9.360971 0.061769
v -0.606528 9.372278 0.027234
v -0.665144 8.259250 0.079543
v -0.579506 9.340908 0.082909
v -0.530756 8.268729 -0.103998
v -0.517958 9.316568 -0.006559
v -0.592554 8.272743 0.079753
v -0.550135 9.320024 0.082909
v -0.511635 9.304803 0.027235
v -0.524058 9.306111 0.061769
v -0.548240 7.526570 -0.082004
v -0.614413 7.504563 -0.135159
v -0.774820 7.497892 -0.084964
v -0.803621 7.507285 -0.002492
v -0.708670 7.531464 0.132783
v -0.622491 7.542609 0.132106
v -0.702796 7.494325 -0.136522
v -0.778547 7.519230 0.081180
v -0.567383 6.077860 0.110564
v -0.546730 6.012487 0.169188
v -0.168237 6.531653 0.394180
v -0.189121 6.577441 0.343542
v -0.412225 5.909388 0.160521
v -0.352143 5.907431 0.097693
v -0.018613 6.442651 0.334818
v -0.061763 6.450036 0.387919
v -0.347418 6.003591 -0.042084
v -0.406527 6.071329 -0.062361
v -0.073903 6.556208 0.197805
v -0.025267 6.504995 0.216020
v -0.541486 6.117416 0.034023
v -0.174257 6.601324 0.278131
v -0.486886 5.948142 0.187921
v -0.119160 6.482960 0.410817
v -0.326403 5.942770 0.022105
v -0.003768 6.463311 0.270562
v -0.479725 6.115911 -0.031188
v -0.129948 6.594073 0.223008
v 0.227395 6.991038 0.600779
v 0.196259 6.994807 0.653354
v 0.197269 7.127844 0.512154
v 0.227863 7.070629 0.511654
v 0.114787 7.138306 0.656221
v 0.128358 7.169426 0.602749
v 0.156847 7.029600 0.686754
v 0.240263 7.019217 0.547679
v 0.160364 7.165963 0.548314
v 0.125389 7.084459 0.688179
v 0.551014 7.605732 0.847620
v 0.578664 7.547088 0.845131
v 0.471372 7.616468 0.993256
v 0.485684 7.648285 0.940391
v 0.545426 7.469192 0.985324
v 0.508339 7.505012 1.020262
v 0.588994 7.494175 0.879602
v 0.516641 7.644675 0.885362
v 0.479720 7.561324 1.023629
v 0.575526 7.465270 0.932160
v 0.764538 8.112951 1.285989
v 0.772269 8.121544 1.239372
v 0.875332 8.114309 1.344165
v 0.828956 8.108113 1.350603
v 0.897605 8.131958 1.223262
v 0.917415 8.129311 1.267477
v 0.806311 8.129639 1.206580
v 0.786356 8.107464 1.328567
v 0.908527 8.122121 1.312670
v 0.854422 8.132497 1.199690
v 0.962533 8.559595 1.522183
v 0.924019 8.549216 1.526498
v 0.984231 8.569904 1.419449
v 0.999341 8.572681 1.457698
v 0.879456 8.547085 1.429611
v 0.908484 8.556016 1.402460
v 0.889219 8.542253 1.506480
v 0.990828 8.568265 1.496119
v 0.948866 8.563776 1.398035
v 0.872020 8.541715 1.469367
v 0.650056 8.076852 0.748656
v 0.611427 8.185388 0.688684
v 0.596112 8.195079 0.704241
v 0.633893 8.082720 0.765430
v 0.590151 8.069508 0.766017
v 0.552218 8.203706 0.696282
v 0.540778 8.199776 0.676150
v 0.579450 8.056093 0.749783
v 0.597861 8.037415 0.713970
v 0.556825 8.181184 0.639479
v 0.579094 8.172527 0.636101
v 0.621152 8.038499 0.707239
v 0.653356 8.064366 0.728444
v 0.613474 8.176481 0.666657
v 0.610959 8.079745 0.772160
v 0.573357 8.201937 0.707189
v 0.582478 8.043956 0.730224
v 0.542591 8.191186 0.654800
v 0.642646 8.049134 0.712751
v 0.601139 8.170893 0.646587
v 0.526772 8.420533 0.594583
v 0.517698 8.419677 0.576835
v 0.530814 8.404089 0.545359
v 0.548672 8.394327 0.542911
v 0.576500 8.391896 0.570437
v 0.574734 8.398449 0.589525
v 0.543781 8.415929 0.604589
v 0.519271 8.413381 0.558329
v 0.566478 8.389752 0.552605
v 0.562235 8.407597 0.602632
v 0.691151 7.892112 0.881991
v 0.707882 7.909234 0.883559
v 0.703928 7.855520 0.834073
v 0.688919 7.859647 0.851430
v 0.748478 7.900525 0.836429
v 0.741943 7.880235 0.824656
v 0.727754 7.918004 0.873152
v 0.683970 7.873429 0.869448
v 0.724762 7.862636 0.823862
v 0.743222 7.914660 0.855080
v -0.560990 7.220974 -0.007395
v -0.593458 7.221121 -0.054754
v -0.786519 7.592658 -0.097113
v -0.770449 7.609060 -0.063041
v -0.698986 7.198577 -0.059564
v -0.731455 7.182945 -0.017551
v -0.862729 7.524687 -0.069220
v -0.844119 7.541199 -0.100038
v -0.701756 7.167009 0.085094
v -0.648125 7.176570 0.106857
v -0.819689 7.563406 0.021057
v -0.847895 7.536348 0.005751
v -0.561705 7.211055 0.049003
v -0.772509 7.608763 -0.022115
v -0.646481 7.212533 -0.074389
v -0.814869 7.566638 -0.111044
v -0.733320 7.171555 0.036821
v -0.864824 7.522867 -0.029543
v -0.594915 7.194942 0.092672
v -0.791563 7.591875 0.009914
v -1.103301 7.698241 -0.125337
v -1.092110 7.714846 -0.154326
v -1.093981 7.757508 -0.051163
v -1.103854 7.722907 -0.061145
v -1.064898 7.802649 -0.130413
v -1.070545 7.806752 -0.094635
v -1.078105 7.745284 -0.167068
v -1.108240 7.700984 -0.090410
v -1.082057 7.789824 -0.064541
v -1.067565 7.778960 -0.158119
v -1.383091 8.016861 -0.110466
v -1.390954 7.981583 -0.119852
v -1.355777 8.062011 -0.190339
v -1.361981 8.066481 -0.154696
v -1.377895 7.972400 -0.212753
v -1.365462 8.003315 -0.225971
v -1.393848 7.958897 -0.148717
v -1.372834 8.049522 -0.124375
v -1.356873 8.037685 -0.217595
v -1.388433 7.955763 -0.183540
v -1.609174 8.332172 -0.226347
v -1.609571 8.326689 -0.199258
v -1.676691 8.327099 -0.250907
v -1.650994 8.332095 -0.258223
v -1.678383 8.310122 -0.181495
v -1.693672 8.314088 -0.204524
v -1.625902 8.319575 -0.178178
v -1.625054 8.334043 -0.248984
v -1.692657 8.320210 -0.230625
v -1.652104 8.312486 -0.171221
v -1.797949 8.580035 -0.247927
v -1.775862 8.581258 -0.254546
v -1.800346 8.562742 -0.189771
v -1.813071 8.569126 -0.208747
v -1.740754 8.568599 -0.205807
v -1.755012 8.563744 -0.187840
v -1.753674 8.579107 -0.247268
v -1.811887 8.575360 -0.230636
v -1.777801 8.560851 -0.181605
v -1.740188 8.574424 -0.228547
v 0.103511 -0.000730 -0.126163
v 0.051502 -0.001098 -0.277021
v -0.073737 0.710467 -0.218669
v -0.018086 0.720031 -0.076491
v -0.246310 0.004808 0.137309
v -0.076800 0.003336 0.137212
v -0.130108 0.605525 0.170461
v -0.269404 0.529639 0.172692
v -0.380052 0.003386 -0.264569
v -0.424677 0.004368 -0.108827
v -0.446417 0.476123 -0.060779
v -0.422827 0.510923 -0.209880
v -0.081861 -0.000119 -0.371561
v -0.185878 0.655464 -0.308097
v 0.058599 0.000972 0.030879
v -0.035998 0.680726 0.070597
v -0.374425 0.004887 0.040983
v -0.388469 0.483291 0.082023
v -0.249037 0.001712 -0.367665
v -0.320781 0.578550 -0.306622
v -0.258321 4.102434 0.009834
v -0.249717 4.153007 -0.064721
v 0.202372 4.553933 0.139064
v 0.216812 4.535883 0.199557
v -0.325438 4.302743 -0.093525
v -0.381831 4.343663 -0.041028
v 0.058406 4.638223 0.141534
v 0.104792 4.618315 0.104805
v -0.440515 4.288630 0.109045
v -0.413902 4.211115 0.151848
v 0.090043 4.587605 0.299674
v 0.046142 4.618725 0.261183
v -0.299589 4.097436 0.089951
v 0.196139 4.537646 0.260721
v -0.275675 4.229970 -0.103811
v 0.159255 4.585686 0.103106
v -0.424755 4.339814 0.035243
v 0.036115 4.639400 0.200112
v -0.357777 4.139214 0.144638
v 0.148446 4.558022 0.299049
v 0.231121 5.080611 0.111913
v 0.273576 5.071910 0.077191
v 0.285420 5.090570 0.251774
v 0.236047 5.090464 0.219739
v 0.400463 5.068959 0.156574
v 0.387014 5.078250 0.211653
v 0.329482 5.064600 0.073580
v 0.216424 5.088253 0.165159
v 0.343434 5.087260 0.247852
v 0.378298 5.063319 0.103703
v 0.562272 5.644478 0.251862
v 0.512511 5.641015 0.220627
v 0.676860 5.625563 0.155546
v 0.663763 5.635864 0.210531
v 0.548859 5.619967 0.078118
v 0.604997 5.615259 0.073846
v 0.492240 5.636198 0.166451
v 0.620316 5.643856 0.247128
v 0.654245 5.617254 0.103222
v 0.506531 5.627657 0.113231
v 0.973670 6.129565 0.199423
v 0.952789 6.126925 0.237568
v 0.948851 6.230148 0.153022
v 0.970595 6.193721 0.147051
v 0.890840 6.223112 0.249337
v 0.900848 6.248678 0.214937
v 0.925527 6.147841 0.264242
v 0.980220 6.155080 0.164581
v 0.922447 6.250634 0.178637
v 0.900723 6.184113 0.268653
v 1.259419 6.525525 0.261521
v 1.273840 6.492864 0.254471
v 1.205972 6.519754 0.340697
v 1.218653 6.542391 0.313777
v 1.247700 6.432709 0.325599
v 1.226060 6.451584 0.348857
v 1.276874 6.458141 0.266766
v 1.238496 6.544014 0.283879
v 1.209113 6.484579 0.354484
v 1.267089 6.435113 0.294168
v 0.919707 5.815930 0.450579
v 1.069445 5.855830 0.599362
v 1.103220 5.847345 0.580708
v 0.949944 5.802910 0.428333
v 0.975358 5.731767 0.425891
v 1.152960 5.795118 0.601830
v 1.150262 5.772291 0.633148
v 0.961527 5.701668 0.446611
v 0.904586 5.702024 0.492961
v 1.095331 5.769397 0.681143
v 1.061442 5.790462 0.680232
v 0.880697 5.733071 0.501719
v 0.891900 5.804770 0.476581
v 1.046627 5.846043 0.630012
v 0.971078 5.770552 0.418675
v 1.135096 5.823846 0.581529
v 0.934709 5.690593 0.471768
v 1.128364 5.762615 0.662893
v 0.875996 5.773036 0.495614
v 1.042699 5.820456 0.660567
v 1.410219 5.947633 0.864976
v 1.410195 5.931340 0.893676
v 1.364152 5.928327 0.935110
v 1.333492 5.942593 0.932677
v 1.315516 5.982760 0.885018
v 1.333796 5.990148 0.857924
v 1.392318 5.967961 0.845238
v 1.392681 5.924047 0.919985
v 1.314726 5.963960 0.913360
v 1.363117 5.984473 0.842616
v 0.701983 5.720724 0.150310
v 0.708432 5.759710 0.153922
v 0.622384 5.694285 0.208248
v 0.649544 5.681272 0.184161
v 0.638024 5.797201 0.220484
v 0.613345 5.767004 0.230551
v 0.696049 5.792770 0.172382
v 0.679642 5.691039 0.162402
v 0.607052 5.727106 0.225539
v 0.669141 5.807010 0.197914
v -0.323301 5.025044 0.041467
v -0.316575 5.012461 -0.040596
v -0.581714 5.460062 -0.326195
v -0.593969 5.492029 -0.277405
v -0.432057 4.968438 -0.136923
v -0.507738 4.951142 -0.116426
v -0.696232 5.360474 -0.349626
v -0.646337 5.379860 -0.370504
v -0.568843 4.951891 0.027891
v -0.527895 4.975417 0.098685
v -0.728412 5.438432 -0.218896
v -0.747472 5.393713 -0.255572
v -0.376104 5.022052 0.105531
v -0.633693 5.499591 -0.233832
v -0.358738 4.990817 -0.108691
v -0.602141 5.417092 -0.361702
v -0.560056 4.945520 -0.055332
v -0.734926 5.365599 -0.307136
v -0.454156 5.004324 0.127298
v -0.685211 5.479862 -0.211933
v -0.830901 5.648818 -0.571358
v -0.791026 5.667947 -0.596974
v -0.885350 5.749561 -0.493653
v -0.888994 5.696968 -0.506100
v -0.778053 5.801341 -0.565001
v -0.816902 5.813813 -0.531364
v -0.762167 5.710444 -0.605053
v -0.868240 5.659243 -0.537723
v -0.858163 5.794408 -0.504744
v -0.756871 5.761570 -0.592944
v -1.144277 6.079909 -0.879222
v -1.146235 6.026673 -0.889029
v -1.038401 6.131401 -0.952868
v -1.077736 6.144313 -0.919970
v -1.047094 5.996235 -0.978153
v -1.019548 6.039157 -0.988293
v -1.124203 5.988083 -0.918686
v -1.118464 6.124977 -0.892491
v -1.015892 6.090969 -0.978745
v -1.086441 5.977167 -0.951687
v -1.277893 6.485547 -1.282511
v -1.303350 6.483073 -1.251630
v -1.331703 6.466476 -1.370014
v -1.295852 6.474792 -1.355860
v -1.397834 6.455877 -1.290858
v -1.393818 6.455390 -1.331165
v -1.341334 6.475436 -1.241541
v -1.274999 6.482074 -1.322460
v -1.368537 6.459039 -1.360528
v -1.377523 6.464001 -1.256092
v -1.458877 6.817208 -1.532504
v -1.427906 6.819884 -1.520032
v -1.515533 6.803830 -1.466401
v -1.512217 6.807881 -1.500413
v -1.433516 6.815080 -1.431288
v -1.466215 6.810270 -1.423263
v -1.409680 6.820523 -1.491315
v -1.490589 6.812553 -1.524977
v -1.497704 6.805052 -1.436433
v -1.411825 6.818932 -1.457267
v -1.215076 6.480292 -0.914739
v -1.255987 6.667611 -0.866440
v -1.227672 6.686048 -0.879873
v -1.183364 6.493587 -0.927187
v -1.124691 6.499619 -0.890300
v -1.183622 6.724652 -0.843078
v -1.185030 6.730377 -0.807813
v -1.120418 6.490777 -0.855705
v -1.166259 6.462869 -0.814640
v -1.228724 6.704122 -0.764041
v -1.255756 6.680329 -0.771296
v -1.200763 6.452879 -0.823283
v -1.231585 6.465817 -0.885564
v -1.273736 6.659263 -0.835890
v -1.148634 6.500740 -0.917854
v -1.199775 6.707710 -0.870840
v -1.136174 6.476787 -0.827327
v -1.202039 6.722441 -0.778102
v -1.226212 6.454319 -0.850733
v -1.273416 6.663164 -0.799240
v -1.313553 7.065484 -0.805942
v -1.316951 7.073601 -0.776870
v -1.353781 7.051952 -0.739018
v -1.374248 7.028879 -0.743755
v -1.384491 7.003309 -0.796725
v -1.368711 7.008913 -0.822623
v -1.324406 7.047125 -0.828230
v -1.332101 7.068326 -0.751692
v -1.386346 7.010183 -0.766234
v -1.345695 7.025590 -0.834717
v -1.089190 6.167908 -1.018569
v -1.114379 6.182007 -1.040940
v -1.131935 6.121055 -0.949426
v -1.100536 6.131135 -0.962554
v -1.200321 6.158211 -1.006428
v -1.195008 6.136381 -0.976941
v -1.150467 6.185532 -1.046392
v -1.084294 6.148865 -0.988460
v -1.168454 6.121686 -0.954980
v -1.183299 6.176457 -1.033086
v -0.420090 3.717400 0.046529
v -0.434922 3.772668 0.116640
v -0.959937 4.068295 -0.187735
v -0.973025 4.042297 -0.245584
v -0.385816 3.935270 0.128197
v -0.339331 3.980047 0.069506
v -0.833234 4.175478 -0.204914
v -0.874111 4.151507 -0.164277
v -0.277016 3.921765 -0.077853
v -0.291004 3.837075 -0.112215
v -0.860828 4.105200 -0.356146
v -0.821808 4.146968 -0.322826
v -0.381338 3.711900 -0.034803
v -0.955079 4.041703 -0.307625
v -0.421607 3.856349 0.147391
v -0.921888 4.110306 -0.156951
v -0.299022 3.976328 -0.008185
v -0.813505 4.174837 -0.264413
v -0.333312 3.757617 -0.095839
v -0.913053 4.066204 -0.349960
v -1.080043 4.582293 -0.206016
v -1.119094 4.569794 -0.168568
v -1.139976 4.569261 -0.343299
v -1.090295 4.580736 -0.313907
v -1.246107 4.537423 -0.240891
v -1.236387 4.543550 -0.297184
v -1.172685 4.553350 -0.161514
v -1.068742 4.587196 -0.260402
v -1.196333 4.556405 -0.336186
v -1.221508 4.540793 -0.188910
v -1.509884 5.064622 -0.378613
v -1.459256 5.072796 -0.349737
v -1.616004 5.035613 -0.275356
v -1.606804 5.042679 -0.331627
v -1.486457 5.059608 -0.204275
v -1.540710 5.045738 -0.196783
v -1.436622 5.076773 -0.296436
v -1.566715 5.054475 -0.370928
v -1.590510 5.036391 -0.223705
v -1.447365 5.071058 -0.242016
v -1.998247 5.474400 -0.348797
v -1.978539 5.471740 -0.387559
v -1.989964 5.581743 -0.312812
v -2.004737 5.542863 -0.302546
v -1.934933 5.575572 -0.410919
v -1.948110 5.602220 -0.378463
v -1.956310 5.494375 -0.417321
v -2.007998 5.501639 -0.316071
v -1.968467 5.603909 -0.341440
v -1.938446 5.533780 -0.426176
v -2.351204 5.807422 -0.431333
v -2.359399 5.773598 -0.420696
v -2.300303 5.803352 -0.512272
v -2.315848 5.825949 -0.486863
v -2.325511 5.712284 -0.487430
v -2.308338 5.732278 -0.513330
v -2.356688 5.737852 -0.429693
v -2.334637 5.827001 -0.456268
v -2.297668 5.767001 -0.522708
v -2.343940 5.714326 -0.455401
v -1.572236 5.257166 -0.295379
v -1.601154 5.384902 -0.298383
v -1.582421 5.394526 -0.310082
v -1.551222 5.263718 -0.305508
v -1.512710 5.274732 -0.282704
v -1.553841 5.426158 -0.293262
v -1.555114 5.436111 -0.271802
v -1.510105 5.275327 -0.259028
v -1.540609 5.264443 -0.228113
v -1.584231 5.426787 -0.239445
v -1.601898 5.410055 -0.239973
v -1.563318 5.256195 -0.232046
v -1.583309 5.253001 -0.274277
v -1.613106 5.384880 -0.277509
v -1.528348 5.270283 -0.300626
v -1.564180 5.410226 -0.308031
v -1.520676 5.271335 -0.238516
v -1.566572 5.436208 -0.251533
v -1.579957 5.251956 -0.249968
v -1.613233 5.393934 -0.254829
v -1.642792 5.648962 -0.331433
v -1.645349 5.659314 -0.314364
v -1.669904 5.651934 -0.286566
v -1.683249 5.636173 -0.285577
v -1.689395 5.610281 -0.314844
v -1.678765 5.609368 -0.332272
v -1.649655 5.633159 -0.342426
v -1.655558 5.660313 -0.297452
v -1.690933 5.620108 -0.296639
v -1.663542 5.618059 -0.342834
v -1.485615 5.040525 -0.304870
v -1.502220 5.045271 -0.321819
v -1.514163 5.022615 -0.252633
v -1.493328 5.026992 -0.262621
v -1.559265 5.035456 -0.296064
v -1.555830 5.026863 -0.273313
v -1.526107 5.046199 -0.326147
v -1.482483 5.033817 -0.282223
v -1.538313 5.021676 -0.256511
v -1.547901 5.042482 -0.316233
v -2.067943 5.447662 -0.447784
v -2.064646 5.433308 -0.467023
v -2.187482 5.455286 -0.517355
v -2.188049 5.467080 -0.496356
v -2.073223 5.388046 -0.468529
v -2.081968 5.374821 -0.450744
v -2.231965 5.411024 -0.515788
v -2.214723 5.420349 -0.529090
v -2.091609 5.388290 -0.409147
v -2.088554 5.410711 -0.399811
v -2.232560 5.439401 -0.460334
v -2.243185 5.422509 -0.474268
v -2.074955 5.448025 -0.424633
v -2.198893 5.468081 -0.474909
v -2.066514 5.410403 -0.474902
v -2.197610 5.437245 -0.529822
v -2.088787 5.374999 -0.428341
v -2.242563 5.411856 -0.495073
v -2.082285 5.433944 -0.405890
v -2.215500 5.457231 -0.460665
v -2.437939 5.497285 -0.615320
v -2.421662 5.503479 -0.625405
v -2.437736 5.519015 -0.567068
v -2.448023 5.506708 -0.580111
v -2.395192 5.538095 -0.594364
v -2.405241 5.539451 -0.576623
v -2.405196 5.515551 -0.624500
v -2.447766 5.498500 -0.598197
v -2.421219 5.531863 -0.565783
v -2.395111 5.528942 -0.612668
v -1.851321 5.410358 -0.401050
v -1.849222 5.388137 -0.391706
v -1.854957 5.376359 -0.348626
v -1.860096 5.390491 -0.330546
v -1.866721 5.436666 -0.332959
v -1.866726 5.449656 -0.353805
v -1.856598 5.433460 -0.395697
v -1.850936 5.375352 -0.371675
v -1.863943 5.413731 -0.323889
v -1.862540 5.448437 -0.377601
v 0.701983 5.720724 0.150310
v 0.975358 5.731767 0.425891
v 1.410219 5.947633 0.864976
v 1.152960 5.795118 0.601830
v -1.322703 4.572508 -0.303217
v -1.432418 4.636579 -0.330166
v -1.447466 4.629025 -0.313225
v -1.335658 4.561429 -0.286292
v -1.359010 4.522544 -0.291848
v -1.486712 4.607305 -0.320463
v -1.495871 4.601896 -0.341403
v -1.360741 4.510091 -0.311846
v -1.340865 4.518599 -0.350615
v -1.477931 4.609081 -0.381083
v -1.456435 4.618999 -0.385753
v -1.325581 4.536794 -0.355542
v -1.315417 4.571168 -0.326029
v -1.428709 4.637325 -0.353711
v -1.349436 4.542166 -0.281908
v -1.468208 4.617641 -0.309524
v -1.353776 4.508644 -0.333947
v -1.492429 4.602533 -0.364221
v -1.315870 4.557315 -0.346051
v -1.437424 4.630148 -0.375129
v -1.664889 4.765746 -0.354430
v -1.673935 4.763469 -0.372067
v -1.659264 4.769447 -0.406049
v -1.640128 4.775383 -0.410381
v -1.613518 4.785615 -0.383452
v -1.615960 4.784168 -0.363393
v -1.647704 4.771553 -0.345399
v -1.671706 4.764817 -0.391504
v -1.622428 4.781826 -0.401597
v -1.628988 4.778758 -0.348809
v -1.148888 4.438932 -0.228775
v -1.147596 4.461711 -0.221362
v -1.123377 4.434263 -0.284684
v -1.134242 4.422612 -0.267661
v -1.119855 4.494970 -0.266852
v -1.113263 4.479454 -0.284425
v -1.140489 4.483838 -0.227687
v -1.143956 4.424285 -0.246639
v -1.114443 4.455846 -0.291265
v -1.129921 4.496521 -0.245137
v 0.514903 5.220771 0.292484
v 0.610030 5.262341 0.370533
v 0.598208 5.272331 0.388724
v 0.500119 5.231647 0.307982
v 0.485805 5.274955 0.305187
v 0.601318 5.315785 0.401626
v 0.615026 5.332167 0.391860
v 0.491902 5.290576 0.288550
v 0.517798 5.283472 0.253204
v 0.641290 5.327544 0.356693
v 0.644210 5.307742 0.343216
v 0.528284 5.262571 0.246708
v 0.527371 5.223785 0.272217
v 0.625497 5.266666 0.352905
v 0.488831 5.252387 0.312736
v 0.594752 5.292881 0.400525
v 0.503914 5.293659 0.268921
v 0.630007 5.336519 0.374845
v 0.532164 5.239459 0.254207
v 0.638232 5.284055 0.341876
v 0.784746 5.344486 0.555037
v 0.798205 5.357700 0.548532
v 0.820802 5.354331 0.518803
v 0.821625 5.338660 0.505615
v 0.801464 5.305266 0.509668
v 0.787528 5.301623 0.523913
v 0.776935 5.326061 0.551862
v 0.811718 5.361361 0.534799
v 0.814238 5.319540 0.502177
v 0.778090 5.309555 0.540028
v 0.321395 5.166070 0.177776
v 0.330838 5.147896 0.190269
v 0.348628 5.169116 0.122572
v 0.332742 5.178904 0.136551
v 0.375089 5.121231 0.154549
v 0.374888 5.132400 0.132910
v 0.347441 5.130458 0.189678
v 0.322487 5.177896 0.157357
v 0.364473 5.150861 0.120413
v 0.364390 5.120329 0.175996
vt 1.675443 1.398670
vt 1.676551 1.366007
vt 0.969008 0.147831
vt 1.047570 0.124737
vt 0.717526 2.623174
vt 0.391159 1.842011
vt 0.889373 0.162556
vt 0.851153 0.838979
vt 1.660193 1.466025
vt 1.672813 1.350512
vt 0.808200 0.158467
vt 0.786534 0.823047
vt 1.660271 1.448633
vt 1.670022 1.415061
vt 0.517691 0.816322
vt 0.584442 0.797530
vt 1.667235 1.335080
vt 0.982667 0.856177
vt 1.677371 1.382001
vt 0.721313 0.803837
vt 1.663720 1.431517
vt 0.729989 0.132477
vt 1.661050 1.319588
vt 0.916161 0.848749
vt 0.869076 1.846412
vt 0.445897 1.848068
vt 0.814754 1.845547
vt 0.923930 1.852221
vt 0.412455 0.077505
vt 0.654025 0.097795
vt 0.550875 2.901968
vt 0.666076 3.559788
vt 0.652644 2.103157
vt 0.699622 2.104213
vt 0.664701 2.930694
vt 0.710657 1.847142
vt 0.500427 1.853299
vt 0.452172 0.836706
vt 0.821553 2.920445
vt 0.658071 1.848884
vt 0.605614 1.852301
vt 0.653524 0.790839
vt 0.473175 2.898867
vt 0.433779 2.903483
vt 0.446773 2.100559
vt 0.480359 2.316501
vt 0.679758 3.571721
vt 0.512146 2.899046
vt 0.676227 2.622589
vt 0.703652 2.933293
vt 0.563646 3.564644
vt 0.781325 2.924028
vt 0.762450 1.845603
vt 0.553470 1.855228
vt 2.380429 1.565404
vt 2.456284 1.504141
vt 0.440585 2.312860
vt 0.390401 2.104216
vt 0.525786 3.570206
vt 0.746226 2.104229
vt 0.855052 2.317047
vt 0.900121 2.110543
vt 0.816037 2.308692
vt 0.774226 2.310687
vt 0.602470 2.315803
vt 0.845435 2.104858
vt 0.507796 3.565430
vt 0.731400 2.313055
vt 0.604369 2.101748
vt 0.793942 2.104608
vt 0.644633 2.314213
vt 0.687752 2.314484
vt 2.453436 1.573295
vt 2.344424 1.503876
vt 2.391504 1.568357
vt 2.390589 1.499624
vt 2.423560 1.503748
vt 2.379054 1.500155
vt 2.347669 1.572861
vt 2.422042 1.580648
vt 0.651393 3.548775
vt 0.742257 2.930068
vt 1.079980 -1.102443
vt 1.096869 -1.108336
vt 0.545023 3.570201
vt 0.588931 2.909695
vt 1.070017 -1.071137
vt 1.079981 -1.056912
vt 1.114135 -1.056376
vt 0.633957 3.541717
vt 1.124706 -1.070806
vt 0.758242 2.620377
vt 0.626507 2.921164
vt 1.114135 -1.102979
vt 0.580449 3.555631
vt 1.070018 -1.088217
vt 1.096869 -1.051019
vt 0.798681 2.616360
vt 0.596880 3.546737
vt 1.124706 -1.088547
vt 0.516351 2.608793
vt 0.476767 2.607684
vt 0.614995 3.541085
vt 1.169101 -0.105487
vt 0.437182 2.608171
vt 0.556022 2.609904
vt 0.595701 2.612749
vt 1.179968 -0.151368
vt 0.838303 2.618746
vt 0.635570 2.617688
vt 1.205805 -0.410210
vt 1.532787 -0.335054
vt 1.514460 -0.229588
vt 1.513144 -0.192384
vt 1.510750 -0.123484
vt 1.200812 -0.235849
vt 1.522502 -0.302400
vt 1.202473 -0.364139
vt 1.204677 -0.276704
vt 1.509047 -0.091445
vt 1.204814 -0.318624
vt 1.517532 -0.266707
vt 1.162311 -0.056638
vt 1.191724 -0.194536
vt 1.167442 0.039044
vt 1.498568 0.001982
vt 1.162311 -0.007854
vt 1.511789 -0.156971
vt 1.506235 -0.060385
vt 1.502952 -0.029502
vt 1.775873 -0.193280
vt 1.801300 -0.274936
vt 1.783895 -0.019122
vt 1.788944 -0.108752
vt 1.791316 -0.048623
vt 1.782768 -0.137422
vt 1.787372 -0.248641
vt 1.777706 -0.165618
vt 1.779190 -0.220822
vt 1.792885 -0.078973
vt 2.082492 -0.132925
vt 2.440456 -0.071908
vt 2.449966 -0.090471
vt 2.111989 -0.022714
vt 2.095343 -0.215438
vt 2.416720 -0.035078
vt 2.079195 -0.160813
vt 1.771658 0.008781
vt 2.103014 -0.079334
vt 2.427902 -0.054325
vt 2.411788 0.008931
vt 2.104002 0.005150
vt 2.091516 -0.105907
vt 2.444825 -0.151156
vt 2.111391 -0.051550
vt 2.410778 -0.013382
vt 2.113598 -0.239346
vt 2.088856 0.030825
vt 2.083709 -0.188635
vt 2.452024 -0.130999
vt 2.437228 -0.171859
vt 2.453798 -0.110559
vt 2.641654 -0.035817
vt 2.628274 0.014538
vt 2.662761 -0.102017
vt 2.655969 -0.119457
vt 2.661072 -0.066611
vt 2.418653 0.030124
vt 2.627455 -0.003253
vt 2.652436 -0.050614
vt 2.632405 -0.020359
vt 2.649282 -0.137001
vt 1.370995 1.626397
vt 2.633891 0.032052
vt 1.386962 1.663717
vt 1.504440 1.667550
vt 1.505992 1.688549
vt 2.664630 -0.084151
vt 1.501671 1.626719
vt 1.390395 1.684085
vt 1.375955 1.551653
vt 1.367787 1.569984
vt 1.381081 1.724269
vt 1.384102 1.532615
vt 1.365081 1.607787
vt 1.501565 1.607114
vt 1.364035 1.588780
vt 1.503054 1.587927
vt 1.502840 1.646855
vt 1.388063 1.704590
vt 1.163781 1.608450
vt 1.165895 1.575395
vt 1.508756 1.548643
vt 1.510043 1.527793
vt 1.505442 1.568711
vt 1.506708 1.730685
vt 1.379429 1.644627
vt 1.173971 1.559886
vt 1.506694 1.709595
vt 1.170098 1.624204
vt 1.188417 1.671412
vt 1.185791 1.688164
vt 1.702584 1.631028
vt 1.697783 1.651398
vt 1.178723 1.704039
vt 1.185578 1.654714
vt 1.178552 1.639146
vt 1.711850 1.570023
vt 1.181974 1.544173
vt 1.162311 1.591797
vt 1.694312 1.692360
vt 2.354056 1.381415
vt 1.707214 1.610759
vt 1.706317 1.527794
vt 1.710718 1.590545
vt 1.702457 1.733185
vt 2.344424 1.367779
vt 1.710847 1.548827
vt 1.694532 1.671795
vt 1.697101 1.712747
vt 2.397426 1.350855
vt 2.397347 1.368364
vt 2.344424 1.350794
vt 2.370971 1.331428
vt 2.015232 1.500958
vt 2.006250 1.526298
vt 2.386641 1.382451
vt 2.387372 1.336842
vt 2.354506 1.336797
vt 2.369824 1.387108
vt 1.820024 1.491538
vt 2.005620 1.319659
vt 1.830889 1.419704
vt 1.832703 1.399915
vt 1.824697 1.336549
vt 2.021129 1.391740
vt 2.008687 1.343140
vt 1.821932 1.473437
vt 2.025218 1.417837
vt 1.828431 1.357664
vt 0.333733 0.097066
vt 0.574259 0.075725
vt 1.817717 1.297612
vt 2.013980 1.366640
vt 0.317793 0.859571
vt 0.385377 0.852447
vt 2.006470 1.269122
vt 2.005424 1.295131
vt 0.561168 2.317839
vt 0.553737 2.099634
vt 1.827325 1.437914
vt 2.022170 1.473355
vt 0.492628 0.070498
vt 2.025218 1.445382
vt 0.256719 0.125406
vt 1.831177 1.379035
vt 0.501153 2.098800
vt 1.821199 1.316521
vt 0.520556 2.318540
vt 1.824476 1.455701
vt 1.476397 1.448374
vt 1.477063 1.465016
vt 1.304429 1.438679
vt 1.284734 1.368667
vt 1.663209 1.482721
vt 1.488935 1.417626
vt 1.482273 1.481124
vt 1.501599 1.370279
vt 1.480657 1.432328
vt 1.501421 1.386450
vt 1.287560 1.391847
vt 1.303949 1.425815
vt 1.497334 1.354741
vt 1.288280 1.357211
vt 1.497142 1.402620
vt 1.300914 1.451122
vt 1.480919 1.325943
vt 1.293598 1.346005
vt 1.489854 1.340160
vt 1.293644 1.402565
vt 1.300066 1.413541
vt 1.284540 1.380432
vt 1.179955 1.434051
vt 1.179377 1.423833
vt 1.166042 1.365139
vt 1.170597 1.404578
vt 1.294434 1.462094
vt 1.170755 1.355719
vt 1.165075 1.395310
vt 1.162662 1.375038
vt 0.806137 -0.740961
vt 0.539574 -1.074605
vt 0.810371 -1.108336
vt 0.895219 -1.108336
vt 1.162311 1.385339
vt 1.171962 1.452922
vt 0.631202 -1.086788
vt 0.889902 -0.744672
vt 1.177220 1.443895
vt 1.176067 1.413908
vt 0.394193 -0.828645
vt 0.311082 -0.810725
vt 0.643989 -0.786232
vt 0.281015 -1.065750
vt 0.723444 -1.100063
vt 0.723974 -0.757600
vt 0.981552 -1.098902
vt 0.368257 -1.065105
vt 0.562424 -0.812532
vt 0.971453 -0.766549
vt 0.453148 -1.067633
vt 1.069601 -1.081953
vt 1.474982 0.537108
vt 1.473087 0.564436
vt 0.231645 -0.779075
vt 1.175251 0.529674
vt 1.051378 -0.794629
vt 0.478558 -0.828426
vt 1.188777 0.488812
vt 0.191011 -1.067772
vt 1.164039 0.661168
vt 1.466743 0.618288
vt 1.162311 0.617661
vt 1.172406 0.702236
vt 1.469331 0.738740
vt 1.185733 0.741428
vt 1.207015 0.854241
vt 1.203699 0.815310
vt 1.470150 0.591308
vt 1.708396 0.748777
vt 1.702381 0.724153
vt 1.165596 0.573437
vt 1.462282 0.645923
vt 1.203704 0.449543
vt 1.476042 0.769840
vt 1.464047 0.707015
vt 1.196313 0.778275
vt 1.482321 0.799159
vt 1.460588 0.675801
vt 1.476362 0.508949
vt 1.725166 0.563976
vt 1.711748 0.645809
vt 2.003106 0.637923
vt 1.719306 0.537118
vt 1.721179 0.619324
vt 1.700870 0.698704
vt 1.725934 0.591824
vt 1.703582 0.672099
vt 1.711382 0.511410
vt 1.717319 0.773612
vt 2.022093 0.588019
vt 1.991809 0.739897
vt 1.984365 0.714818
vt 2.020357 0.561336
vt 2.015868 0.613966
vt 1.999376 0.511516
vt 2.004504 0.763353
vt 1.990434 0.662393
vt 2.011376 0.535830
vt 1.984102 0.688647
vt 2.319909 0.653445
vt 2.330479 0.726823
vt 2.516691 0.644999
vt 2.525899 0.659419
vt 2.306339 0.574738
vt 2.301044 0.595172
vt 2.530794 0.691347
vt 2.309062 0.635900
vt 2.316607 0.556558
vt 2.328239 0.539940
vt 2.521938 0.555556
vt 2.512624 0.568994
vt 2.330190 0.670571
vt 2.500636 0.598768
vt 2.335750 0.708074
vt 2.526017 0.707179
vt 2.335552 0.688958
vt 2.530794 0.675049
vt 2.302288 0.616101
vt 2.501936 0.614889
vt 2.504652 0.583163
vt 2.507594 0.630457
vt 2.023637 1.530993
vt 2.028341 1.548409
vt 2.007023 1.671502
vt 1.899451 1.674774
vt 1.897183 1.655693
vt 1.902853 1.545732
vt 1.902815 1.527794
vt 2.002447 1.653212
vt 2.015322 1.688398
vt 2.024482 1.704455
vt 1.895675 1.636662
vt 2.003109 1.634440
vt 1.899152 1.580743
vt 2.016151 1.599269
vt 1.903609 1.712197
vt 1.901741 1.693675
vt 1.896045 1.598897
vt 2.024315 1.582910
vt 2.206804 1.544993
vt 2.211601 1.559587
vt 1.901411 1.563273
vt 1.894776 1.617663
vt 2.186722 1.631393
vt 2.185863 1.646644
vt 2.207841 1.589295
vt 2.008015 1.616202
vt 2.028511 1.565884
vt 2.199707 1.602844
vt 2.197685 1.674713
vt 2.211990 1.574697
vt 1.714038 1.564174
vt 1.724179 1.638297
vt 1.720989 1.711488
vt 1.724922 1.693246
vt 2.191638 1.616595
vt 2.206627 1.687242
vt 1.713346 1.582548
vt 2.189933 1.661379
vt 1.720608 1.527793
vt 2.263992 1.671748
vt 2.259768 1.656494
vt 1.727157 1.656487
vt 1.716834 1.546023
vt 2.231107 1.646712
vt 2.213486 1.670709
vt 1.718902 1.620215
vt 2.218356 1.685644
vt 2.224696 1.583484
vt 2.243302 1.589361
vt 2.231053 1.694788
vt 2.258828 1.686051
vt 2.271994 1.567696
vt 1.714553 1.601480
vt 2.246989 1.646783
vt 1.727416 1.674906
vt 2.218396 1.655831
vt 2.246459 1.694788
vt 2.261413 1.582856
vt 2.224955 1.533433
vt 2.213486 1.567763
vt 2.324005 1.625263
vt 2.329336 1.608386
vt 2.309684 1.582361
vt 2.271994 1.549286
vt 2.243201 1.527793
vt 2.213625 1.548744
vt 2.323435 1.591959
vt 2.261187 1.533987
vt 2.278604 1.625029
vt 2.273489 1.608478
vt 2.371645 1.272505
vt 2.292494 1.635305
vt 2.344424 1.281591
vt 2.350514 1.272866
vt 2.279108 1.592163
vt 2.309745 1.635432
vt 2.360937 1.269122
vt 2.292984 1.582361
vt 2.350644 1.300990
vt 2.360995 1.304556
vt 2.101244 0.964229
vt 2.361880 1.080892
vt 2.378097 1.281553
vt 2.378016 1.292498
vt 2.345879 1.005609
vt 2.350348 0.968583
vt 2.060649 1.182984
vt 2.328160 1.267627
vt 2.100576 1.048154
vt 2.367763 1.199529
vt 2.344424 1.292186
vt 2.371720 1.120131
vt 2.371496 1.301310
vt 2.102882 0.991972
vt 2.067195 1.155765
vt 2.075087 1.128930
vt 2.351646 1.235823
vt 2.093585 1.075865
vt 2.099491 0.936166
vt 2.362912 0.932637
vt 2.097856 0.908012
vt 1.909846 0.973574
vt 2.373862 1.160336
vt 2.083884 1.102418
vt 2.350084 1.043112
vt 1.905951 0.948604
vt 2.378117 0.896493
vt 2.102715 1.019747
vt 1.888187 0.901321
vt 1.857911 1.137484
vt 1.897573 0.924677
vt 1.906812 0.998870
vt 1.882199 1.045122
vt 1.854789 1.113014
vt 1.622512 1.008412
vt 1.867282 1.065786
vt 1.857855 1.088632
vt 1.897331 1.023536
vt 1.639202 0.898508
vt 1.646565 0.966599
vt 1.637254 0.988684
vt 1.598170 1.050162
vt 1.650029 0.943671
vt 1.599929 1.098687
vt 1.607608 1.027861
vt 1.647020 0.920781
vt 1.595723 1.074357
vt 1.629217 0.876422
vt 1.346755 1.018446
vt 1.340474 0.897454
vt 1.337801 0.914209
vt 1.353221 0.964614
vt 1.339785 0.931118
vt 1.356264 0.982925
vt 1.347870 0.881821
vt 1.354322 1.001392
vt 1.357746 0.866910
vt 1.346285 0.947648
vt 1.177571 0.969429
vt 2.396939 1.027582
vt 2.400018 1.126210
vt 1.164224 0.911097
vt 1.171754 0.868223
vt 2.414433 1.025485
vt 1.162311 0.994735
vt 1.335251 1.032797
vt 1.176125 0.939884
vt 2.515066 1.030920
vt 2.512700 1.145345
vt 1.162311 0.896298
vt 1.178827 0.954726
vt 2.531486 1.030976
vt 1.170217 0.925452
vt 2.416760 1.121996
vt 1.164911 0.881665
vt 1.171658 0.982923
vt 1.180404 0.855736
vt 2.528516 1.140997
vt 2.466196 1.134425
vt 2.483083 1.027386
vt 2.496762 1.145589
vt 2.499052 1.029524
vt 2.548442 1.030118
vt 2.433954 1.122582
vt 2.466473 1.024492
vt 2.481192 1.141830
vt 2.544145 1.134492
vt 2.431879 1.024101
vt 2.384510 1.133836
vt 2.379612 1.029718
vt 2.423821 1.290989
vt 2.450671 1.127039
vt 2.477122 1.310787
vt 2.464500 1.303411
vt 2.518131 1.309249
vt 2.449288 1.023300
vt 2.437961 1.291667
vt 2.504679 1.313896
vt 2.533740 0.862980
vt 2.397794 1.302130
vt 2.465187 0.856749
vt 2.413868 0.868304
vt 2.451704 1.296085
vt 2.530998 1.302781
vt 2.447704 0.860706
vt 2.396701 0.868546
vt 2.430830 0.865560
vt 2.499940 0.856517
vt 2.398921 1.347596
vt 2.407338 1.335910
vt 2.550766 0.866819
vt 2.406963 1.373160
vt 2.410172 1.294852
vt 2.516810 0.859279
vt 2.490688 1.314449
vt 2.379612 0.866251
vt 2.482836 0.855736
vt 2.398921 1.361777
vt 2.421083 1.331428
vt 2.443170 1.347646
vt 2.324890 1.660882
vt 2.319983 1.676415
vt 2.420127 1.377913
vt 2.306803 1.636928
vt 2.443105 1.362264
vt 2.434777 1.335947
vt 2.319459 1.645762
vt 2.434166 1.374025
vt 2.273489 1.660965
vt 2.278197 1.676198
vt 2.290980 1.685657
vt 1.191873 0.443859
vt 1.246226 0.145359
vt 1.204609 0.135502
vt 2.278661 1.645949
vt 2.306858 1.685774
vt 1.220935 0.445404
vt 2.291433 1.636927
vt 1.283432 0.447575
vt 1.322858 0.164265
vt 1.317180 0.448769
vt 1.359916 0.167771
vt 1.163699 0.441309
vt 1.259155 0.687553
vt 1.284246 0.685890
vt 1.160299 0.129343
vt 1.412846 0.465392
vt 1.073508 0.133997
vt 1.116049 0.129343
vt 1.439226 0.165772
vt 1.350850 0.451554
vt 1.153031 0.699898
vt 1.180560 0.701321
vt 1.397940 0.167895
vt 1.285383 0.156022
vt 1.358315 0.708954
vt 1.383225 0.456063
vt 1.107128 0.434354
vt 1.481016 0.168793
vt 1.135686 0.438330
vt 1.251310 0.446346
vt 1.334463 0.696320
vt 1.126272 0.693167
vt 1.233578 0.692145
vt 1.229501 0.964019
vt 1.129531 0.990775
vt 1.304346 0.975675
vt 1.326033 0.992234
vt 1.207573 0.697747
vt 1.309229 0.688899
vt 1.155687 0.990232
vt 1.100962 0.682068
vt 1.104257 0.983530
vt 1.180890 0.982634
vt 1.174155 1.288719
vt 1.280034 0.965122
vt 1.140747 1.267189
vt 1.121068 1.261798
vt 1.254797 0.961026
vt 1.204993 0.972204
vt 1.190994 1.297345
vt 1.080967 0.969792
vt 1.081604 1.268942
vt 1.079856 1.464180
vt 1.185262 1.492062
vt 1.209215 1.300820
vt 1.100828 1.262715
vt 1.095744 1.459085
vt 1.201467 1.490366
vt 1.246040 1.292682
vt 1.217287 1.484206
vt 2.604235 0.374983
vt 2.613833 0.361232
vt 1.154841 1.481001
vt 1.264818 1.285789
vt 1.127397 1.462832
vt 1.158207 1.277331
vt 1.141418 1.471221
vt 1.227755 1.299212
vt 1.111881 1.458342
vt 1.169351 1.488835
vt 1.233201 1.478141
vt 2.560761 0.361292
vt 2.587807 0.380884
vt 2.369037 1.565016
vt 2.367495 1.501072
vt 2.604031 0.330655
vt 2.587716 0.325037
vt 2.560888 0.344041
vt 2.570930 0.375553
vt 2.613833 0.344532
vt 2.571165 0.330152
vt 2.445049 1.504710
vt 2.443081 1.577605
vt 2.401975 1.500414
vt 2.355905 1.502461
vt 2.412980 1.502332
vt 2.411726 1.578157
vt 2.432602 1.580487
vt 2.357944 1.567808
vt 2.401790 1.573251
vt 2.434170 1.504673
vn 0.782300 0.184000 -0.595100
vn -0.141000 -0.029500 0.989600
vn 0.295500 0.048100 -0.954100
vn 0.306600 0.052400 -0.950400
vn -0.993900 0.101000 -0.045200
vn 0.333300 0.031100 -0.942300
vn 0.824300 0.056800 0.563300
vn 0.334000 0.012300 0.942500
vn 0.784200 0.133900 -0.605900
vn 0.852300 0.457900 -0.252900
vn 0.992300 0.061600 -0.107200
vn 0.997600 0.024100 -0.065500
vn 0.986900 0.133300 -0.091300
vn 0.982600 0.167900 -0.079600
vn -0.790800 -0.006500 0.612000
vn -0.299300 -0.007700 0.954100
vn -0.295900 -0.075000 0.952300
vn -0.993500 -0.050000 0.102800
vn 0.387500 -0.010300 0.921800
vn 0.858500 0.012800 0.512700
vn 0.372200 0.010000 0.928100
vn 0.878700 0.058000 0.473800
vn -0.288500 -0.059900 0.955600
vn -0.997500 0.009700 0.069500
vn -0.826900 -0.054300 -0.559700
vn 0.999300 0.028800 0.024500
vn 0.804100 0.053100 0.592100
vn 0.813600 0.072500 -0.576900
vn 0.373700 0.030400 0.927100
vn 0.786200 0.059000 -0.615100
vn 0.315600 0.018900 0.948700
vn 0.834500 0.005000 -0.550900
vn 0.787500 0.187000 0.587300
vn 0.287200 0.136900 0.948000
vn -0.882700 0.086200 0.462000
vn 0.303900 0.119800 0.945200
vn 0.996900 0.077500 -0.010700
vn 0.357000 0.003000 0.934100
vn -0.335700 0.058400 0.940200
vn 0.788000 0.199400 0.582400
vn 0.999700 -0.009400 0.022100
vn 0.798100 0.039700 -0.601200
vn 0.321900 0.043500 -0.945800
vn -0.317400 -0.001500 -0.948300
vn 0.978600 0.205400 0.015300
vn 0.984000 0.178100 0.009100
vn -0.445300 0.033600 0.894700
vn 0.802200 0.044800 -0.595400
vn 0.229100 0.098400 -0.968400
vn -0.836500 0.090900 0.540400
vn 0.227300 -0.011900 0.973700
vn -0.990300 0.123000 -0.065200
vn 0.815000 -0.005900 0.579400
vn -0.291800 -0.038800 0.955700
vn 0.696400 -0.398200 -0.597000
vn 0.662600 -0.419800 -0.620200
vn -0.329400 0.045200 0.943100
vn -0.303900 -0.002600 0.952700
vn -0.792100 -0.077400 0.605500
vn -0.289500 -0.094600 -0.952500
vn -0.404300 0.132600 -0.905000
vn -0.824100 0.139200 -0.549100
vn -0.797500 -0.175500 -0.577200
vn -0.795900 -0.126400 -0.592100
vn -0.797500 0.088900 -0.596700
vn 0.812000 0.115600 -0.572000
vn -0.995800 -0.083500 0.036600
vn -0.299500 -0.084400 -0.950300
vn -0.307200 0.061900 -0.949600
vn 0.323200 0.014100 -0.946200
vn 0.342800 0.026400 -0.939000
vn 0.818400 0.140800 -0.557100
vn -0.583800 0.550700 0.596500
vn -0.627100 -0.084300 0.774400
vn 0.639600 -0.759900 0.115800
vn 0.603200 0.340000 -0.721500
vn -0.339700 0.907000 0.248800
vn -0.063600 0.979800 -0.189600
vn 0.376200 -0.828200 0.415500
vn 0.307600 0.823600 -0.476500
vn 0.330600 -0.009200 -0.943700
vn 0.831400 0.006500 -0.555700
vn -0.641900 0.034100 0.766000
vn -0.865400 0.403100 0.297600
vn 0.917900 0.384700 0.097500
vn 0.789800 0.376000 0.484700
vn -0.816800 0.448700 0.362700
vn -0.824200 0.052500 0.563900
vn 0.301300 0.070100 0.950900
vn -0.326600 0.069700 0.942600
vn 0.780700 -0.552500 0.291900
vn 0.398500 -0.550500 0.733600
vn -0.804900 0.000100 -0.593500
vn 0.345400 -0.544900 0.764000
vn 0.570700 0.802600 0.173600
vn -0.587900 0.079700 0.805000
vn -0.307700 -0.013900 -0.951400
vn 0.695500 -0.079900 -0.714100
vn -0.999400 0.025600 -0.024000
vn 0.729500 -0.600100 0.328200
vn 0.224000 0.363700 -0.904200
vn 0.238000 0.327400 -0.914400
vn 0.872400 -0.431600 -0.229300
vn 0.901300 -0.358700 -0.243000
vn -0.742700 0.614900 -0.265200
vn -0.147100 -0.292200 0.945000
vn 0.704600 -0.016300 -0.709400
vn -0.311300 0.613900 -0.725400
vn -0.144900 -0.336900 0.930300
vn -0.715800 0.659200 -0.230400
vn -0.180700 -0.426100 0.886500
vn 0.895600 -0.335800 -0.291700
vn 0.681700 0.042300 -0.730400
vn -0.877600 0.365700 0.309900
vn -0.339000 0.603900 -0.721400
vn 0.393200 -0.625200 0.674200
vn -0.388800 0.655200 -0.647800
vn -0.763200 0.615400 -0.197200
vn 0.171800 0.438300 -0.882300
vn 0.785300 -0.576200 0.226700
vn -0.758100 0.625900 -0.183000
vn 0.410900 -0.653200 0.636000
vn -0.678300 -0.031600 0.734100
vn 0.704000 0.033500 -0.709400
vn -0.386500 0.681500 -0.621500
vn -0.651900 -0.045300 0.756900
vn -0.128600 -0.456600 0.880300
vn -0.872500 0.371700 0.317200
vn 0.192900 0.470500 -0.861100
vn 0.885800 -0.369300 -0.281200
vn 0.766600 -0.609000 0.203500
vn -0.812900 0.505700 -0.289000
vn -0.680300 -0.097800 0.726300
vn 0.835400 -0.432000 0.339900
vn 0.744700 0.072000 -0.663500
vn 0.958200 -0.236900 -0.160200
vn 0.467300 -0.501000 0.728500
vn -0.934400 0.268600 0.233900
vn -0.415400 0.569100 -0.709600
vn -0.100700 -0.404700 0.908900
vn -0.664600 0.719900 -0.200300
vn -0.669800 0.146000 0.728100
vn 0.451500 0.595900 0.664100
vn 0.985600 -0.163700 -0.042600
vn -0.030600 -0.363600 0.931000
vn 0.897400 0.364900 0.248200
vn -0.963000 0.143100 0.228200
vn 0.193300 0.410200 -0.891300
vn 0.239000 0.362500 -0.900800
vn -0.500800 -0.584900 -0.638000
vn -0.929600 -0.199800 0.309600
vn 0.844600 -0.330100 0.421600
vn -0.380900 0.790000 -0.480400
vn -0.683400 0.207200 0.700000
vn 0.812700 0.098200 -0.574300
vn 0.515800 0.485900 0.705600
vn 0.497600 -0.404600 0.767200
vn 0.843100 0.502100 0.192300
vn -0.634200 -0.158900 0.756600
vn -0.968900 -0.060900 0.239700
vn 0.069700 -0.486200 -0.871100
vn -0.567000 -0.436400 -0.698700
vn 0.625100 -0.169900 -0.761800
vn -0.918600 -0.291300 -0.267000
vn -0.100100 0.425800 0.899300
vn -0.136400 0.457800 0.878500
vn 0.913500 0.213600 -0.346200
vn 0.041000 -0.424600 -0.904500
vn -0.861800 -0.468400 -0.194700
vn 0.952200 0.106900 -0.286300
vn -0.983800 -0.023500 0.177600
vn -0.645700 -0.359600 -0.673700
vn 0.597900 -0.234000 -0.766600
vn -0.752100 0.206400 0.625900
vn 0.783200 0.619500 0.053200
vn -0.182600 0.405000 0.895900
vn -0.078700 -0.393900 -0.915800
vn 0.644500 -0.203800 -0.736900
vn -0.936200 -0.218700 -0.275200
vn 0.823200 0.468800 -0.320300
vn -0.803700 -0.572100 -0.163800
vn -0.441600 -0.659100 -0.608800
vn 0.642400 0.250000 -0.724400
vn 0.545800 0.349000 -0.761800
vn 0.493200 0.437400 0.751900
vn -0.667200 0.102000 0.737800
vn 0.390000 0.879300 -0.273300
vn 0.812400 0.564100 0.147900
vn -0.894900 -0.291900 0.337500
vn 0.408300 0.651600 0.639300
vn -0.860000 -0.381200 -0.339300
vn -0.689900 -0.614200 -0.383100
vn 0.881400 0.245700 -0.403500
vn 0.738000 0.625200 -0.253800
vn -0.168700 0.470200 0.866300
vn 0.877900 0.447500 -0.170600
vn 0.082700 -0.515800 -0.852700
vn -0.317200 -0.424200 -0.848200
vn 0.591600 -0.174600 -0.787100
vn -0.465500 -0.293400 -0.835000
vn -0.113500 0.168400 0.979200
vn -0.606300 -0.073400 0.791900
vn 0.146500 -0.053600 -0.987800
vn -0.911300 -0.288200 0.294200
vn 0.773000 0.483500 0.410600
vn 0.657300 0.673800 0.337700
vn -0.121700 0.161700 0.979300
vn -0.800700 -0.540000 0.259600
vn 0.117200 -0.045900 -0.992000
vn -0.570700 -0.224000 0.790000
vn 0.541900 0.783100 0.305100
vn 0.110800 -0.114400 -0.987200
vn -0.162500 0.093900 0.982200
vn -0.510400 -0.407700 0.757100
vn 0.401200 0.375200 0.835600
vn -0.548700 -0.771400 -0.322300
vn -0.643300 -0.724400 0.248000
vn 0.624700 0.725700 -0.288200
vn -0.275200 -0.552700 -0.786600
vn 0.336200 0.497100 0.799900
vn 0.700600 0.670700 -0.243600
vn 0.628700 0.707200 0.323300
vn 0.254200 0.556300 0.791100
vn -0.126900 0.093700 0.987500
vn -0.720500 -0.660200 0.212400
vn 0.340600 0.516100 0.785900
vn -0.372700 -0.492100 -0.786700
vn -0.552700 -0.387400 0.737800
vn 0.465100 0.387900 -0.795800
vn 0.058700 -0.091700 -0.994100
vn 0.496500 0.378600 -0.781100
vn 0.797200 0.566100 -0.209900
vn 0.408300 0.392800 0.824000
vn 0.540500 0.328300 -0.774600
vn 0.015700 -0.042600 -0.999000
vn -0.608400 -0.348100 0.713200
vn 0.726200 0.577800 0.372600
vn -0.644200 -0.687400 -0.335400
vn -0.840300 -0.519400 0.155400
vn -0.476100 -0.338400 -0.811700
vn -0.868400 -0.027200 -0.495200
vn -0.299200 -0.015400 0.954100
vn -0.818100 -0.383300 -0.428600
vn -0.695600 -0.313000 0.646700
vn -0.340200 0.051600 -0.938900
vn -0.848200 0.033600 -0.528600
vn 0.503700 0.270800 -0.820400
vn -0.532700 -0.246300 -0.809700
vn -0.820300 -0.048200 0.569900
vn -0.795700 -0.118700 0.593900
vn 0.286400 0.659400 0.695100
vn -0.772700 -0.500100 -0.390900
vn -0.782200 -0.045000 0.621400
vn 0.522200 0.762200 0.382500
vn -0.365300 0.014600 -0.930800
vn -0.903600 -0.421600 0.075600
vn -0.982900 -0.183600 0.012100
vn -0.064400 -0.016500 -0.997800
vn -0.993600 -0.111200 -0.018700
vn -0.109000 0.029000 0.993600
vn 0.303800 0.141100 -0.942200
vn -0.865700 -0.048100 -0.498200
vn 0.671200 -0.460900 -0.580600
vn 0.727900 -0.394500 -0.560900
vn -0.841500 -0.012800 -0.540200
vn -0.997400 -0.055800 0.046400
vn -0.370100 0.017600 -0.928800
vn -0.335300 0.060700 -0.940100
vn -0.802000 -0.078400 0.592100
vn 0.869400 0.090400 0.485700
vn -0.356600 0.814100 -0.458300
vn -0.592700 0.576100 -0.562900
vn 0.289500 0.091800 -0.952800
vn 0.839200 -0.543800 0.004700
vn -0.992400 -0.079700 0.094200
vn 0.678000 -0.734700 -0.022200
vn -0.780400 -0.084400 0.619500
vn -0.147000 0.289300 -0.945900
vn 0.870200 0.093500 0.483800
vn 0.010400 0.522100 -0.852800
vn -0.304200 0.037400 0.951900
vn -0.555100 0.517100 0.651600
vn 0.360300 -0.083700 -0.929100
vn -0.570500 0.814000 0.109400
vn 0.454400 -0.717600 0.527900
vn 0.658100 -0.495500 0.566900
vn -0.238000 0.073500 0.968500
vn -0.776900 0.626200 0.065600
vn 0.411700 0.027900 -0.910900
vn -0.626600 0.426600 0.652200
vn 0.772400 -0.305500 0.556800
vn 0.222100 -0.119800 -0.967700
vn -0.253500 0.163700 0.953400
vn -0.739500 0.360800 0.568300
vn 0.085600 -0.433400 0.897100
vn -0.758400 0.315700 -0.570300
vn -0.912400 0.408800 -0.018900
vn 0.920700 -0.389900 -0.020200
vn -0.344300 0.123500 -0.930700
vn 0.251700 -0.265400 0.930700
vn 0.877700 -0.479100 0.011300
vn 0.721300 -0.410500 0.557800
vn 0.340600 -0.102400 0.934600
vn -0.245500 0.129400 0.960700
vn -0.864200 0.501600 -0.039300
vn 0.329000 -0.196500 0.923600
vn -0.315600 0.234100 -0.919600
vn -0.726700 0.407400 0.553000
vn 0.720600 -0.322100 -0.614000
vn 0.230600 -0.063300 -0.971000
vn 0.716300 -0.355200 -0.600700
vn 0.798500 -0.601700 0.019200
vn 0.223500 -0.296900 0.928400
vn 0.680400 -0.411700 -0.606200
vn 0.265200 -0.008200 -0.964200
vn -0.698600 0.472400 0.537400
vn 0.614900 -0.541300 0.573400
vn -0.703900 0.431100 -0.564500
vn -0.751300 0.657200 -0.060400
vn -0.196000 0.376900 -0.905300
vn -0.655300 0.747000 -0.112100
vn 0.370400 0.782600 -0.500300
vn 0.259100 0.776400 -0.574500
vn -0.670500 0.567200 0.478300
vn -0.127900 0.457200 -0.880100
vn -0.052200 0.993800 -0.098400
vn -0.362500 0.108200 0.925700
vn -0.551200 0.608200 -0.571200
vn -0.445600 0.685300 -0.576000
vn 0.466400 -0.834400 -0.293900
vn 0.578100 -0.794500 -0.186000
vn 0.631500 -0.391600 -0.669200
vn 0.724700 -0.293900 0.623300
vn 0.608300 -0.630300 -0.482400
vn 0.266700 0.076000 -0.960800
vn -0.175100 0.965400 -0.193300
vn -0.301500 0.093900 0.948800
vn 0.727600 -0.684200 -0.049800
vn 0.472400 -0.102500 0.875400
vn 0.680400 -0.614200 -0.399800
vn -0.586800 -0.311700 0.747300
vn -0.326500 -0.813400 0.481400
vn 0.711100 -0.052100 -0.701200
vn 0.720100 -0.040200 -0.692700
vn 0.661100 0.250400 -0.707300
vn -0.545100 0.802000 0.244400
vn -0.642400 -0.319900 0.696400
vn -0.189300 -0.788800 0.584800
vn 0.620700 0.263800 -0.738300
vn -0.455900 0.825100 0.333800
vn -0.692500 0.324500 0.644400
vn -0.723400 0.323500 0.609900
vn 0.036900 0.996800 0.071200
vn 0.239200 -0.942600 0.233000
vn -0.077900 -0.805800 0.587000
vn -0.496600 -0.392500 0.774100
vn 0.719600 -0.596200 -0.356000
vn 0.088500 -0.989900 0.111200
vn -0.199900 0.900900 0.385300
vn 0.599500 -0.792100 -0.115100
vn 0.246800 0.735500 -0.630900
vn -0.727400 0.265100 0.633000
vn -0.667900 -0.324300 0.669800
vn 0.001900 0.999300 -0.036600
vn 0.651700 0.184600 -0.735600
vn 0.724500 -0.033700 -0.688500
vn 0.431900 0.776700 -0.458400
vn -0.683200 0.291700 0.669400
vn -0.017200 -0.998600 0.049200
vn -0.410500 -0.804600 0.429200
vn -0.225100 0.971900 0.068300
vn 0.799400 0.268100 0.537700
vn 0.710000 -0.052300 -0.702200
vn 0.562000 -0.632500 -0.533000
vn 0.303300 -0.916200 0.262100
vn 0.382400 -0.855800 -0.348300
vn -0.427400 0.810900 0.399700
vn -0.002300 0.963500 0.267800
vn 0.686300 0.229900 -0.690100
vn 0.380600 0.789900 0.480900
vn 0.895500 0.368900 -0.248800
vn 0.738500 0.615500 0.275300
vn 0.163300 -0.490200 -0.856200
vn -0.932100 -0.176700 0.316100
vn 0.188800 -0.408000 -0.893200
vn -0.388600 -0.583600 -0.713000
vn 0.904600 0.301100 -0.301600
vn -0.654100 0.214200 0.725500
vn -0.384300 -0.626900 -0.677700
vn 0.758300 0.615500 0.214900
vn -0.798900 -0.535400 -0.274100
vn -0.166100 0.518800 0.838600
vn 0.695600 -0.031200 -0.717800
vn 0.674300 -0.136200 -0.725800
vn -0.707000 0.197600 0.679000
vn 0.344000 0.661200 0.666700
vn -0.203700 0.554100 0.807100
vn -0.827900 -0.498300 -0.257400
vn 0.341200 0.703700 0.623200
vn -0.941100 -0.228300 0.249500
vn 0.735900 0.661100 0.146300
vn 0.320900 0.783700 0.531800
vn -0.336300 -0.740400 -0.582000
vn -0.706000 0.224800 0.671500
vn -0.211000 0.635300 0.742900
vn 0.905000 0.289700 -0.311600
vn 0.709400 -0.207800 -0.673500
vn -0.917000 -0.273000 0.291000
vn 0.215600 -0.600200 -0.770200
vn -0.756800 -0.625000 -0.191300
vn -0.717300 0.220000 0.661100
vn 0.719200 0.678100 0.151400
vn 0.889700 0.301100 -0.343200
vn -0.311300 -0.770700 -0.556000
vn 0.668600 -0.223700 -0.709200
vn -0.714600 -0.673500 -0.189300
vn 0.307600 0.787500 0.534100
vn -0.906400 -0.319700 0.276200
vn -0.213700 0.642300 0.736100
vn 0.190100 -0.621000 -0.760400
vn -0.767000 -0.550700 -0.329200
vn -0.193900 0.767500 0.611000
vn 0.189400 0.842500 0.504300
vn -0.932800 -0.288100 0.216600
vn 0.130700 -0.479900 -0.867600
vn -0.957400 -0.268800 0.105700
vn 0.088400 -0.392500 -0.915500
vn 0.769400 0.586300 0.253500
vn -0.709400 0.158200 0.686800
vn 0.835700 0.477300 0.271500
vn -0.733600 0.097600 0.672500
vn -0.369900 -0.602300 -0.707400
vn -0.189200 0.530500 0.826300
vn 0.916400 0.189600 -0.352400
vn 0.640000 -0.178900 -0.747300
vn -0.762700 -0.469500 -0.444700
vn 0.347900 0.673200 0.652500
vn 0.577900 -0.158600 -0.800600
vn 0.918100 0.255400 -0.303000
vn -0.377500 -0.495300 -0.782400
vn -0.140300 0.144700 -0.979500
vn -0.688500 0.118600 -0.715500
vn 0.173800 -0.081500 0.981400
vn 0.188200 -0.251400 0.949400
vn 0.924400 0.264700 0.274500
vn 0.885200 0.333200 -0.324700
vn -0.136700 0.275700 -0.951500
vn -0.669800 -0.035900 -0.741700
vn 0.963200 0.112100 0.244300
vn 0.903700 0.267700 -0.334100
vn -0.973500 -0.087800 -0.211200
vn -0.947100 -0.209200 -0.243400
vn -0.874900 -0.310000 0.372100
vn -0.421100 -0.335400 0.842700
vn 0.694300 -0.080400 0.715100
vn 0.659500 0.114000 0.743000
vn 0.485300 0.332900 -0.808500
vn -0.430500 -0.263200 0.863400
vn -0.880800 -0.267900 0.390500
vn 0.474900 0.286900 -0.832000
vn -0.945600 0.175300 -0.273900
vn -0.347500 -0.189100 0.918400
vn 0.688500 -0.201700 0.696600
vn -0.986500 -0.037600 -0.159600
vn 0.900000 0.369300 -0.231500
vn 0.893700 0.314200 0.320200
vn 0.501700 0.358100 -0.787400
vn 0.917200 0.225000 -0.328900
vn -0.846700 -0.315800 0.428100
vn 0.652400 0.188300 0.734100
vn 0.971900 0.010500 0.235300
vn -0.414600 -0.370200 0.831300
vn -0.743600 0.269900 -0.611700
vn -0.866600 -0.255800 0.428400
vn 0.233000 0.014000 0.972400
vn 0.173600 -0.345800 0.922100
vn -0.085600 0.101400 -0.991200
vn -0.702400 0.193700 -0.684900
vn 0.544100 0.298900 -0.784000
vn -0.128500 0.346500 -0.929200
vn -0.138800 0.988700 0.057400
vn -0.666400 0.704100 -0.245200
vn 0.166200 0.918100 0.359800
vn 0.484500 0.744300 0.459700
vn -0.658300 -0.443200 0.608400
vn -0.731100 -0.678400 0.072400
vn -0.555200 -0.820100 0.138600
vn 0.079900 0.441800 0.893600
vn -0.171400 0.631500 0.756200
vn -0.625600 -0.455400 0.633400
vn -0.362400 -0.023300 0.931700
vn 0.430900 0.884600 -0.178300
vn -0.304500 -0.863900 -0.401300
vn -0.557700 -0.669100 -0.491200
vn 0.518600 0.513200 -0.683900
vn 0.240400 -0.016200 -0.970500
vn 0.665000 0.728000 -0.166400
vn -0.476600 0.107500 0.872500
vn 0.561800 0.429400 -0.707100
vn 0.364500 -0.065200 -0.928900
vn 0.188100 0.112500 -0.975700
vn 0.644600 0.426300 -0.634600
vn 0.040200 -0.589900 -0.806500
vn 0.709900 0.494900 0.501100
vn -0.164400 -0.062600 0.984400
vn 0.826300 0.559700 -0.063300
vn -0.836400 -0.538800 0.101000
vn 0.348600 0.269900 0.897600
vn -0.192200 -0.420300 -0.886800
vn -0.725000 -0.486000 -0.488000
vn -0.348800 -0.248900 -0.903500
vn 0.186000 0.076800 -0.979600
vn 0.763200 0.644300 -0.048900
vn -0.320500 -0.338100 -0.884800
vn -0.656300 -0.580300 -0.482200
vn 0.300600 0.372300 0.878100
vn 0.624400 0.471400 -0.622900
vn -0.631300 -0.380800 0.675700
vn -0.182600 -0.008400 0.983100
vn -0.779500 -0.621800 0.075400
vn -0.226600 0.039100 0.973200
vn 0.516900 0.855900 0.012300
vn 0.543400 0.625500 -0.559900
vn 0.157300 0.490300 0.857200
vn -0.680200 -0.729200 0.074400
vn 0.075300 0.554900 0.828500
vn 0.454600 0.746100 0.486500
vn -0.621700 -0.413700 0.665100
vn -0.576300 -0.462400 0.673800
vn 0.337300 0.803900 0.489800
vn -0.529500 -0.428300 0.732200
vn -0.199200 -0.418800 -0.886000
vn 0.585800 0.531700 -0.611700
vn -0.682400 -0.472900 -0.557500
vn -0.529200 -0.691700 -0.491400
vn -0.243100 0.121000 0.962400
vn 0.635700 0.598100 0.487900
vn 0.247700 0.052700 -0.967400
vn 0.625400 0.779500 -0.036000
vn -0.476500 -0.266000 -0.838000
vn -0.852000 0.073500 -0.518400
vn 0.306000 0.079500 -0.948700
vn 0.917800 0.342300 0.201200
vn 0.885400 0.245700 -0.394600
vn -0.127700 0.006300 -0.991800
vn -0.129400 -0.127400 -0.983400
vn -0.680600 -0.089100 -0.727200
vn -0.593600 -0.791200 0.146900
vn 0.904800 0.180400 -0.385700
vn -0.659800 -0.244600 -0.710500
vn 0.162200 0.189300 0.968400
vn -0.438400 -0.026200 0.898400
vn 0.686100 0.125800 0.716600
vn 0.178900 0.017300 0.983700
vn -0.941500 -0.280800 -0.186500
vn 0.491800 0.108900 -0.863900
vn -0.427900 -0.101200 0.898100
vn 0.958700 0.187800 0.213700
vn 0.482200 0.058200 -0.874100
vn -0.969700 -0.155600 -0.188500
vn 0.220500 0.279600 0.934500
vn 0.885900 0.401900 0.231500
vn 0.507600 0.139200 -0.850300
vn 0.165800 -0.081200 0.982800
vn -0.876000 -0.210400 0.434000
vn 0.648700 0.320100 0.690500
vn 0.640800 0.389100 0.661800
vn -0.074100 -0.171500 -0.982400
vn 0.550600 0.083700 -0.830500
vn -0.738800 0.083800 -0.668700
vn -0.869000 -0.142900 0.473700
vn -0.120600 0.080500 -0.989400
vn -0.357000 0.061200 0.932100
vn 0.681800 0.004000 0.731500
vn 0.898600 0.305900 -0.314500
vn 0.918700 0.140900 -0.369000
vn -0.882600 -0.165000 0.440300
vn -0.848500 -0.200500 0.489800
vn -0.944000 0.081100 -0.319800
vn -0.983900 -0.093500 -0.152600
vn 0.968600 0.087700 0.232600
vn -0.695800 -0.008700 -0.718200
vn 0.213800 -0.635200 -0.742100
vn -0.003800 -0.958900 -0.283700
vn 0.333700 0.568600 -0.751900
vn 0.449400 0.574200 -0.684400
vn -0.671200 0.601900 -0.432600
vn -0.420900 -0.137700 0.896600
vn 0.316700 0.925800 -0.206500
vn 0.179000 0.942600 -0.281800
vn -0.355300 -0.027600 0.934400
vn -0.338700 -0.611700 0.715000
vn 0.153900 -0.617800 -0.771100
vn 0.398400 -0.029000 -0.916700
vn 0.080900 0.936700 0.340700
vn -0.037100 0.955100 0.293800
vn -0.424900 -0.022800 0.904900
vn -0.147300 -0.926100 -0.347400
vn 0.351800 -0.045200 -0.935000
vn -0.490600 -0.600000 0.631900
vn -0.197800 0.589300 0.783300
vn -0.206400 -0.944800 0.254600
vn -0.242300 0.589600 0.770500
vn -0.379300 -0.911200 0.160900
vn -0.192400 0.978700 0.071800
vn -0.109600 0.947500 0.300300
vn -0.271100 0.560900 0.782300
vn -0.011800 0.957000 -0.289800
vn -0.494700 -0.115600 0.861300
vn -0.104400 -0.940600 0.323000
vn 0.323700 -0.067300 -0.943800
vn -0.219900 -0.915300 -0.337300
vn 0.502400 0.527300 -0.685200
vn 0.100200 0.947200 -0.304700
vn -0.320400 -0.030900 0.946800
vn -0.220600 0.538700 0.813100
vn 0.376800 -0.111200 -0.919600
vn 0.268500 0.556800 -0.786100
vn -0.543600 -0.641400 0.541400
vn -0.253900 -0.593800 0.763500
vn 0.073600 -0.669900 -0.738800
vn 0.246300 -0.652900 -0.716300
vn -0.432100 -0.895100 0.109800
vn 0.080800 -0.970400 -0.227400
vn 0.321100 0.869800 0.374700
vn -0.545100 0.757800 -0.358500
vn -0.500300 -0.844900 0.189200
vn -0.632100 -0.757800 0.161800
vn -0.467400 -0.534700 0.704000
vn 0.049900 0.551400 0.832800
vn 0.460500 0.797400 0.390000
vn 0.000000 0.000000 1.000000
vn -0.522400 -0.494500 0.694700
vn 0.176300 0.508300 0.842900
vn 0.159400 -0.039300 -0.986400
vn 0.226600 -0.070900 -0.971400
vn -0.527600 -0.756100 -0.387200
vn -0.245400 -0.510300 -0.824200
vn -0.255600 0.004200 0.966800
vn -0.204500 0.001400 0.978900
vn 0.473300 0.852700 -0.220900
vn -0.089100 -0.583700 -0.807100
vn -0.357400 -0.858400 -0.367900
vn 0.581800 0.789900 -0.193500
vn 0.049400 -0.096200 -0.994100
vn -0.241400 -0.898700 -0.366300
vn 0.008100 -0.602300 -0.798300
vn -0.349600 -0.516700 -0.781600
vn -0.584600 -0.523000 0.620300
vn -0.435000 -0.565900 0.700400
vn 0.466100 0.434800 -0.770500
vn 0.444700 0.496400 -0.745500
vn -0.589600 -0.715700 -0.374300
vn -0.409600 -0.892200 0.190400
vn -0.022500 0.566900 0.823400
vn -0.252000 -0.067900 0.965300
vn 0.243400 0.961800 -0.125100
vn 0.419100 0.867600 -0.267600
vn -0.678000 -0.726300 0.113000
vn -0.289600 -0.005900 0.957100
vn 0.485400 0.479800 -0.730900
vn 0.199400 0.447800 0.871600
vn 0.176800 0.945400 0.273800
vn 0.419000 0.476800 -0.772700
vn -0.337100 0.941300 0.019700
vn 0.258600 -0.087200 -0.962000
vn -0.408300 0.881000 0.239100
vn -0.635800 0.466100 0.615200
vn -0.225400 -0.656900 0.719500
vn -0.300500 -0.718500 0.627300
vn 0.211900 -0.908900 0.359000
vn 0.250400 0.903000 0.349100
vn -0.685900 0.451900 0.570300
vn 0.110000 -0.961800 0.250800
vn 0.308200 0.761300 -0.570400
vn 0.600500 0.224800 -0.767400
vn -0.197700 0.924300 -0.326600
vn 0.199000 0.696900 -0.689000
vn 0.467000 -0.857700 -0.215000
vn -0.579600 -0.129600 0.804500
vn 0.548300 0.194800 -0.813300
vn -0.525900 0.839300 0.138300
vn -0.605900 -0.166600 0.777900
vn 0.561200 -0.816000 -0.138500
f 1/1/1 2/2/2 3/3/3
f 1/1/1 3/3/3 4/4/4
f 5/5/5 6/6/6 7/7/7
f 5/5/5 7/7/7 8/8/8
f 9/9/9 10/10/10 11/11/11
f 9/9/9 11/11/11 12/12/12
f 13/13/13 14/14/14 15/15/15
f 13/13/13 15/15/15 16/16/16
f 17/17/17 1/1/1 4/4/4
f 17/17/17 4/4/4 18/18/18
f 19/19/19 9/9/9 12/12/12
f 19/19/19 12/12/12 20/20/20
f 21/21/21 13/13/13 16/16/16
f 21/21/21 16/16/16 22/22/22
f 23/23/23 17/17/17 18/18/18
f 23/23/23 18/18/18 24/24/24
f 2/2/2 19/19/19 20/20/20
f 2/2/2 20/20/20 3/3/3
f 10/10/10 21/21/21 22/22/22
f 10/10/10 22/22/22 11/11/11
f 14/14/14 23/23/23 24/24/24
f 14/14/14 24/24/24 15/15/15
f 22/22/22 16/16/16 25/25/25
f 22/22/22 25/25/25 26/26/26
f 27/27/27 28/28/28 29/29/29
f 27/27/27 29/29/29 30/30/30
f 31/31/31 32/32/32 33/33/33
f 31/31/31 33/33/33 34/34/34
f 35/35/35 5/5/5 8/8/8
f 35/35/35 8/8/8 36/36/36
f 37/37/37 31/31/31 34/34/34
f 37/37/37 34/34/34 38/38/38
f 39/39/39 35/35/35 36/36/36
f 39/39/39 36/36/36 40/40/40
f 6/6/6 41/41/41 42/42/42
f 6/6/6 42/42/42 7/7/7
f 41/41/41 27/27/27 30/30/30
f 41/41/41 30/30/30 42/42/42
f 32/32/32 39/39/39 40/40/40
f 32/32/32 40/40/40 33/33/33
f 43/43/43 44/44/44 45/45/45
f 43/43/43 45/45/45 46/46/46
f 18/18/18 4/4/4 47/47/47
f 18/18/18 47/47/47 48/48/48
f 20/20/20 12/12/12 49/49/49
f 20/20/20 49/49/49 50/50/50
f 28/28/28 37/37/37 38/38/38
f 28/28/28 38/38/38 29/29/29
f 24/24/24 18/18/18 48/48/48
f 24/24/24 48/48/48 51/51/51
f 3/3/3 20/20/20 50/50/50
f 3/3/3 50/50/50 52/52/52
f 11/11/11 22/22/22 26/26/26
f 11/11/11 26/26/26 53/53/53
f 15/15/15 24/24/24 51/51/51
f 15/15/15 51/51/51 54/54/54
f 4/4/4 3/3/3 52/52/52
f 4/4/4 52/52/52 47/47/47
f 12/12/12 11/11/11 53/53/53
f 12/12/12 53/53/53 49/49/49
f 55/55/55 56/56/56 57/57/57
f 55/55/55 57/57/57 58/58/58
f 59/59/59 43/43/43 46/46/46
f 59/59/59 46/46/46 60/60/60
f 61/61/61 62/62/62 63/63/63
f 61/61/61 63/63/63 64/64/64
f 62/62/62 65/65/65 66/66/66
f 62/62/62 66/66/66 63/63/63
f 67/67/67 59/59/59 60/60/60
f 67/67/67 60/60/60 68/68/68
f 44/44/44 61/61/61 64/64/64
f 44/44/44 64/64/64 45/45/45
f 65/65/65 69/69/69 70/70/70
f 65/65/65 70/70/70 66/66/66
f 57/57/57 67/67/67 68/68/68
f 57/57/57 68/68/68 71/71/71
f 72/72/72 71/71/71 68/68/68
f 72/72/72 68/68/68 60/60/60
f 72/72/72 60/60/60 46/46/46
f 72/72/72 46/46/46 45/45/45
f 72/72/72 45/45/45 64/64/64
f 72/72/72 64/64/64 63/63/63
f 72/72/72 63/63/63 66/66/66
f 72/72/72 66/66/66 70/70/70
f 73/73/73 74/74/74 59/59/59
f 73/73/73 59/59/59 67/67/67
f 75/75/75 76/76/76 61/61/61
f 75/75/75 61/61/61 44/44/44
f 77/77/77 78/78/78 69/69/69
f 77/77/77 69/69/69 65/65/65
f 56/56/56 73/73/73 67/67/67
f 56/56/56 67/67/67 57/57/57
f 79/79/79 75/75/75 44/44/44
f 79/79/79 44/44/44 43/43/43
f 80/80/80 77/77/77 65/65/65
f 80/80/80 65/65/65 62/62/62
f 78/78/78 55/55/55 58/58/58
f 78/78/78 58/58/58 69/69/69
f 74/74/74 79/79/79 43/43/43
f 74/74/74 43/43/43 59/59/59
f 76/76/76 80/80/80 62/62/62
f 76/76/76 62/62/62 61/61/61
f 69/69/69 58/58/58 72/72/72
f 69/69/69 72/72/72 70/70/70
f 25/25/25 54/54/54 37/37/37
f 25/25/25 37/37/37 28/28/28
f 26/26/26 25/25/25 28/28/28
f 26/26/26 28/28/28 27/27/27
f 53/53/53 26/26/26 27/27/27
f 53/53/53 27/27/27 41/41/41
f 49/49/49 53/53/53 41/41/41
f 49/49/49 41/41/41 6/6/6
f 50/50/50 49/49/49 6/6/6
f 50/50/50 6/6/6 5/5/5
f 52/52/52 50/50/50 5/5/5
f 52/52/52 5/5/5 35/35/35
f 47/47/47 52/52/52 35/35/35
f 47/47/47 35/35/35 39/39/39
f 48/48/48 47/47/47 39/39/39
f 48/48/48 39/39/39 32/32/32
f 51/51/51 48/48/48 32/32/32
f 51/51/51 32/32/32 31/31/31
f 54/54/54 51/51/51 31/31/31
f 54/54/54 31/31/31 37/37/37
f 16/16/16 15/15/15 54/54/54
f 16/16/16 54/54/54 25/25/25
f 81/81/81 82/82/82 83/83/83
f 81/81/81 83/83/83 84/84/84
f 85/85/85 86/86/86 87/87/87
f 85/85/85 87/87/87 88/88/88
f 89/89/89 90/90/90 91/91/91
f 89/89/89 91/91/91 92/92/92
f 93/93/93 81/81/81 84/84/84
f 93/93/93 84/84/84 94/94/94
f 95/95/95 85/85/85 88/88/88
f 95/95/95 88/88/88 96/96/96
f 97/97/97 89/89/89 92/92/92
f 97/97/97 92/92/92 98/98/98
f 99/99/99 93/93/93 94/94/94
f 99/99/99 94/94/94 100/100/100
f 82/82/82 95/95/95 96/96/96
f 82/82/82 96/96/96 83/83/83
f 86/86/86 97/97/97 98/98/98
f 86/86/86 98/98/98 87/87/87
f 90/90/90 99/99/99 100/100/100
f 90/90/90 100/100/100 91/91/91
f 88/88/88 87/87/87 101/101/101
f 88/88/88 101/101/101 102/102/102
f 92/92/92 91/91/91 103/103/103
f 92/92/92 103/103/103 104/104/104
f 94/94/94 84/84/84 105/105/105
f 94/94/94 105/105/105 106/106/106
f 96/96/96 88/88/88 102/102/102
f 96/96/96 102/102/102 107/107/107
f 98/98/98 92/92/92 104/104/104
f 98/98/98 104/104/104 108/108/108
f 100/100/100 94/94/94 106/106/106
f 100/100/100 106/106/106 109/109/109
f 83/83/83 96/96/96 107/107/107
f 83/83/83 107/107/107 110/110/110
f 87/87/87 98/98/98 108/108/108
f 87/87/87 108/108/108 101/101/101
f 91/91/91 100/100/100 109/109/109
f 91/91/91 109/109/109 103/103/103
f 84/84/84 83/83/83 110/110/110
f 84/84/84 110/110/110 105/105/105
f 104/104/104 103/103/103 111/111/111
f 104/104/104 111/111/111 112/112/112
f 106/106/106 105/105/105 113/113/113
f 106/106/106 113/113/113 114/114/114
f 107/107/107 102/102/102 115/115/115
f 107/107/107 115/115/115 116/116/116
f 108/108/108 104/104/104 112/112/112
f 108/108/108 112/112/112 117/117/117
f 109/109/109 106/106/106 114/114/114
f 109/109/109 114/114/114 118/118/118
f 110/110/110 107/107/107 116/116/116
f 110/110/110 116/116/116 119/119/119
f 101/101/101 108/108/108 117/117/117
f 101/101/101 117/117/117 120/120/120
f 103/103/103 109/109/109 118/118/118
f 103/103/103 118/118/118 111/111/111
f 105/105/105 110/110/110 119/119/119
f 105/105/105 119/119/119 113/113/113
f 102/102/102 101/101/101 120/120/120
f 102/102/102 120/120/120 115/115/115
f 114/114/114 113/113/113 121/121/121
f 114/114/114 121/121/121 122/122/122
f 116/116/116 115/115/115 123/123/123
f 116/116/116 123/123/123 124/124/124
f 117/117/117 112/112/112 125/125/125
f 117/117/117 125/125/125 126/126/126
f 118/118/118 114/114/114 122/122/122
f 118/118/118 122/122/122 127/127/127
f 119/119/119 116/116/116 124/124/124
f 119/119/119 124/124/124 128/128/128
f 120/120/120 117/117/117 126/126/126
f 120/120/120 126/126/126 129/129/129
f 111/111/111 118/118/118 127/127/127
f 111/111/111 127/127/127 130/130/130
f 113/113/113 119/119/119 128/128/128
f 113/113/113 128/128/128 121/121/121
f 115/115/115 120/120/120 129/129/129
f 115/115/115 129/129/129 123/123/123
f 112/112/112 111/111/111 130/130/130
f 112/112/112 130/130/130 125/125/125
f 124/124/124 123/123/123 131/131/131
f 124/124/124 131/131/131 132/132/132
f 126/126/126 125/125/125 133/133/133
f 126/126/126 133/133/133 134/134/134
f 127/127/127 122/122/122 135/135/135
f 127/127/127 135/135/135 136/136/136
f 128/128/128 124/124/124 132/132/132
f 128/128/128 132/132/132 137/137/137
f 129/129/129 126/126/126 134/134/134
f 129/129/129 134/134/134 138/138/138
f 130/130/130 127/127/127 136/136/136
f 130/130/130 136/136/136 139/139/139
f 121/121/121 128/128/128 137/137/137
f 121/121/121 137/137/137 140/140/140
f 123/123/123 129/129/129 138/138/138
f 123/123/123 138/138/138 131/131/131
f 125/125/125 130/130/130 139/139/139
f 125/125/125 139/139/139 133/133/133
f 122/122/122 121/121/121 140/140/140
f 122/122/122 140/140/140 135/135/135
f 141/141/141 142/142/142 143/143/143
f 141/141/141 143/143/143 144/144/144
f 145/145/145 146/146/146 147/147/147
f 145/145/145 147/147/147 148/148/148
f 149/149/149 150/150/150 151/151/151
f 149/149/149 151/151/151 152/152/152
f 153/153/153 154/154/154 142/142/142
f 153/153/153 142/142/142 141/141/141
f 155/155/155 156/156/156 146/146/146
f 155/155/155 146/146/146 145/145/145
f 157/157/157 158/158/158 150/150/150
f 157/157/157 150/150/150 149/149/149
f 159/159/159 160/160/160 154/154/154
f 159/159/159 154/154/154 153/153/153
f 144/144/144 143/143/143 156/156/156
f 144/144/144 156/156/156 155/155/155
f 148/148/148 147/147/147 158/158/158
f 148/148/148 158/158/158 157/157/157
f 152/152/152 151/151/151 160/160/160
f 152/152/152 160/160/160 159/159/159
f 146/146/146 161/161/161 162/162/162
f 146/146/146 162/162/162 147/147/147
f 150/150/150 163/163/163 164/164/164
f 150/150/150 164/164/164 151/151/151
f 154/154/154 165/165/165 166/166/166
f 154/154/154 166/166/166 142/142/142
f 156/156/156 167/167/167 161/161/161
f 156/156/156 161/161/161 146/146/146
f 158/158/158 168/168/168 163/163/163
f 158/158/158 163/163/163 150/150/150
f 160/160/160 169/169/169 165/165/165
f 160/160/160 165/165/165 154/154/154
f 143/143/143 170/170/170 167/167/167
f 143/143/143 167/167/167 156/156/156
f 147/147/147 162/162/162 168/168/168
f 147/147/147 168/168/168 158/158/158
f 151/151/151 164/164/164 169/169/169
f 151/151/151 169/169/169 160/160/160
f 142/142/142 166/166/166 170/170/170
f 142/142/142 170/170/170 143/143/143
f 155/155/155 145/145/145 171/171/171
f 155/155/155 171/171/171 172/172/172
f 157/157/157 149/149/149 173/173/173
f 157/157/157 173/173/173 174/174/174
f 159/159/159 153/153/153 175/175/175
f 159/159/159 175/175/175 176/176/176
f 144/144/144 155/155/155 172/172/172
f 144/144/144 172/172/172 177/177/177
f 148/148/148 157/157/157 174/174/174
f 148/148/148 174/174/174 178/178/178
f 152/152/152 159/159/159 176/176/176
f 152/152/152 176/176/176 179/179/179
f 141/141/141 144/144/144 177/177/177
f 141/141/141 177/177/177 180/180/180
f 145/145/145 148/148/148 178/178/178
f 145/145/145 178/178/178 171/171/171
f 149/149/149 152/152/152 179/179/179
f 149/149/149 179/179/179 173/173/173
f 153/153/153 141/141/141 180/180/180
f 153/153/153 180/180/180 175/175/175
f 168/168/168 162/162/162 161/161/161
f 168/168/168 161/161/161 167/167/167
f 168/168/168 167/167/167 170/170/170
f 168/168/168 170/170/170 166/166/166
f 168/168/168 166/166/166 165/165/165
f 168/168/168 165/165/165 169/169/169
f 168/168/168 169/169/169 164/164/164
f 168/168/168 164/164/164 163/163/163
f 181/181/181 182/182/182 183/183/183
f 181/181/181 183/183/183 184/184/184
f 185/185/185 186/186/186 187/187/187
f 185/185/185 187/187/187 188/188/188
f 189/189/189 190/190/190 191/191/191
f 189/189/189 191/191/191 192/192/192
f 193/193/193 181/181/181 184/184/184
f 193/193/193 184/184/184 194/194/194
f 195/195/195 185/185/185 188/188/188
f 195/195/195 188/188/188 196/196/196
f 197/197/197 189/189/189 192/192/192
f 197/197/197 192/192/192 198/198/198
f 199/199/199 193/193/193 194/194/194
f 199/199/199 194/194/194 200/200/200
f 182/182/182 195/195/195 196/196/196
f 182/182/182 196/196/196 183/183/183
f 186/186/186 197/197/197 198/198/198
f 186/186/186 198/198/198 187/187/187
f 190/190/190 199/199/199 200/200/200
f 190/190/190 200/200/200 191/191/191
f 188/188/188 187/187/187 201/201/201
f 188/188/188 201/201/201 202/202/202
f 192/192/192 191/191/191 203/203/203
f 192/192/192 203/203/203 204/204/204
f 194/194/194 184/184/184 205/205/205
f 194/194/194 205/205/205 206/206/206
f 196/196/196 188/188/188 202/202/202
f 196/196/196 202/202/202 207/207/207
f 198/198/198 192/192/192 204/204/204
f 198/198/198 204/204/204 208/208/208
f 200/200/200 194/194/194 206/206/206
f 200/200/200 206/206/206 209/209/209
f 183/183/183 196/196/196 207/207/207
f 183/183/183 207/207/207 210/210/210
f 187/187/187 198/198/198 208/208/208
f 187/187/187 208/208/208 201/201/201
f 191/191/191 200/200/200 209/209/209
f 191/191/191 209/209/209 203/203/203
f 184/184/184 183/183/183 210/210/210
f 184/184/184 210/210/210 205/205/205
f 204/204/204 203/203/203 211/211/211
f 204/204/204 211/211/211 212/212/212
f 206/206/206 205/205/205 213/213/213
f 206/206/206 213/213/213 214/214/214
f 207/207/207 202/202/202 215/215/215
f 207/207/207 215/215/215 216/216/216
f 208/208/208 204/204/204 212/212/212
f 208/208/208 212/212/212 217/217/217
f 209/209/209 206/206/206 214/214/214
f 209/209/209 214/214/214 218/218/218
f 210/210/210 207/207/207 216/216/216
f 210/210/210 216/216/216 219/219/219
f 201/201/201 208/208/208 217/217/217
f 201/201/201 217/217/217 220/220/220
f 203/203/203 209/209/209 218/218/218
f 203/203/203 218/218/218 211/211/211
f 205/205/205 210/210/210 219/219/219
f 205/205/205 219/219/219 213/213/213
f 202/202/202 201/201/201 220/220/220
f 202/202/202 220/220/220 215/215/215
f 214/214/214 213/213/213 221/221/221
f 214/214/214 221/221/221 222/222/222
f 216/216/216 215/215/215 223/223/223
f 216/216/216 223/223/223 224/224/224
f 217/217/217 212/212/212 225/225/225
f 217/217/217 225/225/225 226/226/226
f 218/218/218 214/214/214 222/222/222
f 218/218/218 222/222/222 227/227/227
f 219/219/219 216/216/216 224/224/224
f 219/219/219 224/224/224 228/228/228
f 220/220/220 217/217/217 226/226/226
f 220/220/220 226/226/226 229/229/229
f 211/211/211 218/218/218 227/227/227
f 211/211/211 227/227/227 230/230/230
f 213/213/213 219/219/219 228/228/228
f 213/213/213 228/228/228 221/221/221
f 215/215/215 220/220/220 229/229/229
f 215/215/215 229/229/229 223/223/223
f 212/212/212 211/211/211 230/230/230
f 212/212/212 230/230/230 225/225/225
f 224/224/224 223/223/223 231/231/231
f 224/224/224 231/231/231 232/232/232
f 226/226/226 225/225/225 233/233/233
f 226/226/226 233/233/233 234/234/234
f 227/227/227 222/222/222 235/235/235
f 227/227/227 235/235/235 236/236/236
f 228/228/228 224/224/224 232/232/232
f 228/228/228 232/232/232 237/237/237
f 229/229/229 226/226/226 234/234/234
f 229/229/229 234/234/234 238/238/238
f 230/230/230 227/227/227 236/236/236
f 230/230/230 236/236/236 239/239/239
f 221/221/221 228/228/228 237/237/237
f 221/221/221 237/237/237 240/240/240
f 223/223/223 229/229/229 238/238/238
f 223/223/223 238/238/238 231/231/231
f 225/225/225 230/230/230 239/239/239
f 225/225/225 239/239/239 233/233/233
f 222/222/222 221/221/221 240/240/240
f 222/222/222 240/240/240 235/235/235
f 241/241/241 242/242/242 243/243/243
f 241/241/241 243/243/243 244/244/244
f 245/245/245 246/246/246 247/247/247
f 245/245/245 247/247/247 248/248/248
f 249/249/249 250/250/250 251/251/251
f 249/249/249 251/251/251 252/252/252
f 242/242/242 253/253/253 254/254/254
f 242/242/242 254/254/254 243/243/243
f 246/246/246 255/255/255 256/256/256
f 246/246/246 256/256/256 247/247/247
f 250/250/250 257/257/257 258/258/258
f 250/250/250 258/258/258 251/251/251
f 253/253/253 259/259/259 260/260/260
f 253/253/253 260/260/260 254/254/254
f 255/255/255 241/241/241 244/244/244
f 255/255/255 244/244/244 256/256/256
f 257/257/257 245/245/245 248/248/248
f 257/257/257 248/248/248 258/258/258
f 259/259/259 249/249/249 252/252/252
f 259/259/259 252/252/252 260/260/260
f 244/244/244 243/243/243 23/23/23
f 244/244/244 23/23/23 14/14/14
f 248/248/248 247/247/247 21/21/21
f 248/248/248 21/21/21 10/10/10
f 252/252/252 251/251/251 19/19/19
f 252/252/252 19/19/19 2/2/2
f 243/243/243 254/254/254 17/17/17
f 243/243/243 17/17/17 23/23/23
f 247/247/247 256/256/256 13/13/13
f 247/247/247 13/13/13 21/21/21
f 251/251/251 258/258/258 9/9/9
f 251/251/251 9/9/9 19/19/19
f 254/254/254 260/260/260 1/1/1
f 254/254/254 1/1/1 17/17/17
f 256/256/256 244/244/244 14/14/14
f 256/256/256 14/14/14 13/13/13
f 258/258/258 248/248/248 10/10/10
f 258/258/258 10/10/10 9/9/9
f 260/260/260 252/252/252 2/2/2
f 260/260/260 2/2/2 1/1/1
f 261/261/261 262/262/262 263/263/263
f 261/261/261 263/263/263 264/264/264
f 265/265/265 266/266/266 267/267/267
f 265/265/265 267/267/267 268/268/268
f 269/269/269 270/270/270 271/271/271
f 269/269/269 271/271/271 272/272/272
f 273/273/273 261/261/261 264/264/264
f 273/273/273 264/264/264 274/274/274
f 275/275/275 265/265/265 268/268/268
f 275/275/275 268/268/268 276/276/276
f 277/277/277 269/269/269 272/272/272
f 277/277/277 272/272/272 278/278/278
f 279/279/279 273/273/273 274/274/274
f 279/279/279 274/274/274 280/280/280
f 262/262/262 275/275/275 276/276/276
f 262/262/262 276/276/276 263/263/263
f 266/266/266 277/277/277 278/278/278
f 266/266/266 278/278/278 267/267/267
f 270/270/270 279/279/279 280/280/280
f 270/270/270 280/280/280 271/271/271
f 268/268/268 267/267/267 281/281/281
f 268/268/268 281/281/281 282/282/282
f 272/272/272 271/271/271 283/283/283
f 272/272/272 283/283/283 284/284/284
f 274/274/274 264/264/264 285/285/285
f 274/274/274 285/285/285 286/286/286
f 276/276/276 268/268/268 282/282/282
f 276/276/276 282/282/282 287/287/287
f 278/278/278 272/272/272 284/284/284
f 278/278/278 284/284/284 288/288/288
f 280/280/280 274/274/274 286/286/286
f 280/280/280 286/286/286 289/289/289
f 263/263/263 276/276/276 287/287/287
f 263/263/263 287/287/287 290/290/290
f 267/267/267 278/278/278 288/288/288
f 267/267/267 288/288/288 281/281/281
f 271/271/271 280/280/280 289/289/289
f 271/271/271 289/289/289 283/283/283
f 264/264/264 263/263/263 290/290/290
f 264/264/264 290/290/290 285/285/285
f 284/284/284 283/283/283 291/291/291
f 284/284/284 291/291/291 292/292/292
f 286/286/286 285/285/285 293/293/293
f 286/286/286 293/293/293 294/294/294
f 287/287/287 282/282/282 295/295/295
f 287/287/287 295/295/295 296/296/296
f 288/288/288 284/284/284 292/292/292
f 288/288/288 292/292/292 297/297/297
f 289/289/289 286/286/286 294/294/294
f 289/289/289 294/294/294 298/298/298
f 290/290/290 287/287/287 296/296/296
f 290/290/290 296/296/296 299/299/299
f 281/281/281 288/288/288 297/297/297
f 281/281/281 297/297/297 300/300/300
f 283/283/283 289/289/289 298/298/298
f 283/283/283 298/298/298 291/291/291
f 285/285/285 290/290/290 299/299/299
f 285/285/285 299/299/299 293/293/293
f 282/282/282 281/281/281 300/300/300
f 282/282/282 300/300/300 295/295/295
f 294/294/294 293/293/293 301/301/301
f 294/294/294 301/301/301 302/302/302
f 296/296/296 295/295/295 303/303/303
f 296/296/296 303/303/303 304/304/304
f 297/297/297 292/292/292 305/305/305
f 297/297/297 305/305/305 306/306/306
f 298/298/298 294/294/294 302/302/302
f 298/298/298 302/302/302 307/307/307
f 299/299/299 296/296/296 304/304/304
f 299/299/299 304/304/304 308/308/308
f 300/300/300 297/297/297 306/306/306
f 300/300/300 306/306/306 309/309/309
f 291/291/291 298/298/298 307/307/307
f 291/291/291 307/307/307 310/310/310
f 293/293/293 299/299/299 308/308/308
f 293/293/293 308/308/308 301/301/301
f 295/295/295 300/300/300 309/309/309
f 295/295/295 309/309/309 303/303/303
f 292/292/292 291/291/291 310/310/310
f 292/292/292 310/310/310 305/305/305
f 304/304/304 303/303/303 311/311/311
f 304/304/304 311/311/311 312/312/312
f 306/306/306 305/305/305 313/313/313
f 306/306/306 313/313/313 314/314/314
f 307/307/307 302/302/302 315/315/315
f 307/307/307 315/315/315 316/316/316
f 308/308/308 304/304/304 312/312/312
f 308/308/308 312/312/312 317/317/317
f 309/309/309 306/306/306 314/314/314
f 309/309/309 314/314/314 318/318/318
f 310/310/310 307/307/307 316/316/316
f 310/310/310 316/316/316 319/319/319
f 301/301/301 308/308/308 317/317/317
f 301/301/301 317/317/317 320/320/320
f 303/303/303 309/309/309 318/318/318
f 303/303/303 318/318/318 311/311/311
f 305/305/305 310/310/310 319/319/319
f 305/305/305 319/319/319 313/313/313
f 302/302/302 301/301/301 320/320/320
f 302/302/302 320/320/320 315/315/315
f 321/321/321 322/322/322 323/323/323
f 321/321/321 323/323/323 324/324/324
f 325/325/325 326/326/326 327/327/327
f 325/325/325 327/327/327 328/328/328
f 329/329/329 330/330/330 331/331/331
f 329/329/329 331/331/331 332/332/332
f 333/333/333 334/334/334 322/322/322
f 333/333/333 322/322/322 321/321/321
f 335/335/335 336/336/336 326/326/326
f 335/335/335 326/326/326 325/325/325
f 337/337/337 338/338/338 330/330/330
f 337/337/337 330/330/330 329/329/329
f 339/339/339 340/340/340 334/334/334
f 339/339/339 334/334/334 333/333/333
f 324/324/324 323/323/323 336/336/336
f 324/324/324 336/336/336 335/335/335
f 328/328/328 327/327/327 338/338/338
f 328/328/328 338/338/338 337/337/337
f 332/332/332 331/331/331 340/340/340
f 332/332/332 340/340/340 339/339/339
f 326/326/326 341/341/341 342/342/342
f 326/326/326 342/342/342 327/327/327
f 330/330/330 343/343/343 344/344/344
f 330/330/330 344/344/344 331/331/331
f 334/334/334 345/345/345 346/346/346
f 334/334/334 346/346/346 322/322/322
f 336/336/336 347/347/347 341/341/341
f 336/336/336 341/341/341 326/326/326
f 338/338/338 348/348/348 343/343/343
f 338/338/338 343/343/343 330/330/330
f 340/340/340 349/349/349 345/345/345
f 340/340/340 345/345/345 334/334/334
f 323/323/323 350/350/350 347/347/347
f 323/323/323 347/347/347 336/336/336
f 327/327/327 342/342/342 348/348/348
f 327/327/327 348/348/348 338/338/338
f 331/331/331 344/344/344 349/349/349
f 331/331/331 349/349/349 340/340/340
f 322/322/322 346/346/346 350/350/350
f 322/322/322 350/350/350 323/323/323
f 335/335/335 325/325/325 351/351/351
f 335/335/335 351/351/351 352/352/352
f 337/337/337 329/329/329 353/353/353
f 337/337/337 353/353/353 354/354/354
f 339/339/339 333/333/333 355/355/355
f 339/339/339 355/355/355 356/356/356
f 324/324/324 335/335/335 352/352/352
f 324/324/324 352/352/352 357/357/357
f 328/328/328 337/337/337 354/354/354
f 328/328/328 354/354/354 358/358/358
f 332/332/332 339/339/339 356/356/356
f 332/332/332 356/356/356 359/359/359
f 321/321/321 324/324/324 357/357/357
f 321/321/321 357/357/357 360/360/360
f 325/325/325 328/328/328 358/358/358
f 325/325/325 358/358/358 351/351/351
f 329/329/329 332/332/332 359/359/359
f 329/329/329 359/359/359 353/353/353
f 333/333/333 321/321/321 360/360/360
f 333/333/333 360/360/360 355/355/355
f 348/348/348 342/342/342 341/341/341
f 348/348/348 341/341/341 347/347/347
f 348/348/348 347/347/347 350/350/350
f 348/348/348 350/350/350 346/346/346
f 348/348/348 346/346/346 345/345/345
f 348/348/348 345/345/345 349/349/349
f 348/348/348 349/349/349 344/344/344
f 348/348/348 344/344/344 343/343/343
f 138/138/138 134/134/134 133/133/133
f 138/138/138 133/133/133 139/139/139
f 138/138/138 139/139/139 136/136/136
f 138/138/138 136/136/136 135/135/135
f 138/138/138 135/135/135 140/140/140
f 138/138/138 140/140/140 137/137/137
f 138/138/138 137/137/137 132/132/132
f 138/138/138 132/132/132 131/131/131
f 318/318/318 314/314/314 313/313/313
f 318/318/318 313/313/313 319/319/319
f 318/318/318 319/319/319 316/316/316
f 318/318/318 316/316/316 315/315/315
f 318/318/318 315/315/315 320/320/320
f 318/318/318 320/320/320 317/317/317
f 318/318/318 317/317/317 312/312/312
f 318/318/318 312/312/312 311/311/311
f 238/238/238 234/234/234 233/233/233
f 238/238/238 233/233/233 239/239/239
f 238/238/238 239/239/239 236/236/236
f 238/238/238 236/236/236 235/235/235
f 238/238/238 235/235/235 240/240/240
f 238/238/238 240/240/240 237/237/237
f 238/238/238 237/237/237 232/232/232
f 238/238/238 232/232/232 231/231/231
f 361/361/361 362/362/362 363/363/363
f 361/361/361 363/363/363 364/364/364
f 365/365/365 366/366/366 367/367/367
f 365/365/365 367/367/367 368/368/368
f 369/369/369 370/370/370 371/371/371
f 369/369/369 371/371/371 372/372/372
f 373/373/373 361/361/361 364/364/364
f 373/373/373 364/364/364 374/374/374
f 375/375/375 365/365/365 368/368/368
f 375/375/375 368/368/368 376/376/376
f 377/377/377 369/369/369 372/372/372
f 377/377/377 372/372/372 378/378/378
f 379/379/379 373/373/373 374/374/374
f 379/379/379 374/374/374 380/380/380
f 362/362/362 375/375/375 376/376/376
f 362/362/362 376/376/376 363/363/363
f 366/366/366 377/377/377 378/378/378
f 366/366/366 378/378/378 367/367/367
f 370/370/370 379/379/379 380/380/380
f 370/370/370 380/380/380 371/371/371
f 368/368/368 367/367/367 381/381/381
f 368/368/368 381/381/381 382/382/382
f 372/372/372 371/371/371 383/383/383
f 372/372/372 383/383/383 384/384/384
f 374/374/374 364/364/364 385/385/385
f 374/374/374 385/385/385 386/386/386
f 376/376/376 368/368/368 382/382/382
f 376/376/376 382/382/382 387/387/387
f 378/378/378 372/372/372 384/384/384
f 378/378/378 384/384/384 388/388/388
f 380/380/380 374/374/374 386/386/386
f 380/380/380 386/386/386 389/389/389
f 363/363/363 376/376/376 387/387/387
f 363/363/363 387/387/387 390/390/390
f 367/367/367 378/378/378 388/388/388
f 367/367/367 388/388/388 381/381/381
f 371/371/371 380/380/380 389/389/389
f 371/371/371 389/389/389 383/383/383
f 364/364/364 363/363/363 390/390/390
f 364/364/364 390/390/390 385/385/385
f 384/384/384 383/383/383 391/391/391
f 384/384/384 391/391/391 392/392/392
f 386/386/386 385/385/385 393/393/393
f 386/386/386 393/393/393 394/394/394
f 387/387/387 382/382/382 395/395/395
f 387/387/387 395/395/395 396/396/396
f 388/388/388 384/384/384 392/392/392
f 388/388/388 392/392/392 397/397/397
f 389/389/389 386/386/386 394/394/394
f 389/389/389 394/394/394 398/398/398
f 390/390/390 387/387/387 396/396/396
f 390/390/390 396/396/396 399/399/399
f 381/381/381 388/388/388 397/397/397
f 381/381/381 397/397/397 400/400/400
f 383/383/383 389/389/389 398/398/398
f 383/383/383 398/398/398 391/391/391
f 385/385/385 390/390/390 399/399/399
f 385/385/385 399/399/399 393/393/393
f 382/382/382 381/381/381 400/400/400
f 382/382/382 400/400/400 395/395/395
f 394/394/394 393/393/393 401/401/401
f 394/394/394 401/401/401 402/402/402
f 396/396/396 395/395/395 403/403/403
f 396/396/396 403/403/403 404/404/404
f 397/397/397 392/392/392 405/405/405
f 397/397/397 405/405/405 406/406/406
f 398/398/398 394/394/394 402/402/402
f 398/398/398 402/402/402 407/407/407
f 399/399/399 396/396/396 404/404/404
f 399/399/399 404/404/404 408/408/408
f 400/400/400 397/397/397 406/406/406
f 400/400/400 406/406/406 409/409/409
f 391/391/391 398/398/398 407/407/407
f 391/391/391 407/407/407 410/410/410
f 393/393/393 399/399/399 408/408/408
f 393/393/393 408/408/408 401/401/401
f 395/395/395 400/400/400 409/409/409
f 395/395/395 409/409/409 403/403/403
f 392/392/392 391/391/391 410/410/410
f 392/392/392 410/410/410 405/405/405
f 404/404/404 403/403/403 411/411/411
f 404/404/404 411/411/411 412/412/412
f 406/406/406 405/405/405 413/413/413
f 406/406/406 413/413/413 414/414/414
f 407/407/407 402/402/402 415/415/415
f 407/407/407 415/415/415 416/416/416
f 408/408/408 404/404/404 412/412/412
f 408/408/408 412/412/412 417/417/417
f 409/409/409 406/406/406 414/414/414
f 409/409/409 414/414/414 418/418/418
f 410/410/410 407/407/407 416/416/416
f 410/410/410 416/416/416 419/419/419
f 401/401/401 408/408/408 417/417/417
f 401/401/401 417/417/417 420/420/420
f 403/403/403 409/409/409 418/418/418
f 403/403/403 418/418/418 411/411/411
f 405/405/405 410/410/410 419/419/419
f 405/405/405 419/419/419 413/413/413
f 402/402/402 401/401/401 420/420/420
f 402/402/402 420/420/420 415/415/415
f 421/421/421 422/422/422 423/423/423
f 421/421/421 423/423/423 424/424/424
f 425/425/425 426/426/426 427/427/427
f 425/425/425 427/427/427 428/428/428
f 429/429/429 430/430/430 431/431/431
f 429/429/429 431/431/431 432/432/432
f 433/433/433 434/434/434 422/422/422
f 433/433/433 422/422/422 421/421/421
f 435/435/435 436/436/436 426/426/426
f 435/435/435 426/426/426 425/425/425
f 437/437/437 438/438/438 430/430/430
f 437/437/437 430/430/430 429/429/429
f 439/439/439 440/440/440 434/434/434
f 439/439/439 434/434/434 433/433/433
f 424/424/424 423/423/423 436/436/436
f 424/424/424 436/436/436 435/435/435
f 428/428/428 427/427/427 438/438/438
f 428/428/428 438/438/438 437/437/437
f 432/432/432 431/431/431 440/440/440
f 432/432/432 440/440/440 439/439/439
f 426/426/426 441/441/441 442/442/442
f 426/426/426 442/442/442 427/427/427
f 430/430/430 443/443/443 444/444/444
f 430/430/430 444/444/444 431/431/431
f 434/434/434 445/445/445 446/446/446
f 434/434/434 446/446/446 422/422/422
f 436/436/436 447/447/447 441/441/441
f 436/436/436 441/441/441 426/426/426
f 438/438/438 448/448/448 443/443/443
f 438/438/438 443/443/443 430/430/430
f 440/440/440 449/449/449 445/445/445
f 440/440/440 445/445/445 434/434/434
f 423/423/423 450/450/450 447/447/447
f 423/423/423 447/447/447 436/436/436
f 427/427/427 442/442/442 448/448/448
f 427/427/427 448/448/448 438/438/438
f 431/431/431 444/444/444 449/449/449
f 431/431/431 449/449/449 440/440/440
f 422/422/422 446/446/446 450/450/450
f 422/422/422 450/450/450 423/423/423
f 435/435/435 425/425/425 451/451/451
f 435/435/435 451/451/451 452/452/452
f 437/437/437 429/429/429 453/453/453
f 437/437/437 453/453/453 454/454/454
f 439/439/439 433/433/433 455/455/455
f 439/439/439 455/455/455 456/456/456
f 424/424/424 435/435/435 452/452/452
f 424/424/424 452/452/452 457/457/457
f 428/428/428 437/437/437 454/454/454
f 428/428/428 454/454/454 458/458/458
f 432/432/432 439/439/439 456/456/456
f 432/432/432 456/456/456 459/459/459
f 421/421/421 424/424/424 457/457/457
f 421/421/421 457/457/457 460/460/460
f 425/425/425 428/428/428 458/458/458
f 425/425/425 458/458/458 451/451/451
f 429/429/429 432/432/432 459/459/459
f 429/429/429 459/459/459 453/453/453
f 433/433/433 421/421/421 460/460/460
f 433/433/433 460/460/460 455/455/455
f 448/448/448 442/442/442 441/441/441
f 448/448/448 441/441/441 447/447/447
f 448/448/448 447/447/447 450/450/450
f 448/448/448 450/450/450 446/446/446
f 448/448/448 446/446/446 445/445/445
f 448/448/448 445/445/445 449/449/449
f 448/448/448 449/449/449 444/444/444
f 448/448/448 444/444/444 443/443/443
f 418/418/418 414/414/414 413/413/413
f 418/418/418 413/413/413 419/419/419
f 418/418/418 419/419/419 416/416/416
f 418/418/418 416/416/416 415/415/415
f 418/418/418 415/415/415 420/420/420
f 418/418/418 420/420/420 417/417/417
f 418/418/418 417/417/417 412/412/412
f 418/418/418 412/412/412 411/411/411
f 57/57/57 71/71/71 72/72/72
f 57/57/57 72/72/72 58/58/58
f 461/461/461 462/462/462 463/463/463
f 461/461/461 463/463/463 464/464/464
f 465/465/465 466/466/466 467/467/467
f 465/465/465 467/467/467 468/468/468
f 469/469/469 470/470/470 471/471/471
f 469/469/469 471/471/471 472/472/472
f 473/473/473 461/461/461 464/464/464
f 473/473/473 464/464/464 474/474/474
f 475/475/475 465/465/465 468/468/468
f 475/475/475 468/468/468 476/476/476
f 477/477/477 469/469/469 472/472/472
f 477/477/477 472/472/472 478/478/478
f 479/479/479 473/473/473 474/474/474
f 479/479/479 474/474/474 480/480/480
f 462/462/462 475/475/475 476/476/476
f 462/462/462 476/476/476 463/463/463
f 466/466/466 477/477/477 478/478/478
f 466/466/466 478/478/478 467/467/467
f 470/470/470 479/479/479 480/480/480
f 470/470/470 480/480/480 471/471/471
f 468/468/468 467/467/467 481/481/481
f 468/468/468 481/481/481 482/482/482
f 472/472/472 471/471/471 483/483/483
f 472/472/472 483/483/483 484/484/484
f 474/474/474 464/464/464 485/485/485
f 474/474/474 485/485/485 486/486/486
f 476/476/476 468/468/468 482/482/482
f 476/476/476 482/482/482 487/487/487
f 478/478/478 472/472/472 484/484/484
f 478/478/478 484/484/484 488/488/488
f 480/480/480 474/474/474 486/486/486
f 480/480/480 486/486/486 489/489/489
f 463/463/463 476/476/476 487/487/487
f 463/463/463 487/487/487 490/490/490
f 467/467/467 478/478/478 488/488/488
f 467/467/467 488/488/488 481/481/481
f 471/471/471 480/480/480 489/489/489
f 471/471/471 489/489/489 483/483/483
f 464/464/464 463/463/463 490/490/490
f 464/464/464 490/490/490 485/485/485
f 484/484/484 483/483/483 491/491/491
f 484/484/484 491/491/491 492/492/492
f 486/486/486 485/485/485 493/493/493
f 486/486/486 493/493/493 494/494/494
f 487/487/487 482/482/482 495/495/495
f 487/487/487 495/495/495 496/496/496
f 488/488/488 484/484/484 492/492/492
f 488/488/488 492/492/492 497/497/497
f 489/489/489 486/486/486 494/494/494
f 489/489/489 494/494/494 498/498/498
f 490/490/490 487/487/487 496/496/496
f 490/490/490 496/496/496 499/499/499
f 481/481/481 488/488/488 497/497/497
f 481/481/481 497/497/497 500/500/500
f 483/483/483 489/489/489 498/498/498
f 483/483/483 498/498/498 491/491/491
f 485/485/485 490/490/490 499/499/499
f 485/485/485 499/499/499 493/493/493
f 482/482/482 481/481/481 500/500/500
f 482/482/482 500/500/500 495/495/495
f 494/494/494 493/493/493 501/501/501
f 494/494/494 501/501/501 502/502/502
f 496/496/496 495/495/495 503/503/503
f 496/496/496 503/503/503 504/504/504
f 497/497/497 492/492/492 505/505/505
f 497/497/497 505/505/505 506/506/506
f 498/498/498 494/494/494 502/502/502
f 498/498/498 502/502/502 507/507/507
f 499/499/499 496/496/496 504/504/504
f 499/499/499 504/504/504 508/508/508
f 500/500/500 497/497/497 506/506/506
f 500/500/500 506/506/506 509/509/509
f 491/491/491 498/498/498 507/507/507
f 491/491/491 507/507/507 510/510/510
f 493/493/493 499/499/499 508/508/508
f 493/493/493 508/508/508 501/501/501
f 495/495/495 500/500/500 509/509/509
f 495/495/495 509/509/509 503/503/503
f 492/492/492 491/491/491 510/510/510
f 492/492/492 510/510/510 505/505/505
f 504/504/504 503/503/503 511/511/511
f 504/504/504 511/511/511 512/512/512
f 506/506/506 505/505/505 513/513/513
f 506/506/506 513/513/513 514/514/514
f 507/507/507 502/502/502 515/515/515
f 507/507/507 515/515/515 516/516/516
f 508/508/508 504/504/504 512/512/512
f 508/508/508 512/512/512 517/517/517
f 509/509/509 506/506/506 514/514/514
f 509/509/509 514/514/514 518/518/518
f 510/510/510 507/507/507 516/516/516
f 510/510/510 516/516/516 519/519/519
f 501/501/501 508/508/508 517/517/517
f 501/501/501 517/517/517 520/520/520
f 503/503/503 509/509/509 518/518/518
f 503/503/503 518/518/518 511/511/511
f 505/505/505 510/510/510 519/519/519
f 505/505/505 519/519/519 513/513/513
f 502/502/502 501/501/501 520/520/520
f 502/502/502 520/520/520 515/515/515
f 518/518/518 514/514/514 513/513/513
f 518/518/518 513/513/513 519/519/519
f 518/518/518 519/519/519 516/516/516
f 518/518/518 516/516/516 515/515/515
f 518/518/518 515/515/515 520/520/520
f 518/518/518 520/520/520 517/517/517
f 518/518/518 517/517/517 512/512/512
f 518/518/518 512/512/512 511/511/511
f 521/521/521 522/522/522 523/523/523
f 521/521/521 523/523/523 524/524/524
f 525/525/525 526/526/526 527/527/527
f 525/525/525 527/527/527 528/528/528
f 529/529/529 530/530/530 531/531/531
f 529/529/529 531/531/531 532/532/532
f 533/533/533 534/534/534 522/522/522
f 533/533/533 522/522/522 521/521/521
f 535/535/535 536/536/536 526/526/526
f 535/535/535 526/526/526 525/525/525
f 537/537/537 538/538/538 530/530/530
f 537/537/537 530/530/530 529/529/529
f 539/539/539 540/540/540 534/534/534
f 539/539/539 534/534/534 533/533/533
f 524/524/524 523/523/523 536/536/536
f 524/524/524 536/536/536 535/535/535
f 528/528/528 527/527/527 538/538/538
f 528/528/528 538/538/538 537/537/537
f 532/532/532 531/531/531 540/540/540
f 532/532/532 540/540/540 539/539/539
f 526/526/526 541/541/541 542/542/542
f 526/526/526 542/542/542 527/527/527
f 530/530/530 543/543/543 544/544/544
f 530/530/530 544/544/544 531/531/531
f 534/534/534 545/545/545 546/546/546
f 534/534/534 546/546/546 522/522/522
f 536/536/536 547/547/547 541/541/541
f 536/536/536 541/541/541 526/526/526
f 538/538/538 548/548/548 543/543/543
f 538/538/538 543/543/543 530/530/530
f 540/540/540 549/549/549 545/545/545
f 540/540/540 545/545/545 534/534/534
f 523/523/523 550/550/550 547/547/547
f 523/523/523 547/547/547 536/536/536
f 527/527/527 542/542/542 548/548/548
f 527/527/527 548/548/548 538/538/538
f 531/531/531 544/544/544 549/549/549
f 531/531/531 549/549/549 540/540/540
f 522/522/522 546/546/546 550/550/550
f 522/522/522 550/550/550 523/523/523
f 535/535/535 525/525/525 551/551/551
f 535/535/535 551/551/551 552/552/552
f 537/537/537 529/529/529 553/553/553
f 537/537/537 553/553/553 554/554/554
f 539/539/539 533/533/533 555/555/555
f 539/539/539 555/555/555 556/556/556
f 524/524/524 535/535/535 552/552/552
f 524/524/524 552/552/552 557/557/557
f 528/528/528 537/537/537 554/554/554
f 528/528/528 554/554/554 558/558/558
f 532/532/532 539/539/539 556/556/556
f 532/532/532 556/556/556 559/559/559
f 521/521/521 524/524/524 557/557/557
f 521/521/521 557/557/557 560/560/560
f 525/525/525 528/528/528 558/558/558
f 525/525/525 558/558/558 551/551/551
f 529/529/529 532/532/532 559/559/559
f 529/529/529 559/559/559 553/553/553
f 533/533/533 521/521/521 560/560/560
f 533/533/533 560/560/560 555/555/555
f 548/548/548 542/542/542 541/541/541
f 548/548/548 541/541/541 547/547/547
f 548/548/548 547/547/547 550/550/550
f 548/548/548 550/550/550 546/546/546
f 548/548/548 546/546/546 545/545/545
f 548/548/548 545/545/545 549/549/549
f 548/548/548 549/549/549 544/544/544
f 548/548/548 544/544/544 543/543/543
f 561/561/561 562/562/562 563/563/563
f 561/561/561 563/563/563 564/564/564
f 565/565/565 566/566/566 567/567/567
f 565/565/565 567/567/567 568/568/568
f 569/569/569 570/570/570 571/571/571
f 569/569/569 571/571/571 572/572/572
f 573/573/573 561/561/561 564/564/564
f 573/573/573 564/564/564 574/574/574
f 575/575/575 565/565/565 568/568/568
f 575/575/575 568/568/568 576/576/576
f 577/577/577 569/569/569 572/572/572
f 577/577/577 572/572/572 578/578/578
f 579/579/579 573/573/573 574/574/574
f 579/579/579 574/574/574 580/580/580
f 562/562/562 575/575/575 576/576/576
f 562/562/562 576/576/576 563/563/563
f 566/566/566 577/577/577 578/578/578
f 566/566/566 578/578/578 567/567/567
f 570/570/570 579/579/579 580/580/580
f 570/570/570 580/580/580 571/571/571
f 568/568/568 567/567/567 581/581/581
f 568/568/568 581/581/581 582/582/582
f 572/572/572 571/571/571 583/583/583
f 572/572/572 583/583/583 584/584/584
f 574/574/574 564/564/564 585/585/585
f 574/574/574 585/585/585 586/586/586
f 576/576/576 568/568/568 582/582/582
f 576/576/576 582/582/582 587/587/587
f 578/578/578 572/572/572 584/584/584
f 578/578/578 584/584/584 588/588/588
f 580/580/580 574/574/574 586/586/586
f 580/580/580 586/586/586 589/589/589
f 563/563/563 576/576/576 587/587/587
f 563/563/563 587/587/587 590/590/590
f 567/567/567 578/578/578 588/588/588
f 567/567/567 588/588/588 581/581/581
f 571/571/571 580/580/580 589/589/589
f 571/571/571 589/589/589 583/583/583
f 564/564/564 563/563/563 590/590/590
f 564/564/564 590/590/590 585/585/585
f 575/575/575 591/591/591 592/592/592
f 575/575/575 592/592/592 565/565/565
f 577/577/577 593/593/593 594/594/594
f 577/577/577 594/594/594 569/569/569
f 579/579/579 595/595/595 596/596/596
f 579/579/579 596/596/596 573/573/573
f 562/562/562 597/597/597 591/591/591
f 562/562/562 591/591/591 575/575/575
f 566/566/566 598/598/598 593/593/593
f 566/566/566 593/593/593 577/577/577
f 570/570/570 599/599/599 595/595/595
f 570/570/570 595/595/595 579/579/579
f 561/561/561 600/600/600 597/597/597
f 561/561/561 597/597/597 562/562/562
f 565/565/565 592/592/592 598/598/598
f 565/565/565 598/598/598 566/566/566
f 569/569/569 594/594/594 599/599/599
f 569/569/569 599/599/599 570/570/570
f 573/573/573 596/596/596 600/600/600
f 573/573/573 600/600/600 561/561/561
f 588/588/588 584/584/584 583/583/583
f 588/588/588 583/583/583 589/589/589
f 588/588/588 589/589/589 586/586/586
f 588/588/588 586/586/586 585/585/585
f 588/588/588 585/585/585 590/590/590
f 588/588/588 590/590/590 587/587/587
f 588/588/588 587/587/587 582/582/582
f 588/588/588 582/582/582 581/581/581
f 325/325/325 351/351/351 601/601/601
f 325/325/325 601/601/601 602/602/602
f 326/326/326 341/341/341 603/603/603
f 326/326/326 603/603/603 604/604/604
f 325/325/325 326/326/326 604/604/604
f 325/325/325 604/604/604 602/602/602
f 605/605/605 606/606/606 607/607/607
f 605/605/605 607/607/607 608/608/608
f 609/609/609 610/610/610 611/611/611
f 609/609/609 611/611/611 612/612/612
f 613/613/613 614/614/614 615/615/615
f 613/613/613 615/615/615 616/616/616
f 617/617/617 618/618/618 606/606/606
f 617/617/617 606/606/606 605/605/605
f 619/619/619 620/620/620 610/610/610
f 619/619/619 610/610/610 609/609/609
f 621/621/621 622/622/622 614/614/614
f 621/621/621 614/614/614 613/613/613
f 623/623/623 624/624/624 618/618/618
f 623/623/623 618/618/618 617/617/617
f 608/608/608 607/607/607 620/620/620
f 608/608/608 620/620/620 619/619/619
f 612/612/612 611/611/611 622/622/622
f 612/612/612 622/622/622 621/621/621
f 616/616/616 615/615/615 624/624/624
f 616/616/616 624/624/624 623/623/623
f 610/610/610 625/625/625 626/626/626
f 610/610/610 626/626/626 611/611/611
f 614/614/614 627/627/627 628/628/628
f 614/614/614 628/628/628 615/615/615
f 618/618/618 629/629/629 630/630/630
f 618/618/618 630/630/630 606/606/606
f 620/620/620 631/631/631 625/625/625
f 620/620/620 625/625/625 610/610/610
f 622/622/622 632/632/632 627/627/627
f 622/622/622 627/627/627 614/614/614
f 624/624/624 633/633/633 629/629/629
f 624/624/624 629/629/629 618/618/618
f 607/607/607 634/634/634 631/631/631
f 607/607/607 631/631/631 620/620/620
f 611/611/611 626/626/626 632/632/632
f 611/611/611 632/632/632 622/622/622
f 615/615/615 628/628/628 633/633/633
f 615/615/615 633/633/633 624/624/624
f 606/606/606 630/630/630 634/634/634
f 606/606/606 634/634/634 607/607/607
f 619/619/619 609/609/609 635/635/635
f 619/619/619 635/635/635 636/636/636
f 621/621/621 613/613/613 637/637/637
f 621/621/621 637/637/637 638/638/638
f 623/623/623 617/617/617 639/639/639
f 623/623/623 639/639/639 640/640/640
f 608/608/608 619/619/619 636/636/636
f 608/608/608 636/636/636 641/641/641
f 612/612/612 621/621/621 638/638/638
f 612/612/612 638/638/638 642/642/642
f 616/616/616 623/623/623 640/640/640
f 616/616/616 640/640/640 643/643/643
f 605/605/605 608/608/608 641/641/641
f 605/605/605 641/641/641 644/644/644
f 609/609/609 612/612/612 642/642/642
f 609/609/609 642/642/642 635/635/635
f 613/613/613 616/616/616 643/643/643
f 613/613/613 643/643/643 637/637/637
f 617/617/617 605/605/605 644/644/644
f 617/617/617 644/644/644 639/639/639
f 632/632/632 626/626/626 625/625/625
f 632/632/632 625/625/625 631/631/631
f 632/632/632 631/631/631 634/634/634
f 632/632/632 634/634/634 630/630/630
f 632/632/632 630/630/630 629/629/629
f 632/632/632 629/629/629 633/633/633
f 632/632/632 633/633/633 628/628/628
f 632/632/632 628/628/628 627/627/627
f 645/645/645 646/646/646 647/647/647
f 645/645/645 647/647/647 648/648/648
f 649/649/649 650/650/650 651/651/651
f 649/649/649 651/651/651 652/652/652
f 653/653/653 654/654/654 655/655/655
f 653/653/653 655/655/655 656/656/656
f 657/657/657 658/658/658 646/646/646
f 657/657/657 646/646/646 645/645/645
f 659/659/659 660/660/660 650/650/650
f 659/659/659 650/650/650 649/649/649
f 661/661/661 662/662/662 654/654/654
f 661/661/661 654/654/654 653/653/653
f 663/663/663 664/664/664 658/658/658
f 663/663/663 658/658/658 657/657/657
f 648/648/648 647/647/647 660/660/660
f 648/648/648 660/660/660 659/659/659
f 652/652/652 651/651/651 662/662/662
f 652/652/652 662/662/662 661/661/661
f 656/656/656 655/655/655 664/664/664
f 656/656/656 664/664/664 663/663/663
f 650/650/650 665/665/665 666/666/666
f 650/650/650 666/666/666 651/651/651
f 654/654/654 667/667/667 668/668/668
f 654/654/654 668/668/668 655/655/655
f 658/658/658 669/669/669 670/670/670
f 658/658/658 670/670/670 646/646/646
f 660/660/660 671/671/671 665/665/665
f 660/660/660 665/665/665 650/650/650
f 662/662/662 672/672/672 667/667/667
f 662/662/662 667/667/667 654/654/654
f 664/664/664 673/673/673 669/669/669
f 664/664/664 669/669/669 658/658/658
f 647/647/647 674/674/674 671/671/671
f 647/647/647 671/671/671 660/660/660
f 651/651/651 666/666/666 672/672/672
f 651/651/651 672/672/672 662/662/662
f 655/655/655 668/668/668 673/673/673
f 655/655/655 673/673/673 664/664/664
f 646/646/646 670/670/670 674/674/674
f 646/646/646 674/674/674 647/647/647
f 659/659/659 649/649/649 675/675/675
f 659/659/659 675/675/675 676/676/676
f 661/661/661 653/653/653 677/677/677
f 661/661/661 677/677/677 678/678/678
f 663/663/663 657/657/657 679/679/679
f 663/663/663 679/679/679 680/680/680
f 648/648/648 659/659/659 676/676/676
f 648/648/648 676/676/676 681/681/681
f 652/652/652 661/661/661 678/678/678
f 652/652/652 678/678/678 682/682/682
f 656/656/656 663/663/663 680/680/680
f 656/656/656 680/680/680 683/683/683
f 645/645/645 648/648/648 681/681/681
f 645/645/645 681/681/681 684/684/684
f 649/649/649 652/652/652 682/682/682
f 649/649/649 682/682/682 675/675/675
f 653/653/653 656/656/656 683/683/683
f 653/653/653 683/683/683 677/677/677
f 657/657/657 645/645/645 684/684/684
f 657/657/657 684/684/684 679/679/679
f 672/672/672 666/666/666 665/665/665
f 672/672/672 665/665/665 671/671/671
f 672/672/672 671/671/671 674/674/674
f 672/672/672 674/674/674 670/670/670
f 672/672/672 670/670/670 669/669/669
f 672/672/672 669/669/669 673/673/673
f 672/672/672 673/673/673 668/668/668
f 672/672/672 668/668/668 667/667/667
f 8/8/8 7/7/7 80/80/80
f 8/8/8 80/80/80 76/76/76
f 33/33/33 40/40/40 79/79/79
f 33/33/33 79/79/79 74/74/74
f 30/30/30 29/29/29 55/55/55
f 30/30/30 55/55/55 78/78/78
f 7/7/7 42/42/42 77/77/77
f 7/7/7 77/77/77 80/80/80
f 40/40/40 36/36/36 75/75/75
f 40/40/40 75/75/75 79/79/79
f 38/38/38 34/34/34 73/73/73
f 38/38/38 73/73/73 56/56/56
f 42/42/42 30/30/30 78/78/78
f 42/42/42 78/78/78 77/77/77
f 36/36/36 8/8/8 76/76/76
f 36/36/36 76/76/76 75/75/75
f 34/34/34 33/33/33 74/74/74
f 34/34/34 74/74/74 73/73/73
f 29/29/29 38/38/38 56/56/56
f 29/29/29 56/56/56 55/55/55
