# Split Birch_1_leaves mesh for Ursina textured rendering
o Birch_1_leaves
v 0.805494 8.148347 1.004577
v 1.017809 7.766436 1.387952
v 1.331185 8.044136 1.267310
v 1.356260 8.318544 0.929745
v 0.383933 7.759195 0.911013
v 0.623901 7.637260 1.253683
v 0.409010 8.033605 0.573449
v 0.722383 8.311303 0.452810
v 1.116290 8.440479 0.587078
v 1.431673 8.471935 0.167440
v 0.765520 8.253480 -0.059625
v 1.265126 7.332035 1.521826
v 1.795090 7.801663 1.317809
v 0.235555 7.783851 0.144394
v 0.193152 7.319791 0.715258
v 0.598974 7.113578 1.294762
v 1.837494 8.265722 0.746945
v 0.701742 8.497771 -0.420918
v 0.733161 8.477778 0.221742
v 1.139944 8.667030 0.044066
v 1.324149 8.661014 -0.401905
v 0.243787 8.048446 -0.368149
v 0.354075 8.221440 0.068622
v 0.427995 8.042430 -0.814123
v 0.834777 8.231685 -0.991797
v 1.213861 8.488019 -0.838674
v 1.695828 8.258574 -1.071520
v 1.054743 7.825077 -1.330469
v 0.882896 8.241251 0.721791
v 1.570819 8.561305 0.421320
v 0.366817 7.505023 -1.029997
v 0.055299 7.515197 -0.275795
v 0.241806 7.807753 0.462844
v 1.882336 8.551129 -0.332881
v -2.070459 6.096455 -0.362316
v -2.267268 5.923277 0.055040
v -1.900438 5.879908 0.062291
v -1.649063 5.892560 -0.208166
v -2.521104 6.046448 -0.555529
v -2.534774 5.991848 -0.190387
v -2.269724 6.059099 -0.825983
v -1.902897 6.015729 -0.818735
v -1.635393 5.947158 -0.573307
v -1.357471 5.646319 -0.749537
v -1.809854 5.762282 -1.164589
v -2.426056 5.605935 0.313083
v -1.805699 5.532590 0.325342
v -2.430212 5.835626 -1.176845
v -2.855327 5.814231 -0.719473
v -2.878444 5.721895 -0.101967
v -1.380588 5.553986 -0.132033
v 0.414832 8.403895 0.777834
v 0.264173 7.895200 1.032142
v 0.593245 8.083208 1.257678
v 0.872358 8.406483 1.147707
v 0.154332 8.192595 0.294481
v 0.070942 7.927624 0.637029
v 0.433445 8.515866 0.184511
v 0.762515 8.703876 0.410047
v 0.955747 8.671452 0.805159
v 1.482961 8.693897 0.735702
v 1.156182 8.748730 0.067513
v 0.313422 7.381146 1.119561
v 0.869926 7.699100 1.500974
v 0.599679 8.430780 -0.313899
v 0.127664 7.884083 -0.127924
v -0.013356 7.435983 0.451374
v 1.341938 8.245797 1.314996
v -1.965717 5.956005 -0.856614
v -2.455412 5.949109 -0.638379
v -2.177173 5.951177 -0.348349
v -1.783385 5.871535 -0.359528
v -2.201355 5.769453 -1.300627
v -2.481211 5.876922 -1.032917
v -1.807565 5.689810 -1.311804
v -1.529329 5.691879 -1.021778
v -1.503532 5.764063 -0.627238
v -1.225594 5.420428 -0.427393
v -1.269222 5.298352 -1.094609
v -2.835352 5.733361 -0.446234
v -2.364816 5.736860 0.044244
v -1.739759 5.294852 -1.585089
v -2.405711 5.429541 -1.566185
v -2.878983 5.611284 -1.113451
v -1.698866 5.602171 0.025340
v -1.901308 5.816629 -0.540931
v -2.045477 5.747692 -0.156417
v -1.727622 5.647478 -0.165504
v -1.528725 5.575881 -0.406377
v -2.307018 5.810616 -0.666026
v -2.293764 5.818228 -0.354379
v -2.108119 5.739019 -0.906897
v -1.790266 5.638806 -0.915985
v -1.541979 5.568273 -0.718024
v -1.319419 5.204534 -0.833056
v -1.739303 5.323815 -1.167835
v -2.170899 5.507958 0.116699
v -1.633366 5.338481 0.101329
v -2.276836 5.493292 -1.152465
v -2.613202 5.614371 -0.745121
v -2.590787 5.627240 -0.218080
v -1.297001 5.217403 -0.306017
v -1.555576 6.650527 -0.900302
v -1.487578 6.473172 -0.553786
v -1.150824 6.354603 -0.384411
v -1.044778 6.690744 -0.776400
v -1.352182 6.782451 -1.212359
v -1.584840 6.653459 -1.608160
v -1.928829 6.430367 -1.080433
v -1.813826 6.130435 -0.494425
v -0.964684 6.779770 -1.289773
v -0.627926 6.661198 -1.120396
v -0.360036 6.448405 -1.452636
v -0.929539 6.648930 -1.739079
v -0.559928 6.483842 -0.773877
v -0.763323 6.351921 -0.461821
v -0.589018 5.925381 -0.338901
v -0.245037 6.148472 -0.866628
v -1.244322 5.929909 -0.207987
v -0.516684 6.483360 -0.567926
v -0.380829 6.548942 -0.933162
v -0.566855 6.661554 -1.263108
v -0.872722 6.756641 -0.844425
v -0.859123 6.494540 -0.371043
v -0.885382 6.107135 -0.094170
v -0.306268 6.088230 -0.427130
v -0.076519 6.199137 -1.044792
v -1.224384 6.586769 -0.490348
v -1.410413 6.699382 -0.820298
v -1.817674 6.453547 -0.853922
v -1.503084 6.263105 -0.295933
v -1.274552 6.764962 -1.185534
v -0.932116 6.753785 -1.382420
v -1.008810 6.545545 -1.804537
v -1.587928 6.564454 -1.471584
v -0.391112 6.389580 -1.602776
v 0.780645 6.187245 0.189186
v 0.675610 5.804439 -0.008172
v 0.440713 5.885438 0.212490
v 0.442600 6.103298 0.463416
v 1.196218 6.105344 0.058366
v 0.988903 5.886925 -0.082150
v 1.198105 6.323203 0.309293
v 0.963211 6.404204 0.529955
v 0.649916 6.321715 0.603929
v 0.619915 6.285546 1.002214
v 1.149741 6.425046 0.877111
v 0.663367 5.410760 -0.032937
v 0.266127 5.547742 0.340235
v 1.546986 6.288064 0.503939
v 1.543793 5.919635 0.079592
v 1.193193 5.550259 -0.158040
v 0.269318 5.916171 0.764583
v 1.220288 6.659925 1.106991
v 0.976359 6.541844 0.697644
v 0.746427 6.538890 0.984961
v 0.811867 6.531119 1.347016
v 1.625776 6.531259 0.861974
v 1.338473 6.538990 0.632132
v 1.691214 6.523491 1.224032
v 1.461283 6.520536 1.511347
v 1.099164 6.523389 1.576856
v 1.013176 6.228591 1.897713
v 1.625560 6.223766 1.786922
v 0.805488 6.259799 0.410840
v 0.416644 6.254805 0.896728
v 2.014409 6.228765 1.301035
v 1.903742 6.241902 0.688745
v 1.417878 6.254975 0.300052
v 0.527311 6.241665 1.509018
v 0.421350 6.566969 0.996623
v 0.291451 6.351346 0.622081
v 0.129843 6.222916 0.890081
v 0.193046 6.249139 1.221369
v 0.785717 6.691368 0.761225
v 0.560961 6.544600 0.555365
v 0.848916 6.717589 1.092515
v 0.687316 6.589161 1.360519
v 0.417802 6.395906 1.427230
v 0.521276 6.127097 1.716549
v 0.977053 6.453918 1.603732
v 0.307591 6.051738 0.354931
v 0.034298 5.834548 0.808159
v 1.250349 6.671109 1.150504
v 1.143468 6.626764 0.590247
v 0.763371 6.378558 0.242109
v 0.141180 5.878893 1.368411
v 1.009499 6.579808 0.205860
v 1.198151 6.268754 -0.056759
v 0.863540 6.235370 -0.063012
v 0.625405 6.357180 0.140887
v 1.410281 6.609974 0.405295
v 1.434466 6.419255 0.129321
v 1.172147 6.731784 0.609195
v 0.837532 6.698398 0.602940
v 0.601218 6.547898 0.416861
v 0.332032 6.376025 0.667367
v 0.731674 6.630540 0.982055
v 1.341528 5.903954 -0.133586
v 0.775650 5.847496 -0.144162
v 1.297552 6.687000 0.992632
v 1.700266 6.481000 0.647810
v 1.741165 6.158471 0.181100
v 0.372939 6.053495 0.200660
v 0.763484 6.477012 1.352525
v 0.841158 6.540197 0.871915
v 0.514655 6.379011 0.925248
v 0.374047 6.209143 1.219871
v 1.249877 6.521106 1.402430
v 1.151745 6.605937 1.058043
v 1.109269 6.351236 1.697054
v 0.782772 6.190053 1.750389
v 0.472184 6.124310 1.564258
v 0.346330 5.706340 1.646176
v 0.871572 5.817519 1.960943
v 0.970320 6.409661 0.475335
v 0.418161 6.137075 0.565525
v 1.423732 6.090106 1.870751
v 1.661516 6.377378 1.372503
v 1.495561 6.520838 0.790099
v 0.180376 5.849804 1.063773
v 0.252889 6.241129 0.671582
v 0.419914 6.153796 0.261550
v 0.183340 5.925066 0.339969
v 0.042972 5.843177 0.636659
v 0.631441 6.476648 0.741453
v 0.611400 6.385860 0.416198
v 0.491071 6.394759 1.038144
v 0.254496 6.166027 1.116562
v 0.063010 5.933963 0.961918
v 0.063050 5.595220 1.189783
v 0.386874 5.987671 1.451312
v 0.666628 5.966988 0.005372
v 0.266544 5.580174 0.137990
v 0.786958 6.374485 1.318693
v 1.024344 6.512972 0.816950
v 0.990450 6.359438 0.266897
v 0.029160 5.441688 0.639734
v 0.574121 6.250583 1.225321
v 0.404860 6.118514 0.910241
v 0.305841 5.951923 1.146109
v 0.408272 5.910688 1.417982
v 0.847767 6.394129 0.989399
v 0.625538 6.303584 0.834353
v 0.950195 6.352893 1.261272
v 0.851175 6.186301 1.497140
v 0.630497 6.001233 1.573026
v 0.753374 5.676050 1.779666
v 1.126572 5.989026 1.651333
v 0.371794 5.874393 0.658809
v 0.204340 5.592663 1.057693
v 1.294024 6.270754 1.252449
v 1.120810 6.340491 0.792678
v 0.744993 6.187368 0.530474
v 0.377556 5.522928 1.517465
v 0.267904 6.355195 0.602631
v 0.549477 6.305176 0.253539
v 0.294433 6.084468 0.227526
v 0.068369 5.978084 0.455586
v 0.613185 6.556525 0.812147
v 0.690741 6.505236 0.486895
v 0.387121 6.450143 1.040207
v 0.132077 6.229435 1.014194
v -0.009192 6.029375 0.780840
v -0.087242 5.667348 0.952636
v 0.151657 6.005679 1.347275
v 0.857538 6.133763 0.060903
v 0.426227 5.760520 0.016912
v 0.582966 6.378920 1.391261
v 0.965281 6.558834 1.005584
v 1.096439 6.472093 0.455537
v 0.043916 5.580608 0.402591
v -1.306221 6.954438 -1.542111
v -0.999049 6.861004 -1.960210
v -1.365361 6.948177 -2.080105
v -1.707986 6.956157 -1.883393
v -0.946987 6.686903 -1.264131
v -0.811795 6.752315 -1.629644
v -1.289615 6.694887 -1.067422
v -1.655926 6.782057 -1.187310
v -1.843183 6.890746 -1.517881
v -2.247402 6.639797 -1.550416
v -1.930735 6.455991 -0.991376
v -0.819866 6.589504 -2.298458
v -1.439341 6.736915 -2.501204
v -1.311258 6.308576 -0.788628
v -0.731823 6.295076 -1.121293
v -0.503196 6.405696 -1.739423
v -2.018779 6.750417 -2.168545
v -1.735203 6.893609 -1.337192
v -1.841248 6.557466 -0.945202
v -1.453748 6.554784 -1.022612
v -1.250353 6.686705 -1.334669
v -2.246002 6.853390 -1.461094
v -2.178003 6.676035 -1.114577
v -2.042607 6.985314 -1.773151
v -1.655110 6.982635 -1.850565
v -1.318351 6.864062 -1.681188
v -1.050460 6.651268 -2.013427
v -1.619963 6.851793 -2.299870
v -1.934747 6.132773 -0.768779
v -1.279442 6.128244 -0.899691
v -2.275265 6.856323 -2.168952
v -2.619253 6.633230 -1.641224
v -2.504251 6.333297 -1.055216
v -0.935462 6.351336 -1.427419
v -1.305259 5.539670 -0.035824
v -1.551273 5.379689 0.360149
v -1.214536 5.227882 0.352313
v -0.966896 5.200385 0.079523
v -1.747152 5.652992 -0.222376
v -1.782107 5.557116 0.132705
v -1.499506 5.625490 -0.495162
v -1.162773 5.473685 -0.503002
v -0.931940 5.296258 -0.275557
v -0.754516 4.952121 -0.496674
v -1.144884 5.252176 -0.881314
v -1.801891 5.093215 0.578390
v -1.232429 4.836491 0.565134
v -1.714348 5.508898 -0.868056
v -2.133150 5.555406 -0.406740
v -2.192263 5.393267 0.193751
v -0.813631 4.789986 0.103816
v -2.150246 7.251677 -1.011264
v -2.082247 7.074323 -0.664748
v -1.745493 6.955753 -0.495374
v -1.639447 7.291895 -0.887364
v -1.946852 7.383602 -1.323322
v -2.179509 7.254609 -1.719124
v -2.523498 7.031518 -1.191396
v -2.408495 6.731584 -0.605388
v -1.559354 7.380920 -1.400736
v -1.222596 7.262348 -1.231359
v -0.954705 7.049554 -1.563600
v -1.524208 7.250081 -1.850042
v -1.154597 7.084992 -0.884840
v -1.357992 6.953071 -0.572784
v -1.183687 6.526532 -0.449863
v -0.839707 6.749622 -0.977591
v -1.838992 6.531059 -0.318951
v -1.864709 6.897219 -0.769478
v -1.515607 6.945199 -0.948299
v -1.425466 7.026813 -1.324283
v -1.933815 7.134251 -1.235229
v -2.249280 6.904722 -0.860042
v -2.461010 6.535492 -0.644945
v -1.810648 6.522802 -0.491766
v -1.220268 6.603943 -0.794187
v -2.434069 6.971165 -1.202960
v -2.343926 7.052779 -1.578949
v -2.621062 6.785873 -1.860705
v -2.773511 6.647855 -1.224857
v -1.994820 7.100759 -1.757772
v -1.610251 7.093256 -1.667206
v -1.380323 6.854327 -2.009951
v -2.030681 6.867014 -2.163123
v -1.067824 6.741959 -1.430036
v -1.525306 8.429854 0.035573
v -1.575629 8.205315 0.360661
v -1.298357 8.170393 0.255598
v -1.178937 8.238456 -0.009441
v -1.922695 8.431736 0.008929
v -1.839377 8.310990 0.268960
v -1.803276 8.499799 -0.256109
v -1.526003 8.464878 -0.361170
v -1.262256 8.359202 -0.269469
v -1.120169 8.162838 -0.536079
v -1.566202 8.341551 -0.691156
v -1.650127 7.902595 0.529556
v -1.181220 7.843537 0.351884
v -2.035111 8.400609 -0.513483
v -2.237065 8.285507 -0.065269
v -2.096160 8.081305 0.374480
v -0.979265 7.958638 -0.096329
v -1.611969 8.702219 -0.175963
v -1.909341 8.570602 0.062245
v -1.643641 8.536901 0.202163
v -1.360999 8.541322 0.095374
v -1.872093 8.654421 -0.480176
v -2.015418 8.619171 -0.216500
v -1.589452 8.658841 -0.586965
v -1.323753 8.625141 -0.447047
v -1.217675 8.576571 -0.168302
v -0.952295 8.327272 -0.188603
v -1.131686 8.409409 -0.659998
v -2.121997 8.317175 0.201286
v -1.672660 8.260181 0.437905
v -1.581022 8.466401 -0.896617
v -2.059005 8.458923 -0.716022
v -2.301386 8.399310 -0.270109
v -1.194678 8.267659 0.257309
v -0.009876 6.970771 0.367358
v 0.188378 6.909163 0.646300
v 0.575054 6.986854 0.523960
v 0.239778 7.091045 0.052232
v 0.218369 6.672697 0.899468
v 0.625773 6.586961 0.952100
v -0.428914 6.267692 0.551749
v -0.458903 6.504157 0.298581
v -0.519585 6.301935 -0.064082
v -0.468868 5.902040 0.364059
v -0.197385 6.652472 0.667979
v -0.277157 6.793313 0.233270
v -0.212226 6.790936 -0.174531
v 0.036619 6.383541 0.964780
v -0.230660 6.206082 0.830691
v -0.133591 5.797852 0.835787
v 0.318414 6.097957 1.062550
v -0.347075 6.865428 -0.032194
v -0.511274 6.670195 0.204094
v -0.428807 6.591400 0.532576
v -0.177542 6.954440 0.390306
v 0.277713 7.042637 0.498982
v 0.113516 6.847406 0.735271
v 0.409276 6.620815 0.913328
v 0.686956 6.950981 0.513732
v -0.647322 6.321126 0.015040
v -0.507862 6.187872 0.570546
v 0.195245 7.121433 0.170500
v 0.547494 7.084231 -0.041775
v -0.057327 7.055747 -0.059283
v -0.176231 6.657084 0.762360
v -0.369645 6.651291 -0.384559
v -0.080723 6.298958 0.959141
v 0.120357 6.973149 -0.430370
v -0.392625 5.664722 -0.121546
v -0.522130 5.596974 0.079876
v -0.379429 5.362125 0.188628
v -0.160416 5.476698 -0.152003
v -0.759303 5.567266 0.149146
v -0.780520 5.311887 0.305775
v -0.917121 5.736537 -0.404932
v -0.679946 5.766242 -0.474201
v -0.646315 5.648380 -0.748390
v -1.047410 5.598143 -0.631246
v -0.722386 5.749770 -0.136381
v -0.467582 5.733743 -0.348593
v -0.287180 5.593419 -0.535970
v -0.971669 5.599769 0.023537
v -1.046627 5.668788 -0.203510
v -1.266419 5.483569 -0.290612
v -1.139658 5.366847 0.093353
v -0.897708 9.059692 -0.598907
v -1.170903 8.736076 -0.713620
v -1.237649 8.834760 -0.407047
v -1.061852 9.014005 -0.194567
v -0.637632 8.913201 -0.920500
v -0.929069 8.761435 -0.935100
v -0.461835 9.092447 -0.708019
v -0.528579 9.191132 -0.401447
v -0.770417 9.165771 -0.179969
v -0.607764 9.089485 0.173991
v -0.198783 9.132372 -0.200561
v -1.285043 8.362814 -0.728489
v -1.397918 8.529699 -0.210032
v -0.085904 8.965485 -0.719021
v -0.383201 8.662359 -1.078351
v -0.876063 8.405697 -1.103042
v -1.100622 8.832826 0.149300
v 0.027391 9.316732 -0.040731
v -0.403126 9.300884 -0.265467
v -0.452570 9.309868 0.095289
v -0.222218 9.246086 0.370131
v 0.212053 9.140905 -0.454355
v -0.136680 9.233356 -0.504455
v 0.442407 9.077126 -0.179510
v 0.392962 9.086107 0.181244
v 0.126511 9.153636 0.420231
v 0.144466 8.849043 0.736667
v 0.595064 8.734844 0.332505
v -0.751229 9.098059 -0.422943
v -0.834846 9.113251 0.187140
v 0.678685 8.719654 -0.277579
v 0.289124 8.827516 -0.742379
v -0.300626 8.983862 -0.827104
v -0.445286 9.005390 0.651940
v -0.709000 9.400658 0.269728
v -1.050894 9.263974 0.016888
v -1.082632 9.140870 0.326635
v -0.861329 9.113905 0.576438
v -0.494563 9.475346 -0.114903
v -0.815839 9.403786 -0.176258
v -0.273264 9.448379 0.134904
v -0.304992 9.325274 0.444651
v -0.540052 9.185462 0.637793
v -0.374930 8.871644 0.831519
v 0.022582 9.108088 0.504891
v -1.238840 9.004417 -0.218516
v -1.292505 8.796234 0.305307
v 0.076250 9.316273 -0.018933
v -0.298000 9.361876 -0.441390
v -0.841327 9.240861 -0.545149
v -0.918255 8.750631 0.727760
v -0.648665 9.350142 -0.682975
v -0.694448 9.044452 -1.001832
v -0.981911 9.080169 -0.837806
v -1.050058 9.220756 -0.543853
v -0.212241 9.275017 -0.716171
v -0.372475 9.119641 -0.963152
v -0.280388 9.415605 -0.422218
v -0.567854 9.451323 -0.258191
v -0.889826 9.376133 -0.296872
v -1.029229 9.234896 0.052440
v -0.484727 9.362051 0.117854
v -0.698817 8.673977 -1.139742
v -1.184960 8.734381 -0.862351
v 0.001416 9.301649 -0.159537
v 0.116658 9.063896 -0.656649
v -0.154319 8.801133 -1.074327
v -1.300201 8.972131 -0.365239
v -0.272124 9.203083 0.399303
v -0.429559 9.305619 -0.048810
v -0.710825 9.209672 0.161796
v -0.721777 9.039324 0.483560
v 0.164773 9.142030 0.195591
v -0.065938 9.284383 -0.047677
v 0.153821 8.971683 0.517356
v -0.127439 8.875737 0.727960
v -0.491062 8.896970 0.726825
v -0.652312 8.510395 0.860198
v -0.037384 8.474486 0.862115
v -0.548294 9.201470 -0.451505
v -1.023954 9.039214 -0.095346
v 0.438276 8.636741 0.505954
v 0.456795 8.924826 -0.038192
v 0.066633 9.165560 -0.449590
v -1.042474 8.751133 0.448800
v -1.084136 9.159786 0.078509
v -1.168110 9.091205 -0.354791
v -1.378458 8.909270 -0.168360
v -1.367672 8.823253 0.155041
v -0.681908 9.302097 -0.053643
v -0.879624 9.257587 -0.320159
v -0.671120 9.216082 0.269760
v -0.881471 9.034143 0.456191
v -1.169954 8.867763 0.421562
v -1.136872 8.514744 0.615361
v -0.649011 8.796117 0.673930
v -1.133745 8.892615 -0.697554
v -1.489477 8.584937 -0.382271
v -0.293278 9.103796 0.358646
v -0.311518 9.249262 -0.188271
v -0.645887 9.173987 -0.638988
v -1.471237 8.439470 0.164647
v -1.106993 7.955485 -0.804705
v -1.502387 7.487118 -0.970729
v -1.598988 7.629941 -0.527027
v -1.344558 7.889361 -0.219505
v -0.730587 7.743469 -1.270145
v -1.152382 7.523817 -1.291276
v -0.476156 8.002891 -0.962622
v -0.572753 8.145717 -0.518922
v -0.922765 8.109015 -0.198377
v -0.687358 7.998605 0.313908
v -0.095441 8.060673 -0.228181
v -1.667582 6.946895 -0.992248
v -1.830945 7.188429 -0.241888
v 0.067927 7.819138 -0.978545
v -0.362349 7.380425 -1.498602
v -1.075667 7.008960 -1.534338
v -1.400669 7.627142 0.278172
v -1.130961 8.336306 0.678451
v -0.790377 8.295732 0.880608
v -0.411412 8.336914 0.765710
v -0.733267 8.561447 0.407819
v -0.205584 8.426931 0.437008
v -0.182314 7.971614 0.959679
v 0.165767 8.123842 0.403802
v -1.046582 8.516062 -0.018635
v -0.667617 8.557248 -0.133538
v -0.615590 8.344223 -0.561065
v -1.256476 8.274574 -0.366754
v -1.252410 8.426043 0.310067
v -0.327031 8.516670 0.068621
v -0.746553 8.375853 -0.926376
v -0.812816 7.933427 -1.387858
v -1.228859 7.985121 -1.150463
v -1.327488 8.188591 -0.725025
v -0.114919 8.267125 -0.974421
v -0.346826 8.042249 -1.331875
v -0.213548 8.470597 -0.548983
v -0.629596 8.522289 -0.311589
v -1.095586 8.413467 -0.367571
v -1.297342 8.209057 0.137987
v -0.509287 8.393088 0.232660
v -0.819138 7.397241 -1.587454
v -1.522732 7.484663 -1.185987
v 0.194307 8.305667 -0.168806
v 0.361095 7.961570 -0.888275
v -0.031089 7.581274 -1.492779
v -1.689520 7.828758 -0.466519
v -0.201589 8.163014 0.640001
v -0.429443 8.311412 -0.008551
v -0.836518 8.172550 0.296258
v -0.852368 7.926005 0.761946
v 0.430731 8.074654 0.345170
v 0.096824 8.280679 -0.006912
v 0.414880 7.828109 0.810859
v 0.007814 7.689249 1.115665
v -0.518457 7.719978 1.114023
v -0.751833 7.160489 1.307053
v 0.138151 7.108520 1.309827
v -0.601287 8.160679 -0.591370
v -1.289708 7.925847 -0.075903
v 0.826572 7.343350 0.794356
v 0.853374 7.760292 0.006816
v 0.288695 8.108707 -0.588599
v -1.316512 7.508907 0.711638
v -1.376809 8.100349 0.175717
v -1.498344 8.001093 -0.451397
v -1.802780 7.737780 -0.181576
v -1.787169 7.613286 0.286480
v -0.794666 8.306316 -0.015546
v -1.080819 8.241898 -0.401274
v -0.779054 8.181826 0.452513
v -1.083493 7.918509 0.722334
v -1.501014 7.677705 0.672216
v -1.453134 7.166782 0.952701
v -0.747054 7.574013 1.037467
v -1.448609 7.713675 -0.947477
v -1.963457 7.268372 -0.491168
v -0.232202 8.019316 0.581158
v -0.258601 8.229849 -0.210393
v -0.742533 8.120905 -0.862714
v -1.937059 7.057841 0.300383
v -0.595138 7.924702 0.622107
v -1.066509 7.844357 0.358204
v -1.073321 7.600451 0.721099
v -0.771170 7.466388 0.980762
v -0.387222 8.085866 0.131238
v -0.794028 8.051065 0.103143
v -0.085076 7.951805 0.390903
v -0.091889 7.707899 0.753799
v -0.364369 7.501192 1.008859
v -0.180062 6.977169 1.173240
v 0.280742 7.326738 0.741899
v -1.367468 7.557509 0.072897
v -1.378989 7.145029 0.686601
v 0.292257 7.739216 0.128198
v -0.218703 7.965932 -0.310933
v -0.906666 7.907081 -0.358446
v -0.868023 6.918314 1.125731
v -1.369416 8.266690 0.079835
v -1.297930 8.175624 -0.556160
v -1.696092 7.946864 -0.401372
v -1.840129 7.824986 0.044968
v -0.739214 8.410610 0.084854
v -0.895268 8.372856 -0.372357
v -0.883247 8.288733 0.531193
v -1.281410 8.059975 0.685981
v -1.684077 7.862741 0.502183
v -1.777396 7.351743 0.770844
v -1.096434 7.685294 1.081681
v -1.124375 7.880869 -1.018950
v -1.797715 7.494007 -0.757184
v -0.423100 8.072150 0.819911
v -0.179503 8.278265 0.065088
v -0.443415 8.214415 -0.708120
v -2.041308 7.287893 -0.002362
v -0.679378 4.254842 -0.005395
v -0.820309 4.026211 0.199329
v -0.570088 3.989252 0.188903
v -0.396141 4.073539 0.025433
v -0.987999 4.292780 -0.137153
v -1.000615 4.148733 0.070635
v -0.814048 4.377065 -0.300621
v -0.563829 4.340107 -0.311048
v -0.383524 4.217585 -0.182354
v -0.198806 4.080230 -0.383226
v -0.503726 4.287431 -0.600865
v -0.937469 3.756590 0.262251
v -0.514314 3.694089 0.244617
v -0.926881 4.349931 -0.583230
v -1.221056 4.207395 -0.306785
v -1.242391 3.963790 0.044612
v -0.220142 3.836627 -0.031829
v -1.103801 4.413720 -0.056350
v -1.337848 4.172734 -0.021813
v -1.149994 4.134094 0.143423
v -0.915059 4.227878 0.153134
v -1.234333 4.463880 -0.363745
v -1.382239 4.305767 -0.232564
v -0.999396 4.557662 -0.354030
v -0.811542 4.519022 -0.188797
v -0.767152 4.385990 0.021954
v -0.489168 4.261199 -0.000145
v -0.564236 4.486176 -0.356552
v -1.454292 3.900555 -0.074161
v -1.136605 3.835211 0.205271
v -0.881924 4.551519 -0.635984
v -1.279232 4.392923 -0.652415
v -1.529361 4.125531 -0.430570
v -0.739297 3.993809 0.221699
v -0.293634 4.745250 0.071572
v -0.054813 4.793006 -0.069564
v -0.211485 4.753915 -0.205397
v -0.401833 4.667593 -0.176414
v -0.128857 4.689162 0.292794
v -0.012918 4.769605 0.135914
v -0.319207 4.602840 0.321772
v -0.475878 4.563748 0.185942
v -0.517772 4.587150 -0.019536
v -0.628639 4.373765 -0.103342
v -0.557790 4.334191 0.244148
v 0.154288 4.721895 -0.187946
v -0.110665 4.655787 -0.417654
v -0.292837 4.400301 0.473855
v 0.029069 4.546281 0.424850
v 0.225138 4.682322 0.159544
v -0.432570 4.509805 -0.368646
v 0.136079 5.057227 0.203351
v 0.230421 4.978695 0.456665
v 0.393226 5.029181 0.332285
v 0.405795 5.052470 0.122943
v -0.099883 4.918902 0.269868
v 0.025387 4.932021 0.439159
v -0.087310 4.942193 0.060526
v 0.075493 4.992677 -0.063854
v 0.280527 5.039350 -0.046348
v 0.406639 4.915609 -0.229737
v 0.059899 4.836679 -0.259343
v 0.321904 4.813032 0.620924
v 0.597226 4.898409 0.410580
v -0.215422 4.751303 -0.048998
v -0.236685 4.711915 0.305025
v -0.024836 4.734101 0.591320
v 0.618486 4.937796 0.056557
v -0.199535 8.845639 0.331888
v -0.489950 8.948174 -0.043945
v -0.690680 8.852227 0.244452
v -0.599851 8.681880 0.553325
v 0.151093 8.784585 0.001075
v -0.144435 8.926938 -0.157262
v 0.241921 8.614239 0.309949
v 0.041196 8.518293 0.598342
v -0.304321 8.539526 0.711658
v -0.415426 8.152950 0.888987
v 0.168884 8.117042 0.697354
v -0.729341 8.844027 -0.388841
v -1.068805 8.681770 0.098874
v 0.508347 8.279296 0.209638
v 0.354742 8.567381 -0.312706
v -0.145033 8.808115 -0.580474
v -0.915201 8.393688 0.621218
v -1.071238 8.802341 0.282834
v -1.287261 8.733761 -0.102049
v -1.428279 8.551826 0.141091
v -1.316302 8.465808 0.444678
v -0.731007 8.944653 0.030855
v -1.002527 8.900144 -0.159930
v -0.619027 8.858637 0.334444
v -0.760047 8.676700 0.577583
v -1.044778 8.510319 0.635467
v -0.952408 8.157299 0.809019
v -0.470891 8.438672 0.711137
v -1.362472 8.535171 -0.438219
v -1.600957 8.227492 -0.027033
v -0.232405 8.746351 0.299950
v -0.421775 8.891817 -0.213460
v -0.880960 8.816543 -0.536102
v -1.411586 8.082026 0.486378
v -0.023868 8.471401 0.232933
v 0.234862 8.185616 0.543989
v 0.414362 8.213575 0.220147
v 0.298566 8.326528 -0.114082
v -0.414397 8.372486 0.521155
v -0.104257 8.247005 0.682226
v -0.530196 8.485442 0.186927
v -0.350693 8.513399 -0.136918
v -0.011578 8.452012 -0.275156
v -0.056094 8.248837 -0.672082
v -0.629582 8.352656 -0.438307
v 0.360662 7.798325 0.713203
v 0.664224 7.845610 0.165537
v -0.933145 8.305369 0.109360
v -0.737317 8.114348 0.674587
v -0.212822 7.902143 0.946978
v 0.468396 8.036630 -0.399691
v -1.604549 8.122345 0.189121
v -1.399172 7.970580 0.812119
v -0.823193 7.901962 1.153991
v -0.039613 8.275605 -0.219193
vt 2.392189 1.680360
vt 2.373715 1.676984
vt 2.400667 1.685214
vt 2.418018 1.692527
vt 2.444726 1.684797
vt 2.427288 1.692161
vt 2.436201 1.689082
vt 2.383084 1.677433
vt 2.409030 1.690101
vt 2.446543 1.393403
vt 2.412816 1.388604
vt 2.424149 1.389121
vt 2.457824 1.395947
vt 2.364672 1.679543
vt 2.378359 1.395112
vt 2.356471 1.684366
vt 2.389539 1.391896
vt 2.347394 1.717764
vt 2.372074 1.718012
vt 2.401123 1.389275
vt 2.355137 1.723340
vt 2.364532 1.723340
vt 2.355746 1.397090
vt 2.344424 1.395571
vt 2.367121 1.396930
vt 2.435326 1.390951
vt 2.355170 1.694023
vt 2.372647 1.699988
vt 2.375223 1.709290
vt 2.364854 1.694066
vt 2.344424 1.708657
vt 2.217430 1.477427
vt 2.347418 1.699583
vt 2.215876 1.488997
vt 2.145747 1.442108
vt 2.141980 1.400760
vt 2.214778 1.410708
vt 2.218578 1.442960
vt 2.216817 1.431929
vt 2.153514 1.474975
vt 2.150565 1.486028
vt 2.138950 1.411197
vt 2.214895 1.399829
vt 2.153288 1.463579
vt 2.146437 1.390467
vt 2.215552 1.421330
vt 2.215624 1.388604
vt 2.140982 1.432103
vt 2.138638 1.421753
vt 2.218511 1.465883
vt 2.219206 1.454357
vt 2.041309 1.459331
vt 2.033779 1.441638
vt 2.027211 1.414921
vt 2.041625 1.468705
vt 2.029011 1.433207
vt 2.214297 1.500456
vt 2.150493 1.452463
vt 2.030416 1.406053
vt 2.145366 1.496230
vt 2.038512 1.450185
vt 2.038937 1.477710
vt 2.323830 1.388604
vt 2.033998 1.485842
vt 2.034823 1.397590
vt 2.326213 1.399919
vt 2.026713 1.424185
vt 2.330176 1.422372
vt 2.325503 1.687270
vt 2.328505 1.411170
vt 2.321234 1.490655
vt 2.321556 1.479283
vt 2.329695 1.445394
vt 2.326909 1.456939
vt 2.330532 1.433711
vt 2.322593 1.501997
vt 2.323534 1.468072
vt 2.333422 1.710994
vt 2.315998 1.716547
vt 2.308317 1.710864
vt 2.325537 1.716617
vt 2.333107 1.692577
vt 2.305488 1.701712
vt 2.336370 1.701661
vt 2.308594 1.692691
vt 2.038625 1.717893
vt 2.038649 1.715055
vt 1.713346 1.719371
vt 2.201247 1.719255
vt 2.201271 1.716416
vt 1.876003 1.713693
vt 2.316268 1.687270
vt 1.876004 1.716532
vt 1.713346 1.716533
vt 1.386962 1.663717
vt 1.501671 1.626719
vt 1.370995 1.626397
vt 1.504440 1.667550
vt 1.505992 1.688549
vt 1.365081 1.607787
vt 1.390395 1.684085
vt 1.501565 1.607114
vt 1.506708 1.730685
vt 1.163781 1.608450
vt 1.381081 1.724269
vt 1.503054 1.587927
vt 1.165895 1.575395
vt 1.379429 1.644627
vt 1.367787 1.569984
vt 1.502840 1.646855
vt 1.384102 1.532615
vt 1.170098 1.624204
vt 1.388063 1.704590
vt 1.508756 1.548643
vt 1.364035 1.588780
vt 1.510043 1.527793
vt 1.506694 1.709595
vt 1.505442 1.568711
vt 1.375955 1.551653
vt 1.711850 1.570023
vt 1.707214 1.610759
vt 1.710718 1.590545
vt 1.702584 1.631028
vt 1.706317 1.527794
vt 1.181974 1.544173
vt 1.185791 1.688164
vt 1.185578 1.654714
vt 1.697101 1.712747
vt 1.694532 1.671795
vt 1.178723 1.704039
vt 1.178552 1.639146
vt 1.697783 1.651398
vt 1.702457 1.733185
vt 1.162311 1.591797
vt 1.173971 1.559886
vt 1.188417 1.671412
vt 2.397426 1.350855
vt 2.354506 1.336797
vt 2.344424 1.367779
vt 2.387372 1.336842
vt 2.370971 1.331428
vt 1.694312 1.692360
vt 1.710847 1.548827
vt 2.344424 1.350794
vt 2.354056 1.381415
vt 2.369824 1.387108
vt 1.390395 1.684085
vt 1.386962 1.663717
vt 1.505992 1.688549
vt 2.397347 1.368364
vt 1.504440 1.667550
vt 2.386641 1.382451
vt 1.501671 1.626719
vt 1.388063 1.704590
vt 1.375955 1.551653
vt 1.505442 1.568711
vt 1.506694 1.709595
vt 1.508756 1.548643
vt 1.365081 1.607787
vt 1.370995 1.626397
vt 1.367787 1.569984
vt 1.501565 1.607114
vt 1.503054 1.587927
vt 1.506708 1.730685
vt 1.381081 1.724269
vt 1.364035 1.588780
vt 1.502840 1.646855
vt 1.384102 1.532615
vt 1.379429 1.644627
vt 1.510043 1.527793
vt 1.178723 1.704039
vt 1.188417 1.671412
vt 1.173971 1.559886
vt 1.162311 1.591797
vt 1.178552 1.639146
vt 1.163781 1.608450
vt 1.170098 1.624204
vt 1.185791 1.688164
vt 1.165895 1.575395
vt 1.702584 1.631028
vt 1.711850 1.570023
vt 1.710718 1.590545
vt 1.697783 1.651398
vt 1.185578 1.654714
vt 1.697101 1.712747
vt 1.181974 1.544173
vt 1.702457 1.733185
vt 2.354506 1.336797
vt 2.354056 1.381415
vt 1.710847 1.548827
vt 2.344424 1.350794
vt 2.344424 1.367779
vt 1.707214 1.610759
vt 1.694532 1.671795
vt 1.694312 1.692360
vt 1.706317 1.527794
vt 2.397426 1.350855
vt 2.386641 1.382451
vt 2.369824 1.387108
vt 2.397347 1.368364
vt 2.370971 1.331428
vt 0.500000 0.500000
vt 2.387372 1.336842
vt 0.757387 0.597317
vt 0.000100 0.310990
vt 0.242613 0.402683
vt 0.762926 0.381347
vt 0.000100 0.725594
vt 0.237074 0.618653
vt 0.402683 0.757387
vt 0.618652 0.762926
vt 0.381347 0.237074
vt 0.597317 0.242613
vt 0.274406 0.000100
vt 0.999900 0.274406
vt 0.310990 0.999900
vt 0.689010 0.000100
vt 0.999900 0.689010
vt 0.500000 0.500000
vt 0.725594 0.999900
vt 0.757387 0.597317
vt 0.000100 0.310990
vt 0.242613 0.402683
vt 0.762926 0.381347
vt 0.000100 0.725594
vt 0.237074 0.618653
vt 0.402683 0.757387
vt 0.618652 0.762926
vt 0.381347 0.237074
vt 0.597317 0.242613
vt 0.274406 0.000100
vt 0.999900 0.274406
vt 0.310990 0.999900
vt 0.689010 0.000100
vt 0.999900 0.689010
vt 0.500000 0.500000
vt 0.725594 0.999900
vt 0.757387 0.597317
vt 0.000100 0.310990
vt 0.242613 0.402683
vt 0.762926 0.381347
vt 0.000100 0.725594
vt 0.237074 0.618653
vt 0.402683 0.757387
vt 0.618652 0.762926
vt 0.381347 0.237074
vt 0.597317 0.242613
vt 0.274406 0.000100
vt 0.999900 0.274406
vt 0.310990 0.999900
vt 0.689010 0.000100
vt 0.999900 0.689010
vt 0.500000 0.500000
vt 0.725594 0.999900
vt 0.757387 0.597317
vt 0.000100 0.310990
vt 0.242613 0.402683
vt 0.762926 0.381347
vt 0.000100 0.725594
vt 0.237074 0.618653
vt 0.402683 0.757387
vt 0.618652 0.762926
vt 0.381347 0.237074
vt 0.597317 0.242613
vt 0.274406 0.000100
vt 0.999900 0.274406
vt 0.310990 0.999900
vt 0.689010 0.000100
vt 0.999900 0.689010
vt 0.500000 0.500000
vt 0.725594 0.999900
vt 0.757387 0.597317
vt 0.000100 0.310990
vt 0.242613 0.402683
vt 0.762926 0.381347
vt 0.000100 0.725594
vt 0.237074 0.618653
vt 0.402683 0.757387
vt 0.618652 0.762926
vt 0.381347 0.237074
vt 0.597317 0.242613
vt 0.274406 0.000100
vt 0.999900 0.274406
vt 0.310990 0.999900
vt 0.689010 0.000100
vt 0.999900 0.689010
vt 0.500000 0.500000
vt 0.725594 0.999900
vt 0.757387 0.597317
vt 0.000100 0.310990
vt 0.242613 0.402683
vt 0.762926 0.381347
vt 0.000100 0.725594
vt 0.237074 0.618653
vt 0.402683 0.757387
vt 0.618652 0.762926
vt 0.381347 0.237074
vt 0.597317 0.242613
vt 0.274406 0.000100
vt 0.999900 0.274406
vt 0.310990 0.999900
vt 0.689010 0.000100
vt 0.999900 0.689010
vt 0.597317 0.242613
vt 0.725594 0.999900
vt 0.762926 0.381347
vt 0.000100 0.725594
vt 0.999900 0.274406
vt 0.274406 0.000100
vt 0.237074 0.618653
vt 0.242613 0.402683
vt 0.500000 0.500000
vt 0.757387 0.597317
vt 0.689010 0.000100
vt 0.381347 0.237074
vt 0.618652 0.762926
vt 0.310990 0.999900
vt 0.999900 0.689010
vt 0.725594 0.999900
vt 0.000100 0.310990
vt 0.597317 0.242613
vt 0.402683 0.757387
vt 0.762926 0.381347
vt 0.402683 0.757387
vt 0.500000 0.500000
vt 0.618652 0.762926
vt 0.000100 0.725594
vt 0.757387 0.597317
vt 0.237074 0.618653
vt 0.500000 0.500000
vt 0.242613 0.402683
vt 0.725594 0.999900
vt 0.999900 0.689010
vt 0.999900 0.274406
vt 0.274406 0.000100
vt 0.000100 0.310990
vt 0.310990 0.999900
vt 0.689010 0.000100
vt 0.757387 0.597317
vt 0.381347 0.237074
vt 0.725594 0.999900
vt 0.500000 0.500000
vt 0.274406 0.000100
vt 0.000100 0.310990
vt 0.757387 0.597317
vt 0.000100 0.725594
vt 0.402683 0.757387
vt 0.237074 0.618653
vt 0.689010 0.000100
vt 0.310990 0.999900
vt 0.242613 0.402683
vt 0.762926 0.381347
vt 0.999900 0.689010
vt 0.999900 0.274406
vt 0.381347 0.237074
vt 0.618652 0.762926
vt 0.597317 0.242613
vt 0.000100 0.310990
vt 0.242613 0.402683
vt 0.762926 0.381347
vt 0.000100 0.725594
vt 0.237074 0.618653
vt 0.402683 0.757387
vt 0.618652 0.762926
vt 0.381347 0.237074
vt 0.597317 0.242613
vt 0.274406 0.000100
vt 0.999900 0.274406
vt 0.310990 0.999900
vt 0.689010 0.000100
vt 0.999900 0.689010
vt 0.500000 0.500000
vt 0.725594 0.999900
vt 0.757387 0.597317
vt 0.000100 0.310990
vt 0.242613 0.402683
vt 0.762926 0.381347
vt 0.000100 0.725594
vt 0.237074 0.618653
vt 0.402683 0.757387
vt 0.618652 0.762926
vt 0.381347 0.237074
vt 0.597317 0.242613
vt 0.274406 0.000100
vt 0.999900 0.274406
vt 0.310990 0.999900
vt 0.689010 0.000100
vt 0.999900 0.689010
vt 0.500000 0.500000
vt 0.725594 0.999900
vt 0.757387 0.597317
vt 0.597317 0.242613
vt 0.000100 0.725594
vt 0.757387 0.597317
vt 0.274406 0.000100
vt 0.762926 0.381347
vt 0.689010 0.000100
vt 0.237074 0.618653
vt 0.618652 0.762926
vt 0.999900 0.689010
vt 0.500000 0.500000
vt 0.000100 0.310990
vt 0.381347 0.237074
vt 0.999900 0.274406
vt 0.242613 0.402683
vt 0.402683 0.757387
vt 0.725594 0.999900
vt 0.310990 0.999900
vt 0.725594 0.999900
vt 0.500000 0.500000
vt 0.274406 0.000100
vt 0.000100 0.310990
vt 0.310990 0.999900
vt 0.999900 0.689010
vt 0.618652 0.762926
vt 0.242613 0.402683
vt 0.237074 0.618653
vt 0.597317 0.242613
vt 0.689010 0.000100
vt 0.762926 0.381347
vt 0.757387 0.597317
vt 0.999900 0.274406
vt 0.402683 0.757387
vt 0.381347 0.237074
vt 0.000100 0.725594
vt 0.597317 0.242613
vt 0.000100 0.725594
vt 0.757387 0.597317
vt 0.274406 0.000100
vt 0.762926 0.381347
vt 0.689010 0.000100
vt 0.237074 0.618653
vt 0.618652 0.762926
vt 0.999900 0.689010
vt 0.500000 0.500000
vt 0.000100 0.310990
vt 0.381347 0.237074
vt 0.999900 0.274406
vt 0.242613 0.402683
vt 0.402683 0.757387
vt 0.725594 0.999900
vt 0.310990 0.999900
vt 0.000100 0.310990
vt 0.242613 0.402683
vt 0.762926 0.381347
vt 0.000100 0.725594
vt 0.237074 0.618653
vt 0.402683 0.757387
vt 0.618652 0.762926
vt 0.381347 0.237074
vt 0.597317 0.242613
vt 0.274406 0.000100
vt 0.999900 0.274406
vt 0.310990 0.999900
vt 0.689010 0.000100
vt 0.999900 0.689010
vt 0.500000 0.500000
vt 0.725594 0.999900
vt 0.757387 0.597317
vt 0.000100 0.310990
vt 0.242613 0.402683
vt 0.762926 0.381347
vt 0.000100 0.725594
vt 0.237074 0.618653
vt 0.402683 0.757387
vt 0.618652 0.762926
vt 0.381347 0.237074
vt 0.597317 0.242613
vt 0.274406 0.000100
vt 0.999900 0.274406
vt 0.310990 0.999900
vt 0.689010 0.000100
vt 0.999900 0.689010
vt 0.500000 0.500000
vt 0.725594 0.999900
vt 0.757387 0.597317
vt 0.000100 0.310990
vt 0.242613 0.402683
vt 0.762926 0.381347
vt 0.000100 0.725594
vt 0.237074 0.618653
vt 0.402683 0.757387
vt 0.618652 0.762926
vt 0.381347 0.237074
vt 0.597317 0.242613
vt 0.274406 0.000100
vt 0.999900 0.274406
vt 0.310990 0.999900
vt 0.689010 0.000100
vt 0.999900 0.689010
vt 0.500000 0.500000
vt 0.725594 0.999900
vt 0.757387 0.597317
vt 0.000100 0.310990
vt 0.242613 0.402683
vt 0.762926 0.381347
vt 0.000100 0.725594
vt 0.237074 0.618653
vt 0.402683 0.757387
vt 0.618652 0.762926
vt 0.381347 0.237074
vt 0.597317 0.242613
vt 0.274406 0.000100
vt 0.999900 0.274406
vt 0.310990 0.999900
vt 0.689010 0.000100
vt 0.999900 0.689010
vt 0.500000 0.500000
vt 0.725594 0.999900
vt 0.757387 0.597317
vt 0.000100 0.310990
vt 0.242613 0.402683
vt 0.762926 0.381347
vt 0.000100 0.725594
vt 0.237074 0.618653
vt 0.402683 0.757387
vt 0.618652 0.762926
vt 0.381347 0.237074
vt 0.597317 0.242613
vt 0.274406 0.000100
vt 0.999900 0.274406
vt 0.310990 0.999900
vt 0.689010 0.000100
vt 0.999900 0.689010
vt 0.597317 0.242613
vt 0.725594 0.999900
vt 0.762926 0.381347
vt 0.000100 0.725594
vt 0.999900 0.274406
vt 0.274406 0.000100
vt 0.237074 0.618653
vt 0.242613 0.402683
vt 0.500000 0.500000
vt 0.757387 0.597317
vt 0.689010 0.000100
vt 0.381347 0.237074
vt 0.618652 0.762926
vt 0.310990 0.999900
vt 0.999900 0.689010
vt 0.725594 0.999900
vt 0.000100 0.310990
vt 0.597317 0.242613
vt 0.402683 0.757387
vt 0.762926 0.381347
vt 0.000100 0.725594
vt 0.999900 0.274406
vt 0.274406 0.000100
vt 0.237074 0.618653
vt 0.242613 0.402683
vt 0.500000 0.500000
vt 0.757387 0.597317
vt 0.689010 0.000100
vt 0.381347 0.237074
vt 0.618652 0.762926
vt 0.310990 0.999900
vt 0.999900 0.689010
vt 0.725594 0.999900
vt 0.000100 0.310990
vt 0.500000 0.500000
vt 0.402683 0.757387
vt 0.757387 0.597317
vt 0.000100 0.310990
vt 0.999900 0.274406
vt 0.999900 0.689010
vt 0.237074 0.618653
vt 0.274406 0.000100
vt 0.618652 0.762926
vt 0.597317 0.242613
vt 0.725594 0.999900
vt 0.689010 0.000100
vt 0.762926 0.381347
vt 0.402683 0.757387
vt 0.310990 0.999900
vt 0.000100 0.725594
vt 0.237074 0.618653
vt 0.762926 0.381347
vt 0.402683 0.757387
vt 0.242613 0.402683
vt 0.381347 0.237074
vt 0.757387 0.597317
vt 0.500000 0.500000
vt 0.597317 0.242613
vt 0.618652 0.762926
vt 0.999900 0.689010
vt 0.274406 0.000100
vt 0.689010 0.000100
vt 0.725594 0.999900
vt 0.000100 0.725594
vt 0.999900 0.274406
vt 0.000100 0.310990
vt 0.310990 0.999900
vt 0.274406 0.000100
vt 0.725594 0.999900
vt 0.000100 0.725594
vt 0.381347 0.237074
vt 0.597317 0.242613
vt 0.402683 0.757387
vt 0.237074 0.618653
vt 0.618652 0.762926
vt 0.310990 0.999900
vt 0.242613 0.402683
vt 0.757387 0.597317
vt 0.762926 0.381347
vt 0.000100 0.310990
vt 0.689010 0.000100
vt 0.999900 0.274406
vt 0.500000 0.500000
vt 0.999900 0.689010
vt 0.999900 0.274406
vt 0.402683 0.757387
vt 0.500000 0.500000
vt 0.000100 0.725594
vt 0.310990 0.999900
vt 0.762926 0.381347
vt 0.597317 0.242613
vt 0.237074 0.618653
vt 0.757387 0.597317
vt 0.000100 0.310990
vt 0.618652 0.762926
vt 0.689010 0.000100
vt 0.381347 0.237074
vt 0.999900 0.689010
vt 0.725594 0.999900
vt 0.242613 0.402683
vt 0.274406 0.000100
vt 0.274406 0.000100
vt 0.725594 0.999900
vt 0.000100 0.725594
vt 0.381347 0.237074
vt 0.597317 0.242613
vt 0.402683 0.757387
vt 0.237074 0.618653
vt 0.618652 0.762926
vt 0.310990 0.999900
vt 0.242613 0.402683
vt 0.757387 0.597317
vt 0.762926 0.381347
vt 0.000100 0.310990
vt 0.689010 0.000100
vt 0.999900 0.274406
vt 0.500000 0.500000
vt 0.999900 0.689010
vt 0.237074 0.618653
vt 0.762926 0.381347
vt 0.402683 0.757387
vt 0.242613 0.402683
vt 0.381347 0.237074
vt 0.757387 0.597317
vt 0.500000 0.500000
vt 0.597317 0.242613
vt 0.618652 0.762926
vt 0.999900 0.689010
vt 0.274406 0.000100
vt 0.689010 0.000100
vt 0.725594 0.999900
vt 0.000100 0.725594
vt 0.999900 0.274406
vt 0.000100 0.310990
vt 0.310990 0.999900
vt 0.237074 0.618653
vt 0.762926 0.381347
vt 0.402683 0.757387
vt 0.242613 0.402683
vt 0.381347 0.237074
vt 0.757387 0.597317
vt 0.500000 0.500000
vt 0.597317 0.242613
vt 0.618652 0.762926
vt 0.999900 0.689010
vt 0.274406 0.000100
vt 0.689010 0.000100
vt 0.725594 0.999900
vt 0.000100 0.725594
vt 0.999900 0.274406
vt 0.000100 0.310990
vt 0.310990 0.999900
vt 0.237074 0.618653
vt 0.762926 0.381347
vt 0.402683 0.757387
vt 0.242613 0.402683
vt 0.381347 0.237074
vt 0.757387 0.597317
vt 0.500000 0.500000
vt 0.597317 0.242613
vt 0.618652 0.762926
vt 0.999900 0.689010
vt 0.274406 0.000100
vt 0.689010 0.000100
vt 0.725594 0.999900
vt 0.000100 0.725594
vt 0.999900 0.274406
vt 0.000100 0.310990
vt 0.310990 0.999900
vt 0.237074 0.618653
vt 0.762926 0.381347
vt 0.402683 0.757387
vt 0.242613 0.402683
vt 0.381347 0.237074
vt 0.757387 0.597317
vt 0.500000 0.500000
vt 0.597317 0.242613
vt 0.618652 0.762926
vt 0.999900 0.689010
vt 0.274406 0.000100
vt 0.689010 0.000100
vt 0.725594 0.999900
vt 0.000100 0.725594
vt 0.999900 0.274406
vt 0.000100 0.310990
vt 0.310990 0.999900
vt 0.237074 0.618653
vt 0.762926 0.381347
vt 0.402683 0.757387
vt 0.242613 0.402683
vt 0.381347 0.237074
vt 0.757387 0.597317
vt 0.500000 0.500000
vt 0.597317 0.242613
vt 0.618652 0.762926
vt 0.999900 0.689010
vt 0.274406 0.000100
vt 0.689010 0.000100
vt 0.725594 0.999900
vt 0.000100 0.725594
vt 0.999900 0.274406
vt 0.000100 0.310990
vt 0.310990 0.999900
vt 0.237074 0.618653
vt 0.762926 0.381347
vt 0.402683 0.757387
vt 0.242613 0.402683
vt 0.381347 0.237074
vt 0.757387 0.597317
vt 0.500000 0.500000
vt 0.597317 0.242613
vt 0.618652 0.762926
vt 0.999900 0.689010
vt 0.274406 0.000100
vt 0.689010 0.000100
vt 0.725594 0.999900
vt 0.000100 0.725594
vt 0.999900 0.274406
vt 0.000100 0.310990
vt 0.310990 0.999900
vt 0.237074 0.618653
vt 0.762926 0.381347
vt 0.402683 0.757387
vt 0.242613 0.402683
vt 0.381347 0.237074
vt 0.757387 0.597317
vt 0.500000 0.500000
vt 0.597317 0.242613
vt 0.618652 0.762926
vt 0.999900 0.689010
vt 0.274406 0.000100
vt 0.689010 0.000100
vt 0.725594 0.999900
vt 0.000100 0.725594
vt 0.999900 0.274406
vt 0.000100 0.310990
vt 0.310990 0.999900
vt 0.237074 0.618653
vt 0.999900 0.689010
vt 0.500000 0.500000
vt 0.242613 0.402683
vt 0.725594 0.999900
vt 0.762926 0.381347
vt 0.597317 0.242613
vt 0.618652 0.762926
vt 0.757387 0.597317
vt 0.381347 0.237074
vt 0.500000 0.500000
vt 0.757387 0.597317
vt 0.402683 0.757387
vt 0.000100 0.725594
vt 0.618652 0.762926
vt 0.000100 0.310990
vt 0.402683 0.757387
vt 0.242613 0.402683
vt 0.597317 0.242613
vt 0.381347 0.237074
vt 0.762926 0.381347
vn 0.710400 -0.359200 -0.605300
vn 0.150100 0.639700 -0.753800
vn -0.714100 0.451300 0.535100
vn 0.620200 -0.773900 -0.128100
vn -0.261800 0.870600 -0.416500
vn 0.666400 -0.364600 -0.650300
vn -0.026400 0.991800 -0.125400
vn -0.568900 -0.096700 0.816700
vn -0.367100 -0.703500 0.608500
vn 0.521000 0.180600 -0.834200
vn 0.710100 -0.393500 0.583900
vn -0.423700 0.718000 0.552200
vn 0.273600 -0.874300 0.401000
vn -0.186000 -0.614500 0.766700
vn -0.242200 0.391300 0.887800
vn -0.586300 0.807700 0.062000
vn 0.043800 0.622000 0.781800
vn -0.143000 0.216200 0.965800
vn -0.146400 0.972800 0.179800
vn -0.772400 0.612700 0.167700
vn -0.491800 0.859600 -0.138400
vn -0.043200 0.998200 0.042300
vn -0.791600 0.385100 0.474400
vn 0.051100 0.869800 0.490700
vn -0.498300 0.863600 0.077300
vn -0.582200 0.261900 0.769700
vn -0.891500 0.207700 0.402600
vn 0.256600 0.868200 0.424800
vn -0.487000 0.847200 -0.212600
vn -0.599400 0.090900 0.795300
vn 0.199500 0.550500 0.810700
vn -0.465300 0.836600 0.289100
vn -0.842100 0.538600 0.026900
vn -0.134200 0.977900 0.160200
vn -0.419000 0.765900 0.487700
vn -0.075100 0.834900 -0.545300
vn -0.703200 0.478700 -0.525700
vn -0.310700 0.503500 -0.806200
vn 0.069200 0.778400 -0.623900
vn -0.848300 0.500600 -0.172500
vn -0.002800 0.980000 -0.199000
vn -0.385800 0.644000 -0.660600
vn -0.762200 0.621800 0.179800
vn -0.940800 0.308100 -0.141300
vn 0.211100 0.961200 -0.177300
vn 0.113100 0.982000 0.151100
vn -0.807800 0.506500 0.301500
vn -0.006200 0.961000 0.276500
vn -0.087400 0.810900 0.578600
vn -0.732400 0.323900 -0.598900
vn 0.290000 0.750800 0.593500
vn -0.169000 0.671300 0.721600
vn 0.566700 0.821000 -0.070000
vn -0.095500 0.937800 -0.333700
vn 0.338500 0.800100 -0.495300
vn 0.684900 0.715000 -0.140500
vn -0.346900 0.936800 -0.045500
vn 0.544600 0.779500 0.309600
vn 0.285100 0.905400 -0.314600
vn -0.372200 0.867600 0.329700
vn -0.522500 0.842900 -0.128700
vn 0.692000 0.628600 0.355100
vn -0.638400 0.676200 0.367700
vn -0.513300 0.774500 0.369600
vn 0.331800 0.625400 0.706300
vn -0.771200 0.244700 0.587700
vn -0.160200 0.864100 -0.477100
vn -0.479000 0.392200 0.785300
vn -0.768900 0.034900 0.638400
vn -0.162000 0.906600 0.389600
vn -0.618700 0.770600 -0.153100
vn -0.187500 0.978400 -0.087400
vn 0.009600 0.927900 0.372700
vn -0.865300 0.499400 -0.044000
vn -0.250400 0.682500 0.686600
vn -0.344500 0.937200 0.054900
vn -0.935700 0.256200 0.242600
vn -0.897100 0.381900 -0.222300
vn -0.059400 0.631400 0.773200
vn 0.189500 0.963600 -0.188700
vn -0.977900 0.097800 0.185000
vn -0.395000 0.271400 0.877700
vn -0.269500 0.962900 0.015200
vn -0.573300 0.754300 -0.320000
vn -0.014400 0.953800 0.300000
vn -0.450800 0.886500 0.104000
vn 0.632000 0.774300 0.032400
vn 0.340300 0.703000 -0.624500
vn 0.734800 0.557200 -0.386800
vn 0.742400 0.661700 0.105300
vn -0.030800 0.794100 -0.607000
vn 0.362000 0.890000 0.277300
vn 0.600700 0.721200 -0.345000
vn -0.306100 0.882600 -0.356900
vn -0.125600 0.656500 -0.743800
vn 0.409500 0.787200 0.461000
vn 0.288200 0.956900 -0.036500
vn -0.454900 0.799900 -0.391500
vn -0.082600 0.890800 0.446800
vn 0.090600 0.876800 0.472200
vn 0.370000 0.570700 -0.733000
vn 0.455600 0.765300 0.454700
vn -0.078800 0.731200 -0.677600
vn -0.338800 0.676500 0.653900
vn -0.467300 0.840100 -0.275500
vn 0.013900 0.748300 0.663200
vn -0.006900 0.577700 0.816200
vn 0.427600 0.605700 -0.671000
vn -0.246100 0.946000 -0.211000
vn 0.766500 0.565400 -0.304700
vn -0.408500 0.857800 0.311700
vn -0.393800 0.860500 0.323200
vn 0.673900 0.687400 -0.270900
vn 0.003200 0.844300 -0.535800
vn 0.514800 0.644900 0.564900
vn 0.803100 0.568800 0.177600
vn 0.390200 0.761400 -0.517700
vn 0.685900 0.715800 0.130800
vn -0.240500 0.943000 0.230100
vn 0.368000 0.558200 0.743600
vn 0.644800 0.750300 0.145800
vn 0.437900 0.409600 0.800300
vn 0.191500 0.946300 -0.260600
vn 0.458900 0.873000 -0.165100
vn 0.606600 0.794800 -0.020000
vn -0.206600 0.978400 0.011100
vn 0.500200 0.860000 0.100900
vn 0.718500 0.560900 0.411200
vn 0.506900 0.702700 0.499300
vn 0.171000 0.984100 -0.049100
vn -0.577900 0.778000 0.246500
vn 0.557800 0.701200 0.444000
vn -0.050900 0.392700 0.918300
vn -0.464200 0.560600 0.685800
vn 0.093900 0.893600 0.438900
vn -0.295500 0.945800 -0.134500
vn -0.304000 0.669100 0.678100
vn -0.169500 0.801500 0.573400
vn 0.617500 0.534500 0.577100
vn -0.515600 0.820300 0.247500
vn -0.360000 0.897100 0.255900
vn 0.178000 0.697200 0.694400
vn 0.165600 0.958100 0.233600
vn 0.766800 0.632900 0.106900
vn 0.171100 0.565200 0.807000
vn 0.080100 0.888100 -0.452700
vn 0.552100 0.766500 -0.328100
vn -0.333400 0.713200 -0.616700
vn -0.369300 0.901100 -0.227100
vn -0.217400 0.971800 -0.091000
vn -0.454800 0.282400 -0.844700
vn 0.106800 0.950200 -0.292700
vn -0.726100 0.359100 -0.586300
vn -0.472400 0.070000 -0.878600
vn -0.483300 0.865400 -0.132100
vn 0.152900 0.867200 -0.474000
vn -0.027100 0.998600 -0.045400
vn -0.503900 0.862800 0.040400
vn 0.136900 0.624400 -0.769000
vn -0.719600 0.622000 -0.308700
vn -0.127900 0.964000 -0.233100
vn -0.089900 0.360800 -0.928300
vn 0.333700 0.535900 -0.775600
vn -0.833200 0.532700 -0.148400
vn 0.011400 0.999700 0.019400
vn -0.001800 0.218900 -0.975800
vn -0.813700 0.216700 -0.539400
vn -0.238900 0.884600 -0.400600
vn 0.308100 0.865000 -0.396000
vn -0.485300 0.867600 -0.108600
vn -0.330500 0.763900 -0.554300
vn -0.115600 0.851400 0.511700
vn 0.504800 0.851500 0.141900
vn 0.347500 0.734100 0.583400
vn -0.151400 0.747800 0.646500
vn 0.427600 0.873700 -0.231900
vn -0.407700 0.873600 0.265800
vn 0.258800 0.862700 0.434500
vn 0.135200 0.867700 -0.478300
vn 0.577500 0.749100 -0.324600
vn -0.560500 0.748900 0.353600
vn -0.574800 0.817100 0.045000
vn 0.168700 0.768600 -0.617100
vn -0.623200 0.768500 -0.145200
vn -0.723200 0.581300 -0.372900
vn 0.640400 0.747900 0.174600
vn -0.904000 0.420500 -0.076700
vn -0.731700 0.431300 -0.527900
vn -0.575800 0.617700 0.535700
vn -0.084300 0.984500 0.154100
vn -0.129500 0.793000 0.595300
vn -0.540000 0.511500 0.668400
vn -0.171400 0.960900 -0.217600
vn -0.833100 0.467200 0.296200
vn -0.281300 0.846800 0.451500
vn -0.412500 0.787200 -0.458300
vn 0.020100 0.948500 -0.316200
vn -0.881300 0.275800 0.383600
vn -0.070900 0.817700 -0.571300
vn -0.331800 0.727800 -0.600200
vn -0.959000 0.259800 -0.113200
vn 0.140500 0.473300 -0.869600
vn 0.087200 0.979500 0.181400
vn -0.237900 0.418400 -0.876600
vn 0.222700 0.283900 -0.932600
vn -0.538700 0.776800 -0.326300
vn 0.116000 0.987600 -0.105800
vn -0.329000 0.941200 0.076600
vn -0.663500 0.714300 -0.222900
vn 0.378700 0.856500 -0.350800
vn -0.502600 0.572600 -0.647700
vn -0.264400 0.955800 -0.128800
vn 0.416800 0.629200 -0.656000
vn 0.547200 0.806000 -0.225700
vn -0.653500 0.419200 -0.630300
vn -0.376500 0.868900 0.321300
vn 0.555900 0.526000 -0.643700
vn -0.279600 0.256900 -0.925100
vn -0.299000 0.939000 -0.170000
vn 0.172000 0.983300 0.058600
vn -0.635200 0.761600 -0.128200
vn -0.241200 0.895800 -0.373400
vn -0.679800 0.494700 0.541500
vn -0.012100 0.732500 0.680700
vn -0.322900 0.406200 0.854800
vn -0.740000 0.336900 0.582200
vn 0.120400 0.919400 0.374500
vn -0.778400 0.599200 0.187100
vn -0.358900 0.579600 0.731500
vn 0.032400 0.999400 0.011000
vn 0.330200 0.869100 0.368300
vn -0.894300 0.432900 0.113100
vn -0.712300 0.686100 -0.147600
vn 0.168900 0.981100 -0.094800
vn -0.683200 0.677600 -0.272400
vn -0.530100 0.592800 -0.606300
vn 0.112100 0.640400 0.759800
vn -0.787800 0.322200 -0.524900
vn -0.407900 0.504700 -0.760800
vn -0.925000 0.332300 0.184100
vn -0.437000 0.857600 0.271100
vn -0.659500 0.523300 0.539600
vn -0.939200 0.191600 0.285000
vn -0.294000 0.953200 -0.070500
vn -0.951000 0.246000 -0.187500
vn -0.714800 0.606400 0.348300
vn -0.299800 0.847500 -0.438000
vn -0.086100 0.995800 -0.030900
vn -0.981200 0.032300 -0.190300
vn -0.536500 0.783700 0.312900
vn -0.141300 0.849100 -0.509000
vn -0.764100 0.178700 -0.619900
vn -0.782500 0.605000 -0.147200
vn -0.316400 0.862100 0.395900
vn -0.903000 0.401500 0.152900
vn -0.830500 0.450300 -0.328000
vn -0.436000 0.503300 0.746000
vn 0.028200 0.931000 0.363800
vn 0.021700 0.634300 0.772800
vn -0.403600 0.377200 0.833600
vn -0.134300 0.990700 -0.020900
vn -0.754600 0.394000 0.524800
vn -0.142400 0.735100 0.662900
vn -0.465200 0.842300 -0.272100
vn 0.070800 0.982900 -0.169700
vn -0.783500 0.211900 0.584100
vn -0.615600 0.742500 -0.263900
vn -0.404900 0.789600 -0.461100
vn -0.962100 0.239800 0.129900
vn -0.305000 0.691100 -0.655200
vn 0.224700 0.900400 0.372500
vn -0.582100 0.429900 -0.690100
vn -0.143800 0.613900 -0.776200
vn -0.928300 0.367100 -0.059300
vn -0.476500 0.846800 0.236400
vn -0.778700 0.498700 0.380800
vn -0.976100 0.216900 0.013700
vn -0.233900 0.971800 -0.031600
vn -0.842100 0.326000 -0.429600
vn -0.771000 0.606600 0.194000
vn -0.130300 0.909600 -0.394400
vn -0.046900 0.996200 0.073500
vn -0.875600 0.116400 -0.468900
vn 0.153800 0.961200 0.228900
vn 0.042300 0.909300 -0.414000
vn -0.534300 0.297100 -0.791300
vn 0.448300 0.877700 -0.169300
vn -0.399500 0.829100 0.391100
vn 0.095300 0.950000 -0.297400
vn 0.542900 0.771500 -0.331700
vn -0.371000 0.894000 0.251300
vn 0.169200 0.702800 0.691000
vn -0.312400 0.668700 0.674700
vn -0.525700 0.815200 0.243200
vn 0.498100 0.711300 0.496000
vn -0.229200 0.968600 -0.095900
vn -0.179500 0.802200 0.569400
vn 0.635500 0.758900 0.142300
vn 0.610700 0.544800 0.574700
vn -0.380200 0.895400 -0.231700
vn 0.400400 0.874000 0.275400
vn 0.759000 0.642800 0.104000
vn 0.069500 0.886700 -0.457100
vn 0.151300 0.715700 0.681800
vn 0.163800 0.571200 0.804300
vn 0.493000 0.543900 0.679100
vn 0.029400 0.589300 0.807400
vn 0.788000 0.615200 0.023700
vn 0.195500 0.958900 -0.205600
vn 0.570500 0.720200 -0.394700
vn 0.870000 0.489100 -0.063100
vn -0.048900 0.995100 0.086400
vn 0.748700 0.532400 0.395000
vn 0.548500 0.811800 -0.200500
vn -0.099500 0.887500 0.449900
vn -0.243300 0.969900 -0.003900
vn 0.843300 0.339600 0.416500
vn 0.036600 0.757600 0.651700
vn -0.262600 0.836600 0.480800
vn 0.493500 0.398000 0.773400
vn 0.379000 0.788600 0.484300
vn 0.113900 0.927700 -0.355600
vn 0.456400 0.881500 0.121500
vn 0.286700 0.933100 -0.217300
vn 0.182000 0.628500 0.756200
vn 0.375800 0.859300 -0.347000
vn -0.678600 0.696700 0.232800
vn 0.536100 0.567100 0.625300
vn -0.538000 0.808900 -0.237000
vn -0.337000 0.749100 0.570400
vn -0.429400 0.893500 -0.131200
vn -0.106600 0.865400 -0.489600
vn 0.244200 0.907100 0.343000
vn -0.507600 0.828300 0.237400
vn 0.062800 0.600400 0.797200
vn -0.087800 0.952100 -0.292800
vn 0.634700 0.769100 0.074800
vn 0.493600 0.674900 0.548500
vn -0.029300 0.978300 0.205300
vn -0.420200 0.624500 0.658400
vn -0.231000 0.959400 -0.161700
vn -0.328100 0.828300 0.454100
vn -0.457900 0.846100 0.272800
vn 0.140200 0.455900 0.878900
vn 0.002700 0.770700 0.637200
vn 0.225700 0.903200 -0.365100
vn -0.257000 0.914900 0.311300
vn 0.660900 0.727600 -0.183700
vn -0.290500 0.648200 0.703900
vn 0.043300 0.986900 0.155500
vn 0.582700 0.811000 -0.052900
vn -0.116200 0.992600 -0.035600
vn 0.601400 0.416400 0.681900
vn 0.823800 0.513000 0.241100
vn 0.244800 0.956800 -0.156800
vn 0.683800 0.670400 0.288100
vn -0.162800 0.748700 0.642600
vn -0.466100 0.692900 0.550100
vn 0.546300 0.821300 0.164400
vn 0.071800 0.926300 -0.369900
vn 0.531000 0.785800 -0.317100
vn 0.682500 0.713800 0.157200
vn -0.281500 0.933100 -0.223800
vn 0.357200 0.791700 0.495500
vn 0.403800 0.896500 -0.182400
vn -0.471800 0.875700 0.102900
vn -0.402700 0.835600 -0.373500
vn 0.467600 0.643100 0.606500
vn -0.422500 0.876600 0.230300
vn -0.616800 0.783100 0.078700
vn -0.011300 0.649100 0.760600
vn -0.218600 0.808300 0.546600
vn 0.077000 0.847800 -0.524800
vn -0.018100 0.869000 0.494500
vn -0.724300 0.682500 0.098000
vn -0.960000 0.279900 0.004500
vn -0.889100 0.111600 0.443900
vn -0.633800 0.526400 0.566700
vn -0.931600 -0.080200 0.354600
vn -0.169300 0.546000 0.820500
vn -0.324400 0.940400 0.101900
vn -0.920500 0.359100 0.154000
vn -0.001400 0.518500 0.855100
vn -0.667400 0.028500 0.744200
vn -0.242700 0.091200 0.965800
vn -0.686500 0.713800 -0.138300
vn -0.636900 -0.142000 0.757700
vn -0.707000 0.697500 -0.116600
vn -0.866900 0.486100 0.110400
vn -0.383500 0.237500 0.892500
vn -0.775300 0.416200 0.475100
vn -0.186300 0.694200 0.695200
vn -0.097500 0.991900 0.081800
vn 0.384600 0.569900 0.726100
vn -0.714900 0.616900 -0.329100
vn -0.033400 0.590200 0.806500
vn -0.462900 0.328900 0.823200
vn -0.835900 0.211400 0.506600
vn -0.499400 0.805700 0.318600
vn -0.363400 0.913700 -0.181700
vn 0.272000 0.727200 0.630300
vn 0.087600 0.995700 -0.029200
vn 0.179600 0.874600 0.450300
vn -0.294600 0.893100 -0.339900
vn -0.937100 0.347400 0.032900
vn 0.008200 0.899200 0.437500
vn -0.495300 0.471600 0.729600
vn 0.479500 0.816500 0.321700
vn -0.410200 0.731400 0.544800
vn -0.733000 0.468300 -0.493400
vn -0.534000 0.822800 0.194600
vn 0.354800 0.934700 -0.020000
vn -0.416800 0.834900 -0.359500
vn 0.497400 0.852700 -0.159700
vn 0.622700 0.719000 0.308800
vn 0.054400 0.919800 -0.388700
vn -0.432100 0.858500 -0.276200
vn -0.102500 0.526200 0.844100
vn -0.670800 0.727000 0.146700
vn -0.327400 0.939000 -0.105500
vn -0.813200 0.566700 -0.132600
vn -0.544900 0.575700 0.609700
vn -0.088700 0.665400 0.741200
vn 0.034200 0.973800 -0.224800
vn -0.031700 0.953300 0.300300
vn -0.451300 0.480800 -0.751800
vn 0.190200 0.981400 -0.025100
vn -0.254800 0.954500 0.154800
vn 0.019600 0.546700 -0.837100
vn 0.096500 0.868900 -0.485500
vn -0.434800 0.330700 -0.837600
vn -0.197400 0.935700 0.292400
vn -0.607800 0.787500 0.102600
vn -0.896600 0.440400 -0.047400
vn -0.190100 0.956300 -0.222100
vn -0.814700 0.269600 -0.513500
vn 0.004600 0.990800 -0.134900
vn -0.644100 0.704300 0.298500
vn -0.265300 0.954900 0.133600
vn -0.120700 0.671700 -0.730900
vn 0.264400 0.826000 -0.497800
vn 0.254800 0.966900 0.010800
vn -0.371400 0.876100 -0.307400
vn 0.358400 0.789100 0.498900
vn 0.692900 0.708100 -0.136200
vn 0.753200 0.572700 0.323600
vn 0.371000 0.679500 0.633000
vn 0.447800 0.790400 -0.418000
vn -0.002500 0.899500 0.436900
vn 0.635400 0.733600 0.241100
vn 0.079700 0.873500 -0.480200
vn 0.497600 0.650100 -0.574200
vn -0.115900 0.798700 0.590500
vn -0.265100 0.905100 0.332500
vn 0.015400 0.787200 -0.616500
vn -0.411500 0.890600 0.193900
vn -0.652300 0.756300 0.049300
vn 0.797900 0.576100 -0.177400
vn -0.694000 0.601000 0.396300
vn -0.771700 0.631000 -0.079500
vn -0.069100 0.652400 0.754700
vn 0.238200 0.955200 0.175500
vn 0.374500 0.725200 0.577800
vn 0.001700 0.525900 0.850500
vn -0.024800 0.994700 -0.099300
vn -0.438500 0.587100 0.680500
vn 0.189000 0.825500 0.531800
vn -0.386700 0.903900 -0.182900
vn 0.083200 0.955800 -0.282100
vn -0.480400 0.400300 0.780300
vn -0.150400 0.877900 -0.454700
vn -0.403800 0.846900 -0.346100
vn -0.795900 0.460400 0.393100
vn -0.203200 0.536300 -0.819200
vn 0.393800 0.912400 0.111300
vn -0.535700 0.560400 -0.631700
vn -0.210500 0.343200 -0.915400
vn -0.429000 0.903300 -0.005000
vn 0.277100 0.949000 -0.150200
vn -0.014800 0.972100 0.234100
vn -0.496500 0.855400 0.147700
vn 0.343800 0.797900 -0.495100
vn -0.606700 0.736300 -0.299600
vn -0.059600 0.997900 0.024500
vn 0.170400 0.606200 -0.776900
vn 0.534800 0.699600 -0.473800
vn -0.760100 0.615700 -0.207500
vn 0.050000 0.882000 0.468600
vn 0.268400 0.476100 -0.837400
vn -0.632700 0.417800 -0.652100
vn -0.112900 0.993600 0.006800
vn 0.404600 0.913700 -0.037600
vn -0.414700 0.884300 0.214700
vn -0.175900 0.964400 -0.197600
vn -0.182000 0.553200 0.812900
vn 0.500800 0.632300 0.591100
vn 0.250900 0.357100 0.899700
vn -0.249300 0.407100 0.878700
vn 0.503300 0.824000 0.260200
vn -0.415900 0.717500 0.558800
vn 0.200400 0.547900 0.812200
vn 0.268100 0.963400 -0.007100
vn 0.663700 0.733300 0.147700
vn -0.588700 0.588200 0.554500
vn -0.506600 0.828900 0.237400
vn 0.325200 0.930600 -0.167900
vn -0.546200 0.829700 0.115200
vn -0.604300 0.756500 -0.250000
vn 0.622100 0.508100 0.595600
vn -0.842900 0.535900 -0.048300
vn -0.599700 0.664800 -0.445300
vn -0.602700 0.488100 0.631200
vn -0.028100 0.889300 0.456400
vn -0.159300 0.577100 0.801000
vn -0.597600 0.342100 0.725200
vn -0.055900 0.994400 0.089700
vn -0.829400 0.454300 0.325100
vn -0.281000 0.692200 0.664800
vn -0.268300 0.937100 -0.223100
vn 0.147400 0.988900 0.017500
vn -0.906400 0.253100 0.338200
vn -0.408100 0.761000 0.504300
vn -0.170800 0.915100 -0.365200
vn -0.904100 0.403100 -0.142000
vn -0.085800 0.706200 0.702800
vn 0.135700 0.854100 0.502000
vn 0.274500 0.761600 0.587100
vn -0.533400 0.832500 0.150100
vn 0.033100 0.959500 -0.279600
vn 0.623800 0.735300 0.265100
vn -0.433400 0.841500 -0.322500
vn 0.052600 0.896300 -0.440200
vn 0.480600 0.833300 0.273100
vn -0.030700 0.968800 0.246100
vn -0.328100 0.931500 -0.156900
vn 0.387500 0.610000 0.691200
vn -0.107900 0.832600 0.543300
vn -0.583500 0.554700 0.593200
vn -0.276500 0.472500 0.836800
vn -0.584100 0.764200 0.273600
vn 0.354500 0.932100 -0.074200
vn 0.110900 0.992500 0.050700
vn -0.014800 0.972100 0.234000
vn -0.325200 0.945600 0.004000
vn 0.206500 0.961400 -0.182100
vn -0.750400 0.645300 0.142800
vn 0.166100 0.347900 0.922700
vn 0.584900 0.784700 0.205200
vn -0.682400 0.412300 0.603600
vn 0.383800 0.663300 0.642500
vn 0.423800 0.855200 0.298300
vn 0.551700 0.518900 0.653000
vn 0.125200 0.487500 0.864100
vn -0.470300 0.878100 0.088000
vn -0.727800 0.618900 -0.295400
vn -0.840000 0.539100 0.061400
vn -0.417400 0.812400 -0.407100
vn -0.381200 0.904900 -0.189300
vn 0.018000 0.995600 0.092500
vn -0.314200 0.294300 0.902600
vn -0.090400 0.957900 -0.272300
vn 0.232100 0.968800 0.087100
vn 0.309000 0.400400 0.862700
vn 0.043900 0.925000 -0.377400
vn -0.769500 0.492300 -0.406900
vn 0.143300 0.809300 0.569700
vn -0.080900 0.891000 0.446800
vn -0.718200 0.552000 0.423700
vn -0.936800 0.347000 0.044800
vn -0.066100 0.473000 0.878600
vn -0.757300 0.406900 0.510900
vn -0.404500 0.722300 0.560900
vn 0.566700 0.543600 0.619100
vn 0.056100 0.839600 0.540300
vn 0.345800 0.236700 0.907900
vn 0.708600 0.680700 0.186100
vn 0.316500 0.941300 0.117100
vn -0.153300 0.287300 0.945500
vn 0.368000 0.925300 -0.091900
vn -0.346900 0.643300 0.682500
vn -0.316300 0.870700 0.376600
vn 0.593200 0.748200 0.297100
vn -0.062700 0.991200 0.116900
vn -0.491200 0.546800 0.678000
vn -0.328600 0.765900 0.552700
vn -0.679700 0.411000 0.607500
vn 0.708800 0.383500 0.592000
vn -0.128500 0.990700 -0.043800
vn -0.397200 0.335800 0.854100
vn -0.494200 0.829100 0.261600
vn -0.049000 0.493200 0.868500
vn -0.395600 0.169100 0.902700
vn 0.348700 0.658800 0.666600
vn 0.105500 0.927600 0.358400
vn -0.781000 0.221900 0.583700
vn 0.288700 0.925700 0.244300
vn -0.751000 0.597400 0.281300
vn -0.525300 0.845300 0.097400
vn 0.186000 0.719600 0.669000
vn -0.167800 0.981100 0.096200
vn -0.847100 0.502900 0.171700
vn -0.383100 0.905700 0.181300
vn 0.042000 0.996600 -0.070300
vn 0.078300 0.333900 0.939300
vn -0.102800 0.992600 -0.064400
vn -0.231000 0.916800 -0.325900
vn -0.570600 0.813600 -0.111200
vn -0.579100 0.772200 -0.261500
vn -0.164900 0.863100 -0.477400
vn -0.879400 0.474100 -0.043800
vn -0.711600 0.586300 0.387100
vn 0.226300 0.958100 -0.175700
vn -0.800400 0.399000 0.447300
vn 0.132000 0.945400 0.297900
vn -0.090500 0.810800 0.578300
vn -0.790800 0.612000 0.013800
vn -0.427800 0.640600 0.637600
vn 0.298200 0.899700 0.318800
vn -0.228600 0.969000 0.094100
vn -0.061100 0.834200 0.548000
vn -0.619900 0.652300 -0.436300
vn -0.416200 0.510700 0.752300
vn 0.242600 0.912600 0.329200
vn 0.045800 0.704800 0.707900
vn 0.252800 0.966300 -0.049300
vn 0.387100 0.836300 0.388300
vn 0.124200 0.860000 -0.494900
vn -0.338400 0.859300 -0.383600
vn 0.017600 0.708900 0.705100
vn -0.360200 0.743000 -0.564200
vn -0.429700 0.735000 0.524600
vn -0.652300 0.727200 0.213700
vn 0.036600 0.931100 -0.362800
vn -0.635700 0.753600 -0.167500
vn -0.470900 0.609700 0.637600
vn 0.194900 0.882000 0.429100
vn -0.105000 0.993600 0.042000
vn 0.445300 0.888800 -0.108700
vn -0.733800 0.633400 -0.245600
vn -0.326100 0.884300 0.334200
vn -0.787800 0.563100 0.249600
vn -0.219000 0.717500 0.661300
vn -0.482300 0.829700 0.281200
vn 0.039800 0.407100 0.912500
vn 0.445700 0.547900 0.708000
vn -0.229100 0.964400 -0.132200
vn 0.521200 0.357100 0.775100
vn 0.252200 0.963400 -0.091100
vn 0.559700 0.824000 0.088700
vn 0.083000 0.553200 0.828900
vn 0.661300 0.632300 0.403600
vn 0.255900 0.930600 -0.261700
vn -0.406200 0.828900 0.384700
vn -0.652300 0.756500 -0.047200
vn -0.384400 0.588200 0.711500
vn 0.777900 0.508100 0.369700
vn -0.815300 0.535900 0.219400
vn 0.676400 0.733300 -0.068600
vn -0.685000 0.454300 0.569500
vn -0.902800 0.403100 0.149600
vn -0.339100 0.342100 0.876300
vn -0.057600 0.692200 0.719400
vn -0.709400 0.664800 -0.234000
vn 0.100800 0.577100 0.810400
vn -0.324900 0.937100 -0.127400
vn -0.024800 0.994400 0.102800
vn -0.373500 0.488100 0.788800
vn 0.116900 0.889300 0.442100
vn -0.277000 0.915100 -0.292900
vn 0.262100 0.938200 0.226300
vn 0.526800 0.653100 0.544000
vn -0.754000 0.253100 0.606200
vn 0.286800 0.854100 0.433800
vn 0.715800 0.665400 0.211800
vn 0.145400 0.988900 -0.029800
vn 0.591600 0.796400 -0.125300
vn 0.824800 0.531300 0.193600
vn 0.260200 0.847400 -0.462900
vn -0.068800 0.986500 -0.148600
vn 0.602000 0.475700 0.641300
vn -0.209400 0.930000 -0.302300
vn 0.177200 0.700100 0.691700
vn -0.133600 0.843200 0.520800
vn 0.273400 0.913000 -0.302700
vn -0.265200 0.947800 0.177300
vn 0.137300 0.575600 0.806100
vn -0.670300 0.734200 0.108200
vn -0.542500 0.609200 0.578400
vn 0.690300 0.671000 -0.270600
vn -0.427300 0.891700 0.149600
vn -0.099100 0.573100 0.813500
vn -0.297600 0.734700 0.609600
vn 0.496500 0.842300 -0.209700
vn 0.000000 1.000000 0.000000
vn 0.000000 1.000000 0.000000
vn 0.000000 1.000000 0.000000
vn 0.000000 1.000000 0.000000
vn 0.000000 1.000000 0.000000
vn 0.000000 1.000000 0.000000
vn 0.000000 1.000000 0.000000
vn 0.000000 1.000000 0.000000
vn 0.000000 1.000000 0.000000
vn 0.000000 1.000000 0.000000
vn 0.000000 1.000000 0.000000
vn 0.000000 1.000000 0.000000
vn 0.000000 1.000000 0.000000
vn 0.000000 1.000000 0.000000
vn 0.000000 1.000000 0.000000
vn 0.000000 1.000000 0.000000
vn 0.000000 1.000000 0.000000
vn 0.000000 1.000000 0.000000
vn 0.000000 1.000000 0.000000
vn 0.000000 1.000000 0.000000
vn 0.000000 1.000000 0.000000
vn 0.000000 1.000000 0.000000
vn 0.000000 1.000000 0.000000
vn 0.000000 1.000000 0.000000
vn 0.000000 1.000000 0.000000
vn 0.000000 1.000000 0.000000
vn 0.000000 1.000000 0.000000
vn 0.000000 1.000000 0.000000
vn 0.000000 1.000000 0.000000
vn 0.000000 1.000000 0.000000
vn 0.000000 1.000000 0.000000
vn 0.000000 1.000000 0.000000
vn 0.000000 1.000000 0.000000
vn 0.000000 1.000000 0.000000
vn 0.000000 1.000000 0.000000
vn 0.000000 1.000000 0.000000
vn 0.000000 1.000000 0.000000
vn 0.000000 1.000000 0.000000
vn 0.000000 1.000000 0.000000
vn 0.000000 1.000000 0.000000
vn 0.000000 1.000000 0.000000
vn 0.000000 1.000000 0.000000
vn 0.000000 1.000000 0.000000
vn 0.000000 1.000000 0.000000
vn 0.000000 1.000000 0.000000
vn 0.000000 1.000000 0.000000
vn 0.000000 1.000000 0.000000
vn 0.000000 1.000000 0.000000
vn 0.000000 1.000000 0.000000
vn 0.000000 1.000000 0.000000
vn 0.000000 1.000000 0.000000
vn 0.000000 1.000000 0.000000
vn 0.000000 1.000000 0.000000
vn 0.000000 1.000000 0.000000
vn 0.000000 1.000000 0.000000
vn 0.000000 1.000000 0.000000
vn 0.000000 1.000000 0.000000
vn 0.000000 1.000000 0.000000
vn 0.000000 1.000000 0.000000
vn 0.000000 1.000000 0.000000
vn 0.000000 1.000000 0.000000
vn 0.000000 1.000000 0.000000
vn 0.000000 1.000000 0.000000
vn 0.000000 1.000000 0.000000
vn 0.000000 1.000000 0.000000
vn 0.000000 1.000000 0.000000
vn 0.000000 1.000000 0.000000
vn 0.000000 1.000000 0.000000
vn 0.000000 1.000000 0.000000
vn 0.000000 1.000000 0.000000
vn 0.000000 1.000000 0.000000
vn 0.000000 1.000000 0.000000
vn 0.000000 1.000000 0.000000
vn 0.000000 1.000000 0.000000
vn 0.000000 1.000000 0.000000
vn 0.000000 1.000000 0.000000
vn 0.000000 1.000000 0.000000
vn 0.000000 1.000000 0.000000
vn 0.000000 1.000000 0.000000
vn 0.000000 1.000000 0.000000
vn 0.000000 1.000000 0.000000
vn 0.000000 1.000000 0.000000
vn 0.000000 1.000000 0.000000
vn 0.000000 1.000000 0.000000
vn 0.000000 1.000000 0.000000
vn -0.361100 0.719300 -0.593500
vn 0.000000 1.000000 0.000000
vn -0.343600 0.596500 0.725400
vn 0.000000 1.000000 0.000000
f 1/1/1 2/2/2 3/3/3
f 1/1/1 3/3/3 4/4/4
f 5/5/5 6/6/6 2/2/2
f 5/5/5 2/2/2 1/1/1
f 7/7/7 5/5/5 1/1/1
f 7/7/7 1/1/1 8/8/8
f 8/8/8 1/1/1 4/4/4
f 8/8/8 4/4/4 9/9/9
f 8/8/8 9/9/9 10/10/10
f 8/8/8 10/10/10 11/11/11
f 3/3/3 2/2/2 12/12/12
f 3/3/3 12/12/12 13/13/13
f 7/7/7 8/8/8 11/11/11
f 7/7/7 11/11/11 14/14/14
f 5/5/5 7/7/7 14/14/14
f 5/5/5 14/14/14 15/15/15
f 2/2/2 6/6/6 16/16/16
f 2/2/2 16/16/16 12/12/12
f 9/9/9 4/4/4 17/17/17
f 9/9/9 17/17/17 10/10/10
f 6/6/6 5/5/5 15/15/15
f 6/6/6 15/15/15 16/16/16
f 4/4/4 3/3/3 13/13/13
f 4/4/4 13/13/13 17/17/17
f 18/18/18 19/19/19 20/20/20
f 18/18/18 20/20/20 21/21/21
f 22/22/22 23/23/23 19/19/19
f 22/22/22 19/19/19 18/18/18
f 24/24/24 22/22/22 18/18/18
f 24/24/24 18/18/18 25/25/25
f 25/25/25 18/18/18 21/21/21
f 25/25/25 21/21/21 26/26/26
f 25/25/25 26/26/26 27/27/27
f 25/25/25 27/27/27 28/28/28
f 20/20/20 19/19/19 29/29/29
f 20/20/20 29/29/29 30/30/30
f 24/24/24 25/25/25 28/28/28
f 24/24/24 28/28/28 31/31/31
f 22/22/22 24/24/24 31/31/31
f 22/22/22 31/31/31 32/32/32
f 19/19/19 23/23/23 33/33/33
f 19/19/19 33/33/33 29/29/29
f 26/26/26 21/21/21 34/34/34
f 26/26/26 34/34/34 27/27/27
f 23/23/23 22/22/22 32/32/32
f 23/23/23 32/32/32 33/33/33
f 21/21/21 20/20/20 30/30/30
f 21/21/21 30/30/30 34/34/34
f 35/35/35 36/36/36 37/37/37
f 35/35/35 37/37/37 38/38/38
f 39/39/39 40/40/40 36/36/36
f 39/39/39 36/36/36 35/35/35
f 41/41/41 39/39/39 35/35/35
f 41/41/41 35/35/35 42/42/42
f 42/42/42 35/35/35 38/38/38
f 42/42/42 38/38/38 43/43/43
f 42/42/42 43/43/43 44/44/44
f 42/42/42 44/44/44 45/45/45
f 37/37/37 36/36/36 46/46/46
f 37/37/37 46/46/46 47/47/47
f 41/41/41 42/42/42 45/45/45
f 41/41/41 45/45/45 48/48/48
f 39/39/39 41/41/41 48/48/48
f 39/39/39 48/48/48 49/49/49
f 36/36/36 40/40/40 50/50/50
f 36/36/36 50/50/50 46/46/46
f 43/43/43 38/38/38 51/51/51
f 43/43/43 51/51/51 44/44/44
f 40/40/40 39/39/39 49/49/49
f 40/40/40 49/49/49 50/50/50
f 38/38/38 37/37/37 47/47/47
f 38/38/38 47/47/47 51/51/51
f 52/52/52 53/53/53 54/54/54
f 52/52/52 54/54/54 55/55/55
f 56/56/56 57/57/57 53/53/53
f 56/56/56 53/53/53 52/52/52
f 58/58/58 56/56/56 52/52/52
f 58/58/58 52/52/52 59/59/59
f 59/59/59 52/52/52 55/55/55
f 59/59/59 55/55/55 60/60/60
f 59/59/59 60/60/60 61/61/61
f 59/59/59 61/61/61 62/62/62
f 54/54/54 53/53/53 63/63/63
f 54/54/54 63/63/63 64/64/64
f 58/58/58 59/59/59 62/62/62
f 58/58/58 62/62/62 65/65/65
f 56/56/56 58/58/58 65/65/65
f 56/56/56 65/65/65 66/66/66
f 53/53/53 57/57/57 67/67/67
f 53/53/53 67/67/67 63/63/63
f 60/60/60 55/55/55 68/68/68
f 60/60/60 68/68/68 61/61/61
f 57/57/57 56/56/56 66/66/66
f 57/57/57 66/66/66 67/67/67
f 55/55/55 54/54/54 64/64/64
f 55/55/55 64/64/64 68/68/68
f 69/69/69 70/70/70 71/71/71
f 69/69/69 71/71/71 72/72/72
f 73/73/73 74/74/74 70/70/70
f 73/73/73 70/70/70 69/69/69
f 75/75/75 73/73/73 69/69/69
f 75/75/75 69/69/69 76/76/76
f 76/76/76 69/69/69 72/72/72
f 76/76/76 72/72/72 77/77/77
f 76/76/76 77/77/77 78/78/78
f 76/76/76 78/78/78 79/79/79
f 71/71/71 70/70/70 80/80/80
f 71/71/71 80/80/80 81/81/81
f 75/75/75 76/76/76 79/79/79
f 75/75/75 79/79/79 82/82/82
f 73/73/73 75/75/75 82/82/82
f 73/73/73 82/82/82 83/83/83
f 70/70/70 74/74/74 84/84/84
f 70/70/70 84/84/84 80/80/80
f 77/77/77 72/72/72 85/85/85
f 77/77/77 85/85/85 78/78/78
f 74/74/74 73/73/73 83/83/83
f 74/74/74 83/83/83 84/84/84
f 72/72/72 71/71/71 81/81/81
f 72/72/72 81/81/81 85/85/85
f 86/86/86 87/87/87 88/88/88
f 86/86/86 88/88/88 89/89/89
f 90/90/90 91/91/91 87/87/87
f 90/90/90 87/87/87 86/86/86
f 92/92/92 90/90/90 86/86/86
f 92/92/92 86/86/86 93/93/93
f 93/93/93 86/86/86 89/89/89
f 93/93/93 89/89/89 94/94/94
f 93/93/93 94/94/94 95/95/95
f 93/93/93 95/95/95 96/96/96
f 88/88/88 87/87/87 97/97/97
f 88/88/88 97/97/97 98/98/98
f 92/92/92 93/93/93 96/96/96
f 92/92/92 96/96/96 99/99/99
f 90/90/90 92/92/92 99/99/99
f 90/90/90 99/99/99 100/100/100
f 87/87/87 91/91/91 101/101/101
f 87/87/87 101/101/101 97/97/97
f 94/94/94 89/89/89 102/102/102
f 94/94/94 102/102/102 95/95/95
f 91/91/91 90/90/90 100/100/100
f 91/91/91 100/100/100 101/101/101
f 89/89/89 88/88/88 98/98/98
f 89/89/89 98/98/98 102/102/102
f 103/103/103 104/104/104 105/105/105
f 103/103/103 105/105/105 106/106/106
f 103/103/103 107/107/107 108/108/108
f 103/103/103 108/108/108 109/109/109
f 104/104/104 103/103/103 109/109/109
f 104/104/104 109/109/109 110/110/110
f 111/111/111 112/112/112 113/113/113
f 111/111/111 113/113/113 114/114/114
f 111/111/111 106/106/106 115/115/115
f 111/111/111 115/115/115 112/112/112
f 107/107/107 103/103/103 106/106/106
f 107/107/107 106/106/106 111/111/111
f 115/115/115 116/116/116 117/117/117
f 115/115/115 117/117/117 118/118/118
f 112/112/112 115/115/115 118/118/118
f 112/112/112 118/118/118 113/113/113
f 107/107/107 111/111/111 114/114/114
f 107/107/107 114/114/114 108/108/108
f 116/116/116 105/105/105 119/119/119
f 116/116/116 119/119/119 117/117/117
f 105/105/105 104/104/104 110/110/110
f 105/105/105 110/110/110 119/119/119
f 106/106/106 105/105/105 116/116/116
f 106/106/106 116/116/116 115/115/115
f 120/120/120 121/121/121 122/122/122
f 120/120/120 122/122/122 123/123/123
f 120/120/120 124/124/124 125/125/125
f 120/120/120 125/125/125 126/126/126
f 121/121/121 120/120/120 126/126/126
f 121/121/121 126/126/126 127/127/127
f 128/128/128 129/129/129 130/130/130
f 128/128/128 130/130/130 131/131/131
f 128/128/128 123/123/123 132/132/132
f 128/128/128 132/132/132 129/129/129
f 124/124/124 120/120/120 123/123/123
f 124/124/124 123/123/123 128/128/128
f 132/132/132 133/133/133 134/134/134
f 132/132/132 134/134/134 135/135/135
f 129/129/129 132/132/132 135/135/135
f 129/129/129 135/135/135 130/130/130
f 124/124/124 128/128/128 131/131/131
f 124/124/124 131/131/131 125/125/125
f 133/133/133 122/122/122 136/136/136
f 133/133/133 136/136/136 134/134/134
f 122/122/122 121/121/121 127/127/127
f 122/122/122 127/127/127 136/136/136
f 123/123/123 122/122/122 133/133/133
f 123/123/123 133/133/133 132/132/132
f 137/137/137 138/138/138 139/139/139
f 137/137/137 139/139/139 140/140/140
f 141/141/141 142/142/142 138/138/138
f 141/141/141 138/138/138 137/137/137
f 143/143/143 141/141/141 137/137/137
f 143/143/143 137/137/137 144/144/144
f 144/144/144 137/137/137 140/140/140
f 144/144/144 140/140/140 145/145/145
f 144/144/144 145/145/145 146/146/146
f 144/144/144 146/146/146 147/147/147
f 139/139/139 138/138/138 148/148/148
f 139/139/139 148/148/148 149/149/149
f 143/143/143 144/144/144 147/147/147
f 143/143/143 147/147/147 150/150/150
f 141/141/141 143/143/143 150/150/150
f 141/141/141 150/150/150 151/151/151
f 138/138/138 142/142/142 152/152/152
f 138/138/138 152/152/152 148/148/148
f 145/145/145 140/140/140 153/153/153
f 145/145/145 153/153/153 146/146/146
f 142/142/142 141/141/141 151/151/151
f 142/142/142 151/151/151 152/152/152
f 140/140/140 139/139/139 149/149/149
f 140/140/140 149/149/149 153/153/153
f 154/154/154 155/155/155 156/156/156
f 154/154/154 156/156/156 157/157/157
f 158/158/158 159/159/159 155/155/155
f 158/158/158 155/155/155 154/154/154
f 160/160/160 158/158/158 154/154/154
f 160/160/160 154/154/154 161/161/161
f 161/161/161 154/154/154 157/157/157
f 161/161/161 157/157/157 162/162/162
f 161/161/161 162/162/162 163/163/163
f 161/161/161 163/163/163 164/164/164
f 156/156/156 155/155/155 165/165/165
f 156/156/156 165/165/165 166/166/166
f 160/160/160 161/161/161 164/164/164
f 160/160/160 164/164/164 167/167/167
f 158/158/158 160/160/160 167/167/167
f 158/158/158 167/167/167 168/168/168
f 155/155/155 159/159/159 169/169/169
f 155/155/155 169/169/169 165/165/165
f 162/162/162 157/157/157 170/170/170
f 162/162/162 170/170/170 163/163/163
f 159/159/159 158/158/158 168/168/168
f 159/159/159 168/168/168 169/169/169
f 157/157/157 156/156/156 166/166/166
f 157/157/157 166/166/166 170/170/170
f 171/171/171 172/172/172 173/173/173
f 171/171/171 173/173/173 174/174/174
f 175/175/175 176/176/176 172/172/172
f 175/175/175 172/172/172 171/171/171
f 177/177/177 175/175/175 171/171/171
f 177/177/177 171/171/171 178/178/178
f 178/178/178 171/171/171 174/174/174
f 178/178/178 174/174/174 179/179/179
f 178/178/178 179/179/179 180/180/180
f 178/178/178 180/180/180 181/181/181
f 173/173/173 172/172/172 182/182/182
f 173/173/173 182/182/182 183/183/183
f 177/177/177 178/178/178 181/181/181
f 177/177/177 181/181/181 184/184/184
f 175/175/175 177/177/177 184/184/184
f 175/175/175 184/184/184 185/185/185
f 172/172/172 176/176/176 186/186/186
f 172/172/172 186/186/186 182/182/182
f 179/179/179 174/174/174 187/187/187
f 179/179/179 187/187/187 180/180/180
f 176/176/176 175/175/175 185/185/185
f 176/176/176 185/185/185 186/186/186
f 174/174/174 173/173/173 183/183/183
f 174/174/174 183/183/183 187/187/187
f 188/188/188 189/189/189 190/190/190
f 188/188/188 190/190/190 191/191/191
f 192/192/192 193/193/193 189/189/189
f 192/192/192 189/189/189 188/188/188
f 194/194/194 192/192/192 188/188/188
f 194/194/194 188/188/188 195/195/195
f 195/195/195 188/188/188 191/191/191
f 195/195/195 191/191/191 196/196/196
f 195/195/195 196/196/196 197/197/197
f 195/195/195 197/197/197 198/198/198
f 190/190/190 189/189/189 199/199/199
f 190/190/190 199/199/199 200/200/200
f 194/194/194 195/195/195 198/198/198
f 194/194/194 198/198/198 201/201/201
f 192/192/192 194/194/194 201/201/201
f 192/192/192 201/201/201 202/202/202
f 189/189/189 193/193/193 203/203/203
f 189/189/189 203/203/203 199/199/199
f 196/196/196 191/191/191 204/204/204
f 196/196/196 204/204/204 197/197/197
f 193/193/193 192/192/192 202/202/202
f 193/193/193 202/202/202 203/203/203
f 191/191/191 190/190/190 200/200/200
f 191/191/191 200/200/200 204/204/204
f 205/205/205 206/206/206 207/207/207
f 205/205/205 207/207/207 208/208/208
f 209/209/209 210/210/210 206/206/206
f 209/209/209 206/206/206 205/205/205
f 211/211/211 209/209/209 205/205/205
f 211/211/211 205/205/205 212/212/212
f 212/212/212 205/205/205 208/208/208
f 212/212/212 208/208/208 213/213/213
f 212/212/212 213/213/213 214/214/214
f 212/212/212 214/214/214 215/215/215
f 207/207/207 206/206/206 216/216/216
f 207/207/207 216/216/216 217/217/217
f 211/211/211 212/212/212 215/215/215
f 211/211/211 215/215/215 218/218/218
f 209/209/209 211/211/211 218/218/218
f 209/209/209 218/218/218 219/219/219
f 206/206/206 210/210/210 220/220/220
f 206/206/206 220/220/220 216/216/216
f 213/213/213 208/208/208 221/221/221
f 213/213/213 221/221/221 214/214/214
f 210/210/210 209/209/209 219/219/219
f 210/210/210 219/219/219 220/220/220
f 208/208/208 207/207/207 217/217/217
f 208/208/208 217/217/217 221/221/221
f 222/222/222 223/223/223 224/224/224
f 222/222/222 224/224/224 225/225/225
f 226/226/226 227/227/227 223/223/223
f 226/226/226 223/223/223 222/222/222
f 228/228/228 226/226/226 222/222/222
f 228/228/228 222/222/222 229/229/229
f 229/229/229 222/222/222 225/225/225
f 229/229/229 225/225/225 230/230/230
f 229/229/229 230/230/230 231/231/231
f 229/229/229 231/231/231 232/232/232
f 224/224/224 223/223/223 233/233/233
f 224/224/224 233/233/233 234/234/234
f 228/228/228 229/229/229 232/232/232
f 228/228/228 232/232/232 235/235/235
f 226/226/226 228/228/228 235/235/235
f 226/226/226 235/235/235 236/236/236
f 223/223/223 227/227/227 237/237/237
f 223/223/223 237/237/237 233/233/233
f 230/230/230 225/225/225 238/238/238
f 230/230/230 238/238/238 231/231/231
f 227/227/227 226/226/226 236/236/236
f 227/227/227 236/236/236 237/237/237
f 225/225/225 224/224/224 234/234/234
f 225/225/225 234/234/234 238/238/238
f 239/239/239 240/240/240 241/241/241
f 239/239/239 241/241/241 242/242/242
f 243/243/243 244/244/244 240/240/240
f 243/243/243 240/240/240 239/239/239
f 245/245/245 243/243/243 239/239/239
f 245/245/245 239/239/239 246/246/246
f 246/246/246 239/239/239 242/242/242
f 246/246/246 242/242/242 247/247/247
f 246/246/246 247/247/247 248/248/248
f 246/246/246 248/248/248 249/249/249
f 241/241/241 240/240/240 250/250/250
f 241/241/241 250/250/250 251/251/251
f 245/245/245 246/246/246 249/249/249
f 245/245/245 249/249/249 252/252/252
f 243/243/243 245/245/245 252/252/252
f 243/243/243 252/252/252 253/253/253
f 240/240/240 244/244/244 254/254/254
f 240/240/240 254/254/254 250/250/250
f 247/247/247 242/242/242 255/255/255
f 247/247/247 255/255/255 248/248/248
f 244/244/244 243/243/243 253/253/253
f 244/244/244 253/253/253 254/254/254
f 242/242/242 241/241/241 251/251/251
f 242/242/242 251/251/251 255/255/255
f 256/256/256 257/257/257 258/258/258
f 256/256/256 258/258/258 259/259/259
f 260/260/260 261/261/261 257/257/257
f 260/260/260 257/257/257 256/256/256
f 262/262/262 260/260/260 256/256/256
f 262/262/262 256/256/256 263/263/263
f 263/263/263 256/256/256 259/259/259
f 263/263/263 259/259/259 264/264/264
f 263/263/263 264/264/264 265/265/265
f 263/263/263 265/265/265 266/266/266
f 258/258/258 257/257/257 267/267/267
f 258/258/258 267/267/267 268/268/268
f 262/262/262 263/263/263 266/266/266
f 262/262/262 266/266/266 269/269/269
f 260/260/260 262/262/262 269/269/269
f 260/260/260 269/269/269 270/270/270
f 257/257/257 261/261/261 271/271/271
f 257/257/257 271/271/271 267/267/267
f 264/264/264 259/259/259 272/272/272
f 264/264/264 272/272/272 265/265/265
f 261/261/261 260/260/260 270/270/270
f 261/261/261 270/270/270 271/271/271
f 259/259/259 258/258/258 268/268/268
f 259/259/259 268/268/268 272/272/272
f 273/273/273 274/274/274 275/275/275
f 273/273/273 275/275/275 276/276/276
f 277/277/277 278/278/278 274/274/274
f 277/277/277 274/274/274 273/273/273
f 279/279/279 277/277/277 273/273/273
f 279/279/279 273/273/273 280/280/280
f 280/280/280 273/273/273 276/276/276
f 280/280/280 276/276/276 281/281/281
f 280/280/280 281/281/281 282/282/282
f 280/280/280 282/282/282 283/283/283
f 275/275/275 274/274/274 284/284/284
f 275/275/275 284/284/284 285/285/285
f 279/279/279 280/280/280 283/283/283
f 279/279/279 283/283/283 286/286/286
f 277/277/277 279/279/279 286/286/286
f 277/277/277 286/286/286 287/287/287
f 274/274/274 278/278/278 288/288/288
f 274/274/274 288/288/288 284/284/284
f 281/281/281 276/276/276 289/289/289
f 281/281/281 289/289/289 282/282/282
f 278/278/278 277/277/277 287/287/287
f 278/278/278 287/287/287 288/288/288
f 276/276/276 275/275/275 285/285/285
f 276/276/276 285/285/285 289/289/289
f 290/290/290 291/291/291 292/292/292
f 290/290/290 292/292/292 293/293/293
f 294/294/294 295/295/295 291/291/291
f 294/294/294 291/291/291 290/290/290
f 296/296/296 294/294/294 290/290/290
f 296/296/296 290/290/290 297/297/297
f 297/297/297 290/290/290 293/293/293
f 297/297/297 293/293/293 298/298/298
f 297/297/297 298/298/298 299/299/299
f 297/297/297 299/299/299 300/300/300
f 292/292/292 291/291/291 301/301/301
f 292/292/292 301/301/301 302/302/302
f 296/296/296 297/297/297 300/300/300
f 296/296/296 300/300/300 303/303/303
f 294/294/294 296/296/296 303/303/303
f 294/294/294 303/303/303 304/304/304
f 291/291/291 295/295/295 305/305/305
f 291/291/291 305/305/305 301/301/301
f 298/298/298 293/293/293 306/306/306
f 298/298/298 306/306/306 299/299/299
f 295/295/295 294/294/294 304/304/304
f 295/295/295 304/304/304 305/305/305
f 293/293/293 292/292/292 302/302/302
f 293/293/293 302/302/302 306/306/306
f 307/307/307 308/308/308 309/309/309
f 307/307/307 309/309/309 310/310/310
f 311/311/311 312/312/312 308/308/308
f 311/311/311 308/308/308 307/307/307
f 313/313/313 311/311/311 307/307/307
f 313/313/313 307/307/307 314/314/314
f 314/314/314 307/307/307 310/310/310
f 314/314/314 310/310/310 315/315/315
f 314/314/314 315/315/315 316/316/316
f 314/314/314 316/316/316 317/317/317
f 309/309/309 308/308/308 318/318/318
f 309/309/309 318/318/318 319/319/319
f 313/313/313 314/314/314 317/317/317
f 313/313/313 317/317/317 320/320/320
f 311/311/311 313/313/313 320/320/320
f 311/311/311 320/320/320 321/321/321
f 308/308/308 312/312/312 322/322/322
f 308/308/308 322/322/322 318/318/318
f 315/315/315 310/310/310 323/323/323
f 315/315/315 323/323/323 316/316/316
f 312/312/312 311/311/311 321/321/321
f 312/312/312 321/321/321 322/322/322
f 310/310/310 309/309/309 319/319/319
f 310/310/310 319/319/319 323/323/323
f 324/324/324 325/325/325 326/326/326
f 324/324/324 326/326/326 327/327/327
f 324/324/324 328/328/328 329/329/329
f 324/324/324 329/329/329 330/330/330
f 325/325/325 324/324/324 330/330/330
f 325/325/325 330/330/330 331/331/331
f 332/332/332 333/333/333 334/334/334
f 332/332/332 334/334/334 335/335/335
f 332/332/332 327/327/327 336/336/336
f 332/332/332 336/336/336 333/333/333
f 328/328/328 324/324/324 327/327/327
f 328/328/328 327/327/327 332/332/332
f 336/336/336 337/337/337 338/338/338
f 336/336/336 338/338/338 339/339/339
f 333/333/333 336/336/336 339/339/339
f 333/333/333 339/339/339 334/334/334
f 328/328/328 332/332/332 335/335/335
f 328/328/328 335/335/335 329/329/329
f 337/337/337 326/326/326 340/340/340
f 337/337/337 340/340/340 338/338/338
f 326/326/326 325/325/325 331/331/331
f 326/326/326 331/331/331 340/340/340
f 327/327/327 326/326/326 337/337/337
f 327/327/327 337/337/337 336/336/336
f 341/341/341 342/342/342 343/343/343
f 341/341/341 343/343/343 344/344/344
f 341/341/341 345/345/345 346/346/346
f 341/341/341 346/346/346 347/347/347
f 342/342/342 341/341/341 347/347/347
f 342/342/342 347/347/347 348/348/348
f 349/349/349 350/350/350 351/351/351
f 349/349/349 351/351/351 352/352/352
f 349/349/349 344/344/344 353/353/353
f 349/349/349 353/353/353 350/350/350
f 345/345/345 341/341/341 344/344/344
f 345/345/345 344/344/344 349/349/349
f 353/353/353 354/354/354 355/355/355
f 353/353/353 355/355/355 356/356/356
f 350/350/350 353/353/353 356/356/356
f 350/350/350 356/356/356 351/351/351
f 345/345/345 349/349/349 352/352/352
f 345/345/345 352/352/352 346/346/346
f 354/354/354 343/343/343 357/357/357
f 354/354/354 357/357/357 355/355/355
f 343/343/343 342/342/342 348/348/348
f 343/343/343 348/348/348 357/357/357
f 344/344/344 343/343/343 354/354/354
f 344/344/344 354/354/354 353/353/353
f 358/358/358 359/359/359 360/360/360
f 358/358/358 360/360/360 361/361/361
f 362/362/362 363/363/363 359/359/359
f 362/362/362 359/359/359 358/358/358
f 364/364/364 362/362/362 358/358/358
f 364/364/364 358/358/358 365/365/365
f 365/365/365 358/358/358 361/361/361
f 365/365/365 361/361/361 366/366/366
f 365/365/365 366/366/366 367/367/367
f 365/365/365 367/367/367 368/368/368
f 360/360/360 359/359/359 369/369/369
f 360/360/360 369/369/369 370/370/370
f 364/364/364 365/365/365 368/368/368
f 364/364/364 368/368/368 371/371/371
f 362/362/362 364/364/364 371/371/371
f 362/362/362 371/371/371 372/372/372
f 359/359/359 363/363/363 373/373/373
f 359/359/359 373/373/373 369/369/369
f 366/366/366 361/361/361 374/374/374
f 366/366/366 374/374/374 367/367/367
f 363/363/363 362/362/362 372/372/372
f 363/363/363 372/372/372 373/373/373
f 361/361/361 360/360/360 370/370/370
f 361/361/361 370/370/370 374/374/374
f 375/375/375 376/376/376 377/377/377
f 375/375/375 377/377/377 378/378/378
f 379/379/379 380/380/380 376/376/376
f 379/379/379 376/376/376 375/375/375
f 381/381/381 379/379/379 375/375/375
f 381/381/381 375/375/375 382/382/382
f 382/382/382 375/375/375 378/378/378
f 382/382/382 378/378/378 383/383/383
f 382/382/382 383/383/383 384/384/384
f 382/382/382 384/384/384 385/385/385
f 377/377/377 376/376/376 386/386/386
f 377/377/377 386/386/386 387/387/387
f 381/381/381 382/382/382 385/385/385
f 381/381/381 385/385/385 388/388/388
f 379/379/379 381/381/381 388/388/388
f 379/379/379 388/388/388 389/389/389
f 376/376/376 380/380/380 390/390/390
f 376/376/376 390/390/390 386/386/386
f 383/383/383 378/378/378 391/391/391
f 383/383/383 391/391/391 384/384/384
f 380/380/380 379/379/379 389/389/389
f 380/380/380 389/389/389 390/390/390
f 378/378/378 377/377/377 387/387/387
f 378/378/378 387/387/387 391/391/391
f 392/392/392 393/393/393 394/394/394
f 392/392/392 394/394/394 395/395/395
f 393/393/393 396/396/396 397/397/397
f 393/393/393 397/397/397 394/394/394
f 398/398/398 399/399/399 400/400/400
f 398/398/398 400/400/400 401/401/401
f 399/399/399 398/398/398 402/402/402
f 399/399/399 402/402/402 403/403/403
f 403/403/403 392/392/392 395/395/395
f 403/403/403 395/395/395 404/404/404
f 405/405/405 406/406/406 407/407/407
f 405/405/405 407/407/407 408/408/408
f 403/403/403 402/402/402 393/393/393
f 403/403/403 393/393/393 392/392/392
f 399/399/399 403/403/403 404/404/404
f 399/399/399 404/404/404 400/400/400
f 406/406/406 398/398/398 401/401/401
f 406/406/406 401/401/401 407/407/407
f 402/402/402 405/405/405 396/396/396
f 402/402/402 396/396/396 393/393/393
f 396/396/396 405/405/405 408/408/408
f 396/396/396 408/408/408 397/397/397
f 398/398/398 406/406/406 405/405/405
f 398/398/398 405/405/405 402/402/402
f 409/409/409 410/410/410 411/411/411
f 409/409/409 411/411/411 412/412/412
f 413/413/413 414/414/414 415/415/415
f 413/413/413 415/415/415 416/416/416
f 411/411/411 410/410/410 417/417/417
f 411/411/411 417/417/417 418/418/418
f 419/419/419 413/413/413 416/416/416
f 419/419/419 416/416/416 420/420/420
f 421/421/421 409/409/409 412/412/412
f 421/421/421 412/412/412 419/419/419
f 412/412/412 411/411/411 422/422/422
f 412/412/412 422/422/422 414/414/414
f 410/410/410 409/409/409 423/423/423
f 410/410/410 423/423/423 417/417/417
f 414/414/414 422/422/422 424/424/424
f 414/414/414 424/424/424 415/415/415
f 422/422/422 411/411/411 418/418/418
f 422/422/422 418/418/418 424/424/424
f 421/421/421 419/419/419 420/420/420
f 421/421/421 420/420/420 425/425/425
f 409/409/409 421/421/421 425/425/425
f 409/409/409 425/425/425 423/423/423
f 419/419/419 412/412/412 414/414/414
f 419/419/419 414/414/414 413/413/413
f 426/426/426 427/427/427 428/428/428
f 426/426/426 428/428/428 429/429/429
f 427/427/427 430/430/430 431/431/431
f 427/427/427 431/431/431 428/428/428
f 432/432/432 433/433/433 434/434/434
f 432/432/432 434/434/434 435/435/435
f 433/433/433 432/432/432 436/436/436
f 433/433/433 436/436/436 437/437/437
f 437/437/437 426/426/426 429/429/429
f 437/437/437 429/429/429 438/438/438
f 439/439/439 440/440/440 441/441/441
f 439/439/439 441/441/441 442/442/442
f 437/437/437 436/436/436 427/427/427
f 437/437/437 427/427/427 426/426/426
f 433/433/433 437/437/437 438/438/438
f 433/433/433 438/438/438 434/434/434
f 440/440/440 432/432/432 435/435/435
f 440/440/440 435/435/435 441/441/441
f 436/436/436 439/439/439 430/430/430
f 436/436/436 430/430/430 427/427/427
f 430/430/430 439/439/439 442/442/442
f 430/430/430 442/442/442 431/431/431
f 432/432/432 440/440/440 439/439/439
f 432/432/432 439/439/439 436/436/436
f 443/443/443 444/444/444 445/445/445
f 443/443/443 445/445/445 446/446/446
f 447/447/447 448/448/448 444/444/444
f 447/447/447 444/444/444 443/443/443
f 449/449/449 447/447/447 443/443/443
f 449/449/449 443/443/443 450/450/450
f 450/450/450 443/443/443 446/446/446
f 450/450/450 446/446/446 451/451/451
f 450/450/450 451/451/451 452/452/452
f 450/450/450 452/452/452 453/453/453
f 445/445/445 444/444/444 454/454/454
f 445/445/445 454/454/454 455/455/455
f 449/449/449 450/450/450 453/453/453
f 449/449/449 453/453/453 456/456/456
f 447/447/447 449/449/449 456/456/456
f 447/447/447 456/456/456 457/457/457
f 444/444/444 448/448/448 458/458/458
f 444/444/444 458/458/458 454/454/454
f 451/451/451 446/446/446 459/459/459
f 451/451/451 459/459/459 452/452/452
f 448/448/448 447/447/447 457/457/457
f 448/448/448 457/457/457 458/458/458
f 446/446/446 445/445/445 455/455/455
f 446/446/446 455/455/455 459/459/459
f 460/460/460 461/461/461 462/462/462
f 460/460/460 462/462/462 463/463/463
f 464/464/464 465/465/465 461/461/461
f 464/464/464 461/461/461 460/460/460
f 466/466/466 464/464/464 460/460/460
f 466/466/466 460/460/460 467/467/467
f 467/467/467 460/460/460 463/463/463
f 467/467/467 463/463/463 468/468/468
f 467/467/467 468/468/468 469/469/469
f 467/467/467 469/469/469 470/470/470
f 462/462/462 461/461/461 471/471/471
f 462/462/462 471/471/471 472/472/472
f 466/466/466 467/467/467 470/470/470
f 466/466/466 470/470/470 473/473/473
f 464/464/464 466/466/466 473/473/473
f 464/464/464 473/473/473 474/474/474
f 461/461/461 465/465/465 475/475/475
f 461/461/461 475/475/475 471/471/471
f 468/468/468 463/463/463 476/476/476
f 468/468/468 476/476/476 469/469/469
f 465/465/465 464/464/464 474/474/474
f 465/465/465 474/474/474 475/475/475
f 463/463/463 462/462/462 472/472/472
f 463/463/463 472/472/472 476/476/476
f 477/477/477 478/478/478 479/479/479
f 477/477/477 479/479/479 480/480/480
f 481/481/481 482/482/482 478/478/478
f 481/481/481 478/478/478 477/477/477
f 483/483/483 481/481/481 477/477/477
f 483/483/483 477/477/477 484/484/484
f 484/484/484 477/477/477 480/480/480
f 484/484/484 480/480/480 485/485/485
f 484/484/484 485/485/485 486/486/486
f 484/484/484 486/486/486 487/487/487
f 479/479/479 478/478/478 488/488/488
f 479/479/479 488/488/488 489/489/489
f 483/483/483 484/484/484 487/487/487
f 483/483/483 487/487/487 490/490/490
f 481/481/481 483/483/483 490/490/490
f 481/481/481 490/490/490 491/491/491
f 478/478/478 482/482/482 492/492/492
f 478/478/478 492/492/492 488/488/488
f 485/485/485 480/480/480 493/493/493
f 485/485/485 493/493/493 486/486/486
f 482/482/482 481/481/481 491/491/491
f 482/482/482 491/491/491 492/492/492
f 480/480/480 479/479/479 489/489/489
f 480/480/480 489/489/489 493/493/493
f 494/494/494 495/495/495 496/496/496
f 494/494/494 496/496/496 497/497/497
f 498/498/498 499/499/499 495/495/495
f 498/498/498 495/495/495 494/494/494
f 500/500/500 498/498/498 494/494/494
f 500/500/500 494/494/494 501/501/501
f 501/501/501 494/494/494 497/497/497
f 501/501/501 497/497/497 502/502/502
f 501/501/501 502/502/502 503/503/503
f 501/501/501 503/503/503 504/504/504
f 496/496/496 495/495/495 505/505/505
f 496/496/496 505/505/505 506/506/506
f 500/500/500 501/501/501 504/504/504
f 500/500/500 504/504/504 507/507/507
f 498/498/498 500/500/500 507/507/507
f 498/498/498 507/507/507 508/508/508
f 495/495/495 499/499/499 509/509/509
f 495/495/495 509/509/509 505/505/505
f 502/502/502 497/497/497 510/510/510
f 502/502/502 510/510/510 503/503/503
f 499/499/499 498/498/498 508/508/508
f 499/499/499 508/508/508 509/509/509
f 497/497/497 496/496/496 506/506/506
f 497/497/497 506/506/506 510/510/510
f 511/511/511 512/512/512 513/513/513
f 511/511/511 513/513/513 514/514/514
f 515/515/515 516/516/516 512/512/512
f 515/515/515 512/512/512 511/511/511
f 517/517/517 515/515/515 511/511/511
f 517/517/517 511/511/511 518/518/518
f 518/518/518 511/511/511 514/514/514
f 518/518/518 514/514/514 519/519/519
f 518/518/518 519/519/519 520/520/520
f 518/518/518 520/520/520 521/521/521
f 513/513/513 512/512/512 522/522/522
f 513/513/513 522/522/522 523/523/523
f 517/517/517 518/518/518 521/521/521
f 517/517/517 521/521/521 524/524/524
f 515/515/515 517/517/517 524/524/524
f 515/515/515 524/524/524 525/525/525
f 512/512/512 516/516/516 526/526/526
f 512/512/512 526/526/526 522/522/522
f 519/519/519 514/514/514 527/527/527
f 519/519/519 527/527/527 520/520/520
f 516/516/516 515/515/515 525/525/525
f 516/516/516 525/525/525 526/526/526
f 514/514/514 513/513/513 523/523/523
f 514/514/514 523/523/523 527/527/527
f 528/528/528 529/529/529 530/530/530
f 528/528/528 530/530/530 531/531/531
f 532/532/532 533/533/533 529/529/529
f 532/532/532 529/529/529 528/528/528
f 534/534/534 532/532/532 528/528/528
f 534/534/534 528/528/528 535/535/535
f 535/535/535 528/528/528 531/531/531
f 535/535/535 531/531/531 536/536/536
f 535/535/535 536/536/536 537/537/537
f 535/535/535 537/537/537 538/538/538
f 530/530/530 529/529/529 539/539/539
f 530/530/530 539/539/539 540/540/540
f 534/534/534 535/535/535 538/538/538
f 534/534/534 538/538/538 541/541/541
f 532/532/532 534/534/534 541/541/541
f 532/532/532 541/541/541 542/542/542
f 529/529/529 533/533/533 543/543/543
f 529/529/529 543/543/543 539/539/539
f 536/536/536 531/531/531 544/544/544
f 536/536/536 544/544/544 537/537/537
f 533/533/533 532/532/532 542/542/542
f 533/533/533 542/542/542 543/543/543
f 531/531/531 530/530/530 540/540/540
f 531/531/531 540/540/540 544/544/544
f 545/545/545 546/546/546 547/547/547
f 545/545/545 547/547/547 548/548/548
f 549/549/549 550/550/550 546/546/546
f 549/549/549 546/546/546 545/545/545
f 551/551/551 549/549/549 545/545/545
f 551/551/551 545/545/545 552/552/552
f 552/552/552 545/545/545 548/548/548
f 552/552/552 548/548/548 553/553/553
f 552/552/552 553/553/553 554/554/554
f 552/552/552 554/554/554 555/555/555
f 547/547/547 546/546/546 556/556/556
f 547/547/547 556/556/556 557/557/557
f 551/551/551 552/552/552 555/555/555
f 551/551/551 555/555/555 558/558/558
f 549/549/549 551/551/551 558/558/558
f 549/549/549 558/558/558 559/559/559
f 546/546/546 550/550/550 560/560/560
f 546/546/546 560/560/560 556/556/556
f 553/553/553 548/548/548 561/561/561
f 553/553/553 561/561/561 554/554/554
f 550/550/550 549/549/549 559/559/559
f 550/550/550 559/559/559 560/560/560
f 548/548/548 547/547/547 557/557/557
f 548/548/548 557/557/557 561/561/561
f 562/562/562 563/563/563 564/564/564
f 562/562/562 564/564/564 565/565/565
f 566/566/566 564/564/564 567/567/567
f 566/566/566 567/567/567 568/568/568
f 569/569/569 570/570/570 571/571/571
f 569/569/569 571/571/571 572/572/572
f 573/573/573 562/562/562 565/565/565
f 573/573/573 565/565/565 569/569/569
f 569/569/569 565/565/565 574/574/574
f 569/569/569 574/574/574 570/570/570
f 565/565/565 564/564/564 566/566/566
f 565/565/565 566/566/566 574/574/574
f 575/575/575 576/576/576 577/577/577
f 575/575/575 577/577/577 578/578/578
f 579/579/579 580/580/580 576/576/576
f 579/579/579 576/576/576 575/575/575
f 581/581/581 579/579/579 575/575/575
f 581/581/581 575/575/575 582/582/582
f 582/582/582 575/575/575 578/578/578
f 582/582/582 578/578/578 583/583/583
f 582/582/582 583/583/583 584/584/584
f 582/582/582 584/584/584 585/585/585
f 577/577/577 576/576/576 586/586/586
f 577/577/577 586/586/586 587/587/587
f 581/581/581 582/582/582 585/585/585
f 581/581/581 585/585/585 588/588/588
f 579/579/579 581/581/581 588/588/588
f 579/579/579 588/588/588 589/589/589
f 576/576/576 580/580/580 590/590/590
f 576/576/576 590/590/590 586/586/586
f 583/583/583 578/578/578 591/591/591
f 583/583/583 591/591/591 584/584/584
f 580/580/580 579/579/579 589/589/589
f 580/580/580 589/589/589 590/590/590
f 578/578/578 577/577/577 587/587/587
f 578/578/578 587/587/587 591/591/591
f 592/592/592 593/593/593 594/594/594
f 592/592/592 594/594/594 595/595/595
f 596/596/596 597/597/597 593/593/593
f 596/596/596 593/593/593 592/592/592
f 598/598/598 596/596/596 592/592/592
f 598/598/598 592/592/592 599/599/599
f 599/599/599 592/592/592 595/595/595
f 599/599/599 595/595/595 600/600/600
f 599/599/599 600/600/600 601/601/601
f 599/599/599 601/601/601 602/602/602
f 594/594/594 593/593/593 603/603/603
f 594/594/594 603/603/603 604/604/604
f 598/598/598 599/599/599 602/602/602
f 598/598/598 602/602/602 605/605/605
f 596/596/596 598/598/598 605/605/605
f 596/596/596 605/605/605 606/606/606
f 593/593/593 597/597/597 607/607/607
f 593/593/593 607/607/607 603/603/603
f 600/600/600 595/595/595 608/608/608
f 600/600/600 608/608/608 601/601/601
f 597/597/597 596/596/596 606/606/606
f 597/597/597 606/606/606 607/607/607
f 595/595/595 594/594/594 604/604/604
f 595/595/595 604/604/604 608/608/608
f 609/609/609 610/610/610 611/611/611
f 609/609/609 611/611/611 612/612/612
f 613/613/613 614/614/614 610/610/610
f 613/613/613 610/610/610 609/609/609
f 615/615/615 613/613/613 609/609/609
f 615/615/615 609/609/609 616/616/616
f 616/616/616 609/609/609 612/612/612
f 616/616/616 612/612/612 617/617/617
f 616/616/616 617/617/617 618/618/618
f 616/616/616 618/618/618 619/619/619
f 611/611/611 610/610/610 620/620/620
f 611/611/611 620/620/620 621/621/621
f 615/615/615 616/616/616 619/619/619
f 615/615/615 619/619/619 622/622/622
f 613/613/613 615/615/615 622/622/622
f 613/613/613 622/622/622 623/623/623
f 610/610/610 614/614/614 624/624/624
f 610/610/610 624/624/624 620/620/620
f 617/617/617 612/612/612 625/625/625
f 617/617/617 625/625/625 618/618/618
f 614/614/614 613/613/613 623/623/623
f 614/614/614 623/623/623 624/624/624
f 612/612/612 611/611/611 621/621/621
f 612/612/612 621/621/621 625/625/625
f 626/626/626 627/627/627 628/628/628
f 626/626/626 628/628/628 629/629/629
f 630/630/630 631/631/631 627/627/627
f 630/630/630 627/627/627 626/626/626
f 632/632/632 630/630/630 626/626/626
f 632/632/632 626/626/626 633/633/633
f 633/633/633 626/626/626 629/629/629
f 633/633/633 629/629/629 634/634/634
f 633/633/633 634/634/634 635/635/635
f 633/633/633 635/635/635 636/636/636
f 628/628/628 627/627/627 637/637/637
f 628/628/628 637/637/637 638/638/638
f 632/632/632 633/633/633 636/636/636
f 632/632/632 636/636/636 639/639/639
f 630/630/630 632/632/632 639/639/639
f 630/630/630 639/639/639 640/640/640
f 627/627/627 631/631/631 641/641/641
f 627/627/627 641/641/641 637/637/637
f 634/634/634 629/629/629 642/642/642
f 634/634/634 642/642/642 635/635/635
f 631/631/631 630/630/630 640/640/640
f 631/631/631 640/640/640 641/641/641
f 629/629/629 628/628/628 638/638/638
f 629/629/629 638/638/638 642/642/642
f 643/643/643 644/644/644 645/645/645
f 643/643/643 645/645/645 646/646/646
f 647/647/647 648/648/648 644/644/644
f 647/647/647 644/644/644 643/643/643
f 649/649/649 647/647/647 643/643/643
f 649/649/649 643/643/643 650/650/650
f 650/650/650 643/643/643 646/646/646
f 650/650/650 646/646/646 651/651/651
f 650/650/650 651/651/651 652/652/652
f 650/650/650 652/652/652 653/653/653
f 645/645/645 644/644/644 654/654/654
f 645/645/645 654/654/654 655/655/655
f 649/649/649 650/650/650 653/653/653
f 649/649/649 653/653/653 656/656/656
f 647/647/647 649/649/649 656/656/656
f 647/647/647 656/656/656 657/657/657
f 644/644/644 648/648/648 658/658/658
f 644/644/644 658/658/658 654/654/654
f 651/651/651 646/646/646 659/659/659
f 651/651/651 659/659/659 652/652/652
f 648/648/648 647/647/647 657/657/657
f 648/648/648 657/657/657 658/658/658
f 646/646/646 645/645/645 655/655/655
f 646/646/646 655/655/655 659/659/659
f 660/660/660 661/661/661 662/662/662
f 660/660/660 662/662/662 663/663/663
f 664/664/664 665/665/665 661/661/661
f 664/664/664 661/661/661 660/660/660
f 666/666/666 664/664/664 660/660/660
f 666/666/666 660/660/660 667/667/667
f 667/667/667 660/660/660 663/663/663
f 667/667/667 663/663/663 668/668/668
f 667/667/667 668/668/668 669/669/669
f 667/667/667 669/669/669 670/670/670
f 662/662/662 661/661/661 671/671/671
f 662/662/662 671/671/671 672/672/672
f 666/666/666 667/667/667 670/670/670
f 666/666/666 670/670/670 673/673/673
f 664/664/664 666/666/666 673/673/673
f 664/664/664 673/673/673 674/674/674
f 661/661/661 665/665/665 675/675/675
f 661/661/661 675/675/675 671/671/671
f 668/668/668 663/663/663 676/676/676
f 668/668/668 676/676/676 669/669/669
f 665/665/665 664/664/664 674/674/674
f 665/665/665 674/674/674 675/675/675
f 663/663/663 662/662/662 672/672/672
f 663/663/663 672/672/672 676/676/676
f 677/677/677 678/678/678 679/679/679
f 677/677/677 679/679/679 680/680/680
f 681/681/681 682/682/682 678/678/678
f 681/681/681 678/678/678 677/677/677
f 683/683/683 681/681/681 677/677/677
f 683/683/683 677/677/677 684/684/684
f 684/684/684 677/677/677 680/680/680
f 684/684/684 680/680/680 685/685/685
f 684/684/684 685/685/685 686/686/686
f 684/684/684 686/686/686 687/687/687
f 679/679/679 678/678/678 688/688/688
f 679/679/679 688/688/688 689/689/689
f 683/683/683 684/684/684 687/687/687
f 683/683/683 687/687/687 690/690/690
f 681/681/681 683/683/683 690/690/690
f 681/681/681 690/690/690 691/691/691
f 678/678/678 682/682/682 692/692/692
f 678/678/678 692/692/692 688/688/688
f 685/685/685 680/680/680 693/693/693
f 685/685/685 693/693/693 686/686/686
f 682/682/682 681/681/681 691/691/691
f 682/682/682 691/691/691 692/692/692
f 680/680/680 679/679/679 689/689/689
f 680/680/680 689/689/689 693/693/693
f 694/694/694 695/695/695 696/696/696
f 694/694/694 696/696/696 697/697/697
f 698/698/698 699/699/699 695/695/695
f 698/698/698 695/695/695 694/694/694
f 700/700/700 698/698/698 694/694/694
f 700/700/700 694/694/694 701/701/701
f 701/701/701 694/694/694 697/697/697
f 701/701/701 697/697/697 702/702/702
f 701/701/701 702/702/702 703/703/703
f 701/701/701 703/703/703 704/704/704
f 696/696/696 695/695/695 705/705/705
f 696/696/696 705/705/705 706/706/706
f 700/700/700 701/701/701 704/704/704
f 700/700/700 704/704/704 707/707/707
f 698/698/698 700/700/700 707/707/707
f 698/698/698 707/707/707 708/708/708
f 695/695/695 699/699/699 709/709/709
f 695/695/695 709/709/709 705/705/705
f 702/702/702 697/697/697 710/710/710
f 702/702/702 710/710/710 703/703/703
f 699/699/699 698/698/698 708/708/708
f 699/699/699 708/708/708 709/709/709
f 697/697/697 696/696/696 706/706/706
f 697/697/697 706/706/706 710/710/710
f 711/711/711 712/712/712 713/713/713
f 711/711/711 713/713/713 714/714/714
f 715/715/715 716/716/716 712/712/712
f 715/715/715 712/712/712 711/711/711
f 717/717/717 715/715/715 711/711/711
f 717/717/717 711/711/711 718/718/718
f 718/718/718 711/711/711 714/714/714
f 718/718/718 714/714/714 719/719/719
f 718/718/718 719/719/719 720/720/720
f 718/718/718 720/720/720 721/721/721
f 713/713/713 712/712/712 722/722/722
f 713/713/713 722/722/722 723/723/723
f 717/717/717 718/718/718 721/721/721
f 717/717/717 721/721/721 724/724/724
f 715/715/715 717/717/717 724/724/724
f 715/715/715 724/724/724 725/725/725
f 712/712/712 716/716/716 726/726/726
f 712/712/712 726/726/726 722/722/722
f 719/719/719 714/714/714 727/727/727
f 719/719/719 727/727/727 720/720/720
f 716/716/716 715/715/715 725/725/725
f 716/716/716 725/725/725 726/726/726
f 714/714/714 713/713/713 723/723/723
f 714/714/714 723/723/723 727/727/727
f 728/728/728 729/729/729 730/730/730
f 728/728/728 730/730/730 731/731/731
f 732/732/732 733/733/733 729/729/729
f 732/732/732 729/729/729 728/728/728
f 734/734/734 732/732/732 728/728/728
f 734/734/734 728/728/728 735/735/735
f 735/735/735 728/728/728 731/731/731
f 735/735/735 731/731/731 736/736/736
f 735/735/735 736/736/736 737/737/737
f 735/735/735 737/737/737 738/738/738
f 730/730/730 729/729/729 739/739/739
f 730/730/730 739/739/739 740/740/740
f 734/734/734 735/735/735 738/738/738
f 734/734/734 738/738/738 741/741/741
f 732/732/732 734/734/734 741/741/741
f 732/732/732 741/741/741 742/742/742
f 729/729/729 733/733/733 743/743/743
f 729/729/729 743/743/743 739/739/739
f 736/736/736 731/731/731 744/744/744
f 736/736/736 744/744/744 737/737/737
f 733/733/733 732/732/732 742/742/742
f 733/733/733 742/742/742 743/743/743
f 731/731/731 730/730/730 740/740/740
f 731/731/731 740/740/740 744/744/744
f 745/745/745 746/746/746 747/747/747
f 745/745/745 747/747/747 748/748/748
f 749/749/749 750/750/750 746/746/746
f 749/749/749 746/746/746 745/745/745
f 751/751/751 749/749/749 745/745/745
f 751/751/751 745/745/745 752/752/752
f 752/752/752 745/745/745 748/748/748
f 752/752/752 748/748/748 753/753/753
f 752/752/752 753/753/753 754/754/754
f 752/752/752 754/754/754 755/755/755
f 747/747/747 746/746/746 756/756/756
f 747/747/747 756/756/756 757/757/757
f 751/751/751 752/752/752 755/755/755
f 751/751/751 755/755/755 758/758/758
f 749/749/749 751/751/751 758/758/758
f 749/749/749 758/758/758 759/759/759
f 746/746/746 750/750/750 760/760/760
f 746/746/746 760/760/760 756/756/756
f 753/753/753 748/748/748 761/761/761
f 753/753/753 761/761/761 754/754/754
f 750/750/750 749/749/749 759/759/759
f 750/750/750 759/759/759 760/760/760
f 748/748/748 747/747/747 757/757/757
f 748/748/748 757/757/757 761/761/761
f 762/762/762 763/763/763 764/764/764
f 762/762/762 764/764/764 765/765/765
f 766/766/766 767/767/767 763/763/763
f 766/766/766 763/763/763 762/762/762
f 768/768/768 766/766/766 762/762/762
f 768/768/768 762/762/762 769/769/769
f 769/769/769 762/762/762 765/765/765
f 769/769/769 765/765/765 770/770/770
f 769/769/769 770/770/770 771/771/771
f 769/769/769 771/771/771 772/772/772
f 764/764/764 763/763/763 773/773/773
f 764/764/764 773/773/773 774/774/774
f 768/768/768 769/769/769 772/772/772
f 768/768/768 772/772/772 775/775/775
f 766/766/766 768/768/768 775/775/775
f 766/766/766 775/775/775 776/776/776
f 763/763/763 767/767/767 777/777/777
f 763/763/763 777/777/777 773/773/773
f 770/770/770 765/765/765 778/778/778
f 770/770/770 778/778/778 771/771/771
f 767/767/767 766/766/766 776/776/776
f 767/767/767 776/776/776 777/777/777
f 765/765/765 764/764/764 774/774/774
f 765/765/765 774/774/774 778/778/778
f 573/573/573 569/569/569 572/572/572
f 573/573/573 572/572/572 779/779/779
f 562/562/562 573/573/573 779/779/779
f 562/562/562 779/779/779 780/780/780
f 564/564/564 563/563/563 781/781/781
f 564/564/564 781/781/781 567/567/567
f 570/570/570 574/574/574 782/782/782
f 570/570/570 782/782/782 571/571/571
f 563/563/563 562/562/562 780/780/780
f 563/563/563 780/780/780 781/781/781
f 574/574/574 566/566/566 568/568/568
f 574/574/574 568/568/568 782/782/782
