# Blender v2.79 (sub 0) OBJ File: 'Tree_3.blend'
# www.blender.org
mtllib Tree_3.mtl
o Tree_3_Cylinder.004
v 0.226300 -0.001380 0.041035
v 0.272761 0.001777 -0.125156
v 0.083104 0.002427 0.154769
v -0.097872 0.012605 0.155542
v -0.234478 0.021712 0.053311
v -0.288003 0.026816 -0.105407
v -0.240877 0.027385 -0.270819
v -0.101468 0.022981 -0.380565
v 0.076277 0.015347 -0.384442
v 0.217411 0.007752 -0.284239
v -1.108487 2.326288 0.102107
v -1.092239 2.375534 -0.030204
v -1.199578 2.261921 0.193029
v -1.337556 2.219594 0.197262
v -1.457553 2.212624 0.116310
v -1.517195 2.233232 -0.013041
v -1.494762 2.273735 -0.150008
v -1.392087 2.321684 -0.238575
v -1.257788 2.366229 -0.238752
v -1.147648 2.390109 -0.157794
v -2.001568 3.844584 0.093228
v -1.975984 3.843842 0.022313
v -2.059738 3.826626 0.138608
v -2.132226 3.800979 0.139887
v -2.191036 3.776813 0.094384
v -2.209985 3.760243 0.019484
v -2.180852 3.755135 -0.053909
v -2.115149 3.762628 -0.098680
v -2.040051 3.787186 -0.096276
v -1.989538 3.821837 -0.048818
v -1.747118 5.293917 0.060416
v -1.735565 5.289940 0.026638
v -1.768915 5.312907 0.081093
v -1.792319 5.339267 0.081093
v -1.808599 5.363159 0.060416
v -1.811179 5.375103 0.026638
v -1.799076 5.370191 -0.006417
v -1.777786 5.351295 -0.025923
v -1.755254 5.325917 -0.025924
v -1.739007 5.302542 -0.006415
v -2.030848 4.805111 0.059009
v -2.124960 4.514433 0.041563
v -2.102452 4.507915 -0.029868
v -2.009807 4.811502 -0.005492
v -2.085732 4.802322 0.098439
v -2.185520 4.519469 0.086159
v -2.152816 4.805197 0.098439
v -2.260543 4.522683 0.085945
v -2.207262 4.812665 0.059009
v -2.320861 4.522853 0.041293
v -2.227680 4.820827 -0.005492
v -2.343656 4.518298 -0.029799
v -2.206214 4.825620 -0.069305
v -2.321810 4.509819 -0.100378
v -2.151904 4.826049 -0.108469
v -2.262314 4.500555 -0.145803
v -2.084860 4.823180 -0.108469
v -2.185716 4.497273 -0.146033
v -2.030785 4.818111 -0.069306
v -2.125194 4.501371 -0.100723
v -1.730631 3.506091 0.174574
v -1.397817 3.052555 0.200130
v -1.358442 3.059398 0.065720
v -1.693874 3.515175 0.067020
v -1.813832 3.462949 0.242947
v -1.507035 3.020751 0.285351
v -1.915727 3.403814 0.243809
v -1.641978 2.982743 0.284490
v -1.996646 3.352054 0.174782
v -1.748994 2.953424 0.203456
v -2.023530 3.326109 0.062880
v -1.791721 2.936469 0.074375
v -1.986281 3.335067 -0.048508
v -1.754944 2.939176 -0.059199
v -1.895965 3.372246 -0.117520
v -1.647076 2.958358 -0.147484
v -1.790417 3.431046 -0.115011
v -1.509507 2.999375 -0.150298
v -1.715760 3.488793 -0.042232
v -1.400114 3.041096 -0.066926
v -1.837869 3.376682 0.208492
v -1.770497 3.365891 0.143734
v -1.928510 3.403630 0.223251
v -2.007892 3.440034 0.180583
v -2.044060 3.472054 0.095792
v -2.023185 3.485345 0.001664
v -1.954034 3.474474 -0.065739
v -1.863002 3.439959 -0.081733
v -1.783523 3.400748 -0.036066
v -1.748651 3.375505 0.052335
v -1.603139 3.917446 0.379423
v -1.562947 3.902678 0.327485
v -1.652496 3.959308 0.401819
v -1.691050 4.014861 0.385547
v -1.703003 4.062613 0.336018
v -1.684463 4.082943 0.272040
v -1.643135 4.068097 0.218124
v -1.595955 4.021723 0.193473
v -1.558273 3.963825 0.211289
v -1.544999 3.919912 0.264636
v -1.191867 4.108995 0.639044
v -1.164638 4.094868 0.587621
v -1.216043 4.154379 0.671713
v -1.226051 4.215417 0.673107
v -1.217302 4.268378 0.641848
v -1.194201 4.292233 0.589548
v -1.166070 4.278087 0.536305
v -1.145331 4.230516 0.500937
v -1.136922 4.167615 0.500447
v -1.143189 4.116270 0.535683
v -0.709379 4.423844 0.963744
v -0.683150 4.409933 0.911744
v -0.731072 4.469374 0.997917
v -0.737981 4.530769 1.001209
v -0.726724 4.584146 0.971502
v -0.702705 4.608385 0.919795
v -0.675585 4.594464 0.865971
v -0.657448 4.547007 0.829056
v -0.652225 4.483807 0.826622
v -0.660903 4.431795 0.860337
v -0.186001 4.901698 1.314725
v -0.152914 4.897473 1.283919
v -0.230608 4.911922 1.321022
v -0.269853 4.925931 1.299469
v -0.287958 4.938438 1.257823
v -0.277931 4.943659 1.212227
v -0.243971 4.939404 1.180153
v -0.198919 4.925527 1.173414
v -0.159547 4.910230 1.196470
v -0.142308 4.901012 1.239716
v 0.046540 5.279704 1.488843
v 0.075432 5.277945 1.463351
v 0.007701 5.283400 1.493064
v -0.026565 5.288953 1.473485
v -0.042504 5.294356 1.437185
v -0.033851 5.296726 1.398300
v -0.004199 5.294956 1.371743
v 0.035454 5.288221 1.367415
v 0.069951 5.281709 1.388360
v 0.084744 5.279073 1.425771
v -1.036546 4.569282 0.762799
v -1.016559 4.559369 0.727914
v -1.042403 4.599322 0.791753
v -1.032262 4.639420 0.802709
v -1.009797 4.674011 0.790705
v -0.983146 4.689185 0.760788
v -0.962370 4.679239 0.724740
v -0.954058 4.647088 0.696750
v -0.964450 4.605597 0.686920
v -0.989895 4.572703 0.698925
v -1.276423 4.682801 0.631472
v -1.262659 4.675337 0.593393
v -1.268541 4.702888 0.667377
v -1.241706 4.729557 0.686830
v -1.206093 4.752541 0.681572
v -1.175229 4.762147 0.653827
v -1.160764 4.754634 0.614540
v -1.167427 4.731419 0.578745
v -1.195126 4.703362 0.560043
v -1.232621 4.683115 0.566068
v -1.601817 4.905590 0.454339
v -1.591447 4.900451 0.421333
v -1.592495 4.918907 0.485994
v -1.566584 4.936691 0.503839
v -1.533936 4.952130 0.500348
v -1.507065 4.958537 0.476973
v -1.496122 4.953362 0.442928
v -1.504791 4.937270 0.411124
v -1.531587 4.918371 0.393834
v -1.565485 4.905394 0.398200
v -0.667614 4.500158 0.976226
v -0.643173 4.490954 0.944091
v -0.684695 4.531507 0.998597
v -0.688618 4.574022 1.001394
v -0.677564 4.611152 0.982833
v -0.655145 4.628299 0.950600
v -0.629869 4.619104 0.917336
v -0.609860 4.586778 0.896339
v -0.605809 4.543100 0.894922
v -0.620220 4.506574 0.913134
v -1.370489 2.906666 0.128370
v -1.355598 2.872994 0.045499
v -1.423701 2.963090 0.178338
v -1.494811 3.023962 0.174218
v -1.555903 3.065510 0.115987
v -1.584067 3.069963 0.026603
v -1.569199 3.035584 -0.059260
v -1.518605 2.972241 -0.108995
v -1.446739 2.908820 -0.101939
v -1.382741 2.873806 -0.041419
v -0.905570 3.377409 0.054789
v -0.900506 3.350323 -0.003958
v -0.929696 3.428718 0.088609
v -0.962739 3.486796 0.083101
v -0.991636 3.528910 0.039255
v -1.006119 3.537803 -0.025695
v -1.001124 3.510217 -0.086584
v -0.980434 3.454879 -0.120364
v -0.947607 3.394930 -0.112738
v -0.915269 3.356542 -0.067119
v -0.417718 3.502133 0.035922
v -0.422892 3.478264 -0.016378
v -0.415752 3.552808 0.065537
v -0.416030 3.612183 0.059904
v -0.418291 3.656947 0.020198
v -0.422798 3.669431 -0.038030
v -0.428148 3.645180 -0.092242
v -0.434525 3.592860 -0.122022
v -0.435318 3.532148 -0.114540
v -0.428853 3.488811 -0.073062
v 0.175291 3.735043 0.013233
v 0.169039 3.711514 -0.039104
v 0.180051 3.785516 0.042874
v 0.183293 3.844804 0.037257
v 0.183902 3.889621 -0.002449
v 0.180486 3.902344 -0.060699
v 0.174048 3.878447 -0.114950
v 0.164789 3.826589 -0.144783
v 0.160388 3.766028 -0.137323
v 0.164048 3.722389 -0.095820
v 0.833993 4.115429 -0.038116
v 0.845075 4.101787 -0.078201
v 0.801963 4.134484 -0.013742
v 0.760823 4.153195 -0.015401
v 0.726702 4.164270 -0.043233
v 0.712690 4.162544 -0.086261
v 0.723845 4.148572 -0.127791
v 0.755587 4.125957 -0.152048
v 0.797429 4.106167 -0.148977
v 0.832034 4.098511 -0.120047
v 1.155262 4.441702 -0.077337
v 1.165870 4.431742 -0.111553
v 1.126129 4.453280 -0.056164
v 1.089043 4.463274 -0.056974
v 1.058523 4.467802 -0.080121
v 1.046412 4.464358 -0.116471
v 1.057106 4.454130 -0.151917
v 1.086490 4.439528 -0.172989
v 1.124336 4.428728 -0.170991
v 1.154803 4.427135 -0.146915
v -0.050283 3.903899 -0.262460
v -0.028376 3.893209 -0.294072
v -0.056659 3.932965 -0.234821
v -0.045221 3.970691 -0.222689
v -0.020088 4.002419 -0.231430
v 0.009469 4.015325 -0.257229
v 0.032243 4.004557 -0.289877
v 0.040722 3.973276 -0.316381
v 0.028832 3.934220 -0.327480
v 0.000970 3.904338 -0.319007
v -0.258429 4.031353 -0.410461
v -0.241977 4.023491 -0.445715
v -0.253070 4.049805 -0.374944
v -0.227474 4.073353 -0.353214
v -0.191267 4.092922 -0.354360
v -0.158295 4.100155 -0.377744
v -0.141057 4.092206 -0.414087
v -0.145481 4.070657 -0.449426
v -0.172078 4.045831 -0.470542
v -0.209966 4.029022 -0.468806
v -0.536007 4.270369 -0.609191
v -0.523146 4.264948 -0.639883
v -0.529324 4.282246 -0.577710
v -0.505081 4.297332 -0.557752
v -0.472421 4.309849 -0.557614
v -0.443930 4.314259 -0.577255
v -0.430420 4.308769 -0.608886
v -0.436660 4.294178 -0.640487
v -0.461885 4.278082 -0.660020
v -0.495653 4.268014 -0.659404
v 0.276167 3.809165 -0.022234
v 0.302108 3.798814 -0.050755
v 0.259813 3.840351 -0.002000
v 0.258793 3.881478 0.000947
v 0.273853 3.916522 -0.015175
v 0.299735 3.931648 -0.043585
v 0.326587 3.921254 -0.073105
v 0.345535 3.888908 -0.091746
v 0.346457 3.846642 -0.093375
v 0.328264 3.812423 -0.077912
v -1.778154 3.484779 -0.024889
v -1.817712 3.427643 -0.070786
v -1.787147 3.542816 0.036190
v -1.844012 3.581480 0.087924
v -1.927649 3.585071 0.109283
v -2.005016 3.550864 0.092882
v -2.046440 3.492006 0.045746
v -2.035605 3.427988 -0.012683
v -1.975308 3.388443 -0.063591
v -1.891439 3.391515 -0.086711
v -1.812448 3.847411 -0.428153
v -1.843589 3.802333 -0.451600
v -1.815890 3.903782 -0.406091
v -1.853870 3.951121 -0.395686
v -1.912293 3.970450 -0.401619
v -1.968506 3.953614 -0.420550
v -2.001058 3.907308 -0.444761
v -1.998016 3.847674 -0.463237
v -1.958050 3.799582 -0.472137
v -1.897836 3.783950 -0.468940
v -1.626712 3.931438 -0.843619
v -1.659230 3.891771 -0.857013
v -1.620247 3.984985 -0.843544
v -1.642750 4.032482 -0.858972
v -1.686052 4.054885 -0.884416
v -1.733710 4.043336 -0.908986
v -1.767562 4.002629 -0.922989
v -1.775785 3.947761 -0.919339
v -1.752070 3.899877 -0.901976
v -1.705895 3.879227 -0.879350
v -1.425880 4.101626 -1.366603
v -1.459055 4.062259 -1.379251
v -1.417973 4.154940 -1.368646
v -1.438723 4.202276 -1.386787
v -1.480641 4.224647 -1.414476
v -1.527858 4.213259 -1.439957
v -1.562377 4.172861 -1.453208
v -1.572186 4.118438 -1.447441
v -1.550292 4.070769 -1.427315
v -1.505372 4.049951 -1.402429
v -1.259072 4.382444 -1.985928
v -1.278099 4.355527 -2.008935
v -1.263151 4.408481 -1.954654
v -1.290166 4.424592 -1.927527
v -1.330103 4.424198 -1.915535
v -1.367143 4.406796 -1.922948
v -1.387065 4.379052 -1.946567
v -1.381943 4.350091 -1.976775
v -1.353243 4.333595 -2.003595
v -1.313343 4.337252 -2.016244
v -1.231323 4.631669 -2.325437
v -1.247526 4.610071 -2.346344
v -1.233969 4.650166 -2.296146
v -1.255709 4.659203 -2.269866
v -1.288519 4.655018 -2.257185
v -1.319332 4.638664 -2.262793
v -1.336287 4.616372 -2.284241
v -1.332512 4.595380 -2.313013
v -1.309305 4.586098 -2.339188
v -1.276762 4.593091 -2.352074
v -1.678547 4.248129 -1.150211
v -1.700304 4.220429 -1.160379
v -1.667214 4.282647 -1.158657
v -1.671995 4.311547 -1.182675
v -1.691570 4.323242 -1.213112
v -1.717784 4.312787 -1.238455
v -1.740361 4.284330 -1.249173
v -1.749857 4.247780 -1.241932
v -1.743697 4.218415 -1.217244
v -1.725102 4.209017 -1.185083
v -1.853579 4.366541 -0.995087
v -1.879525 4.341643 -1.001054
v -1.831407 4.391612 -1.011066
v -1.822490 4.408106 -1.043732
v -1.830854 4.409319 -1.080589
v -1.852788 4.394196 -1.107283
v -1.879595 4.368545 -1.113720
v -1.900384 4.340849 -1.097523
v -1.908297 4.323976 -1.063682
v -1.900553 4.325687 -1.026415
v -2.115468 4.576348 -0.811007
v -2.138633 4.556285 -0.815444
v -2.094024 4.594466 -0.825308
v -2.083236 4.604382 -0.853751
v -2.087776 4.602009 -0.885462
v -2.105533 4.587753 -0.907999
v -2.129444 4.567057 -0.912820
v -2.149909 4.546675 -0.897972
v -2.159953 4.536505 -0.868429
v -2.155768 4.541418 -0.836711
v -1.438958 4.145182 -1.429738
v -1.458251 4.117400 -1.443881
v -1.434693 4.182235 -1.429372
v -1.448547 4.214895 -1.442650
v -1.475645 4.230077 -1.464596
v -1.504935 4.221689 -1.487190
v -1.525031 4.193175 -1.501937
v -1.527491 4.154879 -1.504341
v -1.512096 4.121873 -1.490799
v -1.485901 4.108220 -1.466388
v -0.432851 0.498659 -0.216419
v -0.321998 0.566271 -0.320618
v -0.269892 0.516709 0.190228
v -0.397345 0.470825 0.094057
v 0.004314 0.707237 -0.076822
v -0.015853 0.667824 0.079928
v -0.175383 0.643155 -0.322599
v -0.458765 0.463914 -0.057366
v -0.118954 0.592483 0.187417
v -0.054656 0.697899 -0.227408
v -0.706722 0.935259 -0.190810
v -0.550405 1.013045 0.206557
v -0.420443 1.311999 -0.054069
v -0.645167 1.046897 -0.292397
v -0.646503 0.918419 0.113238
v -0.409942 1.263464 0.098237
v -0.554751 1.180452 -0.293487
v -0.705635 0.888988 -0.034750
v -0.455432 1.147428 0.202786
v -0.473947 1.281053 -0.200655
v 0.154604 2.355600 -0.244255
v 0.188771 2.380048 -0.113751
v 0.186257 2.282176 -0.357745
v 0.284820 2.194215 -0.401921
v 0.400516 2.127999 -0.359773
v 0.486558 2.099530 -0.254582
v 0.512860 2.117852 -0.118830
v 0.464142 2.181813 -0.005746
v 0.368760 2.271065 0.033881
v 0.268375 2.348258 -0.009542
v 1.538100 3.336559 -0.352109
v 1.530945 3.332444 -0.279845
v 1.570495 3.307434 -0.411004
v 1.621069 3.258086 -0.433616
v 1.670446 3.206530 -0.409249
v 1.695329 3.171156 -0.346475
v 1.683889 3.164127 -0.271326
v 1.640677 3.187111 -0.211826
v 1.586673 3.237177 -0.192007
v 1.548233 3.295077 -0.219550
v 1.926170 4.685423 -0.136931
v 1.921806 4.680077 -0.102971
v 1.948131 4.697532 -0.160317
v 1.978809 4.711615 -0.164442
v 2.006759 4.722418 -0.147767
v 2.020923 4.725580 -0.116298
v 2.015556 4.719762 -0.082934
v 1.993819 4.707760 -0.060758
v 1.964285 4.694200 -0.056786
v 1.936820 4.683619 -0.072349
v 1.965541 4.153649 -0.250844
v 1.929224 3.862453 -0.283317
v 1.922404 3.852067 -0.211863
v 1.963832 4.155205 -0.185141
v 2.002642 4.137840 -0.302142
v 1.973274 3.852259 -0.340271
v 2.060650 4.115069 -0.319828
v 2.038191 3.826753 -0.359852
v 2.118086 4.093761 -0.297353
v 2.098687 3.795928 -0.334711
v 2.152224 4.081240 -0.242581
v 2.130980 3.770245 -0.275512
v 2.149352 4.081695 -0.177527
v 2.123736 3.758064 -0.205180
v 2.111710 4.095287 -0.126819
v 2.079019 3.764031 -0.148086
v 2.053738 4.118048 -0.109144
v 2.012832 3.789990 -0.127680
v 1.997661 4.141251 -0.131277
v 1.953783 3.824721 -0.153030
v 1.152225 3.159587 -0.382176
v 0.678230 2.895668 -0.353471
v 0.675787 2.891603 -0.218273
v 1.147310 3.161445 -0.272297
v 1.190647 3.103405 -0.471022
v 0.739837 2.842650 -0.463912
v 1.252431 3.013810 -0.503803
v 0.838673 2.758643 -0.502225
v 1.314091 2.925608 -0.465843
v 0.934188 2.677887 -0.458336
v 1.349570 2.872261 -0.371773
v 0.990379 2.623207 -0.351906
v 1.344987 2.873487 -0.258232
v 0.988260 2.614725 -0.218507
v 1.298216 2.927050 -0.167377
v 0.923240 2.655703 -0.106616
v 1.232496 3.018352 -0.136759
v 0.824187 2.742633 -0.063965
v 1.177822 3.110091 -0.179374
v 0.731276 2.835491 -0.108378
v 1.182690 3.013040 -0.452580
v 1.134715 3.017074 -0.375652
v 1.267480 3.005036 -0.488246
v 1.358629 2.998875 -0.467107
v 1.420172 2.997398 -0.395878
v 1.427636 2.999410 -0.302302
v 1.378672 3.003557 -0.222460
v 1.290694 3.004905 -0.186160
v 1.197681 3.009218 -0.210270
v 1.139271 3.016763 -0.284633
v 1.170786 3.602827 -0.504123
v 1.141516 3.595537 -0.446613
v 1.225150 3.624742 -0.534612
v 1.284082 3.655473 -0.525400
v 1.324221 3.683300 -0.479000
v 1.330259 3.696121 -0.413323
v 1.300408 3.688826 -0.353689
v 1.246502 3.661755 -0.322063
v 1.187020 3.628943 -0.333122
v 1.146545 3.605654 -0.382387
v 0.847016 3.972128 -0.618590
v 0.828882 3.960607 -0.564966
v 0.879353 4.008486 -0.651556
v 0.912671 4.057999 -0.650592
v 0.933600 4.101526 -0.615115
v 0.934785 4.121285 -0.558721
v 0.916260 4.109753 -0.503178
v 0.886499 4.069701 -0.468812
v 0.853579 4.018135 -0.471189
v 0.830381 3.977680 -0.509546
v 0.500087 4.487397 -0.764191
v 0.483010 4.475580 -0.710285
v 0.530066 4.525095 -0.797871
v 0.560509 4.576437 -0.797805
v 0.579160 4.621557 -0.763057
v 0.579602 4.642105 -0.706933
v 0.562148 4.630279 -0.651105
v 0.534960 4.589060 -0.615998
v 0.505023 4.535674 -0.617453
v 0.483911 4.493452 -0.655104
v 0.180143 5.164532 -0.909992
v 0.156815 5.167632 -0.873047
v 0.220822 5.157775 -0.926897
v 0.264338 5.151181 -0.916344
v 0.293528 5.147530 -0.881711
v 0.296714 5.147414 -0.836502
v 0.272900 5.150581 -0.798154
v 0.230433 5.154250 -0.781017
v 0.185965 5.160053 -0.793028
v 0.158527 5.166531 -0.829106
v 0.102413 5.612690 -0.978192
v 0.082543 5.617333 -0.947074
v 0.135952 5.602051 -0.992166
v 0.171355 5.590349 -0.982788
v 0.194669 5.582330 -0.953085
v 0.196442 5.580462 -0.914672
v 0.176147 5.585186 -0.882369
v 0.140690 5.593471 -0.868324
v 0.104411 5.604679 -0.878979
v 0.082974 5.614875 -0.909791
v 0.879102 4.453372 -0.654265
v 0.865381 4.445840 -0.617509
v 0.890379 4.482613 -0.680145
v 0.896009 4.523293 -0.684320
v 0.893731 4.559586 -0.664444
v 0.883657 4.577278 -0.628473
v 0.869497 4.569800 -0.590435
v 0.855069 4.539827 -0.564959
v 0.848843 4.498052 -0.562003
v 0.854344 4.462111 -0.582540
v 1.156482 4.437363 -0.587893
v 1.149709 4.429026 -0.549652
v 1.150571 4.464418 -0.617326
v 1.134755 4.501290 -0.625973
v 1.115150 4.533700 -0.609751
v 1.098761 4.548542 -0.575109
v 1.091627 4.540203 -0.535570
v 1.095194 4.510910 -0.506164
v 1.111013 4.472645 -0.498554
v 1.133178 4.442047 -0.515766
v 1.560866 4.475605 -0.493245
v 1.556865 4.468946 -0.460408
v 1.551837 4.496535 -0.518915
v 1.533480 4.525043 -0.527039
v 1.512912 4.550108 -0.513850
v 1.497674 4.561474 -0.484569
v 1.493391 4.554809 -0.450623
v 1.500756 4.531686 -0.424864
v 1.519286 4.501979 -0.417578
v 1.541744 4.478744 -0.431711
v 0.493522 4.571732 -0.758407
v 0.475746 4.567003 -0.722944
v 0.516222 4.596666 -0.781101
v 0.536466 4.632640 -0.781302
v 0.546269 4.665629 -0.758213
v 0.541077 4.683013 -0.721074
v 0.522833 4.678398 -0.684344
v 0.496962 4.653970 -0.662217
v 0.475843 4.617290 -0.663350
v 0.469205 4.583497 -0.686964
v 0.610011 2.765960 -0.291669
v 0.600855 2.727001 -0.213876
v 0.667874 2.804170 -0.347476
v 0.754033 2.829505 -0.357754
v 0.835060 2.831825 -0.316942
v 0.879432 2.808565 -0.241557
v 0.870629 2.768430 -0.161063
v 0.812088 2.723268 -0.106728
v 0.723624 2.696546 -0.099166
v 0.642349 2.701419 -0.140788
v 0.425398 3.336432 -0.061566
v 0.422235 3.303952 -0.008145
v 0.459891 3.378169 -0.095105
v 0.512945 3.415159 -0.094159
v 0.563928 3.432757 -0.057986
v 0.593432 3.423023 -0.001155
v 0.590569 3.389686 0.054186
v 0.557319 3.343162 0.086445
v 0.503235 3.304857 0.083334
v 0.450503 3.292120 0.046744
v 0.067453 3.625056 0.096219
v 0.072939 3.592705 0.141212
v 0.080462 3.675293 0.073482
v 0.106322 3.725728 0.083399
v 0.134968 3.756426 0.123076
v 0.156096 3.754812 0.176654
v 0.161974 3.721710 0.223335
v 0.152057 3.668351 0.244914
v 0.126168 3.616693 0.232894
v 0.094179 3.589146 0.192820
v -0.334224 4.046567 0.294348
v -0.327676 4.014099 0.339114
v -0.323669 4.097685 0.272317
v -0.300831 4.149374 0.283153
v -0.274595 4.181200 0.323601
v -0.254288 4.180200 0.377510
v -0.247334 4.146987 0.423964
v -0.254608 4.092936 0.444859
v -0.277374 4.040046 0.431908
v -0.307117 4.011184 0.391037
v -0.724834 4.615643 0.548387
v -0.731461 4.600558 0.587266
v -0.694952 4.624637 0.518860
v -0.652053 4.625090 0.510914
v -0.612772 4.616715 0.528397
v -0.592620 4.601985 0.564253
v -0.599143 4.586373 0.604459
v -0.630271 4.574200 0.633514
v -0.674505 4.573335 0.640258
v -0.713016 4.585066 0.622164
v -0.854434 5.012851 0.696737
v -0.860368 5.001870 0.730366
v -0.829414 5.015850 0.670335
v -0.793715 5.010412 0.661985
v -0.761160 4.998572 0.675575
v -0.744722 4.984300 0.705633
v -0.750584 4.972891 0.740399
v -0.777082 4.967380 0.766530
v -0.814004 4.972622 0.773921
v -0.845500 4.987164 0.759695
v -0.016000 4.057338 0.502329
v -0.032351 4.050460 0.536512
v -0.004409 4.085296 0.477446
v -0.001099 4.124619 0.472340
v -0.007498 4.160033 0.489685
v -0.021829 4.177611 0.522446
v -0.038729 4.170801 0.557811
v -0.053251 4.141921 0.582029
v -0.056941 4.101462 0.585953
v -0.047414 4.066574 0.568276
v 0.243725 4.062306 0.593699
v 0.233921 4.055158 0.630016
v 0.239360 4.086919 0.563818
v 0.222833 4.121033 0.552486
v 0.200460 4.151460 0.564793
v 0.180396 4.165841 0.595779
v 0.170118 4.158711 0.633305
v 0.172378 4.131793 0.663022
v 0.189099 4.096305 0.673417
v 0.213909 4.067753 0.660338
v 0.618802 4.128664 0.722373
v 0.612091 4.123127 0.753715
v 0.611452 4.147317 0.696043
v 0.592956 4.173243 0.685303
v 0.570416 4.196444 0.694909
v 0.552203 4.207377 0.721013
v 0.545110 4.201851 0.753390
v 0.550993 4.180985 0.779731
v 0.569815 4.153890 0.789734
v 0.594145 4.132538 0.779334
v -0.381741 4.142401 0.360025
v -0.402015 4.137908 0.392458
v -0.359276 4.167073 0.339486
v -0.342095 4.202962 0.339810
v -0.337053 4.236099 0.361548
v -0.346810 4.253737 0.395918
v -0.367665 4.249367 0.429514
v -0.393137 4.224957 0.449181
v -0.410980 4.188286 0.447522
v -0.412891 4.154564 0.425622
v 1.225396 3.086307 -0.212379
v 1.244973 3.013288 -0.185167
v 1.244143 3.144627 -0.266508
v 1.297417 3.166358 -0.326354
v 1.365278 3.141922 -0.368129
v 1.420156 3.080032 -0.376405
v 1.440863 3.004585 -0.348686
v 1.417539 2.942253 -0.296995
v 1.360822 2.921202 -0.237067
v 1.295877 2.951189 -0.193066
v 1.488042 3.313890 0.180136
v 1.500761 3.258666 0.189837
v 1.509557 3.365642 0.163390
v 1.559045 3.394383 0.147456
v 1.617732 3.388073 0.138890
v 1.662373 3.348775 0.140000
v 1.675940 3.291811 0.149931
v 1.652672 3.237737 0.162995
v 1.600878 3.209367 0.178010
v 1.542768 3.219057 0.189879
v 1.452147 3.380062 0.620215
v 1.466159 3.330878 0.620700
v 1.468703 3.429029 0.626191
v 1.510545 3.458964 0.638261
v 1.561767 3.457414 0.652001
v 1.602517 3.424887 0.661031
v 1.617357 3.374185 0.661639
v 1.600970 3.324097 0.651645
v 1.557536 3.294640 0.638081
v 1.505192 3.298275 0.627853
v 1.461413 3.506900 1.170571
v 1.475950 3.457867 1.170215
v 1.477093 3.555817 1.178870
v 1.517952 3.585771 1.193900
v 1.568458 3.584298 1.210080
v 1.609091 3.551910 1.220083
v 1.624467 3.501365 1.219842
v 1.609162 3.451457 1.207506
v 1.566783 3.422011 1.190921
v 1.514960 3.425445 1.178257
v 1.565187 3.699225 1.809736
v 1.575030 3.664423 1.823731
v 1.572826 3.726088 1.781865
v 1.596673 3.734922 1.750897
v 1.627833 3.721753 1.729124
v 1.653594 3.691314 1.724672
v 1.663982 3.655343 1.738926
v 1.654033 3.626529 1.765856
v 1.628536 3.618052 1.796960
v 1.598887 3.633920 1.819593
v 1.715259 3.863440 2.150795
v 1.724462 3.834710 2.164033
v 1.718995 3.883925 2.124530
v 1.735638 3.888445 2.095182
v 1.759057 3.874795 2.074371
v 1.779596 3.847945 2.070001
v 1.789262 3.818228 2.083482
v 1.783435 3.796096 2.109368
v 1.765426 3.791937 2.138991
v 1.743433 3.807888 2.160147
v 1.690531 3.578994 0.915062
v 1.699680 3.544855 0.916406
v 1.696908 3.611689 0.928673
v 1.717878 3.630556 0.951908
v 1.745636 3.627717 0.975733
v 1.768834 3.604076 0.991293
v 1.778481 3.568870 0.992865
v 1.769962 3.534879 0.980693
v 1.747493 3.516251 0.957170
v 1.721151 3.521035 0.931676
v 1.855126 3.644603 0.734604
v 1.868100 3.612098 0.731176
v 1.850008 3.671781 0.757305
v 1.856073 3.683432 0.791185
v 1.871362 3.674523 0.823087
v 1.889293 3.648190 0.840661
v 1.902784 3.614619 0.837377
v 1.905605 3.585722 0.814632
v 1.898288 3.574337 0.779904
v 1.884643 3.585629 0.747694
v 2.124874 3.762246 0.511580
v 2.137163 3.735271 0.507872
v 2.117159 3.783419 0.531975
v 2.118049 3.790841 0.561924
v 2.127545 3.781209 0.589806
v 2.141428 3.757970 0.604727
v 2.154168 3.730093 0.601123
v 2.160007 3.707422 0.580300
v 2.158153 3.700264 0.549514
v 2.150001 3.711971 0.521736
v 1.503621 3.528144 1.228897
v 1.511481 3.494128 1.234565
v 1.515188 3.562007 1.232688
v 1.543146 3.582708 1.243884
v 1.576937 3.581634 1.258139
v 1.603017 3.559139 1.270506
v 1.611382 3.524073 1.276458
v 1.598201 3.489433 1.274931
v 1.568739 3.469062 1.263874
v 1.535826 3.471579 1.247226
v -0.715377 1.286671 0.016564
v -0.864279 1.448933 -0.242337
v -0.809504 1.660384 0.000792
v -0.703154 1.368976 0.113375
v -0.813996 1.338823 -0.199412
v -0.858786 1.652218 -0.114285
v -0.720501 1.490637 0.142540
v -0.758066 1.277787 -0.103220
v -0.884028 1.572168 -0.210120
v -0.758189 1.600212 0.097054
v -2.151563 4.862572 0.327478
v -2.006736 4.324276 1.168525
v -1.184255 5.149151 0.344329
v -1.039428 4.610855 1.185372
v -1.695046 5.106721 0.178319
v -1.495945 4.366706 1.334535
v -2.260391 4.539728 0.744844
v -0.930600 4.933700 0.768005
v -1.641803 4.886904 0.860527
v -2.431775 4.611920 -0.203010
v -2.186851 3.701588 1.219315
v -0.795925 5.096564 -0.174515
v -0.551004 4.186232 1.247809
v -1.659742 5.024809 -0.455260
v -1.323038 3.773345 1.500059
v -2.615819 4.065949 0.502812
v -0.366960 4.732203 0.541990
v -2.126197 4.867744 -1.388127
v -2.163778 5.104234 -0.296694
v -1.053276 5.178354 -1.418482
v -1.090855 5.414844 -0.327056
v -1.582696 4.978740 -1.607804
v -1.634357 5.303850 -0.107375
v -2.346017 4.927790 -0.836721
v -0.871035 5.354795 -0.878458
v -1.666412 5.336904 -0.901965
v -2.353848 4.238940 -1.655035
v -2.417404 4.638875 0.190724
v -0.539393 4.764221 -1.706375
v -0.602949 5.164158 0.139384
v -1.434714 4.426646 -2.026541
v -1.522083 4.976450 0.510888
v -2.725594 4.340487 -0.722534
v -0.231201 5.062609 -0.793116
v -1.216338 5.627988 -0.611274
v -1.208371 5.539550 0.412021
v -0.225096 5.360591 -0.642102
v -0.217127 5.272151 0.381194
v -0.722210 5.510860 -0.818420
v -0.711257 5.389280 0.588337
v -1.398081 5.633872 -0.093851
v -0.035385 5.266271 -0.136232
v -0.666465 5.634620 -0.099482
v -1.674639 5.336075 -0.989213
v -1.661164 5.186512 0.741315
v 0.001688 4.883868 -1.041348
v 0.015162 4.734307 0.689180
v -0.838997 5.137995 -1.339527
v -0.820478 4.932387 1.039490
v -1.981991 5.346024 -0.114184
v 0.322513 4.724360 -0.185852
v -1.983909 5.435587 -0.153409
v -2.588537 4.832031 0.406089
v -1.311127 5.472969 0.613965
v -1.915756 4.869413 1.173463
v -1.534231 5.567365 0.125446
v -2.365434 4.737635 0.894609
v -2.412280 5.126805 -0.017440
v -1.487383 5.178195 1.037495
v -2.038393 5.306253 0.580181
v -1.808370 5.285595 -0.769646
v -2.830877 4.264898 0.176543
v -0.670606 5.348814 0.528088
v -1.693112 4.328118 1.474276
v -1.047904 5.508451 -0.298066
v -2.453578 4.105262 1.002695
v -2.532802 4.763402 -0.539705
v -0.968680 4.850312 1.244332
v -0.888569 4.905929 -1.540129
v -1.592845 5.293576 -0.764057
v -0.059699 4.911646 -0.790795
v -0.763976 5.299294 -0.014724
v -0.342175 4.836156 -1.310877
v -1.310369 5.369068 -0.243980
v -1.396012 5.098681 -1.292496
v -0.256533 5.106543 -0.262360
v -0.778444 5.298410 -0.831825
v -1.039142 4.329827 -1.944972
v -2.230169 4.985392 -0.632529
v 0.362588 4.339498 -0.677746
v -0.828437 4.995061 0.634696
v -0.115117 4.211831 -1.557268
v -1.752463 5.113058 0.246992
v -1.897297 4.655799 -1.526187
v 0.029715 4.669091 0.215912
v -0.645795 5.332300 -0.158108
v -1.319315 5.274547 0.615228
v 0.060993 4.865083 0.422561
v -0.612528 4.807330 1.195900
v -0.166205 5.109512 -0.012671
v -1.092117 5.030118 1.050462
v -1.114985 5.390965 0.119762
v -0.143340 4.748665 0.918030
v -0.569540 5.240376 0.583559
v -0.791323 5.130280 -0.771378
v -1.930340 5.032611 0.536441
v 0.403948 4.340152 0.210614
v -0.735067 4.242485 1.518429
v 0.019727 4.753516 -0.525424
v -1.546119 4.619249 1.272476
v -1.584786 5.229490 -0.301463
v 0.058396 4.143275 1.048514
v -1.044112 5.010264 -0.811699
v -0.951623 5.126822 0.048741
v -0.204987 4.637129 -0.887896
v -0.112496 4.753686 -0.027453
v -0.641877 4.801857 -1.011018
v -0.514729 4.962091 0.171863
v -1.155092 5.138457 -0.367201
v -0.001516 4.625492 -0.471953
v -0.533658 5.060476 -0.438097
v -1.466413 4.697650 -1.041080
v -1.310001 4.894765 0.414045
v -0.047338 4.066627 -1.169937
v 0.109074 4.263740 0.285186
v -0.786183 4.345205 -1.378153
v -0.571157 4.616185 0.622260
v -1.654095 4.914442 -0.289375
v 0.296757 4.046950 -0.466522
v -0.532402 5.473466 -0.097360
v -1.418398 5.411036 0.418518
v -0.038329 5.056346 0.700716
v -0.924328 4.993917 1.216592
v -0.119359 5.276603 0.205020
v -1.337370 5.190782 0.914211
v -1.067972 5.520405 0.011048
v -0.388755 4.946978 1.108186
v -0.698286 5.408672 0.632449
v -0.464581 5.245815 -0.715150
v -1.962925 5.140242 0.157267
v 0.370958 4.540411 0.634500
v -1.127383 4.434836 1.506915
v 0.233929 4.912895 -0.203788
v -1.825892 4.767757 0.995552
v -1.370307 5.325198 -0.531824
v -0.221658 4.355453 1.323589
v 0.171794 4.847752 0.303816
v 0.216871 4.320942 1.101556
v 1.122871 4.953338 0.319798
v 1.167948 4.426528 1.117536
v 0.638884 4.999253 0.162336
v 0.700858 4.275027 1.259019
v 0.016132 4.564563 0.699691
v 1.323610 4.709717 0.721659
v 0.651785 4.785113 0.809417
v -0.131787 4.660659 -0.199357
v -0.055550 3.769750 1.149731
v 1.476615 4.839219 -0.172330
v 1.552848 3.948311 1.176758
v 0.658129 4.916867 -0.438619
v 0.762933 3.692106 1.416019
v -0.395031 4.181751 0.470121
v 1.816092 4.427220 0.507282
v 0.196342 4.848334 -1.323452
v 0.200854 5.075416 -0.288218
v 1.250042 4.958671 -1.352244
v 1.254557 5.185753 -0.317016
v 0.722346 4.860956 -1.531818
v 0.728552 5.173132 -0.108647
v 0.001170 4.941200 -0.800438
v 1.449729 5.092884 -0.840026
v 0.704161 5.209360 -0.862323
v -0.121485 4.299392 -1.576616
v -0.113856 4.683419 0.174103
v 1.660469 4.485985 -1.625314
v 1.668098 4.870013 0.125406
v 0.768061 4.320735 -1.928993
v 0.778553 4.848669 0.477782
v -0.451548 4.456443 -0.692131
v 1.998163 4.712959 -0.759079
v 1.173094 5.405759 -0.586600
v 1.165725 5.321857 0.384005
v 2.053757 4.990138 -0.615840
v 2.046389 4.906235 0.354765
v 1.614808 5.213668 -0.783080
v 1.604675 5.098326 0.551243
v 1.004402 5.441683 -0.095819
v 2.215080 4.870313 -0.136017
v 1.687573 5.319878 -0.101160
v 0.696342 5.209963 -0.945078
v 0.683878 5.068073 0.696344
v 2.185663 4.507090 -0.994529
v 2.173198 4.365201 0.646893
v 1.443339 4.885112 -1.277354
v 1.426202 4.690053 0.979166
v 0.411058 5.270715 -0.115105
v 2.458481 4.304451 -0.183083
v 0.424265 5.354654 -0.152310
v -0.241286 4.892407 0.378378
v 1.058641 5.276903 0.575551
v 0.393091 4.814655 1.106241
v 0.866155 5.402389 0.112186
v -0.048798 4.766920 0.841744
v -0.027372 5.138099 -0.023343
v 0.844729 5.031210 0.977273
v 0.351741 5.243029 0.543507
v 0.563034 5.185227 -0.736817
v -0.562497 4.403502 0.160652
v 1.635853 5.053740 0.494096
v 0.510319 4.272014 1.391564
v 1.310330 5.265954 -0.289519
v -0.236976 4.191287 0.944265
v -0.200742 4.819001 -0.518716
v 1.274094 4.638242 1.173460
v 1.358202 4.676752 -1.467627
v 0.765589 5.156590 -0.731516
v 2.133002 4.543302 -0.756877
v 1.540389 5.023141 -0.020766
v 1.856638 4.520123 -1.250180
v 1.041951 5.179772 -0.238218
v 0.916721 4.941675 -1.232745
v 1.981870 4.758219 -0.255652
v 1.526733 5.024738 -0.795795
v 1.121159 4.164108 -1.851624
v 0.118971 4.975580 -0.606760
v 2.431453 3.938428 -0.649649
v 1.429264 4.749899 0.595215
v 1.964086 3.899224 -1.483884
v 0.586341 5.014783 0.227474
v 0.374556 4.612131 -1.454403
v 2.175867 4.301877 0.197994
v 1.656250 5.034167 -0.156767
v 1.017772 5.093024 0.576749
v 2.237885 4.479621 0.394003
v 1.599406 4.538478 1.127522
v 2.066696 4.745866 -0.018819
v 1.188960 4.826778 0.989572
v 1.228030 5.167500 0.106795
v 2.027623 4.405146 0.863960
v 1.712050 4.935578 0.546711
v 1.486556 4.869926 -0.738460
v 0.406803 4.969460 0.502019
v 2.470176 3.932114 0.192969
v 1.390424 4.031649 1.433443
v 2.180678 4.382370 -0.505171
v 0.696302 4.519206 1.200155
v 0.762381 5.095409 -0.292741
v 2.114599 3.806167 0.987724
v 1.230454 4.800205 -0.776705
v 1.336319 4.893539 0.039431
v 1.951393 4.311337 -0.848978
v 2.057260 4.404669 -0.032840
v 1.571090 4.538283 -0.965760
v 1.716627 4.666590 0.156213
v 1.148306 4.938471 -0.355094
v 2.139408 4.266402 -0.454452
v 1.715429 4.761613 -0.422340
v 0.783844 4.579055 -0.994275
v 0.962877 4.736895 0.385925
v 2.003050 3.752311 -1.116497
v 2.182084 3.910149 0.263701
v 1.359902 4.136109 -1.313992
v 1.606026 4.353095 0.583418
v 0.644921 4.812881 -0.281275
v 2.321007 3.676325 -0.449301
v 1.785754 5.146975 -0.099147
v 0.948121 5.237043 0.390167
v 2.177183 4.674818 0.657835
v 1.339549 4.764887 1.147149
v 2.138412 4.894020 0.187663
v 0.986891 5.017842 0.860337
v 1.293598 5.280475 0.003678
v 1.831706 4.631386 1.044325
v 1.620031 5.114258 0.593083
v 1.810952 4.923081 -0.685127
v 0.394401 5.075402 0.142368
v 2.472908 4.124601 0.595029
v 1.056359 4.276921 1.422522
v 2.407346 4.495303 -0.200096
v 0.459967 4.704701 0.937490
v 0.978647 5.148851 -0.511241
v 1.888663 4.051152 1.248636
v -0.612475 5.294976 -1.521231
v -0.609230 5.458277 -0.776767
v 0.145269 5.374322 -1.541936
v 0.148517 5.537623 -0.797476
v -0.234211 5.304053 -1.671072
v -0.229748 5.528547 -0.647633
v -0.752828 5.361759 -1.145118
v 0.288868 5.470839 -1.173587
v -0.247288 5.554600 -1.189621
v -0.841032 4.900218 -1.703288
v -0.835546 5.176382 -0.444300
v 0.440418 5.034401 -1.738308
v 0.445904 5.310566 -0.479319
v -0.201336 4.915566 -1.956692
v -0.193792 5.295218 -0.225916
v -1.078390 5.013157 -1.067231
v 0.683262 5.197625 -1.115375
v 0.089933 5.695835 -0.991341
v 0.084635 5.635499 -0.293353
v 0.723242 5.396951 -1.012369
v 0.717943 5.336615 -0.314381
v 0.407581 5.557698 -1.132635
v 0.400295 5.474752 -0.173089
v -0.031377 5.721669 -0.638408
v 0.839253 5.310782 -0.667315
v 0.459910 5.634076 -0.642249
v -0.252912 5.555033 -1.249133
v -0.261875 5.452997 -0.068743
v 0.818098 5.049578 -1.284694
v 0.809135 4.947543 -0.104304
v 0.284274 5.321424 -1.488081
v 0.271951 5.181152 0.134642
v -0.458067 5.598722 -0.652277
v 1.014289 4.903856 -0.701161
v -0.027639 5.455853 0.837369
v -0.052263 5.363328 1.498504
v 0.584610 5.189010 0.822829
v 0.559987 5.096485 1.483965
v 0.283101 5.339767 0.706223
v 0.249246 5.212571 1.615108
v -0.154668 5.459589 1.170661
v 0.687015 5.092750 1.150672
v 0.315890 5.389277 1.178347
v -0.342470 5.325763 0.574180
v -0.384115 5.169292 1.692248
v 0.692928 4.874496 0.549590
v 0.651283 4.718025 1.667658
v 0.183033 5.129447 0.352394
v 0.125780 4.914342 1.889441
v -0.557292 5.332082 1.137819
v 0.866105 4.711708 1.104017
v -0.479358 5.161305 0.970781
v -0.952029 4.842116 1.311131
v -0.059502 5.081728 1.479238
v -0.532174 4.762539 1.819588
v -0.180866 5.181322 1.161238
v -0.830664 4.742521 1.629131
v -0.794360 5.016621 1.045688
v -0.217170 4.907223 1.744681
v -0.543800 5.069725 1.443462
v -0.375602 5.056759 0.568926
v -1.174953 4.516965 1.144506
v 0.334430 4.922184 1.428796
v -0.464921 4.382390 2.004375
v 0.129185 5.090612 0.891015
v -0.969709 4.348537 1.682286
v -0.908315 4.812077 0.695604
v 0.067790 4.627073 1.877695
v 0.449696 4.997636 1.027371
v -0.132296 5.060364 1.349265
v 0.696930 4.650756 1.541976
v 0.114936 4.713485 1.863870
v 0.682360 4.812442 1.224361
v -0.117726 4.898679 1.666879
v 0.112378 5.093993 1.091899
v 0.452258 4.617127 1.799343
v 0.322574 4.961580 1.497744
v 0.474881 4.857487 0.621127
v -0.509350 4.963572 1.165493
v 0.892985 4.270868 1.491393
v -0.091245 4.376952 2.035758
v 0.868345 4.544302 0.954263
v -0.484708 4.690138 1.702621
v -0.095575 5.020443 0.730249
v 0.479209 4.213997 1.926635
v 1.098145 4.181603 -0.810697
v 0.805670 4.284391 0.100803
v 2.072258 4.107111 -0.531671
v 1.779785 4.209898 0.379832
v 1.640004 4.125098 -0.841971
v 1.237929 4.266403 0.411105
v 0.769390 4.246955 -0.407227
v 2.108541 4.144545 -0.023640
v 1.424323 4.398527 -0.230995
v 0.895513 3.715977 -1.187126
v 0.400898 3.889806 0.354349
v 2.542869 3.589999 -0.715252
v 2.048258 3.763827 0.826222
v 1.811866 3.620418 -1.240013
v 1.131904 3.859386 0.879109
v 0.339545 3.826496 -0.504803
v 2.604225 3.653310 0.143896
v 0.283635 4.394285 0.524937
v 0.817867 4.459650 -0.273351
v -0.582078 4.390080 -0.006876
v -0.047846 4.455445 -0.805166
v -0.249322 4.379936 0.408604
v 0.485106 4.469793 -0.688834
v 0.712958 4.427755 0.225437
v -0.477171 4.421974 -0.505665
v 0.143587 4.626151 -0.120143
v 0.340418 3.920654 0.939684
v 1.243879 4.031195 -0.410332
v -1.123619 3.913543 0.040315
v -0.220162 4.024083 -1.309701
v -0.560881 3.896387 0.742950
v 0.681138 4.048350 -1.112967
v 1.066460 3.977258 0.433188
v -0.946205 3.967482 -0.803203
v -1.367760 4.325437 0.818435
v -0.816849 4.407843 0.033166
v -2.218576 4.277352 0.265173
v -1.667667 4.359757 -0.520098
v -1.896394 4.285955 0.688938
v -1.139037 4.399239 -0.390602
v -0.932888 4.375649 0.529463
v -2.102540 4.309544 -0.231126
v -1.501625 4.545008 0.167765
v -1.300297 3.858551 1.239186
v -0.368631 3.997910 -0.088813
v -2.739143 3.777232 0.303544
v -1.807480 3.916590 -1.024456
v -2.194285 3.791780 1.020190
v -0.913492 3.983361 -0.805459
v -0.564871 3.943468 0.750496
v -2.542906 3.831675 -0.535763
v -0.069886 4.971694 0.905022
v -0.698575 4.865550 1.255990
v 0.294135 4.707439 1.477172
v -0.334555 4.601296 1.828141
v 0.229921 4.859454 1.125336
v -0.634360 4.713534 1.607826
v -0.452435 4.968134 0.973305
v 0.047996 4.604855 1.759858
v -0.194001 4.911633 1.419148
v 0.003100 4.818375 0.467847
v -1.060099 4.638870 1.061384
v 0.618707 4.371487 1.435430
v -0.444491 4.191981 2.028966
v 0.510112 4.628566 0.840428
v -0.951504 4.381792 1.656385
v -0.643845 4.812356 0.583322
v 0.202452 4.198003 1.913490
v 1.068258 3.921393 1.409415
v 1.877977 4.061915 1.421552
v 1.130311 3.630002 0.643402
v 1.940030 3.770525 0.655538
v 0.947569 3.749368 1.024132
v 2.060717 3.942549 1.040820
v 1.461491 4.046252 1.559010
v 1.546796 3.645667 0.505944
v 1.480479 3.987124 0.976860
v 0.820204 3.656178 1.794957
v 2.189547 3.893820 1.815485
v 0.925142 3.163396 0.499524
v 2.294485 3.401039 0.520053
v 0.616101 3.365261 1.143393
v 2.498585 3.691956 1.171616
v 1.485211 3.867331 2.047945
v 1.629476 3.189887 0.267067
v 1.436697 3.928383 2.041388
v 1.972119 3.626734 2.580003
v 2.044356 4.060194 1.511150
v 2.579779 3.758545 2.049764
v 1.640205 4.050807 1.675349
v 2.376271 3.636120 2.415800
v 1.590553 3.752861 2.410044
v 2.425922 3.934067 1.681106
v 2.028574 3.983205 2.103620
v 0.995965 3.672928 1.908007
v 1.901439 3.162797 2.818874
v 2.023598 3.895840 1.011301
v 2.929073 3.385709 1.922169
v 1.340123 3.879966 1.288988
v 2.584913 3.178671 2.541188
v 1.256157 3.376097 2.531453
v 2.668878 3.682541 1.298724
v 1.519011 3.852824 0.884021
v 1.902242 3.981163 1.599703
v 2.236577 3.655482 0.535171
v 2.619808 3.783822 1.250855
v 1.805989 3.730107 0.575502
v 2.332828 3.906540 1.559374
v 1.576180 3.953969 1.307224
v 2.562640 3.682678 0.827650
v 2.091336 3.965451 1.029313
v 1.089319 3.545916 0.842963
v 1.737414 3.762957 2.053280
v 2.302818 3.212185 0.253015
v 2.950911 3.429225 1.463330
v 1.574635 3.338384 0.321214
v 2.465593 3.636757 1.985077
v 1.185995 3.716966 1.558659
v 2.854235 3.258174 0.747634
v 1.395707 3.714849 1.168720
v 1.661334 3.659147 1.944528
v 2.167006 3.627891 0.898395
v 2.432633 3.572189 1.674205
v 1.731587 3.681806 0.888198
v 2.096751 3.605232 1.954726
v 1.384005 3.703292 1.607273
v 2.444335 3.583747 1.235650
v 1.932927 3.795863 1.425978
v 0.995211 3.421669 0.983890
v 1.444421 3.327471 2.295888
v 2.299580 3.274610 0.526737
v 2.748790 3.180411 1.838733
v 1.563227 3.365789 0.509488
v 2.180772 3.236291 2.313134
v 0.975418 3.402123 1.725545
v 2.768582 3.199956 1.097079
vt 0.441378 0.405795
vt 0.485664 0.392177
vt 0.447179 0.826642
vt 0.408438 0.821055
vt 0.441188 1.164550
vt 0.474287 1.173425
vt 0.428990 1.307506
vt 0.404873 1.301669
vt 0.138332 0.366140
vt 0.183604 0.376144
vt 0.169043 0.788684
vt 0.130281 0.801578
vt 0.266160 0.416349
vt 0.309152 0.430225
vt 0.293248 0.794278
vt 0.252463 0.784706
vt 0.398293 0.421598
vt 0.370484 0.812971
vt 0.531528 0.385971
vt 0.577074 0.390029
vt 0.526159 0.819381
vt 0.486713 0.825824
vt 0.225854 0.395039
vt 0.210137 0.780987
vt 0.354138 0.431887
vt 0.332425 0.804495
vt 0.246934 0.997760
vt 0.212361 1.004440
vt 0.213952 1.144428
vt 0.245186 1.142567
vt 0.248102 1.285813
vt 0.221909 1.285268
vt 0.307716 1.140796
vt 0.340849 1.141449
vt 0.329186 1.282590
vt 0.301971 1.284149
vt 0.407995 1.155839
vt 0.380414 1.294677
vt 0.276087 1.141106
vt 0.275022 1.285688
vt 0.374703 1.146894
vt 0.355364 1.286864
vt 0.149234 1.151765
vt 0.182063 1.147526
vt 0.196669 1.286040
vt 0.172212 1.287852
vt 0.343930 1.625085
vt 0.364599 1.626742
vt 0.305857 1.834757
vt 0.294771 1.832240
vt 0.391357 1.009680
vt 0.353530 0.998715
vt 0.505900 1.042618
vt 0.467135 1.036269
vt 0.316155 0.994027
vt 0.428585 1.024850
vt 0.177444 1.013087
vt 0.281153 0.993745
vt 0.141169 1.020657
vt 0.260609 1.639623
vt 0.282672 1.638533
vt 0.264763 1.820240
vt 0.254073 1.817562
vt 0.265653 1.527938
vt 0.239351 1.529104
vt 0.323596 1.627829
vt 0.284468 1.828472
vt 0.178599 1.617886
vt 0.198973 1.621199
vt 0.221700 1.822984
vt 0.211439 1.827736
vt 0.218489 1.628150
vt 0.232082 1.819057
vt 0.303479 1.633487
vt 0.274725 1.824199
vt 0.384228 1.633383
vt 0.317309 1.835837
vt 0.238665 1.635562
vt 0.242960 1.817057
vt 1.745866 1.062423
vt 1.735981 1.065490
vt 1.726312 1.062117
vt 1.720608 1.053972
vt 1.720608 1.044194
vt 1.726312 1.036050
vt 1.735981 1.032676
vt 1.745866 1.035743
vt 1.751918 1.044005
vt 1.751918 1.054162
vt 0.314941 1.524769
vt 0.290915 1.526123
vt 0.381672 1.535262
vt 0.360397 1.530353
vt 0.213191 1.528893
vt 0.188408 1.528045
vt 0.338398 1.526262
vt 0.165196 1.527183
vt 0.403424 1.540701
vt 0.601177 1.630563
vt 0.604675 1.602385
vt 0.808905 1.596862
vt 0.810126 1.616853
vt 0.611221 1.550607
vt 0.610466 1.526079
vt 0.803723 1.530679
vt 0.805525 1.553929
vt 0.602099 1.474374
vt 0.600143 1.446760
vt 0.807598 1.463414
vt 0.803573 1.484592
vt 0.600143 1.660290
vt 0.810623 1.636365
vt 0.608751 1.575821
vt 0.807174 1.576020
vt 0.607255 1.501202
vt 0.803012 1.507296
vt 0.602843 1.688259
vt 0.810785 1.655970
vt 0.602458 1.417919
vt 0.813404 1.444100
vt 0.965684 1.536150
vt 0.968446 1.552499
vt 0.976304 1.486025
vt 0.969369 1.502488
vt 0.982954 1.602893
vt 0.984058 1.620888
vt 0.973211 1.568940
vt 0.966049 1.519544
vt 0.981743 1.638775
vt 0.978686 1.585543
vt 0.983907 1.470021
vt 1.162000 1.490826
vt 1.152776 1.505822
vt 1.172124 1.601277
vt 1.174240 1.618299
vt 1.150149 1.555040
vt 1.157091 1.570407
vt 1.147545 1.522219
vt 1.171198 1.635479
vt 1.165484 1.585377
vt 1.146544 1.538833
vt 1.171374 1.475965
vt 1.352654 1.591067
vt 1.350482 1.604142
vt 1.368782 1.556450
vt 1.364334 1.567962
vt 1.361945 1.521088
vt 1.367458 1.532474
vt 1.352407 1.617132
vt 1.358038 1.579077
vt 1.369789 1.544387
vt 1.353045 1.496611
vt 1.356132 1.509424
vt 1.495921 1.557607
vt 1.491750 1.567731
vt 1.489484 1.526268
vt 1.494678 1.536277
vt 1.479674 1.597621
vt 1.481221 1.608464
vt 1.486211 1.577253
vt 1.496939 1.546867
vt 1.481457 1.505653
vt 1.484337 1.516208
vt 1.481615 1.587072
vt 1.889858 0.409004
vt 1.820068 0.404915
vt 1.818310 0.392588
vt 1.889104 0.396257
vt 1.887799 0.371679
vt 1.809234 0.369893
vt 1.805972 0.358620
vt 1.887903 0.359914
vt 1.890514 0.336941
vt 1.808222 0.335987
vt 1.813436 0.325153
vt 1.892626 0.324982
vt 1.892906 0.300024
vt 1.821759 0.301849
vt 1.822057 0.289437
vt 1.891905 0.287338
vt 1.888328 0.383789
vt 1.814047 0.380984
vt 1.888949 0.348423
vt 1.805655 0.347195
vt 1.893496 0.312592
vt 1.818659 0.313926
vt 1.687706 0.364946
vt 1.684140 0.355235
vt 1.686042 0.335152
vt 1.691254 0.325883
vt 1.699507 0.306460
vt 1.699867 0.296173
vt 1.692598 0.374194
vt 1.683553 0.345067
vt 1.696437 0.316498
vt 1.696619 0.383788
vt 1.698086 0.393993
vt 2.009500 0.375111
vt 2.006502 0.387528
vt 2.015236 0.337932
vt 2.014537 0.350444
vt 2.008339 0.299784
vt 2.011814 0.312171
vt 2.004419 0.399975
vt 2.012372 0.362762
vt 2.014608 0.324999
vt 2.004150 0.412737
vt 2.006389 0.287338
vt 1.721036 1.110790
vt 1.729267 1.104976
vt 1.739520 1.104976
vt 1.747970 1.111062
vt 1.751211 1.121001
vt 1.747943 1.130902
vt 1.739484 1.136971
vt 1.728914 1.136923
vt 1.720411 1.130460
vt 1.717600 1.120309
vt 1.189667 0.259169
vt 1.189288 0.231174
vt 1.397582 0.203813
vt 1.399681 0.223103
vt 1.188067 0.180069
vt 1.184438 0.156010
vt 1.389657 0.141276
vt 1.393103 0.162669
vt 1.172659 0.106321
vt 1.169552 0.079768
vt 1.382670 0.077646
vt 1.382871 0.098504
vt 1.191535 0.286139
vt 1.401795 0.242273
vt 1.189269 0.205045
vt 1.395477 0.183609
vt 1.179178 0.131903
vt 1.386163 0.119827
vt 1.170380 0.052319
vt 1.173418 0.024659
vt 1.387231 0.039047
vt 1.384857 0.058044
vt 1.542675 0.129778
vt 1.546938 0.145285
vt 1.547878 0.080249
vt 1.542853 0.096864
vt 1.565679 0.192272
vt 1.568432 0.209281
vt 1.553103 0.160647
vt 1.541373 0.113692
vt 1.556770 0.047096
vt 1.553790 0.063722
vt 1.559952 0.176089
vt 1.727833 0.069034
vt 1.720272 0.084325
vt 1.747410 0.174734
vt 1.751015 0.191357
vt 1.722100 0.132055
vt 1.730155 0.146253
vt 1.716681 0.100621
vt 1.739126 0.037567
vt 1.735500 0.053999
vt 1.739582 0.159946
vt 1.717188 0.116747
vt 1.920885 0.147145
vt 1.920067 0.159915
vt 1.933115 0.112283
vt 1.929923 0.123799
vt 1.923125 0.078809
vt 1.929545 0.089274
vt 1.911207 0.043313
vt 1.912112 0.056071
vt 1.924919 0.135099
vt 1.932937 0.100550
vt 1.916377 0.068110
vt 2.056403 0.101693
vt 2.053279 0.111913
vt 2.047262 0.071851
vt 2.053230 0.081085
vt 2.036510 0.042192
vt 2.037547 0.052586
vt 2.048765 0.121669
vt 2.056403 0.091164
vt 2.041329 0.062565
vt 2.045190 0.131622
vt 2.044251 0.142038
vt 1.882428 0.653399
vt 1.815151 0.649457
vt 1.813457 0.637574
vt 1.881701 0.641111
vt 1.880443 0.617418
vt 1.804708 0.615695
vt 1.801563 0.604829
vt 1.880544 0.606076
vt 1.883060 0.583931
vt 1.803732 0.583011
vt 1.808758 0.572568
vt 1.885096 0.572402
vt 1.885365 0.548343
vt 1.816782 0.550103
vt 1.817068 0.538138
vt 1.884401 0.536115
vt 1.880954 0.629092
vt 1.809347 0.626388
vt 1.881552 0.594999
vt 1.801257 0.593815
vt 1.885935 0.560459
vt 1.813793 0.561744
vt 1.687557 0.610928
vt 1.684119 0.601566
vt 1.685953 0.582207
vt 1.690977 0.573272
vt 1.698933 0.554548
vt 1.699279 0.544632
vt 1.692272 0.619842
vt 1.683553 0.591764
vt 1.695973 0.564224
vt 1.696149 0.629091
vt 1.697562 0.638928
vt 1.997761 0.620727
vt 1.994872 0.632695
vt 2.003291 0.584886
vt 2.002617 0.596948
vt 1.996642 0.548112
vt 1.999992 0.560053
vt 1.992864 0.644695
vt 2.000530 0.608822
vt 2.002686 0.572419
vt 1.992605 0.656997
vt 1.994762 0.536115
vt 1.727523 1.025246
vt 1.721918 1.017311
vt 1.721918 1.007427
vt 1.727784 0.999282
vt 1.737365 0.996157
vt 1.746910 0.999307
vt 1.752760 1.007462
vt 1.752715 1.017650
vt 1.746485 1.025848
vt 1.736699 1.028558
vt 1.962027 1.178218
vt 1.958834 1.203167
vt 1.776697 1.207976
vt 1.775499 1.190054
vt 1.952986 1.248924
vt 1.953683 1.270547
vt 1.781628 1.267221
vt 1.779918 1.246417
vt 1.961254 1.316050
vt 1.963139 1.340343
vt 1.778482 1.327428
vt 1.781964 1.308461
vt 1.963139 1.153303
vt 1.774940 1.172406
vt 1.955176 1.226659
vt 1.778347 1.226641
vt 1.956587 1.292452
vt 1.782365 1.288142
vt 1.961312 1.365766
vt 1.956781 1.391496
vt 1.769109 1.361802
vt 1.773459 1.344768
vt 1.637607 1.263301
vt 1.635159 1.248881
vt 1.628171 1.307555
vt 1.634335 1.293023
vt 1.622311 1.204610
vt 1.621278 1.188886
vt 1.630940 1.234400
vt 1.637283 1.277961
vt 1.616810 1.336749
vt 1.621145 1.322014
vt 1.626099 1.219812
vt 1.464386 1.301097
vt 1.472634 1.287974
vt 1.456410 1.203777
vt 1.454675 1.188427
vt 1.475377 1.244676
vt 1.469398 1.231103
vt 1.477382 1.273581
vt 1.451279 1.328479
vt 1.456071 1.313972
vt 1.462132 1.217859
vt 1.478410 1.258963
vt 1.297141 1.212751
vt 1.299054 1.201289
vt 1.282886 1.243126
vt 1.286829 1.233015
vt 1.288833 1.274289
vt 1.283994 1.264242
vt 1.296335 1.307458
vt 1.296691 1.295847
vt 1.292389 1.223264
vt 1.281967 1.253742
vt 1.293946 1.284577
vt 1.170521 1.241352
vt 1.174284 1.232406
vt 1.176035 1.269155
vt 1.171492 1.260262
vt 1.183019 1.296941
vt 1.183038 1.287454
vt 1.179259 1.224007
vt 1.169552 1.250865
vt 1.180540 1.278090
vt 1.183404 1.215343
vt 1.185210 1.206018
vt 1.866203 0.883733
vt 1.804415 0.880113
vt 1.802859 0.869199
vt 1.865535 0.872447
vt 1.864379 0.850688
vt 1.794823 0.849105
vt 1.791935 0.839126
vt 1.864472 0.840271
vt 1.866783 0.819932
vt 1.793927 0.819087
vt 1.798543 0.809496
vt 1.868653 0.809344
vt 1.868901 0.787249
vt 1.805912 0.788864
vt 1.806175 0.777875
vt 1.868015 0.776017
vt 1.864848 0.861409
vt 1.799084 0.858925
vt 1.865398 0.830098
vt 1.791654 0.829010
vt 1.869423 0.798375
vt 1.803167 0.799556
vt 1.687230 0.844727
vt 1.684073 0.836129
vt 1.685757 0.818348
vt 1.690371 0.810143
vt 1.697678 0.792946
vt 1.697996 0.783840
vt 1.691561 0.852913
vt 1.683553 0.827127
vt 1.694960 0.801833
vt 1.695121 0.861408
vt 1.696419 0.870443
vt 1.972126 0.853726
vt 1.969473 0.864718
vt 1.977204 0.820810
vt 1.976586 0.831887
vt 1.971098 0.787036
vt 1.974175 0.798003
vt 1.967628 0.875739
vt 1.974669 0.842793
vt 1.976649 0.809360
vt 1.967390 0.887037
vt 1.969372 0.776017
vt 1.775589 1.108018
vt 1.780737 1.115306
vt 1.780737 1.124383
vt 1.775349 1.131864
vt 1.766550 1.134734
vt 1.757783 1.131840
vt 1.752411 1.124351
vt 1.752453 1.114994
vt 1.758174 1.107465
vt 1.767162 1.104976
vt 0.322912 0.024659
vt 0.370795 0.031146
vt 0.357201 0.234676
vt 0.314911 0.229806
vt 0.176322 0.068290
vt 0.223747 0.046881
vt 0.229477 0.218736
vt 0.184354 0.217728
vt 0.505256 0.096346
vt 0.551506 0.109267
vt 0.542347 0.244404
vt 0.494107 0.243280
vt 0.416983 0.048987
vt 0.400587 0.237631
vt 0.273689 0.029997
vt 0.272829 0.223940
vt 0.598943 0.109957
vt 0.589298 0.245355
vt 0.460963 0.073628
vt 0.446262 0.240562
vt 0.130284 0.084018
vt 0.138336 0.220534
vt 0.858028 0.049269
vt 0.891365 0.035283
vt 0.898648 0.444060
vt 0.862061 0.441429
vt 0.910937 0.765719
vt 0.943185 0.772653
vt 0.905846 0.903714
vt 0.882391 0.899208
vt 0.626578 0.024659
vt 0.661437 0.033195
vt 0.637047 0.419151
vt 0.600143 0.431017
vt 0.725200 0.064760
vt 0.758199 0.074756
vt 0.753468 0.422093
vt 0.715186 0.414432
vt 0.825808 0.064386
vt 0.826184 0.436067
vt 0.926360 0.026424
vt 0.961683 0.024659
vt 0.972445 0.430617
vt 0.935733 0.440280
vt 0.694156 0.048262
vt 0.675608 0.411796
vt 0.792529 0.074585
vt 0.790320 0.430055
vt 0.717418 0.614945
vt 0.684627 0.622629
vt 0.691953 0.756752
vt 0.721855 0.753628
vt 0.731008 0.891082
vt 0.705810 0.891726
vt 0.781742 0.749186
vt 0.813539 0.748300
vt 0.808777 0.884335
vt 0.782697 0.887067
vt 0.878637 0.758947
vt 0.858559 0.893610
vt 0.751432 0.750885
vt 0.756872 0.889758
vt 0.846263 0.751942
vt 0.834127 0.887247
vt 0.630059 0.766552
vt 0.661448 0.761083
vt 0.681582 0.893592
vt 0.658149 0.896423
vt 0.838441 1.212890
vt 0.858388 1.213549
vt 0.811309 1.416199
vt 0.800535 1.414279
vt 0.855674 0.619903
vt 0.819076 0.611313
vt 0.966992 0.645230
vt 0.929480 0.641295
vt 0.783259 0.608536
vt 0.891995 0.632450
vt 0.651479 0.632186
vt 0.749896 0.609754
vt 0.616944 0.640734
vt 0.758990 1.230631
vt 0.780154 1.228587
vt 0.771142 1.404097
vt 0.760743 1.402004
vt 0.758797 1.123029
vt 0.733563 1.125336
vt 0.819015 1.216447
vt 0.790459 1.411121
vt 0.679162 1.213434
vt 0.698900 1.215700
vt 0.729862 1.408679
vt 0.720211 1.413711
vt 0.717977 1.221501
vt 0.739666 1.404436
vt 0.799929 1.222795
vt 0.780899 1.407453
vt 0.877560 1.219047
vt 0.822367 1.416720
vt 0.737709 1.227717
vt 0.750034 1.402021
vt 1.757107 1.070908
vt 1.766643 1.067949
vt 1.775971 1.071204
vt 1.781474 1.079061
vt 1.781474 1.088495
vt 1.775971 1.096352
vt 1.766643 1.099607
vt 1.757107 1.096648
vt 1.751268 1.088677
vt 1.751268 1.078879
vt 0.806037 1.117757
vt 0.783001 1.120144
vt 0.870666 1.124826
vt 0.849990 1.121068
vt 0.708404 1.126313
vt 0.684539 1.126615
vt 0.828656 1.118131
vt 0.662185 1.126834
vt 0.891825 1.129070
vt 1.196701 0.288551
vt 1.223888 0.292030
vt 1.229128 0.490504
vt 1.209598 0.491810
vt 1.273750 0.298403
vt 1.297312 0.297643
vt 1.293687 0.485131
vt 1.271017 0.486994
vt 1.346897 0.289393
vt 1.373368 0.287338
vt 1.359295 0.488559
vt 1.338627 0.484765
vt 1.169552 0.287338
vt 1.190369 0.492419
vt 1.249487 0.296015
vt 1.249467 0.488707
vt 1.321181 0.294478
vt 1.316485 0.484328
vt 1.401072 0.289329
vt 1.429110 0.294267
vt 1.396752 0.498773
vt 1.378190 0.494033
vt 1.289415 0.642070
vt 1.273703 0.644737
vt 1.337639 0.652352
vt 1.321803 0.645635
vt 1.225460 0.658738
vt 1.208326 0.659863
vt 1.257922 0.649335
vt 1.305391 0.642423
vt 1.369452 0.664732
vt 1.353395 0.660008
vt 1.242026 0.654610
vt 1.330601 0.830827
vt 1.316301 0.821840
vt 1.224552 0.839518
vt 1.207826 0.841409
vt 1.269120 0.818851
vt 1.254330 0.825366
vt 1.300618 0.816666
vt 1.360439 0.845111
vt 1.344631 0.839889
vt 1.239897 0.833284
vt 1.284688 0.815546
vt 1.234332 1.013072
vt 1.221842 1.010988
vt 1.267430 1.028606
vt 1.256412 1.024310
vt 1.301388 1.022126
vt 1.290441 1.027398
vt 1.337531 1.013951
vt 1.324879 1.013564
vt 1.245788 1.018251
vt 1.278999 1.029608
vt 1.312599 1.016555
vt 1.265498 1.151048
vt 1.255749 1.146947
vt 1.295794 1.145039
vt 1.286104 1.149990
vt 1.326072 1.137428
vt 1.315735 1.137408
vt 1.246598 1.141527
vt 1.275864 1.152104
vt 1.305530 1.140131
vt 1.237157 1.137009
vt 1.226995 1.135042
vt 1.804511 0.417538
vt 1.871841 0.421483
vt 1.873536 0.433376
vt 1.805239 0.429836
vt 1.806498 0.453547
vt 1.882292 0.455271
vt 1.885440 0.466146
vt 1.806397 0.464898
vt 1.803878 0.487061
vt 1.883269 0.487981
vt 1.878239 0.498433
vt 1.801841 0.498598
vt 1.801571 0.522676
vt 1.870209 0.520915
vt 1.869922 0.532890
vt 1.802536 0.534915
vt 1.805987 0.441864
vt 1.877650 0.444571
vt 1.805388 0.475984
vt 1.885746 0.477168
vt 1.801001 0.510551
vt 1.873200 0.509265
vt 1.999536 0.460043
vt 2.002976 0.469412
vt 2.001141 0.488787
vt 1.996113 0.497728
vt 1.988151 0.516467
vt 1.987805 0.526391
vt 1.994817 0.451121
vt 2.003543 0.479221
vt 1.991113 0.506783
vt 1.990937 0.441865
vt 1.989523 0.432020
vt 1.689087 0.450236
vt 1.691979 0.438258
vt 1.683553 0.486105
vt 1.684228 0.474033
vt 1.690207 0.522907
vt 1.686854 0.510957
vt 1.693989 0.426249
vt 1.686316 0.462150
vt 1.684159 0.498581
vt 1.694247 0.413937
vt 1.692088 0.534915
vt 1.527250 1.443177
vt 1.519309 1.448786
vt 1.509417 1.448786
vt 1.501266 1.442914
vt 1.498139 1.433326
vt 1.501292 1.423774
vt 1.509453 1.417919
vt 1.519650 1.417966
vt 1.527853 1.424200
vt 1.530565 1.433994
vt 1.430309 0.308825
vt 1.456495 0.308093
vt 1.486248 0.507574
vt 1.467760 0.509810
vt 1.505931 0.306216
vt 1.529148 0.302428
vt 1.545934 0.499269
vt 1.525520 0.502813
vt 1.577010 0.290565
vt 1.602609 0.287338
vt 1.606696 0.491830
vt 1.586754 0.492270
vt 1.655786 0.290678
vt 1.682353 0.296078
vt 1.661679 0.498168
vt 1.643622 0.495717
vt 1.481783 0.307702
vt 1.505531 0.505326
vt 1.552379 0.297094
vt 1.566403 0.495675
vt 1.629098 0.287931
vt 1.625453 0.493689
vt 1.558655 0.646259
vt 1.543669 0.650459
vt 1.606667 0.650972
vt 1.590531 0.646224
vt 1.655801 0.659060
vt 1.639323 0.659446
vt 1.528839 0.656474
vt 1.574224 0.644904
vt 1.622755 0.656579
vt 1.513958 0.663133
vt 1.498384 0.668665
vt 1.616553 0.825824
vt 1.601731 0.818442
vt 1.663039 0.835584
vt 1.646855 0.836843
vt 1.555426 0.820044
vt 1.541637 0.827803
vt 1.585926 0.814904
vt 1.631106 0.833300
vt 1.528322 0.836904
vt 1.570281 0.815339
vt 1.513827 0.844487
vt 1.654566 1.006238
vt 1.642444 1.003344
vt 1.575559 1.024890
vt 1.564385 1.021842
vt 1.608018 1.015081
vt 1.597872 1.021350
vt 1.630082 1.004290
vt 1.553414 1.017045
vt 1.586939 1.024677
vt 1.618391 1.008484
vt 1.541696 1.013242
vt 1.585893 1.144116
vt 1.576019 1.141101
vt 1.614719 1.135291
vt 1.605796 1.141053
vt 1.643390 1.124942
vt 1.633341 1.125925
vt 1.566590 1.136744
vt 1.596063 1.144116
vt 1.623693 1.129566
vt 1.556969 1.133297
vt 1.653447 1.127248
vt 1.800155 0.661668
vt 1.865060 0.665471
vt 1.866694 0.676935
vt 1.800856 0.673523
vt 1.802070 0.696380
vt 1.875135 0.698042
vt 1.878169 0.708525
vt 1.801973 0.707322
vt 1.799545 0.728687
vt 1.876076 0.729575
vt 1.871228 0.739650
vt 1.797581 0.739809
vt 1.797321 0.763020
vt 1.863487 0.761323
vt 1.863211 0.772866
vt 1.798251 0.774818
vt 1.801578 0.685118
vt 1.870660 0.687727
vt 1.801000 0.718009
vt 1.878464 0.719151
vt 1.796772 0.751332
vt 1.866370 0.750091
vt 1.988156 0.702642
vt 1.991473 0.711673
vt 1.989704 0.730351
vt 1.984857 0.738970
vt 1.977181 0.757034
vt 1.976848 0.766601
vt 1.983608 0.694042
vt 1.992019 0.721130
vt 1.980037 0.747699
vt 1.979867 0.685119
vt 1.978504 0.675628
vt 1.688888 0.693189
vt 1.691675 0.681642
vt 1.683553 0.727766
vt 1.684203 0.716129
vt 1.689967 0.763243
vt 1.686736 0.751723
vt 1.693613 0.670065
vt 1.686217 0.704673
vt 1.684137 0.739793
vt 1.693862 0.658197
vt 1.691781 0.774818
vt 1.526202 1.474333
vt 1.518547 1.479740
vt 1.509012 1.479740
vt 1.501154 1.474082
vt 1.498139 1.464838
vt 1.501178 1.455630
vt 1.509045 1.449986
vt 1.518874 1.450029
vt 1.526783 1.456040
vt 1.529398 1.465480
vt 0.601216 1.895218
vt 0.604297 1.871149
vt 0.780013 1.866509
vt 0.781169 1.883800
vt 0.609939 1.827005
vt 0.609266 1.806144
vt 0.775256 1.809353
vt 0.776905 1.829424
vt 0.601962 1.762245
vt 0.600143 1.738809
vt 0.778291 1.751268
vt 0.774931 1.769566
vt 0.600143 1.919255
vt 0.781708 1.900825
vt 0.607825 1.848485
vt 0.778422 1.848503
vt 0.606464 1.785012
vt 0.774545 1.789169
vt 0.601906 1.714282
vt 0.606277 1.689459
vt 0.787334 1.718107
vt 0.783137 1.734540
vt 0.914200 1.813136
vt 0.916561 1.827046
vt 0.923303 1.770441
vt 0.917356 1.784461
vt 0.928957 1.869758
vt 0.929953 1.884927
vt 0.920632 1.841017
vt 0.914512 1.798991
vt 0.934264 1.742276
vt 0.930081 1.756491
vt 0.925302 1.855090
vt 1.081314 1.776672
vt 1.073357 1.789332
vt 1.089009 1.870561
vt 1.090683 1.885369
vt 1.070710 1.831103
vt 1.076478 1.844198
vt 1.068776 1.803217
vt 1.093959 1.750255
vt 1.089337 1.764251
vt 1.083489 1.856975
vt 1.067785 1.817320
vt 1.242662 1.861902
vt 1.240817 1.872960
vt 1.256415 1.832599
vt 1.252611 1.842353
vt 1.250678 1.802534
vt 1.255346 1.812226
vt 1.243441 1.770535
vt 1.243097 1.781736
vt 1.247248 1.851760
vt 1.257302 1.822356
vt 1.245745 1.792609
vt 1.364819 1.834309
vt 1.361188 1.842940
vt 1.359499 1.807487
vt 1.363882 1.816066
vt 1.352761 1.780680
vt 1.352742 1.789832
vt 1.356389 1.851043
vt 1.365753 1.825132
vt 1.355153 1.798867
vt 1.352389 1.859401
vt 1.350648 1.868397
vt 1.860215 0.981490
vt 1.800789 0.978649
vt 1.799133 0.968151
vt 1.859512 0.970695
vt 1.858260 0.949720
vt 1.791145 0.948862
vt 1.788228 0.939260
vt 1.858281 0.939662
vt 1.860402 0.919990
vt 1.789885 0.919872
vt 1.794210 0.910539
vt 1.862156 0.909729
vt 1.860468 0.992306
vt 1.799471 0.989247
vt 1.858777 0.960061
vt 1.795369 0.958287
vt 1.859115 0.929827
vt 1.787822 0.929491
vt 1.862858 0.899094
vt 1.798532 0.900861
vt 1.801024 0.890461
vt 1.862326 0.888237
vt 1.687323 0.946161
vt 1.684173 0.937930
vt 1.685558 0.920787
vt 1.689891 0.912816
vt 1.695008 0.979572
vt 1.696486 0.970796
vt 1.691595 0.953981
vt 1.683553 0.929271
vt 1.694195 0.904746
vt 1.696685 0.896151
vt 1.695127 0.962111
vt 1.962000 0.952365
vt 1.959467 0.962934
vt 1.966856 0.920710
vt 1.966265 0.931362
vt 1.961007 0.888237
vt 1.963952 0.898783
vt 1.957718 0.973524
vt 1.964431 0.941850
vt 1.966324 0.909703
vt 1.957530 0.984214
vt 1.958901 0.994958
vt 1.534700 1.455829
vt 1.541731 1.450863
vt 1.550488 1.450863
vt 1.557705 1.456061
vt 1.560474 1.464550
vt 1.557682 1.473007
vt 1.550457 1.478191
vt 1.541430 1.478150
vt 1.534166 1.472630
vt 1.531765 1.463959
vt 1.683553 1.117139
vt 1.689493 1.108628
vt 1.699661 1.104976
vt 1.710106 1.108276
vt 1.716400 1.117101
vt 1.716322 1.127778
vt 1.709961 1.136374
vt 1.699718 1.139540
vt 1.689621 1.136063
vt 1.683553 1.127474
vt 1.707641 0.996157
vt 1.716792 1.002545
vt 1.720719 1.013477
vt 1.717171 1.024709
vt 1.707681 1.031476
vt 1.696201 1.031392
vt 1.686957 1.024553
vt 1.683553 1.013538
vt 1.687292 1.002681
vt 1.696527 0.996157
vt 1.706792 1.032676
vt 1.715620 1.038838
vt 1.719408 1.049385
vt 1.715986 1.060221
vt 1.706830 1.066749
vt 1.695755 1.066668
vt 1.686837 1.060070
vt 1.683553 1.049444
vt 1.687160 1.038969
vt 1.696070 1.032676
vt 1.717600 1.091169
vt 1.711443 1.099991
vt 1.700904 1.103776
vt 1.690077 1.100356
vt 1.683553 1.091208
vt 1.683634 1.080141
vt 1.690227 1.071231
vt 1.700845 1.067949
vt 1.711311 1.071553
vt 1.717600 1.080456
vt 1.531765 1.429090
vt 1.537220 1.421273
vt 1.546558 1.417919
vt 1.556151 1.420950
vt 1.561932 1.429055
vt 1.561860 1.438861
vt 1.556019 1.446756
vt 1.546611 1.449663
vt 1.537337 1.446470
vt 1.531765 1.438582
vt 1.750069 1.089274
vt 1.744414 1.097376
vt 1.734735 1.100853
vt 1.724791 1.097712
vt 1.718800 1.089310
vt 1.718874 1.079146
vt 1.724929 1.070963
vt 1.734681 1.067949
vt 1.744293 1.071259
vt 1.750069 1.079435
vt 0.500000 0.500000
vt 0.757387 0.597317
vt 0.618652 0.762926
vt 0.402683 0.757387
vt 0.597317 0.242613
vt 0.762926 0.381347
vt 0.381347 0.237074
vt 0.242613 0.402683
vt 0.237074 0.618653
vt 0.000100 0.725594
vt 0.000100 0.310990
vt 0.999900 0.689010
vt 0.725594 0.999900
vt 0.274406 0.000100
vt 0.689010 0.000100
vt 0.999900 0.274406
vt 0.310990 0.999900
vt 0.500000 0.500000
vt 0.757387 0.597317
vt 0.618652 0.762926
vt 0.402683 0.757387
vt 0.597317 0.242613
vt 0.762926 0.381347
vt 0.381347 0.237074
vt 0.242613 0.402683
vt 0.237074 0.618653
vt 0.000100 0.725594
vt 0.000100 0.310990
vt 0.999900 0.689010
vt 0.725594 0.999900
vt 0.274406 0.000100
vt 0.689010 0.000100
vt 0.999900 0.274406
vt 0.310990 0.999900
vt 0.500000 0.500000
vt 0.757387 0.597317
vt 0.618652 0.762926
vt 0.402683 0.757387
vt 0.597317 0.242613
vt 0.762926 0.381347
vt 0.381347 0.237074
vt 0.242613 0.402683
vt 0.237074 0.618653
vt 0.000100 0.725594
vt 0.000100 0.310990
vt 0.999900 0.689010
vt 0.725594 0.999900
vt 0.274406 0.000100
vt 0.689010 0.000100
vt 0.999900 0.274406
vt 0.310990 0.999900
vt 0.500000 0.500000
vt 0.757387 0.597317
vt 0.618652 0.762926
vt 0.402683 0.757387
vt 0.597317 0.242613
vt 0.762926 0.381347
vt 0.381347 0.237074
vt 0.242613 0.402683
vt 0.237074 0.618653
vt 0.000100 0.725594
vt 0.000100 0.310990
vt 0.999900 0.689010
vt 0.725594 0.999900
vt 0.274406 0.000100
vt 0.689010 0.000100
vt 0.999900 0.274406
vt 0.310990 0.999900
vt 0.500000 0.500000
vt 0.757387 0.597317
vt 0.618652 0.762926
vt 0.402683 0.757387
vt 0.597317 0.242613
vt 0.762926 0.381347
vt 0.381347 0.237074
vt 0.242613 0.402683
vt 0.237074 0.618653
vt 0.000100 0.725594
vt 0.000100 0.310990
vt 0.999900 0.689010
vt 0.725594 0.999900
vt 0.274406 0.000100
vt 0.689010 0.000100
vt 0.999900 0.274406
vt 0.310990 0.999900
vt 0.500000 0.500000
vt 0.757387 0.597317
vt 0.618652 0.762926
vt 0.402683 0.757387
vt 0.597317 0.242613
vt 0.762926 0.381347
vt 0.381347 0.237074
vt 0.242613 0.402683
vt 0.237074 0.618653
vt 0.000100 0.725594
vt 0.000100 0.310990
vt 0.999900 0.689010
vt 0.725594 0.999900
vt 0.274406 0.000100
vt 0.689010 0.000100
vt 0.999900 0.274406
vt 0.310990 0.999900
vt 0.500000 0.500000
vt 0.757387 0.597317
vt 0.618652 0.762926
vt 0.402683 0.757387
vt 0.597317 0.242613
vt 0.762926 0.381347
vt 0.381347 0.237074
vt 0.242613 0.402683
vt 0.237074 0.618653
vt 0.000100 0.725594
vt 0.000100 0.310990
vt 0.999900 0.689010
vt 0.725594 0.999900
vt 0.274406 0.000100
vt 0.689010 0.000100
vt 0.999900 0.274406
vt 0.310990 0.999900
vt 0.500000 0.500000
vt 0.757387 0.597317
vt 0.618652 0.762926
vt 0.402683 0.757387
vt 0.597317 0.242613
vt 0.762926 0.381347
vt 0.381347 0.237074
vt 0.242613 0.402683
vt 0.237074 0.618653
vt 0.000100 0.725594
vt 0.000100 0.310990
vt 0.999900 0.689010
vt 0.725594 0.999900
vt 0.274406 0.000100
vt 0.689010 0.000100
vt 0.999900 0.274406
vt 0.310990 0.999900
vt 0.500000 0.500000
vt 0.757387 0.597317
vt 0.618652 0.762926
vt 0.402683 0.757387
vt 0.597317 0.242613
vt 0.762926 0.381347
vt 0.381347 0.237074
vt 0.242613 0.402683
vt 0.237074 0.618653
vt 0.000100 0.725594
vt 0.000100 0.310990
vt 0.999900 0.689010
vt 0.725594 0.999900
vt 0.274406 0.000100
vt 0.689010 0.000100
vt 0.999900 0.274406
vt 0.310990 0.999900
vt 0.500000 0.500000
vt 0.757387 0.597317
vt 0.618652 0.762926
vt 0.402683 0.757387
vt 0.597317 0.242613
vt 0.762926 0.381347
vt 0.381347 0.237074
vt 0.242613 0.402683
vt 0.237074 0.618653
vt 0.000100 0.725594
vt 0.000100 0.310990
vt 0.999900 0.689010
vt 0.725594 0.999900
vt 0.274406 0.000100
vt 0.689010 0.000100
vt 0.999900 0.274406
vt 0.310990 0.999900
vt 0.500000 0.500000
vt 0.757387 0.597317
vt 0.618652 0.762926
vt 0.402683 0.757387
vt 0.597317 0.242613
vt 0.762926 0.381347
vt 0.381347 0.237074
vt 0.242613 0.402683
vt 0.237074 0.618653
vt 0.000100 0.725594
vt 0.000100 0.310990
vt 0.999900 0.689010
vt 0.725594 0.999900
vt 0.274406 0.000100
vt 0.689010 0.000100
vt 0.999900 0.274406
vt 0.310990 0.999900
vt 0.500000 0.500000
vt 0.757387 0.597317
vt 0.618652 0.762926
vt 0.402683 0.757387
vt 0.597317 0.242613
vt 0.762926 0.381347
vt 0.381347 0.237074
vt 0.242613 0.402683
vt 0.237074 0.618653
vt 0.000100 0.725594
vt 0.000100 0.310990
vt 0.999900 0.689010
vt 0.725594 0.999900
vt 0.274406 0.000100
vt 0.689010 0.000100
vt 0.999900 0.274406
vt 0.310990 0.999900
vt 0.500000 0.500000
vt 0.757387 0.597317
vt 0.618652 0.762926
vt 0.402683 0.757387
vt 0.597317 0.242613
vt 0.762926 0.381347
vt 0.381347 0.237074
vt 0.242613 0.402683
vt 0.237074 0.618653
vt 0.000100 0.725594
vt 0.000100 0.310990
vt 0.999900 0.689010
vt 0.725594 0.999900
vt 0.274406 0.000100
vt 0.689010 0.000100
vt 0.999900 0.274406
vt 0.310990 0.999900
vt 0.500000 0.500000
vt 0.757387 0.597317
vt 0.618652 0.762926
vt 0.402683 0.757387
vt 0.597317 0.242613
vt 0.762926 0.381347
vt 0.381347 0.237074
vt 0.242613 0.402683
vt 0.237074 0.618653
vt 0.000100 0.725594
vt 0.000100 0.310990
vt 0.999900 0.689010
vt 0.725594 0.999900
vt 0.274406 0.000100
vt 0.689010 0.000100
vt 0.999900 0.274406
vt 0.310990 0.999900
vt 0.500000 0.500000
vt 0.757387 0.597317
vt 0.618652 0.762926
vt 0.402683 0.757387
vt 0.597317 0.242613
vt 0.762926 0.381347
vt 0.381347 0.237074
vt 0.242613 0.402683
vt 0.237074 0.618653
vt 0.000100 0.725594
vt 0.000100 0.310990
vt 0.999900 0.689010
vt 0.725594 0.999900
vt 0.274406 0.000100
vt 0.689010 0.000100
vt 0.999900 0.274406
vt 0.310990 0.999900
vt 0.500000 0.500000
vt 0.757387 0.597317
vt 0.618652 0.762926
vt 0.402683 0.757387
vt 0.597317 0.242613
vt 0.762926 0.381347
vt 0.381347 0.237074
vt 0.242613 0.402683
vt 0.237074 0.618653
vt 0.000100 0.725594
vt 0.000100 0.310990
vt 0.999900 0.689010
vt 0.725594 0.999900
vt 0.274406 0.000100
vt 0.689010 0.000100
vt 0.999900 0.274406
vt 0.310990 0.999900
vt 0.500000 0.500000
vt 0.757387 0.597317
vt 0.618652 0.762926
vt 0.402683 0.757387
vt 0.597317 0.242613
vt 0.762926 0.381347
vt 0.381347 0.237074
vt 0.242613 0.402683
vt 0.237074 0.618653
vt 0.000100 0.725594
vt 0.000100 0.310990
vt 0.999900 0.689010
vt 0.725594 0.999900
vt 0.274406 0.000100
vt 0.689010 0.000100
vt 0.999900 0.274406
vt 0.310990 0.999900
vt 0.500000 0.500000
vt 0.757387 0.597317
vt 0.618652 0.762926
vt 0.402683 0.757387
vt 0.597317 0.242613
vt 0.762926 0.381347
vt 0.381347 0.237074
vt 0.242613 0.402683
vt 0.237074 0.618653
vt 0.000100 0.725594
vt 0.000100 0.310990
vt 0.999900 0.689010
vt 0.725594 0.999900
vt 0.274406 0.000100
vt 0.689010 0.000100
vt 0.999900 0.274406
vt 0.310990 0.999900
vt 0.500000 0.500000
vt 0.757387 0.597317
vt 0.618652 0.762926
vt 0.402683 0.757387
vt 0.597317 0.242613
vt 0.762926 0.381347
vt 0.381347 0.237074
vt 0.242613 0.402683
vt 0.237074 0.618653
vt 0.000100 0.725594
vt 0.000100 0.310990
vt 0.999900 0.689010
vt 0.725594 0.999900
vt 0.274406 0.000100
vt 0.689010 0.000100
vt 0.999900 0.274406
vt 0.310990 0.999900
vt 0.500000 0.500000
vt 0.757387 0.597317
vt 0.618652 0.762926
vt 0.402683 0.757387
vt 0.597317 0.242613
vt 0.762926 0.381347
vt 0.381347 0.237074
vt 0.242613 0.402683
vt 0.237074 0.618653
vt 0.000100 0.725594
vt 0.000100 0.310990
vt 0.999900 0.689010
vt 0.725594 0.999900
vt 0.274406 0.000100
vt 0.689010 0.000100
vt 0.999900 0.274406
vt 0.310990 0.999900
vt 0.500000 0.500000
vt 0.757387 0.597317
vt 0.618652 0.762926
vt 0.402683 0.757387
vt 0.597317 0.242613
vt 0.762926 0.381347
vt 0.381347 0.237074
vt 0.242613 0.402683
vt 0.237074 0.618653
vt 0.000100 0.725594
vt 0.000100 0.310990
vt 0.999900 0.689010
vt 0.725594 0.999900
vt 0.274406 0.000100
vt 0.689010 0.000100
vt 0.999900 0.274406
vt 0.310990 0.999900
vt 0.500000 0.500000
vt 0.757387 0.597317
vt 0.618652 0.762926
vt 0.402683 0.757387
vt 0.597317 0.242613
vt 0.762926 0.381347
vt 0.381347 0.237074
vt 0.242613 0.402683
vt 0.237074 0.618653
vt 0.000100 0.725594
vt 0.000100 0.310990
vt 0.999900 0.689010
vt 0.725594 0.999900
vt 0.274406 0.000100
vt 0.689010 0.000100
vt 0.999900 0.274406
vt 0.310990 0.999900
vt 0.500000 0.500000
vt 0.757387 0.597317
vt 0.618652 0.762926
vt 0.402683 0.757387
vt 0.597317 0.242613
vt 0.762926 0.381347
vt 0.381347 0.237074
vt 0.242613 0.402683
vt 0.237074 0.618653
vt 0.000100 0.725594
vt 0.000100 0.310990
vt 0.999900 0.689010
vt 0.725594 0.999900
vt 0.274406 0.000100
vt 0.689010 0.000100
vt 0.999900 0.274406
vt 0.310990 0.999900
vt 0.500000 0.500000
vt 0.757387 0.597317
vt 0.618652 0.762926
vt 0.402683 0.757387
vt 0.597317 0.242613
vt 0.762926 0.381347
vt 0.381347 0.237074
vt 0.242613 0.402683
vt 0.237074 0.618653
vt 0.000100 0.725594
vt 0.000100 0.310990
vt 0.999900 0.689010
vt 0.725594 0.999900
vt 0.274406 0.000100
vt 0.689010 0.000100
vt 0.999900 0.274406
vt 0.310990 0.999900
vt 0.500000 0.500000
vt 0.757387 0.597317
vt 0.618652 0.762926
vt 0.402683 0.757387
vt 0.597317 0.242613
vt 0.762926 0.381347
vt 0.381347 0.237074
vt 0.242613 0.402683
vt 0.237074 0.618653
vt 0.000100 0.725594
vt 0.000100 0.310990
vt 0.999900 0.689010
vt 0.725594 0.999900
vt 0.274406 0.000100
vt 0.689010 0.000100
vt 0.999900 0.274406
vt 0.310990 0.999900
vt 0.500000 0.500000
vt 0.757387 0.597317
vt 0.618652 0.762926
vt 0.402683 0.757387
vt 0.597317 0.242613
vt 0.762926 0.381347
vt 0.381347 0.237074
vt 0.242613 0.402683
vt 0.237074 0.618653
vt 0.000100 0.725594
vt 0.000100 0.310990
vt 0.999900 0.689010
vt 0.725594 0.999900
vt 0.274406 0.000100
vt 0.689010 0.000100
vt 0.999900 0.274406
vt 0.310990 0.999900
vt 0.500000 0.500000
vt 0.757387 0.597317
vt 0.618652 0.762926
vt 0.402683 0.757387
vt 0.597317 0.242613
vt 0.762926 0.381347
vt 0.381347 0.237074
vt 0.242613 0.402683
vt 0.237074 0.618653
vt 0.000100 0.725594
vt 0.000100 0.310990
vt 0.999900 0.689010
vt 0.725594 0.999900
vt 0.274406 0.000100
vt 0.689010 0.000100
vt 0.999900 0.274406
vt 0.310990 0.999900
vt 0.500000 0.500000
vt 0.757387 0.597317
vt 0.618652 0.762926
vt 0.402683 0.757387
vt 0.597317 0.242613
vt 0.762926 0.381347
vt 0.381347 0.237074
vt 0.242613 0.402683
vt 0.237074 0.618653
vt 0.000100 0.725594
vt 0.000100 0.310990
vt 0.999900 0.689010
vt 0.725594 0.999900
vt 0.274406 0.000100
vt 0.689010 0.000100
vt 0.999900 0.274406
vt 0.310990 0.999900
vt 0.500000 0.500000
vt 0.757387 0.597317
vt 0.618652 0.762926
vt 0.402683 0.757387
vt 0.597317 0.242613
vt 0.762926 0.381347
vt 0.381347 0.237074
vt 0.242613 0.402683
vt 0.237074 0.618653
vt 0.000100 0.725594
vt 0.000100 0.310990
vt 0.999900 0.689010
vt 0.725594 0.999900
vt 0.274406 0.000100
vt 0.689010 0.000100
vt 0.999900 0.274406
vt 0.310990 0.999900
vn -0.3279 -0.1560 -0.9317
vn -0.7476 -0.4325 -0.5040
vn -0.7814 -0.3301 -0.5296
vn -0.3464 -0.0837 -0.9344
vn -0.8916 -0.4527 0.0140
vn -0.7433 -0.3202 0.5873
vn -0.8096 -0.1798 0.5588
vn -0.9582 -0.2860 -0.0126
vn -0.6706 -0.4118 0.6170
vn -0.2417 -0.1612 0.9569
vn -0.2708 -0.1979 0.9421
vn -0.7071 -0.3963 0.5856
vn 0.7309 0.4771 0.4880
vn 0.8289 0.5531 -0.0832
vn 0.8891 0.4530 -0.0658
vn 0.7694 0.3683 0.5219
vn 0.2308 0.1995 -0.9523
vn 0.2319 0.2002 -0.9519
vn -0.8548 -0.5111 0.0898
vn -0.8959 -0.4413 0.0509
vn 0.3249 0.1987 0.9246
vn 0.3153 0.1170 0.9418
vn 0.6549 0.4556 -0.6030
vn 0.6910 0.3938 -0.6062
vn 0.7372 0.3800 0.5586
vn 0.3037 0.1462 0.9415
vn 0.1944 0.3073 0.9316
vn 0.6156 0.5518 0.5626
vn 0.6981 0.4028 0.5919
vn 0.2068 0.2449 0.9472
vn 0.6495 0.5042 -0.5691
vn 0.2473 0.2301 -0.9412
vn 0.2672 0.1129 -0.9570
vn 0.7362 0.3240 -0.5941
vn -0.7287 -0.3789 -0.5705
vn -0.7718 -0.2703 -0.5756
vn 0.7833 0.6216 -0.0040
vn 0.9020 0.4317 -0.0011
vn -0.2914 -0.1145 -0.9497
vn -0.3108 -0.1262 -0.9421
vn -0.3296 -0.0288 0.9437
vn -0.3681 0.0195 0.9296
vn -0.7162 0.4409 -0.5409
vn -0.8801 0.4747 0.0090
vn -0.7982 0.6024 -0.0060
vn -0.6522 0.5483 -0.5234
vn -0.3183 -0.0512 -0.9466
vn 0.2547 0.2389 -0.9370
vn -0.7021 -0.3666 0.6105
vn -0.8953 -0.4429 0.0481
vn 0.6992 0.4307 -0.5706
vn -0.7662 -0.3271 -0.5532
vn -0.2555 -0.1404 0.9565
vn 0.8775 0.4793 -0.0128
vn 0.9149 -0.4034 -0.0120
vn 0.7596 -0.2731 -0.5902
vn 0.7139 -0.3510 -0.6059
vn 0.8686 -0.4941 -0.0388
vn 0.9985 -0.0534 -0.0085
vn 0.7974 -0.0502 0.6014
vn -0.2826 0.2751 -0.9189
vn -0.2639 0.3282 -0.9070
vn -0.7339 0.3744 0.5668
vn -0.2990 0.1527 0.9420
vn -0.3096 0.2385 0.9205
vn -0.6904 0.5006 0.5222
vn 0.2785 -0.1292 0.9517
vn 0.2586 -0.1301 0.9572
vn 0.2970 -0.0009 -0.9549
vn 0.2775 -0.0265 -0.9604
vn 0.7430 -0.3492 0.5710
vn 0.7184 -0.4194 0.5550
vn 0.7364 0.6539 0.1736
vn 0.2782 0.0135 -0.9604
vn 0.7966 -0.0225 -0.6041
vn -0.9952 0.0960 -0.0198
vn -0.8125 0.0741 -0.5782
vn 0.2629 -0.0058 0.9648
vn -0.3615 0.0513 0.9310
vn -0.3396 0.0406 -0.9397
vn -0.8304 0.0898 0.5500
vn -0.8820 0.4411 0.1655
vn -0.7116 0.1480 0.6868
vn -0.6603 0.2135 0.7200
vn -0.7392 0.6108 0.2836
vn 0.3536 -0.4178 0.8369
vn 0.7932 -0.4492 0.4111
vn 0.6128 -0.7301 0.3022
vn 0.1591 -0.6280 0.7618
vn 0.7456 -0.0062 -0.6663
vn 0.2723 0.3088 -0.9113
vn 0.2917 0.3764 -0.8793
vn 0.6789 -0.0750 -0.7304
vn -0.7162 0.5804 -0.3876
vn -0.5531 0.7954 -0.2479
vn -0.2322 -0.1902 0.9539
vn -0.3275 -0.2563 0.9094
vn 0.9430 -0.2939 -0.1559
vn 0.8124 -0.5095 -0.2834
vn -0.2876 0.5320 -0.7964
vn -0.1668 0.7067 -0.6875
vn 0.4084 -0.9010 0.1463
vn 0.0566 -0.7994 0.5982
vn 0.3791 0.3666 -0.8496
vn 0.6326 -0.2228 -0.7417
vn -0.6188 0.6816 0.3905
vn -0.4047 0.9058 -0.1252
vn -0.3313 -0.3946 0.8570
vn 0.6282 -0.6952 -0.3494
vn -0.0349 0.8013 -0.5973
vn -0.5983 0.1860 0.7794
vn 0.3456 0.3730 -0.8611
vn 0.6711 -0.2154 -0.7094
vn -0.6869 0.6539 0.3172
vn -0.4907 0.8519 -0.1830
vn 0.1559 -0.7558 0.6360
vn -0.2805 -0.3825 0.8803
vn 0.7001 -0.6563 -0.2812
vn -0.1231 0.7737 -0.6215
vn -0.6264 0.1861 0.7569
vn 0.5045 -0.8391 0.2035
vn -0.7810 0.5791 0.2339
vn -0.5841 0.7585 -0.2890
vn 0.2620 -0.6330 0.7285
vn -0.2362 -0.3437 0.9089
vn 0.7227 -0.1935 -0.6635
vn 0.8144 -0.5577 -0.1602
vn -0.1895 0.6786 -0.7096
vn -0.6715 0.1468 0.7263
vn 0.6309 -0.6974 0.3399
vn 0.3248 0.3164 -0.8913
vn 0.3242 -0.5534 0.7672
vn -0.1561 -0.3298 0.9310
vn 0.7956 -0.1929 -0.5743
vn 0.8657 -0.4988 -0.0426
vn -0.3701 0.9072 -0.2003
vn -0.0798 0.8734 -0.4804
vn -0.6497 0.0735 0.7566
vn 0.6753 -0.6052 0.4216
vn 0.3509 0.2557 -0.9008
vn -0.8518 0.4716 0.2282
vn 0.1639 0.9676 0.1923
vn 0.3036 0.9199 0.2482
vn -0.0359 0.7077 0.7056
vn -0.1613 0.7300 0.6641
vn -0.5452 -0.4155 0.7281
vn -0.6007 -0.3863 0.7000
vn -0.5814 -0.7775 0.2397
vn -0.4502 -0.8376 0.3096
vn 0.1210 -0.7605 -0.6380
vn -0.0350 -0.7146 -0.6987
vn 0.3499 -0.2439 -0.9045
vn 0.4155 -0.2619 -0.8711
vn 0.4293 0.8342 -0.3462
vn 0.5356 0.7945 -0.2863
vn -0.4370 0.1928 0.8785
vn -0.3891 0.1996 0.8993
vn -0.2017 -0.9599 -0.1947
vn -0.3734 -0.8884 -0.2670
vn 0.5345 0.3660 -0.7618
vn 0.5729 0.3588 -0.7369
vn -0.6445 -0.4391 0.6259
vn -0.6196 -0.7645 0.1776
vn -0.1445 -0.7248 -0.6737
vn 0.2490 -0.3152 -0.9158
vn 0.1764 0.9307 -0.3203
vn 0.0357 0.9979 0.0532
vn -0.4268 0.1234 0.8959
vn -0.4400 -0.8548 -0.2752
vn 0.5657 0.3037 -0.7666
vn -0.0136 0.6591 0.7519
vn -0.5101 -0.4421 0.7378
vn -0.4675 0.1762 0.8663
vn 0.2159 -0.7634 -0.6088
vn -0.0850 -0.9828 -0.1638
vn 0.3839 0.8305 -0.4035
vn 0.5163 0.3375 -0.7871
vn -0.2317 0.7332 0.6393
vn -0.3576 -0.8708 0.3375
vn 0.4464 -0.2712 -0.8527
vn 0.0967 0.9843 0.1479
vn -0.4170 0.8668 -0.2734
vn -0.5093 0.7021 0.4977
vn -0.1714 0.3765 0.9104
vn -0.1236 0.4206 0.8988
vn -0.3489 0.7999 0.4883
vn 0.6016 -0.4959 0.6262
vn 0.7251 -0.6867 0.0521
vn 0.5117 -0.8533 0.1005
vn 0.4051 -0.6099 0.6811
vn 0.2453 -0.2734 -0.9301
vn -0.1691 0.1673 -0.9713
vn -0.1337 0.2184 -0.9667
vn 0.1732 -0.3181 -0.9321
vn -0.6317 0.7693 -0.0957
vn -0.4391 0.8935 -0.0941
vn 0.2576 -0.0873 0.9623
vn 0.1618 -0.1155 0.9801
vn 0.5892 -0.6006 -0.5405
vn 0.4216 -0.7392 -0.5252
vn -0.5037 0.5658 -0.6528
vn -0.3593 0.6758 -0.6436
vn 0.3114 -0.9451 0.0996
vn 0.2606 -0.7263 0.6361
vn -0.0753 0.1893 -0.9790
vn 0.1232 -0.4249 -0.8968
vn -0.2376 0.8314 0.5022
vn -0.2967 0.9512 -0.0845
vn 0.1161 -0.2255 0.9673
vn 0.2653 -0.8422 -0.4693
vn -0.2415 0.7238 -0.6464
vn -0.0792 0.3860 0.9191
vn -0.1088 0.2011 -0.9735
vn 0.1734 -0.4222 -0.8898
vn -0.3367 0.8107 0.4789
vn -0.4060 0.9103 -0.0806
vn 0.3695 -0.7003 0.6108
vn 0.1727 -0.2217 0.9597
vn 0.3663 -0.8119 -0.4545
vn -0.3320 0.7125 -0.6181
vn -0.1146 0.3895 0.9139
vn 0.4299 -0.8985 0.0887
vn -0.4687 0.7484 0.4693
vn -0.5514 0.8274 -0.1063
vn 0.5223 -0.5928 0.6130
vn 0.2297 -0.1900 0.9545
vn 0.2436 -0.4067 -0.8805
vn 0.5378 -0.7267 -0.4274
vn -0.4456 0.6243 -0.6416
vn -0.1733 0.3573 0.9178
vn 0.6250 -0.7722 0.1145
vn -0.1489 0.1472 -0.9778
vn 0.6048 -0.5240 0.5997
vn 0.3107 -0.1906 0.9312
vn 0.3516 -0.4116 -0.8408
vn 0.6494 -0.6674 -0.3644
vn -0.3062 0.9375 -0.1654
vn -0.2101 0.8155 -0.5393
vn -0.1482 0.2847 0.9471
vn 0.7161 -0.6830 0.1439
vn -0.1393 0.0817 -0.9869
vn -0.5447 0.6577 0.5203
vn 0.2136 0.9510 0.2237
vn 0.3429 0.8926 0.2929
vn -0.0570 0.7025 0.7094
vn -0.1755 0.7345 0.6555
vn -0.6470 -0.3797 0.6613
vn -0.6970 -0.3461 0.6281
vn -0.6588 -0.7338 0.1660
vn -0.5403 -0.8041 0.2480
vn 0.1305 -0.7621 -0.6342
vn -0.0145 -0.7041 -0.7099
vn 0.4232 -0.2619 -0.8674
vn 0.4835 -0.2850 -0.8277
vn 0.5231 0.8027 -0.2866
vn 0.6194 0.7546 -0.2168
vn -0.5107 0.2176 0.8318
vn -0.4649 0.2207 0.8574
vn -0.2503 -0.9405 -0.2298
vn -0.4078 -0.8558 -0.3183
vn 0.6363 0.3314 -0.6967
vn 0.6712 0.3211 -0.6681
vn -0.7367 -0.3949 0.5490
vn -0.6892 -0.7175 0.1005
vn -0.1265 -0.7063 -0.6965
vn 0.3191 -0.3253 -0.8901
vn 0.2766 0.9176 -0.2855
vn 0.1032 0.9920 0.0726
vn -0.5074 0.1475 0.8490
vn -0.4706 -0.8172 -0.3328
vn 0.6631 0.2670 -0.6993
vn -0.0432 0.6520 0.7570
vn -0.6151 -0.4088 0.6741
vn -0.5408 0.2035 0.8162
vn 0.2214 -0.7723 -0.5955
vn -0.1395 -0.9723 -0.1874
vn 0.4838 0.8028 -0.3484
vn 0.6188 0.3045 -0.7242
vn -0.2424 0.7431 0.6237
vn -0.4537 -0.8444 0.2849
vn 0.5116 -0.2967 -0.8064
vn 0.1529 0.9730 0.1728
vn -0.3215 0.8978 -0.3010
vn -0.1533 0.7907 0.5927
vn 0.4604 0.7101 0.5327
vn 0.4700 0.7556 0.4562
vn -0.0982 0.9183 0.3835
vn 0.9742 -0.1202 -0.1911
vn 0.6635 -0.5114 -0.5460
vn 0.6577 -0.7086 -0.2556
vn 0.9675 -0.2402 0.0794
vn -0.4962 -0.6018 -0.6258
vn -0.9113 -0.2589 -0.3203
vn -0.9079 -0.1990 -0.3690
vn -0.5343 -0.6569 -0.5320
vn -0.6864 0.5947 0.4186
vn -0.6277 0.7596 0.1701
vn 0.9058 0.3556 0.2303
vn 0.8803 0.3230 0.3474
vn 0.1092 -0.6939 -0.7118
vn 0.0662 -0.8675 -0.4931
vn -0.9762 0.2017 0.0799
vn -0.9344 0.3386 -0.1112
vn 0.5606 -0.8280 0.0120
vn 0.8775 -0.4056 0.2560
vn -0.8653 -0.2303 -0.4453
vn -0.4894 -0.7610 -0.4259
vn -0.0150 0.9712 0.2377
vn -0.5431 0.8394 -0.0189
vn 0.8900 0.1912 0.4139
vn 0.0589 -0.9683 -0.2429
vn -0.8745 0.3986 -0.2764
vn 0.5432 0.7335 0.4085
vn -0.8828 -0.2162 -0.4171
vn -0.4582 -0.7571 -0.4657
vn -0.0787 0.9456 0.3157
vn -0.5844 0.8070 0.0855
vn 0.9068 -0.3956 0.1454
vn 0.9129 0.1899 0.3614
vn 0.1139 -0.9375 -0.3288
vn -0.8968 0.4026 -0.1836
vn 0.5192 0.7356 0.4351
vn 0.5994 -0.7936 -0.1048
vn -0.1353 0.8888 0.4379
vn -0.6536 0.7252 0.2166
vn 0.9535 -0.3013 -0.0090
vn 0.9284 0.2149 0.3030
vn -0.4190 -0.7412 -0.5245
vn 0.1973 -0.8537 -0.4819
vn -0.9456 0.3159 -0.0772
vn 0.5019 0.7096 0.4946
vn 0.6805 -0.6736 -0.2884
vn -0.8893 -0.2659 -0.3721
vn 0.9638 -0.2466 -0.1018
vn 0.9535 0.2024 0.2235
vn -0.3292 -0.7324 -0.5960
vn 0.2857 -0.7770 -0.5610
vn -0.6065 0.7938 -0.0458
vn -0.8053 0.5254 -0.2746
vn 0.5625 0.6549 0.5047
vn 0.7217 -0.5829 -0.3733
vn -0.8692 -0.3295 -0.3687
vn -0.1054 0.8296 0.5484
vn -0.2061 0.7901 -0.5773
vn -0.1172 0.7181 -0.6860
vn 0.3365 0.8863 -0.3181
vn 0.2730 0.9383 -0.2122
vn 0.7538 0.2075 0.6235
vn 0.7088 0.2418 0.6626
vn 0.4595 -0.2782 0.8435
vn 0.5650 -0.3506 0.7469
vn -0.2423 -0.9347 0.2600
vn -0.3370 -0.8594 0.3844
vn -0.6654 -0.7309 -0.1520
vn -0.6190 -0.7581 -0.2053
vn -0.5994 0.3408 -0.7243
vn -0.5147 0.2907 -0.8066
vn 0.6515 0.7149 0.2541
vn 0.6737 0.7095 0.2067
vn 0.1956 -0.7693 0.6082
vn 0.0777 -0.6721 0.7364
vn -0.7650 -0.2573 -0.5904
vn -0.7344 -0.2682 -0.6234
vn 0.6582 0.1857 0.7296
vn 0.3931 -0.2788 0.8762
vn -0.3251 -0.8114 0.4857
vn -0.6596 -0.7510 -0.0297
vn -0.6504 0.5342 -0.5400
vn -0.3612 0.8076 -0.4662
vn 0.6972 0.6625 0.2737
vn 0.0474 -0.6210 0.7824
vn -0.7393 -0.3222 -0.5913
vn 0.4014 0.8581 -0.3202
vn 0.7783 0.1759 0.6028
vn 0.6432 0.7089 0.2894
vn -0.2020 -0.9638 0.1740
vn 0.2488 -0.8227 0.5111
vn -0.6556 0.3319 -0.6782
vn -0.7784 -0.2835 -0.5601
vn 0.2398 0.9594 -0.1487
vn 0.6165 -0.4036 0.6761
vn -0.5944 -0.7705 -0.2304
vn -0.2621 0.8121 -0.5213
vn -0.6619 0.7494 0.0185
vn 0.9318 0.3589 -0.0542
vn 0.7598 0.3436 -0.5520
vn 0.6965 0.4165 -0.5843
vn 0.8800 0.4703 -0.0673
vn -0.2208 -0.1429 0.9648
vn 0.4183 0.0942 0.9034
vn 0.3589 0.1305 0.9242
vn -0.2467 -0.1589 0.9560
vn -0.7752 -0.2468 -0.5815
vn -0.9311 -0.3633 0.0311
vn -0.8964 -0.4366 0.0761
vn -0.7763 -0.3505 -0.5239
vn 0.3369 0.2217 -0.9151
vn 0.2650 0.2151 -0.9400
vn 0.8343 0.2766 0.4770
vn 0.7851 0.3729 0.4946
vn -0.7298 -0.3178 0.6053
vn -0.7044 -0.3615 0.6109
vn -0.2667 -0.0055 -0.9638
vn -0.3197 -0.0902 -0.9432
vn 0.4321 -0.5159 0.7396
vn 0.5625 -0.8042 0.1922
vn 0.6491 -0.7116 0.2690
vn 0.4591 -0.3962 0.7952
vn 0.5866 -0.7531 -0.2981
vn 0.3888 -0.4660 -0.7948
vn 0.5130 -0.3710 -0.7741
vn 0.7220 -0.6340 -0.2771
vn 0.2643 -0.5627 -0.7833
vn -0.0476 -0.1358 -0.9896
vn -0.0675 -0.1161 -0.9909
vn 0.3131 -0.5333 -0.7858
vn -0.5700 0.7680 -0.2921
vn -0.5237 0.7844 0.3324
vn -0.5851 0.7331 0.3467
vn -0.6468 0.7192 -0.2538
vn 0.0884 0.0144 0.9960
vn 0.0771 0.0816 0.9937
vn 0.4824 -0.7978 -0.3616
vn 0.5772 -0.7480 -0.3277
vn -0.3806 0.3966 -0.8354
vn -0.4504 0.3958 -0.8003
vn -0.2861 0.5119 0.8100
vn -0.3178 0.5010 0.8050
vn -0.6061 0.7371 -0.2989
vn -0.4082 0.4306 -0.8050
vn -0.2414 0.5310 -0.8122
vn -0.4269 0.8451 -0.3220
vn -0.5693 0.7487 -0.3397
vn -0.2823 0.4827 -0.8290
vn -0.2318 0.5986 0.7668
vn 0.0850 0.1235 0.9887
vn 0.0209 0.0227 0.9995
vn -0.3794 0.4654 0.7996
vn 0.6017 -0.7350 0.3127
vn 0.6870 -0.6550 0.3147
vn -0.4216 0.8648 0.2726
vn -0.6075 0.7407 0.2869
vn 0.4128 -0.3989 0.8189
vn 0.4231 -0.4155 0.8052
vn 0.0727 0.0261 -0.9970
vn 0.1301 0.0519 -0.9901
vn 0.9342 0.0138 0.3564
vn 0.9734 0.0855 -0.2126
vn 0.9592 0.2297 -0.1649
vn 0.9201 0.1388 0.3663
vn 0.4627 -0.3517 0.8138
vn 0.0813 0.1350 0.9875
vn 0.3277 -0.4873 -0.8094
vn 0.5866 -0.7392 -0.3309
vn -0.3065 0.5515 0.7758
vn 0.6530 -0.6997 0.2901
vn -0.0428 -0.0430 -0.9982
vn -0.5632 0.7718 0.2952
vn -0.9729 -0.0084 0.2310
vn -0.6557 -0.0625 0.7525
vn -0.6454 -0.1534 0.7483
vn -0.9651 -0.1132 0.2363
vn -0.8977 0.3401 0.2801
vn -0.8518 0.3813 -0.3591
vn 0.5647 -0.0386 0.8244
vn 0.5683 0.0187 0.8226
vn 0.6813 0.1592 -0.7145
vn 0.1236 0.2012 -0.9717
vn 0.1742 0.2702 -0.9469
vn 0.7067 0.2813 -0.6492
vn -0.5058 0.1748 -0.8447
vn -0.4899 0.1672 -0.8556
vn -0.0543 -0.0678 0.9962
vn -0.0469 -0.0995 0.9939
vn -0.9251 0.0851 -0.3701
vn -0.9300 0.0091 -0.3675
vn -0.4051 0.9096 0.0924
vn -0.0304 -0.0632 0.9975
vn -0.5781 0.1750 0.7970
vn 0.9190 -0.3059 -0.2486
vn 0.8703 -0.3613 0.3347
vn -0.4423 0.2822 -0.8513
vn 0.1376 0.0834 -0.9870
vn 0.5190 -0.2761 0.8089
vn 0.6482 -0.1380 -0.7488
vn 0.9269 0.0846 -0.3658
vn 0.5391 -0.0130 -0.8421
vn 0.5149 0.0723 -0.8542
vn 0.8483 0.3158 -0.4251
vn -0.6701 -0.0779 -0.7382
vn -0.9772 -0.0161 -0.2115
vn -0.9152 -0.3603 -0.1807
vn -0.5727 -0.3574 -0.7377
vn -0.5130 0.1579 0.8438
vn 0.0901 0.2099 0.9736
vn 0.0950 0.2844 0.9540
vn -0.4698 0.0576 0.8809
vn 0.9605 0.1687 0.2213
vn 0.8788 0.4528 0.1507
vn -0.0840 -0.0792 -0.9933
vn -0.0188 -0.1845 -0.9827
vn -0.9197 0.0736 0.3857
vn -0.8694 -0.1959 0.4536
vn 0.6521 0.2142 0.7272
vn 0.5970 0.4396 0.6711
vn -0.7748 -0.6238 -0.1023
vn -0.5205 -0.5831 -0.6238
vn 0.0077 0.3154 0.9489
vn -0.4898 -0.0957 0.8665
vn 0.7496 0.4470 -0.4881
vn 0.7690 0.6337 0.0836
vn -0.0632 -0.3205 -0.9451
vn -0.7725 -0.4477 0.4503
vn 0.5021 0.5935 0.6291
vn 0.4359 0.0832 -0.8961
vn 0.0423 0.3058 0.9511
vn -0.5275 -0.0679 0.8469
vn 0.8135 0.3814 -0.4391
vn 0.8340 0.5405 0.1106
vn -0.5972 -0.4979 -0.6289
vn -0.1077 -0.2853 -0.9524
vn -0.8339 -0.3715 0.4081
vn 0.5729 0.5296 0.6255
vn 0.4654 0.0680 -0.8825
vn -0.8451 -0.5196 -0.1253
vn 0.8822 0.2613 -0.3917
vn 0.8992 0.3996 0.1784
vn -0.6580 -0.3281 -0.6778
vn -0.1362 -0.2276 -0.9642
vn -0.5734 -0.0192 0.8191
vn -0.9184 -0.2149 0.3322
vn 0.6098 0.4011 0.6836
vn 0.4949 0.0092 -0.8689
vn -0.9253 -0.3165 -0.2090
vn 0.0429 0.2410 0.9696
vn -0.6871 -0.2247 -0.6910
vn -0.2054 -0.1796 -0.9621
vn -0.6564 0.0269 0.7539
vn -0.9637 -0.1193 0.2387
vn 0.7555 0.6340 0.1651
vn 0.5469 0.6633 0.5108
vn 0.4379 -0.0425 -0.8980
vn -0.9425 -0.2006 -0.2672
vn -0.0038 0.1947 0.9809
vn 0.8997 0.1358 -0.4149
vn 0.2274 0.9721 -0.0578
vn 0.0723 0.9944 -0.0766
vn 0.1807 0.7584 -0.6262
vn 0.3093 0.7216 -0.6194
vn 0.1436 -0.4475 -0.8827
vn 0.2109 -0.4482 -0.8687
vn 0.1268 -0.8812 -0.4554
vn -0.0292 -0.8707 -0.4910
vn -0.2925 -0.7598 0.5806
vn -0.1228 -0.7910 0.5994
vn -0.2154 -0.2563 0.9423
vn -0.2879 -0.2405 0.9270
vn 0.0541 0.8525 0.5200
vn -0.0692 0.8697 0.4888
vn 0.2757 0.1712 -0.9459
vn 0.2321 0.2001 -0.9519
vn -0.1904 -0.9804 0.0503
vn 0.0065 -0.9969 0.0780
vn -0.1480 0.3923 0.9078
vn -0.1902 0.4056 0.8940
vn 0.2429 -0.5272 -0.8143
vn 0.1793 -0.8964 -0.4055
vn -0.0365 -0.8381 0.5443
vn -0.1548 -0.3620 0.9192
vn 0.3118 0.8456 0.4333
vn 0.3831 0.9228 0.0424
vn 0.2333 0.1161 -0.9655
vn 0.0812 -0.9942 0.0701
vn -0.2010 0.3475 0.9159
vn 0.1303 0.7323 -0.6684
vn 0.0993 -0.4559 -0.8845
vn 0.2980 0.1421 -0.9439
vn -0.3834 -0.7198 0.5787
vn -0.3093 -0.9496 0.0511
vn 0.1048 0.8205 0.5620
vn -0.1388 0.3547 0.9246
vn 0.3778 0.6923 -0.6148
vn -0.1308 -0.8590 -0.4949
vn -0.3230 -0.2333 0.9172
vn 0.3031 0.9524 -0.0325
vn 0.7953 0.5654 0.2187
vn 0.6390 0.5287 -0.5587
vn 0.1140 0.4465 -0.8875
vn 0.0933 0.5027 -0.8594
vn 0.5419 0.6776 -0.4971
vn -0.8756 -0.0917 -0.4743
vn -0.9410 -0.3253 0.0935
vn -0.8352 -0.5493 -0.0259
vn -0.7635 -0.2605 -0.5909
vn -0.1305 -0.3286 0.9354
vn 0.4303 -0.1014 0.8970
vn 0.4200 -0.0407 0.9066
vn -0.0859 -0.3974 0.9136
vn 0.9037 0.4278 -0.0189
vn 0.7873 0.6151 0.0433
vn -0.4719 0.2063 -0.8572
vn -0.4036 0.1469 -0.9030
vn -0.6565 -0.4143 0.6303
vn -0.5719 -0.6017 0.5576
vn 0.8252 0.1878 0.5327
vn 0.7433 0.3450 0.5731
vn -0.6983 -0.7104 -0.0881
vn -0.6766 -0.4304 -0.5975
vn 0.3590 -0.0465 0.9322
vn -0.0952 -0.5063 0.8571
vn 0.4547 0.7521 -0.4770
vn 0.6848 0.7245 0.0783
vn -0.4078 0.0276 -0.9127
vn -0.4907 -0.7448 0.4523
vn 0.6610 0.4336 0.6124
vn 0.0352 0.4928 -0.8694
vn 0.3922 -0.0479 0.9186
vn -0.1397 -0.4829 0.8645
vn 0.5379 0.6903 -0.4839
vn 0.7625 0.6457 0.0409
vn -0.7556 -0.3693 -0.5410
vn -0.4542 0.0516 -0.8894
vn -0.5697 -0.6752 0.4686
vn 0.7295 0.3935 0.5594
vn 0.0688 0.4811 -0.8740
vn -0.7802 -0.6242 -0.0410
vn 0.6292 0.5808 -0.5164
vn 0.8603 0.5094 0.0183
vn -0.8444 -0.2124 -0.4918
vn -0.4896 0.1014 -0.8660
vn -0.1967 -0.4398 0.8763
vn -0.6898 -0.5263 0.4972
vn 0.7967 0.2652 0.5430
vn 0.1059 0.4299 -0.8967
vn -0.9031 -0.4293 -0.0012
vn 0.4054 -0.1129 0.9071
vn -0.8846 -0.1208 -0.4505
vn -0.5559 0.1280 -0.8213
vn -0.3022 -0.3944 0.8678
vn -0.7761 -0.4172 0.4728
vn 0.7048 0.6929 0.1520
vn 0.6493 0.5490 0.5262
vn 0.0464 0.3800 -0.9238
vn -0.9514 -0.3078 0.0034
vn 0.3709 -0.1699 0.9130
vn 0.6462 0.4793 -0.5939
vn 0.1698 0.9826 -0.0755
vn 0.0164 0.9937 -0.1108
vn 0.1962 0.7462 -0.6361
vn 0.3255 0.7185 -0.6147
vn 0.2628 -0.4678 -0.8439
vn 0.3282 -0.4634 -0.8231
vn 0.2293 -0.8862 -0.4026
vn 0.0775 -0.8875 -0.4542
vn -0.3024 -0.7568 0.5795
vn -0.1339 -0.7757 0.6167
vn -0.2955 -0.2367 0.9256
vn -0.3668 -0.2265 0.9023
vn -0.0546 0.8721 0.4863
vn -0.1748 0.8798 0.4421
vn 0.3611 0.1559 -0.9194
vn 0.3166 0.1815 -0.9310
vn -0.1318 -0.9886 0.0721
vn 0.0618 -0.9908 0.1203
vn -0.2663 0.4133 0.8708
vn -0.3076 0.4232 0.8522
vn 0.3593 -0.5380 -0.7625
vn 0.2771 -0.8960 -0.3470
vn -0.0395 -0.8188 0.5727
vn -0.2262 -0.3389 0.9132
vn 0.2106 0.8796 0.4266
vn 0.3171 0.9475 0.0420
vn 0.3246 0.0973 -0.9408
vn 0.1366 -0.9833 0.1199
vn -0.3168 0.3654 0.8753
vn 0.1522 0.7153 -0.6821
vn 0.2196 -0.4792 -0.8498
vn 0.3849 0.1284 -0.9140
vn -0.3949 -0.7231 0.5667
vn -0.2519 -0.9659 0.0595
vn -0.0067 0.8451 0.5346
vn -0.2565 0.3770 0.8900
vn 0.3949 0.6940 -0.6020
vn -0.0237 -0.8829 -0.4689
vn -0.4011 -0.2220 0.8887
vn 0.2436 0.9690 -0.0417
vn 0.7307 0.6253 0.2742
vn 0.3437 0.7657 -0.5438
vn -0.2166 0.9212 -0.3231
vn -0.1890 0.9513 -0.2434
vn 0.3950 0.8621 -0.3175
vn -0.8652 0.2355 0.4426
vn -0.6826 -0.3061 0.6637
vn -0.8245 -0.4303 0.3675
vn -0.9692 0.1766 0.1717
vn 0.3144 -0.8555 0.4114
vn 0.7590 -0.6503 0.0327
vn 0.7922 -0.6043 0.0852
vn 0.3041 -0.9020 0.3064
vn 0.7658 0.3477 -0.5410
vn 0.8385 0.4715 -0.2731
vn -0.6934 0.7180 0.0600
vn -0.7103 0.7011 -0.0619
vn -0.2378 -0.7186 0.6536
vn -0.3216 -0.8497 0.4178
vn 0.9259 -0.1842 -0.3299
vn 0.9890 -0.0812 -0.1240
vn -0.8482 -0.5244 0.0744
vn -0.9990 0.0264 -0.0360
vn 0.7579 -0.6305 0.1674
vn 0.1972 -0.9579 0.2085
vn 0.3762 0.9142 -0.1505
vn 0.8392 0.5402 -0.0621
vn -0.7895 0.5989 -0.1338
vn -0.4123 -0.8954 0.1679
vn 0.9978 -0.0354 0.0558
vn -0.2524 0.9509 -0.1793
vn 0.7732 -0.6193 0.1368
vn 0.1801 -0.9498 0.2556
vn 0.4043 0.8812 -0.2449
vn 0.8390 0.5149 -0.1761
vn -0.9966 0.0257 0.0787
vn -0.7988 0.5966 -0.0774
vn -0.4289 -0.8627 0.2679
vn 0.9990 -0.0228 -0.0388
vn -0.2362 0.9485 -0.2113
vn -0.8422 -0.5007 0.1998
vn 0.4032 0.8314 -0.3824
vn 0.8365 0.4393 -0.3276
vn -0.9638 0.0992 0.2474
vn -0.7891 0.6141 -0.0151
vn 0.1652 -0.9315 0.3241
vn -0.4332 -0.7840 0.4446
vn 0.9818 -0.0995 -0.1615
vn -0.2449 0.9297 -0.2752
vn -0.8225 -0.3962 0.4081
vn 0.7479 -0.6579 0.0878
vn -0.9294 0.1347 0.3436
vn -0.7992 0.5973 0.0669
vn 0.1056 -0.9022 0.4182
vn -0.4609 -0.6956 0.5511
vn 0.8812 0.4692 -0.0577
vn 0.9908 0.1061 0.0838
vn -0.3237 0.9060 -0.2726
vn -0.8016 -0.3147 0.5084
vn 0.7024 -0.7067 0.0848
vn 0.3278 0.8109 -0.4848
vn 0.6432 0.5204 0.5616
vn 0.5580 0.4695 0.6843
vn 0.1517 0.8686 0.4717
vn 0.2068 0.9109 0.3572
vn -0.7084 0.6006 -0.3708
vn -0.6627 0.6215 -0.4178
vn -0.7049 0.0905 -0.7035
vn -0.8076 0.0480 -0.5878
vn -0.2425 -0.8865 -0.3941
vn -0.1541 -0.8319 -0.5332
vn 0.3052 -0.9470 -0.0998
vn 0.2644 -0.9637 -0.0382
vn 0.8287 -0.0659 0.5558
vn 0.7507 -0.0937 0.6539
vn -0.3220 0.9467 -0.0031
vn -0.3336 0.9415 0.0480
vn -0.6319 -0.4999 -0.5923
vn -0.5146 -0.4338 -0.7396
vn 0.6898 -0.6435 0.3318
vn 0.6654 -0.6477 0.3710
vn -0.6567 0.5640 -0.5007
vn -0.6540 0.0703 -0.7533
vn -0.1661 -0.7645 -0.6228
vn 0.2651 -0.9395 -0.2170
vn 0.9161 0.1236 0.3815
vn 0.7628 0.4969 0.4138
vn -0.3887 0.9213 -0.0136
vn -0.4761 -0.3908 -0.7878
vn 0.6397 -0.6921 0.3344
vn 0.0832 0.8681 0.4894
vn -0.7389 0.5777 -0.3468
vn -0.3248 0.9449 -0.0397
vn -0.2717 -0.9134 -0.3031
vn -0.6803 -0.5458 -0.4892
vn 0.8642 -0.0870 0.4955
vn 0.6838 -0.6665 0.2969
vn 0.2311 0.9290 0.2890
vn -0.8600 0.0068 -0.5102
vn 0.2430 -0.9700 -0.0085
vn 0.6897 0.5291 0.4943
vn 0.8970 0.4199 -0.1383
vn 0.2121 0.9149 0.3436
vn 0.1298 0.9892 0.0683
vn 0.2934 0.9545 0.0533
vn 0.2661 0.9430 -0.1996
vn 0.7374 0.4572 0.4972
vn -0.3313 0.7680 -0.5481
vn -0.2457 0.7967 0.5522
vn -0.1449 0.4368 0.8878
vn 0.1868 0.5949 0.7818
vn 0.2514 0.8343 0.4907
vn -0.6807 0.5581 0.4744
vn -0.5056 0.3897 0.7697
vn -0.6092 0.7750 0.1677
vn -0.2844 0.9556 0.0773
vn 0.0832 0.9802 0.1798
vn 0.1894 0.9810 0.0423
vn -0.2791 0.9502 -0.1384
vn -0.0890 0.2435 0.9658
vn 0.3217 0.4892 0.8107
vn -0.6943 0.7192 0.0269
vn -0.8190 0.4087 0.4026
vn -0.5620 0.2274 0.7953
vn 0.4510 0.7850 0.4248
vn -0.2773 0.9370 -0.2126
vn -0.2586 0.9217 0.2891
vn 0.0962 0.9824 0.1602
vn 0.2245 0.9539 -0.1990
vn -0.7091 0.6836 -0.1725
vn -0.5973 0.7816 0.1798
vn -0.5730 0.6287 -0.5257
vn -0.2259 0.7159 -0.6606
vn 0.1205 0.8295 -0.5453
vn 0.2478 0.7412 -0.6239
vn -0.1854 0.5618 -0.8062
vn -0.2300 0.8422 0.4877
vn 0.2168 0.9363 0.2764
vn -0.6373 0.4849 -0.5989
vn -0.8437 0.5178 -0.1413
vn -0.6683 0.6800 0.3015
vn 0.4283 0.8861 -0.1773
vn 0.2619 0.9617 0.0811
vn 0.2327 0.7985 0.5552
vn 0.5765 0.7017 0.4186
vn 0.6981 0.7138 0.0563
vn -0.2403 0.9669 0.0854
vn -0.1205 0.8897 0.4403
vn -0.1261 0.9519 -0.2792
vn 0.2251 0.8822 -0.4135
vn 0.5709 0.7639 -0.3009
vn 0.6399 0.6490 -0.4115
vn 0.1911 0.7775 -0.5991
vn 0.2014 0.6634 0.7206
vn 0.6470 0.5697 0.5068
vn -0.2497 0.8890 -0.3838
vn -0.4430 0.8929 0.0806
vn -0.2426 0.8096 0.5345
vn 0.8355 0.5480 0.0409
vn -0.4642 0.8058 0.3677
vn -0.6935 0.4168 0.5877
vn -0.3750 0.4926 0.7853
vn -0.0853 0.7220 0.6866
vn -0.7259 0.6864 -0.0440
vn -0.8508 0.4662 0.2426
vn -0.4232 0.8930 -0.1531
vn -0.1178 0.9915 0.0549
vn 0.0527 0.9195 0.3896
vn 0.2245 0.9004 0.3727
vn 0.0444 0.9952 -0.0874
vn -0.7399 0.2122 0.6384
vn -0.3213 0.3556 0.8777
vn -0.3828 0.8667 -0.3200
vn -0.7841 0.5795 -0.2223
vn -0.9285 0.3219 0.1850
vn 0.0886 0.6280 0.7732
vn 0.2291 0.9379 -0.2606
vn -0.1062 0.9882 0.1100
vn 0.2372 0.9335 0.2690
vn 0.5608 0.8221 0.0983
vn -0.1604 0.8171 -0.5537
vn -0.2985 0.9298 -0.2154
vn 0.1567 0.6792 -0.7170
vn 0.5066 0.6509 -0.5654
vn 0.6925 0.6829 -0.2327
vn 0.8061 0.5537 -0.2086
vn 0.5891 0.4729 -0.6553
vn -0.2458 0.9324 0.2648
vn 0.2251 0.8735 0.4316
vn 0.1224 0.5490 -0.8268
vn -0.3197 0.6993 -0.6394
vn -0.4586 0.8688 -0.1866
vn 0.6630 0.7060 0.2490
vn 0.3107 0.8888 0.3370
vn -0.0473 0.7493 0.6605
vn 0.2788 0.5795 0.7658
vn 0.6060 0.5555 0.5693
vn -0.0630 0.9978 0.0196
vn -0.2182 0.9081 0.3574
vn 0.2554 0.9487 -0.1864
vn 0.5903 0.8040 -0.0716
vn 0.7524 0.6202 0.2220
vn 0.8550 0.4903 0.1691
vn 0.6671 0.7031 -0.2463
vn -0.2016 0.6286 0.7511
vn 0.2505 0.4385 0.8631
vn 0.2207 0.9096 -0.3520
vn -0.2230 0.9671 -0.1220
vn -0.3837 0.8578 0.3420
vn 0.6885 0.3646 0.6269
vn 0.3782 0.9117 -0.1605
vn 0.3904 0.8360 0.3857
vn 0.6993 0.6785 0.2250
vn 0.7725 0.6136 -0.1633
vn -0.1774 0.9784 -0.1065
vn 0.0028 0.9553 0.2955
vn -0.0944 0.8593 -0.5027
vn 0.2524 0.7258 -0.6399
vn 0.5978 0.6047 -0.5263
vn 0.6517 0.4732 -0.5928
vn 0.2040 0.5734 -0.7934
vn 0.3792 0.7103 0.5930
vn 0.7803 0.5467 0.3038
vn -0.2407 0.7642 -0.5983
vn -0.4182 0.9052 -0.0758
vn -0.1288 0.8894 0.4386
vn 0.8772 0.4507 -0.1656
vn 0.1567 0.9118 0.3795
vn -0.2824 0.7672 0.5758
vn -0.0030 0.6153 0.7883
vn 0.3708 0.5994 0.7094
vn -0.0969 0.9942 -0.0461
vn -0.3505 0.9086 0.2271
vn 0.2726 0.9525 -0.1357
vn 0.5563 0.8263 0.0875
vn 0.6200 0.6592 0.4255
vn 0.7381 0.5324 0.4145
vn 0.6888 0.7234 -0.0483
vn -0.4539 0.6428 0.6170
vn -0.0570 0.4763 0.8774
vn 0.2947 0.9067 -0.3017
vn -0.2012 0.9521 -0.2303
vn -0.5004 0.8507 0.1612
vn 0.4360 0.4141 0.7990
vn -0.1012 0.8275 0.5522
vn -0.0655 0.4555 0.8878
vn 0.2889 0.5525 0.7818
vn 0.3947 0.7768 0.4907
vn -0.5715 0.6695 0.4744
vn -0.4288 0.4729 0.7697
vn -0.4629 0.8704 0.1677
vn -0.1113 0.9908 0.0773
vn 0.2549 0.9501 0.1798
vn 0.3596 0.9322 0.0423
vn -0.1070 0.9846 -0.1384
vn -0.0446 0.2554 0.9658
vn 0.4030 0.4248 0.8107
vn -0.5564 0.8305 0.0269
vn -0.7340 0.5469 0.4026
vn -0.5130 0.3231 0.7953
vn 0.5825 0.6931 0.4248
vn -0.1075 0.9712 -0.2126
vn -0.0919 0.9529 0.2891
vn 0.2681 0.9500 0.1602
vn 0.3894 0.8993 -0.1990
vn -0.5773 0.7981 -0.1725
vn -0.4499 0.8748 0.1798
vn -0.4530 0.7200 -0.5257
vn -0.0960 0.7445 -0.6606
vn 0.2651 0.7952 -0.5453
vn 0.3747 0.6858 -0.6239
vn -0.0834 0.5857 -0.8062
vn -0.0777 0.8695 0.4877
vn 0.3786 0.8833 0.2764
vn -0.5417 0.5898 -0.5989
vn -0.7391 0.6587 -0.1413
vn -0.5378 0.7873 0.3015
vn 0.5780 0.7966 -0.1773
vn 0.4276 0.9003 0.0811
vn 0.3700 0.7449 0.5552
vn 0.6913 0.5889 0.4186
vn 0.8131 0.5794 0.0563
vn -0.0658 0.9942 0.0854
vn 0.0384 0.8970 0.4403
vn 0.0439 0.9592 -0.2792
vn 0.3773 0.8286 -0.4135
vn 0.6968 0.6511 -0.3009
vn 0.7444 0.5259 -0.4115
vn 0.3254 0.7315 -0.5991
vn 0.3153 0.6175 0.7206
vn 0.7374 0.4465 0.5068
vn -0.0888 0.9191 -0.3838
vn -0.2784 0.9571 0.0806
vn -0.0958 0.8397 0.5345
vn 0.9191 0.3919 0.0409
vn -0.3146 0.8751 0.3677
vn -0.6090 0.5327 0.5877
vn -0.2821 0.5510 0.7853
vn 0.0435 0.7257 0.6866
vn -0.5933 0.8038 -0.0440
vn -0.7551 0.6090 0.2426
vn -0.2589 0.9537 -0.1531
vn 0.0591 0.9967 0.0549
vn 0.2142 0.8957 0.3896
vn 0.3799 0.8466 0.3727
vn 0.2194 0.9717 -0.0874
vn -0.6908 0.3395 0.6384
vn -0.2534 0.4067 0.8777
vn -0.2238 0.9206 -0.3200
vn -0.6695 0.7088 -0.2223
vn -0.8571 0.4807 0.1850
vn 0.1981 0.6024 0.7732
vn 0.3911 0.8827 -0.2606
vn 0.0699 0.9915 0.1100
vn 0.3983 0.8769 0.2690
vn 0.6972 0.7101 0.0983
vn -0.0137 0.8326 -0.5537
vn -0.1297 0.9679 -0.2154
vn 0.2741 0.6409 -0.7170
vn 0.6136 0.5513 -0.5654
vn 0.8021 0.5499 -0.2327
vn 0.8912 0.4027 -0.2086
vn 0.6633 0.3614 -0.6553
vn -0.0774 0.9612 0.2648
vn 0.3758 0.8201 0.4316
vn 0.2174 0.5188 -0.8268
vn -0.1912 0.7447 -0.6394
vn -0.2981 0.9361 -0.1866
vn 0.7772 0.5779 0.2490
vn 0.4627 0.8200 0.3370
vn 0.0857 0.7459 0.6605
vn 0.3767 0.5212 0.7658
vn 0.6946 0.4398 0.5693
vn 0.1141 0.9933 0.0196
vn -0.0545 0.9323 0.3574
vn 0.4189 0.8887 -0.1864
vn 0.7230 0.6872 -0.0716
vn 0.8501 0.4776 0.2220
vn 0.9281 0.3317 0.1691
vn 0.7807 0.5743 -0.2463
vn -0.0874 0.6543 0.7511
vn 0.3240 0.3874 0.8631
vn 0.3778 0.8564 -0.3520
vn -0.0488 0.9913 -0.1220
vn -0.2263 0.9120 0.3420
vn 0.7421 0.2373 0.6269
vn 0.5332 0.8306 -0.1605
vn 0.5319 0.7539 0.3857
vn 0.8081 0.5444 0.2250
vn 0.8687 0.4676 -0.1633
vn -0.0019 0.9943 -0.1065
vn 0.1714 0.9399 0.2955
vn 0.0588 0.8625 -0.5027
vn 0.3766 0.6698 -0.6399
vn 0.6952 0.4896 -0.5263
vn 0.7249 0.3507 -0.5928
vn 0.3020 0.5284 -0.7934
vn 0.4986 0.6322 0.5930
vn 0.8645 0.4004 0.3038
vn -0.1020 0.7947 -0.5983
vn -0.2518 0.9648 -0.0758
vn 0.0302 0.8982 0.4386
vn 0.9430 0.2888 -0.1656
vn 0.3152 0.8698 0.3795
vn -0.1425 0.8050 0.5758
vn 0.1056 0.6062 0.7883
vn 0.4708 0.5245 0.7094
vn 0.0801 0.9957 -0.0461
vn -0.1846 0.9562 0.2271
vn 0.4364 0.8895 -0.1357
vn 0.6935 0.7152 0.0875
vn 0.7266 0.5394 0.4255
vn 0.8205 0.3937 0.4145
vn 0.8057 0.5904 -0.0483
vn -0.3333 0.7129 0.6170
vn 0.0280 0.4789 0.8774
vn 0.4502 0.8404 -0.3018
vn -0.0300 0.9727 -0.2303
vn -0.3424 0.9256 0.1612
vn 0.5023 0.3306 0.7990
vn 0.3983 0.9062 0.1417
vn 0.3302 0.7246 0.6049
vn 0.6601 0.5849 0.4713
vn 0.7937 0.5977 0.1132
vn -0.0975 0.9861 0.1344
vn -0.0018 0.8734 0.4871
vn 0.0248 0.9734 -0.2278
vn 0.3660 0.8593 -0.3574
vn 0.6868 0.6849 -0.2435
vn 0.7415 0.5670 -0.3587
vn 0.3228 0.7707 -0.5494
vn 0.2740 0.5872 0.7617
vn 0.7075 0.4393 0.5535
vn -0.1033 0.9352 -0.3387
vn -0.3086 0.9435 0.1205
vn -0.1373 0.8075 0.5736
vn 0.9055 0.4144 0.0917
vn -0.3065 0.8687 0.3891
vn -0.6138 0.5255 0.5891
vn -0.2922 0.5301 0.7960
vn 0.0395 0.7009 0.7122
vn -0.5752 0.8174 -0.0322
vn -0.7488 0.6166 0.2431
vn -0.2348 0.9637 -0.1270
vn 0.0782 0.9928 0.0908
vn 0.2218 0.8772 0.4259
vn 0.3869 0.8251 0.4117
vn 0.2418 0.9692 -0.0479
vn -0.7010 0.3325 0.6309
vn -0.2691 0.3821 0.8841
vn -0.1958 0.9356 -0.2939
vn -0.6483 0.7302 -0.2156
vn -0.8518 0.4926 0.1784
vn 0.1891 0.5715 0.7985
vn 0.3225 0.8494 0.4176
vn -0.1417 0.7880 0.5992
vn 0.0963 0.5767 0.8113
vn 0.4618 0.4898 0.7395
vn 0.1019 0.9947 -0.0096
vn -0.1710 0.9517 0.2549
vn 0.4583 0.8839 -0.0932
vn 0.7054 0.6966 0.1307
vn 0.7256 0.5089 0.4632
vn 0.8167 0.3616 0.4497
vn 0.8187 0.5742 -0.0063
vn -0.3354 0.6986 0.6320
vn 0.0137 0.4482 0.8938
vn 0.4756 0.8403 -0.2604
vn -0.0035 0.9803 -0.1974
vn -0.3275 0.9268 0.1838
vn 0.4868 0.2924 0.8231
vn 0.0870 0.9930 -0.0802
vn -0.0727 0.8957 0.4386
vn 0.3066 0.8592 0.4095
vn 0.5308 0.8439 0.0781
vn -0.4398 0.8677 -0.2317
vn -0.4185 0.8839 0.2086
vn -0.1863 0.8051 -0.5632
vn 0.2098 0.8025 -0.5586
vn 0.5109 0.7972 -0.3216
vn 0.6251 0.6950 -0.3552
vn 0.2726 0.6513 -0.7081
vn -0.1151 0.7623 0.6369
vn 0.3927 0.7578 0.5211
vn -0.2486 0.6721 -0.6975
vn -0.6370 0.7169 -0.2833
vn -0.5629 0.7702 0.3000
vn 0.6768 0.7255 0.1247
vn -0.0276 0.9979 0.0589
vn 0.2578 0.8803 -0.3982
vn -0.1169 0.8735 -0.4727
vn -0.4226 0.8807 -0.2141
vn 0.4275 0.8351 0.3462
vn 0.5269 0.8458 -0.0834
vn 0.0900 0.7974 0.5966
vn -0.2892 0.8251 0.4854
vn -0.5148 0.8391 0.1760
vn -0.6414 0.7465 0.1770
vn -0.4016 0.6816 0.6116
vn 0.3415 0.7409 -0.5783
vn -0.1774 0.7771 -0.6038
vn 0.1033 0.6622 0.7421
vn 0.5911 0.6706 0.4482
vn 0.6812 0.7199 -0.1332
vn -0.5595 0.7731 -0.2990
vn -0.0739 0.9961 0.0482
vn 0.2280 0.8875 -0.4004
vn -0.1440 0.8631 -0.4841
vn -0.4562 0.8587 -0.2334
vn 0.3805 0.8566 0.3484
vn 0.4902 0.8680 -0.0787
vn 0.0388 0.8059 0.5907
vn -0.3383 0.8154 0.4698
vn -0.5563 0.8164 0.1546
vn -0.6787 0.7182 0.1534
vn -0.4473 0.6682 0.5946
vn 0.3225 0.7504 -0.5770
vn -0.1968 0.7629 -0.6158
vn 0.0544 0.6728 0.7378
vn 0.5487 0.7006 0.4562
vn 0.6513 0.7488 -0.1232
vn -0.5859 0.7443 -0.3206
vn 0.0604 0.9203 0.3866
vn -0.3672 0.7333 0.5723
vn -0.0794 0.6074 0.7904
vn 0.2960 0.6277 0.7200
vn -0.1904 0.9807 -0.0444
vn -0.4406 0.8697 0.2226
vn 0.1833 0.9750 -0.1257
vn 0.4728 0.8751 0.1034
vn 0.5445 0.7127 0.4421
vn 0.6745 0.5978 0.4332
vn 0.6174 0.7861 -0.0298
vn -0.5269 0.5928 0.6090
vn -0.1218 0.4634 0.8778
vn 0.2134 0.9325 -0.2914
vn -0.2860 0.9299 -0.2311
vn -0.5828 0.7981 0.1531
vn 0.3766 0.4490 0.8103
vn -0.1541 0.9193 -0.3622
vn 0.3443 0.8864 -0.3093
vn 0.2506 0.7241 -0.6426
vn -0.0980 0.6310 -0.7696
vn -0.1714 0.9757 0.1366
vn 0.1960 0.9801 0.0305
vn -0.5155 0.8566 0.0199
vn -0.6136 0.7202 -0.3237
vn -0.4610 0.6006 -0.6533
vn -0.5361 0.4550 -0.7110
vn -0.7680 0.5755 -0.2811
vn 0.5371 0.8020 -0.2616
vn 0.3720 0.6126 -0.6974
vn -0.6057 0.7818 0.1481
vn -0.1655 0.9235 0.3460
vn 0.3024 0.9394 0.1617
vn -0.0654 0.4539 -0.8887
vn 0.1332 0.9153 0.3802
vn 0.4350 0.6204 0.6527
vn 0.6197 0.7118 0.3306
vn 0.4779 0.8782 0.0168
vn -0.2451 0.7214 0.6477
vn 0.0826 0.5953 0.7992
vn -0.3906 0.8620 0.3232
vn -0.2021 0.9793 0.0118
vn 0.1464 0.9785 -0.1455
vn 0.1418 0.9386 -0.3145
vn -0.3342 0.9302 -0.1518
vn 0.5338 0.4412 0.7214
vn 0.7457 0.5983 0.2930
vn -0.5437 0.7899 0.2836
vn -0.3927 0.5789 0.7146
vn 0.0603 0.4497 0.8912
vn 0.5923 0.7925 -0.1450
vn 0.1428 0.9581 -0.2483
vn 0.3515 0.9132 0.2064
vn 0.6064 0.7934 -0.0523
vn 0.5492 0.7205 -0.4233
vn -0.2997 0.9540 -0.0106
vn -0.0241 0.9668 0.2543
vn -0.3609 0.8540 -0.3746
vn -0.1019 0.7613 -0.6403
vn 0.2697 0.6806 -0.6812
vn 0.2958 0.5440 -0.7852
vn -0.2019 0.6144 -0.7628
vn 0.4158 0.8212 0.3908
vn 0.7256 0.6879 0.0174
vn -0.5090 0.7653 -0.3940
vn -0.4713 0.8768 0.0951
vn -0.0792 0.9093 0.4086
vn 0.6853 0.5588 -0.4671
vn 0.1222 0.9921 0.0294
vn 0.2639 0.8340 0.4846
vn 0.5606 0.7903 0.2474
vn 0.5630 0.8155 -0.1342
vn -0.3495 0.9184 0.1856
vn -0.1172 0.8667 0.4849
vn -0.3506 0.9156 -0.1968
vn -0.0504 0.8999 -0.4332
vn 0.3272 0.8392 -0.4344
vn 0.3762 0.7349 -0.5643
vn -0.1225 0.7881 -0.6032
vn 0.3056 0.6984 0.6472
vn 0.6741 0.6724 0.3058
vn -0.4888 0.8324 -0.2612
vn -0.5301 0.8133 0.2399
vn -0.1909 0.7699 0.6089
vn 0.7131 0.6732 -0.1958
usemtl Bark
s 1
f 394 391 17
f 394 17 18
f 71 69 25
f 71 25 26
f 395 392 14
f 395 14 15
f 396 393 12
f 396 12 11
f 397 394 18
f 397 18 19
f 398 395 15
f 398 15 16
f 399 396 11
f 399 11 13
f 400 397 19
f 400 19 20
f 391 398 16
f 391 16 17
f 392 399 13
f 392 13 14
f 393 400 20
f 393 20 12
f 13 11 62
f 13 62 66
f 65 61 21
f 65 21 23
f 79 77 29
f 79 29 30
f 73 71 26
f 73 26 27
f 64 79 30
f 64 30 22
f 75 73 27
f 75 27 28
f 69 67 24
f 69 24 25
f 67 65 23
f 67 23 24
f 77 75 28
f 77 28 29
f 53 51 36
f 53 36 37
f 19 18 76
f 19 76 78
f 16 15 70
f 16 70 72
f 61 64 22
f 61 22 21
f 20 19 78
f 20 78 80
f 17 16 72
f 17 72 74
f 14 13 66
f 14 66 68
f 12 20 80
f 12 80 63
f 18 17 74
f 18 74 76
f 15 14 68
f 15 68 70
f 44 59 40
f 44 40 32
f 21 22 43
f 21 43 42
f 55 53 37
f 55 37 38
f 49 47 34
f 49 34 35
f 47 45 33
f 47 33 34
f 57 55 38
f 57 38 39
f 51 49 35
f 51 35 36
f 45 41 31
f 45 31 33
f 59 57 39
f 59 39 40
f 31 32 40
f 31 40 39
f 31 39 38
f 31 38 37
f 31 37 36
f 31 36 35
f 31 35 34
f 31 34 33
f 30 29 58
f 30 58 60
f 27 26 52
f 27 52 54
f 24 23 46
f 24 46 48
f 22 30 60
f 22 60 43
f 28 27 54
f 28 54 56
f 25 24 48
f 25 48 50
f 23 21 42
f 23 42 46
f 29 28 56
f 29 56 58
f 26 25 50
f 26 50 52
f 42 43 44
f 42 44 41
f 46 42 41
f 46 41 45
f 48 46 45
f 48 45 47
f 50 48 47
f 50 47 49
f 52 50 49
f 52 49 51
f 54 52 51
f 54 51 53
f 56 54 53
f 56 53 55
f 58 56 55
f 58 55 57
f 60 58 57
f 60 57 59
f 43 60 59
f 43 59 44
f 41 44 32
f 41 32 31
f 62 63 64
f 62 64 61
f 66 62 61
f 66 61 65
f 68 66 65
f 68 65 67
f 70 68 67
f 70 67 69
f 72 70 69
f 72 69 71
f 74 72 71
f 74 71 73
f 76 74 73
f 76 73 75
f 78 76 75
f 78 75 77
f 80 78 77
f 80 77 79
f 63 80 79
f 63 79 64
f 11 12 63
f 11 63 62
f 85 84 94
f 85 94 95
f 81 82 92
f 81 92 91
f 89 88 98
f 89 98 99
f 86 85 95
f 86 95 96
f 83 81 91
f 83 91 93
f 90 89 99
f 90 99 100
f 87 86 96
f 87 96 97
f 84 83 93
f 84 93 94
f 82 90 100
f 82 100 92
f 88 87 97
f 88 97 98
f 91 92 102
f 91 102 101
f 99 98 108
f 99 108 109
f 96 95 105
f 96 105 106
f 93 91 101
f 93 101 103
f 100 99 109
f 100 109 110
f 97 96 106
f 97 106 107
f 94 93 103
f 94 103 104
f 92 100 110
f 92 110 102
f 98 97 107
f 98 107 108
f 95 94 104
f 95 104 105
f 109 108 118
f 109 118 119
f 106 105 115
f 106 115 116
f 103 101 111
f 103 111 113
f 110 109 119
f 110 119 120
f 107 106 116
f 107 116 117
f 104 103 113
f 104 113 114
f 102 110 120
f 102 120 112
f 108 107 117
f 108 117 118
f 105 104 114
f 105 114 115
f 101 102 112
f 101 112 111
f 116 115 125
f 116 125 126
f 113 111 121
f 113 121 123
f 120 119 129
f 120 129 130
f 117 116 126
f 117 126 127
f 114 113 123
f 114 123 124
f 112 120 130
f 112 130 122
f 118 117 127
f 118 127 128
f 115 114 124
f 115 124 125
f 111 112 122
f 111 122 121
f 119 118 128
f 119 128 129
f 123 121 131
f 123 131 133
f 130 129 139
f 130 139 140
f 127 126 136
f 127 136 137
f 124 123 133
f 124 133 134
f 122 130 140
f 122 140 132
f 128 127 137
f 128 137 138
f 125 124 134
f 125 134 135
f 121 122 132
f 121 132 131
f 129 128 138
f 129 138 139
f 126 125 135
f 126 135 136
f 146 156 155
f 146 155 145
f 143 153 151
f 143 151 141
f 150 160 159
f 150 159 149
f 147 157 156
f 147 156 146
f 144 154 153
f 144 153 143
f 142 152 160
f 142 160 150
f 148 158 157
f 148 157 147
f 145 155 154
f 145 154 144
f 141 151 152
f 141 152 142
f 149 159 158
f 149 158 148
f 153 163 161
f 153 161 151
f 160 170 169
f 160 169 159
f 157 167 166
f 157 166 156
f 154 164 163
f 154 163 153
f 152 162 170
f 152 170 160
f 158 168 167
f 158 167 157
f 155 165 164
f 155 164 154
f 151 161 162
f 151 162 152
f 159 169 168
f 159 168 158
f 156 166 165
f 156 165 155
f 144 143 173
f 144 173 174
f 142 150 180
f 142 180 172
f 148 147 177
f 148 177 178
f 145 144 174
f 145 174 175
f 141 142 172
f 141 172 171
f 149 148 178
f 149 178 179
f 146 145 175
f 146 175 176
f 143 141 171
f 143 171 173
f 150 149 179
f 150 179 180
f 147 146 176
f 147 176 177
f 162 161 163
f 162 163 164
f 162 164 165
f 162 165 166
f 162 166 167
f 162 167 168
f 162 168 169
f 162 169 170
f 185 184 194
f 185 194 195
f 181 182 192
f 181 192 191
f 189 188 198
f 189 198 199
f 186 185 195
f 186 195 196
f 183 181 191
f 183 191 193
f 190 189 199
f 190 199 200
f 187 186 196
f 187 196 197
f 184 183 193
f 184 193 194
f 182 190 200
f 182 200 192
f 188 187 197
f 188 197 198
f 191 192 202
f 191 202 201
f 199 198 208
f 199 208 209
f 196 195 205
f 196 205 206
f 193 191 201
f 193 201 203
f 200 199 209
f 200 209 210
f 197 196 206
f 197 206 207
f 194 193 203
f 194 203 204
f 192 200 210
f 192 210 202
f 198 197 207
f 198 207 208
f 195 194 204
f 195 204 205
f 209 208 218
f 209 218 219
f 206 205 215
f 206 215 216
f 203 201 211
f 203 211 213
f 210 209 219
f 210 219 220
f 207 206 216
f 207 216 217
f 204 203 213
f 204 213 214
f 202 210 220
f 202 220 212
f 208 207 217
f 208 217 218
f 205 204 214
f 205 214 215
f 201 202 212
f 201 212 211
f 216 215 225
f 216 225 226
f 213 211 221
f 213 221 223
f 220 219 229
f 220 229 230
f 217 216 226
f 217 226 227
f 214 213 223
f 214 223 224
f 212 220 230
f 212 230 222
f 218 217 227
f 218 227 228
f 215 214 224
f 215 224 225
f 211 212 222
f 211 222 221
f 219 218 228
f 219 228 229
f 223 221 231
f 223 231 233
f 230 229 239
f 230 239 240
f 227 226 236
f 227 236 237
f 224 223 233
f 224 233 234
f 222 230 240
f 222 240 232
f 228 227 237
f 228 237 238
f 225 224 234
f 225 234 235
f 221 222 232
f 221 232 231
f 229 228 238
f 229 238 239
f 226 225 235
f 226 235 236
f 246 256 255
f 246 255 245
f 243 253 251
f 243 251 241
f 250 260 259
f 250 259 249
f 247 257 256
f 247 256 246
f 244 254 253
f 244 253 243
f 242 252 260
f 242 260 250
f 248 258 257
f 248 257 247
f 245 255 254
f 245 254 244
f 241 251 252
f 241 252 242
f 249 259 258
f 249 258 248
f 253 263 261
f 253 261 251
f 260 270 269
f 260 269 259
f 257 267 266
f 257 266 256
f 254 264 263
f 254 263 253
f 252 262 270
f 252 270 260
f 258 268 267
f 258 267 257
f 255 265 264
f 255 264 254
f 251 261 262
f 251 262 252
f 259 269 268
f 259 268 258
f 256 266 265
f 256 265 255
f 244 243 273
f 244 273 274
f 242 250 280
f 242 280 272
f 248 247 277
f 248 277 278
f 245 244 274
f 245 274 275
f 241 242 272
f 241 272 271
f 249 248 278
f 249 278 279
f 246 245 275
f 246 275 276
f 243 241 271
f 243 271 273
f 250 249 279
f 250 279 280
f 247 246 276
f 247 276 277
f 262 261 263
f 262 263 264
f 262 264 265
f 262 265 266
f 262 266 267
f 262 267 268
f 262 268 269
f 262 269 270
f 285 284 294
f 285 294 295
f 281 282 292
f 281 292 291
f 289 288 298
f 289 298 299
f 286 285 295
f 286 295 296
f 283 281 291
f 283 291 293
f 290 289 299
f 290 299 300
f 287 286 296
f 287 296 297
f 284 283 293
f 284 293 294
f 282 290 300
f 282 300 292
f 288 287 297
f 288 297 298
f 291 292 302
f 291 302 301
f 299 298 308
f 299 308 309
f 296 295 305
f 296 305 306
f 293 291 301
f 293 301 303
f 300 299 309
f 300 309 310
f 297 296 306
f 297 306 307
f 294 293 303
f 294 303 304
f 292 300 310
f 292 310 302
f 298 297 307
f 298 307 308
f 295 294 304
f 295 304 305
f 309 308 318
f 309 318 319
f 306 305 315
f 306 315 316
f 303 301 311
f 303 311 313
f 310 309 319
f 310 319 320
f 307 306 316
f 307 316 317
f 304 303 313
f 304 313 314
f 302 310 320
f 302 320 312
f 308 307 317
f 308 317 318
f 305 304 314
f 305 314 315
f 301 302 312
f 301 312 311
f 316 315 325
f 316 325 326
f 313 311 321
f 313 321 323
f 320 319 329
f 320 329 330
f 317 316 326
f 317 326 327
f 314 313 323
f 314 323 324
f 312 320 330
f 312 330 322
f 318 317 327
f 318 327 328
f 315 314 324
f 315 324 325
f 311 312 322
f 311 322 321
f 319 318 328
f 319 328 329
f 323 321 331
f 323 331 333
f 330 329 339
f 330 339 340
f 327 326 336
f 327 336 337
f 324 323 333
f 324 333 334
f 322 330 340
f 322 340 332
f 328 327 337
f 328 337 338
f 325 324 334
f 325 334 335
f 321 322 332
f 321 332 331
f 329 328 338
f 329 338 339
f 326 325 335
f 326 335 336
f 346 356 355
f 346 355 345
f 343 353 351
f 343 351 341
f 350 360 359
f 350 359 349
f 347 357 356
f 347 356 346
f 344 354 353
f 344 353 343
f 342 352 360
f 342 360 350
f 348 358 357
f 348 357 347
f 345 355 354
f 345 354 344
f 341 351 352
f 341 352 342
f 349 359 358
f 349 358 348
f 353 363 361
f 353 361 351
f 360 370 369
f 360 369 359
f 357 367 366
f 357 366 356
f 354 364 363
f 354 363 353
f 352 362 370
f 352 370 360
f 358 368 367
f 358 367 357
f 355 365 364
f 355 364 354
f 351 361 362
f 351 362 352
f 359 369 368
f 359 368 358
f 356 366 365
f 356 365 355
f 344 343 373
f 344 373 374
f 342 350 380
f 342 380 372
f 348 347 377
f 348 377 378
f 345 344 374
f 345 374 375
f 341 342 372
f 341 372 371
f 349 348 378
f 349 378 379
f 346 345 375
f 346 375 376
f 343 341 371
f 343 371 373
f 350 349 379
f 350 379 380
f 347 346 376
f 347 376 377
f 362 361 363
f 362 363 364
f 362 364 365
f 362 365 366
f 362 366 367
f 362 367 368
f 362 368 369
f 362 369 370
f 2 10 390
f 2 390 385
f 4 3 389
f 4 389 383
f 7 6 388
f 7 388 381
f 10 9 387
f 10 387 390
f 3 1 386
f 3 386 389
f 6 5 384
f 6 384 388
f 9 8 382
f 9 382 387
f 1 2 385
f 1 385 386
f 5 4 383
f 5 383 384
f 8 7 381
f 8 381 382
f 385 390 400
f 385 400 393
f 383 389 399
f 383 399 392
f 381 388 398
f 381 398 391
f 390 387 397
f 390 397 400
f 389 386 396
f 389 396 399
f 388 384 395
f 388 395 398
f 387 382 394
f 387 394 397
f 386 385 393
f 386 393 396
f 384 383 392
f 384 392 395
f 382 381 391
f 382 391 394
f 774 771 407
f 774 407 408
f 461 459 415
f 461 415 416
f 775 772 404
f 775 404 405
f 776 773 402
f 776 402 401
f 777 774 408
f 777 408 409
f 778 775 405
f 778 405 406
f 779 776 401
f 779 401 403
f 780 777 409
f 780 409 410
f 771 778 406
f 771 406 407
f 772 779 403
f 772 403 404
f 773 780 410
f 773 410 402
f 403 401 452
f 403 452 456
f 455 451 411
f 455 411 413
f 469 467 419
f 469 419 420
f 463 461 416
f 463 416 417
f 454 469 420
f 454 420 412
f 465 463 417
f 465 417 418
f 459 457 414
f 459 414 415
f 457 455 413
f 457 413 414
f 467 465 418
f 467 418 419
f 443 441 426
f 443 426 427
f 409 408 466
f 409 466 468
f 406 405 460
f 406 460 462
f 451 454 412
f 451 412 411
f 410 409 468
f 410 468 470
f 407 406 462
f 407 462 464
f 404 403 456
f 404 456 458
f 402 410 470
f 402 470 453
f 408 407 464
f 408 464 466
f 405 404 458
f 405 458 460
f 434 449 430
f 434 430 422
f 411 412 433
f 411 433 432
f 445 443 427
f 445 427 428
f 439 437 424
f 439 424 425
f 437 435 423
f 437 423 424
f 447 445 428
f 447 428 429
f 441 439 425
f 441 425 426
f 435 431 421
f 435 421 423
f 449 447 429
f 449 429 430
f 421 422 430
f 421 430 429
f 421 429 428
f 421 428 427
f 421 427 426
f 421 426 425
f 421 425 424
f 421 424 423
f 420 419 448
f 420 448 450
f 417 416 442
f 417 442 444
f 414 413 436
f 414 436 438
f 412 420 450
f 412 450 433
f 418 417 444
f 418 444 446
f 415 414 438
f 415 438 440
f 413 411 432
f 413 432 436
f 419 418 446
f 419 446 448
f 416 415 440
f 416 440 442
f 432 433 434
f 432 434 431
f 436 432 431
f 436 431 435
f 438 436 435
f 438 435 437
f 440 438 437
f 440 437 439
f 442 440 439
f 442 439 441
f 444 442 441
f 444 441 443
f 446 444 443
f 446 443 445
f 448 446 445
f 448 445 447
f 450 448 447
f 450 447 449
f 433 450 449
f 433 449 434
f 431 434 422
f 431 422 421
f 452 453 454
f 452 454 451
f 456 452 451
f 456 451 455
f 458 456 455
f 458 455 457
f 460 458 457
f 460 457 459
f 462 460 459
f 462 459 461
f 464 462 461
f 464 461 463
f 466 464 463
f 466 463 465
f 468 466 465
f 468 465 467
f 470 468 467
f 470 467 469
f 453 470 469
f 453 469 454
f 401 402 453
f 401 453 452
f 475 474 484
f 475 484 485
f 471 472 482
f 471 482 481
f 479 478 488
f 479 488 489
f 476 475 485
f 476 485 486
f 473 471 481
f 473 481 483
f 480 479 489
f 480 489 490
f 477 476 486
f 477 486 487
f 474 473 483
f 474 483 484
f 472 480 490
f 472 490 482
f 478 477 487
f 478 487 488
f 481 482 492
f 481 492 491
f 489 488 498
f 489 498 499
f 486 485 495
f 486 495 496
f 483 481 491
f 483 491 493
f 490 489 499
f 490 499 500
f 487 486 496
f 487 496 497
f 484 483 493
f 484 493 494
f 482 490 500
f 482 500 492
f 488 487 497
f 488 497 498
f 485 484 494
f 485 494 495
f 499 498 508
f 499 508 509
f 496 495 505
f 496 505 506
f 493 491 501
f 493 501 503
f 500 499 509
f 500 509 510
f 497 496 506
f 497 506 507
f 494 493 503
f 494 503 504
f 492 500 510
f 492 510 502
f 498 497 507
f 498 507 508
f 495 494 504
f 495 504 505
f 491 492 502
f 491 502 501
f 506 505 515
f 506 515 516
f 503 501 511
f 503 511 513
f 510 509 519
f 510 519 520
f 507 506 516
f 507 516 517
f 504 503 513
f 504 513 514
f 502 510 520
f 502 520 512
f 508 507 517
f 508 517 518
f 505 504 514
f 505 514 515
f 501 502 512
f 501 512 511
f 509 508 518
f 509 518 519
f 513 511 521
f 513 521 523
f 520 519 529
f 520 529 530
f 517 516 526
f 517 526 527
f 514 513 523
f 514 523 524
f 512 520 530
f 512 530 522
f 518 517 527
f 518 527 528
f 515 514 524
f 515 524 525
f 511 512 522
f 511 522 521
f 519 518 528
f 519 528 529
f 516 515 525
f 516 525 526
f 536 546 545
f 536 545 535
f 533 543 541
f 533 541 531
f 540 550 549
f 540 549 539
f 537 547 546
f 537 546 536
f 534 544 543
f 534 543 533
f 532 542 550
f 532 550 540
f 538 548 547
f 538 547 537
f 535 545 544
f 535 544 534
f 531 541 542
f 531 542 532
f 539 549 548
f 539 548 538
f 543 553 551
f 543 551 541
f 550 560 559
f 550 559 549
f 547 557 556
f 547 556 546
f 544 554 553
f 544 553 543
f 542 552 560
f 542 560 550
f 548 558 557
f 548 557 547
f 545 555 554
f 545 554 544
f 541 551 552
f 541 552 542
f 549 559 558
f 549 558 548
f 546 556 555
f 546 555 545
f 534 533 563
f 534 563 564
f 532 540 570
f 532 570 562
f 538 537 567
f 538 567 568
f 535 534 564
f 535 564 565
f 531 532 562
f 531 562 561
f 539 538 568
f 539 568 569
f 536 535 565
f 536 565 566
f 533 531 561
f 533 561 563
f 540 539 569
f 540 569 570
f 537 536 566
f 537 566 567
f 552 551 553
f 552 553 554
f 552 554 555
f 552 555 556
f 552 556 557
f 552 557 558
f 552 558 559
f 552 559 560
f 575 574 584
f 575 584 585
f 571 572 582
f 571 582 581
f 579 578 588
f 579 588 589
f 576 575 585
f 576 585 586
f 573 571 581
f 573 581 583
f 580 579 589
f 580 589 590
f 577 576 586
f 577 586 587
f 574 573 583
f 574 583 584
f 572 580 590
f 572 590 582
f 578 577 587
f 578 587 588
f 581 582 592
f 581 592 591
f 589 588 598
f 589 598 599
f 586 585 595
f 586 595 596
f 583 581 591
f 583 591 593
f 590 589 599
f 590 599 600
f 587 586 596
f 587 596 597
f 584 583 593
f 584 593 594
f 582 590 600
f 582 600 592
f 588 587 597
f 588 597 598
f 585 584 594
f 585 594 595
f 599 598 608
f 599 608 609
f 596 595 605
f 596 605 606
f 593 591 601
f 593 601 603
f 600 599 609
f 600 609 610
f 597 596 606
f 597 606 607
f 594 593 603
f 594 603 604
f 592 600 610
f 592 610 602
f 598 597 607
f 598 607 608
f 595 594 604
f 595 604 605
f 591 592 602
f 591 602 601
f 606 605 615
f 606 615 616
f 603 601 611
f 603 611 613
f 610 609 619
f 610 619 620
f 607 606 616
f 607 616 617
f 604 603 613
f 604 613 614
f 602 610 620
f 602 620 612
f 608 607 617
f 608 617 618
f 605 604 614
f 605 614 615
f 601 602 612
f 601 612 611
f 609 608 618
f 609 618 619
f 613 611 621
f 613 621 623
f 620 619 629
f 620 629 630
f 617 616 626
f 617 626 627
f 614 613 623
f 614 623 624
f 612 620 630
f 612 630 622
f 618 617 627
f 618 627 628
f 615 614 624
f 615 624 625
f 611 612 622
f 611 622 621
f 619 618 628
f 619 628 629
f 616 615 625
f 616 625 626
f 636 646 645
f 636 645 635
f 633 643 641
f 633 641 631
f 640 650 649
f 640 649 639
f 637 647 646
f 637 646 636
f 634 644 643
f 634 643 633
f 632 642 650
f 632 650 640
f 638 648 647
f 638 647 637
f 635 645 644
f 635 644 634
f 631 641 642
f 631 642 632
f 639 649 648
f 639 648 638
f 643 653 651
f 643 651 641
f 650 660 659
f 650 659 649
f 647 657 656
f 647 656 646
f 644 654 653
f 644 653 643
f 642 652 660
f 642 660 650
f 648 658 657
f 648 657 647
f 645 655 654
f 645 654 644
f 641 651 652
f 641 652 642
f 649 659 658
f 649 658 648
f 646 656 655
f 646 655 645
f 634 633 663
f 634 663 664
f 632 640 670
f 632 670 662
f 638 637 667
f 638 667 668
f 635 634 664
f 635 664 665
f 631 632 662
f 631 662 661
f 639 638 668
f 639 668 669
f 636 635 665
f 636 665 666
f 633 631 661
f 633 661 663
f 640 639 669
f 640 669 670
f 637 636 666
f 637 666 667
f 652 651 653
f 652 653 654
f 652 654 655
f 652 655 656
f 652 656 657
f 652 657 658
f 652 658 659
f 652 659 660
f 675 674 684
f 675 684 685
f 671 672 682
f 671 682 681
f 679 678 688
f 679 688 689
f 676 675 685
f 676 685 686
f 673 671 681
f 673 681 683
f 680 679 689
f 680 689 690
f 677 676 686
f 677 686 687
f 674 673 683
f 674 683 684
f 672 680 690
f 672 690 682
f 678 677 687
f 678 687 688
f 681 682 692
f 681 692 691
f 689 688 698
f 689 698 699
f 686 685 695
f 686 695 696
f 683 681 691
f 683 691 693
f 690 689 699
f 690 699 700
f 687 686 696
f 687 696 697
f 684 683 693
f 684 693 694
f 682 690 700
f 682 700 692
f 688 687 697
f 688 697 698
f 685 684 694
f 685 694 695
f 699 698 708
f 699 708 709
f 696 695 705
f 696 705 706
f 693 691 701
f 693 701 703
f 700 699 709
f 700 709 710
f 697 696 706
f 697 706 707
f 694 693 703
f 694 703 704
f 692 700 710
f 692 710 702
f 698 697 707
f 698 707 708
f 695 694 704
f 695 704 705
f 691 692 702
f 691 702 701
f 706 705 715
f 706 715 716
f 703 701 711
f 703 711 713
f 710 709 719
f 710 719 720
f 707 706 716
f 707 716 717
f 704 703 713
f 704 713 714
f 702 710 720
f 702 720 712
f 708 707 717
f 708 717 718
f 705 704 714
f 705 714 715
f 701 702 712
f 701 712 711
f 709 708 718
f 709 718 719
f 713 711 721
f 713 721 723
f 720 719 729
f 720 729 730
f 717 716 726
f 717 726 727
f 714 713 723
f 714 723 724
f 712 720 730
f 712 730 722
f 718 717 727
f 718 727 728
f 715 714 724
f 715 724 725
f 711 712 722
f 711 722 721
f 719 718 728
f 719 728 729
f 716 715 725
f 716 725 726
f 736 746 745
f 736 745 735
f 733 743 741
f 733 741 731
f 740 750 749
f 740 749 739
f 737 747 746
f 737 746 736
f 734 744 743
f 734 743 733
f 732 742 750
f 732 750 740
f 738 748 747
f 738 747 737
f 735 745 744
f 735 744 734
f 731 741 742
f 731 742 732
f 739 749 748
f 739 748 738
f 743 753 751
f 743 751 741
f 750 760 759
f 750 759 749
f 747 757 756
f 747 756 746
f 744 754 753
f 744 753 743
f 742 752 760
f 742 760 750
f 748 758 757
f 748 757 747
f 745 755 754
f 745 754 744
f 741 751 752
f 741 752 742
f 749 759 758
f 749 758 748
f 746 756 755
f 746 755 745
f 734 733 763
f 734 763 764
f 732 740 770
f 732 770 762
f 738 737 767
f 738 767 768
f 735 734 764
f 735 764 765
f 731 732 762
f 731 762 761
f 739 738 768
f 739 768 769
f 736 735 765
f 736 765 766
f 733 731 761
f 733 761 763
f 740 739 769
f 740 769 770
f 737 736 766
f 737 766 767
f 752 751 753
f 752 753 754
f 752 754 755
f 752 755 756
f 752 756 757
f 752 757 758
f 752 758 759
f 752 759 760
f 622 630 629
f 622 629 628
f 622 628 627
f 622 627 626
f 622 626 625
f 622 625 624
f 622 624 623
f 622 623 621
f 132 140 139
f 132 139 138
f 132 138 137
f 132 137 136
f 132 136 135
f 132 135 134
f 132 134 133
f 132 133 131
f 522 530 529
f 522 529 528
f 522 528 527
f 522 527 526
f 522 526 525
f 522 525 524
f 522 524 523
f 522 523 521
f 232 240 239
f 232 239 238
f 232 238 237
f 232 237 236
f 232 236 235
f 232 235 234
f 232 234 233
f 232 233 231
f 722 730 729
f 722 729 728
f 722 728 727
f 722 727 726
f 722 726 725
f 722 725 724
f 722 724 723
f 722 723 721
f 332 340 339
f 332 339 338
f 332 338 337
f 332 337 336
f 332 336 335
f 332 335 334
f 332 334 333
f 332 333 331
usemtl Tree_Leaves
f 789 786 784
f 789 784 788
f 787 782 786
f 787 786 789
f 781 787 789
f 781 789 785
f 785 789 788
f 785 788 783
f 785 783 792
f 785 792 794
f 784 786 795
f 784 795 793
f 781 785 794
f 781 794 790
f 787 781 790
f 787 790 796
f 786 782 791
f 786 791 795
f 783 788 797
f 783 797 792
f 782 787 796
f 782 796 791
f 788 784 793
f 788 793 797
f 806 803 801
f 806 801 805
f 804 799 803
f 804 803 806
f 798 804 806
f 798 806 802
f 802 806 805
f 802 805 800
f 802 800 809
f 802 809 811
f 801 803 812
f 801 812 810
f 798 802 811
f 798 811 807
f 804 798 807
f 804 807 813
f 803 799 808
f 803 808 812
f 800 805 814
f 800 814 809
f 799 804 813
f 799 813 808
f 805 801 810
f 805 810 814
f 823 820 818
f 823 818 822
f 821 816 820
f 821 820 823
f 815 821 823
f 815 823 819
f 819 823 822
f 819 822 817
f 819 817 826
f 819 826 828
f 818 820 829
f 818 829 827
f 815 819 828
f 815 828 824
f 821 815 824
f 821 824 830
f 820 816 825
f 820 825 829
f 817 822 831
f 817 831 826
f 816 821 830
f 816 830 825
f 822 818 827
f 822 827 831
f 840 837 835
f 840 835 839
f 838 833 837
f 838 837 840
f 832 838 840
f 832 840 836
f 836 840 839
f 836 839 834
f 836 834 843
f 836 843 845
f 835 837 846
f 835 846 844
f 832 836 845
f 832 845 841
f 838 832 841
f 838 841 847
f 837 833 842
f 837 842 846
f 834 839 848
f 834 848 843
f 833 838 847
f 833 847 842
f 839 835 844
f 839 844 848
f 857 854 852
f 857 852 856
f 855 850 854
f 855 854 857
f 849 855 857
f 849 857 853
f 853 857 856
f 853 856 851
f 853 851 860
f 853 860 862
f 852 854 863
f 852 863 861
f 849 853 862
f 849 862 858
f 855 849 858
f 855 858 864
f 854 850 859
f 854 859 863
f 851 856 865
f 851 865 860
f 850 855 864
f 850 864 859
f 856 852 861
f 856 861 865
f 874 871 869
f 874 869 873
f 872 867 871
f 872 871 874
f 866 872 874
f 866 874 870
f 870 874 873
f 870 873 868
f 870 868 877
f 870 877 879
f 869 871 880
f 869 880 878
f 866 870 879
f 866 879 875
f 872 866 875
f 872 875 881
f 871 867 876
f 871 876 880
f 868 873 882
f 868 882 877
f 867 872 881
f 867 881 876
f 873 869 878
f 873 878 882
f 891 888 886
f 891 886 890
f 889 884 888
f 889 888 891
f 883 889 891
f 883 891 887
f 887 891 890
f 887 890 885
f 887 885 894
f 887 894 896
f 886 888 897
f 886 897 895
f 883 887 896
f 883 896 892
f 889 883 892
f 889 892 898
f 888 884 893
f 888 893 897
f 885 890 899
f 885 899 894
f 884 889 898
f 884 898 893
f 890 886 895
f 890 895 899
f 908 905 903
f 908 903 907
f 906 901 905
f 906 905 908
f 900 906 908
f 900 908 904
f 904 908 907
f 904 907 902
f 904 902 911
f 904 911 913
f 903 905 914
f 903 914 912
f 900 904 913
f 900 913 909
f 906 900 909
f 906 909 915
f 905 901 910
f 905 910 914
f 902 907 916
f 902 916 911
f 901 906 915
f 901 915 910
f 907 903 912
f 907 912 916
f 925 922 920
f 925 920 924
f 923 918 922
f 923 922 925
f 917 923 925
f 917 925 921
f 921 925 924
f 921 924 919
f 921 919 928
f 921 928 930
f 920 922 931
f 920 931 929
f 917 921 930
f 917 930 926
f 923 917 926
f 923 926 932
f 922 918 927
f 922 927 931
f 919 924 933
f 919 933 928
f 918 923 932
f 918 932 927
f 924 920 929
f 924 929 933
f 942 939 937
f 942 937 941
f 940 935 939
f 940 939 942
f 934 940 942
f 934 942 938
f 938 942 941
f 938 941 936
f 938 936 945
f 938 945 947
f 937 939 948
f 937 948 946
f 934 938 947
f 934 947 943
f 940 934 943
f 940 943 949
f 939 935 944
f 939 944 948
f 936 941 950
f 936 950 945
f 935 940 949
f 935 949 944
f 941 937 946
f 941 946 950
f 959 956 954
f 959 954 958
f 957 952 956
f 957 956 959
f 951 957 959
f 951 959 955
f 955 959 958
f 955 958 953
f 955 953 962
f 955 962 964
f 954 956 965
f 954 965 963
f 951 955 964
f 951 964 960
f 957 951 960
f 957 960 966
f 956 952 961
f 956 961 965
f 953 958 967
f 953 967 962
f 952 957 966
f 952 966 961
f 958 954 963
f 958 963 967
f 976 973 971
f 976 971 975
f 974 969 973
f 974 973 976
f 968 974 976
f 968 976 972
f 972 976 975
f 972 975 970
f 972 970 979
f 972 979 981
f 971 973 982
f 971 982 980
f 968 972 981
f 968 981 977
f 974 968 977
f 974 977 983
f 973 969 978
f 973 978 982
f 970 975 984
f 970 984 979
f 969 974 983
f 969 983 978
f 975 971 980
f 975 980 984
f 993 990 988
f 993 988 992
f 991 986 990
f 991 990 993
f 985 991 993
f 985 993 989
f 989 993 992
f 989 992 987
f 989 987 996
f 989 996 998
f 988 990 999
f 988 999 997
f 985 989 998
f 985 998 994
f 991 985 994
f 991 994 1000
f 990 986 995
f 990 995 999
f 987 992 1001
f 987 1001 996
f 986 991 1000
f 986 1000 995
f 992 988 997
f 992 997 1001
f 1010 1007 1005
f 1010 1005 1009
f 1008 1003 1007
f 1008 1007 1010
f 1002 1008 1010
f 1002 1010 1006
f 1006 1010 1009
f 1006 1009 1004
f 1006 1004 1013
f 1006 1013 1015
f 1005 1007 1016
f 1005 1016 1014
f 1002 1006 1015
f 1002 1015 1011
f 1008 1002 1011
f 1008 1011 1017
f 1007 1003 1012
f 1007 1012 1016
f 1004 1009 1018
f 1004 1018 1013
f 1003 1008 1017
f 1003 1017 1012
f 1009 1005 1014
f 1009 1014 1018
f 1027 1024 1022
f 1027 1022 1026
f 1025 1020 1024
f 1025 1024 1027
f 1019 1025 1027
f 1019 1027 1023
f 1023 1027 1026
f 1023 1026 1021
f 1023 1021 1030
f 1023 1030 1032
f 1022 1024 1033
f 1022 1033 1031
f 1019 1023 1032
f 1019 1032 1028
f 1025 1019 1028
f 1025 1028 1034
f 1024 1020 1029
f 1024 1029 1033
f 1021 1026 1035
f 1021 1035 1030
f 1020 1025 1034
f 1020 1034 1029
f 1026 1022 1031
f 1026 1031 1035
f 1044 1041 1039
f 1044 1039 1043
f 1042 1037 1041
f 1042 1041 1044
f 1036 1042 1044
f 1036 1044 1040
f 1040 1044 1043
f 1040 1043 1038
f 1040 1038 1047
f 1040 1047 1049
f 1039 1041 1050
f 1039 1050 1048
f 1036 1040 1049
f 1036 1049 1045
f 1042 1036 1045
f 1042 1045 1051
f 1041 1037 1046
f 1041 1046 1050
f 1038 1043 1052
f 1038 1052 1047
f 1037 1042 1051
f 1037 1051 1046
f 1043 1039 1048
f 1043 1048 1052
f 1061 1058 1056
f 1061 1056 1060
f 1059 1054 1058
f 1059 1058 1061
f 1053 1059 1061
f 1053 1061 1057
f 1057 1061 1060
f 1057 1060 1055
f 1057 1055 1064
f 1057 1064 1066
f 1056 1058 1067
f 1056 1067 1065
f 1053 1057 1066
f 1053 1066 1062
f 1059 1053 1062
f 1059 1062 1068
f 1058 1054 1063
f 1058 1063 1067
f 1055 1060 1069
f 1055 1069 1064
f 1054 1059 1068
f 1054 1068 1063
f 1060 1056 1065
f 1060 1065 1069
f 1078 1075 1073
f 1078 1073 1077
f 1076 1071 1075
f 1076 1075 1078
f 1070 1076 1078
f 1070 1078 1074
f 1074 1078 1077
f 1074 1077 1072
f 1074 1072 1081
f 1074 1081 1083
f 1073 1075 1084
f 1073 1084 1082
f 1070 1074 1083
f 1070 1083 1079
f 1076 1070 1079
f 1076 1079 1085
f 1075 1071 1080
f 1075 1080 1084
f 1072 1077 1086
f 1072 1086 1081
f 1071 1076 1085
f 1071 1085 1080
f 1077 1073 1082
f 1077 1082 1086
f 1095 1092 1090
f 1095 1090 1094
f 1093 1088 1092
f 1093 1092 1095
f 1087 1093 1095
f 1087 1095 1091
f 1091 1095 1094
f 1091 1094 1089
f 1091 1089 1098
f 1091 1098 1100
f 1090 1092 1101
f 1090 1101 1099
f 1087 1091 1100
f 1087 1100 1096
f 1093 1087 1096
f 1093 1096 1102
f 1092 1088 1097
f 1092 1097 1101
f 1089 1094 1103
f 1089 1103 1098
f 1088 1093 1102
f 1088 1102 1097
f 1094 1090 1099
f 1094 1099 1103
f 1112 1109 1107
f 1112 1107 1111
f 1110 1105 1109
f 1110 1109 1112
f 1104 1110 1112
f 1104 1112 1108
f 1108 1112 1111
f 1108 1111 1106
f 1108 1106 1115
f 1108 1115 1117
f 1107 1109 1118
f 1107 1118 1116
f 1104 1108 1117
f 1104 1117 1113
f 1110 1104 1113
f 1110 1113 1119
f 1109 1105 1114
f 1109 1114 1118
f 1106 1111 1120
f 1106 1120 1115
f 1105 1110 1119
f 1105 1119 1114
f 1111 1107 1116
f 1111 1116 1120
f 1129 1126 1124
f 1129 1124 1128
f 1127 1122 1126
f 1127 1126 1129
f 1121 1127 1129
f 1121 1129 1125
f 1125 1129 1128
f 1125 1128 1123
f 1125 1123 1132
f 1125 1132 1134
f 1124 1126 1135
f 1124 1135 1133
f 1121 1125 1134
f 1121 1134 1130
f 1127 1121 1130
f 1127 1130 1136
f 1126 1122 1131
f 1126 1131 1135
f 1123 1128 1137
f 1123 1137 1132
f 1122 1127 1136
f 1122 1136 1131
f 1128 1124 1133
f 1128 1133 1137
f 1146 1143 1141
f 1146 1141 1145
f 1144 1139 1143
f 1144 1143 1146
f 1138 1144 1146
f 1138 1146 1142
f 1142 1146 1145
f 1142 1145 1140
f 1142 1140 1149
f 1142 1149 1151
f 1141 1143 1152
f 1141 1152 1150
f 1138 1142 1151
f 1138 1151 1147
f 1144 1138 1147
f 1144 1147 1153
f 1143 1139 1148
f 1143 1148 1152
f 1140 1145 1154
f 1140 1154 1149
f 1139 1144 1153
f 1139 1153 1148
f 1145 1141 1150
f 1145 1150 1154
f 1163 1160 1158
f 1163 1158 1162
f 1161 1156 1160
f 1161 1160 1163
f 1155 1161 1163
f 1155 1163 1159
f 1159 1163 1162
f 1159 1162 1157
f 1159 1157 1166
f 1159 1166 1168
f 1158 1160 1169
f 1158 1169 1167
f 1155 1159 1168
f 1155 1168 1164
f 1161 1155 1164
f 1161 1164 1170
f 1160 1156 1165
f 1160 1165 1169
f 1157 1162 1171
f 1157 1171 1166
f 1156 1161 1170
f 1156 1170 1165
f 1162 1158 1167
f 1162 1167 1171
f 1180 1177 1175
f 1180 1175 1179
f 1178 1173 1177
f 1178 1177 1180
f 1172 1178 1180
f 1172 1180 1176
f 1176 1180 1179
f 1176 1179 1174
f 1176 1174 1183
f 1176 1183 1185
f 1175 1177 1186
f 1175 1186 1184
f 1172 1176 1185
f 1172 1185 1181
f 1178 1172 1181
f 1178 1181 1187
f 1177 1173 1182
f 1177 1182 1186
f 1174 1179 1188
f 1174 1188 1183
f 1173 1178 1187
f 1173 1187 1182
f 1179 1175 1184
f 1179 1184 1188
f 1197 1194 1192
f 1197 1192 1196
f 1195 1190 1194
f 1195 1194 1197
f 1189 1195 1197
f 1189 1197 1193
f 1193 1197 1196
f 1193 1196 1191
f 1193 1191 1200
f 1193 1200 1202
f 1192 1194 1203
f 1192 1203 1201
f 1189 1193 1202
f 1189 1202 1198
f 1195 1189 1198
f 1195 1198 1204
f 1194 1190 1199
f 1194 1199 1203
f 1191 1196 1205
f 1191 1205 1200
f 1190 1195 1204
f 1190 1204 1199
f 1196 1192 1201
f 1196 1201 1205
f 1214 1211 1209
f 1214 1209 1213
f 1212 1207 1211
f 1212 1211 1214
f 1206 1212 1214
f 1206 1214 1210
f 1210 1214 1213
f 1210 1213 1208
f 1210 1208 1217
f 1210 1217 1219
f 1209 1211 1220
f 1209 1220 1218
f 1206 1210 1219
f 1206 1219 1215
f 1212 1206 1215
f 1212 1215 1221
f 1211 1207 1216
f 1211 1216 1220
f 1208 1213 1222
f 1208 1222 1217
f 1207 1212 1221
f 1207 1221 1216
f 1213 1209 1218
f 1213 1218 1222
f 1231 1228 1226
f 1231 1226 1230
f 1229 1224 1228
f 1229 1228 1231
f 1223 1229 1231
f 1223 1231 1227
f 1227 1231 1230
f 1227 1230 1225
f 1227 1225 1234
f 1227 1234 1236
f 1226 1228 1237
f 1226 1237 1235
f 1223 1227 1236
f 1223 1236 1232
f 1229 1223 1232
f 1229 1232 1238
f 1228 1224 1233
f 1228 1233 1237
f 1225 1230 1239
f 1225 1239 1234
f 1224 1229 1238
f 1224 1238 1233
f 1230 1226 1235
f 1230 1235 1239
f 1248 1245 1243
f 1248 1243 1247
f 1246 1241 1245
f 1246 1245 1248
f 1240 1246 1248
f 1240 1248 1244
f 1244 1248 1247
f 1244 1247 1242
f 1244 1242 1251
f 1244 1251 1253
f 1243 1245 1254
f 1243 1254 1252
f 1240 1244 1253
f 1240 1253 1249
f 1246 1240 1249
f 1246 1249 1255
f 1245 1241 1250
f 1245 1250 1254
f 1242 1247 1256
f 1242 1256 1251
f 1241 1246 1255
f 1241 1255 1250
f 1247 1243 1252
f 1247 1252 1256
f 1265 1262 1260
f 1265 1260 1264
f 1263 1258 1262
f 1263 1262 1265
f 1257 1263 1265
f 1257 1265 1261
f 1261 1265 1264
f 1261 1264 1259
f 1261 1259 1268
f 1261 1268 1270
f 1260 1262 1271
f 1260 1271 1269
f 1257 1261 1270
f 1257 1270 1266
f 1263 1257 1266
f 1263 1266 1272
f 1262 1258 1267
f 1262 1267 1271
f 1259 1264 1273
f 1259 1273 1268
f 1258 1263 1272
f 1258 1272 1267
f 1264 1260 1269
f 1264 1269 1273
