# Blender v2.79 (sub 0) OBJ File: 'Tree_5.blend'
# www.blender.org
mtllib Tree_5.mtl
o Tree_5_Cylinder.007
v 0.244491 0.011173 0.070228
v 0.303860 0.011173 -0.115005
v 0.088935 0.011173 0.186673
v -0.104777 0.011173 0.186673
v -0.260334 0.011173 0.070228
v -0.319702 0.011173 -0.115005
v -0.260477 0.011173 -0.299608
v -0.104365 0.011173 -0.413864
v 0.088523 0.011173 -0.413864
v 0.244635 0.011173 -0.299608
v -0.117241 1.579827 0.100972
v -0.087189 1.638720 -0.022366
v -0.214627 1.520034 0.178690
v -0.346536 1.496653 0.178690
v -0.458540 1.519331 0.100972
v -0.507003 1.564306 -0.022366
v -0.474169 1.613542 -0.146061
v -0.372429 1.650792 -0.222130
v -0.243291 1.673683 -0.222130
v -0.134946 1.673671 -0.146061
v -0.474133 4.056846 0.083784
v -0.450183 4.052871 0.021256
v -0.525748 4.040475 0.122867
v -0.587711 4.015261 0.122867
v -0.636092 3.990940 0.083784
v -0.650461 3.971371 0.021256
v -0.624602 3.959696 -0.041375
v -0.566693 3.960749 -0.081779
v -0.502733 3.986777 -0.081779
v -0.460542 4.026457 -0.041375
v -0.980841 5.171522 0.049278
v -0.974358 5.179237 0.021300
v -1.001706 5.159913 0.066317
v -1.028627 5.148958 0.066317
v -1.051670 5.142700 0.049278
v -1.061698 5.143695 0.021300
v -1.054491 5.151530 -0.006229
v -1.033771 5.162798 -0.022504
v -1.007689 5.173412 -0.022504
v -0.984987 5.179812 -0.006229
v -0.924188 5.066749 0.032718
v -0.830155 4.861383 0.015484
v -0.814619 4.861036 -0.029019
v -0.913863 5.073951 -0.004989
v -0.952771 5.052649 0.055563
v -0.866088 4.849924 0.043221
v -0.988762 5.038004 0.055563
v -0.909264 4.832353 0.043221
v -1.019069 5.028138 0.032718
v -0.942989 4.815467 0.015484
v -1.031489 5.026084 -0.004989
v -0.953868 4.804370 -0.029019
v -1.020775 5.032135 -0.042578
v -0.938199 4.802348 -0.073483
v -0.991629 5.044450 -0.065765
v -0.901080 4.810469 -0.102179
v -0.955221 5.059266 -0.065765
v -0.856666 4.828542 -0.102179
v -0.925758 5.070801 -0.042578
v -0.824424 4.848646 -0.073483
v -0.262880 3.628525 0.151781
v -0.117924 2.999224 0.173871
v -0.083407 2.986909 0.069227
v -0.231466 3.628520 0.064255
v -0.334461 3.604885 0.205852
v -0.207390 3.007336 0.238523
v -0.420371 3.569926 0.205852
v -0.318394 3.012658 0.238523
v -0.488119 3.536868 0.151781
v -0.408225 3.013145 0.173871
v -0.510604 3.514930 0.064255
v -0.443761 3.004189 0.069227
v -0.479635 3.513194 -0.023675
v -0.410968 2.990440 -0.036714
v -0.403740 3.526796 -0.078924
v -0.321452 2.969007 -0.103235
v -0.316251 3.562399 -0.078924
v -0.208521 2.963592 -0.103234
v -0.252423 3.605653 -0.023675
v -0.117366 2.976362 -0.036714
v 1.297045 4.284859 0.318701
v 1.525901 4.631910 0.343750
v 1.333514 4.244536 0.310050
v 1.564854 4.601424 0.358308
v 1.368662 4.224690 0.272974
v 1.607472 4.578578 0.341039
v 1.388422 4.233262 0.222311
v 1.636581 4.572581 0.298903
v 1.380819 4.260917 0.176355
v 1.638278 4.579439 0.248713
v 1.351725 4.299695 0.153145
v 1.613899 4.599393 0.209179
v 1.311726 4.334612 0.160851
v 1.572443 4.624491 0.195229
v 1.277180 4.354121 0.197294
v 1.530594 4.646924 0.212186
v 1.502304 4.652329 0.303809
v 1.268667 4.324244 0.294661
v 1.261375 4.350711 0.248453
v 1.504181 4.658207 0.253636
v 2.004349 5.447780 0.373406
v 2.145270 5.772174 0.371206
v 2.029728 5.429269 0.383432
v 2.170254 5.765599 0.379607
v 2.057292 5.414495 0.372264
v 2.195050 5.758251 0.371112
v 2.074956 5.409931 0.344796
v 2.209983 5.752998 0.349035
v 2.076153 5.415131 0.312555
v 2.209368 5.751199 0.321710
v 2.060719 5.427984 0.286821
v 2.193052 5.753176 0.299624
v 2.034294 5.444283 0.277476
v 2.167690 5.758523 0.291519
v 2.007499 5.458644 0.288333
v 2.143178 5.765785 0.299916
v 2.129256 5.774937 0.349156
v 1.989737 5.461454 0.347571
v 1.990696 5.465521 0.315194
v 2.128430 5.772322 0.321762
v 2.170009 6.027390 0.354406
v 2.188766 6.024097 0.359989
v 2.206530 6.018835 0.353903
v 2.217345 6.013364 0.338189
v 2.216685 6.009659 0.318098
v 2.204200 6.009330 0.301721
v 2.185066 6.012529 0.295698
v 2.166730 6.017963 0.301980
v 2.157201 6.027285 0.338477
v 2.155962 6.023624 0.318248
v 1.689474 4.910233 0.363354
v 1.722142 4.876584 0.377225
v 1.761835 4.855306 0.361141
v 1.791286 4.855655 0.322099
v 1.796203 4.868792 0.276595
v 1.775456 4.889517 0.240570
v 1.737703 4.912887 0.227631
v 1.699250 4.933500 0.243213
v 1.671914 4.935417 0.326957
v 1.674947 4.943394 0.281295
v 0.610415 3.648791 0.279871
v 0.656309 3.604427 0.260595
v 0.685297 3.577360 0.207767
v 0.686563 3.577693 0.141102
v 0.654409 3.602224 0.085115
v 0.600366 3.640491 0.060964
v 0.544819 3.678936 0.077753
v 0.515208 3.706584 0.131715
v 0.560170 3.690214 0.256853
v 0.523752 3.712025 0.200583
v -0.330694 2.995589 0.208611
v -0.246905 2.951068 0.210926
v -0.171960 2.924848 0.158514
v -0.134436 2.926927 0.071361
v -0.148800 2.956519 -0.017009
v -0.209371 3.002363 -0.073400
v -0.293387 3.047253 -0.076723
v -0.368653 3.073586 -0.024087
v -0.391080 3.041284 0.152427
v -0.405517 3.070986 0.063772
v 1.536536 3.872600 0.786465
v 1.512519 3.841215 0.808243
v 1.538489 3.916384 0.776600
v 1.520095 3.956506 0.785381
v 1.488458 3.977472 0.809419
v 1.453066 3.970900 0.836627
v 1.424890 3.939193 0.855075
v 1.414423 3.892954 0.858128
v 1.433410 3.851538 0.849064
v 1.473591 3.832961 0.831824
v 2.305844 4.409312 1.653772
v 2.300900 4.399051 1.670218
v 2.300359 4.424303 1.642171
v 2.286858 4.438224 1.639670
v 2.270325 4.445937 1.647192
v 2.257101 4.444214 1.662104
v 2.252609 4.433673 1.678320
v 2.258179 4.418919 1.689407
v 2.271259 4.405432 1.691830
v 2.287463 4.397732 1.684777
v 2.180455 4.165004 1.504630
v 1.930022 3.978519 1.218150
v 1.914193 3.956813 1.234999
v 2.172817 4.149690 1.525180
v 2.173584 4.185716 1.489807
v 1.931546 4.009154 1.211004
v 2.155535 4.204326 1.486463
v 1.918730 4.037110 1.217123
v 2.132873 4.214067 1.495814
v 1.896527 4.051582 1.234141
v 2.113831 4.210514 1.514252
v 1.872856 4.046982 1.254734
v 2.105830 4.194804 1.534181
v 1.856123 4.025393 1.270911
v 2.111926 4.173357 1.548298
v 1.852479 3.994148 1.276951
v 2.130184 4.154532 1.551681
v 1.865663 3.965390 1.270657
v 2.153478 4.145670 1.543008
v 1.889898 3.951720 1.254787
v 1.282957 3.844749 0.526879
v 1.254154 3.812577 0.550258
v 1.295520 3.892019 0.524142
v 1.288603 3.936168 0.544189
v 1.264823 3.960497 0.579435
v 1.231680 3.956023 0.615391
v 1.202059 3.924365 0.638725
v 1.184454 3.877474 0.638616
v 1.191498 3.832514 0.618202
v 1.220352 3.807604 0.585709
v 1.842892 4.332338 1.361563
v 1.839444 4.327540 1.372338
v 1.838847 4.338245 1.351782
v 1.829075 4.343004 1.346669
v 1.817184 4.344859 1.348113
v 1.807743 4.342979 1.355752
v 1.804637 4.338088 1.366485
v 1.808764 4.332271 1.375938
v 1.818231 4.327661 1.380891
v 1.829863 4.325801 1.379683
v 1.801986 4.170730 1.239569
v 1.779660 3.952817 1.098962
v 1.772848 3.939766 1.111719
v 1.797096 4.164021 1.253744
v 1.796762 4.176730 1.225451
v 1.774737 3.967670 1.087585
v 1.783671 4.180168 1.216815
v 1.760039 3.979005 1.082434
v 1.767469 4.179795 1.216801
v 1.741248 3.982438 1.085500
v 1.754306 4.175259 1.225518
v 1.725445 3.976324 1.095107
v 1.749459 4.168138 1.239408
v 1.718284 3.962950 1.107360
v 1.754610 4.161413 1.253229
v 1.722493 3.946962 1.118027
v 1.767855 4.157935 1.261965
v 1.737612 3.935302 1.123326
v 1.784024 4.159060 1.262208
v 1.757016 3.933081 1.120933
v 0.830414 3.803664 0.181447
v 0.801559 3.828574 0.213940
v 0.794515 3.873534 0.234354
v 0.812121 3.920424 0.234463
v 0.841742 3.952083 0.211129
v 0.874885 3.956556 0.175173
v 0.898665 3.932227 0.139927
v 0.905581 3.888078 0.119880
v 0.864215 3.808637 0.145996
v 0.893019 3.840809 0.122617
v -1.820986 4.254462 0.285676
v -2.011127 4.571839 0.476897
v -1.841138 4.209319 0.309898
v -2.049064 4.538588 0.487559
v -1.841287 4.181495 0.357117
v -2.068126 4.509019 0.524960
v -1.821375 4.182126 0.408438
v -2.060632 4.495054 0.574027
v -1.784949 4.205415 0.441078
v -2.027795 4.496237 0.612618
v -1.748467 4.244726 0.444626
v -1.983341 4.514651 0.628117
v -1.725002 4.284864 0.417852
v -1.943900 4.542954 0.614468
v -1.724855 4.312214 0.371439
v -1.925181 4.571989 0.577741
v -1.966976 4.590572 0.493289
v -1.784471 4.294196 0.290405
v -1.748082 4.316248 0.323244
v -1.934266 4.590771 0.531830
v -2.394618 5.322048 0.907661
v -2.501472 5.624820 1.056004
v -2.419726 5.301774 0.914434
v -2.525376 5.616199 1.065612
v -2.432055 5.282652 0.938623
v -2.537619 5.605029 1.087206
v -2.426198 5.273063 0.969624
v -2.533426 5.595667 1.112360
v -2.405195 5.274593 0.994613
v -2.514332 5.591039 1.131447
v -2.376575 5.286392 1.004972
v -2.487377 5.592603 1.136821
v -2.351130 5.304682 0.996649
v -2.463379 5.600090 1.126547
v -2.339146 5.323271 0.973134
v -2.451276 5.611131 1.105201
v -2.474775 5.627129 1.061680
v -2.366544 5.334548 0.918777
v -2.345256 5.334974 0.943522
v -2.455468 5.621713 1.080544
v -2.512234 5.871866 1.125875
v -2.529713 5.866939 1.133878
v -2.538485 5.858937 1.149348
v -2.535607 5.850542 1.167099
v -2.521380 5.844813 1.180610
v -2.501081 5.844249 1.184046
v -2.483023 5.849084 1.176093
v -2.473970 5.857344 1.160125
v -2.492007 5.871611 1.128806
v -2.477261 5.865981 1.142035
v -2.148674 4.828735 0.617214
v -2.181493 4.793052 0.623652
v -2.199246 4.765513 0.658485
v -2.194212 4.758099 0.706563
v -2.167023 4.765590 0.744930
v -2.127631 4.784701 0.760449
v -2.091561 4.810958 0.748271
v -2.074362 4.837636 0.714525
v -2.111432 4.851819 0.635857
v -2.082675 4.854430 0.672244
v -1.175534 3.663354 -0.050343
v -1.219147 3.618268 -0.027737
v -1.242777 3.589853 0.027017
v -1.237607 3.588716 0.093485
v -1.200316 3.612233 0.146650
v -1.144374 3.650329 0.166335
v -1.090886 3.689509 0.145140
v -1.066748 3.718533 0.089211
v -1.123497 3.704603 -0.031348
v -1.081922 3.725424 0.021627
v -0.236876 3.022033 -0.087081
v -0.320288 2.977006 -0.082313
v -0.389705 2.949134 -0.023526
v -0.418654 2.949047 0.066861
v -0.395970 2.976793 0.154079
v -0.330456 3.021801 0.205387
v -0.246721 3.067178 0.201607
v -0.177008 3.095169 0.142570
v -0.171564 3.066896 -0.035965
v -0.148780 3.094746 0.051531
v -2.138831 3.885233 -0.408589
v -2.115143 3.854005 -0.430944
v -2.140845 3.929009 -0.398695
v -2.122953 3.969253 -0.407943
v -2.092068 3.990425 -0.432764
v -2.057316 3.984084 -0.460838
v -2.029384 3.952565 -0.479966
v -2.018673 3.906398 -0.483261
v -2.037142 3.864856 -0.473714
v -2.076753 3.846009 -0.455478
v -2.933092 4.416120 -1.256779
v -2.928485 4.405884 -1.273339
v -2.927425 4.431154 -1.245322
v -2.913964 4.445169 -1.243161
v -2.897677 4.452994 -1.251093
v -2.884815 4.451355 -1.266328
v -2.880652 4.440837 -1.282646
v -2.886392 4.426039 -1.293587
v -2.899434 4.412460 -1.295681
v -2.915404 4.404651 -1.288225
v -2.802350 4.172769 -1.110699
v -2.543610 3.988183 -0.830438
v -2.528052 3.966579 -0.847666
v -2.795118 4.157497 -1.131426
v -2.795259 4.193536 -1.096057
v -2.545170 4.018811 -0.823268
v -2.777263 4.212273 -1.093168
v -2.532704 4.046852 -0.829712
v -2.754908 4.222167 -1.103082
v -2.511031 4.061469 -0.847280
v -2.736304 4.218736 -1.121984
v -2.487845 4.057022 -0.868451
v -2.728690 4.203072 -1.142099
v -2.471368 4.035542 -0.885031
v -2.734984 4.181575 -1.156053
v -2.467657 4.004320 -0.891148
v -2.753189 4.162622 -1.158976
v -2.480481 3.975474 -0.884518
v -2.776198 4.153603 -1.149725
v -2.504220 3.961645 -0.868048
v -1.878717 3.859286 -0.155350
v -1.850278 3.827302 -0.179423
v -1.891536 3.906468 -0.152320
v -1.885426 3.950653 -0.172548
v -1.862695 3.975129 -0.208381
v -1.830422 3.970865 -0.245144
v -1.801168 3.939403 -0.269194
v -1.783239 3.892635 -0.269504
v -1.789462 3.847638 -0.248905
v -1.817329 3.822546 -0.215699
v -2.462523 4.342523 -0.976093
v -2.459310 4.337743 -0.986948
v -2.458278 4.348464 -0.966416
v -2.448417 4.353292 -0.961549
v -2.436579 4.355229 -0.963288
v -2.427317 4.353411 -0.971158
v -2.424443 4.348536 -0.981962
v -2.428763 4.342686 -0.991308
v -2.438317 4.338006 -0.996023
v -2.449903 4.336067 -0.994528
v -2.417485 4.181269 -0.855090
v -2.390169 3.963591 -0.715001
v -2.383584 3.950582 -0.727918
v -2.412902 4.174586 -0.869380
v -2.411956 4.187312 -0.841108
v -2.385070 3.978484 -0.703755
v -2.398679 4.190845 -0.832800
v -2.370328 3.989923 -0.698973
v -2.382481 4.190586 -0.833187
v -2.351643 3.993485 -0.702505
v -2.369506 4.186137 -0.842226
v -2.336040 3.987476 -0.712498
v -2.364954 4.179042 -0.856229
v -2.329092 3.974146 -0.724919
v -2.370399 4.172274 -0.869916
v -2.333452 3.958123 -0.735473
v -2.383831 4.168699 -0.878320
v -2.348616 3.946356 -0.740391
v -2.400008 4.169712 -0.878163
v -2.367939 3.944001 -0.737518
v -1.417486 3.821533 0.178787
v -1.389619 3.846626 0.145581
v -1.383395 3.891623 0.124982
v -1.401325 3.938389 0.125292
v -1.430578 3.969853 0.149342
v -1.462852 3.974116 0.186105
v -1.485582 3.949641 0.221938
v -1.491692 3.905455 0.242165
v -1.450433 3.826290 0.215063
v -1.478873 3.858274 0.239136
v -0.467131 3.954040 -0.053308
v -0.443726 3.932714 -0.011072
v -0.501149 3.990978 -0.068814
v -0.529381 4.032341 -0.052576
v -0.540924 4.062156 -0.010864
v -0.534977 4.066412 0.041414
v -0.516448 4.041973 0.085995
v -0.491301 3.996913 0.106630
v -0.462159 3.954215 0.089868
v -0.441700 3.932455 0.043001
v 0.343541 5.151650 -0.430358
v 0.360423 5.150981 -0.414164
v 0.321707 5.158106 -0.434159
v 0.303344 5.167761 -0.424525
v 0.295231 5.177048 -0.405010
v 0.300850 5.182299 -0.382907
v 0.317977 5.181295 -0.367248
v 0.339297 5.174764 -0.363867
v 0.357087 5.165411 -0.373201
v 0.365385 5.156369 -0.392121
v 0.302255 4.798602 -0.344948
v 0.042283 4.394687 -0.222437
v 0.060367 4.381186 -0.192995
v 0.324061 4.795078 -0.322793
v 0.273469 4.808396 -0.350225
v 0.018374 4.420408 -0.233584
v 0.248921 4.821302 -0.337346
v -0.001297 4.449229 -0.222270
v 0.237536 4.832626 -0.310990
v -0.009128 4.470011 -0.192868
v 0.243830 4.837257 -0.280698
v -0.003079 4.474144 -0.156501
v 0.265169 4.832898 -0.258460
v 0.013872 4.460182 -0.126553
v 0.293394 4.821811 -0.252671
v 0.036050 4.432805 -0.113794
v 0.318227 4.808757 -0.265701
v 0.056286 4.403158 -0.125433
v 0.329978 4.798822 -0.292464
v 0.065711 4.384230 -0.156371
v -0.110266 4.813629 -0.117183
v -0.100518 4.815032 -0.106712
v -0.124175 4.812607 -0.119754
v -0.136852 4.812356 -0.113698
v -0.143618 4.812970 -0.101252
v -0.141644 4.814219 -0.087067
v -0.131676 4.815565 -0.076946
v -0.118044 4.816485 -0.074662
v -0.105762 4.816728 -0.080529
v -0.098949 4.816211 -0.092580
v -0.132517 4.572997 -0.116255
v -0.124382 4.269138 -0.134420
v -0.109832 4.263129 -0.117943
v -0.119647 4.574393 -0.102051
v -0.150675 4.569165 -0.120126
v -0.145627 4.275700 -0.138635
v -0.167288 4.564853 -0.112499
v -0.165223 4.280974 -0.128837
v -0.176320 4.561630 -0.096144
v -0.175591 4.282922 -0.108813
v -0.173950 4.560301 -0.077120
v -0.173029 4.280141 -0.086341
v -0.161032 4.561125 -0.063047
v -0.158888 4.273441 -0.069743
v -0.142707 4.564052 -0.059141
v -0.137921 4.265205 -0.065007
v -0.125900 4.568414 -0.066859
v -0.117766 4.259781 -0.075087
v -0.117168 4.572507 -0.083186
v -0.107252 4.259541 -0.095563
v -2.465030 5.452729 1.837139
v -1.875113 5.213975 2.035462
v -2.167325 5.767513 1.330564
v -1.577407 5.528759 1.528886
v -2.426708 5.654855 1.546693
v -1.615729 5.326632 1.819334
v -2.225851 5.274371 2.031217
v -1.816587 5.707117 1.334809
v -2.004820 5.591053 1.754982
v -2.808637 5.200955 1.781868
v -1.811009 4.797192 2.117259
v -2.305175 5.733297 0.925181
v -1.307545 5.329533 1.260572
v -2.743828 5.542779 1.290683
v -1.372355 4.987710 1.751757
v -2.404154 4.899330 2.110078
v -1.712027 5.631159 0.932363
v -3.384031 5.284791 1.195193
v -2.844860 5.541907 1.628908
v -3.079167 5.624313 0.614933
v -2.539999 5.881431 1.048646
v -3.332619 5.406377 0.823799
v -2.591412 5.759845 1.420042
v -3.171568 5.349733 1.520772
v -2.752463 5.816487 0.723068
v -3.037045 5.695760 1.148414
v -3.507023 4.825368 1.186276
v -2.595217 5.260188 1.919748
v -2.991459 5.399545 0.204977
v -2.079654 5.834366 0.938449
v -3.420086 5.030985 0.558198
v -2.166593 5.628748 1.566527
v -3.147719 4.935196 1.736876
v -2.438960 5.724538 0.387849
v -2.770751 5.971778 1.025255
v -2.201071 6.020532 1.390682
v -2.402574 5.931069 0.456718
v -1.832892 5.979822 0.822144
v -2.693401 5.942289 0.672518
v -1.910244 6.009313 1.174882
v -2.554896 6.003782 1.314495
v -2.048748 5.947818 0.532905
v -2.305359 6.102022 0.912372
v -3.086898 5.685243 1.120910
v -2.123489 5.767690 1.738895
v -2.464258 5.616398 0.159434
v -1.500851 5.698847 0.777419
v -2.956087 5.635372 0.524381
v -1.631662 5.748717 1.373947
v -2.721856 5.739367 1.610051
v -1.865891 5.644723 0.288279
v -2.757935 5.792325 1.601812
v -2.568639 5.382490 2.103169
v -2.116881 5.984751 1.517068
v -1.927583 5.574916 2.018427
v -2.472876 5.965326 1.465501
v -2.212645 5.401914 2.154736
v -2.783399 5.551353 1.868369
v -1.902121 5.815887 1.751868
v -2.359858 5.777069 1.892964
v -3.006439 5.657375 1.271602
v -2.686309 4.964291 2.119467
v -1.922331 5.982795 1.128289
v -1.602199 5.289708 1.976154
v -2.524365 5.949946 1.041083
v -2.084272 4.997138 2.206672
v -3.049502 5.249861 1.722387
v -1.559140 5.697224 1.525368
v -3.044744 5.460053 0.464857
v -2.930243 5.692010 1.156237
v -2.354495 5.651397 0.286349
v -2.239998 5.883355 0.977729
v -2.721077 5.512265 0.246060
v -2.563667 5.831144 1.196525
v -3.116824 5.540180 0.843993
v -2.167917 5.803227 0.598592
v -2.686332 5.797662 0.686314
v -3.224009 5.030614 0.366257
v -3.030376 5.422885 1.535473
v -2.056710 5.354203 0.064376
v -1.863072 5.746471 1.233592
v -2.676640 5.118909 -0.003756
v -2.410441 5.658176 1.603606
v -3.345904 5.166120 1.007428
v -1.741173 5.610966 0.592421
v -2.281886 5.905723 0.862454
v -2.087518 5.857035 1.510757
v -1.649841 5.761399 0.662118
v -1.455470 5.712709 1.310423
v -2.002283 5.842684 0.640815
v -1.735075 5.775749 1.532060
v -2.303128 5.908421 1.224142
v -1.434231 5.710012 0.948734
v -1.840233 5.932761 1.087187
v -2.631422 5.694691 0.705965
v -2.302717 5.612349 1.802336
v -1.562544 5.450615 0.367172
v -1.233839 5.368275 1.463540
v -2.158576 5.588081 0.331144
v -1.706691 5.474884 1.838361
v -2.667344 5.699251 1.317629
v -1.197921 5.363714 0.851876
v -2.721464 5.579948 0.822635
v -2.243133 5.754426 1.093814
v -2.413550 5.446634 0.314674
v -1.935217 5.621112 0.585852
v -2.657136 5.480600 0.517843
v -1.999551 5.720460 0.890643
v -2.539989 5.692165 1.053401
v -2.116689 5.508893 0.355087
v -2.351272 5.718664 0.683166
v -2.941622 5.300151 0.951841
v -2.132696 5.595219 1.410442
v -2.420897 5.074699 0.092810
v -1.611971 5.369765 0.551410
v -2.832826 5.132140 0.436397
v -1.720765 5.537777 1.066854
v -2.634725 5.489928 1.342096
v -1.918868 5.179990 0.161155
v -2.232313 6.017320 0.830696
v -2.249698 5.910874 1.500633
v -1.564233 5.898536 0.829157
v -1.581614 5.792090 1.499095
v -1.895015 5.977872 0.704403
v -1.918912 5.831539 1.625388
v -2.366184 5.986353 1.165953
v -1.447744 5.823057 1.163838
v -1.885008 6.027932 1.185045
v -2.506533 5.818130 0.554423
v -2.535933 5.638118 1.687379
v -1.376713 5.617250 0.551823
v -1.406109 5.437238 1.684776
v -1.936114 5.751418 0.340844
v -1.976528 5.503949 1.898355
v -2.732922 5.765761 1.121388
v -1.179720 5.489606 1.117812
v -3.279564 5.164604 1.321184
v -2.856452 5.236972 1.706570
v -2.895598 5.225116 0.852658
v -2.472486 5.297485 1.238043
v -3.166860 5.181300 1.014711
v -2.585189 5.280787 1.544515
v -3.139948 5.189450 1.601664
v -2.612095 5.272637 0.957563
v -2.903615 5.348626 1.298019
v -3.496437 4.854353 1.308535
v -2.780899 4.976740 1.960277
v -2.847096 4.956687 0.516195
v -2.131558 5.079073 1.167934
v -3.305835 4.882590 0.790249
v -2.322156 5.050837 1.686221
v -3.260332 4.896373 1.782865
v -2.367663 5.037054 0.693606
v -3.545224 3.915829 -0.957120
v -3.109082 4.142952 -0.608582
v -3.297583 4.179844 -1.439043
v -2.861443 4.406968 -1.090506
v -3.503120 4.005282 -1.263387
v -2.903549 4.317516 -0.784239
v -3.373555 3.979923 -0.692555
v -3.033115 4.342874 -1.355072
v -3.265786 4.253307 -1.005554
v -3.641115 3.539492 -0.952073
v -2.903546 3.923588 -0.362647
v -3.222322 3.985976 -1.767071
v -2.484752 4.370073 -1.177645
v -3.569916 3.690767 -1.470011
v -2.555952 4.218797 -0.659707
v -3.350797 3.647883 -0.504656
v -2.775071 4.261681 -1.625063
v -3.050637 4.477760 -1.112838
v -2.587307 4.533279 -0.814158
v -2.747628 4.432468 -1.574465
v -2.284297 4.487987 -1.275785
v -2.985945 4.444712 -1.399614
v -2.348991 4.521036 -0.989009
v -2.875746 4.514006 -0.877004
v -2.459189 4.451742 -1.511619
v -2.671549 4.585518 -1.207061
v -3.306287 4.243472 -1.027867
v -2.522731 4.337361 -0.522759
v -2.793856 4.166878 -1.808542
v -2.010302 4.260768 -1.303434
v -3.196883 4.187583 -1.512846
v -2.119706 4.316657 -0.818456
v -3.010522 4.304769 -0.629040
v -2.306065 4.199472 -1.702260
v -3.040467 4.347396 -0.637346
v -2.883693 4.028716 -0.216272
v -2.518671 4.508409 -0.709763
v -2.361895 4.189729 -0.288687
v -2.808943 4.487612 -0.752451
v -2.593422 4.049512 -0.173584
v -3.059847 4.157887 -0.413240
v -2.342516 4.379237 -0.512795
v -2.716349 4.346934 -0.398056
v -3.240861 4.225695 -0.903868
v -2.975731 3.686764 -0.191774
v -2.358434 4.497990 -1.026335
v -2.093303 3.959058 -0.314240
v -2.849323 4.462821 -1.098525
v -2.484841 3.721933 -0.119584
v -3.273635 3.905211 -0.524875
v -2.060532 4.279543 -0.693234
v 1.115940 4.334903 1.666111
v 1.629929 4.379057 1.965327
v 1.394160 4.497294 1.164231
v 1.908148 4.541450 1.463444
v 1.158747 4.407825 1.359107
v 1.865339 4.468529 1.770450
v 1.320805 4.326554 1.909755
v 1.703281 4.549799 1.219802
v 1.489879 4.545071 1.587079
v 0.892010 4.023221 1.686013
v 1.761231 4.097893 2.192028
v 1.362515 4.297845 0.837265
v 2.231736 4.372519 1.343279
v 0.964397 4.146543 1.166828
v 2.159348 4.249197 1.862463
v 1.238463 4.009101 2.098049
v 1.885281 4.386639 0.931243
v 1.758500 4.675661 1.457855
v 2.230523 4.552969 1.708194
v 1.977055 4.532903 0.975795
v 2.449079 4.410210 1.226134
v 1.779336 4.627270 1.169920
v 2.428242 4.458601 1.514070
v 1.953561 4.641063 1.673348
v 2.254017 4.444808 1.010642
v 2.136126 4.639132 1.328168
v 1.447160 4.551137 1.569014
v 2.245417 4.343647 1.992371
v 1.816767 4.309714 0.753784
v 2.615024 4.102224 1.177141
v 1.482398 4.469302 1.082075
v 2.579786 4.184060 1.664079
v 1.777037 4.492628 1.933440
v 2.285148 4.160734 0.812716
v 1.764315 4.542882 1.927351
v 1.831050 4.184645 2.332676
v 2.293979 4.503182 1.805055
v 2.360717 4.144945 2.210381
v 2.016642 4.590154 1.790258
v 2.108386 4.097674 2.347473
v 1.698441 4.371202 2.152928
v 2.426588 4.316626 1.984803
v 2.083049 4.420302 2.132999
v 1.512056 4.508668 1.685368
v 1.624918 3.902841 2.370828
v 2.407790 4.441532 1.478550
v 2.520652 3.835702 2.164009
v 1.938778 4.588612 1.453526
v 2.093932 3.755759 2.395851
v 1.400655 4.218335 2.066849
v 2.632052 4.126038 1.782528
v 1.360985 4.361718 1.047602
v 1.569731 4.511662 1.585750
v 1.919633 4.306035 0.846420
v 2.128376 4.455982 1.384568
v 1.601194 4.305784 0.846178
v 1.888165 4.511917 1.585991
v 1.360686 4.447124 1.354371
v 2.128676 4.370575 1.077799
v 1.744619 4.516190 1.186200
v 1.095939 4.087835 0.998337
v 1.448955 4.341413 1.908419
v 2.040685 3.993671 0.658112
v 2.393705 4.247246 1.568193
v 1.502169 3.993241 0.657705
v 1.987475 4.341841 1.908826
v 1.095435 4.232267 1.517126
v 2.394212 4.102813 1.049405
v 2.160228 4.553296 1.260562
v 2.171776 4.485352 1.804418
v 2.628456 4.271775 1.215448
v 2.640006 4.203830 1.759304
v 2.392179 4.425266 1.136105
v 2.408055 4.331860 1.883761
v 2.078271 4.572073 1.540943
v 2.721962 4.185053 1.478924
v 2.453342 4.465528 1.519668
v 1.874780 4.478559 1.066329
v 1.894307 4.363656 1.986064
v 2.666618 4.002467 0.990037
v 2.686148 3.887563 1.909770
v 2.267040 4.262041 0.855855
v 2.293889 4.104080 2.120244
v 1.736180 4.510310 1.540491
v 2.824749 3.855811 1.435609
v 2.669178 5.722707 -0.192960
v 2.079830 5.766861 -0.113057
v 2.758199 5.885098 0.373931
v 2.168854 5.929254 0.453835
v 2.824111 5.795629 0.075516
v 2.013920 5.856333 0.185357
v 2.357824 5.714357 -0.259226
v 2.480207 5.937603 0.520099
v 2.422791 5.932875 0.099223
v 2.833581 5.411024 -0.346298
v 1.836918 5.485697 -0.211174
v 2.984131 5.685649 0.612391
v 1.987467 5.760323 0.747515
v 3.095598 5.534346 0.107728
v 1.725450 5.637001 0.293489
v 2.307040 5.396905 -0.458363
v 2.514008 5.774443 0.859580
v 2.290331 6.063465 0.366262
v 1.764128 5.940772 0.458924
v 2.414233 5.920707 0.880846
v 1.888031 5.798013 0.973509
v 2.450875 6.015074 0.606192
v 1.727487 5.846405 0.733578
v 2.004014 6.028867 0.316176
v 2.174347 5.832612 1.023593
v 2.072172 6.026935 0.700668
v 2.467592 5.938941 0.087215
v 1.577711 5.731450 0.243920
v 2.677127 5.697518 0.957447
v 1.787246 5.490028 1.114153
v 2.739094 5.857106 0.492971
v 1.515746 5.571863 0.708397
v 1.983391 5.880432 0.002516
v 2.271446 5.548537 1.198852
v 1.997168 5.930686 -0.000501
v 1.695395 5.572449 -0.279203
v 1.654538 5.890986 0.421524
v 1.352762 5.532748 0.142823
v 1.882397 5.977958 0.262730
v 1.467538 5.485477 -0.120410
v 1.910479 5.759006 -0.218926
v 1.439455 5.704429 0.361247
v 1.619351 5.808106 0.033193
v 2.344885 5.896472 0.035323
v 1.834541 5.290644 -0.435996
v 1.765451 5.829335 0.749025
v 1.255109 5.223506 0.277706
v 2.150789 5.976416 0.480485
v 1.449203 5.143563 -0.167455
v 2.198281 5.606138 -0.334062
v 1.401714 5.513842 0.647090
v 2.856053 5.749521 0.445537
v 2.360621 5.899466 0.149352
v 2.539048 5.693839 0.947603
v 2.043619 5.843786 0.651415
v 2.790381 5.693587 0.752064
v 2.109292 5.899721 0.344888
v 2.667733 5.834927 0.203374
v 2.231938 5.758379 0.893580
v 2.468253 5.903994 0.572011
v 3.095401 5.475639 0.321486
v 2.257561 5.729218 -0.179405
v 2.559306 5.381474 1.170545
v 1.721463 5.635050 0.669657
v 2.984337 5.381044 0.839866
v 1.832526 5.729645 0.151276
v 2.776926 5.620071 -0.088044
v 2.039935 5.490617 1.079189
v 2.094714 5.941099 0.768810
v 1.751325 5.873155 0.346914
v 1.753106 5.659579 1.092192
v 1.409714 5.591633 0.670297
v 1.988250 5.813069 1.009550
v 1.516179 5.719664 0.429557
v 1.987026 5.959876 0.497270
v 1.517403 5.572857 0.941836
v 1.704247 5.853331 0.744590
v 2.439261 5.866362 0.746569
v 1.858543 5.751459 0.033085
v 1.861553 5.390270 1.293452
v 1.280833 5.275366 0.579972
v 2.259215 5.649845 1.153694
v 1.460879 5.491883 0.172847
v 2.257144 5.898113 0.287360
v 1.462949 5.243615 1.039181
v -1.482816 5.147443 0.618552
v -1.378014 4.520722 1.839821
v -0.136835 5.434798 0.650510
v -0.032035 4.808078 1.871780
v -0.829465 5.408546 0.405705
v -0.685386 4.546973 2.084627
v -1.682609 4.780241 1.223198
v 0.167758 5.175279 1.267133
v -0.807769 5.200392 1.363734
v -1.870977 4.764227 -0.081073
v -1.693746 3.704358 1.984259
v 0.405256 5.250184 -0.027026
v 0.582490 4.190315 2.038306
v -0.766069 5.205790 -0.441025
v -0.522418 3.748752 2.398258
v -2.208857 4.143240 0.941466
v 0.920364 4.811302 1.015766
v -1.296573 5.567201 -1.778826
v -1.343604 5.968469 -0.308771
v 0.214456 5.769776 -1.785780
v 0.167428 6.171045 -0.315726
v -0.532247 5.593304 -2.057743
v -0.596904 6.144941 -0.036809
v -1.603203 5.729880 -1.042495
v 0.474058 6.008367 -1.052057
v -0.601410 6.141301 -1.122749
v -1.719672 4.746659 -2.114758
v -1.799206 5.425259 0.371303
v 0.835682 5.089242 -2.126520
v 0.756146 5.767841 0.359541
v -0.427092 4.790803 -2.586446
v -0.536429 5.723697 0.831228
v -2.238232 5.021770 -0.869524
v 1.274702 5.492730 -0.885693
v -0.060389 6.190208 -0.112209
v -0.162864 5.922507 1.259588
v 1.261209 5.724058 -0.104454
v 1.158740 5.456356 1.267342
v 0.619610 6.007292 -0.365361
v 0.478737 5.639273 1.520494
v -0.359254 6.143699 0.572237
v 1.457599 5.502865 0.582897
v 0.634146 6.065088 0.631102
v -0.672715 5.900209 -0.709288
v -0.846009 5.447490 1.610606
v 1.562293 5.111885 -0.696173
v 1.388999 4.659165 1.623720
v 0.477262 5.590873 -1.137403
v 0.239027 4.968503 2.051834
v -1.178127 5.821556 0.448202
v 1.894416 4.737819 0.466230
v -1.088979 6.306205 -0.103293
v -2.098975 5.792737 0.707680
v -0.198040 6.242759 0.966120
v -1.208042 5.729291 1.777092
v -0.454268 6.370689 0.279464
v -1.842749 5.664807 1.394335
v -1.760903 6.061359 0.101821
v -0.536112 5.974138 1.571979
v -1.215240 6.259462 0.906834
v -0.897811 5.962181 -0.910308
v -2.605859 5.093836 0.461155
v 0.608874 5.854885 0.898213
v -1.099178 4.986541 2.269676
v 0.175561 6.071231 -0.263015
v -2.172549 4.877489 1.622383
v -2.034140 5.548111 -0.563434
v 0.037149 5.400609 1.922802
v 0.391814 5.281950 -1.832149
v -0.715443 5.564128 -0.822861
v 1.435292 5.442740 -0.732339
v 0.328041 5.724917 0.276949
v 1.121016 5.309474 -1.471351
v -0.401161 5.697394 -0.083849
v -0.357329 5.392911 -1.533573
v 1.077181 5.613956 -0.021627
v 0.378072 5.781736 -0.835502
v 0.373057 4.503234 -2.430815
v -1.499456 4.980436 -0.723974
v 2.137727 4.775152 -0.570889
v 0.265214 5.252353 1.135953
v 1.606239 4.549781 -1.820659
v -0.967971 5.205806 0.525795
v -0.893843 4.690886 -1.925885
v 1.532111 5.064701 0.631021
v -1.280452 4.513983 -2.064026
v -2.344342 4.516788 -1.292077
v -0.688743 5.361119 -1.251616
v -1.752630 5.363926 -0.479667
v -0.785259 4.937025 -1.802459
v -2.247823 4.940883 -0.741234
v -1.923262 4.356660 -1.830270
v -1.109822 5.521248 -0.713422
v -1.609168 5.126731 -1.400187
v -0.909051 3.798134 -2.323011
v -2.708232 3.802880 -1.017541
v 0.091612 5.230758 -0.949117
v -1.707563 5.235504 0.356354
v -0.071611 4.513556 -1.880667
v -2.545009 4.520080 -0.085991
v -1.996135 3.532080 -1.927699
v -0.620487 5.501556 -0.038959
v 0.634800 5.555495 -0.029297
v -0.317013 5.656519 0.994345
v 1.521428 4.929018 0.856939
v 0.569615 5.030044 1.880581
v 1.256448 5.223329 0.222024
v -0.052036 5.362210 1.629260
v -0.007228 5.723388 0.316473
v 1.211643 4.862150 1.534811
v 0.699634 5.526223 0.993196
v 0.438296 5.212255 -0.841153
v -1.171343 5.383101 0.889963
v 1.937698 4.152800 0.657591
v 0.328059 4.323647 2.388707
v 1.489591 4.650517 -0.416136
v -0.723236 4.885385 1.963689
v -0.647463 5.496186 -0.256411
v 1.413818 4.039716 1.803964
v -1.134910 4.534572 -1.491770
v -1.119046 4.951635 -0.252875
v 0.139672 4.700261 -1.566953
v 0.155530 5.117323 -0.328060
v -0.500589 4.539272 -1.761490
v -0.478788 5.112623 -0.058340
v -1.365793 4.712059 -0.858236
v 0.386413 4.939837 -0.961594
v -0.531324 5.101538 -0.973783
v -1.487239 3.713647 -1.750330
v -1.460420 4.418958 0.344807
v 0.668240 3.993850 -1.877476
v 0.695059 4.699159 0.217661
v -0.414526 3.721597 -2.206463
v -0.377654 4.691211 0.673794
v -1.877698 4.013803 -0.678938
v 1.085518 4.399005 -0.853731
v 0.082940 5.071105 -0.892117
v 0.188340 5.338736 0.264048
v 1.185245 4.466461 -0.903269
v 1.290642 4.734091 0.252896
v 0.614344 4.718637 -1.114320
v 0.759238 5.086559 0.475098
v -0.070892 5.318211 -0.311945
v 1.444474 4.486985 -0.327276
v 0.767953 5.136809 -0.366733
v -0.516862 4.661045 -1.181863
v -0.338616 5.113646 0.773368
v 1.347281 3.638509 -1.200723
v 1.525521 4.091109 0.754507
v 0.381810 4.064975 -1.557639
v 0.626846 4.687179 1.130283
v -0.777020 5.078935 -0.200714
v 1.785682 3.673219 -0.226641
v -0.964504 5.285991 -0.049833
v -1.707044 4.653732 0.667007
v -0.138316 5.223416 0.792017
v -0.880865 4.591157 1.508858
v -0.412281 5.373169 0.236780
v -1.433077 4.503981 1.222245
v -1.490572 4.981586 0.150852
v -0.354794 4.895562 1.308172
v -0.998508 5.173565 0.804663
v -0.822954 4.997830 -0.757410
v -2.078694 3.928595 0.454864
v 0.574230 4.892006 0.666273
v -0.681505 3.822771 1.878547
v 0.110925 5.145257 -0.272709
v -1.615381 3.675344 1.393846
v -1.712607 4.483041 -0.418024
v 0.208148 4.337561 1.539161
v 0.300451 4.202182 -1.610644
v -0.599526 4.523064 -0.711793
v 1.229754 4.345378 -0.731293
v 0.329776 4.666261 0.167558
v 0.933725 4.213656 -1.339384
v -0.303503 4.654786 -0.103703
v -0.323664 4.335793 -1.325980
v 0.953885 4.532650 -0.117106
v 0.320690 4.714703 -0.773110
v 0.277786 3.411271 -2.109208
v -1.244206 3.953926 -0.589129
v 1.849366 3.653435 -0.622106
v 0.327377 4.196090 0.897972
v 1.348742 3.430677 -1.650471
v -0.743587 4.176684 0.439234
v -0.777673 3.637224 -1.627803
v 1.382828 3.970136 0.416567
v 0.578295 4.738428 0.030456
v -0.219046 4.813719 0.912518
v 1.454940 4.264409 0.796999
v 0.657604 4.339701 1.679061
v 1.166015 4.487312 0.248458
v 0.069887 4.590817 1.461059
v 0.015373 4.864889 0.327863
v 1.220526 4.213239 1.381655
v 0.660353 4.785124 0.891081
v 0.455568 4.323058 -0.620903
v -0.892843 4.450385 0.870783
v 1.938087 3.521428 0.675423
v 0.589685 3.648755 2.167110
v 1.449480 3.898386 -0.252234
v -0.404224 4.073427 1.798439
v -0.496412 4.536921 -0.117949
v 1.541662 3.434892 1.664155
v 0.802217 5.742916 0.039600
v -0.428995 5.824358 0.704033
v 1.396844 5.237080 1.203450
v 0.165625 5.318522 1.867883
v 1.330219 5.474738 0.497032
v -0.362368 5.586700 1.410452
v 0.075203 5.878414 0.153750
v 0.892642 5.183023 1.753734
v 0.541370 5.774427 1.030314
v 0.893072 5.341701 -0.764335
v -1.189079 5.479432 0.359311
v 1.898653 4.486264 1.203892
v -0.183492 4.623995 2.327538
v 1.785989 4.888176 0.009243
v -1.076414 5.077519 1.553959
v -0.336415 5.570848 -0.571294
v 1.045989 4.394848 2.134496
v 1.663581 4.100124 1.368263
v 1.823312 3.879937 1.935822
v 2.269782 4.211559 1.240888
v 2.429515 3.991372 1.808448
v 1.936752 4.197097 1.198234
v 2.156339 3.894398 1.978477
v 1.629864 3.969151 1.675910
v 2.463228 4.122344 1.500802
v 2.036098 4.153921 1.633263
v 1.422388 3.894523 1.115196
v 1.692519 3.522156 2.075015
v 2.447555 4.082976 0.899787
v 2.717687 3.710608 1.859607
v 1.884360 4.058519 0.827653
v 2.255717 3.546613 2.147150
v 1.365369 3.673030 1.635466
v 2.774703 3.932101 1.339336
v 1.758081 4.172417 2.072155
v 2.354716 4.333633 1.953176
v 1.625188 4.211108 1.458182
v 2.221824 4.372325 1.339199
v 1.579845 4.161555 1.787463
v 2.400059 4.383186 1.623897
v 2.081299 4.245776 2.127704
v 1.898606 4.298965 1.283654
v 1.961935 4.385808 1.718891
v 1.660811 3.848322 2.295739
v 2.669802 4.120962 2.094524
v 1.436071 3.913754 1.257427
v 2.445063 4.186392 1.056211
v 1.359389 3.829954 1.814282
v 2.746484 4.204761 1.537667
v 2.207415 3.972382 2.389679
v 1.898458 4.062333 0.962274
v 2.555213 5.453549 0.828409
v 2.718043 5.538713 0.261050
v 1.999634 5.624068 0.694554
v 2.162467 5.709232 0.127198
v 2.246917 5.522853 0.867788
v 2.470764 5.639930 0.087819
v 2.740725 5.464182 0.569809
v 1.976953 5.698600 0.385796
v 2.385576 5.686970 0.501324
v 2.630828 5.127846 1.017848
v 2.906197 5.271869 0.058370
v 1.691271 5.416217 0.791484
v 1.966635 5.560239 -0.167996
v 2.109454 5.245046 1.084441
v 2.488010 5.443039 -0.234589
v 2.944553 5.145826 0.580520
v 1.652908 5.542258 0.269330
v 2.337119 5.423451 0.091050
v 1.750058 5.468652 0.185806
v 2.427807 5.370624 0.678117
v 1.840747 5.415827 0.772869
v 2.492460 5.388570 0.366827
v 1.685406 5.450709 0.497091
v 2.026597 5.455949 0.028431
v 2.151269 5.383327 0.835490
v 2.098815 5.530302 0.440393
v 2.486436 5.177309 -0.163521
v 1.493637 5.253751 -0.003279
v 2.639802 5.087973 0.829286
v 1.647004 5.164412 0.989531
v 2.749137 5.118318 0.302859
v 1.384302 5.223404 0.523152
v 1.961300 5.232267 -0.269417
v 2.172138 5.109452 1.095431
v -2.897938 3.965542 -1.210345
v -2.915464 4.023565 -0.662837
v -2.402197 4.205524 -1.219908
v -2.419723 4.263548 -0.672399
v -2.646783 4.074661 -1.317712
v -2.670879 4.154428 -0.565034
v -2.999586 3.949589 -0.934799
v -2.318076 4.279500 -0.947947
v -2.703583 4.206546 -0.952555
v -2.962586 3.655734 -1.371102
v -2.992223 3.753860 -0.445190
v -2.124223 4.061577 -1.387275
v -2.153860 4.159702 -0.461363
v -2.537851 3.840270 -1.552674
v -2.578594 3.975167 -0.279792
v -3.134487 3.628756 -0.905117
v -1.981961 4.186681 -0.927350
v -0.986169 6.167090 -0.200237
v -1.996165 5.653623 0.610736
v -0.095230 6.103645 0.869176
v -1.105232 5.590177 1.680148
v -0.351458 6.231575 0.182520
v -1.739940 5.525693 1.297391
v -1.658093 5.922245 0.004877
v -0.433302 5.835023 1.475035
v -1.112430 6.120348 0.809890
v -0.795001 5.823067 -1.007252
v -2.503050 4.954722 0.364211
v 0.711683 5.715770 0.801269
v -0.996368 4.847426 2.172732
v 0.278371 5.932117 -0.359959
v -2.069740 4.738375 1.525439
v -1.931331 5.408997 -0.660378
v 0.139958 5.261494 1.825858
vt 0.541130 0.051657
vt 0.615115 0.072980
vt 0.540223 0.712599
vt 0.488589 0.716783
vt 0.493108 1.462134
vt 0.528276 1.474280
vt 0.476260 1.663072
vt 0.449980 1.654020
vt 0.031128 0.087674
vt 0.102855 0.069778
vt 0.167572 0.642331
vt 0.116412 0.657901
vt 0.244482 0.032218
vt 0.317572 0.022054
vt 0.328609 0.697053
vt 0.274168 0.667907
vt 0.467286 0.033063
vt 0.436749 0.718842
vt 0.690692 0.092091
vt 0.766615 0.105730
vt 0.647774 0.697262
vt 0.593296 0.704849
vt 0.173190 0.049654
vt 0.220511 0.643989
vt 0.392350 0.022054
vt 0.383359 0.715688
vt 0.285685 1.223904
vt 0.245777 1.229654
vt 0.246714 1.454665
vt 0.280800 1.454467
vt 0.282251 1.641528
vt 0.254151 1.642402
vt 0.349140 1.450825
vt 0.384252 1.446114
vt 0.368609 1.627802
vt 0.339224 1.633100
vt 0.456707 1.453674
vt 0.424021 1.642221
vt 0.314917 1.453037
vt 0.310537 1.638486
vt 0.420243 1.446199
vt 0.397133 1.630654
vt 0.176009 1.452669
vt 0.212147 1.453794
vt 0.226331 1.643398
vt 0.198573 1.644778
vt 0.357534 2.115611
vt 0.373363 2.120768
vt 0.359912 2.174130
vt 0.346664 2.170681
vt 0.448744 1.225320
vt 0.406756 1.216342
vt 0.573523 1.272924
vt 0.531449 1.261585
vt 0.365262 1.216958
vt 0.489710 1.244959
vt 0.204490 1.236419
vt 0.325078 1.219213
vt 0.161864 1.241744
vt 0.293944 2.111339
vt 0.310135 2.110231
vt 0.306352 2.165922
vt 0.292367 2.165501
vt 0.296442 2.013039
vt 0.276850 2.015894
vt 0.341987 2.111425
vt 0.333406 2.168171
vt 0.226783 2.117266
vt 0.243940 2.115462
vt 0.252046 2.167975
vt 0.238975 2.170019
vt 0.260763 2.114019
vt 0.265138 2.166584
vt 0.326090 2.110031
vt 0.320030 2.166651
vt 0.389792 2.126361
vt 0.372760 2.178422
vt 0.277400 2.112708
vt 0.278532 2.165749
vt 1.800376 1.283756
vt 1.789184 1.287273
vt 1.778178 1.283474
vt 1.771675 1.274228
vt 1.771675 1.263120
vt 1.778178 1.253874
vt 1.789184 1.250076
vt 1.800376 1.253592
vt 1.807193 1.262942
vt 1.807193 1.274407
vt 0.335203 2.009155
vt 0.315776 2.010347
vt 0.391825 2.022086
vt 0.373334 2.015828
vt 0.256945 2.017818
vt 0.236864 2.018639
vt 0.354546 2.011159
vt 0.216704 2.018309
vt 0.410727 2.028694
vt 1.271284 1.394994
vt 1.283968 1.396099
vt 1.280523 1.533638
vt 1.270534 1.533390
vt 1.233451 1.400318
vt 1.245835 1.397734
vt 1.250381 1.534310
vt 1.239816 1.533809
vt 1.228945 1.532557
vt 1.243348 1.630353
vt 1.236102 1.629438
vt 1.296506 1.397828
vt 1.290450 1.534788
vt 1.258425 1.395454
vt 1.260518 1.534062
vt 1.201149 0.873293
vt 1.222201 0.868236
vt 1.214762 1.031090
vt 1.194654 1.032869
vt 1.309063 1.400015
vt 1.300549 1.535220
vt 1.158529 0.881564
vt 1.179964 0.877960
vt 1.174664 1.034807
vt 1.154901 1.037609
vt 1.243582 0.864784
vt 1.234859 1.030181
vt 1.265197 0.862738
vt 1.255076 1.028627
vt 1.286386 0.864858
vt 1.275038 1.029197
vt 1.307001 0.868458
vt 1.294973 1.031808
vt 1.327679 0.871245
vt 1.314654 1.033201
vt 1.348512 0.874590
vt 1.334371 1.033684
vt 1.137088 0.882989
vt 1.135304 1.040584
vt 1.204303 0.474295
vt 1.231358 0.483832
vt 1.150170 1.169883
vt 1.168046 1.168116
vt 1.196258 1.403994
vt 1.183924 1.404330
vt 1.221058 1.402418
vt 1.274986 1.151388
vt 1.293352 1.156005
vt 1.256583 1.151381
vt 1.311259 1.160662
vt 1.329053 1.163769
vt 1.220985 1.161303
vt 1.238506 1.156406
vt 1.185826 1.166321
vt 1.203517 1.164514
vt 1.208663 1.403554
vt 1.218321 1.532158
vt 1.208118 1.532610
vt 1.229035 1.628273
vt 1.287740 1.628176
vt 1.280232 1.627512
vt 1.264974 1.628899
vt 1.257783 1.629934
vt 1.221825 1.627604
vt 1.198115 1.534150
vt 1.214344 1.627994
vt 1.272437 1.627902
vt 1.250599 1.630560
vt 1.258022 0.490307
vt 1.363883 0.491999
vt 1.391121 0.486958
vt 1.336828 0.495151
vt 1.149781 0.466700
vt 1.176790 0.465559
vt 1.284202 0.493083
vt 1.310314 0.494753
vt 1.123371 0.475345
vt 1.214263 0.022054
vt 1.250371 0.032324
vt 1.354927 0.077880
vt 1.392639 0.079965
vt 1.108025 0.050120
vt 1.140881 0.032543
vt 1.176965 0.022054
vt 1.429812 0.072862
vt 1.284445 0.049162
vt 1.318544 0.066336
vt 1.076055 0.069063
vt 0.270946 -0.256391
vt 0.396569 -0.262012
vt 0.400139 -0.244558
vt 0.270519 -0.236722
vt 0.262691 -0.391178
vt 0.401789 -0.385996
vt 0.401064 -0.368356
vt 0.258799 -0.372106
vt 0.256932 -0.333471
vt 0.393622 -0.333471
vt 0.388103 -0.315775
vt 0.258306 -0.313886
vt 0.268477 -0.275813
vt 0.391771 -0.279521
vt 0.256609 -0.352837
vt 0.398457 -0.350876
vt 0.262710 -0.294760
vt 0.387283 -0.297572
vt 0.272329 -0.429279
vt 0.402812 -0.421484
vt 0.402254 -0.403541
vt 0.267767 -0.410103
vt 0.789462 -0.296664
vt 0.915715 -0.300803
vt 0.917013 -0.293110
vt 0.790838 -0.286380
vt 0.790470 -0.336040
vt 0.912052 -0.331972
vt 0.911845 -0.323730
vt 0.789334 -0.326205
vt 0.629750 -0.353764
vt 0.627214 -0.341612
vt 0.788530 -0.306579
vt 0.914076 -0.308295
vt 0.793655 -0.376292
vt 0.918984 -0.363104
vt 0.917289 -0.355241
vt 0.792975 -0.365741
vt 0.915253 -0.347776
vt 0.792273 -0.355748
vt 0.788538 -0.316382
vt 0.912630 -0.315829
vt 0.917566 -0.284986
vt 0.792082 -0.275638
vt 0.913320 -0.340078
vt 0.791494 -0.345918
vt 0.625479 -0.329276
vt 0.625052 -0.316759
vt 0.630351 -0.292170
vt 0.633457 -0.280044
vt 0.635357 -0.377700
vt 0.632606 -0.365703
vt 0.626899 -0.304259
vt 0.637271 -0.389942
vt 0.635295 -0.267653
vt 1.792448 0.972410
vt 1.800056 1.058647
vt 1.795178 1.058409
vt 1.786052 0.972462
vt 1.817861 0.976322
vt 1.818793 1.058928
vt 1.814023 1.059329
vt 1.811335 0.975889
vt 1.798756 0.973217
vt 1.804763 1.059038
vt 1.843215 0.971487
vt 1.837833 1.057225
vt 1.833004 1.057098
vt 1.836887 0.972427
vt 1.828273 1.057502
vt 1.830702 0.973987
vt 1.805021 0.974602
vt 1.809362 1.059329
vt 1.790315 1.058605
vt 1.779684 0.973449
vt 1.823564 1.058218
vt 1.824408 0.975555
vt 1.783535 1.459480
vt 1.786352 1.463344
vt 1.786352 1.468082
vt 1.783535 1.471945
vt 1.778911 1.473399
vt 1.774363 1.471829
vt 1.771675 1.468008
vt 1.771675 1.463418
vt 1.774363 1.459597
vt 1.778911 1.458028
vt 1.823467 0.872852
vt 1.816139 0.871118
vt 1.830622 0.875059
vt 1.837832 0.877125
vt 1.845342 0.878264
vt 1.779296 0.879248
vt 1.771675 0.880498
vt 1.786553 0.876632
vt 1.793597 0.873418
vt 1.800962 0.871053
vt 1.808615 0.870396
vt 0.045247 -0.236722
vt 0.046386 -0.256384
vt 0.035502 -0.375033
vt 0.038620 -0.394489
vt 0.033903 -0.355306
vt 0.042897 -0.413661
vt 0.046814 -0.432865
vt 0.044802 -0.276057
vt 0.039767 -0.295581
vt 0.034512 -0.335471
vt 0.035784 -0.315299
vt 1.791769 1.347658
vt 1.796273 1.354061
vt 1.796273 1.361754
vt 1.791769 1.368157
vt 1.784147 1.370787
vt 1.776396 1.368352
vt 1.771675 1.361877
vt 1.771676 1.353937
vt 1.776397 1.347462
vt 1.784148 1.345027
vt 1.790983 1.399990
vt 1.795569 1.406279
vt 1.795569 1.413992
vt 1.790982 1.420282
vt 1.783454 1.422647
vt 1.776050 1.420092
vt 1.771675 1.413872
vt 1.771675 1.406399
vt 1.776050 1.400179
vt 1.783454 1.397624
vt 1.597270 1.365356
vt 1.611508 1.367626
vt 1.597012 1.525069
vt 1.585472 1.523998
vt 1.554098 1.368319
vt 1.568306 1.366475
vt 1.562074 1.523443
vt 1.549886 1.521989
vt 1.537410 1.519605
vt 1.545793 1.635306
vt 1.537367 1.633574
vt 1.625534 1.370562
vt 1.608415 1.527162
vt 1.582707 1.364959
vt 1.573827 1.523975
vt 1.568583 0.801988
vt 1.589247 0.800130
vt 1.567460 0.961553
vt 1.545944 0.961369
vt 1.639546 1.373991
vt 1.620074 1.528436
vt 1.526503 0.800581
vt 1.547718 0.801888
vt 1.524608 0.961229
vt 1.503509 0.961913
vt 1.610250 0.798432
vt 1.588904 0.962459
vt 1.631496 0.796289
vt 1.610488 0.962543
vt 1.652517 0.797436
vt 1.631564 0.964627
vt 1.673265 0.801305
vt 1.652229 0.968701
vt 1.693802 0.805439
vt 1.672639 0.971337
vt 1.714567 0.809687
vt 1.693371 0.972925
vt 1.505119 0.798443
vt 1.482337 0.962688
vt 1.562384 0.445798
vt 1.587893 0.447486
vt 1.483655 1.104262
vt 1.503440 1.104210
vt 1.511747 1.369226
vt 1.497788 1.368393
vt 1.539908 1.369580
vt 1.621920 1.095536
vt 1.641583 1.101986
vt 1.601787 1.094173
vt 1.660790 1.108389
vt 1.680036 1.113038
vt 1.562038 1.101884
vt 1.581618 1.098109
vt 1.523130 1.104007
vt 1.542649 1.103756
vt 1.525796 1.369717
vt 1.525145 1.518182
vt 1.513287 1.517762
vt 1.529179 1.631566
vt 1.598005 1.636207
vt 1.589272 1.634859
vt 1.571296 1.635334
vt 1.562779 1.636009
vt 1.520789 1.630124
vt 1.501554 1.518602
vt 1.511995 1.629897
vt 1.580117 1.634728
vt 1.554292 1.636207
vt 1.612269 0.452375
vt 1.708780 0.466279
vt 1.735465 0.462505
vt 1.683155 0.465757
vt 1.511336 0.447384
vt 1.536260 0.442651
vt 1.635768 0.457359
vt 1.658995 0.462861
vt 1.486924 0.457010
vt 1.561500 0.022054
vt 1.596748 0.030680
vt 1.699467 0.072648
vt 1.734995 0.074615
vt 1.460106 0.052033
vt 1.490841 0.034429
vt 1.525435 0.023203
vt 1.770768 0.067652
vt 1.630440 0.045848
vt 1.664084 0.061728
vt 1.430719 0.070650
vt 0.681941 -0.216146
vt 0.556316 -0.210525
vt 0.552747 -0.227979
vt 0.682368 -0.235815
vt 0.690196 -0.081360
vt 0.551097 -0.086541
vt 0.551823 -0.104181
vt 0.694088 -0.100432
vt 0.695955 -0.139066
vt 0.559265 -0.139065
vt 0.564784 -0.156762
vt 0.694581 -0.158651
vt 0.684409 -0.196725
vt 0.561115 -0.193016
vt 0.696278 -0.119700
vt 0.554429 -0.121660
vt 0.690176 -0.177777
vt 0.565603 -0.174965
vt 0.680559 -0.043257
vt 0.550074 -0.051053
vt 0.550632 -0.068995
vt 0.685120 -0.062434
vt 0.163424 -0.175871
vt 0.037173 -0.171732
vt 0.035874 -0.179425
vt 0.162048 -0.186155
vt 0.162416 -0.136496
vt 0.040836 -0.140564
vt 0.041043 -0.148805
vt 0.163552 -0.146331
vt 0.323134 -0.118773
vt 0.325669 -0.130925
vt 0.164356 -0.165956
vt 0.038812 -0.164241
vt 0.159231 -0.096245
vt 0.033903 -0.109432
vt 0.035599 -0.117296
vt 0.159911 -0.106795
vt 0.037634 -0.124760
vt 0.160613 -0.116789
vt 0.164348 -0.156154
vt 0.040257 -0.156706
vt 0.035322 -0.187549
vt 0.160805 -0.196897
vt 0.039568 -0.132458
vt 0.161392 -0.126618
vt 0.327404 -0.143260
vt 0.327831 -0.155776
vt 0.322532 -0.180366
vt 0.319426 -0.192492
vt 0.317527 -0.094837
vt 0.320278 -0.106834
vt 0.325984 -0.168276
vt 0.315612 -0.082595
vt 0.317589 -0.204883
vt 1.792449 1.162250
vt 1.800060 1.248486
vt 1.795182 1.248249
vt 1.786054 1.162303
vt 1.817863 1.166161
vt 1.818796 1.248768
vt 1.814026 1.249169
vt 1.811337 1.165728
vt 1.798758 1.163057
vt 1.804766 1.248878
vt 1.843216 1.161327
vt 1.837836 1.247065
vt 1.833007 1.246938
vt 1.836889 1.162266
vt 1.828277 1.247342
vt 1.830703 1.163826
vt 1.805022 1.164442
vt 1.809365 1.249169
vt 1.790319 1.248445
vt 1.779685 1.163290
vt 1.823567 1.248057
vt 1.824410 1.165394
vt 1.773128 1.445260
vt 1.776992 1.442443
vt 1.781730 1.442443
vt 1.785593 1.445261
vt 1.787046 1.449885
vt 1.785477 1.454433
vt 1.781656 1.457120
vt 1.777066 1.457120
vt 1.773245 1.454433
vt 1.771675 1.449885
vt 1.823467 1.062691
vt 1.816139 1.060957
vt 1.830622 1.064898
vt 1.837831 1.066963
vt 1.845341 1.068102
vt 1.779296 1.069088
vt 1.771675 1.070338
vt 1.786553 1.066472
vt 1.793596 1.063258
vt 1.800961 1.060892
vt 1.808614 1.060236
vt 0.907641 -0.235815
vt 0.906502 -0.216154
vt 0.917386 -0.097505
vt 0.914269 -0.078050
vt 0.918985 -0.117232
vt 0.909992 -0.058877
vt 0.906075 -0.039673
vt 0.908086 -0.196481
vt 0.913121 -0.176958
vt 0.918375 -0.137067
vt 0.917104 -0.157239
vt 1.776179 1.341490
vt 1.771675 1.335086
vt 1.771675 1.327394
vt 1.776179 1.320991
vt 1.783801 1.318360
vt 1.791552 1.320795
vt 1.796273 1.327271
vt 1.796273 1.335210
vt 1.791551 1.341686
vt 1.783801 1.344120
vt 1.790983 1.374060
vt 1.795569 1.380349
vt 1.795569 1.388062
vt 1.790983 1.394352
vt 1.783454 1.396717
vt 1.776050 1.394162
vt 1.771675 1.387942
vt 1.771675 1.380469
vt 1.776050 1.374249
vt 1.783454 1.371694
vt 1.842067 0.497151
vt 1.849608 0.645054
vt 1.840619 0.646739
vt 1.830043 0.498983
vt 1.888247 0.497492
vt 1.886067 0.640096
vt 1.876401 0.640029
vt 1.876694 0.496369
vt 1.918725 0.036911
vt 1.905631 0.308647
vt 1.891353 0.305920
vt 1.897457 0.033195
vt 1.853670 0.495846
vt 1.858355 0.642972
vt 1.935498 0.500372
vt 1.922706 0.647559
vt 1.913452 0.645740
vt 1.923116 0.499799
vt 1.904660 0.643512
vt 1.911387 0.499187
vt 1.865162 0.495646
vt 1.867156 0.641118
vt 1.831108 0.647560
vt 1.817479 0.500670
vt 1.895595 0.641410
vt 1.899847 0.498482
vt 1.876061 0.027559
vt 1.876884 0.304143
vt 1.862228 0.303913
vt 1.854203 0.022054
vt 1.811553 0.030265
vt 1.833412 0.310700
vt 1.819228 0.314639
vt 1.791545 0.037332
vt 1.960449 0.040703
vt 1.933795 0.314762
vt 1.919684 0.311766
vt 1.939928 0.038920
vt 1.832533 0.023005
vt 1.847533 0.306362
vt 1.981308 0.042313
vt 1.948199 0.316779
vt 1.804754 0.317085
vt 1.771675 0.042353
vt 1.795984 0.767809
vt 1.804892 0.868693
vt 1.799185 0.868416
vt 1.788501 0.767871
vt 1.825714 0.772384
vt 1.826810 0.869021
vt 1.821230 0.869489
vt 1.818079 0.771877
vt 1.803364 0.768753
vt 1.810398 0.869149
vt 1.855373 0.766726
vt 1.849084 0.867027
vt 1.843435 0.866879
vt 1.847971 0.767826
vt 1.837900 0.867351
vt 1.840735 0.769652
vt 1.810693 0.770374
vt 1.815777 0.869489
vt 1.793497 0.868644
vt 1.781051 0.769027
vt 1.832391 0.868188
vt 1.833373 0.771486
vt 1.774971 1.439837
vt 1.771675 1.435317
vt 1.771675 1.429774
vt 1.774971 1.425254
vt 1.780381 1.423554
vt 1.785702 1.425391
vt 1.788845 1.429861
vt 1.788845 1.435230
vt 1.785702 1.439700
vt 1.780381 1.441536
vt 1.832263 0.651338
vt 1.823691 0.649310
vt 1.840634 0.653920
vt 1.849068 0.656336
vt 1.857854 0.657668
vt 1.780591 0.658824
vt 1.771675 0.660287
vt 1.789080 0.655763
vt 1.797319 0.652003
vt 1.805935 0.649235
vt 1.814888 0.648467
vt 1.777040 1.314686
vt 1.771675 1.307328
vt 1.771675 1.298305
vt 1.777041 1.290947
vt 1.785848 1.288180
vt 1.794510 1.291169
vt 1.799627 1.298446
vt 1.799627 1.307188
vt 1.794509 1.314464
vt 1.785847 1.317453
vt 0.500000 0.500000
vt 0.757387 0.597317
vt 0.618652 0.762926
vt 0.402683 0.757387
vt 0.597317 0.242613
vt 0.762926 0.381347
vt 0.381347 0.237074
vt 0.242613 0.402683
vt 0.237074 0.618653
vt 0.000100 0.725594
vt 0.000100 0.310990
vt 0.999900 0.689010
vt 0.725594 0.999900
vt 0.274406 0.000100
vt 0.689010 0.000100
vt 0.999900 0.274406
vt 0.310990 0.999900
vt 0.500000 0.500000
vt 0.757387 0.597317
vt 0.618652 0.762926
vt 0.402683 0.757387
vt 0.597317 0.242613
vt 0.762926 0.381347
vt 0.381347 0.237074
vt 0.242613 0.402683
vt 0.237074 0.618653
vt 0.000100 0.725594
vt 0.000100 0.310990
vt 0.999900 0.689010
vt 0.725594 0.999900
vt 0.274406 0.000100
vt 0.689010 0.000100
vt 0.999900 0.274406
vt 0.310990 0.999900
vt 0.500000 0.500000
vt 0.757387 0.597317
vt 0.618652 0.762926
vt 0.402683 0.757387
vt 0.597317 0.242613
vt 0.762926 0.381347
vt 0.381347 0.237074
vt 0.242613 0.402683
vt 0.237074 0.618653
vt 0.000100 0.725594
vt 0.000100 0.310990
vt 0.999900 0.689010
vt 0.725594 0.999900
vt 0.274406 0.000100
vt 0.689010 0.000100
vt 0.999900 0.274406
vt 0.310990 0.999900
vt 0.500000 0.500000
vt 0.757387 0.597317
vt 0.618652 0.762926
vt 0.402683 0.757387
vt 0.597317 0.242613
vt 0.762926 0.381347
vt 0.381347 0.237074
vt 0.242613 0.402683
vt 0.237074 0.618653
vt 0.000100 0.725594
vt 0.000100 0.310990
vt 0.999900 0.689010
vt 0.725594 0.999900
vt 0.274406 0.000100
vt 0.689010 0.000100
vt 0.999900 0.274406
vt 0.310990 0.999900
vt 0.500000 0.500000
vt 0.757387 0.597317
vt 0.618652 0.762926
vt 0.402683 0.757387
vt 0.597317 0.242613
vt 0.762926 0.381347
vt 0.381347 0.237074
vt 0.242613 0.402683
vt 0.237074 0.618653
vt 0.000100 0.725594
vt 0.000100 0.310990
vt 0.999900 0.689010
vt 0.725594 0.999900
vt 0.274406 0.000100
vt 0.689010 0.000100
vt 0.999900 0.274406
vt 0.310990 0.999900
vt 0.500000 0.500000
vt 0.757387 0.597317
vt 0.618652 0.762926
vt 0.402683 0.757387
vt 0.597317 0.242613
vt 0.762926 0.381347
vt 0.381347 0.237074
vt 0.242613 0.402683
vt 0.237074 0.618653
vt 0.000100 0.725594
vt 0.000100 0.310990
vt 0.999900 0.689010
vt 0.725594 0.999900
vt 0.274406 0.000100
vt 0.689010 0.000100
vt 0.999900 0.274406
vt 0.310990 0.999900
vt 0.500000 0.500000
vt 0.757387 0.597317
vt 0.618652 0.762926
vt 0.402683 0.757387
vt 0.597317 0.242613
vt 0.762926 0.381347
vt 0.381347 0.237074
vt 0.242613 0.402683
vt 0.237074 0.618653
vt 0.000100 0.725594
vt 0.000100 0.310990
vt 0.999900 0.689010
vt 0.725594 0.999900
vt 0.274406 0.000100
vt 0.689010 0.000100
vt 0.999900 0.274406
vt 0.310990 0.999900
vt 0.500000 0.500000
vt 0.757387 0.597317
vt 0.618652 0.762926
vt 0.402683 0.757387
vt 0.597317 0.242613
vt 0.762926 0.381347
vt 0.381347 0.237074
vt 0.242613 0.402683
vt 0.237074 0.618653
vt 0.000100 0.725594
vt 0.000100 0.310990
vt 0.999900 0.689010
vt 0.725594 0.999900
vt 0.274406 0.000100
vt 0.689010 0.000100
vt 0.999900 0.274406
vt 0.310990 0.999900
vt 0.500000 0.500000
vt 0.757387 0.597317
vt 0.618652 0.762926
vt 0.402683 0.757387
vt 0.597317 0.242613
vt 0.762926 0.381347
vt 0.381347 0.237074
vt 0.242613 0.402683
vt 0.237074 0.618653
vt 0.000100 0.725594
vt 0.000100 0.310990
vt 0.999900 0.689010
vt 0.725594 0.999900
vt 0.274406 0.000100
vt 0.689010 0.000100
vt 0.999900 0.274406
vt 0.310990 0.999900
vt 0.500000 0.500000
vt 0.757387 0.597317
vt 0.618652 0.762926
vt 0.402683 0.757387
vt 0.597317 0.242613
vt 0.762926 0.381347
vt 0.381347 0.237074
vt 0.242613 0.402683
vt 0.237074 0.618653
vt 0.000100 0.725594
vt 0.000100 0.310990
vt 0.999900 0.689010
vt 0.725594 0.999900
vt 0.274406 0.000100
vt 0.689010 0.000100
vt 0.999900 0.274406
vt 0.310990 0.999900
vt 0.500000 0.500000
vt 0.757387 0.597317
vt 0.618652 0.762926
vt 0.402683 0.757387
vt 0.597317 0.242613
vt 0.762926 0.381347
vt 0.381347 0.237074
vt 0.242613 0.402683
vt 0.237074 0.618653
vt 0.000100 0.725594
vt 0.000100 0.310990
vt 0.999900 0.689010
vt 0.725594 0.999900
vt 0.274406 0.000100
vt 0.689010 0.000100
vt 0.999900 0.274406
vt 0.310990 0.999900
vt 0.500000 0.500000
vt 0.757387 0.597317
vt 0.618652 0.762926
vt 0.402683 0.757387
vt 0.597317 0.242613
vt 0.762926 0.381347
vt 0.381347 0.237074
vt 0.242613 0.402683
vt 0.237074 0.618653
vt 0.000100 0.725594
vt 0.000100 0.310990
vt 0.999900 0.689010
vt 0.725594 0.999900
vt 0.274406 0.000100
vt 0.689010 0.000100
vt 0.999900 0.274406
vt 0.310990 0.999900
vt 0.500000 0.500000
vt 0.757387 0.597317
vt 0.618652 0.762926
vt 0.402683 0.757387
vt 0.597317 0.242613
vt 0.762926 0.381347
vt 0.381347 0.237074
vt 0.242613 0.402683
vt 0.237074 0.618653
vt 0.000100 0.725594
vt 0.000100 0.310990
vt 0.999900 0.689010
vt 0.725594 0.999900
vt 0.274406 0.000100
vt 0.689010 0.000100
vt 0.999900 0.274406
vt 0.310990 0.999900
vt 0.500000 0.500000
vt 0.757387 0.597317
vt 0.618652 0.762926
vt 0.402683 0.757387
vt 0.597317 0.242613
vt 0.762926 0.381347
vt 0.381347 0.237074
vt 0.242613 0.402683
vt 0.237074 0.618653
vt 0.000100 0.725594
vt 0.000100 0.310990
vt 0.999900 0.689010
vt 0.725594 0.999900
vt 0.274406 0.000100
vt 0.689010 0.000100
vt 0.999900 0.274406
vt 0.310990 0.999900
vt 0.500000 0.500000
vt 0.757387 0.597317
vt 0.618652 0.762926
vt 0.402683 0.757387
vt 0.597317 0.242613
vt 0.762926 0.381347
vt 0.381347 0.237074
vt 0.242613 0.402683
vt 0.237074 0.618653
vt 0.000100 0.725594
vt 0.000100 0.310990
vt 0.999900 0.689010
vt 0.725594 0.999900
vt 0.274406 0.000100
vt 0.689010 0.000100
vt 0.999900 0.274406
vt 0.310990 0.999900
vt 0.500000 0.500000
vt 0.757387 0.597317
vt 0.618652 0.762926
vt 0.402683 0.757387
vt 0.597317 0.242613
vt 0.762926 0.381347
vt 0.381347 0.237074
vt 0.242613 0.402683
vt 0.237074 0.618653
vt 0.000100 0.725594
vt 0.000100 0.310990
vt 0.999900 0.689010
vt 0.725594 0.999900
vt 0.274406 0.000100
vt 0.689010 0.000100
vt 0.999900 0.274406
vt 0.310990 0.999900
vt 0.500000 0.500000
vt 0.757387 0.597317
vt 0.618652 0.762926
vt 0.402683 0.757387
vt 0.597317 0.242613
vt 0.762926 0.381347
vt 0.381347 0.237074
vt 0.242613 0.402683
vt 0.237074 0.618653
vt 0.000100 0.725594
vt 0.000100 0.310990
vt 0.999900 0.689010
vt 0.725594 0.999900
vt 0.274406 0.000100
vt 0.689010 0.000100
vt 0.999900 0.274406
vt 0.310990 0.999900
vt 0.500000 0.500000
vt 0.757387 0.597317
vt 0.618652 0.762926
vt 0.402683 0.757387
vt 0.597317 0.242613
vt 0.762926 0.381347
vt 0.381347 0.237074
vt 0.242613 0.402683
vt 0.237074 0.618653
vt 0.000100 0.725594
vt 0.000100 0.310990
vt 0.999900 0.689010
vt 0.725594 0.999900
vt 0.274406 0.000100
vt 0.689010 0.000100
vt 0.999900 0.274406
vt 0.310990 0.999900
vt 0.500000 0.500000
vt 0.757387 0.597317
vt 0.618652 0.762926
vt 0.402683 0.757387
vt 0.597317 0.242613
vt 0.762926 0.381347
vt 0.381347 0.237074
vt 0.242613 0.402683
vt 0.237074 0.618653
vt 0.000100 0.725594
vt 0.000100 0.310990
vt 0.999900 0.689010
vt 0.725594 0.999900
vt 0.274406 0.000100
vt 0.689010 0.000100
vt 0.999900 0.274406
vt 0.310990 0.999900
vt 0.500000 0.500000
vt 0.757387 0.597317
vt 0.618652 0.762926
vt 0.402683 0.757387
vt 0.597317 0.242613
vt 0.762926 0.381347
vt 0.381347 0.237074
vt 0.242613 0.402683
vt 0.237074 0.618653
vt 0.000100 0.725594
vt 0.000100 0.310990
vt 0.999900 0.689010
vt 0.725594 0.999900
vt 0.274406 0.000100
vt 0.689010 0.000100
vt 0.999900 0.274406
vt 0.310990 0.999900
vt 0.500000 0.500000
vt 0.757387 0.597317
vt 0.618652 0.762926
vt 0.402683 0.757387
vt 0.597317 0.242613
vt 0.762926 0.381347
vt 0.381347 0.237074
vt 0.242613 0.402683
vt 0.237074 0.618653
vt 0.000100 0.725594
vt 0.000100 0.310990
vt 0.999900 0.689010
vt 0.725594 0.999900
vt 0.274406 0.000100
vt 0.689010 0.000100
vt 0.999900 0.274406
vt 0.310990 0.999900
vt 0.500000 0.500000
vt 0.757387 0.597317
vt 0.618652 0.762926
vt 0.402683 0.757387
vt 0.597317 0.242613
vt 0.762926 0.381347
vt 0.381347 0.237074
vt 0.242613 0.402683
vt 0.237074 0.618653
vt 0.000100 0.725594
vt 0.000100 0.310990
vt 0.999900 0.689010
vt 0.725594 0.999900
vt 0.274406 0.000100
vt 0.689010 0.000100
vt 0.999900 0.274406
vt 0.310990 0.999900
vt 0.500000 0.500000
vt 0.757387 0.597317
vt 0.618652 0.762926
vt 0.402683 0.757387
vt 0.597317 0.242613
vt 0.762926 0.381347
vt 0.381347 0.237074
vt 0.242613 0.402683
vt 0.237074 0.618653
vt 0.000100 0.725594
vt 0.000100 0.310990
vt 0.999900 0.689010
vt 0.725594 0.999900
vt 0.274406 0.000100
vt 0.689010 0.000100
vt 0.999900 0.274406
vt 0.310990 0.999900
vt 0.500000 0.500000
vt 0.757387 0.597317
vt 0.618652 0.762926
vt 0.402683 0.757387
vt 0.597317 0.242613
vt 0.762926 0.381347
vt 0.381347 0.237074
vt 0.242613 0.402683
vt 0.237074 0.618653
vt 0.000100 0.725594
vt 0.000100 0.310990
vt 0.999900 0.689010
vt 0.725594 0.999900
vt 0.274406 0.000100
vt 0.689010 0.000100
vt 0.999900 0.274406
vt 0.310990 0.999900
vt 0.500000 0.500000
vt 0.757387 0.597317
vt 0.618652 0.762926
vt 0.402683 0.757387
vt 0.597317 0.242613
vt 0.762926 0.381347
vt 0.381347 0.237074
vt 0.242613 0.402683
vt 0.237074 0.618653
vt 0.000100 0.725594
vt 0.000100 0.310990
vt 0.999900 0.689010
vt 0.725594 0.999900
vt 0.274406 0.000100
vt 0.689010 0.000100
vt 0.999900 0.274406
vt 0.310990 0.999900
vt 0.500000 0.500000
vt 0.757387 0.597317
vt 0.618652 0.762926
vt 0.402683 0.757387
vt 0.597317 0.242613
vt 0.762926 0.381347
vt 0.381347 0.237074
vt 0.242613 0.402683
vt 0.237074 0.618653
vt 0.000100 0.725594
vt 0.000100 0.310990
vt 0.999900 0.689010
vt 0.725594 0.999900
vt 0.274406 0.000100
vt 0.689010 0.000100
vt 0.999900 0.274406
vt 0.310990 0.999900
vt 0.500000 0.500000
vt 0.757387 0.597317
vt 0.618652 0.762926
vt 0.402683 0.757387
vt 0.597317 0.242613
vt 0.762926 0.381347
vt 0.381347 0.237074
vt 0.242613 0.402683
vt 0.237074 0.618653
vt 0.000100 0.725594
vt 0.000100 0.310990
vt 0.999900 0.689010
vt 0.725594 0.999900
vt 0.274406 0.000100
vt 0.689010 0.000100
vt 0.999900 0.274406
vt 0.310990 0.999900
vt 0.500000 0.500000
vt 0.757387 0.597317
vt 0.618652 0.762926
vt 0.402683 0.757387
vt 0.597317 0.242613
vt 0.762926 0.381347
vt 0.381347 0.237074
vt 0.242613 0.402683
vt 0.237074 0.618653
vt 0.000100 0.725594
vt 0.000100 0.310990
vt 0.999900 0.689010
vt 0.725594 0.999900
vt 0.274406 0.000100
vt 0.689010 0.000100
vt 0.999900 0.274406
vt 0.310990 0.999900
vt 0.500000 0.500000
vt 0.757387 0.597317
vt 0.618652 0.762926
vt 0.402683 0.757387
vt 0.597317 0.242613
vt 0.762926 0.381347
vt 0.381347 0.237074
vt 0.242613 0.402683
vt 0.237074 0.618653
vt 0.000100 0.725594
vt 0.000100 0.310990
vt 0.999900 0.689010
vt 0.725594 0.999900
vt 0.274406 0.000100
vt 0.689010 0.000100
vt 0.999900 0.274406
vt 0.310990 0.999900
vt 0.500000 0.500000
vt 0.757387 0.597317
vt 0.618652 0.762926
vt 0.402683 0.757387
vt 0.597317 0.242613
vt 0.762926 0.381347
vt 0.381347 0.237074
vt 0.242613 0.402683
vt 0.237074 0.618653
vt 0.000100 0.725594
vt 0.000100 0.310990
vt 0.999900 0.689010
vt 0.725594 0.999900
vt 0.274406 0.000100
vt 0.689010 0.000100
vt 0.999900 0.274406
vt 0.310990 0.999900
vt 0.500000 0.500000
vt 0.757387 0.597317
vt 0.618652 0.762926
vt 0.402683 0.757387
vt 0.597317 0.242613
vt 0.762926 0.381347
vt 0.381347 0.237074
vt 0.242613 0.402683
vt 0.237074 0.618653
vt 0.000100 0.725594
vt 0.000100 0.310990
vt 0.999900 0.689010
vt 0.725594 0.999900
vt 0.274406 0.000100
vt 0.689010 0.000100
vt 0.999900 0.274406
vt 0.310990 0.999900
vt 0.500000 0.500000
vt 0.757387 0.597317
vt 0.618652 0.762926
vt 0.402683 0.757387
vt 0.597317 0.242613
vt 0.762926 0.381347
vt 0.381347 0.237074
vt 0.242613 0.402683
vt 0.237074 0.618653
vt 0.000100 0.725594
vt 0.000100 0.310990
vt 0.999900 0.689010
vt 0.725594 0.999900
vt 0.274406 0.000100
vt 0.689010 0.000100
vt 0.999900 0.274406
vt 0.310990 0.999900
vt 0.500000 0.500000
vt 0.757387 0.597317
vt 0.618652 0.762926
vt 0.402683 0.757387
vt 0.597317 0.242613
vt 0.762926 0.381347
vt 0.381347 0.237074
vt 0.242613 0.402683
vt 0.237074 0.618653
vt 0.000100 0.725594
vt 0.000100 0.310990
vt 0.999900 0.689010
vt 0.725594 0.999900
vt 0.274406 0.000100
vt 0.689010 0.000100
vt 0.999900 0.274406
vt 0.310990 0.999900
vt 0.500000 0.500000
vt 0.757387 0.597317
vt 0.618652 0.762926
vt 0.402683 0.757387
vt 0.597317 0.242613
vt 0.762926 0.381347
vt 0.381347 0.237074
vt 0.242613 0.402683
vt 0.237074 0.618653
vt 0.000100 0.725594
vt 0.000100 0.310990
vt 0.999900 0.689010
vt 0.725594 0.999900
vt 0.274406 0.000100
vt 0.689010 0.000100
vt 0.999900 0.274406
vt 0.310990 0.999900
vt 0.500000 0.500000
vt 0.757387 0.597317
vt 0.618652 0.762926
vt 0.402683 0.757387
vt 0.597317 0.242613
vt 0.762926 0.381347
vt 0.381347 0.237074
vt 0.242613 0.402683
vt 0.237074 0.618653
vt 0.000100 0.725594
vt 0.000100 0.310990
vt 0.999900 0.689010
vt 0.725594 0.999900
vt 0.274406 0.000100
vt 0.689010 0.000100
vt 0.999900 0.274406
vt 0.310990 0.999900
vt 0.500000 0.500000
vt 0.757387 0.597317
vt 0.618652 0.762926
vt 0.402683 0.757387
vt 0.597317 0.242613
vt 0.762926 0.381347
vt 0.381347 0.237074
vt 0.242613 0.402683
vt 0.237074 0.618653
vt 0.000100 0.725594
vt 0.000100 0.310990
vt 0.999900 0.689010
vt 0.725594 0.999900
vt 0.274406 0.000100
vt 0.689010 0.000100
vt 0.999900 0.274406
vt 0.310990 0.999900
vt 0.500000 0.500000
vt 0.757387 0.597317
vt 0.618652 0.762926
vt 0.402683 0.757387
vt 0.597317 0.242613
vt 0.762926 0.381347
vt 0.381347 0.237074
vt 0.242613 0.402683
vt 0.237074 0.618653
vt 0.000100 0.725594
vt 0.000100 0.310990
vt 0.999900 0.689010
vt 0.725594 0.999900
vt 0.274406 0.000100
vt 0.689010 0.000100
vt 0.999900 0.274406
vt 0.310990 0.999900
vt 0.500000 0.500000
vt 0.757387 0.597317
vt 0.618652 0.762926
vt 0.402683 0.757387
vt 0.597317 0.242613
vt 0.762926 0.381347
vt 0.381347 0.237074
vt 0.242613 0.402683
vt 0.237074 0.618653
vt 0.000100 0.725594
vt 0.000100 0.310990
vt 0.999900 0.689010
vt 0.725594 0.999900
vt 0.274406 0.000100
vt 0.689010 0.000100
vt 0.999900 0.274406
vt 0.310990 0.999900
vt 0.500000 0.500000
vt 0.757387 0.597317
vt 0.618652 0.762926
vt 0.402683 0.757387
vt 0.597317 0.242613
vt 0.762926 0.381347
vt 0.381347 0.237074
vt 0.242613 0.402683
vt 0.237074 0.618653
vt 0.000100 0.725594
vt 0.000100 0.310990
vt 0.999900 0.689010
vt 0.725594 0.999900
vt 0.274406 0.000100
vt 0.689010 0.000100
vt 0.999900 0.274406
vt 0.310990 0.999900
vt 0.500000 0.500000
vt 0.757387 0.597317
vt 0.618652 0.762926
vt 0.402683 0.757387
vt 0.597317 0.242613
vt 0.762926 0.381347
vt 0.381347 0.237074
vt 0.242613 0.402683
vt 0.237074 0.618653
vt 0.000100 0.725594
vt 0.000100 0.310990
vt 0.999900 0.689010
vt 0.725594 0.999900
vt 0.274406 0.000100
vt 0.689010 0.000100
vt 0.999900 0.274406
vt 0.310990 0.999900
vt 0.500000 0.500000
vt 0.757387 0.597317
vt 0.618652 0.762926
vt 0.402683 0.757387
vt 0.597317 0.242613
vt 0.762926 0.381347
vt 0.381347 0.237074
vt 0.242613 0.402683
vt 0.237074 0.618653
vt 0.000100 0.725594
vt 0.000100 0.310990
vt 0.999900 0.689010
vt 0.725594 0.999900
vt 0.274406 0.000100
vt 0.689010 0.000100
vt 0.999900 0.274406
vt 0.310990 0.999900
vn -0.2809 0.0657 -0.9575
vn -0.7945 -0.0479 -0.6053
vn -0.8275 0.0176 -0.5612
vn -0.3369 0.0791 -0.9382
vn -0.9775 -0.2108 0.0043
vn -0.7943 -0.1340 0.5926
vn -0.7905 -0.2093 0.5755
vn -0.9479 -0.3185 -0.0070
vn -0.7971 -0.1167 0.5925
vn -0.2821 -0.0413 0.9585
vn -0.3242 -0.0419 0.9451
vn -0.8071 -0.0654 0.5867
vn 0.8109 0.1759 0.5581
vn 0.9722 0.2342 -0.0035
vn 0.9934 0.1139 -0.0156
vn 0.8095 0.0761 0.5822
vn 0.3250 0.1720 -0.9299
vn 0.2795 0.1220 -0.9524
vn -0.9928 -0.1193 -0.0055
vn -0.9989 -0.0403 0.0237
vn 0.3438 0.0733 0.9362
vn 0.2988 0.0201 0.9541
vn 0.7932 0.2337 -0.5623
vn 0.7883 0.1307 -0.6012
vn 0.8181 0.0879 0.5683
vn 0.3287 0.0416 0.9435
vn 0.2752 0.1987 0.9406
vn 0.7494 0.3230 0.5779
vn 0.7120 0.4023 0.5755
vn 0.2383 0.2385 0.9414
vn 0.7783 0.2638 -0.5697
vn 0.3179 0.1092 -0.9418
vn 0.2928 0.1126 -0.9495
vn 0.7441 0.3252 -0.5836
vn -0.7864 -0.1806 -0.5907
vn -0.7597 -0.2869 -0.5836
vn 0.9386 0.3450 0.0046
vn 0.9009 0.4340 -0.0070
vn -0.2869 -0.0538 -0.9564
vn -0.2883 -0.1239 -0.9495
vn -0.3139 0.0240 0.9492
vn -0.3372 0.0043 0.9414
vn -0.8049 -0.1325 -0.5784
vn -0.9575 -0.2883 -0.0064
vn -0.9674 -0.2526 0.0179
vn -0.8297 -0.0655 -0.5544
vn -0.3032 0.0517 -0.9515
vn 0.3207 0.0880 -0.9431
vn -0.7910 -0.0511 0.6097
vn -0.9984 -0.0475 0.0298
vn 0.8087 0.1097 -0.5779
vn -0.8173 -0.0060 -0.5762
vn -0.2887 -0.0129 0.9573
vn 0.9940 0.1092 -0.0088
vn 0.8868 0.4622 -0.0064
vn 0.6687 0.4672 -0.5784
vn 0.6396 0.5325 -0.5544
vn 0.8689 0.4947 0.0179
vn 0.9076 0.4196 -0.0154
vn 0.7468 0.3373 0.5731
vn -0.3664 0.0990 -0.9252
vn -0.3990 0.1861 -0.8979
vn -0.7537 -0.3071 0.5811
vn -0.2660 -0.1736 0.9482
vn -0.2548 -0.1834 0.9495
vn -0.7451 -0.2984 0.5964
vn 0.3117 0.0614 0.9482
vn 0.3104 0.0466 0.9495
vn 0.1932 0.3267 -0.9252
vn 0.1557 0.4118 -0.8979
vn 0.7539 0.3064 0.5811
vn 0.7417 0.3067 0.5964
vn -0.3718 0.9137 0.1640
vn 0.2662 0.1714 -0.9486
vn 0.7254 0.3567 -0.5887
vn -0.9427 -0.3334 -0.0154
vn -0.7683 -0.2511 -0.5887
vn 0.2850 0.1375 0.9486
vn -0.3000 -0.1006 0.9486
vn -0.3102 -0.0632 -0.9486
vn -0.7702 -0.2800 0.5731
vn 0.5574 -0.2670 0.7861
vn 0.8722 -0.4020 0.2785
vn 0.9397 -0.1880 0.2858
vn 0.6109 -0.1039 0.7849
vn -0.8397 0.4311 0.3304
vn -0.5125 0.2574 0.8192
vn -0.5301 0.1684 0.8311
vn -0.9070 0.2508 0.3383
vn -0.9194 0.2522 -0.3019
vn -0.9288 0.1182 0.3513
vn -0.9635 0.1026 -0.2473
vn 0.8687 -0.3777 -0.3206
vn 0.9307 -0.1919 -0.3115
vn 0.0222 -0.0100 0.9997
vn 0.0510 0.0333 0.9981
vn -0.7252 0.6815 0.0985
vn -0.5727 0.4709 0.6711
vn -0.7653 0.4776 0.4315
vn -0.8005 0.5697 -0.1860
vn 0.5491 -0.2044 -0.8103
vn 0.5889 -0.1139 -0.8001
vn -0.2019 0.3288 -0.9226
vn -0.5825 0.6274 -0.5168
vn -0.5214 0.4454 -0.7278
vn -0.0403 0.1565 -0.9869
vn -0.1981 0.0823 0.9767
vn -0.4345 0.2051 0.8770
vn 0.2582 -0.3381 0.9050
vn 0.0724 -0.1471 0.9865
vn 0.6134 -0.6199 0.4892
vn 0.5527 -0.4338 0.7116
vn 0.7496 -0.6545 -0.0984
vn 0.8225 -0.5411 0.1752
vn 0.6113 -0.4488 -0.6518
vn 0.7863 -0.4478 -0.4257
vn 0.2543 -0.0806 -0.9638
vn 0.4595 -0.1839 -0.8690
vn -0.6099 0.7614 0.2198
vn -0.4528 0.5036 0.7358
vn 0.5330 -0.2099 -0.8197
vn 0.0202 0.0914 -0.9956
vn 0.0186 0.0600 -0.9980
vn -0.8440 0.4532 -0.2868
vn 0.5273 -0.3243 0.7853
vn 0.8446 -0.4627 0.2693
vn -0.0003 -0.0415 0.9991
vn 0.8439 -0.4186 -0.3354
vn -0.8154 0.4708 0.3369
vn -0.5105 0.2637 0.8184
vn -0.4960 0.3681 -0.7865
vn -0.8140 0.5122 -0.2739
vn -0.5160 0.3123 -0.7976
vn -0.5505 0.1657 -0.8182
vn 0.0291 0.0235 -0.9993
vn -0.6298 0.0653 -0.7740
vn 0.5731 -0.0184 -0.8193
vn 0.9503 -0.0311 -0.3097
vn 0.5775 0.0283 0.8159
vn -0.0046 0.0753 0.9971
vn -0.0364 0.0188 -0.9992
vn 0.9478 -0.0132 0.3185
vn -0.5698 0.1086 0.8146
vn -0.1126 0.0618 0.9917
vn 0.4956 -0.4776 -0.7255
vn 0.1704 -0.0405 -0.9845
vn 0.6513 -0.7305 -0.2054
vn -0.2254 0.4419 -0.8683
vn -0.5299 0.7527 -0.3907
vn 0.2846 -0.4070 0.8679
vn 0.5761 -0.7104 0.4043
vn -0.4723 0.5853 0.6591
vn -0.2072 0.1885 0.9600
vn 0.6227 -0.7709 -0.1341
vn 0.4974 -0.5050 -0.7054
vn -0.2277 0.5076 -0.8310
vn -0.5008 0.7896 -0.3546
vn -0.5751 0.7962 0.1877
vn 0.1708 -0.0067 -0.9853
vn 0.1719 -0.3152 0.9333
vn 0.5027 -0.7020 0.5045
vn -0.3039 0.9155 0.2636
vn -0.3535 0.9036 0.2420
vn 0.0739 0.9783 -0.1937
vn 0.1267 0.9782 -0.1644
vn 0.7151 0.0925 -0.6929
vn 0.7173 0.1109 -0.6879
vn 0.6765 -0.4896 -0.5501
vn 0.6313 -0.5112 -0.5832
vn -0.1109 -0.9802 0.1638
vn -0.0261 -0.9766 0.2136
vn -0.4413 -0.6905 0.5731
vn -0.5049 -0.6754 0.5374
vn -0.6143 0.5186 0.5947
vn -0.6363 0.4941 0.5924
vn 0.3155 -0.9133 -0.2575
vn 0.3928 -0.8963 -0.2060
vn -0.7004 -0.0881 0.7083
vn -0.6769 -0.1157 0.7269
vn 0.4875 0.6766 -0.5519
vn 0.5211 0.6670 -0.5325
vn -0.8268 0.3777 0.4169
vn -0.8823 0.3557 0.3083
vn -0.7601 0.6092 -0.2263
vn -0.6838 0.7237 -0.0935
vn 0.6910 -0.7044 0.1620
vn 0.7921 -0.5549 0.2543
vn 0.3665 -0.5963 0.7142
vn 0.2841 -0.7618 0.5822
vn 0.7525 -0.4734 -0.4579
vn 0.5078 -0.8585 -0.0708
vn -0.6422 -0.1134 0.7581
vn -0.6669 -0.0310 0.7445
vn -0.2529 0.7871 -0.5626
vn -0.3673 0.6515 -0.6638
vn 0.1643 0.4745 -0.8648
vn 0.2915 0.5369 -0.7917
vn 0.6580 0.1247 -0.7426
vn 0.7165 0.0796 -0.6930
vn -0.2165 -0.5467 0.8088
vn -0.1878 -0.3963 0.8987
vn 0.9089 -0.2758 -0.3127
vn 0.8614 -0.3924 -0.3226
vn 0.0959 -0.9347 0.3424
vn -0.3502 -0.6714 0.6531
vn -0.7171 0.4605 0.5231
vn -0.4835 0.8677 0.1150
vn 0.4181 0.6495 -0.6352
vn 0.7259 0.1019 -0.6803
vn -0.6660 -0.1333 0.7339
vn -0.0504 0.9429 -0.3293
vn -0.9820 0.1659 0.0898
vn -0.9675 0.1911 0.1653
vn -0.7934 0.5107 -0.3311
vn -0.7926 0.4616 -0.3984
vn 0.7954 -0.4345 0.4226
vn 0.7749 -0.4896 0.3998
vn 0.3077 -0.6031 0.7360
vn 0.3097 -0.5669 0.7634
vn -0.8012 -0.1944 0.5660
vn -0.7710 -0.1923 0.6072
vn -0.3206 0.6002 -0.7328
vn -0.3077 0.6475 -0.6972
vn 0.3122 0.5373 -0.7835
vn 0.2806 0.5315 -0.7992
vn 0.8138 0.2109 -0.5416
vn 0.7925 0.2582 -0.5525
vn -0.2990 -0.4775 0.8262
vn -0.2780 -0.4953 0.8230
vn 0.9790 -0.1882 -0.0786
vn 0.9897 -0.1203 -0.0775
vn 0.1890 0.8724 0.4509
vn 0.9938 -0.1105 0.0127
vn 0.7800 -0.3927 0.4872
vn 0.8374 0.2362 -0.4929
vn 0.3267 0.4980 -0.8033
vn -0.3154 0.5548 -0.7698
vn -0.8173 0.3947 -0.4198
vn -0.9909 0.0813 0.1075
vn -0.7563 -0.2650 0.5982
vn -0.2447 -0.4883 0.8377
vn 0.3211 -0.5288 0.7857
vn 0.1678 0.9708 -0.1713
vn -0.2837 0.9217 0.2646
vn 0.6109 -0.5345 -0.5840
vn 0.7185 0.0515 -0.6936
vn 0.2886 -0.9188 -0.2694
vn 0.5552 0.6312 -0.5417
vn -0.6217 0.5097 0.5947
vn -0.7138 -0.1222 0.6897
vn -0.1371 -0.9804 0.1418
vn -0.5195 -0.6872 0.5078
vn 0.2204 0.9577 -0.1851
vn 0.5439 0.6276 0.5571
vn -0.9392 -0.2469 -0.2386
vn -0.8217 -0.4728 0.3184
vn -0.8794 -0.2689 0.3928
vn -0.9801 -0.0926 -0.1755
vn 0.3826 0.5627 -0.7328
vn -0.1871 0.4040 -0.8954
vn -0.1809 0.3196 -0.9301
vn 0.4293 0.3939 -0.8127
vn 0.8745 0.3282 -0.3572
vn 0.4385 0.2670 -0.8581
vn 0.8720 0.1917 -0.4504
vn -0.4113 -0.5125 0.7538
vn -0.4659 -0.3357 0.8187
vn -0.6971 0.0945 -0.7107
vn -0.7178 0.1336 -0.6833
vn 0.5370 0.7346 -0.4147
vn 0.1021 0.5827 -0.8062
vn 0.2586 0.6104 -0.7487
vn 0.7035 0.6394 -0.3103
vn 0.1534 -0.3552 0.9221
vn 0.1159 -0.2696 0.9560
vn 0.6942 0.2455 0.6766
vn 0.7727 0.6168 0.1497
vn 0.8703 0.4248 0.2492
vn 0.6992 0.0536 0.7129
vn -0.3735 0.2202 -0.9011
vn -0.2827 0.3491 -0.8934
vn -0.7139 -0.2304 -0.6612
vn -0.7226 -0.0483 -0.6896
vn -0.7938 -0.5862 -0.1621
vn -0.8823 -0.4189 -0.2147
vn -0.5794 -0.7102 0.3999
vn -0.7126 -0.6150 0.3375
vn -0.1529 -0.5716 0.8062
vn -0.2783 -0.5830 0.7633
vn 0.3285 -0.2174 0.9191
vn 0.2586 -0.3303 0.9078
vn 0.5198 0.7847 -0.3378
vn 0.2395 0.5635 -0.7907
vn 0.1716 -0.3596 0.9172
vn 0.6620 -0.0190 0.7493
vn 0.6653 -0.0500 0.7449
vn 0.8058 0.5189 -0.2852
vn -0.9157 -0.2999 -0.2674
vn -0.7942 -0.5303 0.2967
vn -0.6797 0.0662 -0.7305
vn -0.3825 -0.5515 0.7413
vn 0.3597 0.5997 -0.7148
vn -0.1881 0.4099 -0.8925
vn 0.8929 0.3391 0.2963
vn 0.7741 0.5749 -0.2649
vn 0.9160 0.2854 0.2820
vn 0.9576 0.1427 0.2502
vn 0.6591 -0.0874 0.7470
vn 0.9872 0.0580 0.1488
vn 0.1390 -0.1755 0.9746
vn -0.4841 -0.1792 0.8564
vn -0.9789 0.0452 -0.1991
vn -0.6771 0.1817 -0.7131
vn 0.7069 -0.0841 0.7023
vn -0.9105 -0.0939 0.4028
vn -0.1396 0.2636 -0.9545
vn -0.1463 0.1452 -0.9785
vn -0.2956 -0.5666 0.7691
vn 0.0847 -0.1358 0.9871
vn -0.5777 -0.7648 0.2852
vn 0.4417 0.3986 0.8037
vn 0.6081 0.7496 0.2614
vn -0.4943 -0.3369 -0.8014
vn -0.6610 -0.6822 -0.3125
vn 0.4021 0.6042 -0.6879
vn 0.1112 0.2129 -0.9707
vn -0.6025 -0.7785 0.1756
vn -0.4235 -0.5252 0.7381
vn 0.3051 0.4903 0.8164
vn 0.5288 0.7853 0.3220
vn 0.5494 0.8048 -0.2245
vn -0.0739 -0.0310 0.9968
vn -0.2607 -0.2940 -0.9196
vn -0.5460 -0.6935 -0.4699
vn 0.2909 0.9175 -0.2713
vn 0.3411 0.9059 -0.2510
vn -0.0759 0.9778 0.1951
vn -0.1294 0.9774 0.1671
vn -0.6983 0.0879 0.7104
vn -0.7008 0.1063 0.7054
vn -0.6592 -0.4940 0.5669
vn -0.6131 -0.5153 0.5989
vn 0.1136 -0.9795 -0.1662
vn 0.0276 -0.9765 -0.2138
vn 0.4318 -0.6877 -0.5836
vn 0.4962 -0.6722 -0.5495
vn 0.5958 0.5226 -0.6099
vn 0.6180 0.4982 -0.6081
vn -0.3026 -0.9154 0.2656
vn -0.3813 -0.8989 0.2160
vn 0.6832 -0.0836 -0.7254
vn 0.6595 -0.1113 -0.7434
vn -0.4784 0.6735 0.5635
vn -0.5124 0.6636 0.5450
vn 0.8135 0.3832 -0.4374
vn 0.8719 0.3616 -0.3301
vn 0.7612 0.6146 0.2072
vn 0.6808 0.7285 0.0763
vn -0.6899 -0.7093 -0.1446
vn -0.7943 -0.5605 -0.2344
vn -0.3799 -0.5992 -0.7047
vn -0.2931 -0.7641 -0.5747
vn -0.7376 -0.4783 0.4766
vn -0.4999 -0.8620 0.0837
vn 0.6240 -0.1093 -0.7737
vn 0.6485 -0.0268 -0.7607
vn 0.2613 0.7891 0.5559
vn 0.3791 0.6544 0.6543
vn -0.1461 0.4738 0.8684
vn -0.2755 0.5353 0.7985
vn -0.6403 0.1205 0.7587
vn -0.6997 0.0750 0.7105
vn 0.2002 -0.5456 -0.8137
vn 0.1683 -0.3955 -0.9029
vn -0.8990 -0.2820 0.3352
vn -0.8503 -0.3982 0.3440
vn -0.0978 -0.9355 -0.3396
vn 0.3386 -0.6693 -0.6614
vn 0.7008 0.4652 -0.5409
vn 0.4745 0.8710 -0.1272
vn -0.4067 0.6469 0.6451
vn -0.7095 0.0973 0.6980
vn 0.6486 -0.1291 -0.7501
vn 0.0520 0.9434 0.3276
vn 0.9783 0.1727 -0.1141
vn 0.9618 0.1978 -0.1893
vn 0.7978 0.5164 0.3112
vn 0.7990 0.4673 0.3784
vn -0.8026 -0.4403 -0.4026
vn -0.7812 -0.4951 -0.3803
vn -0.3216 -0.6056 -0.7279
vn -0.3246 -0.5694 -0.7553
vn 0.7883 -0.1891 -0.5856
vn 0.7570 -0.1872 -0.6260
vn 0.3344 0.6028 0.7244
vn 0.3204 0.6500 0.6891
vn -0.2964 0.5355 0.7908
vn -0.2644 0.5300 0.8057
vn -0.8015 0.2056 0.5615
vn -0.7804 0.2530 0.5719
vn 0.2817 -0.4758 -0.8332
vn 0.2609 -0.4938 -0.8295
vn -0.9754 -0.1949 0.1029
vn -0.9866 -0.1272 0.1020
vn -0.2061 0.8708 -0.4464
vn -0.9930 -0.1174 0.0120
vn -0.7891 -0.3984 -0.4676
vn -0.8266 0.2306 0.5134
vn -0.3101 0.4962 0.8109
vn 0.3305 0.5574 0.7616
vn 0.8247 0.4006 0.3993
vn 0.9873 0.0881 -0.1320
vn 0.7431 -0.2600 -0.6166
vn 0.2273 -0.4871 -0.8433
vn -0.3367 -0.5314 -0.7773
vn -0.1702 0.9697 0.1751
vn 0.2706 0.9235 -0.2719
vn -0.5925 -0.5385 0.5992
vn -0.7015 0.0469 0.7111
vn -0.2754 -0.9206 0.2768
vn -0.5460 0.6276 0.5550
vn 0.6032 0.5137 -0.6101
vn 0.6973 -0.1176 -0.7071
vn 0.1403 -0.9795 -0.1448
vn 0.5115 -0.6839 -0.5202
vn -0.0506 0.8985 0.4361
vn -0.5619 0.6235 -0.5437
vn -0.3143 0.4120 0.8553
vn -0.4051 0.3275 0.8536
vn -0.8505 0.2736 0.4491
vn -0.7818 0.4511 0.4304
vn 0.8227 -0.3976 -0.4063
vn 0.8569 -0.2086 -0.4714
vn 0.9902 -0.0631 0.1248
vn 0.9460 -0.2837 0.1570
vn 0.2382 -0.5756 -0.7822
vn 0.3003 -0.5247 -0.7966
vn 0.6534 -0.6773 -0.3382
vn 0.5773 -0.7650 -0.2856
vn 0.2726 0.2112 0.9387
vn 0.2074 0.2690 0.9405
vn -0.9306 0.3198 -0.1782
vn -0.9848 0.1358 -0.1081
vn -0.7711 -0.0386 -0.6356
vn -0.6913 0.0714 -0.7190
vn -0.2601 -0.1912 -0.9464
vn -0.1733 -0.1937 -0.9656
vn 0.7450 -0.0592 0.6644
vn 0.7417 0.1182 0.6602
vn 0.3727 -0.2593 -0.8910
vn 0.4044 -0.3690 -0.8368
vn 0.6972 -0.6466 0.3096
vn 0.7793 -0.5834 0.2288
vn 0.6378 -0.2660 0.7229
vn 0.5673 -0.2843 0.7729
vn -0.1462 0.5891 0.7947
vn -0.2310 0.5539 0.7999
vn -0.6158 0.7120 0.3374
vn -0.4938 0.8043 0.3305
vn -0.5241 0.3477 -0.7775
vn -0.5805 0.2674 -0.7691
vn -0.1717 -0.1669 -0.9709
vn -0.1869 -0.1464 -0.9714
vn 0.2572 0.1701 0.9513
vn 0.2547 0.1782 0.9505
vn -0.6426 0.7149 -0.2756
vn -0.7524 0.6040 -0.2628
vn -0.5049 0.0383 0.8623
vn -0.4587 0.1016 0.8827
vn -0.8874 0.1308 0.4420
vn -0.9077 0.0543 0.4161
vn 0.9115 -0.0185 -0.4109
vn 0.9148 -0.0795 -0.3959
vn 0.9801 -0.0661 0.1870
vn 0.9810 -0.0210 0.1930
vn 0.1046 0.0178 0.9944
vn 0.1468 0.0460 0.9881
vn -0.9827 0.0634 -0.1739
vn -0.9768 0.1237 -0.1750
vn -0.6757 0.0792 -0.7329
vn -0.6990 0.0613 -0.7125
vn -0.0903 0.0109 -0.9959
vn -0.1332 0.0412 -0.9902
vn 0.6802 -0.0046 0.7330
vn 0.6977 -0.0181 0.7162
vn 0.5230 -0.0514 -0.8508
vn 0.4930 0.0074 -0.8700
vn -0.0569 0.9953 -0.0780
vn 0.5524 0.0641 -0.8311
vn 0.9267 0.0484 -0.3727
vn -0.0584 0.0613 -0.9964
vn -0.6616 0.0381 -0.7489
vn -0.9819 0.0067 -0.1894
vn -0.8992 -0.0166 0.4373
vn -0.4521 -0.0242 0.8916
vn 0.1862 -0.0172 0.9824
vn 0.7203 0.0005 0.6936
vn 0.9818 0.0243 0.1882
vn 0.3196 0.9009 -0.2936
vn 0.1317 0.8054 0.5779
vn 0.5453 0.5297 0.6496
vn 0.5941 0.7337 0.3298
vn 0.3322 0.9334 0.1355
vn -0.1020 0.4742 0.8745
vn 0.2715 0.3926 0.8787
vn -0.3677 0.6513 0.6638
vn -0.3152 0.8780 0.3603
vn -0.0451 0.9923 0.1149
vn -0.1022 0.9936 -0.0491
vn -0.4875 0.8406 0.2359
vn 0.6848 0.3662 0.6300
vn 0.7136 0.6634 0.2251
vn -0.5138 0.5583 0.6514
vn -0.1972 0.2906 0.9363
vn 0.3019 0.2281 0.9256
vn 0.3945 0.9162 -0.0704
vn -0.5440 0.8168 0.1921
vn -0.1203 0.8831 0.4535
vn -0.0548 0.9941 0.0935
vn -0.2746 0.9374 -0.2143
vn -0.6762 0.4901 0.5500
vn -0.3531 0.6619 0.6612
vn -0.8806 0.4103 0.2368
vn -0.8305 0.5444 -0.1178
vn -0.5824 0.7425 -0.3309
vn -0.5589 0.6709 -0.4874
vn -0.8914 0.3812 -0.2453
vn 0.0762 0.8426 0.5331
vn 0.1144 0.9920 0.0542
vn -0.9396 0.2469 0.2372
vn -0.6811 0.3073 0.6646
vn -0.2663 0.5680 0.7788
vn -0.1340 0.9166 -0.3768
vn -0.0279 0.9956 -0.0894
vn 0.3838 0.9050 0.1837
vn 0.4752 0.8603 -0.1849
vn 0.2394 0.8409 -0.4854
vn -0.2882 0.8992 0.3293
vn 0.0833 0.9036 0.4202
vn -0.5231 0.8517 0.0313
vn -0.4325 0.8351 -0.3399
vn -0.1312 0.8084 -0.5739
vn -0.1580 0.6943 -0.7021
vn -0.5770 0.6983 -0.4236
vn 0.5352 0.7935 0.2898
vn 0.6159 0.7605 -0.2057
vn -0.6582 0.7496 0.0702
vn -0.3803 0.7856 0.4880
vn 0.1157 0.8158 0.5666
vn 0.3385 0.7062 -0.6219
vn -0.1357 0.7414 0.6572
vn 0.0179 0.3525 0.9356
vn 0.3279 0.5210 0.7881
vn 0.3434 0.7865 0.5133
vn -0.5805 0.5092 0.6354
vn -0.3584 0.3150 0.8788
vn -0.5611 0.7538 0.3421
vn -0.2550 0.9432 0.2130
vn 0.1252 0.9598 0.2513
vn 0.2057 0.9737 0.0981
vn -0.2875 0.9578 0.0002
vn 0.0842 0.1530 0.9846
vn 0.4644 0.4137 0.7831
vn -0.6701 0.7108 0.2138
vn -0.7310 0.3665 0.5756
vn -0.4115 0.1508 0.8988
vn 0.5278 0.7443 0.4092
vn -0.3188 0.9133 -0.2536
vn -0.2031 0.9508 0.2337
vn 0.1196 0.9923 0.0329
vn 0.1761 0.9241 -0.3392
vn -0.7332 0.6721 -0.1041
vn -0.5557 0.8051 0.2075
vn -0.6677 0.5781 -0.4689
vn -0.3540 0.6453 -0.6770
vn 0.0076 0.7653 -0.6436
vn 0.1177 0.6673 -0.7355
vn -0.3415 0.4761 -0.8104
vn -0.1361 0.8923 0.4304
vn 0.2607 0.9569 0.1279
vn -0.7442 0.4283 -0.5126
vn -0.8582 0.5125 -0.0298
vn -0.6012 0.7180 0.3508
vn 0.3805 0.8559 -0.3502
vn 0.2244 0.9745 0.0059
vn 0.3353 0.8167 0.4697
vn 0.6327 0.7351 0.2435
vn 0.6489 0.7482 -0.1384
vn -0.2568 0.9550 0.1487
vn -0.0400 0.8887 0.4567
vn -0.2469 0.9405 -0.2333
vn 0.0568 0.8864 -0.4593
vn 0.4259 0.7869 -0.4466
vn 0.4675 0.6741 -0.5719
vn -0.0216 0.7776 -0.6284
vn 0.3578 0.6825 0.6373
vn 0.7315 0.6079 0.3087
vn -0.3911 0.8701 -0.2998
vn -0.4489 0.8709 0.2000
vn -0.1271 0.8040 0.5809
vn 0.7851 0.5892 -0.1911
vn -0.1526 0.9337 -0.3238
vn 0.3186 0.9471 -0.0376
vn 0.3865 0.8330 -0.3959
vn 0.1228 0.7253 -0.6774
vn -0.4150 0.8935 0.1718
vn 0.0135 0.9698 0.2435
vn -0.6670 0.7342 -0.1268
vn -0.5658 0.6545 -0.5014
vn -0.2632 0.6252 -0.7348
vn -0.2579 0.4987 -0.8275
vn -0.6801 0.4737 -0.5596
vn 0.5125 0.8553 0.0759
vn 0.5250 0.7342 -0.4306
vn -0.7989 0.5977 -0.0669
vn -0.4982 0.7785 0.3819
vn 0.0776 0.9013 0.4261
vn 0.2149 0.5887 -0.7793
vn 0.1732 0.9720 0.1589
vn 0.1389 0.7731 0.6189
vn 0.4952 0.7158 0.4924
vn 0.6300 0.7643 0.1378
vn -0.3273 0.9345 0.1400
vn -0.2159 0.8422 0.4940
vn -0.1974 0.9555 -0.2191
vn 0.1638 0.9256 -0.3411
vn 0.5137 0.8291 -0.2207
vn 0.5969 0.7288 -0.3355
vn 0.1467 0.8321 -0.5349
vn 0.1128 0.6243 0.7730
vn 0.5733 0.5842 0.5745
vn -0.3106 0.8901 -0.3335
vn -0.5224 0.8441 0.1206
vn -0.3342 0.7455 0.5766
vn 0.7819 0.6122 0.1176
vn -0.1679 0.9858 0.0046
vn 0.2569 0.9022 0.3464
vn 0.3815 0.9242 -0.0141
vn 0.1675 0.9207 -0.3526
vn -0.4936 0.7681 0.4079
vn -0.0853 0.8193 0.5670
vn -0.6902 0.7226 0.0374
vn -0.5327 0.7831 -0.3210
vn -0.1992 0.8427 -0.5002
vn -0.1726 0.7577 -0.6294
vn -0.6254 0.6334 -0.4557
vn 0.4387 0.7785 0.4489
vn 0.5298 0.8460 -0.0595
vn -0.8198 0.5721 0.0246
vn -0.5974 0.5847 0.5489
vn -0.0429 0.6910 0.7216
vn 0.2818 0.8306 -0.4804
vn -0.5546 0.8162 0.1621
vn -0.1328 0.8964 0.4228
vn -0.0671 0.9960 0.0595
vn -0.2849 0.9262 -0.2470
vn -0.6844 0.5003 0.5304
vn -0.3639 0.6796 0.6370
vn -0.8865 0.4074 0.2193
vn -0.8364 0.5300 -0.1395
vn -0.5898 0.7238 -0.3582
vn -0.5647 0.6472 -0.5121
vn -0.8948 0.3619 -0.2616
vn 0.0638 0.8611 0.5045
vn 0.1023 0.9945 0.0210
vn -0.9435 0.2434 0.2250
vn -0.6876 0.3213 0.6511
vn -0.2765 0.5908 0.7580
vn -0.1434 0.9016 -0.4081
vn -0.0394 0.9916 -0.1232
vn 0.3721 0.9152 0.1545
vn 0.4656 0.8592 -0.2121
vn 0.2314 0.8268 -0.5127
vn -0.3003 0.9063 0.2974
vn 0.0706 0.9182 0.3897
vn -0.5334 0.8459 0.0003
vn -0.4410 0.8178 -0.3697
vn -0.1384 0.7868 -0.6015
vn -0.1633 0.6682 -0.7259
vn -0.5834 0.6765 -0.4493
vn 0.5244 0.8093 0.2648
vn 0.6076 0.7605 -0.2290
vn -0.6674 0.7435 0.0421
vn -0.3918 0.7970 0.4596
vn 0.1035 0.8359 0.5391
vn 0.3327 0.6887 -0.6442
vn -0.1474 0.7615 0.6312
vn 0.0096 0.3842 0.9232
vn 0.3182 0.5513 0.7712
vn 0.3317 0.8076 0.4877
vn -0.5893 0.5233 0.6155
vn -0.3660 0.3402 0.8662
vn -0.5716 0.7581 0.3141
vn -0.2672 0.9467 0.1799
vn 0.1126 0.9692 0.2191
vn 0.1936 0.9789 0.0658
vn -0.2989 0.9537 -0.0334
vn 0.0781 0.1873 0.9792
vn 0.4560 0.4456 0.7704
vn -0.6795 0.7094 0.1870
vn -0.7378 0.3769 0.5600
vn -0.4172 0.1762 0.8916
vn 0.5170 0.7641 0.3858
vn -0.1989 0.9594 0.2001
vn 0.2452 0.8743 0.4188
vn 0.3087 0.9499 0.0493
vn 0.0530 0.9707 -0.2342
vn -0.4006 0.7060 0.5840
vn -0.0283 0.7532 0.6572
vn -0.6507 0.6997 0.2948
vn -0.5928 0.8024 -0.0690
vn -0.3138 0.8964 -0.3130
vn -0.3331 0.8189 -0.4673
vn -0.7199 0.6697 -0.1824
vn 0.4218 0.7678 0.4823
vn 0.4614 0.8872 -0.0048
vn -0.7631 0.5679 0.3084
vn -0.4580 0.5384 0.7074
vn 0.0313 0.6362 0.7709
vn 0.1600 0.8991 -0.4075
vn 0.3157 0.9392 -0.1350
vn 0.6945 0.7119 0.1040
vn 0.7264 0.6326 -0.2687
vn 0.4697 0.6941 -0.5455
vn 0.0821 0.9473 0.3095
vn 0.4384 0.8207 0.3664
vn -0.1835 0.9823 0.0366
vn -0.1427 0.9295 -0.3400
vn 0.1045 0.7943 -0.5985
vn 0.0263 0.6954 -0.7181
vn -0.3338 0.8519 -0.4036
vn 0.8069 0.5554 0.2013
vn 0.8200 0.4891 -0.2972
vn -0.3411 0.9355 0.0924
vn -0.0275 0.8761 0.4813
vn 0.4525 0.7292 0.5134
vn 0.5006 0.5311 -0.6836
vn 0.2016 0.7501 0.6298
vn 0.2357 0.3360 0.9119
vn 0.5685 0.3813 0.7290
vn 0.6487 0.6201 0.4413
vn -0.2962 0.6909 0.6594
vn -0.1334 0.4339 0.8910
vn -0.2218 0.9086 0.3539
vn 0.1167 0.9751 0.1888
vn 0.4801 0.8560 0.1919
vn 0.5444 0.8383 0.0315
vn 0.0700 0.9973 -0.0207
vn 0.2322 0.1266 0.9644
vn 0.6572 0.2324 0.7170
vn -0.3514 0.9054 0.2383
vn -0.4926 0.6102 0.6204
vn -0.2385 0.2995 0.9238
vn 0.7947 0.5137 0.3232
vn -0.0006 0.9634 -0.2682
vn 0.1697 0.9641 0.2043
vn 0.4642 0.8853 -0.0265
vn 0.4549 0.7965 -0.3984
vn -0.4559 0.8872 -0.0704
vn -0.2124 0.9528 0.2171
vn -0.4652 0.7712 -0.4346
vn -0.1707 0.7196 -0.6731
vn 0.2114 0.7037 -0.6783
vn 0.2700 0.5717 -0.7748
vn -0.2323 0.5552 -0.7986
vn 0.2314 0.8883 0.3968
vn 0.5926 0.8035 0.0570
vn -0.5935 0.6578 -0.4638
vn -0.6209 0.7836 0.0225
vn -0.2708 0.8895 0.3680
vn 0.6200 0.6599 -0.4244
vn 0.5197 0.8491 0.0950
vn 0.4644 0.6817 0.5654
vn 0.7628 0.4998 0.4103
vn 0.8694 0.4923 0.0430
vn 0.0389 0.9916 0.1231
vn 0.1459 0.8707 0.4697
vn 0.1307 0.9602 -0.2468
vn 0.4439 0.8022 -0.3993
vn 0.7476 0.5893 -0.3063
vn 0.7780 0.4644 -0.4231
vn 0.3754 0.7182 -0.5859
vn 0.4033 0.5540 0.7283
vn 0.7975 0.3501 0.4914
vn -0.0093 0.9377 -0.3472
vn -0.1764 0.9763 0.1257
vn 0.0102 0.8235 0.5672
vn 0.9551 0.2960 0.0167
vn 0.0339 0.9594 -0.2801
vn -0.4508 0.8743 -0.1797
vn -0.2738 0.9499 0.1508
vn 0.1022 0.9707 0.2173
vn -0.0430 0.7060 -0.7069
vn -0.3816 0.7532 -0.5357
vn 0.3321 0.6997 -0.6325
vn 0.5101 0.8024 -0.3099
vn 0.4399 0.8964 0.0540
vn 0.5500 0.8189 0.1639
vn 0.6800 0.6697 -0.2986
vn -0.6292 0.7678 -0.1211
vn -0.3610 0.8872 0.2874
vn 0.4124 0.5679 -0.7123
vn -0.0735 0.5384 -0.8395
vn -0.4985 0.6362 -0.5888
vn 0.1243 0.8991 0.4197
vn -0.1661 0.9392 0.3005
vn -0.6118 0.7119 0.3448
vn -0.4078 0.6326 0.6584
vn -0.0352 0.6941 0.7190
vn -0.2550 0.9473 -0.1937
vn -0.5710 0.8207 -0.0196
vn 0.1222 0.9823 -0.1416
vn 0.3215 0.9295 0.1805
vn 0.2855 0.7943 0.5363
vn 0.4206 0.6954 0.5826
vn 0.5114 0.8519 0.1132
vn -0.7602 0.5554 0.3371
vn -0.4642 0.4891 0.7385
vn 0.2123 0.9355 -0.2826
vn -0.2741 0.8761 -0.3966
vn -0.6725 0.7292 -0.1268
vn 0.0253 0.5311 0.8469
vn -0.5462 0.7501 -0.3728
vn -0.7464 0.3360 -0.5744
vn -0.8965 0.3813 -0.2256
vn -0.7829 0.6201 0.0506
vn -0.1716 0.6909 -0.7023
vn -0.4425 0.4339 -0.7848
vn -0.0426 0.9086 -0.4155
vn -0.2081 0.9751 -0.0772
vn -0.4966 0.8560 0.1437
vn -0.4487 0.8383 0.3098
vn -0.0424 0.9973 0.0594
vn -0.7759 0.1266 -0.6180
vn -0.9591 0.2324 -0.1616
vn 0.1307 0.9054 -0.4040
vn 0.0072 0.6102 -0.7922
vn -0.3797 0.2995 -0.8753
vn -0.8255 0.5137 0.2335
vn 0.1653 0.9634 0.2112
vn -0.2594 0.9641 -0.0569
vn -0.3499 0.8853 0.3063
vn -0.1140 0.7965 0.5939
vn 0.4029 0.8872 -0.2247
vn 0.0341 0.9528 -0.3018
vn 0.6341 0.7712 0.0569
vn 0.5483 0.7196 0.4260
vn 0.2502 0.7037 0.6650
vn 0.2633 0.5717 0.7771
vn 0.6741 0.5552 0.4872
vn -0.4264 0.8883 -0.1707
vn -0.5025 0.8035 0.3193
vn 0.7532 0.6578 0.0011
vn 0.4759 0.7836 -0.3994
vn -0.0125 0.8895 -0.4567
vn -0.2282 0.6599 0.7159
vn -0.4683 0.8491 0.2444
vn -0.7138 0.6817 -0.1605
vn -0.8539 0.4998 0.1453
vn -0.7122 0.4923 0.5004
vn -0.1063 0.9916 -0.0732
vn -0.4038 0.8707 -0.2808
vn 0.0486 0.9602 0.2751
vn -0.1047 0.8022 0.5878
vn -0.4015 0.5893 0.7011
vn -0.3537 0.4644 0.8120
vn 0.0640 0.7182 0.6929
vn -0.7658 0.5540 -0.3266
vn -0.9311 0.3501 0.1026
vn 0.2207 0.9377 0.2682
vn 0.0619 0.9763 -0.2076
vn -0.3567 0.8235 -0.4412
vn -0.7636 0.2960 0.5739
vn -0.1957 0.8656 0.4610
vn -0.1340 0.5351 0.8341
vn 0.2123 0.6551 0.7251
vn 0.3043 0.8579 0.4141
vn -0.6464 0.6549 0.3915
vn -0.4939 0.5044 0.7083
vn -0.5489 0.8332 0.0676
vn -0.2081 0.9777 -0.0285
vn 0.1573 0.9839 0.0843
vn 0.2671 0.9625 -0.0486
vn -0.1971 0.9500 -0.2422
vn -0.0962 0.3469 0.9329
vn 0.3373 0.5428 0.7692
vn -0.6341 0.7700 -0.0700
vn -0.7942 0.5102 0.3300
vn -0.5640 0.3504 0.7478
vn 0.5010 0.7867 0.3607
vn -0.1293 0.9555 -0.2650
vn -0.1280 0.9630 0.2372
vn 0.2356 0.9646 0.1188
vn 0.3688 0.8996 -0.2338
vn -0.5949 0.7704 -0.2293
vn -0.4803 0.8686 0.1221
vn -0.4580 0.6785 -0.5744
vn -0.0980 0.7071 -0.7003
vn 0.2579 0.7745 -0.5777
vn 0.3729 0.6646 -0.6475
vn -0.0765 0.5415 -0.8372
vn -0.1173 0.8902 0.4402
vn 0.3445 0.9072 0.2414
vn -0.5407 0.5421 -0.6433
vn -0.7534 0.6279 -0.1955
vn -0.5691 0.7847 0.2456
vn 0.5596 0.8039 -0.2015
vn 0.3245 0.9235 0.2045
vn 0.2481 0.7142 0.6546
vn 0.5932 0.6049 0.5313
vn 0.7421 0.6453 0.1814
vn -0.1749 0.9687 0.1760
vn -0.0880 0.8451 0.5273
vn -0.0351 0.9831 -0.1797
vn 0.3192 0.8999 -0.2972
vn 0.6460 0.7428 -0.1757
vn 0.7145 0.6351 -0.2935
vn 0.2916 0.8184 -0.4952
vn 0.1947 0.5653 0.8015
vn 0.6471 0.4590 0.6088
vn -0.1548 0.9417 -0.2986
vn -0.3815 0.9122 0.1495
vn -0.2222 0.7656 0.6037
vn 0.8678 0.4716 0.1568
vn -0.2563 0.9285 0.2686
vn -0.5764 0.6322 0.5177
vn -0.2512 0.6488 0.7183
vn 0.0869 0.7892 0.6079
vn -0.5349 0.8335 -0.1384
vn -0.7131 0.6816 0.1640
vn -0.1895 0.9478 -0.2564
vn 0.1284 0.9905 -0.0482
vn 0.2723 0.9149 0.2979
vn 0.4344 0.8530 0.2892
vn 0.2881 0.9397 -0.1843
vn -0.6722 0.4515 0.5868
vn -0.2338 0.5133 0.8257
vn -0.1550 0.8950 -0.4183
vn -0.6156 0.7258 -0.3071
vn -0.8232 0.5553 0.1182
vn 0.2315 0.6655 0.7096
vn 0.0637 0.9770 -0.2033
vn -0.2974 0.9438 0.1442
vn 0.0397 0.9449 0.3248
vn 0.3884 0.9051 0.1731
vn -0.2771 0.8025 -0.5284
vn -0.4547 0.8688 -0.1962
vn 0.0699 0.7351 -0.6744
vn 0.4088 0.7638 -0.4995
vn 0.5642 0.8113 -0.1533
vn 0.6985 0.7043 -0.1268
vn 0.5288 0.6094 -0.5908
vn -0.4333 0.8546 0.2862
vn 0.0290 0.8749 0.4834
vn 0.0676 0.6071 -0.7918
vn -0.4056 0.6621 -0.6301
vn -0.6019 0.7777 -0.1815
vn 0.5011 0.8018 0.3255
vn -0.3772 0.7646 -0.5226
vn -0.7231 0.6692 -0.1712
vn -0.4540 0.8909 -0.0140
vn -0.1107 0.9815 -0.1562
vn -0.5485 0.3548 -0.7572
vn -0.7791 0.4254 -0.4604
vn -0.1945 0.4239 -0.8846
vn 0.0639 0.6671 -0.7422
vn 0.1306 0.8894 -0.4382
vn 0.2945 0.8759 -0.3821
vn 0.2535 0.5714 -0.7805
vn -0.8187 0.5742 -0.0025
vn -0.4516 0.8779 0.1592
vn -0.1205 0.2819 -0.9519
vn -0.5807 0.1460 -0.8009
vn -0.8666 0.2838 -0.4105
vn 0.0156 0.9997 0.0179
vn 0.3721 0.8916 0.2580
vn -0.0050 0.8142 0.5806
vn 0.3031 0.6312 0.7140
vn 0.6328 0.5618 0.5329
vn 0.0176 0.9965 -0.0820
vn -0.1538 0.9540 0.2572
vn 0.3367 0.9020 -0.2703
vn 0.6554 0.7441 -0.1297
vn 0.7937 0.5791 0.1864
vn 0.8868 0.4369 0.1505
vn 0.7286 0.6202 -0.2905
vn -0.1711 0.7157 0.6771
vn 0.2608 0.5034 0.8238
vn 0.3036 0.8490 -0.4324
vn -0.1403 0.9641 -0.2256
vn -0.3224 0.9154 0.2409
vn 0.6978 0.3719 0.6122
vn -0.1410 0.9413 -0.3068
vn -0.1091 0.9563 0.2711
vn 0.2956 0.9485 0.1134
vn 0.4132 0.8640 -0.2876
vn -0.6534 0.7225 -0.2260
vn -0.5154 0.8416 0.1615
vn -0.5151 0.6128 -0.5993
vn -0.1287 0.6440 -0.7542
vn 0.2666 0.7172 -0.6438
vn 0.3679 0.5909 -0.7180
vn -0.1114 0.4660 -0.8778
vn -0.0815 0.8589 0.5056
vn 0.4313 0.8697 0.2401
vn -0.5873 0.4615 -0.6649
vn -0.8147 0.5500 -0.1838
vn -0.6099 0.7319 0.3040
vn 0.6151 0.7418 -0.2673
vn 0.4553 0.8583 -0.2364
vn 0.4459 0.8380 0.3146
vn 0.7454 0.6414 0.1817
vn 0.8241 0.5317 -0.1953
vn -0.0944 0.9732 -0.2096
vn 0.0719 0.9774 0.1989
vn -0.0101 0.8083 -0.5887
vn 0.3285 0.6349 -0.6993
vn 0.6596 0.4994 -0.5617
vn 0.7044 0.3580 -0.6129
vn 0.2722 0.4719 -0.8386
vn 0.4186 0.7354 0.5329
vn 0.8131 0.5124 0.2761
vn -0.1609 0.7156 -0.6797
vn -0.3411 0.9225 -0.1805
vn -0.0686 0.9368 0.3430
vn 0.9152 0.3618 -0.1776
vn -0.3374 0.8568 0.3899
vn -0.6095 0.4813 0.6300
vn -0.2471 0.5192 0.8181
vn 0.0859 0.7097 0.6992
vn -0.6664 0.7436 -0.0543
vn -0.7985 0.5388 0.2687
vn -0.3123 0.9258 -0.2129
vn 0.0650 0.9979 0.0029
vn 0.2590 0.8925 0.3694
vn 0.4451 0.8235 0.3517
vn 0.2483 0.9534 -0.1715
vn -0.6675 0.2890 0.6863
vn -0.2188 0.3764 0.9003
vn -0.2832 0.8671 -0.4098
vn -0.7586 0.6072 -0.2361
vn -0.8909 0.3870 0.2380
vn 0.2457 0.5719 0.7827
vn 0.0851 0.9653 -0.2471
vn -0.3099 0.9345 0.1753
vn 0.0855 0.9296 0.3585
vn 0.4586 0.8741 0.1603
vn -0.3178 0.7544 -0.5743
vn -0.5064 0.8384 -0.2016
vn 0.0492 0.6728 -0.7382
vn 0.4259 0.7065 -0.5652
vn 0.6178 0.7604 -0.2001
vn 0.7461 0.6381 -0.1900
vn 0.5326 0.5409 -0.6509
vn -0.4570 0.8178 0.3498
vn 0.0913 0.8372 0.5392
vn 0.0534 0.5314 -0.8454
vn -0.4510 0.5845 -0.6744
vn -0.6700 0.7199 -0.1812
vn 0.5902 0.7450 0.3109
vn 0.3078 0.9294 0.2038
vn -0.0837 0.8140 0.5747
vn 0.2525 0.6759 0.6924
vn 0.5939 0.6413 0.4858
vn -0.1077 0.9793 -0.1716
vn -0.2839 0.9309 0.2298
vn 0.2498 0.8915 -0.3779
vn 0.5923 0.7763 -0.2155
vn 0.7470 0.6550 0.1134
vn 0.8415 0.5300 0.1049
vn 0.6845 0.6346 -0.3589
vn -0.2362 0.6733 0.7006
vn 0.2574 0.5405 0.8010
vn 0.2297 0.8004 -0.5537
vn -0.2860 0.8986 -0.3327
vn -0.4732 0.8517 0.2252
vn 0.6767 0.4814 0.5570
vn 0.2194 0.9308 0.2924
vn -0.2354 0.8416 0.4861
vn 0.0246 0.6909 0.7226
vn 0.3980 0.6379 0.6593
vn -0.0146 0.9889 -0.1482
vn -0.2819 0.9516 0.1227
vn 0.3527 0.9096 -0.2197
vn 0.6188 0.7851 0.0251
vn 0.6591 0.6489 0.3801
vn 0.7668 0.5128 0.3860
vn 0.7463 0.6588 -0.0949
vn -0.4176 0.7358 0.5331
vn -0.0430 0.5663 0.8231
vn 0.3757 0.8455 -0.3795
vn -0.1167 0.9364 -0.3310
vn -0.4341 0.8990 0.0575
vn 0.4454 0.4582 0.7692
vn -0.0889 0.9199 0.3819
vn 0.0457 0.6338 0.7721
vn 0.3631 0.7285 0.5809
vn 0.3906 0.8900 0.2353
vn -0.5459 0.7178 0.4321
vn -0.3326 0.6006 0.7271
vn -0.5159 0.8533 0.0758
vn -0.2010 0.9740 -0.1047
vn 0.1798 0.9812 -0.0704
vn 0.2596 0.9405 -0.2193
vn -0.2347 0.9209 -0.3112
vn 0.1015 0.4575 0.8834
vn 0.4935 0.6180 0.6120
vn -0.6283 0.7773 -0.0327
vn -0.7045 0.5719 0.4202
vn -0.3943 0.4548 0.7985
vn 0.5714 0.8065 0.1521
vn -0.2383 0.9647 0.1124
vn 0.2527 0.9675 0.0063
vn 0.0612 0.9441 -0.3240
vn -0.3109 0.8729 -0.3761
vn -0.1056 0.8131 0.5725
vn 0.2138 0.8997 0.3806
vn -0.4709 0.7147 0.5172
vn -0.6691 0.7185 0.1901
vn -0.6234 0.7591 -0.1874
vn -0.7149 0.6419 -0.2773
vn -0.8064 0.5531 0.2094
vn 0.4494 0.8924 -0.0410
vn 0.1589 0.8780 -0.4515
vn -0.5203 0.5852 0.6219
vn -0.0386 0.6820 0.7303
vn 0.3535 0.8213 0.4477
vn -0.3184 0.7634 -0.5620
vn 0.2400 0.9476 0.2111
vn 0.3424 0.8975 -0.2780
vn -0.0315 0.9695 -0.2431
vn -0.2432 0.9670 0.0754
vn 0.6626 0.6890 0.2936
vn 0.6413 0.7630 -0.0810
vn 0.4441 0.6598 0.6061
vn 0.0770 0.7586 0.6470
vn -0.2287 0.8663 0.4440
vn -0.3732 0.7846 0.4951
vn -0.0011 0.6153 0.7883
vn 0.3606 0.8045 -0.4720
vn -0.1215 0.9162 -0.3818
vn 0.4855 0.5210 0.7020
vn 0.7968 0.5205 0.3068
vn 0.7372 0.6527 -0.1749
vn -0.4373 0.8993 0.0095
vn 0.0887 0.9932 0.0757
vn -0.4011 0.9048 0.1434
vn -0.2243 0.8493 0.4779
vn 0.1514 0.8248 0.5447
vn 0.0036 0.9110 -0.4125
vn -0.3342 0.9132 -0.2331
vn 0.3768 0.8585 -0.3478
vn 0.5561 0.8311 -0.0111
vn 0.4867 0.7945 0.3632
vn 0.5910 0.6775 0.4379
vn 0.7185 0.6939 -0.0485
vn -0.5856 0.7943 0.1619
vn -0.3163 0.7473 0.5843
vn 0.4509 0.7591 -0.4695
vn -0.0343 0.8027 -0.5953
vn -0.4565 0.8290 -0.3231
vn 0.1672 0.6854 0.7087
vn -0.4348 0.8939 -0.1087
vn -0.3955 0.8324 0.3883
vn -0.0603 0.9639 0.2593
vn 0.0575 0.9930 -0.1034
vn -0.8175 0.5694 -0.0865
vn -0.7103 0.6493 0.2718
vn -0.6874 0.5732 -0.4461
vn -0.3645 0.7300 -0.5782
vn -0.0374 0.8878 -0.4586
vn 0.0997 0.8302 -0.5485
vn -0.3047 0.5999 -0.7397
vn -0.3468 0.7395 0.5769
vn 0.0703 0.9273 0.3677
vn -0.7299 0.4286 -0.5325
vn -0.9219 0.3811 -0.0699
vn -0.7592 0.5257 0.3837
vn 0.2703 0.9583 -0.0929
usemtl Bark
s 1
f 8 7 17
f 8 17 18
f 71 69 25
f 71 25 26
f 5 4 14
f 5 14 15
f 1 2 12
f 1 12 11
f 9 8 18
f 9 18 19
f 6 5 15
f 6 15 16
f 3 1 11
f 3 11 13
f 10 9 19
f 10 19 20
f 7 6 16
f 7 16 17
f 4 3 13
f 4 13 14
f 2 10 20
f 2 20 12
f 13 11 62
f 13 62 66
f 65 61 21
f 65 21 23
f 79 77 29
f 79 29 30
f 73 71 26
f 73 26 27
f 64 79 30
f 64 30 22
f 75 73 27
f 75 27 28
f 69 67 24
f 69 24 25
f 67 65 23
f 67 23 24
f 77 75 28
f 77 28 29
f 53 51 36
f 53 36 37
f 19 18 76
f 19 76 78
f 16 15 70
f 16 70 72
f 61 64 22
f 61 22 21
f 20 19 78
f 20 78 80
f 17 16 72
f 17 72 74
f 14 13 66
f 14 66 68
f 12 20 80
f 12 80 63
f 18 17 74
f 18 74 76
f 15 14 68
f 15 68 70
f 44 59 40
f 44 40 32
f 21 22 43
f 21 43 42
f 55 53 37
f 55 37 38
f 49 47 34
f 49 34 35
f 47 45 33
f 47 33 34
f 57 55 38
f 57 38 39
f 51 49 35
f 51 35 36
f 45 41 31
f 45 31 33
f 59 57 39
f 59 39 40
f 31 32 40
f 31 40 39
f 31 39 38
f 31 38 37
f 31 37 36
f 31 36 35
f 31 35 34
f 31 34 33
f 30 29 58
f 30 58 60
f 27 26 52
f 27 52 54
f 24 23 46
f 24 46 48
f 22 30 60
f 22 60 43
f 28 27 54
f 28 54 56
f 25 24 48
f 25 48 50
f 23 21 42
f 23 42 46
f 29 28 56
f 29 56 58
f 26 25 50
f 26 50 52
f 42 43 44
f 42 44 41
f 46 42 41
f 46 41 45
f 48 46 45
f 48 45 47
f 50 48 47
f 50 47 49
f 52 50 49
f 52 49 51
f 54 52 51
f 54 51 53
f 56 54 53
f 56 53 55
f 58 56 55
f 58 55 57
f 60 58 57
f 60 57 59
f 43 60 59
f 43 59 44
f 41 44 32
f 41 32 31
f 62 63 64
f 62 64 61
f 66 62 61
f 66 61 65
f 68 66 65
f 68 65 67
f 70 68 67
f 70 67 69
f 72 70 69
f 72 69 71
f 74 72 71
f 74 71 73
f 76 74 73
f 76 73 75
f 78 76 75
f 78 75 77
f 80 78 77
f 80 77 79
f 63 80 79
f 63 79 64
f 11 12 63
f 11 63 62
f 105 107 108
f 105 108 106
f 118 101 102
f 118 102 117
f 120 117 129
f 120 129 130
f 107 109 110
f 107 110 108
f 101 103 104
f 101 104 102
f 99 98 97
f 99 97 100
f 109 111 112
f 109 112 110
f 103 105 106
f 103 106 104
f 93 95 96
f 93 96 94
f 98 81 82
f 98 82 97
f 81 83 84
f 81 84 82
f 83 85 86
f 83 86 84
f 85 87 88
f 85 88 86
f 87 89 90
f 87 90 88
f 89 91 92
f 89 92 90
f 91 93 94
f 91 94 92
f 150 149 98
f 150 98 99
f 136 137 113
f 136 113 111
f 119 118 117
f 119 117 120
f 133 134 107
f 133 107 105
f 132 133 105
f 132 105 103
f 135 136 111
f 135 111 109
f 139 131 101
f 139 101 118
f 138 140 119
f 138 119 115
f 115 119 120
f 115 120 116
f 137 138 115
f 137 115 113
f 113 115 116
f 113 116 114
f 131 132 103
f 131 103 101
f 134 135 109
f 134 109 107
f 116 120 130
f 116 130 128
f 110 112 126
f 110 126 125
f 104 106 123
f 104 123 122
f 114 116 128
f 114 128 127
f 112 114 127
f 112 127 126
f 106 108 124
f 106 124 123
f 140 139 118
f 140 118 119
f 102 104 122
f 102 122 121
f 111 113 114
f 111 114 112
f 100 97 139
f 100 139 140
f 149 141 81
f 149 81 98
f 145 146 91
f 145 91 89
f 144 145 89
f 144 89 87
f 147 148 95
f 147 95 93
f 142 143 85
f 142 85 83
f 141 142 83
f 141 83 81
f 143 144 87
f 143 87 85
f 108 110 125
f 108 125 124
f 146 147 93
f 146 93 91
f 94 96 138
f 94 138 137
f 84 86 133
f 84 133 132
f 86 88 134
f 86 134 133
f 97 82 131
f 97 131 139
f 88 90 135
f 88 135 134
f 82 84 132
f 82 132 131
f 96 100 140
f 96 140 138
f 148 150 99
f 148 99 95
f 159 151 141
f 159 141 149
f 92 94 137
f 92 137 136
f 117 102 121
f 117 121 129
f 154 155 145
f 154 145 144
f 157 158 148
f 157 148 147
f 158 160 150
f 158 150 148
f 155 156 146
f 155 146 145
f 152 153 143
f 152 143 142
f 160 159 149
f 160 149 150
f 156 157 147
f 156 147 146
f 90 92 136
f 90 136 135
f 153 154 144
f 153 144 143
f 151 152 142
f 151 142 141
f 95 99 100
f 95 100 96
f 206 166 165
f 206 165 205
f 203 163 161
f 203 161 201
f 210 170 169
f 210 169 209
f 207 167 166
f 207 166 206
f 202 162 170
f 202 170 210
f 208 168 167
f 208 167 207
f 205 165 164
f 205 164 204
f 204 164 163
f 204 163 203
f 209 169 168
f 209 168 208
f 193 177 176
f 193 176 191
f 201 161 162
f 201 162 202
f 184 172 180
f 184 180 199
f 161 182 183
f 161 183 162
f 195 178 177
f 195 177 193
f 189 175 174
f 189 174 187
f 187 174 173
f 187 173 185
f 197 179 178
f 197 178 195
f 191 176 175
f 191 175 189
f 185 173 171
f 185 171 181
f 199 180 179
f 199 179 197
f 170 200 198
f 170 198 169
f 167 194 192
f 167 192 166
f 164 188 186
f 164 186 163
f 162 183 200
f 162 200 170
f 168 196 194
f 168 194 167
f 165 190 188
f 165 188 164
f 163 186 182
f 163 182 161
f 169 198 196
f 169 196 168
f 166 192 190
f 166 190 165
f 182 181 184
f 182 184 183
f 186 185 181
f 186 181 182
f 188 187 185
f 188 185 186
f 190 189 187
f 190 187 188
f 192 191 189
f 192 189 190
f 194 193 191
f 194 191 192
f 196 195 193
f 196 193 194
f 198 197 195
f 198 195 196
f 200 199 197
f 200 197 198
f 183 184 199
f 183 199 200
f 181 171 172
f 181 172 184
f 233 217 216
f 233 216 231
f 224 212 220
f 224 220 239
f 235 218 217
f 235 217 233
f 229 215 214
f 229 214 227
f 227 214 213
f 227 213 225
f 237 219 218
f 237 218 235
f 231 216 215
f 231 215 229
f 225 213 211
f 225 211 221
f 239 220 219
f 239 219 237
f 211 213 214
f 211 214 215
f 211 215 216
f 211 216 217
f 211 217 218
f 211 218 219
f 211 219 220
f 211 220 212
f 222 221 224
f 222 224 223
f 226 225 221
f 226 221 222
f 228 227 225
f 228 225 226
f 230 229 227
f 230 227 228
f 232 231 229
f 232 229 230
f 234 233 231
f 234 231 232
f 236 235 233
f 236 233 234
f 238 237 235
f 238 235 236
f 240 239 237
f 240 237 238
f 223 224 239
f 223 239 240
f 221 211 212
f 221 212 224
f 206 205 246
f 206 246 245
f 203 201 250
f 203 250 248
f 201 202 249
f 201 249 250
f 205 204 247
f 205 247 246
f 208 207 244
f 208 244 243
f 202 210 241
f 202 241 249
f 204 203 248
f 204 248 247
f 207 206 245
f 207 245 244
f 210 209 242
f 210 242 241
f 209 208 243
f 209 243 242
f 121 122 123
f 121 123 124
f 121 124 125
f 121 125 126
f 121 126 127
f 121 127 128
f 121 128 130
f 121 130 129
f 171 173 174
f 171 174 175
f 171 175 176
f 171 176 177
f 171 177 178
f 171 178 179
f 171 179 180
f 171 180 172
f 275 277 278
f 275 278 276
f 288 271 272
f 288 272 287
f 290 287 299
f 290 299 300
f 277 279 280
f 277 280 278
f 271 273 274
f 271 274 272
f 269 268 267
f 269 267 270
f 279 281 282
f 279 282 280
f 273 275 276
f 273 276 274
f 263 265 266
f 263 266 264
f 268 251 252
f 268 252 267
f 251 253 254
f 251 254 252
f 253 255 256
f 253 256 254
f 255 257 258
f 255 258 256
f 257 259 260
f 257 260 258
f 259 261 262
f 259 262 260
f 261 263 264
f 261 264 262
f 320 319 268
f 320 268 269
f 306 307 283
f 306 283 281
f 289 288 287
f 289 287 290
f 303 304 277
f 303 277 275
f 302 303 275
f 302 275 273
f 305 306 281
f 305 281 279
f 309 301 271
f 309 271 288
f 308 310 289
f 308 289 285
f 285 289 290
f 285 290 286
f 307 308 285
f 307 285 283
f 283 285 286
f 283 286 284
f 301 302 273
f 301 273 271
f 304 305 279
f 304 279 277
f 286 290 300
f 286 300 298
f 280 282 296
f 280 296 295
f 274 276 293
f 274 293 292
f 284 286 298
f 284 298 297
f 282 284 297
f 282 297 296
f 276 278 294
f 276 294 293
f 310 309 288
f 310 288 289
f 272 274 292
f 272 292 291
f 281 283 284
f 281 284 282
f 270 267 309
f 270 309 310
f 319 311 251
f 319 251 268
f 315 316 261
f 315 261 259
f 314 315 259
f 314 259 257
f 317 318 265
f 317 265 263
f 312 313 255
f 312 255 253
f 311 312 253
f 311 253 251
f 313 314 257
f 313 257 255
f 278 280 295
f 278 295 294
f 316 317 263
f 316 263 261
f 264 266 308
f 264 308 307
f 254 256 303
f 254 303 302
f 256 258 304
f 256 304 303
f 267 252 301
f 267 301 309
f 258 260 305
f 258 305 304
f 252 254 302
f 252 302 301
f 266 270 310
f 266 310 308
f 318 320 269
f 318 269 265
f 329 321 311
f 329 311 319
f 262 264 307
f 262 307 306
f 287 272 291
f 287 291 299
f 324 325 315
f 324 315 314
f 327 328 318
f 327 318 317
f 328 330 320
f 328 320 318
f 325 326 316
f 325 316 315
f 322 323 313
f 322 313 312
f 330 329 319
f 330 319 320
f 326 327 317
f 326 317 316
f 260 262 306
f 260 306 305
f 323 324 314
f 323 314 313
f 321 322 312
f 321 312 311
f 265 269 270
f 265 270 266
f 376 336 335
f 376 335 375
f 373 333 331
f 373 331 371
f 380 340 339
f 380 339 379
f 377 337 336
f 377 336 376
f 372 332 340
f 372 340 380
f 378 338 337
f 378 337 377
f 375 335 334
f 375 334 374
f 374 334 333
f 374 333 373
f 379 339 338
f 379 338 378
f 363 347 346
f 363 346 361
f 371 331 332
f 371 332 372
f 354 342 350
f 354 350 369
f 331 352 353
f 331 353 332
f 365 348 347
f 365 347 363
f 359 345 344
f 359 344 357
f 357 344 343
f 357 343 355
f 367 349 348
f 367 348 365
f 361 346 345
f 361 345 359
f 355 343 341
f 355 341 351
f 369 350 349
f 369 349 367
f 340 370 368
f 340 368 339
f 337 364 362
f 337 362 336
f 334 358 356
f 334 356 333
f 332 353 370
f 332 370 340
f 338 366 364
f 338 364 337
f 335 360 358
f 335 358 334
f 333 356 352
f 333 352 331
f 339 368 366
f 339 366 338
f 336 362 360
f 336 360 335
f 352 351 354
f 352 354 353
f 356 355 351
f 356 351 352
f 358 357 355
f 358 355 356
f 360 359 357
f 360 357 358
f 362 361 359
f 362 359 360
f 364 363 361
f 364 361 362
f 366 365 363
f 366 363 364
f 368 367 365
f 368 365 366
f 370 369 367
f 370 367 368
f 353 354 369
f 353 369 370
f 351 341 342
f 351 342 354
f 403 387 386
f 403 386 401
f 394 382 390
f 394 390 409
f 405 388 387
f 405 387 403
f 399 385 384
f 399 384 397
f 397 384 383
f 397 383 395
f 407 389 388
f 407 388 405
f 401 386 385
f 401 385 399
f 395 383 381
f 395 381 391
f 409 390 389
f 409 389 407
f 381 383 384
f 381 384 385
f 381 385 386
f 381 386 387
f 381 387 388
f 381 388 389
f 381 389 390
f 381 390 382
f 392 391 394
f 392 394 393
f 396 395 391
f 396 391 392
f 398 397 395
f 398 395 396
f 400 399 397
f 400 397 398
f 402 401 399
f 402 399 400
f 404 403 401
f 404 401 402
f 406 405 403
f 406 403 404
f 408 407 405
f 408 405 406
f 410 409 407
f 410 407 408
f 393 394 409
f 393 409 410
f 391 381 382
f 391 382 394
f 376 375 416
f 376 416 415
f 373 371 420
f 373 420 418
f 371 372 419
f 371 419 420
f 375 374 417
f 375 417 416
f 378 377 414
f 378 414 413
f 372 380 411
f 372 411 419
f 374 373 418
f 374 418 417
f 377 376 415
f 377 415 414
f 380 379 412
f 380 412 411
f 379 378 413
f 379 413 412
f 291 292 293
f 291 293 294
f 291 294 295
f 291 295 296
f 291 296 297
f 291 297 298
f 291 298 300
f 291 300 299
f 341 343 344
f 341 344 345
f 341 345 346
f 341 346 347
f 341 347 348
f 341 348 349
f 341 349 350
f 341 350 342
f 453 437 436
f 453 436 451
f 444 432 440
f 444 440 459
f 421 442 443
f 421 443 422
f 455 438 437
f 455 437 453
f 449 435 434
f 449 434 447
f 447 434 433
f 447 433 445
f 457 439 438
f 457 438 455
f 451 436 435
f 451 435 449
f 445 433 431
f 445 431 441
f 459 440 439
f 459 439 457
f 430 460 458
f 430 458 429
f 427 454 452
f 427 452 426
f 424 448 446
f 424 446 423
f 422 443 460
f 422 460 430
f 428 456 454
f 428 454 427
f 425 450 448
f 425 448 424
f 423 446 442
f 423 442 421
f 429 458 456
f 429 456 428
f 426 452 450
f 426 450 425
f 442 441 444
f 442 444 443
f 446 445 441
f 446 441 442
f 448 447 445
f 448 445 446
f 450 449 447
f 450 447 448
f 452 451 449
f 452 449 450
f 454 453 451
f 454 451 452
f 456 455 453
f 456 453 454
f 458 457 455
f 458 455 456
f 460 459 457
f 460 457 458
f 443 444 459
f 443 459 460
f 441 431 432
f 441 432 444
f 483 467 466
f 483 466 481
f 474 462 470
f 474 470 489
f 485 468 467
f 485 467 483
f 479 465 464
f 479 464 477
f 477 464 463
f 477 463 475
f 487 469 468
f 487 468 485
f 481 466 465
f 481 465 479
f 475 463 461
f 475 461 471
f 489 470 469
f 489 469 487
f 461 463 464
f 461 464 465
f 461 465 466
f 461 466 467
f 461 467 468
f 461 468 469
f 461 469 470
f 461 470 462
f 472 471 474
f 472 474 473
f 476 475 471
f 476 471 472
f 478 477 475
f 478 475 476
f 480 479 477
f 480 477 478
f 482 481 479
f 482 479 480
f 484 483 481
f 484 481 482
f 486 485 483
f 486 483 484
f 488 487 485
f 488 485 486
f 490 489 487
f 490 487 488
f 473 474 489
f 473 489 490
f 471 461 462
f 471 462 474
f 431 433 434
f 431 434 435
f 431 435 436
f 431 436 437
f 431 437 438
f 431 438 439
f 431 439 440
f 431 440 432
usemtl Tree_Leaves
f 499 496 494
f 499 494 498
f 497 492 496
f 497 496 499
f 491 497 499
f 491 499 495
f 495 499 498
f 495 498 493
f 495 493 502
f 495 502 504
f 494 496 505
f 494 505 503
f 491 495 504
f 491 504 500
f 497 491 500
f 497 500 506
f 496 492 501
f 496 501 505
f 493 498 507
f 493 507 502
f 492 497 506
f 492 506 501
f 498 494 503
f 498 503 507
f 516 513 511
f 516 511 515
f 514 509 513
f 514 513 516
f 508 514 516
f 508 516 512
f 512 516 515
f 512 515 510
f 512 510 519
f 512 519 521
f 511 513 522
f 511 522 520
f 508 512 521
f 508 521 517
f 514 508 517
f 514 517 523
f 513 509 518
f 513 518 522
f 510 515 524
f 510 524 519
f 509 514 523
f 509 523 518
f 515 511 520
f 515 520 524
f 533 530 528
f 533 528 532
f 531 526 530
f 531 530 533
f 525 531 533
f 525 533 529
f 529 533 532
f 529 532 527
f 529 527 536
f 529 536 538
f 528 530 539
f 528 539 537
f 525 529 538
f 525 538 534
f 531 525 534
f 531 534 540
f 530 526 535
f 530 535 539
f 527 532 541
f 527 541 536
f 526 531 540
f 526 540 535
f 532 528 537
f 532 537 541
f 550 547 545
f 550 545 549
f 548 543 547
f 548 547 550
f 542 548 550
f 542 550 546
f 546 550 549
f 546 549 544
f 546 544 553
f 546 553 555
f 545 547 556
f 545 556 554
f 542 546 555
f 542 555 551
f 548 542 551
f 548 551 557
f 547 543 552
f 547 552 556
f 544 549 558
f 544 558 553
f 543 548 557
f 543 557 552
f 549 545 554
f 549 554 558
f 567 564 562
f 567 562 566
f 565 560 564
f 565 564 567
f 559 565 567
f 559 567 563
f 563 567 566
f 563 566 561
f 563 561 570
f 563 570 572
f 562 564 573
f 562 573 571
f 559 563 572
f 559 572 568
f 565 559 568
f 565 568 574
f 564 560 569
f 564 569 573
f 561 566 575
f 561 575 570
f 560 565 574
f 560 574 569
f 566 562 571
f 566 571 575
f 584 581 579
f 584 579 583
f 582 577 581
f 582 581 584
f 576 582 584
f 576 584 580
f 580 584 583
f 580 583 578
f 580 578 587
f 580 587 589
f 579 581 590
f 579 590 588
f 576 580 589
f 576 589 585
f 582 576 585
f 582 585 591
f 581 577 586
f 581 586 590
f 578 583 592
f 578 592 587
f 577 582 591
f 577 591 586
f 583 579 588
f 583 588 592
f 601 598 596
f 601 596 600
f 599 594 598
f 599 598 601
f 593 599 601
f 593 601 597
f 597 601 600
f 597 600 595
f 597 595 604
f 597 604 606
f 596 598 607
f 596 607 605
f 593 597 606
f 593 606 602
f 599 593 602
f 599 602 608
f 598 594 603
f 598 603 607
f 595 600 609
f 595 609 604
f 594 599 608
f 594 608 603
f 600 596 605
f 600 605 609
f 618 615 613
f 618 613 617
f 616 611 615
f 616 615 618
f 610 616 618
f 610 618 614
f 614 618 617
f 614 617 612
f 614 612 621
f 614 621 623
f 613 615 624
f 613 624 622
f 610 614 623
f 610 623 619
f 616 610 619
f 616 619 625
f 615 611 620
f 615 620 624
f 612 617 626
f 612 626 621
f 611 616 625
f 611 625 620
f 617 613 622
f 617 622 626
f 635 632 630
f 635 630 634
f 633 628 632
f 633 632 635
f 627 633 635
f 627 635 631
f 631 635 634
f 631 634 629
f 631 629 638
f 631 638 640
f 630 632 641
f 630 641 639
f 627 631 640
f 627 640 636
f 633 627 636
f 633 636 642
f 632 628 637
f 632 637 641
f 629 634 643
f 629 643 638
f 628 633 642
f 628 642 637
f 634 630 639
f 634 639 643
f 652 649 647
f 652 647 651
f 650 645 649
f 650 649 652
f 644 650 652
f 644 652 648
f 648 652 651
f 648 651 646
f 648 646 655
f 648 655 657
f 647 649 658
f 647 658 656
f 644 648 657
f 644 657 653
f 650 644 653
f 650 653 659
f 649 645 654
f 649 654 658
f 646 651 660
f 646 660 655
f 645 650 659
f 645 659 654
f 651 647 656
f 651 656 660
f 669 666 664
f 669 664 668
f 667 662 666
f 667 666 669
f 661 667 669
f 661 669 665
f 665 669 668
f 665 668 663
f 665 663 672
f 665 672 674
f 664 666 675
f 664 675 673
f 661 665 674
f 661 674 670
f 667 661 670
f 667 670 676
f 666 662 671
f 666 671 675
f 663 668 677
f 663 677 672
f 662 667 676
f 662 676 671
f 668 664 673
f 668 673 677
f 686 683 681
f 686 681 685
f 684 679 683
f 684 683 686
f 678 684 686
f 678 686 682
f 682 686 685
f 682 685 680
f 682 680 689
f 682 689 691
f 681 683 692
f 681 692 690
f 678 682 691
f 678 691 687
f 684 678 687
f 684 687 693
f 683 679 688
f 683 688 692
f 680 685 694
f 680 694 689
f 679 684 693
f 679 693 688
f 685 681 690
f 685 690 694
f 703 700 698
f 703 698 702
f 701 696 700
f 701 700 703
f 695 701 703
f 695 703 699
f 699 703 702
f 699 702 697
f 699 697 706
f 699 706 708
f 698 700 709
f 698 709 707
f 695 699 708
f 695 708 704
f 701 695 704
f 701 704 710
f 700 696 705
f 700 705 709
f 697 702 711
f 697 711 706
f 696 701 710
f 696 710 705
f 702 698 707
f 702 707 711
f 720 717 715
f 720 715 719
f 718 713 717
f 718 717 720
f 712 718 720
f 712 720 716
f 716 720 719
f 716 719 714
f 716 714 723
f 716 723 725
f 715 717 726
f 715 726 724
f 712 716 725
f 712 725 721
f 718 712 721
f 718 721 727
f 717 713 722
f 717 722 726
f 714 719 728
f 714 728 723
f 713 718 727
f 713 727 722
f 719 715 724
f 719 724 728
f 737 734 732
f 737 732 736
f 735 730 734
f 735 734 737
f 729 735 737
f 729 737 733
f 733 737 736
f 733 736 731
f 733 731 740
f 733 740 742
f 732 734 743
f 732 743 741
f 729 733 742
f 729 742 738
f 735 729 738
f 735 738 744
f 734 730 739
f 734 739 743
f 731 736 745
f 731 745 740
f 730 735 744
f 730 744 739
f 736 732 741
f 736 741 745
f 754 751 749
f 754 749 753
f 752 747 751
f 752 751 754
f 746 752 754
f 746 754 750
f 750 754 753
f 750 753 748
f 750 748 757
f 750 757 759
f 749 751 760
f 749 760 758
f 746 750 759
f 746 759 755
f 752 746 755
f 752 755 761
f 751 747 756
f 751 756 760
f 748 753 762
f 748 762 757
f 747 752 761
f 747 761 756
f 753 749 758
f 753 758 762
f 771 768 766
f 771 766 770
f 769 764 768
f 769 768 771
f 763 769 771
f 763 771 767
f 767 771 770
f 767 770 765
f 767 765 774
f 767 774 776
f 766 768 777
f 766 777 775
f 763 767 776
f 763 776 772
f 769 763 772
f 769 772 778
f 768 764 773
f 768 773 777
f 765 770 779
f 765 779 774
f 764 769 778
f 764 778 773
f 770 766 775
f 770 775 779
f 788 785 783
f 788 783 787
f 786 781 785
f 786 785 788
f 780 786 788
f 780 788 784
f 784 788 787
f 784 787 782
f 784 782 791
f 784 791 793
f 783 785 794
f 783 794 792
f 780 784 793
f 780 793 789
f 786 780 789
f 786 789 795
f 785 781 790
f 785 790 794
f 782 787 796
f 782 796 791
f 781 786 795
f 781 795 790
f 787 783 792
f 787 792 796
f 805 802 800
f 805 800 804
f 803 798 802
f 803 802 805
f 797 803 805
f 797 805 801
f 801 805 804
f 801 804 799
f 801 799 808
f 801 808 810
f 800 802 811
f 800 811 809
f 797 801 810
f 797 810 806
f 803 797 806
f 803 806 812
f 802 798 807
f 802 807 811
f 799 804 813
f 799 813 808
f 798 803 812
f 798 812 807
f 804 800 809
f 804 809 813
f 822 819 817
f 822 817 821
f 820 815 819
f 820 819 822
f 814 820 822
f 814 822 818
f 818 822 821
f 818 821 816
f 818 816 825
f 818 825 827
f 817 819 828
f 817 828 826
f 814 818 827
f 814 827 823
f 820 814 823
f 820 823 829
f 819 815 824
f 819 824 828
f 816 821 830
f 816 830 825
f 815 820 829
f 815 829 824
f 821 817 826
f 821 826 830
f 839 836 834
f 839 834 838
f 837 832 836
f 837 836 839
f 831 837 839
f 831 839 835
f 835 839 838
f 835 838 833
f 835 833 842
f 835 842 844
f 834 836 845
f 834 845 843
f 831 835 844
f 831 844 840
f 837 831 840
f 837 840 846
f 836 832 841
f 836 841 845
f 833 838 847
f 833 847 842
f 832 837 846
f 832 846 841
f 838 834 843
f 838 843 847
f 856 853 851
f 856 851 855
f 854 849 853
f 854 853 856
f 848 854 856
f 848 856 852
f 852 856 855
f 852 855 850
f 852 850 859
f 852 859 861
f 851 853 862
f 851 862 860
f 848 852 861
f 848 861 857
f 854 848 857
f 854 857 863
f 853 849 858
f 853 858 862
f 850 855 864
f 850 864 859
f 849 854 863
f 849 863 858
f 855 851 860
f 855 860 864
f 873 870 868
f 873 868 872
f 871 866 870
f 871 870 873
f 865 871 873
f 865 873 869
f 869 873 872
f 869 872 867
f 869 867 876
f 869 876 878
f 868 870 879
f 868 879 877
f 865 869 878
f 865 878 874
f 871 865 874
f 871 874 880
f 870 866 875
f 870 875 879
f 867 872 881
f 867 881 876
f 866 871 880
f 866 880 875
f 872 868 877
f 872 877 881
f 890 887 885
f 890 885 889
f 888 883 887
f 888 887 890
f 882 888 890
f 882 890 886
f 886 890 889
f 886 889 884
f 886 884 893
f 886 893 895
f 885 887 896
f 885 896 894
f 882 886 895
f 882 895 891
f 888 882 891
f 888 891 897
f 887 883 892
f 887 892 896
f 884 889 898
f 884 898 893
f 883 888 897
f 883 897 892
f 889 885 894
f 889 894 898
f 907 904 902
f 907 902 906
f 905 900 904
f 905 904 907
f 899 905 907
f 899 907 903
f 903 907 906
f 903 906 901
f 903 901 910
f 903 910 912
f 902 904 913
f 902 913 911
f 899 903 912
f 899 912 908
f 905 899 908
f 905 908 914
f 904 900 909
f 904 909 913
f 901 906 915
f 901 915 910
f 900 905 914
f 900 914 909
f 906 902 911
f 906 911 915
f 924 921 919
f 924 919 923
f 922 917 921
f 922 921 924
f 916 922 924
f 916 924 920
f 920 924 923
f 920 923 918
f 920 918 927
f 920 927 929
f 919 921 930
f 919 930 928
f 916 920 929
f 916 929 925
f 922 916 925
f 922 925 931
f 921 917 926
f 921 926 930
f 918 923 932
f 918 932 927
f 917 922 931
f 917 931 926
f 923 919 928
f 923 928 932
f 941 938 936
f 941 936 940
f 939 934 938
f 939 938 941
f 933 939 941
f 933 941 937
f 937 941 940
f 937 940 935
f 937 935 944
f 937 944 946
f 936 938 947
f 936 947 945
f 933 937 946
f 933 946 942
f 939 933 942
f 939 942 948
f 938 934 943
f 938 943 947
f 935 940 949
f 935 949 944
f 934 939 948
f 934 948 943
f 940 936 945
f 940 945 949
f 958 955 953
f 958 953 957
f 956 951 955
f 956 955 958
f 950 956 958
f 950 958 954
f 954 958 957
f 954 957 952
f 954 952 961
f 954 961 963
f 953 955 964
f 953 964 962
f 950 954 963
f 950 963 959
f 956 950 959
f 956 959 965
f 955 951 960
f 955 960 964
f 952 957 966
f 952 966 961
f 951 956 965
f 951 965 960
f 957 953 962
f 957 962 966
f 975 972 970
f 975 970 974
f 973 968 972
f 973 972 975
f 967 973 975
f 967 975 971
f 971 975 974
f 971 974 969
f 971 969 978
f 971 978 980
f 970 972 981
f 970 981 979
f 967 971 980
f 967 980 976
f 973 967 976
f 973 976 982
f 972 968 977
f 972 977 981
f 969 974 983
f 969 983 978
f 968 973 982
f 968 982 977
f 974 970 979
f 974 979 983
f 992 989 987
f 992 987 991
f 990 985 989
f 990 989 992
f 984 990 992
f 984 992 988
f 988 992 991
f 988 991 986
f 988 986 995
f 988 995 997
f 987 989 998
f 987 998 996
f 984 988 997
f 984 997 993
f 990 984 993
f 990 993 999
f 989 985 994
f 989 994 998
f 986 991 1000
f 986 1000 995
f 985 990 999
f 985 999 994
f 991 987 996
f 991 996 1000
f 1009 1006 1004
f 1009 1004 1008
f 1007 1002 1006
f 1007 1006 1009
f 1001 1007 1009
f 1001 1009 1005
f 1005 1009 1008
f 1005 1008 1003
f 1005 1003 1012
f 1005 1012 1014
f 1004 1006 1015
f 1004 1015 1013
f 1001 1005 1014
f 1001 1014 1010
f 1007 1001 1010
f 1007 1010 1016
f 1006 1002 1011
f 1006 1011 1015
f 1003 1008 1017
f 1003 1017 1012
f 1002 1007 1016
f 1002 1016 1011
f 1008 1004 1013
f 1008 1013 1017
f 1026 1023 1021
f 1026 1021 1025
f 1024 1019 1023
f 1024 1023 1026
f 1018 1024 1026
f 1018 1026 1022
f 1022 1026 1025
f 1022 1025 1020
f 1022 1020 1029
f 1022 1029 1031
f 1021 1023 1032
f 1021 1032 1030
f 1018 1022 1031
f 1018 1031 1027
f 1024 1018 1027
f 1024 1027 1033
f 1023 1019 1028
f 1023 1028 1032
f 1020 1025 1034
f 1020 1034 1029
f 1019 1024 1033
f 1019 1033 1028
f 1025 1021 1030
f 1025 1030 1034
f 1043 1040 1038
f 1043 1038 1042
f 1041 1036 1040
f 1041 1040 1043
f 1035 1041 1043
f 1035 1043 1039
f 1039 1043 1042
f 1039 1042 1037
f 1039 1037 1046
f 1039 1046 1048
f 1038 1040 1049
f 1038 1049 1047
f 1035 1039 1048
f 1035 1048 1044
f 1041 1035 1044
f 1041 1044 1050
f 1040 1036 1045
f 1040 1045 1049
f 1037 1042 1051
f 1037 1051 1046
f 1036 1041 1050
f 1036 1050 1045
f 1042 1038 1047
f 1042 1047 1051
f 1060 1057 1055
f 1060 1055 1059
f 1058 1053 1057
f 1058 1057 1060
f 1052 1058 1060
f 1052 1060 1056
f 1056 1060 1059
f 1056 1059 1054
f 1056 1054 1063
f 1056 1063 1065
f 1055 1057 1066
f 1055 1066 1064
f 1052 1056 1065
f 1052 1065 1061
f 1058 1052 1061
f 1058 1061 1067
f 1057 1053 1062
f 1057 1062 1066
f 1054 1059 1068
f 1054 1068 1063
f 1053 1058 1067
f 1053 1067 1062
f 1059 1055 1064
f 1059 1064 1068
f 1077 1074 1072
f 1077 1072 1076
f 1075 1070 1074
f 1075 1074 1077
f 1069 1075 1077
f 1069 1077 1073
f 1073 1077 1076
f 1073 1076 1071
f 1073 1071 1080
f 1073 1080 1082
f 1072 1074 1083
f 1072 1083 1081
f 1069 1073 1082
f 1069 1082 1078
f 1075 1069 1078
f 1075 1078 1084
f 1074 1070 1079
f 1074 1079 1083
f 1071 1076 1085
f 1071 1085 1080
f 1070 1075 1084
f 1070 1084 1079
f 1076 1072 1081
f 1076 1081 1085
f 1094 1091 1089
f 1094 1089 1093
f 1092 1087 1091
f 1092 1091 1094
f 1086 1092 1094
f 1086 1094 1090
f 1090 1094 1093
f 1090 1093 1088
f 1090 1088 1097
f 1090 1097 1099
f 1089 1091 1100
f 1089 1100 1098
f 1086 1090 1099
f 1086 1099 1095
f 1092 1086 1095
f 1092 1095 1101
f 1091 1087 1096
f 1091 1096 1100
f 1088 1093 1102
f 1088 1102 1097
f 1087 1092 1101
f 1087 1101 1096
f 1093 1089 1098
f 1093 1098 1102
f 1111 1108 1106
f 1111 1106 1110
f 1109 1104 1108
f 1109 1108 1111
f 1103 1109 1111
f 1103 1111 1107
f 1107 1111 1110
f 1107 1110 1105
f 1107 1105 1114
f 1107 1114 1116
f 1106 1108 1117
f 1106 1117 1115
f 1103 1107 1116
f 1103 1116 1112
f 1109 1103 1112
f 1109 1112 1118
f 1108 1104 1113
f 1108 1113 1117
f 1105 1110 1119
f 1105 1119 1114
f 1104 1109 1118
f 1104 1118 1113
f 1110 1106 1115
f 1110 1115 1119
f 1128 1125 1123
f 1128 1123 1127
f 1126 1121 1125
f 1126 1125 1128
f 1120 1126 1128
f 1120 1128 1124
f 1124 1128 1127
f 1124 1127 1122
f 1124 1122 1131
f 1124 1131 1133
f 1123 1125 1134
f 1123 1134 1132
f 1120 1124 1133
f 1120 1133 1129
f 1126 1120 1129
f 1126 1129 1135
f 1125 1121 1130
f 1125 1130 1134
f 1122 1127 1136
f 1122 1136 1131
f 1121 1126 1135
f 1121 1135 1130
f 1127 1123 1132
f 1127 1132 1136
f 1145 1142 1140
f 1145 1140 1144
f 1143 1138 1142
f 1143 1142 1145
f 1137 1143 1145
f 1137 1145 1141
f 1141 1145 1144
f 1141 1144 1139
f 1141 1139 1148
f 1141 1148 1150
f 1140 1142 1151
f 1140 1151 1149
f 1137 1141 1150
f 1137 1150 1146
f 1143 1137 1146
f 1143 1146 1152
f 1142 1138 1147
f 1142 1147 1151
f 1139 1144 1153
f 1139 1153 1148
f 1138 1143 1152
f 1138 1152 1147
f 1144 1140 1149
f 1144 1149 1153
f 1162 1159 1157
f 1162 1157 1161
f 1160 1155 1159
f 1160 1159 1162
f 1154 1160 1162
f 1154 1162 1158
f 1158 1162 1161
f 1158 1161 1156
f 1158 1156 1165
f 1158 1165 1167
f 1157 1159 1168
f 1157 1168 1166
f 1154 1158 1167
f 1154 1167 1163
f 1160 1154 1163
f 1160 1163 1169
f 1159 1155 1164
f 1159 1164 1168
f 1156 1161 1170
f 1156 1170 1165
f 1155 1160 1169
f 1155 1169 1164
f 1161 1157 1166
f 1161 1166 1170
f 1179 1176 1174
f 1179 1174 1178
f 1177 1172 1176
f 1177 1176 1179
f 1171 1177 1179
f 1171 1179 1175
f 1175 1179 1178
f 1175 1178 1173
f 1175 1173 1182
f 1175 1182 1184
f 1174 1176 1185
f 1174 1185 1183
f 1171 1175 1184
f 1171 1184 1180
f 1177 1171 1180
f 1177 1180 1186
f 1176 1172 1181
f 1176 1181 1185
f 1173 1178 1187
f 1173 1187 1182
f 1172 1177 1186
f 1172 1186 1181
f 1178 1174 1183
f 1178 1183 1187
