# Split Tree_3_bark mesh for Ursina textured rendering
o Tree_3_bark
v -0.645167 1.046897 -0.292397
v -0.706722 0.935259 -0.190810
v -1.494762 2.273735 -0.150008
v -1.392087 2.321684 -0.238575
v -2.023530 3.326109 0.062880
v -1.996646 3.352054 0.174782
v -2.191036 3.776813 0.094384
v -2.209985 3.760243 0.019484
v -0.646503 0.918419 0.113238
v -0.550405 1.013045 0.206557
v -1.337556 2.219594 0.197262
v -1.457553 2.212624 0.116310
v -0.409942 1.263464 0.098237
v -0.420443 1.311999 -0.054069
v -1.092239 2.375534 -0.030204
v -1.108487 2.326288 0.102107
v -0.554751 1.180452 -0.293487
v -1.257788 2.366229 -0.238752
v -0.705635 0.888988 -0.034750
v -1.517195 2.233232 -0.013041
v -0.455432 1.147428 0.202786
v -1.199578 2.261921 0.193029
v -0.473947 1.281053 -0.200655
v -1.147648 2.390109 -0.157794
v -1.397817 3.052555 0.200130
v -1.507035 3.020751 0.285351
v -1.813832 3.462949 0.242947
v -1.730631 3.506091 0.174574
v -2.001568 3.844584 0.093228
v -2.059738 3.826626 0.138608
v -1.715760 3.488793 -0.042232
v -1.790417 3.431046 -0.115011
v -2.040051 3.787186 -0.096276
v -1.989538 3.821837 -0.048818
v -1.986281 3.335067 -0.048508
v -2.180852 3.755135 -0.053909
v -1.693874 3.515175 0.067020
v -1.975984 3.843842 0.022313
v -1.895965 3.372246 -0.117520
v -2.115149 3.762628 -0.098680
v -1.915727 3.403814 0.243809
v -2.132226 3.800979 0.139887
v -2.206214 4.825620 -0.069305
v -2.227680 4.820827 -0.005492
v -1.811179 5.375103 0.026638
v -1.799076 5.370191 -0.006417
v -1.647076 2.958358 -0.147484
v -1.509507 2.999375 -0.150298
v -1.748994 2.953424 0.203456
v -1.791721 2.936469 0.074375
v -1.400114 3.041096 -0.066926
v -1.754944 2.939176 -0.059199
v -1.641978 2.982743 0.284490
v -1.358442 3.059398 0.065720
v -2.009807 4.811502 -0.005492
v -2.030785 4.818111 -0.069306
v -1.739007 5.302542 -0.006415
v -1.735565 5.289940 0.026638
v -2.102452 4.507915 -0.029868
v -2.124960 4.514433 0.041563
v -2.151904 4.826049 -0.108469
v -1.777786 5.351295 -0.025923
v -2.207262 4.812665 0.059009
v -2.152816 4.805197 0.098439
v -1.792319 5.339267 0.081093
v -1.808599 5.363159 0.060416
v -2.085732 4.802322 0.098439
v -1.768915 5.312907 0.081093
v -2.084860 4.823180 -0.108469
v -1.755254 5.325917 -0.025924
v -2.030848 4.805111 0.059009
v -1.747118 5.293917 0.060416
v -2.185716 4.497273 -0.146033
v -2.125194 4.501371 -0.100723
v -2.343656 4.518298 -0.029799
v -2.321810 4.509819 -0.100378
v -2.185520 4.519469 0.086159
v -2.260543 4.522683 0.085945
v -2.262314 4.500555 -0.145803
v -2.320861 4.522853 0.041293
v -2.044060 3.472054 0.095792
v -2.007892 3.440034 0.180583
v -1.691050 4.014861 0.385547
v -1.703003 4.062613 0.336018
v -1.837869 3.376682 0.208492
v -1.770497 3.365891 0.143734
v -1.562947 3.902678 0.327485
v -1.603139 3.917446 0.379423
v -1.783523 3.400748 -0.036066
v -1.863002 3.439959 -0.081733
v -1.595955 4.021723 0.193473
v -1.558273 3.963825 0.211289
v -2.023185 3.485345 0.001664
v -1.684463 4.082943 0.272040
v -1.928510 3.403630 0.223251
v -1.652496 3.959308 0.401819
v -1.748651 3.375505 0.052335
v -1.544999 3.919912 0.264636
v -1.954034 3.474474 -0.065739
v -1.643135 4.068097 0.218124
v -1.164638 4.094868 0.587621
v -1.191867 4.108995 0.639044
v -1.145331 4.230516 0.500937
v -1.136922 4.167615 0.500447
v -1.217302 4.268378 0.641848
v -1.194201 4.292233 0.589548
v -1.216043 4.154379 0.671713
v -1.143189 4.116270 0.535683
v -1.166070 4.278087 0.536305
v -1.226051 4.215417 0.673107
v -0.657448 4.547007 0.829056
v -0.652225 4.483807 0.826622
v -0.726724 4.584146 0.971502
v -0.702705 4.608385 0.919795
v -0.709379 4.423844 0.963744
v -0.731072 4.469374 0.997917
v -0.660903 4.431795 0.860337
v -0.675585 4.594464 0.865971
v -0.737981 4.530769 1.001209
v -0.683150 4.409933 0.911744
v -0.287958 4.938438 1.257823
v -0.277931 4.943659 1.212227
v -0.186001 4.901698 1.314725
v -0.230608 4.911922 1.321022
v -0.159547 4.910230 1.196470
v -0.142308 4.901012 1.239716
v -0.243971 4.939404 1.180153
v -0.269853 4.925931 1.299469
v -0.152914 4.897473 1.283919
v -0.198919 4.925527 1.173414
v 0.046540 5.279704 1.488843
v 0.007701 5.283400 1.493064
v 0.069951 5.281709 1.388360
v 0.084744 5.279073 1.425771
v -0.033851 5.296726 1.398300
v -0.004199 5.294956 1.371743
v -0.026565 5.288953 1.473485
v 0.075432 5.277945 1.463351
v 0.035454 5.288221 1.367415
v -0.042504 5.294356 1.437185
v -0.983146 4.689185 0.760788
v -1.175229 4.762147 0.653827
v -1.206093 4.752541 0.681572
v -1.009797 4.674011 0.790705
v -1.042403 4.599322 0.791753
v -1.268541 4.702888 0.667377
v -1.276423 4.682801 0.631472
v -1.036546 4.569282 0.762799
v -0.989895 4.572703 0.698925
v -1.232621 4.683115 0.566068
v -1.195126 4.703362 0.560043
v -0.964450 4.605597 0.686920
v -0.962370 4.679239 0.724740
v -1.160764 4.754634 0.614540
v -1.032262 4.639420 0.802709
v -1.241706 4.729557 0.686830
v -1.016559 4.559369 0.727914
v -1.262659 4.675337 0.593393
v -0.954058 4.647088 0.696750
v -1.167427 4.731419 0.578745
v -1.592495 4.918907 0.485994
v -1.601817 4.905590 0.454339
v -1.565485 4.905394 0.398200
v -1.531587 4.918371 0.393834
v -1.496122 4.953362 0.442928
v -1.507065 4.958537 0.476973
v -1.566584 4.936691 0.503839
v -1.591447 4.900451 0.421333
v -1.504791 4.937270 0.411124
v -1.533936 4.952130 0.500348
v -0.684695 4.531507 0.998597
v -0.688618 4.574022 1.001394
v -0.620220 4.506574 0.913134
v -0.643173 4.490954 0.944091
v -0.629869 4.619104 0.917336
v -0.609860 4.586778 0.896339
v -0.677564 4.611152 0.982833
v -0.667614 4.500158 0.976226
v -0.605809 4.543100 0.894922
v -0.655145 4.628299 0.950600
v -1.555903 3.065510 0.115987
v -1.494811 3.023962 0.174218
v -0.962739 3.486796 0.083101
v -0.991636 3.528910 0.039255
v -1.370489 2.906666 0.128370
v -1.355598 2.872994 0.045499
v -0.900506 3.350323 -0.003958
v -0.905570 3.377409 0.054789
v -1.446739 2.908820 -0.101939
v -1.518605 2.972241 -0.108995
v -0.980434 3.454879 -0.120364
v -0.947607 3.394930 -0.112738
v -1.584067 3.069963 0.026603
v -1.006119 3.537803 -0.025695
v -1.423701 2.963090 0.178338
v -0.929696 3.428718 0.088609
v -1.382741 2.873806 -0.041419
v -0.915269 3.356542 -0.067119
v -1.569199 3.035584 -0.059260
v -1.001124 3.510217 -0.086584
v -0.422892 3.478264 -0.016378
v -0.417718 3.502133 0.035922
v -0.434525 3.592860 -0.122022
v -0.435318 3.532148 -0.114540
v -0.418291 3.656947 0.020198
v -0.422798 3.669431 -0.038030
v -0.415752 3.552808 0.065537
v -0.428853 3.488811 -0.073062
v -0.428148 3.645180 -0.092242
v -0.416030 3.612183 0.059904
v 0.164789 3.826589 -0.144783
v 0.160388 3.766028 -0.137323
v 0.183902 3.889621 -0.002449
v 0.180486 3.902344 -0.060699
v 0.175291 3.735043 0.013233
v 0.180051 3.785516 0.042874
v 0.164048 3.722389 -0.095820
v 0.174048 3.878447 -0.114950
v 0.183293 3.844804 0.037257
v 0.169039 3.711514 -0.039104
v 0.726702 4.164270 -0.043233
v 0.712690 4.162544 -0.086261
v 0.833993 4.115429 -0.038116
v 0.801963 4.134484 -0.013742
v 0.797429 4.106167 -0.148977
v 0.832034 4.098511 -0.120047
v 0.723845 4.148572 -0.127791
v 0.760823 4.153195 -0.015401
v 0.845075 4.101787 -0.078201
v 0.755587 4.125957 -0.152048
v 1.155262 4.441702 -0.077337
v 1.126129 4.453280 -0.056164
v 1.124336 4.428728 -0.170991
v 1.154803 4.427135 -0.146915
v 1.046412 4.464358 -0.116471
v 1.057106 4.454130 -0.151917
v 1.089043 4.463274 -0.056974
v 1.165870 4.431742 -0.111553
v 1.086490 4.439528 -0.172989
v 1.058523 4.467802 -0.080121
v 0.009469 4.015325 -0.257229
v -0.158295 4.100155 -0.377744
v -0.191267 4.092922 -0.354360
v -0.020088 4.002419 -0.231430
v -0.056659 3.932965 -0.234821
v -0.253070 4.049805 -0.374944
v -0.258429 4.031353 -0.410461
v -0.050283 3.903899 -0.262460
v 0.000970 3.904338 -0.319007
v -0.209966 4.029022 -0.468806
v -0.172078 4.045831 -0.470542
v 0.028832 3.934220 -0.327480
v 0.032243 4.004557 -0.289877
v -0.141057 4.092206 -0.414087
v -0.045221 3.970691 -0.222689
v -0.227474 4.073353 -0.353214
v -0.028376 3.893209 -0.294072
v -0.241977 4.023491 -0.445715
v 0.040722 3.973276 -0.316381
v -0.145481 4.070657 -0.449426
v -0.529324 4.282246 -0.577710
v -0.536007 4.270369 -0.609191
v -0.495653 4.268014 -0.659404
v -0.461885 4.278082 -0.660020
v -0.430420 4.308769 -0.608886
v -0.443930 4.314259 -0.577255
v -0.505081 4.297332 -0.557752
v -0.523146 4.264948 -0.639883
v -0.436660 4.294178 -0.640487
v -0.472421 4.309849 -0.557614
v 0.259813 3.840351 -0.002000
v 0.258793 3.881478 0.000947
v 0.328264 3.812423 -0.077912
v 0.302108 3.798814 -0.050755
v 0.326587 3.921254 -0.073105
v 0.345535 3.888908 -0.091746
v 0.273853 3.916522 -0.015175
v 0.276167 3.809165 -0.022234
v 0.346457 3.846642 -0.093375
v 0.299735 3.931648 -0.043585
v -1.927649 3.585071 0.109283
v -1.844012 3.581480 0.087924
v -1.853870 3.951121 -0.395686
v -1.912293 3.970450 -0.401619
v -1.778154 3.484779 -0.024889
v -1.817712 3.427643 -0.070786
v -1.843589 3.802333 -0.451600
v -1.812448 3.847411 -0.428153
v -1.975308 3.388443 -0.063591
v -2.035605 3.427988 -0.012683
v -1.998016 3.847674 -0.463237
v -1.958050 3.799582 -0.472137
v -2.005016 3.550864 0.092882
v -1.968506 3.953614 -0.420550
v -1.787147 3.542816 0.036190
v -1.815890 3.903782 -0.406091
v -1.891439 3.391515 -0.086711
v -1.897836 3.783950 -0.468940
v -2.046440 3.492006 0.045746
v -2.001058 3.907308 -0.444761
v -1.659230 3.891771 -0.857013
v -1.626712 3.931438 -0.843619
v -1.775785 3.947761 -0.919339
v -1.752070 3.899877 -0.901976
v -1.686052 4.054885 -0.884416
v -1.733710 4.043336 -0.908986
v -1.620247 3.984985 -0.843544
v -1.705895 3.879227 -0.879350
v -1.767562 4.002629 -0.922989
v -1.642750 4.032482 -0.858972
v -1.572186 4.118438 -1.447441
v -1.550292 4.070769 -1.427315
v -1.480641 4.224647 -1.414476
v -1.527858 4.213259 -1.439957
v -1.425880 4.101626 -1.366603
v -1.417973 4.154940 -1.368646
v -1.505372 4.049951 -1.402429
v -1.562377 4.172861 -1.453208
v -1.438723 4.202276 -1.386787
v -1.459055 4.062259 -1.379251
v -1.330103 4.424198 -1.915535
v -1.367143 4.406796 -1.922948
v -1.259072 4.382444 -1.985928
v -1.263151 4.408481 -1.954654
v -1.353243 4.333595 -2.003595
v -1.313343 4.337252 -2.016244
v -1.387065 4.379052 -1.946567
v -1.290166 4.424592 -1.927527
v -1.278099 4.355527 -2.008935
v -1.381943 4.350091 -1.976775
v -1.231323 4.631669 -2.325437
v -1.233969 4.650166 -2.296146
v -1.309305 4.586098 -2.339188
v -1.276762 4.593091 -2.352074
v -1.319332 4.638664 -2.262793
v -1.336287 4.616372 -2.284241
v -1.255709 4.659203 -2.269866
v -1.247526 4.610071 -2.346344
v -1.332512 4.595380 -2.313013
v -1.288519 4.655018 -2.257185
v -1.717784 4.312787 -1.238455
v -1.852788 4.394196 -1.107283
v -1.830854 4.409319 -1.080589
v -1.691570 4.323242 -1.213112
v -1.667214 4.282647 -1.158657
v -1.831407 4.391612 -1.011066
v -1.853579 4.366541 -0.995087
v -1.678547 4.248129 -1.150211
v -1.725102 4.209017 -1.185083
v -1.900553 4.325687 -1.026415
v -1.908297 4.323976 -1.063682
v -1.743697 4.218415 -1.217244
v -1.740361 4.284330 -1.249173
v -1.879595 4.368545 -1.113720
v -1.671995 4.311547 -1.182675
v -1.822490 4.408106 -1.043732
v -1.700304 4.220429 -1.160379
v -1.879525 4.341643 -1.001054
v -1.749857 4.247780 -1.241932
v -1.900384 4.340849 -1.097523
v -2.094024 4.594466 -0.825308
v -2.115468 4.576348 -0.811007
v -2.155768 4.541418 -0.836711
v -2.159953 4.536505 -0.868429
v -2.129444 4.567057 -0.912820
v -2.105533 4.587753 -0.907999
v -2.083236 4.604382 -0.853751
v -2.138633 4.556285 -0.815444
v -2.149909 4.546675 -0.897972
v -2.087776 4.602009 -0.885462
v -1.434693 4.182235 -1.429372
v -1.448547 4.214895 -1.442650
v -1.485901 4.108220 -1.466388
v -1.458251 4.117400 -1.443881
v -1.525031 4.193175 -1.501937
v -1.527491 4.154879 -1.504341
v -1.475645 4.230077 -1.464596
v -1.438958 4.145182 -1.429738
v -1.512096 4.121873 -1.490799
v -1.504935 4.221689 -1.487190
v 0.272761 0.001777 -0.125156
v 0.217411 0.007752 -0.284239
v -0.054656 0.697899 -0.227408
v 0.004314 0.707237 -0.076822
v -0.097872 0.012605 0.155542
v 0.083104 0.002427 0.154769
v -0.118954 0.592483 0.187417
v -0.269892 0.516709 0.190228
v -0.240877 0.027385 -0.270819
v -0.288003 0.026816 -0.105407
v -0.458765 0.463914 -0.057366
v -0.432851 0.498659 -0.216419
v 0.076277 0.015347 -0.384442
v -0.175383 0.643155 -0.322599
v 0.226300 -0.001380 0.041035
v -0.015853 0.667824 0.079928
v -0.234478 0.021712 0.053311
v -0.397345 0.470825 0.094057
v -0.101468 0.022981 -0.380565
v -0.321998 0.566271 -0.320618
v -0.703154 1.368976 0.113375
v -0.715377 1.286671 0.016564
v 0.512860 2.117852 -0.118830
v 0.464142 2.181813 -0.005746
v 1.349570 2.872261 -0.371773
v 1.314091 2.925608 -0.465843
v 1.670446 3.206530 -0.409249
v 1.695329 3.171156 -0.346475
v -0.813996 1.338823 -0.199412
v -0.864279 1.448933 -0.242337
v 0.284820 2.194215 -0.401921
v 0.400516 2.127999 -0.359773
v -0.858786 1.652218 -0.114285
v -0.809504 1.660384 0.000792
v 0.188771 2.380048 -0.113751
v 0.154604 2.355600 -0.244255
v -0.720501 1.490637 0.142540
v 0.368760 2.271065 0.033881
v -0.758066 1.277787 -0.103220
v 0.486558 2.099530 -0.254582
v -0.884028 1.572168 -0.210120
v 0.186257 2.282176 -0.357745
v -0.758189 1.600212 0.097054
v 0.268375 2.348258 -0.009542
v 0.678230 2.895668 -0.353471
v 0.739837 2.842650 -0.463912
v 1.190647 3.103405 -0.471022
v 1.152225 3.159587 -0.382176
v 1.538100 3.336559 -0.352109
v 1.570495 3.307434 -0.411004
v 1.177822 3.110091 -0.179374
v 1.232496 3.018352 -0.136759
v 1.586673 3.237177 -0.192007
v 1.548233 3.295077 -0.219550
v 1.344987 2.873487 -0.258232
v 1.683889 3.164127 -0.271326
v 1.147310 3.161445 -0.272297
v 1.530945 3.332444 -0.279845
v 1.298216 2.927050 -0.167377
v 1.640677 3.187111 -0.211826
v 1.252431 3.013810 -0.503803
v 1.621069 3.258086 -0.433616
v 2.149352 4.081695 -0.177527
v 2.152224 4.081240 -0.242581
v 2.020923 4.725580 -0.116298
v 2.015556 4.719762 -0.082934
v 0.923240 2.655703 -0.106616
v 0.824187 2.742633 -0.063965
v 0.934188 2.677887 -0.458336
v 0.990379 2.623207 -0.351906
v 0.731276 2.835491 -0.108378
v 0.988260 2.614725 -0.218507
v 0.838673 2.758643 -0.502225
v 0.675787 2.891603 -0.218273
v 1.963832 4.155205 -0.185141
v 1.997661 4.141251 -0.131277
v 1.936820 4.683619 -0.072349
v 1.921806 4.680077 -0.102971
v 1.922404 3.852067 -0.211863
v 1.929224 3.862453 -0.283317
v 2.111710 4.095287 -0.126819
v 1.993819 4.707760 -0.060758
v 2.118086 4.093761 -0.297353
v 2.060650 4.115069 -0.319828
v 1.978809 4.711615 -0.164442
v 2.006759 4.722418 -0.147767
v 2.002642 4.137840 -0.302142
v 1.948131 4.697532 -0.160317
v 2.053738 4.118048 -0.109144
v 1.964285 4.694200 -0.056786
v 1.965541 4.153649 -0.250844
v 1.926170 4.685423 -0.136931
v 2.012832 3.789990 -0.127680
v 1.953783 3.824721 -0.153030
v 2.130980 3.770245 -0.275512
v 2.123736 3.758064 -0.205180
v 1.973274 3.852259 -0.340271
v 2.038191 3.826753 -0.359852
v 2.079019 3.764031 -0.148086
v 2.098687 3.795928 -0.334711
v 1.420172 2.997398 -0.395878
v 1.358629 2.998875 -0.467107
v 1.284082 3.655473 -0.525400
v 1.324221 3.683300 -0.479000
v 1.182690 3.013040 -0.452580
v 1.134715 3.017074 -0.375652
v 1.141516 3.595537 -0.446613
v 1.170786 3.602827 -0.504123
v 1.197681 3.009218 -0.210270
v 1.290694 3.004905 -0.186160
v 1.246502 3.661755 -0.322063
v 1.187020 3.628943 -0.333122
v 1.427636 2.999410 -0.302302
v 1.330259 3.696121 -0.413323
v 1.267480 3.005036 -0.488246
v 1.225150 3.624742 -0.534612
v 1.139271 3.016763 -0.284633
v 1.146545 3.605654 -0.382387
v 1.378672 3.003557 -0.222460
v 1.300408 3.688826 -0.353689
v 0.828882 3.960607 -0.564966
v 0.847016 3.972128 -0.618590
v 0.886499 4.069701 -0.468812
v 0.853579 4.018135 -0.471189
v 0.933600 4.101526 -0.615115
v 0.934785 4.121285 -0.558721
v 0.879353 4.008486 -0.651556
v 0.830381 3.977680 -0.509546
v 0.916260 4.109753 -0.503178
v 0.912671 4.057999 -0.650592
v 0.534960 4.589060 -0.615998
v 0.505023 4.535674 -0.617453
v 0.579160 4.621557 -0.763057
v 0.579602 4.642105 -0.706933
v 0.500087 4.487397 -0.764191
v 0.530066 4.525095 -0.797871
v 0.483911 4.493452 -0.655104
v 0.562148 4.630279 -0.651105
v 0.560509 4.576437 -0.797805
v 0.483010 4.475580 -0.710285
v 0.293528 5.147530 -0.881711
v 0.296714 5.147414 -0.836502
v 0.180143 5.164532 -0.909992
v 0.220822 5.157775 -0.926897
v 0.185965 5.160053 -0.793028
v 0.158527 5.166531 -0.829106
v 0.272900 5.150581 -0.798154
v 0.264338 5.151181 -0.916344
v 0.156815 5.167632 -0.873047
v 0.230433 5.154250 -0.781017
v 0.102413 5.612690 -0.978192
v 0.135952 5.602051 -0.992166
v 0.104411 5.604679 -0.878979
v 0.082974 5.614875 -0.909791
v 0.196442 5.580462 -0.914672
v 0.176147 5.585186 -0.882369
v 0.171355 5.590349 -0.982788
v 0.082543 5.617333 -0.947074
v 0.140690 5.593471 -0.868324
v 0.194669 5.582330 -0.953085
v 0.883657 4.577278 -0.628473
v 1.098761 4.548542 -0.575109
v 1.115150 4.533700 -0.609751
v 0.893731 4.559586 -0.664444
v 0.890379 4.482613 -0.680145
v 1.150571 4.464418 -0.617326
v 1.156482 4.437363 -0.587893
v 0.879102 4.453372 -0.654265
v 0.854344 4.462111 -0.582540
v 1.133178 4.442047 -0.515766
v 1.111013 4.472645 -0.498554
v 0.848843 4.498052 -0.562003
v 0.869497 4.569800 -0.590435
v 1.091627 4.540203 -0.535570
v 0.896009 4.523293 -0.684320
v 1.134755 4.501290 -0.625973
v 0.865381 4.445840 -0.617509
v 1.149709 4.429026 -0.549652
v 0.855069 4.539827 -0.564959
v 1.095194 4.510910 -0.506164
v 1.551837 4.496535 -0.518915
v 1.560866 4.475605 -0.493245
v 1.541744 4.478744 -0.431711
v 1.519286 4.501979 -0.417578
v 1.493391 4.554809 -0.450623
v 1.497674 4.561474 -0.484569
v 1.533480 4.525043 -0.527039
v 1.556865 4.468946 -0.460408
v 1.500756 4.531686 -0.424864
v 1.512912 4.550108 -0.513850
v 0.516222 4.596666 -0.781101
v 0.536466 4.632640 -0.781302
v 0.469205 4.583497 -0.686964
v 0.475746 4.567003 -0.722944
v 0.522833 4.678398 -0.684344
v 0.496962 4.653970 -0.662217
v 0.546269 4.665629 -0.758213
v 0.493522 4.571732 -0.758407
v 0.475843 4.617290 -0.663350
v 0.541077 4.683013 -0.721074
v 0.835060 2.831825 -0.316942
v 0.754033 2.829505 -0.357754
v 0.512945 3.415159 -0.094159
v 0.563928 3.432757 -0.057986
v 0.610011 2.765960 -0.291669
v 0.600855 2.727001 -0.213876
v 0.422235 3.303952 -0.008145
v 0.425398 3.336432 -0.061566
v 0.723624 2.696546 -0.099166
v 0.812088 2.723268 -0.106728
v 0.557319 3.343162 0.086445
v 0.503235 3.304857 0.083334
v 0.879432 2.808565 -0.241557
v 0.593432 3.423023 -0.001155
v 0.667874 2.804170 -0.347476
v 0.459891 3.378169 -0.095105
v 0.642349 2.701419 -0.140788
v 0.450503 3.292120 0.046744
v 0.870629 2.768430 -0.161063
v 0.590569 3.389686 0.054186
v 0.072939 3.592705 0.141212
v 0.067453 3.625056 0.096219
v 0.152057 3.668351 0.244914
v 0.126168 3.616693 0.232894
v 0.134968 3.756426 0.123076
v 0.156096 3.754812 0.176654
v 0.080462 3.675293 0.073482
v 0.094179 3.589146 0.192820
v 0.161974 3.721710 0.223335
v 0.106322 3.725728 0.083399
v -0.254608 4.092936 0.444859
v -0.277374 4.040046 0.431908
v -0.274595 4.181200 0.323601
v -0.254288 4.180200 0.377510
v -0.334224 4.046567 0.294348
v -0.323669 4.097685 0.272317
v -0.307117 4.011184 0.391037
v -0.247334 4.146987 0.423964
v -0.300831 4.149374 0.283153
v -0.327676 4.014099 0.339114
v -0.612772 4.616715 0.528397
v -0.592620 4.601985 0.564253
v -0.724834 4.615643 0.548387
v -0.694952 4.624637 0.518860
v -0.674505 4.573335 0.640258
v -0.713016 4.585066 0.622164
v -0.599143 4.586373 0.604459
v -0.652053 4.625090 0.510914
v -0.731461 4.600558 0.587266
v -0.630271 4.574200 0.633514
v -0.854434 5.012851 0.696737
v -0.829414 5.015850 0.670335
v -0.814004 4.972622 0.773921
v -0.845500 4.987164 0.759695
v -0.744722 4.984300 0.705633
v -0.750584 4.972891 0.740399
v -0.793715 5.010412 0.661985
v -0.860368 5.001870 0.730366
v -0.777082 4.967380 0.766530
v -0.761160 4.998572 0.675575
v -0.021829 4.177611 0.522446
v 0.180396 4.165841 0.595779
v 0.200460 4.151460 0.564793
v -0.007498 4.160033 0.489685
v -0.004409 4.085296 0.477446
v 0.239360 4.086919 0.563818
v 0.243725 4.062306 0.593699
v -0.016000 4.057338 0.502329
v -0.047414 4.066574 0.568276
v 0.213909 4.067753 0.660338
v 0.189099 4.096305 0.673417
v -0.056941 4.101462 0.585953
v -0.038729 4.170801 0.557811
v 0.170118 4.158711 0.633305
v -0.001099 4.124619 0.472340
v 0.222833 4.121033 0.552486
v -0.032351 4.050460 0.536512
v 0.233921 4.055158 0.630016
v -0.053251 4.141921 0.582029
v 0.172378 4.131793 0.663022
v 0.611452 4.147317 0.696043
v 0.618802 4.128664 0.722373
v 0.594145 4.132538 0.779334
v 0.569815 4.153890 0.789734
v 0.545110 4.201851 0.753390
v 0.552203 4.207377 0.721013
v 0.592956 4.173243 0.685303
v 0.612091 4.123127 0.753715
v 0.550993 4.180985 0.779731
v 0.570416 4.196444 0.694909
v -0.359276 4.167073 0.339486
v -0.342095 4.202962 0.339810
v -0.412891 4.154564 0.425622
v -0.402015 4.137908 0.392458
v -0.367665 4.249367 0.429514
v -0.393137 4.224957 0.449181
v -0.337053 4.236099 0.361548
v -0.381741 4.142401 0.360025
v -0.410980 4.188286 0.447522
v -0.346810 4.253737 0.395918
v 1.365278 3.141922 -0.368129
v 1.297417 3.166358 -0.326354
v 1.559045 3.394383 0.147456
v 1.617732 3.388073 0.138890
v 1.225396 3.086307 -0.212379
v 1.244973 3.013288 -0.185167
v 1.500761 3.258666 0.189837
v 1.488042 3.313890 0.180136
v 1.360822 2.921202 -0.237067
v 1.417539 2.942253 -0.296995
v 1.652672 3.237737 0.162995
v 1.600878 3.209367 0.178010
v 1.420156 3.080032 -0.376405
v 1.662373 3.348775 0.140000
v 1.244143 3.144627 -0.266508
v 1.509557 3.365642 0.163390
v 1.295877 2.951189 -0.193066
v 1.542768 3.219057 0.189879
v 1.440863 3.004585 -0.348686
v 1.675940 3.291811 0.149931
v 1.466159 3.330878 0.620700
v 1.452147 3.380062 0.620215
v 1.600970 3.324097 0.651645
v 1.557536 3.294640 0.638081
v 1.561767 3.457414 0.652001
v 1.602517 3.424887 0.661031
v 1.468703 3.429029 0.626191
v 1.505192 3.298275 0.627853
v 1.617357 3.374185 0.661639
v 1.510545 3.458964 0.638261
v 1.609162 3.451457 1.207506
v 1.566783 3.422011 1.190921
v 1.568458 3.584298 1.210080
v 1.609091 3.551910 1.220083
v 1.461413 3.506900 1.170571
v 1.477093 3.555817 1.178870
v 1.514960 3.425445 1.178257
v 1.624467 3.501365 1.219842
v 1.517952 3.585771 1.193900
v 1.475950 3.457867 1.170215
v 1.627833 3.721753 1.729124
v 1.653594 3.691314 1.724672
v 1.565187 3.699225 1.809736
v 1.572826 3.726088 1.781865
v 1.628536 3.618052 1.796960
v 1.598887 3.633920 1.819593
v 1.663982 3.655343 1.738926
v 1.596673 3.734922 1.750897
v 1.575030 3.664423 1.823731
v 1.654033 3.626529 1.765856
v 1.715259 3.863440 2.150795
v 1.718995 3.883925 2.124530
v 1.765426 3.791937 2.138991
v 1.743433 3.807888 2.160147
v 1.779596 3.847945 2.070001
v 1.789262 3.818228 2.083482
v 1.735638 3.888445 2.095182
v 1.724462 3.834710 2.164033
v 1.783435 3.796096 2.109368
v 1.759057 3.874795 2.074371
v 1.768834 3.604076 0.991293
v 1.889293 3.648190 0.840661
v 1.871362 3.674523 0.823087
v 1.745636 3.627717 0.975733
v 1.696908 3.611689 0.928673
v 1.850008 3.671781 0.757305
v 1.855126 3.644603 0.734604
v 1.690531 3.578994 0.915062
v 1.721151 3.521035 0.931676
v 1.884643 3.585629 0.747694
v 1.898288 3.574337 0.779904
v 1.747493 3.516251 0.957170
v 1.778481 3.568870 0.992865
v 1.902784 3.614619 0.837377
v 1.717878 3.630556 0.951908
v 1.856073 3.683432 0.791185
v 1.699680 3.544855 0.916406
v 1.868100 3.612098 0.731176
v 1.769962 3.534879 0.980693
v 1.905605 3.585722 0.814632
v 2.117159 3.783419 0.531975
v 2.124874 3.762246 0.511580
v 2.150001 3.711971 0.521736
v 2.158153 3.700264 0.549514
v 2.154168 3.730093 0.601123
v 2.141428 3.757970 0.604727
v 2.118049 3.790841 0.561924
v 2.137163 3.735271 0.507872
v 2.160007 3.707422 0.580300
v 2.127545 3.781209 0.589806
v 1.515188 3.562007 1.232688
v 1.543146 3.582708 1.243884
v 1.535826 3.471579 1.247226
v 1.511481 3.494128 1.234565
v 1.611382 3.524073 1.276458
v 1.598201 3.489433 1.274931
v 1.576937 3.581634 1.258139
v 1.503621 3.528144 1.228897
v 1.568739 3.469062 1.263874
v 1.603017 3.559139 1.270506
vt 1.170521 1.241352
vt 1.292389 1.223264
vt 0.398293 0.421598
vt 0.370484 0.812971
vt 0.211439 1.827736
vt 0.198973 1.621199
vt 0.354138 0.431887
vt 0.332425 0.804495
vt 1.174284 1.232406
vt 1.281967 1.253742
vt 0.309152 0.430225
vt 0.293248 0.794278
vt 1.176035 1.269155
vt 1.293946 1.284577
vt 0.130281 0.801578
vt 0.169043 0.788684
vt 1.171492 1.260262
vt 0.531528 0.385971
vt 1.183019 1.296941
vt 0.252463 0.784706
vt 1.183038 1.287454
vt 0.266160 0.416349
vt 1.179259 1.224007
vt 0.577074 0.390029
vt 0.264763 1.820240
vt 0.323596 1.627829
vt 0.239351 1.529104
vt 0.282672 1.638533
vt 0.526159 0.819381
vt 0.225854 0.395039
vt 0.242960 1.817057
vt 0.317309 1.835837
vt 0.213952 1.144428
vt 0.245186 1.142567
vt 0.232082 1.819057
vt 0.246934 0.997760
vt 0.265653 1.527938
vt 0.486713 0.825824
vt 0.274725 1.824199
vt 0.212361 1.004440
vt 0.284468 1.828472
vt 0.210137 0.780987
vt 0.505900 1.042618
vt 0.391357 1.009680
vt 0.301971 1.284149
vt 0.407995 1.155839
vt 0.384228 1.633383
vt 0.238665 1.635562
vt 0.221700 1.822984
vt 0.218489 1.628150
vt 1.745866 1.062423
vt 0.303479 1.633487
vt 0.178599 1.617886
vt 0.254073 1.817562
vt 0.182063 1.147526
vt 0.141169 1.020657
vt 0.275022 1.285688
vt 0.221909 1.285268
vt 0.149234 1.151765
vt 0.355364 1.286864
vt 0.316155 0.994027
vt 0.380414 1.294677
vt 0.305857 1.834757
vt 0.343930 1.625085
vt 0.340849 1.141449
vt 0.329186 1.282590
vt 0.196669 1.286040
vt 0.307716 1.140796
vt 0.177444 1.013087
vt 0.276087 1.141106
vt 0.374703 1.146894
vt 0.248102 1.285813
vt 0.281153 0.993745
vt 0.260609 1.639623
vt 0.353530 0.998715
vt 0.467135 1.036269
vt 0.172212 1.287852
vt 0.364599 1.626742
vt 0.428585 1.024850
vt 0.294771 1.832240
vt 1.726312 1.036050
vt 1.720608 1.044194
vt 0.213191 1.528893
vt 0.188408 1.528045
vt 1.735981 1.065490
vt 1.726312 1.062117
vt 0.381672 1.535262
vt 0.290915 1.526123
vt 1.751918 1.054162
vt 1.751918 1.044005
vt 0.403424 1.540701
vt 0.601177 1.630563
vt 1.735981 1.032676
vt 0.338398 1.526262
vt 1.720608 1.053972
vt 0.360397 1.530353
vt 0.314941 1.524769
vt 0.604675 1.602385
vt 1.745866 1.035743
vt 0.165196 1.527183
vt 0.810126 1.616853
vt 0.808905 1.596862
vt 0.600143 1.446760
vt 0.807598 1.463414
vt 0.803723 1.530679
vt 0.805525 1.553929
vt 0.611221 1.550607
vt 0.803573 1.484592
vt 0.602099 1.474374
vt 0.610466 1.526079
vt 0.810785 1.655970
vt 0.602458 1.417919
vt 0.607255 1.501202
vt 0.803012 1.507296
vt 0.600143 1.660290
vt 0.608751 1.575821
vt 0.813404 1.444100
vt 0.602843 1.688259
vt 0.807174 1.576020
vt 0.810623 1.636365
vt 0.982954 1.602893
vt 0.984058 1.620888
vt 0.965684 1.536150
vt 0.976304 1.486025
vt 0.981743 1.638775
vt 0.978686 1.585543
vt 0.973211 1.568940
vt 0.969369 1.502488
vt 0.968446 1.552499
vt 0.966049 1.519544
vt 0.983907 1.470021
vt 1.152776 1.505822
vt 1.171198 1.635479
vt 1.165484 1.585377
vt 1.150149 1.555040
vt 1.157091 1.570407
vt 1.172124 1.601277
vt 1.162000 1.490826
vt 1.147545 1.522219
vt 1.174240 1.618299
vt 1.364334 1.567962
vt 1.489484 1.526268
vt 1.491750 1.567731
vt 1.368782 1.556450
vt 1.352654 1.591067
vt 1.356132 1.509424
vt 1.369789 1.544387
vt 1.146544 1.538833
vt 1.358038 1.579077
vt 1.486211 1.577253
vt 1.481221 1.608464
vt 1.352407 1.617132
vt 1.361945 1.521088
vt 1.494678 1.536277
vt 1.350482 1.604142
vt 1.495921 1.557607
vt 1.171374 1.475965
vt 1.353045 1.496611
vt 1.367458 1.532474
vt 1.479674 1.597621
vt 1.484337 1.516208
vt 1.496939 1.546867
vt 1.809234 0.369893
vt 1.887799 0.371679
vt 1.818310 0.392588
vt 1.820068 0.404915
vt 1.481615 1.587072
vt 1.481457 1.505653
vt 1.889104 0.396257
vt 1.889858 0.409004
vt 1.890514 0.336941
vt 1.808222 0.335987
vt 1.891905 0.287338
vt 1.887903 0.359914
vt 1.892906 0.300024
vt 1.821759 0.301849
vt 1.813436 0.325153
vt 1.805972 0.358620
vt 1.822057 0.289437
vt 1.892626 0.324982
vt 1.893496 0.312592
vt 1.805655 0.347195
vt 1.683553 0.345067
vt 1.696437 0.316498
vt 1.888328 0.383789
vt 1.814047 0.380984
vt 1.699867 0.296173
vt 1.699507 0.306460
vt 1.686042 0.335152
vt 1.684140 0.355235
vt 2.009500 0.375111
vt 2.006502 0.387528
vt 1.818659 0.313926
vt 1.696619 0.383788
vt 1.888949 0.348423
vt 1.692598 0.374194
vt 1.691254 0.325883
vt 2.015236 0.337932
vt 1.687706 0.364946
vt 1.698086 0.393993
vt 2.008339 0.299784
vt 2.014537 0.350444
vt 2.006389 0.287338
vt 1.721036 1.110790
vt 2.012372 0.362762
vt 2.014608 0.324999
vt 2.011814 0.312171
vt 1.729267 1.104976
vt 2.004150 0.412737
vt 2.004419 0.399975
vt 1.717600 1.120309
vt 1.189667 0.259169
vt 1.739484 1.136971
vt 1.728914 1.136923
vt 1.739520 1.104976
vt 1.751211 1.121001
vt 1.189288 0.231174
vt 1.720411 1.130460
vt 1.747943 1.130902
vt 1.747970 1.111062
vt 1.389657 0.141276
vt 1.393103 0.162669
vt 1.397582 0.203813
vt 1.188067 0.180069
vt 1.382670 0.077646
vt 1.382871 0.098504
vt 1.172659 0.106321
vt 1.184438 0.156010
vt 1.399681 0.223103
vt 1.169552 0.079768
vt 1.191535 0.286139
vt 1.189269 0.205045
vt 1.387231 0.039047
vt 1.384857 0.058044
vt 1.386163 0.119827
vt 1.170380 0.052319
vt 1.395477 0.183609
vt 1.401795 0.242273
vt 1.173418 0.024659
vt 1.179178 0.131903
vt 1.568432 0.209281
vt 1.722100 0.132055
vt 1.751015 0.191357
vt 1.565679 0.192272
vt 1.547878 0.080249
vt 1.720272 0.084325
vt 1.559952 0.176089
vt 1.542675 0.129778
vt 1.553790 0.063722
vt 1.735500 0.053999
vt 1.739126 0.037567
vt 1.556770 0.047096
vt 1.553103 0.160647
vt 1.730155 0.146253
vt 1.542853 0.096864
vt 1.747410 0.174734
vt 1.546938 0.145285
vt 1.727833 0.069034
vt 1.541373 0.113692
vt 1.716681 0.100621
vt 1.920885 0.147145
vt 1.739582 0.159946
vt 1.912112 0.056071
vt 1.911207 0.043313
vt 1.923125 0.078809
vt 1.929923 0.123799
vt 1.920067 0.159915
vt 1.717188 0.116747
vt 1.929545 0.089274
vt 1.933115 0.112283
vt 1.916377 0.068110
vt 2.056403 0.101693
vt 2.048765 0.121669
vt 1.932937 0.100550
vt 2.053230 0.081085
vt 2.036510 0.042192
vt 2.053279 0.111913
vt 1.924919 0.135099
vt 2.037547 0.052586
vt 2.047262 0.071851
vt 1.882428 0.653399
vt 2.044251 0.142038
vt 1.803732 0.583011
vt 1.808758 0.572568
vt 2.056403 0.091164
vt 2.041329 0.062565
vt 1.880544 0.606076
vt 1.801563 0.604829
vt 1.880443 0.617418
vt 1.881701 0.641111
vt 1.816782 0.550103
vt 1.817068 0.538138
vt 1.815151 0.649457
vt 1.885096 0.572402
vt 2.045190 0.131622
vt 1.883060 0.583931
vt 1.804708 0.615695
vt 1.884401 0.536115
vt 1.813457 0.637574
vt 1.885365 0.548343
vt 1.809347 0.626388
vt 1.880954 0.629092
vt 1.684119 0.601566
vt 1.685953 0.582207
vt 1.885935 0.560459
vt 1.813793 0.561744
vt 1.881552 0.594999
vt 1.690977 0.573272
vt 1.687557 0.610928
vt 1.801257 0.593815
vt 1.997761 0.620727
vt 1.994872 0.632695
vt 1.695973 0.564224
vt 1.696149 0.629091
vt 1.698933 0.554548
vt 1.692272 0.619842
vt 2.003291 0.584886
vt 1.697562 0.638928
vt 1.683553 0.591764
vt 1.699279 0.544632
vt 2.000530 0.608822
vt 2.002686 0.572419
vt 2.002617 0.596948
vt 1.999992 0.560053
vt 1.727523 1.025246
vt 1.721918 1.017311
vt 1.992605 0.656997
vt 1.992864 0.644695
vt 1.996642 0.548112
vt 1.994762 0.536115
vt 1.721918 1.007427
vt 1.737365 0.996157
vt 1.962027 1.178218
vt 1.958834 1.203167
vt 1.752715 1.017650
vt 1.746485 1.025848
vt 1.746910 0.999307
vt 1.727784 0.999282
vt 1.736699 1.028558
vt 1.752760 1.007462
vt 1.779918 1.246417
vt 1.782365 1.288142
vt 1.956587 1.292452
vt 1.781628 1.267221
vt 1.952986 1.248924
vt 1.955176 1.226659
vt 1.963139 1.153303
vt 1.776697 1.207976
vt 1.781964 1.308461
vt 1.773459 1.344768
vt 1.769109 1.361802
vt 1.778482 1.327428
vt 1.961254 1.316050
vt 1.961312 1.365766
vt 1.953683 1.270547
vt 1.778347 1.226641
vt 1.775499 1.190054
vt 1.774940 1.172406
vt 1.963139 1.340343
vt 1.956781 1.391496
vt 1.628171 1.307555
vt 1.637607 1.263301
vt 1.621145 1.322014
vt 1.616810 1.336749
vt 1.630940 1.234400
vt 1.621278 1.188886
vt 1.634335 1.293023
vt 1.635159 1.248881
vt 1.637283 1.277961
vt 1.622311 1.204610
vt 1.472634 1.287974
vt 1.456410 1.203777
vt 1.456071 1.313972
vt 1.464386 1.301097
vt 1.469398 1.231103
vt 1.477382 1.273581
vt 1.454675 1.188427
vt 1.626099 1.219812
vt 1.451279 1.328479
vt 1.475377 1.244676
vt 0.485664 0.392177
vt 0.183604 0.376144
vt 1.296691 1.295847
vt 1.282886 1.243126
vt 0.408438 0.821055
vt 0.447179 0.826642
vt 1.296335 1.307458
vt 1.297141 1.212751
vt 0.428990 1.307506
vt 0.474287 1.173425
vt 1.283994 1.264242
vt 1.462132 1.217859
vt 0.138332 0.366140
vt 1.288833 1.274289
vt 0.441378 0.405795
vt 1.286829 1.233015
vt 0.441188 1.164550
vt 1.299054 1.201289
vt 0.404873 1.301669
vt 1.478410 1.258963
vt 1.876076 0.729575
vt 1.878169 0.708525
vt 1.802859 0.869199
vt 1.865535 0.872447
vt 0.357201 0.234676
vt 0.322912 0.024659
vt 1.798543 0.809496
vt 1.868653 0.809344
vt 1.871228 0.739650
vt 1.801973 0.707322
vt 1.185210 1.206018
vt 1.866203 0.883733
vt 1.797581 0.739809
vt 1.799545 0.728687
vt 1.180540 1.278090
vt 1.169552 1.250865
vt 1.797321 0.763020
vt 1.864379 0.850688
vt 1.863487 0.761323
vt 1.804415 0.880113
vt 1.863211 0.772866
vt 1.183404 1.215343
vt 1.798251 0.774818
vt 1.794823 0.849105
vt 1.775349 1.131864
vt 1.752453 1.114994
vt 1.752411 1.124351
vt 1.780737 1.124383
vt 1.791935 0.839126
vt 1.866783 0.819932
vt 0.542347 0.244404
vt 0.505256 0.096346
vt 1.806175 0.777875
vt 1.868015 0.776017
vt 0.176322 0.068290
vt 1.868901 0.787249
vt 1.757783 1.131840
vt 1.864472 0.840271
vt 0.229477 0.218736
vt 1.805912 0.788864
vt 1.758174 1.107465
vt 1.793927 0.819087
vt 1.974175 0.798003
vt 1.976586 0.831887
vt 1.803167 0.799556
vt 1.687230 0.844727
vt 0.184354 0.217728
vt 0.551506 0.109267
vt 0.370795 0.031146
vt 0.314911 0.229806
vt 0.494107 0.243280
vt 0.223747 0.046881
vt 1.767162 1.104976
vt 1.766550 1.134734
vt 1.683553 0.827127
vt 1.775589 1.108018
vt 1.690371 0.810143
vt 1.799084 0.858925
vt 1.691561 0.852913
vt 1.697996 0.783840
vt 1.974669 0.842793
vt 1.684073 0.836129
vt 1.969473 0.864718
vt 1.696419 0.870443
vt 1.791654 0.829010
vt 1.869423 0.798375
vt 1.694960 0.801833
vt 1.865398 0.830098
vt 1.967390 0.887037
vt 1.685757 0.818348
vt 1.697678 0.792946
vt 1.864848 0.861409
vt 1.969372 0.776017
vt 1.780737 1.115306
vt 1.971098 0.787036
vt 1.967628 0.875739
vt 1.695121 0.861408
vt 1.972126 0.853726
vt 1.976649 0.809360
vt 1.977204 0.820810
vt 0.598943 0.109957
vt 0.272829 0.223940
vt 0.862061 0.441429
vt 0.910937 0.765719
vt 0.416983 0.048987
vt 0.400587 0.237631
vt 0.891365 0.035283
vt 0.858028 0.049269
vt 0.130284 0.084018
vt 0.446262 0.240562
vt 0.882391 0.899208
vt 0.626578 0.024659
vt 0.589298 0.245355
vt 0.943185 0.772653
vt 0.273689 0.029997
vt 0.898648 0.444060
vt 0.138336 0.220534
vt 0.661437 0.033195
vt 0.460963 0.073628
vt 0.905846 0.903714
vt 0.600143 0.431017
vt 0.637047 0.419151
vt 0.826184 0.436067
vt 0.926360 0.026424
vt 0.753468 0.422093
vt 0.715186 0.414432
vt 0.725200 0.064760
vt 0.961683 0.024659
vt 0.825808 0.064386
vt 0.758199 0.074756
vt 0.684627 0.622629
vt 0.691953 0.756752
vt 0.792529 0.074585
vt 0.790320 0.430055
vt 0.972445 0.430617
vt 0.694156 0.048262
vt 0.721855 0.753628
vt 0.717418 0.614945
vt 0.675608 0.411796
vt 0.935733 0.440280
vt 0.808777 0.884335
vt 0.782697 0.887067
vt 0.731008 0.891082
vt 0.781742 0.749186
vt 0.751432 0.750885
vt 0.756872 0.889758
vt 0.878637 0.758947
vt 0.813539 0.748300
vt 0.705810 0.891726
vt 0.858559 0.893610
vt 0.846263 0.751942
vt 0.630059 0.766552
vt 0.811309 1.416199
vt 0.800535 1.414279
vt 0.658149 0.896423
vt 0.838441 1.212890
vt 0.661448 0.761083
vt 0.834127 0.887247
vt 0.858388 1.213549
vt 0.681582 0.893592
vt 0.891995 0.632450
vt 0.819015 1.216447
vt 0.733563 1.125336
vt 0.783259 0.608536
vt 0.966992 0.645230
vt 0.760743 1.402004
vt 0.780154 1.228587
vt 0.855674 0.619903
vt 0.758990 1.230631
vt 0.729862 1.408679
vt 0.698900 1.215700
vt 0.616944 0.640734
vt 0.651479 0.632186
vt 0.790459 1.411121
vt 0.929480 0.641295
vt 0.758797 1.123029
vt 0.819076 0.611313
vt 0.771142 1.404097
vt 0.749896 0.609754
vt 0.679162 1.213434
vt 0.739666 1.404436
vt 0.720211 1.413711
vt 1.757107 1.070908
vt 0.750034 1.402021
vt 0.822367 1.416720
vt 0.877560 1.219047
vt 0.799929 1.222795
vt 0.717977 1.221501
vt 0.737709 1.227717
vt 0.780899 1.407453
vt 1.781474 1.079061
vt 1.781474 1.088495
vt 0.806037 1.117757
vt 1.775971 1.071204
vt 1.757107 1.096648
vt 1.751268 1.088677
vt 1.775971 1.096352
vt 1.766643 1.067949
vt 1.751268 1.078879
vt 1.766643 1.099607
vt 0.684539 1.126615
vt 0.708404 1.126313
vt 1.297312 0.297643
vt 1.293687 0.485131
vt 0.783001 1.120144
vt 0.870666 1.124826
vt 1.209598 0.491810
vt 1.229128 0.490504
vt 1.196701 0.288551
vt 0.891825 1.129070
vt 1.373368 0.287338
vt 1.359295 0.488559
vt 0.828656 1.118131
vt 1.271017 0.486994
vt 0.849990 1.121068
vt 1.273750 0.298403
vt 1.223888 0.292030
vt 1.338627 0.484765
vt 0.662185 1.126834
vt 1.346897 0.289393
vt 1.190369 0.492419
vt 1.169552 0.287338
vt 1.429110 0.294267
vt 1.396752 0.498773
vt 1.321181 0.294478
vt 1.316485 0.484328
vt 1.249487 0.296015
vt 1.378190 0.494033
vt 1.401072 0.289329
vt 1.249467 0.488707
vt 1.305391 0.642423
vt 1.369452 0.664732
vt 1.225460 0.658738
vt 1.208326 0.659863
vt 1.289415 0.642070
vt 1.337639 0.652352
vt 1.353395 0.660008
vt 1.257922 0.649335
vt 1.321803 0.645635
vt 1.273703 0.644737
vt 1.207826 0.841409
vt 1.269120 0.818851
vt 1.242026 0.654610
vt 1.316301 0.821840
vt 1.360439 0.845111
vt 1.344631 0.839889
vt 1.254330 0.825366
vt 1.224552 0.839518
vt 1.330601 0.830827
vt 1.300618 0.816666
vt 1.239897 0.833284
vt 1.234332 1.013072
vt 1.337531 1.013951
vt 1.324879 1.013564
vt 1.256412 1.024310
vt 1.301388 1.022126
vt 1.221842 1.010988
vt 1.284688 0.815546
vt 1.290441 1.027398
vt 1.267430 1.028606
vt 1.295794 1.145039
vt 1.871841 0.421483
vt 1.804511 0.417538
vt 1.255749 1.146947
vt 1.312599 1.016555
vt 1.237157 1.137009
vt 1.275864 1.152104
vt 1.245788 1.018251
vt 1.246598 1.141527
vt 1.882292 0.455271
vt 1.806498 0.453547
vt 1.315735 1.137408
vt 1.286104 1.149990
vt 1.873536 0.433376
vt 1.265498 1.151048
vt 1.226995 1.135042
vt 1.278999 1.029608
vt 1.305530 1.140131
vt 1.326072 1.137428
vt 1.805239 0.429836
vt 1.803878 0.487061
vt 1.885440 0.466146
vt 1.802536 0.534915
vt 1.869922 0.532890
vt 1.801571 0.522676
vt 1.801841 0.498598
vt 1.883269 0.487981
vt 1.806397 0.464898
vt 1.870209 0.520915
vt 1.878239 0.498433
vt 1.805388 0.475984
vt 1.885746 0.477168
vt 1.996113 0.497728
vt 1.877650 0.444571
vt 1.999536 0.460043
vt 2.002976 0.469412
vt 1.801001 0.510551
vt 1.805987 0.441864
vt 2.001141 0.488787
vt 1.873200 0.509265
vt 1.991113 0.506783
vt 2.003543 0.479221
vt 1.693989 0.426249
vt 1.686316 0.462150
vt 1.988151 0.516467
vt 1.987805 0.526391
vt 1.690207 0.522907
vt 1.684228 0.474033
vt 1.691979 0.438258
vt 1.689087 0.450236
vt 1.692088 0.534915
vt 1.527250 1.443177
vt 1.990937 0.441865
vt 1.684159 0.498581
vt 1.994817 0.451121
vt 1.686854 0.510957
vt 1.683553 0.486105
vt 1.519309 1.448786
vt 1.989523 0.432020
vt 1.694247 0.413937
vt 1.501266 1.442914
vt 1.509417 1.448786
vt 1.530565 1.433994
vt 1.430309 0.308825
vt 1.509453 1.417919
vt 1.519650 1.417966
vt 1.498139 1.433326
vt 1.456495 0.308093
vt 1.527853 1.424200
vt 1.501292 1.423774
vt 1.602609 0.287338
vt 1.606696 0.491830
vt 1.545934 0.499269
vt 1.525520 0.502813
vt 1.486248 0.507574
vt 1.505931 0.306216
vt 1.586754 0.492270
vt 1.577010 0.290565
vt 1.529148 0.302428
vt 1.467760 0.509810
vt 1.481783 0.307702
vt 1.505531 0.505326
vt 1.655786 0.290678
vt 1.661679 0.498168
vt 1.629098 0.287931
vt 1.625453 0.493689
vt 1.552379 0.297094
vt 1.643622 0.495717
vt 1.682353 0.296078
vt 1.566403 0.495675
vt 1.558655 0.646259
vt 1.606667 0.650972
vt 1.622755 0.656579
vt 1.513958 0.663133
vt 1.639323 0.659446
vt 1.528839 0.656474
vt 1.590531 0.646224
vt 1.543669 0.650459
vt 1.574224 0.644904
vt 1.655801 0.659060
vt 1.555426 0.820044
vt 1.564385 1.021842
vt 1.575559 1.024890
vt 1.646855 0.836843
vt 1.601731 0.818442
vt 1.654566 1.006238
vt 1.570281 0.815339
vt 1.498384 0.668665
vt 1.528322 0.836904
vt 1.553414 1.017045
vt 1.630082 1.004290
vt 1.631106 0.833300
vt 1.541637 0.827803
vt 1.608018 1.015081
vt 1.663039 0.835584
vt 1.642444 1.003344
vt 1.616553 0.825824
vt 1.513827 0.844487
vt 1.585926 0.814904
vt 1.597872 1.021350
vt 1.541696 1.013242
vt 1.586939 1.024677
vt 1.566590 1.136744
vt 1.633341 1.125925
vt 1.605796 1.141053
vt 1.614719 1.135291
vt 1.585893 1.144116
vt 1.618391 1.008484
vt 1.643390 1.124942
vt 1.576019 1.141101
vt 1.556969 1.133297
vt 1.653447 1.127248
vt 1.875135 0.698042
vt 1.623693 1.129566
vt 1.866694 0.676935
vt 1.800856 0.673523
vt 1.800155 0.661668
vt 1.596063 1.144116
vt 1.802070 0.696380
vt 1.865060 0.665471
vn -0.931100 -0.363300 0.031100
vn 0.358900 0.130500 0.924200
vn 0.230800 0.199500 -0.952300
vn 0.231900 0.200200 -0.951900
vn 0.743000 -0.349200 0.571000
vn 0.297000 -0.000900 -0.954900
vn 0.737200 0.380000 0.558600
vn 0.303700 0.146200 0.941500
vn -0.896400 -0.436600 0.076100
vn -0.246700 -0.158900 0.956000
vn 0.828900 0.553100 -0.083200
vn 0.889100 0.453000 -0.065800
vn -0.776300 -0.350500 -0.523900
vn -0.775200 -0.246800 -0.581500
vn -0.707100 -0.396300 0.585600
vn -0.270800 -0.197900 0.942100
vn 0.336900 0.221700 -0.915100
vn -0.854800 -0.511100 0.089800
vn 0.265000 0.215100 -0.940000
vn 0.769400 0.368300 0.521900
vn 0.834300 0.276600 0.477000
vn 0.730900 0.477100 0.488000
vn 0.785100 0.372900 0.494600
vn -0.895900 -0.441300 0.050900
vn -0.263900 0.328200 -0.907000
vn -0.690400 0.500600 0.522200
vn -0.309600 0.238500 0.920500
vn -0.282600 0.275100 -0.918900
vn 0.324900 0.198700 0.924600
vn 0.654900 0.455600 -0.603000
vn -0.361500 0.051300 0.931000
vn -0.812500 0.074100 -0.578200
vn 0.698100 0.402800 0.591900
vn 0.206800 0.244900 0.947200
vn 0.736400 0.653900 0.173600
vn 0.194400 0.307300 0.931600
vn -0.299000 0.152700 0.942000
vn 0.315300 0.117000 0.941800
vn 0.796600 -0.022500 -0.604100
vn 0.615600 0.551800 0.562600
vn 0.278500 -0.129200 0.951700
vn 0.691000 0.393800 -0.606200
vn -0.255500 -0.140400 0.956500
vn 0.699200 0.430700 -0.570600
vn -0.771800 -0.270300 -0.575600
vn 0.783300 0.621600 -0.004000
vn -0.995200 0.096000 -0.019800
vn 0.262900 -0.005800 0.964800
vn 0.277500 -0.026500 -0.960400
vn 0.718400 -0.419400 0.555000
vn -0.339600 0.040600 -0.939700
vn 0.278200 0.013500 -0.960400
vn 0.258600 -0.130100 0.957200
vn -0.733900 0.374400 0.566800
vn -0.880100 0.474700 0.009000
vn 0.998500 -0.053400 -0.008500
vn -0.310800 -0.126200 -0.942100
vn 0.247300 0.230100 -0.941200
vn -0.716200 0.440900 -0.540900
vn -0.368100 0.019500 0.929600
vn 0.914900 -0.403400 -0.012000
vn 0.902000 0.431700 -0.001100
vn -0.702100 -0.366600 0.610500
vn -0.318300 -0.051200 -0.946600
vn 0.736200 0.324000 -0.594100
vn -0.728700 -0.378900 -0.570500
vn -0.798200 0.602400 -0.006000
vn 0.267200 0.112900 -0.957000
vn 0.713900 -0.351000 -0.605900
vn -0.291400 -0.114500 -0.949700
vn -0.329600 -0.028800 0.943700
vn 0.649500 0.504200 -0.569100
vn 0.868600 -0.494100 -0.038800
vn 0.797400 -0.050200 0.601400
vn -0.766200 -0.327100 -0.553200
vn 0.877500 0.479300 -0.012800
vn -0.652200 0.548300 -0.523400
vn 0.254700 0.238900 -0.937000
vn 0.759600 -0.273100 -0.590200
vn -0.895300 -0.442900 0.048100
vn -0.739200 0.610800 0.283600
vn -0.660300 0.213500 0.720000
vn -0.716200 0.580400 -0.387600
vn -0.553100 0.795400 -0.247900
vn -0.830400 0.089800 0.550000
vn -0.882000 0.441100 0.165500
vn 0.291700 0.376400 -0.879300
vn 0.272300 0.308800 -0.911300
vn 0.159100 -0.628000 0.761800
vn 0.612800 -0.730100 0.302200
vn 0.943000 -0.293900 -0.155900
vn 0.812400 -0.509500 -0.283400
vn 0.353600 -0.417800 0.836900
vn -0.232200 -0.190200 0.953900
vn -0.711600 0.148000 0.686800
vn 0.678900 -0.075000 -0.730400
vn 0.745600 -0.006200 -0.666300
vn -0.287600 0.532000 -0.796400
vn 0.793200 -0.449200 0.411100
vn -0.327500 -0.256300 0.909400
vn 0.408400 -0.901000 0.146300
vn -0.166800 0.706700 -0.687500
vn -0.331300 -0.394600 0.857000
vn 0.628200 -0.695200 -0.349400
vn 0.632600 -0.222800 -0.741700
vn -0.618800 0.681600 0.390500
vn 0.056600 -0.799400 0.598200
vn -0.034900 0.801300 -0.597300
vn -0.404700 0.905800 -0.125200
vn 0.379100 0.366600 -0.849600
vn 0.700100 -0.656300 -0.281200
vn -0.123100 0.773700 -0.621500
vn -0.490700 0.851900 -0.183000
vn 0.155900 -0.755800 0.636000
vn -0.598300 0.186000 0.779400
vn 0.671100 -0.215400 -0.709400
vn -0.626400 0.186100 0.756900
vn -0.280500 -0.382500 0.880300
vn -0.686900 0.653900 0.317200
vn 0.345600 0.373000 -0.861100
vn -0.236200 -0.343700 0.908900
vn 0.722700 -0.193500 -0.663500
vn 0.504500 -0.839100 0.203500
vn -0.584100 0.758500 -0.289000
vn -0.671500 0.146800 0.726300
vn 0.630900 -0.697400 0.339900
vn 0.814400 -0.557700 -0.160200
vn 0.262000 -0.633000 0.728500
vn -0.781000 0.579100 0.233900
vn -0.189500 0.678600 -0.709600
vn 0.324800 0.316400 -0.891300
vn -0.156100 -0.329800 0.931000
vn 0.675300 -0.605200 0.421600
vn 0.350900 0.255700 -0.900800
vn -0.370100 0.907200 -0.200300
vn -0.079800 0.873400 -0.480400
vn 0.795600 -0.192900 -0.574300
vn 0.324200 -0.553400 0.767200
vn -0.649700 0.073500 0.756600
vn 0.865700 -0.498800 -0.042600
vn -0.545200 -0.415500 0.728100
vn -0.437000 0.192800 0.878500
vn 0.535600 0.794500 -0.286300
vn -0.161300 0.730000 0.664100
vn 0.303600 0.919900 0.248200
vn 0.415500 -0.261900 -0.871100
vn -0.035000 -0.714600 -0.698700
vn -0.851800 0.471600 0.228200
vn 0.121000 -0.760500 -0.638000
vn 0.534500 0.366000 -0.761800
vn -0.373400 -0.888400 -0.267000
vn -0.450200 -0.837600 0.309600
vn -0.600700 -0.386300 0.700000
vn -0.389100 0.199600 0.899300
vn -0.035900 0.707700 0.705600
vn 0.429300 0.834200 -0.346200
vn 0.163900 0.967600 0.192300
vn 0.349900 -0.243900 -0.904500
vn -0.581400 -0.777500 0.239700
vn -0.201700 -0.959900 -0.194700
vn -0.619600 -0.764500 0.177600
vn 0.572900 0.358800 -0.736900
vn 0.565700 0.303700 -0.766600
vn -0.440000 -0.854800 -0.275200
vn 0.035700 0.997900 0.053200
vn 0.176400 0.930700 -0.320300
vn -0.144500 -0.724800 -0.673700
vn -0.644500 -0.439100 0.625900
vn -0.426800 0.123400 0.895900
vn 0.249000 -0.315200 -0.915800
vn -0.467500 0.176200 0.866300
vn 0.215900 -0.763400 -0.608800
vn 0.446400 -0.271200 -0.852700
vn -0.510100 -0.442100 0.737800
vn 0.516300 0.337500 -0.787100
vn -0.231700 0.733200 0.639300
vn -0.085000 -0.982800 -0.163800
vn -0.013600 0.659100 0.751900
vn -0.357600 -0.870800 0.337500
vn 0.383900 0.830500 -0.403500
vn -0.123600 0.420600 0.898800
vn -0.171400 0.376500 0.910400
vn 0.173200 -0.318100 -0.932100
vn -0.631700 0.769300 -0.095700
vn 0.096700 0.984300 0.147900
vn -0.417000 0.866800 -0.273400
vn -0.169100 0.167300 -0.971300
vn 0.245300 -0.273400 -0.930100
vn 0.511700 -0.853300 0.100500
vn 0.725100 -0.686700 0.052100
vn 0.161800 -0.115500 0.980100
vn 0.589200 -0.600600 -0.540500
vn -0.348900 0.799900 0.488300
vn -0.439100 0.893500 -0.094100
vn -0.509300 0.702100 0.497700
vn -0.133700 0.218400 -0.966700
vn 0.405100 -0.609900 0.681100
vn 0.421600 -0.739200 -0.525200
vn 0.601600 -0.495900 0.626200
vn 0.257600 -0.087300 0.962300
vn -0.359300 0.675800 -0.643600
vn -0.503700 0.565800 -0.652800
vn -0.296700 0.951200 -0.084500
vn 0.116100 -0.225500 0.967300
vn -0.075300 0.189300 -0.979000
vn 0.123200 -0.424900 -0.896800
vn 0.311400 -0.945100 0.099600
vn 0.265300 -0.842200 -0.469300
vn -0.237600 0.831400 0.502200
vn 0.260600 -0.726300 0.636100
vn 0.172700 -0.221700 0.959700
vn 0.366300 -0.811900 -0.454500
vn -0.336700 0.810700 0.478900
vn -0.406000 0.910300 -0.080600
vn -0.241500 0.723800 -0.646400
vn -0.108800 0.201100 -0.973500
vn -0.332000 0.712500 -0.618100
vn 0.369500 -0.700300 0.610800
vn 0.173400 -0.422200 -0.889800
vn -0.079200 0.386000 0.919100
vn 0.522300 -0.592800 0.613000
vn 0.229700 -0.190000 0.954500
vn -0.114600 0.389500 0.913900
vn -0.468700 0.748400 0.469300
vn -0.445600 0.624300 -0.641600
vn -0.173300 0.357300 0.917800
vn 0.243600 -0.406700 -0.880500
vn -0.551400 0.827400 -0.106300
vn 0.429900 -0.898500 0.088700
vn 0.537800 -0.726700 -0.427400
vn 0.625000 -0.772200 0.114500
vn 0.604800 -0.524000 0.599700
vn -0.148200 0.284700 0.947100
vn 0.716100 -0.683000 0.143900
vn 0.649400 -0.667400 -0.364400
vn -0.306200 0.937500 -0.165400
vn 0.310700 -0.190600 0.931200
vn -0.148900 0.147200 -0.977800
vn -0.210100 0.815500 -0.539300
vn 0.351600 -0.411600 -0.840800
vn -0.175500 0.734500 0.655500
vn 0.619400 0.754600 -0.216800
vn 0.523100 0.802700 -0.286600
vn -0.057000 0.702500 0.709400
vn 0.213600 0.951000 0.223700
vn 0.423200 -0.261900 -0.867400
vn 0.130500 -0.762100 -0.634200
vn -0.139300 0.081700 -0.986900
vn -0.540300 -0.804100 0.248000
vn -0.407800 -0.855800 -0.318300
vn -0.250300 -0.940500 -0.229800
vn -0.658800 -0.733800 0.166000
vn -0.647000 -0.379700 0.661300
vn -0.510700 0.217600 0.831800
vn 0.342900 0.892600 0.292900
vn 0.483500 -0.285000 -0.827700
vn -0.544700 0.657700 0.520300
vn -0.014500 -0.704100 -0.709900
vn -0.697000 -0.346100 0.628100
vn -0.464900 0.220700 0.857400
vn -0.736700 -0.394900 0.549000
vn 0.636300 0.331400 -0.696700
vn -0.470600 -0.817200 -0.332800
vn -0.507400 0.147500 0.849000
vn 0.276600 0.917600 -0.285500
vn 0.319100 -0.325300 -0.890100
vn -0.689200 -0.717500 0.100500
vn 0.671200 0.321100 -0.668100
vn 0.103200 0.992000 0.072600
vn -0.126500 -0.706300 -0.696500
vn -0.615100 -0.408800 0.674100
vn -0.540800 0.203500 0.816200
vn -0.453700 -0.844400 0.284900
vn -0.043200 0.652000 0.757000
vn 0.483800 0.802800 -0.348400
vn 0.618800 0.304500 -0.724200
vn 0.221400 -0.772300 -0.595500
vn 0.663100 0.267000 -0.699300
vn -0.242400 0.743100 0.623700
vn -0.139500 -0.972300 -0.187400
vn 0.460400 0.710100 0.532700
vn -0.153300 0.790700 0.592700
vn -0.907900 -0.199000 -0.369000
vn -0.534300 -0.656900 -0.532000
vn 0.511600 -0.296700 -0.806400
vn 0.152900 0.973000 0.172800
vn -0.496200 -0.601800 -0.625800
vn 0.967500 -0.240200 0.079400
vn 0.663500 -0.511400 -0.546000
vn 0.974200 -0.120200 -0.191100
vn 0.905800 0.355600 0.230300
vn 0.880300 0.323000 0.347400
vn 0.470000 0.755600 0.456200
vn -0.686400 0.594700 0.418600
vn -0.321500 0.897800 -0.301000
vn -0.911300 -0.258900 -0.320300
vn 0.657700 -0.708600 -0.255600
vn 0.109200 -0.693900 -0.711800
vn -0.098200 0.918300 0.383500
vn -0.627700 0.759600 0.170100
vn -0.976200 0.201700 0.079900
vn 0.066200 -0.867500 -0.493100
vn -0.015000 0.971200 0.237700
vn -0.543100 0.839400 -0.018900
vn 0.877500 -0.405600 0.256000
vn -0.865300 -0.230300 -0.445300
vn -0.934400 0.338600 -0.111200
vn 0.890000 0.191200 0.413900
vn -0.489400 -0.761000 -0.425900
vn 0.560600 -0.828000 0.012000
vn 0.906800 -0.395600 0.145400
vn 0.912900 0.189900 0.361400
vn -0.458200 -0.757100 -0.465700
vn -0.078700 0.945600 0.315700
vn 0.058900 -0.968300 -0.242900
vn 0.543200 0.733500 0.408500
vn 0.113900 -0.937500 -0.328800
vn -0.584400 0.807000 0.085500
vn -0.882800 -0.216200 -0.417100
vn -0.874500 0.398600 -0.276400
vn -0.653600 0.725200 0.216600
vn 0.953500 -0.301300 -0.009000
vn -0.896800 0.402600 -0.183600
vn 0.599400 -0.793600 -0.104800
vn 0.197300 -0.853700 -0.481900
vn -0.945600 0.315900 -0.077200
vn 0.928400 0.214900 0.303000
vn -0.135300 0.888800 0.437900
vn 0.519200 0.735600 0.435100
vn -0.419000 -0.741200 -0.524500
vn 0.501900 0.709600 0.494600
vn -0.889300 -0.265900 -0.372100
vn -0.805300 0.525400 -0.274600
vn 0.562500 0.654900 0.504700
vn -0.329200 -0.732400 -0.596000
vn 0.285700 -0.777000 -0.561000
vn 0.963800 -0.246600 -0.101800
vn 0.680500 -0.673600 -0.288400
vn -0.606500 0.793800 -0.045800
vn 0.953500 0.202400 0.223500
vn 0.336500 0.886300 -0.318100
vn -0.599400 0.340800 -0.724300
vn -0.619000 -0.758100 -0.205300
vn -0.117200 0.718100 -0.686000
vn -0.105400 0.829600 0.548400
vn -0.337000 -0.859400 0.384400
vn 0.565000 -0.350600 0.746900
vn 0.721700 -0.582900 -0.373300
vn 0.459500 -0.278200 0.843500
vn 0.195600 -0.769300 0.608200
vn 0.673700 0.709500 0.206700
vn 0.708800 0.241800 0.662600
vn 0.273000 0.938300 -0.212200
vn -0.514700 0.290700 -0.806600
vn -0.206100 0.790100 -0.577300
vn -0.665400 -0.730900 -0.152000
vn -0.869200 -0.329500 -0.368700
vn -0.242300 -0.934700 0.260000
vn 0.753800 0.207500 0.623500
vn 0.651500 0.714900 0.254100
vn -0.734400 -0.268200 -0.623400
vn 0.077700 -0.672100 0.736400
vn 0.697200 0.662500 0.273700
vn -0.361200 0.807600 -0.466200
vn -0.659600 -0.751000 -0.029700
vn -0.325100 -0.811400 0.485700
vn 0.658200 0.185700 0.729600
vn -0.765000 -0.257300 -0.590400
vn -0.650400 0.534200 -0.540000
vn 0.393100 -0.278800 0.876200
vn 0.401400 0.858100 -0.320200
vn 0.778300 0.175900 0.602800
vn 0.239800 0.959400 -0.148700
vn -0.739300 -0.322200 -0.591300
vn 0.248800 -0.822700 0.511100
vn -0.655600 0.331900 -0.678200
vn 0.643200 0.708900 0.289400
vn 0.047400 -0.621000 0.782400
vn -0.778400 -0.283500 -0.560100
vn -0.202000 -0.963800 0.174000
vn -0.747600 -0.432500 -0.504000
vn -0.241700 -0.161200 0.956900
vn 0.418300 0.094200 0.903400
vn 0.931800 0.358900 -0.054200
vn -0.346400 -0.083700 -0.934400
vn -0.781400 -0.330100 -0.529600
vn -0.220800 -0.142900 0.964800
vn -0.262100 0.812100 -0.521300
vn -0.809600 -0.179800 0.558800
vn -0.743300 -0.320200 0.587300
vn 0.880000 0.470300 -0.067300
vn 0.616500 -0.403600 0.676100
vn -0.670600 -0.411800 0.617000
vn 0.696500 0.416500 -0.584300
vn -0.327900 -0.156000 -0.931700
vn 0.759800 0.343600 -0.552000
vn -0.891600 -0.452700 0.014000
vn -0.661900 0.749400 0.018500
vn -0.958200 -0.286000 -0.012600
vn -0.594400 -0.770500 -0.230400
vn -0.388700 0.921300 -0.013600
vn 0.265100 -0.939500 -0.217000
vn 0.649100 -0.711600 0.269000
vn 0.459100 -0.396200 0.795200
vn -0.645400 -0.153400 0.748300
vn -0.972900 -0.008400 0.231000
vn -0.067500 -0.116100 -0.990900
vn 0.313100 -0.533300 -0.785800
vn -0.476100 -0.390800 -0.787800
vn 0.916100 0.123600 0.381500
vn -0.319700 -0.090200 -0.943200
vn 0.432100 -0.515900 0.739600
vn 0.639700 -0.692100 0.334400
vn 0.762800 0.496900 0.413800
vn -0.704400 -0.361500 0.610900
vn -0.729800 -0.317800 0.605300
vn 0.083200 0.868100 0.489400
vn 0.586600 -0.753100 -0.298100
vn -0.738900 0.577700 -0.346800
vn 0.562500 -0.804200 0.192200
vn -0.324800 0.944900 -0.039700
vn -0.266700 -0.005500 -0.963800
vn -0.271700 -0.913400 -0.303100
vn 0.388800 -0.466000 -0.794800
vn 0.081300 0.135000 0.987500
vn 0.653000 -0.699700 0.290100
vn -0.306500 0.551500 0.775800
vn 0.462700 -0.351700 0.813800
vn 0.513000 -0.371000 -0.774100
vn 0.264300 -0.562700 -0.783300
vn 0.174200 0.270200 -0.946900
vn 0.681300 0.159200 -0.714500
vn -0.585100 0.733100 0.346700
vn -0.646800 0.719200 -0.253800
vn -0.897700 0.340100 0.280100
vn -0.570000 0.768000 -0.292100
vn 0.586600 -0.739200 -0.330900
vn 0.722000 -0.634000 -0.277100
vn 0.564700 -0.038600 0.824400
vn -0.523700 0.784400 0.332400
vn -0.042800 -0.043000 -0.998200
vn -0.047600 -0.135800 -0.989600
vn 0.412800 -0.398900 0.818900
vn -0.421600 0.864800 0.272600
vn -0.450400 0.395800 -0.800300
vn -0.286100 0.511900 0.810000
vn 0.568300 0.018700 0.822600
vn 0.123600 0.201200 -0.971700
vn -0.655700 -0.062500 0.752500
vn -0.965100 -0.113200 0.236300
vn 0.706700 0.281300 -0.649200
vn -0.851800 0.381300 -0.359100
vn -0.563200 0.771800 0.295200
vn 0.327700 -0.487300 -0.809400
vn -0.282300 0.482700 -0.829000
vn 0.959200 0.229700 -0.164900
vn -0.408200 0.430600 -0.805000
vn 0.077100 0.081600 0.993700
vn -0.569300 0.748700 -0.339700
vn -0.426900 0.845100 -0.322000
vn 0.072700 0.026100 -0.997000
vn -0.317800 0.501000 0.805000
vn 0.601700 -0.735000 0.312700
vn 0.020900 0.022700 0.999500
vn 0.577200 -0.748000 -0.327700
vn -0.380600 0.396600 -0.835400
vn -0.231800 0.598600 0.766800
vn 0.482400 -0.797800 -0.361600
vn 0.934200 0.013800 0.356400
vn -0.606100 0.737100 -0.298900
vn -0.241400 0.531000 -0.812200
vn 0.088400 0.014400 0.996000
vn 0.973400 0.085500 -0.212600
vn 0.920100 0.138800 0.366300
vn -0.607500 0.740700 0.286900
vn 0.423100 -0.415500 0.805200
vn 0.085000 0.123500 0.988700
vn -0.379400 0.465400 0.799600
vn 0.130100 0.051900 -0.990100
vn 0.687000 -0.655000 0.314700
vn -0.925100 0.085100 -0.370100
vn -0.046900 -0.099500 0.993900
vn 0.519000 -0.276100 0.808900
vn 0.648200 -0.138000 -0.748800
vn -0.505800 0.174800 -0.844700
vn -0.489900 0.167200 -0.855600
vn -0.442300 0.282200 -0.851300
vn 0.870300 -0.361300 0.334700
vn -0.578100 0.175000 0.797000
vn -0.030400 -0.063200 0.997500
vn 0.514900 0.072300 -0.854200
vn 0.848300 0.315800 -0.425100
vn -0.930000 0.009100 -0.367500
vn 0.926900 0.084600 -0.365800
vn -0.054300 -0.067800 0.996200
vn 0.137600 0.083400 -0.987000
vn 0.919000 -0.305900 -0.248600
vn -0.670100 -0.077900 -0.738200
vn -0.405100 0.909600 0.092400
vn 0.539100 -0.013000 -0.842100
vn -0.915200 -0.360300 -0.180700
vn -0.977200 -0.016100 -0.211500
vn 0.960500 0.168700 0.221300
vn 0.878800 0.452800 0.150700
vn 0.090100 0.209900 0.973600
vn 0.095000 0.284400 0.954000
vn -0.572700 -0.357400 -0.737700
vn -0.084000 -0.079200 -0.993300
vn -0.469800 0.057600 0.880900
vn -0.513000 0.157900 0.843800
vn 0.007700 0.315400 0.948900
vn -0.489800 -0.095700 0.866500
vn 0.597000 0.439600 0.671100
vn -0.774800 -0.623800 -0.102300
vn -0.018800 -0.184500 -0.982700
vn -0.869400 -0.195900 0.453600
vn 0.749600 0.447000 -0.488100
vn -0.520500 -0.583100 -0.623800
vn 0.652100 0.214200 0.727200
vn -0.919700 0.073600 0.385700
vn 0.435900 0.083200 -0.896100
vn 0.042300 0.305800 0.951100
vn 0.769000 0.633700 0.083600
vn -0.772500 -0.447700 0.450300
vn 0.834000 0.540500 0.110600
vn -0.597200 -0.497900 -0.628900
vn -0.527500 -0.067900 0.846900
vn 0.502100 0.593500 0.629100
vn -0.063200 -0.320500 -0.945100
vn 0.813500 0.381400 -0.439100
vn -0.107700 -0.285300 -0.952400
vn 0.572900 0.529600 0.625500
vn -0.136200 -0.227600 -0.964200
vn -0.573400 -0.019200 0.819100
vn 0.882200 0.261300 -0.391700
vn 0.899200 0.399600 0.178400
vn 0.465400 0.068000 -0.882500
vn -0.833900 -0.371500 0.408100
vn -0.658000 -0.328100 -0.677800
vn -0.845100 -0.519600 -0.125300
vn -0.687100 -0.224700 -0.691000
vn 0.227400 0.972100 -0.057800
vn 0.899700 0.135800 -0.414900
vn 0.042900 0.241000 0.969600
vn 0.494900 0.009200 -0.868900
vn -0.942500 -0.200600 -0.267200
vn 0.546900 0.663300 0.510800
vn -0.918400 -0.214900 0.332200
vn 0.755500 0.634000 0.165100
vn 0.143600 -0.447500 -0.882700
vn 0.309300 0.721600 -0.619400
vn -0.963700 -0.119300 0.238700
vn -0.205400 -0.179600 -0.962100
vn 0.072300 0.994400 -0.076600
vn -0.925300 -0.316500 -0.209000
vn -0.003800 0.194700 0.980900
vn 0.609800 0.401100 0.683600
vn 0.437900 -0.042500 -0.898000
vn -0.656400 0.026900 0.753900
vn 0.180700 0.758400 -0.626200
vn -0.029200 -0.870700 -0.491000
vn 0.210900 -0.448200 -0.868700
vn 0.275700 0.171200 -0.945900
vn -0.069200 0.869700 0.488800
vn -0.287900 -0.240500 0.927000
vn -0.215400 -0.256300 0.942300
vn -0.292500 -0.759800 0.580600
vn 0.126800 -0.881200 -0.455400
vn 0.054100 0.852500 0.520000
vn -0.122800 -0.791000 0.599400
vn 0.006500 -0.996900 0.078000
vn -0.148000 0.392300 0.907800
vn 0.311800 0.845600 0.433300
vn -0.190400 -0.980400 0.050300
vn 0.179300 -0.896400 -0.405500
vn -0.036500 -0.838100 0.544300
vn -0.190200 0.405600 0.894000
vn 0.232100 0.200100 -0.951900
vn -0.154800 -0.362000 0.919200
vn 0.242900 -0.527200 -0.814300
vn 0.130300 0.732300 -0.668400
vn -0.201000 0.347500 0.915900
vn -0.323000 -0.233300 0.917200
vn 0.303100 0.952400 -0.032500
vn 0.383100 0.922800 0.042400
vn 0.233300 0.116100 -0.965500
vn 0.377800 0.692300 -0.614800
vn -0.138800 0.354700 0.924600
vn -0.309300 -0.949600 0.051100
vn -0.383400 -0.719800 0.578700
vn 0.114000 0.446500 -0.887500
vn 0.093300 0.502700 -0.859400
vn 0.099300 -0.455900 -0.884500
vn 0.795300 0.565400 0.218700
vn 0.081200 -0.994200 0.070100
vn -0.130800 -0.859000 -0.494900
vn 0.104800 0.820500 0.562000
vn 0.541900 0.677600 -0.497100
vn 0.298000 0.142100 -0.943900
vn 0.639000 0.528700 -0.558700
vn -0.941000 -0.325300 0.093500
vn -0.875600 -0.091700 -0.474300
vn -0.085900 -0.397400 0.913600
vn 0.903700 0.427800 -0.018900
vn -0.130500 -0.328600 0.935400
vn 0.430300 -0.101400 0.897000
vn -0.835200 -0.549300 -0.025900
vn 0.787300 0.615100 0.043300
vn 0.420000 -0.040700 0.906600
vn -0.763500 -0.260500 -0.590900
vn -0.676600 -0.430400 -0.597500
vn 0.359000 -0.046500 0.932200
vn 0.825200 0.187800 0.532700
vn 0.743300 0.345000 0.573100
vn -0.471900 0.206300 -0.857200
vn -0.656500 -0.414300 0.630300
vn -0.095200 -0.506300 0.857100
vn -0.698300 -0.710400 -0.088100
vn -0.571900 -0.601700 0.557600
vn -0.403600 0.146900 -0.903000
vn 0.661000 0.433600 0.612400
vn 0.035200 0.492800 -0.869400
vn 0.454700 0.752100 -0.477000
vn -0.407800 0.027600 -0.912700
vn 0.537900 0.690300 -0.483900
vn 0.762500 0.645700 0.040900
vn 0.392200 -0.047900 0.918600
vn -0.490700 -0.744800 0.452300
vn 0.684800 0.724500 0.078300
vn -0.139700 -0.482900 0.864500
vn -0.755600 -0.369300 -0.541000
vn -0.569700 -0.675200 0.468600
vn -0.844400 -0.212400 -0.491800
vn -0.489600 0.101400 -0.866000
vn -0.780200 -0.624200 -0.041000
vn 0.629200 0.580800 -0.516400
vn 0.729500 0.393500 0.559400
vn -0.454200 0.051600 -0.889400
vn 0.860300 0.509400 0.018300
vn 0.068800 0.481100 -0.874000
vn 0.405400 -0.112900 0.907100
vn 0.646200 0.479300 -0.593900
vn 0.370900 -0.169900 0.913000
vn -0.903100 -0.429300 -0.001200
vn 0.796700 0.265200 0.543000
vn 0.046400 0.380000 -0.923800
vn 0.704800 0.692900 0.152000
vn -0.196700 -0.439800 0.876300
vn -0.776100 -0.417200 0.472800
vn 0.325500 0.718500 -0.614700
vn 0.196200 0.746200 -0.636100
vn -0.302200 -0.394400 0.867800
vn -0.884600 -0.120800 -0.450500
vn 0.169800 0.982600 -0.075500
vn 0.105900 0.429900 -0.896700
vn -0.951400 -0.307800 0.003400
vn -0.689800 -0.526300 0.497200
vn 0.649300 0.549000 0.526200
vn -0.555900 0.128000 -0.821300
vn 0.016400 0.993700 -0.110800
vn 0.229300 -0.886200 -0.402600
vn 0.262800 -0.467800 -0.843900
vn -0.174800 0.879800 0.442100
vn -0.054600 0.872100 0.486300
vn -0.295500 -0.236700 0.925600
vn -0.133900 -0.775700 0.616700
vn 0.077500 -0.887500 -0.454200
vn 0.328200 -0.463400 -0.823100
vn -0.366800 -0.226500 0.902300
vn -0.302400 -0.756800 0.579500
vn -0.131800 -0.988600 0.072100
vn 0.061800 -0.990800 0.120300
vn -0.226200 -0.338900 0.913200
vn 0.316600 0.181500 -0.931000
vn 0.359300 -0.538000 -0.762500
vn 0.277100 -0.896000 -0.347000
vn -0.266300 0.413300 0.870800
vn 0.361100 0.155900 -0.919400
vn -0.039500 -0.818800 0.572700
vn -0.307600 0.423200 0.852200
vn -0.316800 0.365400 0.875300
vn 0.136600 -0.983300 0.119900
vn -0.023700 -0.882900 -0.468900
vn -0.401100 -0.222000 0.888700
vn 0.210600 0.879600 0.426600
vn 0.317100 0.947500 0.042000
vn -0.256500 0.377000 0.890000
vn -0.006700 0.845100 0.534600
vn -0.394900 -0.723100 0.566700
vn 0.384900 0.128400 -0.914000
vn 0.343700 0.765700 -0.543800
vn -0.216600 0.921200 -0.323100
vn 0.152200 0.715300 -0.682100
vn 0.243600 0.969000 -0.041700
vn 0.324600 0.097300 -0.940800
vn 0.394900 0.694000 -0.602000
vn -0.251900 -0.965900 0.059500
vn -0.189000 0.951300 -0.243400
vn 0.219600 -0.479200 -0.849800
vn 0.730700 0.625300 0.274200
vn -0.865200 0.235500 0.442600
vn 0.395000 0.862100 -0.317500
vn 0.792200 -0.604300 0.085200
vn 0.304100 -0.902000 0.306400
vn -0.969200 0.176600 0.171700
vn 0.314400 -0.855500 0.411400
vn -0.682600 -0.306100 0.663700
vn 0.765800 0.347700 -0.541000
vn 0.759000 -0.650300 0.032700
vn -0.824500 -0.430300 0.367500
vn -0.848200 -0.524400 0.074400
vn -0.999000 0.026400 -0.036000
vn -0.321600 -0.849700 0.417800
vn 0.925900 -0.184200 -0.329900
vn 0.838500 0.471500 -0.273100
vn -0.710300 0.701100 -0.061900
vn 0.757900 -0.630500 0.167400
vn 0.989000 -0.081200 -0.124000
vn -0.237800 -0.718600 0.653600
vn -0.693400 0.718000 0.060000
vn -0.412300 -0.895400 0.167900
vn 0.997800 -0.035400 0.055800
vn 0.197200 -0.957900 0.208500
vn 0.839200 0.540200 -0.062100
vn 0.180100 -0.949800 0.255600
vn 0.404300 0.881200 -0.244900
vn -0.252400 0.950900 -0.179300
vn -0.789500 0.598900 -0.133800
vn 0.376200 0.914200 -0.150500
vn 0.773200 -0.619300 0.136800
vn 0.839000 0.514900 -0.176100
vn -0.798800 0.596600 -0.077400
vn 0.836500 0.439300 -0.327600
vn -0.963800 0.099200 0.247400
vn -0.236200 0.948500 -0.211300
vn -0.842200 -0.500700 0.199800
vn -0.428900 -0.862700 0.267900
vn -0.996600 0.025700 0.078700
vn 0.403200 0.831400 -0.382400
vn 0.999000 -0.022800 -0.038800
vn -0.822500 -0.396200 0.408100
vn 0.702400 -0.706700 0.084800
vn -0.801600 -0.314700 0.508400
vn -0.244900 0.929700 -0.275200
vn -0.433200 -0.784000 0.444600
vn 0.990800 0.106100 0.083800
vn -0.460900 -0.695600 0.551100
vn -0.789100 0.614100 -0.015100
vn 0.105600 -0.902200 0.418200
vn 0.151700 0.868600 0.471700
vn 0.558000 0.469500 0.684300
vn -0.799200 0.597300 0.066900
vn 0.747900 -0.657900 0.087800
vn 0.327800 0.810900 -0.484800
vn 0.981800 -0.099500 -0.161500
vn -0.323700 0.906000 -0.272600
vn 0.165200 -0.931500 0.324100
vn 0.881200 0.469200 -0.057700
vn -0.929400 0.134700 0.343600
vn 0.643200 0.520400 0.561600
vn -0.662700 0.621500 -0.417800
vn 0.206800 0.910900 0.357200
vn 0.828700 -0.065900 0.555800
vn 0.264400 -0.963700 -0.038200
vn -0.154100 -0.831900 -0.533200
vn -0.242500 -0.886500 -0.394100
vn -0.704900 0.090500 -0.703500
vn -0.708400 0.600600 -0.370800
vn 0.305200 -0.947000 -0.099800
vn -0.807600 0.048000 -0.587800
vn -0.333600 0.941500 0.048000
vn -0.631900 -0.499900 -0.592300
vn -0.166100 -0.764500 -0.622800
vn -0.322000 0.946700 -0.003100
vn 0.665400 -0.647700 0.371000
vn -0.656700 0.564000 -0.500700
vn -0.514600 -0.433800 -0.739600
vn 0.750700 -0.093700 0.653900
vn -0.654000 0.070300 -0.753300
vn 0.689800 -0.643500 0.331800
f 1/1/1 2/2/2 3/3/3
f 1/1/1 3/3/3 4/4/4
f 5/5/5 6/6/6 7/7/7
f 5/5/5 7/7/7 8/8/8
f 9/9/9 10/10/10 11/11/11
f 9/9/9 11/11/11 12/12/12
f 13/13/13 14/14/14 15/15/15
f 13/13/13 15/15/15 16/16/16
f 17/17/17 1/1/1 4/4/4
f 17/17/17 4/4/4 18/18/18
f 19/19/19 9/9/9 12/12/12
f 19/19/19 12/12/12 20/20/20
f 21/21/21 13/13/13 16/16/16
f 21/21/21 16/16/16 22/22/22
f 23/23/23 17/17/17 18/18/18
f 23/23/23 18/18/18 24/24/24
f 2/2/2 19/19/19 20/20/20
f 2/2/2 20/20/20 3/3/3
f 10/10/10 21/21/21 22/22/22
f 10/10/10 22/22/22 11/11/11
f 14/14/14 23/23/23 24/24/24
f 14/14/14 24/24/24 15/15/15
f 22/22/22 16/16/16 25/25/25
f 22/22/22 25/25/25 26/26/26
f 27/27/27 28/28/28 29/29/29
f 27/27/27 29/29/29 30/30/30
f 31/31/31 32/32/32 33/33/33
f 31/31/31 33/33/33 34/34/34
f 35/35/35 5/5/5 8/8/8
f 35/35/35 8/8/8 36/36/36
f 37/37/37 31/31/31 34/34/34
f 37/37/37 34/34/34 38/38/38
f 39/39/39 35/35/35 36/36/36
f 39/39/39 36/36/36 40/40/40
f 6/6/6 41/41/41 42/42/42
f 6/6/6 42/42/42 7/7/7
f 41/41/41 27/27/27 30/30/30
f 41/41/41 30/30/30 42/42/42
f 32/32/32 39/39/39 40/40/40
f 32/32/32 40/40/40 33/33/33
f 43/43/43 44/44/44 45/45/45
f 43/43/43 45/45/45 46/46/46
f 18/18/18 4/4/4 47/47/47
f 18/18/18 47/47/47 48/48/48
f 20/20/20 12/12/12 49/49/49
f 20/20/20 49/49/49 50/50/50
f 28/28/28 37/37/37 38/38/38
f 28/28/28 38/38/38 29/29/29
f 24/24/24 18/18/18 48/48/48
f 24/24/24 48/48/48 51/51/51
f 3/3/3 20/20/20 50/50/50
f 3/3/3 50/50/50 52/52/52
f 11/11/11 22/22/22 26/26/26
f 11/11/11 26/26/26 53/53/53
f 15/15/15 24/24/24 51/51/51
f 15/15/15 51/51/51 54/54/54
f 4/4/4 3/3/3 52/52/52
f 4/4/4 52/52/52 47/47/47
f 12/12/12 11/11/11 53/53/53
f 12/12/12 53/53/53 49/49/49
f 55/55/55 56/56/56 57/57/57
f 55/55/55 57/57/57 58/58/58
f 29/29/29 38/38/38 59/59/59
f 29/29/29 59/59/59 60/60/60
f 61/61/61 43/43/43 46/46/46
f 61/61/61 46/46/46 62/62/62
f 63/63/63 64/64/64 65/65/65
f 63/63/63 65/65/65 66/66/66
f 64/64/64 67/67/67 68/68/68
f 64/64/64 68/68/68 65/65/65
f 69/69/69 61/61/61 62/62/62
f 69/69/69 62/62/62 70/70/70
f 44/44/44 63/63/63 66/66/66
f 44/44/44 66/66/66 45/45/45
f 67/67/67 71/71/71 72/72/72
f 67/67/67 72/72/72 68/68/68
f 56/56/56 69/69/69 70/70/70
f 56/56/56 70/70/70 57/57/57
f 72/72/72 58/58/58 57/57/57
f 72/72/72 57/57/57 70/70/70
f 72/72/72 70/70/70 62/62/62
f 72/72/72 62/62/62 46/46/46
f 72/72/72 46/46/46 45/45/45
f 72/72/72 45/45/45 66/66/66
f 72/72/72 66/66/66 65/65/65
f 72/72/72 65/65/65 68/68/68
f 34/34/34 33/33/33 73/73/73
f 34/34/34 73/73/73 74/74/74
f 36/36/36 8/8/8 75/75/75
f 36/36/36 75/75/75 76/76/76
f 42/42/42 30/30/30 77/77/77
f 42/42/42 77/77/77 78/78/78
f 38/38/38 34/34/34 74/74/74
f 38/38/38 74/74/74 59/59/59
f 40/40/40 36/36/36 76/76/76
f 40/40/40 76/76/76 79/79/79
f 7/7/7 42/42/42 78/78/78
f 7/7/7 78/78/78 80/80/80
f 30/30/30 29/29/29 60/60/60
f 30/30/30 60/60/60 77/77/77
f 33/33/33 40/40/40 79/79/79
f 33/33/33 79/79/79 73/73/73
f 8/8/8 7/7/7 80/80/80
f 8/8/8 80/80/80 75/75/75
f 60/60/60 59/59/59 55/55/55
f 60/60/60 55/55/55 71/71/71
f 77/77/77 60/60/60 71/71/71
f 77/77/77 71/71/71 67/67/67
f 78/78/78 77/77/77 67/67/67
f 78/78/78 67/67/67 64/64/64
f 80/80/80 78/78/78 64/64/64
f 80/80/80 64/64/64 63/63/63
f 75/75/75 80/80/80 63/63/63
f 75/75/75 63/63/63 44/44/44
f 76/76/76 75/75/75 44/44/44
f 76/76/76 44/44/44 43/43/43
f 79/79/79 76/76/76 43/43/43
f 79/79/79 43/43/43 61/61/61
f 73/73/73 79/79/79 61/61/61
f 73/73/73 61/61/61 69/69/69
f 74/74/74 73/73/73 69/69/69
f 74/74/74 69/69/69 56/56/56
f 59/59/59 74/74/74 56/56/56
f 59/59/59 56/56/56 55/55/55
f 71/71/71 55/55/55 58/58/58
f 71/71/71 58/58/58 72/72/72
f 25/25/25 54/54/54 37/37/37
f 25/25/25 37/37/37 28/28/28
f 26/26/26 25/25/25 28/28/28
f 26/26/26 28/28/28 27/27/27
f 53/53/53 26/26/26 27/27/27
f 53/53/53 27/27/27 41/41/41
f 49/49/49 53/53/53 41/41/41
f 49/49/49 41/41/41 6/6/6
f 50/50/50 49/49/49 6/6/6
f 50/50/50 6/6/6 5/5/5
f 52/52/52 50/50/50 5/5/5
f 52/52/52 5/5/5 35/35/35
f 47/47/47 52/52/52 35/35/35
f 47/47/47 35/35/35 39/39/39
f 48/48/48 47/47/47 39/39/39
f 48/48/48 39/39/39 32/32/32
f 51/51/51 48/48/48 32/32/32
f 51/51/51 32/32/32 31/31/31
f 54/54/54 51/51/51 31/31/31
f 54/54/54 31/31/31 37/37/37
f 16/16/16 15/15/15 54/54/54
f 16/16/16 54/54/54 25/25/25
f 81/81/81 82/82/82 83/83/83
f 81/81/81 83/83/83 84/84/84
f 85/85/85 86/86/86 87/87/87
f 85/85/85 87/87/87 88/88/88
f 89/89/89 90/90/90 91/91/91
f 89/89/89 91/91/91 92/92/92
f 93/93/93 81/81/81 84/84/84
f 93/93/93 84/84/84 94/94/94
f 95/95/95 85/85/85 88/88/88
f 95/95/95 88/88/88 96/96/96
f 97/97/97 89/89/89 92/92/92
f 97/97/97 92/92/92 98/98/98
f 99/99/99 93/93/93 94/94/94
f 99/99/99 94/94/94 100/100/100
f 82/82/82 95/95/95 96/96/96
f 82/82/82 96/96/96 83/83/83
f 86/86/86 97/97/97 98/98/98
f 86/86/86 98/98/98 87/87/87
f 90/90/90 99/99/99 100/100/100
f 90/90/90 100/100/100 91/91/91
f 88/88/88 87/87/87 101/101/101
f 88/88/88 101/101/101 102/102/102
f 92/92/92 91/91/91 103/103/103
f 92/92/92 103/103/103 104/104/104
f 94/94/94 84/84/84 105/105/105
f 94/94/94 105/105/105 106/106/106
f 96/96/96 88/88/88 102/102/102
f 96/96/96 102/102/102 107/107/107
f 98/98/98 92/92/92 104/104/104
f 98/98/98 104/104/104 108/108/108
f 100/100/100 94/94/94 106/106/106
f 100/100/100 106/106/106 109/109/109
f 83/83/83 96/96/96 107/107/107
f 83/83/83 107/107/107 110/110/110
f 87/87/87 98/98/98 108/108/108
f 87/87/87 108/108/108 101/101/101
f 91/91/91 100/100/100 109/109/109
f 91/91/91 109/109/109 103/103/103
f 84/84/84 83/83/83 110/110/110
f 84/84/84 110/110/110 105/105/105
f 104/104/104 103/103/103 111/111/111
f 104/104/104 111/111/111 112/112/112
f 106/106/106 105/105/105 113/113/113
f 106/106/106 113/113/113 114/114/114
f 107/107/107 102/102/102 115/115/115
f 107/107/107 115/115/115 116/116/116
f 108/108/108 104/104/104 112/112/112
f 108/108/108 112/112/112 117/117/117
f 109/109/109 106/106/106 114/114/114
f 109/109/109 114/114/114 118/118/118
f 110/110/110 107/107/107 116/116/116
f 110/110/110 116/116/116 119/119/119
f 101/101/101 108/108/108 117/117/117
f 101/101/101 117/117/117 120/120/120
f 103/103/103 109/109/109 118/118/118
f 103/103/103 118/118/118 111/111/111
f 105/105/105 110/110/110 119/119/119
f 105/105/105 119/119/119 113/113/113
f 102/102/102 101/101/101 120/120/120
f 102/102/102 120/120/120 115/115/115
f 114/114/114 113/113/113 121/121/121
f 114/114/114 121/121/121 122/122/122
f 116/116/116 115/115/115 123/123/123
f 116/116/116 123/123/123 124/124/124
f 117/117/117 112/112/112 125/125/125
f 117/117/117 125/125/125 126/126/126
f 118/118/118 114/114/114 122/122/122
f 118/118/118 122/122/122 127/127/127
f 119/119/119 116/116/116 124/124/124
f 119/119/119 124/124/124 128/128/128
f 120/120/120 117/117/117 126/126/126
f 120/120/120 126/126/126 129/129/129
f 111/111/111 118/118/118 127/127/127
f 111/111/111 127/127/127 130/130/130
f 113/113/113 119/119/119 128/128/128
f 113/113/113 128/128/128 121/121/121
f 115/115/115 120/120/120 129/129/129
f 115/115/115 129/129/129 123/123/123
f 112/112/112 111/111/111 130/130/130
f 112/112/112 130/130/130 125/125/125
f 124/124/124 123/123/123 131/131/131
f 124/124/124 131/131/131 132/132/132
f 126/126/126 125/125/125 133/133/133
f 126/126/126 133/133/133 134/134/134
f 127/127/127 122/122/122 135/135/135
f 127/127/127 135/135/135 136/136/136
f 128/128/128 124/124/124 132/132/132
f 128/128/128 132/132/132 137/137/137
f 129/129/129 126/126/126 134/134/134
f 129/129/129 134/134/134 138/138/138
f 130/130/130 127/127/127 136/136/136
f 130/130/130 136/136/136 139/139/139
f 121/121/121 128/128/128 137/137/137
f 121/121/121 137/137/137 140/140/140
f 123/123/123 129/129/129 138/138/138
f 123/123/123 138/138/138 131/131/131
f 125/125/125 130/130/130 139/139/139
f 125/125/125 139/139/139 133/133/133
f 122/122/122 121/121/121 140/140/140
f 122/122/122 140/140/140 135/135/135
f 141/141/141 142/142/142 143/143/143
f 141/141/141 143/143/143 144/144/144
f 145/145/145 146/146/146 147/147/147
f 145/145/145 147/147/147 148/148/148
f 149/149/149 150/150/150 151/151/151
f 149/149/149 151/151/151 152/152/152
f 153/153/153 154/154/154 142/142/142
f 153/153/153 142/142/142 141/141/141
f 155/155/155 156/156/156 146/146/146
f 155/155/155 146/146/146 145/145/145
f 157/157/157 158/158/158 150/150/150
f 157/157/157 150/150/150 149/149/149
f 159/159/159 160/160/160 154/154/154
f 159/159/159 154/154/154 153/153/153
f 144/144/144 143/143/143 156/156/156
f 144/144/144 156/156/156 155/155/155
f 148/148/148 147/147/147 158/158/158
f 148/148/148 158/158/158 157/157/157
f 152/152/152 151/151/151 160/160/160
f 152/152/152 160/160/160 159/159/159
f 146/146/146 161/161/161 162/162/162
f 146/146/146 162/162/162 147/147/147
f 150/150/150 163/163/163 164/164/164
f 150/150/150 164/164/164 151/151/151
f 154/154/154 165/165/165 166/166/166
f 154/154/154 166/166/166 142/142/142
f 156/156/156 167/167/167 161/161/161
f 156/156/156 161/161/161 146/146/146
f 158/158/158 168/168/168 163/163/163
f 158/158/158 163/163/163 150/150/150
f 160/160/160 169/169/169 165/165/165
f 160/160/160 165/165/165 154/154/154
f 143/143/143 170/170/170 167/167/167
f 143/143/143 167/167/167 156/156/156
f 147/147/147 162/162/162 168/168/168
f 147/147/147 168/168/168 158/158/158
f 151/151/151 164/164/164 169/169/169
f 151/151/151 169/169/169 160/160/160
f 142/142/142 166/166/166 170/170/170
f 142/142/142 170/170/170 143/143/143
f 155/155/155 145/145/145 171/171/171
f 155/155/155 171/171/171 172/172/172
f 157/157/157 149/149/149 173/173/173
f 157/157/157 173/173/173 174/174/174
f 159/159/159 153/153/153 175/175/175
f 159/159/159 175/175/175 176/176/176
f 144/144/144 155/155/155 172/172/172
f 144/144/144 172/172/172 177/177/177
f 148/148/148 157/157/157 174/174/174
f 148/148/148 174/174/174 178/178/178
f 152/152/152 159/159/159 176/176/176
f 152/152/152 176/176/176 179/179/179
f 141/141/141 144/144/144 177/177/177
f 141/141/141 177/177/177 180/180/180
f 145/145/145 148/148/148 178/178/178
f 145/145/145 178/178/178 171/171/171
f 149/149/149 152/152/152 179/179/179
f 149/149/149 179/179/179 173/173/173
f 153/153/153 141/141/141 180/180/180
f 153/153/153 180/180/180 175/175/175
f 168/168/168 162/162/162 161/161/161
f 168/168/168 161/161/161 167/167/167
f 168/168/168 167/167/167 170/170/170
f 168/168/168 170/170/170 166/166/166
f 168/168/168 166/166/166 165/165/165
f 168/168/168 165/165/165 169/169/169
f 168/168/168 169/169/169 164/164/164
f 168/168/168 164/164/164 163/163/163
f 181/181/181 182/182/182 183/183/183
f 181/181/181 183/183/183 184/184/184
f 185/185/185 186/186/186 187/187/187
f 185/185/185 187/187/187 188/188/188
f 189/189/189 190/190/190 191/191/191
f 189/189/189 191/191/191 192/192/192
f 193/193/193 181/181/181 184/184/184
f 193/193/193 184/184/184 194/194/194
f 195/195/195 185/185/185 188/188/188
f 195/195/195 188/188/188 196/196/196
f 197/197/197 189/189/189 192/192/192
f 197/197/197 192/192/192 198/198/198
f 199/199/199 193/193/193 194/194/194
f 199/199/199 194/194/194 200/200/200
f 182/182/182 195/195/195 196/196/196
f 182/182/182 196/196/196 183/183/183
f 186/186/186 197/197/197 198/198/198
f 186/186/186 198/198/198 187/187/187
f 190/190/190 199/199/199 200/200/200
f 190/190/190 200/200/200 191/191/191
f 188/188/188 187/187/187 201/201/201
f 188/188/188 201/201/201 202/202/202
f 192/192/192 191/191/191 203/203/203
f 192/192/192 203/203/203 204/204/204
f 194/194/194 184/184/184 205/205/205
f 194/194/194 205/205/205 206/206/206
f 196/196/196 188/188/188 202/202/202
f 196/196/196 202/202/202 207/207/207
f 198/198/198 192/192/192 204/204/204
f 198/198/198 204/204/204 208/208/208
f 200/200/200 194/194/194 206/206/206
f 200/200/200 206/206/206 209/209/209
f 183/183/183 196/196/196 207/207/207
f 183/183/183 207/207/207 210/210/210
f 187/187/187 198/198/198 208/208/208
f 187/187/187 208/208/208 201/201/201
f 191/191/191 200/200/200 209/209/209
f 191/191/191 209/209/209 203/203/203
f 184/184/184 183/183/183 210/210/210
f 184/184/184 210/210/210 205/205/205
f 204/204/204 203/203/203 211/211/211
f 204/204/204 211/211/211 212/212/212
f 206/206/206 205/205/205 213/213/213
f 206/206/206 213/213/213 214/214/214
f 207/207/207 202/202/202 215/215/215
f 207/207/207 215/215/215 216/216/216
f 208/208/208 204/204/204 212/212/212
f 208/208/208 212/212/212 217/217/217
f 209/209/209 206/206/206 214/214/214
f 209/209/209 214/214/214 218/218/218
f 210/210/210 207/207/207 216/216/216
f 210/210/210 216/216/216 219/219/219
f 201/201/201 208/208/208 217/217/217
f 201/201/201 217/217/217 220/220/220
f 203/203/203 209/209/209 218/218/218
f 203/203/203 218/218/218 211/211/211
f 205/205/205 210/210/210 219/219/219
f 205/205/205 219/219/219 213/213/213
f 202/202/202 201/201/201 220/220/220
f 202/202/202 220/220/220 215/215/215
f 214/214/214 213/213/213 221/221/221
f 214/214/214 221/221/221 222/222/222
f 216/216/216 215/215/215 223/223/223
f 216/216/216 223/223/223 224/224/224
f 217/217/217 212/212/212 225/225/225
f 217/217/217 225/225/225 226/226/226
f 218/218/218 214/214/214 222/222/222
f 218/218/218 222/222/222 227/227/227
f 219/219/219 216/216/216 224/224/224
f 219/219/219 224/224/224 228/228/228
f 220/220/220 217/217/217 226/226/226
f 220/220/220 226/226/226 229/229/229
f 211/211/211 218/218/218 227/227/227
f 211/211/211 227/227/227 230/230/230
f 213/213/213 219/219/219 228/228/228
f 213/213/213 228/228/228 221/221/221
f 215/215/215 220/220/220 229/229/229
f 215/215/215 229/229/229 223/223/223
f 212/212/212 211/211/211 230/230/230
f 212/212/212 230/230/230 225/225/225
f 224/224/224 223/223/223 231/231/231
f 224/224/224 231/231/231 232/232/232
f 226/226/226 225/225/225 233/233/233
f 226/226/226 233/233/233 234/234/234
f 227/227/227 222/222/222 235/235/235
f 227/227/227 235/235/235 236/236/236
f 228/228/228 224/224/224 232/232/232
f 228/228/228 232/232/232 237/237/237
f 229/229/229 226/226/226 234/234/234
f 229/229/229 234/234/234 238/238/238
f 230/230/230 227/227/227 236/236/236
f 230/230/230 236/236/236 239/239/239
f 221/221/221 228/228/228 237/237/237
f 221/221/221 237/237/237 240/240/240
f 223/223/223 229/229/229 238/238/238
f 223/223/223 238/238/238 231/231/231
f 225/225/225 230/230/230 239/239/239
f 225/225/225 239/239/239 233/233/233
f 222/222/222 221/221/221 240/240/240
f 222/222/222 240/240/240 235/235/235
f 241/241/241 242/242/242 243/243/243
f 241/241/241 243/243/243 244/244/244
f 245/245/245 246/246/246 247/247/247
f 245/245/245 247/247/247 248/248/248
f 249/249/249 250/250/250 251/251/251
f 249/249/249 251/251/251 252/252/252
f 253/253/253 254/254/254 242/242/242
f 253/253/253 242/242/242 241/241/241
f 255/255/255 256/256/256 246/246/246
f 255/255/255 246/246/246 245/245/245
f 257/257/257 258/258/258 250/250/250
f 257/257/257 250/250/250 249/249/249
f 259/259/259 260/260/260 254/254/254
f 259/259/259 254/254/254 253/253/253
f 244/244/244 243/243/243 256/256/256
f 244/244/244 256/256/256 255/255/255
f 248/248/248 247/247/247 258/258/258
f 248/248/248 258/258/258 257/257/257
f 252/252/252 251/251/251 260/260/260
f 252/252/252 260/260/260 259/259/259
f 246/246/246 261/261/261 262/262/262
f 246/246/246 262/262/262 247/247/247
f 250/250/250 263/263/263 264/264/264
f 250/250/250 264/264/264 251/251/251
f 254/254/254 265/265/265 266/266/266
f 254/254/254 266/266/266 242/242/242
f 256/256/256 267/267/267 261/261/261
f 256/256/256 261/261/261 246/246/246
f 258/258/258 268/268/268 263/263/263
f 258/258/258 263/263/263 250/250/250
f 260/260/260 269/269/269 265/265/265
f 260/260/260 265/265/265 254/254/254
f 243/243/243 270/270/270 267/267/267
f 243/243/243 267/267/267 256/256/256
f 247/247/247 262/262/262 268/268/268
f 247/247/247 268/268/268 258/258/258
f 251/251/251 264/264/264 269/269/269
f 251/251/251 269/269/269 260/260/260
f 242/242/242 266/266/266 270/270/270
f 242/242/242 270/270/270 243/243/243
f 255/255/255 245/245/245 271/271/271
f 255/255/255 271/271/271 272/272/272
f 257/257/257 249/249/249 273/273/273
f 257/257/257 273/273/273 274/274/274
f 259/259/259 253/253/253 275/275/275
f 259/259/259 275/275/275 276/276/276
f 244/244/244 255/255/255 272/272/272
f 244/244/244 272/272/272 277/277/277
f 248/248/248 257/257/257 274/274/274
f 248/248/248 274/274/274 278/278/278
f 252/252/252 259/259/259 276/276/276
f 252/252/252 276/276/276 279/279/279
f 241/241/241 244/244/244 277/277/277
f 241/241/241 277/277/277 280/280/280
f 245/245/245 248/248/248 278/278/278
f 245/245/245 278/278/278 271/271/271
f 249/249/249 252/252/252 279/279/279
f 249/249/249 279/279/279 273/273/273
f 253/253/253 241/241/241 280/280/280
f 253/253/253 280/280/280 275/275/275
f 268/268/268 262/262/262 261/261/261
f 268/268/268 261/261/261 267/267/267
f 268/268/268 267/267/267 270/270/270
f 268/268/268 270/270/270 266/266/266
f 268/268/268 266/266/266 265/265/265
f 268/268/268 265/265/265 269/269/269
f 268/268/268 269/269/269 264/264/264
f 268/268/268 264/264/264 263/263/263
f 281/281/281 282/282/282 283/283/283
f 281/281/281 283/283/283 284/284/284
f 285/285/285 286/286/286 287/287/287
f 285/285/285 287/287/287 288/288/288
f 289/289/289 290/290/290 291/291/291
f 289/289/289 291/291/291 292/292/292
f 293/293/293 281/281/281 284/284/284
f 293/293/293 284/284/284 294/294/294
f 295/295/295 285/285/285 288/288/288
f 295/295/295 288/288/288 296/296/296
f 297/297/297 289/289/289 292/292/292
f 297/297/297 292/292/292 298/298/298
f 299/299/299 293/293/293 294/294/294
f 299/299/299 294/294/294 300/300/300
f 282/282/282 295/295/295 296/296/296
f 282/282/282 296/296/296 283/283/283
f 286/286/286 297/297/297 298/298/298
f 286/286/286 298/298/298 287/287/287
f 290/290/290 299/299/299 300/300/300
f 290/290/290 300/300/300 291/291/291
f 288/288/288 287/287/287 301/301/301
f 288/288/288 301/301/301 302/302/302
f 292/292/292 291/291/291 303/303/303
f 292/292/292 303/303/303 304/304/304
f 294/294/294 284/284/284 305/305/305
f 294/294/294 305/305/305 306/306/306
f 296/296/296 288/288/288 302/302/302
f 296/296/296 302/302/302 307/307/307
f 298/298/298 292/292/292 304/304/304
f 298/298/298 304/304/304 308/308/308
f 300/300/300 294/294/294 306/306/306
f 300/300/300 306/306/306 309/309/309
f 283/283/283 296/296/296 307/307/307
f 283/283/283 307/307/307 310/310/310
f 287/287/287 298/298/298 308/308/308
f 287/287/287 308/308/308 301/301/301
f 291/291/291 300/300/300 309/309/309
f 291/291/291 309/309/309 303/303/303
f 284/284/284 283/283/283 310/310/310
f 284/284/284 310/310/310 305/305/305
f 304/304/304 303/303/303 311/311/311
f 304/304/304 311/311/311 312/312/312
f 306/306/306 305/305/305 313/313/313
f 306/306/306 313/313/313 314/314/314
f 307/307/307 302/302/302 315/315/315
f 307/307/307 315/315/315 316/316/316
f 308/308/308 304/304/304 312/312/312
f 308/308/308 312/312/312 317/317/317
f 309/309/309 306/306/306 314/314/314
f 309/309/309 314/314/314 318/318/318
f 310/310/310 307/307/307 316/316/316
f 310/310/310 316/316/316 319/319/319
f 301/301/301 308/308/308 317/317/317
f 301/301/301 317/317/317 320/320/320
f 303/303/303 309/309/309 318/318/318
f 303/303/303 318/318/318 311/311/311
f 305/305/305 310/310/310 319/319/319
f 305/305/305 319/319/319 313/313/313
f 302/302/302 301/301/301 320/320/320
f 302/302/302 320/320/320 315/315/315
f 314/314/314 313/313/313 321/321/321
f 314/314/314 321/321/321 322/322/322
f 316/316/316 315/315/315 323/323/323
f 316/316/316 323/323/323 324/324/324
f 317/317/317 312/312/312 325/325/325
f 317/317/317 325/325/325 326/326/326
f 318/318/318 314/314/314 322/322/322
f 318/318/318 322/322/322 327/327/327
f 319/319/319 316/316/316 324/324/324
f 319/319/319 324/324/324 328/328/328
f 320/320/320 317/317/317 326/326/326
f 320/320/320 326/326/326 329/329/329
f 311/311/311 318/318/318 327/327/327
f 311/311/311 327/327/327 330/330/330
f 313/313/313 319/319/319 328/328/328
f 313/313/313 328/328/328 321/321/321
f 315/315/315 320/320/320 329/329/329
f 315/315/315 329/329/329 323/323/323
f 312/312/312 311/311/311 330/330/330
f 312/312/312 330/330/330 325/325/325
f 324/324/324 323/323/323 331/331/331
f 324/324/324 331/331/331 332/332/332
f 326/326/326 325/325/325 333/333/333
f 326/326/326 333/333/333 334/334/334
f 327/327/327 322/322/322 335/335/335
f 327/327/327 335/335/335 336/336/336
f 328/328/328 324/324/324 332/332/332
f 328/328/328 332/332/332 337/337/337
f 329/329/329 326/326/326 334/334/334
f 329/329/329 334/334/334 338/338/338
f 330/330/330 327/327/327 336/336/336
f 330/330/330 336/336/336 339/339/339
f 321/321/321 328/328/328 337/337/337
f 321/321/321 337/337/337 340/340/340
f 323/323/323 329/329/329 338/338/338
f 323/323/323 338/338/338 331/331/331
f 325/325/325 330/330/330 339/339/339
f 325/325/325 339/339/339 333/333/333
f 322/322/322 321/321/321 340/340/340
f 322/322/322 340/340/340 335/335/335
f 341/341/341 342/342/342 343/343/343
f 341/341/341 343/343/343 344/344/344
f 345/345/345 346/346/346 347/347/347
f 345/345/345 347/347/347 348/348/348
f 349/349/349 350/350/350 351/351/351
f 349/349/349 351/351/351 352/352/352
f 353/353/353 354/354/354 342/342/342
f 353/353/353 342/342/342 341/341/341
f 355/355/355 356/356/356 346/346/346
f 355/355/355 346/346/346 345/345/345
f 357/357/357 358/358/358 350/350/350
f 357/357/357 350/350/350 349/349/349
f 359/359/359 360/360/360 354/354/354
f 359/359/359 354/354/354 353/353/353
f 344/344/344 343/343/343 356/356/356
f 344/344/344 356/356/356 355/355/355
f 348/348/348 347/347/347 358/358/358
f 348/348/348 358/358/358 357/357/357
f 352/352/352 351/351/351 360/360/360
f 352/352/352 360/360/360 359/359/359
f 346/346/346 361/361/361 362/362/362
f 346/346/346 362/362/362 347/347/347
f 350/350/350 363/363/363 364/364/364
f 350/350/350 364/364/364 351/351/351
f 354/354/354 365/365/365 366/366/366
f 354/354/354 366/366/366 342/342/342
f 356/356/356 367/367/367 361/361/361
f 356/356/356 361/361/361 346/346/346
f 358/358/358 368/368/368 363/363/363
f 358/358/358 363/363/363 350/350/350
f 360/360/360 369/369/369 365/365/365
f 360/360/360 365/365/365 354/354/354
f 343/343/343 370/370/370 367/367/367
f 343/343/343 367/367/367 356/356/356
f 347/347/347 362/362/362 368/368/368
f 347/347/347 368/368/368 358/358/358
f 351/351/351 364/364/364 369/369/369
f 351/351/351 369/369/369 360/360/360
f 342/342/342 366/366/366 370/370/370
f 342/342/342 370/370/370 343/343/343
f 355/355/355 345/345/345 371/371/371
f 355/355/355 371/371/371 372/372/372
f 357/357/357 349/349/349 373/373/373
f 357/357/357 373/373/373 374/374/374
f 359/359/359 353/353/353 375/375/375
f 359/359/359 375/375/375 376/376/376
f 344/344/344 355/355/355 372/372/372
f 344/344/344 372/372/372 377/377/377
f 348/348/348 357/357/357 374/374/374
f 348/348/348 374/374/374 378/378/378
f 352/352/352 359/359/359 376/376/376
f 352/352/352 376/376/376 379/379/379
f 341/341/341 344/344/344 377/377/377
f 341/341/341 377/377/377 380/380/380
f 345/345/345 348/348/348 378/378/378
f 345/345/345 378/378/378 371/371/371
f 349/349/349 352/352/352 379/379/379
f 349/349/349 379/379/379 373/373/373
f 353/353/353 341/341/341 380/380/380
f 353/353/353 380/380/380 375/375/375
f 368/368/368 362/362/362 361/361/361
f 368/368/368 361/361/361 367/367/367
f 368/368/368 367/367/367 370/370/370
f 368/368/368 370/370/370 366/366/366
f 368/368/368 366/366/366 365/365/365
f 368/368/368 365/365/365 369/369/369
f 368/368/368 369/369/369 364/364/364
f 368/368/368 364/364/364 363/363/363
f 381/381/381 382/382/382 383/383/383
f 381/381/381 383/383/383 384/384/384
f 385/385/385 386/386/386 387/387/387
f 385/385/385 387/387/387 388/388/388
f 389/389/389 390/390/390 391/391/391
f 389/389/389 391/391/391 392/392/392
f 382/382/382 393/393/393 394/394/394
f 382/382/382 394/394/394 383/383/383
f 386/386/386 395/395/395 396/396/396
f 386/386/386 396/396/396 387/387/387
f 390/390/390 397/397/397 398/398/398
f 390/390/390 398/398/398 391/391/391
f 393/393/393 399/399/399 400/400/400
f 393/393/393 400/400/400 394/394/394
f 395/395/395 381/381/381 384/384/384
f 395/395/395 384/384/384 396/396/396
f 397/397/397 385/385/385 388/388/388
f 397/397/397 388/388/388 398/398/398
f 399/399/399 389/389/389 392/392/392
f 399/399/399 392/392/392 400/400/400
f 384/384/384 383/383/383 23/23/23
f 384/384/384 23/23/23 14/14/14
f 388/388/388 387/387/387 21/21/21
f 388/388/388 21/21/21 10/10/10
f 392/392/392 391/391/391 19/19/19
f 392/392/392 19/19/19 2/2/2
f 383/383/383 394/394/394 17/17/17
f 383/383/383 17/17/17 23/23/23
f 387/387/387 396/396/396 13/13/13
f 387/387/387 13/13/13 21/21/21
f 391/391/391 398/398/398 9/9/9
f 391/391/391 9/9/9 19/19/19
f 394/394/394 400/400/400 1/1/1
f 394/394/394 1/1/1 17/17/17
f 396/396/396 384/384/384 14/14/14
f 396/396/396 14/14/14 13/13/13
f 398/398/398 388/388/388 10/10/10
f 398/398/398 10/10/10 9/9/9
f 400/400/400 392/392/392 2/2/2
f 400/400/400 2/2/2 1/1/1
f 401/401/401 402/402/402 403/403/403
f 401/401/401 403/403/403 404/404/404
f 405/405/405 406/406/406 407/407/407
f 405/405/405 407/407/407 408/408/408
f 409/409/409 410/410/410 411/411/411
f 409/409/409 411/411/411 412/412/412
f 413/413/413 414/414/414 415/415/415
f 413/413/413 415/415/415 416/416/416
f 417/417/417 401/401/401 404/404/404
f 417/417/417 404/404/404 418/418/418
f 419/419/419 409/409/409 412/412/412
f 419/419/419 412/412/412 420/420/420
f 421/421/421 413/413/413 416/416/416
f 421/421/421 416/416/416 422/422/422
f 423/423/423 417/417/417 418/418/418
f 423/423/423 418/418/418 424/424/424
f 402/402/402 419/419/419 420/420/420
f 402/402/402 420/420/420 403/403/403
f 410/410/410 421/421/421 422/422/422
f 410/410/410 422/422/422 411/411/411
f 414/414/414 423/423/423 424/424/424
f 414/414/414 424/424/424 415/415/415
f 422/422/422 416/416/416 425/425/425
f 422/422/422 425/425/425 426/426/426
f 427/427/427 428/428/428 429/429/429
f 427/427/427 429/429/429 430/430/430
f 431/431/431 432/432/432 433/433/433
f 431/431/431 433/433/433 434/434/434
f 435/435/435 405/405/405 408/408/408
f 435/435/435 408/408/408 436/436/436
f 437/437/437 431/431/431 434/434/434
f 437/437/437 434/434/434 438/438/438
f 439/439/439 435/435/435 436/436/436
f 439/439/439 436/436/436 440/440/440
f 406/406/406 441/441/441 442/442/442
f 406/406/406 442/442/442 407/407/407
f 441/441/441 427/427/427 430/430/430
f 441/441/441 430/430/430 442/442/442
f 432/432/432 439/439/439 440/440/440
f 432/432/432 440/440/440 433/433/433
f 443/443/443 444/444/444 445/445/445
f 443/443/443 445/445/445 446/446/446
f 418/418/418 404/404/404 447/447/447
f 418/418/418 447/447/447 448/448/448
f 420/420/420 412/412/412 449/449/449
f 420/420/420 449/449/449 450/450/450
f 428/428/428 437/437/437 438/438/438
f 428/428/428 438/438/438 429/429/429
f 424/424/424 418/418/418 448/448/448
f 424/424/424 448/448/448 451/451/451
f 403/403/403 420/420/420 450/450/450
f 403/403/403 450/450/450 452/452/452
f 411/411/411 422/422/422 426/426/426
f 411/411/411 426/426/426 453/453/453
f 415/415/415 424/424/424 451/451/451
f 415/415/415 451/451/451 454/454/454
f 404/404/404 403/403/403 452/452/452
f 404/404/404 452/452/452 447/447/447
f 412/412/412 411/411/411 453/453/453
f 412/412/412 453/453/453 449/449/449
f 455/455/455 456/456/456 457/457/457
f 455/455/455 457/457/457 458/458/458
f 429/429/429 438/438/438 459/459/459
f 429/429/429 459/459/459 460/460/460
f 461/461/461 443/443/443 446/446/446
f 461/461/461 446/446/446 462/462/462
f 463/463/463 464/464/464 465/465/465
f 463/463/463 465/465/465 466/466/466
f 464/464/464 467/467/467 468/468/468
f 464/464/464 468/468/468 465/465/465
f 469/469/469 461/461/461 462/462/462
f 469/469/469 462/462/462 470/470/470
f 444/444/444 463/463/463 466/466/466
f 444/444/444 466/466/466 445/445/445
f 467/467/467 471/471/471 472/472/472
f 467/467/467 472/472/472 468/468/468
f 456/456/456 469/469/469 470/470/470
f 456/456/456 470/470/470 457/457/457
f 472/472/472 458/458/458 457/457/457
f 472/472/472 457/457/457 470/470/470
f 472/472/472 470/470/470 462/462/462
f 472/472/472 462/462/462 446/446/446
f 472/472/472 446/446/446 445/445/445
f 472/472/472 445/445/445 466/466/466
f 472/472/472 466/466/466 465/465/465
f 472/472/472 465/465/465 468/468/468
f 434/434/434 433/433/433 473/473/473
f 434/434/434 473/473/473 474/474/474
f 436/436/436 408/408/408 475/475/475
f 436/436/436 475/475/475 476/476/476
f 442/442/442 430/430/430 477/477/477
f 442/442/442 477/477/477 478/478/478
f 438/438/438 434/434/434 474/474/474
f 438/438/438 474/474/474 459/459/459
f 440/440/440 436/436/436 476/476/476
f 440/440/440 476/476/476 479/479/479
f 407/407/407 442/442/442 478/478/478
f 407/407/407 478/478/478 480/480/480
f 430/430/430 429/429/429 460/460/460
f 430/430/430 460/460/460 477/477/477
f 433/433/433 440/440/440 479/479/479
f 433/433/433 479/479/479 473/473/473
f 408/408/408 407/407/407 480/480/480
f 408/408/408 480/480/480 475/475/475
f 460/460/460 459/459/459 455/455/455
f 460/460/460 455/455/455 471/471/471
f 477/477/477 460/460/460 471/471/471
f 477/477/477 471/471/471 467/467/467
f 478/478/478 477/477/477 467/467/467
f 478/478/478 467/467/467 464/464/464
f 480/480/480 478/478/478 464/464/464
f 480/480/480 464/464/464 463/463/463
f 475/475/475 480/480/480 463/463/463
f 475/475/475 463/463/463 444/444/444
f 476/476/476 475/475/475 444/444/444
f 476/476/476 444/444/444 443/443/443
f 479/479/479 476/476/476 443/443/443
f 479/479/479 443/443/443 461/461/461
f 473/473/473 479/479/479 461/461/461
f 473/473/473 461/461/461 469/469/469
f 474/474/474 473/473/473 469/469/469
f 474/474/474 469/469/469 456/456/456
f 459/459/459 474/474/474 456/456/456
f 459/459/459 456/456/456 455/455/455
f 471/471/471 455/455/455 458/458/458
f 471/471/471 458/458/458 472/472/472
f 425/425/425 454/454/454 437/437/437
f 425/425/425 437/437/437 428/428/428
f 426/426/426 425/425/425 428/428/428
f 426/426/426 428/428/428 427/427/427
f 453/453/453 426/426/426 427/427/427
f 453/453/453 427/427/427 441/441/441
f 449/449/449 453/453/453 441/441/441
f 449/449/449 441/441/441 406/406/406
f 450/450/450 449/449/449 406/406/406
f 450/450/450 406/406/406 405/405/405
f 452/452/452 450/450/450 405/405/405
f 452/452/452 405/405/405 435/435/435
f 447/447/447 452/452/452 435/435/435
f 447/447/447 435/435/435 439/439/439
f 448/448/448 447/447/447 439/439/439
f 448/448/448 439/439/439 432/432/432
f 451/451/451 448/448/448 432/432/432
f 451/451/451 432/432/432 431/431/431
f 454/454/454 451/451/451 431/431/431
f 454/454/454 431/431/431 437/437/437
f 416/416/416 415/415/415 454/454/454
f 416/416/416 454/454/454 425/425/425
f 481/481/481 482/482/482 483/483/483
f 481/481/481 483/483/483 484/484/484
f 485/485/485 486/486/486 487/487/487
f 485/485/485 487/487/487 488/488/488
f 489/489/489 490/490/490 491/491/491
f 489/489/489 491/491/491 492/492/492
f 493/493/493 481/481/481 484/484/484
f 493/493/493 484/484/484 494/494/494
f 495/495/495 485/485/485 488/488/488
f 495/495/495 488/488/488 496/496/496
f 497/497/497 489/489/489 492/492/492
f 497/497/497 492/492/492 498/498/498
f 499/499/499 493/493/493 494/494/494
f 499/499/499 494/494/494 500/500/500
f 482/482/482 495/495/495 496/496/496
f 482/482/482 496/496/496 483/483/483
f 486/486/486 497/497/497 498/498/498
f 486/486/486 498/498/498 487/487/487
f 490/490/490 499/499/499 500/500/500
f 490/490/490 500/500/500 491/491/491
f 488/488/488 487/487/487 501/501/501
f 488/488/488 501/501/501 502/502/502
f 492/492/492 491/491/491 503/503/503
f 492/492/492 503/503/503 504/504/504
f 494/494/494 484/484/484 505/505/505
f 494/494/494 505/505/505 506/506/506
f 496/496/496 488/488/488 502/502/502
f 496/496/496 502/502/502 507/507/507
f 498/498/498 492/492/492 504/504/504
f 498/498/498 504/504/504 508/508/508
f 500/500/500 494/494/494 506/506/506
f 500/500/500 506/506/506 509/509/509
f 483/483/483 496/496/496 507/507/507
f 483/483/483 507/507/507 510/510/510
f 487/487/487 498/498/498 508/508/508
f 487/487/487 508/508/508 501/501/501
f 491/491/491 500/500/500 509/509/509
f 491/491/491 509/509/509 503/503/503
f 484/484/484 483/483/483 510/510/510
f 484/484/484 510/510/510 505/505/505
f 504/504/504 503/503/503 511/511/511
f 504/504/504 511/511/511 512/512/512
f 506/506/506 505/505/505 513/513/513
f 506/506/506 513/513/513 514/514/514
f 507/507/507 502/502/502 515/515/515
f 507/507/507 515/515/515 516/516/516
f 508/508/508 504/504/504 512/512/512
f 508/508/508 512/512/512 517/517/517
f 509/509/509 506/506/506 514/514/514
f 509/509/509 514/514/514 518/518/518
f 510/510/510 507/507/507 516/516/516
f 510/510/510 516/516/516 519/519/519
f 501/501/501 508/508/508 517/517/517
f 501/501/501 517/517/517 520/520/520
f 503/503/503 509/509/509 518/518/518
f 503/503/503 518/518/518 511/511/511
f 505/505/505 510/510/510 519/519/519
f 505/505/505 519/519/519 513/513/513
f 502/502/502 501/501/501 520/520/520
f 502/502/502 520/520/520 515/515/515
f 514/514/514 513/513/513 521/521/521
f 514/514/514 521/521/521 522/522/522
f 516/516/516 515/515/515 523/523/523
f 516/516/516 523/523/523 524/524/524
f 517/517/517 512/512/512 525/525/525
f 517/517/517 525/525/525 526/526/526
f 518/518/518 514/514/514 522/522/522
f 518/518/518 522/522/522 527/527/527
f 519/519/519 516/516/516 524/524/524
f 519/519/519 524/524/524 528/528/528
f 520/520/520 517/517/517 526/526/526
f 520/520/520 526/526/526 529/529/529
f 511/511/511 518/518/518 527/527/527
f 511/511/511 527/527/527 530/530/530
f 513/513/513 519/519/519 528/528/528
f 513/513/513 528/528/528 521/521/521
f 515/515/515 520/520/520 529/529/529
f 515/515/515 529/529/529 523/523/523
f 512/512/512 511/511/511 530/530/530
f 512/512/512 530/530/530 525/525/525
f 524/524/524 523/523/523 531/531/531
f 524/524/524 531/531/531 532/532/532
f 526/526/526 525/525/525 533/533/533
f 526/526/526 533/533/533 534/534/534
f 527/527/527 522/522/522 535/535/535
f 527/527/527 535/535/535 536/536/536
f 528/528/528 524/524/524 532/532/532
f 528/528/528 532/532/532 537/537/537
f 529/529/529 526/526/526 534/534/534
f 529/529/529 534/534/534 538/538/538
f 530/530/530 527/527/527 536/536/536
f 530/530/530 536/536/536 539/539/539
f 521/521/521 528/528/528 537/537/537
f 521/521/521 537/537/537 540/540/540
f 523/523/523 529/529/529 538/538/538
f 523/523/523 538/538/538 531/531/531
f 525/525/525 530/530/530 539/539/539
f 525/525/525 539/539/539 533/533/533
f 522/522/522 521/521/521 540/540/540
f 522/522/522 540/540/540 535/535/535
f 541/541/541 542/542/542 543/543/543
f 541/541/541 543/543/543 544/544/544
f 545/545/545 546/546/546 547/547/547
f 545/545/545 547/547/547 548/548/548
f 549/549/549 550/550/550 551/551/551
f 549/549/549 551/551/551 552/552/552
f 553/553/553 554/554/554 542/542/542
f 553/553/553 542/542/542 541/541/541
f 555/555/555 556/556/556 546/546/546
f 555/555/555 546/546/546 545/545/545
f 557/557/557 558/558/558 550/550/550
f 557/557/557 550/550/550 549/549/549
f 559/559/559 560/560/560 554/554/554
f 559/559/559 554/554/554 553/553/553
f 544/544/544 543/543/543 556/556/556
f 544/544/544 556/556/556 555/555/555
f 548/548/548 547/547/547 558/558/558
f 548/548/548 558/558/558 557/557/557
f 552/552/552 551/551/551 560/560/560
f 552/552/552 560/560/560 559/559/559
f 546/546/546 561/561/561 562/562/562
f 546/546/546 562/562/562 547/547/547
f 550/550/550 563/563/563 564/564/564
f 550/550/550 564/564/564 551/551/551
f 554/554/554 565/565/565 566/566/566
f 554/554/554 566/566/566 542/542/542
f 556/556/556 567/567/567 561/561/561
f 556/556/556 561/561/561 546/546/546
f 558/558/558 568/568/568 563/563/563
f 558/558/558 563/563/563 550/550/550
f 560/560/560 569/569/569 565/565/565
f 560/560/560 565/565/565 554/554/554
f 543/543/543 570/570/570 567/567/567
f 543/543/543 567/567/567 556/556/556
f 547/547/547 562/562/562 568/568/568
f 547/547/547 568/568/568 558/558/558
f 551/551/551 564/564/564 569/569/569
f 551/551/551 569/569/569 560/560/560
f 542/542/542 566/566/566 570/570/570
f 542/542/542 570/570/570 543/543/543
f 555/555/555 545/545/545 571/571/571
f 555/555/555 571/571/571 572/572/572
f 557/557/557 549/549/549 573/573/573
f 557/557/557 573/573/573 574/574/574
f 559/559/559 553/553/553 575/575/575
f 559/559/559 575/575/575 576/576/576
f 544/544/544 555/555/555 572/572/572
f 544/544/544 572/572/572 577/577/577
f 548/548/548 557/557/557 574/574/574
f 548/548/548 574/574/574 578/578/578
f 552/552/552 559/559/559 576/576/576
f 552/552/552 576/576/576 579/579/579
f 541/541/541 544/544/544 577/577/577
f 541/541/541 577/577/577 580/580/580
f 545/545/545 548/548/548 578/578/578
f 545/545/545 578/578/578 571/571/571
f 549/549/549 552/552/552 579/579/579
f 549/549/549 579/579/579 573/573/573
f 553/553/553 541/541/541 580/580/580
f 553/553/553 580/580/580 575/575/575
f 568/568/568 562/562/562 561/561/561
f 568/568/568 561/561/561 567/567/567
f 568/568/568 567/567/567 570/570/570
f 568/568/568 570/570/570 566/566/566
f 568/568/568 566/566/566 565/565/565
f 568/568/568 565/565/565 569/569/569
f 568/568/568 569/569/569 564/564/564
f 568/568/568 564/564/564 563/563/563
f 581/581/581 582/582/582 583/583/583
f 581/581/581 583/583/583 584/584/584
f 585/585/585 586/586/586 587/587/587
f 585/585/585 587/587/587 588/588/588
f 589/589/589 590/590/590 591/591/591
f 589/589/589 591/591/591 592/592/592
f 593/593/593 581/581/581 584/584/584
f 593/593/593 584/584/584 594/594/594
f 595/595/595 585/585/585 588/588/588
f 595/595/595 588/588/588 596/596/596
f 597/597/597 589/589/589 592/592/592
f 597/597/597 592/592/592 598/598/598
f 599/599/599 593/593/593 594/594/594
f 599/599/599 594/594/594 600/600/600
f 582/582/582 595/595/595 596/596/596
f 582/582/582 596/596/596 583/583/583
f 586/586/586 597/597/597 598/598/598
f 586/586/586 598/598/598 587/587/587
f 590/590/590 599/599/599 600/600/600
f 590/590/590 600/600/600 591/591/591
f 588/588/588 587/587/587 601/601/601
f 588/588/588 601/601/601 602/602/602
f 592/592/592 591/591/591 603/603/603
f 592/592/592 603/603/603 604/604/604
f 594/594/594 584/584/584 605/605/605
f 594/594/594 605/605/605 606/606/606
f 596/596/596 588/588/588 602/602/602
f 596/596/596 602/602/602 607/607/607
f 598/598/598 592/592/592 604/604/604
f 598/598/598 604/604/604 608/608/608
f 600/600/600 594/594/594 606/606/606
f 600/600/600 606/606/606 609/609/609
f 583/583/583 596/596/596 607/607/607
f 583/583/583 607/607/607 610/610/610
f 587/587/587 598/598/598 608/608/608
f 587/587/587 608/608/608 601/601/601
f 591/591/591 600/600/600 609/609/609
f 591/591/591 609/609/609 603/603/603
f 584/584/584 583/583/583 610/610/610
f 584/584/584 610/610/610 605/605/605
f 604/604/604 603/603/603 611/611/611
f 604/604/604 611/611/611 612/612/612
f 606/606/606 605/605/605 613/613/613
f 606/606/606 613/613/613 614/614/614
f 607/607/607 602/602/602 615/615/615
f 607/607/607 615/615/615 616/616/616
f 608/608/608 604/604/604 612/612/612
f 608/608/608 612/612/612 617/617/617
f 609/609/609 606/606/606 614/614/614
f 609/609/609 614/614/614 618/618/618
f 610/610/610 607/607/607 616/616/616
f 610/610/610 616/616/616 619/619/619
f 601/601/601 608/608/608 617/617/617
f 601/601/601 617/617/617 620/620/620
f 603/603/603 609/609/609 618/618/618
f 603/603/603 618/618/618 611/611/611
f 605/605/605 610/610/610 619/619/619
f 605/605/605 619/619/619 613/613/613
f 602/602/602 601/601/601 620/620/620
f 602/602/602 620/620/620 615/615/615
f 614/614/614 613/613/613 621/621/621
f 614/614/614 621/621/621 622/622/622
f 616/616/616 615/615/615 623/623/623
f 616/616/616 623/623/623 624/624/624
f 617/617/617 612/612/612 625/625/625
f 617/617/617 625/625/625 626/626/626
f 618/618/618 614/614/614 622/622/622
f 618/618/618 622/622/622 627/627/627
f 619/619/619 616/616/616 624/624/624
f 619/619/619 624/624/624 628/628/628
f 620/620/620 617/617/617 626/626/626
f 620/620/620 626/626/626 629/629/629
f 611/611/611 618/618/618 627/627/627
f 611/611/611 627/627/627 630/630/630
f 613/613/613 619/619/619 628/628/628
f 613/613/613 628/628/628 621/621/621
f 615/615/615 620/620/620 629/629/629
f 615/615/615 629/629/629 623/623/623
f 612/612/612 611/611/611 630/630/630
f 612/612/612 630/630/630 625/625/625
f 624/624/624 623/623/623 631/631/631
f 624/624/624 631/631/631 632/632/632
f 626/626/626 625/625/625 633/633/633
f 626/626/626 633/633/633 634/634/634
f 627/627/627 622/622/622 635/635/635
f 627/627/627 635/635/635 636/636/636
f 628/628/628 624/624/624 632/632/632
f 628/628/628 632/632/632 637/637/637
f 629/629/629 626/626/626 634/634/634
f 629/629/629 634/634/634 638/638/638
f 630/630/630 627/627/627 636/636/636
f 630/630/630 636/636/636 639/639/639
f 621/621/621 628/628/628 637/637/637
f 621/621/621 637/637/637 640/640/640
f 623/623/623 629/629/629 638/638/638
f 623/623/623 638/638/638 631/631/631
f 625/625/625 630/630/630 639/639/639
f 625/625/625 639/639/639 633/633/633
f 622/622/622 621/621/621 640/640/640
f 622/622/622 640/640/640 635/635/635
f 641/641/641 642/642/642 643/643/643
f 641/641/641 643/643/643 644/644/644
f 645/645/645 646/646/646 647/647/647
f 645/645/645 647/647/647 648/648/648
f 649/649/649 650/650/650 651/651/651
f 649/649/649 651/651/651 652/652/652
f 653/653/653 654/654/654 642/642/642
f 653/653/653 642/642/642 641/641/641
f 655/655/655 656/656/656 646/646/646
f 655/655/655 646/646/646 645/645/645
f 657/657/657 658/658/658 650/650/650
f 657/657/657 650/650/650 649/649/649
f 659/659/659 660/660/660 654/654/654
f 659/659/659 654/654/654 653/653/653
f 644/644/644 643/643/643 656/656/656
f 644/644/644 656/656/656 655/655/655
f 648/648/648 647/647/647 658/658/658
f 648/648/648 658/658/658 657/657/657
f 652/652/652 651/651/651 660/660/660
f 652/652/652 660/660/660 659/659/659
f 646/646/646 661/661/661 662/662/662
f 646/646/646 662/662/662 647/647/647
f 650/650/650 663/663/663 664/664/664
f 650/650/650 664/664/664 651/651/651
f 654/654/654 665/665/665 666/666/666
f 654/654/654 666/666/666 642/642/642
f 656/656/656 667/667/667 661/661/661
f 656/656/656 661/661/661 646/646/646
f 658/658/658 668/668/668 663/663/663
f 658/658/658 663/663/663 650/650/650
f 660/660/660 669/669/669 665/665/665
f 660/660/660 665/665/665 654/654/654
f 643/643/643 670/670/670 667/667/667
f 643/643/643 667/667/667 656/656/656
f 647/647/647 662/662/662 668/668/668
f 647/647/647 668/668/668 658/658/658
f 651/651/651 664/664/664 669/669/669
f 651/651/651 669/669/669 660/660/660
f 642/642/642 666/666/666 670/670/670
f 642/642/642 670/670/670 643/643/643
f 655/655/655 645/645/645 671/671/671
f 655/655/655 671/671/671 672/672/672
f 657/657/657 649/649/649 673/673/673
f 657/657/657 673/673/673 674/674/674
f 659/659/659 653/653/653 675/675/675
f 659/659/659 675/675/675 676/676/676
f 644/644/644 655/655/655 672/672/672
f 644/644/644 672/672/672 677/677/677
f 648/648/648 657/657/657 674/674/674
f 648/648/648 674/674/674 678/678/678
f 652/652/652 659/659/659 676/676/676
f 652/652/652 676/676/676 679/679/679
f 641/641/641 644/644/644 677/677/677
f 641/641/641 677/677/677 680/680/680
f 645/645/645 648/648/648 678/678/678
f 645/645/645 678/678/678 671/671/671
f 649/649/649 652/652/652 679/679/679
f 649/649/649 679/679/679 673/673/673
f 653/653/653 641/641/641 680/680/680
f 653/653/653 680/680/680 675/675/675
f 668/668/668 662/662/662 661/661/661
f 668/668/668 661/661/661 667/667/667
f 668/668/668 667/667/667 670/670/670
f 668/668/668 670/670/670 666/666/666
f 668/668/668 666/666/666 665/665/665
f 668/668/668 665/665/665 669/669/669
f 668/668/668 669/669/669 664/664/664
f 668/668/668 664/664/664 663/663/663
f 681/681/681 682/682/682 683/683/683
f 681/681/681 683/683/683 684/684/684
f 685/685/685 686/686/686 687/687/687
f 685/685/685 687/687/687 688/688/688
f 689/689/689 690/690/690 691/691/691
f 689/689/689 691/691/691 692/692/692
f 693/693/693 681/681/681 684/684/684
f 693/693/693 684/684/684 694/694/694
f 695/695/695 685/685/685 688/688/688
f 695/695/695 688/688/688 696/696/696
f 697/697/697 689/689/689 692/692/692
f 697/697/697 692/692/692 698/698/698
f 699/699/699 693/693/693 694/694/694
f 699/699/699 694/694/694 700/700/700
f 682/682/682 695/695/695 696/696/696
f 682/682/682 696/696/696 683/683/683
f 686/686/686 697/697/697 698/698/698
f 686/686/686 698/698/698 687/687/687
f 690/690/690 699/699/699 700/700/700
f 690/690/690 700/700/700 691/691/691
f 688/688/688 687/687/687 701/701/701
f 688/688/688 701/701/701 702/702/702
f 692/692/692 691/691/691 703/703/703
f 692/692/692 703/703/703 704/704/704
f 694/694/694 684/684/684 705/705/705
f 694/694/694 705/705/705 706/706/706
f 696/696/696 688/688/688 702/702/702
f 696/696/696 702/702/702 707/707/707
f 698/698/698 692/692/692 704/704/704
f 698/698/698 704/704/704 708/708/708
f 700/700/700 694/694/694 706/706/706
f 700/700/700 706/706/706 709/709/709
f 683/683/683 696/696/696 707/707/707
f 683/683/683 707/707/707 710/710/710
f 687/687/687 698/698/698 708/708/708
f 687/687/687 708/708/708 701/701/701
f 691/691/691 700/700/700 709/709/709
f 691/691/691 709/709/709 703/703/703
f 684/684/684 683/683/683 710/710/710
f 684/684/684 710/710/710 705/705/705
f 704/704/704 703/703/703 711/711/711
f 704/704/704 711/711/711 712/712/712
f 706/706/706 705/705/705 713/713/713
f 706/706/706 713/713/713 714/714/714
f 707/707/707 702/702/702 715/715/715
f 707/707/707 715/715/715 716/716/716
f 708/708/708 704/704/704 712/712/712
f 708/708/708 712/712/712 717/717/717
f 709/709/709 706/706/706 714/714/714
f 709/709/709 714/714/714 718/718/718
f 710/710/710 707/707/707 716/716/716
f 710/710/710 716/716/716 719/719/719
f 701/701/701 708/708/708 717/717/717
f 701/701/701 717/717/717 720/720/720
f 703/703/703 709/709/709 718/718/718
f 703/703/703 718/718/718 711/711/711
f 705/705/705 710/710/710 719/719/719
f 705/705/705 719/719/719 713/713/713
f 702/702/702 701/701/701 720/720/720
f 702/702/702 720/720/720 715/715/715
f 714/714/714 713/713/713 721/721/721
f 714/714/714 721/721/721 722/722/722
f 716/716/716 715/715/715 723/723/723
f 716/716/716 723/723/723 724/724/724
f 717/717/717 712/712/712 725/725/725
f 717/717/717 725/725/725 726/726/726
f 718/718/718 714/714/714 722/722/722
f 718/718/718 722/722/722 727/727/727
f 719/719/719 716/716/716 724/724/724
f 719/719/719 724/724/724 728/728/728
f 720/720/720 717/717/717 726/726/726
f 720/720/720 726/726/726 729/729/729
f 711/711/711 718/718/718 727/727/727
f 711/711/711 727/727/727 730/730/730
f 713/713/713 719/719/719 728/728/728
f 713/713/713 728/728/728 721/721/721
f 715/715/715 720/720/720 729/729/729
f 715/715/715 729/729/729 723/723/723
f 712/712/712 711/711/711 730/730/730
f 712/712/712 730/730/730 725/725/725
f 724/724/724 723/723/723 731/731/731
f 724/724/724 731/731/731 732/732/732
f 726/726/726 725/725/725 733/733/733
f 726/726/726 733/733/733 734/734/734
f 727/727/727 722/722/722 735/735/735
f 727/727/727 735/735/735 736/736/736
f 728/728/728 724/724/724 732/732/732
f 728/728/728 732/732/732 737/737/737
f 729/729/729 726/726/726 734/734/734
f 729/729/729 734/734/734 738/738/738
f 730/730/730 727/727/727 736/736/736
f 730/730/730 736/736/736 739/739/739
f 721/721/721 728/728/728 737/737/737
f 721/721/721 737/737/737 740/740/740
f 723/723/723 729/729/729 738/738/738
f 723/723/723 738/738/738 731/731/731
f 725/725/725 730/730/730 739/739/739
f 725/725/725 739/739/739 733/733/733
f 722/722/722 721/721/721 740/740/740
f 722/722/722 740/740/740 735/735/735
f 741/741/741 742/742/742 743/743/743
f 741/741/741 743/743/743 744/744/744
f 745/745/745 746/746/746 747/747/747
f 745/745/745 747/747/747 748/748/748
f 749/749/749 750/750/750 751/751/751
f 749/749/749 751/751/751 752/752/752
f 753/753/753 754/754/754 742/742/742
f 753/753/753 742/742/742 741/741/741
f 755/755/755 756/756/756 746/746/746
f 755/755/755 746/746/746 745/745/745
f 757/757/757 758/758/758 750/750/750
f 757/757/757 750/750/750 749/749/749
f 759/759/759 760/760/760 754/754/754
f 759/759/759 754/754/754 753/753/753
f 744/744/744 743/743/743 756/756/756
f 744/744/744 756/756/756 755/755/755
f 748/748/748 747/747/747 758/758/758
f 748/748/748 758/758/758 757/757/757
f 752/752/752 751/751/751 760/760/760
f 752/752/752 760/760/760 759/759/759
f 746/746/746 761/761/761 762/762/762
f 746/746/746 762/762/762 747/747/747
f 750/750/750 763/763/763 764/764/764
f 750/750/750 764/764/764 751/751/751
f 754/754/754 765/765/765 766/766/766
f 754/754/754 766/766/766 742/742/742
f 756/756/756 767/767/767 761/761/761
f 756/756/756 761/761/761 746/746/746
f 758/758/758 768/768/768 763/763/763
f 758/758/758 763/763/763 750/750/750
f 760/760/760 769/769/769 765/765/765
f 760/760/760 765/765/765 754/754/754
f 743/743/743 770/770/770 767/767/767
f 743/743/743 767/767/767 756/756/756
f 747/747/747 762/762/762 768/768/768
f 747/747/747 768/768/768 758/758/758
f 751/751/751 764/764/764 769/769/769
f 751/751/751 769/769/769 760/760/760
f 742/742/742 766/766/766 770/770/770
f 742/742/742 770/770/770 743/743/743
f 755/755/755 745/745/745 771/771/771
f 755/755/755 771/771/771 772/772/772
f 757/757/757 749/749/749 773/773/773
f 757/757/757 773/773/773 774/774/774
f 759/759/759 753/753/753 775/775/775
f 759/759/759 775/775/775 776/776/776
f 744/744/744 755/755/755 772/772/772
f 744/744/744 772/772/772 777/777/777
f 748/748/748 757/757/757 774/774/774
f 748/748/748 774/774/774 778/778/778
f 752/752/752 759/759/759 776/776/776
f 752/752/752 776/776/776 779/779/779
f 741/741/741 744/744/744 777/777/777
f 741/741/741 777/777/777 780/780/780
f 745/745/745 748/748/748 778/778/778
f 745/745/745 778/778/778 771/771/771
f 749/749/749 752/752/752 779/779/779
f 749/749/749 779/779/779 773/773/773
f 753/753/753 741/741/741 780/780/780
f 753/753/753 780/780/780 775/775/775
f 768/768/768 762/762/762 761/761/761
f 768/768/768 761/761/761 767/767/767
f 768/768/768 767/767/767 770/770/770
f 768/768/768 770/770/770 766/766/766
f 768/768/768 766/766/766 765/765/765
f 768/768/768 765/765/765 769/769/769
f 768/768/768 769/769/769 764/764/764
f 768/768/768 764/764/764 763/763/763
f 638/638/638 634/634/634 633/633/633
f 638/638/638 633/633/633 639/639/639
f 638/638/638 639/639/639 636/636/636
f 638/638/638 636/636/636 635/635/635
f 638/638/638 635/635/635 640/640/640
f 638/638/638 640/640/640 637/637/637
f 638/638/638 637/637/637 632/632/632
f 638/638/638 632/632/632 631/631/631
f 138/138/138 134/134/134 133/133/133
f 138/138/138 133/133/133 139/139/139
f 138/138/138 139/139/139 136/136/136
f 138/138/138 136/136/136 135/135/135
f 138/138/138 135/135/135 140/140/140
f 138/138/138 140/140/140 137/137/137
f 138/138/138 137/137/137 132/132/132
f 138/138/138 132/132/132 131/131/131
f 538/538/538 534/534/534 533/533/533
f 538/538/538 533/533/533 539/539/539
f 538/538/538 539/539/539 536/536/536
f 538/538/538 536/536/536 535/535/535
f 538/538/538 535/535/535 540/540/540
f 538/538/538 540/540/540 537/537/537
f 538/538/538 537/537/537 532/532/532
f 538/538/538 532/532/532 531/531/531
f 238/238/238 234/234/234 233/233/233
f 238/238/238 233/233/233 239/239/239
f 238/238/238 239/239/239 236/236/236
f 238/238/238 236/236/236 235/235/235
f 238/238/238 235/235/235 240/240/240
f 238/238/238 240/240/240 237/237/237
f 238/238/238 237/237/237 232/232/232
f 238/238/238 232/232/232 231/231/231
f 738/738/738 734/734/734 733/733/733
f 738/738/738 733/733/733 739/739/739
f 738/738/738 739/739/739 736/736/736
f 738/738/738 736/736/736 735/735/735
f 738/738/738 735/735/735 740/740/740
f 738/738/738 740/740/740 737/737/737
f 738/738/738 737/737/737 732/732/732
f 738/738/738 732/732/732 731/731/731
f 338/338/338 334/334/334 333/333/333
f 338/338/338 333/333/333 339/339/339
f 338/338/338 339/339/339 336/336/336
f 338/338/338 336/336/336 335/335/335
f 338/338/338 335/335/335 340/340/340
f 338/338/338 340/340/340 337/337/337
f 338/338/338 337/337/337 332/332/332
f 338/338/338 332/332/332 331/331/331
