# Blender v2.79 (sub 0) OBJ File: 'Tree_4.blend'
# www.blender.org
mtllib Tree_4.mtl
o Tree_4_Cylinder.006
v -0.138068 0.016701 0.245614
v 0.031140 0.017818 0.279605
v -0.261985 0.009930 0.111249
v -0.275927 0.000687 -0.069240
v -0.183937 -0.009203 -0.212890
v -0.029579 -0.016546 -0.277715
v 0.138814 -0.017896 -0.242724
v 0.258453 -0.011957 -0.111768
v 0.275334 -0.000662 0.065020
v 0.185754 0.011128 0.212849
v -0.143213 1.668896 0.257558
v 0.007418 1.719173 0.259591
v -0.254557 1.591663 0.170964
v -0.272391 1.529700 0.023050
v -0.192479 1.504988 -0.115626
v -0.052569 1.515262 -0.194294
v 0.103422 1.556285 -0.184782
v 0.212467 1.616656 -0.083303
v 0.225564 1.680871 0.060600
v 0.145484 1.723290 0.186439
v -0.212223 2.422455 0.017852
v -0.075765 2.410131 0.047697
v -0.304906 2.432454 -0.089444
v -0.313543 2.441553 -0.229078
v -0.240260 2.446163 -0.345211
v -0.114931 2.438987 -0.400132
v 0.020295 2.423668 -0.374040
v 0.115164 2.402099 -0.272392
v 0.127791 2.394805 -0.129554
v 0.053086 2.401185 -0.006928
v 0.104393 2.772087 -0.326246
v 0.104009 2.799165 -0.223262
v 0.133243 2.696097 -0.397097
v 0.188258 2.602958 -0.399043
v 0.240723 2.533077 -0.334578
v 0.260728 2.513394 -0.198973
v 0.254807 2.526127 -0.115985
v 0.216261 2.604278 -0.062309
v 0.164853 2.697002 -0.062897
v 0.126191 2.771097 -0.124755
v 1.462389 3.510454 -0.067903
v 1.425319 3.519626 -0.002898
v 1.518504 3.473073 -0.102822
v 1.577042 3.424346 -0.092196
v 1.614742 3.382441 -0.038013
v 1.612723 3.361692 0.038203
v 1.570446 3.368003 0.104794
v 1.503973 3.398085 0.137256
v 1.443344 3.446610 0.122487
v 1.417193 3.495532 0.068383
v 1.783013 4.795966 0.031638
v 1.764721 4.796711 0.062543
v 1.813370 4.806088 0.016168
v 1.843839 4.822946 0.021653
v 1.863051 4.840247 0.046045
v 1.863161 4.851176 0.080262
v 1.844181 4.851217 0.110313
v 1.814542 4.840991 0.124728
v 1.785210 4.824761 0.119449
v 1.765983 4.807955 0.096235
v 1.805949 4.404575 0.016695
v 1.791871 4.099544 0.037019
v 1.755603 4.102249 0.102812
v 1.776666 4.418808 0.076560
v 1.863022 4.382675 -0.012252
v 1.857776 4.082993 0.004396
v 1.925921 4.362631 0.000011
v 1.928079 4.060578 0.018320
v 1.971359 4.351858 0.048944
v 1.975511 4.041038 0.073097
v 1.980946 4.353699 0.116387
v 1.981791 4.030221 0.146840
v 1.950859 4.366561 0.175423
v 1.945633 4.030844 0.211823
v 1.893572 4.386041 0.204099
v 1.879135 4.043071 0.245251
v 1.830711 4.406076 0.191844
v 1.807272 4.065962 0.231475
v 1.786376 4.418985 0.143356
v 1.761210 4.089576 0.176218
v 1.113606 3.282571 -0.212892
v 0.642805 2.982381 -0.288721
v 0.595846 2.999913 -0.189157
v 1.062704 3.305392 -0.113445
v 1.188644 3.212626 -0.267073
v 0.727072 2.928018 -0.340780
v 1.262997 3.122436 -0.252313
v 0.815822 2.863235 -0.322155
v 1.307453 3.047474 -0.172338
v 0.874534 2.813552 -0.244604
v 1.302720 3.015841 -0.058782
v 0.882259 2.791086 -0.138303
v 1.250607 3.038775 0.044335
v 0.836226 2.804813 -0.039175
v 1.166877 3.105534 0.097574
v 0.749123 2.849416 0.014994
v 1.089666 3.196590 0.078827
v 0.658706 2.917205 -0.001025
v 1.053702 3.274997 -0.003417
v 0.601909 2.976772 -0.080274
v 2.739095 3.782714 -2.240487
v 2.706134 3.769064 -2.239390
v 2.672011 3.776915 -2.230233
v 2.651331 3.802574 -2.216210
v 2.651769 3.834342 -2.200878
v 2.672753 3.861006 -2.191029
v 2.706333 3.872282 -2.190721
v 2.739202 3.864124 -2.200624
v 2.758556 3.809443 -2.231390
v 2.758728 3.840181 -2.216517
v 2.590990 3.634645 -1.872094
v 2.551233 3.621445 -1.875350
v 2.510825 3.634108 -1.870663
v 2.486915 3.666875 -1.859171
v 2.487921 3.705152 -1.843097
v 2.513215 3.735365 -1.829790
v 2.553253 3.745831 -1.824658
v 2.592292 3.732860 -1.830399
v 2.614637 3.665009 -1.859911
v 2.615309 3.702069 -1.844354
v 2.181340 3.483815 -1.319260
v 2.151017 3.480388 -1.365512
v 2.133564 3.510195 -1.409827
v 2.135331 3.560793 -1.432806
v 2.151670 3.612458 -1.424874
v 2.178100 3.645767 -1.390228
v 2.204768 3.647572 -1.342167
v 2.222130 3.617122 -1.300075
v 2.207941 3.517002 -1.287244
v 2.223593 3.567118 -1.279913
v 1.787670 3.409433 -0.892109
v 1.755212 3.406065 -0.936893
v 1.734830 3.436225 -0.979692
v 1.734142 3.487282 -1.001697
v 1.749493 3.539210 -0.993519
v 1.776712 3.572558 -0.959527
v 1.805651 3.574171 -0.912791
v 1.825849 3.543408 -0.872220
v 1.814933 3.442713 -0.860754
v 1.829608 3.493087 -0.853174
v 1.442314 3.374148 -0.585776
v 1.389334 3.366984 -0.617747
v 1.342346 3.399213 -0.645000
v 1.320532 3.456956 -0.654831
v 1.328900 3.516340 -0.640918
v 1.365266 3.555744 -0.610476
v 1.416034 3.559748 -0.575426
v 1.461904 3.527105 -0.550487
v 1.477482 3.413833 -0.558033
v 1.485216 3.471423 -0.544799
v 1.332623 3.130844 -0.107325
v 1.249918 3.106271 -0.118913
v 1.166784 3.135740 -0.115559
v 1.118351 3.205998 -0.096910
v 1.121186 3.286083 -0.065601
v 1.173951 3.347525 -0.036179
v 1.256766 3.366526 -0.020530
v 1.337192 3.336460 -0.026237
v 1.382150 3.192650 -0.080465
v 1.384273 3.270212 -0.050205
v 1.113185 3.249772 -0.009368
v 1.121955 3.183388 0.040154
v 1.152367 3.300282 -0.064984
v 1.227494 3.316494 -0.103688
v 1.309894 3.291152 -0.109382
v 1.366768 3.233017 -0.080911
v 1.376451 3.164403 -0.029918
v 1.334050 3.108847 0.022478
v 1.255613 3.092955 0.059708
v 1.174911 3.124674 0.067406
v 1.191682 3.586030 0.410238
v 1.200913 3.533464 0.436756
v 1.217916 3.637514 0.391868
v 1.270831 3.668986 0.390764
v 1.330161 3.667456 0.408072
v 1.372875 3.632877 0.436030
v 1.382853 3.578691 0.463496
v 1.356559 3.523943 0.478260
v 1.301838 3.492410 0.477491
v 1.241587 3.498070 0.462722
v 0.971112 3.735050 0.788804
v 0.985304 3.686938 0.805953
v 0.983158 3.787607 0.790108
v 1.017028 3.824913 0.811592
v 1.059800 3.831730 0.845480
v 1.095342 3.805120 0.877683
v 1.110304 3.755588 0.895622
v 1.100131 3.701129 0.890913
v 1.065372 3.663838 0.867292
v 1.020012 3.659692 0.835736
v 0.745555 3.972044 1.274363
v 0.760594 3.923979 1.290912
v 0.755797 4.024907 1.277476
v 0.787489 4.062701 1.301300
v 0.828556 4.069994 1.337143
v 0.863575 4.043702 1.370168
v 0.879397 3.994222 1.387504
v 0.871231 3.939608 1.381023
v 0.838739 3.901855 1.355027
v 0.794903 3.897087 1.321469
v 0.570665 4.303183 1.865978
v 0.574899 4.271801 1.890739
v 0.589006 4.325763 1.837231
v 0.624412 4.331300 1.816232
v 0.663382 4.317184 1.811652
v 0.690349 4.288380 1.824802
v 0.695018 4.255927 1.850286
v 0.674930 4.230933 1.877658
v 0.637896 4.225600 1.898033
v 0.599933 4.242783 1.903421
v 0.565626 4.552735 2.206342
v 0.569432 4.527278 2.228782
v 0.579740 4.568742 2.178926
v 0.607741 4.569429 2.157468
v 0.638986 4.554152 2.150743
v 0.660891 4.528416 2.161044
v 0.665058 4.502059 2.184119
v 0.649161 4.484079 2.210702
v 0.619742 4.483660 2.231780
v 0.589649 4.501490 2.238889
v 1.068354 4.020519 1.114427
v 1.077236 3.987258 1.127031
v 1.067923 4.056973 1.122317
v 1.077581 4.082940 1.148150
v 1.093919 4.087815 1.182146
v 1.109888 4.069518 1.211284
v 1.119169 4.035276 1.224540
v 1.116997 3.997556 1.217404
v 1.106035 3.971607 1.190642
v 1.091695 3.968531 1.155238
v 1.298631 4.069931 0.999309
v 1.313104 4.037814 1.008676
v 1.283616 4.101299 1.012191
v 1.274847 4.120389 1.043453
v 1.276115 4.119314 1.081230
v 1.286312 4.098102 1.110699
v 1.301239 4.064992 1.120648
v 1.314137 4.031620 1.107177
v 1.322069 4.012495 1.074560
v 1.322433 4.016103 1.036632
v 1.645210 4.175367 0.875793
v 1.659027 4.148715 0.883384
v 1.628842 4.199921 0.886826
v 1.616920 4.213386 0.913290
v 1.614411 4.210148 0.945150
v 1.621817 4.191098 0.969822
v 1.636037 4.163604 0.977895
v 1.650843 4.137243 0.966039
v 1.662197 4.123774 0.938348
v 1.665889 4.129279 0.906667
v 0.760518 4.009642 1.340821
v 0.766357 3.977206 1.356881
v 0.769105 4.045934 1.341453
v 0.790403 4.072181 1.358555
v 0.816437 4.077641 1.385735
v 0.836453 4.060200 1.412827
v 0.842676 4.026814 1.429590
v 0.831625 3.989998 1.430575
v 0.808837 3.963946 1.412918
v 0.784608 3.959575 1.383553
v 1.877083 3.674206 -1.255568
v 1.868043 3.639122 -1.261175
v 1.884897 3.706681 -1.272170
v 1.887287 3.724302 -1.305617
v 1.883010 3.719672 -1.343123
v 1.874421 3.694325 -1.370003
v 1.865070 3.658130 -1.376075
v 1.859767 3.624112 -1.358953
v 1.858322 3.606725 -1.324235
v 1.860531 3.613573 -1.286596
v 1.631606 3.765064 -1.241182
v 1.616462 3.732262 -1.246025
v 1.653993 3.790591 -1.256099
v 1.674464 3.799262 -1.286502
v 1.684728 3.787194 -1.320838
v 1.681277 3.758718 -1.345324
v 1.665749 3.724818 -1.350585
v 1.644902 3.697458 -1.333899
v 1.624797 3.689116 -1.301981
v 1.613296 3.703717 -1.268721
v 1.281677 3.916865 -1.272742
v 1.267354 3.889777 -1.277200
v 1.303839 3.936371 -1.283740
v 1.325037 3.940945 -1.307267
v 1.336744 3.928389 -1.334416
v 1.334744 3.903266 -1.354199
v 1.320073 3.875250 -1.359006
v 1.298883 3.854193 -1.346265
v 1.277843 3.849950 -1.321438
v 1.265386 3.864671 -1.295442
v 2.235056 3.584141 -1.354966
v 2.230055 3.548700 -1.362904
v 2.232125 3.618980 -1.367964
v 2.220908 3.639932 -1.397462
v 2.205485 3.638277 -1.432187
v 2.192573 3.614521 -1.458789
v 2.187298 3.577982 -1.467243
v 2.192975 3.542064 -1.454749
v 2.205450 3.521396 -1.424302
v 2.218650 3.524810 -1.388489
v -0.036232 2.598307 -0.128817
v -0.042696 2.621335 -0.224882
v -0.042519 2.523861 -0.061979
v -0.067634 2.426512 -0.058941
v -0.096356 2.349783 -0.117925
v -0.113581 2.317369 -0.211224
v -0.112141 2.340808 -0.309168
v -0.092406 2.416365 -0.371936
v -0.070409 2.512445 -0.372608
v -0.055098 2.589345 -0.316073
v -1.611889 3.399134 -0.382520
v -1.574819 3.408306 -0.447525
v -1.668004 3.361752 -0.347601
v -1.726542 3.313026 -0.358227
v -1.764243 3.271120 -0.412410
v -1.762223 3.250371 -0.488626
v -1.719947 3.256682 -0.555217
v -1.653474 3.286765 -0.587679
v -1.592845 3.335289 -0.572910
v -1.566693 3.384211 -0.518806
v -1.858087 4.849214 -0.437699
v -1.839795 4.849958 -0.468604
v -1.888443 4.859336 -0.422229
v -1.918912 4.876194 -0.427714
v -1.938125 4.893494 -0.452106
v -1.938235 4.904423 -0.486323
v -1.919255 4.904465 -0.516374
v -1.889616 4.894238 -0.530789
v -1.860284 4.878008 -0.525510
v -1.841057 4.861202 -0.502296
v -1.955449 4.293254 -0.467118
v -1.941371 3.988223 -0.487442
v -1.905104 3.990929 -0.553235
v -1.926166 4.307487 -0.526983
v -2.012522 4.271355 -0.438171
v -2.007277 3.971672 -0.454819
v -2.075422 4.251310 -0.450434
v -2.077579 3.949258 -0.468743
v -2.120859 4.240537 -0.499367
v -2.125012 3.929717 -0.523520
v -2.130446 4.242378 -0.566810
v -2.131291 3.918901 -0.597263
v -2.100359 4.255240 -0.625847
v -2.095133 3.919523 -0.662246
v -2.043072 4.274720 -0.654522
v -2.028635 3.931750 -0.695674
v -1.980212 4.294757 -0.642267
v -1.956772 3.954642 -0.681898
v -1.935876 4.307665 -0.593779
v -1.910710 3.978256 -0.626641
v -1.277388 3.144026 -0.265419
v -0.824369 2.849952 -0.188321
v -0.796364 2.876823 -0.267578
v -1.237577 3.161874 -0.343197
v -1.336076 3.089322 -0.223044
v -0.866400 2.783327 -0.145941
v -1.394228 3.018783 -0.234588
v -0.907849 2.706596 -0.159326
v -1.428997 2.960155 -0.297137
v -0.932719 2.649909 -0.219702
v -1.425295 2.935414 -0.385950
v -0.930242 2.629519 -0.303454
v -1.384537 2.953351 -0.466599
v -0.901611 2.653362 -0.382302
v -1.319051 3.005563 -0.508237
v -0.854233 2.713935 -0.426206
v -1.258664 3.076780 -0.493575
v -0.812602 2.793339 -0.414938
v -1.230537 3.138102 -0.429251
v -0.792460 2.856473 -0.353369
v -1.482349 4.906344 1.761614
v -1.457756 4.881870 1.753238
v -1.434762 4.871928 1.727117
v -1.423663 4.880215 1.694090
v -1.429756 4.901193 1.666391
v -1.449749 4.927830 1.654597
v -1.475897 4.950005 1.663509
v -1.497476 4.959497 1.689763
v -1.500669 4.932743 1.749639
v -1.506383 4.952931 1.722696
v -1.592076 4.583756 1.509680
v -1.559421 4.558740 1.501122
v -1.528271 4.552163 1.472811
v -1.512380 4.566165 1.436357
v -1.518709 4.592546 1.404917
v -1.543838 4.622482 1.390700
v -1.578086 4.644587 1.399497
v -1.607548 4.650788 1.428110
v -1.615206 4.613623 1.495446
v -1.621088 4.639052 1.464874
v -1.598360 4.088144 1.009164
v -1.547315 4.091469 1.030467
v -1.504452 4.126897 1.038492
v -1.487432 4.178937 1.028823
v -1.500055 4.225554 1.003003
v -1.538208 4.250323 0.972357
v -1.587519 4.243545 0.948974
v -1.629080 4.208395 0.942843
v -1.635134 4.113887 0.980546
v -1.647007 4.159170 0.955670
v -1.536730 3.711200 0.565226
v -1.484810 3.713196 0.584482
v -1.440430 3.747221 0.589913
v -1.421950 3.798335 0.578195
v -1.433892 3.844702 0.551613
v -1.472298 3.870056 0.521771
v -1.522690 3.864492 0.500463
v -1.565686 3.830746 0.496868
v -1.573643 3.737528 0.537329
v -1.584848 3.782559 0.511698
v -1.439854 3.431998 0.208831
v -1.379211 3.418047 0.211677
v -1.322200 3.437682 0.192874
v -1.293087 3.481675 0.159352
v -1.301984 3.529440 0.121544
v -1.345097 3.564740 0.095145
v -1.406065 3.574008 0.090777
v -1.460868 3.554487 0.110954
v -1.480402 3.468115 0.183676
v -1.488572 3.514390 0.147024
v -1.482123 3.019524 -0.343098
v -1.399418 2.994950 -0.331510
v -1.316284 3.024420 -0.334864
v -1.267851 3.094677 -0.353513
v -1.270686 3.174763 -0.384822
v -1.323451 3.236204 -0.414244
v -1.406266 3.255206 -0.429893
v -1.486692 3.225139 -0.424186
v -1.531651 3.081329 -0.369958
v -1.533773 3.158891 -0.400218
v -1.190226 2.948020 -0.285534
v -1.185657 2.907148 -0.328664
v -1.216334 3.000323 -0.269439
v -1.253496 3.045557 -0.288531
v -1.287113 3.065670 -0.336357
v -1.304880 3.052049 -0.393808
v -1.300434 3.010084 -0.438632
v -1.276975 2.954006 -0.453180
v -1.239673 2.907792 -0.431680
v -1.203269 2.891750 -0.383746
v -0.762326 3.094763 -0.383199
v -0.767091 3.057689 -0.420791
v -0.764865 3.147647 -0.372909
v -0.772396 3.196993 -0.395461
v -0.781879 3.223125 -0.442912
v -0.790629 3.215582 -0.496531
v -0.795615 3.177578 -0.535646
v -0.796902 3.122818 -0.545188
v -0.790087 3.072789 -0.520541
v -0.776852 3.048819 -0.472366
v -0.251721 3.343183 -0.525955
v -0.257509 3.306293 -0.563584
v -0.251694 3.396161 -0.515836
v -0.256014 3.445764 -0.538669
v -0.262893 3.472207 -0.586395
v -0.270681 3.464964 -0.640202
v -0.276700 3.427150 -0.679357
v -0.280665 3.372505 -0.688822
v -0.277149 3.322266 -0.663913
v -0.266428 3.297784 -0.615373
v 0.299735 3.715820 -0.743411
v 0.309218 3.692803 -0.774974
v 0.269710 3.736732 -0.725140
v 0.230017 3.748516 -0.728431
v 0.196168 3.746346 -0.752689
v 0.181276 3.730359 -0.788078
v 0.190786 3.706620 -0.820797
v 0.220973 3.682654 -0.837880
v 0.261509 3.670439 -0.833111
v 0.295455 3.675933 -0.808966
v 0.551401 4.014349 -0.903703
v 0.560342 3.996259 -0.931252
v 0.524713 4.028114 -0.886230
v 0.489774 4.033031 -0.886554
v 0.460226 4.026998 -0.905138
v 0.447629 4.011756 -0.934418
v 0.456613 3.993065 -0.962955
v 0.483891 3.976753 -0.979463
v 0.519679 3.971577 -0.977941
v 0.548885 3.980416 -0.959424
v -0.477715 3.699629 -0.609593
v -0.494974 3.679441 -0.634863
v -0.448023 3.721190 -0.602900
v -0.417302 3.736899 -0.618534
v -0.397790 3.740459 -0.650984
v -0.396821 3.729830 -0.687383
v -0.414456 3.709050 -0.713681
v -0.443572 3.684650 -0.719628
v -0.474416 3.668366 -0.702505
v -0.494355 3.667799 -0.669785
v -0.602134 3.924217 -0.662526
v -0.622739 3.909583 -0.688795
v -0.567366 3.930972 -0.651529
v -0.531107 3.927949 -0.661263
v -0.507712 3.916181 -0.688541
v -0.506408 3.899608 -0.722394
v -0.527461 3.884434 -0.749680
v -0.563194 3.875098 -0.759557
v -0.600058 3.877960 -0.748358
v -0.622440 3.892568 -0.721204
v -0.736239 4.267297 -0.766458
v -0.754103 4.256429 -0.789297
v -0.706750 4.269172 -0.755529
v -0.676246 4.261781 -0.761744
v -0.656792 4.247886 -0.783199
v -0.656159 4.232386 -0.811231
v -0.674418 4.221076 -0.834937
v -0.705092 4.217199 -0.844878
v -0.736193 4.224591 -0.837450
v -0.754437 4.240742 -0.816144
v -0.227295 3.413387 -0.570980
v -0.240662 3.390609 -0.596407
v -0.205667 3.443210 -0.565142
v -0.184615 3.469709 -0.582160
v -0.172623 3.482347 -0.615966
v -0.173863 3.475664 -0.653283
v -0.187546 3.452287 -0.679753
v -0.207590 3.419944 -0.685289
v -0.228338 3.392745 -0.666864
v -0.241669 3.382740 -0.632357
v -1.370813 4.107596 0.725050
v -1.363771 4.076809 0.743669
v -1.364200 4.144257 0.723184
v -1.344896 4.172838 0.738850
v -1.320081 4.181730 0.766264
v -1.300046 4.167477 0.795147
v -1.292594 4.135817 0.814551
v -1.301689 4.098616 0.817998
v -1.322473 4.070104 0.801722
v -1.345474 4.062237 0.772100
v -1.171980 4.084762 0.555742
v -1.160228 4.053271 0.569847
v -1.178805 4.120498 0.562934
v -1.176762 4.147285 0.589332
v -1.166271 4.154255 0.624987
v -1.152089 4.138412 0.656136
v -1.139896 4.106012 0.670952
v -1.135525 4.068644 0.664162
v -1.138713 4.041690 0.636669
v -1.147326 4.036792 0.599878
v -0.856006 4.090958 0.339842
v -0.844568 4.064434 0.351000
v -0.865535 4.120039 0.347330
v -0.868490 4.141017 0.371308
v -0.863396 4.145365 0.402725
v -0.852786 4.131088 0.429372
v -0.840958 4.103785 0.441117
v -0.833384 4.073101 0.433645
v -0.831280 4.051962 0.408628
v -0.834880 4.049591 0.376550
v -1.610871 4.206701 1.005560
v -1.605768 4.178053 1.027860
v -1.597449 4.239865 0.995009
v -1.569128 4.264535 0.999941
v -1.536639 4.270606 1.018755
v -1.513118 4.255934 1.044644
v -1.507604 4.226456 1.067773
v -1.523057 4.193625 1.080497
v -1.552916 4.169311 1.075302
v -1.584069 4.163452 1.053770
v -2.151037 3.870584 0.691807
v -1.203200 3.946110 0.354171
v -2.488045 3.849337 -0.259020
v -1.540210 3.924859 -0.596655
v -2.497135 3.845809 0.279655
v -1.194110 3.949637 -0.184504
v -1.613970 3.912330 0.701143
v -2.077270 3.883117 -0.605991
v -1.860247 4.085670 0.048559
v -2.329241 3.429312 1.134846
v -0.726321 3.557037 0.563858
v -2.899169 3.393376 -0.473130
v -1.296243 3.521103 -1.044117
v -2.914540 3.387414 0.437842
v -0.710947 3.563003 -0.347113
v -1.420994 3.499908 1.150634
v -2.204491 3.450509 -1.059905
v -0.708622 4.330934 -1.645140
v -1.542563 3.853059 -1.952180
v -1.233343 4.770215 -0.903657
v -2.067284 4.292340 -1.210696
v -0.814727 4.640113 -1.216870
v -1.961179 3.983161 -1.638968
v -1.027280 4.009689 -1.937590
v -1.748627 4.613585 -0.918246
v -1.428586 4.455969 -1.542180
v -0.147757 4.019807 -1.538398
v -1.558066 3.211656 -2.057644
v -1.035131 4.762690 -0.284449
v -2.445442 3.954537 -0.803696
v -0.327199 4.542670 -0.814134
v -2.265998 3.431676 -1.527961
v -0.686648 3.476540 -2.032969
v -1.906552 4.497806 -0.309126
v 0.678719 4.279609 -0.636860
v -0.162651 4.545289 -1.322484
v 0.135879 4.757960 0.214646
v -0.705488 5.023643 -0.470975
v 0.564941 4.469006 -0.082643
v -0.591711 4.834248 -1.025194
v 0.359747 4.322822 -1.139217
v -0.386513 4.980430 0.031380
v 0.079277 4.833647 -0.597100
v 0.948735 3.613298 -0.597112
v -0.474129 4.062600 -1.756596
v 0.030719 4.422253 0.842902
v -1.392145 4.871557 -0.316582
v 0.756327 3.933590 0.340144
v -1.199734 4.551264 -1.253837
v 0.409306 3.686377 -1.446666
v -0.852714 4.798478 0.532973
v -0.376688 5.203593 -0.432685
v -1.227585 5.153752 -1.005839
v -0.943281 5.098681 0.417597
v -1.794181 5.048839 -0.155557
v -0.500555 5.160477 0.099847
v -1.670311 5.091958 -0.688088
v -0.695975 5.198330 -0.878578
v -1.474891 5.054104 0.290335
v -1.104077 5.316891 -0.283020
v 0.155071 4.828424 -0.553407
v -1.283914 4.744134 -1.522688
v -0.803115 4.651004 0.884535
v -2.242100 4.566714 -0.084745
v -0.054406 4.755508 0.347177
v -2.032621 4.639632 -0.985328
v -0.384885 4.819525 -1.307470
v -1.702142 4.575616 0.669316
v -0.340890 4.906165 -1.296443
v -0.529977 4.233095 -2.040832
v -1.342610 5.078634 -1.197932
v -1.531699 4.405563 -1.942322
v -0.806318 5.118511 -1.107713
v -1.066265 4.193219 -2.131051
v -0.247741 4.537316 -1.687096
v -1.624842 4.774414 -1.551668
v -0.924937 4.795694 -1.748699
v 0.045086 4.764811 -0.782533
v -0.274691 3.626558 -2.041397
v -1.648961 5.056479 -0.615938
v -1.968741 3.918224 -1.874802
v -0.742024 5.123915 -0.463366
v -1.181631 3.559120 -2.193969
v 0.202606 4.141035 -1.443179
v -2.126259 4.542002 -1.214155
v 0.109187 4.511553 0.448554
v -0.080115 4.807645 -0.612134
v -0.969719 4.677335 0.687385
v -1.159019 4.973429 -0.373302
v -0.394790 4.538969 0.766710
v -0.655033 4.946016 -0.691456
v 0.216689 4.628537 -0.126538
v -1.266517 4.856444 0.201791
v -0.483691 4.941398 0.085794
v 0.454761 3.904790 0.624280
v 0.134629 4.405523 -1.169486
v -1.369810 4.185153 1.028174
v -1.689948 4.685882 -0.765590
v -0.397542 3.951150 1.162320
v -0.837645 4.639523 -1.303631
v 0.636559 4.102627 -0.348282
v -1.871749 4.488046 0.206969
v -1.104600 5.019985 -0.198701
v -1.363131 4.881659 -1.183100
v -2.034340 4.693684 0.091332
v -2.292876 4.555354 -0.893069
v -1.521028 4.882753 0.130760
v -1.876443 4.692588 -1.222527
v -1.059659 5.011961 -0.745243
v -2.337809 4.563381 -0.346527
v -1.764458 4.967791 -0.553933
v -0.546213 4.775631 0.059345
v -0.983429 4.541697 -1.605408
v -2.118537 4.223805 0.549827
v -2.555750 3.989873 -1.114923
v -1.250452 4.543550 0.616506
v -1.851508 4.221953 -1.672086
v -0.470220 4.762056 -0.864931
v -2.631744 4.003447 -0.190646
v -0.385238 4.615061 -0.108690
v -1.125926 4.775292 -0.542515
v -0.841800 4.379724 0.656381
v -1.582488 4.539955 0.222558
v -0.474733 4.467371 0.355132
v -1.492990 4.687644 -0.241263
v -0.670040 4.739271 -0.468953
v -1.297691 4.415743 0.582820
v -0.972244 4.760106 0.083790
v 0.002375 4.230523 -0.283530
v -1.250231 4.501497 -1.017188
v -0.769735 3.832534 1.010309
v -2.022341 4.103507 0.276652
v -0.148981 3.980758 0.500854
v -1.870987 4.353271 -0.507733
v -0.479260 4.440581 -0.892782
v -1.540706 3.893450 0.885904
v -1.201037 5.179649 -0.157668
v -1.130001 4.993351 -1.165271
v -2.182212 4.876111 -0.170717
v -2.111179 4.689813 -1.178321
v -1.704935 5.062785 0.024599
v -1.607280 4.806676 -1.360587
v -0.981677 5.143373 -0.659025
v -2.330539 4.726088 -0.676965
v -1.711297 5.114730 -0.705166
v -0.762451 4.944272 0.278600
v -0.642318 4.629217 -1.425395
v -2.421753 4.430945 0.256529
v -2.301623 4.115892 -1.447462
v -1.614609 4.746639 0.586838
v -1.449465 4.313523 -1.755700
v -0.391486 4.882923 -0.569262
v -2.672588 4.177239 -0.599601
v 0.548964 4.073981 -0.824890
v -0.085485 4.086191 -1.424742
v -0.056466 4.113639 -0.131313
v -0.690916 4.125850 -0.731163
v 0.365127 4.091523 -0.365706
v -0.507079 4.108306 -1.190345
v 0.345173 4.072654 -1.254771
v -0.487133 4.127174 -0.301283
v -0.050774 4.280807 -0.810717
v 0.932011 3.649403 -0.783785
v -0.140928 3.670053 -1.798218
v -0.091851 3.716470 0.389147
v -1.164794 3.737118 -0.625284
v 0.621114 3.679069 -0.007247
v -0.853899 3.707452 -1.401824
v 0.587379 3.647162 -1.510771
v -0.820162 3.739359 0.101701
v 0.428168 3.750619 0.826510
v 1.370786 3.719649 0.467891
v 0.071303 3.801632 -0.115902
v 1.013918 3.770659 -0.474521
v 0.073119 3.781928 0.422497
v 1.368970 3.739352 -0.070508
v 0.966349 3.725577 0.823778
v 0.475746 3.795703 -0.471789
v 0.729836 3.948828 0.182852
v 0.205987 3.320637 1.260689
v 1.800083 3.268263 0.654216
v -0.397525 3.406903 -0.333058
v 1.196579 3.354531 -0.939530
v -0.394452 3.373584 0.577449
v 1.797009 3.301584 -0.256290
v 1.116111 3.278286 1.256069
v 0.286449 3.396882 -0.934910
v 1.410860 4.104729 0.686841
v 2.303816 3.743328 0.987042
v 1.861496 4.581217 -0.079959
v 2.754453 4.219816 0.220240
v 1.468868 4.410687 0.247194
v 2.696445 3.913858 0.659890
v 1.772906 3.834750 0.980615
v 2.392407 4.489795 -0.073534
v 2.107480 4.314109 0.562481
v 0.890744 3.723621 0.603178
v 2.400851 3.112445 1.110857
v 1.652832 4.529425 -0.693587
v 3.162942 3.918247 -0.185907
v 0.988845 4.241038 -0.140327
v 3.064839 3.400832 0.557598
v 1.503008 3.267052 1.099988
v 2.550678 4.374818 -0.682716
v 0.019772 3.850521 -0.284871
v 0.835913 4.239718 0.371643
v 0.481243 4.364455 -1.163208
v 1.297381 4.753654 -0.506698
v 0.097593 4.034566 -0.847049
v 1.219558 4.569611 0.055483
v 0.341376 3.948826 0.207957
v 0.975774 4.655348 -0.999525
v 0.545003 4.472604 -0.355680
v -0.166401 3.155096 -0.298368
v 1.213796 3.813281 0.811886
v 0.614006 4.024224 -1.783757
v 1.994203 4.682412 -0.673503
v -0.034804 3.466337 -1.249088
v 1.862604 4.371169 0.277216
v 0.377476 3.321342 0.535073
v 1.450324 4.516166 -1.506944
v 0.948091 4.890412 -0.542105
v 1.810415 4.964211 0.011041
v 1.505400 4.828792 -1.402699
v 2.367726 4.902589 -0.849554
v 1.065177 4.845775 -1.076043
v 2.250638 4.947228 -0.315615
v 1.274830 4.938857 -0.104284
v 2.040985 4.854145 -1.287373
v 1.652555 5.087563 -0.712976
v 0.469542 4.456684 -0.397313
v 1.927851 4.581485 0.538130
v 1.412029 4.352475 -1.852696
v 2.870336 4.477278 -0.917253
v 0.667549 4.381196 -1.300277
v 2.672328 4.552766 -0.014291
v 1.022105 4.538612 0.343099
v 2.317776 4.395351 -1.657664
v 0.967491 4.618774 0.330627
v 1.254029 3.998409 1.089530
v 1.937853 4.910048 0.202350
v 2.224394 4.289683 0.961256
v 1.398983 4.880647 0.124294
v 1.792896 4.027811 1.167586
v 0.928947 4.254017 0.734114
v 2.262935 4.654441 0.557767
v 1.570060 4.595681 0.771343
v 0.591331 4.414502 -0.169211
v 1.075912 3.365381 1.114200
v 2.232342 4.907088 -0.386143
v 2.716925 3.857965 0.897267
v 1.321045 4.857366 -0.518147
v 1.987212 3.415103 1.246202
v 0.526147 3.797648 0.513141
v 2.782104 4.474821 0.214915
v 0.533349 4.115817 -1.390378
v 0.706670 4.466928 -0.343838
v 1.578178 4.405452 -1.660585
v 1.751490 4.756566 -0.614046
v 1.023283 4.194849 -1.721570
v 1.261554 4.677535 -0.282854
v 0.424243 4.237104 -0.816481
v 1.860599 4.635277 -1.187943
v 1.075877 4.626853 -1.055159
v 0.261997 3.465775 -1.539629
v 0.555098 4.059554 0.230210
v 2.028933 3.955590 -1.996585
v 2.322043 4.549366 -0.226746
v 1.090548 3.599428 -2.099717
v 1.493492 4.415715 0.333342
v 0.077485 3.670890 -0.569090
v 2.506561 4.344252 -1.197284
v 1.688085 4.790425 -0.788537
v 1.982299 4.716726 0.192798
v 2.644810 4.571962 -1.091785
v 2.939029 4.498260 -0.110448
v 2.111320 4.695004 -1.124032
v 2.515791 4.593683 0.225044
v 1.655931 4.794509 -0.241050
v 2.971177 4.494178 -0.657934
v 2.356614 4.831352 -0.448359
v 1.158993 4.470986 -1.025413
v 1.656553 4.346345 0.634159
v 2.776951 4.101530 -1.538244
v 3.274512 3.976891 0.121325
v 1.874739 4.309611 -1.592779
v 2.558757 4.138265 0.688692
v 1.104619 4.477888 -0.099540
v 3.328880 3.969988 -0.804549
v 1.022697 4.297300 -0.848810
v 1.746746 4.561407 -0.438327
v 1.488785 4.095504 -1.617710
v 2.212837 4.359611 -1.207228
v 1.120070 4.146917 -1.310173
v 2.115455 4.509993 -0.745866
v 1.297395 4.467164 -0.499501
v 1.938145 4.189746 -1.556536
v 1.583056 4.507274 -1.059924
v 0.689445 3.873773 -0.653233
v 1.913914 4.320415 0.040952
v 1.477665 3.532507 -1.953545
v 2.702133 3.979148 -1.259363
v 0.854129 3.619455 -1.433457
v 2.537452 4.233467 -0.479137
v 1.153994 4.161037 -0.062504
v 2.237585 3.691885 -1.850090
v 1.763124 4.959348 -0.836608
v 1.736808 4.798223 0.177474
v 2.774395 4.779546 -0.838938
v 2.748085 4.618420 0.175145
v 2.273691 4.899636 -1.027778
v 2.237518 4.678132 0.366315
v 1.560483 4.912475 -0.329131
v 2.950723 4.665293 -0.332332
v 2.288838 4.975412 -0.300232
v 1.348038 4.657836 -1.254802
v 1.303535 4.385352 0.460150
v 3.058243 4.353764 -1.258738
v 3.013746 4.081280 0.456210
v 2.211478 4.556854 -1.578096
v 2.150306 4.182261 0.779504
v 1.005353 4.578566 -0.396589
v 3.356430 4.160551 -0.402002
v 0.177903 3.668595 -0.094159
v 0.818366 3.778140 0.489199
v 0.759111 3.760192 -0.803365
v 1.399575 3.869737 -0.220009
v 0.348504 3.693869 -0.558066
v 1.228977 3.844462 0.243897
v 0.389240 3.706204 0.330403
v 1.188249 3.832126 -0.644570
v 0.746975 3.947149 -0.129224
v -0.150377 3.198971 -0.113305
v 0.932731 3.384227 0.873234
v 0.832528 3.353872 -1.312668
v 1.915636 3.539127 -0.326132
v 0.138137 3.241712 -0.897832
v 1.627128 3.496386 0.458397
v 0.207015 3.262576 0.604687
v 1.558244 3.475523 -1.044121
v 1.311569 4.436312 2.327915
v 0.659608 4.625336 1.941607
v 0.888450 4.280030 2.965535
v 0.236486 4.469052 2.579228
v 1.222163 4.322754 2.719106
v 0.325892 4.582611 2.188036
v 1.064869 4.560106 2.015291
v 0.483189 4.345259 2.891850
v 0.788420 4.591225 2.497077
v 1.650736 4.113545 2.143266
v 0.548181 4.433208 1.489967
v 0.935179 3.849251 3.221569
v -0.167376 4.168914 2.568271
v 1.499540 3.921504 2.804826
v -0.016177 4.360956 1.906712
v 1.233531 4.322897 1.614579
v 0.249829 3.959563 3.096957
v 1.279307 4.338985 1.635981
v 1.026057 4.017074 0.976250
v 0.559391 4.584335 1.792616
v 0.306141 4.262423 1.132884
v 0.966798 4.521975 1.837910
v 0.618651 4.079432 0.930956
v 1.287570 4.132060 1.276767
v 0.297878 4.469349 1.492099
v 0.819535 4.424520 1.313725
v 1.555323 4.087093 1.968791
v 1.127043 3.542698 0.853096
v 0.337850 4.502013 2.233682
v -0.090433 3.957616 1.117987
v 1.026829 4.396554 2.310281
v 0.438060 3.648155 0.776498
v 1.569299 3.737154 1.361312
v -0.104404 4.307557 1.725467
v 0.698076 4.443422 2.569856
v 0.705950 4.487010 1.790078
v -0.078619 4.362182 2.557473
v -0.070748 4.405771 1.777694
v 0.308252 4.394635 2.709769
v 0.319076 4.454558 1.637782
v 0.847544 4.480438 2.182287
v -0.220213 4.368754 2.165263
v 0.298382 4.569500 2.181721
v 0.998115 4.130680 2.825739
v 1.011434 4.204396 1.507027
v -0.315388 3.993292 2.804796
v -0.302074 4.067008 1.486086
v 0.338868 4.048174 3.062351
v 0.357175 4.149514 1.249475
v 1.250879 4.193279 2.170307
v -0.554838 4.004409 2.141518
v -2.051847 4.826621 1.702745
v -1.435639 4.980633 1.663644
v -2.059584 4.699287 1.079300
v -1.443372 4.853297 1.040197
v -2.171169 4.734098 1.398347
v -1.324050 4.945822 1.344595
v -1.742295 4.927485 1.800009
v -1.752927 4.752434 0.942935
v -1.777264 4.952840 1.348786
v -2.195457 4.563640 1.982703
v -1.153366 4.824092 1.916577
v -2.208538 4.348301 0.928369
v -1.166445 4.608754 0.862243
v -2.397249 4.407171 1.467924
v -0.964653 4.765224 1.377022
v -1.671958 4.734215 2.147187
v -1.689941 4.438180 0.697759
v -1.712599 4.778667 2.153785
v -1.239353 4.516383 2.481733
v -1.299796 4.978571 1.717963
v -0.826546 4.716287 2.045912
v -1.594869 4.927761 1.874426
v -0.944280 4.567191 2.325270
v -1.553319 4.610070 2.399418
v -0.985826 4.884884 1.800279
v -1.255176 4.848359 2.159756
v -2.051153 4.573433 2.056383
v -1.250825 4.129876 2.610988
v -1.353047 4.911497 1.319351
v -0.552716 4.467939 1.873955
v -1.852054 4.825573 1.583951
v -0.751815 4.215800 2.346387
v -1.781792 4.288313 2.471782
v -0.822081 4.753060 1.458558
v -1.749840 4.814219 1.258328
v -1.397302 4.849734 1.786927
v -1.221247 4.748028 0.910242
v -0.868707 4.783543 1.438841
v -1.551595 4.774469 0.985243
v -1.066952 4.823294 1.711926
v -1.672615 4.844380 1.587850
v -0.945932 4.753384 1.109321
v -1.302631 4.916945 1.336223
v -2.069263 4.559407 1.223742
v -1.473078 4.619469 2.117677
v -1.175337 4.447468 0.635080
v -0.579149 4.507529 1.529011
v -1.734005 4.492184 0.761917
v -0.914407 4.574753 1.990837
v -1.938662 4.610411 1.781004
v -0.709751 4.456525 0.971749
v -1.784221 4.451066 2.026250
v -1.016260 4.552080 1.889890
v -1.929885 4.519207 1.256381
v -1.161920 4.620219 1.120019
v -2.000940 4.466211 1.666863
v -0.945202 4.605076 1.479406
v -1.372950 4.488806 2.102320
v -1.573194 4.582480 1.043952
v -1.489339 4.680811 1.589063
v -1.962701 4.066264 2.303611
v -0.663975 4.237090 2.073007
v -2.209036 4.181500 1.001655
v -0.910307 4.352325 0.771050
v -2.329204 4.091876 1.695839
v -0.543803 4.326715 1.378823
v -1.267180 4.130087 2.432252
v -1.605824 4.288504 0.642409
v 0.135719 4.242487 1.718881
v 0.459930 4.199387 2.428140
v 0.846268 4.257040 1.394963
v 1.170481 4.213938 2.104222
v 0.430249 4.257839 1.424032
v 0.875950 4.198587 2.399072
v 0.164689 4.218210 2.134201
v 1.141508 4.238215 1.688902
v 0.653968 4.373889 1.920005
v -0.223819 3.924862 1.566712
v 0.324465 3.851972 2.766164
v 0.977820 3.949472 1.018926
v 1.526104 3.876583 2.218377
v 0.274271 3.950825 1.068080
v 1.028012 3.850621 2.717006
v -0.174824 3.883808 2.269075
v 1.477109 3.917639 1.516015
vt 0.389061 0.051530
vt 0.436679 0.051530
vt 0.415296 0.487809
vt 0.373049 0.499951
vt 0.049563 0.059668
vt 0.096600 0.060429
vt 0.135969 0.477418
vt 0.090759 0.475387
vt 0.197061 0.061676
vt 0.245574 0.060337
vt 0.254983 0.516531
vt 0.216507 0.505051
vt 0.340542 0.053860
vt 0.333115 0.511816
vt 0.482541 0.054384
vt 0.527001 0.059995
vt 0.506646 0.474367
vt 0.460380 0.478200
vt 0.146035 0.061469
vt 0.178071 0.488986
vt 0.292515 0.057334
vt 0.294265 0.519118
vt 0.193613 0.705324
vt 0.157631 0.706785
vt 0.388471 0.777509
vt 0.329991 0.766099
vt 0.521933 0.757680
vt 0.484488 0.768746
vt 0.275342 0.741574
vt 0.441190 0.778981
vt 0.124138 0.716706
vt 0.231736 0.716177
vt 0.090655 0.733276
vt 0.312685 0.844351
vt 0.344079 0.845968
vt 0.394500 0.853372
vt 0.429262 0.859818
vt 0.321918 1.194613
vt 0.349771 1.197065
vt 0.331914 1.315228
vt 0.310337 1.312474
vt 0.460397 0.870294
vt 0.488593 0.884112
vt 0.451287 1.044032
vt 0.419953 1.052462
vt 0.407772 1.200655
vt 0.439749 1.204330
vt 0.395629 1.325124
vt 0.374211 1.320674
vt 0.204361 1.182963
vt 0.235377 1.181409
vt 0.244333 1.303243
vt 0.221822 1.307080
vt 0.294143 1.190405
vt 0.288758 1.308775
vt 0.173834 1.186794
vt 0.199724 1.311397
vt 0.265599 1.184701
vt 0.266782 1.304458
vt 0.378129 1.198607
vt 0.353157 1.317505
vt 0.279378 1.587714
vt 0.297173 1.586156
vt 0.282046 1.731878
vt 0.271339 1.731350
vt 0.233024 0.854924
vt 0.272871 0.848928
vt 0.270684 1.050740
vt 0.240647 1.035933
vt 0.360099 1.071450
vt 0.329385 1.072329
vt 0.142985 1.193072
vt 0.177983 1.315083
vt 0.197895 0.862121
vt 0.207585 1.027137
vt 0.298984 1.065193
vt 0.389997 1.063502
vt 0.163446 0.865098
vt 0.174092 1.026209
vt 0.207457 1.609187
vt 0.226925 1.605791
vt 0.241370 1.723210
vt 0.230671 1.722327
vt 0.204267 1.511825
vt 0.181826 1.514058
vt 0.262073 1.592526
vt 0.261182 1.729057
vt 0.315035 1.588378
vt 0.332026 1.594540
vt 0.303293 1.728274
vt 0.292765 1.730525
vt 0.347968 1.603803
vt 0.313983 1.726978
vt 0.244893 1.599405
vt 0.251442 1.725942
vt 0.364808 1.614696
vt 0.324814 1.728275
vt 1.045835 1.010033
vt 1.055607 1.007000
vt 1.065166 1.010336
vt 1.070805 1.018388
vt 1.070805 1.028054
vt 1.065166 1.036106
vt 1.055607 1.039441
vt 1.045835 1.036409
vt 1.039852 1.028241
vt 1.039852 1.018200
vt 0.245073 1.506119
vt 0.225272 1.508818
vt 0.300041 1.509635
vt 0.282575 1.507363
vt 0.356366 1.518540
vt 0.336320 1.515378
vt 0.264408 1.505684
vt 0.317646 1.512387
vt 0.378006 1.521065
vt 0.186936 1.608539
vt 0.219956 1.724439
vt 0.142443 1.034225
vt 0.131762 0.865262
vt 1.165976 0.064361
vt 1.161278 0.074754
vt 1.049438 0.075489
vt 1.053537 0.066924
vt 1.257493 0.613527
vt 1.318570 0.612054
vt 1.321237 0.622649
vt 1.258820 0.624598
vt 1.165531 0.146509
vt 1.165179 0.157987
vt 1.053156 0.147591
vt 1.053175 0.138213
vt 1.162817 0.135367
vt 1.050705 0.128955
vt 1.167868 0.053030
vt 1.055321 0.057705
vt 1.152979 0.115265
vt 1.157763 0.125197
vt 1.046252 0.120122
vt 1.041760 0.111331
vt 1.150975 0.104885
vt 1.039842 0.102041
vt 1.151884 0.094389
vt 1.040800 0.092636
vt 1.155782 0.084394
vt 1.044521 0.083792
vt 1.344163 0.124497
vt 1.339469 0.138726
vt 1.345179 0.110046
vt 1.331316 0.151699
vt 1.336271 0.082503
vt 1.342181 0.095922
vt 1.329087 0.069410
vt 1.323430 0.055488
vt 1.323094 0.164428
vt 1.318357 0.178770
vt 1.495972 0.085762
vt 1.500143 0.100079
vt 1.491186 0.071341
vt 1.502563 0.114334
vt 1.486420 0.040767
vt 1.487441 0.056311
vt 1.321715 0.040314
vt 1.486289 0.172379
vt 1.482003 0.186946
vt 1.493235 0.158085
vt 1.502243 0.128828
vt 1.499329 0.143718
vt 1.636867 0.194873
vt 1.632567 0.211713
vt 1.638884 0.041921
vt 1.640069 0.059640
vt 1.645276 0.158980
vt 1.641833 0.177731
vt 1.645672 0.138892
vt 1.644944 0.118209
vt 1.641700 0.078092
vt 1.643253 0.097642
vt 1.638331 0.024475
vt 1.824388 0.190499
vt 1.822582 0.215632
vt 1.814350 0.100121
vt 1.815039 0.121498
vt 1.816515 0.078109
vt 1.820131 0.054885
vt 1.817910 0.143153
vt 1.824388 0.005589
vt 1.823288 0.030221
vt 1.818102 0.241069
vt 1.822524 0.166483
vt 0.537065 1.329092
vt 0.545311 1.305828
vt 0.716274 1.337739
vt 0.714522 1.354356
vt 0.545889 1.495530
vt 0.543074 1.473973
vt 0.708556 1.460640
vt 0.711983 1.480025
vt 0.531652 1.429357
vt 0.527899 1.405399
vt 0.706299 1.403685
vt 0.704634 1.421853
vt 0.530696 1.354432
vt 0.712186 1.370639
vt 0.546070 1.518047
vt 0.715195 1.498412
vt 0.538215 1.452400
vt 0.706035 1.441022
vt 0.527899 1.380112
vt 0.709571 1.386968
vt 0.545109 1.541924
vt 0.718391 1.515770
vt 0.847987 1.452981
vt 0.851419 1.467207
vt 0.853981 1.407948
vt 0.849005 1.422996
vt 0.863004 1.361161
vt 0.862933 1.377127
vt 0.856539 1.481374
vt 0.847235 1.438299
vt 0.859767 1.392840
vt 0.862218 1.495596
vt 0.860236 1.345833
vt 1.020227 1.405594
vt 1.012693 1.419370
vt 1.031126 1.362088
vt 1.031738 1.377365
vt 1.012516 1.463325
vt 1.019383 1.476711
vt 1.008765 1.434215
vt 1.027826 1.392096
vt 1.027586 1.489763
vt 1.008600 1.449060
vt 1.026344 1.347300
vt 1.192839 1.374843
vt 1.189611 1.386267
vt 1.207692 1.450541
vt 1.204437 1.461058
vt 1.199512 1.419421
vt 1.205097 1.429261
vt 1.190051 1.398076
vt 1.199555 1.471346
vt 1.207870 1.439740
vt 1.193616 1.409344
vt 1.198787 1.364770
vt 1.319760 1.444692
vt 1.316657 1.453780
vt 1.312475 1.417574
vt 1.317545 1.426082
vt 1.303884 1.390515
vt 1.304415 1.399896
vt 1.312330 1.462428
vt 1.320082 1.435236
vt 1.307454 1.409008
vt 1.311223 1.373191
vt 1.306395 1.381478
vt 1.222715 0.840456
vt 1.161637 0.841930
vt 1.158970 0.831334
vt 1.221387 0.829385
vt 1.219240 0.914534
vt 1.149612 0.912654
vt 1.146860 0.902645
vt 1.219275 0.904142
vt 1.221511 0.883902
vt 1.149085 0.882705
vt 1.153772 0.873215
vt 1.223343 0.873390
vt 1.223590 0.851496
vt 1.161266 0.852811
vt 1.219783 0.925265
vt 1.153729 0.922545
vt 1.220159 0.894008
vt 1.146706 0.892559
vt 1.224098 0.862514
vt 1.158445 0.863390
vt 1.154144 0.821519
vt 1.220036 0.818420
vt 1.043133 0.906082
vt 1.040193 0.897569
vt 1.042160 0.880130
vt 1.046828 0.872142
vt 1.054260 0.855347
vt 1.054689 0.846398
vt 1.047227 0.914225
vt 1.039842 0.888715
vt 1.051464 0.864044
vt 1.052244 0.837761
vt 1.047638 0.829926
vt 1.325557 0.915961
vt 1.323127 0.926736
vt 1.330141 0.883745
vt 1.329647 0.894570
vt 1.323924 0.850833
vt 1.326996 0.861512
vt 1.323486 0.818420
vt 1.322035 0.829234
vt 1.327899 0.905246
vt 1.329500 0.872576
vt 1.322188 0.840098
vt 1.016041 1.033411
vt 1.010952 1.026207
vt 1.010952 1.017233
vt 1.016278 1.009837
vt 1.024977 1.007000
vt 1.033643 1.009861
vt 1.038955 1.017264
vt 1.038913 1.026515
vt 1.033257 1.033958
vt 1.024372 1.036419
vt 1.007145 1.028083
vt 1.001555 1.036093
vt 0.991986 1.039530
vt 0.982156 1.036425
vt 0.976232 1.028119
vt 0.976306 1.018071
vt 0.982292 1.009980
vt 0.991932 1.007001
vt 1.001435 1.010273
vt 1.007145 1.018356
vt 1.260968 0.539450
vt 1.330595 0.541329
vt 1.333347 0.551338
vt 1.260932 0.549841
vt 1.258696 0.570082
vt 1.331122 0.571278
vt 1.326435 0.580769
vt 1.256865 0.580593
vt 1.256617 0.602487
vt 1.318941 0.601173
vt 1.260424 0.528719
vt 1.326478 0.531439
vt 1.260048 0.559975
vt 1.333501 0.561425
vt 1.256109 0.591469
vt 1.321762 0.590594
vt 1.326064 0.632464
vt 1.260171 0.635564
vt 1.437074 0.547901
vt 1.440015 0.556414
vt 1.438048 0.573854
vt 1.433380 0.581841
vt 1.425947 0.598636
vt 1.425518 0.607585
vt 1.432980 0.539758
vt 1.440365 0.565268
vt 1.428743 0.589939
vt 1.427963 0.616223
vt 1.432570 0.624057
vt 1.154650 0.538023
vt 1.157080 0.527248
vt 1.150066 0.570238
vt 1.150560 0.559414
vt 1.156283 0.603151
vt 1.153211 0.592472
vt 1.156721 0.635564
vt 1.158173 0.624749
vt 1.152308 0.548738
vt 1.150707 0.581408
vt 1.158020 0.613885
vt 1.002643 1.063341
vt 0.995439 1.068430
vt 0.986465 1.068430
vt 0.979069 1.063104
vt 0.976232 1.054405
vt 0.979093 1.045739
vt 0.986496 1.040427
vt 0.995747 1.040469
vt 1.003190 1.046125
vt 1.005651 1.055010
vt 0.976232 0.985021
vt 0.981823 0.977011
vt 0.991391 0.973574
vt 1.001222 0.976679
vt 1.007145 0.984985
vt 1.007072 0.995033
vt 1.001086 1.003123
vt 0.991445 1.006103
vt 0.981942 1.002831
vt 0.976232 0.994748
vt 0.725175 0.471744
vt 0.751464 0.469821
vt 0.749367 0.606190
vt 0.726440 0.603888
vt 0.903457 0.068140
vt 0.927147 0.082888
vt 0.849921 0.302680
vt 0.825324 0.298046
vt 0.803013 0.452194
vt 0.827442 0.452822
vt 0.819768 0.579119
vt 0.797258 0.579850
vt 0.618549 0.476278
vt 0.645088 0.472051
vt 0.660531 0.594466
vt 0.638859 0.597612
vt 0.698630 0.472285
vt 0.704342 0.600210
vt 0.851486 0.453711
vt 0.876046 0.455891
vt 0.864044 0.574494
vt 0.842118 0.577531
vt 0.671931 0.471286
vt 0.682436 0.595912
vt 0.752362 0.451085
vt 0.777944 0.451840
vt 0.774826 0.581317
vt 0.752362 0.583204
vt 0.650050 0.887907
vt 0.668672 0.893757
vt 0.561229 1.066514
vt 0.551875 1.061323
vt 0.553219 0.099003
vt 0.578918 0.087005
vt 0.646366 0.314063
vt 0.620840 0.319121
vt 0.632078 0.062844
vt 0.658747 0.051530
vt 0.720802 0.302396
vt 0.696284 0.307451
vt 0.527899 0.109701
vt 0.595620 0.326092
vt 0.605217 0.075183
vt 0.671587 0.311335
vt 0.877494 0.057660
vt 0.801066 0.294048
vt 0.950467 0.096897
vt 0.975335 0.107722
vt 0.898703 0.312403
vt 0.874413 0.307265
vt 0.849709 0.051530
vt 0.777226 0.290061
vt 0.895294 0.873902
vt 0.912336 0.866190
vt 0.964535 1.015499
vt 0.954959 1.017315
vt 0.869695 0.782633
vt 0.847840 0.789083
vt 0.631166 0.886008
vt 0.543581 1.055197
vt 0.820031 0.882293
vt 0.838627 0.878494
vt 0.930805 1.033642
vt 0.924211 1.041271
vt 0.857305 0.877974
vt 0.937779 1.026652
vt 0.612131 0.886540
vt 0.535940 1.048750
vt 0.685554 0.904092
vt 0.571324 1.070496
vt 0.876317 0.877566
vt 0.945835 1.021029
vt 0.592640 0.886234
vt 0.527899 1.042389
vt 1.096632 1.002982
vt 1.086859 1.006015
vt 1.077301 1.002679
vt 1.071662 0.994627
vt 1.071662 0.984960
vt 1.077301 0.976909
vt 1.086860 0.973574
vt 1.096632 0.976606
vt 1.102615 0.984774
vt 1.102615 0.994815
vt 0.641175 0.794504
vt 0.620411 0.792717
vt 0.699477 0.810508
vt 0.680503 0.804035
vt 0.825271 0.794537
vt 0.803190 0.799251
vt 0.890365 0.776087
vt 0.661326 0.798313
vt 0.782032 0.803676
vt 0.719309 0.817837
vt 1.210709 1.111913
vt 1.216432 1.101422
vt 1.331503 1.106115
vt 1.326862 1.114742
vt 1.222517 0.428067
vt 1.161623 0.429447
vt 1.158964 0.418820
vt 1.221204 0.417024
vt 1.208672 1.135726
vt 1.207812 1.123686
vt 1.324612 1.124055
vt 1.325480 1.133612
vt 1.212703 1.147105
vt 1.328899 1.142808
vt 1.225115 1.167035
vt 1.219073 1.157186
vt 1.334324 1.151377
vt 1.339793 1.159887
vt 1.228309 1.177637
vt 1.342701 1.169144
vt 1.228503 1.188669
vt 1.342701 1.178808
vt 1.220918 1.210185
vt 1.225546 1.199516
vt 1.339848 1.188193
vt 1.335730 1.197171
vt 1.024930 1.178848
vt 1.028423 1.163567
vt 1.025272 1.194012
vt 1.035613 1.149277
vt 1.037221 1.221891
vt 1.029754 1.208449
vt 1.046043 1.234944
vt 1.045182 1.104523
vt 1.039776 1.089597
vt 1.042880 1.135260
vt 1.046349 1.120093
vt 0.871080 1.232043
vt 0.865636 1.217738
vt 0.877098 1.246468
vt 0.861829 1.203258
vt 0.874223 1.125575
vt 0.873628 1.109621
vt 0.871688 1.141387
vt 0.866476 1.156779
vt 0.870170 1.094113
vt 0.860657 1.188211
vt 0.861957 1.172411
vt 0.717811 1.143375
vt 0.717708 1.126411
vt 0.719508 1.109482
vt 0.723022 1.092597
vt 0.722318 1.178173
vt 0.719070 1.160663
vt 0.726889 1.195457
vt 0.729751 1.212810
vt 0.730475 1.248593
vt 0.730952 1.230560
vt 0.730020 1.266490
vt 0.531220 1.167832
vt 0.538461 1.143856
vt 0.544850 1.261174
vt 0.536527 1.239739
vt 0.553718 1.282696
vt 0.561993 1.304931
vt 0.530649 1.217144
vt 0.545179 1.120026
vt 0.550105 1.095814
vt 0.527899 1.192629
vt 1.649837 0.311330
vt 1.649942 0.328681
vt 1.521126 0.327910
vt 1.518418 0.313163
vt 1.657751 0.363090
vt 1.661389 0.380797
vt 1.513160 0.373710
vt 1.518749 0.358588
vt 1.662257 0.241967
vt 1.660561 0.259630
vt 1.505391 0.268181
vt 1.504519 0.252434
vt 1.652714 0.293955
vt 1.514069 0.298468
vt 1.652732 0.345832
vt 1.521186 0.342992
vt 1.662257 0.398661
vt 1.660888 0.416127
vt 1.503304 0.403767
vt 1.506930 0.388448
vt 1.656914 0.276844
vt 1.509130 0.283558
vt 1.344899 0.370610
vt 1.353095 0.356916
vt 1.334723 0.270503
vt 1.332650 0.254704
vt 1.355012 0.312249
vt 1.348598 0.298393
vt 1.357669 0.341982
vt 1.331989 0.399164
vt 1.336610 0.384078
vt 1.340874 0.284903
vt 1.358417 0.326899
vt 1.170642 0.282996
vt 1.172381 0.271135
vt 1.156560 0.314611
vt 1.160419 0.304104
vt 1.163330 0.346624
vt 1.158135 0.336364
vt 1.171749 0.380673
vt 1.171878 0.368692
vt 1.165954 0.293936
vt 1.155829 0.325578
vt 1.168814 0.357126
vt 1.040646 0.315087
vt 1.044343 0.305783
vt 1.046903 0.343646
vt 1.042036 0.334569
vt 1.054677 0.372157
vt 1.054502 0.362374
vt 1.049302 0.297020
vt 1.039842 0.324917
vt 1.051733 0.352768
vt 1.053400 0.288000
vt 1.055071 0.278347
vt 1.050886 0.634848
vt 1.052266 0.695742
vt 1.041638 0.698401
vt 1.039842 0.636160
vt 1.124634 0.638605
vt 1.122645 0.707659
vt 1.112723 0.710417
vt 1.114308 0.638503
vt 1.094180 0.636171
vt 1.092894 0.708244
vt 1.083440 0.703587
vt 1.083717 0.634302
vt 1.061897 0.633993
vt 1.063110 0.696119
vt 1.135275 0.638148
vt 1.132426 0.703549
vt 1.104234 0.637567
vt 1.102699 0.710594
vt 1.072881 0.633514
vt 1.073651 0.698933
vt 1.146308 0.637456
vt 1.142668 0.699935
vt 1.116995 0.814079
vt 1.108461 0.817105
vt 1.090915 0.815253
vt 1.082861 0.810610
vt 1.065951 0.803222
vt 1.056951 0.802821
vt 1.125138 0.809890
vt 1.099561 0.817522
vt 1.074703 0.805995
vt 1.133574 0.806470
vt 1.048167 0.805320
vt 1.127327 0.532167
vt 1.138164 0.534744
vt 1.094894 0.527248
vt 1.105805 0.527834
vt 1.061650 0.533316
vt 1.072442 0.530272
vt 1.149169 0.536544
vt 1.116550 0.529695
vt 1.083620 0.527817
vt 1.039842 0.535155
vt 1.050809 0.535028
vt 1.032959 1.063341
vt 1.025754 1.068430
vt 1.016780 1.068430
vt 1.009385 1.063104
vt 1.006548 1.054405
vt 1.009408 1.045739
vt 1.016812 1.040427
vt 1.026063 1.040469
vt 1.033506 1.046125
vt 1.035966 1.055010
vt 1.008042 0.985020
vt 1.013633 0.977011
vt 1.023201 0.973574
vt 1.033032 0.976679
vt 1.038955 0.984985
vt 1.038882 0.995033
vt 1.032896 1.003123
vt 1.023255 1.006103
vt 1.013752 1.002831
vt 1.008042 0.994747
vt 0.552148 1.071394
vt 1.218759 0.501815
vt 1.149706 0.499826
vt 1.146948 0.489905
vt 1.218862 0.491490
vt 1.221194 0.471362
vt 1.149121 0.470075
vt 1.153777 0.460622
vt 1.223063 0.460898
vt 1.223371 0.439078
vt 1.161246 0.440291
vt 1.219217 0.512456
vt 1.153816 0.509607
vt 1.219797 0.481416
vt 1.146770 0.479881
vt 1.223850 0.450063
vt 1.158431 0.450833
vt 1.219909 0.523489
vt 1.157429 0.519849
vt 1.043286 0.494176
vt 1.040259 0.485642
vt 1.042112 0.468096
vt 1.046754 0.460043
vt 1.054142 0.443132
vt 1.054544 0.434133
vt 1.047475 0.502319
vt 1.039842 0.476743
vt 1.051369 0.451884
vt 1.050895 0.510755
vt 1.052045 0.425349
vt 1.325197 0.504509
vt 1.322620 0.515346
vt 1.330116 0.472075
vt 1.329531 0.482986
vt 1.324048 0.438831
vt 1.327093 0.449623
vt 1.320821 0.526351
vt 1.327670 0.493732
vt 1.329548 0.460802
vt 1.322209 0.417024
vt 1.322337 0.427990
vt 1.044941 1.066749
vt 1.039852 1.059545
vt 1.039852 1.050571
vt 1.045178 1.043176
vt 1.053877 1.040339
vt 1.062544 1.043199
vt 1.067855 1.050603
vt 1.067814 1.059853
vt 1.062158 1.067296
vt 1.053272 1.069757
vt 0.947078 0.397428
vt 0.941488 0.405438
vt 0.931920 0.408876
vt 0.922089 0.405770
vt 0.916166 0.397465
vt 0.916239 0.387416
vt 0.922225 0.379326
vt 0.931865 0.376346
vt 0.941368 0.379619
vt 0.947078 0.387701
vt 0.500000 0.500000
vt 0.757387 0.597317
vt 0.618652 0.762926
vt 0.402683 0.757387
vt 0.597317 0.242613
vt 0.762926 0.381347
vt 0.381347 0.237074
vt 0.242613 0.402683
vt 0.237074 0.618653
vt 0.000100 0.725594
vt 0.000100 0.310990
vt 0.999900 0.689010
vt 0.725594 0.999900
vt 0.274406 0.000100
vt 0.689010 0.000100
vt 0.999900 0.274406
vt 0.310990 0.999900
vt 0.500000 0.500000
vt 0.757387 0.597317
vt 0.618652 0.762926
vt 0.402683 0.757387
vt 0.597317 0.242613
vt 0.762926 0.381347
vt 0.381347 0.237074
vt 0.242613 0.402683
vt 0.237074 0.618653
vt 0.000100 0.725594
vt 0.000100 0.310990
vt 0.999900 0.689010
vt 0.725594 0.999900
vt 0.274406 0.000100
vt 0.689010 0.000100
vt 0.999900 0.274406
vt 0.310990 0.999900
vt 0.500000 0.500000
vt 0.757387 0.597317
vt 0.618652 0.762926
vt 0.402683 0.757387
vt 0.597317 0.242613
vt 0.762926 0.381347
vt 0.381347 0.237074
vt 0.242613 0.402683
vt 0.237074 0.618653
vt 0.000100 0.725594
vt 0.000100 0.310990
vt 0.999900 0.689010
vt 0.725594 0.999900
vt 0.274406 0.000100
vt 0.689010 0.000100
vt 0.999900 0.274406
vt 0.310990 0.999900
vt 0.500000 0.500000
vt 0.757387 0.597317
vt 0.618652 0.762926
vt 0.402683 0.757387
vt 0.597317 0.242613
vt 0.762926 0.381347
vt 0.381347 0.237074
vt 0.242613 0.402683
vt 0.237074 0.618653
vt 0.000100 0.725594
vt 0.000100 0.310990
vt 0.999900 0.689010
vt 0.725594 0.999900
vt 0.274406 0.000100
vt 0.689010 0.000100
vt 0.999900 0.274406
vt 0.310990 0.999900
vt 0.500000 0.500000
vt 0.757387 0.597317
vt 0.618652 0.762926
vt 0.402683 0.757387
vt 0.597317 0.242613
vt 0.762926 0.381347
vt 0.381347 0.237074
vt 0.242613 0.402683
vt 0.237074 0.618653
vt 0.000100 0.725594
vt 0.000100 0.310990
vt 0.999900 0.689010
vt 0.725594 0.999900
vt 0.274406 0.000100
vt 0.689010 0.000100
vt 0.999900 0.274406
vt 0.310990 0.999900
vt 0.500000 0.500000
vt 0.757387 0.597317
vt 0.618652 0.762926
vt 0.402683 0.757387
vt 0.597317 0.242613
vt 0.762926 0.381347
vt 0.381347 0.237074
vt 0.242613 0.402683
vt 0.237074 0.618653
vt 0.000100 0.725594
vt 0.000100 0.310990
vt 0.999900 0.689010
vt 0.725594 0.999900
vt 0.274406 0.000100
vt 0.689010 0.000100
vt 0.999900 0.274406
vt 0.310990 0.999900
vt 0.500000 0.500000
vt 0.757387 0.597317
vt 0.618652 0.762926
vt 0.402683 0.757387
vt 0.597317 0.242613
vt 0.762926 0.381347
vt 0.381347 0.237074
vt 0.242613 0.402683
vt 0.237074 0.618653
vt 0.000100 0.725594
vt 0.000100 0.310990
vt 0.999900 0.689010
vt 0.725594 0.999900
vt 0.274406 0.000100
vt 0.689010 0.000100
vt 0.999900 0.274406
vt 0.310990 0.999900
vt 0.500000 0.500000
vt 0.757387 0.597317
vt 0.618652 0.762926
vt 0.402683 0.757387
vt 0.597317 0.242613
vt 0.762926 0.381347
vt 0.381347 0.237074
vt 0.242613 0.402683
vt 0.237074 0.618653
vt 0.000100 0.725594
vt 0.000100 0.310990
vt 0.999900 0.689010
vt 0.725594 0.999900
vt 0.274406 0.000100
vt 0.689010 0.000100
vt 0.999900 0.274406
vt 0.310990 0.999900
vt 0.500000 0.500000
vt 0.757387 0.597317
vt 0.618652 0.762926
vt 0.402683 0.757387
vt 0.597317 0.242613
vt 0.762926 0.381347
vt 0.381347 0.237074
vt 0.242613 0.402683
vt 0.237074 0.618653
vt 0.000100 0.725594
vt 0.000100 0.310990
vt 0.999900 0.689010
vt 0.725594 0.999900
vt 0.274406 0.000100
vt 0.689010 0.000100
vt 0.999900 0.274406
vt 0.310990 0.999900
vt 0.500000 0.500000
vt 0.757387 0.597317
vt 0.618652 0.762926
vt 0.402683 0.757387
vt 0.597317 0.242613
vt 0.762926 0.381347
vt 0.381347 0.237074
vt 0.242613 0.402683
vt 0.237074 0.618653
vt 0.000100 0.725594
vt 0.000100 0.310990
vt 0.999900 0.689010
vt 0.725594 0.999900
vt 0.274406 0.000100
vt 0.689010 0.000100
vt 0.999900 0.274406
vt 0.310990 0.999900
vt 0.500000 0.500000
vt 0.757387 0.597317
vt 0.618652 0.762926
vt 0.402683 0.757387
vt 0.597317 0.242613
vt 0.762926 0.381347
vt 0.381347 0.237074
vt 0.242613 0.402683
vt 0.237074 0.618653
vt 0.000100 0.725594
vt 0.000100 0.310990
vt 0.999900 0.689010
vt 0.725594 0.999900
vt 0.274406 0.000100
vt 0.689010 0.000100
vt 0.999900 0.274406
vt 0.310990 0.999900
vt 0.500000 0.500000
vt 0.757387 0.597317
vt 0.618652 0.762926
vt 0.402683 0.757387
vt 0.597317 0.242613
vt 0.762926 0.381347
vt 0.381347 0.237074
vt 0.242613 0.402683
vt 0.237074 0.618653
vt 0.000100 0.725594
vt 0.000100 0.310990
vt 0.999900 0.689010
vt 0.725594 0.999900
vt 0.274406 0.000100
vt 0.689010 0.000100
vt 0.999900 0.274406
vt 0.310990 0.999900
vt 0.500000 0.500000
vt 0.757387 0.597317
vt 0.618652 0.762926
vt 0.402683 0.757387
vt 0.597317 0.242613
vt 0.762926 0.381347
vt 0.381347 0.237074
vt 0.242613 0.402683
vt 0.237074 0.618653
vt 0.000100 0.725594
vt 0.000100 0.310990
vt 0.999900 0.689010
vt 0.725594 0.999900
vt 0.274406 0.000100
vt 0.689010 0.000100
vt 0.999900 0.274406
vt 0.310990 0.999900
vt 0.500000 0.500000
vt 0.757387 0.597317
vt 0.618652 0.762926
vt 0.402683 0.757387
vt 0.597317 0.242613
vt 0.762926 0.381347
vt 0.381347 0.237074
vt 0.242613 0.402683
vt 0.237074 0.618653
vt 0.000100 0.725594
vt 0.000100 0.310990
vt 0.999900 0.689010
vt 0.725594 0.999900
vt 0.274406 0.000100
vt 0.689010 0.000100
vt 0.999900 0.274406
vt 0.310990 0.999900
vt 0.500000 0.500000
vt 0.757387 0.597317
vt 0.618652 0.762926
vt 0.402683 0.757387
vt 0.597317 0.242613
vt 0.762926 0.381347
vt 0.381347 0.237074
vt 0.242613 0.402683
vt 0.237074 0.618653
vt 0.000100 0.725594
vt 0.000100 0.310990
vt 0.999900 0.689010
vt 0.725594 0.999900
vt 0.274406 0.000100
vt 0.689010 0.000100
vt 0.999900 0.274406
vt 0.310990 0.999900
vt 0.500000 0.500000
vt 0.757387 0.597317
vt 0.618652 0.762926
vt 0.402683 0.757387
vt 0.597317 0.242613
vt 0.762926 0.381347
vt 0.381347 0.237074
vt 0.242613 0.402683
vt 0.237074 0.618653
vt 0.000100 0.725594
vt 0.000100 0.310990
vt 0.999900 0.689010
vt 0.725594 0.999900
vt 0.274406 0.000100
vt 0.689010 0.000100
vt 0.999900 0.274406
vt 0.310990 0.999900
vt 0.500000 0.500000
vt 0.757387 0.597317
vt 0.618652 0.762926
vt 0.402683 0.757387
vt 0.597317 0.242613
vt 0.762926 0.381347
vt 0.381347 0.237074
vt 0.242613 0.402683
vt 0.237074 0.618653
vt 0.000100 0.725594
vt 0.000100 0.310990
vt 0.999900 0.689010
vt 0.725594 0.999900
vt 0.274406 0.000100
vt 0.689010 0.000100
vt 0.999900 0.274406
vt 0.310990 0.999900
vt 0.500000 0.500000
vt 0.757387 0.597317
vt 0.618652 0.762926
vt 0.402683 0.757387
vt 0.597317 0.242613
vt 0.762926 0.381347
vt 0.381347 0.237074
vt 0.242613 0.402683
vt 0.237074 0.618653
vt 0.000100 0.725594
vt 0.000100 0.310990
vt 0.999900 0.689010
vt 0.725594 0.999900
vt 0.274406 0.000100
vt 0.689010 0.000100
vt 0.999900 0.274406
vt 0.310990 0.999900
vt 0.500000 0.500000
vt 0.757387 0.597317
vt 0.618652 0.762926
vt 0.402683 0.757387
vt 0.597317 0.242613
vt 0.762926 0.381347
vt 0.381347 0.237074
vt 0.242613 0.402683
vt 0.237074 0.618653
vt 0.000100 0.725594
vt 0.000100 0.310990
vt 0.999900 0.689010
vt 0.725594 0.999900
vt 0.274406 0.000100
vt 0.689010 0.000100
vt 0.999900 0.274406
vt 0.310990 0.999900
vt 0.500000 0.500000
vt 0.757387 0.597317
vt 0.618652 0.762926
vt 0.402683 0.757387
vt 0.597317 0.242613
vt 0.762926 0.381347
vt 0.381347 0.237074
vt 0.242613 0.402683
vt 0.237074 0.618653
vt 0.000100 0.725594
vt 0.000100 0.310990
vt 0.999900 0.689010
vt 0.725594 0.999900
vt 0.274406 0.000100
vt 0.689010 0.000100
vt 0.999900 0.274406
vt 0.310990 0.999900
vt 0.500000 0.500000
vt 0.757387 0.597317
vt 0.618652 0.762926
vt 0.402683 0.757387
vt 0.597317 0.242613
vt 0.762926 0.381347
vt 0.381347 0.237074
vt 0.242613 0.402683
vt 0.237074 0.618653
vt 0.000100 0.725594
vt 0.000100 0.310990
vt 0.999900 0.689010
vt 0.725594 0.999900
vt 0.274406 0.000100
vt 0.689010 0.000100
vt 0.999900 0.274406
vt 0.310990 0.999900
vt 0.500000 0.500000
vt 0.757387 0.597317
vt 0.618652 0.762926
vt 0.402683 0.757387
vt 0.597317 0.242613
vt 0.762926 0.381347
vt 0.381347 0.237074
vt 0.242613 0.402683
vt 0.237074 0.618653
vt 0.000100 0.725594
vt 0.000100 0.310990
vt 0.999900 0.689010
vt 0.725594 0.999900
vt 0.274406 0.000100
vt 0.689010 0.000100
vt 0.999900 0.274406
vt 0.310990 0.999900
vt 0.500000 0.500000
vt 0.757387 0.597317
vt 0.618652 0.762926
vt 0.402683 0.757387
vt 0.597317 0.242613
vt 0.762926 0.381347
vt 0.381347 0.237074
vt 0.242613 0.402683
vt 0.237074 0.618653
vt 0.000100 0.725594
vt 0.000100 0.310990
vt 0.999900 0.689010
vt 0.725594 0.999900
vt 0.274406 0.000100
vt 0.689010 0.000100
vt 0.999900 0.274406
vt 0.310990 0.999900
vt 0.500000 0.500000
vt 0.757387 0.597317
vt 0.618652 0.762926
vt 0.402683 0.757387
vt 0.597317 0.242613
vt 0.762926 0.381347
vt 0.381347 0.237074
vt 0.242613 0.402683
vt 0.237074 0.618653
vt 0.000100 0.725594
vt 0.000100 0.310990
vt 0.999900 0.689010
vt 0.725594 0.999900
vt 0.274406 0.000100
vt 0.689010 0.000100
vt 0.999900 0.274406
vt 0.310990 0.999900
vt 0.500000 0.500000
vt 0.757387 0.597317
vt 0.618652 0.762926
vt 0.402683 0.757387
vt 0.597317 0.242613
vt 0.762926 0.381347
vt 0.381347 0.237074
vt 0.242613 0.402683
vt 0.237074 0.618653
vt 0.000100 0.725594
vt 0.000100 0.310990
vt 0.999900 0.689010
vt 0.725594 0.999900
vt 0.274406 0.000100
vt 0.689010 0.000100
vt 0.999900 0.274406
vt 0.310990 0.999900
vt 0.500000 0.500000
vt 0.757387 0.597317
vt 0.618652 0.762926
vt 0.402683 0.757387
vt 0.597317 0.242613
vt 0.762926 0.381347
vt 0.381347 0.237074
vt 0.242613 0.402683
vt 0.237074 0.618653
vt 0.000100 0.725594
vt 0.000100 0.310990
vt 0.999900 0.689010
vt 0.725594 0.999900
vt 0.274406 0.000100
vt 0.689010 0.000100
vt 0.999900 0.274406
vt 0.310990 0.999900
vt 0.500000 0.500000
vt 0.757387 0.597317
vt 0.618652 0.762926
vt 0.402683 0.757387
vt 0.597317 0.242613
vt 0.762926 0.381347
vt 0.381347 0.237074
vt 0.242613 0.402683
vt 0.237074 0.618653
vt 0.000100 0.725594
vt 0.000100 0.310990
vt 0.999900 0.689010
vt 0.725594 0.999900
vt 0.274406 0.000100
vt 0.689010 0.000100
vt 0.999900 0.274406
vt 0.310990 0.999900
vt 0.500000 0.500000
vt 0.757387 0.597317
vt 0.618652 0.762926
vt 0.402683 0.757387
vt 0.597317 0.242613
vt 0.762926 0.381347
vt 0.381347 0.237074
vt 0.242613 0.402683
vt 0.237074 0.618653
vt 0.000100 0.725594
vt 0.000100 0.310990
vt 0.999900 0.689010
vt 0.725594 0.999900
vt 0.274406 0.000100
vt 0.689010 0.000100
vt 0.999900 0.274406
vt 0.310990 0.999900
vn 0.8979 0.0354 -0.4388
vn 0.4397 0.0447 -0.8970
vn 0.4621 -0.0541 -0.8852
vn 0.9154 0.0176 -0.4021
vn -0.6586 0.0421 -0.7513
vn -0.9688 0.0170 -0.2474
vn -0.9813 -0.0418 -0.1880
vn -0.6879 -0.0765 -0.7217
vn -0.4222 -0.0077 0.9065
vn 0.1711 0.0115 0.9852
vn 0.1584 0.1709 0.9725
vn -0.4186 0.1149 0.9009
vn 0.9776 0.0300 0.2084
vn 0.9668 0.1053 0.2326
vn -0.1522 0.0502 -0.9871
vn -0.1610 -0.0831 -0.9834
vn -0.9047 -0.0087 0.4259
vn -0.8847 0.0239 0.4655
vn 0.6775 0.0250 0.7351
vn 0.6619 0.1672 0.7307
vn -0.4120 0.3970 0.8201
vn -0.8218 0.4016 0.4041
vn 0.7676 -0.4060 -0.4960
vn 0.9281 -0.3265 0.1790
vn -0.6978 0.2462 -0.6726
vn -0.2438 0.0435 -0.9689
vn 0.6345 0.0056 0.7729
vn 0.2911 -0.2406 -0.9260
vn -0.9236 0.3457 -0.1659
vn 0.1242 0.2751 0.9534
vn 0.4803 -0.6524 0.5863
vn 0.5480 -0.8362 0.0203
vn 0.4645 -0.7151 -0.5224
vn 0.2247 -0.2990 -0.9274
vn 0.5998 -0.7929 0.1076
vn 0.6228 -0.6280 -0.4667
vn 0.7910 -0.4531 -0.4112
vn 0.7861 -0.5937 0.1720
vn -0.1396 0.2810 -0.9495
vn -0.4206 0.7160 -0.5572
vn -0.2966 0.7291 -0.6168
vn -0.0127 0.2593 -0.9657
vn 0.0799 0.3065 -0.9485
vn -0.2783 0.7111 -0.6457
vn -0.3989 0.6056 -0.6885
vn 0.0677 0.2845 -0.9563
vn -0.5331 0.7035 0.4700
vn -0.3392 0.2918 0.8943
vn -0.3869 0.2130 0.8972
vn -0.6814 0.5645 0.4660
vn 0.3783 -0.6592 0.6499
vn 0.5145 -0.5062 0.6921
vn -0.5076 0.8547 -0.1087
vn -0.6879 0.7119 -0.1414
vn 0.0172 -0.2473 0.9688
vn 0.0691 -0.2082 0.9756
vn 0.4284 -0.2123 -0.8783
vn 0.5194 -0.1222 -0.8458
vn 0.7095 0.1526 0.6879
vn 0.9772 0.1227 0.1734
vn 0.9504 0.2414 0.1963
vn 0.6999 0.2440 0.6713
vn -0.2361 0.4293 0.8718
vn 0.1447 -0.1031 0.9841
vn -0.0029 -0.3046 0.9525
vn -0.2942 0.2727 0.9160
vn 0.4450 -0.7498 -0.4897
vn 0.4410 -0.8965 0.0411
vn -0.4585 0.7556 0.4678
vn -0.4557 0.7281 0.5120
vn 0.2934 -0.7603 0.5795
vn 0.2818 -0.3177 -0.9053
vn -0.5141 0.8572 -0.0318
vn -0.4511 0.8907 -0.0564
vn -0.9823 0.0036 -0.1873
vn -0.9070 0.0543 0.4177
vn -0.8901 0.0084 0.4558
vn -0.9871 -0.0376 -0.1559
vn -0.9414 0.2885 -0.1747
vn -0.6411 0.2130 -0.7373
vn 0.1760 0.1580 0.9716
vn 0.1995 0.1998 0.9593
vn 0.9077 0.0811 -0.4118
vn 0.4940 0.0378 -0.8686
vn 0.5519 0.1376 -0.8225
vn 0.9154 0.2037 -0.3473
vn -0.1286 0.0043 -0.9917
vn -0.0841 0.0545 -0.9950
vn -0.4607 0.1211 0.8793
vn -0.4272 0.1070 0.8978
vn -0.6938 -0.0106 -0.7201
vn -0.6951 -0.0161 -0.7188
vn -0.4278 0.8618 -0.2725
vn -0.4311 0.1232 0.8939
vn -0.8554 0.2592 0.4484
vn 0.9474 -0.2469 0.2039
vn 0.6674 -0.1961 0.7184
vn -0.0650 0.0674 -0.9956
vn 0.5243 -0.0900 -0.8468
vn 0.1522 -0.0612 0.9865
vn 0.8992 -0.2064 -0.3859
vn -0.4805 0.8758 -0.0457
vn 0.0716 0.9457 0.3171
vn 0.1284 0.9198 0.3707
vn -0.4974 0.8637 0.0814
vn -0.0375 0.4786 -0.8772
vn 0.1036 0.4134 -0.9047
vn 0.2883 0.8208 -0.4931
vn 0.1739 0.8758 -0.4503
vn -0.8313 -0.0568 -0.5529
vn -0.7919 0.4918 -0.3619
vn -0.6375 0.4958 -0.5897
vn -0.6523 0.1235 -0.7478
vn -0.5406 -0.6433 -0.5421
vn -0.5139 -0.6928 -0.5060
vn 0.5488 -0.8357 0.0187
vn 0.0195 -0.9545 -0.2976
vn 0.1296 -0.9363 -0.3263
vn 0.6494 -0.7592 -0.0442
vn 0.8405 -0.4566 0.2917
vn 0.9009 -0.3850 0.2003
vn 0.8768 0.0484 0.4784
vn 0.9207 0.0750 0.3831
vn 0.6162 0.5913 0.5202
vn 0.6780 0.5662 0.4687
vn 0.4182 -0.8962 0.1479
vn -0.0397 -0.9655 -0.2573
vn 0.7034 -0.5403 0.4618
vn -0.5220 -0.6091 -0.5971
vn 0.5791 0.5800 0.5729
vn 0.7790 -0.0087 0.6269
vn 0.1105 0.9582 0.2638
vn -0.3830 0.9117 -0.1487
vn -0.7533 0.0077 -0.6577
vn -0.6836 0.5520 -0.4775
vn 0.5341 0.5882 0.6073
vn 0.7025 0.0033 0.7117
vn 0.1443 0.9570 0.2517
vn 0.6201 -0.5516 0.5579
vn -0.6038 0.5658 -0.5615
vn -0.2953 0.9344 -0.1995
vn -0.6890 -0.0144 -0.7247
vn -0.4910 -0.6237 -0.6082
vn 0.3350 -0.9184 0.2107
vn -0.0850 -0.9684 -0.2345
vn -0.8092 -0.0422 -0.5860
vn -0.7533 0.5185 -0.4045
vn -0.4275 0.8996 -0.0887
vn 0.0546 0.9655 0.2545
vn -0.0908 -0.9197 -0.3819
vn -0.5697 -0.5886 -0.5736
vn 0.4438 -0.8954 -0.0351
vn 0.8112 -0.4866 0.3244
vn 0.5348 0.6847 0.4952
vn 0.8359 0.1328 0.5326
vn -0.5855 -0.6299 -0.5103
vn -0.9131 -0.1256 -0.3879
vn 0.9505 0.1671 0.2618
vn 0.9213 -0.3888 0.0056
vn 0.6072 0.6898 0.3944
vn 0.0176 0.9428 0.3328
vn 0.5555 -0.7863 -0.2705
vn -0.8943 0.4202 -0.1538
vn -0.5532 0.8250 0.1157
vn -0.0225 -0.8837 -0.4675
vn 0.5177 0.6817 -0.5170
vn -0.0872 0.8151 -0.5728
vn -0.0950 0.8624 -0.4972
vn 0.4707 0.8240 -0.3153
vn -0.9754 0.2205 0.0059
vn -0.8862 -0.2468 0.3922
vn -0.8930 -0.4392 0.0985
vn -0.9592 0.1008 -0.2643
vn 0.1393 -0.7238 0.6758
vn 0.6946 -0.5471 0.4671
vn 0.7026 -0.4888 0.5171
vn 0.1735 -0.7901 0.5880
vn 0.9115 0.3195 -0.2589
vn 0.8666 0.4987 -0.0175
vn -0.6738 0.6378 -0.3731
vn -0.6394 0.5965 -0.4851
vn -0.4666 -0.6037 0.6465
vn -0.4446 -0.7852 0.4312
vn 0.9839 -0.1426 0.1076
vn 0.9557 0.0035 0.2942
vn -0.7936 -0.5890 -0.1525
vn -0.8988 -0.0883 -0.4294
vn 0.6386 -0.5025 0.5829
vn 0.1168 -0.8746 0.4706
vn 0.3846 0.9044 -0.1846
vn 0.7801 0.6057 0.1566
vn -0.6804 0.4747 -0.5584
vn -0.4251 -0.8867 0.1819
vn 0.8899 0.0830 0.4485
vn -0.1788 0.8673 -0.4646
vn 0.6646 -0.4957 0.5591
vn 0.0818 -0.8596 0.5043
vn 0.4493 0.8574 -0.2509
vn 0.8267 0.5594 0.0600
vn -0.9431 -0.0670 -0.3256
vn -0.7117 0.4820 -0.5110
vn -0.4815 -0.8376 0.2579
vn 0.9291 0.0777 0.3616
vn -0.1510 0.8606 -0.4863
vn -0.8396 -0.5415 -0.0432
vn 0.5052 0.7827 -0.3635
vn 0.8875 0.4568 -0.0601
vn -0.9832 0.0401 -0.1779
vn -0.7285 0.5119 -0.4553
vn 0.0401 -0.8304 0.5557
vn -0.5589 -0.7280 0.3971
vn 0.9649 -0.0222 0.2618
vn -0.1327 0.8293 -0.5428
vn -0.9084 -0.3980 0.1283
vn 0.6624 -0.5454 0.5136
vn -0.9916 0.0966 -0.0859
vn -0.7706 0.5099 -0.3823
vn -0.0533 -0.7905 0.6102
vn -0.6294 -0.6245 0.4625
vn 0.8183 0.5417 0.1923
vn 0.8690 0.2258 0.4403
vn -0.2052 0.7982 -0.5663
vn -0.9317 -0.2973 0.2085
vn 0.6230 -0.5985 0.5037
vn 0.4783 0.7353 -0.4802
vn 0.3484 0.6830 0.6420
vn 0.2219 0.6473 0.7293
vn -0.0719 0.9532 0.2938
vn 0.0239 0.9787 0.2038
vn -0.5101 0.4403 -0.7389
vn -0.4498 0.4567 -0.7676
vn -0.3607 -0.1201 -0.9249
vn -0.5005 -0.1507 -0.8525
vn -0.0421 -0.9657 -0.2561
vn 0.0938 -0.9292 -0.3576
vn 0.3403 -0.9105 0.2348
vn 0.2784 -0.9195 0.2775
vn 0.5331 0.1295 0.8361
vn 0.4228 0.1125 0.8992
vn -0.3138 0.8890 -0.3334
vn -0.3450 0.8923 -0.2911
vn -0.3260 -0.6675 -0.6694
vn -0.1606 -0.6182 -0.7694
vn 0.5099 -0.4915 0.7060
vn 0.4718 -0.4909 0.7324
vn -0.4094 0.3856 -0.8269
vn -0.2935 -0.1437 -0.9451
vn 0.1178 -0.8816 -0.4570
vn 0.3510 -0.9296 0.1127
vn 0.6795 0.2910 0.6735
vn 0.5182 0.6450 0.5617
vn -0.3700 0.8550 -0.3634
vn -0.1068 -0.5812 -0.8067
vn 0.4642 -0.5438 0.6992
vn -0.1417 0.9487 0.2828
vn -0.5472 0.4192 -0.7245
vn -0.3016 0.8800 -0.3668
vn -0.1051 -0.9780 -0.1803
vn -0.4111 -0.6981 -0.5862
vn 0.5906 0.1013 0.8006
vn 0.5191 -0.5212 0.6774
vn 0.0734 0.9862 0.1484
vn -0.5790 -0.1819 -0.7948
vn 0.2469 -0.9224 0.2971
vn 0.4180 0.6838 0.5981
vn 0.8664 0.4801 0.1371
vn 0.4620 0.6193 0.6349
vn 0.3136 0.6156 0.7230
vn 0.2502 0.6423 0.7245
vn 0.0392 0.1416 0.9891
vn 0.1888 0.0850 0.9783
vn -0.1710 -0.8488 0.5003
vn -0.3252 -0.7782 0.5372
vn -0.3728 -0.9239 -0.0861
vn -0.3026 -0.9477 -0.1018
vn -0.2276 -0.0991 -0.9687
vn -0.1065 -0.1386 -0.9846
vn 0.3147 0.9334 0.1722
vn 0.3575 0.9228 0.1435
vn 0.0102 -0.4548 0.8905
vn -0.1696 -0.3712 0.9129
vn -0.3305 -0.6549 -0.6796
vn -0.2865 -0.6637 -0.6910
vn 0.1842 0.5935 0.7834
vn -0.0335 0.1278 0.9912
vn -0.3718 -0.7026 0.6067
vn -0.4230 -0.9058 0.0258
vn -0.3933 0.1091 -0.9129
vn -0.2273 0.4731 -0.8512
vn 0.3537 0.9074 0.2271
vn -0.2266 -0.3226 0.9190
vn -0.2967 -0.7048 -0.6444
vn 0.3500 0.8168 -0.4587
vn 0.3501 0.5897 0.7278
vn 0.2916 0.9352 0.2008
vn -0.0901 -0.8855 0.4559
vn 0.1116 -0.5120 0.8517
vn -0.2964 -0.1131 -0.9483
vn -0.3520 -0.6745 -0.6490
vn 0.1113 0.9013 -0.4187
vn 0.2763 0.0349 0.9604
vn -0.2673 -0.9575 -0.1082
vn -0.1164 0.4952 -0.8609
vn -0.7082 0.4553 -0.5396
vn -0.1554 0.4247 -0.8919
vn -0.5874 -0.8014 -0.1127
vn -0.6062 -0.6402 0.4718
vn -0.7653 -0.4855 0.4226
vn -0.7620 -0.6268 -0.1627
vn -0.0124 0.2710 0.9625
vn 0.1959 0.7648 0.6138
vn 0.2568 0.7176 0.6474
vn -0.0174 0.2389 0.9709
vn -0.0528 0.2690 0.9617
vn 0.3066 0.6751 0.6710
vn 0.4324 0.5716 0.6973
vn -0.0339 0.2524 0.9670
vn 0.5694 0.6838 -0.4563
vn 0.3732 0.2736 -0.8865
vn 0.4242 0.1786 -0.8878
vn 0.7162 0.5315 -0.4524
vn -0.3559 -0.6634 -0.6582
vn -0.4890 -0.5410 -0.6842
vn 0.5406 0.8307 0.1325
vn 0.7201 0.6768 0.1528
vn 0.0140 -0.2557 -0.9667
vn -0.0384 -0.2451 -0.9687
vn -0.4025 -0.2347 0.8848
vn -0.4896 -0.1542 0.8582
vn -0.7088 0.1810 -0.6818
vn -0.9738 0.1479 -0.1728
vn -0.9383 0.2961 -0.1788
vn -0.6891 0.3034 -0.6581
vn 0.1686 0.3024 -0.9381
vn -0.0520 -0.3083 -0.9499
vn -0.0189 -0.2800 -0.9598
vn 0.2556 0.3021 -0.9184
vn -0.3590 -0.9329 0.0306
vn -0.3374 -0.7466 0.5733
vn -0.4345 -0.7415 0.5113
vn -0.4374 -0.8979 -0.0500
vn 0.3073 0.7742 -0.5534
vn 0.4239 0.7471 -0.5121
vn -0.2584 -0.7884 -0.5583
vn -0.2855 -0.7379 -0.6115
vn -0.2125 -0.3060 0.9280
vn -0.2800 -0.3244 0.9035
vn 0.3174 0.9478 0.0299
vn 0.4227 0.9029 0.0777
vn 0.9825 -0.0690 0.1728
vn 0.9030 0.0106 -0.4295
vn 0.8899 -0.0778 -0.4495
vn 0.9752 -0.1695 0.1423
vn 0.9414 0.2885 0.1747
vn 0.6411 0.2130 0.7373
vn -0.1823 0.1785 -0.9669
vn -0.1851 0.2345 -0.9543
vn -0.9089 0.0937 0.4064
vn -0.5027 0.0264 0.8641
vn -0.5373 0.1038 0.8370
vn -0.9029 0.2280 0.3644
vn 0.1234 -0.0431 0.9914
vn 0.1042 -0.0508 0.9933
vn 0.4522 0.1159 -0.8843
vn 0.4439 0.0853 -0.8920
vn 0.6970 -0.0861 0.7118
vn 0.7009 -0.1603 0.6950
vn 0.4278 0.8618 0.2725
vn 0.4311 0.1232 -0.8939
vn 0.8554 0.2592 -0.4484
vn -0.9474 -0.2469 -0.2039
vn -0.6674 -0.1961 -0.7184
vn 0.0650 0.0674 0.9956
vn -0.5243 -0.0900 0.8468
vn -0.1522 -0.0612 -0.9865
vn -0.8992 -0.2064 0.3859
vn 0.5021 0.5704 -0.6500
vn -0.1475 0.7004 -0.6983
vn -0.2271 0.6797 -0.6974
vn 0.4406 0.5049 -0.7423
vn 0.5888 0.7252 0.3570
vn 0.4844 0.7347 0.4749
vn 0.1366 0.9895 0.0464
vn 0.2096 0.9756 -0.0651
vn 0.9870 -0.1525 0.0518
vn 0.8990 0.2504 -0.3593
vn 0.9074 0.4002 -0.1286
vn 0.9740 0.1423 0.1762
vn 0.6873 -0.5387 0.4873
vn 0.6397 -0.5839 0.4998
vn -0.5376 -0.5003 0.6788
vn 0.0618 -0.6805 0.7301
vn -0.0085 -0.6122 0.7906
vn -0.5744 -0.3733 0.7285
vn -0.8938 -0.1752 0.4128
vn -0.8822 -0.0569 0.4674
vn -0.9811 0.1915 0.0266
vn -0.9584 0.2672 0.1005
vn -0.7408 0.5323 -0.4098
vn -0.7632 0.5546 -0.3317
vn -0.5134 -0.6506 0.5596
vn 0.0850 -0.7279 0.6804
vn -0.8906 -0.3632 0.2737
vn 0.7077 -0.4817 0.5169
vn -0.7427 0.4883 -0.4582
vn -0.9944 0.0490 -0.0935
vn -0.1467 0.7462 -0.6493
vn 0.4870 0.6774 -0.5514
vn 0.9914 -0.0282 0.1277
vn 0.8849 0.3866 -0.2598
vn -0.7255 0.4648 -0.5075
vn -0.9808 -0.0027 -0.1951
vn -0.1670 0.7628 -0.6247
vn -0.8804 -0.4415 0.1732
vn 0.8708 0.4610 -0.1709
vn 0.4480 0.7494 -0.4875
vn 0.9763 0.0035 0.2164
vn 0.6877 -0.4779 0.5465
vn -0.4850 -0.7251 0.4888
vn 0.1080 -0.7563 0.6452
vn 0.9713 -0.0739 0.2260
vn 0.9024 0.4091 -0.1353
vn 0.5007 0.7510 -0.4304
vn -0.0981 0.8244 -0.5575
vn 0.1068 -0.7702 0.6288
vn 0.6701 -0.5292 0.5205
vn -0.4901 -0.7109 0.5045
vn -0.9016 -0.3811 0.2046
vn -0.6742 0.5793 -0.4581
vn -0.9808 0.1077 -0.1629
vn 0.5845 -0.6366 0.5032
vn 0.9526 -0.2200 0.2102
vn -0.9798 0.1948 -0.0453
vn -0.9095 -0.2960 0.2917
vn -0.6768 0.6412 -0.3617
vn -0.0944 0.8492 -0.5196
vn -0.5277 -0.6601 0.5346
vn 0.9378 0.3083 -0.1593
vn 0.5319 0.7217 -0.4430
vn 0.0270 -0.7886 0.6143
vn 0.3373 -0.4201 0.8425
vn 0.3864 -0.8393 0.3824
vn 0.4350 -0.8209 0.3699
vn 0.3887 -0.4418 0.8086
vn 0.0839 -0.6423 -0.7619
vn -0.1486 -0.1099 -0.9828
vn -0.1570 -0.1574 -0.9750
vn 0.1228 -0.6854 -0.7177
vn -0.3497 0.8432 -0.4082
vn -0.2636 0.9513 0.1599
vn -0.3116 0.9230 0.2258
vn -0.4203 0.8332 -0.3592
vn 0.1619 0.1846 0.9694
vn 0.2014 0.1236 0.9717
vn 0.2934 -0.9277 -0.2307
vn 0.3423 -0.9193 -0.1941
vn -0.3099 0.4509 -0.8371
vn -0.3702 0.4379 -0.8193
vn -0.0716 0.7159 0.6945
vn -0.0729 0.6609 0.7469
vn -0.1914 -0.1478 -0.9703
vn 0.1726 -0.6755 -0.7169
vn -0.4084 0.8858 0.2204
vn -0.5231 0.7852 -0.3315
vn 0.4917 -0.4148 0.7656
vn 0.2565 0.1303 0.9577
vn 0.4394 -0.8758 -0.1999
vn -0.4566 0.4276 -0.7801
vn -0.1087 0.6588 0.7444
vn 0.5457 -0.7690 0.3329
vn -0.5317 0.8109 0.2446
vn -0.6580 0.6842 -0.3144
vn 0.6294 -0.2980 0.7177
vn 0.3086 0.1640 0.9369
vn 0.2406 -0.6507 -0.7202
vn 0.5999 -0.7696 -0.2190
vn -0.5592 0.3257 -0.7624
vn -0.1626 0.6240 0.7643
vn 0.7243 -0.6223 0.2969
vn -0.2245 -0.2039 -0.9529
vn 0.7015 -0.2296 0.6747
vn 0.3874 0.1639 0.9072
vn 0.3506 -0.6312 -0.6919
vn 0.7065 -0.6817 -0.1899
vn -0.4328 0.7924 -0.4299
vn -0.3443 0.5629 -0.7514
vn -0.1266 0.5683 0.8130
vn 0.8048 -0.5197 0.2866
vn -0.2071 -0.2673 -0.9411
vn -0.5923 0.7353 0.3295
vn 0.7498 0.4887 -0.4461
vn 0.8280 0.3519 -0.4365
vn 0.8550 0.4953 0.1537
vn 0.7792 0.6054 0.1624
vn -0.0028 0.1828 0.9831
vn -0.0320 0.2435 0.9694
vn -0.5525 -0.0320 0.8329
vn -0.4758 -0.1695 0.8631
vn -0.7980 -0.5925 -0.1102
vn -0.8883 -0.4444 -0.1159
vn -0.5790 -0.4524 -0.6783
vn -0.5350 -0.5136 -0.6708
vn 0.4391 0.1825 -0.8797
vn 0.5085 0.0768 -0.8577
vn 0.4910 0.4870 0.7223
vn 0.5319 0.4548 0.7143
vn -0.7653 -0.4546 0.4557
vn -0.8567 -0.2786 0.4341
vn -0.0528 -0.2068 -0.9770
vn -0.0216 -0.2403 -0.9705
vn -0.1328 0.2419 0.9612
vn -0.6055 0.0040 0.7958
vn -0.9297 -0.3652 -0.0472
vn -0.6750 -0.4194 -0.6070
vn 0.3890 0.4403 -0.8092
vn 0.6112 0.6031 -0.5126
vn 0.4689 0.4358 0.7683
vn -0.8755 -0.2059 0.4373
vn -0.0759 -0.2704 -0.9598
vn 0.8699 0.4487 0.2048
vn 0.0058 0.1391 0.9903
vn 0.4589 0.4998 0.7346
vn -0.7343 -0.6670 -0.1260
vn -0.7011 -0.5586 0.4431
vn 0.3766 0.2137 -0.9014
vn -0.0946 -0.2114 -0.9728
vn 0.7304 0.6612 0.1711
vn -0.4309 -0.2615 0.8637
vn -0.5129 -0.5430 -0.6649
vn 0.6968 0.5499 -0.4604
vn 0.0997 0.8617 -0.4975
vn 0.1311 0.8439 -0.5203
vn -0.6121 0.3593 -0.7044
vn -0.5592 0.3570 -0.7483
vn -0.5931 -0.2462 -0.7665
vn -0.7132 -0.2325 -0.6612
vn -0.2382 -0.9711 0.0162
vn -0.1282 -0.9848 -0.1173
vn 0.2584 -0.8858 0.3855
vn 0.2084 -0.8730 0.4410
vn 0.7375 0.2022 0.6444
vn 0.6451 0.2213 0.7314
vn -0.2606 0.8386 -0.4784
vn -0.2795 0.8570 -0.4329
vn -0.5721 -0.7207 -0.3915
vn -0.4316 -0.7277 -0.5331
vn 0.5966 -0.4154 0.6867
vn 0.5668 -0.4016 0.7193
vn -0.5451 0.2681 -0.7943
vn -0.5370 -0.2864 -0.7935
vn -0.1234 -0.9657 -0.2283
vn 0.2355 -0.9328 0.2729
vn 0.8596 0.2925 0.4188
vn 0.7262 0.6382 0.2557
vn -0.3267 0.8104 -0.4863
vn -0.3843 -0.7109 -0.5890
vn 0.5438 -0.4580 0.7032
vn 0.0664 0.9965 0.0517
vn -0.6470 0.3495 -0.6777
vn -0.2584 0.8203 -0.5102
vn -0.2814 -0.9539 0.1040
vn -0.6371 -0.7152 -0.2875
vn 0.7798 0.1563 0.6062
vn 0.5941 -0.4519 0.6654
vn 0.2442 0.9610 -0.1296
vn -0.7784 -0.2344 -0.5824
vn 0.1827 -0.8653 0.4667
vn 0.6447 0.7028 0.3009
vn 0.9312 0.3198 -0.1749
vn 0.6871 0.6405 0.3431
vn -0.0776 0.9970 0.0052
vn 0.3889 0.9076 -0.1581
vn 0.1519 0.8766 -0.4567
vn -0.2302 0.8610 -0.4536
vn 0.0946 0.8815 0.4627
vn 0.3932 0.8918 0.2240
vn -0.2853 0.8377 0.4656
vn -0.5245 0.8348 0.1672
vn -0.5266 0.8225 -0.2150
vn -0.6457 0.7119 -0.2761
vn -0.6803 0.6973 0.2256
vn 0.5641 0.7965 -0.2177
vn 0.2202 0.7809 -0.5846
vn -0.3378 0.7313 0.5925
vn 0.1631 0.7609 0.6281
vn 0.5280 0.8003 0.2840
vn -0.2794 0.7330 -0.6203
vn -0.2156 0.7656 -0.6061
vn -0.5902 0.4388 -0.6776
vn -0.6716 0.6444 -0.3656
vn -0.4412 0.8807 -0.1724
vn 0.0645 0.4574 -0.8869
vn -0.2960 0.3300 -0.8964
vn 0.3010 0.6720 -0.6766
vn 0.2135 0.8993 -0.3817
vn -0.0747 0.9865 -0.1458
vn -0.0222 0.9996 0.0193
vn 0.3860 0.8873 -0.2525
vn -0.7089 0.2599 -0.6556
vn -0.7841 0.5630 -0.2612
vn 0.4571 0.5983 -0.6581
vn 0.1830 0.2852 -0.9408
vn -0.3047 0.1617 -0.9386
vn -0.5059 0.8619 0.0327
vn 0.4439 0.8719 -0.2068
vn 0.0218 0.8775 -0.4791
vn -0.0658 0.9901 -0.1242
vn 0.1517 0.9700 0.1897
vn 0.6241 0.5538 -0.5512
vn 0.2851 0.6809 -0.6746
vn 0.8290 0.5091 -0.2314
vn 0.7540 0.6463 0.1176
vn 0.4781 0.8183 0.3190
vn 0.4598 0.7490 0.4772
vn 0.8313 0.4957 0.2515
vn -0.1662 0.8107 -0.5614
vn -0.2343 0.9681 -0.0884
vn 0.9076 0.3543 -0.2253
vn 0.6543 0.3696 -0.6597
vn 0.2135 0.5735 -0.7909
vn 0.0108 0.9368 0.3498
vn -0.0972 0.9936 0.0578
vn -0.4877 0.8447 -0.2207
vn -0.5819 0.7998 0.1472
vn -0.3531 0.8186 0.4530
vn 0.1833 0.9179 -0.3519
vn -0.1835 0.8736 -0.4507
vn 0.4148 0.9086 -0.0477
vn 0.3178 0.8918 0.3218
vn 0.0164 0.8349 0.5502
vn 0.0539 0.7288 0.6826
vn 0.4759 0.7765 0.4129
vn -0.6215 0.7122 -0.3263
vn -0.7097 0.6841 0.1682
vn 0.5624 0.8230 -0.0805
vn 0.2926 0.8120 -0.5050
vn -0.2013 0.7782 -0.5948
vn -0.4382 0.6767 0.5917
vn 0.0595 0.7329 -0.6778
vn -0.0380 0.3200 -0.9467
vn -0.3699 0.4530 -0.8111
vn -0.4249 0.7225 -0.5454
vn 0.5289 0.5583 -0.6392
vn 0.3385 0.3311 -0.8808
vn 0.4723 0.8071 -0.3543
vn 0.1420 0.9609 -0.2379
vn -0.2362 0.9291 -0.2846
vn -0.3216 0.9374 -0.1336
vn 0.1672 0.9856 -0.0250
vn -0.0780 0.1125 -0.9906
vn -0.4923 0.3299 -0.8055
vn 0.5826 0.7817 -0.2225
vn 0.6943 0.4372 -0.5717
vn 0.4119 0.1742 -0.8944
vn -0.6051 0.6609 -0.4439
vn 0.1975 0.9528 0.2307
vn 0.0902 0.9614 -0.2599
vn -0.2401 0.9684 -0.0673
vn -0.2969 0.9047 0.3055
vn 0.6420 0.7605 0.0977
vn 0.4573 0.8613 -0.2216
vn 0.5797 0.6699 0.4640
vn 0.2549 0.7038 0.6631
vn -0.1177 0.7770 0.6184
vn -0.2172 0.6688 0.7110
vn 0.2602 0.5383 0.8016
vn 0.0357 0.8893 -0.4559
vn -0.3733 0.9131 -0.1640
vn 0.6729 0.5321 0.5140
vn 0.7875 0.6155 0.0313
vn 0.5167 0.7763 -0.3610
vn -0.4916 0.8121 0.3144
vn -0.3425 0.9386 -0.0419
vn -0.4217 0.7547 -0.5026
vn -0.7122 0.6436 -0.2802
vn -0.7394 0.6657 0.1006
vn 0.1408 0.9746 -0.1739
vn -0.0585 0.8730 -0.4841
vn 0.1233 0.9703 0.2081
vn -0.1769 0.8857 0.4293
vn -0.5304 0.7409 0.4120
vn -0.5609 0.6275 0.5400
vn -0.0899 0.7924 0.6034
vn -0.4233 0.6140 -0.6662
vn -0.7929 0.5033 -0.3434
vn 0.2735 0.9203 0.2798
vn 0.3430 0.9136 -0.2185
vn 0.0414 0.7962 -0.6037
vn -0.8561 0.4927 0.1556
vn 0.0284 0.9545 0.2967
vn -0.4337 0.9011 0.0004
vn -0.4958 0.7900 0.3607
vn -0.2279 0.7241 0.6510
vn 0.3059 0.9326 -0.1917
vn -0.1268 0.9531 -0.2748
vn 0.5681 0.8146 0.1171
vn 0.4683 0.7340 0.4919
vn 0.1660 0.6742 0.7196
vn 0.1739 0.5509 0.8163
vn 0.6025 0.5705 0.5581
vn -0.6119 0.7826 -0.1140
vn -0.6219 0.6758 0.3957
vn 0.7173 0.6938 0.0643
vn 0.4078 0.8226 -0.3962
vn -0.1774 0.8719 -0.4564
vn -0.3050 0.5802 0.7552
vn -0.2876 0.9380 -0.1937
vn -0.2177 0.7315 -0.6462
vn -0.5673 0.6342 -0.5254
vn -0.7157 0.6760 -0.1754
vn 0.2131 0.9633 -0.1631
vn 0.1227 0.8476 -0.5162
vn 0.0727 0.9786 0.1923
vn -0.2849 0.9078 0.3077
vn -0.6172 0.7652 0.1831
vn -0.6902 0.6587 0.2994
vn -0.2613 0.8228 0.5047
vn -0.1697 0.5826 -0.7949
vn -0.6265 0.4915 -0.6049
vn 0.1903 0.9311 0.3111
vn 0.4173 0.8984 -0.1367
vn 0.2540 0.7640 -0.5932
vn -0.8482 0.5070 -0.1535
vn 0.0452 0.9984 -0.0328
vn -0.3574 0.8529 -0.3805
vn -0.4927 0.8699 -0.0236
vn -0.2883 0.9028 0.3192
vn 0.4052 0.8110 -0.4220
vn -0.0022 0.8066 -0.5911
vn 0.5967 0.8011 -0.0462
vn 0.4241 0.8521 0.3067
vn 0.0815 0.8752 0.4769
vn 0.0623 0.7914 0.6081
vn 0.5312 0.7191 0.4480
vn -0.5200 0.7046 -0.4828
vn -0.6313 0.7753 0.0212
vn 0.7435 0.6683 -0.0259
vn 0.5342 0.6379 -0.5548
vn -0.0247 0.6695 -0.7424
vn -0.3937 0.8030 0.4474
vn 0.0466 0.9982 0.0364
vn 0.4949 0.8574 -0.1410
vn 0.2497 0.8654 -0.4344
vn -0.1312 0.8969 -0.4223
vn 0.2127 0.8478 0.4859
vn 0.5052 0.8289 0.2402
vn -0.1696 0.8511 0.4969
vn -0.4134 0.8873 0.2046
vn -0.4250 0.8876 -0.1777
vn -0.5582 0.7945 -0.2391
vn -0.5838 0.7682 0.2627
vn 0.6537 0.7275 -0.2082
vn 0.3029 0.7662 -0.5667
vn -0.2322 0.7479 0.6219
vn 0.2692 0.7144 0.6459
vn 0.6289 0.7196 0.2942
vn -0.1993 0.7814 -0.5914
vn 0.1317 0.8054 0.5779
vn 0.5453 0.5297 0.6496
vn 0.5941 0.7337 0.3298
vn 0.3322 0.9334 0.1355
vn -0.1020 0.4742 0.8745
vn 0.2715 0.3926 0.8787
vn -0.3677 0.6513 0.6638
vn -0.3152 0.8780 0.3603
vn -0.0451 0.9923 0.1149
vn -0.1022 0.9936 -0.0491
vn -0.4875 0.8406 0.2359
vn 0.6848 0.3662 0.6300
vn 0.7136 0.6634 0.2251
vn -0.5138 0.5583 0.6514
vn -0.1972 0.2906 0.9363
vn 0.3019 0.2281 0.9256
vn 0.3945 0.9162 -0.0704
vn -0.5440 0.8168 0.1921
vn -0.1203 0.8831 0.4535
vn -0.0548 0.9941 0.0935
vn -0.2746 0.9374 -0.2143
vn -0.6762 0.4901 0.5500
vn -0.3531 0.6619 0.6612
vn -0.8806 0.4103 0.2368
vn -0.8305 0.5444 -0.1178
vn -0.5824 0.7425 -0.3309
vn -0.5589 0.6709 -0.4874
vn -0.8914 0.3812 -0.2453
vn 0.0762 0.8426 0.5331
vn 0.1144 0.9920 0.0542
vn -0.9396 0.2469 0.2372
vn -0.6811 0.3073 0.6646
vn -0.2663 0.5680 0.7788
vn -0.1340 0.9166 -0.3768
vn -0.0279 0.9956 -0.0894
vn 0.3838 0.9050 0.1837
vn 0.4752 0.8603 -0.1849
vn 0.2394 0.8409 -0.4854
vn -0.2882 0.8992 0.3293
vn 0.0833 0.9036 0.4202
vn -0.5231 0.8517 0.0313
vn -0.4325 0.8351 -0.3399
vn -0.1312 0.8084 -0.5739
vn -0.1580 0.6943 -0.7021
vn -0.5770 0.6983 -0.4236
vn 0.5352 0.7935 0.2898
vn 0.6159 0.7605 -0.2057
vn -0.6582 0.7496 0.0702
vn -0.3803 0.7856 0.4880
vn 0.1157 0.8158 0.5666
vn 0.3385 0.7062 -0.6219
vn -0.1357 0.7414 0.6572
vn 0.0179 0.3525 0.9356
vn 0.3279 0.5210 0.7881
vn 0.3434 0.7865 0.5133
vn -0.5805 0.5092 0.6354
vn -0.3584 0.3150 0.8788
vn -0.5611 0.7538 0.3421
vn -0.2550 0.9432 0.2130
vn 0.1252 0.9598 0.2513
vn 0.2057 0.9737 0.0981
vn -0.2875 0.9578 0.0002
vn 0.0842 0.1530 0.9846
vn 0.4644 0.4137 0.7831
vn -0.6701 0.7108 0.2138
vn -0.7310 0.3665 0.5756
vn -0.4115 0.1508 0.8988
vn 0.5278 0.7443 0.4092
vn -0.3188 0.9133 -0.2536
vn -0.2031 0.9508 0.2337
vn 0.1196 0.9923 0.0329
vn 0.1761 0.9241 -0.3392
vn -0.7332 0.6721 -0.1041
vn -0.5557 0.8051 0.2075
vn -0.6677 0.5781 -0.4689
vn -0.3540 0.6453 -0.6770
vn 0.0076 0.7653 -0.6436
vn 0.1177 0.6673 -0.7355
vn -0.3415 0.4761 -0.8104
vn -0.1361 0.8923 0.4304
vn 0.2607 0.9569 0.1279
vn -0.7442 0.4283 -0.5126
vn -0.8582 0.5125 -0.0298
vn -0.6012 0.7180 0.3508
vn 0.3805 0.8559 -0.3502
vn 0.2244 0.9745 0.0059
vn 0.3353 0.8167 0.4697
vn 0.6327 0.7351 0.2435
vn 0.6489 0.7482 -0.1384
vn -0.2568 0.9550 0.1487
vn -0.0400 0.8887 0.4567
vn -0.2469 0.9405 -0.2333
vn 0.0568 0.8864 -0.4593
vn 0.4259 0.7869 -0.4466
vn 0.4675 0.6741 -0.5719
vn -0.0216 0.7776 -0.6284
vn 0.3578 0.6825 0.6373
vn 0.7315 0.6079 0.3087
vn -0.3911 0.8701 -0.2998
vn -0.4489 0.8709 0.2000
vn -0.1271 0.8040 0.5809
vn 0.7851 0.5892 -0.1911
vn -0.1526 0.9337 -0.3238
vn 0.3186 0.9471 -0.0376
vn 0.3865 0.8330 -0.3959
vn 0.1228 0.7253 -0.6774
vn -0.4150 0.8935 0.1718
vn 0.0135 0.9698 0.2435
vn -0.6670 0.7342 -0.1268
vn -0.5658 0.6545 -0.5014
vn -0.2632 0.6252 -0.7348
vn -0.2579 0.4987 -0.8275
vn -0.6801 0.4737 -0.5596
vn 0.5125 0.8553 0.0759
vn 0.5250 0.7342 -0.4306
vn -0.7989 0.5977 -0.0669
vn -0.4982 0.7785 0.3819
vn 0.0776 0.9013 0.4261
vn 0.2149 0.5887 -0.7793
vn 0.1732 0.9720 0.1589
vn 0.1389 0.7731 0.6189
vn 0.4952 0.7158 0.4924
vn 0.6300 0.7643 0.1378
vn -0.3273 0.9345 0.1400
vn -0.2159 0.8422 0.4940
vn -0.1974 0.9555 -0.2191
vn 0.1638 0.9256 -0.3411
vn 0.5137 0.8291 -0.2207
vn 0.5969 0.7288 -0.3355
vn 0.1467 0.8321 -0.5349
vn 0.1128 0.6243 0.7730
vn 0.5733 0.5842 0.5745
vn -0.3106 0.8901 -0.3335
vn -0.5224 0.8441 0.1206
vn -0.3342 0.7455 0.5766
vn 0.7819 0.6122 0.1176
vn -0.1679 0.9858 0.0046
vn 0.2569 0.9022 0.3464
vn 0.3815 0.9242 -0.0141
vn 0.1675 0.9207 -0.3526
vn -0.4936 0.7681 0.4079
vn -0.0853 0.8193 0.5670
vn -0.6902 0.7226 0.0374
vn -0.5327 0.7831 -0.3210
vn -0.1992 0.8427 -0.5002
vn -0.1726 0.7577 -0.6294
vn -0.6254 0.6334 -0.4557
vn 0.4387 0.7785 0.4489
vn 0.5298 0.8460 -0.0595
vn -0.8198 0.5721 0.0246
vn -0.5974 0.5847 0.5489
vn -0.0429 0.6910 0.7216
vn 0.2818 0.8306 -0.4804
vn 0.0986 0.9494 0.2981
vn -0.3197 0.9473 0.0201
vn -0.4123 0.8314 0.3725
vn -0.1772 0.7324 0.6574
vn 0.3496 0.9269 -0.1364
vn -0.0210 0.9759 -0.2171
vn 0.5819 0.8011 0.1401
vn 0.4920 0.7120 0.5010
vn 0.1906 0.6566 0.7298
vn 0.2098 0.5163 0.8303
vn 0.6268 0.5510 0.5510
vn -0.4790 0.8716 -0.1043
vn -0.5596 0.7394 0.3744
vn 0.7092 0.7007 0.0778
vn 0.4327 0.8438 -0.3174
vn -0.0603 0.9238 -0.3781
vn -0.2850 0.5787 0.7641
vn 0.1848 0.8534 -0.4874
vn 0.0029 0.5442 -0.8389
vn -0.2937 0.6981 -0.6530
vn -0.2892 0.8994 -0.3278
vn 0.6122 0.5922 -0.5240
vn 0.3759 0.4699 -0.7987
vn 0.6115 0.7693 -0.1850
vn 0.3201 0.9473 -0.0128
vn -0.0581 0.9975 -0.0394
vn -0.1368 0.9839 0.1149
vn 0.3545 0.9139 0.1976
vn -0.0776 0.3648 -0.9279
vn -0.4374 0.6018 -0.6682
vn 0.7178 0.6927 -0.0710
vn 0.7525 0.4301 -0.4987
vn 0.4171 0.3105 -0.8541
vn -0.4756 0.8486 -0.2315
vn -0.1047 0.9930 0.0545
vn -0.0866 0.8949 -0.4378
vn -0.4455 0.8363 -0.3195
vn -0.5750 0.8172 0.0399
vn 0.3920 0.9183 0.0553
vn 0.2727 0.9115 -0.3080
vn 0.2654 0.8711 0.4131
vn -0.0964 0.8406 0.5330
vn -0.4528 0.7960 0.4016
vn -0.5424 0.6794 0.4941
vn -0.0851 0.7070 0.7021
vn -0.0718 0.7809 -0.6205
vn -0.5331 0.7309 -0.4262
vn 0.3743 0.7753 0.5088
vn 0.5802 0.8128 0.0513
vn 0.3835 0.8268 -0.4115
vn -0.7372 0.6750 0.0303
vn -0.2494 0.9494 -0.1908
vn 0.2528 0.9473 -0.1966
vn 0.1309 0.8314 -0.5400
vn -0.2238 0.7324 -0.6431
vn -0.2120 0.9269 0.3096
vn 0.1397 0.9759 0.1676
vn -0.5597 0.8011 0.2119
vn -0.6887 0.7120 -0.1369
vn -0.5685 0.6566 -0.4957
vn -0.6410 0.5163 -0.5679
vn -0.8282 0.5510 -0.1023
vn 0.4545 0.8716 -0.1837
vn 0.2515 0.7394 -0.6246
vn -0.6298 0.7007 0.3351
vn -0.1788 0.8438 0.5060
vn 0.2628 0.9238 0.2785
vn -0.1949 0.5787 -0.7919
vn 0.1218 0.8534 0.5068
vn 0.4701 0.5442 0.6949
vn 0.6104 0.6981 0.3741
vn 0.4236 0.8994 0.1080
vn -0.2108 0.5922 0.7778
vn 0.1392 0.4699 0.8717
vn -0.4010 0.7693 0.4973
vn -0.2572 0.9473 0.1909
vn 0.0702 0.9975 -0.0002
vn 0.0483 0.9839 -0.1720
vn -0.4042 0.9139 0.0364
vn 0.5867 0.3648 0.7230
vn 0.7378 0.6018 0.3058
vn -0.5531 0.6927 0.4629
vn -0.3409 0.4301 0.8359
vn 0.1364 0.3105 0.9407
vn 0.5234 0.8486 -0.0766
vn 0.0559 0.9930 -0.1040
vn 0.3182 0.8949 0.3130
vn 0.5481 0.8363 0.0130
vn 0.4527 0.8172 -0.3568
vn -0.3550 0.9183 0.1751
vn -0.0519 0.9115 0.4081
vn -0.4520 0.8711 -0.1918
vn -0.2205 0.8406 -0.4947
vn 0.1479 0.7960 -0.5869
vn 0.1699 0.6794 -0.7138
vn -0.3251 0.7070 -0.6281
vn 0.4088 0.7809 0.4723
vn 0.6805 0.7309 0.0519
vn -0.5958 0.7753 -0.2096
vn -0.5083 0.8128 0.2844
vn -0.0851 0.8268 0.5561
vn 0.5921 0.6750 -0.4402
vn -0.1107 0.9879 0.1084
vn 0.3780 0.9258 0.0104
vn 0.1906 0.9270 -0.3229
vn -0.1868 0.9054 -0.3812
vn -0.0067 0.8212 0.5706
vn 0.3243 0.8645 0.3841
vn -0.3809 0.7717 0.5093
vn -0.5715 0.8009 0.1790
vn -0.5147 0.8343 -0.1977
vn -0.6193 0.7300 -0.2890
vn -0.7297 0.6551 0.1960
vn 0.5638 0.8252 -0.0336
vn 0.2807 0.8484 -0.4489
vn -0.4486 0.6501 0.6133
vn 0.0397 0.6827 0.7296
vn 0.4514 0.7685 0.4534
vn -0.2056 0.7975 -0.5672
vn 0.0060 0.9983 0.0579
vn 0.2070 0.8455 0.4921
vn 0.4836 0.8451 0.2280
vn 0.4475 0.8814 -0.1510
vn -0.4371 0.8633 0.2523
vn -0.1735 0.8316 0.5275
vn -0.4733 0.8715 -0.1284
vn -0.1966 0.8992 -0.3909
vn 0.1838 0.8849 -0.4279
vn 0.2325 0.7911 -0.5657
vn -0.2705 0.7845 -0.5581
vn 0.2794 0.7114 0.6449
vn 0.6151 0.7403 0.2713
vn -0.6061 0.7740 -0.1835
vn -0.5981 0.7356 0.3181
vn -0.2235 0.7231 0.6536
vn 0.6071 0.7602 -0.2313
usemtl Bark
s 1
f 8 7 17
f 8 17 18
f 5 4 14
f 5 14 15
f 1 2 12
f 1 12 11
f 9 8 18
f 9 18 19
f 6 5 15
f 6 15 16
f 3 1 11
f 3 11 13
f 10 9 19
f 10 19 20
f 7 6 16
f 7 16 17
f 4 3 13
f 4 13 14
f 2 10 20
f 2 20 12
f 13 11 21
f 13 21 23
f 19 18 28
f 19 28 29
f 16 15 25
f 16 25 26
f 20 19 29
f 20 29 30
f 17 16 26
f 17 26 27
f 14 13 23
f 14 23 24
f 12 20 30
f 12 30 22
f 18 17 27
f 18 27 28
f 15 14 24
f 15 24 25
f 37 30 29
f 37 29 36
f 28 35 36
f 28 36 29
f 27 34 35
f 27 35 28
f 11 12 22
f 11 22 21
f 91 89 45
f 91 45 46
f 33 31 82
f 33 82 86
f 85 81 41
f 85 41 43
f 99 97 49
f 99 49 50
f 93 91 46
f 93 46 47
f 84 99 50
f 84 50 42
f 95 93 47
f 95 47 48
f 89 87 44
f 89 44 45
f 87 85 43
f 87 43 44
f 97 95 48
f 97 48 49
f 73 71 56
f 73 56 57
f 39 38 96
f 39 96 98
f 36 35 90
f 36 90 92
f 81 84 42
f 81 42 41
f 40 39 98
f 40 98 100
f 37 36 92
f 37 92 94
f 34 33 86
f 34 86 88
f 32 40 100
f 32 100 83
f 38 37 94
f 38 94 96
f 35 34 88
f 35 88 90
f 64 79 60
f 64 60 52
f 41 42 63
f 41 63 62
f 75 73 57
f 75 57 58
f 69 67 54
f 69 54 55
f 67 65 53
f 67 53 54
f 77 75 58
f 77 58 59
f 71 69 55
f 71 55 56
f 65 61 51
f 65 51 53
f 79 77 59
f 79 59 60
f 51 52 60
f 51 60 59
f 51 59 58
f 51 58 57
f 51 57 56
f 51 56 55
f 51 55 54
f 51 54 53
f 50 49 78
f 50 78 80
f 47 46 72
f 47 72 74
f 44 43 66
f 44 66 68
f 42 50 80
f 42 80 63
f 48 47 74
f 48 74 76
f 45 44 68
f 45 68 70
f 43 41 62
f 43 62 66
f 49 48 76
f 49 76 78
f 46 45 70
f 46 70 72
f 62 63 64
f 62 64 61
f 66 62 61
f 66 61 65
f 68 66 65
f 68 65 67
f 70 68 67
f 70 67 69
f 72 70 69
f 72 69 71
f 74 72 71
f 74 71 73
f 76 74 73
f 76 73 75
f 78 76 75
f 78 75 77
f 80 78 77
f 80 77 79
f 63 80 79
f 63 79 64
f 61 64 52
f 61 52 51
f 82 83 84
f 82 84 81
f 86 82 81
f 86 81 85
f 88 86 85
f 88 85 87
f 90 88 87
f 90 87 89
f 92 90 89
f 92 89 91
f 94 92 91
f 94 91 93
f 96 94 93
f 96 93 95
f 98 96 95
f 98 95 97
f 100 98 97
f 100 97 99
f 83 100 99
f 83 99 84
f 31 32 83
f 31 83 82
f 116 117 107
f 116 107 106
f 266 276 275
f 266 275 265
f 114 115 105
f 114 105 104
f 113 114 104
f 113 104 103
f 115 116 106
f 115 106 105
f 111 112 102
f 111 102 101
f 119 111 101
f 119 101 109
f 120 119 109
f 120 109 110
f 112 113 103
f 112 103 102
f 117 118 108
f 117 108 107
f 118 120 110
f 118 110 108
f 121 122 112
f 121 112 111
f 129 121 111
f 129 111 119
f 122 123 113
f 122 113 112
f 128 130 120
f 128 120 118
f 127 128 118
f 127 118 117
f 126 127 117
f 126 117 116
f 130 129 119
f 130 119 120
f 124 125 115
f 124 115 114
f 123 124 114
f 123 114 113
f 138 140 130
f 138 130 128
f 137 138 128
f 137 128 127
f 140 139 129
f 140 129 130
f 135 136 126
f 135 126 125
f 134 135 125
f 134 125 124
f 133 134 124
f 133 124 123
f 136 137 127
f 136 127 126
f 131 132 122
f 131 122 121
f 139 131 121
f 139 121 129
f 125 126 116
f 125 116 115
f 144 145 135
f 144 135 134
f 146 147 137
f 146 137 136
f 142 143 133
f 142 133 132
f 141 142 132
f 141 132 131
f 149 141 131
f 149 131 139
f 143 144 134
f 143 134 133
f 148 150 140
f 148 140 138
f 147 148 138
f 147 138 137
f 132 133 123
f 132 123 122
f 145 146 136
f 145 136 135
f 153 154 144
f 153 144 143
f 160 159 149
f 160 149 150
f 158 160 150
f 158 150 148
f 157 158 148
f 157 148 147
f 159 151 141
f 159 141 149
f 155 156 146
f 155 146 145
f 154 155 145
f 154 145 144
f 150 149 139
f 150 139 140
f 152 153 143
f 152 143 142
f 151 152 142
f 151 142 141
f 165 164 174
f 165 174 175
f 161 162 172
f 161 172 171
f 169 168 178
f 169 178 179
f 166 165 175
f 166 175 176
f 163 161 171
f 163 171 173
f 170 169 179
f 170 179 180
f 167 166 176
f 167 176 177
f 164 163 173
f 164 173 174
f 162 170 180
f 162 180 172
f 168 167 177
f 168 177 178
f 171 172 182
f 171 182 181
f 179 178 188
f 179 188 189
f 176 175 185
f 176 185 186
f 173 171 181
f 173 181 183
f 180 179 189
f 180 189 190
f 177 176 186
f 177 186 187
f 174 173 183
f 174 183 184
f 172 180 190
f 172 190 182
f 178 177 187
f 178 187 188
f 175 174 184
f 175 184 185
f 189 188 198
f 189 198 199
f 186 185 195
f 186 195 196
f 183 181 191
f 183 191 193
f 190 189 199
f 190 199 200
f 187 186 196
f 187 196 197
f 184 183 193
f 184 193 194
f 182 190 200
f 182 200 192
f 188 187 197
f 188 197 198
f 185 184 194
f 185 194 195
f 181 182 192
f 181 192 191
f 196 195 205
f 196 205 206
f 193 191 201
f 193 201 203
f 200 199 209
f 200 209 210
f 197 196 206
f 197 206 207
f 194 193 203
f 194 203 204
f 192 200 210
f 192 210 202
f 198 197 207
f 198 207 208
f 195 194 204
f 195 204 205
f 191 192 202
f 191 202 201
f 199 198 208
f 199 208 209
f 203 201 211
f 203 211 213
f 210 209 219
f 210 219 220
f 207 206 216
f 207 216 217
f 204 203 213
f 204 213 214
f 202 210 220
f 202 220 212
f 208 207 217
f 208 217 218
f 205 204 214
f 205 214 215
f 201 202 212
f 201 212 211
f 209 208 218
f 209 218 219
f 206 205 215
f 206 215 216
f 226 236 235
f 226 235 225
f 223 233 231
f 223 231 221
f 230 240 239
f 230 239 229
f 227 237 236
f 227 236 226
f 224 234 233
f 224 233 223
f 222 232 240
f 222 240 230
f 228 238 237
f 228 237 227
f 225 235 234
f 225 234 224
f 221 231 232
f 221 232 222
f 229 239 238
f 229 238 228
f 233 243 241
f 233 241 231
f 240 250 249
f 240 249 239
f 237 247 246
f 237 246 236
f 234 244 243
f 234 243 233
f 232 242 250
f 232 250 240
f 238 248 247
f 238 247 237
f 235 245 244
f 235 244 234
f 231 241 242
f 231 242 232
f 239 249 248
f 239 248 238
f 236 246 245
f 236 245 235
f 224 223 253
f 224 253 254
f 222 230 260
f 222 260 252
f 228 227 257
f 228 257 258
f 225 224 254
f 225 254 255
f 221 222 252
f 221 252 251
f 229 228 258
f 229 258 259
f 226 225 255
f 226 255 256
f 223 221 251
f 223 251 253
f 230 229 259
f 230 259 260
f 227 226 256
f 227 256 257
f 242 241 243
f 242 243 244
f 242 244 245
f 242 245 246
f 242 246 247
f 242 247 248
f 242 248 249
f 242 249 250
f 212 220 219
f 212 219 218
f 212 218 217
f 212 217 216
f 212 216 215
f 212 215 214
f 212 214 213
f 212 213 211
f 156 157 147
f 156 147 146
f 263 273 271
f 263 271 261
f 270 280 279
f 270 279 269
f 267 277 276
f 267 276 266
f 264 274 273
f 264 273 263
f 262 272 280
f 262 280 270
f 268 278 277
f 268 277 267
f 265 275 274
f 265 274 264
f 261 271 272
f 261 272 262
f 269 279 278
f 269 278 268
f 273 283 281
f 273 281 271
f 280 290 289
f 280 289 279
f 277 287 286
f 277 286 276
f 274 284 283
f 274 283 273
f 272 282 290
f 272 290 280
f 278 288 287
f 278 287 277
f 275 285 284
f 275 284 274
f 271 281 282
f 271 282 272
f 279 289 288
f 279 288 278
f 276 286 285
f 276 285 275
f 264 263 293
f 264 293 294
f 262 270 300
f 262 300 292
f 268 267 297
f 268 297 298
f 265 264 294
f 265 294 295
f 261 262 292
f 261 292 291
f 269 268 298
f 269 298 299
f 266 265 295
f 266 295 296
f 263 261 291
f 263 291 293
f 270 269 299
f 270 299 300
f 267 266 296
f 267 296 297
f 282 281 283
f 282 283 284
f 282 284 285
f 282 285 286
f 282 286 287
f 282 287 288
f 282 288 289
f 282 289 290
f 109 101 102
f 109 102 103
f 109 103 104
f 109 104 105
f 109 105 106
f 109 106 107
f 109 107 108
f 109 108 110
f 37 38 22
f 37 22 30
f 22 38 39
f 22 39 21
f 21 39 40
f 21 40 23
f 23 40 32
f 23 32 24
f 24 32 31
f 24 31 25
f 25 31 33
f 25 33 26
f 26 33 34
f 26 34 27
f 361 359 315
f 361 315 316
f 303 301 352
f 303 352 356
f 355 351 311
f 355 311 313
f 369 367 319
f 369 319 320
f 363 361 316
f 363 316 317
f 354 369 320
f 354 320 312
f 365 363 317
f 365 317 318
f 359 357 314
f 359 314 315
f 357 355 313
f 357 313 314
f 367 365 318
f 367 318 319
f 343 341 326
f 343 326 327
f 309 308 366
f 309 366 368
f 306 305 360
f 306 360 362
f 351 354 312
f 351 312 311
f 310 309 368
f 310 368 370
f 307 306 362
f 307 362 364
f 304 303 356
f 304 356 358
f 302 310 370
f 302 370 353
f 308 307 364
f 308 364 366
f 305 304 358
f 305 358 360
f 334 349 330
f 334 330 322
f 311 312 333
f 311 333 332
f 345 343 327
f 345 327 328
f 339 337 324
f 339 324 325
f 337 335 323
f 337 323 324
f 347 345 328
f 347 328 329
f 341 339 325
f 341 325 326
f 335 331 321
f 335 321 323
f 349 347 329
f 349 329 330
f 321 322 330
f 321 330 329
f 321 329 328
f 321 328 327
f 321 327 326
f 321 326 325
f 321 325 324
f 321 324 323
f 320 319 348
f 320 348 350
f 317 316 342
f 317 342 344
f 314 313 336
f 314 336 338
f 312 320 350
f 312 350 333
f 318 317 344
f 318 344 346
f 315 314 338
f 315 338 340
f 313 311 332
f 313 332 336
f 319 318 346
f 319 346 348
f 316 315 340
f 316 340 342
f 332 333 334
f 332 334 331
f 336 332 331
f 336 331 335
f 338 336 335
f 338 335 337
f 340 338 337
f 340 337 339
f 342 340 339
f 342 339 341
f 344 342 341
f 344 341 343
f 346 344 343
f 346 343 345
f 348 346 345
f 348 345 347
f 350 348 347
f 350 347 349
f 333 350 349
f 333 349 334
f 331 334 322
f 331 322 321
f 352 353 354
f 352 354 351
f 356 352 351
f 356 351 355
f 358 356 355
f 358 355 357
f 360 358 357
f 360 357 359
f 362 360 359
f 362 359 361
f 364 362 361
f 364 361 363
f 366 364 363
f 366 363 365
f 368 366 365
f 368 365 367
f 370 368 367
f 370 367 369
f 353 370 369
f 353 369 354
f 301 302 353
f 301 353 352
f 386 387 377
f 386 377 376
f 526 536 535
f 526 535 525
f 384 385 375
f 384 375 374
f 383 384 374
f 383 374 373
f 385 386 376
f 385 376 375
f 381 382 372
f 381 372 371
f 389 381 371
f 389 371 379
f 390 389 379
f 390 379 380
f 382 383 373
f 382 373 372
f 387 388 378
f 387 378 377
f 388 390 380
f 388 380 378
f 391 392 382
f 391 382 381
f 399 391 381
f 399 381 389
f 392 393 383
f 392 383 382
f 398 400 390
f 398 390 388
f 397 398 388
f 397 388 387
f 396 397 387
f 396 387 386
f 400 399 389
f 400 389 390
f 394 395 385
f 394 385 384
f 393 394 384
f 393 384 383
f 408 410 400
f 408 400 398
f 407 408 398
f 407 398 397
f 410 409 399
f 410 399 400
f 405 406 396
f 405 396 395
f 404 405 395
f 404 395 394
f 403 404 394
f 403 394 393
f 406 407 397
f 406 397 396
f 401 402 392
f 401 392 391
f 409 401 391
f 409 391 399
f 395 396 386
f 395 386 385
f 414 415 405
f 414 405 404
f 416 417 407
f 416 407 406
f 412 413 403
f 412 403 402
f 411 412 402
f 411 402 401
f 419 411 401
f 419 401 409
f 413 414 404
f 413 404 403
f 418 420 410
f 418 410 408
f 417 418 408
f 417 408 407
f 402 403 393
f 402 393 392
f 415 416 406
f 415 406 405
f 423 424 414
f 423 414 413
f 430 429 419
f 430 419 420
f 428 430 420
f 428 420 418
f 427 428 418
f 427 418 417
f 429 421 411
f 429 411 419
f 425 426 416
f 425 416 415
f 424 425 415
f 424 415 414
f 420 419 409
f 420 409 410
f 422 423 413
f 422 413 412
f 421 422 412
f 421 412 411
f 431 432 442
f 431 442 441
f 439 438 448
f 439 448 449
f 436 435 445
f 436 445 446
f 433 431 441
f 433 441 443
f 440 439 449
f 440 449 450
f 437 436 446
f 437 446 447
f 434 433 443
f 434 443 444
f 432 440 450
f 432 450 442
f 438 437 447
f 438 447 448
f 435 434 444
f 435 444 445
f 449 448 458
f 449 458 459
f 446 445 455
f 446 455 456
f 443 441 451
f 443 451 453
f 450 449 459
f 450 459 460
f 447 446 456
f 447 456 457
f 444 443 453
f 444 453 454
f 442 450 460
f 442 460 452
f 448 447 457
f 448 457 458
f 445 444 454
f 445 454 455
f 441 442 452
f 441 452 451
f 456 455 465
f 456 465 466
f 453 451 461
f 453 461 463
f 460 459 469
f 460 469 470
f 457 456 466
f 457 466 467
f 454 453 463
f 454 463 464
f 452 460 470
f 452 470 462
f 458 457 467
f 458 467 468
f 455 454 464
f 455 464 465
f 451 452 462
f 451 462 461
f 459 458 468
f 459 468 469
f 463 461 471
f 463 471 473
f 470 469 479
f 470 479 480
f 467 466 476
f 467 476 477
f 464 463 473
f 464 473 474
f 462 470 480
f 462 480 472
f 468 467 477
f 468 477 478
f 465 464 474
f 465 474 475
f 461 462 472
f 461 472 471
f 469 468 478
f 469 478 479
f 466 465 475
f 466 475 476
f 486 496 495
f 486 495 485
f 483 493 491
f 483 491 481
f 490 500 499
f 490 499 489
f 487 497 496
f 487 496 486
f 484 494 493
f 484 493 483
f 482 492 500
f 482 500 490
f 488 498 497
f 488 497 487
f 485 495 494
f 485 494 484
f 481 491 492
f 481 492 482
f 489 499 498
f 489 498 488
f 493 503 501
f 493 501 491
f 500 510 509
f 500 509 499
f 497 507 506
f 497 506 496
f 494 504 503
f 494 503 493
f 492 502 510
f 492 510 500
f 498 508 507
f 498 507 497
f 495 505 504
f 495 504 494
f 491 501 502
f 491 502 492
f 499 509 508
f 499 508 498
f 496 506 505
f 496 505 495
f 484 483 513
f 484 513 514
f 482 490 520
f 482 520 512
f 488 487 517
f 488 517 518
f 485 484 514
f 485 514 515
f 481 482 512
f 481 512 511
f 489 488 518
f 489 518 519
f 486 485 515
f 486 515 516
f 483 481 511
f 483 511 513
f 490 489 519
f 490 519 520
f 487 486 516
f 487 516 517
f 502 501 503
f 502 503 504
f 502 504 505
f 502 505 506
f 502 506 507
f 502 507 508
f 502 508 509
f 502 509 510
f 472 480 479
f 472 479 478
f 472 478 477
f 472 477 476
f 472 476 475
f 472 475 474
f 472 474 473
f 472 473 471
f 426 427 417
f 426 417 416
f 523 533 531
f 523 531 521
f 530 540 539
f 530 539 529
f 527 537 536
f 527 536 526
f 524 534 533
f 524 533 523
f 522 532 540
f 522 540 530
f 528 538 537
f 528 537 527
f 525 535 534
f 525 534 524
f 521 531 532
f 521 532 522
f 529 539 538
f 529 538 528
f 533 543 541
f 533 541 531
f 540 550 549
f 540 549 539
f 537 547 546
f 537 546 536
f 534 544 543
f 534 543 533
f 532 542 550
f 532 550 540
f 538 548 547
f 538 547 537
f 535 545 544
f 535 544 534
f 531 541 542
f 531 542 532
f 539 549 548
f 539 548 538
f 536 546 545
f 536 545 535
f 524 523 553
f 524 553 554
f 522 530 560
f 522 560 552
f 528 527 557
f 528 557 558
f 525 524 554
f 525 554 555
f 521 522 552
f 521 552 551
f 529 528 558
f 529 558 559
f 526 525 555
f 526 555 556
f 523 521 551
f 523 551 553
f 530 529 559
f 530 559 560
f 527 526 556
f 527 556 557
f 542 541 543
f 542 543 544
f 542 544 545
f 542 545 546
f 542 546 547
f 542 547 548
f 542 548 549
f 542 549 550
f 379 371 372
f 379 372 373
f 379 373 374
f 379 374 375
f 379 375 376
f 379 376 377
f 379 377 378
f 379 378 380
usemtl Tree_Leaves
f 569 566 564
f 569 564 568
f 567 562 566
f 567 566 569
f 561 567 569
f 561 569 565
f 565 569 568
f 565 568 563
f 565 563 572
f 565 572 574
f 564 566 575
f 564 575 573
f 561 565 574
f 561 574 570
f 567 561 570
f 567 570 576
f 566 562 571
f 566 571 575
f 563 568 577
f 563 577 572
f 562 567 576
f 562 576 571
f 568 564 573
f 568 573 577
f 586 583 581
f 586 581 585
f 584 579 583
f 584 583 586
f 578 584 586
f 578 586 582
f 582 586 585
f 582 585 580
f 582 580 589
f 582 589 591
f 581 583 592
f 581 592 590
f 578 582 591
f 578 591 587
f 584 578 587
f 584 587 593
f 583 579 588
f 583 588 592
f 580 585 594
f 580 594 589
f 579 584 593
f 579 593 588
f 585 581 590
f 585 590 594
f 603 600 598
f 603 598 602
f 601 596 600
f 601 600 603
f 595 601 603
f 595 603 599
f 599 603 602
f 599 602 597
f 599 597 606
f 599 606 608
f 598 600 609
f 598 609 607
f 595 599 608
f 595 608 604
f 601 595 604
f 601 604 610
f 600 596 605
f 600 605 609
f 597 602 611
f 597 611 606
f 596 601 610
f 596 610 605
f 602 598 607
f 602 607 611
f 620 617 615
f 620 615 619
f 618 613 617
f 618 617 620
f 612 618 620
f 612 620 616
f 616 620 619
f 616 619 614
f 616 614 623
f 616 623 625
f 615 617 626
f 615 626 624
f 612 616 625
f 612 625 621
f 618 612 621
f 618 621 627
f 617 613 622
f 617 622 626
f 614 619 628
f 614 628 623
f 613 618 627
f 613 627 622
f 619 615 624
f 619 624 628
f 637 634 632
f 637 632 636
f 635 630 634
f 635 634 637
f 629 635 637
f 629 637 633
f 633 637 636
f 633 636 631
f 633 631 640
f 633 640 642
f 632 634 643
f 632 643 641
f 629 633 642
f 629 642 638
f 635 629 638
f 635 638 644
f 634 630 639
f 634 639 643
f 631 636 645
f 631 645 640
f 630 635 644
f 630 644 639
f 636 632 641
f 636 641 645
f 654 651 649
f 654 649 653
f 652 647 651
f 652 651 654
f 646 652 654
f 646 654 650
f 650 654 653
f 650 653 648
f 650 648 657
f 650 657 659
f 649 651 660
f 649 660 658
f 646 650 659
f 646 659 655
f 652 646 655
f 652 655 661
f 651 647 656
f 651 656 660
f 648 653 662
f 648 662 657
f 647 652 661
f 647 661 656
f 653 649 658
f 653 658 662
f 671 668 666
f 671 666 670
f 669 664 668
f 669 668 671
f 663 669 671
f 663 671 667
f 667 671 670
f 667 670 665
f 667 665 674
f 667 674 676
f 666 668 677
f 666 677 675
f 663 667 676
f 663 676 672
f 669 663 672
f 669 672 678
f 668 664 673
f 668 673 677
f 665 670 679
f 665 679 674
f 664 669 678
f 664 678 673
f 670 666 675
f 670 675 679
f 688 685 683
f 688 683 687
f 686 681 685
f 686 685 688
f 680 686 688
f 680 688 684
f 684 688 687
f 684 687 682
f 684 682 691
f 684 691 693
f 683 685 694
f 683 694 692
f 680 684 693
f 680 693 689
f 686 680 689
f 686 689 695
f 685 681 690
f 685 690 694
f 682 687 696
f 682 696 691
f 681 686 695
f 681 695 690
f 687 683 692
f 687 692 696
f 705 702 700
f 705 700 704
f 703 698 702
f 703 702 705
f 697 703 705
f 697 705 701
f 701 705 704
f 701 704 699
f 701 699 708
f 701 708 710
f 700 702 711
f 700 711 709
f 697 701 710
f 697 710 706
f 703 697 706
f 703 706 712
f 702 698 707
f 702 707 711
f 699 704 713
f 699 713 708
f 698 703 712
f 698 712 707
f 704 700 709
f 704 709 713
f 722 719 717
f 722 717 721
f 720 715 719
f 720 719 722
f 714 720 722
f 714 722 718
f 718 722 721
f 718 721 716
f 718 716 725
f 718 725 727
f 717 719 728
f 717 728 726
f 714 718 727
f 714 727 723
f 720 714 723
f 720 723 729
f 719 715 724
f 719 724 728
f 716 721 730
f 716 730 725
f 715 720 729
f 715 729 724
f 721 717 726
f 721 726 730
f 739 736 734
f 739 734 738
f 737 732 736
f 737 736 739
f 731 737 739
f 731 739 735
f 735 739 738
f 735 738 733
f 735 733 742
f 735 742 744
f 734 736 745
f 734 745 743
f 731 735 744
f 731 744 740
f 737 731 740
f 737 740 746
f 736 732 741
f 736 741 745
f 733 738 747
f 733 747 742
f 732 737 746
f 732 746 741
f 738 734 743
f 738 743 747
f 756 753 751
f 756 751 755
f 754 749 753
f 754 753 756
f 748 754 756
f 748 756 752
f 752 756 755
f 752 755 750
f 752 750 759
f 752 759 761
f 751 753 762
f 751 762 760
f 748 752 761
f 748 761 757
f 754 748 757
f 754 757 763
f 753 749 758
f 753 758 762
f 750 755 764
f 750 764 759
f 749 754 763
f 749 763 758
f 755 751 760
f 755 760 764
f 773 770 768
f 773 768 772
f 771 766 770
f 771 770 773
f 765 771 773
f 765 773 769
f 769 773 772
f 769 772 767
f 769 767 776
f 769 776 778
f 768 770 779
f 768 779 777
f 765 769 778
f 765 778 774
f 771 765 774
f 771 774 780
f 770 766 775
f 770 775 779
f 767 772 781
f 767 781 776
f 766 771 780
f 766 780 775
f 772 768 777
f 772 777 781
f 790 787 785
f 790 785 789
f 788 783 787
f 788 787 790
f 782 788 790
f 782 790 786
f 786 790 789
f 786 789 784
f 786 784 793
f 786 793 795
f 785 787 796
f 785 796 794
f 782 786 795
f 782 795 791
f 788 782 791
f 788 791 797
f 787 783 792
f 787 792 796
f 784 789 798
f 784 798 793
f 783 788 797
f 783 797 792
f 789 785 794
f 789 794 798
f 807 804 802
f 807 802 806
f 805 800 804
f 805 804 807
f 799 805 807
f 799 807 803
f 803 807 806
f 803 806 801
f 803 801 810
f 803 810 812
f 802 804 813
f 802 813 811
f 799 803 812
f 799 812 808
f 805 799 808
f 805 808 814
f 804 800 809
f 804 809 813
f 801 806 815
f 801 815 810
f 800 805 814
f 800 814 809
f 806 802 811
f 806 811 815
f 824 821 819
f 824 819 823
f 822 817 821
f 822 821 824
f 816 822 824
f 816 824 820
f 820 824 823
f 820 823 818
f 820 818 827
f 820 827 829
f 819 821 830
f 819 830 828
f 816 820 829
f 816 829 825
f 822 816 825
f 822 825 831
f 821 817 826
f 821 826 830
f 818 823 832
f 818 832 827
f 817 822 831
f 817 831 826
f 823 819 828
f 823 828 832
f 841 838 836
f 841 836 840
f 839 834 838
f 839 838 841
f 833 839 841
f 833 841 837
f 837 841 840
f 837 840 835
f 837 835 844
f 837 844 846
f 836 838 847
f 836 847 845
f 833 837 846
f 833 846 842
f 839 833 842
f 839 842 848
f 838 834 843
f 838 843 847
f 835 840 849
f 835 849 844
f 834 839 848
f 834 848 843
f 840 836 845
f 840 845 849
f 858 855 853
f 858 853 857
f 856 851 855
f 856 855 858
f 850 856 858
f 850 858 854
f 854 858 857
f 854 857 852
f 854 852 861
f 854 861 863
f 853 855 864
f 853 864 862
f 850 854 863
f 850 863 859
f 856 850 859
f 856 859 865
f 855 851 860
f 855 860 864
f 852 857 866
f 852 866 861
f 851 856 865
f 851 865 860
f 857 853 862
f 857 862 866
f 875 872 870
f 875 870 874
f 873 868 872
f 873 872 875
f 867 873 875
f 867 875 871
f 871 875 874
f 871 874 869
f 871 869 878
f 871 878 880
f 870 872 881
f 870 881 879
f 867 871 880
f 867 880 876
f 873 867 876
f 873 876 882
f 872 868 877
f 872 877 881
f 869 874 883
f 869 883 878
f 868 873 882
f 868 882 877
f 874 870 879
f 874 879 883
f 892 889 887
f 892 887 891
f 890 885 889
f 890 889 892
f 884 890 892
f 884 892 888
f 888 892 891
f 888 891 886
f 888 886 895
f 888 895 897
f 887 889 898
f 887 898 896
f 884 888 897
f 884 897 893
f 890 884 893
f 890 893 899
f 889 885 894
f 889 894 898
f 886 891 900
f 886 900 895
f 885 890 899
f 885 899 894
f 891 887 896
f 891 896 900
f 909 906 904
f 909 904 908
f 907 902 906
f 907 906 909
f 901 907 909
f 901 909 905
f 905 909 908
f 905 908 903
f 905 903 912
f 905 912 914
f 904 906 915
f 904 915 913
f 901 905 914
f 901 914 910
f 907 901 910
f 907 910 916
f 906 902 911
f 906 911 915
f 903 908 917
f 903 917 912
f 902 907 916
f 902 916 911
f 908 904 913
f 908 913 917
f 926 923 921
f 926 921 925
f 924 919 923
f 924 923 926
f 918 924 926
f 918 926 922
f 922 926 925
f 922 925 920
f 922 920 929
f 922 929 931
f 921 923 932
f 921 932 930
f 918 922 931
f 918 931 927
f 924 918 927
f 924 927 933
f 923 919 928
f 923 928 932
f 920 925 934
f 920 934 929
f 919 924 933
f 919 933 928
f 925 921 930
f 925 930 934
f 943 940 938
f 943 938 942
f 941 936 940
f 941 940 943
f 935 941 943
f 935 943 939
f 939 943 942
f 939 942 937
f 939 937 946
f 939 946 948
f 938 940 949
f 938 949 947
f 935 939 948
f 935 948 944
f 941 935 944
f 941 944 950
f 940 936 945
f 940 945 949
f 937 942 951
f 937 951 946
f 936 941 950
f 936 950 945
f 942 938 947
f 942 947 951
f 960 957 955
f 960 955 959
f 958 953 957
f 958 957 960
f 952 958 960
f 952 960 956
f 956 960 959
f 956 959 954
f 956 954 963
f 956 963 965
f 955 957 966
f 955 966 964
f 952 956 965
f 952 965 961
f 958 952 961
f 958 961 967
f 957 953 962
f 957 962 966
f 954 959 968
f 954 968 963
f 953 958 967
f 953 967 962
f 959 955 964
f 959 964 968
f 977 974 972
f 977 972 976
f 975 970 974
f 975 974 977
f 969 975 977
f 969 977 973
f 973 977 976
f 973 976 971
f 973 971 980
f 973 980 982
f 972 974 983
f 972 983 981
f 969 973 982
f 969 982 978
f 975 969 978
f 975 978 984
f 974 970 979
f 974 979 983
f 971 976 985
f 971 985 980
f 970 975 984
f 970 984 979
f 976 972 981
f 976 981 985
f 994 991 989
f 994 989 993
f 992 987 991
f 992 991 994
f 986 992 994
f 986 994 990
f 990 994 993
f 990 993 988
f 990 988 997
f 990 997 999
f 989 991 1000
f 989 1000 998
f 986 990 999
f 986 999 995
f 992 986 995
f 992 995 1001
f 991 987 996
f 991 996 1000
f 988 993 1002
f 988 1002 997
f 987 992 1001
f 987 1001 996
f 993 989 998
f 993 998 1002
f 1011 1008 1006
f 1011 1006 1010
f 1009 1004 1008
f 1009 1008 1011
f 1003 1009 1011
f 1003 1011 1007
f 1007 1011 1010
f 1007 1010 1005
f 1007 1005 1014
f 1007 1014 1016
f 1006 1008 1017
f 1006 1017 1015
f 1003 1007 1016
f 1003 1016 1012
f 1009 1003 1012
f 1009 1012 1018
f 1008 1004 1013
f 1008 1013 1017
f 1005 1010 1019
f 1005 1019 1014
f 1004 1009 1018
f 1004 1018 1013
f 1010 1006 1015
f 1010 1015 1019
f 1028 1025 1023
f 1028 1023 1027
f 1026 1021 1025
f 1026 1025 1028
f 1020 1026 1028
f 1020 1028 1024
f 1024 1028 1027
f 1024 1027 1022
f 1024 1022 1031
f 1024 1031 1033
f 1023 1025 1034
f 1023 1034 1032
f 1020 1024 1033
f 1020 1033 1029
f 1026 1020 1029
f 1026 1029 1035
f 1025 1021 1030
f 1025 1030 1034
f 1022 1027 1036
f 1022 1036 1031
f 1021 1026 1035
f 1021 1035 1030
f 1027 1023 1032
f 1027 1032 1036
