time/time_elapsed,train/critic_loss,train/ent_coef,train/n_updates,train/actor_loss,train/ent_coef_loss,time/fps,train/learning_rate,time/total_timesteps,time/episodes,rollout/ep_len_mean,rollout/ep_rew_mean
2,199.24867248535156,1.006065011024475,79,73.09557342529297,-0.1389128565788269,151,0.0001,420,4,54.75,-100537.5
6,198.48252868652344,1.0150398015975952,207,76.54020690917969,-0.25755539536476135,139,0.0001,932,8,79.375,-100783.75
11,3.3688008785247803,1.0257705450057983,369,81.63252258300781,-0.309981107711792,136,0.0001,1580,12,89.58333333333333,-100043.75
14,588.711181640625,1.03135085105896,461,91.2830581665039,-0.3944869637489319,135,0.0001,1948,16,113.0,-98439.2331730625
19,3.5408899784088135,1.0430924892425537,635,105.82205963134766,-0.5303763747215271,134,0.0001,2644,20,110.3,-98424.38653845
23,198.67709350585938,1.053481101989746,774,118.21065521240234,-0.6148592233657837,134,0.0001,3200,24,125.58333333333333,-98576.884615375
28,23.29085922241211,1.065479040145874,924,130.56427001953125,-0.7408271431922913,133,0.0001,3800,28,127.07142857142857,-98239.47252746428
31,978.9710083007812,1.0734283924102783,1018,140.12088012695312,-0.8362725377082825,133,0.0001,4176,32,124.25,-98588.91346153125
36,803.5341186523438,1.0869863033294678,1172,150.9630584716797,-0.9264175295829773,133,0.0001,4792,36,126.30555555555556,-98903.20085469444
43,978.9552612304688,1.1109925508499146,1427,171.2736053466797,-1.2380132675170898,132,0.0001,5812,40,132.825,-99203.380769225
48,218.37301635742188,1.1251821517944336,1570,179.91787719726562,-1.295534610748291,132,0.0001,6384,44,133.0681818181818,-99398.07342656818
52,4.1771159172058105,1.1398521661758423,1715,190.26376342773438,-1.4182145595550537,131,0.0001,6964,48,138.77083333333334,-99615.3173076875
58,23.803617477416992,1.1589514017105103,1898,203.11361694335938,-1.7269132137298584,131,0.0001,7696,52,141.8846153846154,-99397.11982248077
61,199.3155059814453,1.171584963798523,2015,209.1968231201172,-1.8601500988006592,131,0.0001,8164,56,141.80357142857142,-99175.37614467856
65,413.7330017089844,1.18375563621521,2125,216.84786987304688,-1.916387677192688,131,0.0001,8604,60,136.95,-99109.01773503333
69,199.3945770263672,1.1997898817062378,2268,225.54527282714844,-2.094205856323242,131,0.0001,9176,64,139.34375,-99273.61037659374
77,4.743908405303955,1.229328989982605,2524,245.04052734375,-2.5466866493225098,131,0.0001,10200,68,139.14705882352942,-99395.75094267646
82,4.841794013977051,1.2475656270980835,2678,246.99392700195312,-2.469515800476074,131,0.0001,10816,72,146.91666666666666,-99428.46964030556
89,199.7188262939453,1.2768527269363403,2918,262.3882141113281,-2.9118452072143555,131,0.0001,11776,76,145.1315789473684,-99517.49755397368
93,589.3555908203125,1.2925437688827515,3043,267.11468505859375,-3.0699820518493652,131,0.0001,12276,80,150.45,-99666.872676275
97,219.4234619140625,1.310774803161621,3187,273.2548522949219,-2.975083351135254,131,0.0001,12852,84,148.78571428571428,-99617.3192155
102,200.07276916503906,1.3310093879699707,3343,280.93743896484375,-2.963892936706543,131,0.0001,13476,88,145.6590909090909,-99670.62288752272
106,589.603271484375,1.3489593267440796,3480,287.1296081542969,-3.483968734741211,131,0.0001,14024,92,147.9673913043478,-99770.92189241304
110,394.6065979003906,1.365037202835083,3602,291.230224609375,-3.6337504386901855,131,0.0001,14512,96,148.33333333333334,-99735.72723022917
113,394.9192810058594,1.3780909776687622,3699,295.593994140625,-3.640401840209961,131,0.0001,14900,100,147.16,-99486.65369657999
118,5.4412407875061035,1.3985377550125122,3848,301.3442077636719,-3.9649949073791504,131,0.0001,15496,104,150.94,-99424.45369658
124,414.53021240234375,1.4271245002746582,4052,309.78143310546875,-4.118087291717529,131,0.0001,16312,108,153.1,-99346.05369658001
130,590.2335205078125,1.4566748142242432,4259,319.5361328125,-4.348361015319824,131,0.0001,17140,112,155.06,-99062.64536325
136,395.1913146972656,1.4873892068862915,4469,326.1952209472656,-4.454613208770752,131,0.0001,17980,116,158.49,-99424.81805556
143,784.8455810546875,1.5186877250671387,4678,335.27056884765625,-4.616026878356934,131,0.0001,18816,120,163.52,-99479.91805555999
148,1368.451904296875,1.5451915264129639,4852,345.02490234375,-5.18757963180542,131,0.0001,19512,124,163.56,-99265.79861111999
155,784.9326171875,1.5784063339233398,5066,348.5629577636719,-4.864926338195801,131,0.0001,20368,128,164.28,-99274.28611112
160,220.63072204589844,1.6014288663864136,5212,356.77752685546875,-4.891894340515137,130,0.0001,20952,132,167.36,-99196.33611112
170,396.12689208984375,1.6508162021636963,5517,365.6603088378906,-5.545382499694824,129,0.0001,22172,136,169.82,-98909.18611112
177,590.4984130859375,1.6832576990127563,5712,372.7944030761719,-5.9538679122924805,129,0.0001,22952,140,173.26,-98619.67361112
181,590.5736694335938,1.706499457359314,5849,379.1790771484375,-6.614566802978516,129,0.0001,23500,144,173.54,-98413.50861112
187,610.2691650390625,1.7404152154922485,6046,389.069091796875,-7.09177303314209,129,0.0001,24288,148,170.81,-98286.20861112
194,415.6366271972656,1.7810618877410889,6277,395.0244445800781,-7.412700176239014,129,0.0001,25212,152,171.82,-98392.20861112
198,202.29161071777344,1.8040872812271118,6406,397.45556640625,-6.478442192077637,129,0.0001,25728,156,175.45,-98431.17527779
205,590.9503173828125,1.8428646326065063,6620,403.5706481933594,-7.000893592834473,129,0.0001,26584,160,179.39,-98570.57527779
208,396.64947509765625,1.859291672706604,6710,406.0218200683594,-6.775978088378906,129,0.0001,26944,164,179.21,-98568.77527779
215,8.099553108215332,1.9006240367889404,6930,413.0350646972656,-7.269381523132324,129,0.0001,27824,168,179.91,-98474.02527779
220,27.4702205657959,1.933701753616333,7103,422.7645263671875,-8.504888534545898,129,0.0001,28516,172,176.21,-98439.61277779
227,202.5433807373047,1.97464120388031,7313,426.2806396484375,-7.512519836425781,128,0.0001,29356,176,178.1,-98358.51277779
231,416.96978759765625,2.001774311065674,7450,435.596435546875,-8.2909517288208,128,0.0001,29904,180,176.3,-98139.26277779
235,8.544683456420898,2.0256597995758057,7569,442.0681457519531,-9.29339599609375,128,0.0001,30380,184,176.64,-98243.41277779
241,202.81134033203125,2.062148332595825,7748,444.12359619140625,-8.050817489624023,128,0.0001,31096,188,181.09,-98180.46277779
248,9.063758850097656,2.102854013442993,7943,453.02398681640625,-8.490234375,128,0.0001,31876,192,179.3,-98054.68777779
254,397.8692626953125,2.143319606781006,8133,464.14947509765625,-7.991014003753662,128,0.0001,32636,196,180.67,-98173.63777779
260,203.4849090576172,2.1798183917999268,8302,467.828125,-9.10626220703125,127,0.0001,33312,200,183.86,-98411.50722223
264,397.9566955566406,2.2118752002716064,8448,473.7767333984375,-9.007997512817383,127,0.0001,33896,204,181.9,-98391.00722223
267,417.3192443847656,2.23325777053833,8544,478.43743896484375,-9.095069885253906,127,0.0001,34280,208,181.68,-98388.80722222998
272,612.205078125,2.266082286834717,8691,486.0287170410156,-9.673568725585938,127,0.0001,34868,212,179.83,-98774.36555556
278,9.877739906311035,2.306976556777954,8870,493.4207763671875,-10.405750274658203,127,0.0001,35584,216,176.28,-98333.62805556
283,203.98980712890625,2.3379766941070557,9004,494.954345703125,-9.861922264099121,127,0.0001,36120,220,174.64,-98417.22805555999
290,10.399091720581055,2.392547130584717,9235,508.786865234375,-10.28516960144043,127,0.0001,37044,224,173.29,-98522.36
294,224.48121643066406,2.419806957244873,9349,510.4427490234375,-9.739019393920898,127,0.0001,37500,228,172.93,-98620.5475
300,204.25552368164062,2.4629526138305664,9526,523.3392333984375,-10.141838073730469,127,0.0001,38208,232,171.62,-98516.1975
309,205.52093505859375,2.535618543624878,9817,530.61865234375,-10.220391273498535,127,0.0001,39372,236,173.02,-98639.9975
314,11.297499656677246,2.577054977416992,9979,540.937744140625,-10.979084014892578,127,0.0001,40020,240,171.36,-98947.31
320,224.8293914794922,2.624648332595825,10162,549.4010009765625,-11.69853401184082,127,0.0001,40752,244,171.2,-99052.725
326,418.9210510253906,2.6789252758026123,10366,552.2237548828125,-10.339987754821777,127,0.0001,41568,248,175.38,-99194.525
330,399.57110595703125,2.7106244564056396,10484,565.5079345703125,-12.62302017211914,127,0.0001,42040,252,172.79,-99272.875
336,846.8226318359375,2.766186237335205,10688,574.9739990234375,-12.044267654418945,127,0.0001,42856,256,170.0,-99345.35
340,787.9868774414062,2.7985808849334717,10804,574.9013671875,-11.859066009521484,127,0.0001,43320,260,169.94,-99244.75
344,206.6085662841797,2.8342912197113037,10931,590.9360961914062,-11.962265014648438,127,0.0001,43828,264,166.65,-99211.85
348,206.4713897705078,2.8784310817718506,11086,598.527587890625,-11.871936798095703,127,0.0001,44448,268,166.78,-99214.5
356,401.1298522949219,2.9485085010528564,11328,601.3087158203125,-12.26370620727539,127,0.0001,45416,272,165.35,-99309.425
359,207.2696990966797,2.985128879547119,11452,615.736572265625,-12.233070373535156,127,0.0001,45912,276,169.63,-99452.225
369,246.00880432128906,3.072312593460083,11741,628.92236328125,-12.4312162399292,127,0.0001,47068,280,166.71,-99522.7
377,420.97265625,3.148548126220703,11987,647.5084228515625,-13.351766586303711,127,0.0001,48052,284,170.03,-99347.325
382,227.06875610351562,3.1958956718444824,12137,652.3882446289062,-14.121458053588867,127,0.0001,48652,288,174.71,-99199.285
387,208.68545532226562,3.246163845062256,12293,658.5148315429688,-13.399253845214844,127,0.0001,49276,292,173.55,-99295.56
395,810.6658325195312,3.315547227859497,12504,673.0157470703125,-14.039532661437988,126,0.0001,50120,296,173.24,-99090.485
402,14.50117015838623,3.3844430446624756,12710,680.794921875,-14.64188003540039,126,0.0001,50944,300,172.45,-98978.3475
409,402.8615417480469,3.4633405208587646,12941,696.3619384765625,-13.965892791748047,126,0.0001,51868,304,177.04,-99024.4475
415,15.666834831237793,3.522794485092163,13111,710.7598876953125,-15.043266296386719,126,0.0001,52548,308,180.13,-98734.74290597999
427,15.956171989440918,3.649707317352295,13465,724.4583740234375,-14.721357345581055,126,0.0001,53964,312,187.56,-98709.04290598
434,617.57275390625,3.725938320159912,13672,738.350341796875,-15.347399711608887,126,0.0001,54792,316,192.27,-98948.98540598
439,984.3653564453125,3.755409002304077,13835,657.5191650390625,-1.6161917448043823,126,0.0001,55444,320,191.36,-98939.88540597999
444,33.640323638916016,3.761632204055786,14010,629.5570068359375,-0.8555276989936829,126,0.0001,56144,324,193.01,-99059.09790598
449,402.1863098144531,3.767934799194336,14187,617.5975952148438,0.8284740447998047,126,0.0001,56852,328,192.61,-99050.67290598
452,207.22970581054688,3.7715437412261963,14285,611.0640869140625,-1.1577671766281128,126,0.0001,57244,332,191.43,-99238.87290598
460,13.499064445495605,3.7813918590545654,14530,591.3995361328125,-0.2728279232978821,126,0.0001,58224,336,188.92,-99415.72290598
466,227.2828369140625,3.789902687072754,14732,578.1033935546875,-0.9453597068786621,126,0.0001,59032,340,187.4,-99200.07846153999
475,401.6135559082031,3.8046112060546875,15037,555.68701171875,-1.5871514081954956,126,0.0001,60252,344,194.25,-99270.52846154
480,790.12158203125,3.813403844833374,15202,549.37890625,-1.1950243711471558,126,0.0001,60912,348,193.31,-99060.6840171
484,208.61468505859375,3.8195712566375732,15316,547.5194091796875,-1.325458288192749,126,0.0001,61368,352,194.36,-98970.3340171
496,401.6883850097656,3.846937417984009,15712,526.5950927734375,-1.3884927034378052,126,0.0001,62952,356,198.13,-99007.6090171
501,14.761938095092773,3.8585684299468994,15857,525.5496215820312,-2.366779327392578,126,0.0001,63532,360,200.78,-99134.1090171
508,206.72927856445312,3.857353687286377,16063,470.92919921875,5.396171569824219,126,0.0001,64356,364,205.97,-99078.1340171
514,206.6954345703125,3.7750813961029053,16250,449.4378967285156,5.730414390563965,126,0.0001,65104,368,208.02,-99098.8590171
519,224.7180633544922,3.709820032119751,16404,421.4396667480469,6.196045398712158,126,0.0001,65720,372,207.4,-99092.6590171
525,206.3779754638672,3.623396396636963,16617,413.15289306640625,5.445073127746582,126,0.0001,66572,376,204.03,-98957.9090171
534,206.1727752685547,3.514514923095703,16897,387.18994140625,5.716671466827393,126,0.0001,67692,380,208.39,-98897.8590171
540,30.100753784179688,3.4472126960754395,17078,364.92303466796875,6.105715274810791,126,0.0001,68416,384,209.12,-99113.7340171
546,225.92498779296875,3.375037670135498,17278,359.93865966796875,4.8222198486328125,126,0.0001,69216,388,204.5,-99266.2740171
552,11.416559219360352,3.3164286613464355,17445,345.4847412109375,5.032540798187256,126,0.0001,69884,392,207.12,-99292.4740171
559,49.796756744384766,3.240654706954956,17668,322.96307373046875,5.718071937561035,126,0.0001,70776,396,206.66,-99186.69623932001
567,224.66448974609375,3.1563334465026855,17923,313.0928039550781,4.880929946899414,126,0.0001,71796,400,212.79,-99453.10873932
575,206.54449462890625,3.0747623443603516,18181,307.0433349609375,4.975250244140625,126,0.0001,72828,404,211.26,-99538.50873932001
585,592.845703125,2.972916603088379,18510,278.69232177734375,5.3078203201293945,126,0.0001,74144,408,214.34,-99989.91333334
596,28.74393653869629,2.8830864429473877,18814,265.5960693359375,4.852327346801758,126,0.0001,75360,412,216.13,-100107.81333333999
608,592.56689453125,2.7779271602630615,19183,266.9807434082031,4.498342514038086,126,0.0001,76836,416,217.5,-100232.75833334001
614,223.80908203125,2.72904634475708,19360,249.19247436523438,4.7278361320495605,126,0.0001,77544,420,219.13,-100249.05833334001
621,10.793396949768066,2.672234058380127,19570,250.4224853515625,4.692492485046387,126,0.0001,78384,424,220.56,-100263.35833334
626,243.35589599609375,2.6310927867889404,19724,244.89781188964844,4.456910133361816,126,0.0001,79000,428,222.57,-100490.20833334001
635,9.969239234924316,2.5562310218811035,20011,234.4696044921875,4.728315830230713,126,0.0001,80148,432,226.25,-100527.00833334001
646,828.44189453125,2.4687883853912354,20359,235.83168029785156,4.33407735824585,126,0.0001,81540,436,231.75,-100382.00833334001
652,417.86822509765625,2.42227840423584,20548,223.10415649414062,3.901596784591675,126,0.0001,82296,440,236.69,-100431.85277777999
662,398.67706298828125,2.357090473175049,20824,221.20965576171875,3.9871304035186768,125,0.0001,83400,444,231.27,-100477.65277778
673,9.013786315917969,2.2750110626220703,21179,212.08360290527344,3.5358662605285645,125,0.0001,84820,448,235.39,-100618.42222222
688,222.9157257080078,2.1675736904144287,21664,212.0105743408203,3.822509288787842,125,0.0001,86760,452,248.08,-100531.54722222
692,204.04061889648438,2.1379740238189697,21803,207.0242919921875,3.1166765689849854,126,0.0001,87316,456,247.18,-100216.74779914001
706,592.6744384765625,2.0487983226776123,22231,200.18417358398438,3.5190422534942627,126,0.0001,89028,460,250.84,-100253.34779913998
714,9.69257926940918,1.9944788217544556,22501,201.30462646484375,3.0101943016052246,126,0.0001,90108,464,252.28,-100266.26029913999
725,205.25677490234375,1.9341946840286255,22809,206.78341674804688,2.8000669479370117,125,0.0001,91340,468,258.32,-100426.83529913999
732,29.951805114746094,1.8917347192764282,23031,202.82537841796875,3.031087636947632,125,0.0001,92228,472,264.57,-100376.68529914
743,418.697021484375,1.8293616771697998,23369,198.0499267578125,2.813995122909546,125,0.0001,93580,476,266.64,-100397.53529913998
750,203.30393981933594,1.786036491394043,23610,191.50137329101562,2.638298511505127,125,0.0001,94544,480,269.73,-100633.66029913998
762,202.94493103027344,1.7210935354232788,23982,185.62686157226562,2.3338756561279297,126,0.0001,96032,484,270.14,-100215.72220389999
765,28.040252685546875,1.7016229629516602,24096,185.7386474609375,2.4255237579345703,126,0.0001,96488,488,272.62,-100344.0722039
778,9.749761581420898,1.6318413019180298,24517,188.3721923828125,2.1555979251861572,126,0.0001,98172,492,275.23,-100060.4972039
794,7.931701183319092,1.550543189048767,25031,177.00643920898438,1.9597636461257935,126,0.0001,100228,496,291.48,-100526.14998167999
805,7.69174861907959,1.493576169013977,25407,173.62745666503906,1.742125391960144,126,0.0001,101732,500,294.92,-100234.26664834999
811,396.4151306152344,1.4665111303329468,25592,169.017578125,1.8371009826660156,126,0.0001,102472,504,295.41,-100239.16664834999
820,28.39737319946289,1.4315171241760254,25835,180.09962463378906,1.6976912021636963,126,0.0001,103444,508,296.24,-100146.32914834999
836,26.79612159729004,1.3647632598876953,26315,171.2034912109375,1.359671950340271,125,0.0001,105364,512,294.51,-99819.29164834999
848,397.6303405761719,1.316413164138794,26677,173.3280029296875,1.1298553943634033,125,0.0001,106812,516,297.71,-99851.39164834999
866,25.9572696685791,1.2417538166046143,27264,160.4322509765625,1.0151175260543823,125,0.0001,109160,520,305.4,-99722.66664834999
873,414.48077392578125,1.2147464752197266,27486,164.5138702392578,0.8698989748954773,126,0.0001,110048,524,314.87,-99817.36664834998
883,220.0581512451172,1.1785968542099,27790,156.08462524414062,0.7788177132606506,125,0.0001,111264,528,323.29,-99799.76664834999
900,221.64724731445312,1.119137167930603,28313,162.81021118164062,0.4857654273509979,125,0.0001,113356,532,325.44,-99821.26664834999
914,609.5269775390625,1.0702251195907593,28761,155.13949584960938,0.32117074728012085,125,0.0001,115148,536,337.37,-100034.34164834999
924,201.58663940429688,1.038048267364502,29069,160.22360229492188,0.16645649075508118,125,0.0001,116380,540,335.73,-100115.99164834998
940,6.412596702575684,0.9866883754730225,29582,154.8137969970703,-0.06184457987546921,125,0.0001,118432,544,340.85,-99853.30831501998
947,5.937985420227051,0.9638290405273438,29819,152.25704956054688,-0.14503741264343262,125,0.0001,119380,548,349.16,-98677.45831502
963,222.1537628173828,0.9159308671951294,30331,162.07591247558594,-0.38750192523002625,126,0.0001,121428,552,344.61,-98638.54720391
976,219.1841278076172,0.8793777823448181,30743,149.113525390625,-0.5092934370040894,126,0.0001,123076,556,354.25,-99032.57162698999
992,200.7003173828125,0.8331150412559509,31284,148.73687744140625,-0.7891437411308289,126,0.0001,125240,560,365.9,-98946.07162698999
1003,6.31948184967041,0.8056128025054932,31623,151.95721435546875,-0.9364189505577087,126,0.0001,126596,564,368.18,-98977.44662698999
1013,201.54896545410156,0.7806975245475769,31939,155.4192352294922,-0.9735513925552368,126,0.0001,127860,568,362.74,-98923.04662698999
1022,6.339174747467041,0.7598034739494324,32213,148.86404418945312,-1.1868151426315308,126,0.0001,128956,572,363.73,-99045.59662699
1034,238.3951416015625,0.7311769723892212,32598,136.93997192382812,-1.4849478006362915,126,0.0001,130496,576,372.19,-99231.09662699
1049,415.3074951171875,0.6967474818229675,33086,145.77035522460938,-1.579275369644165,126,0.0001,132448,580,374.48,-98817.14662699
1061,5.670537948608398,0.6708986759185791,33469,145.82321166992188,-1.7247370481491089,126,0.0001,133980,584,382.49,-99319.28472222999
1072,24.872329711914062,0.6460298299789429,33848,141.14671325683594,-1.7751836776733398,126,0.0001,135496,588,388.1,-99375.38472222998
1083,198.42922973632812,0.624558687210083,34187,131.59326171875,-2.258546829223633,126,0.0001,136852,592,393.46,-99637.08472222999
1096,3.894882917404175,0.5987231135368347,34614,133.66653442382812,-2.5317726135253906,126,0.0001,138560,596,386.03,-99462.78472222999
1106,393.2103271484375,0.581002950668335,34915,139.79318237304688,-2.5407397747039795,126,0.0001,139764,600,382.63,-99755.06805556
1119,218.00218200683594,0.5567570328712463,35345,137.62351989746094,-2.491180419921875,126,0.0001,141484,604,389.93,-99828.06805556
1136,197.57403564453125,0.528732419013977,35866,128.44052124023438,-2.6921026706695557,126,0.0001,143568,608,392.62,-99731.20555556
1144,3.7139487266540527,0.5155430436134338,36118,129.80714416503906,-2.720703601837158,126,0.0001,144576,612,390.77,-100022.44305556
1157,393.11553955078125,0.4930264949798584,36567,129.15875244140625,-2.853583812713623,126,0.0001,146372,616,392.9,-99926.04305555999
1164,23.026229858398438,0.4819355010986328,36796,127.67291259765625,-2.965251922607422,126,0.0001,147288,620,392.81,-99714.07805555999
1174,587.7978515625,0.4678100347518921,37096,126.2962646484375,-3.021850347518921,126,0.0001,148488,624,385.87,-99543.55305556
1186,588.6339111328125,0.4503799080848694,37477,125.70781707763672,-3.7448997497558594,126,0.0001,150012,628,384.02,-99169.91805555999
1189,198.2595977783203,0.4456656873226166,37584,128.20140075683594,-3.372652530670166,126,0.0001,150440,632,380.41,-99133.81805556
1209,198.08938598632812,0.41967159509658813,38188,125.64908599853516,-3.681154727935791,126,0.0001,152856,636,366.83,-98969.81805556
1216,3.342043399810791,0.41134756803512573,38391,125.0472640991211,-3.8528828620910645,126,0.0001,153668,640,368.48,-98988.26805556
1234,2.8060617446899414,0.38853561878204346,38963,119.12105560302734,-4.703821182250977,126,0.0001,155956,644,375.64,-98373.85138889
1243,2.483062267303467,0.37744107842445374,39254,119.60783386230469,-4.095334529876709,126,0.0001,157120,648,374.81,-99623.36388889
1251,2.1513001918792725,0.36797329783439636,39508,116.55255126953125,-4.488884449005127,126,0.0001,158136,652,366.81,-99961.15
1269,216.55015563964844,0.3486317992210388,40049,118.31893920898438,-4.615431785583496,126,0.0001,160300,656,367.2,-98965.15
1285,196.6588134765625,0.3310302197933197,40570,112.81936645507812,-4.232542514801025,126,0.0001,162384,660,367.81,-96726.095
1294,1.9838064908981323,0.3211696445941925,40872,115.90670013427734,-4.53546142578125,126,0.0001,163592,664,361.06,-96656.9825
1304,196.7706756591797,0.31157031655311584,41178,112.18792724609375,-5.199880599975586,126,0.0001,164816,668,370.37,-95650.1825
1312,1.7117760181427002,0.3039827048778534,41426,114.2783203125,-4.4971923828125,126,0.0001,165808,672,367.18,-95515.8075
1326,1.9027148485183716,0.29159465432167053,41845,113.14990997314453,-5.822325706481934,126,0.0001,167484,676,367.63,-94419.1575
1335,196.56495666503906,0.2841242551803589,42106,115.70198059082031,-5.248561859130859,126,0.0001,168528,680,362.68,-94806.5075
1347,391.80450439453125,0.27327755093574524,42496,113.42522430419922,-5.993149757385254,126,0.0001,170088,684,358.52,-94764.9075
1360,391.3418884277344,0.2614564597606659,42940,108.05123901367188,-5.657020568847656,126,0.0001,171864,688,355.99,-94638.995
1374,197.60426330566406,0.24993140995502472,43396,115.10857391357422,-5.5473246574401855,126,0.0001,173688,692,362.32,-93679.82
1385,197.62545776367188,0.2415466010570526,43740,112.21342468261719,-6.079580783843994,126,0.0001,175064,696,358.26,-93739.22
1394,391.3623352050781,0.2341872602701187,44051,111.86763000488281,-5.986202239990234,126,0.0001,176308,700,361.44,-92771.12
1405,215.84548950195312,0.22630901634693146,44396,111.09644317626953,-6.0537214279174805,126,0.0001,177688,704,365.49,-91568.32
1413,0.9376832246780396,0.2205604761838913,44656,106.0312271118164,-7.0123467445373535,126,0.0001,178728,708,362.3,-91444.31166667
1421,196.31484985351562,0.21490409970283508,44920,107.40694427490234,-6.42937707901001,126,0.0001,179784,712,359.43,-91313.43666667
1431,21.255952835083008,0.20840811729431152,45230,108.3271713256836,-5.301944255828857,126,0.0001,181024,716,350.98,-91447.68666667
1435,1.9177416563034058,0.20613959431648254,45342,112.36671447753906,-6.5973615646362305,126,0.0001,181472,720,343.04,-91684.97666667
1445,429.3415832519531,0.2000163495540619,45645,111.82154846191406,-6.361716270446777,126,0.0001,182684,724,337.74,-91733.10166667
1457,216.07882690429688,0.19299949705600739,46005,107.26007080078125,-6.156455993652344,126,0.0001,184124,728,336.18,-92068.36166667
1460,1.5259476900100708,0.19107823073863983,46106,109.02348327636719,-5.9158854484558105,126,0.0001,184528,732,340.91,-92115.66166667
1471,586.4923706054688,0.18498943746089935,46432,108.44384765625,-7.159109115600586,126,0.0001,185832,736,336.39,-92204.88666666999
1478,196.8407745361328,0.18058843910694122,46674,110.60331726074219,-7.2794013023376465,126,0.0001,186800,740,338.24,-92323.38666666999
1484,1.0377105474472046,0.17745481431484222,46849,103.78253173828125,-6.174474716186523,126,0.0001,187500,744,323.06,-93171.48666667
1492,430.3074035644531,0.1724260002374649,47138,105.955322265625,-6.797323703765869,126,0.0001,188656,748,311.26,-93055.49916667
1506,1.1036763191223145,0.16540376842021942,47554,105.45707702636719,-7.353151321411133,126,0.0001,190320,752,321.14,-92829.10773809999
1519,1.093869924545288,0.15845336019992828,47984,104.84919738769531,-7.292624473571777,126,0.0001,192040,756,315.19,-93667.25773809999
1531,0.8140530586242676,0.15255510807037354,48366,102.24540710449219,-7.661022186279297,126,0.0001,193568,760,312.84,-95972.5627381
1545,195.64419555664062,0.1457759141921997,48822,102.38946533203125,-8.671101570129395,126,0.0001,195392,764,319.49,-96041.46273809999
1566,410.4372863769531,0.1362009197473526,49507,103.3629379272461,-8.087507247924805,126,0.0001,198132,768,329.03,-97103.4252381
1579,0.8965493440628052,0.13133279979228973,49876,102.83491516113281,-8.375781059265137,126,0.0001,199608,772,337.76,-96293.3002381
1581,0.9153851270675659,0.13036520779132843,49951,103.21841430664062,-8.945895195007324,126,0.0001,199908,776,329.54,-97312.2502381
1591,0.6552247405052185,0.12634217739105225,50267,100.67842102050781,-9.039426803588867,126,0.0001,201172,780,328.53,-97302.15023809999
1597,196.07489013671875,0.1235632672905922,50491,105.6046142578125,-8.6141357421875,126,0.0001,202068,784,322.95,-97246.35023809999
1611,585.804931640625,0.11834264546632767,50926,99.22089385986328,-8.436945915222168,126,0.0001,203808,788,327.52,-97290.03773809999
1621,0.5859594941139221,0.11442377418279648,51267,100.98977661132812,-9.280843734741211,126,0.0001,205172,792,317.14,-98185.01273809999
1636,195.7791748046875,0.10919316858053207,51738,101.51705932617188,-8.516555786132812,126,0.0001,207056,796,320.09,-98084.13773809999
1643,0.9106718301773071,0.10719797015190125,51927,102.33650970458984,-9.016508102416992,126,0.0001,207812,800,318.39,-99067.03773809999
1650,0.6047473549842834,0.10497331619262695,52142,100.77381134033203,-9.719545364379883,126,0.0001,208672,804,306.92,-99991.28773809999
1662,0.5719215273857117,0.10081400722265244,52550,101.59292602539062,-10.25831127166748,126,0.0001,210304,808,302.64,-100265.49607143
1674,195.7884063720703,0.09704987704753876,52935,101.25212097167969,-9.018413543701172,126,0.0001,211844,812,314.45,-99157.79607143
1685,0.7595104575157166,0.09397759288549423,53264,99.75564575195312,-9.093155860900879,126,0.0001,213160,816,318.48,-99198.09607143
1696,195.6952667236328,0.09069313853979111,53626,100.20033264160156,-9.13720417022705,126,0.0001,214608,820,327.23,-99284.24607143
1709,195.57958984375,0.08702097833156586,54045,100.58316040039062,-9.341598510742188,126,0.0001,216284,824,335.03,-99261.59607143
1715,215.22142028808594,0.08542928844690323,54233,99.61112976074219,-8.269098281860352,126,0.0001,217036,828,337.29,-99390.27107143
1720,195.6829376220703,0.08411946892738342,54389,99.01370239257812,-9.520809173583984,126,0.0001,217660,832,328.08,-99298.17107143
1727,0.5001286864280701,0.0821196660399437,54633,100.26515197753906,-9.449281692504883,126,0.0001,218636,836,332.96,-99346.97107143
1738,0.5353649258613586,0.07969589531421661,54938,99.77803802490234,-10.5107421875,126,0.0001,219856,840,328.76,-99304.97107143
1747,0.4934155344963074,0.07781220227479935,55183,98.90953063964844,-10.363348007202148,126,0.0001,220836,844,333.39,-99251.27107143
1766,0.4453047513961792,0.07362697273492813,55747,99.93707275390625,-9.765573501586914,126,0.0001,223092,848,345.97,-99477.07107143
1777,0.5806336998939514,0.0713142529129982,56073,100.47509002685547,-9.721033096313477,126,0.0001,224396,852,340.03,-99640.0875
1789,0.6193684935569763,0.06882030516862869,56440,98.68229675292969,-10.036011695861816,126,0.0001,225864,856,341.49,-99756.9375
1797,0.5575665831565857,0.06741933524608612,56650,97.50520324707031,-8.418787002563477,126,0.0001,226704,860,328.85,-99749.8875
1811,195.64779663085938,0.0644940510392189,57101,99.86083984375,-8.738358497619629,126,0.0001,228508,864,334.32,-98904.6875
1819,0.47736695408821106,0.06304634362459183,57333,99.4963607788086,-11.007587432861328,126,0.0001,229436,868,321.24,-98806.025
1834,0.38282138109207153,0.06017497554421425,57813,99.31202697753906,-10.550507545471191,126,0.0001,231356,872,311.62,-99709.725
1844,585.8369750976562,0.05825994536280632,58145,99.15452575683594,-11.291703224182129,126,0.0001,232684,876,321.14,-99704.925
1853,195.54495239257812,0.05681365355849266,58401,99.94357299804688,-9.534597396850586,126,0.0001,233708,880,325.32,-99746.725
1863,0.490762323141098,0.05500544235110283,58730,100.68067169189453,-10.217272758483887,126,0.0001,235024,884,328.24,-99775.925
1878,0.38273459672927856,0.052614957094192505,59188,99.10801696777344,-9.720300674438477,126,0.0001,236856,888,326.17,-99857.85
1890,195.44676208496094,0.05067145451903343,59575,99.99766540527344,-9.433752059936523,126,0.0001,238404,892,331.75,-100038.925
1895,0.4415353536605835,0.0498090460896492,59750,100.7730712890625,-10.32237434387207,126,0.0001,239104,896,322.01,-100071.9
1906,586.1884765625,0.04736066609621048,60077,97.97265625,-26.28112030029297,126,0.0001,240412,900,324.54,-100097.2
1914,0.5448918342590332,0.04551375284790993,60320,99.65342712402344,-27.249298095703125,126,0.0001,241384,904,327.59,-100227.625
1927,195.4246063232422,0.043016742914915085,60737,98.78526306152344,-27.863208770751953,126,0.0001,243052,908,326.28,-100214.525
1937,195.3548583984375,0.04144398123025894,61048,99.370849609375,-26.847463607788086,126,0.0001,244296,912,320.72,-100387.0
1950,0.3426292836666107,0.03955750912427902,61463,98.25506591796875,-27.37822723388672,126,0.0001,245956,916,328.68,-99466.7
1964,410.1973876953125,0.037790700793266296,61889,97.19508361816406,-28.026432037353516,126,0.0001,247660,920,327.08,-99552.05
1979,195.4176483154297,0.035868849605321884,62392,98.10820007324219,-28.166505813598633,126,0.0001,249672,924,336.45,-98746.5
1983,0.2561964690685272,0.035351864993572235,62534,97.7449951171875,-29.38810920715332,126,0.0001,250240,928,331.42,-98696.2
1995,429.7670593261719,0.034078385680913925,62896,98.70430755615234,-28.405513763427734,126,0.0001,251688,932,335.92,-98741.2
2000,195.45616149902344,0.03354030102491379,63054,98.0210189819336,-28.150014877319336,126,0.0001,252320,936,332.21,-98704.1
2008,195.43482971191406,0.03265949338674545,63319,99.83059692382812,-28.398387908935547,126,0.0001,253380,940,331.59,-98697.9
2021,19.884031295776367,0.03133533149957657,63734,99.84249114990234,-29.210453033447266,126,0.0001,255040,944,338.76,-97869.7
2033,0.26228827238082886,0.030218256637454033,64099,98.06817626953125,-29.975292205810547,126,0.0001,256500,948,334.19,-97407.60038462
2045,0.26496991515159607,0.029215706512331963,64439,96.03096008300781,-29.24231719970703,126,0.0001,257860,952,336.13,-97281.32538462
2052,195.43081665039062,0.028597064316272736,64655,98.15620422363281,-28.96295928955078,126,0.0001,258724,956,330.3,-97223.02538462
2075,0.2767524719238281,0.026579178869724274,65396,97.93724060058594,-28.758527755737305,126,0.0001,261688,960,345.77,-96062.75038462
2081,39.5655403137207,0.026102373376488686,65580,98.52835083007812,-30.15689468383789,126,0.0001,262424,964,344.37,-96922.70038462
2099,195.37376403808594,0.024726472795009613,66130,95.69641876220703,-29.81334686279297,126,0.0001,264624,968,342.37,-97003.90038462
2120,0.24868716299533844,0.02317415177822113,66791,97.83378601074219,-29.289169311523438,126,0.0001,267268,972,357.75,-95157.90038462
2134,0.25634777545928955,0.022192051634192467,67231,96.14735412597656,-29.85099983215332,126,0.0001,269028,976,365.23,-93198.62538462
2139,390.49993896484375,0.021845506504178047,67391,98.04199981689453,-29.07312774658203,126,0.0001,269668,980,358.66,-93132.92538462
2160,195.3690185546875,0.02050008811056614,68039,97.60282897949219,-28.631933212280273,126,0.0001,272260,984,363.43,-93180.62538462
2173,0.2594137489795685,0.019673779606819153,68458,97.80679321289062,-30.781322479248047,126,0.0001,273936,988,368.39,-92230.32538462
2185,195.33901977539062,0.018885381519794464,68874,97.9075927734375,-30.58121109008789,126,0.0001,275600,992,368.43,-92230.72538462
2195,195.32244873046875,0.018306933343410492,69189,97.44660949707031,-31.21976089477539,126,0.0001,276860,996,384.06,-91233.87538462
2201,0.20540881156921387,0.017976034432649612,69374,96.22602081298828,-31.116390228271484,126,0.0001,277600,1000,376.9,-91162.27538462
2208,0.21701788902282715,0.017572568729519844,69604,97.72982025146484,-29.761825561523438,126,0.0001,278520,1004,371.61,-91213.80038462
2218,0.22416700422763824,0.017041968181729317,69915,96.38402557373047,-30.068675994873047,126,0.0001,279764,1008,377.88,-91074.02538462
2235,585.6011352539062,0.01617118902504444,70451,96.36434936523438,-31.548507690429688,126,0.0001,281908,1012,385.58,-92038.72538462
2244,195.3134307861328,0.015728134661912918,70735,97.44219970703125,-30.738983154296875,126,0.0001,283044,1016,372.93,-92810.52538462
2252,195.3414306640625,0.015353049151599407,70981,97.01669311523438,-30.047649383544922,126,0.0001,284028,1020,372.36,-92700.37538462
2259,19.766170501708984,0.01498047262430191,71233,96.67500305175781,-29.979808807373047,126,0.0001,285036,1024,353.9,-93515.67538462
2268,195.32872009277344,0.01456595491617918,71523,96.81602478027344,-28.10112762451172,126,0.0001,286196,1028,355.46,-93531.27538462
2283,195.28109741210938,0.013881704770028591,72019,95.82237243652344,-30.828357696533203,126,0.0001,288180,1032,366.7,-92430.87038462
2299,195.3126220703125,0.013219381682574749,72523,96.66676330566406,-29.46605682373047,126,0.0001,290196,1036,377.64,-91287.40371795
2303,0.19139380753040314,0.013013751246035099,72685,96.2625732421875,-31.41156578063965,126,0.0001,290844,1040,375.78,-91268.80371795001
2312,0.1899784803390503,0.0126750273630023,72959,96.91838073730469,-28.861087799072266,126,0.0001,291940,1044,365.39,-92064.80371795001
2318,195.3171844482422,0.012438318692147732,73156,97.77751159667969,-27.606952667236328,126,0.0001,292728,1048,366.18,-92377.02833333
2336,0.23457318544387817,0.011790590360760689,73718,98.90663146972656,-27.783058166503906,126,0.0001,294976,1052,359.7,-92460.67833333001
2345,390.4298400878906,0.01148213166743517,73996,97.55484008789062,-27.264747619628906,126,0.0001,296088,1056,373.96,-91497.15333333
2352,0.20694224536418915,0.01123724039644003,74221,96.81761932373047,-28.220783233642578,126,0.0001,296988,1060,361.8,-91690.62833333001
2356,195.2948455810547,0.011101731099188328,74348,96.23770141601562,-28.37747573852539,126,0.0001,297496,1064,351.37,-91712.27833333
2368,214.897705078125,0.010689680464565754,74747,96.16754150390625,-26.229755401611328,126,0.0001,299092,1068,347.8,-91576.57833333
2381,0.17274640500545502,0.01025954820215702,75179,93.73519134521484,-28.601871490478516,126,0.0001,300820,1072,343.1,-93396.37833333001
2392,195.29446411132812,0.009905274957418442,75550,96.83258056640625,-25.54430389404297,126,0.0001,302304,1076,331.03,-94245.20333333
2404,0.1920124888420105,0.009549950249493122,75941,94.99716186523438,-27.833555221557617,126,0.0001,303868,1080,336.5,-94299.90333333
2411,195.2989044189453,0.009351025335490704,76165,96.52151489257812,-26.745452880859375,126,0.0001,304764,1084,325.94,-94194.30333333001
2418,0.17303068935871124,0.009140865877270699,76405,96.47322845458984,-27.600191116333008,126,0.0001,305724,1088,325.31,-93986.58111111
2431,195.3075714111328,0.00880452897399664,76806,96.8927001953125,-27.1645450592041,126,0.0001,307328,1092,322.38,-93608.80111111
2439,0.19997549057006836,0.008570044301450253,77089,96.68594360351562,-26.215818405151367,126,0.0001,308460,1096,313.83,-94463.65944444001
2444,0.1952746957540512,0.008435689844191074,77257,96.03766632080078,-25.504262924194336,126,0.0001,309132,1100,314.41,-94268.40944444001
2454,0.1920858919620514,0.008186313323676586,77576,98.30303192138672,-24.134075164794922,126,0.0001,310408,1104,319.95,-94323.80944444
2468,195.3094940185547,0.007835040800273418,78043,95.80648040771484,-20.83893585205078,126,0.0001,312276,1108,316.87,-94495.48444444001
2486,0.23219764232635498,0.007428289391100407,78623,96.03938293457031,-24.096385955810547,126,0.0001,314596,1112,313.65,-94515.18444444
2500,0.2255098819732666,0.007120672147721052,79094,90.72090911865234,-21.886951446533203,126,0.0001,316480,1116,320.12,-93516.33444444001
2511,195.30584716796875,0.006895986385643482,79458,93.01555633544922,-22.68029022216797,126,0.0001,317936,1120,329.43,-91190.505
2518,390.4329833984375,0.0067564561031758785,79687,91.27835845947266,-23.376251220703125,126,0.0001,318852,1124,338.14,-91018.055
2521,214.89743041992188,0.0066912113688886166,79796,93.09854125976562,-20.749073028564453,126,0.0001,319288,1128,335.16,-90737.105
2528,0.22938044369220734,0.0065600452944636345,80019,91.29231262207031,-17.237985610961914,126,0.0001,320180,1132,322.48,-91823.11
2536,585.5409545898438,0.006402905564755201,80297,93.97947692871094,-16.43641471862793,126,0.0001,321292,1136,311.71,-92762.27166667
2544,780.8778076171875,0.006260561756789684,80554,88.87542724609375,-19.77344512939453,126,0.0001,322320,1140,313.64,-92642.72166667
2554,0.22476433217525482,0.006082892883569002,80881,91.80516052246094,-17.654399871826172,126,0.0001,323628,1144,314.83,-92648.54666667
2568,195.3026580810547,0.005858064629137516,81307,89.82920837402344,-15.793395042419434,126,0.0001,325332,1148,311.92,-91459.62166666999
2577,0.22081315517425537,0.005704488139599562,81621,89.08821105957031,-14.155525207519531,126,0.0001,326588,1152,325.64,-90525.37166666999
2584,195.34437561035156,0.005604427773505449,81840,91.54513549804688,-15.714075088500977,126,0.0001,327464,1156,313.49,-91195.62166666999
2596,195.32037353515625,0.005428568925708532,82220,89.63223266601562,-14.084485054016113,126,0.0001,328984,1160,314.48,-90935.96333333998
2604,195.4556121826172,0.005308878142386675,82498,89.38570404052734,-15.673203468322754,126,0.0001,330096,1164,323.18,-90811.93833333999
2617,390.44378662109375,0.005137647036463022,82910,86.79014587402344,-9.71572494506836,126,0.0001,331744,1168,326.91,-90837.61333333999
2627,0.17946279048919678,0.005009717307984829,83215,90.37484741210938,-11.373146057128906,126,0.0001,332964,1172,324.57,-90658.33833333998
2631,19.845613479614258,0.004962644074112177,83333,88.320556640625,-9.825098991394043,126,0.0001,333436,1176,316.7,-91620.63833333999
2641,0.18614228069782257,0.004849115386605263,83631,88.47378540039062,-12.254814147949219,126,0.0001,334628,1180,310.04,-91554.03833334
2646,0.19161030650138855,0.004786642733961344,83795,88.76971435546875,-8.227425575256348,126,0.0001,335284,1184,318.13,-91402.81333333999
2655,195.409423828125,0.004676901735365391,84093,88.3480224609375,-14.517993927001953,126,0.0001,336476,1188,305.38,-92476.63555555999
2667,390.4168395996094,0.004548081662505865,84460,87.86793518066406,-8.323999404907227,126,0.0001,337944,1192,297.01,-92741.41555555999
2675,409.9757995605469,0.004466645885258913,84691,87.6414566040039,-6.960693836212158,126,0.0001,338868,1196,305.72,-91940.25722223
2687,0.20640629529953003,0.00433478644117713,85091,82.30643463134766,-8.721809387207031,126,0.0001,340468,1200,308.71,-92037.15722222999
2696,0.18101753294467926,0.004241187125444412,85390,87.39312744140625,-9.4544677734375,126,0.0001,341664,1204,312.48,-92074.85722222998
2706,0.19668321311473846,0.0041414666920900345,85707,84.46170806884766,-4.290237903594971,126,0.0001,342932,1208,314.92,-91990.55722222998
2728,0.2112855166196823,0.003913422115147114,86425,88.30812072753906,-6.122287750244141,126,0.0001,345804,1212,306.06,-91959.48222222998
2735,0.18205159902572632,0.003861959557980299,86636,85.40789794921875,-4.668944358825684,126,0.0001,346648,1216,312.31,-91779.00722223
2741,0.190494567155838,0.0038132115732878447,86839,86.60443878173828,-5.838515758514404,126,0.0001,347460,1220,303.94,-93054.28666667
2752,195.31768798828125,0.0037248253356665373,87196,84.67832946777344,-3.0194342136383057,126,0.0001,348888,1224,298.77,-93262.13666666999
2756,0.18895205855369568,0.003695334540680051,87323,85.44166564941406,0.6786191463470459,126,0.0001,349396,1228,301.34,-93538.98666667
2766,195.29920959472656,0.0036385313142091036,87646,86.49957275390625,-5.163620948791504,126,0.0001,350688,1232,305.08,-93576.38666666999
2773,195.36338806152344,0.0035978408996015787,87888,84.87980651855469,-1.682694435119629,126,0.0001,351656,1236,308.77,-93703.54166666999
2779,0.20511029660701752,0.003571406938135624,88073,80.73216247558594,0.018922150135040283,126,0.0001,352396,1240,306.51,-93819.79166666999
2788,0.23410162329673767,0.003546277992427349,88357,85.01805114746094,2.5400147438049316,126,0.0001,353532,1244,309.06,-93648.61111111
2798,585.5451049804688,0.0035407019313424826,88655,85.96884155273438,3.2346487045288086,126,0.0001,354724,1248,302.12,-94851.11111111
2807,195.32115173339844,0.003556328359991312,88913,84.8501205444336,-0.8553674221038818,126,0.0001,355756,1252,290.16,-95793.88611111
2810,195.31991577148438,0.0035636904649436474,89029,85.23129272460938,-0.4246574640274048,126,0.0001,356220,1256,286.09,-96067.56111111
2817,214.87327575683594,0.003604602999985218,89234,87.84573364257812,2.2263870239257812,126,0.0001,357040,1260,286.24,-96338.61944444
2821,0.2057228535413742,0.0036279147025197744,89387,87.37043762207031,4.256013870239258,126,0.0001,357652,1264,276.27,-96449.94444444001
2826,0.24357448518276215,0.003645634278655052,89516,88.2188720703125,4.913580894470215,126,0.0001,358168,1268,271.67,-96413.09444444001
2833,195.3086395263672,0.0036946230102330446,89744,86.64927673339844,-1.9993517398834229,126,0.0001,359080,1272,263.59,-96520.49444444
2838,19.879669189453125,0.003717729588970542,89937,86.39301300048828,-3.2292308807373047,126,0.0001,359852,1276,260.74,-96615.54444444
2845,19.8123722076416,0.003743659006431699,90170,86.08319091796875,1.7288070917129517,126,0.0001,360784,1280,263.28,-96435.31111111
2861,0.20260532200336456,0.0037760843988507986,90684,87.10614776611328,0.5247663259506226,126,0.0001,362840,1284,259.21,-96521.48611111
2870,195.27175903320312,0.0037935650907456875,90987,84.35208129882812,4.836669921875,126,0.0001,364052,1288,267.01,-95439.28611111
2878,390.3856506347656,0.0038180022966116667,91246,84.08158874511719,1.0208466053009033,126,0.0001,365088,1292,282.73,-95094.97149573
2883,0.2065621018409729,0.0038408676628023386,91416,84.82484436035156,-0.9809103012084961,126,0.0001,365768,1296,272.24,-95882.07149572998
2887,195.4012451171875,0.003847211366519332,91543,87.95838928222656,2.442610263824463,126,0.0001,366276,1300,262.89,-95822.24649572998
2895,195.32359313964844,0.0038304149638861418,91805,85.56383514404297,1.5685582160949707,126,0.0001,367324,1304,253.07,-95724.04649572998
2900,195.2515106201172,0.0038101347163319588,91960,83.55238342285156,-1.1911039352416992,126,0.0001,367944,1308,249.12,-95671.12149572998
2908,195.28463745117188,0.0037582197692245245,92230,86.2458267211914,-0.5113145709037781,126,0.0001,369024,1312,245.04,-95733.09649572999
2913,585.591796875,0.0037308461032807827,92385,83.55818176269531,3.570181131362915,126,0.0001,369644,1316,237.96,-96828.07149572998
2919,0.18479205667972565,0.0037111262790858746,92567,88.31056213378906,-4.127948760986328,126,0.0001,370372,1320,228.02,-97791.57149572998
2929,195.31817626953125,0.003673395374789834,92867,86.31321716308594,0.7925450801849365,126,0.0001,371572,1324,230.2,-97388.10149572998
2937,195.37832641601562,0.003655756823718548,93124,84.76280212402344,-1.4695743322372437,126,0.0001,372600,1328,223.07,-97316.80149572999
2945,195.3228302001953,0.003622692544013262,93343,86.34619140625,-2.4942378997802734,126,0.0001,373476,1332,223.36,-97200.20149572998
2952,410.0954284667969,0.0035841851495206356,93567,81.6983871459961,0.8556787967681885,126,0.0001,374372,1336,225.6,-97237.00149572999
2961,410.009521484375,0.0035433468874543905,93862,84.62213134765625,1.7175087928771973,126,0.0001,375552,1340,224.62,-97227.20149572998
2972,0.22792308032512665,0.0035150533076375723,94224,83.14976501464844,-3.6847524642944336,126,0.0001,377000,1344,223.89,-97403.45705129
2984,0.1829875409603119,0.003468034090474248,94571,82.34645080566406,-1.3006958961486816,126,0.0001,378388,1348,234.31,-96345.58205129
2994,0.20095475018024445,0.0034276547376066446,94896,80.4043960571289,-1.1029459238052368,126,0.0001,379688,1352,240.63,-95349.48205128999
3005,390.47503662109375,0.003407987067475915,95211,85.67460632324219,1.5504508018493652,126,0.0001,380948,1356,247.89,-95276.03205128999
3016,195.31016540527344,0.0033570346422493458,95569,79.02705383300781,-0.4100187420845032,126,0.0001,382380,1360,250.57,-95838.80205129
3025,195.36795043945312,0.0033312246669083834,95875,78.700927734375,-1.6992712020874023,126,0.0001,383604,1364,257.26,-95805.70205128999
3043,390.4795227050781,0.003301546908915043,96468,81.42225646972656,0.8014763593673706,126,0.0001,385976,1368,269.03,-94899.80205129
3055,0.22914822399616241,0.0033321427181363106,96839,83.08917999267578,6.663173198699951,126,0.0001,387460,1372,279.04,-93985.07705128999
3066,410.13214111328125,0.003373043378815055,97150,81.83604431152344,-1.5819520950317383,126,0.0001,388704,1376,281.35,-93907.77705128999
3075,0.23642705380916595,0.0033804341219365597,97424,82.68313598632812,-1.7959697246551514,126,0.0001,389800,1380,288.95,-92973.96038462
3091,0.24576517939567566,0.0034029921516776085,97904,80.75007629394531,2.3542041778564453,126,0.0001,391720,1384,295.17,-93141.41038462
3106,215.11151123046875,0.0034681730903685093,98381,82.14900970458984,-1.3355046510696411,126,0.0001,393628,1388,300.28,-93013.78538462
3113,195.27134704589844,0.003487624228000641,98591,82.99790954589844,-4.426703453063965,126,0.0001,394468,1392,296.74,-92480.0
3117,19.766033172607422,0.0034819345455616713,98717,80.37071228027344,-0.5520269870758057,126,0.0001,394972,1396,291.95,-92541.15
3132,19.79542350769043,0.0034503070637583733,99182,78.67887878417969,-2.5372612476348877,126,0.0001,396832,1400,299.54,-92717.425
3149,585.4884033203125,0.0034815261606127024,99735,84.03021240234375,3.249764919281006,126,0.0001,399044,1404,309.87,-92820.725
3158,195.4789276123047,0.0035659989807754755,100038,86.27923583984375,0.7881677150726318,126,0.0001,400256,1408,315.69,-92899.85
3179,19.929065704345703,0.0037147486582398415,100747,82.53533935546875,1.0853501558303833,126,0.0001,403092,1412,330.47,-91798.5
3185,195.45359802246094,0.0037446641363203526,100937,86.18852233886719,5.435292720794678,126,0.0001,403852,1416,342.05,-90594.01666667
3191,410.12469482421875,0.00377003219909966,101115,82.45652770996094,-2.6557297706604004,126,0.0001,404564,1420,343.57,-90710.71666666999
3199,195.406005859375,0.0038114774506539106,101395,82.14350891113281,0.5700873136520386,126,0.0001,405684,1424,342.87,-90806.41166667
3209,0.21290020644664764,0.0038256270345300436,101704,81.75459289550781,0.5135138034820557,126,0.0001,406920,1428,347.95,-90534.26166666999
3220,195.41354370117188,0.003830223111435771,102089,85.04178619384766,-2.026838541030884,126,0.0001,408460,1432,356.64,-90262.51166666999
3227,0.36038559675216675,0.0038109757006168365,102299,80.3975830078125,0.18747949600219727,126,0.0001,409300,1436,350.99,-90307.36166667
3241,254.21401977539062,0.003796527162194252,102758,81.23551940917969,-2.039487361907959,126,0.0001,411136,1440,354.61,-90343.56166667
3254,0.3249818682670593,0.003813804592937231,103203,82.51348876953125,5.852900505065918,126,0.0001,412916,1444,364.06,-89076.21935898
3260,215.01158142089844,0.0038333109114319086,103388,86.14913940429688,3.856293201446533,126,0.0001,413656,1448,362.02,-90112.64435897999
3274,0.3549908399581909,0.0039005170110613108,103863,82.83180236816406,-1.38330078125,126,0.0001,415556,1452,358.63,-91047.11935897998
3291,0.2811121344566345,0.0039616976864635944,104434,86.5820541381836,4.0149455070495605,126,0.0001,417840,1456,365.03,-89829.41293040998
3300,390.4937438964844,0.004028658848255873,104722,83.66667175292969,1.439140796661377,126,0.0001,418992,1460,368.09,-89027.90543041
3309,214.85861206054688,0.004085370805114508,104995,82.56816864013672,3.4025259017944336,126,0.0001,420084,1464,366.68,-88913.80543041001
3320,0.29399222135543823,0.004179628565907478,105366,81.74972534179688,-1.7242523431777954,126,0.0001,421568,1468,358.89,-89823.95543041
3334,0.45458492636680603,0.004260872025042772,105833,84.72294616699219,1.866593360900879,126,0.0001,423436,1472,353.7,-90627.03043041
3340,390.55316162109375,0.004312686622142792,106017,81.98666381835938,3.2369048595428467,126,0.0001,424172,1476,365.35,-90152.74837913
3349,0.36724430322647095,0.004386615473777056,106328,86.54866027832031,3.6817853450775146,126,0.0001,425416,1480,356.5,-91279.69837912999
3358,234.8900909423828,0.004415291827172041,106603,84.11177062988281,0.17378604412078857,127,0.0001,426516,1484,352.12,-90905.97337913
3366,0.4313364028930664,0.004439686890691519,106885,85.7543716430664,0.9179428815841675,127,0.0001,427644,1488,346.86,-91703.87337912999
3372,0.36705705523490906,0.0044511547312140465,107090,82.00996398925781,-0.32280397415161133,127,0.0001,428464,1492,338.35,-92405.01337912999
3375,39.727638244628906,0.004456446506083012,107168,80.69473266601562,4.893433094024658,127,0.0001,428776,1496,337.2,-92183.16337913
3382,390.4266357421875,0.004458933603018522,107409,82.69374084472656,1.9667750597000122,127,0.0001,429740,1500,334.34,-91732.69532356999
3389,0.284299373626709,0.004472837317734957,107638,79.26394653320312,-1.0099802017211914,127,0.0001,430656,1504,327.8,-91350.41032357
3395,19.807832717895508,0.004490996710956097,107834,82.07380676269531,0.024268269538879395,127,0.0001,431440,1508,319.84,-90961.73532357
3401,0.2894875705242157,0.004525143187493086,108040,85.88513946533203,2.266922950744629,127,0.0001,432264,1512,307.44,-91753.73532357
3406,390.7507019042969,0.004527907818555832,108200,83.7187271118164,-2.3087408542633057,127,0.0001,432904,1516,288.65,-92699.81865690001
3411,0.2890327274799347,0.004529927391558886,108352,81.98482513427734,-3.7416491508483887,127,0.0001,433512,1520,287.12,-92471.4686569
3433,215.1737060546875,0.004501029849052429,109108,81.1117172241211,1.9824743270874023,127,0.0001,436536,1524,288.49,-92368.3936569
3439,215.15069580078125,0.004507329314947128,109305,85.81492614746094,0.8530750274658203,127,0.0001,437324,1528,307.67,-91364.83199023001
3444,19.99509048461914,0.004522106144577265,109460,79.47027587890625,-3.975282907485962,127,0.0001,437944,1532,294.65,-91507.70699023001
3454,195.55206298828125,0.004581897519528866,109798,79.27001953125,3.2696051597595215,127,0.0001,439296,1536,295.81,-91407.98199023001
3462,390.6457214355469,0.004582668654620647,110058,83.14910888671875,0.39656755328178406,127,0.0001,440336,1540,299.54,-91214.38199023
3477,0.33196529746055603,0.004565257579088211,110548,80.76437377929688,0.09968054294586182,127,0.0001,442296,1544,290.58,-92500.67429792
3486,195.59283447265625,0.004558590240776539,110838,81.78712463378906,-0.4142078757286072,127,0.0001,443456,1548,295.59,-91418.89929792
3495,0.3158642053604126,0.004564826842397451,111161,78.96861267089844,-1.9950093030929565,127,0.0001,444748,1552,288.38,-91440.79929792
3510,234.95848083496094,0.00463972007855773,111651,82.58941650390625,3.629866600036621,127,0.0001,446708,1556,288.77,-91536.72239316
3521,0.3810809552669525,0.004729568026959896,112010,82.40769958496094,0.26448893547058105,127,0.0001,448144,1560,285.34,-91548.85989316001
3533,195.53245544433594,0.0048284949734807014,112398,80.19378662109375,-1.1386668682098389,127,0.0001,449696,1564,296.17,-90527.30989316001
3544,195.53753662109375,0.004952349234372377,112745,83.06072235107422,1.4766885042190552,127,0.0001,451084,1568,295.38,-90440.38489316002
3557,390.3893737792969,0.0050066011026501656,113173,83.75029754638672,-0.14299654960632324,127,0.0001,452796,1572,295.07,-90697.80989316001
3565,195.43101501464844,0.005022895056754351,113434,83.3201904296875,-0.5702458024024963,127,0.0001,453840,1576,293.83,-90236.09194444
3577,0.2648386061191559,0.005086365155875683,113849,78.8403549194336,-0.010403871536254883,127,0.0001,455500,1580,302.0,-90080.04194444
3584,0.47711309790611267,0.005081766285002232,114047,82.91461181640625,2.657682180404663,127,0.0001,456292,1584,300.62,-90396.16694444
3590,585.6388549804688,0.0050581712275743484,114253,82.47833251953125,-2.0498180389404297,127,0.0001,457116,1588,296.54,-90843.79194444
3599,780.9844970703125,0.005008764564990997,114539,85.18948364257812,-0.666367769241333,127,0.0001,458260,1592,295.61,-90946.35194444
3614,0.342118501663208,0.0049404543824493885,115029,79.89105224609375,1.2787864208221436,127,0.0001,460220,1596,302.28,-91117.32694444
3630,195.62303161621094,0.004909752868115902,115539,80.59576416015625,2.5299882888793945,127,0.0001,462260,1600,322.46,-89741.195
3641,195.64962768554688,0.004865292925387621,115912,75.94493103027344,2.251664638519287,127,0.0001,463752,1604,323.24,-90065.88
3657,195.38194274902344,0.004827737342566252,116443,78.16477966308594,0.43860065937042236,127,0.0001,465876,1608,339.41,-89397.305
3670,19.830554962158203,0.004770025610923767,116864,81.60530090332031,-2.9615836143493652,127,0.0001,467560,1612,353.41,-88647.73
3674,0.23194633424282074,0.004765080753713846,116981,84.97270965576172,-0.5521412491798401,127,0.0001,468028,1616,350.02,-88731.905
3686,214.96421813964844,0.004760236945003271,117366,83.61439514160156,-1.8288402557373047,127,0.0001,469568,1620,364.07,-89085.455
3699,390.6464538574219,0.004800812341272831,117811,83.280029296875,2.807305335998535,127,0.0001,471348,1624,360.14,-89277.705
3714,195.46099853515625,0.004882072098553181,118281,79.49344635009766,3.0330262184143066,127,0.0001,473228,1628,348.75,-90453.26666667
3736,19.77180290222168,0.004882346838712692,119029,84.53028106689453,-3.17512845993042,127,0.0001,476220,1632,374.19,-88685.34166666999
3743,0.2870122492313385,0.004868087358772755,119246,86.18391418457031,-2.3324427604675293,127,0.0001,477088,1636,375.8,-88604.26666667
3758,0.3615138828754425,0.00482674315571785,119738,85.2991943359375,5.172756195068359,127,0.0001,479056,1640,381.24,-87773.46666666999
3770,195.36679077148438,0.0047893342562019825,120123,83.96147918701172,-3.2556874752044678,127,0.0001,480596,1644,381.87,-87568.74166667
3778,215.0001678466797,0.004746433347463608,120418,82.88375854492188,-4.178022861480713,127,0.0001,481776,1648,381.77,-88250.54243589999
3793,214.9862823486328,0.004699211101979017,120884,84.26167297363281,-1.9164053201675415,127,0.0001,483640,1652,392.05,-88348.54243589999
3803,19.817100524902344,0.0046747345477342606,121213,85.32466888427734,-0.3384320139884949,127,0.0001,484956,1656,384.07,-89499.66326922999
3812,215.22706604003906,0.004653284326195717,121512,85.38064575195312,-0.18373608589172363,127,0.0001,486152,1660,384.29,-89751.56326923
3833,0.21447207033634186,0.004575500264763832,122213,86.0030288696289,1.435217261314392,127,0.0001,488956,1664,381.81,-89952.36326923
3846,390.4677429199219,0.004545968025922775,122616,83.97901916503906,-1.5783265829086304,127,0.0001,490568,1668,395.43,-89305.71326923
3858,214.93597412109375,0.004588310141116381,123001,85.62593078613281,-0.7768282294273376,127,0.0001,492108,1672,399.38,-89345.21326923
3875,215.1005859375,0.004676994867622852,123540,83.51406860351562,4.045884132385254,127,0.0001,494264,1676,393.08,-90319.93826923
3882,0.23769621551036835,0.004691598936915398,123782,84.550537109375,-2.179184675216675,127,0.0001,495232,1680,393.88,-90460.43826923
3894,0.2370406985282898,0.0047657606191933155,124176,81.0759048461914,6.544827938079834,127,0.0001,496808,1684,400.7,-89428.73826923
3922,0.19822008907794952,0.004802710376679897,125099,81.2109375,1.0791115760803223,127,0.0001,500500,1688,415.9,-87153.50076923
3935,19.80437660217285,0.004772862885147333,125516,84.79107666015625,-1.1745331287384033,127,0.0001,502168,1692,437.6,-84966.38576923
3951,19.851900100708008,0.004737987648695707,126058,81.67633056640625,2.000333786010742,127,0.0001,504336,1696,447.03,-84593.33115385
3970,0.16525861620903015,0.004798532463610172,126692,81.00337219238281,-1.140923261642456,127,0.0001,506872,1700,431.19,-85987.63115385
3986,0.21556314826011658,0.004883448127657175,127229,84.56657409667969,-2.2694907188415527,127,0.0001,509020,1704,454.43,-82746.40615385
4004,195.40704345703125,0.004970039706677198,127818,79.4599609375,3.4725663661956787,127,0.0001,511376,1708,449.69,-82554.08115385
4019,0.24030831456184387,0.005072980187833309,128317,81.42095947265625,1.5625979900360107,127,0.0001,513372,1712,457.42,-82088.90615385
4037,195.46995544433594,0.005246187560260296,128888,76.39096069335938,3.9529459476470947,127,0.0001,515656,1716,473.81,-81979.96705128999
4067,390.52001953125,0.005373186897486448,129865,77.35272216796875,2.3032493591308594,127,0.0001,519564,1720,484.51,-79551.47538461999
4080,0.22412869334220886,0.005419407971203327,130248,79.04217529296875,1.3938078880310059,127,0.0001,521096,1724,498.38,-78480.32538462
4091,0.1957394778728485,0.005534027703106403,130614,77.48893737792969,2.353059768676758,127,0.0001,522560,1728,494.19,-78354.52538462
4100,195.303466796875,0.00561791006475687,130916,76.68647766113281,-0.7030740976333618,127,0.0001,523768,1732,482.58,-78959.26705129001
4111,195.39306640625,0.0057337963953614235,131250,77.2130355834961,0.924583911895752,127,0.0001,525104,1736,482.72,-78851.76705129
4124,410.0549011230469,0.005802438594400883,131641,77.89375305175781,2.630857229232788,127,0.0001,526668,1740,484.42,-78576.44205129001
4133,195.34762573242188,0.005828988738358021,131949,81.50514221191406,4.3053388595581055,127,0.0001,527900,1744,481.98,-78421.05871796001
4145,0.24648353457450867,0.005882627796381712,132346,80.70391845703125,0.5039606094360352,127,0.0001,529488,1748,468.42,-78624.70794873
4152,195.30087280273438,0.005932455882430077,132564,76.44718933105469,-0.914682924747467,127,0.0001,530360,1752,473.44,-77256.95794873
4167,39.489864349365234,0.0059964414685964584,133014,73.96427917480469,-1.3786873817443848,127,0.0001,532160,1756,474.09,-77019.89544873
4182,195.29373168945312,0.006015216466039419,133488,76.3881607055664,-1.003117322921753,127,0.0001,534056,1760,473.21,-77501.12044873
4190,390.5018615722656,0.006012306082993746,133729,78.42626953125,3.6451427936553955,127,0.0001,535020,1764,471.33,-78264.22044873
4212,0.18495425581932068,0.0060206083580851555,134509,76.71174621582031,0.0943496823310852,127,0.0001,538140,1768,469.7,-77486.88044873001
4238,0.28953817486763,0.005986419506371021,135379,74.46562957763672,0.6806811690330505,127,0.0001,541620,1772,479.05,-74993.00544873001
4251,0.16011182963848114,0.005938068497925997,135837,67.64104461669922,0.831651508808136,127,0.0001,543452,1776,490.54,-73657.1471154
4255,0.18183326721191406,0.00592065742239356,135959,73.76046752929688,1.3145859241485596,127,0.0001,543940,1780,489.61,-72370.6921154
4259,195.24314880371094,0.005909448955208063,136094,70.91383361816406,3.923586368560791,127,0.0001,544480,1784,476.7,-73341.4921154
4262,0.15390728414058685,0.005883614998310804,136187,71.9617691040039,-1.9683377742767334,127,0.0001,544852,1788,452.4,-75525.7296154
4264,19.76835060119629,0.005864507053047419,136261,74.48114013671875,-3.640908718109131,127,0.0001,545148,1792,431.8,-77666.0196154
4266,195.25616455078125,0.005855487193912268,136316,71.521728515625,0.3989619314670563,127,0.0001,545368,1796,413.29,-78154.34923078
4282,0.15585525333881378,0.005731270648539066,136837,74.8955078125,-2.469506025314331,127,0.0001,547452,1800,411.13,-77579.94923078001
4297,195.3553009033203,0.005625160876661539,137311,70.99063110351562,-2.1499428749084473,127,0.0001,549348,1804,396.01,-79801.72423078
4301,19.67252540588379,0.005616809241473675,137442,70.19869995117188,-2.2191243171691895,127,0.0001,549872,1808,389.32,-80120.39923078
4302,19.835512161254883,0.005618630908429623,137490,75.16204071044922,-2.9952030181884766,127,0.0001,550064,1812,366.32,-81659.57423078001
4304,19.833703994750977,0.005619466304779053,137567,76.79447174072266,-0.5134257674217224,127,0.0001,550372,1816,346.52,-82041.01333334
4306,0.14410655200481415,0.005621487740427256,137619,77.67225646972656,0.40529611706733704,127,0.0001,550580,1820,318.24,-84293.70500001
4308,0.184339240193367,0.0056203617714345455,137678,73.72416687011719,-1.7578282356262207,127,0.0001,550816,1824,299.38,-85522.75500001
4310,195.27113342285156,0.00562374759465456,137746,73.08808135986328,-1.8922580480575562,127,0.0001,551088,1828,287.5,-85716.70500001
4312,0.156675785779953,0.0056248982436954975,137813,70.20506286621094,1.1677652597427368,127,0.0001,551356,1832,270.29,-87051.16333334
4314,0.2047950178384781,0.005626202095299959,137858,76.30912780761719,1.052638053894043,127,0.0001,551536,1836,270.76,-86238.86333333999
4315,0.20677541196346283,0.005620015785098076,137908,72.82289123535156,-0.12099526822566986,127,0.0001,551736,1840,252.3,-87462.68833333999
4317,195.52935791015625,0.005625488236546516,137960,72.30066680908203,4.523509979248047,127,0.0001,551944,1844,246.27,-87849.54666667
4319,19.82245445251465,0.0056251585483551025,138013,69.4632339477539,-0.0210077166557312,127,0.0001,552156,1848,241.14,-88013.32166666999
4320,0.14504915475845337,0.005626725032925606,138058,74.46527099609375,-0.6350178718566895,127,0.0001,552336,1852,221.76,-89348.27166667
4322,0.1448030322790146,0.005628619343042374,138104,73.7398452758789,1.4333791732788086,127,0.0001,552520,1856,212.31,-89602.14666667
4323,0.1814812570810318,0.005637238267809153,138152,72.66327667236328,0.8074555993080139,127,0.0001,552712,1860,197.91,-89968.02166667
4325,0.12630681693553925,0.00563611276447773,138203,77.34031677246094,-2.7203831672668457,127,0.0001,552916,1864,183.54,-90146.67166667
4326,0.2417784333229065,0.005637574940919876,138251,75.11677551269531,3.808866500854492,127,0.0001,553108,1868,162.08,-91693.01166666999
4328,0.1365954875946045,0.005642208270728588,138302,73.02781677246094,-3.5162036418914795,127,0.0001,553312,1872,137.48,-94034.38666666999
4330,390.6939697265625,0.00563731649890542,138350,74.29383850097656,1.2124724388122559,127,0.0001,553504,1876,117.24,-95385.52
4331,195.2941436767578,0.0056386664509773254,138399,72.43293762207031,0.8982748985290527,127,0.0001,553700,1880,104.34,-96638.925
4333,195.29847717285156,0.005643752403557301,138452,71.19718933105469,-2.582871675491333,127,0.0001,553912,1884,103.13,-96626.825
4335,605.597900390625,0.00564052676782012,138502,72.95894622802734,0.1690826416015625,127,0.0001,554112,1888,103.38,-96629.325
4337,58.9019775390625,0.005639064125716686,138555,70.78670501708984,-0.5929058790206909,127,0.0001,554324,1892,95.81,-96713.25
4338,195.23777770996094,0.005634190980345011,138599,71.75440979003906,1.3988233804702759,127,0.0001,554500,1896,96.08,-96715.95
4340,0.14661480486392975,0.005635026842355728,138640,74.79360961914062,1.5922738313674927,127,0.0001,554664,1900,86.61,-97621.15
4341,0.15627902746200562,0.0056391688995063305,138681,71.21469116210938,0.18290001153945923,127,0.0001,554828,1904,70.84,-98564.1
4342,0.1506427526473999,0.005639800801873207,138722,75.4299087524414,1.7750972509384155,127,0.0001,554992,1908,61.29,-99468.5
4344,0.14560551941394806,0.005639403127133846,138765,75.6033935546875,2.302701711654663,127,0.0001,555164,1912,57.32,-99428.8
4346,195.2904052734375,0.005636271089315414,138806,75.27430725097656,-1.9079241752624512,127,0.0001,555328,1916,57.07,-99426.3
4347,0.15816640853881836,0.005633087363094091,138843,75.01390838623047,1.4007562398910522,127,0.0001,555476,1920,56.81,-99423.7
4349,390.3863220214844,0.005628898274153471,138907,76.3568344116211,0.27401208877563477,127,0.0001,555732,1924,56.57,-99421.3
4351,214.80099487304688,0.005624383222311735,138949,74.81683349609375,-5.261712074279785,127,0.0001,555900,1928,56.12,-99416.8
4352,390.3474426269531,0.005616677924990654,138989,74.77487182617188,0.6791972517967224,127,0.0001,556060,1932,55.79,-99413.5
4355,0.16415947675704956,0.005600241478532553,139093,70.72318267822266,1.0753439664840698,127,0.0001,556476,1936,46.35,-100453.5
4358,390.3866271972656,0.005602341145277023,139184,71.69355773925781,0.06368303298950195,127,0.0001,556840,1940,46.19,-100451.9
4361,410.07659912109375,0.005597724113613367,139262,73.0410385131836,-0.6761740446090698,127,0.0001,557152,1944,45.74,-100447.4
4363,215.0611572265625,0.00559594901278615,139338,76.00951385498047,1.4157657623291016,127,0.0001,557456,1948,45.35,-100443.5
4365,195.2601776123047,0.005586723797023296,139412,72.71112060546875,1.079040288925171,127,0.0001,557752,1952,44.8,-100438.0
4367,195.24600219726562,0.005572598893195391,139487,75.65093994140625,-2.7860803604125977,127,0.0001,558052,1956,44.42,-100434.2
4370,390.4317932128906,0.00556963449344039,139562,74.58740234375,2.0331015586853027,127,0.0001,558352,1960,44.02,-100430.2
4373,214.83544921875,0.005563110578805208,139657,72.61061096191406,0.6786609292030334,127,0.0001,558732,1964,43.45,-100424.5
4377,19.71156120300293,0.005537253338843584,139790,75.74356079101562,-0.5720628499984741,127,0.0001,559264,1968,52.9,-100519.0
4382,0.12493593990802765,0.0055001783184707165,139946,71.27754211425781,-0.843830406665802,127,0.0001,559888,1972,52.42,-100514.2
4384,195.30258178710938,0.005481635686010122,140025,75.25534057617188,-0.0030266642570495605,127,0.0001,560204,1976,61.65,-99606.6
4393,0.17057695984840393,0.005414084997028112,140303,74.10194396972656,-1.0557944774627686,127,0.0001,561316,1980,65.18,-99641.9
4395,0.15386679768562317,0.0054010734893381596,140381,72.26956176757812,-0.3169936239719391,127,0.0001,561628,1984,70.02,-99690.3
4397,19.705392837524414,0.005397409666329622,140429,76.29276275634766,-0.4453122019767761,127,0.0001,561820,1988,69.67,-99686.8
4398,0.1591612696647644,0.005399168003350496,140476,74.0401611328125,1.1169188022613525,127,0.0001,562008,1992,69.26,-99682.7
4401,195.2572784423828,0.005405749659985304,140549,69.39837646484375,-1.0060663223266602,127,0.0001,562300,1996,68.83,-99678.4
4402,0.13727298378944397,0.005406015552580357,140592,77.44557189941406,-0.908522367477417,127,0.0001,562472,2000,68.67,-99676.8
4404,390.3907165527344,0.0054121618159115314,140657,74.1278076171875,0.3688758611679077,127,0.0001,562732,2004,78.38,-98774.0
4407,605.2969360351562,0.005420465022325516,140726,73.14729309082031,1.9979164600372314,127,0.0001,563008,2008,78.46,-98774.8
4409,409.9896240234375,0.005420302506536245,140796,77.03311157226562,1.0555737018585205,127,0.0001,563288,2012,78.84,-98778.6
4410,0.1677541434764862,0.005417168140411377,140848,72.84440612792969,3.5876450538635254,127,0.0001,563496,2016,79.33,-98783.5
4413,214.93011474609375,0.005409176927059889,140930,77.06144714355469,-1.9760255813598633,127,0.0001,563824,2020,79.71,-98787.3
4417,0.15868745744228363,0.005408495664596558,141059,74.08415222167969,-0.057203829288482666,127,0.0001,564340,2024,80.2,-98792.2
4424,390.3808288574219,0.0054056416265666485,141284,76.37895202636719,-1.1155452728271484,127,0.0001,565240,2028,92.06,-98910.8
4453,214.9300537109375,0.00539289228618145,142184,75.35847473144531,-0.2446756362915039,127,0.0001,568840,2032,111.32,-99103.4
4473,0.16590817272663116,0.0052041178569197655,142789,73.79156494140625,-5.470498561859131,127,0.0001,571260,2036,135.72,-97120.825
4495,0.14442062377929688,0.004992487840354443,143535,77.59977722167969,1.585891604423523,127,0.0001,574244,2040,164.25,-95406.325
4515,0.13775116205215454,0.004904682282358408,144176,72.41038513183594,1.0222278833389282,127,0.0001,576808,2044,183.95,-94603.425
4524,585.4854736328125,0.004889900330454111,144463,77.76893615722656,-0.5593498945236206,127,0.0001,577956,2048,206.82,-92398.9
4545,19.860952377319336,0.004893994424492121,145161,76.42050170898438,3.331099510192871,127,0.0001,580748,2052,231.26,-91383.475
4555,390.38555908203125,0.004908795468509197,145472,72.0616455078125,1.277109146118164,127,0.0001,581992,2056,244.05,-91047.325
4569,19.81242561340332,0.004867850802838802,145872,72.99409484863281,-3.6176280975341797,127,0.0001,583592,2060,253.03,-90925.125
4581,0.18728920817375183,0.004781883675605059,146247,72.34086608886719,-0.2714390754699707,127,0.0001,585092,2064,267.09,-90841.275
4587,0.17146897315979004,0.004732764791697264,146437,75.21602630615234,5.370685577392578,127,0.0001,585852,2068,269.82,-90599.8
4606,390.5531005859375,0.004619375336915255,147044,72.84434509277344,-0.9742235541343689,127,0.0001,588280,2072,287.7,-89282.475
4619,19.79383659362793,0.004572248551994562,147471,72.348876953125,-0.14612805843353271,127,0.0001,589988,2076,292.89,-88946.1
4639,0.16562598943710327,0.004466850310564041,148109,67.98309326171875,-2.3081274032592773,127,0.0001,592540,2080,309.73,-88605.75
4658,214.92526245117188,0.004353865049779415,148725,67.9822769165039,-3.2079920768737793,127,0.0001,595004,2084,334.09,-87270.80833333
4669,195.27146911621094,0.004322294611483812,149047,67.99047088623047,-1.0494637489318848,127,0.0001,596292,2088,343.03,-86930.66666666
4682,195.27944946289062,0.004297912120819092,149416,70.76573181152344,0.16527101397514343,127,0.0001,597768,2092,361.45,-85904.16666666
4692,0.1655048429965973,0.004278172273188829,149738,72.99747467041016,-1.454352617263794,127,0.0001,599056,2096,369.99,-85769.61666666
4706,429.8016357421875,0.0042734588496387005,150187,68.47771453857422,2.0254063606262207,127,0.0001,600852,2100,380.96,-85657.41666666
4723,410.02362060546875,0.004285512492060661,150744,67.77149963378906,-0.5484662055969238,127,0.0001,603080,2104,392.69,-86397.36666666
4738,390.3796081542969,0.004340623039752245,151232,70.67000579833984,2.2975106239318848,127,0.0001,605032,2108,411.32,-86034.34166666001
4768,585.6707763671875,0.00429803691804409,152232,72.1810073852539,-4.004970550537109,127,0.0001,609032,2112,448.06,-83059.11589743
4792,195.25852966308594,0.0041967337019741535,152953,73.27633666992188,-1.9556870460510254,127,0.0001,611916,2116,480.0,-81277.96589743
4820,0.23142100870609283,0.004170411266386509,153848,70.8224868774414,-0.527451753616333,127,0.0001,615496,2120,509.36,-78243.09589743
4824,0.18668414652347565,0.004162331577390432,153974,75.05891418457031,-0.3838160037994385,127,0.0001,616000,2124,520.56,-77355.19589742999
4847,195.47088623046875,0.004152609966695309,154743,74.57138061523438,-0.7443498373031616,127,0.0001,619076,2128,523.62,-76164.47089743
4861,390.36676025390625,0.004217036534100771,155193,74.24095153808594,-1.4189298152923584,127,0.0001,620876,2132,526.21,-74190.57089742999
4878,19.772798538208008,0.00428908783942461,155732,71.11225891113281,0.07006633281707764,127,0.0001,623032,2136,518.03,-74977.48478632
4885,195.34835815429688,0.004348906222730875,155985,75.86109161376953,2.594102621078491,127,0.0001,624044,2140,500.16,-75798.68478632001
4892,0.2613353431224823,0.004372619092464447,156193,77.850341796875,2.593139171600342,127,0.0001,624876,2144,492.09,-75616.98478632
4901,0.3275972008705139,0.004393995273858309,156498,80.87107849121094,0.9495902061462402,127,0.0001,626096,2148,483.67,-76713.85978632
4914,195.30335998535156,0.0044477554038167,156883,79.6845474243164,0.5187070369720459,127,0.0001,627636,2152,466.02,-77697.18478632001
4919,410.0793151855469,0.0044687227346003056,157035,81.45014190673828,3.2692532539367676,127,0.0001,628244,2156,454.78,-77947.33478632
4922,195.3292694091797,0.004478738643229008,157123,82.33162689208984,1.484010934829712,127,0.0001,628596,2160,452.58,-78037.28478632
4931,585.5213012695312,0.004509018734097481,157429,80.76228332519531,3.02557635307312,127,0.0001,629820,2164,451.53,-77130.78478632
4962,19.857881546020508,0.004709285218268633,158429,80.85501098632812,-0.580381453037262,127,0.0001,633820,2168,471.96,-75356.76811965
4988,0.21274986863136292,0.004995552822947502,159269,81.2289810180664,0.7299516797065735,127,0.0001,637180,2172,485.91,-73992.69311965
5019,195.31475830078125,0.005198780447244644,160269,85.81878662109375,2.103853464126587,127,0.0001,641180,2176,502.36,-72416.18061965
5038,195.34144592285156,0.005323167424649,160849,86.17984771728516,-1.2685518264770508,127,0.0001,643500,2180,513.81,-70039.73061965
5063,0.36867034435272217,0.005306271370500326,161648,85.84112548828125,0.7455062866210938,127,0.0001,646696,2184,513.55,-68615.97228632
5094,0.2350291907787323,0.005063516553491354,162648,87.41827392578125,1.747065782546997,127,0.0001,650696,2188,542.46,-66234.41395299
5123,19.83022117614746,0.00488704489544034,163526,86.06904602050781,0.801842451095581,127,0.0001,654208,2192,559.08,-66462.06395298999
5135,0.19683606922626495,0.004803614690899849,163869,85.45086669921875,2.12109637260437,127,0.0001,655580,2196,567.13,-65487.613952989996
5150,0.18447592854499817,0.0047303372994065285,164370,87.25666809082031,-0.6573063135147095,127,0.0001,657584,2200,568.28,-65721.01395299
5163,195.43572998046875,0.004719623830169439,164791,83.4688720703125,-0.9727609157562256,127,0.0001,659268,2204,561.58,-65031.363952989996
5172,215.0662841796875,0.0047254967503249645,165095,86.88728332519531,1.5620269775390625,127,0.0001,660484,2208,561.27,-64471.838952989994
5200,390.406982421875,0.004744220525026321,165999,83.66582489013672,-0.25306475162506104,127,0.0001,664100,2212,548.78,-65689.76472222
5228,19.75480079650879,0.004749695770442486,166888,83.83555603027344,1.0619637966156006,127,0.0001,667656,2216,549.78,-65371.289722220004
5247,195.33876037597656,0.004732020199298859,167515,83.32073974609375,0.05597686767578125,127,0.0001,670164,2220,546.32,-66455.45972222001
5270,0.20050305128097534,0.00473075220361352,168296,80.79851531982422,0.018418774008750916,127,0.0001,673288,2224,562.55,-66203.13472222
5285,19.823505401611328,0.004640251398086548,168772,85.37783813476562,-1.8813283443450928,127,0.0001,675192,2228,559.27,-66156.80972222
5295,0.16614072024822235,0.004613887518644333,169122,80.80227661132812,-1.2256778478622437,127,0.0001,676592,2232,560.3,-65954.20972222001
5308,0.14401109516620636,0.0045915693044662476,169527,83.96096801757812,-5.107325077056885,127,0.0001,678212,2236,558.47,-66182.12083333
5331,0.21387879550457,0.004537000320851803,170292,86.92611694335938,0.37151986360549927,127,0.0001,681272,2240,573.52,-65058.920833330005
5341,0.13387300074100494,0.004532710183411837,170613,85.40766906738281,-3.068639039993286,127,0.0001,682556,2244,577.61,-65200.820833330006
5359,0.15971329808235168,0.0045435731299221516,171208,86.47390747070312,0.7478693723678589,127,0.0001,684936,2248,583.79,-65289.670833330005
5373,0.15764187276363373,0.00457465834915638,171664,86.58970642089844,0.9098032116889954,127,0.0001,686760,2252,591.85,-65366.22083333001
5380,19.809532165527344,0.004601967521011829,171896,84.85995483398438,3.053370475769043,127,0.0001,687688,2256,607.84,-65131.60416666
5395,0.12122874706983566,0.00460790703073144,172401,87.72055053710938,0.5428691506385803,127,0.0001,689708,2260,612.46,-65167.27916666
5413,19.884721755981445,0.0045922258868813515,172983,88.38957214355469,0.7338151931762695,127,0.0001,692036,2264,620.63,-65025.96249999
5432,195.29127502441406,0.004549103323370218,173611,88.34375,-3.0667309761047363,127,0.0001,694548,2268,608.28,-65804.80416666
5447,0.1830543875694275,0.0045611062087118626,174113,88.69972229003906,-0.34505495429039,127,0.0001,696556,2272,595.73,-67441.90416666
5454,214.91310119628906,0.004545306786894798,174314,88.92417907714844,-1.6361188888549805,127,0.0001,697360,2276,580.17,-69309.51666666
5460,195.3870391845703,0.004552147816866636,174518,88.9558334350586,-1.4091579914093018,127,0.0001,698176,2280,554.6,-71843.76666666
5473,19.908740997314453,0.00458854204043746,174963,87.65000915527344,3.270432472229004,127,0.0001,699956,2284,530.85,-74605.96666666
5495,195.34825134277344,0.004718417767435312,175655,89.68609619140625,3.689178228378296,127,0.0001,702724,2288,526.5,-75549.11666666
5504,0.14665073156356812,0.0047376034781336784,175977,88.98918914794922,-1.5968033075332642,127,0.0001,704012,2292,496.77,-76401.06666666
5516,0.22983218729496002,0.004784116521477699,176368,90.97625732421875,-0.3866204023361206,127,0.0001,705576,2296,490.36,-77493.36666666
5524,0.2299274057149887,0.0048209624364972115,176634,86.34705352783203,-1.032503604888916,127,0.0001,706640,2300,489.3,-77254.26666666
5550,0.3549429774284363,0.004872452933341265,177460,88.62806701660156,-1.0125280618667603,127,0.0001,709944,2304,495.1,-76172.39166666
5559,0.25117728114128113,0.004914526361972094,177757,93.04386138916016,2.408486843109131,127,0.0001,711132,2308,506.62,-74393.64166666
5568,195.3964080810547,0.004919053986668587,178039,90.85713195800781,-1.7913718223571777,127,0.0001,712260,2312,492.1,-76028.96666666
5581,19.79660987854004,0.004966542590409517,178439,87.32022094726562,0.17353761196136475,127,0.0001,713860,2316,469.54,-77996.31666666
5588,0.21009612083435059,0.004955129232257605,178683,89.18061828613281,0.15470606088638306,127,0.0001,714836,2320,452.68,-79725.86666666
5594,195.53192138671875,0.004946224857121706,178874,86.1990966796875,1.2038047313690186,127,0.0001,715600,2324,432.85,-80831.29166666
5601,0.42106637358665466,0.004949266090989113,179094,89.79537963867188,1.1882983446121216,127,0.0001,716480,2328,429.45,-81927.26666666
5624,0.4408171772956848,0.004992200061678886,179853,88.72579956054688,-0.7012232542037964,127,0.0001,719516,2332,422.61,-83071.66666666
5633,0.16309893131256104,0.004991309717297554,180094,88.25090026855469,-2.1773219108581543,127,0.0001,720480,2336,428.04,-83237.71666666
5638,0.1544537991285324,0.0050046127289533615,180259,89.81123352050781,-0.8013313412666321,127,0.0001,721140,2340,406.6,-85296.91666666
5653,19.837177276611328,0.004955963231623173,180712,87.91038513183594,-0.7558952569961548,127,0.0001,722952,2344,394.8,-86178.81666666002
5665,0.1734859049320221,0.004913664422929287,181035,89.17813110351562,-2.569734573364258,127,0.0001,724244,2348,395.9,-86415.01666666001
5674,0.19113634526729584,0.0048353844322264194,181326,90.28257751464844,-4.769085884094238,127,0.0001,725408,2352,388.07,-86440.76666666001
5687,19.81840705871582,0.0047587319277226925,181767,88.0831069946289,1.0984477996826172,127,0.0001,727172,2356,389.62,-85731.30833333
5695,195.37274169921875,0.0047449152916669846,182009,89.22538757324219,-2.5753841400146484,127,0.0001,728140,2360,384.9,-85794.68333333
5703,0.17226994037628174,0.004737366456538439,182296,88.4053955078125,0.7645738124847412,127,0.0001,729288,2364,375.19,-87041.05
5713,195.31304931640625,0.004735175520181656,182622,89.58876037597656,-1.3268800973892212,127,0.0001,730592,2368,362.36,-88149.45
5722,195.14019775390625,0.004754168447107077,182898,90.95989227294922,1.2166967391967773,127,0.0001,731696,2372,357.27,-88224.35
5733,0.1765407770872116,0.004761337768286467,183255,92.68844604492188,0.33998429775238037,127,0.0001,733124,2376,345.29,-89009.925
5745,195.39019775390625,0.00482144532725215,183656,89.31642150878906,0.8267884254455566,127,0.0001,734728,2380,352.78,-88865.725
5757,214.9918670654297,0.004878567531704903,184058,90.82199096679688,1.4943938255310059,127,0.0001,736336,2384,363.03,-87840.725
5773,195.14356994628906,0.0049971225671470165,184582,88.47358703613281,2.6167867183685303,127,0.0001,738432,2388,343.99,-88659.325
5778,19.94618797302246,0.005042380653321743,184732,91.10181427001953,1.7701903581619263,127,0.0001,739032,2392,359.85,-86593.475
5797,0.21819400787353516,0.005117577966302633,185376,88.60671997070312,2.1928203105926514,127,0.0001,741608,2396,363.1,-86318.24935897
5807,0.15896917879581451,0.005131694488227367,185702,88.31620788574219,1.2400270700454712,127,0.0001,742912,2400,369.35,-85609.34935897001
5827,19.742347717285156,0.0051882402040064335,186343,89.26673889160156,0.7638514637947083,127,0.0001,745476,2404,361.84,-87341.3826923
5835,0.19314657151699066,0.005181952845305204,186611,87.75906372070312,3.1119208335876465,127,0.0001,746548,2408,353.37,-88119.7576923
5844,195.28121948242188,0.005212678574025631,186919,87.9783935546875,-0.8311845064163208,127,0.0001,747780,2412,352.68,-88332.1326923
5864,195.30686950683594,0.005270584486424923,187526,90.13806915283203,0.3617701530456543,127,0.0001,750208,2416,356.91,-88610.5076923
5886,390.45166015625,0.005387287121266127,188199,89.00759887695312,2.2966368198394775,127,0.0001,752900,2420,372.91,-88832.9326923
5906,194.81759643554688,0.005410353187471628,188808,89.38387298583984,0.7204358577728271,127,0.0001,755336,2424,393.21,-86886.2576923
5917,19.861215591430664,0.005381825380027294,189125,87.80482482910156,2.016469717025757,127,0.0001,756604,2428,391.49,-86871.90769230001
5935,195.32177734375,0.0053503201343119144,189731,87.71096801757812,-2.95205020904541,127,0.0001,759028,2432,394.09,-86663.2576923
5942,0.1799209713935852,0.005319211632013321,189925,89.69200897216797,-2.4141879081726074,127,0.0001,759804,2436,391.13,-86297.07435897
5961,195.5206756591797,0.005234997719526291,190549,87.7121353149414,1.1780471801757812,127,0.0001,762300,2440,399.82,-85054.27435897
5976,19.854923248291016,0.005211182404309511,191030,85.84986877441406,-0.13013970851898193,127,0.0001,764224,2444,414.93,-84990.44935897
5981,195.2855682373047,0.005216110032051802,191197,86.02989196777344,-1.2053855657577515,127,0.0001,764892,2448,405.25,-84439.59038461
5993,390.3179016113281,0.00519192311912775,191584,88.76152801513672,-3.718191385269165,127,0.0001,766440,2452,411.78,-84402.49038460999
6007,195.26687622070312,0.005197231192141771,192056,90.10357666015625,-1.6573050022125244,127,0.0001,768328,2456,404.1,-85546.66538461
6013,195.31703186035156,0.005219620652496815,192246,86.44178771972656,1.1522417068481445,127,0.0001,769088,2460,409.91,-84504.19038461
6036,195.41384887695312,0.005215809214860201,192982,88.78277587890625,-1.9331285953521729,127,0.0001,772032,2464,412.94,-84434.04038461
6048,0.16852858662605286,0.0051825386472046375,193374,90.59294128417969,-2.0785627365112305,127,0.0001,773600,2468,435.17,-82764.59038461
6059,195.27621459960938,0.0051913633942604065,193712,88.62730407714844,-2.322381019592285,127,0.0001,774952,2472,430.69,-83607.74038460999
6066,19.829578399658203,0.005194768309593201,193927,91.02114868164062,-0.6474668979644775,127,0.0001,775812,2476,437.35,-83768.56538461
6090,390.54931640625,0.005169298034161329,194709,90.161376953125,-1.3845171928405762,127,0.0001,778940,2480,446.52,-84079.81538461
6104,195.23980712890625,0.00516059435904026,195164,91.69164276123047,-1.6176413297653198,127,0.0001,780760,2484,445.62,-84992.76538461
6117,195.26478576660156,0.005127502139657736,195546,91.86567687988281,-0.9000101089477539,127,0.0001,782288,2488,441.71,-85951.99038460999
6129,195.2707061767578,0.005143699236214161,195939,93.36878967285156,0.12398898601531982,127,0.0001,783860,2492,444.56,-87002.41538461
6139,195.28594970703125,0.005132379941642284,196263,92.16828918457031,-1.123784065246582,127,0.0001,785156,2496,438.09,-87141.74102563999
6162,585.7031860351562,0.005176009144634008,197015,90.37417602539062,1.7633557319641113,127,0.0001,788164,2500,447.08,-86710.60021368
6173,390.38873291015625,0.005217425990849733,197348,92.86493682861328,-2.8117611408233643,127,0.0001,789496,2504,447.78,-85948.16688035
6188,585.6863403320312,0.005257918033748865,197859,95.53976440429688,-0.8154687881469727,127,0.0001,791540,2508,446.07,-88067.69188035
6204,0.1448083221912384,0.005313302390277386,198358,92.50515747070312,-2.1800975799560547,127,0.0001,793536,2512,455.75,-88164.49188035
6232,195.26466369628906,0.005265555810183287,199250,90.82868957519531,-1.2677257061004639,127,0.0001,797104,2516,470.81,-87177.09188035
6258,195.396728515625,0.005153433419764042,200111,92.00726318359375,2.9311394691467285,127,0.0001,800548,2520,468.36,-86146.20854702
6270,0.13206729292869568,0.005126465577632189,200497,92.54536437988281,-0.4854561686515808,127,0.0001,802092,2524,465.39,-87264.70854702
6288,0.154878631234169,0.005134492181241512,201081,89.14964294433594,2.506082534790039,127,0.0001,804428,2528,474.17,-87241.48354701999
6293,215.05014038085938,0.00512623880058527,201238,91.32676696777344,-1.0157475471496582,127,0.0001,805056,2532,469.65,-87430.93354702
6305,0.15822097659111023,0.005069377366453409,201658,90.95032501220703,-0.03484535217285156,127,0.0001,806736,2536,467.58,-87517.59188035
6319,194.86790466308594,0.00512972055003047,202061,94.11815643310547,0.2728383541107178,127,0.0001,808348,2540,465.62,-88704.29188035
6332,390.3583068847656,0.0051698521710932255,202468,92.24779510498047,2.237987756729126,127,0.0001,809976,2544,462.31,-87886.21688035
6342,195.34974670410156,0.005241291597485542,202773,91.96713256835938,0.25501811504364014,127,0.0001,811196,2548,462.2,-89235.32585471001
6353,0.1512981653213501,0.0052473838441073895,203126,89.71490478515625,-0.5856817960739136,127,0.0001,812608,2552,464.2,-88357.82585471001
6363,19.789812088012695,0.0052295709028840065,203441,93.5408935546875,-0.4411989152431488,127,0.0001,813868,2556,463.77,-88232.45085471001
6371,0.15435442328453064,0.005182958673685789,203685,92.73228454589844,2.439197540283203,127,0.0001,814844,2560,455.71,-89252.42585471
6377,0.14828257262706757,0.00515923323109746,203840,94.85952758789062,-5.473098278045654,127,0.0001,815464,2564,447.46,-89150.20085471001
6382,0.17113353312015533,0.005127125419676304,203992,92.5477294921875,1.6582114696502686,127,0.0001,816072,2568,425.84,-90829.60085471
6384,390.4820861816406,0.005110613536089659,204065,91.89717864990234,-3.715339183807373,127,0.0001,816364,2572,418.15,-90976.05085471
6392,0.1661316305398941,0.005084184929728508,204289,93.48633575439453,-2.095457077026367,127,0.0001,817260,2576,410.1,-91001.92585471
6403,214.8699188232422,0.005033607594668865,204662,92.1351318359375,0.034257590770721436,127,0.0001,818752,2580,396.41,-91074.32585471001
6411,0.2860186696052551,0.005044771358370781,204898,95.41921997070312,2.446364641189575,127,0.0001,819696,2584,392.23,-90137.65085471001
6426,0.13587115705013275,0.005042522680014372,205331,91.38987731933594,-1.1743924617767334,127,0.0001,821428,2588,394.97,-90159.72585471
6436,390.7875061035156,0.005019873380661011,205629,95.14707946777344,-0.3398653268814087,127,0.0001,822620,2592,386.91,-91076.60085471
6446,0.2372726947069168,0.004986219108104706,205925,92.25799560546875,-1.5757036209106445,127,0.0001,823804,2596,389.43,-91119.65085471001
6473,0.16450735926628113,0.004873071331530809,206712,92.41361236572266,-1.7173066139221191,127,0.0001,826952,2600,386.14,-92263.15555555999
6479,0.3958408832550049,0.00482451356947422,206894,93.32587432861328,-0.41207247972488403,127,0.0001,827680,2604,388.36,-92387.53055555999
6483,0.15732893347740173,0.004793405532836914,207026,92.11172485351562,-1.6957110166549683,127,0.0001,828208,2608,369.48,-92198.73055555999
6494,0.17610548436641693,0.004745903890579939,207337,92.64241790771484,-0.6702521443367004,127,0.0001,829452,2612,354.7,-91948.60555555999
6501,195.3608856201172,0.004718480631709099,207580,92.73762512207031,4.980705261230469,127,0.0001,830424,2616,333.82,-92750.20555556
6509,390.4046936035156,0.004691120237112045,207844,91.70185089111328,-1.1163690090179443,127,0.0001,831480,2620,326.65,-93682.41388889
6515,195.2887420654297,0.0046877008862793446,208034,89.70249938964844,0.7211694121360779,127,0.0001,832240,2624,306.2,-94487.83888889
6522,390.44390869140625,0.004685455467551947,208244,91.32311248779297,-1.2986602783203125,127,0.0001,833080,2628,293.65,-94474.73888889
6538,0.18334317207336426,0.004708555527031422,208743,90.41165161132812,1.211212396621704,127,0.0001,835076,2632,299.02,-95185.88888889
6549,195.34524536132812,0.004735911730676889,209111,90.9476318359375,-1.7167634963989258,127,0.0001,836548,2636,294.02,-96251.06388889
6554,0.4565649628639221,0.004741296637803316,209257,90.90655517578125,0.6524428129196167,127,0.0001,837132,2640,296.12,-96395.46388889
6568,0.2254401445388794,0.004734721966087818,209680,93.30055236816406,-0.5011112093925476,127,0.0001,838824,2644,291.28,-97124.16388889
6578,195.41990661621094,0.004726573824882507,209977,88.18395233154297,-0.39231839776039124,127,0.0001,840012,2648,287.75,-97192.61388889
6595,0.16078417003154755,0.004706622567027807,210474,93.00670623779297,1.2205621004104614,127,0.0001,842000,2652,277.67,-98091.71388889
6604,195.30870056152344,0.004718750715255737,210734,91.93595886230469,-0.6087719202041626,127,0.0001,843040,2656,286.23,-97194.28888889
6612,195.23895263671875,0.004719445947557688,210976,89.92924499511719,0.5278297662734985,127,0.0001,844008,2660,287.32,-97205.18888889
6618,195.255615234375,0.004716287832707167,211138,90.10842895507812,1.608863353729248,127,0.0001,844656,2664,291.75,-97369.66388889
6622,0.12846191227436066,0.0047241696156561375,211271,92.40597534179688,-2.4953055381774902,127,0.0001,845188,2668,293.03,-97486.66388889
6626,0.20009444653987885,0.004724566359072924,211392,92.96455383300781,0.5781091451644897,127,0.0001,845672,2672,294.75,-97503.86388889
6628,0.14661355316638947,0.004725857172161341,211462,91.91172790527344,4.454262733459473,127,0.0001,845952,2676,294.49,-97501.26388889
6634,195.3102264404297,0.004739650525152683,211639,92.36296081542969,-3.558379888534546,127,0.0001,846660,2680,288.62,-97341.06388889
6638,195.57757568359375,0.004745114129036665,211752,93.714599609375,1.3412096500396729,127,0.0001,847112,2684,279.68,-98352.08888889
6647,39.286720275878906,0.004761655814945698,212043,91.19367980957031,-2.763869285583496,127,0.0001,848276,2688,275.69,-98423.73888889
6650,0.14125551283359528,0.004762954544275999,212167,93.99544525146484,-1.2755498886108398,127,0.0001,848772,2692,262.27,-98494.58888889
6654,390.6586608886719,0.004751351661980152,212281,93.66632080078125,1.0208003520965576,127,0.0001,849228,2696,255.49,-98631.13888889
6658,0.18658410012722015,0.004747954662889242,212414,92.06575012207031,1.7980623245239258,127,0.0001,849760,2700,238.54,-98806.175
6667,215.02613830566406,0.004724775440990925,212718,91.44288635253906,-1.4931702613830566,127,0.0001,850976,2704,229.34,-99714.075
6671,19.913217544555664,0.004680556245148182,212838,93.22258758544922,0.31803059577941895,127,0.0001,851456,2708,233.5,-99755.675
6677,0.3670193552970886,0.004650844261050224,213021,97.20050048828125,1.3855491876602173,127,0.0001,852188,2712,235.98,-99882.8
6686,0.19931527972221375,0.004645094741135836,213291,93.16133117675781,0.41639944911003113,127,0.0001,853268,2716,233.18,-99875.4
6691,410.0321960449219,0.004623988177627325,213455,93.59466552734375,-2.5219945907592773,127,0.0001,853924,2720,225.07,-100045.9
6696,195.26211547851562,0.00460053700953722,213616,89.83197784423828,-0.36429649591445923,127,0.0001,854568,2724,221.59,-100113.45
6719,193.1674346923828,0.00454892311245203,214325,98.0584716796875,-0.21688491106033325,127,0.0001,857404,2728,241.94,-99310.575
6722,390.3852233886719,0.004535892512649298,214426,95.56265258789062,0.5535079836845398,127,0.0001,857808,2732,230.08,-99534.425
6726,19.82333755493164,0.004507252015173435,214549,96.08940887451172,-2.633958339691162,127,0.0001,858300,2736,223.68,-99484.375
6731,195.39862060546875,0.004490865860134363,214712,93.994384765625,-0.43292683362960815,127,0.0001,858952,2740,217.74,-99424.975
6734,0.12573440372943878,0.004485943354666233,214791,91.48356628417969,-1.3977584838867188,127,0.0001,859268,2744,207.01,-99540.475
6747,195.4228057861328,0.004468910396099091,215209,95.16940307617188,1.0115728378295898,127,0.0001,860940,2748,206.99,-99437.725
6754,195.2639923095703,0.004459646064788103,215419,93.08973693847656,-2.5542263984680176,127,0.0001,861780,2752,211.98,-99487.625
6761,390.40216064453125,0.004435095004737377,215648,93.84215545654297,1.4320323467254639,127,0.0001,862696,2756,194.74,-100419.325
6780,0.268878698348999,0.004393314011394978,216261,95.64307403564453,0.8246553540229797,127,0.0001,865148,2760,205.0,-99287.925
6785,0.16252516210079193,0.004409535322338343,216436,92.97555541992188,-1.740807294845581,127,0.0001,865848,2764,208.62,-99211.675
6791,195.48680114746094,0.004414754919707775,216621,94.76091766357422,-0.9836515188217163,127,0.0001,866588,2768,210.94,-98234.975
6799,0.2766125500202179,0.004401464480906725,216870,94.28667449951172,-3.670166254043579,127,0.0001,867584,2772,213.63,-98160.825
6816,19.794597625732422,0.004432433284819126,217449,93.87115478515625,1.5218360424041748,127,0.0001,869900,2776,222.24,-98130.625
6825,195.27896118164062,0.004441164433956146,217714,94.29825592041016,-3.484147787094116,127,0.0001,870960,2780,236.14,-97015.8
6830,19.777868270874023,0.0044486504048109055,217867,94.9355239868164,0.8246081471443176,127,0.0001,871572,2784,245.72,-97111.6
6835,195.6733856201172,0.0044586872681975365,218015,94.68638610839844,3.0769872665405273,127,0.0001,872164,2788,240.92,-96957.75
6844,605.2929077148438,0.0044494313187897205,218306,94.4776840209961,-4.0520339012146,127,0.0001,873328,2792,242.42,-96972.75
6852,390.3914794921875,0.004454260692000389,218530,94.431884765625,0.1431625783443451,127,0.0001,874224,2796,252.6,-97074.55
6859,195.26541137695312,0.004454879090189934,218749,96.82196044921875,-0.6371189951896667,127,0.0001,875100,2800,253.59,-97084.45
6873,19.762697219848633,0.004462592303752899,219160,93.0285415649414,-2.778062343597412,127,0.0001,876744,2804,257.06,-97005.0
6878,780.8768310546875,0.004461838863790035,219313,91.87220764160156,1.6536720991134644,127,0.0001,877356,2808,262.92,-96950.45
6900,195.2554168701172,0.0044126082211732864,219981,93.4357681274414,0.2756904661655426,127,0.0001,880028,2812,265.89,-96746.2
6908,195.24510192871094,0.004417081829160452,220247,93.58065032958984,1.5083796977996826,127,0.0001,881092,2816,272.29,-96917.2
6913,390.4624938964844,0.0044163004495203495,220387,92.81346130371094,-1.5636625289916992,127,0.0001,881652,2820,271.61,-96910.4
6927,214.9420166015625,0.004408791195601225,220799,94.10157775878906,0.9234707355499268,127,0.0001,883300,2824,285.17,-95787.8
6934,195.4322967529297,0.004418124444782734,221032,92.03182983398438,-2.473423480987549,127,0.0001,884232,2828,265.7,-96700.125
6941,195.43653869628906,0.0043921200558543205,221241,89.39991760253906,0.31515979766845703,127,0.0001,885068,2832,266.93,-96712.425
6944,195.27191162109375,0.004384252708405256,221341,92.52963256835938,-0.6083673238754272,127,0.0001,885468,2836,274.67,-95763.275
6953,195.3668212890625,0.004355615470558405,221633,93.40492248535156,-0.1852879524230957,127,0.0001,886636,2840,272.05,-95527.55
6959,195.241943359375,0.00433784443885088,221836,90.60121154785156,-3.251786231994629,127,0.0001,887448,2844,277.49,-95581.95
6962,0.14677749574184418,0.00431922497227788,221937,94.2864761352539,-2.022181510925293,127,0.0001,887852,2848,275.48,-95534.1
6963,195.29043579101562,0.00431163189932704,221985,94.03560638427734,-3.4464945793151855,127,0.0001,888044,2852,268.32,-95462.5
6971,0.277876079082489,0.004258336964994669,222244,93.36395263671875,0.6368851661682129,127,0.0001,889080,2856,261.82,-96631.5
6975,195.27076721191406,0.004260510206222534,222355,94.5804443359375,-1.5191094875335693,127,0.0001,889524,2860,255.63,-96569.6
6983,0.16124166548252106,0.004229992162436247,222620,91.62357330322266,-0.7473667860031128,127,0.0001,890584,2864,242.45,-96550.25
6992,0.15239007771015167,0.0042412239126861095,222937,90.93644714355469,-2.9216196537017822,127,0.0001,891852,2868,241.46,-96216.2
6999,0.16926832497119904,0.004271072801202536,223174,94.9171142578125,-1.8913884162902832,127,0.0001,892800,2872,247.23,-95269.8
7004,0.15753521025180817,0.004292938858270645,223329,93.65705871582031,-0.13645648956298828,127,0.0001,893420,2876,247.87,-94226.0125
7010,195.33741760253906,0.00431489385664463,223516,93.27055358886719,0.9569206833839417,127,0.0001,894168,2880,235.31,-95346.7875
7018,0.1796453893184662,0.004318845923990011,223740,93.50146484375,-1.8011267185211182,127,0.0001,895064,2884,227.26,-95167.4875
7034,800.2019653320312,0.004336419515311718,224245,91.54562377929688,-1.6761199235916138,127,0.0001,897084,2888,238.83,-94242.7125
7044,195.26553344726562,0.004294376354664564,224552,91.24423217773438,-3.8027586936950684,127,0.0001,898312,2892,252.15,-93242.2625
7062,0.16645997762680054,0.004238542634993792,225164,91.31107330322266,0.2558501362800598,127,0.0001,900760,2896,250.21,-93083.8125
7066,195.30059814453125,0.004226455464959145,225273,92.68830108642578,-1.347791314125061,127,0.0001,901196,2900,249.68,-93078.5125
7069,214.85867309570312,0.004222489427775145,225367,92.7281265258789,-1.435572862625122,127,0.0001,901572,2904,244.85,-92940.27916666999
7070,195.24484252929688,0.004227404948323965,225422,90.62676239013672,-4.181983470916748,127,0.0001,901792,2908,243.42,-92039.22916666999
7074,0.17137159407138824,0.0042243399657309055,225557,91.9449691772461,-0.4261152744293213,127,0.0001,902332,2912,236.74,-92106.11666667
7076,390.57220458984375,0.004219891037791967,225600,92.23148345947266,-0.698358416557312,127,0.0001,902504,2916,224.88,-91987.51666667
7078,390.4405517578125,0.004212817642837763,225669,92.37738037109375,2.4862585067749023,127,0.0001,902780,2920,217.65,-91915.21666666999
7081,195.2593231201172,0.004210709128528833,225777,90.50666809082031,-0.9011669158935547,127,0.0001,903212,2924,203.2,-93028.91666666999
7087,195.2407684326172,0.004205397330224514,225964,95.24819946289062,0.9401170015335083,127,0.0001,903960,2928,206.14,-92957.16666666999
7093,195.27328491210938,0.004200807772576809,226151,92.63614654541016,-3.4595847129821777,127,0.0001,904708,2932,204.46,-92728.59166666999
7113,19.838855743408203,0.004196501336991787,226789,90.94624328613281,0.3919248580932617,127,0.0001,907260,2936,206.58,-93876.34166666999
7117,195.2793731689453,0.0042001851834356785,226936,90.90081024169922,-2.3892297744750977,127,0.0001,907848,2940,214.43,-93926.59166666999
7135,195.45457458496094,0.004218271467834711,227513,94.13829040527344,-1.9697542190551758,127,0.0001,910156,2944,218.99,-93870.59166666999
7137,195.2833709716797,0.004221778828650713,227590,90.9576416015625,-1.3473283052444458,127,0.0001,910464,2948,223.46,-92901.29166666999
7147,605.3128051757812,0.004220910836011171,227907,88.73423767089844,2.235621213912964,127,0.0001,911732,2952,225.0,-92916.69166667
7150,215.0631866455078,0.004221007693558931,228027,90.82405090332031,-1.1492490768432617,127,0.0001,912212,2956,229.83,-91836.44166667
7154,195.37518310546875,0.004223667550832033,228141,91.8009033203125,-0.8120217323303223,127,0.0001,912668,2960,238.37,-91808.84166666999
7155,585.6549072265625,0.004224476870149374,228177,91.9646987915039,-1.7912737131118774,127,0.0001,912812,2964,238.04,-91805.54166666999
7157,390.3710021972656,0.004225284792482853,228226,92.60554504394531,3.634338855743408,127,0.0001,913008,2968,226.61,-93015.29166666999
7159,195.28021240234375,0.004229850601404905,228285,91.09646606445312,3.262990713119507,127,0.0001,913244,2972,215.78,-94012.14166667
7162,195.3123779296875,0.004230050835758448,228384,91.34587097167969,1.9837790727615356,127,0.0001,913640,2976,205.63,-95077.12916667
7166,390.4013366699219,0.004228278063237667,228507,93.75401306152344,1.126006841659546,127,0.0001,914132,2980,204.8,-95068.82916667
7168,195.2975616455078,0.004225472453981638,228578,93.4974136352539,-0.07072234153747559,127,0.0001,914416,2984,202.44,-95252.97916666999
7172,195.29281616210938,0.004226318560540676,228680,92.62139892578125,1.6849148273468018,127,0.0001,914824,2988,188.26,-96257.50416667
7173,0.1656891405582428,0.004235449247062206,228737,92.59884643554688,2.110818386077881,127,0.0001,915052,2992,172.41,-97232.65416666999
7176,0.17331843078136444,0.00423777662217617,228809,91.48661804199219,-3.6556236743927,127,0.0001,915340,2996,161.58,-97263.40416666999
7178,195.30154418945312,0.0042338562197983265,228888,91.17732238769531,-0.8281382322311401,127,0.0001,915656,3000,156.17,-97209.30416667
7185,195.26287841796875,0.00425021443516016,229088,92.01463317871094,-3.40402889251709,127,0.0001,916456,3004,154.33,-97394.9875
7189,195.26608276367188,0.004248423036187887,229208,92.5508804321289,0.014708667993545532,127,0.0001,916936,3008,146.94,-98320.9875
7191,195.27301025390625,0.004250437021255493,229263,89.4345703125,-1.8322148323059082,127,0.0001,917156,3012,149.9,-98450.85
7193,195.27423095703125,0.004253663122653961,229321,92.25892639160156,-0.7736889123916626,127,0.0001,917388,3016,149.28,-98444.65
7204,214.90762329101562,0.0042571513913571835,229713,91.40103149414062,-2.610614776611328,127,0.0001,918956,3020,155.88,-98293.5
7209,585.5501708984375,0.004249276127666235,229856,92.00849914550781,-1.2623287439346313,127,0.0001,919528,3024,161.88,-98353.5
7213,195.28427124023438,0.004259918816387653,229988,92.55696868896484,0.2899831533432007,127,0.0001,920056,3028,164.21,-98347.45
7217,390.405029296875,0.004265034571290016,230144,92.94252014160156,-0.6979789137840271,127,0.0001,920680,3032,159.0,-98507.125
7222,390.3664855957031,0.004248269367963076,230286,94.65470886230469,-3.203420400619507,127,0.0001,921248,3036,147.78,-98291.675
7227,195.28213500976562,0.004236952401697636,230467,91.45519256591797,0.5538082718849182,127,0.0001,921972,3040,139.8,-98341.0
7232,0.14370469748973846,0.00423473259434104,230627,89.21530151367188,-0.9785534739494324,127,0.0001,922612,3044,131.73,-98361.9
7243,195.35545349121094,0.004199650604277849,230979,89.23849487304688,-2.3602046966552734,127,0.0001,924020,3048,135.98,-99401.6
7248,390.3859558105469,0.004185270983725786,231123,93.15910339355469,0.13868272304534912,127,0.0001,924596,3052,141.35,-99228.15
7253,390.57598876953125,0.004164030775427818,231285,89.44383239746094,3.262259006500244,127,0.0001,925244,3056,134.6,-100289.2
7260,0.16089655458927155,0.004169327672570944,231473,91.05543518066406,1.096958875656128,127,0.0001,925996,3060,132.45,-100265.5
7262,0.17564915120601654,0.004167761188000441,231537,92.61347961425781,1.7675806283950806,127,0.0001,926252,3064,134.05,-100073.05
7264,195.24607849121094,0.0041602677665650845,231623,92.36547088623047,-4.170145034790039,127,0.0001,926596,3068,135.97,-100092.25
7268,585.513427734375,0.0041583203710615635,231724,90.87875366210938,1.384854793548584,127,0.0001,927000,3072,135.81,-100090.65
7272,214.811767578125,0.004168085288256407,231844,89.61268615722656,-0.243027925491333,127,0.0001,927480,3076,137.67,-99998.7
7276,0.1858815848827362,0.004174436442553997,231966,88.53547668457031,0.014188170433044434,127,0.0001,927968,3080,135.58,-99874.9
7289,0.14641520380973816,0.004189565312117338,232388,89.87811279296875,-3.906745433807373,127,0.0001,929656,3084,138.01,-99690.325
7301,585.5193481445312,0.004210542421787977,232785,90.98300170898438,-0.3997350335121155,127,0.0001,931244,3088,157.89,-99613.025
7311,19.808143615722656,0.004183187615126371,233054,89.00468444824219,0.7364966869354248,127,0.0001,932320,3092,164.95,-99341.125
7325,195.27365112304688,0.004157882183790207,233467,88.99341583251953,-1.6740779876708984,127,0.0001,933972,3096,174.85,-98217.175
7327,195.26597595214844,0.004147486295551062,233552,88.40428161621094,-1.069084882736206,127,0.0001,934312,3100,178.69,-98255.575
7336,195.3448486328125,0.004126866813749075,233834,89.91881561279297,0.849570631980896,127,0.0001,935440,3104,178.78,-98148.275
7341,195.31216430664062,0.004104175139218569,233993,88.11317443847656,-0.34120243787765503,127,0.0001,936076,3108,186.23,-98082.275
7344,195.28073120117188,0.004092395305633545,234055,89.07386016845703,-3.9638173580169678,127,0.0001,936324,3112,192.07,-96790.475
7346,0.1531980186700821,0.004077725578099489,234130,89.42596435546875,-2.560746908187866,127,0.0001,936624,3116,191.62,-96785.975
7357,195.30557250976562,0.004064335022121668,234480,90.6359634399414,1.04958176612854,127,0.0001,938024,3120,193.06,-96478.85833333
7368,19.77786636352539,0.004092194605618715,234827,89.8227767944336,2.189295768737793,127,0.0001,939412,3124,191.77,-96246.50833333
7375,585.5257568359375,0.004120325203984976,235057,88.78036499023438,-0.7646141052246094,127,0.0001,940332,3128,193.45,-96273.00833333
7378,0.1578989028930664,0.004127978812903166,235146,87.62825012207031,-2.0926032066345215,127,0.0001,940688,3132,201.42,-95117.99166666
7383,214.9647674560547,0.004142924211919308,235301,87.94811248779297,2.94742751121521,127,0.0001,941308,3136,203.02,-95017.66666666
7391,0.2186240404844284,0.004139636643230915,235532,87.2827377319336,-1.8024940490722656,127,0.0001,942232,3140,204.33,-94516.38333332002
7398,195.2835235595703,0.004117298871278763,235751,88.97771453857422,3.31589412689209,127,0.0001,943108,3144,208.05,-94323.28333332
7402,0.17650611698627472,0.004102479200810194,235873,87.17584228515625,-1.904371976852417,127,0.0001,943596,3148,193.92,-94329.08333332
7407,195.253662109375,0.004085590597242117,236025,88.1827392578125,-2.710146427154541,127,0.0001,944204,3152,189.41,-94379.40833332
7416,195.2845001220703,0.004052482079714537,236291,87.96333312988281,1.7752084732055664,127,0.0001,945268,3156,187.83,-94261.20833332
7423,0.19496218860149384,0.004065081477165222,236474,89.82644653320312,1.3159456253051758,127,0.0001,946000,3160,195.09,-93347.70833332
7427,195.36294555664062,0.004079448990523815,236595,88.3260269165039,-0.7958539128303528,127,0.0001,946484,3164,194.5,-93550.25833332
7434,390.4987487792969,0.00410528713837266,236816,87.3841552734375,0.9732348918914795,127,0.0001,947368,3168,196.83,-93573.55833332
7436,195.471435546875,0.004104919265955687,236885,86.13922119140625,-0.7434428334236145,127,0.0001,947644,3172,205.46,-92511.85833332001
7440,800.2734985351562,0.004104625899344683,237010,87.78223419189453,0.8120474815368652,127,0.0001,948144,3176,206.62,-92309.27333332
7444,390.4371337890625,0.004092793446034193,237139,85.12492370605469,-0.39073169231414795,127,0.0001,948660,3180,209.19,-92221.62333332
7446,195.32455444335938,0.004090494941920042,237198,85.32481384277344,0.29189419746398926,127,0.0001,948896,3184,207.24,-92298.49833332
7450,215.0584259033203,0.004093720577657223,237321,86.13278198242188,0.07928356528282166,127,0.0001,949388,3188,187.08,-92372.99833332
7460,19.788314819335938,0.0040557184256613255,237642,88.27516174316406,-1.2323048114776611,127,0.0001,950672,3192,185.38,-92475.84833332
7472,390.6459655761719,0.004029865376651287,238001,82.36540222167969,0.5616388916969299,127,0.0001,952108,3196,183.38,-93444.99833332
7486,0.21083305776119232,0.004013888072222471,238397,86.5119857788086,0.21821147203445435,127,0.0001,953692,3200,191.89,-92168.04833332001
7500,410.076416015625,0.0040278807282447815,238829,86.31913757324219,2.9307785034179688,127,0.0001,955420,3204,206.68,-91297.74833332
7517,410.005126953125,0.004064191598445177,239408,84.87908172607422,0.38508427143096924,127,0.0001,957736,3208,214.79,-90270.34833332
7528,195.26431274414062,0.004119977355003357,239755,85.22281646728516,1.5387035608291626,127,0.0001,959124,3212,217.99,-91433.59833332
7543,0.23151728510856628,0.004231075290590525,240183,84.06199645996094,-0.061095550656318665,127,0.0001,960836,3216,237.78,-90518.99833332
7564,195.32302856445312,0.004389733076095581,240799,88.57355499267578,0.16170024871826172,127,0.0001,963300,3220,247.02,-91150.06499998999
7567,0.20187272131443024,0.004416877403855324,240883,84.49503326416016,2.843301773071289,127,0.0001,963636,3224,241.67,-91316.01499999
7570,390.4317932128906,0.004438130650669336,240976,85.94306182861328,-0.7731083631515503,127,0.0001,964008,3228,231.43,-91334.41499999
7574,585.5402221679688,0.0044587464071810246,241082,86.8687744140625,2.411998987197876,127,0.0001,964432,3232,221.39,-92468.73166666001
7577,19.837961196899414,0.004482158925384283,241159,86.27047729492188,2.2931957244873047,127,0.0001,964740,3236,217.99,-92654.30666666
7578,214.92892456054688,0.004489555489271879,241212,84.76026153564453,3.843275308609009,127,0.0001,964952,3240,231.52,-91412.84
7580,19.798778533935547,0.004493188112974167,241260,85.654296875,2.0961782932281494,127,0.0001,965144,3244,226.29,-91590.84
7581,19.8570613861084,0.00449335714802146,241291,85.90521240234375,-3.5505051612854004,127,0.0001,965268,3248,225.2,-91579.94
7582,390.3765869140625,0.004493230953812599,241325,85.74063110351562,1.8493168354034424,127,0.0001,965404,3252,219.29,-91652.565
7585,390.4183349609375,0.004508797079324722,241414,85.48511505126953,-2.4547438621520996,127,0.0001,965760,3256,218.05,-91742.565
7588,605.2662963867188,0.004518892150372267,241483,86.07611083984375,-4.008801460266113,127,0.0001,966036,3260,204.33,-92706.665
7591,214.93690490722656,0.004520750138908625,241574,84.25030517578125,0.9425386786460876,127,0.0001,966400,3264,204.12,-92704.565
7597,0.18714556097984314,0.004529415164142847,241773,86.91559600830078,-0.5987170934677124,127,0.0001,967196,3268,200.67,-92670.065
7613,0.19613496959209442,0.004588708281517029,242261,81.06462860107422,2.711834192276001,127,0.0001,969148,3272,197.23,-93666.7775
7619,390.4020080566406,0.004582502879202366,242441,86.76018524169922,-0.835465133190155,127,0.0001,969868,3276,204.14,-92929.6125
7623,0.1699179708957672,0.004585254471749067,242563,83.04854583740234,0.2334200143814087,127,0.0001,970356,3280,210.88,-92213.3625
7629,195.33078002929688,0.004568138625472784,242737,85.29861450195312,3.141242027282715,127,0.0001,971052,3284,209.87,-92213.7625
7635,195.29698181152344,0.0045543513260781765,242895,87.18585205078125,-1.250376582145691,127,0.0001,971684,3288,220.18,-91316.9625
7637,585.7095947265625,0.0045479172840714455,242974,87.00883483886719,-1.6924153566360474,127,0.0001,972000,3292,213.82,-91476.0125
7643,585.8020629882812,0.00453365920111537,243134,86.86991882324219,-2.5573859214782715,127,0.0001,972640,3296,207.55,-91647.1125
7649,195.28717041015625,0.0045348480343818665,243335,84.00067901611328,-3.7102415561676025,127,0.0001,973444,3300,202.79,-92861.5625
7656,390.6069641113281,0.004537264350801706,243563,85.50775146484375,0.6470265984535217,127,0.0001,974356,3304,189.16,-93851.6625
7662,390.405517578125,0.004544530995190144,243743,84.09342956542969,0.5204399824142456,127,0.0001,975076,3308,183.01,-94938.4625
7667,0.2789430022239685,0.004567173775285482,243887,88.93849182128906,2.885315418243408,127,0.0001,975652,3312,169.65,-95023.8125
7670,390.536865234375,0.004582181107252836,243993,82.81420135498047,3.040942907333374,127,0.0001,976076,3316,154.79,-95885.0875
7683,605.1519165039062,0.004643912427127361,244345,85.74938201904297,0.6153537034988403,127,0.0001,977484,3320,143.86,-95775.7875
7689,0.19676779210567474,0.0046670036390423775,244528,83.37411499023438,-0.8511887788772583,127,0.0001,978216,3324,152.64,-95863.5875
7691,780.80029296875,0.004669670481234789,244571,87.86817932128906,1.1321666240692139,127,0.0001,978388,3328,153.69,-95874.0875
7694,390.25421142578125,0.004677871707826853,244681,86.39595031738281,-0.6915553212165833,127,0.0001,978828,3332,159.27,-95929.8875
7696,195.378173828125,0.004691891837865114,244732,84.18155670166016,0.06088784337043762,127,0.0001,979032,3336,159.43,-95830.6875
7697,0.2225268930196762,0.00469296844676137,244768,84.00334167480469,1.881137490272522,127,0.0001,979176,3340,140.97,-97645.8875
7699,390.4461364746094,0.004695551004260778,244810,88.80780029296875,-2.812847375869751,127,0.0001,979344,3344,140.0,-97636.1875
7701,195.2985076904297,0.004707680083811283,244889,87.95285034179688,-0.08524274826049805,127,0.0001,979660,3348,140.23,-97638.4875
7703,195.29708862304688,0.004708809312433004,244939,91.72705841064453,-0.5611585378646851,127,0.0001,979860,3352,141.23,-97648.4875
7704,390.4034729003906,0.004710255190730095,244985,86.79912567138672,0.8878992795944214,127,0.0001,980044,3356,140.34,-97639.5875
7705,390.4220886230469,0.0047167036682367325,245014,87.62217712402344,2.9627795219421387,127,0.0001,980160,3360,139.91,-97635.2875
7713,390.52203369140625,0.004729886073619127,245276,85.98466491699219,1.7487475872039795,127,0.0001,981208,3364,139.41,-97630.2875
7721,410.0508117675781,0.004721095785498619,245542,86.85835266113281,0.1984633207321167,127,0.0001,982272,3368,142.9,-97665.1875
7729,410.0070495605469,0.004685669671744108,245792,84.39903259277344,-0.6651284694671631,127,0.0001,983272,3372,150.69,-96758.125
7736,780.7208251953125,0.0046624415554106236,246010,85.57490539550781,0.14735066890716553,127,0.0001,984144,3376,153.08,-96913.125
7750,0.23511818051338196,0.004590391181409359,246442,88.30260467529297,-2.541323184967041,127,0.0001,985872,3380,152.94,-97911.625
7757,234.65084838867188,0.004575685597956181,246670,85.70369720458984,2.7479677200317383,127,0.0001,986784,3384,159.13,-97856.075
7767,19.8229923248291,0.004563015885651112,246950,87.47618103027344,-2.6580376625061035,127,0.0001,987904,3388,161.38,-97663.775
7778,390.39044189453125,0.004563601221889257,247287,86.35507202148438,0.7944406270980835,127,0.0001,989252,3392,166.64,-97716.375
7783,390.4128112792969,0.0045682103373110294,247441,86.23052978515625,3.999868631362915,127,0.0001,989868,3396,173.21,-97782.075
7790,390.4512023925781,0.00457485718652606,247643,88.14505004882812,-2.0933351516723633,127,0.0001,990676,3400,169.89,-97848.875
7799,195.39268493652344,0.004563475027680397,247918,88.96612548828125,-2.3708980083465576,127,0.0001,991776,3404,179.06,-96739.925
7814,410.0740966796875,0.0045600165612995625,248417,88.49769592285156,2.516742706298828,127,0.0001,993772,3408,180.04,-96629.075
7821,0.20402094721794128,0.004574673715978861,248657,88.14828491210938,2.765501022338867,127,0.0001,994732,3412,186.15,-96690.175
7823,195.37228393554688,0.004577770363539457,248717,88.93446350097656,0.06127578020095825,127,0.0001,994972,3416,183.06,-96661.85
7826,0.2550012767314911,0.004585770424455404,248776,90.31885528564453,0.4946679174900055,127,0.0001,995208,3420,187.33,-95704.65
7829,0.21566282212734222,0.004587213974446058,248874,88.78594207763672,-0.023763686418533325,127,0.0001,995600,3424,178.74,-95618.75
7832,390.5418701171875,0.004597874823957682,248977,87.2452392578125,2.6090028285980225,127,0.0001,996012,3428,179.54,-95626.75
7835,0.28861725330352783,0.004601337946951389,249073,87.7155532836914,3.2413582801818848,127,0.0001,996396,3432,175.89,-95489.85
7840,390.5842590332031,0.004612593911588192,249199,87.76094055175781,-0.183022141456604,127,0.0001,996900,3436,175.48,-95586.55
7841,0.1713651418685913,0.004609361756592989,249248,86.09945678710938,-2.376842975616455,127,0.0001,997096,3440,177.54,-95607.15
7844,19.835142135620117,0.004602727014571428,249310,87.555908203125,0.44017767906188965,127,0.0001,997344,3444,177.87,-95610.45
7845,195.37132263183594,0.004599135369062424,249366,88.63818359375,0.8781630992889404,127,0.0001,997568,3448,177.75,-95609.25
7847,0.23011477291584015,0.004598310682922602,249415,88.90750885009766,1.9093260765075684,127,0.0001,997764,3452,176.46,-95596.35
7849,409.9725341796875,0.004592631012201309,249471,89.12983703613281,-3.435436725616455,127,0.0001,997988,3456,183.04,-95662.15
7850,390.42718505859375,0.004581049550324678,249529,90.42535400390625,-0.8871821165084839,127,0.0001,998220,3460,184.19,-95673.65
7853,780.6944580078125,0.004583166912198067,249602,89.16796875,-1.1054818630218506,127,0.0001,998512,3464,182.95,-95661.25
7854,214.9671630859375,0.004579944536089897,249652,88.83309936523438,-1.6907553672790527,127,0.0001,998712,3468,179.39,-95625.65
7856,585.5118408203125,0.004580248147249222,249702,90.15470123291016,-1.1498396396636963,127,0.0001,998912,3472,164.65,-96580.1
7857,585.4696044921875,0.004573532845824957,249758,86.25846099853516,-0.563678503036499,127,0.0001,999136,3476,150.62,-97439.7
7859,780.5485229492188,0.004564752336591482,249819,87.10911560058594,0.45290935039520264,127,0.0001,999380,3480,142.61,-97359.6
7862,195.31260681152344,0.004559970926493406,249902,88.56248474121094,0.9237980842590332,127,0.0001,999712,3484,134.17,-97494.65
7865,390.4741516113281,0.004548995289951563,250010,88.40090942382812,1.5960466861724854,127,0.0001,1000144,3488,121.33,-98580.95
7867,195.3171844482422,0.004550988785922527,250074,91.16024017333984,0.43983209133148193,127,0.0001,1000400,3492,115.59,-98523.55
7869,195.32371520996094,0.004553552251309156,250123,86.14990997314453,-0.5594543218612671,127,0.0001,1000596,3496,106.68,-98434.45
7870,585.7197875976562,0.0045464253053069115,250172,87.29742431640625,-0.08124268054962158,127,0.0001,1000792,3500,100.62,-98373.85
7872,195.37454223632812,0.004545059520751238,250219,88.60613250732422,-0.98763108253479,127,0.0001,1000980,3504,85.99,-99428.2
7874,780.8065185546875,0.004542271140962839,250303,86.56438446044922,0.2877081036567688,127,0.0001,1001316,3508,77.11,-99460.75
7876,195.34571838378906,0.004546798299998045,250356,88.45838165283203,-1.9060592651367188,127,0.0001,1001528,3512,68.72,-99376.85
7878,585.5127563476562,0.004544619470834732,250407,90.12892150878906,-1.605437994003296,127,0.0001,1001732,3516,66.45,-99454.2
7880,0.2327006310224533,0.0045500644482672215,250466,89.49034118652344,-0.6209533214569092,127,0.0001,1001968,3520,55.73,-100346.9
7882,195.05838012695312,0.004569291137158871,250525,89.24304962158203,-0.5464718341827393,127,0.0001,1002204,3524,64.85,-99338.2
7884,19.916011810302734,0.004577348940074444,250586,88.1465072631836,0.028488218784332275,127,0.0001,1002448,3528,62.46,-99314.3
7886,214.98599243164062,0.00458467286080122,250659,90.22207641601562,2.4491655826568604,127,0.0001,1002740,3532,60.8,-99398.1
7888,0.2396324872970581,0.004588255193084478,250729,90.9783935546875,1.537205696105957,127,0.0001,1003020,3536,60.43,-99394.4
7890,390.3837585449219,0.004590739496052265,250798,88.91828918457031,1.3025562763214111,127,0.0001,1003296,3540,57.12,-99361.3
7891,195.310302734375,0.0045928084291517735,250839,88.42861938476562,-2.7449779510498047,127,0.0001,1003460,3544,62.7,-99417.1
7893,19.783876419067383,0.00458824448287487,250888,89.14077758789062,-1.8735923767089844,127,0.0001,1003656,3548,62.45,-99414.6
7894,780.7095336914062,0.004594928584992886,250931,88.28096008300781,0.00905144214630127,127,0.0001,1003828,3552,62.59,-99416.0
7896,195.3362274169922,0.004611584823578596,250996,88.92716979980469,-0.6919113993644714,127,0.0001,1004088,3556,56.03,-99350.4
7898,975.7718505859375,0.00462597981095314,251052,89.47234344482422,0.6947901248931885,127,0.0001,1004312,3560,59.57,-99385.8
7901,390.3754577636719,0.004646570421755314,251149,87.72196960449219,-2.121798038482666,127,0.0001,1004700,3564,59.84,-99388.5
7903,195.2838134765625,0.0046469648368656635,251224,89.0237808227539,3.553173065185547,127,0.0001,1005000,3568,61.72,-99407.3
7907,0.18925489485263824,0.004647086374461651,251348,88.95268249511719,0.016368985176086426,127,0.0001,1005496,3572,61.95,-99409.6
7911,390.5543518066406,0.0046586147509515285,251480,89.74788665771484,-0.2177174687385559,127,0.0001,1006024,3576,67.83,-99343.75
7916,390.5901184082031,0.004646902438253164,251632,92.21271514892578,-3.6505091190338135,127,0.0001,1006632,3580,67.65,-99341.95
7919,390.4627380371094,0.004652263596653938,251739,90.21249389648438,-2.381429672241211,127,0.0001,1007060,3584,71.88,-99384.25
7923,975.8037109375,0.004648146219551563,251860,90.3121337890625,0.09649050235748291,127,0.0001,1007544,3588,76.24,-99427.85
7926,585.5987548828125,0.0046494584530591965,251949,88.38740539550781,1.3517388105392456,127,0.0001,1007900,3592,81.45,-99479.95
7930,215.00701904296875,0.004644579254090786,252088,89.876953125,2.1451921463012695,127,0.0001,1008456,3596,81.84,-99483.85
7933,390.5168151855469,0.004653142299503088,252196,90.10944366455078,1.9458284378051758,127,0.0001,1008888,3600,84.06,-99506.05
7936,195.34075927734375,0.004662238992750645,252277,89.24208068847656,-0.09897327423095703,127,0.0001,1009212,3604,84.95,-99514.95
7939,215.03382873535156,0.004667954053729773,252382,87.79843139648438,-0.16824907064437866,127,0.0001,1009632,3608,81.18,-99577.25
7948,390.4744567871094,0.004650542512536049,252666,89.87808227539062,-0.436911940574646,127,0.0001,1010768,3612,82.97,-99595.15
7956,0.17595303058624268,0.004633129574358463,252909,88.77318572998047,-0.04550392925739288,127,0.0001,1011740,3616,93.53,-98562.3
7962,585.5767211914062,0.004625740926712751,253094,86.03130340576172,4.2814621925354,127,0.0001,1012480,3620,104.98,-97573.2
7969,195.3804931640625,0.004612583201378584,253315,91.00272369384766,-0.04736858606338501,127,0.0001,1013364,3624,106.78,-97583.85
7973,624.701904296875,0.0046114083379507065,253421,91.02520751953125,0.6770927906036377,127,0.0001,1013788,3628,109.62,-97512.25
7981,195.3238983154297,0.004583363421261311,253682,87.76739501953125,-1.3066039085388184,127,0.0001,1014832,3632,121.64,-97532.45
7990,19.884193420410156,0.004597986117005348,253951,88.73394775390625,0.425746351480484,127,0.0001,1015908,3636,125.25,-97568.55
7993,195.36666870117188,0.004595908802002668,254055,89.16761779785156,4.487177848815918,127,0.0001,1016324,3640,132.16,-97512.75
7996,195.46888732910156,0.004607032518833876,254141,91.453857421875,1.8880268335342407,127,0.0001,1016668,3644,133.71,-97412.95
7998,19.842222213745117,0.004612255375832319,254233,88.81317138671875,1.808972716331482,127,0.0001,1017036,3648,135.76,-97433.45
8003,390.5807800292969,0.0046285828575491905,254359,90.22960662841797,0.6557577252388,127,0.0001,1017540,3652,137.72,-97453.05
8007,195.38218688964844,0.004610792733728886,254497,88.5576171875,-1.590853214263916,127,0.0001,1018092,3656,141.36,-97489.45
8012,19.847185134887695,0.004605036228895187,254667,92.67616271972656,-0.19585159420967102,127,0.0001,1018772,3660,139.13,-97467.15
8015,0.2665862739086151,0.004597653169184923,254770,87.00302124023438,0.3574371933937073,127,0.0001,1019184,3664,145.68,-97532.65
8020,390.3718566894531,0.004592617973685265,254906,89.62421417236328,-5.931269645690918,127,0.0001,1019728,3668,148.3,-97558.85
8024,0.4054158926010132,0.004583881702274084,255038,88.70935821533203,1.0901179313659668,127,0.0001,1020256,3672,152.34,-97599.25
8029,214.91156005859375,0.004592545330524445,255188,89.99189758300781,2.7145137786865234,127,0.0001,1020856,3676,149.79,-97698.4
8031,975.8330688476562,0.004584972746670246,255254,91.09056091308594,1.0032546520233154,127,0.0001,1021120,3680,149.8,-97698.5
8034,0.26227065920829773,0.00458032451570034,255349,89.7101821899414,-0.6122382879257202,127,0.0001,1021500,3684,147.27,-97673.2
8040,195.32164001464844,0.0045692757703363895,255562,86.26187896728516,1.2484174966812134,127,0.0001,1022352,3688,147.44,-97674.9
8049,0.17839349806308746,0.004570613615214825,255814,89.0906982421875,-2.4818904399871826,127,0.0001,1023360,3692,148.02,-97680.7
8057,0.16665077209472656,0.0045569539070129395,256070,89.58700561523438,-0.8222482204437256,127,0.0001,1024384,3696,158.69,-97666.7
8063,390.4182434082031,0.0045333132147789,256243,90.48806762695312,-2.5115714073181152,127,0.0001,1025076,3700,167.21,-97535.7
8070,390.4158935546875,0.004518411587923765,256452,89.6357421875,1.15798020362854,127,0.0001,1025912,3704,171.14,-97473.35
8085,0.24860912561416626,0.004518523812294006,256898,89.56996154785156,4.868730068206787,127,0.0001,1027696,3708,178.95,-97551.45
8091,195.31443786621094,0.0045280116610229015,257078,89.3639144897461,1.9245240688323975,127,0.0001,1028416,3712,186.78,-97502.25
8096,800.3062744140625,0.004536221269518137,257253,91.22464752197266,-0.34863054752349854,127,0.0001,1029116,3716,189.29,-97526.525
8104,0.19493231177330017,0.004531076643615961,257479,91.43497467041016,-1.1906465291976929,127,0.0001,1030020,3720,181.76,-98554.825
8131,195.2620849609375,0.004578704014420509,258290,91.02828979492188,-0.8222384452819824,127,0.0001,1033264,3724,193.49,-99779.375
8135,585.6868896484375,0.004575158003717661,258442,88.30191040039062,-1.1923563480377197,127,0.0001,1033872,3728,201.41,-99843.95
8145,0.14244984090328217,0.004579505417495966,258748,93.38514709472656,-3.3480491638183594,127,0.0001,1035096,3732,200.42,-99934.05
8156,195.32020568847656,0.004613132681697607,259105,92.99653625488281,2.9584903717041016,127,0.0001,1036524,3736,208.84,-100018.25
8168,195.31480407714844,0.004616098944097757,259488,92.87083435058594,0.8661000728607178,127,0.0001,1038056,3740,214.73,-99202.15
8173,195.28822326660156,0.0046247621066868305,259659,93.90458679199219,4.199009895324707,127,0.0001,1038740,3744,210.27,-99272.85
8182,0.26523253321647644,0.0046396758407354355,259937,94.70285034179688,0.17563927173614502,127,0.0001,1039852,3748,225.36,-98423.85
8186,390.38140869140625,0.004649176727980375,260086,95.46185302734375,-2.8176145553588867,127,0.0001,1040448,3752,230.04,-98470.65
8193,0.17638826370239258,0.004674839321523905,260306,92.9344253540039,0.9007003903388977,127,0.0001,1041328,3756,234.5,-98006.63653845999
8198,1170.8638916015625,0.004676442127674818,260459,94.77392578125,0.6062657237052917,127,0.0001,1041940,3760,235.75,-98019.13653845999
8202,585.6259765625,0.004665857646614313,260598,92.77044677734375,0.2626885175704956,127,0.0001,1042496,3764,232.49,-97986.53653846
8207,195.2773895263672,0.0046517979353666306,260764,95.84547424316406,-0.4477267861366272,127,0.0001,1043160,3768,229.84,-97960.03653846
8217,0.22269155085086823,0.004613400902599096,261094,93.97885131835938,-0.5077524185180664,127,0.0001,1044480,3772,230.92,-97970.83653845999
8222,390.4122314453125,0.004602121189236641,261265,94.00599670410156,1.2990386486053467,127,0.0001,1045164,3776,244.58,-97107.53653846
8232,995.2984008789062,0.004575895145535469,261569,92.92451477050781,-2.031965494155884,127,0.0001,1046380,3780,248.94,-97151.13653845999
8249,390.3916931152344,0.004523365758359432,262123,95.33946228027344,-2.5402586460113525,127,0.0001,1048596,3784,266.28,-95961.46153845999
8257,585.646728515625,0.004508083686232567,262388,94.72393798828125,0.6043927669525146,127,0.0001,1049656,3788,271.93,-96017.96153845999
8267,195.27005004882812,0.004472056869417429,262718,96.63240814208984,1.711320161819458,127,0.0001,1050976,3792,280.7,-95879.06153846
8279,0.20606185495853424,0.004434466827660799,263088,96.70587921142578,0.7335359454154968,127,0.0001,1052456,3796,278.82,-95980.96153845999
8295,585.5094604492188,0.004351791460067034,263615,95.03131103515625,-1.7052024602890015,127,0.0001,1054564,3800,282.97,-96238.66153846
8302,195.2840576171875,0.004303715657442808,263869,95.81652069091797,-1.233485460281372,127,0.0001,1055580,3804,293.37,-96340.86153846
8314,585.609375,0.004237712360918522,264215,95.60569763183594,2.5617194175720215,127,0.0001,1056964,3808,296.2,-96269.16153846
8324,390.3578796386719,0.004199978895485401,264540,97.47821044921875,0.3216105103492737,127,0.0001,1058264,3812,294.49,-96379.56153846
8327,0.2067723274230957,0.00418838718906045,264638,95.73004913330078,2.348294734954834,127,0.0001,1058656,3816,295.15,-97525.43653846
8330,585.4906616210938,0.004188315011560917,264717,95.71832275390625,1.0245695114135742,127,0.0001,1058972,3820,294.43,-97518.23653846
8338,410.0157165527344,0.0041462937369942665,264978,96.31565856933594,-2.6615800857543945,127,0.0001,1060016,3824,277.21,-97346.03653846
8352,195.25213623046875,0.004031694959849119,265422,95.23764038085938,0.5942674875259399,127,0.0001,1061792,3828,275.94,-97325.68653846
8362,585.5562744140625,0.004007556010037661,265741,94.85198211669922,3.6336722373962402,127,0.0001,1063068,3832,273.39,-97063.61987179
8372,195.28221130371094,0.003990710247308016,266054,95.6934814453125,-1.7314213514328003,127,0.0001,1064320,3836,273.08,-96060.61987179
8376,195.526123046875,0.003999225329607725,266189,97.31498718261719,-1.88679039478302,127,0.0001,1064860,3840,275.22,-95827.94487179
8385,0.1771177053451538,0.004022696521133184,266477,92.4955062866211,3.1056337356567383,127,0.0001,1066012,3844,280.72,-95778.19487179
8394,390.4146423339844,0.004053995478898287,266753,93.20536804199219,-0.4544759690761566,127,0.0001,1067116,3848,269.09,-96661.79487179
8403,195.25863647460938,0.004086521919816732,267015,95.75904846191406,-0.25944018363952637,127,0.0001,1068164,3852,267.64,-96647.29487179
8409,0.1756918877363205,0.0040860604494810104,267192,95.577392578125,-2.4802775382995605,127,0.0001,1068872,3856,274.36,-97083.05833333
8421,390.34515380859375,0.0040682111866772175,267579,94.21232604980469,0.5605189800262451,127,0.0001,1070420,3860,281.38,-97053.00833333
8427,195.26551818847656,0.004083238076418638,267778,94.54957580566406,-2.196448564529419,127,0.0001,1071216,3864,282.67,-97065.90833333001
8437,390.4134826660156,0.004094866570085287,268087,94.80744934082031,-2.707927942276001,127,0.0001,1072452,3868,291.88,-96927.23833333001
8452,0.17653580009937286,0.0040606665425002575,268541,93.59779357910156,-0.7612229585647583,127,0.0001,1074268,3872,306.62,-97074.63833333
8457,0.15027596056461334,0.004045542795211077,268709,95.49605560302734,1.493896245956421,127,0.0001,1074940,3876,296.19,-97858.23833333001
8462,390.39617919921875,0.004037525970488787,268874,95.39810180664062,-0.5946468710899353,127,0.0001,1075600,3880,293.0,-97826.33833333
8470,195.25918579101562,0.004036761820316315,269126,95.16493225097656,-0.5215929746627808,127,0.0001,1076608,3884,280.56,-99065.01333333
8476,390.3553466796875,0.004025000613182783,269320,93.45565795898438,1.0808769464492798,127,0.0001,1077384,3888,274.39,-99003.31333333
8487,0.16375140845775604,0.004008968360722065,269679,95.82441711425781,-0.4054550528526306,127,0.0001,1078820,3892,274.28,-97964.21333333
8492,390.3514099121094,0.003992166370153427,269835,93.01185607910156,0.9824440479278564,127,0.0001,1079444,3896,272.06,-97942.01333333
8499,390.365234375,0.003998533356934786,270050,94.48446655273438,1.7657673358917236,127,0.0001,1080304,3900,266.67,-97783.61333333001
8502,195.2985076904297,0.004010451957583427,270144,93.43067169189453,0.26969218254089355,127,0.0001,1080680,3904,256.08,-97678.06333333
8508,390.40472412109375,0.004024052992463112,270330,93.3262939453125,1.4547243118286133,127,0.0001,1081424,3908,249.94,-97716.66333333001
8515,410.0434265136719,0.0040152412839233875,270556,96.87579345703125,1.514164924621582,127,0.0001,1082328,3912,251.46,-97731.86333333001
8520,195.25474548339844,0.003998161293566227,270717,96.50970458984375,-3.1005783081054688,127,0.0001,1082972,3916,241.65,-97633.76333333
8528,390.3707275390625,0.003983455244451761,270988,93.85272216796875,2.704146385192871,127,0.0001,1084056,3920,244.96,-97565.16333333001
8537,975.32958984375,0.003975195344537497,271270,93.47198486328125,-2.235050678253174,127,0.0001,1085184,3924,245.97,-97461.53833333001
8549,195.28164672851562,0.004000657703727484,271657,95.4747085571289,-1.73312509059906,127,0.0001,1086732,3928,250.8,-96285.15222222
8555,0.17164671421051025,0.003997053951025009,271833,90.7889404296875,1.5251672267913818,127,0.0001,1087436,3932,248.24,-96496.11888888999
8559,390.4192810058594,0.004006104078143835,271954,95.77362060546875,-1.4437038898468018,127,0.0001,1087920,3936,239.47,-97408.31888889
8574,0.2508687973022461,0.004005108959972858,272419,90.77922058105469,-0.9202828407287598,127,0.0001,1089780,3940,241.27,-97473.82722222
8587,390.4163513183594,0.003973266109824181,272845,92.82196044921875,-1.6127651929855347,127,0.0001,1091484,3944,244.51,-97274.15029914
8590,585.5112915039062,0.0039707962423563,272955,90.00634765625,6.177709579467773,127,0.0001,1091924,3948,249.99,-96169.72529914002
8599,0.14653706550598145,0.003960710018873215,273196,94.27629089355469,-4.6628851890563965,127,0.0001,1092888,3952,247.54,-96145.22529914002
8608,624.6898803710938,0.003925568424165249,273461,92.0775146484375,1.570406436920166,127,0.0001,1093948,3956,247.71,-95187.07529914001
8611,0.34883296489715576,0.003915710374712944,273568,95.54640197753906,-1.5080963373184204,127,0.0001,1094376,3960,240.7,-95217.22529914002
8617,390.3553161621094,0.003895413363352418,273731,94.0693130493164,-2.0692355632781982,127,0.0001,1095028,3964,244.24,-95252.62529914001
8620,975.8482666015625,0.0038680341094732285,273837,93.70925903320312,0.7307498455047607,127,0.0001,1095452,3968,236.91,-95410.09529914001
8628,0.19942940771579742,0.0038538211956620216,274058,93.71714782714844,-0.7675521969795227,127,0.0001,1096336,3972,221.14,-95252.39529914001
8633,0.17127272486686707,0.003831255016848445,274222,91.70501708984375,-4.473957061767578,127,0.0001,1096992,3976,217.98,-95332.79529914001
8638,0.17966748774051666,0.003823992796242237,274360,92.67643737792969,-3.729624032974243,127,0.0001,1097544,3980,218.04,-95232.49529914
8647,195.29910278320312,0.0038039570208638906,274651,92.1949462890625,0.32809263467788696,127,0.0001,1098708,3984,216.44,-95216.49529914
8650,585.49169921875,0.0037919662427157164,274748,95.75045013427734,-0.5167438983917236,127,0.0001,1099096,3988,223.25,-94115.17029914001
8652,585.48583984375,0.0037856772541999817,274794,95.59766387939453,0.0905987024307251,127,0.0001,1099280,3992,208.64,-95233.67029914001
8656,195.2884521484375,0.0037708664312958717,274933,93.72540283203125,1.2121119499206543,127,0.0001,1099836,3996,207.05,-95217.77029914001
8659,0.17241154611110687,0.003754877485334873,275016,91.18301391601562,0.3402484357357025,127,0.0001,1100168,4000,200.9,-95159.42029914001
8663,390.38592529296875,0.003741665743291378,275149,94.06746673583984,-1.53076171875,127,0.0001,1100700,4004,199.35,-95247.02029914001
8669,195.30001831054688,0.003738509025424719,275331,91.55545806884766,-0.22293967008590698,127,0.0001,1101428,4008,198.14,-95234.92029914001
8673,0.3597830533981323,0.003724759677425027,275423,93.74076843261719,0.20294922590255737,127,0.0001,1101796,4012,194.58,-95199.32029914
8675,195.28329467773438,0.003715071128681302,275502,91.495849609375,-0.5181029438972473,127,0.0001,1102112,4016,193.67,-95190.22029914001
8677,195.27203369140625,0.0037059274036437273,275549,91.724609375,1.798370599746704,127,0.0001,1102300,4020,187.6,-95231.22029914001
8680,195.36463928222656,0.0037031718529760838,275639,95.31439208984375,-1.999443769454956,127,0.0001,1102660,4024,181.9,-95287.94529914
8684,390.5201110839844,0.0036990102380514145,275767,91.06706237792969,-0.5933107733726501,127,0.0001,1103172,4028,168.49,-96500.80641024999
8690,0.185461163520813,0.0036623624619096518,275985,93.07455444335938,-0.9900320768356323,127,0.0001,1104044,4032,167.37,-96376.80641024999
8693,390.4043273925781,0.0036549968644976616,276066,92.14173889160156,1.6875948905944824,127,0.0001,1104368,4036,165.73,-96360.40641025
8699,195.34243774414062,0.0036304083187133074,276290,92.80523681640625,-2.1480789184570312,127,0.0001,1105264,4040,151.43,-97423.87307691999
8702,585.5185546875,0.0036209309473633766,276386,94.3189926147461,-5.163410186767578,127,0.0001,1105648,4044,141.3,-97659.4
8705,195.3838348388672,0.00362751679494977,276490,92.76148986816406,-1.572965383529663,127,0.0001,1106064,4048,138.65,-98662.225
8707,0.19092564284801483,0.003619862487539649,276556,91.68521881103516,-1.6513960361480713,127,0.0001,1106328,4052,137.49,-98650.625
8711,0.15650217235088348,0.0036148792132735252,276666,92.732666015625,-0.36378949880599976,127,0.0001,1106768,4056,132.53,-99572.075
8714,214.83450317382812,0.003604230238124728,276757,92.15606689453125,3.559439182281494,127,0.0001,1107132,4060,132.52,-99571.975
8721,195.32582092285156,0.0035938711371272802,276979,91.19654846191406,-1.7653172016143799,127,0.0001,1108020,4064,127.43,-99521.075
8727,390.7598876953125,0.0035743319895118475,277162,94.16134643554688,4.622619152069092,127,0.0001,1108752,4068,130.27,-99549.475
8730,605.2451171875,0.003575085662305355,277279,92.63996887207031,4.051288604736328,127,0.0001,1109220,4072,132.3,-99469.175
8732,390.4218444824219,0.003581876866519451,277351,94.4595947265625,-0.06072354316711426,127,0.0001,1109508,4076,131.11,-99457.275
8733,0.1664932370185852,0.0035863732919096947,277386,91.24726867675781,2.13653564453125,127,0.0001,1109648,4080,127.79,-99524.975
8735,195.30804443359375,0.003591354703530669,277446,91.25932312011719,1.471392035484314,127,0.0001,1109888,4084,123.01,-99477.175
8739,0.16624581813812256,0.0035942380782216787,277557,92.35943603515625,0.29988765716552734,127,0.0001,1110332,4088,114.71,-100454.7
8745,0.1561354547739029,0.0036034462973475456,277762,92.02433776855469,-1.876549243927002,127,0.0001,1111152,4092,120.34,-100301.025
8748,195.3648681640625,0.0035955666098743677,277850,94.45182800292969,-0.3195629119873047,127,0.0001,1111504,4096,117.41,-100067.3
8750,390.3912658691406,0.0035967996809631586,277907,93.83549499511719,-4.403625965118408,127,0.0001,1111732,4100,116.86,-100163.15
8752,0.20527926087379456,0.0035903258249163628,277991,90.85356140136719,3.625551700592041,127,0.0001,1112068,4104,115.32,-100147.75
8757,0.15926973521709442,0.0035788516979664564,278132,92.58531951904297,-3.8215279579162598,127,0.0001,1112632,4108,112.69,-100121.45
8761,0.16969294846057892,0.003563097445294261,278257,92.5507583618164,-1.7200005054473877,127,0.0001,1113132,4112,111.16,-100106.15
8767,195.2738800048828,0.0035168302711099386,278478,93.54734802246094,-0.37029677629470825,127,0.0001,1114016,4116,112.77,-99920.0
8773,585.7025756835938,0.0035073417238891125,278661,90.61231231689453,-2.2524847984313965,127,0.0001,1114748,4120,119.71,-99764.325
8788,195.44920349121094,0.003457425395026803,279136,93.98359680175781,-2.4110050201416016,127,0.0001,1116648,4124,127.21,-99839.325
8797,0.1791379302740097,0.0034417789429426193,279449,90.77001953125,-1.7634037733078003,127,0.0001,1117900,4128,134.78,-99791.475
8803,195.29031372070312,0.0034394001122564077,279652,92.5133056640625,2.166621685028076,127,0.0001,1118712,4132,141.04,-98832.55
8807,195.28231811523438,0.0034358627162873745,279783,91.7396240234375,-0.9666795134544373,127,0.0001,1119236,4136,153.78,-97817.05
8809,195.2402801513672,0.0034419121220707893,279840,92.4004898071289,-0.3892850875854492,127,0.0001,1119464,4140,154.03,-97706.125
8810,19.794225692749023,0.003440684638917446,279893,91.93267059326172,-0.929983377456665,127,0.0001,1119676,4144,153.67,-97702.525
8813,0.15327785909175873,0.0034372673835605383,279967,89.00426483154297,1.5284287929534912,127,0.0001,1119972,4148,146.66,-97762.325
8815,390.38287353515625,0.003437727689743042,280039,90.2500991821289,-3.397056818008423,127,0.0001,1120260,4152,147.23,-97768.025
8820,195.64208984375,0.003426012583076954,280213,94.48109436035156,-1.9348788261413574,127,0.0001,1120956,4156,141.73,-97841.875
8823,0.13611483573913574,0.0034283085260540247,280300,92.33995056152344,-1.986993432044983,127,0.0001,1121304,4160,141.02,-97834.775
8826,195.31478881835938,0.0034254619386047125,280397,92.84890747070312,1.7903881072998047,127,0.0001,1121692,4164,139.62,-97719.775
8831,195.3726043701172,0.0034326582681387663,280559,90.96017456054688,0.3157690763473511,127,0.0001,1122340,4168,137.79,-97601.175
8838,195.2701873779297,0.0034395905677229166,280764,91.49755859375,0.3637878894805908,127,0.0001,1123160,4172,136.08,-97583.675
8842,0.21020707488059998,0.0034469543024897575,280909,91.78522491455078,0.5213978290557861,127,0.0001,1123740,4176,138.96,-97612.475
8845,194.49559020996094,0.003456017468124628,281006,93.90387725830078,2.8763673305511475,127,0.0001,1124128,4180,143.9,-97553.675
8852,0.15293154120445251,0.003444862551987171,281217,90.7434310913086,-2.101036310195923,127,0.0001,1124972,4184,146.66,-97478.425
8857,390.4327392578125,0.0034607734996825457,281394,93.80815887451172,0.20367324352264404,127,0.0001,1125680,4188,149.45,-97511.625
8868,195.30979919433594,0.003493627766147256,281737,92.0228500366211,2.203087568283081,127,0.0001,1127052,4192,150.27,-97617.95
8873,195.41212463378906,0.0034914477728307247,281896,93.31104278564453,-0.8013737201690674,127,0.0001,1127688,4196,153.81,-97749.375
8876,390.36431884765625,0.003492958378046751,282013,93.83445739746094,-3.576444149017334,127,0.0001,1128156,4200,162.79,-96839.275
8883,195.4068603515625,0.003482894506305456,282216,89.44682312011719,1.8575942516326904,127,0.0001,1128968,4204,165.17,-96762.725
8890,390.4005432128906,0.003489716909825802,282473,93.59785461425781,-2.9775443077087402,127,0.0001,1129996,4208,172.26,-96732.725
8894,195.4485626220703,0.003486350644379854,282589,93.89695739746094,0.7775664329528809,127,0.0001,1130460,4212,174.53,-96755.425
8901,390.362548828125,0.003475717268884182,282824,92.94450378417969,-1.6941187381744385,127,0.0001,1131400,4216,174.47,-96856.175
8909,214.8795623779297,0.003499288111925125,283070,89.4655990600586,0.6392624378204346,127,0.0001,1132384,4220,169.67,-96928.975
8914,0.23769260942935944,0.003522708313539624,283251,91.15034484863281,4.048998832702637,127,0.0001,1133108,4224,173.12,-96583.55833333
8922,390.9801940917969,0.003522865939885378,283495,93.33714294433594,3.754479169845581,127,0.0001,1134084,4228,175.79,-96632.60833333
8928,585.83642578125,0.0035587965976446867,283711,91.45286560058594,1.834947109222412,127,0.0001,1134948,4232,169.06,-97699.63333333
8941,390.3826599121094,0.003560862271115184,284130,88.59168243408203,1.4054328203201294,127,0.0001,1136624,4236,159.09,-98742.83333333001
8950,390.5671691894531,0.00356167065910995,284417,90.19844055175781,2.5034189224243164,127,0.0001,1137772,4240,172.81,-97628.73333333
8954,390.38653564453125,0.0035738430451601744,284568,90.7104263305664,3.1235265731811523,127,0.0001,1138376,4244,177.87,-97555.70833333001
8956,195.26882934570312,0.003571563633158803,284633,90.6854248046875,0.6410434246063232,127,0.0001,1138636,4248,186.74,-96501.50833333
8963,605.1715087890625,0.0035432016011327505,284855,91.71696472167969,-1.204815149307251,127,0.0001,1139524,4252,187.69,-96511.00833333
8977,390.5311584472656,0.0035148172173649073,285329,89.1162109375,1.3299545049667358,127,0.0001,1141420,4256,195.49,-96488.70833333001
8988,195.2771453857422,0.0035046834964305162,285687,89.8684310913086,-0.9878603219985962,127,0.0001,1142852,4260,205.26,-95443.98333333
8995,585.6278686523438,0.003479758743196726,285907,91.87600708007812,-2.001636028289795,127,0.0001,1143732,4264,214.35,-94635.98333333
9002,0.17763276398181915,0.0034581227228045464,286124,90.4574966430664,1.2265156507492065,127,0.0001,1144600,4268,210.7,-94699.78333333001
9008,195.3881378173828,0.0034590032882988453,286329,91.06686401367188,0.4519699811935425,127,0.0001,1145420,4272,222.88,-93819.53333333001
9014,195.3839874267578,0.0034460173919796944,286525,90.11521911621094,1.007530689239502,127,0.0001,1146204,4276,224.91,-93839.83333333001
9022,0.15498195588588715,0.0034142101649194956,286798,88.63790893554688,-1.7975788116455078,127,0.0001,1147296,4280,222.42,-93923.13333333
9038,410.197509765625,0.003412870690226555,287329,87.6240005493164,1.402158260345459,127,0.0001,1149420,4284,236.11,-92909.28333333001
9045,0.15433944761753082,0.0034196865744888783,287548,88.0816879272461,0.1709578037261963,127,0.0001,1150296,4288,242.24,-91974.02083333001
9050,585.6128540039062,0.0034195331390947104,287725,89.81511688232422,-1.1325087547302246,127,0.0001,1151004,4292,238.47,-92048.17083333
9054,195.30667114257812,0.0034111475106328726,287861,91.46885681152344,-1.2406136989593506,127,0.0001,1151548,4296,242.87,-92070.47083333001
9071,0.20344771444797516,0.0034345262683928013,288396,89.8426284790039,5.462712287902832,127,0.0001,1153688,4300,245.39,-92850.02583333
9083,0.164845809340477,0.003510124050080776,288801,87.85230255126953,-2.10978364944458,127,0.0001,1155308,4304,258.87,-91875.52583333
9094,195.2528533935547,0.003538079559803009,289172,90.19570922851562,0.768343985080719,127,0.0001,1156792,4308,265.04,-92038.12583333
9106,0.16396155953407288,0.0035783634521067142,289559,89.2642593383789,-4.157087802886963,127,0.0001,1158340,4312,270.19,-91960.67583333001
9115,0.18181200325489044,0.0035785562358796597,289849,89.57259368896484,0.2958791255950928,127,0.0001,1159500,4316,281.12,-91045.32583333
9128,0.16892872750759125,0.003561828751116991,290267,88.69926452636719,-1.3599050045013428,127,0.0001,1161172,4320,288.64,-91123.90083333
9131,390.4573059082031,0.0035712621174752712,290378,92.12211608886719,-4.225799560546875,127,0.0001,1161616,4324,281.63,-91433.7175
9135,195.3234405517578,0.003561816643923521,290494,88.34381866455078,-2.4890482425689697,127,0.0001,1162080,4328,281.56,-90534.3175
9139,0.17948918044567108,0.003542720340192318,290624,90.36837768554688,-5.602365493774414,127,0.0001,1162600,4332,280.06,-90519.3175
9140,585.4765014648438,0.003534956369549036,290671,90.64805603027344,-3.1477890014648438,127,0.0001,1162788,4336,278.94,-90508.1175
9144,585.4628295898438,0.003514716401696205,290791,90.85812377929688,-0.25302472710609436,127,0.0001,1163268,4340,264.23,-91725.7425
9147,195.658935546875,0.0035039065405726433,290906,89.45849609375,5.0592451095581055,127,0.0001,1163728,4344,261.24,-91819.4675
9157,585.5202026367188,0.0034854928962886333,291213,89.38569641113281,-3.6852099895477295,127,0.0001,1164956,4348,256.57,-92915.6675
9167,0.1495990753173828,0.0034988143015652895,291563,89.51685333251953,-0.09179818630218506,127,0.0001,1166356,4352,262.4,-92843.2175
9175,410.0325012207031,0.0034877904690802097,291805,92.20977783203125,0.40145206451416016,127,0.0001,1167324,4356,262.71,-92842.1175
9194,195.4421844482422,0.0035219474229961634,292464,88.45210266113281,-0.20447568595409393,127,0.0001,1169960,4360,270.29,-92696.33416667
9203,195.25167846679688,0.003544529899954796,292731,90.614990234375,-3.494560718536377,127,0.0001,1171028,4364,271.1,-92433.93416666999
9208,195.26336669921875,0.003542735241353512,292926,88.54100799560547,5.658277988433838,127,0.0001,1171808,4368,277.08,-92077.40916667
9212,195.36911010742188,0.0035317265428602695,293045,90.66947174072266,2.9011473655700684,127,0.0001,1172284,4372,262.58,-93035.45916667
9214,0.15848591923713684,0.003530221525579691,293115,90.6689224243164,-0.2406308650970459,127,0.0001,1172564,4376,266.85,-93078.15916667
9218,408.859130859375,0.0035262559540569782,293229,91.35409545898438,2.8703842163085938,127,0.0001,1173020,4380,266.05,-93070.15916667
9223,975.6348876953125,0.003517571836709976,293395,87.84989929199219,-0.536460280418396,127,0.0001,1173684,4384,251.38,-94177.05916666999
9230,195.32363891601562,0.0034999039489775896,293617,85.869873046875,1.9167702198028564,127,0.0001,1174572,4388,244.64,-95209.82166666999
9235,391.11029052734375,0.003494272707030177,293795,94.88579559326172,2.527567148208618,127,0.0001,1175284,4392,247.44,-95135.22166667
9245,195.3036651611328,0.003485928289592266,294130,88.67467498779297,1.8968631029129028,127,0.0001,1176624,4396,251.59,-95306.82166666999
9247,19.89547348022461,0.0034891460090875626,294187,88.06952667236328,-0.12064051628112793,127,0.0001,1176852,4400,242.4,-95460.46666666999
9252,195.25096130371094,0.003484582295641303,294352,90.99771118164062,-3.316882610321045,127,0.0001,1177512,4404,226.14,-96507.51666667
9261,195.4783477783203,0.0034654501359909773,294626,90.92757415771484,-1.9349853992462158,127,0.0001,1178608,4408,224.41,-96387.51666667
9266,215.38818359375,0.003446170361712575,294815,90.77899169921875,3.9148483276367188,127,0.0001,1179364,4412,217.95,-96351.49166667
9270,390.4997863769531,0.0034443566109985113,294917,88.3526611328125,-0.021341383457183838,127,0.0001,1179772,4416,205.83,-97355.84166666999
9277,195.40042114257812,0.003431733464822173,295158,88.41948699951172,-1.5102815628051758,127,0.0001,1180736,4420,196.95,-97367.94166667
9281,195.37889099121094,0.0034196230117231607,295290,87.15006256103516,1.9730910062789917,127,0.0001,1181264,4424,199.25,-97266.19166667
9298,781.0968627929688,0.003463991452008486,295821,92.19931030273438,2.5009260177612305,127,0.0001,1183388,4428,202.25,-98296.09166666999
9309,390.4144287109375,0.00349870091304183,296153,88.71238708496094,-2.0640997886657715,127,0.0001,1184716,4432,211.53,-98388.89166667
9315,195.32347106933594,0.003497498342767358,296325,93.64644622802734,0.18773365020751953,127,0.0001,1185404,4436,223.6,-98273.74166667
9318,605.130126953125,0.0034963078796863556,296428,88.43659973144531,-0.7497855424880981,127,0.0001,1185816,4440,224.86,-98286.34166666999
9322,214.9149169921875,0.003482361324131489,296537,86.18788146972656,0.15390253067016602,127,0.0001,1186252,4444,222.96,-98267.34166666999
9334,195.25778198242188,0.00344930705614388,296922,89.6815185546875,-0.09081399440765381,127,0.0001,1187792,4448,223.47,-98054.01666667
9339,390.3962707519531,0.0034485850483179092,297106,89.07220458984375,-1.4586164951324463,127,0.0001,1188528,4452,217.08,-98120.86666667
9346,195.3248748779297,0.003441178472712636,297330,90.13346099853516,1.3031065464019775,127,0.0001,1189424,4456,215.52,-96944.16666666999
9348,0.17599935829639435,0.0034442120231688023,297388,87.10786437988281,0.8344334363937378,127,0.0001,1189656,4460,204.61,-98199.075
9350,215.1760711669922,0.003430949756875634,297463,88.45225524902344,1.9910001754760742,127,0.0001,1189956,4464,197.82,-99401.575
9355,195.40621948242188,0.003424225840717554,297601,91.33491516113281,-3.6869888305664062,127,0.0001,1190508,4468,193.28,-99772.5
9357,800.3319702148438,0.0034198365174233913,297672,90.01139831542969,-0.581628680229187,127,0.0001,1190792,4472,193.09,-99770.6
9362,195.2987823486328,0.003405794035643339,297854,85.69049072265625,1.208906888961792,127,0.0001,1191520,4476,184.42,-99473.325
9365,195.2393798828125,0.0034030552487820387,297925,86.97059631347656,-1.7598612308502197,127,0.0001,1191804,4480,185.06,-99367.5
9368,390.3741149902344,0.003384572919458151,298038,89.0708999633789,2.1429591178894043,127,0.0001,1192256,4484,184.11,-99358.0
9372,195.39266967773438,0.0033828222658485174,298172,90.45625305175781,1.1669607162475586,127,0.0001,1192792,4488,186.32,-99129.25
9376,585.5440673828125,0.0033722715452313423,298296,90.47706604003906,4.622025012969971,127,0.0001,1193288,4492,184.86,-99217.25
9382,390.5069580078125,0.003356844186782837,298482,87.36445617675781,-2.0448877811431885,127,0.0001,1194032,4496,175.86,-99127.25
9397,0.16451576352119446,0.003341516014188528,298884,85.25383758544922,2.890686511993408,127,0.0001,1195640,4500,176.39,-98810.925
9403,390.29913330078125,0.0033214143477380276,299074,90.14615631103516,0.8369437456130981,127,0.0001,1196400,4504,182.29,-98869.925
9417,0.20797929167747498,0.003306527156382799,299482,90.63233947753906,-0.1336045265197754,127,0.0001,1198032,4508,188.25,-97473.4647619
9424,195.7266082763672,0.003309071296826005,299694,90.97785949707031,3.8364834785461426,127,0.0001,1198880,4512,194.7,-97013.46796703
9427,19.832948684692383,0.0033166648354381323,299792,91.09854125976562,1.1571687459945679,127,0.0001,1199272,4516,192.28,-96989.26796703
9429,0.15779416263103485,0.0033126899506896734,299874,88.85684204101562,-2.236391067504883,127,0.0001,1199600,4520,198.73,-96819.56796703
9431,195.302001953125,0.0033080459106713533,299927,87.25237274169922,1.171496868133545,127,0.0001,1199812,4524,191.39,-96870.91796702999
9434,195.30613708496094,0.00330138485878706,300025,86.69197082519531,-3.6537983417510986,127,0.0001,1200204,4528,179.57,-96752.71796703
9436,585.28564453125,0.0032963338308036327,300099,87.6336441040039,-1.8100054264068604,127,0.0001,1200500,4532,169.6,-96549.04296702999
9453,0.22937265038490295,0.003282959805801511,300654,87.48663330078125,-4.15481424331665,127,0.0001,1202720,4536,164.42,-96526.56796703
9461,390.6220703125,0.0032986344303935766,300890,86.81710815429688,1.2514187097549438,127,0.0001,1203664,4540,170.16,-96450.89296703
9478,390.48956298828125,0.0032860860228538513,301430,84.21222686767578,-2.5469090938568115,127,0.0001,1205824,4544,193.26,-95239.64296703
9484,0.16022160649299622,0.0032789187971502542,301615,87.93792724609375,1.4140979051589966,127,0.0001,1206564,4548,198.49,-95383.66796702999
9489,429.7255554199219,0.0032954569905996323,301757,88.07156372070312,2.438769578933716,127,0.0001,1207132,4552,200.37,-95402.46796703
9494,409.90936279296875,0.0032780447509139776,301926,85.26783752441406,-1.6563807725906372,127,0.0001,1207808,4556,191.94,-96583.76796703
9504,195.3034210205078,0.0032581540290266275,302213,87.5665283203125,-1.438485026359558,127,0.0001,1208956,4560,187.47,-96539.06796703
9516,410.2661437988281,0.003232412040233612,302621,86.94915771484375,0.9713194966316223,127,0.0001,1210588,4564,201.71,-95515.86796702999
9526,390.6139831542969,0.0032163436990231276,302916,84.46821594238281,1.6527159214019775,127,0.0001,1211768,4568,203.55,-95534.26796703
9532,0.15772123634815216,0.0032122957054525614,303109,86.93016052246094,1.4072868824005127,127,0.0001,1212540,4572,215.32,-95493.69296703
9536,0.18622511625289917,0.0032046311534941196,303255,84.46073913574219,1.5056408643722534,127,0.0001,1213124,4576,217.53,-95612.64296703
9542,390.3992614746094,0.003192300209775567,303430,86.92350769042969,-1.267017126083374,127,0.0001,1213824,4580,221.62,-95656.41796702999
9567,195.33229064941406,0.003171060234308243,304203,83.71837615966797,0.5311712026596069,127,0.0001,1216916,4584,237.64,-94653.86796702999
9571,390.4813232421875,0.003165973350405693,304339,85.767578125,3.2235937118530273,127,0.0001,1217460,4588,247.79,-93607.11296703
9576,195.22242736816406,0.003164204303175211,304488,86.91065979003906,-1.8709560632705688,127,0.0001,1218056,4592,247.31,-93602.31296703
9578,410.235595703125,0.0031594596803188324,304573,85.75660705566406,1.3803215026855469,127,0.0001,1218396,4596,244.35,-93572.71296702999
9583,585.507568359375,0.0031622524838894606,304720,84.10798645019531,1.095094919204712,127,0.0001,1218984,4600,242.82,-93879.03796703
9588,0.14404839277267456,0.003150633303448558,304889,81.38240814208984,0.21637582778930664,127,0.0001,1219660,4604,241.16,-93862.43796703
9590,39.335514068603516,0.0031510659027844667,304949,89.3092041015625,0.15788254141807556,127,0.0001,1219900,4608,224.75,-95257.09820513
9593,19.818790435791016,0.0031467280350625515,305040,86.51521301269531,2.3889615535736084,127,0.0001,1220264,4612,214.91,-95783.57
9598,195.24725341796875,0.0031315006781369448,305214,85.61763000488281,-0.7745640873908997,127,0.0001,1220960,4616,216.02,-95794.67
9608,0.15567047894001007,0.003101151203736663,305513,84.90994262695312,0.550544261932373,127,0.0001,1222156,4620,212.21,-95876.145
9615,195.31027221679688,0.0030980370938777924,305717,82.706787109375,3.8176422119140625,127,0.0001,1222972,4624,221.7,-95971.045
9620,0.15319038927555084,0.0030922782607376575,305859,86.1112060546875,-2.3027522563934326,127,0.0001,1223540,4628,230.78,-95061.945
9626,0.22622598707675934,0.003081148024648428,306041,82.59982299804688,4.514034271240234,127,0.0001,1224268,4632,231.8,-95073.67
9629,0.15377144515514374,0.0030982778407633305,306146,83.73448181152344,0.8583983182907104,127,0.0001,1224688,4636,222.97,-95191.895
9633,0.1289730966091156,0.003112319391220808,306253,86.85939025878906,-1.6030000448226929,127,0.0001,1225116,4640,215.06,-95245.87
9642,410.04443359375,0.003133282531052828,306567,81.61569213867188,-3.2258265018463135,127,0.0001,1226372,4644,202.22,-95306.21166666999
9648,0.16293779015541077,0.00317213567905128,306748,86.38642883300781,-3.0184836387634277,127,0.0001,1227096,4648,200.82,-95418.91166667
9650,429.7236633300781,0.003176914295181632,306819,82.81340026855469,-1.24147367477417,127,0.0001,1227380,4652,198.79,-95398.61166667
9655,195.227783203125,0.0031840847805142403,306976,85.70376586914062,-5.039438247680664,127,0.0001,1228008,4656,204.05,-95451.21166666999
9658,195.3180389404297,0.003187586087733507,307086,84.004638671875,1.2984106540679932,127,0.0001,1228448,4660,199.93,-95410.01166666999
9661,605.2908935546875,0.0031969354022294283,307162,88.25244140625,-4.948205947875977,127,0.0001,1228752,4664,183.21,-96408.41166667
9663,195.27395629882812,0.0031958259642124176,307236,82.4869384765625,2.636381149291992,127,0.0001,1229048,4668,179.38,-96370.11166667
9668,390.3724670410156,0.0032149730250239372,307370,81.09825897216797,1.5649712085723877,127,0.0001,1229584,4672,166.78,-96402.38666666999
9670,0.19387075304985046,0.003218367462977767,307453,85.4103012084961,1.6851454973220825,127,0.0001,1229916,4676,170.8,-96425.18666667
9676,390.3861999511719,0.003216757904738188,307625,85.47110748291016,-1.578549861907959,127,0.0001,1230604,4680,167.28,-96499.33666666999
9681,195.39959716796875,0.003212185576558113,307800,86.50215148925781,-0.40102702379226685,127,0.0001,1231304,4684,151.63,-97505.58666666999
9690,390.3362731933594,0.0032401992939412594,308088,84.88334655761719,0.004967868328094482,127,0.0001,1232456,4688,143.57,-98824.09166666999
9694,390.3800964355469,0.003242921084165573,308214,85.12492370605469,-2.6420717239379883,127,0.0001,1232960,4692,149.6,-98669.175
9697,0.14565697312355042,0.0032400398049503565,308305,86.28392791748047,-0.6066792607307434,127,0.0001,1233324,4696,149.66,-98669.775
9700,390.4027404785156,0.0032397957984358072,308405,88.23097229003906,2.615370035171509,127,0.0001,1233724,4700,146.95,-98642.675
9704,390.40008544921875,0.003240954829379916,308536,85.65465545654297,-2.2813611030578613,127,0.0001,1234248,4704,146.06,-98633.775
9708,585.5823364257812,0.003230301197618246,308670,82.08445739746094,0.7713899612426758,127,0.0001,1234784,4708,145.34,-98626.575
9710,605.07861328125,0.0032453667372465134,308744,85.09526824951172,2.469468116760254,127,0.0001,1235080,4712,150.05,-98468.85
9714,195.41969299316406,0.0032285486813634634,308870,84.84443664550781,0.9534125328063965,127,0.0001,1235584,4716,149.59,-98464.25
9727,410.0268249511719,0.0032099394593387842,309296,89.86160278320312,-0.060068488121032715,127,0.0001,1237288,4720,150.7,-98589.975
9739,19.81485939025879,0.0032172377686947584,309697,84.96856689453125,0.28258025646209717,127,0.0001,1238892,4724,161.44,-98344.94166667
9748,585.4323120117188,0.003248396562412381,309988,89.00917053222656,4.511329650878906,127,0.0001,1240056,4728,151.8,-99248.44166667
9752,195.25828552246094,0.0032630751375108957,310116,86.3616943359375,-2.8470346927642822,127,0.0001,1240568,4732,155.48,-99270.44166667
9755,195.36378479003906,0.0032763900235295296,310210,86.10882568359375,1.1594464778900146,127,0.0001,1240944,4736,154.71,-99262.74166667
9760,195.38174438476562,0.003322893986478448,310364,86.39280700683594,4.4669036865234375,127,0.0001,1241560,4740,163.54,-98351.14166667
9769,0.1990271508693695,0.00335884396918118,310679,86.297607421875,0.4699360132217407,127,0.0001,1242820,4744,170.33,-98463.875
9775,390.4367980957031,0.0033530991058796644,310875,87.09556579589844,2.446197986602783,127,0.0001,1243604,4748,161.15,-98372.075
9788,0.22887079417705536,0.003339902264997363,311281,87.11634826660156,2.8379902839660645,127,0.0001,1245228,4752,168.1,-98315.875
9792,390.38494873046875,0.003330906620249152,311395,85.98924255371094,1.3702001571655273,127,0.0001,1245684,4756,160.02,-98235.075
9796,195.265625,0.0033269289415329695,311491,87.19597625732422,-1.7061091661453247,127,0.0001,1246068,4760,163.72,-98272.075
9803,214.9479522705078,0.003334854496642947,311712,81.73191833496094,-0.662073016166687,127,0.0001,1246952,4764,181.0,-96959.67954545001
9806,0.19976560771465302,0.0033344458788633347,311806,89.91624450683594,-1.7522547245025635,127,0.0001,1247328,4768,181.73,-96966.97954545001
9811,0.41919562220573425,0.0033505482133477926,311963,87.29493713378906,-3.7778520584106445,127,0.0001,1247956,4772,185.61,-96795.64621212
9814,410.2278747558594,0.0033740054350346327,312062,86.10881042480469,-0.17037594318389893,127,0.0001,1248352,4776,179.09,-96861.57121212
9818,195.37709045410156,0.00339704193174839,312175,87.56248474121094,5.002561569213867,127,0.0001,1248804,4780,178.96,-96860.27121212
9821,19.838056564331055,0.003432550234720111,312290,85.68540954589844,2.985811948776245,127,0.0001,1249264,4784,178.98,-96860.47121212
9823,195.249755859375,0.0034432613756507635,312334,84.28640747070312,3.4194297790527344,127,0.0001,1249440,4788,176.38,-96602.17121212
9824,390.3794250488281,0.0034421433228999376,312392,88.32292938232422,3.5086333751678467,127,0.0001,1249672,4792,167.1,-96724.58787879
9826,195.2733612060547,0.003451375290751457,312460,84.58511352539062,4.031126022338867,127,0.0001,1249944,4796,165.1,-96704.58787879
9828,0.13563859462738037,0.0034613909665495157,312497,83.20775604248047,-1.7616448402404785,127,0.0001,1250092,4800,166.97,-96723.28787879
9828,195.269287109375,0.0034675411880016327,312525,86.31498718261719,0.8411335945129395,127,0.0001,1250204,4804,162.19,-96675.48787879
9829,430.0106506347656,0.003470195923000574,312554,85.49352264404297,4.6217122077941895,127,0.0001,1250320,4808,161.25,-96666.08787879
9831,780.7655639648438,0.003479984123259783,312620,89.692626953125,-1.0670300722122192,127,0.0001,1250584,4812,155.13,-96809.71287879
9833,0.14701597392559052,0.003482781583443284,312663,87.26866149902344,-2.0328447818756104,127,0.0001,1250756,4816,154.31,-96801.51287878999
9834,390.6308898925781,0.003484700107946992,312700,84.8861312866211,3.4339728355407715,127,0.0001,1250904,4820,150.37,-96762.11287879
9835,195.32586669921875,0.0034884759224951267,312729,86.02750396728516,2.2842299938201904,127,0.0001,1251020,4824,130.02,-96911.04621212
9836,585.7208862304688,0.0034903327468782663,312760,88.36624145507812,3.624591588973999,127,0.0001,1251144,4828,128.33,-96894.14621212
9837,195.26547241210938,0.003493724623695016,312803,85.1584701538086,3.749117374420166,127,0.0001,1251316,4832,121.04,-96938.49621212
9839,0.2092532217502594,0.003505818545818329,312853,88.73173522949219,-0.048700958490371704,127,0.0001,1251516,4836,121.53,-96943.39621212
9841,390.4983215332031,0.0035099382512271404,312918,83.62899780273438,2.867982864379883,127,0.0001,1251776,4840,111.77,-97845.69621212
9843,195.2555694580078,0.003506978740915656,313000,85.75383758544922,-3.9383020401000977,127,0.0001,1252104,4844,93.85,-98875.17121212
9845,390.5700378417969,0.003500416176393628,313063,85.23931884765625,-1.2853024005889893,127,0.0001,1252356,4848,95.73,-98893.97121212
9851,780.6095581054688,0.003516476834192872,313241,86.31771850585938,-0.6933711171150208,127,0.0001,1253068,4852,87.04,-98932.77121212
9854,390.67645263671875,0.0035041319206357002,313323,94.8579330444336,3.9369771480560303,127,0.0001,1253396,4856,93.11,-98993.47121212
9855,195.4312744140625,0.003519413759931922,313378,82.4078369140625,-0.18520903587341309,127,0.0001,1253616,4860,91.53,-98977.67121212
9857,19.826337814331055,0.0035176456440240145,313424,86.11263275146484,-0.051241517066955566,127,0.0001,1253800,4864,73.24,-100279.96666666999
9860,390.5393371582031,0.0035367098171263933,313520,80.7506103515625,0.43897247314453125,127,0.0001,1254184,4868,73.02,-100176.94166667
9862,214.8065643310547,0.0035441936925053596,313594,83.23568725585938,-3.3248448371887207,127,0.0001,1254480,4872,69.36,-100350.475
9867,585.5505981445312,0.0035055126063525677,313734,87.549072265625,-0.4829303026199341,127,0.0001,1255040,4876,70.02,-100357.075
9880,0.2476549744606018,0.0034925155341625214,314148,87.59683227539062,0.1737653613090515,127,0.0001,1256696,4880,80.51,-100258.775
9891,195.2882537841797,0.003446674905717373,314491,88.55430603027344,0.8890947103500366,127,0.0001,1258068,4884,90.31,-100356.775
9904,390.4014892578125,0.003440673230215907,314905,83.90719604492188,-3.5591299533843994,127,0.0001,1259724,4888,92.28,-100507.725
9913,0.19586142897605896,0.003433776320889592,315205,87.92858123779297,1.7206175327301025,127,0.0001,1260924,4892,101.31,-100493.6
9917,195.48486328125,0.0034737391397356987,315324,89.93748474121094,-0.7452990412712097,127,0.0001,1261400,4896,116.0,-100380.50833333
9928,390.3923034667969,0.0035216803662478924,315646,88.84034729003906,4.278412342071533,127,0.0001,1262688,4900,120.4,-100424.50833333
9942,410.27392578125,0.0035524810664355755,316089,85.53182220458984,4.801021099090576,127,0.0001,1264460,4904,129.66,-100517.10833333
9958,195.3384246826172,0.0035976760555058718,316563,87.41398620605469,1.6235406398773193,127,0.0001,1266356,4908,149.24,-99555.10833333
9974,19.833377838134766,0.0036817847285419703,317073,87.89323425292969,3.0705246925354004,127,0.0001,1268396,4912,172.94,-99563.6
9981,410.25732421875,0.0036880469415336847,317296,88.95916748046875,-2.045538902282715,127,0.0001,1269288,4916,180.39,-99638.1
9997,0.20399421453475952,0.0037157442420721054,317773,88.13130187988281,1.9942481517791748,127,0.0001,1271196,4920,190.78,-99742.0
10005,0.22434888780117035,0.003759352955967188,318020,87.79997253417969,2.5674972534179688,127,0.0001,1272184,4924,206.76,-99747.8
10016,389.09478759765625,0.0038059870712459087,318365,87.41610717773438,0.7373948097229004,127,0.0001,1273564,4928,219.92,-99879.4
10030,0.2349759042263031,0.003801907878369093,318786,86.74415588378906,-3.3497166633605957,127,0.0001,1275248,4932,231.96,-99691.1
10054,195.2777862548828,0.0037766604218631983,319530,85.25677490234375,-1.910184621810913,127,0.0001,1278224,4936,250.16,-99765.3
10067,390.621337890625,0.003737995633855462,319929,88.40453338623047,1.732520580291748,127,0.0001,1279820,4940,274.28,-99515.97261905
10080,585.553955078125,0.0037125053349882364,320327,84.95341491699219,-0.15161734819412231,127,0.0001,1281412,4944,285.99,-99531.72261905
10089,585.5073852539062,0.003660554066300392,320632,85.72283935546875,-2.4738755226135254,127,0.0001,1282632,4948,301.59,-98454.59761905
10097,410.1948547363281,0.003637835616245866,320866,85.77656555175781,0.12166687846183777,127,0.0001,1283568,4952,309.63,-98431.77261905
10112,214.98162841796875,0.003634215332567692,321349,83.04289245605469,3.0865447521209717,127,0.0001,1285500,4956,314.21,-98477.57261905
10124,0.2619161009788513,0.0036550508812069893,321686,84.78019714355469,6.0935564041137695,127,0.0001,1286848,4960,322.21,-98340.32261905
10133,195.2684326171875,0.0036795574706047773,321981,84.19929504394531,-1.4853541851043701,127,0.0001,1288028,4964,336.55,-97483.82261905
10141,390.3883056640625,0.003664313815534115,322203,87.02780151367188,0.5318236351013184,127,0.0001,1288916,4968,347.35,-97692.64761905
10152,195.54542541503906,0.0036527826450765133,322556,85.17556762695312,-0.30992263555526733,127,0.0001,1290328,4972,356.24,-97781.54761904999
10163,585.4557495117188,0.0035999943502247334,322909,86.23992919921875,-0.3494678735733032,127,0.0001,1291740,4976,364.5,-97760.17261904999
10182,195.33045959472656,0.0035449459683150053,323522,85.93780517578125,-3.506281852722168,127,0.0001,1294192,4980,365.31,-97971.47261905
10199,585.5234985351562,0.00357235549017787,324060,88.72959899902344,-1.0200812816619873,127,0.0001,1296344,4984,378.3,-96101.57261905
10207,0.1764698326587677,0.003574004862457514,324320,87.6547622680664,-0.8876001834869385,127,0.0001,1297384,4988,381.96,-95239.32261905
10214,195.42800903320312,0.0035890403669327497,324518,88.33531188964844,3.1554715633392334,127,0.0001,1298176,4992,383.79,-95362.04761904999
10219,195.2966766357422,0.003611116437241435,324705,86.95574951171875,-0.8779647946357727,127,0.0001,1298924,4996,373.94,-95523.53928571999
10225,195.24404907226562,0.0035946820862591267,324899,89.07386779785156,-0.6016532778739929,127,0.0001,1299700,5000,373.75,-95521.63928572
10240,195.82688903808594,0.003582011442631483,325340,92.97774505615234,1.9429173469543457,127,0.0001,1301464,5004,372.69,-95405.33928572
10257,390.3978271484375,0.003519571851938963,325892,91.0209732055664,-1.0802384614944458,127,0.0001,1303672,5008,372.08,-95344.88928572
10262,0.28548717498779297,0.0035119035746902227,326053,88.90168762207031,3.937950372695923,127,0.0001,1304316,5012,362.34,-95375.99761905
10275,195.6210479736328,0.003502416657283902,326482,92.66706848144531,1.9543664455413818,127,0.0001,1306032,5016,366.45,-95185.74761905
10290,0.1744544953107834,0.003519059857353568,326940,91.216552734375,-0.5789637565612793,127,0.0001,1307864,5020,373.51,-94827.23928571
10296,0.155014768242836,0.003521016798913479,327129,88.04417419433594,-2.897076368331909,127,0.0001,1308620,5024,367.26,-94815.43928571
10305,195.4132537841797,0.003504509571939707,327447,91.46949768066406,-1.2240885496139526,127,0.0001,1309892,5028,362.96,-94472.10595238
10325,0.18810532987117767,0.0035199408885091543,328074,90.54869079589844,-0.648354172706604,127,0.0001,1312400,5032,363.53,-94570.38095238
10337,390.47125244140625,0.003544459119439125,328455,91.63542175292969,-0.02044476568698883,127,0.0001,1313924,5036,372.17,-92553.73095238
10353,0.22768725454807281,0.0035827173851430416,328984,94.79197692871094,-0.7100045680999756,127,0.0001,1316040,5040,364.11,-92852.63333333
10360,195.45570373535156,0.0035744241904467344,329205,92.3203125,-1.543158769607544,127,0.0001,1316924,5044,359.96,-92600.55833333
10375,390.39892578125,0.003560916753485799,329680,91.79570770263672,-0.5397178530693054,127,0.0001,1318824,5048,357.64,-93483.06666666002
10397,195.28271484375,0.003561592660844326,330397,94.48899841308594,-0.8781929016113281,127,0.0001,1321692,5052,368.33,-92575.06666666002
10408,0.30502423644065857,0.0035373708233237267,330706,94.76631927490234,-1.2835192680358887,127,0.0001,1322928,5056,375.07,-92426.86666666
10421,195.2830352783203,0.003479793667793274,331114,91.424072265625,-0.6181827187538147,127,0.0001,1324560,5060,379.35,-91479.03333333001
10427,195.2843475341797,0.0034477892331779003,331328,89.7015609741211,-2.6214981079101562,127,0.0001,1325416,5064,377.39,-92110.13333333
10446,0.19866953790187836,0.003426061477512121,331940,93.8625717163086,-2.39878249168396,127,0.0001,1327864,5068,378.07,-91680.375
10457,195.2462615966797,0.003396160900592804,332300,92.51528930664062,-3.37086820602417,127,0.0001,1329304,5072,388.8,-90678.775
10466,0.25156232714653015,0.0033585396595299244,332600,92.42691802978516,1.343646764755249,127,0.0001,1330504,5076,384.75,-90742.25
10477,0.14812035858631134,0.0033482995349913836,332927,90.73980712890625,1.3866395950317383,127,0.0001,1331812,5080,385.8,-90322.76666667
10489,780.5928955078125,0.0033268288243561983,333309,93.43525695800781,2.806577444076538,127,0.0001,1333340,5084,377.75,-92112.51666667
10493,195.25350952148438,0.0033242932986468077,333457,90.00714111328125,-1.2270305156707764,127,0.0001,1333932,5088,370.88,-93043.71666666999
10501,195.381103515625,0.0032975238282233477,333683,93.81130981445312,-5.298188209533691,127,0.0001,1334836,5092,366.5,-92791.84166666999
10517,390.40948486328125,0.0032577719539403915,334146,91.48666381835938,1.949125051498413,127,0.0001,1336688,5096,371.95,-92846.34166666999
10527,195.30703735351562,0.0032149269245564938,334479,89.8459701538086,-0.29252952337265015,127,0.0001,1338020,5100,372.91,-92735.09166666999
10547,578.7112426757812,0.003175004618242383,335091,101.80028533935547,4.042888641357422,127,0.0001,1340468,5104,382.68,-92837.59166666999
10559,1.4293115139007568,0.0031439533922821283,335488,96.73968505859375,2.0538668632507324,127,0.0001,1342056,5108,386.96,-92981.69166667
10570,39.50759506225586,0.0031371202785521746,335831,90.39665985107422,0.18961012363433838,127,0.0001,1343428,5112,388.39,-91892.00277778
10576,390.5768127441406,0.0031458172015845776,336012,91.51851654052734,-0.9361861348152161,127,0.0001,1344152,5116,383.14,-91970.25277778
10580,0.12512579560279846,0.003123998874798417,336147,94.06893920898438,-2.144287109375,127,0.0001,1344692,5120,367.57,-92243.66111112
10587,0.125382661819458,0.0031044890638440847,336383,92.70848846435547,-1.2071161270141602,127,0.0001,1345636,5124,360.45,-92275.76111112001
10593,195.2330322265625,0.0031021717004477978,336581,95.396484375,-0.8498412370681763,127,0.0001,1346428,5128,367.7,-91648.69444445
10607,0.19718065857887268,0.0030651355627924204,337028,94.52638244628906,-3.9746651649475098,127,0.0001,1348216,5132,364.51,-91832.91944444999
10616,0.11977175623178482,0.0030683293007314205,337316,95.07557678222656,-2.705705165863037,127,0.0001,1349368,5136,345.92,-93857.86944444999
10622,195.2574920654297,0.003078102134168148,337516,92.51325988769531,0.946641206741333,127,0.0001,1350168,5140,340.93,-93918.99444444999
10628,195.265380859375,0.0030768548604100943,337700,95.18115234375,-0.6501333117485046,127,0.0001,1350904,5144,341.18,-94233.41944444999
10639,0.2922496199607849,0.0030257718171924353,338073,94.17976379394531,-0.47865062952041626,127,0.0001,1352396,5148,334.93,-94282.79111111998
10645,0.1235581561923027,0.0029931755270808935,338253,92.38774871826172,-0.7320092916488647,127,0.0001,1353116,5152,328.16,-95333.21611111998
10657,390.6499938964844,0.0029558390378952026,338657,94.51173400878906,-5.987168312072754,127,0.0001,1354732,5156,318.5,-95452.21611111998
10675,195.28875732421875,0.002881170017644763,339238,90.59724426269531,-3.2971513271331787,127,0.0001,1357056,5160,324.57,-95613.99944444999
10687,0.1644192337989807,0.0028706833254545927,339628,93.38909912109375,1.3193503618240356,127,0.0001,1358616,5164,328.23,-94999.89944444998
10703,196.3479461669922,0.002860624808818102,340111,98.89867401123047,0.509492039680481,127,0.0001,1360548,5168,324.7,-95299.28277778
10709,0.12205606698989868,0.0028486503288149834,340286,93.53390502929688,-1.0875608921051025,127,0.0001,1361248,5172,321.17,-96372.88277778
10716,0.1086074709892273,0.002822075504809618,340524,92.79989624023438,-1.905936360359192,127,0.0001,1362200,5176,320.16,-96362.78277778
10722,0.13479368388652802,0.002809056779369712,340703,92.61071014404297,1.771696925163269,127,0.0001,1362916,5180,313.15,-96722.66611111
10729,605.1156616210938,0.0027788730803877115,340948,95.2900390625,-2.3060402870178223,127,0.0001,1363896,5184,303.62,-96756.91611111
10749,390.6240234375,0.0027415042277425528,341533,92.69644165039062,1.8724684715270996,127,0.0001,1366236,5188,306.65,-96787.21611111
10754,195.2379913330078,0.0027361977845430374,341691,94.92404174804688,-0.3843211531639099,127,0.0001,1366868,5192,320.78,-96994.50361111
10761,0.20081421732902527,0.0027182619087398052,341904,94.18193054199219,-1.7354934215545654,127,0.0001,1367720,5196,315.41,-96940.80361111001
10771,195.25704956054688,0.0026786343660205603,342202,94.18577575683594,1.8128368854522705,127,0.0001,1368912,5200,317.47,-97082.25361111
10778,0.1755177080631256,0.0026636163238435984,342431,96.13568115234375,0.9367304444313049,127,0.0001,1369828,5204,303.52,-97043.65361111
10788,0.14317019283771515,0.002638803096488118,342757,95.03343200683594,0.8377619385719299,127,0.0001,1371132,5208,296.6,-98085.30361111001
10802,0.1152992844581604,0.002643934218212962,343221,95.92457580566406,-1.576438307762146,127,0.0001,1372988,5212,289.37,-99216.9925
10813,0.1642914116382599,0.0026567033492028713,343575,95.85844421386719,4.2128496170043945,127,0.0001,1374404,5216,296.61,-99249.8675
10824,0.11124495416879654,0.002632675925269723,343948,97.31185913085938,0.942470908164978,127,0.0001,1375896,5220,312.91,-98203.0925
10842,390.3789978027344,0.002619742415845394,344526,96.49897766113281,2.7482388019561768,127,0.0001,1378208,5224,329.9,-98372.9925
10854,0.14972946047782898,0.0025963911321014166,344905,92.66818237304688,0.4113195538520813,127,0.0001,1379724,5228,329.53,-99369.1925
10859,0.08924740552902222,0.0025861540343612432,345091,94.75835418701172,-0.5011804103851318,127,0.0001,1380468,5232,329.16,-99251.0925
10870,0.12372510880231857,0.002594918245449662,345423,97.13258361816406,0.03264045715332031,127,0.0001,1381796,5236,327.88,-99238.2925
10878,410.0165100097656,0.002588838804513216,345691,97.34651184082031,-5.787557125091553,127,0.0001,1382868,5240,326.44,-99123.6675
10888,0.19496898353099823,0.002575967228040099,345975,93.91966247558594,1.1305094957351685,127,0.0001,1384004,5244,321.59,-99075.1675
10897,0.1321084350347519,0.0025739462580531836,346259,96.761962890625,1.669313907623291,127,0.0001,1385140,5248,326.77,-99342.5125
10902,195.2410888671875,0.0025971042923629284,346421,96.77850341796875,-1.1581807136535645,127,0.0001,1385788,5252,324.23,-99090.37916667
10911,585.5850219726562,0.0026096596848219633,346708,95.17037963867188,-0.11277930438518524,127,0.0001,1386936,5256,324.97,-98994.32916667
10925,0.11431510746479034,0.002602875465527177,347111,92.80875396728516,-3.563624858856201,127,0.0001,1388548,5260,310.48,-99956.22916666999
10930,195.3228302001953,0.0025955839082598686,347259,96.41962432861328,3.080348014831543,127,0.0001,1389140,5264,310.0,-99951.42916667
10941,0.09907007217407227,0.002591619035229087,347605,95.24678039550781,-1.7483575344085693,127,0.0001,1390524,5268,309.28,-100046.10416666999
10951,0.12078287452459335,0.0025692570488899946,347918,94.50413513183594,0.08505040407180786,127,0.0001,1391776,5272,302.59,-99769.02916666999
10958,195.21563720703125,0.0025561489164829254,348139,96.47248840332031,-3.329359531402588,127,0.0001,1392660,5276,303.14,-99774.52916666999
10967,19.653396606445312,0.0025362928863614798,348424,98.33065795898438,-1.6541709899902344,127,0.0001,1393800,5280,299.77,-99640.52916666999
10975,0.1461942195892334,0.002574649639427662,348655,94.92265319824219,-0.37442338466644287,127,0.0001,1394724,5284,306.16,-98704.52916666999
10980,0.12771832942962646,0.002575796563178301,348793,94.2994384765625,2.2185797691345215,127,0.0001,1395276,5288,305.37,-98494.60416666999
10984,195.2914581298828,0.0025700756814330816,348929,94.49261474609375,1.253743052482605,127,0.0001,1395820,5292,288.74,-98357.71666666999
10990,0.08692142367362976,0.0025582010857760906,349077,94.95634460449219,-0.8682599067687988,127,0.0001,1396412,5296,285.77,-98328.01666667
10995,390.3675537109375,0.0025360339786857367,349253,96.173095703125,-3.135559320449829,127,0.0001,1397116,5300,279.89,-97957.28333333999
11001,0.14197969436645508,0.002526727970689535,349438,93.67216491699219,-2.2311267852783203,127,0.0001,1397856,5304,280.41,-97962.48333333999
11004,0.1080830842256546,0.00251487223431468,349552,95.01951599121094,-4.43691873550415,127,0.0001,1398312,5308,273.78,-97784.78333333999
11006,19.784563064575195,0.002511155093088746,349605,93.67707824707031,1.136591911315918,127,0.0001,1398524,5312,267.25,-97719.48333333999
11007,214.8871307373047,0.002504720352590084,349649,93.5654067993164,-1.7163958549499512,127,0.0001,1398700,5316,254.08,-97727.90833333999
11012,195.2700653076172,0.002487728837877512,349791,96.82466888427734,-1.219642162322998,127,0.0001,1399268,5320,236.94,-98766.28333333999
11014,0.25938475131988525,0.0024793667253106833,349863,95.3670654296875,0.48699378967285156,127,0.0001,1399556,5324,220.38,-98600.68333333998
11017,390.5032043457031,0.002479325281456113,349985,95.80711364746094,0.6532608270645142,127,0.0001,1400044,5328,207.25,-98368.33333334
11025,195.2873077392578,0.002461317228153348,350212,94.13228607177734,0.6402631998062134,127,0.0001,1400952,5332,204.12,-98343.93333333998
11030,195.22970581054688,0.0024646103847771883,350397,94.19703674316406,2.779107093811035,127,0.0001,1401692,5336,198.32,-98179.93333333998
11035,195.23780822753906,0.002469750354066491,350555,94.52249145507812,0.9429740309715271,127,0.0001,1402324,5340,194.46,-98007.28333333999
11037,195.26063537597656,0.002472467487677932,350621,94.71932220458984,-1.072870135307312,127,0.0001,1402588,5344,193.33,-97995.98333333999
11042,19.778860092163086,0.002469918690621853,350781,95.50823974609375,1.5061440467834473,127,0.0001,1403228,5348,187.43,-97936.98333333999
11047,214.86141967773438,0.0024659293703734875,350914,94.96951293945312,-1.5652210712432861,127,0.0001,1403760,5352,179.31,-97977.04166666999
11050,195.2391815185547,0.0024678055197000504,351020,92.36561584472656,-3.0581743717193604,127,0.0001,1404184,5356,173.56,-97920.54166666999
11054,195.2569122314453,0.0024610389955341816,351134,94.20283508300781,-2.2185118198394775,127,0.0001,1404640,5360,166.23,-97847.24166667
11060,195.4803466796875,0.0024458877742290497,351325,92.94447326660156,1.198643445968628,127,0.0001,1405404,5364,156.88,-98650.64166667
11066,0.2770460844039917,0.002425037557259202,351524,96.56623077392578,0.09451371431350708,127,0.0001,1406200,5368,159.71,-98563.94166667
11068,195.22146606445312,0.002426662715151906,351601,95.09234619140625,-1.2384508848190308,127,0.0001,1406508,5372,152.13,-98698.31666667
11075,214.9278106689453,0.0024312830064445734,351788,94.46651458740234,-5.744775772094727,127,0.0001,1407256,5376,148.75,-98664.51666667
11081,195.24391174316406,0.002415319439023733,351975,94.98535919189453,-5.542054176330566,127,0.0001,1408004,5380,151.07,-98788.01666667
11083,195.29519653320312,0.00240415520966053,352031,96.57015991210938,-3.7030131816864014,127,0.0001,1408228,5384,138.71,-99664.31666667
11087,0.10069158673286438,0.0023912019096314907,352149,95.89546203613281,-2.500222682952881,127,0.0001,1408700,5388,134.65,-99825.74166667
11088,0.1268273890018463,0.002382784616202116,352206,96.23539733886719,-3.560492515563965,127,0.0001,1408928,5392,133.21,-99924.01666667
11090,390.3216857910156,0.002373591298237443,352250,96.2580337524414,-2.346728801727295,127,0.0001,1409104,5396,131.02,-99902.11666667
11092,0.14497561752796173,0.0023640275467187166,352312,94.51602935791016,0.2549670934677124,127,0.0001,1409352,5400,127.57,-100179.55
11097,0.10741342604160309,0.0023426348343491554,352479,95.59236145019531,-6.5006513595581055,127,0.0001,1410020,5404,126.22,-100166.05
11107,195.19300842285156,0.0022995315957814455,352781,96.49677276611328,-1.3404815196990967,127,0.0001,1411228,5408,120.87,-100223.95
11116,0.24327541887760162,0.002265788847580552,353064,95.73417663574219,0.05408725142478943,127,0.0001,1412360,5412,130.6,-100218.85
11124,213.71478271484375,0.002245113020762801,353317,94.75904846191406,-0.02781367301940918,127,0.0001,1413372,5416,140.03,-99970.70833333001
11130,214.87559509277344,0.002243276685476303,353512,93.43002319335938,-3.208186388015747,127,0.0001,1414152,5420,148.96,-100060.00833333
11138,195.2233123779297,0.0022480394691228867,353753,95.07652282714844,-4.097555160522461,127,0.0001,1415116,5424,154.47,-99998.98333333
11141,214.96461486816406,0.0022472164127975702,353851,93.12451171875,-1.5663044452667236,127,0.0001,1415508,5428,155.64,-100011.05833333
11149,585.5840454101562,0.0022495375014841557,354106,95.07696533203125,6.876062870025635,127,0.0001,1416528,5432,155.33,-100014.40833333001
11161,0.4126491844654083,0.0022126000840216875,354530,95.24024963378906,-1.839451551437378,127,0.0001,1418224,5436,160.36,-100069.50833333
11166,0.15179704129695892,0.0022081153001636267,354689,94.75309753417969,2.1679816246032715,127,0.0001,1418860,5440,163.81,-100111.99833333
11169,195.22618103027344,0.00220698700286448,354775,93.5740966796875,1.9737335443496704,127,0.0001,1419204,5444,171.49,-99866.74833333
11175,195.9297332763672,0.0022057760506868362,354982,98.81517028808594,0.3248593807220459,127,0.0001,1420032,5448,166.28,-99714.64833333
11181,195.5087432861328,0.0022035252768546343,355172,96.24607849121094,0.6943681240081787,127,0.0001,1420792,5452,169.98,-99857.12333333
11196,585.4700317382812,0.0022081248462200165,355650,95.03865051269531,4.283736228942871,127,0.0001,1422704,5456,174.34,-99903.17333333
11200,195.21334838867188,0.0022055511362850666,355775,97.66900634765625,-7.151682376861572,127,0.0001,1423204,5460,191.59,-98973.74833333
11208,585.4632568359375,0.002179213333874941,356044,96.29638671875,-1.0315866470336914,127,0.0001,1424280,5464,188.27,-98939.87333333
11212,195.22459411621094,0.002172616543248296,356151,97.28617095947266,-3.9356415271759033,127,0.0001,1424708,5468,183.89,-98911.07333333
11215,19.790273666381836,0.0021625834051519632,356264,97.1182861328125,-2.5343852043151855,127,0.0001,1425160,5472,186.12,-98833.14833333
11226,195.2427520751953,0.002162638120353222,356615,97.01339721679688,4.170812606811523,127,0.0001,1426564,5476,187.22,-98738.14833333
11230,195.2855224609375,0.0021674572490155697,356752,95.5991439819336,-0.7341442108154297,127,0.0001,1427112,5480,188.82,-98653.24833333
11237,390.4711608886719,0.002165796933695674,356948,95.77436065673828,1.4086971282958984,127,0.0001,1427896,5484,197.39,-98634.22333333001
11244,195.3687744140625,0.002164392964914441,357125,96.98109436035156,-1.3620858192443848,127,0.0001,1428604,5488,198.0,-98534.62333333
11249,195.28448486328125,0.0021588061936199665,357315,96.18426513671875,-0.7061561346054077,127,0.0001,1429364,5492,200.41,-98455.64833333
11256,195.298583984375,0.002161989454180002,357522,96.04106903076172,3.39304780960083,127,0.0001,1430192,5496,206.88,-98520.34833333001
11260,195.24557495117188,0.0021707918494939804,357669,96.81531524658203,-1.8220480680465698,127,0.0001,1430780,5500,209.89,-98435.52333333
11266,195.25270080566406,0.0021607724484056234,357840,93.2642822265625,-0.01823747158050537,127,0.0001,1431464,5504,210.28,-98439.42333333
11273,0.09373725205659866,0.0021775690838694572,358077,98.04003143310547,-7.08241081237793,127,0.0001,1432412,5508,216.75,-98504.12333333
11281,1170.7972412109375,0.0021609237883239985,358345,96.17552185058594,0.2455672025680542,127,0.0001,1433484,5512,208.57,-98524.72333333001
11287,19.757587432861328,0.0021375271026045084,358527,95.92002868652344,-3.3366925716400146,127,0.0001,1434212,5516,202.63,-98707.765
11291,0.14461582899093628,0.002124614780768752,358672,95.2518310546875,-1.6267430782318115,127,0.0001,1434792,5520,202.3,-97704.565
11297,975.6439208984375,0.0021177460439503193,358864,96.9153823852539,-2.498098134994507,127,0.0001,1435560,5524,203.26,-97830.29
11307,19.803203582763672,0.002092714188620448,359186,96.89710998535156,0.8930774927139282,127,0.0001,1436848,5528,202.43,-97819.215
11317,195.2628936767578,0.00208604009822011,359527,96.49471282958984,0.28782975673675537,127,0.0001,1438212,5532,219.25,-96856.765
11324,0.13892531394958496,0.0020776933524757624,359723,97.52545166015625,-0.794033408164978,127,0.0001,1438996,5536,216.54,-96930.865
11326,585.5956420898438,0.002067432040348649,359785,97.68395233154297,-3.1125776767730713,127,0.0001,1439244,5540,209.43,-97086.05
11333,975.6426391601562,0.00204210402444005,359975,97.12545013427734,-1.5712108612060547,127,0.0001,1440004,5544,201.52,-97329.0
11344,195.463134765625,0.0020285621285438538,360298,95.46102905273438,2.902486801147461,127,0.0001,1441296,5548,211.83,-97421.45
11348,0.1466994285583496,0.00203532911837101,360425,97.22631072998047,1.810571551322937,127,0.0001,1441804,5552,214.19,-97222.95
11353,800.4114990234375,0.0020233483519405127,360588,96.69331359863281,-3.704486846923828,127,0.0001,1442456,5556,212.19,-97302.95
11359,195.23614501953125,0.002007900271564722,360779,95.56117248535156,-1.628303050994873,127,0.0001,1443220,5560,198.45,-98267.475
11365,0.15484540164470673,0.0019918198231607676,360991,97.49073791503906,-2.8424172401428223,127,0.0001,1444068,5564,204.04,-98226.0
11373,0.2002023607492447,0.0019855836872011423,361251,95.87200164794922,7.427892684936523,127,0.0001,1445108,5568,203.89,-98324.5
11381,390.3099060058594,0.0020040275994688272,361502,96.87682342529297,-0.5326868295669556,127,0.0001,1446112,5572,202.08,-98406.625
11397,0.1299203336238861,0.002036296995356679,361997,93.85896301269531,6.971412658691406,127,0.0001,1448092,5576,211.02,-98477.35
11404,0.08691808581352234,0.002049064263701439,362189,96.2626953125,1.2408846616744995,127,0.0001,1448860,5580,215.7,-98520.25
11411,195.3946990966797,0.0020675898995250463,362419,95.3808364868164,-1.267611026763916,127,0.0001,1449780,5584,217.38,-98641.775
11416,0.09994920343160629,0.002083010505884886,362570,96.88591003417969,-4.542357921600342,127,0.0001,1450384,5588,217.62,-98643.8
11423,390.54736328125,0.0020954860374331474,362770,96.11613464355469,-0.26688438653945923,127,0.0001,1451184,5592,216.05,-98731.175
11430,390.3356018066406,0.0020985009614378214,362979,95.64681243896484,2.276137351989746,127,0.0001,1452020,5596,213.45,-98705.175
11437,195.24884033203125,0.0021389361936599016,363205,95.15277099609375,0.43203842639923096,127,0.0001,1452924,5600,220.3,-98576.43333333
11458,19.752460479736328,0.002173162531107664,363862,95.58078002929688,-0.8214938640594482,127,0.0001,1455552,5604,233.57,-98503.35833333
11468,390.34161376953125,0.0021842806600034237,364185,95.3402328491211,2.0797717571258545,127,0.0001,1456844,5608,239.76,-98349.25833333
11472,390.3172302246094,0.0021940828301012516,364338,93.86038970947266,-1.7662806510925293,127,0.0001,1457456,5612,247.97,-98431.35833333
11479,214.8681640625,0.00219807680696249,364560,93.88311767578125,-0.3027156591415405,127,0.0001,1458344,5616,250.03,-98551.95833333001
11485,410.0293273925781,0.0021811770275235176,364713,94.80044555664062,-1.6895865201950073,127,0.0001,1458956,5620,240.59,-99457.45833333001
11494,0.1061752438545227,0.0021668889094144106,364980,96.42193603515625,-6.358297348022461,127,0.0001,1460024,5624,242.51,-99476.65833333001
11500,0.11765391379594803,0.0021520887967199087,365182,96.84867095947266,-1.3799514770507812,127,0.0001,1460832,5628,246.22,-99389.53333333001
11506,39.43017578125,0.002143977675586939,365365,95.56998443603516,0.9723016023635864,127,0.0001,1461564,5632,227.11,-100323.23333333
11513,195.220458984375,0.002140728058293462,365598,95.7872314453125,4.3544464111328125,127,0.0001,1462496,5636,233.94,-100176.60833333
11518,195.27151489257812,0.0021306369453668594,365736,94.43098449707031,-3.3792672157287598,127,0.0001,1463048,5640,239.2,-100119.90833333001
11525,195.2446746826172,0.002112960908561945,365966,94.1978759765625,-0.7840098738670349,127,0.0001,1463968,5644,242.48,-100152.70833333001
11534,0.11801864206790924,0.0021137348376214504,366252,94.60942840576172,-0.22491276264190674,127,0.0001,1465112,5648,236.99,-100105.65833333001
11549,0.11439615488052368,0.002078825142234564,366738,94.50773620605469,5.978203296661377,127,0.0001,1467056,5652,248.82,-100446.05833333
11556,195.2008819580078,0.002073021372780204,366945,97.86847686767578,-6.388833999633789,127,0.0001,1467884,5656,251.15,-100362.98333333
11567,195.4217071533203,0.00204360019415617,367303,93.338623046875,1.450524926185608,127,0.0001,1469316,5660,256.54,-100308.48333333
11573,195.2509307861328,0.002060535131022334,367495,95.62248229980469,-0.7474840879440308,127,0.0001,1470084,5664,256.63,-100207.58333333001
11580,214.90988159179688,0.0020924496930092573,367730,96.67471313476562,-0.9043949842453003,127,0.0001,1471024,5668,258.5,-100025.93333333
11585,390.3483581542969,0.0021069140639156103,367864,94.80170440673828,0.6326440572738647,127,0.0001,1471560,5672,260.68,-99947.08333333001
11597,195.24856567382812,0.002124763559550047,368231,96.09074401855469,0.6028068661689758,127,0.0001,1473028,5676,253.83,-100003.25833333
11603,0.13948670029640198,0.002120804041624069,368433,95.82257080078125,4.0990400314331055,127,0.0001,1473836,5680,254.47,-100114.45833333001
11611,0.18831513822078705,0.002134181559085846,368646,97.11112976074219,1.0453555583953857,127,0.0001,1474688,5684,249.55,-99962.78333333001
11620,409.87554931640625,0.002149960258975625,368928,94.6866683959961,2.061100959777832,127,0.0001,1475816,5688,251.05,-99863.68333333
11635,19.720027923583984,0.002195947105064988,369403,96.50471496582031,-0.7215980291366577,127,0.0001,1477716,5692,260.87,-99860.93333333
11642,0.1352832317352295,0.002193313091993332,369624,97.22102355957031,3.604992628097534,127,0.0001,1478600,5696,267.47,-99926.93333333
11650,19.776628494262695,0.0022204394917935133,369890,97.7953872680664,3.4124932289123535,127,0.0001,1479664,5700,270.54,-100126.6
11658,19.668258666992188,0.002226929645985365,370150,93.47167205810547,3.4847350120544434,127,0.0001,1480704,5704,260.59,-100027.27
11682,254.23391723632812,0.002190563129261136,370936,96.65904235839844,0.3204542398452759,127,0.0001,1483848,5708,262.47,-100152.92
11693,195.3833770751953,0.0021688363049179316,371303,94.97453308105469,-2.0594093799591064,127,0.0001,1485316,5712,274.5,-97708.67
11715,195.24166870117188,0.002150933491066098,372017,91.54423522949219,0.01301121711730957,127,0.0001,1488172,5716,284.2,-97605.67
11725,0.15269289910793304,0.0021499162539839745,372352,94.27732849121094,3.145045280456543,127,0.0001,1489512,5720,305.85,-96578.245
11734,195.25216674804688,0.002144773956388235,372656,93.58425903320312,1.8041369915008545,127,0.0001,1490728,5724,306.55,-96585.245
11742,605.1094360351562,0.002161314245313406,372920,97.08012390136719,-0.22834736108779907,127,0.0001,1491784,5728,308.11,-96828.52
11757,390.4942321777344,0.0021953240502625704,373400,94.25816345214844,-0.16662758588790894,127,0.0001,1493704,5732,321.14,-95940.92
11767,214.900146484375,0.0021991818211972713,373694,93.88653564453125,4.424130439758301,127,0.0001,1494880,5736,321.51,-95959.47833333
11776,0.14089006185531616,0.002186412690207362,373951,93.30426025390625,1.2970783710479736,127,0.0001,1495908,5740,324.8,-95998.97833333
11789,390.3583679199219,0.002226931741461158,374340,95.34432983398438,-1.3251564502716064,127,0.0001,1497464,5744,325.93,-96010.27833333
11799,214.94789123535156,0.002230812096968293,374675,94.97586822509766,0.09863448143005371,127,0.0001,1498804,5748,336.8,-95075.15333333
11814,0.1485704779624939,0.0022157011553645134,375147,92.129638671875,-0.02491377294063568,127,0.0001,1500692,5752,330.94,-95016.55333333001
11827,0.12670615315437317,0.0022341334261000156,375576,95.73538208007812,-1.8468619585037231,127,0.0001,1502408,5756,343.06,-95143.22833333
11841,0.17064820230007172,0.0022052114363759756,376036,93.6371078491211,1.1197636127471924,127,0.0001,1504248,5760,342.66,-95036.12833333001
11855,195.2529296875,0.0022157919593155384,376447,95.03715515136719,1.6301372051239014,127,0.0001,1505892,5764,351.83,-94430.77833333
11865,19.80537223815918,0.002240341156721115,376735,94.58137512207031,-6.700366973876953,127,0.0001,1507044,5768,359.13,-93450.64083333
11874,605.1255493164062,0.002253044629469514,377020,94.23426818847656,2.3715291023254395,127,0.0001,1508184,5772,362.61,-93485.04083333
11883,19.797819137573242,0.0022864392958581448,377284,93.69002532958984,-3.3725996017456055,127,0.0001,1509240,5776,365.94,-93518.34083333
11891,195.2207489013672,0.0022907555103302,377543,95.85398864746094,-10.242776870727539,127,0.0001,1510276,5780,359.77,-93456.64083333
11906,0.17007976770401,0.0023126897867769003,378036,94.54891204833984,3.9825563430786133,127,0.0001,1512248,5784,374.05,-92702.01583333
11912,0.13899874687194824,0.0023277616128325462,378241,93.49578857421875,-1.1102994680404663,127,0.0001,1513068,5788,376.24,-92944.09083333
11919,0.1052888035774231,0.002321860985830426,378445,95.07325744628906,-1.2962089776992798,127,0.0001,1513884,5792,368.81,-92870.44083333001
11927,0.17606405913829803,0.0023231622762978077,378702,93.01093292236328,0.25213420391082764,127,0.0001,1514912,5796,369.28,-92767.86583333001
11950,0.19305700063705444,0.0022679842077195644,379420,94.69153594970703,-1.4852014780044556,127,0.0001,1517784,5800,374.05,-92958.76583333
11955,0.19485561549663544,0.002258884720504284,379562,95.1275405883789,-0.5801489353179932,126,0.0001,1518352,5804,380.65,-93016.54583333
11963,0.1625329852104187,0.002252290491014719,379784,95.42459106445312,2.1793270111083984,126,0.0001,1519240,5808,365.96,-92978.79583333
11979,0.13836146891117096,0.0022731281351298094,380289,94.96937561035156,3.2123355865478516,126,0.0001,1521260,5812,353.62,-95210.97083333001
11987,390.5337829589844,0.0022859377786517143,380559,94.06130981445312,-1.0864442586898804,126,0.0001,1522340,5816,353.97,-94298.82083333
12000,390.46820068359375,0.00233846646733582,380974,94.8043212890625,0.005391120910644531,126,0.0001,1524000,5820,345.97,-95462.74583333
12006,214.90863037109375,0.0023297728039324284,381152,93.70162963867188,-2.3982222080230713,126,0.0001,1524712,5824,342.37,-95426.74583333
12013,0.1315625011920929,0.002328241243958473,381399,95.8770980834961,-2.4291083812713623,126,0.0001,1525700,5828,343.39,-95436.94583333
12032,195.2440643310547,0.0023079714737832546,382008,97.34712219238281,-2.1630496978759766,127,0.0001,1528136,5832,338.69,-96514.74583333
12043,195.2233123779297,0.002319033956155181,382359,94.52793884277344,1.8260608911514282,126,0.0001,1529540,5836,347.23,-95800.3125
12052,390.4885559082031,0.0023176874965429306,382613,95.51368713378906,3.177772045135498,126,0.0001,1530556,5840,346.81,-95696.4125
12072,195.27740478515625,0.0023597467225044966,383264,94.79187774658203,1.6872007846832275,126,0.0001,1533160,5844,355.43,-95566.9375
12080,195.32156372070312,0.00237941718660295,383524,93.565185546875,0.6485660076141357,126,0.0001,1534200,5848,357.39,-96733.1625
12091,195.32351684570312,0.0024139375891536474,383858,95.97125244140625,0.29735684394836426,126,0.0001,1535536,5852,352.42,-96583.4625
12102,195.3983154296875,0.0024184957146644592,384218,96.23894500732422,-0.41047340631484985,126,0.0001,1536976,5856,342.18,-96581.9625
12118,390.34991455078125,0.002444320823997259,384707,96.54322814941406,-3.983941078186035,126,0.0001,1538932,5860,353.17,-95903.4625
12127,0.16257523000240326,0.002475694054737687,385018,93.60293579101562,0.44089746475219727,126,0.0001,1540176,5864,351.55,-95776.6625
12134,214.92347717285156,0.0024818580131977797,385225,95.06861877441406,1.1587848663330078,126,0.0001,1541004,5868,339.42,-96808.15
12144,195.26846313476562,0.0024851986672729254,385543,97.11456298828125,-1.3337082862854004,126,0.0001,1542276,5872,339.49,-96909.9
12159,19.783479690551758,0.002493807580322027,386032,97.54679870605469,-4.35964822769165,126,0.0001,1544232,5876,344.54,-96846.975
12166,214.92514038085938,0.0025014474522322416,386246,96.63661193847656,-2.3799705505371094,126,0.0001,1545088,5880,340.25,-96804.075
12175,0.1741068810224533,0.0025045578368008137,386543,95.56060028076172,0.918065071105957,126,0.0001,1546276,5884,340.76,-95599.26666667
12182,195.2552947998047,0.002522746566683054,386766,97.64055633544922,-1.855095624923706,127,0.0001,1547168,5888,335.86,-95550.26666667
12185,390.3747863769531,0.002520462032407522,386858,94.91673278808594,6.5919013023376465,127,0.0001,1547536,5892,338.79,-95455.04166666999
12207,0.1121847853064537,0.0025223051197826862,387571,96.61570739746094,-7.10635232925415,127,0.0001,1550388,5896,338.18,-95556.21666666999
12222,0.15857790410518646,0.002533691469579935,388063,94.63591003417969,1.914147138595581,127,0.0001,1552356,5900,340.42,-94136.62500000998
12228,0.1545790731906891,0.002549140015617013,388261,95.01174926757812,-3.1439833641052246,127,0.0001,1553148,5904,345.54,-93166.42500001
12236,215.02572631835938,0.002524268813431263,388511,95.76837158203125,-2.128286600112915,127,0.0001,1554148,5908,348.93,-93095.75000001
12244,390.34423828125,0.0024986506905406713,388774,95.3204345703125,-2.364088535308838,127,0.0001,1555200,5912,347.82,-93293.62500001
12252,195.2344512939453,0.0025015571154654026,389028,93.91272735595703,0.5004098415374756,127,0.0001,1556216,5916,338.04,-94311.47500001
12256,0.17838996648788452,0.0025031680706888437,389176,95.13899230957031,2.9478976726531982,127,0.0001,1556808,5920,328.32,-94214.27500001
12262,0.12939715385437012,0.0025084002409130335,389378,96.01640319824219,-3.5032646656036377,127,0.0001,1557616,5924,329.0,-94221.07500001001
12274,195.2508544921875,0.002520340494811535,389744,95.17415618896484,3.6372878551483154,127,0.0001,1559080,5928,328.33,-94214.37500001
12293,1.2618454694747925,0.0024870207998901606,390342,103.71774291992188,-2.510873556137085,127,0.0001,1561472,5932,335.15,-94282.57500001001
12303,0.11294271796941757,0.0024493189994245768,390614,94.427490234375,-1.330758810043335,127,0.0001,1562560,5936,329.78,-94228.87500001
12315,195.22042846679688,0.002434540307149291,390993,95.4485855102539,-3.6700727939605713,127,0.0001,1564076,5940,333.78,-94471.27500001
12333,195.29092407226562,0.0024531434755772352,391545,94.80703735351562,5.567912578582764,126,0.0001,1566284,5944,333.58,-94458.02500001
12342,409.9212646484375,0.002481035655364394,391819,94.67546844482422,4.107652187347412,126,0.0001,1567380,5948,327.33,-94127.51250001001
12347,0.13246728479862213,0.0024991012178361416,391982,93.4754409790039,0.3032125234603882,126,0.0001,1568032,5952,325.7,-94211.21250001
12361,195.23065185546875,0.002461459254845977,392423,96.98296356201172,-0.3220251202583313,126,0.0001,1569796,5956,328.95,-94143.71250001
12373,195.25840759277344,0.0024784011766314507,392800,93.79915618896484,-1.4551184177398682,126,0.0001,1571304,5960,324.58,-95099.91250001
12386,410.1784973144531,0.002482778625562787,393203,94.7448501586914,0.8832931518554688,126,0.0001,1572916,5964,319.39,-96158.51250001001
12396,390.3925476074219,0.002463500015437603,393551,95.76403045654297,-1.8848543167114258,126,0.0001,1574308,5968,328.61,-96250.71250001
12400,0.17700277268886566,0.002466375008225441,393668,94.65525817871094,-0.9388761520385742,126,0.0001,1574776,5972,332.29,-95287.61250001
12405,0.12490135431289673,0.0024773390032351017,393820,96.64852905273438,-2.191462516784668,126,0.0001,1575384,5976,321.45,-95292.63750001001
12412,214.92120361328125,0.0024548987857997417,394057,94.18651580810547,3.912222385406494,126,0.0001,1576332,5980,325.03,-95328.43750001
12418,195.44039916992188,0.0024443170987069607,394264,97.44441986083984,-1.4434648752212524,126,0.0001,1577160,5984,309.01,-97378.04583333999
12435,390.38458251953125,0.002393257338553667,394820,93.63331604003906,-1.938057780265808,127,0.0001,1579384,5988,318.77,-96374.19583334
12445,195.24984741210938,0.0023986301384866238,395147,94.30915832519531,-0.25225257873535156,127,0.0001,1580692,5992,325.29,-96428.87083333998
12453,0.14557693898677826,0.00241500954143703,395402,96.03572082519531,-4.623290061950684,127,0.0001,1581712,5996,328.65,-96462.47083333999
12457,0.12190902233123779,0.00241474830545485,395542,95.33729553222656,-4.243792533874512,127,0.0001,1582272,6000,313.25,-97643.1125
12474,195.2854461669922,0.0024165164213627577,396083,95.49160766601562,-0.39383983612060547,127,0.0001,1584436,6004,304.95,-98795.3375
12485,585.44482421875,0.002378936158493161,396446,95.54352569580078,-2.4185879230499268,127,0.0001,1585888,6008,309.41,-97944.6125
12495,0.17486435174942017,0.002354227239266038,396757,96.08238220214844,3.875426769256592,127,0.0001,1587132,6012,312.14,-96972.0125
12498,195.2598419189453,0.0023589162155985832,396867,96.2061538696289,2.9991254806518555,127,0.0001,1587572,6016,307.3,-96821.5125
12504,195.2558135986328,0.0023410168942064047,397057,93.7825927734375,0.38462114334106445,127,0.0001,1588332,6020,310.05,-96749.0125
12512,0.1470145285129547,0.0023614598903805017,397331,98.11305236816406,1.1038382053375244,127,0.0001,1589428,6024,317.53,-95823.9125
12523,0.2034444510936737,0.0023619935382157564,397683,96.36762237548828,3.9013564586639404,127,0.0001,1590836,6028,318.11,-95717.1875
12532,195.31483459472656,0.002345470478758216,397937,96.73461151123047,1.808448076248169,127,0.0001,1591852,6032,311.19,-95647.9875
12536,390.35760498046875,0.0023259553126990795,398073,96.54779815673828,-5.411046028137207,127,0.0001,1592396,6036,302.13,-96557.2875
12544,19.80072784423828,0.002296543214470148,398311,97.61852264404297,-1.6989835500717163,127,0.0001,1593348,6040,292.44,-96358.8875
12562,0.142988383769989,0.002261129440739751,398869,97.51205444335938,-2.8850226402282715,127,0.0001,1595580,6044,291.17,-95449.5125
12568,0.1582096666097641,0.0022521079517900944,399073,98.74610900878906,-1.7952849864959717,127,0.0001,1596396,6048,287.49,-94680.825
12572,391.03753662109375,0.002250389428809285,399207,100.229248046875,-0.4046684503555298,127,0.0001,1596932,6052,292.96,-94534.775
12581,214.92189025878906,0.002221637172624469,399484,96.00489807128906,0.14587289094924927,127,0.0001,1598040,6056,288.93,-94594.475
12589,195.549072265625,0.002205369994044304,399730,98.65687561035156,0.7762851715087891,127,0.0001,1599024,6060,281.19,-94517.075
12603,195.2361297607422,0.0022096300963312387,400195,96.97118377685547,-2.6356401443481445,127,0.0001,1600884,6064,278.8,-94493.175
12616,195.23049926757812,0.002237583277747035,400622,96.88489532470703,-3.1540908813476562,127,0.0001,1602592,6068,278.62,-93228.98
12640,0.16773463785648346,0.002309659030288458,401386,97.10227966308594,1.2925394773483276,127,0.0001,1605648,6072,292.28,-91786.255
12645,0.1480724811553955,0.0023260486777871847,401541,93.89912414550781,0.016857028007507324,127,0.0001,1606268,6076,299.67,-90860.255
12650,0.14415386319160461,0.002327611902728677,401693,95.09059143066406,10.244991302490234,127,0.0001,1606876,6080,304.23,-89905.955
12655,0.14519600570201874,0.002342016203328967,401859,97.61102294921875,-1.4150371551513672,127,0.0001,1607540,6084,305.72,-89817.33
12666,0.16135065257549286,0.0023452334571629763,402180,94.0245590209961,-1.7694804668426514,127,0.0001,1608824,6088,299.56,-90857.18
12678,193.5454559326172,0.0023351069539785385,402580,100.14266967773438,2.380281925201416,127,0.0001,1610424,6092,295.24,-91049.33
12685,195.25405883789062,0.002331525320187211,402801,95.43301391601562,-1.5757203102111816,127,0.0001,1611308,6096,287.67,-90973.63
12702,0.15144772827625275,0.002359560923650861,403305,94.83615112304688,1.3035945892333984,127,0.0001,1613324,6100,297.29,-91026.555
12716,195.34869384765625,0.0023708087392151356,403714,95.96992492675781,0.6007016897201538,127,0.0001,1614960,6104,299.19,-90929.88
12723,0.1415766477584839,0.0023812728468328714,403923,96.30194854736328,1.2866986989974976,126,0.0001,1615796,6108,305.84,-91996.28
12732,195.47254943847656,0.002385195577517152,404215,96.90010070800781,-0.5914837121963501,126,0.0001,1616964,6112,297.48,-92912.58
12736,0.15219523012638092,0.0023842621594667435,404329,95.30079650878906,1.2253499031066895,126,0.0001,1617420,6116,301.46,-92952.83
12744,390.348876953125,0.002390182577073574,404562,96.70116424560547,-2.553325891494751,126,0.0001,1618352,6120,306.77,-91857.88
12749,0.15425585210323334,0.0023941965773701668,404734,95.10871887207031,6.937692642211914,126,0.0001,1619040,6124,296.28,-92645.83
12753,0.1132783368229866,0.0023937730584293604,404877,96.0888671875,-7.348319053649902,126,0.0001,1619612,6128,289.1,-92481.055
12760,195.25804138183594,0.0023909579031169415,405081,94.93974304199219,-0.31178826093673706,126,0.0001,1620428,6132,287.0,-92460.055
12767,0.1310385763645172,0.0023766388185322285,405324,93.0871810913086,1.4259742498397827,126,0.0001,1621400,6136,285.63,-92337.73
12771,390.33734130859375,0.0023742951452732086,405445,95.36180114746094,0.7091610431671143,126,0.0001,1621884,6140,284.62,-92228.455
12777,0.1105346605181694,0.0023679828736931086,405643,95.45138549804688,-4.542389869689941,126,0.0001,1622676,6144,272.98,-93128.005
12781,390.4204406738281,0.0023691982496529818,405762,94.14178466796875,-0.11850202083587646,126,0.0001,1623152,6148,270.95,-93671.68
12794,0.1455940306186676,0.0023382813669741154,406184,93.8520736694336,0.7356064319610596,126,0.0001,1624840,6152,269.71,-93693.73
12800,0.1476740539073944,0.002346875611692667,406366,96.1526870727539,-1.1413718461990356,126,0.0001,1625568,6156,268.57,-93479.78
12809,0.15898144245147705,0.00233542756177485,406651,91.76406860351562,-0.4966384172439575,126,0.0001,1626708,6160,266.63,-93460.38
12815,390.3790588378906,0.002334101591259241,406843,96.24688720703125,-2.170809745788574,126,0.0001,1627476,6164,270.52,-92349.2425
12819,0.15575994551181793,0.002322319196537137,406987,93.31414794921875,-1.8672524690628052,126,0.0001,1628052,6168,267.45,-93681.6375
12822,0.1496986746788025,0.0023199806455522776,407063,93.96338653564453,-0.3620872497558594,126,0.0001,1628356,6172,243.39,-95920.2625
12830,195.25685119628906,0.002338467398658395,407312,91.48533630371094,-4.197530269622803,126,0.0001,1629352,6176,238.6,-96663.5625
12843,39.501041412353516,0.0023418229538947344,407712,93.35661315917969,-0.8835834264755249,126,0.0001,1630952,6180,236.5,-97642.4625
12848,0.19484573602676392,0.0023400280624628067,407884,92.16390228271484,4.436333179473877,126,0.0001,1631640,6184,238.55,-97766.4875
12853,0.17175574600696564,0.002334555611014366,408004,93.51959228515625,-0.618596076965332,126,0.0001,1632120,6188,236.75,-97748.4875
12856,0.19962698221206665,0.002330380491912365,408122,92.72230529785156,2.9921889305114746,126,0.0001,1632592,6192,229.56,-97676.5875
12864,195.2409210205078,0.0023278705775737762,408356,94.4052505493164,-0.1799265742301941,126,0.0001,1633528,6196,227.95,-97660.4875
12869,195.3362274169922,0.0023181329015642405,408500,93.90475463867188,-3.822455883026123,126,0.0001,1634104,6200,218.76,-97614.7125
12874,195.26321411132812,0.002312074415385723,408672,93.27609252929688,2.009683132171631,126,0.0001,1634792,6204,212.13,-97664.0875
12881,0.17797201871871948,0.0023074960336089134,408904,92.44316101074219,1.3831758499145508,126,0.0001,1635720,6208,202.08,-97454.8875
12891,391.0955505371094,0.0023036811035126448,409215,96.59193420410156,1.1418274641036987,126,0.0001,1636964,6212,207.26,-97506.6875
12896,214.93849182128906,0.0022732755169272423,409374,94.17958068847656,-0.6591932773590088,126,0.0001,1637600,6216,203.78,-97473.5375
12901,195.30198669433594,0.0022368815261870623,409538,91.99332427978516,-2.4541232585906982,126,0.0001,1638256,6220,200.4,-98687.7875
12906,390.4537658691406,0.00220709340646863,409726,95.71881103515625,-0.7123141288757324,126,0.0001,1639008,6224,199.98,-98790.6375
12911,195.24960327148438,0.0021915272809565067,409883,96.59034729003906,-2.1469833850860596,126,0.0001,1639636,6228,204.63,-98939.8375
12920,410.085693359375,0.0021604972425848246,410172,91.35240173339844,9.074811935424805,126,0.0001,1640792,6232,200.29,-98999.2375
12925,585.6331787109375,0.002148546278476715,410349,92.65472412109375,3.239090919494629,126,0.0001,1641500,6236,199.24,-99097.3625
12931,390.6704406738281,0.002141863340511918,410530,92.00973510742188,0.85755455493927,126,0.0001,1642224,6240,204.65,-99150.87083333
12939,0.5177318453788757,0.0021237132605165243,410810,96.60094451904297,-0.9262521266937256,126,0.0001,1643344,6244,212.15,-99101.04583333
12944,214.87185668945312,0.002118300413712859,410960,90.74267578125,6.7314958572387695,126,0.0001,1643944,6248,213.13,-99445.04583333
12952,195.2485809326172,0.0021379939280450344,411215,93.47300720214844,-3.0822882652282715,126,0.0001,1644964,6252,209.52,-99575.24583333
12961,390.28436279296875,0.0021308758296072483,411505,95.2686767578125,-4.287858009338379,126,0.0001,1646124,6256,207.36,-99756.19583333
12969,214.89854431152344,0.0021114591509103775,411761,94.55526733398438,1.1405420303344727,127,0.0001,1647148,6260,208.67,-99769.29583333
12977,390.9116516113281,0.0021081373561173677,412025,96.06524658203125,-0.772193968296051,127,0.0001,1648204,6264,209.11,-99923.83333333001
12983,214.9418182373047,0.002091814298182726,412228,94.30258178710938,2.245480537414551,127,0.0001,1649016,6268,203.54,-99547.58333333001
12992,390.3327941894531,0.002108287997543812,412521,92.59518432617188,2.383894681930542,127,0.0001,1650188,6272,215.01,-98502.38333333
12999,0.23463785648345947,0.002119253156706691,412724,95.07167053222656,5.484553813934326,127,0.0001,1651000,6276,216.08,-98621.78333333001
13005,195.28445434570312,0.002124719088897109,412907,90.54915618896484,2.109196186065674,127,0.0001,1651732,6280,215.06,-98510.63333333
13008,0.1718854457139969,0.0021292029414325953,413023,94.67048645019531,-1.0043911933898926,127,0.0001,1652196,6284,209.54,-98455.43333333
13012,390.3994445800781,0.0021408870816230774,413160,92.9700698852539,6.3472065925598145,127,0.0001,1652744,6288,204.72,-98407.23333333
13015,195.3040771484375,0.0021348330192267895,413258,96.00094604492188,-2.803422212600708,127,0.0001,1653136,6292,204.91,-98409.13333333
13020,195.28125,0.002139559481292963,413409,94.75794982910156,1.235731601715088,127,0.0001,1653740,6296,205.02,-98410.23333333
13025,195.5762939453125,0.0021364460699260235,413579,93.91722869873047,5.038578033447266,127,0.0001,1654420,6300,202.77,-98492.23333333
13030,195.36935424804688,0.002135623013600707,413726,97.00057983398438,-5.4063310623168945,127,0.0001,1655008,6304,201.39,-98478.43333333
13033,0.14893807470798492,0.002125529805198312,413819,94.9975814819336,0.7930606603622437,127,0.0001,1655380,6308,198.62,-98458.18333333
13037,585.6077880859375,0.0021116514690220356,413956,94.14095306396484,1.8751893043518066,127,0.0001,1655928,6312,190.45,-98376.48333333
13040,585.4912109375,0.002105547348037362,414061,93.4074478149414,-1.7552008628845215,127,0.0001,1656348,6316,193.05,-98502.48333333
13044,0.18575070798397064,0.0021095117554068565,414195,94.91841125488281,1.400102972984314,127,0.0001,1656884,6320,187.64,-98448.38333333
13049,390.8162536621094,0.0021013175137341022,414346,98.42794799804688,-0.8065440654754639,127,0.0001,1657488,6324,185.02,-98422.18333333
13054,0.12684974074363708,0.0021106316708028316,414513,93.19307708740234,-0.7590914368629456,127,0.0001,1658156,6328,181.17,-98383.68333333
13060,196.10316467285156,0.0021180056501179934,414703,99.41818237304688,4.669760704040527,127,0.0001,1658916,6332,185.72,-98322.88333333
13066,390.3605041503906,0.002129374537616968,414898,93.90125274658203,0.8105959892272949,127,0.0001,1659696,6336,187.23,-98337.98333333
13076,585.5527954101562,0.002146132756024599,415215,91.962646484375,0.5654352903366089,127,0.0001,1660964,6340,183.82,-98505.15
13080,195.44920349121094,0.002122725360095501,415371,94.79180145263672,-6.943349838256836,127,0.0001,1661588,6344,185.1,-98638.175
13085,195.26551818847656,0.002121344907209277,415522,91.78218078613281,1.4028863906860352,127,0.0001,1662192,6348,178.35,-98672.4
13087,195.26634216308594,0.0021246138494461775,415575,93.47974395751953,1.9183025360107422,127,0.0001,1662404,6352,171.74,-98606.3
13089,390.559326171875,0.0021138768643140793,415668,93.5825424194336,3.440225601196289,127,0.0001,1662776,6356,167.49,-98563.8
13096,214.9172821044922,0.002108732471242547,415884,93.08512115478516,-3.868936061859131,127,0.0001,1663640,6360,165.74,-98446.3
13100,195.2544403076172,0.002091413363814354,416013,93.04048156738281,1.7893480062484741,127,0.0001,1664156,6364,155.59,-99344.7
13107,195.27926635742188,0.00209225807338953,416244,90.03346252441406,-1.1819565296173096,127,0.0001,1665080,6368,165.17,-98761.15
13112,0.13443134725093842,0.0020671451929956675,416404,94.48896789550781,-5.245077610015869,127,0.0001,1665720,6372,157.76,-99835.175
13115,0.12445633858442307,0.0020753201097249985,416496,95.59738159179688,-4.3000335693359375,127,0.0001,1666088,6376,152.66,-99884.175
13120,0.16274476051330566,0.002063049701973796,416645,95.17951202392578,-6.549377918243408,127,0.0001,1666684,6380,147.29,-99931.425
13127,214.97244262695312,0.0020535835064947605,416867,95.204345703125,-4.616785049438477,127,0.0001,1667572,6384,149.23,-99950.825
13134,195.25634765625,0.002038793871179223,417075,96.52532958984375,-2.6357340812683105,127,0.0001,1668404,6388,156.68,-100025.325
13144,390.56195068359375,0.0020347507670521736,417391,94.36148071289062,-0.9433776140213013,127,0.0001,1669668,6392,161.57,-99856.25
13149,585.4574584960938,0.002015353413298726,417536,95.08464050292969,-1.3337454795837402,127,0.0001,1670248,6396,164.67,-99665.34
13155,195.28684997558594,0.0019958880729973316,417722,94.8774185180664,-2.596806287765503,127,0.0001,1670992,6400,164.25,-99661.14
13159,19.81578254699707,0.001980473753064871,417849,93.28585815429688,-2.3575868606567383,127,0.0001,1671500,6404,164.68,-99665.44
13164,390.3985595703125,0.0019732636865228415,418007,94.73804473876953,-0.37518513202667236,127,0.0001,1672132,6408,165.07,-99540.02333333
13171,214.94747924804688,0.0019703046418726444,418205,93.42091369628906,1.2799043655395508,127,0.0001,1672924,6412,167.55,-99464.42333333
13175,214.8760223388672,0.001969229429960251,418321,94.44862365722656,-2.916635513305664,127,0.0001,1673388,6416,169.09,-99369.09833333001
13187,0.1618281602859497,0.001989182084798813,418720,94.72138214111328,-0.1562533974647522,127,0.0001,1674984,6420,167.98,-99249.44833333
13196,0.16012029349803925,0.0019831708632409573,419007,92.7373046875,-3.0632519721984863,127,0.0001,1676132,6424,179.84,-98368.14833333
13201,410.0500793457031,0.001977103529497981,419174,95.10905456542969,-2.441605567932129,127,0.0001,1676800,6428,186.96,-98186.615
13204,390.5422058105469,0.0019786274060606956,419267,93.08364868164062,-0.22836089134216309,127,0.0001,1677172,6432,183.72,-98160.515
13209,0.18116869032382965,0.001976726343855262,419437,94.41897583007812,-0.30652403831481934,127,0.0001,1677852,6436,182.21,-98145.415
13214,195.28204345703125,0.0019770856015384197,419562,92.55686950683594,-1.0753971338272095,127,0.0001,1678352,6440,181.86,-97726.515
13220,0.18457645177841187,0.001979376655071974,419762,92.13481140136719,6.233981132507324,127,0.0001,1679152,6444,177.61,-97796.265
13225,19.83917236328125,0.0020014364272356033,419911,91.78462219238281,8.501794815063477,127,0.0001,1679748,6448,179.91,-97819.265
13234,195.2239227294922,0.002035412471741438,420174,91.61027526855469,0.654546856880188,127,0.0001,1680800,6452,181.45,-97629.04
13237,605.0914306640625,0.0020361007191240788,420289,93.23811340332031,-1.3523199558258057,127,0.0001,1681260,6456,186.99,-97358.305
13244,214.90623474121094,0.0020510947797447443,420511,92.85730743408203,2.574331760406494,127,0.0001,1682148,6460,188.99,-97478.305
13249,410.0478210449219,0.0020563730504363775,420694,93.13749694824219,-0.4963691830635071,127,0.0001,1682880,6464,190.83,-97395.855
13255,195.24427795410156,0.00206403573974967,420864,91.8680648803711,-1.3083326816558838,127,0.0001,1683560,6468,185.6,-98139.255
13265,585.4656372070312,0.002055137185379863,421153,93.06718444824219,3.240738868713379,126,0.0001,1684716,6472,186.53,-98039.93
13276,215.00791931152344,0.0020594054367393255,421468,93.23341369628906,-3.700530529022217,126,0.0001,1685976,6476,188.88,-97963.13
13280,195.29299926757812,0.002052854048088193,421578,91.0538101196289,0.11277708411216736,126,0.0001,1686416,6480,198.37,-97821.31333333
13284,409.9982604980469,0.002051696414127946,421711,91.25746154785156,-1.9488747119903564,126,0.0001,1686948,6484,196.82,-97705.56333333
13290,585.4633178710938,0.002033808035776019,421900,92.60022735595703,0.7497873306274414,126,0.0001,1687704,6488,193.03,-97358.58
13294,195.78367614746094,0.0020264950580894947,421997,95.43428802490234,-1.2900474071502686,126,0.0001,1688092,6492,187.22,-97418.455
13300,0.13893306255340576,0.002024206332862377,422209,94.86882019042969,-2.568732261657715,126,0.0001,1688940,6496,186.28,-97525.79
13312,0.12683913111686707,0.0020284277852624655,422569,94.70169830322266,1.9024930000305176,126,0.0001,1690380,6500,191.26,-97274.6275
13317,0.13577477633953094,0.0020432102028280497,422739,94.88780975341797,-1.1428046226501465,126,0.0001,1691060,6504,192.35,-97285.5275
13320,19.69808578491211,0.002044155728071928,422817,93.73258972167969,-1.219773530960083,126,0.0001,1691372,6508,194.87,-97414.95666667
13325,214.98117065429688,0.0020520719699561596,422983,93.35167694091797,0.6143178939819336,126,0.0001,1692036,6512,192.62,-97492.85666666999
13327,195.2606658935547,0.002050276380032301,423067,94.2051773071289,5.114066123962402,126,0.0001,1692372,6516,189.89,-97576.28166667
13331,410.2601318359375,0.002055003773421049,423174,92.05919647216797,-3.7476840019226074,126,0.0001,1692800,6520,192.38,-97709.73166666999
13334,195.2589569091797,0.002055773278698325,423263,92.8930435180664,1.8991762399673462,126,0.0001,1693156,6524,178.96,-98575.43166666999
13339,390.5162353515625,0.0020593651570379734,423454,93.83634948730469,3.8802099227905273,126,0.0001,1693920,6528,171.21,-98750.665
13343,585.4754638671875,0.0020730807445943356,423574,93.09741973876953,2.0281152725219727,126,0.0001,1694400,6532,169.85,-98736.615
13350,0.1797403246164322,0.0020862051751464605,423795,92.19900512695312,-0.34826600551605225,126,0.0001,1695284,6536,174.12,-98459.265
13353,195.25050354003906,0.002086447784677148,423877,94.36190795898438,-2.158658981323242,126,0.0001,1695612,6540,172.87,-98862.165
13358,195.23036193847656,0.002085362793877721,424037,91.91346740722656,4.924915313720703,126,0.0001,1696252,6544,171.89,-98852.365
13362,410.1826477050781,0.0020787189714610577,424166,96.16415405273438,-1.731194019317627,126,0.0001,1696768,6548,171.21,-98845.565
13363,234.81361389160156,0.002082349034026265,424204,90.0461196899414,9.612506866455078,126,0.0001,1696920,6552,167.41,-99013.19
13369,195.3536834716797,0.002077341778203845,424386,94.79795837402344,-4.045100212097168,126,0.0001,1697648,6556,164.8,-99204.525
13374,0.1789432018995285,0.002083266619592905,424544,91.68330383300781,2.793687582015991,126,0.0001,1698280,6560,160.6,-98961.025
13381,409.90966796875,0.002076043514534831,424734,93.76476287841797,-1.779868483543396,126,0.0001,1699040,6564,160.43,-98847.575
13385,195.2393798828125,0.0020743899513036013,424862,95.95429992675781,-0.09489399194717407,126,0.0001,1699552,6568,159.72,-98942.375
13390,0.18872910737991333,0.0020777073223143816,425019,93.843994140625,-2.7066495418548584,126,0.0001,1700180,6572,154.46,-99010.175
13397,0.16117878258228302,0.002077931072562933,425253,95.98589324951172,-7.2945098876953125,126,0.0001,1701116,6576,155.24,-98908.95
13402,585.4832763671875,0.0020643840543925762,425415,90.38702392578125,-0.21641218662261963,126,0.0001,1701764,6580,147.05,-99063.76666667
13406,196.2910614013672,0.0020534121431410313,425541,98.75933074951172,0.2830319404602051,126,0.0001,1702268,6584,147.52,-99168.71666666999
13417,214.9779052734375,0.002048625610768795,425862,94.6260757446289,-0.4068893790245056,126,0.0001,1703552,6588,153.4,-98425.375
13420,390.5135192871094,0.002054688287898898,425947,91.9290771484375,-5.100704193115234,126,0.0001,1703892,6592,160.41,-98374.40833333001
13426,195.59056091308594,0.0020643360912799835,426133,93.36557006835938,2.5224971771240234,126,0.0001,1704636,6596,156.27,-98438.18333333
13430,0.2312961220741272,0.0020675158593803644,426283,94.97090911865234,0.7480086088180542,126,0.0001,1705236,6600,153.65,-98389.02083333001
13437,0.1464805006980896,0.0020777222234755754,426484,92.65318298339844,-3.8374810218811035,126,0.0001,1706040,6604,153.0,-98172.62083333
13441,195.28192138671875,0.0020773604046553373,426615,90.89990997314453,-6.239092826843262,126,0.0001,1706564,6608,149.43,-98263.25833333
13448,195.29002380371094,0.002086141612380743,426846,92.64601135253906,-2.9302210807800293,126,0.0001,1707488,6612,155.6,-98120.23333333
13455,390.5627746582031,0.0020911679603159428,427062,93.84489440917969,-1.0271013975143433,126,0.0001,1708352,6616,156.87,-97821.075
13460,585.6439819335938,0.00209756544791162,427217,93.2935791015625,1.2630480527877808,126,0.0001,1708972,6620,156.92,-97821.575
13465,215.02182006835938,0.002101665362715721,427341,94.65536499023438,4.943534851074219,126,0.0001,1709468,6624,161.5,-97757.25
13470,0.22931960225105286,0.0021158140152692795,427531,93.31486511230469,0.2716306447982788,126,0.0001,1710228,6628,165.9,-97599.15
13478,0.20330917835235596,0.0021123201586306095,427781,94.85140991210938,5.408242225646973,126,0.0001,1711228,6632,169.51,-97526.925
13485,214.93389892578125,0.002128196880221367,427986,94.11040496826172,1.6978662014007568,126,0.0001,1712048,6636,164.52,-97797.075
13493,19.71634292602539,0.0021635962184518576,428256,91.96720886230469,-0.9937210083007812,126,0.0001,1713128,6640,166.61,-97613.7
13503,0.2937577962875366,0.002157445764169097,428568,91.867919921875,-1.2967398166656494,126,0.0001,1714376,6644,173.88,-96215.39722222001
13506,214.90931701660156,0.002158928895369172,428667,93.56977081298828,1.5752614736557007,126,0.0001,1714772,6648,173.63,-96111.99722222
13515,0.1994459331035614,0.002163212513551116,428983,94.3121337890625,2.8983893394470215,126,0.0001,1716036,6652,179.83,-96173.99722222
13521,0.2073349505662918,0.002159410621970892,429162,94.6937255859375,-1.5892983675003052,126,0.0001,1716752,6656,191.99,-95071.91972222
13532,195.3347930908203,0.002146884799003601,429506,91.52902221679688,1.7297437191009521,126,0.0001,1718128,6660,197.68,-95330.31972222001
13536,195.4514923095703,0.002145418431609869,429641,92.85122680664062,3.5082931518554688,126,0.0001,1718668,6664,201.5,-95478.94472222001
13542,214.9240264892578,0.0021412507630884647,429819,93.72105407714844,-3.751211643218994,126,0.0001,1719380,6668,196.81,-95534.34472222
13552,0.24843835830688477,0.0021425969898700714,430142,89.90092468261719,-0.09000153839588165,126,0.0001,1720672,6672,205.87,-95504.39472222001
13558,0.27264177799224854,0.0021365652792155743,430340,91.76036834716797,-2.4954543113708496,126,0.0001,1721464,6676,203.96,-95589.59472222
13560,195.31175231933594,0.0021387943997979164,430407,94.03431701660156,4.4900221824646,126,0.0001,1721732,6680,207.15,-95287.86138889
13565,429.6481628417969,0.002128581516444683,430574,92.37156677246094,-0.16994857788085938,126,0.0001,1722400,6684,207.06,-94981.48638889
13570,780.7755126953125,0.0021269044373184443,430755,94.44669342041016,0.1474631428718567,126,0.0001,1723124,6688,200.05,-95918.48638889
13576,195.24107360839844,0.0021233963780105114,430905,91.97836303710938,-2.5590569972991943,126,0.0001,1723724,6692,196.82,-96007.25305556
13579,390.5329895019531,0.002136348048225045,430986,90.92918395996094,4.739583969116211,126,0.0001,1724048,6696,196.24,-96001.45305555999
13584,449.4830322265625,0.0021464366000145674,431170,92.62269592285156,2.8696951866149902,126,0.0001,1724784,6700,196.12,-96324.17805556
13590,0.22665469348430634,0.0021465830504894257,431362,89.9984359741211,5.583218574523926,126,0.0001,1725552,6704,193.64,-96309.05305556
13600,214.97840881347656,0.002138808835297823,431667,91.59117126464844,-0.08665955066680908,126,0.0001,1726772,6708,195.76,-96107.90305555999
13604,0.2519603967666626,0.0021351466421037912,431800,93.98381042480469,8.07388687133789,126,0.0001,1727304,6712,200.29,-96120.80305556
13616,780.7599487304688,0.002175610512495041,432177,93.4022445678711,0.4958004951477051,126,0.0001,1728812,6716,201.3,-96442.76138889
13623,195.36936950683594,0.0021946656052023172,432426,93.64324188232422,-3.08843731880188,126,0.0001,1729808,6720,206.51,-96294.21138888999
13628,0.28596940636634827,0.002200208604335785,432562,91.31027221679688,6.956577301025391,126,0.0001,1730352,6724,209.32,-96009.76138889
13632,195.31834411621094,0.0021986807696521282,432707,94.33001708984375,1.4523606300354004,126,0.0001,1730932,6728,206.84,-96084.81138889
13637,390.4674377441406,0.002219707705080509,432831,94.21134948730469,-0.5310739278793335,126,0.0001,1731428,6732,203.28,-95950.26138889
13645,390.64776611328125,0.0022142380475997925,433084,91.39506530761719,-1.650820255279541,126,0.0001,1732440,6736,204.22,-95959.66138889
13648,585.5227661132812,0.00220201606862247,433174,92.81414031982422,-7.283355236053467,126,0.0001,1732800,6740,202.64,-96148.13638889
13661,195.2772979736328,0.0021932325325906277,433617,91.90445709228516,5.832590103149414,126,0.0001,1734572,6744,200.92,-97497.21416666999
13665,391.3957824707031,0.0021897610276937485,433749,100.34202575683594,3.300898313522339,126,0.0001,1735100,6748,203.7,-97525.91416667
13676,214.9647979736328,0.002212498802691698,434095,93.50376892089844,-1.2019070386886597,126,0.0001,1736484,6752,202.66,-97413.78916667
13682,195.54806518554688,0.00221044453792274,434295,90.2869644165039,11.10836410522461,126,0.0001,1737284,6756,203.8,-97402.09166666999
13685,390.6372375488281,0.0022149067372083664,434366,91.59886932373047,-2.5801918506622314,126,0.0001,1737568,6760,199.96,-97363.69166667
13691,390.5012512207031,0.0022285953164100647,434546,94.44889831542969,2.767012596130371,126,0.0001,1738288,6764,193.67,-97402.96666666999
13697,819.99853515625,0.002241085981950164,434743,94.95499420166016,-6.676006317138672,126,0.0001,1739076,6768,198.26,-97237.16666666999
13700,19.914264678955078,0.0022399115841835737,434833,94.79812622070312,-4.776152610778809,126,0.0001,1739436,6772,190.84,-97383.51666667
13710,215.10202026367188,0.0022273226641118526,435152,93.510009765625,-2.5467758178710938,126,0.0001,1740712,6776,194.77,-97422.59166666999
13720,0.4486904740333557,0.0022381171584129333,435460,94.25732421875,1.7217304706573486,126,0.0001,1741944,6780,198.39,-97792.425
13725,0.43452659249305725,0.0022354195825755596,435627,95.2424087524414,-2.39728045463562,126,0.0001,1742612,6784,203.6,-98047.1
13729,390.50103759765625,0.0022437740117311478,435764,95.7721176147461,1.274425983428955,126,0.0001,1743160,6788,202.47,-98139.925
13735,390.4772033691406,0.0022377893328666687,435941,92.30180358886719,-2.1062963008880615,126,0.0001,1743868,6792,200.62,-98020.19166667
13741,215.0994110107422,0.0022508990950882435,436143,94.2023696899414,2.6748340129852295,126,0.0001,1744676,6796,204.08,-97951.64166667
13745,585.7774047851562,0.0022592972964048386,436285,93.44784545898438,3.0289034843444824,126,0.0001,1745244,6800,205.14,-97855.26666667
13755,214.96478271484375,0.0022892188280820847,436604,94.0025405883789,-1.914819598197937,126,0.0001,1746520,6804,207.95,-98083.59166666999
13765,215.19996643066406,0.0023323537316173315,436920,90.79069519042969,6.229159355163574,126,0.0001,1747784,6808,210.11,-98314.41666666999
13771,195.3809814453125,0.0023467603605240583,437140,96.428466796875,0.12762188911437988,126,0.0001,1748664,6812,208.73,-98330.81666667
13778,215.09584045410156,0.002340001054108143,437353,93.6712875366211,-2.9614498615264893,126,0.0001,1749516,6816,213.45,-98274.26666667
13784,234.7449188232422,0.0023486479185521603,437537,92.26905822753906,0.447157621383667,126,0.0001,1750252,6820,207.06,-98411.01666667
13800,390.5954284667969,0.002361677121371031,438059,91.22163391113281,1.927581787109375,126,0.0001,1752340,6824,211.09,-98555.54166666999
13812,195.50888061523438,0.0024103664327412844,438466,92.43043518066406,-3.380512237548828,126,0.0001,1753968,6828,225.64,-98700.29166666999
13820,215.10122680664062,0.0024465806782245636,438718,92.27520751953125,2.8740463256835938,126,0.0001,1754976,6832,232.65,-98965.41666666999
13835,0.5721690654754639,0.0025037338491529226,439195,93.40887451171875,1.0942989587783813,126,0.0001,1756884,6836,238.1,-99019.91666666999
13838,20.018901824951172,0.0025067634414881468,439300,91.981689453125,-0.15162670612335205,126,0.0001,1757304,6840,243.32,-99072.11666667
13850,195.54464721679688,0.002558809705078602,439718,92.09454345703125,5.669240951538086,126,0.0001,1758976,6844,247.82,-98094.79166666999
13866,195.7345733642578,0.002592890989035368,440204,92.91515350341797,5.018418312072754,126,0.0001,1760920,6848,251.95,-98035.19166667
13872,0.44259822368621826,0.002620532177388668,440418,96.21015930175781,0.1581333875656128,126,0.0001,1761776,6852,259.69,-97993.91666666999
13889,195.51702880859375,0.0026802162174135447,440978,89.94792175292969,-0.19150006771087646,127,0.0001,1764016,6856,262.97,-98034.14166667
13899,215.2364501953125,0.002712369430810213,441311,94.22369384765625,4.911674499511719,127,0.0001,1765348,6860,268.08,-97984.19166667
13920,390.8275146484375,0.0027553329709917307,441931,91.95234680175781,0.7622564435005188,126,0.0001,1767828,6864,286.08,-97164.29166666999
13932,0.49567097425460815,0.0027880165725946426,442316,91.51142883300781,-1.4613953828811646,126,0.0001,1769368,6868,297.09,-96383.54166666999
13949,0.3541146218776703,0.00281743542291224,442840,94.17320251464844,-0.7597925066947937,126,0.0001,1771464,6872,308.18,-96393.69166667
13961,586.0038452148438,0.002845386741682887,443186,94.01887512207031,2.339653968811035,126,0.0001,1772848,6876,317.17,-96588.84166666999
13969,195.64894104003906,0.0028356818947941065,443429,95.92205810546875,-6.79098653793335,126,0.0001,1773820,6880,320.32,-96485.89166667
13985,0.43355053663253784,0.002858449937775731,443934,92.11801147460938,2.222687005996704,126,0.0001,1775840,6884,322.01,-96605.69166667
13995,0.6100433468818665,0.002851728815585375,444270,94.98371124267578,2.4604411125183105,126,0.0001,1777184,6888,330.57,-96484.01666667
14009,605.3088989257812,0.0028445892967283726,444724,92.34083557128906,-4.7086615562438965,126,0.0001,1779000,6892,341.6,-95795.65
14024,410.3837585449219,0.002783123403787613,445202,97.32669067382812,0.36125320196151733,126,0.0001,1780912,6896,359.31,-94076.1
14038,215.3077392578125,0.002757738111540675,445637,96.01924133300781,3.4581656455993652,126,0.0001,1782652,6900,368.31,-93273.175
14053,392.1555480957031,0.002738777082413435,446132,104.60472106933594,6.605886459350586,126,0.0001,1784632,6904,381.36,-93302.875
14060,195.3629608154297,0.0027535611297935247,446363,95.88484191894531,-3.3797101974487305,126,0.0001,1785556,6908,382.73,-93322.925
14070,0.5126913189888,0.0027490416541695595,446683,95.29073333740234,0.2983510494232178,126,0.0001,1786836,6912,383.1,-93427.475
14078,390.5987854003906,0.002754447516053915,446937,97.80342864990234,1.0199155807495117,126,0.0001,1787852,6916,380.08,-93397.8
14086,644.2472534179688,0.0027449089102447033,447172,95.72543334960938,-4.044974327087402,126,0.0001,1788792,6920,385.29,-93342.5
14096,195.53684997558594,0.0027239685878157616,447444,96.20140075683594,1.4942575693130493,126,0.0001,1789880,6924,379.15,-93599.55
14109,0.6344932913780212,0.0027290130965411663,447867,97.97025299072266,-3.3890836238861084,126,0.0001,1791572,6928,369.55,-93606.55
14120,1.2915027141571045,0.0027310242876410484,448178,103.99740600585938,4.261909484863281,126,0.0001,1792816,6932,378.95,-93495.385
14139,195.74407958984375,0.0026789179537445307,448755,96.97848510742188,4.23726224899292,126,0.0001,1795124,6936,381.62,-93421.6475
14151,0.7004951238632202,0.002662561135366559,449148,95.79826354980469,-1.0184143781661987,126,0.0001,1796696,6940,385.42,-92337.0475
14161,586.0726318359375,0.0026241522282361984,449458,94.84976196289062,1.9394888877868652,126,0.0001,1797936,6944,382.68,-93335.4475
14169,20.718076705932617,0.0026088100858032703,449678,98.18885803222656,-2.25880765914917,126,0.0001,1798816,6948,386.8,-92577.6475
14177,390.85516357421875,0.0025711676571518183,449914,96.78089904785156,2.526218891143799,126,0.0001,1799760,6952,378.64,-92614.1475
14189,195.56072998046875,0.0025563975796103477,450257,94.62487030029297,1.5666581392288208,126,0.0001,1801132,6956,374.28,-92918.6975
14201,195.48422241210938,0.0025408733636140823,450611,94.97955322265625,-3.4060168266296387,126,0.0001,1802548,6960,377.35,-90641.39673077001
14212,0.7221620082855225,0.002524167764931917,450976,98.760498046875,0.09115314483642578,126,0.0001,1804008,6964,369.53,-91563.09673077
14225,195.7254638671875,0.0024571637623012066,451405,96.3013916015625,1.9987872838974,126,0.0001,1805724,6968,365.91,-92629.44673077
14240,215.2392578125,0.0024095873814076185,451875,98.45178985595703,-4.226352691650391,126,0.0001,1807604,6972,364.59,-92391.97768315
14252,0.39579853415489197,0.002409915905445814,452268,95.56107330322266,-5.312502861022949,126,0.0001,1809176,6976,364.38,-91853.28958791001
14266,1.2138888835906982,0.0023907937575131655,452687,102.24798583984375,8.278660774230957,126,0.0001,1810852,6980,361.65,-91860.43958791
14272,0.5289288759231567,0.0024027330800890923,452901,96.55985260009766,6.439221382141113,126,0.0001,1811708,6984,369.4,-91636.25625458
14285,390.61419677734375,0.0023591683711856604,453321,96.47721862792969,-7.520040035247803,126,0.0001,1813388,6988,365.27,-91587.00625458
14295,195.61007690429688,0.002328244736418128,453655,95.47647094726562,-1.9034788608551025,126,0.0001,1814724,6992,363.99,-92369.75625458
14311,0.5684567093849182,0.002312966389581561,454163,97.44763946533203,1.5701014995574951,126,0.0001,1816756,6996,350.22,-94019.70625458
14317,0.4329714775085449,0.0023105137515813112,454375,97.6202621459961,-0.6844499111175537,126,0.0001,1817604,7000,351.11,-95028.50625458
14340,0.7546254992485046,0.002274783793836832,455069,97.00606536865234,5.590029716491699,126,0.0001,1820380,7004,347.29,-95091.10625458001
14350,0.24940823018550873,0.0022787018679082394,455393,97.57875061035156,-0.7289878129959106,126,0.0001,1821676,7008,353.47,-95063.10625458001
14358,388.504150390625,0.00225469539873302,455640,106.80047607421875,4.603949069976807,126,0.0001,1822664,7012,360.81,-94034.35625458001
14365,390.6914978027344,0.0022432657424360514,455864,96.97254943847656,-1.515129566192627,126,0.0001,1823560,7016,358.21,-94111.58125458
14379,0.3238385319709778,0.0022325499448925257,456311,96.24360656738281,-2.3195230960845947,126,0.0001,1825348,7020,360.97,-94036.73125458001
14394,214.99855041503906,0.0022069395054131746,456784,97.3160171508789,2.7883572578430176,126,0.0001,1827240,7024,372.55,-93830.03125458
14406,195.47012329101562,0.00222631823271513,457193,98.81060028076172,3.598792552947998,126,0.0001,1828876,7028,377.0,-93874.53125458
14415,0.905023992061615,0.00222086813300848,457478,98.53901672363281,8.987102508544922,126,0.0001,1830016,7032,366.19,-93867.62125458001
14425,0.7291937470436096,0.002203169045969844,457813,99.8891830444336,-1.9104130268096924,126,0.0001,1831356,7036,370.84,-93014.65875458
14445,195.46432495117188,0.0021847994066774845,458450,97.95272827148438,6.850672721862793,126,0.0001,1833904,7040,380.59,-92991.25875458
14465,0.514809250831604,0.0021968644578009844,459080,97.73471069335938,4.909599781036377,126,0.0001,1836424,7044,386.93,-92041.45875458
14484,390.5712585449219,0.002193239750340581,459707,97.58368682861328,-0.03724813461303711,126,0.0001,1838932,7048,393.08,-91973.60875458
14499,0.4718281924724579,0.0022128026466816664,460162,97.30777740478516,-2.821887969970703,126,0.0001,1840752,7052,412.4,-91009.44208791
14522,195.54063415527344,0.00221002078615129,460867,95.96358489990234,-2.9923624992370605,126,0.0001,1843572,7056,413.72,-91022.64208791
14538,0.322709858417511,0.002150353044271469,461342,95.82302856445312,-10.665472030639648,126,0.0001,1845472,7060,426.74,-92561.99285714001
14557,195.6150360107422,0.0020576207898557186,461961,95.12614440917969,-3.07311749458313,126,0.0001,1847948,7064,436.39,-91451.37619047001
14568,1.7431877851486206,0.002032147254794836,462285,107.427490234375,0.6228767037391663,126,0.0001,1849244,7068,436.29,-91215.72619047001
14574,195.54910278320312,0.0020101440604776144,462475,96.13349151611328,0.38675177097320557,126,0.0001,1850004,7072,433.98,-91402.89523809002
14595,39.61233901977539,0.0019603476393967867,463149,96.85263061523438,-5.73420524597168,126,0.0001,1852700,7076,436.87,-91862.83333333001
14604,196.91233825683594,0.0019333375385031104,463449,107.2048568725586,-3.2530646324157715,126,0.0001,1853900,7080,439.32,-91987.33333333001
14625,390.60394287109375,0.0019460736075416207,464133,96.90119934082031,3.091256856918335,126,0.0001,1856636,7084,434.26,-92137.31666666002
14637,0.5320081114768982,0.0019405055791139603,464484,98.23274993896484,-0.21560382843017578,126,0.0001,1858040,7088,447.58,-92129.20238095001
14655,195.3812255859375,0.001951968646608293,465096,95.0107192993164,-4.671680450439453,126,0.0001,1860488,7092,450.34,-92361.15238095
14667,19.952274322509766,0.0019439775496721268,465481,97.96017456054688,-8.10547924041748,126,0.0001,1862028,7096,463.17,-91450.77738095
14673,216.28135681152344,0.001938384841196239,465656,104.67703247070312,5.513586044311523,126,0.0001,1862728,7100,449.79,-91316.97738095
14682,0.6872434020042419,0.0019481980707496405,465963,98.3035888671875,13.979312896728516,126,0.0001,1863956,7104,449.65,-91074.12738095
14691,20.120100021362305,0.0019566756673157215,466249,97.05232238769531,-4.995488166809082,126,0.0001,1865100,7108,437.55,-91155.77738095
14699,0.23396851122379303,0.0019601485691964626,466502,96.93624877929688,-0.275083065032959,126,0.0001,1866112,7112,425.26,-92025.42738095
14710,0.49900901317596436,0.002010839991271496,466865,98.55558776855469,7.073882102966309,126,0.0001,1867564,7116,437.72,-90942.81488095
14721,0.38346871733665466,0.00205890741199255,467187,95.3030776977539,0.7732619047164917,126,0.0001,1868852,7120,437.09,-91146.36488095
14728,20.246980667114258,0.0020698311273008585,467400,98.22144317626953,-3.3978071212768555,126,0.0001,1869704,7124,430.13,-91292.21488095
14753,195.63192749023438,0.0021021473221480846,468217,99.05976867675781,1.7812604904174805,126,0.0001,1872972,7128,444.52,-89899.19154762
14770,1.0983543395996094,0.002162788761779666,468772,99.91555786132812,7.738497734069824,126,0.0001,1875192,7132,451.83,-89963.86654762
14785,195.6219024658203,0.002237736014649272,469260,96.25189208984375,4.363465309143066,126,0.0001,1877144,7136,449.84,-89813.81654762
14789,195.77818298339844,0.002246195450425148,469399,94.85527038574219,6.345530033111572,126,0.0001,1877700,7140,442.64,-89713.51654762
14795,195.51051330566406,0.00224681687541306,469618,95.58262634277344,-4.685457229614258,126,0.0001,1878576,7144,431.0,-90711.56654762
14808,0.630011260509491,0.002251732163131237,470018,97.04530334472656,1.3166619539260864,126,0.0001,1880176,7148,420.07,-91524.15154762
14813,195.29153442382812,0.0022697087842971087,470178,95.5018081665039,4.930601119995117,126,0.0001,1880816,7152,398.42,-92567.31821428999
14826,195.27505493164062,0.0022857841104269028,470612,95.7898941040039,-5.302859783172607,126,0.0001,1882552,7156,393.62,-92284.89321428999
14843,195.5689239501953,0.002287845127284527,471122,96.38009643554688,-6.394731521606445,126,0.0001,1884592,7160,388.88,-92136.34321429
14853,0.9739207029342651,0.002294756704941392,471431,98.46908569335938,2.7539138793945312,126,0.0001,1885828,7164,375.73,-93211.95988095998
14863,195.76458740234375,0.002296660328283906,471739,95.49574279785156,3.8796865940093994,126,0.0001,1887060,7168,380.14,-93066.44321429997
14875,1.4825465679168701,0.0022789768408983946,472124,102.95228576660156,2.302755117416382,126,0.0001,1888600,7172,379.33,-92948.8182143
14884,0.513746440410614,0.0022974074818193913,472397,95.02983093261719,-0.17373251914978027,126,0.0001,1889692,7176,367.5,-92936.0682143
14896,1.7444918155670166,0.0023208092898130417,472768,104.37352752685547,1.2943601608276367,126,0.0001,1891176,7180,375.49,-91693.41821429999
14918,195.65713500976562,0.002348042093217373,473475,97.22280883789062,-2.8217806816101074,126,0.0001,1894004,7184,380.26,-91506.29321429999
14935,429.876953125,0.0023321390617638826,474043,92.29179382324219,-2.2156450748443604,126,0.0001,1896276,7188,374.61,-90563.60750001
14945,195.5781707763672,0.0023313818965107203,474373,91.95925903320312,0.9036504030227661,126,0.0001,1897596,7192,380.73,-89395.12000001
14963,20.58692169189453,0.0023611062206327915,474956,96.00718688964844,8.702859878540039,126,0.0001,1899928,7196,374.04,-90003.46500001001
14976,59.474918365478516,0.002396577037870884,475373,94.8336181640625,2.61667537689209,126,0.0001,1901596,7200,389.5,-89051.94000001
14991,0.6588099002838135,0.0024566776119172573,475855,91.6309814453125,9.960046768188477,126,0.0001,1903524,7204,388.26,-89165.09000001001
15008,0.6501181721687317,0.0025020213797688484,476378,94.95135498046875,3.048150062561035,126,0.0001,1905616,7208,404.78,-88330.39000001
15015,0.3068704605102539,0.0025178217329084873,476608,91.41909790039062,5.296148300170898,126,0.0001,1906536,7212,411.73,-88407.79000001
15028,0.8430591225624084,0.00256661931052804,477007,96.26539611816406,-4.879055976867676,126,0.0001,1908132,7216,403.62,-89418.30250001
15047,390.4783935546875,0.0025705499574542046,477603,94.07747650146484,-2.0521397590637207,126,0.0001,1910516,7220,409.99,-88249.10250001
15057,195.6631317138672,0.0025685220025479794,477916,93.85389709472656,5.501900672912598,126,0.0001,1911768,7224,412.16,-87377.95250001
15078,390.7200622558594,0.0025746324099600315,478608,91.81909942626953,-0.5232241153717041,126,0.0001,1914536,7228,418.17,-85284.72035714998
15086,20.075475692749023,0.0026021867524832487,478866,93.22989654541016,0.4691314697265625,126,0.0001,1915568,7232,407.8,-85406.12035715
15093,0.4557696282863617,0.002605699235573411,479092,90.98048400878906,2.480556011199951,126,0.0001,1916472,7236,395.72,-86415.37035715
15102,0.523563802242279,0.0026203172747045755,479392,92.34330749511719,0.12571561336517334,126,0.0001,1917672,7240,397.21,-87367.57035714999
15113,0.786981999874115,0.002634745556861162,479744,93.44966125488281,0.8774622678756714,126,0.0001,1919080,7244,396.14,-87250.72035714998
15120,20.198177337646484,0.0026542062405496836,479969,90.26144409179688,2.201171398162842,126,0.0001,1919980,7248,401.34,-87299.75202381998
15127,0.2946822941303253,0.0026508797891438007,480184,91.43434143066406,-2.8242392539978027,126,0.0001,1920840,7252,407.14,-87049.15202382
15148,195.44882202148438,0.0025716398376971483,480862,92.56792449951172,-0.7669838666915894,126,0.0001,1923552,7256,406.21,-87939.82702382
15161,0.4757600426673889,0.002536253072321415,481279,90.44503784179688,3.117586135864258,126,0.0001,1925220,7260,405.37,-88585.52702382
15169,0.2872907221317291,0.0025109420530498028,481493,89.28489685058594,-2.176206588745117,126,0.0001,1926076,7264,410.97,-87641.62702382001
15181,39.526641845703125,0.002516629872843623,481890,88.85734558105469,-3.730388641357422,126,0.0001,1927664,7268,401.67,-87860.96869047999
15193,0.28685262799263,0.0025035273283720016,482238,89.2596206665039,-4.0052266120910645,126,0.0001,1929056,7272,398.31,-87845.14369047999
15202,0.4084760546684265,0.002491164254024625,482521,86.99178314208984,2.3704893589019775,126,0.0001,1930188,7276,411.13,-86832.64369047999
15208,0.26740583777427673,0.0024736407212913036,482715,90.95350646972656,-4.737227439880371,126,0.0001,1930964,7280,395.74,-87899.44369048
15225,195.5543670654297,0.0024463869631290436,483238,90.19346618652344,-1.0526065826416016,126,0.0001,1933056,7284,390.33,-88181.26869047999
15237,195.6197967529297,0.002451312495395541,483608,89.8311538696289,3.392028570175171,126,0.0001,1934536,7288,386.64,-89058.26035715
15244,390.3862609863281,0.002414112910628319,483849,89.41520690917969,5.091944694519043,126,0.0001,1935500,7292,376.91,-89856.12285714998
15260,0.1976604163646698,0.0023760292679071426,484310,88.85482788085938,-3.1766180992126465,126,0.0001,1937344,7296,380.63,-90264.95285714998
15266,20.0527400970459,0.002382240490987897,484502,87.7811508178711,7.504443168640137,126,0.0001,1938112,7300,367.92,-91039.62785714999
15271,195.64588928222656,0.002373997587710619,484658,91.18153381347656,3.8722035884857178,126,0.0001,1938736,7304,359.29,-90964.32785714998
15285,0.34335434436798096,0.002365697408095002,485095,92.18771362304688,2.976032257080078,126,0.0001,1940484,7308,344.63,-91502.69035714999
15291,0.2753206789493561,0.002344501204788685,485300,91.24107360839844,-0.6595288515090942,126,0.0001,1941304,7312,340.6,-91355.91535714999
15299,0.2115064263343811,0.002281488385051489,485572,90.03541564941406,-7.23905086517334,126,0.0001,1942392,7316,348.74,-90248.61535714999
15307,39.536067962646484,0.0022451363038271666,485818,89.80834197998047,-3.36574387550354,126,0.0001,1943376,7320,336.55,-91259.61535714999
15316,0.29508742690086365,0.002202552743256092,486139,89.6452407836914,-3.9509360790252686,126,0.0001,1944660,7324,329.39,-91985.24869047999
15328,390.5472717285156,0.002130167791619897,486495,91.6937255859375,-8.64838981628418,126,0.0001,1946084,7328,314.21,-94165.75416667
15340,195.52476501464844,0.0021175944712013006,486890,88.32757568359375,4.65964937210083,126,0.0001,1947664,7332,321.29,-93921.4375
15347,195.53773498535156,0.0021189784165471792,487090,92.7396469116211,-1.92277193069458,126,0.0001,1948464,7336,326.5,-93973.5375
15354,195.40965270996094,0.002091025235131383,487340,90.3348617553711,-5.03684663772583,126,0.0001,1949464,7340,315.77,-94200.7375
15357,0.2758210599422455,0.0020862468518316746,487421,92.16011810302734,2.9147162437438965,126,0.0001,1949788,7344,313.74,-94286.5875
15367,0.2640140950679779,0.0020745552610605955,487723,90.87378692626953,-7.766782760620117,126,0.0001,1950996,7348,307.31,-94432.62083333
15373,20.04606056213379,0.0020579094998538494,487879,89.80612182617188,-3.1125078201293945,126,0.0001,1951620,7352,303.57,-94703.82083333
15378,195.31167602539062,0.002033942611888051,488063,89.44084167480469,-9.486483573913574,126,0.0001,1952356,7356,300.38,-94893.42083333
15389,411.2950744628906,0.002018093131482601,488419,102.01449584960938,-7.117215633392334,126,0.0001,1953780,7360,287.3,-94881.47869047002
15394,0.4720589518547058,0.0020039414521306753,488565,87.3389663696289,3.8734211921691895,126,0.0001,1954364,7364,284.87,-95745.72869047002
15400,0.2880687415599823,0.0019836502615362406,488794,90.12796020507812,-1.4046604633331299,126,0.0001,1955280,7368,281.89,-95398.42869047001
15404,195.33114624023438,0.001979600405320525,488920,88.793212890625,3.09938907623291,126,0.0001,1955784,7372,278.52,-95470.67869047001
15407,0.37550240755081177,0.001982941059395671,489007,91.89668273925781,1.0633348226547241,126,0.0001,1956132,7376,260.54,-96329.57869047
15414,390.4881591796875,0.0019760553259402514,489249,91.74041748046875,-0.5649323463439941,126,0.0001,1957100,7380,260.49,-96326.97869047002
15417,19.861013412475586,0.001973772654309869,489343,90.57965087890625,-7.921657085418701,126,0.0001,1957476,7384,251.52,-96129.82869047
15425,215.20155334472656,0.0019614528864622116,489603,91.28482055664062,-2.220543622970581,126,0.0001,1958516,7388,244.25,-96270.56202380001
15431,39.52914810180664,0.0019530700519680977,489783,85.91172790527344,4.263877868652344,126,0.0001,1959236,7392,241.52,-96360.98702380001
15435,0.2626798152923584,0.0019650880713015795,489924,88.6272964477539,11.783955574035645,126,0.0001,1959800,7396,225.0,-96399.73702380001
15441,0.35443994402885437,0.001982299145311117,490096,88.41532897949219,-7.193115234375,126,0.0001,1960488,7400,224.24,-96496.13702380001
15443,0.47104302048683167,0.001978162443265319,490162,88.65860748291016,6.780075550079346,126,0.0001,1960752,7404,220.27,-96561.33702380002
15452,585.7802734375,0.001960667548701167,490450,86.78909301757812,-1.1780436038970947,126,0.0001,1961904,7408,222.16,-96774.57452380001
15463,195.54458618164062,0.001934474566951394,490818,94.39667510986328,1.4474127292633057,126,0.0001,1963376,7412,222.5,-96877.22452380002
15466,195.59640502929688,0.001922674011439085,490916,91.71563720703125,-4.142601013183594,126,0.0001,1963768,7416,209.51,-98051.62452380001
15471,0.6943088173866272,0.001913617248646915,491051,91.28172302246094,-2.4848618507385254,126,0.0001,1964308,7420,209.86,-98053.17452380001
15472,195.53565979003906,0.0019134074682369828,491111,89.88034057617188,5.614977836608887,126,0.0001,1964548,7424,204.27,-98199.94119047001
15475,195.5281524658203,0.0019107122207060456,491192,89.26556396484375,-5.056741714477539,126,0.0001,1964872,7428,191.37,-99323.09119047
15476,0.34166577458381653,0.0019077517790719867,491233,90.25714111328125,1.4490245580673218,126,0.0001,1965036,7432,178.48,-99509.30785714001
15478,195.50193786621094,0.0019096385221928358,491280,90.80633544921875,-0.5704357624053955,126,0.0001,1965224,7436,170.51,-99429.60785714
15480,195.5452117919922,0.0019100974313914776,491342,90.36534118652344,2.3959507942199707,126,0.0001,1965472,7440,165.56,-99380.10785714
15483,386.8450622558594,0.0018986837239935994,491464,97.38652038574219,-2.7421188354492188,126,0.0001,1965960,7444,162.67,-99351.20785714
15488,0.2693132162094116,0.001889106584712863,491625,89.11116027832031,-1.5574955940246582,126,0.0001,1966604,7448,157.92,-99198.90785714
15497,0.46087536215782166,0.001879895105957985,491891,87.8128662109375,4.6753644943237305,126,0.0001,1967668,7452,160.58,-99225.50785714001
15504,190.4698486328125,0.0018677915213629603,492105,111.25011444091797,-1.5397140979766846,126,0.0001,1968524,7456,154.58,-99278.35785714
15508,1.6117753982543945,0.0018516388954594731,492221,94.45333862304688,0.01345205307006836,126,0.0001,1968988,7460,155.37,-99508.6
15512,2.024928331375122,0.0018292308086529374,492344,105.25759887695312,-2.5508060455322266,126,0.0001,1969480,7464,143.21,-99498.35
15514,0.6562338471412659,0.001822367892600596,492399,92.57719421386719,1.2416934967041016,126,0.0001,1969700,7468,138.99,-99682.25
15517,391.49407958984375,0.0018148181261494756,492482,94.01058959960938,3.80602765083313,126,0.0001,1970032,7472,142.76,-99677.375
15519,392.29437255859375,0.0018121721222996712,492543,102.28175354003906,-7.7507829666137695,126,0.0001,1970276,7476,141.57,-99767.475
15521,19.86635398864746,0.0018063789466395974,492614,87.93504333496094,3.4166650772094727,126,0.0001,1970560,7480,136.03,-99816.025
15524,195.88751220703125,0.0017984991427510977,492722,94.48103332519531,1.5121570825576782,126,0.0001,1970992,7484,135.77,-99818.825
15529,19.897554397583008,0.001791256945580244,492866,88.20770263671875,1.0923998355865479,126,0.0001,1971568,7488,132.18,-99898.325
15531,195.87432861328125,0.0017943002749234438,492936,95.05654907226562,0.8144961595535278,126,0.0001,1971848,7492,126.49,-100058.225
15546,195.3912811279297,0.0017960859695449471,493418,91.26685333251953,-3.4638118743896484,126,0.0001,1973776,7496,133.8,-100017.475
15552,0.1946125477552414,0.0017904482083395123,493611,91.03589630126953,-5.964395523071289,126,0.0001,1974548,7500,139.12,-99929.125
15562,0.25012969970703125,0.0017972167115658522,493963,90.59391021728516,-0.27893751859664917,126,0.0001,1975956,7504,144.88,-99877.525
15569,235.52285766601562,0.0017924566054716706,494198,94.35983276367188,-3.8971104621887207,126,0.0001,1976896,7508,144.23,-99864.575
15572,390.5736999511719,0.0017931867623701692,494282,88.58364868164062,-0.326635479927063,126,0.0001,1977232,7512,144.26,-99738.36666667
15578,195.3429718017578,0.0017970771295949817,494468,89.69628143310547,-2.534148693084717,126,0.0001,1977976,7516,146.21,-99757.86666667
15585,0.23957830667495728,0.00177988619543612,494688,88.21800231933594,-7.799283504486084,126,0.0001,1978856,7520,145.76,-99855.31666667
15593,195.29595947265625,0.001744006760418415,494975,92.65158081054688,-3.6039750576019287,126,0.0001,1980004,7524,151.25,-99809.81666667
15595,195.34286499023438,0.0017377964686602354,495031,89.64128875732422,-4.089451313018799,126,0.0001,1980228,7528,150.4,-99807.11666667
15596,0.3606509268283844,0.0017322178464382887,495069,92.49189758300781,3.054089307785034,126,0.0001,1980380,7532,153.48,-99837.91666666999
15599,800.3713989257812,0.0017254415433853865,495144,91.2441635131836,-5.745472431182861,126,0.0001,1980680,7536,154.53,-99848.41666666999
15602,195.91632080078125,0.0017162227304652333,495269,95.76518249511719,-9.51720905303955,126,0.0001,1981180,7540,154.4,-99847.11666667
15613,195.3859405517578,0.0017343981890007854,495624,91.281982421875,7.241457462310791,126,0.0001,1982600,7544,161.26,-99809.26666667
15617,0.2915458679199219,0.0017434704350307584,495747,91.72933959960938,-4.906532287597656,126,0.0001,1983092,7548,161.79,-99919.36666667
15623,215.02423095703125,0.0017417387571185827,495937,90.71142578125,3.4751791954040527,126,0.0001,1983852,7552,164.41,-99708.72916666999
15626,214.85997009277344,0.0017477021319791675,496051,90.29501342773438,-11.022686004638672,126,0.0001,1984308,7556,164.99,-99714.52916666999
15630,0.6100060343742371,0.0017525891307741404,496174,92.30392456054688,4.622018814086914,126,0.0001,1984800,7560,161.95,-99687.02916666999
15634,0.40427353978157043,0.001762690837495029,496316,89.68212127685547,-2.754115104675293,126,0.0001,1985368,7564,164.9,-99716.52916666999
15638,410.1934814453125,0.0017572761280462146,496442,88.44892883300781,-2.640235185623169,126,0.0001,1985872,7568,164.57,-99814.50416667
15644,39.68587112426758,0.0017340691993013024,496620,90.25653076171875,1.4976918697357178,126,0.0001,1986584,7572,159.82,-99806.52916666999
15645,19.81635856628418,0.001736846286803484,496677,89.72406005859375,-0.8130760788917542,126,0.0001,1986812,7576,160.52,-99607.8625
15648,390.59271240234375,0.001741748652420938,496744,91.80999755859375,-6.4888811111450195,126,0.0001,1987080,7580,160.05,-99500.3875
15651,0.41057267785072327,0.0017388990381732583,496846,89.39740753173828,-4.446680068969727,126,0.0001,1987488,7584,156.75,-99569.4375
15655,0.3181961476802826,0.0017276800936087966,497007,90.58609008789062,-0.4385654926300049,126,0.0001,1988132,7588,164.54,-99421.99583333
15666,195.62449645996094,0.0017101000994443893,497370,91.50445556640625,-1.6389636993408203,126,0.0001,1989584,7592,169.14,-99123.36583333001
15678,195.3760986328125,0.0017062295228242874,497767,87.7236557006836,-1.8952434062957764,126,0.0001,1991172,7596,174.24,-98017.16583333
15683,0.24547523260116577,0.0017106040613725781,497929,86.17294311523438,-1.2537062168121338,126,0.0001,1991820,7600,176.48,-97932.67416666001
15688,390.5625,0.001716741593554616,498085,93.11284637451172,-5.583899974822998,126,0.0001,1992444,7604,173.11,-98008.17416666001
15694,390.6034240722656,0.0017358834156766534,498280,88.96206665039062,3.9373269081115723,127,0.0001,1993224,7608,169.4,-98098.12416666001
15704,604.9300537109375,0.0017438853392377496,498592,88.11593627929688,9.903385162353516,126,0.0001,1994472,7612,173.99,-98152.90749999002
15709,195.28302001953125,0.0017392289591953158,498758,91.11479187011719,-9.451276779174805,126,0.0001,1995136,7616,171.85,-97926.78249999002
15713,195.3149871826172,0.0017412063898518682,498872,88.5859603881836,0.9285356998443604,126,0.0001,1995592,7620,169.45,-97902.78249999002
15719,390.7283630371094,0.001755826291628182,499041,84.65963745117188,-2.735106945037842,126,0.0001,1996268,7624,168.56,-97881.45749999002
15721,390.4400939941406,0.0017465559067204595,499119,89.16412353515625,-6.188478469848633,126,0.0001,1996580,7628,165.25,-97847.90749999002
15726,585.530517578125,0.0017416034825146198,499278,88.1163558959961,1.9252471923828125,126,0.0001,1997216,7632,163.8,-97833.40749999002
15731,195.51173400878906,0.001716967555694282,499449,90.37203216552734,0.0855790376663208,126,0.0001,1997900,7636,166.06,-97754.35749999002
15740,0.18903562426567078,0.0017079461831599474,499730,91.50183868408203,-1.0375914573669434,127,0.0001,1999024,7640,177.02,-97647.23249999002
15746,195.3089141845703,0.001704564900137484,499938,92.21554565429688,-11.305265426635742,127,0.0001,1999856,7644,171.92,-97702.68249999001
