,algorithm,set,step,reward
0,A2C,env1,8000,-85131.09375
1,A2C,env1,10000,-78183.6171875
2,A2C,env1,16000,-70567.5
3,A2C,env1,20000,-63961.71875
4,A2C,env1,24000,-58372.8828125
5,A2C,env1,30000,-51726.3515625
6,A2C,env1,32000,-51726.3515625
7,A2C,env1,40000,-48012.08203125
8,A2C,env1,40000,-48012.08203125
9,A2C,env1,48000,-53679.453125
10,A2C,env1,50000,-52765.6171875
11,A2C,env1,56000,-55484.0625
12,A2C,env1,60000,-57951.32421875
13,A2C,env1,64000,-59835.4140625
14,A2C,env1,70000,-63418.0546875
15,A2C,env1,72000,-62229.83203125
16,A2C,env1,80000,-62742.67578125
17,A2C,env1,80000,-62742.67578125
18,A2C,env1,88000,-61965.34375
19,A2C,env1,90000,-61085.296875
20,A2C,env1,96000,-59351.66015625
21,A2C,env1,100000,-58785.390625
22,A2C,env1,104000,-58809.81640625
23,A2C,env1,110000,-60389.40234375
24,A2C,env1,112000,-63263.73828125
25,A2C,env1,120000,-68204.140625
26,A2C,env1,120000,-68204.140625
27,A2C,env1,128000,-68030.515625
28,A2C,env1,130000,-65939.1328125
29,A2C,env1,136000,-65470.8515625
30,A2C,env1,140000,-60910.3828125
31,A2C,env1,144000,-58432.765625
32,A2C,env1,150000,-68536.3828125
33,A2C,env1,152000,-73096.703125
34,A2C,env1,160000,-79479.7734375
35,A2C,env1,160000,-79479.7734375
36,A2C,env1,168000,-80276.9453125
37,A2C,env1,170000,-80279.328125
38,A2C,env1,176000,-73323.15625
39,A2C,env1,180000,-73035.25
40,A2C,env1,184000,-72733.03125
41,A2C,env1,190000,-75026.15625
42,A2C,env1,192000,-76109.296875
43,A2C,env1,200000,-84839.3671875
44,A2C,env1,200000,-84839.3671875
45,A2C,env1,208000,-84551.140625
46,A2C,env1,210000,-84253.953125
47,A2C,env1,216000,-81579.3359375
48,A2C,env1,220000,-78501.65625
49,A2C,env1,224000,-76345.8515625
50,A2C,env1,230000,-73998.8125
51,A2C,env1,232000,-72806.5390625
52,A2C,env1,240000,-69945.9140625
53,A2C,env1,240000,-69945.9140625
54,A2C,env1,248000,-67889.6953125
55,A2C,env1,250000,-67793.5390625
56,A2C,env1,256000,-64937.1640625
57,A2C,env1,260000,-61960.90625
58,A2C,env1,264000,-58670.38671875
59,A2C,env1,270000,-56690.8359375
60,A2C,env1,272000,-53500.296875
61,A2C,env1,280000,-50661.38671875
62,A2C,env1,280000,-50661.38671875
63,A2C,env1,288000,-53985.64453125
64,A2C,env1,290000,-53268.625
65,A2C,env1,296000,-53855.5859375
66,A2C,env1,300000,-50964.1875
67,A2C,env1,304000,-49265.6015625
68,A2C,env1,310000,-52302.8203125
69,A2C,env1,312000,-53290.203125
70,A2C,env1,320000,-60142.26171875
71,A2C,env1,320000,-60142.26171875
72,A2C,env1,328000,-60252.5546875
73,A2C,env1,330000,-59359.54296875
74,A2C,env1,336000,-58471.69140625
75,A2C,env1,340000,-60335.4375
76,A2C,env1,344000,-61320.109375
77,A2C,env1,350000,-61334.2734375
78,A2C,env1,352000,-61332.8125
79,A2C,env1,360000,-60218.8984375
80,A2C,env1,360000,-60218.8984375
81,A2C,env1,368000,-62316.59765625
82,A2C,env1,370000,-63212.7890625
83,A2C,env1,376000,-61999.59375
84,A2C,env1,380000,-66976.5078125
85,A2C,env1,384000,-67979.09375
86,A2C,env1,390000,-69949.7109375
87,A2C,env1,392000,-70955.9765625
88,A2C,env1,400000,-73955.171875
89,A2C,env1,400000,-73955.171875
90,A2C,env1,408000,-74316.7109375
91,A2C,env1,410000,-75504.28125
92,A2C,env1,416000,-74182.125
93,A2C,env1,420000,-74076.40625
94,A2C,env1,424000,-73187.6484375
95,A2C,env1,430000,-73076.875
96,A2C,env1,432000,-72989.2421875
97,A2C,env1,440000,-73117.4375
98,A2C,env1,440000,-73117.4375
99,A2C,env1,448000,-71952.9296875
100,A2C,env1,450000,-71952.9296875
101,A2C,env1,456000,-68698.6015625
102,A2C,env1,460000,-69813.484375
103,A2C,env1,464000,-71007.125
104,A2C,env1,470000,-69716.5703125
105,A2C,env1,472000,-70810.8046875
106,A2C,env1,480000,-71666.828125
107,A2C,env1,480000,-71666.828125
108,A2C,env1,488000,-75715.0859375
109,A2C,env1,490000,-76806.0625
110,A2C,env1,496000,-76794.9453125
111,A2C,env1,500000,-77894.765625
112,A2C,env1,504000,-76894.2421875
113,A2C,env1,510000,-77601.0703125
114,A2C,env1,512000,-77719.328125
115,A2C,env1,520000,-71309.8359375
116,A2C,env1,520000,-71309.8359375
117,A2C,env1,528000,-72282.2890625
118,A2C,env1,530000,-72278.0
119,A2C,env1,536000,-73657.1640625
120,A2C,env1,540000,-73459.0546875
121,A2C,env1,544000,-75768.6953125
122,A2C,env1,550000,-78780.875
123,A2C,env1,552000,-78690.984375
124,A2C,env1,560000,-77702.984375
125,A2C,env1,560000,-77702.984375
126,A2C,env1,568000,-77590.2734375
127,A2C,env1,570000,-77672.0625
128,A2C,env1,576000,-77469.8359375
129,A2C,env1,580000,-78565.5859375
130,A2C,env1,584000,-79760.359375
131,A2C,env1,590000,-79760.421875
132,A2C,env1,592000,-79560.328125
133,A2C,env1,600000,-74073.2890625
134,A2C,env1,600000,-74073.2890625
135,A2C,env1,608000,-70769.546875
136,A2C,env1,610000,-70762.5234375
137,A2C,env1,616000,-68510.6484375
138,A2C,env1,620000,-67128.03125
139,A2C,env1,624000,-66937.03125
140,A2C,env1,630000,-69244.25
141,A2C,env1,632000,-70251.0703125
142,A2C,env1,640000,-72561.875
143,A2C,env1,640000,-72561.875
144,A2C,env1,648000,-73460.734375
145,A2C,env1,650000,-76904.3671875
146,A2C,env1,656000,-74076.625
147,A2C,env1,660000,-75358.078125
148,A2C,env1,664000,-75363.921875
149,A2C,env1,670000,-75154.671875
150,A2C,env1,672000,-75258.2109375
151,A2C,env1,680000,-74169.3984375
152,A2C,env1,680000,-74169.3984375
153,A2C,env1,688000,-75293.203125
154,A2C,env1,690000,-75208.953125
155,A2C,env1,696000,-71120.609375
156,A2C,env1,700000,-72316.0625
157,A2C,env1,704000,-70215.1484375
158,A2C,env1,710000,-71309.8671875
159,A2C,env1,712000,-71304.1015625
160,A2C,env1,720000,-72707.6484375
161,A2C,env1,720000,-72707.6484375
162,A2C,env1,728000,-75698.46875
163,A2C,env1,730000,-75709.0703125
164,A2C,env1,736000,-77712.328125
165,A2C,env1,740000,-76531.8671875
166,A2C,env1,744000,-76424.703125
167,A2C,env1,750000,-77629.3828125
168,A2C,env1,752000,-75435.1171875
169,A2C,env1,760000,-75631.7421875
170,A2C,env1,760000,-75631.7421875
171,A2C,env1,768000,-75529.2421875
172,A2C,env1,770000,-73333.609375
173,A2C,env1,776000,-72226.859375
174,A2C,env1,780000,-72012.5
175,A2C,env1,784000,-72789.328125
176,A2C,env1,790000,-72794.4765625
177,A2C,env1,792000,-72881.953125
178,A2C,env1,800000,-77383.359375
179,A2C,env1,800000,-77283.25
180,A2C,env1,808000,-75274.9375
181,A2C,env1,810000,-75373.6484375
182,A2C,env1,816000,-76575.9609375
183,A2C,env1,820000,-76470.7734375
184,A2C,env1,824000,-76371.5234375
185,A2C,env1,830000,-76370.7109375
186,A2C,env1,832000,-76170.8203125
187,A2C,env1,840000,-79485.796875
188,A2C,env1,840000,-79485.796875
189,A2C,env1,848000,-75181.0546875
190,A2C,env1,850000,-75285.421875
191,A2C,env1,856000,-75188.8359375
192,A2C,env1,860000,-72863.0
193,A2C,env1,864000,-68755.46875
194,A2C,env1,870000,-70666.265625
195,A2C,env1,872000,-73068.9296875
196,A2C,env1,880000,-68462.3984375
197,A2C,env1,880000,-68462.3984375
198,A2C,env1,888000,-70679.40625
199,A2C,env1,890000,-73091.8203125
200,A2C,env1,896000,-70686.4140625
201,A2C,env1,900000,-68393.46875
202,A2C,env1,904000,-69886.6796875
203,A2C,env1,910000,-67480.9765625
204,A2C,env1,912000,-67284.46875
205,A2C,env1,920000,-71543.8359375
206,A2C,env1,920000,-71543.8359375
207,A2C,env1,928000,-75039.7890625
208,A2C,env1,930000,-74942.4453125
209,A2C,env1,936000,-75146.640625
210,A2C,env1,940000,-75345.53125
211,A2C,env1,944000,-75257.0859375
212,A2C,env1,950000,-75143.5546875
213,A2C,env1,952000,-72932.53125
214,A2C,env1,960000,-72920.5078125
215,A2C,env1,960000,-72920.5078125
216,A2C,env1,968000,-75221.734375
217,A2C,env1,970000,-74225.7734375
218,A2C,env1,976000,-73747.671875
219,A2C,env1,980000,-73773.3359375
220,A2C,env1,984000,-76168.21875
221,A2C,env1,990000,-71843.2265625
222,A2C,env1,992000,-73423.3984375
223,A2C,env1,1000000,-75897.21875
224,A2C,env1,1000000,-75897.21875
225,A2C,env1,1008000,-75606.2109375
226,A2C,env1,1010000,-77605.7734375
227,A2C,env1,1016000,-75203.859375
228,A2C,env1,1020000,-72892.078125
229,A2C,env1,1024000,-70886.046875
230,A2C,env1,1030000,-70968.9609375
231,A2C,env1,1032000,-71065.8515625
232,A2C,env1,1040000,-70691.2421875
233,A2C,env1,1040000,-70691.2421875
234,A2C,env1,1048000,-73007.7734375
235,A2C,env1,1050000,-75114.1640625
236,A2C,env1,1056000,-79306.59375
237,A2C,env1,1060000,-74906.234375
238,A2C,env1,1064000,-74913.140625
239,A2C,env1,1070000,-74714.2265625
240,A2C,env1,1072000,-74715.5859375
241,A2C,env1,1080000,-75021.953125
242,A2C,env1,1080000,-75021.953125
243,A2C,env1,1088000,-71213.640625
244,A2C,env1,1090000,-71004.4453125
245,A2C,env1,1096000,-73782.3828125
246,A2C,env1,1100000,-73993.78125
247,A2C,env1,1104000,-78373.0
248,A2C,env1,1110000,-71571.6953125
249,A2C,env1,1112000,-69471.40625
250,A2C,env1,1120000,-68594.203125
251,A2C,env1,1120000,-68594.203125
252,A2C,env1,1128000,-72695.8828125
253,A2C,env1,1130000,-73198.546875
254,A2C,env1,1136000,-71791.9765625
255,A2C,env1,1140000,-73675.96875
256,A2C,env1,1144000,-71594.3125
257,A2C,env1,1150000,-75586.4296875
258,A2C,env1,1152000,-73289.59375
259,A2C,env1,1160000,-66709.25
260,A2C,env1,1160000,-66709.25
261,A2C,env1,1168000,-70909.3046875
262,A2C,env1,1170000,-71011.359375
263,A2C,env1,1176000,-77503.140625
264,A2C,env1,1180000,-72795.3984375
265,A2C,env1,1184000,-70885.9609375
266,A2C,env1,1190000,-63788.23828125
267,A2C,env1,1192000,-64092.0546875
268,A2C,env1,1200000,-70305.578125
269,A2C,env1,1200000,-70305.578125
270,A2C,env1,1208000,-74913.34375
271,A2C,env1,1210000,-74811.46875
272,A2C,env1,1216000,-72893.890625
273,A2C,env1,1220000,-73203.9375
274,A2C,env1,1224000,-73615.3046875
275,A2C,env1,1230000,-71612.4609375
276,A2C,env1,1232000,-73819.2421875
277,A2C,env1,1240000,-69205.3203125
278,A2C,env1,1240000,-69205.1484375
279,A2C,env1,1248000,-67318.7890625
280,A2C,env1,1250000,-67215.5234375
281,A2C,env1,1256000,-65014.02734375
282,A2C,env1,1260000,-68130.15625
283,A2C,env1,1264000,-68124.3671875
284,A2C,env1,1270000,-70702.875
285,A2C,env1,1272000,-70904.28125
286,A2C,env1,1280000,-74699.6953125
287,A2C,env1,1280000,-74699.6953125
288,A2C,env1,1288000,-73223.7421875
289,A2C,env1,1290000,-75232.9453125
290,A2C,env1,1296000,-68643.0703125
291,A2C,env1,1300000,-68540.1953125
292,A2C,env1,1304000,-68429.6953125
293,A2C,env1,1310000,-67632.5703125
294,A2C,env1,1312000,-70037.8828125
295,A2C,env1,1320000,-72423.25
296,A2C,env1,1320000,-72423.25
297,A2C,env1,1328000,-71631.078125
298,A2C,env1,1330000,-69231.3671875
299,A2C,env1,1336000,-70424.2265625
300,A2C,env1,1340000,-72736.3046875
301,A2C,env1,1344000,-70551.109375
302,A2C,env1,1350000,-70945.5703125
303,A2C,env1,1352000,-73441.109375
304,A2C,env1,1360000,-73350.1640625
305,A2C,env1,1360000,-73350.1640625
306,A2C,env1,1368000,-75222.1875
307,A2C,env1,1370000,-75135.8828125
308,A2C,env1,1376000,-79329.1328125
309,A2C,env1,1380000,-75934.640625
310,A2C,env1,1384000,-76132.34375
311,A2C,env1,1390000,-76520.4765625
312,A2C,env1,1392000,-76803.7578125
313,A2C,env1,1400000,-79895.46875
314,A2C,env1,1400000,-79895.46875
315,A2C,env1,1408000,-74920.359375
316,A2C,env1,1410000,-74625.09375
317,A2C,env1,1416000,-73434.8984375
318,A2C,env1,1420000,-71239.7734375
319,A2C,env1,1424000,-71834.6875
320,A2C,env1,1430000,-76331.9140625
321,A2C,env1,1432000,-76733.09375
322,A2C,env1,1440000,-78635.140625
323,A2C,env1,1440000,-78635.140625
324,A2C,env1,1448000,-78462.90625
325,A2C,env1,1450000,-78368.1796875
326,A2C,env1,1456000,-78273.5703125
327,A2C,env1,1460000,-79573.828125
328,A2C,env1,1464000,-78468.515625
329,A2C,env1,1470000,-78454.6015625
330,A2C,env1,1472000,-78242.09375
331,A2C,env1,1480000,-77829.8125
332,A2C,env1,1480000,-77829.8125
333,A2C,env1,1488000,-78918.7265625
334,A2C,env1,1490000,-79221.0390625
335,A2C,env1,1496000,-76724.421875
336,A2C,env1,1500000,-76237.1953125
337,A2C,env1,1504000,-74536.0625
338,A2C,env1,1510000,-74536.1640625
339,A2C,env1,1512000,-74444.6953125
340,A2C,env1,1520000,-77137.84375
341,A2C,env1,1520000,-77137.84375
342,A2C,env1,1528000,-76558.5
343,A2C,env1,1530000,-76553.6328125
344,A2C,env1,1536000,-72178.6015625
345,A2C,env1,1540000,-66781.3671875
346,A2C,env1,1544000,-66881.015625
347,A2C,env1,1550000,-65505.671875
348,A2C,env1,1552000,-65501.26953125
349,A2C,env1,1560000,-67775.8359375
350,A2C,env1,1560000,-67775.8359375
351,A2C,env1,1568000,-68578.8515625
352,A2C,env1,1570000,-70964.4140625
353,A2C,env1,1576000,-75241.4609375
354,A2C,env1,1580000,-73138.7109375
355,A2C,env1,1584000,-72947.8828125
356,A2C,env1,1590000,-73640.015625
357,A2C,env1,1592000,-71643.46875
358,A2C,env1,1600000,-69665.2734375
359,A2C,env1,1600000,-69665.2734375
360,A2C,env1,1608000,-71358.859375
361,A2C,env1,1610000,-73661.671875
362,A2C,env1,1616000,-76645.2890625
363,A2C,env1,1620000,-76352.7890625
364,A2C,env1,1624000,-73960.4375
365,A2C,env1,1630000,-75870.4765625
366,A2C,env1,1632000,-75773.3828125
367,A2C,env1,1640000,-75590.0078125
368,A2C,env1,1640000,-75590.0078125
369,A2C,env1,1648000,-77495.40625
370,A2C,env1,1650000,-77401.90625
371,A2C,env1,1656000,-77388.9765625
372,A2C,env1,1660000,-77305.4765625
373,A2C,env1,1664000,-75087.421875
374,A2C,env1,1670000,-71879.515625
375,A2C,env1,1672000,-71974.6484375
376,A2C,env1,1680000,-71995.4765625
377,A2C,env1,1680000,-71995.4765625
378,A2C,env1,1688000,-78656.03125
379,A2C,env1,1690000,-78665.3671875
380,A2C,env1,1696000,-79772.6171875
381,A2C,env1,1700000,-77579.609375
382,A2C,env1,1704000,-77366.75
383,A2C,env1,1710000,-77482.640625
384,A2C,env1,1712000,-77496.3828125
385,A2C,env1,1720000,-76114.546875
386,A2C,env1,1720000,-76114.546875
387,A2C,env1,1728000,-76004.46875
388,A2C,env1,1730000,-73803.6015625
389,A2C,env1,1736000,-71794.3671875
390,A2C,env1,1740000,-70585.8359375
391,A2C,env1,1744000,-69789.671875
392,A2C,env1,1750000,-72187.640625
393,A2C,env1,1752000,-72283.53125
394,A2C,env1,1760000,-76484.359375
395,A2C,env1,1760000,-76484.359375
396,A2C,env1,1768000,-77794.3203125
397,A2C,env1,1770000,-77907.6171875
398,A2C,env1,1776000,-76700.7578125
399,A2C,env1,1780000,-76404.3515625
400,A2C,env1,1784000,-76595.828125
401,A2C,env1,1790000,-74291.6171875
402,A2C,env1,1792000,-76690.9921875
403,A2C,env1,1800000,-77832.9921875
404,A2C,env1,1800000,-77832.9921875
405,A2C,env1,1808000,-78219.796875
406,A2C,env1,1810000,-77924.859375
407,A2C,env1,1816000,-77816.875
408,A2C,env1,1820000,-75617.9453125
409,A2C,env1,1824000,-75229.2890625
410,A2C,env1,1830000,-75514.5
411,A2C,env1,1832000,-75425.6953125
412,A2C,env1,1840000,-75930.2421875
413,A2C,env1,1840000,-75930.2421875
414,A2C,env1,1848000,-78709.1640625
415,A2C,env1,1850000,-78311.890625
416,A2C,env1,1856000,-78429.6875
417,A2C,env1,1860000,-76161.1796875
418,A2C,env1,1864000,-76073.578125
419,A2C,env1,1870000,-75687.203125
420,A2C,env1,1872000,-75600.859375
421,A2C,env1,1880000,-73179.0625
422,A2C,env1,1880000,-73179.0625
423,A2C,env1,1888000,-74648.375
424,A2C,env1,1890000,-74746.765625
425,A2C,env1,1896000,-77053.8671875
426,A2C,env1,1900000,-76783.3359375
427,A2C,env1,1904000,-76979.828125
428,A2C,env1,1910000,-74304.484375
429,A2C,env1,1912000,-74015.484375
430,A2C,env1,1920000,-75258.78125
431,A2C,env1,1920000,-75258.78125
432,A2C,env1,1928000,-78661.34375
433,A2C,env1,1930000,-78956.5859375
434,A2C,env1,1936000,-78856.609375
435,A2C,env1,1940000,-76856.296875
436,A2C,env1,1944000,-76538.3515625
437,A2C,env1,1950000,-78422.390625
438,A2C,env1,1952000,-78220.7734375
439,A2C,env1,1960000,-75633.25
440,A2C,env1,1960000,-75633.25
441,A2C,env1,1968000,-73735.09375
442,A2C,env1,1970000,-73549.609375
443,A2C,env1,1976000,-69456.15625
444,A2C,env1,1980000,-74259.6796875
445,A2C,env1,1984000,-74137.5859375
446,A2C,env1,1990000,-74150.2109375
447,A2C,env1,1992000,-73850.6796875
448,A2C,env1,2000000,-75847.328125
449,A2C,env1,2000000,-75847.328125
450,A2C,env2,8000,-91879.8203125
451,A2C,env2,16000,-92366.1171875
452,A2C,env2,24000,-90518.6484375
453,A2C,env2,32000,-94017.421875
454,A2C,env2,40000,-89963.8203125
455,A2C,env2,48000,-83774.84375
456,A2C,env2,56000,-77228.15625
457,A2C,env2,64000,-70087.46875
458,A2C,env2,72000,-63286.00390625
459,A2C,env2,80000,-56122.515625
460,A2C,env2,88000,-48831.35546875
461,A2C,env2,96000,-44278.5390625
462,A2C,env2,104000,-37379.19140625
463,A2C,env2,112000,-30956.552734375
464,A2C,env2,120000,-39278.6171875
465,A2C,env2,128000,-46712.3515625
466,A2C,env2,136000,-47136.48828125
467,A2C,env2,144000,-48677.4375
468,A2C,env2,152000,-55422.36328125
469,A2C,env2,160000,-69063.7265625
470,A2C,env2,168000,-78735.484375
471,A2C,env2,176000,-84510.71875
472,A2C,env2,184000,-80911.9453125
473,A2C,env2,192000,-76391.5390625
474,A2C,env2,200000,-74195.8125
475,A2C,env2,208000,-70679.578125
476,A2C,env2,216000,-66303.4453125
477,A2C,env2,224000,-58868.62109375
478,A2C,env2,232000,-51787.9140625
479,A2C,env2,240000,-45636.546875
480,A2C,env2,248000,-40706.4375
481,A2C,env2,256000,-37021.26171875
482,A2C,env2,264000,-34299.14453125
483,A2C,env2,272000,-33754.53515625
484,A2C,env2,280000,-36209.63671875
485,A2C,env2,288000,-35263.62109375
486,A2C,env2,296000,-35678.7734375
487,A2C,env2,304000,-41095.98828125
488,A2C,env2,312000,-49339.21484375
489,A2C,env2,320000,-50852.375
490,A2C,env2,328000,-52394.01171875
491,A2C,env2,336000,-54796.44140625
492,A2C,env2,344000,-55445.2734375
493,A2C,env2,352000,-54123.1953125
494,A2C,env2,360000,-52213.08203125
495,A2C,env2,368000,-50624.578125
496,A2C,env2,376000,-53378.8515625
497,A2C,env2,384000,-62183.85546875
498,A2C,env2,392000,-65785.3046875
499,A2C,env2,400000,-69583.515625
500,A2C,env2,408000,-73917.2265625
501,A2C,env2,416000,-74552.2421875
502,A2C,env2,424000,-68637.7421875
503,A2C,env2,432000,-67073.265625
504,A2C,env2,440000,-63456.765625
505,A2C,env2,448000,-65517.33203125
506,A2C,env2,456000,-69607.9609375
507,A2C,env2,464000,-77962.7109375
508,A2C,env2,472000,-81522.671875
509,A2C,env2,480000,-82304.234375
510,A2C,env2,488000,-91914.9453125
511,A2C,env2,496000,-84398.5
512,A2C,env2,504000,-82722.3671875
513,A2C,env2,512000,-79641.53125
514,A2C,env2,520000,-75393.53125
515,A2C,env2,528000,-79069.1796875
516,A2C,env2,536000,-78892.4296875
517,A2C,env2,544000,-74436.109375
518,A2C,env2,552000,-71651.640625
519,A2C,env2,560000,-68339.328125
520,A2C,env2,568000,-66920.9375
521,A2C,env2,576000,-68081.6015625
522,A2C,env2,584000,-82062.46875
523,A2C,env2,592000,-86019.8671875
524,A2C,env2,600000,-84304.6875
525,A2C,env2,608000,-81117.828125
526,A2C,env2,616000,-78989.046875
527,A2C,env2,624000,-75476.59375
528,A2C,env2,632000,-75082.65625
529,A2C,env2,640000,-74759.203125
530,A2C,env2,648000,-67881.828125
531,A2C,env2,656000,-69612.9453125
532,A2C,env2,664000,-70155.953125
533,A2C,env2,672000,-68991.6171875
534,A2C,env2,680000,-69104.671875
535,A2C,env2,688000,-74924.65625
536,A2C,env2,696000,-72311.609375
537,A2C,env2,704000,-79195.703125
538,A2C,env2,712000,-79724.328125
539,A2C,env2,720000,-82291.4609375
540,A2C,env2,728000,-82313.078125
541,A2C,env2,736000,-84171.28125
542,A2C,env2,744000,-84656.7734375
543,A2C,env2,752000,-83304.625
544,A2C,env2,760000,-82251.34375
545,A2C,env2,768000,-82025.0703125
546,A2C,env2,776000,-79311.7578125
547,A2C,env2,784000,-79250.5859375
548,A2C,env2,792000,-75452.09375
549,A2C,env2,800000,-68152.3828125
550,A2C,env2,808000,-63290.6484375
551,A2C,env2,816000,-62387.10546875
552,A2C,env2,824000,-59404.80859375
553,A2C,env2,832000,-64476.5625
554,A2C,env2,840000,-70843.9609375
555,A2C,env2,848000,-68662.40625
556,A2C,env2,856000,-70016.6640625
557,A2C,env2,864000,-73428.546875
558,A2C,env2,872000,-87634.125
559,A2C,env2,880000,-85201.7109375
560,A2C,env2,888000,-84812.0859375
561,A2C,env2,896000,-80600.421875
562,A2C,env2,904000,-79834.8046875
563,A2C,env2,912000,-76555.6484375
564,A2C,env2,920000,-74744.90625
565,A2C,env2,928000,-69649.6484375
566,A2C,env2,936000,-68793.96875
567,A2C,env2,944000,-66407.8359375
568,A2C,env2,952000,-61711.0625
569,A2C,env2,960000,-74629.9609375
570,A2C,env2,968000,-81068.4765625
571,A2C,env2,976000,-81190.828125
572,A2C,env2,984000,-72069.46875
573,A2C,env2,992000,-71924.7265625
574,A2C,env2,1000000,-71305.40625
575,A2C,env2,1008000,-70451.8828125
576,A2C,env2,1016000,-72735.5625
577,A2C,env2,1024000,-71418.2890625
578,A2C,env2,1032000,-71731.9921875
579,A2C,env2,1040000,-68987.9609375
580,A2C,env2,1048000,-65891.4453125
581,A2C,env2,1056000,-66501.6015625
582,A2C,env2,1064000,-67230.703125
583,A2C,env2,1072000,-69783.7890625
584,A2C,env2,1080000,-68969.46875
585,A2C,env2,1088000,-70078.65625
586,A2C,env2,1096000,-70799.421875
587,A2C,env2,1104000,-70977.078125
588,A2C,env2,1112000,-70715.078125
589,A2C,env2,1120000,-68629.8046875
590,A2C,env2,1128000,-69564.1796875
591,A2C,env2,1136000,-72936.640625
592,A2C,env2,1144000,-83475.9453125
593,A2C,env2,1152000,-87037.578125
594,A2C,env2,1160000,-85538.15625
595,A2C,env2,1168000,-79635.1171875
596,A2C,env2,1176000,-74136.1328125
597,A2C,env2,1184000,-70061.6484375
598,A2C,env2,1192000,-69194.78125
599,A2C,env2,1200000,-67201.859375
600,A2C,env2,1208000,-67204.5625
601,A2C,env2,1216000,-70645.3828125
602,A2C,env2,1224000,-73481.375
603,A2C,env2,1232000,-69241.765625
604,A2C,env2,1240000,-64128.1328125
605,A2C,env2,1248000,-64509.53125
606,A2C,env2,1256000,-65994.5703125
607,A2C,env2,1264000,-63878.73046875
608,A2C,env2,1272000,-58599.28515625
609,A2C,env2,1280000,-55889.1796875
610,A2C,env2,1288000,-51774.62890625
611,A2C,env2,1296000,-47636.63671875
612,A2C,env2,1304000,-45612.69140625
613,A2C,env2,1312000,-44347.71875
614,A2C,env2,1320000,-40126.70703125
615,A2C,env2,1328000,-37983.0390625
616,A2C,env2,1336000,-35280.96484375
617,A2C,env2,1344000,-39317.40625
618,A2C,env2,1352000,-42373.390625
619,A2C,env2,1360000,-63493.0078125
620,A2C,env2,1368000,-72542.859375
621,A2C,env2,1376000,-77787.3359375
622,A2C,env2,1384000,-76896.4765625
623,A2C,env2,1392000,-75511.953125
624,A2C,env2,1400000,-75521.921875
625,A2C,env2,1408000,-76265.546875
626,A2C,env2,1416000,-75871.3203125
627,A2C,env2,1424000,-79912.21875
628,A2C,env2,1432000,-79260.0703125
629,A2C,env2,1440000,-80473.109375
630,A2C,env2,1448000,-83736.0078125
631,A2C,env2,1456000,-78283.625
632,A2C,env2,1464000,-73089.421875
633,A2C,env2,1472000,-70350.125
634,A2C,env2,1480000,-69580.046875
635,A2C,env2,1488000,-66899.96875
636,A2C,env2,1496000,-62148.60546875
637,A2C,env2,1504000,-56431.1640625
638,A2C,env2,1512000,-53974.1640625
639,A2C,env2,1520000,-54422.59375
640,A2C,env2,1528000,-60122.55859375
641,A2C,env2,1536000,-56417.23828125
642,A2C,env2,1544000,-55818.40234375
643,A2C,env2,1552000,-52449.44921875
644,A2C,env2,1560000,-53960.98046875
645,A2C,env2,1568000,-51812.54296875
646,A2C,env2,1576000,-53418.67578125
647,A2C,env2,1584000,-54645.171875
648,A2C,env2,1592000,-59718.1640625
649,A2C,env2,1600000,-61216.98828125
650,A2C,env2,1608000,-65022.34375
651,A2C,env2,1616000,-73073.0546875
652,A2C,env2,1624000,-74667.71875
653,A2C,env2,1632000,-72241.71875
654,A2C,env2,1640000,-70402.328125
655,A2C,env2,1648000,-69659.6328125
656,A2C,env2,1656000,-72172.9921875
657,A2C,env2,1664000,-72734.515625
658,A2C,env2,1672000,-70054.453125
659,A2C,env2,1680000,-64380.9296875
660,A2C,env2,1688000,-64460.4140625
661,A2C,env2,1696000,-60743.29296875
662,A2C,env2,1704000,-55126.515625
663,A2C,env2,1712000,-56956.359375
664,A2C,env2,1720000,-52274.49609375
665,A2C,env2,1728000,-52109.54296875
666,A2C,env2,1736000,-46897.49609375
667,A2C,env2,1744000,-46527.96484375
668,A2C,env2,1752000,-43651.7890625
669,A2C,env2,1760000,-43501.39453125
670,A2C,env2,1768000,-43768.0625
671,A2C,env2,1776000,-39019.73046875
672,A2C,env2,1784000,-38345.7578125
673,A2C,env2,1792000,-37213.63671875
674,A2C,env2,1800000,-36771.0703125
675,A2C,env2,1808000,-33516.2890625
676,A2C,env2,1816000,-31898.814453125
677,A2C,env2,1824000,-32149.40234375
678,A2C,env2,1832000,-27512.330078125
679,A2C,env2,1840000,-23024.59375
680,A2C,env2,1848000,-18959.0
681,A2C,env2,1856000,-21101.732421875
682,A2C,env2,1864000,-21165.599609375
683,A2C,env2,1872000,-27955.91796875
684,A2C,env2,1880000,-33018.38671875
685,A2C,env2,1888000,-36052.12109375
686,A2C,env2,1896000,-58169.0703125
687,A2C,env2,1904000,-62112.0390625
688,A2C,env2,1912000,-64157.65625
689,A2C,env2,1920000,-71637.421875
690,A2C,env2,1928000,-72927.09375
691,A2C,env2,1936000,-75675.3359375
692,A2C,env2,1944000,-81818.3046875
693,A2C,env2,1952000,-80645.2578125
694,A2C,env2,1960000,-78676.2109375
695,A2C,env2,1968000,-77693.3359375
696,A2C,env2,1976000,-75833.0
697,A2C,env2,1984000,-75262.09375
698,A2C,env2,1992000,-70319.75
699,A2C,env2,2000000,-66767.1796875
700,A2C,env3,8000,-93022.6328125
701,A2C,env3,16000,-96254.609375
702,A2C,env3,24000,-96231.6875
703,A2C,env3,32000,-96533.2578125
704,A2C,env3,40000,-93690.7734375
705,A2C,env3,48000,-94102.828125
706,A2C,env3,56000,-90531.234375
707,A2C,env3,64000,-84468.5859375
708,A2C,env3,72000,-80345.484375
709,A2C,env3,80000,-75369.1328125
710,A2C,env3,88000,-68262.0859375
711,A2C,env3,96000,-68076.8359375
712,A2C,env3,104000,-65722.8359375
713,A2C,env3,112000,-61816.42578125
714,A2C,env3,120000,-54932.05078125
715,A2C,env3,128000,-50098.57421875
716,A2C,env3,136000,-60185.2265625
717,A2C,env3,144000,-64696.82421875
718,A2C,env3,152000,-66369.3984375
719,A2C,env3,160000,-63918.55078125
720,A2C,env3,168000,-65529.25
721,A2C,env3,176000,-67170.1640625
722,A2C,env3,184000,-67355.2265625
723,A2C,env3,192000,-71003.6640625
724,A2C,env3,200000,-68016.5859375
725,A2C,env3,208000,-67152.640625
726,A2C,env3,216000,-65419.5625
727,A2C,env3,224000,-63477.046875
728,A2C,env3,232000,-67175.8046875
729,A2C,env3,240000,-65917.8828125
730,A2C,env3,248000,-62512.6796875
731,A2C,env3,256000,-66493.4453125
732,A2C,env3,264000,-74905.0234375
733,A2C,env3,272000,-78834.5078125
734,A2C,env3,280000,-82550.7109375
735,A2C,env3,288000,-88182.8984375
736,A2C,env3,296000,-87604.984375
737,A2C,env3,304000,-84591.75
738,A2C,env3,312000,-87697.03125
739,A2C,env3,320000,-87672.40625
740,A2C,env3,328000,-84273.484375
741,A2C,env3,336000,-83263.46875
742,A2C,env3,344000,-84267.703125
743,A2C,env3,352000,-84667.3828125
744,A2C,env3,360000,-82150.96875
745,A2C,env3,368000,-84460.5390625
746,A2C,env3,376000,-88211.3359375
747,A2C,env3,384000,-87797.296875
748,A2C,env3,392000,-88848.6640625
749,A2C,env3,400000,-90597.8671875
750,A2C,env3,408000,-90490.921875
751,A2C,env3,416000,-90043.125
752,A2C,env3,424000,-93222.4453125
753,A2C,env3,432000,-93724.9375
754,A2C,env3,440000,-94098.890625
755,A2C,env3,448000,-92962.9296875
756,A2C,env3,456000,-92947.828125
757,A2C,env3,464000,-92214.328125
758,A2C,env3,472000,-91823.6796875
759,A2C,env3,480000,-91157.5703125
760,A2C,env3,488000,-91162.21875
761,A2C,env3,496000,-92539.6328125
762,A2C,env3,504000,-91844.3359375
763,A2C,env3,512000,-90993.75
764,A2C,env3,520000,-89869.8203125
765,A2C,env3,528000,-90363.8828125
766,A2C,env3,536000,-90186.125
767,A2C,env3,544000,-88713.84375
768,A2C,env3,552000,-88958.234375
769,A2C,env3,560000,-89079.921875
770,A2C,env3,568000,-87628.7421875
771,A2C,env3,576000,-88340.4375
772,A2C,env3,584000,-87167.8671875
773,A2C,env3,592000,-89125.5390625
774,A2C,env3,600000,-90089.6953125
775,A2C,env3,608000,-89357.53125
776,A2C,env3,616000,-87717.171875
777,A2C,env3,624000,-89579.1171875
778,A2C,env3,632000,-86206.1640625
779,A2C,env3,640000,-85476.28125
780,A2C,env3,648000,-86503.71875
781,A2C,env3,656000,-83313.6640625
782,A2C,env3,664000,-84768.359375
783,A2C,env3,672000,-85361.4140625
784,A2C,env3,680000,-86332.6796875
785,A2C,env3,688000,-85984.609375
786,A2C,env3,696000,-86611.7578125
787,A2C,env3,704000,-90412.8203125
788,A2C,env3,712000,-89297.9140625
789,A2C,env3,720000,-91332.25
790,A2C,env3,728000,-92354.96875
791,A2C,env3,736000,-92559.640625
792,A2C,env3,744000,-92953.34375
793,A2C,env3,752000,-93176.6953125
794,A2C,env3,760000,-89725.015625
795,A2C,env3,768000,-88444.5234375
796,A2C,env3,776000,-88708.390625
797,A2C,env3,784000,-87792.828125
798,A2C,env3,792000,-88499.75
799,A2C,env3,800000,-93637.1328125
800,A2C,env3,808000,-90768.140625
801,A2C,env3,816000,-88562.1171875
802,A2C,env3,824000,-88247.3203125
803,A2C,env3,832000,-87737.125
804,A2C,env3,840000,-89493.0546875
805,A2C,env3,848000,-92260.171875
806,A2C,env3,856000,-92708.7265625
807,A2C,env3,864000,-89803.484375
808,A2C,env3,872000,-88472.28125
809,A2C,env3,880000,-88676.6328125
810,A2C,env3,888000,-88288.0390625
811,A2C,env3,896000,-93748.9609375
812,A2C,env3,904000,-94741.46875
813,A2C,env3,912000,-95140.7109375
814,A2C,env3,920000,-94289.875
815,A2C,env3,928000,-93722.015625
816,A2C,env3,936000,-91745.0
817,A2C,env3,944000,-91184.96875
818,A2C,env3,952000,-91002.5546875
819,A2C,env3,960000,-90844.4765625
820,A2C,env3,968000,-93254.0234375
821,A2C,env3,976000,-94430.59375
822,A2C,env3,984000,-94804.765625
823,A2C,env3,992000,-95313.375
824,A2C,env3,1000000,-93616.75
825,A2C,env3,1008000,-93164.890625
826,A2C,env3,1016000,-90869.359375
827,A2C,env3,1024000,-93450.1484375
828,A2C,env3,1032000,-93670.6328125
829,A2C,env3,1040000,-94002.859375
830,A2C,env3,1048000,-94057.5
831,A2C,env3,1056000,-92411.9453125
832,A2C,env3,1064000,-92078.5859375
833,A2C,env3,1072000,-93111.140625
834,A2C,env3,1080000,-93718.4140625
835,A2C,env3,1088000,-93996.21875
836,A2C,env3,1096000,-94485.171875
837,A2C,env3,1104000,-94357.7421875
838,A2C,env3,1112000,-94830.1171875
839,A2C,env3,1120000,-94099.828125
840,A2C,env3,1128000,-93932.8671875
841,A2C,env3,1136000,-92307.9140625
842,A2C,env3,1144000,-91954.9609375
843,A2C,env3,1152000,-92093.9140625
844,A2C,env3,1160000,-91905.140625
845,A2C,env3,1168000,-91835.6171875
846,A2C,env3,1176000,-89776.8984375
847,A2C,env3,1184000,-91305.8203125
848,A2C,env3,1192000,-91436.875
849,A2C,env3,1200000,-92946.5234375
850,A2C,env3,1208000,-94459.125
851,A2C,env3,1216000,-95274.9453125
852,A2C,env3,1224000,-95872.1328125
853,A2C,env3,1232000,-96199.6328125
854,A2C,env3,1240000,-96306.0390625
855,A2C,env3,1248000,-96449.0859375
856,A2C,env3,1256000,-94999.75
857,A2C,env3,1264000,-92352.140625
858,A2C,env3,1272000,-91831.96875
859,A2C,env3,1280000,-92011.4453125
860,A2C,env3,1288000,-93313.8046875
861,A2C,env3,1296000,-94306.625
862,A2C,env3,1304000,-95746.5625
863,A2C,env3,1312000,-96141.578125
864,A2C,env3,1320000,-96661.75
865,A2C,env3,1328000,-95887.1640625
866,A2C,env3,1336000,-95541.453125
867,A2C,env3,1344000,-95413.8671875
868,A2C,env3,1352000,-95769.171875
869,A2C,env3,1360000,-95398.6640625
870,A2C,env3,1368000,-95760.21875
871,A2C,env3,1376000,-95751.8515625
872,A2C,env3,1384000,-95932.7265625
873,A2C,env3,1392000,-95177.15625
874,A2C,env3,1400000,-95254.96875
875,A2C,env3,1408000,-95515.5390625
876,A2C,env3,1416000,-96814.140625
877,A2C,env3,1424000,-96629.4296875
878,A2C,env3,1432000,-94961.1640625
879,A2C,env3,1440000,-94292.546875
880,A2C,env3,1448000,-95185.90625
881,A2C,env3,1456000,-95682.4609375
882,A2C,env3,1464000,-96417.2734375
883,A2C,env3,1472000,-95809.9765625
884,A2C,env3,1480000,-94531.84375
885,A2C,env3,1488000,-93492.1328125
886,A2C,env3,1496000,-94733.875
887,A2C,env3,1504000,-95768.2734375
888,A2C,env3,1512000,-95783.7109375
889,A2C,env3,1520000,-97010.390625
890,A2C,env3,1528000,-97411.09375
891,A2C,env3,1536000,-96968.0859375
892,A2C,env3,1544000,-96268.390625
893,A2C,env3,1552000,-95697.1328125
894,A2C,env3,1560000,-96039.640625
895,A2C,env3,1568000,-95853.546875
896,A2C,env3,1576000,-95738.03125
897,A2C,env3,1584000,-95933.171875
898,A2C,env3,1592000,-95741.9765625
899,A2C,env3,1600000,-95781.5078125
900,A2C,env3,1608000,-95276.0703125
901,A2C,env3,1616000,-95731.484375
902,A2C,env3,1624000,-96054.0390625
903,A2C,env3,1632000,-96222.9765625
904,A2C,env3,1640000,-96137.65625
905,A2C,env3,1648000,-96304.65625
906,A2C,env3,1656000,-96402.6953125
907,A2C,env3,1664000,-96687.7578125
908,A2C,env3,1672000,-96181.3828125
909,A2C,env3,1680000,-96922.703125
910,A2C,env3,1688000,-97632.625
911,A2C,env3,1696000,-97478.8125
912,A2C,env3,1704000,-97516.046875
913,A2C,env3,1712000,-97486.0234375
914,A2C,env3,1720000,-97144.9453125
915,A2C,env3,1728000,-95030.390625
916,A2C,env3,1736000,-97220.640625
917,A2C,env3,1744000,-97484.75
918,A2C,env3,1752000,-97867.1953125
919,A2C,env3,1760000,-97639.6015625
920,A2C,env3,1768000,-97698.453125
921,A2C,env3,1776000,-98098.78125
922,A2C,env3,1784000,-97958.8515625
923,A2C,env3,1792000,-97107.734375
924,A2C,env3,1800000,-96953.828125
925,A2C,env3,1808000,-96561.6796875
926,A2C,env3,1816000,-96393.546875
927,A2C,env3,1824000,-97892.015625
928,A2C,env3,1832000,-97818.7421875
929,A2C,env3,1840000,-97739.0546875
930,A2C,env3,1848000,-98161.109375
931,A2C,env3,1856000,-99263.9453125
932,A2C,env3,1864000,-98598.1796875
933,A2C,env3,1872000,-97748.9375
934,A2C,env3,1880000,-97857.734375
935,A2C,env3,1888000,-97248.5625
936,A2C,env3,1896000,-95842.015625
937,A2C,env3,1904000,-97191.7109375
938,A2C,env3,1912000,-97288.359375
939,A2C,env3,1920000,-97571.890625
940,A2C,env3,1928000,-98469.265625
941,A2C,env3,1936000,-98475.9296875
942,A2C,env3,1944000,-97575.734375
943,A2C,env3,1952000,-97616.3984375
944,A2C,env3,1960000,-98163.828125
945,A2C,env3,1968000,-98485.8125
946,A2C,env3,1976000,-97971.25
947,A2C,env3,1984000,-98583.5078125
948,A2C,env3,1992000,-98026.6328125
949,A2C,env3,2000000,-97680.515625
950,A2C,env4,8000,-98937.03125
951,A2C,env4,16000,-100898.6015625
952,A2C,env4,24000,-100122.953125
953,A2C,env4,32000,-96956.7421875
954,A2C,env4,40000,-93337.8125
955,A2C,env4,48000,-86045.9140625
956,A2C,env4,56000,-78798.7109375
957,A2C,env4,64000,-71542.7109375
958,A2C,env4,72000,-66950.796875
959,A2C,env4,80000,-62591.13671875
960,A2C,env4,88000,-58112.84765625
961,A2C,env4,96000,-51299.734375
962,A2C,env4,104000,-46336.26171875
963,A2C,env4,112000,-40231.4375
964,A2C,env4,120000,-38217.73046875
965,A2C,env4,128000,-35846.65625
966,A2C,env4,136000,-35846.65625
967,A2C,env4,144000,-37645.8046875
968,A2C,env4,152000,-45193.4921875
969,A2C,env4,160000,-51511.19140625
970,A2C,env4,168000,-54027.8046875
971,A2C,env4,176000,-61347.0546875
972,A2C,env4,184000,-62375.87890625
973,A2C,env4,192000,-68274.390625
974,A2C,env4,200000,-71892.5859375
975,A2C,env4,208000,-74778.453125
976,A2C,env4,216000,-72494.3515625
977,A2C,env4,224000,-75125.3125
978,A2C,env4,232000,-83750.078125
979,A2C,env4,240000,-86996.546875
980,A2C,env4,248000,-88873.7109375
981,A2C,env4,256000,-92081.890625
982,A2C,env4,264000,-92784.0
983,A2C,env4,272000,-89600.75
984,A2C,env4,280000,-87218.6328125
985,A2C,env4,288000,-89774.2421875
986,A2C,env4,296000,-87686.3984375
987,A2C,env4,304000,-86048.8671875
988,A2C,env4,312000,-88934.640625
989,A2C,env4,320000,-90670.359375
990,A2C,env4,328000,-94854.296875
991,A2C,env4,336000,-93705.109375
992,A2C,env4,344000,-89601.84375
993,A2C,env4,352000,-90677.953125
994,A2C,env4,360000,-91374.7265625
995,A2C,env4,368000,-96731.1015625
996,A2C,env4,376000,-96989.28125
997,A2C,env4,384000,-96460.6171875
998,A2C,env4,392000,-96482.3125
999,A2C,env4,400000,-95391.5625
1000,A2C,env4,408000,-95612.25
1001,A2C,env4,416000,-94269.140625
1002,A2C,env4,424000,-94756.203125
1003,A2C,env4,432000,-94880.65625
1004,A2C,env4,440000,-95487.3046875
1005,A2C,env4,448000,-96640.21875
1006,A2C,env4,456000,-96258.4453125
1007,A2C,env4,464000,-95097.1015625
1008,A2C,env4,472000,-93560.78125
1009,A2C,env4,480000,-94090.828125
1010,A2C,env4,488000,-93336.890625
1011,A2C,env4,496000,-95088.75
1012,A2C,env4,504000,-97021.53125
1013,A2C,env4,512000,-97900.015625
1014,A2C,env4,520000,-98357.3984375
1015,A2C,env4,528000,-97600.421875
1016,A2C,env4,536000,-98355.9609375
1017,A2C,env4,544000,-97913.4375
1018,A2C,env4,552000,-96576.8671875
1019,A2C,env4,560000,-96153.6796875
1020,A2C,env4,568000,-95908.546875
1021,A2C,env4,576000,-96480.3359375
1022,A2C,env4,584000,-96519.0546875
1023,A2C,env4,592000,-96932.328125
1024,A2C,env4,600000,-97788.125
1025,A2C,env4,608000,-97258.625
1026,A2C,env4,616000,-98152.1796875
1027,A2C,env4,624000,-96781.65625
1028,A2C,env4,632000,-97062.6484375
1029,A2C,env4,640000,-97459.2265625
1030,A2C,env4,648000,-97629.640625
1031,A2C,env4,656000,-98890.2734375
1032,A2C,env4,664000,-98420.8828125
1033,A2C,env4,672000,-97625.765625
1034,A2C,env4,680000,-96986.40625
1035,A2C,env4,688000,-96682.1640625
1036,A2C,env4,696000,-97271.1640625
1037,A2C,env4,704000,-94573.8203125
1038,A2C,env4,712000,-93964.3203125
1039,A2C,env4,720000,-94428.140625
1040,A2C,env4,728000,-95323.1953125
1041,A2C,env4,736000,-96896.6328125
1042,A2C,env4,744000,-97193.9765625
1043,A2C,env4,752000,-97106.390625
1044,A2C,env4,760000,-97208.7734375
1045,A2C,env4,768000,-97007.578125
1046,A2C,env4,776000,-97096.8828125
1047,A2C,env4,784000,-97317.59375
1048,A2C,env4,792000,-96639.7734375
1049,A2C,env4,800000,-96263.703125
1050,A2C,env4,808000,-95761.671875
1051,A2C,env4,816000,-95435.453125
1052,A2C,env4,824000,-95037.140625
1053,A2C,env4,832000,-94535.8515625
1054,A2C,env4,840000,-94423.8359375
1055,A2C,env4,848000,-94476.953125
1056,A2C,env4,856000,-94783.09375
1057,A2C,env4,864000,-95465.1328125
1058,A2C,env4,872000,-95091.9140625
1059,A2C,env4,880000,-94282.9453125
1060,A2C,env4,888000,-93644.3125
1061,A2C,env4,896000,-94446.4453125
1062,A2C,env4,904000,-94942.84375
1063,A2C,env4,912000,-94834.65625
1064,A2C,env4,920000,-95177.046875
1065,A2C,env4,928000,-96048.6328125
1066,A2C,env4,936000,-94909.0703125
1067,A2C,env4,944000,-94927.5234375
1068,A2C,env4,952000,-95516.0390625
1069,A2C,env4,960000,-96046.4453125
1070,A2C,env4,968000,-95471.9453125
1071,A2C,env4,976000,-96050.0
1072,A2C,env4,984000,-95670.015625
1073,A2C,env4,992000,-95753.9375
1074,A2C,env4,1000000,-96611.75
1075,A2C,env4,1008000,-96177.6953125
1076,A2C,env4,1016000,-94272.6171875
1077,A2C,env4,1024000,-94334.0078125
1078,A2C,env4,1032000,-95753.4140625
1079,A2C,env4,1040000,-96216.90625
1080,A2C,env4,1048000,-96233.8046875
1081,A2C,env4,1056000,-96169.3984375
1082,A2C,env4,1064000,-95789.7734375
1083,A2C,env4,1072000,-95779.234375
1084,A2C,env4,1080000,-96761.03125
1085,A2C,env4,1088000,-96950.3671875
1086,A2C,env4,1096000,-97997.171875
1087,A2C,env4,1104000,-97491.609375
1088,A2C,env4,1112000,-96997.5625
1089,A2C,env4,1120000,-97476.9296875
1090,A2C,env4,1128000,-96712.875
1091,A2C,env4,1136000,-96543.734375
1092,A2C,env4,1144000,-96521.9609375
1093,A2C,env4,1152000,-95612.953125
1094,A2C,env4,1160000,-95689.8125
1095,A2C,env4,1168000,-93580.140625
1096,A2C,env4,1176000,-94143.3984375
1097,A2C,env4,1184000,-96381.1328125
1098,A2C,env4,1192000,-95483.984375
1099,A2C,env4,1200000,-95836.59375
1100,A2C,env4,1208000,-97413.859375
1101,A2C,env4,1216000,-97522.9296875
1102,A2C,env4,1224000,-96326.328125
1103,A2C,env4,1232000,-96735.390625
1104,A2C,env4,1240000,-96570.390625
1105,A2C,env4,1248000,-96346.25
1106,A2C,env4,1256000,-96930.0703125
1107,A2C,env4,1264000,-96758.7734375
1108,A2C,env4,1272000,-96822.34375
1109,A2C,env4,1280000,-95746.8984375
1110,A2C,env4,1288000,-96240.0078125
1111,A2C,env4,1296000,-97309.90625
1112,A2C,env4,1304000,-96261.7421875
1113,A2C,env4,1312000,-96009.03125
1114,A2C,env4,1320000,-97259.46875
1115,A2C,env4,1328000,-97341.0
1116,A2C,env4,1336000,-96685.0390625
1117,A2C,env4,1344000,-97034.5703125
1118,A2C,env4,1352000,-96999.40625
1119,A2C,env4,1360000,-97888.875
1120,A2C,env4,1368000,-97350.859375
1121,A2C,env4,1376000,-95776.4453125
1122,A2C,env4,1384000,-95944.9609375
1123,A2C,env4,1392000,-96083.328125
1124,A2C,env4,1400000,-97104.0234375
1125,A2C,env4,1408000,-97634.1875
1126,A2C,env4,1416000,-96541.6875
1127,A2C,env4,1424000,-96822.171875
1128,A2C,env4,1432000,-94872.4375
1129,A2C,env4,1440000,-95352.875
1130,A2C,env4,1448000,-97866.7421875
1131,A2C,env4,1456000,-97465.0546875
1132,A2C,env4,1464000,-97632.8515625
1133,A2C,env4,1472000,-97319.125
1134,A2C,env4,1480000,-97182.15625
1135,A2C,env4,1488000,-97739.9921875
1136,A2C,env4,1496000,-97918.65625
1137,A2C,env4,1504000,-98467.7421875
1138,A2C,env4,1512000,-99125.703125
1139,A2C,env4,1520000,-97703.53125
1140,A2C,env4,1528000,-97579.984375
1141,A2C,env4,1536000,-97936.9453125
1142,A2C,env4,1544000,-98159.5625
1143,A2C,env4,1552000,-97713.90625
1144,A2C,env4,1560000,-97531.4765625
1145,A2C,env4,1568000,-97912.5078125
1146,A2C,env4,1576000,-98148.5078125
1147,A2C,env4,1584000,-97372.1953125
1148,A2C,env4,1592000,-96679.3984375
1149,A2C,env4,1600000,-97094.859375
1150,A2C,env4,1608000,-97126.796875
1151,A2C,env4,1616000,-97547.90625
1152,A2C,env4,1624000,-96943.7578125
1153,A2C,env4,1632000,-96787.078125
1154,A2C,env4,1640000,-97480.3671875
1155,A2C,env4,1648000,-97424.5546875
1156,A2C,env4,1656000,-97020.4609375
1157,A2C,env4,1664000,-97401.875
1158,A2C,env4,1672000,-97569.9453125
1159,A2C,env4,1680000,-97219.2578125
1160,A2C,env4,1688000,-97342.3515625
1161,A2C,env4,1696000,-96908.2421875
1162,A2C,env4,1704000,-97223.6171875
1163,A2C,env4,1712000,-97585.53125
1164,A2C,env4,1720000,-96512.390625
1165,A2C,env4,1728000,-97037.234375
1166,A2C,env4,1736000,-97508.34375
1167,A2C,env4,1744000,-97921.3359375
1168,A2C,env4,1752000,-97605.6015625
1169,A2C,env4,1760000,-97079.4296875
1170,A2C,env4,1768000,-97018.3203125
1171,A2C,env4,1776000,-97135.8828125
1172,A2C,env4,1784000,-97826.7421875
1173,A2C,env4,1792000,-97280.78125
1174,A2C,env4,1800000,-97604.3359375
1175,A2C,env4,1808000,-97134.1953125
1176,A2C,env4,1816000,-96875.703125
1177,A2C,env4,1824000,-98156.0
1178,A2C,env4,1832000,-97984.2109375
1179,A2C,env4,1840000,-97318.2734375
1180,A2C,env4,1848000,-97542.1640625
1181,A2C,env4,1856000,-96823.6640625
1182,A2C,env4,1864000,-96485.2578125
1183,A2C,env4,1872000,-97988.8359375
1184,A2C,env4,1880000,-97452.2578125
1185,A2C,env4,1888000,-96744.53125
1186,A2C,env4,1896000,-98017.875
1187,A2C,env4,1904000,-97781.2890625
1188,A2C,env4,1912000,-97083.640625
1189,A2C,env4,1920000,-96785.7421875
1190,A2C,env4,1928000,-96508.7890625
1191,A2C,env4,1936000,-97590.9921875
1192,A2C,env4,1944000,-96265.578125
1193,A2C,env4,1952000,-97775.09375
1194,A2C,env4,1960000,-97937.609375
1195,A2C,env4,1968000,-97222.1796875
1196,A2C,env4,1976000,-96093.453125
1197,A2C,env4,1984000,-97456.7734375
1198,A2C,env4,1992000,-97271.7734375
1199,A2C,env4,2000000,-96953.625
1200,A2C,env5,8000,-100334.3984375
1201,A2C,env5,16000,-100178.6015625
1202,A2C,env5,24000,-100171.203125
1203,A2C,env5,32000,-100189.203125
1204,A2C,env5,40000,-99049.921875
1205,A2C,env5,48000,-91494.796875
1206,A2C,env5,56000,-84280.0
1207,A2C,env5,64000,-77065.296875
1208,A2C,env5,72000,-72948.203125
1209,A2C,env5,80000,-68618.8984375
1210,A2C,env5,88000,-62873.73828125
1211,A2C,env5,96000,-63549.9921875
1212,A2C,env5,104000,-68454.9296875
1213,A2C,env5,112000,-73997.765625
1214,A2C,env5,120000,-77639.921875
1215,A2C,env5,128000,-85340.546875
1216,A2C,env5,136000,-94096.3828125
1217,A2C,env5,144000,-91413.546875
1218,A2C,env5,152000,-88287.578125
1219,A2C,env5,160000,-87004.15625
1220,A2C,env5,168000,-82117.1953125
1221,A2C,env5,176000,-79096.9921875
1222,A2C,env5,184000,-76534.3125
1223,A2C,env5,192000,-83706.9140625
1224,A2C,env5,200000,-85122.171875
1225,A2C,env5,208000,-81800.484375
1226,A2C,env5,216000,-85279.2109375
1227,A2C,env5,224000,-85557.921875
1228,A2C,env5,232000,-85356.1484375
1229,A2C,env5,240000,-84536.640625
1230,A2C,env5,248000,-82181.609375
1231,A2C,env5,256000,-84010.1875
1232,A2C,env5,264000,-88780.609375
1233,A2C,env5,272000,-88106.328125
1234,A2C,env5,280000,-86145.734375
1235,A2C,env5,288000,-87601.2734375
1236,A2C,env5,296000,-88137.5234375
1237,A2C,env5,304000,-87523.6875
1238,A2C,env5,312000,-89401.2734375
1239,A2C,env5,320000,-90260.1015625
1240,A2C,env5,328000,-91470.3984375
1241,A2C,env5,336000,-87763.2890625
1242,A2C,env5,344000,-90466.9375
1243,A2C,env5,352000,-91903.3984375
1244,A2C,env5,360000,-90696.5859375
1245,A2C,env5,368000,-89546.2734375
1246,A2C,env5,376000,-90795.015625
1247,A2C,env5,384000,-93695.53125
1248,A2C,env5,392000,-92023.8046875
1249,A2C,env5,400000,-94644.203125
1250,A2C,env5,408000,-95537.203125
1251,A2C,env5,416000,-95020.203125
1252,A2C,env5,424000,-94730.4609375
1253,A2C,env5,432000,-91959.6484375
1254,A2C,env5,440000,-90413.7890625
1255,A2C,env5,448000,-91272.921875
1256,A2C,env5,456000,-89425.234375
1257,A2C,env5,464000,-88367.109375
1258,A2C,env5,472000,-89705.234375
1259,A2C,env5,480000,-93440.9609375
1260,A2C,env5,488000,-93010.7734375
1261,A2C,env5,496000,-88090.484375
1262,A2C,env5,504000,-84203.1328125
1263,A2C,env5,512000,-82421.9453125
1264,A2C,env5,520000,-82826.09375
1265,A2C,env5,528000,-80819.140625
1266,A2C,env5,536000,-81250.875
1267,A2C,env5,544000,-87289.65625
1268,A2C,env5,552000,-91603.03125
1269,A2C,env5,560000,-93754.1796875
1270,A2C,env5,568000,-93357.328125
1271,A2C,env5,576000,-96162.9765625
1272,A2C,env5,584000,-96472.7265625
1273,A2C,env5,592000,-97992.2265625
1274,A2C,env5,600000,-97015.9921875
1275,A2C,env5,608000,-97169.9140625
1276,A2C,env5,616000,-97479.265625
1277,A2C,env5,624000,-98123.6015625
1278,A2C,env5,632000,-99092.4609375
1279,A2C,env5,640000,-100519.1640625
1280,A2C,env5,648000,-100977.46875
1281,A2C,env5,656000,-100699.4765625
1282,A2C,env5,664000,-100658.9609375
1283,A2C,env5,672000,-100518.5625
1284,A2C,env5,680000,-98985.1015625
1285,A2C,env5,688000,-97629.8671875
1286,A2C,env5,696000,-97600.5859375
1287,A2C,env5,704000,-97352.5234375
1288,A2C,env5,712000,-98236.125
1289,A2C,env5,720000,-98948.34375
1290,A2C,env5,728000,-99411.453125
1291,A2C,env5,736000,-97675.2109375
1292,A2C,env5,744000,-95631.09375
1293,A2C,env5,752000,-94403.5703125
1294,A2C,env5,760000,-93930.4140625
1295,A2C,env5,768000,-93837.7734375
1296,A2C,env5,776000,-96804.9375
1297,A2C,env5,784000,-96733.46875
1298,A2C,env5,792000,-96633.65625
1299,A2C,env5,800000,-97233.578125
1300,A2C,env5,808000,-96571.96875
1301,A2C,env5,816000,-97558.109375
1302,A2C,env5,824000,-97334.6640625
1303,A2C,env5,832000,-97817.28125
1304,A2C,env5,840000,-96870.140625
1305,A2C,env5,848000,-97053.8359375
1306,A2C,env5,856000,-97254.5390625
1307,A2C,env5,864000,-97535.7890625
1308,A2C,env5,872000,-97234.734375
1309,A2C,env5,880000,-96938.515625
1310,A2C,env5,888000,-95960.84375
1311,A2C,env5,896000,-96569.1875
1312,A2C,env5,904000,-97173.59375
1313,A2C,env5,912000,-97417.71875
1314,A2C,env5,920000,-98035.546875
1315,A2C,env5,928000,-98288.171875
1316,A2C,env5,936000,-98563.96875
1317,A2C,env5,944000,-98647.8046875
1318,A2C,env5,952000,-98460.828125
1319,A2C,env5,960000,-97754.0546875
1320,A2C,env5,968000,-97782.0
1321,A2C,env5,976000,-98195.4921875
1322,A2C,env5,984000,-98523.8828125
1323,A2C,env5,992000,-98283.2421875
1324,A2C,env5,1000000,-97392.9140625
1325,A2C,env5,1008000,-96518.5859375
1326,A2C,env5,1016000,-96731.875
1327,A2C,env5,1024000,-97783.9921875
1328,A2C,env5,1032000,-97983.4609375
1329,A2C,env5,1040000,-97929.765625
1330,A2C,env5,1048000,-98301.09375
1331,A2C,env5,1056000,-97906.1640625
1332,A2C,env5,1064000,-97698.8359375
1333,A2C,env5,1072000,-97288.7734375
1334,A2C,env5,1080000,-96299.1640625
1335,A2C,env5,1088000,-97472.9765625
1336,A2C,env5,1096000,-98005.4453125
1337,A2C,env5,1104000,-96894.484375
1338,A2C,env5,1112000,-97714.171875
1339,A2C,env5,1120000,-98418.1640625
1340,A2C,env5,1128000,-98024.4140625
1341,A2C,env5,1136000,-97454.0390625
1342,A2C,env5,1144000,-96172.84375
1343,A2C,env5,1152000,-95753.96875
1344,A2C,env5,1160000,-97492.4375
1345,A2C,env5,1168000,-97096.953125
1346,A2C,env5,1176000,-97153.203125
1347,A2C,env5,1184000,-97130.703125
1348,A2C,env5,1192000,-98612.3125
1349,A2C,env5,1200000,-98125.328125
1350,A2C,env5,1208000,-97643.140625
1351,A2C,env5,1216000,-94822.1328125
1352,A2C,env5,1224000,-94538.0390625
1353,A2C,env5,1232000,-97351.2421875
1354,A2C,env5,1240000,-97079.234375
1355,A2C,env5,1248000,-97357.8515625
1356,A2C,env5,1256000,-97323.734375
1357,A2C,env5,1264000,-97303.421875
1358,A2C,env5,1272000,-96978.1171875
1359,A2C,env5,1280000,-97643.171875
1360,A2C,env5,1288000,-98452.328125
1361,A2C,env5,1296000,-98704.7734375
1362,A2C,env5,1304000,-97129.9140625
1363,A2C,env5,1312000,-96426.171875
1364,A2C,env5,1320000,-97344.8359375
1365,A2C,env5,1328000,-98232.5390625
1366,A2C,env5,1336000,-97256.0078125
1367,A2C,env5,1344000,-96397.0078125
1368,A2C,env5,1352000,-96937.8984375
1369,A2C,env5,1360000,-96624.2265625
1370,A2C,env5,1368000,-96971.6796875
1371,A2C,env5,1376000,-97358.515625
1372,A2C,env5,1384000,-96509.0390625
1373,A2C,env5,1392000,-96692.296875
1374,A2C,env5,1400000,-96728.4140625
1375,A2C,env5,1408000,-96526.0390625
1376,A2C,env5,1416000,-97303.265625
1377,A2C,env5,1424000,-96728.078125
1378,A2C,env5,1432000,-97238.8671875
1379,A2C,env5,1440000,-96987.0546875
1380,A2C,env5,1448000,-97437.5703125
1381,A2C,env5,1456000,-97986.0234375
1382,A2C,env5,1464000,-97409.5546875
1383,A2C,env5,1472000,-97241.390625
1384,A2C,env5,1480000,-97904.328125
1385,A2C,env5,1488000,-97275.84375
1386,A2C,env5,1496000,-97326.53125
1387,A2C,env5,1504000,-97062.0390625
1388,A2C,env5,1512000,-97380.5625
1389,A2C,env5,1520000,-97288.984375
1390,A2C,env5,1528000,-98094.984375
1391,A2C,env5,1536000,-97674.0546875
1392,A2C,env5,1544000,-96612.9140625
1393,A2C,env5,1552000,-97005.6953125
1394,A2C,env5,1560000,-97339.515625
1395,A2C,env5,1568000,-94407.09375
1396,A2C,env5,1576000,-94682.203125
1397,A2C,env5,1584000,-94510.6953125
1398,A2C,env5,1592000,-93524.6484375
1399,A2C,env5,1600000,-94537.0234375
1400,A2C,env5,1608000,-97675.2109375
1401,A2C,env5,1616000,-96999.578125
1402,A2C,env5,1624000,-96090.0234375
1403,A2C,env5,1632000,-96428.3203125
1404,A2C,env5,1640000,-96744.6484375
1405,A2C,env5,1648000,-97872.1875
1406,A2C,env5,1656000,-98406.3984375
1407,A2C,env5,1664000,-97714.4375
1408,A2C,env5,1672000,-96663.25
1409,A2C,env5,1680000,-97500.515625
1410,A2C,env5,1688000,-96527.546875
1411,A2C,env5,1696000,-96607.9140625
1412,A2C,env5,1704000,-95806.4375
1413,A2C,env5,1712000,-97276.4453125
1414,A2C,env5,1720000,-96786.046875
1415,A2C,env5,1728000,-97502.0859375
1416,A2C,env5,1736000,-97578.3828125
1417,A2C,env5,1744000,-96867.1171875
1418,A2C,env5,1752000,-96165.453125
1419,A2C,env5,1760000,-96432.6171875
1420,A2C,env5,1768000,-96854.71875
1421,A2C,env5,1776000,-97402.5
1422,A2C,env5,1784000,-97270.453125
1423,A2C,env5,1792000,-97275.5
1424,A2C,env5,1800000,-97042.3828125
1425,A2C,env5,1808000,-96342.3984375
1426,A2C,env5,1816000,-96686.203125
1427,A2C,env5,1824000,-97152.9375
1428,A2C,env5,1832000,-97125.625
1429,A2C,env5,1840000,-97259.2109375
1430,A2C,env5,1848000,-97940.078125
1431,A2C,env5,1856000,-96407.796875
1432,A2C,env5,1864000,-96348.71875
1433,A2C,env5,1872000,-97131.1953125
1434,A2C,env5,1880000,-97711.328125
1435,A2C,env5,1888000,-97466.9921875
1436,A2C,env5,1896000,-96871.2109375
1437,A2C,env5,1904000,-96991.7421875
1438,A2C,env5,1912000,-97297.65625
1439,A2C,env5,1920000,-95869.4375
1440,A2C,env5,1928000,-96105.2109375
1441,A2C,env5,1936000,-96980.7734375
1442,A2C,env5,1944000,-96832.203125
1443,A2C,env5,1952000,-97043.5859375
1444,A2C,env5,1960000,-96553.9609375
1445,A2C,env5,1968000,-96838.984375
1446,A2C,env5,1976000,-97456.046875
1447,A2C,env5,1984000,-96621.5546875
1448,A2C,env5,1992000,-96634.6328125
1449,A2C,env5,2000000,-96922.0
1450,A2C,env6,8000,-96389.5625
1451,A2C,env6,16000,-90232.53125
1452,A2C,env6,24000,-83020.6171875
1453,A2C,env6,32000,-76998.296875
1454,A2C,env6,40000,-70462.75
1455,A2C,env6,48000,-63338.8515625
1456,A2C,env6,56000,-58207.75
1457,A2C,env6,64000,-53845.75
1458,A2C,env6,72000,-49624.05078125
1459,A2C,env6,80000,-44391.3515625
1460,A2C,env6,88000,-52760.875
1461,A2C,env6,96000,-76301.921875
1462,A2C,env6,104000,-86503.125
1463,A2C,env6,112000,-84513.5234375
1464,A2C,env6,120000,-83792.0234375
1465,A2C,env6,128000,-85550.546875
1466,A2C,env6,136000,-79992.828125
1467,A2C,env6,144000,-79062.703125
1468,A2C,env6,152000,-74065.2734375
1469,A2C,env6,160000,-72371.3984375
1470,A2C,env6,168000,-76901.6953125
1471,A2C,env6,176000,-85348.7421875
1472,A2C,env6,184000,-90456.046875
1473,A2C,env6,192000,-95800.375
1474,A2C,env6,200000,-95159.5625
1475,A2C,env6,208000,-93628.21875
1476,A2C,env6,216000,-93022.9921875
1477,A2C,env6,224000,-93421.515625
1478,A2C,env6,232000,-93398.6015625
1479,A2C,env6,240000,-94149.8828125
1480,A2C,env6,248000,-93337.6640625
1481,A2C,env6,256000,-95133.90625
1482,A2C,env6,264000,-95850.578125
1483,A2C,env6,272000,-97488.8984375
1484,A2C,env6,280000,-98418.6484375
1485,A2C,env6,288000,-97584.5234375
1486,A2C,env6,296000,-97188.0703125
1487,A2C,env6,304000,-95925.828125
1488,A2C,env6,312000,-96599.6171875
1489,A2C,env6,320000,-95639.1875
1490,A2C,env6,328000,-94384.671875
1491,A2C,env6,336000,-94485.453125
1492,A2C,env6,344000,-95661.1484375
1493,A2C,env6,352000,-95672.0078125
1494,A2C,env6,360000,-96615.40625
1495,A2C,env6,368000,-97060.546875
1496,A2C,env6,376000,-97168.2421875
1497,A2C,env6,384000,-97443.4921875
1498,A2C,env6,392000,-96073.578125
1499,A2C,env6,400000,-95828.234375
1500,A2C,env6,408000,-97503.21875
1501,A2C,env6,416000,-97369.2734375
1502,A2C,env6,424000,-97550.1484375
1503,A2C,env6,432000,-97090.8515625
1504,A2C,env6,440000,-98324.28125
1505,A2C,env6,448000,-98406.5546875
1506,A2C,env6,456000,-99051.578125
1507,A2C,env6,464000,-98485.453125
1508,A2C,env6,472000,-98139.203125
1509,A2C,env6,480000,-97332.125
1510,A2C,env6,488000,-96875.046875
1511,A2C,env6,496000,-97195.125
1512,A2C,env6,504000,-96653.671875
1513,A2C,env6,512000,-97832.9296875
1514,A2C,env6,520000,-97828.0078125
1515,A2C,env6,528000,-98430.6015625
1516,A2C,env6,536000,-97889.4765625
1517,A2C,env6,544000,-98117.7265625
1518,A2C,env6,552000,-97682.2109375
1519,A2C,env6,560000,-97972.6953125
1520,A2C,env6,568000,-98419.90625
1521,A2C,env6,576000,-98859.953125
1522,A2C,env6,584000,-99144.046875
1523,A2C,env6,592000,-98870.1875
1524,A2C,env6,600000,-98535.8125
1525,A2C,env6,608000,-97464.40625
1526,A2C,env6,616000,-96943.734375
1527,A2C,env6,624000,-96726.71875
1528,A2C,env6,632000,-97496.75
1529,A2C,env6,640000,-98019.796875
1530,A2C,env6,648000,-99038.078125
1531,A2C,env6,656000,-98590.296875
1532,A2C,env6,664000,-98525.9609375
1533,A2C,env6,672000,-98626.109375
1534,A2C,env6,680000,-99077.8046875
1535,A2C,env6,688000,-99270.1015625
1536,A2C,env6,696000,-98629.4296875
1537,A2C,env6,704000,-98358.578125
1538,A2C,env6,712000,-98298.3515625
1539,A2C,env6,720000,-98352.125
1540,A2C,env6,728000,-98944.9609375
1541,A2C,env6,736000,-98974.359375
1542,A2C,env6,744000,-98697.296875
1543,A2C,env6,752000,-98648.65625
1544,A2C,env6,760000,-98867.3828125
1545,A2C,env6,768000,-98667.078125
1546,A2C,env6,776000,-98576.5703125
1547,A2C,env6,784000,-98579.7265625
1548,A2C,env6,792000,-98615.8359375
1549,A2C,env6,800000,-99570.046875
1550,A2C,env6,808000,-99890.8671875
1551,A2C,env6,816000,-99041.0078125
1552,A2C,env6,824000,-99341.875
1553,A2C,env6,832000,-100101.625
1554,A2C,env6,840000,-99709.828125
1555,A2C,env6,848000,-99770.25
1556,A2C,env6,856000,-99082.796875
1557,A2C,env6,864000,-98555.140625
1558,A2C,env6,872000,-99036.3515625
1559,A2C,env6,880000,-99277.40625
1560,A2C,env6,888000,-99345.484375
1561,A2C,env6,896000,-99614.2890625
1562,A2C,env6,904000,-99419.875
1563,A2C,env6,912000,-99920.2265625
1564,A2C,env6,920000,-99617.9765625
1565,A2C,env6,928000,-99192.4765625
1566,A2C,env6,936000,-99497.015625
1567,A2C,env6,944000,-99366.2109375
1568,A2C,env6,952000,-99563.890625
1569,A2C,env6,960000,-99461.75
1570,A2C,env6,968000,-99803.6640625
1571,A2C,env6,976000,-99412.0859375
1572,A2C,env6,984000,-99494.3125
1573,A2C,env6,992000,-99263.25
1574,A2C,env6,1000000,-99755.828125
1575,A2C,env6,1008000,-99033.0078125
1576,A2C,env6,1016000,-99691.203125
1577,A2C,env6,1024000,-99789.7890625
1578,A2C,env6,1032000,-99280.734375
1579,A2C,env6,1040000,-99222.328125
1580,A2C,env6,1048000,-99400.2109375
1581,A2C,env6,1056000,-99429.9609375
1582,A2C,env6,1064000,-99315.609375
1583,A2C,env6,1072000,-98791.015625
1584,A2C,env6,1080000,-99318.671875
1585,A2C,env6,1088000,-99836.0625
1586,A2C,env6,1096000,-99694.5234375
1587,A2C,env6,1104000,-99627.578125
1588,A2C,env6,1112000,-99640.453125
1589,A2C,env6,1120000,-99520.078125
1590,A2C,env6,1128000,-99558.2265625
1591,A2C,env6,1136000,-100328.109375
1592,A2C,env6,1144000,-99945.453125
1593,A2C,env6,1152000,-99695.5390625
1594,A2C,env6,1160000,-99880.328125
1595,A2C,env6,1168000,-100566.5859375
1596,A2C,env6,1176000,-100165.4453125
1597,A2C,env6,1184000,-99770.46875
1598,A2C,env6,1192000,-100294.953125
1599,A2C,env6,1200000,-99666.2890625
1600,A2C,env6,1208000,-99647.6015625
1601,A2C,env6,1216000,-99366.3515625
1602,A2C,env6,1224000,-99042.7421875
1603,A2C,env6,1232000,-99639.4453125
1604,A2C,env6,1240000,-100102.2734375
1605,A2C,env6,1248000,-99898.0234375
1606,A2C,env6,1256000,-100239.796875
1607,A2C,env6,1264000,-99931.1015625
1608,A2C,env6,1272000,-99604.2109375
1609,A2C,env6,1280000,-99650.71875
1610,A2C,env6,1288000,-99829.734375
1611,A2C,env6,1296000,-99594.0546875
1612,A2C,env6,1304000,-99342.8828125
1613,A2C,env6,1312000,-99101.734375
1614,A2C,env6,1320000,-99583.8359375
1615,A2C,env6,1328000,-99436.734375
1616,A2C,env6,1336000,-99080.1640625
1617,A2C,env6,1344000,-99153.4296875
1618,A2C,env6,1352000,-99627.734375
1619,A2C,env6,1360000,-99284.125
1620,A2C,env6,1368000,-99027.125
1621,A2C,env6,1376000,-99426.3828125
1622,A2C,env6,1384000,-99543.1796875
1623,A2C,env6,1392000,-99352.3359375
1624,A2C,env6,1400000,-99722.1484375
1625,A2C,env6,1408000,-99262.5859375
1626,A2C,env6,1416000,-99087.921875
1627,A2C,env6,1424000,-99861.1328125
1628,A2C,env6,1432000,-99232.125
1629,A2C,env6,1440000,-99244.7265625
1630,A2C,env6,1448000,-100175.7265625
1631,A2C,env6,1456000,-99645.984375
1632,A2C,env6,1464000,-99126.015625
1633,A2C,env6,1472000,-99570.703125
1634,A2C,env6,1480000,-99164.953125
1635,A2C,env6,1488000,-99867.421875
1636,A2C,env6,1496000,-99545.9765625
1637,A2C,env6,1504000,-99028.3359375
1638,A2C,env6,1512000,-98782.125
1639,A2C,env6,1520000,-98945.703125
1640,A2C,env6,1528000,-99489.1875
1641,A2C,env6,1536000,-99374.296875
1642,A2C,env6,1544000,-99279.9921875
1643,A2C,env6,1552000,-99323.46875
1644,A2C,env6,1560000,-99598.328125
1645,A2C,env6,1568000,-99490.171875
1646,A2C,env6,1576000,-99559.21875
1647,A2C,env6,1584000,-99409.6875
1648,A2C,env6,1592000,-99550.6015625
1649,A2C,env6,1600000,-99251.1796875
1650,A2C,env6,1608000,-99518.2890625
1651,A2C,env6,1616000,-99330.328125
1652,A2C,env6,1624000,-99307.875
1653,A2C,env6,1632000,-99260.5859375
1654,A2C,env6,1640000,-98187.9609375
1655,A2C,env6,1648000,-98308.3515625
1656,A2C,env6,1656000,-98788.2265625
1657,A2C,env6,1664000,-99425.8515625
1658,A2C,env6,1672000,-99358.875
1659,A2C,env6,1680000,-99392.8046875
1660,A2C,env6,1688000,-99288.9609375
1661,A2C,env6,1696000,-99386.6796875
1662,A2C,env6,1704000,-99085.09375
1663,A2C,env6,1712000,-98796.8046875
1664,A2C,env6,1720000,-99011.671875
1665,A2C,env6,1728000,-99478.875
1666,A2C,env6,1736000,-99028.8125
1667,A2C,env6,1744000,-98590.6796875
1668,A2C,env6,1752000,-99211.6328125
1669,A2C,env6,1760000,-99478.6484375
1670,A2C,env6,1768000,-99061.3359375
1671,A2C,env6,1776000,-99074.59375
1672,A2C,env6,1784000,-99025.53125
1673,A2C,env6,1792000,-99698.0390625
1674,A2C,env6,1800000,-98861.578125
1675,A2C,env6,1808000,-99487.53125
1676,A2C,env6,1816000,-99783.5390625
1677,A2C,env6,1824000,-99452.6640625
1678,A2C,env6,1832000,-99306.7890625
1679,A2C,env6,1840000,-99713.046875
1680,A2C,env6,1848000,-99065.078125
1681,A2C,env6,1856000,-98711.2890625
1682,A2C,env6,1864000,-98944.40625
1683,A2C,env6,1872000,-99105.078125
1684,A2C,env6,1880000,-99137.5390625
1685,A2C,env6,1888000,-99560.9296875
1686,A2C,env6,1896000,-99344.0234375
1687,A2C,env6,1904000,-99245.890625
1688,A2C,env6,1912000,-99296.046875
1689,A2C,env6,1920000,-99236.046875
1690,A2C,env6,1928000,-99129.09375
1691,A2C,env6,1936000,-98896.1875
1692,A2C,env6,1944000,-99286.5625
1693,A2C,env6,1952000,-98832.46875
1694,A2C,env6,1960000,-98157.609375
1695,A2C,env6,1968000,-99214.7890625
1696,A2C,env6,1976000,-99809.4453125
1697,A2C,env6,1984000,-99487.6875
1698,A2C,env6,1992000,-98915.53125
1699,A2C,env6,2000000,-98918.4765625
1700,A2C,env7,8000,-94588.0546875
1701,A2C,env7,16000,-93282.40625
1702,A2C,env7,24000,-90812.1015625
1703,A2C,env7,32000,-84595.9296875
1704,A2C,env7,40000,-81427.3515625
1705,A2C,env7,48000,-80162.7578125
1706,A2C,env7,56000,-75425.1328125
1707,A2C,env7,64000,-72050.0234375
1708,A2C,env7,72000,-68402.5546875
1709,A2C,env7,80000,-65374.2578125
1710,A2C,env7,88000,-79659.078125
1711,A2C,env7,96000,-85239.3671875
1712,A2C,env7,104000,-92962.6171875
1713,A2C,env7,112000,-91183.9609375
1714,A2C,env7,120000,-90954.9453125
1715,A2C,env7,128000,-89956.296875
1716,A2C,env7,136000,-90010.078125
1717,A2C,env7,144000,-91516.46875
1718,A2C,env7,152000,-86590.015625
1719,A2C,env7,160000,-80134.765625
1720,A2C,env7,168000,-76699.765625
1721,A2C,env7,176000,-77581.078125
1722,A2C,env7,184000,-78656.0078125
1723,A2C,env7,192000,-93214.4296875
1724,A2C,env7,200000,-90927.328125
1725,A2C,env7,208000,-89097.8671875
1726,A2C,env7,216000,-86125.0
1727,A2C,env7,224000,-82340.90625
1728,A2C,env7,232000,-80850.015625
1729,A2C,env7,240000,-75226.234375
1730,A2C,env7,248000,-76991.828125
1731,A2C,env7,256000,-73899.53125
1732,A2C,env7,264000,-77380.859375
1733,A2C,env7,272000,-85511.609375
1734,A2C,env7,280000,-88856.390625
1735,A2C,env7,288000,-88494.5859375
1736,A2C,env7,296000,-91387.5234375
1737,A2C,env7,304000,-90381.1171875
1738,A2C,env7,312000,-87379.265625
1739,A2C,env7,320000,-84244.21875
1740,A2C,env7,328000,-80919.8359375
1741,A2C,env7,336000,-76325.59375
1742,A2C,env7,344000,-73697.875
1743,A2C,env7,352000,-73822.1171875
1744,A2C,env7,360000,-77493.390625
1745,A2C,env7,368000,-86086.296875
1746,A2C,env7,376000,-85323.5546875
1747,A2C,env7,384000,-89120.265625
1748,A2C,env7,392000,-89549.9453125
1749,A2C,env7,400000,-88348.390625
1750,A2C,env7,408000,-85210.625
1751,A2C,env7,416000,-83902.3515625
1752,A2C,env7,424000,-83644.3125
1753,A2C,env7,432000,-83705.9296875
1754,A2C,env7,440000,-76960.3984375
1755,A2C,env7,448000,-74768.7265625
1756,A2C,env7,456000,-83488.59375
1757,A2C,env7,464000,-83881.4609375
1758,A2C,env7,472000,-79172.3671875
1759,A2C,env7,480000,-74165.6171875
1760,A2C,env7,488000,-75151.171875
1761,A2C,env7,496000,-80145.75
1762,A2C,env7,504000,-77598.421875
1763,A2C,env7,512000,-87408.2578125
1764,A2C,env7,520000,-90483.3046875
1765,A2C,env7,528000,-91150.765625
1766,A2C,env7,536000,-93135.7109375
1767,A2C,env7,544000,-92940.578125
1768,A2C,env7,552000,-92015.03125
1769,A2C,env7,560000,-90051.78125
1770,A2C,env7,568000,-86396.8515625
1771,A2C,env7,576000,-83363.4609375
1772,A2C,env7,584000,-79914.5078125
1773,A2C,env7,592000,-73655.265625
1774,A2C,env7,600000,-68308.8359375
1775,A2C,env7,608000,-70192.6796875
1776,A2C,env7,616000,-71063.8203125
1777,A2C,env7,624000,-74673.8828125
1778,A2C,env7,632000,-79171.8203125
1779,A2C,env7,640000,-89991.421875
1780,A2C,env7,648000,-92727.7734375
1781,A2C,env7,656000,-93939.625
1782,A2C,env7,664000,-88687.703125
1783,A2C,env7,672000,-84603.75
1784,A2C,env7,680000,-79462.578125
1785,A2C,env7,688000,-74427.6484375
1786,A2C,env7,696000,-67024.2734375
1787,A2C,env7,704000,-63132.8515625
1788,A2C,env7,712000,-61089.140625
1789,A2C,env7,720000,-56296.61328125
1790,A2C,env7,728000,-57529.58984375
1791,A2C,env7,736000,-69490.5703125
1792,A2C,env7,744000,-72563.6640625
1793,A2C,env7,752000,-80471.5546875
1794,A2C,env7,760000,-81328.8203125
1795,A2C,env7,768000,-77677.84375
1796,A2C,env7,776000,-80614.6171875
1797,A2C,env7,784000,-78924.609375
1798,A2C,env7,792000,-75274.828125
1799,A2C,env7,800000,-71759.671875
1800,A2C,env7,808000,-66978.2265625
1801,A2C,env7,816000,-62425.1875
1802,A2C,env7,824000,-58582.62890625
1803,A2C,env7,832000,-56229.3203125
1804,A2C,env7,840000,-50465.234375
1805,A2C,env7,848000,-44823.05859375
1806,A2C,env7,856000,-39399.36328125
1807,A2C,env7,864000,-33631.48828125
1808,A2C,env7,872000,-29364.416015625
1809,A2C,env7,880000,-23008.314453125
1810,A2C,env7,888000,-19831.43359375
1811,A2C,env7,896000,-17763.849609375
1812,A2C,env7,904000,-18614.892578125
1813,A2C,env7,912000,-17497.7578125
1814,A2C,env7,920000,-15861.408203125
1815,A2C,env7,928000,-18244.283203125
1816,A2C,env7,936000,-23556.283203125
1817,A2C,env7,944000,-30026.849609375
1818,A2C,env7,952000,-35820.91015625
1819,A2C,env7,960000,-44600.1953125
1820,A2C,env7,968000,-58989.8125
1821,A2C,env7,976000,-64081.62109375
1822,A2C,env7,984000,-70809.9921875
1823,A2C,env7,992000,-77204.9921875
1824,A2C,env7,1000000,-81675.453125
1825,A2C,env7,1008000,-84035.3046875
1826,A2C,env7,1016000,-87320.828125
1827,A2C,env7,1024000,-90093.234375
1828,A2C,env7,1032000,-92559.0
1829,A2C,env7,1040000,-94197.546875
1830,A2C,env7,1048000,-90098.6171875
1831,A2C,env7,1056000,-87750.84375
1832,A2C,env7,1064000,-85441.0234375
1833,A2C,env7,1072000,-83895.6875
1834,A2C,env7,1080000,-78997.0234375
1835,A2C,env7,1088000,-81483.5
1836,A2C,env7,1096000,-86151.6953125
1837,A2C,env7,1104000,-87398.609375
1838,A2C,env7,1112000,-88363.1796875
1839,A2C,env7,1120000,-87506.75
1840,A2C,env7,1128000,-84459.09375
1841,A2C,env7,1136000,-82931.3046875
1842,A2C,env7,1144000,-82502.5
1843,A2C,env7,1152000,-82875.0546875
1844,A2C,env7,1160000,-82083.015625
1845,A2C,env7,1168000,-83369.9609375
1846,A2C,env7,1176000,-86953.5703125
1847,A2C,env7,1184000,-89473.03125
1848,A2C,env7,1192000,-92060.515625
1849,A2C,env7,1200000,-91576.625
1850,A2C,env7,1208000,-89738.7734375
1851,A2C,env7,1216000,-86700.8828125
1852,A2C,env7,1224000,-86908.7578125
1853,A2C,env7,1232000,-85523.40625
1854,A2C,env7,1240000,-85051.4140625
1855,A2C,env7,1248000,-82324.0859375
1856,A2C,env7,1256000,-80425.625
1857,A2C,env7,1264000,-83189.9140625
1858,A2C,env7,1272000,-87295.53125
1859,A2C,env7,1280000,-86701.0859375
1860,A2C,env7,1288000,-92591.3046875
1861,A2C,env7,1296000,-93574.484375
1862,A2C,env7,1304000,-92382.5234375
1863,A2C,env7,1312000,-95027.046875
1864,A2C,env7,1320000,-95399.3671875
1865,A2C,env7,1328000,-95302.609375
1866,A2C,env7,1336000,-95289.1484375
1867,A2C,env7,1344000,-95105.796875
1868,A2C,env7,1352000,-94934.0234375
1869,A2C,env7,1360000,-95596.25
1870,A2C,env7,1368000,-95389.0078125
1871,A2C,env7,1376000,-94775.5546875
1872,A2C,env7,1384000,-92443.8203125
1873,A2C,env7,1392000,-88871.671875
1874,A2C,env7,1400000,-83447.8984375
1875,A2C,env7,1408000,-83114.8828125
1876,A2C,env7,1416000,-80353.5234375
1877,A2C,env7,1424000,-80884.0078125
1878,A2C,env7,1432000,-82842.3203125
1879,A2C,env7,1440000,-82595.0390625
1880,A2C,env7,1448000,-85531.3046875
1881,A2C,env7,1456000,-84645.1875
1882,A2C,env7,1464000,-85703.3203125
1883,A2C,env7,1472000,-86115.984375
1884,A2C,env7,1480000,-83994.7734375
1885,A2C,env7,1488000,-85131.484375
1886,A2C,env7,1496000,-84585.109375
1887,A2C,env7,1504000,-82512.09375
1888,A2C,env7,1512000,-82911.71875
1889,A2C,env7,1520000,-81706.390625
1890,A2C,env7,1528000,-81562.6796875
1891,A2C,env7,1536000,-85528.265625
1892,A2C,env7,1544000,-84993.1875
1893,A2C,env7,1552000,-86731.171875
1894,A2C,env7,1560000,-87600.6328125
1895,A2C,env7,1568000,-87291.109375
1896,A2C,env7,1576000,-88752.9453125
1897,A2C,env7,1584000,-88108.4453125
1898,A2C,env7,1592000,-88596.9296875
1899,A2C,env7,1600000,-88880.03125
1900,A2C,env7,1608000,-86299.515625
1901,A2C,env7,1616000,-86966.0625
1902,A2C,env7,1624000,-87540.359375
1903,A2C,env7,1632000,-85025.5859375
1904,A2C,env7,1640000,-85241.34375
1905,A2C,env7,1648000,-84019.5
1906,A2C,env7,1656000,-84876.828125
1907,A2C,env7,1664000,-81425.4765625
1908,A2C,env7,1672000,-79334.4609375
1909,A2C,env7,1680000,-73982.671875
1910,A2C,env7,1688000,-73979.453125
1911,A2C,env7,1696000,-69986.765625
1912,A2C,env7,1704000,-65112.69140625
1913,A2C,env7,1712000,-64233.16015625
1914,A2C,env7,1720000,-64475.85546875
1915,A2C,env7,1728000,-64279.59375
1916,A2C,env7,1736000,-70482.6484375
1917,A2C,env7,1744000,-72156.1953125
1918,A2C,env7,1752000,-73372.8046875
1919,A2C,env7,1760000,-76544.90625
1920,A2C,env7,1768000,-76163.7578125
1921,A2C,env7,1776000,-79391.984375
1922,A2C,env7,1784000,-74758.7265625
1923,A2C,env7,1792000,-71086.5
1924,A2C,env7,1800000,-67328.6796875
1925,A2C,env7,1808000,-65243.984375
1926,A2C,env7,1816000,-63913.19921875
1927,A2C,env7,1824000,-58371.7421875
1928,A2C,env7,1832000,-56922.41015625
1929,A2C,env7,1840000,-51749.234375
1930,A2C,env7,1848000,-50241.984375
1931,A2C,env7,1856000,-51182.4296875
1932,A2C,env7,1864000,-53344.140625
1933,A2C,env7,1872000,-52957.5234375
1934,A2C,env7,1880000,-53867.125
1935,A2C,env7,1888000,-58455.30078125
1936,A2C,env7,1896000,-66960.6171875
1937,A2C,env7,1904000,-69168.9375
1938,A2C,env7,1912000,-69342.953125
1939,A2C,env7,1920000,-73806.453125
1940,A2C,env7,1928000,-75681.2578125
1941,A2C,env7,1936000,-77535.5546875
1942,A2C,env7,1944000,-76574.28125
1943,A2C,env7,1952000,-77740.953125
1944,A2C,env7,1960000,-79868.1171875
1945,A2C,env7,1968000,-81786.3515625
1946,A2C,env7,1976000,-79675.0546875
1947,A2C,env7,1984000,-79292.9140625
1948,A2C,env7,1992000,-79585.0625
1949,A2C,env7,2000000,-80224.6328125
1950,A2C,env8,8000,-100191.703125
1951,A2C,env8,16000,-100021.265625
1952,A2C,env8,24000,-100524.953125
1953,A2C,env8,32000,-96217.3984375
1954,A2C,env8,40000,-88958.4765625
1955,A2C,env8,48000,-85049.921875
1956,A2C,env8,56000,-80384.546875
1957,A2C,env8,64000,-72788.6015625
1958,A2C,env8,72000,-71607.1484375
1959,A2C,env8,80000,-70900.328125
1960,A2C,env8,88000,-70640.75
1961,A2C,env8,96000,-64446.42578125
1962,A2C,env8,104000,-58288.6484375
1963,A2C,env8,112000,-54118.8515625
1964,A2C,env8,120000,-47329.2265625
1965,A2C,env8,128000,-56208.45703125
1966,A2C,env8,136000,-63326.3671875
1967,A2C,env8,144000,-77800.2265625
1968,A2C,env8,152000,-73784.15625
1969,A2C,env8,160000,-78708.5546875
1970,A2C,env8,168000,-75956.3046875
1971,A2C,env8,176000,-78082.1171875
1972,A2C,env8,184000,-71843.4921875
1973,A2C,env8,192000,-64845.640625
1974,A2C,env8,200000,-64179.734375
1975,A2C,env8,208000,-67995.421875
1976,A2C,env8,216000,-67870.078125
1977,A2C,env8,224000,-67652.015625
1978,A2C,env8,232000,-70771.3203125
1979,A2C,env8,240000,-70411.2421875
1980,A2C,env8,248000,-63889.97265625
1981,A2C,env8,256000,-58281.87109375
1982,A2C,env8,264000,-54489.62109375
1983,A2C,env8,272000,-51879.59765625
1984,A2C,env8,280000,-47672.0859375
1985,A2C,env8,288000,-42356.015625
1986,A2C,env8,296000,-44497.06640625
1987,A2C,env8,304000,-42624.41796875
1988,A2C,env8,312000,-50820.20703125
1989,A2C,env8,320000,-58594.2578125
1990,A2C,env8,328000,-77714.015625
1991,A2C,env8,336000,-88795.65625
1992,A2C,env8,344000,-91916.9609375
1993,A2C,env8,352000,-89762.6796875
1994,A2C,env8,360000,-89568.5546875
1995,A2C,env8,368000,-83691.8046875
1996,A2C,env8,376000,-81132.125
1997,A2C,env8,384000,-84575.4140625
1998,A2C,env8,392000,-81405.59375
1999,A2C,env8,400000,-78963.3671875
2000,A2C,env8,408000,-74044.6171875
2001,A2C,env8,416000,-68373.6953125
2002,A2C,env8,424000,-61614.4765625
2003,A2C,env8,432000,-55909.1484375
2004,A2C,env8,440000,-48728.42578125
2005,A2C,env8,448000,-43885.69921875
2006,A2C,env8,456000,-40120.44921875
2007,A2C,env8,464000,-46344.31640625
2008,A2C,env8,472000,-60847.9921875
2009,A2C,env8,480000,-76268.34375
2010,A2C,env8,488000,-77150.0390625
2011,A2C,env8,496000,-75085.390625
2012,A2C,env8,504000,-72333.09375
2013,A2C,env8,512000,-64645.140625
2014,A2C,env8,520000,-60382.32421875
2015,A2C,env8,528000,-56898.3984375
2016,A2C,env8,536000,-51319.32421875
2017,A2C,env8,544000,-47564.44921875
2018,A2C,env8,552000,-42528.3515625
2019,A2C,env8,560000,-38132.69921875
2020,A2C,env8,568000,-35014.5234375
2021,A2C,env8,576000,-31816.349609375
2022,A2C,env8,584000,-33866.1015625
2023,A2C,env8,592000,-40535.2734375
2024,A2C,env8,600000,-43324.67578125
2025,A2C,env8,608000,-45908.0234375
2026,A2C,env8,616000,-55521.91015625
2027,A2C,env8,624000,-64074.5078125
2028,A2C,env8,632000,-71945.7421875
2029,A2C,env8,640000,-79150.0703125
2030,A2C,env8,648000,-84723.9609375
2031,A2C,env8,656000,-88667.6484375
2032,A2C,env8,664000,-89231.1171875
2033,A2C,env8,672000,-89390.265625
2034,A2C,env8,680000,-89317.9453125
2035,A2C,env8,688000,-86120.390625
2036,A2C,env8,696000,-84081.2421875
2037,A2C,env8,704000,-82155.6328125
2038,A2C,env8,712000,-76599.2109375
2039,A2C,env8,720000,-73938.90625
2040,A2C,env8,728000,-66349.53125
2041,A2C,env8,736000,-63475.58203125
2042,A2C,env8,744000,-56475.359375
2043,A2C,env8,752000,-54853.6171875
2044,A2C,env8,760000,-51145.33984375
2045,A2C,env8,768000,-49418.67578125
2046,A2C,env8,776000,-52537.8515625
2047,A2C,env8,784000,-59201.04296875
2048,A2C,env8,792000,-66023.7421875
2049,A2C,env8,800000,-71442.234375
2050,A2C,env8,808000,-74948.9609375
2051,A2C,env8,816000,-72605.3671875
2052,A2C,env8,824000,-74483.7890625
2053,A2C,env8,832000,-73146.7109375
2054,A2C,env8,840000,-73635.46875
2055,A2C,env8,848000,-79388.6796875
2056,A2C,env8,856000,-78002.3828125
2057,A2C,env8,864000,-79970.0390625
2058,A2C,env8,872000,-79267.2578125
2059,A2C,env8,880000,-78437.140625
2060,A2C,env8,888000,-79828.7578125
2061,A2C,env8,896000,-78141.9453125
2062,A2C,env8,904000,-78694.03125
2063,A2C,env8,912000,-76139.8203125
2064,A2C,env8,920000,-74588.21875
2065,A2C,env8,928000,-76324.109375
2066,A2C,env8,936000,-77393.5078125
2067,A2C,env8,944000,-74167.8359375
2068,A2C,env8,952000,-74688.2734375
2069,A2C,env8,960000,-73397.5
2070,A2C,env8,968000,-78651.1484375
2071,A2C,env8,976000,-82563.203125
2072,A2C,env8,984000,-86061.6484375
2073,A2C,env8,992000,-91201.4765625
2074,A2C,env8,1000000,-90954.921875
2075,A2C,env8,1008000,-89930.0234375
2076,A2C,env8,1016000,-88807.9765625
2077,A2C,env8,1024000,-84738.2265625
2078,A2C,env8,1032000,-83099.1015625
2079,A2C,env8,1040000,-83998.421875
2080,A2C,env8,1048000,-85798.59375
2081,A2C,env8,1056000,-90484.390625
2082,A2C,env8,1064000,-90668.421875
2083,A2C,env8,1072000,-90205.796875
2084,A2C,env8,1080000,-86243.5
2085,A2C,env8,1088000,-85420.6484375
2086,A2C,env8,1096000,-86424.2734375
2087,A2C,env8,1104000,-87074.703125
2088,A2C,env8,1112000,-90518.6484375
2089,A2C,env8,1120000,-87395.578125
2090,A2C,env8,1128000,-83808.921875
2091,A2C,env8,1136000,-80812.9765625
2092,A2C,env8,1144000,-76157.296875
2093,A2C,env8,1152000,-72256.7265625
2094,A2C,env8,1160000,-70664.578125
2095,A2C,env8,1168000,-66197.4765625
2096,A2C,env8,1176000,-63531.82421875
2097,A2C,env8,1184000,-63727.625
2098,A2C,env8,1192000,-64455.6328125
2099,A2C,env8,1200000,-69143.4296875
2100,A2C,env8,1208000,-70818.578125
2101,A2C,env8,1216000,-75040.375
2102,A2C,env8,1224000,-78605.828125
2103,A2C,env8,1232000,-79473.7890625
2104,A2C,env8,1240000,-81273.5859375
2105,A2C,env8,1248000,-86484.6640625
2106,A2C,env8,1256000,-86518.4609375
2107,A2C,env8,1264000,-85577.734375
2108,A2C,env8,1272000,-86024.84375
2109,A2C,env8,1280000,-85587.9140625
2110,A2C,env8,1288000,-82513.1953125
2111,A2C,env8,1296000,-78390.96875
2112,A2C,env8,1304000,-79667.75
2113,A2C,env8,1312000,-81213.953125
2114,A2C,env8,1320000,-80825.453125
2115,A2C,env8,1328000,-87461.328125
2116,A2C,env8,1336000,-87317.328125
2117,A2C,env8,1344000,-85148.0078125
2118,A2C,env8,1352000,-86917.4609375
2119,A2C,env8,1360000,-87324.78125
2120,A2C,env8,1368000,-89422.2109375
2121,A2C,env8,1376000,-90446.875
2122,A2C,env8,1384000,-91361.2265625
2123,A2C,env8,1392000,-89298.25
2124,A2C,env8,1400000,-88270.5234375
2125,A2C,env8,1408000,-85394.0234375
2126,A2C,env8,1416000,-86588.0234375
2127,A2C,env8,1424000,-86507.1484375
2128,A2C,env8,1432000,-86601.1953125
2129,A2C,env8,1440000,-88302.96875
2130,A2C,env8,1448000,-87389.5546875
2131,A2C,env8,1456000,-86561.8984375
2132,A2C,env8,1464000,-87401.78125
2133,A2C,env8,1472000,-84457.6015625
2134,A2C,env8,1480000,-83214.578125
2135,A2C,env8,1488000,-83449.265625
2136,A2C,env8,1496000,-82570.2890625
2137,A2C,env8,1504000,-82698.6953125
2138,A2C,env8,1512000,-84522.2265625
2139,A2C,env8,1520000,-85179.7734375
2140,A2C,env8,1528000,-88841.046875
2141,A2C,env8,1536000,-88961.546875
2142,A2C,env8,1544000,-86862.296875
2143,A2C,env8,1552000,-88099.1796875
2144,A2C,env8,1560000,-88245.2109375
2145,A2C,env8,1568000,-88600.234375
2146,A2C,env8,1576000,-86092.6328125
2147,A2C,env8,1584000,-88147.078125
2148,A2C,env8,1592000,-87274.171875
2149,A2C,env8,1600000,-87350.671875
2150,A2C,env8,1608000,-87256.2734375
2151,A2C,env8,1616000,-85835.6484375
2152,A2C,env8,1624000,-85793.296875
2153,A2C,env8,1632000,-87587.078125
2154,A2C,env8,1640000,-89768.46875
2155,A2C,env8,1648000,-90664.59375
2156,A2C,env8,1656000,-88545.4140625
2157,A2C,env8,1664000,-85728.640625
2158,A2C,env8,1672000,-83607.6953125
2159,A2C,env8,1680000,-82859.46875
2160,A2C,env8,1688000,-85037.453125
2161,A2C,env8,1696000,-86815.671875
2162,A2C,env8,1704000,-88757.0390625
2163,A2C,env8,1712000,-89309.0546875
2164,A2C,env8,1720000,-90485.8828125
2165,A2C,env8,1728000,-90307.6328125
2166,A2C,env8,1736000,-90559.5234375
2167,A2C,env8,1744000,-90847.078125
2168,A2C,env8,1752000,-89670.0
2169,A2C,env8,1760000,-86746.546875
2170,A2C,env8,1768000,-87661.828125
2171,A2C,env8,1776000,-85688.125
2172,A2C,env8,1784000,-84510.3515625
2173,A2C,env8,1792000,-86652.5234375
2174,A2C,env8,1800000,-85258.046875
2175,A2C,env8,1808000,-87153.578125
2176,A2C,env8,1816000,-88215.796875
2177,A2C,env8,1824000,-89370.7265625
2178,A2C,env8,1832000,-89700.890625
2179,A2C,env8,1840000,-88260.78125
2180,A2C,env8,1848000,-89314.9765625
2181,A2C,env8,1856000,-89242.9140625
2182,A2C,env8,1864000,-90452.8984375
2183,A2C,env8,1872000,-88467.4765625
2184,A2C,env8,1880000,-88627.984375
2185,A2C,env8,1888000,-89748.3828125
2186,A2C,env8,1896000,-89186.15625
2187,A2C,env8,1904000,-87354.2578125
2188,A2C,env8,1912000,-86383.1015625
2189,A2C,env8,1920000,-83786.3984375
2190,A2C,env8,1928000,-79631.25
2191,A2C,env8,1936000,-79780.2734375
2192,A2C,env8,1944000,-80658.546875
2193,A2C,env8,1952000,-82682.171875
2194,A2C,env8,1960000,-84539.6015625
2195,A2C,env8,1968000,-89109.296875
2196,A2C,env8,1976000,-89959.546875
2197,A2C,env8,1984000,-89774.671875
2198,A2C,env8,1992000,-89897.3515625
2199,A2C,env8,2000000,-90886.453125
2200,ARS,env1,10000,16653.908203125
2201,ARS,env1,20000,-24349.322265625
2202,ARS,env1,30000,-24784.79296875
2203,ARS,env1,40000,-21593.89453125
2204,ARS,env1,49804,-14642.0859375
2205,ARS,env1,60000,18539.0
2206,ARS,env1,70000,-25240.650390625
2207,ARS,env1,80000,-10463.96875
2208,ARS,env1,90000,-18868.09375
2209,ARS,env1,100000,-11335.32421875
2210,ARS,env1,102984,-9453.6162109375
2211,ARS,env1,110000,4915.0
2212,ARS,env1,120000,-9803.75
2213,ARS,env1,130000,-15487.7138671875
2214,ARS,env1,140000,-16612.724609375
2215,ARS,env1,150000,-11551.2294921875
2216,ARS,env1,158124,-17141.96875
2217,ARS,env1,170000,-19855.333984375
2218,ARS,env1,180000,-4398.2001953125
2219,ARS,env1,190000,-17724.833984375
2220,ARS,env1,200000,-31743.80859375
2221,ARS,env1,208676,-22263.947265625
2222,ARS,env1,220000,-24271.0
2223,ARS,env1,230000,-30871.0
2224,ARS,env1,240000,-16978.474609375
2225,ARS,env1,250000,-11017.1875
2226,ARS,env1,258888,-10867.734375
2227,ARS,env1,270000,8592.5
2228,ARS,env1,280000,-27230.30078125
2229,ARS,env1,290000,-31859.478515625
2230,ARS,env1,300000,-37479.234375
2231,ARS,env1,303588,-37914.640625
2232,ARS,env1,310000,8478.75
2233,ARS,env1,320000,-5129.466796875
2234,ARS,env1,330000,-16216.0478515625
2235,ARS,env1,340000,-6713.55810546875
2236,ARS,env1,350000,-2452.291748046875
2237,ARS,env1,360000,1813.316650390625
2238,ARS,env1,362000,2244.125
2239,ARS,env1,370000,8540.0
2240,ARS,env1,380000,3905.0
2241,ARS,env1,390000,8920.75
2242,ARS,env1,400000,10689.1669921875
2243,ARS,env1,410000,-4728.25
2244,ARS,env1,419988,-6957.36376953125
2245,ARS,env1,430000,-35844.6171875
2246,ARS,env1,440000,-20010.578125
2247,ARS,env1,450000,-19179.884765625
2248,ARS,env1,460000,-19737.158203125
2249,ARS,env1,466720,-15563.044921875
2250,ARS,env1,480000,-460.9166564941406
2251,ARS,env1,490000,5216.64990234375
2252,ARS,env1,500000,1428.1468505859375
2253,ARS,env1,510000,3656.1201171875
2254,ARS,env1,520000,-1152.1119384765625
2255,ARS,env1,522400,-6774.79248046875
2256,ARS,env1,530000,-25936.765625
2257,ARS,env1,540000,-21046.005859375
2258,ARS,env1,550000,-23930.396484375
2259,ARS,env1,560000,-13160.8779296875
2260,ARS,env1,570000,-8689.3984375
2261,ARS,env1,580000,-4546.83544921875
2262,ARS,env1,581940,-9316.517578125
2263,ARS,env1,590000,6683.75
2264,ARS,env1,600000,-13675.2001953125
2265,ARS,env1,610000,-23891.392578125
2266,ARS,env1,620000,-14161.974609375
2267,ARS,env1,630000,-14238.0576171875
2268,ARS,env1,640000,-9833.216796875
2269,ARS,env1,640196,-8042.140625
2270,ARS,env1,650000,23931.03515625
2271,ARS,env1,660000,21403.017578125
2272,ARS,env1,670000,20297.724609375
2273,ARS,env1,680000,1381.17529296875
2274,ARS,env1,690000,4381.47705078125
2275,ARS,env1,697976,5544.04248046875
2276,ARS,env1,710000,-17533.583984375
2277,ARS,env1,720000,-17667.75
2278,ARS,env1,730000,-5525.8056640625
2279,ARS,env1,740000,-2033.477294921875
2280,ARS,env1,750000,2435.982177734375
2281,ARS,env1,756996,2972.734375
2282,ARS,env1,770000,-8508.5
2283,ARS,env1,780000,-13845.5361328125
2284,ARS,env1,790000,-4031.85009765625
2285,ARS,env1,800000,-1079.5416259765625
2286,ARS,env1,810000,-4435.60009765625
2287,ARS,env1,812572,-2981.875
2288,ARS,env1,820000,18824.0
2289,ARS,env1,830000,-22966.80078125
2290,ARS,env1,840000,-7295.75
2291,ARS,env1,850000,-10985.2724609375
2292,ARS,env1,860000,-4597.85693359375
2293,ARS,env1,864836,-7883.5625
2294,ARS,env1,870000,18824.0
2295,ARS,env1,880000,18740.333984375
2296,ARS,env1,890000,-14876.2138671875
2297,ARS,env1,900000,-14742.9208984375
2298,ARS,env1,910000,-19690.9453125
2299,ARS,env1,920000,-14555.619140625
2300,ARS,env1,920988,-12469.392578125
2301,ARS,env1,930000,13682.0
2302,ARS,env1,940000,16253.0
2303,ARS,env1,950000,17318.025390625
2304,ARS,env1,960000,4998.9091796875
2305,ARS,env1,970000,7296.51513671875
2306,ARS,env1,980000,8808.44140625
2307,ARS,env1,984976,10068.40234375
2308,ARS,env1,990000,18824.0
2309,ARS,env1,1000000,-6009.75
2310,ARS,env1,1010000,2268.166748046875
2311,ARS,env1,1020000,7785.0
2312,ARS,env1,1030000,9792.0908203125
2313,ARS,env1,1040000,11726.357421875
2314,ARS,env1,1046320,12613.5625
2315,ARS,env1,1060000,18824.0
2316,ARS,env1,1070000,18824.0
2317,ARS,env1,1080000,17535.0
2318,ARS,env1,1090000,7969.70458984375
2319,ARS,env1,1100000,10295.625
2320,ARS,env1,1106488,11361.671875
2321,ARS,env1,1120000,-14494.0
2322,ARS,env1,1130000,-1166.800048828125
2323,ARS,env1,1140000,7524.931640625
2324,ARS,env1,1150000,1542.22314453125
2325,ARS,env1,1160000,-1855.6103515625
2326,ARS,env1,1166692,727.5908813476562
2327,ARS,env1,1180000,-14396.3330078125
2328,ARS,env1,1190000,-14378.0
2329,ARS,env1,1200000,-3319.5556640625
2330,ARS,env1,1210000,706.5454711914062
2331,ARS,env1,1220000,4583.14306640625
2332,ARS,env1,1227324,6361.5
2333,ARS,env1,1240000,18866.75
2334,ARS,env1,1250000,415.5416564941406
2335,ARS,env1,1260000,-15629.1943359375
2336,ARS,env1,1270000,-9364.9775390625
2337,ARS,env1,1280000,-3324.482177734375
2338,ARS,env1,1286412,-555.921875
2339,ARS,env1,1300000,18824.0
2340,ARS,env1,1310000,18824.0
2341,ARS,env1,1320000,18836.53125
2342,ARS,env1,1330000,18831.224609375
2343,ARS,env1,1340000,18829.55859375
2344,ARS,env1,1350000,18828.81640625
2345,ARS,env1,1350412,18828.515625
2346,ARS,env1,1360000,18888.125
2347,ARS,env1,1370000,18856.0625
2348,ARS,env1,1380000,18842.322265625
2349,ARS,env1,1390000,18838.25
2350,ARS,env1,1400000,3522.8076171875
2351,ARS,env1,1410000,5562.966796875
2352,ARS,env1,1411108,6391.78125
2353,ARS,env1,1420000,18824.0
2354,ARS,env1,1430000,18824.0
2355,ARS,env1,1440000,18842.322265625
2356,ARS,env1,1450000,7912.2998046875
2357,ARS,env1,1460000,2483.3076171875
2358,ARS,env1,1470000,4662.06689453125
2359,ARS,env1,1471632,5555.203125
2360,ARS,env1,1480000,-30928.75
2361,ARS,env1,1490000,-1077.0999755859375
2362,ARS,env1,1500000,4608.9287109375
2363,ARS,env1,1510000,8873.4501953125
2364,ARS,env1,1520000,10531.875
2365,ARS,env1,1530000,12198.849609375
2366,ARS,env1,1533856,12612.921875
2367,ARS,env1,1540000,18824.0
2368,ARS,env1,1550000,18824.0
2369,ARS,env1,1560000,18824.0
2370,ARS,env1,1570000,18824.0
2371,ARS,env1,1580000,18824.0
2372,ARS,env1,1590000,18833.16015625
2373,ARS,env1,1597856,18832.015625
2374,ARS,env1,1610000,14189.3330078125
2375,ARS,env1,1620000,16043.2001953125
2376,ARS,env1,1630000,17085.5
2377,ARS,env1,1640000,17458.849609375
2378,ARS,env1,1650000,17773.884765625
2379,ARS,env1,1660000,17913.900390625
2380,ARS,env1,1661856,17970.78125
2381,ARS,env1,1670000,18824.0
2382,ARS,env1,1680000,18856.0625
2383,ARS,env1,1690000,18860.642578125
2384,ARS,env1,1700000,18866.75
2385,ARS,env1,1710000,18865.291015625
2386,ARS,env1,1720000,18859.392578125
2387,ARS,env1,1725856,18862.984375
2388,ARS,env1,1730000,18952.25
2389,ARS,env1,1740000,18952.25
2390,ARS,env1,1750000,18930.875
2391,ARS,env1,1760000,18936.21875
2392,ARS,env1,1770000,17646.908203125
2393,ARS,env1,1780000,17847.73046875
2394,ARS,env1,1789856,18054.828125
2395,ARS,env1,1800000,18952.25
2396,ARS,env1,1810000,18952.25
2397,ARS,env1,1820000,18952.25
2398,ARS,env1,1830000,18952.25
2399,ARS,env1,1840000,18952.25
2400,ARS,env1,1850000,18952.25
2401,ARS,env1,1853856,18952.25
2402,ARS,env1,1860000,18952.25
2403,ARS,env1,1870000,18952.25
2404,ARS,env1,1880000,18952.25
2405,ARS,env1,1890000,18952.25
2406,ARS,env1,1900000,18952.25
2407,ARS,env1,1910000,18952.25
2408,ARS,env1,1917856,18952.25
2409,ARS,env1,1930000,18870.833984375
2410,ARS,env1,1940000,18903.400390625
2411,ARS,env1,1950000,18921.71875
2412,ARS,env1,1960000,18927.82421875
2413,ARS,env1,1970000,18933.4609375
2414,ARS,env1,1980000,18935.966796875
2415,ARS,env1,1981856,18936.984375
2416,ARS,env1,1990000,18952.25
2417,ARS,env1,2000000,18952.25
2418,ARS,env1,2010000,18952.25
2419,ARS,env1,2020000,18952.25
2420,ARS,env1,2030000,18952.25
2421,ARS,env1,2040000,18952.25
2422,ARS,env1,2045856,18952.25
2423,ARS,env2,29668,-59329.21875
2424,ARS,env2,78204,-31956.25
2425,ARS,env2,115144,-62016.25
2426,ARS,env2,160288,-54778.359375
2427,ARS,env2,196032,-65396.625
2428,ARS,env2,241064,-41816.09375
2429,ARS,env2,296564,-30875.0
2430,ARS,env2,348716,-33146.25
2431,ARS,env2,404888,-33082.8125
2432,ARS,env2,449964,-44539.375
2433,ARS,env2,502132,-38773.125
2434,ARS,env2,561332,-26286.25
2435,ARS,env2,614040,-30885.90625
2436,ARS,env2,678040,-9176.25
2437,ARS,env2,738112,-15635.625
2438,ARS,env2,797068,-21012.5
2439,ARS,env2,861068,-10000.0
2440,ARS,env2,922660,-15873.125
2441,ARS,env2,986660,-9352.03125
2442,ARS,env2,1049568,-15414.84375
2443,ARS,env2,1113568,-9352.96875
2444,ARS,env2,1172788,-22566.328125
2445,ARS,env2,1236788,-10000.0
2446,ARS,env2,1300788,-10000.0
2447,ARS,env2,1361716,-20683.853515625
2448,ARS,env2,1425716,-10000.0
2449,ARS,env2,1489716,-10000.0
2450,ARS,env2,1553716,-10000.0
2451,ARS,env2,1617716,-10000.0
2452,ARS,env2,1681716,-10000.0
2453,ARS,env2,1745716,-10000.0
2454,ARS,env2,1809716,-10000.0
2455,ARS,env2,1873716,-10000.0
2456,ARS,env2,1937716,-10000.0
2457,ARS,env2,2001716,-10000.0
2458,ARS,env3,53560,-32694.21875
2459,ARS,env3,103788,-34875.9375
2460,ARS,env3,152164,-42632.03125
2461,ARS,env3,206628,-33507.5
2462,ARS,env3,258556,-37889.375
2463,ARS,env3,305992,-56143.4375
2464,ARS,env3,350972,-48762.65625
2465,ARS,env3,398372,-49004.0625
2466,ARS,env3,452908,-26397.1875
2467,ARS,env3,511856,-21709.375
2468,ARS,env3,561768,-39045.625
2469,ARS,env3,623872,-15953.125
2470,ARS,env3,674740,-44180.0
2471,ARS,env3,728348,-31489.609375
2472,ARS,env3,780184,-38719.375
2473,ARS,env3,834252,-33445.625
2474,ARS,env3,887868,-35767.08203125
2475,ARS,env3,946416,-27271.25
2476,ARS,env3,1009080,-16040.625
2477,ARS,env3,1068548,-21125.625
2478,ARS,env3,1130760,-15345.0
2479,ARS,env3,1190092,-20241.875
2480,ARS,env3,1254092,-10000.0
2481,ARS,env3,1316016,-15925.0
2482,ARS,env3,1377596,-15871.25
2483,ARS,env3,1441596,-10000.0
2484,ARS,env3,1505596,-10000.0
2485,ARS,env3,1569556,-16243.125
2486,ARS,env3,1629624,-15635.0
2487,ARS,env3,1693624,-10000.0
2488,ARS,env3,1753776,-21263.75
2489,ARS,env3,1817776,-10000.0
2490,ARS,env3,1881776,-10000.0
2491,ARS,env3,1945776,-10000.0
2492,ARS,env3,2009776,-10000.0
2493,ARS,env4,42900,-49317.34375
2494,ARS,env4,82632,-54808.75
2495,ARS,env4,122712,-61871.484375
2496,ARS,env4,161676,-49833.75
2497,ARS,env4,211660,-44674.6875
2498,ARS,env4,263104,-33035.625
2499,ARS,env4,303436,-60123.828125
2500,ARS,env4,336788,-66674.21875
2501,ARS,env4,381204,-49529.0625
2502,ARS,env4,435460,-39032.65625
2503,ARS,env4,481108,-41636.28515625
2504,ARS,env4,536680,-32931.484375
2505,ARS,env4,598968,-13824.0625
2506,ARS,env4,648232,-32695.0
2507,ARS,env4,706952,-20241.640625
2508,ARS,env4,769084,-21545.234375
2509,ARS,env4,817724,-44405.625
2510,ARS,env4,872764,-32966.25
2511,ARS,env4,932140,-25275.15625
2512,ARS,env4,992904,-15743.75
2513,ARS,env4,1053424,-21955.0
2514,ARS,env4,1114732,-15828.75
2515,ARS,env4,1174700,-21868.75
2516,ARS,env4,1230992,-20276.09375
2517,ARS,env4,1291652,-15727.5
2518,ARS,env4,1351896,-14663.4375
2519,ARS,env4,1408928,-21410.0
2520,ARS,env4,1472928,-10000.0
2521,ARS,env4,1536928,-10000.0
2522,ARS,env4,1600152,-16128.125
2523,ARS,env4,1664152,-10000.0
2524,ARS,env4,1726264,-14342.890625
2525,ARS,env4,1790264,-10000.0
2526,ARS,env4,1854264,-10000.0
2527,ARS,env4,1918264,-10000.0
2528,ARS,env4,1982264,-10000.0
2529,ARS,env4,2046264,-10000.0
2530,ARS,env5,15340,-82753.59375
2531,ARS,env5,29660,-89728.75
2532,ARS,env5,64492,-59081.25
2533,ARS,env5,107048,-50395.0
2534,ARS,env5,152832,-43035.78125
2535,ARS,env5,198988,-36470.46875
2536,ARS,env5,241020,-50313.125
2537,ARS,env5,287404,-43309.0625
2538,ARS,env5,336100,-38156.25
2539,ARS,env5,393008,-32501.5625
2540,ARS,env5,446708,-32078.515625
2541,ARS,env5,509560,-21594.296875
2542,ARS,env5,573560,-9375.0
2543,ARS,env5,630756,-26297.1875
2544,ARS,env5,692348,-13866.25
2545,ARS,env5,748816,-20050.0
2546,ARS,env5,798076,-38288.125
2547,ARS,env5,843664,-48115.546875
2548,ARS,env5,904340,-21354.375
2549,ARS,env5,961972,-21503.75
2550,ARS,env5,1020716,-17994.609375
2551,ARS,env5,1075796,-25736.328125
2552,ARS,env5,1135516,-21205.0
2553,ARS,env5,1196576,-15790.0
2554,ARS,env5,1236792,-56278.75
2555,ARS,env5,1295144,-19700.15625
2556,ARS,env5,1357128,-15934.375
2557,ARS,env5,1417444,-20207.1875
2558,ARS,env5,1474784,-21458.125
2559,ARS,env5,1538784,-10000.0
2560,ARS,env5,1602784,-10000.0
2561,ARS,env5,1666784,-10000.0
2562,ARS,env5,1730784,-10000.0
2563,ARS,env5,1794784,-9136.5625
2564,ARS,env5,1858784,-9031.015625
2565,ARS,env5,1918868,-14844.0625
2566,ARS,env5,1982868,-7738.359375
2567,ARS,env5,2046868,-8331.640625
2568,ARS,env6,20148,-78140.625
2569,ARS,env6,52204,-61253.125
2570,ARS,env6,82928,-59977.96875
2571,ARS,env6,131808,-45133.75
2572,ARS,env6,174848,-62969.375
2573,ARS,env6,227004,-33146.875
2574,ARS,env6,273032,-36563.75
2575,ARS,env6,324348,-44259.21875
2576,ARS,env6,376368,-33125.625
2577,ARS,env6,425244,-38883.75
2578,ARS,env6,481272,-32393.125
2579,ARS,env6,538348,-21416.875
2580,ARS,env6,594616,-26915.0
2581,ARS,env6,646852,-26910.0
2582,ARS,env6,705748,-19822.75
2583,ARS,env6,768324,-16026.875
2584,ARS,env6,820856,-30976.71875
2585,ARS,env6,875716,-42156.15625
2586,ARS,env6,938144,-15378.75
2587,ARS,env6,1000440,-20357.5
2588,ARS,env6,1054824,-26620.625
2589,ARS,env6,1107016,-32527.5
2590,ARS,env6,1167288,-28165.625
2591,ARS,env6,1226296,-26381.5625
2592,ARS,env6,1290296,-9375.0
2593,ARS,env6,1341452,-32365.625
2594,ARS,env6,1405452,-10000.0
2595,ARS,env6,1467964,-22266.25
2596,ARS,env6,1523400,-26785.0
2597,ARS,env6,1577960,-25348.90625
2598,ARS,env6,1636988,-32967.625
2599,ARS,env6,1698936,-14999.53125
2600,ARS,env6,1759588,-26828.28125
2601,ARS,env6,1817792,-20968.125
2602,ARS,env6,1878872,-21417.5
2603,ARS,env6,1942872,-10000.0
2604,ARS,env6,2003264,-15060.625
2605,ARS,env7,20260,-75107.8125
2606,ARS,env7,63832,-46676.71875
2607,ARS,env7,109716,-43993.28125
2608,ARS,env7,158440,-29165.46875
2609,ARS,env7,213428,-24965.78125
2610,ARS,env7,253820,-60013.54296875
2611,ARS,env7,311580,-27145.0
2612,ARS,env7,363988,-36635.9375
2613,ARS,env7,416676,-26355.625
2614,ARS,env7,477160,-21235.78125
2615,ARS,env7,537368,-15031.875
2616,ARS,env7,595176,-21531.25
2617,ARS,env7,647924,-37491.45703125
2618,ARS,env7,701944,-32172.1875
2619,ARS,env7,765408,-14900.9375
2620,ARS,env7,829388,-14913.3330078125
2621,ARS,env7,889932,-15083.125
2622,ARS,env7,951592,-14854.6875
2623,ARS,env7,1006576,-45460.625
2624,ARS,env7,1060908,-25977.5
2625,ARS,env7,1120988,-15636.875
2626,ARS,env7,1184988,-10000.0
2627,ARS,env7,1248988,-10000.0
2628,ARS,env7,1312988,-10000.0
2629,ARS,env7,1376988,-10000.0
2630,ARS,env7,1440988,-10000.0
2631,ARS,env7,1504988,-10000.0
2632,ARS,env7,1568988,-10000.0
2633,ARS,env7,1632988,-10000.0
2634,ARS,env7,1696988,-10000.0
2635,ARS,env7,1760988,-10000.0
2636,ARS,env7,1824840,-16226.25
2637,ARS,env7,1887848,-22343.75
2638,ARS,env7,1951848,-10000.0
2639,ARS,env7,2015848,-10000.0
2640,ARS,env8,21096,-78288.75
2641,ARS,env8,34248,-83296.875
2642,ARS,env8,59480,-65432.5
2643,ARS,env8,101788,-48269.53125
2644,ARS,env8,150480,-37212.65625
2645,ARS,env8,187540,-53887.1875
2646,ARS,env8,220188,-59640.9375
2647,ARS,env8,273924,-45892.5
2648,ARS,env8,328724,-33560.0
2649,ARS,env8,391652,-20534.21875
2650,ARS,env8,451868,-14593.4375
2651,ARS,env8,504632,-28552.65625
2652,ARS,env8,568632,-7356.25
2653,ARS,env8,618724,-31839.84375
2654,ARS,env8,682724,-7504.84375
2655,ARS,env8,742784,-7569.21875
2656,ARS,env8,805764,-11090.78125
2657,ARS,env8,869764,-6062.65625
2658,ARS,env8,930340,-14892.65625
2659,ARS,env8,990440,-10902.5
2660,ARS,env8,1054440,-4084.84375
2661,ARS,env8,1113568,-16619.6875
2662,ARS,env8,1177568,-2352.34375
2663,ARS,env8,1241568,-3584.53125
2664,ARS,env8,1304384,-9640.0
2665,ARS,env8,1360104,-24739.375
2666,ARS,env8,1424104,-4525.0
2667,ARS,env8,1488104,-4694.21875
2668,ARS,env8,1552104,-4301.40625
2669,ARS,env8,1616104,-3167.65625
2670,ARS,env8,1680104,-1074.7396240234375
2671,ARS,env8,1743016,-8196.09375
2672,ARS,env8,1799176,-15975.0
2673,ARS,env8,1863176,-7822.1875
2674,ARS,env8,1927176,-6598.125
2675,ARS,env8,1991176,-2745.78125
2676,ARS,env8,2050000,-4912.5
2677,ARS,env8,2055176,-4658.59375
2678,CrossQ,env1,452,-90464.9375
2679,CrossQ,env1,612,-94107.3125
2680,CrossQ,env1,712,-96141.5390625
2681,CrossQ,env1,860,-97151.15625
2682,CrossQ,env1,1000,-97291.671875
2683,CrossQ,env1,1180,-97790.5625
2684,CrossQ,env1,1816,-97800.5234375
2685,CrossQ,env1,2304,-95679.609375
2686,CrossQ,env1,3064,-94569.71875
2687,CrossQ,env1,6284,-84928.3515625
2688,CrossQ,env1,6932,-83250.1484375
2689,CrossQ,env1,7124,-81557.375
2690,CrossQ,env1,7252,-82601.8125
2691,CrossQ,env1,7800,-83501.4140625
2692,CrossQ,env1,8428,-83959.796875
2693,CrossQ,env1,8748,-84509.0703125
2694,CrossQ,env1,8940,-84996.296875
2695,CrossQ,env1,9204,-85576.3984375
2696,CrossQ,env1,9596,-86226.359375
2697,CrossQ,env1,10000,-86521.1328125
2698,CrossQ,env1,10052,-86570.4296875
2699,CrossQ,env1,11240,-86538.59375
2700,CrossQ,env1,12624,-86737.328125
2701,CrossQ,env1,14756,-86731.96875
2702,CrossQ,env1,15436,-85016.5234375
2703,CrossQ,env1,17444,-84062.7890625
2704,CrossQ,env1,20000,-81938.0
2705,CrossQ,env1,21000,-81086.0390625
2706,CrossQ,env1,22864,-79973.8515625
2707,CrossQ,env1,24016,-77361.5078125
2708,CrossQ,env1,25200,-77112.0234375
2709,CrossQ,env1,27772,-75745.3125
2710,CrossQ,env1,29128,-73324.359375
2711,CrossQ,env1,30000,-73332.65625
2712,CrossQ,env1,32228,-70668.1171875
2713,CrossQ,env1,34840,-69050.2578125
2714,CrossQ,env1,35756,-69363.7890625
2715,CrossQ,env1,36992,-72006.5234375
2716,CrossQ,env1,37580,-72221.234375
2717,CrossQ,env1,38020,-73516.796875
2718,CrossQ,env1,40000,-72649.4921875
2719,CrossQ,env1,40016,-72554.296875
2720,CrossQ,env1,41820,-71517.4453125
2721,CrossQ,env1,43636,-69651.40625
2722,CrossQ,env1,46152,-67437.9140625
2723,CrossQ,env1,48316,-66422.4921875
2724,CrossQ,env1,50000,-63846.6484375
2725,CrossQ,env1,50476,-63752.1484375
2726,CrossQ,env1,54476,-59647.37109375
2727,CrossQ,env1,55928,-58798.2109375
2728,CrossQ,env1,57020,-56810.80078125
2729,CrossQ,env1,60000,-55645.92578125
2730,CrossQ,env1,60236,-55694.875
2731,CrossQ,env1,62752,-53398.31640625
2732,CrossQ,env1,66752,-50837.625
2733,CrossQ,env1,70000,-49732.7109375
2734,CrossQ,env1,70752,-48637.7890625
2735,CrossQ,env1,73088,-48347.109375
2736,CrossQ,env1,76712,-46917.66796875
2737,CrossQ,env1,79232,-47911.65234375
2738,CrossQ,env1,80000,-47712.7578125
2739,CrossQ,env1,80844,-44509.296875
2740,CrossQ,env1,82432,-45856.40625
2741,CrossQ,env1,85048,-47211.37109375
2742,CrossQ,env1,89048,-45408.71875
2743,CrossQ,env1,90000,-44428.62109375
2744,CrossQ,env1,91052,-45280.90234375
2745,CrossQ,env1,95052,-41825.515625
2746,CrossQ,env1,99044,-39410.8671875
2747,CrossQ,env1,100000,-38313.6171875
2748,CrossQ,env1,103044,-35794.2578125
2749,CrossQ,env1,106036,-32322.5625
2750,CrossQ,env1,109048,-30638.107421875
2751,CrossQ,env1,110000,-30535.98828125
2752,CrossQ,env1,113048,-28109.6875
2753,CrossQ,env1,117012,-26603.796875
2754,CrossQ,env1,119972,-25577.42578125
2755,CrossQ,env1,120000,-25577.42578125
2756,CrossQ,env1,120300,-26888.9765625
2757,CrossQ,env1,120692,-29651.04296875
2758,CrossQ,env1,121048,-32480.580078125
2759,CrossQ,env1,121192,-32225.54296875
2760,CrossQ,env1,125192,-30030.826171875
2761,CrossQ,env1,129192,-26807.416015625
2762,CrossQ,env1,130000,-26807.416015625
2763,CrossQ,env1,133192,-24995.46875
2764,CrossQ,env1,137104,-28459.908203125
2765,CrossQ,env1,140000,-28611.13671875
2766,CrossQ,env1,141104,-27623.77734375
2767,CrossQ,env1,141392,-30254.2578125
2768,CrossQ,env1,144112,-30527.228515625
2769,CrossQ,env1,148112,-28013.451171875
2770,CrossQ,env1,150000,-27118.58203125
2771,CrossQ,env1,152096,-28105.197265625
2772,CrossQ,env1,154076,-24661.759765625
2773,CrossQ,env1,156096,-24358.5390625
2774,CrossQ,env1,160000,-25282.04296875
2775,CrossQ,env1,160096,-25358.212890625
2776,CrossQ,env1,164096,-23124.92578125
2777,CrossQ,env1,167916,-23287.689453125
2778,CrossQ,env1,170000,-23389.884765625
2779,CrossQ,env1,171916,-22489.876953125
2780,CrossQ,env1,175492,-23893.248046875
2781,CrossQ,env1,179492,-23159.453125
2782,CrossQ,env1,180000,-22166.255859375
2783,CrossQ,env1,183404,-22461.859375
2784,CrossQ,env1,186876,-22576.40625
2785,CrossQ,env1,188984,-24048.7578125
2786,CrossQ,env1,190000,-24048.7578125
2787,CrossQ,env1,192984,-24079.59375
2788,CrossQ,env1,195924,-22703.23046875
2789,CrossQ,env1,196752,-20431.60546875
2790,CrossQ,env1,200000,-19254.806640625
2791,CrossQ,env1,200752,-18347.455078125
2792,CrossQ,env1,204752,-16288.05078125
2793,CrossQ,env1,207908,-20578.560546875
2794,CrossQ,env1,210000,-21775.3828125
2795,CrossQ,env1,210904,-22827.611328125
2796,CrossQ,env1,213396,-23935.052734375
2797,CrossQ,env1,216332,-21858.21484375
2798,CrossQ,env1,219116,-24044.388671875
2799,CrossQ,env1,220000,-24974.4765625
2800,CrossQ,env1,223116,-23724.263671875
2801,CrossQ,env1,227116,-23710.521484375
2802,CrossQ,env1,229240,-24502.068359375
2803,CrossQ,env1,230000,-24502.068359375
2804,CrossQ,env1,232744,-24849.96875
2805,CrossQ,env1,236008,-25852.0390625
2806,CrossQ,env1,239220,-23693.109375
2807,CrossQ,env1,240000,-23693.109375
2808,CrossQ,env1,242636,-26174.224609375
2809,CrossQ,env1,246636,-26205.578125
2810,CrossQ,env1,250000,-25219.609375
2811,CrossQ,env1,250636,-25321.4453125
2812,CrossQ,env1,254636,-25324.388671875
2813,CrossQ,env1,256140,-26807.705078125
2814,CrossQ,env1,259948,-26130.958984375
2815,CrossQ,env1,260000,-26130.958984375
2816,CrossQ,env1,263948,-24729.232421875
2817,CrossQ,env1,267948,-23422.0546875
2818,CrossQ,env1,270000,-23099.86328125
2819,CrossQ,env1,271352,-22849.099609375
2820,CrossQ,env1,273952,-23529.41796875
2821,CrossQ,env1,277952,-21051.72265625
2822,CrossQ,env1,280000,-21754.865234375
2823,CrossQ,env1,281508,-20661.24609375
2824,CrossQ,env1,285276,-21053.669921875
2825,CrossQ,env1,289276,-19745.7109375
2826,CrossQ,env1,290000,-18651.876953125
2827,CrossQ,env1,292504,-16713.8046875
2828,CrossQ,env1,295212,-18623.32421875
2829,CrossQ,env1,297712,-19613.94140625
2830,CrossQ,env1,300000,-20510.037109375
2831,CrossQ,env1,300416,-22456.30078125
2832,CrossQ,env1,303748,-23292.52734375
2833,CrossQ,env1,306488,-21969.5859375
2834,CrossQ,env1,310000,-20790.498046875
2835,CrossQ,env1,310488,-20887.390625
2836,CrossQ,env1,313880,-20567.49609375
2837,CrossQ,env1,317476,-20224.13671875
2838,CrossQ,env1,320000,-19425.591796875
2839,CrossQ,env1,321476,-19422.75390625
2840,CrossQ,env1,323748,-20571.37109375
2841,CrossQ,env1,327748,-17186.8359375
2842,CrossQ,env1,330000,-17261.341796875
2843,CrossQ,env1,331748,-17453.1640625
2844,CrossQ,env1,335748,-18125.021484375
2845,CrossQ,env1,339748,-17907.712890625
2846,CrossQ,env1,340000,-16909.85546875
2847,CrossQ,env1,342956,-15913.41015625
2848,CrossQ,env1,346440,-18516.947265625
2849,CrossQ,env1,349320,-20993.19140625
2850,CrossQ,env1,350000,-21091.599609375
2851,CrossQ,env1,353320,-21595.34375
2852,CrossQ,env1,357320,-19800.037109375
2853,CrossQ,env1,360000,-18969.896484375
2854,CrossQ,env1,361080,-19069.478515625
2855,CrossQ,env1,365080,-18465.509765625
2856,CrossQ,env1,369080,-16665.88671875
2857,CrossQ,env1,370000,-16766.513671875
2858,CrossQ,env1,372072,-15950.19921875
2859,CrossQ,env1,375280,-18038.142578125
2860,CrossQ,env1,379220,-19071.53515625
2861,CrossQ,env1,380000,-18073.810546875
2862,CrossQ,env1,383220,-15167.439453125
2863,CrossQ,env1,384616,-16246.666015625
2864,CrossQ,env1,387264,-15084.10546875
2865,CrossQ,env1,390000,-14985.84765625
2866,CrossQ,env1,391264,-13194.658203125
2867,CrossQ,env1,395256,-13298.17578125
2868,CrossQ,env1,399212,-13200.46875
2869,CrossQ,env1,400000,-14096.1611328125
2870,CrossQ,env1,400040,-14193.275390625
2871,CrossQ,env1,404024,-16094.125
2872,CrossQ,env1,407468,-15854.4501953125
2873,CrossQ,env1,410000,-13578.6083984375
2874,CrossQ,env1,411468,-13376.6513671875
2875,CrossQ,env1,415468,-14073.404296875
2876,CrossQ,env1,417696,-16064.09375
2877,CrossQ,env1,420000,-16064.7265625
2878,CrossQ,env1,420680,-18258.744140625
2879,CrossQ,env1,422948,-21446.400390625
2880,CrossQ,env1,426948,-20792.2890625
2881,CrossQ,env1,430000,-18701.24609375
2882,CrossQ,env1,430420,-19693.18359375
2883,CrossQ,env1,434420,-19400.91015625
2884,CrossQ,env1,437888,-20789.83203125
2885,CrossQ,env1,440000,-21686.462890625
2886,CrossQ,env1,441888,-21584.294921875
2887,CrossQ,env1,445888,-20582.994140625
2888,CrossQ,env1,449888,-21581.859375
2889,CrossQ,env1,450000,-21581.859375
2890,CrossQ,env1,451468,-22375.701171875
2891,CrossQ,env1,455468,-22487.154296875
2892,CrossQ,env1,457600,-24077.708984375
2893,CrossQ,env1,460000,-22880.712890625
2894,CrossQ,env1,461600,-21713.248046875
2895,CrossQ,env1,465600,-21417.73828125
2896,CrossQ,env1,469576,-20117.041015625
2897,CrossQ,env1,470000,-18032.66015625
2898,CrossQ,env1,473576,-17038.498046875
2899,CrossQ,env1,476412,-16741.75390625
2900,CrossQ,env1,480000,-15548.908203125
2901,CrossQ,env1,480412,-14548.9677734375
2902,CrossQ,env1,484048,-14246.9619140625
2903,CrossQ,env1,488048,-12156.9287109375
2904,CrossQ,env1,490000,-10171.5986328125
2905,CrossQ,env1,492048,-9053.609375
2906,CrossQ,env1,496048,-7891.22412109375
2907,CrossQ,env1,499696,-9884.322265625
2908,CrossQ,env1,500000,-9884.322265625
2909,CrossQ,env1,503124,-10877.5146484375
2910,CrossQ,env1,507124,-9583.7001953125
2911,CrossQ,env1,510000,-8488.0048828125
2912,CrossQ,env1,511124,-7397.654296875
2913,CrossQ,env1,515124,-4216.07763671875
2914,CrossQ,env1,519084,-6017.2353515625
2915,CrossQ,env1,520000,-5813.53515625
2916,CrossQ,env1,522324,-5715.3125
2917,CrossQ,env1,526324,-3723.13330078125
2918,CrossQ,env1,530000,-3825.64697265625
2919,CrossQ,env1,530324,-2828.35693359375
2920,CrossQ,env1,531704,-3919.08203125
2921,CrossQ,env1,535136,-4712.75439453125
2922,CrossQ,env1,539136,-3413.054443359375
2923,CrossQ,env1,540000,-3412.10693359375
2924,CrossQ,env1,543136,-3415.529541015625
2925,CrossQ,env1,545388,-4325.4296875
2926,CrossQ,env1,549388,-539.4585571289062
2927,CrossQ,env1,550000,-1636.686767578125
2928,CrossQ,env1,553100,-3492.523193359375
2929,CrossQ,env1,557100,-3515.203125
2930,CrossQ,env1,560000,-2423.563232421875
2931,CrossQ,env1,560240,-2424.149658203125
2932,CrossQ,env1,563352,-3317.83251953125
2933,CrossQ,env1,566752,-4311.88232421875
2934,CrossQ,env1,570000,-4311.37255859375
2935,CrossQ,env1,570752,-4210.37109375
2936,CrossQ,env1,574752,-4308.2431640625
2937,CrossQ,env1,578388,-5205.05029296875
2938,CrossQ,env1,580000,-6201.41015625
2939,CrossQ,env1,582388,-6202.09033203125
2940,CrossQ,env1,584876,-7197.51025390625
2941,CrossQ,env1,588088,-6391.36083984375
2942,CrossQ,env1,590000,-6391.36083984375
2943,CrossQ,env1,592088,-4297.5888671875
2944,CrossQ,env1,595352,-5185.85302734375
2945,CrossQ,env1,598948,-6979.07470703125
2946,CrossQ,env1,600000,-7079.8466796875
2947,CrossQ,env1,601104,-8073.38671875
2948,CrossQ,env1,604904,-7923.0302734375
2949,CrossQ,env1,606948,-8919.115234375
2950,CrossQ,env1,610000,-10805.2509765625
2951,CrossQ,env1,610560,-10905.2509765625
2952,CrossQ,env1,613444,-11900.6220703125
2953,CrossQ,env1,617444,-10913.0419921875
2954,CrossQ,env1,620000,-10916.76171875
2955,CrossQ,env1,621444,-10816.2294921875
2956,CrossQ,env1,625444,-11855.466796875
2957,CrossQ,env1,629444,-13753.65625
2958,CrossQ,env1,630000,-12760.9658203125
2959,CrossQ,env1,632932,-13644.65234375
2960,CrossQ,env1,635096,-14883.7373046875
2961,CrossQ,env1,639096,-12892.337890625
2962,CrossQ,env1,640000,-12891.2578125
2963,CrossQ,env1,643096,-13140.408203125
2964,CrossQ,env1,645148,-15232.1875
2965,CrossQ,env1,648524,-16331.0048828125
2966,CrossQ,env1,650000,-16324.0439453125
2967,CrossQ,env1,651192,-16329.8916015625
2968,CrossQ,env1,653268,-20407.47265625
2969,CrossQ,env1,654616,-22294.310546875
2970,CrossQ,env1,658616,-22527.373046875
2971,CrossQ,env1,660000,-22528.51171875
2972,CrossQ,env1,662616,-22529.982421875
2973,CrossQ,env1,666616,-22436.107421875
2974,CrossQ,env1,670000,-21622.9609375
2975,CrossQ,env1,670616,-21637.05078125
2976,CrossQ,env1,674136,-22665.087890625
2977,CrossQ,env1,678136,-22671.318359375
2978,CrossQ,env1,680000,-22286.9375
2979,CrossQ,env1,682136,-21287.896484375
2980,CrossQ,env1,684136,-23394.2265625
2981,CrossQ,env1,686076,-25497.251953125
2982,CrossQ,env1,690000,-24608.0390625
2983,CrossQ,env1,690076,-24611.16796875
2984,CrossQ,env1,694076,-22623.25390625
2985,CrossQ,env1,696132,-24032.3671875
2986,CrossQ,env1,700000,-23081.35546875
2987,CrossQ,env1,700132,-23081.494140625
2988,CrossQ,env1,704132,-22185.517578125
2989,CrossQ,env1,708132,-22339.248046875
2990,CrossQ,env1,710000,-21629.078125
2991,CrossQ,env1,710624,-20839.1640625
2992,CrossQ,env1,714624,-19156.125
2993,CrossQ,env1,718624,-18118.6953125
2994,CrossQ,env1,720000,-19409.888671875
2995,CrossQ,env1,722624,-19575.115234375
2996,CrossQ,env1,726624,-20303.15625
2997,CrossQ,env1,727060,-19540.28515625
2998,CrossQ,env1,730000,-19545.587890625
2999,CrossQ,env1,730700,-18687.318359375
3000,CrossQ,env1,734624,-18925.16796875
3001,CrossQ,env1,738624,-15059.9287109375
3002,CrossQ,env1,740000,-14268.150390625
3003,CrossQ,env1,742624,-12281.8505859375
3004,CrossQ,env1,746624,-11428.6220703125
3005,CrossQ,env1,750000,-11350.45703125
3006,CrossQ,env1,750052,-12476.45703125
3007,CrossQ,env1,752716,-13757.04296875
3008,CrossQ,env1,754980,-14827.919921875
3009,CrossQ,env1,758268,-17041.916015625
3010,CrossQ,env1,760000,-17289.71875
3011,CrossQ,env1,760716,-17412.2109375
3012,CrossQ,env1,763936,-17170.16015625
3013,CrossQ,env1,767936,-14109.287109375
3014,CrossQ,env1,770000,-13106.0576171875
3015,CrossQ,env1,771272,-11113.4375
3016,CrossQ,env1,775272,-10018.853515625
3017,CrossQ,env1,779272,-10036.2158203125
3018,CrossQ,env1,780000,-8949.8857421875
3019,CrossQ,env1,782700,-7751.00439453125
3020,CrossQ,env1,786700,-7727.08740234375
3021,CrossQ,env1,790000,-7626.8310546875
3022,CrossQ,env1,790700,-7461.9130859375
3023,CrossQ,env1,793084,-8400.06640625
3024,CrossQ,env1,795936,-8106.05419921875
3025,CrossQ,env1,799936,-9951.40625
3026,CrossQ,env1,800000,-9951.40625
3027,CrossQ,env1,801716,-11093.9560546875
3028,CrossQ,env1,805716,-8653.771484375
3029,CrossQ,env1,809716,-8588.1611328125
3030,CrossQ,env1,810000,-9581.380859375
3031,CrossQ,env1,812496,-9353.140625
3032,CrossQ,env1,816496,-7940.27734375
3033,CrossQ,env1,820000,-5618.52880859375
3034,CrossQ,env1,820496,-5621.97900390625
3035,CrossQ,env1,824496,-5518.9912109375
3036,CrossQ,env1,828496,-6454.75
3037,CrossQ,env1,830000,-6466.47998046875
3038,CrossQ,env1,832444,-7422.60009765625
3039,CrossQ,env1,833800,-6269.8359375
3040,CrossQ,env1,837032,-7091.53564453125
3041,CrossQ,env1,840000,-6059.50927734375
3042,CrossQ,env1,841032,-5980.5263671875
3043,CrossQ,env1,844320,-4739.4912109375
3044,CrossQ,env1,846332,-5751.40869140625
3045,CrossQ,env1,847924,-6482.8876953125
3046,CrossQ,env1,850000,-6344.5078125
3047,CrossQ,env1,851924,-6472.07080078125
3048,CrossQ,env1,854332,-7647.26708984375
3049,CrossQ,env1,856500,-9891.1513671875
3050,CrossQ,env1,858544,-12804.5439453125
3051,CrossQ,env1,860000,-13791.8037109375
3052,CrossQ,env1,861876,-12686.62109375
3053,CrossQ,env1,864860,-13569.259765625
3054,CrossQ,env1,868500,-14853.3349609375
3055,CrossQ,env1,870000,-15809.1015625
3056,CrossQ,env1,870492,-14628.197265625
3057,CrossQ,env1,873876,-15559.380859375
3058,CrossQ,env1,877492,-15395.1806640625
3059,CrossQ,env1,880000,-15419.0615234375
3060,CrossQ,env1,881492,-15224.4765625
3061,CrossQ,env1,884728,-16312.064453125
3062,CrossQ,env1,887596,-16306.5009765625
3063,CrossQ,env1,890000,-16339.2255859375
3064,CrossQ,env1,891596,-15341.1455078125
3065,CrossQ,env1,893772,-16881.197265625
3066,CrossQ,env1,895652,-19057.55078125
3067,CrossQ,env1,899652,-20084.4375
3068,CrossQ,env1,900000,-21310.708984375
3069,CrossQ,env1,901116,-22489.453125
3070,CrossQ,env1,902484,-24353.01953125
3071,CrossQ,env1,905340,-26356.58203125
3072,CrossQ,env1,907472,-26653.0859375
3073,CrossQ,env1,910000,-27629.17578125
3074,CrossQ,env1,911356,-27686.021484375
3075,CrossQ,env1,914304,-28063.546875
3076,CrossQ,env1,918304,-27069.2890625
3077,CrossQ,env1,920000,-28080.41015625
3078,CrossQ,env1,920692,-28311.650390625
3079,CrossQ,env1,923588,-29435.69921875
3080,CrossQ,env1,926612,-28332.443359375
3081,CrossQ,env1,929812,-29321.22265625
3082,CrossQ,env1,930000,-29321.22265625
3083,CrossQ,env1,933812,-26475.65625
3084,CrossQ,env1,936872,-28507.162109375
3085,CrossQ,env1,940000,-28412.595703125
3086,CrossQ,env1,940524,-29424.298828125
3087,CrossQ,env1,942500,-31112.875
3088,CrossQ,env1,946500,-30180.26171875
3089,CrossQ,env1,949912,-28091.806640625
3090,CrossQ,env1,950000,-29221.626953125
3091,CrossQ,env1,952524,-28240.796875
3092,CrossQ,env1,955468,-29143.732421875
3093,CrossQ,env1,958928,-30622.0625
3094,CrossQ,env1,960000,-30622.0625
3095,CrossQ,env1,962928,-30112.927734375
3096,CrossQ,env1,966204,-30468.03515625
3097,CrossQ,env1,969788,-28057.107421875
3098,CrossQ,env1,970000,-26870.701171875
3099,CrossQ,env1,971280,-28147.740234375
3100,CrossQ,env1,975248,-28182.158203125
3101,CrossQ,env1,978108,-27160.396484375
3102,CrossQ,env1,980000,-28277.28515625
3103,CrossQ,env1,982108,-25077.35546875
3104,CrossQ,env1,986068,-24650.46875
3105,CrossQ,env1,987348,-25369.095703125
3106,CrossQ,env1,990000,-26358.025390625
3107,CrossQ,env1,990948,-26428.337890625
3108,CrossQ,env1,994948,-25819.619140625
3109,CrossQ,env1,997468,-26873.302734375
3110,CrossQ,env1,998768,-28103.5390625
3111,CrossQ,env1,1000000,-28212.2890625
3112,CrossQ,env1,1002360,-29706.607421875
3113,CrossQ,env1,1005504,-31053.85546875
3114,CrossQ,env1,1009504,-30308.384765625
3115,CrossQ,env1,1010000,-30434.56640625
3116,CrossQ,env1,1013504,-30351.80859375
3117,CrossQ,env1,1017504,-28997.5546875
3118,CrossQ,env1,1020000,-28608.857421875
3119,CrossQ,env1,1021504,-27737.607421875
3120,CrossQ,env1,1025504,-25344.994140625
3121,CrossQ,env1,1029504,-24815.263671875
3122,CrossQ,env1,1030000,-24816.3125
3123,CrossQ,env1,1032576,-26308.69140625
3124,CrossQ,env1,1036576,-25902.345703125
3125,CrossQ,env1,1040000,-24536.033203125
3126,CrossQ,env1,1040576,-24536.533203125
3127,CrossQ,env1,1042556,-23582.93359375
3128,CrossQ,env1,1046556,-23494.423828125
3129,CrossQ,env1,1050000,-25107.513671875
3130,CrossQ,env1,1050556,-24217.53125
3131,CrossQ,env1,1054556,-25917.41796875
3132,CrossQ,env1,1058556,-24331.732421875
3133,CrossQ,env1,1060000,-23367.53125
3134,CrossQ,env1,1062556,-24822.865234375
3135,CrossQ,env1,1065300,-25749.115234375
3136,CrossQ,env1,1069300,-26161.45703125
3137,CrossQ,env1,1070000,-25278.236328125
3138,CrossQ,env1,1073300,-24471.279296875
3139,CrossQ,env1,1077300,-21012.529296875
3140,CrossQ,env1,1080000,-20140.619140625
3141,CrossQ,env1,1080808,-20108.283203125
3142,CrossQ,env1,1084808,-19995.333984375
3143,CrossQ,env1,1088808,-16982.080078125
3144,CrossQ,env1,1090000,-15041.8798828125
3145,CrossQ,env1,1092808,-13172.6923828125
3146,CrossQ,env1,1096808,-10848.3271484375
3147,CrossQ,env1,1100000,-9957.7265625
3148,CrossQ,env1,1100364,-9747.0263671875
3149,CrossQ,env1,1104364,-7512.43115234375
3150,CrossQ,env1,1108364,-7945.18408203125
3151,CrossQ,env1,1110000,-8054.98828125
3152,CrossQ,env1,1112364,-6924.888671875
3153,CrossQ,env1,1116364,-6919.138671875
3154,CrossQ,env1,1120000,-7040.79345703125
3155,CrossQ,env1,1120364,-7159.68505859375
3156,CrossQ,env1,1124364,-7165.26513671875
3157,CrossQ,env1,1128364,-6289.17529296875
3158,CrossQ,env1,1130000,-5504.7919921875
3159,CrossQ,env1,1132364,-5207.6416015625
3160,CrossQ,env1,1136364,-5156.19189453125
3161,CrossQ,env1,1140000,-4191.091796875
3162,CrossQ,env1,1140364,-4188.94189453125
3163,CrossQ,env1,1144364,-4407.61181640625
3164,CrossQ,env1,1148020,-2826.2216796875
3165,CrossQ,env1,1150000,-2827.371826171875
3166,CrossQ,env1,1152020,-2827.32177734375
3167,CrossQ,env1,1156020,-2790.7216796875
3168,CrossQ,env1,1160000,-1786.271728515625
3169,CrossQ,env1,1160020,-1785.871826171875
3170,CrossQ,env1,1164020,1006.9982299804688
3171,CrossQ,env1,1167836,1014.0256958007812
3172,CrossQ,env1,1170000,248.17572021484375
3173,CrossQ,env1,1171836,249.42572021484375
3174,CrossQ,env1,1174040,-721.7243041992188
3175,CrossQ,env1,1174464,-3705.404296875
3176,CrossQ,env1,1174904,-6129.5244140625
3177,CrossQ,env1,1178904,-7713.7412109375
3178,CrossQ,env1,1180000,-7713.09130859375
3179,CrossQ,env1,1182904,-7603.6513671875
3180,CrossQ,env1,1185848,-10657.87109375
3181,CrossQ,env1,1186904,-12758.87109375
3182,CrossQ,env1,1190000,-15114.0771484375
3183,CrossQ,env1,1190600,-16084.52734375
3184,CrossQ,env1,1194516,-16945.056640625
3185,CrossQ,env1,1198516,-16483.18359375
3186,CrossQ,env1,1198816,-18109.154296875
3187,CrossQ,env1,1200000,-19063.703125
3188,CrossQ,env1,1202668,-19925.869140625
3189,CrossQ,env1,1205496,-21018.009765625
3190,CrossQ,env1,1207900,-23827.580078125
3191,CrossQ,env1,1210000,-24835.830078125
3192,CrossQ,env1,1211820,-23202.9609375
3193,CrossQ,env1,1213816,-24865.521484375
3194,CrossQ,env1,1215900,-25366.5390625
3195,CrossQ,env1,1219052,-29753.087890625
3196,CrossQ,env1,1220000,-29753.087890625
3197,CrossQ,env1,1222320,-30832.5390625
3198,CrossQ,env1,1226320,-32142.337890625
3199,CrossQ,env1,1230000,-32145.638671875
3200,CrossQ,env1,1230320,-32147.5390625
3201,CrossQ,env1,1234320,-32202.48828125
3202,CrossQ,env1,1237040,-34073.2265625
3203,CrossQ,env1,1237720,-37018.66015625
3204,CrossQ,env1,1238060,-39885.20703125
3205,CrossQ,env1,1238740,-41665.640625
3206,CrossQ,env1,1240000,-41640.54296875
3207,CrossQ,env1,1240172,-41540.90234375
3208,CrossQ,env1,1241868,-41882.08203125
3209,CrossQ,env1,1243232,-43170.82421875
3210,CrossQ,env1,1245940,-46719.64453125
3211,CrossQ,env1,1249940,-45405.29296875
3212,CrossQ,env1,1250000,-45405.29296875
3213,CrossQ,env1,1251900,-44047.1015625
3214,CrossQ,env1,1255408,-43093.75390625
3215,CrossQ,env1,1259408,-42227.421875
3216,CrossQ,env1,1260000,-42227.421875
3217,CrossQ,env1,1263408,-42689.84765625
3218,CrossQ,env1,1266588,-43542.42578125
3219,CrossQ,env1,1270000,-41150.875
3220,CrossQ,env1,1270588,-41033.95703125
3221,CrossQ,env1,1273024,-41511.57421875
3222,CrossQ,env1,1274908,-42149.02734375
3223,CrossQ,env1,1276420,-46438.375
3224,CrossQ,env1,1277580,-47105.25390625
3225,CrossQ,env1,1278612,-50464.10546875
3226,CrossQ,env1,1280000,-50190.9375
3227,CrossQ,env1,1282612,-47833.9453125
3228,CrossQ,env1,1285084,-48537.171875
3229,CrossQ,env1,1289084,-48342.234375
3230,CrossQ,env1,1290000,-48488.28515625
3231,CrossQ,env1,1292516,-51434.36328125
3232,CrossQ,env1,1295392,-53086.12109375
3233,CrossQ,env1,1298304,-52090.4453125
3234,CrossQ,env1,1300000,-51058.765625
3235,CrossQ,env1,1300148,-51080.8671875
3236,CrossQ,env1,1303652,-48361.05859375
3237,CrossQ,env1,1305760,-46960.921875
3238,CrossQ,env1,1307728,-45799.6875
3239,CrossQ,env1,1310000,-44576.33984375
3240,CrossQ,env1,1311096,-44458.8046875
3241,CrossQ,env1,1312816,-43281.484375
3242,CrossQ,env1,1314248,-42333.515625
3243,CrossQ,env1,1317896,-42325.40234375
3244,CrossQ,env1,1320000,-41335.6328125
3245,CrossQ,env1,1321896,-41384.91015625
3246,CrossQ,env1,1325772,-42916.58984375
3247,CrossQ,env1,1329444,-44630.15234375
3248,CrossQ,env1,1330000,-44631.25390625
3249,CrossQ,env1,1330476,-44042.54296875
3250,CrossQ,env1,1332260,-42678.7734375
3251,CrossQ,env1,1334332,-41506.9765625
3252,CrossQ,env1,1335892,-43376.30859375
3253,CrossQ,env1,1337648,-43345.14453125
3254,CrossQ,env1,1340000,-42895.48828125
3255,CrossQ,env1,1340024,-42796.1953125
3256,CrossQ,env1,1342740,-42688.1484375
3257,CrossQ,env1,1344024,-41247.9296875
3258,CrossQ,env1,1346080,-43037.03515625
3259,CrossQ,env1,1347616,-42835.4765625
3260,CrossQ,env1,1350000,-43681.42578125
3261,CrossQ,env1,1350684,-43306.69921875
3262,CrossQ,env1,1352396,-42716.0625
3263,CrossQ,env1,1354728,-42245.5390625
3264,CrossQ,env1,1357240,-44793.109375
3265,CrossQ,env1,1358116,-45201.6328125
3266,CrossQ,env1,1359340,-47471.6015625
3267,CrossQ,env1,1360000,-49521.9453125
3268,CrossQ,env1,1360896,-49521.90234375
3269,CrossQ,env1,1362232,-50456.77734375
3270,CrossQ,env1,1364620,-51445.3359375
3271,CrossQ,env1,1365896,-52203.79296875
3272,CrossQ,env1,1367080,-53119.47265625
3273,CrossQ,env1,1369896,-53829.140625
3274,CrossQ,env1,1370000,-53829.140625
3275,CrossQ,env1,1371512,-55595.59375
3276,CrossQ,env1,1374800,-55168.68359375
3277,CrossQ,env1,1378560,-54931.48046875
3278,CrossQ,env1,1380000,-55788.18359375
3279,CrossQ,env1,1382560,-56851.671875
3280,CrossQ,env1,1384092,-57960.48046875
3281,CrossQ,env1,1386216,-63233.0390625
3282,CrossQ,env1,1388320,-62220.734375
3283,CrossQ,env1,1390000,-61229.1484375
3284,CrossQ,env1,1390300,-61243.171875
3285,CrossQ,env1,1394300,-58158.90625
3286,CrossQ,env1,1396588,-58269.5078125
3287,CrossQ,env1,1400000,-58189.609375
3288,CrossQ,env1,1400256,-59085.0546875
3289,CrossQ,env1,1404240,-55667.7734375
3290,CrossQ,env1,1404684,-54548.95703125
3291,CrossQ,env1,1404992,-56759.13671875
3292,CrossQ,env1,1408256,-55581.421875
3293,CrossQ,env1,1410000,-57072.58203125
3294,CrossQ,env1,1410804,-58065.12109375
3295,CrossQ,env1,1413364,-56073.2109375
3296,CrossQ,env1,1415784,-56273.26953125
3297,CrossQ,env1,1417840,-55292.43359375
3298,CrossQ,env1,1420000,-53100.375
3299,CrossQ,env1,1421536,-52007.91015625
3300,CrossQ,env1,1423848,-50813.7734375
3301,CrossQ,env1,1424828,-50718.37890625
3302,CrossQ,env1,1425640,-51901.1796875
3303,CrossQ,env1,1427752,-51900.484375
3304,CrossQ,env1,1430000,-51910.9765625
3305,CrossQ,env1,1431752,-52014.078125
3306,CrossQ,env1,1434116,-50025.140625
3307,CrossQ,env1,1437596,-51325.94140625
3308,CrossQ,env1,1438796,-51613.69921875
3309,CrossQ,env1,1440000,-51707.39453125
3310,CrossQ,env1,1442032,-53803.9453125
3311,CrossQ,env1,1443416,-54307.5703125
3312,CrossQ,env1,1444908,-54715.25390625
3313,CrossQ,env1,1447080,-56112.66015625
3314,CrossQ,env1,1449168,-57284.546875
3315,CrossQ,env1,1450000,-58480.6328125
3316,CrossQ,env1,1450988,-60673.88671875
3317,CrossQ,env1,1454460,-60865.23046875
3318,CrossQ,env1,1457168,-59062.9296875
3319,CrossQ,env1,1458400,-62342.0
3320,CrossQ,env1,1460000,-63330.16796875
3321,CrossQ,env1,1460460,-63233.37109375
3322,CrossQ,env1,1462996,-61755.83203125
3323,CrossQ,env1,1465212,-61855.61328125
3324,CrossQ,env1,1467228,-60449.7265625
3325,CrossQ,env1,1468688,-62336.421875
3326,CrossQ,env1,1470000,-62336.421875
3327,CrossQ,env1,1472348,-61343.68359375
3328,CrossQ,env1,1475472,-62551.48828125
3329,CrossQ,env1,1479472,-63860.9765625
3330,CrossQ,env1,1480000,-62965.4453125
3331,CrossQ,env1,1482192,-62968.1484375
3332,CrossQ,env1,1483772,-63066.1328125
3333,CrossQ,env1,1486204,-63286.015625
3334,CrossQ,env1,1488680,-60228.0703125
3335,CrossQ,env1,1490000,-60228.0703125
3336,CrossQ,env1,1490736,-61121.57421875
3337,CrossQ,env1,1494240,-63216.28515625
3338,CrossQ,env1,1497768,-62117.61328125
3339,CrossQ,env1,1500000,-61118.99609375
3340,CrossQ,env1,1500684,-60134.64453125
3341,CrossQ,env1,1504516,-57151.390625
3342,CrossQ,env1,1506868,-55750.08203125
3343,CrossQ,env1,1510000,-53561.87109375
3344,CrossQ,env1,1510240,-52467.6015625
3345,CrossQ,env1,1513068,-51081.23828125
3346,CrossQ,env1,1516760,-50086.65234375
3347,CrossQ,env1,1520000,-47198.5703125
3348,CrossQ,env1,1520760,-46307.21484375
3349,CrossQ,env1,1524760,-44528.89453125
3350,CrossQ,env1,1526152,-45023.0390625
3351,CrossQ,env1,1527688,-44342.171875
3352,CrossQ,env1,1530000,-45541.01953125
3353,CrossQ,env1,1531688,-43557.5625
3354,CrossQ,env1,1535688,-40674.484375
3355,CrossQ,env1,1539688,-38683.3515625
3356,CrossQ,env1,1540000,-37691.859375
3357,CrossQ,env1,1543688,-35909.84765625
3358,CrossQ,env1,1547428,-33233.73046875
3359,CrossQ,env1,1548124,-32629.939453125
3360,CrossQ,env1,1549328,-32301.521484375
3361,CrossQ,env1,1550000,-32301.521484375
3362,CrossQ,env1,1553328,-30307.927734375
3363,CrossQ,env1,1557328,-28213.154296875
3364,CrossQ,env1,1560000,-27217.1484375
3365,CrossQ,env1,1561328,-24239.615234375
3366,CrossQ,env1,1565128,-22045.630859375
3367,CrossQ,env1,1569128,-22127.921875
3368,CrossQ,env1,1570000,-20130.203125
3369,CrossQ,env1,1573128,-18241.654296875
3370,CrossQ,env1,1575048,-16236.3271484375
3371,CrossQ,env1,1577232,-16428.333984375
3372,CrossQ,env1,1580000,-17563.099609375
3373,CrossQ,env1,1581232,-16408.1796875
3374,CrossQ,env1,1584516,-17593.99609375
3375,CrossQ,env1,1587724,-17499.73046875
3376,CrossQ,env1,1589928,-17986.544921875
3377,CrossQ,env1,1590000,-17986.544921875
3378,CrossQ,env1,1593928,-16087.2236328125
3379,CrossQ,env1,1597928,-13004.173828125
3380,CrossQ,env1,1600000,-13106.5693359375
3381,CrossQ,env1,1601928,-13002.650390625
3382,CrossQ,env1,1605928,-13690.3759765625
3383,CrossQ,env1,1607936,-13188.17578125
3384,CrossQ,env1,1610000,-12096.2060546875
3385,CrossQ,env1,1611728,-11893.8935546875
3386,CrossQ,env1,1612960,-11781.54296875
3387,CrossQ,env1,1615696,-15659.4658203125
3388,CrossQ,env1,1617192,-19950.158203125
3389,CrossQ,env1,1618140,-24018.400390625
3390,CrossQ,env1,1618640,-26981.1328125
3391,CrossQ,env1,1619488,-28961.220703125
3392,CrossQ,env1,1620000,-29162.177734375
3393,CrossQ,env1,1620248,-28470.712890625
3394,CrossQ,env1,1624248,-30664.1796875
3395,CrossQ,env1,1627480,-32769.91015625
3396,CrossQ,env1,1629736,-34758.28125
3397,CrossQ,env1,1630000,-34758.28125
3398,CrossQ,env1,1633092,-36749.0625
3399,CrossQ,env1,1637092,-36650.87109375
3400,CrossQ,env1,1639204,-38645.05078125
3401,CrossQ,env1,1640000,-38645.0625
3402,CrossQ,env1,1641240,-38706.61328125
3403,CrossQ,env1,1643716,-38298.4453125
3404,CrossQ,env1,1645080,-40098.47265625
3405,CrossQ,env1,1648240,-38603.33203125
3406,CrossQ,env1,1650000,-38603.33203125
3407,CrossQ,env1,1652240,-36604.63671875
3408,CrossQ,env1,1656240,-35020.25
3409,CrossQ,env1,1660000,-35019.4609375
3410,CrossQ,env1,1660240,-34924.19921875
3411,CrossQ,env1,1664176,-36615.5859375
3412,CrossQ,env1,1665536,-39386.49609375
3413,CrossQ,env1,1667236,-41367.171875
3414,CrossQ,env1,1669880,-41366.74609375
3415,CrossQ,env1,1670000,-41366.74609375
3416,CrossQ,env1,1673880,-39269.83203125
3417,CrossQ,env1,1675364,-41163.63671875
3418,CrossQ,env1,1677880,-40165.52734375
3419,CrossQ,env1,1680000,-40156.51171875
3420,CrossQ,env1,1680632,-40163.6484375
3421,CrossQ,env1,1682828,-38982.61328125
3422,CrossQ,env1,1686176,-36807.05078125
3423,CrossQ,env1,1690000,-33532.94921875
3424,CrossQ,env1,1690176,-32340.02734375
3425,CrossQ,env1,1694176,-29760.857421875
3426,CrossQ,env1,1696416,-30545.291015625
3427,CrossQ,env1,1700000,-30540.947265625
3428,CrossQ,env1,1700416,-30539.162109375
3429,CrossQ,env1,1703088,-29438.849609375
3430,CrossQ,env1,1704220,-29421.6484375
3431,CrossQ,env1,1707428,-29414.435546875
3432,CrossQ,env1,1709380,-29403.169921875
3433,CrossQ,env1,1710000,-29403.169921875
3434,CrossQ,env1,1711584,-31334.84375
3435,CrossQ,env1,1712924,-33442.7109375
3436,CrossQ,env1,1716172,-34444.79296875
3437,CrossQ,env1,1720000,-35647.66796875
3438,CrossQ,env1,1720172,-34649.8046875
3439,CrossQ,env1,1723460,-35849.42578125
3440,CrossQ,env1,1726016,-39034.515625
3441,CrossQ,env1,1728972,-40123.109375
3442,CrossQ,env1,1730000,-40221.2265625
3443,CrossQ,env1,1731740,-40321.99609375
3444,CrossQ,env1,1734420,-39339.83203125
3445,CrossQ,env1,1737568,-38356.2578125
3446,CrossQ,env1,1739980,-39365.02734375
3447,CrossQ,env1,1740000,-39365.02734375
3448,CrossQ,env1,1743872,-40475.1875
3449,CrossQ,env1,1747280,-37432.99609375
3450,CrossQ,env1,1750000,-36541.61328125
3451,CrossQ,env1,1750544,-36674.0234375
3452,CrossQ,env1,1753956,-34418.01953125
3453,CrossQ,env1,1755128,-34755.73828125
3454,CrossQ,env1,1758352,-36068.5
3455,CrossQ,env1,1760000,-38319.13671875
3456,CrossQ,env1,1760796,-40440.015625
3457,CrossQ,env1,1761220,-43165.0078125
3458,CrossQ,env1,1762920,-44472.47265625
3459,CrossQ,env1,1763948,-45590.76171875
3460,CrossQ,env1,1764600,-48763.88671875
3461,CrossQ,env1,1765920,-48113.390625
3462,CrossQ,env1,1766784,-51198.140625
3463,CrossQ,env1,1768144,-53486.85546875
3464,CrossQ,env1,1770000,-53682.5390625
3465,CrossQ,env1,1771740,-52793.95703125
3466,CrossQ,env1,1773940,-51309.45703125
3467,CrossQ,env1,1777484,-48532.703125
3468,CrossQ,env1,1780000,-49631.296875
3469,CrossQ,env1,1780280,-49627.90234375
3470,CrossQ,env1,1782632,-52918.6796875
3471,CrossQ,env1,1783896,-53911.7734375
3472,CrossQ,env1,1787896,-52937.07421875
3473,CrossQ,env1,1790000,-52145.5
3474,CrossQ,env1,1790632,-52146.26171875
3475,CrossQ,env1,1791360,-54426.6484375
3476,CrossQ,env1,1795360,-52632.7421875
3477,CrossQ,env1,1797644,-51948.859375
3478,CrossQ,env1,1799908,-54178.19140625
3479,CrossQ,env1,1800000,-54178.19140625
3480,CrossQ,env1,1801940,-57524.91015625
3481,CrossQ,env1,1805940,-56300.296875
3482,CrossQ,env1,1806808,-57465.9609375
3483,CrossQ,env1,1809940,-57275.20703125
3484,CrossQ,env1,1810000,-57275.20703125
3485,CrossQ,env1,1812948,-56911.09375
3486,CrossQ,env1,1814144,-55816.3515625
3487,CrossQ,env1,1814484,-55564.80859375
3488,CrossQ,env1,1814744,-55640.671875
3489,CrossQ,env1,1815000,-56886.921875
3490,CrossQ,env1,1817052,-55901.57421875
3491,CrossQ,env1,1817772,-56859.07421875
3492,CrossQ,env1,1818432,-57148.5703125
3493,CrossQ,env1,1818896,-57142.3359375
3494,CrossQ,env1,1820000,-57141.86328125
3495,CrossQ,env1,1821788,-57138.625
3496,CrossQ,env1,1823940,-58827.5234375
3497,CrossQ,env1,1826940,-60750.6953125
3498,CrossQ,env1,1830000,-60700.5703125
3499,CrossQ,env1,1830240,-61705.49609375
3500,CrossQ,env1,1832712,-58394.14453125
3501,CrossQ,env1,1835660,-56525.98046875
3502,CrossQ,env1,1836456,-59786.13671875
3503,CrossQ,env1,1840000,-60776.81640625
3504,CrossQ,env1,1840136,-60878.578125
3505,CrossQ,env1,1844116,-58748.08984375
3506,CrossQ,env1,1848116,-57587.58984375
3507,CrossQ,env1,1850000,-57270.00390625
3508,CrossQ,env1,1850268,-56274.97265625
3509,CrossQ,env1,1853408,-54134.66796875
3510,CrossQ,env1,1857408,-52353.203125
3511,CrossQ,env1,1859620,-52551.71484375
3512,CrossQ,env1,1860000,-52551.71484375
3513,CrossQ,env1,1863448,-50346.56640625
3514,CrossQ,env1,1866640,-49302.7734375
3515,CrossQ,env1,1868796,-49451.19921875
3516,CrossQ,env1,1870000,-49559.18359375
3517,CrossQ,env1,1870184,-49561.05859375
3518,CrossQ,env1,1872256,-49570.109375
3519,CrossQ,env1,1874184,-48490.26171875
3520,CrossQ,env1,1875788,-48408.09765625
3521,CrossQ,env1,1877888,-49624.34765625
3522,CrossQ,env1,1880000,-48638.78515625
3523,CrossQ,env1,1880704,-46655.75390625
3524,CrossQ,env1,1882488,-45804.2109375
3525,CrossQ,env1,1886024,-43822.40625
3526,CrossQ,env1,1886536,-44912.34375
3527,CrossQ,env1,1888284,-44901.14453125
3528,CrossQ,env1,1889116,-45838.2265625
3529,CrossQ,env1,1889220,-47150.21875
3530,CrossQ,env1,1889324,-50536.41796875
3531,CrossQ,env1,1889428,-52586.46484375
3532,CrossQ,env1,1889532,-52674.1484375
3533,CrossQ,env1,1889636,-54744.046875
3534,CrossQ,env1,1889740,-56961.9140625
3535,CrossQ,env1,1889860,-61284.45703125
3536,CrossQ,env1,1889996,-64645.86328125
3537,CrossQ,env1,1890000,-64645.86328125
3538,CrossQ,env1,1890168,-67909.5234375
3539,CrossQ,env1,1890380,-69672.015625
3540,CrossQ,env1,1890596,-71847.2578125
3541,CrossQ,env1,1890752,-75215.2734375
3542,CrossQ,env1,1890904,-76392.9765625
3543,CrossQ,env1,1891088,-77666.6796875
3544,CrossQ,env1,1891880,-78544.296875
3545,CrossQ,env1,1894056,-79641.7578125
3546,CrossQ,env1,1896280,-78651.109375
3547,CrossQ,env1,1899568,-77651.625
3548,CrossQ,env1,1900000,-76752.484375
3549,CrossQ,env1,1901424,-75750.9296875
3550,CrossQ,env1,1904044,-75645.0703125
3551,CrossQ,env1,1908044,-74334.6328125
3552,CrossQ,env1,1910000,-74334.6328125
3553,CrossQ,env1,1911464,-74245.375
3554,CrossQ,env1,1915224,-71067.9609375
3555,CrossQ,env1,1916580,-70076.40625
3556,CrossQ,env1,1917952,-70283.234375
3557,CrossQ,env1,1918476,-70292.875
3558,CrossQ,env1,1920000,-69310.3515625
3559,CrossQ,env1,1920908,-69314.2890625
3560,CrossQ,env1,1923040,-68347.5390625
3561,CrossQ,env1,1925128,-66278.2578125
3562,CrossQ,env1,1929128,-63022.55859375
3563,CrossQ,env1,1930000,-63024.5078125
3564,CrossQ,env1,1933128,-59961.09765625
3565,CrossQ,env1,1935892,-57002.0234375
3566,CrossQ,env1,1939724,-53743.69140625
3567,CrossQ,env1,1940000,-53743.69140625
3568,CrossQ,env1,1943724,-50691.41796875
3569,CrossQ,env1,1945628,-49819.09375
3570,CrossQ,env1,1949628,-47844.1484375
3571,CrossQ,env1,1950000,-47855.6484375
3572,CrossQ,env1,1953628,-45889.5234375
3573,CrossQ,env1,1957628,-42526.421875
3574,CrossQ,env1,1960000,-40349.375
3575,CrossQ,env1,1960648,-39368.0625
3576,CrossQ,env1,1964448,-35197.765625
3577,CrossQ,env1,1965764,-32219.955078125
3578,CrossQ,env1,1969764,-31230.421875
3579,CrossQ,env1,1970000,-31230.421875
3580,CrossQ,env1,1973748,-29255.85546875
3581,CrossQ,env1,1977748,-27269.380859375
3582,CrossQ,env1,1980000,-28068.384765625
3583,CrossQ,env1,1980996,-29267.365234375
3584,CrossQ,env1,1984996,-27574.955078125
3585,CrossQ,env1,1988976,-27578.11328125
3586,CrossQ,env1,1990000,-26588.30078125
3587,CrossQ,env1,1991836,-27785.603515625
3588,CrossQ,env1,1994720,-26890.46484375
3589,CrossQ,env1,1997568,-24918.28125
3590,CrossQ,env1,1999376,-22754.49609375
3591,CrossQ,env1,2000000,-22754.49609375
3592,CrossQ,env2,196,-100465.0
3593,CrossQ,env2,280,-100331.25
3594,CrossQ,env2,376,-100294.1640625
3595,CrossQ,env2,480,-100285.625
3596,CrossQ,env2,672,-100297.5
3597,CrossQ,env2,820,-100300.4140625
3598,CrossQ,env2,948,-100304.2890625
3599,CrossQ,env2,1088,-100305.625
3600,CrossQ,env2,1340,-100055.8359375
3601,CrossQ,env2,1544,-100095.5
3602,CrossQ,env2,2008,-100163.8671875
3603,CrossQ,env2,2508,-99848.1640625
3604,CrossQ,env2,2832,-99709.015625
3605,CrossQ,env2,3312,-99798.015625
3606,CrossQ,env2,3768,-99884.9765625
3607,CrossQ,env2,3996,-99323.59375
3608,CrossQ,env2,4536,-98518.3984375
3609,CrossQ,env2,5168,-97820.171875
3610,CrossQ,env2,5428,-97978.71875
3611,CrossQ,env2,5992,-97869.4921875
3612,CrossQ,env2,6504,-97659.6953125
3613,CrossQ,env2,7068,-97793.5703125
3614,CrossQ,env2,7640,-97829.34375
3615,CrossQ,env2,8344,-97749.4765625
3616,CrossQ,env2,8940,-97661.171875
3617,CrossQ,env2,9636,-96609.7734375
3618,CrossQ,env2,10600,-96625.5703125
3619,CrossQ,env2,11228,-95273.6484375
3620,CrossQ,env2,11660,-94983.25
3621,CrossQ,env2,11980,-94947.6484375
3622,CrossQ,env2,12328,-94664.2734375
3623,CrossQ,env2,13052,-94489.7734375
3624,CrossQ,env2,13692,-93349.3125
3625,CrossQ,env2,14084,-93269.8828125
3626,CrossQ,env2,14336,-93168.53125
3627,CrossQ,env2,15540,-93219.6328125
3628,CrossQ,env2,16188,-93110.203125
3629,CrossQ,env2,16496,-93318.015625
3630,CrossQ,env2,17028,-93213.796875
3631,CrossQ,env2,17976,-92294.59375
3632,CrossQ,env2,19544,-92336.796875
3633,CrossQ,env2,20348,-92698.5
3634,CrossQ,env2,20436,-93076.5234375
3635,CrossQ,env2,20552,-93050.4296875
3636,CrossQ,env2,20728,-93229.453125
3637,CrossQ,env2,20924,-93506.3046875
3638,CrossQ,env2,21184,-93301.96875
3639,CrossQ,env2,21628,-93278.015625
3640,CrossQ,env2,22788,-93195.0703125
3641,CrossQ,env2,23244,-93270.7890625
3642,CrossQ,env2,24348,-94146.5859375
3643,CrossQ,env2,24644,-93991.5859375
3644,CrossQ,env2,27056,-95318.75
3645,CrossQ,env2,27448,-94704.953125
3646,CrossQ,env2,27812,-94743.1484375
3647,CrossQ,env2,28548,-95179.0234375
3648,CrossQ,env2,28904,-95197.828125
3649,CrossQ,env2,29812,-96073.4765625
3650,CrossQ,env2,30380,-96055.234375
3651,CrossQ,env2,30732,-96006.125
3652,CrossQ,env2,31040,-95245.4375
3653,CrossQ,env2,31516,-95258.5625
3654,CrossQ,env2,31908,-95139.53125
3655,CrossQ,env2,33532,-95103.59375
3656,CrossQ,env2,33880,-95941.390625
3657,CrossQ,env2,35240,-96013.3203125
3658,CrossQ,env2,35608,-96281.3046875
3659,CrossQ,env2,36016,-96496.0625
3660,CrossQ,env2,37168,-96458.515625
3661,CrossQ,env2,38276,-95386.4609375
3662,CrossQ,env2,39424,-95220.1328125
3663,CrossQ,env2,40312,-95153.140625
3664,CrossQ,env2,41932,-94053.828125
3665,CrossQ,env2,42940,-94227.0546875
3666,CrossQ,env2,44696,-93957.9140625
3667,CrossQ,env2,45108,-94226.015625
3668,CrossQ,env2,45472,-94287.6875
3669,CrossQ,env2,46452,-92927.125
3670,CrossQ,env2,48284,-93372.234375
3671,CrossQ,env2,49196,-93138.484375
3672,CrossQ,env2,49800,-91713.015625
3673,CrossQ,env2,50304,-91605.4140625
3674,CrossQ,env2,51016,-91482.2421875
3675,CrossQ,env2,51260,-91483.1171875
3676,CrossQ,env2,51576,-91631.078125
3677,CrossQ,env2,51848,-90837.96875
3678,CrossQ,env2,52000,-90517.671875
3679,CrossQ,env2,52128,-90309.296875
3680,CrossQ,env2,52280,-90023.0625
3681,CrossQ,env2,52432,-89678.7578125
3682,CrossQ,env2,52584,-89943.0234375
3683,CrossQ,env2,52716,-89801.3203125
3684,CrossQ,env2,52840,-89665.0234375
3685,CrossQ,env2,52912,-89720.96875
3686,CrossQ,env2,52992,-90790.3203125
3687,CrossQ,env2,53068,-90948.75
3688,CrossQ,env2,53144,-91203.078125
3689,CrossQ,env2,53220,-92388.8984375
3690,CrossQ,env2,53296,-92469.3203125
3691,CrossQ,env2,53396,-92557.2578125
3692,CrossQ,env2,53476,-92543.2578125
3693,CrossQ,env2,53552,-92719.984375
3694,CrossQ,env2,53740,-93713.2109375
3695,CrossQ,env2,53840,-94169.703125
3696,CrossQ,env2,53948,-94394.6484375
3697,CrossQ,env2,54060,-95662.5234375
3698,CrossQ,env2,54160,-95920.21875
3699,CrossQ,env2,54268,-96303.796875
3700,CrossQ,env2,54424,-96407.6015625
3701,CrossQ,env2,54532,-96403.0
3702,CrossQ,env2,54628,-97881.203125
3703,CrossQ,env2,54712,-98363.0
3704,CrossQ,env2,54796,-98657.203125
3705,CrossQ,env2,54888,-99053.6015625
3706,CrossQ,env2,54988,-99444.296875
3707,CrossQ,env2,55116,-99440.5
3708,CrossQ,env2,55232,-99539.0
3709,CrossQ,env2,55320,-99342.0
3710,CrossQ,env2,55856,-98953.796875
3711,CrossQ,env2,56120,-98881.0
3712,CrossQ,env2,56328,-98685.1015625
3713,CrossQ,env2,56544,-98591.8984375
3714,CrossQ,env2,56656,-98429.0
3715,CrossQ,env2,56768,-98235.203125
3716,CrossQ,env2,56968,-98235.5
3717,CrossQ,env2,57128,-98237.8984375
3718,CrossQ,env2,57256,-98147.796875
3719,CrossQ,env2,57352,-98441.8984375
3720,CrossQ,env2,57484,-98243.5
3721,CrossQ,env2,57652,-97946.0
3722,CrossQ,env2,57776,-97549.6015625
3723,CrossQ,env2,58036,-97255.5
3724,CrossQ,env2,58284,-97161.1015625
3725,CrossQ,env2,58852,-97247.8984375
3726,CrossQ,env2,59632,-97014.4375
3727,CrossQ,env2,60792,-96763.4140625
3728,CrossQ,env2,61500,-96197.2578125
3729,CrossQ,env2,64104,-94767.625
3730,CrossQ,env2,64716,-94579.7265625
3731,CrossQ,env2,65448,-92122.609375
3732,CrossQ,env2,66436,-91797.0390625
3733,CrossQ,env2,66840,-91799.4375
3734,CrossQ,env2,67016,-92122.4375
3735,CrossQ,env2,67336,-92412.9375
3736,CrossQ,env2,69136,-92330.734375
3737,CrossQ,env2,69592,-91189.3671875
3738,CrossQ,env2,70408,-91321.8671875
3739,CrossQ,env2,71348,-91479.09375
3740,CrossQ,env2,71816,-91598.4453125
3741,CrossQ,env2,71972,-91703.2421875
3742,CrossQ,env2,72128,-91800.0390625
3743,CrossQ,env2,72284,-91890.140625
3744,CrossQ,env2,72456,-91890.84375
3745,CrossQ,env2,72580,-92034.890625
3746,CrossQ,env2,72836,-92334.59375
3747,CrossQ,env2,73528,-92638.96875
3748,CrossQ,env2,74380,-92675.9296875
3749,CrossQ,env2,74644,-92686.2578125
3750,CrossQ,env2,75288,-92685.859375
3751,CrossQ,env2,75684,-92848.1171875
3752,CrossQ,env2,75916,-93101.2421875
3753,CrossQ,env2,76168,-93671.0
3754,CrossQ,env2,76396,-95103.828125
3755,CrossQ,env2,76692,-94044.40625
3756,CrossQ,env2,76868,-96511.71875
3757,CrossQ,env2,77044,-96836.796875
3758,CrossQ,env2,77272,-96836.1953125
3759,CrossQ,env2,77640,-96823.5
3760,CrossQ,env2,78024,-96030.0
3761,CrossQ,env2,79600,-96119.96875
3762,CrossQ,env2,80364,-97468.4453125
3763,CrossQ,env2,81156,-97304.1796875
3764,CrossQ,env2,81640,-96311.4765625
3765,CrossQ,env2,82004,-96390.625
3766,CrossQ,env2,82192,-95377.8046875
3767,CrossQ,env2,82416,-95382.6015625
3768,CrossQ,env2,82808,-95295.3984375
3769,CrossQ,env2,83152,-95103.2734375
3770,CrossQ,env2,83344,-95159.2265625
3771,CrossQ,env2,83628,-95163.125
3772,CrossQ,env2,84364,-94081.265625
3773,CrossQ,env2,84876,-94153.578125
3774,CrossQ,env2,85248,-94268.8515625
3775,CrossQ,env2,85712,-94264.3515625
3776,CrossQ,env2,86156,-94335.25
3777,CrossQ,env2,86628,-94335.15625
3778,CrossQ,env2,87076,-94333.953125
3779,CrossQ,env2,87608,-94335.65625
3780,CrossQ,env2,88320,-94491.5390625
3781,CrossQ,env2,88712,-93297.125
3782,CrossQ,env2,88908,-93290.921875
3783,CrossQ,env2,89076,-93092.640625
3784,CrossQ,env2,89352,-93088.640625
3785,CrossQ,env2,89684,-93986.7421875
3786,CrossQ,env2,90332,-93895.46875
3787,CrossQ,env2,94312,-93055.765625
3788,CrossQ,env2,95048,-91407.8359375
3789,CrossQ,env2,95152,-92424.609375
3790,CrossQ,env2,95288,-92422.2109375
3791,CrossQ,env2,95444,-93431.53125
3792,CrossQ,env2,95540,-93428.1328125
3793,CrossQ,env2,95648,-92514.8359375
3794,CrossQ,env2,95736,-92706.9609375
3795,CrossQ,env2,95820,-92705.65625
3796,CrossQ,env2,95908,-92700.359375
3797,CrossQ,env2,96004,-93875.84375
3798,CrossQ,env2,96100,-94062.265625
3799,CrossQ,env2,96188,-94031.3671875
3800,CrossQ,env2,96804,-94051.0703125
3801,CrossQ,env2,96904,-93963.96875
3802,CrossQ,env2,97088,-93961.6640625
3803,CrossQ,env2,97180,-93960.0703125
3804,CrossQ,env2,97276,-93955.6640625
3805,CrossQ,env2,97444,-95047.796875
3806,CrossQ,env2,97700,-96036.2109375
3807,CrossQ,env2,97872,-96046.2109375
3808,CrossQ,env2,98060,-96141.546875
3809,CrossQ,env2,98256,-96079.75
3810,CrossQ,env2,98476,-95974.7734375
3811,CrossQ,env2,98572,-96038.109375
3812,CrossQ,env2,98712,-97673.2109375
3813,CrossQ,env2,98792,-98545.015625
3814,CrossQ,env2,98900,-98528.109375
3815,CrossQ,env2,99048,-98529.109375
3816,CrossQ,env2,99268,-98239.6796875
3817,CrossQ,env2,99532,-98151.3828125
3818,CrossQ,env2,99780,-99172.578125
3819,CrossQ,env2,100652,-99221.78125
3820,CrossQ,env2,101160,-99162.8828125
3821,CrossQ,env2,101464,-99178.3828125
3822,CrossQ,env2,101860,-99178.78125
3823,CrossQ,env2,103120,-99200.78125
3824,CrossQ,env2,104820,-97956.0859375
3825,CrossQ,env2,105120,-97038.1875
3826,CrossQ,env2,105796,-96228.5859375
3827,CrossQ,env2,106192,-96228.5859375
3828,CrossQ,env2,106400,-96156.6875
3829,CrossQ,env2,106876,-96169.7890625
3830,CrossQ,env2,107096,-96071.4921875
3831,CrossQ,env2,107312,-96169.3046875
3832,CrossQ,env2,107748,-94786.1484375
3833,CrossQ,env2,108768,-94604.359375
3834,CrossQ,env2,109504,-92983.40625
3835,CrossQ,env2,111660,-91711.984375
3836,CrossQ,env2,113208,-90396.90625
3837,CrossQ,env2,116008,-89393.234375
3838,CrossQ,env2,116232,-89381.6328125
3839,CrossQ,env2,116432,-89387.53125
3840,CrossQ,env2,116696,-89390.4296875
3841,CrossQ,env2,117240,-89701.4609375
3842,CrossQ,env2,118780,-88537.4609375
3843,CrossQ,env2,119324,-88333.921875
3844,CrossQ,env2,120548,-88125.1484375
3845,CrossQ,env2,122084,-87664.15625
3846,CrossQ,env2,122592,-87469.609375
3847,CrossQ,env2,123040,-86385.578125
3848,CrossQ,env2,123468,-86195.7265625
3849,CrossQ,env2,124216,-87267.1171875
3850,CrossQ,env2,124496,-88081.953125
3851,CrossQ,env2,124808,-88983.2578125
3852,CrossQ,env2,125024,-88985.15625
3853,CrossQ,env2,125340,-89063.5546875
3854,CrossQ,env2,125620,-89054.453125
3855,CrossQ,env2,125816,-89154.2578125
3856,CrossQ,env2,126036,-89253.953125
3857,CrossQ,env2,126268,-90634.3125
3858,CrossQ,env2,126500,-90916.4375
3859,CrossQ,env2,126788,-92591.8828125
3860,CrossQ,env2,126960,-92880.90625
3861,CrossQ,env2,127140,-94293.25
3862,CrossQ,env2,127588,-95406.3203125
3863,CrossQ,env2,128484,-93974.2890625
3864,CrossQ,env2,129208,-93720.6171875
3865,CrossQ,env2,131604,-91976.7421875
3866,CrossQ,env2,132876,-91917.890625
3867,CrossQ,env2,133528,-91941.9375
3868,CrossQ,env2,134320,-91844.203125
3869,CrossQ,env2,134708,-90868.28125
3870,CrossQ,env2,135520,-91218.1953125
3871,CrossQ,env2,136968,-91271.8203125
3872,CrossQ,env2,137844,-91984.8828125
3873,CrossQ,env2,139384,-91906.5703125
3874,CrossQ,env2,140152,-91095.8671875
3875,CrossQ,env2,140672,-89830.9375
3876,CrossQ,env2,141152,-89633.2109375
3877,CrossQ,env2,141620,-89568.6875
3878,CrossQ,env2,142068,-89409.2578125
3879,CrossQ,env2,142780,-89227.9296875
3880,CrossQ,env2,143248,-89141.6796875
3881,CrossQ,env2,144032,-89019.28125
3882,CrossQ,env2,145892,-88558.28125
3883,CrossQ,env2,147864,-88430.03125
3884,CrossQ,env2,151500,-86279.4765625
3885,CrossQ,env2,151972,-84560.1015625
3886,CrossQ,env2,152292,-84555.3046875
3887,CrossQ,env2,152616,-84541.8046875
3888,CrossQ,env2,152924,-85984.34375
3889,CrossQ,env2,153244,-86069.1875
3890,CrossQ,env2,154084,-87631.890625
3891,CrossQ,env2,157420,-85778.59375
3892,CrossQ,env2,158748,-85042.21875
3893,CrossQ,env2,161888,-84374.21875
3894,CrossQ,env2,162788,-85625.1171875
3895,CrossQ,env2,166620,-82498.203125
3896,CrossQ,env2,167252,-81663.625
3897,CrossQ,env2,168084,-81982.359375
3898,CrossQ,env2,170344,-80909.3125
3899,CrossQ,env2,173244,-79682.3203125
3900,CrossQ,env2,174344,-79877.5078125
3901,CrossQ,env2,175252,-80089.734375
3902,CrossQ,env2,176816,-78892.296875
3903,CrossQ,env2,180004,-77789.96875
3904,CrossQ,env2,182064,-76655.234375
3905,CrossQ,env2,183404,-75631.6328125
3906,CrossQ,env2,187096,-72673.359375
3907,CrossQ,env2,189116,-71142.8359375
3908,CrossQ,env2,192180,-68161.6640625
3909,CrossQ,env2,195392,-67909.40625
3910,CrossQ,env2,197012,-69616.1796875
3911,CrossQ,env2,200312,-68360.53125
3912,CrossQ,env2,204084,-67143.2578125
3913,CrossQ,env2,206400,-66017.9921875
3914,CrossQ,env2,209488,-64157.46875
3915,CrossQ,env2,210448,-62424.84375
3916,CrossQ,env2,213268,-63276.296875
3917,CrossQ,env2,213360,-65129.0703125
3918,CrossQ,env2,213492,-66079.6484375
3919,CrossQ,env2,214080,-65981.046875
3920,CrossQ,env2,216028,-68456.234375
3921,CrossQ,env2,218788,-67434.5859375
3922,CrossQ,env2,220436,-65695.1171875
3923,CrossQ,env2,222532,-66953.40625
3924,CrossQ,env2,224192,-68249.1015625
3925,CrossQ,env2,227100,-68345.046875
3926,CrossQ,env2,229532,-67138.7265625
3927,CrossQ,env2,230112,-67340.3203125
3928,CrossQ,env2,233436,-67480.40625
3929,CrossQ,env2,234380,-67606.3828125
3930,CrossQ,env2,238060,-65672.03125
3931,CrossQ,env2,239056,-66784.8046875
3932,CrossQ,env2,243056,-64546.91796875
3933,CrossQ,env2,246144,-67774.5390625
3934,CrossQ,env2,246988,-69286.75
3935,CrossQ,env2,250520,-69281.3984375
3936,CrossQ,env2,251272,-68725.4453125
3937,CrossQ,env2,251452,-69850.0078125
3938,CrossQ,env2,254848,-69877.1015625
3939,CrossQ,env2,257860,-68653.9140625
3940,CrossQ,env2,259724,-68314.375
3941,CrossQ,env2,260316,-68158.703125
3942,CrossQ,env2,261188,-68050.4296875
3943,CrossQ,env2,262356,-67975.1171875
3944,CrossQ,env2,265116,-65538.046875
3945,CrossQ,env2,266768,-65543.75
3946,CrossQ,env2,267716,-67568.0
3947,CrossQ,env2,269256,-69447.6015625
3948,CrossQ,env2,272180,-66661.8203125
3949,CrossQ,env2,273420,-66355.9765625
3950,CrossQ,env2,274248,-67369.921875
3951,CrossQ,env2,277032,-67467.84375
3952,CrossQ,env2,279792,-67769.71875
3953,CrossQ,env2,281180,-66971.1171875
3954,CrossQ,env2,284512,-67386.6875
3955,CrossQ,env2,286684,-68008.5390625
3956,CrossQ,env2,289416,-67719.4296875
3957,CrossQ,env2,291240,-70803.4453125
3958,CrossQ,env2,293404,-69684.1796875
3959,CrossQ,env2,295512,-68408.0859375
3960,CrossQ,env2,296172,-69536.21875
3961,CrossQ,env2,298116,-69303.828125
3962,CrossQ,env2,298940,-69290.28125
3963,CrossQ,env2,302876,-68418.125
3964,CrossQ,env2,306876,-67591.5546875
3965,CrossQ,env2,310852,-66719.875
3966,CrossQ,env2,311340,-65717.359375
3967,CrossQ,env2,311924,-65765.234375
3968,CrossQ,env2,312560,-65745.609375
3969,CrossQ,env2,313540,-68181.6796875
3970,CrossQ,env2,315340,-65759.4921875
3971,CrossQ,env2,317900,-65509.84765625
3972,CrossQ,env2,319340,-64430.125
3973,CrossQ,env2,320828,-67043.1484375
3974,CrossQ,env2,323148,-66112.3515625
3975,CrossQ,env2,324848,-64794.3671875
3976,CrossQ,env2,325444,-64720.2578125
3977,CrossQ,env2,326824,-64281.671875
3978,CrossQ,env2,329452,-65114.55859375
3979,CrossQ,env2,332520,-62736.40234375
3980,CrossQ,env2,336520,-62487.453125
3981,CrossQ,env2,337696,-63744.8359375
3982,CrossQ,env2,341164,-62702.9375
3983,CrossQ,env2,345164,-62058.1953125
3984,CrossQ,env2,347084,-62256.27734375
3985,CrossQ,env2,350960,-59598.578125
3986,CrossQ,env2,354784,-59829.21484375
3987,CrossQ,env2,355256,-58158.56640625
3988,CrossQ,env2,356740,-59973.171875
3989,CrossQ,env2,360740,-60951.5390625
3990,CrossQ,env2,364740,-60463.15234375
3991,CrossQ,env2,367588,-60041.4921875
3992,CrossQ,env2,370380,-59270.71484375
3993,CrossQ,env2,373772,-59346.77734375
3994,CrossQ,env2,374436,-57531.9765625
3995,CrossQ,env2,375276,-59878.16796875
3996,CrossQ,env2,378812,-59092.671875
3997,CrossQ,env2,380344,-59145.33984375
3998,CrossQ,env2,381864,-58559.81640625
3999,CrossQ,env2,383244,-59863.265625
4000,CrossQ,env2,386552,-60489.25
4001,CrossQ,env2,387044,-61456.96484375
4002,CrossQ,env2,391044,-59556.953125
4003,CrossQ,env2,392396,-60079.58984375
4004,CrossQ,env2,395044,-60040.71484375
4005,CrossQ,env2,399044,-59710.046875
4006,CrossQ,env2,401860,-58443.32421875
4007,CrossQ,env2,403068,-59590.83984375
4008,CrossQ,env2,405096,-60990.44140625
4009,CrossQ,env2,407364,-61707.8125
4010,CrossQ,env2,409096,-61188.80078125
4011,CrossQ,env2,409480,-62810.390625
4012,CrossQ,env2,413368,-63228.2421875
4013,CrossQ,env2,417368,-60435.76953125
4014,CrossQ,env2,420232,-61578.56640625
4015,CrossQ,env2,422236,-62311.21484375
4016,CrossQ,env2,424232,-64013.4140625
4017,CrossQ,env2,428232,-62238.7890625
4018,CrossQ,env2,431788,-61153.0625
4019,CrossQ,env2,433120,-61185.16015625
4020,CrossQ,env2,436520,-60108.8125
4021,CrossQ,env2,438516,-59083.09765625
4022,CrossQ,env2,439852,-59691.5703125
4023,CrossQ,env2,441064,-59239.3984375
4024,CrossQ,env2,442512,-59879.171875
4025,CrossQ,env2,446208,-57375.25390625
4026,CrossQ,env2,449520,-55415.33203125
4027,CrossQ,env2,450512,-56318.2421875
4028,CrossQ,env2,454172,-55822.69140625
4029,CrossQ,env2,456836,-57218.5234375
4030,CrossQ,env2,458296,-59297.96875
4031,CrossQ,env2,461196,-60426.8828125
4032,CrossQ,env2,463788,-58321.046875
4033,CrossQ,env2,465196,-57278.62109375
4034,CrossQ,env2,468308,-56280.69140625
4035,CrossQ,env2,471220,-56971.76171875
4036,CrossQ,env2,472356,-55916.65625
4037,CrossQ,env2,473544,-56337.8125
4038,CrossQ,env2,476284,-59348.2890625
4039,CrossQ,env2,477752,-60196.9375
4040,CrossQ,env2,479812,-62032.140625
4041,CrossQ,env2,482004,-61906.3203125
4042,CrossQ,env2,485580,-64468.71875
4043,CrossQ,env2,486768,-63470.25
4044,CrossQ,env2,489308,-64007.03515625
4045,CrossQ,env2,490612,-64703.87109375
4046,CrossQ,env2,493344,-64354.671875
4047,CrossQ,env2,494684,-64416.296875
4048,CrossQ,env2,497456,-63533.94921875
4049,CrossQ,env2,498540,-62590.32421875
4050,CrossQ,env2,500152,-64629.59765625
4051,CrossQ,env2,502444,-65756.7734375
4052,CrossQ,env2,503272,-67871.765625
4053,CrossQ,env2,504712,-66614.015625
4054,CrossQ,env2,505592,-68048.8515625
4055,CrossQ,env2,507312,-69069.78125
4056,CrossQ,env2,509336,-68064.1875
4057,CrossQ,env2,510696,-71079.4765625
4058,CrossQ,env2,512204,-72189.4296875
4059,CrossQ,env2,513672,-74230.921875
4060,CrossQ,env2,516416,-76592.1328125
4061,CrossQ,env2,517032,-77826.3046875
4062,CrossQ,env2,519716,-76604.5390625
4063,CrossQ,env2,523716,-73122.7890625
4064,CrossQ,env2,524696,-73892.9375
4065,CrossQ,env2,525576,-74761.7890625
4066,CrossQ,env2,527508,-75735.71875
4067,CrossQ,env2,528724,-73490.515625
4068,CrossQ,env2,531464,-75409.265625
4069,CrossQ,env2,532724,-74570.6640625
4070,CrossQ,env2,534604,-75487.6796875
4071,CrossQ,env2,536664,-78031.234375
4072,CrossQ,env2,539164,-78149.53125
4073,CrossQ,env2,540908,-79007.53125
4074,CrossQ,env2,541776,-79728.234375
4075,CrossQ,env2,542392,-80757.46875
4076,CrossQ,env2,543460,-80515.84375
4077,CrossQ,env2,545584,-80555.265625
4078,CrossQ,env2,546796,-81712.9296875
4079,CrossQ,env2,548808,-81516.875
4080,CrossQ,env2,551288,-79956.7890625
4081,CrossQ,env2,552776,-81009.84375
4082,CrossQ,env2,554196,-80738.0234375
4083,CrossQ,env2,558196,-78723.375
4084,CrossQ,env2,559768,-77613.671875
4085,CrossQ,env2,563580,-74988.3046875
4086,CrossQ,env2,565528,-71670.1484375
4087,CrossQ,env2,567660,-72615.59375
4088,CrossQ,env2,569308,-75648.3125
4089,CrossQ,env2,572516,-74955.8125
4090,CrossQ,env2,574792,-75029.171875
4091,CrossQ,env2,576572,-74032.0
4092,CrossQ,env2,577848,-76144.140625
4093,CrossQ,env2,578900,-75793.0625
4094,CrossQ,env2,581840,-77444.75
4095,CrossQ,env2,583280,-74447.3125
4096,CrossQ,env2,584628,-74232.4140625
4097,CrossQ,env2,587352,-72877.984375
4098,CrossQ,env2,588448,-72766.0234375
4099,CrossQ,env2,589784,-71595.65625
4100,CrossQ,env2,590620,-71702.90625
4101,CrossQ,env2,592252,-71800.3984375
4102,CrossQ,env2,595748,-70611.7734375
4103,CrossQ,env2,598536,-69313.4296875
4104,CrossQ,env2,601728,-68551.4296875
4105,CrossQ,env2,603796,-66937.28125
4106,CrossQ,env2,607796,-65837.2890625
4107,CrossQ,env2,611392,-62868.59375
4108,CrossQ,env2,613820,-64017.59375
4109,CrossQ,env2,615044,-65114.21875
4110,CrossQ,env2,616336,-66309.296875
4111,CrossQ,env2,618108,-69408.1171875
4112,CrossQ,env2,619468,-69549.3671875
4113,CrossQ,env2,620896,-68790.5078125
4114,CrossQ,env2,624012,-69784.4609375
4115,CrossQ,env2,625176,-67293.8046875
4116,CrossQ,env2,626496,-68292.90625
4117,CrossQ,env2,628924,-68403.765625
4118,CrossQ,env2,630132,-67730.6328125
4119,CrossQ,env2,632348,-67007.2421875
4120,CrossQ,env2,636276,-69269.8671875
4121,CrossQ,env2,637280,-67298.1640625
4122,CrossQ,env2,639276,-67484.9609375
4123,CrossQ,env2,640620,-67968.8359375
4124,CrossQ,env2,641780,-69358.328125
4125,CrossQ,env2,645116,-67397.859375
4126,CrossQ,env2,646388,-67630.21875
4127,CrossQ,env2,649624,-66674.953125
4128,CrossQ,env2,653428,-66085.4453125
4129,CrossQ,env2,655684,-67221.5390625
4130,CrossQ,env2,657324,-69372.28125
4131,CrossQ,env2,658668,-70632.6953125
4132,CrossQ,env2,660384,-73691.65625
4133,CrossQ,env2,662880,-73235.390625
4134,CrossQ,env2,666352,-71778.7109375
4135,CrossQ,env2,667840,-71193.125
4136,CrossQ,env2,669724,-71337.6640625
4137,CrossQ,env2,671748,-71252.7421875
4138,CrossQ,env2,673672,-72209.4140625
4139,CrossQ,env2,675872,-71146.6796875
4140,CrossQ,env2,677712,-71265.890625
4141,CrossQ,env2,679872,-70273.328125
4142,CrossQ,env2,681672,-68836.703125
4143,CrossQ,env2,683516,-69926.34375
4144,CrossQ,env2,687056,-68662.9375
4145,CrossQ,env2,689968,-68470.9609375
4146,CrossQ,env2,691116,-69215.5625
4147,CrossQ,env2,692860,-69117.3828125
4148,CrossQ,env2,696560,-68849.1484375
4149,CrossQ,env2,697548,-66748.0859375
4150,CrossQ,env2,698188,-68714.15625
4151,CrossQ,env2,700560,-68479.109375
4152,CrossQ,env2,703512,-69805.9453125
4153,CrossQ,env2,705388,-71437.8515625
4154,CrossQ,env2,708064,-69406.5234375
4155,CrossQ,env2,709024,-70096.5234375
4156,CrossQ,env2,710856,-70921.3203125
4157,CrossQ,env2,712356,-69807.875
4158,CrossQ,env2,713668,-71066.78125
4159,CrossQ,env2,714856,-72653.359375
4160,CrossQ,env2,716688,-74662.1328125
4161,CrossQ,env2,718316,-74655.5390625
4162,CrossQ,env2,719452,-74355.765625
4163,CrossQ,env2,720408,-74504.8203125
4164,CrossQ,env2,721504,-75581.203125
4165,CrossQ,env2,723640,-77645.2578125
4166,CrossQ,env2,726544,-76836.078125
4167,CrossQ,env2,727716,-77460.1015625
4168,CrossQ,env2,729936,-76462.890625
4169,CrossQ,env2,733636,-76913.5078125
4170,CrossQ,env2,737416,-74914.859375
4171,CrossQ,env2,738832,-75135.5625
4172,CrossQ,env2,739728,-75339.0078125
4173,CrossQ,env2,740612,-76298.421875
4174,CrossQ,env2,743656,-78556.359375
4175,CrossQ,env2,744604,-78383.1484375
4176,CrossQ,env2,744960,-79314.4765625
4177,CrossQ,env2,745468,-79995.2109375
4178,CrossQ,env2,747268,-80949.8046875
4179,CrossQ,env2,749092,-82824.8984375
4180,CrossQ,env2,749936,-81611.59375
4181,CrossQ,env2,751200,-81491.0234375
4182,CrossQ,env2,754092,-81875.6484375
4183,CrossQ,env2,755740,-81133.46875
4184,CrossQ,env2,759120,-80152.1796875
4185,CrossQ,env2,761484,-79406.2265625
4186,CrossQ,env2,764040,-79304.1953125
4187,CrossQ,env2,765296,-79779.09375
4188,CrossQ,env2,766732,-79532.09375
4189,CrossQ,env2,770348,-76982.1953125
4190,CrossQ,env2,773636,-76197.1171875
4191,CrossQ,env2,776284,-77133.234375
4192,CrossQ,env2,778180,-77016.765625
4193,CrossQ,env2,781156,-76867.6484375
4194,CrossQ,env2,783004,-78764.5625
4195,CrossQ,env2,785080,-81767.0078125
4196,CrossQ,env2,785740,-81587.875
4197,CrossQ,env2,787756,-82628.84375
4198,CrossQ,env2,790416,-82828.59375
4199,CrossQ,env2,794416,-79533.40625
4200,CrossQ,env2,797164,-77368.59375
4201,CrossQ,env2,800056,-76417.6953125
4202,CrossQ,env2,801996,-75533.2109375
4203,CrossQ,env2,805996,-72970.15625
4204,CrossQ,env2,809692,-71233.2421875
4205,CrossQ,env2,813628,-69277.3046875
4206,CrossQ,env2,814308,-68401.1640625
4207,CrossQ,env2,818288,-66293.234375
4208,CrossQ,env2,820880,-65396.33203125
4209,CrossQ,env2,823728,-63440.1171875
4210,CrossQ,env2,825568,-63024.9921875
4211,CrossQ,env2,828156,-60956.22265625
4212,CrossQ,env2,830520,-60433.17578125
4213,CrossQ,env2,834520,-56693.52734375
4214,CrossQ,env2,838244,-55930.25
4215,CrossQ,env2,840348,-56627.4296875
4216,CrossQ,env2,842584,-57346.2890625
4217,CrossQ,env2,844188,-57057.01171875
4218,CrossQ,env2,847044,-55470.74609375
4219,CrossQ,env2,849508,-55091.796875
4220,CrossQ,env2,851432,-54227.13671875
4221,CrossQ,env2,855096,-52349.0234375
4222,CrossQ,env2,858948,-49328.9609375
4223,CrossQ,env2,861816,-46032.57421875
4224,CrossQ,env2,862948,-48520.11328125
4225,CrossQ,env2,866672,-48908.3125
4226,CrossQ,env2,867280,-48010.68359375
4227,CrossQ,env2,871168,-46863.92578125
4228,CrossQ,env2,875168,-47120.83984375
4229,CrossQ,env2,879168,-45449.015625
4230,CrossQ,env2,883080,-46663.18359375
4231,CrossQ,env2,886780,-45764.359375
4232,CrossQ,env2,888412,-46531.8828125
4233,CrossQ,env2,889804,-47263.97265625
4234,CrossQ,env2,891008,-50047.93359375
4235,CrossQ,env2,895008,-48394.84765625
4236,CrossQ,env2,898020,-47575.61328125
4237,CrossQ,env2,902020,-44738.74609375
4238,CrossQ,env2,906020,-45856.671875
4239,CrossQ,env2,908028,-49024.625
4240,CrossQ,env2,910764,-48482.72265625
4241,CrossQ,env2,912516,-47622.52734375
4242,CrossQ,env2,915616,-46969.66796875
4243,CrossQ,env2,919616,-45934.25390625
4244,CrossQ,env2,923164,-44607.1640625
4245,CrossQ,env2,926364,-43695.21484375
4246,CrossQ,env2,930364,-42532.77734375
4247,CrossQ,env2,932792,-43729.9765625
4248,CrossQ,env2,936648,-44045.1640625
4249,CrossQ,env2,939900,-43649.59765625
4250,CrossQ,env2,941040,-43050.39453125
4251,CrossQ,env2,943900,-44023.29296875
4252,CrossQ,env2,946416,-44146.19921875
4253,CrossQ,env2,949292,-45232.67578125
4254,CrossQ,env2,950268,-48531.29296875
4255,CrossQ,env2,951552,-50375.14453125
4256,CrossQ,env2,954268,-50931.1640625
4257,CrossQ,env2,956632,-51165.69921875
4258,CrossQ,env2,960632,-47786.1640625
4259,CrossQ,env2,964632,-44252.27734375
4260,CrossQ,env2,968092,-44147.61328125
4261,CrossQ,env2,971552,-44174.7421875
4262,CrossQ,env2,972904,-46563.71875
4263,CrossQ,env2,976412,-47935.5
4264,CrossQ,env2,978552,-45832.6875
4265,CrossQ,env2,979456,-45695.40234375
4266,CrossQ,env2,982552,-44429.7421875
4267,CrossQ,env2,984412,-43048.4609375
4268,CrossQ,env2,988240,-44439.28515625
4269,CrossQ,env2,989900,-45852.07421875
4270,CrossQ,env2,990608,-46690.72265625
4271,CrossQ,env2,992568,-50808.41015625
4272,CrossQ,env2,995004,-50477.87109375
4273,CrossQ,env2,996712,-51151.64453125
4274,CrossQ,env2,999016,-50324.578125
4275,CrossQ,env2,1003004,-49645.78125
4276,CrossQ,env2,1007004,-47499.38671875
4277,CrossQ,env2,1011004,-46283.64453125
4278,CrossQ,env2,1012132,-44926.90625
4279,CrossQ,env2,1016132,-42124.640625
4280,CrossQ,env2,1019796,-40055.42578125
4281,CrossQ,env2,1022524,-38022.16796875
4282,CrossQ,env2,1025736,-37839.390625
4283,CrossQ,env2,1026776,-42321.1640625
4284,CrossQ,env2,1029772,-45141.9140625
4285,CrossQ,env2,1033772,-44872.515625
4286,CrossQ,env2,1037772,-43806.37890625
4287,CrossQ,env2,1041772,-42038.92578125
4288,CrossQ,env2,1043208,-43400.6953125
4289,CrossQ,env2,1046820,-43468.8828125
4290,CrossQ,env2,1050820,-40446.26953125
4291,CrossQ,env2,1053768,-39509.7109375
4292,CrossQ,env2,1057768,-38671.69140625
4293,CrossQ,env2,1061588,-39004.578125
4294,CrossQ,env2,1063688,-38157.46484375
4295,CrossQ,env2,1065588,-37184.56640625
4296,CrossQ,env2,1069588,-34136.875
4297,CrossQ,env2,1073588,-32500.427734375
4298,CrossQ,env2,1077588,-31799.19140625
4299,CrossQ,env2,1081588,-29701.07421875
4300,CrossQ,env2,1084836,-30759.474609375
4301,CrossQ,env2,1086548,-30815.6484375
4302,CrossQ,env2,1090548,-31107.693359375
4303,CrossQ,env2,1094548,-30055.49609375
4304,CrossQ,env2,1098084,-31374.39453125
4305,CrossQ,env2,1099216,-30821.08203125
4306,CrossQ,env2,1103216,-30198.1328125
4307,CrossQ,env2,1107216,-28613.158203125
4308,CrossQ,env2,1111216,-26290.115234375
4309,CrossQ,env2,1115216,-23025.06640625
4310,CrossQ,env2,1117888,-24224.19140625
4311,CrossQ,env2,1120900,-25108.216796875
4312,CrossQ,env2,1124900,-25514.69140625
4313,CrossQ,env2,1128900,-21668.017578125
4314,CrossQ,env2,1132900,-19943.54296875
4315,CrossQ,env2,1136900,-21122.267578125
4316,CrossQ,env2,1140900,-20103.66015625
4317,CrossQ,env2,1144900,-20443.759765625
4318,CrossQ,env2,1148900,-18360.708984375
4319,CrossQ,env2,1152900,-16214.642578125
4320,CrossQ,env2,1155580,-17757.8046875
4321,CrossQ,env2,1158860,-17221.765625
4322,CrossQ,env2,1162860,-16951.00390625
4323,CrossQ,env2,1165532,-16702.578125
4324,CrossQ,env2,1169280,-17585.279296875
4325,CrossQ,env2,1171432,-17734.50390625
4326,CrossQ,env2,1171924,-20543.853515625
4327,CrossQ,env2,1174512,-22044.794921875
4328,CrossQ,env2,1177116,-22992.779296875
4329,CrossQ,env2,1181116,-21540.837890625
4330,CrossQ,env2,1182984,-22956.6328125
4331,CrossQ,env2,1184548,-24994.533203125
4332,CrossQ,env2,1188548,-24784.583984375
4333,CrossQ,env2,1192476,-24926.849609375
4334,CrossQ,env2,1196044,-25829.4921875
4335,CrossQ,env2,1200044,-24608.2421875
4336,CrossQ,env2,1200956,-25432.2578125
4337,CrossQ,env2,1204956,-25185.427734375
4338,CrossQ,env2,1208728,-25912.1015625
4339,CrossQ,env2,1212548,-26310.869140625
4340,CrossQ,env2,1216548,-24921.052734375
4341,CrossQ,env2,1220504,-24711.4375
4342,CrossQ,env2,1224504,-24079.71875
4343,CrossQ,env2,1228504,-23940.083984375
4344,CrossQ,env2,1232052,-24046.626953125
4345,CrossQ,env2,1232792,-24621.064453125
4346,CrossQ,env2,1233220,-28163.59375
4347,CrossQ,env2,1233512,-32399.84375
4348,CrossQ,env2,1233776,-35694.3203125
4349,CrossQ,env2,1233944,-38995.96875
4350,CrossQ,env2,1234104,-41070.71875
4351,CrossQ,env2,1234280,-41468.87109375
4352,CrossQ,env2,1234468,-42973.5546875
4353,CrossQ,env2,1234888,-46016.453125
4354,CrossQ,env2,1235032,-48222.91015625
4355,CrossQ,env2,1235300,-47405.6015625
4356,CrossQ,env2,1235420,-49376.375
4357,CrossQ,env2,1235536,-53100.3515625
4358,CrossQ,env2,1235664,-54926.8515625
4359,CrossQ,env2,1235808,-57844.7109375
4360,CrossQ,env2,1235988,-60758.5859375
4361,CrossQ,env2,1236108,-62777.31640625
4362,CrossQ,env2,1236200,-66140.34375
4363,CrossQ,env2,1236292,-69237.125
4364,CrossQ,env2,1236396,-72761.4296875
4365,CrossQ,env2,1236500,-77169.9453125
4366,CrossQ,env2,1236620,-81756.9140625
4367,CrossQ,env2,1236972,-86138.8046875
4368,CrossQ,env2,1237268,-90430.4921875
4369,CrossQ,env2,1237540,-93575.9375
4370,CrossQ,env2,1237680,-93651.1875
4371,CrossQ,env2,1237812,-93748.96875
4372,CrossQ,env2,1237936,-93748.0625
4373,CrossQ,env2,1238484,-93350.25
4374,CrossQ,env2,1238800,-93057.296875
4375,CrossQ,env2,1239032,-92773.3984375
4376,CrossQ,env2,1239636,-92487.625
4377,CrossQ,env2,1239908,-92109.171875
4378,CrossQ,env2,1240488,-91722.8203125
4379,CrossQ,env2,1240748,-92808.203125
4380,CrossQ,env2,1240972,-95185.2578125
4381,CrossQ,env2,1241144,-95096.0546875
4382,CrossQ,env2,1241332,-95503.359375
4383,CrossQ,env2,1242012,-95925.1796875
4384,CrossQ,env2,1242396,-96063.7109375
4385,CrossQ,env2,1242672,-96382.3046875
4386,CrossQ,env2,1243576,-96309.2734375
4387,CrossQ,env2,1245220,-95962.84375
4388,CrossQ,env2,1247140,-96188.296875
4389,CrossQ,env2,1247792,-95744.28125
4390,CrossQ,env2,1251768,-93693.546875
4391,CrossQ,env2,1255768,-89671.3671875
4392,CrossQ,env2,1259120,-86307.4765625
4393,CrossQ,env2,1262360,-85013.3203125
4394,CrossQ,env2,1264076,-82776.3203125
4395,CrossQ,env2,1266664,-81532.0625
4396,CrossQ,env2,1270408,-79005.3046875
4397,CrossQ,env2,1271940,-77549.8046875
4398,CrossQ,env2,1272468,-75596.9296875
4399,CrossQ,env2,1273044,-75926.1796875
4400,CrossQ,env2,1274076,-75646.984375
4401,CrossQ,env2,1275720,-75478.890625
4402,CrossQ,env2,1276748,-74308.8125
4403,CrossQ,env2,1277432,-73409.359375
4404,CrossQ,env2,1277704,-73114.765625
4405,CrossQ,env2,1281648,-70557.5390625
4406,CrossQ,env2,1285648,-70472.640625
4407,CrossQ,env2,1287464,-69070.0859375
4408,CrossQ,env2,1288988,-68891.5859375
4409,CrossQ,env2,1292532,-66807.6015625
4410,CrossQ,env2,1294332,-64572.171875
4411,CrossQ,env2,1295468,-64894.515625
4412,CrossQ,env2,1299416,-61757.015625
4413,CrossQ,env2,1302580,-58962.28515625
4414,CrossQ,env2,1303988,-58245.8046875
4415,CrossQ,env2,1306580,-58965.32421875
4416,CrossQ,env2,1308336,-62472.015625
4417,CrossQ,env2,1309652,-65377.23046875
4418,CrossQ,env2,1313320,-65094.62890625
4419,CrossQ,env2,1315324,-65052.38671875
4420,CrossQ,env2,1318032,-64596.66015625
4421,CrossQ,env2,1322032,-65431.89453125
4422,CrossQ,env2,1324276,-63314.38671875
4423,CrossQ,env2,1327760,-64336.0
4424,CrossQ,env2,1330224,-61729.71484375
4425,CrossQ,env2,1332252,-59809.32421875
4426,CrossQ,env2,1334400,-58691.28515625
4427,CrossQ,env2,1336084,-58746.34765625
4428,CrossQ,env2,1340084,-56516.296875
4429,CrossQ,env2,1343652,-54202.74609375
4430,CrossQ,env2,1346368,-55851.09765625
4431,CrossQ,env2,1350368,-53549.21484375
4432,CrossQ,env2,1352308,-53031.0625
4433,CrossQ,env2,1355016,-50819.6796875
4434,CrossQ,env2,1358924,-50018.86328125
4435,CrossQ,env2,1362584,-49253.73046875
4436,CrossQ,env2,1364164,-47137.796875
4437,CrossQ,env2,1367352,-47513.25
4438,CrossQ,env2,1368720,-49830.58203125
4439,CrossQ,env2,1372720,-48315.43359375
4440,CrossQ,env2,1374540,-47028.765625
4441,CrossQ,env2,1378540,-44223.46875
4442,CrossQ,env2,1382540,-42350.84765625
4443,CrossQ,env2,1384172,-41602.91796875
4444,CrossQ,env2,1388172,-40495.140625
4445,CrossQ,env2,1388944,-42233.02734375
4446,CrossQ,env2,1391020,-41637.84375
4447,CrossQ,env2,1392840,-45002.65234375
4448,CrossQ,env2,1396840,-44107.31640625
4449,CrossQ,env2,1399020,-44656.1484375
4450,CrossQ,env2,1400840,-46034.73046875
4451,CrossQ,env2,1403420,-45251.30859375
4452,CrossQ,env2,1407148,-46358.83203125
4453,CrossQ,env2,1410708,-46756.95703125
4454,CrossQ,env2,1412004,-47419.83203125
4455,CrossQ,env2,1414140,-48228.83203125
4456,CrossQ,env2,1416664,-48430.08984375
4457,CrossQ,env2,1418592,-50054.31640625
4458,CrossQ,env2,1419544,-51870.0703125
4459,CrossQ,env2,1419956,-54659.35546875
4460,CrossQ,env2,1420132,-57345.8359375
4461,CrossQ,env2,1420400,-59213.4609375
4462,CrossQ,env2,1420644,-62126.41015625
4463,CrossQ,env2,1421164,-62291.78125
4464,CrossQ,env2,1421648,-64571.078125
4465,CrossQ,env2,1421864,-67188.4609375
4466,CrossQ,env2,1422052,-70064.40625
4467,CrossQ,env2,1426052,-67979.2578125
4468,CrossQ,env2,1430052,-67954.5546875
4469,CrossQ,env2,1432248,-71197.0234375
4470,CrossQ,env2,1432844,-70945.3125
4471,CrossQ,env2,1433148,-72847.4609375
4472,CrossQ,env2,1433540,-72667.75
4473,CrossQ,env2,1434256,-74514.6875
4474,CrossQ,env2,1435188,-76174.4453125
4475,CrossQ,env2,1437724,-76861.734375
4476,CrossQ,env2,1440328,-76940.734375
4477,CrossQ,env2,1443148,-74986.9765625
4478,CrossQ,env2,1447148,-75228.78125
4479,CrossQ,env2,1450848,-75231.625
4480,CrossQ,env2,1454848,-71024.40625
4481,CrossQ,env2,1458848,-68912.4296875
4482,CrossQ,env2,1459916,-67625.6171875
4483,CrossQ,env2,1463916,-63779.8046875
4484,CrossQ,env2,1464440,-63097.671875
4485,CrossQ,env2,1465252,-63223.1796875
4486,CrossQ,env2,1468736,-61021.48828125
4487,CrossQ,env2,1472532,-58630.58984375
4488,CrossQ,env2,1475928,-56121.875
4489,CrossQ,env2,1479928,-55273.8203125
4490,CrossQ,env2,1482092,-52245.62109375
4491,CrossQ,env2,1486092,-48225.41796875
4492,CrossQ,env2,1488720,-50204.51953125
4493,CrossQ,env2,1492720,-49143.21875
4494,CrossQ,env2,1495484,-47127.96875
4495,CrossQ,env2,1499484,-44137.0078125
4496,CrossQ,env2,1500808,-42408.765625
4497,CrossQ,env2,1504788,-39727.10546875
4498,CrossQ,env2,1508264,-38960.6171875
4499,CrossQ,env2,1510544,-37879.953125
4500,CrossQ,env2,1514544,-34185.8125
4501,CrossQ,env2,1518544,-32400.498046875
4502,CrossQ,env2,1522544,-30376.736328125
4503,CrossQ,env2,1525844,-30133.24609375
4504,CrossQ,env2,1529844,-28265.14453125
4505,CrossQ,env2,1533844,-29530.490234375
4506,CrossQ,env2,1537844,-30701.490234375
4507,CrossQ,env2,1541844,-27991.25390625
4508,CrossQ,env2,1545844,-28086.873046875
4509,CrossQ,env2,1549844,-24724.263671875
4510,CrossQ,env2,1553844,-20691.4140625
4511,CrossQ,env2,1557560,-20070.427734375
4512,CrossQ,env2,1558440,-20615.802734375
4513,CrossQ,env2,1559956,-22256.189453125
4514,CrossQ,env2,1561788,-23378.873046875
4515,CrossQ,env2,1565544,-25341.548828125
4516,CrossQ,env2,1566636,-28656.302734375
4517,CrossQ,env2,1569904,-29122.068359375
4518,CrossQ,env2,1571708,-30235.533203125
4519,CrossQ,env2,1574204,-31044.875
4520,CrossQ,env2,1576700,-31057.150390625
4521,CrossQ,env2,1579440,-32076.79296875
4522,CrossQ,env2,1583440,-30760.3515625
4523,CrossQ,env2,1585472,-28749.201171875
4524,CrossQ,env2,1589396,-26876.951171875
4525,CrossQ,env2,1593332,-27470.236328125
4526,CrossQ,env2,1596700,-28009.201171875
4527,CrossQ,env2,1598384,-31178.509765625
4528,CrossQ,env2,1601804,-32164.953125
4529,CrossQ,env2,1605804,-32768.1015625
4530,CrossQ,env2,1608052,-33547.5390625
4531,CrossQ,env2,1612052,-32723.890625
4532,CrossQ,env2,1616052,-32707.990234375
4533,CrossQ,env2,1619004,-35679.21484375
4534,CrossQ,env2,1622084,-39732.75
4535,CrossQ,env2,1626084,-42706.67578125
4536,CrossQ,env2,1630084,-41623.2734375
4537,CrossQ,env2,1634084,-39561.9765625
4538,CrossQ,env2,1636748,-37410.4765625
4539,CrossQ,env2,1640748,-33403.30078125
4540,CrossQ,env2,1642360,-31284.375
4541,CrossQ,env2,1646108,-29032.041015625
4542,CrossQ,env2,1648812,-29906.765625
4543,CrossQ,env2,1652812,-28881.484375
4544,CrossQ,env2,1656056,-28097.4921875
4545,CrossQ,env2,1657428,-29792.80859375
4546,CrossQ,env2,1660884,-28529.169921875
4547,CrossQ,env2,1662100,-30471.31640625
4548,CrossQ,env2,1665988,-30218.33203125
4549,CrossQ,env2,1669988,-29034.6171875
4550,CrossQ,env2,1672884,-29237.705078125
4551,CrossQ,env2,1675168,-30610.69140625
4552,CrossQ,env2,1679016,-29532.166015625
4553,CrossQ,env2,1680184,-29596.591796875
4554,CrossQ,env2,1682780,-32726.697265625
4555,CrossQ,env2,1686780,-30585.634765625
4556,CrossQ,env2,1687572,-32374.43359375
4557,CrossQ,env2,1690276,-35335.609375
4558,CrossQ,env2,1693084,-35265.29296875
4559,CrossQ,env2,1694276,-33400.9375
4560,CrossQ,env2,1697736,-32198.44921875
4561,CrossQ,env2,1701736,-33084.16015625
4562,CrossQ,env2,1703412,-35050.2578125
4563,CrossQ,env2,1706336,-37024.5859375
4564,CrossQ,env2,1708596,-39807.05859375
4565,CrossQ,env2,1711652,-40483.2890625
4566,CrossQ,env2,1715652,-40586.93359375
4567,CrossQ,env2,1719652,-38377.28515625
4568,CrossQ,env2,1722464,-39564.62890625
4569,CrossQ,env2,1724532,-41427.42578125
4570,CrossQ,env2,1728532,-38414.609375
4571,CrossQ,env2,1732532,-36564.80078125
4572,CrossQ,env2,1735972,-37704.14453125
4573,CrossQ,env2,1737112,-40738.50390625
4574,CrossQ,env2,1738040,-44778.03125
4575,CrossQ,env2,1740516,-47828.03125
4576,CrossQ,env2,1742440,-47840.60546875
4577,CrossQ,env2,1745328,-46889.03125
4578,CrossQ,env2,1747332,-46511.88671875
4579,CrossQ,env2,1751332,-43312.703125
4580,CrossQ,env2,1754704,-42992.4921875
4581,CrossQ,env2,1758496,-42884.08203125
4582,CrossQ,env2,1761540,-41621.015625
4583,CrossQ,env2,1765212,-40649.61328125
4584,CrossQ,env2,1766288,-41496.8671875
4585,CrossQ,env2,1769968,-42596.0234375
4586,CrossQ,env2,1773968,-43701.51171875
4587,CrossQ,env2,1777968,-42636.47265625
4588,CrossQ,env2,1778656,-41809.62109375
4589,CrossQ,env2,1779236,-42894.328125
4590,CrossQ,env2,1779536,-45420.1484375
4591,CrossQ,env2,1780112,-48634.59765625
4592,CrossQ,env2,1782792,-50955.99609375
4593,CrossQ,env2,1783868,-52006.703125
4594,CrossQ,env2,1786700,-51044.40234375
4595,CrossQ,env2,1789788,-52975.43359375
4596,CrossQ,env2,1791020,-56861.14453125
4597,CrossQ,env2,1795020,-54810.16796875
4598,CrossQ,env2,1799020,-50941.59765625
4599,CrossQ,env2,1802868,-47889.96875
4600,CrossQ,env2,1805516,-46980.91796875
4601,CrossQ,env2,1808668,-45906.15234375
4602,CrossQ,env2,1811428,-47299.19921875
4603,CrossQ,env2,1814908,-48715.22265625
4604,CrossQ,env2,1816904,-49920.53515625
4605,CrossQ,env2,1819472,-53154.34765625
4606,CrossQ,env2,1823332,-53974.6015625
4607,CrossQ,env2,1825712,-54104.47265625
4608,CrossQ,env2,1827556,-53973.57421875
4609,CrossQ,env2,1830504,-53946.875
4610,CrossQ,env2,1834504,-53264.02734375
4611,CrossQ,env2,1836608,-52644.12890625
4612,CrossQ,env2,1840608,-53490.88671875
4613,CrossQ,env2,1843708,-54212.03125
4614,CrossQ,env2,1846840,-52240.1796875
4615,CrossQ,env2,1850840,-47926.90234375
4616,CrossQ,env2,1852652,-45816.75390625
4617,CrossQ,env2,1856248,-43984.078125
4618,CrossQ,env2,1860248,-40870.93359375
4619,CrossQ,env2,1861520,-41044.78125
4620,CrossQ,env2,1865520,-41334.44921875
4621,CrossQ,env2,1868032,-38624.6875
4622,CrossQ,env2,1870312,-40629.39453125
4623,CrossQ,env2,1871888,-43555.29296875
4624,CrossQ,env2,1872412,-46838.7890625
4625,CrossQ,env2,1872720,-48031.8125
4626,CrossQ,env2,1872804,-51250.50390625
4627,CrossQ,env2,1873444,-53094.60546875
4628,CrossQ,env2,1873716,-54250.9296875
4629,CrossQ,env2,1874188,-56146.44140625
4630,CrossQ,env2,1874612,-57359.66796875
4631,CrossQ,env2,1875516,-58727.1484375
4632,CrossQ,env2,1876244,-61083.91796875
4633,CrossQ,env2,1879612,-63507.2421875
4634,CrossQ,env2,1883544,-63552.16015625
4635,CrossQ,env2,1885364,-62765.48828125
4636,CrossQ,env2,1887264,-65360.515625
4637,CrossQ,env2,1889652,-65514.16796875
4638,CrossQ,env2,1891156,-65469.26171875
4639,CrossQ,env2,1893140,-67192.0546875
4640,CrossQ,env2,1895316,-69983.6875
4641,CrossQ,env2,1897140,-70768.578125
4642,CrossQ,env2,1901140,-68985.390625
4643,CrossQ,env2,1903904,-72295.296875
4644,CrossQ,env2,1906716,-72163.578125
4645,CrossQ,env2,1909576,-72160.359375
4646,CrossQ,env2,1912456,-72902.3671875
4647,CrossQ,env2,1914736,-73926.5078125
4648,CrossQ,env2,1915812,-74901.6796875
4649,CrossQ,env2,1919608,-72848.5703125
4650,CrossQ,env2,1922736,-70797.65625
4651,CrossQ,env2,1924100,-69529.328125
4652,CrossQ,env2,1928100,-66701.359375
4653,CrossQ,env2,1932100,-63506.2578125
4654,CrossQ,env2,1934900,-61457.03515625
4655,CrossQ,env2,1938464,-58485.90234375
4656,CrossQ,env2,1939256,-58620.1640625
4657,CrossQ,env2,1941548,-55052.7109375
4658,CrossQ,env2,1943064,-54818.16796875
4659,CrossQ,env2,1946420,-53824.74609375
4660,CrossQ,env2,1949196,-54563.6953125
4661,CrossQ,env2,1949856,-54693.69140625
4662,CrossQ,env2,1950236,-57191.01953125
4663,CrossQ,env2,1952188,-58251.8125
4664,CrossQ,env2,1952860,-58830.99609375
4665,CrossQ,env2,1953956,-59952.88671875
4666,CrossQ,env2,1957268,-61050.91796875
4667,CrossQ,env2,1957768,-65403.3671875
4668,CrossQ,env2,1959100,-66020.6640625
4669,CrossQ,env2,1959756,-66096.59375
4670,CrossQ,env2,1960672,-68312.7265625
4671,CrossQ,env2,1964604,-68225.875
4672,CrossQ,env2,1965892,-66352.4765625
4673,CrossQ,env2,1966948,-66153.7734375
4674,CrossQ,env2,1969388,-68026.3984375
4675,CrossQ,env2,1971208,-69711.84375
4676,CrossQ,env2,1972544,-70483.6953125
4677,CrossQ,env2,1973528,-73162.8359375
4678,CrossQ,env2,1977528,-72805.4765625
4679,CrossQ,env2,1981444,-73819.9375
4680,CrossQ,env2,1982324,-75899.40625
4681,CrossQ,env2,1984900,-75562.3671875
4682,CrossQ,env2,1986340,-76889.984375
4683,CrossQ,env2,1988356,-77106.6953125
4684,CrossQ,env2,1990656,-78213.0703125
4685,CrossQ,env2,1993028,-77977.171875
4686,CrossQ,env2,1994116,-77516.1015625
4687,CrossQ,env2,1996784,-76196.1875
4688,CrossQ,env2,1998116,-75261.40625
4689,CrossQ,env3,656,-100890.0
4690,CrossQ,env3,1048,-101033.75
4691,CrossQ,env3,1616,-99510.0
4692,CrossQ,env3,2316,-99287.5
4693,CrossQ,env3,2608,-98626.0859375
4694,CrossQ,env3,3044,-98588.609375
4695,CrossQ,env3,3516,-98533.09375
4696,CrossQ,env3,3748,-98543.1796875
4697,CrossQ,env3,4376,-98791.15625
4698,CrossQ,env3,4976,-99122.5390625
4699,CrossQ,env3,5424,-99294.8125
4700,CrossQ,env3,5868,-99438.78125
4701,CrossQ,env3,6764,-99407.9140625
4702,CrossQ,env3,7168,-99506.4609375
4703,CrossQ,env3,7772,-98994.640625
4704,CrossQ,env3,8884,-98810.2890625
4705,CrossQ,env3,9692,-98663.0234375
4706,CrossQ,env3,10928,-98833.2734375
4707,CrossQ,env3,11540,-99006.921875
4708,CrossQ,env3,12156,-97613.5859375
4709,CrossQ,env3,15772,-95514.78125
4710,CrossQ,env3,19772,-91433.0625
4711,CrossQ,env3,20732,-90858.90625
4712,CrossQ,env3,22284,-91233.453125
4713,CrossQ,env3,24784,-89725.1171875
4714,CrossQ,env3,25120,-89705.8203125
4715,CrossQ,env3,25704,-88774.515625
4716,CrossQ,env3,26284,-88043.1171875
4717,CrossQ,env3,28004,-88204.015625
4718,CrossQ,env3,29704,-87435.453125
4719,CrossQ,env3,33348,-85392.125
4720,CrossQ,env3,34616,-83637.6875
4721,CrossQ,env3,35840,-83796.9375
4722,CrossQ,env3,39124,-82047.8359375
4723,CrossQ,env3,40924,-81070.2890625
4724,CrossQ,env3,41464,-80972.6640625
4725,CrossQ,env3,44784,-79631.0859375
4726,CrossQ,env3,45672,-78784.6875
4727,CrossQ,env3,46524,-77790.4375
4728,CrossQ,env3,49188,-77157.34375
4729,CrossQ,env3,50292,-77270.546875
4730,CrossQ,env3,50812,-76198.4140625
4731,CrossQ,env3,53668,-76256.8125
4732,CrossQ,env3,55164,-74270.265625
4733,CrossQ,env3,58584,-74369.1796875
4734,CrossQ,env3,62584,-73344.15625
4735,CrossQ,env3,64244,-76010.328125
4736,CrossQ,env3,65556,-75750.71875
4737,CrossQ,env3,66424,-75815.1953125
4738,CrossQ,env3,67764,-76718.8203125
4739,CrossQ,env3,68800,-75849.125
4740,CrossQ,env3,71436,-75892.71875
4741,CrossQ,env3,72348,-75883.0234375
4742,CrossQ,env3,73464,-73907.5
4743,CrossQ,env3,74224,-74862.1484375
4744,CrossQ,env3,74700,-77008.21875
4745,CrossQ,env3,75392,-78855.7578125
4746,CrossQ,env3,75824,-78853.65625
4747,CrossQ,env3,76620,-79710.0625
4748,CrossQ,env3,77628,-80657.109375
4749,CrossQ,env3,79824,-79872.734375
4750,CrossQ,env3,83092,-79188.859375
4751,CrossQ,env3,84176,-79234.90625
4752,CrossQ,env3,87092,-79404.859375
4753,CrossQ,env3,89008,-79535.3828125
4754,CrossQ,env3,91092,-77720.0859375
4755,CrossQ,env3,92904,-77770.140625
4756,CrossQ,env3,95092,-76497.2265625
4757,CrossQ,env3,98100,-77577.78125
4758,CrossQ,env3,102076,-76015.453125
4759,CrossQ,env3,102376,-78030.2265625
4760,CrossQ,env3,103228,-79252.8828125
4761,CrossQ,env3,105092,-80540.0859375
4762,CrossQ,env3,106780,-79637.484375
4763,CrossQ,env3,108824,-79559.203125
4764,CrossQ,env3,111160,-78670.796875
4765,CrossQ,env3,115160,-76824.203125
4766,CrossQ,env3,117468,-76003.0
4767,CrossQ,env3,120008,-75953.7890625
4768,CrossQ,env3,121468,-74985.2890625
4769,CrossQ,env3,124208,-72924.2890625
4770,CrossQ,env3,128172,-70065.2890625
4771,CrossQ,env3,130268,-68206.890625
4772,CrossQ,env3,133108,-67185.0859375
4773,CrossQ,env3,134068,-66313.6875
4774,CrossQ,env3,135188,-66306.1875
4775,CrossQ,env3,137852,-68384.140625
4776,CrossQ,env3,139628,-66541.2890625
4777,CrossQ,env3,143628,-63734.0859375
4778,CrossQ,env3,147048,-61872.98828125
4779,CrossQ,env3,148312,-62896.88671875
4780,CrossQ,env3,149852,-63203.48828125
4781,CrossQ,env3,151628,-63542.30078125
4782,CrossQ,env3,154920,-62570.19921875
4783,CrossQ,env3,156328,-63405.8984375
4784,CrossQ,env3,157096,-63427.3984375
4785,CrossQ,env3,161096,-59709.8984375
4786,CrossQ,env3,163628,-58709.0
4787,CrossQ,env3,167628,-55953.19921875
4788,CrossQ,env3,169856,-55205.6640625
4789,CrossQ,env3,172244,-55173.9609375
4790,CrossQ,env3,175328,-55165.1640625
4791,CrossQ,env3,176244,-55886.5859375
4792,CrossQ,env3,178472,-55851.23828125
4793,CrossQ,env3,181144,-54101.63671875
4794,CrossQ,env3,183392,-55156.125
4795,CrossQ,env3,185916,-55305.32421875
4796,CrossQ,env3,189916,-53462.0234375
4797,CrossQ,env3,191828,-54464.42578125
4798,CrossQ,env3,192700,-53493.7265625
4799,CrossQ,env3,196700,-51502.55078125
4800,CrossQ,env3,200196,-48712.8515625
4801,CrossQ,env3,200944,-49614.8515625
4802,CrossQ,env3,202248,-52330.3515625
4803,CrossQ,env3,205024,-54151.6484375
4804,CrossQ,env3,207236,-52292.3515625
4805,CrossQ,env3,211236,-49555.55078125
4806,CrossQ,env3,215236,-46809.8515625
4807,CrossQ,env3,217200,-45859.25
4808,CrossQ,env3,221200,-43922.25
4809,CrossQ,env3,221696,-44793.55078125
4810,CrossQ,env3,223996,-47534.55078125
4811,CrossQ,env3,225652,-46595.3515625
4812,CrossQ,env3,228528,-49406.55078125
4813,CrossQ,env3,229828,-49435.05078125
4814,CrossQ,env3,232732,-49317.8984375
4815,CrossQ,env3,236732,-48413.8984375
4816,CrossQ,env3,237988,-48528.4765625
4817,CrossQ,env3,238288,-49623.26171875
4818,CrossQ,env3,241136,-52386.86328125
4819,CrossQ,env3,242236,-50673.2734375
4820,CrossQ,env3,246132,-50666.875
4821,CrossQ,env3,246452,-53388.7734375
4822,CrossQ,env3,246656,-54286.375
4823,CrossQ,env3,246936,-56131.57421875
4824,CrossQ,env3,250936,-55371.55078125
4825,CrossQ,env3,254936,-54243.0
4826,CrossQ,env3,255052,-56034.80078125
4827,CrossQ,env3,255476,-56940.3984375
4828,CrossQ,env3,256144,-57645.05078125
4829,CrossQ,env3,259052,-58972.734375
4830,CrossQ,env3,263052,-60815.66015625
4831,CrossQ,env3,265048,-61435.70703125
4832,CrossQ,env3,268004,-62349.609375
4833,CrossQ,env3,269404,-64303.5078125
4834,CrossQ,env3,273404,-61665.30859375
4835,CrossQ,env3,277404,-58639.359375
4836,CrossQ,env3,281404,-56822.7578125
4837,CrossQ,env3,285084,-54926.359375
4838,CrossQ,env3,285428,-55638.7578125
4839,CrossQ,env3,288424,-56663.41015625
4840,CrossQ,env3,289704,-57469.55859375
4841,CrossQ,env3,292228,-58401.05859375
4842,CrossQ,env3,296060,-57322.45703125
4843,CrossQ,env3,297656,-54557.859375
4844,CrossQ,env3,300060,-56365.2578125
4845,CrossQ,env3,302136,-57186.30859375
4846,CrossQ,env3,304464,-55371.609375
4847,CrossQ,env3,308228,-53521.80859375
4848,CrossQ,env3,310632,-51501.66015625
4849,CrossQ,env3,314632,-52464.95703125
4850,CrossQ,env3,317260,-53500.66015625
4851,CrossQ,env3,320220,-51595.7578125
4852,CrossQ,env3,324100,-48831.95703125
4853,CrossQ,env3,328100,-45396.5078125
4854,CrossQ,env3,331480,-44860.4609375
4855,CrossQ,env3,335480,-44818.5390625
4856,CrossQ,env3,337588,-45013.38671875
4857,CrossQ,env3,340036,-45788.0859375
4858,CrossQ,env3,340364,-46669.1875
4859,CrossQ,env3,341132,-49324.38671875
4860,CrossQ,env3,343368,-52176.61328125
4861,CrossQ,env3,344556,-55712.01171875
4862,CrossQ,env3,345420,-57546.9140625
4863,CrossQ,env3,348924,-56748.9609375
4864,CrossQ,env3,351352,-56766.9609375
4865,CrossQ,env3,355352,-56592.60546875
4866,CrossQ,env3,357452,-55688.3046875
4867,CrossQ,env3,361140,-54684.85546875
4868,CrossQ,env3,363536,-56335.73046875
4869,CrossQ,env3,365780,-54064.5546875
4870,CrossQ,env3,367536,-55029.3046875
4871,CrossQ,env3,370040,-56698.25390625
4872,CrossQ,env3,374040,-55609.703125
4873,CrossQ,env3,376144,-56756.15234375
4874,CrossQ,env3,378852,-56280.6796875
4875,CrossQ,env3,380356,-58276.23046875
4876,CrossQ,env3,383236,-59156.73046875
4877,CrossQ,env3,386560,-60222.9296875
4878,CrossQ,env3,390560,-60773.078125
4879,CrossQ,env3,394528,-60982.44140625
4880,CrossQ,env3,395652,-61853.08984375
4881,CrossQ,env3,397168,-63631.79296875
4882,CrossQ,env3,401032,-62517.5078125
4883,CrossQ,env3,403304,-62335.109375
4884,CrossQ,env3,405776,-60317.734375
4885,CrossQ,env3,408168,-59486.2578125
4886,CrossQ,env3,409776,-57716.55859375
4887,CrossQ,env3,413416,-57608.39453125
4888,CrossQ,env3,415120,-57675.546875
4889,CrossQ,env3,416068,-57646.9453125
4890,CrossQ,env3,417468,-59419.0703125
4891,CrossQ,env3,421468,-57613.97265625
4892,CrossQ,env3,422404,-59721.22265625
4893,CrossQ,env3,425964,-58827.296875
4894,CrossQ,env3,427704,-60264.47265625
4895,CrossQ,env3,428632,-61226.37109375
4896,CrossQ,env3,430444,-61288.296875
4897,CrossQ,env3,434444,-60356.76171875
4898,CrossQ,env3,437552,-60236.0859375
4899,CrossQ,env3,439796,-60449.9609375
4900,CrossQ,env3,441552,-60452.5625
4901,CrossQ,env3,443072,-61185.67578125
4902,CrossQ,env3,444484,-61976.5234375
4903,CrossQ,env3,447968,-65194.375
4904,CrossQ,env3,448876,-65050.4765625
4905,CrossQ,env3,452808,-65010.1484375
4906,CrossQ,env3,455312,-64279.6484375
4907,CrossQ,env3,456484,-65503.58203125
4908,CrossQ,env3,459012,-65600.0546875
4909,CrossQ,env3,460856,-67685.4296875
4910,CrossQ,env3,461544,-68603.65625
4911,CrossQ,env3,463316,-69522.7109375
4912,CrossQ,env3,464776,-70598.5703125
4913,CrossQ,env3,465760,-72507.2734375
4914,CrossQ,env3,467644,-72542.671875
4915,CrossQ,env3,470208,-71773.5078125
4916,CrossQ,env3,473092,-73406.8515625
4917,CrossQ,env3,475052,-71079.1328125
4918,CrossQ,env3,478624,-70978.4375
4919,CrossQ,env3,482580,-70900.3828125
4920,CrossQ,env3,484832,-69733.5859375
4921,CrossQ,env3,487296,-70737.6328125
4922,CrossQ,env3,489696,-72807.1171875
4923,CrossQ,env3,492480,-72781.2421875
4924,CrossQ,env3,496472,-72443.6484375
4925,CrossQ,env3,497792,-71011.2734375
4926,CrossQ,env3,501792,-67068.140625
4927,CrossQ,env3,503288,-67921.9453125
4928,CrossQ,env3,506004,-65611.7421875
4929,CrossQ,env3,507428,-67383.4921875
4930,CrossQ,env3,509080,-68463.5703125
4931,CrossQ,env3,510464,-69277.015625
4932,CrossQ,env3,512144,-69949.6328125
4933,CrossQ,env3,515436,-70931.2265625
4934,CrossQ,env3,519436,-68103.9296875
4935,CrossQ,env3,521600,-66043.953125
4936,CrossQ,env3,524624,-65877.53125
4937,CrossQ,env3,527364,-63558.52734375
4938,CrossQ,env3,528788,-63245.16015625
4939,CrossQ,env3,529956,-63100.8125
4940,CrossQ,env3,531932,-65041.16015625
4941,CrossQ,env3,533548,-65281.01171875
4942,CrossQ,env3,534700,-67534.8828125
4943,CrossQ,env3,538432,-68621.828125
4944,CrossQ,env3,541676,-69444.46875
4945,CrossQ,env3,542924,-68493.3671875
4946,CrossQ,env3,546096,-67206.3515625
4947,CrossQ,env3,547300,-68000.828125
4948,CrossQ,env3,551300,-65112.01171875
4949,CrossQ,env3,552952,-68248.609375
4950,CrossQ,env3,555300,-69568.9375
4951,CrossQ,env3,558056,-72882.2578125
4952,CrossQ,env3,560876,-71712.9375
4953,CrossQ,env3,563300,-70970.234375
4954,CrossQ,env3,567300,-68712.703125
4955,CrossQ,env3,568048,-67702.9765625
4956,CrossQ,env3,570948,-67618.2265625
4957,CrossQ,env3,571764,-67905.9609375
4958,CrossQ,env3,573888,-66817.84375
4959,CrossQ,env3,575708,-68672.4453125
4960,CrossQ,env3,578424,-71808.296875
4961,CrossQ,env3,581552,-71825.0859375
4962,CrossQ,env3,584396,-70864.828125
4963,CrossQ,env3,585500,-71175.7421875
4964,CrossQ,env3,588680,-72224.640625
4965,CrossQ,env3,590400,-70046.84375
4966,CrossQ,env3,593816,-68894.046875
4967,CrossQ,env3,595636,-68703.4453125
4968,CrossQ,env3,598532,-68800.140625
4969,CrossQ,env3,601784,-67754.953125
4970,CrossQ,env3,605084,-68817.90625
4971,CrossQ,env3,607116,-67406.1953125
4972,CrossQ,env3,608488,-68408.015625
4973,CrossQ,env3,611140,-70030.6328125
4974,CrossQ,env3,613736,-68145.09375
4975,CrossQ,env3,616784,-68118.1953125
4976,CrossQ,env3,618584,-67899.9140625
4977,CrossQ,env3,620096,-68177.4296875
4978,CrossQ,env3,624096,-68149.765625
4979,CrossQ,env3,626176,-69427.8984375
4980,CrossQ,env3,628096,-69338.921875
4981,CrossQ,env3,631008,-70498.8203125
4982,CrossQ,env3,634072,-68597.4140625
4983,CrossQ,env3,637808,-66707.546875
4984,CrossQ,env3,641024,-66687.6875
4985,CrossQ,env3,644236,-63773.28515625
4986,CrossQ,env3,645796,-64970.7734375
4987,CrossQ,env3,647372,-66289.1328125
4988,CrossQ,env3,649796,-65377.078125
4989,CrossQ,env3,653480,-63563.6796875
4990,CrossQ,env3,654988,-65975.171875
4991,CrossQ,env3,657944,-67842.625
4992,CrossQ,env3,659080,-68068.2265625
4993,CrossQ,env3,663080,-66077.078125
4994,CrossQ,env3,664780,-67244.4765625
4995,CrossQ,env3,666192,-68439.4296875
4996,CrossQ,env3,668780,-70204.890625
4997,CrossQ,env3,671376,-69095.328125
4998,CrossQ,env3,672116,-70351.53125
4999,CrossQ,env3,675232,-72414.1171875
5000,CrossQ,env3,679232,-71359.5703125
5001,CrossQ,env3,681748,-70455.328125
5002,CrossQ,env3,683724,-70504.4765625
5003,CrossQ,env3,687264,-70739.0390625
5004,CrossQ,env3,691264,-69118.09375
5005,CrossQ,env3,695072,-69299.140625
5006,CrossQ,env3,699072,-66194.7421875
5007,CrossQ,env3,699900,-66113.65625
5008,CrossQ,env3,703900,-67123.71875
5009,CrossQ,env3,707652,-66229.5078125
5010,CrossQ,env3,709084,-66060.234375
5011,CrossQ,env3,713084,-62876.03515625
5012,CrossQ,env3,715900,-62795.40234375
5013,CrossQ,env3,718168,-62645.00390625
5014,CrossQ,env3,721892,-62625.203125
5015,CrossQ,env3,723428,-60607.15234375
5016,CrossQ,env3,724624,-60784.203125
5017,CrossQ,env3,726388,-61785.55078125
5018,CrossQ,env3,730388,-61030.6015625
5019,CrossQ,env3,732452,-61116.30078125
5020,CrossQ,env3,736452,-59164.75390625
5021,CrossQ,env3,740008,-58284.80078125
5022,CrossQ,env3,741268,-58519.96484375
5023,CrossQ,env3,742752,-59516.0625
5024,CrossQ,env3,746284,-57646.1640625
5025,CrossQ,env3,749780,-56678.7890625
5026,CrossQ,env3,750464,-58910.80859375
5027,CrossQ,env3,752320,-59697.703125
5028,CrossQ,env3,755600,-62619.10546875
5029,CrossQ,env3,758904,-63479.71484375
5030,CrossQ,env3,759708,-63119.640625
5031,CrossQ,env3,763256,-66156.3046875
5032,CrossQ,env3,765252,-66068.765625
5033,CrossQ,env3,768132,-66876.2734375
5034,CrossQ,env3,771376,-67787.5
5035,CrossQ,env3,774260,-69775.3125
5036,CrossQ,env3,776772,-71797.90625
5037,CrossQ,env3,779140,-71827.875
5038,CrossQ,env3,782276,-72819.25
5039,CrossQ,env3,784436,-73755.0390625
5040,CrossQ,env3,786364,-73712.2890625
5041,CrossQ,env3,789352,-73331.0625
5042,CrossQ,env3,790364,-71438.859375
5043,CrossQ,env3,793944,-74288.0625
5044,CrossQ,env3,796184,-72775.2109375
5045,CrossQ,env3,798832,-73686.0625
5046,CrossQ,env3,801400,-74130.5078125
5047,CrossQ,env3,803012,-74758.4609375
5048,CrossQ,env3,805416,-73899.7109375
5049,CrossQ,env3,808228,-74749.65625
5050,CrossQ,env3,811036,-75901.8828125
5051,CrossQ,env3,813916,-74933.28125
5052,CrossQ,env3,816096,-74068.2734375
5053,CrossQ,env3,817456,-72983.828125
5054,CrossQ,env3,818276,-74830.015625
5055,CrossQ,env3,820388,-74937.84375
5056,CrossQ,env3,821692,-74886.078125
5057,CrossQ,env3,822648,-76022.609375
5058,CrossQ,env3,822992,-77253.2578125
5059,CrossQ,env3,823608,-77238.5078125
5060,CrossQ,env3,827608,-74499.4140625
5061,CrossQ,env3,831136,-73833.4140625
5062,CrossQ,env3,834100,-73664.4921875
5063,CrossQ,env3,838100,-71585.6015625
5064,CrossQ,env3,840020,-72343.265625
5065,CrossQ,env3,841140,-74187.6875
5066,CrossQ,env3,844888,-73422.203125
5067,CrossQ,env3,848652,-73262.578125
5068,CrossQ,env3,849880,-73270.1796875
5069,CrossQ,env3,853444,-73228.2421875
5070,CrossQ,env3,856012,-73287.7421875
5071,CrossQ,env3,858656,-72771.3671875
5072,CrossQ,env3,861324,-72044.78125
5073,CrossQ,env3,865324,-69280.8828125
5074,CrossQ,env3,867896,-69235.15625
5075,CrossQ,env3,870920,-68067.6328125
5076,CrossQ,env3,874920,-66074.6875
5077,CrossQ,env3,876560,-66216.5
5078,CrossQ,env3,880560,-65269.99609375
5079,CrossQ,env3,881988,-64344.09765625
5080,CrossQ,env3,884424,-65496.796875
5081,CrossQ,env3,886696,-63442.24609375
5082,CrossQ,env3,890696,-61393.4453125
5083,CrossQ,env3,892964,-60382.1953125
5084,CrossQ,env3,895744,-61392.09765625
5085,CrossQ,env3,897208,-64265.74609375
5086,CrossQ,env3,901208,-64205.5234375
5087,CrossQ,env3,902632,-66508.453125
5088,CrossQ,env3,903484,-68468.0078125
5089,CrossQ,env3,905104,-68531.703125
5090,CrossQ,env3,907216,-67501.28125
5091,CrossQ,env3,910624,-66786.59375
5092,CrossQ,env3,914416,-66927.46875
5093,CrossQ,env3,916480,-66741.515625
5094,CrossQ,env3,918648,-68299.703125
5095,CrossQ,env3,922012,-67274.5
5096,CrossQ,env3,925060,-68122.4140625
5097,CrossQ,env3,928028,-66301.6953125
5098,CrossQ,env3,931464,-67240.5
5099,CrossQ,env3,935464,-65482.5234375
5100,CrossQ,env3,938612,-66583.75
5101,CrossQ,env3,942612,-65628.5
5102,CrossQ,env3,946612,-62839.296875
5103,CrossQ,env3,950612,-61914.046875
5104,CrossQ,env3,952888,-60127.34765625
5105,CrossQ,env3,954848,-59211.94921875
5106,CrossQ,env3,957840,-60483.59765625
5107,CrossQ,env3,961840,-59558.3984375
5108,CrossQ,env3,965840,-56778.921875
5109,CrossQ,env3,967988,-53887.0234375
5110,CrossQ,env3,971760,-52096.125
5111,CrossQ,env3,975100,-51186.6484375
5112,CrossQ,env3,979100,-47458.82421875
5113,CrossQ,env3,983100,-44611.921875
5114,CrossQ,env3,987100,-41024.625
5115,CrossQ,env3,991100,-38462.625
5116,CrossQ,env3,995100,-36604.82421875
5117,CrossQ,env3,999100,-34787.67578125
5118,CrossQ,env3,1003100,-32116.82421875
5119,CrossQ,env3,1007100,-29167.474609375
5120,CrossQ,env3,1010848,-28303.275390625
5121,CrossQ,env3,1014848,-25698.375
5122,CrossQ,env3,1018848,-24675.32421875
5123,CrossQ,env3,1022848,-23736.525390625
5124,CrossQ,env3,1026848,-22779.375
5125,CrossQ,env3,1030848,-22022.525390625
5126,CrossQ,env3,1034848,-22138.82421875
5127,CrossQ,env3,1038848,-22138.82421875
5128,CrossQ,env3,1042848,-21251.625
5129,CrossQ,env3,1046848,-20324.625
5130,CrossQ,env3,1050848,-17545.82421875
5131,CrossQ,env3,1053152,-15610.3251953125
5132,CrossQ,env3,1055700,-17644.724609375
5133,CrossQ,env3,1059700,-17753.650390625
5134,CrossQ,env3,1063700,-16916.849609375
5135,CrossQ,env3,1067700,-15939.150390625
5136,CrossQ,env3,1071700,-15003.849609375
5137,CrossQ,env3,1075700,-15129.400390625
5138,CrossQ,env3,1079700,-14194.0
5139,CrossQ,env3,1083700,-14194.0
5140,CrossQ,env3,1087700,-14194.0
5141,CrossQ,env3,1091700,-14194.0
5142,CrossQ,env3,1095700,-14194.0
5143,CrossQ,env3,1099644,-15119.7001953125
5144,CrossQ,env3,1103372,-17005.783203125
5145,CrossQ,env3,1107372,-15982.43359375
5146,CrossQ,env3,1111372,-15982.43359375
5147,CrossQ,env3,1115372,-16186.8330078125
5148,CrossQ,env3,1119372,-16186.8330078125
5149,CrossQ,env3,1123372,-16289.8837890625
5150,CrossQ,env3,1127372,-15312.68359375
5151,CrossQ,env3,1131372,-15312.68359375
5152,CrossQ,env3,1135372,-15312.68359375
5153,CrossQ,env3,1139372,-15312.68359375
5154,CrossQ,env3,1143372,-15312.68359375
5155,CrossQ,env3,1145584,-18060.8828125
5156,CrossQ,env3,1147060,-18969.18359375
5157,CrossQ,env3,1151060,-18104.482421875
5158,CrossQ,env3,1155060,-17989.43359375
5159,CrossQ,env3,1159060,-17750.3671875
5160,CrossQ,env3,1162044,-19524.416015625
5161,CrossQ,env3,1166044,-20500.517578125
5162,CrossQ,env3,1170044,-20400.517578125
5163,CrossQ,env3,1171856,-22014.1171875
5164,CrossQ,env3,1175856,-22998.517578125
5165,CrossQ,env3,1179568,-25708.7109375
5166,CrossQ,env3,1181196,-29257.7109375
5167,CrossQ,env3,1182292,-32629.287109375
5168,CrossQ,env3,1186292,-34416.5859375
5169,CrossQ,env3,1187908,-35079.3515625
5170,CrossQ,env3,1190852,-36966.8515625
5171,CrossQ,env3,1191908,-39681.8515625
5172,CrossQ,env3,1195908,-40595.0546875
5173,CrossQ,env3,1199908,-40483.50390625
5174,CrossQ,env3,1203872,-41262.12109375
5175,CrossQ,env3,1205036,-42045.7578125
5176,CrossQ,env3,1207872,-44760.05859375
5177,CrossQ,env3,1211872,-44760.05859375
5178,CrossQ,env3,1215196,-45723.7578125
5179,CrossQ,env3,1218916,-47644.7578125
5180,CrossQ,env3,1222460,-45876.05859375
5181,CrossQ,env3,1225872,-45976.15625
5182,CrossQ,env3,1229872,-45051.05859375
5183,CrossQ,env3,1233872,-45166.109375
5184,CrossQ,env3,1237872,-45405.17578125
5185,CrossQ,env3,1241872,-43631.125
5186,CrossQ,env3,1245872,-42655.0234375
5187,CrossQ,env3,1247692,-45374.5859375
5188,CrossQ,env3,1251496,-44669.5859375
5189,CrossQ,env3,1253872,-44617.98828125
5190,CrossQ,env3,1257872,-43811.19140625
5191,CrossQ,env3,1261872,-40262.19140625
5192,CrossQ,env3,1265872,-36890.6171875
5193,CrossQ,env3,1269032,-35122.31640625
5194,CrossQ,env3,1273032,-32553.06640625
5195,CrossQ,env3,1277032,-30666.916015625
5196,CrossQ,env3,1279028,-29466.103515625
5197,CrossQ,env3,1282780,-30143.455078125
5198,CrossQ,env3,1285132,-32884.953125
5199,CrossQ,env3,1289132,-31906.337890625
5200,CrossQ,env3,1293132,-31122.69921875
5201,CrossQ,env3,1297132,-30162.44921875
5202,CrossQ,env3,1298328,-33839.1484375
5203,CrossQ,env3,1299028,-35630.05078125
5204,CrossQ,env3,1300468,-37368.25
5205,CrossQ,env3,1304468,-36388.75
5206,CrossQ,env3,1308052,-36279.0859375
5207,CrossQ,env3,1312052,-37019.92578125
5208,CrossQ,env3,1316052,-37019.92578125
5209,CrossQ,env3,1320052,-36898.82421875
5210,CrossQ,env3,1321968,-38819.7265625
5211,CrossQ,env3,1325968,-38619.7265625
5212,CrossQ,env3,1329968,-35863.8515625
5213,CrossQ,env3,1333968,-34830.94921875
5214,CrossQ,env3,1337968,-35822.25
5215,CrossQ,env3,1341596,-35741.26171875
5216,CrossQ,env3,1345596,-35741.26171875
5217,CrossQ,env3,1349596,-35741.26171875
5218,CrossQ,env3,1353596,-34796.5625
5219,CrossQ,env3,1357596,-34918.3125
5220,CrossQ,env3,1359932,-35930.61328125
5221,CrossQ,env3,1363932,-34416.42578125
5222,CrossQ,env3,1367932,-32721.525390625
5223,CrossQ,env3,1371932,-30951.82421875
5224,CrossQ,env3,1375932,-31028.17578125
5225,CrossQ,env3,1379932,-30907.57421875
5226,CrossQ,env3,1383932,-29036.42578125
5227,CrossQ,env3,1387480,-26280.025390625
5228,CrossQ,env3,1391480,-23525.42578125
5229,CrossQ,env3,1395480,-20586.275390625
5230,CrossQ,env3,1399480,-20350.025390625
5231,CrossQ,env3,1403480,-18537.48828125
5232,CrossQ,env3,1407480,-17542.75
5233,CrossQ,env3,1411480,-17312.0
5234,CrossQ,env3,1415480,-17312.75
5235,CrossQ,env3,1419480,-15057.75
5236,CrossQ,env3,1421756,-16113.349609375
5237,CrossQ,env3,1422264,-19721.427734375
5238,CrossQ,env3,1423540,-23488.828125
5239,CrossQ,env3,1424684,-25332.52734375
5240,CrossQ,env3,1428684,-24441.814453125
5241,CrossQ,env3,1432684,-24441.814453125
5242,CrossQ,env3,1436684,-25434.615234375
5243,CrossQ,env3,1440684,-25434.615234375
5244,CrossQ,env3,1444684,-27271.064453125
5245,CrossQ,env3,1447712,-27334.365234375
5246,CrossQ,env3,1451712,-27216.6640625
5247,CrossQ,env3,1455712,-27321.015625
5248,CrossQ,env3,1458256,-28371.265625
5249,CrossQ,env3,1461648,-31342.21484375
5250,CrossQ,env3,1465648,-31462.814453125
5251,CrossQ,env3,1469648,-32526.4140625
5252,CrossQ,env3,1473648,-31606.115234375
5253,CrossQ,env3,1477532,-32555.615234375
5254,CrossQ,env3,1480672,-33763.56640625
5255,CrossQ,env3,1481652,-36894.11328125
5256,CrossQ,env3,1482492,-40566.515625
5257,CrossQ,env3,1483372,-44225.94921875
5258,CrossQ,env3,1483484,-48083.09765625
5259,CrossQ,env3,1483600,-51814.546875
5260,CrossQ,env3,1483992,-55766.94921875
5261,CrossQ,env3,1486784,-58462.75
5262,CrossQ,env3,1489612,-55951.78515625
5263,CrossQ,env3,1490068,-56001.3828125
5264,CrossQ,env3,1490376,-55880.58203125
5265,CrossQ,env3,1491236,-58595.28515625
5266,CrossQ,env3,1492676,-62283.08203125
5267,CrossQ,env3,1495624,-63069.484375
5268,CrossQ,env3,1499624,-63924.03515625
5269,CrossQ,env3,1502432,-64912.08203125
5270,CrossQ,env3,1504896,-65889.484375
5271,CrossQ,env3,1508052,-67864.984375
5272,CrossQ,env3,1512052,-69778.984375
5273,CrossQ,env3,1513040,-70548.5859375
5274,CrossQ,env3,1513764,-71394.5859375
5275,CrossQ,env3,1517764,-72154.234375
5276,CrossQ,env3,1521764,-71912.21875
5277,CrossQ,env3,1524200,-74676.421875
5278,CrossQ,env3,1526376,-76494.625
5279,CrossQ,env3,1527224,-77304.0234375
5280,CrossQ,env3,1531224,-76288.125
5281,CrossQ,env3,1534596,-73482.0234375
5282,CrossQ,env3,1538596,-70963.7421875
5283,CrossQ,env3,1542596,-67337.3359375
5284,CrossQ,env3,1546596,-63501.48828125
5285,CrossQ,env3,1548196,-61545.9140625
5286,CrossQ,env3,1552196,-60861.8125
5287,CrossQ,env3,1554040,-60609.34765625
5288,CrossQ,env3,1558040,-57782.1484375
5289,CrossQ,env3,1562040,-54135.1484375
5290,CrossQ,env3,1565556,-52364.74609375
5291,CrossQ,env3,1569556,-49567.6484375
5292,CrossQ,env3,1573556,-49737.6484375
5293,CrossQ,env3,1577556,-49766.24609375
5294,CrossQ,env3,1580824,-47811.24609375
5295,CrossQ,env3,1582968,-49548.09765625
5296,CrossQ,env3,1585484,-49505.8984375
5297,CrossQ,env3,1589472,-49489.59765625
5298,CrossQ,env3,1590068,-49538.09765625
5299,CrossQ,env3,1590952,-49513.3984375
5300,CrossQ,env3,1594084,-51621.34765625
5301,CrossQ,env3,1594968,-52650.05859375
5302,CrossQ,env3,1597160,-53449.66015625
5303,CrossQ,env3,1601160,-51571.45703125
5304,CrossQ,env3,1605160,-48834.05859375
5305,CrossQ,env3,1609160,-46955.66015625
5306,CrossQ,env3,1612472,-48883.109375
5307,CrossQ,env3,1616472,-48827.70703125
5308,CrossQ,env3,1620472,-48659.91015625
5309,CrossQ,env3,1622540,-50662.95703125
5310,CrossQ,env3,1624376,-52820.1328125
5311,CrossQ,env3,1627908,-52771.43359375
5312,CrossQ,env3,1630540,-52906.0
5313,CrossQ,env3,1633580,-54871.69921875
5314,CrossQ,env3,1635972,-56762.0
5315,CrossQ,env3,1637628,-56629.92578125
5316,CrossQ,env3,1640468,-59517.7265625
5317,CrossQ,env3,1643176,-60357.17578125
5318,CrossQ,env3,1646192,-61436.625
5319,CrossQ,env3,1649048,-63409.625
5320,CrossQ,env3,1651368,-62542.9765625
5321,CrossQ,env3,1652576,-64496.67578125
5322,CrossQ,env3,1654684,-66340.2734375
5323,CrossQ,env3,1656184,-67335.671875
5324,CrossQ,env3,1659000,-66534.875
5325,CrossQ,env3,1660296,-65499.4765625
5326,CrossQ,env3,1661712,-67420.6484375
5327,CrossQ,env3,1663776,-67504.1015625
5328,CrossQ,env3,1665868,-69292.109375
5329,CrossQ,env3,1667644,-71850.9140625
5330,CrossQ,env3,1668344,-74496.7109375
5331,CrossQ,env3,1669460,-75077.5078125
5332,CrossQ,env3,1671672,-77616.8828125
5333,CrossQ,env3,1674444,-81610.578125
5334,CrossQ,env3,1675228,-83534.9765625
5335,CrossQ,env3,1676784,-82400.8828125
5336,CrossQ,env3,1679264,-82389.3828125
5337,CrossQ,env3,1680236,-84230.8203125
5338,CrossQ,env3,1681936,-85077.71875
5339,CrossQ,env3,1682732,-86835.3671875
5340,CrossQ,env3,1683280,-88657.5390625
5341,CrossQ,env3,1683800,-88546.2421875
5342,CrossQ,env3,1684488,-89408.1953125
5343,CrossQ,env3,1685300,-91108.1953125
5344,CrossQ,env3,1687164,-92008.390625
5345,CrossQ,env3,1690712,-91005.34375
5346,CrossQ,env3,1693488,-90086.0390625
5347,CrossQ,env3,1696484,-89206.34375
5348,CrossQ,env3,1699296,-88281.265625
5349,CrossQ,env3,1703296,-87386.3671875
5350,CrossQ,env3,1706076,-88149.09375
5351,CrossQ,env3,1709708,-86203.8671875
5352,CrossQ,env3,1711484,-84132.640625
5353,CrossQ,env3,1715432,-84169.2578125
5354,CrossQ,env3,1718688,-84470.0546875
5355,CrossQ,env3,1719800,-83655.8515625
5356,CrossQ,env3,1722688,-83153.9140625
5357,CrossQ,env3,1726688,-79782.6875
5358,CrossQ,env3,1730688,-76938.2890625
5359,CrossQ,env3,1733952,-76007.640625
5360,CrossQ,env3,1737952,-73321.8359375
5361,CrossQ,env3,1741404,-71500.9375
5362,CrossQ,env3,1745088,-69737.8984375
5363,CrossQ,env3,1749088,-66059.796875
5364,CrossQ,env3,1753088,-62411.8515625
5365,CrossQ,env3,1756948,-59719.1015625
5366,CrossQ,env3,1760948,-57005.80078125
5367,CrossQ,env3,1763444,-55269.5
5368,CrossQ,env3,1767444,-51606.8984375
5369,CrossQ,env3,1771444,-48860.19921875
5370,CrossQ,env3,1775444,-48035.05078125
5371,CrossQ,env3,1779444,-45185.05078125
5372,CrossQ,env3,1783444,-42323.44921875
5373,CrossQ,env3,1787444,-39524.5234375
5374,CrossQ,env3,1791236,-39514.92578125
5375,CrossQ,env3,1795236,-36920.0
5376,CrossQ,env3,1798356,-36176.3515625
5377,CrossQ,env3,1799812,-38357.82421875
5378,CrossQ,env3,1803812,-35643.69921875
5379,CrossQ,env3,1807812,-32784.1015625
5380,CrossQ,env3,1811812,-30952.5
5381,CrossQ,env3,1815812,-28079.900390625
5382,CrossQ,env3,1819812,-28079.900390625
5383,CrossQ,env3,1823812,-27098.400390625
5384,CrossQ,env3,1827568,-27203.44921875
5385,CrossQ,env3,1831568,-27203.44921875
5386,CrossQ,env3,1834136,-28140.75
5387,CrossQ,env3,1838136,-27219.44921875
5388,CrossQ,env3,1842136,-27219.44921875
5389,CrossQ,env3,1846136,-27219.44921875
5390,CrossQ,env3,1849232,-27284.30078125
5391,CrossQ,env3,1852892,-28254.900390625
5392,CrossQ,env3,1856272,-27325.0
5393,CrossQ,env3,1857356,-31095.400390625
5394,CrossQ,env3,1860036,-33854.0
5395,CrossQ,env3,1863668,-35643.80078125
5396,CrossQ,env3,1865004,-37383.13671875
5397,CrossQ,env3,1868228,-39207.0390625
5398,CrossQ,env3,1869336,-41958.4375
5399,CrossQ,env3,1873336,-39995.13671875
5400,CrossQ,env3,1877336,-39995.13671875
5401,CrossQ,env3,1881336,-39029.63671875
5402,CrossQ,env3,1885336,-35272.13671875
5403,CrossQ,env3,1889264,-36183.4375
5404,CrossQ,env3,1892140,-38045.9375
5405,CrossQ,env3,1896140,-38045.9375
5406,CrossQ,env3,1900140,-38045.9375
5407,CrossQ,env3,1904140,-38045.9375
5408,CrossQ,env3,1908140,-38045.9375
5409,CrossQ,env3,1910412,-36125.5390625
5410,CrossQ,env3,1914412,-36125.5390625
5411,CrossQ,env3,1918412,-34202.0390625
5412,CrossQ,env3,1922412,-34202.0390625
5413,CrossQ,env3,1926412,-34202.0390625
5414,CrossQ,env3,1930412,-35178.73828125
5415,CrossQ,env3,1934412,-34240.5390625
5416,CrossQ,env3,1938412,-32316.037109375
5417,CrossQ,env3,1941520,-32259.337890625
5418,CrossQ,env3,1945520,-30382.13671875
5419,CrossQ,env3,1949520,-26627.537109375
5420,CrossQ,env3,1951504,-25700.837890625
5421,CrossQ,env3,1952960,-27761.400390625
5422,CrossQ,env3,1956960,-25804.650390625
5423,CrossQ,env3,1958388,-25827.94921875
5424,CrossQ,env3,1958948,-29476.150390625
5425,CrossQ,env3,1962308,-32998.18359375
5426,CrossQ,env3,1964960,-33964.3828125
5427,CrossQ,env3,1967132,-35867.18359375
5428,CrossQ,env3,1971132,-36939.58203125
5429,CrossQ,env3,1974120,-37913.58203125
5430,CrossQ,env3,1976688,-40443.1953125
5431,CrossQ,env3,1980364,-41389.59765625
5432,CrossQ,env3,1981732,-44163.796875
5433,CrossQ,env3,1982468,-46827.296875
5434,CrossQ,env3,1985376,-49549.546875
5435,CrossQ,env3,1986200,-52327.74609375
5436,CrossQ,env3,1986988,-56007.046875
5437,CrossQ,env3,1990988,-57663.0234375
5438,CrossQ,env3,1994732,-60584.921875
5439,CrossQ,env3,1998492,-61531.5234375
5440,CrossQ,env3,1999088,-63406.625
5441,CrossQ,env3,1999996,-67064.625
5442,CrossQ,env4,296,-100342.5
5443,CrossQ,env4,468,-97969.21875
5444,CrossQ,env4,728,-97959.6875
5445,CrossQ,env4,1068,-98631.015625
5446,CrossQ,env4,1460,-99083.3125
5447,CrossQ,env4,1700,-98501.0390625
5448,CrossQ,env4,2016,-98478.3046875
5449,CrossQ,env4,2344,-98753.515625
5450,CrossQ,env4,2644,-98965.90625
5451,CrossQ,env4,2936,-99153.3125
5452,CrossQ,env4,3364,-98869.6015625
5453,CrossQ,env4,3568,-99021.3046875
5454,CrossQ,env4,3808,-99143.3203125
5455,CrossQ,env4,4200,-99244.5078125
5456,CrossQ,env4,4488,-99343.875
5457,CrossQ,env4,4972,-99458.3203125
5458,CrossQ,env4,5212,-99383.3984375
5459,CrossQ,env4,5504,-99332.5
5460,CrossQ,env4,5820,-99396.1875
5461,CrossQ,env4,7028,-99399.75
5462,CrossQ,env4,7764,-99527.734375
5463,CrossQ,env4,8540,-99140.765625
5464,CrossQ,env4,9520,-98993.515625
5465,CrossQ,env4,9868,-98806.15625
5466,CrossQ,env4,10104,-98390.3671875
5467,CrossQ,env4,10308,-97991.8359375
5468,CrossQ,env4,10644,-97782.1796875
5469,CrossQ,env4,11224,-97385.3984375
5470,CrossQ,env4,11656,-96674.0078125
5471,CrossQ,env4,12148,-96068.5703125
5472,CrossQ,env4,12540,-95967.0078125
5473,CrossQ,env4,13948,-95804.09375
5474,CrossQ,env4,14712,-95333.2578125
5475,CrossQ,env4,15432,-94977.125
5476,CrossQ,env4,16388,-94463.2734375
5477,CrossQ,env4,17828,-94046.7890625
5478,CrossQ,env4,18932,-93580.953125
5479,CrossQ,env4,19556,-92976.9453125
5480,CrossQ,env4,21100,-92375.28125
5481,CrossQ,env4,22232,-91967.9296875
5482,CrossQ,env4,23680,-90578.0703125
5483,CrossQ,env4,24484,-90404.9609375
5484,CrossQ,env4,25196,-90395.9140625
5485,CrossQ,env4,25756,-90350.578125
5486,CrossQ,env4,26452,-90437.078125
5487,CrossQ,env4,27012,-90408.7734375
5488,CrossQ,env4,27612,-90824.5
5489,CrossQ,env4,28248,-91032.9375
5490,CrossQ,env4,28972,-91304.859375
5491,CrossQ,env4,30000,-91788.78125
5492,CrossQ,env4,30900,-92066.625
5493,CrossQ,env4,31312,-92188.375
5494,CrossQ,env4,31760,-92615.359375
5495,CrossQ,env4,32032,-93114.9140625
5496,CrossQ,env4,32388,-93530.0625
5497,CrossQ,env4,32596,-93521.8828125
5498,CrossQ,env4,32872,-93568.0546875
5499,CrossQ,env4,33192,-93828.59375
5500,CrossQ,env4,33348,-93970.609375
5501,CrossQ,env4,33576,-94462.4609375
5502,CrossQ,env4,33928,-94853.09375
5503,CrossQ,env4,34248,-95105.46875
5504,CrossQ,env4,34632,-95598.6015625
5505,CrossQ,env4,35844,-96031.7109375
5506,CrossQ,env4,36288,-96521.265625
5507,CrossQ,env4,37420,-97872.2265625
5508,CrossQ,env4,38276,-97998.546875
5509,CrossQ,env4,39012,-98094.8046875
5510,CrossQ,env4,40476,-97863.109375
5511,CrossQ,env4,41720,-97418.78125
5512,CrossQ,env4,43348,-96702.6171875
5513,CrossQ,env4,44940,-96501.0703125
5514,CrossQ,env4,45532,-96390.28125
5515,CrossQ,env4,45880,-96254.640625
5516,CrossQ,env4,46896,-94774.359375
5517,CrossQ,env4,48208,-93450.0546875
5518,CrossQ,env4,48916,-93477.7421875
5519,CrossQ,env4,50792,-92954.484375
5520,CrossQ,env4,51348,-92057.6015625
5521,CrossQ,env4,51912,-91860.984375
5522,CrossQ,env4,52208,-90740.671875
5523,CrossQ,env4,53044,-90639.90625
5524,CrossQ,env4,53328,-90460.4609375
5525,CrossQ,env4,53908,-90265.171875
5526,CrossQ,env4,54304,-89867.90625
5527,CrossQ,env4,54680,-89887.5234375
5528,CrossQ,env4,55740,-89800.078125
5529,CrossQ,env4,56396,-89715.8515625
5530,CrossQ,env4,56740,-89892.6015625
5531,CrossQ,env4,57296,-89713.3671875
5532,CrossQ,env4,57836,-89554.0
5533,CrossQ,env4,58728,-89509.4765625
5534,CrossQ,env4,59488,-89418.984375
5535,CrossQ,env4,60860,-89601.1015625
5536,CrossQ,env4,61080,-89088.125
5537,CrossQ,env4,61828,-88619.625
5538,CrossQ,env4,62492,-88710.1953125
5539,CrossQ,env4,63436,-88800.359375
5540,CrossQ,env4,63600,-88949.796875
5541,CrossQ,env4,64184,-90453.8046875
5542,CrossQ,env4,64808,-91824.71875
5543,CrossQ,env4,65036,-92079.9921875
5544,CrossQ,env4,65264,-92666.3203125
5545,CrossQ,env4,65756,-93563.5546875
5546,CrossQ,env4,65996,-93956.7578125
5547,CrossQ,env4,66264,-95345.3203125
5548,CrossQ,env4,66524,-95641.859375
5549,CrossQ,env4,67700,-94919.484375
5550,CrossQ,env4,68184,-94220.5390625
5551,CrossQ,env4,68548,-94634.0
5552,CrossQ,env4,69340,-94640.015625
5553,CrossQ,env4,70444,-94458.7578125
5554,CrossQ,env4,72192,-94366.515625
5555,CrossQ,env4,74132,-93072.5078125
5556,CrossQ,env4,77044,-90164.8046875
5557,CrossQ,env4,78888,-88354.671875
5558,CrossQ,env4,80780,-88285.4296875
5559,CrossQ,env4,82280,-87373.90625
5560,CrossQ,env4,85864,-84321.2890625
5561,CrossQ,env4,86908,-85152.265625
5562,CrossQ,env4,89388,-84394.9296875
5563,CrossQ,env4,91412,-82561.765625
5564,CrossQ,env4,91896,-82566.4921875
5565,CrossQ,env4,92500,-82503.34375
5566,CrossQ,env4,93528,-81384.46875
5567,CrossQ,env4,96392,-80580.2578125
5568,CrossQ,env4,97668,-79271.0390625
5569,CrossQ,env4,98656,-78886.3359375
5570,CrossQ,env4,100904,-77824.75
5571,CrossQ,env4,102796,-76927.8359375
5572,CrossQ,env4,103520,-75942.3515625
5573,CrossQ,env4,106080,-74993.921875
5574,CrossQ,env4,107520,-74292.140625
5575,CrossQ,env4,108340,-75102.0859375
5576,CrossQ,env4,108552,-74054.109375
5577,CrossQ,env4,108948,-74237.1328125
5578,CrossQ,env4,109392,-74721.5
5579,CrossQ,env4,109652,-75013.4375
5580,CrossQ,env4,110048,-76300.1484375
5581,CrossQ,env4,110496,-79304.984375
5582,CrossQ,env4,110720,-80254.984375
5583,CrossQ,env4,111008,-80520.7578125
5584,CrossQ,env4,113124,-81580.765625
5585,CrossQ,env4,117124,-82089.609375
5586,CrossQ,env4,117668,-82123.4921875
5587,CrossQ,env4,118080,-83624.4921875
5588,CrossQ,env4,118820,-84525.5546875
5589,CrossQ,env4,119620,-84454.90625
5590,CrossQ,env4,119812,-84461.65625
5591,CrossQ,env4,120016,-85546.1328125
5592,CrossQ,env4,120204,-86420.03125
5593,CrossQ,env4,120384,-87719.0546875
5594,CrossQ,env4,120568,-88101.5546875
5595,CrossQ,env4,120776,-89358.7265625
5596,CrossQ,env4,120900,-90307.3359375
5597,CrossQ,env4,121068,-91289.921875
5598,CrossQ,env4,121336,-92240.1484375
5599,CrossQ,env4,121448,-94042.546875
5600,CrossQ,env4,121584,-94322.1640625
5601,CrossQ,env4,121676,-95350.3359375
5602,CrossQ,env4,121788,-95334.8359375
5603,CrossQ,env4,122080,-95317.8359375
5604,CrossQ,env4,122272,-95307.0390625
5605,CrossQ,env4,122376,-95295.8359375
5606,CrossQ,env4,122536,-95275.640625
5607,CrossQ,env4,122648,-96296.3359375
5608,CrossQ,env4,122760,-96272.8359375
5609,CrossQ,env4,122860,-95164.0625
5610,CrossQ,env4,122948,-97789.5625
5611,CrossQ,env4,123040,-97825.5
5612,CrossQ,env4,123148,-98220.8984375
5613,CrossQ,env4,123468,-99237.7734375
5614,CrossQ,env4,123684,-99306.421875
5615,CrossQ,env4,124120,-99321.7265625
5616,CrossQ,env4,124480,-99353.828125
5617,CrossQ,env4,124568,-99367.328125
5618,CrossQ,env4,124644,-99365.921875
5619,CrossQ,env4,125124,-99378.921875
5620,CrossQ,env4,125316,-99410.828125
5621,CrossQ,env4,125972,-99267.703125
5622,CrossQ,env4,127016,-99283.796875
5623,CrossQ,env4,128848,-99268.2265625
5624,CrossQ,env4,129416,-98302.2890625
5625,CrossQ,env4,129616,-97214.4765625
5626,CrossQ,env4,129736,-97217.875
5627,CrossQ,env4,129868,-97219.375
5628,CrossQ,env4,130076,-97221.4765625
5629,CrossQ,env4,130184,-97216.2734375
5630,CrossQ,env4,130580,-97213.671875
5631,CrossQ,env4,130752,-97235.078125
5632,CrossQ,env4,130900,-97236.375
5633,CrossQ,env4,131028,-97237.671875
5634,CrossQ,env4,131180,-98273.453125
5635,CrossQ,env4,131416,-98275.8515625
5636,CrossQ,env4,131744,-98291.8515625
5637,CrossQ,env4,132056,-98204.2109375
5638,CrossQ,env4,132340,-98191.9140625
5639,CrossQ,env4,133020,-97998.4375
5640,CrossQ,env4,134288,-96901.2265625
5641,CrossQ,env4,135220,-96679.8203125
5642,CrossQ,env4,135872,-96683.6171875
5643,CrossQ,env4,136216,-95798.515625
5644,CrossQ,env4,136880,-94901.9140625
5645,CrossQ,env4,137264,-94911.71875
5646,CrossQ,env4,137892,-94839.9140625
5647,CrossQ,env4,138584,-94537.140625
5648,CrossQ,env4,138924,-94160.390625
5649,CrossQ,env4,139188,-94632.8984375
5650,CrossQ,env4,139412,-95328.03125
5651,CrossQ,env4,139620,-95234.28125
5652,CrossQ,env4,139868,-95040.0
5653,CrossQ,env4,139988,-94834.3828125
5654,CrossQ,env4,140244,-94641.03125
5655,CrossQ,env4,140508,-94346.8203125
5656,CrossQ,env4,140716,-94032.125
5657,CrossQ,env4,141640,-93738.2578125
5658,CrossQ,env4,142456,-93544.4453125
5659,CrossQ,env4,143208,-93551.9453125
5660,CrossQ,env4,143880,-93631.75
5661,CrossQ,env4,144188,-93700.546875
5662,CrossQ,env4,144764,-93804.984375
5663,CrossQ,env4,145140,-92900.78125
5664,CrossQ,env4,145520,-93094.5625
5665,CrossQ,env4,145884,-94185.265625
5666,CrossQ,env4,147348,-94460.8828125
5667,CrossQ,env4,148844,-93472.453125
5668,CrossQ,env4,149172,-94368.7578125
5669,CrossQ,env4,149796,-94360.953125
5670,CrossQ,env4,151220,-93449.15625
5671,CrossQ,env4,153916,-91822.578125
5672,CrossQ,env4,154452,-91235.453125
5673,CrossQ,env4,156872,-90681.859375
5674,CrossQ,env4,157304,-90990.203125
5675,CrossQ,env4,157812,-91197.8359375
5676,CrossQ,env4,158452,-89386.046875
5677,CrossQ,env4,158652,-89578.9375
5678,CrossQ,env4,158856,-89776.453125
5679,CrossQ,env4,159044,-89969.203125
5680,CrossQ,env4,159236,-90361.296875
5681,CrossQ,env4,159592,-90557.7109375
5682,CrossQ,env4,160312,-90858.578125
5683,CrossQ,env4,161940,-88907.4375
5684,CrossQ,env4,162332,-88923.5390625
5685,CrossQ,env4,162668,-88856.3359375
5686,CrossQ,env4,162940,-88697.4765625
5687,CrossQ,env4,163484,-88498.6953125
5688,CrossQ,env4,164464,-89447.3984375
5689,CrossQ,env4,165200,-89393.4609375
5690,CrossQ,env4,169200,-88662.859375
5691,CrossQ,env4,173172,-85914.4609375
5692,CrossQ,env4,173692,-85097.5859375
5693,CrossQ,env4,176924,-84394.28125
5694,CrossQ,env4,180056,-84463.28125
5695,CrossQ,env4,180400,-83211.3203125
5696,CrossQ,env4,180680,-85019.1171875
5697,CrossQ,env4,181024,-85900.0234375
5698,CrossQ,env4,184084,-85956.84375
5699,CrossQ,env4,184400,-85300.1328125
5700,CrossQ,env4,184560,-85190.5546875
5701,CrossQ,env4,184972,-86798.6796875
5702,CrossQ,env4,185176,-85600.0234375
5703,CrossQ,env4,185364,-85511.4296875
5704,CrossQ,env4,185524,-85218.4609375
5705,CrossQ,env4,185668,-85022.3828125
5706,CrossQ,env4,185940,-84925.5078125
5707,CrossQ,env4,186136,-84520.359375
5708,CrossQ,env4,186300,-86368.2578125
5709,CrossQ,env4,186556,-86245.5546875
5710,CrossQ,env4,186804,-86149.59375
5711,CrossQ,env4,189152,-86038.4296875
5712,CrossQ,env4,191020,-83857.4375
5713,CrossQ,env4,191624,-83413.5625
5714,CrossQ,env4,192160,-83223.9609375
5715,CrossQ,env4,192372,-83754.6875
5716,CrossQ,env4,193500,-86259.609375
5717,CrossQ,env4,196824,-86724.015625
5718,CrossQ,env4,200824,-84800.6171875
5719,CrossQ,env4,201680,-84742.421875
5720,CrossQ,env4,202128,-86071.3828125
5721,CrossQ,env4,202672,-86096.984375
5722,CrossQ,env4,202844,-86103.28125
5723,CrossQ,env4,203052,-86998.078125
5724,CrossQ,env4,203264,-87844.3828125
5725,CrossQ,env4,203672,-88152.796875
5726,CrossQ,env4,204360,-88387.90625
5727,CrossQ,env4,206792,-89533.6953125
5728,CrossQ,env4,208972,-86837.828125
5729,CrossQ,env4,212584,-85461.0078125
5730,CrossQ,env4,214220,-84801.6796875
5731,CrossQ,env4,218220,-83154.984375
5732,CrossQ,env4,219940,-82105.375
5733,CrossQ,env4,220828,-81150.9375
5734,CrossQ,env4,223016,-80708.3046875
5735,CrossQ,env4,224228,-79902.1640625
5736,CrossQ,env4,224840,-78913.3125
5737,CrossQ,env4,227016,-79196.078125
5738,CrossQ,env4,228840,-78892.453125
5739,CrossQ,env4,228976,-79125.1875
5740,CrossQ,env4,229324,-79124.3125
5741,CrossQ,env4,230396,-79208.3203125
5742,CrossQ,env4,231056,-80288.828125
5743,CrossQ,env4,231504,-83103.6171875
5744,CrossQ,env4,232468,-83999.21875
5745,CrossQ,env4,233244,-84932.015625
5746,CrossQ,env4,235244,-84831.3203125
5747,CrossQ,env4,235760,-83952.71875
5748,CrossQ,env4,236816,-83059.421875
5749,CrossQ,env4,237336,-83099.6171875
5750,CrossQ,env4,237756,-83099.515625
5751,CrossQ,env4,238192,-83171.515625
5752,CrossQ,env4,238684,-83238.296875
5753,CrossQ,env4,239376,-86047.140625
5754,CrossQ,env4,239776,-86826.7421875
5755,CrossQ,env4,240412,-87706.140625
5756,CrossQ,env4,240692,-88566.3203125
5757,CrossQ,env4,240940,-90020.875
5758,CrossQ,env4,241212,-91279.1640625
5759,CrossQ,env4,241416,-91827.796875
5760,CrossQ,env4,241592,-92746.1015625
5761,CrossQ,env4,241848,-93929.171875
5762,CrossQ,env4,242204,-96017.1875
5763,CrossQ,env4,242980,-96560.5
5764,CrossQ,env4,246204,-94487.5546875
5765,CrossQ,env4,246592,-94689.203125
5766,CrossQ,env4,246976,-94771.3828125
5767,CrossQ,env4,247356,-94838.765625
5768,CrossQ,env4,251244,-92024.265625
5769,CrossQ,env4,252516,-90038.2421875
5770,CrossQ,env4,253508,-89902.015625
5771,CrossQ,env4,255796,-88865.1015625
5772,CrossQ,env4,256184,-88681.03125
5773,CrossQ,env4,256656,-89577.1328125
5774,CrossQ,env4,257192,-89534.1328125
5775,CrossQ,env4,257744,-88478.3046875
5776,CrossQ,env4,258076,-88471.203125
5777,CrossQ,env4,258664,-88373.6328125
5778,CrossQ,env4,260808,-87478.1328125
5779,CrossQ,env4,261976,-87365.09375
5780,CrossQ,env4,262856,-87351.7578125
5781,CrossQ,env4,265552,-87249.6171875
5782,CrossQ,env4,265976,-86342.015625
5783,CrossQ,env4,266312,-86358.1171875
5784,CrossQ,env4,267132,-85475.515625
5785,CrossQ,env4,268100,-85279.1015625
5786,CrossQ,env4,272100,-82582.5078125
5787,CrossQ,env4,274208,-80708.578125
5788,CrossQ,env4,276936,-79525.921875
5789,CrossQ,env4,278304,-80124.4296875
5790,CrossQ,env4,278916,-80227.234375
5791,CrossQ,env4,282400,-79235.78125
5792,CrossQ,env4,284088,-76251.2109375
5793,CrossQ,env4,287088,-77290.90625
5794,CrossQ,env4,288088,-78316.4453125
5795,CrossQ,env4,292088,-76519.171875
5796,CrossQ,env4,294552,-75683.4921875
5797,CrossQ,env4,296664,-74577.9609375
5798,CrossQ,env4,297424,-74177.796875
5799,CrossQ,env4,298212,-73892.2734375
5800,CrossQ,env4,298932,-73879.0546875
5801,CrossQ,env4,299476,-73895.859375
5802,CrossQ,env4,300900,-73955.171875
5803,CrossQ,env4,304080,-72936.0078125
5804,CrossQ,env4,307040,-71968.2109375
5805,CrossQ,env4,308316,-70896.3203125
5806,CrossQ,env4,308968,-69993.2109375
5807,CrossQ,env4,312900,-69130.40625
5808,CrossQ,env4,313640,-68234.40625
5809,CrossQ,env4,314796,-68219.5078125
5810,CrossQ,env4,317088,-67415.2421875
5811,CrossQ,env4,317808,-70295.546875
5812,CrossQ,env4,317996,-72065.109375
5813,CrossQ,env4,318188,-73201.484375
5814,CrossQ,env4,318308,-74621.1875
5815,CrossQ,env4,318420,-74410.859375
5816,CrossQ,env4,318540,-75394.9140625
5817,CrossQ,env4,318664,-78373.0859375
5818,CrossQ,env4,318820,-80039.078125
5819,CrossQ,env4,321952,-80812.4765625
5820,CrossQ,env4,322548,-82613.375
5821,CrossQ,env4,322852,-82445.796875
5822,CrossQ,env4,323368,-84563.4140625
5823,CrossQ,env4,323684,-84975.9765625
5824,CrossQ,env4,327368,-84083.125
5825,CrossQ,env4,328008,-83983.5234375
5826,CrossQ,env4,328276,-83077.828125
5827,CrossQ,env4,328596,-82913.3125
5828,CrossQ,env4,328900,-84714.3359375
5829,CrossQ,env4,329372,-86708.078125
5830,CrossQ,env4,329664,-87576.1640625
5831,CrossQ,env4,329992,-89169.140625
5832,CrossQ,env4,330164,-90937.3359375
5833,CrossQ,env4,332276,-90727.203125
5834,CrossQ,env4,333044,-91690.3984375
5835,CrossQ,env4,334292,-91795.9765625
5836,CrossQ,env4,336132,-90750.171875
5837,CrossQ,env4,338292,-89869.0859375
5838,CrossQ,env4,341688,-87212.765625
5839,CrossQ,env4,344880,-84276.4609375
5840,CrossQ,env4,347200,-82122.734375
5841,CrossQ,env4,349064,-79936.3359375
5842,CrossQ,env4,349688,-78750.640625
5843,CrossQ,env4,350728,-78755.515625
5844,CrossQ,env4,351864,-78742.265625
5845,CrossQ,env4,353992,-76778.4765625
5846,CrossQ,env4,354968,-77771.984375
5847,CrossQ,env4,355820,-77371.046875
5848,CrossQ,env4,357084,-77358.515625
5849,CrossQ,env4,360256,-76491.3984375
5850,CrossQ,env4,360888,-76762.9375
5851,CrossQ,env4,361196,-76746.8359375
5852,CrossQ,env4,361400,-76961.3125
5853,CrossQ,env4,363172,-77052.3359375
5854,CrossQ,env4,363708,-76963.375
5855,CrossQ,env4,364372,-76870.1484375
5856,CrossQ,env4,365360,-77109.046875
5857,CrossQ,env4,369360,-74493.75
5858,CrossQ,env4,373360,-73821.3828125
5859,CrossQ,env4,376156,-71825.7265625
5860,CrossQ,env4,377864,-71933.921875
5861,CrossQ,env4,378760,-72617.4765625
5862,CrossQ,env4,379444,-73679.921875
5863,CrossQ,env4,379692,-76540.5078125
5864,CrossQ,env4,383692,-75921.3515625
5865,CrossQ,env4,386476,-77334.0
5866,CrossQ,env4,387956,-78604.0703125
5867,CrossQ,env4,391900,-77082.2734375
5868,CrossQ,env4,392488,-75377.7109375
5869,CrossQ,env4,395956,-73701.3359375
5870,CrossQ,env4,397256,-74694.109375
5871,CrossQ,env4,399564,-74994.0625
5872,CrossQ,env4,400604,-74439.984375
5873,CrossQ,env4,401852,-74244.8515625
5874,CrossQ,env4,403200,-75259.0078125
5875,CrossQ,env4,403972,-76163.6015625
5876,CrossQ,env4,404452,-76987.640625
5877,CrossQ,env4,404812,-76848.9453125
5878,CrossQ,env4,405232,-76858.0546875
5879,CrossQ,env4,405908,-75869.0546875
5880,CrossQ,env4,409896,-74506.515625
5881,CrossQ,env4,412232,-74468.15625
5882,CrossQ,env4,412820,-76182.65625
5883,CrossQ,env4,414096,-77040.8515625
5884,CrossQ,env4,414796,-79055.4140625
5885,CrossQ,env4,418796,-77144.015625
5886,CrossQ,env4,422236,-76613.265625
5887,CrossQ,env4,423660,-74641.9453125
5888,CrossQ,env4,427452,-72871.2421875
5889,CrossQ,env4,431452,-72767.5703125
5890,CrossQ,env4,432484,-72515.140625
5891,CrossQ,env4,433304,-71650.96875
5892,CrossQ,env4,434760,-74293.0390625
5893,CrossQ,env4,436064,-74897.4921875
5894,CrossQ,env4,438760,-75911.90625
5895,CrossQ,env4,439332,-75076.21875
5896,CrossQ,env4,439512,-75971.515625
5897,CrossQ,env4,439908,-76922.9296875
5898,CrossQ,env4,440576,-77034.8203125
5899,CrossQ,env4,441020,-77892.4609375
5900,CrossQ,env4,442364,-77842.890625
5901,CrossQ,env4,445720,-77087.046875
5902,CrossQ,env4,446236,-76219.625
5903,CrossQ,env4,446880,-75818.3125
5904,CrossQ,env4,449560,-75983.578125
5905,CrossQ,env4,450644,-75468.7890625
5906,CrossQ,env4,451124,-74523.125
5907,CrossQ,env4,451432,-75429.0234375
5908,CrossQ,env4,451740,-76348.125
5909,CrossQ,env4,451992,-76280.328125
5910,CrossQ,env4,452416,-78974.7265625
5911,CrossQ,env4,452792,-79702.0234375
5912,CrossQ,env4,453772,-81511.1640625
5913,CrossQ,env4,454684,-83359.359375
5914,CrossQ,env4,456072,-87097.3359375
5915,CrossQ,env4,456796,-88177.6875
5916,CrossQ,env4,457444,-89082.984375
5917,CrossQ,env4,459372,-89290.515625
5918,CrossQ,env4,461084,-90413.9375
5919,CrossQ,env4,462848,-88560.4375
5920,CrossQ,env4,464468,-90105.0859375
5921,CrossQ,env4,465196,-89188.5859375
5922,CrossQ,env4,465628,-89183.484375
5923,CrossQ,env4,466020,-89361.7734375
5924,CrossQ,env4,466512,-89435.359375
5925,CrossQ,env4,467268,-88294.328125
5926,CrossQ,env4,467568,-89129.625
5927,CrossQ,env4,468528,-90168.6484375
5928,CrossQ,env4,472460,-88644.6875
5929,CrossQ,env4,472992,-88641.2890625
5930,CrossQ,env4,474020,-89722.890625
5931,CrossQ,env4,475148,-90750.734375
5932,CrossQ,env4,476992,-90750.2109375
5933,CrossQ,env4,478108,-90791.9140625
5934,CrossQ,env4,480716,-90838.234375
5935,CrossQ,env4,483060,-88796.828125
5936,CrossQ,env4,483508,-88779.625
5937,CrossQ,env4,484716,-87862.390625
5938,CrossQ,env4,487844,-86597.734375
5939,CrossQ,env4,488916,-84302.7734375
5940,CrossQ,env4,490048,-83268.515625
5941,CrossQ,env4,493076,-83214.1484375
5942,CrossQ,env4,494520,-82029.6875
5943,CrossQ,env4,495556,-81246.015625
5944,CrossQ,env4,499232,-81918.0390625
5945,CrossQ,env4,500648,-80248.8984375
5946,CrossQ,env4,503232,-80027.5390625
5947,CrossQ,env4,503356,-80020.2421875
5948,CrossQ,env4,503592,-79912.4140625
5949,CrossQ,env4,503724,-79908.9140625
5950,CrossQ,env4,503856,-81083.828125
5951,CrossQ,env4,504840,-80027.703125
5952,CrossQ,env4,507848,-78910.765625
5953,CrossQ,env4,508612,-79874.1171875
5954,CrossQ,env4,509756,-80581.828125
5955,CrossQ,env4,513584,-79636.96875
5956,CrossQ,env4,514852,-76618.46875
5957,CrossQ,env4,515720,-76590.0546875
5958,CrossQ,env4,517460,-76502.5703125
5959,CrossQ,env4,520936,-74522.203125
5960,CrossQ,env4,521784,-76350.015625
5961,CrossQ,env4,522716,-75084.96875
5962,CrossQ,env4,524528,-76203.09375
5963,CrossQ,env4,525448,-76394.78125
5964,CrossQ,env4,528336,-78823.5390625
5965,CrossQ,env4,530056,-78731.1953125
5966,CrossQ,env4,530692,-78456.3125
5967,CrossQ,env4,531504,-79534.375
5968,CrossQ,env4,533232,-80463.28125
5969,CrossQ,env4,534904,-81681.5546875
5970,CrossQ,env4,535612,-82584.2421875
5971,CrossQ,env4,539348,-81631.171875
5972,CrossQ,env4,540440,-81674.671875
5973,CrossQ,env4,541720,-81944.6953125
5974,CrossQ,env4,544336,-81848.6875
5975,CrossQ,env4,547624,-79034.0
5976,CrossQ,env4,548800,-79288.625
5977,CrossQ,env4,550220,-80317.6328125
5978,CrossQ,env4,552616,-81273.0390625
5979,CrossQ,env4,555232,-80464.6953125
5980,CrossQ,env4,556812,-81310.6171875
5981,CrossQ,env4,559868,-83447.59375
5982,CrossQ,env4,563232,-80334.140625
5983,CrossQ,env4,564440,-80243.8203125
5984,CrossQ,env4,565872,-81130.390625
5985,CrossQ,env4,566900,-81345.40625
5986,CrossQ,env4,568260,-82744.2578125
5987,CrossQ,env4,570484,-82755.859375
5988,CrossQ,env4,571784,-82779.578125
5989,CrossQ,env4,572796,-82634.765625
5990,CrossQ,env4,574864,-83865.0546875
5991,CrossQ,env4,576512,-84773.8046875
5992,CrossQ,env4,578884,-83840.796875
5993,CrossQ,env4,581700,-82806.0703125
5994,CrossQ,env4,582848,-82737.8046875
5995,CrossQ,env4,586056,-82538.1484375
5996,CrossQ,env4,588460,-83804.96875
5997,CrossQ,env4,590904,-83629.21875
5998,CrossQ,env4,592704,-81525.046875
5999,CrossQ,env4,594324,-81710.65625
6000,CrossQ,env4,594792,-84490.40625
6001,CrossQ,env4,596048,-84418.0078125
6002,CrossQ,env4,598072,-84285.1953125
6003,CrossQ,env4,599340,-83494.921875
6004,CrossQ,env4,601756,-84670.7421875
6005,CrossQ,env4,604404,-85827.671875
6006,CrossQ,env4,607644,-85992.953125
6007,CrossQ,env4,609628,-88069.2734375
6008,CrossQ,env4,612416,-86144.453125
6009,CrossQ,env4,614260,-86350.515625
6010,CrossQ,env4,617660,-85222.5859375
6011,CrossQ,env4,620328,-82888.890625
6012,CrossQ,env4,622916,-81853.21875
6013,CrossQ,env4,624592,-81657.3203125
6014,CrossQ,env4,628484,-79879.3515625
6015,CrossQ,env4,630564,-79725.515625
6016,CrossQ,env4,632488,-78004.9140625
6017,CrossQ,env4,636484,-78140.4296875
6018,CrossQ,env4,637696,-78316.0546875
6019,CrossQ,env4,641440,-77333.890625
6020,CrossQ,env4,644020,-76306.328125
6021,CrossQ,env4,645672,-76064.3046875
6022,CrossQ,env4,647864,-76274.8515625
6023,CrossQ,env4,650728,-77216.328125
6024,CrossQ,env4,652988,-75293.1796875
6025,CrossQ,env4,655540,-75475.71875
6026,CrossQ,env4,656464,-75170.3671875
6027,CrossQ,env4,658856,-75540.7109375
6028,CrossQ,env4,660964,-76406.4453125
6029,CrossQ,env4,664580,-75153.078125
6030,CrossQ,env4,666660,-73919.1953125
6031,CrossQ,env4,669016,-73769.2265625
6032,CrossQ,env4,670000,-74760.6171875
6033,CrossQ,env4,671600,-75666.828125
6034,CrossQ,env4,673720,-75254.7265625
6035,CrossQ,env4,676012,-75196.078125
6036,CrossQ,env4,678480,-76261.921875
6037,CrossQ,env4,681576,-75270.0625
6038,CrossQ,env4,683184,-74671.5
6039,CrossQ,env4,684576,-75357.7734375
6040,CrossQ,env4,687712,-75566.765625
6041,CrossQ,env4,688896,-77630.2265625
6042,CrossQ,env4,690520,-77389.0
6043,CrossQ,env4,694520,-74408.671875
6044,CrossQ,env4,698088,-74265.8359375
6045,CrossQ,env4,702088,-72892.0625
6046,CrossQ,env4,704988,-71757.078125
6047,CrossQ,env4,706776,-70654.828125
6048,CrossQ,env4,709116,-71813.421875
6049,CrossQ,env4,710848,-73465.6640625
6050,CrossQ,env4,713344,-73449.765625
6051,CrossQ,env4,714428,-73614.34375
6052,CrossQ,env4,715812,-72419.2578125
6053,CrossQ,env4,717800,-72428.9296875
6054,CrossQ,env4,720076,-71762.296875
6055,CrossQ,env4,723404,-73011.546875
6056,CrossQ,env4,724204,-72941.5859375
6057,CrossQ,env4,726248,-73189.4609375
6058,CrossQ,env4,728016,-74373.984375
6059,CrossQ,env4,730012,-73601.5859375
6060,CrossQ,env4,731464,-74627.140625
6061,CrossQ,env4,731912,-75783.078125
6062,CrossQ,env4,732820,-77714.7109375
6063,CrossQ,env4,734948,-79428.2265625
6064,CrossQ,env4,736312,-79517.125
6065,CrossQ,env4,738144,-78504.7734375
6066,CrossQ,env4,741268,-76202.4921875
6067,CrossQ,env4,742144,-76209.4453125
6068,CrossQ,env4,743124,-80047.2734375
6069,CrossQ,env4,745380,-82188.1328125
6070,CrossQ,env4,746648,-84948.8359375
6071,CrossQ,env4,748660,-86189.4921875
6072,CrossQ,env4,749856,-87134.1796875
6073,CrossQ,env4,751136,-87076.984375
6074,CrossQ,env4,752812,-87233.4921875
6075,CrossQ,env4,754940,-87006.8984375
6076,CrossQ,env4,757636,-85863.171875
6077,CrossQ,env4,759372,-85857.5234375
6078,CrossQ,env4,761676,-85583.4921875
6079,CrossQ,env4,762104,-87273.859375
6080,CrossQ,env4,763848,-87168.859375
6081,CrossQ,env4,764504,-88255.28125
6082,CrossQ,env4,765952,-88034.03125
6083,CrossQ,env4,766780,-87940.1953125
6084,CrossQ,env4,768376,-89876.796875
6085,CrossQ,env4,771524,-88815.5
6086,CrossQ,env4,772720,-87933.015625
6087,CrossQ,env4,775204,-87863.203125
6088,CrossQ,env4,775976,-87047.2890625
6089,CrossQ,env4,778108,-87198.390625
6090,CrossQ,env4,779912,-86962.640625
6091,CrossQ,env4,781320,-88263.5703125
6092,CrossQ,env4,781564,-89348.4453125
6093,CrossQ,env4,782032,-89299.046875
6094,CrossQ,env4,782748,-89209.640625
6095,CrossQ,env4,784076,-89714.9296875
6096,CrossQ,env4,786080,-90635.3046875
6097,CrossQ,env4,787024,-88912.46875
6098,CrossQ,env4,788408,-88853.5703125
6099,CrossQ,env4,789028,-88960.8671875
6100,CrossQ,env4,789752,-88083.0546875
6101,CrossQ,env4,791944,-90126.28125
6102,CrossQ,env4,793796,-90717.953125
6103,CrossQ,env4,795144,-89919.2421875
6104,CrossQ,env4,795608,-89934.921875
6105,CrossQ,env4,798240,-89835.59375
6106,CrossQ,env4,800176,-87423.03125
6107,CrossQ,env4,804172,-85289.46875
6108,CrossQ,env4,804704,-84186.03125
6109,CrossQ,env4,805580,-84180.8515625
6110,CrossQ,env4,808392,-84556.65625
6111,CrossQ,env4,809464,-85492.546875
6112,CrossQ,env4,812392,-84731.15625
6113,CrossQ,env4,813356,-85616.6171875
6114,CrossQ,env4,814860,-85193.078125
6115,CrossQ,env4,816364,-85967.6015625
6116,CrossQ,env4,816732,-86755.3359375
6117,CrossQ,env4,817668,-86602.6328125
6118,CrossQ,env4,818936,-86311.1640625
6119,CrossQ,env4,821496,-86121.0078125
6120,CrossQ,env4,822900,-86552.7890625
6121,CrossQ,env4,824736,-84148.0859375
6122,CrossQ,env4,826368,-85923.265625
6123,CrossQ,env4,827704,-84755.9140625
6124,CrossQ,env4,829020,-83344.625
6125,CrossQ,env4,832152,-82165.484375
6126,CrossQ,env4,833996,-80841.0
6127,CrossQ,env4,834424,-80920.28125
6128,CrossQ,env4,837280,-80901.5546875
6129,CrossQ,env4,838728,-81013.1796875
6130,CrossQ,env4,841432,-81161.4921875
6131,CrossQ,env4,842968,-82499.4921875
6132,CrossQ,env4,844992,-84737.8359375
6133,CrossQ,env4,846320,-85955.109375
6134,CrossQ,env4,847480,-86208.0859375
6135,CrossQ,env4,848436,-86962.9765625
6136,CrossQ,env4,849396,-86977.5859375
6137,CrossQ,env4,852512,-86861.7734375
6138,CrossQ,env4,853700,-85796.1875
6139,CrossQ,env4,855000,-86950.4140625
6140,CrossQ,env4,856276,-86994.6171875
6141,CrossQ,env4,856964,-86188.3671875
6142,CrossQ,env4,858240,-85166.515625
6143,CrossQ,env4,859532,-85179.8671875
6144,CrossQ,env4,860716,-85094.5078125
6145,CrossQ,env4,863640,-84803.6171875
6146,CrossQ,env4,864716,-85949.75
6147,CrossQ,env4,867640,-85068.6640625
6148,CrossQ,env4,870140,-85294.7265625
6149,CrossQ,env4,873700,-84803.1640625
6150,CrossQ,env4,875640,-85947.75
6151,CrossQ,env4,877668,-86975.3125
6152,CrossQ,env4,878124,-86218.71875
6153,CrossQ,env4,882020,-86307.1015625
6154,CrossQ,env4,882972,-85359.140625
6155,CrossQ,env4,884840,-84615.7890625
6156,CrossQ,env4,887752,-84795.5546875
6157,CrossQ,env4,889812,-83631.4140625
6158,CrossQ,env4,891776,-83618.5
6159,CrossQ,env4,894452,-81705.5
6160,CrossQ,env4,898064,-81614.140625
6161,CrossQ,env4,901280,-79209.84375
6162,CrossQ,env4,902624,-78077.4375
6163,CrossQ,env4,904344,-79285.8671875
6164,CrossQ,env4,907576,-78393.4296875
6165,CrossQ,env4,909524,-78613.9296875
6166,CrossQ,env4,912780,-77418.8671875
6167,CrossQ,env4,914980,-78189.78125
6168,CrossQ,env4,916048,-78548.6015625
6169,CrossQ,env4,917896,-77659.703125
6170,CrossQ,env4,921332,-76745.359375
6171,CrossQ,env4,924720,-75802.9765625
6172,CrossQ,env4,925736,-75772.0625
6173,CrossQ,env4,927168,-76666.578125
6174,CrossQ,env4,928252,-78562.03125
6175,CrossQ,env4,929368,-79472.0
6176,CrossQ,env4,933224,-78901.859375
6177,CrossQ,env4,935016,-79027.9921875
6178,CrossQ,env4,938372,-78154.9609375
6179,CrossQ,env4,939340,-79009.671875
6180,CrossQ,env4,941012,-78742.171875
6181,CrossQ,env4,942696,-79385.609375
6182,CrossQ,env4,945196,-79211.40625
6183,CrossQ,env4,947740,-76933.2421875
6184,CrossQ,env4,949844,-77691.5078125
6185,CrossQ,env4,953008,-76534.1171875
6186,CrossQ,env4,953664,-78772.7265625
6187,CrossQ,env4,955372,-80771.34375
6188,CrossQ,env4,957720,-80563.6171875
6189,CrossQ,env4,959712,-79268.0
6190,CrossQ,env4,962328,-78929.0703125
6191,CrossQ,env4,964220,-79701.78125
6192,CrossQ,env4,964576,-79973.953125
6193,CrossQ,env4,964796,-79878.3515625
6194,CrossQ,env4,967256,-81116.8671875
6195,CrossQ,env4,970668,-82151.0703125
6196,CrossQ,env4,971680,-82232.7578125
6197,CrossQ,env4,972568,-83122.859375
6198,CrossQ,env4,975380,-83116.59375
6199,CrossQ,env4,979272,-81218.171875
6200,CrossQ,env4,981476,-79347.5625
6201,CrossQ,env4,984748,-78538.1015625
6202,CrossQ,env4,988568,-77671.171875
6203,CrossQ,env4,991452,-78565.125
6204,CrossQ,env4,992960,-78411.0859375
6205,CrossQ,env4,995636,-78314.4140625
6206,CrossQ,env4,997568,-77349.625
6207,CrossQ,env4,1001568,-75507.5625
6208,CrossQ,env4,1005480,-77893.1640625
6209,CrossQ,env4,1007388,-76915.0
6210,CrossQ,env4,1010196,-78188.21875
6211,CrossQ,env4,1011688,-76228.1015625
6212,CrossQ,env4,1012696,-76327.8046875
6213,CrossQ,env4,1015948,-74312.671875
6214,CrossQ,env4,1017856,-74483.265625
6215,CrossQ,env4,1021172,-74058.5234375
6216,CrossQ,env4,1021676,-74556.875
6217,CrossQ,env4,1023492,-73805.734375
6218,CrossQ,env4,1024712,-72803.7578125
6219,CrossQ,env4,1025964,-72552.484375
6220,CrossQ,env4,1027692,-72686.78125
6221,CrossQ,env4,1030648,-73689.78125
6222,CrossQ,env4,1032672,-72758.9453125
6223,CrossQ,env4,1035396,-70893.921875
6224,CrossQ,env4,1036388,-71287.9609375
6225,CrossQ,env4,1037740,-73225.1796875
6226,CrossQ,env4,1040144,-75076.0078125
6227,CrossQ,env4,1042372,-75340.5390625
6228,CrossQ,env4,1043912,-75121.5625
6229,CrossQ,env4,1044720,-75282.640625
6230,CrossQ,env4,1048720,-74419.265625
6231,CrossQ,env4,1050064,-74610.0
6232,CrossQ,env4,1051624,-77783.875
6233,CrossQ,env4,1053712,-75200.03125
6234,CrossQ,env4,1055680,-77008.96875
6235,CrossQ,env4,1058980,-77143.5859375
6236,CrossQ,env4,1060632,-77106.8359375
6237,CrossQ,env4,1061876,-77213.234375
6238,CrossQ,env4,1064704,-79193.5703125
6239,CrossQ,env4,1067040,-79403.453125
6240,CrossQ,env4,1070992,-79425.328125
6241,CrossQ,env4,1072896,-78458.140625
6242,CrossQ,env4,1075548,-79515.546875
6243,CrossQ,env4,1076932,-80673.515625
6244,CrossQ,env4,1080580,-78996.828125
6245,CrossQ,env4,1084336,-77060.0546875
6246,CrossQ,env4,1086788,-77184.65625
6247,CrossQ,env4,1089416,-76901.4453125
6248,CrossQ,env4,1092820,-77561.34375
6249,CrossQ,env4,1093708,-78979.1796875
6250,CrossQ,env4,1095064,-78865.75
6251,CrossQ,env4,1096092,-78610.1328125
6252,CrossQ,env4,1097796,-79970.2578125
6253,CrossQ,env4,1098904,-80988.1953125
6254,CrossQ,env4,1102904,-80126.28125
6255,CrossQ,env4,1104032,-81619.9453125
6256,CrossQ,env4,1105300,-82540.1328125
6257,CrossQ,env4,1108192,-82566.984375
6258,CrossQ,env4,1110676,-83996.0390625
6259,CrossQ,env4,1112772,-84410.703125
6260,CrossQ,env4,1114588,-84257.9921875
6261,CrossQ,env4,1117756,-86398.1640625
6262,CrossQ,env4,1120468,-84427.1484375
6263,CrossQ,env4,1122520,-84499.203125
6264,CrossQ,env4,1125464,-83396.5625
6265,CrossQ,env4,1127072,-83239.140625
6266,CrossQ,env4,1131072,-82013.140625
6267,CrossQ,env4,1133388,-80863.3515625
6268,CrossQ,env4,1134684,-79748.8984375
6269,CrossQ,env4,1136200,-81646.765625
6270,CrossQ,env4,1137616,-83442.1328125
6271,CrossQ,env4,1139416,-84580.265625
6272,CrossQ,env4,1140200,-84781.75
6273,CrossQ,env4,1144200,-83971.1015625
6274,CrossQ,env4,1146564,-81973.328125
6275,CrossQ,env4,1150564,-80001.7265625
6276,CrossQ,env4,1153536,-78478.625
6277,CrossQ,env4,1155112,-77621.8125
6278,CrossQ,env4,1157312,-77647.1796875
6279,CrossQ,env4,1159112,-76643.0390625
6280,CrossQ,env4,1162936,-76257.171875
6281,CrossQ,env4,1165924,-75495.3984375
6282,CrossQ,env4,1167368,-75339.5859375
6283,CrossQ,env4,1171176,-74604.1484375
6284,CrossQ,env4,1174140,-72372.875
6285,CrossQ,env4,1175616,-72471.75
6286,CrossQ,env4,1178248,-71536.1875
6287,CrossQ,env4,1181544,-72507.625
6288,CrossQ,env4,1182672,-71567.4375
6289,CrossQ,env4,1186148,-73555.859375
6290,CrossQ,env4,1188068,-72600.140625
6291,CrossQ,env4,1190360,-75735.5625
6292,CrossQ,env4,1193784,-75671.9609375
6293,CrossQ,env4,1194872,-74644.875
6294,CrossQ,env4,1195612,-74596.171875
6295,CrossQ,env4,1199128,-71878.0390625
6296,CrossQ,env4,1201688,-71598.7109375
6297,CrossQ,env4,1204116,-72710.5859375
6298,CrossQ,env4,1205928,-73805.7890625
6299,CrossQ,env4,1209224,-74877.6484375
6300,CrossQ,env4,1211612,-74304.1484375
6301,CrossQ,env4,1213860,-74893.796875
6302,CrossQ,env4,1215728,-74949.5078125
6303,CrossQ,env4,1217140,-73874.359375
6304,CrossQ,env4,1217624,-75809.15625
6305,CrossQ,env4,1219564,-76643.8359375
6306,CrossQ,env4,1221360,-77360.671875
6307,CrossQ,env4,1222796,-77535.6328125
6308,CrossQ,env4,1225304,-78237.5078125
6309,CrossQ,env4,1228744,-79113.140625
6310,CrossQ,env4,1230864,-76845.59375
6311,CrossQ,env4,1234688,-76027.7265625
6312,CrossQ,env4,1237580,-74174.0
6313,CrossQ,env4,1239792,-75183.8125
6314,CrossQ,env4,1242812,-73084.84375
6315,CrossQ,env4,1246812,-71041.140625
6316,CrossQ,env4,1250808,-70088.5390625
6317,CrossQ,env4,1253636,-69134.625
6318,CrossQ,env4,1255644,-70250.84375
6319,CrossQ,env4,1259644,-68368.7421875
6320,CrossQ,env4,1261820,-69451.75
6321,CrossQ,env4,1264296,-68819.875
6322,CrossQ,env4,1265932,-67763.515625
6323,CrossQ,env4,1269932,-66005.328125
6324,CrossQ,env4,1273932,-64278.890625
6325,CrossQ,env4,1277932,-63355.9921875
6326,CrossQ,env4,1281932,-61852.54296875
6327,CrossQ,env4,1285000,-60163.34375
6328,CrossQ,env4,1288188,-59644.62109375
6329,CrossQ,env4,1291112,-57881.41796875
6330,CrossQ,env4,1293720,-58096.15625
6331,CrossQ,env4,1296728,-57202.48046875
6332,CrossQ,env4,1298404,-57106.55859375
6333,CrossQ,env4,1301832,-58253.68359375
6334,CrossQ,env4,1305832,-57231.05078125
6335,CrossQ,env4,1307824,-56189.046875
6336,CrossQ,env4,1311432,-56836.35546875
6337,CrossQ,env4,1314404,-57388.16796875
6338,CrossQ,env4,1318064,-54690.21875
6339,CrossQ,env4,1321488,-55135.37890625
6340,CrossQ,env4,1323924,-58329.15625
6341,CrossQ,env4,1327924,-57600.41796875
6342,CrossQ,env4,1331924,-55892.1171875
6343,CrossQ,env4,1335924,-54101.54296875
6344,CrossQ,env4,1339008,-54083.06640625
6345,CrossQ,env4,1343008,-52198.56640625
6346,CrossQ,env4,1347008,-49368.96875
6347,CrossQ,env4,1351008,-46762.2421875
6348,CrossQ,env4,1355008,-45832.14453125
6349,CrossQ,env4,1356208,-48444.23046875
6350,CrossQ,env4,1358004,-52219.73046875
6351,CrossQ,env4,1360404,-54995.83203125
6352,CrossQ,env4,1361524,-56798.62890625
6353,CrossQ,env4,1362020,-57572.33203125
6354,CrossQ,env4,1363652,-59380.03125
6355,CrossQ,env4,1364768,-58438.16796875
6356,CrossQ,env4,1365952,-59346.75390625
6357,CrossQ,env4,1369952,-55726.1796875
6358,CrossQ,env4,1373952,-52976.08203125
6359,CrossQ,env4,1377952,-51470.5546875
6360,CrossQ,env4,1381952,-52095.18359375
6361,CrossQ,env4,1385952,-49515.27734375
6362,CrossQ,env4,1389928,-49013.86328125
6363,CrossQ,env4,1393928,-48036.86328125
6364,CrossQ,env4,1397928,-47110.1640625
6365,CrossQ,env4,1401928,-44266.86328125
6366,CrossQ,env4,1405928,-42291.36328125
6367,CrossQ,env4,1409688,-44161.3984375
6368,CrossQ,env4,1412452,-45882.48828125
6369,CrossQ,env4,1415344,-45938.01171875
6370,CrossQ,env4,1419344,-45938.01171875
6371,CrossQ,env4,1423344,-45938.01171875
6372,CrossQ,env4,1425424,-48683.1640625
6373,CrossQ,env4,1429272,-51306.15234375
6374,CrossQ,env4,1433272,-48710.8671875
6375,CrossQ,env4,1434240,-46770.765625
6376,CrossQ,env4,1437104,-45618.29296875
6377,CrossQ,env4,1441104,-42890.58984375
6378,CrossQ,env4,1444632,-42966.140625
6379,CrossQ,env4,1447472,-40221.2421875
6380,CrossQ,env4,1450004,-40338.04296875
6381,CrossQ,env4,1452868,-38565.890625
6382,CrossQ,env4,1455640,-40481.19140625
6383,CrossQ,env4,1458924,-41411.390625
6384,CrossQ,env4,1462220,-45221.79296875
6385,CrossQ,env4,1466220,-45247.890625
6386,CrossQ,env4,1470220,-45247.890625
6387,CrossQ,env4,1474220,-44276.69140625
6388,CrossQ,env4,1478220,-44276.69140625
6389,CrossQ,env4,1482220,-44276.69140625
6390,CrossQ,env4,1486220,-44276.69140625
6391,CrossQ,env4,1490220,-44276.69140625
6392,CrossQ,env4,1494220,-42306.48046875
6393,CrossQ,env4,1498220,-39624.79296875
6394,CrossQ,env4,1499812,-40724.33984375
6395,CrossQ,env4,1503812,-42634.140625
6396,CrossQ,env4,1507812,-42634.140625
6397,CrossQ,env4,1511812,-39888.9921875
6398,CrossQ,env4,1515812,-38263.69921875
6399,CrossQ,env4,1519812,-37298.8984375
6400,CrossQ,env4,1523812,-35463.5
6401,CrossQ,env4,1527812,-32860.4765625
6402,CrossQ,env4,1531016,-34737.9609375
6403,CrossQ,env4,1535016,-32856.8125
6404,CrossQ,env4,1537156,-32809.2109375
6405,CrossQ,env4,1539148,-33344.4140625
6406,CrossQ,env4,1539700,-34295.3125
6407,CrossQ,env4,1539844,-35998.3125
6408,CrossQ,env4,1539964,-37695.01171875
6409,CrossQ,env4,1540084,-37496.2109375
6410,CrossQ,env4,1540228,-40117.7109375
6411,CrossQ,env4,1540520,-43746.01171875
6412,CrossQ,env4,1540712,-47365.2109375
6413,CrossQ,env4,1541840,-51022.61328125
6414,CrossQ,env4,1543972,-54653.4140625
6415,CrossQ,env4,1545148,-58326.8515625
6416,CrossQ,env4,1546644,-61902.9765625
6417,CrossQ,env4,1547736,-65746.6484375
6418,CrossQ,env4,1551680,-67648.3515625
6419,CrossQ,env4,1555680,-64742.1484375
6420,CrossQ,env4,1559676,-64624.07421875
6421,CrossQ,env4,1560348,-67365.578125
6422,CrossQ,env4,1564096,-70968.453125
6423,CrossQ,env4,1565612,-72614.859375
6424,CrossQ,env4,1566188,-76127.4609375
6425,CrossQ,env4,1566844,-79790.0625
6426,CrossQ,env4,1569640,-83533.359375
6427,CrossQ,env4,1573640,-83506.4140625
6428,CrossQ,env4,1577640,-82590.7109375
6429,CrossQ,env4,1581120,-82654.3125
6430,CrossQ,env4,1585120,-79213.609375
6431,CrossQ,env4,1588628,-77369.2109375
6432,CrossQ,env4,1590540,-75634.2109375
6433,CrossQ,env4,1593992,-74913.015625
6434,CrossQ,env4,1597992,-73096.296875
6435,CrossQ,env4,1601992,-69381.921875
6436,CrossQ,env4,1605992,-65753.625
6437,CrossQ,env4,1609992,-62134.42578125
6438,CrossQ,env4,1613992,-58477.0234375
6439,CrossQ,env4,1617752,-55721.3515625
6440,CrossQ,env4,1621752,-52916.5859375
6441,CrossQ,env4,1624268,-51031.9140625
6442,CrossQ,env4,1627528,-49984.5390625
6443,CrossQ,env4,1631528,-49063.13671875
6444,CrossQ,env4,1635528,-49944.3984375
6445,CrossQ,env4,1639528,-48152.67578125
6446,CrossQ,env4,1643528,-45411.17578125
6447,CrossQ,env4,1647528,-41808.30078125
6448,CrossQ,env4,1651528,-39164.1875
6449,CrossQ,env4,1655528,-35651.5859375
6450,CrossQ,env4,1659528,-31988.98828125
6451,CrossQ,env4,1662100,-29180.98828125
6452,CrossQ,env4,1666100,-27330.44921875
6453,CrossQ,env4,1670032,-28322.94921875
6454,CrossQ,env4,1673804,-29157.19921875
6455,CrossQ,env4,1677804,-29157.19921875
6456,CrossQ,env4,1681804,-28210.0
6457,CrossQ,env4,1685804,-26326.69921875
6458,CrossQ,env4,1689652,-25345.599609375
6459,CrossQ,env4,1690532,-25389.712890625
6460,CrossQ,env4,1694532,-26373.25
6461,CrossQ,env4,1698492,-27251.275390625
6462,CrossQ,env4,1702348,-28913.625
6463,CrossQ,env4,1706348,-28913.625
6464,CrossQ,env4,1710348,-28038.5
6465,CrossQ,env4,1714348,-27169.82421875
6466,CrossQ,env4,1718268,-26417.974609375
6467,CrossQ,env4,1722268,-23721.849609375
6468,CrossQ,env4,1726268,-22741.55078125
6469,CrossQ,env4,1730268,-21860.287109375
6470,CrossQ,env4,1732120,-23705.287109375
6471,CrossQ,env4,1733132,-27451.087890625
6472,CrossQ,env4,1733488,-30899.353515625
6473,CrossQ,env4,1733832,-34540.35546875
6474,CrossQ,env4,1737524,-38257.25390625
6475,CrossQ,env4,1738248,-38948.43359375
6476,CrossQ,env4,1739372,-41489.421875
6477,CrossQ,env4,1739852,-44857.1328125
6478,CrossQ,env4,1743048,-47547.99609375
6479,CrossQ,env4,1743552,-49507.24609375
6480,CrossQ,env4,1744028,-53043.37109375
6481,CrossQ,env4,1745652,-56756.37109375
6482,CrossQ,env4,1749652,-56756.37109375
6483,CrossQ,env4,1753344,-56816.7734375
6484,CrossQ,env4,1755328,-58506.6953125
6485,CrossQ,env4,1757952,-60452.1328125
6486,CrossQ,env4,1761684,-61519.109375
6487,CrossQ,env4,1763468,-61731.16015625
6488,CrossQ,env4,1767460,-64465.74609375
6489,CrossQ,env4,1768564,-66358.25
6490,CrossQ,env4,1772564,-67165.09375
6491,CrossQ,env4,1775992,-69069.796875
6492,CrossQ,env4,1779992,-69069.796875
6493,CrossQ,env4,1783992,-69069.796875
6494,CrossQ,env4,1785160,-69998.5
6495,CrossQ,env4,1787576,-71682.734375
6496,CrossQ,env4,1791576,-68776.609375
6497,CrossQ,env4,1795576,-66188.1328125
6498,CrossQ,env4,1799576,-62547.12890625
6499,CrossQ,env4,1803576,-58830.23046875
6500,CrossQ,env4,1807100,-58980.88671875
6501,CrossQ,env4,1811100,-56364.73828125
6502,CrossQ,env4,1814268,-53911.0234375
6503,CrossQ,env4,1816736,-51043.9609375
6504,CrossQ,env4,1820736,-48761.9140625
6505,CrossQ,env4,1824736,-45115.8125
6506,CrossQ,env4,1828736,-41402.8125
6507,CrossQ,env4,1832736,-41402.8125
6508,CrossQ,env4,1836736,-39432.7109375
6509,CrossQ,env4,1840736,-35903.7890625
6510,CrossQ,env4,1844736,-33075.6875
6511,CrossQ,env4,1848040,-32095.587890625
6512,CrossQ,env4,1850268,-32021.650390625
6513,CrossQ,env4,1851744,-32816.5
6514,CrossQ,env4,1855744,-31851.400390625
6515,CrossQ,env4,1859744,-31044.55078125
6516,CrossQ,env4,1863744,-28200.25
6517,CrossQ,env4,1866268,-30100.94921875
6518,CrossQ,env4,1867920,-32832.8359375
6519,CrossQ,env4,1871680,-34726.5390625
6520,CrossQ,env4,1875680,-31197.30078125
6521,CrossQ,env4,1879680,-31350.92578125
6522,CrossQ,env4,1880336,-33312.3359375
6523,CrossQ,env4,1881892,-36865.67578125
6524,CrossQ,env4,1885724,-40588.9140625
6525,CrossQ,env4,1889724,-39747.07421875
6526,CrossQ,env4,1890476,-39699.3359375
6527,CrossQ,env4,1891828,-42164.69921875
6528,CrossQ,env4,1895828,-43151.67578125
6529,CrossQ,env4,1897916,-43566.82421875
6530,CrossQ,env4,1901916,-45390.63671875
6531,CrossQ,env4,1905016,-47220.9609375
6532,CrossQ,env4,1909016,-49136.9609375
6533,CrossQ,env4,1912484,-51062.5625
6534,CrossQ,env4,1914464,-53673.61328125
6535,CrossQ,env4,1918260,-54547.9375
6536,CrossQ,env4,1921744,-54532.13671875
6537,CrossQ,env4,1925744,-52625.8125
6538,CrossQ,env4,1928648,-50868.875
6539,CrossQ,env4,1932648,-50926.875
6540,CrossQ,env4,1936648,-52726.4375
6541,CrossQ,env4,1938500,-54624.73828125
6542,CrossQ,env4,1941528,-53648.0390625
6543,CrossQ,env4,1944792,-51638.32421875
6544,CrossQ,env4,1948092,-51762.42578125
6545,CrossQ,env4,1949596,-55308.30078125
6546,CrossQ,env4,1951820,-57779.80859375
6547,CrossQ,env4,1955820,-54857.18359375
6548,CrossQ,env4,1959820,-51303.84765625
6549,CrossQ,env4,1963820,-48577.609375
6550,CrossQ,env4,1967372,-49499.30859375
6551,CrossQ,env4,1970312,-50436.734375
6552,CrossQ,env4,1971820,-49912.47265625
6553,CrossQ,env4,1972808,-51697.49609375
6554,CrossQ,env4,1976720,-52597.1328125
6555,CrossQ,env4,1980720,-50883.296875
6556,CrossQ,env4,1984348,-49907.37109375
6557,CrossQ,env4,1988348,-48853.97265625
6558,CrossQ,env4,1991860,-47737.1328125
6559,CrossQ,env4,1992796,-47609.20703125
6560,CrossQ,env4,1996284,-49553.8828125
6561,CrossQ,env4,1997716,-50521.08203125
6562,CrossQ,env5,176,-97912.5
6563,CrossQ,env5,284,-99088.75
6564,CrossQ,env5,364,-99456.6640625
6565,CrossQ,env5,496,-99668.125
6566,CrossQ,env5,692,-99819.5
6567,CrossQ,env5,880,-99508.125
6568,CrossQ,env5,1100,-98911.3359375
6569,CrossQ,env5,1288,-99103.359375
6570,CrossQ,env5,1500,-99247.4296875
6571,CrossQ,env5,1712,-98419.625
6572,CrossQ,env5,1824,-98544.421875
6573,CrossQ,env5,1928,-98719.2734375
6574,CrossQ,env5,2024,-98806.046875
6575,CrossQ,env5,2108,-98907.2265625
6576,CrossQ,env5,2212,-98994.90625
6577,CrossQ,env5,2300,-99071.7890625
6578,CrossQ,env5,2380,-99138.453125
6579,CrossQ,env5,2476,-99199.09375
6580,CrossQ,env5,2564,-99252.953125
6581,CrossQ,env5,2640,-99299.8046875
6582,CrossQ,env5,2736,-99343.1484375
6583,CrossQ,env5,2816,-99381.7578125
6584,CrossQ,env5,2892,-99417.4375
6585,CrossQ,env5,2976,-99449.6328125
6586,CrossQ,env5,3064,-99477.4453125
6587,CrossQ,env5,3156,-99571.1484375
6588,CrossQ,env5,3268,-99570.84375
6589,CrossQ,env5,3348,-99571.84375
6590,CrossQ,env5,3432,-99568.1484375
6591,CrossQ,env5,3560,-99559.9453125
6592,CrossQ,env5,3676,-99650.3984375
6593,CrossQ,env5,3764,-99749.3984375
6594,CrossQ,env5,3844,-99738.8984375
6595,CrossQ,env5,3928,-99730.9921875
6596,CrossQ,env5,4008,-99923.203125
6597,CrossQ,env5,4088,-100115.921875
6598,CrossQ,env5,4168,-100112.828125
6599,CrossQ,env5,4244,-100111.328125
6600,CrossQ,env5,4324,-100110.2265625
6601,CrossQ,env5,4404,-100108.7265625
6602,CrossQ,env5,4480,-100106.921875
6603,CrossQ,env5,4564,-100106.421875
6604,CrossQ,env5,4648,-100105.5234375
6605,CrossQ,env5,4740,-100104.7265625
6606,CrossQ,env5,4824,-100105.828125
6607,CrossQ,env5,4904,-100105.328125
6608,CrossQ,env5,5008,-100106.2265625
6609,CrossQ,env5,5164,-100109.828125
6610,CrossQ,env5,5272,-100115.0234375
6611,CrossQ,env5,5428,-100119.5234375
6612,CrossQ,env5,5544,-100124.7265625
6613,CrossQ,env5,5676,-100123.7265625
6614,CrossQ,env5,5848,-100125.421875
6615,CrossQ,env5,5992,-100127.328125
6616,CrossQ,env5,6152,-100131.0234375
6617,CrossQ,env5,6416,-100139.921875
6618,CrossQ,env5,6608,-100242.3984375
6619,CrossQ,env5,6836,-100249.203125
6620,CrossQ,env5,7084,-100159.546875
6621,CrossQ,env5,7336,-100071.6484375
6622,CrossQ,env5,7596,-100079.546875
6623,CrossQ,env5,7736,-100087.3515625
6624,CrossQ,env5,7940,-100090.046875
6625,CrossQ,env5,8116,-100096.953125
6626,CrossQ,env5,8364,-100002.625
6627,CrossQ,env5,9516,-99104.421875
6628,CrossQ,env5,9804,-99103.5234375
6629,CrossQ,env5,10108,-99102.421875
6630,CrossQ,env5,10400,-99101.2265625
6631,CrossQ,env5,10708,-99099.828125
6632,CrossQ,env5,11004,-99098.921875
6633,CrossQ,env5,11312,-99097.625
6634,CrossQ,env5,11624,-99093.328125
6635,CrossQ,env5,11948,-99088.2265625
6636,CrossQ,env5,12176,-98181.421875
6637,CrossQ,env5,12364,-97274.921875
6638,CrossQ,env5,12448,-97272.625
6639,CrossQ,env5,12520,-96367.5234375
6640,CrossQ,env5,12592,-96364.125
6641,CrossQ,env5,12668,-96359.125
6642,CrossQ,env5,12796,-96351.828125
6643,CrossQ,env5,12904,-96349.2265625
6644,CrossQ,env5,12988,-96342.828125
6645,CrossQ,env5,13076,-96432.671875
6646,CrossQ,env5,13156,-96520.375
6647,CrossQ,env5,13240,-96513.4765625
6648,CrossQ,env5,13316,-96505.078125
6649,CrossQ,env5,13388,-96502.171875
6650,CrossQ,env5,13464,-96494.4765625
6651,CrossQ,env5,13548,-96588.796875
6652,CrossQ,env5,13624,-97487.0
6653,CrossQ,env5,13720,-97488.203125
6654,CrossQ,env5,13852,-97488.796875
6655,CrossQ,env5,13932,-97492.5
6656,CrossQ,env5,14012,-97492.5
6657,CrossQ,env5,14092,-97493.1015625
6658,CrossQ,env5,14168,-97493.1015625
6659,CrossQ,env5,14288,-97493.796875
6660,CrossQ,env5,14376,-97499.5
6661,CrossQ,env5,14452,-98401.8984375
6662,CrossQ,env5,14540,-99302.703125
6663,CrossQ,env5,14620,-99303.296875
6664,CrossQ,env5,14696,-100205.203125
6665,CrossQ,env5,14784,-100206.796875
6666,CrossQ,env5,14880,-100208.0
6667,CrossQ,env5,14964,-100206.0
6668,CrossQ,env5,15040,-100201.5
6669,CrossQ,env5,15120,-100202.203125
6670,CrossQ,env5,15196,-100201.3984375
6671,CrossQ,env5,15280,-100201.5
6672,CrossQ,env5,15360,-100200.6015625
6673,CrossQ,env5,15440,-100200.796875
6674,CrossQ,env5,15520,-100201.1015625
6675,CrossQ,env5,15616,-100203.0
6676,CrossQ,env5,15720,-100205.8984375
6677,CrossQ,env5,15800,-100207.1015625
6678,CrossQ,env5,15896,-100206.796875
6679,CrossQ,env5,16136,-100209.3984375
6680,CrossQ,env5,16232,-100212.1015625
6681,CrossQ,env5,16344,-100213.6015625
6682,CrossQ,env5,16496,-100214.5
6683,CrossQ,env5,16580,-100128.8984375
6684,CrossQ,env5,16668,-100129.296875
6685,CrossQ,env5,16752,-100123.703125
6686,CrossQ,env5,16840,-100124.703125
6687,CrossQ,env5,16924,-100125.3984375
6688,CrossQ,env5,17012,-100127.1015625
6689,CrossQ,env5,17156,-100133.8984375
6690,CrossQ,env5,17272,-100037.3359375
6691,CrossQ,env5,17368,-100038.0390625
6692,CrossQ,env5,17460,-100038.5390625
6693,CrossQ,env5,17540,-100038.640625
6694,CrossQ,env5,17624,-100038.140625
6695,CrossQ,env5,17708,-100039.0390625
6696,CrossQ,env5,17860,-100042.9375
6697,CrossQ,env5,17952,-100045.9375
6698,CrossQ,env5,18104,-100051.5390625
6699,CrossQ,env5,18296,-99955.5625
6700,CrossQ,env5,18412,-99763.265625
6701,CrossQ,env5,18692,-99664.640625
6702,CrossQ,env5,18912,-99676.640625
6703,CrossQ,env5,19084,-99682.8359375
6704,CrossQ,env5,19296,-99689.4375
6705,CrossQ,env5,19644,-99694.4375
6706,CrossQ,env5,20148,-99616.234375
6707,CrossQ,env5,20288,-99631.140625
6708,CrossQ,env5,20416,-99721.234375
6709,CrossQ,env5,20636,-99724.0390625
6710,CrossQ,env5,20756,-99727.640625
6711,CrossQ,env5,20892,-99730.9375
6712,CrossQ,env5,21232,-99540.1015625
6713,CrossQ,env5,21572,-99549.703125
6714,CrossQ,env5,21972,-99147.015625
6715,CrossQ,env5,22544,-98042.734375
6716,CrossQ,env5,22856,-97744.7109375
6717,CrossQ,env5,23132,-97346.3515625
6718,CrossQ,env5,23412,-96949.2265625
6719,CrossQ,env5,23740,-96552.2890625
6720,CrossQ,env5,24048,-96153.7109375
6721,CrossQ,env5,24380,-95752.2265625
6722,CrossQ,env5,24712,-95351.7890625
6723,CrossQ,env5,25112,-93761.578125
6724,CrossQ,env5,25504,-93666.9296875
6725,CrossQ,env5,25724,-92574.3671875
6726,CrossQ,env5,25908,-92373.6328125
6727,CrossQ,env5,26156,-92264.890625
6728,CrossQ,env5,26480,-91863.0703125
6729,CrossQ,env5,26672,-91458.71875
6730,CrossQ,env5,26984,-91356.1953125
6731,CrossQ,env5,27244,-91039.171875
6732,CrossQ,env5,27596,-90730.28125
6733,CrossQ,env5,27796,-90531.765625
6734,CrossQ,env5,28124,-90236.5703125
6735,CrossQ,env5,28388,-90038.578125
6736,CrossQ,env5,28592,-90040.578125
6737,CrossQ,env5,28832,-90036.578125
6738,CrossQ,env5,29052,-89834.5703125
6739,CrossQ,env5,29220,-90144.671875
6740,CrossQ,env5,29324,-91247.640625
6741,CrossQ,env5,29456,-91546.8671875
6742,CrossQ,env5,29576,-91947.1328125
6743,CrossQ,env5,29780,-92148.359375
6744,CrossQ,env5,29928,-92451.59375
6745,CrossQ,env5,30100,-92857.765625
6746,CrossQ,env5,30356,-92965.671875
6747,CrossQ,env5,30712,-93278.15625
6748,CrossQ,env5,30948,-94771.984375
6749,CrossQ,env5,31120,-94975.109375
6750,CrossQ,env5,31408,-96265.375
6751,CrossQ,env5,33492,-96509.3515625
6752,CrossQ,env5,34268,-96395.890625
6753,CrossQ,env5,34532,-96771.3125
6754,CrossQ,env5,34940,-96993.0234375
6755,CrossQ,env5,35188,-96892.0234375
6756,CrossQ,env5,35288,-97381.8515625
6757,CrossQ,env5,35416,-97679.734375
6758,CrossQ,env5,35568,-97877.953125
6759,CrossQ,env5,35680,-98174.75
6760,CrossQ,env5,35780,-98372.234375
6761,CrossQ,env5,36016,-98274.8984375
6762,CrossQ,env5,36144,-98377.0078125
6763,CrossQ,env5,36392,-98472.234375
6764,CrossQ,env5,36864,-98473.734375
6765,CrossQ,env5,37052,-98572.4921875
6766,CrossQ,env5,37148,-98492.484375
6767,CrossQ,env5,37308,-98490.3828125
6768,CrossQ,env5,37424,-98686.78125
6769,CrossQ,env5,37520,-98782.6796875
6770,CrossQ,env5,37672,-98774.8828125
6771,CrossQ,env5,37768,-99064.96875
6772,CrossQ,env5,37856,-99150.0234375
6773,CrossQ,env5,38000,-99240.8984375
6774,CrossQ,env5,38080,-99271.1953125
6775,CrossQ,env5,38160,-99264.6953125
6776,CrossQ,env5,38244,-99317.5859375
6777,CrossQ,env5,38324,-99527.0859375
6778,CrossQ,env5,38420,-99547.0859375
6779,CrossQ,env5,40300,-99341.203125
6780,CrossQ,env5,41152,-99598.828125
6781,CrossQ,env5,42404,-99251.6640625
6782,CrossQ,env5,42784,-99022.7421875
6783,CrossQ,env5,43108,-98738.84375
6784,CrossQ,env5,43300,-98747.140625
6785,CrossQ,env5,43788,-98749.546875
6786,CrossQ,env5,44028,-98761.078125
6787,CrossQ,env5,44228,-98871.3984375
6788,CrossQ,env5,44728,-98496.75
6789,CrossQ,env5,45116,-98595.6328125
6790,CrossQ,env5,45600,-98551.6328125
6791,CrossQ,env5,46316,-98575.3515625
6792,CrossQ,env5,47560,-98321.0703125
6793,CrossQ,env5,48228,-98273.546875
6794,CrossQ,env5,48696,-98134.3203125
6795,CrossQ,env5,49304,-98220.125
6796,CrossQ,env5,49720,-97854.2890625
6797,CrossQ,env5,51720,-97750.9921875
6798,CrossQ,env5,52436,-97410.1953125
6799,CrossQ,env5,53616,-97031.0078125
6800,CrossQ,env5,54404,-95878.375
6801,CrossQ,env5,55116,-95396.6484375
6802,CrossQ,env5,55384,-95331.234375
6803,CrossQ,env5,56056,-95156.7890625
6804,CrossQ,env5,56652,-95160.21875
6805,CrossQ,env5,57288,-93997.7578125
6806,CrossQ,env5,60452,-94202.5078125
6807,CrossQ,env5,61596,-93528.46875
6808,CrossQ,env5,64748,-91680.984375
6809,CrossQ,env5,65808,-89870.5859375
6810,CrossQ,env5,67276,-89717.78125
6811,CrossQ,env5,68452,-89630.2578125
6812,CrossQ,env5,68976,-87718.0859375
6813,CrossQ,env5,71000,-87944.5546875
6814,CrossQ,env5,71176,-87966.453125
6815,CrossQ,env5,71812,-87118.25
6816,CrossQ,env5,72588,-87106.203125
6817,CrossQ,env5,73448,-86392.9921875
6818,CrossQ,env5,75496,-86390.0625
6819,CrossQ,env5,77980,-83631.890625
6820,CrossQ,env5,79852,-81488.6796875
6821,CrossQ,env5,80648,-81526.546875
6822,CrossQ,env5,81472,-81274.265625
6823,CrossQ,env5,82348,-81342.265625
6824,CrossQ,env5,82896,-81612.4765625
6825,CrossQ,env5,83732,-82505.7265625
6826,CrossQ,env5,84704,-82929.1796875
6827,CrossQ,env5,85292,-81731.40625
6828,CrossQ,env5,85652,-81639.3203125
6829,CrossQ,env5,86132,-81848.0390625
6830,CrossQ,env5,86636,-82675.21875
6831,CrossQ,env5,87428,-82451.171875
6832,CrossQ,env5,87908,-83269.84375
6833,CrossQ,env5,88168,-85348.5625
6834,CrossQ,env5,88624,-87067.546875
6835,CrossQ,env5,89236,-86527.8203125
6836,CrossQ,env5,89656,-86411.796875
6837,CrossQ,env5,92536,-87440.609375
6838,CrossQ,env5,94092,-85802.1875
6839,CrossQ,env5,94732,-84611.875
6840,CrossQ,env5,97352,-85419.21875
6841,CrossQ,env5,99260,-83283.953125
6842,CrossQ,env5,100372,-83282.578125
6843,CrossQ,env5,100792,-83100.75
6844,CrossQ,env5,101948,-85745.1796875
6845,CrossQ,env5,104796,-86680.59375
6846,CrossQ,env5,106156,-87125.15625
6847,CrossQ,env5,109056,-85692.7421875
6848,CrossQ,env5,109492,-84969.3515625
6849,CrossQ,env5,111800,-83908.1640625
6850,CrossQ,env5,113492,-82227.8515625
6851,CrossQ,env5,117164,-82361.765625
6852,CrossQ,env5,119392,-81729.828125
6853,CrossQ,env5,122360,-79699.546875
6854,CrossQ,env5,124600,-76997.0859375
6855,CrossQ,env5,126360,-76223.78125
6856,CrossQ,env5,129728,-75363.1796875
6857,CrossQ,env5,130728,-73944.5234375
6858,CrossQ,env5,132208,-73311.28125
6859,CrossQ,env5,133280,-72909.0078125
6860,CrossQ,env5,133864,-73616.9296875
6861,CrossQ,env5,134976,-73824.3046875
6862,CrossQ,env5,136472,-72472.3515625
6863,CrossQ,env5,138624,-74250.6015625
6864,CrossQ,env5,138980,-75405.8125
6865,CrossQ,env5,139192,-73361.6171875
6866,CrossQ,env5,139324,-75563.0234375
6867,CrossQ,env5,140668,-75629.390625
6868,CrossQ,env5,141160,-75864.4609375
6869,CrossQ,env5,141632,-76119.5390625
6870,CrossQ,env5,143404,-74536.4375
6871,CrossQ,env5,147404,-70649.4453125
6872,CrossQ,env5,150288,-71636.3515625
6873,CrossQ,env5,151132,-72645.8203125
6874,CrossQ,env5,153760,-70502.6484375
6875,CrossQ,env5,156612,-70658.4453125
6876,CrossQ,env5,159472,-67652.2265625
6877,CrossQ,env5,160740,-68507.4140625
6878,CrossQ,env5,161184,-70826.234375
6879,CrossQ,env5,161812,-73715.359375
6880,CrossQ,env5,164572,-73887.34375
6881,CrossQ,env5,165432,-73120.53125
6882,CrossQ,env5,165812,-73379.8046875
6883,CrossQ,env5,169812,-71358.5234375
6884,CrossQ,env5,170616,-70960.3046875
6885,CrossQ,env5,172084,-70749.703125
6886,CrossQ,env5,174184,-70878.8203125
6887,CrossQ,env5,178184,-69471.8359375
6888,CrossQ,env5,180512,-67451.046875
6889,CrossQ,env5,183948,-64238.5703125
6890,CrossQ,env5,185492,-65206.39453125
6891,CrossQ,env5,188616,-63519.796875
6892,CrossQ,env5,191392,-62535.8203125
6893,CrossQ,env5,192324,-62546.8203125
6894,CrossQ,env5,193784,-61634.5703125
6895,CrossQ,env5,196456,-62343.43359375
6896,CrossQ,env5,198284,-64207.01953125
6897,CrossQ,env5,201784,-64090.3203125
6898,CrossQ,env5,204024,-62385.421875
6899,CrossQ,env5,206136,-64695.84765625
6900,CrossQ,env5,208480,-65418.859375
6901,CrossQ,env5,210660,-65393.609375
6902,CrossQ,env5,212480,-65468.234375
6903,CrossQ,env5,216064,-63575.171875
6904,CrossQ,env5,217368,-61780.26953125
6905,CrossQ,env5,221132,-60776.26953125
6906,CrossQ,env5,222732,-60508.99609375
6907,CrossQ,env5,223456,-60646.97265625
6908,CrossQ,env5,225528,-63281.62109375
6909,CrossQ,env5,225684,-64106.52734375
6910,CrossQ,env5,226644,-64328.62890625
6911,CrossQ,env5,228196,-64184.83984375
6912,CrossQ,env5,229376,-67866.140625
6913,CrossQ,env5,230964,-67967.5703125
6914,CrossQ,env5,234208,-70188.234375
6915,CrossQ,env5,235388,-70296.6328125
6916,CrossQ,env5,235888,-71796.9453125
6917,CrossQ,env5,236132,-73588.546875
6918,CrossQ,env5,236404,-73578.2421875
6919,CrossQ,env5,236848,-73351.6953125
6920,CrossQ,env5,237084,-75360.734375
6921,CrossQ,env5,237328,-77276.4296875
6922,CrossQ,env5,237860,-78214.1328125
6923,CrossQ,env5,238960,-78748.5390625
6924,CrossQ,env5,240212,-79727.4453125
6925,CrossQ,env5,241184,-80701.1953125
6926,CrossQ,env5,241840,-83716.7265625
6927,CrossQ,env5,242960,-83675.5703125
6928,CrossQ,env5,244212,-84564.4765625
6929,CrossQ,env5,244724,-86404.4765625
6930,CrossQ,env5,245168,-88241.4921875
6931,CrossQ,env5,245992,-90419.328125
6932,CrossQ,env5,246664,-91470.6328125
6933,CrossQ,env5,247448,-91471.90625
6934,CrossQ,env5,248208,-91449.6484375
6935,CrossQ,env5,248680,-91244.015625
6936,CrossQ,env5,249088,-91361.1640625
6937,CrossQ,env5,249752,-91421.1640625
6938,CrossQ,env5,250940,-92177.4140625
6939,CrossQ,env5,252680,-93164.1328125
6940,CrossQ,env5,252948,-94280.171875
6941,CrossQ,env5,253184,-93438.578125
6942,CrossQ,env5,253408,-93546.5546875
6943,CrossQ,env5,253640,-93556.7578125
6944,CrossQ,env5,253976,-94706.15625
6945,CrossQ,env5,254372,-94709.15625
6946,CrossQ,env5,255376,-94727.453125
6947,CrossQ,env5,256244,-94719.3046875
6948,CrossQ,env5,257032,-95898.796875
6949,CrossQ,env5,258304,-96035.0078125
6950,CrossQ,env5,261056,-96076.296875
6951,CrossQ,env5,263192,-94051.4453125
6952,CrossQ,env5,265460,-93272.8203125
6953,CrossQ,env5,266408,-94291.671875
6954,CrossQ,env5,266864,-94176.1171875
6955,CrossQ,env5,267604,-93202.7109375
6956,CrossQ,env5,267856,-93229.2109375
6957,CrossQ,env5,271680,-92185.109375
6958,CrossQ,env5,274836,-89217.6171875
6959,CrossQ,env5,275708,-88289.9296875
6960,CrossQ,env5,279436,-86277.125
6961,CrossQ,env5,280424,-84878.2109375
6962,CrossQ,env5,284152,-84534.796875
6963,CrossQ,env5,285356,-84636.5
6964,CrossQ,env5,286020,-83307.0078125
6965,CrossQ,env5,288272,-83017.734375
6966,CrossQ,env5,288812,-83964.0078125
6967,CrossQ,env5,289304,-83966.7109375
6968,CrossQ,env5,289852,-83970.90625
6969,CrossQ,env5,290160,-83163.7109375
6970,CrossQ,env5,290432,-83166.109375
6971,CrossQ,env5,290888,-83165.2109375
6972,CrossQ,env5,294580,-82029.734375
6973,CrossQ,env5,294992,-80210.4296875
6974,CrossQ,env5,295320,-80070.3359375
6975,CrossQ,env5,295764,-80136.984375
6976,CrossQ,env5,298028,-81933.734375
6977,CrossQ,env5,298828,-82674.484375
6978,CrossQ,env5,299484,-82646.28125
6979,CrossQ,env5,299956,-81703.03125
6980,CrossQ,env5,300300,-81823.03125
6981,CrossQ,env5,300676,-81801.03125
6982,CrossQ,env5,302028,-81811.71875
6983,CrossQ,env5,305172,-84025.421875
6984,CrossQ,env5,306028,-84152.15625
6985,CrossQ,env5,307544,-86299.484375
6986,CrossQ,env5,308316,-87700.6953125
6987,CrossQ,env5,309184,-86116.5859375
6988,CrossQ,env5,311772,-87391.1484375
6989,CrossQ,env5,313184,-87615.6640625
6990,CrossQ,env5,316664,-85998.0234375
6991,CrossQ,env5,319108,-84193.6640625
6992,CrossQ,env5,320556,-82999.921875
6993,CrossQ,env5,321660,-81910.703125
6994,CrossQ,env5,323568,-81815.5
6995,CrossQ,env5,325216,-79834.734375
6996,CrossQ,env5,328428,-77013.4609375
6997,CrossQ,env5,329256,-76783.7109375
6998,CrossQ,env5,331216,-78568.3125
6999,CrossQ,env5,335216,-75679.53125
7000,CrossQ,env5,337256,-73774.6484375
7001,CrossQ,env5,340260,-71006.609375
7002,CrossQ,env5,343184,-69776.09375
7003,CrossQ,env5,344104,-69746.9609375
7004,CrossQ,env5,347136,-69863.4453125
7005,CrossQ,env5,349600,-68973.4453125
7006,CrossQ,env5,350076,-68064.546875
7007,CrossQ,env5,350584,-69164.859375
7008,CrossQ,env5,352172,-69028.7109375
7009,CrossQ,env5,355136,-67208.3125
7010,CrossQ,env5,357912,-66405.71875
7011,CrossQ,env5,358680,-66316.46875
7012,CrossQ,env5,362360,-66483.1953125
7013,CrossQ,env5,364128,-65156.55859375
7014,CrossQ,env5,364472,-66283.6328125
7015,CrossQ,env5,364656,-67123.84375
7016,CrossQ,env5,368568,-67097.84375
7017,CrossQ,env5,368784,-67377.1796875
7018,CrossQ,env5,368980,-68452.703125
7019,CrossQ,env5,372640,-68528.40625
7020,CrossQ,env5,374544,-67794.671875
7021,CrossQ,env5,377060,-69865.140625
7022,CrossQ,env5,379004,-71265.1953125
7023,CrossQ,env5,381784,-69455.6796875
7024,CrossQ,env5,385260,-70291.0703125
7025,CrossQ,env5,387004,-70394.2578125
7026,CrossQ,env5,387744,-73340.9921875
7027,CrossQ,env5,389084,-74647.2578125
7028,CrossQ,env5,390152,-73723.2421875
7029,CrossQ,env5,393400,-74751.2578125
7030,CrossQ,env5,393756,-76628.9609375
7031,CrossQ,env5,394152,-76622.859375
7032,CrossQ,env5,394804,-76212.609375
7033,CrossQ,env5,395208,-76272.1171875
7034,CrossQ,env5,395416,-78971.5234375
7035,CrossQ,env5,397904,-78044.4453125
7036,CrossQ,env5,399424,-78098.953125
7037,CrossQ,env5,400092,-78984.453125
7038,CrossQ,env5,400608,-79811.9921875
7039,CrossQ,env5,401736,-79778.5703125
7040,CrossQ,env5,402296,-80826.0703125
7041,CrossQ,env5,405792,-80831.1875
7042,CrossQ,env5,406744,-79955.5859375
7043,CrossQ,env5,408608,-79068.6875
7044,CrossQ,env5,409176,-79938.8828125
7045,CrossQ,env5,413176,-80612.6484375
7046,CrossQ,env5,415916,-79055.6875
7047,CrossQ,env5,418884,-75629.21875
7048,CrossQ,env5,419460,-77262.375
7049,CrossQ,env5,419892,-79208.3125
7050,CrossQ,env5,420244,-80900.4609375
7051,CrossQ,env5,420500,-80894.1640625
7052,CrossQ,env5,420616,-81669.140625
7053,CrossQ,env5,420792,-82616.9921875
7054,CrossQ,env5,421120,-82474.6953125
7055,CrossQ,env5,425120,-79404.359375
7056,CrossQ,env5,427984,-78520.4296875
7057,CrossQ,env5,431596,-77121.90625
7058,CrossQ,env5,433512,-76040.59375
7059,CrossQ,env5,433952,-75047.703125
7060,CrossQ,env5,434272,-76823.484375
7061,CrossQ,env5,436308,-74819.6953125
7062,CrossQ,env5,437108,-75506.3671875
7063,CrossQ,env5,440244,-73858.5703125
7064,CrossQ,env5,441528,-72076.796875
7065,CrossQ,env5,441824,-72092.796875
7066,CrossQ,env5,442028,-74001.34375
7067,CrossQ,env5,445068,-74661.6953125
7068,CrossQ,env5,446768,-72843.796875
7069,CrossQ,env5,448668,-72942.796875
7070,CrossQ,env5,450580,-74140.1328125
7071,CrossQ,env5,451516,-75566.890625
7072,CrossQ,env5,452556,-78900.9609375
7073,CrossQ,env5,453852,-78984.765625
7074,CrossQ,env5,454800,-79093.21875
7075,CrossQ,env5,456476,-79176.328125
7076,CrossQ,env5,458864,-75739.4453125
7077,CrossQ,env5,462132,-74121.9140625
7078,CrossQ,env5,465172,-72269.6484375
7079,CrossQ,env5,469172,-68653.8515625
7080,CrossQ,env5,472152,-69685.5625
7081,CrossQ,env5,473544,-71205.71875
7082,CrossQ,env5,475424,-72207.6953125
7083,CrossQ,env5,475740,-74175.5078125
7084,CrossQ,env5,479740,-74066.9453125
7085,CrossQ,env5,482648,-73006.1953125
7086,CrossQ,env5,486648,-71268.421875
7087,CrossQ,env5,488588,-69423.0234375
7088,CrossQ,env5,490256,-71319.546875
7089,CrossQ,env5,492300,-71202.109375
7090,CrossQ,env5,494648,-69275.609375
7091,CrossQ,env5,497732,-69109.546875
7092,CrossQ,env5,499632,-68101.46875
7093,CrossQ,env5,502544,-70106.96875
7094,CrossQ,env5,505732,-67094.0859375
7095,CrossQ,env5,508140,-67999.1953125
7096,CrossQ,env5,511268,-67060.1328125
7097,CrossQ,env5,513224,-65181.8828125
7098,CrossQ,env5,517224,-61579.43359375
7099,CrossQ,env5,518580,-60754.234375
7100,CrossQ,env5,521940,-59809.05859375
7101,CrossQ,env5,525484,-60447.05859375
7102,CrossQ,env5,526944,-61185.14453125
7103,CrossQ,env5,529736,-63033.64453125
7104,CrossQ,env5,533148,-63967.24609375
7105,CrossQ,env5,535480,-64645.984375
7106,CrossQ,env5,538504,-63135.25
7107,CrossQ,env5,539884,-62152.84765625
7108,CrossQ,env5,542588,-60230.09765625
7109,CrossQ,env5,545932,-61323.3359375
7110,CrossQ,env5,547504,-60296.36328125
7111,CrossQ,env5,549864,-64050.47265625
7112,CrossQ,env5,552304,-64040.88671875
7113,CrossQ,env5,553500,-63122.16015625
7114,CrossQ,env5,556740,-63015.13671875
7115,CrossQ,env5,560304,-63169.8359375
7116,CrossQ,env5,562484,-61280.625
7117,CrossQ,env5,565100,-62203.40234375
7118,CrossQ,env5,568184,-60917.8671875
7119,CrossQ,env5,571272,-62846.3046875
7120,CrossQ,env5,572720,-61991.7890625
7121,CrossQ,env5,575424,-61913.703125
7122,CrossQ,env5,579380,-62005.7421875
7123,CrossQ,env5,581400,-64845.9765625
7124,CrossQ,env5,583240,-65597.203125
7125,CrossQ,env5,586208,-65694.03125
7126,CrossQ,env5,590208,-64881.1171875
7127,CrossQ,env5,593476,-64999.27734375
7128,CrossQ,env5,594500,-65877.390625
7129,CrossQ,env5,596452,-66693.015625
7130,CrossQ,env5,599468,-64881.19140625
7131,CrossQ,env5,602708,-64730.828125
7132,CrossQ,env5,606708,-62895.12890625
7133,CrossQ,env5,609584,-63004.4296875
7134,CrossQ,env5,613584,-61024.28515625
7135,CrossQ,env5,616256,-60124.16015625
7136,CrossQ,env5,617584,-59199.3359375
7137,CrossQ,env5,619856,-61074.47265625
7138,CrossQ,env5,622644,-60916.43359375
7139,CrossQ,env5,623564,-62999.09765625
7140,CrossQ,env5,627104,-62652.66796875
7141,CrossQ,env5,628624,-62922.95703125
7142,CrossQ,env5,632624,-62336.46484375
7143,CrossQ,env5,635472,-63329.1875
7144,CrossQ,env5,637748,-62374.23828125
7145,CrossQ,env5,639736,-63248.83984375
7146,CrossQ,env5,643644,-64302.21484375
7147,CrossQ,env5,644352,-64228.078125
7148,CrossQ,env5,647968,-64167.2265625
7149,CrossQ,env5,650116,-64364.0
7150,CrossQ,env5,653740,-64365.4765625
7151,CrossQ,env5,656092,-66032.9375
7152,CrossQ,env5,658516,-66242.5390625
7153,CrossQ,env5,661884,-64492.08984375
7154,CrossQ,env5,663872,-64584.77734375
7155,CrossQ,env5,667872,-63914.2890625
7156,CrossQ,env5,669668,-64784.1953125
7157,CrossQ,env5,671344,-67457.5546875
7158,CrossQ,env5,672468,-69370.5078125
7159,CrossQ,env5,674064,-71475.3671875
7160,CrossQ,env5,676368,-73688.015625
7161,CrossQ,env5,680124,-72641.8359375
7162,CrossQ,env5,683316,-70851.9921875
7163,CrossQ,env5,686064,-69313.0234375
7164,CrossQ,env5,688872,-67499.7265625
7165,CrossQ,env5,690288,-67784.15625
7166,CrossQ,env5,693564,-67702.0546875
7167,CrossQ,env5,697564,-65525.37890625
7168,CrossQ,env5,701216,-63337.54296875
7169,CrossQ,env5,704092,-64471.34375
7170,CrossQ,env5,707236,-63522.85546875
7171,CrossQ,env5,708880,-64442.4921875
7172,CrossQ,env5,712024,-64656.06640625
7173,CrossQ,env5,715564,-63754.8046875
7174,CrossQ,env5,718264,-61791.28125
7175,CrossQ,env5,722160,-60832.01953125
7176,CrossQ,env5,725036,-61924.25390625
7177,CrossQ,env5,728228,-59869.44140625
7178,CrossQ,env5,730776,-59789.51953125
7179,CrossQ,env5,734032,-58698.15625
7180,CrossQ,env5,737636,-59786.0546875
7181,CrossQ,env5,738776,-59092.8125
7182,CrossQ,env5,742776,-58097.94921875
7183,CrossQ,env5,745588,-57275.8515625
7184,CrossQ,env5,748276,-55298.88671875
7185,CrossQ,env5,750032,-55043.44140625
7186,CrossQ,env5,753824,-55087.765625
7187,CrossQ,env5,756276,-55357.08984375
7188,CrossQ,env5,759668,-56908.5546875
7189,CrossQ,env5,762536,-56715.953125
7190,CrossQ,env5,765088,-57681.25390625
7191,CrossQ,env5,766832,-59476.83984375
7192,CrossQ,env5,770196,-62724.25390625
7193,CrossQ,env5,772580,-64885.4921875
7194,CrossQ,env5,775156,-63855.390625
7195,CrossQ,env5,777684,-62020.578125
7196,CrossQ,env5,779200,-60640.91015625
7197,CrossQ,env5,783156,-59562.66015625
7198,CrossQ,env5,786544,-59517.875
7199,CrossQ,env5,790296,-58472.22265625
7200,CrossQ,env5,792084,-58378.7109375
7201,CrossQ,env5,796084,-56568.41015625
7202,CrossQ,env5,800084,-56445.546875
7203,CrossQ,env5,803012,-57304.22265625
7204,CrossQ,env5,804796,-57275.171875
7205,CrossQ,env5,806756,-59826.94921875
7206,CrossQ,env5,810128,-59526.80859375
7207,CrossQ,env5,811460,-59518.12109375
7208,CrossQ,env5,814868,-59239.89453125
7209,CrossQ,env5,818868,-58489.05859375
7210,CrossQ,env5,822868,-55747.453125
7211,CrossQ,env5,825968,-56986.31640625
7212,CrossQ,env5,827920,-56886.81640625
7213,CrossQ,env5,831920,-55203.31640625
7214,CrossQ,env5,832876,-55199.7421875
7215,CrossQ,env5,836440,-54168.23046875
7216,CrossQ,env5,837872,-54185.12890625
7217,CrossQ,env5,841264,-54069.4921875
7218,CrossQ,env5,843724,-52973.81640625
7219,CrossQ,env5,846612,-53945.56640625
7220,CrossQ,env5,849392,-54662.1015625
7221,CrossQ,env5,851724,-54907.359375
7222,CrossQ,env5,855724,-55955.70703125
7223,CrossQ,env5,859724,-55089.8203125
7224,CrossQ,env5,861912,-56840.6953125
7225,CrossQ,env5,865212,-57930.43359375
7226,CrossQ,env5,869212,-57791.171875
7227,CrossQ,env5,870420,-58962.9453125
7228,CrossQ,env5,873736,-58897.45703125
7229,CrossQ,env5,877736,-57119.421875
7230,CrossQ,env5,880204,-56906.93359375
7231,CrossQ,env5,881820,-57751.1484375
7232,CrossQ,env5,885820,-56819.07421875
7233,CrossQ,env5,886576,-57799.01171875
7234,CrossQ,env5,886888,-60416.01171875
7235,CrossQ,env5,887208,-63285.76171875
7236,CrossQ,env5,889320,-63949.57421875
7237,CrossQ,env5,891324,-64794.92578125
7238,CrossQ,env5,893836,-66846.9609375
7239,CrossQ,env5,897272,-68812.5625
7240,CrossQ,env5,899188,-67736.8515625
7241,CrossQ,env5,902232,-66879.28125
7242,CrossQ,env5,905888,-65802.2890625
7243,CrossQ,env5,909368,-66932.3359375
7244,CrossQ,env5,912084,-66031.5859375
7245,CrossQ,env5,916084,-64239.57421875
7246,CrossQ,env5,919268,-63464.73828125
7247,CrossQ,env5,920688,-63483.3359375
7248,CrossQ,env5,921948,-66210.125
7249,CrossQ,env5,925948,-66444.8359375
7250,CrossQ,env5,928752,-64476.0390625
7251,CrossQ,env5,931736,-65522.69921875
7252,CrossQ,env5,932732,-66449.703125
7253,CrossQ,env5,934648,-66648.734375
7254,CrossQ,env5,936836,-68480.390625
7255,CrossQ,env5,940836,-65192.3984375
7256,CrossQ,env5,944004,-64623.8515625
7257,CrossQ,env5,948004,-63964.1875
7258,CrossQ,env5,951736,-61019.63671875
7259,CrossQ,env5,955696,-58235.36328125
7260,CrossQ,env5,959696,-56270.8515625
7261,CrossQ,env5,963696,-52681.3359375
7262,CrossQ,env5,967560,-51890.48828125
7263,CrossQ,env5,969184,-50879.98828125
7264,CrossQ,env5,973156,-49073.07421875
7265,CrossQ,env5,977156,-48379.19921875
7266,CrossQ,env5,981044,-47499.578125
7267,CrossQ,env5,984340,-46606.4765625
7268,CrossQ,env5,987480,-45775.0859375
7269,CrossQ,env5,991480,-43875.2890625
7270,CrossQ,env5,995480,-43804.63671875
7271,CrossQ,env5,999392,-42959.82421875
7272,CrossQ,env5,1003392,-40935.4375
7273,CrossQ,env5,1005864,-38138.55078125
7274,CrossQ,env5,1007544,-37180.2890625
7275,CrossQ,env5,1011480,-39137.42578125
7276,CrossQ,env5,1015480,-37142.82421875
7277,CrossQ,env5,1019128,-35344.92578125
7278,CrossQ,env5,1023128,-32607.224609375
7279,CrossQ,env5,1027128,-30922.912109375
7280,CrossQ,env5,1030908,-31760.0625
7281,CrossQ,env5,1033156,-31763.26171875
7282,CrossQ,env5,1035804,-35407.0859375
7283,CrossQ,env5,1038504,-36554.6875
7284,CrossQ,env5,1042048,-36282.07421875
7285,CrossQ,env5,1045696,-37489.1875
7286,CrossQ,env5,1049696,-37489.1875
7287,CrossQ,env5,1051776,-38079.125
7288,CrossQ,env5,1055532,-38127.92578125
7289,CrossQ,env5,1056612,-38204.2109375
7290,CrossQ,env5,1060068,-39113.61328125
7291,CrossQ,env5,1064068,-36993.44921875
7292,CrossQ,env5,1068016,-36879.5390625
7293,CrossQ,env5,1072016,-35081.9609375
7294,CrossQ,env5,1075896,-36811.1640625
7295,CrossQ,env5,1079268,-37940.2890625
7296,CrossQ,env5,1079912,-39783.38671875
7297,CrossQ,env5,1080992,-42623.7734375
7298,CrossQ,env5,1084992,-41545.05078125
7299,CrossQ,env5,1088992,-39264.32421875
7300,CrossQ,env5,1092200,-39213.6484375
7301,CrossQ,env5,1093240,-41972.80078125
7302,CrossQ,env5,1097240,-41798.26171875
7303,CrossQ,env5,1101168,-42446.51171875
7304,CrossQ,env5,1103848,-43275.9140625
7305,CrossQ,env5,1106084,-44261.4609375
7306,CrossQ,env5,1107180,-44982.9609375
7307,CrossQ,env5,1108452,-43977.375
7308,CrossQ,env5,1112452,-42785.9765625
7309,CrossQ,env5,1114764,-44615.6875
7310,CrossQ,env5,1115844,-45085.51171875
7311,CrossQ,env5,1118816,-46631.07421875
7312,CrossQ,env5,1120556,-45822.13671875
7313,CrossQ,env5,1124544,-45352.0546875
7314,CrossQ,env5,1126392,-46119.953125
7315,CrossQ,env5,1128472,-48676.3046875
7316,CrossQ,env5,1130884,-51513.9296875
7317,CrossQ,env5,1133288,-53428.37890625
7318,CrossQ,env5,1137288,-53289.3515625
7319,CrossQ,env5,1141288,-52118.08203125
7320,CrossQ,env5,1145288,-51093.47265625
7321,CrossQ,env5,1148472,-49918.2578125
7322,CrossQ,env5,1151376,-49791.859375
7323,CrossQ,env5,1154612,-51754.0078125
7324,CrossQ,env5,1158128,-53785.6796875
7325,CrossQ,env5,1162128,-50718.62109375
7326,CrossQ,env5,1164860,-50896.5703125
7327,CrossQ,env5,1165240,-53694.60546875
7328,CrossQ,env5,1165936,-55734.10546875
7329,CrossQ,env5,1169428,-56493.78125
7330,CrossQ,env5,1172600,-56451.23046875
7331,CrossQ,env5,1175632,-55616.15625
7332,CrossQ,env5,1178612,-55812.21875
7333,CrossQ,env5,1180340,-58063.7578125
7334,CrossQ,env5,1182556,-59214.96875
7335,CrossQ,env5,1184748,-59106.4921875
7336,CrossQ,env5,1186556,-60283.828125
7337,CrossQ,env5,1190432,-60594.02734375
7338,CrossQ,env5,1193932,-60899.125
7339,CrossQ,env5,1196748,-60182.5234375
7340,CrossQ,env5,1200568,-59521.6484375
7341,CrossQ,env5,1204568,-57821.61328125
7342,CrossQ,env5,1207684,-58114.9140625
7343,CrossQ,env5,1210272,-60146.9375
7344,CrossQ,env5,1213872,-62490.90625
7345,CrossQ,env5,1214676,-65420.3203125
7346,CrossQ,env5,1218344,-66531.6953125
7347,CrossQ,env5,1222344,-63938.09375
7348,CrossQ,env5,1226344,-63214.41796875
7349,CrossQ,env5,1228304,-62628.5234375
7350,CrossQ,env5,1232304,-62751.68359375
7351,CrossQ,env5,1235036,-63595.984375
7352,CrossQ,env5,1235508,-62602.53515625
7353,CrossQ,env5,1237740,-62696.08203125
7354,CrossQ,env5,1239520,-61848.2578125
7355,CrossQ,env5,1243520,-59901.87109375
7356,CrossQ,env5,1247520,-58097.14453125
7357,CrossQ,env5,1251508,-56908.6953125
7358,CrossQ,env5,1255464,-55755.546875
7359,CrossQ,env5,1259464,-52215.80859375
7360,CrossQ,env5,1263464,-49899.1640625
7361,CrossQ,env5,1267464,-47176.26171875
7362,CrossQ,env5,1271464,-45193.36328125
7363,CrossQ,env5,1273232,-45332.44921875
7364,CrossQ,env5,1277232,-44110.00390625
7365,CrossQ,env5,1281232,-41305.12890625
7366,CrossQ,env5,1285232,-41244.390625
7367,CrossQ,env5,1289232,-38342.79296875
7368,CrossQ,env5,1293232,-38439.4921875
7369,CrossQ,env5,1297232,-35537.58984375
7370,CrossQ,env5,1301232,-34574.46484375
7371,CrossQ,env5,1305232,-32820.8046875
7372,CrossQ,env5,1309232,-32820.8046875
7373,CrossQ,env5,1313232,-31863.705078125
7374,CrossQ,env5,1317232,-30934.404296875
7375,CrossQ,env5,1321232,-31148.392578125
7376,CrossQ,env5,1324948,-28485.19140625
7377,CrossQ,env5,1327912,-26679.892578125
7378,CrossQ,env5,1329940,-24836.091796875
7379,CrossQ,env5,1333940,-25063.841796875
7380,CrossQ,env5,1337940,-25230.080078125
7381,CrossQ,env5,1339716,-28038.779296875
7382,CrossQ,env5,1343716,-26392.9296875
7383,CrossQ,env5,1347716,-24707.478515625
7384,CrossQ,env5,1351716,-24707.478515625
7385,CrossQ,env5,1354368,-28561.1796875
7386,CrossQ,env5,1356936,-32474.1796875
7387,CrossQ,env5,1358336,-36208.37890625
7388,CrossQ,env5,1360172,-38012.48046875
7389,CrossQ,env5,1363004,-38260.32421875
7390,CrossQ,env5,1366184,-41991.82421875
7391,CrossQ,env5,1366588,-44042.92578125
7392,CrossQ,env5,1367008,-47682.32421875
7393,CrossQ,env5,1367456,-49333.5234375
7394,CrossQ,env5,1371456,-52069.625
7395,CrossQ,env5,1373192,-52160.94921875
7396,CrossQ,env5,1377192,-54015.94921875
7397,CrossQ,env5,1381160,-55015.05078125
7398,CrossQ,env5,1385160,-55015.05078125
7399,CrossQ,env5,1387196,-55853.30078125
7400,CrossQ,env5,1390280,-58604.19921875
7401,CrossQ,env5,1393300,-58562.6015625
7402,CrossQ,env5,1397300,-57752.25
7403,CrossQ,env5,1400852,-58749.25
7404,CrossQ,env5,1403380,-61674.94921875
7405,CrossQ,env5,1406652,-62604.75
7406,CrossQ,env5,1407516,-63580.25
7407,CrossQ,env5,1409260,-67275.75
7408,CrossQ,env5,1409748,-70759.2734375
7409,CrossQ,env5,1413748,-71693.4765625
7410,CrossQ,env5,1417748,-67839.7734375
7411,CrossQ,env5,1421748,-64915.07421875
7412,CrossQ,env5,1425748,-61180.875
7413,CrossQ,env5,1429748,-58248.3671875
7414,CrossQ,env5,1432988,-58087.06640625
7415,CrossQ,env5,1434876,-55266.3671875
7416,CrossQ,env5,1438876,-53292.265625
7417,CrossQ,env5,1442524,-51418.54296875
7418,CrossQ,env5,1445748,-48744.04296875
7419,CrossQ,env5,1447208,-47872.640625
7420,CrossQ,env5,1450772,-48800.2421875
7421,CrossQ,env5,1454772,-47879.04296875
7422,CrossQ,env5,1456752,-48643.40234375
7423,CrossQ,env5,1460752,-49602.50390625
7424,CrossQ,env5,1464752,-48764.25390625
7425,CrossQ,env5,1468512,-47768.6796875
7426,CrossQ,env5,1470400,-48090.078125
7427,CrossQ,env5,1474400,-49085.578125
7428,CrossQ,env5,1477908,-50013.078125
7429,CrossQ,env5,1481908,-47065.1796875
7430,CrossQ,env5,1483772,-49003.98046875
7431,CrossQ,env5,1486548,-46944.0546875
7432,CrossQ,env5,1490548,-43248.5546875
7433,CrossQ,env5,1494548,-39765.02734375
7434,CrossQ,env5,1498548,-39689.37890625
7435,CrossQ,env5,1502548,-40657.37890625
7436,CrossQ,env5,1506548,-41650.1796875
7437,CrossQ,env5,1509852,-44245.1796875
7438,CrossQ,env5,1512000,-45146.9140625
7439,CrossQ,env5,1514456,-46007.11328125
7440,CrossQ,env5,1518456,-45096.3125
7441,CrossQ,env5,1522456,-45194.7109375
7442,CrossQ,env5,1525888,-44266.9375
7443,CrossQ,env5,1529504,-45863.0625
7444,CrossQ,env5,1531212,-45748.48828125
7445,CrossQ,env5,1535212,-44832.38671875
7446,CrossQ,env5,1538300,-45733.86328125
7447,CrossQ,env5,1542300,-43970.3984375
7448,CrossQ,env5,1545236,-43936.19921875
7449,CrossQ,env5,1549236,-45853.5
7450,CrossQ,env5,1551896,-45056.375
7451,CrossQ,env5,1555896,-44735.9765625
7452,CrossQ,env5,1559896,-45589.42578125
7453,CrossQ,env5,1563140,-44571.05078125
7454,CrossQ,env5,1567140,-44607.8515625
7455,CrossQ,env5,1570844,-42690.75
7456,CrossQ,env5,1574844,-40966.4765625
7457,CrossQ,env5,1578844,-40966.4765625
7458,CrossQ,env5,1581004,-42856.7734375
7459,CrossQ,env5,1583948,-44715.625
7460,CrossQ,env5,1587948,-44663.5234375
7461,CrossQ,env5,1589984,-43399.05078125
7462,CrossQ,env5,1593984,-41370.41796875
7463,CrossQ,env5,1595772,-42344.98046875
7464,CrossQ,env5,1599484,-41585.77734375
7465,CrossQ,env5,1602492,-43447.1796875
7466,CrossQ,env5,1604456,-44337.1796875
7467,CrossQ,env5,1608260,-44300.12890625
7468,CrossQ,env5,1610492,-42448.58203125
7469,CrossQ,env5,1612260,-43043.29296875
7470,CrossQ,env5,1616068,-42002.390625
7471,CrossQ,env5,1618144,-41079.81640625
7472,CrossQ,env5,1621776,-44947.31640625
7473,CrossQ,env5,1625288,-45964.515625
7474,CrossQ,env5,1627464,-45960.81640625
7475,CrossQ,env5,1629408,-48734.21484375
7476,CrossQ,env5,1631664,-49683.81640625
7477,CrossQ,env5,1633972,-51689.96484375
7478,CrossQ,env5,1636400,-53532.21484375
7479,CrossQ,env5,1638752,-55170.08984375
7480,CrossQ,env5,1642752,-54218.58984375
7481,CrossQ,env5,1646456,-55851.38671875
7482,CrossQ,env5,1649672,-56692.1640625
7483,CrossQ,env5,1653672,-54801.86328125
7484,CrossQ,env5,1657672,-52084.4609375
7485,CrossQ,env5,1661400,-52896.7890625
7486,CrossQ,env5,1665400,-52180.1640625
7487,CrossQ,env5,1668600,-53424.24609375
7488,CrossQ,env5,1671620,-53570.296875
7489,CrossQ,env5,1674500,-54366.921875
7490,CrossQ,env5,1676204,-55972.1015625
7491,CrossQ,env5,1678932,-55986.19921875
7492,CrossQ,env5,1682044,-58075.8515625
7493,CrossQ,env5,1684312,-60167.97265625
7494,CrossQ,env5,1685388,-61640.8359375
7495,CrossQ,env5,1688312,-63355.4609375
7496,CrossQ,env5,1690460,-62411.86328125
7497,CrossQ,env5,1693196,-62297.86328125
7498,CrossQ,env5,1696468,-63052.375
7499,CrossQ,env5,1698308,-63993.57421875
7500,CrossQ,env5,1700888,-63041.2734375
7501,CrossQ,env5,1703112,-62877.8984375
7502,CrossQ,env5,1704428,-62771.69921875
7503,CrossQ,env5,1706816,-61896.625
7504,CrossQ,env5,1710816,-60119.44921875
7505,CrossQ,env5,1714816,-59843.17578125
7506,CrossQ,env5,1718528,-60159.27734375
7507,CrossQ,env5,1720680,-61260.40234375
7508,CrossQ,env5,1724680,-61260.40234375
7509,CrossQ,env5,1726188,-64839.015625
7510,CrossQ,env5,1728064,-66827.09375
7511,CrossQ,env5,1731620,-67746.9921875
7512,CrossQ,env5,1734208,-68569.9453125
7513,CrossQ,env5,1737016,-68209.5078125
7514,CrossQ,env5,1740680,-67003.5078125
7515,CrossQ,env5,1744680,-65400.44921875
7516,CrossQ,env5,1747504,-64472.25
7517,CrossQ,env5,1751504,-61472.75
7518,CrossQ,env5,1755504,-58669.6484375
7519,CrossQ,env5,1759504,-56816.1484375
7520,CrossQ,env5,1762940,-55151.0234375
7521,CrossQ,env5,1766940,-54201.2265625
7522,CrossQ,env5,1770828,-51382.2265625
7523,CrossQ,env5,1774284,-50661.51171875
7524,CrossQ,env5,1774900,-50477.5390625
7525,CrossQ,env5,1775000,-51318.9375
7526,CrossQ,env5,1775108,-53206.4140625
7527,CrossQ,env5,1776208,-52993.4140625
7528,CrossQ,env5,1778412,-53822.32421875
7529,CrossQ,env5,1779848,-56504.1640625
7530,CrossQ,env5,1780228,-60369.25
7531,CrossQ,env5,1782484,-62130.25
7532,CrossQ,env5,1784448,-61966.32421875
7533,CrossQ,env5,1788448,-62322.55078125
7534,CrossQ,env5,1791188,-61535.3125
7535,CrossQ,env5,1795188,-57582.3515625
7536,CrossQ,env5,1799188,-56662.44921875
7537,CrossQ,env5,1802188,-57727.0625
7538,CrossQ,env5,1805312,-57857.91015625
7539,CrossQ,env5,1807584,-60134.53515625
7540,CrossQ,env5,1810188,-60883.78515625
7541,CrossQ,env5,1813636,-62766.484375
7542,CrossQ,env5,1815012,-65677.484375
7543,CrossQ,env5,1815964,-69384.3828125
7544,CrossQ,env5,1817044,-70994.2734375
7545,CrossQ,env5,1819128,-73367.984375
7546,CrossQ,env5,1821568,-74057.8046875
7547,CrossQ,env5,1825568,-74074.109375
7548,CrossQ,env5,1829568,-73040.7109375
7549,CrossQ,env5,1833424,-71254.5859375
7550,CrossQ,env5,1836120,-69305.78125
7551,CrossQ,env5,1837832,-68420.4921875
7552,CrossQ,env5,1841480,-66567.890625
7553,CrossQ,env5,1844124,-65658.7265625
7554,CrossQ,env5,1847464,-64869.4921875
7555,CrossQ,env5,1848108,-64816.1796875
7556,CrossQ,env5,1851760,-64567.94140625
7557,CrossQ,env5,1854056,-64560.46484375
7558,CrossQ,env5,1857292,-65704.46875
7559,CrossQ,env5,1860380,-66711.640625
7560,CrossQ,env5,1862988,-68644.59375
7561,CrossQ,env5,1864584,-70533.6953125
7562,CrossQ,env5,1868584,-68206.703125
7563,CrossQ,env5,1872540,-66260.3046875
7564,CrossQ,env5,1873840,-65257.62109375
7565,CrossQ,env5,1876936,-64534.24609375
7566,CrossQ,env5,1880280,-63558.64453125
7567,CrossQ,env5,1882004,-62676.34765625
7568,CrossQ,env5,1885612,-60708.8203125
7569,CrossQ,env5,1889612,-56999.03515625
7570,CrossQ,env5,1893612,-53519.6953125
7571,CrossQ,env5,1896728,-53379.25
7572,CrossQ,env5,1900728,-53047.3125
7573,CrossQ,env5,1904136,-54830.42578125
7574,CrossQ,env5,1907952,-54941.0234375
7575,CrossQ,env5,1911952,-53265.32421875
7576,CrossQ,env5,1915952,-50413.875
7577,CrossQ,env5,1919952,-48730.578125
7578,CrossQ,env5,1922036,-46949.328125
7579,CrossQ,env5,1925928,-45158.12890625
7580,CrossQ,env5,1927452,-45346.0546875
7581,CrossQ,env5,1931212,-42622.44140625
7582,CrossQ,env5,1935212,-41839.54296875
7583,CrossQ,env5,1937632,-43811.6171875
7584,CrossQ,env5,1938840,-43339.83984375
7585,CrossQ,env5,1939620,-45181.29296875
7586,CrossQ,env5,1940364,-46916.37890625
7587,CrossQ,env5,1941620,-48920.81640625
7588,CrossQ,env5,1944872,-51039.96484375
7589,CrossQ,env5,1948024,-52087.10546875
7590,CrossQ,env5,1951100,-52110.60546875
7591,CrossQ,env5,1953340,-52168.60546875
7592,CrossQ,env5,1956356,-53080.00390625
7593,CrossQ,env5,1959816,-54287.73046875
7594,CrossQ,env5,1963816,-55417.828125
7595,CrossQ,env5,1967816,-55562.453125
7596,CrossQ,env5,1969932,-56926.17578125
7597,CrossQ,env5,1973932,-56307.3125
7598,CrossQ,env5,1977616,-55329.92578125
7599,CrossQ,env5,1980564,-55010.26171875
7600,CrossQ,env5,1982984,-57554.44921875
7601,CrossQ,env5,1986984,-59646.0859375
7602,CrossQ,env5,1990984,-59542.5
7603,CrossQ,env5,1994388,-61407.625
7604,CrossQ,env5,1998388,-60336.55078125
7605,CrossQ,env6,332,-100565.0
7606,CrossQ,env6,480,-100476.25
7607,CrossQ,env6,604,-100427.5
7608,CrossQ,env6,784,-100454.375
7609,CrossQ,env6,1004,-100422.5
7610,CrossQ,env6,1180,-100003.9609375
7611,CrossQ,env6,1372,-100040.890625
7612,CrossQ,env6,1688,-99832.65625
7613,CrossQ,env6,1896,-99924.5859375
7614,CrossQ,env6,2024,-99966.375
7615,CrossQ,env6,2116,-99988.5234375
7616,CrossQ,env6,2212,-100010.7265625
7617,CrossQ,env6,2324,-100031.0546875
7618,CrossQ,env6,2452,-100045.265625
7619,CrossQ,env6,2648,-100064.5859375
7620,CrossQ,env6,2800,-100094.296875
7621,CrossQ,env6,3000,-100115.8125
7622,CrossQ,env6,3256,-100140.484375
7623,CrossQ,env6,3536,-100037.9609375
7624,CrossQ,env6,3788,-100068.9375
7625,CrossQ,env6,4052,-99971.7265625
7626,CrossQ,env6,4300,-100007.21875
7627,CrossQ,env6,4572,-100027.8828125
7628,CrossQ,env6,4796,-100044.0078125
7629,CrossQ,env6,4984,-100052.3515625
7630,CrossQ,env6,5200,-100042.546875
7631,CrossQ,env6,5304,-100041.6484375
7632,CrossQ,env6,5524,-100043.453125
7633,CrossQ,env6,5688,-100035.25
7634,CrossQ,env6,5904,-100035.75
7635,CrossQ,env6,6040,-100132.3984375
7636,CrossQ,env6,6244,-100185.5
7637,CrossQ,env6,6424,-100167.8984375
7638,CrossQ,env6,6608,-100156.5
7639,CrossQ,env6,6852,-99963.734375
7640,CrossQ,env6,7292,-99976.140625
7641,CrossQ,env6,7664,-100011.234375
7642,CrossQ,env6,8348,-99951.1640625
7643,CrossQ,env6,9032,-99982.265625
7644,CrossQ,env6,9220,-99906.5625
7645,CrossQ,env6,9892,-99924.4609375
7646,CrossQ,env6,11436,-98890.9140625
7647,CrossQ,env6,12700,-98727.9140625
7648,CrossQ,env6,13236,-98738.578125
7649,CrossQ,env6,13724,-98733.578125
7650,CrossQ,env6,14852,-97952.296875
7651,CrossQ,env6,15624,-98004.796875
7652,CrossQ,env6,16520,-98034.0
7653,CrossQ,env6,17292,-97996.546875
7654,CrossQ,env6,17464,-98010.3515625
7655,CrossQ,env6,18992,-98055.25
7656,CrossQ,env6,19736,-97087.8515625
7657,CrossQ,env6,20696,-97008.8984375
7658,CrossQ,env6,21444,-96136.6015625
7659,CrossQ,env6,22412,-96156.3984375
7660,CrossQ,env6,23864,-96245.203125
7661,CrossQ,env6,24408,-96109.8984375
7662,CrossQ,env6,24996,-96167.6015625
7663,CrossQ,env6,25712,-96200.3984375
7664,CrossQ,env6,27020,-95510.1640625
7665,CrossQ,env6,28668,-94283.3125
7666,CrossQ,env6,31984,-91540.015625
7667,CrossQ,env6,32928,-90695.2890625
7668,CrossQ,env6,33300,-90719.984375
7669,CrossQ,env6,33668,-90791.984375
7670,CrossQ,env6,35044,-90786.484375
7671,CrossQ,env6,36124,-90924.4375
7672,CrossQ,env6,38656,-90042.234375
7673,CrossQ,env6,39240,-89222.4765625
7674,CrossQ,env6,39668,-89222.078125
7675,CrossQ,env6,40032,-90100.6484375
7676,CrossQ,env6,41312,-89149.75
7677,CrossQ,env6,41832,-88216.453125
7678,CrossQ,env6,42204,-88257.3984375
7679,CrossQ,env6,42460,-88247.296875
7680,CrossQ,env6,42628,-88197.5
7681,CrossQ,env6,42856,-89160.296875
7682,CrossQ,env6,43276,-89324.453125
7683,CrossQ,env6,43856,-90213.3515625
7684,CrossQ,env6,44964,-89317.046875
7685,CrossQ,env6,47672,-88329.1484375
7686,CrossQ,env6,48124,-86341.7265625
7687,CrossQ,env6,48616,-86394.125
7688,CrossQ,env6,49204,-86376.921875
7689,CrossQ,env6,50120,-86407.7265625
7690,CrossQ,env6,50328,-87569.7734375
7691,CrossQ,env6,50776,-90191.9765625
7692,CrossQ,env6,51508,-91055.7734375
7693,CrossQ,env6,53540,-91087.578125
7694,CrossQ,env6,54424,-90207.375
7695,CrossQ,env6,55024,-89220.875
7696,CrossQ,env6,55700,-90037.703125
7697,CrossQ,env6,56476,-91109.203125
7698,CrossQ,env6,57156,-92090.8984375
7699,CrossQ,env6,57876,-91961.2265625
7700,CrossQ,env6,58572,-91888.421875
7701,CrossQ,env6,58924,-92711.5
7702,CrossQ,env6,59548,-93538.796875
7703,CrossQ,env6,60276,-93511.8984375
7704,CrossQ,env6,60388,-93515.6015625
7705,CrossQ,env6,60832,-93545.6015625
7706,CrossQ,env6,62616,-93579.796875
7707,CrossQ,env6,63248,-93495.0
7708,CrossQ,env6,63920,-93559.203125
7709,CrossQ,env6,64328,-94442.3984375
7710,CrossQ,env6,64828,-93363.625
7711,CrossQ,env6,67256,-95305.921875
7712,CrossQ,env6,67688,-95276.921875
7713,CrossQ,env6,68168,-95181.5234375
7714,CrossQ,env6,68592,-94941.7265625
7715,CrossQ,env6,69908,-95068.7265625
7716,CrossQ,env6,70544,-95096.1015625
7717,CrossQ,env6,71200,-95232.5
7718,CrossQ,env6,71928,-95232.203125
7719,CrossQ,env6,72820,-96150.296875
7720,CrossQ,env6,73812,-97069.3515625
7721,CrossQ,env6,74456,-97135.8984375
7722,CrossQ,env6,74852,-97151.0
7723,CrossQ,env6,77316,-97079.0234375
7724,CrossQ,env6,78400,-97147.0625
7725,CrossQ,env6,79252,-95434.6640625
7726,CrossQ,env6,80448,-95247.3359375
7727,CrossQ,env6,81404,-95347.9375
7728,CrossQ,env6,82828,-94519.5390625
7729,CrossQ,env6,83132,-93623.9375
7730,CrossQ,env6,84184,-93656.0390625
7731,CrossQ,env6,84892,-93644.4375
7732,CrossQ,env6,86568,-93760.140625
7733,CrossQ,env6,88228,-92800.0390625
7734,CrossQ,env6,90192,-90986.140625
7735,CrossQ,env6,92064,-91877.984375
7736,CrossQ,env6,93140,-90999.9375
7737,CrossQ,env6,93896,-91029.640625
7738,CrossQ,env6,94536,-91126.3359375
7739,CrossQ,env6,95128,-92250.8359375
7740,CrossQ,env6,95888,-92226.140625
7741,CrossQ,env6,96504,-92364.9609375
7742,CrossQ,env6,97176,-92324.765625
7743,CrossQ,env6,98796,-92314.765625
7744,CrossQ,env6,99768,-92294.265625
7745,CrossQ,env6,101392,-91380.7109375
7746,CrossQ,env6,102276,-91449.640625
7747,CrossQ,env6,102672,-91405.140625
7748,CrossQ,env6,103796,-91293.515625
7749,CrossQ,env6,105416,-91318.046875
7750,CrossQ,env6,108952,-91241.1484375
7751,CrossQ,env6,109896,-90668.296875
7752,CrossQ,env6,111604,-90541.7734375
7753,CrossQ,env6,113036,-91513.671875
7754,CrossQ,env6,113424,-91514.875
7755,CrossQ,env6,115460,-91346.671875
7756,CrossQ,env6,117308,-91244.8515625
7757,CrossQ,env6,117972,-90058.6484375
7758,CrossQ,env6,119056,-91004.25
7759,CrossQ,env6,121668,-91922.6484375
7760,CrossQ,env6,122344,-92034.578125
7761,CrossQ,env6,123220,-93066.046875
7762,CrossQ,env6,125308,-92087.75
7763,CrossQ,env6,126544,-90930.328125
7764,CrossQ,env6,127896,-90940.828125
7765,CrossQ,env6,128296,-89963.703125
7766,CrossQ,env6,129320,-89928.3046875
7767,CrossQ,env6,131380,-90025.1015625
7768,CrossQ,env6,132820,-89039.7265625
7769,CrossQ,env6,136204,-89100.2265625
7770,CrossQ,env6,136792,-88052.40625
7771,CrossQ,env6,137936,-87948.0078125
7772,CrossQ,env6,139040,-88032.0078125
7773,CrossQ,env6,139524,-88139.3046875
7774,CrossQ,env6,140792,-87225.1015625
7775,CrossQ,env6,142652,-89026.90625
7776,CrossQ,env6,144656,-89047.3046875
7777,CrossQ,env6,145812,-89126.765625
7778,CrossQ,env6,148180,-89197.3671875
7779,CrossQ,env6,150240,-89109.7421875
7780,CrossQ,env6,151464,-89158.7421875
7781,CrossQ,env6,153400,-89277.8671875
7782,CrossQ,env6,156760,-88585.3671875
7783,CrossQ,env6,157172,-87632.0703125
7784,CrossQ,env6,157748,-87639.8671875
7785,CrossQ,env6,159544,-88509.765625
7786,CrossQ,env6,160524,-88432.640625
7787,CrossQ,env6,161628,-88456.9453125
7788,CrossQ,env6,164252,-89623.5625
7789,CrossQ,env6,165296,-88736.6640625
7790,CrossQ,env6,166504,-88844.484375
7791,CrossQ,env6,167836,-88632.828125
7792,CrossQ,env6,171620,-86784.421875
7793,CrossQ,env6,172476,-86822.203125
7794,CrossQ,env6,175792,-86758.8984375
7795,CrossQ,env6,177688,-87881.3984375
7796,CrossQ,env6,179792,-87022.203125
7797,CrossQ,env6,180056,-86946.296875
7798,CrossQ,env6,181452,-86046.3984375
7799,CrossQ,env6,182268,-87042.1015625
7800,CrossQ,env6,183980,-85301.296875
7801,CrossQ,env6,184800,-86187.296875
7802,CrossQ,env6,185612,-86234.6640625
7803,CrossQ,env6,186280,-86067.859375
7804,CrossQ,env6,187180,-86163.2890625
7805,CrossQ,env6,188128,-86256.890625
7806,CrossQ,env6,188632,-85375.6875
7807,CrossQ,env6,189104,-87163.890625
7808,CrossQ,env6,189916,-88098.6875
7809,CrossQ,env6,192732,-88183.7890625
7810,CrossQ,env6,194276,-88424.890625
7811,CrossQ,env6,195360,-88414.5546875
7812,CrossQ,env6,196872,-89480.15625
7813,CrossQ,env6,200620,-87650.0546875
7814,CrossQ,env6,200968,-86628.65625
7815,CrossQ,env6,201168,-87461.15625
7816,CrossQ,env6,202804,-87524.6171875
7817,CrossQ,env6,204648,-89218.9140625
7818,CrossQ,env6,204860,-90133.3125
7819,CrossQ,env6,205076,-89232.71875
7820,CrossQ,env6,205640,-90136.34375
7821,CrossQ,env6,208316,-91125.4375
7822,CrossQ,env6,209052,-90116.140625
7823,CrossQ,env6,209372,-91098.34375
7824,CrossQ,env6,211100,-91185.34375
7825,CrossQ,env6,213276,-92152.640625
7826,CrossQ,env6,216652,-91313.84375
7827,CrossQ,env6,219220,-90572.9375
7828,CrossQ,env6,221264,-89384.984375
7829,CrossQ,env6,222312,-88479.484375
7830,CrossQ,env6,226312,-85662.6328125
7831,CrossQ,env6,228308,-85725.03125
7832,CrossQ,env6,229216,-85820.6328125
7833,CrossQ,env6,230468,-85867.1328125
7834,CrossQ,env6,231176,-86743.6328125
7835,CrossQ,env6,233744,-85732.4296875
7836,CrossQ,env6,234972,-85932.890625
7837,CrossQ,env6,237744,-84003.7890625
7838,CrossQ,env6,239596,-86019.1953125
7839,CrossQ,env6,243108,-85196.59375
7840,CrossQ,env6,243596,-84287.09375
7841,CrossQ,env6,247408,-83250.6953125
7842,CrossQ,env6,251404,-81428.21875
7843,CrossQ,env6,251904,-79584.515625
7844,CrossQ,env6,255404,-78510.3203125
7845,CrossQ,env6,256444,-77637.3203125
7846,CrossQ,env6,257892,-76493.96875
7847,CrossQ,env6,259600,-77373.265625
7848,CrossQ,env6,262352,-75374.2421875
7849,CrossQ,env6,265104,-74141.0703125
7850,CrossQ,env6,268544,-72056.09375
7851,CrossQ,env6,269104,-71941.9921875
7852,CrossQ,env6,273104,-70020.9921875
7853,CrossQ,env6,274076,-71156.703125
7854,CrossQ,env6,276244,-71948.0
7855,CrossQ,env6,277600,-72929.75
7856,CrossQ,env6,278836,-73714.1484375
7857,CrossQ,env6,282512,-71733.875
7858,CrossQ,env6,283048,-71730.578125
7859,CrossQ,env6,285972,-70732.546875
7860,CrossQ,env6,287300,-70435.953125
7861,CrossQ,env6,289496,-69401.8515625
7862,CrossQ,env6,291176,-69449.75
7863,CrossQ,env6,295028,-66347.6484375
7864,CrossQ,env6,295508,-67143.046875
7865,CrossQ,env6,297644,-67730.703125
7866,CrossQ,env6,301644,-65160.30078125
7867,CrossQ,env6,305384,-65186.6015625
7868,CrossQ,env6,307336,-65105.19921875
7869,CrossQ,env6,309644,-65199.80078125
7870,CrossQ,env6,313644,-64205.0
7871,CrossQ,env6,317600,-63509.75
7872,CrossQ,env6,321600,-59912.3515625
7873,CrossQ,env6,322964,-60038.9765625
7874,CrossQ,env6,326132,-58431.94921875
7875,CrossQ,env6,328972,-59619.0234375
7876,CrossQ,env6,332972,-57839.5234375
7877,CrossQ,env6,333628,-59578.625
7878,CrossQ,env6,335432,-58648.67578125
7879,CrossQ,env6,335892,-59648.7734375
7880,CrossQ,env6,337628,-59682.875
7881,CrossQ,env6,340156,-58773.07421875
7882,CrossQ,env6,341628,-57919.44921875
7883,CrossQ,env6,344252,-56889.19921875
7884,CrossQ,env6,345120,-56885.82421875
7885,CrossQ,env6,349120,-54443.625
7886,CrossQ,env6,352252,-54449.2265625
7887,CrossQ,env6,353948,-53513.92578125
7888,CrossQ,env6,356756,-54603.82421875
7889,CrossQ,env6,360756,-52619.4765625
7890,CrossQ,env6,362052,-51939.32421875
7891,CrossQ,env6,364252,-54816.92578125
7892,CrossQ,env6,366136,-55725.30078125
7893,CrossQ,env6,367852,-56794.80078125
7894,CrossQ,env6,371068,-56873.0
7895,CrossQ,env6,373112,-56031.3984375
7896,CrossQ,env6,375948,-55841.1015625
7897,CrossQ,env6,377004,-59589.19921875
7898,CrossQ,env6,377836,-60389.30078125
7899,CrossQ,env6,379172,-63148.30078125
7900,CrossQ,env6,380532,-64949.80078125
7901,CrossQ,env6,381120,-67518.8984375
7902,CrossQ,env6,381940,-68453.3984375
7903,CrossQ,env6,385120,-67553.296875
7904,CrossQ,env6,385984,-66713.6015625
7905,CrossQ,env6,387616,-68555.8984375
7906,CrossQ,env6,389072,-69537.203125
7907,CrossQ,env6,390216,-71281.5
7908,CrossQ,env6,391460,-72224.4765625
7909,CrossQ,env6,395368,-71163.8984375
7910,CrossQ,env6,396660,-73931.5
7911,CrossQ,env6,397496,-74931.703125
7912,CrossQ,env6,400928,-77646.703125
7913,CrossQ,env6,402180,-78492.1015625
7914,CrossQ,env6,405388,-81620.546875
7915,CrossQ,env6,406836,-80739.453125
7916,CrossQ,env6,407804,-81643.6484375
7917,CrossQ,env6,408524,-81653.953125
7918,CrossQ,env6,409240,-82508.3515625
7919,CrossQ,env6,410712,-84376.8515625
7920,CrossQ,env6,412128,-86200.453125
7921,CrossQ,env6,413932,-87337.25
7922,CrossQ,env6,415348,-87351.6484375
7923,CrossQ,env6,416572,-88432.8515625
7924,CrossQ,env6,417892,-88454.75
7925,CrossQ,env6,419956,-88433.8515625
7926,CrossQ,env6,420152,-88544.1484375
7927,CrossQ,env6,420328,-88498.046875
7928,CrossQ,env6,420548,-90357.6484375
7929,CrossQ,env6,420872,-91189.453125
7930,CrossQ,env6,421096,-91114.25
7931,CrossQ,env6,421488,-90137.6484375
7932,CrossQ,env6,421700,-91116.453125
7933,CrossQ,env6,422000,-91115.625
7934,CrossQ,env6,422416,-92204.1015625
7935,CrossQ,env6,423564,-92994.796875
7936,CrossQ,env6,426412,-91857.875
7937,CrossQ,env6,427268,-91038.7734375
7938,CrossQ,env6,430236,-91114.4765625
7939,CrossQ,env6,432948,-89856.921875
7940,CrossQ,env6,434148,-90942.828125
7941,CrossQ,env6,435096,-90895.921875
7942,CrossQ,env6,435528,-91719.625
7943,CrossQ,env6,436948,-90800.0234375
7944,CrossQ,env6,437552,-90781.625
7945,CrossQ,env6,438256,-90667.0390625
7946,CrossQ,env6,438484,-91469.734375
7947,CrossQ,env6,438760,-91447.5390625
7948,CrossQ,env6,438940,-91345.8359375
7949,CrossQ,env6,439236,-91300.234375
7950,CrossQ,env6,440112,-91283.3359375
7951,CrossQ,env6,444088,-90455.3359375
7952,CrossQ,env6,446076,-87777.8359375
7953,CrossQ,env6,448920,-85993.640625
7954,CrossQ,env6,449464,-85094.140625
7955,CrossQ,env6,450312,-84112.0390625
7956,CrossQ,env6,450564,-84936.1875
7957,CrossQ,env6,450696,-84950.7890625
7958,CrossQ,env6,450820,-84946.7890625
7959,CrossQ,env6,450940,-85840.5859375
7960,CrossQ,env6,451252,-85896.484375
7961,CrossQ,env6,451424,-86927.4140625
7962,CrossQ,env6,451920,-87764.109375
7963,CrossQ,env6,452380,-88670.7109375
7964,CrossQ,env6,455292,-90624.359375
7965,CrossQ,env6,457312,-90443.109375
7966,CrossQ,env6,458920,-90448.015625
7967,CrossQ,env6,459676,-88443.984375
7968,CrossQ,env6,462400,-88414.2890625
7969,CrossQ,env6,464108,-88447.1875
7970,CrossQ,env6,465024,-89560.578125
7971,CrossQ,env6,466368,-89528.3359375
7972,CrossQ,env6,467200,-89401.3359375
7973,CrossQ,env6,467892,-89486.4375
7974,CrossQ,env6,469516,-89479.234375
7975,CrossQ,env6,472132,-87572.734375
7976,CrossQ,env6,474428,-87456.640625
7977,CrossQ,env6,475944,-90288.9375
7978,CrossQ,env6,477944,-91306.734375
7979,CrossQ,env6,480668,-91354.734375
7980,CrossQ,env6,482828,-92294.6875
7981,CrossQ,env6,483168,-92346.609375
7982,CrossQ,env6,486488,-91554.2109375
7983,CrossQ,env6,488892,-90670.0390625
7984,CrossQ,env6,492076,-90679.234375
7985,CrossQ,env6,494688,-87897.234375
7986,CrossQ,env6,495972,-87897.234375
7987,CrossQ,env6,496396,-86973.4375
7988,CrossQ,env6,498688,-85180.640625
7989,CrossQ,env6,502592,-83292.5390625
7990,CrossQ,env6,503520,-83442.0859375
7991,CrossQ,env6,507132,-82518.890625
7992,CrossQ,env6,508936,-81709.3125
7993,CrossQ,env6,512936,-79006.515625
7994,CrossQ,env6,516080,-77091.4140625
7995,CrossQ,env6,519476,-74979.171875
7996,CrossQ,env6,522580,-72258.515625
7997,CrossQ,env6,524504,-71402.515625
7998,CrossQ,env6,525896,-70367.4140625
7999,CrossQ,env6,528504,-68481.5390625
8000,CrossQ,env6,532408,-68557.234375
8001,CrossQ,env6,536136,-66776.140625
8002,CrossQ,env6,538032,-63835.73828125
8003,CrossQ,env6,541076,-61736.8125
8004,CrossQ,env6,542316,-62621.51171875
8005,CrossQ,env6,544068,-62703.9375
8006,CrossQ,env6,546596,-61739.1875
8007,CrossQ,env6,548708,-59700.88671875
8008,CrossQ,env6,551152,-59598.5390625
8009,CrossQ,env6,552052,-59634.63671875
8010,CrossQ,env6,552772,-62446.0390625
8011,CrossQ,env6,554508,-62522.3359375
8012,CrossQ,env6,555588,-63215.953125
8013,CrossQ,env6,557548,-64048.15234375
8014,CrossQ,env6,560752,-65955.2578125
8015,CrossQ,env6,563564,-64012.953125
8016,CrossQ,env6,564964,-64139.85546875
8017,CrossQ,env6,566304,-66979.65625
8018,CrossQ,env6,568252,-70550.5546875
8019,CrossQ,env6,572252,-69522.0078125
8020,CrossQ,env6,575644,-70798.34375
8021,CrossQ,env6,578108,-71760.34375
8022,CrossQ,env6,580232,-72814.34375
8023,CrossQ,env6,582772,-72927.0390625
8024,CrossQ,env6,584944,-73841.515625
8025,CrossQ,env6,588944,-72021.9140625
8026,CrossQ,env6,592604,-72913.21875
8027,CrossQ,env6,593916,-74872.515625
8028,CrossQ,env6,594700,-77821.640625
8029,CrossQ,env6,595416,-77804.34375
8030,CrossQ,env6,599416,-73953.5703125
8031,CrossQ,env6,603416,-72070.4453125
8032,CrossQ,env6,607188,-74182.84375
8033,CrossQ,env6,611188,-72148.96875
8034,CrossQ,env6,614476,-70214.71875
8035,CrossQ,env6,616980,-67415.8203125
8036,CrossQ,env6,620844,-64647.515625
8037,CrossQ,env6,624168,-62078.30078125
8038,CrossQ,env6,626044,-62051.3984375
8039,CrossQ,env6,629188,-60033.05078125
8040,CrossQ,env6,632420,-61968.05078125
8041,CrossQ,env6,634476,-59953.4609375
8042,CrossQ,env6,637752,-58068.9140625
8043,CrossQ,env6,640832,-57259.9140625
8044,CrossQ,env6,644740,-59246.36328125
8045,CrossQ,env6,646244,-58014.23828125
8046,CrossQ,env6,649248,-58899.0390625
8047,CrossQ,env6,652624,-57081.13671875
8048,CrossQ,env6,655152,-55238.73828125
8049,CrossQ,env6,658560,-54473.0390625
8050,CrossQ,env6,661564,-56283.63671875
8051,CrossQ,env6,664456,-55393.73828125
8052,CrossQ,env6,666560,-54449.9375
8053,CrossQ,env6,668852,-53508.8125
8054,CrossQ,env6,672028,-52593.8125
8055,CrossQ,env6,674560,-53727.01171875
8056,CrossQ,env6,678280,-54763.9140625
8057,CrossQ,env6,681212,-52715.4140625
8058,CrossQ,env6,684592,-53937.9140625
8059,CrossQ,env6,688192,-54018.7109375
8060,CrossQ,env6,690784,-56038.2109375
8061,CrossQ,env6,693792,-57895.11328125
8062,CrossQ,env6,696192,-58898.01171875
8063,CrossQ,env6,699776,-58050.01171875
8064,CrossQ,env6,703060,-57353.76171875
8065,CrossQ,env6,705164,-58274.26171875
8066,CrossQ,env6,706716,-60142.6484375
8067,CrossQ,env6,709020,-62296.3984375
8068,CrossQ,env6,712204,-63242.8984375
8069,CrossQ,env6,715840,-62449.8984375
8070,CrossQ,env6,718876,-61749.42578125
8071,CrossQ,env6,722876,-60870.30078125
8072,CrossQ,env6,724868,-61788.8984375
8073,CrossQ,env6,727548,-62774.30078125
8074,CrossQ,env6,730680,-63783.69921875
8075,CrossQ,env6,732472,-64618.19921875
8076,CrossQ,env6,735320,-67477.203125
8077,CrossQ,env6,739260,-67514.3984375
8078,CrossQ,env6,742444,-65729.0234375
8079,CrossQ,env6,746444,-64938.625
8080,CrossQ,env6,750084,-66949.421875
8081,CrossQ,env6,752160,-66934.1484375
8082,CrossQ,env6,756160,-66946.25
8083,CrossQ,env6,760044,-67990.203125
8084,CrossQ,env6,762156,-67964.953125
8085,CrossQ,env6,766156,-65100.75
8086,CrossQ,env6,770156,-62304.05078125
8087,CrossQ,env6,773128,-63288.25
8088,CrossQ,env6,776688,-64403.44921875
8089,CrossQ,env6,780688,-64525.1484375
8090,CrossQ,env6,784688,-60819.3515625
8091,CrossQ,env6,786328,-59919.125
8092,CrossQ,env6,790180,-57802.6015625
8093,CrossQ,env6,792344,-55983.0
8094,CrossQ,env6,795724,-55956.1015625
8095,CrossQ,env6,799376,-57804.3984375
8096,CrossQ,env6,802648,-57751.625
8097,CrossQ,env6,804644,-58743.92578125
8098,CrossQ,env6,807280,-60520.2265625
8099,CrossQ,env6,809356,-60325.2265625
8100,CrossQ,env6,812728,-60599.32421875
8101,CrossQ,env6,816608,-58807.7265625
8102,CrossQ,env6,820608,-57929.7265625
8103,CrossQ,env6,824428,-57881.42578125
8104,CrossQ,env6,826932,-58881.82421875
8105,CrossQ,env6,830648,-58727.69921875
8106,CrossQ,env6,834048,-57931.2734375
8107,CrossQ,env6,835184,-58905.57421875
8108,CrossQ,env6,838932,-57927.125
8109,CrossQ,env6,841140,-58906.69921875
8110,CrossQ,env6,844512,-60824.5
8111,CrossQ,env6,846036,-63629.80078125
8112,CrossQ,env6,848940,-64634.8984375
8113,CrossQ,env6,852664,-65584.0
8114,CrossQ,env6,854080,-68273.203125
8115,CrossQ,env6,854272,-71985.8984375
8116,CrossQ,env6,858056,-73961.2265625
8117,CrossQ,env6,858888,-73989.046875
8118,CrossQ,env6,862444,-74945.75
8119,CrossQ,env6,865456,-75805.578125
8120,CrossQ,env6,866960,-74862.078125
8121,CrossQ,env6,869328,-76837.578125
8122,CrossQ,env6,873328,-73960.7734375
8123,CrossQ,env6,875468,-72172.4765625
8124,CrossQ,env6,877328,-72287.9765625
8125,CrossQ,env6,881016,-73306.671875
8126,CrossQ,env6,884812,-72234.671875
8127,CrossQ,env6,886260,-75029.2734375
8128,CrossQ,env6,888812,-75981.4765625
8129,CrossQ,env6,892812,-73054.9765625
8130,CrossQ,env6,896584,-71177.5
8131,CrossQ,env6,898760,-72932.953125
8132,CrossQ,env6,902092,-72818.453125
8133,CrossQ,env6,903788,-73706.6015625
8134,CrossQ,env6,906904,-74621.9375
8135,CrossQ,env6,908676,-75441.1875
8136,CrossQ,env6,911576,-75390.4609375
8137,CrossQ,env6,915576,-71558.5625
8138,CrossQ,env6,918532,-69563.359375
8139,CrossQ,env6,921708,-67849.0625
8140,CrossQ,env6,924416,-67849.5625
8141,CrossQ,env6,926284,-66848.859375
8142,CrossQ,env6,928636,-67981.0625
8143,CrossQ,env6,932636,-67008.9609375
8144,CrossQ,env6,936636,-65177.73828125
8145,CrossQ,env6,937648,-65217.5390625
8146,CrossQ,env6,940732,-64252.0390625
8147,CrossQ,env6,942744,-65190.9375
8148,CrossQ,env6,945120,-66112.8359375
8149,CrossQ,env6,949120,-64174.8359375
8150,CrossQ,env6,952392,-61170.9375
8151,CrossQ,env6,956064,-61209.63671875
8152,CrossQ,env6,960064,-58414.3359375
8153,CrossQ,env6,962484,-58436.4375
8154,CrossQ,env6,966412,-61166.9375
8155,CrossQ,env6,967744,-62167.9375
8156,CrossQ,env6,970372,-63117.5390625
8157,CrossQ,env6,973112,-64231.63671875
8158,CrossQ,env6,977112,-61463.7890625
8159,CrossQ,env6,981112,-58754.2734375
8160,CrossQ,env6,984264,-56993.92578125
8161,CrossQ,env6,988184,-56155.44921875
8162,CrossQ,env6,992184,-57018.86328125
8163,CrossQ,env6,995916,-56134.26171875
8164,CrossQ,env6,999916,-54171.86328125
8165,CrossQ,env6,1003916,-51450.76171875
8166,CrossQ,env6,1007916,-48679.0625
8167,CrossQ,env6,1010540,-46743.86328125
8168,CrossQ,env6,1014540,-46787.4609375
8169,CrossQ,env6,1017248,-47776.86328125
8170,CrossQ,env6,1019988,-46780.86328125
8171,CrossQ,env6,1020824,-47632.11328125
8172,CrossQ,env6,1024224,-49593.8125
8173,CrossQ,env6,1025376,-49589.7109375
8174,CrossQ,env6,1025868,-52348.3125
8175,CrossQ,env6,1027260,-55101.2109375
8176,CrossQ,env6,1027812,-57842.61328125
8177,CrossQ,env6,1031740,-59621.01171875
8178,CrossQ,env6,1035740,-57726.61328125
8179,CrossQ,env6,1037560,-56884.2109375
8180,CrossQ,env6,1039300,-57842.7109375
8181,CrossQ,env6,1042032,-57990.36328125
8182,CrossQ,env6,1046032,-55131.1640625
8183,CrossQ,env6,1049256,-57051.26171875
8184,CrossQ,env6,1051308,-58897.36328125
8185,CrossQ,env6,1053104,-60728.9609375
8186,CrossQ,env6,1056880,-59602.13671875
8187,CrossQ,env6,1060880,-59430.57421875
8188,CrossQ,env6,1064880,-58439.375
8189,CrossQ,env6,1068880,-58339.375
8190,CrossQ,env6,1070364,-59116.2265625
8191,CrossQ,env6,1074276,-61994.125
8192,CrossQ,env6,1076656,-61980.5234375
8193,CrossQ,env6,1080248,-62957.92578125
8194,CrossQ,env6,1082472,-62790.7265625
8195,CrossQ,env6,1085832,-64789.32421875
8196,CrossQ,env6,1089832,-61154.875
8197,CrossQ,env6,1092804,-60153.67578125
8198,CrossQ,env6,1095852,-58282.4765625
8199,CrossQ,env6,1099092,-56557.57421875
8200,CrossQ,env6,1102720,-53698.17578125
8201,CrossQ,env6,1106720,-50991.9765625
8202,CrossQ,env6,1109352,-50031.1484375
8203,CrossQ,env6,1113352,-52008.55078125
8204,CrossQ,env6,1115368,-53883.6484375
8205,CrossQ,env6,1118216,-52840.1484375
8206,CrossQ,env6,1120752,-49973.05078125
8207,CrossQ,env6,1124752,-50912.6484375
8208,CrossQ,env6,1128568,-51920.6484375
8209,CrossQ,env6,1132568,-50101.44921875
8210,CrossQ,env6,1136568,-48162.2265625
8211,CrossQ,env6,1139524,-48293.75
8212,CrossQ,env6,1141712,-49508.1015625
8213,CrossQ,env6,1145712,-50454.8984375
8214,CrossQ,env6,1149712,-50454.8984375
8215,CrossQ,env6,1153152,-49635.94921875
8216,CrossQ,env6,1157152,-46758.05078125
8217,CrossQ,env6,1159868,-47710.6484375
8218,CrossQ,env6,1163868,-45805.05078125
8219,CrossQ,env6,1165148,-46749.55078125
8220,CrossQ,env6,1166888,-47521.44921875
8221,CrossQ,env6,1169956,-49405.05078125
8222,CrossQ,env6,1170888,-49342.75
8223,CrossQ,env6,1174888,-49380.8515625
8224,CrossQ,env6,1178776,-49364.75
8225,CrossQ,env6,1181948,-51259.05078125
8226,CrossQ,env6,1185948,-50265.55078125
8227,CrossQ,env6,1187360,-50197.17578125
8228,CrossQ,env6,1190992,-49124.2734375
8229,CrossQ,env6,1192632,-48133.9765625
8230,CrossQ,env6,1196052,-49169.57421875
8231,CrossQ,env6,1200052,-48220.17578125
8232,CrossQ,env6,1202772,-48211.9765625
8233,CrossQ,env6,1205064,-46111.67578125
8234,CrossQ,env6,1209064,-45119.57421875
8235,CrossQ,env6,1213064,-44250.5
8236,CrossQ,env6,1217064,-44208.19921875
8237,CrossQ,env6,1219888,-44093.3984375
8238,CrossQ,env6,1222656,-45933.19921875
8239,CrossQ,env6,1225000,-49877.6015625
8240,CrossQ,env6,1226656,-51663.6015625
8241,CrossQ,env6,1228968,-55470.1015625
8242,CrossQ,env6,1230476,-56052.5
8243,CrossQ,env6,1232264,-58508.6015625
8244,CrossQ,env6,1234452,-59527.8984375
8245,CrossQ,env6,1237640,-57626.69921875
8246,CrossQ,env6,1241640,-55743.1015625
8247,CrossQ,env6,1245640,-54904.0
8248,CrossQ,env6,1249464,-54789.19921875
8249,CrossQ,env6,1252260,-53804.1015625
8250,CrossQ,env6,1256100,-52018.3984375
8251,CrossQ,env6,1259024,-54783.0234375
8252,CrossQ,env6,1262156,-53987.7265625
8253,CrossQ,env6,1264332,-54959.82421875
8254,CrossQ,env6,1267024,-54887.7734375
8255,CrossQ,env6,1268592,-53776.17578125
8256,CrossQ,env6,1269200,-57414.17578125
8257,CrossQ,env6,1269564,-60098.875
8258,CrossQ,env6,1269716,-62913.9765625
8259,CrossQ,env6,1270040,-66532.078125
8260,CrossQ,env6,1270324,-70152.4765625
8261,CrossQ,env6,1271028,-71999.375
8262,CrossQ,env6,1275024,-72603.484375
8263,CrossQ,env6,1277132,-71734.5859375
8264,CrossQ,env6,1278392,-71552.3828125
8265,CrossQ,env6,1279564,-71541.984375
8266,CrossQ,env6,1283564,-69633.1796875
8267,CrossQ,env6,1286220,-70025.8828125
8268,CrossQ,env6,1287244,-69383.28125
8269,CrossQ,env6,1291244,-65640.484375
8270,CrossQ,env6,1295244,-63846.78515625
8271,CrossQ,env6,1299244,-64834.8828125
8272,CrossQ,env6,1303020,-63817.78515625
8273,CrossQ,env6,1307020,-63759.18359375
8274,CrossQ,env6,1311020,-62831.68359375
8275,CrossQ,env6,1315020,-61895.58203125
8276,CrossQ,env6,1317096,-60905.05859375
8277,CrossQ,env6,1321096,-59953.7578125
8278,CrossQ,env6,1325096,-58965.1328125
8279,CrossQ,env6,1329096,-57206.984375
8280,CrossQ,env6,1333096,-55369.984375
8281,CrossQ,env6,1334180,-54550.984375
8282,CrossQ,env6,1336064,-54577.08203125
8283,CrossQ,env6,1340064,-50811.0078125
8284,CrossQ,env6,1342448,-49100.5078125
8285,CrossQ,env6,1343244,-49078.234375
8286,CrossQ,env6,1344012,-50027.43359375
8287,CrossQ,env6,1348012,-47631.92578125
8288,CrossQ,env6,1352012,-46590.05078125
8289,CrossQ,env6,1356012,-44767.6484375
8290,CrossQ,env6,1360012,-42042.05078125
8291,CrossQ,env6,1362768,-42850.4765625
8292,CrossQ,env6,1366064,-41940.7734375
8293,CrossQ,env6,1370064,-40071.2734375
8294,CrossQ,env6,1374064,-40071.2734375
8295,CrossQ,env6,1378064,-39971.2734375
8296,CrossQ,env6,1382064,-38783.17578125
8297,CrossQ,env6,1385960,-38804.7734375
8298,CrossQ,env6,1389960,-37986.2734375
8299,CrossQ,env6,1393960,-37986.2734375
8300,CrossQ,env6,1397960,-37986.2734375
8301,CrossQ,env6,1399996,-38046.9765625
8302,CrossQ,env6,1401960,-39765.1015625
8303,CrossQ,env6,1405660,-39714.125
8304,CrossQ,env6,1409660,-39714.125
8305,CrossQ,env6,1413660,-38856.0234375
8306,CrossQ,env6,1417660,-37021.32421875
8307,CrossQ,env6,1421456,-35077.82421875
8308,CrossQ,env6,1425456,-36045.69921875
8309,CrossQ,env6,1429456,-34138.1015625
8310,CrossQ,env6,1430816,-31473.875
8311,CrossQ,env6,1434816,-28639.974609375
8312,CrossQ,env6,1437892,-31275.57421875
8313,CrossQ,env6,1441232,-32364.44921875
8314,CrossQ,env6,1445232,-30524.650390625
8315,CrossQ,env6,1447292,-31436.349609375
8316,CrossQ,env6,1451160,-29632.42578125
8317,CrossQ,env6,1454544,-29526.42578125
8318,CrossQ,env6,1457656,-30548.224609375
8319,CrossQ,env6,1459792,-33350.625
8320,CrossQ,env6,1461556,-37178.5234375
8321,CrossQ,env6,1464684,-41244.32421875
8322,CrossQ,env6,1468684,-42189.32421875
8323,CrossQ,env6,1469980,-43093.42578125
8324,CrossQ,env6,1473952,-44001.32421875
8325,CrossQ,env6,1476852,-45904.92578125
8326,CrossQ,env6,1480724,-46946.42578125
8327,CrossQ,env6,1481812,-47066.69921875
8328,CrossQ,env6,1483824,-48933.6015625
8329,CrossQ,env6,1485584,-51763.5
8330,CrossQ,env6,1487460,-55523.8984375
8331,CrossQ,env6,1488724,-58141.8984375
8332,CrossQ,env6,1489292,-59940.1484375
8333,CrossQ,env6,1490128,-62685.5
8334,CrossQ,env6,1491848,-66398.1015625
8335,CrossQ,env6,1494208,-69239.703125
8336,CrossQ,env6,1494720,-72166.6015625
8337,CrossQ,env6,1494888,-73154.796875
8338,CrossQ,env6,1495308,-74824.5
8339,CrossQ,env6,1495616,-78441.8984375
8340,CrossQ,env6,1495748,-81163.5
8341,CrossQ,env6,1495876,-83873.203125
8342,CrossQ,env6,1496004,-85628.203125
8343,CrossQ,env6,1496148,-87286.3984375
8344,CrossQ,env6,1496380,-88100.5
8345,CrossQ,env6,1497916,-88032.296875
8346,CrossQ,env6,1500676,-87033.5
8347,CrossQ,env6,1503204,-87030.796875
8348,CrossQ,env6,1504808,-88913.296875
8349,CrossQ,env6,1508372,-89929.8984375
8350,CrossQ,env6,1510500,-90724.203125
8351,CrossQ,env6,1514500,-88805.0
8352,CrossQ,env6,1516372,-87886.1015625
8353,CrossQ,env6,1518540,-88805.8984375
8354,CrossQ,env6,1522528,-87813.0
8355,CrossQ,env6,1526528,-84951.203125
8356,CrossQ,env6,1529104,-83094.796875
8357,CrossQ,env6,1532160,-81457.453125
8358,CrossQ,env6,1533188,-80542.6015625
8359,CrossQ,env6,1536788,-79653.296875
8360,CrossQ,env6,1540788,-75877.796875
8361,CrossQ,env6,1544788,-72110.203125
8362,CrossQ,env6,1547980,-71325.703125
8363,CrossQ,env6,1551980,-68687.296875
8364,CrossQ,env6,1554116,-65977.703125
8365,CrossQ,env6,1555348,-65974.796875
8366,CrossQ,env6,1557280,-65011.3984375
8367,CrossQ,env6,1559980,-63190.6015625
8368,CrossQ,env6,1563268,-61425.8984375
8369,CrossQ,env6,1566980,-59679.1015625
8370,CrossQ,env6,1570980,-56789.80078125
8371,CrossQ,env6,1572100,-55642.6484375
8372,CrossQ,env6,1574792,-56466.69921875
8373,CrossQ,env6,1577152,-55438.8984375
8374,CrossQ,env6,1581076,-54479.19921875
8375,CrossQ,env6,1585076,-52770.8984375
8376,CrossQ,env6,1587352,-54544.05078125
8377,CrossQ,env6,1588632,-56446.1484375
8378,CrossQ,env6,1591352,-55550.94921875
8379,CrossQ,env6,1594408,-55641.05078125
8380,CrossQ,env6,1594968,-58459.94921875
8381,CrossQ,env6,1595176,-60341.75
8382,CrossQ,env6,1595508,-62110.55078125
8383,CrossQ,env6,1597472,-63032.0859375
8384,CrossQ,env6,1600880,-61998.1875
8385,CrossQ,env6,1603256,-63864.5859375
8386,CrossQ,env6,1606836,-64793.88671875
8387,CrossQ,env6,1610836,-61840.63671875
8388,CrossQ,env6,1613572,-62737.4375
8389,CrossQ,env6,1617572,-63809.5390625
8390,CrossQ,env6,1621572,-60079.13671875
8391,CrossQ,env6,1624576,-59326.8359375
8392,CrossQ,env6,1628380,-58430.4375
8393,CrossQ,env6,1631608,-58497.4375
8394,CrossQ,env6,1635608,-56627.73828125
8395,CrossQ,env6,1637480,-58658.4375
8396,CrossQ,env6,1640736,-58673.38671875
8397,CrossQ,env6,1644060,-56922.13671875
8398,CrossQ,env6,1648060,-57122.9375
8399,CrossQ,env6,1652060,-56158.13671875
8400,CrossQ,env6,1653756,-56099.9375
8401,CrossQ,env6,1656956,-56126.38671875
8402,CrossQ,env6,1658120,-54223.7890625
8403,CrossQ,env6,1660364,-55232.7890625
8404,CrossQ,env6,1661956,-56104.48828125
8405,CrossQ,env6,1665720,-54285.5859375
8406,CrossQ,env6,1668400,-51589.5859375
8407,CrossQ,env6,1671212,-51847.48828125
8408,CrossQ,env6,1673840,-51109.1484375
8409,CrossQ,env6,1677148,-52073.0
8410,CrossQ,env6,1678444,-52680.5234375
8411,CrossQ,env6,1682304,-53401.50390625
8412,CrossQ,env6,1683108,-55367.15625
8413,CrossQ,env6,1685516,-57075.65625
8414,CrossQ,env6,1688488,-56899.85546875
8415,CrossQ,env6,1689996,-59806.5546875
8416,CrossQ,env6,1690296,-61541.15625
8417,CrossQ,env6,1691916,-64345.65625
8418,CrossQ,env6,1692792,-66101.3515625
8419,CrossQ,env6,1695268,-69925.7578125
8420,CrossQ,env6,1697668,-70841.453125
8421,CrossQ,env6,1698436,-72824.8515625
8422,CrossQ,env6,1699084,-74505.7578125
8423,CrossQ,env6,1699688,-76195.7578125
8424,CrossQ,env6,1700228,-79886.8515625
8425,CrossQ,env6,1704228,-81681.5546875
8426,CrossQ,env6,1707616,-79845.15625
8427,CrossQ,env6,1708656,-80762.2578125
8428,CrossQ,env6,1710024,-79773.15625
8429,CrossQ,env6,1712568,-80776.7578125
8430,CrossQ,env6,1716568,-78878.15625
8431,CrossQ,env6,1718956,-79810.0546875
8432,CrossQ,env6,1720128,-78614.453125
8433,CrossQ,env6,1721776,-79478.953125
8434,CrossQ,env6,1723832,-80526.8046875
8435,CrossQ,env6,1727832,-79045.1796875
8436,CrossQ,env6,1731832,-79140.7265625
8437,CrossQ,env6,1734764,-80131.125
8438,CrossQ,env6,1737388,-79396.328125
8439,CrossQ,env6,1738272,-81143.625
8440,CrossQ,env6,1740796,-81162.421875
8441,CrossQ,env6,1741968,-81348.828125
8442,CrossQ,env6,1742840,-81309.0234375
8443,CrossQ,env6,1746544,-80592.625
8444,CrossQ,env6,1750544,-77724.125
8445,CrossQ,env6,1752796,-77744.0234375
8446,CrossQ,env6,1756060,-75915.0234375
8447,CrossQ,env6,1757400,-76891.2734375
8448,CrossQ,env6,1758380,-76874.6484375
8449,CrossQ,env6,1761880,-75987.546875
8450,CrossQ,env6,1765812,-76152.6484375
8451,CrossQ,env6,1767680,-77174.453125
8452,CrossQ,env6,1770024,-77270.25
8453,CrossQ,env6,1770352,-78173.546875
8454,CrossQ,env6,1770620,-78002.8515625
8455,CrossQ,env6,1771584,-81659.1484375
8456,CrossQ,env6,1772344,-83477.8515625
8457,CrossQ,env6,1773408,-84473.8515625
8458,CrossQ,env6,1776052,-84446.8515625
8459,CrossQ,env6,1779532,-82448.8515625
8460,CrossQ,env6,1783268,-82281.453125
8461,CrossQ,env6,1785972,-82222.703125
8462,CrossQ,env6,1788344,-81261.703125
8463,CrossQ,env6,1792344,-79266.6484375
8464,CrossQ,env6,1795852,-78500.3515625
8465,CrossQ,env6,1797156,-77372.0
8466,CrossQ,env6,1801156,-76386.1015625
8467,CrossQ,env6,1803180,-73485.796875
8468,CrossQ,env6,1807180,-71271.25
8469,CrossQ,env6,1810788,-71072.046875
8470,CrossQ,env6,1814788,-67043.546875
8471,CrossQ,env6,1817548,-66959.203125
8472,CrossQ,env6,1821500,-64132.92578125
8473,CrossQ,env6,1825196,-62154.92578125
8474,CrossQ,env6,1829196,-59350.92578125
8475,CrossQ,env6,1833196,-56148.5
8476,CrossQ,env6,1837196,-55155.19921875
8477,CrossQ,env6,1839896,-55061.92578125
8478,CrossQ,env6,1841736,-55120.32421875
8479,CrossQ,env6,1845736,-51116.703125
8480,CrossQ,env6,1849736,-47460.40625
8481,CrossQ,env6,1853736,-43778.10546875
8482,CrossQ,env6,1855464,-42506.3046875
8483,CrossQ,env6,1859464,-38646.35546875
8484,CrossQ,env6,1863464,-37761.25390625
8485,CrossQ,env6,1867464,-36936.35546875
8486,CrossQ,env6,1871156,-36049.48046875
8487,CrossQ,env6,1875156,-33824.60546875
8488,CrossQ,env6,1877660,-33627.90625
8489,CrossQ,env6,1881660,-30394.60546875
8490,CrossQ,env6,1883744,-30178.9296875
8491,CrossQ,env6,1884284,-30896.130859375
8492,CrossQ,env6,1884636,-33769.23046875
8493,CrossQ,env6,1887100,-35905.1796875
8494,CrossQ,env6,1889432,-38838.078125
8495,CrossQ,env6,1893432,-40100.48046875
8496,CrossQ,env6,1897432,-38295.62890625
8497,CrossQ,env6,1901432,-38512.35546875
8498,CrossQ,env6,1905432,-36592.28125
8499,CrossQ,env6,1908704,-38555.78125
8500,CrossQ,env6,1911800,-39826.10546875
8501,CrossQ,env6,1915800,-39834.60546875
8502,CrossQ,env6,1919800,-37826.828125
8503,CrossQ,env6,1923800,-34893.9296875
8504,CrossQ,env6,1925928,-38008.3515625
8505,CrossQ,env6,1928112,-41718.05078125
8506,CrossQ,env6,1932112,-41718.05078125
8507,CrossQ,env6,1936112,-39303.1484375
8508,CrossQ,env6,1937680,-42191.30078125
8509,CrossQ,env6,1939912,-43125.69921875
8510,CrossQ,env6,1943912,-44100.30078125
8511,CrossQ,env6,1944940,-46083.8984375
8512,CrossQ,env6,1947292,-49253.875
8513,CrossQ,env6,1950676,-51496.0234375
8514,CrossQ,env6,1953516,-53888.32421875
8515,CrossQ,env6,1957516,-52406.8515625
8516,CrossQ,env6,1961516,-48858.3515625
8517,CrossQ,env6,1965516,-45225.8515625
8518,CrossQ,env6,1969316,-43335.94921875
8519,CrossQ,env6,1973316,-40644.1484375
8520,CrossQ,env6,1977316,-39673.55078125
8521,CrossQ,env6,1981316,-39673.55078125
8522,CrossQ,env6,1985316,-39680.75
8523,CrossQ,env6,1989316,-39945.8515625
8524,CrossQ,env6,1993316,-37982.3515625
8525,CrossQ,env6,1997316,-37023.25
8526,CrossQ,env7,360,-98057.5
8527,CrossQ,env7,496,-99268.75
8528,CrossQ,env7,700,-97110.96875
8529,CrossQ,env7,952,-95454.3203125
8530,CrossQ,env7,1732,-96091.7109375
8531,CrossQ,env7,2120,-96118.890625
8532,CrossQ,env7,2444,-96751.90625
8533,CrossQ,env7,2724,-96929.4765625
8534,CrossQ,env7,3040,-97403.1484375
8535,CrossQ,env7,3404,-97502.3359375
8536,CrossQ,env7,4196,-97386.0234375
8537,CrossQ,env7,4832,-97753.8515625
8538,CrossQ,env7,5328,-97806.734375
8539,CrossQ,env7,5572,-97649.640625
8540,CrossQ,env7,5812,-97693.0859375
8541,CrossQ,env7,5996,-97076.96875
8542,CrossQ,env7,6224,-96683.3984375
8543,CrossQ,env7,6508,-96337.1640625
8544,CrossQ,env7,6708,-96290.5703125
8545,CrossQ,env7,6960,-96129.8203125
8546,CrossQ,env7,7336,-95864.8984375
8547,CrossQ,env7,7536,-95852.8046875
8548,CrossQ,env7,7700,-95723.09375
8549,CrossQ,env7,7924,-95707.6484375
8550,CrossQ,env7,8232,-95094.5625
8551,CrossQ,env7,8552,-94898.5703125
8552,CrossQ,env7,8948,-94720.3984375
8553,CrossQ,env7,9204,-95041.28125
8554,CrossQ,env7,9496,-95248.78125
8555,CrossQ,env7,9964,-95317.734375
8556,CrossQ,env7,10544,-95298.71875
8557,CrossQ,env7,10868,-95314.6171875
8558,CrossQ,env7,11132,-95410.8203125
8559,CrossQ,env7,11652,-95310.2421875
8560,CrossQ,env7,12008,-95207.8671875
8561,CrossQ,env7,12752,-95412.6484375
8562,CrossQ,env7,13124,-95368.953125
8563,CrossQ,env7,13600,-95369.2265625
8564,CrossQ,env7,14132,-95374.6171875
8565,CrossQ,env7,14648,-95379.4140625
8566,CrossQ,env7,15356,-95910.2109375
8567,CrossQ,env7,16060,-95054.984375
8568,CrossQ,env7,16472,-95468.0390625
8569,CrossQ,env7,16836,-95706.5625
8570,CrossQ,env7,17052,-96008.640625
8571,CrossQ,env7,17432,-96417.9765625
8572,CrossQ,env7,18336,-96534.9765625
8573,CrossQ,env7,18624,-96862.703125
8574,CrossQ,env7,19000,-97069.8046875
8575,CrossQ,env7,19164,-97872.5859375
8576,CrossQ,env7,19544,-98167.875
8577,CrossQ,env7,19844,-98340.34375
8578,CrossQ,env7,20220,-98326.6484375
8579,CrossQ,env7,20352,-98428.421875
8580,CrossQ,env7,20484,-98424.71875
8581,CrossQ,env7,20672,-98604.9453125
8582,CrossQ,env7,20800,-98577.9453125
8583,CrossQ,env7,20940,-98565.7421875
8584,CrossQ,env7,21040,-97726.1171875
8585,CrossQ,env7,21140,-97902.296875
8586,CrossQ,env7,21232,-97857.8984375
8587,CrossQ,env7,21340,-97839.59375
8588,CrossQ,env7,21484,-97910.5703125
8589,CrossQ,env7,21672,-98089.6796875
8590,CrossQ,env7,22028,-98171.4296875
8591,CrossQ,env7,22472,-97867.6015625
8592,CrossQ,env7,23280,-98761.546875
8593,CrossQ,env7,24256,-98491.9453125
8594,CrossQ,env7,25088,-98276.859375
8595,CrossQ,env7,26184,-98218.8046875
8596,CrossQ,env7,26772,-98115.5546875
8597,CrossQ,env7,27260,-98099.7109375
8598,CrossQ,env7,27436,-98117.109375
8599,CrossQ,env7,28448,-98125.2109375
8600,CrossQ,env7,31448,-97382.0078125
8601,CrossQ,env7,32004,-97463.40625
8602,CrossQ,env7,32988,-97308.7578125
8603,CrossQ,env7,35604,-97111.6953125
8604,CrossQ,env7,36364,-95952.5546875
8605,CrossQ,env7,37152,-94786.0546875
8606,CrossQ,env7,38164,-94514.3046875
8607,CrossQ,env7,38668,-94528.3984375
8608,CrossQ,env7,39036,-94373.6328125
8609,CrossQ,env7,39544,-95303.734375
8610,CrossQ,env7,40204,-94107.5078125
8611,CrossQ,env7,42180,-93762.2109375
8612,CrossQ,env7,43528,-93685.3203125
8613,CrossQ,env7,44324,-93640.765625
8614,CrossQ,env7,44956,-93599.59375
8615,CrossQ,env7,45452,-93516.3671875
8616,CrossQ,env7,46244,-93828.296875
8617,CrossQ,env7,46652,-93961.78125
8618,CrossQ,env7,46964,-94128.296875
8619,CrossQ,env7,47528,-94304.9765625
8620,CrossQ,env7,47944,-94369.5234375
8621,CrossQ,env7,48344,-94276.9765625
8622,CrossQ,env7,48604,-94373.1796875
8623,CrossQ,env7,49040,-94302.078125
8624,CrossQ,env7,49824,-94337.7734375
8625,CrossQ,env7,50316,-95119.6796875
8626,CrossQ,env7,51804,-94994.703125
8627,CrossQ,env7,51924,-95083.75
8628,CrossQ,env7,52380,-95293.6171875
8629,CrossQ,env7,52744,-96541.0078125
8630,CrossQ,env7,53160,-97833.609375
8631,CrossQ,env7,53656,-98012.7578125
8632,CrossQ,env7,53884,-98010.359375
8633,CrossQ,env7,54048,-97282.2265625
8634,CrossQ,env7,55568,-97130.8984375
8635,CrossQ,env7,56552,-98186.625
8636,CrossQ,env7,57416,-98574.828125
8637,CrossQ,env7,59364,-97715.21875
8638,CrossQ,env7,61312,-96382.265625
8639,CrossQ,env7,62900,-96275.5625
8640,CrossQ,env7,63860,-96240.0
8641,CrossQ,env7,64220,-96221.1015625
8642,CrossQ,env7,65604,-96315.9609375
8643,CrossQ,env7,66372,-96455.15625
8644,CrossQ,env7,67028,-96487.359375
8645,CrossQ,env7,67380,-96507.859375
8646,CrossQ,env7,67900,-96700.859375
8647,CrossQ,env7,68668,-96536.546875
8648,CrossQ,env7,69936,-96421.8984375
8649,CrossQ,env7,70928,-96360.296875
8650,CrossQ,env7,71804,-96265.578125
8651,CrossQ,env7,72784,-95435.6484375
8652,CrossQ,env7,74932,-95517.9765625
8653,CrossQ,env7,76136,-94366.3984375
8654,CrossQ,env7,77460,-94274.75
8655,CrossQ,env7,78400,-94136.6640625
8656,CrossQ,env7,79380,-93987.515625
8657,CrossQ,env7,81280,-93760.0234375
8658,CrossQ,env7,83220,-92871.0234375
8659,CrossQ,env7,84668,-92856.1953125
8660,CrossQ,env7,85716,-92984.6953125
8661,CrossQ,env7,86708,-92823.765625
8662,CrossQ,env7,86960,-93683.265625
8663,CrossQ,env7,87564,-95094.8671875
8664,CrossQ,env7,88744,-95356.4453125
8665,CrossQ,env7,89592,-95250.4453125
8666,CrossQ,env7,91608,-95192.4453125
8667,CrossQ,env7,92288,-95109.015625
8668,CrossQ,env7,94100,-93913.0625
8669,CrossQ,env7,95812,-92727.9375
8670,CrossQ,env7,97108,-92551.0390625
8671,CrossQ,env7,97584,-91305.9921875
8672,CrossQ,env7,99424,-91437.25
8673,CrossQ,env7,100188,-91362.6875
8674,CrossQ,env7,101664,-91183.71875
8675,CrossQ,env7,102028,-91187.9453125
8676,CrossQ,env7,102588,-91674.0859375
8677,CrossQ,env7,104028,-91713.0625
8678,CrossQ,env7,104648,-92642.4375
8679,CrossQ,env7,105216,-92565.8671875
8680,CrossQ,env7,105720,-92609.25
8681,CrossQ,env7,106272,-92767.8046875
8682,CrossQ,env7,107032,-92919.09375
8683,CrossQ,env7,107892,-94622.21875
8684,CrossQ,env7,108360,-93715.171875
8685,CrossQ,env7,108864,-93759.9765625
8686,CrossQ,env7,109220,-93918.203125
8687,CrossQ,env7,109552,-94012.90625
8688,CrossQ,env7,109764,-93997.40625
8689,CrossQ,env7,110192,-93903.609375
8690,CrossQ,env7,110796,-94071.1875
8691,CrossQ,env7,111836,-94066.390625
8692,CrossQ,env7,112292,-94119.8984375
8693,CrossQ,env7,113340,-94895.2265625
8694,CrossQ,env7,115280,-95073.3515625
8695,CrossQ,env7,116872,-94957.0
8696,CrossQ,env7,117424,-95937.9453125
8697,CrossQ,env7,118948,-95827.1953125
8698,CrossQ,env7,120588,-96152.2578125
8699,CrossQ,env7,124384,-95529.125
8700,CrossQ,env7,126588,-94464.7578125
8701,CrossQ,env7,130104,-94022.8671875
8702,CrossQ,env7,132664,-93164.0703125
8703,CrossQ,env7,133564,-93249.8671875
8704,CrossQ,env7,135468,-92222.9921875
8705,CrossQ,env7,136748,-91063.7734375
8706,CrossQ,env7,140748,-89143.0234375
8707,CrossQ,env7,143276,-86919.8984375
8708,CrossQ,env7,146496,-84195.078125
8709,CrossQ,env7,148356,-83103.671875
8710,CrossQ,env7,149904,-82158.6171875
8711,CrossQ,env7,151452,-81911.625
8712,CrossQ,env7,152776,-80749.6015625
8713,CrossQ,env7,153060,-80473.0546875
8714,CrossQ,env7,153444,-80281.0546875
8715,CrossQ,env7,154280,-80055.6640625
8716,CrossQ,env7,154660,-80136.5625
8717,CrossQ,env7,154768,-80301.0625
8718,CrossQ,env7,154840,-80660.6875
8719,CrossQ,env7,154964,-81623.0859375
8720,CrossQ,env7,155040,-81873.3359375
8721,CrossQ,env7,155692,-81776.421875
8722,CrossQ,env7,156252,-81817.921875
8723,CrossQ,env7,156432,-81424.171875
8724,CrossQ,env7,156672,-82040.671875
8725,CrossQ,env7,156900,-82752.6875
8726,CrossQ,env7,157492,-83430.5390625
8727,CrossQ,env7,158336,-84192.9140625
8728,CrossQ,env7,159556,-83799.703125
8729,CrossQ,env7,160292,-85037.40625
8730,CrossQ,env7,161312,-86222.2109375
8731,CrossQ,env7,161824,-87949.9609375
8732,CrossQ,env7,162372,-90212.8828125
8733,CrossQ,env7,163056,-92936.5859375
8734,CrossQ,env7,163704,-95000.984375
8735,CrossQ,env7,164824,-96033.4296875
8736,CrossQ,env7,165388,-96276.0234375
8737,CrossQ,env7,166728,-96974.921875
8738,CrossQ,env7,167944,-97130.8671875
8739,CrossQ,env7,168528,-97071.296875
8740,CrossQ,env7,169332,-97377.7890625
8741,CrossQ,env7,170604,-97321.8125
8742,CrossQ,env7,171356,-97067.3125
8743,CrossQ,env7,172404,-95871.609375
8744,CrossQ,env7,173208,-95740.484375
8745,CrossQ,env7,174604,-95741.2890625
8746,CrossQ,env7,176216,-96134.40625
8747,CrossQ,env7,177008,-96301.703125
8748,CrossQ,env7,177836,-96432.90625
8749,CrossQ,env7,178780,-96585.5546875
8750,CrossQ,env7,180524,-95901.453125
8751,CrossQ,env7,181236,-94762.6328125
8752,CrossQ,env7,182084,-94655.3046875
8753,CrossQ,env7,182548,-95215.7109375
8754,CrossQ,env7,183448,-95210.2109375
8755,CrossQ,env7,185148,-95242.125
8756,CrossQ,env7,185944,-95452.421875
8757,CrossQ,env7,186912,-94509.5234375
8758,CrossQ,env7,187848,-93728.3203125
8759,CrossQ,env7,188712,-93864.421875
8760,CrossQ,env7,189644,-93684.96875
8761,CrossQ,env7,190916,-93648.7734375
8762,CrossQ,env7,191376,-94077.75
8763,CrossQ,env7,191876,-94112.8984375
8764,CrossQ,env7,193184,-94393.6796875
8765,CrossQ,env7,193672,-93463.078125
8766,CrossQ,env7,194988,-93500.0546875
8767,CrossQ,env7,196120,-93803.0
8768,CrossQ,env7,196704,-94943.3515625
8769,CrossQ,env7,197324,-94621.3125
8770,CrossQ,env7,197844,-94460.6875
8771,CrossQ,env7,199216,-94263.2890625
8772,CrossQ,env7,200704,-93061.8359375
8773,CrossQ,env7,201708,-92854.265625
8774,CrossQ,env7,202440,-91761.6015625
8775,CrossQ,env7,203092,-92865.25
8776,CrossQ,env7,203484,-93997.375
8777,CrossQ,env7,203900,-94171.7265625
8778,CrossQ,env7,204824,-93980.0
8779,CrossQ,env7,205164,-93938.5
8780,CrossQ,env7,206108,-94023.40625
8781,CrossQ,env7,206208,-93992.90625
8782,CrossQ,env7,206276,-95003.203125
8783,CrossQ,env7,206344,-95849.90625
8784,CrossQ,env7,206420,-95783.5
8785,CrossQ,env7,206496,-95840.3515625
8786,CrossQ,env7,206576,-95838.65625
8787,CrossQ,env7,206656,-95853.5
8788,CrossQ,env7,206740,-95919.25
8789,CrossQ,env7,207040,-95480.421875
8790,CrossQ,env7,207424,-96093.8671875
8791,CrossQ,env7,207528,-96080.265625
8792,CrossQ,env7,207736,-96027.21875
8793,CrossQ,env7,207884,-96094.96875
8794,CrossQ,env7,208208,-96462.0859375
8795,CrossQ,env7,208540,-96444.3046875
8796,CrossQ,env7,208988,-96210.78125
8797,CrossQ,env7,209372,-97056.6796875
8798,CrossQ,env7,209952,-97141.7109375
8799,CrossQ,env7,210976,-98329.5703125
8800,CrossQ,env7,212192,-98148.96875
8801,CrossQ,env7,212484,-98303.515625
8802,CrossQ,env7,212900,-98299.9140625
8803,CrossQ,env7,213324,-98467.9453125
8804,CrossQ,env7,213668,-98491.0390625
8805,CrossQ,env7,214308,-98263.6953125
8806,CrossQ,env7,215356,-98167.7421875
8807,CrossQ,env7,217640,-96674.125
8808,CrossQ,env7,218104,-96254.640625
8809,CrossQ,env7,218300,-95058.34375
8810,CrossQ,env7,218720,-94970.9921875
8811,CrossQ,env7,219028,-94886.9453125
8812,CrossQ,env7,219476,-94908.7421875
8813,CrossQ,env7,220020,-94869.2890625
8814,CrossQ,env7,220288,-95082.921875
8815,CrossQ,env7,220676,-95392.078125
8816,CrossQ,env7,221160,-95214.125
8817,CrossQ,env7,221788,-95147.2265625
8818,CrossQ,env7,222288,-95073.8515625
8819,CrossQ,env7,222860,-95014.6484375
8820,CrossQ,env7,223476,-95043.0234375
8821,CrossQ,env7,224180,-95270.6015625
8822,CrossQ,env7,224980,-95484.3515625
8823,CrossQ,env7,226792,-95686.5
8824,CrossQ,env7,227220,-95777.703125
8825,CrossQ,env7,228416,-96040.0
8826,CrossQ,env7,229492,-94811.7109375
8827,CrossQ,env7,230404,-94766.109375
8828,CrossQ,env7,230900,-94771.2109375
8829,CrossQ,env7,231924,-94721.609375
8830,CrossQ,env7,233056,-94882.109375
8831,CrossQ,env7,234112,-94829.34375
8832,CrossQ,env7,234584,-96222.15625
8833,CrossQ,env7,235048,-96481.109375
8834,CrossQ,env7,235860,-97514.90625
8835,CrossQ,env7,236532,-97554.0078125
8836,CrossQ,env7,237120,-97410.078125
8837,CrossQ,env7,240160,-97191.8984375
8838,CrossQ,env7,241120,-96007.1640625
8839,CrossQ,env7,242040,-95966.265625
8840,CrossQ,env7,242596,-95785.21875
8841,CrossQ,env7,243436,-95907.6640625
8842,CrossQ,env7,244448,-95979.6640625
8843,CrossQ,env7,244948,-95891.6953125
8844,CrossQ,env7,245684,-95984.140625
8845,CrossQ,env7,245988,-95753.1640625
8846,CrossQ,env7,246376,-95712.8671875
8847,CrossQ,env7,246760,-95636.515625
8848,CrossQ,env7,246948,-95414.515625
8849,CrossQ,env7,247128,-95273.4140625
8850,CrossQ,env7,247300,-94771.46875
8851,CrossQ,env7,247460,-95904.90625
8852,CrossQ,env7,247988,-95527.0546875
8853,CrossQ,env7,248264,-95201.8046875
8854,CrossQ,env7,248564,-94829.3046875
8855,CrossQ,env7,249400,-94896.4609375
8856,CrossQ,env7,249704,-95104.875
8857,CrossQ,env7,250188,-95183.375
8858,CrossQ,env7,251012,-95379.90625
8859,CrossQ,env7,252348,-95539.8046875
8860,CrossQ,env7,253492,-94492.59375
8861,CrossQ,env7,254648,-94794.671875
8862,CrossQ,env7,255444,-95092.75
8863,CrossQ,env7,256024,-96334.6328125
8864,CrossQ,env7,256888,-96621.234375
8865,CrossQ,env7,258496,-96775.3359375
8866,CrossQ,env7,259836,-95985.03125
8867,CrossQ,env7,260472,-95759.4453125
8868,CrossQ,env7,261016,-95984.890625
8869,CrossQ,env7,262084,-96129.2890625
8870,CrossQ,env7,262392,-96341.6640625
8871,CrossQ,env7,263080,-96555.6171875
8872,CrossQ,env7,264264,-96767.6640625
8873,CrossQ,env7,265444,-96630.90625
8874,CrossQ,env7,266760,-96519.640625
8875,CrossQ,env7,267700,-96845.3359375
8876,CrossQ,env7,268624,-96995.8359375
8877,CrossQ,env7,269336,-97361.3359375
8878,CrossQ,env7,270560,-97507.640625
8879,CrossQ,env7,271460,-97938.734375
8880,CrossQ,env7,273176,-96515.140625
8881,CrossQ,env7,274408,-95497.4375
8882,CrossQ,env7,276016,-95467.984375
8883,CrossQ,env7,276700,-95495.1875
8884,CrossQ,env7,277504,-95537.890625
8885,CrossQ,env7,279196,-96500.5078125
8886,CrossQ,env7,280128,-96382.5078125
8887,CrossQ,env7,281904,-96397.0078125
8888,CrossQ,env7,284584,-95174.484375
8889,CrossQ,env7,285784,-95108.0859375
8890,CrossQ,env7,287180,-94182.9375
8891,CrossQ,env7,288196,-94997.484375
8892,CrossQ,env7,289000,-95209.9765625
8893,CrossQ,env7,290304,-95232.671875
8894,CrossQ,env7,291636,-95064.828125
8895,CrossQ,env7,294408,-95037.8984375
8896,CrossQ,env7,295640,-92178.296875
8897,CrossQ,env7,296196,-91964.765625
8898,CrossQ,env7,297208,-92228.4765625
8899,CrossQ,env7,297708,-92463.546875
8900,CrossQ,env7,298248,-92537.796875
8901,CrossQ,env7,298488,-92444.3984375
8902,CrossQ,env7,298824,-92482.546875
8903,CrossQ,env7,299112,-92631.0
8904,CrossQ,env7,299492,-92603.59375
8905,CrossQ,env7,299748,-94005.59375
8906,CrossQ,env7,300100,-94906.3984375
8907,CrossQ,env7,300564,-94739.2109375
8908,CrossQ,env7,300820,-94701.7109375
8909,CrossQ,env7,301312,-94580.2109375
8910,CrossQ,env7,304240,-94699.6640625
8911,CrossQ,env7,304828,-93833.0625
8912,CrossQ,env7,305488,-93546.015625
8913,CrossQ,env7,305728,-93499.3203125
8914,CrossQ,env7,306080,-93516.515625
8915,CrossQ,env7,306932,-94276.1640625
8916,CrossQ,env7,309176,-94444.21875
8917,CrossQ,env7,310948,-93387.546875
8918,CrossQ,env7,313000,-93410.3515625
8919,CrossQ,env7,314688,-93336.703125
8920,CrossQ,env7,316824,-92685.953125
8921,CrossQ,env7,317408,-95650.046875
8922,CrossQ,env7,319384,-95758.53125
8923,CrossQ,env7,319704,-95759.3359375
8924,CrossQ,env7,323080,-95982.8359375
8925,CrossQ,env7,324140,-96097.234375
8926,CrossQ,env7,325308,-96206.234375
8927,CrossQ,env7,327076,-95333.734375
8928,CrossQ,env7,329236,-93323.3828125
8929,CrossQ,env7,329732,-93318.1796875
8930,CrossQ,env7,330172,-93282.28125
8931,CrossQ,env7,330636,-93318.78125
8932,CrossQ,env7,331048,-93494.015625
8933,CrossQ,env7,331176,-91666.4140625
8934,CrossQ,env7,331560,-91765.1171875
8935,CrossQ,env7,332076,-91795.3203125
8936,CrossQ,env7,332440,-92734.4140625
8937,CrossQ,env7,332668,-92012.46875
8938,CrossQ,env7,333196,-93281.8828125
8939,CrossQ,env7,333564,-93298.484375
8940,CrossQ,env7,334140,-93290.359375
8941,CrossQ,env7,334592,-93095.9609375
8942,CrossQ,env7,334852,-94078.6640625
8943,CrossQ,env7,335104,-93964.1640625
8944,CrossQ,env7,335584,-93935.109375
8945,CrossQ,env7,336484,-94829.9140625
8946,CrossQ,env7,336696,-94740.515625
8947,CrossQ,env7,336880,-94774.1640625
8948,CrossQ,env7,337244,-94843.4609375
8949,CrossQ,env7,338368,-94695.4609375
8950,CrossQ,env7,339024,-94583.9609375
8951,CrossQ,env7,340556,-94428.8125
8952,CrossQ,env7,341896,-94419.9140625
8953,CrossQ,env7,343472,-96024.390625
8954,CrossQ,env7,344016,-95788.6171875
8955,CrossQ,env7,344948,-95723.1171875
8956,CrossQ,env7,345412,-95557.96875
8957,CrossQ,env7,346216,-95654.0703125
8958,CrossQ,env7,347428,-97337.0078125
8959,CrossQ,env7,348188,-97382.8125
8960,CrossQ,env7,350584,-96184.7890625
8961,CrossQ,env7,351488,-95172.8359375
8962,CrossQ,env7,353096,-95876.6015625
8963,CrossQ,env7,353740,-95710.5234375
8964,CrossQ,env7,354928,-94801.125
8965,CrossQ,env7,357644,-95024.296875
8966,CrossQ,env7,358444,-92888.125
8967,CrossQ,env7,360300,-90354.1875
8968,CrossQ,env7,361220,-90102.1015625
8969,CrossQ,env7,362180,-90167.9296875
8970,CrossQ,env7,364132,-90067.1796875
8971,CrossQ,env7,364724,-89018.7265625
8972,CrossQ,env7,366628,-89112.9296875
8973,CrossQ,env7,368440,-89051.53125
8974,CrossQ,env7,370208,-86994.4453125
8975,CrossQ,env7,372784,-84876.84375
8976,CrossQ,env7,373496,-84960.09375
8977,CrossQ,env7,374208,-84939.59375
8978,CrossQ,env7,374452,-85295.015625
8979,CrossQ,env7,375580,-85365.484375
8980,CrossQ,env7,379200,-82175.625
8981,CrossQ,env7,380140,-82206.8984375
8982,CrossQ,env7,381604,-82083.2734375
8983,CrossQ,env7,382528,-81228.578125
8984,CrossQ,env7,383032,-81087.53125
8985,CrossQ,env7,383712,-81176.3046875
8986,CrossQ,env7,384568,-81947.2578125
8987,CrossQ,env7,388568,-77573.2734375
8988,CrossQ,env7,389984,-77399.0234375
8989,CrossQ,env7,391352,-77925.921875
8990,CrossQ,env7,392812,-76906.2265625
8991,CrossQ,env7,393064,-77742.2421875
8992,CrossQ,env7,396756,-80368.4375
8993,CrossQ,env7,397560,-79338.296875
8994,CrossQ,env7,398260,-79268.140625
8995,CrossQ,env7,400652,-78174.921875
8996,CrossQ,env7,401644,-79100.578125
8997,CrossQ,env7,402260,-78107.4765625
8998,CrossQ,env7,402580,-77267.671875
8999,CrossQ,env7,402808,-79222.1640625
9000,CrossQ,env7,403080,-81336.0625
9001,CrossQ,env7,403748,-80429.765625
9002,CrossQ,env7,404200,-81238.390625
9003,CrossQ,env7,405708,-80949.7890625
9004,CrossQ,env7,406412,-80992.25
9005,CrossQ,env7,407980,-83131.296875
9006,CrossQ,env7,410412,-81318.234375
9007,CrossQ,env7,410764,-81352.265625
9008,CrossQ,env7,410944,-82363.4140625
9009,CrossQ,env7,411144,-82250.8125
9010,CrossQ,env7,411500,-83253.359375
9011,CrossQ,env7,412496,-83364.2890625
9012,CrossQ,env7,413804,-87676.140625
9013,CrossQ,env7,415656,-88007.9921875
9014,CrossQ,env7,416488,-87252.9140625
9015,CrossQ,env7,420180,-87408.390625
9016,CrossQ,env7,423124,-87867.3359375
9017,CrossQ,env7,424180,-86007.9375
9018,CrossQ,env7,425584,-87405.359375
9019,CrossQ,env7,426348,-87660.34375
9020,CrossQ,env7,429320,-88585.2109375
9021,CrossQ,env7,430700,-87861.5078125
9022,CrossQ,env7,431592,-88684.40625
9023,CrossQ,env7,434132,-88647.0078125
9024,CrossQ,env7,434784,-86598.8984375
9025,CrossQ,env7,435436,-86635.796875
9026,CrossQ,env7,436152,-87591.1015625
9027,CrossQ,env7,436700,-87606.421875
9028,CrossQ,env7,437452,-87882.4765625
9029,CrossQ,env7,437944,-87990.7578125
9030,CrossQ,env7,440440,-89102.5234375
9031,CrossQ,env7,442936,-88400.5625
9032,CrossQ,env7,444368,-88419.5625
9033,CrossQ,env7,446968,-85582.8203125
9034,CrossQ,env7,449736,-84613.625
9035,CrossQ,env7,451420,-84747.328125
9036,CrossQ,env7,451856,-83953.0
9037,CrossQ,env7,452152,-84210.46875
9038,CrossQ,env7,453544,-84231.7421875
9039,CrossQ,env7,454248,-84390.6171875
9040,CrossQ,env7,455068,-84841.6484375
9041,CrossQ,env7,455324,-84834.859375
9042,CrossQ,env7,455512,-86505.5234375
9043,CrossQ,env7,455668,-86393.5234375
9044,CrossQ,env7,455860,-86332.2265625
9045,CrossQ,env7,456024,-86558.421875
9046,CrossQ,env7,456304,-87373.5234375
9047,CrossQ,env7,458024,-87397.171875
9048,CrossQ,env7,459524,-88418.7734375
9049,CrossQ,env7,460924,-90688.78125
9050,CrossQ,env7,462188,-90618.984375
9051,CrossQ,env7,464048,-89704.6875
9052,CrossQ,env7,465384,-89836.9375
9053,CrossQ,env7,466024,-89916.9375
9054,CrossQ,env7,466804,-89046.6875
9055,CrossQ,env7,467524,-87834.984375
9056,CrossQ,env7,470512,-89403.8828125
9057,CrossQ,env7,471920,-88233.2578125
9058,CrossQ,env7,472680,-90912.0546875
9059,CrossQ,env7,473728,-90992.8984375
9060,CrossQ,env7,474392,-90814.09375
9061,CrossQ,env7,474660,-91627.171875
9062,CrossQ,env7,474900,-91596.375
9063,CrossQ,env7,476256,-91614.0703125
9064,CrossQ,env7,479060,-91680.125
9065,CrossQ,env7,482756,-91029.453125
9066,CrossQ,env7,484804,-89115.625
9067,CrossQ,env7,485468,-89347.109375
9068,CrossQ,env7,486548,-89365.2109375
9069,CrossQ,env7,489296,-88375.5546875
9070,CrossQ,env7,492808,-86605.0546875
9071,CrossQ,env7,493812,-85378.734375
9072,CrossQ,env7,495308,-85525.8828125
9073,CrossQ,env7,496372,-85192.8359375
9074,CrossQ,env7,497496,-83970.15625
9075,CrossQ,env7,498360,-83941.2578125
9076,CrossQ,env7,498892,-84786.8046875
9077,CrossQ,env7,499188,-84642.5078125
9078,CrossQ,env7,500396,-84428.546875
9079,CrossQ,env7,500592,-85312.25
9080,CrossQ,env7,500732,-86528.5
9081,CrossQ,env7,500844,-87608.5
9082,CrossQ,env7,501056,-88755.53125
9083,CrossQ,env7,501568,-88899.171875
9084,CrossQ,env7,502288,-90065.3671875
9085,CrossQ,env7,502868,-90260.671875
9086,CrossQ,env7,503432,-90154.9453125
9087,CrossQ,env7,503812,-89911.84375
9088,CrossQ,env7,503956,-89867.9453125
9089,CrossQ,env7,504732,-90770.09375
9090,CrossQ,env7,505168,-91801.8671875
9091,CrossQ,env7,505840,-94641.9921875
9092,CrossQ,env7,506580,-94512.890625
9093,CrossQ,env7,508068,-94498.7890625
9094,CrossQ,env7,510164,-94245.484375
9095,CrossQ,env7,510536,-95755.5390625
9096,CrossQ,env7,511808,-97079.2578125
9097,CrossQ,env7,513048,-96954.8359375
9098,CrossQ,env7,515020,-96175.0390625
9099,CrossQ,env7,515748,-97056.7109375
9100,CrossQ,env7,516132,-97155.0078125
9101,CrossQ,env7,516436,-97171.859375
9102,CrossQ,env7,518996,-96275.4375
9103,CrossQ,env7,519532,-96542.8984375
9104,CrossQ,env7,519848,-96548.1953125
9105,CrossQ,env7,520128,-95417.6484375
9106,CrossQ,env7,520424,-95426.84375
9107,CrossQ,env7,520872,-95336.9453125
9108,CrossQ,env7,522420,-94254.921875
9109,CrossQ,env7,523516,-93994.390625
9110,CrossQ,env7,524960,-92691.5703125
9111,CrossQ,env7,527404,-92899.140625
9112,CrossQ,env7,528368,-91150.2421875
9113,CrossQ,env7,529736,-90190.1953125
9114,CrossQ,env7,531452,-90158.9453125
9115,CrossQ,env7,532256,-89598.21875
9116,CrossQ,env7,532840,-89520.0234375
9117,CrossQ,env7,534440,-88715.7734375
9118,CrossQ,env7,536196,-88544.3203125
9119,CrossQ,env7,537100,-87721.28125
9120,CrossQ,env7,537716,-87717.0859375
9121,CrossQ,env7,539324,-87486.5859375
9122,CrossQ,env7,540352,-86311.1328125
9123,CrossQ,env7,542188,-87324.78125
9124,CrossQ,env7,542676,-86239.2265625
9125,CrossQ,env7,543056,-86231.328125
9126,CrossQ,env7,544128,-86166.0234375
9127,CrossQ,env7,544656,-87196.6484375
9128,CrossQ,env7,545620,-87051.546875
9129,CrossQ,env7,545956,-86980.75
9130,CrossQ,env7,546228,-88122.703125
9131,CrossQ,env7,547044,-88157.703125
9132,CrossQ,env7,548072,-88234.0
9133,CrossQ,env7,549692,-89348.3203125
9134,CrossQ,env7,550584,-89357.3046875
9135,CrossQ,env7,551716,-90420.53125
9136,CrossQ,env7,552436,-90188.453125
9137,CrossQ,env7,553692,-90858.4765625
9138,CrossQ,env7,556532,-89649.828125
9139,CrossQ,env7,557644,-89510.3984375
9140,CrossQ,env7,558628,-90003.4140625
9141,CrossQ,env7,559572,-89990.515625
9142,CrossQ,env7,560176,-90681.8828125
9143,CrossQ,env7,562356,-90952.4375
9144,CrossQ,env7,563704,-93110.4296875
9145,CrossQ,env7,564740,-92414.953125
9146,CrossQ,env7,566072,-92597.0
9147,CrossQ,env7,566712,-93433.265625
9148,CrossQ,env7,568044,-93334.8125
9149,CrossQ,env7,571436,-94550.796875
9150,CrossQ,env7,572688,-92381.8359375
9151,CrossQ,env7,573640,-92497.0390625
9152,CrossQ,env7,574892,-91337.2265625
9153,CrossQ,env7,575880,-91316.0
9154,CrossQ,env7,577508,-91524.5
9155,CrossQ,env7,578608,-91394.3515625
9156,CrossQ,env7,580276,-91481.15625
9157,CrossQ,env7,581684,-91279.25
9158,CrossQ,env7,582088,-91226.953125
9159,CrossQ,env7,583352,-91376.1015625
9160,CrossQ,env7,585204,-91341.5546875
9161,CrossQ,env7,586116,-91592.9296875
9162,CrossQ,env7,586748,-93000.1015625
9163,CrossQ,env7,588604,-95142.953125
9164,CrossQ,env7,590580,-95177.1875
9165,CrossQ,env7,592384,-95132.5859375
9166,CrossQ,env7,593836,-93961.9140625
9167,CrossQ,env7,595496,-93102.453125
9168,CrossQ,env7,596208,-92933.3515625
9169,CrossQ,env7,596800,-92412.3671875
9170,CrossQ,env7,598520,-93149.84375
9171,CrossQ,env7,601236,-90741.4453125
9172,CrossQ,env7,602524,-90133.359375
9173,CrossQ,env7,603996,-89201.7109375
9174,CrossQ,env7,604892,-87740.8125
9175,CrossQ,env7,607044,-89656.734375
9176,CrossQ,env7,608016,-88862.7734375
9177,CrossQ,env7,610140,-88284.2109375
9178,CrossQ,env7,611312,-87729.875
9179,CrossQ,env7,612496,-86951.5
9180,CrossQ,env7,614632,-86875.8984375
9181,CrossQ,env7,615876,-86301.4453125
9182,CrossQ,env7,616428,-85863.9765625
9183,CrossQ,env7,617228,-85196.546875
9184,CrossQ,env7,618656,-84645.84375
9185,CrossQ,env7,620668,-84515.796875
9186,CrossQ,env7,621340,-84443.71875
9187,CrossQ,env7,623096,-83007.421875
9188,CrossQ,env7,626572,-80898.0703125
9189,CrossQ,env7,628884,-80082.71875
9190,CrossQ,env7,630536,-78954.640625
9191,CrossQ,env7,632908,-79054.9140625
9192,CrossQ,env7,636908,-79371.9140625
9193,CrossQ,env7,638420,-78707.3203125
9194,CrossQ,env7,639004,-79007.546875
9195,CrossQ,env7,641292,-79230.6953125
9196,CrossQ,env7,643316,-80509.046875
9197,CrossQ,env7,645344,-81563.546875
9198,CrossQ,env7,647084,-82585.515625
9199,CrossQ,env7,648232,-83856.6328125
9200,CrossQ,env7,651052,-84106.1640625
9201,CrossQ,env7,653036,-83996.671875
9202,CrossQ,env7,656416,-83993.2421875
9203,CrossQ,env7,658408,-84525.5859375
9204,CrossQ,env7,660168,-85044.609375
9205,CrossQ,env7,662460,-83416.359375
9206,CrossQ,env7,664168,-82985.0546875
9207,CrossQ,env7,666680,-83391.4453125
9208,CrossQ,env7,668584,-82885.046875
9209,CrossQ,env7,670528,-82177.4609375
9210,CrossQ,env7,672372,-82245.5703125
9211,CrossQ,env7,673308,-82038.328125
9212,CrossQ,env7,674956,-83087.984375
9213,CrossQ,env7,676768,-83841.546875
9214,CrossQ,env7,678956,-83641.0234375
9215,CrossQ,env7,682956,-81874.8359375
9216,CrossQ,env7,686956,-80391.625
9217,CrossQ,env7,689836,-78907.2578125
9218,CrossQ,env7,692416,-79789.4609375
9219,CrossQ,env7,695732,-78912.6953125
9220,CrossQ,env7,697836,-75757.984375
9221,CrossQ,env7,700864,-75797.6328125
9222,CrossQ,env7,702460,-75517.65625
9223,CrossQ,env7,704296,-73639.8828125
9224,CrossQ,env7,708296,-71903.796875
9225,CrossQ,env7,709480,-70479.078125
9226,CrossQ,env7,713044,-68805.421875
9227,CrossQ,env7,715748,-68814.015625
9228,CrossQ,env7,716744,-68721.125
9229,CrossQ,env7,717880,-67778.625
9230,CrossQ,env7,721880,-67900.625
9231,CrossQ,env7,725404,-65886.1796875
9232,CrossQ,env7,727384,-65971.4609375
9233,CrossQ,env7,730520,-66037.0625
9234,CrossQ,env7,731720,-66165.390625
9235,CrossQ,env7,735720,-62998.96875
9236,CrossQ,env7,737524,-61941.1015625
9237,CrossQ,env7,741400,-60960.41015625
9238,CrossQ,env7,742940,-60148.6328125
9239,CrossQ,env7,744312,-61012.05859375
9240,CrossQ,env7,746988,-62751.04296875
9241,CrossQ,env7,749516,-63045.32421875
9242,CrossQ,env7,753456,-64070.42578125
9243,CrossQ,env7,755160,-62010.078125
9244,CrossQ,env7,758436,-61289.58984375
9245,CrossQ,env7,760452,-63376.171875
9246,CrossQ,env7,762892,-63306.25
9247,CrossQ,env7,764296,-63040.94140625
9248,CrossQ,env7,767912,-64775.73828125
9249,CrossQ,env7,768604,-64982.2890625
9250,CrossQ,env7,769468,-66147.40625
9251,CrossQ,env7,770816,-68515.46875
9252,CrossQ,env7,773468,-68246.671875
9253,CrossQ,env7,776904,-68537.1328125
9254,CrossQ,env7,778264,-67529.53125
9255,CrossQ,env7,782220,-68189.3515625
9256,CrossQ,env7,784112,-70935.6015625
9257,CrossQ,env7,787744,-69985.0
9258,CrossQ,env7,789272,-68290.65625
9259,CrossQ,env7,791744,-68440.359375
9260,CrossQ,env7,795424,-68725.75
9261,CrossQ,env7,796420,-70170.109375
9262,CrossQ,env7,800220,-70078.2265625
9263,CrossQ,env7,801720,-70152.578125
9264,CrossQ,env7,804828,-68076.25
9265,CrossQ,env7,806884,-67830.7734375
9266,CrossQ,env7,808124,-68777.8671875
9267,CrossQ,env7,810704,-69237.78125
9268,CrossQ,env7,813232,-68673.875
9269,CrossQ,env7,815800,-68445.125
9270,CrossQ,env7,817144,-69218.53125
9271,CrossQ,env7,819800,-68189.21875
9272,CrossQ,env7,821232,-67389.8046875
9273,CrossQ,env7,823812,-66494.90625
9274,CrossQ,env7,826832,-66961.0546875
9275,CrossQ,env7,827644,-65936.8046875
9276,CrossQ,env7,829524,-64842.65234375
9277,CrossQ,env7,831656,-65679.3671875
9278,CrossQ,env7,834836,-64403.09765625
9279,CrossQ,env7,836536,-65065.5703125
9280,CrossQ,env7,839656,-64046.60546875
9281,CrossQ,env7,842156,-64208.65625
9282,CrossQ,env7,846056,-63101.40625
9283,CrossQ,env7,849048,-64817.3984375
9284,CrossQ,env7,849568,-65359.41796875
9285,CrossQ,env7,851180,-67287.2421875
9286,CrossQ,env7,852724,-67017.890625
9287,CrossQ,env7,853884,-67960.2890625
9288,CrossQ,env7,854732,-68925.71875
9289,CrossQ,env7,857988,-70339.953125
9290,CrossQ,env7,861928,-69828.8125
9291,CrossQ,env7,863372,-69041.484375
9292,CrossQ,env7,866732,-68764.984375
9293,CrossQ,env7,868996,-68333.8359375
9294,CrossQ,env7,870512,-70162.6875
9295,CrossQ,env7,872756,-69399.4453125
9296,CrossQ,env7,875232,-70129.9609375
9297,CrossQ,env7,877516,-69441.9609375
9298,CrossQ,env7,880960,-68255.8984375
9299,CrossQ,env7,882488,-68610.75
9300,CrossQ,env7,883516,-69320.3203125
9301,CrossQ,env7,887156,-68077.3046875
9302,CrossQ,env7,889632,-67874.890625
9303,CrossQ,env7,891892,-69140.5390625
9304,CrossQ,env7,894464,-68554.2109375
9305,CrossQ,env7,896408,-68597.4140625
9306,CrossQ,env7,900408,-67587.859375
9307,CrossQ,env7,902184,-67210.3046875
9308,CrossQ,env7,905456,-66466.3828125
9309,CrossQ,env7,906500,-65871.8203125
9310,CrossQ,env7,909316,-65925.6640625
9311,CrossQ,env7,911956,-64428.015625
9312,CrossQ,env7,913960,-64947.53125
9313,CrossQ,env7,917256,-65286.8671875
9314,CrossQ,env7,920008,-63179.015625
9315,CrossQ,env7,922504,-64310.71484375
9316,CrossQ,env7,924044,-65354.71484375
9317,CrossQ,env7,927080,-66088.3515625
9318,CrossQ,env7,929652,-66913.125
9319,CrossQ,env7,932872,-66668.40625
9320,CrossQ,env7,934332,-64631.359375
9321,CrossQ,env7,938332,-61873.30078125
9322,CrossQ,env7,941652,-62642.76953125
9323,CrossQ,env7,945652,-63606.85546875
9324,CrossQ,env7,948488,-62149.8125
9325,CrossQ,env7,950004,-60208.73828125
9326,CrossQ,env7,951344,-61366.67578125
9327,CrossQ,env7,954140,-60627.1015625
9328,CrossQ,env7,956652,-58365.32421875
9329,CrossQ,env7,959120,-60119.31640625
9330,CrossQ,env7,961008,-59910.69921875
9331,CrossQ,env7,964112,-59853.67578125
9332,CrossQ,env7,966160,-61329.5859375
9333,CrossQ,env7,969088,-60315.734375
9334,CrossQ,env7,971560,-60192.38671875
9335,CrossQ,env7,973088,-60465.63671875
9336,CrossQ,env7,974076,-61369.9375
9337,CrossQ,env7,975312,-61191.4375
9338,CrossQ,env7,978004,-61711.17578125
9339,CrossQ,env7,980788,-62675.16015625
9340,CrossQ,env7,983760,-63545.05859375
9341,CrossQ,env7,986800,-62990.80859375
9342,CrossQ,env7,989804,-61133.51171875
9343,CrossQ,env7,992596,-59911.85546875
9344,CrossQ,env7,995612,-60306.99609375
9345,CrossQ,env7,998768,-60243.703125
9346,CrossQ,env7,1001540,-61409.4453125
9347,CrossQ,env7,1004912,-61534.67578125
9348,CrossQ,env7,1006152,-61652.48046875
9349,CrossQ,env7,1008912,-62960.57421875
9350,CrossQ,env7,1011104,-64372.2109375
9351,CrossQ,env7,1012276,-65761.8828125
9352,CrossQ,env7,1015104,-65977.2578125
9353,CrossQ,env7,1018072,-67150.0625
9354,CrossQ,env7,1022072,-63497.9453125
9355,CrossQ,env7,1023572,-63686.8125
9356,CrossQ,env7,1027572,-62015.734375
9357,CrossQ,env7,1031156,-61617.77734375
9358,CrossQ,env7,1032696,-62754.92578125
9359,CrossQ,env7,1035156,-61844.6171875
9360,CrossQ,env7,1035872,-62608.05078125
9361,CrossQ,env7,1038556,-62312.875
9362,CrossQ,env7,1042296,-61524.83984375
9363,CrossQ,env7,1046296,-60031.80078125
9364,CrossQ,env7,1048672,-59220.3203125
9365,CrossQ,env7,1052672,-55936.8359375
9366,CrossQ,env7,1055432,-54611.71875
9367,CrossQ,env7,1059144,-53879.98046875
9368,CrossQ,env7,1061852,-56900.6328125
9369,CrossQ,env7,1064216,-55812.8046875
9370,CrossQ,env7,1067144,-57991.15625
9371,CrossQ,env7,1069988,-58020.9375
9372,CrossQ,env7,1072852,-56280.58984375
9373,CrossQ,env7,1075852,-56941.390625
9374,CrossQ,env7,1077708,-56965.57421875
9375,CrossQ,env7,1081076,-56796.1953125
9376,CrossQ,env7,1084516,-55834.64453125
9377,CrossQ,env7,1086992,-56592.76953125
9378,CrossQ,env7,1087976,-56560.14453125
9379,CrossQ,env7,1090428,-59233.01953125
9380,CrossQ,env7,1094072,-60512.8203125
9381,CrossQ,env7,1095960,-61089.48046875
9382,CrossQ,env7,1096604,-62419.890625
9383,CrossQ,env7,1097832,-63869.390625
9384,CrossQ,env7,1099264,-63886.69140625
9385,CrossQ,env7,1103264,-61002.45703125
9386,CrossQ,env7,1107068,-60078.15234375
9387,CrossQ,env7,1110264,-60146.234375
9388,CrossQ,env7,1112880,-60067.18359375
9389,CrossQ,env7,1116128,-60756.5234375
9390,CrossQ,env7,1118264,-61938.20703125
9391,CrossQ,env7,1122264,-62886.0234375
9392,CrossQ,env7,1125204,-64469.86328125
9393,CrossQ,env7,1128904,-62696.84765625
9394,CrossQ,env7,1130980,-61943.74609375
9395,CrossQ,env7,1134656,-60184.9140625
9396,CrossQ,env7,1138072,-62146.61328125
9397,CrossQ,env7,1140968,-63981.23828125
9398,CrossQ,env7,1144332,-63151.7421875
9399,CrossQ,env7,1145608,-61787.67578125
9400,CrossQ,env7,1149608,-60034.765625
9401,CrossQ,env7,1151440,-60640.6171875
9402,CrossQ,env7,1153372,-59542.7421875
9403,CrossQ,env7,1156148,-59239.359375
9404,CrossQ,env7,1159708,-57292.7578125
9405,CrossQ,env7,1162456,-55849.92578125
9406,CrossQ,env7,1165372,-55038.01171875
9407,CrossQ,env7,1169372,-52056.12890625
9408,CrossQ,env7,1172648,-50073.09765625
9409,CrossQ,env7,1175160,-50132.8046875
9410,CrossQ,env7,1178048,-50829.5625
9411,CrossQ,env7,1178844,-51659.6953125
9412,CrossQ,env7,1182300,-51327.3046875
9413,CrossQ,env7,1186300,-50434.35546875
9414,CrossQ,env7,1190284,-51173.3125
9415,CrossQ,env7,1190944,-52022.86328125
9416,CrossQ,env7,1193108,-53953.7421875
9417,CrossQ,env7,1195856,-55475.15234375
9418,CrossQ,env7,1198592,-55307.23046875
9419,CrossQ,env7,1201344,-55158.53125
9420,CrossQ,env7,1205056,-57619.18359375
9421,CrossQ,env7,1207880,-56196.02734375
9422,CrossQ,env7,1210268,-53912.8359375
9423,CrossQ,env7,1212624,-54812.8671875
9424,CrossQ,env7,1215588,-56015.8515625
9425,CrossQ,env7,1216788,-57835.66015625
9426,CrossQ,env7,1219068,-57519.5625
9427,CrossQ,env7,1223068,-57259.43359375
9428,CrossQ,env7,1224292,-55920.8515625
9429,CrossQ,env7,1228212,-57579.8984375
9430,CrossQ,env7,1229920,-57536.48046875
9431,CrossQ,env7,1232804,-60437.23046875
9432,CrossQ,env7,1234672,-62557.515625
9433,CrossQ,env7,1237368,-62974.8984375
9434,CrossQ,env7,1240804,-63532.71484375
9435,CrossQ,env7,1243672,-63964.35546875
9436,CrossQ,env7,1246272,-63201.53125
9437,CrossQ,env7,1247876,-64406.0234375
9438,CrossQ,env7,1251876,-63273.234375
9439,CrossQ,env7,1253840,-64793.734375
9440,CrossQ,env7,1254432,-65770.7890625
9441,CrossQ,env7,1256444,-65824.2578125
9442,CrossQ,env7,1257192,-64456.7890625
9443,CrossQ,env7,1259848,-66559.859375
9444,CrossQ,env7,1263848,-65452.734375
9445,CrossQ,env7,1266068,-63653.8828125
9446,CrossQ,env7,1268304,-63753.32421875
9447,CrossQ,env7,1270068,-65047.58984375
9448,CrossQ,env7,1274068,-63537.296875
9449,CrossQ,env7,1278068,-60337.1171875
9450,CrossQ,env7,1281336,-59499.0625
9451,CrossQ,env7,1283340,-57839.59375
9452,CrossQ,env7,1285260,-59314.57421875
9453,CrossQ,env7,1287956,-60945.73828125
9454,CrossQ,env7,1290008,-61530.7421875
9455,CrossQ,env7,1293488,-63666.64453125
9456,CrossQ,env7,1294628,-62401.52734375
9457,CrossQ,env7,1298584,-61387.0
9458,CrossQ,env7,1301488,-62211.8515625
9459,CrossQ,env7,1303408,-61330.07421875
9460,CrossQ,env7,1307220,-62168.4765625
9461,CrossQ,env7,1310128,-62925.35546875
9462,CrossQ,env7,1311564,-61568.4296875
9463,CrossQ,env7,1313392,-63925.47265625
9464,CrossQ,env7,1316868,-60868.3203125
9465,CrossQ,env7,1320152,-58873.5703125
9466,CrossQ,env7,1323856,-55588.1875
9467,CrossQ,env7,1327856,-54307.703125
9468,CrossQ,env7,1330628,-51970.4296875
9469,CrossQ,env7,1334336,-52800.87890625
9470,CrossQ,env7,1338136,-51822.421875
9471,CrossQ,env7,1340216,-51256.5859375
9472,CrossQ,env7,1342184,-52943.63671875
9473,CrossQ,env7,1345780,-51332.82421875
9474,CrossQ,env7,1348140,-54340.27734375
9475,CrossQ,env7,1350128,-55080.29296875
9476,CrossQ,env7,1353268,-55027.9609375
9477,CrossQ,env7,1355832,-53893.75
9478,CrossQ,env7,1356876,-53908.125
9479,CrossQ,env7,1360524,-53440.1875
9480,CrossQ,env7,1362900,-51445.2890625
9481,CrossQ,env7,1366536,-51811.35546875
9482,CrossQ,env7,1369124,-53003.48046875
9483,CrossQ,env7,1370968,-52304.48046875
9484,CrossQ,env7,1374544,-51606.421875
9485,CrossQ,env7,1377836,-51206.22265625
9486,CrossQ,env7,1381836,-48129.234375
9487,CrossQ,env7,1385240,-47556.9609375
9488,CrossQ,env7,1386580,-47988.7578125
9489,CrossQ,env7,1390508,-49203.4609375
9490,CrossQ,env7,1393932,-49436.7578125
9491,CrossQ,env7,1397932,-49765.27734375
9492,CrossQ,env7,1398584,-49849.16015625
9493,CrossQ,env7,1399848,-51955.265625
9494,CrossQ,env7,1400348,-54125.29296875
9495,CrossQ,env7,1403744,-57176.52734375
9496,CrossQ,env7,1406588,-56586.70703125
9497,CrossQ,env7,1410220,-54611.3046875
9498,CrossQ,env7,1414220,-54735.01171875
9499,CrossQ,env7,1416476,-52956.89453125
9500,CrossQ,env7,1420476,-51083.7265625
9501,CrossQ,env7,1422824,-52027.91015625
9502,CrossQ,env7,1426824,-51046.1171875
9503,CrossQ,env7,1429796,-51157.66796875
9504,CrossQ,env7,1431828,-50189.60546875
9505,CrossQ,env7,1435828,-49073.45703125
9506,CrossQ,env7,1439792,-47014.93359375
9507,CrossQ,env7,1440924,-47019.234375
9508,CrossQ,env7,1444724,-46747.453125
9509,CrossQ,env7,1445816,-48610.0703125
9510,CrossQ,env7,1449816,-46008.5703125
9511,CrossQ,env7,1452124,-49568.85546875
9512,CrossQ,env7,1455768,-48227.28515625
9513,CrossQ,env7,1459304,-47176.1484375
9514,CrossQ,env7,1462648,-49034.5234375
9515,CrossQ,env7,1465024,-48247.1953125
9516,CrossQ,env7,1468560,-48856.296875
9517,CrossQ,env7,1471936,-48315.44140625
9518,CrossQ,env7,1474564,-47793.10546875
9519,CrossQ,env7,1477632,-44868.72265625
9520,CrossQ,env7,1479168,-44672.72265625
9521,CrossQ,env7,1480628,-47125.4921875
9522,CrossQ,env7,1483940,-47187.578125
9523,CrossQ,env7,1487344,-48179.09375
9524,CrossQ,env7,1490152,-49209.27734375
9525,CrossQ,env7,1492256,-51392.828125
9526,CrossQ,env7,1495116,-52453.92578125
9527,CrossQ,env7,1496200,-55360.66015625
9528,CrossQ,env7,1499560,-55854.37890625
9529,CrossQ,env7,1500764,-56701.90625
9530,CrossQ,env7,1502164,-59767.75390625
9531,CrossQ,env7,1505940,-60793.27734375
9532,CrossQ,env7,1509940,-59216.5703125
9533,CrossQ,env7,1513940,-56930.53125
9534,CrossQ,env7,1517668,-55133.29296875
9535,CrossQ,env7,1520820,-56973.04296875
9536,CrossQ,env7,1523132,-56675.140625
9537,CrossQ,env7,1525740,-57475.76171875
9538,CrossQ,env7,1528820,-57498.40234375
9539,CrossQ,env7,1530212,-56144.61328125
9540,CrossQ,env7,1534212,-55992.1875
9541,CrossQ,env7,1537048,-58019.5625
9542,CrossQ,env7,1541048,-58645.82421875
9543,CrossQ,env7,1542916,-58755.625
9544,CrossQ,env7,1546916,-57695.2578125
9545,CrossQ,env7,1550200,-54717.20703125
9546,CrossQ,env7,1552544,-55338.671875
9547,CrossQ,env7,1553952,-56321.81640625
9548,CrossQ,env7,1557048,-58830.28125
9549,CrossQ,env7,1561048,-56888.296875
9550,CrossQ,env7,1564888,-54881.546875
9551,CrossQ,env7,1568664,-52916.40625
9552,CrossQ,env7,1571244,-49762.47265625
9553,CrossQ,env7,1575036,-48061.96484375
9554,CrossQ,env7,1577844,-46427.51953125
9555,CrossQ,env7,1581272,-44577.96875
9556,CrossQ,env7,1584072,-45247.1640625
9557,CrossQ,env7,1585884,-44591.8203125
9558,CrossQ,env7,1589444,-47070.23828125
9559,CrossQ,env7,1592632,-47758.828125
9560,CrossQ,env7,1595224,-47463.1796875
9561,CrossQ,env7,1596212,-48296.7109375
9562,CrossQ,env7,1598688,-50151.8671875
9563,CrossQ,env7,1601384,-51885.34765625
9564,CrossQ,env7,1603876,-50060.11328125
9565,CrossQ,env7,1607684,-50766.01171875
9566,CrossQ,env7,1611560,-48085.8046875
9567,CrossQ,env7,1614960,-48102.3046875
9568,CrossQ,env7,1616940,-45638.296875
9569,CrossQ,env7,1620940,-47296.94921875
9570,CrossQ,env7,1624940,-47052.421875
9571,CrossQ,env7,1627664,-45157.00390625
9572,CrossQ,env7,1629872,-43076.85546875
9573,CrossQ,env7,1630904,-42803.0546875
9574,PPO,env1,10000,-93454.78125
9575,PPO,env1,16384,-93836.75
9576,PPO,env1,20000,-93109.3515625
9577,PPO,env1,30000,-92329.078125
9578,PPO,env1,32768,-92505.125
9579,PPO,env1,40000,-91002.3984375
9580,PPO,env1,49152,-89376.375
9581,PPO,env1,50000,-86882.5
9582,PPO,env1,60000,-84263.953125
9583,PPO,env1,65536,-82202.609375
9584,PPO,env1,70000,-82463.3203125
9585,PPO,env1,80000,-81130.3671875
9586,PPO,env1,81920,-83456.4921875
9587,PPO,env1,90000,-85118.4453125
9588,PPO,env1,98304,-82268.3359375
9589,PPO,env1,100000,-81818.5703125
9590,PPO,env1,110000,-82016.046875
9591,PPO,env1,114688,-84505.234375
9592,PPO,env1,120000,-81360.234375
9593,PPO,env1,130000,-85470.015625
9594,PPO,env1,131072,-85063.4921875
9595,PPO,env1,140000,-84671.5859375
9596,PPO,env1,147456,-83921.703125
9597,PPO,env1,150000,-87245.0
9598,PPO,env1,160000,-85571.6328125
9599,PPO,env1,163840,-86129.953125
9600,PPO,env1,170000,-85697.578125
9601,PPO,env1,180000,-80916.4921875
9602,PPO,env1,180224,-80916.4921875
9603,PPO,env1,190000,-81548.765625
9604,PPO,env1,196608,-78472.65625
9605,PPO,env1,200000,-78994.3203125
9606,PPO,env1,210000,-80000.6484375
9607,PPO,env1,212992,-80418.84375
9608,PPO,env1,220000,-81603.296875
9609,PPO,env1,229376,-84042.234375
9610,PPO,env1,230000,-84041.2578125
9611,PPO,env1,240000,-87551.2265625
9612,PPO,env1,245760,-87831.703125
9613,PPO,env1,250000,-87041.8828125
9614,PPO,env1,260000,-85112.0546875
9615,PPO,env1,262144,-83167.8515625
9616,PPO,env1,270000,-85371.234375
9617,PPO,env1,278528,-90151.296875
9618,PPO,env1,280000,-88146.046875
9619,PPO,env1,290000,-85303.734375
9620,PPO,env1,294912,-89939.765625
9621,PPO,env1,300000,-90051.0625
9622,PPO,env1,310000,-84377.609375
9623,PPO,env1,311296,-84010.765625
9624,PPO,env1,320000,-88131.8046875
9625,PPO,env1,327680,-86202.7109375
9626,PPO,env1,330000,-86876.6328125
9627,PPO,env1,340000,-81866.34375
9628,PPO,env1,344064,-81439.9296875
9629,PPO,env1,350000,-80584.5078125
9630,PPO,env1,360000,-86738.28125
9631,PPO,env1,360448,-86646.9921875
9632,PPO,env1,370000,-84391.40625
9633,PPO,env1,376832,-87202.828125
9634,PPO,env1,380000,-86629.3828125
9635,PPO,env1,390000,-82140.953125
9636,PPO,env1,393216,-81625.875
9637,PPO,env1,400000,-81551.53125
9638,PPO,env1,409600,-78179.3046875
9639,PPO,env1,410000,-77779.2734375
9640,PPO,env1,420000,-77666.390625
9641,PPO,env1,425984,-75306.7734375
9642,PPO,env1,430000,-78535.0625
9643,PPO,env1,440000,-76592.53125
9644,PPO,env1,442368,-76085.9296875
9645,PPO,env1,450000,-68887.3828125
9646,PPO,env1,458752,-70586.9609375
9647,PPO,env1,460000,-72586.453125
9648,PPO,env1,470000,-74730.6015625
9649,PPO,env1,475136,-82578.3359375
9650,PPO,env1,480000,-83996.3046875
9651,PPO,env1,490000,-86585.578125
9652,PPO,env1,491520,-86486.625
9653,PPO,env1,500000,-85926.0625
9654,PPO,env1,507904,-81495.640625
9655,PPO,env1,510000,-81502.6796875
9656,PPO,env1,520000,-78043.3203125
9657,PPO,env1,524288,-80972.9765625
9658,PPO,env1,530000,-81764.1171875
9659,PPO,env1,540000,-82208.0625
9660,PPO,env1,540672,-84307.7265625
9661,PPO,env1,550000,-86327.640625
9662,PPO,env1,557056,-82023.5859375
9663,PPO,env1,560000,-82713.65625
9664,PPO,env1,570000,-75965.671875
9665,PPO,env1,573440,-78444.0859375
9666,PPO,env1,580000,-81850.0
9667,PPO,env1,589824,-90414.9765625
9668,PPO,env1,590000,-90222.2734375
9669,PPO,env1,600000,-89802.203125
9670,PPO,env1,606208,-90748.7890625
9671,PPO,env1,610000,-89894.7578125
9672,PPO,env1,620000,-89975.390625
9673,PPO,env1,622592,-89051.0703125
9674,PPO,env1,630000,-88723.296875
9675,PPO,env1,638976,-86313.4765625
9676,PPO,env1,640000,-84615.3359375
9677,PPO,env1,650000,-88593.21875
9678,PPO,env1,655360,-88728.140625
9679,PPO,env1,660000,-91131.2890625
9680,PPO,env1,670000,-86057.359375
9681,PPO,env1,671744,-86465.8203125
9682,PPO,env1,680000,-88032.3828125
9683,PPO,env1,688128,-85114.9609375
9684,PPO,env1,690000,-84500.28125
9685,PPO,env1,700000,-81685.34375
9686,PPO,env1,704512,-83761.4453125
9687,PPO,env1,710000,-84627.296875
9688,PPO,env1,720000,-82174.578125
9689,PPO,env1,720896,-82471.1015625
9690,PPO,env1,730000,-82303.25
9691,PPO,env1,737280,-81176.6796875
9692,PPO,env1,740000,-83733.7109375
9693,PPO,env1,750000,-84711.90625
9694,PPO,env1,753664,-85497.78125
9695,PPO,env1,760000,-84774.0625
9696,PPO,env1,770000,-85999.8984375
9697,PPO,env1,770048,-86214.0390625
9698,PPO,env1,780000,-87642.4609375
9699,PPO,env1,786432,-89656.1796875
9700,PPO,env1,790000,-90715.34375
9701,PPO,env1,800000,-85459.515625
9702,PPO,env1,802816,-82856.359375
9703,PPO,env1,810000,-79951.6484375
9704,PPO,env1,819200,-84298.0859375
9705,PPO,env1,820000,-84321.0390625
9706,PPO,env1,830000,-89162.484375
9707,PPO,env1,835584,-89627.828125
9708,PPO,env1,840000,-89303.109375
9709,PPO,env1,850000,-87112.6953125
9710,PPO,env1,851968,-86730.4140625
9711,PPO,env1,860000,-82883.1015625
9712,PPO,env1,868352,-86551.625
9713,PPO,env1,870000,-87184.640625
9714,PPO,env1,880000,-90671.359375
9715,PPO,env1,884736,-89913.234375
9716,PPO,env1,890000,-89196.140625
9717,PPO,env1,900000,-88757.8515625
9718,PPO,env1,901120,-90052.4140625
9719,PPO,env1,910000,-90966.4296875
9720,PPO,env1,917504,-90899.15625
9721,PPO,env1,920000,-88487.3203125
9722,PPO,env1,930000,-84579.9375
9723,PPO,env1,933888,-80533.4765625
9724,PPO,env1,940000,-80206.171875
9725,PPO,env1,950000,-84935.140625
9726,PPO,env1,950272,-84935.140625
9727,PPO,env1,960000,-88929.0
9728,PPO,env1,966656,-88026.2265625
9729,PPO,env1,970000,-87759.515625
9730,PPO,env1,980000,-84095.4296875
9731,PPO,env1,983040,-83182.5703125
9732,PPO,env1,990000,-81994.0859375
9733,PPO,env1,999424,-85704.3125
9734,PPO,env1,1000000,-86007.5546875
9735,PPO,env1,1010000,-87721.9921875
9736,PPO,env1,1015808,-87886.1015625
9737,PPO,env1,1020000,-87282.765625
9738,PPO,env1,1030000,-89729.8984375
9739,PPO,env1,1032192,-89524.5625
9740,PPO,env1,1040000,-90181.8984375
9741,PPO,env1,1048576,-90516.875
9742,PPO,env1,1050000,-90015.609375
9743,PPO,env1,1060000,-87198.8125
9744,PPO,env1,1064960,-87651.4765625
9745,PPO,env1,1070000,-87307.390625
9746,PPO,env1,1080000,-90667.140625
9747,PPO,env1,1081344,-90337.703125
9748,PPO,env1,1090000,-90443.875
9749,PPO,env1,1097728,-90388.3828125
9750,PPO,env1,1100000,-90805.6328125
9751,PPO,env1,1110000,-90782.984375
9752,PPO,env1,1114112,-91153.390625
9753,PPO,env1,1120000,-91197.7265625
9754,PPO,env1,1130000,-85678.4765625
9755,PPO,env1,1130496,-85676.171875
9756,PPO,env1,1140000,-90134.4296875
9757,PPO,env1,1146880,-93814.296875
9758,PPO,env1,1150000,-93573.0390625
9759,PPO,env1,1160000,-94572.8046875
9760,PPO,env1,1163264,-95201.8515625
9761,PPO,env1,1170000,-94102.109375
9762,PPO,env1,1179648,-90945.1015625
9763,PPO,env1,1180000,-90752.921875
9764,PPO,env1,1190000,-90845.1015625
9765,PPO,env1,1196032,-93179.640625
9766,PPO,env1,1200000,-93495.6640625
9767,PPO,env1,1210000,-91802.8046875
9768,PPO,env1,1212416,-90748.9609375
9769,PPO,env1,1220000,-87489.625
9770,PPO,env1,1228800,-89064.546875
9771,PPO,env1,1230000,-88873.28125
9772,PPO,env1,1240000,-90336.359375
9773,PPO,env1,1245184,-90645.7265625
9774,PPO,env1,1250000,-90745.2109375
9775,PPO,env1,1260000,-89521.7421875
9776,PPO,env1,1261568,-89574.609375
9777,PPO,env1,1270000,-91494.78125
9778,PPO,env1,1277952,-90796.9375
9779,PPO,env1,1280000,-90707.9140625
9780,PPO,env1,1290000,-90800.4609375
9781,PPO,env1,1294336,-91118.5625
9782,PPO,env1,1300000,-89362.9140625
9783,PPO,env1,1310000,-90251.1953125
9784,PPO,env1,1310720,-89933.046875
9785,PPO,env1,1320000,-89242.828125
9786,PPO,env1,1327104,-88871.734375
9787,PPO,env1,1330000,-88843.5625
9788,PPO,env1,1340000,-87129.5703125
9789,PPO,env1,1343488,-86383.78125
9790,PPO,env1,1350000,-86284.6796875
9791,PPO,env1,1359872,-89793.5859375
9792,PPO,env1,1360000,-89793.5859375
9793,PPO,env1,1370000,-89925.8359375
9794,PPO,env1,1376256,-87168.2109375
9795,PPO,env1,1380000,-86311.234375
9796,PPO,env1,1390000,-85509.8203125
9797,PPO,env1,1392640,-85693.1640625
9798,PPO,env1,1400000,-83821.828125
9799,PPO,env1,1409024,-83752.2734375
9800,PPO,env1,1410000,-83876.8359375
9801,PPO,env1,1420000,-86459.53125
9802,PPO,env1,1425408,-84694.21875
9803,PPO,env1,1430000,-85067.703125
9804,PPO,env1,1440000,-86559.78125
9805,PPO,env1,1441792,-86563.7890625
9806,PPO,env1,1450000,-88104.75
9807,PPO,env1,1458176,-88619.6171875
9808,PPO,env1,1460000,-88633.1328125
9809,PPO,env1,1470000,-84042.578125
9810,PPO,env1,1474560,-82199.734375
9811,PPO,env1,1480000,-84199.8671875
9812,PPO,env1,1490000,-83534.3203125
9813,PPO,env1,1490944,-83831.6484375
9814,PPO,env1,1500000,-82925.71875
9815,PPO,env1,1507328,-85027.7109375
9816,PPO,env1,1510000,-84563.3828125
9817,PPO,env1,1520000,-87339.7265625
9818,PPO,env1,1523712,-86642.734375
9819,PPO,env1,1530000,-88070.2734375
9820,PPO,env1,1540000,-87154.9453125
9821,PPO,env1,1540096,-87201.6328125
9822,PPO,env1,1550000,-85244.9921875
9823,PPO,env1,1556480,-85579.0546875
9824,PPO,env1,1560000,-85342.7421875
9825,PPO,env1,1570000,-87458.109375
9826,PPO,env1,1572864,-85656.109375
9827,PPO,env1,1580000,-84587.1796875
9828,PPO,env1,1589248,-85576.6484375
9829,PPO,env1,1590000,-85803.6796875
9830,PPO,env1,1600000,-87408.671875
9831,PPO,env1,1605632,-87226.4296875
9832,PPO,env1,1610000,-84232.1953125
9833,PPO,env1,1620000,-85091.1484375
9834,PPO,env1,1622016,-85266.4609375
9835,PPO,env1,1630000,-87060.71875
9836,PPO,env1,1638400,-87248.5703125
9837,PPO,env1,1640000,-87262.7578125
9838,PPO,env1,1650000,-84635.2109375
9839,PPO,env1,1654784,-84797.8671875
9840,PPO,env1,1660000,-84838.4609375
9841,PPO,env1,1670000,-84345.296875
9842,PPO,env1,1671168,-84039.6171875
9843,PPO,env1,1680000,-81888.7890625
9844,PPO,env1,1687552,-80994.5
9845,PPO,env1,1690000,-85316.703125
9846,PPO,env1,1700000,-88362.109375
9847,PPO,env1,1703936,-85027.8984375
9848,PPO,env1,1710000,-85067.96875
9849,PPO,env1,1720000,-84787.6953125
9850,PPO,env1,1720320,-84787.6953125
9851,PPO,env1,1730000,-88228.7890625
9852,PPO,env1,1736704,-86422.15625
9853,PPO,env1,1740000,-84277.1796875
9854,PPO,env1,1750000,-83763.4375
9855,PPO,env1,1753088,-86826.2265625
9856,PPO,env1,1760000,-89171.7421875
9857,PPO,env1,1769472,-88497.65625
9858,PPO,env1,1770000,-88485.5703125
9859,PPO,env1,1780000,-87479.265625
9860,PPO,env1,1785856,-83058.5078125
9861,PPO,env1,1790000,-83281.359375
9862,PPO,env1,1800000,-82729.25
9863,PPO,env1,1802240,-86808.6015625
9864,PPO,env1,1810000,-86911.5703125
9865,PPO,env1,1818624,-85935.734375
9866,PPO,env1,1820000,-83867.21875
9867,PPO,env1,1830000,-82298.703125
9868,PPO,env1,1835008,-84965.515625
9869,PPO,env1,1840000,-86911.640625
9870,PPO,env1,1850000,-88206.5
9871,PPO,env1,1851392,-88048.8359375
9872,PPO,env1,1860000,-85325.8515625
9873,PPO,env1,1867776,-86096.9375
9874,PPO,env1,1870000,-86574.0859375
9875,PPO,env1,1880000,-87313.5234375
9876,PPO,env1,1884160,-87304.203125
9877,PPO,env1,1890000,-84426.046875
9878,PPO,env1,1900000,-83122.65625
9879,PPO,env1,1900544,-83124.5234375
9880,PPO,env1,1910000,-82969.8046875
9881,PPO,env1,1916928,-85560.0
9882,PPO,env1,1920000,-87801.5078125
9883,PPO,env1,1930000,-87059.8515625
9884,PPO,env1,1933312,-86733.9765625
9885,PPO,env1,1940000,-87077.4296875
9886,PPO,env1,1949696,-86932.6953125
9887,PPO,env1,1950000,-86931.078125
9888,PPO,env1,1960000,-85269.0390625
9889,PPO,env1,1966080,-86442.9921875
9890,PPO,env1,1970000,-86832.65625
9891,PPO,env1,1980000,-89528.5625
9892,PPO,env1,1982464,-89487.65625
9893,PPO,env1,1990000,-84863.5859375
9894,PPO,env1,1998848,-84054.8671875
9895,PPO,env1,2000000,-83937.6328125
9896,PPO,env1,2010000,-86763.6640625
9897,PPO,env1,2015232,-86738.234375
9898,PPO,env2,16384,-98062.8046875
9899,PPO,env2,32768,-94466.90625
9900,PPO,env2,49152,-88499.3046875
9901,PPO,env2,65536,-95911.8125
9902,PPO,env2,81920,-94318.859375
9903,PPO,env2,98304,-94830.46875
9904,PPO,env2,114688,-96111.0703125
9905,PPO,env2,131072,-96620.359375
9906,PPO,env2,147456,-94759.7890625
9907,PPO,env2,163840,-96342.546875
9908,PPO,env2,180224,-97317.78125
9909,PPO,env2,196608,-97796.828125
9910,PPO,env2,212992,-97562.734375
9911,PPO,env2,229376,-96380.140625
9912,PPO,env2,245760,-95091.1875
9913,PPO,env2,262144,-94591.3828125
9914,PPO,env2,278528,-91748.921875
9915,PPO,env2,294912,-94490.875
9916,PPO,env2,311296,-95091.6171875
9917,PPO,env2,327680,-95015.1796875
9918,PPO,env2,344064,-94485.7421875
9919,PPO,env2,360448,-93224.1640625
9920,PPO,env2,376832,-94349.0234375
9921,PPO,env2,393216,-94350.734375
9922,PPO,env2,409600,-89966.40625
9923,PPO,env2,425984,-94493.203125
9924,PPO,env2,442368,-88564.0546875
9925,PPO,env2,458752,-90967.8984375
9926,PPO,env2,475136,-89580.9609375
9927,PPO,env2,491520,-92936.0390625
9928,PPO,env2,507904,-90675.875
9929,PPO,env2,524288,-98362.9765625
9930,PPO,env2,540672,-99724.2421875
9931,PPO,env2,557056,-98357.9765625
9932,PPO,env2,573440,-97800.8984375
9933,PPO,env2,589824,-97243.0234375
9934,PPO,env2,606208,-96947.3203125
9935,PPO,env2,622592,-95298.6953125
9936,PPO,env2,638976,-93755.7578125
9937,PPO,env2,655360,-93987.671875
9938,PPO,env2,671744,-95541.5625
9939,PPO,env2,688128,-94844.0078125
9940,PPO,env2,704512,-95665.7578125
9941,PPO,env2,720896,-95172.734375
9942,PPO,env2,737280,-95198.8671875
9943,PPO,env2,753664,-96648.5546875
9944,PPO,env2,770048,-95601.828125
9945,PPO,env2,786432,-94825.34375
9946,PPO,env2,802816,-95739.84375
9947,PPO,env2,819200,-97089.6796875
9948,PPO,env2,835584,-95248.328125
9949,PPO,env2,851968,-92328.828125
9950,PPO,env2,868352,-95574.96875
9951,PPO,env2,884736,-95486.3828125
9952,PPO,env2,901120,-95529.6640625
9953,PPO,env2,917504,-96800.7578125
9954,PPO,env2,933888,-95143.5703125
9955,PPO,env2,950272,-94211.125
9956,PPO,env2,966656,-95868.7578125
9957,PPO,env2,983040,-92657.1171875
9958,PPO,env2,999424,-89829.0625
9959,PPO,env2,1015808,-94069.7109375
9960,PPO,env2,1032192,-94619.53125
9961,PPO,env2,1048576,-93268.3046875
9962,PPO,env2,1064960,-91025.9140625
9963,PPO,env2,1081344,-93212.875
9964,PPO,env2,1097728,-94043.8125
9965,PPO,env2,1114112,-95402.8828125
9966,PPO,env2,1130496,-95130.0234375
9967,PPO,env2,1146880,-92427.7890625
9968,PPO,env2,1163264,-95621.1015625
9969,PPO,env2,1179648,-97734.796875
9970,PPO,env2,1196032,-93495.09375
9971,PPO,env2,1212416,-95689.4140625
9972,PPO,env2,1228800,-95108.0390625
9973,PPO,env2,1245184,-95318.7265625
9974,PPO,env2,1261568,-93831.734375
9975,PPO,env2,1277952,-94229.859375
9976,PPO,env2,1294336,-93236.421875
9977,PPO,env2,1310720,-93444.765625
9978,PPO,env2,1327104,-94718.53125
9979,PPO,env2,1343488,-94259.1796875
9980,PPO,env2,1359872,-94433.34375
9981,PPO,env2,1376256,-93868.4296875
9982,PPO,env2,1392640,-94587.546875
9983,PPO,env2,1409024,-94969.125
9984,PPO,env2,1425408,-92332.9453125
9985,PPO,env2,1441792,-91849.171875
9986,PPO,env2,1458176,-89533.8046875
9987,PPO,env2,1474560,-90209.1953125
9988,PPO,env2,1490944,-92335.90625
9989,PPO,env2,1507328,-93253.1328125
9990,PPO,env2,1523712,-93549.3984375
9991,PPO,env2,1540096,-90723.5703125
9992,PPO,env2,1556480,-94902.921875
9993,PPO,env2,1572864,-96443.09375
9994,PPO,env2,1589248,-94502.3671875
9995,PPO,env2,1605632,-93101.09375
9996,PPO,env2,1622016,-93249.515625
9997,PPO,env2,1638400,-90759.4921875
9998,PPO,env2,1654784,-89911.3671875
9999,PPO,env2,1671168,-89057.5546875
10000,PPO,env2,1687552,-90727.6953125
10001,PPO,env2,1703936,-87426.2109375
10002,PPO,env2,1720320,-85013.3125
10003,PPO,env2,1736704,-88174.6171875
10004,PPO,env2,1753088,-89884.390625
10005,PPO,env2,1769472,-88304.3671875
10006,PPO,env2,1785856,-88170.375
10007,PPO,env2,1802240,-87849.171875
10008,PPO,env2,1818624,-89676.8125
10009,PPO,env2,1835008,-90570.4609375
10010,PPO,env2,1851392,-80850.5546875
10011,PPO,env2,1867776,-87734.8359375
10012,PPO,env2,1884160,-90970.453125
10013,PPO,env2,1900544,-87903.7890625
10014,PPO,env2,1916928,-86617.421875
10015,PPO,env2,1933312,-89693.3828125
10016,PPO,env2,1949696,-90528.2109375
10017,PPO,env2,1966080,-91309.8125
10018,PPO,env2,1982464,-91008.671875
10019,PPO,env2,1998848,-89106.0078125
10020,PPO,env2,2015232,-84658.4921875
10021,PPO,env3,16384,-99802.328125
10022,PPO,env3,32768,-98711.1953125
10023,PPO,env3,49152,-98624.1484375
10024,PPO,env3,65536,-98862.546875
10025,PPO,env3,81920,-99226.703125
10026,PPO,env3,98304,-99012.78125
10027,PPO,env3,114688,-98453.2578125
10028,PPO,env3,131072,-98732.203125
10029,PPO,env3,147456,-100192.0078125
10030,PPO,env3,163840,-99359.3984375
10031,PPO,env3,180224,-99923.6796875
10032,PPO,env3,196608,-99609.5
10033,PPO,env3,212992,-99342.9453125
10034,PPO,env3,229376,-99583.40625
10035,PPO,env3,245760,-99771.4609375
10036,PPO,env3,262144,-100058.28125
10037,PPO,env3,278528,-99635.7265625
10038,PPO,env3,294912,-99682.984375
10039,PPO,env3,311296,-99275.78125
10040,PPO,env3,327680,-98507.640625
10041,PPO,env3,344064,-99141.0078125
10042,PPO,env3,360448,-98679.5
10043,PPO,env3,376832,-99021.703125
10044,PPO,env3,393216,-99544.8359375
10045,PPO,env3,409600,-99419.015625
10046,PPO,env3,425984,-98769.5625
10047,PPO,env3,442368,-99698.734375
10048,PPO,env3,458752,-100342.15625
10049,PPO,env3,475136,-99608.203125
10050,PPO,env3,491520,-98314.265625
10051,PPO,env3,507904,-98077.3671875
10052,PPO,env3,524288,-97310.5390625
10053,PPO,env3,540672,-97971.859375
10054,PPO,env3,557056,-97246.609375
10055,PPO,env3,573440,-97301.3671875
10056,PPO,env3,589824,-97581.2265625
10057,PPO,env3,606208,-99430.359375
10058,PPO,env3,622592,-99512.7265625
10059,PPO,env3,638976,-97802.421875
10060,PPO,env3,655360,-98679.4296875
10061,PPO,env3,671744,-98653.46875
10062,PPO,env3,688128,-98898.4453125
10063,PPO,env3,704512,-98560.109375
10064,PPO,env3,720896,-97720.7421875
10065,PPO,env3,737280,-98315.8828125
10066,PPO,env3,753664,-97799.0625
10067,PPO,env3,770048,-97411.96875
10068,PPO,env3,786432,-99321.75
10069,PPO,env3,802816,-98598.296875
10070,PPO,env3,819200,-98992.5078125
10071,PPO,env3,835584,-98017.84375
10072,PPO,env3,851968,-98344.359375
10073,PPO,env3,868352,-98164.828125
10074,PPO,env3,884736,-97195.984375
10075,PPO,env3,901120,-97322.8515625
10076,PPO,env3,917504,-99212.171875
10077,PPO,env3,933888,-99077.8984375
10078,PPO,env3,950272,-98005.2109375
10079,PPO,env3,966656,-97610.2265625
10080,PPO,env3,983040,-99401.921875
10081,PPO,env3,999424,-100263.1015625
10082,PPO,env3,1015808,-99219.328125
10083,PPO,env3,1032192,-98158.234375
10084,PPO,env3,1048576,-98396.7578125
10085,PPO,env3,1064960,-98448.4765625
10086,PPO,env3,1081344,-99723.453125
10087,PPO,env3,1097728,-100215.46875
10088,PPO,env3,1114112,-97250.5234375
10089,PPO,env3,1130496,-100028.90625
10090,PPO,env3,1146880,-98392.5625
10091,PPO,env3,1163264,-98737.8125
10092,PPO,env3,1179648,-97799.9375
10093,PPO,env3,1196032,-98131.078125
10094,PPO,env3,1212416,-98243.7109375
10095,PPO,env3,1228800,-98334.5625
10096,PPO,env3,1245184,-98111.65625
10097,PPO,env3,1261568,-98212.1015625
10098,PPO,env3,1277952,-98854.65625
10099,PPO,env3,1294336,-99493.125
10100,PPO,env3,1310720,-97425.4921875
10101,PPO,env3,1327104,-97182.9609375
10102,PPO,env3,1343488,-98523.6171875
10103,PPO,env3,1359872,-97497.734375
10104,PPO,env3,1376256,-96986.3359375
10105,PPO,env3,1392640,-97965.53125
10106,PPO,env3,1409024,-99162.796875
10107,PPO,env3,1425408,-97599.625
10108,PPO,env3,1441792,-98634.9609375
10109,PPO,env3,1458176,-98411.7890625
10110,PPO,env3,1474560,-97977.4921875
10111,PPO,env3,1490944,-97924.0078125
10112,PPO,env3,1507328,-97988.078125
10113,PPO,env3,1523712,-97701.9921875
10114,PPO,env3,1540096,-98202.0078125
10115,PPO,env3,1556480,-97009.0859375
10116,PPO,env3,1572864,-97195.875
10117,PPO,env3,1589248,-97540.1953125
10118,PPO,env3,1605632,-98131.15625
10119,PPO,env3,1622016,-98935.21875
10120,PPO,env3,1638400,-98577.671875
10121,PPO,env3,1654784,-98405.09375
10122,PPO,env3,1671168,-98105.5625
10123,PPO,env3,1687552,-97944.546875
10124,PPO,env3,1703936,-98077.125
10125,PPO,env3,1720320,-97424.0078125
10126,PPO,env3,1736704,-97854.8046875
10127,PPO,env3,1753088,-99023.1796875
10128,PPO,env3,1769472,-98217.6015625
10129,PPO,env3,1785856,-98353.5703125
10130,PPO,env3,1802240,-98655.0546875
10131,PPO,env3,1818624,-97715.0078125
10132,PPO,env3,1835008,-97796.4765625
10133,PPO,env3,1851392,-97169.65625
10134,PPO,env3,1867776,-98276.125
10135,PPO,env3,1884160,-98604.875
10136,PPO,env3,1900544,-97671.4453125
10137,PPO,env3,1916928,-98053.90625
10138,PPO,env3,1933312,-97885.484375
10139,PPO,env3,1949696,-98385.296875
10140,PPO,env3,1966080,-97520.1875
10141,PPO,env3,1982464,-97261.1171875
10142,PPO,env3,1998848,-97150.921875
10143,PPO,env3,2015232,-98233.0703125
10144,PPO,env4,16384,-97627.703125
10145,PPO,env4,32768,-98181.7578125
10146,PPO,env4,49152,-98694.6484375
10147,PPO,env4,65536,-98990.15625
10148,PPO,env4,81920,-98450.640625
10149,PPO,env4,98304,-98096.46875
10150,PPO,env4,114688,-98215.2734375
10151,PPO,env4,131072,-97314.0703125
10152,PPO,env4,147456,-98549.2734375
10153,PPO,env4,163840,-99052.75
10154,PPO,env4,180224,-98556.046875
10155,PPO,env4,196608,-98169.1015625
10156,PPO,env4,212992,-98773.1875
10157,PPO,env4,229376,-97536.2578125
10158,PPO,env4,245760,-97715.34375
10159,PPO,env4,262144,-98207.875
10160,PPO,env4,278528,-97511.7734375
10161,PPO,env4,294912,-97557.28125
10162,PPO,env4,311296,-94737.75
10163,PPO,env4,327680,-94674.3203125
10164,PPO,env4,344064,-95701.90625
10165,PPO,env4,360448,-94989.5234375
10166,PPO,env4,376832,-95697.3046875
10167,PPO,env4,393216,-96575.859375
10168,PPO,env4,409600,-96555.875
10169,PPO,env4,425984,-96971.59375
10170,PPO,env4,442368,-96730.59375
10171,PPO,env4,458752,-95740.625
10172,PPO,env4,475136,-96401.640625
10173,PPO,env4,491520,-97435.9296875
10174,PPO,env4,507904,-95032.7890625
10175,PPO,env4,524288,-95467.96875
10176,PPO,env4,540672,-97081.2421875
10177,PPO,env4,557056,-97338.53125
10178,PPO,env4,573440,-96779.7421875
10179,PPO,env4,589824,-96210.9921875
10180,PPO,env4,606208,-96127.796875
10181,PPO,env4,622592,-96115.109375
10182,PPO,env4,638976,-97308.3203125
10183,PPO,env4,655360,-96884.796875
10184,PPO,env4,671744,-98322.2421875
10185,PPO,env4,688128,-96675.9140625
10186,PPO,env4,704512,-96149.0859375
10187,PPO,env4,720896,-95465.1015625
10188,PPO,env4,737280,-96572.3046875
10189,PPO,env4,753664,-96305.3359375
10190,PPO,env4,770048,-95097.4375
10191,PPO,env4,786432,-95261.1875
10192,PPO,env4,802816,-95211.0546875
10193,PPO,env4,819200,-96285.1875
10194,PPO,env4,835584,-95614.015625
10195,PPO,env4,851968,-97373.4921875
10196,PPO,env4,868352,-97441.4140625
10197,PPO,env4,884736,-96469.1953125
10198,PPO,env4,901120,-97220.1171875
10199,PPO,env4,917504,-97187.34375
10200,PPO,env4,933888,-96775.921875
10201,PPO,env4,950272,-96439.0
10202,PPO,env4,966656,-93976.5390625
10203,PPO,env4,983040,-97699.5703125
10204,PPO,env4,999424,-97701.765625
10205,PPO,env4,1015808,-97096.4609375
10206,PPO,env4,1032192,-96759.5859375
10207,PPO,env4,1048576,-98587.53125
10208,PPO,env4,1064960,-98288.8828125
10209,PPO,env4,1081344,-98250.0859375
10210,PPO,env4,1097728,-98067.2265625
10211,PPO,env4,1114112,-97170.734375
10212,PPO,env4,1130496,-95906.8984375
10213,PPO,env4,1146880,-95520.6015625
10214,PPO,env4,1163264,-95728.8203125
10215,PPO,env4,1179648,-96552.8125
10216,PPO,env4,1196032,-97339.4375
10217,PPO,env4,1212416,-96940.203125
10218,PPO,env4,1228800,-96803.703125
10219,PPO,env4,1245184,-97158.4453125
10220,PPO,env4,1261568,-97341.796875
10221,PPO,env4,1277952,-97214.421875
10222,PPO,env4,1294336,-96987.5
10223,PPO,env4,1310720,-97157.75
10224,PPO,env4,1327104,-96232.34375
10225,PPO,env4,1343488,-94562.7578125
10226,PPO,env4,1359872,-94554.265625
10227,PPO,env4,1376256,-96529.71875
10228,PPO,env4,1392640,-97207.9921875
10229,PPO,env4,1409024,-97067.03125
10230,PPO,env4,1425408,-97402.5
10231,PPO,env4,1441792,-96807.796875
10232,PPO,env4,1458176,-95966.8984375
10233,PPO,env4,1474560,-96815.6640625
10234,PPO,env4,1490944,-96789.0859375
10235,PPO,env4,1507328,-96883.328125
10236,PPO,env4,1523712,-98136.8046875
10237,PPO,env4,1540096,-97344.640625
10238,PPO,env4,1556480,-96315.609375
10239,PPO,env4,1572864,-97929.5546875
10240,PPO,env4,1589248,-98407.953125
10241,PPO,env4,1605632,-98477.2421875
10242,PPO,env4,1622016,-97524.1796875
10243,PPO,env4,1638400,-96508.7109375
10244,PPO,env4,1654784,-97296.84375
10245,PPO,env4,1671168,-96114.8671875
10246,PPO,env4,1687552,-96962.1015625
10247,PPO,env4,1703936,-98003.8046875
10248,PPO,env4,1720320,-98106.5390625
10249,PPO,env4,1736704,-97797.1328125
10250,PPO,env4,1753088,-94115.625
10251,PPO,env4,1769472,-98008.6953125
10252,PPO,env4,1785856,-97251.40625
10253,PPO,env4,1802240,-94864.6953125
10254,PPO,env4,1818624,-95446.28125
10255,PPO,env4,1835008,-97213.6953125
10256,PPO,env4,1851392,-97646.6484375
10257,PPO,env4,1867776,-98275.765625
10258,PPO,env4,1884160,-97941.859375
10259,PPO,env4,1900544,-98182.7265625
10260,PPO,env4,1916928,-97466.1171875
10261,PPO,env4,1933312,-97033.109375
10262,PPO,env4,1949696,-97494.0859375
10263,PPO,env4,1966080,-97923.5
10264,PPO,env4,1982464,-98228.359375
10265,PPO,env4,1998848,-96166.859375
10266,PPO,env4,2015232,-95014.9453125
10267,PPO,env5,16384,-96991.140625
10268,PPO,env5,32768,-93061.5390625
10269,PPO,env5,49152,-94611.8515625
10270,PPO,env5,65536,-93673.3203125
10271,PPO,env5,81920,-91948.6328125
10272,PPO,env5,98304,-94002.6796875
10273,PPO,env5,114688,-94754.3203125
10274,PPO,env5,131072,-93995.296875
10275,PPO,env5,147456,-95243.0703125
10276,PPO,env5,163840,-96965.2109375
10277,PPO,env5,180224,-95369.7890625
10278,PPO,env5,196608,-94455.96875
10279,PPO,env5,212992,-94839.125
10280,PPO,env5,229376,-93998.9140625
10281,PPO,env5,245760,-95256.6875
10282,PPO,env5,262144,-95846.8046875
10283,PPO,env5,278528,-96143.8359375
10284,PPO,env5,294912,-96102.5625
10285,PPO,env5,311296,-95313.59375
10286,PPO,env5,327680,-94271.859375
10287,PPO,env5,344064,-94934.8828125
10288,PPO,env5,360448,-95178.5234375
10289,PPO,env5,376832,-94989.8984375
10290,PPO,env5,393216,-95616.8515625
10291,PPO,env5,409600,-95069.234375
10292,PPO,env5,425984,-95681.5078125
10293,PPO,env5,442368,-91842.1015625
10294,PPO,env5,458752,-91843.1640625
10295,PPO,env5,475136,-94796.265625
10296,PPO,env5,491520,-94570.6953125
10297,PPO,env5,507904,-94283.625
10298,PPO,env5,524288,-94892.4921875
10299,PPO,env5,540672,-94138.3515625
10300,PPO,env5,557056,-94938.953125
10301,PPO,env5,573440,-95656.875
10302,PPO,env5,589824,-95811.828125
10303,PPO,env5,606208,-95192.2265625
10304,PPO,env5,622592,-94033.8515625
10305,PPO,env5,638976,-95124.796875
10306,PPO,env5,655360,-94460.7109375
10307,PPO,env5,671744,-94606.734375
10308,PPO,env5,688128,-94772.3671875
10309,PPO,env5,704512,-95538.421875
10310,PPO,env5,720896,-97312.296875
10311,PPO,env5,737280,-96733.484375
10312,PPO,env5,753664,-96706.0078125
10313,PPO,env5,770048,-97051.0234375
10314,PPO,env5,786432,-96194.625
10315,PPO,env5,802816,-94993.9921875
10316,PPO,env5,819200,-96819.1640625
10317,PPO,env5,835584,-96340.9921875
10318,PPO,env5,851968,-95728.0
10319,PPO,env5,868352,-95093.7734375
10320,PPO,env5,884736,-97501.703125
10321,PPO,env5,901120,-96067.2109375
10322,PPO,env5,917504,-95679.1171875
10323,PPO,env5,933888,-95911.328125
10324,PPO,env5,950272,-95948.4765625
10325,PPO,env5,966656,-94612.53125
10326,PPO,env5,983040,-95952.734375
10327,PPO,env5,999424,-95402.84375
10328,PPO,env5,1015808,-94207.640625
10329,PPO,env5,1032192,-99915.109375
10330,PPO,env5,1048576,-99742.5703125
10331,PPO,env5,1064960,-98763.5234375
10332,PPO,env5,1081344,-97761.9375
10333,PPO,env5,1097728,-97575.71875
10334,PPO,env5,1114112,-96709.21875
10335,PPO,env5,1130496,-95662.125
10336,PPO,env5,1146880,-96256.625
10337,PPO,env5,1163264,-96819.2734375
10338,PPO,env5,1179648,-95429.03125
10339,PPO,env5,1196032,-96634.5546875
10340,PPO,env5,1212416,-96773.8359375
10341,PPO,env5,1228800,-98054.1015625
10342,PPO,env5,1245184,-95358.5078125
10343,PPO,env5,1261568,-95821.796875
10344,PPO,env5,1277952,-97581.28125
10345,PPO,env5,1294336,-97086.640625
10346,PPO,env5,1310720,-96721.9453125
10347,PPO,env5,1327104,-96671.8125
10348,PPO,env5,1343488,-97223.4453125
10349,PPO,env5,1359872,-96660.1875
10350,PPO,env5,1376256,-96777.4375
10351,PPO,env5,1392640,-97019.3359375
10352,PPO,env5,1409024,-97621.0703125
10353,PPO,env5,1425408,-96437.5703125
10354,PPO,env5,1441792,-96805.953125
10355,PPO,env5,1458176,-95040.0
10356,PPO,env5,1474560,-96589.171875
10357,PPO,env5,1490944,-96467.5234375
10358,PPO,env5,1507328,-96668.2109375
10359,PPO,env5,1523712,-95835.6796875
10360,PPO,env5,1540096,-95730.5546875
10361,PPO,env5,1556480,-93536.3125
10362,PPO,env5,1572864,-94681.65625
10363,PPO,env5,1589248,-93559.890625
10364,PPO,env5,1605632,-95385.5078125
10365,PPO,env5,1622016,-92953.390625
10366,PPO,env5,1638400,-95371.7578125
10367,PPO,env5,1654784,-95704.984375
10368,PPO,env5,1671168,-93505.125
10369,PPO,env5,1687552,-95040.2890625
10370,PPO,env5,1703936,-94812.5625
10371,PPO,env5,1720320,-95482.546875
10372,PPO,env5,1736704,-94943.84375
10373,PPO,env5,1753088,-94962.6953125
10374,PPO,env5,1769472,-94745.0703125
10375,PPO,env5,1785856,-94760.3828125
10376,PPO,env5,1802240,-92686.171875
10377,PPO,env5,1818624,-95604.1640625
10378,PPO,env5,1835008,-93998.765625
10379,PPO,env5,1851392,-93255.609375
10380,PPO,env5,1867776,-95169.7109375
10381,PPO,env5,1884160,-94532.71875
10382,PPO,env5,1900544,-92645.4375
10383,PPO,env5,1916928,-94955.6328125
10384,PPO,env5,1933312,-92828.2421875
10385,PPO,env5,1949696,-95326.09375
10386,PPO,env5,1966080,-92019.09375
10387,PPO,env5,1982464,-94566.5078125
10388,PPO,env5,1998848,-95068.1484375
10389,PPO,env5,2015232,-96514.7421875
10390,PPO,env6,16384,-100069.609375
10391,PPO,env6,32768,-99238.6875
10392,PPO,env6,49152,-99605.203125
10393,PPO,env6,65536,-99597.984375
10394,PPO,env6,81920,-100013.7890625
10395,PPO,env6,98304,-100042.1875
10396,PPO,env6,114688,-100152.359375
10397,PPO,env6,131072,-100997.296875
10398,PPO,env6,147456,-100687.453125
10399,PPO,env6,163840,-100094.4375
10400,PPO,env6,180224,-100112.078125
10401,PPO,env6,196608,-99614.8359375
10402,PPO,env6,212992,-100093.3515625
10403,PPO,env6,229376,-100264.03125
10404,PPO,env6,245760,-100325.796875
10405,PPO,env6,262144,-99910.0390625
10406,PPO,env6,278528,-100755.0625
10407,PPO,env6,294912,-99826.1328125
10408,PPO,env6,311296,-100762.4765625
10409,PPO,env6,327680,-101313.3125
10410,PPO,env6,344064,-101117.0859375
10411,PPO,env6,360448,-100843.4453125
10412,PPO,env6,376832,-100960.59375
10413,PPO,env6,393216,-99995.3046875
10414,PPO,env6,409600,-99684.4765625
10415,PPO,env6,425984,-100738.2734375
10416,PPO,env6,442368,-100216.78125
10417,PPO,env6,458752,-101172.2890625
10418,PPO,env6,475136,-100298.953125
10419,PPO,env6,491520,-100723.4140625
10420,PPO,env6,507904,-100909.078125
10421,PPO,env6,524288,-100406.1796875
10422,PPO,env6,540672,-101223.1875
10423,PPO,env6,557056,-100767.265625
10424,PPO,env6,573440,-100253.9609375
10425,PPO,env6,589824,-100031.421875
10426,PPO,env6,606208,-99610.8359375
10427,PPO,env6,622592,-100206.4453125
10428,PPO,env6,638976,-100244.765625
10429,PPO,env6,655360,-100402.359375
10430,PPO,env6,671744,-100566.5390625
10431,PPO,env6,688128,-99324.8671875
10432,PPO,env6,704512,-99951.5234375
10433,PPO,env6,720896,-99828.7109375
10434,PPO,env6,737280,-100138.984375
10435,PPO,env6,753664,-100195.9375
10436,PPO,env6,770048,-99608.875
10437,PPO,env6,786432,-100217.3515625
10438,PPO,env6,802816,-100542.1171875
10439,PPO,env6,819200,-99651.40625
10440,PPO,env6,835584,-100055.921875
10441,PPO,env6,851968,-99316.171875
10442,PPO,env6,868352,-99462.0703125
10443,PPO,env6,884736,-100200.0546875
10444,PPO,env6,901120,-99499.3359375
10445,PPO,env6,917504,-100336.546875
10446,PPO,env6,933888,-99782.453125
10447,PPO,env6,950272,-99177.1953125
10448,PPO,env6,966656,-98854.2734375
10449,PPO,env6,983040,-98587.3828125
10450,PPO,env6,999424,-98642.65625
10451,PPO,env6,1015808,-99768.2421875
10452,PPO,env6,1032192,-99067.625
10453,PPO,env6,1048576,-99752.4765625
10454,PPO,env6,1064960,-99312.125
10455,PPO,env6,1081344,-99847.875
10456,PPO,env6,1097728,-98294.03125
10457,PPO,env6,1114112,-100123.6171875
10458,PPO,env6,1130496,-99949.9375
10459,PPO,env6,1146880,-100059.4375
10460,PPO,env6,1163264,-99709.078125
10461,PPO,env6,1179648,-99400.6875
10462,PPO,env6,1196032,-99622.53125
10463,PPO,env6,1212416,-99491.578125
10464,PPO,env6,1228800,-99597.953125
10465,PPO,env6,1245184,-98980.953125
10466,PPO,env6,1261568,-99888.0
10467,PPO,env6,1277952,-99956.953125
10468,PPO,env6,1294336,-100305.8671875
10469,PPO,env6,1310720,-100630.546875
10470,PPO,env6,1327104,-99423.1484375
10471,PPO,env6,1343488,-100182.828125
10472,PPO,env6,1359872,-99947.3046875
10473,PPO,env6,1376256,-100029.6015625
10474,PPO,env6,1392640,-100780.0
10475,PPO,env6,1409024,-100095.828125
10476,PPO,env6,1425408,-98823.015625
10477,PPO,env6,1441792,-100132.4765625
10478,PPO,env6,1458176,-99720.328125
10479,PPO,env6,1474560,-99936.265625
10480,PPO,env6,1490944,-99826.6875
10481,PPO,env6,1507328,-100622.265625
10482,PPO,env6,1523712,-100220.390625
10483,PPO,env6,1540096,-99842.765625
10484,PPO,env6,1556480,-100240.6015625
10485,PPO,env6,1572864,-99226.46875
10486,PPO,env6,1589248,-99860.0625
10487,PPO,env6,1605632,-100323.34375
10488,PPO,env6,1622016,-99671.8984375
10489,PPO,env6,1638400,-99256.75
10490,PPO,env6,1654784,-99680.171875
10491,PPO,env6,1671168,-99822.3671875
10492,PPO,env6,1687552,-99493.3046875
10493,PPO,env6,1703936,-99783.9296875
10494,PPO,env6,1720320,-99211.640625
10495,PPO,env6,1736704,-99689.0
10496,PPO,env6,1753088,-99962.1953125
10497,PPO,env6,1769472,-99599.0703125
10498,PPO,env6,1785856,-99877.609375
10499,PPO,env6,1802240,-99618.234375
10500,PPO,env6,1818624,-99439.59375
10501,PPO,env6,1835008,-99914.09375
10502,PPO,env6,1851392,-99887.9453125
10503,PPO,env6,1867776,-99405.6640625
10504,PPO,env6,1884160,-100160.625
10505,PPO,env6,1900544,-100075.578125
10506,PPO,env6,1916928,-100567.921875
10507,PPO,env6,1933312,-99673.3125
10508,PPO,env6,1949696,-99809.734375
10509,PPO,env6,1966080,-99760.0
10510,PPO,env6,1982464,-99622.75
10511,PPO,env6,1998848,-99727.703125
10512,PPO,env6,2015232,-99600.78125
10513,PPO,env7,16384,-98772.9140625
10514,PPO,env7,32768,-97913.9140625
10515,PPO,env7,49152,-98773.90625
10516,PPO,env7,65536,-98370.953125
10517,PPO,env7,81920,-97777.0390625
10518,PPO,env7,98304,-97138.796875
10519,PPO,env7,114688,-98388.265625
10520,PPO,env7,131072,-98196.171875
10521,PPO,env7,147456,-97872.5703125
10522,PPO,env7,163840,-98150.609375
10523,PPO,env7,180224,-97616.9453125
10524,PPO,env7,196608,-96535.7578125
10525,PPO,env7,212992,-97702.359375
10526,PPO,env7,229376,-97735.9375
10527,PPO,env7,245760,-98570.546875
10528,PPO,env7,262144,-98309.171875
10529,PPO,env7,278528,-96674.59375
10530,PPO,env7,294912,-98074.3828125
10531,PPO,env7,311296,-98962.1328125
10532,PPO,env7,327680,-98727.9296875
10533,PPO,env7,344064,-98061.9609375
10534,PPO,env7,360448,-97561.53125
10535,PPO,env7,376832,-96662.96875
10536,PPO,env7,393216,-96455.3046875
10537,PPO,env7,409600,-95904.53125
10538,PPO,env7,425984,-95030.1015625
10539,PPO,env7,442368,-96770.390625
10540,PPO,env7,458752,-96545.1484375
10541,PPO,env7,475136,-96569.625
10542,PPO,env7,491520,-97495.40625
10543,PPO,env7,507904,-97341.15625
10544,PPO,env7,524288,-96203.796875
10545,PPO,env7,540672,-96951.265625
10546,PPO,env7,557056,-97053.0234375
10547,PPO,env7,573440,-97271.2109375
10548,PPO,env7,589824,-96852.5390625
10549,PPO,env7,606208,-96521.6015625
10550,PPO,env7,622592,-96802.8671875
10551,PPO,env7,638976,-96657.28125
10552,PPO,env7,655360,-96192.484375
10553,PPO,env7,671744,-97058.28125
10554,PPO,env7,688128,-95602.859375
10555,PPO,env7,704512,-96322.2890625
10556,PPO,env7,720896,-94502.5546875
10557,PPO,env7,737280,-95090.5703125
10558,PPO,env7,753664,-96525.796875
10559,PPO,env7,770048,-95655.5390625
10560,PPO,env7,786432,-96751.828125
10561,PPO,env7,802816,-95389.796875
10562,PPO,env7,819200,-98122.2890625
10563,PPO,env7,835584,-95254.5625
10564,PPO,env7,851968,-96928.4921875
10565,PPO,env7,868352,-96853.7109375
10566,PPO,env7,884736,-96096.078125
10567,PPO,env7,901120,-97316.5625
10568,PPO,env7,917504,-97459.3203125
10569,PPO,env7,933888,-96941.1953125
10570,PPO,env7,950272,-97171.265625
10571,PPO,env7,966656,-96487.296875
10572,PPO,env7,983040,-95961.84375
10573,PPO,env7,999424,-96542.21875
10574,PPO,env7,1015808,-95672.75
10575,PPO,env7,1032192,-97477.34375
10576,PPO,env7,1048576,-96625.2265625
10577,PPO,env7,1064960,-97131.75
10578,PPO,env7,1081344,-95153.2109375
10579,PPO,env7,1097728,-96612.5546875
10580,PPO,env7,1114112,-94763.3359375
10581,PPO,env7,1130496,-96521.4765625
10582,PPO,env7,1146880,-95327.5234375
10583,PPO,env7,1163264,-95590.2578125
10584,PPO,env7,1179648,-96296.765625
10585,PPO,env7,1196032,-95535.6640625
10586,PPO,env7,1212416,-94331.3359375
10587,PPO,env7,1228800,-96690.7265625
10588,PPO,env7,1245184,-95473.8984375
10589,PPO,env7,1261568,-96131.578125
10590,PPO,env7,1277952,-95104.578125
10591,PPO,env7,1294336,-96426.140625
10592,PPO,env7,1310720,-96549.46875
10593,PPO,env7,1327104,-96210.875
10594,PPO,env7,1343488,-97349.890625
10595,PPO,env7,1359872,-96900.5
10596,PPO,env7,1376256,-96740.6484375
10597,PPO,env7,1392640,-96609.1015625
10598,PPO,env7,1409024,-96781.0
10599,PPO,env7,1425408,-96744.109375
10600,PPO,env7,1441792,-96126.78125
10601,PPO,env7,1458176,-95793.3125
10602,PPO,env7,1474560,-95270.3125
10603,PPO,env7,1490944,-97241.671875
10604,PPO,env7,1507328,-96197.15625
10605,PPO,env7,1523712,-96403.1796875
10606,PPO,env7,1540096,-95461.8203125
10607,PPO,env7,1556480,-96778.5703125
10608,PPO,env7,1572864,-96573.109375
10609,PPO,env7,1589248,-96691.9140625
10610,PPO,env7,1605632,-96769.921875
10611,PPO,env7,1622016,-96726.734375
10612,PPO,env7,1638400,-96587.4375
10613,PPO,env7,1654784,-97031.578125
10614,PPO,env7,1671168,-95652.9140625
10615,PPO,env7,1687552,-98000.4921875
10616,PPO,env7,1703936,-97177.0546875
10617,PPO,env7,1720320,-96721.078125
10618,PPO,env7,1736704,-97450.3046875
10619,PPO,env7,1753088,-99181.578125
10620,PPO,env7,1769472,-97156.4609375
10621,PPO,env7,1785856,-96906.296875
10622,PPO,env7,1802240,-96968.796875
10623,PPO,env7,1818624,-97150.8203125
10624,PPO,env7,1835008,-97928.3046875
10625,PPO,env7,1851392,-96947.2734375
10626,PPO,env7,1867776,-97724.0078125
10627,PPO,env7,1884160,-98217.015625
10628,PPO,env7,1900544,-96619.34375
10629,PPO,env7,1916928,-97655.859375
10630,PPO,env7,1933312,-97650.140625
10631,PPO,env7,1949696,-98627.4453125
10632,PPO,env7,1966080,-97639.5546875
10633,PPO,env7,1982464,-97552.6484375
10634,PPO,env7,1998848,-97198.671875
10635,PPO,env7,2015232,-98019.2890625
10636,PPO,env8,16384,-99955.7265625
10637,PPO,env8,32768,-99726.671875
10638,PPO,env8,49152,-98965.6875
10639,PPO,env8,65536,-99489.703125
10640,PPO,env8,81920,-99042.1640625
10641,PPO,env8,98304,-98400.9296875
10642,PPO,env8,114688,-97961.265625
10643,PPO,env8,131072,-98747.921875
10644,PPO,env8,147456,-97776.703125
10645,PPO,env8,163840,-98509.7734375
10646,PPO,env8,180224,-98644.390625
10647,PPO,env8,196608,-99016.4140625
10648,PPO,env8,212992,-99587.296875
10649,PPO,env8,229376,-98379.921875
10650,PPO,env8,245760,-99565.390625
10651,PPO,env8,262144,-98869.078125
10652,PPO,env8,278528,-98770.3828125
10653,PPO,env8,294912,-98759.3828125
10654,PPO,env8,311296,-99429.296875
10655,PPO,env8,327680,-98990.9453125
10656,PPO,env8,344064,-98656.3125
10657,PPO,env8,360448,-99243.7109375
10658,PPO,env8,376832,-98669.15625
10659,PPO,env8,393216,-98764.6484375
10660,PPO,env8,409600,-97823.109375
10661,PPO,env8,425984,-98908.8125
10662,PPO,env8,442368,-99945.8046875
10663,PPO,env8,458752,-98634.71875
10664,PPO,env8,475136,-98603.0390625
10665,PPO,env8,491520,-99086.453125
10666,PPO,env8,507904,-99771.15625
10667,PPO,env8,524288,-99771.0625
10668,PPO,env8,540672,-99248.7578125
10669,PPO,env8,557056,-98742.609375
10670,PPO,env8,573440,-99917.1796875
10671,PPO,env8,589824,-99418.9453125
10672,PPO,env8,606208,-99802.125
10673,PPO,env8,622592,-99373.75
10674,PPO,env8,638976,-99254.4296875
10675,PPO,env8,655360,-99854.546875
10676,PPO,env8,671744,-99922.7578125
10677,PPO,env8,688128,-99251.6875
10678,PPO,env8,704512,-100087.4453125
10679,PPO,env8,720896,-99951.6484375
10680,PPO,env8,737280,-100703.703125
10681,PPO,env8,753664,-99007.6015625
10682,PPO,env8,770048,-98751.28125
10683,PPO,env8,786432,-97413.984375
10684,PPO,env8,802816,-99629.3984375
10685,PPO,env8,819200,-100089.578125
10686,PPO,env8,835584,-99293.8828125
10687,PPO,env8,851968,-98991.125
10688,PPO,env8,868352,-97351.65625
10689,PPO,env8,884736,-98989.9921875
10690,PPO,env8,901120,-99085.2421875
10691,PPO,env8,917504,-98780.609375
10692,PPO,env8,933888,-99283.203125
10693,PPO,env8,950272,-98442.9921875
10694,PPO,env8,966656,-99401.3515625
10695,PPO,env8,983040,-99530.5703125
10696,PPO,env8,999424,-98783.96875
10697,PPO,env8,1015808,-98936.0234375
10698,PPO,env8,1032192,-98908.5390625
10699,PPO,env8,1048576,-98626.2734375
10700,PPO,env8,1064960,-98016.8046875
10701,PPO,env8,1081344,-98313.8828125
10702,PPO,env8,1097728,-98831.921875
10703,PPO,env8,1114112,-98884.15625
10704,PPO,env8,1130496,-98562.9765625
10705,PPO,env8,1146880,-98782.765625
10706,PPO,env8,1163264,-98958.8671875
10707,PPO,env8,1179648,-97945.9453125
10708,PPO,env8,1196032,-98894.1328125
10709,PPO,env8,1212416,-98062.8828125
10710,PPO,env8,1228800,-99107.8828125
10711,PPO,env8,1245184,-98348.4921875
10712,PPO,env8,1261568,-98387.1171875
10713,PPO,env8,1277952,-98992.7109375
10714,PPO,env8,1294336,-98750.578125
10715,PPO,env8,1310720,-98868.1484375
10716,PPO,env8,1327104,-98693.2890625
10717,PPO,env8,1343488,-99411.890625
10718,PPO,env8,1359872,-98653.9453125
10719,PPO,env8,1376256,-98867.3203125
10720,PPO,env8,1392640,-96061.1015625
10721,PPO,env8,1409024,-96776.1328125
10722,PPO,env8,1425408,-96932.0859375
10723,PPO,env8,1441792,-97284.2890625
10724,PPO,env8,1458176,-98027.21875
10725,PPO,env8,1474560,-97973.359375
10726,PPO,env8,1490944,-97760.8359375
10727,PPO,env8,1507328,-98281.4296875
10728,PPO,env8,1523712,-97938.6640625
10729,PPO,env8,1540096,-97656.5546875
10730,PPO,env8,1556480,-96745.8515625
10731,PPO,env8,1572864,-96953.140625
10732,PPO,env8,1589248,-98941.90625
10733,PPO,env8,1605632,-97294.03125
10734,PPO,env8,1622016,-97217.7734375
10735,PPO,env8,1638400,-97466.71875
10736,PPO,env8,1654784,-97806.5234375
10737,PPO,env8,1671168,-97527.0859375
10738,PPO,env8,1687552,-97951.4609375
10739,PPO,env8,1703936,-99090.921875
10740,PPO,env8,1720320,-97824.4921875
10741,PPO,env8,1736704,-99003.5703125
10742,PPO,env8,1753088,-97704.9609375
10743,PPO,env8,1769472,-98765.8984375
10744,PPO,env8,1785856,-97860.1875
10745,PPO,env8,1802240,-99082.09375
10746,PPO,env8,1818624,-98337.6015625
10747,PPO,env8,1835008,-98318.34375
10748,PPO,env8,1851392,-98526.0546875
10749,PPO,env8,1867776,-98467.2578125
10750,PPO,env8,1884160,-97684.6875
10751,PPO,env8,1900544,-98699.5078125
10752,PPO,env8,1916928,-98650.7578125
10753,PPO,env8,1933312,-99496.265625
10754,PPO,env8,1949696,-99099.7734375
10755,PPO,env8,1966080,-99336.640625
10756,PPO,env8,1982464,-98677.8984375
10757,PPO,env8,1998848,-99913.9765625
10758,PPO,env8,2015232,-98985.625
10759,TQC,env1,192,-92708.125
10760,TQC,env1,336,-92682.3125
10761,TQC,env1,652,-91876.5390625
10762,TQC,env1,1096,-92854.828125
10763,TQC,env1,1424,-92952.734375
10764,TQC,env1,3012,-92991.9453125
10765,TQC,env1,3744,-91974.671875
10766,TQC,env1,4460,-84983.34375
10767,TQC,env1,4908,-79531.8984375
10768,TQC,env1,5940,-80379.8828125
10769,TQC,env1,6628,-81341.8515625
10770,TQC,env1,6740,-82105.1796875
10771,TQC,env1,7168,-83138.2421875
10772,TQC,env1,7912,-83324.6640625
10773,TQC,env1,8892,-83841.3359375
10774,TQC,env1,9488,-80986.6015625
10775,TQC,env1,9996,-81686.3828125
10776,TQC,env1,10000,-81686.3828125
10777,TQC,env1,10432,-82305.3828125
10778,TQC,env1,10700,-82993.03125
10779,TQC,env1,11380,-83518.2734375
10780,TQC,env1,11764,-83722.109375
10781,TQC,env1,12252,-84134.0703125
10782,TQC,env1,12552,-84403.2890625
10783,TQC,env1,13360,-84560.328125
10784,TQC,env1,13524,-84891.0546875
10785,TQC,env1,14100,-84689.828125
10786,TQC,env1,14732,-84297.8125
10787,TQC,env1,15352,-83998.7265625
10788,TQC,env1,15876,-83783.9140625
10789,TQC,env1,16424,-83869.0859375
10790,TQC,env1,16976,-83650.6796875
10791,TQC,env1,17628,-83827.890625
10792,TQC,env1,17824,-85994.53125
10793,TQC,env1,18628,-88191.4296875
10794,TQC,env1,19304,-88163.671875
10795,TQC,env1,20000,-88051.140625
10796,TQC,env1,20284,-88052.96875
10797,TQC,env1,20740,-88042.828125
10798,TQC,env1,21336,-87749.296875
10799,TQC,env1,21884,-87827.546875
10800,TQC,env1,22608,-87797.453125
10801,TQC,env1,22960,-89781.890625
10802,TQC,env1,23428,-89675.7421875
10803,TQC,env1,23920,-89473.1640625
10804,TQC,env1,24628,-89068.1796875
10805,TQC,env1,25408,-88757.0859375
10806,TQC,env1,25780,-88869.53125
10807,TQC,env1,26596,-88779.15625
10808,TQC,env1,27348,-88676.296875
10809,TQC,env1,27744,-88661.484375
10810,TQC,env1,28380,-88458.2578125
10811,TQC,env1,29196,-88362.1953125
10812,TQC,env1,29780,-88374.2578125
10813,TQC,env1,30000,-88374.2578125
10814,TQC,env1,30948,-88586.9296875
10815,TQC,env1,31292,-88581.953125
10816,TQC,env1,31620,-88177.6796875
10817,TQC,env1,32396,-88180.984375
10818,TQC,env1,33092,-88075.7734375
10819,TQC,env1,33836,-87786.40625
10820,TQC,env1,34616,-87704.0
10821,TQC,env1,35732,-87804.4140625
10822,TQC,env1,36188,-87790.578125
10823,TQC,env1,37004,-85390.03125
10824,TQC,env1,38052,-85377.3671875
10825,TQC,env1,38696,-83184.5390625
10826,TQC,env1,39464,-83181.515625
10827,TQC,env1,40000,-83184.765625
10828,TQC,env1,40396,-83084.0390625
10829,TQC,env1,41176,-82889.671875
10830,TQC,env1,41852,-82786.5234375
10831,TQC,env1,42664,-82693.4296875
10832,TQC,env1,43768,-82777.0625
10833,TQC,env1,44824,-82367.7265625
10834,TQC,env1,45244,-82258.7421875
10835,TQC,env1,45720,-82357.3515625
10836,TQC,env1,46956,-82372.4453125
10837,TQC,env1,47580,-82471.75
10838,TQC,env1,48028,-82467.8671875
10839,TQC,env1,49384,-78277.5546875
10840,TQC,env1,49920,-78358.703125
10841,TQC,env1,50000,-78262.8984375
10842,TQC,env1,51444,-75960.2578125
10843,TQC,env1,51976,-75961.1875
10844,TQC,env1,52696,-75878.9453125
10845,TQC,env1,54112,-75687.578125
10846,TQC,env1,55636,-71384.0390625
10847,TQC,env1,56468,-71275.2421875
10848,TQC,env1,57348,-71369.6640625
10849,TQC,env1,58348,-70971.46875
10850,TQC,env1,59024,-73270.6328125
10851,TQC,env1,59716,-73280.453125
10852,TQC,env1,60000,-75573.65625
10853,TQC,env1,60156,-75572.6171875
10854,TQC,env1,60812,-75470.78125
10855,TQC,env1,61628,-75577.6640625
10856,TQC,env1,63504,-75278.4921875
10857,TQC,env1,64160,-73000.296875
10858,TQC,env1,65192,-70795.09375
10859,TQC,env1,66168,-70696.1171875
10860,TQC,env1,67728,-70906.640625
10861,TQC,env1,68168,-70906.25
10862,TQC,env1,69904,-70513.7578125
10863,TQC,env1,70000,-70513.7578125
10864,TQC,env1,70788,-70400.1484375
10865,TQC,env1,72000,-70111.7109375
10866,TQC,env1,73800,-70025.1875
10867,TQC,env1,74880,-74401.171875
10868,TQC,env1,75532,-74113.8671875
10869,TQC,env1,77484,-76316.5078125
10870,TQC,env1,78408,-76515.578125
10871,TQC,env1,79236,-76603.046875
10872,TQC,env1,80000,-74503.671875
10873,TQC,env1,80132,-74601.046875
10874,TQC,env1,80436,-79197.625
10875,TQC,env1,81204,-79187.3046875
10876,TQC,env1,81720,-76884.53125
10877,TQC,env1,83032,-77086.8515625
10878,TQC,env1,84552,-76993.296875
10879,TQC,env1,85112,-76884.828125
10880,TQC,env1,86240,-76889.1484375
10881,TQC,env1,87452,-76993.0859375
10882,TQC,env1,88344,-76892.453125
10883,TQC,env1,89556,-77190.1953125
10884,TQC,env1,90000,-77088.59375
10885,TQC,env1,90708,-77173.9296875
10886,TQC,env1,91648,-79379.0234375
10887,TQC,env1,92564,-79577.0390625
10888,TQC,env1,93292,-79762.984375
10889,TQC,env1,94268,-79762.7734375
10890,TQC,env1,95056,-79962.796875
10891,TQC,env1,96084,-79962.765625
10892,TQC,env1,97104,-80157.3984375
10893,TQC,env1,98392,-80252.9609375
10894,TQC,env1,99736,-79955.7265625
10895,TQC,env1,100000,-79955.7265625
10896,TQC,env1,100708,-79946.6484375
10897,TQC,env1,102196,-77651.9375
10898,TQC,env1,102804,-75352.171875
10899,TQC,env1,103644,-75146.4453125
10900,TQC,env1,104616,-77243.2578125
10901,TQC,env1,105984,-77144.046875
10902,TQC,env1,107540,-76756.8515625
10903,TQC,env1,108336,-78762.8515625
10904,TQC,env1,109412,-79059.78125
10905,TQC,env1,110000,-79259.390625
10906,TQC,env1,110040,-79255.6875
10907,TQC,env1,110960,-79351.1875
10908,TQC,env1,111920,-79150.4765625
10909,TQC,env1,113488,-78657.1640625
10910,TQC,env1,114232,-78549.015625
10911,TQC,env1,116112,-76353.5546875
10912,TQC,env1,117288,-78660.9453125
10913,TQC,env1,118248,-78760.7109375
10914,TQC,env1,119108,-78462.453125
10915,TQC,env1,120000,-78258.765625
10916,TQC,env1,120436,-78164.5703125
10917,TQC,env1,121540,-78071.4921875
10918,TQC,env1,122800,-78069.796875
10919,TQC,env1,124692,-77879.8125
10920,TQC,env1,127368,-77587.5234375
10921,TQC,env1,128124,-77585.890625
10922,TQC,env1,128672,-76687.3203125
10923,TQC,env1,129472,-76688.953125
10924,TQC,env1,130000,-76782.5859375
10925,TQC,env1,130152,-79078.0078125
10926,TQC,env1,130796,-81372.2265625
10927,TQC,env1,131680,-81369.7734375
10928,TQC,env1,132304,-81272.4375
10929,TQC,env1,133380,-81072.40625
10930,TQC,env1,134504,-78966.7578125
10931,TQC,env1,135884,-78867.875
10932,TQC,env1,136864,-78769.4296875
10933,TQC,env1,137468,-78567.84375
10934,TQC,env1,138336,-78367.703125
10935,TQC,env1,138960,-78565.9765625
10936,TQC,env1,139500,-78856.84375
10937,TQC,env1,140000,-78955.953125
10938,TQC,env1,140420,-79158.421875
10939,TQC,env1,142048,-81358.421875
10940,TQC,env1,142796,-81452.1875
10941,TQC,env1,143828,-81647.0703125
10942,TQC,env1,144336,-79346.578125
10943,TQC,env1,144848,-79640.25
10944,TQC,env1,145544,-79731.9609375
10945,TQC,env1,147612,-77428.53125
10946,TQC,env1,148676,-77530.546875
10947,TQC,env1,149200,-77817.390625
10948,TQC,env1,149764,-77814.703125
10949,TQC,env1,150000,-77715.59375
10950,TQC,env1,150792,-78806.609375
10951,TQC,env1,151696,-78910.9375
10952,TQC,env1,152456,-78710.25
10953,TQC,env1,153752,-77914.4296875
10954,TQC,env1,155056,-77717.0703125
10955,TQC,env1,156016,-77616.90625
10956,TQC,env1,157096,-77417.984375
10957,TQC,env1,158008,-79913.3359375
10958,TQC,env1,158372,-79907.3671875
10959,TQC,env1,159092,-79897.359375
10960,TQC,env1,159892,-79800.75
10961,TQC,env1,160000,-79800.7421875
10962,TQC,env1,160256,-79996.875
10963,TQC,env1,160924,-79495.890625
10964,TQC,env1,161716,-79498.625
10965,TQC,env1,162196,-79191.34375
10966,TQC,env1,162772,-79282.1484375
10967,TQC,env1,163812,-78980.453125
10968,TQC,env1,164432,-78879.4765625
10969,TQC,env1,165224,-81074.640625
10970,TQC,env1,165472,-80878.3984375
10971,TQC,env1,166164,-80974.0625
10972,TQC,env1,166660,-83369.796875
10973,TQC,env1,167076,-83651.6796875
10974,TQC,env1,167580,-83746.8046875
10975,TQC,env1,168784,-83841.984375
10976,TQC,env1,169472,-82553.6796875
10977,TQC,env1,169660,-82841.875
10978,TQC,env1,169772,-83036.640625
10979,TQC,env1,169940,-83825.75
10980,TQC,env1,170000,-84023.7890625
10981,TQC,env1,170092,-84315.78125
10982,TQC,env1,170208,-84706.140625
10983,TQC,env1,170316,-85194.6328125
10984,TQC,env1,170388,-85188.609375
10985,TQC,env1,170472,-85581.15625
10986,TQC,env1,170560,-85677.0703125
10987,TQC,env1,170652,-85966.8828125
10988,TQC,env1,170808,-86062.0859375
10989,TQC,env1,170908,-86556.1484375
10990,TQC,env1,171140,-86747.0546875
10991,TQC,env1,171352,-86848.84375
10992,TQC,env1,171964,-86845.5546875
10993,TQC,env1,172260,-87236.8046875
10994,TQC,env1,172640,-87330.421875
10995,TQC,env1,173076,-87531.390625
10996,TQC,env1,173384,-87630.3359375
10997,TQC,env1,173584,-87530.4140625
10998,TQC,env1,173836,-87528.2578125
10999,TQC,env1,174616,-87426.328125
11000,TQC,env1,175304,-87233.5625
11001,TQC,env1,175656,-86934.40625
11002,TQC,env1,177280,-88125.1953125
11003,TQC,env1,178200,-87930.578125
11004,TQC,env1,179296,-85543.3125
11005,TQC,env1,180000,-85250.2421875
11006,TQC,env1,180356,-85152.8515625
11007,TQC,env1,181644,-84862.2265625
11008,TQC,env1,183788,-81187.625
11009,TQC,env1,184408,-81097.7265625
11010,TQC,env1,185368,-80807.265625
11011,TQC,env1,186812,-80717.3046875
11012,TQC,env1,187644,-78129.7265625
11013,TQC,env1,188516,-75542.0546875
11014,TQC,env1,189764,-75452.65625
11015,TQC,env1,190000,-75452.65625
11016,TQC,env1,191196,-75358.03125
11017,TQC,env1,193100,-70479.4921875
11018,TQC,env1,194308,-70490.6171875
11019,TQC,env1,195632,-70499.53125
11020,TQC,env1,196528,-70312.2421875
11021,TQC,env1,199068,-69929.8828125
11022,TQC,env1,199500,-70132.234375
11023,TQC,env1,200000,-70133.578125
11024,TQC,env1,201244,-69143.03125
11025,TQC,env1,202856,-69152.4140625
11026,TQC,env1,203784,-69063.4453125
11027,TQC,env1,204408,-68076.21875
11028,TQC,env1,205540,-68074.1953125
11029,TQC,env1,205984,-68178.21875
11030,TQC,env1,206372,-68474.96875
11031,TQC,env1,206724,-68669.703125
11032,TQC,env1,208200,-70868.2421875
11033,TQC,env1,208628,-71163.8671875
11034,TQC,env1,210000,-71164.0078125
11035,TQC,env1,210520,-71162.40625
11036,TQC,env1,211196,-73355.3828125
11037,TQC,env1,212080,-73252.6484375
11038,TQC,env1,212672,-73545.84375
11039,TQC,env1,213356,-73639.1796875
11040,TQC,env1,214584,-76132.5078125
11041,TQC,env1,215088,-77432.6328125
11042,TQC,env1,215452,-77430.359375
11043,TQC,env1,215776,-77528.0078125
11044,TQC,env1,216336,-82312.28125
11045,TQC,env1,217196,-82500.2734375
11046,TQC,env1,218180,-82297.7890625
11047,TQC,env1,218444,-80192.7265625
11048,TQC,env1,218972,-80578.1171875
11049,TQC,env1,219340,-80473.15625
11050,TQC,env1,220000,-81460.609375
11051,TQC,env1,220168,-81557.6640625
11052,TQC,env1,222052,-81455.9375
11053,TQC,env1,223676,-80464.0703125
11054,TQC,env1,226440,-80371.1875
11055,TQC,env1,226908,-80277.59375
11056,TQC,env1,229828,-76993.4765625
11057,TQC,env1,230000,-76993.4765625
11058,TQC,env1,230732,-75811.5859375
11059,TQC,env1,231600,-75814.65625
11060,TQC,env1,232336,-75912.5703125
11061,TQC,env1,233752,-76017.3359375
11062,TQC,env1,234332,-76317.828125
11063,TQC,env1,235380,-77514.2578125
11064,TQC,env1,236648,-77419.265625
11065,TQC,env1,236940,-77121.5078125
11066,TQC,env1,238120,-76828.5078125
11067,TQC,env1,239096,-76630.84375
11068,TQC,env1,239608,-75326.53125
11069,TQC,env1,239980,-75020.625
11070,TQC,env1,240000,-75020.625
11071,TQC,env1,240568,-74618.9375
11072,TQC,env1,241200,-74217.8828125
11073,TQC,env1,241900,-73820.0625
11074,TQC,env1,243804,-73526.8125
11075,TQC,env1,244604,-75423.1953125
11076,TQC,env1,245060,-74927.9609375
11077,TQC,env1,245280,-74529.6484375
11078,TQC,env1,245724,-74128.15625
11079,TQC,env1,246968,-73925.7890625
11080,TQC,env1,248444,-74712.234375
11081,TQC,env1,249744,-73301.3203125
11082,TQC,env1,250000,-70909.25
11083,TQC,env1,250724,-71000.3046875
11084,TQC,env1,253948,-71890.7734375
11085,TQC,env1,254640,-71780.1796875
11086,TQC,env1,257188,-70296.4296875
11087,TQC,env1,259468,-67818.1796875
11088,TQC,env1,260000,-67816.578125
11089,TQC,env1,260716,-67816.84375
11090,TQC,env1,262724,-66727.078125
11091,TQC,env1,266056,-64754.12109375
11092,TQC,env1,267236,-64056.953125
11093,TQC,env1,269844,-64275.88671875
11094,TQC,env1,270000,-64388.59765625
11095,TQC,env1,270692,-64486.64453125
11096,TQC,env1,274392,-62405.72265625
11097,TQC,env1,278016,-61640.3125
11098,TQC,env1,280000,-61650.73828125
11099,TQC,env1,282016,-58682.66015625
11100,TQC,env1,285844,-57822.13671875
11101,TQC,env1,287872,-56351.94921875
11102,TQC,env1,290000,-56351.94921875
11103,TQC,env1,291756,-54581.90234375
11104,TQC,env1,292956,-53888.3203125
11105,TQC,env1,295100,-53004.140625
11106,TQC,env1,296328,-53410.8984375
11107,TQC,env1,297684,-53922.140625
11108,TQC,env1,299248,-54329.640625
11109,TQC,env1,300000,-54535.91796875
11110,TQC,env1,300408,-53644.48046875
11111,TQC,env1,301064,-53945.5390625
11112,TQC,env1,301672,-56540.1640625
11113,TQC,env1,302228,-59036.1171875
11114,TQC,env1,304592,-61529.83984375
11115,TQC,env1,305848,-61940.921875
11116,TQC,env1,306524,-63327.51953125
11117,TQC,env1,310000,-63524.29296875
11118,TQC,env1,310524,-63729.19140625
11119,TQC,env1,311676,-61649.7578125
11120,TQC,env1,313920,-61547.98046875
11121,TQC,env1,315676,-61831.51171875
11122,TQC,env1,316724,-61738.14453125
11123,TQC,env1,320000,-60839.1171875
11124,TQC,env1,320712,-58952.046875
11125,TQC,env1,323676,-56762.46484375
11126,TQC,env1,324712,-57947.3046875
11127,TQC,env1,325392,-61110.3203125
11128,TQC,env1,325680,-63482.11328125
11129,TQC,env1,326156,-64544.5546875
11130,TQC,env1,326584,-66512.203125
11131,TQC,env1,327084,-68479.46875
11132,TQC,env1,327752,-69561.421875
11133,TQC,env1,329252,-70546.4140625
11134,TQC,env1,329928,-69247.7265625
11135,TQC,env1,330000,-69247.7265625
11136,TQC,env1,331856,-68938.875
11137,TQC,env1,334420,-66558.84375
11138,TQC,env1,336272,-65256.6328125
11139,TQC,env1,336768,-64158.84375
11140,TQC,env1,337456,-64158.46875
11141,TQC,env1,337944,-64153.9296875
11142,TQC,env1,339824,-63155.8984375
11143,TQC,env1,340000,-63155.8984375
11144,TQC,env1,343012,-61761.7890625
11145,TQC,env1,344584,-59886.65234375
11146,TQC,env1,348412,-58489.04296875
11147,TQC,env1,350000,-58489.04296875
11148,TQC,env1,351548,-57885.953125
11149,TQC,env1,355548,-55405.58203125
11150,TQC,env1,357072,-53697.484375
11151,TQC,env1,360000,-53497.83984375
11152,TQC,env1,360976,-52201.95703125
11153,TQC,env1,361856,-53673.58984375
11154,TQC,env1,362668,-55545.96875
11155,TQC,env1,364512,-55456.0859375
11156,TQC,env1,367740,-53271.203125
11157,TQC,env1,369284,-51674.91015625
11158,TQC,env1,370000,-51674.91015625
11159,TQC,env1,372772,-49509.16796875
11160,TQC,env1,375316,-48025.61328125
11161,TQC,env1,377260,-46744.95703125
11162,TQC,env1,380000,-46551.546875
11163,TQC,env1,380272,-46353.75390625
11164,TQC,env1,381340,-44177.6875
11165,TQC,env1,384252,-44977.44140625
11166,TQC,env1,385516,-44785.12890625
11167,TQC,env1,387152,-45668.50390625
11168,TQC,env1,388852,-47465.28125
11169,TQC,env1,390000,-48267.8671875
11170,TQC,env1,390644,-48169.8203125
11171,TQC,env1,391816,-47675.35546875
11172,TQC,env1,393340,-47284.15234375
11173,TQC,env1,394988,-47987.58984375
11174,TQC,env1,397504,-48879.453125
11175,TQC,env1,399368,-48261.34765625
11176,TQC,env1,400000,-47164.328125
11177,TQC,env1,401708,-50348.74609375
11178,TQC,env1,403924,-51446.5546875
11179,TQC,env1,406664,-53535.58984375
11180,TQC,env1,409152,-55736.09375
11181,TQC,env1,410000,-55736.09375
11182,TQC,env1,410808,-57920.8203125
11183,TQC,env1,411952,-57925.796875
11184,TQC,env1,412768,-56934.76953125
11185,TQC,env1,414580,-57824.6640625
11186,TQC,env1,414860,-59808.7890625
11187,TQC,env1,416320,-61997.03515625
11188,TQC,env1,416984,-62868.7109375
11189,TQC,env1,419916,-62775.19921875
11190,TQC,env1,420000,-62775.19921875
11191,TQC,env1,423216,-62672.5546875
11192,TQC,env1,426704,-59695.74609375
11193,TQC,env1,429960,-59499.87109375
11194,TQC,env1,430000,-59499.87109375
11195,TQC,env1,432444,-57511.1640625
11196,TQC,env1,435296,-57618.07421875
11197,TQC,env1,437260,-58726.26171875
11198,TQC,env1,438804,-57929.33203125
11199,TQC,env1,440000,-57929.33203125
11200,TQC,env1,441824,-58030.0859375
11201,TQC,env1,443960,-57133.859375
11202,TQC,env1,444380,-56133.578125
11203,TQC,env1,444636,-55229.05078125
11204,TQC,env1,444932,-56308.75
11205,TQC,env1,445396,-58494.265625
11206,TQC,env1,445816,-59579.15625
11207,TQC,env1,446724,-60760.98046875
11208,TQC,env1,447740,-61939.45703125
11209,TQC,env1,448412,-63024.78125
11210,TQC,env1,450000,-63021.49609375
11211,TQC,env1,450060,-62031.14453125
11212,TQC,env1,450580,-63120.47265625
11213,TQC,env1,451048,-64114.375
11214,TQC,env1,451328,-64104.8515625
11215,TQC,env1,451588,-64101.10546875
11216,TQC,env1,452036,-63202.46484375
11217,TQC,env1,452612,-64294.56640625
11218,TQC,env1,453292,-65473.00390625
11219,TQC,env1,453952,-66653.5625
11220,TQC,env1,454496,-69821.2578125
11221,TQC,env1,455428,-72089.8828125
11222,TQC,env1,455956,-73275.828125
11223,TQC,env1,456208,-72263.75
11224,TQC,env1,456948,-72246.015625
11225,TQC,env1,457948,-73231.640625
11226,TQC,env1,458512,-73217.5625
11227,TQC,env1,458968,-74207.90625
11228,TQC,env1,459584,-74308.4765625
11229,TQC,env1,460000,-75299.875
11230,TQC,env1,460116,-75302.0546875
11231,TQC,env1,460340,-75301.8203125
11232,TQC,env1,460604,-75301.625
11233,TQC,env1,460828,-75296.5625
11234,TQC,env1,461080,-75291.8984375
11235,TQC,env1,461608,-75290.3359375
11236,TQC,env1,461752,-75289.0703125
11237,TQC,env1,461984,-76271.21875
11238,TQC,env1,462136,-76267.28125
11239,TQC,env1,462292,-76167.5546875
11240,TQC,env1,462412,-76165.6640625
11241,TQC,env1,462764,-76166.015625
11242,TQC,env1,464832,-77064.0
11243,TQC,env1,465252,-77077.5390625
11244,TQC,env1,466180,-77078.53125
11245,TQC,env1,466416,-77084.140625
11246,TQC,env1,466752,-77080.8125
11247,TQC,env1,467156,-77081.328125
11248,TQC,env1,468460,-78076.171875
11249,TQC,env1,468576,-78971.7265625
11250,TQC,env1,468776,-78969.515625
11251,TQC,env1,469020,-78964.1875
11252,TQC,env1,469604,-78964.9453125
11253,TQC,env1,470000,-78962.859375
11254,TQC,env1,470256,-78963.7109375
11255,TQC,env1,470680,-79950.7265625
11256,TQC,env1,470928,-79851.453125
11257,TQC,env1,471928,-79857.4375
11258,TQC,env1,472164,-79858.71875
11259,TQC,env1,472404,-79857.1953125
11260,TQC,env1,472852,-79856.796875
11261,TQC,env1,473216,-79856.203125
11262,TQC,env1,473432,-79863.3046875
11263,TQC,env1,473576,-79863.640625
11264,TQC,env1,473768,-79863.59375
11265,TQC,env1,473980,-79956.984375
11266,TQC,env1,474220,-79963.03125
11267,TQC,env1,474572,-79964.0
11268,TQC,env1,475004,-79955.890625
11269,TQC,env1,475892,-79846.765625
11270,TQC,env1,479116,-79559.9375
11271,TQC,env1,479604,-78372.015625
11272,TQC,env1,480000,-78372.5
11273,TQC,env1,483068,-78085.125
11274,TQC,env1,484828,-75700.578125
11275,TQC,env1,486972,-75307.390625
11276,TQC,env1,489964,-74021.5234375
11277,TQC,env1,490000,-74021.5234375
11278,TQC,env1,492208,-73839.3125
11279,TQC,env1,494528,-72565.1796875
11280,TQC,env1,496640,-72382.71875
11281,TQC,env1,499148,-72294.5234375
11282,TQC,env1,500000,-70101.15625
11283,TQC,env1,501052,-70010.609375
11284,TQC,env1,502888,-69828.5078125
11285,TQC,env1,505188,-69733.5625
11286,TQC,env1,505628,-69732.0546875
11287,TQC,env1,506032,-68647.6171875
11288,TQC,env1,506264,-68647.578125
11289,TQC,env1,506480,-68646.0078125
11290,TQC,env1,506772,-68542.1875
11291,TQC,env1,506984,-68542.125
11292,TQC,env1,507200,-68541.8515625
11293,TQC,env1,507420,-68541.8828125
11294,TQC,env1,507636,-68535.7421875
11295,TQC,env1,507844,-68533.59375
11296,TQC,env1,507968,-68538.9453125
11297,TQC,env1,508072,-68637.3046875
11298,TQC,env1,508176,-68919.4609375
11299,TQC,env1,508292,-70101.171875
11300,TQC,env1,508396,-70387.6875
11301,TQC,env1,508504,-72769.4921875
11302,TQC,env1,508608,-73154.0234375
11303,TQC,env1,508712,-74534.4375
11304,TQC,env1,508856,-74716.6875
11305,TQC,env1,509064,-75989.875
11306,TQC,env1,509276,-76169.6328125
11307,TQC,env1,509484,-76253.640625
11308,TQC,env1,509692,-78537.5234375
11309,TQC,env1,509876,-78817.640625
11310,TQC,env1,509980,-78909.1953125
11311,TQC,env1,510000,-78909.1953125
11312,TQC,env1,510088,-78909.1171875
11313,TQC,env1,510192,-79993.421875
11314,TQC,env1,510296,-79993.3203125
11315,TQC,env1,510400,-79993.28125
11316,TQC,env1,510504,-80088.203125
11317,TQC,env1,510608,-80088.1484375
11318,TQC,env1,510716,-80088.0703125
11319,TQC,env1,510816,-80087.96875
11320,TQC,env1,510920,-80087.9296875
11321,TQC,env1,511024,-80087.9296875
11322,TQC,env1,511128,-80082.5234375
11323,TQC,env1,511240,-80078.9453125
11324,TQC,env1,511340,-80078.8515625
11325,TQC,env1,511444,-80078.84375
11326,TQC,env1,511548,-80078.828125
11327,TQC,env1,511656,-80078.8515625
11328,TQC,env1,511764,-80078.8203125
11329,TQC,env1,511868,-80078.8046875
11330,TQC,env1,511976,-80078.796875
11331,TQC,env1,512080,-80078.8125
11332,TQC,env1,512240,-80078.875
11333,TQC,env1,512408,-80078.9140625
11334,TQC,env1,512520,-80079.84375
11335,TQC,env1,512660,-80077.375
11336,TQC,env1,512804,-80074.7109375
11337,TQC,env1,513036,-80074.8046875
11338,TQC,env1,513376,-80076.7109375
11339,TQC,env1,514736,-80085.7421875
11340,TQC,env1,515524,-79993.3984375
11341,TQC,env1,517728,-79909.53125
11342,TQC,env1,520000,-79727.953125
11343,TQC,env1,520440,-79737.0390625
11344,TQC,env1,522748,-79550.7421875
11345,TQC,env1,524492,-79170.546875
11346,TQC,env1,525424,-78985.1953125
11347,TQC,env1,526500,-78992.234375
11348,TQC,env1,527660,-78905.203125
11349,TQC,env1,529100,-78714.65625
11350,TQC,env1,530000,-78524.8359375
11351,TQC,env1,530328,-78525.8359375
11352,TQC,env1,531600,-78536.1953125
11353,TQC,env1,534032,-77552.109375
11354,TQC,env1,535056,-76470.6796875
11355,TQC,env1,536692,-74182.3125
11356,TQC,env1,538148,-73892.9609375
11357,TQC,env1,539888,-72712.8046875
11358,TQC,env1,540000,-72714.0546875
11359,TQC,env1,541144,-72618.4296875
11360,TQC,env1,541764,-72525.1796875
11361,TQC,env1,543188,-72439.2109375
11362,TQC,env1,544884,-72351.96875
11363,TQC,env1,545556,-71366.078125
11364,TQC,env1,546244,-71372.109375
11365,TQC,env1,547388,-71279.8671875
11366,TQC,env1,547964,-71183.2578125
11367,TQC,env1,549764,-71085.53125
11368,TQC,env1,550000,-71082.328125
11369,TQC,env1,551420,-71087.0390625
11370,TQC,env1,552224,-71083.1796875
11371,TQC,env1,553284,-71169.359375
11372,TQC,env1,554320,-71362.5703125
11373,TQC,env1,555700,-69451.7734375
11374,TQC,env1,556272,-69547.0078125
11375,TQC,env1,556848,-69345.84375
11376,TQC,env1,557676,-69438.765625
11377,TQC,env1,558712,-69537.75
11378,TQC,env1,560000,-69731.8125
11379,TQC,env1,560052,-69730.8984375
11380,TQC,env1,560236,-69823.890625
11381,TQC,env1,560368,-71207.609375
11382,TQC,env1,560512,-72688.65625
11383,TQC,env1,560652,-75376.640625
11384,TQC,env1,560788,-76065.6015625
11385,TQC,env1,560936,-77645.421875
11386,TQC,env1,561080,-77944.453125
11387,TQC,env1,561172,-78437.453125
11388,TQC,env1,561332,-78923.109375
11389,TQC,env1,561964,-79219.5234375
11390,TQC,env1,562688,-80210.015625
11391,TQC,env1,564156,-80014.7734375
11392,TQC,env1,565924,-80116.9921875
11393,TQC,env1,567468,-79229.1953125
11394,TQC,env1,569044,-78229.84375
11395,TQC,env1,570000,-78131.2421875
11396,TQC,env1,570348,-78129.4609375
11397,TQC,env1,571096,-78129.0
11398,TQC,env1,572728,-74830.8125
11399,TQC,env1,575952,-72854.1953125
11400,TQC,env1,576624,-75050.8203125
11401,TQC,env1,577036,-74154.5703125
11402,TQC,env1,577608,-74252.2265625
11403,TQC,env1,579096,-74249.84375
11404,TQC,env1,580000,-74248.5546875
11405,TQC,env1,581268,-73155.0
11406,TQC,env1,581844,-71070.6015625
11407,TQC,env1,582800,-70871.7421875
11408,TQC,env1,584888,-70183.546875
11409,TQC,env1,586204,-69694.84375
11410,TQC,env1,586912,-68206.328125
11411,TQC,env1,588072,-66720.2578125
11412,TQC,env1,589136,-66323.84375
11413,TQC,env1,590000,-66328.828125
11414,TQC,env1,590576,-66139.015625
11415,TQC,env1,591600,-65748.640625
11416,TQC,env1,592860,-65159.55859375
11417,TQC,env1,594056,-64755.0234375
11418,TQC,env1,595236,-64660.8203125
11419,TQC,env1,596228,-64855.49609375
11420,TQC,env1,596896,-63761.609375
11421,TQC,env1,597508,-64548.83203125
11422,TQC,env1,598220,-65541.328125
11423,TQC,env1,598964,-65737.40625
11424,TQC,env1,600000,-65630.6875
11425,TQC,env1,600320,-65630.171875
11426,TQC,env1,602032,-67939.25
11427,TQC,env1,603220,-69614.6484375
11428,TQC,env1,604612,-68626.078125
11429,TQC,env1,606904,-68431.0078125
11430,TQC,env1,608100,-68532.7890625
11431,TQC,env1,609236,-67447.859375
11432,TQC,env1,610000,-67448.5390625
11433,TQC,env1,610372,-68638.6640625
11434,TQC,env1,611280,-70726.765625
11435,TQC,env1,611704,-70725.890625
11436,TQC,env1,612292,-69827.5390625
11437,TQC,env1,613132,-69922.203125
11438,TQC,env1,616440,-69937.6484375
11439,TQC,env1,620000,-68750.890625
11440,TQC,env1,620200,-68852.5546875
11441,TQC,env1,621556,-67669.9140625
11442,TQC,env1,625556,-64685.9453125
11443,TQC,env1,628808,-61606.6953125
11444,TQC,env1,630000,-60615.8984375
11445,TQC,env1,632200,-58830.94921875
11446,TQC,env1,636116,-55964.08203125
11447,TQC,env1,640000,-52891.625
11448,TQC,env1,640116,-51992.41796875
11449,TQC,env1,644116,-48025.88671875
11450,TQC,env1,647180,-46045.08984375
11451,TQC,env1,650000,-45053.46484375
11452,TQC,env1,651180,-42179.19921875
11453,TQC,env1,655168,-41203.5234375
11454,TQC,env1,658608,-39228.6015625
11455,TQC,env1,660000,-37445.5390625
11456,TQC,env1,660136,-37349.76171875
11457,TQC,env1,662260,-38336.58984375
11458,TQC,env1,663208,-37544.41796875
11459,TQC,env1,664576,-37646.0625
11460,TQC,env1,666980,-38738.8359375
11461,TQC,env1,669292,-37658.5859375
11462,TQC,env1,670000,-37666.53515625
11463,TQC,env1,670808,-38654.9453125
11464,TQC,env1,673232,-37567.3828125
11465,TQC,env1,675288,-35586.33984375
11466,TQC,env1,678060,-35604.921875
11467,TQC,env1,679548,-36710.1171875
11468,TQC,env1,680000,-36612.0390625
11469,TQC,env1,681812,-36514.9921875
11470,TQC,env1,683328,-36314.40234375
11471,TQC,env1,685628,-38399.91796875
11472,TQC,env1,687328,-39497.609375
11473,TQC,env1,688380,-42375.97265625
11474,TQC,env1,689056,-45351.63671875
11475,TQC,env1,690000,-45351.63671875
11476,TQC,env1,690992,-48230.34765625
11477,TQC,env1,692056,-51103.86328125
11478,TQC,env1,693528,-54977.21484375
11479,TQC,env1,694636,-58846.8515625
11480,TQC,env1,695388,-59721.37109375
11481,TQC,env1,696100,-63787.14453125
11482,TQC,env1,697016,-62663.5
11483,TQC,env1,698388,-64444.37109375
11484,TQC,env1,699828,-66524.390625
11485,TQC,env1,700000,-66524.390625
11486,TQC,env1,700508,-65631.703125
11487,TQC,env1,700992,-66720.4609375
11488,TQC,env1,701356,-67704.3359375
11489,TQC,env1,703748,-67703.7265625
11490,TQC,env1,705732,-67598.0625
11491,TQC,env1,708684,-64509.21484375
11492,TQC,env1,710000,-64310.81640625
11493,TQC,env1,710788,-64409.5078125
11494,TQC,env1,712876,-64211.9453125
11495,TQC,env1,714112,-64198.890625
11496,TQC,env1,716716,-63999.6796875
11497,TQC,env1,718596,-64105.92578125
11498,TQC,env1,720000,-65004.73828125
11499,TQC,env1,720716,-64104.45703125
11500,TQC,env1,723296,-64108.9140625
11501,TQC,env1,725812,-64017.515625
11502,TQC,env1,729164,-64024.7578125
11503,TQC,env1,730000,-63031.82421875
11504,TQC,env1,731636,-59842.29296875
11505,TQC,env1,735128,-57861.453125
11506,TQC,env1,737736,-55778.953125
11507,TQC,env1,739304,-55988.5390625
11508,TQC,env1,740000,-55988.5390625
11509,TQC,env1,741812,-54897.203125
11510,TQC,env1,743768,-52604.69140625
11511,TQC,env1,747392,-50430.53125
11512,TQC,env1,748796,-51547.4765625
11513,TQC,env1,750000,-51647.98046875
11514,TQC,env1,751644,-51657.23046875
11515,TQC,env1,754576,-50575.02734375
11516,TQC,env1,756896,-50384.48828125
11517,TQC,env1,760000,-50297.59375
11518,TQC,env1,760132,-49306.9921875
11519,TQC,env1,762456,-47034.50390625
11520,TQC,env1,765048,-47143.828125
11521,TQC,env1,768568,-46357.55078125
11522,TQC,env1,770000,-48553.453125
11523,TQC,env1,770676,-49445.9453125
11524,TQC,env1,772272,-49650.6796875
11525,TQC,env1,774472,-49640.71484375
11526,TQC,env1,776272,-48752.18359375
11527,TQC,env1,780000,-46762.19921875
11528,TQC,env1,780272,-45767.85546875
11529,TQC,env1,782852,-44772.27734375
11530,TQC,env1,786844,-44080.34375
11531,TQC,env1,788176,-40782.86328125
11532,TQC,env1,790000,-39881.09375
11533,TQC,env1,790200,-39778.74609375
11534,TQC,env1,794200,-37687.2890625
11535,TQC,env1,796484,-41882.390625
11536,TQC,env1,799236,-42878.24609375
11537,TQC,env1,800000,-42977.78125
11538,TQC,env1,800860,-45163.55078125
11539,TQC,env1,804860,-40879.3203125
11540,TQC,env1,806912,-40983.734375
11541,TQC,env1,810000,-42987.08984375
11542,TQC,env1,810076,-45088.66796875
11543,TQC,env1,811644,-44885.6484375
11544,TQC,env1,815128,-42794.75
11545,TQC,env1,817436,-42686.81640625
11546,TQC,env1,819292,-43584.8125
11547,TQC,env1,820000,-43584.8125
11548,TQC,env1,821948,-42584.7578125
11549,TQC,env1,823996,-43372.18359375
11550,TQC,env1,825948,-44564.52734375
11551,TQC,env1,827812,-44259.421875
11552,TQC,env1,830000,-44058.55859375
11553,TQC,env1,830756,-43956.23046875
11554,TQC,env1,832368,-41861.91796875
11555,TQC,env1,834336,-42552.92578125
11556,TQC,env1,835956,-44546.83203125
11557,TQC,env1,837708,-45242.6015625
11558,TQC,env1,838920,-48419.37890625
11559,TQC,env1,840000,-48419.76171875
11560,TQC,env1,842096,-49312.0234375
11561,TQC,env1,842760,-50101.765625
11562,TQC,env1,844672,-53294.43359375
11563,TQC,env1,846960,-54387.7421875
11564,TQC,env1,848996,-56475.45703125
11565,TQC,env1,850000,-56475.45703125
11566,TQC,env1,850772,-53281.92578125
11567,TQC,env1,853000,-54169.20703125
11568,TQC,env1,855976,-50681.8828125
11569,TQC,env1,859156,-53571.69921875
11570,TQC,env1,860000,-53571.69921875
11571,TQC,env1,862164,-53374.4921875
11572,TQC,env1,865480,-52672.0
11573,TQC,env1,866284,-52767.5625
11574,TQC,env1,867944,-55850.23828125
11575,TQC,env1,869344,-55949.67578125
11576,TQC,env1,870000,-56046.23828125
11577,TQC,env1,871508,-53839.02734375
11578,TQC,env1,873096,-55825.83984375
11579,TQC,env1,873896,-55025.69140625
11580,TQC,env1,875964,-55911.8203125
11581,TQC,env1,877416,-56213.234375
11582,TQC,env1,878736,-57303.79296875
11583,TQC,env1,880000,-57296.1015625
11584,TQC,env1,880232,-59488.84375
11585,TQC,env1,881568,-57488.3046875
11586,TQC,env1,883860,-56497.94921875
11587,TQC,env1,884736,-56791.08984375
11588,TQC,env1,885564,-56785.92578125
11589,TQC,env1,887224,-54684.5390625
11590,TQC,env1,889616,-54776.203125
11591,TQC,env1,890000,-53683.28515625
11592,TQC,env1,891224,-52780.984375
11593,TQC,env1,891696,-52771.9375
11594,TQC,env1,892328,-52855.34375
11595,TQC,env1,892712,-56135.296875
11596,TQC,env1,893108,-56321.078125
11597,TQC,env1,893360,-59803.29296875
11598,TQC,env1,893936,-61179.359375
11599,TQC,env1,895596,-62363.01953125
11600,TQC,env1,896724,-63155.26171875
11601,TQC,env1,898504,-65346.21875
11602,TQC,env1,900000,-65250.62109375
11603,TQC,env1,901020,-65249.7421875
11604,TQC,env1,902684,-64153.9921875
11605,TQC,env1,905004,-65266.7421875
11606,TQC,env1,906972,-64276.6796875
11607,TQC,env1,910000,-65377.40625
11608,TQC,env1,910200,-65384.6953125
11609,TQC,env1,912260,-62297.53515625
11610,TQC,env1,915316,-60006.921875
11611,TQC,env1,917860,-60009.3984375
11612,TQC,env1,920000,-58928.140625
11613,TQC,env1,920028,-58831.33984375
11614,TQC,env1,922740,-60932.83203125
11615,TQC,env1,925648,-61035.74609375
11616,TQC,env1,928500,-56756.28125
11617,TQC,env1,929780,-54672.36328125
11618,TQC,env1,930000,-54672.36328125
11619,TQC,env1,932144,-56875.4296875
11620,TQC,env1,932948,-57873.71875
11621,TQC,env1,935448,-57772.2578125
11622,TQC,env1,938028,-56681.6875
11623,TQC,env1,939444,-56695.45703125
11624,TQC,env1,940000,-55601.1953125
11625,TQC,env1,941548,-55506.31640625
11626,TQC,env1,943332,-54428.18359375
11627,TQC,env1,945412,-54233.27734375
11628,TQC,env1,947408,-53047.33203125
11629,TQC,env1,949804,-50962.38671875
11630,TQC,env1,950000,-50962.38671875
11631,TQC,env1,951704,-51170.37890625
11632,TQC,env1,954904,-49085.59765625
11633,TQC,env1,956972,-48083.984375
11634,TQC,env1,958896,-49082.26171875
11635,TQC,env1,960000,-50269.53515625
11636,TQC,env1,960248,-50269.7578125
11637,TQC,env1,961076,-51258.7265625
11638,TQC,env1,963092,-51148.359375
11639,TQC,env1,964232,-52240.62109375
11640,TQC,env1,966912,-54331.9609375
11641,TQC,env1,969708,-53335.83203125
11642,TQC,env1,970000,-53432.7265625
11643,TQC,env1,973132,-54431.7578125
11644,TQC,env1,973960,-52342.765625
11645,TQC,env1,975616,-51124.82421875
11646,TQC,env1,977948,-55305.58203125
11647,TQC,env1,978768,-56308.4921875
11648,TQC,env1,980000,-56405.6015625
11649,TQC,env1,982696,-54220.76953125
11650,TQC,env1,984236,-53024.79296875
11651,TQC,env1,987028,-54034.25390625
11652,TQC,env1,989208,-55128.9609375
11653,TQC,env1,990000,-55035.5
11654,TQC,env1,992852,-53843.51171875
11655,TQC,env1,996528,-52861.33984375
11656,TQC,env1,998984,-51865.28515625
11657,TQC,env1,1000000,-51866.64453125
11658,TQC,env1,1001380,-49975.82421875
11659,TQC,env1,1002924,-51177.3203125
11660,TQC,env1,1004488,-53370.765625
11661,TQC,env1,1006184,-53465.8984375
11662,TQC,env1,1008896,-55556.92578125
11663,TQC,env1,1010000,-55564.06640625
11664,TQC,env1,1012896,-54675.82421875
11665,TQC,env1,1016280,-52785.6953125
11666,TQC,env1,1017892,-50497.59375
11667,TQC,env1,1020000,-50698.25390625
11668,TQC,env1,1020552,-50698.9140625
11669,TQC,env1,1022024,-48814.25390625
11670,TQC,env1,1024160,-51015.6953125
11671,TQC,env1,1026968,-51122.890625
11672,TQC,env1,1029600,-52026.14453125
11673,TQC,env1,1030000,-52026.14453125
11674,TQC,env1,1031416,-52115.05859375
11675,TQC,env1,1034668,-54409.1875
11676,TQC,env1,1038668,-54336.7578125
11677,TQC,env1,1040000,-53245.921875
11678,TQC,env1,1040228,-52353.03125
11679,TQC,env1,1042892,-52455.58203125
11680,TQC,env1,1046852,-53562.66796875
11681,TQC,env1,1048788,-53864.0234375
11682,TQC,env1,1050000,-53864.0234375
11683,TQC,env1,1051860,-53168.140625
11684,TQC,env1,1055476,-52176.9921875
11685,TQC,env1,1056240,-52368.55859375
11686,TQC,env1,1059536,-53563.86328125
11687,TQC,env1,1060000,-53563.86328125
11688,TQC,env1,1063400,-55557.16796875
11689,TQC,env1,1066248,-56561.9453125
11690,TQC,env1,1068284,-55472.39453125
11691,TQC,env1,1070000,-55474.0859375
11692,TQC,env1,1070792,-53485.40625
11693,TQC,env1,1074756,-51403.7265625
11694,TQC,env1,1078212,-50511.9375
11695,TQC,env1,1080000,-50499.99609375
11696,TQC,env1,1081116,-50601.37109375
11697,TQC,env1,1083512,-50609.08984375
11698,TQC,env1,1087512,-50719.35546875
11699,TQC,env1,1090000,-49629.85546875
11700,TQC,env1,1091512,-48539.734375
11701,TQC,env1,1094240,-45247.6484375
11702,TQC,env1,1097728,-41955.8359375
11703,TQC,env1,1098976,-41754.74609375
11704,TQC,env1,1100000,-41754.74609375
11705,TQC,env1,1101564,-40740.40625
11706,TQC,env1,1104180,-38354.7890625
11707,TQC,env1,1105624,-38152.85546875
11708,TQC,env1,1107960,-40332.49609375
11709,TQC,env1,1110000,-40232.0
11710,TQC,env1,1111372,-41224.6171875
11711,TQC,env1,1113364,-39029.24609375
11712,TQC,env1,1117052,-33516.16796875
11713,TQC,env1,1118868,-32221.087890625
11714,TQC,env1,1120000,-30812.392578125
11715,TQC,env1,1120044,-31804.962890625
11716,TQC,env1,1122144,-30498.38671875
11717,TQC,env1,1124992,-28308.201171875
11718,TQC,env1,1127024,-25997.7734375
11719,TQC,env1,1129348,-23795.166015625
11720,TQC,env1,1130000,-23791.42578125
11721,TQC,env1,1131456,-24782.857421875
11722,TQC,env1,1134156,-24679.16796875
11723,TQC,env1,1136048,-25562.017578125
11724,TQC,env1,1140000,-23364.904296875
11725,TQC,env1,1140016,-23358.263671875
11726,TQC,env1,1141764,-21059.099609375
11727,TQC,env1,1143504,-20550.650390625
11728,TQC,env1,1145120,-20233.240234375
11729,TQC,env1,1146960,-19915.025390625
11730,TQC,env1,1149704,-20905.1953125
11731,TQC,env1,1150000,-20905.1953125
11732,TQC,env1,1153704,-20806.63671875
11733,TQC,env1,1157356,-19511.1015625
11734,TQC,env1,1159524,-16520.345703125
11735,TQC,env1,1160000,-16520.345703125
11736,TQC,env1,1163364,-14534.986328125
11737,TQC,env1,1164932,-15829.2470703125
11738,TQC,env1,1166928,-15724.6220703125
11739,TQC,env1,1168948,-14827.30859375
11740,TQC,env1,1170000,-16023.017578125
11741,TQC,env1,1170256,-16022.95703125
11742,TQC,env1,1171148,-19204.3515625
11743,TQC,env1,1173720,-25599.22265625
11744,TQC,env1,1175440,-27696.55859375
11745,TQC,env1,1178304,-29997.6640625
11746,TQC,env1,1180000,-29108.09375
11747,TQC,env1,1181032,-30213.83203125
11748,TQC,env1,1184252,-33411.62890625
11749,TQC,env1,1187880,-32521.12109375
11750,TQC,env1,1189212,-32726.185546875
11751,TQC,env1,1190000,-32726.185546875
11752,TQC,env1,1190848,-31525.2421875
11753,TQC,env1,1192560,-30414.224609375
11754,TQC,env1,1194908,-27026.248046875
11755,TQC,env1,1195792,-31205.625
11756,TQC,env1,1197588,-34187.14453125
11757,TQC,env1,1199972,-35389.43359375
11758,TQC,env1,1200000,-35389.43359375
11759,TQC,env1,1202752,-36698.3515625
11760,TQC,env1,1206304,-36908.2578125
11761,TQC,env1,1209756,-32817.16796875
11762,TQC,env1,1210000,-32817.16796875
11763,TQC,env1,1213756,-34813.34375
11764,TQC,env1,1215092,-34905.90625
11765,TQC,env1,1216032,-36986.15625
11766,TQC,env1,1218360,-39869.94921875
11767,TQC,env1,1220000,-36469.81640625
11768,TQC,env1,1221332,-36472.671875
11769,TQC,env1,1222360,-35579.546875
11770,TQC,env1,1226360,-31187.28125
11771,TQC,env1,1230000,-26793.693359375
11772,TQC,env1,1230268,-25699.8515625
11773,TQC,env1,1232136,-24604.59765625
11774,TQC,env1,1234696,-22714.302734375
11775,TQC,env1,1237092,-19620.224609375
11776,TQC,env1,1237632,-19713.46484375
11777,TQC,env1,1240000,-18603.349609375
11778,TQC,env1,1240972,-18605.212890625
11779,TQC,env1,1243572,-17294.490234375
11780,TQC,env1,1244960,-21478.337890625
11781,TQC,env1,1246240,-19277.599609375
11782,TQC,env1,1249388,-18386.642578125
11783,TQC,env1,1250000,-17292.03515625
11784,TQC,env1,1250868,-19584.220703125
11785,TQC,env1,1252884,-21876.166015625
11786,TQC,env1,1253752,-20881.119140625
11787,TQC,env1,1254956,-20880.884765625
11788,TQC,env1,1256272,-22168.525390625
11789,TQC,env1,1257460,-21053.994140625
11790,TQC,env1,1258488,-23142.2265625
11791,TQC,env1,1260000,-24035.84765625
11792,TQC,env1,1260688,-25923.7578125
11793,TQC,env1,1262532,-27102.439453125
11794,TQC,env1,1263636,-30400.4453125
11795,TQC,env1,1264152,-31593.578125
11796,TQC,env1,1264880,-32984.7421875
11797,TQC,env1,1265636,-37367.22265625
11798,TQC,env1,1268792,-38360.5390625
11799,TQC,env1,1270000,-40465.546875
11800,TQC,env1,1270380,-42459.40234375
11801,TQC,env1,1272792,-44647.4140625
11802,TQC,env1,1274212,-45841.75390625
11803,TQC,env1,1278124,-44745.0625
11804,TQC,env1,1280000,-43544.2734375
11805,TQC,env1,1281364,-44746.96875
11806,TQC,env1,1284632,-41467.91015625
11807,TQC,env1,1286428,-42467.1640625
11808,TQC,env1,1289324,-41581.76953125
11809,TQC,env1,1290000,-41582.77734375
11810,TQC,env1,1292336,-41586.54296875
11811,TQC,env1,1293900,-43787.80859375
11812,TQC,env1,1295732,-45782.40625
11813,TQC,env1,1296736,-46876.5234375
11814,TQC,env1,1300000,-45878.37109375
11815,TQC,env1,1300032,-48083.21484375
11816,TQC,env1,1301596,-48088.1796875
11817,TQC,env1,1302468,-47190.1328125
11818,TQC,env1,1306320,-46111.046875
11819,TQC,env1,1308120,-47216.57421875
11820,TQC,env1,1310000,-47218.2421875
11821,TQC,env1,1310112,-46219.77734375
11822,TQC,env1,1311140,-47616.77734375
11823,TQC,env1,1312068,-49815.31640625
11824,TQC,env1,1313096,-50807.15234375
11825,TQC,env1,1314240,-50810.44921875
11826,TQC,env1,1316600,-49619.91015625
11827,TQC,env1,1320000,-48438.546875
11828,TQC,env1,1320200,-47446.11328125
11829,TQC,env1,1323004,-47561.99609375
11830,TQC,env1,1326524,-46968.28515625
11831,TQC,env1,1328200,-48173.234375
11832,TQC,env1,1330000,-48173.234375
11833,TQC,env1,1330976,-46085.50390625
11834,TQC,env1,1333508,-49171.3046875
11835,TQC,env1,1335292,-50368.5546875
11836,TQC,env1,1337908,-52458.54296875
11837,TQC,env1,1340000,-51464.76171875
11838,TQC,env1,1341744,-51566.1171875
11839,TQC,env1,1342976,-51753.6484375
11840,TQC,env1,1345508,-50554.3046875
11841,TQC,env1,1346776,-51543.59375
11842,TQC,env1,1348092,-50634.36328125
11843,TQC,env1,1349616,-50640.2421875
11844,TQC,env1,1350000,-50640.2421875
11845,TQC,env1,1351708,-51538.23046875
11846,TQC,env1,1355272,-51442.99609375
11847,TQC,env1,1356216,-52442.44140625
11848,TQC,env1,1359076,-51134.38671875
11849,TQC,env1,1360000,-51137.34375
11850,TQC,env1,1361572,-51137.21484375
11851,TQC,env1,1363076,-50247.0234375
11852,TQC,env1,1366024,-47959.6171875
11853,TQC,env1,1368448,-45665.8046875
11854,TQC,env1,1369308,-45669.25390625
11855,TQC,env1,1370000,-45665.75390625
11856,TQC,env1,1371216,-43367.9375
11857,TQC,env1,1373156,-36972.65625
11858,TQC,env1,1375128,-34754.15234375
11859,TQC,env1,1378360,-31449.80859375
11860,TQC,env1,1379536,-32229.40625
11861,TQC,env1,1380000,-30925.349609375
11862,TQC,env1,1380288,-31920.171875
11863,TQC,env1,1382244,-33808.3671875
11864,TQC,env1,1386100,-29518.9140625
11865,TQC,env1,1387396,-30307.056640625
11866,TQC,env1,1388988,-30201.71875
11867,TQC,env1,1390000,-32190.033203125
11868,TQC,env1,1392172,-33189.140625
11869,TQC,env1,1393292,-35086.046875
11870,TQC,env1,1394604,-35080.47265625
11871,TQC,env1,1395868,-36072.6171875
11872,TQC,env1,1396872,-35874.4140625
11873,TQC,env1,1397444,-35766.76171875
11874,TQC,env1,1397876,-35751.3203125
11875,TQC,env1,1398576,-36930.54296875
11876,TQC,env1,1399524,-37026.31640625
11877,TQC,env1,1400000,-37026.31640625
11878,TQC,env1,1400400,-39313.07421875
11879,TQC,env1,1400888,-40399.84375
11880,TQC,env1,1401536,-42383.3203125
11881,TQC,env1,1402664,-45760.9375
11882,TQC,env1,1404676,-47960.44921875
11883,TQC,env1,1405124,-44859.0390625
11884,TQC,env1,1405932,-47154.5078125
11885,TQC,env1,1406456,-54736.37890625
11886,TQC,env1,1407664,-59128.96484375
11887,TQC,env1,1409164,-61421.18359375
11888,TQC,env1,1410000,-61422.609375
11889,TQC,env1,1411836,-60325.828125
11890,TQC,env1,1412764,-57233.76171875
11891,TQC,env1,1413636,-57326.0390625
11892,TQC,env1,1415144,-61707.0078125
11893,TQC,env1,1417284,-61912.6640625
11894,TQC,env1,1419408,-63020.82421875
11895,TQC,env1,1420000,-63020.82421875
11896,TQC,env1,1421548,-63118.890625
11897,TQC,env1,1422248,-59915.453125
11898,TQC,env1,1424120,-58913.3125
11899,TQC,env1,1425800,-56619.91015625
11900,TQC,env1,1426616,-56717.0546875
11901,TQC,env1,1427712,-56721.2890625
11902,TQC,env1,1428240,-56823.1328125
11903,TQC,env1,1429284,-56529.69140625
11904,TQC,env1,1430000,-56526.5625
11905,TQC,env1,1430844,-56628.13671875
11906,TQC,env1,1432308,-56635.37109375
11907,TQC,env1,1433576,-56547.1796875
11908,TQC,env1,1434748,-56548.7890625
11909,TQC,env1,1437112,-56363.6015625
11910,TQC,env1,1437796,-55462.45703125
11911,TQC,env1,1440000,-58564.5078125
11912,TQC,env1,1440204,-58469.66015625
11913,TQC,env1,1441460,-58374.921875
11914,TQC,env1,1442320,-58285.515625
11915,TQC,env1,1443288,-58386.4765625
11916,TQC,env1,1444028,-59477.66015625
11917,TQC,env1,1444688,-61769.62890625
11918,TQC,env1,1446036,-67258.9375
11919,TQC,env1,1447144,-67364.5859375
11920,TQC,env1,1449156,-65168.3515625
11921,TQC,env1,1450000,-65168.3515625
11922,TQC,env1,1451260,-63979.8203125
11923,TQC,env1,1453584,-61975.75390625
11924,TQC,env1,1455340,-62074.9765625
11925,TQC,env1,1457376,-65478.640625
11926,TQC,env1,1458668,-67580.59375
11927,TQC,env1,1460000,-69976.859375
11928,TQC,env1,1460048,-69978.265625
11929,TQC,env1,1461088,-70183.3515625
11930,TQC,env1,1461836,-70186.765625
11931,TQC,env1,1463824,-70187.7890625
11932,TQC,env1,1465344,-68295.5234375
11933,TQC,env1,1466420,-66001.40625
11934,TQC,env1,1468156,-65899.6796875
11935,TQC,env1,1469396,-63695.4453125
11936,TQC,env1,1470000,-63596.16015625
11937,TQC,env1,1470208,-63691.8203125
11938,TQC,env1,1471736,-63686.84765625
11939,TQC,env1,1472780,-64686.92578125
11940,TQC,env1,1474576,-64975.296875
11941,TQC,env1,1475804,-63885.3203125
11942,TQC,env1,1476712,-63982.60546875
11943,TQC,env1,1478696,-63985.6171875
11944,TQC,env1,1480000,-63892.6171875
11945,TQC,env1,1481024,-63797.015625
11946,TQC,env1,1482308,-63705.48046875
11947,TQC,env1,1483644,-63606.578125
11948,TQC,env1,1486884,-61215.0390625
11949,TQC,env1,1488024,-62226.96875
11950,TQC,env1,1489744,-64508.08203125
11951,TQC,env1,1490000,-64508.08203125
11952,TQC,env1,1491412,-66503.921875
11953,TQC,env1,1493232,-66206.9921875
11954,TQC,env1,1493992,-65999.484375
11955,TQC,env1,1495728,-66002.6484375
11956,TQC,env1,1497312,-63705.41015625
11957,TQC,env1,1498452,-62204.6875
11958,TQC,env1,1499184,-62299.0390625
11959,TQC,env1,1500000,-62296.91015625
11960,TQC,env1,1500792,-57900.40234375
11961,TQC,env1,1502196,-57794.77734375
11962,TQC,env1,1503036,-59990.85546875
11963,TQC,env1,1503656,-60091.3828125
11964,TQC,env1,1505156,-62389.48828125
11965,TQC,env1,1506552,-62485.76171875
11966,TQC,env1,1507492,-60290.33203125
11967,TQC,env1,1508252,-60285.109375
11968,TQC,env1,1509212,-60286.33203125
11969,TQC,env1,1510000,-60381.98828125
11970,TQC,env1,1511716,-61479.4375
11971,TQC,env1,1512628,-60383.78125
11972,TQC,env1,1513928,-59286.296875
11973,TQC,env1,1514896,-59374.375
11974,TQC,env1,1515540,-59368.46875
11975,TQC,env1,1516592,-57265.91796875
11976,TQC,env1,1517932,-59654.06640625
11977,TQC,env1,1519480,-58539.86328125
11978,TQC,env1,1520000,-57446.9140625
11979,TQC,env1,1522396,-57349.28125
11980,TQC,env1,1524348,-55361.8125
11981,TQC,env1,1527308,-53570.43359375
11982,TQC,env1,1529916,-52590.140625
11983,TQC,env1,1530000,-52590.140625
11984,TQC,env1,1533908,-48401.9375
11985,TQC,env1,1536824,-49517.4140625
11986,TQC,env1,1540000,-46532.5390625
11987,TQC,env1,1540824,-47737.28125
11988,TQC,env1,1543328,-44763.9140625
11989,TQC,env1,1546280,-48173.4921875
11990,TQC,env1,1549508,-48392.67578125
11991,TQC,env1,1550000,-48392.67578125
11992,TQC,env1,1552500,-45316.671875
11993,TQC,env1,1554904,-44227.015625
11994,TQC,env1,1558904,-41249.06640625
11995,TQC,env1,1560000,-40258.21484375
11996,TQC,env1,1561068,-38276.74609375
11997,TQC,env1,1563364,-39673.65625
11998,TQC,env1,1565200,-37691.1484375
11999,TQC,env1,1566544,-37688.30859375
12000,TQC,env1,1568012,-36695.96875
12001,TQC,env1,1570000,-37791.54296875
12002,TQC,env1,1570292,-37795.84375
12003,TQC,env1,1572164,-36704.67578125
12004,TQC,env1,1574168,-35715.71875
12005,TQC,env1,1577332,-35833.28125
12006,TQC,env1,1580000,-35844.83203125
12007,TQC,env1,1581024,-36955.9140625
12008,TQC,env1,1583612,-35774.66015625
12009,TQC,env1,1587160,-35995.625
12010,TQC,env1,1589752,-34110.11328125
12011,TQC,env1,1590000,-34110.11328125
12012,TQC,env1,1593300,-35317.234375
12013,TQC,env1,1597300,-35428.8046875
12014,TQC,env1,1600000,-36527.64453125
12015,TQC,env1,1601300,-34634.87890625
12016,TQC,env1,1605300,-34947.390625
12017,TQC,env1,1608472,-33156.01953125
12018,TQC,env1,1610000,-33154.98046875
12019,TQC,env1,1612472,-34457.8125
12020,TQC,env1,1615516,-35356.08984375
12021,TQC,env1,1619168,-35368.30078125
12022,TQC,env1,1620000,-34372.578125
12023,TQC,env1,1623168,-33476.35546875
12024,TQC,env1,1626304,-33680.14453125
12025,TQC,env1,1630000,-32788.90234375
12026,TQC,env1,1630304,-30897.564453125
12027,TQC,env1,1634296,-30902.625
12028,TQC,env1,1638296,-30907.57421875
12029,TQC,env1,1640000,-29914.57421875
12030,TQC,env1,1642296,-27931.865234375
12031,TQC,env1,1646296,-25946.14453125
12032,TQC,env1,1650000,-22970.513671875
12033,TQC,env1,1650296,-21978.974609375
12034,TQC,env1,1653652,-19997.00390625
12035,TQC,env1,1657652,-16022.494140625
12036,TQC,env1,1660000,-16123.666015625
12037,TQC,env1,1661652,-14240.0185546875
12038,TQC,env1,1665652,-12357.50390625
12039,TQC,env1,1669652,-8369.404296875
12040,TQC,env1,1670000,-7372.97412109375
12041,TQC,env1,1673652,-5478.787109375
12042,TQC,env1,1677652,-2691.031494140625
12043,TQC,env1,1680000,-1692.971435546875
12044,TQC,env1,1681652,-700.2857055664062
12045,TQC,env1,1685504,-1802.068603515625
12046,TQC,env1,1689028,-804.6585693359375
12047,TQC,env1,1690000,-805.5685424804688
12048,TQC,env1,1692564,-2802.03857421875
12049,TQC,env1,1695592,-3799.07861328125
12050,TQC,env1,1699572,-5592.93701171875
12051,TQC,env1,1700000,-5592.93701171875
12052,TQC,env1,1703444,-7388.3212890625
12053,TQC,env1,1706660,-10284.017578125
12054,TQC,env1,1710000,-11384.798828125
12055,TQC,env1,1710420,-11387.2783203125
12056,TQC,env1,1713664,-11291.615234375
12057,TQC,env1,1717664,-13188.365234375
12058,TQC,env1,1720000,-14186.96484375
12059,TQC,env1,1720960,-15187.6748046875
12060,TQC,env1,1724960,-16086.203125
12061,TQC,env1,1728960,-15984.9130859375
12062,TQC,env1,1730000,-15984.9130859375
12063,TQC,env1,1732960,-14886.658203125
12064,TQC,env1,1736960,-14886.658203125
12065,TQC,env1,1740000,-14785.1259765625
12066,TQC,env1,1740960,-14785.1259765625
12067,TQC,env1,1744960,-14785.1259765625
12068,TQC,env1,1748960,-12481.705078125
12069,TQC,env1,1750000,-12481.705078125
12070,TQC,env1,1752960,-12481.705078125
12071,TQC,env1,1756960,-12481.705078125
12072,TQC,env1,1760000,-12481.564453125
12073,TQC,env1,1760792,-13476.53515625
12074,TQC,env1,1762436,-14369.078125
12075,TQC,env1,1765200,-18351.2578125
12076,TQC,env1,1767244,-21338.546875
12077,TQC,env1,1769536,-25421.138671875
12078,TQC,env1,1770000,-25421.138671875
12079,TQC,env1,1772720,-27405.638671875
12080,TQC,env1,1773748,-23986.76171875
12081,TQC,env1,1776720,-23974.1015625
12082,TQC,env1,1778916,-22767.525390625
12083,TQC,env1,1780000,-22767.525390625
12084,TQC,env1,1780720,-23952.02734375
12085,TQC,env1,1782532,-25032.134765625
12086,TQC,env1,1784624,-25019.44921875
12087,TQC,env1,1785928,-24904.4375
12088,TQC,env1,1787540,-25984.111328125
12089,TQC,env1,1788964,-25860.72265625
12090,TQC,env1,1790000,-26848.3125
12091,TQC,env1,1791100,-24634.72265625
12092,TQC,env1,1791748,-25507.4453125
12093,TQC,env1,1794080,-25087.26953125
12094,TQC,env1,1795552,-27962.19921875
12095,TQC,env1,1798760,-28545.30859375
12096,TQC,env1,1799808,-32419.125
12097,TQC,env1,1800000,-32419.125
12098,TQC,env1,1802576,-36004.33984375
12099,TQC,env1,1803264,-41181.265625
12100,TQC,env1,1804472,-45048.1875
12101,TQC,env1,1805564,-46615.984375
12102,TQC,env1,1808472,-44105.6015625
12103,TQC,env1,1810000,-45998.55078125
12104,TQC,env1,1811684,-45897.47265625
12105,TQC,env1,1813336,-44695.26171875
12106,TQC,env1,1814720,-45678.6484375
12107,TQC,env1,1816916,-42368.8203125
12108,TQC,env1,1818380,-40164.66796875
12109,TQC,env1,1820000,-42260.25
12110,TQC,env1,1820116,-44459.07421875
12111,TQC,env1,1821200,-43348.91796875
12112,TQC,env1,1822608,-41136.5390625
12113,TQC,env1,1826336,-40042.43359375
12114,TQC,env1,1828348,-38847.82421875
12115,TQC,env1,1830000,-38645.14453125
12116,TQC,env1,1830008,-38746.4453125
12117,TQC,env1,1832416,-38839.4375
12118,TQC,env1,1834828,-35553.04296875
12119,TQC,env1,1837756,-37551.97265625
12120,TQC,env1,1839332,-37560.51953125
12121,TQC,env1,1840000,-36464.265625
12122,TQC,env1,1840408,-38660.86328125
12123,TQC,env1,1844008,-38765.37109375
12124,TQC,env1,1845280,-36675.9609375
12125,TQC,env1,1848408,-38776.8671875
12126,TQC,env1,1849244,-37875.5234375
12127,TQC,env1,1850000,-37969.51171875
12128,TQC,env1,1851408,-38162.40234375
12129,TQC,env1,1853516,-36967.328125
12130,TQC,env1,1853992,-35776.890625
12131,TQC,env1,1857128,-37981.79296875
12132,TQC,env1,1858308,-38183.9765625
12133,TQC,env1,1858844,-39367.6640625
12134,TQC,env1,1860000,-40554.46875
12135,TQC,env1,1860088,-40455.046875
12136,TQC,env1,1862900,-36066.87890625
12137,TQC,env1,1863648,-39366.84765625
12138,TQC,env1,1865676,-41362.70703125
12139,TQC,env1,1867832,-42361.84375
12140,TQC,env1,1868916,-42069.62109375
12141,TQC,env1,1870000,-44267.3515625
12142,TQC,env1,1870628,-44169.0078125
12143,TQC,env1,1871628,-45155.21484375
12144,TQC,env1,1873996,-46251.328125
12145,TQC,env1,1875952,-47250.671875
12146,TQC,env1,1877928,-47261.12109375
12147,TQC,env1,1879328,-50443.1484375
12148,TQC,env1,1880000,-50444.0625
12149,TQC,env1,1880304,-50447.4296875
12150,TQC,env1,1883328,-51446.37890625
12151,TQC,env1,1884300,-51554.18359375
12152,TQC,env1,1887544,-52760.66015625
12153,TQC,env1,1888324,-55950.4609375
12154,TQC,env1,1889796,-57135.80078125
12155,TQC,env1,1890000,-57135.80078125
12156,TQC,env1,1890816,-58235.6015625
12157,TQC,env1,1892220,-58329.80859375
12158,TQC,env1,1893176,-58528.0859375
12159,TQC,env1,1893604,-59815.5859375
12160,TQC,env1,1894396,-60010.2421875
12161,TQC,env1,1894828,-63199.140625
12162,TQC,env1,1895224,-63293.05078125
12163,TQC,env1,1895944,-63389.37109375
12164,TQC,env1,1896308,-67771.765625
12165,TQC,env1,1896612,-67761.515625
12166,TQC,env1,1896968,-67949.8828125
12167,TQC,env1,1897408,-69040.3828125
12168,TQC,env1,1898108,-69331.3828125
12169,TQC,env1,1900000,-69428.1953125
12170,TQC,env1,1900436,-71629.109375
12171,TQC,env1,1901768,-69642.1640625
12172,TQC,env1,1902452,-70832.03125
12173,TQC,env1,1903772,-69828.3515625
12174,TQC,env1,1904492,-69809.046875
12175,TQC,env1,1905652,-69807.2265625
12176,TQC,env1,1906112,-69992.9453125
12177,TQC,env1,1906312,-71084.96875
12178,TQC,env1,1906548,-72067.625
12179,TQC,env1,1906868,-74242.3984375
12180,TQC,env1,1907300,-74330.1953125
12181,TQC,env1,1908264,-74424.65625
12182,TQC,env1,1908764,-74323.3828125
12183,TQC,env1,1909100,-74319.5234375
12184,TQC,env1,1909988,-75314.3125
12185,TQC,env1,1910000,-75314.3125
12186,TQC,env1,1910380,-75312.6015625
12187,TQC,env1,1911472,-75310.0
12188,TQC,env1,1912636,-76408.328125
12189,TQC,env1,1913492,-75419.328125
12190,TQC,env1,1914080,-75421.765625
12191,TQC,env1,1914576,-75425.6640625
12192,TQC,env1,1915184,-75428.0703125
12193,TQC,env1,1915744,-75334.6015625
12194,TQC,env1,1916820,-75431.0390625
12195,TQC,env1,1917536,-75334.421875
12196,TQC,env1,1918700,-75135.6796875
12197,TQC,env1,1919268,-77021.9140625
12198,TQC,env1,1920000,-76923.296875
12199,TQC,env1,1921100,-76727.53125
12200,TQC,env1,1921884,-77823.3203125
12201,TQC,env1,1923728,-77734.3203125
12202,TQC,env1,1926012,-77543.453125
12203,TQC,env1,1928024,-77447.2265625
12204,TQC,env1,1929272,-74254.8671875
12205,TQC,env1,1929828,-73066.265625
12206,TQC,env1,1930000,-73066.2734375
12207,TQC,env1,1931272,-70872.8515625
12208,TQC,env1,1933068,-70580.8515625
12209,TQC,env1,1933940,-70494.6875
12210,TQC,env1,1936592,-70399.921875
12211,TQC,env1,1938804,-67123.6328125
12212,TQC,env1,1940000,-67123.6328125
12213,TQC,env1,1942672,-65243.078125
12214,TQC,env1,1944624,-62066.1484375
12215,TQC,env1,1945564,-61973.328125
12216,TQC,env1,1947516,-61878.58984375
12217,TQC,env1,1948900,-62780.58984375
12218,TQC,env1,1950000,-62780.58984375
12219,TQC,env1,1950972,-62490.6328125
12220,TQC,env1,1953472,-61303.75
12221,TQC,env1,1954588,-57916.16015625
12222,TQC,env1,1955316,-57817.5625
12223,TQC,env1,1957900,-55526.04296875
12224,TQC,env1,1958708,-55434.61328125
12225,TQC,env1,1960000,-55530.29296875
12226,TQC,env1,1960212,-55627.9765625
12227,TQC,env1,1961492,-55740.41796875
12228,TQC,env1,1962852,-53541.8203125
12229,TQC,env1,1966044,-52452.984375
12230,TQC,env1,1967268,-51555.57421875
12231,TQC,env1,1969260,-51649.1953125
12232,TQC,env1,1970000,-51660.64453125
12233,TQC,env1,1970300,-51560.6015625
12234,TQC,env1,1973100,-53663.83203125
12235,TQC,env1,1974400,-53674.6171875
12236,TQC,env1,1975492,-55773.50390625
12237,TQC,env1,1977256,-55875.31640625
12238,TQC,env1,1978696,-55872.40625
12239,TQC,env1,1980000,-55774.9296875
12240,TQC,env1,1980152,-55773.16796875
12241,TQC,env1,1981152,-58956.98828125
12242,TQC,env1,1982640,-60742.390625
12243,TQC,env1,1984396,-63735.98828125
12244,TQC,env1,1985448,-63734.6484375
12245,TQC,env1,1987000,-63725.984375
12246,TQC,env1,1988396,-62629.375
12247,TQC,env1,1990000,-62825.7265625
12248,TQC,env1,1991196,-61829.92578125
12249,TQC,env1,1992464,-59824.4921875
12250,TQC,env1,1994212,-61928.1640625
12251,TQC,env1,1996544,-61036.2109375
12252,TQC,env1,1998100,-63234.6796875
12253,TQC,env1,2000000,-60137.52734375
12254,TQC,env2,224,-97966.25
12255,TQC,env2,400,-97891.875
12256,TQC,env2,956,-98071.875
12257,TQC,env2,1304,-98157.65625
12258,TQC,env2,1792,-97682.875
12259,TQC,env2,2084,-97410.8359375
12260,TQC,env2,2496,-97537.140625
12261,TQC,env2,3024,-97342.578125
12262,TQC,env2,3360,-97495.90625
12263,TQC,env2,3676,-97543.0625
12264,TQC,env2,4144,-97388.03125
12265,TQC,env2,4528,-97336.34375
12266,TQC,env2,4956,-97369.0546875
12267,TQC,env2,5184,-97426.53125
12268,TQC,env2,5696,-97158.28125
12269,TQC,env2,6396,-96939.015625
12270,TQC,env2,6988,-96935.28125
12271,TQC,env2,7184,-96988.9453125
12272,TQC,env2,7616,-97049.921875
12273,TQC,env2,8104,-97012.8046875
12274,TQC,env2,8548,-97087.90625
12275,TQC,env2,9020,-97056.640625
12276,TQC,env2,9592,-96996.2734375
12277,TQC,env2,9872,-96955.03125
12278,TQC,env2,10456,-96904.9296875
12279,TQC,env2,10752,-96724.25
12280,TQC,env2,11188,-96840.3515625
12281,TQC,env2,11556,-96737.1796875
12282,TQC,env2,12204,-96763.9765625
12283,TQC,env2,12596,-96778.7265625
12284,TQC,env2,12756,-96861.703125
12285,TQC,env2,13072,-96848.1015625
12286,TQC,env2,13660,-97047.875
12287,TQC,env2,14140,-97063.6796875
12288,TQC,env2,14368,-97076.4765625
12289,TQC,env2,14540,-97264.0703125
12290,TQC,env2,15068,-97366.765625
12291,TQC,env2,15272,-97447.9921875
12292,TQC,env2,15728,-97362.265625
12293,TQC,env2,16172,-97550.40625
12294,TQC,env2,16668,-97436.921875
12295,TQC,env2,17304,-97513.96875
12296,TQC,env2,17740,-97424.1953125
12297,TQC,env2,18104,-97549.0
12298,TQC,env2,18424,-97524.5234375
12299,TQC,env2,18924,-97634.8203125
12300,TQC,env2,19496,-97621.1953125
12301,TQC,env2,20228,-97659.75
12302,TQC,env2,20560,-97665.984375
12303,TQC,env2,20940,-97764.65625
12304,TQC,env2,21176,-98060.6875
12305,TQC,env2,21768,-97964.09375
12306,TQC,env2,22444,-97875.25
12307,TQC,env2,22784,-97765.2109375
12308,TQC,env2,23324,-97755.3359375
12309,TQC,env2,24268,-97797.28125
12310,TQC,env2,24616,-97627.15625
12311,TQC,env2,25012,-97322.8984375
12312,TQC,env2,25492,-97082.4765625
12313,TQC,env2,26000,-97084.3125
12314,TQC,env2,26444,-96594.8515625
12315,TQC,env2,26716,-96194.109375
12316,TQC,env2,26972,-96177.109375
12317,TQC,env2,27592,-96273.78125
12318,TQC,env2,27888,-96186.5234375
12319,TQC,env2,28084,-96480.78125
12320,TQC,env2,28528,-96355.1328125
12321,TQC,env2,28912,-96356.109375
12322,TQC,env2,29212,-96239.4609375
12323,TQC,env2,29576,-96237.609375
12324,TQC,env2,30072,-96108.8359375
12325,TQC,env2,30512,-96229.2578125
12326,TQC,env2,31056,-96410.3828125
12327,TQC,env2,31320,-96588.1796875
12328,TQC,env2,31764,-96715.40625
12329,TQC,env2,32296,-96323.2578125
12330,TQC,env2,32832,-96323.7578125
12331,TQC,env2,33412,-96422.0234375
12332,TQC,env2,33820,-96516.8671875
12333,TQC,env2,34192,-96627.9375
12334,TQC,env2,34772,-96708.1875
12335,TQC,env2,35112,-97005.21875
12336,TQC,env2,35432,-97092.1328125
12337,TQC,env2,35836,-97205.15625
12338,TQC,env2,36152,-97303.5703125
12339,TQC,env2,36484,-97598.1015625
12340,TQC,env2,36820,-97991.3515625
12341,TQC,env2,37076,-97706.40625
12342,TQC,env2,37608,-97699.3125
12343,TQC,env2,37792,-97791.296875
12344,TQC,env2,38216,-97909.21875
12345,TQC,env2,38944,-98109.4921875
12346,TQC,env2,39248,-97818.8203125
12347,TQC,env2,39504,-97903.171875
12348,TQC,env2,40148,-97919.9921875
12349,TQC,env2,40672,-97952.84375
12350,TQC,env2,40952,-97818.8984375
12351,TQC,env2,41376,-97608.703125
12352,TQC,env2,41796,-97514.15625
12353,TQC,env2,42324,-97512.65625
12354,TQC,env2,42868,-97810.171875
12355,TQC,env2,43572,-97818.546875
12356,TQC,env2,43848,-98032.5234375
12357,TQC,env2,44392,-97928.1484375
12358,TQC,env2,44812,-97830.796875
12359,TQC,env2,45160,-97716.5390625
12360,TQC,env2,45960,-97739.1328125
12361,TQC,env2,46520,-97966.28125
12362,TQC,env2,46800,-97963.53125
12363,TQC,env2,47208,-97974.03125
12364,TQC,env2,47764,-98081.71875
12365,TQC,env2,48188,-97910.4375
12366,TQC,env2,48656,-98318.578125
12367,TQC,env2,49424,-98448.875
12368,TQC,env2,50012,-98455.171875
12369,TQC,env2,50532,-98153.46875
12370,TQC,env2,50992,-98054.5390625
12371,TQC,env2,51600,-98477.96875
12372,TQC,env2,51888,-98506.6640625
12373,TQC,env2,52236,-98693.46875
12374,TQC,env2,52600,-98767.4921875
12375,TQC,env2,53180,-98872.640625
12376,TQC,env2,53528,-98688.15625
12377,TQC,env2,54060,-98695.90625
12378,TQC,env2,54420,-98684.0078125
12379,TQC,env2,54912,-98691.359375
12380,TQC,env2,55632,-98608.9296875
12381,TQC,env2,56224,-98401.4296875
12382,TQC,env2,56720,-98591.40625
12383,TQC,env2,57016,-98710.15625
12384,TQC,env2,57460,-98809.921875
12385,TQC,env2,58112,-98702.2734375
12386,TQC,env2,58484,-98590.296875
12387,TQC,env2,58892,-98590.421875
12388,TQC,env2,59796,-98730.2734375
12389,TQC,env2,60172,-98842.8046875
12390,TQC,env2,61024,-98941.40625
12391,TQC,env2,61528,-98972.90625
12392,TQC,env2,61808,-98950.203125
12393,TQC,env2,62236,-98746.09375
12394,TQC,env2,62684,-99045.40625
12395,TQC,env2,63012,-99053.5546875
12396,TQC,env2,63608,-99133.453125
12397,TQC,env2,64160,-99143.953125
12398,TQC,env2,64984,-98952.1796875
12399,TQC,env2,65544,-98783.9765625
12400,TQC,env2,66140,-98798.6328125
12401,TQC,env2,66796,-99111.90625
12402,TQC,env2,67292,-99123.1015625
12403,TQC,env2,67592,-99018.78125
12404,TQC,env2,68104,-98812.7578125
12405,TQC,env2,68532,-98988.6015625
12406,TQC,env2,69296,-98787.0625
12407,TQC,env2,70056,-98728.65625
12408,TQC,env2,70364,-98785.4609375
12409,TQC,env2,71092,-98503.0
12410,TQC,env2,71452,-98379.328125
12411,TQC,env2,72092,-98406.125
12412,TQC,env2,72620,-98520.0546875
12413,TQC,env2,72912,-98382.1796875
12414,TQC,env2,73668,-98264.0546875
12415,TQC,env2,74172,-98166.6484375
12416,TQC,env2,74736,-98050.3515625
12417,TQC,env2,74988,-97650.2890625
12418,TQC,env2,75712,-97952.921875
12419,TQC,env2,76368,-97876.6953125
12420,TQC,env2,76964,-97886.5234375
12421,TQC,env2,77740,-97645.3125
12422,TQC,env2,78508,-97541.2109375
12423,TQC,env2,79128,-97572.609375
12424,TQC,env2,79584,-97653.3125
12425,TQC,env2,80352,-97567.734375
12426,TQC,env2,81408,-97499.78125
12427,TQC,env2,81976,-97410.984375
12428,TQC,env2,82580,-97525.8125
12429,TQC,env2,83244,-97638.3359375
12430,TQC,env2,84020,-97540.5625
12431,TQC,env2,84952,-97759.3125
12432,TQC,env2,85432,-97883.7109375
12433,TQC,env2,85820,-97904.109375
12434,TQC,env2,86544,-98096.2734375
12435,TQC,env2,87352,-98113.2421875
12436,TQC,env2,88404,-98116.7734375
12437,TQC,env2,89620,-98198.0703125
12438,TQC,env2,90272,-98160.0859375
12439,TQC,env2,91288,-97990.546875
12440,TQC,env2,91884,-98021.703125
12441,TQC,env2,92736,-97916.1640625
12442,TQC,env2,93428,-98151.2265625
12443,TQC,env2,94092,-97868.625
12444,TQC,env2,94816,-97859.484375
12445,TQC,env2,95392,-97878.2890625
12446,TQC,env2,95884,-98131.3984375
12447,TQC,env2,97024,-98269.5
12448,TQC,env2,97548,-98349.2890625
12449,TQC,env2,98352,-98490.7890625
12450,TQC,env2,99612,-98721.3125
12451,TQC,env2,101132,-98988.359375
12452,TQC,env2,101828,-99006.5234375
12453,TQC,env2,102996,-98936.0234375
12454,TQC,env2,103992,-99119.8984375
12455,TQC,env2,105380,-99254.7734375
12456,TQC,env2,106340,-99490.6640625
12457,TQC,env2,107300,-99511.0625
12458,TQC,env2,108012,-99362.0390625
12459,TQC,env2,108776,-99490.640625
12460,TQC,env2,109776,-99612.3125
12461,TQC,env2,110984,-99630.3671875
12462,TQC,env2,112488,-99526.3125
12463,TQC,env2,114020,-99656.8515625
12464,TQC,env2,115484,-100050.9140625
12465,TQC,env2,117472,-100368.8515625
12466,TQC,env2,119420,-100469.3984375
12467,TQC,env2,121636,-99844.3984375
12468,TQC,env2,123844,-100291.8984375
12469,TQC,env2,125636,-99530.359375
12470,TQC,env2,126696,-99631.0625
12471,TQC,env2,130188,-98363.90625
12472,TQC,env2,131148,-97472.40625
12473,TQC,env2,132572,-96457.0078125
12474,TQC,env2,134328,-96409.828125
12475,TQC,env2,136152,-96103.7734375
12476,TQC,env2,137164,-94636.6640625
12477,TQC,env2,138716,-94738.8984375
12478,TQC,env2,140832,-94618.234375
12479,TQC,env2,142576,-93811.4296875
12480,TQC,env2,144192,-93831.6796875
12481,TQC,env2,147064,-92299.609375
12482,TQC,env2,149364,-92184.2890625
12483,TQC,env2,150820,-92222.2109375
12484,TQC,env2,151792,-91931.8359375
12485,TQC,env2,153628,-91947.2109375
12486,TQC,env2,154892,-91012.0625
12487,TQC,env2,158260,-91100.109375
12488,TQC,env2,161856,-89848.5
12489,TQC,env2,164292,-87424.5625
12490,TQC,env2,165856,-86926.015625
12491,TQC,env2,168844,-87024.8984375
12492,TQC,env2,170700,-87054.0
12493,TQC,env2,172216,-86995.5
12494,TQC,env2,173368,-87726.4453125
12495,TQC,env2,175488,-87788.1953125
12496,TQC,env2,178304,-88047.7890625
12497,TQC,env2,180004,-88786.890625
12498,TQC,env2,182412,-88666.65625
12499,TQC,env2,183136,-88656.390625
12500,TQC,env2,185592,-88791.0234375
12501,TQC,env2,186952,-90166.2109375
12502,TQC,env2,188544,-88868.9765625
12503,TQC,env2,190396,-89122.7421875
12504,TQC,env2,193264,-88832.0703125
12505,TQC,env2,194716,-87484.9375
12506,TQC,env2,196552,-88913.2109375
12507,TQC,env2,198216,-87851.1640625
12508,TQC,env2,199036,-86992.859375
12509,TQC,env2,200540,-87125.640625
12510,TQC,env2,201768,-87033.0625
12511,TQC,env2,202940,-87994.1171875
12512,TQC,env2,204156,-87905.7109375
12513,TQC,env2,205280,-89148.7421875
12514,TQC,env2,207660,-91246.4765625
12515,TQC,env2,208808,-90649.5234375
12516,TQC,env2,212040,-90580.3984375
12517,TQC,env2,212808,-90221.5
12518,TQC,env2,214160,-90175.1015625
12519,TQC,env2,217644,-88997.9765625
12520,TQC,env2,218964,-88895.578125
12521,TQC,env2,221096,-88837.3671875
12522,TQC,env2,222092,-88780.4453125
12523,TQC,env2,225500,-88031.2421875
12524,TQC,env2,229004,-86847.9765625
12525,TQC,env2,230296,-84245.6015625
12526,TQC,env2,232132,-84113.671875
12527,TQC,env2,234432,-85295.3828125
12528,TQC,env2,235696,-85217.6328125
12529,TQC,env2,238192,-86098.7109375
12530,TQC,env2,239792,-86350.3125
12531,TQC,env2,240436,-86426.4140625
12532,TQC,env2,242104,-86634.7890625
12533,TQC,env2,243388,-87514.0859375
12534,TQC,env2,244052,-87620.2109375
12535,TQC,env2,247460,-86712.4140625
12536,TQC,env2,248052,-84838.2578125
12537,TQC,env2,251768,-84823.1875
12538,TQC,env2,252332,-83854.234375
12539,TQC,env2,254032,-83108.7734375
12540,TQC,env2,254868,-84001.7265625
12541,TQC,env2,255892,-84094.546875
12542,TQC,env2,257288,-85167.6953125
12543,TQC,env2,258840,-84873.1953125
12544,TQC,env2,259752,-85979.1484375
12545,TQC,env2,260844,-84897.6171875
12546,TQC,env2,261420,-85877.921875
12547,TQC,env2,262688,-86076.84375
12548,TQC,env2,264140,-88115.5703125
12549,TQC,env2,265336,-89428.171875
12550,TQC,env2,265916,-92042.9765625
12551,TQC,env2,268504,-91307.2265625
12552,TQC,env2,269312,-90586.25
12553,TQC,env2,270792,-89566.375
12554,TQC,env2,272676,-89719.75
12555,TQC,env2,273472,-88936.421875
12556,TQC,env2,275512,-88772.5234375
12557,TQC,env2,276756,-88581.0234375
12558,TQC,env2,278720,-88632.453125
12559,TQC,env2,279852,-88489.953125
12560,TQC,env2,280864,-88551.8359375
12561,TQC,env2,281524,-90483.484375
12562,TQC,env2,282596,-90334.0390625
12563,TQC,env2,283536,-91267.0625
12564,TQC,env2,284200,-92027.234375
12565,TQC,env2,285120,-91875.5625
12566,TQC,env2,286276,-91802.640625
12567,TQC,env2,287024,-91852.1875
12568,TQC,env2,288112,-91932.3359375
12569,TQC,env2,289400,-91052.0390625
12570,TQC,env2,290148,-91955.109375
12571,TQC,env2,292048,-91624.671875
12572,TQC,env2,293436,-91480.546875
12573,TQC,env2,295164,-90445.0703125
12574,TQC,env2,297020,-90304.9453125
12575,TQC,env2,298896,-88428.546875
12576,TQC,env2,299300,-89000.0234375
12577,TQC,env2,300044,-89670.546875
12578,TQC,env2,301384,-90650.0703125
12579,TQC,env2,303792,-90615.71875
12580,TQC,env2,305580,-92465.96875
12581,TQC,env2,308252,-90375.171875
12582,TQC,env2,310924,-89474.34375
12583,TQC,env2,313632,-87223.4296875
12584,TQC,env2,317632,-84287.78125
12585,TQC,env2,318572,-84178.7421875
12586,TQC,env2,322256,-83147.46875
12587,TQC,env2,324228,-81188.8203125
12588,TQC,env2,325452,-80160.0703125
12589,TQC,env2,326844,-78416.46875
12590,TQC,env2,328544,-78643.59375
12591,TQC,env2,329464,-78422.2421875
12592,TQC,env2,330744,-77400.46875
12593,TQC,env2,333056,-76533.7421875
12594,TQC,env2,333716,-77574.96875
12595,TQC,env2,334976,-76684.84375
12596,TQC,env2,335820,-77057.390625
12597,TQC,env2,336084,-77154.109375
12598,TQC,env2,336372,-78106.7890625
12599,TQC,env2,336668,-78102.3125
12600,TQC,env2,337308,-79155.2109375
12601,TQC,env2,337588,-79418.9375
12602,TQC,env2,338556,-79660.4140625
12603,TQC,env2,339308,-79689.2109375
12604,TQC,env2,341520,-78839.1640625
12605,TQC,env2,343644,-77824.6640625
12606,TQC,env2,344956,-78101.0859375
12607,TQC,env2,345996,-79918.765625
12608,TQC,env2,348956,-81223.25
12609,TQC,env2,350724,-83316.375
12610,TQC,env2,351412,-84179.0
12611,TQC,env2,353304,-85165.7734375
12612,TQC,env2,355756,-85116.53125
12613,TQC,env2,357172,-85325.0078125
12614,TQC,env2,359372,-87225.03125
12615,TQC,env2,359712,-86114.609375
12616,TQC,env2,360068,-86301.3828125
12617,TQC,env2,360348,-87307.9609375
12618,TQC,env2,360576,-88312.8359375
12619,TQC,env2,360772,-88309.4375
12620,TQC,env2,360932,-89367.609375
12621,TQC,env2,361288,-89374.28125
12622,TQC,env2,361744,-89357.484375
12623,TQC,env2,362184,-89384.6875
12624,TQC,env2,363712,-88195.28125
12625,TQC,env2,364832,-89133.78125
12626,TQC,env2,365492,-89079.0859375
12627,TQC,env2,367680,-89132.484375
12628,TQC,env2,369260,-87179.8125
12629,TQC,env2,369760,-88057.0859375
12630,TQC,env2,370888,-88989.90625
12631,TQC,env2,372840,-90823.5078125
12632,TQC,env2,373932,-89930.609375
12633,TQC,env2,375732,-89924.40625
12634,TQC,env2,376372,-90578.625
12635,TQC,env2,378064,-90723.171875
12636,TQC,env2,379856,-90514.796875
12637,TQC,env2,380768,-91800.1171875
12638,TQC,env2,381848,-92706.1171875
12639,TQC,env2,382436,-91757.4921875
12640,TQC,env2,383152,-92837.6171875
12641,TQC,env2,383936,-92817.4140625
12642,TQC,env2,384644,-92846.015625
12643,TQC,env2,385112,-92887.6171875
12644,TQC,env2,385732,-91829.7890625
12645,TQC,env2,386356,-91844.2890625
12646,TQC,env2,386856,-91798.640625
12647,TQC,env2,387800,-91811.84375
12648,TQC,env2,388696,-91816.34375
12649,TQC,env2,390084,-92112.84375
12650,TQC,env2,391152,-90981.9140625
12651,TQC,env2,392316,-89961.21875
12652,TQC,env2,393524,-88960.3125
12653,TQC,env2,394580,-90820.96875
12654,TQC,env2,395772,-90775.59375
12655,TQC,env2,396560,-89551.5390625
12656,TQC,env2,397808,-89578.59375
12657,TQC,env2,399772,-88648.84375
12658,TQC,env2,401652,-89487.34375
12659,TQC,env2,402384,-88039.421875
12660,TQC,env2,406384,-84940.4609375
12661,TQC,env2,408644,-84781.3359375
12662,TQC,env2,409956,-84605.40625
12663,TQC,env2,412988,-84403.5625
12664,TQC,env2,415280,-83497.7578125
12665,TQC,env2,417460,-81710.65625
12666,TQC,env2,418736,-80800.5625
12667,TQC,env2,419712,-80843.4609375
12668,TQC,env2,420624,-79583.75
12669,TQC,env2,421248,-80707.4765625
12670,TQC,env2,421720,-80626.8984375
12671,TQC,env2,423664,-80664.1484375
12672,TQC,env2,426332,-78504.3359375
12673,TQC,env2,428032,-78330.609375
12674,TQC,env2,429284,-78992.890625
12675,TQC,env2,430600,-79746.9921875
12676,TQC,env2,431148,-80635.9375
12677,TQC,env2,432252,-80379.5625
12678,TQC,env2,433536,-80108.953125
12679,TQC,env2,434200,-79950.6015625
12680,TQC,env2,435936,-80964.328125
12681,TQC,env2,436772,-80669.03125
12682,TQC,env2,439376,-81574.9296875
12683,TQC,env2,442320,-79577.3671875
12684,TQC,env2,444544,-80185.8671875
12685,TQC,env2,445880,-82164.484375
12686,TQC,env2,446292,-82351.359375
12687,TQC,env2,448952,-82102.546875
12688,TQC,env2,449568,-82176.6953125
12689,TQC,env2,450436,-83951.0234375
12690,TQC,env2,451108,-85755.6171875
12691,TQC,env2,451844,-85682.9453125
12692,TQC,env2,452924,-85665.84375
12693,TQC,env2,453624,-86852.78125
12694,TQC,env2,454328,-86831.78125
12695,TQC,env2,456600,-86924.6796875
12696,TQC,env2,458892,-86677.203125
12697,TQC,env2,459456,-88504.4140625
12698,TQC,env2,460208,-87664.984375
12699,TQC,env2,461676,-86491.515625
12700,TQC,env2,462108,-86850.7421875
12701,TQC,env2,463072,-86975.0703125
12702,TQC,env2,463520,-86950.921875
12703,TQC,env2,464008,-87211.7265625
12704,TQC,env2,464852,-87408.953125
12705,TQC,env2,465988,-87387.0078125
12706,TQC,env2,467132,-87594.8828125
12707,TQC,env2,468340,-88514.453125
12708,TQC,env2,469188,-90560.015625
12709,TQC,env2,470060,-91458.1171875
12710,TQC,env2,470932,-92511.4609375
12711,TQC,env2,471548,-92638.8359375
12712,TQC,env2,472256,-93881.3046875
12713,TQC,env2,472892,-93864.828125
12714,TQC,env2,473708,-93806.203125
12715,TQC,env2,474744,-93496.828125
12716,TQC,env2,476252,-94415.875
12717,TQC,env2,477792,-94270.15625
12718,TQC,env2,479792,-94351.25
12719,TQC,env2,482112,-93363.3046875
12720,TQC,env2,485420,-91416.2265625
12721,TQC,env2,486960,-89965.5
12722,TQC,env2,488768,-90270.2421875
12723,TQC,env2,490828,-91371.4921875
12724,TQC,env2,492576,-91932.2734375
12725,TQC,env2,493980,-89992.453125
12726,TQC,env2,494820,-90162.578125
12727,TQC,env2,497676,-91508.796875
12728,TQC,env2,498992,-90801.328125
12729,TQC,env2,500972,-91029.078125
12730,TQC,env2,502008,-90310.703125
12731,TQC,env2,503396,-90520.8515625
12732,TQC,env2,504232,-90708.171875
12733,TQC,env2,505376,-89937.9765625
12734,TQC,env2,505668,-90264.375
12735,TQC,env2,507244,-90456.5234375
12736,TQC,env2,508228,-90269.03125
12737,TQC,env2,509252,-89452.0078125
12738,TQC,env2,510104,-89372.90625
12739,TQC,env2,512292,-89545.5546875
12740,TQC,env2,513756,-89905.328125
12741,TQC,env2,516292,-88090.78125
12742,TQC,env2,517144,-87222.390625
12743,TQC,env2,518084,-87213.0703125
12744,TQC,env2,518624,-88095.0390625
12745,TQC,env2,518948,-88943.7421875
12746,TQC,env2,520000,-90486.6640625
12747,TQC,env2,520560,-90536.140625
12748,TQC,env2,521088,-90462.34375
12749,TQC,env2,521432,-91313.4453125
12750,TQC,env2,521680,-93298.765625
12751,TQC,env2,523676,-93237.1640625
12752,TQC,env2,525788,-91259.46875
12753,TQC,env2,526688,-91017.8046875
12754,TQC,env2,527600,-90827.953125
12755,TQC,env2,529156,-91884.6328125
12756,TQC,env2,530688,-89878.1328125
12757,TQC,env2,532692,-89821.78125
12758,TQC,env2,534688,-89514.171875
12759,TQC,env2,535620,-88586.3671875
12760,TQC,env2,536388,-88377.3515625
12761,TQC,env2,536916,-88652.890625
12762,TQC,env2,537652,-89273.171875
12763,TQC,env2,538200,-89468.4453125
12764,TQC,env2,538848,-89483.59375
12765,TQC,env2,539424,-89401.9921875
12766,TQC,env2,540192,-90263.2421875
12767,TQC,env2,540932,-91169.859375
12768,TQC,env2,541768,-91171.4609375
12769,TQC,env2,542112,-91247.234375
12770,TQC,env2,542556,-92333.0859375
12771,TQC,env2,542880,-92476.3046875
12772,TQC,env2,543024,-92439.109375
12773,TQC,env2,543220,-92387.8046875
12774,TQC,env2,543524,-92385.609375
12775,TQC,env2,545376,-92413.3046875
12776,TQC,env2,547160,-92374.5078125
12777,TQC,env2,548136,-93916.7109375
12778,TQC,env2,551352,-93896.796875
12779,TQC,env2,552508,-91785.8984375
12780,TQC,env2,554476,-91753.8203125
12781,TQC,env2,555652,-93686.171875
12782,TQC,env2,556216,-93735.8203125
12783,TQC,env2,557616,-95047.7265625
12784,TQC,env2,558660,-95960.2265625
12785,TQC,env2,560072,-96093.328125
12786,TQC,env2,560688,-94969.3125
12787,TQC,env2,561440,-95313.2421875
12788,TQC,env2,562408,-95128.4375
12789,TQC,env2,563048,-94863.8125
12790,TQC,env2,563624,-94881.4140625
12791,TQC,env2,563992,-95973.140625
12792,TQC,env2,566408,-94764.78125
12793,TQC,env2,569520,-91470.9921875
12794,TQC,env2,570052,-91383.640625
12795,TQC,env2,570528,-91282.140625
12796,TQC,env2,570756,-90128.890625
12797,TQC,env2,571160,-90137.4921875
12798,TQC,env2,571896,-90154.1953125
12799,TQC,env2,572224,-88987.265625
12800,TQC,env2,573592,-88928.171875
12801,TQC,env2,574304,-88816.96875
12802,TQC,env2,574796,-89121.96875
12803,TQC,env2,575592,-89128.3671875
12804,TQC,env2,576300,-90079.40625
12805,TQC,env2,577044,-89945.4765625
12806,TQC,env2,577516,-90031.125
12807,TQC,env2,577636,-89914.4296875
12808,TQC,env2,577920,-89452.6796875
12809,TQC,env2,578204,-89412.4765625
12810,TQC,env2,578448,-89449.3046875
12811,TQC,env2,578676,-90438.390625
12812,TQC,env2,578972,-90254.8125
12813,TQC,env2,579224,-90402.515625
12814,TQC,env2,579448,-90542.265625
12815,TQC,env2,580136,-90526.265625
12816,TQC,env2,580744,-90316.59375
12817,TQC,env2,581984,-91447.3984375
12818,TQC,env2,582252,-94694.6875
12819,TQC,env2,582528,-94767.9375
12820,TQC,env2,583120,-94867.84375
12821,TQC,env2,583488,-95036.4375
12822,TQC,env2,583652,-95037.734375
12823,TQC,env2,583808,-95019.6328125
12824,TQC,env2,584856,-94928.4140625
12825,TQC,env2,585848,-94766.4375
12826,TQC,env2,586552,-94811.0390625
12827,TQC,env2,586912,-94751.84375
12828,TQC,env2,587256,-95828.8125
12829,TQC,env2,587948,-97037.828125
12830,TQC,env2,588236,-97169.828125
12831,TQC,env2,588680,-97110.2265625
12832,TQC,env2,589120,-97205.4296875
12833,TQC,env2,589720,-97461.578125
12834,TQC,env2,590268,-97478.8828125
12835,TQC,env2,591272,-97486.28125
12836,TQC,env2,593540,-97636.203125
12837,TQC,env2,593908,-95659.03125
12838,TQC,env2,594616,-95567.078125
12839,TQC,env2,595584,-94712.6796875
12840,TQC,env2,596084,-94642.953125
12841,TQC,env2,596620,-94667.578125
12842,TQC,env2,597484,-94610.2578125
12843,TQC,env2,598144,-94527.453125
12844,TQC,env2,598936,-94600.8515625
12845,TQC,env2,599616,-94613.953125
12846,TQC,env2,601200,-94736.2578125
12847,TQC,env2,601900,-94773.3515625
12848,TQC,env2,602628,-94694.453125
12849,TQC,env2,603316,-95141.3984375
12850,TQC,env2,603616,-95202.578125
12851,TQC,env2,603988,-95271.078125
12852,TQC,env2,604408,-95306.875
12853,TQC,env2,605112,-95109.2734375
12854,TQC,env2,605416,-95106.375
12855,TQC,env2,606096,-94983.953125
12856,TQC,env2,606800,-94882.6015625
12857,TQC,env2,607564,-94796.1484375
12858,TQC,env2,608000,-94864.453125
12859,TQC,env2,608356,-94819.3515625
12860,TQC,env2,609004,-94807.3515625
12861,TQC,env2,609444,-94778.1484375
12862,TQC,env2,610200,-96703.703125
12863,TQC,env2,611020,-96754.296875
12864,TQC,env2,612272,-97764.375
12865,TQC,env2,613220,-97793.296875
12866,TQC,env2,613952,-98023.6484375
12867,TQC,env2,614560,-98219.5234375
12868,TQC,env2,614916,-97230.828125
12869,TQC,env2,615540,-97184.625
12870,TQC,env2,615912,-97194.5234375
12871,TQC,env2,616284,-98100.921875
12872,TQC,env2,617140,-98004.328125
12873,TQC,env2,617596,-98108.421875
12874,TQC,env2,618028,-98964.125
12875,TQC,env2,618388,-99057.828125
12876,TQC,env2,619132,-99086.328125
12877,TQC,env2,619612,-99076.7265625
12878,TQC,env2,619892,-99302.328125
12879,TQC,env2,620204,-99297.625
12880,TQC,env2,620536,-99387.6484375
12881,TQC,env2,620996,-99489.5
12882,TQC,env2,621364,-99585.8515625
12883,TQC,env2,621776,-99587.6484375
12884,TQC,env2,622228,-99640.3515625
12885,TQC,env2,623380,-99663.453125
12886,TQC,env2,624296,-99716.1484375
12887,TQC,env2,625396,-99908.25
12888,TQC,env2,626096,-98903.25
12889,TQC,env2,626424,-98869.8515625
12890,TQC,env2,626820,-98898.953125
12891,TQC,env2,627208,-98735.828125
12892,TQC,env2,627676,-98725.328125
12893,TQC,env2,628228,-99837.625
12894,TQC,env2,629376,-99758.1484375
12895,TQC,env2,631476,-98458.515625
12896,TQC,env2,633812,-97384.8671875
12897,TQC,env2,635008,-96434.640625
12898,TQC,env2,636304,-95461.84375
12899,TQC,env2,637596,-95546.9453125
12900,TQC,env2,639784,-95452.8671875
12901,TQC,env2,640840,-95198.234375
12902,TQC,env2,641680,-95223.4296875
12903,TQC,env2,644416,-94003.3828125
12904,TQC,env2,646480,-92609.671875
12905,TQC,env2,646636,-92537.3515625
12906,TQC,env2,646868,-92515.1484375
12907,TQC,env2,647860,-92522.25
12908,TQC,env2,649608,-91550.125
12909,TQC,env2,650196,-91371.2265625
12910,TQC,env2,650564,-91332.8203125
12911,TQC,env2,650792,-91257.5234375
12912,TQC,env2,651436,-91296.625
12913,TQC,env2,653508,-92352.0234375
12914,TQC,env2,653812,-92174.546875
12915,TQC,env2,654060,-92168.9453125
12916,TQC,env2,657508,-91372.0703125
12917,TQC,env2,657760,-90457.2734375
12918,TQC,env2,658268,-89525.171875
12919,TQC,env2,658700,-88682.3515625
12920,TQC,env2,661424,-89737.109375
12921,TQC,env2,661708,-90788.4609375
12922,TQC,env2,662296,-90742.0859375
12923,TQC,env2,662792,-90647.1953125
12924,TQC,env2,664268,-90441.9609375
12925,TQC,env2,665624,-89625.3359375
12926,TQC,env2,666752,-88952.96875
12927,TQC,env2,667412,-88067.96875
12928,TQC,env2,669148,-89226.3203125
12929,TQC,env2,670800,-89711.625
12930,TQC,env2,671412,-88933.6484375
12931,TQC,env2,672132,-88876.296875
12932,TQC,env2,672624,-88910.6015625
12933,TQC,env2,673552,-89885.2265625
12934,TQC,env2,674200,-90104.921875
12935,TQC,env2,675012,-89952.2890625
12936,TQC,env2,675744,-90000.09375
12937,TQC,env2,677144,-90001.6875
12938,TQC,env2,678400,-89988.9921875
12939,TQC,env2,679492,-90111.3125
12940,TQC,env2,680132,-89869.1484375
12941,TQC,env2,680328,-90703.25
12942,TQC,env2,680548,-91608.6484375
12943,TQC,env2,681020,-92509.546875
12944,TQC,env2,681340,-93406.6484375
12945,TQC,env2,683028,-93653.5234375
12946,TQC,env2,684328,-92667.0
12947,TQC,env2,684824,-92783.796875
12948,TQC,env2,686460,-93669.4375
12949,TQC,env2,687140,-93495.1015625
12950,TQC,env2,687972,-94342.4453125
12951,TQC,env2,690288,-95008.78125
12952,TQC,env2,691616,-94515.140625
12953,TQC,env2,692248,-94463.6171875
12954,TQC,env2,693052,-95298.21875
12955,TQC,env2,695080,-96137.515625
12956,TQC,env2,697132,-95096.765625
12957,TQC,env2,698012,-94866.5390625
12958,TQC,env2,699296,-93848.1953125
12959,TQC,env2,699948,-93522.375
12960,TQC,env2,700840,-93724.4140625
12961,TQC,env2,702132,-93438.3125
12962,TQC,env2,704284,-93255.7265625
12963,TQC,env2,705224,-92205.0
12964,TQC,env2,706336,-91347.75
12965,TQC,env2,707428,-91649.515625
12966,TQC,env2,708036,-90826.8203125
12967,TQC,env2,708508,-90835.8203125
12968,TQC,env2,708760,-90853.421875
12969,TQC,env2,709212,-90862.421875
12970,TQC,env2,709492,-89787.46875
12971,TQC,env2,709728,-90689.59375
12972,TQC,env2,710020,-91626.09375
12973,TQC,env2,710268,-91794.9453125
12974,TQC,env2,710508,-92051.3203125
12975,TQC,env2,710760,-92100.765625
12976,TQC,env2,711016,-92327.9296875
12977,TQC,env2,711280,-93677.7734375
12978,TQC,env2,711560,-93753.203125
12979,TQC,env2,711816,-93812.703125
12980,TQC,env2,712068,-93827.796875
12981,TQC,env2,712340,-94939.296875
12982,TQC,env2,712584,-95105.7265625
12983,TQC,env2,712828,-96106.4765625
12984,TQC,env2,713104,-96374.4921875
12985,TQC,env2,713356,-96323.890625
12986,TQC,env2,713616,-96576.390625
12987,TQC,env2,713884,-96683.578125
12988,TQC,env2,714156,-97750.953125
12989,TQC,env2,714416,-98646.3515625
12990,TQC,env2,714672,-98599.8515625
12991,TQC,env2,714936,-99505.046875
12992,TQC,env2,715180,-99506.25
12993,TQC,env2,715444,-99492.3515625
12994,TQC,env2,715712,-99494.75
12995,TQC,env2,715980,-100545.796875
12996,TQC,env2,716232,-100642.796875
12997,TQC,env2,716516,-100643.8984375
12998,TQC,env2,716772,-100645.296875
12999,TQC,env2,717052,-100646.3984375
13000,TQC,env2,717316,-100648.296875
13001,TQC,env2,717592,-100649.796875
13002,TQC,env2,717860,-100651.203125
13003,TQC,env2,718116,-100649.6015625
13004,TQC,env2,718468,-100653.296875
13005,TQC,env2,718756,-100653.3984375
13006,TQC,env2,718988,-100654.296875
13007,TQC,env2,719244,-100654.796875
13008,TQC,env2,719404,-100651.1015625
13009,TQC,env2,719648,-100646.796875
13010,TQC,env2,719784,-100635.1015625
13011,TQC,env2,719956,-100622.796875
13012,TQC,env2,720148,-100611.5
13013,TQC,env2,720892,-100630.3984375
13014,TQC,env2,721800,-100523.171875
13015,TQC,env2,722064,-100442.578125
13016,TQC,env2,722324,-100429.7734375
13017,TQC,env2,722588,-100418.2734375
13018,TQC,env2,722756,-100460.671875
13019,TQC,env2,722960,-100446.671875
13020,TQC,env2,723120,-100356.421875
13021,TQC,env2,723248,-100346.7265625
13022,TQC,env2,723420,-100333.921875
13023,TQC,env2,724196,-100339.328125
13024,TQC,env2,724980,-100356.328125
13025,TQC,env2,725400,-100388.2265625
13026,TQC,env2,725672,-100374.328125
13027,TQC,env2,725940,-100360.2265625
13028,TQC,env2,726420,-100224.5234375
13029,TQC,env2,726824,-100223.625
13030,TQC,env2,728804,-100202.7734375
13031,TQC,env2,729100,-100194.9765625
13032,TQC,env2,729380,-100183.4765625
13033,TQC,env2,729640,-100175.4765625
13034,TQC,env2,730396,-100145.828125
13035,TQC,env2,731096,-99103.1015625
13036,TQC,env2,732040,-99148.0
13037,TQC,env2,732304,-99146.5
13038,TQC,env2,732592,-99114.703125
13039,TQC,env2,732880,-99209.125
13040,TQC,env2,733172,-99278.828125
13041,TQC,env2,733456,-99279.421875
13042,TQC,env2,733756,-98249.328125
13043,TQC,env2,733932,-97153.5
13044,TQC,env2,734196,-97155.1015625
13045,TQC,env2,735124,-97258.6484375
13046,TQC,env2,735464,-97083.171875
13047,TQC,env2,735716,-97085.078125
13048,TQC,env2,735920,-97068.171875
13049,TQC,env2,736180,-97081.4765625
13050,TQC,env2,736384,-97037.078125
13051,TQC,env2,736664,-97046.578125
13052,TQC,env2,736836,-97049.2734375
13053,TQC,env2,737028,-97199.2734375
13054,TQC,env2,737296,-97257.2265625
13055,TQC,env2,737460,-97192.5234375
13056,TQC,env2,737812,-97197.828125
13057,TQC,env2,738104,-97198.421875
13058,TQC,env2,738752,-97239.0234375
13059,TQC,env2,739048,-97319.671875
13060,TQC,env2,739336,-98362.3984375
13061,TQC,env2,740624,-98377.8984375
13062,TQC,env2,741684,-98358.578125
13063,TQC,env2,742016,-98311.4765625
13064,TQC,env2,742448,-98324.2734375
13065,TQC,env2,743236,-98334.375
13066,TQC,env2,743512,-98348.2734375
13067,TQC,env2,743760,-99377.9765625
13068,TQC,env2,744336,-100487.1015625
13069,TQC,env2,744724,-100502.296875
13070,TQC,env2,744892,-99469.3984375
13071,TQC,env2,745084,-99646.171875
13072,TQC,env2,745264,-99644.078125
13073,TQC,env2,745448,-99641.375
13074,TQC,env2,745584,-99611.078125
13075,TQC,env2,745728,-99609.2734375
13076,TQC,env2,745968,-99599.171875
13077,TQC,env2,746104,-99596.375
13078,TQC,env2,746256,-99568.375
13079,TQC,env2,746496,-99566.2734375
13080,TQC,env2,746616,-99588.875
13081,TQC,env2,746740,-99582.171875
13082,TQC,env2,746860,-99580.078125
13083,TQC,env2,747000,-99537.875
13084,TQC,env2,747256,-99476.578125
13085,TQC,env2,747428,-99484.9765625
13086,TQC,env2,747596,-99422.875
13087,TQC,env2,747760,-99440.8984375
13088,TQC,env2,747912,-99487.1015625
13089,TQC,env2,748088,-99471.6015625
13090,TQC,env2,748240,-99458.8984375
13091,TQC,env2,748364,-99476.1015625
13092,TQC,env2,748476,-99475.296875
13093,TQC,env2,748596,-99404.703125
13094,TQC,env2,748728,-99388.296875
13095,TQC,env2,748844,-100388.0
13096,TQC,env2,748964,-100385.6015625
13097,TQC,env2,749084,-100384.203125
13098,TQC,env2,749204,-100383.796875
13099,TQC,env2,749324,-100368.8984375
13100,TQC,env2,749440,-100367.6015625
13101,TQC,env2,749552,-100366.796875
13102,TQC,env2,749684,-100365.296875
13103,TQC,env2,749792,-100365.0
13104,TQC,env2,749912,-100362.296875
13105,TQC,env2,750036,-100336.703125
13106,TQC,env2,750208,-100340.5
13107,TQC,env2,750344,-100341.296875
13108,TQC,env2,750456,-100341.0
13109,TQC,env2,750568,-100339.8984375
13110,TQC,env2,750704,-100329.796875
13111,TQC,env2,750820,-100329.203125
13112,TQC,env2,750932,-100328.5
13113,TQC,env2,751048,-100328.0
13114,TQC,env2,751184,-100328.296875
13115,TQC,env2,751300,-100327.6015625
13116,TQC,env2,751416,-100294.203125
13117,TQC,env2,751528,-100294.203125
13118,TQC,env2,751640,-100293.296875
13119,TQC,env2,751768,-100291.6015625
13120,TQC,env2,751876,-100291.203125
13121,TQC,env2,751992,-100289.796875
13122,TQC,env2,752104,-100289.796875
13123,TQC,env2,752212,-100288.6015625
13124,TQC,env2,752324,-100287.5
13125,TQC,env2,752452,-100287.5
13126,TQC,env2,752572,-100287.8984375
13127,TQC,env2,752732,-100291.5
13128,TQC,env2,752848,-100293.203125
13129,TQC,env2,753004,-100297.796875
13130,TQC,env2,753120,-100297.203125
13131,TQC,env2,753244,-100294.6015625
13132,TQC,env2,753492,-100295.703125
13133,TQC,env2,753964,-100301.703125
13134,TQC,env2,754200,-100313.296875
13135,TQC,env2,754444,-100313.796875
13136,TQC,env2,754796,-100343.0
13137,TQC,env2,755088,-100289.3984375
13138,TQC,env2,755492,-100119.5703125
13139,TQC,env2,755720,-100135.46875
13140,TQC,env2,756172,-100058.6953125
13141,TQC,env2,756372,-100076.7890625
13142,TQC,env2,757120,-100119.59375
13143,TQC,env2,757488,-100052.7890625
13144,TQC,env2,757728,-100075.390625
13145,TQC,env2,758080,-100092.6953125
13146,TQC,env2,758612,-100132.09375
13147,TQC,env2,758944,-100059.6953125
13148,TQC,env2,759400,-100085.09375
13149,TQC,env2,759620,-100104.1953125
13150,TQC,env2,759892,-100117.09375
13151,TQC,env2,760272,-100146.890625
13152,TQC,env2,760444,-100153.59375
13153,TQC,env2,760648,-100159.390625
13154,TQC,env2,760840,-100163.6953125
13155,TQC,env2,761044,-100170.4921875
13156,TQC,env2,761284,-100179.09375
13157,TQC,env2,761440,-100183.2890625
13158,TQC,env2,761596,-100171.890625
13159,TQC,env2,761804,-100176.2890625
13160,TQC,env2,761988,-100184.1953125
13161,TQC,env2,762196,-100165.59375
13162,TQC,env2,762448,-100227.09375
13163,TQC,env2,762712,-100411.7265625
13164,TQC,env2,762920,-100405.0234375
13165,TQC,env2,763172,-100489.796875
13166,TQC,env2,763392,-100486.8984375
13167,TQC,env2,763628,-100456.1015625
13168,TQC,env2,763856,-100535.6015625
13169,TQC,env2,764228,-100532.6015625
13170,TQC,env2,764584,-100538.203125
13171,TQC,env2,764944,-100526.5
13172,TQC,env2,765372,-100629.6015625
13173,TQC,env2,765816,-100637.203125
13174,TQC,env2,766200,-100648.203125
13175,TQC,env2,766544,-100658.0
13176,TQC,env2,766844,-100645.703125
13177,TQC,env2,767236,-100652.3984375
13178,TQC,env2,767432,-100662.203125
13179,TQC,env2,767748,-100671.6015625
13180,TQC,env2,768064,-100581.7734375
13181,TQC,env2,768408,-100494.3984375
13182,TQC,env2,768720,-100405.171875
13183,TQC,env2,769084,-100219.171875
13184,TQC,env2,769388,-100031.578125
13185,TQC,env2,769668,-99935.4765625
13186,TQC,env2,769972,-99841.7734375
13187,TQC,env2,770228,-99854.4765625
13188,TQC,env2,770472,-99854.671875
13189,TQC,env2,770720,-99856.375
13190,TQC,env2,770932,-99858.375
13191,TQC,env2,771144,-99853.078125
13192,TQC,env2,771344,-99849.2734375
13193,TQC,env2,771536,-99846.7734375
13194,TQC,env2,771740,-99833.671875
13195,TQC,env2,771900,-99815.078125
13196,TQC,env2,772124,-99794.2734375
13197,TQC,env2,772384,-99771.375
13198,TQC,env2,772540,-99750.578125
13199,TQC,env2,772700,-99726.2734375
13200,TQC,env2,772840,-99709.078125
13201,TQC,env2,773016,-99695.078125
13202,TQC,env2,773196,-99677.9765625
13203,TQC,env2,773360,-99670.9765625
13204,TQC,env2,773524,-99654.375
13205,TQC,env2,773676,-99743.203125
13206,TQC,env2,773848,-99825.171875
13207,TQC,env2,774012,-99911.703125
13208,TQC,env2,774168,-100097.203125
13209,TQC,env2,774336,-100284.8984375
13210,TQC,env2,774500,-100376.703125
13211,TQC,env2,774668,-100464.8984375
13212,TQC,env2,774836,-100449.6015625
13213,TQC,env2,774996,-100439.5
13214,TQC,env2,775168,-100433.203125
13215,TQC,env2,775336,-100429.0
13216,TQC,env2,775516,-100424.796875
13217,TQC,env2,775692,-100422.0
13218,TQC,env2,775872,-100418.1015625
13219,TQC,env2,776040,-100417.703125
13220,TQC,env2,776236,-100419.1015625
13221,TQC,env2,776412,-100427.1015625
13222,TQC,env2,776592,-100424.703125
13223,TQC,env2,776768,-100418.703125
13224,TQC,env2,776932,-100418.203125
13225,TQC,env2,777104,-100417.796875
13226,TQC,env2,777276,-100419.5
13227,TQC,env2,777456,-100420.5
13228,TQC,env2,777660,-100423.8984375
13229,TQC,env2,777848,-100426.296875
13230,TQC,env2,778048,-100431.703125
13231,TQC,env2,778264,-100434.3984375
13232,TQC,env2,778472,-100439.3984375
13233,TQC,env2,778700,-100444.6015625
13234,TQC,env2,778908,-100450.5
13235,TQC,env2,779172,-100459.703125
13236,TQC,env2,779432,-100469.0
13237,TQC,env2,779684,-100478.3984375
13238,TQC,env2,779968,-100486.796875
13239,TQC,env2,780236,-100494.203125
13240,TQC,env2,780520,-100505.0
13241,TQC,env2,780796,-100514.1015625
13242,TQC,env2,781072,-100524.5
13243,TQC,env2,781336,-100534.5
13244,TQC,env2,781628,-100546.296875
13245,TQC,env2,781880,-100557.203125
13246,TQC,env2,782188,-100560.1015625
13247,TQC,env2,782504,-100573.796875
13248,TQC,env2,782820,-100588.203125
13249,TQC,env2,783168,-100603.0
13250,TQC,env2,783512,-100619.1015625
13251,TQC,env2,783804,-100634.203125
13252,TQC,env2,784104,-100645.1015625
13253,TQC,env2,784416,-100653.796875
13254,TQC,env2,784652,-100661.0
13255,TQC,env2,785012,-100678.203125
13256,TQC,env2,785320,-100690.203125
13257,TQC,env2,785576,-100696.703125
13258,TQC,env2,785828,-100702.8984375
13259,TQC,env2,786124,-100707.1015625
13260,TQC,env2,786416,-100710.703125
13261,TQC,env2,786656,-100711.6015625
13262,TQC,env2,786952,-100706.703125
13263,TQC,env2,787088,-100704.203125
13264,TQC,env2,787316,-100698.3984375
13265,TQC,env2,787492,-100689.203125
13266,TQC,env2,787704,-100682.296875
13267,TQC,env2,787852,-100673.796875
13268,TQC,env2,788080,-100667.203125
13269,TQC,env2,788276,-100656.0
13270,TQC,env2,788404,-100643.703125
13271,TQC,env2,788532,-100631.3984375
13272,TQC,env2,788688,-100615.3984375
13273,TQC,env2,788796,-100595.5
13274,TQC,env2,788916,-100575.8984375
13275,TQC,env2,789056,-100556.3984375
13276,TQC,env2,789192,-100536.0
13277,TQC,env2,789308,-100518.8984375
13278,TQC,env2,789916,-100409.2265625
13279,TQC,env2,790808,-100446.625
13280,TQC,env2,792792,-100022.453125
13281,TQC,env2,794176,-98759.0234375
13282,TQC,env2,796088,-98881.1171875
13283,TQC,env2,796360,-98867.3203125
13284,TQC,env2,796644,-98855.1171875
13285,TQC,env2,796900,-98838.5234375
13286,TQC,env2,797172,-98824.921875
13287,TQC,env2,797384,-97776.859375
13288,TQC,env2,797540,-97767.65625
13289,TQC,env2,797692,-97762.0546875
13290,TQC,env2,797912,-97756.2578125
13291,TQC,env2,798060,-97748.9609375
13292,TQC,env2,798180,-96578.4921875
13293,TQC,env2,798308,-96570.09375
13294,TQC,env2,798456,-96565.1953125
13295,TQC,env2,798600,-96563.9921875
13296,TQC,env2,798744,-96561.09375
13297,TQC,env2,798884,-96560.296875
13298,TQC,env2,799008,-96561.1953125
13299,TQC,env2,799140,-96563.296875
13300,TQC,env2,799288,-96563.890625
13301,TQC,env2,799452,-96569.4921875
13302,TQC,env2,799584,-96572.796875
13303,TQC,env2,799772,-96670.765625
13304,TQC,env2,799992,-96627.46875
13305,TQC,env2,800196,-97034.34375
13306,TQC,env2,800424,-98288.9765625
13307,TQC,env2,800644,-98162.2734375
13308,TQC,env2,800864,-98172.671875
13309,TQC,env2,801184,-98185.875
13310,TQC,env2,801428,-98199.171875
13311,TQC,env2,801764,-98218.5703125
13312,TQC,env2,802004,-99271.9375
13313,TQC,env2,802356,-99291.8359375
13314,TQC,env2,802724,-99315.9375
13315,TQC,env2,803072,-99338.734375
13316,TQC,env2,803440,-99362.234375
13317,TQC,env2,803860,-100552.703125
13318,TQC,env2,804316,-100586.1015625
13319,TQC,env2,804828,-100623.296875
13320,TQC,env2,805360,-100662.8984375
13321,TQC,env2,805900,-100702.1015625
13322,TQC,env2,806496,-100746.796875
13323,TQC,env2,807088,-100792.5
13324,TQC,env2,807688,-100840.5
13325,TQC,env2,808300,-100887.3984375
13326,TQC,env2,808916,-100930.6015625
13327,TQC,env2,809572,-100979.796875
13328,TQC,env2,810208,-101028.1015625
13329,TQC,env2,810920,-101076.703125
13330,TQC,env2,811648,-101128.296875
13331,TQC,env2,811968,-101142.796875
13332,TQC,env2,812632,-101180.6015625
13333,TQC,env2,813048,-101197.203125
13334,TQC,env2,813304,-101195.6015625
13335,TQC,env2,813580,-101199.3984375
13336,TQC,env2,813792,-101189.203125
13337,TQC,env2,814056,-101183.296875
13338,TQC,env2,814308,-101176.3984375
13339,TQC,env2,814504,-101163.6015625
13340,TQC,env2,814716,-101148.703125
13341,TQC,env2,814948,-101143.203125
13342,TQC,env2,815140,-101124.296875
13343,TQC,env2,815336,-101098.796875
13344,TQC,env2,815548,-101069.0
13345,TQC,env2,815772,-101038.296875
13346,TQC,env2,815972,-101004.0
13347,TQC,env2,816184,-100966.8984375
13348,TQC,env2,816428,-100931.6015625
13349,TQC,env2,816652,-100892.8984375
13350,TQC,env2,816892,-100855.203125
13351,TQC,env2,817112,-100815.796875
13352,TQC,env2,817312,-100772.296875
13353,TQC,env2,817524,-100728.0
13354,TQC,env2,817748,-100683.296875
13355,TQC,env2,817988,-100631.1015625
13356,TQC,env2,818204,-100615.3984375
13357,TQC,env2,818376,-100575.5
13358,TQC,env2,818552,-100553.203125
13359,TQC,env2,818720,-100543.703125
13360,TQC,env2,818884,-100530.203125
13361,TQC,env2,819040,-100523.8984375
13362,TQC,env2,819192,-100518.8984375
13363,TQC,env2,819348,-100508.1015625
13364,TQC,env2,819500,-100499.1015625
13365,TQC,env2,819648,-100493.296875
13366,TQC,env2,819800,-100478.6015625
13367,TQC,env2,819952,-100473.3984375
13368,TQC,env2,820104,-100468.0
13369,TQC,env2,820264,-100462.3984375
13370,TQC,env2,820412,-100453.5
13371,TQC,env2,820564,-100449.3984375
13372,TQC,env2,820728,-100444.5
13373,TQC,env2,820884,-100437.0
13374,TQC,env2,821044,-100430.1015625
13375,TQC,env2,821208,-100423.3984375
13376,TQC,env2,821384,-100419.0
13377,TQC,env2,821560,-100415.5
13378,TQC,env2,821724,-100410.703125
13379,TQC,env2,821912,-100405.203125
13380,TQC,env2,822104,-100403.6015625
13381,TQC,env2,822276,-100399.3984375
13382,TQC,env2,822456,-100397.5
13383,TQC,env2,822632,-100397.703125
13384,TQC,env2,822836,-100401.1015625
13385,TQC,env2,823012,-100401.796875
13386,TQC,env2,823184,-100404.5
13387,TQC,env2,823388,-100408.8984375
13388,TQC,env2,823596,-100413.796875
13389,TQC,env2,823804,-100419.8984375
13390,TQC,env2,824024,-100426.1015625
13391,TQC,env2,824236,-100432.1015625
13392,TQC,env2,824440,-100437.6015625
13393,TQC,env2,824648,-100442.0
13394,TQC,env2,824856,-100447.5
13395,TQC,env2,825064,-100453.6015625
13396,TQC,env2,825268,-100458.8984375
13397,TQC,env2,825488,-100463.5
13398,TQC,env2,825692,-100467.5
13399,TQC,env2,825872,-100469.3984375
13400,TQC,env2,826064,-100472.203125
13401,TQC,env2,826248,-100473.3984375
13402,TQC,env2,826428,-100474.1015625
13403,TQC,env2,826584,-100474.203125
13404,TQC,env2,826748,-100473.203125
13405,TQC,env2,826908,-100471.0
13406,TQC,env2,827056,-100468.796875
13407,TQC,env2,827204,-100465.1015625
13408,TQC,env2,827356,-100462.1015625
13409,TQC,env2,827508,-100457.0
13410,TQC,env2,827656,-100455.1015625
13411,TQC,env2,827808,-100451.3984375
13412,TQC,env2,827960,-100446.3984375
13413,TQC,env2,828108,-100440.8984375
13414,TQC,env2,828260,-100434.796875
13415,TQC,env2,828416,-100428.796875
13416,TQC,env2,828564,-100422.1015625
13417,TQC,env2,828712,-100416.203125
13418,TQC,env2,828868,-100411.796875
13419,TQC,env2,829020,-100406.0
13420,TQC,env2,829172,-100400.703125
13421,TQC,env2,829324,-100395.1015625
13422,TQC,env2,829472,-100388.796875
13423,TQC,env2,829624,-100384.1015625
13424,TQC,env2,829780,-100381.1015625
13425,TQC,env2,829924,-100376.6015625
13426,TQC,env2,830072,-100373.203125
13427,TQC,env2,830216,-100370.296875
13428,TQC,env2,830364,-100368.5
13429,TQC,env2,830512,-100366.296875
13430,TQC,env2,830660,-100364.796875
13431,TQC,env2,830812,-100364.8984375
13432,TQC,env2,830964,-100364.8984375
13433,TQC,env2,831112,-100364.3984375
13434,TQC,env2,831260,-100364.3984375
13435,TQC,env2,831420,-100364.5
13436,TQC,env2,831584,-100365.3984375
13437,TQC,env2,831756,-100367.5
13438,TQC,env2,831928,-100369.703125
13439,TQC,env2,832104,-100371.703125
13440,TQC,env2,832304,-100375.296875
13441,TQC,env2,832496,-100379.703125
13442,TQC,env2,832712,-100385.3984375
13443,TQC,env2,832936,-100392.3984375
13444,TQC,env2,833176,-100400.3984375
13445,TQC,env2,833420,-100408.703125
13446,TQC,env2,833672,-100418.703125
13447,TQC,env2,833944,-100430.703125
13448,TQC,env2,834268,-100445.703125
13449,TQC,env2,834620,-100465.3984375
13450,TQC,env2,835000,-100487.3984375
13451,TQC,env2,835436,-100513.8984375
13452,TQC,env2,835908,-100545.0
13453,TQC,env2,836396,-100578.3984375
13454,TQC,env2,837032,-100621.703125
13455,TQC,env2,837684,-100671.5
13456,TQC,env2,838684,-100747.6015625
13457,TQC,env2,839716,-100829.3984375
13458,TQC,env2,840860,-100923.8984375
13459,TQC,env2,842568,-101047.3984375
13460,TQC,env2,842948,-101097.703125
13461,TQC,env2,843188,-101146.796875
13462,TQC,env2,843436,-101152.296875
13463,TQC,env2,843636,-101156.203125
13464,TQC,env2,843840,-101159.3984375
13465,TQC,env2,844036,-101159.703125
13466,TQC,env2,844228,-101159.796875
13467,TQC,env2,844436,-101155.203125
13468,TQC,env2,844616,-101154.0
13469,TQC,env2,844816,-101150.296875
13470,TQC,env2,845004,-101146.0
13471,TQC,env2,845124,-101138.5
13472,TQC,env2,845320,-101129.5
13473,TQC,env2,845504,-101115.0
13474,TQC,env2,845624,-101098.203125
13475,TQC,env2,845784,-101077.0
13476,TQC,env2,845900,-101049.296875
13477,TQC,env2,846012,-101014.703125
13478,TQC,env2,846140,-100977.796875
13479,TQC,env2,846268,-100932.1015625
13480,TQC,env2,846392,-100879.1015625
13481,TQC,env2,846508,-100799.203125
13482,TQC,env2,846624,-100713.5
13483,TQC,env2,846732,-100615.0
13484,TQC,env2,846840,-100488.0
13485,TQC,env2,846956,-100433.296875
13486,TQC,env2,847076,-100379.796875
13487,TQC,env2,847184,-100369.0
13488,TQC,env2,847292,-100358.8984375
13489,TQC,env2,847408,-100349.6015625
13490,TQC,env2,847516,-100344.1015625
13491,TQC,env2,847628,-100336.1015625
13492,TQC,env2,847736,-100331.296875
13493,TQC,env2,847844,-100321.1015625
13494,TQC,env2,847956,-100312.796875
13495,TQC,env2,848080,-100305.6015625
13496,TQC,env2,848324,-100309.3984375
13497,TQC,env2,848708,-100304.296875
13498,TQC,env2,852708,-96689.296875
13499,TQC,env2,856708,-93071.8984375
13500,TQC,env2,859844,-93369.0
13501,TQC,env2,862896,-93659.1015625
13502,TQC,env2,864676,-93852.8984375
13503,TQC,env2,865920,-93964.5
13504,TQC,env2,867044,-94063.296875
13505,TQC,env2,868092,-94155.6015625
13506,TQC,env2,869152,-94252.703125
13507,TQC,env2,870196,-94344.796875
13508,TQC,env2,871396,-94452.3984375
13509,TQC,env2,872688,-94568.0
13510,TQC,env2,874864,-94776.296875
13511,TQC,env2,876736,-94951.203125
13512,TQC,env2,878544,-95120.5
13513,TQC,env2,880312,-95286.6015625
13514,TQC,env2,882008,-95445.203125
13515,TQC,env2,883692,-95599.703125
13516,TQC,env2,885356,-95754.5
13517,TQC,env2,887028,-95910.0
13518,TQC,env2,888696,-96066.5
13519,TQC,env2,890384,-96223.8984375
13520,TQC,env2,892068,-96381.296875
13521,TQC,env2,893768,-96530.5
13522,TQC,env2,895568,-96695.703125
13523,TQC,env2,897556,-100493.1015625
13524,TQC,env2,900744,-104411.6015625
13525,TQC,env2,903624,-104397.703125
13526,TQC,env2,906168,-104348.0
13527,TQC,env2,908652,-104392.796875
13528,TQC,env2,910940,-104499.296875
13529,TQC,env2,913160,-104611.0
13530,TQC,env2,915524,-104743.3984375
13531,TQC,env2,917920,-104874.3984375
13532,TQC,env2,920080,-104987.1015625
13533,TQC,env2,922304,-105089.8984375
13534,TQC,env2,924828,-105215.296875
13535,TQC,env2,927412,-105254.1015625
13536,TQC,env2,930732,-105398.296875
13537,TQC,env2,932968,-105339.296875
13538,TQC,env2,934692,-104361.703125
13539,TQC,env2,938692,-101527.703125
13540,TQC,env2,940992,-100514.0
13541,TQC,env2,941972,-99484.3984375
13542,TQC,env2,942692,-97543.6015625
13543,TQC,env2,946692,-95604.0
13544,TQC,env2,949196,-93761.203125
13545,TQC,env2,951488,-93835.5
13546,TQC,env2,953740,-93890.796875
13547,TQC,env2,955340,-93901.203125
13548,TQC,env2,957420,-93898.3984375
13549,TQC,env2,958996,-93756.8984375
13550,TQC,env2,960488,-93607.5
13551,TQC,env2,961896,-93498.203125
13552,TQC,env2,963256,-93386.796875
13553,TQC,env2,964584,-93293.8984375
13554,TQC,env2,965916,-93205.6015625
13555,TQC,env2,967328,-93107.796875
13556,TQC,env2,968764,-93005.6015625
13557,TQC,env2,970080,-92925.703125
13558,TQC,env2,971524,-92843.203125
13559,TQC,env2,972884,-92734.5
13560,TQC,env2,974400,-92625.296875
13561,TQC,env2,975964,-92448.1015625
13562,TQC,env2,977900,-92503.3984375
13563,TQC,env2,979940,-93494.5
13564,TQC,env2,981956,-96365.3984375
13565,TQC,env2,984080,-97423.703125
13566,TQC,env2,986040,-98488.703125
13567,TQC,env2,988080,-100468.6015625
13568,TQC,env2,990360,-102459.6015625
13569,TQC,env2,992788,-104374.1015625
13570,TQC,env2,995252,-104374.3984375
13571,TQC,env2,997668,-104386.5
13572,TQC,env2,999972,-104430.5
13573,TQC,env2,1002036,-104467.5
13574,TQC,env2,1003644,-104474.5
13575,TQC,env2,1005796,-104508.5
13576,TQC,env2,1006888,-104528.5
13577,TQC,env2,1008352,-104545.3984375
13578,TQC,env2,1010024,-104577.703125
13579,TQC,env2,1012108,-104646.5
13580,TQC,env2,1014212,-104719.5
13581,TQC,env2,1016624,-104814.8984375
13582,TQC,env2,1019052,-104921.8984375
13583,TQC,env2,1021540,-104991.1015625
13584,TQC,env2,1023452,-105083.5
13585,TQC,env2,1025788,-104967.953125
13586,TQC,env2,1026648,-104821.2265625
13587,TQC,env2,1028124,-104436.3515625
13588,TQC,env2,1030932,-103913.0
13589,TQC,env2,1032392,-103511.7734375
13590,TQC,env2,1033040,-103169.5
13591,TQC,env2,1034904,-102811.828125
13592,TQC,env2,1037516,-102299.046875
13593,TQC,env2,1039432,-101886.4765625
13594,TQC,env2,1042180,-101327.125
13595,TQC,env2,1044196,-100850.0
13596,TQC,env2,1046872,-100449.328125
13597,TQC,env2,1049160,-100068.203125
13598,TQC,env2,1050996,-99757.5234375
13599,TQC,env2,1051976,-99484.953125
13600,TQC,env2,1054000,-99296.203125
13601,TQC,env2,1055732,-99001.1015625
13602,TQC,env2,1058544,-97847.1484375
13603,TQC,env2,1060524,-95722.1015625
13604,TQC,env2,1063756,-95600.1484375
13605,TQC,env2,1066996,-95716.75
13606,TQC,env2,1070060,-95805.546875
13607,TQC,env2,1073316,-95891.3515625
13608,TQC,env2,1076764,-96021.953125
13609,TQC,env2,1080436,-96150.6484375
13610,TQC,env2,1084436,-92517.703125
13611,TQC,env2,1088436,-88911.328125
13612,TQC,env2,1092436,-85519.203125
13613,TQC,env2,1096436,-82252.453125
13614,TQC,env2,1100436,-78847.375
13615,TQC,env2,1104436,-75377.25
13616,TQC,env2,1108436,-71933.921875
13617,TQC,env2,1112436,-70622.796875
13618,TQC,env2,1116044,-69195.078125
13619,TQC,env2,1117892,-69693.328125
13620,TQC,env2,1121748,-68232.3515625
13621,TQC,env2,1125748,-65752.828125
13622,TQC,env2,1127844,-63244.8515625
13623,TQC,env2,1129744,-63359.32421875
13624,TQC,env2,1131176,-62607.5
13625,TQC,env2,1131620,-62665.1484375
13626,TQC,env2,1134276,-61998.8515625
13627,TQC,env2,1135044,-63214.6015625
13628,TQC,env2,1138000,-65400.1484375
13629,TQC,env2,1139380,-65504.19921875
13630,TQC,env2,1140816,-65320.19921875
13631,TQC,env2,1142184,-65146.69921875
13632,TQC,env2,1143508,-64956.1015625
13633,TQC,env2,1144956,-64757.3984375
13634,TQC,env2,1146408,-64531.5
13635,TQC,env2,1148416,-68271.796875
13636,TQC,env2,1149820,-72025.203125
13637,TQC,env2,1151248,-75805.5
13638,TQC,env2,1152644,-79542.796875
13639,TQC,env2,1154312,-83284.1015625
13640,TQC,env2,1155680,-87031.796875
13641,TQC,env2,1157120,-90777.796875
13642,TQC,env2,1159752,-92581.8984375
13643,TQC,env2,1162516,-94461.703125
13644,TQC,env2,1165104,-94544.3984375
13645,TQC,env2,1165868,-96344.171875
13646,TQC,env2,1168360,-99189.078125
13647,TQC,env2,1170776,-102004.9765625
13648,TQC,env2,1173368,-102093.546875
13649,TQC,env2,1174300,-103139.3515625
13650,TQC,env2,1177116,-103342.6484375
13651,TQC,env2,1179844,-104263.296875
13652,TQC,env2,1182148,-104159.6015625
13653,TQC,env2,1184428,-104142.796875
13654,TQC,env2,1186480,-104015.921875
13655,TQC,env2,1188892,-104119.625
13656,TQC,env2,1190764,-104152.0234375
13657,TQC,env2,1193172,-104118.7734375
13658,TQC,env2,1193936,-104040.7265625
13659,TQC,env2,1196180,-103935.828125
13660,TQC,env2,1197764,-103877.0234375
13661,TQC,env2,1200396,-103812.125
13662,TQC,env2,1202220,-103846.328125
13663,TQC,env2,1203676,-103925.328125
13664,TQC,env2,1205284,-103952.921875
13665,TQC,env2,1207100,-103733.2265625
13666,TQC,env2,1208528,-103631.875
13667,TQC,env2,1210316,-103475.546875
13668,TQC,env2,1211552,-102130.375
13669,TQC,env2,1213092,-101758.203125
13670,TQC,env2,1214492,-101497.25
13671,TQC,env2,1216388,-101196.9765625
13672,TQC,env2,1218188,-100952.7265625
13673,TQC,env2,1220116,-101024.25
13674,TQC,env2,1222692,-101000.75
13675,TQC,env2,1225160,-98845.203125
13676,TQC,env2,1229160,-97052.453125
13677,TQC,env2,1231588,-96123.046875
13678,TQC,env2,1233524,-95098.546875
13679,TQC,env2,1234740,-95221.921875
13680,TQC,env2,1237956,-95223.828125
13681,TQC,env2,1239424,-95222.921875
13682,TQC,env2,1243156,-95501.578125
13683,TQC,env2,1245396,-95561.921875
13684,TQC,env2,1248308,-93855.2265625
13685,TQC,env2,1252308,-90173.7265625
13686,TQC,env2,1254756,-88366.328125
13687,TQC,env2,1256424,-87365.921875
13688,TQC,env2,1257952,-87305.2265625
13689,TQC,env2,1259416,-87294.421875
13690,TQC,env2,1261852,-87500.328125
13691,TQC,env2,1263524,-87704.078125
13692,TQC,env2,1265584,-87812.5
13693,TQC,env2,1267512,-89166.7734375
13694,TQC,env2,1269320,-89191.75
13695,TQC,env2,1270684,-89532.0234375
13696,TQC,env2,1272256,-89649.296875
13697,TQC,env2,1273740,-89661.671875
13698,TQC,env2,1275296,-89622.578125
13699,TQC,env2,1276900,-89585.7734375
13700,TQC,env2,1279756,-91540.125
13701,TQC,env2,1283620,-92547.5234375
13702,TQC,env2,1287620,-90712.0234375
13703,TQC,env2,1290724,-90835.921875
13704,TQC,env2,1294724,-88944.046875
13705,TQC,env2,1296808,-87031.046875
13706,TQC,env2,1298724,-86082.8515625
13707,TQC,env2,1300740,-85781.8515625
13708,TQC,env2,1301492,-85723.1015625
13709,TQC,env2,1301936,-87474.1015625
13710,TQC,env2,1302512,-91131.203125
13711,TQC,env2,1303056,-92905.796875
13712,TQC,env2,1303600,-93748.703125
13713,TQC,env2,1304168,-93647.8984375
13714,TQC,env2,1304680,-93543.5
13715,TQC,env2,1305204,-93463.296875
13716,TQC,env2,1305744,-93268.296875
13717,TQC,env2,1306272,-93182.5
13718,TQC,env2,1306820,-92970.0
13719,TQC,env2,1307360,-93109.703125
13720,TQC,env2,1307864,-92980.6015625
13721,TQC,env2,1308984,-93014.796875
13722,TQC,env2,1310120,-93053.375
13723,TQC,env2,1311208,-92893.796875
13724,TQC,env2,1312388,-92917.296875
13725,TQC,env2,1313240,-92942.6015625
13726,TQC,env2,1313912,-93579.0234375
13727,TQC,env2,1315236,-96338.921875
13728,TQC,env2,1316744,-96961.421875
13729,TQC,env2,1318500,-98809.203125
13730,TQC,env2,1319532,-100612.0
13731,TQC,env2,1321160,-101436.125
13732,TQC,env2,1322716,-101504.7265625
13733,TQC,env2,1325320,-101608.2734375
13734,TQC,env2,1326924,-101732.671875
13735,TQC,env2,1328596,-101832.375
13736,TQC,env2,1330164,-101939.7734375
13737,TQC,env2,1331932,-102048.078125
13738,TQC,env2,1335188,-102236.4765625
13739,TQC,env2,1336572,-102433.2734375
13740,TQC,env2,1339124,-102586.2734375
13741,TQC,env2,1341212,-102778.4765625
13742,TQC,env2,1343312,-102934.375
13743,TQC,env2,1345632,-103120.078125
13744,TQC,env2,1348204,-103322.7734375
13745,TQC,env2,1351260,-103510.171875
13746,TQC,env2,1354140,-103746.578125
13747,TQC,env2,1357420,-104107.875
13748,TQC,env2,1360296,-104411.3515625
13749,TQC,env2,1363624,-104518.3515625
13750,TQC,env2,1364648,-104706.546875
13751,TQC,env2,1367416,-104904.2265625
13752,TQC,env2,1370036,-104932.3515625
13753,TQC,env2,1372872,-105109.421875
13754,TQC,env2,1375436,-104998.7734375
13755,TQC,env2,1378684,-105143.7734375
13756,TQC,env2,1379748,-105346.3515625
13757,TQC,env2,1383056,-105454.25
13758,TQC,env2,1385504,-105509.3515625
13759,TQC,env2,1387468,-104413.6484375
13760,TQC,env2,1389108,-104454.25
13761,TQC,env2,1391096,-104294.078125
13762,TQC,env2,1392940,-104264.9765625
13763,TQC,env2,1394852,-104108.125
13764,TQC,env2,1397944,-104125.7265625
13765,TQC,env2,1400764,-104168.7265625
13766,TQC,env2,1402544,-104111.0234375
13767,TQC,env2,1405688,-103959.7734375
13768,TQC,env2,1408732,-104046.578125
13769,TQC,env2,1411360,-104086.671875
13770,TQC,env2,1414036,-104123.578125
13771,TQC,env2,1418024,-101200.375
13772,TQC,env2,1420352,-101101.9765625
13773,TQC,env2,1423776,-101034.875
13774,TQC,env2,1426412,-100046.9765625
13775,TQC,env2,1430412,-96179.171875
13776,TQC,env2,1434412,-92406.875
13777,TQC,env2,1437624,-90632.25
13778,TQC,env2,1440708,-90796.578125
13779,TQC,env2,1443960,-91089.5234375
13780,TQC,env2,1447240,-91127.828125
13781,TQC,env2,1449208,-91134.328125
13782,TQC,env2,1451212,-91079.5234375
13783,TQC,env2,1453348,-91068.5234375
13784,TQC,env2,1455576,-92193.125
13785,TQC,env2,1457696,-92201.828125
13786,TQC,env2,1459232,-92383.0
13787,TQC,env2,1461052,-92441.3984375
13788,TQC,env2,1463284,-92562.546875
13789,TQC,env2,1465736,-92516.546875
13790,TQC,env2,1468020,-92513.8515625
13791,TQC,env2,1470248,-92564.046875
13792,TQC,env2,1472392,-92695.5
13793,TQC,env2,1474172,-92599.796875
13794,TQC,env2,1476140,-92438.296875
13795,TQC,env2,1478048,-92297.203125
13796,TQC,env2,1479392,-95145.796875
13797,TQC,env2,1480728,-95008.6015625
13798,TQC,env2,1482140,-94928.6015625
13799,TQC,env2,1483748,-95860.6015625
13800,TQC,env2,1484712,-99557.3984375
13801,TQC,env2,1486260,-103259.296875
13802,TQC,env2,1487100,-105024.0
13803,TQC,env2,1487960,-104827.1015625
13804,TQC,env2,1488864,-104596.8984375
13805,TQC,env2,1489808,-104359.703125
13806,TQC,env2,1490688,-104184.296875
13807,TQC,env2,1491764,-104069.0
13808,TQC,env2,1492800,-103954.296875
13809,TQC,env2,1495060,-103922.296875
13810,TQC,env2,1497348,-103918.6015625
13811,TQC,env2,1498436,-103802.875
13812,TQC,env2,1500084,-103701.375
13813,TQC,env2,1500920,-103637.7734375
13814,TQC,env2,1502176,-103524.7734375
13815,TQC,env2,1504084,-103462.375
13816,TQC,env2,1504864,-103323.375
13817,TQC,env2,1505716,-103232.9765625
13818,TQC,env2,1506752,-103094.875
13819,TQC,env2,1507876,-103061.2734375
13820,TQC,env2,1509600,-103031.578125
13821,TQC,env2,1510480,-102962.671875
13822,TQC,env2,1512008,-102982.375
13823,TQC,env2,1514612,-103089.875
13824,TQC,env2,1516376,-103032.2734375
13825,TQC,env2,1518940,-103219.9765625
13826,TQC,env2,1521348,-103310.7734375
13827,TQC,env2,1523168,-103390.875
13828,TQC,env2,1525816,-103557.578125
13829,TQC,env2,1527268,-103654.2734375
13830,TQC,env2,1527968,-103638.875
13831,TQC,env2,1531168,-103803.171875
13832,TQC,env2,1531848,-103894.671875
13833,TQC,env2,1532508,-103867.2734375
13834,TQC,env2,1533140,-103735.2734375
13835,TQC,env2,1533924,-103606.671875
13836,TQC,env2,1534864,-103609.203125
13837,TQC,env2,1536112,-103587.703125
13838,TQC,env2,1536832,-103567.5
13839,TQC,env2,1537620,-103566.296875
13840,TQC,env2,1538320,-103452.6015625
13841,TQC,env2,1539228,-103426.1015625
13842,TQC,env2,1540436,-103401.1015625
13843,TQC,env2,1541080,-103427.703125
13844,TQC,env2,1541964,-103398.0
13845,TQC,env2,1544220,-103470.3984375
13846,TQC,env2,1545632,-103444.5
13847,TQC,env2,1548320,-103600.8984375
13848,TQC,env2,1549848,-103520.203125
13849,TQC,env2,1550948,-103469.296875
13850,TQC,env2,1553624,-103362.5
13851,TQC,env2,1556916,-103364.0
13852,TQC,env2,1558124,-103251.8359375
13853,TQC,env2,1559148,-103092.9375
13854,TQC,env2,1559932,-102995.0390625
13855,TQC,env2,1561048,-103026.0390625
13856,TQC,env2,1562568,-102865.8359375
13857,TQC,env2,1564752,-102909.140625
13858,TQC,env2,1566572,-103017.8359375
13859,TQC,env2,1568884,-101992.515625
13860,TQC,env2,1570700,-101086.609375
13861,TQC,env2,1574572,-100133.515625
13862,TQC,env2,1577200,-97427.515625
13863,TQC,env2,1581200,-94544.734375
13864,TQC,env2,1584132,-92376.6640625
13865,TQC,env2,1588132,-88705.765625
13866,TQC,env2,1591428,-86718.015625
13867,TQC,env2,1594152,-85715.5625
13868,TQC,env2,1598152,-83803.5859375
13869,TQC,env2,1601992,-82000.015625
13870,TQC,env2,1605024,-81814.7890625
13871,TQC,env2,1608268,-80833.9140625
13872,TQC,env2,1610800,-79749.390625
13873,TQC,env2,1613568,-79581.890625
13874,TQC,env2,1616336,-78472.8125
13875,TQC,env2,1618344,-77179.0625
13876,TQC,env2,1620408,-77090.3359375
13877,TQC,env2,1622188,-77076.2734375
13878,TQC,env2,1623944,-77166.7734375
13879,TQC,env2,1625620,-77256.671875
13880,TQC,env2,1627608,-77344.578125
13881,TQC,env2,1629824,-77448.578125
13882,TQC,env2,1632000,-77430.2734375
13883,TQC,env2,1633452,-77438.7734375
13884,TQC,env2,1635480,-78629.5
13885,TQC,env2,1637444,-79666.296875
13886,TQC,env2,1640440,-80605.078125
13887,TQC,env2,1641428,-83448.375
13888,TQC,env2,1643916,-86378.453125
13889,TQC,env2,1646072,-87636.828125
13890,TQC,env2,1647716,-90481.0234375
13891,TQC,env2,1650248,-92575.7734375
13892,TQC,env2,1651276,-92703.421875
13893,TQC,env2,1654356,-94690.796875
13894,TQC,env2,1655496,-96591.9765625
13895,TQC,env2,1656500,-96760.6015625
13896,TQC,env2,1657660,-97718.671875
13897,TQC,env2,1660156,-98661.1015625
13898,TQC,env2,1662828,-96940.1015625
13899,TQC,env2,1664352,-98009.8515625
13900,TQC,env2,1665312,-98255.796875
13901,TQC,env2,1667212,-98320.625
13902,TQC,env2,1669180,-97393.8515625
13903,TQC,env2,1670944,-96457.6484375
13904,TQC,env2,1673744,-95514.3515625
13905,TQC,env2,1675804,-94454.8984375
13906,TQC,env2,1677836,-94394.3984375
13907,TQC,env2,1678820,-94383.8984375
13908,TQC,env2,1681360,-94190.421875
13909,TQC,env2,1682532,-92950.125
13910,TQC,env2,1684552,-92797.2265625
13911,TQC,env2,1687876,-92911.3515625
13912,TQC,env2,1689300,-90523.1015625
13913,TQC,env2,1689932,-89349.7734375
13914,TQC,env2,1691020,-90272.875
13915,TQC,env2,1692800,-91137.9765625
13916,TQC,env2,1693932,-90866.625
13917,TQC,env2,1695260,-91684.6484375
13918,TQC,env2,1696756,-91375.8984375
13919,TQC,env2,1700756,-88997.828125
13920,TQC,env2,1701968,-88953.578125
13921,TQC,env2,1704044,-88639.625
13922,TQC,env2,1706532,-86530.9765625
13923,TQC,env2,1710140,-86089.6015625
13924,TQC,env2,1712948,-84024.609375
13925,TQC,env2,1714892,-84034.4140625
13926,TQC,env2,1718384,-83641.765625
13927,TQC,env2,1720164,-83329.1875
13928,TQC,env2,1722536,-82934.5
13929,TQC,env2,1724000,-83697.0
13930,TQC,env2,1725600,-83372.546875
13931,TQC,env2,1727060,-83017.046875
13932,TQC,env2,1728908,-81597.984375
13933,TQC,env2,1730760,-81321.265625
13934,TQC,env2,1732336,-81220.140625
13935,TQC,env2,1733844,-80156.890625
13936,TQC,env2,1734688,-79009.734375
13937,TQC,env2,1735424,-81251.6875
13938,TQC,env2,1736240,-82308.4140625
13939,TQC,env2,1737624,-82075.359375
13940,TQC,env2,1738720,-81928.9375
13941,TQC,env2,1741624,-79708.0625
13942,TQC,env2,1744368,-78523.453125
13943,TQC,env2,1745368,-78513.046875
13944,TQC,env2,1745920,-80734.953125
13945,TQC,env2,1746828,-80373.46875
13946,TQC,env2,1747904,-80270.8671875
13947,TQC,env2,1749268,-82110.4140625
13948,TQC,env2,1750452,-84029.6953125
13949,TQC,env2,1751496,-85840.0546875
13950,TQC,env2,1752224,-86434.1015625
13951,TQC,env2,1752916,-86539.90625
13952,TQC,env2,1754136,-87564.8046875
13953,TQC,env2,1755116,-88685.9453125
13954,TQC,env2,1756344,-88606.71875
13955,TQC,env2,1757212,-89677.5390625
13956,TQC,env2,1758500,-89786.46875
13957,TQC,env2,1759396,-90982.953125
13958,TQC,env2,1760252,-91140.2578125
13959,TQC,env2,1760896,-92304.3828125
13960,TQC,env2,1761696,-93183.3046875
13961,TQC,env2,1763388,-93922.8046875
13962,TQC,env2,1765436,-93421.1953125
13963,TQC,env2,1766220,-93222.21875
13964,TQC,env2,1767084,-93376.96875
13965,TQC,env2,1767452,-92539.1953125
13966,TQC,env2,1768856,-93832.125
13967,TQC,env2,1770700,-94994.109375
13968,TQC,env2,1771308,-95092.8828125
13969,TQC,env2,1771636,-94207.359375
13970,TQC,env2,1772592,-94405.34375
13971,TQC,env2,1773260,-94588.0703125
13972,TQC,env2,1773972,-94767.3671875
13973,TQC,env2,1774740,-94949.1953125
13974,TQC,env2,1775184,-95167.84375
13975,TQC,env2,1776416,-94419.640625
13976,TQC,env2,1776744,-94597.09375
13977,TQC,env2,1777424,-94676.2421875
13978,TQC,env2,1778056,-94786.59375
13979,TQC,env2,1778864,-94908.1171875
13980,TQC,env2,1779400,-94981.9921875
13981,TQC,env2,1780476,-94838.21875
13982,TQC,env2,1781380,-94627.8203125
13983,TQC,env2,1781844,-94710.4453125
13984,TQC,env2,1782156,-94686.7421875
13985,TQC,env2,1782488,-94850.46875
13986,TQC,env2,1782928,-95118.3203125
13987,TQC,env2,1783432,-95392.046875
13988,TQC,env2,1783944,-95468.9765625
13989,TQC,env2,1784512,-95364.6484375
13990,TQC,env2,1786520,-96192.453125
13991,TQC,env2,1786912,-96977.625
13992,TQC,env2,1787756,-96839.4375
13993,TQC,env2,1788504,-96930.515625
13994,TQC,env2,1790696,-97709.1484375
13995,TQC,env2,1791144,-97758.2421875
13996,TQC,env2,1793340,-96865.96875
13997,TQC,env2,1795432,-95901.171875
13998,TQC,env2,1797252,-94917.96875
13999,TQC,env2,1798856,-94677.34375
14000,TQC,env2,1801512,-93777.0234375
14001,TQC,env2,1804344,-93808.5546875
14002,TQC,env2,1805884,-92908.796875
14003,TQC,env2,1807548,-91909.4921875
14004,TQC,env2,1808532,-91947.796875
14005,TQC,env2,1810056,-92144.1953125
14006,TQC,env2,1811440,-92494.7421875
14007,TQC,env2,1813444,-92608.4296875
14008,TQC,env2,1815440,-90486.1171875
14009,TQC,env2,1818940,-88212.6640625
14010,TQC,env2,1819524,-87087.6640625
14011,TQC,env2,1823524,-86105.4140625
14012,TQC,env2,1825596,-83329.078125
14013,TQC,env2,1827752,-82306.4296875
14014,TQC,env2,1830892,-81225.9921875
14015,TQC,env2,1831668,-81338.640625
14016,TQC,env2,1832340,-81615.765625
14017,TQC,env2,1833060,-80890.5546875
14018,TQC,env2,1833592,-80865.5546875
14019,TQC,env2,1833888,-80992.21875
14020,TQC,env2,1834772,-81112.7734375
14021,TQC,env2,1836692,-82286.2734375
14022,TQC,env2,1837932,-82274.8203125
14023,TQC,env2,1839492,-83301.8203125
14024,TQC,env2,1840564,-83661.1484375
14025,TQC,env2,1843204,-85276.84375
14026,TQC,env2,1845624,-83082.53125
14027,TQC,env2,1847376,-83877.8125
14028,TQC,env2,1848260,-84911.7109375
14029,TQC,env2,1849584,-84786.8125
14030,TQC,env2,1850936,-83606.421875
14031,TQC,env2,1851844,-83483.53125
14032,TQC,env2,1853364,-83625.0078125
14033,TQC,env2,1855600,-85703.0
14034,TQC,env2,1856600,-86792.2265625
14035,TQC,env2,1858116,-87656.921875
14036,TQC,env2,1859424,-88448.3515625
14037,TQC,env2,1861144,-91298.7109375
14038,TQC,env2,1861876,-92347.1640625
14039,TQC,env2,1863300,-93401.640625
14040,TQC,env2,1864508,-93223.890625
14041,TQC,env2,1865688,-92959.7109375
14042,TQC,env2,1866896,-93718.0234375
14043,TQC,env2,1867584,-93346.203125
14044,TQC,env2,1867896,-93374.5
14045,TQC,env2,1868172,-93179.3515625
14046,TQC,env2,1868880,-92870.625
14047,TQC,env2,1870596,-93815.578125
14048,TQC,env2,1872176,-93534.46875
14049,TQC,env2,1873512,-93290.15625
14050,TQC,env2,1874548,-93541.8671875
14051,TQC,env2,1876104,-94629.5
14052,TQC,env2,1876656,-94771.4921875
14053,TQC,env2,1877652,-94626.890625
14054,TQC,env2,1878556,-93620.390625
14055,TQC,env2,1879496,-94626.4765625
14056,TQC,env2,1881288,-94464.7890625
14057,TQC,env2,1882084,-94253.2890625
14058,TQC,env2,1882756,-94201.3125
14059,TQC,env2,1883840,-95235.3125
14060,TQC,env2,1884756,-95335.015625
14061,TQC,env2,1885600,-95543.2421875
14062,TQC,env2,1885980,-95601.328125
14063,TQC,env2,1886972,-95703.9765625
14064,TQC,env2,1887560,-95893.46875
14065,TQC,env2,1888628,-96078.96875
14066,TQC,env2,1890192,-96370.2421875
14067,TQC,env2,1891812,-95482.859375
14068,TQC,env2,1892812,-95725.859375
14069,TQC,env2,1893480,-95722.265625
14070,TQC,env2,1894224,-95876.109375
14071,TQC,env2,1894840,-96002.265625
14072,TQC,env2,1895840,-96083.1640625
14073,TQC,env2,1897100,-96364.203125
14074,TQC,env2,1897780,-96524.9140625
14075,TQC,env2,1898440,-96534.921875
14076,TQC,env2,1900064,-97520.8984375
14077,TQC,env2,1901900,-97603.265625
14078,TQC,env2,1904112,-96686.671875
14079,TQC,env2,1905184,-95784.7734375
14080,TQC,env2,1908796,-94849.421875
14081,TQC,env2,1909560,-94177.8984375
14082,TQC,env2,1910092,-94403.9140625
14083,TQC,env2,1914092,-92434.359375
14084,TQC,env2,1915548,-90531.3359375
14085,TQC,env2,1918408,-90546.734375
14086,TQC,env2,1920452,-87416.765625
14087,TQC,env2,1922068,-87477.703125
14088,TQC,env2,1924332,-87608.5
14089,TQC,env2,1926176,-87558.9765625
14090,TQC,env2,1927636,-86082.765625
14091,TQC,env2,1928924,-85183.9609375
14092,TQC,env2,1930196,-86145.828125
14093,TQC,env2,1931160,-84933.65625
14094,TQC,env2,1932900,-85031.4609375
14095,TQC,env2,1933704,-85059.9609375
14096,TQC,env2,1934552,-85139.53125
14097,TQC,env2,1935084,-84919.1171875
14098,TQC,env2,1936508,-84898.5625
14099,TQC,env2,1939552,-83716.1796875
14100,TQC,env2,1941808,-82736.1171875
14101,TQC,env2,1942672,-81728.5
14102,TQC,env2,1946008,-81536.5625
14103,TQC,env2,1947348,-81607.6875
14104,TQC,env2,1948616,-83607.515625
14105,TQC,env2,1950740,-84488.140625
14106,TQC,env2,1953028,-85252.09375
14107,TQC,env2,1955472,-84326.578125
14108,TQC,env2,1957336,-85535.3046875
14109,TQC,env2,1959336,-87449.7890625
14110,TQC,env2,1961920,-87231.4765625
14111,TQC,env2,1964760,-89984.625
14112,TQC,env2,1965832,-89530.9375
14113,TQC,env2,1969424,-87367.4375
14114,TQC,env2,1972036,-86051.4921875
14115,TQC,env2,1974788,-86373.703125
14116,TQC,env2,1977636,-87038.6796875
14117,TQC,env2,1979192,-85050.84375
14118,TQC,env2,1982240,-86423.484375
14119,TQC,env2,1983728,-84503.484375
14120,TQC,env2,1986108,-83485.65625
14121,TQC,env2,1989456,-81654.90625
14122,TQC,env2,1990516,-81699.34375
14123,TQC,env2,1992108,-81678.46875
14124,TQC,env2,1994304,-82843.90625
14125,TQC,env2,1996272,-83779.671875
14126,TQC,env2,1997128,-84743.734375
14127,TQC,env2,1997968,-84981.59375
14128,TQC,env2,1998908,-85870.65625
14129,TQC,env3,420,-100537.5
14130,TQC,env3,932,-100783.75
14131,TQC,env3,1580,-100043.75
14132,TQC,env3,1948,-98439.234375
14133,TQC,env3,2644,-98424.3828125
14134,TQC,env3,3200,-98576.8828125
14135,TQC,env3,3800,-98239.46875
14136,TQC,env3,4176,-98588.9140625
14137,TQC,env3,4792,-98903.203125
14138,TQC,env3,5812,-99203.3828125
14139,TQC,env3,6384,-99398.0703125
14140,TQC,env3,6964,-99615.3203125
14141,TQC,env3,7696,-99397.1171875
14142,TQC,env3,8164,-99175.375
14143,TQC,env3,8604,-99109.015625
14144,TQC,env3,9176,-99273.609375
14145,TQC,env3,10200,-99395.75
14146,TQC,env3,10816,-99428.46875
14147,TQC,env3,11776,-99517.5
14148,TQC,env3,12276,-99666.875
14149,TQC,env3,12852,-99617.3203125
14150,TQC,env3,13476,-99670.625
14151,TQC,env3,14024,-99770.921875
14152,TQC,env3,14512,-99735.7265625
14153,TQC,env3,14900,-99486.65625
14154,TQC,env3,15496,-99424.453125
14155,TQC,env3,16312,-99346.0546875
14156,TQC,env3,17140,-99062.6484375
14157,TQC,env3,17980,-99424.8203125
14158,TQC,env3,18816,-99479.921875
14159,TQC,env3,19512,-99265.796875
14160,TQC,env3,20368,-99274.2890625
14161,TQC,env3,20952,-99196.3359375
14162,TQC,env3,22172,-98909.1875
14163,TQC,env3,22952,-98619.671875
14164,TQC,env3,23500,-98413.5078125
14165,TQC,env3,24288,-98286.2109375
14166,TQC,env3,25212,-98392.2109375
14167,TQC,env3,25728,-98431.171875
14168,TQC,env3,26584,-98570.578125
14169,TQC,env3,26944,-98568.7734375
14170,TQC,env3,27824,-98474.0234375
14171,TQC,env3,28516,-98439.609375
14172,TQC,env3,29356,-98358.515625
14173,TQC,env3,29904,-98139.265625
14174,TQC,env3,30380,-98243.4140625
14175,TQC,env3,31096,-98180.4609375
14176,TQC,env3,31876,-98054.6875
14177,TQC,env3,32636,-98173.640625
14178,TQC,env3,33312,-98411.5078125
14179,TQC,env3,33896,-98391.0078125
14180,TQC,env3,34280,-98388.8046875
14181,TQC,env3,34868,-98774.3671875
14182,TQC,env3,35584,-98333.625
14183,TQC,env3,36120,-98417.2265625
14184,TQC,env3,37044,-98522.359375
14185,TQC,env3,37500,-98620.546875
14186,TQC,env3,38208,-98516.1953125
14187,TQC,env3,39372,-98640.0
14188,TQC,env3,40020,-98947.3125
14189,TQC,env3,40752,-99052.7265625
14190,TQC,env3,41568,-99194.5234375
14191,TQC,env3,42040,-99272.875
14192,TQC,env3,42856,-99345.3515625
14193,TQC,env3,43320,-99244.75
14194,TQC,env3,43828,-99211.8515625
14195,TQC,env3,44448,-99214.5
14196,TQC,env3,45416,-99309.421875
14197,TQC,env3,45912,-99452.2265625
14198,TQC,env3,47068,-99522.703125
14199,TQC,env3,48052,-99347.328125
14200,TQC,env3,48652,-99199.28125
14201,TQC,env3,49276,-99295.5625
14202,TQC,env3,50120,-99090.484375
14203,TQC,env3,50944,-98978.34375
14204,TQC,env3,51868,-99024.4453125
14205,TQC,env3,52548,-98734.7421875
14206,TQC,env3,53964,-98709.0390625
14207,TQC,env3,54792,-98948.984375
14208,TQC,env3,55444,-98939.8828125
14209,TQC,env3,56144,-99059.1015625
14210,TQC,env3,56852,-99050.671875
14211,TQC,env3,57244,-99238.875
14212,TQC,env3,58224,-99415.7265625
14213,TQC,env3,59032,-99200.078125
14214,TQC,env3,60252,-99270.53125
14215,TQC,env3,60912,-99060.6875
14216,TQC,env3,61368,-98970.3359375
14217,TQC,env3,62952,-99007.609375
14218,TQC,env3,63532,-99134.109375
14219,TQC,env3,64356,-99078.1328125
14220,TQC,env3,65104,-99098.859375
14221,TQC,env3,65720,-99092.65625
14222,TQC,env3,66572,-98957.90625
14223,TQC,env3,67692,-98897.859375
14224,TQC,env3,68416,-99113.734375
14225,TQC,env3,69216,-99266.2734375
14226,TQC,env3,69884,-99292.4765625
14227,TQC,env3,70776,-99186.6953125
14228,TQC,env3,71796,-99453.109375
14229,TQC,env3,72828,-99538.5078125
14230,TQC,env3,74144,-99989.9140625
14231,TQC,env3,75360,-100107.8125
14232,TQC,env3,76836,-100232.7578125
14233,TQC,env3,77544,-100249.0546875
14234,TQC,env3,78384,-100263.359375
14235,TQC,env3,79000,-100490.2109375
14236,TQC,env3,80148,-100527.0078125
14237,TQC,env3,81540,-100382.0078125
14238,TQC,env3,82296,-100431.8515625
14239,TQC,env3,83400,-100477.65625
14240,TQC,env3,84820,-100618.421875
14241,TQC,env3,86760,-100531.546875
14242,TQC,env3,87316,-100216.75
14243,TQC,env3,89028,-100253.3515625
14244,TQC,env3,90108,-100266.2578125
14245,TQC,env3,91340,-100426.8359375
14246,TQC,env3,92228,-100376.6875
14247,TQC,env3,93580,-100397.5390625
14248,TQC,env3,94544,-100633.6640625
14249,TQC,env3,96032,-100215.71875
14250,TQC,env3,96488,-100344.0703125
14251,TQC,env3,98172,-100060.5
14252,TQC,env3,100228,-100526.1484375
14253,TQC,env3,101732,-100234.265625
14254,TQC,env3,102472,-100239.1640625
14255,TQC,env3,103444,-100146.328125
14256,TQC,env3,105364,-99819.2890625
14257,TQC,env3,106812,-99851.390625
14258,TQC,env3,109160,-99722.6640625
14259,TQC,env3,110048,-99817.3671875
14260,TQC,env3,111264,-99799.765625
14261,TQC,env3,113356,-99821.265625
14262,TQC,env3,115148,-100034.34375
14263,TQC,env3,116380,-100115.9921875
14264,TQC,env3,118432,-99853.3046875
14265,TQC,env3,119380,-98677.4609375
14266,TQC,env3,121428,-98638.546875
14267,TQC,env3,123076,-99032.5703125
14268,TQC,env3,125240,-98946.0703125
14269,TQC,env3,126596,-98977.4453125
14270,TQC,env3,127860,-98923.046875
14271,TQC,env3,128956,-99045.59375
14272,TQC,env3,130496,-99231.09375
14273,TQC,env3,132448,-98817.1484375
14274,TQC,env3,133980,-99319.28125
14275,TQC,env3,135496,-99375.3828125
14276,TQC,env3,136852,-99637.0859375
14277,TQC,env3,138560,-99462.78125
14278,TQC,env3,139764,-99755.0703125
14279,TQC,env3,141484,-99828.0703125
14280,TQC,env3,143568,-99731.203125
14281,TQC,env3,144576,-100022.4453125
14282,TQC,env3,146372,-99926.046875
14283,TQC,env3,147288,-99714.078125
14284,TQC,env3,148488,-99543.5546875
14285,TQC,env3,150012,-99169.921875
14286,TQC,env3,150440,-99133.8203125
14287,TQC,env3,152856,-98969.8203125
14288,TQC,env3,153668,-98988.265625
14289,TQC,env3,155956,-98373.8515625
14290,TQC,env3,157120,-99623.3671875
14291,TQC,env3,158136,-99961.1484375
14292,TQC,env3,160300,-98965.1484375
14293,TQC,env3,162384,-96726.09375
14294,TQC,env3,163592,-96656.984375
14295,TQC,env3,164816,-95650.1796875
14296,TQC,env3,165808,-95515.8046875
14297,TQC,env3,167484,-94419.15625
14298,TQC,env3,168528,-94806.5078125
14299,TQC,env3,170088,-94764.90625
14300,TQC,env3,171864,-94638.9921875
14301,TQC,env3,173688,-93679.8203125
14302,TQC,env3,175064,-93739.21875
14303,TQC,env3,176308,-92771.1171875
14304,TQC,env3,177688,-91568.3203125
14305,TQC,env3,178728,-91444.3125
14306,TQC,env3,179784,-91313.4375
14307,TQC,env3,181024,-91447.6875
14308,TQC,env3,181472,-91684.9765625
14309,TQC,env3,182684,-91733.1015625
14310,TQC,env3,184124,-92068.359375
14311,TQC,env3,184528,-92115.6640625
14312,TQC,env3,185832,-92204.8828125
14313,TQC,env3,186800,-92323.3828125
14314,TQC,env3,187500,-93171.484375
14315,TQC,env3,188656,-93055.5
14316,TQC,env3,190320,-92829.109375
14317,TQC,env3,192040,-93667.2578125
14318,TQC,env3,193568,-95972.5625
14319,TQC,env3,195392,-96041.4609375
14320,TQC,env3,198132,-97103.421875
14321,TQC,env3,199608,-96293.296875
14322,TQC,env3,199908,-97312.25
14323,TQC,env3,201172,-97302.1484375
14324,TQC,env3,202068,-97246.3515625
14325,TQC,env3,203808,-97290.0390625
14326,TQC,env3,205172,-98185.015625
14327,TQC,env3,207056,-98084.140625
14328,TQC,env3,207812,-99067.0390625
14329,TQC,env3,208672,-99991.2890625
14330,TQC,env3,210304,-100265.4921875
14331,TQC,env3,211844,-99157.796875
14332,TQC,env3,213160,-99198.09375
14333,TQC,env3,214608,-99284.2421875
14334,TQC,env3,216284,-99261.59375
14335,TQC,env3,217036,-99390.2734375
14336,TQC,env3,217660,-99298.171875
14337,TQC,env3,218636,-99346.96875
14338,TQC,env3,219856,-99304.96875
14339,TQC,env3,220836,-99251.2734375
14340,TQC,env3,223092,-99477.0703125
14341,TQC,env3,224396,-99640.0859375
14342,TQC,env3,225864,-99756.9375
14343,TQC,env3,226704,-99749.890625
14344,TQC,env3,228508,-98904.6875
14345,TQC,env3,229436,-98806.0234375
14346,TQC,env3,231356,-99709.7265625
14347,TQC,env3,232684,-99704.921875
14348,TQC,env3,233708,-99746.7265625
14349,TQC,env3,235024,-99775.921875
14350,TQC,env3,236856,-99857.8515625
14351,TQC,env3,238404,-100038.921875
14352,TQC,env3,239104,-100071.8984375
14353,TQC,env3,240412,-100097.203125
14354,TQC,env3,241384,-100227.625
14355,TQC,env3,243052,-100214.5234375
14356,TQC,env3,244296,-100387.0
14357,TQC,env3,245956,-99466.703125
14358,TQC,env3,247660,-99552.046875
14359,TQC,env3,249672,-98746.5
14360,TQC,env3,250240,-98696.203125
14361,TQC,env3,251688,-98741.203125
14362,TQC,env3,252320,-98704.1015625
14363,TQC,env3,253380,-98697.8984375
14364,TQC,env3,255040,-97869.703125
14365,TQC,env3,256500,-97407.6015625
14366,TQC,env3,257860,-97281.328125
14367,TQC,env3,258724,-97223.0234375
14368,TQC,env3,261688,-96062.75
14369,TQC,env3,262424,-96922.703125
14370,TQC,env3,264624,-97003.8984375
14371,TQC,env3,267268,-95157.8984375
14372,TQC,env3,269028,-93198.625
14373,TQC,env3,269668,-93132.921875
14374,TQC,env3,272260,-93180.625
14375,TQC,env3,273936,-92230.328125
14376,TQC,env3,275600,-92230.7265625
14377,TQC,env3,276860,-91233.875
14378,TQC,env3,277600,-91162.2734375
14379,TQC,env3,278520,-91213.796875
14380,TQC,env3,279764,-91074.0234375
14381,TQC,env3,281908,-92038.7265625
14382,TQC,env3,283044,-92810.5234375
14383,TQC,env3,284028,-92700.375
14384,TQC,env3,285036,-93515.671875
14385,TQC,env3,286196,-93531.2734375
14386,TQC,env3,288180,-92430.8671875
14387,TQC,env3,290196,-91287.40625
14388,TQC,env3,290844,-91268.8046875
14389,TQC,env3,291940,-92064.8046875
14390,TQC,env3,292728,-92377.03125
14391,TQC,env3,294976,-92460.6796875
14392,TQC,env3,296088,-91497.15625
14393,TQC,env3,296988,-91690.625
14394,TQC,env3,297496,-91712.28125
14395,TQC,env3,299092,-91576.578125
14396,TQC,env3,300820,-93396.375
14397,TQC,env3,302304,-94245.203125
14398,TQC,env3,303868,-94299.90625
14399,TQC,env3,304764,-94194.3046875
14400,TQC,env3,305724,-93986.578125
14401,TQC,env3,307328,-93608.8046875
14402,TQC,env3,308460,-94463.65625
14403,TQC,env3,309132,-94268.40625
14404,TQC,env3,310408,-94323.8125
14405,TQC,env3,312276,-94495.484375
14406,TQC,env3,314596,-94515.1875
14407,TQC,env3,316480,-93516.3359375
14408,TQC,env3,317936,-91190.5078125
14409,TQC,env3,318852,-91018.0546875
14410,TQC,env3,319288,-90737.1015625
14411,TQC,env3,320180,-91823.109375
14412,TQC,env3,321292,-92762.2734375
14413,TQC,env3,322320,-92642.71875
14414,TQC,env3,323628,-92648.546875
14415,TQC,env3,325332,-91459.625
14416,TQC,env3,326588,-90525.375
14417,TQC,env3,327464,-91195.625
14418,TQC,env3,328984,-90935.9609375
14419,TQC,env3,330096,-90811.9375
14420,TQC,env3,331744,-90837.6171875
14421,TQC,env3,332964,-90658.3359375
14422,TQC,env3,333436,-91620.640625
14423,TQC,env3,334628,-91554.0390625
14424,TQC,env3,335284,-91402.8125
14425,TQC,env3,336476,-92476.6328125
14426,TQC,env3,337944,-92741.4140625
14427,TQC,env3,338868,-91940.2578125
14428,TQC,env3,340468,-92037.15625
14429,TQC,env3,341664,-92074.859375
14430,TQC,env3,342932,-91990.5546875
14431,TQC,env3,345804,-91959.484375
14432,TQC,env3,346648,-91779.0078125
14433,TQC,env3,347460,-93054.2890625
14434,TQC,env3,348888,-93262.1328125
14435,TQC,env3,349396,-93538.984375
14436,TQC,env3,350688,-93576.3828125
14437,TQC,env3,351656,-93703.5390625
14438,TQC,env3,352396,-93819.7890625
14439,TQC,env3,353532,-93648.609375
14440,TQC,env3,354724,-94851.109375
14441,TQC,env3,355756,-95793.8828125
14442,TQC,env3,356220,-96067.5625
14443,TQC,env3,357040,-96338.6171875
14444,TQC,env3,357652,-96449.9453125
14445,TQC,env3,358168,-96413.09375
14446,TQC,env3,359080,-96520.4921875
14447,TQC,env3,359852,-96615.546875
14448,TQC,env3,360784,-96435.3125
14449,TQC,env3,362840,-96521.484375
14450,TQC,env3,364052,-95439.2890625
14451,TQC,env3,365088,-95094.96875
14452,TQC,env3,365768,-95882.0703125
14453,TQC,env3,366276,-95822.25
14454,TQC,env3,367324,-95724.046875
14455,TQC,env3,367944,-95671.125
14456,TQC,env3,369024,-95733.09375
14457,TQC,env3,369644,-96828.0703125
14458,TQC,env3,370372,-97791.5703125
14459,TQC,env3,371572,-97388.1015625
14460,TQC,env3,372600,-97316.8046875
14461,TQC,env3,373476,-97200.203125
14462,TQC,env3,374372,-97237.0
14463,TQC,env3,375552,-97227.203125
14464,TQC,env3,377000,-97403.4609375
14465,TQC,env3,378388,-96345.5859375
14466,TQC,env3,379688,-95349.484375
14467,TQC,env3,380948,-95276.03125
14468,TQC,env3,382380,-95838.8046875
14469,TQC,env3,383604,-95805.703125
14470,TQC,env3,385976,-94899.8046875
14471,TQC,env3,387460,-93985.078125
14472,TQC,env3,388704,-93907.7734375
14473,TQC,env3,389800,-92973.9609375
14474,TQC,env3,391720,-93141.4140625
14475,TQC,env3,393628,-93013.7890625
14476,TQC,env3,394468,-92480.0
14477,TQC,env3,394972,-92541.1484375
14478,TQC,env3,396832,-92717.421875
14479,TQC,env3,399044,-92820.7265625
14480,TQC,env3,400256,-92899.8515625
14481,TQC,env3,403092,-91798.5
14482,TQC,env3,403852,-90594.015625
14483,TQC,env3,404564,-90710.71875
14484,TQC,env3,405684,-90806.4140625
14485,TQC,env3,406920,-90534.2578125
14486,TQC,env3,408460,-90262.5078125
14487,TQC,env3,409300,-90307.359375
14488,TQC,env3,411136,-90343.5625
14489,TQC,env3,412916,-89076.21875
14490,TQC,env3,413656,-90112.640625
14491,TQC,env3,415556,-91047.1171875
14492,TQC,env3,417840,-89829.4140625
14493,TQC,env3,418992,-89027.90625
14494,TQC,env3,420084,-88913.8046875
14495,TQC,env3,421568,-89823.953125
14496,TQC,env3,423436,-90627.03125
14497,TQC,env3,424172,-90152.75
14498,TQC,env3,425416,-91279.6953125
14499,TQC,env3,426516,-90905.9765625
14500,TQC,env3,427644,-91703.875
14501,TQC,env3,428464,-92405.015625
14502,TQC,env3,428776,-92183.1640625
14503,TQC,env3,429740,-91732.6953125
14504,TQC,env3,430656,-91350.4140625
14505,TQC,env3,431440,-90961.734375
14506,TQC,env3,432264,-91753.734375
14507,TQC,env3,432904,-92699.8203125
14508,TQC,env3,433512,-92471.46875
14509,TQC,env3,436536,-92368.390625
14510,TQC,env3,437324,-91364.828125
14511,TQC,env3,437944,-91507.703125
14512,TQC,env3,439296,-91407.984375
14513,TQC,env3,440336,-91214.3828125
14514,TQC,env3,442296,-92500.671875
14515,TQC,env3,443456,-91418.8984375
14516,TQC,env3,444748,-91440.796875
14517,TQC,env3,446708,-91536.71875
14518,TQC,env3,448144,-91548.859375
14519,TQC,env3,449696,-90527.3125
14520,TQC,env3,451084,-90440.3828125
14521,TQC,env3,452796,-90697.8125
14522,TQC,env3,453840,-90236.09375
14523,TQC,env3,455500,-90080.0390625
14524,TQC,env3,456292,-90396.1640625
14525,TQC,env3,457116,-90843.7890625
14526,TQC,env3,458260,-90946.3515625
14527,TQC,env3,460220,-91117.328125
14528,TQC,env3,462260,-89741.1953125
14529,TQC,env3,463752,-90065.8828125
14530,TQC,env3,465876,-89397.3046875
14531,TQC,env3,467560,-88647.7265625
14532,TQC,env3,468028,-88731.90625
14533,TQC,env3,469568,-89085.453125
14534,TQC,env3,471348,-89277.703125
14535,TQC,env3,473228,-90453.265625
14536,TQC,env3,476220,-88685.34375
14537,TQC,env3,477088,-88604.265625
14538,TQC,env3,479056,-87773.46875
14539,TQC,env3,480596,-87568.7421875
14540,TQC,env3,481776,-88250.5390625
14541,TQC,env3,483640,-88348.5390625
14542,TQC,env3,484956,-89499.6640625
14543,TQC,env3,486152,-89751.5625
14544,TQC,env3,488956,-89952.359375
14545,TQC,env3,490568,-89305.7109375
14546,TQC,env3,492108,-89345.2109375
14547,TQC,env3,494264,-90319.9375
14548,TQC,env3,495232,-90460.4375
14549,TQC,env3,496808,-89428.734375
14550,TQC,env3,500500,-87153.5
14551,TQC,env3,502168,-84966.3828125
14552,TQC,env3,504336,-84593.328125
14553,TQC,env3,506872,-85987.6328125
14554,TQC,env3,509020,-82746.40625
14555,TQC,env3,511376,-82554.078125
14556,TQC,env3,513372,-82088.90625
14557,TQC,env3,515656,-81979.96875
14558,TQC,env3,519564,-79551.4765625
14559,TQC,env3,521096,-78480.328125
14560,TQC,env3,522560,-78354.5234375
14561,TQC,env3,523768,-78959.265625
14562,TQC,env3,525104,-78851.765625
14563,TQC,env3,526668,-78576.4453125
14564,TQC,env3,527900,-78421.0625
14565,TQC,env3,529488,-78624.7109375
14566,TQC,env3,530360,-77256.9609375
14567,TQC,env3,532160,-77019.8984375
14568,TQC,env3,534056,-77501.1171875
14569,TQC,env3,535020,-78264.21875
14570,TQC,env3,538140,-77486.8828125
14571,TQC,env3,541620,-74993.0078125
14572,TQC,env3,543452,-73657.1484375
14573,TQC,env3,543940,-72370.6953125
14574,TQC,env3,544480,-73341.4921875
14575,TQC,env3,544852,-75525.7265625
14576,TQC,env3,545148,-77666.0234375
14577,TQC,env3,545368,-78154.3515625
14578,TQC,env3,547452,-77579.953125
14579,TQC,env3,549348,-79801.7265625
14580,TQC,env3,549872,-80120.3984375
14581,TQC,env3,550064,-81659.578125
14582,TQC,env3,550372,-82041.015625
14583,TQC,env3,550580,-84293.703125
14584,TQC,env3,550816,-85522.7578125
14585,TQC,env3,551088,-85716.703125
14586,TQC,env3,551356,-87051.1640625
14587,TQC,env3,551536,-86238.8671875
14588,TQC,env3,551736,-87462.6875
14589,TQC,env3,551944,-87849.546875
14590,TQC,env3,552156,-88013.3203125
14591,TQC,env3,552336,-89348.2734375
14592,TQC,env3,552520,-89602.1484375
14593,TQC,env3,552712,-89968.0234375
14594,TQC,env3,552916,-90146.671875
14595,TQC,env3,553108,-91693.0078125
14596,TQC,env3,553312,-94034.3828125
14597,TQC,env3,553504,-95385.5234375
14598,TQC,env3,553700,-96638.921875
14599,TQC,env3,553912,-96626.828125
14600,TQC,env3,554112,-96629.328125
14601,TQC,env3,554324,-96713.25
14602,TQC,env3,554500,-96715.953125
14603,TQC,env3,554664,-97621.1484375
14604,TQC,env3,554828,-98564.1015625
14605,TQC,env3,554992,-99468.5
14606,TQC,env3,555164,-99428.796875
14607,TQC,env3,555328,-99426.296875
14608,TQC,env3,555476,-99423.703125
14609,TQC,env3,555732,-99421.296875
14610,TQC,env3,555900,-99416.796875
14611,TQC,env3,556060,-99413.5
14612,TQC,env3,556476,-100453.5
14613,TQC,env3,556840,-100451.8984375
14614,TQC,env3,557152,-100447.3984375
14615,TQC,env3,557456,-100443.5
14616,TQC,env3,557752,-100438.0
14617,TQC,env3,558052,-100434.203125
14618,TQC,env3,558352,-100430.203125
14619,TQC,env3,558732,-100424.5
14620,TQC,env3,559264,-100519.0
14621,TQC,env3,559888,-100514.203125
14622,TQC,env3,560204,-99606.6015625
14623,TQC,env3,561316,-99641.8984375
14624,TQC,env3,561628,-99690.296875
14625,TQC,env3,561820,-99686.796875
14626,TQC,env3,562008,-99682.703125
14627,TQC,env3,562300,-99678.3984375
14628,TQC,env3,562472,-99676.796875
14629,TQC,env3,562732,-98774.0
14630,TQC,env3,563008,-98774.796875
14631,TQC,env3,563288,-98778.6015625
14632,TQC,env3,563496,-98783.5
14633,TQC,env3,563824,-98787.296875
14634,TQC,env3,564340,-98792.203125
14635,TQC,env3,565240,-98910.796875
14636,TQC,env3,568840,-99103.3984375
14637,TQC,env3,571260,-97120.828125
14638,TQC,env3,574244,-95406.328125
14639,TQC,env3,576808,-94603.421875
14640,TQC,env3,577956,-92398.8984375
14641,TQC,env3,580748,-91383.4765625
14642,TQC,env3,581992,-91047.328125
14643,TQC,env3,583592,-90925.125
14644,TQC,env3,585092,-90841.2734375
14645,TQC,env3,585852,-90599.796875
14646,TQC,env3,588280,-89282.4765625
14647,TQC,env3,589988,-88946.1015625
14648,TQC,env3,592540,-88605.75
14649,TQC,env3,595004,-87270.8046875
14650,TQC,env3,596292,-86930.6640625
14651,TQC,env3,597768,-85904.1640625
14652,TQC,env3,599056,-85769.6171875
14653,TQC,env3,600852,-85657.4140625
14654,TQC,env3,603080,-86397.3671875
14655,TQC,env3,605032,-86034.34375
14656,TQC,env3,609032,-83059.1171875
14657,TQC,env3,611916,-81277.96875
14658,TQC,env3,615496,-78243.09375
14659,TQC,env3,616000,-77355.1953125
14660,TQC,env3,619076,-76164.46875
14661,TQC,env3,620876,-74190.5703125
14662,TQC,env3,623032,-74977.484375
14663,TQC,env3,624044,-75798.6875
14664,TQC,env3,624876,-75616.984375
14665,TQC,env3,626096,-76713.859375
14666,TQC,env3,627636,-77697.1875
14667,TQC,env3,628244,-77947.3359375
14668,TQC,env3,628596,-78037.28125
14669,TQC,env3,629820,-77130.78125
14670,TQC,env3,633820,-75356.765625
14671,TQC,env3,637180,-73992.6953125
14672,TQC,env3,641180,-72416.1796875
14673,TQC,env3,643500,-70039.734375
14674,TQC,env3,646696,-68615.96875
14675,TQC,env3,650696,-66234.4140625
14676,TQC,env3,654208,-66462.0625
14677,TQC,env3,655580,-65487.61328125
14678,TQC,env3,657584,-65721.015625
14679,TQC,env3,659268,-65031.36328125
14680,TQC,env3,660484,-64471.83984375
14681,TQC,env3,664100,-65689.765625
14682,TQC,env3,667656,-65371.2890625
14683,TQC,env3,670164,-66455.4609375
14684,TQC,env3,673288,-66203.1328125
14685,TQC,env3,675192,-66156.8125
14686,TQC,env3,676592,-65954.2109375
14687,TQC,env3,678212,-66182.1171875
14688,TQC,env3,681272,-65058.921875
14689,TQC,env3,682556,-65200.8203125
14690,TQC,env3,684936,-65289.671875
14691,TQC,env3,686760,-65366.22265625
14692,TQC,env3,687688,-65131.60546875
14693,TQC,env3,689708,-65167.27734375
14694,TQC,env3,692036,-65025.9609375
14695,TQC,env3,694548,-65804.8046875
14696,TQC,env3,696556,-67441.90625
14697,TQC,env3,697360,-69309.515625
14698,TQC,env3,698176,-71843.765625
14699,TQC,env3,699956,-74605.96875
14700,TQC,env3,702724,-75549.1171875
14701,TQC,env3,704012,-76401.0703125
14702,TQC,env3,705576,-77493.3671875
14703,TQC,env3,706640,-77254.265625
14704,TQC,env3,709944,-76172.390625
14705,TQC,env3,711132,-74393.640625
14706,TQC,env3,712260,-76028.96875
14707,TQC,env3,713860,-77996.3203125
14708,TQC,env3,714836,-79725.8671875
14709,TQC,env3,715600,-80831.2890625
14710,TQC,env3,716480,-81927.265625
14711,TQC,env3,719516,-83071.6640625
14712,TQC,env3,720480,-83237.71875
14713,TQC,env3,721140,-85296.9140625
14714,TQC,env3,722952,-86178.8203125
14715,TQC,env3,724244,-86415.015625
14716,TQC,env3,725408,-86440.765625
14717,TQC,env3,727172,-85731.3046875
14718,TQC,env3,728140,-85794.6796875
14719,TQC,env3,729288,-87041.046875
14720,TQC,env3,730592,-88149.453125
14721,TQC,env3,731696,-88224.3515625
14722,TQC,env3,733124,-89009.921875
14723,TQC,env3,734728,-88865.7265625
14724,TQC,env3,736336,-87840.7265625
14725,TQC,env3,738432,-88659.328125
14726,TQC,env3,739032,-86593.4765625
14727,TQC,env3,741608,-86318.25
14728,TQC,env3,742912,-85609.3515625
14729,TQC,env3,745476,-87341.3828125
14730,TQC,env3,746548,-88119.7578125
14731,TQC,env3,747780,-88332.1328125
14732,TQC,env3,750208,-88610.5078125
14733,TQC,env3,752900,-88832.9296875
14734,TQC,env3,755336,-86886.2578125
14735,TQC,env3,756604,-86871.90625
14736,TQC,env3,759028,-86663.2578125
14737,TQC,env3,759804,-86297.078125
14738,TQC,env3,762300,-85054.2734375
14739,TQC,env3,764224,-84990.453125
14740,TQC,env3,764892,-84439.59375
14741,TQC,env3,766440,-84402.4921875
14742,TQC,env3,768328,-85546.6640625
14743,TQC,env3,769088,-84504.1875
14744,TQC,env3,772032,-84434.0390625
14745,TQC,env3,773600,-82764.59375
14746,TQC,env3,774952,-83607.7421875
14747,TQC,env3,775812,-83768.5625
14748,TQC,env3,778940,-84079.8125
14749,TQC,env3,780760,-84992.765625
14750,TQC,env3,782288,-85951.9921875
14751,TQC,env3,783860,-87002.4140625
14752,TQC,env3,785156,-87141.7421875
14753,TQC,env3,788164,-86710.6015625
14754,TQC,env3,789496,-85948.1640625
14755,TQC,env3,791540,-88067.6953125
14756,TQC,env3,793536,-88164.4921875
14757,TQC,env3,797104,-87177.09375
14758,TQC,env3,800548,-86146.2109375
14759,TQC,env3,802092,-87264.7109375
14760,TQC,env3,804428,-87241.484375
14761,TQC,env3,805056,-87430.9296875
14762,TQC,env3,806736,-87517.59375
14763,TQC,env3,808348,-88704.2890625
14764,TQC,env3,809976,-87886.21875
14765,TQC,env3,811196,-89235.328125
14766,TQC,env3,812608,-88357.828125
14767,TQC,env3,813868,-88232.453125
14768,TQC,env3,814844,-89252.4296875
14769,TQC,env3,815464,-89150.203125
14770,TQC,env3,816072,-90829.6015625
14771,TQC,env3,816364,-90976.0546875
14772,TQC,env3,817260,-91001.9296875
14773,TQC,env3,818752,-91074.328125
14774,TQC,env3,819696,-90137.6484375
14775,TQC,env3,821428,-90159.7265625
14776,TQC,env3,822620,-91076.6015625
14777,TQC,env3,823804,-91119.6484375
14778,TQC,env3,826952,-92263.15625
14779,TQC,env3,827680,-92387.53125
14780,TQC,env3,828208,-92198.734375
14781,TQC,env3,829452,-91948.609375
14782,TQC,env3,830424,-92750.203125
14783,TQC,env3,831480,-93682.4140625
14784,TQC,env3,832240,-94487.8359375
14785,TQC,env3,833080,-94474.7421875
14786,TQC,env3,835076,-95185.890625
14787,TQC,env3,836548,-96251.0625
14788,TQC,env3,837132,-96395.4609375
14789,TQC,env3,838824,-97124.1640625
14790,TQC,env3,840012,-97192.6171875
14791,TQC,env3,842000,-98091.7109375
14792,TQC,env3,843040,-97194.2890625
14793,TQC,env3,844008,-97205.1875
14794,TQC,env3,844656,-97369.6640625
14795,TQC,env3,845188,-97486.6640625
14796,TQC,env3,845672,-97503.8671875
14797,TQC,env3,845952,-97501.265625
14798,TQC,env3,846660,-97341.0625
14799,TQC,env3,847112,-98352.0859375
14800,TQC,env3,848276,-98423.7421875
14801,TQC,env3,848772,-98494.5859375
14802,TQC,env3,849228,-98631.140625
14803,TQC,env3,849760,-98806.171875
14804,TQC,env3,850976,-99714.078125
14805,TQC,env3,851456,-99755.671875
14806,TQC,env3,852188,-99882.796875
14807,TQC,env3,853268,-99875.3984375
14808,TQC,env3,853924,-100045.8984375
14809,TQC,env3,854568,-100113.453125
14810,TQC,env3,857404,-99310.578125
14811,TQC,env3,857808,-99534.421875
14812,TQC,env3,858300,-99484.375
14813,TQC,env3,858952,-99424.9765625
14814,TQC,env3,859268,-99540.4765625
14815,TQC,env3,860940,-99437.7265625
14816,TQC,env3,861780,-99487.625
14817,TQC,env3,862696,-100419.328125
14818,TQC,env3,865148,-99287.921875
14819,TQC,env3,865848,-99211.671875
14820,TQC,env3,866588,-98234.9765625
14821,TQC,env3,867584,-98160.828125
14822,TQC,env3,869900,-98130.625
14823,TQC,env3,870960,-97015.796875
14824,TQC,env3,871572,-97111.6015625
14825,TQC,env3,872164,-96957.75
14826,TQC,env3,873328,-96972.75
14827,TQC,env3,874224,-97074.546875
14828,TQC,env3,875100,-97084.453125
14829,TQC,env3,876744,-97005.0
14830,TQC,env3,877356,-96950.453125
14831,TQC,env3,880028,-96746.203125
14832,TQC,env3,881092,-96917.203125
14833,TQC,env3,881652,-96910.3984375
14834,TQC,env3,883300,-95787.796875
14835,TQC,env3,884232,-96700.125
14836,TQC,env3,885068,-96712.421875
14837,TQC,env3,885468,-95763.2734375
14838,TQC,env3,886636,-95527.546875
14839,TQC,env3,887448,-95581.953125
14840,TQC,env3,887852,-95534.1015625
14841,TQC,env3,888044,-95462.5
14842,TQC,env3,889080,-96631.5
14843,TQC,env3,889524,-96569.6015625
14844,TQC,env3,890584,-96550.25
14845,TQC,env3,891852,-96216.203125
14846,TQC,env3,892800,-95269.796875
14847,TQC,env3,893420,-94226.015625
14848,TQC,env3,894168,-95346.7890625
14849,TQC,env3,895064,-95167.484375
14850,TQC,env3,897084,-94242.7109375
14851,TQC,env3,898312,-93242.265625
14852,TQC,env3,900760,-93083.8125
14853,TQC,env3,901196,-93078.515625
14854,TQC,env3,901572,-92940.28125
14855,TQC,env3,901792,-92039.2265625
14856,TQC,env3,902332,-92106.1171875
14857,TQC,env3,902504,-91987.515625
14858,TQC,env3,902780,-91915.21875
14859,TQC,env3,903212,-93028.9140625
14860,TQC,env3,903960,-92957.1640625
14861,TQC,env3,904708,-92728.59375
14862,TQC,env3,907260,-93876.34375
14863,TQC,env3,907848,-93926.59375
14864,TQC,env3,910156,-93870.59375
14865,TQC,env3,910464,-92901.2890625
14866,TQC,env3,911732,-92916.6953125
14867,TQC,env3,912212,-91836.4453125
14868,TQC,env3,912668,-91808.84375
14869,TQC,env3,912812,-91805.5390625
14870,TQC,env3,913008,-93015.2890625
14871,TQC,env3,913244,-94012.140625
14872,TQC,env3,913640,-95077.1328125
14873,TQC,env3,914132,-95068.828125
14874,TQC,env3,914416,-95252.9765625
14875,TQC,env3,914824,-96257.5078125
14876,TQC,env3,915052,-97232.65625
14877,TQC,env3,915340,-97263.40625
14878,TQC,env3,915656,-97209.3046875
14879,TQC,env3,916456,-97394.984375
14880,TQC,env3,916936,-98320.984375
14881,TQC,env3,917156,-98450.8515625
14882,TQC,env3,917388,-98444.6484375
14883,TQC,env3,918956,-98293.5
14884,TQC,env3,919528,-98353.5
14885,TQC,env3,920056,-98347.453125
14886,TQC,env3,920680,-98507.125
14887,TQC,env3,921248,-98291.671875
14888,TQC,env3,921972,-98341.0
14889,TQC,env3,922612,-98361.8984375
14890,TQC,env3,924020,-99401.6015625
14891,TQC,env3,924596,-99228.1484375
14892,TQC,env3,925244,-100289.203125
14893,TQC,env3,925996,-100265.5
14894,TQC,env3,926252,-100073.046875
14895,TQC,env3,926596,-100092.25
14896,TQC,env3,927000,-100090.6484375
14897,TQC,env3,927480,-99998.703125
14898,TQC,env3,927968,-99874.8984375
14899,TQC,env3,929656,-99690.328125
14900,TQC,env3,931244,-99613.0234375
14901,TQC,env3,932320,-99341.125
14902,TQC,env3,933972,-98217.171875
14903,TQC,env3,934312,-98255.578125
14904,TQC,env3,935440,-98148.2734375
14905,TQC,env3,936076,-98082.2734375
14906,TQC,env3,936324,-96790.4765625
14907,TQC,env3,936624,-96785.9765625
14908,TQC,env3,938024,-96478.859375
14909,TQC,env3,939412,-96246.5078125
14910,TQC,env3,940332,-96273.0078125
14911,TQC,env3,940688,-95117.9921875
14912,TQC,env3,941308,-95017.6640625
14913,TQC,env3,942232,-94516.3828125
14914,TQC,env3,943108,-94323.28125
14915,TQC,env3,943596,-94329.0859375
14916,TQC,env3,944204,-94379.40625
14917,TQC,env3,945268,-94261.2109375
14918,TQC,env3,946000,-93347.7109375
14919,TQC,env3,946484,-93550.2578125
14920,TQC,env3,947368,-93573.5546875
14921,TQC,env3,947644,-92511.859375
14922,TQC,env3,948144,-92309.2734375
14923,TQC,env3,948660,-92221.625
14924,TQC,env3,948896,-92298.5
14925,TQC,env3,949388,-92373.0
14926,TQC,env3,950672,-92475.8515625
14927,TQC,env3,952108,-93445.0
14928,TQC,env3,953692,-92168.046875
14929,TQC,env3,955420,-91297.75
14930,TQC,env3,957736,-90270.3515625
14931,TQC,env3,959124,-91433.6015625
14932,TQC,env3,960836,-90519.0
14933,TQC,env3,963300,-91150.0625
14934,TQC,env3,963636,-91316.015625
14935,TQC,env3,964008,-91334.4140625
14936,TQC,env3,964432,-92468.734375
14937,TQC,env3,964740,-92654.3046875
14938,TQC,env3,964952,-91412.84375
14939,TQC,env3,965144,-91590.84375
14940,TQC,env3,965268,-91579.9375
14941,TQC,env3,965404,-91652.5625
14942,TQC,env3,965760,-91742.5625
14943,TQC,env3,966036,-92706.6640625
14944,TQC,env3,966400,-92704.5625
14945,TQC,env3,967196,-92670.0625
14946,TQC,env3,969148,-93666.78125
14947,TQC,env3,969868,-92929.609375
14948,TQC,env3,970356,-92213.359375
14949,TQC,env3,971052,-92213.765625
14950,TQC,env3,971684,-91316.9609375
14951,TQC,env3,972000,-91476.015625
14952,TQC,env3,972640,-91647.109375
14953,TQC,env3,973444,-92861.5625
14954,TQC,env3,974356,-93851.6640625
14955,TQC,env3,975076,-94938.4609375
14956,TQC,env3,975652,-95023.8125
14957,TQC,env3,976076,-95885.0859375
14958,TQC,env3,977484,-95775.7890625
14959,TQC,env3,978216,-95863.5859375
14960,TQC,env3,978388,-95874.0859375
14961,TQC,env3,978828,-95929.890625
14962,TQC,env3,979032,-95830.6875
14963,TQC,env3,979176,-97645.890625
14964,TQC,env3,979344,-97636.1875
14965,TQC,env3,979660,-97638.484375
14966,TQC,env3,979860,-97648.484375
14967,TQC,env3,980044,-97639.5859375
14968,TQC,env3,980160,-97635.2890625
14969,TQC,env3,981208,-97630.2890625
14970,TQC,env3,982272,-97665.1875
14971,TQC,env3,983272,-96758.125
14972,TQC,env3,984144,-96913.125
14973,TQC,env3,985872,-97911.625
14974,TQC,env3,986784,-97856.078125
14975,TQC,env3,987904,-97663.7734375
14976,TQC,env3,989252,-97716.375
14977,TQC,env3,989868,-97782.078125
14978,TQC,env3,990676,-97848.875
14979,TQC,env3,991776,-96739.921875
14980,TQC,env3,993772,-96629.078125
14981,TQC,env3,994732,-96690.171875
14982,TQC,env3,994972,-96661.8515625
14983,TQC,env3,995208,-95704.6484375
14984,TQC,env3,995600,-95618.75
14985,TQC,env3,996012,-95626.75
14986,TQC,env3,996396,-95489.8515625
14987,TQC,env3,996900,-95586.546875
14988,TQC,env3,997096,-95607.1484375
14989,TQC,env3,997344,-95610.453125
14990,TQC,env3,997568,-95609.25
14991,TQC,env3,997764,-95596.3515625
14992,TQC,env3,997988,-95662.1484375
14993,TQC,env3,998220,-95673.6484375
14994,TQC,env3,998512,-95661.25
14995,TQC,env3,998712,-95625.6484375
14996,TQC,env3,998912,-96580.1015625
14997,TQC,env3,999136,-97439.703125
14998,TQC,env3,999380,-97359.6015625
14999,TQC,env3,999712,-97494.6484375
15000,TQC,env3,1000144,-98580.953125
15001,TQC,env3,1000400,-98523.546875
15002,TQC,env3,1000596,-98434.453125
15003,TQC,env3,1000792,-98373.8515625
15004,TQC,env3,1000980,-99428.203125
15005,TQC,env3,1001316,-99460.75
15006,TQC,env3,1001528,-99376.8515625
15007,TQC,env3,1001732,-99454.203125
15008,TQC,env3,1001968,-100346.8984375
15009,TQC,env3,1002204,-99338.203125
15010,TQC,env3,1002448,-99314.296875
15011,TQC,env3,1002740,-99398.1015625
15012,TQC,env3,1003020,-99394.3984375
15013,TQC,env3,1003296,-99361.296875
15014,TQC,env3,1003460,-99417.1015625
15015,TQC,env3,1003656,-99414.6015625
15016,TQC,env3,1003828,-99416.0
15017,TQC,env3,1004088,-99350.3984375
15018,TQC,env3,1004312,-99385.796875
15019,TQC,env3,1004700,-99388.5
15020,TQC,env3,1005000,-99407.296875
15021,TQC,env3,1005496,-99409.6015625
15022,TQC,env3,1006024,-99343.75
15023,TQC,env3,1006632,-99341.953125
15024,TQC,env3,1007060,-99384.25
15025,TQC,env3,1007544,-99427.8515625
15026,TQC,env3,1007900,-99479.953125
15027,TQC,env3,1008456,-99483.8515625
15028,TQC,env3,1008888,-99506.046875
15029,TQC,env3,1009212,-99514.953125
15030,TQC,env3,1009632,-99577.25
15031,TQC,env3,1010768,-99595.1484375
15032,TQC,env3,1011740,-98562.296875
15033,TQC,env3,1012480,-97573.203125
15034,TQC,env3,1013364,-97583.8515625
15035,TQC,env3,1013788,-97512.25
15036,TQC,env3,1014832,-97532.453125
15037,TQC,env3,1015908,-97568.546875
15038,TQC,env3,1016324,-97512.75
15039,TQC,env3,1016668,-97412.953125
15040,TQC,env3,1017036,-97433.453125
15041,TQC,env3,1017540,-97453.046875
15042,TQC,env3,1018092,-97489.453125
15043,TQC,env3,1018772,-97467.1484375
15044,TQC,env3,1019184,-97532.6484375
15045,TQC,env3,1019728,-97558.8515625
15046,TQC,env3,1020256,-97599.25
15047,TQC,env3,1020856,-97698.3984375
15048,TQC,env3,1021120,-97698.5
15049,TQC,env3,1021500,-97673.203125
15050,TQC,env3,1022352,-97674.8984375
15051,TQC,env3,1023360,-97680.703125
15052,TQC,env3,1024384,-97666.703125
15053,TQC,env3,1025076,-97535.703125
15054,TQC,env3,1025912,-97473.3515625
15055,TQC,env3,1027696,-97551.453125
15056,TQC,env3,1028416,-97502.25
15057,TQC,env3,1029116,-97526.5234375
15058,TQC,env3,1030020,-98554.828125
15059,TQC,env3,1033264,-99779.375
15060,TQC,env3,1033872,-99843.953125
15061,TQC,env3,1035096,-99934.046875
15062,TQC,env3,1036524,-100018.25
15063,TQC,env3,1038056,-99202.1484375
15064,TQC,env3,1038740,-99272.8515625
15065,TQC,env3,1039852,-98423.8515625
15066,TQC,env3,1040448,-98470.6484375
15067,TQC,env3,1041328,-98006.6328125
15068,TQC,env3,1041940,-98019.1328125
15069,TQC,env3,1042496,-97986.5390625
15070,TQC,env3,1043160,-97960.0390625
15071,TQC,env3,1044480,-97970.8359375
15072,TQC,env3,1045164,-97107.5390625
15073,TQC,env3,1046380,-97151.1328125
15074,TQC,env3,1048596,-95961.4609375
15075,TQC,env3,1049656,-96017.9609375
15076,TQC,env3,1050976,-95879.0625
15077,TQC,env3,1052456,-95980.9609375
15078,TQC,env3,1054564,-96238.6640625
15079,TQC,env3,1055580,-96340.859375
15080,TQC,env3,1056964,-96269.1640625
15081,TQC,env3,1058264,-96379.5625
15082,TQC,env3,1058656,-97525.4375
15083,TQC,env3,1058972,-97518.234375
15084,TQC,env3,1060016,-97346.0390625
15085,TQC,env3,1061792,-97325.6875
15086,TQC,env3,1063068,-97063.6171875
15087,TQC,env3,1064320,-96060.6171875
15088,TQC,env3,1064860,-95827.9453125
15089,TQC,env3,1066012,-95778.1953125
15090,TQC,env3,1067116,-96661.796875
15091,TQC,env3,1068164,-96647.296875
15092,TQC,env3,1068872,-97083.0546875
15093,TQC,env3,1070420,-97053.0078125
15094,TQC,env3,1071216,-97065.90625
15095,TQC,env3,1072452,-96927.2421875
15096,TQC,env3,1074268,-97074.640625
15097,TQC,env3,1074940,-97858.2421875
15098,TQC,env3,1075600,-97826.3359375
15099,TQC,env3,1076608,-99065.015625
15100,TQC,env3,1077384,-99003.3125
15101,TQC,env3,1078820,-97964.2109375
15102,TQC,env3,1079444,-97942.015625
15103,TQC,env3,1080304,-97783.6171875
15104,TQC,env3,1080680,-97678.0625
15105,TQC,env3,1081424,-97716.6640625
15106,TQC,env3,1082328,-97731.8671875
15107,TQC,env3,1082972,-97633.765625
15108,TQC,env3,1084056,-97565.1640625
15109,TQC,env3,1085184,-97461.5390625
15110,TQC,env3,1086732,-96285.1484375
15111,TQC,env3,1087436,-96496.1171875
15112,TQC,env3,1087920,-97408.3203125
15113,TQC,env3,1089780,-97473.828125
15114,TQC,env3,1091484,-97274.1484375
15115,TQC,env3,1091924,-96169.7265625
15116,TQC,env3,1092888,-96145.2265625
15117,TQC,env3,1093948,-95187.078125
15118,TQC,env3,1094376,-95217.2265625
15119,TQC,env3,1095028,-95252.625
15120,TQC,env3,1095452,-95410.09375
15121,TQC,env3,1096336,-95252.3984375
15122,TQC,env3,1096992,-95332.796875
15123,TQC,env3,1097544,-95232.4921875
15124,TQC,env3,1098708,-95216.4921875
15125,TQC,env3,1099096,-94115.171875
15126,TQC,env3,1099280,-95233.671875
15127,TQC,env3,1099836,-95217.7734375
15128,TQC,env3,1100168,-95159.421875
15129,TQC,env3,1100700,-95247.0234375
15130,TQC,env3,1101428,-95234.921875
15131,TQC,env3,1101796,-95199.3203125
15132,TQC,env3,1102112,-95190.21875
15133,TQC,env3,1102300,-95231.21875
15134,TQC,env3,1102660,-95287.9453125
15135,TQC,env3,1103172,-96500.8046875
15136,TQC,env3,1104044,-96376.8046875
15137,TQC,env3,1104368,-96360.40625
15138,TQC,env3,1105264,-97423.875
15139,TQC,env3,1105648,-97659.3984375
15140,TQC,env3,1106064,-98662.2265625
15141,TQC,env3,1106328,-98650.625
15142,TQC,env3,1106768,-99572.078125
15143,TQC,env3,1107132,-99571.9765625
15144,TQC,env3,1108020,-99521.078125
15145,TQC,env3,1108752,-99549.4765625
15146,TQC,env3,1109220,-99469.171875
15147,TQC,env3,1109508,-99457.2734375
15148,TQC,env3,1109648,-99524.9765625
15149,TQC,env3,1109888,-99477.171875
15150,TQC,env3,1110332,-100454.703125
15151,TQC,env3,1111152,-100301.0234375
15152,TQC,env3,1111504,-100067.296875
15153,TQC,env3,1111732,-100163.1484375
15154,TQC,env3,1112068,-100147.75
15155,TQC,env3,1112632,-100121.453125
15156,TQC,env3,1113132,-100106.1484375
15157,TQC,env3,1114016,-99920.0
15158,TQC,env3,1114748,-99764.328125
15159,TQC,env3,1116648,-99839.328125
15160,TQC,env3,1117900,-99791.4765625
15161,TQC,env3,1118712,-98832.546875
15162,TQC,env3,1119236,-97817.046875
15163,TQC,env3,1119464,-97706.125
15164,TQC,env3,1119676,-97702.5234375
15165,TQC,env3,1119972,-97762.328125
15166,TQC,env3,1120260,-97768.0234375
15167,TQC,env3,1120956,-97841.875
15168,TQC,env3,1121304,-97834.7734375
15169,TQC,env3,1121692,-97719.7734375
15170,TQC,env3,1122340,-97601.171875
15171,TQC,env3,1123160,-97583.671875
15172,TQC,env3,1123740,-97612.4765625
15173,TQC,env3,1124128,-97553.671875
15174,TQC,env3,1124972,-97478.421875
15175,TQC,env3,1125680,-97511.625
15176,TQC,env3,1127052,-97617.953125
15177,TQC,env3,1127688,-97749.375
15178,TQC,env3,1128156,-96839.2734375
15179,TQC,env3,1128968,-96762.7265625
15180,TQC,env3,1129996,-96732.7265625
15181,TQC,env3,1130460,-96755.421875
15182,TQC,env3,1131400,-96856.171875
15183,TQC,env3,1132384,-96928.9765625
15184,TQC,env3,1133108,-96583.5546875
15185,TQC,env3,1134084,-96632.609375
15186,TQC,env3,1134948,-97699.6328125
15187,TQC,env3,1136624,-98742.8359375
15188,TQC,env3,1137772,-97628.734375
15189,TQC,env3,1138376,-97555.7109375
15190,TQC,env3,1138636,-96501.5078125
15191,TQC,env3,1139524,-96511.0078125
15192,TQC,env3,1141420,-96488.7109375
15193,TQC,env3,1142852,-95443.984375
15194,TQC,env3,1143732,-94635.984375
15195,TQC,env3,1144600,-94699.78125
15196,TQC,env3,1145420,-93819.53125
15197,TQC,env3,1146204,-93839.8359375
15198,TQC,env3,1147296,-93923.1328125
15199,TQC,env3,1149420,-92909.28125
15200,TQC,env3,1150296,-91974.0234375
15201,TQC,env3,1151004,-92048.171875
15202,TQC,env3,1151548,-92070.46875
15203,TQC,env3,1153688,-92850.0234375
15204,TQC,env3,1155308,-91875.5234375
15205,TQC,env3,1156792,-92038.125
15206,TQC,env3,1158340,-91960.6796875
15207,TQC,env3,1159500,-91045.328125
15208,TQC,env3,1161172,-91123.8984375
15209,TQC,env3,1161616,-91433.71875
15210,TQC,env3,1162080,-90534.3203125
15211,TQC,env3,1162600,-90519.3203125
15212,TQC,env3,1162788,-90508.1171875
15213,TQC,env3,1163268,-91725.7421875
15214,TQC,env3,1163728,-91819.46875
15215,TQC,env3,1164956,-92915.6640625
15216,TQC,env3,1166356,-92843.21875
15217,TQC,env3,1167324,-92842.1171875
15218,TQC,env3,1169960,-92696.3359375
15219,TQC,env3,1171028,-92433.9375
15220,TQC,env3,1171808,-92077.40625
15221,TQC,env3,1172284,-93035.4609375
15222,TQC,env3,1172564,-93078.15625
15223,TQC,env3,1173020,-93070.15625
15224,TQC,env3,1173684,-94177.0625
15225,TQC,env3,1174572,-95209.8203125
15226,TQC,env3,1175284,-95135.21875
15227,TQC,env3,1176624,-95306.8203125
15228,TQC,env3,1176852,-95460.46875
15229,TQC,env3,1177512,-96507.515625
15230,TQC,env3,1178608,-96387.515625
15231,TQC,env3,1179364,-96351.4921875
15232,TQC,env3,1179772,-97355.84375
15233,TQC,env3,1180736,-97367.9453125
15234,TQC,env3,1181264,-97266.1953125
15235,TQC,env3,1183388,-98296.09375
15236,TQC,env3,1184716,-98388.890625
15237,TQC,env3,1185404,-98273.7421875
15238,TQC,env3,1185816,-98286.34375
15239,TQC,env3,1186252,-98267.34375
15240,TQC,env3,1187792,-98054.015625
15241,TQC,env3,1188528,-98120.8671875
15242,TQC,env3,1189424,-96944.1640625
15243,TQC,env3,1189656,-98199.078125
15244,TQC,env3,1189956,-99401.578125
15245,TQC,env3,1190508,-99772.5
15246,TQC,env3,1190792,-99770.6015625
15247,TQC,env3,1191520,-99473.328125
15248,TQC,env3,1191804,-99367.5
15249,TQC,env3,1192256,-99358.0
15250,TQC,env3,1192792,-99129.25
15251,TQC,env3,1193288,-99217.25
15252,TQC,env3,1194032,-99127.25
15253,TQC,env3,1195640,-98810.921875
15254,TQC,env3,1196400,-98869.921875
15255,TQC,env3,1198032,-97473.4609375
15256,TQC,env3,1198880,-97013.46875
15257,TQC,env3,1199272,-96989.265625
15258,TQC,env3,1199600,-96819.5703125
15259,TQC,env3,1199812,-96870.9140625
15260,TQC,env3,1200204,-96752.71875
15261,TQC,env3,1200500,-96549.0390625
15262,TQC,env3,1202720,-96526.5703125
15263,TQC,env3,1203664,-96450.890625
15264,TQC,env3,1205824,-95239.640625
15265,TQC,env3,1206564,-95383.6640625
15266,TQC,env3,1207132,-95402.46875
15267,TQC,env3,1207808,-96583.765625
15268,TQC,env3,1208956,-96539.0703125
15269,TQC,env3,1210588,-95515.8671875
15270,TQC,env3,1211768,-95534.265625
15271,TQC,env3,1212540,-95493.6953125
15272,TQC,env3,1213124,-95612.640625
15273,TQC,env3,1213824,-95656.4140625
15274,TQC,env3,1216916,-94653.8671875
15275,TQC,env3,1217460,-93607.109375
15276,TQC,env3,1218056,-93602.3125
15277,TQC,env3,1218396,-93572.7109375
15278,TQC,env3,1218984,-93879.0390625
15279,TQC,env3,1219660,-93862.4375
15280,TQC,env3,1219900,-95257.1015625
15281,TQC,env3,1220264,-95783.5703125
15282,TQC,env3,1220960,-95794.671875
15283,TQC,env3,1222156,-95876.1484375
15284,TQC,env3,1222972,-95971.046875
15285,TQC,env3,1223540,-95061.9453125
15286,TQC,env3,1224268,-95073.671875
15287,TQC,env3,1224688,-95191.8984375
15288,TQC,env3,1225116,-95245.8671875
15289,TQC,env3,1226372,-95306.2109375
15290,TQC,env3,1227096,-95418.9140625
15291,TQC,env3,1227380,-95398.609375
15292,TQC,env3,1228008,-95451.2109375
15293,TQC,env3,1228448,-95410.0078125
15294,TQC,env3,1228752,-96408.4140625
15295,TQC,env3,1229048,-96370.109375
15296,TQC,env3,1229584,-96402.3828125
15297,TQC,env3,1229916,-96425.1875
15298,TQC,env3,1230604,-96499.3359375
15299,TQC,env3,1231304,-97505.5859375
15300,TQC,env3,1232456,-98824.09375
15301,TQC,env3,1232960,-98669.171875
15302,TQC,env3,1233324,-98669.7734375
15303,TQC,env3,1233724,-98642.671875
15304,TQC,env3,1234248,-98633.7734375
15305,TQC,env3,1234784,-98626.578125
15306,TQC,env3,1235080,-98468.8515625
15307,TQC,env3,1235584,-98464.25
15308,TQC,env3,1237288,-98589.9765625
15309,TQC,env3,1238892,-98344.9453125
15310,TQC,env3,1240056,-99248.4453125
15311,TQC,env3,1240568,-99270.4453125
15312,TQC,env3,1240944,-99262.7421875
15313,TQC,env3,1241560,-98351.140625
15314,TQC,env3,1242820,-98463.875
15315,TQC,env3,1243604,-98372.078125
15316,TQC,env3,1245228,-98315.875
15317,TQC,env3,1245684,-98235.078125
15318,TQC,env3,1246068,-98272.078125
15319,TQC,env3,1246952,-96959.6796875
15320,TQC,env3,1247328,-96966.9765625
15321,TQC,env3,1247956,-96795.6484375
15322,TQC,env3,1248352,-96861.5703125
15323,TQC,env3,1248804,-96860.2734375
15324,TQC,env3,1249264,-96860.46875
15325,TQC,env3,1249440,-96602.171875
15326,TQC,env3,1249672,-96724.5859375
15327,TQC,env3,1249944,-96704.5859375
15328,TQC,env3,1250092,-96723.2890625
15329,TQC,env3,1250204,-96675.484375
15330,TQC,env3,1250320,-96666.0859375
15331,TQC,env3,1250584,-96809.7109375
15332,TQC,env3,1250756,-96801.515625
15333,TQC,env3,1250904,-96762.109375
15334,TQC,env3,1251020,-96911.046875
15335,TQC,env3,1251144,-96894.1484375
15336,TQC,env3,1251316,-96938.5
15337,TQC,env3,1251516,-96943.3984375
15338,TQC,env3,1251776,-97845.6953125
15339,TQC,env3,1252104,-98875.171875
15340,TQC,env3,1252356,-98893.96875
15341,TQC,env3,1253068,-98932.7734375
15342,TQC,env3,1253396,-98993.46875
15343,TQC,env3,1253616,-98977.671875
15344,TQC,env3,1253800,-100279.96875
15345,TQC,env3,1254184,-100176.9453125
15346,TQC,env3,1254480,-100350.4765625
15347,TQC,env3,1255040,-100357.078125
15348,TQC,env3,1256696,-100258.7734375
15349,TQC,env3,1258068,-100356.7734375
15350,TQC,env3,1259724,-100507.7265625
15351,TQC,env3,1260924,-100493.6015625
15352,TQC,env3,1261400,-100380.5078125
15353,TQC,env3,1262688,-100424.5078125
15354,TQC,env3,1264460,-100517.109375
15355,TQC,env3,1266356,-99555.109375
15356,TQC,env3,1268396,-99563.6015625
15357,TQC,env3,1269288,-99638.1015625
15358,TQC,env3,1271196,-99742.0
15359,TQC,env3,1272184,-99747.796875
15360,TQC,env3,1273564,-99879.3984375
15361,TQC,env3,1275248,-99691.1015625
15362,TQC,env3,1278224,-99765.296875
15363,TQC,env3,1279820,-99515.96875
15364,TQC,env3,1281412,-99531.71875
15365,TQC,env3,1282632,-98454.59375
15366,TQC,env3,1283568,-98431.7734375
15367,TQC,env3,1285500,-98477.5703125
15368,TQC,env3,1286848,-98340.3203125
15369,TQC,env3,1288028,-97483.8203125
15370,TQC,env3,1288916,-97692.6484375
15371,TQC,env3,1290328,-97781.546875
15372,TQC,env3,1291740,-97760.171875
15373,TQC,env3,1294192,-97971.46875
15374,TQC,env3,1296344,-96101.5703125
15375,TQC,env3,1297384,-95239.3203125
15376,TQC,env3,1298176,-95362.046875
15377,TQC,env3,1298924,-95523.5390625
15378,TQC,env3,1299700,-95521.640625
15379,TQC,env3,1301464,-95405.3359375
15380,TQC,env3,1303672,-95344.890625
15381,TQC,env3,1304316,-95376.0
15382,TQC,env3,1306032,-95185.75
15383,TQC,env3,1307864,-94827.2421875
15384,TQC,env3,1308620,-94815.4375
15385,TQC,env3,1309892,-94472.109375
15386,TQC,env3,1312400,-94570.3828125
15387,TQC,env3,1313924,-92553.734375
15388,TQC,env3,1316040,-92852.6328125
15389,TQC,env3,1316924,-92600.5546875
15390,TQC,env3,1318824,-93483.0703125
15391,TQC,env3,1321692,-92575.0703125
15392,TQC,env3,1322928,-92426.8671875
15393,TQC,env3,1324560,-91479.03125
15394,TQC,env3,1325416,-92110.1328125
15395,TQC,env3,1327864,-91680.375
15396,TQC,env3,1329304,-90678.7734375
15397,TQC,env3,1330504,-90742.25
15398,TQC,env3,1331812,-90322.765625
15399,TQC,env3,1333340,-92112.515625
15400,TQC,env3,1333932,-93043.71875
15401,TQC,env3,1334836,-92791.84375
15402,TQC,env3,1336688,-92846.34375
15403,TQC,env3,1338020,-92735.09375
15404,TQC,env3,1340468,-92837.59375
15405,TQC,env3,1342056,-92981.6953125
15406,TQC,env3,1343428,-91892.0
15407,TQC,env3,1344152,-91970.25
15408,TQC,env3,1344692,-92243.6640625
15409,TQC,env3,1345636,-92275.7578125
15410,TQC,env3,1346428,-91648.6953125
15411,TQC,env3,1348216,-91832.921875
15412,TQC,env3,1349368,-93857.8671875
15413,TQC,env3,1350168,-93918.9921875
15414,TQC,env3,1350904,-94233.421875
15415,TQC,env3,1352396,-94282.7890625
15416,TQC,env3,1353116,-95333.21875
15417,TQC,env3,1354732,-95452.21875
15418,TQC,env3,1357056,-95614.0
15419,TQC,env3,1358616,-94999.8984375
15420,TQC,env3,1360548,-95299.28125
15421,TQC,env3,1361248,-96372.8828125
15422,TQC,env3,1362200,-96362.78125
15423,TQC,env3,1362916,-96722.6640625
15424,TQC,env3,1363896,-96756.9140625
15425,TQC,env3,1366236,-96787.21875
15426,TQC,env3,1366868,-96994.5
15427,TQC,env3,1367720,-96940.8046875
15428,TQC,env3,1368912,-97082.25
15429,TQC,env3,1369828,-97043.65625
15430,TQC,env3,1371132,-98085.3046875
15431,TQC,env3,1372988,-99216.9921875
15432,TQC,env3,1374404,-99249.8671875
15433,TQC,env3,1375896,-98203.09375
15434,TQC,env3,1378208,-98372.9921875
15435,TQC,env3,1379724,-99369.1953125
15436,TQC,env3,1380468,-99251.09375
15437,TQC,env3,1381796,-99238.2890625
15438,TQC,env3,1382868,-99123.6640625
15439,TQC,env3,1384004,-99075.1640625
15440,TQC,env3,1385140,-99342.515625
15441,TQC,env3,1385788,-99090.3828125
15442,TQC,env3,1386936,-98994.328125
15443,TQC,env3,1388548,-99956.2265625
15444,TQC,env3,1389140,-99951.4296875
15445,TQC,env3,1390524,-100046.1015625
15446,TQC,env3,1391776,-99769.03125
15447,TQC,env3,1392660,-99774.53125
15448,TQC,env3,1393800,-99640.53125
15449,TQC,env3,1394724,-98704.53125
15450,TQC,env3,1395276,-98494.6015625
15451,TQC,env3,1395820,-98357.71875
15452,TQC,env3,1396412,-98328.015625
15453,TQC,env3,1397116,-97957.28125
15454,TQC,env3,1397856,-97962.484375
15455,TQC,env3,1398312,-97784.78125
15456,TQC,env3,1398524,-97719.484375
15457,TQC,env3,1398700,-97727.90625
15458,TQC,env3,1399268,-98766.28125
15459,TQC,env3,1399556,-98600.6796875
15460,TQC,env3,1400044,-98368.3359375
15461,TQC,env3,1400952,-98343.9296875
15462,TQC,env3,1401692,-98179.9296875
15463,TQC,env3,1402324,-98007.28125
15464,TQC,env3,1402588,-97995.984375
15465,TQC,env3,1403228,-97936.984375
15466,TQC,env3,1403760,-97977.0390625
15467,TQC,env3,1404184,-97920.5390625
15468,TQC,env3,1404640,-97847.2421875
15469,TQC,env3,1405404,-98650.640625
15470,TQC,env3,1406200,-98563.9453125
15471,TQC,env3,1406508,-98698.3203125
15472,TQC,env3,1407256,-98664.515625
15473,TQC,env3,1408004,-98788.015625
15474,TQC,env3,1408228,-99664.3203125
15475,TQC,env3,1408700,-99825.7421875
15476,TQC,env3,1408928,-99924.015625
15477,TQC,env3,1409104,-99902.1171875
15478,TQC,env3,1409352,-100179.546875
15479,TQC,env3,1410020,-100166.046875
15480,TQC,env3,1411228,-100223.953125
15481,TQC,env3,1412360,-100218.8515625
15482,TQC,env3,1413372,-99970.7109375
15483,TQC,env3,1414152,-100060.0078125
15484,TQC,env3,1415116,-99998.984375
15485,TQC,env3,1415508,-100011.0546875
15486,TQC,env3,1416528,-100014.40625
15487,TQC,env3,1418224,-100069.5078125
15488,TQC,env3,1418860,-100112.0
15489,TQC,env3,1419204,-99866.75
15490,TQC,env3,1420032,-99714.6484375
15491,TQC,env3,1420792,-99857.125
15492,TQC,env3,1422704,-99903.171875
15493,TQC,env3,1423204,-98973.75
15494,TQC,env3,1424280,-98939.875
15495,TQC,env3,1424708,-98911.0703125
15496,TQC,env3,1425160,-98833.1484375
15497,TQC,env3,1426564,-98738.1484375
15498,TQC,env3,1427112,-98653.25
15499,TQC,env3,1427896,-98634.2265625
15500,TQC,env3,1428604,-98534.625
15501,TQC,env3,1429364,-98455.6484375
15502,TQC,env3,1430192,-98520.3515625
15503,TQC,env3,1430780,-98435.5234375
15504,TQC,env3,1431464,-98439.421875
15505,TQC,env3,1432412,-98504.125
15506,TQC,env3,1433484,-98524.7265625
15507,TQC,env3,1434212,-98707.765625
15508,TQC,env3,1434792,-97704.5625
15509,TQC,env3,1435560,-97830.2890625
15510,TQC,env3,1436848,-97819.21875
15511,TQC,env3,1438212,-96856.765625
15512,TQC,env3,1438996,-96930.8671875
15513,TQC,env3,1439244,-97086.046875
15514,TQC,env3,1440004,-97329.0
15515,TQC,env3,1441296,-97421.453125
15516,TQC,env3,1441804,-97222.953125
15517,TQC,env3,1442456,-97302.953125
15518,TQC,env3,1443220,-98267.4765625
15519,TQC,env3,1444068,-98226.0
15520,TQC,env3,1445108,-98324.5
15521,TQC,env3,1446112,-98406.625
15522,TQC,env3,1448092,-98477.3515625
15523,TQC,env3,1448860,-98520.25
15524,TQC,env3,1449780,-98641.7734375
15525,TQC,env3,1450384,-98643.796875
15526,TQC,env3,1451184,-98731.171875
15527,TQC,env3,1452020,-98705.171875
15528,TQC,env3,1452924,-98576.4296875
15529,TQC,env3,1455552,-98503.359375
15530,TQC,env3,1456844,-98349.2578125
15531,TQC,env3,1457456,-98431.359375
15532,TQC,env3,1458344,-98551.9609375
15533,TQC,env3,1458956,-99457.4609375
15534,TQC,env3,1460024,-99476.65625
15535,TQC,env3,1460832,-99389.53125
15536,TQC,env3,1461564,-100323.234375
15537,TQC,env3,1462496,-100176.609375
15538,TQC,env3,1463048,-100119.90625
15539,TQC,env3,1463968,-100152.7109375
15540,TQC,env3,1465112,-100105.65625
15541,TQC,env3,1467056,-100446.0546875
15542,TQC,env3,1467884,-100362.984375
15543,TQC,env3,1469316,-100308.484375
15544,TQC,env3,1470084,-100207.5859375
15545,TQC,env3,1471024,-100025.9296875
15546,TQC,env3,1471560,-99947.0859375
15547,TQC,env3,1473028,-100003.2578125
15548,TQC,env3,1473836,-100114.4609375
15549,TQC,env3,1474688,-99962.78125
15550,TQC,env3,1475816,-99863.6796875
15551,TQC,env3,1477716,-99860.9296875
15552,TQC,env3,1478600,-99926.9296875
15553,TQC,env3,1479664,-100126.6015625
15554,TQC,env3,1480704,-100027.2734375
15555,TQC,env3,1483848,-100152.921875
15556,TQC,env3,1485316,-97708.671875
15557,TQC,env3,1488172,-97605.671875
15558,TQC,env3,1489512,-96578.2421875
15559,TQC,env3,1490728,-96585.2421875
15560,TQC,env3,1491784,-96828.5234375
15561,TQC,env3,1493704,-95940.921875
15562,TQC,env3,1494880,-95959.4765625
15563,TQC,env3,1495908,-95998.9765625
15564,TQC,env3,1497464,-96010.28125
15565,TQC,env3,1498804,-95075.15625
15566,TQC,env3,1500692,-95016.5546875
15567,TQC,env3,1502408,-95143.2265625
15568,TQC,env3,1504248,-95036.125
15569,TQC,env3,1505892,-94430.78125
15570,TQC,env3,1507044,-93450.640625
15571,TQC,env3,1508184,-93485.0390625
15572,TQC,env3,1509240,-93518.34375
15573,TQC,env3,1510276,-93456.640625
15574,TQC,env3,1512248,-92702.015625
15575,TQC,env3,1513068,-92944.09375
15576,TQC,env3,1513884,-92870.4375
15577,TQC,env3,1514912,-92767.8671875
15578,TQC,env3,1517784,-92958.765625
15579,TQC,env3,1518352,-93016.546875
15580,TQC,env3,1519240,-92978.796875
15581,TQC,env3,1521260,-95210.96875
15582,TQC,env3,1522340,-94298.8203125
15583,TQC,env3,1524000,-95462.7421875
15584,TQC,env3,1524712,-95426.7421875
15585,TQC,env3,1525700,-95436.9453125
15586,TQC,env3,1528136,-96514.7421875
15587,TQC,env3,1529540,-95800.3125
15588,TQC,env3,1530556,-95696.4140625
15589,TQC,env3,1533160,-95566.9375
15590,TQC,env3,1534200,-96733.1640625
15591,TQC,env3,1535536,-96583.4609375
15592,TQC,env3,1536976,-96581.9609375
15593,TQC,env3,1538932,-95903.4609375
15594,TQC,env3,1540176,-95776.6640625
15595,TQC,env3,1541004,-96808.1484375
15596,TQC,env3,1542276,-96909.8984375
15597,TQC,env3,1544232,-96846.9765625
15598,TQC,env3,1545088,-96804.078125
15599,TQC,env3,1546276,-95599.265625
15600,TQC,env3,1547168,-95550.265625
15601,TQC,env3,1547536,-95455.0390625
15602,TQC,env3,1550388,-95556.21875
15603,TQC,env3,1552356,-94136.625
15604,TQC,env3,1553148,-93166.421875
15605,TQC,env3,1554148,-93095.75
15606,TQC,env3,1555200,-93293.625
15607,TQC,env3,1556216,-94311.4765625
15608,TQC,env3,1556808,-94214.2734375
15609,TQC,env3,1557616,-94221.078125
15610,TQC,env3,1559080,-94214.375
15611,TQC,env3,1561472,-94282.578125
15612,TQC,env3,1562560,-94228.875
15613,TQC,env3,1564076,-94471.2734375
15614,TQC,env3,1566284,-94458.0234375
15615,TQC,env3,1567380,-94127.515625
15616,TQC,env3,1568032,-94211.2109375
15617,TQC,env3,1569796,-94143.7109375
15618,TQC,env3,1571304,-95099.9140625
15619,TQC,env3,1572916,-96158.515625
15620,TQC,env3,1574308,-96250.7109375
15621,TQC,env3,1574776,-95287.609375
15622,TQC,env3,1575384,-95292.640625
15623,TQC,env3,1576332,-95328.4375
15624,TQC,env3,1577160,-97378.046875
15625,TQC,env3,1579384,-96374.1953125
15626,TQC,env3,1580692,-96428.8671875
15627,TQC,env3,1581712,-96462.46875
15628,TQC,env3,1582272,-97643.109375
15629,TQC,env3,1584436,-98795.3359375
15630,TQC,env3,1585888,-97944.609375
15631,TQC,env3,1587132,-96972.015625
15632,TQC,env3,1587572,-96821.515625
15633,TQC,env3,1588332,-96749.015625
15634,TQC,env3,1589428,-95823.9140625
15635,TQC,env3,1590836,-95717.1875
15636,TQC,env3,1591852,-95647.984375
15637,TQC,env3,1592396,-96557.2890625
15638,TQC,env3,1593348,-96358.890625
15639,TQC,env3,1595580,-95449.515625
15640,TQC,env3,1596396,-94680.828125
15641,TQC,env3,1596932,-94534.7734375
15642,TQC,env3,1598040,-94594.4765625
15643,TQC,env3,1599024,-94517.078125
15644,TQC,env3,1600884,-94493.171875
15645,TQC,env3,1602592,-93228.9765625
15646,TQC,env3,1605648,-91786.2578125
15647,TQC,env3,1606268,-90860.2578125
15648,TQC,env3,1606876,-89905.953125
15649,TQC,env3,1607540,-89817.328125
15650,TQC,env3,1608824,-90857.1796875
15651,TQC,env3,1610424,-91049.328125
15652,TQC,env3,1611308,-90973.6328125
15653,TQC,env3,1613324,-91026.5546875
15654,TQC,env3,1614960,-90929.8828125
15655,TQC,env3,1615796,-91996.28125
15656,TQC,env3,1616964,-92912.578125
15657,TQC,env3,1617420,-92952.828125
15658,TQC,env3,1618352,-91857.8828125
15659,TQC,env3,1619040,-92645.828125
15660,TQC,env3,1619612,-92481.0546875
15661,TQC,env3,1620428,-92460.0546875
15662,TQC,env3,1621400,-92337.7265625
15663,TQC,env3,1621884,-92228.453125
15664,TQC,env3,1622676,-93128.0078125
15665,TQC,env3,1623152,-93671.6796875
15666,TQC,env3,1624840,-93693.7265625
15667,TQC,env3,1625568,-93479.78125
15668,TQC,env3,1626708,-93460.3828125
15669,TQC,env3,1627476,-92349.2421875
15670,TQC,env3,1628052,-93681.640625
15671,TQC,env3,1628356,-95920.265625
15672,TQC,env3,1629352,-96663.5625
15673,TQC,env3,1630952,-97642.4609375
15674,TQC,env3,1631640,-97766.484375
15675,TQC,env3,1632120,-97748.484375
15676,TQC,env3,1632592,-97676.5859375
15677,TQC,env3,1633528,-97660.484375
15678,TQC,env3,1634104,-97614.7109375
15679,TQC,env3,1634792,-97664.0859375
15680,TQC,env3,1635720,-97454.890625
15681,TQC,env3,1636964,-97506.6875
15682,TQC,env3,1637600,-97473.5390625
15683,TQC,env3,1638256,-98687.7890625
15684,TQC,env3,1639008,-98790.640625
15685,TQC,env3,1639636,-98939.8359375
15686,TQC,env3,1640792,-98999.234375
15687,TQC,env3,1641500,-99097.359375
15688,TQC,env3,1642224,-99150.8671875
15689,TQC,env3,1643344,-99101.046875
15690,TQC,env3,1643944,-99445.046875
15691,TQC,env3,1644964,-99575.2421875
15692,TQC,env3,1646124,-99756.1953125
15693,TQC,env3,1647148,-99769.296875
15694,TQC,env3,1648204,-99923.8359375
15695,TQC,env3,1649016,-99547.5859375
15696,TQC,env3,1650188,-98502.3828125
15697,TQC,env3,1651000,-98621.78125
15698,TQC,env3,1651732,-98510.6328125
15699,TQC,env3,1652196,-98455.4296875
15700,TQC,env3,1652744,-98407.234375
15701,TQC,env3,1653136,-98409.1328125
15702,TQC,env3,1653740,-98410.234375
15703,TQC,env3,1654420,-98492.234375
15704,TQC,env3,1655008,-98478.4296875
15705,TQC,env3,1655380,-98458.1796875
15706,TQC,env3,1655928,-98376.484375
15707,TQC,env3,1656348,-98502.484375
15708,TQC,env3,1656884,-98448.3828125
15709,TQC,env3,1657488,-98422.1796875
15710,TQC,env3,1658156,-98383.6796875
15711,TQC,env3,1658916,-98322.8828125
15712,TQC,env3,1659696,-98337.984375
15713,TQC,env3,1660964,-98505.1484375
15714,TQC,env3,1661588,-98638.171875
15715,TQC,env3,1662192,-98672.3984375
15716,TQC,env3,1662404,-98606.296875
15717,TQC,env3,1662776,-98563.796875
15718,TQC,env3,1663640,-98446.296875
15719,TQC,env3,1664156,-99344.703125
15720,TQC,env3,1665080,-98761.1484375
15721,TQC,env3,1665720,-99835.171875
15722,TQC,env3,1666088,-99884.171875
15723,TQC,env3,1666684,-99931.421875
15724,TQC,env3,1667572,-99950.828125
15725,TQC,env3,1668404,-100025.328125
15726,TQC,env3,1669668,-99856.25
15727,TQC,env3,1670248,-99665.34375
15728,TQC,env3,1670992,-99661.140625
15729,TQC,env3,1671500,-99665.4375
15730,TQC,env3,1672132,-99540.0234375
15731,TQC,env3,1672924,-99464.421875
15732,TQC,env3,1673388,-99369.1015625
15733,TQC,env3,1674984,-99249.4453125
15734,TQC,env3,1676132,-98368.1484375
15735,TQC,env3,1676800,-98186.6171875
15736,TQC,env3,1677172,-98160.515625
15737,TQC,env3,1677852,-98145.4140625
15738,TQC,env3,1678352,-97726.515625
15739,TQC,env3,1679152,-97796.265625
15740,TQC,env3,1679748,-97819.265625
15741,TQC,env3,1680800,-97629.0390625
15742,TQC,env3,1681260,-97358.3046875
15743,TQC,env3,1682148,-97478.3046875
15744,TQC,env3,1682880,-97395.8515625
15745,TQC,env3,1683560,-98139.2578125
15746,TQC,env3,1684716,-98039.9296875
15747,TQC,env3,1685976,-97963.1328125
15748,TQC,env3,1686416,-97821.3125
15749,TQC,env3,1686948,-97705.5625
15750,TQC,env3,1687704,-97358.578125
15751,TQC,env3,1688092,-97418.453125
15752,TQC,env3,1688940,-97525.7890625
15753,TQC,env3,1690380,-97274.625
15754,TQC,env3,1691060,-97285.53125
15755,TQC,env3,1691372,-97414.953125
15756,TQC,env3,1692036,-97492.859375
15757,TQC,env3,1692372,-97576.28125
15758,TQC,env3,1692800,-97709.734375
15759,TQC,env3,1693156,-98575.4296875
15760,TQC,env3,1693920,-98750.6640625
15761,TQC,env3,1694400,-98736.6171875
15762,TQC,env3,1695284,-98459.265625
15763,TQC,env3,1695612,-98862.1640625
15764,TQC,env3,1696252,-98852.3671875
15765,TQC,env3,1696768,-98845.5625
15766,TQC,env3,1696920,-99013.1875
15767,TQC,env3,1697648,-99204.5234375
15768,TQC,env3,1698280,-98961.0234375
15769,TQC,env3,1699040,-98847.578125
15770,TQC,env3,1699552,-98942.375
15771,TQC,env3,1700180,-99010.171875
15772,TQC,env3,1701116,-98908.953125
15773,TQC,env3,1701764,-99063.765625
15774,TQC,env3,1702268,-99168.71875
15775,TQC,env3,1703552,-98425.375
15776,TQC,env3,1703892,-98374.40625
15777,TQC,env3,1704636,-98438.1796875
15778,TQC,env3,1705236,-98389.0234375
15779,TQC,env3,1706040,-98172.6171875
15780,TQC,env3,1706564,-98263.2578125
15781,TQC,env3,1707488,-98120.234375
15782,TQC,env3,1708352,-97821.078125
15783,TQC,env3,1708972,-97821.578125
15784,TQC,env3,1709468,-97757.25
15785,TQC,env3,1710228,-97599.1484375
15786,TQC,env3,1711228,-97526.921875
15787,TQC,env3,1712048,-97797.078125
15788,TQC,env3,1713128,-97613.703125
15789,TQC,env3,1714376,-96215.3984375
15790,TQC,env3,1714772,-96112.0
15791,TQC,env3,1716036,-96174.0
15792,TQC,env3,1716752,-95071.921875
15793,TQC,env3,1718128,-95330.3203125
15794,TQC,env3,1718668,-95478.9453125
15795,TQC,env3,1719380,-95534.34375
15796,TQC,env3,1720672,-95504.3984375
15797,TQC,env3,1721464,-95589.59375
15798,TQC,env3,1721732,-95287.859375
15799,TQC,env3,1722400,-94981.484375
15800,TQC,env3,1723124,-95918.484375
15801,TQC,env3,1723724,-96007.25
15802,TQC,env3,1724048,-96001.453125
15803,TQC,env3,1724784,-96324.1796875
15804,TQC,env3,1725552,-96309.0546875
15805,TQC,env3,1726772,-96107.90625
15806,TQC,env3,1727304,-96120.8046875
15807,TQC,env3,1728812,-96442.7578125
15808,TQC,env3,1729808,-96294.2109375
15809,TQC,env3,1730352,-96009.7578125
15810,TQC,env3,1730932,-96084.8125
15811,TQC,env3,1731428,-95950.2578125
15812,TQC,env3,1732440,-95959.6640625
15813,TQC,env3,1732800,-96148.1328125
15814,TQC,env3,1734572,-97497.2109375
15815,TQC,env3,1735100,-97525.9140625
15816,TQC,env3,1736484,-97413.7890625
15817,TQC,env3,1737284,-97402.09375
15818,TQC,env3,1737568,-97363.6953125
15819,TQC,env3,1738288,-97402.96875
15820,TQC,env3,1739076,-97237.1640625
15821,TQC,env3,1739436,-97383.515625
15822,TQC,env3,1740712,-97422.59375
15823,TQC,env3,1741944,-97792.421875
15824,TQC,env3,1742612,-98047.1015625
15825,TQC,env3,1743160,-98139.921875
15826,TQC,env3,1743868,-98020.1953125
15827,TQC,env3,1744676,-97951.640625
15828,TQC,env3,1745244,-97855.265625
15829,TQC,env3,1746520,-98083.59375
15830,TQC,env3,1747784,-98314.4140625
15831,TQC,env3,1748664,-98330.8203125
15832,TQC,env3,1749516,-98274.265625
15833,TQC,env3,1750252,-98411.015625
15834,TQC,env3,1752340,-98555.5390625
15835,TQC,env3,1753968,-98700.2890625
15836,TQC,env3,1754976,-98965.4140625
15837,TQC,env3,1756884,-99019.9140625
15838,TQC,env3,1757304,-99072.1171875
15839,TQC,env3,1758976,-98094.7890625
15840,TQC,env3,1760920,-98035.1953125
15841,TQC,env3,1761776,-97993.9140625
15842,TQC,env3,1764016,-98034.140625
15843,TQC,env3,1765348,-97984.1953125
15844,TQC,env3,1767828,-97164.2890625
15845,TQC,env3,1769368,-96383.5390625
15846,TQC,env3,1771464,-96393.6953125
15847,TQC,env3,1772848,-96588.84375
15848,TQC,env3,1773820,-96485.890625
15849,TQC,env3,1775840,-96605.6953125
15850,TQC,env3,1777184,-96484.015625
15851,TQC,env3,1779000,-95795.6484375
15852,TQC,env3,1780912,-94076.1015625
15853,TQC,env3,1782652,-93273.171875
15854,TQC,env3,1784632,-93302.875
15855,TQC,env3,1785556,-93322.921875
15856,TQC,env3,1786836,-93427.4765625
15857,TQC,env3,1787852,-93397.796875
15858,TQC,env3,1788792,-93342.5
15859,TQC,env3,1789880,-93599.546875
15860,TQC,env3,1791572,-93606.546875
15861,TQC,env3,1792816,-93495.3828125
15862,TQC,env3,1795124,-93421.6484375
15863,TQC,env3,1796696,-92337.046875
15864,TQC,env3,1797936,-93335.4453125
15865,TQC,env3,1798816,-92577.6484375
15866,TQC,env3,1799760,-92614.1484375
15867,TQC,env3,1801132,-92918.6953125
15868,TQC,env3,1802548,-90641.3984375
15869,TQC,env3,1804008,-91563.09375
15870,TQC,env3,1805724,-92629.4453125
15871,TQC,env3,1807604,-92391.9765625
15872,TQC,env3,1809176,-91853.2890625
15873,TQC,env3,1810852,-91860.4375
15874,TQC,env3,1811708,-91636.2578125
15875,TQC,env3,1813388,-91587.0078125
15876,TQC,env3,1814724,-92369.7578125
15877,TQC,env3,1816756,-94019.703125
15878,TQC,env3,1817604,-95028.5078125
15879,TQC,env3,1820380,-95091.109375
15880,TQC,env3,1821676,-95063.109375
15881,TQC,env3,1822664,-94034.359375
15882,TQC,env3,1823560,-94111.578125
15883,TQC,env3,1825348,-94036.734375
15884,TQC,env3,1827240,-93830.03125
15885,TQC,env3,1828876,-93874.53125
15886,TQC,env3,1830016,-93867.625
15887,TQC,env3,1831356,-93014.65625
15888,TQC,env3,1833904,-92991.2578125
15889,TQC,env3,1836424,-92041.4609375
15890,TQC,env3,1838932,-91973.609375
15891,TQC,env3,1840752,-91009.4453125
15892,TQC,env3,1843572,-91022.640625
15893,TQC,env3,1845472,-92561.9921875
15894,TQC,env3,1847948,-91451.375
15895,TQC,env3,1849244,-91215.7265625
15896,TQC,env3,1850004,-91402.8984375
15897,TQC,env3,1852700,-91862.8359375
15898,TQC,env3,1853900,-91987.3359375
15899,TQC,env3,1856636,-92137.3203125
15900,TQC,env3,1858040,-92129.203125
15901,TQC,env3,1860488,-92361.15625
15902,TQC,env3,1862028,-91450.78125
15903,TQC,env3,1862728,-91316.9765625
15904,TQC,env3,1863956,-91074.125
15905,TQC,env3,1865100,-91155.78125
15906,TQC,env3,1866112,-92025.4296875
15907,TQC,env3,1867564,-90942.8125
15908,TQC,env3,1868852,-91146.3671875
15909,TQC,env3,1869704,-91292.21875
15910,TQC,env3,1872972,-89899.1953125
15911,TQC,env3,1875192,-89963.8671875
15912,TQC,env3,1877144,-89813.8203125
15913,TQC,env3,1877700,-89713.515625
15914,TQC,env3,1878576,-90711.5703125
15915,TQC,env3,1880176,-91524.1484375
15916,TQC,env3,1880816,-92567.3203125
15917,TQC,env3,1882552,-92284.890625
15918,TQC,env3,1884592,-92136.34375
15919,TQC,env3,1885828,-93211.9609375
15920,TQC,env3,1887060,-93066.4453125
15921,TQC,env3,1888600,-92948.8203125
15922,TQC,env3,1889692,-92936.0703125
15923,TQC,env3,1891176,-91693.421875
15924,TQC,env3,1894004,-91506.296875
15925,TQC,env3,1896276,-90563.609375
15926,TQC,env3,1897596,-89395.1171875
15927,TQC,env3,1899928,-90003.46875
15928,TQC,env3,1901596,-89051.9375
15929,TQC,env3,1903524,-89165.09375
15930,TQC,env3,1905616,-88330.390625
15931,TQC,env3,1906536,-88407.7890625
15932,TQC,env3,1908132,-89418.3046875
15933,TQC,env3,1910516,-88249.1015625
15934,TQC,env3,1911768,-87377.953125
15935,TQC,env3,1914536,-85284.71875
15936,TQC,env3,1915568,-85406.1171875
15937,TQC,env3,1916472,-86415.3671875
15938,TQC,env3,1917672,-87367.5703125
15939,TQC,env3,1919080,-87250.71875
15940,TQC,env3,1919980,-87299.75
15941,TQC,env3,1920840,-87049.1484375
15942,TQC,env3,1923552,-87939.828125
15943,TQC,env3,1925220,-88585.5234375
15944,TQC,env3,1926076,-87641.625
15945,TQC,env3,1927664,-87860.96875
15946,TQC,env3,1929056,-87845.140625
15947,TQC,env3,1930188,-86832.640625
15948,TQC,env3,1930964,-87899.4453125
15949,TQC,env3,1933056,-88181.265625
15950,TQC,env3,1934536,-89058.2578125
15951,TQC,env3,1935500,-89856.125
15952,TQC,env3,1937344,-90264.953125
15953,TQC,env3,1938112,-91039.625
15954,TQC,env3,1938736,-90964.328125
15955,TQC,env3,1940484,-91502.6875
15956,TQC,env3,1941304,-91355.9140625
15957,TQC,env3,1942392,-90248.6171875
15958,TQC,env3,1943376,-91259.6171875
15959,TQC,env3,1944660,-91985.25
15960,TQC,env3,1946084,-94165.7578125
15961,TQC,env3,1947664,-93921.4375
15962,TQC,env3,1948464,-93973.5390625
15963,TQC,env3,1949464,-94200.734375
15964,TQC,env3,1949788,-94286.5859375
15965,TQC,env3,1950996,-94432.6171875
15966,TQC,env3,1951620,-94703.8203125
15967,TQC,env3,1952356,-94893.421875
15968,TQC,env3,1953780,-94881.4765625
15969,TQC,env3,1954364,-95745.7265625
15970,TQC,env3,1955280,-95398.4296875
15971,TQC,env3,1955784,-95470.6796875
15972,TQC,env3,1956132,-96329.578125
15973,TQC,env3,1957100,-96326.9765625
15974,TQC,env3,1957476,-96129.828125
15975,TQC,env3,1958516,-96270.5625
15976,TQC,env3,1959236,-96360.984375
15977,TQC,env3,1959800,-96399.734375
15978,TQC,env3,1960488,-96496.140625
15979,TQC,env3,1960752,-96561.3359375
15980,TQC,env3,1961904,-96774.578125
15981,TQC,env3,1963376,-96877.2265625
15982,TQC,env3,1963768,-98051.625
15983,TQC,env3,1964308,-98053.171875
15984,TQC,env3,1964548,-98199.9375
15985,TQC,env3,1964872,-99323.09375
15986,TQC,env3,1965036,-99509.3046875
15987,TQC,env3,1965224,-99429.609375
15988,TQC,env3,1965472,-99380.109375
15989,TQC,env3,1965960,-99351.2109375
15990,TQC,env3,1966604,-99198.90625
15991,TQC,env3,1967668,-99225.5078125
15992,TQC,env3,1968524,-99278.359375
15993,TQC,env3,1968988,-99508.6015625
15994,TQC,env3,1969480,-99498.3515625
15995,TQC,env3,1969700,-99682.25
15996,TQC,env3,1970032,-99677.375
15997,TQC,env3,1970276,-99767.4765625
15998,TQC,env3,1970560,-99816.0234375
15999,TQC,env3,1970992,-99818.828125
16000,TQC,env3,1971568,-99898.328125
16001,TQC,env3,1971848,-100058.2265625
16002,TQC,env3,1973776,-100017.4765625
16003,TQC,env3,1974548,-99929.125
16004,TQC,env3,1975956,-99877.5234375
16005,TQC,env3,1976896,-99864.578125
16006,TQC,env3,1977232,-99738.3671875
16007,TQC,env3,1977976,-99757.8671875
16008,TQC,env3,1978856,-99855.3203125
16009,TQC,env3,1980004,-99809.8203125
16010,TQC,env3,1980228,-99807.1171875
16011,TQC,env3,1980380,-99837.9140625
16012,TQC,env3,1980680,-99848.4140625
16013,TQC,env3,1981180,-99847.1171875
16014,TQC,env3,1982600,-99809.265625
16015,TQC,env3,1983092,-99919.3671875
16016,TQC,env3,1983852,-99708.7265625
16017,TQC,env3,1984308,-99714.53125
16018,TQC,env3,1984800,-99687.03125
16019,TQC,env3,1985368,-99716.53125
16020,TQC,env3,1985872,-99814.5078125
16021,TQC,env3,1986584,-99806.53125
16022,TQC,env3,1986812,-99607.859375
16023,TQC,env3,1987080,-99500.390625
16024,TQC,env3,1987488,-99569.4375
16025,TQC,env3,1988132,-99421.9921875
16026,TQC,env3,1989584,-99123.3671875
16027,TQC,env3,1991172,-98017.1640625
16028,TQC,env3,1991820,-97932.671875
16029,TQC,env3,1992444,-98008.171875
16030,TQC,env3,1993224,-98098.125
16031,TQC,env3,1994472,-98152.90625
16032,TQC,env3,1995136,-97926.78125
16033,TQC,env3,1995592,-97902.78125
16034,TQC,env3,1996268,-97881.4609375
16035,TQC,env3,1996580,-97847.90625
16036,TQC,env3,1997216,-97833.40625
16037,TQC,env3,1997900,-97754.359375
16038,TQC,env3,1999024,-97647.234375
16039,TQC,env3,1999856,-97702.6796875
16040,TQC,env4,272,-98118.125
16041,TQC,env4,648,-99342.8125
16042,TQC,env4,1316,-98291.4609375
16043,TQC,env4,1540,-98361.71875
16044,TQC,env4,2124,-98836.375
16045,TQC,env4,2720,-97929.0078125
16046,TQC,env4,2976,-98014.8671875
16047,TQC,env4,3412,-98038.359375
16048,TQC,env4,3800,-98063.3359375
16049,TQC,env4,4136,-98072.6875
16050,TQC,env4,4908,-97943.71875
16051,TQC,env4,5208,-97980.3125
16052,TQC,env4,5564,-98183.3671875
16053,TQC,env4,5948,-98021.984375
16054,TQC,env4,6316,-98065.25
16055,TQC,env4,6756,-98222.890625
16056,TQC,env4,7144,-98240.015625
16057,TQC,env4,7520,-98398.765625
16058,TQC,env4,8072,-98535.015625
16059,TQC,env4,8452,-98672.890625
16060,TQC,env4,8800,-98777.2734375
16061,TQC,env4,9144,-98863.9921875
16062,TQC,env4,9548,-98848.3671875
16063,TQC,env4,9964,-98945.5234375
16064,TQC,env4,10208,-98914.7265625
16065,TQC,env4,10544,-98919.515625
16066,TQC,env4,10948,-98931.2109375
16067,TQC,env4,11272,-99129.9609375
16068,TQC,env4,11760,-99212.359375
16069,TQC,env4,12272,-99128.7890625
16070,TQC,env4,12548,-99245.328125
16071,TQC,env4,12924,-99341.421875
16072,TQC,env4,13428,-99345.7265625
16073,TQC,env4,13828,-99259.0
16074,TQC,env4,14172,-99367.7265625
16075,TQC,env4,14664,-99440.9765625
16076,TQC,env4,14956,-99438.4375
16077,TQC,env4,15492,-99445.5390625
16078,TQC,env4,15960,-99663.2734375
16079,TQC,env4,16536,-99759.640625
16080,TQC,env4,16968,-99680.265625
16081,TQC,env4,17264,-99684.5
16082,TQC,env4,17944,-99683.3984375
16083,TQC,env4,18736,-99507.421875
16084,TQC,env4,19176,-99417.3671875
16085,TQC,env4,19928,-99430.0703125
16086,TQC,env4,20408,-99473.3671875
16087,TQC,env4,20960,-99595.3828125
16088,TQC,env4,21284,-99581.8828125
16089,TQC,env4,21580,-99693.5546875
16090,TQC,env4,22304,-99817.9453125
16091,TQC,env4,22968,-99742.390625
16092,TQC,env4,23816,-99549.3046875
16093,TQC,env4,24612,-99597.40625
16094,TQC,env4,25072,-99426.421875
16095,TQC,env4,25936,-99623.890625
16096,TQC,env4,26736,-99678.296875
16097,TQC,env4,27580,-99839.1796875
16098,TQC,env4,28132,-100055.984375
16099,TQC,env4,29092,-100091.6796875
16100,TQC,env4,29552,-100238.8671875
16101,TQC,env4,30208,-100250.71875
16102,TQC,env4,30840,-100061.046875
16103,TQC,env4,31644,-100061.8515625
16104,TQC,env4,32240,-99899.0859375
16105,TQC,env4,32768,-100015.4609375
16106,TQC,env4,33608,-100129.4609375
16107,TQC,env4,34160,-100146.1640625
16108,TQC,env4,34616,-100340.0390625
16109,TQC,env4,35168,-100434.890625
16110,TQC,env4,35920,-100443.6953125
16111,TQC,env4,36360,-100344.9921875
16112,TQC,env4,36956,-100231.2890625
16113,TQC,env4,37596,-100259.59375
16114,TQC,env4,38124,-100177.1953125
16115,TQC,env4,38912,-100183.09375
16116,TQC,env4,39468,-100279.84375
16117,TQC,env4,40232,-100497.6328125
16118,TQC,env4,40488,-100381.53125
16119,TQC,env4,41308,-100666.09375
16120,TQC,env4,41860,-100577.8671875
16121,TQC,env4,42400,-100545.8671875
16122,TQC,env4,42708,-100382.1796875
16123,TQC,env4,43364,-100376.9765625
16124,TQC,env4,44040,-100266.7578125
16125,TQC,env4,44408,-100240.453125
16126,TQC,env4,44940,-100335.2265625
16127,TQC,env4,46156,-100580.5
16128,TQC,env4,46900,-100415.546875
16129,TQC,env4,47572,-100601.8125
16130,TQC,env4,48132,-100595.8125
16131,TQC,env4,49152,-100520.8515625
16132,TQC,env4,49864,-100435.0
16133,TQC,env4,50716,-100336.6015625
16134,TQC,env4,51388,-100154.0
16135,TQC,env4,52252,-100195.1015625
16136,TQC,env4,52908,-100307.5
16137,TQC,env4,53756,-100013.1328125
16138,TQC,env4,54232,-99778.859375
16139,TQC,env4,55508,-99786.984375
16140,TQC,env4,56604,-99716.0859375
16141,TQC,env4,57388,-99476.8359375
16142,TQC,env4,58760,-99385.28125
16143,TQC,env4,59740,-99580.5859375
16144,TQC,env4,60316,-99585.484375
16145,TQC,env4,61700,-99322.984375
16146,TQC,env4,62684,-99370.578125
16147,TQC,env4,63992,-99571.5703125
16148,TQC,env4,65308,-99388.3671875
16149,TQC,env4,65868,-99446.796875
16150,TQC,env4,67388,-99266.453125
16151,TQC,env4,68664,-99192.359375
16152,TQC,env4,69496,-99181.2578125
16153,TQC,env4,70820,-99361.203125
16154,TQC,env4,72440,-99230.4453125
16155,TQC,env4,73744,-98045.75
16156,TQC,env4,75436,-97962.0703125
16157,TQC,env4,77380,-97841.671875
16158,TQC,env4,78552,-96830.0859375
16159,TQC,env4,79864,-97073.8828125
16160,TQC,env4,81260,-97097.6875
16161,TQC,env4,84096,-96818.0546875
16162,TQC,env4,84960,-96341.5234375
16163,TQC,env4,85656,-96369.75
16164,TQC,env4,87832,-96397.3359375
16165,TQC,env4,88828,-95566.0390625
16166,TQC,env4,91532,-95838.109375
16167,TQC,env4,92588,-94096.0625
16168,TQC,env4,94368,-93973.3125
16169,TQC,env4,98104,-91960.7421875
16170,TQC,env4,100448,-92441.671875
16171,TQC,env4,103528,-90678.3671875
16172,TQC,env4,106032,-89779.671875
16173,TQC,env4,109236,-89031.8671875
16174,TQC,env4,112248,-88255.46875
16175,TQC,env4,115600,-86546.9296875
16176,TQC,env4,117400,-83909.4296875
16177,TQC,env4,120520,-82116.8359375
16178,TQC,env4,124396,-79172.96875
16179,TQC,env4,127852,-78438.8359375
16180,TQC,env4,130612,-77711.828125
16181,TQC,env4,133032,-76121.1640625
16182,TQC,env4,136080,-75451.328125
16183,TQC,env4,137680,-75696.9140625
16184,TQC,env4,138760,-75509.6640625
16185,TQC,env4,140620,-75427.8515625
16186,TQC,env4,143784,-75813.0859375
16187,TQC,env4,145112,-76829.4296875
16188,TQC,env4,147820,-77096.0859375
16189,TQC,env4,150716,-75315.0703125
16190,TQC,env4,152696,-74291.0234375
16191,TQC,env4,155952,-73435.296875
16192,TQC,env4,157328,-74458.6953125
16193,TQC,env4,160696,-73591.6484375
16194,TQC,env4,163592,-75580.546875
16195,TQC,env4,164712,-73297.1015625
16196,TQC,env4,167708,-74150.40625
16197,TQC,env4,171416,-73895.1484375
16198,TQC,env4,172512,-73765.8359375
16199,TQC,env4,173444,-74620.140625
16200,TQC,env4,174276,-76510.3125
16201,TQC,env4,175504,-80172.1171875
16202,TQC,env4,175968,-81042.3125
16203,TQC,env4,176860,-83046.9765625
16204,TQC,env4,178468,-83917.578125
16205,TQC,env4,179372,-85822.9765625
16206,TQC,env4,180340,-85740.9765625
16207,TQC,env4,181088,-86629.765625
16208,TQC,env4,182384,-87447.8671875
16209,TQC,env4,183244,-87633.7109375
16210,TQC,env4,186076,-87533.4765625
16211,TQC,env4,189244,-85345.1875
16212,TQC,env4,192024,-84175.4296875
16213,TQC,env4,194076,-84301.7265625
16214,TQC,env4,198076,-82321.6015625
16215,TQC,env4,201620,-83525.1484375
16216,TQC,env4,204620,-83556.5546875
16217,TQC,env4,207996,-83539.5546875
16218,TQC,env4,211104,-82504.4921875
16219,TQC,env4,215104,-80644.2890625
16220,TQC,env4,216572,-80065.6328125
16221,TQC,env4,220284,-80230.734375
16222,TQC,env4,222888,-81345.234375
16223,TQC,env4,225236,-81593.75
16224,TQC,env4,226936,-80710.75
16225,TQC,env4,230896,-78865.328125
16226,TQC,env4,234264,-76888.7890625
16227,TQC,env4,235844,-76065.890625
16228,TQC,env4,239416,-74876.421875
16229,TQC,env4,243248,-72735.15625
16230,TQC,env4,246960,-70037.65625
16231,TQC,env4,247996,-69897.5703125
16232,TQC,env4,250104,-69018.96875
16233,TQC,env4,252832,-68247.7734375
16234,TQC,env4,254300,-67239.546875
16235,TQC,env4,256324,-67447.796875
16236,TQC,env4,258348,-68674.28125
16237,TQC,env4,259820,-69675.28125
16238,TQC,env4,262680,-69497.53125
16239,TQC,env4,263820,-72373.6484375
16240,TQC,env4,265948,-73076.59375
16241,TQC,env4,267800,-73860.2734375
16242,TQC,env4,270384,-73628.9453125
16243,TQC,env4,273180,-73543.546875
16244,TQC,env4,276172,-73436.5703125
16245,TQC,env4,277756,-75293.96875
16246,TQC,env4,281172,-74223.7734375
16247,TQC,env4,283396,-72436.0234375
16248,TQC,env4,286640,-71330.921875
16249,TQC,env4,290604,-69446.71875
16250,TQC,env4,292356,-69360.2421875
16251,TQC,env4,294428,-70318.609375
16252,TQC,env4,295644,-70229.2109375
16253,TQC,env4,296880,-72196.515625
16254,TQC,env4,298304,-74353.2734375
16255,TQC,env4,300316,-76093.9765625
16256,TQC,env4,303452,-76968.5234375
16257,TQC,env4,305564,-76047.5234375
16258,TQC,env4,307780,-75769.609375
16259,TQC,env4,309876,-75654.703125
16260,TQC,env4,311908,-74555.765625
16261,TQC,env4,314424,-74292.671875
16262,TQC,env4,316024,-74366.0
16263,TQC,env4,318720,-74196.3203125
16264,TQC,env4,320512,-73381.234375
16265,TQC,env4,324512,-72462.5078125
16266,TQC,env4,326640,-71595.546875
16267,TQC,env4,328832,-72663.046875
16268,TQC,env4,330276,-73786.4140625
16269,TQC,env4,332164,-74705.6484375
16270,TQC,env4,333212,-75436.5078125
16271,TQC,env4,334548,-77153.796875
16272,TQC,env4,335716,-78958.8984375
16273,TQC,env4,337976,-80757.984375
16274,TQC,env4,339048,-82400.6875
16275,TQC,env4,341256,-83316.359375
16276,TQC,env4,343628,-84397.8359375
16277,TQC,env4,344840,-84257.421875
16278,TQC,env4,346092,-84340.1640625
16279,TQC,env4,346648,-84334.265625
16280,TQC,env4,348040,-85304.9609375
16281,TQC,env4,348916,-86334.1484375
16282,TQC,env4,349336,-88070.3515625
16283,TQC,env4,350352,-89182.0625
16284,TQC,env4,352684,-90180.7109375
16285,TQC,env4,353888,-90258.3125
16286,TQC,env4,355424,-91400.0
16287,TQC,env4,356336,-91389.4921875
16288,TQC,env4,357308,-91524.9921875
16289,TQC,env4,358512,-93300.2890625
16290,TQC,env4,360860,-93305.3046875
16291,TQC,env4,362512,-93195.5546875
16292,TQC,env4,363812,-92260.6796875
16293,TQC,env4,367812,-90335.1796875
16294,TQC,env4,370412,-90592.078125
16295,TQC,env4,373924,-88918.578125
16296,TQC,env4,377244,-87067.2890625
16297,TQC,env4,377848,-87014.5
16298,TQC,env4,378656,-87195.2109375
16299,TQC,env4,382276,-88408.3125
16300,TQC,env4,382704,-87599.8359375
16301,TQC,env4,383916,-87559.9375
16302,TQC,env4,384464,-88562.546875
16303,TQC,env4,384928,-88585.671875
16304,TQC,env4,386908,-88639.7734375
16305,TQC,env4,387532,-87753.671875
16306,TQC,env4,387752,-87781.125
16307,TQC,env4,388064,-87786.421875
16308,TQC,env4,388416,-87728.7265625
16309,TQC,env4,388824,-87832.015625
16310,TQC,env4,389140,-88754.6484375
16311,TQC,env4,389372,-88682.6484375
16312,TQC,env4,389608,-88617.046875
16313,TQC,env4,390640,-88651.4765625
16314,TQC,env4,391668,-88569.890625
16315,TQC,env4,394448,-88487.7890625
16316,TQC,env4,395272,-89391.984375
16317,TQC,env4,396152,-90362.7890625
16318,TQC,env4,399280,-92090.375
16319,TQC,env4,400572,-90963.9375
16320,TQC,env4,401372,-92767.375
16321,TQC,env4,402516,-93737.4765625
16322,TQC,env4,404828,-92689.390625
16323,TQC,env4,405380,-91436.28125
16324,TQC,env4,406516,-91371.78125
16325,TQC,env4,408560,-93290.28125
16326,TQC,env4,411008,-93286.3671875
16327,TQC,env4,411704,-93400.6640625
16328,TQC,env4,412276,-93421.8671875
16329,TQC,env4,413152,-92418.765625
16330,TQC,env4,415136,-93311.765625
16331,TQC,env4,416044,-92453.265625
16332,TQC,env4,416836,-92573.6640625
16333,TQC,env4,417512,-92639.1640625
16334,TQC,env4,418976,-92666.46875
16335,TQC,env4,420428,-92719.8671875
16336,TQC,env4,421260,-92749.8671875
16337,TQC,env4,422148,-92740.1015625
16338,TQC,env4,423000,-92719.6015625
16339,TQC,env4,423600,-92481.1875
16340,TQC,env4,424404,-93286.2890625
16341,TQC,env4,425236,-93258.375
16342,TQC,env4,426660,-93313.2734375
16343,TQC,env4,427092,-95411.2265625
16344,TQC,env4,428124,-96205.9765625
16345,TQC,env4,429128,-96259.578125
16346,TQC,env4,431804,-96079.8125
16347,TQC,env4,433316,-96255.0859375
16348,TQC,env4,434320,-96366.7734375
16349,TQC,env4,435100,-96377.875
16350,TQC,env4,436528,-96313.9765625
16351,TQC,env4,437456,-96296.0859375
16352,TQC,env4,438768,-95192.5859375
16353,TQC,env4,440344,-95207.8359375
16354,TQC,env4,443968,-96182.1328125
16355,TQC,env4,446388,-94153.640625
16356,TQC,env4,449596,-91932.828125
16357,TQC,env4,451212,-92003.125
16358,TQC,env4,452784,-92072.7265625
16359,TQC,env4,454072,-92057.4296875
16360,TQC,env4,455000,-91982.265625
16361,TQC,env4,457740,-92105.3671875
16362,TQC,env4,460148,-92322.9296875
16363,TQC,env4,461672,-92491.625
16364,TQC,env4,464400,-93019.1328125
16365,TQC,env4,465284,-93224.59375
16366,TQC,env4,466312,-92214.6953125
16367,TQC,env4,468408,-91705.5390625
16368,TQC,env4,468972,-91703.84375
16369,TQC,env4,471420,-91830.6953125
16370,TQC,env4,471848,-91782.9921875
16371,TQC,env4,472304,-92942.3515625
16372,TQC,env4,474016,-93819.5546875
16373,TQC,env4,474432,-95006.8828125
16374,TQC,env4,474760,-94906.1796875
16375,TQC,env4,475852,-94905.578125
16376,TQC,env4,476904,-94883.4765625
16377,TQC,env4,477624,-95831.0078125
16378,TQC,env4,478776,-95619.328125
16379,TQC,env4,479360,-94681.4296875
16380,TQC,env4,480076,-96599.0390625
16381,TQC,env4,481356,-99633.5
16382,TQC,env4,482156,-99443.2734375
16383,TQC,env4,483336,-99343.0
16384,TQC,env4,485216,-99278.703125
16385,TQC,env4,487216,-98499.5625
16386,TQC,env4,487972,-98382.9609375
16387,TQC,env4,490556,-97257.8984375
16388,TQC,env4,490876,-97065.796875
16389,TQC,env4,491160,-96803.5
16390,TQC,env4,491880,-96865.6015625
16391,TQC,env4,492288,-97958.453125
16392,TQC,env4,492664,-98322.1015625
16393,TQC,env4,492852,-98328.6015625
16394,TQC,env4,493216,-97362.796875
16395,TQC,env4,495436,-97439.6015625
16396,TQC,env4,495924,-97420.3984375
16397,TQC,env4,496792,-97412.0
16398,TQC,env4,498196,-96398.3984375
16399,TQC,env4,499112,-96460.8984375
16400,TQC,env4,500312,-95528.203125
16401,TQC,env4,500784,-95429.265625
16402,TQC,env4,501436,-95288.0234375
16403,TQC,env4,502424,-95416.6484375
16404,TQC,env4,503576,-96235.453125
16405,TQC,env4,504960,-96200.3828125
16406,TQC,env4,507364,-96123.6640625
16407,TQC,env4,509544,-94446.2890625
16408,TQC,env4,510976,-94526.8671875
16409,TQC,env4,512692,-94573.265625
16410,TQC,env4,516192,-94572.5703125
16411,TQC,env4,517940,-94479.6171875
16412,TQC,env4,519464,-95421.65625
16413,TQC,env4,520788,-95550.953125
16414,TQC,env4,522760,-95670.0546875
16415,TQC,env4,524268,-94444.2890625
16416,TQC,env4,526004,-94601.890625
16417,TQC,env4,527168,-94683.890625
16418,TQC,env4,527552,-94730.1953125
16419,TQC,env4,528136,-95666.7890625
16420,TQC,env4,528664,-95616.1953125
16421,TQC,env4,530236,-95584.4140625
16422,TQC,env4,531424,-95641.9140625
16423,TQC,env4,532520,-96531.3203125
16424,TQC,env4,533924,-96420.7421875
16425,TQC,env4,534852,-96412.140625
16426,TQC,env4,535336,-96512.28125
16427,TQC,env4,535740,-95614.5078125
16428,TQC,env4,536212,-95683.8046875
16429,TQC,env4,537208,-95760.6015625
16430,TQC,env4,538152,-95797.453125
16431,TQC,env4,538772,-95910.9375
16432,TQC,env4,539580,-97562.2734375
16433,TQC,env4,540388,-97431.0234375
16434,TQC,env4,541424,-97317.0234375
16435,TQC,env4,542204,-98222.921875
16436,TQC,env4,543004,-98286.375
16437,TQC,env4,543824,-98307.5
16438,TQC,env4,545296,-97302.1015625
16439,TQC,env4,547292,-97327.8984375
16440,TQC,env4,548776,-98631.765625
16441,TQC,env4,549020,-98393.078125
16442,TQC,env4,550372,-98335.578125
16443,TQC,env4,552040,-98237.0
16444,TQC,env4,552856,-98071.609375
16445,TQC,env4,553568,-97129.2109375
16446,TQC,env4,554276,-97104.390625
16447,TQC,env4,555060,-96963.515625
16448,TQC,env4,556544,-96891.6484375
16449,TQC,env4,557780,-95766.9140625
16450,TQC,env4,558848,-96736.9140625
16451,TQC,env4,561140,-96839.9140625
16452,TQC,env4,563016,-97054.1015625
16453,TQC,env4,563496,-96033.0546875
16454,TQC,env4,564648,-96030.3515625
16455,TQC,env4,565300,-96134.8671875
16456,TQC,env4,567096,-96266.84375
16457,TQC,env4,568920,-96398.1015625
16458,TQC,env4,570440,-96610.7578125
16459,TQC,env4,571784,-95806.0546875
16460,TQC,env4,573248,-95741.0546875
16461,TQC,env4,573744,-95767.7578125
16462,TQC,env4,574236,-95651.28125
16463,TQC,env4,575196,-95394.59375
16464,TQC,env4,576208,-95327.6953125
16465,TQC,env4,578024,-95140.90625
16466,TQC,env4,580576,-93318.7265625
16467,TQC,env4,582052,-92464.6328125
16468,TQC,env4,583728,-92624.203125
16469,TQC,env4,585944,-92753.78125
16470,TQC,env4,589696,-91922.6796875
16471,TQC,env4,590764,-92112.1796875
16472,TQC,env4,594396,-92192.8515625
16473,TQC,env4,594936,-90348.078125
16474,TQC,env4,596652,-91578.1875
16475,TQC,env4,596960,-91477.390625
16476,TQC,env4,597268,-91317.6015625
16477,TQC,env4,597448,-92171.703125
16478,TQC,env4,598964,-93099.453125
16479,TQC,env4,599388,-93099.75
16480,TQC,env4,600072,-93015.234375
16481,TQC,env4,601180,-92727.140625
16482,TQC,env4,602456,-92398.8515625
16483,TQC,env4,604140,-92275.3203125
16484,TQC,env4,605180,-91924.375
16485,TQC,env4,606784,-91942.875
16486,TQC,env4,608288,-90853.4296875
16487,TQC,env4,609664,-90950.5390625
16488,TQC,env4,611936,-91028.6640625
16489,TQC,env4,612996,-91120.2578125
16490,TQC,env4,615220,-91027.2578125
16491,TQC,env4,616556,-92913.2890625
16492,TQC,env4,617720,-92895.2890625
16493,TQC,env4,620556,-91525.0859375
16494,TQC,env4,621240,-90381.921875
16495,TQC,env4,622664,-92081.3828125
16496,TQC,env4,623740,-91820.484375
16497,TQC,env4,624768,-91810.734375
16498,TQC,env4,626180,-93677.6328125
16499,TQC,env4,628012,-93447.4296875
16500,TQC,env4,628704,-93538.4296875
16501,TQC,env4,631036,-93395.3046875
16502,TQC,env4,632372,-93368.8203125
16503,TQC,env4,632836,-92359.328125
16504,TQC,env4,634952,-92049.234375
16505,TQC,env4,637236,-89734.3671875
16506,TQC,env4,639548,-88768.7890625
16507,TQC,env4,641528,-87626.6640625
16508,TQC,env4,643224,-86511.15625
16509,TQC,env4,645288,-87709.0234375
16510,TQC,env4,647224,-86706.046875
16511,TQC,env4,649296,-87906.1953125
16512,TQC,env4,652980,-87211.1640625
16513,TQC,env4,655008,-87423.625
16514,TQC,env4,656724,-86355.5
16515,TQC,env4,658128,-86484.9375
16516,TQC,env4,660248,-86470.125
16517,TQC,env4,661472,-86235.0859375
16518,TQC,env4,662536,-86493.515625
16519,TQC,env4,664484,-87288.0390625
16520,TQC,env4,665884,-87300.3125
16521,TQC,env4,666836,-86372.7734375
16522,TQC,env4,667844,-86453.328125
16523,TQC,env4,668572,-86513.0625
16524,TQC,env4,670504,-86703.8671875
16525,TQC,env4,671320,-86628.6953125
16526,TQC,env4,673848,-86924.5078125
16527,TQC,env4,675700,-85728.4921875
16528,TQC,env4,676076,-86802.5859375
16529,TQC,env4,677904,-86060.6328125
16530,TQC,env4,680020,-88340.390625
16531,TQC,env4,681228,-89504.59375
16532,TQC,env4,683996,-90976.109375
16533,TQC,env4,684876,-90077.3671875
16534,TQC,env4,686512,-89817.0234375
16535,TQC,env4,687876,-90736.3203125
16536,TQC,env4,688704,-90529.4453125
16537,TQC,env4,691388,-91160.3203125
16538,TQC,env4,692032,-89844.2734375
16539,TQC,env4,694772,-89568.6640625
16540,TQC,env4,695952,-88481.2109375
16541,TQC,env4,696704,-87434.75
16542,TQC,env4,697040,-88556.484375
16543,TQC,env4,697392,-89564.859375
16544,TQC,env4,697772,-89938.2109375
16545,TQC,env4,698156,-89951.875
16546,TQC,env4,698584,-90890.4609375
16547,TQC,env4,698760,-90788.859375
16548,TQC,env4,698936,-90760.9609375
16549,TQC,env4,699184,-90733.0625
16550,TQC,env4,699440,-90721.5390625
16551,TQC,env4,699640,-90605.734375
16552,TQC,env4,699844,-91825.4375
16553,TQC,env4,700076,-91838.5390625
16554,TQC,env4,700252,-92848.1875
16555,TQC,env4,700532,-92880.203125
16556,TQC,env4,700724,-92893.578125
16557,TQC,env4,701152,-92794.8828125
16558,TQC,env4,701396,-94832.5546875
16559,TQC,env4,701596,-95031.9765625
16560,TQC,env4,703564,-95070.5546875
16561,TQC,env4,705744,-93778.265625
16562,TQC,env4,707564,-92870.890625
16563,TQC,env4,709956,-94969.09375
16564,TQC,env4,711308,-96304.625
16565,TQC,env4,714652,-96123.8671875
16566,TQC,env4,715296,-96382.4765625
16567,TQC,env4,716472,-96289.8828125
16568,TQC,env4,719296,-94911.828125
16569,TQC,env4,721096,-92893.5546875
16570,TQC,env4,722712,-92684.8671875
16571,TQC,env4,723988,-91505.3046875
16572,TQC,env4,727256,-90380.703125
16573,TQC,env4,729564,-88036.765625
16574,TQC,env4,732808,-85736.0625
16575,TQC,env4,736708,-82860.1484375
16576,TQC,env4,739236,-79852.046875
16577,TQC,env4,741952,-78692.8125
16578,TQC,env4,743724,-77926.90625
16579,TQC,env4,744992,-77812.5625
16580,TQC,env4,745816,-77807.0078125
16581,TQC,env4,746896,-77767.7578125
16582,TQC,env4,748424,-77668.859375
16583,TQC,env4,749432,-77712.4609375
16584,TQC,env4,750872,-77772.859375
16585,TQC,env4,753192,-75581.796875
16586,TQC,env4,754484,-76889.109375
16587,TQC,env4,756052,-77783.7578125
16588,TQC,env4,757020,-77877.609375
16589,TQC,env4,757596,-76646.2109375
16590,TQC,env4,758620,-77820.9296875
16591,TQC,env4,760040,-78592.3125
16592,TQC,env4,760336,-78656.3125
16593,TQC,env4,761272,-80048.765625
16594,TQC,env4,762364,-82105.4375
16595,TQC,env4,764436,-82211.3359375
16596,TQC,env4,766364,-82268.8125
16597,TQC,env4,767688,-83295.390625
16598,TQC,env4,769648,-84430.9453125
16599,TQC,env4,771344,-86532.4453125
16600,TQC,env4,773340,-89230.2578125
16601,TQC,env4,776036,-89192.015625
16602,TQC,env4,777468,-90323.5703125
16603,TQC,env4,778384,-91084.71875
16604,TQC,env4,779208,-91296.671875
16605,TQC,env4,781336,-91185.5703125
16606,TQC,env4,783384,-89916.7890625
16607,TQC,env4,785632,-87813.65625
16608,TQC,env4,788188,-86372.375
16609,TQC,env4,791408,-85264.421875
16610,TQC,env4,793612,-86248.671875
16611,TQC,env4,795408,-85147.6484375
16612,TQC,env4,797372,-85064.2734375
16613,TQC,env4,797920,-84133.2734375
16614,TQC,env4,798664,-85048.4765625
16615,TQC,env4,799500,-85178.0078125
16616,TQC,env4,799844,-85235.0234375
16617,TQC,env4,800324,-85243.828125
16618,TQC,env4,801040,-85217.4296875
16619,TQC,env4,801344,-85187.0234375
16620,TQC,env4,801928,-85312.9140625
16621,TQC,env4,803092,-86586.8515625
16622,TQC,env4,804620,-86576.3984375
16623,TQC,env4,807308,-86540.2734375
16624,TQC,env4,808628,-85497.6484375
16625,TQC,env4,810588,-84618.625
16626,TQC,env4,811184,-87700.5625
16627,TQC,env4,811616,-87731.5546875
16628,TQC,env4,812240,-86662.328125
16629,TQC,env4,812664,-86478.0
16630,TQC,env4,813488,-85598.71875
16631,TQC,env4,813948,-86970.28125
16632,TQC,env4,814340,-89077.4765625
16633,TQC,env4,814768,-90474.5625
16634,TQC,env4,815192,-91522.7109375
16635,TQC,env4,815620,-92688.421875
16636,TQC,env4,815840,-93742.625
16637,TQC,env4,816140,-93895.046875
16638,TQC,env4,818628,-93805.171875
16639,TQC,env4,819564,-94112.7734375
16640,TQC,env4,821540,-92970.734375
16641,TQC,env4,822888,-92936.7421875
16642,TQC,env4,824136,-92665.3828125
16643,TQC,env4,825348,-91541.4609375
16644,TQC,env4,826320,-91249.6484375
16645,TQC,env4,829604,-89234.9140625
16646,TQC,env4,830232,-89158.5078125
16647,TQC,env4,831684,-88283.2890625
16648,TQC,env4,834148,-88566.328125
16649,TQC,env4,835496,-89912.9609375
16650,TQC,env4,836216,-90894.75
16651,TQC,env4,836804,-90914.453125
16652,TQC,env4,839384,-90991.8515625
16653,TQC,env4,841332,-91216.390625
16654,TQC,env4,843636,-91110.5078125
16655,TQC,env4,844788,-90999.5078125
16656,TQC,env4,845248,-90864.0625
16657,TQC,env4,846508,-90887.4609375
16658,TQC,env4,847424,-90736.515625
16659,TQC,env4,848084,-90587.5859375
16660,TQC,env4,849880,-90443.46875
16661,TQC,env4,850756,-90631.84375
16662,TQC,env4,851512,-90484.84375
16663,TQC,env4,853208,-91440.6796875
16664,TQC,env4,854344,-90089.21875
16665,TQC,env4,856004,-91150.9296875
16666,TQC,env4,858276,-90202.6171875
16667,TQC,env4,859072,-89301.65625
16668,TQC,env4,859684,-90503.28125
16669,TQC,env4,861948,-90616.90625
16670,TQC,env4,863620,-90536.015625
16671,TQC,env4,865444,-89466.9140625
16672,TQC,env4,866676,-90428.2421875
16673,TQC,env4,868388,-91358.4375
16674,TQC,env4,869528,-90228.390625
16675,TQC,env4,870308,-90305.625
16676,TQC,env4,871008,-89294.4765625
16677,TQC,env4,871244,-89179.578125
16678,TQC,env4,871752,-90111.4140625
16679,TQC,env4,872788,-90356.9140625
16680,TQC,env4,875244,-90473.0078125
16681,TQC,env4,876752,-88522.8203125
16682,TQC,env4,879808,-87567.84375
16683,TQC,env4,881460,-87678.6171875
16684,TQC,env4,883816,-87824.453125
16685,TQC,env4,885628,-86053.8828125
16686,TQC,env4,887584,-85717.71875
16687,TQC,env4,889480,-85066.71875
16688,TQC,env4,891584,-84261.453125
16689,TQC,env4,892504,-85447.59375
16690,TQC,env4,893472,-85532.8203125
16691,TQC,env4,895324,-86668.8203125
16692,TQC,env4,897024,-87927.2421875
16693,TQC,env4,897784,-86976.546875
16694,TQC,env4,899256,-87097.5859375
16695,TQC,env4,900180,-89240.3046875
16696,TQC,env4,901980,-90279.3359375
16697,TQC,env4,903144,-90465.90625
16698,TQC,env4,905808,-90462.9453125
16699,TQC,env4,907824,-90422.5234375
16700,TQC,env4,910344,-89096.8359375
16701,TQC,env4,911652,-89914.2734375
16702,TQC,env4,912316,-89535.8984375
16703,TQC,env4,916316,-84984.9921875
16704,TQC,env4,918768,-84586.421875
16705,TQC,env4,920436,-84568.8046875
16706,TQC,env4,921436,-86717.9453125
16707,TQC,env4,922540,-86623.546875
16708,TQC,env4,923092,-86709.203125
16709,TQC,env4,923328,-86734.8046875
16710,TQC,env4,923624,-88643.796875
16711,TQC,env4,923864,-88868.2578125
16712,TQC,env4,924048,-89658.9609375
16713,TQC,env4,924308,-90480.4609375
16714,TQC,env4,924540,-90521.984375
16715,TQC,env4,924700,-90449.6875
16716,TQC,env4,924808,-90277.484375
16717,TQC,env4,924904,-90156.484375
16718,TQC,env4,925036,-91007.3828125
16719,TQC,env4,925172,-91035.5390625
16720,TQC,env4,925308,-90956.3359375
16721,TQC,env4,925436,-90951.4140625
16722,TQC,env4,925572,-90781.609375
16723,TQC,env4,925708,-90807.3359375
16724,TQC,env4,925832,-91864.3125
16725,TQC,env4,925968,-93165.296875
16726,TQC,env4,926088,-93308.0078125
16727,TQC,env4,926216,-93642.6875
16728,TQC,env4,926352,-98173.6875
16729,TQC,env4,926524,-98514.5625
16730,TQC,env4,926684,-99515.625
16731,TQC,env4,926860,-99442.0234375
16732,TQC,env4,927044,-100461.203125
16733,TQC,env4,927168,-100421.8984375
16734,TQC,env4,927288,-100392.203125
16735,TQC,env4,927424,-100392.1015625
16736,TQC,env4,927584,-100370.5
16737,TQC,env4,927708,-100370.5
16738,TQC,env4,927888,-100374.0
16739,TQC,env4,928028,-100346.6015625
16740,TQC,env4,928320,-100353.8984375
16741,TQC,env4,928484,-100352.703125
16742,TQC,env4,928656,-100359.0
16743,TQC,env4,928768,-100361.796875
16744,TQC,env4,928892,-100362.203125
16745,TQC,env4,929660,-100405.703125
16746,TQC,env4,930508,-100452.6015625
16747,TQC,env4,930956,-100456.6015625
16748,TQC,env4,931176,-100501.0
16749,TQC,env4,931576,-100551.203125
16750,TQC,env4,931916,-100554.796875
16751,TQC,env4,932128,-100572.0
16752,TQC,env4,932752,-100579.296875
16753,TQC,env4,933528,-100672.296875
16754,TQC,env4,934392,-100594.7734375
16755,TQC,env4,934928,-100454.421875
16756,TQC,env4,936140,-100521.7265625
16757,TQC,env4,937052,-100641.625
16758,TQC,env4,940540,-98515.5078125
16759,TQC,env4,941468,-98569.1015625
16760,TQC,env4,942828,-98482.21875
16761,TQC,env4,943788,-98572.3203125
16762,TQC,env4,946472,-98545.7890625
16763,TQC,env4,947348,-96413.46875
16764,TQC,env4,949216,-95590.46875
16765,TQC,env4,950652,-95236.890625
16766,TQC,env4,952968,-94184.984375
16767,TQC,env4,954032,-93112.8046875
16768,TQC,env4,955108,-93099.671875
16769,TQC,env4,955712,-93159.46875
16770,TQC,env4,956348,-92941.109375
16771,TQC,env4,957020,-92933.703125
16772,TQC,env4,957456,-92947.109375
16773,TQC,env4,958316,-92932.5078125
16774,TQC,env4,959032,-92989.5078125
16775,TQC,env4,960192,-93028.90625
16776,TQC,env4,960772,-93067.203125
16777,TQC,env4,962040,-93034.1953125
16778,TQC,env4,963556,-93045.296875
16779,TQC,env4,964632,-92025.3515625
16780,TQC,env4,966160,-92255.5
16781,TQC,env4,967672,-92311.5
16782,TQC,env4,968604,-92114.0546875
16783,TQC,env4,969848,-94010.8203125
16784,TQC,env4,971644,-93963.3203125
16785,TQC,env4,972720,-93949.7578125
16786,TQC,env4,974996,-92892.25
16787,TQC,env4,977888,-91856.0
16788,TQC,env4,980060,-91959.84375
16789,TQC,env4,982024,-91582.1171875
16790,TQC,env4,984564,-90989.0390625
16791,TQC,env4,986468,-91019.4609375
16792,TQC,env4,988728,-91968.2109375
16793,TQC,env4,989812,-91965.578125
16794,TQC,env4,991964,-92035.9765625
16795,TQC,env4,993360,-92400.9375
16796,TQC,env4,995492,-92260.7109375
16797,TQC,env4,997112,-92370.7109375
16798,TQC,env4,998764,-91426.015625
16799,TQC,env4,999568,-91299.7265625
16800,TQC,env4,1001624,-91193.6015625
16801,TQC,env4,1004024,-90145.21875
16802,TQC,env4,1005568,-90283.734375
16803,TQC,env4,1007360,-90181.359375
16804,TQC,env4,1008728,-90070.984375
16805,TQC,env4,1009968,-89925.3828125
16806,TQC,env4,1010908,-89771.4921875
16807,TQC,env4,1012892,-89946.7421875
16808,TQC,env4,1014284,-89069.2109375
16809,TQC,env4,1015664,-87957.8828125
16810,TQC,env4,1017972,-88069.59375
16811,TQC,env4,1019420,-88273.90625
16812,TQC,env4,1021088,-89339.34375
16813,TQC,env4,1022692,-90274.1640625
16814,TQC,env4,1024368,-91599.4921875
16815,TQC,env4,1027004,-91407.5078125
16816,TQC,env4,1028088,-91578.59375
16817,TQC,env4,1030664,-91734.3046875
16818,TQC,env4,1033720,-90578.65625
16819,TQC,env4,1037720,-88419.59375
16820,TQC,env4,1038632,-86119.1640625
16821,TQC,env4,1039952,-85364.9921875
16822,TQC,env4,1041940,-85011.71875
16823,TQC,env4,1043056,-86036.21875
16824,TQC,env4,1044428,-86149.5078125
16825,TQC,env4,1046024,-86211.1171875
16826,TQC,env4,1047760,-86198.3828125
16827,TQC,env4,1048984,-86198.484375
16828,TQC,env4,1050164,-86102.5703125
16829,TQC,env4,1050912,-87389.8125
16830,TQC,env4,1053668,-87496.375
16831,TQC,env4,1055816,-86561.6640625
16832,TQC,env4,1056464,-86478.6640625
16833,TQC,env4,1057972,-87649.3515625
16834,TQC,env4,1058944,-88864.578125
16835,TQC,env4,1060236,-88939.7109375
16836,TQC,env4,1060784,-89655.7109375
16837,TQC,env4,1061780,-89390.5234375
16838,TQC,env4,1063092,-89470.5625
16839,TQC,env4,1064424,-89405.5625
16840,TQC,env4,1065436,-90405.0
16841,TQC,env4,1066292,-91332.796875
16842,TQC,env4,1066644,-91355.3125
16843,TQC,env4,1067100,-92454.7734375
16844,TQC,env4,1069384,-94603.9375
16845,TQC,env4,1070444,-96756.4140625
16846,TQC,env4,1071656,-97601.328125
16847,TQC,env4,1073308,-97966.8984375
16848,TQC,env4,1073960,-97861.265625
16849,TQC,env4,1077736,-97846.1875
16850,TQC,env4,1079184,-96836.9140625
16851,TQC,env4,1080416,-97959.625
16852,TQC,env4,1081420,-97955.625
16853,TQC,env4,1083200,-98066.796875
16854,TQC,env4,1085732,-97175.796875
16855,TQC,env4,1087252,-97337.734375
16856,TQC,env4,1089996,-98032.8359375
16857,TQC,env4,1091620,-97948.3984375
16858,TQC,env4,1092540,-96997.1015625
16859,TQC,env4,1093480,-96916.5
16860,TQC,env4,1094036,-95824.265625
16861,TQC,env4,1094444,-95956.9609375
16862,TQC,env4,1094748,-96240.984375
16863,TQC,env4,1094996,-97264.015625
16864,TQC,env4,1095228,-97214.7109375
16865,TQC,env4,1095548,-97357.9140625
16866,TQC,env4,1095812,-97294.2109375
16867,TQC,env4,1096068,-97246.609375
16868,TQC,env4,1096396,-97311.375
16869,TQC,env4,1096588,-97227.4765625
16870,TQC,env4,1096852,-97194.828125
16871,TQC,env4,1097164,-97225.015625
16872,TQC,env4,1097536,-97103.609375
16873,TQC,env4,1098056,-97125.1484375
16874,TQC,env4,1098580,-97080.421875
16875,TQC,env4,1098848,-98147.4140625
16876,TQC,env4,1099176,-98038.515625
16877,TQC,env4,1099836,-97957.015625
16878,TQC,env4,1100220,-97989.328125
16879,TQC,env4,1100556,-98821.7265625
16880,TQC,env4,1100860,-98629.5234375
16881,TQC,env4,1101052,-98904.828125
16882,TQC,env4,1101556,-98997.6640625
16883,TQC,env4,1102044,-99908.859375
16884,TQC,env4,1102940,-99922.265625
16885,TQC,env4,1103488,-100897.3515625
16886,TQC,env4,1105936,-100949.25
16887,TQC,env4,1107796,-99969.359375
16888,TQC,env4,1108576,-98978.921875
16889,TQC,env4,1109340,-98944.8359375
16890,TQC,env4,1110460,-98996.640625
16891,TQC,env4,1111256,-99042.140625
16892,TQC,env4,1112100,-99116.0390625
16893,TQC,env4,1113084,-99187.234375
16894,TQC,env4,1113976,-99030.5
16895,TQC,env4,1115056,-99099.203125
16896,TQC,env4,1115400,-99159.5
16897,TQC,env4,1116192,-99073.390625
16898,TQC,env4,1116908,-98983.9609375
16899,TQC,env4,1118288,-98682.640625
16900,TQC,env4,1119876,-98613.9375
16901,TQC,env4,1121240,-98377.5625
16902,TQC,env4,1123580,-98474.1640625
16903,TQC,env4,1124692,-97272.25
16904,TQC,env4,1125804,-96221.578125
16905,TQC,env4,1128912,-95439.7734375
16906,TQC,env4,1132912,-92656.9765625
16907,TQC,env4,1134892,-90786.0234375
16908,TQC,env4,1137644,-89587.5
16909,TQC,env4,1139064,-87528.140625
16910,TQC,env4,1139744,-87614.6875
16911,TQC,env4,1143020,-87397.4765625
16912,TQC,env4,1144072,-86568.9609375
16913,TQC,env4,1148068,-85810.5
16914,TQC,env4,1149440,-85033.0859375
16915,TQC,env4,1150296,-85067.2890625
16916,TQC,env4,1154296,-82326.1875
16917,TQC,env4,1156380,-80331.5390625
16918,TQC,env4,1158700,-79309.5859375
16919,TQC,env4,1161404,-79184.6171875
16920,TQC,env4,1162700,-78034.3828125
16921,TQC,env4,1163308,-77898.375
16922,TQC,env4,1165908,-77893.2265625
16923,TQC,env4,1169452,-75260.4453125
16924,TQC,env4,1171948,-72275.78125
16925,TQC,env4,1173724,-72332.734375
16926,TQC,env4,1175948,-71459.4921875
16927,TQC,env4,1178612,-70150.859375
16928,TQC,env4,1180648,-71384.765625
16929,TQC,env4,1181656,-72483.4453125
16930,TQC,env4,1185136,-72356.90625
16931,TQC,env4,1186808,-74264.8046875
16932,TQC,env4,1188052,-76332.953125
16933,TQC,env4,1189440,-77464.2578125
16934,TQC,env4,1192088,-78482.765625
16935,TQC,env4,1192940,-77698.5703125
16936,TQC,env4,1194112,-77743.2421875
16937,TQC,env4,1195636,-79554.53125
16938,TQC,env4,1196400,-81017.96875
16939,TQC,env4,1197228,-81539.2578125
16940,TQC,env4,1199180,-81175.828125
16941,TQC,env4,1199824,-83832.6328125
16942,TQC,env4,1203684,-84652.84375
16943,TQC,env4,1204432,-83806.296875
16944,TQC,env4,1205636,-84050.0
16945,TQC,env4,1207548,-85136.3203125
16946,TQC,env4,1209116,-85114.546875
16947,TQC,env4,1211548,-84098.2109375
16948,TQC,env4,1214392,-86595.3984375
16949,TQC,env4,1216724,-89775.8828125
16950,TQC,env4,1218728,-88456.7890625
16951,TQC,env4,1221864,-88211.7578125
16952,TQC,env4,1223120,-88271.8984375
16953,TQC,env4,1224184,-88274.5
16954,TQC,env4,1227900,-87018.0859375
16955,TQC,env4,1229256,-85668.2890625
16956,TQC,env4,1232244,-86416.109375
16957,TQC,env4,1233016,-85984.5859375
16958,TQC,env4,1235180,-85932.0234375
16959,TQC,env4,1239180,-82604.5703125
16960,TQC,env4,1242592,-80854.0703125
16961,TQC,env4,1244956,-79518.5703125
16962,TQC,env4,1247300,-78229.1328125
16963,TQC,env4,1249892,-77150.390625
16964,TQC,env4,1251300,-75213.7265625
16965,TQC,env4,1253736,-75365.90625
16966,TQC,env4,1257080,-72896.125
16967,TQC,env4,1258436,-72687.78125
16968,TQC,env4,1259892,-74413.0703125
16969,TQC,env4,1260740,-73333.5234375
16970,TQC,env4,1261804,-72901.4296875
16971,TQC,env4,1262796,-73036.0234375
16972,TQC,env4,1264580,-74139.2109375
16973,TQC,env4,1266164,-74378.03125
16974,TQC,env4,1266672,-74522.03125
16975,TQC,env4,1267192,-75854.484375
16976,TQC,env4,1268640,-77158.3203125
16977,TQC,env4,1269964,-78197.65625
16978,TQC,env4,1271840,-78223.953125
16979,TQC,env4,1272692,-79498.46875
16980,TQC,env4,1274060,-81902.40625
16981,TQC,env4,1274684,-81978.9765625
16982,TQC,env4,1276032,-82154.1015625
16983,TQC,env4,1277140,-82073.78125
16984,TQC,env4,1277868,-85386.46875
16985,TQC,env4,1278596,-87910.875
16986,TQC,env4,1280148,-89352.7109375
16987,TQC,env4,1281228,-90717.359375
16988,TQC,env4,1283704,-90959.2109375
16989,TQC,env4,1284588,-92151.8359375
16990,TQC,env4,1285552,-92322.484375
16991,TQC,env4,1286896,-93782.40625
16992,TQC,env4,1289492,-94096.65625
16993,TQC,env4,1291300,-92888.3203125
16994,TQC,env4,1293252,-92523.75
16995,TQC,env4,1294920,-91768.796875
16996,TQC,env4,1297780,-89360.2578125
16997,TQC,env4,1299128,-89296.859375
16998,TQC,env4,1300172,-88121.609375
16999,TQC,env4,1303052,-86522.9296875
17000,TQC,env4,1304852,-85545.75
17001,TQC,env4,1306932,-85460.8515625
17002,TQC,env4,1308740,-84333.6953125
17003,TQC,env4,1309836,-83152.734375
17004,TQC,env4,1311564,-82700.4140625
17005,TQC,env4,1315136,-80528.34375
17006,TQC,env4,1317048,-78344.8984375
17007,TQC,env4,1319480,-77126.1484375
17008,TQC,env4,1320128,-76247.65625
17009,TQC,env4,1321492,-77128.71875
17010,TQC,env4,1322880,-77095.5234375
17011,TQC,env4,1323984,-76885.6796875
17012,TQC,env4,1324556,-76421.828125
17013,TQC,env4,1325176,-77555.8828125
17014,TQC,env4,1326416,-78643.6328125
17015,TQC,env4,1328364,-77490.03125
17016,TQC,env4,1330916,-77334.953125
17017,TQC,env4,1332084,-78230.7421875
17018,TQC,env4,1333220,-79252.25
17019,TQC,env4,1333600,-80466.734375
17020,TQC,env4,1333916,-81663.6875
17021,TQC,env4,1334520,-83926.921875
17022,TQC,env4,1335292,-83907.2890625
17023,TQC,env4,1335528,-84757.546875
17024,TQC,env4,1337388,-86104.390625
17025,TQC,env4,1339232,-86826.1171875
17026,TQC,env4,1342132,-84702.0078125
17027,TQC,env4,1343396,-84654.4296875
17028,TQC,env4,1344300,-85656.7421875
17029,TQC,env4,1344956,-86034.2578125
17030,TQC,env4,1346132,-85874.421875
17031,TQC,env4,1346472,-88011.90625
17032,TQC,env4,1347804,-88979.078125
17033,TQC,env4,1349156,-88768.890625
17034,TQC,env4,1349568,-88818.46875
17035,TQC,env4,1350832,-87735.8671875
17036,TQC,env4,1352140,-87679.078125
17037,TQC,env4,1352504,-87864.078125
17038,TQC,env4,1353484,-87755.6171875
17039,TQC,env4,1354972,-87606.5546875
17040,TQC,env4,1355364,-88532.3671875
17041,TQC,env4,1356280,-89742.0078125
17042,TQC,env4,1356596,-88668.28125
17043,TQC,env4,1356912,-88813.4921875
17044,TQC,env4,1357092,-89074.03125
17045,TQC,env4,1358556,-89035.9296875
17046,TQC,env4,1358960,-89167.03125
17047,TQC,env4,1359876,-89214.296875
17048,TQC,env4,1360708,-89337.421875
17049,TQC,env4,1361572,-89351.1796875
17050,TQC,env4,1362140,-89370.8828125
17051,TQC,env4,1362732,-91452.2734375
17052,TQC,env4,1363600,-92763.171875
17053,TQC,env4,1364224,-92889.421875
17054,TQC,env4,1365824,-92535.2265625
17055,TQC,env4,1367152,-94570.3515625
17056,TQC,env4,1367972,-94398.0546875
17057,TQC,env4,1368572,-94734.1328125
17058,TQC,env4,1371140,-95751.7578125
17059,TQC,env4,1372032,-94607.2734375
17060,TQC,env4,1374128,-95722.5703125
17061,TQC,env4,1376624,-95704.2265625
17062,TQC,env4,1379540,-95147.28125
17063,TQC,env4,1381544,-94130.4765625
17064,TQC,env4,1384316,-92298.453125
17065,TQC,env4,1385576,-90223.765625
17066,TQC,env4,1388316,-88915.90625
17067,TQC,env4,1389828,-89088.4453125
17068,TQC,env4,1392012,-89195.46875
17069,TQC,env4,1393528,-88011.3046875
17070,TQC,env4,1394116,-86933.828125
17071,TQC,env4,1395172,-86733.5546875
17072,TQC,env4,1396288,-86608.5859375
17073,TQC,env4,1398628,-86790.6484375
17074,TQC,env4,1400116,-85766.125
17075,TQC,env4,1400840,-85909.3203125
17076,TQC,env4,1402112,-85092.5703125
17077,TQC,env4,1402688,-84991.1953125
17078,TQC,env4,1403100,-84938.3984375
17079,TQC,env4,1404268,-85214.234375
17080,TQC,env4,1405140,-85331.46875
17081,TQC,env4,1406624,-85551.7734375
17082,TQC,env4,1408576,-84513.171875
17083,TQC,env4,1410120,-84426.5
17084,TQC,env4,1411148,-84296.671875
17085,TQC,env4,1412664,-84203.2109375
17086,TQC,env4,1413156,-84183.8828125
17087,TQC,env4,1414868,-84921.5703125
17088,TQC,env4,1415704,-85926.625
17089,TQC,env4,1416168,-87861.40625
17090,TQC,env4,1416460,-90166.390625
17091,TQC,env4,1417448,-91301.7421875
17092,TQC,env4,1417876,-92298.6640625
17093,TQC,env4,1418864,-92224.2265625
17094,TQC,env4,1419312,-93272.765625
17095,TQC,env4,1419552,-94386.2421875
17096,TQC,env4,1420308,-94480.4140625
17097,TQC,env4,1420912,-94655.0703125
17098,TQC,env4,1421876,-94682.7578125
17099,TQC,env4,1422456,-95811.734375
17100,TQC,env4,1422772,-95827.65625
17101,TQC,env4,1425104,-96919.03125
17102,TQC,env4,1426456,-95839.0390625
17103,TQC,env4,1426904,-95836.234375
17104,TQC,env4,1427996,-95739.890625
17105,TQC,env4,1430488,-94702.1015625
17106,TQC,env4,1431624,-93763.203125
17107,TQC,env4,1433816,-94963.0
17108,TQC,env4,1434872,-95354.0390625
17109,TQC,env4,1435948,-95853.7265625
17110,TQC,env4,1437376,-96012.6875
17111,TQC,env4,1438652,-96191.421875
17112,TQC,env4,1440116,-95081.734375
17113,TQC,env4,1440940,-94308.4453125
17114,TQC,env4,1442152,-94137.0546875
17115,TQC,env4,1444004,-94013.234375
17116,TQC,env4,1444600,-94221.9453125
17117,TQC,env4,1445932,-94184.734375
17118,TQC,env4,1447852,-94323.453125
17119,TQC,env4,1449132,-94344.3046875
17120,TQC,env4,1449696,-94391.3046875
17121,TQC,env4,1450436,-94424.0078125
17122,TQC,env4,1451684,-94468.0078125
17123,TQC,env4,1452796,-94511.8046875
17124,TQC,env4,1453412,-94443.2421875
17125,TQC,env4,1455204,-94449.8671875
17126,TQC,env4,1456376,-94298.4921875
17127,TQC,env4,1457240,-95300.3203125
17128,TQC,env4,1458740,-95313.9375
17129,TQC,env4,1460552,-94439.421875
17130,TQC,env4,1461080,-95605.7578125
17131,TQC,env4,1461928,-96614.2109375
17132,TQC,env4,1462992,-96240.5078125
17133,TQC,env4,1464296,-96189.203125
17134,TQC,env4,1464680,-97011.484375
17135,TQC,env4,1464984,-96826.78125
17136,TQC,env4,1468052,-96694.3046875
17137,TQC,env4,1468940,-96820.5546875
17138,TQC,env4,1470208,-97789.0546875
17139,TQC,env4,1470392,-97978.046875
17140,TQC,env4,1470632,-97992.34375
17141,TQC,env4,1471656,-97958.9453125
17142,TQC,env4,1472524,-97750.40625
17143,TQC,env4,1473692,-97713.921875
17144,TQC,env4,1475044,-97871.59375
17145,TQC,env4,1475968,-96818.390625
17146,TQC,env4,1477720,-94933.171875
17147,TQC,env4,1478660,-94978.265625
17148,TQC,env4,1481444,-95017.46875
17149,TQC,env4,1482304,-94282.5546875
17150,TQC,env4,1483624,-93205.7734375
17151,TQC,env4,1485000,-93131.71875
17152,TQC,env4,1486060,-93113.3046875
17153,TQC,env4,1487756,-93193.390625
17154,TQC,env4,1489308,-94386.3125
17155,TQC,env4,1490548,-94374.015625
17156,TQC,env4,1492264,-94453.3125
17157,TQC,env4,1494548,-92848.71875
17158,TQC,env4,1496088,-92856.171875
17159,TQC,env4,1497236,-93051.9921875
17160,TQC,env4,1498260,-93218.59375
17161,TQC,env4,1501476,-93425.203125
17162,TQC,env4,1501956,-93619.859375
17163,TQC,env4,1503340,-93508.890625
17164,TQC,env4,1505252,-93356.9296875
17165,TQC,env4,1507156,-92536.953125
17166,TQC,env4,1509252,-90749.859375
17167,TQC,env4,1511396,-90819.65625
17168,TQC,env4,1513028,-89931.7578125
17169,TQC,env4,1514836,-88977.359375
17170,TQC,env4,1515508,-90020.7578125
17171,TQC,env4,1516700,-91910.6796875
17172,TQC,env4,1518244,-91932.28125
17173,TQC,env4,1519448,-91902.6796875
17174,TQC,env4,1521064,-92859.078125
17175,TQC,env4,1521888,-94050.96875
17176,TQC,env4,1522904,-94283.9921875
17177,TQC,env4,1524572,-94459.25
17178,TQC,env4,1525936,-94519.25
17179,TQC,env4,1527120,-94450.75
17180,TQC,env4,1527960,-94325.6015625
17181,TQC,env4,1529292,-94304.203125
17182,TQC,env4,1530648,-95917.8671875
17183,TQC,env4,1532716,-96023.515625
17184,TQC,env4,1534540,-95965.9140625
17185,TQC,env4,1536600,-94884.7890625
17186,TQC,env4,1537436,-94924.9140625
17187,TQC,env4,1538648,-94827.1171875
17188,TQC,env4,1539468,-94904.4765625
17189,TQC,env4,1540888,-95014.3046875
17190,TQC,env4,1542948,-94966.0546875
17191,TQC,env4,1544968,-96826.3515625
17192,TQC,env4,1546188,-95206.6015625
17193,TQC,env4,1547032,-96122.203125
17194,TQC,env4,1548356,-97046.3515625
17195,TQC,env4,1550060,-96973.0546875
17196,TQC,env4,1550884,-97120.25
17197,TQC,env4,1551472,-96921.9609375
17198,TQC,env4,1552356,-95743.1953125
17199,TQC,env4,1554060,-95620.0
17200,TQC,env4,1555092,-95538.0
17201,TQC,env4,1557944,-93585.1484375
17202,TQC,env4,1558244,-93690.84375
17203,TQC,env4,1559288,-93579.6484375
17204,TQC,env4,1561012,-92627.84375
17205,TQC,env4,1562336,-92807.59375
17206,TQC,env4,1563668,-92708.171875
17207,TQC,env4,1564912,-92767.15625
17208,TQC,env4,1566664,-92512.015625
17209,TQC,env4,1567552,-92469.1875
17210,TQC,env4,1569084,-93353.875
17211,TQC,env4,1569524,-93238.921875
17212,TQC,env4,1570036,-94078.875
17213,TQC,env4,1571464,-93898.25
17214,TQC,env4,1572928,-93862.8125
17215,TQC,env4,1574036,-94822.265625
17216,TQC,env4,1574560,-93536.9296875
17217,TQC,env4,1575464,-94368.65625
17218,TQC,env4,1576252,-94334.8515625
17219,TQC,env4,1577300,-94252.1796875
17220,TQC,env4,1578392,-94272.40625
17221,TQC,env4,1579836,-93846.359375
17222,TQC,env4,1580832,-93671.421875
17223,TQC,env4,1583180,-94733.0859375
17224,TQC,env4,1583684,-94664.984375
17225,TQC,env4,1584616,-94679.984375
17226,TQC,env4,1585672,-96436.1484375
17227,TQC,env4,1586424,-96266.21875
17228,TQC,env4,1587496,-95976.625
17229,TQC,env4,1588380,-96732.4609375
17230,TQC,env4,1589108,-96497.8359375
17231,TQC,env4,1589532,-96579.4609375
17232,TQC,env4,1590264,-96696.4140625
17233,TQC,env4,1591220,-96870.7578125
17234,TQC,env4,1592952,-96822.0
17235,TQC,env4,1593756,-97012.4375
17236,TQC,env4,1594900,-96022.5859375
17237,TQC,env4,1596100,-96042.5703125
17238,TQC,env4,1596772,-96290.59375
17239,TQC,env4,1599028,-96317.1953125
17240,TQC,env4,1600256,-96303.3203125
17241,TQC,env4,1600760,-96608.5546875
17242,TQC,env4,1602164,-97612.328125
17243,TQC,env4,1602664,-97670.9296875
17244,TQC,env4,1603176,-97457.96875
17245,TQC,env4,1604540,-97532.046875
17246,TQC,env4,1606784,-97833.7421875
17247,TQC,env4,1608104,-98232.171875
17248,TQC,env4,1609136,-97108.328125
17249,TQC,env4,1610252,-97330.4296875
17250,TQC,env4,1611392,-97387.328125
17251,TQC,env4,1612236,-97546.4140625
17252,TQC,env4,1612996,-97529.1640625
17253,TQC,env4,1613552,-97820.8671875
17254,TQC,env4,1614296,-97954.5234375
17255,TQC,env4,1615148,-98067.546875
17256,TQC,env4,1616060,-98107.046875
17257,TQC,env4,1616900,-98156.6484375
17258,TQC,env4,1617472,-98189.34375
17259,TQC,env4,1617820,-98218.8359375
17260,TQC,env4,1618020,-98127.9375
17261,TQC,env4,1618468,-99215.3359375
17262,TQC,env4,1618752,-99255.296875
17263,TQC,env4,1619444,-99139.5
17264,TQC,env4,1620080,-99205.0703125
17265,TQC,env4,1620892,-99251.1484375
17266,TQC,env4,1621244,-100171.6484375
17267,TQC,env4,1621652,-100131.34375
17268,TQC,env4,1622444,-100048.34375
17269,TQC,env4,1623160,-100399.6328125
17270,TQC,env4,1623368,-100364.734375
17271,TQC,env4,1624760,-100311.578125
17272,TQC,env4,1624920,-100187.078125
17273,TQC,env4,1625188,-101330.625
17274,TQC,env4,1625280,-100159.8515625
17275,TQC,env4,1625368,-100071.046875
17276,TQC,env4,1625484,-99986.75
17277,TQC,env4,1625728,-100040.828125
17278,TQC,env4,1626120,-99909.3984375
17279,TQC,env4,1626960,-99826.5
17280,TQC,env4,1627220,-99820.6015625
17281,TQC,env4,1627556,-99726.203125
17282,TQC,env4,1628384,-99712.203125
17283,TQC,env4,1629196,-99649.796875
17284,TQC,env4,1630128,-99555.578125
17285,TQC,env4,1630596,-99470.6640625
17286,TQC,env4,1631032,-99279.5546875
17287,TQC,env4,1631692,-99288.953125
17288,TQC,env4,1632444,-99126.5546875
17289,TQC,env4,1632800,-99114.3515625
17290,TQC,env4,1633388,-99104.0546875
17291,TQC,env4,1633728,-99077.953125
17292,TQC,env4,1634912,-98997.4765625
17293,TQC,env4,1635436,-99026.078125
17294,TQC,env4,1637180,-99049.78125
17295,TQC,env4,1637760,-99033.875
17296,TQC,env4,1637928,-99102.78125
17297,TQC,env4,1638556,-99105.4765625
17298,TQC,env4,1638828,-99116.78125
17299,TQC,env4,1639068,-100165.0546875
17300,TQC,env4,1639728,-100086.078125
17301,TQC,env4,1640152,-100002.640625
17302,TQC,env4,1641936,-100102.2421875
17303,TQC,env4,1642996,-100264.0625
17304,TQC,env4,1643632,-100474.46875
17305,TQC,env4,1644092,-100466.8671875
17306,TQC,env4,1644264,-100471.96875
17307,TQC,env4,1644476,-100419.265625
17308,TQC,env4,1644852,-100416.8671875
17309,TQC,env4,1645208,-100489.59375
17310,TQC,env4,1645524,-100587.0
17311,TQC,env4,1645700,-100738.2109375
17312,TQC,env4,1646420,-100730.0078125
17313,TQC,env4,1646716,-100908.109375
17314,TQC,env4,1647224,-100890.7109375
17315,TQC,env4,1647848,-100838.015625
17316,TQC,env4,1648464,-100913.609375
17317,TQC,env4,1648856,-100905.796875
17318,TQC,env4,1649268,-100897.0
17319,TQC,env4,1649468,-100802.1015625
17320,TQC,env4,1649692,-100773.796875
17321,TQC,env4,1649828,-100679.078125
17322,TQC,env4,1649944,-100636.4765625
17323,TQC,env4,1650056,-100619.875
17324,TQC,env4,1650168,-100617.375
17325,TQC,env4,1650308,-100700.953125
17326,TQC,env4,1650484,-100788.5859375
17327,TQC,env4,1650660,-100699.0859375
17328,TQC,env4,1651248,-100640.0859375
17329,TQC,env4,1651568,-100497.0859375
17330,TQC,env4,1651920,-100483.2890625
17331,TQC,env4,1652068,-100515.890625
17332,TQC,env4,1652368,-100515.484375
17333,TQC,env4,1652576,-100506.890625
17334,TQC,env4,1652808,-100492.5859375
17335,TQC,env4,1652984,-100492.7890625
17336,TQC,env4,1653660,-100511.1875
17337,TQC,env4,1654060,-100544.984375
17338,TQC,env4,1656508,-100613.390625
17339,TQC,env4,1657188,-100512.6171875
17340,TQC,env4,1658056,-100479.703125
17341,TQC,env4,1659448,-100357.296875
17342,TQC,env4,1661392,-100535.484375
17343,TQC,env4,1662424,-99531.8671875
17344,TQC,env4,1663760,-99528.2421875
17345,TQC,env4,1665080,-98661.046875
17346,TQC,env4,1666176,-98856.671875
17347,TQC,env4,1667936,-97912.4453125
17348,TQC,env4,1669976,-98043.7421875
17349,TQC,env4,1671824,-97223.046875
17350,TQC,env4,1673584,-97397.84375
17351,TQC,env4,1675380,-97374.9921875
17352,TQC,env4,1677688,-97554.6953125
17353,TQC,env4,1679536,-96778.6953125
17354,TQC,env4,1681760,-96815.890625
17355,TQC,env4,1684436,-95063.1953125
17356,TQC,env4,1687392,-93144.1953125
17357,TQC,env4,1688720,-92370.59375
17358,TQC,env4,1690804,-92480.59375
17359,TQC,env4,1694116,-90714.34375
17360,TQC,env4,1695420,-89850.046875
17361,TQC,env4,1696656,-89840.890625
17362,TQC,env4,1699176,-89706.28125
17363,TQC,env4,1700856,-87714.640625
17364,TQC,env4,1701340,-87848.109375
17365,TQC,env4,1702596,-87889.9140625
17366,TQC,env4,1703160,-87986.921875
17367,TQC,env4,1704332,-87853.9765625
17368,TQC,env4,1704724,-88880.2890625
17369,TQC,env4,1705804,-88916.109375
17370,TQC,env4,1707152,-89880.015625
17371,TQC,env4,1708272,-89896.515625
17372,TQC,env4,1709632,-90964.8359375
17373,TQC,env4,1710108,-90884.5390625
17374,TQC,env4,1710576,-91768.5390625
17375,TQC,env4,1712456,-91687.3359375
17376,TQC,env4,1713564,-91809.5859375
17377,TQC,env4,1714176,-91712.1875
17378,TQC,env4,1714780,-92536.7890625
17379,TQC,env4,1715172,-92506.390625
17380,TQC,env4,1715652,-94268.2890625
17381,TQC,env4,1716072,-96159.5859375
17382,TQC,env4,1716384,-97005.484375
17383,TQC,env4,1716684,-96899.984375
17384,TQC,env4,1717040,-98679.8359375
17385,TQC,env4,1717352,-99552.5390625
17386,TQC,env4,1717656,-99554.6875
17387,TQC,env4,1717988,-99658.1015625
17388,TQC,env4,1718332,-101567.234375
17389,TQC,env4,1718628,-101529.5390625
17390,TQC,env4,1719192,-101527.25
17391,TQC,env4,1719524,-101478.6484375
17392,TQC,env4,1719860,-101532.703125
17393,TQC,env4,1720452,-101501.5
17394,TQC,env4,1720788,-101483.796875
17395,TQC,env4,1721136,-101406.203125
17396,TQC,env4,1721732,-101296.203125
17397,TQC,env4,1722064,-100122.5859375
17398,TQC,env4,1722364,-100093.0859375
17399,TQC,env4,1722712,-100050.7890625
17400,TQC,env4,1723024,-99976.6875
17401,TQC,env4,1723340,-99894.390625
17402,TQC,env4,1723644,-99819.7890625
17403,TQC,env4,1723964,-99770.7890625
17404,TQC,env4,1724240,-99768.6875
17405,TQC,env4,1724572,-99767.390625
17406,TQC,env4,1724892,-99767.1875
17407,TQC,env4,1725848,-99719.984375
17408,TQC,env4,1728036,-99585.671875
17409,TQC,env4,1728924,-99514.515625
17410,TQC,env4,1730248,-98518.921875
17411,TQC,env4,1731060,-98526.2265625
17412,TQC,env4,1731804,-98533.921875
17413,TQC,env4,1732220,-98484.1875
17414,TQC,env4,1733084,-97354.546875
17415,TQC,env4,1733512,-97378.25
17416,TQC,env4,1734008,-97387.3515625
17417,TQC,env4,1734532,-97397.1484375
17418,TQC,env4,1735368,-97413.046875
17419,TQC,env4,1736332,-97428.25
17420,TQC,env4,1738788,-96324.7265625
17421,TQC,env4,1741552,-94284.0625
17422,TQC,env4,1745512,-92352.984375
17423,TQC,env4,1749292,-89714.390625
17424,TQC,env4,1751036,-88833.515625
17425,TQC,env4,1751320,-87961.015625
17426,TQC,env4,1752252,-88002.9140625
17427,TQC,env4,1753004,-88037.4140625
17428,TQC,env4,1753700,-88056.7109375
17429,TQC,env4,1754192,-88057.015625
17430,TQC,env4,1754432,-87880.8828125
17431,TQC,env4,1754888,-87884.28125
17432,TQC,env4,1755620,-87778.3203125
17433,TQC,env4,1755760,-87936.828125
17434,TQC,env4,1756708,-88009.09375
17435,TQC,env4,1757168,-89037.578125
17436,TQC,env4,1757664,-88936.3046875
17437,TQC,env4,1758156,-88925.8046875
17438,TQC,env4,1758864,-88895.8515625
17439,TQC,env4,1759424,-90112.890625
17440,TQC,env4,1760288,-90119.7890625
17441,TQC,env4,1760952,-90171.1953125
17442,TQC,env4,1761496,-90173.890625
17443,TQC,env4,1762372,-90227.4921875
17444,TQC,env4,1762648,-90219.1953125
17445,TQC,env4,1763320,-91230.65625
17446,TQC,env4,1763692,-93180.890625
17447,TQC,env4,1764200,-96088.7578125
17448,TQC,env4,1764968,-98738.65625
17449,TQC,env4,1767592,-98645.9296875
17450,TQC,env4,1768416,-99597.9296875
17451,TQC,env4,1769388,-98282.71875
17452,TQC,env4,1769964,-98277.9140625
17453,TQC,env4,1771124,-98208.7578125
17454,TQC,env4,1772168,-97980.078125
17455,TQC,env4,1773600,-98013.3046875
17456,TQC,env4,1776600,-96802.4375
17457,TQC,env4,1777300,-95647.1796875
17458,TQC,env4,1778376,-94427.640625
17459,TQC,env4,1779456,-94254.9609375
17460,TQC,env4,1780564,-93922.6484375
17461,TQC,env4,1782788,-93094.5546875
17462,TQC,env4,1784516,-92945.203125
17463,TQC,env4,1785008,-92042.390625
17464,TQC,env4,1786848,-92058.890625
17465,TQC,env4,1788896,-90951.2421875
17466,TQC,env4,1789872,-90916.1796875
17467,TQC,env4,1791448,-91042.375
17468,TQC,env4,1792932,-91056.78125
17469,TQC,env4,1794436,-91172.78125
17470,TQC,env4,1796232,-91387.640625
17471,TQC,env4,1797380,-91313.875
17472,TQC,env4,1798544,-91400.765625
17473,TQC,env4,1800548,-91243.515625
17474,TQC,env4,1800996,-92067.2890625
17475,TQC,env4,1801660,-91862.765625
17476,TQC,env4,1803124,-92998.1640625
17477,TQC,env4,1804468,-92930.640625
17478,TQC,env4,1805648,-92965.9296875
17479,TQC,env4,1806508,-93263.0
17480,TQC,env4,1807276,-93322.953125
17481,TQC,env4,1808224,-94435.7734375
17482,TQC,env4,1809136,-95712.0625
17483,TQC,env4,1809480,-96619.1875
17484,TQC,env4,1810388,-96816.4609375
17485,TQC,env4,1811068,-96945.640625
17486,TQC,env4,1812828,-97371.2890625
17487,TQC,env4,1813456,-97247.9609375
17488,TQC,env4,1816828,-96996.1640625
17489,TQC,env4,1818956,-94616.359375
17490,TQC,env4,1820828,-93410.2578125
17491,TQC,env4,1822768,-93314.8984375
17492,TQC,env4,1824432,-92237.8359375
17493,TQC,env4,1827200,-91248.5078125
17494,TQC,env4,1828432,-89337.609375
17495,TQC,env4,1829168,-89274.4140625
17496,TQC,env4,1830804,-89525.8984375
17497,TQC,env4,1833028,-89549.0859375
17498,TQC,env4,1833776,-88796.9375
17499,TQC,env4,1834888,-88917.3515625
17500,TQC,env4,1835708,-89094.7734375
17501,TQC,env4,1837108,-89311.2890625
17502,TQC,env4,1838304,-89440.2109375
17503,TQC,env4,1838856,-89534.5859375
17504,TQC,env4,1839772,-89405.9765625
17505,TQC,env4,1840468,-89515.140625
17506,TQC,env4,1841280,-89659.875
17507,TQC,env4,1843068,-89588.1875
17508,TQC,env4,1844980,-88813.0625
17509,TQC,env4,1846364,-89001.078125
17510,TQC,env4,1847068,-88033.4765625
17511,TQC,env4,1848212,-88581.6953125
17512,TQC,env4,1851060,-88967.078125
17513,TQC,env4,1852500,-88265.1796875
17514,TQC,env4,1853720,-90590.4921875
17515,TQC,env4,1855176,-92868.9609375
17516,TQC,env4,1855712,-93004.390625
17517,TQC,env4,1857156,-93798.703125
17518,TQC,env4,1858688,-94644.109375
17519,TQC,env4,1859596,-96418.8984375
17520,TQC,env4,1860460,-96416.6015625
17521,TQC,env4,1861652,-96284.828125
17522,TQC,env4,1863276,-96244.078125
17523,TQC,env4,1864528,-96986.9375
17524,TQC,env4,1866484,-95886.953125
17525,TQC,env4,1867572,-95748.640625
17526,TQC,env4,1868500,-95505.0234375
17527,TQC,env4,1869324,-95472.2265625
17528,TQC,env4,1870296,-95393.5234375
17529,TQC,env4,1871396,-95444.9765625
17530,TQC,env4,1872624,-95432.2109375
17531,TQC,env4,1874036,-95123.6015625
17532,TQC,env4,1874512,-95231.796875
17533,TQC,env4,1875588,-96144.0
17534,TQC,env4,1876744,-96009.046875
17535,TQC,env4,1877864,-97084.75
17536,TQC,env4,1878756,-96975.359375
17537,TQC,env4,1879312,-96844.2109375
17538,TQC,env4,1881036,-98538.6875
17539,TQC,env4,1882000,-98329.7265625
17540,TQC,env4,1883292,-97969.4296875
17541,TQC,env4,1884016,-97868.9765625
17542,TQC,env4,1884880,-97819.1796875
17543,TQC,env4,1885336,-97699.90625
17544,TQC,env4,1886176,-97328.40625
17545,TQC,env4,1887480,-97181.6171875
17546,TQC,env4,1890736,-96734.0234375
17547,TQC,env4,1891648,-95539.65625
17548,TQC,env4,1892432,-95617.484375
17549,TQC,env4,1892884,-96735.984375
17550,TQC,env4,1894496,-96691.3984375
17551,TQC,env4,1895612,-96783.2578125
17552,TQC,env4,1898556,-96523.234375
17553,TQC,env4,1900192,-96549.7109375
17554,TQC,env4,1900644,-96535.5703125
17555,TQC,env4,1902116,-96438.7265625
17556,TQC,env4,1904644,-96385.6015625
17557,TQC,env4,1906840,-96497.75
17558,TQC,env4,1908736,-96219.8515625
17559,TQC,env4,1910840,-95174.421875
17560,TQC,env4,1911844,-94978.4765625
17561,TQC,env4,1915044,-92964.2421875
17562,TQC,env4,1915900,-92024.2421875
17563,TQC,env4,1918120,-92166.140625
17564,TQC,env4,1919404,-92206.6015625
17565,TQC,env4,1920676,-92428.6328125
17566,TQC,env4,1921312,-92555.5859375
17567,TQC,env4,1922140,-92561.78125
17568,TQC,env4,1924248,-92855.5703125
17569,TQC,env4,1925220,-93361.0859375
17570,TQC,env4,1927648,-93463.46875
17571,TQC,env4,1928792,-94091.140625
17572,TQC,env4,1931264,-94133.8203125
17573,TQC,env4,1932152,-94197.796875
17574,TQC,env4,1933352,-94152.828125
17575,TQC,env4,1935132,-94090.0703125
17576,TQC,env4,1937476,-94056.375
17577,TQC,env4,1938600,-94231.359375
17578,TQC,env4,1939688,-92902.703125
17579,TQC,env4,1942216,-92879.0390625
17580,TQC,env4,1943688,-91631.4296875
17581,TQC,env4,1944492,-91998.46875
17582,TQC,env4,1945660,-91781.390625
17583,TQC,env4,1946344,-91705.53125
17584,TQC,env4,1948052,-92900.5078125
17585,TQC,env4,1950160,-92875.078125
17586,TQC,env4,1950936,-94738.453125
17587,TQC,env4,1951320,-95616.796875
17588,TQC,env4,1951704,-95407.953125
17589,TQC,env4,1952716,-95449.6328125
17590,TQC,env4,1953976,-95403.515625
17591,TQC,env4,1955400,-95388.515625
17592,TQC,env4,1958120,-93222.921875
17593,TQC,env4,1959160,-93175.015625
17594,TQC,env4,1961152,-93270.015625
17595,TQC,env4,1963312,-93373.21875
17596,TQC,env4,1964620,-92205.71875
17597,TQC,env4,1965892,-93425.90625
17598,TQC,env4,1968084,-93594.640625
17599,TQC,env4,1969336,-93694.609375
17600,TQC,env4,1970024,-94038.5625
17601,TQC,env4,1972808,-94074.3359375
17602,TQC,env4,1974360,-91968.625
17603,TQC,env4,1978008,-90270.2421875
17604,TQC,env4,1980368,-90448.796875
17605,TQC,env4,1982340,-91910.921875
17606,TQC,env4,1982972,-90770.640625
17607,TQC,env4,1983372,-90934.015625
17608,TQC,env4,1986640,-91223.671875
17609,TQC,env4,1988864,-88881.796875
17610,TQC,env4,1991052,-87958.3515625
17611,TQC,env4,1992392,-87213.796875
17612,TQC,env4,1994872,-87467.7109375
17613,TQC,env4,1997052,-86594.46875
17614,TQC,env4,1998872,-85579.7265625
17615,TQC,env4,1999584,-84787.28125
17616,TQC,env5,404,-98287.5
17617,TQC,env5,732,-96872.03125
17618,TQC,env5,1148,-98211.3515625
17619,TQC,env5,1812,-97710.390625
17620,TQC,env5,2196,-97945.3125
17621,TQC,env5,2480,-98465.6796875
17622,TQC,env5,3252,-98107.234375
17623,TQC,env5,3744,-97570.9375
17624,TQC,env5,4216,-97360.625
17625,TQC,env5,4688,-97777.8125
17626,TQC,env5,5584,-96713.359375
17627,TQC,env5,6256,-97141.0
17628,TQC,env5,6720,-97458.421875
17629,TQC,env5,7112,-97513.1953125
17630,TQC,env5,7820,-97432.9453125
17631,TQC,env5,8516,-97045.234375
17632,TQC,env5,8988,-97117.8125
17633,TQC,env5,9644,-97049.953125
17634,TQC,env5,10340,-97177.625
17635,TQC,env5,10972,-97122.7421875
17636,TQC,env5,11628,-97341.421875
17637,TQC,env5,12220,-97184.828125
17638,TQC,env5,12800,-97136.171875
17639,TQC,env5,13048,-96770.1875
17640,TQC,env5,13488,-96733.0546875
17641,TQC,env5,13992,-96633.90625
17642,TQC,env5,14400,-96455.59375
17643,TQC,env5,14864,-95951.2578125
17644,TQC,env5,15192,-95935.8671875
17645,TQC,env5,15740,-95910.09375
17646,TQC,env5,15992,-95790.4609375
17647,TQC,env5,16488,-95800.6171875
17648,TQC,env5,16876,-95867.6171875
17649,TQC,env5,17132,-95888.1796875
17650,TQC,env5,17752,-95559.21875
17651,TQC,env5,18216,-95772.140625
17652,TQC,env5,18640,-95634.7421875
17653,TQC,env5,19104,-95509.9296875
17654,TQC,env5,19416,-95621.1171875
17655,TQC,env5,19908,-95701.2265625
17656,TQC,env5,20296,-95598.765625
17657,TQC,env5,20632,-95487.40625
17658,TQC,env5,20892,-95378.40625
17659,TQC,env5,21536,-95025.03125
17660,TQC,env5,21892,-95004.875
17661,TQC,env5,22132,-94756.90625
17662,TQC,env5,22680,-94730.609375
17663,TQC,env5,23072,-94609.3359375
17664,TQC,env5,23492,-94816.890625
17665,TQC,env5,24120,-94734.0390625
17666,TQC,env5,24644,-94732.890625
17667,TQC,env5,25100,-95027.9296875
17668,TQC,env5,25884,-95036.734375
17669,TQC,env5,26244,-94832.484375
17670,TQC,env5,27012,-94733.1875
17671,TQC,env5,27320,-94638.4140625
17672,TQC,env5,27636,-94720.6875
17673,TQC,env5,28104,-94643.1328125
17674,TQC,env5,28476,-94723.6796875
17675,TQC,env5,28716,-94710.578125
17676,TQC,env5,29164,-94888.6796875
17677,TQC,env5,29680,-94875.7421875
17678,TQC,env5,29952,-94796.15625
17679,TQC,env5,30488,-94094.46875
17680,TQC,env5,30828,-93899.890625
17681,TQC,env5,31148,-94280.8984375
17682,TQC,env5,31472,-94392.234375
17683,TQC,env5,31920,-94399.3828125
17684,TQC,env5,32432,-94416.0625
17685,TQC,env5,32992,-94344.375
17686,TQC,env5,33788,-94066.015625
17687,TQC,env5,34396,-93984.6953125
17688,TQC,env5,34944,-94013.421875
17689,TQC,env5,35292,-94301.9609375
17690,TQC,env5,35736,-94472.8828125
17691,TQC,env5,36200,-94567.1796875
17692,TQC,env5,36620,-94484.40625
17693,TQC,env5,37056,-94790.578125
17694,TQC,env5,37752,-94693.734375
17695,TQC,env5,38132,-94593.296875
17696,TQC,env5,38716,-94708.78125
17697,TQC,env5,39268,-94728.0078125
17698,TQC,env5,39912,-94832.8515625
17699,TQC,env5,40180,-94957.21875
17700,TQC,env5,40640,-95163.5390625
17701,TQC,env5,41184,-95165.9140625
17702,TQC,env5,41596,-95078.4140625
17703,TQC,env5,42168,-94791.5234375
17704,TQC,env5,42776,-95085.046875
17705,TQC,env5,43576,-94888.4765625
17706,TQC,env5,44168,-94804.0546875
17707,TQC,env5,44656,-94819.6171875
17708,TQC,env5,45288,-95033.6796875
17709,TQC,env5,45956,-95068.984375
17710,TQC,env5,46364,-94957.84375
17711,TQC,env5,47056,-95358.125
17712,TQC,env5,47436,-95567.96875
17713,TQC,env5,48196,-95567.3671875
17714,TQC,env5,48776,-95691.7265625
17715,TQC,env5,49232,-95634.1171875
17716,TQC,env5,49784,-95544.40625
17717,TQC,env5,50596,-95546.6015625
17718,TQC,env5,51192,-95664.7421875
17719,TQC,env5,51932,-95671.796875
17720,TQC,env5,52300,-95581.921875
17721,TQC,env5,52976,-95373.828125
17722,TQC,env5,53484,-95366.765625
17723,TQC,env5,54168,-95279.203125
17724,TQC,env5,55124,-95071.765625
17725,TQC,env5,55716,-94904.2421875
17726,TQC,env5,56308,-95112.09375
17727,TQC,env5,56904,-94949.3984375
17728,TQC,env5,57848,-95143.0546875
17729,TQC,env5,58764,-95480.875
17730,TQC,env5,59356,-95830.6328125
17731,TQC,env5,59908,-95947.84375
17732,TQC,env5,61468,-95664.53125
17733,TQC,env5,61904,-95459.3203125
17734,TQC,env5,62776,-95550.7578125
17735,TQC,env5,63192,-95852.875
17736,TQC,env5,63608,-95753.9921875
17737,TQC,env5,64092,-95837.2421875
17738,TQC,env5,65068,-95536.9609375
17739,TQC,env5,65480,-95330.3203125
17740,TQC,env5,66136,-95406.921875
17741,TQC,env5,66756,-95529.0078125
17742,TQC,env5,67636,-95737.9921875
17743,TQC,env5,68192,-95750.6953125
17744,TQC,env5,68896,-96157.4453125
17745,TQC,env5,69116,-96068.5546875
17746,TQC,env5,70040,-96285.078125
17747,TQC,env5,70536,-96302.828125
17748,TQC,env5,71004,-96603.625
17749,TQC,env5,71652,-96591.2734375
17750,TQC,env5,72172,-96760.984375
17751,TQC,env5,72684,-96064.59375
17752,TQC,env5,73760,-96051.859375
17753,TQC,env5,74236,-95844.359375
17754,TQC,env5,74944,-95621.78125
17755,TQC,env5,75632,-95692.984375
17756,TQC,env5,76452,-95706.3828125
17757,TQC,env5,77304,-96119.0
17758,TQC,env5,77684,-96248.5390625
17759,TQC,env5,77912,-96407.15625
17760,TQC,env5,78776,-96313.1640625
17761,TQC,env5,79468,-96434.890625
17762,TQC,env5,80300,-96340.453125
17763,TQC,env5,81076,-96542.953125
17764,TQC,env5,81900,-96568.28125
17765,TQC,env5,82612,-96386.0234375
17766,TQC,env5,83328,-96286.8515625
17767,TQC,env5,83936,-96007.328125
17768,TQC,env5,84728,-96068.453125
17769,TQC,env5,85300,-95970.1171875
17770,TQC,env5,86096,-96400.0859375
17771,TQC,env5,86716,-96304.3359375
17772,TQC,env5,87484,-96140.03125
17773,TQC,env5,87980,-96034.8203125
17774,TQC,env5,88804,-96146.53125
17775,TQC,env5,89252,-96183.78125
17776,TQC,env5,89892,-96885.671875
17777,TQC,env5,90740,-97178.7421875
17778,TQC,env5,91224,-97284.875
17779,TQC,env5,91912,-97472.8984375
17780,TQC,env5,92608,-97158.6015625
17781,TQC,env5,93140,-97141.4921875
17782,TQC,env5,93720,-96919.0625
17783,TQC,env5,94660,-96822.0546875
17784,TQC,env5,95896,-96576.6796875
17785,TQC,env5,96648,-96514.2734375
17786,TQC,env5,97564,-96522.8828125
17787,TQC,env5,98048,-96316.421875
17788,TQC,env5,98568,-96398.3359375
17789,TQC,env5,99136,-96471.6875
17790,TQC,env5,99640,-96567.5390625
17791,TQC,env5,100108,-96745.234375
17792,TQC,env5,101032,-96918.3046875
17793,TQC,env5,101792,-96860.90625
17794,TQC,env5,102468,-96662.84375
17795,TQC,env5,103044,-96538.7890625
17796,TQC,env5,103728,-96632.0625
17797,TQC,env5,104440,-96683.7109375
17798,TQC,env5,105488,-96479.65625
17799,TQC,env5,106256,-96106.4453125
17800,TQC,env5,106668,-96007.921875
17801,TQC,env5,107160,-95986.1171875
17802,TQC,env5,107708,-96091.1171875
17803,TQC,env5,108380,-96301.3359375
17804,TQC,env5,108984,-96423.9375
17805,TQC,env5,109536,-96534.0546875
17806,TQC,env5,110932,-96250.4453125
17807,TQC,env5,111612,-96246.34375
17808,TQC,env5,112400,-96219.7109375
17809,TQC,env5,113016,-96499.9921875
17810,TQC,env5,114020,-96582.953125
17811,TQC,env5,114564,-96490.84375
17812,TQC,env5,115396,-96812.3203125
17813,TQC,env5,116516,-96847.4921875
17814,TQC,env5,116736,-96986.65625
17815,TQC,env5,117552,-96988.1328125
17816,TQC,env5,118220,-96388.1875
17817,TQC,env5,118832,-96394.5546875
17818,TQC,env5,119296,-95959.5234375
17819,TQC,env5,119912,-96255.96875
17820,TQC,env5,120784,-96140.0390625
17821,TQC,env5,121224,-96256.515625
17822,TQC,env5,121644,-96361.765625
17823,TQC,env5,122328,-96564.953125
17824,TQC,env5,122804,-96922.0
17825,TQC,env5,123772,-96599.0390625
17826,TQC,env5,124592,-96419.6640625
17827,TQC,env5,125544,-95808.6328125
17828,TQC,env5,126160,-95743.859375
17829,TQC,env5,126708,-95738.5625
17830,TQC,env5,127376,-95930.203125
17831,TQC,env5,127872,-95819.40625
17832,TQC,env5,128692,-95814.7734375
17833,TQC,env5,129408,-96055.78125
17834,TQC,env5,130152,-95948.25
17835,TQC,env5,130840,-95532.65625
17836,TQC,env5,131204,-95589.6796875
17837,TQC,env5,131868,-95361.9296875
17838,TQC,env5,132516,-95267.515625
17839,TQC,env5,133520,-94954.953125
17840,TQC,env5,133884,-94961.1875
17841,TQC,env5,134444,-95467.3671875
17842,TQC,env5,135112,-95453.9296875
17843,TQC,env5,135584,-95770.125
17844,TQC,env5,136128,-95772.8671875
17845,TQC,env5,137636,-95591.53125
17846,TQC,env5,138396,-95267.734375
17847,TQC,env5,139216,-94876.3125
17848,TQC,env5,140352,-94504.5625
17849,TQC,env5,140792,-94336.3359375
17850,TQC,env5,141408,-94831.625
17851,TQC,env5,142552,-94636.34375
17852,TQC,env5,143300,-95076.5546875
17853,TQC,env5,144088,-95249.265625
17854,TQC,env5,144924,-95037.7421875
17855,TQC,env5,145628,-94756.40625
17856,TQC,env5,146516,-94990.359375
17857,TQC,env5,147056,-95084.1171875
17858,TQC,env5,147852,-94957.3984375
17859,TQC,env5,148888,-94983.2578125
17860,TQC,env5,149536,-95510.0859375
17861,TQC,env5,149980,-95207.8984375
17862,TQC,env5,150904,-95237.3203125
17863,TQC,env5,151472,-95441.734375
17864,TQC,env5,151988,-95513.421875
17865,TQC,env5,152880,-95514.328125
17866,TQC,env5,153224,-95530.0390625
17867,TQC,env5,154228,-95551.4140625
17868,TQC,env5,154968,-95550.9375
17869,TQC,env5,156288,-95494.3359375
17870,TQC,env5,157456,-95620.6171875
17871,TQC,env5,158016,-95858.4921875
17872,TQC,env5,158948,-95941.625
17873,TQC,env5,160372,-96138.1796875
17874,TQC,env5,161176,-96269.109375
17875,TQC,env5,162156,-95788.5546875
17876,TQC,env5,163112,-96024.1953125
17877,TQC,env5,164168,-95879.390625
17878,TQC,env5,165600,-95845.640625
17879,TQC,env5,166548,-95566.8359375
17880,TQC,env5,167948,-93513.3984375
17881,TQC,env5,168608,-93258.1796875
17882,TQC,env5,169452,-93283.21875
17883,TQC,env5,170020,-93267.015625
17884,TQC,env5,170652,-93131.359375
17885,TQC,env5,171740,-92808.96875
17886,TQC,env5,172900,-92941.03125
17887,TQC,env5,174204,-93164.2109375
17888,TQC,env5,174836,-92867.6640625
17889,TQC,env5,175852,-92999.0625
17890,TQC,env5,176428,-93012.203125
17891,TQC,env5,177004,-92801.1875
17892,TQC,env5,178280,-92703.3828125
17893,TQC,env5,179420,-92716.0859375
17894,TQC,env5,180000,-92940.8828125
17895,TQC,env5,181192,-93127.1328125
17896,TQC,env5,182168,-92940.359375
17897,TQC,env5,182684,-93142.9921875
17898,TQC,env5,183624,-93357.640625
17899,TQC,env5,184616,-93166.1015625
17900,TQC,env5,185576,-93573.1328125
17901,TQC,env5,187136,-93353.2734375
17902,TQC,env5,187988,-93655.5234375
17903,TQC,env5,188800,-93583.3125
17904,TQC,env5,189752,-93583.796875
17905,TQC,env5,190772,-95744.2890625
17906,TQC,env5,191468,-96048.8515625
17907,TQC,env5,192552,-96021.28125
17908,TQC,env5,193596,-96027.4453125
17909,TQC,env5,194824,-96161.9921875
17910,TQC,env5,196096,-96384.328125
17911,TQC,env5,197856,-96718.0234375
17912,TQC,env5,199300,-96539.5
17913,TQC,env5,200136,-96719.6484375
17914,TQC,env5,202868,-95844.6171875
17915,TQC,env5,203948,-95773.734375
17916,TQC,env5,205164,-94934.5078125
17917,TQC,env5,206536,-95045.03125
17918,TQC,env5,207144,-95142.03125
17919,TQC,env5,207976,-94883.8984375
17920,TQC,env5,209936,-93988.1796875
17921,TQC,env5,211552,-93899.7421875
17922,TQC,env5,212732,-93847.5234375
17923,TQC,env5,213512,-93832.3046875
17924,TQC,env5,214288,-93779.03125
17925,TQC,env5,215124,-93581.3984375
17926,TQC,env5,216316,-93800.828125
17927,TQC,env5,217576,-93741.703125
17928,TQC,env5,219064,-93738.375
17929,TQC,env5,220476,-93051.5
17930,TQC,env5,222568,-92389.296875
17931,TQC,env5,223252,-92468.203125
17932,TQC,env5,224208,-92504.0703125
17933,TQC,env5,225752,-92491.1015625
17934,TQC,env5,227128,-92500.8203125
17935,TQC,env5,228580,-92568.9453125
17936,TQC,env5,230884,-92279.9453125
17937,TQC,env5,232672,-92464.1328125
17938,TQC,env5,233420,-92521.609375
17939,TQC,env5,234312,-93400.234375
17940,TQC,env5,235020,-93571.375
17941,TQC,env5,235996,-94556.6796875
17942,TQC,env5,236788,-94636.3984375
17943,TQC,env5,237744,-94557.6796875
17944,TQC,env5,238868,-94666.140625
17945,TQC,env5,239812,-95760.3359375
17946,TQC,env5,240596,-96124.7734375
17947,TQC,env5,241568,-95124.140625
17948,TQC,env5,242628,-95123.765625
17949,TQC,env5,243392,-95334.6875
17950,TQC,env5,244332,-95449.3046875
17951,TQC,env5,245592,-95530.890625
17952,TQC,env5,247572,-95279.1875
17953,TQC,env5,248796,-95037.7109375
17954,TQC,env5,249636,-96019.734375
17955,TQC,env5,251476,-96717.015625
17956,TQC,env5,252672,-96593.984375
17957,TQC,env5,254364,-96303.1484375
17958,TQC,env5,255776,-96587.6171875
17959,TQC,env5,258116,-96794.765625
17960,TQC,env5,259608,-96557.46875
17961,TQC,env5,261704,-96521.2265625
17962,TQC,env5,263376,-96360.828125
17963,TQC,env5,265460,-96130.3828125
17964,TQC,env5,266752,-96103.640625
17965,TQC,env5,267352,-95885.7421875
17966,TQC,env5,268120,-95669.5625
17967,TQC,env5,269312,-95575.5390625
17968,TQC,env5,270760,-95393.875
17969,TQC,env5,271980,-95482.3515625
17970,TQC,env5,273032,-95470.4140625
17971,TQC,env5,273860,-95489.9140625
17972,TQC,env5,274784,-96452.515625
17973,TQC,env5,275924,-96472.8984375
17974,TQC,env5,278136,-96304.3515625
17975,TQC,env5,279616,-94959.21875
17976,TQC,env5,280464,-94922.6953125
17977,TQC,env5,282372,-94781.1875
17978,TQC,env5,283928,-93703.7265625
17979,TQC,env5,286068,-93660.171875
17980,TQC,env5,287412,-93341.359375
17981,TQC,env5,288768,-92287.9921875
17982,TQC,env5,290252,-91964.1484375
17983,TQC,env5,291408,-91511.828125
17984,TQC,env5,292136,-91181.296875
17985,TQC,env5,293520,-91136.2265625
17986,TQC,env5,295424,-91019.796875
17987,TQC,env5,296128,-91121.328125
17988,TQC,env5,297552,-91092.8828125
17989,TQC,env5,299208,-90314.8046875
17990,TQC,env5,300216,-90160.8046875
17991,TQC,env5,302088,-90279.0234375
17992,TQC,env5,303892,-89972.6015625
17993,TQC,env5,305888,-89776.4609375
17994,TQC,env5,306632,-89640.515625
17995,TQC,env5,307824,-89379.328125
17996,TQC,env5,310916,-89064.953125
17997,TQC,env5,312008,-88778.6015625
17998,TQC,env5,312976,-87430.5859375
17999,TQC,env5,313800,-87388.5390625
18000,TQC,env5,316760,-87474.0859375
18001,TQC,env5,317088,-87403.0546875
18002,TQC,env5,317300,-87632.7109375
18003,TQC,env5,317724,-89114.3828125
18004,TQC,env5,318548,-89215.0546875
18005,TQC,env5,320228,-89491.3984375
18006,TQC,env5,320492,-90580.9609375
18007,TQC,env5,320652,-91233.5234375
18008,TQC,env5,321288,-91320.09375
18009,TQC,env5,322144,-91373.7734375
18010,TQC,env5,322328,-91753.4375
18011,TQC,env5,322480,-92127.5078125
18012,TQC,env5,322676,-92203.171875
18013,TQC,env5,322904,-92552.8359375
18014,TQC,env5,323136,-93329.078125
18015,TQC,env5,323300,-93646.3515625
18016,TQC,env5,323460,-93860.8984375
18017,TQC,env5,323656,-94207.0390625
18018,TQC,env5,323984,-94701.671875
18019,TQC,env5,324712,-94699.5234375
18020,TQC,env5,325028,-94637.6484375
18021,TQC,env5,325248,-94807.671875
18022,TQC,env5,325444,-95346.3359375
18023,TQC,env5,325640,-96705.9765625
18024,TQC,env5,325800,-97107.1015625
18025,TQC,env5,325892,-98493.6328125
18026,TQC,env5,326000,-98641.234375
18027,TQC,env5,326100,-98828.3828125
18028,TQC,env5,326208,-98814.8828125
18029,TQC,env5,326336,-98909.6640625
18030,TQC,env5,326468,-99150.984375
18031,TQC,env5,326628,-99323.8125
18032,TQC,env5,326756,-99323.609375
18033,TQC,env5,326872,-99574.359375
18034,TQC,env5,327024,-99764.40625
18035,TQC,env5,327172,-99729.2109375
18036,TQC,env5,327300,-99704.90625
18037,TQC,env5,327464,-99706.3046875
18038,TQC,env5,327616,-99706.109375
18039,TQC,env5,327728,-99765.359375
18040,TQC,env5,327936,-99854.5546875
18041,TQC,env5,328176,-99855.65625
18042,TQC,env5,328332,-99865.9609375
18043,TQC,env5,328456,-99868.359375
18044,TQC,env5,328584,-99917.9609375
18045,TQC,env5,328696,-100193.953125
18046,TQC,env5,328876,-100260.203125
18047,TQC,env5,328992,-100264.703125
18048,TQC,env5,329140,-100268.0
18049,TQC,env5,329336,-100233.6015625
18050,TQC,env5,329452,-100235.1015625
18051,TQC,env5,329684,-100237.1015625
18052,TQC,env5,329828,-100239.5
18053,TQC,env5,329976,-100242.1015625
18054,TQC,env5,330192,-100246.296875
18055,TQC,env5,330324,-100248.296875
18056,TQC,env5,330548,-100250.5
18057,TQC,env5,330704,-100254.296875
18058,TQC,env5,330852,-100100.0703125
18059,TQC,env5,330992,-100102.765625
18060,TQC,env5,331228,-100104.96875
18061,TQC,env5,331508,-100108.96875
18062,TQC,env5,331780,-100129.3671875
18063,TQC,env5,332924,-100064.265625
18064,TQC,env5,333592,-99907.40625
18065,TQC,env5,333952,-99772.7421875
18066,TQC,env5,334456,-99697.484375
18067,TQC,env5,334840,-99709.8828125
18068,TQC,env5,336108,-99631.953125
18069,TQC,env5,337240,-99509.9765625
18070,TQC,env5,337656,-99381.7109375
18071,TQC,env5,338568,-99304.2109375
18072,TQC,env5,339736,-98259.5625
18073,TQC,env5,342036,-97446.4296875
18074,TQC,env5,344204,-96929.828125
18075,TQC,env5,345728,-96436.8515625
18076,TQC,env5,346112,-96281.25
18077,TQC,env5,346860,-96101.0
18078,TQC,env5,347300,-96053.1015625
18079,TQC,env5,347548,-96082.203125
18080,TQC,env5,347684,-95893.4296875
18081,TQC,env5,347812,-95893.2265625
18082,TQC,env5,348896,-95708.875
18083,TQC,env5,350252,-95750.609375
18084,TQC,env5,351280,-95418.4921875
18085,TQC,env5,351732,-95430.6875
18086,TQC,env5,351992,-95367.4921875
18087,TQC,env5,352220,-95390.890625
18088,TQC,env5,352348,-95355.515625
18089,TQC,env5,352584,-95518.6796875
18090,TQC,env5,352744,-95554.2734375
18091,TQC,env5,352952,-95530.4765625
18092,TQC,env5,353056,-95409.3125
18093,TQC,env5,353456,-95284.984375
18094,TQC,env5,353644,-95093.8515625
18095,TQC,env5,353808,-94818.2578125
18096,TQC,env5,354096,-94821.6875
18097,TQC,env5,354276,-95661.3984375
18098,TQC,env5,354432,-96269.7578125
18099,TQC,env5,354504,-96680.4609375
18100,TQC,env5,354672,-96870.15625
18101,TQC,env5,354764,-97023.453125
18102,TQC,env5,354896,-97099.140625
18103,TQC,env5,355012,-97143.34375
18104,TQC,env5,355172,-97108.4453125
18105,TQC,env5,355424,-97096.2578125
18106,TQC,env5,355548,-97094.5546875
18107,TQC,env5,355648,-97274.90625
18108,TQC,env5,355852,-97390.6015625
18109,TQC,env5,355996,-97719.328125
18110,TQC,env5,356148,-97606.1484375
18111,TQC,env5,356364,-97464.875
18112,TQC,env5,356516,-97420.2734375
18113,TQC,env5,356600,-97417.25
18114,TQC,env5,356788,-97409.453125
18115,TQC,env5,356888,-97405.375
18116,TQC,env5,356984,-97501.140625
18117,TQC,env5,357080,-96596.3359375
18118,TQC,env5,357220,-96695.515625
18119,TQC,env5,357340,-96850.921875
18120,TQC,env5,357432,-97151.515625
18121,TQC,env5,357628,-97024.625
18122,TQC,env5,357892,-97031.515625
18123,TQC,env5,358040,-97033.9609375
18124,TQC,env5,358248,-96936.6015625
18125,TQC,env5,358516,-97049.046875
18126,TQC,env5,358700,-96758.7265625
18127,TQC,env5,358844,-96661.203125
18128,TQC,env5,359048,-96364.359375
18129,TQC,env5,359224,-96168.453125
18130,TQC,env5,359392,-96172.125
18131,TQC,env5,359564,-95972.8125
18132,TQC,env5,359792,-95574.9375
18133,TQC,env5,359992,-95171.203125
18134,TQC,env5,360236,-94873.3515625
18135,TQC,env5,360448,-94889.953125
18136,TQC,env5,360716,-94899.7265625
18137,TQC,env5,361048,-94906.265625
18138,TQC,env5,361412,-95043.859375
18139,TQC,env5,361592,-95057.5625
18140,TQC,env5,361872,-95076.2109375
18141,TQC,env5,362056,-94989.25
18142,TQC,env5,362268,-95796.2734375
18143,TQC,env5,362464,-95802.5859375
18144,TQC,env5,362664,-95705.625
18145,TQC,env5,362896,-95508.703125
18146,TQC,env5,363064,-95519.0
18147,TQC,env5,363260,-95618.703125
18148,TQC,env5,363468,-95625.0390625
18149,TQC,env5,363660,-95629.109375
18150,TQC,env5,363844,-95520.546875
18151,TQC,env5,364060,-95515.578125
18152,TQC,env5,364556,-95728.9140625
18153,TQC,env5,365016,-95937.6015625
18154,TQC,env5,365300,-96202.9140625
18155,TQC,env5,365480,-96000.140625
18156,TQC,env5,365688,-96206.9609375
18157,TQC,env5,365860,-96511.921875
18158,TQC,env5,366040,-96718.4375
18159,TQC,env5,366236,-96823.8515625
18160,TQC,env5,366408,-96708.984375
18161,TQC,env5,366652,-96500.140625
18162,TQC,env5,366844,-96402.015625
18163,TQC,env5,367024,-96169.375
18164,TQC,env5,367272,-95966.25
18165,TQC,env5,367436,-95753.984375
18166,TQC,env5,367596,-95848.953125
18167,TQC,env5,367764,-95645.328125
18168,TQC,env5,368032,-95442.953125
18169,TQC,env5,368212,-95647.7890625
18170,TQC,env5,368388,-95751.8984375
18171,TQC,env5,368564,-95643.0390625
18172,TQC,env5,368780,-95439.9609375
18173,TQC,env5,368968,-95439.0625
18174,TQC,env5,369156,-95440.640625
18175,TQC,env5,369324,-95542.359375
18176,TQC,env5,369568,-95440.375
18177,TQC,env5,369784,-95229.2265625
18178,TQC,env5,369988,-95123.75
18179,TQC,env5,370468,-94759.5859375
18180,TQC,env5,370684,-94864.953125
18181,TQC,env5,370964,-94866.171875
18182,TQC,env5,371384,-94875.2890625
18183,TQC,env5,371724,-94897.9765625
18184,TQC,env5,372304,-94797.234375
18185,TQC,env5,373364,-94949.234375
18186,TQC,env5,374248,-95089.796875
18187,TQC,env5,374940,-95231.109375
18188,TQC,env5,375680,-95501.546875
18189,TQC,env5,379368,-95905.171875
18190,TQC,env5,380716,-94062.359375
18191,TQC,env5,382840,-92709.9140625
18192,TQC,env5,384656,-92972.875
18193,TQC,env5,386036,-93265.1640625
18194,TQC,env5,386868,-93471.1875
18195,TQC,env5,387968,-93720.578125
18196,TQC,env5,390796,-94127.703125
18197,TQC,env5,391232,-94347.828125
18198,TQC,env5,391500,-94471.1171875
18199,TQC,env5,391708,-94666.015625
18200,TQC,env5,391916,-94862.390625
18201,TQC,env5,392144,-95161.703125
18202,TQC,env5,392412,-95461.578125
18203,TQC,env5,392676,-95659.0078125
18204,TQC,env5,392816,-95791.7265625
18205,TQC,env5,392952,-95985.265625
18206,TQC,env5,393184,-96079.2890625
18207,TQC,env5,393416,-96171.59375
18208,TQC,env5,393548,-96300.625
18209,TQC,env5,393740,-96602.3046875
18210,TQC,env5,393932,-96656.34375
18211,TQC,env5,394144,-96819.7578125
18212,TQC,env5,394304,-96880.109375
18213,TQC,env5,394508,-96817.3125
18214,TQC,env5,394776,-96619.2109375
18215,TQC,env5,395052,-98776.0703125
18216,TQC,env5,395316,-100139.3125
18217,TQC,env5,395572,-100290.7109375
18218,TQC,env5,395836,-100308.0625
18219,TQC,env5,396052,-100208.0625
18220,TQC,env5,396228,-100162.8671875
18221,TQC,env5,396492,-99967.828125
18222,TQC,env5,396712,-99955.8984375
18223,TQC,env5,396936,-100038.1953125
18224,TQC,env5,397248,-100056.59375
18225,TQC,env5,397532,-100070.296875
18226,TQC,env5,397836,-100090.796875
18227,TQC,env5,398028,-100098.5
18228,TQC,env5,398244,-100108.5
18229,TQC,env5,398488,-100281.8359375
18230,TQC,env5,398720,-100293.234375
18231,TQC,env5,398908,-100299.734375
18232,TQC,env5,399124,-100304.9375
18233,TQC,env5,399336,-100358.4375
18234,TQC,env5,399496,-100357.9375
18235,TQC,env5,400120,-100359.8359375
18236,TQC,env5,400432,-100371.3359375
18237,TQC,env5,400612,-100411.734375
18238,TQC,env5,400816,-100408.9375
18239,TQC,env5,400992,-100405.3359375
18240,TQC,env5,401156,-100395.0390625
18241,TQC,env5,401428,-100387.9375
18242,TQC,env5,401616,-100386.0390625
18243,TQC,env5,401864,-100383.640625
18244,TQC,env5,402076,-100385.140625
18245,TQC,env5,402216,-100383.4375
18246,TQC,env5,402392,-100477.4765625
18247,TQC,env5,402568,-100573.6015625
18248,TQC,env5,402748,-100571.5
18249,TQC,env5,402940,-100561.796875
18250,TQC,env5,403376,-100570.5
18251,TQC,env5,403700,-100555.8984375
18252,TQC,env5,404168,-100566.6015625
18253,TQC,env5,404556,-100580.796875
18254,TQC,env5,405236,-100600.703125
18255,TQC,env5,405844,-100620.5
18256,TQC,env5,406892,-100643.0
18257,TQC,env5,407284,-99532.6875
18258,TQC,env5,408476,-99106.078125
18259,TQC,env5,409332,-99109.875
18260,TQC,env5,410100,-99107.4765625
18261,TQC,env5,410440,-99164.875
18262,TQC,env5,411020,-99132.1796875
18263,TQC,env5,411396,-99129.875
18264,TQC,env5,411708,-99127.875
18265,TQC,env5,411924,-98221.578125
18266,TQC,env5,412056,-97314.1796875
18267,TQC,env5,412228,-97306.4765625
18268,TQC,env5,412432,-97303.28125
18269,TQC,env5,412660,-97309.78125
18270,TQC,env5,412876,-97312.78125
18271,TQC,env5,413100,-97313.6796875
18272,TQC,env5,413336,-97315.6796875
18273,TQC,env5,413520,-97321.375
18274,TQC,env5,413768,-97320.78125
18275,TQC,env5,413944,-97306.375
18276,TQC,env5,414212,-97312.078125
18277,TQC,env5,414484,-97306.6796875
18278,TQC,env5,414700,-97293.1796875
18279,TQC,env5,414980,-97281.6796875
18280,TQC,env5,415292,-97164.015625
18281,TQC,env5,415532,-97147.21875
18282,TQC,env5,415764,-98262.828125
18283,TQC,env5,416008,-98692.9375
18284,TQC,env5,416212,-98692.5390625
18285,TQC,env5,416408,-98697.5390625
18286,TQC,env5,416868,-98638.3359375
18287,TQC,env5,417152,-98651.234375
18288,TQC,env5,417492,-98666.5390625
18289,TQC,env5,418280,-98691.0390625
18290,TQC,env5,419120,-99532.0390625
18291,TQC,env5,420360,-100241.9765625
18292,TQC,env5,421456,-98722.4296875
18293,TQC,env5,423400,-98355.9453125
18294,TQC,env5,423836,-96961.84375
18295,TQC,env5,424428,-96676.5625
18296,TQC,env5,425288,-96625.4140625
18297,TQC,env5,425740,-96428.7890625
18298,TQC,env5,426224,-96338.5234375
18299,TQC,env5,427060,-96266.828125
18300,TQC,env5,427308,-95980.125
18301,TQC,env5,427576,-95677.0
18302,TQC,env5,427912,-95574.0625
18303,TQC,env5,428224,-95567.9609375
18304,TQC,env5,428436,-95455.640625
18305,TQC,env5,428652,-95444.3359375
18306,TQC,env5,428876,-95431.734375
18307,TQC,env5,429040,-95320.9140625
18308,TQC,env5,429148,-95209.0234375
18309,TQC,env5,429316,-94895.203125
18310,TQC,env5,429436,-94686.234375
18311,TQC,env5,429568,-94573.875
18312,TQC,env5,429696,-94346.1875
18313,TQC,env5,429820,-94228.609375
18314,TQC,env5,429980,-94097.2734375
18315,TQC,env5,430120,-94056.4140625
18316,TQC,env5,430232,-94147.3515625
18317,TQC,env5,430360,-95463.1328125
18318,TQC,env5,430468,-95724.546875
18319,TQC,env5,430612,-96798.6953125
18320,TQC,env5,430764,-96873.2109375
18321,TQC,env5,430880,-96717.953125
18322,TQC,env5,430992,-96906.671875
18323,TQC,env5,431092,-96881.671875
18324,TQC,env5,431192,-96744.296875
18325,TQC,env5,431328,-96924.6640625
18326,TQC,env5,431448,-97115.9609375
18327,TQC,env5,431588,-96903.796875
18328,TQC,env5,431728,-96700.2734375
18329,TQC,env5,431856,-96495.375
18330,TQC,env5,431980,-96392.515625
18331,TQC,env5,432088,-96392.515625
18332,TQC,env5,432196,-96385.5625
18333,TQC,env5,432304,-96183.390625
18334,TQC,env5,432416,-96183.2265625
18335,TQC,env5,432568,-96182.546875
18336,TQC,env5,432676,-95980.6015625
18337,TQC,env5,432816,-95979.453125
18338,TQC,env5,432936,-95877.390625
18339,TQC,env5,433048,-95675.5234375
18340,TQC,env5,433232,-95676.6484375
18341,TQC,env5,433388,-95473.734375
18342,TQC,env5,433520,-95273.0625
18343,TQC,env5,433644,-95173.234375
18344,TQC,env5,433804,-95272.828125
18345,TQC,env5,433928,-95073.3359375
18346,TQC,env5,434060,-94872.3359375
18347,TQC,env5,434196,-94572.2734375
18348,TQC,env5,434356,-94475.4140625
18349,TQC,env5,434480,-94275.8515625
18350,TQC,env5,434624,-94276.109375
18351,TQC,env5,434776,-94075.8359375
18352,TQC,env5,434896,-94382.234375
18353,TQC,env5,435052,-94381.921875
18354,TQC,env5,435264,-94586.8515625
18355,TQC,env5,435472,-94696.4609375
18356,TQC,env5,435604,-94497.7109375
18357,TQC,env5,435796,-94503.3984375
18358,TQC,env5,435980,-94811.0625
18359,TQC,env5,436200,-94914.734375
18360,TQC,env5,436348,-95119.078125
18361,TQC,env5,436484,-95426.6875
18362,TQC,env5,436620,-95627.921875
18363,TQC,env5,436776,-95832.4609375
18364,TQC,env5,436928,-96136.4609375
18365,TQC,env5,437056,-96238.203125
18366,TQC,env5,437200,-96540.4375
18367,TQC,env5,437392,-96948.375
18368,TQC,env5,437508,-97152.078125
18369,TQC,env5,437676,-97357.3359375
18370,TQC,env5,437804,-97759.484375
18371,TQC,env5,438036,-98165.796875
18372,TQC,env5,438196,-98474.0625
18373,TQC,env5,438500,-98578.046875
18374,TQC,env5,438668,-98988.7890625
18375,TQC,env5,439236,-98996.5234375
18376,TQC,env5,439492,-99107.2265625
18377,TQC,env5,439692,-99105.625
18378,TQC,env5,439888,-99307.9609375
18379,TQC,env5,440216,-99406.859375
18380,TQC,env5,440636,-99404.265625
18381,TQC,env5,441520,-99119.390625
18382,TQC,env5,442512,-98831.4140625
18383,TQC,env5,445316,-98682.1328125
18384,TQC,env5,447276,-97647.6171875
18385,TQC,env5,449632,-97497.2421875
18386,TQC,env5,451608,-97435.6953125
18387,TQC,env5,455608,-96514.78125
18388,TQC,env5,456968,-94216.265625
18389,TQC,env5,458796,-94149.84375
18390,TQC,env5,462796,-91894.3515625
18391,TQC,env5,465432,-89640.3515625
18392,TQC,env5,468272,-89429.9765625
18393,TQC,env5,470480,-89389.0703125
18394,TQC,env5,471144,-89403.6640625
18395,TQC,env5,472572,-87332.015625
18396,TQC,env5,474780,-86223.390625
18397,TQC,env5,478332,-84262.65625
18398,TQC,env5,478916,-83193.359375
18399,TQC,env5,479288,-82301.7578125
18400,TQC,env5,479828,-82420.296875
18401,TQC,env5,483100,-82627.71875
18402,TQC,env5,483776,-81483.3046875
18403,TQC,env5,485832,-80505.5078125
18404,TQC,env5,486564,-80583.203125
18405,TQC,env5,488252,-80684.6953125
18406,TQC,env5,490312,-81136.5625
18407,TQC,env5,491556,-80532.875
18408,TQC,env5,495328,-77967.6640625
18409,TQC,env5,495668,-78254.6875
18410,TQC,env5,496540,-78411.0625
18411,TQC,env5,498424,-77457.1015625
18412,TQC,env5,500644,-78265.0625
18413,TQC,env5,502440,-78314.3046875
18414,TQC,env5,505220,-78473.65625
18415,TQC,env5,509220,-79745.015625
18416,TQC,env5,510104,-79303.8203125
18417,TQC,env5,513532,-78255.984375
18418,TQC,env5,517532,-75382.4296875
18419,TQC,env5,519628,-73209.5703125
18420,TQC,env5,523628,-72230.765625
18421,TQC,env5,527264,-71302.9765625
18422,TQC,env5,530988,-70060.34375
18423,TQC,env5,533548,-69423.3046875
18424,TQC,env5,535628,-68120.7734375
18425,TQC,env5,539264,-66282.6875
18426,TQC,env5,541088,-65300.80078125
18427,TQC,env5,542100,-65555.015625
18428,TQC,env5,542568,-65562.2734375
18429,TQC,env5,543448,-65498.578125
18430,TQC,env5,545136,-65417.02734375
18431,TQC,env5,545764,-65451.578125
18432,TQC,env5,546152,-64634.02734375
18433,TQC,env5,546528,-67343.2265625
18434,TQC,env5,546796,-68310.4296875
18435,TQC,env5,547068,-68208.1015625
18436,TQC,env5,547424,-69216.9140625
18437,TQC,env5,547692,-68291.2265625
18438,TQC,env5,547852,-70537.1953125
18439,TQC,env5,548008,-70498.3203125
18440,TQC,env5,548120,-71445.59375
18441,TQC,env5,548228,-74140.796875
18442,TQC,env5,548352,-75392.7109375
18443,TQC,env5,548460,-78303.875
18444,TQC,env5,548584,-80457.234375
18445,TQC,env5,548700,-83506.0859375
18446,TQC,env5,548812,-85536.6015625
18447,TQC,env5,548948,-88733.171875
18448,TQC,env5,549068,-90533.75
18449,TQC,env5,549176,-92719.671875
18450,TQC,env5,549304,-94531.4609375
18451,TQC,env5,549528,-95495.421875
18452,TQC,env5,549948,-96399.828125
18453,TQC,env5,550372,-97374.9609375
18454,TQC,env5,553528,-96401.4609375
18455,TQC,env5,554372,-94510.7734375
18456,TQC,env5,555688,-94472.546875
18457,TQC,env5,558640,-96186.328125
18458,TQC,env5,561864,-95164.140625
18459,TQC,env5,562924,-93364.734375
18460,TQC,env5,565352,-93585.859375
18461,TQC,env5,566576,-92570.5
18462,TQC,env5,567952,-93705.234375
18463,TQC,env5,569392,-93726.328125
18464,TQC,env5,573056,-93753.6015625
18465,TQC,env5,575416,-92744.5625
18466,TQC,env5,579416,-90802.9375
18467,TQC,env5,580804,-90004.0390625
18468,TQC,env5,581620,-89133.8359375
18469,TQC,env5,582564,-89080.5859375
18470,TQC,env5,585400,-88101.5390625
18471,TQC,env5,586064,-88141.859375
18472,TQC,env5,586804,-88170.359375
18473,TQC,env5,587168,-87277.765625
18474,TQC,env5,587736,-87296.6640625
18475,TQC,env5,588224,-87308.9609375
18476,TQC,env5,589172,-87321.359375
18477,TQC,env5,589712,-86454.1640625
18478,TQC,env5,590188,-86458.359375
18479,TQC,env5,590844,-87451.6640625
18480,TQC,env5,591644,-89448.328125
18481,TQC,env5,592060,-88638.453125
18482,TQC,env5,592760,-88677.859375
18483,TQC,env5,593692,-89642.4140625
18484,TQC,env5,594360,-91281.9765625
18485,TQC,env5,594692,-90888.1484375
18486,TQC,env5,595376,-91729.1640625
18487,TQC,env5,596020,-91568.0859375
18488,TQC,env5,596684,-91268.484375
18489,TQC,env5,597760,-90843.3203125
18490,TQC,env5,599760,-91705.3828125
18491,TQC,env5,600352,-93387.796875
18492,TQC,env5,601616,-93229.921875
18493,TQC,env5,602432,-93979.046875
18494,TQC,env5,604128,-93894.7734375
18495,TQC,env5,605624,-93640.6796875
18496,TQC,env5,607132,-92546.90625
18497,TQC,env5,610792,-90391.09375
18498,TQC,env5,614168,-90300.1796875
18499,TQC,env5,615680,-90427.578125
18500,TQC,env5,616516,-90492.3828125
18501,TQC,env5,617500,-90526.28125
18502,TQC,env5,619556,-90549.28125
18503,TQC,env5,620644,-90653.078125
18504,TQC,env5,621180,-89746.984375
18505,TQC,env5,621848,-89764.28125
18506,TQC,env5,622672,-90668.578125
18507,TQC,env5,624428,-90815.296875
18508,TQC,env5,628428,-90082.9296875
18509,TQC,env5,632428,-86609.671875
18510,TQC,env5,634444,-84208.09375
18511,TQC,env5,636900,-82705.84375
18512,TQC,env5,640384,-82924.3203125
18513,TQC,env5,641968,-82276.109375
18514,TQC,env5,643700,-82810.0
18515,TQC,env5,647700,-81103.9140625
18516,TQC,env5,651700,-77750.828125
18517,TQC,env5,655700,-75096.1015625
18518,TQC,env5,658176,-74448.578125
18519,TQC,env5,660616,-74486.6171875
18520,TQC,env5,664548,-73887.0078125
18521,TQC,env5,668548,-72096.375
18522,TQC,env5,671420,-71554.1875
18523,TQC,env5,674992,-70778.3515625
18524,TQC,env5,678860,-67950.546875
18525,TQC,env5,682860,-65229.3515625
18526,TQC,env5,686860,-62566.3515625
18527,TQC,env5,688180,-60705.94921875
18528,TQC,env5,691988,-58842.1484375
18529,TQC,env5,695988,-56099.94921875
18530,TQC,env5,699684,-54424.55078125
18531,TQC,env5,703684,-50753.05078125
18532,TQC,env5,707684,-47046.05078125
18533,TQC,env5,711684,-44223.55078125
18534,TQC,env5,715192,-45183.94921875
18535,TQC,env5,719192,-45180.8515625
18536,TQC,env5,721648,-44207.25
18537,TQC,env5,724392,-42355.05078125
18538,TQC,env5,728392,-39669.67578125
18539,TQC,env5,732392,-35900.875
18540,TQC,env5,736392,-34140.83203125
18541,TQC,env5,740136,-36989.03515625
18542,TQC,env5,743660,-39826.49609375
18543,TQC,env5,746248,-40836.09765625
18544,TQC,env5,747664,-40916.1171875
18545,TQC,env5,751124,-41718.6875
18546,TQC,env5,753400,-44710.59375
18547,TQC,env5,756920,-45666.1953125
18548,TQC,env5,760728,-45767.9453125
18549,TQC,env5,764728,-44837.24609375
18550,TQC,env5,768000,-45819.24609375
18551,TQC,env5,769772,-46715.14453125
18552,TQC,env5,773216,-48416.89453125
18553,TQC,env5,774900,-48983.95703125
18554,TQC,env5,777364,-52694.7578125
18555,TQC,env5,781328,-53531.05859375
18556,TQC,env5,784800,-55465.16015625
18557,TQC,env5,787800,-57370.16015625
18558,TQC,env5,790096,-59150.7578125
18559,TQC,env5,791728,-61837.5078125
18560,TQC,env5,792288,-63643.109375
18561,TQC,env5,792940,-66337.90625
18562,TQC,env5,793592,-67999.15625
18563,TQC,env5,794504,-71570.734375
18564,TQC,env5,795720,-75127.6171875
18565,TQC,env5,796612,-78623.8984375
18566,TQC,env5,797320,-79283.046875
18567,TQC,env5,798452,-79909.53125
18568,TQC,env5,800284,-79699.78125
18569,TQC,env5,804284,-76764.828125
18570,TQC,env5,806664,-77690.2421875
18571,TQC,env5,809068,-76710.1640625
18572,TQC,env5,810864,-77614.0703125
18573,TQC,env5,813264,-78286.4453125
18574,TQC,env5,814056,-81947.6953125
18575,TQC,env5,815404,-83715.7890625
18576,TQC,env5,816760,-85559.6953125
18577,TQC,env5,818380,-86510.9453125
18578,TQC,env5,819976,-87769.828125
18579,TQC,env5,823976,-86967.828125
18580,TQC,env5,826644,-86787.2265625
18581,TQC,env5,828404,-87493.65625
18582,TQC,env5,830560,-88280.828125
18583,TQC,env5,832644,-89294.53125
18584,TQC,env5,835224,-86563.078125
18585,TQC,env5,838920,-84697.3515625
18586,TQC,env5,842760,-81993.953125
18587,TQC,env5,846760,-78418.703125
18588,TQC,env5,849608,-77486.890625
18589,TQC,env5,853276,-74744.65625
18590,TQC,env5,854760,-73089.578125
18591,TQC,env5,858760,-72503.03125
18592,TQC,env5,862380,-70951.78125
18593,TQC,env5,865808,-68242.625
18594,TQC,env5,867260,-68500.6484375
18595,TQC,env5,868776,-68589.921875
18596,TQC,env5,869988,-69193.203125
18597,TQC,env5,870532,-68889.1640625
18598,TQC,env5,871328,-69500.4765625
18599,TQC,env5,872104,-69074.640625
18600,TQC,env5,874896,-68733.265625
18601,TQC,env5,876104,-66543.203125
18602,TQC,env5,876880,-65726.8984375
18603,TQC,env5,878976,-65718.046875
18604,TQC,env5,880212,-66347.625
18605,TQC,env5,881796,-67346.375
18606,TQC,env5,883772,-68136.9296875
18607,TQC,env5,885296,-68998.1953125
18608,TQC,env5,887756,-68717.6640625
18609,TQC,env5,890592,-71383.390625
18610,TQC,env5,893516,-71329.3671875
18611,TQC,env5,896520,-73002.8046875
18612,TQC,env5,899796,-76547.78125
18613,TQC,env5,901436,-75628.1953125
18614,TQC,env5,904420,-77467.3671875
18615,TQC,env5,908320,-77455.7421875
18616,TQC,env5,910832,-76196.9140625
18617,TQC,env5,912168,-77966.015625
18618,TQC,env5,914824,-79521.7265625
18619,TQC,env5,916320,-80469.4296875
18620,TQC,env5,920320,-77843.8203125
18621,TQC,env5,922824,-77080.8671875
18622,TQC,env5,924196,-78293.203125
18623,TQC,env5,924968,-77825.8203125
18624,TQC,env5,926752,-78313.1015625
18625,TQC,env5,928764,-77344.3046875
18626,TQC,env5,930716,-79361.0390625
18627,TQC,env5,932924,-79199.40625
18628,TQC,env5,934716,-78207.5546875
18629,TQC,env5,936376,-77462.78125
18630,TQC,env5,938040,-77220.65625
18631,TQC,env5,939968,-76172.6015625
18632,TQC,env5,940904,-75778.9140625
18633,TQC,env5,942088,-76557.5390625
18634,TQC,env5,945600,-75543.7265625
18635,TQC,env5,947208,-76510.0078125
18636,TQC,env5,948708,-77255.4140625
18637,TQC,env5,950112,-76275.5703125
18638,TQC,env5,951776,-77825.6640625
18639,TQC,env5,952808,-78438.0703125
18640,TQC,env5,954100,-79782.2109375
18641,TQC,env5,955352,-81305.3671875
18642,TQC,env5,957356,-80781.7734375
18643,TQC,env5,958660,-81550.1328125
18644,TQC,env5,959976,-82939.71875
18645,TQC,env5,961584,-85219.1953125
18646,TQC,env5,962216,-85736.34375
18647,TQC,env5,964276,-85370.203125
18648,TQC,env5,965712,-85837.65625
18649,TQC,env5,967012,-84356.9140625
18650,TQC,env5,967984,-85182.9921875
18651,TQC,env5,968760,-84958.46875
18652,TQC,env5,969560,-85691.140625
18653,TQC,env5,970728,-86341.46875
18654,TQC,env5,971352,-86989.28125
18655,TQC,env5,972080,-87026.3515625
18656,TQC,env5,975396,-87086.0546875
18657,TQC,env5,977788,-84869.3125
18658,TQC,env5,981788,-83361.578125
18659,TQC,env5,983396,-81726.765625
18660,TQC,env5,985148,-83653.734375
18661,TQC,env5,986676,-82871.859375
18662,TQC,env5,988928,-84069.0390625
18663,TQC,env5,991844,-82577.2109375
18664,TQC,env5,995068,-81191.390625
18665,TQC,env5,998464,-78776.2578125
18666,TQC,env5,1002464,-76535.53125
18667,TQC,env5,1003604,-75189.7265625
18668,TQC,env5,1006728,-73651.75
18669,TQC,env5,1008268,-73682.171875
18670,TQC,env5,1010092,-72838.34375
18671,TQC,env5,1010796,-73180.6484375
18672,TQC,env5,1011940,-73509.2890625
18673,TQC,env5,1013072,-73815.2109375
18674,TQC,env5,1014836,-73313.859375
18675,TQC,env5,1015900,-73657.9140625
18676,TQC,env5,1017180,-73918.3984375
18677,TQC,env5,1018240,-74198.5859375
18678,TQC,env5,1020472,-74345.6015625
18679,TQC,env5,1023536,-72820.1875
18680,TQC,env5,1025804,-71054.25
18681,TQC,env5,1029636,-71162.6484375
18682,TQC,env5,1032472,-71050.9609375
18683,TQC,env5,1035660,-71793.59375
18684,TQC,env5,1037692,-74654.7890625
18685,TQC,env5,1038772,-74428.9765625
18686,TQC,env5,1039664,-74269.6796875
18687,TQC,env5,1041796,-73759.6796875
18688,TQC,env5,1043664,-74553.703125
18689,TQC,env5,1045284,-75105.0078125
18690,TQC,env5,1046204,-77708.4609375
18691,TQC,env5,1048328,-80162.7734375
18692,TQC,env5,1049432,-82061.4765625
18693,TQC,env5,1050476,-83581.234375
18694,TQC,env5,1051752,-83538.4453125
18695,TQC,env5,1052512,-84367.8515625
18696,TQC,env5,1053668,-84224.7421875
18697,TQC,env5,1054960,-83902.140625
18698,TQC,env5,1055560,-83602.53125
18699,TQC,env5,1057088,-85208.90625
18700,TQC,env5,1058428,-84878.40625
18701,TQC,env5,1059728,-84633.3046875
18702,TQC,env5,1061028,-84360.1171875
18703,TQC,env5,1062040,-84277.1796875
18704,TQC,env5,1064360,-85759.5703125
18705,TQC,env5,1067984,-84681.296875
18706,TQC,env5,1069428,-85781.140625
18707,TQC,env5,1071072,-88396.9296875
18708,TQC,env5,1073920,-87588.0234375
18709,TQC,env5,1075072,-86299.5859375
18710,TQC,env5,1077416,-86419.15625
18711,TQC,env5,1078784,-85555.71875
18712,TQC,env5,1079660,-85970.4140625
18713,TQC,env5,1083380,-84312.7421875
18714,TQC,env5,1086652,-83724.5390625
18715,TQC,env5,1087660,-81173.8046875
18716,TQC,env5,1088756,-81010.015625
18717,TQC,env5,1089472,-80551.34375
18718,TQC,env5,1090260,-80544.4765625
18719,TQC,env5,1091228,-80542.5546875
18720,TQC,env5,1092140,-80700.4453125
18721,TQC,env5,1093180,-80599.7890625
18722,TQC,env5,1094608,-79673.8671875
18723,TQC,env5,1095600,-79769.2265625
18724,TQC,env5,1096824,-79647.7265625
18725,TQC,env5,1097936,-79740.9296875
18726,TQC,env5,1099296,-79890.6640625
18727,TQC,env5,1100216,-79954.6171875
18728,TQC,env5,1100744,-79882.5703125
18729,TQC,env5,1101584,-79836.7265625
18730,TQC,env5,1102176,-82472.9453125
18731,TQC,env5,1103504,-82159.6484375
18732,TQC,env5,1104508,-81270.3671875
18733,TQC,env5,1105292,-82894.15625
18734,TQC,env5,1105828,-83620.671875
18735,TQC,env5,1106108,-83227.34375
18736,TQC,env5,1106756,-84876.515625
18737,TQC,env5,1107548,-84427.6875
18738,TQC,env5,1109068,-85768.2890625
18739,TQC,env5,1109436,-87153.3359375
18740,TQC,env5,1109744,-89722.484375
18741,TQC,env5,1110116,-89704.140625
18742,TQC,env5,1110924,-89780.734375
18743,TQC,env5,1112104,-89777.1484375
18744,TQC,env5,1113688,-89772.703125
18745,TQC,env5,1114292,-88534.140625
18746,TQC,env5,1116032,-88678.1015625
18747,TQC,env5,1118932,-88800.6640625
18748,TQC,env5,1119420,-88189.0390625
18749,TQC,env5,1120032,-87703.8515625
18750,TQC,env5,1120520,-88010.6015625
18751,TQC,env5,1120984,-88156.7265625
18752,TQC,env5,1121404,-88398.234375
18753,TQC,env5,1122056,-88604.4375
18754,TQC,env5,1122496,-88891.484375
18755,TQC,env5,1123364,-89304.875
18756,TQC,env5,1125020,-89184.2421875
18757,TQC,env5,1126596,-89790.8671875
18758,TQC,env5,1128380,-88697.21875
18759,TQC,env5,1129772,-88320.59375
18760,TQC,env5,1130528,-88462.4140625
18761,TQC,env5,1132152,-87299.7265625
18762,TQC,env5,1133268,-87122.4140625
18763,TQC,env5,1133724,-88197.0390625
18764,TQC,env5,1135300,-88214.40625
18765,TQC,env5,1137644,-88343.1796875
18766,TQC,env5,1140472,-88799.9140625
18767,TQC,env5,1144472,-85470.890625
18768,TQC,env5,1145764,-84950.015625
18769,TQC,env5,1149088,-84149.1953125
18770,TQC,env5,1151608,-84589.3046875
18771,TQC,env5,1155588,-82636.1953125
18772,TQC,env5,1156772,-82858.15625
18773,TQC,env5,1157996,-83624.265625
18774,TQC,env5,1160208,-84627.265625
18775,TQC,env5,1160928,-84480.921875
18776,TQC,env5,1162508,-83481.9609375
18777,TQC,env5,1163240,-83280.015625
18778,TQC,env5,1166080,-82144.765625
18779,TQC,env5,1166788,-82077.9765625
18780,TQC,env5,1167740,-81062.875
18781,TQC,env5,1168456,-81483.4296875
18782,TQC,env5,1169064,-82021.1796875
18783,TQC,env5,1170204,-83230.953125
18784,TQC,env5,1171292,-83847.1015625
18785,TQC,env5,1171644,-83953.46875
18786,TQC,env5,1172880,-85443.640625
18787,TQC,env5,1173532,-85838.21875
18788,TQC,env5,1174192,-86010.09375
18789,TQC,env5,1175048,-86411.1796875
18790,TQC,env5,1176976,-86494.21875
18791,TQC,env5,1178084,-85536.84375
18792,TQC,env5,1180976,-88332.2421875
18793,TQC,env5,1182676,-89122.5234375
18794,TQC,env5,1184976,-89260.078125
18795,TQC,env5,1187436,-90223.578125
18796,TQC,env5,1188208,-92158.8203125
18797,TQC,env5,1189444,-92946.234375
18798,TQC,env5,1190904,-92799.609375
18799,TQC,env5,1191348,-92709.484375
18800,TQC,env5,1192376,-92854.125
18801,TQC,env5,1194076,-92795.8125
18802,TQC,env5,1194936,-91593.5078125
18803,TQC,env5,1195576,-92768.1875
18804,TQC,env5,1197920,-92244.6015625
18805,TQC,env5,1198436,-93061.921875
18806,TQC,env5,1199328,-92974.03125
18807,TQC,env5,1199700,-92890.734375
18808,TQC,env5,1200092,-93050.4453125
18809,TQC,env5,1200444,-93054.5234375
18810,TQC,env5,1200620,-93204.296875
18811,TQC,env5,1200740,-93276.609375
18812,TQC,env5,1200988,-93459.2734375
18813,TQC,env5,1201220,-93577.96875
18814,TQC,env5,1201364,-93550.46875
18815,TQC,env5,1201548,-93573.7890625
18816,TQC,env5,1201656,-94473.65625
18817,TQC,env5,1201776,-95289.453125
18818,TQC,env5,1201992,-95407.5390625
18819,TQC,env5,1202204,-96458.5703125
18820,TQC,env5,1202380,-96518.765625
18821,TQC,env5,1202556,-96776.21875
18822,TQC,env5,1202680,-96832.203125
18823,TQC,env5,1202860,-97099.71875
18824,TQC,env5,1203040,-97062.640625
18825,TQC,env5,1203324,-97039.7421875
18826,TQC,env5,1204324,-98089.21875
18827,TQC,env5,1207328,-98363.625
18828,TQC,env5,1209740,-98489.296875
18829,TQC,env5,1211544,-98292.46875
18830,TQC,env5,1214208,-98664.8515625
18831,TQC,env5,1215720,-98815.953125
18832,TQC,env5,1217824,-98992.453125
18833,TQC,env5,1220808,-98142.6328125
18834,TQC,env5,1222824,-97457.4453125
18835,TQC,env5,1223664,-97374.90625
18836,TQC,env5,1224464,-97443.9609375
18837,TQC,env5,1225140,-97381.1171875
18838,TQC,env5,1226788,-97232.1171875
18839,TQC,env5,1228272,-96831.390625
18840,TQC,env5,1230800,-96280.203125
18841,TQC,env5,1232876,-94049.8203125
18842,TQC,env5,1233968,-93510.4609375
18843,TQC,env5,1235348,-93176.4921875
18844,TQC,env5,1236904,-92828.109375
18845,TQC,env5,1239860,-90419.421875
18846,TQC,env5,1241808,-89301.4375
18847,TQC,env5,1244948,-86056.6484375
18848,TQC,env5,1246300,-84868.546875
18849,TQC,env5,1247524,-84693.5859375
18850,TQC,env5,1248456,-84439.296875
18851,TQC,env5,1249632,-84291.7578125
18852,TQC,env5,1250892,-85379.796875
18853,TQC,env5,1251624,-85345.1015625
18854,TQC,env5,1251992,-85817.1015625
18855,TQC,env5,1253124,-85616.0625
18856,TQC,env5,1253620,-85364.1640625
18857,TQC,env5,1254092,-85145.375
18858,TQC,env5,1256116,-85835.265625
18859,TQC,env5,1257484,-86675.8359375
18860,TQC,env5,1258084,-85481.25
18861,TQC,env5,1258668,-85244.2734375
18862,TQC,env5,1259144,-85229.625
18863,TQC,env5,1259944,-85293.234375
18864,TQC,env5,1260328,-85611.4453125
18865,TQC,env5,1263324,-86180.9453125
18866,TQC,env5,1264780,-87547.734375
18867,TQC,env5,1266428,-88064.3359375
18868,TQC,env5,1266692,-88040.5390625
18869,TQC,env5,1267740,-88309.75
18870,TQC,env5,1269364,-89769.7734375
18871,TQC,env5,1270132,-90608.8203125
18872,TQC,env5,1271416,-93587.0625
18873,TQC,env5,1274156,-94449.8046875
18874,TQC,env5,1275228,-93379.703125
18875,TQC,env5,1277712,-93157.3203125
18876,TQC,env5,1279172,-93081.84375
18877,TQC,env5,1280048,-93003.2421875
18878,TQC,env5,1281736,-92927.6171875
18879,TQC,env5,1282152,-93086.9921875
18880,TQC,env5,1282532,-92684.515625
18881,TQC,env5,1283084,-92448.765625
18882,TQC,env5,1283560,-92088.6953125
18883,TQC,env5,1284096,-91343.7265625
18884,TQC,env5,1284472,-91142.015625
18885,TQC,env5,1284816,-91209.2265625
18886,TQC,env5,1284988,-91177.578125
18887,TQC,env5,1285216,-90848.7890625
18888,TQC,env5,1285368,-90625.65625
18889,TQC,env5,1285516,-90303.453125
18890,TQC,env5,1285948,-90190.2421875
18891,TQC,env5,1286160,-90867.59375
18892,TQC,env5,1286848,-90895.953125
18893,TQC,env5,1287284,-91203.1796875
18894,TQC,env5,1287600,-91308.5546875
18895,TQC,env5,1287768,-92253.1171875
18896,TQC,env5,1288012,-92527.7578125
18897,TQC,env5,1288668,-92808.8046875
18898,TQC,env5,1289444,-93249.0625
18899,TQC,env5,1290520,-94573.2265625
18900,TQC,env5,1291416,-95111.6015625
18901,TQC,env5,1293036,-95322.5625
18902,TQC,env5,1296160,-93640.765625
18903,TQC,env5,1298536,-91925.484375
18904,TQC,env5,1299664,-92185.609375
18905,TQC,env5,1302376,-92225.3359375
18906,TQC,env5,1304212,-92691.7578125
18907,TQC,env5,1307508,-91232.09375
18908,TQC,env5,1308796,-91231.796875
18909,TQC,env5,1312356,-89369.484375
18910,TQC,env5,1314344,-89498.3984375
18911,TQC,env5,1316088,-88825.171875
18912,TQC,env5,1317632,-87445.1484375
18913,TQC,env5,1319296,-87821.875
18914,TQC,env5,1320612,-87206.8359375
18915,TQC,env5,1321084,-87286.3359375
18916,TQC,env5,1323068,-87110.59375
18917,TQC,env5,1323836,-86782.328125
18918,TQC,env5,1324880,-86505.7265625
18919,TQC,env5,1328756,-85555.7421875
18920,TQC,env5,1330780,-83697.28125
18921,TQC,env5,1332464,-83703.453125
18922,TQC,env5,1333388,-82321.6875
18923,TQC,env5,1334240,-81935.2890625
18924,TQC,env5,1334600,-81858.7890625
18925,TQC,env5,1334908,-81790.390625
18926,TQC,env5,1336176,-81864.5390625
18927,TQC,env5,1339244,-82554.2109375
18928,TQC,env5,1341388,-82146.140625
18929,TQC,env5,1342244,-81146.5390625
18930,TQC,env5,1342940,-81501.578125
18931,TQC,env5,1343256,-81436.9921875
18932,TQC,env5,1343812,-83297.515625
18933,TQC,env5,1345688,-84150.6171875
18934,TQC,env5,1346476,-86125.546875
18935,TQC,env5,1347084,-87230.3515625
18936,TQC,env5,1348164,-87226.25
18937,TQC,env5,1350632,-89100.6484375
18938,TQC,env5,1351416,-87244.6484375
18939,TQC,env5,1353660,-87388.3125
18940,TQC,env5,1355340,-86529.3125
18941,TQC,env5,1355952,-85899.1171875
18942,TQC,env5,1356816,-85339.1796875
18943,TQC,env5,1357348,-85579.671875
18944,TQC,env5,1358976,-86437.78125
18945,TQC,env5,1361220,-87386.3359375
18946,TQC,env5,1362664,-86352.2421875
18947,TQC,env5,1364428,-87354.078125
18948,TQC,env5,1365816,-87341.4765625
18949,TQC,env5,1368176,-85956.890625
18950,TQC,env5,1368956,-85575.1875
18951,TQC,env5,1370776,-85104.453125
18952,TQC,env5,1372632,-85811.859375
18953,TQC,env5,1374708,-87691.875
18954,TQC,env5,1376900,-87338.515625
18955,TQC,env5,1378180,-86293.015625
18956,TQC,env5,1380256,-86159.34375
18957,TQC,env5,1381416,-85208.015625
18958,TQC,env5,1382848,-85016.3671875
18959,TQC,env5,1383704,-84966.5078125
18960,TQC,env5,1386360,-84712.7265625
18961,TQC,env5,1388316,-83409.71875
18962,TQC,env5,1389800,-83056.25
18963,TQC,env5,1391232,-84599.9609375
18964,TQC,env5,1392408,-85325.0625
18965,TQC,env5,1392992,-85021.484375
18966,TQC,env5,1393792,-85754.765625
18967,TQC,env5,1394516,-86393.9921875
18968,TQC,env5,1395728,-86431.234375
18969,TQC,env5,1397476,-86249.96875
18970,TQC,env5,1399352,-85815.28125
18971,TQC,env5,1400252,-86953.59375
18972,TQC,env5,1401184,-86088.125
18973,TQC,env5,1402224,-86019.578125
18974,TQC,env5,1404600,-87063.421875
18975,TQC,env5,1406572,-87015.796875
18976,TQC,env5,1407784,-86068.90625
18977,TQC,env5,1409584,-85975.90625
18978,TQC,env5,1411064,-85785.9921875
18979,TQC,env5,1413904,-86365.9765625
18980,TQC,env5,1414772,-87145.8828125
18981,TQC,env5,1416088,-86596.5078125
18982,TQC,env5,1418192,-87162.0078125
18983,TQC,env5,1418980,-86919.09375
18984,TQC,env5,1421612,-86678.0546875
18985,TQC,env5,1422980,-85525.6875
18986,TQC,env5,1425344,-86632.140625
18987,TQC,env5,1426252,-86660.8984375
18988,TQC,env5,1427092,-86789.578125
18989,TQC,env5,1430344,-86962.765625
18990,TQC,env5,1432204,-85906.78125
18991,TQC,env5,1433264,-86233.671875
18992,TQC,env5,1435172,-85911.078125
18993,TQC,env5,1437264,-84664.859375
18994,TQC,env5,1438476,-84549.53125
18995,TQC,env5,1439872,-85327.296875
18996,TQC,env5,1442032,-84416.296875
18997,TQC,env5,1443872,-84355.734375
18998,TQC,env5,1444860,-84561.375
18999,TQC,env5,1445860,-84363.8828125
19000,TQC,env5,1446312,-83509.265625
19001,TQC,env5,1447104,-84462.859375
19002,TQC,env5,1449660,-84477.9765625
19003,TQC,env5,1450528,-83268.59375
19004,TQC,env5,1452152,-83473.53125
19005,TQC,env5,1453368,-83205.359375
19006,TQC,env5,1454368,-82767.3671875
19007,TQC,env5,1457200,-82593.8203125
19008,TQC,env5,1458072,-81782.8359375
19009,TQC,env5,1459016,-82133.5234375
19010,TQC,env5,1460220,-83076.078125
19011,TQC,env5,1463260,-83708.875
19012,TQC,env5,1464772,-81656.3671875
19013,TQC,env5,1465556,-80813.1328125
19014,TQC,env5,1467380,-80537.8671875
19015,TQC,env5,1469888,-81616.9296875
19016,TQC,env5,1471660,-81246.6796875
19017,TQC,env5,1472912,-81674.109375
19018,TQC,env5,1473440,-81715.578125
19019,TQC,env5,1474328,-81730.5234375
19020,TQC,env5,1476120,-82084.2890625
19021,TQC,env5,1477576,-82521.9140625
19022,TQC,env5,1478832,-83573.34375
19023,TQC,env5,1479716,-83284.6640625
19024,TQC,env5,1480388,-83550.046875
19025,TQC,env5,1482828,-84574.8828125
19026,TQC,env5,1484388,-83392.84375
19027,TQC,env5,1485220,-83350.8671875
19028,TQC,env5,1486036,-84727.640625
19029,TQC,env5,1487068,-84781.3984375
19030,TQC,env5,1488172,-85049.25
19031,TQC,env5,1490052,-85984.078125
19032,TQC,env5,1490636,-85544.421875
19033,TQC,env5,1491348,-86855.4765625
19034,TQC,env5,1491712,-86813.4140625
19035,TQC,env5,1492736,-87176.515625
19036,TQC,env5,1493552,-87533.65625
19037,TQC,env5,1494040,-89853.0703125
19038,TQC,env5,1494280,-90815.21875
19039,TQC,env5,1494700,-90878.5390625
19040,TQC,env5,1495620,-91867.7109375
19041,TQC,env5,1497116,-91959.171875
19042,TQC,env5,1497828,-92030.796875
19043,TQC,env5,1498160,-93380.8359375
19044,TQC,env5,1498556,-93649.8828125
19045,TQC,env5,1499324,-93765.2578125
19046,TQC,env5,1499972,-93947.796875
19047,TQC,env5,1500376,-94130.4140625
19048,TQC,env5,1501032,-94280.609375
19049,TQC,env5,1501876,-94387.765625
19050,TQC,env5,1502576,-94386.859375
19051,TQC,env5,1503496,-95781.984375
19052,TQC,env5,1505128,-96009.3828125
19053,TQC,env5,1506276,-95973.609375
19054,TQC,env5,1508160,-95988.8046875
19055,TQC,env5,1510016,-94820.5859375
19056,TQC,env5,1510992,-93652.5625
19057,TQC,env5,1512268,-94275.8359375
19058,TQC,env5,1514584,-94011.2265625
19059,TQC,env5,1515792,-92692.390625
19060,TQC,env5,1517844,-92388.9375
19061,TQC,env5,1518988,-92297.890625
19062,TQC,env5,1522032,-91947.8046875
19063,TQC,env5,1524052,-90668.96875
19064,TQC,env5,1526600,-89474.171875
19065,TQC,env5,1528380,-89267.65625
19066,TQC,env5,1530516,-88218.4453125
19067,TQC,env5,1532736,-86159.015625
19068,TQC,env5,1533780,-85883.3359375
19069,TQC,env5,1534152,-85875.4375
19070,TQC,env5,1534556,-84793.5859375
19071,TQC,env5,1534864,-84981.125
19072,TQC,env5,1535216,-84944.5390625
19073,TQC,env5,1535404,-85243.2265625
19074,TQC,env5,1535580,-85408.234375
19075,TQC,env5,1535772,-85575.2109375
19076,TQC,env5,1535948,-85641.4609375
19077,TQC,env5,1536140,-85810.75
19078,TQC,env5,1536316,-86136.625
19079,TQC,env5,1536616,-86508.1015625
19080,TQC,env5,1536792,-87758.7578125
19081,TQC,env5,1536968,-89014.96875
19082,TQC,env5,1537144,-89390.421875
19083,TQC,env5,1537316,-89640.4296875
19084,TQC,env5,1537516,-91016.359375
19085,TQC,env5,1537752,-91394.09375
19086,TQC,env5,1537996,-91570.0703125
19087,TQC,env5,1538888,-91593.7890625
19088,TQC,env5,1539340,-92773.4921875
19089,TQC,env5,1539744,-93756.578125
19090,TQC,env5,1540304,-93748.9765625
19091,TQC,env5,1540768,-94512.609375
19092,TQC,env5,1541180,-96246.1640625
19093,TQC,env5,1542188,-96218.5703125
19094,TQC,env5,1542880,-95827.109375
19095,TQC,env5,1543228,-97027.2421875
19096,TQC,env5,1543476,-96929.296875
19097,TQC,env5,1544176,-97041.7109375
19098,TQC,env5,1544712,-96958.234375
19099,TQC,env5,1545364,-96892.53125
19100,TQC,env5,1546236,-96941.0546875
19101,TQC,env5,1547112,-96984.2578125
19102,TQC,env5,1547908,-97041.78125
19103,TQC,env5,1548452,-96981.359375
19104,TQC,env5,1549152,-97018.7578125
19105,TQC,env5,1549788,-97271.6796875
19106,TQC,env5,1550468,-97312.4609375
19107,TQC,env5,1551080,-97356.15625
19108,TQC,env5,1552492,-97325.5859375
19109,TQC,env5,1553956,-97285.6953125
19110,TQC,env5,1555464,-97152.0859375
19111,TQC,env5,1556668,-96076.0
19112,TQC,env5,1557536,-96204.640625
19113,TQC,env5,1558184,-96394.671875
19114,TQC,env5,1559784,-96626.125
19115,TQC,env5,1560908,-96624.2734375
19116,TQC,env5,1561760,-95819.9453125
19117,TQC,env5,1562776,-95946.71875
19118,TQC,env5,1564316,-96085.6328125
19119,TQC,env5,1565576,-96113.71875
19120,TQC,env5,1566764,-95830.40625
19121,TQC,env5,1567976,-95548.1640625
19122,TQC,env5,1568680,-95150.9453125
19123,TQC,env5,1569360,-94838.703125
19124,TQC,env5,1569852,-94709.3515625
19125,TQC,env5,1570224,-94464.3828125
19126,TQC,env5,1571092,-94139.6796875
19127,TQC,env5,1572896,-93793.4453125
19128,TQC,env5,1574616,-92479.140625
19129,TQC,env5,1576064,-91167.0078125
19130,TQC,env5,1576916,-90949.1171875
19131,TQC,env5,1577412,-89635.109375
19132,TQC,env5,1577820,-89606.5078125
19133,TQC,env5,1579056,-89361.25
19134,TQC,env5,1580348,-89318.6484375
19135,TQC,env5,1583116,-89337.0234375
19136,TQC,env5,1584116,-89317.90625
19137,TQC,env5,1584940,-89219.046875
19138,TQC,env5,1585736,-88893.328125
19139,TQC,env5,1587148,-88887.3671875
19140,TQC,env5,1588512,-89120.0703125
19141,TQC,env5,1589248,-90135.2265625
19142,TQC,env5,1590576,-90219.53125
19143,TQC,env5,1593248,-89089.1640625
19144,TQC,env5,1593832,-88366.78125
19145,TQC,env5,1594268,-88559.3828125
19146,TQC,env5,1594520,-88834.46875
19147,TQC,env5,1594920,-89016.2890625
19148,TQC,env5,1595052,-89295.953125
19149,TQC,env5,1595320,-89389.34375
19150,TQC,env5,1595508,-89675.8203125
19151,TQC,env5,1595660,-90053.90625
19152,TQC,env5,1595844,-90354.9921875
19153,TQC,env5,1596124,-91829.328125
19154,TQC,env5,1596268,-92903.3828125
19155,TQC,env5,1596784,-92865.3828125
19156,TQC,env5,1597492,-94173.1875
19157,TQC,env5,1597956,-93757.0390625
19158,TQC,env5,1598352,-93985.359375
19159,TQC,env5,1598652,-94065.546875
19160,TQC,env5,1599080,-94090.921875
19161,TQC,env5,1599564,-94995.21875
19162,TQC,env5,1600240,-94677.8046875
19163,TQC,env5,1600444,-94703.7421875
19164,TQC,env5,1600704,-94778.4921875
19165,TQC,env5,1601036,-94728.046875
19166,TQC,env5,1601280,-95013.3828125
19167,TQC,env5,1601548,-95100.6484375
19168,TQC,env5,1601956,-94991.1796875
19169,TQC,env5,1602520,-95977.8203125
19170,TQC,env5,1602912,-95749.9609375
19171,TQC,env5,1603184,-95552.0703125
19172,TQC,env5,1603352,-95752.171875
19173,TQC,env5,1603512,-95756.296875
19174,TQC,env5,1603668,-95856.2578125
19175,TQC,env5,1603848,-95859.2578125
19176,TQC,env5,1604192,-95772.3828125
19177,TQC,env5,1604540,-95863.1953125
19178,TQC,env5,1606244,-95587.6796875
19179,TQC,env5,1607408,-95454.53125
19180,TQC,env5,1608692,-95492.4296875
19181,TQC,env5,1609916,-95486.2421875
19182,TQC,env5,1611296,-94642.46875
19183,TQC,env5,1612836,-94427.796875
19184,TQC,env5,1613648,-94356.5625
19185,TQC,env5,1614340,-93496.9375
19186,TQC,env5,1615008,-93526.703125
19187,TQC,env5,1615932,-94126.3046875
19188,TQC,env5,1616304,-94346.28125
19189,TQC,env5,1617068,-94054.296875
19190,TQC,env5,1618548,-94197.3984375
19191,TQC,env5,1620228,-93326.5
19192,TQC,env5,1621860,-91629.1484375
19193,TQC,env5,1623244,-92030.578125
19194,TQC,env5,1624788,-91313.796875
19195,TQC,env5,1626568,-91655.171875
19196,TQC,env5,1627528,-91143.0625
19197,TQC,env5,1628236,-90972.125
19198,TQC,env5,1628948,-90074.6875
19199,TQC,env5,1629816,-89891.1015625
19200,TQC,env5,1630612,-89738.4609375
19201,TQC,env5,1631508,-89740.734375
19202,TQC,env5,1631752,-89657.859375
19203,TQC,env5,1632868,-89754.296875
19204,TQC,env5,1633012,-90040.328125
19205,TQC,env5,1633868,-90238.609375
19206,TQC,env5,1635520,-90421.453125
19207,TQC,env5,1636688,-91594.6875
19208,TQC,env5,1637500,-91859.96875
19209,TQC,env5,1640112,-89860.171875
19210,TQC,env5,1643228,-88540.3984375
19211,TQC,env5,1645380,-87360.3203125
19212,TQC,env5,1647676,-87028.3203125
19213,TQC,env5,1650484,-85733.71875
19214,TQC,env5,1652980,-83967.828125
19215,TQC,env5,1655868,-83841.328125
19216,TQC,env5,1656980,-82753.796875
19217,TQC,env5,1660024,-83387.3359375
19218,TQC,env5,1661388,-84350.1015625
19219,TQC,env5,1662928,-85037.1015625
19220,TQC,env5,1664440,-82928.484375
19221,TQC,env5,1666820,-83766.015625
19222,TQC,env5,1667960,-83949.953125
19223,TQC,env5,1668672,-83145.3125
19224,TQC,env5,1669120,-83343.5
19225,TQC,env5,1669448,-83509.8359375
19226,TQC,env5,1669912,-82703.4375
19227,TQC,env5,1670360,-82798.515625
19228,TQC,env5,1670716,-83008.890625
19229,TQC,env5,1671064,-82976.1875
19230,TQC,env5,1671488,-82953.6875
19231,TQC,env5,1672216,-82777.328125
19232,TQC,env5,1674708,-82636.0859375
19233,TQC,env5,1675836,-82573.2265625
19234,TQC,env5,1676432,-84455.5234375
19235,TQC,env5,1676768,-85644.265625
19236,TQC,env5,1677044,-86990.9765625
19237,TQC,env5,1677912,-87038.2109375
19238,TQC,env5,1679612,-88209.3359375
19239,TQC,env5,1681792,-90388.9921875
19240,TQC,env5,1682144,-90574.03125
19241,TQC,env5,1682340,-91455.4296875
19242,TQC,env5,1682620,-92620.4921875
19243,TQC,env5,1682840,-91573.3828125
19244,TQC,env5,1683032,-91704.6796875
19245,TQC,env5,1683272,-93777.6953125
19246,TQC,env5,1683492,-93756.0703125
19247,TQC,env5,1684580,-93676.71875
19248,TQC,env5,1685608,-95446.40625
19249,TQC,env5,1686936,-95169.9921875
19250,TQC,env5,1689808,-94346.6953125
19251,TQC,env5,1691100,-94141.5703125
19252,TQC,env5,1693916,-93237.34375
19253,TQC,env5,1697916,-89589.9453125
19254,TQC,env5,1701484,-88512.390625
19255,TQC,env5,1703228,-87492.40625
19256,TQC,env5,1705384,-87697.46875
19257,TQC,env5,1707312,-87915.9140625
19258,TQC,env5,1710976,-88139.1796875
19259,TQC,env5,1713596,-87484.7578125
19260,TQC,env5,1715348,-88526.953125
19261,TQC,env5,1716192,-87533.1015625
19262,TQC,env5,1718800,-86478.734375
19263,TQC,env5,1719736,-85336.8046875
19264,TQC,env5,1720596,-85234.5546875
19265,TQC,env5,1722960,-85152.859375
19266,TQC,env5,1724612,-85271.2734375
19267,TQC,env5,1726108,-85127.0703125
19268,TQC,env5,1727112,-85935.5546875
19269,TQC,env5,1729048,-84802.5546875
19270,TQC,env5,1730804,-84569.9609375
19271,TQC,env5,1731404,-83246.90625
19272,TQC,env5,1731736,-83133.1328125
19273,TQC,env5,1732308,-82878.796875
19274,TQC,env5,1732716,-82962.046875
19275,TQC,env5,1733132,-83483.5859375
19276,TQC,env5,1735292,-84691.515625
19277,TQC,env5,1735804,-85647.734375
19278,TQC,env5,1736472,-89080.7265625
19279,TQC,env5,1737204,-89984.796875
19280,TQC,env5,1737688,-90898.578125
19281,TQC,env5,1737972,-90665.8359375
19282,TQC,env5,1738736,-90385.953125
19283,TQC,env5,1739160,-90142.234375
19284,TQC,env5,1739592,-90992.1015625
19285,TQC,env5,1740456,-90963.1640625
19286,TQC,env5,1742168,-91592.9609375
19287,TQC,env5,1743852,-91845.5390625
19288,TQC,env5,1745492,-92647.9140625
19289,TQC,env5,1746552,-92573.890625
19290,TQC,env5,1747592,-92378.8359375
19291,TQC,env5,1748652,-93067.6015625
19292,TQC,env5,1749508,-92945.2265625
19293,TQC,env5,1750044,-92828.0390625
19294,TQC,env5,1751296,-93820.6171875
19295,TQC,env5,1752932,-93811.5703125
19296,TQC,env5,1754404,-94975.46875
19297,TQC,env5,1754952,-93916.6171875
19298,TQC,env5,1756044,-93931.515625
19299,TQC,env5,1758060,-94187.4765625
19300,TQC,env5,1759616,-93510.4765625
19301,TQC,env5,1760580,-92495.8828125
19302,TQC,env5,1760836,-92242.140625
19303,TQC,env5,1761060,-92420.2578125
19304,TQC,env5,1761456,-92566.7265625
19305,TQC,env5,1761984,-92559.3828125
19306,TQC,env5,1762184,-92566.21875
19307,TQC,env5,1762396,-92833.1796875
19308,TQC,env5,1763072,-92817.90625
19309,TQC,env5,1763384,-91587.5546875
19310,TQC,env5,1763600,-91648.515625
19311,TQC,env5,1763764,-92008.6640625
19312,TQC,env5,1764000,-93071.6328125
19313,TQC,env5,1764284,-93513.8515625
19314,TQC,env5,1764508,-93660.46875
19315,TQC,env5,1764728,-93929.8203125
19316,TQC,env5,1764936,-94115.5390625
19317,TQC,env5,1765632,-94293.9140625
19318,TQC,env5,1766352,-94301.7265625
19319,TQC,env5,1767208,-93197.5390625
19320,TQC,env5,1767520,-93031.5625
19321,TQC,env5,1767988,-92782.453125
19322,TQC,env5,1768340,-93628.359375
19323,TQC,env5,1768716,-93499.484375
19324,TQC,env5,1771520,-91948.6484375
19325,TQC,env5,1772888,-91685.0078125
19326,TQC,env5,1775168,-91457.1171875
19327,TQC,env5,1777112,-91791.2578125
19328,TQC,env5,1777992,-90637.515625
19329,TQC,env5,1778812,-90687.6171875
19330,TQC,env5,1779904,-90648.9296875
19331,TQC,env5,1782128,-90492.5390625
19332,TQC,env5,1783656,-89323.53125
19333,TQC,env5,1784668,-88098.7421875
19334,TQC,env5,1786212,-88965.65625
19335,TQC,env5,1787328,-87625.84375
19336,TQC,env5,1788600,-87260.28125
19337,TQC,env5,1790516,-86907.9296875
19338,TQC,env5,1791444,-86542.1328125
19339,TQC,env5,1792424,-86368.03125
19340,TQC,env5,1793648,-86200.15625
19341,TQC,env5,1794932,-85917.8828125
19342,TQC,env5,1796480,-84744.09375
19343,TQC,env5,1797480,-85037.5234375
19344,TQC,env5,1797772,-86200.234375
19345,TQC,env5,1798256,-86611.359375
19346,TQC,env5,1798508,-86937.546875
19347,TQC,env5,1798768,-87340.109375
19348,TQC,env5,1799036,-87751.1328125
19349,TQC,env5,1799300,-89233.9765625
19350,TQC,env5,1799552,-90471.671875
19351,TQC,env5,1799792,-91614.4609375
19352,TQC,env5,1800140,-91478.4609375
19353,TQC,env5,1801144,-92472.7890625
19354,TQC,env5,1802600,-92403.390625
19355,TQC,env5,1803696,-92561.296875
19356,TQC,env5,1807236,-92757.140625
19357,TQC,env5,1809088,-91701.2109375
19358,TQC,env5,1812116,-89801.53125
19359,TQC,env5,1813088,-89162.609375
19360,TQC,env5,1814920,-90604.8203125
19361,TQC,env5,1817812,-89668.8359375
19362,TQC,env5,1819092,-89821.1484375
19363,TQC,env5,1820840,-90239.65625
19364,TQC,env5,1823180,-90120.921875
19365,TQC,env5,1825640,-90163.65625
19366,TQC,env5,1828060,-90097.1171875
19367,TQC,env5,1830068,-90393.8671875
19368,TQC,env5,1832848,-89430.3984375
19369,TQC,env5,1834880,-89290.984375
19370,TQC,env5,1837568,-87280.3671875
19371,TQC,env5,1840996,-85047.75
19372,TQC,env5,1842476,-83920.125
19373,TQC,env5,1843512,-82804.015625
19374,TQC,env5,1844472,-82836.2109375
19375,TQC,env5,1845144,-82911.9140625
19376,TQC,env5,1846132,-82944.8125
19377,TQC,env5,1847240,-82971.015625
19378,TQC,env5,1848016,-82084.90625
19379,TQC,env5,1848660,-82155.203125
19380,TQC,env5,1849184,-80989.96875
19381,TQC,env5,1850120,-81080.9140625
19382,TQC,env5,1850672,-83362.5546875
19383,TQC,env5,1851536,-86524.8828125
19384,TQC,env5,1853416,-87517.3671875
19385,TQC,env5,1855512,-87083.0546875
19386,TQC,env5,1857036,-88469.90625
19387,TQC,env5,1857688,-86530.6484375
19388,TQC,env5,1858936,-86210.4609375
19389,TQC,env5,1859656,-86548.6953125
19390,TQC,env5,1862828,-85318.96875
19391,TQC,env5,1864292,-85287.8828125
19392,TQC,env5,1865984,-84994.25
19393,TQC,env5,1866688,-85983.671875
19394,TQC,env5,1868316,-86047.75
19395,TQC,env5,1869240,-87182.0625
19396,TQC,env5,1870024,-89324.9453125
19397,TQC,env5,1870920,-90189.1796875
19398,TQC,env5,1871864,-90130.46875
19399,TQC,env5,1872892,-90068.7578125
19400,TQC,env5,1873896,-89853.84375
19401,TQC,env5,1874660,-89715.2890625
19402,TQC,env5,1875608,-89509.4140625
19403,TQC,env5,1876420,-89302.640625
19404,TQC,env5,1877592,-88889.625
19405,TQC,env5,1879932,-89918.203125
19406,TQC,env5,1880420,-89694.5078125
19407,TQC,env5,1881256,-89623.8359375
19408,TQC,env5,1883072,-89633.0546875
19409,TQC,env5,1884848,-89707.40625
19410,TQC,env5,1887084,-90096.6953125
19411,TQC,env5,1889796,-88260.09375
19412,TQC,env5,1891724,-89624.390625
19413,TQC,env5,1895068,-89018.328125
19414,TQC,env5,1897804,-88853.640625
19415,TQC,env5,1899692,-88065.5390625
19416,TQC,env5,1902816,-87425.9765625
19417,TQC,env5,1904028,-87534.84375
19418,TQC,env5,1906140,-87553.8984375
19419,TQC,env5,1908528,-87589.1171875
19420,TQC,env5,1911144,-87212.5703125
19421,TQC,env5,1912584,-87262.65625
19422,TQC,env5,1913884,-87538.125
19423,TQC,env5,1915144,-87614.171875
19424,TQC,env5,1915716,-87248.03125
19425,TQC,env5,1917948,-87178.734375
19426,TQC,env5,1919480,-86302.515625
19427,TQC,env5,1922360,-84421.7109375
19428,TQC,env5,1923148,-85536.2890625
19429,TQC,env5,1926260,-85415.96875
19430,TQC,env5,1927992,-84319.6875
19431,TQC,env5,1929036,-83159.8359375
19432,TQC,env5,1930552,-81841.3203125
19433,TQC,env5,1931148,-81734.8671875
19434,TQC,env5,1932388,-80726.703125
19435,TQC,env5,1934396,-80716.03125
19436,TQC,env5,1935892,-82158.8671875
19437,TQC,env5,1936968,-81927.15625
19438,TQC,env5,1938684,-82889.09375
19439,TQC,env5,1941644,-80843.15625
19440,TQC,env5,1942952,-82960.171875
19441,TQC,env5,1945704,-84124.1171875
19442,TQC,env5,1946512,-83073.0546875
19443,TQC,env5,1947424,-83072.6328125
19444,TQC,env5,1949400,-82910.46875
19445,TQC,env5,1950664,-84168.71875
19446,TQC,env5,1951424,-83001.3046875
19447,TQC,env5,1952304,-83014.734375
19448,TQC,env5,1952676,-83199.0078125
19449,TQC,env5,1953176,-83495.328125
19450,TQC,env5,1953348,-83741.328125
19451,TQC,env5,1953488,-84720.90625
19452,TQC,env5,1953664,-86763.3828125
19453,TQC,env5,1953784,-86904.3046875
19454,TQC,env5,1953872,-87384.7421875
19455,TQC,env5,1953964,-88596.125
19456,TQC,env5,1954148,-89927.5625
19457,TQC,env5,1954864,-91180.359375
19458,TQC,env5,1955196,-91363.4140625
19459,TQC,env5,1955972,-92305.1953125
19460,TQC,env5,1958064,-91815.2421875
19461,TQC,env5,1958308,-92124.90625
19462,TQC,env5,1958448,-93128.1171875
19463,TQC,env5,1959092,-93088.015625
19464,TQC,env5,1959808,-95245.0078125
19465,TQC,env5,1960632,-95313.5546875
19466,TQC,env5,1961436,-95098.21875
19467,TQC,env5,1962360,-97348.28125
19468,TQC,env5,1962788,-97287.234375
19469,TQC,env5,1963056,-97488.90625
19470,TQC,env5,1963240,-97472.90625
19471,TQC,env5,1963684,-98575.6484375
19472,TQC,env5,1965492,-98075.609375
19473,TQC,env5,1965912,-98996.515625
19474,TQC,env5,1967368,-98616.171875
19475,TQC,env5,1968368,-98440.75
19476,TQC,env5,1969308,-98195.859375
19477,TQC,env5,1970452,-98088.2109375
19478,TQC,env5,1971908,-98175.3046875
19479,TQC,env5,1972912,-98297.7109375
19480,TQC,env5,1976864,-97538.2109375
19481,TQC,env5,1977820,-95665.8359375
19482,TQC,env5,1979324,-95648.671875
19483,TQC,env5,1981424,-95668.9453125
19484,TQC,env5,1983304,-94714.046875
19485,TQC,env5,1985692,-94243.953125
19486,TQC,env5,1988480,-94407.546875
19487,TQC,env5,1990108,-93463.703125
19488,TQC,env5,1992856,-91406.4765625
19489,TQC,env5,1993620,-91254.53125
19490,TQC,env5,1994480,-91283.9296875
19491,TQC,env5,1995624,-91474.5078125
19492,TQC,env5,1996588,-91265.65625
19493,TQC,env5,1997132,-91500.90625
19494,TQC,env5,1997756,-91626.8046875
19495,TQC,env5,1998088,-91665.109375
19496,TQC,env5,1998376,-91860.7109375
19497,TQC,env5,1998888,-92342.2421875
19498,TQC,env6,256,-98005.0
19499,TQC,env6,436,-97960.0
19500,TQC,env6,1012,-98105.0
19501,TQC,env6,1296,-98841.25
19502,TQC,env6,1484,-98180.5
19503,TQC,env6,1680,-98563.75
19504,TQC,env6,1876,-98855.0
19505,TQC,env6,2352,-99081.875
19506,TQC,env6,2568,-99281.390625
19507,TQC,env6,2828,-99170.0625
19508,TQC,env6,3112,-99298.46875
19509,TQC,env6,3320,-99412.96875
19510,TQC,env6,3484,-99495.4296875
19511,TQC,env6,3832,-99384.5078125
19512,TQC,env6,4284,-99292.4609375
19513,TQC,env6,4532,-99425.5859375
19514,TQC,env6,4876,-99501.140625
19515,TQC,env6,5224,-99429.2734375
19516,TQC,env6,5588,-99491.1484375
19517,TQC,env6,5912,-99574.21875
19518,TQC,env6,6136,-99636.3984375
19519,TQC,env6,6536,-99456.2109375
19520,TQC,env6,6788,-99499.4140625
19521,TQC,env6,7028,-99556.8359375
19522,TQC,env6,7212,-99596.5625
19523,TQC,env6,7532,-99706.359375
19524,TQC,env6,7948,-99827.359375
19525,TQC,env6,8252,-99814.859375
19526,TQC,env6,8712,-99604.734375
19527,TQC,env6,9220,-99523.9140625
19528,TQC,env6,9356,-99546.015625
19529,TQC,env6,9824,-99453.109375
19530,TQC,env6,9956,-99459.109375
19531,TQC,env6,10308,-99355.109375
19532,TQC,env6,10748,-99357.5234375
19533,TQC,env6,11024,-99367.7265625
19534,TQC,env6,11468,-99279.4140625
19535,TQC,env6,11596,-99286.4140625
19536,TQC,env6,11812,-99384.3125
19537,TQC,env6,12252,-99488.859375
19538,TQC,env6,12604,-99380.2734375
19539,TQC,env6,12936,-99375.171875
19540,TQC,env6,13304,-99284.5390625
19541,TQC,env6,13692,-99204.6484375
19542,TQC,env6,14164,-99192.046875
19543,TQC,env6,14404,-99189.546875
19544,TQC,env6,14684,-99289.4609375
19545,TQC,env6,15144,-99110.0625
19546,TQC,env6,15456,-99110.265625
19547,TQC,env6,15608,-99011.5625
19548,TQC,env6,15972,-98905.265625
19549,TQC,env6,16256,-98796.4609375
19550,TQC,env6,16504,-98809.671875
19551,TQC,env6,16940,-99004.0
19552,TQC,env6,17232,-99191.734375
19553,TQC,env6,17760,-99084.734375
19554,TQC,env6,18024,-99095.9375
19555,TQC,env6,18316,-98899.5703125
19556,TQC,env6,18724,-98903.4296875
19557,TQC,env6,19164,-98812.5078125
19558,TQC,env6,19292,-98699.03125
19559,TQC,env6,19724,-98686.671875
19560,TQC,env6,20064,-98501.0703125
19561,TQC,env6,20496,-98222.46875
19562,TQC,env6,20788,-98026.0390625
19563,TQC,env6,21060,-98106.828125
19564,TQC,env6,21364,-98105.625
19565,TQC,env6,21620,-98300.46875
19566,TQC,env6,22012,-97993.5703125
19567,TQC,env6,22392,-97878.6640625
19568,TQC,env6,22672,-97578.546875
19569,TQC,env6,23056,-97688.546875
19570,TQC,env6,23312,-97777.921875
19571,TQC,env6,23580,-97765.3203125
19572,TQC,env6,23776,-97765.71875
19573,TQC,env6,24092,-97863.8203125
19574,TQC,env6,24340,-97873.21875
19575,TQC,env6,24640,-97956.7109375
19576,TQC,env6,25116,-97963.8125
19577,TQC,env6,25348,-97973.9453125
19578,TQC,env6,25832,-98071.046875
19579,TQC,env6,25980,-98060.9453125
19580,TQC,env6,26332,-98045.9609375
19581,TQC,env6,26520,-98137.3046875
19582,TQC,env6,26804,-98317.9921875
19583,TQC,env6,27128,-98436.765625
19584,TQC,env6,27624,-98449.2421875
19585,TQC,env6,27812,-98540.953125
19586,TQC,env6,28140,-98629.1640625
19587,TQC,env6,28308,-98725.5078125
19588,TQC,env6,28880,-98646.3828125
19589,TQC,env6,29288,-98550.46875
19590,TQC,env6,29500,-98448.765625
19591,TQC,env6,29948,-98844.9453125
19592,TQC,env6,30216,-98860.40625
19593,TQC,env6,30452,-99051.375
19594,TQC,env6,30824,-98948.671875
19595,TQC,env6,31200,-99046.796875
19596,TQC,env6,31840,-98872.484375
19597,TQC,env6,32344,-98979.890625
19598,TQC,env6,32724,-98932.203125
19599,TQC,env6,33140,-99035.8984375
19600,TQC,env6,33372,-99044.0
19601,TQC,env6,34144,-99055.296875
19602,TQC,env6,34472,-98970.6875
19603,TQC,env6,34828,-98970.5859375
19604,TQC,env6,35100,-99074.1875
19605,TQC,env6,35772,-99300.640625
19606,TQC,env6,36144,-99222.421875
19607,TQC,env6,36540,-99141.6640625
19608,TQC,env6,36892,-99143.9609375
19609,TQC,env6,37400,-99141.921875
19610,TQC,env6,38120,-99069.7265625
19611,TQC,env6,38428,-99186.8125
19612,TQC,env6,38876,-99012.8359375
19613,TQC,env6,39620,-99111.5625
19614,TQC,env6,40176,-99145.25
19615,TQC,env6,40728,-99074.3359375
19616,TQC,env6,41508,-99110.8359375
19617,TQC,env6,42136,-99029.8984375
19618,TQC,env6,42840,-98869.9453125
19619,TQC,env6,43228,-98691.859375
19620,TQC,env6,44128,-98615.03125
19621,TQC,env6,45120,-98870.34375
19622,TQC,env6,45944,-98927.4453125
19623,TQC,env6,47532,-98865.71875
19624,TQC,env6,48632,-98838.859375
19625,TQC,env6,51824,-97869.71875
19626,TQC,env6,54908,-98021.0234375
19627,TQC,env6,56712,-96444.5859375
19628,TQC,env6,59028,-96560.984375
19629,TQC,env6,61356,-95524.1953125
19630,TQC,env6,64892,-92824.59375
19631,TQC,env6,68136,-90197.5078125
19632,TQC,env6,71708,-87578.7734375
19633,TQC,env6,75492,-86701.1484375
19634,TQC,env6,79492,-84104.0859375
19635,TQC,env6,81404,-81441.796875
19636,TQC,env6,84492,-79483.34375
19637,TQC,env6,88492,-78561.2265625
19638,TQC,env6,91580,-75751.8515625
19639,TQC,env6,94776,-72994.921875
19640,TQC,env6,98492,-70370.8359375
19641,TQC,env6,102000,-69530.2578125
19642,TQC,env6,106000,-67673.3984375
19643,TQC,env6,108500,-65873.1328125
19644,TQC,env6,110576,-64426.82421875
19645,TQC,env6,114000,-63364.13671875
19646,TQC,env6,118000,-61478.41015625
19647,TQC,env6,122000,-58653.2109375
19648,TQC,env6,125364,-56103.32421875
19649,TQC,env6,129364,-52488.28515625
19650,TQC,env6,133364,-49829.32421875
19651,TQC,env6,137364,-46033.421875
19652,TQC,env6,140568,-45122.421875
19653,TQC,env6,144568,-41247.859375
19654,TQC,env6,148488,-39487.32421875
19655,TQC,env6,152028,-39384.28515625
19656,TQC,env6,154840,-40346.5859375
19657,TQC,env6,157404,-41135.0234375
19658,TQC,env6,160744,-40173.26171875
19659,TQC,env6,164744,-39984.22265625
19660,TQC,env6,167772,-40892.375
19661,TQC,env6,171772,-41134.125
19662,TQC,env6,175452,-39697.51171875
19663,TQC,env6,176920,-41548.55078125
19664,TQC,env6,179208,-44524.1015625
19665,TQC,env6,183076,-45603.19921875
19666,TQC,env6,183660,-45417.0390625
19667,TQC,env6,185092,-47554.6875
19668,TQC,env6,186356,-49722.3515625
19669,TQC,env6,187224,-51511.94921875
19670,TQC,env6,188568,-52690.9609375
19671,TQC,env6,189320,-54524.6875
19672,TQC,env6,190072,-57227.63671875
19673,TQC,env6,191500,-59994.13671875
19674,TQC,env6,192516,-63724.63671875
19675,TQC,env6,193860,-67466.4375
19676,TQC,env6,194500,-71146.3359375
19677,TQC,env6,195256,-73857.5390625
19678,TQC,env6,195860,-77638.5
19679,TQC,env6,196768,-80463.421875
19680,TQC,env6,197656,-83296.265625
19681,TQC,env6,198820,-85112.265625
19682,TQC,env6,199784,-87070.625
19683,TQC,env6,201788,-87887.296875
19684,TQC,env6,202632,-90865.140625
19685,TQC,env6,203336,-92818.359375
19686,TQC,env6,203592,-93720.765625
19687,TQC,env6,204336,-96377.5625
19688,TQC,env6,204852,-97253.640625
19689,TQC,env6,205720,-97113.734375
19690,TQC,env6,206568,-98905.0390625
19691,TQC,env6,207472,-99951.2734375
19692,TQC,env6,208332,-99878.671875
19693,TQC,env6,209712,-99816.7734375
19694,TQC,env6,210692,-98849.171875
19695,TQC,env6,212640,-97985.171875
19696,TQC,env6,213416,-98096.9765625
19697,TQC,env6,214320,-98178.421875
19698,TQC,env6,215640,-98199.421875
19699,TQC,env6,216056,-98123.921875
19700,TQC,env6,218068,-98081.5234375
19701,TQC,env6,219820,-97149.0234375
19702,TQC,env6,220556,-97198.0234375
19703,TQC,env6,221392,-97267.7265625
19704,TQC,env6,222208,-97325.7265625
19705,TQC,env6,222748,-97301.5234375
19706,TQC,env6,223456,-97252.421875
19707,TQC,env6,224588,-97276.921875
19708,TQC,env6,225384,-98321.734375
19709,TQC,env6,226368,-98289.734375
19710,TQC,env6,227828,-97381.234375
19711,TQC,env6,228780,-98352.3359375
19712,TQC,env6,229704,-98406.8359375
19713,TQC,env6,230104,-98530.0
19714,TQC,env6,230692,-98515.703125
19715,TQC,env6,231576,-98452.3984375
19716,TQC,env6,232564,-98455.5
19717,TQC,env6,234188,-97597.0
19718,TQC,env6,235096,-97594.203125
19719,TQC,env6,237476,-97674.6015625
19720,TQC,env6,239960,-96753.296875
19721,TQC,env6,242540,-95809.796875
19722,TQC,env6,243768,-95839.796875
19723,TQC,env6,244916,-94843.8984375
19724,TQC,env6,245868,-93928.6015625
19725,TQC,env6,249868,-90129.203125
19726,TQC,env6,251912,-90141.296875
19727,TQC,env6,252748,-90181.3984375
19728,TQC,env6,254052,-90146.296875
19729,TQC,env6,257496,-89324.796875
19730,TQC,env6,259108,-88435.203125
19731,TQC,env6,262052,-85705.6015625
19732,TQC,env6,263108,-84757.6015625
19733,TQC,env6,266052,-83894.796875
19734,TQC,env6,268536,-82060.296875
19735,TQC,env6,269672,-82084.296875
19736,TQC,env6,272804,-82169.5
19737,TQC,env6,275844,-80267.3984375
19738,TQC,env6,276972,-78323.7265625
19739,TQC,env6,280664,-78480.7265625
19740,TQC,env6,281268,-76332.265625
19741,TQC,env6,282424,-76365.765625
19742,TQC,env6,282732,-77198.859375
19743,TQC,env6,284160,-77213.765625
19744,TQC,env6,285396,-78097.1640625
19745,TQC,env6,286288,-79889.4609375
19746,TQC,env6,289396,-78928.5625
19747,TQC,env6,291880,-78118.0625
19748,TQC,env6,294876,-76276.1640625
19749,TQC,env6,296296,-76322.5625
19750,TQC,env6,297820,-80217.5625
19751,TQC,env6,300200,-81241.5625
19752,TQC,env6,301704,-81238.859375
19753,TQC,env6,302864,-81237.859375
19754,TQC,env6,304932,-82181.4609375
19755,TQC,env6,305884,-83111.359375
19756,TQC,env6,308444,-84983.765625
19757,TQC,env6,309720,-85987.265625
19758,TQC,env6,312692,-86034.359375
19759,TQC,env6,315132,-87063.0625
19760,TQC,env6,316508,-88019.265625
19761,TQC,env6,317536,-87044.6640625
19762,TQC,env6,318908,-88951.9609375
19763,TQC,env6,319668,-90918.0390625
19764,TQC,env6,320524,-90812.0390625
19765,TQC,env6,322140,-93021.8984375
19766,TQC,env6,324008,-93095.3984375
19767,TQC,env6,325328,-93141.703125
19768,TQC,env6,326132,-93221.703125
19769,TQC,env6,326716,-93202.8984375
19770,TQC,env6,328788,-93235.8984375
19771,TQC,env6,329772,-95092.6015625
19772,TQC,env6,332200,-96035.0
19773,TQC,env6,333184,-97911.1015625
19774,TQC,env6,334452,-98710.4375
19775,TQC,env6,335616,-98611.234375
19776,TQC,env6,336592,-98459.328125
19777,TQC,env6,337208,-98035.671875
19778,TQC,env6,338280,-98083.375
19779,TQC,env6,338848,-97761.078125
19780,TQC,env6,339628,-97615.2890625
19781,TQC,env6,340108,-98283.828125
19782,TQC,env6,341260,-98099.2734375
19783,TQC,env6,342220,-98924.078125
19784,TQC,env6,343876,-99716.2734375
19785,TQC,env6,344664,-98601.921875
19786,TQC,env6,345188,-99421.7265625
19787,TQC,env6,345728,-99389.625
19788,TQC,env6,346860,-99337.7265625
19789,TQC,env6,348288,-99342.328125
19790,TQC,env6,349180,-98448.328125
19791,TQC,env6,349764,-98197.4140625
19792,TQC,env6,350892,-98213.015625
19793,TQC,env6,351712,-98155.109375
19794,TQC,env6,354216,-98213.609375
19795,TQC,env6,355808,-96333.3125
19796,TQC,env6,357504,-96336.609375
19797,TQC,env6,361504,-93450.015625
19798,TQC,env6,362956,-92497.8125
19799,TQC,env6,364476,-91685.171875
19800,TQC,env6,367692,-88818.921875
19801,TQC,env6,370960,-88018.9375
19802,TQC,env6,374960,-86624.7890625
19803,TQC,env6,378960,-83871.484375
19804,TQC,env6,380672,-82272.0859375
19805,TQC,env6,384060,-80593.078125
19806,TQC,env6,385836,-78899.015625
19807,TQC,env6,386616,-79017.359375
19808,TQC,env6,386956,-78920.5625
19809,TQC,env6,387332,-78870.9609375
19810,TQC,env6,388036,-79891.2109375
19811,TQC,env6,388568,-79950.7109375
19812,TQC,env6,388928,-79911.8125
19813,TQC,env6,389444,-79905.2109375
19814,TQC,env6,390064,-79882.7109375
19815,TQC,env6,390956,-80722.7109375
19816,TQC,env6,391972,-80830.421875
19817,TQC,env6,395452,-80010.421875
19818,TQC,env6,397172,-78161.2265625
19819,TQC,env6,399568,-77248.328125
19820,TQC,env6,402180,-78273.921875
19821,TQC,env6,404348,-78375.7265625
19822,TQC,env6,405556,-81166.921875
19823,TQC,env6,406520,-82114.921875
19824,TQC,env6,407768,-83042.0234375
19825,TQC,env6,408376,-85874.671875
19826,TQC,env6,409516,-86696.671875
19827,TQC,env6,409988,-88494.9765625
19828,TQC,env6,410736,-91156.078125
19829,TQC,env6,411736,-92893.7734375
19830,TQC,env6,412928,-94669.9765625
19831,TQC,env6,414016,-95653.8984375
19832,TQC,env6,415012,-94748.3984375
19833,TQC,env6,415692,-94855.0
19834,TQC,env6,416804,-94904.0
19835,TQC,env6,417776,-94955.6015625
19836,TQC,env6,418264,-94914.1015625
19837,TQC,env6,418628,-94956.203125
19838,TQC,env6,419156,-94942.8984375
19839,TQC,env6,419772,-94928.703125
19840,TQC,env6,420644,-94959.796875
19841,TQC,env6,421104,-94973.203125
19842,TQC,env6,421868,-95757.8984375
19843,TQC,env6,422928,-97564.296875
19844,TQC,env6,423592,-98466.203125
19845,TQC,env6,425244,-99337.703125
19846,TQC,env6,425844,-99185.5
19847,TQC,env6,426816,-99055.484375
19848,TQC,env6,427052,-99953.390625
19849,TQC,env6,427268,-99875.484375
19850,TQC,env6,427604,-99841.2890625
19851,TQC,env6,427816,-99818.984375
19852,TQC,env6,428260,-99700.0859375
19853,TQC,env6,428796,-99690.6875
19854,TQC,env6,429368,-99684.984375
19855,TQC,env6,430020,-99672.7890625
19856,TQC,env6,430996,-100640.2890625
19857,TQC,env6,431512,-101508.0859375
19858,TQC,env6,432096,-101474.0859375
19859,TQC,env6,432496,-101413.484375
19860,TQC,env6,434956,-100413.7890625
19861,TQC,env6,438956,-99678.984375
19862,TQC,env6,440400,-96935.484375
19863,TQC,env6,443828,-96096.984375
19864,TQC,env6,444876,-94282.6875
19865,TQC,env6,447404,-93329.2890625
19866,TQC,env6,449564,-92433.5859375
19867,TQC,env6,451404,-91513.7890625
19868,TQC,env6,452620,-91523.1875
19869,TQC,env6,453960,-90543.6875
19870,TQC,env6,454932,-90481.2890625
19871,TQC,env6,457056,-88645.390625
19872,TQC,env6,457904,-88755.6015625
19873,TQC,env6,459576,-87886.0
19874,TQC,env6,460468,-87905.796875
19875,TQC,env6,460980,-87952.296875
19876,TQC,env6,462064,-87047.796875
19877,TQC,env6,462740,-87051.203125
19878,TQC,env6,464468,-86215.5
19879,TQC,env6,465508,-86269.0
19880,TQC,env6,466836,-85383.796875
19881,TQC,env6,469568,-83587.8984375
19882,TQC,env6,471316,-83613.296875
19883,TQC,env6,472680,-83683.6484375
19884,TQC,env6,474756,-83751.25
19885,TQC,env6,476076,-84760.6484375
19886,TQC,env6,479492,-83697.75
19887,TQC,env6,481804,-84648.75
19888,TQC,env6,483864,-85605.078125
19889,TQC,env6,485216,-87442.078125
19890,TQC,env6,486756,-87468.578125
19891,TQC,env6,490292,-87520.9765625
19892,TQC,env6,490836,-86600.375
19893,TQC,env6,492912,-85613.0625
19894,TQC,env6,494288,-86468.4609375
19895,TQC,env6,495680,-84482.1953125
19896,TQC,env6,497428,-86302.1953125
19897,TQC,env6,499228,-85401.8984375
19898,TQC,env6,500380,-85306.6953125
19899,TQC,env6,501784,-84383.40625
19900,TQC,env6,502820,-84182.7734375
19901,TQC,env6,504292,-85072.6484375
19902,TQC,env6,506124,-85151.4453125
19903,TQC,env6,509020,-85138.6484375
19904,TQC,env6,510056,-85193.84375
19905,TQC,env6,510808,-86108.546875
19906,TQC,env6,513244,-87992.4453125
19907,TQC,env6,515080,-86164.7421875
19908,TQC,env6,517900,-86264.59375
19909,TQC,env6,520392,-84161.7421875
19910,TQC,env6,521076,-84155.2421875
19911,TQC,env6,521900,-85056.9453125
19912,TQC,env6,524456,-86998.1484375
19913,TQC,env6,525320,-86842.84375
19914,TQC,env6,526968,-86896.4453125
19915,TQC,env6,528356,-87825.1484375
19916,TQC,env6,529108,-88594.2421875
19917,TQC,env6,529464,-89362.46875
19918,TQC,env6,530700,-90363.6796875
19919,TQC,env6,531620,-90448.0859375
19920,TQC,env6,532252,-92403.3515625
19921,TQC,env6,532660,-92421.3515625
19922,TQC,env6,534064,-93384.953125
19923,TQC,env6,534972,-94327.453125
19924,TQC,env6,536256,-95367.4375
19925,TQC,env6,536772,-95520.078125
19926,TQC,env6,537792,-95632.3984375
19927,TQC,env6,538264,-95597.5
19928,TQC,env6,538728,-96456.203125
19929,TQC,env6,539156,-96325.203125
19930,TQC,env6,541084,-96369.0
19931,TQC,env6,542448,-96323.3984375
19932,TQC,env6,543984,-98227.6015625
19933,TQC,env6,545776,-97165.1015625
19934,TQC,env6,547496,-99362.3515625
19935,TQC,env6,548708,-99449.8515625
19936,TQC,env6,550324,-100295.6484375
19937,TQC,env6,550916,-100156.3515625
19938,TQC,env6,551872,-100211.0234375
19939,TQC,env6,553064,-100261.421875
19940,TQC,env6,553968,-100305.125
19941,TQC,env6,555624,-100432.828125
19942,TQC,env6,557068,-101469.1484375
19943,TQC,env6,558060,-101448.75
19944,TQC,env6,559868,-100443.75
19945,TQC,env6,561156,-100520.1484375
19946,TQC,env6,563244,-99519.296875
19947,TQC,env6,564592,-99490.703125
19948,TQC,env6,565120,-99551.8984375
19949,TQC,env6,566336,-98530.5
19950,TQC,env6,568192,-98679.1015625
19951,TQC,env6,568780,-98609.296875
19952,TQC,env6,569684,-97675.3984375
19953,TQC,env6,571148,-97685.1015625
19954,TQC,env6,572780,-96829.0
19955,TQC,env6,573704,-95903.203125
19956,TQC,env6,575236,-95777.25
19957,TQC,env6,576796,-95740.3515625
19958,TQC,env6,578516,-96760.046875
19959,TQC,env6,580436,-96608.953125
19960,TQC,env6,582548,-96644.453125
19961,TQC,env6,583172,-95737.1484375
19962,TQC,env6,583916,-95703.25
19963,TQC,env6,585472,-95780.6484375
19964,TQC,env6,586188,-95720.546875
19965,TQC,env6,586648,-95637.046875
19966,TQC,env6,587616,-95586.25
19967,TQC,env6,588456,-95606.1015625
19968,TQC,env6,589240,-95650.6015625
19969,TQC,env6,590496,-96710.796875
19970,TQC,env6,591796,-96711.5
19971,TQC,env6,592672,-97753.1484375
19972,TQC,env6,594252,-97752.953125
19973,TQC,env6,595736,-97711.75
19974,TQC,env6,597292,-97768.453125
19975,TQC,env6,597996,-97560.8515625
19976,TQC,env6,598796,-96649.1484375
19977,TQC,env6,600548,-97650.046875
19978,TQC,env6,602120,-97698.75
19979,TQC,env6,603340,-98710.3515625
19980,TQC,env6,605200,-99620.25
19981,TQC,env6,606688,-98771.8984375
19982,TQC,env6,609012,-98851.5
19983,TQC,env6,610556,-97913.296875
19984,TQC,env6,613824,-98063.796875
19985,TQC,env6,614656,-97034.171875
19986,TQC,env6,615472,-98015.375
19987,TQC,env6,616544,-98030.171875
19988,TQC,env6,617216,-97989.671875
19989,TQC,env6,618496,-97965.578125
19990,TQC,env6,620288,-98104.7734375
19991,TQC,env6,621500,-98151.578125
19992,TQC,env6,622640,-98163.171875
19993,TQC,env6,623652,-98156.171875
19994,TQC,env6,623904,-97153.9765625
19995,TQC,env6,624300,-97079.671875
19996,TQC,env6,624772,-97007.375
19997,TQC,env6,625260,-96923.4765625
19998,TQC,env6,625980,-96911.171875
19999,TQC,env6,626404,-97736.671875
20000,TQC,env6,626780,-97790.171875
20001,TQC,env6,627164,-98704.2734375
20002,TQC,env6,627552,-98586.7734375
20003,TQC,env6,627964,-98522.4765625
20004,TQC,env6,628240,-98358.671875
20005,TQC,env6,629032,-98297.875
20006,TQC,env6,629308,-98237.7734375
20007,TQC,env6,629716,-98072.875
20008,TQC,env6,630432,-98903.171875
20009,TQC,env6,630776,-98782.578125
20010,TQC,env6,631392,-99644.6015625
20011,TQC,env6,631836,-99637.203125
20012,TQC,env6,632268,-99601.5
20013,TQC,env6,632680,-99544.703125
20014,TQC,env6,633680,-99532.0
20015,TQC,env6,634620,-99446.203125
20016,TQC,env6,636380,-99448.296875
20017,TQC,env6,638768,-98598.0
20018,TQC,env6,640092,-97660.5
20019,TQC,env6,643604,-97790.796875
20020,TQC,env6,646188,-96047.6015625
20021,TQC,env6,647912,-95290.703125
20022,TQC,env6,649508,-95352.6015625
20023,TQC,env6,651136,-95444.0
20024,TQC,env6,652132,-94580.203125
20025,TQC,env6,653200,-94645.6015625
20026,TQC,env6,654536,-94677.0
20027,TQC,env6,655608,-94808.5
20028,TQC,env6,658276,-94965.796875
20029,TQC,env6,659636,-95080.3984375
20030,TQC,env6,660224,-94205.3984375
20031,TQC,env6,661020,-95155.0
20032,TQC,env6,661460,-95172.703125
20033,TQC,env6,662868,-95153.6015625
20034,TQC,env6,665156,-94319.296875
20035,TQC,env6,665956,-93467.0
20036,TQC,env6,668136,-93561.296875
20037,TQC,env6,671520,-92773.6015625
20038,TQC,env6,673100,-91972.6015625
20039,TQC,env6,676060,-90109.703125
20040,TQC,env6,676876,-89153.296875
20041,TQC,env6,678288,-88211.203125
20042,TQC,env6,679720,-89099.3984375
20043,TQC,env6,682408,-89190.203125
20044,TQC,env6,685428,-89206.1015625
20045,TQC,env6,687184,-90179.796875
20046,TQC,env6,689344,-91102.8984375
20047,TQC,env6,690588,-91124.3984375
20048,TQC,env6,694400,-91224.3984375
20049,TQC,env6,696184,-91346.703125
20050,TQC,env6,698588,-90501.296875
20051,TQC,env6,700348,-89381.0
20052,TQC,env6,701236,-89339.1015625
20053,TQC,env6,702400,-89202.703125
20054,TQC,env6,704880,-87298.796875
20055,TQC,env6,706236,-88355.3984375
20056,TQC,env6,707348,-88398.796875
20057,TQC,env6,710400,-88556.0
20058,TQC,env6,711628,-87620.453125
20059,TQC,env6,713616,-88557.3515625
20060,TQC,env6,715312,-89369.546875
20061,TQC,env6,717528,-88311.546875
20062,TQC,env6,719288,-88267.8515625
20063,TQC,env6,719956,-88191.6484375
20064,TQC,env6,720608,-90032.953125
20065,TQC,env6,721312,-90991.046875
20066,TQC,env6,721788,-91843.046875
20067,TQC,env6,722280,-91820.546875
20068,TQC,env6,722908,-92601.453125
20069,TQC,env6,723336,-93250.6015625
20070,TQC,env6,723608,-93942.046875
20071,TQC,env6,723896,-93752.453125
20072,TQC,env6,724380,-93676.046875
20073,TQC,env6,724840,-93449.6484375
20074,TQC,env6,725448,-94213.546875
20075,TQC,env6,726244,-95036.75
20076,TQC,env6,727304,-96127.546875
20077,TQC,env6,728092,-95156.6484375
20078,TQC,env6,728892,-95150.953125
20079,TQC,env6,729548,-96971.6484375
20080,TQC,env6,730132,-96805.8515625
20081,TQC,env6,730396,-95654.6484375
20082,TQC,env6,731020,-95512.8515625
20083,TQC,env6,732088,-96463.0
20084,TQC,env6,733280,-96393.296875
20085,TQC,env6,734044,-96453.1015625
20086,TQC,env6,735020,-96409.25
20087,TQC,env6,735940,-97287.1484375
20088,TQC,env6,737252,-98239.546875
20089,TQC,env6,737692,-98274.25
20090,TQC,env6,738256,-98229.1484375
20091,TQC,env6,738724,-98258.8515625
20092,TQC,env6,739524,-98245.3515625
20093,TQC,env6,739948,-98261.953125
20094,TQC,env6,740672,-98366.796875
20095,TQC,env6,741136,-98495.75
20096,TQC,env6,741416,-98507.1484375
20097,TQC,env6,742084,-98488.1484375
20098,TQC,env6,742380,-98522.046875
20099,TQC,env6,742804,-98515.75
20100,TQC,env6,743308,-98491.1484375
20101,TQC,env6,743852,-98478.953125
20102,TQC,env6,744324,-99403.3515625
20103,TQC,env6,744804,-99392.8515625
20104,TQC,env6,745256,-99388.6484375
20105,TQC,env6,745800,-99396.1484375
20106,TQC,env6,746312,-100464.3515625
20107,TQC,env6,746836,-100462.3515625
20108,TQC,env6,747344,-100356.1015625
20109,TQC,env6,748160,-100310.8984375
20110,TQC,env6,748716,-100323.796875
20111,TQC,env6,749124,-101317.953125
20112,TQC,env6,752036,-101364.953125
20113,TQC,env6,753068,-100482.046875
20114,TQC,env6,753792,-100481.8515625
20115,TQC,env6,755824,-100537.453125
20116,TQC,env6,758164,-99710.953125
20117,TQC,env6,760548,-98859.453125
20118,TQC,env6,764088,-97123.75
20119,TQC,env6,765492,-96279.953125
20120,TQC,env6,766948,-95396.25
20121,TQC,env6,767700,-95461.453125
20122,TQC,env6,769040,-94583.1484375
20123,TQC,env6,770592,-94640.6484375
20124,TQC,env6,772492,-94693.546875
20125,TQC,env6,773080,-92888.75
20126,TQC,env6,773932,-92898.75
20127,TQC,env6,774468,-92900.046875
20128,TQC,env6,775972,-93002.953125
20129,TQC,env6,776628,-93011.6484375
20130,TQC,env6,777136,-93025.1484375
20131,TQC,env6,778220,-93063.6484375
20132,TQC,env6,780480,-93101.3515625
20133,TQC,env6,781516,-93335.0
20134,TQC,env6,782124,-93342.3984375
20135,TQC,env6,782512,-92390.1015625
20136,TQC,env6,783360,-92394.203125
20137,TQC,env6,784152,-92300.8984375
20138,TQC,env6,784980,-93191.6015625
20139,TQC,env6,785708,-93146.6015625
20140,TQC,env6,786236,-93098.703125
20141,TQC,env6,786864,-93965.8984375
20142,TQC,env6,789260,-94857.8984375
20143,TQC,env6,791520,-93857.6015625
20144,TQC,env6,792112,-94708.703125
20145,TQC,env6,792740,-95559.0
20146,TQC,env6,793280,-94611.8984375
20147,TQC,env6,794656,-95516.0
20148,TQC,env6,795304,-95419.2734375
20149,TQC,env6,796496,-95388.2734375
20150,TQC,env6,798704,-97324.2734375
20151,TQC,env6,799488,-97409.078125
20152,TQC,env6,800032,-97335.375
20153,TQC,env6,801836,-97283.2734375
20154,TQC,env6,803200,-96380.578125
20155,TQC,env6,803632,-96354.078125
20156,TQC,env6,804252,-95407.875
20157,TQC,env6,806984,-95435.671875
20158,TQC,env6,808808,-94522.9765625
20159,TQC,env6,811124,-92705.078125
20160,TQC,env6,811600,-93694.171875
20161,TQC,env6,812284,-93677.078125
20162,TQC,env6,812692,-93696.2734375
20163,TQC,env6,813688,-93628.875
20164,TQC,env6,814316,-93673.2734375
20165,TQC,env6,815344,-93657.578125
20166,TQC,env6,816008,-93701.578125
20167,TQC,env6,816596,-93672.2734375
20168,TQC,env6,817188,-96418.7734375
20169,TQC,env6,817772,-96423.171875
20170,TQC,env6,818576,-96443.2734375
20171,TQC,env6,819888,-97409.9765625
20172,TQC,env6,821344,-97461.671875
20173,TQC,env6,821792,-97527.3984375
20174,TQC,env6,822732,-97541.6015625
20175,TQC,env6,823260,-97400.1015625
20176,TQC,env6,823544,-97313.8984375
20177,TQC,env6,823820,-97345.1015625
20178,TQC,env6,824284,-97274.5
20179,TQC,env6,825088,-98153.296875
20180,TQC,env6,825376,-98168.203125
20181,TQC,env6,826024,-98163.703125
20182,TQC,env6,826704,-98100.6015625
20183,TQC,env6,827096,-98896.203125
20184,TQC,env6,827632,-100706.5
20185,TQC,env6,828116,-100637.796875
20186,TQC,env6,828492,-100644.296875
20187,TQC,env6,828820,-100614.5
20188,TQC,env6,829120,-100594.703125
20189,TQC,env6,829616,-100556.6015625
20190,TQC,env6,829908,-100538.1015625
20191,TQC,env6,830360,-100437.0
20192,TQC,env6,830720,-100404.203125
20193,TQC,env6,831028,-100375.3984375
20194,TQC,env6,831568,-100369.6015625
20195,TQC,env6,832172,-100348.6015625
20196,TQC,env6,832780,-100302.1015625
20197,TQC,env6,833556,-100251.6015625
20198,TQC,env6,834792,-100257.703125
20199,TQC,env6,835892,-100300.8984375
20200,TQC,env6,836640,-100366.1015625
20201,TQC,env6,837160,-100371.203125
20202,TQC,env6,837684,-100398.3984375
20203,TQC,env6,838536,-100449.3984375
20204,TQC,env6,839108,-100503.3984375
20205,TQC,env6,840208,-100502.6015625
20206,TQC,env6,841620,-101425.875
20207,TQC,env6,843884,-101479.578125
20208,TQC,env6,846212,-100617.578125
20209,TQC,env6,848096,-98796.875
20210,TQC,env6,848676,-97925.2734375
20211,TQC,env6,849008,-97932.4765625
20212,TQC,env6,849752,-97956.2734375
20213,TQC,env6,850540,-98014.7734375
20214,TQC,env6,851704,-98047.578125
20215,TQC,env6,852252,-98121.875
20216,TQC,env6,852660,-98118.078125
20217,TQC,env6,853132,-98116.078125
20218,TQC,env6,853604,-98137.578125
20219,TQC,env6,854036,-98128.7734375
20220,TQC,env6,854264,-98109.7734375
20221,TQC,env6,854612,-98083.9765625
20222,TQC,env6,854936,-98057.2734375
20223,TQC,env6,855168,-97988.078125
20224,TQC,env6,855400,-97896.7734375
20225,TQC,env6,855648,-97825.578125
20226,TQC,env6,856092,-97790.875
20227,TQC,env6,856352,-97777.2734375
20228,TQC,env6,856612,-97728.171875
20229,TQC,env6,856920,-97670.375
20230,TQC,env6,857448,-97656.171875
20231,TQC,env6,858056,-97662.1015625
20232,TQC,env6,858408,-97597.796875
20233,TQC,env6,858956,-98425.703125
20234,TQC,env6,859384,-100242.3984375
20235,TQC,env6,859744,-101116.296875
20236,TQC,env6,860172,-101111.0
20237,TQC,env6,861176,-101108.3984375
20238,TQC,env6,861632,-101062.5
20239,TQC,env6,862068,-101075.5
20240,TQC,env6,862460,-101017.703125
20241,TQC,env6,862868,-101020.5
20242,TQC,env6,863388,-101034.6015625
20243,TQC,env6,863808,-101018.8984375
20244,TQC,env6,864272,-101017.703125
20245,TQC,env6,864756,-101038.3984375
20246,TQC,env6,865468,-101065.203125
20247,TQC,env6,866260,-101113.8984375
20248,TQC,env6,867128,-101154.6015625
20249,TQC,env6,867716,-101208.796875
20250,TQC,env6,869320,-101192.203125
20251,TQC,env6,871036,-101202.546875
20252,TQC,env6,873836,-101328.1484375
20253,TQC,env6,876284,-101473.75
20254,TQC,env6,876632,-101464.8515625
20255,TQC,env6,878208,-100579.6484375
20256,TQC,env6,878484,-100604.6484375
20257,TQC,env6,879172,-100603.953125
20258,TQC,env6,879488,-100603.546875
20259,TQC,env6,879676,-100573.8515625
20260,TQC,env6,879964,-100540.1484375
20261,TQC,env6,880124,-100553.953125
20262,TQC,env6,880276,-100530.6484375
20263,TQC,env6,880440,-100486.546875
20264,TQC,env6,880636,-100427.6484375
20265,TQC,env6,880856,-100405.453125
20266,TQC,env6,882596,-100447.3515625
20267,TQC,env6,883516,-100558.1484375
20268,TQC,env6,884892,-100642.3515625
20269,TQC,env6,886916,-100735.1484375
20270,TQC,env6,888032,-100809.8515625
20271,TQC,env6,889248,-100738.046875
20272,TQC,env6,890224,-99848.75
20273,TQC,env6,890964,-99734.453125
20274,TQC,env6,891400,-99634.75
20275,TQC,env6,891632,-99645.453125
20276,TQC,env6,891900,-99537.3984375
20277,TQC,env6,892128,-99395.1015625
20278,TQC,env6,892496,-99241.203125
20279,TQC,env6,892760,-99153.796875
20280,TQC,env6,893092,-100039.296875
20281,TQC,env6,893364,-99884.0
20282,TQC,env6,893600,-99876.203125
20283,TQC,env6,893768,-99851.3984375
20284,TQC,env6,894492,-99886.3984375
20285,TQC,env6,895524,-99937.796875
20286,TQC,env6,896092,-99969.5
20287,TQC,env6,896516,-100001.703125
20288,TQC,env6,897448,-100048.796875
20289,TQC,env6,898584,-100134.8984375
20290,TQC,env6,899976,-100260.796875
20291,TQC,env6,900524,-100251.8984375
20292,TQC,env6,901648,-100210.5
20293,TQC,env6,902856,-100163.1015625
20294,TQC,env6,903324,-100122.6015625
20295,TQC,env6,903800,-100039.703125
20296,TQC,env6,904384,-100103.796875
20297,TQC,env6,904956,-100984.703125
20298,TQC,env6,905492,-101078.296875
20299,TQC,env6,906132,-101159.6015625
20300,TQC,env6,906888,-101193.0
20301,TQC,env6,907452,-101334.8984375
20302,TQC,env6,907936,-101362.703125
20303,TQC,env6,908264,-101376.8984375
20304,TQC,env6,908472,-101474.6015625
20305,TQC,env6,908652,-101456.5
20306,TQC,env6,909204,-101544.8984375
20307,TQC,env6,909900,-101561.1015625
20308,TQC,env6,910204,-101635.5
20309,TQC,env6,910472,-101608.203125
20310,TQC,env6,910632,-101563.0
20311,TQC,env6,910856,-101505.203125
20312,TQC,env6,911092,-101459.1015625
20313,TQC,env6,911340,-101414.5
20314,TQC,env6,911508,-101332.6015625
20315,TQC,env6,911676,-101184.796875
20316,TQC,env6,911936,-101146.3984375
20317,TQC,env6,912148,-101049.796875
20318,TQC,env6,912380,-100997.5
20319,TQC,env6,912624,-100928.0
20320,TQC,env6,912832,-100904.296875
20321,TQC,env6,912996,-100871.703125
20322,TQC,env6,913176,-100817.6015625
20323,TQC,env6,913332,-100782.6015625
20324,TQC,env6,913512,-100738.5
20325,TQC,env6,913712,-100707.8984375
20326,TQC,env6,913928,-100650.1015625
20327,TQC,env6,914172,-100626.0
20328,TQC,env6,914348,-100615.796875
20329,TQC,env6,914524,-100600.6015625
20330,TQC,env6,914732,-100594.8984375
20331,TQC,env6,914900,-100591.3984375
20332,TQC,env6,915052,-100565.1015625
20333,TQC,env6,915236,-100496.5
20334,TQC,env6,915376,-100486.0
20335,TQC,env6,915520,-100476.796875
20336,TQC,env6,915664,-100472.796875
20337,TQC,env6,915804,-100465.0
20338,TQC,env6,915964,-100458.6015625
20339,TQC,env6,916108,-100452.0
20340,TQC,env6,916264,-100446.6015625
20341,TQC,env6,916412,-100442.5
20342,TQC,env6,916564,-100434.296875
20343,TQC,env6,916752,-100430.5
20344,TQC,env6,916892,-100419.296875
20345,TQC,env6,917020,-100413.8984375
20346,TQC,env6,917164,-100409.5
20347,TQC,env6,917340,-100404.796875
20348,TQC,env6,917464,-100403.8984375
20349,TQC,env6,917588,-100402.5
20350,TQC,env6,917736,-100397.0
20351,TQC,env6,917884,-100393.8984375
20352,TQC,env6,918032,-100384.1015625
20353,TQC,env6,918184,-100377.3984375
20354,TQC,env6,918384,-100375.296875
20355,TQC,env6,918584,-100376.5
20356,TQC,env6,918724,-100375.1015625
20357,TQC,env6,918876,-100371.5
20358,TQC,env6,919060,-100366.796875
20359,TQC,env6,919244,-100370.3984375
20360,TQC,env6,919428,-100373.1015625
20361,TQC,env6,919728,-100373.6015625
20362,TQC,env6,919924,-100376.296875
20363,TQC,env6,920104,-100401.1015625
20364,TQC,env6,920272,-100404.8984375
20365,TQC,env6,920512,-100409.796875
20366,TQC,env6,920820,-100419.1015625
20367,TQC,env6,921108,-100432.5
20368,TQC,env6,921332,-100441.3984375
20369,TQC,env6,921712,-100455.0
20370,TQC,env6,922256,-100499.1015625
20371,TQC,env6,922596,-100525.0
20372,TQC,env6,922932,-100542.6015625
20373,TQC,env6,923208,-100563.8984375
20374,TQC,env6,923460,-100575.296875
20375,TQC,env6,923792,-100591.0
20376,TQC,env6,924164,-100611.0
20377,TQC,env6,924412,-100623.8984375
20378,TQC,env6,924792,-100642.296875
20379,TQC,env6,925128,-100660.8984375
20380,TQC,env6,925640,-100673.3984375
20381,TQC,env6,926012,-100707.3984375
20382,TQC,env6,926296,-100728.5
20383,TQC,env6,926572,-100743.0
20384,TQC,env6,926800,-100754.203125
20385,TQC,env6,927252,-100778.796875
20386,TQC,env6,927620,-100786.8984375
20387,TQC,env6,928016,-100806.0
20388,TQC,env6,928312,-100800.796875
20389,TQC,env6,928664,-100825.0
20390,TQC,env6,929012,-100840.203125
20391,TQC,env6,929540,-100870.203125
20392,TQC,env6,930392,-100897.0
20393,TQC,env6,931552,-100952.1015625
20394,TQC,env6,932504,-100899.390625
20395,TQC,env6,933492,-100960.890625
20396,TQC,env6,934592,-100998.890625
20397,TQC,env6,935684,-100969.828125
20398,TQC,env6,936792,-99789.3984375
20399,TQC,env6,937700,-99879.3984375
20400,TQC,env6,939436,-99910.1953125
20401,TQC,env6,940824,-99982.6953125
20402,TQC,env6,942640,-98182.1015625
20403,TQC,env6,944572,-97435.0
20404,TQC,env6,945492,-97473.3984375
20405,TQC,env6,945732,-97460.296875
20406,TQC,env6,945904,-97426.6015625
20407,TQC,env6,946112,-97458.6953125
20408,TQC,env6,946328,-97449.796875
20409,TQC,env6,946608,-97438.8984375
20410,TQC,env6,946804,-97423.1953125
20411,TQC,env6,947020,-97417.1953125
20412,TQC,env6,947256,-97400.1015625
20413,TQC,env6,947556,-97396.3984375
20414,TQC,env6,947924,-97387.796875
20415,TQC,env6,948268,-97381.1015625
20416,TQC,env6,948776,-97381.296875
20417,TQC,env6,949096,-97368.6015625
20418,TQC,env6,949848,-97349.8984375
20419,TQC,env6,950656,-97432.109375
20420,TQC,env6,951116,-97390.2109375
20421,TQC,env6,951848,-97390.3125
20422,TQC,env6,952836,-97450.2734375
20423,TQC,env6,954668,-98765.0
20424,TQC,env6,955600,-98762.8984375
20425,TQC,env6,957192,-98839.0
20426,TQC,env6,959396,-98901.8984375
20427,TQC,env6,960144,-100825.5
20428,TQC,env6,962232,-101647.703125
20429,TQC,env6,963316,-101670.796875
20430,TQC,env6,964888,-100890.3984375
20431,TQC,env6,966684,-101051.1015625
20432,TQC,env6,968564,-101157.703125
20433,TQC,env6,969816,-101315.8984375
20434,TQC,env6,971260,-101428.3984375
20435,TQC,env6,972308,-101493.6015625
20436,TQC,env6,972924,-101568.296875
20437,TQC,env6,974588,-101663.8984375
20438,TQC,env6,976060,-101767.0
20439,TQC,env6,976680,-101865.1015625
20440,TQC,env6,977376,-101887.203125
20441,TQC,env6,978744,-101965.703125
20442,TQC,env6,980200,-102088.0
20443,TQC,env6,981876,-102153.1015625
20444,TQC,env6,982808,-102208.296875
20445,TQC,env6,983556,-102209.296875
20446,TQC,env6,984212,-102199.3984375
20447,TQC,env6,984836,-102116.125
20448,TQC,env6,985412,-102004.0234375
20449,TQC,env6,986404,-101857.546875
20450,TQC,env6,986948,-101800.453125
20451,TQC,env6,987632,-101702.546875
20452,TQC,env6,988112,-101606.046875
20453,TQC,env6,988580,-101540.3515625
20454,TQC,env6,989180,-101496.953125
20455,TQC,env6,990792,-102271.4765625
20456,TQC,env6,991548,-102079.1484375
20457,TQC,env6,992404,-101980.25
20458,TQC,env6,993068,-101891.046875
20459,TQC,env6,993676,-101830.6484375
20460,TQC,env6,994372,-101805.3515625
20461,TQC,env6,994968,-101668.203125
20462,TQC,env6,995508,-101572.203125
20463,TQC,env6,996096,-101527.796875
20464,TQC,env6,996768,-101363.875
20465,TQC,env6,997320,-101372.2734375
20466,TQC,env6,997908,-101295.078125
20467,TQC,env6,998480,-101185.671875
20468,TQC,env6,999208,-101116.875
20469,TQC,env6,999860,-101085.375
20470,TQC,env6,1000876,-101079.2734375
20471,TQC,env6,1001492,-101093.2734375
20472,TQC,env6,1002044,-101186.8515625
20473,TQC,env6,1002612,-101179.75
20474,TQC,env6,1003124,-101273.828125
20475,TQC,env6,1003784,-101250.0234375
20476,TQC,env6,1004216,-101222.7265625
20477,TQC,env6,1004732,-101215.828125
20478,TQC,env6,1005544,-101235.328125
20479,TQC,env6,1006424,-101252.421875
20480,TQC,env6,1007860,-101263.1015625
20481,TQC,env6,1008528,-101294.328125
20482,TQC,env6,1009744,-101327.7265625
20483,TQC,env6,1010268,-101320.828125
20484,TQC,env6,1011300,-101318.421875
20485,TQC,env6,1011840,-101248.828125
20486,TQC,env6,1012732,-101343.578125
20487,TQC,env6,1013200,-101357.4765625
20488,TQC,env6,1013660,-101360.9765625
20489,TQC,env6,1014084,-101438.296875
20490,TQC,env6,1014456,-101422.203125
20491,TQC,env6,1014812,-101403.1015625
20492,TQC,env6,1015144,-101380.703125
20493,TQC,env6,1015488,-101352.796875
20494,TQC,env6,1015896,-101310.796875
20495,TQC,env6,1016228,-101274.796875
20496,TQC,env6,1016588,-101226.203125
20497,TQC,env6,1016924,-101184.703125
20498,TQC,env6,1017236,-101165.8984375
20499,TQC,env6,1017632,-101141.5
20500,TQC,env6,1018044,-101119.0
20501,TQC,env6,1018396,-101119.1015625
20502,TQC,env6,1019008,-101112.1015625
20503,TQC,env6,1019556,-101100.796875
20504,TQC,env6,1020060,-101007.796875
20505,TQC,env6,1020560,-101034.1015625
20506,TQC,env6,1021012,-101065.5
20507,TQC,env6,1021564,-101001.796875
20508,TQC,env6,1021848,-100959.796875
20509,TQC,env6,1022464,-100942.1015625
20510,TQC,env6,1022884,-100999.6015625
20511,TQC,env6,1023500,-101001.1015625
20512,TQC,env6,1024060,-100969.203125
20513,TQC,env6,1024632,-100979.8984375
20514,TQC,env6,1025292,-101004.203125
20515,TQC,env6,1026256,-100925.0
20516,TQC,env6,1027144,-100999.0
20517,TQC,env6,1029068,-101082.203125
20518,TQC,env6,1029900,-101194.8984375
20519,TQC,env6,1030532,-101150.8515625
20520,TQC,env6,1031300,-101056.046875
20521,TQC,env6,1031928,-100979.796875
20522,TQC,env6,1032484,-101005.296875
20523,TQC,env6,1032976,-101021.703125
20524,TQC,env6,1034132,-100743.8515625
20525,TQC,env6,1035256,-100604.7734375
20526,TQC,env6,1036044,-100542.5
20527,TQC,env6,1036488,-100265.421875
20528,TQC,env6,1036960,-100156.8515625
20529,TQC,env6,1037628,-100125.75
20530,TQC,env6,1038388,-100022.25
20531,TQC,env6,1038944,-100025.546875
20532,TQC,env6,1040960,-98885.0
20533,TQC,env6,1043196,-97998.8984375
20534,TQC,env6,1044160,-97951.578125
20535,TQC,env6,1045896,-97967.4765625
20536,TQC,env6,1047396,-97822.03125
20537,TQC,env6,1048688,-97923.8359375
20538,TQC,env6,1049644,-97864.5078125
20539,TQC,env6,1050760,-97881.8125
20540,TQC,env6,1051364,-97820.2109375
20541,TQC,env6,1052124,-97687.0078125
20542,TQC,env6,1052644,-97524.2109375
20543,TQC,env6,1053212,-97334.40625
20544,TQC,env6,1053992,-97412.5625
20545,TQC,env6,1054860,-97541.4609375
20546,TQC,env6,1056376,-97661.609375
20547,TQC,env6,1057324,-97758.90625
20548,TQC,env6,1059840,-97921.8125
20549,TQC,env6,1063840,-95540.0625
20550,TQC,env6,1066184,-94919.4375
20551,TQC,env6,1067496,-95047.609375
20552,TQC,env6,1068820,-95453.3828125
20553,TQC,env6,1069772,-95625.5625
20554,TQC,env6,1071000,-95661.5625
20555,TQC,env6,1071748,-95715.9609375
20556,TQC,env6,1073564,-95783.859375
20557,TQC,env6,1074504,-96048.2109375
20558,TQC,env6,1075248,-96996.5078125
20559,TQC,env6,1076908,-97096.1328125
20560,TQC,env6,1078096,-97091.6328125
20561,TQC,env6,1079216,-97259.671875
20562,TQC,env6,1079928,-97108.7734375
20563,TQC,env6,1080772,-97170.5
20564,TQC,env6,1081892,-97230.5
20565,TQC,env6,1083016,-97358.3984375
20566,TQC,env6,1084096,-97497.296875
20567,TQC,env6,1085068,-97621.3984375
20568,TQC,env6,1086396,-97756.203125
20569,TQC,env6,1087392,-97685.796875
20570,TQC,env6,1088844,-97748.5
20571,TQC,env6,1090064,-97627.5
20572,TQC,env6,1091912,-97528.203125
20573,TQC,env6,1093212,-97369.0
20574,TQC,env6,1094640,-100004.3984375
20575,TQC,env6,1095832,-100789.5
20576,TQC,env6,1096836,-100487.5
20577,TQC,env6,1098236,-100327.203125
20578,TQC,env6,1100308,-100092.6015625
20579,TQC,env6,1101828,-100081.703125
20580,TQC,env6,1104020,-100057.8984375
20581,TQC,env6,1105352,-100011.296875
20582,TQC,env6,1106668,-100970.0
20583,TQC,env6,1108876,-100847.0
20584,TQC,env6,1110552,-100671.8984375
20585,TQC,env6,1111524,-100547.796875
20586,TQC,env6,1112440,-100547.296875
20587,TQC,env6,1114308,-100549.5
20588,TQC,env6,1114984,-99417.2421875
20589,TQC,env6,1115700,-99349.0390625
20590,TQC,env6,1116588,-99404.5390625
20591,TQC,env6,1117176,-99340.140625
20592,TQC,env6,1117704,-99330.0390625
20593,TQC,env6,1118168,-99287.2421875
20594,TQC,env6,1118600,-99330.84375
20595,TQC,env6,1118972,-99238.5390625
20596,TQC,env6,1119416,-99321.9375
20597,TQC,env6,1119824,-99302.5390625
20598,TQC,env6,1120208,-99289.640625
20599,TQC,env6,1120532,-99310.2421875
20600,TQC,env6,1120860,-99285.34375
20601,TQC,env6,1121260,-99506.5390625
20602,TQC,env6,1121592,-99534.9375
20603,TQC,env6,1121892,-99682.7421875
20604,TQC,env6,1122104,-99746.7421875
20605,TQC,env6,1122584,-99812.7421875
20606,TQC,env6,1123008,-99778.0390625
20607,TQC,env6,1123284,-99681.84375
20608,TQC,env6,1123528,-99729.9375
20609,TQC,env6,1123760,-99829.4375
20610,TQC,env6,1124060,-99916.7421875
20611,TQC,env6,1124424,-99878.640625
20612,TQC,env6,1124716,-99917.5390625
20613,TQC,env6,1125100,-101012.203125
20614,TQC,env6,1125412,-100966.8984375
20615,TQC,env6,1125720,-100907.1015625
20616,TQC,env6,1126060,-100891.6015625
20617,TQC,env6,1126528,-100852.8984375
20618,TQC,env6,1126876,-100831.703125
20619,TQC,env6,1127432,-100824.703125
20620,TQC,env6,1127764,-100817.0
20621,TQC,env6,1128228,-100812.1015625
20622,TQC,env6,1128672,-100800.1015625
20623,TQC,env6,1129036,-100792.0
20624,TQC,env6,1129524,-100799.5
20625,TQC,env6,1129800,-99680.21875
20626,TQC,env6,1130144,-99683.5234375
20627,TQC,env6,1130452,-99675.8203125
20628,TQC,env6,1131320,-99720.3203125
20629,TQC,env6,1132148,-99638.421875
20630,TQC,env6,1133772,-99574.5234375
20631,TQC,env6,1135040,-99446.1171875
20632,TQC,env6,1139040,-98468.71875
20633,TQC,env6,1141012,-96689.6171875
20634,TQC,env6,1144356,-94833.5234375
20635,TQC,env6,1146880,-92136.6171875
20636,TQC,env6,1148356,-91018.296875
20637,TQC,env6,1151248,-90159.3984375
20638,TQC,env6,1153796,-90240.59375
20639,TQC,env6,1157188,-88288.9921875
20640,TQC,env6,1160964,-86510.9921875
20641,TQC,env6,1163272,-84664.4921875
20642,TQC,env6,1165424,-81889.3984375
20643,TQC,env6,1167824,-81785.8203125
20644,TQC,env6,1170240,-80935.0234375
20645,TQC,env6,1171824,-79975.6171875
20646,TQC,env6,1174220,-80005.7734375
20647,TQC,env6,1175704,-80165.46875
20648,TQC,env6,1179180,-79328.9453125
20649,TQC,env6,1180384,-79351.34375
20650,TQC,env6,1182008,-80428.9765625
20651,TQC,env6,1183324,-79421.078125
20652,TQC,env6,1185248,-79440.375
20653,TQC,env6,1187784,-78427.6484375
20654,TQC,env6,1190016,-77720.3515625
20655,TQC,env6,1191100,-76921.25
20656,TQC,env6,1192812,-76919.2734375
20657,TQC,env6,1194220,-78002.078125
20658,TQC,env6,1195808,-79653.25
20659,TQC,env6,1196944,-80647.3515625
20660,TQC,env6,1197404,-83454.953125
20661,TQC,env6,1197832,-84577.2734375
20662,TQC,env6,1198260,-85441.9765625
20663,TQC,env6,1198928,-85369.078125
20664,TQC,env6,1199304,-87359.2734375
20665,TQC,env6,1199644,-89144.7734375
20666,TQC,env6,1199984,-90988.875
20667,TQC,env6,1200860,-93794.9765625
20668,TQC,env6,1202188,-93984.6484375
20669,TQC,env6,1203284,-94809.875
20670,TQC,env6,1203940,-95769.171875
20671,TQC,env6,1204340,-95777.125
20672,TQC,env6,1204716,-95655.0234375
20673,TQC,env6,1205384,-96493.453125
20674,TQC,env6,1206384,-96520.8515625
20675,TQC,env6,1207984,-96590.5
20676,TQC,env6,1209748,-97665.0
20677,TQC,env6,1211500,-96754.703125
20678,TQC,env6,1212788,-97736.421875
20679,TQC,env6,1214476,-98676.5234375
20680,TQC,env6,1217820,-98669.125
20681,TQC,env6,1219024,-97016.203125
20682,TQC,env6,1220108,-96960.1015625
20683,TQC,env6,1221008,-97142.625
20684,TQC,env6,1222016,-97096.625
20685,TQC,env6,1223240,-97007.921875
20686,TQC,env6,1224064,-97030.328125
20687,TQC,env6,1224392,-96115.921875
20688,TQC,env6,1225004,-96110.7265625
20689,TQC,env6,1225440,-95175.2265625
20690,TQC,env6,1225768,-95178.5234375
20691,TQC,env6,1226108,-95181.125
20692,TQC,env6,1226532,-95160.421875
20693,TQC,env6,1228284,-95153.5234375
20694,TQC,env6,1229708,-95305.203125
20695,TQC,env6,1231572,-95464.796875
20696,TQC,env6,1233708,-95572.3984375
20697,TQC,env6,1235244,-95698.296875
20698,TQC,env6,1236324,-95765.796875
20699,TQC,env6,1237588,-95804.0
20700,TQC,env6,1240324,-94850.8984375
20701,TQC,env6,1240816,-94750.6015625
20702,TQC,env6,1241412,-95647.3984375
20703,TQC,env6,1242476,-95688.1015625
20704,TQC,env6,1243728,-94527.796875
20705,TQC,env6,1246476,-95542.8984375
20706,TQC,env6,1247628,-96345.0
20707,TQC,env6,1248672,-95215.3203125
20708,TQC,env6,1249180,-96158.71875
20709,TQC,env6,1249680,-96171.9140625
20710,TQC,env6,1250516,-96171.515625
20711,TQC,env6,1251064,-96179.015625
20712,TQC,env6,1251824,-97128.8203125
20713,TQC,env6,1253052,-97144.8203125
20714,TQC,env6,1255888,-98125.6171875
20715,TQC,env6,1259316,-95432.1171875
20716,TQC,env6,1260704,-93657.3203125
20717,TQC,env6,1261464,-93672.71875
20718,TQC,env6,1264680,-92724.3203125
20719,TQC,env6,1265756,-90783.71875
20720,TQC,env6,1266760,-89722.1171875
20721,TQC,env6,1270760,-85941.9140625
20722,TQC,env6,1273472,-84988.4140625
20723,TQC,env6,1274388,-85062.6171875
20724,TQC,env6,1275060,-84986.515625
20725,TQC,env6,1275412,-85943.71875
20726,TQC,env6,1275736,-85980.21875
20727,TQC,env6,1276080,-85977.515625
20728,TQC,env6,1276472,-85934.71875
20729,TQC,env6,1276876,-86950.9140625
20730,TQC,env6,1277496,-86807.71875
20731,TQC,env6,1278224,-87819.6171875
20732,TQC,env6,1278648,-88910.3984375
20733,TQC,env6,1282640,-87115.8984375
20734,TQC,env6,1286640,-83451.203125
20735,TQC,env6,1290640,-79802.1015625
20736,TQC,env6,1292976,-77974.796875
20737,TQC,env6,1294640,-76161.0
20738,TQC,env6,1295504,-76217.6015625
20739,TQC,env6,1299180,-76277.5
20740,TQC,env6,1300172,-77211.203125
20741,TQC,env6,1300812,-79018.296875
20742,TQC,env6,1301424,-79013.0
20743,TQC,env6,1301984,-79923.6015625
20744,TQC,env6,1302320,-81744.0
20745,TQC,env6,1302640,-82646.3984375
20746,TQC,env6,1303056,-86280.6015625
20747,TQC,env6,1303540,-87087.6015625
20748,TQC,env6,1303900,-86959.796875
20749,TQC,env6,1304748,-86980.796875
20750,TQC,env6,1305288,-86966.0
20751,TQC,env6,1305676,-86950.796875
20752,TQC,env6,1305936,-86958.296875
20753,TQC,env6,1306340,-86971.296875
20754,TQC,env6,1307516,-87042.703125
20755,TQC,env6,1308656,-87091.8984375
20756,TQC,env6,1309344,-87102.3984375
20757,TQC,env6,1310652,-87092.3984375
20758,TQC,env6,1311996,-88775.203125
20759,TQC,env6,1313524,-92543.296875
20760,TQC,env6,1314724,-96239.3984375
20761,TQC,env6,1315772,-97145.203125
20762,TQC,env6,1316604,-98967.703125
20763,TQC,env6,1317692,-98902.1015625
20764,TQC,env6,1318648,-97870.6015625
20765,TQC,env6,1319376,-99628.296875
20766,TQC,env6,1319808,-99629.703125
20767,TQC,env6,1320312,-98711.296875
20768,TQC,env6,1320672,-98679.5
20769,TQC,env6,1321048,-98675.6015625
20770,TQC,env6,1321696,-98681.296875
20771,TQC,env6,1322196,-98705.703125
20772,TQC,env6,1322820,-98712.6015625
20773,TQC,env6,1323340,-98720.6015625
20774,TQC,env6,1324020,-98692.203125
20775,TQC,env6,1324568,-98730.5
20776,TQC,env6,1325248,-98761.6015625
20777,TQC,env6,1325568,-98757.203125
20778,TQC,env6,1326080,-98731.1015625
20779,TQC,env6,1326916,-98682.5
20780,TQC,env6,1327852,-98658.703125
20781,TQC,env6,1328516,-98698.296875
20782,TQC,env6,1329172,-98632.2265625
20783,TQC,env6,1329600,-98685.2265625
20784,TQC,env6,1330196,-98556.328125
20785,TQC,env6,1330632,-98493.421875
20786,TQC,env6,1331080,-99364.421875
20787,TQC,env6,1331940,-99326.5234375
20788,TQC,env6,1333240,-99344.125
20789,TQC,env6,1334500,-100396.7265625
20790,TQC,env6,1335508,-100461.0234375
20791,TQC,env6,1336312,-100346.328125
20792,TQC,env6,1337104,-101324.2265625
20793,TQC,env6,1337944,-101343.7265625
20794,TQC,env6,1338328,-101345.125
20795,TQC,env6,1338960,-101427.625
20796,TQC,env6,1339504,-101416.625
20797,TQC,env6,1339692,-101405.328125
20798,TQC,env6,1340268,-101380.5234375
20799,TQC,env6,1340884,-101370.7265625
20800,TQC,env6,1341420,-101304.2265625
20801,TQC,env6,1341800,-101272.0234375
20802,TQC,env6,1342332,-101262.125
20803,TQC,env6,1342848,-101262.625
20804,TQC,env6,1343076,-101291.828125
20805,TQC,env6,1343548,-101340.125
20806,TQC,env6,1343832,-101255.328125
20807,TQC,env6,1344064,-101316.5
20808,TQC,env6,1344284,-101309.0
20809,TQC,env6,1344804,-101295.796875
20810,TQC,env6,1345100,-101293.703125
20811,TQC,env6,1345364,-101293.3984375
20812,TQC,env6,1345608,-101271.1015625
20813,TQC,env6,1346120,-101279.3984375
20814,TQC,env6,1346592,-101135.0
20815,TQC,env6,1347052,-101083.796875
20816,TQC,env6,1347756,-101156.796875
20817,TQC,env6,1348404,-101082.203125
20818,TQC,env6,1348816,-101132.3984375
20819,TQC,env6,1349252,-101132.796875
20820,TQC,env6,1349884,-101068.796875
20821,TQC,env6,1350396,-101061.5
20822,TQC,env6,1350860,-100997.203125
20823,TQC,env6,1351288,-101012.1015625
20824,TQC,env6,1351808,-101024.1015625
20825,TQC,env6,1352544,-101060.203125
20826,TQC,env6,1353348,-101101.203125
20827,TQC,env6,1354192,-101135.6015625
20828,TQC,env6,1354812,-101220.8984375
20829,TQC,env6,1355448,-101188.5
20830,TQC,env6,1356128,-101138.0
20831,TQC,env6,1356624,-101167.203125
20832,TQC,env6,1357128,-101191.8984375
20833,TQC,env6,1357556,-101206.703125
20834,TQC,env6,1358168,-101232.3984375
20835,TQC,env6,1358488,-101245.1015625
20836,TQC,env6,1358836,-101260.203125
20837,TQC,env6,1359196,-101279.0
20838,TQC,env6,1359460,-101242.796875
20839,TQC,env6,1359760,-101224.1015625
20840,TQC,env6,1360416,-101225.3984375
20841,TQC,env6,1361824,-101271.5
20842,TQC,env6,1362676,-101331.796875
20843,TQC,env6,1364916,-100236.4375
20844,TQC,env6,1365824,-99378.0390625
20845,TQC,env6,1369528,-97639.734375
20846,TQC,env6,1370592,-96744.0390625
20847,TQC,env6,1371496,-96741.484375
20848,TQC,env6,1372428,-95761.7890625
20849,TQC,env6,1374644,-95846.2890625
20850,TQC,env6,1377020,-95023.390625
20851,TQC,env6,1378988,-94184.5859375
20852,TQC,env6,1379624,-94263.484375
20853,TQC,env6,1380104,-94198.984375
20854,TQC,env6,1380776,-94208.984375
20855,TQC,env6,1381764,-94210.890625
20856,TQC,env6,1382728,-94221.0859375
20857,TQC,env6,1384336,-94252.390625
20858,TQC,env6,1384820,-93337.0859375
20859,TQC,env6,1385880,-93334.0859375
20860,TQC,env6,1386280,-92438.890625
20861,TQC,env6,1386652,-92441.390625
20862,TQC,env6,1387292,-92443.5859375
20863,TQC,env6,1387660,-92479.0859375
20864,TQC,env6,1388588,-92489.2890625
20865,TQC,env6,1389412,-92493.1875
20866,TQC,env6,1390192,-92460.390625
20867,TQC,env6,1391048,-92485.0859375
20868,TQC,env6,1393880,-92701.046875
20869,TQC,env6,1394808,-92747.3515625
20870,TQC,env6,1396624,-94531.3515625
20871,TQC,env6,1399792,-93545.9140625
20872,TQC,env6,1402152,-91836.265625
20873,TQC,env6,1404620,-93010.9609375
20874,TQC,env6,1408620,-91159.1640625
20875,TQC,env6,1412620,-89170.640625
20876,TQC,env6,1416520,-87110.734375
20877,TQC,env6,1419936,-84097.8046875
20878,TQC,env6,1422856,-81271.5078125
20879,TQC,env6,1426152,-78523.5078125
20880,TQC,env6,1428704,-76819.0078125
20881,TQC,env6,1432704,-73046.90625
20882,TQC,env6,1436576,-71351.1015625
20883,TQC,env6,1440312,-70531.6015625
20884,TQC,env6,1443936,-69586.6015625
20885,TQC,env6,1447484,-68645.828125
20886,TQC,env6,1451484,-65008.828125
20887,TQC,env6,1454728,-62336.02734375
20888,TQC,env6,1458728,-58670.02734375
20889,TQC,env6,1461788,-55945.02734375
20890,TQC,env6,1464044,-54114.62890625
20891,TQC,env6,1465788,-52306.4296875
20892,TQC,env6,1469788,-49520.23046875
20893,TQC,env6,1473788,-46690.828125
20894,TQC,env6,1477788,-44842.62890625
20895,TQC,env6,1481248,-44065.52734375
20896,TQC,env6,1483744,-43234.16796875
20897,TQC,env6,1487744,-41374.16796875
20898,TQC,env6,1491208,-38464.3671875
20899,TQC,env6,1492952,-40436.46484375
20900,TQC,env6,1496216,-41457.390625
20901,TQC,env6,1498724,-43516.390625
20902,TQC,env6,1500864,-45548.125
20903,TQC,env6,1502876,-46277.59765625
20904,TQC,env6,1504736,-48101.0
20905,TQC,env6,1506488,-48825.84765625
20906,TQC,env6,1509244,-52421.47265625
20907,TQC,env6,1511284,-54003.69921875
20908,TQC,env6,1512544,-55783.19921875
20909,TQC,env6,1513452,-56779.296875
20910,TQC,env6,1515064,-58771.57421875
20911,TQC,env6,1517732,-62308.25
20912,TQC,env6,1520344,-63110.57421875
20913,TQC,env6,1521820,-65648.375
20914,TQC,env6,1523264,-68463.671875
20915,TQC,env6,1524128,-69180.7109375
20916,TQC,env6,1524728,-71024.015625
20917,TQC,env6,1525348,-73757.8125
20918,TQC,env6,1526384,-77430.4140625
20919,TQC,env6,1526996,-80113.8125
20920,TQC,env6,1527840,-80847.3125
20921,TQC,env6,1528592,-83598.015625
20922,TQC,env6,1529092,-87184.4375
20923,TQC,env6,1529776,-89894.140625
20924,TQC,env6,1530320,-89724.3359375
20925,TQC,env6,1530984,-91495.3359375
20926,TQC,env6,1532148,-92268.4375
20927,TQC,env6,1532820,-93162.3359375
20928,TQC,env6,1534192,-95365.1640625
20929,TQC,env6,1535028,-96301.1640625
20930,TQC,env6,1535500,-97101.6796875
20931,TQC,env6,1535916,-97252.859375
20932,TQC,env6,1536256,-97318.234375
20933,TQC,env6,1536668,-97268.9296875
20934,TQC,env6,1537104,-97207.828125
20935,TQC,env6,1537584,-97047.6328125
20936,TQC,env6,1538044,-97160.7578125
20937,TQC,env6,1539624,-99051.1328125
20938,TQC,env6,1541172,-100291.734375
20939,TQC,env6,1542528,-100065.03125
20940,TQC,env6,1543544,-101245.6953125
20941,TQC,env6,1544872,-101337.6953125
20942,TQC,env6,1545836,-101372.7890625
20943,TQC,env6,1547084,-101403.390625
20944,TQC,env6,1549032,-101483.390625
20945,TQC,env6,1551712,-100670.9921875
20946,TQC,env6,1553872,-100829.4921875
20947,TQC,env6,1556444,-101099.3671875
20948,TQC,env6,1557960,-101202.8671875
20949,TQC,env6,1560444,-99067.515625
20950,TQC,env6,1563100,-98108.515625
20951,TQC,env6,1565396,-98148.4140625
20952,TQC,env6,1567508,-97107.96875
20953,TQC,env6,1571508,-95204.5703125
20954,TQC,env6,1573964,-94151.1640625
20955,TQC,env6,1575256,-93274.203125
20956,TQC,env6,1576300,-93345.8984375
20957,TQC,env6,1578192,-93351.1015625
20958,TQC,env6,1580548,-91230.0546875
20959,TQC,env6,1581888,-91207.15625
20960,TQC,env6,1584152,-91165.453125
20961,TQC,env6,1585904,-91047.453125
20962,TQC,env6,1587656,-90215.5546875
20963,TQC,env6,1588652,-89939.734375
20964,TQC,env6,1589724,-90062.234375
20965,TQC,env6,1591468,-89862.578125
20966,TQC,env6,1592528,-89697.984375
20967,TQC,env6,1594356,-89497.5546875
20968,TQC,env6,1595532,-88472.2578125
20969,TQC,env6,1597056,-88450.5546875
20970,TQC,env6,1598320,-89319.65625
20971,TQC,env6,1600336,-89197.5546875
20972,TQC,env6,1602528,-89102.859375
20973,TQC,env6,1604336,-87997.6796875
20974,TQC,env6,1605500,-90183.234375
20975,TQC,env6,1606728,-91119.9296875
20976,TQC,env6,1607452,-91183.734375
20977,TQC,env6,1608740,-92177.03125
20978,TQC,env6,1609916,-94039.53125
20979,TQC,env6,1611372,-95099.03125
20980,TQC,env6,1612740,-95058.1796875
20981,TQC,env6,1613716,-95058.1796875
20982,TQC,env6,1614416,-95013.28125
20983,TQC,env6,1616108,-97124.625
20984,TQC,env6,1617480,-97197.7265625
20985,TQC,env6,1618748,-96385.328125
20986,TQC,env6,1619752,-96554.5234375
20987,TQC,env6,1620476,-97396.0234375
20988,TQC,env6,1621156,-97485.375
20989,TQC,env6,1621608,-97417.078125
20990,TQC,env6,1622316,-97556.625
20991,TQC,env6,1623032,-97617.2265625
20992,TQC,env6,1625088,-97831.75
20993,TQC,env6,1626500,-98817.75
20994,TQC,env6,1629588,-96806.046875
20995,TQC,env6,1632976,-94924.453125
20996,TQC,env6,1634532,-93813.25
20997,TQC,env6,1637580,-92638.375
20998,TQC,env6,1639364,-92764.25
20999,TQC,env6,1641320,-92800.8515625
21000,TQC,env6,1642968,-91879.75
21001,TQC,env6,1645320,-89809.7265625
21002,TQC,env6,1648884,-89839.578125
21003,TQC,env6,1650000,-86945.078125
21004,TQC,env6,1652900,-85602.0234375
21005,TQC,env6,1656696,-86707.484375
21006,TQC,env6,1658512,-83819.3828125
21007,TQC,env6,1660240,-83904.609375
21008,TQC,env6,1662908,-82922.0078125
21009,TQC,env6,1665944,-81151.8125
21010,TQC,env6,1667556,-82091.1875
21011,TQC,env6,1668844,-81988.8828125
21012,TQC,env6,1672384,-79926.640625
21013,TQC,env6,1673156,-79901.1953125
21014,TQC,env6,1676232,-79899.8671875
21015,TQC,env6,1677548,-78990.1640625
21016,TQC,env6,1679704,-78972.96875
21017,TQC,env6,1681804,-77836.5703125
21018,TQC,env6,1683056,-76943.46875
21019,TQC,env6,1684608,-78728.765625
21020,TQC,env6,1685792,-80636.8671875
21021,TQC,env6,1687676,-80606.1640625
21022,TQC,env6,1689280,-80845.84375
21023,TQC,env6,1690128,-81703.640625
21024,TQC,env6,1691068,-81602.34375
21025,TQC,env6,1692096,-82512.5390625
21026,TQC,env6,1693460,-84376.8671875
21027,TQC,env6,1694844,-84374.3671875
21028,TQC,env6,1695728,-87139.3671875
21029,TQC,env6,1697028,-87475.7421875
21030,TQC,env6,1698424,-87292.7578125
21031,TQC,env6,1700340,-89995.328125
21032,TQC,env6,1702112,-90048.0078125
21033,TQC,env6,1702624,-89876.15625
21034,TQC,env6,1703792,-91649.859375
21035,TQC,env6,1704924,-91626.078125
21036,TQC,env6,1705616,-91722.3828125
21037,TQC,env6,1706400,-93763.125
21038,TQC,env6,1707344,-93844.1484375
21039,TQC,env6,1708048,-93939.375
21040,TQC,env6,1708428,-94830.875
21041,TQC,env6,1709064,-94722.7734375
21042,TQC,env6,1709776,-95700.078125
21043,TQC,env6,1710148,-96609.078125
21044,TQC,env6,1710400,-96745.078125
21045,TQC,env6,1710596,-96625.671875
21046,TQC,env6,1711116,-97581.671875
21047,TQC,env6,1711476,-98206.2734375
21048,TQC,env6,1711872,-98217.875
21049,TQC,env6,1712348,-98191.875
21050,TQC,env6,1712820,-98225.2734375
21051,TQC,env6,1713088,-98363.671875
21052,TQC,env6,1713836,-98367.578125
21053,TQC,env6,1714444,-98415.4765625
21054,TQC,env6,1715016,-99461.953125
21055,TQC,env6,1715892,-99626.125
21056,TQC,env6,1717004,-99793.6484375
21057,TQC,env6,1717960,-99659.3515625
21058,TQC,env6,1718760,-100790.703125
21059,TQC,env6,1719232,-100756.796875
21060,TQC,env6,1719744,-100695.296875
21061,TQC,env6,1720336,-100666.703125
21062,TQC,env6,1720816,-100672.5
21063,TQC,env6,1721132,-100665.5
21064,TQC,env6,1721612,-100653.3984375
21065,TQC,env6,1722216,-100659.3984375
21066,TQC,env6,1722776,-100746.1015625
21067,TQC,env6,1723060,-100832.703125
21068,TQC,env6,1723468,-100776.0
21069,TQC,env6,1723736,-100766.6015625
21070,TQC,env6,1724016,-100765.3984375
21071,TQC,env6,1724548,-100863.8984375
21072,TQC,env6,1724840,-101010.953125
21073,TQC,env6,1725052,-100999.546875
21074,TQC,env6,1725260,-100979.3515625
21075,TQC,env6,1725480,-100960.453125
21076,TQC,env6,1726092,-100964.1484375
21077,TQC,env6,1726844,-100986.75
21078,TQC,env6,1728204,-100955.453125
21079,TQC,env6,1730500,-100853.3515625
21080,TQC,env6,1731356,-99723.578125
21081,TQC,env6,1731864,-99677.578125
21082,TQC,env6,1732716,-98818.671875
21083,TQC,env6,1733764,-98720.375
21084,TQC,env6,1734256,-98713.2734375
21085,TQC,env6,1734852,-98727.875
21086,TQC,env6,1735440,-98721.9765625
21087,TQC,env6,1737956,-98771.4765625
21088,TQC,env6,1738920,-96976.171875
21089,TQC,env6,1742920,-94312.671875
21090,TQC,env6,1746828,-92582.7734375
21091,TQC,env6,1749916,-90918.7734375
21092,TQC,env6,1753836,-88275.4765625
21093,TQC,env6,1757024,-87406.953125
21094,TQC,env6,1760060,-84502.375
21095,TQC,env6,1761004,-84437.5
21096,TQC,env6,1762040,-84277.0234375
21097,TQC,env6,1763872,-84283.3515625
21098,TQC,env6,1765716,-84215.796875
21099,TQC,env6,1768692,-83365.3984375
21100,TQC,env6,1771060,-83517.1015625
21101,TQC,env6,1773136,-81643.3984375
21102,TQC,env6,1775432,-81852.703125
21103,TQC,env6,1779432,-80118.8984375
21104,TQC,env6,1781996,-79349.703125
21105,TQC,env6,1785412,-79486.1015625
21106,TQC,env6,1786596,-78668.296875
21107,TQC,env6,1788192,-79595.1015625
21108,TQC,env6,1790136,-79831.796875
21109,TQC,env6,1793536,-78765.875
21110,TQC,env6,1795428,-77040.578125
21111,TQC,env6,1797536,-76041.375
21112,TQC,env6,1799576,-74252.171875
21113,TQC,env6,1800308,-76052.9765625
21114,TQC,env6,1801096,-78748.375
21115,TQC,env6,1802044,-80529.171875
21116,TQC,env6,1802468,-82236.875
21117,TQC,env6,1803044,-84890.2734375
21118,TQC,env6,1803976,-85807.8984375
21119,TQC,env6,1804444,-88744.2734375
21120,TQC,env6,1806380,-88776.046875
21121,TQC,env6,1807136,-89022.828125
21122,TQC,env6,1808368,-88086.453125
21123,TQC,env6,1810620,-87957.078125
21124,TQC,env6,1812256,-88864.2734375
21125,TQC,env6,1813688,-88524.875
21126,TQC,env6,1814500,-90489.4765625
21127,TQC,env6,1816412,-90342.171875
21128,TQC,env6,1818580,-91037.8984375
21129,TQC,env6,1820452,-90843.1015625
21130,TQC,env6,1821644,-90799.671875
21131,TQC,env6,1823000,-91389.578125
21132,TQC,env6,1825188,-91443.9765625
21133,TQC,env6,1826128,-90268.078125
21134,TQC,env6,1827280,-90236.5
21135,TQC,env6,1829604,-91684.3984375
21136,TQC,env6,1830496,-92628.0
21137,TQC,env6,1831868,-93454.8984375
21138,TQC,env6,1834208,-92293.328125
21139,TQC,env6,1836604,-91160.578125
21140,TQC,env6,1838364,-89080.078125
21141,TQC,env6,1840604,-88111.375
21142,TQC,env6,1841480,-88088.4765625
21143,TQC,env6,1842364,-87136.375
21144,TQC,env6,1844168,-87079.5
21145,TQC,env6,1844788,-87169.8984375
21146,TQC,env6,1846064,-87107.3984375
21147,TQC,env6,1846524,-88096.6015625
21148,TQC,env6,1847332,-88341.125
21149,TQC,env6,1848132,-88233.625
21150,TQC,env6,1848652,-88362.828125
21151,TQC,env6,1849312,-88311.421875
21152,TQC,env6,1850188,-88160.828125
21153,TQC,env6,1851264,-89212.6015625
21154,TQC,env6,1852388,-90207.796875
21155,TQC,env6,1854328,-90047.703125
21156,TQC,env6,1857708,-90323.796875
21157,TQC,env6,1858916,-88293.203125
21158,TQC,env6,1860312,-88498.796875
21159,TQC,env6,1861976,-89702.1015625
21160,TQC,env6,1864500,-90035.796875
21161,TQC,env6,1866824,-88984.5234375
21162,TQC,env6,1870340,-89082.125
21163,TQC,env6,1872456,-89085.09375
21164,TQC,env6,1875344,-89228.84375
21165,TQC,env6,1877384,-90112.4609375
21166,TQC,env6,1880368,-90005.28125
21167,TQC,env6,1882404,-89150.5859375
21168,TQC,env6,1884000,-89272.28125
21169,TQC,env6,1885500,-89190.859375
21170,TQC,env6,1886704,-89035.359375
21171,TQC,env6,1888524,-89061.15625
21172,TQC,env6,1890704,-88232.859375
21173,TQC,env6,1892072,-88318.5546875
21174,TQC,env6,1896072,-86357.1796875
21175,TQC,env6,1897584,-85494.28125
21176,TQC,env6,1900204,-84435.9296875
21177,TQC,env6,1902712,-82676.234375
21178,TQC,env6,1904948,-82568.53125
21179,TQC,env6,1906712,-81607.6328125
21180,TQC,env6,1910000,-81885.1328125
21181,TQC,env6,1911724,-81660.84375
21182,TQC,env6,1912968,-83563.9296875
21183,TQC,env6,1914964,-84500.7265625
21184,TQC,env6,1916444,-84538.328125
21185,TQC,env6,1917748,-84517.6328125
21186,TQC,env6,1920056,-85579.1171875
21187,TQC,env6,1922288,-85527.015625
21188,TQC,env6,1924456,-85585.3203125
21189,TQC,env6,1927324,-85625.921875
21190,TQC,env6,1928540,-85572.1875
21191,TQC,env6,1930544,-85754.7578125
21192,TQC,env6,1931308,-86710.1640625
21193,TQC,env6,1933624,-87617.9609375
21194,TQC,env6,1934488,-87534.671875
21195,TQC,env6,1936256,-87673.2734375
21196,TQC,env6,1937508,-87742.9765625
21197,TQC,env6,1937996,-88491.7734375
21198,TQC,env6,1939020,-88249.171875
21199,TQC,env6,1939480,-90283.8515625
21200,TQC,env6,1940408,-91275.0546875
21201,TQC,env6,1941892,-92363.203125
21202,TQC,env6,1942932,-94241.703125
21203,TQC,env6,1944820,-94441.3984375
21204,TQC,env6,1945208,-94531.5
21205,TQC,env6,1946592,-95485.1015625
21206,TQC,env6,1948280,-95629.2890625
21207,TQC,env6,1949476,-95594.3046875
21208,TQC,env6,1949864,-95470.0
21209,TQC,env6,1950960,-95353.703125
21210,TQC,env6,1952704,-95346.703125
21211,TQC,env6,1954180,-94367.53125
21212,TQC,env6,1955952,-95204.7265625
21213,TQC,env6,1956892,-96013.75
21214,TQC,env6,1958816,-96786.75
21215,TQC,env6,1959764,-97853.375
21216,TQC,env6,1961888,-98685.5703125
21217,TQC,env6,1963704,-97607.5703125
21218,TQC,env6,1964408,-96388.109375
21219,TQC,env6,1967076,-96474.1953125
21220,TQC,env6,1968408,-94396.09375
21221,TQC,env6,1969016,-94383.390625
21222,TQC,env6,1970052,-94452.9921875
21223,TQC,env6,1970612,-94544.1953125
21224,TQC,env6,1971564,-94493.4921875
21225,TQC,env6,1972116,-94484.59375
21226,TQC,env6,1972536,-94423.890625
21227,TQC,env6,1973416,-94411.6953125
21228,TQC,env6,1973884,-94351.796875
21229,TQC,env6,1974244,-95212.09375
21230,TQC,env6,1975012,-95183.9921875
21231,TQC,env6,1975448,-95205.1953125
21232,TQC,env6,1976052,-95302.390625
21233,TQC,env6,1976492,-95374.4921875
21234,TQC,env6,1976724,-95294.296875
21235,TQC,env6,1976944,-95266.390625
21236,TQC,env6,1977164,-96252.453125
21237,TQC,env6,1977428,-96253.953125
21238,TQC,env6,1978700,-96550.8359375
21239,TQC,env6,1979216,-96771.8359375
21240,TQC,env6,1980216,-96893.734375
21241,TQC,env6,1981400,-97013.03125
21242,TQC,env6,1982496,-98001.8359375
21243,TQC,env6,1983192,-97978.953125
21244,TQC,env6,1985284,-98039.0859375
21245,TQC,env6,1986732,-100076.5859375
21246,TQC,env6,1987408,-99076.1875
21247,TQC,env6,1988172,-99089.984375
21248,TQC,env6,1988528,-98064.0390625
21249,TQC,env6,1988944,-98109.5390625
21250,TQC,env6,1989380,-98054.0390625
21251,TQC,env6,1989812,-98033.234375
21252,TQC,env6,1990360,-97982.640625
21253,TQC,env6,1990752,-97959.8359375
21254,TQC,env6,1992300,-97964.3359375
21255,TQC,env6,1994584,-95969.734375
21256,TQC,env6,1995200,-95929.109375
21257,TQC,env6,1995908,-95911.9140625
21258,TQC,env6,1996948,-95913.609375
21259,TQC,env6,1997944,-95874.4140625
21260,TQC,env6,1998808,-95847.8125
21261,TQC,env7,240,-90491.25
21262,TQC,env7,536,-94288.4375
21263,TQC,env7,1008,-93918.5390625
21264,TQC,env7,1328,-95368.3828125
21265,TQC,env7,1544,-96183.625
21266,TQC,env7,2020,-96569.375
21267,TQC,env7,2324,-97167.3203125
21268,TQC,env7,2724,-97624.53125
21269,TQC,env7,3224,-97746.53125
21270,TQC,env7,3560,-97788.625
21271,TQC,env7,3844,-97825.34375
21272,TQC,env7,4152,-98045.1015625
21273,TQC,env7,4804,-98270.2890625
21274,TQC,env7,5116,-97752.5859375
21275,TQC,env7,5660,-97634.1640625
21276,TQC,env7,6188,-97390.625
21277,TQC,env7,6408,-97458.1953125
21278,TQC,env7,6604,-97631.4921875
21279,TQC,env7,6948,-97653.453125
21280,TQC,env7,7484,-97199.03125
21281,TQC,env7,7696,-97353.9609375
21282,TQC,env7,8080,-97504.34375
21283,TQC,env7,8380,-97550.2421875
21284,TQC,env7,8804,-97472.6796875
21285,TQC,env7,9208,-97213.609375
21286,TQC,env7,9648,-97526.8828125
21287,TQC,env7,9900,-97540.2578125
21288,TQC,env7,10272,-97737.5546875
21289,TQC,env7,10940,-97861.359375
21290,TQC,env7,11336,-97680.15625
21291,TQC,env7,11800,-97765.8359375
21292,TQC,env7,12036,-97558.96875
21293,TQC,env7,12588,-97361.9921875
21294,TQC,env7,12944,-97453.6953125
21295,TQC,env7,13300,-97369.3671875
21296,TQC,env7,13532,-97267.1640625
21297,TQC,env7,13780,-96970.5703125
21298,TQC,env7,14424,-96873.96875
21299,TQC,env7,14708,-97065.71875
21300,TQC,env7,15012,-97152.640625
21301,TQC,env7,15240,-97037.2890625
21302,TQC,env7,15748,-96927.3203125
21303,TQC,env7,16220,-96640.296875
21304,TQC,env7,16544,-96455.671875
21305,TQC,env7,16976,-96645.203125
21306,TQC,env7,17288,-96659.8984375
21307,TQC,env7,17648,-96560.7734375
21308,TQC,env7,17968,-96552.125
21309,TQC,env7,18388,-96566.8515625
21310,TQC,env7,18720,-96762.046875
21311,TQC,env7,19240,-96660.0234375
21312,TQC,env7,19464,-96457.8984375
21313,TQC,env7,19944,-96457.2734375
21314,TQC,env7,20232,-95726.8359375
21315,TQC,env7,20612,-95715.9375
21316,TQC,env7,21364,-95727.234375
21317,TQC,env7,21844,-95643.75
21318,TQC,env7,22012,-95767.7734375
21319,TQC,env7,22484,-95555.625
21320,TQC,env7,22856,-95650.0
21321,TQC,env7,23056,-95751.71875
21322,TQC,env7,23368,-96049.125
21323,TQC,env7,23588,-96136.0234375
21324,TQC,env7,23920,-95931.703125
21325,TQC,env7,24192,-95823.8515625
21326,TQC,env7,24624,-95818.375
21327,TQC,env7,25112,-95723.71875
21328,TQC,env7,25440,-95936.1875
21329,TQC,env7,25640,-96221.1640625
21330,TQC,env7,26096,-96121.2890625
21331,TQC,env7,26312,-95911.234375
21332,TQC,env7,26748,-95922.2109375
21333,TQC,env7,27044,-95916.265625
21334,TQC,env7,28036,-95713.03125
21335,TQC,env7,28328,-95722.40625
21336,TQC,env7,28784,-95735.5546875
21337,TQC,env7,29056,-95920.484375
21338,TQC,env7,29436,-95921.3046875
21339,TQC,env7,29932,-96436.625
21340,TQC,env7,30368,-96448.0234375
21341,TQC,env7,30676,-96439.0234375
21342,TQC,env7,31536,-96552.484375
21343,TQC,env7,31768,-96229.46875
21344,TQC,env7,32452,-96454.3203125
21345,TQC,env7,32868,-96559.875
21346,TQC,env7,33656,-96382.5390625
21347,TQC,env7,34756,-96324.2890625
21348,TQC,env7,35280,-96269.6875
21349,TQC,env7,36668,-96559.9765625
21350,TQC,env7,37552,-96746.375
21351,TQC,env7,37916,-97065.1640625
21352,TQC,env7,38476,-97195.7421875
21353,TQC,env7,39136,-97293.9921875
21354,TQC,env7,39912,-97264.6484375
21355,TQC,env7,40804,-97504.6171875
21356,TQC,env7,41248,-97715.3671875
21357,TQC,env7,41716,-97756.3203125
21358,TQC,env7,42644,-97721.671875
21359,TQC,env7,43432,-98146.9296875
21360,TQC,env7,44576,-98268.3203125
21361,TQC,env7,45024,-98526.46875
21362,TQC,env7,45588,-98640.765625
21363,TQC,env7,46252,-98576.8984375
21364,TQC,env7,46888,-98795.9140625
21365,TQC,env7,47808,-98715.421875
21366,TQC,env7,48464,-98526.8671875
21367,TQC,env7,49012,-98659.2890625
21368,TQC,env7,50452,-98803.875
21369,TQC,env7,51356,-98858.2734375
21370,TQC,env7,51964,-98914.375
21371,TQC,env7,52444,-99013.6171875
21372,TQC,env7,53116,-99112.6640625
21373,TQC,env7,54608,-99100.5703125
21374,TQC,env7,55148,-98959.6640625
21375,TQC,env7,55680,-99002.4375
21376,TQC,env7,56816,-98935.1875
21377,TQC,env7,57776,-99035.0546875
21378,TQC,env7,59396,-98873.234375
21379,TQC,env7,61000,-97987.65625
21380,TQC,env7,62132,-98146.1796875
21381,TQC,env7,63252,-98000.5546875
21382,TQC,env7,64408,-98107.2578125
21383,TQC,env7,66264,-98180.6796875
21384,TQC,env7,67740,-97332.0859375
21385,TQC,env7,69268,-97409.1796875
21386,TQC,env7,71872,-96316.8046875
21387,TQC,env7,72632,-96322.609375
21388,TQC,env7,74516,-95475.828125
21389,TQC,env7,76276,-95500.078125
21390,TQC,env7,78340,-95862.171875
21391,TQC,env7,79576,-95221.2265625
21392,TQC,env7,80272,-95320.1015625
21393,TQC,env7,82224,-95675.8828125
21394,TQC,env7,83444,-95487.1875
21395,TQC,env7,84708,-94569.984375
21396,TQC,env7,86320,-94689.90625
21397,TQC,env7,86748,-94629.53125
21398,TQC,env7,87764,-94760.7265625
21399,TQC,env7,89364,-94997.6328125
21400,TQC,env7,90328,-95109.4296875
21401,TQC,env7,91332,-95305.328125
21402,TQC,env7,92016,-95399.7265625
21403,TQC,env7,93164,-95582.7578125
21404,TQC,env7,94164,-96594.1796875
21405,TQC,env7,96156,-95778.9296875
21406,TQC,env7,97104,-96019.15625
21407,TQC,env7,100716,-94925.453125
21408,TQC,env7,101548,-95106.578125
21409,TQC,env7,102980,-95929.8828125
21410,TQC,env7,104876,-95942.65625
21411,TQC,env7,105812,-95985.953125
21412,TQC,env7,107312,-96029.453125
21413,TQC,env7,109576,-96224.5546875
21414,TQC,env7,111304,-96289.3046875
21415,TQC,env7,113580,-94425.1015625
21416,TQC,env7,114016,-95356.3046875
21417,TQC,env7,117432,-95484.0078125
21418,TQC,env7,118312,-94223.2109375
21419,TQC,env7,119476,-94408.0078125
21420,TQC,env7,121448,-94329.0078125
21421,TQC,env7,123600,-93583.2578125
21422,TQC,env7,125628,-92679.59375
21423,TQC,env7,126396,-92596.046875
21424,TQC,env7,127684,-92568.7734375
21425,TQC,env7,129000,-92429.3984375
21426,TQC,env7,131272,-91520.4921875
21427,TQC,env7,133504,-90589.71875
21428,TQC,env7,135200,-90692.421875
21429,TQC,env7,136212,-89647.671875
21430,TQC,env7,138288,-90555.171875
21431,TQC,env7,139648,-89547.34375
21432,TQC,env7,141800,-90619.6484375
21433,TQC,env7,142772,-90622.2421875
21434,TQC,env7,146744,-90811.9453125
21435,TQC,env7,148248,-90004.7734375
21436,TQC,env7,151320,-89209.9453125
21437,TQC,env7,153536,-89258.421875
21438,TQC,env7,155396,-89269.21875
21439,TQC,env7,157452,-88340.5234375
21440,TQC,env7,158812,-90140.0234375
21441,TQC,env7,160088,-88986.4921875
21442,TQC,env7,162040,-87998.390625
21443,TQC,env7,165828,-87360.3828125
21444,TQC,env7,168512,-86438.28125
21445,TQC,env7,169836,-87556.984375
21446,TQC,env7,172156,-88560.3828125
21447,TQC,env7,174912,-89631.71875
21448,TQC,env7,176060,-87845.671875
21449,TQC,env7,177296,-87982.1171875
21450,TQC,env7,179836,-88093.1953125
21451,TQC,env7,181572,-87060.4921875
21452,TQC,env7,183048,-87113.5703125
21453,TQC,env7,184572,-87102.5703125
21454,TQC,env7,186472,-87193.6171875
21455,TQC,env7,187720,-87119.6171875
21456,TQC,env7,188632,-86236.34375
21457,TQC,env7,189632,-86205.546875
21458,TQC,env7,190540,-86209.6484375
21459,TQC,env7,191092,-86047.7421875
21460,TQC,env7,192888,-86947.6484375
21461,TQC,env7,194520,-88793.34375
21462,TQC,env7,195300,-88781.5703125
21463,TQC,env7,195944,-89596.8671875
21464,TQC,env7,196356,-90321.09375
21465,TQC,env7,196668,-90363.4921875
21466,TQC,env7,197228,-91416.5234375
21467,TQC,env7,197792,-92227.828125
21468,TQC,env7,199016,-94070.328125
21469,TQC,env7,201464,-94066.828125
21470,TQC,env7,202280,-93015.2265625
21471,TQC,env7,203732,-92949.0234375
21472,TQC,env7,204860,-92780.5234375
21473,TQC,env7,205872,-94548.7734375
21474,TQC,env7,207252,-94469.4765625
21475,TQC,env7,208656,-93321.625
21476,TQC,env7,210920,-94954.3203125
21477,TQC,env7,211904,-95789.46875
21478,TQC,env7,213004,-95604.5234375
21479,TQC,env7,214016,-96572.921875
21480,TQC,env7,215296,-96596.5234375
21481,TQC,env7,216724,-98324.4609375
21482,TQC,env7,220712,-96569.5546875
21483,TQC,env7,222324,-94200.71875
21484,TQC,env7,224844,-93245.7578125
21485,TQC,env7,226984,-92370.65625
21486,TQC,env7,228956,-92385.15625
21487,TQC,env7,230064,-91369.40625
21488,TQC,env7,231420,-91410.90625
21489,TQC,env7,232140,-91610.28125
21490,TQC,env7,235420,-90378.0078125
21491,TQC,env7,238592,-89351.7421875
21492,TQC,env7,241128,-88441.7421875
21493,TQC,env7,243300,-86627.2421875
21494,TQC,env7,247300,-84609.0390625
21495,TQC,env7,251300,-81839.7421875
21496,TQC,env7,253128,-79912.34375
21497,TQC,env7,256376,-78222.640625
21498,TQC,env7,260368,-75487.71875
21499,TQC,env7,262716,-73613.9375
21500,TQC,env7,263300,-74756.09375
21501,TQC,env7,266716,-74216.3984375
21502,TQC,env7,268712,-72356.796875
21503,TQC,env7,271272,-70637.34375
21504,TQC,env7,273956,-69633.6171875
21505,TQC,env7,275900,-68752.1171875
21506,TQC,env7,277112,-68695.296875
21507,TQC,env7,280044,-69687.0
21508,TQC,env7,281400,-71706.359375
21509,TQC,env7,283632,-72705.125
21510,TQC,env7,285104,-72562.4765625
21511,TQC,env7,287176,-72600.0703125
21512,TQC,env7,287536,-73567.5234375
21513,TQC,env7,288156,-72626.5234375
21514,TQC,env7,289244,-72547.625
21515,TQC,env7,289824,-73734.296875
21516,TQC,env7,290776,-74819.0625
21517,TQC,env7,293008,-75693.8125
21518,TQC,env7,294452,-76207.84375
21519,TQC,env7,295660,-78275.0390625
21520,TQC,env7,298820,-80207.4375
21521,TQC,env7,300384,-81971.640625
21522,TQC,env7,302136,-82653.96875
21523,TQC,env7,303672,-85387.2421875
21524,TQC,env7,306664,-86107.8671875
21525,TQC,env7,307908,-84979.5625
21526,TQC,env7,310068,-84790.3671875
21527,TQC,env7,311148,-86745.9140625
21528,TQC,env7,311668,-88539.015625
21529,TQC,env7,313700,-88499.5625
21530,TQC,env7,314844,-89381.0625
21531,TQC,env7,316604,-89418.046875
21532,TQC,env7,317596,-90106.703125
21533,TQC,env7,318844,-89439.578125
21534,TQC,env7,320472,-89441.671875
21535,TQC,env7,321772,-89181.171875
21536,TQC,env7,322992,-88995.046875
21537,TQC,env7,323864,-88894.2734375
21538,TQC,env7,325264,-89762.5
21539,TQC,env7,328356,-88813.671875
21540,TQC,env7,329264,-87777.0234375
21541,TQC,env7,332340,-87722.6484375
21542,TQC,env7,333204,-86843.703125
21543,TQC,env7,334728,-86303.9765625
21544,TQC,env7,337440,-85315.5234375
21545,TQC,env7,341204,-86068.578125
21546,TQC,env7,341864,-85061.625
21547,TQC,env7,343140,-86069.25
21548,TQC,env7,345184,-86094.453125
21549,TQC,env7,345884,-87195.953125
21550,TQC,env7,346428,-88226.953125
21551,TQC,env7,346872,-89197.546875
21552,TQC,env7,347156,-89110.046875
21553,TQC,env7,347512,-89086.1484375
21554,TQC,env7,347772,-89973.421875
21555,TQC,env7,348120,-89928.828125
21556,TQC,env7,348448,-90004.0234375
21557,TQC,env7,348704,-90065.2734375
21558,TQC,env7,348960,-90865.2265625
21559,TQC,env7,349136,-90768.7265625
21560,TQC,env7,349428,-91922.578125
21561,TQC,env7,349692,-91876.546875
21562,TQC,env7,350064,-91932.328125
21563,TQC,env7,350452,-91969.0
21564,TQC,env7,350868,-92875.625
21565,TQC,env7,351080,-93877.375
21566,TQC,env7,351572,-93873.25
21567,TQC,env7,351852,-94778.046875
21568,TQC,env7,352688,-96526.8515625
21569,TQC,env7,353824,-98234.6015625
21570,TQC,env7,354820,-99096.8515625
21571,TQC,env7,355880,-100064.5
21572,TQC,env7,356636,-100018.453125
21573,TQC,env7,358128,-100118.75
21574,TQC,env7,359692,-100046.546875
21575,TQC,env7,361412,-100140.953125
21576,TQC,env7,362644,-99952.796875
21577,TQC,env7,364492,-99781.0
21578,TQC,env7,365512,-99741.8984375
21579,TQC,env7,368212,-99590.75
21580,TQC,env7,369632,-99356.0
21581,TQC,env7,371100,-99023.71875
21582,TQC,env7,373596,-98691.3671875
21583,TQC,env7,375100,-96714.171875
21584,TQC,env7,378224,-95548.21875
21585,TQC,env7,379920,-94382.8671875
21586,TQC,env7,382928,-93510.3671875
21587,TQC,env7,383920,-91106.765625
21588,TQC,env7,386456,-91029.28125
21589,TQC,env7,386892,-90842.734375
21590,TQC,env7,387320,-90633.78125
21591,TQC,env7,388536,-90344.6328125
21592,TQC,env7,390252,-89763.4375
21593,TQC,env7,391204,-89579.78125
21594,TQC,env7,392284,-89598.0859375
21595,TQC,env7,393264,-89185.671875
21596,TQC,env7,393704,-88907.1328125
21597,TQC,env7,394268,-88683.734375
21598,TQC,env7,394612,-88408.328125
21599,TQC,env7,395540,-88232.4296875
21600,TQC,env7,396456,-88040.1328125
21601,TQC,env7,398624,-86911.984375
21602,TQC,env7,399416,-85828.890625
21603,TQC,env7,400224,-85585.5859375
21604,TQC,env7,400756,-85498.1875
21605,TQC,env7,401132,-85384.8359375
21606,TQC,env7,401604,-85421.265625
21607,TQC,env7,402908,-85684.96875
21608,TQC,env7,403824,-87487.3671875
21609,TQC,env7,404884,-88295.6640625
21610,TQC,env7,405440,-88183.1484375
21611,TQC,env7,406056,-89095.046875
21612,TQC,env7,406412,-91291.3515625
21613,TQC,env7,407328,-91084.875
21614,TQC,env7,408232,-91098.8203125
21615,TQC,env7,409436,-91136.046875
21616,TQC,env7,409944,-91169.3984375
21617,TQC,env7,411296,-91682.4453125
21618,TQC,env7,412000,-91985.4921875
21619,TQC,env7,413628,-91887.796875
21620,TQC,env7,414228,-91253.2578125
21621,TQC,env7,415516,-91475.6484375
21622,TQC,env7,417220,-91823.1484375
21623,TQC,env7,418552,-90774.7265625
21624,TQC,env7,419764,-91029.53125
21625,TQC,env7,421792,-91007.3515625
21626,TQC,env7,422436,-91251.6328125
21627,TQC,env7,423732,-92444.171875
21628,TQC,env7,424772,-92549.75
21629,TQC,env7,426328,-92312.609375
21630,TQC,env7,427220,-92631.109375
21631,TQC,env7,428640,-93024.4609375
21632,TQC,env7,429520,-92841.6328125
21633,TQC,env7,429876,-93041.8828125
21634,TQC,env7,430416,-93318.3359375
21635,TQC,env7,430952,-94432.046875
21636,TQC,env7,431664,-94427.546875
21637,TQC,env7,432328,-94258.53125
21638,TQC,env7,432836,-94339.171875
21639,TQC,env7,434020,-94367.7265625
21640,TQC,env7,434964,-94483.0234375
21641,TQC,env7,435956,-94585.2265625
21642,TQC,env7,436316,-94673.375
21643,TQC,env7,437064,-94196.3203125
21644,TQC,env7,437780,-95056.3046875
21645,TQC,env7,438624,-94944.40625
21646,TQC,env7,439612,-95076.5546875
21647,TQC,env7,441952,-93815.4765625
21648,TQC,env7,443068,-95023.09375
21649,TQC,env7,444076,-94985.7734375
21650,TQC,env7,444472,-95139.546875
21651,TQC,env7,445696,-96199.7734375
21652,TQC,env7,446848,-96143.8203125
21653,TQC,env7,448480,-96278.96875
21654,TQC,env7,450828,-96880.7421875
21655,TQC,env7,451084,-95788.4375
21656,TQC,env7,451804,-95600.2890625
21657,TQC,env7,452588,-95787.1875
21658,TQC,env7,453496,-95910.5859375
21659,TQC,env7,455340,-95891.6640625
21660,TQC,env7,456776,-94823.640625
21661,TQC,env7,459540,-92631.703125
21662,TQC,env7,460112,-91866.4140625
21663,TQC,env7,461580,-92015.078125
21664,TQC,env7,462544,-92055.4921875
21665,TQC,env7,463172,-91867.2734375
21666,TQC,env7,464304,-92035.8671875
21667,TQC,env7,465976,-91778.8203125
21668,TQC,env7,466680,-91816.2578125
21669,TQC,env7,468324,-90831.2734375
21670,TQC,env7,469236,-90951.0
21671,TQC,env7,470108,-90820.3984375
21672,TQC,env7,472044,-91714.765625
21673,TQC,env7,473392,-91559.1171875
21674,TQC,env7,473896,-91355.671875
21675,TQC,env7,475016,-90977.3515625
21676,TQC,env7,475324,-90935.0546875
21677,TQC,env7,475956,-90857.90625
21678,TQC,env7,478040,-90561.125
21679,TQC,env7,479216,-89165.5
21680,TQC,env7,479960,-90099.578125
21681,TQC,env7,480440,-90154.7265625
21682,TQC,env7,480764,-90135.6015625
21683,TQC,env7,481968,-89921.15625
21684,TQC,env7,482968,-89942.578125
21685,TQC,env7,483472,-91027.8515625
21686,TQC,env7,483828,-92986.21875
21687,TQC,env7,484136,-93952.3671875
21688,TQC,env7,484508,-93988.125
21689,TQC,env7,486164,-94021.609375
21690,TQC,env7,486448,-94222.5078125
21691,TQC,env7,488448,-92808.453125
21692,TQC,env7,490268,-92803.0
21693,TQC,env7,490588,-92087.3984375
21694,TQC,env7,491384,-93336.59375
21695,TQC,env7,492448,-92238.546875
21696,TQC,env7,494248,-92144.3203125
21697,TQC,env7,496336,-92418.921875
21698,TQC,env7,497440,-91429.7421875
21699,TQC,env7,499840,-91475.71875
21700,TQC,env7,502012,-90606.046875
21701,TQC,env7,503840,-88347.6796875
21702,TQC,env7,504992,-88298.828125
21703,TQC,env7,505420,-88381.078125
21704,TQC,env7,506284,-89314.1796875
21705,TQC,env7,509036,-89441.703125
21706,TQC,env7,510328,-87047.0234375
21707,TQC,env7,511396,-86986.125
21708,TQC,env7,513072,-86608.40625
21709,TQC,env7,514096,-86590.15625
21710,TQC,env7,514988,-86704.859375
21711,TQC,env7,516692,-86544.734375
21712,TQC,env7,517612,-86542.9375
21713,TQC,env7,519340,-86188.1875
21714,TQC,env7,520564,-86108.484375
21715,TQC,env7,521424,-86169.734375
21716,TQC,env7,522044,-86487.5703125
21717,TQC,env7,522580,-86588.0078125
21718,TQC,env7,524368,-87665.0078125
21719,TQC,env7,525512,-87763.703125
21720,TQC,env7,525932,-88737.84375
21721,TQC,env7,526768,-88894.625
21722,TQC,env7,527372,-88855.9453125
21723,TQC,env7,528024,-89954.6015625
21724,TQC,env7,528524,-90105.6796875
21725,TQC,env7,530108,-91164.765625
21726,TQC,env7,531664,-93253.15625
21727,TQC,env7,532684,-93471.2578125
21728,TQC,env7,533196,-92679.1796875
21729,TQC,env7,534084,-93107.234375
21730,TQC,env7,535432,-92902.109375
21731,TQC,env7,536736,-95206.234375
21732,TQC,env7,537864,-95476.140625
21733,TQC,env7,538776,-96022.3828125
21734,TQC,env7,540032,-96055.03125
21735,TQC,env7,540464,-95853.59375
21736,TQC,env7,541036,-96225.0390625
21737,TQC,env7,542252,-96135.4296875
21738,TQC,env7,543040,-96363.3046875
21739,TQC,env7,543888,-96519.9609375
21740,TQC,env7,545776,-96582.65625
21741,TQC,env7,546772,-96616.796875
21742,TQC,env7,547800,-96710.609375
21743,TQC,env7,549248,-96672.359375
21744,TQC,env7,550528,-96169.7578125
21745,TQC,env7,552320,-96522.9921875
21746,TQC,env7,553392,-95588.7890625
21747,TQC,env7,554072,-95387.265625
21748,TQC,env7,555156,-95179.390625
21749,TQC,env7,555996,-94978.6171875
21750,TQC,env7,556992,-94796.3515625
21751,TQC,env7,558320,-94865.5078125
21752,TQC,env7,559456,-94725.9609375
21753,TQC,env7,560432,-94715.1328125
21754,TQC,env7,561184,-94585.5390625
21755,TQC,env7,562712,-94414.9765625
21756,TQC,env7,563240,-94374.5625
21757,TQC,env7,565676,-94194.40625
21758,TQC,env7,566624,-93069.3046875
21759,TQC,env7,567272,-92962.3828125
21760,TQC,env7,568608,-93091.1640625
21761,TQC,env7,569236,-93026.1640625
21762,TQC,env7,570068,-93226.9765625
21763,TQC,env7,571248,-93341.875
21764,TQC,env7,572456,-92888.7578125
21765,TQC,env7,573748,-92548.328125
21766,TQC,env7,574840,-93536.8671875
21767,TQC,env7,575488,-93355.9765625
21768,TQC,env7,576520,-93344.0546875
21769,TQC,env7,578292,-93574.28125
21770,TQC,env7,578716,-93191.984375
21771,TQC,env7,580016,-94139.4453125
21772,TQC,env7,581628,-94067.4765625
21773,TQC,env7,582688,-94314.0546875
21774,TQC,env7,583832,-94548.15625
21775,TQC,env7,585296,-94773.765625
21776,TQC,env7,586700,-94810.921875
21777,TQC,env7,589060,-94844.421875
21778,TQC,env7,590508,-94780.3984375
21779,TQC,env7,592184,-94702.75
21780,TQC,env7,593164,-94079.3359375
21781,TQC,env7,593984,-93963.4375
21782,TQC,env7,597004,-93162.9921875
21783,TQC,env7,598204,-91948.3984375
21784,TQC,env7,600620,-92115.46875
21785,TQC,env7,602016,-92276.546875
21786,TQC,env7,604764,-91351.5234375
21787,TQC,env7,606692,-89262.390625
21788,TQC,env7,609784,-87802.9453125
21789,TQC,env7,610784,-86334.765625
21790,TQC,env7,611736,-86542.8203125
21791,TQC,env7,614404,-85557.3359375
21792,TQC,env7,617228,-84893.1640625
21793,TQC,env7,619656,-83915.015625
21794,TQC,env7,620860,-83010.09375
21795,TQC,env7,621732,-83206.703125
21796,TQC,env7,624228,-83242.515625
21797,TQC,env7,625024,-82570.984375
21798,TQC,env7,626704,-82484.171875
21799,TQC,env7,630704,-80529.59375
21800,TQC,env7,632028,-79389.984375
21801,TQC,env7,635296,-79530.9921875
21802,TQC,env7,635912,-78666.0703125
21803,TQC,env7,639744,-78869.9921875
21804,TQC,env7,641556,-78898.1640625
21805,TQC,env7,642824,-79587.1484375
21806,TQC,env7,644872,-79787.109375
21807,TQC,env7,647280,-80282.8515625
21808,TQC,env7,649464,-81551.546875
21809,TQC,env7,651312,-81406.0234375
21810,TQC,env7,653588,-80169.25
21811,TQC,env7,655780,-81126.375
21812,TQC,env7,656728,-83205.4609375
21813,TQC,env7,658004,-83504.828125
21814,TQC,env7,659132,-85196.25
21815,TQC,env7,661976,-84379.7265625
21816,TQC,env7,663316,-83176.359375
21817,TQC,env7,664368,-83904.609375
21818,TQC,env7,665572,-83691.7109375
21819,TQC,env7,666344,-84628.4609375
21820,TQC,env7,668856,-84432.46875
21821,TQC,env7,669768,-83319.765625
21822,TQC,env7,671080,-84270.6640625
21823,TQC,env7,671920,-84210.671875
21824,TQC,env7,672600,-85989.15625
21825,TQC,env7,672992,-87226.3203125
21826,TQC,env7,673308,-87013.5625
21827,TQC,env7,673632,-87997.0390625
21828,TQC,env7,673952,-88951.3359375
21829,TQC,env7,674408,-89072.2109375
21830,TQC,env7,674760,-89447.234375
21831,TQC,env7,674964,-89520.328125
21832,TQC,env7,675164,-89867.9921875
21833,TQC,env7,675508,-90915.8125
21834,TQC,env7,675748,-90786.0078125
21835,TQC,env7,675912,-91958.8515625
21836,TQC,env7,676008,-92064.453125
21837,TQC,env7,676176,-92124.15625
21838,TQC,env7,676352,-93284.1015625
21839,TQC,env7,676536,-93491.6796875
21840,TQC,env7,676844,-94352.78125
21841,TQC,env7,677108,-96592.28125
21842,TQC,env7,677332,-96742.53125
21843,TQC,env7,677624,-97645.0
21844,TQC,env7,677752,-97768.046875
21845,TQC,env7,677992,-98065.1328125
21846,TQC,env7,678260,-99180.3046875
21847,TQC,env7,678392,-99059.5078125
21848,TQC,env7,678512,-99225.2890625
21849,TQC,env7,678696,-99424.53125
21850,TQC,env7,678796,-99327.1796875
21851,TQC,env7,679008,-99517.6875
21852,TQC,env7,679168,-99418.6328125
21853,TQC,env7,679508,-99388.4375
21854,TQC,env7,680284,-99119.4375
21855,TQC,env7,680424,-98914.4375
21856,TQC,env7,680624,-98821.734375
21857,TQC,env7,680924,-98837.8359375
21858,TQC,env7,681236,-98747.4375
21859,TQC,env7,681664,-98843.71875
21860,TQC,env7,681932,-98853.71875
21861,TQC,env7,682640,-98772.421875
21862,TQC,env7,683512,-98516.8046875
21863,TQC,env7,684260,-98258.015625
21864,TQC,env7,685652,-98013.3515625
21865,TQC,env7,688060,-96655.984375
21866,TQC,env7,688596,-95510.5
21867,TQC,env7,689076,-95448.8984375
21868,TQC,env7,690188,-95593.6953125
21869,TQC,env7,691892,-95359.3046875
21870,TQC,env7,693332,-93912.2734375
21871,TQC,env7,695680,-93743.421875
21872,TQC,env7,696128,-92717.421875
21873,TQC,env7,697076,-92742.21875
21874,TQC,env7,698808,-92297.234375
21875,TQC,env7,699748,-92136.15625
21876,TQC,env7,700408,-91763.53125
21877,TQC,env7,701592,-90694.921875
21878,TQC,env7,703508,-90560.1953125
21879,TQC,env7,703756,-90638.4296875
21880,TQC,env7,704712,-90752.65625
21881,TQC,env7,704876,-90842.7578125
21882,TQC,env7,705216,-90826.453125
21883,TQC,env7,705704,-89374.21875
21884,TQC,env7,705984,-89552.1171875
21885,TQC,env7,707644,-89344.3671875
21886,TQC,env7,708200,-89356.6171875
21887,TQC,env7,708380,-89437.6015625
21888,TQC,env7,708572,-89628.9375
21889,TQC,env7,709276,-89785.5546875
21890,TQC,env7,709464,-91174.515625
21891,TQC,env7,709756,-92312.609375
21892,TQC,env7,709928,-92294.0078125
21893,TQC,env7,710196,-92469.5859375
21894,TQC,env7,710748,-92627.21875
21895,TQC,env7,711568,-93954.203125
21896,TQC,env7,711748,-94114.25
21897,TQC,env7,711948,-95318.75
21898,TQC,env7,712336,-95198.203125
21899,TQC,env7,712696,-95651.2890625
21900,TQC,env7,713992,-95743.21875
21901,TQC,env7,714268,-96169.5390625
21902,TQC,env7,714448,-97343.0
21903,TQC,env7,714824,-97466.125
21904,TQC,env7,715200,-96489.65625
21905,TQC,env7,715736,-96563.2265625
21906,TQC,env7,716240,-96593.4296875
21907,TQC,env7,716480,-96410.765625
21908,TQC,env7,716836,-97945.1015625
21909,TQC,env7,717328,-97872.421875
21910,TQC,env7,718352,-98002.703125
21911,TQC,env7,720048,-97108.5234375
21912,TQC,env7,720768,-97106.296875
21913,TQC,env7,721268,-96016.09375
21914,TQC,env7,722200,-96117.84375
21915,TQC,env7,723048,-96024.4921875
21916,TQC,env7,723332,-95866.0703125
21917,TQC,env7,723844,-95959.8671875
21918,TQC,env7,724288,-96020.46875
21919,TQC,env7,725112,-95922.7421875
21920,TQC,env7,726192,-96041.890625
21921,TQC,env7,727052,-96074.59375
21922,TQC,env7,727572,-96108.2890625
21923,TQC,env7,728208,-96157.34375
21924,TQC,env7,728620,-96131.9453125
21925,TQC,env7,729136,-96307.7421875
21926,TQC,env7,729568,-96269.140625
21927,TQC,env7,730644,-96275.84375
21928,TQC,env7,731076,-96214.3671875
21929,TQC,env7,732020,-97313.65625
21930,TQC,env7,732680,-96242.0078125
21931,TQC,env7,732868,-96244.0078125
21932,TQC,env7,733104,-96366.2421875
21933,TQC,env7,733772,-96305.6484375
21934,TQC,env7,734256,-96402.71875
21935,TQC,env7,735120,-96546.4921875
21936,TQC,env7,735924,-97566.421875
21937,TQC,env7,736720,-97403.65625
21938,TQC,env7,737280,-98383.7109375
21939,TQC,env7,737780,-98391.4140625
21940,TQC,env7,739552,-98414.015625
21941,TQC,env7,739816,-98388.4140625
21942,TQC,env7,740188,-98390.4140625
21943,TQC,env7,740612,-98353.3203125
21944,TQC,env7,741292,-98551.3046875
21945,TQC,env7,741840,-97304.75
21946,TQC,env7,742084,-97213.1015625
21947,TQC,env7,743488,-97029.1015625
21948,TQC,env7,744296,-96936.21875
21949,TQC,env7,744792,-96612.46875
21950,TQC,env7,745192,-96515.3671875
21951,TQC,env7,745492,-96544.265625
21952,TQC,env7,746032,-96563.3671875
21953,TQC,env7,746360,-96527.140625
21954,TQC,env7,746784,-96506.2890625
21955,TQC,env7,747312,-97586.7421875
21956,TQC,env7,747972,-97554.0390625
21957,TQC,env7,748968,-97627.21875
21958,TQC,env7,749356,-97398.234375
21959,TQC,env7,750248,-97301.0390625
21960,TQC,env7,751092,-97073.8828125
21961,TQC,env7,752024,-96913.5390625
21962,TQC,env7,752940,-97288.6640625
21963,TQC,env7,754092,-97419.5390625
21964,TQC,env7,754420,-96345.4609375
21965,TQC,env7,755800,-96251.9375
21966,TQC,env7,758680,-95426.3046875
21967,TQC,env7,759384,-95044.265625
21968,TQC,env7,760208,-94849.5625
21969,TQC,env7,761460,-94683.1640625
21970,TQC,env7,762316,-94882.3984375
21971,TQC,env7,763048,-93769.9140625
21972,TQC,env7,763668,-93787.1171875
21973,TQC,env7,764564,-93609.5
21974,TQC,env7,765752,-93807.84375
21975,TQC,env7,766552,-93664.7734375
21976,TQC,env7,767476,-93411.6484375
21977,TQC,env7,770928,-93405.03125
21978,TQC,env7,772108,-92482.53125
21979,TQC,env7,773564,-92659.03125
21980,TQC,env7,775172,-92693.2109375
21981,TQC,env7,776684,-92812.90625
21982,TQC,env7,777660,-92943.359375
21983,TQC,env7,778064,-93285.5390625
21984,TQC,env7,778648,-93377.4375
21985,TQC,env7,779396,-93580.390625
21986,TQC,env7,780048,-93722.640625
21987,TQC,env7,780720,-93752.7421875
21988,TQC,env7,781024,-93858.8671875
21989,TQC,env7,781632,-94943.7421875
21990,TQC,env7,781968,-95095.515625
21991,TQC,env7,782592,-95832.8671875
21992,TQC,env7,783032,-96127.6328125
21993,TQC,env7,783484,-96313.1328125
21994,TQC,env7,783840,-96494.734375
21995,TQC,env7,784960,-97441.2734375
21996,TQC,env7,786768,-98681.6015625
21997,TQC,env7,788836,-97986.8046875
21998,TQC,env7,791076,-98236.6796875
21999,TQC,env7,794428,-97558.7578125
22000,TQC,env7,795912,-96754.4765625
22001,TQC,env7,797324,-96999.828125
22002,TQC,env7,798612,-97108.34375
22003,TQC,env7,801648,-98304.34375
22004,TQC,env7,803488,-97455.7421875
22005,TQC,env7,804412,-97436.6640625
22006,TQC,env7,806400,-97338.71875
22007,TQC,env7,807784,-97368.3203125
22008,TQC,env7,808408,-97383.71875
22009,TQC,env7,809112,-97349.3203125
22010,TQC,env7,810388,-97373.515625
22011,TQC,env7,811980,-97458.515625
22012,TQC,env7,812504,-97330.6953125
22013,TQC,env7,813288,-97361.7890625
22014,TQC,env7,814320,-97397.4921875
22015,TQC,env7,816004,-97205.8203125
22016,TQC,env7,816732,-97520.0078125
22017,TQC,env7,817620,-97461.3046875
22018,TQC,env7,818928,-97432.78125
22019,TQC,env7,820736,-97346.453125
22020,TQC,env7,822424,-97427.46875
22021,TQC,env7,823000,-96208.421875
22022,TQC,env7,824056,-97099.828125
22023,TQC,env7,825392,-97045.5
22024,TQC,env7,826452,-97893.828125
22025,TQC,env7,827316,-98814.2265625
22026,TQC,env7,828640,-98836.5
22027,TQC,env7,830332,-97753.671875
22028,TQC,env7,831332,-97477.3125
22029,TQC,env7,833516,-98358.515625
22030,TQC,env7,834412,-98497.9140625
22031,TQC,env7,837184,-98484.71875
22032,TQC,env7,839048,-96182.890625
22033,TQC,env7,840724,-96001.0
22034,TQC,env7,841184,-95078.6015625
22035,TQC,env7,842328,-95064.6015625
22036,TQC,env7,843808,-94871.625
22037,TQC,env7,844048,-94835.9140625
22038,TQC,env7,844756,-94720.265625
22039,TQC,env7,845452,-94690.0703125
22040,TQC,env7,845992,-94897.640625
22041,TQC,env7,847300,-94821.1953125
22042,TQC,env7,847784,-95052.078125
22043,TQC,env7,848372,-95094.8984375
22044,TQC,env7,848868,-95173.125
22045,TQC,env7,849116,-95126.1484375
22046,TQC,env7,849512,-96310.1953125
22047,TQC,env7,849708,-96253.4921875
22048,TQC,env7,849944,-96378.84375
22049,TQC,env7,850280,-96439.140625
22050,TQC,env7,851088,-96306.390625
22051,TQC,env7,851632,-96173.96875
22052,TQC,env7,852484,-97191.59375
22053,TQC,env7,853108,-97289.5546875
22054,TQC,env7,853936,-97203.0546875
22055,TQC,env7,854796,-95964.1796875
22056,TQC,env7,855372,-95706.890625
22057,TQC,env7,855976,-97863.8203125
22058,TQC,env7,856860,-97973.4609375
22059,TQC,env7,857868,-98957.359375
22060,TQC,env7,859816,-98877.5078125
22061,TQC,env7,860312,-97840.984375
22062,TQC,env7,860820,-97974.21875
22063,TQC,env7,861508,-98047.1640625
22064,TQC,env7,862728,-98065.8671875
22065,TQC,env7,863936,-98024.1171875
22066,TQC,env7,864200,-98155.765625
22067,TQC,env7,864912,-98078.46875
22068,TQC,env7,866184,-97989.765625
22069,TQC,env7,867044,-97904.71875
22070,TQC,env7,868196,-97860.640625
22071,TQC,env7,868732,-97780.140625
22072,TQC,env7,869532,-97742.390625
22073,TQC,env7,870444,-97699.390625
22074,TQC,env7,871616,-97881.34375
22075,TQC,env7,872552,-98030.6953125
22076,TQC,env7,873076,-98172.515625
22077,TQC,env7,873300,-98122.3203125
22078,TQC,env7,874088,-98135.6171875
22079,TQC,env7,874760,-98198.515625
22080,TQC,env7,877196,-99193.7890625
22081,TQC,env7,878224,-99137.6953125
22082,TQC,env7,879896,-99116.546875
22083,TQC,env7,880704,-99247.6953125
22084,TQC,env7,881500,-99163.34375
22085,TQC,env7,882240,-99238.9921875
22086,TQC,env7,883492,-100319.9921875
22087,TQC,env7,884220,-100376.59375
22088,TQC,env7,885132,-100396.1953125
22089,TQC,env7,886920,-100478.8984375
22090,TQC,env7,887912,-100564.9453125
22091,TQC,env7,889092,-99592.7421875
22092,TQC,env7,891504,-99743.6484375
22093,TQC,env7,893324,-99965.2421875
22094,TQC,env7,895504,-99171.921875
22095,TQC,env7,897520,-98311.4296875
22096,TQC,env7,899284,-98476.9296875
22097,TQC,env7,902136,-97834.28125
22098,TQC,env7,905648,-98079.3359375
22099,TQC,env7,908032,-98148.4296875
22100,TQC,env7,909996,-97213.4296875
22101,TQC,env7,911220,-97201.234375
22102,TQC,env7,913384,-97298.1328125
22103,TQC,env7,915164,-96345.0859375
22104,TQC,env7,916624,-96408.484375
22105,TQC,env7,919008,-96598.484375
22106,TQC,env7,920236,-96014.3125
22107,TQC,env7,921780,-96134.5625
22108,TQC,env7,922572,-96098.0625
22109,TQC,env7,923744,-96226.015625
22110,TQC,env7,924944,-96249.109375
22111,TQC,env7,925836,-95273.1640625
22112,TQC,env7,926744,-95238.0625
22113,TQC,env7,927684,-95199.265625
22114,TQC,env7,928384,-95029.9140625
22115,TQC,env7,929020,-94815.921875
22116,TQC,env7,931348,-95630.59375
22117,TQC,env7,932096,-95532.6953125
22118,TQC,env7,932376,-94313.4453125
22119,TQC,env7,932728,-95112.171875
22120,TQC,env7,933028,-96091.6796875
22121,TQC,env7,933248,-95992.0859375
22122,TQC,env7,933532,-96679.28125
22123,TQC,env7,933752,-96482.234375
22124,TQC,env7,933920,-96325.53125
22125,TQC,env7,934064,-97184.234375
22126,TQC,env7,934256,-97135.4296875
22127,TQC,env7,934568,-97029.3359375
22128,TQC,env7,934916,-97983.28125
22129,TQC,env7,935072,-97827.78125
22130,TQC,env7,935232,-97735.1796875
22131,TQC,env7,935368,-98630.6796875
22132,TQC,env7,935756,-98526.1796875
22133,TQC,env7,935928,-98449.5859375
22134,TQC,env7,936052,-98364.8828125
22135,TQC,env7,936348,-98281.28125
22136,TQC,env7,936652,-99300.53125
22137,TQC,env7,936828,-99264.9296875
22138,TQC,env7,937080,-99242.8359375
22139,TQC,env7,937520,-99299.8828125
22140,TQC,env7,938196,-99259.9609375
22141,TQC,env7,939748,-99420.484375
22142,TQC,env7,940196,-99397.78125
22143,TQC,env7,940672,-100523.734375
22144,TQC,env7,941520,-100622.6875
22145,TQC,env7,943332,-100747.0859375
22146,TQC,env7,944592,-100662.6953125
22147,TQC,env7,945016,-100602.03125
22148,TQC,env7,945736,-100629.734375
22149,TQC,env7,946724,-100564.6953125
22150,TQC,env7,947728,-100598.1953125
22151,TQC,env7,948296,-100390.65625
22152,TQC,env7,949348,-100442.2578125
22153,TQC,env7,949768,-100485.65625
22154,TQC,env7,950156,-100408.6796875
22155,TQC,env7,951048,-100425.984375
22156,TQC,env7,951616,-100474.3828125
22157,TQC,env7,952260,-100487.984375
22158,TQC,env7,952784,-100344.609375
22159,TQC,env7,953196,-100370.7109375
22160,TQC,env7,953612,-100392.40625
22161,TQC,env7,954040,-100414.109375
22162,TQC,env7,956020,-100501.109375
22163,TQC,env7,958040,-99643.40625
22164,TQC,env7,959348,-98679.2109375
22165,TQC,env7,960400,-98701.5703125
22166,TQC,env7,960956,-98231.203125
22167,TQC,env7,961728,-98267.609375
22168,TQC,env7,962764,-98179.453125
22169,TQC,env7,963716,-98217.65625
22170,TQC,env7,964488,-98155.953125
22171,TQC,env7,965528,-95893.453125
22172,TQC,env7,966312,-96028.3125
22173,TQC,env7,967056,-96050.8125
22174,TQC,env7,968672,-96184.453125
22175,TQC,env7,970164,-96054.4921875
22176,TQC,env7,970748,-96017.296875
22177,TQC,env7,971492,-96023.0
22178,TQC,env7,972692,-96041.3984375
22179,TQC,env7,974060,-96059.640625
22180,TQC,env7,974316,-95891.515625
22181,TQC,env7,975312,-95878.8203125
22182,TQC,env7,976620,-95829.8203125
22183,TQC,env7,977196,-94964.7890625
22184,TQC,env7,979460,-94723.4765625
22185,TQC,env7,980824,-94475.265625
22186,TQC,env7,981652,-94434.7109375
22187,TQC,env7,982588,-94381.7109375
22188,TQC,env7,983036,-95314.4140625
22189,TQC,env7,984100,-96309.609375
22190,TQC,env7,985384,-96443.9609375
22191,TQC,env7,986804,-96602.125
22192,TQC,env7,989372,-95345.5859375
22193,TQC,env7,990388,-94581.4375
22194,TQC,env7,992436,-94623.234375
22195,TQC,env7,994364,-94542.6875
22196,TQC,env7,995740,-94972.453125
22197,TQC,env7,997216,-94928.8515625
22198,TQC,env7,998796,-94893.2578125
22199,TQC,env7,1000104,-94840.03125
22200,TQC,env7,1001752,-94862.734375
22201,TQC,env7,1003284,-95143.265625
22202,TQC,env7,1004680,-94269.8671875
22203,TQC,env7,1005880,-94272.0703125
22204,TQC,env7,1007096,-94157.7265625
22205,TQC,env7,1008836,-94350.34375
22206,TQC,env7,1012416,-91969.7578125
22207,TQC,env7,1013432,-91049.90625
22208,TQC,env7,1015540,-92184.0078125
22209,TQC,env7,1017392,-91529.2265625
22210,TQC,env7,1018496,-89890.3359375
22211,TQC,env7,1020868,-89821.703125
22212,TQC,env7,1022420,-88853.1875
22213,TQC,env7,1023100,-88820.1875
22214,TQC,env7,1024612,-87783.140625
22215,TQC,env7,1025676,-87893.2421875
22216,TQC,env7,1026776,-88116.1484375
22217,TQC,env7,1027804,-89338.484375
22218,TQC,env7,1028972,-90185.28125
22219,TQC,env7,1030708,-89240.1875
22220,TQC,env7,1031352,-89107.9140625
22221,TQC,env7,1032476,-90977.0859375
22222,TQC,env7,1033328,-89843.9375
22223,TQC,env7,1033888,-89848.140625
22224,TQC,env7,1035596,-89781.109375
22225,TQC,env7,1037108,-89930.6640625
22226,TQC,env7,1037584,-88950.234375
22227,TQC,env7,1037984,-89774.4375
22228,TQC,env7,1038528,-89615.4375
22229,TQC,env7,1039336,-89741.6484375
22230,TQC,env7,1039552,-89706.4453125
22231,TQC,env7,1039724,-92048.53125
22232,TQC,env7,1040016,-93025.484375
22233,TQC,env7,1040804,-92827.90625
22234,TQC,env7,1041724,-93635.953125
22235,TQC,env7,1042180,-95528.359375
22236,TQC,env7,1042568,-95544.6875
22237,TQC,env7,1043408,-96312.984375
22238,TQC,env7,1044080,-96323.8828125
22239,TQC,env7,1044716,-97344.828125
22240,TQC,env7,1045412,-97087.8046875
22241,TQC,env7,1046776,-96817.03125
22242,TQC,env7,1047176,-96833.03125
22243,TQC,env7,1048472,-95781.03125
22244,TQC,env7,1048976,-96546.578125
22245,TQC,env7,1049224,-96524.1796875
22246,TQC,env7,1049724,-96588.7265625
22247,TQC,env7,1050640,-97509.875
22248,TQC,env7,1051500,-97522.4765625
22249,TQC,env7,1052256,-97526.078125
22250,TQC,env7,1053288,-97514.875
22251,TQC,env7,1053796,-97349.828125
22252,TQC,env7,1054592,-97366.828125
22253,TQC,env7,1054764,-97478.7265625
22254,TQC,env7,1055840,-97551.5
22255,TQC,env7,1056188,-97498.828125
22256,TQC,env7,1056944,-97451.78125
22257,TQC,env7,1058256,-97357.78125
22258,TQC,env7,1058612,-97460.0546875
22259,TQC,env7,1059712,-97508.125
22260,TQC,env7,1060268,-97395.6796875
22261,TQC,env7,1060872,-97469.4296875
22262,TQC,env7,1061124,-97526.8515625
22263,TQC,env7,1061588,-97511.75
22264,TQC,env7,1062140,-97473.8515625
22265,TQC,env7,1062448,-97661.7734375
22266,TQC,env7,1062632,-97925.453125
22267,TQC,env7,1063260,-97867.6484375
22268,TQC,env7,1063944,-98960.453125
22269,TQC,env7,1064440,-98939.265625
22270,TQC,env7,1064792,-99102.7890625
22271,TQC,env7,1065712,-99026.6015625
22272,TQC,env7,1066252,-99259.8984375
22273,TQC,env7,1066500,-99129.625
22274,TQC,env7,1066832,-99173.375
22275,TQC,env7,1067752,-99156.2734375
22276,TQC,env7,1068292,-100294.546875
22277,TQC,env7,1068720,-100270.3515625
22278,TQC,env7,1068976,-100256.1484375
22279,TQC,env7,1069280,-100227.328125
22280,TQC,env7,1069888,-100268.8984375
22281,TQC,env7,1071252,-100257.0
22282,TQC,env7,1072292,-99509.0
22283,TQC,env7,1074328,-99528.3984375
22284,TQC,env7,1075820,-99602.7734375
22285,TQC,env7,1076648,-98833.0234375
22286,TQC,env7,1077136,-98846.625
22287,TQC,env7,1077496,-98980.5234375
22288,TQC,env7,1078012,-98964.328125
22289,TQC,env7,1078820,-98989.921875
22290,TQC,env7,1079688,-98954.890625
22291,TQC,env7,1080440,-98983.6875
22292,TQC,env7,1081456,-99018.484375
22293,TQC,env7,1081896,-98913.0859375
22294,TQC,env7,1084052,-97193.921875
22295,TQC,env7,1084636,-96993.7578125
22296,TQC,env7,1085000,-97051.75
22297,TQC,env7,1085584,-96824.6640625
22298,TQC,env7,1085872,-96825.0859375
22299,TQC,env7,1086456,-96828.984375
22300,TQC,env7,1087444,-96702.5625
22301,TQC,env7,1088224,-96559.1875
22302,TQC,env7,1088636,-96486.6875
22303,TQC,env7,1089356,-96308.4765625
22304,TQC,env7,1089728,-96314.796875
22305,TQC,env7,1089932,-96215.5234375
22306,TQC,env7,1090328,-96284.171875
22307,TQC,env7,1091028,-97095.7734375
22308,TQC,env7,1091812,-96720.453125
22309,TQC,env7,1091980,-96659.65625
22310,TQC,env7,1092208,-97514.0546875
22311,TQC,env7,1092756,-97398.34375
22312,TQC,env7,1093724,-97092.359375
22313,TQC,env7,1094276,-96790.4296875
22314,TQC,env7,1094836,-96671.078125
22315,TQC,env7,1095552,-96723.015625
22316,TQC,env7,1095976,-96615.4921875
22317,TQC,env7,1096144,-96492.296875
22318,TQC,env7,1096952,-96423.0078125
22319,TQC,env7,1097804,-98152.4921875
22320,TQC,env7,1098388,-98391.0546875
22321,TQC,env7,1098944,-98305.390625
22322,TQC,env7,1099412,-98399.2578125
22323,TQC,env7,1100016,-98419.953125
22324,TQC,env7,1101080,-98347.7421875
22325,TQC,env7,1103140,-98393.9921875
22326,TQC,env7,1103908,-97259.3515625
22327,TQC,env7,1104912,-96176.203125
22328,TQC,env7,1105616,-96073.53125
22329,TQC,env7,1106028,-96011.15625
22330,TQC,env7,1106304,-96127.53125
22331,TQC,env7,1107384,-95962.0078125
22332,TQC,env7,1108300,-95975.3046875
22333,TQC,env7,1109016,-96147.453125
22334,TQC,env7,1111136,-94940.5625
22335,TQC,env7,1111756,-94677.6328125
22336,TQC,env7,1112504,-94795.8515625
22337,TQC,env7,1112892,-94920.0390625
22338,TQC,env7,1113676,-95242.7578125
22339,TQC,env7,1114132,-95158.8828125
22340,TQC,env7,1115084,-95062.46875
22341,TQC,env7,1115700,-95170.09375
22342,TQC,env7,1116264,-95301.890625
22343,TQC,env7,1116996,-95238.21875
22344,TQC,env7,1118132,-95211.84375
22345,TQC,env7,1118988,-95216.4453125
22346,TQC,env7,1121120,-95264.7578125
22347,TQC,env7,1121772,-95394.1796875
22348,TQC,env7,1122160,-95494.9296875
22349,TQC,env7,1122852,-95513.59375
22350,TQC,env7,1123548,-95490.1796875
22351,TQC,env7,1124564,-96568.75
22352,TQC,env7,1125128,-97548.03125
22353,TQC,env7,1125504,-97649.765625
22354,TQC,env7,1126668,-97470.171875
22355,TQC,env7,1127364,-97505.5703125
22356,TQC,env7,1128036,-97601.1953125
22357,TQC,env7,1128808,-97399.3125
22358,TQC,env7,1129384,-97303.1796875
22359,TQC,env7,1129788,-98439.1796875
22360,TQC,env7,1130216,-98628.3984375
22361,TQC,env7,1130380,-98410.8515625
22362,TQC,env7,1130808,-98468.75
22363,TQC,env7,1131148,-98250.2265625
22364,TQC,env7,1132184,-98353.953125
22365,TQC,env7,1134128,-98320.390625
22366,TQC,env7,1134632,-97982.171875
22367,TQC,env7,1135792,-97763.0234375
22368,TQC,env7,1137024,-97798.9609375
22369,TQC,env7,1137524,-97562.890625
22370,TQC,env7,1137912,-97533.4921875
22371,TQC,env7,1138696,-97393.71875
22372,TQC,env7,1139320,-97179.2890625
22373,TQC,env7,1140484,-96997.4921875
22374,TQC,env7,1141212,-97012.2421875
22375,TQC,env7,1141720,-97021.328125
22376,TQC,env7,1142996,-97241.4765625
22377,TQC,env7,1144204,-97310.8359375
22378,TQC,env7,1144816,-97500.984375
22379,TQC,env7,1145972,-97712.7578125
22380,TQC,env7,1147192,-97662.359375
22381,TQC,env7,1148748,-96874.5546875
22382,TQC,env7,1150060,-97162.3359375
22383,TQC,env7,1152552,-97449.25
22384,TQC,env7,1154104,-97640.25
22385,TQC,env7,1154888,-96719.3515625
22386,TQC,env7,1155508,-96921.5
22387,TQC,env7,1156384,-97081.5
22388,TQC,env7,1157176,-96228.8515625
22389,TQC,env7,1157408,-96241.5625
22390,TQC,env7,1158188,-96362.0390625
22391,TQC,env7,1158872,-96702.65625
22392,TQC,env7,1159360,-96941.0078125
22393,TQC,env7,1159540,-97063.734375
22394,TQC,env7,1159992,-97395.0859375
22395,TQC,env7,1160668,-97411.0859375
22396,TQC,env7,1161700,-97660.4140625
22397,TQC,env7,1162112,-97869.640625
22398,TQC,env7,1163124,-97938.7890625
22399,TQC,env7,1163460,-97950.8359375
22400,TQC,env7,1164716,-98100.0390625
22401,TQC,env7,1165044,-97993.109375
22402,TQC,env7,1165420,-98116.328125
22403,TQC,env7,1165864,-98111.421875
22404,TQC,env7,1166628,-98168.421875
22405,TQC,env7,1167256,-98105.0
22406,TQC,env7,1168452,-98802.6328125
22407,TQC,env7,1168956,-98669.7109375
22408,TQC,env7,1169940,-98571.5703125
22409,TQC,env7,1170424,-98295.3203125
22410,TQC,env7,1171016,-99350.0234375
22411,TQC,env7,1171728,-99271.09375
22412,TQC,env7,1172476,-99127.1484375
22413,TQC,env7,1173004,-100185.1171875
22414,TQC,env7,1174100,-100322.40625
22415,TQC,env7,1174496,-100255.2734375
22416,TQC,env7,1176228,-100287.671875
22417,TQC,env7,1177004,-100328.0703125
22418,TQC,env7,1178396,-100216.5234375
22419,TQC,env7,1179136,-100274.1171875
22420,TQC,env7,1179884,-100290.0234375
22421,TQC,env7,1180688,-100259.5234375
22422,TQC,env7,1181244,-100274.6171875
22423,TQC,env7,1181668,-100403.5703125
22424,TQC,env7,1182644,-100356.8203125
22425,TQC,env7,1183236,-100306.0234375
22426,TQC,env7,1183808,-100384.9453125
22427,TQC,env7,1184476,-100278.96875
22428,TQC,env7,1184948,-100282.3671875
22429,TQC,env7,1185820,-98927.78125
22430,TQC,env7,1186500,-98915.9609375
22431,TQC,env7,1186956,-99080.5234375
22432,TQC,env7,1187308,-99151.953125
22433,TQC,env7,1188180,-99157.875
22434,TQC,env7,1188948,-99168.34375
22435,TQC,env7,1190492,-99073.28125
22436,TQC,env7,1191912,-99163.3671875
22437,TQC,env7,1192948,-98252.015625
22438,TQC,env7,1193884,-97876.6640625
22439,TQC,env7,1195648,-97673.4609375
22440,TQC,env7,1196860,-97737.2734375
22441,TQC,env7,1197988,-97697.046875
22442,TQC,env7,1200312,-97403.828125
22443,TQC,env7,1202628,-96291.5234375
22444,TQC,env7,1204748,-95150.8125
22445,TQC,env7,1206144,-94038.390625
22446,TQC,env7,1207580,-94012.4140625
22447,TQC,env7,1209128,-94119.609375
22448,TQC,env7,1210720,-94066.625
22449,TQC,env7,1211696,-93945.515625
22450,TQC,env7,1212800,-93737.9921875
22451,TQC,env7,1214040,-93592.84375
22452,TQC,env7,1214672,-93428.1640625
22453,TQC,env7,1216200,-93248.5703125
22454,TQC,env7,1218540,-93532.3046875
22455,TQC,env7,1220200,-92505.6328125
22456,TQC,env7,1220760,-92328.1796875
22457,TQC,env7,1221688,-92005.40625
22458,TQC,env7,1223148,-92048.3515625
22459,TQC,env7,1224096,-92079.1875
22460,TQC,env7,1224868,-92038.5859375
22461,TQC,env7,1225808,-90941.6015625
22462,TQC,env7,1226684,-91646.2734375
22463,TQC,env7,1227160,-92000.828125
22464,TQC,env7,1227508,-92099.9921875
22465,TQC,env7,1228508,-91898.9453125
22466,TQC,env7,1230236,-91746.34375
22467,TQC,env7,1230728,-91951.5078125
22468,TQC,env7,1231244,-93059.8046875
22469,TQC,env7,1232292,-94076.390625
22470,TQC,env7,1233036,-95149.015625
22471,TQC,env7,1233984,-94955.9140625
22472,TQC,env7,1234368,-94647.40625
22473,TQC,env7,1235136,-94567.46875
22474,TQC,env7,1236172,-94672.4765625
22475,TQC,env7,1236904,-94788.703125
22476,TQC,env7,1237720,-94759.8515625
22477,TQC,env7,1238016,-95028.703125
22478,TQC,env7,1238656,-95102.3515625
22479,TQC,env7,1239432,-95986.296875
22480,TQC,env7,1240100,-97086.2265625
22481,TQC,env7,1241092,-96120.40625
22482,TQC,env7,1241640,-96121.28125
22483,TQC,env7,1242672,-95774.78125
22484,TQC,env7,1243068,-95721.1796875
22485,TQC,env7,1243772,-95522.4453125
22486,TQC,env7,1244200,-96356.3203125
22487,TQC,env7,1244864,-96166.4453125
22488,TQC,env7,1245212,-95961.4453125
22489,TQC,env7,1245784,-95809.1796875
22490,TQC,env7,1246688,-95493.7265625
22491,TQC,env7,1247360,-95339.75
22492,TQC,env7,1247848,-95220.9609375
22493,TQC,env7,1248228,-94052.8125
22494,TQC,env7,1248576,-93919.640625
22495,TQC,env7,1249052,-93826.890625
22496,TQC,env7,1249552,-93802.609375
22497,TQC,env7,1250124,-93875.4765625
22498,TQC,env7,1250404,-92734.546875
22499,TQC,env7,1250816,-92686.546875
22500,TQC,env7,1251084,-92778.453125
22501,TQC,env7,1251652,-92651.75
22502,TQC,env7,1252368,-92348.578125
22503,TQC,env7,1253040,-92143.203125
22504,TQC,env7,1253624,-92030.1953125
22505,TQC,env7,1254612,-91758.5390625
22506,TQC,env7,1255108,-92533.0390625
22507,TQC,env7,1255624,-92528.4921875
22508,TQC,env7,1255996,-92297.5
22509,TQC,env7,1256500,-92181.6015625
22510,TQC,env7,1256648,-92366.203125
22511,TQC,env7,1257240,-92426.5546875
22512,TQC,env7,1257648,-92818.0
22513,TQC,env7,1258024,-92933.953125
22514,TQC,env7,1258464,-92838.203125
22515,TQC,env7,1258968,-93340.6328125
22516,TQC,env7,1259400,-93442.3828125
22517,TQC,env7,1260696,-93272.9375
22518,TQC,env7,1261692,-94514.8046875
22519,TQC,env7,1262172,-94586.5546875
22520,TQC,env7,1262828,-94604.125
22521,TQC,env7,1263592,-94422.125
22522,TQC,env7,1264032,-94298.1640625
22523,TQC,env7,1264592,-95338.2109375
22524,TQC,env7,1264812,-95133.578125
22525,TQC,env7,1265036,-95201.4765625
22526,TQC,env7,1265624,-95412.328125
22527,TQC,env7,1266052,-95699.1015625
22528,TQC,env7,1266384,-96007.328125
22529,TQC,env7,1266692,-96276.6328125
22530,TQC,env7,1267196,-96456.3359375
22531,TQC,env7,1267348,-96734.734375
22532,TQC,env7,1267616,-96925.484375
22533,TQC,env7,1268140,-97509.8203125
22534,TQC,env7,1268460,-97701.9140625
22535,TQC,env7,1268792,-97789.21875
22536,TQC,env7,1269792,-97582.96875
22537,TQC,env7,1270432,-97573.015625
22538,TQC,env7,1271276,-96307.46875
22539,TQC,env7,1271780,-95568.6953125
22540,TQC,env7,1271908,-95557.9921875
22541,TQC,env7,1272048,-95732.34375
22542,TQC,env7,1272432,-95997.140625
22543,TQC,env7,1272568,-96101.921875
22544,TQC,env7,1272832,-96102.421875
22545,TQC,env7,1273180,-96180.6015625
22546,TQC,env7,1274276,-96571.3515625
22547,TQC,env7,1275164,-96740.96875
22548,TQC,env7,1275420,-96930.1640625
22549,TQC,env7,1275844,-97205.5
22550,TQC,env7,1276356,-97140.953125
22551,TQC,env7,1276908,-97172.796875
22552,TQC,env7,1277108,-97106.1015625
22553,TQC,env7,1277908,-96805.953125
22554,TQC,env7,1278312,-96734.8515625
22555,TQC,env7,1278636,-96814.5
22556,TQC,env7,1279256,-96734.9765625
22557,TQC,env7,1279852,-96896.578125
22558,TQC,env7,1280328,-96808.078125
22559,TQC,env7,1280600,-96711.2265625
22560,TQC,env7,1281116,-96737.625
22561,TQC,env7,1281608,-96945.875
22562,TQC,env7,1281804,-96943.5234375
22563,TQC,env7,1282540,-97911.65625
22564,TQC,env7,1283036,-98639.5859375
22565,TQC,env7,1283640,-98451.8359375
22566,TQC,env7,1284864,-98208.78125
22567,TQC,env7,1285136,-97755.296875
22568,TQC,env7,1285364,-97803.703125
22569,TQC,env7,1286196,-97422.3984375
22570,TQC,env7,1286620,-97130.546875
22571,TQC,env7,1287696,-96769.6640625
22572,TQC,env7,1288504,-96618.765625
22573,TQC,env7,1288916,-96301.796875
22574,TQC,env7,1289324,-96128.296875
22575,TQC,env7,1290332,-96066.40625
22576,TQC,env7,1290924,-95568.609375
22577,TQC,env7,1291564,-95468.109375
22578,TQC,env7,1292576,-95588.0546875
22579,TQC,env7,1293152,-95596.2578125
22580,TQC,env7,1293648,-95519.3046875
22581,TQC,env7,1293984,-95499.0078125
22582,TQC,env7,1295252,-94990.9453125
22583,TQC,env7,1296656,-93708.0703125
22584,TQC,env7,1297560,-93777.625
22585,TQC,env7,1297920,-93376.1875
22586,TQC,env7,1299220,-93452.7890625
22587,TQC,env7,1299600,-93354.8359375
22588,TQC,env7,1300864,-93619.40625
22589,TQC,env7,1301620,-93807.703125
22590,TQC,env7,1302404,-94050.453125
22591,TQC,env7,1302732,-94006.7578125
22592,TQC,env7,1303092,-94346.0234375
22593,TQC,env7,1303548,-94351.8203125
22594,TQC,env7,1303760,-94640.8203125
22595,TQC,env7,1303976,-94836.2734375
22596,TQC,env7,1304268,-95185.0546875
22597,TQC,env7,1304472,-95362.5546875
22598,TQC,env7,1304752,-95682.421875
22599,TQC,env7,1305072,-95694.625
22600,TQC,env7,1305280,-95841.5625
22601,TQC,env7,1305464,-96271.5625
22602,TQC,env7,1305908,-96333.2109375
22603,TQC,env7,1306608,-96202.84375
22604,TQC,env7,1306992,-96008.3046875
22605,TQC,env7,1307128,-95986.609375
22606,TQC,env7,1307360,-96166.8046875
22607,TQC,env7,1307852,-96530.7265625
22608,TQC,env7,1308960,-97736.84375
22609,TQC,env7,1309380,-97690.9453125
22610,TQC,env7,1309676,-98076.078125
22611,TQC,env7,1310048,-97892.375
22612,TQC,env7,1310468,-97787.578125
22613,TQC,env7,1310704,-97701.4296875
22614,TQC,env7,1311076,-97509.2734375
22615,TQC,env7,1311388,-97258.9296875
22616,TQC,env7,1311832,-97257.4765625
22617,TQC,env7,1312260,-96988.625
22618,TQC,env7,1312580,-96782.625
22619,TQC,env7,1312848,-96481.125
22620,TQC,env7,1313280,-96384.921875
22621,TQC,env7,1313584,-96184.421875
22622,TQC,env7,1313812,-95980.625
22623,TQC,env7,1314136,-95683.3203125
22624,TQC,env7,1314300,-95574.171875
22625,TQC,env7,1314608,-95383.375
22626,TQC,env7,1314876,-95198.5703125
22627,TQC,env7,1315624,-95312.8203125
22628,TQC,env7,1315988,-95429.84375
22629,TQC,env7,1316412,-95696.078125
22630,TQC,env7,1316960,-95607.9765625
22631,TQC,env7,1317268,-95321.4765625
22632,TQC,env7,1317556,-95302.6328125
22633,TQC,env7,1317924,-95371.28125
22634,TQC,env7,1318224,-95364.90625
22635,TQC,env7,1318456,-95377.0078125
22636,TQC,env7,1318688,-95658.0078125
22637,TQC,env7,1318980,-95657.1015625
22638,TQC,env7,1319188,-95556.703125
22639,TQC,env7,1319504,-95853.8515625
22640,TQC,env7,1319832,-95758.7578125
22641,TQC,env7,1320272,-95760.6015625
22642,TQC,env7,1320656,-95960.375
22643,TQC,env7,1321284,-95767.59375
22644,TQC,env7,1321768,-96165.296875
22645,TQC,env7,1322248,-96272.546875
22646,TQC,env7,1322636,-96183.3984375
22647,TQC,env7,1322900,-96184.59375
22648,TQC,env7,1323620,-95054.2109375
22649,TQC,env7,1324192,-95158.859375
22650,TQC,env7,1324824,-94872.1953125
22651,TQC,env7,1325544,-94973.421875
22652,TQC,env7,1326152,-94672.828125
22653,TQC,env7,1326672,-94751.9765625
22654,TQC,env7,1326860,-93267.1171875
22655,TQC,env7,1327104,-93254.5703125
22656,TQC,env7,1327360,-93346.9140625
22657,TQC,env7,1327672,-93149.3671875
22658,TQC,env7,1328096,-93059.4140625
22659,TQC,env7,1328812,-93045.59375
22660,TQC,env7,1329280,-92862.109375
22661,TQC,env7,1329468,-92673.9453125
22662,TQC,env7,1329840,-92767.5390625
22663,TQC,env7,1330316,-92885.6953125
22664,TQC,env7,1330820,-92916.2890625
22665,TQC,env7,1331236,-93022.5390625
22666,TQC,env7,1331964,-93048.765625
22667,TQC,env7,1332836,-93074.71875
22668,TQC,env7,1333224,-93283.6640625
22669,TQC,env7,1333368,-93185.6640625
22670,TQC,env7,1333712,-93262.9140625
22671,TQC,env7,1334000,-93458.4609375
22672,TQC,env7,1334380,-93663.6640625
22673,TQC,env7,1334696,-95135.34375
22674,TQC,env7,1334988,-95229.34375
22675,TQC,env7,1335492,-95626.6171875
22676,TQC,env7,1335824,-95809.1875
22677,TQC,env7,1336200,-96097.0859375
22678,TQC,env7,1337008,-96238.28125
22679,TQC,env7,1337744,-97692.2890625
22680,TQC,env7,1337968,-97943.890625
22681,TQC,env7,1338548,-98157.9453125
22682,TQC,env7,1339788,-98283.2421875
22683,TQC,env7,1340564,-98147.453125
22684,TQC,env7,1341408,-98205.90625
22685,TQC,env7,1342552,-98453.2890625
22686,TQC,env7,1343560,-98638.5546875
22687,TQC,env7,1345296,-98716.890625
22688,TQC,env7,1346080,-98841.390625
22689,TQC,env7,1346968,-97964.9921875
22690,TQC,env7,1348052,-98112.4921875
22691,TQC,env7,1349144,-98164.8203125
22692,TQC,env7,1351492,-98453.765625
22693,TQC,env7,1352636,-98712.25
22694,TQC,env7,1353968,-98873.15625
22695,TQC,env7,1355372,-98876.6953125
22696,TQC,env7,1358812,-99035.6953125
22697,TQC,env7,1361092,-98322.296875
22698,TQC,env7,1362280,-98433.296875
22699,TQC,env7,1366112,-97548.5
22700,TQC,env7,1367660,-96706.9453125
22701,TQC,env7,1369340,-96875.546875
22702,TQC,env7,1372756,-96173.546875
22703,TQC,env7,1374788,-96256.84375
22704,TQC,env7,1376552,-96370.546875
22705,TQC,env7,1377524,-96316.25
22706,TQC,env7,1377944,-96219.1953125
22707,TQC,env7,1378444,-96323.296875
22708,TQC,env7,1379112,-96569.8359375
22709,TQC,env7,1379436,-96536.953125
22710,TQC,env7,1379788,-96472.0546875
22711,TQC,env7,1380140,-96491.1484375
22712,TQC,env7,1380916,-96263.359375
22713,TQC,env7,1381512,-96344.9609375
22714,TQC,env7,1382024,-96919.8125
22715,TQC,env7,1382756,-96798.6640625
22716,TQC,env7,1383216,-96631.5234375
22717,TQC,env7,1383876,-96339.2734375
22718,TQC,env7,1384520,-96201.125
22719,TQC,env7,1384948,-95987.625
22720,TQC,env7,1386004,-95630.1171875
22721,TQC,env7,1386420,-95473.6640625
22722,TQC,env7,1386504,-96179.265625
22723,TQC,env7,1386960,-95956.6640625
22724,TQC,env7,1387376,-96865.265625
22725,TQC,env7,1387572,-97711.0390625
22726,TQC,env7,1388360,-97566.2421875
22727,TQC,env7,1388644,-98206.1171875
22728,TQC,env7,1388972,-98088.6171875
22729,TQC,env7,1389288,-98010.1640625
22730,TQC,env7,1389644,-98044.46875
22731,TQC,env7,1390048,-98132.8203125
22732,TQC,env7,1390576,-98219.8671875
22733,TQC,env7,1391528,-98043.8046875
22734,TQC,env7,1392464,-97949.2421875
22735,TQC,env7,1394244,-97610.03125
22736,TQC,env7,1395756,-96598.9296875
22737,TQC,env7,1396616,-97009.78125
22738,TQC,env7,1398820,-97086.28125
22739,TQC,env7,1400568,-95015.0234375
22740,TQC,env7,1402336,-95259.4765625
22741,TQC,env7,1405136,-94305.6796875
22742,TQC,env7,1407040,-92469.9765625
22743,TQC,env7,1408604,-91695.28125
22744,TQC,env7,1410012,-91732.3359375
22745,TQC,env7,1410920,-92075.84375
22746,TQC,env7,1412184,-91922.4375
22747,TQC,env7,1413448,-91820.4375
22748,TQC,env7,1414948,-91857.9375
22749,TQC,env7,1415672,-90516.546875
22750,TQC,env7,1416776,-90333.5078125
22751,TQC,env7,1418308,-90195.5859375
22752,TQC,env7,1420620,-90142.78125
22753,TQC,env7,1421656,-89220.78125
22754,TQC,env7,1424696,-88355.6875
22755,TQC,env7,1425388,-88343.1875
22756,TQC,env7,1425872,-87472.6875
22757,TQC,env7,1426820,-87493.78125
22758,TQC,env7,1427880,-87493.0703125
22759,TQC,env7,1428628,-87813.421875
22760,TQC,env7,1432072,-87226.6328125
22761,TQC,env7,1432888,-86434.9296875
22762,TQC,env7,1434128,-86142.1640625
22763,TQC,env7,1434744,-86046.1640625
22764,TQC,env7,1436072,-88335.515625
22765,TQC,env7,1436700,-87190.140625
22766,TQC,env7,1437840,-87665.6796875
22767,TQC,env7,1439304,-89685.0234375
22768,TQC,env7,1441428,-90495.875
22769,TQC,env7,1442364,-90373.15625
22770,TQC,env7,1443152,-90427.5
22771,TQC,env7,1443932,-89527.9453125
22772,TQC,env7,1444688,-89642.140625
22773,TQC,env7,1445340,-89737.4453125
22774,TQC,env7,1445540,-91009.5546875
22775,TQC,env7,1446084,-91288.1640625
22776,TQC,env7,1447240,-91439.890625
22777,TQC,env7,1447624,-91566.015625
22778,TQC,env7,1448944,-92512.4140625
22779,TQC,env7,1449516,-92231.2265625
22780,TQC,env7,1449908,-92247.7265625
22781,TQC,env7,1450260,-93128.53125
22782,TQC,env7,1450656,-93077.9296875
22783,TQC,env7,1451160,-93324.703125
22784,TQC,env7,1451564,-93253.0078125
22785,TQC,env7,1452168,-94161.8046875
22786,TQC,env7,1453436,-95060.40625
22787,TQC,env7,1454224,-94175.96875
22788,TQC,env7,1455200,-93089.78125
22789,TQC,env7,1455880,-93061.046875
22790,TQC,env7,1457952,-92860.0703125
22791,TQC,env7,1459532,-93805.96875
22792,TQC,env7,1461092,-92802.171875
22793,TQC,env7,1464128,-91069.5234375
22794,TQC,env7,1466128,-89369.171875
22795,TQC,env7,1466696,-89425.671875
22796,TQC,env7,1467464,-90618.6015625
22797,TQC,env7,1468684,-90658.0
22798,TQC,env7,1470112,-90585.328125
22799,TQC,env7,1471192,-89596.125
22800,TQC,env7,1472292,-89668.7265625
22801,TQC,env7,1473704,-89720.828125
22802,TQC,env7,1474520,-88598.859375
22803,TQC,env7,1475512,-88632.0625
22804,TQC,env7,1476928,-89852.453125
22805,TQC,env7,1478348,-89838.1484375
22806,TQC,env7,1480132,-89842.0234375
22807,TQC,env7,1481796,-89777.3984375
22808,TQC,env7,1482912,-89908.203125
22809,TQC,env7,1484788,-89971.203125
22810,TQC,env7,1486028,-89997.2265625
22811,TQC,env7,1487624,-90664.3984375
22812,TQC,env7,1489936,-90484.265625
22813,TQC,env7,1491456,-91744.953125
22814,TQC,env7,1492304,-91812.4921875
22815,TQC,env7,1493776,-93180.9453125
22816,TQC,env7,1496424,-93142.5390625
22817,TQC,env7,1497776,-93274.7421875
22818,TQC,env7,1499060,-94115.140625
22819,TQC,env7,1500260,-96163.15625
22820,TQC,env7,1501776,-95946.203125
22821,TQC,env7,1502040,-95800.828125
22822,TQC,env7,1503284,-95659.2265625
22823,TQC,env7,1504456,-95587.5078125
22824,TQC,env7,1506020,-96620.9296875
22825,TQC,env7,1507292,-96510.6328125
22826,TQC,env7,1508388,-96511.1328125
22827,TQC,env7,1508924,-97754.2890625
22828,TQC,env7,1510064,-97740.2890625
22829,TQC,env7,1511652,-97367.1015625
22830,TQC,env7,1515172,-97291.53125
22831,TQC,env7,1516668,-95041.453125
22832,TQC,env7,1517748,-94037.09375
22833,TQC,env7,1518728,-93953.890625
22834,TQC,env7,1519808,-93073.6953125
22835,TQC,env7,1520564,-93117.265625
22836,TQC,env7,1522488,-93081.234375
22837,TQC,env7,1523152,-94441.3671875
22838,TQC,env7,1523620,-94263.265625
22839,TQC,env7,1524104,-94194.03125
22840,TQC,env7,1525664,-94079.9296875
22841,TQC,env7,1526820,-94026.5078125
22842,TQC,env7,1527080,-94840.8046875
22843,TQC,env7,1527620,-95578.5078125
22844,TQC,env7,1529232,-95308.9296875
22845,TQC,env7,1530024,-95049.8203125
22846,TQC,env7,1531480,-94060.953125
22847,TQC,env7,1531992,-94107.4296875
22848,TQC,env7,1532384,-94000.1171875
22849,TQC,env7,1533300,-93719.046875
22850,TQC,env7,1534928,-93692.96875
22851,TQC,env7,1535380,-93663.46875
22852,TQC,env7,1535920,-93466.71875
22853,TQC,env7,1536860,-92332.34375
22854,TQC,env7,1537228,-92348.9765625
22855,TQC,env7,1537836,-92221.7421875
22856,TQC,env7,1538168,-94364.3203125
22857,TQC,env7,1538560,-95259.2578125
22858,TQC,env7,1538992,-95225.2578125
22859,TQC,env7,1539188,-96052.65625
22860,TQC,env7,1539444,-96015.953125
22861,TQC,env7,1539612,-96279.3125
22862,TQC,env7,1539768,-96212.515625
22863,TQC,env7,1540776,-96234.3125
22864,TQC,env7,1541424,-96160.5078125
22865,TQC,env7,1541876,-96177.8046875
22866,TQC,env7,1542816,-96156.4765625
22867,TQC,env7,1546428,-94112.578125
22868,TQC,env7,1547632,-93329.546875
22869,TQC,env7,1548568,-93521.328125
22870,TQC,env7,1549484,-93950.984375
22871,TQC,env7,1549932,-94792.09375
22872,TQC,env7,1551648,-94799.9140625
22873,TQC,env7,1552008,-94656.53125
22874,TQC,env7,1553000,-94984.25
22875,TQC,env7,1553524,-95081.2265625
22876,TQC,env7,1554376,-94961.2734375
22877,TQC,env7,1555052,-94912.2734375
22878,TQC,env7,1556140,-95911.3515625
22879,TQC,env7,1557624,-96213.1328125
22880,TQC,env7,1559540,-96451.84375
22881,TQC,env7,1561312,-95568.59375
22882,TQC,env7,1562588,-94798.59375
22883,TQC,env7,1566588,-93763.75
22884,TQC,env7,1569844,-91926.8515625
22885,TQC,env7,1572040,-92086.0234375
22886,TQC,env7,1575756,-90427.4296875
22887,TQC,env7,1578440,-89566.7734375
22888,TQC,env7,1581576,-89575.7109375
22889,TQC,env7,1582472,-88797.3984375
22890,TQC,env7,1585304,-88923.0
22891,TQC,env7,1586976,-87731.2109375
22892,TQC,env7,1587696,-89800.46875
22893,TQC,env7,1589620,-90877.6953125
22894,TQC,env7,1590776,-90936.890625
22895,TQC,env7,1592340,-90957.1640625
22896,TQC,env7,1593608,-91266.703125
22897,TQC,env7,1595044,-91362.296875
22898,TQC,env7,1596104,-91759.3984375
22899,TQC,env7,1598504,-91911.296875
22900,TQC,env7,1600748,-91053.796875
22901,TQC,env7,1601756,-91230.75
22902,TQC,env7,1602996,-91329.078125
22903,TQC,env7,1604808,-91516.2734375
22904,TQC,env7,1605684,-90429.2421875
22905,TQC,env7,1608028,-90410.8671875
22906,TQC,env7,1609340,-91210.2109375
22907,TQC,env7,1611888,-92186.2890625
22908,TQC,env7,1615888,-92271.28125
22909,TQC,env7,1618608,-94044.3125
22910,TQC,env7,1620156,-93664.125
22911,TQC,env7,1622256,-95381.0703125
22912,TQC,env7,1623996,-96321.546875
22913,TQC,env7,1625600,-96344.984375
22914,TQC,env7,1627892,-97415.6953125
22915,TQC,env7,1629548,-94892.0
22916,TQC,env7,1630800,-96017.2109375
22917,TQC,env7,1632600,-96074.765625
22918,TQC,env7,1634068,-95973.265625
22919,TQC,env7,1635384,-95610.359375
22920,TQC,env7,1637032,-95494.2734375
22921,TQC,env7,1638088,-95482.375
22922,TQC,env7,1640320,-95477.546875
22923,TQC,env7,1642916,-94314.6875
22924,TQC,env7,1644964,-94243.2890625
22925,TQC,env7,1646748,-94991.7734375
22926,TQC,env7,1649144,-94843.2890625
22927,TQC,env7,1652200,-94897.4609375
22928,TQC,env7,1654484,-93757.5625
22929,TQC,env7,1657228,-95035.7734375
22930,TQC,env7,1659672,-93999.921875
22931,TQC,env7,1661568,-94327.25
22932,TQC,env7,1662036,-94388.71875
22933,TQC,env7,1663536,-95346.171875
22934,TQC,env7,1665540,-95599.734375
22935,TQC,env7,1666956,-95928.3515625
22936,TQC,env7,1669048,-96021.1015625
22937,TQC,env7,1670516,-96083.4765625
22938,TQC,env7,1672556,-96064.5078125
22939,TQC,env7,1674476,-94913.390625
22940,TQC,env7,1676004,-97408.5859375
22941,TQC,env7,1677168,-97641.7109375
22942,TQC,env7,1679912,-97820.0078125
22943,TQC,env7,1681744,-97831.8828125
22944,TQC,env7,1684468,-98323.484375
22945,TQC,env7,1686812,-98519.1875
22946,TQC,env7,1688640,-98750.6953125
22947,TQC,env7,1691392,-97867.421875
22948,TQC,env7,1693476,-99099.2890625
22949,TQC,env7,1695684,-99090.765625
22950,TQC,env7,1698136,-99237.625
22951,TQC,env7,1701296,-98449.1875
22952,TQC,env7,1703348,-98552.4140625
22953,TQC,env7,1704644,-99709.9140625
22954,TQC,env7,1705940,-99510.8984375
22955,TQC,env7,1707408,-100629.2265625
22956,TQC,env7,1708812,-100576.7265625
22957,TQC,env7,1712012,-100682.625
22958,TQC,env7,1713112,-99752.7265625
22959,TQC,env7,1715508,-99674.421875
22960,TQC,env7,1718980,-98792.125
22961,TQC,env7,1721088,-95958.625
22962,TQC,env7,1722320,-95858.4765625
22963,TQC,env7,1725668,-93735.828125
22964,TQC,env7,1728064,-92858.359375
22965,TQC,env7,1730316,-91571.984375
22966,TQC,env7,1732436,-91130.0625
22967,TQC,env7,1734604,-90089.6640625
22968,TQC,env7,1738604,-87046.4609375
22969,TQC,env7,1742604,-83773.4609375
22970,TQC,env7,1746200,-81340.6328125
22971,TQC,env7,1749056,-79046.28125
22972,TQC,env7,1750748,-77881.40625
22973,TQC,env7,1751824,-77828.5078125
22974,TQC,env7,1752984,-77710.9765625
22975,TQC,env7,1754520,-77517.0625
22976,TQC,env7,1755200,-78200.0703125
22977,TQC,env7,1756584,-78098.84375
22978,TQC,env7,1758164,-77792.2109375
22979,TQC,env7,1759724,-76633.1796875
22980,TQC,env7,1760276,-76410.9609375
22981,TQC,env7,1760512,-76322.7578125
22982,TQC,env7,1761244,-76181.7578125
22983,TQC,env7,1761688,-77001.7421875
22984,TQC,env7,1761816,-76691.578125
22985,TQC,env7,1761996,-77439.2734375
22986,TQC,env7,1762368,-80017.953125
22987,TQC,env7,1762960,-80014.3984375
22988,TQC,env7,1763804,-82165.046875
22989,TQC,env7,1764780,-84103.328125
22990,TQC,env7,1765484,-85352.5
22991,TQC,env7,1765748,-85563.625
22992,TQC,env7,1766224,-86313.171875
22993,TQC,env7,1767076,-89392.1015625
22994,TQC,env7,1767768,-92378.6015625
22995,TQC,env7,1768764,-94620.9296875
22996,TQC,env7,1769008,-96728.484375
22997,TQC,env7,1769864,-98742.0546875
22998,TQC,env7,1770616,-97804.859375
22999,TQC,env7,1771192,-97745.6328125
23000,TQC,env7,1771732,-97862.1015625
23001,TQC,env7,1772744,-97940.96875
23002,TQC,env7,1773524,-98014.3203125
23003,TQC,env7,1774708,-98203.7578125
23004,TQC,env7,1776044,-98198.6640625
23005,TQC,env7,1778064,-98413.7890625
23006,TQC,env7,1779636,-98401.4921875
23007,TQC,env7,1780468,-98430.4921875
23008,TQC,env7,1782516,-98553.2265625
23009,TQC,env7,1786096,-98996.203125
23010,TQC,env7,1787908,-97276.1015625
23011,TQC,env7,1791908,-95482.859375
23012,TQC,env7,1795908,-92730.6640625
23013,TQC,env7,1798796,-92792.6640625
23014,TQC,env7,1801112,-93020.5625
23015,TQC,env7,1805112,-90064.234375
23016,TQC,env7,1809112,-86437.140625
23017,TQC,env7,1811656,-86598.5390625
23018,TQC,env7,1814632,-86684.4375
23019,TQC,env7,1815560,-85840.7890625
23020,TQC,env7,1817316,-85628.3984375
23021,TQC,env7,1819504,-85538.6171875
23022,TQC,env7,1820996,-85452.4296875
23023,TQC,env7,1823332,-85253.7265625
23024,TQC,env7,1824892,-85175.875
23025,TQC,env7,1826248,-85272.078125
23026,TQC,env7,1827584,-85332.8046875
23027,TQC,env7,1831376,-85480.1015625
23028,TQC,env7,1832568,-84478.4375
23029,TQC,env7,1833724,-85528.703125
23030,TQC,env7,1835448,-85507.8984375
23031,TQC,env7,1836780,-85565.25
23032,TQC,env7,1837792,-85551.8515625
23033,TQC,env7,1839800,-85619.125
23034,TQC,env7,1842328,-83427.6015625
23035,TQC,env7,1843016,-85158.1484375
23036,TQC,env7,1844084,-85973.4609375
23037,TQC,env7,1844696,-87614.109375
23038,TQC,env7,1846092,-88357.515625
23039,TQC,env7,1847308,-86978.859375
23040,TQC,env7,1849772,-88858.5859375
23041,TQC,env7,1851908,-91427.234375
23042,TQC,env7,1854284,-91517.0859375
23043,TQC,env7,1856380,-90364.734375
23044,TQC,env7,1859284,-90575.2890625
23045,TQC,env7,1863284,-88749.6484375
23046,TQC,env7,1866816,-87758.828125
23047,TQC,env7,1868152,-86729.1171875
23048,TQC,env7,1870948,-87539.6328125
23049,TQC,env7,1874704,-85626.203125
23050,TQC,env7,1876116,-84369.3359375
23051,TQC,env7,1879952,-84293.90625
23052,TQC,env7,1882604,-83037.578125
23053,TQC,env7,1884416,-83828.9453125
23054,TQC,env7,1886540,-84014.15625
23055,TQC,env7,1888932,-83955.4765625
23056,TQC,env7,1889136,-83892.8515625
23057,TQC,env7,1889400,-83823.5546875
23058,TQC,env7,1889740,-82500.1796875
23059,TQC,env7,1890248,-84440.40625
23060,TQC,env7,1890492,-84432.7578125
23061,TQC,env7,1890948,-85427.8828125
23062,TQC,env7,1891212,-85585.03125
23063,TQC,env7,1891636,-85623.03125
23064,TQC,env7,1891980,-86727.984375
23065,TQC,env7,1892408,-87773.1796875
23066,TQC,env7,1892712,-88818.9296875
23067,TQC,env7,1893004,-88631.734375
23068,TQC,env7,1893208,-89627.8828125
23069,TQC,env7,1893448,-90159.7109375
23070,TQC,env7,1893908,-91969.5859375
23071,TQC,env7,1894252,-90636.515625
23072,TQC,env7,1894936,-91747.1171875
23073,TQC,env7,1895760,-91701.796875
23074,TQC,env7,1896068,-93654.640625
23075,TQC,env7,1896536,-94811.7109375
23076,TQC,env7,1896748,-94832.4375
23077,TQC,env7,1896884,-95842.859375
23078,TQC,env7,1897196,-96022.2578125
23079,TQC,env7,1897464,-95929.3125
23080,TQC,env7,1897744,-95908.484375
23081,TQC,env7,1897980,-95932.5625
23082,TQC,env7,1900224,-96025.15625
23083,TQC,env7,1901592,-97133.921875
23084,TQC,env7,1902420,-97121.21875
23085,TQC,env7,1902768,-97135.921875
23086,TQC,env7,1903388,-97230.7421875
23087,TQC,env7,1903596,-97256.046875
23088,TQC,env7,1903904,-97253.046875
23089,TQC,env7,1904808,-96229.9921875
23090,TQC,env7,1905992,-96227.34375
23091,TQC,env7,1906688,-96229.9453125
23092,TQC,env7,1907924,-96121.9296875
23093,TQC,env7,1908536,-96128.6328125
23094,TQC,env7,1908796,-96256.7578125
23095,TQC,env7,1909540,-96461.2109375
23096,TQC,env7,1909732,-98746.9296875
23097,TQC,env7,1909956,-98673.8359375
23098,TQC,env7,1912328,-97913.0859375
23099,TQC,env7,1912744,-98066.6875
23100,TQC,env7,1913908,-97877.5703125
23101,TQC,env7,1914316,-97588.8671875
23102,TQC,env7,1914784,-97605.1640625
23103,TQC,env7,1914944,-97597.765625
23104,TQC,env7,1915172,-97589.1640625
23105,TQC,env7,1916640,-97695.265625
23106,TQC,env7,1916924,-97668.6640625
23107,TQC,env7,1917864,-97484.3671875
23108,TQC,env7,1918480,-97605.8828125
23109,TQC,env7,1919244,-97642.1796875
23110,TQC,env7,1921660,-96506.7890625
23111,TQC,env7,1923436,-96552.4921875
23112,TQC,env7,1925660,-95373.375
23113,TQC,env7,1926464,-95302.1796875
23114,TQC,env7,1928084,-96338.1796875
23115,TQC,env7,1930344,-96555.2265625
23116,TQC,env7,1932084,-95413.0390625
23117,TQC,env7,1932412,-95434.375
23118,TQC,env7,1933548,-95406.578125
23119,TQC,env7,1934360,-95164.765625
23120,TQC,env7,1934700,-95153.171875
23121,TQC,env7,1935752,-95207.71875
23122,TQC,env7,1936024,-95074.359375
23123,TQC,env7,1936688,-95045.859375
23124,TQC,env7,1938036,-94925.4296875
23125,TQC,env7,1940024,-93017.4296875
23126,TQC,env7,1941352,-92216.828125
23127,TQC,env7,1942756,-92174.625
23128,TQC,env7,1943968,-92009.390625
23129,TQC,env7,1944492,-90969.6640625
23130,TQC,env7,1945164,-90857.3671875
23131,TQC,env7,1947968,-88432.609375
23132,TQC,env7,1948696,-88250.375
23133,TQC,env7,1948844,-86975.9296875
23134,TQC,env7,1949652,-86982.53125
23135,TQC,env7,1952228,-87656.3359375
23136,TQC,env7,1956212,-85403.109375
23137,TQC,env7,1957644,-86518.125
23138,TQC,env7,1961644,-84564.7265625
23139,TQC,env7,1964340,-82822.578125
23140,TQC,env7,1965940,-81627.40625
23141,TQC,env7,1967140,-82563.84375
23142,TQC,env7,1968380,-82535.5703125
23143,TQC,env7,1970364,-82670.0703125
23144,TQC,env7,1970984,-81854.9140625
23145,TQC,env7,1973504,-81646.0703125
23146,TQC,env7,1974368,-81692.671875
23147,TQC,env7,1975080,-80596.984375
23148,TQC,env7,1976160,-81333.5859375
23149,TQC,env7,1976652,-81388.4140625
23150,TQC,env7,1976836,-83554.2421875
23151,TQC,env7,1976984,-84690.375
23152,TQC,env7,1977112,-84636.1796875
23153,TQC,env7,1977200,-84800.2109375
23154,TQC,env7,1977324,-85838.7421875
23155,TQC,env7,1977400,-85821.140625
23156,TQC,env7,1977508,-88240.4921875
23157,TQC,env7,1977596,-88499.9296875
23158,TQC,env7,1977708,-89762.4765625
23159,TQC,env7,1977816,-89725.9765625
23160,TQC,env7,1977928,-90157.15625
23161,TQC,env7,1978028,-92341.1796875
23162,TQC,env7,1978144,-92378.984375
23163,TQC,env7,1978248,-94397.28125
23164,TQC,env7,1978384,-96112.984375
23165,TQC,env7,1978548,-97143.6484375
23166,TQC,env7,1978684,-97343.8984375
23167,TQC,env7,1978792,-97451.75
23168,TQC,env7,1978996,-97342.9453125
23169,TQC,env7,1979120,-98424.7578125
23170,TQC,env7,1979288,-98448.90625
23171,TQC,env7,1979484,-98441.703125
23172,TQC,env7,1979836,-99733.5546875
23173,TQC,env7,1981656,-100028.0
23174,TQC,env7,1983172,-98898.6875
23175,TQC,env7,1984244,-98662.484375
23176,TQC,env7,1986680,-98257.4375
23177,TQC,env7,1989108,-97625.8359375
23178,TQC,env7,1992560,-96632.484375
23179,TQC,env7,1995336,-93723.1328125
23180,TQC,env7,1998572,-92577.6796875
23181,TQC,env8,300,-100505.0
23182,TQC,env8,596,-100588.75
23183,TQC,env8,884,-98098.5390625
23184,TQC,env8,1080,-98076.09375
23185,TQC,env8,1280,-98533.375
23186,TQC,env8,1636,-98916.1484375
23187,TQC,env8,1856,-99150.265625
23188,TQC,env8,2252,-99057.109375
23189,TQC,env8,2532,-98964.9296875
23190,TQC,env8,2960,-99144.9375
23191,TQC,env8,3448,-98708.9140625
23192,TQC,env8,3656,-98823.359375
23193,TQC,env8,4092,-98967.90625
23194,TQC,env8,4556,-99127.34375
23195,TQC,env8,4916,-99096.6875
23196,TQC,env8,5320,-99199.390625
23197,TQC,env8,5812,-99309.7265625
23198,TQC,env8,6332,-99426.8203125
23199,TQC,env8,6656,-99378.140625
23200,TQC,env8,6892,-99439.734375
23201,TQC,env8,7360,-99493.671875
23202,TQC,env8,7688,-99545.4375
23203,TQC,env8,7964,-99508.953125
23204,TQC,env8,8268,-99554.203125
23205,TQC,env8,8580,-99605.3359375
23206,TQC,env8,8824,-99609.734375
23207,TQC,env8,9136,-99607.734375
23208,TQC,env8,9408,-99816.6640625
23209,TQC,env8,9872,-99924.4140625
23210,TQC,env8,10184,-99533.78125
23211,TQC,env8,10500,-99516.1796875
23212,TQC,env8,10944,-99443.53125
23213,TQC,env8,11388,-99558.4296875
23214,TQC,env8,11696,-99661.03125
23215,TQC,env8,12288,-99567.0546875
23216,TQC,env8,12544,-99763.140625
23217,TQC,env8,12936,-99768.1640625
23218,TQC,env8,13352,-99678.21875
23219,TQC,env8,13656,-99658.8203125
23220,TQC,env8,13864,-99739.21875
23221,TQC,env8,14164,-99736.6171875
23222,TQC,env8,14460,-99624.5703125
23223,TQC,env8,15308,-99401.6953125
23224,TQC,env8,15664,-99421.71875
23225,TQC,env8,16044,-99346.9921875
23226,TQC,env8,16408,-99366.890625
23227,TQC,env8,16968,-99083.5703125
23228,TQC,env8,17244,-99165.3203125
23229,TQC,env8,17628,-99166.9140625
23230,TQC,env8,17932,-99173.015625
23231,TQC,env8,18372,-99192.9140625
23232,TQC,env8,18716,-99212.015625
23233,TQC,env8,19116,-99305.8671875
23234,TQC,env8,19516,-99124.7421875
23235,TQC,env8,19876,-99441.078125
23236,TQC,env8,20308,-99260.984375
23237,TQC,env8,20580,-99333.6328125
23238,TQC,env8,20876,-99304.234375
23239,TQC,env8,21604,-99217.8359375
23240,TQC,env8,21848,-99228.609375
23241,TQC,env8,22272,-99116.359375
23242,TQC,env8,22596,-99118.0078125
23243,TQC,env8,23000,-99107.8046875
23244,TQC,env8,23404,-99002.9296875
23245,TQC,env8,23844,-98723.765625
23246,TQC,env8,24568,-98649.3203125
23247,TQC,env8,24960,-98568.7734375
23248,TQC,env8,25212,-98759.25
23249,TQC,env8,25580,-98729.5
23250,TQC,env8,25928,-98813.921875
23251,TQC,env8,26360,-98711.671875
23252,TQC,env8,26900,-99006.1015625
23253,TQC,env8,27284,-98933.296875
23254,TQC,env8,27544,-98936.3984375
23255,TQC,env8,28152,-98948.6015625
23256,TQC,env8,28680,-98743.5390625
23257,TQC,env8,29120,-98743.3359375
23258,TQC,env8,29568,-98752.3359375
23259,TQC,env8,29912,-98946.0625
23260,TQC,env8,30232,-98943.015625
23261,TQC,env8,30628,-99043.703125
23262,TQC,env8,30976,-99053.3046875
23263,TQC,env8,31412,-99068.1015625
23264,TQC,env8,31764,-99058.953125
23265,TQC,env8,32172,-99143.3515625
23266,TQC,env8,32732,-99263.5078125
23267,TQC,env8,33012,-99273.4765625
23268,TQC,env8,33688,-99285.0546875
23269,TQC,env8,34060,-99418.328125
23270,TQC,env8,34532,-99510.171875
23271,TQC,env8,35040,-99511.84375
23272,TQC,env8,35416,-99597.4140625
23273,TQC,env8,35780,-99597.515625
23274,TQC,env8,36368,-99630.2890625
23275,TQC,env8,37232,-99347.2734375
23276,TQC,env8,37704,-99263.0703125
23277,TQC,env8,38020,-99163.4921875
23278,TQC,env8,38472,-99141.9921875
23279,TQC,env8,38816,-98960.6484375
23280,TQC,env8,39272,-98849.4453125
23281,TQC,env8,39692,-98948.53125
23282,TQC,env8,40256,-98855.5859375
23283,TQC,env8,40908,-98770.8359375
23284,TQC,env8,41332,-98687.0546875
23285,TQC,env8,41676,-98683.109375
23286,TQC,env8,42192,-98599.109375
23287,TQC,env8,42864,-98509.53125
23288,TQC,env8,43284,-98525.8359375
23289,TQC,env8,43968,-98534.859375
23290,TQC,env8,44484,-98258.7421875
23291,TQC,env8,44748,-98249.0390625
23292,TQC,env8,45252,-98148.1953125
23293,TQC,env8,45872,-98052.3203125
23294,TQC,env8,46252,-97944.765625
23295,TQC,env8,46956,-97851.578125
23296,TQC,env8,47636,-97959.1484375
23297,TQC,env8,48044,-97888.7265625
23298,TQC,env8,49056,-97619.9765625
23299,TQC,env8,49600,-97420.046875
23300,TQC,env8,50004,-97721.765625
23301,TQC,env8,50592,-97802.5703125
23302,TQC,env8,51084,-97824.390625
23303,TQC,env8,52064,-97655.6328125
23304,TQC,env8,52872,-97777.984375
23305,TQC,env8,53316,-97793.4296875
23306,TQC,env8,54052,-97702.0546875
23307,TQC,env8,54544,-97611.3828125
23308,TQC,env8,55112,-97500.6015625
23309,TQC,env8,56136,-97397.171875
23310,TQC,env8,56900,-97142.3984375
23311,TQC,env8,57992,-97195.4140625
23312,TQC,env8,58828,-97066.0390625
23313,TQC,env8,60256,-96896.890625
23314,TQC,env8,61184,-96422.359375
23315,TQC,env8,61636,-96531.578125
23316,TQC,env8,62300,-96347.9765625
23317,TQC,env8,63568,-96484.7734375
23318,TQC,env8,64500,-96435.8984375
23319,TQC,env8,65228,-96362.8984375
23320,TQC,env8,66980,-96314.7734375
23321,TQC,env8,68520,-95854.4921875
23322,TQC,env8,69392,-95754.265625
23323,TQC,env8,70152,-95793.890625
23324,TQC,env8,72048,-95794.65625
23325,TQC,env8,73056,-95572.9609375
23326,TQC,env8,76008,-95231.5546875
23327,TQC,env8,77548,-93020.8828125
23328,TQC,env8,78628,-92934.71875
23329,TQC,env8,79716,-92647.09375
23330,TQC,env8,81100,-92277.28125
23331,TQC,env8,82540,-91984.7578125
23332,TQC,env8,85140,-91921.5546875
23333,TQC,env8,86412,-89716.6484375
23334,TQC,env8,88060,-89519.8984375
23335,TQC,env8,89684,-89323.984375
23336,TQC,env8,92060,-87173.015625
23337,TQC,env8,95876,-85981.046875
23338,TQC,env8,98028,-84512.2734375
23339,TQC,env8,100072,-84533.484375
23340,TQC,env8,101200,-84571.5859375
23341,TQC,env8,104536,-84205.671875
23342,TQC,env8,107176,-82678.015625
23343,TQC,env8,108548,-80392.0078125
23344,TQC,env8,110496,-80081.6640625
23345,TQC,env8,112048,-79058.359375
23346,TQC,env8,114664,-78217.0390625
23347,TQC,env8,116160,-77936.1015625
23348,TQC,env8,119216,-76757.265625
23349,TQC,env8,121292,-75401.5546875
23350,TQC,env8,124040,-72991.4140625
23351,TQC,env8,125448,-73199.5546875
23352,TQC,env8,128972,-73927.8515625
23353,TQC,env8,130292,-71720.1484375
23354,TQC,env8,131816,-71719.125
23355,TQC,env8,133872,-71618.78125
23356,TQC,env8,137868,-69802.6171875
23357,TQC,env8,139464,-67635.078125
23358,TQC,env8,141904,-69572.9765625
23359,TQC,env8,144384,-69423.578125
23360,TQC,env8,146932,-68419.484375
23361,TQC,env8,148384,-68384.8515625
23362,TQC,env8,150824,-69328.1171875
23363,TQC,env8,152008,-69588.8203125
23364,TQC,env8,153312,-69541.4921875
23365,TQC,env8,156256,-68216.9921875
23366,TQC,env8,158364,-68293.453125
23367,TQC,env8,161020,-69424.6015625
23368,TQC,env8,162988,-71499.9140625
23369,TQC,env8,164324,-71477.78125
23370,TQC,env8,166580,-71475.484375
23371,TQC,env8,168684,-71303.7265625
23372,TQC,env8,170420,-71484.515625
23373,TQC,env8,172304,-72429.5234375
23374,TQC,env8,175348,-72727.2734375
23375,TQC,env8,177636,-73892.03125
23376,TQC,env8,180336,-73672.0859375
23377,TQC,env8,182468,-74881.015625
23378,TQC,env8,184896,-76994.84375
23379,TQC,env8,186608,-76786.859375
23380,TQC,env8,188276,-76966.734375
23381,TQC,env8,190748,-78899.078125
23382,TQC,env8,191780,-81119.84375
23383,TQC,env8,192624,-81399.5859375
23384,TQC,env8,193656,-81629.234375
23385,TQC,env8,194436,-82800.046875
23386,TQC,env8,195616,-84910.609375
23387,TQC,env8,196276,-85025.0390625
23388,TQC,env8,197992,-85900.6640625
23389,TQC,env8,200040,-85030.1484375
23390,TQC,env8,203200,-85263.5
23391,TQC,env8,204564,-83175.2890625
23392,TQC,env8,205792,-83332.8984375
23393,TQC,env8,206360,-83689.1640625
23394,TQC,env8,208156,-82822.0390625
23395,TQC,env8,209052,-84007.46875
23396,TQC,env8,211156,-84982.640625
23397,TQC,env8,211828,-85078.09375
23398,TQC,env8,212728,-85149.140625
23399,TQC,env8,215612,-86166.8515625
23400,TQC,env8,218556,-86269.1796875
23401,TQC,env8,220204,-85373.3671875
23402,TQC,env8,221936,-85330.8671875
23403,TQC,env8,223784,-84408.4921875
23404,TQC,env8,225476,-84589.421875
23405,TQC,env8,226676,-84581.796875
23406,TQC,env8,227340,-84657.2734375
23407,TQC,env8,228420,-84462.7265625
23408,TQC,env8,229840,-84276.3984375
23409,TQC,env8,232512,-83386.328125
23410,TQC,env8,233288,-83375.9609375
23411,TQC,env8,234664,-83482.484375
23412,TQC,env8,236136,-82629.625
23413,TQC,env8,236528,-83099.7265625
23414,TQC,env8,236948,-84365.34375
23415,TQC,env8,237800,-85505.2890625
23416,TQC,env8,239528,-87937.125
23417,TQC,env8,240568,-88081.3984375
23418,TQC,env8,241240,-87901.703125
23419,TQC,env8,242064,-88957.3515625
23420,TQC,env8,242956,-88844.078125
23421,TQC,env8,243744,-88037.2109375
23422,TQC,env8,245236,-88313.484375
23423,TQC,env8,246248,-87463.0859375
23424,TQC,env8,247572,-86502.6171875
23425,TQC,env8,248152,-87669.890625
23426,TQC,env8,248856,-88845.21875
23427,TQC,env8,251056,-89161.1640625
23428,TQC,env8,252856,-88312.8203125
23429,TQC,env8,253312,-88706.9140625
23430,TQC,env8,254172,-88898.46875
23431,TQC,env8,255316,-89154.2890625
23432,TQC,env8,256776,-89360.5390625
23433,TQC,env8,258944,-89563.3671875
23434,TQC,env8,259904,-89731.703125
23435,TQC,env8,262292,-90121.40625
23436,TQC,env8,262752,-90334.3046875
23437,TQC,env8,264244,-91610.3828125
23438,TQC,env8,264528,-91566.65625
23439,TQC,env8,264964,-91767.4296875
23440,TQC,env8,265480,-91843.734375
23441,TQC,env8,265732,-91987.859375
23442,TQC,env8,266252,-92138.9609375
23443,TQC,env8,267280,-92326.984375
23444,TQC,env8,267604,-92639.984375
23445,TQC,env8,268500,-92976.28125
23446,TQC,env8,269208,-94178.3359375
23447,TQC,env8,270004,-94186.1328125
23448,TQC,env8,270780,-95243.671875
23449,TQC,env8,272064,-96567.421875
23450,TQC,env8,273068,-96839.703125
23451,TQC,env8,273932,-97094.25
23452,TQC,env8,274392,-97075.5
23453,TQC,env8,275488,-99213.453125
23454,TQC,env8,276008,-99248.3515625
23455,TQC,env8,276280,-99350.078125
23456,TQC,env8,276876,-99388.2734375
23457,TQC,env8,277596,-99575.2734375
23458,TQC,env8,278404,-99583.7265625
23459,TQC,env8,279472,-100427.09375
23460,TQC,env8,279984,-100366.34375
23461,TQC,env8,280952,-100290.2421875
23462,TQC,env8,281668,-100168.84375
23463,TQC,env8,281952,-100136.9921875
23464,TQC,env8,282264,-100146.6953125
23465,TQC,env8,282860,-100150.1953125
23466,TQC,env8,283700,-100137.09375
23467,TQC,env8,284944,-100232.6953125
23468,TQC,env8,286188,-100384.515625
23469,TQC,env8,286700,-100386.21875
23470,TQC,env8,287416,-100256.1171875
23471,TQC,env8,287928,-99307.9140625
23472,TQC,env8,289292,-99321.21875
23473,TQC,env8,290188,-99618.4765625
23474,TQC,env8,290880,-99632.171875
23475,TQC,env8,291480,-99531.7734375
23476,TQC,env8,292500,-99507.078125
23477,TQC,env8,293728,-99704.4765625
23478,TQC,env8,294608,-99850.453125
23479,TQC,env8,295144,-99831.953125
23480,TQC,env8,295564,-99918.328125
23481,TQC,env8,295800,-99932.328125
23482,TQC,env8,296160,-99902.5234375
23483,TQC,env8,296684,-100046.671875
23484,TQC,env8,297008,-100220.75
23485,TQC,env8,297272,-100301.921875
23486,TQC,env8,297764,-100270.5234375
23487,TQC,env8,298524,-100360.625
23488,TQC,env8,299416,-100482.796875
23489,TQC,env8,300372,-100533.703125
23490,TQC,env8,302756,-99568.546875
23491,TQC,env8,303232,-99539.1484375
23492,TQC,env8,304096,-99429.25
23493,TQC,env8,304312,-99241.75
23494,TQC,env8,304428,-98315.25
23495,TQC,env8,304516,-98428.1484375
23496,TQC,env8,304608,-99426.1484375
23497,TQC,env8,304720,-99374.953125
23498,TQC,env8,304992,-99256.25
23499,TQC,env8,305200,-99180.75
23500,TQC,env8,305404,-99173.8515625
23501,TQC,env8,305664,-99050.046875
23502,TQC,env8,305852,-98988.3515625
23503,TQC,env8,306728,-98932.546875
23504,TQC,env8,307076,-98916.1484375
23505,TQC,env8,307872,-98955.453125
23506,TQC,env8,309508,-99012.546875
23507,TQC,env8,309916,-99013.3515625
23508,TQC,env8,310316,-98933.3984375
23509,TQC,env8,311196,-98855.9765625
23510,TQC,env8,311508,-98825.671875
23511,TQC,env8,311904,-98823.4765625
23512,TQC,env8,312784,-98799.9765625
23513,TQC,env8,313412,-98793.671875
23514,TQC,env8,314032,-98659.875
23515,TQC,env8,314984,-99538.1484375
23516,TQC,env8,315552,-99509.75
23517,TQC,env8,316144,-99452.828125
23518,TQC,env8,316980,-99596.2265625
23519,TQC,env8,317420,-100531.2265625
23520,TQC,env8,317824,-100501.5234375
23521,TQC,env8,318532,-100538.0234375
23522,TQC,env8,319024,-100568.921875
23523,TQC,env8,319840,-100604.2265625
23524,TQC,env8,320512,-100641.921875
23525,TQC,env8,321052,-99625.296875
23526,TQC,env8,321580,-99649.796875
23527,TQC,env8,322916,-99594.625
23528,TQC,env8,323496,-99650.625
23529,TQC,env8,324308,-99477.046875
23530,TQC,env8,325216,-99485.546875
23531,TQC,env8,326032,-99479.546875
23532,TQC,env8,327312,-99543.453125
23533,TQC,env8,329532,-99734.796875
23534,TQC,env8,331524,-99926.453125
23535,TQC,env8,333232,-99968.046875
23536,TQC,env8,333920,-98170.25
23537,TQC,env8,334716,-98183.8515625
23538,TQC,env8,335132,-98168.546875
23539,TQC,env8,335480,-98232.546875
23540,TQC,env8,336096,-98318.828125
23541,TQC,env8,336620,-98369.5234375
23542,TQC,env8,337100,-98444.75
23543,TQC,env8,337924,-97505.546875
23544,TQC,env8,338492,-97507.046875
23545,TQC,env8,338948,-97459.5
23546,TQC,env8,339516,-97446.796875
23547,TQC,env8,340000,-97249.2734375
23548,TQC,env8,340456,-97248.875
23549,TQC,env8,341428,-97257.671875
23550,TQC,env8,341848,-98303.296875
23551,TQC,env8,342368,-98194.125
23552,TQC,env8,343940,-98104.078125
23553,TQC,env8,344960,-98032.7265625
23554,TQC,env8,346056,-98114.171875
23555,TQC,env8,346700,-97911.375
23556,TQC,env8,347228,-97553.2734375
23557,TQC,env8,348160,-97333.25
23558,TQC,env8,349292,-97186.75
23559,TQC,env8,350712,-97002.375
23560,TQC,env8,351588,-96843.4765625
23561,TQC,env8,352260,-98680.078125
23562,TQC,env8,353800,-98608.578125
23563,TQC,env8,354648,-98535.421875
23564,TQC,env8,356032,-97392.6015625
23565,TQC,env8,356764,-97347.1015625
23566,TQC,env8,357284,-97274.875
23567,TQC,env8,357768,-97185.2265625
23568,TQC,env8,358648,-98126.5234375
23569,TQC,env8,359160,-98139.5234375
23570,TQC,env8,359764,-98206.375
23571,TQC,env8,360148,-98220.078125
23572,TQC,env8,360556,-98403.296875
23573,TQC,env8,360908,-98385.203125
23574,TQC,env8,361152,-98271.6015625
23575,TQC,env8,361404,-98246.0
23576,TQC,env8,361624,-98333.4765625
23577,TQC,env8,361832,-98474.5
23578,TQC,env8,362128,-98472.3515625
23579,TQC,env8,362408,-98545.4765625
23580,TQC,env8,362932,-98693.9765625
23581,TQC,env8,363168,-98979.375
23582,TQC,env8,363416,-99142.703125
23583,TQC,env8,363780,-99185.1015625
23584,TQC,env8,364220,-99154.125
23585,TQC,env8,364788,-99063.1484375
23586,TQC,env8,365612,-98945.296875
23587,TQC,env8,366232,-98592.6015625
23588,TQC,env8,367484,-98249.7265625
23589,TQC,env8,367888,-98996.671875
23590,TQC,env8,369240,-98769.953125
23591,TQC,env8,369956,-98443.453125
23592,TQC,env8,370700,-98121.5
23593,TQC,env8,371512,-97775.0234375
23594,TQC,env8,372276,-97351.296875
23595,TQC,env8,372876,-97028.2265625
23596,TQC,env8,373448,-96717.75
23597,TQC,env8,374088,-96315.953125
23598,TQC,env8,375112,-96019.671875
23599,TQC,env8,375928,-95697.078125
23600,TQC,env8,376628,-95760.2734375
23601,TQC,env8,377192,-95457.8984375
23602,TQC,env8,377588,-95474.296875
23603,TQC,env8,378636,-95096.0
23604,TQC,env8,380804,-93827.078125
23605,TQC,env8,381676,-93623.875
23606,TQC,env8,382636,-92433.171875
23607,TQC,env8,383112,-91390.296875
23608,TQC,env8,383492,-91290.7265625
23609,TQC,env8,383712,-91178.5
23610,TQC,env8,383988,-91167.1015625
23611,TQC,env8,384432,-90943.296875
23612,TQC,env8,385196,-91033.7265625
23613,TQC,env8,385784,-91325.421875
23614,TQC,env8,386104,-91740.5
23615,TQC,env8,386452,-91704.703125
23616,TQC,env8,386644,-91885.3515625
23617,TQC,env8,386820,-92073.125
23618,TQC,env8,386988,-92364.703125
23619,TQC,env8,387172,-92749.625
23620,TQC,env8,387332,-92934.2734375
23621,TQC,env8,387548,-93217.046875
23622,TQC,env8,387704,-93509.453125
23623,TQC,env8,388004,-93689.2265625
23624,TQC,env8,388528,-93674.546875
23625,TQC,env8,388984,-93307.875
23626,TQC,env8,389260,-93507.828125
23627,TQC,env8,389528,-93286.203125
23628,TQC,env8,389728,-93476.6015625
23629,TQC,env8,389896,-94432.828125
23630,TQC,env8,390160,-94622.625
23631,TQC,env8,390476,-95601.046875
23632,TQC,env8,390940,-96536.1484375
23633,TQC,env8,391300,-96438.3984375
23634,TQC,env8,391480,-96534.0234375
23635,TQC,env8,391696,-96436.6015625
23636,TQC,env8,391872,-96635.921875
23637,TQC,env8,392036,-96824.2265625
23638,TQC,env8,392276,-96818.0234375
23639,TQC,env8,392584,-96585.7734375
23640,TQC,env8,392756,-96872.1015625
23641,TQC,env8,392920,-97084.2734375
23642,TQC,env8,393064,-97182.375
23643,TQC,env8,393220,-97178.671875
23644,TQC,env8,393356,-97175.671875
23645,TQC,env8,393500,-97274.296875
23646,TQC,env8,393676,-97272.6015625
23647,TQC,env8,393836,-97371.296875
23648,TQC,env8,394020,-97272.9765625
23649,TQC,env8,394196,-97669.25
23650,TQC,env8,394368,-97763.921875
23651,TQC,env8,394496,-97557.7265625
23652,TQC,env8,394656,-97655.2734375
23653,TQC,env8,394800,-97730.125
23654,TQC,env8,395016,-97828.1015625
23655,TQC,env8,395176,-97826.703125
23656,TQC,env8,395332,-97921.375
23657,TQC,env8,395492,-98017.953125
23658,TQC,env8,395648,-98199.7734375
23659,TQC,env8,395800,-98300.203125
23660,TQC,env8,395964,-98594.796875
23661,TQC,env8,396136,-98595.125
23662,TQC,env8,396308,-98696.296875
23663,TQC,env8,396480,-98797.2265625
23664,TQC,env8,396648,-98995.078125
23665,TQC,env8,396824,-98997.671875
23666,TQC,env8,396996,-98986.875
23667,TQC,env8,397432,-99095.296875
23668,TQC,env8,398724,-99161.796875
23669,TQC,env8,399364,-99247.5
23670,TQC,env8,400016,-99313.6015625
23671,TQC,env8,401260,-99382.796875
23672,TQC,env8,402268,-99474.5
23673,TQC,env8,403400,-99644.171875
23674,TQC,env8,404336,-99685.2734375
23675,TQC,env8,405296,-99743.578125
23676,TQC,env8,406048,-100145.3984375
23677,TQC,env8,406720,-100211.7734375
23678,TQC,env8,407348,-100229.4765625
23679,TQC,env8,407848,-100380.6015625
23680,TQC,env8,408304,-99988.546875
23681,TQC,env8,408724,-99893.421875
23682,TQC,env8,409360,-99809.5234375
23683,TQC,env8,410132,-99793.7265625
23684,TQC,env8,410652,-99521.7734375
23685,TQC,env8,411424,-99572.4765625
23686,TQC,env8,411952,-99533.125
23687,TQC,env8,412552,-99348.625
23688,TQC,env8,412932,-99188.421875
23689,TQC,env8,413416,-99215.328125
23690,TQC,env8,413680,-99134.828125
23691,TQC,env8,414712,-98867.625
23692,TQC,env8,414928,-98803.7734375
23693,TQC,env8,415348,-98540.75
23694,TQC,env8,415800,-98265.796875
23695,TQC,env8,416712,-98288.5
23696,TQC,env8,417188,-98058.1484375
23697,TQC,env8,417796,-97894.828125
23698,TQC,env8,418236,-97963.578125
23699,TQC,env8,418604,-97721.5234375
23700,TQC,env8,419164,-97578.9765625
23701,TQC,env8,419568,-97297.6484375
23702,TQC,env8,419860,-96950.296875
23703,TQC,env8,420284,-96725.9296875
23704,TQC,env8,420912,-96489.3046875
23705,TQC,env8,421472,-95521.0078125
23706,TQC,env8,421900,-95518.1796875
23707,TQC,env8,422184,-95309.109375
23708,TQC,env8,422480,-94632.1953125
23709,TQC,env8,423060,-94511.8671875
23710,TQC,env8,424168,-93975.5078125
23711,TQC,env8,425028,-93863.3359375
23712,TQC,env8,425496,-93657.953125
23713,TQC,env8,426288,-93637.703125
23714,TQC,env8,426680,-93335.234375
23715,TQC,env8,427256,-93146.03125
23716,TQC,env8,427624,-93326.0078125
23717,TQC,env8,427924,-93098.65625
23718,TQC,env8,428276,-93203.7578125
23719,TQC,env8,428456,-93396.0078125
23720,TQC,env8,428720,-93307.7109375
23721,TQC,env8,428968,-93499.0546875
23722,TQC,env8,429136,-93578.6796875
23723,TQC,env8,429364,-93544.0859375
23724,TQC,env8,429496,-93741.9296875
23725,TQC,env8,429772,-93932.2109375
23726,TQC,env8,430024,-93918.6328125
23727,TQC,env8,430444,-94228.7578125
23728,TQC,env8,431032,-94450.25
23729,TQC,env8,431508,-94550.75
23730,TQC,env8,432044,-95936.703125
23731,TQC,env8,432800,-95959.453125
23732,TQC,env8,433004,-96178.3984375
23733,TQC,env8,433612,-96794.8671875
23734,TQC,env8,433952,-97192.4453125
23735,TQC,env8,434144,-97587.3515625
23736,TQC,env8,434384,-97840.671875
23737,TQC,env8,434528,-98226.15625
23738,TQC,env8,434736,-98402.2109375
23739,TQC,env8,434888,-98674.4765625
23740,TQC,env8,435060,-98939.171875
23741,TQC,env8,435244,-99022.1015625
23742,TQC,env8,435588,-99309.703125
23743,TQC,env8,435744,-99406.2265625
23744,TQC,env8,435964,-99404.125
23745,TQC,env8,436160,-99403.328125
23746,TQC,env8,436448,-99370.5234375
23747,TQC,env8,436688,-99372.7265625
23748,TQC,env8,436868,-99365.625
23749,TQC,env8,437128,-99365.921875
23750,TQC,env8,437304,-98556.3984375
23751,TQC,env8,437468,-98653.546875
23752,TQC,env8,437676,-98745.671875
23753,TQC,env8,437924,-98819.796875
23754,TQC,env8,438068,-99004.5234375
23755,TQC,env8,438284,-98992.125
23756,TQC,env8,438656,-99187.328125
23757,TQC,env8,438908,-99272.6484375
23758,TQC,env8,439056,-99352.6015625
23759,TQC,env8,439208,-99346.703125
23760,TQC,env8,439468,-99341.328125
23761,TQC,env8,439768,-99340.125
23762,TQC,env8,440000,-99346.625
23763,TQC,env8,440208,-99354.125
23764,TQC,env8,440428,-99385.2265625
23765,TQC,env8,440604,-99389.7265625
23766,TQC,env8,440828,-99395.828125
23767,TQC,env8,441060,-99398.125
23768,TQC,env8,441316,-99305.25
23769,TQC,env8,441492,-99309.453125
23770,TQC,env8,441932,-99316.046875
23771,TQC,env8,442256,-99338.453125
23772,TQC,env8,442496,-99330.25
23773,TQC,env8,442684,-99333.3515625
23774,TQC,env8,442924,-99333.8515625
23775,TQC,env8,443180,-100240.546875
23776,TQC,env8,443412,-100339.0
23777,TQC,env8,443636,-100337.0
23778,TQC,env8,443936,-100232.75
23779,TQC,env8,444292,-100235.546875
23780,TQC,env8,444608,-100221.8515625
23781,TQC,env8,444892,-100011.46875
23782,TQC,env8,445080,-100000.46875
23783,TQC,env8,445288,-99998.2734375
23784,TQC,env8,445532,-99999.671875
23785,TQC,env8,445760,-99995.59375
23786,TQC,env8,445964,-99995.6953125
23787,TQC,env8,446204,-99991.796875
23788,TQC,env8,446344,-99984.09375
23789,TQC,env8,446588,-99755.8203125
23790,TQC,env8,446728,-99552.59375
23791,TQC,env8,446860,-99442.5703125
23792,TQC,env8,446940,-99428.3671875
23793,TQC,env8,447040,-99509.9453125
23794,TQC,env8,447232,-99400.34375
23795,TQC,env8,447320,-99390.34375
23796,TQC,env8,447504,-98463.046875
23797,TQC,env8,447600,-98456.2421875
23798,TQC,env8,447684,-98350.2421875
23799,TQC,env8,447756,-98343.2421875
23800,TQC,env8,447924,-98332.84375
23801,TQC,env8,448108,-98132.84375
23802,TQC,env8,448308,-98133.7421875
23803,TQC,env8,448452,-98137.6953125
23804,TQC,env8,448568,-98134.9921875
23805,TQC,env8,448732,-98134.6953125
23806,TQC,env8,448948,-98328.578125
23807,TQC,env8,449024,-98324.875
23808,TQC,env8,449120,-98320.171875
23809,TQC,env8,449320,-98322.671875
23810,TQC,env8,449504,-98224.4765625
23811,TQC,env8,449684,-98221.875
23812,TQC,env8,449864,-98221.171875
23813,TQC,env8,450032,-98227.078125
23814,TQC,env8,450152,-98425.546875
23815,TQC,env8,450284,-98623.7734375
23816,TQC,env8,450476,-98733.703125
23817,TQC,env8,450688,-98748.796875
23818,TQC,env8,450856,-98760.3984375
23819,TQC,env8,451016,-98865.6015625
23820,TQC,env8,451244,-98874.6015625
23821,TQC,env8,451424,-99781.703125
23822,TQC,env8,451588,-99786.3984375
23823,TQC,env8,451756,-99891.5
23824,TQC,env8,451896,-99898.3984375
23825,TQC,env8,452052,-99905.3984375
23826,TQC,env8,452216,-100104.796875
23827,TQC,env8,452360,-100103.6015625
23828,TQC,env8,452508,-100200.1015625
23829,TQC,env8,452684,-100200.203125
23830,TQC,env8,452828,-100200.1015625
23831,TQC,env8,452976,-100196.3984375
23832,TQC,env8,453120,-100197.703125
23833,TQC,env8,453280,-100201.1015625
23834,TQC,env8,453444,-100198.0
23835,TQC,env8,453604,-100396.5
23836,TQC,env8,453768,-100397.796875
23837,TQC,env8,453944,-100402.703125
23838,TQC,env8,454136,-100403.1015625
23839,TQC,env8,454356,-100409.703125
23840,TQC,env8,454544,-100417.0
23841,TQC,env8,454724,-100415.0
23842,TQC,env8,454880,-100408.703125
23843,TQC,env8,455028,-100404.6015625
23844,TQC,env8,455188,-100404.296875
23845,TQC,env8,455344,-100399.703125
23846,TQC,env8,455504,-100398.8984375
23847,TQC,env8,455656,-100398.0
23848,TQC,env8,455816,-100397.6015625
23849,TQC,env8,456184,-100401.3984375
23850,TQC,env8,456372,-100309.7265625
23851,TQC,env8,456712,-100311.328125
23852,TQC,env8,457048,-100310.921875
23853,TQC,env8,457356,-100126.2265625
23854,TQC,env8,457680,-100162.625
23855,TQC,env8,457912,-100162.625
23856,TQC,env8,458144,-100162.921875
23857,TQC,env8,458312,-100163.2265625
23858,TQC,env8,458528,-100164.328125
23859,TQC,env8,458740,-100196.828125
23860,TQC,env8,458888,-100194.625
23861,TQC,env8,459036,-100193.125
23862,TQC,env8,459192,-100189.625
23863,TQC,env8,459348,-100186.328125
23864,TQC,env8,459500,-100181.0234375
23865,TQC,env8,459652,-100177.2265625
23866,TQC,env8,459804,-100175.0234375
23867,TQC,env8,459948,-100173.921875
23868,TQC,env8,460100,-100174.0234375
23869,TQC,env8,460248,-100172.5234375
23870,TQC,env8,460400,-100172.625
23871,TQC,env8,460552,-100171.625
23872,TQC,env8,460712,-100172.0234375
23873,TQC,env8,460852,-100170.7265625
23874,TQC,env8,461000,-100166.7265625
23875,TQC,env8,461156,-100259.203125
23876,TQC,env8,461308,-100256.5
23877,TQC,env8,461456,-100254.796875
23878,TQC,env8,461604,-100439.3984375
23879,TQC,env8,461748,-100403.796875
23880,TQC,env8,461900,-100402.5
23881,TQC,env8,462060,-100403.703125
23882,TQC,env8,462224,-100404.6015625
23883,TQC,env8,462448,-100410.296875
23884,TQC,env8,462644,-100383.8984375
23885,TQC,env8,462824,-100386.6015625
23886,TQC,env8,463000,-100388.6015625
23887,TQC,env8,463156,-100389.703125
23888,TQC,env8,463336,-100390.8984375
23889,TQC,env8,463512,-100392.796875
23890,TQC,env8,463664,-100392.703125
23891,TQC,env8,463832,-100393.703125
23892,TQC,env8,464044,-100398.3984375
23893,TQC,env8,464240,-100402.3984375
23894,TQC,env8,464424,-100407.6015625
23895,TQC,env8,464620,-100411.6015625
23896,TQC,env8,464792,-100415.5
23897,TQC,env8,464964,-100417.3984375
23898,TQC,env8,465152,-100421.296875
23899,TQC,env8,465360,-100425.5
23900,TQC,env8,465544,-100429.703125
23901,TQC,env8,465740,-100434.1015625
23902,TQC,env8,465936,-100438.703125
23903,TQC,env8,466140,-100444.0
23904,TQC,env8,466360,-100450.5
23905,TQC,env8,466580,-100456.3984375
23906,TQC,env8,466792,-100461.796875
23907,TQC,env8,467024,-100467.8984375
23908,TQC,env8,467240,-100469.1015625
23909,TQC,env8,467472,-100469.6015625
23910,TQC,env8,467716,-100474.6015625
23911,TQC,env8,467932,-100483.1015625
23912,TQC,env8,468184,-100490.5
23913,TQC,env8,468420,-100496.5
23914,TQC,env8,468736,-100509.6015625
23915,TQC,env8,469012,-100521.6015625
23916,TQC,env8,469276,-100531.5
23917,TQC,env8,469560,-100538.796875
23918,TQC,env8,469824,-100545.8984375
23919,TQC,env8,470100,-100554.6015625
23920,TQC,env8,470396,-100564.796875
23921,TQC,env8,470844,-100475.375
23922,TQC,env8,471256,-100487.671875
23923,TQC,env8,472212,-100503.671875
23924,TQC,env8,473156,-100612.2734375
23925,TQC,env8,473892,-100593.046875
23926,TQC,env8,474452,-100620.953125
23927,TQC,env8,475500,-100545.953125
23928,TQC,env8,475972,-100405.7109375
23929,TQC,env8,476444,-100426.4140625
23930,TQC,env8,477152,-100502.8125
23931,TQC,env8,477540,-100420.359375
23932,TQC,env8,477932,-100438.9609375
23933,TQC,env8,478456,-100458.1640625
23934,TQC,env8,479000,-100479.0625
23935,TQC,env8,479864,-100416.359375
23936,TQC,env8,480880,-100443.859375
23937,TQC,env8,481944,-100308.234375
23938,TQC,env8,483136,-100271.7890625
23939,TQC,env8,484012,-100144.2109375
23940,TQC,env8,485180,-99877.3359375
23941,TQC,env8,486788,-99817.7890625
23942,TQC,env8,487612,-98895.4609375
23943,TQC,env8,489856,-98636.4140625
23944,TQC,env8,490364,-98579.5859375
23945,TQC,env8,493296,-97780.484375
23946,TQC,env8,497296,-96207.3125
23947,TQC,env8,501296,-92577.9140625
23948,TQC,env8,502992,-90765.609375
23949,TQC,env8,503400,-89766.8125
23950,TQC,env8,504344,-89827.3359375
23951,TQC,env8,505152,-89838.9375
23952,TQC,env8,505580,-89037.3359375
23953,TQC,env8,507240,-89258.078125
23954,TQC,env8,509580,-88423.375
23955,TQC,env8,510608,-88438.078125
23956,TQC,env8,511192,-88546.7265625
23957,TQC,env8,511604,-87636.921875
23958,TQC,env8,512112,-87644.2265625
23959,TQC,env8,512508,-87642.125
23960,TQC,env8,512916,-87722.2265625
23961,TQC,env8,514172,-87743.0234375
23962,TQC,env8,515036,-87991.3515625
23963,TQC,env8,516136,-88124.8984375
23964,TQC,env8,520084,-87424.4765625
23965,TQC,env8,520972,-86904.3515625
23966,TQC,env8,522672,-87096.703125
23967,TQC,env8,523268,-88100.125
23968,TQC,env8,523724,-88380.078125
23969,TQC,env8,524372,-88460.3984375
23970,TQC,env8,524828,-89226.0
23971,TQC,env8,526140,-90913.75
23972,TQC,env8,526524,-94598.046875
23973,TQC,env8,526808,-96402.6484375
23974,TQC,env8,527052,-97299.8515625
23975,TQC,env8,527300,-97263.1484375
23976,TQC,env8,527556,-97229.546875
23977,TQC,env8,527788,-98110.453125
23978,TQC,env8,528032,-98033.1484375
23979,TQC,env8,528296,-98850.75
23980,TQC,env8,528580,-98769.8515625
23981,TQC,env8,528896,-98749.6484375
23982,TQC,env8,529132,-99646.25
23983,TQC,env8,529528,-99631.453125
23984,TQC,env8,529784,-99624.8515625
23985,TQC,env8,530140,-99618.546875
23986,TQC,env8,530488,-99574.6484375
23987,TQC,env8,530712,-99466.1484375
23988,TQC,env8,530932,-99368.75
23989,TQC,env8,531152,-100188.8515625
23990,TQC,env8,531368,-100969.75
23991,TQC,env8,531588,-100833.046875
23992,TQC,env8,531816,-100747.546875
23993,TQC,env8,532032,-100717.453125
23994,TQC,env8,532248,-100690.546875
23995,TQC,env8,532460,-100670.953125
23996,TQC,env8,532672,-100692.796875
23997,TQC,env8,532880,-100629.1015625
23998,TQC,env8,533080,-100622.3984375
23999,TQC,env8,533272,-100616.203125
24000,TQC,env8,533472,-100611.203125
24001,TQC,env8,533668,-100606.0
24002,TQC,env8,533864,-100601.6015625
24003,TQC,env8,534072,-100597.296875
24004,TQC,env8,534276,-100592.1015625
24005,TQC,env8,534464,-100582.203125
24006,TQC,env8,534664,-100574.796875
24007,TQC,env8,534864,-100567.3984375
24008,TQC,env8,535060,-100552.296875
24009,TQC,env8,535256,-100537.6015625
24010,TQC,env8,535476,-100525.6015625
24011,TQC,env8,535680,-100516.5
24012,TQC,env8,535892,-100508.1015625
24013,TQC,env8,536084,-100506.1015625
24014,TQC,env8,536312,-100504.203125
24015,TQC,env8,536532,-100505.3984375
24016,TQC,env8,536736,-100505.0
24017,TQC,env8,536948,-100503.5
24018,TQC,env8,537176,-100508.703125
24019,TQC,env8,537520,-100513.796875
24020,TQC,env8,537868,-100526.5
24021,TQC,env8,538216,-100540.8984375
24022,TQC,env8,538444,-100548.0
24023,TQC,env8,538756,-100555.703125
24024,TQC,env8,539256,-100565.203125
24025,TQC,env8,539652,-100589.703125
24026,TQC,env8,539992,-100623.5
24027,TQC,env8,540700,-100534.703125
24028,TQC,env8,541012,-100547.8984375
24029,TQC,env8,541432,-100560.1015625
24030,TQC,env8,541892,-100573.796875
24031,TQC,env8,542380,-100589.5
24032,TQC,env8,542780,-100671.5
24033,TQC,env8,543148,-100681.6015625
24034,TQC,env8,543456,-100697.1015625
24035,TQC,env8,543832,-100707.3984375
24036,TQC,env8,544164,-100728.3984375
24037,TQC,env8,544496,-100742.6015625
24038,TQC,env8,544816,-100755.6015625
24039,TQC,env8,545248,-100768.1015625
24040,TQC,env8,545472,-100779.8984375
24041,TQC,env8,545736,-100787.3984375
24042,TQC,env8,545892,-100786.0
24043,TQC,env8,546408,-100801.6015625
24044,TQC,env8,546924,-100805.5
24045,TQC,env8,549092,-100858.296875
24046,TQC,env8,550148,-100964.5
24047,TQC,env8,550716,-100085.6015625
24048,TQC,env8,551632,-100109.0
24049,TQC,env8,552584,-100144.796875
24050,TQC,env8,553524,-100150.3984375
24051,TQC,env8,554204,-99287.8984375
24052,TQC,env8,554896,-99419.1015625
24053,TQC,env8,555500,-99419.203125
24054,TQC,env8,556040,-99466.796875
24055,TQC,env8,556252,-99483.0
24056,TQC,env8,556784,-99485.296875
24057,TQC,env8,556996,-99422.3984375
24058,TQC,env8,557396,-99421.296875
24059,TQC,env8,557836,-99425.0
24060,TQC,env8,558148,-99423.5
24061,TQC,env8,558352,-99417.796875
24062,TQC,env8,558812,-99412.3984375
24063,TQC,env8,559120,-99412.6015625
24064,TQC,env8,559348,-99411.203125
24065,TQC,env8,559588,-99400.796875
24066,TQC,env8,559904,-99401.8984375
24067,TQC,env8,560324,-99418.8984375
24068,TQC,env8,560616,-99412.8984375
24069,TQC,env8,561168,-99426.203125
24070,TQC,env8,561432,-99362.8984375
24071,TQC,env8,561652,-99262.6015625
24072,TQC,env8,561940,-100141.703125
24073,TQC,env8,562316,-100116.1015625
24074,TQC,env8,562616,-100088.203125
24075,TQC,env8,562856,-100067.6015625
24076,TQC,env8,563088,-100898.6015625
24077,TQC,env8,563340,-100858.796875
24078,TQC,env8,563644,-100848.5
24079,TQC,env8,563940,-100805.703125
24080,TQC,env8,564236,-100778.203125
24081,TQC,env8,564532,-100766.3984375
24082,TQC,env8,564824,-100767.296875
24083,TQC,env8,565264,-100767.296875
24084,TQC,env8,565492,-100764.0
24085,TQC,env8,565724,-100756.796875
24086,TQC,env8,565972,-100744.5
24087,TQC,env8,566212,-100739.703125
24088,TQC,env8,566420,-100731.703125
24089,TQC,env8,566692,-100721.203125
24090,TQC,env8,566976,-100727.0
24091,TQC,env8,567324,-100723.703125
24092,TQC,env8,567648,-100722.0
24093,TQC,env8,567952,-100722.296875
24094,TQC,env8,568412,-100709.3984375
24095,TQC,env8,568840,-100737.0
24096,TQC,env8,569308,-100749.5
24097,TQC,env8,570012,-100788.5
24098,TQC,env8,570408,-100803.0
24099,TQC,env8,570972,-100803.5
24100,TQC,env8,571376,-100830.1015625
24101,TQC,env8,571796,-100854.0
24102,TQC,env8,572412,-100866.8984375
24103,TQC,env8,572756,-100881.796875
24104,TQC,env8,573292,-100876.6015625
24105,TQC,env8,573640,-100883.5
24106,TQC,env8,574188,-100945.296875
24107,TQC,env8,574460,-100945.0
24108,TQC,env8,575180,-100966.796875
24109,TQC,env8,575628,-100983.0
24110,TQC,env8,576664,-101034.8984375
24111,TQC,env8,577060,-101072.1015625
24112,TQC,env8,577588,-101126.3984375
24113,TQC,env8,578384,-101158.796875
24114,TQC,env8,579964,-101222.796875
24115,TQC,env8,581096,-101315.796875
24116,TQC,env8,582552,-100425.3984375
24117,TQC,env8,583624,-100430.0
24118,TQC,env8,584464,-100604.8984375
24119,TQC,env8,585848,-100677.0
24120,TQC,env8,587516,-100786.1015625
24121,TQC,env8,589780,-100845.546875
24122,TQC,env8,591728,-100964.046875
24123,TQC,env8,594136,-100065.2734375
24124,TQC,env8,598136,-98237.3515625
24125,TQC,env8,601496,-97507.75
24126,TQC,env8,604356,-95817.1484375
24127,TQC,env8,606928,-96084.3515625
24128,TQC,env8,610928,-95357.6484375
24129,TQC,env8,613536,-94654.75
24130,TQC,env8,615720,-93749.5234375
24131,TQC,env8,617176,-93764.828125
24132,TQC,env8,617964,-92885.7265625
24133,TQC,env8,620512,-92960.2265625
24134,TQC,env8,621468,-93106.7265625
24135,TQC,env8,623708,-93175.125
24136,TQC,env8,625468,-92347.7265625
24137,TQC,env8,628752,-91514.5234375
24138,TQC,env8,630352,-91673.921875
24139,TQC,env8,630836,-91739.2265625
24140,TQC,env8,633064,-91652.703125
24141,TQC,env8,634684,-92591.796875
24142,TQC,env8,635812,-90814.296875
24143,TQC,env8,636672,-90704.1015625
24144,TQC,env8,637580,-90669.0
24145,TQC,env8,638460,-90594.8984375
24146,TQC,env8,639380,-90575.1484375
24147,TQC,env8,640424,-90473.3515625
24148,TQC,env8,641512,-91428.921875
24149,TQC,env8,642880,-93336.3515625
24150,TQC,env8,644588,-93219.1484375
24151,TQC,env8,646412,-94994.6484375
24152,TQC,env8,648296,-94905.6484375
24153,TQC,env8,649964,-95724.8515625
24154,TQC,env8,652088,-95636.453125
24155,TQC,env8,653916,-96677.7734375
24156,TQC,env8,655636,-95685.125
24157,TQC,env8,657876,-96686.125
24158,TQC,env8,659040,-96729.828125
24159,TQC,env8,660572,-96692.125
24160,TQC,env8,662836,-96682.828125
24161,TQC,env8,663516,-96655.5234375
24162,TQC,env8,664976,-97497.921875
24163,TQC,env8,666116,-97421.5234375
24164,TQC,env8,667092,-97336.125
24165,TQC,env8,667896,-97368.1484375
24166,TQC,env8,668460,-97416.6484375
24167,TQC,env8,669172,-99223.453125
24168,TQC,env8,670552,-99208.953125
24169,TQC,env8,672452,-99230.046875
24170,TQC,env8,673744,-97405.453125
24171,TQC,env8,674964,-97408.1484375
24172,TQC,env8,676608,-97391.7265625
24173,TQC,env8,678024,-97420.125
24174,TQC,env8,679292,-97402.328125
24175,TQC,env8,680088,-97232.703125
24176,TQC,env8,680800,-97189.5
24177,TQC,env8,681956,-97058.203125
24178,TQC,env8,682708,-97031.1015625
24179,TQC,env8,684336,-97894.3984375
24180,TQC,env8,686168,-97904.296875
24181,TQC,env8,686960,-98835.828125
24182,TQC,env8,689284,-98813.2265625
24183,TQC,env8,689964,-98810.0234375
24184,TQC,env8,692504,-98768.5234375
24185,TQC,env8,693528,-98825.2265625
24186,TQC,env8,694768,-99773.421875
24187,TQC,env8,696308,-99794.828125
24188,TQC,env8,697240,-99790.625
24189,TQC,env8,698064,-99822.5234375
24190,TQC,env8,699784,-99855.828125
24191,TQC,env8,701164,-99877.7265625
24192,TQC,env8,702128,-99929.2265625
24193,TQC,env8,703920,-99006.0234375
24194,TQC,env8,705412,-99034.921875
24195,TQC,env8,706320,-100933.0234375
24196,TQC,env8,707272,-100957.0234375
24197,TQC,env8,708176,-100969.546875
24198,TQC,env8,709416,-100946.75
24199,TQC,env8,710284,-100943.6484375
24200,TQC,env8,711000,-101991.7734375
24201,TQC,env8,712012,-101994.578125
24202,TQC,env8,712872,-101990.9765625
24203,TQC,env8,713500,-101972.671875
24204,TQC,env8,714860,-101962.7734375
24205,TQC,env8,716180,-101896.375
24206,TQC,env8,716928,-101970.203125
24207,TQC,env8,718240,-101858.7734375
24208,TQC,env8,719720,-101820.375
24209,TQC,env8,720764,-101795.671875
24210,TQC,env8,721788,-101626.421875
24211,TQC,env8,722424,-101548.421875
24212,TQC,env8,723860,-101440.9765625
24213,TQC,env8,725064,-101431.7734375
24214,TQC,env8,726084,-101341.3984375
24215,TQC,env8,727528,-101349.1015625
24216,TQC,env8,728588,-101223.078125
24217,TQC,env8,729624,-101242.9765625
24218,TQC,env8,730908,-102199.578125
24219,TQC,env8,732520,-102197.875
24220,TQC,env8,733468,-102059.9140625
24221,TQC,env8,734600,-101949.9140625
24222,TQC,env8,736344,-102038.8125
24223,TQC,env8,738532,-102086.609375
24224,TQC,env8,741268,-101235.7109375
24225,TQC,env8,743520,-98481.515625
24226,TQC,env8,745028,-98507.109375
24227,TQC,env8,747520,-97686.515625
24228,TQC,env8,751520,-95786.5859375
24229,TQC,env8,753912,-95955.0859375
24230,TQC,env8,757912,-95094.8359375
24231,TQC,env8,761912,-92354.4375
24232,TQC,env8,765844,-89696.0625
24233,TQC,env8,769844,-85967.1640625
24234,TQC,env8,773844,-82273.0625
24235,TQC,env8,776024,-79604.7109375
24236,TQC,env8,779072,-79798.4140625
24237,TQC,env8,780472,-80040.4609375
24238,TQC,env8,782552,-79977.640625
24239,TQC,env8,783604,-80112.7109375
24240,TQC,env8,784440,-80069.015625
24241,TQC,env8,785024,-80106.3359375
24242,TQC,env8,785432,-79992.140625
24243,TQC,env8,786472,-79953.140625
24244,TQC,env8,788104,-79012.640625
24245,TQC,env8,789532,-79138.703125
24246,TQC,env8,793532,-78319.0
24247,TQC,env8,795492,-75496.203125
24248,TQC,env8,796516,-75514.203125
24249,TQC,env8,800516,-73622.6015625
24250,TQC,env8,804020,-74643.703125
24251,TQC,env8,808020,-71857.3984375
24252,TQC,env8,809824,-71883.203125
24253,TQC,env8,811796,-73888.5234375
24254,TQC,env8,814364,-73752.75
24255,TQC,env8,816556,-74506.671875
24256,TQC,env8,818156,-77269.671875
24257,TQC,env8,820364,-78820.125
24258,TQC,env8,821420,-82589.7265625
24259,TQC,env8,822540,-86272.921875
24260,TQC,env8,823532,-89002.0234375
24261,TQC,env8,825592,-88929.7265625
24262,TQC,env8,826748,-88713.078125
24263,TQC,env8,828176,-88739.296875
24264,TQC,env8,829224,-88682.8984375
24265,TQC,env8,829960,-87783.5
24266,TQC,env8,830920,-87802.0
24267,TQC,env8,833560,-86915.203125
24268,TQC,env8,835152,-85074.703125
24269,TQC,env8,836568,-85091.796875
24270,TQC,env8,838004,-85073.703125
24271,TQC,env8,839692,-86060.5
24272,TQC,env8,841596,-88901.203125
24273,TQC,env8,845092,-88820.8515625
24274,TQC,env8,847552,-89566.2734375
24275,TQC,env8,851240,-91391.4765625
24276,TQC,env8,853108,-93196.703125
24277,TQC,env8,854864,-94105.296875
24278,TQC,env8,858524,-92153.796875
24279,TQC,env8,859452,-92007.6484375
24280,TQC,env8,860800,-92156.078125
24281,TQC,env8,861640,-91053.421875
24282,TQC,env8,862120,-92191.7734375
24283,TQC,env8,864040,-92095.671875
24284,TQC,env8,865480,-92061.578125
24285,TQC,env8,868348,-92228.9765625
24286,TQC,env8,870732,-90278.171875
24287,TQC,env8,872164,-90453.828125
24288,TQC,env8,873000,-89523.921875
24289,TQC,env8,873840,-89489.625
24290,TQC,env8,874732,-90297.546875
24291,TQC,env8,875504,-90299.1484375
24292,TQC,env8,876656,-91255.6484375
24293,TQC,env8,877632,-93104.1484375
24294,TQC,env8,878636,-93932.1484375
24295,TQC,env8,879176,-93895.3515625
24296,TQC,env8,881524,-93836.953125
24297,TQC,env8,883688,-91793.546875
24298,TQC,env8,886024,-90933.8984375
24299,TQC,env8,887048,-92731.3515625
24300,TQC,env8,887896,-92623.453125
24301,TQC,env8,889240,-93568.7265625
24302,TQC,env8,890656,-93340.4765625
24303,TQC,env8,891436,-95213.4765625
24304,TQC,env8,892244,-95220.875
24305,TQC,env8,893232,-95155.7734375
24306,TQC,env8,893592,-96145.7265625
24307,TQC,env8,894576,-96178.2265625
24308,TQC,env8,895344,-96063.375
24309,TQC,env8,895944,-96072.2734375
24310,TQC,env8,896864,-95689.6484375
24311,TQC,env8,898632,-97335.4765625
24312,TQC,env8,899780,-97105.1015625
24313,TQC,env8,900376,-97981.3984375
24314,TQC,env8,900860,-97976.796875
24315,TQC,env8,901032,-98056.375
24316,TQC,env8,901488,-97997.4765625
24317,TQC,env8,901720,-97935.375
24318,TQC,env8,902832,-97921.4765625
24319,TQC,env8,904516,-97922.3984375
24320,TQC,env8,907660,-96939.453125
24321,TQC,env8,910128,-96126.953125
24322,TQC,env8,913272,-98214.453125
24323,TQC,env8,915172,-97291.1484375
24324,TQC,env8,917348,-97509.578125
24325,TQC,env8,918480,-96631.9765625
24326,TQC,env8,921348,-94687.453125
24327,TQC,env8,922740,-94826.6015625
24328,TQC,env8,923852,-94846.0
24329,TQC,env8,926864,-94104.828125
24330,TQC,env8,929196,-94005.8515625
24331,TQC,env8,931616,-91964.5
24332,TQC,env8,933584,-92030.296875
24333,TQC,env8,935568,-91327.8515625
24334,TQC,env8,937780,-90246.671875
24335,TQC,env8,940884,-88725.703125
24336,TQC,env8,943756,-87063.7734375
24337,TQC,env8,945080,-87128.046875
24338,TQC,env8,946380,-86252.3515625
24339,TQC,env8,947756,-85366.546875
24340,TQC,env8,949568,-84505.046875
24341,TQC,env8,951748,-83433.8515625
24342,TQC,env8,952712,-83447.1015625
24343,TQC,env8,956436,-82665.296875
24344,TQC,env8,958176,-82822.2734375
24345,TQC,env8,959920,-83690.671875
24346,TQC,env8,960240,-83441.6484375
24347,TQC,env8,960896,-83049.3515625
24348,TQC,env8,963128,-84748.25
24349,TQC,env8,964172,-84490.9765625
24350,TQC,env8,964468,-84172.734375
24351,TQC,env8,966172,-86141.65625
24352,TQC,env8,966664,-86105.0546875
24353,TQC,env8,967080,-86003.5546875
24354,TQC,env8,967460,-86849.9609375
24355,TQC,env8,967744,-86893.4296875
24356,TQC,env8,967932,-88930.3828125
24357,TQC,env8,968164,-88795.6796875
24358,TQC,env8,970180,-89573.359375
24359,TQC,env8,971964,-89519.0546875
24360,TQC,env8,972780,-90906.7109375
24361,TQC,env8,973776,-92302.359375
24362,TQC,env8,974108,-91081.5078125
24363,TQC,env8,974780,-91723.0546875
24364,TQC,env8,975416,-92324.53125
24365,TQC,env8,976264,-92891.109375
24366,TQC,env8,978128,-93698.734375
24367,TQC,env8,978736,-93491.109375
24368,TQC,env8,979544,-94139.3828125
24369,TQC,env8,980384,-91930.53125
24370,TQC,env8,980744,-92007.5859375
24371,TQC,env8,981084,-92577.78125
24372,TQC,env8,981496,-92373.8828125
24373,TQC,env8,982156,-92108.28125
24374,TQC,env8,982836,-92092.3828125
24375,TQC,env8,983752,-93158.421875
24376,TQC,env8,984756,-93105.328125
24377,TQC,env8,986920,-91138.578125
24378,TQC,env8,988464,-91207.4765625
24379,TQC,env8,989848,-91202.9765625
24380,TQC,env8,990920,-90334.375
24381,TQC,env8,991608,-90345.4765625
24382,TQC,env8,991844,-90390.2734375
24383,TQC,env8,992028,-89470.8984375
24384,TQC,env8,992240,-90567.7734375
24385,TQC,env8,992768,-90860.421875
24386,TQC,env8,993200,-91274.4765625
24387,TQC,env8,993412,-92499.7265625
24388,TQC,env8,993960,-92740.671875
24389,TQC,env8,995184,-93069.5
24390,TQC,env8,996340,-93356.828125
24391,TQC,env8,996876,-93622.8984375
24392,TQC,env8,998204,-93842.578125
24393,TQC,env8,999012,-93972.5
24394,TQC,env8,999384,-95150.953125
24395,TQC,env8,999752,-95143.75
24396,TQC,env8,1000348,-95552.078125
24397,TQC,env8,1000724,-95964.4765625
24398,TQC,env8,1001356,-96269.875
24399,TQC,env8,1001996,-96478.953125
24400,TQC,env8,1002592,-96581.6484375
24401,TQC,env8,1002988,-96608.75
24402,TQC,env8,1003532,-98566.703125
24403,TQC,env8,1003876,-98497.5
24404,TQC,env8,1004784,-98494.5
24405,TQC,env8,1005948,-99410.8984375
24406,TQC,env8,1006488,-99487.8984375
24407,TQC,env8,1007000,-99474.796875
24408,TQC,env8,1007972,-100412.3984375
24409,TQC,env8,1009340,-100523.203125
24410,TQC,env8,1010940,-100572.5
24411,TQC,env8,1012064,-99746.796875
24412,TQC,env8,1012728,-99658.5625
24413,TQC,env8,1013420,-99672.9609375
24414,TQC,env8,1014688,-99705.6640625
24415,TQC,env8,1015692,-99747.6640625
24416,TQC,env8,1016300,-99688.1484375
24417,TQC,env8,1017060,-99713.8515625
24418,TQC,env8,1017600,-99700.8515625
24419,TQC,env8,1018584,-100625.3515625
24420,TQC,env8,1019596,-100521.0
24421,TQC,env8,1020508,-100365.75
24422,TQC,env8,1020832,-100338.3984375
24423,TQC,env8,1021024,-100316.3984375
24424,TQC,env8,1021764,-99989.625
24425,TQC,env8,1022468,-99900.453125
24426,TQC,env8,1022824,-99552.171875
24427,TQC,env8,1023476,-99540.9765625
24428,TQC,env8,1023916,-99565.875
24429,TQC,env8,1024552,-99443.6484375
24430,TQC,env8,1025076,-99407.75
24431,TQC,env8,1025424,-99153.546875
24432,TQC,env8,1026268,-99142.1484375
24433,TQC,env8,1026604,-98922.953125
24434,TQC,env8,1027412,-98657.125
24435,TQC,env8,1028328,-98526.2734375
24436,TQC,env8,1029084,-99416.171875
24437,TQC,env8,1031028,-99562.8125
24438,TQC,env8,1031308,-99593.109375
24439,TQC,env8,1032496,-99526.515625
24440,TQC,env8,1033012,-98565.9140625
24441,TQC,env8,1033584,-98631.828125
24442,TQC,env8,1033964,-98634.0234375
24443,TQC,env8,1034688,-98634.421875
24444,TQC,env8,1035296,-98404.0234375
24445,TQC,env8,1035968,-98190.625
24446,TQC,env8,1037664,-98284.921875
24447,TQC,env8,1038276,-97163.8515625
24448,TQC,env8,1039052,-96873.375
24449,TQC,env8,1040644,-96922.046875
24450,TQC,env8,1041396,-95919.375
24451,TQC,env8,1042076,-95970.8671875
24452,TQC,env8,1042328,-95944.8671875
24453,TQC,env8,1042720,-95910.3671875
24454,TQC,env8,1042892,-96004.6875
24455,TQC,env8,1043092,-95981.2890625
24456,TQC,env8,1043292,-96147.1875
24457,TQC,env8,1043512,-96130.2890625
24458,TQC,env8,1043712,-96318.09375
24459,TQC,env8,1043960,-96475.71875
24460,TQC,env8,1044308,-96561.8671875
24461,TQC,env8,1044624,-96485.3671875
24462,TQC,env8,1045484,-96426.96875
24463,TQC,env8,1045776,-96384.0625
24464,TQC,env8,1046036,-96377.96875
24465,TQC,env8,1046296,-97284.6640625
24466,TQC,env8,1047568,-97204.9140625
24467,TQC,env8,1047904,-97062.1640625
24468,TQC,env8,1048148,-97023.96875
24469,TQC,env8,1048940,-97214.765625
24470,TQC,env8,1049456,-97454.9921875
24471,TQC,env8,1050064,-97423.640625
24472,TQC,env8,1050480,-98559.0625
24473,TQC,env8,1050744,-98846.34375
24474,TQC,env8,1050956,-99091.5390625
24475,TQC,env8,1051292,-100159.59375
24476,TQC,env8,1051548,-100451.4765625
24477,TQC,env8,1051764,-100459.875
24478,TQC,env8,1052172,-100464.9765625
24479,TQC,env8,1052468,-100451.2734375
24480,TQC,env8,1052704,-100460.4765625
24481,TQC,env8,1052968,-100465.578125
24482,TQC,env8,1053604,-100479.2734375
24483,TQC,env8,1053980,-100476.671875
24484,TQC,env8,1054404,-100474.875
24485,TQC,env8,1054792,-100462.7734375
24486,TQC,env8,1056252,-100495.9765625
24487,TQC,env8,1057140,-98667.078125
24488,TQC,env8,1057488,-98656.9765625
24489,TQC,env8,1057712,-98630.9765625
24490,TQC,env8,1058028,-98623.2734375
24491,TQC,env8,1058216,-98744.328125
24492,TQC,env8,1058648,-98820.7734375
24493,TQC,env8,1060284,-98946.9765625
24494,TQC,env8,1060840,-98984.9765625
24495,TQC,env8,1061448,-99080.296875
24496,TQC,env8,1061832,-99189.0
24497,TQC,env8,1062304,-99201.6015625
24498,TQC,env8,1062904,-99244.703125
24499,TQC,env8,1063276,-99262.296875
24500,TQC,env8,1063588,-99271.6015625
24501,TQC,env8,1064128,-99236.3984375
24502,TQC,env8,1064380,-99249.6015625
24503,TQC,env8,1064676,-99251.1015625
24504,TQC,env8,1065200,-99257.1015625
24505,TQC,env8,1065648,-99281.5
24506,TQC,env8,1066452,-99302.8984375
24507,TQC,env8,1066984,-99336.796875
24508,TQC,env8,1067444,-99364.296875
24509,TQC,env8,1068000,-99405.1015625
24510,TQC,env8,1068644,-99430.1015625
24511,TQC,env8,1069032,-99424.6015625
24512,TQC,env8,1069544,-101254.6015625
24513,TQC,env8,1070056,-101289.3984375
24514,TQC,env8,1070680,-101312.296875
24515,TQC,env8,1071016,-101340.296875
24516,TQC,env8,1071356,-101298.3984375
24517,TQC,env8,1071868,-101323.296875
24518,TQC,env8,1072412,-101231.203125
24519,TQC,env8,1072836,-101197.5
24520,TQC,env8,1073316,-101179.296875
24521,TQC,env8,1074200,-101195.1015625
24522,TQC,env8,1074712,-101227.296875
24523,TQC,env8,1075336,-101226.5
24524,TQC,env8,1075896,-101247.5
24525,TQC,env8,1076428,-101274.8984375
24526,TQC,env8,1076888,-101285.3984375
24527,TQC,env8,1078568,-101370.1015625
24528,TQC,env8,1079140,-101391.796875
24529,TQC,env8,1080296,-101405.203125
24530,TQC,env8,1080804,-101491.6015625
24531,TQC,env8,1081244,-101493.1015625
24532,TQC,env8,1081820,-101472.5
24533,TQC,env8,1082352,-101486.3984375
24534,TQC,env8,1082780,-101471.6015625
24535,TQC,env8,1083284,-101471.703125
24536,TQC,env8,1083832,-101458.8984375
24537,TQC,env8,1084276,-101482.796875
24538,TQC,env8,1084668,-101452.8984375
24539,TQC,env8,1085104,-101444.296875
24540,TQC,env8,1085612,-101437.5
24541,TQC,env8,1085984,-101448.203125
24542,TQC,env8,1086456,-101447.796875
24543,TQC,env8,1086804,-101435.1015625
24544,TQC,env8,1087280,-101435.296875
24545,TQC,env8,1087700,-101433.3984375
24546,TQC,env8,1088124,-101412.8984375
24547,TQC,env8,1088432,-101368.296875
24548,TQC,env8,1088820,-101347.703125
24549,TQC,env8,1089452,-101348.796875
24550,TQC,env8,1090424,-101359.796875
24551,TQC,env8,1091104,-101363.796875
24552,TQC,env8,1092872,-101421.3984375
24553,TQC,env8,1094148,-101452.5
24554,TQC,env8,1095500,-101400.796875
24555,TQC,env8,1096544,-101443.203125
24556,TQC,env8,1097152,-101459.203125
24557,TQC,env8,1097800,-101492.1015625
24558,TQC,env8,1098316,-101500.5
24559,TQC,env8,1098736,-101498.8984375
24560,TQC,env8,1099668,-101506.296875
24561,TQC,env8,1100388,-101521.203125
24562,TQC,env8,1100908,-101540.6015625
24563,TQC,env8,1101392,-101552.6015625
24564,TQC,env8,1101848,-101560.0
24565,TQC,env8,1103032,-101473.671875
24566,TQC,env8,1103596,-101503.375
24567,TQC,env8,1104336,-101326.9921875
24568,TQC,env8,1104792,-101341.4921875
24569,TQC,env8,1105364,-101356.2890625
24570,TQC,env8,1106028,-101367.2890625
24571,TQC,env8,1106960,-101410.890625
24572,TQC,env8,1109092,-101484.6953125
24573,TQC,env8,1110044,-101593.9921875
24574,TQC,env8,1111016,-100685.2890625
24575,TQC,env8,1112332,-100711.6953125
24576,TQC,env8,1113492,-100751.390625
24577,TQC,env8,1114288,-100749.59375
24578,TQC,env8,1114952,-100721.59375
24579,TQC,env8,1115716,-100770.1953125
24580,TQC,env8,1116516,-100659.9921875
24581,TQC,env8,1117364,-100684.09375
24582,TQC,env8,1118196,-100682.6953125
24583,TQC,env8,1118704,-100661.390625
24584,TQC,env8,1119308,-100686.6953125
24585,TQC,env8,1120064,-100698.09375
24586,TQC,env8,1120712,-100704.59375
24587,TQC,env8,1121268,-100679.6953125
24588,TQC,env8,1122096,-100721.6953125
24589,TQC,env8,1122480,-100713.09375
24590,TQC,env8,1123068,-100810.71875
24591,TQC,env8,1123992,-100803.8203125
24592,TQC,env8,1124864,-101013.796875
24593,TQC,env8,1125368,-101041.8984375
24594,TQC,env8,1126180,-101053.203125
24595,TQC,env8,1126776,-101062.703125
24596,TQC,env8,1127512,-101050.1015625
24597,TQC,env8,1128872,-101038.703125
24598,TQC,env8,1132608,-98276.3984375
24599,TQC,env8,1136348,-97443.703125
24600,TQC,env8,1138824,-96574.0
24601,TQC,env8,1140736,-95731.796875
24602,TQC,env8,1143568,-95825.3984375
24603,TQC,env8,1144788,-95797.1484375
24604,TQC,env8,1146192,-95901.6484375
24605,TQC,env8,1148408,-95949.25
24606,TQC,env8,1149844,-96037.546875
24607,TQC,env8,1150948,-95140.1484375
24608,TQC,env8,1151428,-95131.8515625
24609,TQC,env8,1152372,-95159.453125
24610,TQC,env8,1153012,-95156.25
24611,TQC,env8,1153516,-95133.75
24612,TQC,env8,1154084,-95121.453125
24613,TQC,env8,1155216,-95061.953125
24614,TQC,env8,1156036,-94146.046875
24615,TQC,env8,1156260,-94163.1484375
24616,TQC,env8,1156612,-94114.8515625
24617,TQC,env8,1156876,-94060.1484375
24618,TQC,env8,1157260,-94000.6484375
24619,TQC,env8,1157860,-93058.953125
24620,TQC,env8,1158356,-93038.25
24621,TQC,env8,1159320,-93013.953125
24622,TQC,env8,1160340,-92965.75
24623,TQC,env8,1161384,-95581.5
24624,TQC,env8,1162692,-96421.203125
24625,TQC,env8,1163968,-97291.796875
24626,TQC,env8,1164724,-97164.296875
24627,TQC,env8,1165312,-96983.796875
24628,TQC,env8,1166140,-97074.6484375
24629,TQC,env8,1166952,-96960.8515625
24630,TQC,env8,1168436,-96970.3515625
24631,TQC,env8,1170448,-96963.3515625
24632,TQC,env8,1171220,-96915.6484375
24633,TQC,env8,1172184,-96968.1484375
24634,TQC,env8,1172736,-96945.546875
24635,TQC,env8,1173508,-96953.453125
24636,TQC,env8,1174612,-96992.8515625
24637,TQC,env8,1175440,-97004.75
24638,TQC,env8,1175944,-97024.546875
24639,TQC,env8,1176472,-97936.6484375
24640,TQC,env8,1176932,-97005.453125
24641,TQC,env8,1178000,-97031.453125
24642,TQC,env8,1178824,-97111.546875
24643,TQC,env8,1179236,-97143.953125
24644,TQC,env8,1180216,-98097.6484375
24645,TQC,env8,1181776,-98080.125
24646,TQC,env8,1183640,-98188.625
24647,TQC,env8,1184704,-98297.5234375
24648,TQC,env8,1185280,-98364.578125
24649,TQC,env8,1186380,-99270.7734375
24650,TQC,env8,1187520,-99278.671875
24651,TQC,env8,1187912,-100189.375
24652,TQC,env8,1188856,-99287.671875
24653,TQC,env8,1189228,-99182.671875
24654,TQC,env8,1190000,-99175.578125
24655,TQC,env8,1190684,-99142.875
24656,TQC,env8,1191252,-99036.375
24657,TQC,env8,1192520,-99986.2734375
24658,TQC,env8,1193724,-99952.171875
24659,TQC,env8,1194648,-99948.375
24660,TQC,env8,1194892,-98997.375
24661,TQC,env8,1195316,-98937.875
24662,TQC,env8,1195532,-98904.9765625
24663,TQC,env8,1195784,-98872.2734375
24664,TQC,env8,1196216,-98858.4765625
24665,TQC,env8,1196448,-99839.9765625
24666,TQC,env8,1196944,-99821.4765625
24667,TQC,env8,1197360,-99762.2734375
24668,TQC,env8,1197952,-99752.171875
24669,TQC,env8,1198256,-99731.578125
24670,TQC,env8,1198408,-99732.6015625
24671,TQC,env8,1200748,-99662.5
24672,TQC,env8,1201468,-99599.3984375
24673,TQC,env8,1202800,-99681.796875
24674,TQC,env8,1203572,-99680.8984375
24675,TQC,env8,1203912,-98716.1015625
24676,TQC,env8,1204344,-98727.296875
24677,TQC,env8,1205672,-99663.3984375
24678,TQC,env8,1206408,-99678.5
24679,TQC,env8,1207028,-99736.203125
24680,TQC,env8,1207676,-99695.5
24681,TQC,env8,1208712,-99714.1015625
24682,TQC,env8,1209248,-99667.203125
24683,TQC,env8,1209684,-99707.5
24684,TQC,env8,1210452,-99675.203125
24685,TQC,env8,1211432,-100620.0
24686,TQC,env8,1212916,-100737.3984375
24687,TQC,env8,1213292,-100771.8984375
24688,TQC,env8,1214632,-100813.6015625
24689,TQC,env8,1215136,-100888.0
24690,TQC,env8,1215376,-100790.8984375
24691,TQC,env8,1215532,-99875.0
24692,TQC,env8,1215684,-99845.8984375
24693,TQC,env8,1215864,-99812.703125
24694,TQC,env8,1216308,-99805.8984375
24695,TQC,env8,1216520,-99796.296875
24696,TQC,env8,1216876,-99721.8984375
24697,TQC,env8,1217288,-99656.0
24698,TQC,env8,1217664,-99537.203125
24699,TQC,env8,1217924,-99528.796875
24700,TQC,env8,1218092,-100419.3984375
24701,TQC,env8,1218248,-100387.8984375
24702,TQC,env8,1218420,-100311.296875
24703,TQC,env8,1218576,-100266.8984375
24704,TQC,env8,1218824,-100184.703125
24705,TQC,env8,1219152,-100147.0
24706,TQC,env8,1219652,-100110.1015625
24707,TQC,env8,1219868,-100107.796875
24708,TQC,env8,1220060,-100032.5
24709,TQC,env8,1220256,-100011.5
24710,TQC,env8,1220420,-99968.3984375
24711,TQC,env8,1220600,-99846.796875
24712,TQC,env8,1221004,-99817.296875
24713,TQC,env8,1222016,-99821.3984375
24714,TQC,env8,1222768,-99795.296875
24715,TQC,env8,1224232,-99909.296875
24716,TQC,env8,1225076,-100865.703125
24717,TQC,env8,1226040,-100918.203125
24718,TQC,env8,1227568,-100095.796875
24719,TQC,env8,1229668,-100266.703125
24720,TQC,env8,1232416,-99462.6015625
24721,TQC,env8,1235140,-98707.8984375
24722,TQC,env8,1235820,-98794.796875
24723,TQC,env8,1236656,-98856.5
24724,TQC,env8,1237480,-98872.296875
24725,TQC,env8,1237860,-98958.1015625
24726,TQC,env8,1238288,-98978.203125
24727,TQC,env8,1239072,-99012.5
24728,TQC,env8,1239768,-99040.0
24729,TQC,env8,1240628,-99045.6015625
24730,TQC,env8,1241392,-99082.203125
24731,TQC,env8,1243204,-97266.0
24732,TQC,env8,1244556,-97340.203125
24733,TQC,env8,1246404,-96445.203125
24734,TQC,env8,1248228,-96493.3984375
24735,TQC,env8,1249032,-95682.6015625
24736,TQC,env8,1249916,-95780.203125
24737,TQC,env8,1250568,-95814.5
24738,TQC,env8,1251072,-95781.8984375
24739,TQC,env8,1251500,-95789.203125
24740,TQC,env8,1251976,-95705.3984375
24741,TQC,env8,1252368,-95684.796875
24742,TQC,env8,1253028,-95650.796875
24743,TQC,env8,1253916,-96542.5
24744,TQC,env8,1254744,-96317.921875
24745,TQC,env8,1255228,-97155.5234375
24746,TQC,env8,1255680,-97938.2265625
24747,TQC,env8,1256140,-97878.5234375
24748,TQC,env8,1257188,-97843.921875
24749,TQC,env8,1257900,-97874.0234375
24750,TQC,env8,1258556,-97816.328125
24751,TQC,env8,1260196,-97867.828125
24752,TQC,env8,1261932,-97966.421875
24753,TQC,env8,1263212,-97077.7265625
24754,TQC,env8,1264640,-96243.125
24755,TQC,env8,1265032,-96277.421875
24756,TQC,env8,1266020,-98124.7265625
24757,TQC,env8,1266760,-98077.625
24758,TQC,env8,1267576,-99022.921875
24759,TQC,env8,1269060,-99037.921875
24760,TQC,env8,1269680,-98999.625
24761,TQC,env8,1270040,-98930.921875
24762,TQC,env8,1271548,-98954.2265625
24763,TQC,env8,1272644,-99016.828125
24764,TQC,env8,1273416,-98960.796875
24765,TQC,env8,1273688,-98954.3984375
24766,TQC,env8,1274004,-98937.0
24767,TQC,env8,1274492,-98918.296875
24768,TQC,env8,1274752,-98888.296875
24769,TQC,env8,1275040,-98921.9765625
24770,TQC,env8,1275344,-98896.9765625
24771,TQC,env8,1275856,-98893.171875
24772,TQC,env8,1276264,-98884.375
24773,TQC,env8,1276588,-98860.671875
24774,TQC,env8,1277020,-98801.7734375
24775,TQC,env8,1277720,-98798.7734375
24776,TQC,env8,1278584,-98780.375
24777,TQC,env8,1280388,-98772.4765625
24778,TQC,env8,1281208,-99712.171875
24779,TQC,env8,1281640,-100627.671875
24780,TQC,env8,1282304,-100592.671875
24781,TQC,env8,1282656,-100571.7734375
24782,TQC,env8,1283440,-100556.171875
24783,TQC,env8,1284492,-100530.4765625
24784,TQC,env8,1285476,-100517.578125
24785,TQC,env8,1286332,-101397.7734375
24786,TQC,env8,1286992,-100478.375
24787,TQC,env8,1287672,-99528.171875
24788,TQC,env8,1288224,-99470.9765625
24789,TQC,env8,1288656,-99501.8984375
24790,TQC,env8,1288972,-99518.8984375
24791,TQC,env8,1289212,-99518.0
24792,TQC,env8,1290524,-99508.203125
24793,TQC,env8,1291144,-99581.6015625
24794,TQC,env8,1291616,-99594.703125
24795,TQC,env8,1293164,-98708.703125
24796,TQC,env8,1293632,-98744.8984375
24797,TQC,env8,1294104,-98734.296875
24798,TQC,env8,1295100,-98826.296875
24799,TQC,env8,1295632,-98834.1015625
24800,TQC,env8,1296380,-98840.296875
24801,TQC,env8,1297112,-98848.203125
24802,TQC,env8,1297596,-98773.5
24803,TQC,env8,1299036,-98733.8984375
24804,TQC,env8,1300560,-98722.203125
24805,TQC,env8,1301232,-97602.125
24806,TQC,env8,1302548,-97608.125
24807,TQC,env8,1303128,-97650.5234375
24808,TQC,env8,1303432,-97638.5234375
24809,TQC,env8,1303820,-97593.328125
24810,TQC,env8,1305424,-96713.2265625
24811,TQC,env8,1306360,-97690.625
24812,TQC,env8,1307036,-98632.828125
24813,TQC,env8,1307420,-98617.7265625
24814,TQC,env8,1307696,-98588.2265625
24815,TQC,env8,1308124,-98614.7265625
24816,TQC,env8,1309672,-98680.625
24817,TQC,env8,1311884,-98707.625
24818,TQC,env8,1312900,-97809.921875
24819,TQC,env8,1313788,-97799.5234375
24820,TQC,env8,1314384,-98702.5234375
24821,TQC,env8,1314704,-98686.5234375
24822,TQC,env8,1315476,-98758.625
24823,TQC,env8,1316436,-98702.7265625
24824,TQC,env8,1316916,-98738.2265625
24825,TQC,env8,1318568,-98800.2265625
24826,TQC,env8,1322196,-98964.2265625
24827,TQC,env8,1324268,-97227.125
24828,TQC,env8,1326752,-97426.328125
24829,TQC,env8,1328776,-97485.2265625
24830,TQC,env8,1332316,-97865.8984375
24831,TQC,env8,1334464,-97087.296875
24832,TQC,env8,1336576,-96170.796875
24833,TQC,env8,1337620,-95193.6484375
24834,TQC,env8,1339692,-95364.6484375
24835,TQC,env8,1340868,-96334.25
24836,TQC,env8,1343632,-96377.8515625
24837,TQC,env8,1345288,-95417.171875
24838,TQC,env8,1347676,-93516.625
24839,TQC,env8,1349516,-92587.2734375
24840,TQC,env8,1351588,-92672.7734375
24841,TQC,env8,1354808,-91590.8515625
24842,TQC,env8,1356184,-90754.3515625
24843,TQC,env8,1359132,-89889.453125
24844,TQC,env8,1361228,-90032.25
24845,TQC,env8,1365168,-88375.6484375
24846,TQC,env8,1366704,-88511.546875
24847,TQC,env8,1369504,-88612.8515625
24848,TQC,env8,1372156,-87694.8515625
24849,TQC,env8,1373948,-86702.875
24850,TQC,env8,1376776,-86695.765625
24851,TQC,env8,1377912,-86586.5625
24852,TQC,env8,1379356,-87468.765625
24853,TQC,env8,1383084,-85525.859375
24854,TQC,env8,1385300,-84503.9609375
24855,TQC,env8,1387132,-84240.984375
24856,TQC,env8,1388588,-85132.7890625
24857,TQC,env8,1390316,-86135.390625
24858,TQC,env8,1392468,-87279.234375
24859,TQC,env8,1394088,-87215.140625
24860,TQC,env8,1395736,-86254.0390625
24861,TQC,env8,1397040,-86262.3359375
24862,TQC,env8,1398468,-87143.984375
24863,TQC,env8,1399780,-88944.3359375
24864,TQC,env8,1401456,-89995.984375
24865,TQC,env8,1403748,-90043.2890625
24866,TQC,env8,1405596,-91190.3125
24867,TQC,env8,1407748,-90225.015625
24868,TQC,env8,1409612,-91916.6640625
24869,TQC,env8,1411888,-91951.4609375
24870,TQC,env8,1413908,-93827.0625
24871,TQC,env8,1417328,-93859.359375
24872,TQC,env8,1418788,-92781.9609375
24873,TQC,env8,1421412,-92881.359375
24874,TQC,env8,1423156,-93964.234375
24875,TQC,env8,1425024,-94058.546875
24876,TQC,env8,1425364,-94979.046875
24877,TQC,env8,1426388,-94869.546875
24878,TQC,env8,1428240,-96578.625
24879,TQC,env8,1431416,-97552.046875
24880,TQC,env8,1433180,-97490.921875
24881,TQC,env8,1435416,-96414.078125
24882,TQC,env8,1437568,-95297.6015625
24883,TQC,env8,1438748,-95098.5
24884,TQC,env8,1441272,-93786.1484375
24885,TQC,env8,1442236,-93562.203125
24886,TQC,env8,1443596,-93490.296875
24887,TQC,env8,1445088,-93527.2109375
24888,TQC,env8,1447140,-93630.484375
24889,TQC,env8,1449136,-93455.0390625
24890,TQC,env8,1450512,-93375.140625
24891,TQC,env8,1454208,-93400.390625
24892,TQC,env8,1456960,-94262.609375
24893,TQC,env8,1459220,-93311.6640625
24894,TQC,env8,1460976,-93203.359375
24895,TQC,env8,1462588,-91041.859375
24896,TQC,env8,1465664,-89846.640625
24897,TQC,env8,1469108,-88764.4375
24898,TQC,env8,1472136,-87704.1640625
24899,TQC,env8,1474572,-85525.390625
24900,TQC,env8,1475708,-84320.1875
24901,TQC,env8,1478144,-82193.015625
24902,TQC,env8,1481628,-80079.5625
24903,TQC,env8,1485628,-78210.2890625
24904,TQC,env8,1487948,-77386.1640625
24905,TQC,env8,1489888,-78496.5625
24906,TQC,env8,1493888,-76446.6875
24907,TQC,env8,1497888,-74747.1640625
24908,TQC,env8,1501372,-74037.6640625
24909,TQC,env8,1504328,-75542.8125
24910,TQC,env8,1507760,-74895.859375
24911,TQC,env8,1510964,-74155.6640625
24912,TQC,env8,1512624,-72409.578125
24913,TQC,env8,1514448,-72553.0
24914,TQC,env8,1517748,-71688.953125
24915,TQC,env8,1520700,-70837.8515625
24916,TQC,env8,1523088,-70903.6015625
24917,TQC,env8,1525524,-70950.828125
24918,TQC,env8,1529064,-71185.2265625
24919,TQC,env8,1532648,-70442.421875
24920,TQC,env8,1534628,-71524.5234375
24921,TQC,env8,1537712,-71664.9765625
24922,TQC,env8,1538564,-73787.7734375
24923,TQC,env8,1540764,-74813.953125
24924,TQC,env8,1542828,-77035.328125
24925,TQC,env8,1546828,-76409.421875
24926,TQC,env8,1550260,-78731.0
24927,TQC,env8,1553240,-80099.453125
24928,TQC,env8,1556040,-82214.25
24929,TQC,env8,1557268,-82081.953125
24930,TQC,env8,1559452,-82149.25
24931,TQC,env8,1560924,-85238.875
24932,TQC,env8,1564448,-87156.875
24933,TQC,env8,1566544,-86914.078125
24934,TQC,env8,1570020,-83912.875
24935,TQC,env8,1572916,-83908.7734375
24936,TQC,env8,1576916,-80964.671875
24937,TQC,env8,1580656,-80991.7734375
24938,TQC,env8,1583924,-79115.875
24939,TQC,env8,1587108,-78319.078125
24940,TQC,env8,1591108,-76428.078125
24941,TQC,env8,1593272,-74336.046875
24942,TQC,env8,1596192,-74432.796875
24943,TQC,env8,1599012,-75347.203125
24944,TQC,env8,1601232,-75147.421875
24945,TQC,env8,1602896,-76176.921875
24946,TQC,env8,1604228,-77186.296875
24947,TQC,env8,1608228,-76161.796875
24948,TQC,env8,1611184,-75248.8984375
24949,TQC,env8,1614836,-74246.75
24950,TQC,env8,1618224,-73252.046875
24951,TQC,env8,1621964,-72337.1484375
24952,TQC,env8,1624980,-73234.8515625
24953,TQC,env8,1628216,-71178.328125
24954,TQC,env8,1629964,-70017.953125
24955,TQC,env8,1633116,-69143.546875
24956,TQC,env8,1634192,-68161.046875
24957,TQC,env8,1637596,-69074.8515625
24958,TQC,env8,1640124,-69337.3515625
24959,TQC,env8,1644124,-69243.8984375
24960,TQC,env8,1647204,-70191.3984375
24961,TQC,env8,1648552,-73830.5
24962,TQC,env8,1649776,-75496.125
24963,TQC,env8,1650520,-77347.5234375
24964,TQC,env8,1654060,-78993.328125
24965,TQC,env8,1657164,-79901.328125
24966,TQC,env8,1658980,-81030.75
24967,TQC,env8,1661828,-81902.125
24968,TQC,env8,1665184,-79709.5703125
24969,TQC,env8,1668028,-80800.84375
24970,TQC,env8,1671160,-79911.84375
24971,TQC,env8,1674392,-80070.2421875
24972,TQC,env8,1676960,-79224.2421875
24973,TQC,env8,1679404,-79142.140625
24974,TQC,env8,1681824,-79178.2890625
24975,TQC,env8,1685472,-80123.890625
24976,TQC,env8,1686808,-79809.390625
24977,TQC,env8,1688556,-78761.1953125
24978,TQC,env8,1689756,-80726.6171875
24979,TQC,env8,1692976,-81959.7890625
24980,TQC,env8,1695404,-80803.265625
24981,TQC,env8,1696604,-81543.640625
24982,TQC,env8,1699460,-81572.7421875
24983,TQC,env8,1700972,-82434.9453125
24984,TQC,env8,1704004,-84281.0703125
24985,TQC,env8,1705932,-82243.3203125
24986,TQC,env8,1708948,-80417.5390625
24987,TQC,env8,1710656,-80589.8203125
24988,TQC,env8,1712772,-80630.21875
24989,TQC,env8,1714544,-80793.6171875
24990,TQC,env8,1716592,-80724.1171875
24991,TQC,env8,1718976,-79573.09375
24992,TQC,env8,1722636,-76743.8203125
24993,TQC,env8,1724548,-76920.578125
24994,TQC,env8,1724872,-76735.7734375
24995,TQC,env8,1725708,-77447.4765625
24996,TQC,env8,1725964,-77184.171875
24997,TQC,env8,1729928,-77108.078125
24998,TQC,env8,1731336,-76202.4765625
24999,TQC,env8,1733052,-77038.9765625
25000,TQC,env8,1735036,-77806.4765625
25001,TQC,env8,1737280,-78941.875
25002,TQC,env8,1739152,-79804.703125
25003,TQC,env8,1740444,-79804.296875
25004,TQC,env8,1742792,-80726.203125
25005,TQC,env8,1744864,-82861.328125
25006,TQC,env8,1747276,-82092.828125
25007,TQC,env8,1749960,-81071.328125
25008,TQC,env8,1750676,-80922.828125
25009,TQC,env8,1751132,-80965.6484375
25010,TQC,env8,1752152,-82881.6015625
25011,TQC,env8,1752896,-84750.078125
25012,TQC,env8,1755276,-83794.9765625
25013,TQC,env8,1756248,-83648.078125
25014,TQC,env8,1756892,-82647.171875
25015,TQC,env8,1757404,-83264.015625
25016,TQC,env8,1761384,-83099.015625
25017,TQC,env8,1761712,-84906.515625
25018,TQC,env8,1765712,-83096.515625
25019,TQC,env8,1767584,-82179.4140625
25020,TQC,env8,1770800,-80454.9140625
25021,TQC,env8,1774800,-77719.71875
25022,TQC,env8,1775732,-79713.3203125
25023,TQC,env8,1776640,-82384.640625
25024,TQC,env8,1778244,-82303.1015625
25025,TQC,env8,1778768,-83291.703125
25026,TQC,env8,1779080,-83101.703125
25027,TQC,env8,1779428,-82999.78125
25028,TQC,env8,1780280,-81786.6015625
25029,TQC,env8,1782084,-81605.4296875
25030,TQC,env8,1782876,-80301.953125
25031,TQC,env8,1783184,-81181.78125
25032,TQC,env8,1783712,-80830.421875
25033,TQC,env8,1784360,-79787.671875
25034,TQC,env8,1784668,-80686.7734375
25035,TQC,env8,1785704,-81520.09375
25036,TQC,env8,1786088,-81477.796875
25037,TQC,env8,1786444,-82291.9921875
25038,TQC,env8,1786764,-82266.9921875
25039,TQC,env8,1789848,-82213.671875
25040,TQC,env8,1792352,-81694.1328125
25041,TQC,env8,1795188,-83014.5546875
25042,TQC,env8,1799000,-82206.7578125
25043,TQC,env8,1802224,-84104.5546875
25044,TQC,env8,1803812,-85221.8515625
25045,TQC,env8,1806612,-85172.953125
25046,TQC,env8,1807460,-87936.8515625
25047,TQC,env8,1811244,-86049.65625
25048,TQC,env8,1815244,-82458.9296875
25049,TQC,env8,1818168,-80817.1640625
25050,TQC,env8,1822168,-77137.3671875
25051,TQC,env8,1826168,-73525.765625
25052,TQC,env8,1830168,-70008.46875
25053,TQC,env8,1834168,-67446.84375
25054,TQC,env8,1838168,-63885.515625
25055,TQC,env8,1841880,-64203.08984375
25056,TQC,env8,1844076,-63457.19140625
25057,TQC,env8,1848076,-63877.75
25058,TQC,env8,1852076,-61294.69921875
25059,TQC,env8,1856076,-57678.69921875
25060,TQC,env8,1857776,-55054.57421875
25061,TQC,env8,1861776,-52375.57421875
25062,TQC,env8,1865776,-48758.07421875
25063,TQC,env8,1869776,-46111.9765625
25064,TQC,env8,1873004,-44359.69921875
25065,TQC,env8,1877004,-42429.3984375
25066,TQC,env8,1881004,-39536.69921875
25067,TQC,env8,1884672,-38547.3984375
25068,TQC,env8,1885660,-39494.5
25069,TQC,env8,1889048,-39262.69921875
25070,TQC,env8,1890300,-39904.41015625
25071,TQC,env8,1890752,-39862.5078125
25072,TQC,env8,1891068,-40651.0078125
25073,TQC,env8,1891648,-44286.70703125
25074,TQC,env8,1892828,-45989.70703125
25075,TQC,env8,1894304,-49652.5078125
25076,TQC,env8,1898200,-52387.08203125
25077,TQC,env8,1902192,-53386.78515625
25078,TQC,env8,1903952,-54327.8828125
25079,TQC,env8,1906320,-58150.58203125
25080,TQC,env8,1907952,-58003.8828125
25081,TQC,env8,1908824,-58855.28515625
25082,TQC,env8,1912608,-57867.3828125
25083,TQC,env8,1914856,-58823.484375
25084,TQC,env8,1918344,-61681.08203125
25085,TQC,env8,1922344,-61720.984375
25086,TQC,env8,1926344,-60498.32421875
25087,TQC,env8,1930344,-61465.7265625
25088,TQC,env8,1933216,-61429.0234375
25089,TQC,env8,1937216,-60514.2265625
25090,TQC,env8,1940752,-61502.5234375
25091,TQC,env8,1943448,-63449.0234375
25092,TQC,env8,1947392,-65452.32421875
25093,TQC,env8,1950672,-63551.125
25094,TQC,env8,1952184,-62544.05078125
25095,TQC,env8,1952864,-63729.94140625
25096,TQC,env8,1953676,-63705.640625
25097,TQC,env8,1954104,-64725.04296875
25098,TQC,env8,1954600,-64732.33984375
25099,TQC,env8,1955152,-64709.83984375
25100,TQC,env8,1956564,-64721.04296875
25101,TQC,env8,1959612,-62893.8671875
25102,TQC,env8,1960616,-64508.81640625
25103,TQC,env8,1961324,-67201.6171875
25104,TQC,env8,1962772,-67017.1171875
25105,TQC,env8,1963252,-67936.515625
25106,TQC,env8,1963636,-66941.71875
25107,TQC,env8,1964320,-67671.4453125
25108,TQC,env8,1964788,-70326.640625
25109,TQC,env8,1965132,-71119.7421875
25110,TQC,env8,1965636,-73759.5390625
25111,TQC,env8,1966340,-77563.5
25112,TQC,env8,1967492,-80224.5
25113,TQC,env8,1968492,-81857.328125
25114,TQC,env8,1968956,-85303.6953125
25115,TQC,env8,1969528,-87869.390625
25116,TQC,env8,1969828,-89559.9921875
25117,TQC,env8,1970148,-90269.4921875
25118,TQC,env8,1970792,-92967.6953125
25119,TQC,env8,1971880,-94000.265625
25120,TQC,env8,1974488,-92172.765625
25121,TQC,env8,1977260,-91324.5703125
25122,TQC,env8,1979408,-90290.9453125
25123,TQC,env8,1981260,-88284.6171875
25124,TQC,env8,1982300,-88300.9140625
25125,TQC,env8,1983284,-88339.9140625
25126,TQC,env8,1984048,-91080.515625
25127,TQC,env8,1986216,-92232.1640625
25128,TQC,env8,1987224,-92362.265625
25129,TQC,env8,1990732,-90430.2421875
25130,TQC,env8,1991224,-88581.2421875
25131,TQC,env8,1991400,-89539.34375
25132,TQC,env8,1991536,-90544.6171875
25133,TQC,env8,1991664,-90546.6171875
25134,TQC,env8,1991776,-90507.3203125
25135,TQC,env8,1992116,-90507.9140625
25136,TQC,env8,1992672,-90595.1171875
25137,TQC,env8,1996408,-89880.3203125
25138,TQC,env8,1998296,-90104.890625
25139,TQC,env8,1999324,-90433.7265625
25140,TRPO,env1,10000,-92074.375
25141,TRPO,env1,16384,-93398.734375
25142,TRPO,env1,20000,-92657.4609375
25143,TRPO,env1,30000,-91348.4375
25144,TRPO,env1,32768,-90452.5390625
25145,TRPO,env1,40000,-86271.890625
25146,TRPO,env1,49152,-85397.609375
25147,TRPO,env1,50000,-85498.484375
25148,TRPO,env1,60000,-86203.7890625
25149,TRPO,env1,65536,-86434.859375
25150,TRPO,env1,70000,-85968.6640625
25151,TRPO,env1,80000,-86844.828125
25152,TRPO,env1,81920,-89162.8125
25153,TRPO,env1,90000,-89356.7421875
25154,TRPO,env1,98304,-86613.2265625
25155,TRPO,env1,100000,-81175.40625
25156,TRPO,env1,110000,-77608.640625
25157,TRPO,env1,114688,-77479.6640625
25158,TRPO,env1,120000,-76729.8671875
25159,TRPO,env1,130000,-77751.640625
25160,TRPO,env1,131072,-77355.6640625
25161,TRPO,env1,140000,-70356.9375
25162,TRPO,env1,147456,-71608.453125
25163,TRPO,env1,150000,-69799.765625
25164,TRPO,env1,160000,-77668.4453125
25165,TRPO,env1,163840,-77399.109375
25166,TRPO,env1,170000,-81401.515625
25167,TRPO,env1,180000,-80607.3046875
25168,TRPO,env1,180224,-80601.875
25169,TRPO,env1,190000,-80155.0
25170,TRPO,env1,196608,-78685.34375
25171,TRPO,env1,200000,-81020.5
25172,TRPO,env1,210000,-80927.1875
25173,TRPO,env1,212992,-80834.15625
25174,TRPO,env1,220000,-79618.2109375
25175,TRPO,env1,229376,-78681.7421875
25176,TRPO,env1,230000,-78964.8125
25177,TRPO,env1,240000,-77566.1484375
25178,TRPO,env1,245760,-75210.0859375
25179,TRPO,env1,250000,-75459.859375
25180,TRPO,env1,260000,-73531.046875
25181,TRPO,env1,262144,-71041.125
25182,TRPO,env1,270000,-67345.9296875
25183,TRPO,env1,278528,-75113.8359375
25184,TRPO,env1,280000,-73010.28125
25185,TRPO,env1,290000,-74983.234375
25186,TRPO,env1,294912,-71761.1796875
25187,TRPO,env1,300000,-76158.8671875
25188,TRPO,env1,310000,-70917.71875
25189,TRPO,env1,311296,-70810.390625
25190,TRPO,env1,320000,-70503.6953125
25191,TRPO,env1,327680,-68437.375
25192,TRPO,env1,330000,-68428.515625
25193,TRPO,env1,340000,-65484.11328125
25194,TRPO,env1,344064,-65178.87890625
25195,TRPO,env1,350000,-65322.59375
25196,TRPO,env1,360000,-63609.50390625
25197,TRPO,env1,360448,-63612.1015625
25198,TRPO,env1,370000,-65968.6875
25199,TRPO,env1,376832,-67188.546875
25200,TRPO,env1,380000,-65309.6640625
25201,TRPO,env1,390000,-61282.70703125
25202,TRPO,env1,393216,-62993.375
25203,TRPO,env1,400000,-65763.328125
25204,TRPO,env1,409600,-71484.9375
25205,TRPO,env1,410000,-69188.1015625
25206,TRPO,env1,420000,-62349.51953125
25207,TRPO,env1,425984,-66746.890625
25208,TRPO,env1,430000,-68544.46875
25209,TRPO,env1,440000,-69622.1484375
25210,TRPO,env1,442368,-65533.05859375
25211,TRPO,env1,450000,-68535.171875
25212,TRPO,env1,458752,-70870.8125
25213,TRPO,env1,460000,-69872.9140625
25214,TRPO,env1,470000,-65064.58203125
25215,TRPO,env1,475136,-62972.6484375
25216,TRPO,env1,480000,-56614.41796875
25217,TRPO,env1,490000,-54984.7265625
25218,TRPO,env1,491520,-54882.61328125
25219,TRPO,env1,500000,-56446.875
25220,TRPO,env1,507904,-54464.11328125
25221,TRPO,env1,510000,-56957.703125
25222,TRPO,env1,520000,-51646.6875
25223,TRPO,env1,524288,-53639.83984375
25224,TRPO,env1,530000,-51144.81640625
25225,TRPO,env1,540000,-54341.6796875
25226,TRPO,env1,540672,-54352.07421875
25227,TRPO,env1,550000,-53288.1875
25228,TRPO,env1,557056,-53078.94921875
25229,TRPO,env1,560000,-54275.32421875
25230,TRPO,env1,570000,-53664.08203125
25231,TRPO,env1,573440,-57452.578125
25232,TRPO,env1,580000,-55450.84375
25233,TRPO,env1,589824,-48642.24609375
25234,TRPO,env1,590000,-48642.24609375
25235,TRPO,env1,600000,-43649.17578125
25236,TRPO,env1,606208,-41129.53125
25237,TRPO,env1,610000,-43326.23046875
25238,TRPO,env1,620000,-43220.4140625
25239,TRPO,env1,622592,-44029.38671875
25240,TRPO,env1,630000,-37615.32421875
25241,TRPO,env1,638976,-43759.37109375
25242,TRPO,env1,640000,-43760.6171875
25243,TRPO,env1,650000,-45784.15625
25244,TRPO,env1,655360,-41980.2578125
25245,TRPO,env1,660000,-37675.50390625
25246,TRPO,env1,670000,-34896.203125
25247,TRPO,env1,671744,-36999.21484375
25248,TRPO,env1,680000,-40481.734375
25249,TRPO,env1,688128,-37048.09765625
25250,TRPO,env1,690000,-36014.87109375
25251,TRPO,env1,700000,-38501.99609375
25252,TRPO,env1,704512,-40419.8828125
25253,TRPO,env1,710000,-33899.59375
25254,TRPO,env1,720000,-41865.03125
25255,TRPO,env1,720896,-39766.6796875
25256,TRPO,env1,730000,-46747.24609375
25257,TRPO,env1,737280,-33269.87890625
25258,TRPO,env1,740000,-33077.71875
25259,TRPO,env1,750000,-28470.79296875
25260,TRPO,env1,753664,-26173.61328125
25261,TRPO,env1,760000,-20578.1328125
25262,TRPO,env1,770000,-25300.384765625
25263,TRPO,env1,770048,-25300.384765625
25264,TRPO,env1,780000,-29581.1171875
25265,TRPO,env1,786432,-33788.91796875
25266,TRPO,env1,790000,-33186.359375
25267,TRPO,env1,800000,-32443.84765625
25268,TRPO,env1,802816,-35774.16015625
25269,TRPO,env1,810000,-31654.86328125
25270,TRPO,env1,819200,-36149.54296875
25271,TRPO,env1,820000,-36149.54296875
25272,TRPO,env1,830000,-28380.712890625
25273,TRPO,env1,835584,-30571.134765625
25274,TRPO,env1,840000,-31879.99609375
25275,TRPO,env1,850000,-44436.37890625
25276,TRPO,env1,851968,-44040.203125
25277,TRPO,env1,860000,-34949.40625
25278,TRPO,env1,868352,-31957.845703125
25279,TRPO,env1,870000,-31954.55078125
25280,TRPO,env1,880000,-32765.0390625
25281,TRPO,env1,884736,-37048.41015625
25282,TRPO,env1,890000,-40539.109375
25283,TRPO,env1,900000,-38444.59375
25284,TRPO,env1,901120,-37447.44140625
25285,TRPO,env1,910000,-38036.8671875
25286,TRPO,env1,917504,-38048.7578125
25287,TRPO,env1,920000,-33752.4609375
25288,TRPO,env1,930000,-37949.44921875
25289,TRPO,env1,933888,-33643.11328125
25290,TRPO,env1,940000,-34834.1953125
25291,TRPO,env1,950000,-35435.98046875
25292,TRPO,env1,950272,-35435.98046875
25293,TRPO,env1,960000,-37326.75
25294,TRPO,env1,966656,-37208.9375
25295,TRPO,env1,970000,-35900.5
25296,TRPO,env1,980000,-25988.091796875
25297,TRPO,env1,983040,-25696.138671875
25298,TRPO,env1,990000,-23467.033203125
25299,TRPO,env1,999424,-12660.6015625
25300,TRPO,env1,1000000,-12858.5263671875
25301,TRPO,env1,1010000,-19153.109375
25302,TRPO,env1,1015808,-22144.15625
25303,TRPO,env1,1020000,-15648.7646484375
25304,TRPO,env1,1030000,-17131.572265625
25305,TRPO,env1,1032192,-19227.482421875
25306,TRPO,env1,1040000,-29628.978515625
25307,TRPO,env1,1048576,-36132.53125
25308,TRPO,env1,1050000,-38433.44140625
25309,TRPO,env1,1060000,-38627.8359375
25310,TRPO,env1,1064960,-33041.9296875
25311,TRPO,env1,1070000,-39829.9609375
25312,TRPO,env1,1080000,-40620.5625
25313,TRPO,env1,1081344,-42718.75
25314,TRPO,env1,1090000,-36425.16015625
25315,TRPO,env1,1097728,-54436.24609375
25316,TRPO,env1,1100000,-52427.84765625
25317,TRPO,env1,1110000,-40637.79296875
25318,TRPO,env1,1114112,-34039.8203125
25319,TRPO,env1,1120000,-34051.8125
25320,TRPO,env1,1130000,-26345.18359375
25321,TRPO,env1,1130496,-24049.048828125
25322,TRPO,env1,1140000,-20324.3984375
25323,TRPO,env1,1146880,-20336.345703125
25324,TRPO,env1,1150000,-16030.53515625
25325,TRPO,env1,1160000,-11249.0390625
25326,TRPO,env1,1163264,-11465.986328125
25327,TRPO,env1,1170000,-8683.671875
25328,TRPO,env1,1179648,-16489.646484375
25329,TRPO,env1,1180000,-16489.646484375
25330,TRPO,env1,1190000,-10805.69140625
25331,TRPO,env1,1196032,-19511.2890625
25332,TRPO,env1,1200000,-15907.2119140625
25333,TRPO,env1,1210000,-16768.724609375
25334,TRPO,env1,1212416,-14667.443359375
25335,TRPO,env1,1220000,-16259.244140625
25336,TRPO,env1,1228800,-12273.2529296875
25337,TRPO,env1,1230000,-16677.736328125
25338,TRPO,env1,1240000,-12483.861328125
25339,TRPO,env1,1245184,-7566.015625
25340,TRPO,env1,1250000,-5070.91015625
25341,TRPO,env1,1260000,-3473.647705078125
25342,TRPO,env1,1261568,-5769.1337890625
25343,TRPO,env1,1270000,-2964.170654296875
25344,TRPO,env1,1277952,-2673.670166015625
25345,TRPO,env1,1280000,-8058.798828125
25346,TRPO,env1,1290000,-15468.19140625
25347,TRPO,env1,1294336,-18759.8046875
25348,TRPO,env1,1300000,-13464.05078125
25349,TRPO,env1,1310000,-23464.392578125
25350,TRPO,env1,1310720,-23566.306640625
25351,TRPO,env1,1320000,-22252.69140625
25352,TRPO,env1,1327104,-21070.021484375
25353,TRPO,env1,1330000,-20970.203125
25354,TRPO,env1,1340000,-21883.115234375
25355,TRPO,env1,1343488,-26379.759765625
25356,TRPO,env1,1350000,-23366.796875
25357,TRPO,env1,1359872,-20144.48046875
25358,TRPO,env1,1360000,-20044.474609375
25359,TRPO,env1,1370000,-28948.85546875
25360,TRPO,env1,1376256,-33417.6875
25361,TRPO,env1,1380000,-31318.8515625
25362,TRPO,env1,1390000,-37713.15625
25363,TRPO,env1,1392640,-38127.3125
25364,TRPO,env1,1400000,-37639.87890625
25365,TRPO,env1,1409024,-30930.318359375
25366,TRPO,env1,1410000,-33028.5
25367,TRPO,env1,1420000,-32526.181640625
25368,TRPO,env1,1425408,-26523.16796875
25369,TRPO,env1,1430000,-25336.658203125
25370,TRPO,env1,1440000,-23634.4765625
25371,TRPO,env1,1441792,-24032.361328125
25372,TRPO,env1,1450000,-21632.892578125
25373,TRPO,env1,1458176,-21748.3046875
25374,TRPO,env1,1460000,-23946.697265625
25375,TRPO,env1,1470000,-26555.888671875
25376,TRPO,env1,1474560,-29755.201171875
25377,TRPO,env1,1480000,-27858.662109375
25378,TRPO,env1,1490000,-35154.70703125
25379,TRPO,env1,1490944,-35258.7578125
25380,TRPO,env1,1500000,-44339.3046875
25381,TRPO,env1,1507328,-40533.58203125
25382,TRPO,env1,1510000,-42726.23828125
25383,TRPO,env1,1520000,-41708.16015625
25384,TRPO,env1,1523712,-37419.6640625
25385,TRPO,env1,1530000,-33603.953125
25386,TRPO,env1,1540000,-31442.349609375
25387,TRPO,env1,1540096,-31442.349609375
25388,TRPO,env1,1550000,-32652.5859375
25389,TRPO,env1,1556480,-33464.55859375
25390,TRPO,env1,1560000,-32975.3828125
25391,TRPO,env1,1570000,-33286.84765625
25392,TRPO,env1,1572864,-31088.802734375
25393,TRPO,env1,1580000,-40443.57421875
25394,TRPO,env1,1589248,-46338.89453125
25395,TRPO,env1,1590000,-44239.23046875
25396,TRPO,env1,1600000,-42711.1171875
25397,TRPO,env1,1605632,-43888.69921875
25398,TRPO,env1,1610000,-44280.7421875
25399,TRPO,env1,1620000,-37088.3046875
25400,TRPO,env1,1622016,-37284.46875
25401,TRPO,env1,1630000,-31392.380859375
25402,TRPO,env1,1638400,-31808.892578125
25403,TRPO,env1,1640000,-31711.28125
25404,TRPO,env1,1650000,-32141.279296875
25405,TRPO,env1,1654784,-33952.05859375
25406,TRPO,env1,1660000,-33956.00390625
25407,TRPO,env1,1670000,-29162.859375
25408,TRPO,env1,1671168,-29260.833984375
25409,TRPO,env1,1680000,-29156.306640625
25410,TRPO,env1,1687552,-26050.0625
25411,TRPO,env1,1690000,-24238.455078125
25412,TRPO,env1,1700000,-16739.876953125
25413,TRPO,env1,1703936,-26325.828125
25414,TRPO,env1,1710000,-24326.494140625
25415,TRPO,env1,1720000,-13338.0673828125
25416,TRPO,env1,1720320,-13338.0673828125
25417,TRPO,env1,1730000,-28137.640625
25418,TRPO,env1,1736704,-36148.90625
25419,TRPO,env1,1740000,-32954.078125
25420,TRPO,env1,1750000,-31744.91796875
25421,TRPO,env1,1753088,-32362.212890625
25422,TRPO,env1,1760000,-41652.28125
25423,TRPO,env1,1769472,-39357.87109375
25424,TRPO,env1,1770000,-39357.87109375
25425,TRPO,env1,1780000,-30151.62890625
25426,TRPO,env1,1785856,-32458.89453125
25427,TRPO,env1,1790000,-27363.576171875
25428,TRPO,env1,1800000,-26542.0703125
25429,TRPO,env1,1802240,-23356.21484375
25430,TRPO,env1,1810000,-22471.42578125
25431,TRPO,env1,1818624,-22834.736328125
25432,TRPO,env1,1820000,-27228.541015625
25433,TRPO,env1,1830000,-25425.66796875
25434,TRPO,env1,1835008,-30835.962890625
25435,TRPO,env1,1840000,-35047.15234375
25436,TRPO,env1,1850000,-28420.75
25437,TRPO,env1,1851392,-29526.37890625
25438,TRPO,env1,1860000,-26842.95703125
25439,TRPO,env1,1867776,-24859.796875
25440,TRPO,env1,1870000,-23559.908203125
25441,TRPO,env1,1880000,-14944.5400390625
25442,TRPO,env1,1884160,-17138.3671875
25443,TRPO,env1,1890000,-21251.81640625
25444,TRPO,env1,1900000,-27047.41796875
25445,TRPO,env1,1900544,-29145.6171875
25446,TRPO,env1,1910000,-17461.3828125
25447,TRPO,env1,1916928,-23569.9921875
25448,TRPO,env1,1920000,-26978.373046875
25449,TRPO,env1,1930000,-20087.578125
25450,TRPO,env1,1933312,-15574.1083984375
25451,TRPO,env1,1940000,-15873.2021484375
25452,TRPO,env1,1949696,-12097.1318359375
25453,TRPO,env1,1950000,-12097.1318359375
25454,TRPO,env1,1960000,-9718.7197265625
25455,TRPO,env1,1966080,-9924.095703125
25456,TRPO,env1,1970000,-15506.0009765625
25457,TRPO,env1,1980000,-22714.572265625
25458,TRPO,env1,1982464,-21826.6484375
25459,TRPO,env1,1990000,-26447.70703125
25460,TRPO,env1,1998848,-27120.751953125
25461,TRPO,env1,2000000,-25411.021484375
25462,TRPO,env1,2010000,-24697.9765625
25463,TRPO,env1,2015232,-22607.91015625
25464,TRPO,env2,16384,-97821.8671875
25465,TRPO,env2,32768,-97865.3125
25466,TRPO,env2,49152,-97552.25
25467,TRPO,env2,65536,-96359.6171875
25468,TRPO,env2,81920,-97235.5390625
25469,TRPO,env2,98304,-97195.5546875
25470,TRPO,env2,114688,-95043.2265625
25471,TRPO,env2,131072,-95097.546875
25472,TRPO,env2,147456,-93417.1484375
25473,TRPO,env2,163840,-96321.8828125
25474,TRPO,env2,180224,-95116.453125
25475,TRPO,env2,196608,-95372.03125
25476,TRPO,env2,212992,-96309.1171875
25477,TRPO,env2,229376,-91861.546875
25478,TRPO,env2,245760,-91433.6953125
25479,TRPO,env2,262144,-94443.875
25480,TRPO,env2,278528,-96110.453125
25481,TRPO,env2,294912,-92591.40625
25482,TRPO,env2,311296,-90463.625
25483,TRPO,env2,327680,-91800.546875
25484,TRPO,env2,344064,-89952.546875
25485,TRPO,env2,360448,-91036.1640625
25486,TRPO,env2,376832,-93380.2421875
25487,TRPO,env2,393216,-91624.84375
25488,TRPO,env2,409600,-90041.9921875
25489,TRPO,env2,425984,-90938.3828125
25490,TRPO,env2,442368,-92530.3046875
25491,TRPO,env2,458752,-92839.7421875
25492,TRPO,env2,475136,-92708.9140625
25493,TRPO,env2,491520,-93618.1015625
25494,TRPO,env2,507904,-92949.9765625
25495,TRPO,env2,524288,-92039.7890625
25496,TRPO,env2,540672,-90372.546875
25497,TRPO,env2,557056,-88737.859375
25498,TRPO,env2,573440,-91234.953125
25499,TRPO,env2,589824,-91706.421875
25500,TRPO,env2,606208,-92414.3828125
25501,TRPO,env2,622592,-92080.859375
25502,TRPO,env2,638976,-89889.7421875
25503,TRPO,env2,655360,-89535.1171875
25504,TRPO,env2,671744,-86665.3203125
25505,TRPO,env2,688128,-86409.7421875
25506,TRPO,env2,704512,-87618.2890625
25507,TRPO,env2,720896,-89018.921875
25508,TRPO,env2,737280,-89940.2265625
25509,TRPO,env2,753664,-86470.875
25510,TRPO,env2,770048,-83267.75
25511,TRPO,env2,786432,-81455.8671875
25512,TRPO,env2,802816,-85966.78125
25513,TRPO,env2,819200,-83745.3359375
25514,TRPO,env2,835584,-83458.015625
25515,TRPO,env2,851968,-87853.8984375
25516,TRPO,env2,868352,-84559.1171875
25517,TRPO,env2,884736,-86454.4921875
25518,TRPO,env2,901120,-82352.390625
25519,TRPO,env2,917504,-76976.0078125
25520,TRPO,env2,933888,-74102.59375
25521,TRPO,env2,950272,-71829.3671875
25522,TRPO,env2,966656,-71890.703125
25523,TRPO,env2,983040,-73509.9765625
25524,TRPO,env2,999424,-68847.671875
25525,TRPO,env2,1015808,-68107.3359375
25526,TRPO,env2,1032192,-67746.9375
25527,TRPO,env2,1048576,-64312.48046875
25528,TRPO,env2,1064960,-63850.36328125
25529,TRPO,env2,1081344,-63812.78125
25530,TRPO,env2,1097728,-68458.1953125
25531,TRPO,env2,1114112,-71837.828125
25532,TRPO,env2,1130496,-75091.0703125
25533,TRPO,env2,1146880,-77030.3515625
25534,TRPO,env2,1163264,-78565.8828125
25535,TRPO,env2,1179648,-78698.7109375
25536,TRPO,env2,1196032,-78527.7421875
25537,TRPO,env2,1212416,-80464.8828125
25538,TRPO,env2,1228800,-79544.3515625
25539,TRPO,env2,1245184,-81841.5390625
25540,TRPO,env2,1261568,-82586.703125
25541,TRPO,env2,1277952,-85817.2421875
25542,TRPO,env2,1294336,-82992.203125
25543,TRPO,env2,1310720,-82950.6640625
25544,TRPO,env2,1327104,-79850.9765625
25545,TRPO,env2,1343488,-78616.171875
25546,TRPO,env2,1359872,-77432.6484375
25547,TRPO,env2,1376256,-83185.5703125
25548,TRPO,env2,1392640,-84109.3828125
25549,TRPO,env2,1409024,-80269.25
25550,TRPO,env2,1425408,-77692.59375
25551,TRPO,env2,1441792,-73662.1640625
25552,TRPO,env2,1458176,-75986.6953125
25553,TRPO,env2,1474560,-77501.8671875
25554,TRPO,env2,1490944,-76811.15625
25555,TRPO,env2,1507328,-78576.1328125
25556,TRPO,env2,1523712,-81000.171875
25557,TRPO,env2,1540096,-76041.3046875
25558,TRPO,env2,1556480,-79994.046875
25559,TRPO,env2,1572864,-71947.484375
25560,TRPO,env2,1589248,-65936.796875
25561,TRPO,env2,1605632,-65440.3828125
25562,TRPO,env2,1622016,-62203.3203125
25563,TRPO,env2,1638400,-66927.1875
25564,TRPO,env2,1654784,-72804.5390625
25565,TRPO,env2,1671168,-77109.234375
25566,TRPO,env2,1687552,-71810.3203125
25567,TRPO,env2,1703936,-68547.328125
25568,TRPO,env2,1720320,-67373.5703125
25569,TRPO,env2,1736704,-66085.75
25570,TRPO,env2,1753088,-66792.3125
25571,TRPO,env2,1769472,-68626.4453125
25572,TRPO,env2,1785856,-65989.6484375
25573,TRPO,env2,1802240,-63786.93359375
25574,TRPO,env2,1818624,-60869.66015625
25575,TRPO,env2,1835008,-61865.51171875
25576,TRPO,env2,1851392,-66142.828125
25577,TRPO,env2,1867776,-71757.0
25578,TRPO,env2,1884160,-73803.6328125
25579,TRPO,env2,1900544,-70499.5703125
25580,TRPO,env2,1916928,-71048.9609375
25581,TRPO,env2,1933312,-68879.953125
25582,TRPO,env2,1949696,-71406.4296875
25583,TRPO,env2,1966080,-75988.8359375
25584,TRPO,env2,1982464,-68673.1875
25585,TRPO,env2,1998848,-63740.82421875
25586,TRPO,env2,2015232,-58136.84375
25587,TRPO,env3,16384,-99878.3203125
25588,TRPO,env3,32768,-99276.2734375
25589,TRPO,env3,49152,-98979.6484375
25590,TRPO,env3,65536,-100079.234375
25591,TRPO,env3,81920,-100341.578125
25592,TRPO,env3,98304,-98841.4375
25593,TRPO,env3,114688,-98544.8671875
25594,TRPO,env3,131072,-98902.7109375
25595,TRPO,env3,147456,-97887.7890625
25596,TRPO,env3,163840,-98411.7890625
25597,TRPO,env3,180224,-98189.765625
25598,TRPO,env3,196608,-97990.28125
25599,TRPO,env3,212992,-97533.453125
25600,TRPO,env3,229376,-99476.0078125
25601,TRPO,env3,245760,-99680.21875
25602,TRPO,env3,262144,-98888.5
25603,TRPO,env3,278528,-98167.25
25604,TRPO,env3,294912,-97809.7578125
25605,TRPO,env3,311296,-97728.828125
25606,TRPO,env3,327680,-96445.0546875
25607,TRPO,env3,344064,-95216.640625
25608,TRPO,env3,360448,-95105.6796875
25609,TRPO,env3,376832,-96317.1796875
25610,TRPO,env3,393216,-98333.625
25611,TRPO,env3,409600,-97775.2578125
25612,TRPO,env3,425984,-96036.0703125
25613,TRPO,env3,442368,-95928.546875
25614,TRPO,env3,458752,-96518.1171875
25615,TRPO,env3,475136,-97359.125
25616,TRPO,env3,491520,-98716.0859375
25617,TRPO,env3,507904,-98205.5703125
25618,TRPO,env3,524288,-95640.6953125
25619,TRPO,env3,540672,-95453.9765625
25620,TRPO,env3,557056,-94625.984375
25621,TRPO,env3,573440,-96053.8671875
25622,TRPO,env3,589824,-94921.21875
25623,TRPO,env3,606208,-91390.7109375
25624,TRPO,env3,622592,-91320.9453125
25625,TRPO,env3,638976,-91435.5234375
25626,TRPO,env3,655360,-91729.921875
25627,TRPO,env3,671744,-94850.5234375
25628,TRPO,env3,688128,-95029.953125
25629,TRPO,env3,704512,-92726.0859375
25630,TRPO,env3,720896,-91073.7109375
25631,TRPO,env3,737280,-90226.953125
25632,TRPO,env3,753664,-90987.65625
25633,TRPO,env3,770048,-86217.1484375
25634,TRPO,env3,786432,-86447.6875
25635,TRPO,env3,802816,-87761.625
25636,TRPO,env3,819200,-90097.6484375
25637,TRPO,env3,835584,-89884.359375
25638,TRPO,env3,851968,-90350.078125
25639,TRPO,env3,868352,-87111.8828125
25640,TRPO,env3,884736,-84566.875
25641,TRPO,env3,901120,-79532.4453125
25642,TRPO,env3,917504,-76180.6171875
25643,TRPO,env3,933888,-77866.4453125
25644,TRPO,env3,950272,-80891.515625
25645,TRPO,env3,966656,-82248.953125
25646,TRPO,env3,983040,-80120.21875
25647,TRPO,env3,999424,-73422.140625
25648,TRPO,env3,1015808,-72433.8125
25649,TRPO,env3,1032192,-74893.703125
25650,TRPO,env3,1048576,-72518.4453125
25651,TRPO,env3,1064960,-77496.25
25652,TRPO,env3,1081344,-76496.2890625
25653,TRPO,env3,1097728,-75111.6875
25654,TRPO,env3,1114112,-77517.484375
25655,TRPO,env3,1130496,-75350.78125
25656,TRPO,env3,1146880,-73862.2421875
25657,TRPO,env3,1163264,-74527.9921875
25658,TRPO,env3,1179648,-68637.34375
25659,TRPO,env3,1196032,-72111.65625
25660,TRPO,env3,1212416,-66094.1875
25661,TRPO,env3,1228800,-65734.609375
25662,TRPO,env3,1245184,-65590.84375
25663,TRPO,env3,1261568,-62810.55859375
25664,TRPO,env3,1277952,-71245.328125
25665,TRPO,env3,1294336,-73969.96875
25666,TRPO,env3,1310720,-76977.921875
25667,TRPO,env3,1327104,-75226.28125
25668,TRPO,env3,1343488,-73073.7734375
25669,TRPO,env3,1359872,-73578.9453125
25670,TRPO,env3,1376256,-72439.3046875
25671,TRPO,env3,1392640,-76907.6640625
25672,TRPO,env3,1409024,-74639.1796875
25673,TRPO,env3,1425408,-81610.4453125
25674,TRPO,env3,1441792,-79519.875
25675,TRPO,env3,1458176,-81671.671875
25676,TRPO,env3,1474560,-83570.6640625
25677,TRPO,env3,1490944,-83203.0390625
25678,TRPO,env3,1507328,-78940.5390625
25679,TRPO,env3,1523712,-75392.4609375
25680,TRPO,env3,1540096,-75275.2109375
25681,TRPO,env3,1556480,-81222.2578125
25682,TRPO,env3,1572864,-89263.296875
25683,TRPO,env3,1589248,-89289.109375
25684,TRPO,env3,1605632,-81696.046875
25685,TRPO,env3,1622016,-75648.8046875
25686,TRPO,env3,1638400,-70308.3359375
25687,TRPO,env3,1654784,-71366.359375
25688,TRPO,env3,1671168,-76041.40625
25689,TRPO,env3,1687552,-83119.4609375
25690,TRPO,env3,1703936,-81211.0859375
25691,TRPO,env3,1720320,-79883.0546875
25692,TRPO,env3,1736704,-73652.4375
25693,TRPO,env3,1753088,-64459.80859375
25694,TRPO,env3,1769472,-58743.375
25695,TRPO,env3,1785856,-58137.35546875
25696,TRPO,env3,1802240,-59994.43359375
25697,TRPO,env3,1818624,-62060.23828125
25698,TRPO,env3,1835008,-71522.703125
25699,TRPO,env3,1851392,-73279.3515625
25700,TRPO,env3,1867776,-74209.1328125
25701,TRPO,env3,1884160,-72873.3671875
25702,TRPO,env3,1900544,-66109.2265625
25703,TRPO,env3,1916928,-65013.8359375
25704,TRPO,env3,1933312,-60772.08203125
25705,TRPO,env3,1949696,-55829.0234375
25706,TRPO,env3,1966080,-61128.265625
25707,TRPO,env3,1982464,-54259.6640625
25708,TRPO,env3,1998848,-47299.9765625
25709,TRPO,env3,2015232,-48802.3046875
25710,TRPO,env4,16384,-97282.21875
25711,TRPO,env4,32768,-99064.7265625
25712,TRPO,env4,49152,-98998.1328125
25713,TRPO,env4,65536,-98765.890625
25714,TRPO,env4,81920,-98757.8359375
25715,TRPO,env4,98304,-98793.7421875
25716,TRPO,env4,114688,-98869.7265625
25717,TRPO,env4,131072,-99033.6796875
25718,TRPO,env4,147456,-99048.9140625
25719,TRPO,env4,163840,-96823.0546875
25720,TRPO,env4,180224,-97906.4453125
25721,TRPO,env4,196608,-98823.4453125
25722,TRPO,env4,212992,-98581.5859375
25723,TRPO,env4,229376,-98170.765625
25724,TRPO,env4,245760,-96164.1640625
25725,TRPO,env4,262144,-97609.5859375
25726,TRPO,env4,278528,-97877.0078125
25727,TRPO,env4,294912,-98894.53125
25728,TRPO,env4,311296,-95032.890625
25729,TRPO,env4,327680,-94317.9921875
25730,TRPO,env4,344064,-95417.0078125
25731,TRPO,env4,360448,-97830.84375
25732,TRPO,env4,376832,-98066.296875
25733,TRPO,env4,393216,-94892.3125
25734,TRPO,env4,409600,-93757.234375
25735,TRPO,env4,425984,-96195.0625
25736,TRPO,env4,442368,-95594.875
25737,TRPO,env4,458752,-92050.03125
25738,TRPO,env4,475136,-93869.453125
25739,TRPO,env4,491520,-92574.421875
25740,TRPO,env4,507904,-96706.0078125
25741,TRPO,env4,524288,-95248.6640625
25742,TRPO,env4,540672,-92508.4765625
25743,TRPO,env4,557056,-88521.7421875
25744,TRPO,env4,573440,-83810.34375
25745,TRPO,env4,589824,-82296.7578125
25746,TRPO,env4,606208,-82945.2421875
25747,TRPO,env4,622592,-82227.390625
25748,TRPO,env4,638976,-77318.2578125
25749,TRPO,env4,655360,-78249.3671875
25750,TRPO,env4,671744,-76470.4140625
25751,TRPO,env4,688128,-76870.7734375
25752,TRPO,env4,704512,-80528.78125
25753,TRPO,env4,720896,-80745.421875
25754,TRPO,env4,737280,-82257.9375
25755,TRPO,env4,753664,-80907.8125
25756,TRPO,env4,770048,-78376.359375
25757,TRPO,env4,786432,-77657.0703125
25758,TRPO,env4,802816,-81119.640625
25759,TRPO,env4,819200,-85444.7265625
25760,TRPO,env4,835584,-85016.375
25761,TRPO,env4,851968,-84694.1015625
25762,TRPO,env4,868352,-83066.96875
25763,TRPO,env4,884736,-78849.3828125
25764,TRPO,env4,901120,-82691.984375
25765,TRPO,env4,917504,-78009.0234375
25766,TRPO,env4,933888,-72627.234375
25767,TRPO,env4,950272,-71593.6328125
25768,TRPO,env4,966656,-67696.875
25769,TRPO,env4,983040,-67664.1875
25770,TRPO,env4,999424,-71341.28125
25771,TRPO,env4,1015808,-73143.90625
25772,TRPO,env4,1032192,-69925.484375
25773,TRPO,env4,1048576,-65459.28515625
25774,TRPO,env4,1064960,-63022.95703125
25775,TRPO,env4,1081344,-58731.5703125
25776,TRPO,env4,1097728,-56147.74609375
25777,TRPO,env4,1114112,-59556.44921875
25778,TRPO,env4,1130496,-61313.109375
25779,TRPO,env4,1146880,-57750.9453125
25780,TRPO,env4,1163264,-56091.6484375
25781,TRPO,env4,1179648,-60817.1171875
25782,TRPO,env4,1196032,-55139.21484375
25783,TRPO,env4,1212416,-54087.17578125
25784,TRPO,env4,1228800,-49676.20703125
25785,TRPO,env4,1245184,-46178.9921875
25786,TRPO,env4,1261568,-37644.2421875
25787,TRPO,env4,1277952,-40107.5703125
25788,TRPO,env4,1294336,-39440.5703125
25789,TRPO,env4,1310720,-46297.39453125
25790,TRPO,env4,1327104,-46712.34765625
25791,TRPO,env4,1343488,-48678.76171875
25792,TRPO,env4,1359872,-44816.07421875
25793,TRPO,env4,1376256,-43550.96484375
25794,TRPO,env4,1392640,-40480.1796875
25795,TRPO,env4,1409024,-37412.06640625
25796,TRPO,env4,1425408,-36901.75390625
25797,TRPO,env4,1441792,-35110.4765625
25798,TRPO,env4,1458176,-35192.5859375
25799,TRPO,env4,1474560,-32908.0859375
25800,TRPO,env4,1490944,-33704.875
25801,TRPO,env4,1507328,-27712.962890625
25802,TRPO,env4,1523712,-27089.724609375
25803,TRPO,env4,1540096,-28932.724609375
25804,TRPO,env4,1556480,-36812.1015625
25805,TRPO,env4,1572864,-41555.1953125
25806,TRPO,env4,1589248,-45399.109375
25807,TRPO,env4,1605632,-50157.25390625
25808,TRPO,env4,1622016,-50901.828125
25809,TRPO,env4,1638400,-50257.33984375
25810,TRPO,env4,1654784,-50490.7734375
25811,TRPO,env4,1671168,-54427.2109375
25812,TRPO,env4,1687552,-50866.69140625
25813,TRPO,env4,1703936,-50720.9609375
25814,TRPO,env4,1720320,-49037.00390625
25815,TRPO,env4,1736704,-43535.3203125
25816,TRPO,env4,1753088,-36070.6015625
25817,TRPO,env4,1769472,-36856.37890625
25818,TRPO,env4,1785856,-34087.171875
25819,TRPO,env4,1802240,-29583.01171875
25820,TRPO,env4,1818624,-34209.09765625
25821,TRPO,env4,1835008,-33205.33203125
25822,TRPO,env4,1851392,-31137.400390625
25823,TRPO,env4,1867776,-28244.650390625
25824,TRPO,env4,1884160,-27242.5546875
25825,TRPO,env4,1900544,-24513.255859375
25826,TRPO,env4,1916928,-27580.130859375
25827,TRPO,env4,1933312,-27951.98046875
25828,TRPO,env4,1949696,-33007.10546875
25829,TRPO,env4,1966080,-32519.0625
25830,TRPO,env4,1982464,-34197.171875
25831,TRPO,env4,1998848,-29797.767578125
25832,TRPO,env4,2015232,-25773.28515625
25833,TRPO,env5,16384,-97184.7734375
25834,TRPO,env5,32768,-97250.03125
25835,TRPO,env5,49152,-96676.1484375
25836,TRPO,env5,65536,-94060.015625
25837,TRPO,env5,81920,-89712.3671875
25838,TRPO,env5,98304,-94730.2109375
25839,TRPO,env5,114688,-93729.90625
25840,TRPO,env5,131072,-93439.828125
25841,TRPO,env5,147456,-93842.625
25842,TRPO,env5,163840,-92641.046875
25843,TRPO,env5,180224,-91478.1640625
25844,TRPO,env5,196608,-91743.3359375
25845,TRPO,env5,212992,-92711.671875
25846,TRPO,env5,229376,-94688.4765625
25847,TRPO,env5,245760,-94397.1953125
25848,TRPO,env5,262144,-95135.7578125
25849,TRPO,env5,278528,-92415.2578125
25850,TRPO,env5,294912,-93374.359375
25851,TRPO,env5,311296,-94315.203125
25852,TRPO,env5,327680,-93316.84375
25853,TRPO,env5,344064,-92309.765625
25854,TRPO,env5,360448,-92201.7265625
25855,TRPO,env5,376832,-92096.1015625
25856,TRPO,env5,393216,-89760.046875
25857,TRPO,env5,409600,-88778.2109375
25858,TRPO,env5,425984,-85738.6015625
25859,TRPO,env5,442368,-82924.234375
25860,TRPO,env5,458752,-81576.3203125
25861,TRPO,env5,475136,-73895.8984375
25862,TRPO,env5,491520,-70740.375
25863,TRPO,env5,507904,-67384.015625
25864,TRPO,env5,524288,-63898.66015625
25865,TRPO,env5,540672,-63763.953125
25866,TRPO,env5,557056,-73591.3671875
25867,TRPO,env5,573440,-69370.953125
25868,TRPO,env5,589824,-69536.3515625
25869,TRPO,env5,606208,-70397.0234375
25870,TRPO,env5,622592,-62767.73828125
25871,TRPO,env5,638976,-63578.9921875
25872,TRPO,env5,655360,-62494.6484375
25873,TRPO,env5,671744,-70742.140625
25874,TRPO,env5,688128,-71873.625
25875,TRPO,env5,704512,-75239.1640625
25876,TRPO,env5,720896,-75134.03125
25877,TRPO,env5,737280,-69487.3828125
25878,TRPO,env5,753664,-72193.3828125
25879,TRPO,env5,770048,-69104.4453125
25880,TRPO,env5,786432,-67736.390625
25881,TRPO,env5,802816,-63954.97265625
25882,TRPO,env5,819200,-57398.47265625
25883,TRPO,env5,835584,-54335.09375
25884,TRPO,env5,851968,-52071.10546875
25885,TRPO,env5,868352,-47955.046875
25886,TRPO,env5,884736,-50116.6484375
25887,TRPO,env5,901120,-49141.45703125
25888,TRPO,env5,917504,-44402.75390625
25889,TRPO,env5,933888,-38216.66015625
25890,TRPO,env5,950272,-37108.51171875
25891,TRPO,env5,966656,-31312.01953125
25892,TRPO,env5,983040,-27077.857421875
25893,TRPO,env5,999424,-28712.556640625
25894,TRPO,env5,1015808,-21884.568359375
25895,TRPO,env5,1032192,-18981.25
25896,TRPO,env5,1048576,-17830.1015625
25897,TRPO,env5,1064960,-19791.673828125
25898,TRPO,env5,1081344,-18494.8046875
25899,TRPO,env5,1097728,-18738.01953125
25900,TRPO,env5,1114112,-19563.69921875
25901,TRPO,env5,1130496,-17813.123046875
25902,TRPO,env5,1146880,-16514.82421875
25903,TRPO,env5,1163264,-22170.462890625
25904,TRPO,env5,1179648,-21853.125
25905,TRPO,env5,1196032,-23756.697265625
25906,TRPO,env5,1212416,-21388.013671875
25907,TRPO,env5,1228800,-20290.576171875
25908,TRPO,env5,1245184,-16157.5673828125
25909,TRPO,env5,1261568,-14710.6591796875
25910,TRPO,env5,1277952,-17852.16015625
25911,TRPO,env5,1294336,-16759.70703125
25912,TRPO,env5,1310720,-23438.025390625
25913,TRPO,env5,1327104,-27276.658203125
25914,TRPO,env5,1343488,-24126.96484375
25915,TRPO,env5,1359872,-24954.39453125
25916,TRPO,env5,1376256,-23605.806640625
25917,TRPO,env5,1392640,-21532.79296875
25918,TRPO,env5,1409024,-20593.1484375
25919,TRPO,env5,1425408,-21174.666015625
25920,TRPO,env5,1441792,-21067.052734375
25921,TRPO,env5,1458176,-22098.94921875
25922,TRPO,env5,1474560,-18769.48828125
25923,TRPO,env5,1490944,-18294.2421875
25924,TRPO,env5,1507328,-13407.26171875
25925,TRPO,env5,1523712,-10929.6484375
25926,TRPO,env5,1540096,-13182.251953125
25927,TRPO,env5,1556480,-15584.22265625
25928,TRPO,env5,1572864,-17959.029296875
25929,TRPO,env5,1589248,-24835.994140625
25930,TRPO,env5,1605632,-26675.974609375
25931,TRPO,env5,1622016,-28360.626953125
25932,TRPO,env5,1638400,-26803.65234375
25933,TRPO,env5,1654784,-27126.24609375
25934,TRPO,env5,1671168,-22785.28515625
25935,TRPO,env5,1687552,-25622.708984375
25936,TRPO,env5,1703936,-28605.240234375
25937,TRPO,env5,1720320,-26647.93359375
25938,TRPO,env5,1736704,-25134.138671875
25939,TRPO,env5,1753088,-30818.115234375
25940,TRPO,env5,1769472,-31328.916015625
25941,TRPO,env5,1785856,-31496.14453125
25942,TRPO,env5,1802240,-26164.3828125
25943,TRPO,env5,1818624,-27616.70703125
25944,TRPO,env5,1835008,-24260.068359375
25945,TRPO,env5,1851392,-19709.181640625
25946,TRPO,env5,1867776,-16417.076171875
25947,TRPO,env5,1884160,-19041.716796875
25948,TRPO,env5,1900544,-20072.771484375
25949,TRPO,env5,1916928,-19220.3671875
25950,TRPO,env5,1933312,-27009.595703125
25951,TRPO,env5,1949696,-28889.380859375
25952,TRPO,env5,1966080,-31236.220703125
25953,TRPO,env5,1982464,-29547.888671875
25954,TRPO,env5,1998848,-29513.958984375
25955,TRPO,env5,2015232,-28116.833984375
25956,TRPO,env6,16384,-100201.046875
25957,TRPO,env6,32768,-100167.3125
25958,TRPO,env6,49152,-99746.7109375
25959,TRPO,env6,65536,-99590.7265625
25960,TRPO,env6,81920,-99455.265625
25961,TRPO,env6,98304,-100180.984375
25962,TRPO,env6,114688,-99807.953125
25963,TRPO,env6,131072,-100484.0625
25964,TRPO,env6,147456,-99732.0546875
25965,TRPO,env6,163840,-100104.2109375
25966,TRPO,env6,180224,-100242.0078125
25967,TRPO,env6,196608,-99500.5234375
25968,TRPO,env6,212992,-99841.078125
25969,TRPO,env6,229376,-98227.0625
25970,TRPO,env6,245760,-98537.8203125
25971,TRPO,env6,262144,-97900.3515625
25972,TRPO,env6,278528,-98386.1171875
25973,TRPO,env6,294912,-97481.7578125
25974,TRPO,env6,311296,-97634.2734375
25975,TRPO,env6,327680,-97855.609375
25976,TRPO,env6,344064,-97234.5546875
25977,TRPO,env6,360448,-97138.5078125
25978,TRPO,env6,376832,-97661.7890625
25979,TRPO,env6,393216,-99337.15625
25980,TRPO,env6,409600,-99529.90625
25981,TRPO,env6,425984,-97341.4609375
25982,TRPO,env6,442368,-97205.546875
25983,TRPO,env6,458752,-100545.2421875
25984,TRPO,env6,475136,-97787.9453125
25985,TRPO,env6,491520,-95771.1328125
25986,TRPO,env6,507904,-97181.0390625
25987,TRPO,env6,524288,-97101.03125
25988,TRPO,env6,540672,-98239.953125
25989,TRPO,env6,557056,-98588.9296875
25990,TRPO,env6,573440,-96985.0234375
25991,TRPO,env6,589824,-92980.1328125
25992,TRPO,env6,606208,-88895.6796875
25993,TRPO,env6,622592,-90090.65625
25994,TRPO,env6,638976,-92173.78125
25995,TRPO,env6,655360,-92418.84375
25996,TRPO,env6,671744,-92918.9375
25997,TRPO,env6,688128,-93567.25
25998,TRPO,env6,704512,-95851.8359375
25999,TRPO,env6,720896,-92696.7265625
26000,TRPO,env6,737280,-93045.390625
26001,TRPO,env6,753664,-90499.0234375
26002,TRPO,env6,770048,-85125.828125
26003,TRPO,env6,786432,-78494.3828125
26004,TRPO,env6,802816,-73229.828125
26005,TRPO,env6,819200,-71552.390625
26006,TRPO,env6,835584,-68052.0234375
26007,TRPO,env6,851968,-76254.96875
26008,TRPO,env6,868352,-79653.21875
26009,TRPO,env6,884736,-80697.3984375
26010,TRPO,env6,901120,-81100.1015625
26011,TRPO,env6,917504,-77139.671875
26012,TRPO,env6,933888,-75403.7890625
26013,TRPO,env6,950272,-73616.1875
26014,TRPO,env6,966656,-70889.96875
26015,TRPO,env6,983040,-63103.39453125
26016,TRPO,env6,999424,-60440.765625
26017,TRPO,env6,1015808,-56682.79296875
26018,TRPO,env6,1032192,-59261.078125
26019,TRPO,env6,1048576,-62878.15625
26020,TRPO,env6,1064960,-67375.9140625
26021,TRPO,env6,1081344,-70383.5546875
26022,TRPO,env6,1097728,-70072.5234375
26023,TRPO,env6,1114112,-65861.7109375
26024,TRPO,env6,1130496,-67901.21875
26025,TRPO,env6,1146880,-66333.078125
26026,TRPO,env6,1163264,-66565.421875
26027,TRPO,env6,1179648,-66345.796875
26028,TRPO,env6,1196032,-65287.17578125
26029,TRPO,env6,1212416,-64011.83984375
26030,TRPO,env6,1228800,-66215.4453125
26031,TRPO,env6,1245184,-65407.8203125
26032,TRPO,env6,1261568,-67056.84375
26033,TRPO,env6,1277952,-67969.671875
26034,TRPO,env6,1294336,-66341.5546875
26035,TRPO,env6,1310720,-59478.90234375
26036,TRPO,env6,1327104,-57801.66015625
26037,TRPO,env6,1343488,-59990.875
26038,TRPO,env6,1359872,-57199.6171875
26039,TRPO,env6,1376256,-54269.58984375
26040,TRPO,env6,1392640,-52854.1796875
26041,TRPO,env6,1409024,-47441.59765625
26042,TRPO,env6,1425408,-43067.44921875
26043,TRPO,env6,1441792,-40558.0
26044,TRPO,env6,1458176,-36733.4375
26045,TRPO,env6,1474560,-42850.6171875
26046,TRPO,env6,1490944,-49824.50390625
26047,TRPO,env6,1507328,-44535.5859375
26048,TRPO,env6,1523712,-42789.9765625
26049,TRPO,env6,1540096,-46357.375
26050,TRPO,env6,1556480,-44646.87109375
26051,TRPO,env6,1572864,-38372.203125
26052,TRPO,env6,1589248,-36953.23046875
26053,TRPO,env6,1605632,-36075.33203125
26054,TRPO,env6,1622016,-42074.046875
26055,TRPO,env6,1638400,-45244.77734375
26056,TRPO,env6,1654784,-49848.1875
26057,TRPO,env6,1671168,-46896.57421875
26058,TRPO,env6,1687552,-52843.7265625
26059,TRPO,env6,1703936,-43895.1484375
26060,TRPO,env6,1720320,-39291.2734375
26061,TRPO,env6,1736704,-34899.5
26062,TRPO,env6,1753088,-35890.30078125
26063,TRPO,env6,1769472,-28545.712890625
26064,TRPO,env6,1785856,-25755.287109375
26065,TRPO,env6,1802240,-30494.525390625
26066,TRPO,env6,1818624,-33508.625
26067,TRPO,env6,1835008,-38223.01171875
26068,TRPO,env6,1851392,-39824.6640625
26069,TRPO,env6,1867776,-35045.1484375
26070,TRPO,env6,1884160,-31014.51171875
26071,TRPO,env6,1900544,-27060.775390625
26072,TRPO,env6,1916928,-25248.17578125
26073,TRPO,env6,1933312,-22730.5
26074,TRPO,env6,1949696,-20099.9375
26075,TRPO,env6,1966080,-21133.67578125
26076,TRPO,env6,1982464,-21384.150390625
26077,TRPO,env6,1998848,-20416.55078125
26078,TRPO,env6,2015232,-17546.44921875
26079,TRPO,env7,16384,-99288.1796875
26080,TRPO,env7,32768,-98871.6015625
26081,TRPO,env7,49152,-98003.3828125
26082,TRPO,env7,65536,-98179.453125
26083,TRPO,env7,81920,-98002.59375
26084,TRPO,env7,98304,-97605.4765625
26085,TRPO,env7,114688,-97344.15625
26086,TRPO,env7,131072,-95519.109375
26087,TRPO,env7,147456,-92549.71875
26088,TRPO,env7,163840,-96080.0546875
26089,TRPO,env7,180224,-96665.0234375
26090,TRPO,env7,196608,-97425.25
26091,TRPO,env7,212992,-96614.90625
26092,TRPO,env7,229376,-96082.7109375
26093,TRPO,env7,245760,-94106.4609375
26094,TRPO,env7,262144,-92614.453125
26095,TRPO,env7,278528,-97820.3828125
26096,TRPO,env7,294912,-97341.9921875
26097,TRPO,env7,311296,-95641.984375
26098,TRPO,env7,327680,-96172.1484375
26099,TRPO,env7,344064,-96947.046875
26100,TRPO,env7,360448,-97152.421875
26101,TRPO,env7,376832,-96158.2265625
26102,TRPO,env7,393216,-95026.7734375
26103,TRPO,env7,409600,-93870.7265625
26104,TRPO,env7,425984,-93957.5859375
26105,TRPO,env7,442368,-92454.203125
26106,TRPO,env7,458752,-94352.2109375
26107,TRPO,env7,475136,-96175.4296875
26108,TRPO,env7,491520,-94786.3046875
26109,TRPO,env7,507904,-95118.5390625
26110,TRPO,env7,524288,-94834.953125
26111,TRPO,env7,540672,-92123.484375
26112,TRPO,env7,557056,-88433.171875
26113,TRPO,env7,573440,-85953.609375
26114,TRPO,env7,589824,-87891.9453125
26115,TRPO,env7,606208,-89289.390625
26116,TRPO,env7,622592,-91080.9296875
26117,TRPO,env7,638976,-90442.2734375
26118,TRPO,env7,655360,-90791.5390625
26119,TRPO,env7,671744,-90166.671875
26120,TRPO,env7,688128,-92084.4296875
26121,TRPO,env7,704512,-92211.71875
26122,TRPO,env7,720896,-95505.4296875
26123,TRPO,env7,737280,-93677.1953125
26124,TRPO,env7,753664,-91660.34375
26125,TRPO,env7,770048,-89390.1484375
26126,TRPO,env7,786432,-86772.65625
26127,TRPO,env7,802816,-86020.3359375
26128,TRPO,env7,819200,-85557.171875
26129,TRPO,env7,835584,-82142.3125
26130,TRPO,env7,851968,-78589.296875
26131,TRPO,env7,868352,-74280.25
26132,TRPO,env7,884736,-73354.34375
26133,TRPO,env7,901120,-69580.0546875
26134,TRPO,env7,917504,-66312.53125
26135,TRPO,env7,933888,-67305.03125
26136,TRPO,env7,950272,-64007.2578125
26137,TRPO,env7,966656,-66711.0234375
26138,TRPO,env7,983040,-68740.5703125
26139,TRPO,env7,999424,-66815.96875
26140,TRPO,env7,1015808,-65629.328125
26141,TRPO,env7,1032192,-65525.30078125
26142,TRPO,env7,1048576,-66316.9609375
26143,TRPO,env7,1064960,-60611.30078125
26144,TRPO,env7,1081344,-63617.54296875
26145,TRPO,env7,1097728,-62428.234375
26146,TRPO,env7,1114112,-60047.47265625
26147,TRPO,env7,1130496,-52656.41015625
26148,TRPO,env7,1146880,-48443.2421875
26149,TRPO,env7,1163264,-48061.9140625
26150,TRPO,env7,1179648,-42034.453125
26151,TRPO,env7,1196032,-38810.75
26152,TRPO,env7,1212416,-43855.0234375
26153,TRPO,env7,1228800,-39226.3671875
26154,TRPO,env7,1245184,-35535.23828125
26155,TRPO,env7,1261568,-32909.55859375
26156,TRPO,env7,1277952,-35482.73046875
26157,TRPO,env7,1294336,-33809.97265625
26158,TRPO,env7,1310720,-34512.1953125
26159,TRPO,env7,1327104,-34580.94140625
26160,TRPO,env7,1343488,-35962.44921875
26161,TRPO,env7,1359872,-36892.1328125
26162,TRPO,env7,1376256,-36735.765625
26163,TRPO,env7,1392640,-35033.61328125
26164,TRPO,env7,1409024,-32674.787109375
26165,TRPO,env7,1425408,-30992.787109375
26166,TRPO,env7,1441792,-28928.080078125
26167,TRPO,env7,1458176,-27810.541015625
26168,TRPO,env7,1474560,-26468.158203125
26169,TRPO,env7,1490944,-24110.8671875
26170,TRPO,env7,1507328,-21781.92578125
26171,TRPO,env7,1523712,-19529.19921875
26172,TRPO,env7,1540096,-20867.80859375
26173,TRPO,env7,1556480,-19596.833984375
26174,TRPO,env7,1572864,-18389.333984375
26175,TRPO,env7,1589248,-21214.94921875
26176,TRPO,env7,1605632,-25692.591796875
26177,TRPO,env7,1622016,-29594.65625
26178,TRPO,env7,1638400,-28508.064453125
26179,TRPO,env7,1654784,-29811.814453125
26180,TRPO,env7,1671168,-31806.806640625
26181,TRPO,env7,1687552,-31778.490234375
26182,TRPO,env7,1703936,-31688.45703125
26183,TRPO,env7,1720320,-28363.875
26184,TRPO,env7,1736704,-27259.345703125
26185,TRPO,env7,1753088,-22345.287109375
26186,TRPO,env7,1769472,-21271.396484375
26187,TRPO,env7,1785856,-20004.5078125
26188,TRPO,env7,1802240,-18856.56640625
26189,TRPO,env7,1818624,-18649.466796875
26190,TRPO,env7,1835008,-18644.61328125
26191,TRPO,env7,1851392,-19553.73828125
26192,TRPO,env7,1867776,-18292.81640625
26193,TRPO,env7,1884160,-16369.3916015625
26194,TRPO,env7,1900544,-14650.0419921875
26195,TRPO,env7,1916928,-15269.474609375
26196,TRPO,env7,1933312,-15017.80859375
26197,TRPO,env7,1949696,-15206.0419921875
26198,TRPO,env7,1966080,-18903.93359375
26199,TRPO,env7,1982464,-21598.67578125
26200,TRPO,env7,1998848,-22011.599609375
26201,TRPO,env7,2015232,-19963.375
26202,TRPO,env8,16384,-100311.21875
26203,TRPO,env8,32768,-99919.5390625
26204,TRPO,env8,49152,-99289.0
26205,TRPO,env8,65536,-99783.875
26206,TRPO,env8,81920,-98873.6953125
26207,TRPO,env8,98304,-97388.671875
26208,TRPO,env8,114688,-97572.96875
26209,TRPO,env8,131072,-96339.59375
26210,TRPO,env8,147456,-96939.046875
26211,TRPO,env8,163840,-96669.6171875
26212,TRPO,env8,180224,-96099.1640625
26213,TRPO,env8,196608,-95341.6328125
26214,TRPO,env8,212992,-96036.0859375
26215,TRPO,env8,229376,-96859.625
26216,TRPO,env8,245760,-95630.7421875
26217,TRPO,env8,262144,-92351.96875
26218,TRPO,env8,278528,-95521.0
26219,TRPO,env8,294912,-95392.0
26220,TRPO,env8,311296,-92989.203125
26221,TRPO,env8,327680,-92733.5234375
26222,TRPO,env8,344064,-94660.2265625
26223,TRPO,env8,360448,-94194.0546875
26224,TRPO,env8,376832,-93478.4921875
26225,TRPO,env8,393216,-92024.9609375
26226,TRPO,env8,409600,-91774.390625
26227,TRPO,env8,425984,-87584.7890625
26228,TRPO,env8,442368,-88191.7265625
26229,TRPO,env8,458752,-91516.859375
26230,TRPO,env8,475136,-94646.546875
26231,TRPO,env8,491520,-94659.921875
26232,TRPO,env8,507904,-91876.046875
26233,TRPO,env8,524288,-93819.5234375
26234,TRPO,env8,540672,-94676.375
26235,TRPO,env8,557056,-93124.921875
26236,TRPO,env8,573440,-91583.578125
26237,TRPO,env8,589824,-89965.28125
26238,TRPO,env8,606208,-90622.53125
26239,TRPO,env8,622592,-90581.3046875
26240,TRPO,env8,638976,-92234.421875
26241,TRPO,env8,655360,-90504.796875
26242,TRPO,env8,671744,-92950.546875
26243,TRPO,env8,688128,-93518.875
26244,TRPO,env8,704512,-94235.375
26245,TRPO,env8,720896,-93270.25
26246,TRPO,env8,737280,-93327.953125
26247,TRPO,env8,753664,-92250.625
26248,TRPO,env8,770048,-91644.4375
26249,TRPO,env8,786432,-90746.2890625
26250,TRPO,env8,802816,-94324.609375
26251,TRPO,env8,819200,-91492.0625
26252,TRPO,env8,835584,-89589.5703125
26253,TRPO,env8,851968,-87786.6640625
26254,TRPO,env8,868352,-90994.140625
26255,TRPO,env8,884736,-93088.125
26256,TRPO,env8,901120,-90237.7109375
26257,TRPO,env8,917504,-88002.0078125
26258,TRPO,env8,933888,-85853.3515625
26259,TRPO,env8,950272,-84032.0703125
26260,TRPO,env8,966656,-81866.015625
26261,TRPO,env8,983040,-80410.125
26262,TRPO,env8,999424,-75246.8515625
26263,TRPO,env8,1015808,-74859.046875
26264,TRPO,env8,1032192,-75550.546875
26265,TRPO,env8,1048576,-79397.171875
26266,TRPO,env8,1064960,-83178.453125
26267,TRPO,env8,1081344,-83687.703125
26268,TRPO,env8,1097728,-85630.671875
26269,TRPO,env8,1114112,-84637.546875
26270,TRPO,env8,1130496,-78865.7734375
26271,TRPO,env8,1146880,-73001.046875
26272,TRPO,env8,1163264,-64735.28515625
26273,TRPO,env8,1179648,-62983.75
26274,TRPO,env8,1196032,-58283.94921875
26275,TRPO,env8,1212416,-57671.1484375
26276,TRPO,env8,1228800,-57867.05078125
26277,TRPO,env8,1245184,-57389.75
26278,TRPO,env8,1261568,-56048.29296875
26279,TRPO,env8,1277952,-52819.265625
26280,TRPO,env8,1294336,-60306.890625
26281,TRPO,env8,1310720,-53372.69140625
26282,TRPO,env8,1327104,-45148.81640625
26283,TRPO,env8,1343488,-39205.625
26284,TRPO,env8,1359872,-41871.2578125
26285,TRPO,env8,1376256,-35350.1328125
26286,TRPO,env8,1392640,-30864.55859375
26287,TRPO,env8,1409024,-34962.3828125
26288,TRPO,env8,1425408,-43388.45703125
26289,TRPO,env8,1441792,-40833.359375
26290,TRPO,env8,1458176,-41137.984375
26291,TRPO,env8,1474560,-41272.03515625
26292,TRPO,env8,1490944,-38412.66015625
26293,TRPO,env8,1507328,-33597.2578125
26294,TRPO,env8,1523712,-36047.109375
26295,TRPO,env8,1540096,-42831.359375
26296,TRPO,env8,1556480,-45782.91015625
26297,TRPO,env8,1572864,-45264.43359375
26298,TRPO,env8,1589248,-51022.03515625
26299,TRPO,env8,1605632,-45164.1484375
26300,TRPO,env8,1622016,-38502.625
26301,TRPO,env8,1638400,-42663.92578125
26302,TRPO,env8,1654784,-45803.30078125
26303,TRPO,env8,1671168,-35760.7734375
26304,TRPO,env8,1687552,-36281.125
26305,TRPO,env8,1703936,-36482.42578125
26306,TRPO,env8,1720320,-27737.900390625
26307,TRPO,env8,1736704,-23397.69921875
26308,TRPO,env8,1753088,-22392.474609375
26309,TRPO,env8,1769472,-22217.900390625
26310,TRPO,env8,1785856,-24398.75
26311,TRPO,env8,1802240,-25542.82421875
26312,TRPO,env8,1818624,-20947.224609375
26313,TRPO,env8,1835008,-20281.625
26314,TRPO,env8,1851392,-20431.69921875
26315,TRPO,env8,1867776,-19625.775390625
26316,TRPO,env8,1884160,-18415.900390625
26317,TRPO,env8,1900544,-25303.30078125
26318,TRPO,env8,1916928,-28132.025390625
26319,TRPO,env8,1933312,-24202.849609375
26320,TRPO,env8,1949696,-24123.142578125
26321,TRPO,env8,1966080,-22194.833984375
26322,TRPO,env8,1982464,-17839.1328125
26323,TRPO,env8,1998848,-17984.982421875
26324,TRPO,env8,2015232,-19308.583984375
