time/episodes,train/n_updates,train/critic_loss,time/total_timesteps,time/time_elapsed,rollout/ep_rew_mean,rollout/ep_len_mean,train/actor_loss,train/learning_rate,train/ent_coef_loss,time/fps,train/ent_coef
4,165,82.23921203613281,764,4,-90743.54166675,102.0,92.02513885498047,0.0003,-0.9953620433807373,167,1.045556664466858
8,226,414.23663330078125,1008,6,-92008.55208337499,114.875,101.69473266601562,0.0003,-1.299750566482544,162,1.0639806985855103
12,407,238.96888732910156,1732,10,-94004.76388891666,102.16666666666667,139.71743774414062,0.0003,-2.601576566696167,157,1.1217000484466553
16,690,220.2117156982422,2864,18,-93378.234375,130.3125,181.66000366210938,0.0003,-3.1859190464019775,156,1.213698148727417
20,755,609.9431762695312,3124,19,-94529.0875,137.1,194.7427978515625,0.0003,-3.6098599433898926,156,1.232475757598877
24,851,1039.144287109375,3508,22,-95093.61458333333,122.08333333333333,215.617431640625,0.0003,-4.040313243865967,156,1.2617465257644653
28,979,844.583740234375,4020,25,-94420.27083332143,115.28571428571429,235.33554077148438,0.0003,-4.564375400543213,156,1.3026111125946045
32,1040,1020.0296020507812,4264,27,-94303.00213065626,130.4375,248.1558837890625,0.0003,-4.493339538574219,155,1.3229349851608276
36,1113,805.39404296875,4556,29,-94714.7866161389,122.80555555555556,262.89385986328125,0.0003,-5.389118194580078,155,1.3480970859527588
40,1153,7.007497787475586,4716,30,-95043.05795452501,116.475,270.8765563964844,0.0003,-5.133447170257568,155,1.362183690071106
44,1199,221.2791290283203,4900,31,-95300.53564047728,110.52272727272727,282.5611877441406,0.0003,-5.6692304611206055,155,1.378788709640503
48,1236,825.1064453125,5048,32,-95508.87642043752,104.08333333333333,288.33447265625,0.0003,-5.834121227264404,154,1.3923929929733276
52,1332,416.2029724121094,5432,35,-95700.14073425002,100.11538461538461,305.2513122558594,0.0003,-5.56210994720459,154,1.428540587425232
56,1419,591.7536010742188,5780,37,-96042.45211037502,96.55357142857143,331.45196533203125,0.0003,-6.709285259246826,154,1.4628299474716187
60,1487,7.900082588195801,6052,39,-95990.47613635001,95.45,342.7642822265625,0.0003,-6.932501792907715,153,1.4905362129211426
64,1564,261.1109924316406,6360,41,-95984.87346115625,97.6875,358.5771484375,0.0003,-7.424368858337402,153,1.5223867893218994
68,1703,592.1543579101562,6916,44,-96101.09413991177,95.97058823529412,387.74945068359375,0.0003,-7.628920555114746,153,1.58258056640625
72,1841,612.1964721679688,7468,48,-96084.99168769445,96.90277777777777,419.56231689453125,0.0003,-8.20391845703125,154,1.6450327634811401
76,1934,223.60902404785156,7840,51,-95918.32545851315,98.73684210526316,451.1171875,0.0003,-8.526253700256348,153,1.6888943910598755
80,2093,398.7524108886719,8476,55,-96074.7529355875,103.05,483.78857421875,0.0003,-9.777139663696289,152,1.7670563459396362
84,2194,613.0357666015625,8880,58,-96186.16351008334,102.77380952380952,511.5272521972656,0.0003,-10.260854721069336,153,1.8192260265350342
88,2340,593.49462890625,9464,61,-96172.04812326138,104.63636363636364,543.992919921875,0.0003,-11.227169036865234,153,1.8979295492172241
88,2474,613.677734375,10000,65,-96172.04812326138,104.63636363636364,587.8065185546875,0.0003,-11.421857833862305,153,1.972926139831543
92,2593,458.0701599121094,10476,68,-95948.68008891307,108.8804347826087,583.3468017578125,0.0003,-4.93172550201416,153,2.036189556121826
96,2826,243.6472930908203,11408,74,-95651.065814375,115.0625,512.29931640625,0.0003,6.755033493041992,153,2.002100944519043
100,2973,69.12889099121094,11996,77,-95450.67040402001,115.97,520.3939208984375,0.0003,6.611817359924316,153,1.9455814361572266
104,3074,417.968505859375,12400,80,-95644.09123734999,116.18,515.0739135742188,0.0003,6.32729434967041,153,1.9061574935913086
108,3245,398.10784912109375,13084,84,-95562.20012623999,118.32,505.899169921875,0.0003,6.072305679321289,154,1.8389761447906494
112,3420,262.8732604980469,13784,89,-95369.33762624,120.67,508.50250244140625,0.0003,5.689998626708984,154,1.7697924375534058
116,3497,592.7861938476562,14092,91,-95127.26775445002,119.16,506.61773681640625,0.0003,5.37369441986084,154,1.7393219470977783
120,3627,223.2939910888672,14612,94,-94780.16775445001,116.44,507.32977294921875,0.0003,5.17484188079834,154,1.6880412101745605
124,3822,437.7786560058594,15392,99,-94591.75525445,121.38,507.7537841796875,0.0003,4.61349630355835,154,1.6116474866867065
128,3906,242.90902709960938,15728,101,-94487.48164334001,123.3,501.16229248046875,0.0003,4.406950950622559,154,1.5791431665420532
132,4131,631.276611328125,16628,107,-92056.92596152998,118.48,496.74053955078125,0.0003,3.901791572570801,154,1.4932889938354492
136,4206,9.200516700744629,16928,109,-91650.85096152998,123.85,492.48626708984375,0.0003,3.7424559593200684,154,1.4652334451675415
140,4499,29.305347442626953,18100,116,-91152.93179486,129.34,485.3757019042969,0.0003,2.953733444213867,154,1.358906865119934
144,4729,397.0631408691406,19020,122,-90657.32088576998,137.16,480.2590026855469,0.0003,2.2953133583068848,155,1.2793453931808472
147,4974,28.50094223022461,20000,129,-90362.39406759001,141.2,468.869384765625,0.0003,1.693293809890747,154,1.1988348960876465
148,4982,222.92282104492188,20032,129,-90161.31906759001,142.65,475.55560302734375,0.0003,1.6751160621643066,154,1.196273922920227
152,5155,435.47625732421875,20724,133,-89778.12045648001,150.86,474.9464111328125,0.0003,1.2206361293792725,154,1.1421146392822266
156,5552,416.606201171875,22312,144,-89283.48474219002,156.28,463.1693115234375,0.0003,0.2293284684419632,154,1.026049256324768
160,5853,242.4364471435547,23516,151,-84329.54492089999,176.18,466.00433349609375,0.0003,-0.4951205551624298,155,0.9454653859138489
164,6383,200.91973876953125,25636,164,-83731.99706737,182.28,461.1054992675781,0.0003,-1.658691167831421,155,0.8176381587982178
168,6721,28.997129440307617,26988,172,-82837.63229465,198.08,454.335693359375,0.0003,-2.430698871612549,156,0.7448997497558594
170,7474,629.8336181640625,30000,192,-82643.70979465,203.81,445.3500061035156,0.0003,-3.859377384185791,156,0.6048566699028015
172,7545,495.0979919433594,30284,194,-81275.95365829,222.79,435.6628723144531,0.0003,-3.839167594909668,155,0.5931218266487122
176,8037,455.6579895019531,32252,206,-80910.63199163,237.72,434.51361083984375,0.0003,-4.885017395019531,156,0.5178498029708862
180,8729,240.8358154296875,35020,224,-79439.05865829,256.27,401.8507080078125,0.0003,-6.047403335571289,155,0.42801734805107117
184,9164,221.21559143066406,36760,235,-78748.87365828999,272.77,399.3696594238281,0.0003,-6.938985824584961,156,0.3797556161880493
186,9974,434.4553527832031,40000,255,-78346.51532496001,286.7,418.900146484375,0.0003,-7.394007205963135,156,0.3043931722640991
188,10164,27.895652770996094,40760,260,-76253.04865828999,302.85,390.4947509765625,0.0003,-7.6881608963012695,156,0.28910860419273376
192,10492,7.243697643280029,42072,268,-76164.76532496,308.82,399.13323974609375,0.0003,-8.430110931396484,156,0.2643398940563202
196,11225,611.2444458007812,45004,287,-72879.49389638999,323.98,386.7958984375,0.0003,-9.042137145996094,156,0.2162206619977951
200,11387,221.4163055419922,45652,291,-72576.69786464,337.21,367.90557861328125,0.0003,-9.016796112060547,156,0.2068701982498169
204,11999,200.91622924804688,48100,306,-69966.7625075,342.14,360.30816650390625,0.0003,-9.089761734008789,156,0.17499762773513794
208,12140,240.01596069335938,48664,310,-69566.71103619,356.53,341.28082275390625,0.0003,-8.79741096496582,156,0.16834904253482819
212,12265,201.759521484375,49164,313,-69559.77353619,355.88,382.77960205078125,0.0003,-8.434940338134766,156,0.1627574861049652
216,12373,46.283573150634766,49596,316,-69986.22257465,355.11,370.55133056640625,0.0003,-9.929754257202148,156,0.15812154114246368
218,12474,199.62014770507812,50000,318,-70197.64757465,355.54,352.57183837890625,0.0003,-9.374159812927246,156,0.15387465059757233
220,12526,202.29251098632812,50208,320,-70198.27257465001,355.76,358.35797119140625,0.0003,-9.50202751159668,156,0.15173736214637756
224,12711,47.64828872680664,50948,325,-70092.07257465,353.8,378.65155029296875,0.0003,-9.078032493591309,156,0.14442576467990875
228,12857,276.1896667480469,51532,328,-70435.96285243,355.98,354.4638671875,0.0003,-10.092863082885742,156,0.1389269232749939
232,12973,65.73654174804688,51996,331,-72948.69618576,355.32,363.18414306640625,0.0003,-8.759848594665527,156,0.13470834493637085
236,13126,65.97168731689453,52608,335,-73363.88368576,351.15,355.02166748046875,0.0003,-9.574357986450195,156,0.1293816864490509
240,13223,240.42945861816406,52996,338,-73548.05285243,346.56,362.81683349609375,0.0003,-9.477424621582031,156,0.12615691125392914
244,13343,201.08963012695312,53476,341,-74010.90126152,346.82,356.3288269042969,0.0003,-9.05508041381836,156,0.12225291132926941
248,13453,219.49398803710938,53916,344,-74421.9655797,344.07,346.5238037109375,0.0003,-9.461638450622559,156,0.11883092671632767
252,13577,591.5648803710938,54412,347,-74712.58919081,338.3,356.68939208984375,0.0003,-9.978460311889648,156,0.11509478837251663
256,13693,25.48090362548828,54876,350,-74798.2124051,337.43,350.926025390625,0.0003,-8.601869583129883,156,0.11170265078544617
260,13803,24.231708526611328,55316,353,-79549.21472639,318.54,342.29559326171875,0.0003,-10.20418643951416,156,0.10862027108669281
264,14131,651.8160400390625,56628,361,-79825.42924659,317.24,363.34246826171875,0.0003,-6.932762622833252,156,0.1001957580447197
268,14338,437.62738037109375,57456,366,-80314.42735264,308.12,351.47100830078125,0.0003,-6.683514595031738,156,0.095335453748703
272,14452,221.1953887939453,57912,369,-81650.25598900001,282.75,352.138916015625,0.0003,-4.940345764160156,156,0.09278061985969543
276,14634,201.6368865966797,58640,374,-81905.75682232999,266.44,335.2301025390625,0.0003,-7.891048431396484,156,0.08893543481826782
279,14974,435.5216979980469,60000,383,-82926.613489,248.66,340.0605773925781,0.0003,-7.34610652923584,156,0.08223596215248108
280,15024,23.55847930908203,60200,384,-83022.35515567,244.51,314.3417053222656,0.0003,-8.00643539428711,156,0.08131434768438339
284,15163,417.07366943359375,60756,388,-82398.81515566999,240.75,342.21844482421875,0.0003,-5.597634315490723,156,0.07880691438913345
288,15610,799.0875244140625,62544,399,-83580.70682234,220.56,347.4098205566406,0.0003,-3.2439706325531006,156,0.07188732177019119
292,16134,626.6710815429688,64640,412,-83551.16182234,224.7,309.1585693359375,0.0003,-5.358753681182861,156,0.06523891538381577
296,16296,416.6956481933594,65288,416,-86796.90825091001,208.3,304.4403381347656,0.0003,-5.159651756286621,156,0.06345691531896591
300,16396,437.0408630371094,65688,419,-87080.98206044,193.74,344.07354736328125,0.0003,-5.519967079162598,156,0.06243579462170601
304,16495,628.4185180664062,66084,421,-88283.61287212999,197.44,313.2253723144531,0.0003,-2.37593412399292,156,0.06142609193921089
308,16728,204.76507568359375,67016,427,-88644.27545455,182.1,361.7293701171875,0.0003,-4.276950836181641,156,0.05933300778269768
312,16892,241.85179138183594,67672,432,-88533.60045455002,183.5,293.2784423828125,0.0003,-2.4255082607269287,156,0.058006033301353455
316,17254,405.2586364746094,69120,441,-88104.70681819001,188.81,327.6633605957031,0.0003,-2.045196771621704,156,0.055697619915008545
319,17474,244.85018920898438,70000,446,-87885.61931818999,191.74,344.8199462890625,0.0003,-0.865803599357605,156,0.0545002818107605
320,17501,48.062679290771484,70108,447,-87887.53181819,193.41,338.31964111328125,0.0003,-0.4431900978088379,156,0.05435923486948013
324,17613,980.2172241210938,70556,450,-87880.21931819,198.97,312.6623229980469,0.0003,1.1198087930679321,156,0.05395512655377388
328,17799,456.30328369140625,71300,455,-87633.24431818999,196.81,306.83282470703125,0.0003,-0.8514852523803711,156,0.05344094708561897
332,18119,261.99444580078125,72580,463,-87425.58181819,202.51,301.04217529296875,0.0003,-1.5007085800170898,156,0.05284290388226509
336,18267,257.629638671875,73172,466,-87008.99681818999,208.6,313.84710693359375,0.0003,0.1948677897453308,156,0.05262733995914459
340,18412,202.45132446289062,73752,470,-87009.70931819,209.45,311.5005187988281,0.0003,0.2629595994949341,156,0.05250290408730507
344,18970,436.6260986328125,75984,484,-86448.18181818999,215.69,294.79644775390625,0.0003,-0.573654055595398,156,0.05336840823292732
348,19279,807.360107421875,77220,492,-85842.69777057,228.37,305.4779357910156,0.0003,0.027977049350738525,156,0.05458541959524155
352,19550,26.45638656616211,78304,499,-85332.41777057,238.18,290.1429443359375,0.0003,-0.08010256290435791,156,0.05560051277279854
356,19874,783.6961059570312,79600,507,-85032.55777057,239.74,303.6272888183594,0.0003,0.8464912176132202,156,0.05683023855090141
357,19974,24.12514305114746,80000,509,-84836.20955628,244.01,279.3529052734375,0.0003,-2.4680910110473633,156,0.057069018483161926
360,20312,435.35357666015625,81352,518,-84547.89455628,255.86,275.1925964355469,0.0003,-0.27704620361328125,157,0.05825422331690788
364,20728,30.515071868896484,83016,528,-84250.98205628,261.52,312.1040954589844,0.0003,1.8208138942718506,157,0.05904839560389519
368,21036,202.99464416503906,84248,535,-83950.15622295,262.08,292.0746765136719,0.0003,-0.632681131362915,157,0.059660568833351135
372,22036,206.87733459472656,88248,560,-79485.18908009,298.23,289.8089599609375,0.0003,0.1355353593826294,157,0.059822648763656616
374,22474,220.2054443359375,90000,570,-79295.86158009,309.31,226.7554931640625,0.0003,-0.3740653395652771,157,0.05985322222113609
376,22764,244.49212646484375,91160,577,-78107.35408009001,321.29,270.57000732421875,0.0003,1.125647783279419,157,0.059282511472702026
380,23392,242.62095642089844,93672,593,-77830.17408009,343.49,246.40594482421875,0.0003,-0.9795540571212769,157,0.0601397380232811
384,24216,27.970924377441406,96968,614,-78441.63908009,358.28,254.46148681640625,0.0003,-1.447213888168335,157,0.06039658188819885
388,24658,10.726278305053711,98736,625,-79429.95991342001,348.96,293.601806640625,0.0003,-0.24951976537704468,157,0.06129990890622139
391,24974,264.4500732421875,100000,633,-77248.51741342,365.41,282.5545654296875,0.0003,0.422524631023407,157,0.06133066862821579
392,25658,407.6078796386719,102736,650,-76349.72491342001,365.65,248.3946990966797,0.0003,-0.1996111273765564,157,0.06264868378639221
396,25756,50.65028381347656,103128,652,-73174.93104978,387.11,252.72760009765625,0.0003,0.4933220446109772,158,0.06348367035388947
400,26743,229.9033966064453,107076,677,-72891.94771644,403.39,290.94970703125,0.0003,1.0648726224899292,158,0.06520974636077881
404,27434,219.8079071044922,109840,694,-72811.63559522,420.38,191.81219482421875,0.0003,-3.9862985610961914,158,0.0668758898973465
404,27474,399.53466796875,110000,695,-72811.63559522,420.38,242.93295288085938,0.0003,1.4075579643249512,158,0.06697175651788712
408,27808,437.7684020996094,111336,704,-72829.93559522,435.09,258.0718078613281,0.0003,-0.510403573513031,158,0.06713445484638214
412,28435,7.8401055335998535,113844,719,-71751.84392854999,454.15,174.06988525390625,0.0003,-2.1249146461486816,158,0.06704230606555939
416,29041,35.62834930419922,116268,735,-70672.63339824,470.52,279.4583740234375,0.0003,2.325221538543701,158,0.0672825425863266
420,29359,28.708810806274414,117540,743,-70678.58339823999,475.28,174.68174743652344,0.0003,-0.42809760570526123,158,0.06739618629217148
422,29974,202.11880493164062,120000,759,-69684.08339823999,479.67,165.83572387695312,0.0003,-0.6198530197143555,158,0.06818851083517075
424,30182,380.6635437011719,120832,764,-69682.74589824,478.6,345.6943054199219,0.0003,1.501461386680603,158,0.06859424710273743
428,30359,88.87061309814453,121540,768,-66715.40839823999,504.7,338.41192626953125,0.0003,0.04469656944274902,158,0.06887685507535934
432,30503,66.57735443115234,122116,772,-66610.26673157,500.59,172.28041076660156,0.0003,-0.006031513214111328,158,0.06922760605812073
436,30692,30.268030166625977,122872,777,-66605.86423157,496.27,174.1022186279297,0.0003,-0.09514486789703369,158,0.06891973316669464
440,31000,638.1777954101562,124104,785,-66514.22673157,504.51,250.66873168945312,0.0003,-2.2766520977020264,158,0.06857924908399582
444,31582,7.317173957824707,126432,800,-66706.99173157,498.12,141.77163696289062,0.0003,-1.4995418787002563,158,0.06922737509012222
448,31991,236.28250122070312,128068,810,-65709.44661252,504.94,208.81617736816406,0.0003,1.9469298124313354,158,0.07011131197214127
452,32187,29.8007755279541,128852,815,-64810.40161251999,506.39,184.16880798339844,0.0003,-0.6980245113372803,158,0.07043296843767166
456,32326,9.705745697021484,129408,818,-65009.48244584999,504.84,161.47898864746094,0.0003,1.315182089805603,158,0.07089251279830933
457,32474,29.184728622436523,130000,822,-65106.03066013999,501.16,182.80038452148438,0.0003,-0.7873210310935974,158,0.071285180747509
460,32556,410.1520690917969,130328,824,-65399.29566013999,493.48,323.8333435058594,0.0003,1.4387660026550293,158,0.07145869731903076
464,33060,211.8641357421875,132344,837,-65702.75399346999,493.96,274.33575439453125,0.0003,-0.39325278997421265,158,0.07154303044080734
468,33717,6.309104919433594,134972,853,-65811.79566014001,500.23,148.70419311523438,0.0003,-0.5542640686035156,158,0.07195591181516647
472,34151,47.97308349609375,136708,864,-69000.26280299999,486.42,141.75576782226562,0.0003,0.08124884963035583,158,0.07252023369073868
476,34431,586.5630493164062,137828,871,-70182.08113634,467.25,155.91513061523438,0.0003,-1.0713917016983032,158,0.07202186435461044
479,34974,7.564645290374756,140000,885,-70078.51196967,462.43,134.17852783203125,0.0003,-0.7833631038665771,158,0.07153332233428955
480,35144,12.46712589263916,140680,890,-70183.93696966999,466.08,189.35848999023438,0.0003,0.3343682289123535,158,0.07145877182483673
484,35802,223.10914611816406,143312,906,-68381.01363633,461.24,134.9940643310547,0.0003,-1.4879008531570435,158,0.07042457908391953
488,36134,202.15325927734375,144640,915,-67396.355303,474.21,115.22344970703125,0.0003,-0.2594730854034424,158,0.06987415254116058
492,36917,10.055696487426758,147772,935,-68493.472803,473.11,175.99981689453125,0.0003,-0.8363568186759949,157,0.06878922134637833
496,37376,415.2771911621094,149608,946,-71377.02749997,460.4,136.48037719726562,0.0003,0.40283942222595215,157,0.0686672255396843
496,37474,220.63294982910156,150000,949,-71377.02749997,460.4,138.615478515625,0.0003,-1.2973440885543823,158,0.06922008097171783
500,37917,242.82237243652344,151772,960,-70269.96916665001,456.1,140.17105102539062,0.0003,-0.3283759355545044,158,0.06803642213344574
504,38504,8.568709373474121,154120,974,-70158.71083330999,451.11,139.56341552734375,0.0003,0.6283169388771057,158,0.0673396959900856
508,38972,228.11929321289062,155992,986,-69845.73583331,444.37,200.6126251220703,0.0003,-0.9029347896575928,158,0.06895288079977036
512,39229,802.3551025390625,157020,992,-70534.83642855,439.83,129.673095703125,0.0003,0.9687765836715698,158,0.0689750611782074
516,39339,388.6306457519531,157460,995,-71702.84892854998,414.5,137.3761749267578,0.0003,-0.9370450973510742,158,0.06930918991565704
520,39481,203.78688049316406,158028,998,-71692.48642855,406.21,139.07492065429688,0.0003,2.103604316711426,158,0.06960302591323853
521,39974,238.56695556640625,160000,1008,-72583.97809522,400.36,334.903564453125,0.0003,0.5113803744316101,158,0.07010746002197266
524,40084,29.770118713378906,160440,1010,-72486.12392854999,403.53,140.05706787109375,0.0003,1.4410021305084229,158,0.07028176635503769
528,40310,7.749956130981445,161344,1015,-73266.91976188,394.12,130.77664184570312,0.0003,-0.3926318883895874,158,0.07084141671657562
532,40977,222.67347717285156,164012,1027,-71982.79476189,413.84,130.52560424804688,0.0003,-0.29683661460876465,159,0.07122770696878433
536,41460,201.95896911621094,165944,1037,-71984.77809522,417.01,119.04971313476562,0.0003,-0.9344350695610046,159,0.07035799324512482
540,41647,431.71807861328125,166692,1041,-70983.45726189,417.32,340.38934326171875,0.0003,1.5128774642944336,160,0.0704876109957695
544,41833,56.169734954833984,167436,1044,-71076.34476189001,411.09,250.1902313232422,0.0003,-0.6770821809768677,160,0.07060518115758896
548,42008,31.005889892578125,168136,1048,-71266.13226189,400.29,147.10064697265625,0.0003,1.1599066257476807,160,0.07075335830450058
552,42105,223.9040069580078,168524,1050,-71362.41559522,397.44,116.43470001220703,0.0003,0.8656293153762817,160,0.0709821805357933
556,42217,459.5980529785156,168972,1052,-71459.11976188999,394.8,147.70523071289062,0.0003,1.5074928998947144,160,0.0709175243973732
560,42372,202.39344787597656,169592,1055,-71453.22809522,389.99,171.27398681640625,0.0003,0.3633147180080414,160,0.07088733464479446
562,42474,242.75318908691406,170000,1057,-71446.47809522,384.59,116.6110610961914,0.0003,0.41429299116134644,160,0.07107315957546234
564,42495,11.394968032836914,170084,1057,-71539.00726189,378.06,160.97314453125,0.0003,1.229727029800415,160,0.07107944041490555
568,42653,51.08612060546875,170716,1060,-71824.09559522,365.54,152.15032958984375,0.0003,-0.10528608411550522,160,0.07101564854383469
572,42746,16.521026611328125,171088,1062,-72905.70392854999,349.32,215.90249633789062,0.0003,2.3587589263916016,160,0.07061144709587097
576,42836,211.3865966796875,171448,1064,-73100.82059521,344.99,251.6402587890625,0.0003,0.1534918248653412,161,0.07048854231834412
580,42944,27.796632766723633,171880,1066,-73276.06559521,324.06,119.59678649902344,0.0003,-0.3972591757774353,161,0.07054492831230164
584,43120,27.446392059326172,172584,1070,-75351.92392855,301.97,111.28990173339844,0.0003,-0.6722061634063721,161,0.07120432704687119
588,43252,224.3384552001953,173112,1072,-76434.19476188,286.94,127.11443328857422,0.0003,-0.5849907994270325,161,0.0712333470582962
592,43414,845.4390258789062,173760,1076,-78401.24476188,257.89,110.29679107666016,0.0003,-0.3398413062095642,161,0.07151421159505844
596,43568,220.84925842285156,174376,1079,-78687.79226188,245.19,100.08840942382812,0.0003,-0.5318534970283508,161,0.07197678089141846
600,43860,261.0686950683594,175544,1085,-79984.91726187,241.36,111.18692779541016,0.0003,-2.2378106117248535,161,0.07208351045846939
604,44148,242.4426727294922,176696,1090,-81374.75476188,226.38,134.1697235107422,0.0003,0.5461629629135132,161,0.07215097546577454
608,44268,15.349531173706055,177176,1093,-81570.80476188,221.05,186.40866088867188,0.0003,0.32792243361473083,162,0.0716945081949234
612,44763,210.7712860107422,179156,1103,-81867.44166663999,214.76,129.38705444335938,0.0003,1.2671464681625366,162,0.07051284611225128
615,44974,221.2960968017578,180000,1107,-81973.28333331,218.8,107.8753662109375,0.0003,-0.07088357210159302,162,0.06980911642313004
616,44979,26.79684829711914,180020,1107,-81879.60833331,225.97,117.18609619140625,0.0003,-0.9225659370422363,162,0.0697738379240036
620,45384,398.7991943359375,181640,1115,-81880.94583331,227.04,122.87696838378906,0.0003,-0.6854234933853149,162,0.06844016909599304
624,45660,25.487689971923828,182744,1121,-82082.29583331,225.72,99.44508361816406,0.0003,-1.5718061923980713,163,0.06868189573287964
628,45803,10.310357093811035,183316,1123,-83985.94999999001,224.39,143.53933715820312,0.0003,-1.2207589149475098,163,0.06812763214111328
632,45987,284.7135009765625,184052,1127,-85369.55416664999,204.25,152.23098754882812,0.0003,1.753164529800415,163,0.06728241592645645
636,46146,224.72390747070312,184688,1130,-85467.02083332,200.63,134.91519165039062,0.0003,-0.4523310661315918,163,0.06637321412563324
640,46276,202.16590881347656,185208,1133,-86464.52499998001,195.76,133.71031188964844,0.0003,2.7129693031311035,163,0.06615550816059113
644,46540,635.9328002929688,186264,1138,-86168.37083331001,200.14,161.9687042236328,0.0003,0.682698130607605,163,0.06612111628055573
648,46745,202.17990112304688,187084,1142,-87064.55416664999,194.05,101.64457702636719,0.0003,0.7994592189788818,163,0.06539782881736755
652,46953,240.71791076660156,187916,1146,-88057.09999999,185.17,105.60142517089844,0.0003,-1.2289053201675415,163,0.06546401232481003
656,47121,417.063720703125,188588,1150,-87660.32083333,189.07,124.87374877929688,0.0003,0.9622088670730591,163,0.06534944474697113
660,47226,805.6118774414062,189008,1152,-87360.2625,189.18,97.20652770996094,0.0003,-0.11681211739778519,163,0.06495805084705353
664,47353,201.03858947753906,189516,1154,-86371.65,198.28,115.4708251953125,0.0003,-0.6801235675811768,164,0.06404013931751251
667,47474,220.6256103515625,190000,1157,-86072.53333333001,199.39,93.95225524902344,0.0003,0.054792940616607666,164,0.06363282352685928
668,47489,275.92578125,190060,1157,-85973.1,199.93,645.902099609375,0.0003,1.6412242650985718,164,0.06349887698888779
672,47622,81.4455337524414,190592,1160,-85769.39583332998,195.46,358.8092346191406,0.0003,-1.184279203414917,164,0.06366942822933197
676,47766,26.1354923248291,191168,1163,-85371.45,197.62,93.9693603515625,0.0003,0.1972339153289795,164,0.06363601237535477
680,47886,26.211374282836914,191648,1165,-85172.6875,198.88,109.12434387207031,0.0003,-0.5686445236206055,164,0.0637507438659668
684,48051,398.0264587402344,192308,1168,-85072.39583334,198.72,120.51538848876953,0.0003,0.06811296939849854,164,0.06287597864866257
688,48191,7.332452774047852,192868,1171,-84673.85416668002,200.18,97.28843688964844,0.0003,-2.6543185710906982,164,0.062358539551496506
692,48322,655.1521606445312,193392,1174,-84374.55833335001,200.91,127.19606018066406,0.0003,-0.9889324307441711,164,0.06215038523077965
696,48434,220.60321044921875,193840,1176,-84073.89166667999,200.58,89.28179931640625,0.0003,-0.7425630688667297,164,0.06229596212506294
700,48570,208.7703857421875,194384,1179,-83768.31250001,194.02,200.6389923095703,0.0003,0.14772409200668335,164,0.06312204152345657
704,48786,267.1832580566406,195248,1183,-83362.99583335001,190.06,152.57266235351562,0.0003,1.139521598815918,164,0.06288715451955795
708,48923,249.3704071044922,195796,1186,-83059.60833333997,186.18,416.5704040527344,0.0003,1.5037767887115479,164,0.06294824928045273
712,49139,37.80464553833008,196660,1191,-82851.24583335001,177.67,214.92318725585938,0.0003,1.0638067722320557,165,0.06239793449640274
716,49259,26.505504608154297,197140,1193,-82544.67083334998,172.79,106.21629333496094,0.0003,-0.3142397701740265,165,0.0620044507086277
720,49415,206.69247436523438,197764,1196,-82145.68750002,174.02,174.31362915039062,0.0003,-1.2095208168029785,165,0.06196945905685425
724,49514,274.01239013671875,198160,1198,-81739.69166669,169.49,345.96624755859375,0.0003,0.16344797611236572,165,0.061947062611579895
728,49703,9.118534088134766,198916,1202,-81621.58333335,153.5,110.66077423095703,0.0003,0.385917603969574,165,0.062326446175575256
732,49820,11.13851547241211,199384,1204,-81220.49166669001,152.83,162.89996337890625,0.0003,1.6793004274368286,165,0.06258214265108109
736,49963,416.3774719238281,199956,1207,-80922.38333336,155.38,95.71992492675781,0.0003,-1.5149224996566772,165,0.06201894208788872
736,49974,16.427032470703125,200000,1207,-80922.38333336,155.38,247.42874145507812,0.0003,1.4553152322769165,165,0.062036365270614624
740,50112,229.8553009033203,200552,1210,-80718.71250003,152.65,240.16993713378906,0.0003,2.533604860305786,165,0.06201595440506935
744,50225,459.28741455078125,201004,1212,-80616.00000004,149.55,154.47268676757812,0.0003,0.06378835439682007,165,0.061820898205041885
748,50385,239.1632080078125,201644,1215,-80514.03750002998,148.34,93.07942962646484,0.0003,-0.10529303550720215,165,0.06094670295715332
752,50579,25.462486267089844,202420,1219,-80217.24583336001,152.07,94.79130554199219,0.0003,-0.23441067337989807,165,0.061620961874723434
756,50847,222.73757934570312,203492,1224,-80317.00833335001,151.75,111.12020874023438,0.0003,0.33569204807281494,166,0.06174057722091675
760,51299,6.938570022583008,205300,1233,-80422.08333336002,157.68,107.33612060546875,0.0003,-0.811649739742279,166,0.06112256273627281
764,51548,417.97515869140625,206296,1238,-81114.37500001998,153.18,97.58381652832031,0.0003,1.3650449514389038,166,0.061109915375709534
768,51643,590.2006225585938,206676,1240,-81225.11666668,165.97,107.6576919555664,0.0003,-0.7705667018890381,166,0.06115854158997536
772,51822,652.0274047851562,207392,1243,-81225.87916668,166.96,124.20564270019531,0.0003,-0.7983046174049377,166,0.06112949922680855
776,51988,449.1054992675781,208056,1246,-81427.79166668,168.47,317.8586120605469,0.0003,1.9728224277496338,166,0.06228819489479065
780,52405,26.77427101135254,209724,1255,-81330.80833335,172.38,99.02897644042969,0.0003,0.5924846529960632,167,0.061480097472667694
780,52474,241.4747314453125,210000,1256,-81330.80833335,172.38,110.02410888671875,0.0003,-0.33404088020324707,167,0.06139713153243065
784,52622,630.5947265625,210592,1259,-81430.60833334,172.12,85.896728515625,0.0003,-0.8135450482368469,167,0.06156737729907036
788,52787,433.2152404785156,211252,1262,-81738.29583332999,177.98,100.90467071533203,0.0003,-0.6895098686218262,167,0.06168768182396889
792,52902,223.66261291503906,211712,1265,-81836.73333332999,176.52,111.42272186279297,0.0003,0.35688528418540955,167,0.06224383786320686
796,52992,32.82744598388672,212072,1267,-81044.09999999999,184.5,187.43154907226562,0.0003,1.9842427968978882,167,0.06272077560424805
800,53436,7.716867446899414,213848,1276,-81145.62499999999,185.44,113.56915283203125,0.0003,-1.0714951753616333,167,0.06451603770256042
804,53738,668.1057739257812,215056,1282,-81251.12499999,189.57,87.74040222167969,0.0003,-1.0891940593719482,167,0.06447198987007141
808,54050,221.55946350097656,216304,1288,-81356.97083333,196.76,90.29673767089844,0.0003,1.7738666534423828,167,0.0645306408405304
812,54152,6.717463493347168,216712,1290,-81261.93333333,203.32,77.38520050048828,0.0003,-0.9034268856048584,167,0.06468735635280609
814,54974,70.92027282714844,220000,1306,-80367.42499998999,205.45,589.111083984375,0.0003,1.806727409362793,168,0.06928620487451553
816,55152,240.72084045410156,220712,1310,-78382.59583333,222.76,90.13909912109375,0.0003,-0.18627431988716125,168,0.06964261084794998
820,56152,254.2925567626953,224712,1330,-76715.09166666,249.05,292.7852783203125,0.0003,1.0216176509857178,168,0.07265329360961914
824,56585,433.5351867675781,226444,1339,-75038.99583331999,268.08,71.97408294677734,0.0003,-1.5533459186553955,169,0.07517949491739273
827,57474,45.130306243896484,230000,1357,-72372.50833331999,294.72,66.18553161621094,0.0003,-0.1955903172492981,169,0.07555793970823288
828,57585,9.5115385055542,230444,1360,-71380.11249998,303.79,77.2243881225586,0.0003,0.23222225904464722,169,0.07578394562005997
832,58333,417.84002685546875,233436,1375,-68613.81666664,330.91,76.85707092285156,0.0003,-0.42769336700439453,169,0.07801242917776108
836,58914,11.792261123657227,235760,1386,-67530.27285711,345.13,153.96600341796875,0.0003,-0.8937473893165588,170,0.07693366706371307
840,59796,449.1005859375,239288,1404,-64565.74035711,378.87,73.27852630615234,0.0003,-1.4261513948440552,170,0.08086226880550385
840,59974,421.6190185546875,240000,1407,-64565.74035711,378.87,122.79678344726562,0.0003,0.746314287185669,170,0.08152543753385544
844,60796,206.1011505126953,243288,1423,-61703.31119044,412.82,92.00868225097656,0.0003,-0.2793164849281311,170,0.08466386795043945
848,61213,32.04674530029297,244956,1431,-60917.63202378001,428.62,96.96435546875,0.0003,1.53566575050354,171,0.0869966447353363
852,61745,204.21945190429688,247084,1442,-61330.16952378001,437.45,48.613800048828125,0.0003,-0.6331205368041992,171,0.08998015522956848
856,62110,50.55915832519531,248544,1449,-60645.19869045001,448.27,74.56405639648438,0.0003,1.763832449913025,171,0.09335946291685104
856,62474,43.85279846191406,250000,1457,-60645.19869045001,448.27,63.477088928222656,0.0003,-2.565276622772217,171,0.09631963074207306
860,62798,33.799686431884766,251296,1463,-59763.79740839,463.03,51.3778190612793,0.0003,1.1912659406661987,171,0.09898971021175385
864,63220,404.4599304199219,252984,1471,-58979.00074173,474.92,89.06951141357422,0.0003,-0.6298588514328003,171,0.10432083159685135
868,63496,21.34824562072754,254088,1477,-59176.939075070004,469.14,267.2565002441406,0.0003,-0.9505460262298584,171,0.10806683450937271
872,64220,227.3485870361328,256984,1491,-58393.55740840999,483.32,11.20143985748291,0.0003,0.9499748349189758,172,0.11928544193506241
876,64582,228.02626037597656,258432,1499,-57315.98074174,502.68,60.264068603515625,0.0003,-0.26626506447792053,172,0.12811827659606934
877,64974,404.81097412109375,260000,1507,-57417.15990841,502.98,-8.001485824584961,0.0003,0.9130207300186157,172,0.1434037685394287
880,65163,225.41160583496094,260756,1510,-57325.97939254,510.56,16.84279441833496,0.0003,0.40618640184402466,172,0.15238651633262634
884,65366,228.0742950439453,261568,1514,-57033.936059210006,517.67,42.14448547363281,0.0003,-0.613301157951355,172,0.1621883362531662
888,65557,245.7567138671875,262332,1518,-56725.21522588,511.56,8.445125579833984,0.0003,-0.03551989793777466,172,0.171305313706398
892,66468,217.3231964111328,265976,1536,-55742.833559210005,528.2,-6.577594757080078,0.0003,1.3873445987701416,173,0.21131721138954163
896,66625,433.69500732421875,266604,1539,-55550.970225879995,536.3,10.405265808105469,0.0003,0.45173054933547974,173,0.2173582762479782
900,66807,215.58473205566406,267332,1542,-54457.09772589,543.79,49.09149169921875,0.0003,-0.9373388886451721,173,0.2244938313961029
904,67347,233.5264434814453,269492,1553,-54261.19022589,549.97,301.66082763671875,0.0003,0.429385781288147,173,0.2436504065990448
906,67474,425.2027282714844,270000,1555,-54166.446892559994,555.47,-45.95096969604492,0.0003,0.15043219923973083,173,0.24610747396945953
908,67538,25.664039611816406,270256,1556,-54161.329392559994,549.29,-21.685056686401367,0.0003,0.05898520350456238,173,0.24704670906066895
912,67826,84.1226577758789,271408,1562,-54261.48105922001,547.24,-86.41452026367188,0.0003,1.8707196712493896,173,0.25365814566612244
916,68494,50.20733642578125,274080,1575,-57154.80810467,539.09,36.70018005371094,0.0003,1.1208771467208862,173,0.2644294202327728
920,68790,44.051815032958984,275264,1581,-58828.78310467,518.09,-78.2396011352539,0.0003,-1.480338215827942,174,0.26801037788391113
924,69368,48.50457763671875,277576,1592,-60514.262271340005,508.09,-35.081363677978516,0.0003,0.6441003680229187,174,0.27046066522598267
927,69974,435.1289367675781,280000,1604,-61203.29727134001,502.17,-95.09920501708984,0.0003,1.089434027671814,174,0.28094661235809326
928,70094,225.69898986816406,280480,1606,-61204.76143801,502.17,-74.27986907958984,0.0003,-0.4313403367996216,174,0.2842717170715332
932,71094,468.3283386230469,284480,1625,-60905.29461983,509.53,23.436920166015625,0.0003,1.3048591613769531,175,0.3057273030281067
936,71971,44.74099349975586,287988,1641,-59610.23117828,517.6,-207.1297607421875,0.0003,1.650146484375,175,0.3195481300354004
939,72474,243.67552185058594,290000,1651,-60499.888678280004,509.32,-110.63909149169922,0.0003,0.8710139989852905,175,0.3337826728820801
940,72487,236.54373168945312,290052,1651,-59501.18117828001,510.5,-123.2108383178711,0.0003,0.2623840272426605,175,0.33406341075897217
944,73065,243.49440002441406,292364,1662,-62274.38558304,488.37,-239.1049041748047,0.0003,0.757735013961792,175,0.3504832684993744
948,73634,256.1033630371094,294640,1673,-62176.545583039995,488.57,-143.34207153320312,0.0003,-0.425663560628891,176,0.36256760358810425
952,74634,443.4062194824219,298640,1693,-57696.89951161,511.94,-249.257568359375,0.0003,0.7983016967773438,176,0.3790337145328522
953,74974,252.48081970214844,300000,1699,-57601.55951161,517.15,-445.68133544921875,0.0003,0.0832269936800003,176,0.3858572840690613
956,75459,52.94977569580078,301940,1709,-56211.139154469995,527.44,-251.2301483154297,0.0003,-0.10777781903743744,176,0.40698277950286865
960,76438,286.046142578125,305856,1728,-54918.381345609996,534.09,-474.984130859375,0.0003,0.22548264265060425,176,0.4566364586353302
964,77090,257.18548583984375,308464,1741,-52837.76384561,549.86,-361.2110595703125,0.0003,-0.02812092751264572,177,0.4707876145839691
965,77474,79.92463684082031,310000,1749,-51747.04884561001,557.95,-509.19232177734375,0.0003,-0.6008007526397705,177,0.45763641595840454
968,77823,244.65623474121094,311396,1756,-50665.48634561001,573.65,-334.03094482421875,0.0003,-0.4755634665489197,177,0.4410444498062134
972,78548,47.39353561401367,314296,1772,-50779.97884561001,584.5,-469.74432373046875,0.0003,-0.21030621230602264,177,0.40526825189590454
976,79548,42.472564697265625,318296,1792,-49686.501345610006,591.73,-540.4873657226562,0.0003,-0.7910001277923584,177,0.35090765357017517
977,79974,256.2785339355469,320000,1800,-48593.76384561,598.58,-209.8072509765625,0.0003,0.06118530035018921,177,0.3353368639945984
980,80394,44.37340545654297,321680,1808,-47800.091623379994,605.04,-471.069580078125,0.0003,0.5737911462783813,177,0.3229718506336212
984,80886,39.94812774658203,323648,1818,-47210.201623379995,612.35,-514.277587890625,0.0003,0.3958437740802765,178,0.3150377571582794
988,81346,460.60467529296875,325488,1827,-47216.03376623999,616.98,-714.6336669921875,0.0003,0.04365341365337372,178,0.31199952960014343
992,81528,40.76074981689453,326216,1830,-46224.39043291,621.78,-553.8260498046875,0.0003,0.699565052986145,178,0.31236857175827026
996,82010,69.18589782714844,328144,1840,-47318.097932909994,613.49,-184.6929473876953,0.0003,0.7963771224021912,178,0.3074244260787964
1000,82230,261.7522277832031,329024,1844,-46021.72436148,617.96,-538.68212890625,0.0003,0.4275871217250824,178,0.3061749339103699
1001,82474,41.89192199707031,330000,1849,-45921.07531386,617.63,-485.65496826171875,0.0003,-0.027366220951080322,178,0.30383408069610596
1004,82997,82.26881408691406,332092,1859,-45920.42940477,616.16,-53.4102783203125,0.0003,0.5549959540367126,178,0.2984243333339691
1008,83614,45.08565139770508,334560,1871,-42843.405833339995,638.87,-148.47279357910156,0.0003,-0.2249683439731598,178,0.2935396730899811
1012,84425,53.2995491027832,337804,1887,-41858.63976191,654.79,-308.97674560546875,0.0003,-0.6063039302825928,178,0.2809236943721771
1013,84974,36.88469696044922,340000,1898,-41963.73976191,658.73,-857.16845703125,0.0003,0.30720895528793335,179,0.2781514823436737
1016,85141,34.333621978759766,340668,1901,-40971.90569265,665.68,-543.22412109375,0.0003,0.46966859698295593,179,0.2785099446773529
1020,86109,246.3183135986328,344540,1920,-39992.28569265,686.44,-544.2561645507812,0.0003,0.30966106057167053,179,0.27357396483421326
1024,86745,48.302406311035156,347084,1932,-38111.03569265,702.45,-578.9775390625,0.0003,-0.1812083125114441,179,0.27458563446998596
1028,87448,47.57999038696289,349896,1946,-40105.77533551,697.3,-518.6316528320312,0.0003,-0.08676119148731232,179,0.27417856454849243
1028,87474,419.3817443847656,350000,1946,-40105.77533551,697.3,-363.868408203125,0.0003,-0.0045408159494400024,179,0.27405789494514465
1032,88299,222.5546112060547,353300,1963,-42305.16215368999,692.71,-614.0679931640625,0.0003,-0.7608901858329773,179,0.28474023938179016
1036,88593,203.8809356689453,354476,1969,-44995.99023809999,679.16,-434.4794006347656,0.0003,-0.03742072731256485,180,0.29057827591896057
1040,89470,419.5487976074219,357984,1986,-46104.82773809999,682.63,-255.57342529296875,0.0003,-0.4215397536754608,180,0.3119722902774811
1044,89768,29.93362808227539,359176,1992,-46605.744166669996,679.79,-449.61846923828125,0.0003,0.002289503812789917,180,0.3183327615261078
1044,89974,76.71500396728516,360000,1996,-46605.744166669996,679.79,-379.5725402832031,0.0003,1.0914734601974487,180,0.32505738735198975
1048,90218,42.697998046875,360976,2001,-47904.03416667,675.23,-492.8077392578125,0.0003,0.21388304233551025,180,0.33088576793670654
1052,90628,32.314727783203125,362616,2009,-52282.43523809999,650.87,-484.93994140625,0.0003,-0.2826159596443176,180,0.34256476163864136
1056,91332,48.282920837402344,365432,2023,-53673.68309524,640.91,-566.92236328125,0.0003,-0.1303965151309967,180,0.3607737421989441
1060,92103,30.34161376953125,368516,2039,-55167.04218615,632.77,-808.853759765625,0.0003,-0.6053662300109863,180,0.3873388171195984
1064,92346,229.85589599609375,369488,2044,-56354.27718615,620.89,-265.7391052246094,0.0003,-0.1454402059316635,180,0.39500027894973755
1067,92474,254.8645477294922,370000,2046,-58625.249686150004,595.5,-651.2462768554688,0.0003,1.3515125513076782,180,0.39669546484947205
1068,92483,46.04220199584961,370036,2047,-58617.97468615,589.68,-401.85333251953125,0.0003,0.6084721088409424,180,0.3972533941268921
1072,92692,91.63399505615234,370872,2051,-59686.52218615,563.54,203.51580810546875,0.0003,0.2838529050350189,180,0.3994562327861786
1076,92803,251.68968200683594,371316,2053,-62058.64718615,537.31,-396.742919921875,0.0003,0.04879976436495781,180,0.39978909492492676
1080,92907,251.45120239257812,371732,2055,-64329.420757579996,509.82,-429.9806213378906,0.0003,0.018157534301280975,180,0.4020860493183136
1084,93053,431.5765686035156,372316,2058,-65310.22075758,494.47,-223.58065795898438,0.0003,0.29739993810653687,180,0.4056278467178345
1088,93239,62.84382629394531,373060,2062,-65709.45111472,493.02,-549.2495727539062,0.0003,0.051648661494255066,180,0.4106704592704773
1092,93330,430.3958740234375,373424,2064,-67983.63444805,471.64,-354.5651550292969,0.0003,0.2093997299671173,180,0.4132789373397827
1096,93629,28.36512565612793,374620,2070,-68275.46944805,464.44,-401.4606018066406,0.0003,0.10204580426216125,180,0.418781578540802
1100,93887,71.0401840209961,375652,2075,-69975.54551948,460.66,-315.2984313964844,0.0003,0.25513342022895813,181,0.42072638869285583
1104,94322,432.23876953125,377392,2083,-69586.59297619,466.89,-648.1550903320312,0.0003,0.28277111053466797,181,0.42968690395355225
1108,94698,39.921234130859375,378896,2090,-72861.60047619,441.25,-379.56317138671875,0.0003,-0.2742515504360199,181,0.43809813261032104
1111,94974,259.3106689453125,380000,2096,-72957.57547619,436.15,-380.3428955078125,0.0003,-0.06034476310014725,181,0.4477671682834625
1112,94981,39.438167572021484,380028,2096,-74150.60654762,428.01,-556.0858764648438,0.0003,-0.5204147100448608,181,0.4476117193698883
1116,95134,240.4051971435547,380640,2099,-75418.92607143,399.8,-767.7373657226562,0.0003,-0.1896018385887146,181,0.4526691436767578
1120,95477,264.11077880859375,382012,2106,-76596.26,378.19,-229.484619140625,0.0003,0.7374375462532043,181,0.45613545179367065
1124,95982,272.0640869140625,384032,2116,-77885.5475,366.81,-370.98797607421875,0.0003,0.7293652296066284,181,0.46979188919067383
1128,96270,235.38027954101562,385184,2122,-78177.79535714,357.14,-584.376953125,0.0003,0.20561663806438446,181,0.48296722769737244
1132,96951,238.13101196289062,387908,2135,-79356.49785714,337.03,-597.5402221679688,0.0003,0.31442639231681824,181,0.4929647743701935
1135,97474,642.7200927734375,390000,2146,-76966.34717532,347.65,-488.9961242675781,0.0003,-0.41983839869499207,181,0.49302276968955994
1136,97951,41.41401672363281,391908,2156,-75976.02217532,355.38,-617.6182250976562,0.0003,0.6202136278152466,181,0.48689979314804077
1140,98387,258.3149108886719,393652,2165,-76273.71717532001,351.36,-466.3738708496094,0.0003,0.11239638924598694,181,0.48039954900741577
1144,98996,269.0745849609375,396088,2177,-72788.91831168001,365.28,-498.7984619140625,0.0003,-0.04959990829229355,181,0.47476911544799805
1148,99567,75.42781066894531,398372,2188,-72592.70164501,368.36,-625.85498046875,0.0003,-0.6000913977622986,182,0.46320396661758423
1148,99974,228.6896514892578,400000,2196,-72592.70164501,368.36,-882.6414794921875,0.0003,-0.22227610647678375,182,0.4521275758743286
1152,100446,43.122291564941406,401888,2206,-69413.60220056,386.38,-349.2808532714844,0.0003,-0.5149281620979309,182,0.4458186626434326
1156,101172,245.4766845703125,404792,2220,-67215.02422436999,387.9,-286.67431640625,0.0003,0.2655295729637146,182,0.4362485110759735
1160,101893,255.2359619140625,407676,2235,-67024.09422437,396.42,-747.0159301757812,0.0003,0.045484595000743866,182,0.43111249804496765
1164,102382,80.51929473876953,409632,2245,-67823.41172436999,396.71,-471.6601257324219,0.0003,0.2973722815513611,182,0.43039506673812866
1164,102474,38.4473876953125,410000,2247,-67823.41172436999,396.71,-383.70623779296875,0.0003,-0.1957741230726242,182,0.43084797263145447
1168,103243,251.5591583251953,413076,2263,-67646.63283547999,416.14,-563.0201416015625,0.0003,-0.28367823362350464,182,0.4230187237262726
1172,103850,35.68596649169922,415504,2275,-65473.83997833999,440.69,-862.029541015625,0.0003,0.2047620713710785,182,0.41789036989212036
1176,104488,70.24791717529297,418056,2288,-61098.09007935,460.88,-341.6231689453125,0.0003,0.29902559518814087,182,0.41095513105392456
1177,104974,45.255165100097656,420000,2297,-60906.14115077999,469.58,-554.833740234375,0.0003,-0.71952223777771,182,0.40242236852645874
1180,105343,43.00334548950195,421476,2304,-59935.29115078,492.89,-665.0791015625,0.0003,0.19318091869354248,182,0.4038448631763458
1184,106133,65.47602844238281,424636,2320,-57968.87865078,519.74,-381.0841979980469,0.0003,0.49022814631462097,183,0.4058358371257782
1188,106641,242.9488067626953,426668,2330,-57884.96198411,532.76,-222.83949279785156,0.0003,0.024597764015197754,183,0.40932247042655945
1192,106760,35.35960388183594,427144,2332,-57894.18698410999,540.14,-573.5704345703125,0.0003,-0.2359692007303238,183,0.40873146057128906
1196,106990,232.41900634765625,428064,2336,-57894.57448410999,540.45,-941.0995483398438,0.0003,0.032618165016174316,183,0.4093184173107147
1200,107101,76.98469543457031,428508,2339,-58885.49948410999,533.2,-266.59014892578125,0.0003,0.40512943267822266,183,0.4110523462295532
1201,107474,47.27445602416992,430000,2346,-58888.43698411,535.55,-544.3411254882812,0.0003,0.1395922750234604,183,0.41348299384117126
1204,108037,44.31201934814453,432252,2357,-59879.81198410999,528.66,-276.0489807128906,0.0003,-0.22424376010894775,183,0.4092676043510437
1208,108405,62.059226989746094,433724,2364,-57807.227095940005,550.71,-479.0947570800781,0.0003,-0.6602950096130371,183,0.40303346514701843
1212,108872,234.19595336914062,435592,2373,-57608.031262599994,553.73,-468.8958740234375,0.0003,-0.37663769721984863,183,0.3981010615825653
1216,109807,42.312862396240234,439332,2392,-56536.788762599994,577.35,-512.62451171875,0.0003,0.07461744546890259,183,0.3888212740421295
1217,109974,41.033287048339844,440000,2395,-55547.113762600005,585.6,-408.40435791015625,0.0003,0.09006354212760925,183,0.3885296583175659
1220,110807,634.173583984375,443332,2412,-54771.66233403,603.72,-540.7616577148438,0.0003,-0.36042320728302,183,0.3750899136066437
1224,111375,40.794700622558594,445604,2423,-52689.87233403,619.88,-362.042236328125,0.0003,0.08845122158527374,183,0.3712597191333771
1228,112056,34.34585189819336,448328,2436,-51802.75233403,629.91,-817.761474609375,0.0003,-0.0021092742681503296,183,0.36486077308654785
1231,112474,41.63835144042969,450000,2445,-51799.588167359994,628.35,-350.55255126953125,0.0003,-0.15144678950309753,184,0.3654322028160095
1232,112577,239.8191375732422,450412,2447,-50806.01316736,633.48,-594.2364501953125,0.0003,0.36573684215545654,184,0.3678567111492157
1236,113138,441.18212890625,452656,2458,-53882.55884918001,613.55,-526.028564453125,0.0003,0.09107279777526855,184,0.37644508481025696
1240,113434,73.59678649902344,453840,2463,-54566.86384918001,603.24,-75.10478210449219,0.0003,0.1758996546268463,184,0.3739062547683716
1244,113744,144.65489196777344,455080,2469,-56649.920212820005,590.76,102.49571990966797,0.0003,0.5509390830993652,184,0.3706531524658203
1248,114164,56.37065887451172,456760,2477,-56443.19187949,588.67,-414.9873046875,0.0003,0.6628656387329102,184,0.3693543076515198
1250,114974,68.62044525146484,460000,2493,-56339.29493505,588.67,2.166534423828125,0.0003,0.057853564620018005,184,0.36031588912010193
1252,115164,35.28607940673828,460760,2496,-55343.08132394,595.01,-335.9762268066406,0.0003,-1.0018290281295776,184,0.3562941551208496
1256,115888,225.36761474609375,463656,2511,-58237.08680013,593.2,-621.53857421875,0.0003,-0.05155275762081146,184,0.34991827607154846
1260,116702,39.617576599121094,466912,2526,-57932.98861831,595.43,-294.9437255859375,0.0003,-0.08806940913200378,184,0.3534570634365082
1262,117474,229.28343200683594,470000,2541,-56937.82361831,601.77,-559.0018310546875,0.0003,-1.0265655517578125,184,0.349811315536499
1264,117683,33.922916412353516,470836,2545,-56739.46111831,606.85,-416.83929443359375,0.0003,0.39698272943496704,184,0.3483032286167145
1268,118635,51.786685943603516,474644,2563,-55545.570007199996,617.74,118.24234771728516,0.0003,0.23083209991455078,185,0.343076229095459
1272,119295,28.79962730407715,477284,2576,-55241.146727980005,617.14,-591.4132690429688,0.0003,-0.02881285548210144,185,0.34207257628440857
1274,119974,27.686447143554688,480000,2589,-55352.279682529996,629.47,-339.5871276855469,0.0003,-0.6745157241821289,185,0.33852455019950867
1276,120257,45.50251388549805,481132,2595,-56241.97412697,623.63,-38.59234619140625,0.0003,0.1486210823059082,185,0.33776283264160156
1280,121240,61.01723098754883,485064,2614,-54038.758055540005,626.09,-469.81304931640625,0.0003,0.392586350440979,185,0.3290332555770874
1284,122138,60.40967559814453,488656,2631,-53638.97055554001,633.56,-4.2714996337890625,0.0003,-0.42187070846557617,185,0.3231950104236603
1285,122474,226.06411743164062,490000,2638,-52539.37055554001,635.82,-186.34854125976562,0.0003,-0.4755963683128357,185,0.3209523856639862
1288,122923,221.7211456298828,491796,2646,-51347.622222210004,647.16,-561.5078735351562,0.0003,-0.014270409941673279,185,0.3172575533390045
1292,123476,231.10598754882812,494008,2657,-49952.059722210004,654.19,-389.28485107421875,0.0003,0.008343681693077087,185,0.32071706652641296
1296,124468,58.8424072265625,497976,2676,-48574.40472221,677.68,-478.4649353027344,0.0003,0.09461504220962524,186,0.3160622715950012
1299,124974,22.667268753051758,500000,2685,-45299.07722221,703.25,-452.0074462890625,0.0003,-0.4620382487773895,186,0.3207918405532837
1300,125341,65.09170532226562,501468,2692,-45205.71222221,710.26,-403.330322265625,0.0003,0.181016206741333,186,0.32283639907836914
1304,125862,414.2076416015625,503552,2702,-41718.88222221,727.8,-503.61981201171875,0.0003,0.20507076382637024,186,0.32451120018959045
1308,126005,413.84906005859375,504124,2705,-43495.11727272001,710.52,-502.4940490722656,0.0003,-0.3644280731678009,186,0.32351580262184143
1312,126547,25.792163848876953,506292,2716,-43088.30180736,704.6,-555.1318359375,0.0003,0.3314368724822998,186,0.3246552646160126
1316,127094,43.760719299316406,508480,2726,-41677.825671,700.53,-506.65887451171875,0.0003,0.2611505687236786,186,0.3217044770717621
1317,127474,218.52468872070312,510000,2734,-40374.28703464,699.65,-472.6130065917969,0.0003,-0.40860986709594727,186,0.32517603039741516
1320,128002,435.45989990234375,512112,2743,-37654.59716451001,687.52,-372.1550598144531,0.0003,0.4208395481109619,186,0.33027514815330505
1324,128694,25.38722801208496,514880,2757,-37245.124437239996,684.51,-383.739013671875,0.0003,-0.13346675038337708,186,0.33596983551979065
1328,129167,45.20866775512695,516772,2766,-36741.83920997,688.86,-467.2735595703125,0.0003,-0.6516835689544678,186,0.3423544466495514
1331,129974,43.595149993896484,520000,2781,-36451.510422089996,699.34,-337.5657653808594,0.0003,-1.1868728399276733,186,0.3471624255180359
1332,130043,417.7470703125,520276,2782,-37343.09042209,693.37,-307.56634521484375,0.0003,-0.16677381098270416,186,0.3460001051425934
1336,130551,44.99043273925781,522308,2792,-36157.16610391,709.31,-153.74786376953125,0.0003,-0.5907316207885742,187,0.3488679826259613
1340,131167,32.025386810302734,524772,2804,-35852.18694807,707.84,-121.61750793457031,0.0003,-0.3928368091583252,187,0.35113853216171265
1344,131774,425.6498107910156,527200,2815,-35657.26149352,713.53,-522.0772094726562,0.0003,0.3219684362411499,187,0.3553520143032074
1348,132088,22.593137741088867,528456,2821,-34656.66399352,712.71,-447.1119689941406,0.0003,0.3655243515968323,187,0.35630062222480774
1350,132474,24.99872589111328,530000,2829,-35652.78649352,708.73,-486.81292724609375,0.0003,-0.3503202795982361,187,0.35208794474601746
1352,133033,227.56568908691406,532236,2839,-36548.58308442999,704.76,-340.6775207519531,0.0003,0.421797513961792,187,0.3494998514652252
1356,134033,25.983814239501953,536236,2859,-32469.623084429997,721.18,-718.9188232421875,0.0003,0.49164021015167236,187,0.34900665283203125
1360,134731,29.9788761138916,539028,2872,-31666.212402609995,715.27,-387.43096923828125,0.0003,-0.47717395424842834,187,0.3541836738586426
1360,134974,446.1268005371094,540000,2877,-31666.212402609995,715.27,-513.6279296875,0.0003,-0.21903075277805328,187,0.35484427213668823
1364,135731,25.86073112487793,543028,2892,-29977.54240261,718.92,-503.7909240722656,0.0003,-0.17462491989135742,187,0.35715779662132263
1368,136419,44.926204681396484,545780,2906,-29175.774902610003,712.05,-456.4224853515625,0.0003,-0.8553304672241211,187,0.35782235860824585
1372,137088,29.925128936767578,548456,2919,-29280.143538970002,712.96,-373.33648681640625,0.0003,0.24531975388526917,187,0.35982799530029297
1373,137474,262.62359619140625,550000,2926,-29280.54103897,712.96,-378.5523681640625,0.0003,-0.14137481153011322,187,0.3616594076156616
1376,137560,239.83848571777344,550344,2928,-31266.61103897,699.06,-518.151123046875,0.0003,-0.773247241973877,187,0.36207717657089233
1380,138140,220.701416015625,552664,2939,-33352.06853897,682.1,-262.16192626953125,0.0003,-0.8706099987030029,188,0.37120547890663147
1384,139044,53.10918426513672,556280,2956,-33244.77467533,675.0,-409.170166015625,0.0003,0.5339169502258301,188,0.3749057650566101
1388,139540,367.3044738769531,558264,2966,-34230.28717533,660.55,116.9129638671875,0.0003,0.9402273893356323,188,0.36883535981178284
1389,139974,422.8634033203125,560000,2974,-35228.752175329995,659.03,-363.88555908203125,0.0003,-0.2938019931316376,188,0.3744685649871826
1392,140482,25.795530319213867,562032,2984,-34143.67081169,674.07,-366.1440734863281,0.0003,-0.2906646132469177,188,0.3771410882472992
1396,140679,33.67059326171875,562820,2988,-32936.39172078,667.34,-255.2743377685547,0.0003,0.6208817362785339,188,0.370367169380188
1400,141053,257.56884765625,564316,2995,-35902.37172078,633.35,-317.5845642089844,0.0003,-0.468656063079834,188,0.3710756003856659
1404,141187,415.6868591308594,564852,2998,-37984.57172078,615.35,-469.5919494628906,0.0003,-0.2976786196231842,188,0.3698451817035675
1408,141295,26.620054244995117,565284,3000,-38080.252629869996,610.95,-298.54595947265625,0.0003,-0.6464031934738159,188,0.3686871826648712
1412,141474,222.99069213867188,566000,3003,-38274.79392857,605.41,-302.9692687988281,0.0003,-0.28491097688674927,188,0.367862343788147
1416,141765,36.5656852722168,567164,3009,-40355.92506493,586.42,-83.10121154785156,0.0003,0.5132023096084595,188,0.36363378167152405
1419,142474,238.68125915527344,570000,3022,-43556.67938311,588.34,-535.749267578125,0.0003,0.7806364297866821,188,0.36161988973617554
1420,142509,46.880645751953125,570140,3023,-45754.82211038,586.44,-459.5357971191406,0.0003,0.15804147720336914,188,0.3622860610485077
1424,142951,24.721969604492188,571908,3031,-46850.70233764999,581.95,-453.4994812011719,0.0003,0.5346028804779053,188,0.3577541708946228
1428,143748,60.06069564819336,575096,3047,-45752.526136349996,583.31,-418.7313537597656,0.0003,0.06886248290538788,188,0.3492389917373657
1432,144748,27.555078506469727,579096,3066,-42668.35831168,598.99,-347.6719970703125,0.0003,0.18183478713035583,188,0.34556370973587036
1432,144974,451.48651123046875,580000,3070,-42668.35831168,598.99,-478.85821533203125,0.0003,0.7850027084350586,188,0.3473895788192749
1436,145543,42.95136642456055,582276,3081,-39573.199448039995,603.53,-457.24822998046875,0.0003,0.033021457493305206,188,0.3373790979385376
1440,146521,421.38226318359375,586188,3100,-37793.49860388,622.47,-294.5594482421875,0.0003,0.05396559461951256,189,0.3290878236293793
1443,147474,407.59344482421875,590000,3118,-38895.04655843,623.64,-427.793701171875,0.0003,-0.7044360637664795,189,0.32065901160240173
1444,147521,46.71015930175781,590188,3119,-38002.02655843,630.44,-457.2991943359375,0.0003,-0.06806360185146332,189,0.3207217752933502
1448,148233,40.46590805053711,593036,3133,-36017.21905843,645.87,-533.533447265625,0.0003,-1.0967216491699219,189,0.32325315475463867
1452,148716,30.872392654418945,594968,3142,-37006.994253230005,636.38,-397.3096923828125,0.0003,0.06793642044067383,189,0.3213499188423157
1456,149619,216.42095947265625,598580,3159,-39984.08496752,618.91,-483.4986572265625,0.0003,0.6197643280029297,189,0.3146381974220276
1459,149974,20.95301055908203,600000,3166,-39885.478831160006,622.47,-525.0411376953125,0.0003,-0.34502682089805603,189,0.3134981691837311
1460,150077,428.98931884765625,600412,3168,-39882.90883116,620.07,-411.891845703125,0.0003,0.03688415139913559,189,0.31266823410987854
1464,150871,34.92500305175781,603588,3183,-40569.546331159996,614.38,-234.857177734375,0.0003,0.3065229058265686,189,0.3091420531272888
1468,151768,28.347068786621094,607176,3201,-41365.54883116,615.48,-413.1483459472656,0.0003,0.8314871191978455,189,0.30624961853027344
1472,152387,63.22263717651367,609652,3213,-42353.95383116,607.26,-302.4737854003906,0.0003,-0.14661572873592377,189,0.3010866343975067
1473,152474,24.04322624206543,610000,3214,-42353.55633115999,607.26,-439.1761474609375,0.0003,-0.1938900500535965,189,0.30035120248794556
1476,152769,25.875598907470703,611180,3220,-42355.271331159995,608.96,-313.2315673828125,0.0003,0.3143910765647888,189,0.29915839433670044
1480,153769,220.62472534179688,615180,3240,-39272.366331159996,628.46,-351.3747253417969,0.0003,0.3040474057197571,189,0.29476356506347656
1484,154707,221.7788848876953,618932,3257,-39373.8951948,629.79,-522.4820556640625,0.0003,0.310423880815506,189,0.28908970952033997
1485,154974,219.58872985839844,620000,3263,-38378.0501948,633.93,-287.34710693359375,0.0003,-0.05988672375679016,190,0.28812575340270996
1488,155632,229.15867614746094,622632,3275,-38385.6451948,641.51,-298.3970031738281,0.0003,-0.23154155910015106,190,0.2815916836261749
1492,156119,219.5664520263672,624580,3285,-37477.80405844,633.53,-507.8616943359375,0.0003,-0.19599291682243347,190,0.2806844413280487
1496,156719,20.959270477294922,626980,3296,-38678.813149350004,634.0,-466.72845458984375,0.0003,-0.8409870862960815,190,0.27908504009246826
1500,157067,21.39742660522461,628372,3303,-37695.65564935,650.81,-335.994384765625,0.0003,-0.448801189661026,190,0.27719107270240784
1500,157474,38.72106170654297,630000,3311,-37695.65564935,650.81,-379.61639404296875,0.0003,-1.1993992328643799,190,0.2727643549442291
1504,158067,24.620079040527344,632372,3322,-34718.48814935,673.6,-548.4658203125,0.0003,0.8250491619110107,190,0.270356148481369
1508,158975,420.2293701171875,636004,3340,-31746.128149350003,701.21,-326.3398742675781,0.0003,0.37606632709503174,190,0.2685171365737915
1511,159974,19.256328582763672,640000,3359,-28772.470649349998,727.53,-446.66845703125,0.0003,-0.04325312376022339,190,0.26210176944732666
1512,159975,426.8065185546875,640004,3359,-27781.52064935,736.57,-475.3900451660156,0.0003,-0.8206287622451782,190,0.26214852929115295
1516,160832,34.12717056274414,643432,3375,-24710.35386364,765.43,-282.22991943359375,0.0003,1.063666582107544,190,0.26038482785224915
1520,161832,213.4631805419922,647432,3395,-21923.19532468,776.15,-389.1280517578125,0.0003,-0.24318578839302063,190,0.25563758611679077
1523,162474,19.589900970458984,650000,3407,-21829.30568182,782.96,-420.141845703125,0.0003,-0.05774390697479248,190,0.2538750469684601
1524,162832,216.7174530029297,651432,3414,-20832.75318182,786.4,-476.28594970703125,0.0003,0.1214669942855835,190,0.2511257529258728
1528,163832,43.759334564208984,655432,3433,-20037.83961039,791.4,-468.67156982421875,0.0003,0.7782537937164307,190,0.2560264766216278
1532,164444,61.129180908203125,657880,3445,-22222.407889609996,775.74,-260.9400939941406,0.0003,-0.2992686629295349,190,0.2517607808113098
1535,164974,223.70260620117188,660000,3455,-23420.263571429998,773.5,-181.9302520751953,0.0003,-1.357999324798584,190,0.25232675671577454
1536,165235,231.2047576904297,661044,3460,-23420.25357143,773.5,-426.48907470703125,0.0003,-0.7687504291534424,191,0.2501724064350128
1540,165738,20.13621711730957,663056,3470,-24312.2425,765.83,-461.54876708984375,0.0003,0.7004359364509583,191,0.2522728145122528
1544,166738,258.8377380371094,667056,3489,-21323.135,776.73,-160.7281494140625,0.0003,1.033294916152954,191,0.25619444251060486
1547,167474,41.42084503173828,670000,3502,-23315.8625,769.51,-251.38412475585938,0.0003,-0.17764854431152344,191,0.25560957193374634
1548,167738,75.6765365600586,671056,3508,-23315.8525,769.51,-407.7846984863281,0.0003,0.3518945276737213,191,0.25575533509254456
1552,168244,52.43923568725586,673080,3517,-23325.39678572,779.05,-258.372314453125,0.0003,0.6550577282905579,191,0.2569926679134369
1556,169066,432.2206726074219,676368,3533,-22433.32357143,786.19,-301.7501525878906,0.0003,-0.15704238414764404,191,0.2592678964138031
1560,169419,216.2735595703125,677780,3540,-23423.813571429997,776.73,-264.8373107910156,0.0003,1.057256817817688,191,0.2596477270126343
1564,169802,427.9468688964844,679312,3547,-26401.006071429998,753.99,115.72080993652344,0.0003,0.15785665810108185,191,0.2604120373725891
1565,169974,39.9630126953125,680000,3550,-26403.716071429997,756.71,-440.7009582519531,0.0003,-0.2045152187347412,191,0.2608434855937958
1568,170500,22.159576416015625,682104,3560,-27390.006071429998,743.04,-278.4062805175781,0.0003,-0.9872740507125854,191,0.26298725605010986
1572,170799,434.9881896972656,683300,3567,-27392.74857143,745.83,-41.563385009765625,0.0003,-0.05400412529706955,191,0.26464754343032837
1576,171270,34.080772399902344,685184,3576,-28383.29607143,736.42,-220.3912811279297,0.0003,-0.3667656183242798,191,0.2641700804233551
1580,171942,238.04437255859375,687872,3589,-31369.58107143,722.76,-251.0677032470703,0.0003,-0.4036603569984436,191,0.2630106210708618
1584,172338,213.05201721191406,689456,3597,-32362.493571429997,715.72,-166.78265380859375,0.0003,0.5683858394622803,191,0.2646154463291168
1585,172474,27.474782943725586,690000,3600,-33353.683571429996,706.93,-307.5010986328125,0.0003,0.8782864809036255,191,0.26366546750068665
1588,172777,261.6998291015625,691212,3606,-34345.67357143,698.96,43.389434814453125,0.0003,1.9753341674804688,191,0.26518502831459045
1592,173393,34.13924026489258,693676,3618,-36342.24107143,695.59,-373.3050537109375,0.0003,-0.8896828889846802,191,0.2696853578090668
1596,173849,19.862186431884766,695500,3626,-37336.051071429996,689.45,-451.74249267578125,0.0003,-0.7933743596076965,191,0.2699066698551178
1600,174115,20.536277770996094,696564,3631,-38227.40714285999,680.93,-456.4133605957031,0.0003,0.9324404001235962,191,0.27081191539764404
1604,174305,395.75067138671875,697324,3635,-42099.90321429,654.19,-280.86126708984375,0.0003,0.08683052659034729,191,0.27049875259399414
1608,174539,23.469478607177734,698260,3639,-45070.96821428999,625.31,-413.12738037109375,0.0003,-0.6997038125991821,191,0.26950469613075256
1612,174711,29.12498664855957,698948,3643,-49039.89071428999,594.29,-329.84991455078125,0.0003,0.4260967969894409,191,0.2696535885334015
1614,174974,222.05543518066406,700000,3648,-50030.07071429,584.49,-106.13207244873047,0.0003,-0.8453083634376526,191,0.2697884142398834
1616,175114,24.804773330688477,700560,3651,-52115.9025,570.3,-171.5771026611328,0.0003,-0.1472225785255432,191,0.2672818601131439
1620,175370,458.3888244628906,701584,3656,-56082.9275,537.37,-370.7406005859375,0.0003,-0.4464547634124756,191,0.2676727771759033
1624,175729,609.1367797851562,703020,3662,-58169.21964285999,523.0,-338.3677978515625,0.0003,-0.5946432948112488,191,0.26923874020576477
1628,176114,213.3801727294922,704560,3670,-61145.097142859995,498.91,-350.52398681640625,0.0003,0.28457772731781006,191,0.2672547399997711
1632,177029,233.7682647705078,708220,3687,-61054.30146104,508.24,-576.7122802734375,0.0003,1.026226282119751,192,0.26716119050979614
1634,177474,20.175886154174805,710000,3696,-61060.54396104,514.47,-457.55828857421875,0.0003,-0.5984107851982117,192,0.2641397714614868
1636,177724,45.32733154296875,711000,3701,-63053.033961040004,506.97,-336.3741149902344,0.0003,-0.22021794319152832,192,0.26406919956207275
1640,178543,35.29255676269531,714276,3717,-60952.090746760005,505.82,-303.25567626953125,0.0003,-1.3564860820770264,192,0.26281434297561646
1644,179203,20.363788604736328,716916,3730,-63932.53574676,486.27,-267.09893798828125,0.0003,-0.280483603477478,192,0.2563093602657318
1647,179974,459.99957275390625,720000,3745,-61945.99824676,499.68,-50.38874816894531,0.0003,0.38736599683761597,192,0.2560829222202301
1648,179984,19.397489547729492,720040,3745,-62939.52824676,493.21,-370.186279296875,0.0003,-0.6659718751907349,192,0.2560734450817108
1652,180906,21.04831886291504,723728,3763,-61045.27717533,498.14,-442.10174560546875,0.0003,-0.16129156947135925,192,0.24950426816940308
1656,181734,432.205810546875,727040,3779,-62052.314675329995,505.12,-400.0707702636719,0.0003,-0.20854142308235168,192,0.24638330936431885
1658,182474,21.84915542602539,730000,3793,-59964.18646103999,517.14,-405.56451416015625,0.0003,0.5797380805015564,192,0.2436506450176239
1660,182699,20.56258773803711,730900,3797,-59869.4786039,523.85,-338.992919921875,0.0003,0.36969971656799316,192,0.24632370471954346
1664,183699,194.81532287597656,734900,3816,-56892.2636039,546.55,-177.18035888671875,0.0003,-0.3562125563621521,192,0.24466225504875183
1668,184421,39.149288177490234,737788,3830,-54806.11503247,560.82,-366.00872802734375,0.0003,0.9737904071807861,192,0.2392074018716812
1670,184974,21.513662338256836,740000,3841,-53812.862532470004,567.54,-151.03952026367188,0.0003,0.18390680849552155,192,0.24198821187019348
1672,185421,25.450876235961914,741788,3849,-51821.370032470004,576.01,-244.59120178222656,0.0003,-0.6461217403411865,192,0.24173708260059357
1676,186421,218.79010009765625,745788,3868,-47848.89253247,603.46,-301.9726257324219,0.0003,0.12354186177253723,192,0.24116893112659454
1680,187189,20.515777587890625,748860,3883,-46852.71253247,607.25,-259.4903564453125,0.0003,-0.4868393540382385,192,0.24571281671524048
1680,187474,18.347360610961914,750000,3889,-46852.71253247,607.25,-306.05133056640625,0.0003,-0.44230836629867554,192,0.2406047284603119
1684,188189,405.1936340332031,752860,3902,-43868.11753247,622.6,-213.24705505371094,0.0003,-0.9718714356422424,192,0.241579070687294
1688,189047,37.62505340576172,756292,3919,-41684.69967532001,640.23,-346.45458984375,0.0003,-0.11878238618373871,192,0.23980873823165894
1691,189974,40.247615814208984,760000,3936,-38698.01967532,653.51,80.0097885131836,0.0003,0.017941921949386597,193,0.24049390852451324
1692,190047,614.7754516601562,760292,3938,-37704.10467532,659.58,-85.90143585205078,0.0003,0.4275083839893341,193,0.23972927033901215
1696,190737,18.5953426361084,763052,3951,-34719.30717532,674.75,-304.40814208984375,0.0003,-0.20382753014564514,193,0.24036112427711487
1700,191737,15.906970024108887,767052,3971,-31846.18610389,701.52,-406.36846923828125,0.0003,-0.32101890444755554,193,0.24290251731872559
1704,192362,20.97576141357422,769552,3982,-29960.89253246,715.51,-97.30162048339844,0.0003,-0.3174116313457489,193,0.2395617663860321
1704,192474,189.46339416503906,770000,3984,-29960.89253246,715.51,-193.2978515625,0.0003,0.6123354434967041,193,0.23990660905838013
1708,193176,42.546669006347656,772808,3998,-28974.462532460002,729.06,-222.14056396484375,0.0003,-0.12238451838493347,193,0.2389124184846878
1712,193754,19.64995765686035,775120,4009,-27993.58503246,748.17,-222.77377319335938,0.0003,0.08479904383420944,193,0.24014075100421906
1716,194226,38.856388092041016,777008,4018,-26012.11753246,766.68,-188.65640258789062,0.0003,0.7427677512168884,193,0.24170474708080292
1719,194974,232.34361267089844,780000,4032,-26020.29753246,774.84,-314.21820068359375,0.0003,0.9879416227340698,193,0.24223648011684418
1720,195173,20.647459030151367,780796,4036,-25924.991818169998,779.78,-345.52886962890625,0.0003,-0.5266088843345642,193,0.245517760515213
1724,196173,42.78110122680664,784796,4055,-22943.806818169996,798.56,-331.83355712890625,0.0003,0.3166775405406952,193,0.24476085603237152
1728,197173,409.8332214355469,788796,4074,-19967.94681817,822.65,-312.4928283691406,0.0003,1.0844365358352661,193,0.23950612545013428
1731,197474,54.54188537597656,790000,4080,-17076.43999999,830.96,-355.46759033203125,0.0003,-0.282491534948349,193,0.24119293689727783
1732,198000,15.91119384765625,792104,4090,-18074.69249999,829.22,-373.0872802734375,0.0003,-1.1448161602020264,193,0.24171876907348633
1736,199000,414.8441162109375,796104,4109,-15083.04749999,837.55,-222.93719482421875,0.0003,0.3537994921207428,193,0.24228538572788239
1740,199682,216.8900146484375,798832,4122,-16290.4567857,844.86,-386.15863037109375,0.0003,0.24589888751506805,193,0.24524712562561035
1740,199974,216.17735290527344,800000,4127,-16290.4567857,844.86,-344.5892333984375,0.0003,0.006513044238090515,193,0.24588702619075775
1744,200326,205.044677734375,801408,4134,-15302.8592857,857.26,-256.6737976074219,0.0003,-0.4953961968421936,193,0.2482859343290329
1748,201008,235.1021270751953,804136,4147,-17284.1792857,838.62,-311.3323669433594,0.0003,0.06109002232551575,193,0.2500644028186798
1752,201502,34.723812103271484,806112,4156,-18273.4192857,827.91,-424.0227355957031,0.0003,-0.32380977272987366,193,0.2519967555999756
1756,202008,24.727140426635742,808136,4166,-17166.261331150003,821.09,-207.9915008544922,0.0003,0.06776857376098633,193,0.2565179467201233
1759,202474,21.338768005371094,810000,4175,-19346.41990258,799.66,-359.7645263671875,0.0003,0.2551501989364624,193,0.2595699429512024
1760,202514,39.3547477722168,810160,4176,-20342.94240258,796.19,-13.742034912109375,0.0003,1.016736626625061,193,0.2591307461261749
1764,203111,40.28929138183594,812548,4187,-22330.94990258,784.25,-307.278564453125,0.0003,0.2648826837539673,194,0.26965975761413574
1768,204111,60.76056671142578,816548,4207,-21436.89597401,789.71,-124.39501190185547,0.0003,0.7960972785949707,194,0.2759550213813782
1771,204974,211.18003845214844,820000,4223,-22436.795974009998,789.62,-301.7536926269531,0.0003,0.45581361651420593,194,0.27954408526420593
1772,205082,19.209379196166992,820432,4225,-23428.34097401,781.17,-206.30641174316406,0.0003,-0.5969381332397461,194,0.2789671719074249
1776,205698,19.566312789916992,822896,4237,-25414.54847401,767.41,-501.43487548828125,0.0003,-0.1617114096879959,194,0.2800576686859131
1780,206698,58.582801818847656,826896,4256,-23424.44597401,777.28,-202.45553588867188,0.0003,-0.12218989431858063,194,0.28148403763771057
1783,207474,24.929901123046875,830000,4270,-23424.440974009995,777.28,-248.7348175048828,0.0003,-0.45345237851142883,194,0.2826519310474396
1784,207698,218.98263549804688,830896,4275,-23424.44847401,777.28,-312.8563232421875,0.0003,0.3977242708206177,194,0.2825492322444916
1788,208256,37.363319396972656,833128,4285,-22626.723831160005,778.46,-312.4582214355469,0.0003,-0.8340187072753906,194,0.28353285789489746
1792,209111,416.7496337890625,836548,4302,-25610.311331160003,762.05,-483.45611572265625,0.0003,-0.1149146556854248,194,0.28060322999954224
1796,209413,24.537704467773438,837756,4308,-28499.791688300003,751.81,-342.43353271484375,0.0003,0.8782464265823364,194,0.280882865190506
1796,209974,21.832454681396484,840000,4319,-28499.791688300003,751.81,-423.9407958984375,0.0003,0.16379009187221527,194,0.2778194546699524
1800,210413,19.239578247070312,841756,4327,-27500.039188299997,752.01,-463.99749755859375,0.0003,-0.36645323038101196,194,0.27639535069465637
1804,211285,27.855194091796875,845244,4344,-26503.781688299998,755.71,-257.92205810546875,0.0003,-0.33957013487815857,194,0.27615752816200256
1808,211507,43.19192886352539,846132,4348,-26498.7791883,750.67,-157.2738037109375,0.0003,-0.2835118770599365,194,0.2770196199417114
1812,211671,23.63644027709961,846788,4351,-27477.8141883,729.67,-200.42723083496094,0.0003,-0.32564565539360046,194,0.27620458602905273
1816,211777,41.571441650390625,847212,4353,-29453.4191883,705.25,-428.8731384277344,0.0003,0.685744047164917,194,0.2758660614490509
1818,212474,212.1059112548828,850000,4367,-29454.3291883,706.16,-323.2574157714844,0.0003,-0.02355271577835083,194,0.26323553919792175
1820,212730,811.9856567382812,851024,4372,-27559.94490259,711.5,-196.66030883789062,0.0003,-0.1475580334663391,194,0.2618221044540405
1824,212937,219.0335235595703,851852,4376,-29541.15990259,692.72,-536.0385131835938,0.0003,0.8895942568778992,194,0.2606186270713806
1828,213263,18.063365936279297,853156,4382,-33507.852402590004,659.43,-419.0737609863281,0.0003,-0.29859787225723267,194,0.2593613266944885
1832,213533,21.96631622314453,854236,4387,-36474.02740259,625.62,-292.9643249511719,0.0003,-0.5050061345100403,194,0.25867199897766113
1836,213820,237.51171875,855384,4393,-38457.08740259,608.67,-341.45953369140625,0.0003,-0.6152716875076294,194,0.256116658449173
1840,214108,213.73521423339844,856536,4398,-41427.30740259,578.88,-359.99932861328125,0.0003,-0.8977206945419312,194,0.25349119305610657
1844,214336,215.85256958007812,857448,4403,-43408.77740259,560.35,-394.1981506347656,0.0003,-0.8246195316314697,194,0.24878281354904175
1848,214807,82.09500122070312,859332,4412,-43403.797402590004,555.34,-205.53245544433594,0.0003,0.036472976207733154,194,0.24292588233947754
1849,214974,413.4442443847656,860000,4415,-43403.80740259,555.34,-273.08477783203125,0.0003,-0.48813265562057495,194,0.23928885161876678
1852,215403,431.5774841308594,861716,4423,-43403.45990259,554.98,-313.2519226074219,0.0003,0.09182676672935486,194,0.24011088907718658
1856,216119,213.81744384765625,864580,4437,-43503.75785714001,554.96,-436.53851318359375,0.0003,0.12772685289382935,194,0.23259925842285156
1860,217006,216.4817352294922,868128,4454,-40528.83285714,579.99,-245.03921508789062,0.0003,0.29322350025177,194,0.2318238914012909
1860,217474,21.522226333618164,870000,4463,-40528.83285714,579.99,-243.98825073242188,0.0003,0.451099157333374,194,0.2287953644990921
1864,217962,53.25899124145508,871952,4472,-38546.10285714,597.22,-251.36318969726562,0.0003,1.5108404159545898,194,0.22492653131484985
1868,218962,38.86894226074219,875952,4491,-37547.80035714,598.92,-189.1494140625,0.0003,0.04320651292800903,195,0.2267511487007141
1872,219962,213.2405242919922,879952,4510,-35556.33785714,607.46,-424.876220703125,0.0003,-0.15817654132843018,195,0.22719067335128784
1872,219974,231.20965576171875,880000,4510,-35556.33785714,607.46,-490.28839111328125,0.0003,-0.22671225666999817,195,0.22707527875900269
1876,220962,204.00143432617188,883952,4529,-33570.10285714,621.22,-227.23330688476562,0.0003,0.4948503375053406,195,0.22383974492549896
1880,221962,235.4088592529297,887952,4548,-35568.07035714,619.23,-214.7998809814453,0.0003,0.2893413305282593,195,0.2207918018102646
1880,222474,18.00067138671875,890000,4558,-35568.07035714,619.23,-365.1038513183594,0.0003,-0.6348862051963806,195,0.22296425700187683
1884,222882,264.7843322753906,891632,4566,-37566.84285714,618.04,-397.986328125,0.0003,0.5645883083343506,195,0.22074465453624725
1888,223879,20.22606086730957,895620,4585,-37569.51035714,620.73,-239.04449462890625,0.0003,0.1404106616973877,195,0.22059305012226105
1892,224879,224.14071655273438,899620,4604,-35584.69535714,635.93,-46.18988800048828,0.0003,0.24485589563846588,195,0.22038613259792328
1892,224974,18.035686492919922,900000,4606,-35584.69535714,635.93,-350.1819763183594,0.0003,0.4205443263053894,195,0.22095738351345062
1896,225610,18.90741539001465,902544,4618,-32697.5125,648.46,-249.08053588867188,0.0003,0.09013816714286804,195,0.21722812950611115
1900,226610,47.8219108581543,906544,4637,-32697.485,648.46,-323.7357177734375,0.0003,-0.805172324180603,195,0.2132718563079834
1902,227474,19.37425994873047,910000,4654,-31492.62840909,643.73,-310.9788513183594,0.0003,-0.7860789895057678,195,0.2113647311925888
1904,227610,229.87176513671875,910544,4656,-30501.67090909,652.78,-427.1412353515625,0.0003,0.9176907539367676,195,0.21083365380764008
1908,228494,58.757080078125,914080,4674,-30515.97840909,667.13,-266.56640625,0.0003,1.9750571250915527,195,0.2050321251153946
1912,228908,211.25863647460938,915736,4682,-28536.49340909,687.66,-293.174072265625,0.0003,-0.3775654435157776,195,0.2035873681306839
1916,229890,35.489341735839844,919664,4701,-25564.62840909,715.8,-163.1583709716797,0.0003,0.6958273649215698,195,0.20457763969898224
1917,229974,14.067371368408203,920000,4702,-24568.97090909,720.14,-218.4173583984375,0.0003,-0.7843252420425415,195,0.20488131046295166
1920,230456,19.51188850402832,921928,4712,-26556.61340909,707.83,-213.738525390625,0.0003,1.1293278932571411,195,0.2015867978334427
1924,231456,16.16645050048828,925928,4731,-23479.00909091,730.6,-319.63909912109375,0.0003,0.3093055486679077,195,0.20318321883678436
1928,232228,13.548354148864746,929016,4746,-21506.41409091,758.02,-187.87107849121094,0.0003,-1.861278772354126,195,0.20266513526439667
1930,232474,16.42100715637207,930000,4750,-20516.03909091,767.66,-434.1983337402344,0.0003,-1.02730393409729,195,0.20129913091659546
1932,232854,33.931575775146484,931520,4758,-20521.94659091,773.58,-157.53646850585938,0.0003,-0.41765210032463074,195,0.19956892728805542
1936,233831,15.040995597839355,935428,4776,-19530.62159091,782.27,-276.8385925292969,0.0003,-0.5555856823921204,195,0.19975511729717255
1940,234831,14.970630645751953,939428,4796,-15563.594090909999,815.24,-289.562744140625,0.0003,-0.2907368838787079,195,0.19778084754943848
1942,234974,58.06244659423828,940000,4798,-14579.17659091,830.83,-151.70867919921875,0.0003,0.10290387272834778,195,0.19748452305793762
1944,235831,32.91203308105469,943428,4815,-12587.799090909999,839.45,-336.35498046875,0.0003,-0.8974050879478455,195,0.19772759079933167
1948,236831,18.06955909729004,947428,4835,-8519.03016234,870.87,-278.85498046875,0.0003,-0.5802492499351501,195,0.20441439747810364
1951,237474,18.51960563659668,950000,4847,-7326.0922077899995,878.0,-273.8467712402344,0.0003,0.4665193259716034,195,0.20301499962806702
1952,237831,18.342714309692383,951428,4854,-6333.00470779,884.91,-291.2027587890625,0.0003,0.26103079319000244,195,0.20156411826610565
1956,238357,35.699363708496094,953532,4864,-5337.942207790001,889.86,-393.6832275390625,0.0003,1.6456010341644287,196,0.20154890418052673
1960,239357,23.663118362426758,957532,4883,-4339.064707789999,890.99,-255.49520874023438,0.0003,0.08224117755889893,196,0.20339559018611908
1962,239974,253.95005798339844,960000,4895,-5334.42470779,886.37,-339.8272705078125,0.0003,1.5101380348205566,196,0.20357491075992584
1964,240357,32.264408111572266,961532,4902,-4334.86470779,886.81,-611.7115478515625,0.0003,0.9316456317901611,196,0.2052074372768402
1968,241357,20.981781005859375,965532,4921,-4334.84720779,886.81,-437.8306884765625,0.0003,1.5865838527679443,196,0.20618921518325806
1972,242109,234.1956329345703,968540,4935,-6029.116720769999,883.22,-381.32769775390625,0.0003,0.11832167208194733,196,0.2078932374715805
1973,242474,226.7031707763672,970000,4942,-6029.116720769999,883.22,-247.07867431640625,0.0003,0.8755004405975342,196,0.20933735370635986
1976,243109,218.6154327392578,972540,4954,-5928.92581168,883.22,-235.85267639160156,0.0003,-0.5480477809906006,196,0.2069532722234726
1980,244109,19.745119094848633,976540,4973,-4928.30331168,882.58,-367.1684875488281,0.0003,-0.14270782470703125,196,0.20468652248382568
1983,244974,33.864139556884766,980000,4990,-3828.2739935000004,882.97,-378.7637023925781,0.0003,0.472939670085907,196,0.19802464544773102
1984,245109,213.82533264160156,980540,4993,-2829.0839935000004,883.77,-391.8622131347656,0.0003,0.8803198337554932,196,0.19930389523506165
1988,245838,210.12567138671875,983456,5006,-3821.8139935000004,876.49,-296.2901611328125,0.0003,0.41052740812301636,196,0.19926610589027405
1992,246357,30.3124942779541,985532,5016,-5801.493993500001,856.17,184.93246459960938,0.0003,0.8450688123703003,196,0.1996167004108429
1996,246904,215.43438720703125,987720,5027,-5802.7514935,857.42,-452.56756591796875,0.0003,0.06781545281410217,196,0.1963275671005249
1998,247474,16.853729248046875,990000,5038,-7784.2239935,838.92,-421.427490234375,0.0003,-0.10621213912963867,196,0.19441422820091248
2000,247857,13.5718355178833,991532,5045,-7784.2139935,838.92,-164.63026428222656,0.0003,-1.150774598121643,196,0.1934223175048828
2004,248740,17.831510543823242,995064,5062,-10983.87808441,838.5,-318.44970703125,0.0003,-0.29097259044647217,196,0.1917269378900528
2008,249555,30.594106674194336,998324,5078,-8990.28308441,844.89,-355.5600280761719,0.0003,-0.5484446287155151,196,0.191353440284729
2010,249974,217.25584411621094,1000000,5086,-8993.34808441,847.96,-244.93344116210938,0.0003,0.5271931290626526,196,0.18958516418933868
2012,250555,14.492965698242188,1002324,5097,-8000.943084410001,855.55,-188.33251953125,0.0003,-0.497195303440094,196,0.1881108283996582
2016,251555,14.408096313476562,1006324,5116,-8002.635584410001,857.26,-237.0378875732422,0.0003,-0.4148058593273163,196,0.1852409541606903
2020,252242,223.92489624023438,1009072,5129,-7019.21308441,873.83,-169.4349822998047,0.0003,-0.3096699118614197,196,0.18231219053268433
2020,252474,30.164688110351562,1010000,5133,-7019.21308441,873.83,-154.7384033203125,0.0003,0.6308300495147705,196,0.1804189234972
2024,252984,14.525832176208496,1012040,5143,-10111.14740259,865.42,-323.584228515625,0.0003,-0.28921616077423096,196,0.17756043374538422
2028,253514,15.735040664672852,1014160,5153,-12100.23740259,854.55,-131.51329040527344,0.0003,-1.0668561458587646,196,0.17560091614723206
2032,254439,12.360897064208984,1017860,5171,-11117.80740259,872.12,-156.67758178710938,0.0003,-0.24890580773353577,196,0.17510472238063812
2035,254974,12.091690063476562,1020000,5181,-13115.219902589999,869.56,-271.3072814941406,0.0003,-0.8191500902175903,196,0.17264752089977264
2036,255367,13.542213439941406,1021572,5189,-13115.21990259,869.56,-239.66287231445312,0.0003,0.05136162042617798,196,0.173302561044693
2040,256367,26.22962760925293,1025572,5208,-13115.21740259,869.56,-1.1793975830078125,0.0003,0.8597100973129272,196,0.1709260195493698
2044,257217,404.2754211425781,1028972,5224,-13111.222402590001,865.56,-289.80450439453125,0.0003,-0.6511889696121216,196,0.16700583696365356
2045,257474,224.8468017578125,1030000,5229,-13211.413831159998,865.56,-360.571533203125,0.0003,-0.3073391616344452,196,0.1671139895915985
2048,258217,27.444360733032227,1032972,5243,-13111.159967520001,865.56,-313.8677062988281,0.0003,-0.47492516040802,196,0.16720032691955566
2052,259217,11.767610549926758,1036972,5263,-13311.21792207,865.56,-246.40902709960938,0.0003,-0.5731991529464722,197,0.16660459339618683
2055,259974,208.59837341308594,1040000,5277,-15309.677922070001,864.05,-303.7312927246094,0.0003,0.18887999653816223,197,0.16451908648014069
2056,260217,27.33176612854004,1040972,5282,-14314.930422070001,869.29,-289.36871337890625,0.0003,0.43898147344589233,197,0.1635293960571289
2060,261217,11.838273048400879,1044972,5301,-14314.937922070001,869.29,-80.68978118896484,0.0003,-1.0096042156219482,197,0.16168180108070374
2064,262217,31.99988555908203,1048972,5321,-13319.565422070002,873.91,-88.90885162353516,0.0003,-0.09581178426742554,197,0.1581576019525528
2066,262474,207.94857788085938,1050000,5326,-14210.40155843,864.85,-355.625732421875,0.0003,0.32644379138946533,197,0.15928655862808228
2068,262809,12.620059967041016,1051340,5332,-14210.411558430002,864.85,-129.64144897460938,0.0003,-0.24966967105865479,197,0.15895085036754608
2072,263219,29.073474884033203,1052980,5340,-16481.02454545,833.36,-181.10418701171875,0.0003,0.12374958395957947,197,0.1590767353773117
2076,264100,28.02092170715332,1056504,5357,-17479.023409089998,831.25,-292.1314697265625,0.0003,1.079992651939392,197,0.15613681077957153
2080,264823,11.268793106079102,1059396,5371,-17475.33840909,827.57,-283.8466491699219,0.0003,0.2714390754699707,197,0.15454363822937012
2080,264974,243.7561798095703,1060000,5374,-17475.33840909,827.57,-93.80860900878906,0.0003,0.7438647747039795,197,0.15469177067279816
2084,265595,27.51756477355957,1062484,5386,-18568.12022727,819.93,-294.27508544921875,0.0003,-0.13063287734985352,197,0.15437297523021698
2088,266595,230.5088653564453,1066484,5406,-16578.13272727,829.93,-168.771484375,0.0003,0.7459818124771118,197,0.1504809856414795
2092,267469,30.864721298217773,1069980,5423,-14397.159772720002,849.52,-287.857177734375,0.0003,1.8523476123809814,197,0.14792005717754364
2092,267474,12.252716064453125,1070000,5423,-14397.159772720002,849.52,-305.6085510253906,0.0003,-0.0414736270904541,197,0.14801524579524994
2096,268392,205.7087860107422,1073672,5440,-15196.830909080003,849.62,-140.31805419921875,0.0003,0.9288630485534668,197,0.14593316614627838
2100,269219,11.191367149353027,1076980,5456,-14108.39795453,861.37,-149.86001586914062,0.0003,-1.1713188886642456,197,0.14516344666481018
2104,269925,14.322522163391113,1079804,5470,-14799.051720759999,852.4,-245.40725708007812,0.0003,1.4553890228271484,197,0.144294872879982
2105,269974,238.6963348388672,1080000,5470,-15694.59376621,847.99,-254.25540161132812,0.0003,-0.496177077293396,197,0.14387382566928864
2108,270925,27.905258178710938,1083804,5489,-15495.740811660002,850.27,-187.71527099609375,0.0003,-0.717413067817688,197,0.14204451441764832
2112,271633,11.009734153747559,1086636,5502,-15489.875811659998,844.4,-167.77577209472656,0.0003,-0.22615531086921692,197,0.1420411765575409
2116,272219,27.15785026550293,1088980,5513,-17383.241266209996,837.96,-200.06454467773438,0.0003,0.05743137001991272,197,0.14165881276130676
2116,272474,30.484848022460938,1090000,5518,-17383.241266209996,837.96,-247.7825927734375,0.0003,1.5865896940231323,197,0.14165252447128296
2120,273219,10.876192092895508,1092980,5533,-15388.24376621,842.94,-176.2144775390625,0.0003,-1.2681323289871216,197,0.14294470846652985
2124,274219,194.99134826660156,1096980,5552,-14290.94733764,845.72,-95.81304931640625,0.0003,-1.8565717935562134,197,0.14361076056957245
2127,274974,223.92796325683594,1100000,5566,-11305.624837639998,860.36,-70.1507568359375,0.0003,-1.947959303855896,197,0.14270099997520447
2128,275219,11.753072738647461,1100980,5571,-10307.73483764,862.46,-127.35115051269531,0.0003,-0.8536087870597839,197,0.14208745956420898
2132,276219,29.714855194091797,1104980,5590,-8209.479610370001,864.88,-413.04522705078125,0.0003,1.2254257202148438,197,0.1406591534614563
2136,276843,11.481462478637695,1107476,5602,-7209.724610369999,865.12,-168.63656616210938,0.0003,1.095186710357666,197,0.1434026062488556
2137,277474,41.167991638183594,1110000,5614,-7209.7271103699995,865.12,-249.30398559570312,0.0003,1.1146869659423828,197,0.14283232390880585
2140,277783,11.620747566223145,1111236,5620,-8205.35961037,860.76,-205.4877166748047,0.0003,-0.2211431860923767,197,0.14396338164806366
2144,278641,25.87045669555664,1114668,5636,-8208.674610369999,864.07,-328.29132080078125,0.0003,0.35527247190475464,197,0.14395713806152344
2148,279610,203.35836791992188,1118544,5654,-11301.68347401,856.85,-147.2372283935547,0.0003,-1.129032850265503,197,0.14483200013637543
2149,279974,27.962051391601562,1120000,5661,-11301.68597401,856.85,-142.60443115234375,0.0003,0.003834068775177002,197,0.1462453156709671
2152,280420,10.320866584777832,1121784,5670,-12297.04847401,852.22,-181.68258666992188,0.0003,-2.137467384338379,197,0.1483219712972641
2156,281420,26.808122634887695,1125784,5689,-10198.365292190001,853.73,-170.06842041015625,0.0003,-0.6610406041145325,197,0.15152503550052643
2160,282200,11.51385498046875,1128904,5704,-12095.343928550003,850.51,-201.7218475341797,0.0003,-0.03256794810295105,197,0.14985151588916779
2160,282474,25.586822509765625,1130000,5710,-12095.343928550003,850.51,-180.42568969726562,0.0003,-0.4117968678474426,197,0.15135404467582703
2164,283189,30.41763687133789,1132860,5723,-12993.70321426,849.52,-298.8639221191406,0.0003,1.3128690719604492,197,0.153018057346344
2168,284189,11.375868797302246,1136860,5742,-13102.4595779,857.75,-156.96270751953125,0.0003,-0.08452212810516357,197,0.15511395037174225
2171,284974,27.6090087890625,1140000,5757,-13118.742077899999,873.77,-192.05828857421875,0.0003,0.4094807207584381,197,0.15755458176136017
2172,285101,12.034944534301758,1140508,5760,-12127.784577899998,882.72,-236.80810546875,0.0003,0.9890116453170776,197,0.15768316388130188
2176,286101,11.559453010559082,1144508,5779,-10025.86139608,880.25,-291.0768737792969,0.0003,0.18643921613693237,198,0.16020193696022034
2180,287101,403.149169921875,1148508,5798,-9032.62639608,886.56,-211.93817138671875,0.0003,0.5049383640289307,198,0.16304758191108704
2182,287474,11.793522834777832,1150000,5805,-9032.89139608,886.56,-283.56414794921875,0.0003,1.0782523155212402,198,0.1636418253183365
2184,288101,30.243309020996094,1152508,5817,-8040.79889608,894.2,-162.76414489746094,0.0003,-1.1682077646255493,198,0.16747254133224487
2188,289101,12.895308494567871,1156508,5836,-9039.71389608,892.69,-357.7422790527344,0.0003,0.5683134198188782,198,0.16906394064426422
2192,289855,400.8838195800781,1159524,5851,-9236.63185063,888.61,-169.05630493164062,0.0003,-0.36079126596450806,198,0.16857095062732697
2192,289974,40.96038818359375,1160000,5853,-9236.63185063,888.61,-453.5778503417969,0.0003,0.6956800818443298,198,0.1697136014699936
2196,290855,12.549293518066406,1163524,5870,-7441.755714269999,893.04,-202.91172790527344,0.0003,0.5412331223487854,198,0.17183732986450195
2200,291855,45.466278076171875,1167524,5890,-6549.23116882,899.79,-191.6176300048828,0.0003,-1.1798566579818726,198,0.17404550313949585
2202,292474,26.310396194458008,1170000,5901,-5655.70003246,905.82,-270.11004638671875,0.0003,-0.8168504238128662,198,0.1751151978969574
2204,292855,12.528624534606934,1171524,5909,-3864.269902590001,913.91,-217.642578125,0.0003,-1.0625529289245605,198,0.17426560819149017
2208,293855,223.6007843017578,1175524,5928,-3167.9358116900003,915.96,-335.2249450683594,0.0003,0.24939632415771484,198,0.17688040435314178
2212,294855,12.765396118164062,1179524,5947,-3172.86331169,920.55,-210.51544189453125,0.0003,-1.2459033727645874,198,0.17785397171974182
2213,294974,13.085379600524902,1180000,5950,-2279.41535714,926.83,-336.77728271484375,0.0003,-0.5893707275390625,198,0.17769889533519745
2216,295611,29.991254806518555,1182548,5962,-2181.7776298699996,928.7,19.84033203125,0.0003,2.127279281616211,198,0.17688651382923126
2220,296611,236.41244506835938,1186548,5981,-2182.300129869999,928.7,-184.54391479492188,0.0003,0.31386566162109375,198,0.17788302898406982
2223,297474,14.081769943237305,1190000,5998,-83.32814935000002,929.29,-114.33111572265625,0.0003,-1.4919672012329102,198,0.1778373420238495
2224,297611,207.4071044921875,1190548,6001,-83.41564935000002,929.29,-362.50396728515625,0.0003,-1.1367944478988647,198,0.17768807709217072
2228,298434,14.04601001739502,1193840,6017,-1082.1606493499999,927.52,-388.32843017578125,0.0003,0.954708456993103,198,0.17905829846858978
2232,299434,12.630372047424316,1197840,6036,-982.8075974000001,927.52,-341.95684814453125,0.0003,0.982420027256012,198,0.17616304755210876
2235,299974,12.839332580566406,1200000,6047,-1880.93646104,925.39,-180.92755126953125,0.0003,0.2544082701206207,198,0.17664285004138947
2236,300434,399.9329833984375,1201840,6056,-886.3489610400002,930.71,-270.6509704589844,0.0003,1.044930100440979,198,0.17410171031951904
2240,301434,12.866756439208984,1205840,6075,-788.7282467500002,933.21,-163.06838989257812,0.0003,-0.5424536466598511,198,0.17540185153484344
2244,302434,19.001604080200195,1209840,6095,-789.9382467500001,933.91,-211.74478149414062,0.0003,1.4389793872833252,198,0.1737610548734665
2244,302474,29.477445602416992,1210000,6096,-789.9382467500001,933.91,-247.7706298828125,0.0003,-1.1591650247573853,198,0.1738419383764267
2248,303398,207.66558837890625,1213696,6113,1203.9517532499992,939.84,-167.08084106445312,0.0003,-0.5292651057243347,198,0.17365382611751556
2252,304154,14.394989967346191,1216720,6128,2504.289935069999,939.8,-263.13360595703125,0.0003,0.9909070134162903,198,0.1731613278388977
2256,304712,27.85397720336914,1218952,6138,512.09496754,931.99,-355.8936767578125,0.0003,0.9009245038032532,198,0.1724548488855362
2256,304974,208.06967163085938,1220000,6143,512.09496754,931.99,-197.54306030273438,0.0003,0.24831081926822662,198,0.17253686487674713
2260,305712,25.39194679260254,1222952,6158,2509.80217533,935.21,-202.0609893798828,0.0003,-1.1618967056274414,198,0.17211896181106567
2264,306712,199.4177703857422,1226952,6177,3407.99896104,936.2,-221.32070922851562,0.0003,0.14002376794815063,198,0.17435088753700256
2267,307474,13.493141174316406,1230000,6192,4507.836461039999,937.03,-174.875,0.0003,-1.0830765962600708,198,0.17297835648059845
2268,307712,26.4840087890625,1230952,6196,4507.9264610400005,937.03,-407.5971984863281,0.0003,0.6427538394927979,198,0.17287273705005646
2272,308593,12.112485885620117,1234476,6213,5503.5114610400005,941.53,-375.056640625,0.0003,-0.8814597725868225,198,0.17261846363544464
2276,309593,27.157245635986328,1238476,6233,3304.2962337699996,940.96,-251.19192504882812,0.0003,1.399932622909546,198,0.17413339018821716
2278,309974,12.133779525756836,1240000,6240,2305.0087337699997,940.44,-358.13739013671875,0.0003,-1.3155632019042969,198,0.17520204186439514
2280,310593,208.1715087890625,1242476,6252,2305.27373377,940.44,-248.79409790039062,0.0003,-1.254083275794983,198,0.17581234872341156
2284,311593,28.110719680786133,1246476,6271,1412.32694806,935.36,-298.2385559082031,0.0003,1.4513174295425415,198,0.17415481805801392
2287,312474,26.30303192138672,1250000,6289,2411.1594480599997,936.87,-215.6050567626953,0.0003,0.28900063037872314,198,0.17867596447467804
2288,312593,208.25782775878906,1250476,6291,2411.24694806,936.87,-117.96336364746094,0.0003,-1.2810943126678467,198,0.17971272766590118
2292,312948,13.180732727050781,1251896,6298,2412.1194480599997,936.44,-334.31671142578125,0.0003,0.15812306106090546,198,0.17902898788452148
2296,313684,26.1384334564209,1254840,6312,-573.7480519400001,922.61,-326.307373046875,0.0003,-1.2151448726654053,198,0.18284930288791656
2300,314613,27.120967864990234,1258556,6330,-2562.49805194,911.9,-384.47503662109375,0.0003,1.2618809938430786,198,0.1886267364025116
2302,314974,209.4867401123047,1260000,6337,-3560.0930519400004,909.77,-262.5384521484375,0.0003,0.5079221725463867,198,0.18878459930419922
2304,315584,206.82347106933594,1262440,6349,-4559.53305194,909.48,-252.09210205078125,0.0003,-0.8489248752593994,198,0.19137021899223328
2308,316281,211.76510620117188,1265228,6362,-6550.26305194,900.66,-311.0986022949219,0.0003,0.012698471546173096,198,0.1975862681865692
2312,316984,13.623879432678223,1268040,6375,-7445.3416883,896.43,-170.58966064453125,0.0003,-1.0605578422546387,198,0.20078471302986145
2313,317474,222.8979034423828,1270000,6385,-8440.4591883,891.64,-316.95611572265625,0.0003,-0.6296077370643616,198,0.2030470073223114
2316,317984,15.219076156616211,1272040,6394,-6543.37441557,895.01,-300.1024475097656,0.0003,0.21071350574493408,198,0.2041163444519043
2320,318654,210.07864379882812,1274720,6407,-7436.960486999999,890.63,-340.138427734375,0.0003,-0.2519376277923584,198,0.20648939907550812
2324,319654,13.603132247924805,1278720,6426,-9638.14389609,892.21,-316.0562438964844,0.0003,-0.2886202335357666,198,0.2070849984884262
2325,319974,15.92049503326416,1280000,6433,-10635.51389609,889.67,-260.8053283691406,0.0003,0.4547775089740753,198,0.20540288090705872
2328,320290,13.622711181640625,1281264,6439,-11627.61639609,882.18,-274.88482666015625,0.0003,-0.04425904154777527,198,0.20797783136367798
2332,321290,28.272756576538086,1285264,6458,-12820.797175310001,875.19,-360.0899353027344,0.0003,-0.2055658996105194,198,0.20829252898693085
2336,321886,30.75392723083496,1287648,6470,-12914.133311669999,868.84,-264.15283203125,0.0003,-0.18289658427238464,199,0.208552286028862
2339,322474,14.770703315734863,1290000,6481,-15006.781525960001,861.19,-317.4588623046875,0.0003,-0.46157199144363403,199,0.210210382938385
2340,322684,15.241598129272461,1290840,6485,-15006.616525960002,861.19,-251.484130859375,0.0003,-0.19044038653373718,199,0.21229079365730286
2344,323500,18.319223403930664,1294104,6501,-14799.518311679998,855.42,-366.7113037109375,0.0003,-0.15059597790241241,199,0.2201034128665924
2348,323965,16.287372589111328,1295964,6510,-16784.38831168,840.44,-401.0923767089844,0.0003,0.9616053700447083,199,0.22059684991836548
2352,324486,14.344017028808594,1298048,6520,-20071.7514935,827.49,-280.3111572265625,0.0003,-0.07530625909566879,199,0.22374175488948822
2354,324974,34.537418365478516,1300000,6529,-20964.81220779,820.73,-172.67498779296875,0.0003,-0.039496421813964844,199,0.2236044704914093
2356,325486,15.649728775024414,1302048,6539,-21070.73042208,826.45,-348.3476867675781,0.0003,0.6575438976287842,199,0.22378428280353546
2360,326386,209.87338256835938,1305648,6557,-22066.42363637,822.25,-308.4933166503906,0.0003,-0.15514832735061646,199,0.22465203702449799
2364,326777,17.40035629272461,1307212,6564,-24950.85181819,806.86,-384.262939453125,0.0003,1.0184226036071777,199,0.22584345936775208
2368,327439,39.713233947753906,1309860,6577,-27934.727175329997,790.43,-270.8462829589844,0.0003,0.12840792536735535,199,0.2240842878818512
2368,327474,16.881811141967773,1310000,6578,-27934.727175329997,790.43,-267.6182556152344,0.0003,0.6616736650466919,199,0.22418411076068878
2372,328189,15.054365158081055,1312860,6591,-28827.48503247,783.46,-306.33941650390625,0.0003,0.028126340359449387,199,0.2230134904384613
2376,329186,15.572395324707031,1316848,6611,-29829.832532469998,786.06,-335.45428466796875,0.0003,-0.9666818380355835,199,0.2242477536201477
2380,329869,33.7529411315918,1319580,6624,-30717.911461039996,774.18,-323.06878662109375,0.0003,-0.4582556486129761,199,0.22304555773735046
2380,329974,17.623685836791992,1320000,6626,-30717.911461039996,774.18,-385.5938720703125,0.0003,0.09410834312438965,199,0.22296592593193054
2384,330562,16.352609634399414,1322352,6637,-31715.535746759997,771.56,-376.2972106933594,0.0003,-0.20313695073127747,199,0.22634248435497284
2388,331340,34.948829650878906,1325464,6653,-33501.5336039,760.01,-334.866943359375,0.0003,1.122602939605713,199,0.22362327575683594
2392,332063,16.922548294067383,1328356,6667,-35392.02931819,752.61,-315.28668212890625,0.0003,1.1450715065002441,199,0.22228500247001648
2395,332474,17.1691951751709,1330000,6676,-35389.42181819,749.91,-361.4801330566406,0.0003,1.1529760360717773,199,0.2232269048690796
2396,332505,14.153397560119629,1330124,6677,-35386.48181819,746.97,-356.21563720703125,0.0003,-0.6326326727867126,199,0.2227163016796112
2400,332726,27.98990249633789,1331008,6682,-36274.78181819,735.19,-278.19171142578125,0.0003,-0.12621521949768066,199,0.2237333059310913
2404,333548,15.644561767578125,1334296,6700,-37958.88396104,720.82,-364.40264892578125,0.0003,0.014975219964981079,199,0.22204041481018066
2408,334150,15.08171272277832,1336704,6713,-36960.00646103999,721.94,-270.40301513671875,0.0003,0.16490307450294495,199,0.22454366087913513
2412,334369,16.970523834228516,1337580,6718,-39043.46782468,705.09,-297.6514587402344,0.0003,0.4604070782661438,199,0.22441931068897247
2415,334974,15.344182014465332,1340000,6731,-41027.60032468,689.26,-236.85107421875,0.0003,-0.1318957805633545,199,0.22469457983970642
2416,335126,27.477336883544922,1340608,6734,-42021.707824679994,683.38,-310.3189392089844,0.0003,0.029802680015563965,199,0.22439774870872498
2420,335529,15.31627368927002,1342220,6743,-43113.57925325,673.59,-314.283203125,0.0003,-0.5455798506736755,199,0.22500261664390564
2424,335881,16.958295822143555,1343628,6750,-44992.23818182,653.56,-433.4372863769531,0.0003,1.3197274208068848,199,0.22314758598804474
2428,336140,26.48381805419922,1344664,6755,-45972.83318182,634.22,-221.31446838378906,0.0003,-1.4209442138671875,199,0.2254267781972885
2432,336628,413.42510986328125,1346616,6765,-48955.37818182,616.93,-281.66693115234375,0.0003,0.6651555299758911,199,0.22463278472423553
2436,337344,17.294797897338867,1349480,6781,-49958.35818182,619.97,-346.152099609375,0.0003,-0.44128501415252686,199,0.22562749683856964
2436,337474,25.816747665405273,1350000,6783,-49958.35818182,619.97,-372.8638916015625,0.0003,0.7683131098747253,199,0.22578898072242737
2440,338263,28.01599884033203,1353156,6799,-49854.062824680004,615.8,-368.543701171875,0.0003,0.6749900579452515,198,0.22475787997245789
2444,338766,405.21142578125,1355168,6810,-50054.691038959994,615.63,-191.03314208984375,0.0003,0.05639861524105072,198,0.22484539449214935
2448,339547,211.35476684570312,1358292,6825,-50054.911038959995,615.89,-297.849853515625,0.0003,-0.15023168921470642,198,0.22328346967697144
2451,339974,231.16937255859375,1360000,6834,-49960.51944804999,621.79,-338.80902099609375,0.0003,0.5288597941398621,198,0.22287152707576752
2452,340060,18.079538345336914,1360344,6836,-49958.19444804999,619.39,-360.0015869140625,0.0003,0.9743348956108093,198,0.22214731574058533
2456,340720,17.128475189208984,1362984,6849,-50046.458733759995,607.23,-220.99078369140625,0.0003,0.13990288972854614,199,0.22230465710163116
2460,341151,212.84010314941406,1364708,6858,-52138.8065909,598.8,-362.7819519042969,0.0003,-0.19578447937965393,198,0.21762016415596008
2464,341540,212.4212646484375,1366264,6865,-51026.09412337001,586.83,-331.6363525390625,0.0003,-0.12367558479309082,198,0.21722811460494995
2468,341924,18.107139587402344,1367800,6873,-52121.22626623,581.8,-363.766357421875,0.0003,-0.28303632140159607,198,0.21954329311847687
2472,342329,27.288530349731445,1369420,6881,-53108.846623380006,569.41,-343.6518859863281,0.0003,0.49799638986587524,198,0.21881237626075745
2472,342474,230.5644073486328,1370000,6884,-53108.846623380006,569.41,-335.80450439453125,0.0003,-0.8151015639305115,198,0.2193828970193863
2476,342925,28.17319107055664,1371804,6893,-53896.378051960004,558.41,-440.11981201171875,0.0003,0.307944118976593,198,0.2211909145116806
2480,343576,15.962218284606934,1374408,6907,-54988.89412339,550.64,-395.91387939453125,0.0003,0.39885151386260986,198,0.2193785309791565
2484,343939,18.91132926940918,1375860,6914,-56877.77448053,538.73,-316.9388427734375,0.0003,0.678791880607605,198,0.21821272373199463
2488,344289,29.40143394470215,1377260,6921,-58864.15126625,522.69,-523.5335693359375,0.0003,0.9349451065063477,198,0.21785826981067657
2492,344778,17.009923934936523,1379216,6932,-59854.271688320005,510.4,-447.28076171875,0.0003,-0.002651490271091461,198,0.2180391103029251
2493,344974,17.184402465820312,1380000,6936,-59751.64883118,507.93,-338.9327392578125,0.0003,0.7112324237823486,198,0.21718807518482208
2496,345229,15.624394416809082,1381020,6941,-59658.33275975,515.02,-307.1040344238281,0.0003,-0.9729734659194946,198,0.21942313015460968
2500,346201,209.44992065429688,1384908,6961,-58560.856331179995,521.31,-494.22796630859375,0.0003,0.5196951627731323,198,0.22494769096374512
2504,346460,27.422948837280273,1385944,6966,-56563.181331190004,524.92,-480.1958923339844,0.0003,1.2471411228179932,198,0.22099237143993378
2508,347460,228.82321166992188,1389944,6986,-56362.273116899996,526.22,-404.85736083984375,0.0003,-0.8014096021652222,198,0.2193886786699295
2508,347474,26.695842742919922,1390000,6986,-56362.273116899996,526.22,-451.53753662109375,0.0003,0.5003534555435181,198,0.21926254034042358
2512,347767,17.53689956665039,1391172,6992,-55161.81775975,527.65,-428.50848388671875,0.0003,-0.5004046559333801,198,0.21952541172504425
2516,348767,17.18172836303711,1395172,7012,-52081.61168832,549.63,-452.89886474609375,0.0003,-0.8254243731498718,198,0.2173907458782196
2520,349201,213.0408477783203,1396908,7021,-51977.25168832,546.11,-325.072509765625,0.0003,0.5502930283546448,198,0.2172372043132782
2524,349789,15.561138153076172,1399260,7032,-50879.694902610005,550.62,-226.645263671875,0.0003,-1.005448818206787,198,0.21833515167236328
2525,349974,15.170989036560059,1400000,7036,-50877.91990261,548.75,-214.8853759765625,0.0003,-0.8530531525611877,198,0.21940740942955017
2528,350394,17.326417922973633,1401680,7044,-49891.54990260999,562.19,-482.20697021484375,0.0003,0.5129396915435791,198,0.2202753722667694
2532,350979,17.54875946044922,1404020,7056,-47805.87668831999,576.53,-380.050537109375,0.0003,-0.30453354120254517,198,0.22270400822162628
2536,351909,23.419816970825195,1407740,7075,-45610.72597403,582.46,-362.39404296875,0.0003,-0.46825921535491943,198,0.22617292404174805
2537,352474,27.415430068969727,1410000,7086,-44611.63847403,583.27,-542.42138671875,0.0003,1.0368413925170898,198,0.22976188361644745
2540,352909,15.67013931274414,1411740,7095,-42724.79383117,596.14,-193.19140625,0.0003,-1.0081719160079956,198,0.23229491710662842
2544,353909,215.02285766601562,1415740,7117,-42628.24025974,600.19,-477.7816467285156,0.0003,1.108189344406128,198,0.2416621744632721
2548,354883,212.21424865722656,1419636,7140,-41643.81775974,615.68,-385.5334777832031,0.0003,0.4040946066379547,198,0.2524477243423462
2548,354974,214.18038940429688,1420000,7142,-41643.81775974,615.68,-532.7618408203125,0.0003,1.0476696491241455,198,0.25341519713401794
2552,355793,419.83331298828125,1423276,7161,-39655.42792208,627.14,-650.1986083984375,0.0003,0.2702246904373169,198,0.26235491037368774
2556,356698,18.991756439208984,1426896,7181,-39568.24363637,642.03,-278.7063293457031,0.0003,0.08756321668624878,198,0.27368834614753723
2560,357123,28.95085334777832,1428596,7191,-38563.94613637,637.73,-474.95623779296875,0.0003,0.8024349808692932,198,0.27890923619270325
2562,357474,27.444181442260742,1430000,7199,-36270.99685065,646.12,-501.47125244140625,0.0003,0.3455219566822052,198,0.2838074564933777
2564,357868,21.914113998413086,1431576,7207,-38370.38577922,645.66,-473.0791320800781,0.0003,-0.5797475576400757,198,0.2910514175891876
2568,358323,19.325347900390625,1433396,7217,-37278.42191558,654.42,-455.18109130859375,0.0003,-0.45194119215011597,198,0.2957625687122345
2572,358890,20.022785186767578,1435664,7230,-36281.13727272,659.33,-286.61798095703125,0.0003,-0.3142988383769989,198,0.3068060278892517
2576,359504,22.221233367919922,1438120,7244,-36271.12762985,650.0,-362.759765625,0.0003,-0.5334585905075073,198,0.3197181820869446
2580,359778,30.80565643310547,1439216,7250,-34072.18834414,649.19,-379.29388427734375,0.0003,0.27905765175819397,198,0.3229578733444214
2581,359974,20.671417236328125,1440000,7255,-33179.80441557,656.62,-392.7949523925781,0.0003,0.4049556255340576,198,0.3265799880027771
2584,360618,22.517578125,1442576,7269,-32177.32084414,656.3,-548.3079833984375,0.0003,-0.943970799446106,198,0.34125202894210815
2588,360825,20.084972381591797,1443404,7274,-30386.986201279997,665.96,-319.9332275390625,0.0003,-0.4726957678794861,198,0.34380003809928894
2592,361013,20.49725341796875,1444156,7279,-30479.55506492,658.87,-449.25689697265625,0.0003,-0.7545986175537109,198,0.3431946933269501
2596,361201,45.96365737915039,1444908,7283,-31660.188993490003,639.06,-20.856857299804688,0.0003,0.3361320197582245,198,0.3468424677848816
2600,361536,30.11687469482422,1446248,7291,-33851.47042206,626.69,-592.09130859375,0.0003,-0.06829699873924255,198,0.35509538650512695
2604,362018,217.2584228515625,1448176,7302,-36141.9682792,614.31,-591.2854614257812,0.0003,0.25174498558044434,198,0.3593745529651642
2605,362474,22.287080764770508,1450000,7312,-35150.0307792,622.45,-327.3320617675781,0.0003,-0.4783340394496918,198,0.35535353422164917
2608,362903,23.49494743347168,1451716,7322,-35345.63149349,615.76,-599.7529296875,0.0003,-0.4758979380130768,198,0.35510289669036865
2612,363759,23.85027503967285,1455140,7342,-34562.489350640004,630.72,-577.2431030273438,0.0003,-0.34739938378334045,198,0.3423217833042145
2616,364296,33.797786712646484,1457288,7355,-35653.86792207,619.9,-701.5786743164062,0.0003,-0.5227576494216919,198,0.3312614858150482
2620,364854,22.643417358398438,1459520,7368,-35763.16292207,628.54,-519.2720947265625,0.0003,-0.4955112338066101,198,0.3291610777378082
2622,364974,32.035362243652344,1460000,7370,-36862.43470778,625.39,-818.40234375,0.0003,0.6801614761352539,198,0.32825711369514465
2624,365336,24.750194549560547,1461448,7379,-36960.60077921,622.67,-542.5135498046875,0.0003,0.6847574710845947,198,0.3283674120903015
2628,365776,24.41374397277832,1463208,7389,-37954.50577921,616.87,-647.4583129882812,0.0003,-0.020367980003356934,198,0.3277203440666199
2632,366522,26.168039321899414,1466192,7406,-39054.128993499995,616.48,-642.925537109375,0.0003,0.4810755252838135,197,0.3215970993041992
2636,366872,28.268644332885742,1467592,7414,-41141.448571429995,603.05,-559.5142822265625,0.0003,-0.7740960121154785,197,0.32134634256362915
2638,367474,32.11668395996094,1470000,7428,-42131.948571429995,593.75,-794.2549438476562,0.0003,1.0736489295959473,197,0.32114213705062866
2640,367839,221.50709533691406,1471460,7437,-43131.50607143,593.42,-634.0860595703125,0.0003,0.5192797183990479,197,0.32203176617622375
2644,368568,221.1005096435547,1474376,7454,-44217.237142859994,578.57,-743.3265991210938,0.0003,1.186956524848938,197,0.3250259757041931
2648,368934,27.878190994262695,1475840,7462,-43108.342597409996,569.79,-741.9407958984375,0.0003,0.6755562424659729,197,0.3288627862930298
2652,369542,28.931169509887695,1478272,7476,-46093.262954549995,554.78,-777.1040649414062,0.0003,0.8197885155677795,197,0.33056026697158813
2656,369708,25.585792541503906,1478936,7480,-47163.67974026,523.42,-766.201416015625,0.0003,-0.4459948241710663,197,0.33010974526405334
2660,369867,26.134143829345703,1479572,7483,-48152.18474026,511.94,-526.331787109375,0.0003,-0.5295097827911377,197,0.3296010196208954
2660,369974,30.909006118774414,1480000,7486,-48152.18474026,511.94,-752.3301391601562,0.0003,0.7709766030311584,197,0.32971468567848206
2664,370450,25.597972869873047,1481904,7497,-50458.96892856999,516.64,-652.582763671875,0.0003,0.3333434462547302,197,0.33700141310691833
2668,371247,219.4766387939453,1485092,7516,-50552.43779221,509.58,-520.2960205078125,0.0003,-0.12381145358085632,197,0.33819153904914856
2672,372008,41.60728073120117,1488136,7533,-49561.77279221,517.03,-399.3143005371094,0.0003,-0.48746243119239807,197,0.3445739150047302
2676,372312,27.629667282104492,1489352,7540,-48559.38896105,512.7,-583.122802734375,0.0003,-0.08069077134132385,197,0.344226598739624
2677,372474,26.060598373413086,1490000,7544,-49764.083246760005,516.2,-708.0758056640625,0.0003,-0.8305546641349792,197,0.34444504976272583
2680,372778,24.960622787475586,1491216,7551,-50659.9536039,516.84,-591.0021362304688,0.0003,0.2098788022994995,197,0.3440608084201813
2684,373223,28.711441040039062,1492996,7561,-52755.84217533,510.41,-653.647705078125,0.0003,-0.2779660224914551,197,0.3465602695941925
2688,373683,27.0905704498291,1494836,7571,-53749.96717533,504.56,-678.191162109375,0.0003,0.26507559418678284,197,0.34915950894355774
2692,374573,24.71767807006836,1498396,7592,-50775.43467533,530.01,-561.40234375,0.0003,-0.018604695796966553,197,0.3640122413635254
2694,374974,24.01736068725586,1500000,7601,-48792.94217533,547.5,-460.1221923828125,0.0003,-0.11742956191301346,197,0.3664705157279968
2696,375100,34.17304992675781,1500504,7604,-48599.55860389999,554.51,-740.4884643554688,0.0003,0.9854615926742554,197,0.36480432748794556
2700,375883,26.41775131225586,1503636,7622,-44109.28288962001,566.56,-707.6068115234375,0.0003,0.09618055075407028,197,0.3751983940601349
2704,376717,24.15439796447754,1506972,7641,-41127.40538962,584.76,-486.196533203125,0.0003,-1.0340995788574219,197,0.37911251187324524
2708,377323,26.957138061523438,1509396,7656,-43120.84038962,578.23,-785.6694946289062,0.0003,-0.47097858786582947,197,0.3817179501056671
2708,377474,29.325918197631836,1510000,7659,-43120.84038962,578.23,-671.04052734375,0.0003,-0.4291691482067108,197,0.38085639476776123
2712,377850,223.98716735839844,1511504,7667,-44110.19788962,567.61,-584.9072875976562,0.0003,-0.421183705329895,197,0.3870604634284973
2716,378163,27.073402404785156,1512756,7675,-44804.04431818999,564.73,-747.9782104492188,0.0003,0.252857506275177,197,0.38716521859169006
2720,379017,29.754749298095703,1516172,7694,-45797.71181818999,558.42,-784.9547119140625,0.0003,0.1222095638513565,197,0.38704192638397217
2724,379684,32.14847183227539,1518840,7709,-44805.549318189995,566.26,-809.489501953125,0.0003,0.03171335905790329,197,0.38980409502983093
2725,379974,28.386699676513672,1520000,7715,-43811.29681819,572.0,-679.7879028320312,0.0003,0.30000895261764526,197,0.391582190990448
2728,380684,28.930721282958984,1522840,7731,-40830.95181819,591.63,-746.4429931640625,0.0003,-0.004969358444213867,196,0.3963136374950409
2732,381291,222.49948120117188,1525268,7745,-38734.93681819,597.3,-719.1710205078125,0.0003,-0.11651355028152466,196,0.3962129056453705
2736,382171,32.84773635864258,1528788,7765,-39839.86045455,601.92,-914.3160400390625,0.0003,-0.2995190918445587,196,0.3980616629123688
2737,382474,28.952219009399414,1530000,7772,-39839.86045455,601.92,-872.8834228515625,0.0003,0.30109694600105286,196,0.39573851227760315
2740,383171,26.66559410095215,1532788,7788,-37749.467240260004,611.55,-507.607421875,0.0003,-0.17057392001152039,196,0.39830493927001953
2744,384171,27.543807983398438,1536788,7811,-35767.68974026,629.75,-757.279541015625,0.0003,-0.16727286577224731,196,0.3929392695426941
2748,384840,223.86672973632812,1539464,7826,-36868.621785710005,630.66,-643.1157836914062,0.0003,0.42051631212234497,196,0.39092040061950684
2748,384974,223.74176025390625,1540000,7829,-36868.621785710005,630.66,-634.8858642578125,0.0003,0.6979865431785583,196,0.3891970217227936
2752,385680,244.37586975097656,1542824,7845,-33880.5164935,642.93,-646.3173828125,0.0003,-0.14968666434288025,196,0.3934321999549866
2756,386680,29.725839614868164,1546824,7867,-29918.0339935,680.41,-761.0465087890625,0.0003,-0.17442014813423157,196,0.3842146098613739
2757,387474,31.675918579101562,1550000,7885,-28927.511493500002,689.88,-1106.56005859375,0.0003,0.27710726857185364,196,0.37846601009368896
2760,387680,29.139480590820312,1550824,7890,-26946.4639935,708.82,-819.082763671875,0.0003,-0.12756934762001038,196,0.380778044462204
2764,388631,27.78262710571289,1554628,7912,-24058.51444805,720.75,-650.806396484375,0.0003,0.012413665652275085,196,0.3837404251098633
2768,389501,224.35177612304688,1558108,7932,-23069.57444805,731.72,-881.964111328125,0.0003,-0.10584904998540878,196,0.3865440785884857
2771,389974,222.6284637451172,1560000,7943,-23069.38444805,731.54,-790.3240966796875,0.0003,-0.33471208810806274,196,0.3888609707355499
2772,390020,26.52851104736328,1560184,7944,-23165.065876619996,726.93,-665.024658203125,0.0003,-0.044815272092819214,196,0.38901185989379883
2776,390825,221.08226013183594,1563404,7962,-22282.89542207,745.0,-890.066650390625,0.0003,0.3582724928855896,196,0.3979465067386627
2780,391493,26.67136573791504,1566076,7978,-21387.43756493,748.12,-684.9659423828125,0.0003,-0.45398640632629395,196,0.4021150469779968
2784,392020,29.817310333251953,1568184,7990,-19293.23327922,755.87,-869.1363525390625,0.0003,0.5574092864990234,196,0.41151532530784607
2787,392474,420.1579895019531,1570000,8000,-19296.75577922,759.39,-932.9757080078125,0.0003,0.7539308071136475,196,0.4126746952533722
2788,392523,231.3506622314453,1570196,8001,-19292.85577922,755.49,-895.490966796875,0.0003,0.948166012763977,196,0.4137859344482422
2792,392789,27.040302276611328,1571260,8007,-22169.94292208,732.99,-786.7598876953125,0.0003,0.35060954093933105,196,0.41643235087394714
2796,393002,25.743053436279297,1572112,8012,-24254.28149351,718.28,-644.3021240234375,0.0003,-0.7735902070999146,196,0.4173828363418579
2800,393297,29.80019760131836,1573292,8019,-28640.793636360002,702.6,-825.4609375,0.0003,0.6865570545196533,196,0.4234039783477783
2804,393547,26.476144790649414,1574292,8025,-29417.880779220002,681.32,-620.463623046875,0.0003,-0.48843640089035034,196,0.4265162944793701
2808,393746,27.339330673217773,1575088,8029,-30398.728279220002,662.17,-609.84228515625,0.0003,-0.19412660598754883,196,0.42677778005599976
2812,393899,33.0849723815918,1575700,8033,-29186.30863636,651.12,-908.1728515625,0.0003,0.8576974868774414,196,0.42670536041259766
2816,394084,28.790170669555664,1576440,8037,-30472.89970779,634.46,-753.2523193359375,0.0003,0.06209666281938553,196,0.4281163811683655
2820,394360,223.01251220703125,1577544,8044,-31451.02470779,612.58,-599.97119140625,0.0003,-0.7991727590560913,196,0.4258771538734436
2824,394945,31.752056121826172,1579884,8057,-31347.621850649997,609.83,-865.9710083007812,0.0003,0.39561086893081665,196,0.43509477376937866
2825,394974,26.455432891845703,1580000,8058,-31246.535779219997,609.83,-624.747314453125,0.0003,0.14514374732971191,196,0.43664970993995667
2828,395138,48.65077209472656,1580656,8062,-34223.69327922,587.01,-762.674560546875,0.0003,0.47994470596313477,196,0.4429188072681427
2832,395215,27.598691940307617,1580964,8063,-37293.18827922,554.83,-750.8504028320312,0.0003,-0.3234982490539551,196,0.44267919659614563
2836,395282,50.68064498901367,1581232,8065,-37276.04827922,537.68,-797.7946166992188,0.0003,0.3942373991012573,196,0.4452231526374817
2840,395412,223.9321746826172,1581752,8068,-41338.59899351,500.22,-917.69189453125,0.0003,-0.12509942054748535,196,0.4478135108947754
2844,395480,32.672786712646484,1582024,8070,-45301.89149351,463.54,-1213.1065673828125,0.0003,0.8249452114105225,196,0.4484124183654785
2848,395599,225.9942626953125,1582500,8073,-47272.72649351001,434.39,-637.482177734375,0.0003,0.2028398960828781,196,0.4494595527648926
2852,395683,31.17510986328125,1582836,8075,-50340.19035715001,401.4,-839.3250732421875,0.0003,0.5220770835876465,196,0.45185038447380066
2856,395790,224.6973876953125,1583264,8077,-54302.210357150005,363.45,-1014.596923828125,0.0003,0.31746894121170044,196,0.4542914927005768
2860,395873,222.8392333984375,1583596,8079,-58263.91035715001,325.17,-773.343017578125,0.0003,-0.3435044288635254,196,0.45564571022987366
2864,395924,29.811277389526367,1583800,8080,-61232.217857150004,293.49,-945.0697021484375,0.0003,0.3493896722793579,195,0.4572361707687378
2868,395983,29.991912841796875,1584036,8082,-63202.725357150004,264.09,-775.5252685546875,0.0003,-0.22429612278938293,195,0.45729222893714905
2872,396026,31.149192810058594,1584208,8083,-64191.36535715,252.72,-1031.51171875,0.0003,0.160116508603096,195,0.45776087045669556
2876,396064,31.389463424682617,1584360,8084,-67262.43535715001,223.39,-885.8438110351562,0.0003,0.5830238461494446,195,0.45886820554733276
2880,396105,29.5372314453125,1584524,8085,-69237.86535715,198.73,-857.1011352539062,0.0003,-0.2685461640357971,195,0.4607061743736267
2884,396147,33.67475509643555,1584692,8086,-71312.63964286,171.54,-1042.602783203125,0.0003,0.04094541072845459,195,0.4612261950969696
2888,396192,224.5713348388672,1584872,8087,-72298.49464286001,157.39,-945.08935546875,0.0003,-0.12236067652702332,195,0.4611336290836334
2892,396244,29.541515350341797,1585080,8088,-72390.97,149.47,-805.8471069335938,0.0003,-0.462056428194046,195,0.4634163975715637
2896,396289,30.986675262451172,1585260,8089,-72478.87,136.04,-1038.22607421875,0.0003,-0.01980060338973999,195,0.46282535791397095
2900,396417,47.66338348388672,1585772,8092,-72574.96607143,132.0,-686.1097412109375,0.0003,-0.437039315700531,195,0.4639504551887512
2904,396461,28.374874114990234,1585948,8093,-74767.81142857,123.23,-811.5391235351562,0.0003,0.24254944920539856,195,0.4644061028957367
2908,396536,32.405513763427734,1586248,8095,-74763.30142857,118.71,-962.145263671875,0.0003,0.09606415033340454,195,0.4647793769836426
2912,396588,31.044912338256836,1586456,8096,-76955.73607143,109.77,-995.8120727539062,0.0003,-0.0926637351512909,195,0.4643854796886444
2916,396634,230.67709350585938,1586640,8097,-76952.30357142999,106.33,-1221.2548828125,0.0003,0.80462646484375,195,0.464697927236557
2920,396688,33.673789978027344,1586856,8099,-76954.82357143,108.85,-1020.2521362304688,0.0003,-0.03821016103029251,195,0.4645881652832031
2924,396730,30.58755111694336,1587024,8100,-78037.02392857001,90.39,-884.7246704101562,0.0003,-0.10810412466526031,195,0.4656565487384796
2928,396802,243.8367919921875,1587312,8101,-79122.665,74.95,-653.2990112304688,0.0003,0.027959555387496948,195,0.466496080160141
2932,396855,30.992496490478516,1587524,8103,-79121.2425,73.52,-930.859130859375,0.0003,0.2706429362297058,195,0.46835240721702576
2936,396905,28.094093322753906,1587724,8104,-79113.7025,65.98,-675.6749267578125,0.0003,-0.3617268204689026,195,0.4684021770954132
2940,396974,32.059688568115234,1588000,8106,-79112.885,65.16,-934.3876953125,0.0003,-0.16939401626586914,195,0.4688799977302551
2944,397028,29.03163719177246,1588216,8107,-79111.2825,63.56,-672.2958374023438,0.0003,-0.5421675443649292,195,0.46975836157798767
2948,397075,28.303232192993164,1588404,8108,-79110.575,62.85,-812.759033203125,0.0003,-0.43519335985183716,195,0.46896860003471375
2952,397127,33.19687271118164,1588612,8109,-79114.4825,66.76,-1021.6795654296875,0.0003,0.2801002860069275,195,0.4687289297580719
2956,397169,228.9495086669922,1588780,8110,-79114.1225,66.39,-870.5648193359375,0.0003,0.2681350111961365,195,0.4692547023296356
2960,397226,27.826139450073242,1589008,8111,-79114.3275,66.59,-814.4219970703125,0.0003,0.1359744369983673,195,0.47077620029449463
2964,397270,224.9808349609375,1589184,8112,-79110.515,62.78,-623.5179443359375,0.0003,-0.06546467542648315,195,0.47043079137802124
2968,397313,31.346515655517578,1589356,8113,-79110.4625,62.72,-794.3404541015625,0.0003,0.37244856357574463,195,0.47030240297317505
2972,397357,29.529651641845703,1589532,8115,-80101.0575,53.32,-649.9461669921875,0.0003,-0.4183100461959839,195,0.4706103205680847
2976,397401,28.789287567138672,1589708,8116,-80101.245,53.51,-866.0059814453125,0.0003,-0.057933464646339417,195,0.4711601734161377
2980,397454,231.43905639648438,1589920,8117,-80101.425,53.78,-972.84521484375,0.0003,0.19547240436077118,195,0.47264471650123596
2982,397474,31.111745834350586,1590000,8117,-80101.61,53.96,-961.4049682617188,0.0003,0.01592905819416046,195,0.4731532037258148
2984,397501,29.477432250976562,1590108,8118,-80101.775,54.12,-939.3126220703125,0.0003,-0.1627311408519745,195,0.4719303846359253
2988,397545,30.674684524536133,1590284,8119,-80101.91,54.25,-913.6612548828125,0.0003,-0.9140528440475464,195,0.47239717841148376
2992,397592,29.71037483215332,1590472,8120,-80101.8325,54.17,-900.4986572265625,0.0003,0.12838587164878845,195,0.47274401783943176
2996,397636,30.40949821472168,1590648,8121,-80101.96,54.29,-972.2269287109375,0.0003,-0.6146925091743469,195,0.4741072952747345
3000,397685,233.8677215576172,1590844,8122,-80100.015,52.34,-1001.66845703125,0.0003,0.3057882487773895,195,0.47446200251579285
3004,397729,31.794782638549805,1591020,8123,-80099.5925,51.91,-958.556396484375,0.0003,0.2336711585521698,195,0.4741135239601135
3008,397781,31.311559677124023,1591228,8125,-80099.9325,52.25,-953.6773071289062,0.0003,-0.14945721626281738,195,0.4714847803115845
3012,397826,31.017154693603516,1591408,8126,-80100.065,52.38,-777.09423828125,0.0003,-0.14194326102733612,195,0.46840402483940125
3016,397873,30.131271362304688,1591596,8127,-80100.1625,52.48,-965.7060546875,0.0003,0.27697092294692993,195,0.4682580828666687
3020,397916,30.8992977142334,1591768,8128,-80096.68,48.99,-920.0083618164062,0.0003,-0.22966741025447845,195,0.46928441524505615
3024,397961,31.6431941986084,1591948,8129,-80096.6925,49.0,-971.807861328125,0.0003,0.16679581999778748,195,0.469449520111084
3028,398007,31.143064498901367,1592132,8130,-80096.79,49.09,-897.182861328125,0.0003,-0.12292084097862244,195,0.46985960006713867
3032,398054,34.00526428222656,1592320,8131,-80096.905,49.2,-930.2540283203125,0.0003,0.5538195371627808,195,0.46880534291267395
3036,398099,31.03671646118164,1592500,8132,-80097.2225,49.51,-1067.726806640625,0.0003,0.13933752477169037,195,0.47070303559303284
3040,398151,30.639314651489258,1592708,8134,-80097.4675,49.75,-1042.3482666015625,0.0003,-0.6813384294509888,195,0.4719671607017517
3044,398196,230.15228271484375,1592888,8135,-80097.53,49.81,-830.748291015625,0.0003,0.668619692325592,195,0.47114142775535583
3048,398254,29.16306495666504,1593120,8136,-80097.775,50.05,-631.2431640625,0.0003,0.04326166212558746,195,0.47226405143737793
3052,398297,31.322650909423828,1593292,8137,-80094.02,46.3,-933.2310791015625,0.0003,-0.00996263325214386,195,0.4742387533187866
3056,398341,33.63671112060547,1593468,8138,-80094.1,46.39,-917.525146484375,0.0003,0.37597033381462097,195,0.47583693265914917
3060,398385,28.036706924438477,1593644,8139,-80093.9525,46.25,-613.9578247070312,0.0003,0.06202179193496704,195,0.47413769364356995
3064,398437,30.14358139038086,1593852,8140,-80094.2475,46.54,-884.4338989257812,0.0003,-0.28068259358406067,195,0.47247251868247986
3068,398497,35.326454162597656,1594092,8142,-80094.4275,46.72,-931.8809814453125,0.0003,-0.2196352630853653,195,0.47285497188568115
3072,398594,225.43016052246094,1594480,8144,-80094.475,46.77,-940.0439453125,0.0003,-0.10182042419910431,195,0.4705522358417511
3076,398687,31.286760330200195,1594852,8146,-80094.6575,46.95,-967.1099243164062,0.0003,0.01717779040336609,195,0.4719458222389221
3080,398816,34.903743743896484,1595368,8149,-80095.19,47.48,-1230.681884765625,0.0003,0.5787473917007446,195,0.466978520154953
3084,398923,224.31336975097656,1595796,8151,-80095.365,47.66,-835.551513671875,0.0003,-0.0548824816942215,195,0.46956777572631836
3088,399029,226.3568878173828,1596220,8154,-80095.56,47.86,-807.9327392578125,0.0003,-0.4239047169685364,195,0.4738222658634186
3092,399130,32.18313217163086,1596624,8157,-80095.92,48.22,-1040.133056640625,0.0003,-0.27488061785697937,195,0.4752480685710907
3096,399276,34.09699249267578,1597208,8160,-80096.8975,49.2,-1321.1173095703125,0.0003,0.055556416511535645,195,0.4731433689594269
3100,399365,31.71076202392578,1597564,8162,-80005.54785714,58.59,-995.814697265625,0.0003,-0.10837645828723907,195,0.47106435894966125
3104,399451,35.42837142944336,1597908,8164,-79015.14535714,68.18,-1083.5159912109375,0.0003,0.4282248616218567,195,0.47080865502357483
3108,399504,228.03736877441406,1598120,8166,-79015.58285714,68.62,-930.3048095703125,0.0003,-0.17200803756713867,195,0.47118183970451355
3112,399556,31.904264450073242,1598328,8167,-79015.72035714,68.76,-933.731201171875,0.0003,-0.017463073134422302,195,0.4721285104751587
3116,399642,33.685768127441406,1598672,8169,-79016.15535714,69.19,-1091.25390625,0.0003,0.6614747047424316,195,0.47123950719833374
3120,399813,32.11539840698242,1599356,8173,-79019.14785714001,72.18,-999.4586791992188,0.0003,-0.12241794914007187,195,0.47837239503860474
3122,399974,32.00129699707031,1600000,8176,-79019.46785714,72.5,-963.758056640625,0.0003,-0.1782635748386383,195,0.4804133176803589
3124,400147,36.92920684814453,1600692,8181,-79020.69785714001,73.73,-1312.90625,0.0003,0.3016491234302521,195,0.4807588458061218
3128,400658,416.01434326171875,1602736,8192,-76948.05785714001,101.11,-868.9581298828125,0.0003,0.01914919912815094,195,0.48203352093696594
3132,401658,31.676420211791992,1606736,8215,-74880.00821428001,133.19,-966.1226806640625,0.0003,0.3947955369949341,195,0.4855627715587616
3135,402474,32.74065017700195,1610000,8234,-74900.24071428,153.41,-1163.9432373046875,0.0003,-0.055166568607091904,195,0.4852813184261322
3136,402653,226.62576293945312,1610716,8238,-74909.74571428,162.91,-794.54150390625,0.0003,0.1659221351146698,195,0.4822736382484436
3140,403194,232.5331268310547,1612880,8251,-71939.17321428,192.29,-1152.7783203125,0.0003,0.3742501735687256,195,0.49029257893562317
3144,403736,229.7097930908203,1615048,8263,-71855.86616883,209.19,-975.7783203125,0.0003,0.08832840621471405,195,0.4871169626712799
3148,404219,36.09347915649414,1616980,8275,-70878.49866883,231.8,-1266.2935791015625,0.0003,-0.09366579353809357,195,0.48767873644828796
3150,404974,31.650772094726562,1620000,8292,-69892.27866883,245.56,-1012.8255615234375,0.0003,-0.20485645532608032,195,0.4853553771972656
3152,405219,30.525850296020508,1620980,8298,-67911.42866883,264.68,-898.5714721679688,0.0003,-0.40868672728538513,195,0.48164844512939453
3156,406008,223.58627319335938,1624136,8316,-66931.19116883,284.41,-1038.2022705078125,0.0003,0.11643455177545547,195,0.48698973655700684
3160,407008,32.657020568847656,1628136,8338,-62969.47866883,322.63,-1134.206787109375,0.0003,-0.4267234206199646,195,0.48820069432258606
3163,407474,33.40634536743164,1630000,8349,-60794.966168830004,350.66,-809.0957641601562,0.0003,-0.00757889449596405,195,0.47877153754234314
3164,408008,33.49158477783203,1632136,8361,-59804.46116883001,360.14,-1297.77001953125,0.0003,0.23107467591762543,195,0.48474636673927307
3168,408271,230.42532348632812,1633188,8367,-56833.96366883,389.59,-1067.447998046875,0.0003,0.0015169009566307068,195,0.479510635137558
3172,409163,29.84741973876953,1636756,8388,-54767.28616883,422.91,-1075.7724609375,0.0003,-0.38851484656333923,195,0.48058781027793884
3174,409974,35.70417785644531,1640000,8406,-54775.92616883,431.54,-902.3553466796875,0.0003,0.18945451080799103,195,0.48712438344955444
3176,410163,227.65951538085938,1640756,8410,-53793.726168830006,449.32,-1004.520263671875,0.0003,-0.3011341094970703,195,0.48875799775123596
3180,410888,228.2042694091797,1643656,8427,-52723.1988961,479.25,-1143.0689697265625,0.0003,0.0564364492893219,195,0.5005772113800049
3184,411888,34.84977722167969,1647656,8450,-50558.805584409994,515.88,-1069.26904296875,0.0003,-0.11122824996709824,194,0.4965783357620239
3187,412474,31.71104621887207,1650000,8463,-49575.90058441,532.95,-968.721435546875,0.0003,-0.21702343225479126,194,0.5103344321250916
3188,412506,35.01460647583008,1650128,8464,-49579.02808441,536.07,-1443.53662109375,0.0003,0.5876714587211609,194,0.512977659702301
3192,413506,37.50922775268555,1654128,8487,-46515.024870119996,573.79,-1172.8887939453125,0.0003,0.3976677656173706,194,0.5181686878204346
3196,414256,30.85572052001953,1657128,8504,-45435.75737012,595.74,-1036.65673828125,0.0003,-0.17934399843215942,194,0.512139618396759
3200,414697,32.12030792236328,1658892,8514,-42354.95844155001,614.48,-936.0760498046875,0.0003,-0.2633208632469177,194,0.5068408846855164
3200,414974,33.619422912597656,1660000,8521,-42354.95844155001,614.48,-1048.8717041015625,0.0003,-0.1133381798863411,194,0.5063775777816772
3204,415278,36.93197250366211,1661216,8528,-43269.71201298,629.86,-1188.369384765625,0.0003,-0.028912130743265152,194,0.5053779482841492
3208,416004,32.92837905883789,1664120,8544,-42286.51701298,646.64,-1172.75244140625,0.0003,-0.05076548457145691,194,0.5152262449264526
3212,416990,36.68333053588867,1668064,8567,-40220.54879869,680.66,-1099.02294921875,0.0003,0.5209850072860718,194,0.5264599919319153
3215,417474,55.82806396484375,1670000,8578,-38041.86665584,703.83,-1053.259521484375,0.0003,0.34619390964508057,194,0.5130562782287598
3216,417491,221.45249938964844,1670068,8578,-38041.93665584,703.9,-1039.5634765625,0.0003,-0.7088971734046936,194,0.5132027268409729
3220,418279,33.008052825927734,1673220,8596,-36971.02737013,733.35,-1146.5189208984375,0.0003,0.1823398768901825,194,0.5134924054145813
3224,418694,32.20177459716797,1674880,8606,-36783.35347402,746.33,-1133.011474609375,0.0003,-0.5502716898918152,194,0.5187549591064453
3228,418925,33.84687423706055,1675804,8611,-37866.49347402,729.43,-1041.75341796875,0.0003,-0.04376503452658653,194,0.5160967111587524
3232,419283,38.38222122192383,1677236,8619,-39944.988116880006,707.79,-1306.11669921875,0.0003,0.6872397661209106,194,0.5138686299324036
3234,419974,226.953857421875,1680000,8634,-38845.512759740006,710.25,-1305.3427734375,0.0003,-0.33489713072776794,194,0.5134714841842651
3236,420185,36.33320236206055,1680844,8639,-37737.839902600004,703.66,-1092.9730224609375,0.0003,0.06617659330368042,194,0.522530734539032
3240,420905,231.0950927734375,1683724,8656,-38634.58012987,700.61,-1007.362548828125,0.0003,0.03975027799606323,194,0.5259993672370911
3244,421265,35.989707946777344,1685164,8664,-34541.72512987001,707.6,-1315.537841796875,0.0003,0.12450721859931946,194,0.5309910178184509
3248,421838,34.29178237915039,1687456,8677,-35432.01262987,698.31,-1144.4847412109375,0.0003,-0.14317132532596588,194,0.5336000323295593
3250,422474,35.22220993041992,1690000,8691,-35434.38262987,700.69,-1443.933837890625,0.0003,0.5496344566345215,194,0.5310029983520508
3252,422713,230.95162963867188,1690956,8697,-36327.221915580005,695.97,-1149.4102783203125,0.0003,0.3225221633911133,194,0.531589150428772
3256,423630,231.04527282714844,1694624,8718,-34339.47191558,708.21,-1023.1963500976562,0.0003,-0.12326408922672272,194,0.5400954484939575
3260,423856,35.00490951538086,1695528,8724,-38222.23334415,691.88,-1181.062744140625,0.0003,0.12249629199504852,194,0.5404931902885437
3264,424805,36.299251556396484,1699324,8746,-39317.05902597,684.18,-1228.054443359375,0.0003,-0.44781845808029175,194,0.5326892733573914
3265,424974,38.06907653808594,1700000,8750,-38325.62402597,692.74,-1256.092529296875,0.0003,0.23922699689865112,194,0.5325149893760681
3268,425681,231.28392028808594,1702828,8766,-40215.74724026,683.35,-1364.87158203125,0.0003,0.23821425437927246,194,0.525500476360321
3272,426279,36.78189468383789,1705220,8779,-40309.294740260004,676.88,-1006.7315673828125,0.0003,-0.37961411476135254,194,0.521592915058136
3276,427035,35.524166107177734,1708244,8797,-40307.12474026,674.74,-1241.736083984375,0.0003,-0.5118951797485352,194,0.5276744961738586
3278,427474,36.237003326416016,1710000,8806,-41406.09951299,673.25,-1126.727294921875,0.0003,-0.04341449588537216,194,0.5267401933670044
3280,427603,429.46002197265625,1710516,8809,-41301.607727279996,668.79,-1109.03515625,0.0003,-0.0013073086738586426,194,0.5257490873336792
3284,428499,35.58150863647461,1714100,8830,-41491.836038969996,657.98,-1170.55810546875,0.0003,-0.32089963555336,194,0.5248554944992065
3288,429323,37.3274040222168,1717396,8848,-38300.803311699994,666.98,-1391.1591796875,0.0003,-0.0773894190788269,194,0.5334349274635315
3291,429974,227.82571411132812,1720000,8863,-38398.71152599,663.14,-1476.821533203125,0.0003,0.01118563860654831,194,0.5354267954826355
3292,430308,36.86628723144531,1721336,8871,-39296.13224028,661.23,-1312.490234375,0.0003,-0.3787382245063782,194,0.5401992201805115
3296,430808,35.337501525878906,1723336,8882,-37206.83974028,671.48,-1072.939453125,0.0003,0.10980100929737091,194,0.5428787469863892
3300,431405,39.59124755859375,1725724,8896,-39403.733311710006,668.1,-1209.4111328125,0.0003,-0.04251283407211304,193,0.5471487045288086
3304,432405,227.3531036376953,1729724,8919,-37309.70935067,673.99,-1465.01123046875,0.0003,-0.19596931338310242,193,0.5589425563812256
3304,432474,37.47736740112305,1730000,8921,-37309.70935067,673.99,-1010.6435546875,0.0003,-0.17844273149967194,193,0.5582426190376282
3308,433224,39.186126708984375,1733000,8938,-34123.82366885,688.45,-1109.86669921875,0.0003,0.3445744216442108,193,0.5532935857772827
3312,433909,39.83256530761719,1735740,8954,-35016.20370132,681.92,-1240.7515869140625,0.0003,-0.09383293986320496,193,0.565914511680603
3316,434667,35.72175216674805,1738772,8971,-35123.82405846,688.76,-1012.0191650390625,0.0003,-0.24217285215854645,193,0.5808940529823303
3316,434974,39.11423873901367,1740000,8978,-35123.82405846,688.76,-1335.552734375,0.0003,0.47600507736206055,193,0.5828166604042053
3320,435667,38.05416488647461,1742772,8994,-33028.568961050005,693.93,-1285.69677734375,0.0003,-0.10679423063993454,193,0.5930241346359253
3324,436281,42.006195068359375,1745228,9007,-32135.995129889998,701.01,-1481.068359375,0.0003,0.08733803033828735,193,0.6075202226638794
3328,436591,40.823299407958984,1746468,9015,-30938.52084418,703.87,-1501.9912109375,0.0003,-0.025694862008094788,193,0.6149649620056152
3330,437474,41.08096694946289,1750000,9035,-29944.773344179997,710.12,-1219.11083984375,0.0003,0.06982450187206268,193,0.6329731345176697
3332,437591,233.6201934814453,1750468,9038,-27956.91834418,722.26,-1317.4130859375,0.0003,0.3656005859375,193,0.6349872946739197
3336,437667,431.0997619628906,1750772,9039,-28153.21655846,715.55,-1289.431884765625,0.0003,0.23067565262317657,193,0.637723982334137
3340,437773,37.07592010498047,1751196,9042,-30227.046331190002,689.23,-1153.08056640625,0.0003,-0.21779265999794006,193,0.6391845941543579
3344,438120,39.71666717529297,1752584,9050,-34404.89087664,667.03,-1496.134033203125,0.0003,0.18320822715759277,193,0.6423038244247437
3348,438259,44.53679275512695,1753140,9053,-34506.79837664,668.55,-1156.572998046875,0.0003,-0.1419915109872818,193,0.6490470767021179
3352,438668,39.64938735961914,1754776,9062,-36580.83409093,640.19,-1226.9388427734375,0.0003,-0.2606434226036072,193,0.6570245623588562
3356,439162,240.45472717285156,1756752,9074,-38576.32659093,635.72,-1587.0137939453125,0.0003,0.5276780128479004,193,0.6667020916938782
3360,439668,43.08451461791992,1758776,9086,-37667.22266236,625.77,-1560.251708984375,0.0003,0.2951267957687378,193,0.6678299307823181
3361,439974,42.75609588623047,1760000,9093,-37668.140162359996,626.69,-1535.5902099609375,0.0003,0.06407666951417923,193,0.6668332815170288
3364,440668,234.1802978515625,1762776,9109,-37670.20607145,628.86,-1411.4559326171875,0.0003,-0.1460326910018921,193,0.6712000966072083
3368,441412,43.14091110229492,1765752,9126,-36770.91785716,629.12,-1235.63720703125,0.0003,0.15652349591255188,193,0.6748728156089783
3372,441747,238.09356689453125,1767092,9135,-37755.09035716,613.31,-1403.123046875,0.0003,0.002662748098373413,193,0.6801698207855225
3375,442474,43.85416030883789,1770000,9151,-36659.37035716,618.09,-1490.52197265625,0.0003,0.2344209998846054,193,0.6709052324295044
3376,442699,42.82378387451172,1770900,9157,-36665.17035716,623.89,-1485.1781005859375,0.0003,-0.04067077115178108,193,0.6749908924102783
3380,443699,43.458595275878906,1774900,9180,-32778.82464287,637.49,-1331.434326171875,0.0003,0.11688262224197388,193,0.6699841022491455
3384,444699,42.91181945800781,1778900,9203,-32789.804642869996,648.47,-1472.4278564453125,0.0003,0.0065851761028170586,193,0.6756220459938049
3385,444974,236.2809295654297,1780000,9209,-31794.59714287,653.25,-1318.9365234375,0.0003,-0.2160886824131012,193,0.6693306565284729
3388,445282,40.804378509521484,1781232,9216,-33991.72487014,650.36,-1580.217529296875,0.0003,-0.15468907356262207,193,0.6714268922805786
3392,445683,425.6131286621094,1782836,9226,-36073.86665585,631.86,-1486.558837890625,0.0003,0.06602807343006134,193,0.6685336232185364
3396,446304,426.94091796875,1785320,9240,-38261.67665585,618.9,-1423.4942626953125,0.0003,-0.19507062435150146,193,0.66450035572052
3400,446658,42.597808837890625,1786736,9248,-38257.18915585,614.4,-1283.427001953125,0.0003,0.0746595561504364,193,0.6625650525093079
3401,447474,41.66716384887695,1790000,9267,-38360.28272728,617.3,-1487.608642578125,0.0003,0.07619838416576385,193,0.6816151142120361
3404,447614,39.03181457519531,1790560,9270,-38461.62204546,618.28,-1682.34423828125,0.0003,0.14445799589157104,193,0.6878779530525208
3408,448435,38.68953323364258,1793844,9289,-41658.55522728,614.88,-1260.716796875,0.0003,-0.22920215129852295,193,0.6921985149383545
3412,449425,227.48536682128906,1797804,9312,-40868.9159091,624.14,-1487.948486328125,0.0003,-0.0017521679401397705,193,0.6927592754364014
3413,449974,229.29624938964844,1800000,9324,-40869.5209091,624.74,-1590.751708984375,0.0003,-0.12245984375476837,193,0.6811603307723999
3416,450425,44.00967025756836,1801804,9335,-39975.54519481,629.67,-1195.7791748046875,0.0003,0.29352813959121704,193,0.6747395396232605
3420,451425,231.67222595214844,1805804,9358,-39176.964577930004,630.27,-1412.1201171875,0.0003,-0.1615513116121292,192,0.664586067199707
3424,452172,42.8880500793457,1808792,9375,-37290.0773052,643.05,-1650.186767578125,0.0003,0.3223336935043335,192,0.646217942237854
3424,452474,39.95244598388672,1810000,9383,-37290.0773052,643.05,-1614.9151611328125,0.0003,-0.11275802552700043,192,0.639850378036499
3428,453043,42.22629928588867,1812276,9396,-37502.696590909996,655.34,-1685.887939453125,0.0003,0.17942173779010773,192,0.6298513412475586
3432,453866,36.70356750488281,1815568,9415,-38506.259090909996,658.9,-1428.60791015625,0.0003,-0.11476781964302063,192,0.6324158906936646
3436,454539,35.44247817993164,1818260,9431,-37213.13818182,665.81,-1351.3050537109375,0.0003,-0.0968775823712349,192,0.6230244040489197
3437,454974,38.82653045654297,1820000,9441,-36222.65068182,675.31,-1469.2750244140625,0.0003,-0.1092003881931305,192,0.6266174912452698
3440,455422,42.728111267089844,1821792,9451,-34147.32613637,700.18,-1574.021728515625,0.0003,0.3273835778236389,192,0.6254568696022034
3444,456173,233.436767578125,1824796,9468,-33169.91613637,722.75,-1525.8665771484375,0.0003,0.12014784663915634,192,0.6484437584877014
3448,456564,236.80953979492188,1826360,9478,-32174.95113637,727.77,-1529.494384765625,0.0003,-0.35214704275131226,192,0.6553499102592468
3452,457325,39.70466232299805,1829404,9495,-28999.02113637,751.95,-1644.4078369140625,0.0003,0.5442620515823364,192,0.6498490571975708
3452,457474,41.590518951416016,1830000,9498,-28999.02113637,751.95,-1524.275146484375,0.0003,0.3138076066970825,192,0.6544803380966187
3456,457922,234.80093383789062,1831792,9509,-27898.998409099997,751.94,-1341.9058837890625,0.0003,-0.006245741620659828,192,0.6517147421836853
3460,458782,41.25417709350586,1835232,9529,-28901.915909099996,754.86,-1740.57373046875,0.0003,0.22691170871257782,192,0.6589681506156921
3464,459447,37.92064666748047,1837892,9544,-29000.369318189998,753.1,-1592.8106689453125,0.0003,-0.1063302680850029,192,0.6547788381576538
3466,459974,236.31980895996094,1840000,9556,-28900.21717533,753.1,-1337.53125,0.0003,-0.23532885313034058,192,0.6500228047370911
3468,460099,40.88991165161133,1840500,9559,-28901.687175329997,754.39,-1399.167236328125,0.0003,0.29283201694488525,192,0.6466967463493347
3472,461093,43.89395523071289,1844476,9581,-27925.957175329997,778.64,-1634.488037109375,0.0003,0.1646769791841507,192,0.6390403509140015
3476,461670,431.8206481933594,1846784,9595,-29012.957175329997,765.13,-1287.9169921875,0.0003,0.0367298386991024,192,0.6250500082969666
3480,462102,40.72796630859375,1848512,9605,-32891.54149351,743.79,-1272.503173828125,0.0003,0.0001470223069190979,192,0.6283054947853088
3481,462474,38.27123260498047,1850000,9614,-33886.12399351,738.38,-1185.74609375,0.0003,-0.05197961628437042,192,0.6304631233215332
3484,462803,237.0066680908203,1851316,9621,-33877.98149351,730.23,-1582.657958984375,0.0003,0.18045198917388916,192,0.6335872411727905
3488,463505,60.388465881347656,1854124,9637,-32574.24603897,726.87,-1515.7763671875,0.0003,0.31907039880752563,192,0.6329052448272705
3492,464505,57.910301208496094,1858124,9660,-29496.407402609995,749.11,-1183.8917236328125,0.0003,-0.2769801914691925,192,0.6290462017059326
3494,464974,232.26043701171875,1860000,9670,-29492.219902609995,744.92,-1253.474365234375,0.0003,-0.3001425266265869,192,0.6284719109535217
3496,465257,233.4744110107422,1861132,9677,-28502.927402609996,755.53,-1694.739990234375,0.0003,0.20126596093177795,192,0.6202889084815979
3500,466102,41.9326171875,1864512,9696,-26515.552402609996,767.78,-1259.868408203125,0.0003,-0.12018193304538727,192,0.6236605048179626
3504,466676,38.61646270751953,1866808,9709,-26506.882402609997,758.76,-1291.6531982421875,0.0003,0.02266787365078926,192,0.6222466826438904
3508,467288,39.72251892089844,1869256,9723,-26501.372402609995,752.9,-1341.509765625,0.0003,0.06489154696464539,192,0.618781328201294
3508,467474,38.266510009765625,1870000,9727,-26501.372402609995,752.9,-1602.9456787109375,0.0003,0.167117178440094,192,0.6230303645133972
3512,468288,43.614383697509766,1873256,9745,-24402.673311699997,754.18,-1774.98291015625,0.0003,0.41167551279067993,192,0.626202404499054
3516,469208,38.55241394042969,1876936,9766,-25288.845584429997,740.53,-1441.53759765625,0.0003,0.15558771789073944,192,0.6229647994041443
3520,469676,37.282264709472656,1878808,9777,-26280.500584429996,732.2,-1403.041748046875,0.0003,0.015264272689819336,192,0.6253546476364136
3521,469974,40.19749450683594,1880000,9784,-27274.460584429995,726.17,-1630.408447265625,0.0003,-0.02750053070485592,192,0.6210018992424011
3524,470676,234.80267333984375,1882808,9800,-28075.638993519995,727.96,-1676.519775390625,0.0003,-0.037981800734996796,192,0.625049889087677
3528,471344,35.97647476196289,1885480,9815,-28079.978993519995,732.3,-1242.535400390625,0.0003,-0.5582630634307861,192,0.6382814049720764
3532,471724,40.05548858642578,1887000,9823,-29964.049448069996,716.5,-1355.4539794921875,0.0003,0.07183270901441574,192,0.6449927687644958
3536,472448,39.40351867675781,1889896,9839,-32260.51535716,712.94,-880.2384033203125,0.0003,-0.1599113494157791,192,0.6515334248542786
3536,472474,234.60464477539062,1890000,9840,-32260.51535716,712.94,-1381.244140625,0.0003,0.26916536688804626,192,0.651741087436676
3540,473137,42.92962646484375,1892652,9856,-33353.83240261,706.05,-1361.8079833984375,0.0003,-0.16084426641464233,192,0.6540485620498657
3544,473984,41.88673400878906,1896040,9875,-32256.48694806,708.95,-1439.509033203125,0.0003,0.10371887683868408,191,0.6745074391365051
3548,474803,237.63136291503906,1899316,9893,-30268.51694806,720.96,-1667.432373046875,0.0003,0.14994530379772186,191,0.6937661170959473
3548,474974,41.05696487426758,1900000,9897,-30268.51694806,720.96,-1421.8843994140625,0.0003,0.19752219319343567,191,0.6943410038948059
3552,475719,42.91184616088867,1902980,9914,-30277.16740261,730.04,-1093.688232421875,0.0003,-0.03314252197742462,191,0.6935349702835083
3556,476418,240.16403198242188,1905776,9930,-31376.12512988,728.98,-1534.746337890625,0.0003,0.04990151524543762,191,0.7065930366516113
3560,477376,43.054447174072266,1909608,9952,-28297.920129880004,751.3,-1208.174560546875,0.0003,0.00567154586315155,191,0.7043699026107788
3560,477474,452.82366943359375,1910000,9955,-28297.920129880004,751.3,-1472.64697265625,0.0003,-0.06479029357433319,191,0.707270622253418
3564,478376,237.5063934326172,1913608,9975,-25103.71012988,757.38,-1582.3037109375,0.0003,-0.1358138471841812,191,0.7137002348899841
3568,479336,439.4075012207031,1917448,9997,-25209.684772739998,763.38,-1325.340576171875,0.0003,0.26777443289756775,191,0.7167438268661499
3570,479974,240.38946533203125,1920000,10012,-24212.46227274,766.15,-1544.11083984375,0.0003,0.00042654573917388916,191,0.7185481786727905
3572,480336,42.50676345825195,1921448,10020,-24209.827272739996,763.52,-1437.335693359375,0.0003,-0.1405371129512787,191,0.7184497117996216
3576,481318,46.42933654785156,1925376,10043,-22226.01727274,779.7,-1368.788818359375,0.0003,-0.10707789659500122,191,0.714119553565979
3580,482293,42.70108413696289,1929276,10065,-19141.77863638,795.94,-1308.62548828125,0.0003,0.003987647593021393,191,0.6956652402877808
3582,482474,45.5502815246582,1930000,10069,-17150.42363638,804.57,-1246.677001953125,0.0003,0.008138895034790039,191,0.69632488489151
3584,483293,43.33705139160156,1933276,10088,-16156.41363638,810.55,-1512.6827392578125,0.0003,-0.11890888959169388,191,0.7029643058776855
3588,484083,41.16064453125,1936436,10106,-17364.40444806,818.46,-1246.7139892578125,0.0003,-0.11878053098917007,191,0.6953901052474976
3591,484974,43.684837341308594,1940000,10127,-17462.125584420002,816.07,-1492.3505859375,0.0003,-0.13165539503097534,191,0.6844388246536255
3592,485045,41.400733947753906,1940284,10128,-17462.12558442,816.07,-1469.7371826171875,0.0003,-0.20028936862945557,191,0.6874726414680481
3596,486045,235.3578338623047,1944284,10152,-15473.595584419998,827.61,-1843.593994140625,0.0003,0.16527946293354034,191,0.6802242398262024
3600,487045,41.82830810546875,1948284,10175,-14478.938084419999,833.3,-1630.758544921875,0.0003,0.04714588820934296,191,0.6584239602088928
3603,487474,238.96087646484375,1950000,10185,-14381.441266240001,836.38,-1574.1510009765625,0.0003,-0.044635288417339325,191,0.6555171608924866
3604,487623,41.344879150390625,1950596,10188,-14381.353766239998,836.38,-1354.4920654296875,0.0003,-0.3438962697982788,191,0.656693160533905
3608,488623,58.56878662109375,1954596,10211,-11396.511266239999,851.86,-1219.7197265625,0.0003,-0.44022709131240845,191,0.6557954549789429
3612,489623,41.570884704589844,1958596,10235,-11496.512857149997,851.86,-1403.8746337890625,0.0003,0.14988884329795837,191,0.646340548992157
3612,489974,42.57310104370117,1960000,10242,-11496.512857149997,851.86,-1577.07373046875,0.0003,0.09944158792495728,191,0.6473715901374817
3616,490623,239.01405334472656,1962596,10258,-9512.464220779999,867.69,-1442.319091796875,0.0003,0.014236971735954285,191,0.6585029363632202
3620,491623,41.261226654052734,1966596,10281,-8520.80672078,876.02,-1406.279541015625,0.0003,0.062245048582553864,191,0.6597432494163513
3623,492474,37.49960708618164,1970000,10300,-5629.039902599999,884.08,-1449.2061767578125,0.0003,-0.251735121011734,191,0.662890613079071
3624,492623,38.57709503173828,1970596,10304,-5729.49831169,884.08,-1602.3905029296875,0.0003,0.27279502153396606,191,0.6645451784133911
3628,493623,39.53689956665039,1974596,10327,-3737.72081169,892.28,-1570.563720703125,0.0003,0.03256559371948242,191,0.6611810922622681
3632,494623,42.92922592163086,1978596,10349,140.5596428600006,913.85,-1649.35888671875,0.0003,0.4055090844631195,191,0.6544652581214905
3633,494974,39.41166687011719,1980000,10357,140.42214286000046,913.99,-1102.433837890625,0.0003,-0.22276587784290314,191,0.6591262817382812
3636,495623,41.77252960205078,1982596,10372,2129.0896428600004,925.3,-1200.73046875,0.0003,0.20591798424720764,191,0.6436235904693604
3640,496575,40.66923904418945,1986404,10393,2223.77668831,930.7,-1314.625732421875,0.0003,0.21377640962600708,191,0.6336668133735657
3644,497291,37.86057662963867,1989268,10410,3118.608733760001,935.61,-1383.087890625,0.0003,-0.4137270450592041,191,0.629498302936554
3644,497474,44.97330093383789,1990000,10414,3118.608733760001,935.61,-1720.25390625,0.0003,0.39052680134773254,191,0.6263359785079956
3648,498222,38.07399368286133,1992992,10431,3113.021233760001,941.2,-1666.5347900390625,0.0003,0.3619435429573059,191,0.6133787035942078
3652,499092,39.35127258300781,1996472,10450,2013.77646104,940.14,-1128.2119140625,0.0003,0.16663040220737457,191,0.6230751872062683
3655,499974,38.56559371948242,2000000,10471,3006.3214610400005,947.58,-1582.3431396484375,0.0003,0.2887653112411499,190,0.6190567016601562
