time/episodes,train/actor_loss,train/critic_loss,rollout/ep_rew_mean,train/learning_rate,time/time_elapsed,train/n_updates,rollout/ep_len_mean,time/fps,time/total_timesteps,train/ent_coef_loss,train/ent_coef
4,2.478813648223877,2381.8828125,-269257.31804549997,0.0003,2,56,51.75,145,328,-0.2446158528327942,0.983871579170227
8,14.87649154663086,2596.94140625,-245670.72774550001,0.0003,4,114,45.625,125,560,-0.5197119116783142,0.966139554977417
12,129.27151489257812,1979.1043701171875,-244353.1621565,0.0003,6,155,52.166666666666664,119,724,-0.702561616897583,0.9540221095085144
16,511.04742431640625,3492.485595703125,-234323.7445654375,0.0003,7,196,46.875,117,888,-0.7628567814826965,0.9425832033157349
20,3960.505859375,3411.670166015625,-407845.2882689,0.0003,10,290,53.65,115,1264,-0.7473496198654175,0.9217902421951294
24,27945.26953125,4086.800537109375,-1093411.8670486666,0.0003,23,611,77.04166666666667,110,2548,0.32691752910614014,0.9188393354415894
28,31530.82421875,4339.01953125,-1272899.56267675,0.0003,24,662,79.32142857142857,110,2752,0.12363509833812714,0.9245882034301758
32,40314.14453125,5011.27880859375,-1667593.2294887812,0.0003,28,761,90.65625,109,3148,0.14495116472244263,0.9439684748649597
36,163387.0,5159.05078125,-4028487.8252794445,0.0003,66,1761,166.55555555555554,107,7148,-8.673158645629883,1.4454782009124756
40,186834.140625,5141.53955078125,-4786347.001086725,0.0003,73,1969,189.1,108,7980,-8.909945487976074,1.5484369993209839
44,189901.0625,5194.22265625,-4360072.998062659,0.0003,74,1979,172.36363636363637,107,8020,-9.510753631591797,1.5530160665512085
48,277936.8125,5563.06103515625,-5247548.586568896,0.0003,104,2769,199.9375,107,11180,-12.802056312561035,1.9637515544891357
52,312125.6875,4708.53759765625,-6000929.010216807,0.0003,112,2980,223.28846153846155,107,12024,-13.866352081298828,2.0895514488220215
56,402739.1875,4372.349609375,-6677935.975654089,0.0003,142,3776,244.41071428571428,107,15208,-13.749263763427734,2.5644497871398926
60,496105.5625,4801.32861328125,-7725732.787321633,0.0003,170,4519,278.1666666666667,106,18180,-11.66608715057373,3.0966219902038574
64,609066.3125,4004.60009765625,-9114726.91964928,0.0003,207,5519,323.28125,106,22180,-19.290489196777344,3.9457218647003174
68,613276.75,5155.02783203125,-8615141.083878411,0.0003,211,5617,305.70588235294116,106,22572,-13.450498580932617,4.0467658042907715
72,622145.625,4917.638671875,-8182514.500912805,0.0003,211,5631,290.47222222222223,106,22628,-14.54720401763916,4.059209823608398
76,749454.8125,3455.7275390625,-9328958.282915805,0.0003,249,6631,327.8157894736842,106,26628,-12.26611614227295,5.205057621002197
80,809641.1875,4319.62841796875,-9910797.121597162,0.0003,275,7301,347.2,106,29308,-9.329565048217773,5.9173583984375
84,854617.125,4924.34814453125,-10121772.405883571,0.0003,286,7631,354.6190476190476,106,30628,-20.154111862182617,6.56273078918457
88,909999.5625,4169.9072265625,-10316866.042660851,0.0003,302,8215,360.9886363636364,108,32964,-5.639373779296875,7.545961856842041
92,911835.75,3276.36865234375,-9891931.663002824,0.0003,303,8256,346.2173913043478,108,33128,-3.1182310581207275,7.573164463043213
96,911633.9375,3916.033203125,-9591837.150293333,0.0003,309,8434,335.6979166666667,109,33840,-11.23772144317627,7.782188892364502
100,935959.25,3557.71044921875,-9777612.23026372,0.0003,314,8631,342.46,110,34628,-10.359678268432617,8.045790672302246
104,1047181.9375,3487.498291015625,-10911281.15687107,0.0003,340,9631,379.32,113,38628,-2.4090988636016846,9.240102767944336
108,1100887.625,3927.43798828125,-11495424.338870978,0.0003,361,10475,398.21,116,42004,0.07136133313179016,10.436963081359863
112,1127128.5,4030.55322265625,-11789512.973656721,0.0003,363,10521,406.26,116,42188,-2.767598867416382,10.43971061706543
116,1119519.75,3603.876220703125,-11785370.095394269,0.0003,363,10541,405.28,116,42268,-3.892026424407959,10.451310157775879
120,1118852.375,5959.095703125,-12023967.917843051,0.0003,364,10547,411.97,116,42292,-2.4157862663269043,10.456006050109863
124,1104219.0,4059.314453125,-11848621.425616318,0.0003,364,10573,404.53,116,42396,-1.3181252479553223,10.470744132995605
128,1138322.25,3816.256591796875,-11836931.905944178,0.0003,369,10744,404.26,116,43080,0.2998742461204529,10.59168529510498
132,1202294.75,4653.14013671875,-12377563.70021753,0.0003,395,11701,424.63,118,46908,-6.006493091583252,10.42457103729248
136,1224638.5,3784.78955078125,-11890100.107327437,0.0003,398,11827,408.69,119,47412,3.376183032989502,10.521265983581543
140,1211966.75,7605.6611328125,-11622767.686898947,0.0003,400,11890,399.77,119,47664,0.8006682991981506,10.40616226196289
144,1227081.5,5422.154296875,-11624059.14795383,0.0003,400,11912,399.96,119,47752,0.1709783971309662,10.396658897399902
148,1214109.0,6143.78857421875,-11028535.631761132,0.0003,401,11925,380.12,119,47804,-0.5044230818748474,10.395092964172363
152,1244337.875,5657.50830078125,-10495860.755830511,0.0003,401,11947,362.51,119,47892,-1.6619325876235962,10.402972221374512
156,1224233.875,4516.84765625,-9933135.75286582,0.0003,404,12062,344.08,119,48352,-4.453241348266602,10.64278507232666
160,1257013.5,7769.208984375,-9210703.14417697,0.0003,421,12661,320.3,120,50748,-0.7533473968505859,11.622796058654785
164,1264522.5,7550.74951171875,-8235698.675613949,0.0003,423,12708,288.26,120,50936,-1.2844500541687012,11.663833618164062
168,1302126.5,4793.84521484375,-8275523.50975242,0.0003,427,12871,290.24,120,51588,-1.8888764381408691,12.051998138427734
172,1297964.75,9393.0615234375,-8536210.73802078,0.0003,429,12946,299.54,120,51888,-4.938973426818848,12.251623153686523
176,1313382.25,4477.0986328125,-7844534.7882598685,0.0003,438,13257,277.74,121,53132,-1.671787142753601,12.952707290649414
180,1300789.75,4991.9453125,-7070839.562803779,0.0003,441,13360,251.94,121,53544,2.4475605487823486,12.891715049743652
184,1390364.75,5604.4521484375,-7180539.41338772,0.0003,466,14302,255.66,122,57312,-4.402826309204102,17.172191619873047
188,1399753.625,5393.7470703125,-7388227.06203287,0.0003,474,14620,262.54,123,58584,2.6919634342193604,17.0327091217041
192,1418099.0,5177.08984375,-7608086.83086224,0.0003,480,14813,270.07,123,59356,2.883212089538574,16.64512825012207
196,1425628.375,5416.3369140625,-7717859.875689681,0.0003,486,15043,273.84,123,60276,-0.0871245265007019,16.149255752563477
200,1414852.25,7676.828125,-7350940.232429441,0.0003,487,15063,260.67,123,60356,0.7987849712371826,16.11087989807129
204,1447590.75,7122.16650390625,-6315842.8804903105,0.0003,491,15243,225.68,124,61076,5.294833660125732,15.674461364746094
208,1491638.625,5975.07763671875,-6127380.871248811,0.0003,518,16243,220.12,125,65076,0.2534385621547699,14.990036964416504
212,1511082.875,5359.96533203125,-6721698.977484779,0.0003,527,16586,242.89,125,66448,-6.0799560546875,17.511070251464844
216,1494589.0,8336.4150390625,-6834620.740335579,0.0003,530,16707,248.02,126,66932,-5.848793983459473,18.454702377319336
220,1530120.125,6112.716796875,-6669325.558787742,0.0003,532,16765,243.27,126,67164,-6.234625816345215,18.93069076538086
224,1516981.5,8814.283203125,-6707097.494274351,0.0003,534,16844,245.46,126,67480,-8.97165298461914,19.6038818359375
228,1518896.5,6120.1923828125,-6681998.06762121,0.0003,541,17093,244.55,126,68476,-11.621604919433594,22.284196853637695
232,1553990.25,11954.634765625,-6506611.62140615,0.0003,547,17281,237.62,126,69228,-5.508904457092285,23.768754959106445
236,1555500.0,10120.55859375,-6106579.401125711,0.0003,548,17323,223.97,126,69396,-7.834782600402832,24.06970977783203
240,1561860.75,9600.96875,-6170340.840805619,0.0003,556,17609,226.54,126,70540,-1.3754303455352783,25.240957260131836
244,1623562.75,6608.0244140625,-6989578.27058437,0.0003,582,18609,259.36,128,74540,-2.2768337726593018,26.038658142089844
248,1648265.5,6861.87353515625,-8017224.238519531,0.0003,608,19608,297.55,129,78536,1.0510172843933105,29.46273422241211
252,1678444.25,10589.3759765625,-8934944.199267829,0.0003,631,20488,331.47,129,82056,1.9337249994277954,31.20989227294922
256,1665663.25,10472.369140625,-9168699.23274481,0.0003,632,20526,340.54,129,82208,-2.6636312007904053,31.057729721069336
260,1636541.75,10674.3125,-9021440.72244223,0.0003,635,20626,336.19,130,82608,-1.0245012044906616,31.056915283203125
264,1648587.25,8080.92724609375,-8837098.554413142,0.0003,639,20778,330.8,130,83216,-3.1705756187438965,32.400596618652344
268,1670295.875,8061.2060546875,-8879260.33295995,0.0003,642,20870,333.97,130,83584,-4.8896708488464355,33.4301643371582
272,1691255.5,12763.158203125,-8663684.54031582,0.0003,647,21086,326.24,130,84448,-3.5784711837768555,35.25627517700195
276,1663573.25,14523.634765625,-8162855.865698401,0.0003,648,21127,308.45,130,84612,-1.0530701875686646,35.44972229003906
280,1691718.0,8149.4609375,-8105025.33037871,0.0003,650,21175,306.11,130,84804,-0.9315948486328125,35.664710998535156
284,1669047.875,17321.9453125,-7853905.514169919,0.0003,662,21654,297.39,130,86720,0.015558362007141113,36.78170394897461
288,1691966.875,14803.841796875,-8172979.54360088,0.0003,685,22523,309.41,131,90196,4.149336814880371,33.31656265258789
292,1682291.875,9080.5322265625,-8076807.64785729,0.0003,693,22815,307.17,131,91364,-2.170063018798828,33.600120544433594
296,1719481.0,9239.4443359375,-8506143.886340309,0.0003,704,23236,322.87,132,93048,2.6883814334869385,34.936458587646484
300,1761500.5,10522.5234375,-8899620.294546051,0.0003,728,24165,337.7,132,96764,0.8705825805664062,36.41759490966797
304,1755909.5,10689.09375,-9346914.96288697,0.0003,732,24304,354.44,132,97320,0.5965666770935059,36.668270111083984
308,1724080.5,9742.0595703125,-9375577.6151412,0.0003,742,24668,355.48,132,98776,2.937870740890503,36.847084045410156
312,1780425.75,9441.40625,-8650883.26437543,0.0003,747,24855,329.45,133,99524,1.8246145248413086,34.99543762207031
316,1760833.375,9862.0615234375,-8689357.1913648,0.0003,749,24915,330.5,133,99764,4.032473087310791,34.55104446411133
320,1777559.625,10196.140625,-8603582.35287744,0.0003,752,25021,327.61,133,100188,-2.618460178375244,34.25407791137695
324,1810000.5,10534.109375,-8778001.937451089,0.0003,753,25058,334.09,133,100336,-2.209190845489502,34.472652435302734
328,1767214.25,10315.162109375,-8921951.708002908,0.0003,769,25690,339.07,133,102864,-3.9825692176818848,44.017826080322266
332,1800145.0,11668.9638671875,-8760930.87300519,0.0003,771,25766,332.12,133,103168,-3.4400339126586914,44.63423538208008
336,1803456.5,12044.7705078125,-8949543.7348807,0.0003,772,25807,338.71,133,103332,-3.1395440101623535,45.0841178894043
340,1816422.0,22453.46875,-8695996.926103799,0.0003,773,25851,329.86,133,103508,-4.778755187988281,45.567440032958984
344,1785354.0,13367.2138671875,-7878356.35115208,0.0003,775,25897,297.11,133,103692,-6.920111179351807,46.24184799194336
348,1821582.5,15951.9501953125,-6892201.118413751,0.0003,780,26081,260.47,133,104428,-4.473725318908691,48.5975341796875
352,1811788.0,16482.185546875,-5918625.231335,0.0003,782,26155,224.76,133,104724,-7.593695640563965,49.86793899536133
356,1767473.25,20196.01171875,-5636272.453864481,0.0003,784,26207,213.88,133,104932,-3.8468093872070312,50.5395393371582
360,1855593.125,11455.11328125,-5617662.95191121,0.0003,785,26257,212.48,133,105132,-3.2787885665893555,50.75469207763672
364,1778227.0,14504.84765625,-5587692.04673817,0.0003,787,26316,210.5,133,105368,1.9083619117736816,51.22181701660156
368,1794499.25,17541.197265625,-5486776.288318711,0.0003,788,26357,204.78,133,105532,-1.7615331411361694,51.592193603515625
372,1798866.0,11567.0107421875,-5415675.061077721,0.0003,789,26405,202.43,133,105724,-2.639072895050049,51.909671783447266
376,1837095.75,12056.2392578125,-5440175.23788897,0.0003,793,26536,203.33,133,106248,0.2818792760372162,53.671363830566406
380,1796202.875,14751.80859375,-5774635.64955101,0.0003,798,26705,214.54,133,106924,-4.373027801513672,56.590763092041016
384,1767689.5,12741.3515625,-5357879.17676669,0.0003,798,26729,199.9,133,107020,-3.805415630340576,57.03776550292969
388,1837508.75,15241.0546875,-4550812.941451769,0.0003,799,26751,171.52,133,107108,-5.444888114929199,57.393310546875
392,1801409.25,15502.892578125,-4422874.912943659,0.0003,800,26769,166.28,133,107180,-2.2462613582611084,57.74734878540039
396,1796263.375,14306.9794921875,-3784422.9895886197,0.0003,800,26791,143.57,133,107268,-3.3189029693603516,58.21475601196289
400,1804000.25,13107.6728515625,-3497353.2261963696,0.0003,801,26815,132.3,133,107364,-3.6623849868774414,58.81904602050781
404,1831986.0,17469.091796875,-2683658.9450854794,0.0003,801,26826,102.52,133,107408,-5.928336143493652,59.116310119628906
408,1859332.25,20106.748046875,-2527957.40831514,0.0003,802,26844,96.84,133,107480,-7.023960113525391,59.59800720214844
412,1791769.5,15118.5146484375,-2366396.40944852,0.0003,803,26878,90.12,133,107616,-6.868681907653809,60.5060920715332
416,1823193.0,16340.6005859375,-2239192.23275633,0.0003,804,26910,84.89,133,107744,-8.459150314331055,61.439266204833984
420,1811497.125,12082.5107421875,-2225054.45494947,0.0003,806,26958,83.58,133,107936,-8.878150939941406,62.8687858581543
424,1827958.0,14246.845703125,-2066593.7542507502,0.0003,806,26985,76.88,133,108044,-4.661550521850586,63.7320671081543
428,1798777.625,18043.5859375,-1929284.1611807302,0.0003,808,27050,71.87,133,108304,-7.605950355529785,65.86886596679688
432,1827733.75,15820.1953125,-1566473.56078578,0.0003,809,27080,59.49,133,108424,-4.802924633026123,66.796875
436,1819949.75,17998.216796875,-1369051.5699685898,0.0003,809,27101,52.51,133,108508,-5.29781436920166,67.28919219970703
440,1836415.0,11676.603515625,-1478736.84507058,0.0003,817,27349,56.28,134,109500,-1.8904507160186768,71.82707214355469
444,1819128.0,21172.87890625,-1758442.69380094,0.0003,824,27622,65.67,134,110592,-0.9189686179161072,74.51687622070312
448,1812241.75,20390.30078125,-1806127.05464984,0.0003,825,27649,67.27,134,110700,1.1868693828582764,74.55703735351562
452,1842036.25,17761.55859375,-1801767.5496310103,0.0003,825,27670,67.06,134,110784,-1.2933276891708374,74.57847595214844
456,1856848.375,16127.1337890625,-1975404.7299729397,0.0003,826,27706,72.87,134,110928,-0.2837374806404114,74.6058349609375
460,1843621.875,15969.7451171875,-1997533.56204378,0.0003,827,27724,73.74,134,111000,1.2885602712631226,74.5500717163086
464,1808614.5,17105.107421875,-2005520.8279880306,0.0003,828,27751,74.06,134,111108,1.1544071435928345,74.49883270263672
468,1821577.875,19699.552734375,-2013913.8007081999,0.0003,828,27772,74.46,134,111192,1.275968074798584,74.40911102294922
472,1805511.75,13788.80859375,-2016716.92399589,0.0003,829,27789,74.6,134,111260,1.0468369722366333,74.32247924804688
476,1824842.75,13627.421875,-1998886.0657730503,0.0003,830,27816,74.03,134,111368,1.7656497955322266,74.2227554321289
480,1853821.375,17715.1328125,-1669464.0462304605,0.0003,830,27838,63.01,134,111456,-0.8106182217597961,74.17357635498047
484,1841529.0,16971.48046875,-1375697.7860472798,0.0003,831,27864,53.38,134,111560,1.245732307434082,74.16045379638672
488,1838738.0,13507.9482421875,-1396101.02522807,0.0003,833,27946,54.21,134,111888,0.06511543691158295,74.25202941894531
492,1818815.625,12060.1171875,-1418601.37933098,0.0003,835,28003,55.01,134,112116,1.3174612522125244,74.27706146240234
496,1865437.25,13180.4560546875,-1419626.0580585697,0.0003,836,28035,55.09,134,112244,1.1768243312835693,74.22661590576172
500,1857943.125,15448.2666015625,-1118187.68978602,0.0003,836,28058,45.0,134,112336,-1.3323181867599487,74.1329116821289
504,1872655.5,14034.8046875,-1111608.89572856,0.0003,837,28088,44.7,134,112456,-2.619608163833618,74.11958312988281
508,1867384.25,17528.47265625,-1162594.8672578,0.0003,842,28275,46.52,134,113204,-6.886536121368408,76.54196166992188
512,1837610.375,14915.4560546875,-1392119.2831250196,0.0003,852,28655,54.17,134,114724,1.0090041160583496,82.11280059814453
516,1832481.75,13855.4443359375,-1376617.2658339099,0.0003,854,28728,53.67,134,115016,-2.1964237689971924,83.28317260742188
520,1818230.0,20554.1328125,-1664429.9540593803,0.0003,854,28752,63.14,134,115112,-1.1389257907867432,83.63581085205078
524,1846904.5,15178.2890625,-1613192.61055974,0.0003,856,28802,61.37,134,115312,-1.86455500125885,84.2642822265625
528,1835923.25,25004.107421875,-1559259.6037336898,0.0003,858,28865,59.49,134,115564,0.09870374202728271,85.14080047607422
532,1838814.875,13792.3857421875,-1596125.8377509501,0.0003,860,28949,60.75,134,115900,-3.1484951972961426,86.3522720336914
536,1809679.125,19497.93359375,-1881581.38959108,0.0003,865,29107,70.19,134,116532,-1.818148136138916,88.76398468017578
540,1843365.875,15574.7685546875,-1621442.3411546298,0.0003,866,29169,61.56,134,116780,-0.17512482404708862,89.42378997802734
544,1859095.75,14837.5341796875,-1621599.58560968,0.0003,867,29183,61.57,134,116836,-2.225092887878418,89.54783630371094
548,1837850.125,16429.55078125,-1540798.8342458901,0.0003,868,29245,58.89,134,117084,-0.3000953197479248,90.20120239257812
552,1818684.25,21360.150390625,-1839306.3145995296,0.0003,870,29317,68.91,134,117372,0.7370069622993469,90.40681457519531
556,1793717.75,19307.201171875,-1733105.9506442198,0.0003,873,29401,65.42,134,117708,-0.7540283203125,90.88040161132812
560,1822696.75,24747.240234375,-1789426.9314397199,0.0003,873,29429,67.25,134,117820,0.8213019371032715,90.91000366210938
564,1849835.75,17841.51953125,-1783404.1849863,0.0003,874,29451,66.98,134,117908,-1.3753423690795898,90.83979797363281
568,1850369.75,16625.53515625,-2079586.31472898,0.0003,897,30317,76.82,135,121372,0.15126313269138336,97.55517578125
572,1844587.25,15673.4853515625,-2085045.74147468,0.0003,900,30404,77.07,135,121720,-0.8626857399940491,97.77102661132812
576,1819633.5,27677.046875,-2674686.8556783698,0.0003,902,30467,96.64,135,121972,1.7386739253997803,97.96753692626953
580,1844122.5,16432.900390625,-2972524.42723436,0.0003,903,30497,106.61,135,122092,-3.1433136463165283,98.07186889648438
584,1858935.75,16307.9287109375,-2976984.47811654,0.0003,904,30533,106.79,135,122236,-0.9392107725143433,98.1849594116211
588,1861674.75,16754.908203125,-2962661.72496322,0.0003,905,30564,106.23,135,122360,2.2908806800842285,98.31285858154297
592,1856932.75,15594.8486328125,-2933566.94370632,0.0003,906,30601,105.18,135,122508,-2.8047237396240234,98.58348083496094
596,1861397.75,27008.939453125,-2938407.0368501698,0.0003,907,30636,105.38,135,122648,-0.5542458295822144,98.66582489013672
600,1837788.0,18784.947265625,-2946334.6520252693,0.0003,908,30682,105.77,135,122832,2.326164722442627,97.91112518310547
604,1833052.5,22123.375,-2954701.9507528003,0.0003,910,30730,106.17,135,123024,5.314581871032715,97.19717407226562
608,1861338.5,16475.14453125,-2914589.6315225894,0.0003,911,30769,104.89,135,123180,-3.3270277976989746,96.82484436035156
612,1851079.25,16167.74609375,-2690402.6537375,0.0003,912,30817,97.44,135,123372,-2.680535078048706,97.3979721069336
616,1847422.75,15760.640625,-2690755.6205308605,0.0003,914,30863,97.4,135,123556,-1.041391134262085,98.89649200439453
620,1845119.875,20290.966796875,-2403286.2599190697,0.0003,915,30904,87.96,135,123720,-0.3986664414405823,99.50883483886719
624,1856457.125,19559.353515625,-2404472.54166757,0.0003,916,30926,87.97,135,123808,-2.668551445007324,99.79536437988281
628,1864129.5,18629.12890625,-2402138.75012697,0.0003,916,30946,87.77,135,123888,-3.4834535121917725,100.28469848632812
632,1876667.375,19616.6015625,-2370533.73988845,0.0003,919,31059,86.73,135,124340,-5.750715255737305,103.40035247802734
636,1828152.625,24635.921875,-2074720.6595662201,0.0003,921,31114,76.87,135,124560,-2.0310757160186768,104.93296813964844
640,1848494.0,20505.888671875,-1957392.8426903803,0.0003,923,31189,72.79,135,124860,-0.5405628085136414,106.19996643066406
644,1844640.0,18718.125,-1955264.8507633798,0.0003,924,31239,72.64,135,125060,-0.81513512134552,106.33930969238281
648,1828997.625,23817.81640625,-1951816.90150115,0.0003,926,31291,72.4,135,125268,-0.5979381799697876,106.31893157958984
652,1854815.25,17258.50390625,-1669688.11136897,0.0003,929,31406,63.0,135,125728,1.426992654800415,106.83067321777344
656,1863730.625,16403.474609375,-1901446.69970247,0.0003,930,31436,70.6,135,125848,0.7018710970878601,107.0003433227539
660,1847449.25,18886.900390625,-2147943.6309210896,0.0003,933,31547,78.89,135,126292,-2.7096028327941895,107.41549682617188
664,1870694.75,16923.693359375,-2186218.58611758,0.0003,935,31625,80.32,135,126604,-3.3304858207702637,109.1788558959961
668,1860311.5,19305.359375,-1956191.9812960702,0.0003,939,31737,72.79,135,127052,6.44861364364624,109.598388671875
672,1861360.25,20432.779296875,-2339353.16467793,0.0003,945,31970,85.66,135,127984,0.43391066789627075,105.38727569580078
676,1833891.0,17829.68359375,-1768618.9976869898,0.0003,948,32039,66.82,135,128260,-2.3825995922088623,104.07240295410156
680,1869099.75,15849.49609375,-1475975.6710812002,0.0003,949,32099,57.1,135,128500,1.2439202070236206,103.50498962402344
684,1852737.375,24954.01953125,-1485381.0054238,0.0003,951,32149,57.45,135,128700,1.778437852859497,103.33963775634766
688,1845209.25,21540.546875,-1483291.12275522,0.0003,952,32184,57.39,135,128840,0.9541632533073425,103.42432403564453
692,1841437.75,23512.884765625,-1483557.0849959902,0.0003,954,32252,57.42,135,129112,2.360105276107788,103.01029968261719
696,1838679.125,18363.638671875,-1477709.0836687202,0.0003,955,32304,57.15,135,129320,-2.4651918411254883,102.80411529541016
700,1851644.5,24575.7109375,-1473165.3079647499,0.0003,957,32362,56.85,135,129552,1.096455454826355,103.45337677001953
704,1859784.25,22882.6171875,-1470278.37182779,0.0003,959,32439,56.71,135,129860,-4.7274017333984375,104.57202911376953
708,1840818.875,20322.12890625,-1466337.1063065394,0.0003,961,32508,56.5,135,130136,0.754772961139679,106.5911636352539
712,1813111.0,21959.359375,-1461498.3024492299,0.0003,963,32572,56.26,135,130392,-3.6189332008361816,108.64256286621094
716,1845294.0,23309.619140625,-1756273.6718266103,0.0003,964,32614,66.04,135,130560,-2.6534781455993652,109.62702941894531
720,1855570.0,23222.47265625,-1831292.26350539,0.0003,969,32815,68.56,135,131364,-0.31281447410583496,111.43499755859375
724,1849424.5,24101.8828125,-1849301.2486758,0.0003,971,32850,69.27,135,131504,0.7528761625289917,111.66605377197266
728,1855410.0,19670.587890625,-2143658.2749004797,0.0003,971,32873,79.16,135,131596,-3.7240653038024902,111.80804443359375
732,1834717.5,24687.6171875,-2136889.3155856603,0.0003,972,32893,78.96,135,131676,0.5163452625274658,112.14572143554688
736,1861364.375,26061.677734375,-2134094.1421686704,0.0003,972,32909,78.84,135,131740,1.741629958152771,112.3043212890625
740,1854374.625,23915.759765625,-2135065.7791153803,0.0003,973,32939,78.92,135,131860,-2.2704076766967773,112.58126068115234
744,1849388.75,25318.32421875,-2138537.42061556,0.0003,974,32959,79.12,135,131940,1.7789479494094849,112.74785614013672
748,1833866.0,19848.265625,-2144075.1678212504,0.0003,975,32986,79.46,135,132048,-1.2830268144607544,113.18929290771484
752,1846807.375,19309.822265625,-2134900.1075041997,0.0003,976,33026,79.22,135,132208,-0.18062439560890198,113.60846710205078
756,1852248.875,26591.58984375,-1840749.1930655,0.0003,977,33053,69.5,135,132316,-2.728252410888672,114.34571075439453
760,1901520.0,22955.708984375,-1543753.06817242,0.0003,979,33116,59.5,135,132568,-3.3342714309692383,116.64701843261719
764,1866314.5,23337.3046875,-1836735.75198797,0.0003,980,33172,69.29,135,132792,-1.7885246276855469,117.936279296875
768,1795815.875,25045.91796875,-1815196.17840858,0.0003,982,33240,68.59,135,133064,1.9942333698272705,118.33663177490234
772,1853410.25,27155.259765625,-1472388.22618462,0.0003,984,33293,57.17,135,133276,3.5571441650390625,119.0234146118164
776,1864824.25,21677.294921875,-1518892.5192024002,0.0003,987,33403,58.82,135,133716,-3.170236110687256,118.88092803955078
780,1872006.25,22670.7578125,-1580262.7517731104,0.0003,989,33460,61.08,135,133944,-2.0607781410217285,119.86492919921875
784,1850496.5,34242.99609375,-1640491.76416501,0.0003,993,33598,63.2,135,134496,-1.163548469543457,123.15206146240234
788,1853020.0,24413.431640625,-1718858.3128232805,0.0003,995,33678,65.96,135,134816,1.2710518836975098,124.18354797363281
792,1853300.0,29661.537109375,-1718860.6562411103,0.0003,997,33747,65.97,135,135092,2.2633790969848633,125.03095245361328
796,1866355.875,28993.05078125,-1758051.9716914,0.0003,1000,33838,67.48,135,135456,-2.876929998397827,124.36588287353516
800,1835203.875,29173.19921875,-1784454.1421437506,0.0003,1001,33898,68.6,135,135696,0.49972912669181824,124.31477355957031
804,1837522.25,24960.119140625,-1784046.3520583299,0.0003,1003,33942,68.57,135,135872,-4.065882682800293,124.54237365722656
808,1841278.75,25666.724609375,-1914145.3698045101,0.0003,1004,33981,73.19,135,136028,1.4841091632843018,124.92373657226562
812,1848938.5,23222.328125,-1917758.9286233804,0.0003,1005,34038,73.45,135,136256,-1.344187617301941,125.81153106689453
816,1848383.875,21025.099609375,-1753929.15425181,0.0003,1017,34451,68.45,135,137908,3.050387382507324,136.36839294433594
820,1846879.25,20946.884765625,-1947994.1240804598,0.0003,1019,34524,75.64,135,138200,1.6385061740875244,137.75582885742188
824,1861832.625,29334.908203125,-1954069.1954711804,0.0003,1022,34610,75.95,135,138544,-2.018275260925293,139.7737274169922
828,1863126.875,21648.408203125,-1894386.5324517002,0.0003,1029,34837,74.92,135,139452,0.781013011932373,139.80738830566406
832,1797829.5,23329.251953125,-1888845.96405056,0.0003,1030,34872,74.74,135,139592,-1.1413874626159668,140.0402374267578
836,1847449.0,25350.685546875,-1960311.37742201,0.0003,1030,34889,77.65,135,139660,0.8516007661819458,140.32017517089844
840,1832875.0,23765.318359375,-1954162.9892052698,0.0003,1031,34912,77.44,135,139752,0.07751345634460449,140.67625427246094
844,1839658.5,32770.19140625,-1955741.86198932,0.0003,1032,34943,77.55,135,139876,-0.7043511271476746,141.21890258789062
848,1863690.0,25465.7109375,-2220072.38330351,0.0003,1033,34977,87.26,135,140012,2.5458898544311523,141.74761962890625
852,1870921.5,28788.119140625,-2223186.12431601,0.0003,1034,35005,87.36,135,140124,0.25130215287208557,142.00091552734375
856,1866715.5,20817.115234375,-2242194.14911039,0.0003,1035,35029,88.11,135,140220,-4.485546588897705,142.12242126464844
860,1841335.625,27994.5546875,-2218142.4921979397,0.0003,1035,35044,87.31,135,140280,-0.18871784210205078,142.29405212402344
864,1858006.75,24759.20703125,-1895035.2041528702,0.0003,1036,35077,76.51,135,140412,-0.8558252453804016,142.67337036132812
868,1861300.125,26792.203125,-1858132.2266951096,0.0003,1037,35103,75.17,135,140516,0.20924878120422363,142.9527130126953
872,1885970.25,23957.103515625,-1815232.04707711,0.0003,1038,35121,73.58,135,140588,0.800319254398346,143.12083435058594
876,1842475.75,33162.91796875,-1748201.5599647902,0.0003,1038,35132,71.1,135,140632,-0.01470804214477539,143.18568420410156
880,1815668.25,33330.5234375,-1685268.90466304,0.0003,1040,35203,68.81,135,140916,-0.4995092749595642,144.74853515625
884,1867773.0,24843.3125,-1696562.9584021503,0.0003,1042,35270,69.33,135,141184,-3.3583433628082275,147.16371154785156
888,1854697.125,30439.65234375,-1631368.5611251104,0.0003,1043,35309,67.03,135,141340,-0.5911524295806885,148.1312713623047
892,1875883.125,22574.775390625,-2088882.71327633,0.0003,1068,36264,82.73,135,145160,-0.5495585203170776,152.45802307128906
896,1899584.375,29166.87109375,-2634053.37247505,0.0003,1070,36346,101.17,135,145488,2.094353437423706,152.69097900390625
900,1876148.5,28534.611328125,-3458369.3836983605,0.0003,1097,37346,129.62,136,149488,0.7996060848236084,148.35513305664062
904,1906068.25,31262.06640625,-4542493.17114791,0.0003,1123,38346,168.88,136,153488,3.242795944213867,132.3863525390625
908,1909241.375,24647.177734375,-4755493.6812525205,0.0003,1128,38557,177.61,136,154332,0.15933436155319214,133.872802734375
912,1881558.75,26335.763671875,-4860950.15004198,0.0003,1132,38672,181.95,136,154792,-2.125216484069824,135.21841430664062
916,1914323.25,34499.8203125,-4753539.1455297,0.0003,1135,38789,178.38,136,155260,-0.4348202347755432,135.02081298828125
920,1933377.5,34119.6640625,-4835526.24631578,0.0003,1142,39043,183.56,136,156276,2.1303038597106934,133.48626708984375
924,1886591.0,32855.97265625,-4890451.577405889,0.0003,1144,39109,186.39,136,156540,-2.68179988861084,133.51039123535156
928,1941742.5,28446.8359375,-4766925.261729039,0.0003,1146,39174,182.93,136,156800,-0.6367312669754028,135.150146484375
932,1934534.0,28285.2265625,-4797483.40841588,0.0003,1148,39228,184.38,136,157016,1.2646912336349487,136.42816162109375
936,1903172.25,23567.8046875,-4759380.941562359,0.0003,1149,39280,183.1,136,157224,-0.3025323450565338,137.3168182373047
940,1943977.0,35791.9140625,-4775122.449874,0.0003,1150,39306,183.84,136,157328,-0.749849259853363,137.70774841308594
944,1881881.5,30090.212890625,-4772418.721749331,0.0003,1151,39332,183.72,136,157432,-1.1061463356018066,137.96533203125
948,1933791.875,27606.431640625,-4545750.10715843,0.0003,1152,39360,175.84,136,157544,-1.6283351182937622,138.14004516601562
952,1864187.75,23723.6796875,-4535922.80307947,0.0003,1152,39381,175.41,136,157628,-3.587815999984741,138.25148010253906
956,1899167.25,31251.55859375,-4512399.18820876,0.0003,1153,39400,174.47,136,157704,-1.0162086486816406,138.58261108398438
960,1914061.125,37739.00390625,-4520146.19644845,0.0003,1153,39418,174.78,136,157776,0.9496427178382874,139.2734832763672
964,1892121.75,29917.0859375,-4513248.6201821705,0.0003,1154,39433,174.39,136,157836,0.8333509564399719,139.84678649902344
968,1915543.75,28306.564453125,-4503886.74963943,0.0003,1155,39464,174.06,136,157960,-0.6515445113182068,140.98898315429688
972,1920432.0,27550.68359375,-4510020.592545421,0.0003,1155,39477,174.29,136,158012,-3.0923023223876953,141.37008666992188
976,1935498.5,38110.5234375,-4511810.41220474,0.0003,1156,39494,174.43,136,158080,-1.3883922100067139,141.8968048095703
980,1922969.875,32033.69140625,-4503233.24182301,0.0003,1157,39517,173.99,136,158172,-2.481031894683838,142.7314910888672
984,1927999.0,27743.6796875,-4422870.12217908,0.0003,1157,39534,170.91,136,158240,-0.12668350338935852,143.3961944580078
988,1916391.375,27628.09375,-4419353.50469032,0.0003,1157,39548,170.78,136,158296,0.11519074440002441,143.8793487548828
992,1973354.5,27215.041015625,-3958299.8521644603,0.0003,1158,39561,154.85,136,158348,0.18375349044799805,144.28009033203125
996,1891822.375,25759.96484375,-3374689.47499828,0.0003,1158,39575,134.94,136,158404,-2.3791325092315674,144.6629638671875
1000,1918154.25,27572.677734375,-2521106.8190830303,0.0003,1159,39591,105.29,136,158468,-1.5839593410491943,145.08692932128906
1004,1912601.875,31546.171875,-1431422.2760646304,0.0003,1159,39613,65.72,136,158556,-2.7195146083831787,145.5334930419922
1008,1903533.75,25591.296875,-1082143.75445998,0.0003,1160,39638,52.13,136,158656,0.34166842699050903,145.66915893554688
1012,1892090.25,26588.837890625,-988659.51217539,0.0003,1160,39649,48.09,136,158700,0.016207456588745117,145.74586486816406
1016,1933910.5,24581.087890625,-958885.5066864699,0.0003,1161,39668,46.55,136,158776,0.09314548969268799,146.0664520263672
1020,1935642.0,36351.10546875,-605814.22319949,0.0003,1162,39705,31.52,136,158924,-3.273329496383667,146.4158935546875
1024,1905823.0,29819.130859375,-591688.9252650401,0.0003,1163,39753,29.93,136,159116,-1.6753329038619995,147.77760314941406
1028,1875067.75,31569.49609375,-498468.69257477,0.0003,1164,39768,25.23,136,159176,-4.849329471588135,148.2347869873047
1032,1932478.0,26988.703125,-462434.82540326,0.0003,1164,39779,23.42,136,159220,-3.376464366912842,148.62554931640625
1036,1912139.0,23879.1171875,-428526.2750182401,0.0003,1165,39794,21.79,136,159280,-2.120640754699707,149.30325317382812
1040,1892687.5,27647.4765625,-409503.22329637,0.0003,1165,39816,20.85,136,159368,-1.796413779258728,150.07835388183594
1044,1929788.0,26634.89453125,-404332.48466674006,0.0003,1166,39836,20.54,136,159448,2.2842068672180176,150.5583038330078
1048,1936686.5,24517.50390625,-357784.60814654006,0.0003,1167,39856,18.26,136,159528,1.2735393047332764,150.7014617919922
1052,1917118.375,31706.396484375,-371804.40512019,0.0003,1167,39877,18.72,136,159612,-0.28892892599105835,150.47683715820312
1056,1904015.75,32118.22265625,-449671.97640851996,0.0003,1171,39992,21.46,136,160072,0.6689947843551636,150.66725158691406
1060,1896015.5,24514.5,-527469.0309785001,0.0003,1172,40056,24.11,136,160328,-2.074455738067627,152.13079833984375
1064,1914551.5,30623.744140625,-526048.29409434,0.0003,1174,40110,24.01,136,160544,-1.7472307682037354,153.7548370361328
1068,1880701.125,29265.634765625,-520001.64075496997,0.0003,1175,40150,23.66,136,160704,0.7427005171775818,154.49240112304688
1072,1941460.625,28389.12109375,-1334913.09274699,0.0003,1200,41066,52.94,136,164368,-2.8076210021972656,166.12167358398438
1076,1854205.375,23554.083984375,-2454544.20808163,0.0003,1225,42066,92.02,137,168368,1.3267788887023926,166.74290466308594
1080,1923110.75,28984.755859375,-3545782.98175184,0.0003,1252,43066,131.57,137,172368,2.4335293769836426,152.81057739257812
1084,1971748.5,33796.20703125,-4623873.23558343,0.0003,1278,44066,170.78,137,176368,2.9683432579040527,140.37591552734375
1088,1948092.5,27137.611328125,-5702572.746316181,0.0003,1304,45066,209.78,138,180368,2.25264310836792,125.73518371582031
1092,1965703.375,22867.83203125,-6838519.76217562,0.0003,1329,46066,249.32,138,184368,-1.3154395818710327,114.69387817382812
1096,1955404.875,28021.638671875,-7906923.14370419,0.0003,1356,47066,288.76,138,188368,-2.1425483226776123,112.78759002685547
1100,1964814.75,16299.52734375,-8925782.5846861,0.0003,1382,48066,328.26,139,192368,-1.2508196830749512,107.98285675048828
1104,1949708.5,20024.265625,-9495191.70471186,0.0003,1402,48877,353.64,139,195612,-2.360156536102295,115.7906494140625
1108,1934576.125,14332.8115234375,-9952156.57041123,0.0003,1407,49076,373.41,139,196408,0.8721121549606323,117.0191650390625
1112,2001682.75,23532.328125,-10224826.063323678,0.0003,1422,49680,384.36,139,198824,-0.20450246334075928,118.22389221191406
1116,1940599.5,23337.326171875,-10442828.32816749,0.0003,1423,49714,392.51,139,198960,1.831180453300476,117.71211242675781
1120,1980626.875,14294.5908203125,-10673214.065298101,0.0003,1424,49755,402.07,139,199124,-1.3105297088623047,116.96839904785156
1124,2004493.875,18693.572265625,-10619687.046733418,0.0003,1425,49777,400.45,139,199212,-3.444213628768921,116.7613754272461
1128,1936008.5,14397.763671875,-10631103.40691379,0.0003,1425,49800,401.34,139,199304,-0.09388785064220428,116.88041687011719
1132,1934898.625,14224.7900390625,-10630336.841299409,0.0003,1426,49832,401.37,139,199432,-0.26731061935424805,116.97871398925781
1136,1987109.25,14632.859375,-10642169.955226718,0.0003,1427,49852,402.02,139,199512,-0.610788881778717,117.14567565917969
1140,1955559.75,18007.50390625,-10655438.85629859,0.0003,1427,49866,402.82,139,199568,-1.6136572360992432,117.24010467529297
1144,2021075.0,23030.16015625,-10655662.106125891,0.0003,1428,49892,402.93,139,199672,-2.2288658618927,117.54243469238281
1148,2009026.5,14238.7607421875,-10658030.714170218,0.0003,1429,49916,403.23,139,199768,-1.1842414140701294,117.86487579345703
1152,2015420.5,21939.822265625,-10652271.15692185,0.0003,1429,49935,403.34,139,199844,-0.44724613428115845,118.19367218017578
1156,2012976.875,15103.09375,-10571249.703758901,0.0003,1430,49948,400.5,139,199896,-1.2839194536209106,118.29183197021484
1160,2005932.25,14831.466796875,-10479515.800316501,0.0003,1430,49962,397.29,139,199952,0.5067380666732788,118.27271270751953
1164,2001523.5,14473.603515625,-10474288.730254,0.0003,1431,49976,397.13,139,200008,-0.3411036729812622,118.2361831665039
1168,1984262.875,14026.3095703125,-10475015.43553333,0.0003,1431,49995,397.26,139,200084,0.4735291600227356,118.18899536132812
1172,1988492.0,15528.49609375,-9650137.80043924,0.0003,1431,50008,367.61,139,200136,-0.3973701000213623,118.16413879394531
1176,1972526.5,37373.50390625,-8519662.80030666,0.0003,1432,50025,328.04,139,200204,-0.12697958946228027,118.19981384277344
1180,1953119.625,14599.8212890625,-7433640.902909101,0.0003,1433,50056,288.88,139,200328,-1.0255705118179321,118.45653533935547
1184,1937063.75,14581.4970703125,-6348546.5587263815,0.0003,1434,50082,249.46,139,200432,-0.24158650636672974,118.78732299804688
1188,1996231.0,22560.6640625,-5254555.30054149,0.0003,1434,50105,209.9,139,200524,-0.899345338344574,118.97660827636719
1192,1983381.125,22473.02734375,-3905447.6504076207,0.0003,1435,50125,163.4,139,200604,0.1593918800354004,119.21540832519531
1196,2001592.75,25740.6328125,-3104270.46515201,0.0003,1435,50137,133.76,139,200652,-0.31519198417663574,119.25326538085938
1200,2003116.25,21683.666015625,-2093046.5188960603,0.0003,1437,50180,94.76,139,200824,0.001164555549621582,119.09358215332031
1204,1959752.25,28281.12109375,-1529308.2775635002,0.0003,1437,50192,69.77,139,200872,-1.0559608936309814,119.0252914428711
1208,1994111.5,18714.306640625,-940963.7411282201,0.0003,1438,50217,44.31,139,200972,-1.5638232231140137,119.0422592163086
1212,1963459.75,13828.4677734375,-795295.8307804001,0.0003,1438,50229,39.2,139,201020,-0.7608642578125,119.1140365600586
1216,1985556.375,23100.392578125,-586173.95049537,0.0003,1439,50257,31.67,139,201132,-1.2936875820159912,119.25662994384766
1220,1985266.875,14984.4736328125,-348190.3023220299,0.0003,1440,50279,21.96,139,201220,-1.1487822532653809,119.46179962158203
1224,1995463.625,18735.091796875,-335935.90608017996,0.0003,1441,50308,21.4,139,201336,0.2223731428384781,119.73137664794922
1228,2006552.5,31690.2890625,-313044.59693541,0.0003,1441,50329,20.25,139,201420,-2.4204695224761963,119.94651794433594
1232,1981246.125,18539.25,-375057.58039662003,0.0003,1445,50450,23.3,139,201904,1.3757195472717285,122.01260375976562
1236,2017570.0,22788.015625,-655549.8520873201,0.0003,1457,50887,36.24,139,203652,-0.8409968614578247,127.74701690673828
1240,1925099.0,21612.935546875,-1098595.7020624399,0.0003,1482,51845,54.41,139,207484,0.8723588585853577,127.2205810546875
1244,1896068.25,13466.7294921875,-1615822.8852999797,0.0003,1486,51993,74.14,139,208076,0.6478762030601501,125.10359191894531
1248,1934603.0,23949.392578125,-1612616.9415120098,0.0003,1487,52029,73.79,139,208220,3.3241782188415527,124.79425048828125
1252,1903358.375,16457.12890625,-2064719.9113630801,0.0003,1496,52363,92.06,139,209556,4.4864325523376465,120.79364776611328
1256,1953162.5,12350.9013671875,-2534270.2847103802,0.0003,1516,53173,112.25,140,212796,1.770616054534912,115.11746978759766
1260,1929319.875,12530.5654296875,-2915905.6348354705,0.0003,1519,53281,129.16,140,213228,3.3886823654174805,113.4578628540039
1264,1948815.25,17374.0,-2971109.11655526,0.0003,1523,53422,132.65,140,213792,-0.994107723236084,110.43854522705078
1268,1912951.75,19293.287109375,-3095055.7568941293,0.0003,1525,53495,140.69,140,214084,2.100083827972412,109.73890686035156
1272,1891925.25,12321.6630859375,-3129076.177678631,0.0003,1528,53590,143.73,140,214464,0.5988978147506714,110.37179565429688
1276,1931881.5,23718.775390625,-3169174.7586035603,0.0003,1532,53726,147.45,140,215008,-3.606771945953369,110.83812713623047
1280,1956871.25,16338.0302734375,-3199070.2379532503,0.0003,1535,53846,150.62,140,215488,-0.7605510950088501,111.46592712402344
1284,1911752.75,16957.60546875,-3229975.47011292,0.0003,1539,53986,153.68,140,216048,-1.5804327726364136,113.19998168945312
1288,1958102.0,14966.0390625,-3293637.8848712803,0.0003,1542,54084,159.89,140,216440,-2.3346023559570312,114.43041229248047
1292,1908554.875,12315.65625,-3316599.1175689306,0.0003,1549,54344,164.4,140,217480,-0.17325818538665771,115.92683410644531
1296,1934919.25,12595.38671875,-3396291.764123101,0.0003,1557,54607,170.55,140,218532,-2.440079927444458,119.77751159667969
1300,1866563.5,16200.1181640625,-3991383.77917783,0.0003,1580,55466,201.8,140,221968,0.2144949734210968,119.93256378173828
1304,1886791.25,19220.609375,-5022095.987604589,0.0003,1607,56466,240.98,140,225968,2.4588632583618164,107.44572448730469
1308,1893807.0,11470.5302734375,-5570293.63890793,0.0003,1627,57148,263.34,140,228696,0.3155226707458496,98.02468872070312
1312,1819706.875,23611.12109375,-6430538.866547978,0.0003,1651,58021,298.71,140,232188,1.1523104906082153,104.46258544921875
1316,1860858.5,18592.998046875,-6720214.84347953,0.0003,1654,58148,311.13,140,232696,2.435147762298584,102.98751831054688
1320,1813585.25,14508.6748046875,-7381099.702522639,0.0003,1682,59148,341.87,140,236696,1.56936776638031,97.46138763427734
1324,1843914.0,10572.9375,-7619573.964603089,0.0003,1686,59287,353.04,140,237252,0.49249204993247986,95.57864379882812
1328,1796705.125,14369.173828125,-7750247.596494391,0.0003,1688,59353,359.42,140,237516,2.3856637477874756,95.37295532226562
1332,1836351.5,14886.244140625,-7793075.527050048,0.0003,1692,59518,361.43,140,238176,-2.270730972290039,93.09520721435547
1336,1837157.75,15314.57421875,-7557804.7878617,0.0003,1694,59577,350.69,140,238412,0.8707239627838135,93.12194061279297
1340,1820689.5,14577.5869140625,-7150843.921153499,0.0003,1699,59739,334.14,140,239060,-0.28019824624061584,93.38856506347656
1344,1839227.5,12483.80078125,-6701231.7968111895,0.0003,1701,59805,317.7,140,239324,-1.2830605506896973,93.16168975830078
1348,1818013.75,26463.87109375,-6718304.9532826785,0.0003,1702,59866,318.99,140,239568,2.3230268955230713,92.63932037353516
1352,1821237.125,10391.29296875,-6454953.816349289,0.0003,1710,60127,307.97,140,240612,-1.9444247484207153,92.64462280273438
1356,1795240.375,17630.16015625,-6069105.994314879,0.0003,1711,60193,291.01,140,240876,-0.7715984582901001,93.43903350830078
1360,1803278.125,14984.810546875,-5850842.58951515,0.0003,1721,60518,280.28,140,242176,0.6034556031227112,93.49563598632812
1364,1829695.625,14348.28125,-6362497.05039585,0.0003,1726,60692,296.57,140,242872,-0.9419968724250793,94.2840805053711
1368,1785988.125,13723.0126953125,-6240191.8358834395,0.0003,1726,60719,289.0,140,242980,2.342656135559082,94.64167022705078
1372,1834122.0,13950.939453125,-6220715.45163499,0.0003,1727,60752,287.06,140,243112,0.7404752969741821,94.79804229736328
1376,1821328.75,13922.486328125,-6187731.6774805905,0.0003,1729,60799,284.08,140,243300,0.5537580251693726,94.45146942138672
1380,1811225.875,14407.138671875,-6162766.892390388,0.0003,1731,60858,281.45,140,243536,-1.705817461013794,93.65126037597656
1384,1819600.5,12174.126953125,-6168560.060967701,0.0003,1733,60957,280.02,140,243932,0.9012036323547363,93.54927825927734
1388,1844957.75,13532.6650390625,-6114940.62364543,0.0003,1736,61016,274.59,140,244168,-1.0294253826141357,93.14649200439453
1392,1803624.5,13773.2890625,-6127939.167375351,0.0003,1739,61141,270.86,140,244668,3.533297061920166,92.63706970214844
1396,1804253.0,16926.41796875,-6054006.6702018,0.0003,1741,61234,265.08,140,245040,-1.0896742343902588,91.94356536865234
1400,1809897.625,13998.1884765625,-5536510.843176859,0.0003,1744,61320,236.38,140,245384,0.9622300863265991,92.9681167602539
1404,1829617.75,13607.1220703125,-4557591.27826304,0.0003,1746,61370,198.97,140,245584,1.3530704975128174,93.02545166015625
1408,1825812.75,16382.7880859375,-4051576.610496559,0.0003,1748,61458,178.09,140,245936,0.19535964727401733,93.09658813476562
1412,1817064.5,9856.5751953125,-3670419.4995460496,0.0003,1768,62184,160.1,140,248840,-0.23059730231761932,92.02751159667969
1416,1788967.75,16780.076171875,-3826834.0942002195,0.0003,1770,62254,163.97,140,249120,0.12357974052429199,91.74993896484375
1420,1824460.625,9795.96875,-3404729.1245610802,0.0003,1772,62324,144.18,140,249400,-3.033966541290283,92.09358215332031
1424,1799496.25,20342.482421875,-3112155.3873288305,0.0003,1773,62350,128.91,140,249504,-0.4139609932899475,92.33934020996094
1428,1824695.0,16907.48046875,-3077678.585210899,0.0003,1778,62527,126.74,140,250212,0.3484267592430115,93.11509704589844
1432,1830566.375,13645.087890625,-3075129.6914379704,0.0003,1781,62634,126.21,140,250640,0.8054563999176025,93.04244995117188
1436,1811076.25,13705.4375,-3132610.1770282495,0.0003,1786,62782,128.67,140,251232,0.7335164546966553,92.37646484375
1440,1804150.5,9508.7041015625,-3140375.4247027203,0.0003,1789,62915,129.12,140,251764,-0.29936376214027405,92.53910064697266
1444,1819067.25,9636.7412109375,-3284933.84550018,0.0003,1797,63181,134.48,140,252828,-3.1230783462524414,93.20941162109375
1448,1776176.75,12685.2998046875,-3420628.6103462107,0.0003,1803,63378,139.54,140,253616,2.95538330078125,93.48114013671875
1452,1841685.75,9592.5498046875,-3561432.4538452,0.0003,1817,63909,146.58,140,255740,2.7946863174438477,93.78707885742188
1456,1819700.0,9805.669921875,-3778366.6092450996,0.0003,1822,64077,156.59,140,256412,-2.2693004608154297,94.05264282226562
1460,1786342.25,12605.3720703125,-3839394.4973839005,0.0003,1832,64448,158.67,140,257896,1.090267300605774,94.43651580810547
1464,1809679.875,9556.1982421875,-3599520.526821269,0.0003,1843,64834,155.15,140,259440,1.5197888612747192,92.1476058959961
1468,1800952.25,12811.0185546875,-3859444.6837328295,0.0003,1846,64960,168.94,140,259944,-2.900411367416382,91.39524841308594
1472,1789979.25,22982.630859375,-3884481.88091251,0.0003,1850,65072,171.17,140,260392,-0.19372785091400146,91.45523834228516
1476,1809040.25,16114.9755859375,-3959752.15150215,0.0003,1854,65212,176.27,140,260952,0.10044848918914795,92.2440185546875
1480,1791937.5,12490.029296875,-4011521.95083714,0.0003,1858,65346,178.18,140,261488,0.52593594789505,93.31476593017578
1484,1822253.5,15458.095703125,-4076729.5021741004,0.0003,1863,65520,182.54,140,262184,1.0721315145492554,91.98223876953125
1488,1800113.75,9293.513671875,-4199896.7412742395,0.0003,1871,65776,190.29,140,263208,-2.2810325622558594,93.1414794921875
1492,1796287.75,8995.6787109375,-4224784.02606135,0.0003,1875,65945,194.25,140,263884,2.482915163040161,94.47132873535156
1496,1794362.0,9021.423828125,-4245998.099739521,0.0003,1878,66027,195.55,140,264212,-1.558655858039856,93.6844482421875
1500,1767432.375,19012.02734375,-4182775.43035689,0.0003,1880,66098,193.99,140,264496,-1.5942360162734985,93.81525421142578
1504,1801533.0,12221.83203125,-4161743.67128788,0.0003,1884,66240,194.42,140,265064,-0.4443260431289673,92.444580078125
1508,1808474.25,12787.9326171875,-4127612.04068516,0.0003,1887,66344,193.44,140,265480,1.9218401908874512,91.53144836425781
1512,1778483.0,14809.8076171875,-3752086.36760005,0.0003,1889,66422,183.12,140,265792,-1.1640726327896118,91.42122650146484
1516,1784177.5,9408.1201171875,-3311647.6831869893,0.0003,1892,66512,167.36,140,266152,0.5527744293212891,91.01848602294922
1520,1786456.0,22664.556640625,-3382354.0708378106,0.0003,1894,66582,172.36,140,266432,0.3212354779243469,89.79292297363281
1524,1794224.5,11984.7880859375,-3236875.5466174497,0.0003,1896,66636,168.09,140,266648,3.3057665824890137,89.43559265136719
1528,1794884.0,12301.359375,-3145069.6126127304,0.0003,1898,66704,164.56,140,266920,3.7321338653564453,88.54285430908203
1532,1787722.5,11827.9375,-3060068.321304,0.0003,1899,66758,161.56,140,267136,-3.328430652618408,87.98515319824219
1536,1778873.75,14996.98828125,-3046279.10036717,0.0003,1901,66833,162.58,140,267436,-0.7478634119033813,88.53272247314453
1540,1783991.5,22642.904296875,-3003592.25648989,0.0003,1903,66872,160.89,140,267592,-2.7508339881896973,88.8593978881836
1544,1795040.625,9578.5859375,-2809201.3994730003,0.0003,1905,66958,153.59,140,267936,3.4750466346740723,89.47484588623047
1548,1801349.875,12265.728515625,-2725785.63782932,0.0003,1907,67022,152.05,140,268192,0.9666478633880615,89.3612060546875
1552,1773550.25,11624.8447265625,-2396324.67858649,0.0003,1909,67096,138.07,140,268488,-1.547290325164795,89.74134063720703
1556,1760964.125,15150.546875,-2118283.7061203998,0.0003,1911,67137,126.71,140,268652,0.35120144486427307,89.7341537475586
1560,1785326.5,19374.84765625,-1915082.7951381402,0.0003,1912,67187,120.15,140,268852,1.8784867525100708,89.80717468261719
1564,1779248.125,18228.076171875,-1610737.8580527096,0.0003,1914,67238,106.04,140,269056,-3.063884735107422,89.3284912109375
1568,1767525.125,8465.28125,-1356446.9590677002,0.0003,1914,67267,92.55,140,269172,1.7041126489639282,88.94171142578125
1572,1805789.5,18858.173828125,-1326836.95080842,0.0003,1915,67308,90.32,140,269336,0.8520392775535583,88.46401977539062
1576,1771240.75,8571.2802734375,-1254740.16746797,0.0003,1917,67364,85.69,140,269560,-0.399829626083374,87.40095520019531
1580,1767108.875,11804.396484375,-1222515.2711171,0.0003,1919,67426,85.57,140,269808,1.0889513492584229,87.6197738647461
1584,1743932.75,8591.26171875,-1135961.10242062,0.0003,1921,67480,81.18,140,270024,-0.5231250524520874,88.07161712646484
1588,1772271.5,18320.388671875,-1014723.6875089898,0.0003,1921,67506,73.62,140,270128,-3.5832934379577637,88.1761703491211
1592,1765306.75,11950.990234375,-900033.3251463298,0.0003,1922,67529,66.45,140,270220,-1.3223423957824707,88.4231185913086
1596,1761123.625,8690.111328125,-874978.3394351499,0.0003,1923,67571,65.31,140,270388,-1.6512447595596313,88.69078826904297
1600,1782832.25,9050.4384765625,-853477.25765109,0.0003,1924,67606,64.34,140,270528,-0.7641240954399109,88.61056518554688
1604,1789930.875,15354.29296875,-823760.30219104,0.0003,1925,67646,62.89,140,270688,-0.14818328619003296,88.69793701171875
1608,1770615.25,11758.6171875,-816051.2678443799,0.0003,1926,67657,62.63,140,270732,0.07326076924800873,88.81436157226562
1612,1760110.75,18536.408203125,-695205.45024646,0.0003,1926,67682,54.97,140,270832,-1.5853683948516846,88.84249114990234
1616,1799531.375,11751.2177734375,-680412.60433437,0.0003,1927,67705,53.91,140,270924,3.9991869926452637,88.7774887084961
1620,1757203.0,11688.7744140625,-599714.1851929501,0.0003,1927,67715,49.32,140,270964,-0.8676129579544067,88.71143341064453
1624,1771699.5,10901.634765625,-578830.3235330301,0.0003,1928,67732,47.44,140,271032,-2.8068957328796387,88.58631134033203
1628,1769787.875,8577.6591796875,-571684.85450835,0.0003,1928,67747,46.83,140,271092,-1.1898231506347656,88.56126403808594
1632,1775440.75,8556.87109375,-556476.32688421,0.0003,1929,67768,45.57,140,271176,-0.21386611461639404,88.56468200683594
1636,1745701.5,12279.587890625,-459137.93427744997,0.0003,1930,67800,40.12,140,271304,-0.3508680462837219,88.63211059570312
1640,1773080.0,22459.583984375,-446033.57223074004,0.0003,1931,67824,39.46,140,271400,-1.7754154205322266,88.58930969238281
1644,1797197.75,18373.470703125,-433946.4701141901,0.0003,1932,67868,38.85,140,271576,0.47582799196243286,88.68694305419922
1648,1768488.5,22379.232421875,-372635.14402693004,0.0003,1933,67921,34.99,140,271788,1.4270379543304443,88.96051025390625
1652,1784914.5,11839.02734375,-366086.09483275993,0.0003,1934,67947,34.56,140,271892,-2.2876522541046143,89.13790893554688
1656,1778812.125,14869.5234375,-347386.4751989801,0.0003,1935,67992,33.22,140,272072,1.7056636810302734,89.48410034179688
1660,1751063.375,8595.9013671875,-336524.07681246,0.0003,1937,68041,32.34,140,272268,-1.7244528532028198,89.86882781982422
1664,1738674.5,8907.3642578125,-317274.46368812,0.0003,1939,68131,30.71,140,272628,1.863978385925293,90.42156219482422
1668,1782233.75,24519.19921875,-322552.94466485997,0.0003,1941,68179,31.0,140,272820,0.5595759749412537,90.43436431884766
1672,1779425.875,8431.0419921875,-350892.0596702601,0.0003,1942,68215,32.81,140,272964,0.8854677677154541,90.64141082763672
1676,1758237.0,8344.7646484375,-352774.83465172,0.0003,1944,68275,32.98,140,273204,0.48459458351135254,91.13108825683594
1680,1778902.75,14583.740234375,-334632.99908578,0.0003,1946,68371,31.74,140,273588,-0.9843950271606445,90.11101531982422
1684,1761131.75,8675.46484375,-318537.22369237,0.0003,1948,68410,30.53,140,273744,-2.363571882247925,90.44705200195312
1688,1765032.5,11445.892578125,-309842.33322935,0.0003,1949,68451,30.0,140,273908,0.3023584485054016,90.93424224853516
1692,1760049.75,17908.02734375,-334860.91496939,0.0003,1950,68479,31.42,140,274020,0.5509374141693115,90.9233169555664
1696,1754765.0,12019.2529296875,-460534.15235017,0.0003,1951,68511,38.13,140,274148,-0.9561032056808472,90.8962173461914
1700,1768735.5,15170.08203125,-461699.7206578901,0.0003,1951,68527,38.07,140,274212,1.5303956270217896,90.77641296386719
1704,1759572.375,11563.1962890625,-454161.51662891003,0.0003,1953,68582,37.07,140,274432,-0.9927698373794556,90.42147064208984
1708,1794764.125,14876.1494140625,-479034.89907565,0.0003,1955,68663,39.26,140,274756,1.352708339691162,90.88018798828125
1712,1775812.5,13938.048828125,-486355.86010064004,0.0003,1956,68695,40.01,140,274884,-1.0449059009552002,91.1850357055664
1716,1774215.0,20871.615234375,-519351.99330104,0.0003,1957,68727,42.48,140,275012,2.199246644973755,91.20012664794922
1720,1758761.875,15477.224609375,-506552.18345907005,0.0003,1958,68757,41.32,140,275132,-1.4007720947265625,91.07357788085938
1724,1757985.25,18009.4765625,-512926.86497930996,0.0003,1959,68805,42.39,140,275324,-0.9388663172721863,90.75749969482422
1728,1760474.25,8280.478515625,-519223.81222737,0.0003,1962,68893,43.33,140,275676,-1.3193808794021606,91.30481719970703
1732,1752207.5,14323.6376953125,-550496.10556415,0.0003,1963,68928,46.19,140,275816,-3.826801061630249,91.6180419921875
1736,1726818.0,8251.9658203125,-553248.90050021,0.0003,1965,68995,46.62,140,276084,-2.898499011993408,92.61817169189453
1740,1750826.25,16888.703125,-553227.17069182,0.0003,1966,69040,46.62,140,276264,0.7864668369293213,92.89871978759766
1744,1749763.375,11602.0390625,-576526.68499223,0.0003,1969,69165,48.61,140,276764,-0.5084615349769592,94.3902359008789
1748,1741416.125,8162.931640625,-571041.3600536701,0.0003,1971,69206,48.33,140,276928,1.3030372858047485,95.0518798828125
1752,1750498.25,8063.5498046875,-606572.35592268,0.0003,1975,69342,50.89,140,277472,0.9103767275810242,95.4005126953125
1756,1744296.0,11507.072265625,-639477.8459775801,0.0003,1979,69504,53.95,140,278120,-1.3717931509017944,94.45047760009766
1760,1751911.0,11319.8515625,-747528.32455398,0.0003,1980,69540,62.53,140,278264,-0.7682126760482788,94.79618835449219
1764,1751915.75,11612.0703125,-750554.5268948801,0.0003,1982,69581,62.89,140,278428,0.4644385874271393,95.37467956542969
1768,1740616.5,14213.3720703125,-743633.3216195698,0.0003,1983,69626,62.78,140,278608,-3.328279972076416,95.86409759521484
1772,1761311.75,10821.7685546875,-727580.4756519098,0.0003,1984,69663,61.86,140,278756,-0.5744404792785645,96.10208892822266
1776,1722051.5,11304.6474609375,-721169.13137628,0.0003,1985,69707,61.4,140,278932,-0.8927278518676758,96.07766723632812
1780,1753717.25,11069.1220703125,-724133.37002948,0.0003,1987,69756,61.86,140,279128,1.0851173400878906,95.78257751464844
1784,1723768.0,11475.611328125,-728355.18882728,0.0003,1988,69807,62.26,140,279332,2.2839105129241943,95.8160629272461
1788,1743350.5,8164.27685546875,-739813.8579596101,0.0003,1990,69861,63.78,140,279548,-1.2794889211654663,96.44032287597656
1792,1728071.25,8278.791015625,-720685.6742600299,0.0003,1991,69907,63.26,140,279732,-0.6423068046569824,96.62748718261719
1796,1748592.375,13769.8486328125,-598756.41615894,0.0003,1993,69967,56.89,140,279972,-0.19381915032863617,97.92695617675781
1800,1740760.0,13891.6767578125,-644063.0781605201,0.0003,1995,70054,60.21,140,280320,0.03624671697616577,99.2506103515625
1804,1741738.0,7699.21337890625,-660234.56899632,0.0003,1997,70117,62.04,140,280572,1.3800114393234253,99.27300262451172
1808,1726220.75,11269.1328125,-647016.84194921,0.0003,1998,70151,61.0,140,280708,-1.223881721496582,99.39047241210938
1812,1732958.875,9814.2666015625,-661637.23945009,0.0003,2000,70221,62.42,140,280988,0.12461778521537781,99.91191864013672
1816,1742540.0,7710.7080078125,-634927.81334196,0.0003,2001,70245,60.91,140,281084,0.9342347979545593,100.12530517578125
1820,1746739.75,14135.947265625,-635214.1813711901,0.0003,2003,70321,61.11,140,281388,-1.1874988079071045,100.99291229248047
1824,1727271.5,10737.466796875,-641301.3795831001,0.0003,2004,70362,61.58,140,281552,-3.3187007904052734,100.8471450805664
1828,1738286.5,14045.81640625,-649714.5452966801,0.0003,2005,70385,62.17,140,281644,-0.43281012773513794,100.8098373413086
1832,1748581.625,15922.7724609375,-634882.79253635,0.0003,2007,70462,61.04,140,281952,-0.4578056335449219,101.38426971435547
1836,1729678.25,7997.64208984375,-636057.91402013,0.0003,2008,70485,60.88,140,282044,0.9027388095855713,101.50834655761719
1840,1736153.625,13750.83984375,-647266.2061369901,0.0003,2010,70549,61.92,140,282300,0.14791974425315857,102.31580352783203
1844,1742215.375,20830.45703125,-625100.97710153,0.0003,2011,70601,60.19,140,282508,-1.2278861999511719,103.3882827758789
1848,1748141.625,14072.4462890625,-635382.7056596499,0.0003,2013,70657,61.17,140,282732,0.4605855345726013,104.1346435546875
1852,1712579.25,13494.1650390625,-623513.80347605,0.0003,2015,70715,60.8,140,282964,3.2254676818847656,103.90713500976562
1856,1726894.375,19806.2265625,-601955.48871265,0.0003,2016,70757,58.96,140,283132,-0.3110957741737366,103.36318969726562
1860,1734672.0,13449.8974609375,-488911.32930445997,0.0003,2017,70800,50.35,140,283304,-1.8142062425613403,103.46507263183594
1864,1732030.25,10822.89453125,-491574.93818797,0.0003,2018,70833,50.63,140,283436,-2.0756003856658936,103.71387481689453
1868,1709074.5,17351.857421875,-496994.46673130005,0.0003,2020,70895,51.05,140,283684,-1.4258188009262085,105.33427429199219
1872,1740550.125,7569.8017578125,-488516.03069656005,0.0003,2021,70928,50.5,140,283816,-1.2883899211883545,106.10338592529297
1876,1715361.5,13736.1044921875,-486709.93268885004,0.0003,2022,70967,50.28,140,283972,-0.8870797157287598,107.24945831298828
1880,1737682.25,17149.900390625,-480879.41277553,0.0003,2023,71010,49.64,140,284144,0.5238611698150635,107.91476440429688
1884,1711720.0,10714.1435546875,-486863.74939328,0.0003,2025,71051,50.06,140,284308,-2.9966869354248047,107.88162231445312
1888,1724908.875,14512.3408203125,-479944.8282654,0.0003,2026,71095,49.19,140,284484,-0.7903845906257629,108.6999740600586
1892,1737400.25,7607.6201171875,-484496.89944971993,0.0003,2027,71130,49.75,140,284624,-1.5528545379638672,109.45246887207031
1896,1709207.75,13891.919921875,-482827.0678628399,0.0003,2029,71199,49.55,140,284900,1.7884244918823242,110.4957504272461
1900,1696891.375,13617.5380859375,-458082.4167887799,0.0003,2030,71253,48.45,140,285116,0.5328431725502014,110.67662811279297
1904,1707214.75,10570.044921875,-447101.49468679,0.0003,2031,71290,47.51,140,285264,0.28524553775787354,110.986572265625
1908,1699840.625,9865.15234375,-440100.17644241994,0.0003,2032,71339,46.92,140,285460,3.138990879058838,110.86798858642578
1912,1708410.0,12951.470703125,-421156.5009275699,0.0003,2034,71380,45.33,140,285624,-0.4195459485054016,111.12632751464844
1916,1720925.5,10805.3115234375,-437042.04190701,0.0003,2036,71459,46.88,140,285940,0.6400943994522095,112.14037322998047
1920,1718582.25,10229.9609375,-451191.6737200099,0.0003,2038,71516,48.27,140,286168,1.7375785112380981,112.20338439941406
1924,1702525.0,10950.615234375,-444731.1317890399,0.0003,2040,71588,47.58,140,286456,0.9246971607208252,111.86756896972656
1928,1715841.5,13601.701171875,-454565.29804715,0.0003,2042,71669,48.43,140,286780,-2.5566391944885254,111.12601470947266
1932,1710835.25,10519.65234375,-444226.4333258401,0.0003,2044,71747,47.49,140,287092,-1.813614010810852,111.99956512451172
1936,1710701.5,16841.59375,-457245.94715945,0.0003,2048,71867,48.84,140,287572,-1.0732766389846802,112.64892578125
1940,1697645.375,13223.021484375,-563684.5958066899,0.0003,2049,71906,54.39,140,287728,0.4140571355819702,112.87625885009766
1944,1689283.75,10833.9052734375,-561926.76697368,0.0003,2051,71966,54.25,140,287968,-1.1552073955535889,112.89262390136719
1948,1686726.25,14844.302734375,-590052.70330128,0.0003,2054,72061,55.97,140,288348,-3.349731206893921,114.42256164550781
1952,1698216.375,10355.1181640625,-584091.61603568,0.0003,2055,72119,55.77,140,288580,0.9656145572662354,115.57878112792969
1956,1698954.125,7382.1748046875,-578319.6785206299,0.0003,2056,72140,55.28,140,288664,0.06069791316986084,115.6049575805664
1960,1681854.375,10326.0849609375,-580989.2681126599,0.0003,2058,72202,55.53,140,288912,0.11677944660186768,115.63147735595703
1964,1698299.125,7388.31298828125,-594325.72650388,0.0003,2059,72247,56.87,140,289092,-0.6243137121200562,115.82401275634766
1968,1687710.25,11067.3271484375,-585221.52387225,0.0003,2060,72286,56.12,140,289248,-2.2575602531433105,116.18871307373047
1972,1703546.0,11294.33203125,-586521.2599925001,0.0003,2062,72357,56.42,140,289532,-2.1368937492370605,116.43507385253906
1976,1686846.25,13159.9951171875,-594844.06207534,0.0003,2063,72400,57.3,140,289704,0.07654029130935669,116.48876953125
1980,1660056.0,10489.458984375,-600779.04057182,0.0003,2064,72436,57.81,140,289848,1.3192577362060547,116.3245849609375
1984,1672154.125,10733.5908203125,-588365.31683958,0.0003,2066,72483,56.9,140,290036,0.17336630821228027,117.54613494873047
1988,1679688.125,7532.779296875,-599133.19716059,0.0003,2068,72542,58.11,140,290272,-1.8605003356933594,118.89091491699219
1992,1684674.375,13002.20703125,-599500.2604224901,0.0003,2069,72586,58.04,140,290448,-3.0132737159729004,119.68844604492188
1996,1667040.375,9473.4619140625,-602338.33850722,0.0003,2071,72664,58.42,140,290760,-3.131063461303711,120.63868713378906
2000,1682244.0,7695.3740234375,-610926.37095515,0.0003,2073,72729,58.7,140,291020,-3.959500789642334,121.45893859863281
2004,1661432.625,22179.90234375,-617913.4207878702,0.0003,2075,72794,59.34,140,291280,-1.0614850521087646,122.68216705322266
2008,1667564.5,9929.0400390625,-629689.5407181099,0.0003,2076,72831,60.5,140,291428,2.056839942932129,122.66918182373047
2012,1652394.0,7401.65576171875,-633754.40736094,0.0003,2078,72889,60.78,140,291660,-0.6493691802024841,121.8960189819336
2016,1654642.0,7534.658203125,-625537.7288788502,0.0003,2080,72953,60.0,140,291916,-1.6817936897277832,121.81513214111328
2020,1685714.875,18699.04296875,-629182.6059045399,0.0003,2082,73021,60.45,140,292188,0.6929504871368408,121.83895111083984
2024,1680076.125,16466.794921875,-635709.7834397999,0.0003,2082,73044,61.05,140,292280,-0.6849193572998047,121.99317169189453
2028,1675146.25,15062.400390625,-617187.2727466599,0.0003,2084,73110,59.56,140,292544,1.0856693983078003,122.13968658447266
2032,1681307.0,12418.609375,-621414.1170574198,0.0003,2086,73162,60.14,140,292752,1.5861213207244873,122.29802703857422
2036,1681229.75,7190.515625,-618970.64902466,0.0003,2087,73211,59.78,140,292948,1.14811372756958,122.24595642089844
2040,1654419.25,10308.6943359375,-515647.00754385,0.0003,2089,73269,54.56,140,293180,-1.313549518585205,122.40204620361328
2044,1653981.375,7160.1171875,-527917.0173281401,0.0003,2091,73333,55.53,140,293436,-2.999213218688965,122.01342010498047
2048,1645888.125,13031.8349609375,-501641.8694320901,0.0003,2093,73400,54.07,140,293704,1.0231022834777832,122.19712829589844
2052,1640526.5,10229.349609375,-504547.60976007,0.0003,2095,73483,54.36,140,294036,-1.874674677848816,122.29049682617188
2056,1649877.75,16452.56640625,-519268.41501235997,0.0003,2097,73538,55.81,140,294256,0.5478970408439636,122.91094970703125
2060,1685080.625,7050.87255859375,-522305.82129893,0.0003,2098,73583,56.24,140,294436,-1.9310920238494873,123.00809478759766
2064,1648778.75,16718.833984375,-514090.64027058997,0.0003,2100,73641,55.47,140,294668,1.2836120128631592,123.1816635131836
2068,1630626.0,21463.009765625,-518332.60440676997,0.0003,2102,73694,55.98,140,294880,0.8792365789413452,122.38546752929688
2072,1634246.875,7441.017578125,-515059.6760878199,0.0003,2103,73725,55.69,140,295004,1.057435154914856,122.09996795654297
2076,1660854.125,22012.810546875,-508919.55636587,0.0003,2104,73761,54.95,140,295148,0.5347287058830261,121.91838836669922
2080,1611538.5,13587.7919921875,-502549.45122436003,0.0003,2105,73801,54.4,140,295308,-3.5527987480163574,121.68421173095703
2084,1648872.75,12014.6650390625,-513560.237923,0.0003,2107,73887,55.4,140,295652,-1.0476986169815063,122.0711441040039
2088,1633549.875,9326.798828125,-518917.65743042,0.0003,2109,73944,55.76,140,295880,0.6826536059379578,121.92118072509766
2092,1628577.0,13341.4833984375,-525367.92677555,0.0003,2112,74042,56.37,140,296272,1.2812227010726929,122.97577667236328
2096,1626453.0,10449.5751953125,-539904.7690847501,0.0003,2113,74074,57.73,140,296400,-1.5038753747940063,123.30043029785156
2100,1642231.375,7488.5654296875,-514135.28396796004,0.0003,2114,74130,55.79,140,296624,-0.7209615111351013,123.89833068847656
2104,1619004.375,12992.130859375,-518065.81268772,0.0003,2116,74186,56.05,140,296848,1.23276948928833,124.24466705322266
2108,1640436.75,17720.900390625,-519279.92607940006,0.0003,2117,74244,56.07,140,297080,0.6007922291755676,124.16016387939453
2112,1620371.875,7596.57763671875,-525641.5308116,0.0003,2120,74335,56.76,140,297444,-1.6648527383804321,122.57972717285156
2116,1628010.75,10569.4091796875,-535923.2468995301,0.0003,2122,74390,57.77,140,297664,0.3655330240726471,121.72866821289062
2120,1645982.75,12967.3125,-530887.99166128,0.0003,2124,74470,57.39,140,297984,-0.2658037543296814,122.1258773803711
2124,1640215.25,10049.732421875,-537266.11961856,0.0003,2126,74519,58.02,140,298180,-0.5251162052154541,122.13636779785156
2128,1627415.25,7493.34814453125,-538870.4166251201,0.0003,2127,74564,58.38,140,298360,-0.9673678874969482,122.17841339111328
2132,1627642.0,9642.2490234375,-541402.21661695,0.0003,2128,74609,58.75,140,298540,-0.36711299419403076,122.65544128417969
2136,1621831.375,7228.67578125,-532519.30614078,0.0003,2130,74664,57.99,140,298760,-1.6072152853012085,123.78158569335938
2140,1619933.0,10356.1572265625,-531775.2291616302,0.0003,2132,74752,58.38,140,299112,1.2575750350952148,123.80218505859375
2144,1603634.0,20849.552734375,-527147.58089888,0.0003,2134,74808,58.61,140,299336,2.401139974594116,123.40795135498047
2148,1599368.75,10145.7548828125,-525023.31789849,0.0003,2135,74844,58.58,140,299480,-0.006643474102020264,123.2519302368164
2152,1605243.5,7301.75146484375,-522653.7519487001,0.0003,2139,74988,58.41,140,300056,-1.5813859701156616,124.0379638671875
2156,1627809.875,13442.41796875,-536746.87650155,0.0003,2143,75120,60.34,140,300584,-2.364867687225342,125.49140167236328
2160,1605824.375,10609.1142578125,-559411.36238454,0.0003,2143,75141,62.45,140,300668,-0.6823244094848633,125.73590087890625
2164,1587145.625,15958.4111328125,-558792.4544674399,0.0003,2146,75221,62.42,140,300988,-0.13904422521591187,126.43892669677734
2168,1586254.0,18118.009765625,-565276.14084145,0.0003,2148,75289,63.26,140,301260,-0.15952694416046143,125.97901916503906
2172,1587759.5,10563.609375,-577554.0518867499,0.0003,2151,75417,64.92,140,301772,2.066216230392456,124.99923706054688
2176,1592656.25,14662.001953125,-583944.5131545999,0.0003,2152,75454,65.76,140,301920,2.3404958248138428,124.80709838867188
2180,1584968.0,9147.609375,-594978.1605788601,0.0003,2156,75578,67.14,140,302416,-0.7584221363067627,124.85638427734375
2184,1579147.125,10180.9306640625,-636872.3168999699,0.0003,2160,75684,71.09,140,302840,-0.09539178013801575,125.14797973632812
2188,1559808.75,15620.3095703125,-626459.71799765,0.0003,2161,75749,69.97,140,303100,-0.015245199203491211,125.86007690429688
2192,1581182.75,7490.40087890625,-642108.10766804,0.0003,2163,75805,71.66,140,303324,1.987919569015503,126.48613739013672
2196,1588291.875,9942.546875,-634134.47418995,0.0003,2165,75882,71.04,140,303632,0.1068151593208313,126.8052978515625
2200,1581954.5,7657.6455078125,-668120.7098751802,0.0003,2169,76015,74.67,140,304164,-1.3407928943634033,128.5870361328125
2204,1564469.0,14560.9560546875,-673400.37047447,0.0003,2172,76118,75.58,140,304576,0.14285916090011597,129.0388641357422
2208,1603237.0,10148.7197265625,-671212.75674466,0.0003,2174,76179,75.72,140,304820,1.6295377016067505,128.9761199951172
2212,1567560.75,10516.06640625,-678784.1518965401,0.0003,2178,76314,76.74,140,305360,0.34876400232315063,129.43479919433594
2216,1592699.5,10636.95703125,-709022.34648967,0.0003,2180,76391,80.01,140,305668,-2.3580515384674072,130.40008544921875
2220,1578375.625,11420.3935546875,-711326.3138577299,0.0003,2182,76456,80.06,140,305928,-1.779158592224121,130.21498107910156
2224,1562451.875,7296.54443359375,-709140.8124875299,0.0003,2184,76517,79.89,140,306172,0.8848183155059814,129.86607360839844
2228,1562769.25,14950.845703125,-710383.60949243,0.0003,2186,76603,80.04,140,306516,-1.580152988433838,130.05209350585938
2232,1571978.625,7446.94873046875,-752215.40952914,0.0003,2190,76737,84.32,140,307052,-1.1289629936218262,130.07164001464844
2236,1563078.125,21285.673828125,-760383.9019642898,0.0003,2192,76816,85.11,140,307368,-1.5330616235733032,129.06883239746094
2240,1548494.75,9024.40234375,-768277.5280770201,0.0003,2196,76962,85.63,140,307952,-0.3343392014503479,128.53131103515625
2244,1560017.0,12466.134765625,-771088.3740086,0.0003,2199,77048,85.48,140,308296,-0.28457319736480713,130.7028350830078
2248,1546063.0,15065.9345703125,-816319.89427485,0.0003,2203,77190,89.75,140,308864,-0.9535467028617859,131.59735107421875
2252,1558228.75,12989.3720703125,-810032.03192073,0.0003,2207,77320,89.21,140,309384,-0.003693521022796631,133.34884643554688
2256,1545550.0,10081.068359375,-793842.7512200299,0.0003,2209,77404,87.04,140,309720,0.30701255798339844,132.77691650390625
2260,1506381.25,15179.11328125,-883425.63082022,0.0003,2220,77747,95.86,140,311092,2.2781105041503906,130.7239532470703
2264,1515617.75,10344.9775390625,-883090.26342198,0.0003,2224,77861,95.48,140,311548,-2.4316515922546387,131.0163116455078
2268,1525263.5,7618.365234375,-1003442.9656909801,0.0003,2235,78237,106.15,140,313052,-1.9616601467132568,131.15301513671875
2272,1526895.125,12832.8076171875,-1135028.25115752,0.0003,2241,78457,116.78,140,313932,-0.38643503189086914,129.79562377929688
2276,1535815.75,11651.9150390625,-1158823.7951242698,0.0003,2245,78611,119.4,140,314548,-2.3845202922821045,132.71127319335938
2280,1525601.5,12415.943359375,-1182992.1045504203,0.0003,2249,78762,121.65,140,315152,0.01393204927444458,133.62203979492188
2284,1484043.375,9451.9306640625,-1229341.2529057302,0.0003,2253,78862,127.08,140,315552,-0.635460376739502,133.1666259765625
2288,1467100.0,10440.177734375,-1251698.0867045498,0.0003,2255,78947,129.4,140,315892,-1.3744533061981201,133.34205627441406
2292,1475152.0,7706.5498046875,-1249292.1947838,0.0003,2263,79202,129.34,140,316912,1.6198604106903076,129.60784912109375
2296,1468376.5,10333.810546875,-1755412.2466686699,0.0003,2287,80107,162.94,140,320532,-1.281617283821106,129.30606079101562
2300,1443647.125,12560.9541015625,-2105409.69121886,0.0003,2308,80866,184.38,140,323568,-0.4833201766014099,122.59772491455078
2304,1411108.25,10075.9169921875,-2343212.22893001,0.0003,2322,81369,202.45,140,325580,0.6540364623069763,119.53069305419922
2308,1443697.5,19820.662109375,-2455420.2070872798,0.0003,2325,81509,212.92,140,326140,0.6490463614463806,120.36051940917969
2312,1415098.5,22256.630859375,-2468570.3884471804,0.0003,2332,81723,213.65,140,326996,2.0842320919036865,118.94120788574219
2316,1406314.125,10617.5517578125,-2448785.01246659,0.0003,2338,81947,211.31,140,327892,-0.39951765537261963,116.20683288574219
2320,1412591.375,9752.7548828125,-2584601.25842313,0.0003,2342,82064,224.01,140,328360,0.0737420916557312,115.58995819091797
2324,1420658.0,7454.30029296875,-2617497.04681358,0.0003,2348,82274,227.24,140,329200,0.5404259562492371,115.14930725097656
2328,1394979.375,15005.6923828125,-2697104.8467976,0.0003,2356,82543,234.79,140,330276,-0.9866107702255249,112.7651138305664
2332,1389764.25,12031.513671875,-2655136.387896369,0.0003,2359,82666,230.19,140,330768,-0.19679152965545654,113.02162170410156
2336,1379013.0,9205.162109375,-2668186.5949465497,0.0003,2366,82896,231.51,140,331688,2.002981424331665,111.80804443359375
2340,1410663.0,10216.2451171875,-2802734.33150558,0.0003,2368,82979,243.98,140,332020,-0.6369938254356384,111.88597869873047
2344,1404747.75,7068.29052734375,-2804898.5097466703,0.0003,2371,83059,244.0,140,332340,-1.2442229986190796,112.33072662353516
2348,1379413.875,15082.4560546875,-2768890.90064629,0.0003,2373,83138,240.1,140,332656,2.3216638565063477,112.68706512451172
2352,1396787.25,7233.4091796875,-2781277.07353802,0.0003,2375,83209,240.99,140,332940,1.3431400060653687,112.53263092041016
2356,1371765.25,10266.8037109375,-2779396.241307229,0.0003,2378,83313,240.57,140,333356,0.21492528915405273,111.15070343017578
2360,1380288.0,18360.865234375,-2695406.51923781,0.0003,2381,83400,232.06,140,333704,-3.409853219985962,111.19428253173828
2364,1382597.25,9670.36328125,-2720648.80924091,0.0003,2384,83513,234.67,140,334156,2.79058837890625,111.5877685546875
2368,1362086.25,11875.89453125,-2617516.7832187195,0.0003,2387,83614,225.12,140,334560,1.6880412101745605,111.3830337524414
2372,1381271.25,15357.923828125,-2541664.15031709,0.0003,2392,83781,218.42,140,335228,0.045161157846450806,112.99176788330078
2376,1403857.25,7370.732421875,-2531378.38253423,0.0003,2393,83813,217.05,140,335356,-2.095935821533203,113.23075103759766
2380,1365168.875,11378.626953125,-2507714.91098811,0.0003,2396,83932,214.56,140,335832,2.07443904876709,113.19453430175781
2384,1372798.0,14569.7548828125,-2429544.65803388,0.0003,2398,84000,205.92,140,336104,2.1403229236602783,112.5096206665039
2388,1389828.75,12299.275390625,-2432602.48210306,0.0003,2401,84103,205.99,140,336516,-3.221097946166992,112.9712905883789
2392,1355543.875,9588.2548828125,-2424859.21535192,0.0003,2404,84178,204.87,140,336816,-2.379826307296753,112.58990478515625
2396,1360448.0,16531.2109375,-1943545.0376882202,0.0003,2408,84342,173.6,140,337472,-3.5409364700317383,112.8160400390625
2400,1342699.5,8824.9970703125,-1585210.6676359603,0.0003,2411,84453,150.76,140,337916,-0.16876494884490967,112.31188201904297
2404,1370017.0,14234.0546875,-1369454.7333042703,0.0003,2414,84526,134.53,140,338208,1.8275871276855469,112.42086791992188
2408,1362739.75,6824.0107421875,-1263115.37900837,0.0003,2416,84602,124.2,140,338512,1.7822496891021729,112.92831420898438
2412,1365364.0,7080.0712890625,-1247945.2868528601,0.0003,2417,84640,122.85,140,338664,-0.0856466293334961,112.765380859375
2416,1347806.75,9129.1181640625,-1237331.93743921,0.0003,2420,84741,121.71,140,339068,-1.0056731700897217,113.35067749023438
2420,1347145.5,6981.7783203125,-1114973.13963756,0.0003,2422,84799,110.24,140,339300,-0.06089949607849121,113.7244644165039
2424,1386713.0,12686.859375,-1076908.2036700798,0.0003,2424,84886,106.3,140,339648,0.5051710605621338,113.01106262207031
2428,1352869.375,16512.810546875,-1023236.6197156699,0.0003,2426,84958,100.84,140,339936,-1.6935315132141113,112.9241714477539
2432,1342551.75,14164.673828125,-1024751.0943172601,0.0003,2429,85035,100.84,140,340244,-2.1456854343414307,113.57157897949219
2436,1353672.25,9247.873046875,-1014710.1332841698,0.0003,2429,85059,99.62,140,340340,-0.8111145496368408,113.80479431152344
2440,1342935.0,17326.6875,-864856.0250362798,0.0003,2430,85098,85.18,140,340496,-0.9673337340354919,114.11943817138672
2444,1336913.75,9435.4384765625,-855815.3617383898,0.0003,2432,85163,84.15,140,340756,-0.34699547290802,114.89356231689453
2448,1310370.0,8756.9287109375,-852800.3545142602,0.0003,2433,85199,83.83,140,340900,1.420638918876648,114.88276672363281
2452,1349403.0,9783.5546875,-829302.7713495002,0.0003,2435,85266,81.42,140,341168,-0.15510308742523193,114.2923355102539
2456,1325344.25,9963.451171875,-836537.4278358001,0.0003,2436,85286,82.16,140,341248,1.0448658466339111,114.21095275878906
2460,1326550.125,16066.3759765625,-811826.0381797501,0.0003,2439,85370,79.8,140,341584,1.8065810203552246,113.40177154541016
2464,1315775.0,8723.76953125,-786232.11059533,0.0003,2440,85419,77.31,140,341780,-1.2079553604125977,113.00663757324219
2468,1307311.25,8912.9951171875,-761644.69535021,0.0003,2442,85466,74.85,140,341968,0.031985700130462646,113.09294891357422
2472,1339176.25,7095.76611328125,-680059.3914511099,0.0003,2443,85509,67.38,140,342140,1.214582920074463,112.95492553710938
2476,1332002.25,12919.990234375,-671800.79695966,0.0003,2444,85562,66.75,140,342352,2.375189781188965,112.81610107421875
2480,1346034.125,9700.7392578125,-661772.1496833301,0.0003,2445,85592,65.52,140,342472,1.7363735437393188,112.54078674316406
2484,1329950.75,9222.583984375,-675613.62043053,0.0003,2446,85632,66.8,140,342632,0.6634787321090698,112.22393035888672
2488,1338799.0,7165.07470703125,-640406.73939187,0.0003,2447,85659,63.26,140,342740,-1.8822180032730103,112.2903060913086
2492,1332307.25,10364.78125,-638245.0775001799,0.0003,2450,85754,62.98,140,343120,-0.9391378164291382,112.49739074707031
2496,1332770.875,11802.3525390625,-620145.1922082701,0.0003,2452,85815,60.96,140,343364,-0.7011765241622925,112.92233276367188
2500,1332212.75,9128.3623046875,-598893.2908702899,0.0003,2453,85849,58.84,140,343500,-2.748067617416382,113.30842590332031
2504,1343614.0,11133.5263671875,-580776.75808612,0.0003,2454,85906,56.87,140,343728,-1.6945736408233643,113.68677520751953
2508,1355134.875,8718.1923828125,-562221.21553017,0.0003,2455,85938,54.95,140,343856,-3.992619752883911,114.02445983886719
2512,1330809.25,14170.3115234375,-562341.36760296,0.0003,2459,86056,54.82,140,344328,2.235656261444092,115.33686828613281
2516,1320253.0,9295.7998046875,-564219.31146786,0.0003,2461,86115,55.04,139,344564,-0.6740759611129761,115.17830657958984
2520,1348395.0,6752.0986328125,-555861.6098654,0.0003,2461,86137,54.14,139,344652,-0.1975962519645691,114.83358764648438
2524,1291352.75,16332.796875,-555581.53994415,0.0003,2463,86209,54.19,140,344940,2.14800763130188,114.7147216796875
2528,1295764.125,9890.5673828125,-530475.88686502,0.0003,2465,86271,51.7,140,345188,2.893070697784424,115.11219787597656
2532,1342791.625,6876.43603515625,-534191.23856292,0.0003,2466,86297,52.08,140,345292,-1.4474048614501953,115.19061279296875
2536,1328144.75,9699.8017578125,-527958.1024218401,0.0003,2467,86345,51.35,139,345484,-3.454740047454834,115.4150390625
2540,1305981.75,9257.1181640625,-524053.85990347,0.0003,2468,86371,51.03,139,345588,2.486781597137451,115.58808898925781
2544,1302963.25,13383.8623046875,-524825.99270591,0.0003,2469,86406,51.09,139,345728,0.7298569083213806,115.95370483398438
2548,1318873.25,13472.919921875,-531149.9935739699,0.0003,2471,86473,52.03,139,345996,1.1011581420898438,116.76488494873047
2552,1302632.875,10934.330078125,-531196.66888898,0.0003,2473,86528,52.07,139,346216,0.5622208118438721,116.87896728515625
2556,1325173.125,9070.41015625,-523042.5577863201,0.0003,2476,86612,51.36,139,346552,0.2113683819770813,116.0326919555664
2560,1325837.125,6955.34375,-541247.26998411,0.0003,2479,86715,53.2,139,346964,1.4254710674285889,116.06151580810547
2564,1303544.25,10820.876953125,-552310.8808731701,0.0003,2480,86758,54.34,139,347136,1.790036916732788,115.75631713867188
2568,1289896.0,8559.53125,-558119.7353685598,0.0003,2481,86805,55.12,139,347324,1.7461917400360107,115.1351547241211
2572,1324523.375,13063.5947265625,-564163.38795107,0.0003,2484,86886,55.85,139,347648,0.7617928385734558,114.7281265258789
2576,1314944.5,6754.13818359375,-585087.1123070901,0.0003,2485,86944,58.04,139,347880,0.6962504982948303,114.95099639892578
2580,1302830.875,11475.1796875,-586712.13006554,0.0003,2487,87010,58.19,139,348144,-1.8385894298553467,115.58721160888672
2584,1290109.0,11994.1083984375,-562525.33518063,0.0003,2488,87044,55.97,139,348280,-0.817753791809082,116.03987884521484
2588,1316515.625,11509.826171875,-582576.5895578701,0.0003,2491,87119,58.17,139,348580,-1.6208512783050537,117.06336975097656
2592,1312430.375,9923.4677734375,-572173.95750149,0.0003,2491,87150,57.05,139,348704,0.3878466486930847,117.4078369140625
2596,1295785.75,9534.779296875,-558771.0057315,0.0003,2493,87210,55.79,139,348944,1.0771183967590332,117.80559539794922
2600,1307213.25,8758.41015625,-570783.19805473,0.0003,2495,87257,57.08,139,349132,0.2554059624671936,117.69779205322266
2604,1314425.0,6732.86376953125,-552460.73382256,0.0003,2496,87309,55.22,139,349340,-0.6119821667671204,117.4448471069336
2608,1302350.125,17172.01171875,-554594.80731948,0.0003,2498,87366,55.5,139,349568,-2.418748378753662,117.97666931152344
2612,1316296.0,9271.078125,-560870.8281628501,0.0003,2499,87403,56.47,139,349716,-2.173921823501587,118.41023254394531
2616,1293783.75,8386.5830078125,-539299.8469691599,0.0003,2500,87438,54.28,139,349856,-3.2186532020568848,118.73657989501953
2620,1288035.75,6674.771484375,-527967.44233886,0.0003,2502,87501,53.31,139,350108,2.3374223709106445,119.28875732421875
2624,1297936.75,6980.74755859375,-532206.4140907801,0.0003,2504,87542,53.76,139,350272,-0.349723219871521,119.12004852294922
2628,1278123.0,13476.8408203125,-531103.26918176,0.0003,2505,87597,53.74,139,350492,-1.405989408493042,119.34098815917969
2632,1304613.75,11533.0380859375,-532300.70518057,0.0003,2507,87657,54.2,139,350732,1.4317675828933716,119.24774932861328
2636,1277487.25,9320.9013671875,-531528.3140092101,0.0003,2509,87745,54.47,139,351084,0.37105900049209595,118.6755599975586
2640,1296113.25,9118.7822265625,-549619.38517894,0.0003,2511,87796,56.59,139,351288,-2.0532169342041016,118.81758117675781
2644,1293535.0,7047.25244140625,-556550.04097952,0.0003,2512,87842,57.62,139,351472,2.1555991172790527,119.04470825195312
2648,1300206.25,9425.982421875,-537351.72695184,0.0003,2513,87878,55.51,139,351616,1.1844786405563354,119.28716278076172
2652,1285225.25,10977.0556640625,-543536.56402184,0.0003,2515,87939,56.32,139,351860,0.0946645736694336,119.72286987304688
2656,1269262.625,13646.888671875,-535979.08078442,0.0003,2517,88000,55.57,139,352104,1.3786219358444214,120.1344985961914
2660,1297127.25,9212.9970703125,-511014.18368838,0.0003,2518,88044,53.07,139,352280,0.5797215700149536,120.64772033691406
2664,1289602.25,14928.8212890625,-511656.41260568,0.0003,2519,88080,53.33,139,352424,-0.7806903123855591,120.77809143066406
2668,1264483.5,8952.8837890625,-505664.12380597,0.0003,2521,88142,52.9,139,352672,-2.1844539642333984,121.55372619628906
2672,1277122.625,8310.126953125,-507752.96970186994,0.0003,2522,88176,53.26,139,352808,0.8993499279022217,121.6380386352539
2676,1285834.5,13387.01953125,-505494.28012350015,0.0003,2525,88293,53.34,139,353276,-0.2692911624908447,122.37799835205078
2680,1261799.375,14159.1328125,-508203.02082380006,0.0003,2527,88351,53.76,139,353508,-1.198206901550293,122.33733367919922
2684,1275254.0,6802.43017578125,-500456.5984641,0.0003,2528,88375,52.93,139,353604,2.7474188804626465,122.37175750732422
2688,1269449.0,8990.0517578125,-498568.09873721,0.0003,2531,88484,52.99,139,354040,0.1796872615814209,121.48866271972656
2692,1275549.375,6803.58837890625,-525485.1864839899,0.0003,2533,88563,56.69,139,354356,-0.14296671748161316,121.01432800292969
2696,1271670.0,12611.1005859375,-518871.5318525899,0.0003,2535,88621,56.06,139,354588,0.3976178467273712,120.43958282470703
2700,1273577.5,9442.2451171875,-516804.03843707993,0.0003,2537,88673,56.12,139,354796,1.6497166156768799,120.72459411621094
2704,1268283.75,10524.4013671875,-519974.7414052901,0.0003,2538,88725,56.8,139,355004,1.3722034692764282,121.73987579345703
2708,1264190.25,6813.64599609375,-527576.7871575201,0.0003,2540,88777,57.92,139,355212,-1.982849359512329,122.32747650146484
2712,1258139.75,6756.60009765625,-509262.49105545,0.0003,2541,88827,56.08,139,355412,-0.44109445810317993,123.14595031738281
2716,1245468.5,9091.888671875,-523715.49050894,0.0003,2542,88864,57.64,139,355560,0.2660062313079834,123.67610168457031
2720,1231418.125,13801.2490234375,-524021.07682162,0.0003,2544,88934,57.64,139,355840,1.3060240745544434,124.3756103515625
2724,1279964.5,6731.1630859375,-515201.56441397994,0.0003,2545,88971,56.78,139,355988,-2.5752182006835938,124.44525146484375
2728,1270846.875,8464.2783203125,-518258.81481481,0.0003,2547,89015,57.47,139,356164,0.07416462898254395,123.9032974243164
2732,1251775.5,11085.5771484375,-502343.5105005799,0.0003,2548,89063,55.86,139,356356,1.1120736598968506,124.49949645996094
2736,1259935.25,9313.501953125,-500137.86558925995,0.0003,2550,89119,55.43,139,356580,-0.41066479682922363,123.96741485595703
2740,1250761.75,6665.80126953125,-490413.57566810003,0.0003,2551,89159,54.31,139,356740,-0.9993756413459778,123.86318969726562
2744,1239205.875,9384.6689453125,-487849.49517658004,0.0003,2553,89228,54.05,139,357016,-2.956918954849243,124.36837005615234
2748,1257055.875,6835.9716796875,-493566.2566612099,0.0003,2554,89275,54.93,139,357204,-0.7045754790306091,124.4732666015625
2752,1256028.375,11477.8525390625,-502770.23684327997,0.0003,2556,89339,56.06,139,357460,-2.4287967681884766,124.32662200927734
2756,1256693.25,16046.30859375,-508876.83418069,0.0003,2558,89396,56.96,139,357688,-0.3975714445114136,124.82823181152344
2760,1267505.75,13046.4111328125,-510798.27742323006,0.0003,2559,89429,57.29,139,357820,-4.275232315063477,125.3512191772461
2764,1256387.75,8989.7421875,-492437.29493439995,0.0003,2561,89488,55.35,139,358056,-1.2059638500213623,126.45170593261719
2768,1239626.5,9362.5458984375,-490893.01420995995,0.0003,2563,89553,55.34,139,358316,2.072120189666748,126.70550537109375
2772,1251590.5,6779.83154296875,-492017.17195655993,0.0003,2564,89580,55.69,139,358424,0.4549199938774109,126.5875015258789
2776,1249585.5,11641.0146484375,-483886.30543122,0.0003,2565,89631,54.28,139,358628,0.43151167035102844,126.44284057617188
2780,1241056.0,10805.21875,-476055.07427849004,0.0003,2566,89666,53.34,139,358768,-1.5089998245239258,126.78141784667969
2784,1250713.5,10371.130859375,-473781.24226971,0.0003,2567,89699,53.07,139,358900,-2.5987915992736816,126.91768646240234
2788,1256293.75,8894.84765625,-464460.35805483005,0.0003,2568,89729,52.15,139,359020,0.42542219161987305,126.97005462646484
2792,1221136.875,14595.0556640625,-432394.03879391996,0.0003,2569,89767,48.41,139,359172,3.5593342781066895,127.10010528564453
2796,1246561.875,11044.74609375,-434087.50577645004,0.0003,2570,89819,48.58,139,359380,0.00805710256099701,127.69336700439453
2800,1231887.75,10713.953125,-424291.5141158399,0.0003,2571,89857,47.35,139,359532,-0.05057913064956665,127.86518859863281
2804,1244464.0,13439.814453125,-420948.63889898005,0.0003,2573,89903,47.78,139,359716,0.8910263776779175,127.97260284423828
2808,1228234.625,8917.5341796875,-414931.36458713,0.0003,2574,89936,46.78,139,359848,0.6806888580322266,127.88397216796875
2812,1260144.75,6803.34765625,-413983.84408902,0.0003,2575,89965,46.52,139,359964,1.6993935108184814,127.9959716796875
2816,1257452.25,6790.29736328125,-399771.90275328,0.0003,2577,90029,45.26,139,360220,-0.2636156678199768,127.48529815673828
2820,1234290.5,13440.412109375,-399850.46266912,0.0003,2577,90045,45.17,139,360284,-1.084229588508606,127.30512237548828
2824,1230881.25,6725.8759765625,-396462.08796286,0.0003,2578,90079,44.65,139,360420,-0.6116482019424438,127.18037414550781
2828,1212962.5,9456.9814453125,-390799.64202372,0.0003,2579,90108,43.81,139,360536,-1.2545948028564453,127.3001480102539
2832,1234045.25,10756.7099609375,-393312.09472924,0.0003,2581,90178,44.03,139,360816,-0.4845942556858063,128.2037811279297
2836,1220536.25,14742.541015625,-398631.41606534005,0.0003,2583,90229,44.6,139,361020,0.3084139823913574,128.2993621826172
2840,1222505.25,6819.35400390625,-397285.40771854005,0.0003,2584,90277,44.86,139,361212,0.30703356862068176,128.34304809570312
2844,1253407.5,11363.2421875,-391621.54447821,0.0003,2586,90332,44.48,139,361432,0.33322447538375854,129.16659545898438
2848,1245961.75,8820.8447265625,-386599.18075806997,0.0003,2586,90359,44.02,139,361540,-2.8889193534851074,129.34490966796875
2852,1238444.375,6965.07763671875,-374392.77075201,0.0003,2589,90429,42.91,139,361820,-1.1703487634658813,128.69210815429688
2856,1220533.875,18906.73828125,-365318.02551418997,0.0003,2590,90467,42.17,139,361972,-0.7822633981704712,128.31398010253906
2860,1227905.75,12290.1416015625,-366617.6416329501,0.0003,2591,90489,42.45,139,362060,0.5374063849449158,128.22994995117188
2864,1203424.75,8838.5595703125,-367986.2605316801,0.0003,2592,90532,42.59,139,362232,2.700881004333496,127.98090362548828
2868,1222502.875,10958.8740234375,-367660.61591615,0.0003,2593,90568,42.04,139,362376,0.46080851554870605,128.030517578125
2872,1238086.125,8950.826171875,-349049.5604789,0.0003,2594,90593,39.74,139,362476,-0.27511680126190186,127.8243408203125
2876,1206000.875,11304.2421875,-348610.36453382997,0.0003,2595,90638,40.06,139,362656,1.3364936113357544,127.86500549316406
2880,1196569.25,8845.33203125,-351497.48014064995,0.0003,2595,90655,40.62,139,362724,-0.8477726578712463,127.98596954345703
2884,1234841.5,12273.8486328125,-352295.66863577,0.0003,2597,90710,40.69,139,362944,1.156526803970337,128.4878692626953
2888,1210179.5,8975.775390625,-345136.61535816,0.0003,2598,90762,39.58,139,363152,1.6281592845916748,129.25039672851562
2892,1217584.5,13785.82421875,-345677.09472642996,0.0003,2600,90802,39.3,139,363312,-0.4081352949142456,129.10853576660156
2896,1238652.375,9406.2158203125,-354517.41059297003,0.0003,2600,90825,40.67,139,363404,1.462951898574829,128.81625366210938
2900,1240059.625,12215.1572265625,-353370.9681614201,0.0003,2602,90863,40.58,139,363556,1.3489716053009033,128.90553283691406
2904,1221879.75,7072.41064453125,-350045.33783309,0.0003,2603,90909,39.16,139,363740,-0.3677464723587036,129.30747985839844
2908,1199007.5,18589.87890625,-356419.03944086,0.0003,2604,90943,40.33,139,363876,-1.001291275024414,129.88037109375
2912,1208495.0,9567.5986328125,-357293.62476629997,0.0003,2605,90973,40.53,139,363996,0.8374499082565308,130.26504516601562
2916,1200961.5,12526.8447265625,-356961.96860649996,0.0003,2606,91009,40.21,139,364140,-0.13409149646759033,130.60482788085938
2920,1203442.125,12794.5693359375,-349735.53344292997,0.0003,2607,91066,39.89,139,364368,0.634482204914093,131.11524963378906
2924,1204965.5,13603.7158203125,-352834.85096799,0.0003,2610,91138,40.99,139,364656,-0.767749547958374,131.09437561035156
2928,1212655.75,10660.126953125,-354790.37312365003,0.0003,2610,91170,41.39,139,364784,-1.3559973239898682,131.5359344482422
2932,1200533.25,13380.2265625,-356923.72128183,0.0003,2612,91205,41.89,139,364924,-1.5071192979812622,131.8763885498047
2936,1185988.875,10002.224609375,-348986.52046203,0.0003,2612,91229,41.01,139,365020,1.462148666381836,131.82772827148438
2940,1215678.25,15829.2333984375,-341197.28386798,0.0003,2614,91264,39.86,139,365160,-0.16037344932556152,131.68296813964844
2944,1198475.75,11329.70703125,-336886.9932892,0.0003,2614,91283,38.96,139,365236,1.9753212928771973,131.5236358642578
2948,1216986.125,13230.3466796875,-339666.2585150799,0.0003,2616,91357,39.34,139,365532,-0.40521907806396484,130.31231689453125
2952,1190247.0,16080.76171875,-348722.54897802003,0.0003,2618,91415,40.1,139,365764,-0.7154567837715149,129.21206665039062
2956,1170381.75,6852.85302734375,-345869.1150771801,0.0003,2619,91472,39.95,139,365992,-0.654556393623352,129.84817504882812
2960,1194901.875,6781.3564453125,-345871.27499407,0.0003,2621,91504,40.36,139,366120,-1.8892579078674316,130.77439880371094
2964,1197693.5,11484.2265625,-349895.47127681004,0.0003,2622,91550,40.92,139,366304,1.6185286045074463,131.72378540039062
2968,1216427.0,7987.23681640625,-357134.54329859995,0.0003,2625,91642,42.35,139,366672,-1.4627470970153809,131.61849975585938
2972,1182602.25,12338.6455078125,-373393.42057159,0.0003,2626,91705,44.53,139,366924,-0.2455805540084839,131.42489624023438
2976,1186000.375,13640.900390625,-368086.38731159,0.0003,2627,91726,43.92,139,367008,-0.2948508560657501,131.233154296875
2980,1172953.5,9027.9140625,-366100.39283217007,0.0003,2629,91798,43.74,139,367296,-1.1183130741119385,131.83917236328125
2984,1177286.5,6753.587890625,-375523.21863773995,0.0003,2632,91891,45.78,139,367668,-2.272203207015991,132.2182159423828
2988,1200708.0,12710.1884765625,-382520.90361787,0.0003,2633,91923,46.98,139,367796,0.7914311289787292,132.3961944580078
2992,1190404.25,6641.515625,-377398.5935414,0.0003,2634,91962,46.4,139,367952,-0.49532780051231384,132.3240509033203
2996,1192958.75,11443.9326171875,-380329.44603341003,0.0003,2636,92031,46.64,139,368228,-0.7540444135665894,131.99893188476562
3000,1212693.75,6682.30126953125,-384548.1921941701,0.0003,2637,92062,48.26,139,368352,-2.0639901161193848,131.70852661132812
3004,1184943.0,12689.5673828125,-383903.82357302995,0.0003,2638,92095,48.53,139,368484,-2.085202217102051,131.91790771484375
3008,1180492.0,16855.8203125,-374569.51621569,0.0003,2640,92150,47.46,139,368704,0.4086472988128662,132.71463012695312
3012,1180735.625,9397.2890625,-381588.81695343,0.0003,2641,92210,49.0,139,368944,-0.04732239246368408,133.04214477539062
3016,1198098.75,10335.404296875,-383300.48379479995,0.0003,2643,92257,49.62,139,369132,2.348820447921753,133.31700134277344
3020,1182366.625,10329.0888671875,-384979.28543613,0.0003,2644,92304,50.02,139,369320,0.07040810585021973,132.98931884765625
3024,1190583.375,9074.7490234375,-381597.52864735,0.0003,2646,92351,49.17,139,369508,0.19662153720855713,132.52896118164062
3028,1201411.25,8685.0927734375,-383166.8621632901,0.0003,2647,92389,49.32,139,369660,-1.3622058629989624,132.5419921875
3032,1182885.0,6950.61181640625,-376959.7149022101,0.0003,2648,92433,48.25,139,369836,0.2540743350982666,132.61392211914062
3036,1182097.625,10666.2119140625,-377939.71495943994,0.0003,2649,92456,48.75,139,369928,0.647637665271759,132.72836303710938
3040,1176765.5,11628.607421875,-384524.18566152005,0.0003,2650,92500,49.84,139,370104,1.6858296394348145,132.29844665527344
3044,1176962.25,14282.4033203125,-383813.19042795,0.0003,2651,92529,49.89,139,370220,-1.2635022401809692,132.1366729736328
3048,1164143.875,12077.603515625,-377491.46606149,0.0003,2652,92555,48.84,139,370324,0.42835110425949097,132.067626953125
3052,1154641.0,6859.39599609375,-372319.5157627601,0.0003,2653,92625,48.93,139,370604,-0.370055615901947,131.40573120117188
3056,1162588.0,6867.0361328125,-379427.50377297,0.0003,2655,92682,49.61,139,370832,3.2920117378234863,130.98226928710938
3060,1182037.5,12007.8994140625,-376218.40397712006,0.0003,2657,92745,48.86,139,371084,-0.8645511865615845,130.77134704589844
3064,1180987.25,13486.701171875,-376663.42751101,0.0003,2658,92788,49.61,139,371256,-0.05636078119277954,131.5364990234375
3068,1179515.75,10353.453125,-367058.38193315995,0.0003,2659,92828,48.1,139,371416,1.6425501108169556,132.17221069335938
3072,1163250.0,8441.6044921875,-354482.32963783,0.0003,2661,92878,46.82,139,371616,-0.4271954596042633,132.53135681152344
3076,1175234.25,9374.4296875,-358865.54000431,0.0003,2662,92918,47.48,139,371776,-0.35403797030448914,132.70065307617188
3080,1167806.625,11656.8154296875,-363993.38635633,0.0003,2663,92969,48.09,139,371980,-1.4216837882995605,133.5469512939453
3084,1184838.375,9263.587890625,-355080.10301957006,0.0003,2665,93010,46.55,139,372144,2.189474105834961,134.3645477294922
3088,1159572.375,12522.7470703125,-348559.18812729,0.0003,2666,93050,46.05,139,372304,-2.059436798095703,135.24136352539062
3092,1151208.0,15921.0302734375,-356501.49034740985,0.0003,2668,93100,47.71,139,372504,-0.18334926664829254,135.71075439453125
3096,1143103.0,11097.376953125,-337993.0428000199,0.0003,2668,93126,45.36,139,372608,-0.050525963306427,135.7629852294922
3100,1172646.75,8649.2626953125,-331370.88272055,0.0003,2670,93177,43.66,139,372812,0.7253898978233337,135.05892944335938
3104,1163206.625,6730.68017578125,-338677.42494456,0.0003,2671,93231,44.38,139,373028,0.16199946403503418,133.9895477294922
3108,1151834.125,10287.3779296875,-344031.9591546001,0.0003,2672,93261,45.27,139,373148,1.990436315536499,133.5325469970703
3112,1149587.0,11408.318359375,-342863.17736675,0.0003,2674,93335,44.13,139,373444,3.267385482788086,133.1316375732422
3116,1158526.75,9598.607421875,-350427.2227392,0.0003,2676,93377,44.89,139,373612,0.8512529134750366,132.88421630859375
3120,1156069.75,12468.009765625,-349598.8412589099,0.0003,2677,93427,44.61,139,373812,-0.9448366165161133,133.36245727539062
3124,1138174.375,20575.4609375,-362506.86265224003,0.0003,2679,93492,46.21,139,374072,-0.963742733001709,134.00534057617188
3128,1146119.875,11212.17578125,-358357.33055271,0.0003,2680,93532,45.89,139,374232,-0.5361027717590332,133.9082489013672
3132,1161166.125,8880.830078125,-359734.30863239,0.0003,2681,93577,46.04,139,374412,0.25875675678253174,134.03076171875
3136,1174672.625,8674.6806640625,-373194.08703034004,0.0003,2684,93667,47.77,139,374772,-1.021470069885254,134.10946655273438
3140,1134100.25,8788.568359375,-373043.76272733003,0.0003,2685,93714,47.79,139,374960,-0.7622973322868347,133.56394958496094
3144,1171091.75,8231.078125,-377513.1011347,0.0003,2687,93767,48.84,139,375172,1.2344584465026855,133.56414794921875
3148,1151635.125,8355.271484375,-384624.3467932101,0.0003,2689,93824,50.18,139,375400,-0.7303256988525391,133.32997131347656
3152,1134663.25,8284.5205078125,-394163.5791342,0.0003,2691,93882,50.64,139,375632,-1.3733344078063965,133.80184936523438
3156,1133839.25,9082.298828125,-389574.1057559401,0.0003,2693,93971,50.01,139,375988,-2.202705144882202,134.61131286621094
3160,1153349.5,12834.91015625,-391344.62560262,0.0003,2695,94026,50.7,139,376208,0.6532571911811829,134.7437286376953
3164,1138232.75,12849.0244140625,-401952.07293535,0.0003,2697,94094,51.57,139,376480,1.5892016887664795,134.46920776367188
3168,1144701.0,16056.46484375,-409179.69365587994,0.0003,2699,94156,52.48,139,376728,-1.9801421165466309,134.0614471435547
3172,1104561.25,11984.3779296875,-419967.26904021,0.0003,2700,94209,53.72,139,376940,0.8911396861076355,134.00393676757812
3176,1137884.875,8922.1064453125,-413339.20059875,0.0003,2701,94244,52.72,139,377080,1.2268259525299072,133.71963500976562
3180,1122640.875,12086.349609375,-410459.9322117,0.0003,2703,94273,52.57,139,377196,-2.3180994987487793,133.4053955078125
3184,1145532.75,12806.4365234375,-408643.09105926997,0.0003,2704,94308,52.08,139,377336,0.08318737149238586,133.25306701660156
3188,1116533.75,12084.400390625,-412035.80961904995,0.0003,2705,94356,52.2,139,377528,1.8890349864959717,133.39198303222656
3192,1148370.5,13053.7060546875,-408472.8847486101,0.0003,2706,94392,51.25,139,377672,-3.3836233615875244,133.64898681640625
3196,1119103.0,11321.0712890625,-415415.00025650003,0.0003,2707,94436,52.32,139,377848,1.9338743686676025,133.93359375
3200,1132022.5,10684.1337890625,-415679.46771949006,0.0003,2709,94485,52.6,139,378044,-1.8634324073791504,133.83636474609375
3204,1121372.375,6763.38330078125,-415044.7204901499,0.0003,2711,94537,53.01,139,378252,-1.058246374130249,133.38662719726562
3208,1128776.625,14278.91796875,-410100.04487522005,0.0003,2712,94586,52.21,139,378448,0.22496265172958374,133.224853515625
3212,1122292.75,11523.431640625,-410234.8951233099,0.0003,2713,94622,52.67,139,378592,1.9418290853500366,132.67984008789062
3216,1108259.875,8138.3203125,-403630.80119529,0.0003,2715,94683,51.85,139,378836,0.1418483853340149,131.85507202148438
3220,1119090.5,15989.1552734375,-410568.8265991099,0.0003,2716,94741,52.8,139,379068,0.2836152911186218,131.25405883789062
3224,1127296.75,8618.333984375,-404785.59012232,0.0003,2719,94818,52.15,139,379376,-0.10717365145683289,130.49215698242188
3228,1154612.0,8778.4345703125,-411527.23822288995,0.0003,2720,94871,53.45,139,379588,1.4681882858276367,129.95687866210938
3232,1130502.25,12870.1943359375,-411880.47989747993,0.0003,2722,94938,54.01,139,379856,-1.1812400817871094,130.69615173339844
3236,1145476.875,10548.6484375,-398628.25252899004,0.0003,2725,95008,52.08,139,380136,0.07983236759901047,131.75425720214844
3240,1117041.5,10565.111328125,-423042.60416392004,0.0003,2726,95077,54.59,139,380412,1.9982447624206543,132.07833862304688
3244,1116549.875,7130.84521484375,-423106.70390728,0.0003,2727,95095,54.25,139,380484,-0.3923206925392151,132.0231170654297
3248,1133556.875,7979.412109375,-416862.00747445005,0.0003,2728,95133,53.07,139,380636,-1.7047158479690552,131.955322265625
3252,1114661.625,14436.3720703125,-400714.68049773,0.0003,2730,95190,51.27,139,380864,1.020150899887085,132.109130859375
3256,1118377.0,15419.2802734375,-402609.51002863003,0.0003,2732,95243,51.73,139,381076,-0.47149306535720825,132.15997314453125
3260,1134517.0,8506.98046875,-400483.42671823,0.0003,2733,95284,51.18,139,381240,-0.2967875599861145,132.17189025878906
3264,1112890.75,14718.75,-395127.73201009,0.0003,2735,95384,50.12,139,381640,0.9954800605773926,131.61468505859375
3268,1120023.0,9047.0263671875,-401458.17620735,0.0003,2737,95430,50.91,139,381824,0.485010027885437,130.91090393066406
3272,1124033.75,8952.1220703125,-399074.39159313,0.0003,2739,95508,50.5,139,382136,0.9609610438346863,130.85423278808594
3276,1100996.0,9438.22265625,-423061.12122981995,0.0003,2742,95592,53.28,139,382472,0.8227338790893555,130.78082275390625
3280,1109771.625,6915.3330078125,-424914.23193856,0.0003,2743,95647,53.64,139,382692,0.20052626729011536,130.7294464111328
3284,1115604.5,11141.0947265625,-427432.55221309996,0.0003,2745,95702,54.14,139,382912,0.018514692783355713,130.2556610107422
3288,1099862.75,7904.57861328125,-447219.78055066004,0.0003,2749,95841,57.21,139,383468,-0.6181244850158691,130.99302673339844
3292,1105617.875,8711.0537109375,-450786.10205590003,0.0003,2750,95884,58.18,139,383640,2.1127097606658936,131.37208557128906
3296,1102105.75,10524.451171875,-444691.4926608701,0.0003,2752,95927,57.4,139,383812,-2.269491195678711,131.5668487548828
3300,1094839.5,11755.9462890625,-449603.64799209,0.0003,2754,96018,58.17,139,384176,-1.3541465997695923,132.6688232421875
3304,1106823.5,14455.61328125,-484480.76192005,0.0003,2756,96072,61.75,139,384392,-2.017932653427124,133.1301727294922
3308,1115989.75,8361.00390625,-485445.36520714,0.0003,2757,96107,61.54,139,384532,-0.6535811424255371,133.41729736328125
3312,1071542.0,13083.8681640625,-478510.4112912699,0.0003,2759,96156,60.57,139,384728,-0.29592567682266235,133.4663543701172
3316,1060688.75,14081.9794921875,-474032.28618619,0.0003,2760,96197,59.7,139,384892,-1.158815860748291,133.4946746826172
3320,1090275.25,9316.0615234375,-468484.63173155993,0.0003,2761,96226,59.34,139,385008,0.08010727167129517,133.62567138671875
3324,1095427.75,10535.3466796875,-479242.64334325993,0.0003,2764,96328,60.97,139,385416,0.8435868620872498,133.12876892089844
3328,1084907.0,11496.81640625,-485661.61006467,0.0003,2765,96389,60.9,139,385660,1.78030264377594,132.8329620361328
3332,1083838.125,15112.4384765625,-487400.95006982,0.0003,2766,96425,60.58,139,385804,0.9887176156044006,132.65826416015625
3336,1106955.75,10235.7744140625,-483970.12319742003,0.0003,2768,96462,60.11,139,385952,-0.74573814868927,132.55955505371094
3340,1098803.75,9957.6728515625,-463892.62466778996,0.0003,2771,96588,58.39,139,386456,2.4590651988983154,132.0699005126953
3344,1104804.25,13409.517578125,-479064.73686615005,0.0003,2772,96614,60.45,139,386560,-1.0897713899612427,131.62974548339844
3348,1062658.625,9989.0751953125,-482715.09168455,0.0003,2773,96656,60.66,139,386728,-0.44806230068206787,131.39901733398438
3352,1066804.25,8179.75341796875,-486697.42575328005,0.0003,2776,96742,61.14,139,387072,0.3722043037414551,131.25230407714844
3356,1095682.0,9585.560546875,-499428.25929674006,0.0003,2777,96772,61.86,139,387192,1.166353702545166,131.34609985351562
3360,1077518.875,9278.943359375,-503619.93887048005,0.0003,2778,96838,62.15,139,387456,0.598075807094574,131.09048461914062
3364,1088210.0,6907.8671875,-496214.53963124,0.0003,2779,96864,61.25,139,387560,-0.6592255234718323,130.79286193847656
3368,1078503.625,10882.673828125,-483797.3077804401,0.0003,2782,96945,59.76,139,387884,0.3047637939453125,130.40232849121094
3372,1074101.25,10908.14453125,-490747.30815950007,0.0003,2783,96976,60.51,139,388008,-0.41811108589172363,130.15992736816406
3376,1083440.0,11820.791015625,-479350.20583423006,0.0003,2785,97058,59.48,139,388336,-2.031891345977783,129.60000610351562
3380,1085883.75,11452.416015625,-473453.49711429,0.0003,2786,97110,58.38,139,388544,1.205769658088684,129.0989990234375
3384,1067383.0,9192.4404296875,-474844.05103802006,0.0003,2787,97138,58.4,139,388656,0.18873949348926544,129.00201416015625
3388,1055335.5,8221.85546875,-459027.49058737,0.0003,2788,97175,55.79,139,388804,0.7294447422027588,129.0463104248047
3392,1073155.625,9871.35546875,-454927.98041799,0.0003,2790,97228,54.57,139,389016,-0.6703910231590271,129.19285583496094
3396,1061668.25,13670.99609375,-455046.53141497006,0.0003,2792,97294,54.54,139,389280,-1.114758014678955,129.4962921142578
3400,1049554.375,8028.318359375,-461793.4921085899,0.0003,2795,97393,54.77,139,389676,0.7046117186546326,129.04551696777344
3404,1078529.75,7231.6533203125,-457163.84621307,0.0003,2796,97429,54.02,139,389820,-1.5744719505310059,129.09019470214844
3408,1062346.5,9405.8173828125,-467604.25564824,0.0003,2798,97503,55.31,139,390116,0.4125894010066986,129.88253784179688
3412,1061216.75,9269.7939453125,-474073.60062267,0.0003,2799,97554,56.06,139,390320,-0.19264644384384155,130.41619873046875
3416,1074200.125,9868.97265625,-487727.65082286997,0.0003,2801,97620,57.55,139,390584,0.2741587162017822,130.6202850341797
3420,1057340.75,12571.478515625,-482573.55109250994,0.0003,2802,97652,56.52,139,390712,0.233487069606781,130.8639678955078
3424,1071221.25,8125.4697265625,-464286.91139987996,0.0003,2804,97719,53.78,139,390980,-0.23533162474632263,131.3028106689453
3428,1067384.75,11619.923828125,-471918.84278606006,0.0003,2805,97761,54.58,139,391148,-2.1917953491210938,130.92588806152344
3432,1030856.875,10724.8017578125,-465549.61800149997,0.0003,2807,97830,54.03,139,391424,1.0427323579788208,130.44113159179688
3436,1072429.25,9367.4580078125,-489914.90509759,0.0003,2809,97898,56.94,139,391696,1.3785552978515625,130.33338928222656
3440,1074324.0,12630.2939453125,-491857.88575299,0.0003,2811,97958,56.71,139,391936,-1.4588901996612549,130.48704528808594
3444,1051099.25,11600.6494140625,-485824.9279979,0.0003,2813,98018,55.41,139,392176,2.258916139602661,129.7621307373047
3448,1062031.125,13505.6962890625,-481250.48374748,0.0003,2813,98045,55.06,139,392284,2.3045318126678467,129.64332580566406
3452,1073361.75,8196.8544921875,-484067.26630216005,0.0003,2814,98078,55.22,139,392416,-1.7940877676010132,129.40493774414062
3456,1053839.0,9344.322265625,-470199.77039566,0.0003,2816,98138,53.97,139,392656,-1.3591201305389404,129.3159942626953
3460,1057961.125,6765.0234375,-461520.51826615003,0.0003,2819,98217,52.86,139,392972,0.6380746364593506,129.5773162841797
3464,1065400.0,8108.16455078125,-479673.22259731,0.0003,2821,98272,55.15,139,393192,-1.0757746696472168,130.13677978515625
3468,1042139.5,11770.294921875,-490177.44916793006,0.0003,2825,98395,56.47,139,393684,1.3479135036468506,130.9466094970703
3472,1058383.625,9049.8974609375,-495150.60218176997,0.0003,2826,98449,57.08,139,393900,-1.5866938829421997,130.92645263671875
3476,1055945.125,15059.7060546875,-516237.93852889,0.0003,2830,98562,58.94,139,394352,1.9710321426391602,130.2913818359375
3480,1056439.5,9730.6806640625,-546818.63758499,0.0003,2833,98663,62.2,139,394756,-0.6370847225189209,129.8206787109375
3484,1049435.5,12303.3046875,-553306.14333129,0.0003,2834,98709,62.95,139,394940,1.8587260246276855,129.8031005859375
3488,1033714.1875,12993.494140625,-558567.40251375,0.0003,2836,98758,63.27,139,395136,1.3736426830291748,129.6106414794922
3492,1026036.625,10988.5849609375,-556799.7808938499,0.0003,2837,98786,63.13,139,395248,1.729203701019287,129.37716674804688
3496,1037278.25,12535.2802734375,-561482.13264093,0.0003,2838,98848,63.52,139,395496,-0.415455162525177,129.6665802001953
3500,1022584.75,11165.2177734375,-576038.3335723301,0.0003,2843,98999,65.09,139,396100,2.009655475616455,130.5439910888672
3504,1073485.5,6953.90185546875,-541577.47726164,0.0003,2845,99064,61.16,139,396360,1.8457376956939697,130.71678161621094
3508,1043786.6875,15230.591796875,-579586.58821601,0.0003,2847,99132,64.82,139,396632,-1.9225502014160156,129.59512329101562
3512,1036414.6875,13037.7392578125,-575396.05737095,0.0003,2849,99199,64.23,139,396900,1.6960744857788086,129.82582092285156
3516,1046837.75,16931.681640625,-574904.40476876,0.0003,2850,99240,64.04,139,397064,0.6723347902297974,129.82223510742188
3520,1033746.25,9325.0849609375,-597184.2761126,0.0003,2853,99329,66.34,139,397420,-0.5063750743865967,130.26927185058594
3524,1035263.5,11207.5751953125,-622125.49372068,0.0003,2854,99370,69.0,139,397584,-1.1588318347930908,130.6993408203125
3528,1033619.3125,12471.0703125,-601036.18905491,0.0003,2856,99428,66.66,139,397816,2.40445876121521,130.70619201660156
3532,1022125.375,10616.830078125,-599767.15766016,0.0003,2857,99472,66.34,139,397992,2.9730095863342285,130.16526794433594
3536,1032651.625,8594.6923828125,-619815.1010140401,0.0003,2863,99660,68.13,139,398744,1.8522977828979492,128.718017578125
3540,1039397.75,9937.4716796875,-626785.84436386,0.0003,2865,99739,68.61,139,399060,1.5015015602111816,128.85133361816406
3544,1014650.9375,11370.94140625,-619494.95735928,0.0003,2866,99780,67.93,139,399224,-0.7763848900794983,129.07838439941406
3548,1025698.0625,12987.3984375,-636701.8959495,0.0003,2871,99929,69.61,139,399820,1.2181991338729858,128.8969268798828
3552,1040427.625,21756.162109375,-681384.6384020799,0.0003,2873,100009,74.3,139,400140,-0.5706993341445923,128.4271697998047
3556,1037847.125,9346.224609375,-716801.71098766,0.0003,2876,100117,77.67,139,400572,-0.9749877452850342,127.53339385986328
3560,1009976.3125,7344.173828125,-768456.25123026,0.0003,2882,100307,83.27,139,401332,0.4201972484588623,127.13956451416016
3564,1024713.75,10822.83984375,-815259.0001545,0.0003,2887,100500,88.54,139,402104,0.29522705078125,126.22169494628906
3568,1022006.5,8449.73828125,-817427.7376186,0.0003,2892,100653,88.7,139,402716,2.2515299320220947,125.66056060791016
3572,1014784.5625,9632.2353515625,-873427.69888017,0.0003,2896,100807,94.11,139,403332,0.2244846224784851,124.95579528808594
3576,1003749.5,9758.69921875,-864583.8937180501,0.0003,2904,101063,93.46,139,404356,0.5627322196960449,124.22843170166016
3580,1017232.1875,7086.7177734375,-891334.4992296201,0.0003,2909,101235,96.91,139,405044,0.5629502534866333,123.78365325927734
3584,1012768.25,11322.2041015625,-944761.8024452501,0.0003,2910,101290,103.41,139,405264,0.5350506901741028,123.2597427368164
3588,993973.125,9323.3427734375,-948792.07885667,0.0003,2914,101412,104.56,139,405752,3.1426210403442383,122.7506332397461
3592,978630.0,11256.923828125,-962143.14093538,0.0003,2915,101461,106.61,139,405948,0.46875715255737305,123.20803833007812
3596,1007595.125,7057.6630859375,-974727.43393476,0.0003,2919,101585,109.35,139,406444,-0.7002759575843811,123.28555297851562
3600,1005015.8125,12134.6015625,-973518.2351626201,0.0003,2924,101731,109.74,139,407028,0.7802973985671997,123.24064636230469
3604,989616.0,11671.5703125,-1001858.4577819401,0.0003,2927,101839,114.32,139,407460,-0.417333722114563,122.5296401977539
3608,991671.0625,12403.9052734375,-955475.92420693,0.0003,2929,101919,110.4,139,407780,-1.8550279140472412,121.99945831298828
3612,972201.8125,9920.9052734375,-967622.6132173599,0.0003,2931,102000,113.08,139,408104,0.7269396781921387,121.58445739746094
3616,992844.125,9965.4267578125,-956703.4514599497,0.0003,2933,102049,112.42,139,408300,-1.0753099918365479,121.44474792480469
3620,978571.3125,8986.8056640625,-949577.3658123,0.0003,2937,102175,113.12,139,408804,0.308169960975647,121.60578918457031
3624,979940.375,6966.1064453125,-941524.5925609601,0.0003,2941,102320,113.97,139,409384,-0.23159146308898926,121.63699340820312
3628,1004093.875,8921.9833984375,-962902.65676536,0.0003,2943,102382,117.95,139,409632,-1.5366783142089844,121.38720703125
3632,980878.125,11557.9736328125,-975292.9568133199,0.0003,2946,102483,120.46,139,410036,-0.19474554061889648,122.17334747314453
3636,993422.125,11949.443359375,-934162.00719376,0.0003,2949,102579,117.44,139,410420,-0.3683897852897644,122.6331558227539
3640,993344.0,11056.5361328125,-925291.37478617,0.0003,2951,102638,117.99,139,410656,0.05536150932312012,122.39848327636719
3644,987190.875,6973.033203125,-929489.7200305299,0.0003,2955,102789,119.92,139,411260,-0.45820680260658264,123.1974105834961
3648,995499.25,7122.2080078125,-926855.80079574,0.0003,2957,102870,121.36,139,411584,-0.054673194885253906,122.38365936279297
3652,970400.25,10581.35546875,-889375.22952391,0.0003,2961,103004,120.15,139,412120,-0.49131929874420166,122.19811248779297
3656,974567.6875,8726.1328125,-859894.6737451699,0.0003,2963,103070,120.09,139,412384,0.3004419803619385,122.29096221923828
3660,964799.75,8506.162109375,-817015.2150433402,0.0003,2970,103317,117.91,139,413372,-1.877058744430542,122.27662658691406
3664,973134.0,11075.158203125,-769119.3736369899,0.0003,2980,103667,115.76,139,414772,-3.3030409812927246,121.05143737792969
3668,968064.0,10324.4716796875,-751441.4988092401,0.0003,2984,103810,115.52,139,415344,0.5406570434570312,120.8121337890625
3672,978935.8125,7003.54541015625,-828476.9393134699,0.0003,2989,103992,119.5,139,416072,0.8593326807022095,120.5333480834961
3676,960250.25,12770.5546875,-907537.41638642,0.0003,2992,104084,127.58,139,416440,3.5524704456329346,119.8221206665039
3680,959359.5,9139.005859375,-851949.4874943302,0.0003,2996,104219,123.2,139,416980,0.7840644717216492,119.05026245117188
3684,973480.5625,12060.6650390625,-826153.6610137699,0.0003,3005,104537,121.91,139,418252,-0.1921311616897583,120.501220703125
3688,965522.375,11878.6943359375,-818972.6800327,0.0003,3010,104706,125.58,139,418928,-0.3991827964782715,120.9978256225586
3692,946688.375,10652.998046875,-878245.0344774398,0.0003,3018,104982,135.77,139,420032,0.17775583267211914,121.92990112304688
3696,959134.25,6672.97509765625,-874545.8391228301,0.0003,3031,105450,140.63,139,421904,-3.1552927494049072,121.8036880493164
3700,939340.1875,8597.3837890625,-1011482.61251358,0.0003,3057,106450,172.22,139,425904,1.130117416381836,124.32230377197266
3704,935653.125,8165.04443359375,-1174680.23058199,0.0003,3073,107026,201.04,139,428208,1.2265965938568115,124.35503387451172
3708,934955.75,9901.5302734375,-1395192.9267614898,0.0003,3100,108020,238.69,139,432184,-0.0861276388168335,124.76895904541016
3712,926174.375,11950.1904296875,-1468381.7535325098,0.0003,3119,108743,255.54,139,435076,0.9421653747558594,126.97864532470703
3716,919404.6875,8222.078125,-1702617.84909594,0.0003,3146,109743,291.95,139,439076,1.2596383094787598,124.35028839111328
3720,886856.3125,7989.93603515625,-1915893.64171767,0.0003,3162,110304,320.46,139,441320,2.434619426727295,124.3805923461914
3724,906764.25,6649.07861328125,-1975752.2227963603,0.0003,3173,110701,327.9,139,442908,-1.229049801826477,123.0295639038086
3728,890145.9375,12594.6142578125,-2072808.6949058997,0.0003,3179,110915,338.95,139,443764,2.405449390411377,124.37554931640625
3732,902164.625,9178.4453125,-2080673.1559688197,0.0003,3183,111056,339.92,139,444328,-0.18154066801071167,123.44867706298828
3736,906112.0,8897.3779296875,-2144906.6008989303,0.0003,3191,111318,347.77,139,445376,-1.086651086807251,123.51315307617188
3740,891452.875,10112.767578125,-2167599.0785638103,0.0003,3199,111590,351.22,139,446464,0.8110620379447937,122.51380920410156
3744,900537.5,11288.32421875,-2211233.72129363,0.0003,3206,111849,356.45,139,447500,0.8601290583610535,121.7737808227539
3748,887389.375,12821.119140625,-2302059.1679279096,0.0003,3215,112163,366.11,139,448756,0.9833974242210388,122.22095489501953
3752,902378.6875,8579.6884765625,-2378142.62140302,0.0003,3221,112371,373.08,139,449588,0.569082498550415,121.10414123535156
3756,882303.125,10242.57421875,-2422533.97057783,0.0003,3226,112550,376.14,139,450304,1.5607408285140991,121.44967651367188
3760,896519.1875,6154.8515625,-2446933.2888811096,0.0003,3229,112638,377.47,139,450656,1.0182675123214722,121.1838607788086
3764,886302.8125,12179.943359375,-2451324.1107186,0.0003,3233,112772,375.46,139,451192,1.4406934976577759,119.79287719726562
3768,894472.9375,9293.8017578125,-2473647.52063237,0.0003,3236,112861,376.26,139,451548,-1.986834168434143,119.05043029785156
3772,879782.8125,8042.67431640625,-2326101.81628505,0.0003,3238,112937,365.86,139,451852,0.8854949474334717,119.03204345703125
3776,890715.25,8429.8466796875,-2223616.4941762,0.0003,3240,112996,355.84,139,452088,-1.0867595672607422,118.82658386230469
3780,890417.25,6288.20947265625,-2224649.03284072,0.0003,3243,113135,355.22,139,452644,3.228672981262207,120.2318115234375
3784,890765.25,7416.43310546875,-2204192.3019100903,0.0003,3247,113243,351.17,139,453076,0.4090384244918823,120.0851821899414
3788,876221.5,9585.1552734375,-2203474.62447214,0.0003,3250,113340,347.26,139,453464,1.6068707704544067,120.3044662475586
3792,883242.625,10055.58984375,-2127457.31075685,0.0003,3251,113383,335.44,139,453636,-1.8357934951782227,120.57731628417969
3796,881775.5,8909.671875,-2168428.3585276697,0.0003,3253,113460,334.36,139,453944,3.043813705444336,120.0526123046875
3800,884928.9375,8710.8056640625,-2005257.3271262196,0.0003,3254,113508,300.66,139,454136,1.1306993961334229,119.970947265625
3804,875659.5,11074.1083984375,-1808902.02583941,0.0003,3256,113546,268.07,139,454288,4.880143165588379,119.69929504394531
3808,883185.6875,6329.35693359375,-1580877.39428224,0.0003,3257,113581,229.91,139,454428,2.9456725120544434,119.56752014160156
3812,870641.125,7265.5234375,-1487612.6403494102,0.0003,3259,113680,210.78,139,454824,3.4510278701782227,118.68094635009766
3816,876222.375,8939.6328125,-1253019.1707534501,0.0003,3262,113776,174.53,139,455208,2.326183557510376,117.74410247802734
3820,886146.0625,15207.0126953125,-1024426.6862487901,0.0003,3266,113904,144.78,139,455720,-1.4904935359954834,116.9698486328125
3824,869170.625,12523.1796875,-947413.8248843701,0.0003,3269,114020,135.59,139,456184,-0.5124764442443848,116.67990112304688
3828,860372.6875,9188.9912109375,-830280.95049482,0.0003,3278,114302,124.69,139,457312,2.5654664039611816,118.10234832763672
3832,877223.5,7825.90625,-807537.36819924,0.0003,3281,114436,122.69,139,457848,0.6946573257446289,116.87439727783203
3836,884313.1875,14409.71484375,-737911.9054949303,0.0003,3286,114575,115.37,139,458404,0.9323516488075256,116.6515884399414
3840,875922.625,6262.478515625,-892311.2813277899,0.0003,3286,114610,128.72,139,458544,-2.1495375633239746,116.77101135253906
3844,872253.5,7943.3291015625,-834545.2999427101,0.0003,3288,114666,121.71,139,458768,0.6216553449630737,117.22870635986328
3848,865038.5,9080.142578125,-724949.3063475001,0.0003,3289,114685,109.53,139,458844,-1.5501697063446045,117.20562744140625
3852,887129.5,7227.267578125,-633072.38387886,0.0003,3292,114779,99.98,139,459220,-0.7194965481758118,116.87734985351562
3856,897007.9375,7331.12353515625,-574662.6745701801,0.0003,3293,114817,93.47,139,459372,-3.136547088623047,116.95841979980469
3860,868865.375,9143.8935546875,-539270.1441856901,0.0003,3294,114854,89.71,139,459520,-0.5192608833312988,117.25225067138672
3864,873232.375,11620.83984375,-508795.58641836,0.0003,3296,114929,86.89,139,459820,-0.9290458559989929,117.8737564086914
3868,871667.0625,11873.111328125,-482645.73215912,0.0003,3297,114969,85.13,139,459980,2.4331016540527344,118.03714752197266
3872,872617.125,9093.908203125,-474447.82187452,0.0003,3299,115033,84.86,139,460236,2.019791603088379,117.17521667480469
3876,890528.625,7050.98779296875,-468860.36488498,0.0003,3301,115115,85.01,139,460564,-0.13258080184459686,116.88275909423828
3880,874419.5625,10767.7978515625,-476492.42445992003,0.0003,3311,115457,93.09,139,461932,2.136547088623047,115.83963775634766
3884,860171.25,7441.25927734375,-462356.50400243,0.0003,3320,115749,96.63,139,463100,2.0848889350891113,114.849853515625
3888,855024.25,7598.0234375,-556981.73968211,0.0003,3334,116278,110.78,139,465216,-1.4556856155395508,115.4066162109375
3892,843424.75,7522.3330078125,-615306.5222031899,0.0003,3348,116778,126.67,139,467216,1.261399269104004,115.3750991821289
3896,866318.25,9317.9501953125,-686049.0092421401,0.0003,3376,117778,152.68,139,471216,1.0983648300170898,113.8690185546875
3900,857472.25,8926.619140625,-769782.3380434801,0.0003,3383,118028,170.32,139,472216,-0.03685227036476135,113.80501556396484
3904,841418.1875,12059.3203125,-907635.3318914,0.0003,3407,118951,194.36,139,475908,3.074209690093994,114.17839050292969
3908,836480.25,7225.87646484375,-1109572.87288096,0.0003,3415,119233,225.39,139,477036,-1.397111177444458,113.00528717041016
3912,844926.1875,8182.90087890625,-1218660.90642728,0.0003,3442,120160,247.79,139,480744,3.2574188709259033,108.60966491699219
3916,839271.75,10808.5537109375,-1331248.5248332,0.0003,3467,121160,285.8,139,484744,-1.9242768287658691,106.40555572509766
3920,838347.0625,5879.818359375,-1391746.7894368803,0.0003,3492,122091,313.73,139,488468,0.6980432271957397,104.98502349853516
3924,832332.0,5991.47802734375,-1448204.9155541998,0.0003,3497,122284,333.78,139,489240,0.3372019827365875,105.64457702636719
3928,828326.0,9176.572265625,-1449674.5319568198,0.0003,3506,122604,334.19,139,490520,-0.30567941069602966,104.00482940673828
3932,809451.75,7552.263671875,-1523100.7008979402,0.0003,3512,122827,352.13,139,491412,1.7938311100006104,103.54423522949219
3936,821166.1875,7487.76708984375,-1526243.21198906,0.0003,3517,122987,353.62,139,492052,0.9247648119926453,104.84219360351562
3940,812599.625,8917.3779296875,-1346338.7634041898,0.0003,3522,123156,339.87,139,492728,1.4058703184127808,104.77507781982422
3944,813562.875,9353.083984375,-1355859.1234015697,0.0003,3525,123263,342.6,139,493156,-0.02341175079345703,105.57373046875
3948,836167.5,6840.2587890625,-1364986.0453810901,0.0003,3530,123444,347.02,139,493880,0.9197129607200623,105.33171081542969
3952,825287.5625,6887.98876953125,-1368072.5426688406,0.0003,3538,123711,349.56,139,494948,-0.02533501386642456,104.8585433959961
3956,811490.6875,10852.8369140625,-1478281.86394399,0.0003,3556,124332,364.15,139,497432,1.231031060218811,105.5272216796875
3960,819838.5625,7038.13720703125,-1661073.35485922,0.0003,3564,124614,386.18,139,498560,2.0778563022613525,105.31514739990234
3964,805989.5625,8670.3779296875,-1666356.4551270304,0.0003,3573,124960,388.67,139,499944,-1.154683232307434,104.34375762939453
3968,798826.6875,7124.8505859375,-1748850.67736456,0.0003,3583,125303,395.7,139,501316,1.692706823348999,103.48638916015625
3972,817898.25,10343.9501953125,-1900359.79352434,0.0003,3587,125439,406.15,139,501860,0.3493614196777344,104.359130859375
3976,821361.375,9540.5703125,-2012240.96928686,0.0003,3590,125545,418.18,139,502284,-0.04072372615337372,104.68872833251953
3980,804535.5,11417.326171875,-2019589.61088238,0.0003,3599,125856,416.95,139,503528,3.0220212936401367,104.09245300292969
3984,796561.0625,5784.08447265625,-2024984.7414379905,0.0003,3603,126003,415.92,139,504116,0.13524949550628662,102.1531753540039
3988,800914.125,7050.3564453125,-1932870.7176513898,0.0003,3610,126257,407.01,139,505132,-0.3800509572029114,102.79823303222656
3992,795324.0,7030.8134765625,-1888098.2858006498,0.0003,3614,126396,398.13,139,505688,1.6764925718307495,102.60552978515625
3996,802844.75,8825.0693359375,-1775734.3639549003,0.0003,3621,126650,372.44,139,506704,-0.433241605758667,103.14300537109375
4000,805507.0,11483.5166015625,-1708448.1965689799,0.0003,3626,126824,360.04,139,507400,-0.39252912998199463,103.0536880493164
4004,789877.0625,8725.1669921875,-1585454.06731136,0.0003,3631,127017,340.63,139,508172,0.9453459978103638,103.27381896972656
4008,794572.6875,7578.06982421875,-1416051.8251866503,0.0003,3638,127249,318.93,139,509100,-0.49461907148361206,102.92870330810547
4012,793587.4375,10718.8232421875,-1326386.4949872398,0.0003,3645,127500,301.43,139,510104,1.924761414527893,102.2569351196289
4016,795854.5,7703.30810546875,-1236847.11481516,0.0003,3651,127691,272.53,139,510868,1.2515571117401123,102.97371673583984
4020,796569.0625,5872.64306640625,-1196732.84679031,0.0003,3655,127856,249.05,139,511528,0.0958365797996521,103.1198501586914
4024,788463.1875,7140.8525390625,-1157311.91412394,0.0003,3661,128060,232.57,139,512344,2.967285633087158,104.35842895507812
4028,787010.3125,7210.4951171875,-1180112.84292548,0.0003,3670,128418,235.98,139,513776,-0.3958805203437805,104.90079498291016
4032,786544.625,8763.517578125,-1155896.3823127798,0.0003,3676,128617,229.3,139,514572,-0.43857741355895996,104.92285919189453
4036,784536.1875,10304.39453125,-1179830.73327433,0.0003,3680,128789,232.39,139,515260,2.6255476474761963,104.0145034790039
4040,781068.25,8666.5859375,-1181397.74058457,0.0003,3685,128926,229.87,139,515808,1.4074084758758545,104.13286590576172
4044,785883.375,7306.71142578125,-1195524.94552231,0.0003,3689,129060,232.51,139,516344,4.085687160491943,104.25706481933594
4048,781104.125,9555.0107421875,-1227276.5619320802,0.0003,3698,129378,236.69,139,517616,0.9659547209739685,104.28656005859375
4052,783604.25,8040.3486328125,-1254981.8086767502,0.0003,3706,129642,240.12,139,518672,0.1359649896621704,103.3225326538086
4056,774833.0,8404.001953125,-1175689.7392353902,0.0003,3713,129894,232.65,139,519680,2.1720004081726074,103.38054656982422
4060,774218.1875,14511.2998046875,-1016980.9369060502,0.0003,3719,130112,215.47,139,520552,-0.9002335071563721,102.4755630493164
4064,778897.6875,8581.4990234375,-1120632.91421259,0.0003,3727,130373,224.35,139,521596,0.3369125723838806,103.78115844726562
4068,773601.0625,5746.08056640625,-1068220.1670627901,0.0003,3731,130540,224.45,139,522264,-2.1337056159973145,103.33145141601562
4072,775694.25,6804.98828125,-928044.38952894,0.0003,3737,130720,216.87,139,522984,-2.937330484390259,103.45046997070312
4076,770020.875,8383.087890625,-825083.63168244,0.0003,3742,130886,208.06,139,523648,1.4972304105758667,103.0721664428711
4080,777556.4375,5834.48193359375,-816098.0706781802,0.0003,3747,131076,204.7,139,524408,0.9317527413368225,103.25357818603516
4084,767900.125,7340.29248046875,-808110.2270035902,0.0003,3752,131239,202.97,139,525060,-2.0300490856170654,103.43201446533203
4088,760666.25,11071.3271484375,-909319.1860071799,0.0003,3756,131373,208.44,139,525596,0.8072755336761475,103.41259002685547
4092,768654.0625,9438.525390625,-909876.7067944002,0.0003,3761,131552,207.25,139,526312,-1.1160738468170166,102.74800109863281
4096,772920.75,8286.935546875,-902753.1597692502,0.0003,3765,131669,203.33,139,526780,-0.06876474618911743,103.26298522949219
4100,759123.5625,7266.98876953125,-891323.7914761599,0.0003,3767,131757,199.43,139,527132,2.2675621509552,102.9168701171875
4104,773471.25,10698.7216796875,-892260.3239809099,0.0003,3774,131926,198.58,139,527808,1.4871691465377808,102.85623931884766
4108,762973.75,8844.791015625,-864599.85351652,0.0003,3777,132021,191.23,139,528188,3.201045513153076,102.70059204101562
4112,775652.125,8464.658203125,-855939.2659718,0.0003,3783,132175,190.25,139,528804,2.0505106449127197,102.72953033447266
4116,790433.375,8279.73828125,-839493.0909392402,0.0003,3786,132287,185.3,139,529252,-2.291384696960449,102.50962829589844
4120,758801.625,10834.7646484375,-823268.1983515301,0.0003,3791,132408,182.04,139,529736,2.3051602840423584,101.6595230102539
4124,764349.375,5819.76806640625,-812933.70384604,0.0003,3794,132520,181.22,139,530184,3.4106736183166504,100.95564270019531
4128,769790.5,6653.15478515625,-786777.3721298899,0.0003,3798,132643,176.29,139,530676,1.3859033584594727,101.25296020507812
4132,758413.875,6912.26123046875,-745865.451298,0.0003,3802,132793,167.22,139,531276,-0.4329555034637451,102.03604125976562
4136,770950.625,9663.0615234375,-725041.86634892,0.0003,3807,132959,163.92,139,531940,-0.0531764030456543,101.5535659790039
4140,772470.375,9594.0498046875,-731128.3488441899,0.0003,3810,133054,166.92,139,532320,-0.6672409176826477,101.72027587890625
4144,760757.75,7135.07275390625,-711475.2600064599,0.0003,3814,133191,164.2,139,532868,0.9247446060180664,102.67825317382812
4148,765789.375,8009.08544921875,-674999.5211884099,0.0003,3817,133285,159.28,139,533244,-0.36229562759399414,103.54891967773438
4152,772039.25,5721.50439453125,-645740.01479193,0.0003,3822,133463,155.67,139,533956,0.02354598045349121,102.12925720214844
4156,768674.375,7010.04248046875,-620950.32726712,0.0003,3826,133597,152.27,139,534492,-1.7887426614761353,100.84564971923828
4160,750953.375,7066.97216796875,-605426.78630349,0.0003,3830,133744,151.66,139,535080,0.9645357131958008,100.5051040649414
4164,766891.4375,10707.1650390625,-504719.87265818,0.0003,3837,133976,147.05,139,536008,-1.3418992757797241,100.38661193847656
4168,765711.8125,9019.9423828125,-487332.59662369,0.0003,3846,134283,149.13,139,537236,-1.3973817825317383,100.9322509765625
4172,768344.5625,9490.146484375,-489426.16690807,0.0003,3858,134687,156.86,139,538852,2.366157054901123,102.97200012207031
4176,761036.9375,6975.13623046875,-497535.75729334005,0.0003,3874,135260,171.19,139,541144,-1.7588903903961182,103.50261688232422
4180,764237.625,5941.02685546875,-505871.36164676,0.0003,3899,136147,201.48,139,544692,-1.759710669517517,104.86259460449219
4184,746034.8125,8420.0888671875,-525357.4541521701,0.0003,3927,137147,233.27,139,548692,2.3363261222839355,105.6165771484375
4188,748780.0,9330.205078125,-472820.11445698,0.0003,3954,138122,258.17,139,552592,-0.9453219175338745,105.80575561523438
4192,737989.5,7338.65478515625,-538480.30360276,0.0003,3981,139122,290.64,139,556592,-1.008617877960205,107.1092758178711
4196,726393.5,8469.7314453125,-611131.9697079699,0.0003,4009,140122,323.64,139,560592,-0.31757161021232605,108.50582885742188
4200,717603.25,6841.6171875,-655671.2032930099,0.0003,4038,141122,360.12,139,564592,2.063668727874756,108.49822235107422
4204,715324.25,6605.32275390625,-666438.1955004999,0.0003,4067,142122,394.26,139,568592,-1.8755838871002197,110.77894592285156
4208,705572.0,5692.46533203125,-693208.64834769,0.0003,4094,143122,430.5,139,572592,-0.8477884531021118,111.658447265625
4212,699560.4375,8285.7998046875,-698142.20371749,0.0003,4122,144122,464.58,139,576592,-0.25414347648620605,112.85968017578125
4216,714587.5625,6848.1806640625,-696514.9914376001,0.0003,4150,145122,498.43,139,580592,0.2374700903892517,113.16948699951172
4220,702234.5,5772.6826171875,-696361.9424591701,0.0003,4177,146122,534.63,139,584592,-2.6139025688171387,114.5595932006836
4224,680863.625,9799.115234375,-689919.79117621,0.0003,4205,147122,569.21,139,588592,-2.2034153938293457,114.93817138671875
4228,688647.0,6778.87255859375,-686056.0820564701,0.0003,4234,148122,604.77,139,592592,-0.42146822810173035,115.01377868652344
4232,652150.125,5439.40380859375,-680599.18376037,0.0003,4262,149122,640.25,139,596592,-0.8064430952072144,117.0051040649414
4236,659331.625,7620.9697265625,-676457.9651081699,0.0003,4289,150122,675.77,140,600592,3.8958353996276855,119.01802062988281
4240,655119.1875,5366.79736328125,-660960.80160373,0.0003,4316,151122,708.51,140,604592,1.1401633024215698,117.98616790771484
4244,650869.4375,5620.5302734375,-661712.4593817501,0.0003,4344,152122,744.07,140,608592,-0.8483786582946777,119.04953002929688
4248,635047.0,6448.38134765625,-662728.35007133,0.0003,4372,153122,778.75,140,612592,0.540681004524231,121.16069030761719
4252,634827.75,6441.26123046875,-661733.9866863001,0.0003,4399,154122,813.39,140,616592,2.8563284873962402,122.4302978515625
4256,609058.3125,6269.6396484375,-661027.00147299,0.0003,4427,155122,848.05,140,620592,1.7938978672027588,122.3121337890625
4260,595809.375,5472.486328125,-659665.88011433,0.0003,4454,156122,881.92,140,624592,0.47649329900741577,124.52568054199219
4264,586047.875,5125.94873046875,-657916.0600861099,0.0003,4482,157122,912.91,140,628592,1.5166714191436768,122.71774291992188
4268,591693.6875,7355.26806640625,-653524.6096855699,0.0003,4509,158122,941.75,140,632592,-0.9509037733078003,124.91082000732422
4272,582580.625,7773.44287109375,-648033.06042285,0.0003,4537,159122,968.98,140,636592,-0.058389902114868164,122.83793640136719
4276,551598.25,5686.7314453125,-641479.87403893,0.0003,4565,160122,989.09,140,640592,1.0644224882125854,121.1461410522461
4280,569207.5,6181.517578125,-638073.90518882,0.0003,4593,161122,992.64,140,644592,1.0860435962677002,122.31446838378906
4284,537123.0625,4736.54052734375,-636519.57796267,0.0003,4621,162122,996.4,140,648592,0.9267610907554626,121.18375396728516
4288,539584.75,8126.5498046875,-599658.82237269,0.0003,4649,163122,997.41,140,652592,1.0459522008895874,118.98738098144531
4292,504416.3125,6104.1796875,-576931.2296730899,0.0003,4677,164122,997.41,140,656592,-0.03783071041107178,118.20027160644531
4296,485612.75,4847.85595703125,-589928.2794938901,0.0003,4704,165122,1000.0,140,660592,3.5567033290863037,118.32100677490234
4300,502841.375,6113.6572265625,-622873.00222435,0.0003,4732,166122,1000.0,140,664592,0.02001512050628662,115.97328186035156
4304,500966.75,8282.701171875,-635838.77128835,0.0003,4760,167122,1000.0,140,668592,-1.0715811252593994,113.35555267333984
4308,481991.3125,5420.4296875,-668908.66167095,0.0003,4788,168122,1000.0,140,672592,2.045353412628174,109.42909240722656
4312,481166.5625,5068.19580078125,-685277.0113405101,0.0003,4815,169122,1000.0,140,676592,0.8473401069641113,106.9454574584961
4316,468991.625,6046.87646484375,-682750.85775218,0.0003,4843,170122,1000.0,140,680592,-0.9814298152923584,104.7576904296875
4320,469918.25,4688.76416015625,-681923.93212193,0.0003,4870,171122,1000.0,140,684592,-0.45040228962898254,101.36483764648438
4324,443193.125,7204.34912109375,-682497.79215964,0.0003,4897,172122,1000.0,140,688592,2.253282070159912,100.61567687988281
4328,452720.9375,6621.62744140625,-683383.1982242201,0.0003,4925,173122,1000.0,140,692592,-1.5024492740631104,99.36222839355469
4332,435023.5,5145.28076171875,-683914.6445464102,0.0003,4952,174122,1000.0,140,696592,1.5247530937194824,97.8037109375
4336,419844.6875,5481.037109375,-684315.8300652601,0.0003,4980,175122,1000.0,140,700592,-1.4286696910858154,96.89786529541016
4340,407833.25,4313.70556640625,-684493.4084727701,0.0003,5007,176122,1000.0,140,704592,-0.08570420742034912,98.69631958007812
4344,426929.5625,4329.27685546875,-683591.1745673199,0.0003,5034,177122,1000.0,140,708592,0.5764000415802002,99.16111755371094
4348,390237.6875,3873.12353515625,-681029.3250402501,0.0003,5061,178122,1000.0,140,712592,0.6364567279815674,102.39203643798828
4352,385207.3125,4243.96337890625,-676548.15079971,0.0003,5089,179122,1000.0,140,716592,1.3685879707336426,102.2773666381836
4356,389184.15625,5054.01416015625,-671961.9506448299,0.0003,5116,180122,1000.0,140,720592,-1.1966642141342163,101.92245483398438
4360,380699.6875,5271.173828125,-666330.70085598,0.0003,5144,181122,1000.0,140,724592,0.522118330001831,102.43135833740234
4364,364519.46875,5061.29833984375,-660425.71534713,0.0003,5171,182122,1000.0,140,728592,-1.3863786458969116,101.79480743408203
4368,346964.84375,4969.34033203125,-653526.11954113,0.0003,5199,183122,1000.0,140,732592,-1.1900043487548828,101.03231048583984
4372,342234.75,3650.565185546875,-645497.19999394,0.0003,5227,184122,1000.0,140,736592,-0.38820719718933105,100.46015930175781
4376,349425.625,4531.37451171875,-636367.2124808,0.0003,5255,185122,1000.0,140,740592,-0.9414244294166565,101.64237213134766
4380,322053.0625,4132.447265625,-621224.6266267799,0.0003,5282,186122,1000.0,140,744592,0.28450968861579895,101.39297485351562
4384,314427.125,4969.25244140625,-597666.4770928898,0.0003,5310,187122,1000.0,140,748592,0.19501948356628418,101.70093536376953
4388,320485.4375,6811.40966796875,-572477.2412793699,0.0003,5338,188122,1000.0,140,752592,-1.477262020111084,102.56390380859375
4392,294762.28125,3853.2080078125,-514810.3448976299,0.0003,5365,189122,1000.0,140,756592,2.5382161140441895,103.41914367675781
4396,304086.4375,3869.70703125,-421761.84470536,0.0003,5393,190122,1000.0,141,760592,-2.8193368911743164,103.41382598876953
4400,290142.5625,5399.28466796875,-338519.12526133,0.0003,5420,191122,1000.0,141,764592,-4.119956016540527,105.39209747314453
4404,278178.125,4114.3173828125,-298981.13379432005,0.0003,5448,192122,1000.0,141,768592,-1.7568771839141846,103.50775146484375
4408,263344.625,3614.2001953125,-235740.67367882005,0.0003,5475,193122,1000.0,141,772592,1.9630706310272217,103.4599838256836
4412,263788.6875,5213.51123046875,-204845.16858655002,0.0003,5503,194122,1000.0,141,776592,0.49536454677581787,102.81617736816406
4416,251758.8125,4813.39501953125,-197925.69287911992,0.0003,5530,195122,1000.0,141,780592,-0.3652712106704712,104.46238708496094
4420,247871.15625,3509.25732421875,-194913.04849264998,0.0003,5557,196122,1000.0,141,784592,-0.5733486413955688,105.51972961425781
4424,235308.90625,4236.07421875,-193559.39324998003,0.0003,5585,197122,1000.0,141,788592,1.4613261222839355,105.87126159667969
4428,228142.734375,3450.144775390625,-188999.46068494997,0.0003,5612,198122,1000.0,141,792592,0.7735802531242371,105.49984741210938
4432,234328.359375,3341.63916015625,-184444.00573551003,0.0003,5638,199122,1000.0,141,796592,-0.24660497903823853,107.0483169555664
4436,210187.53125,4123.41552734375,-180718.01822068996,0.0003,5663,200122,1000.0,141,800592,1.343703031539917,103.8206558227539
4440,211054.875,3408.89306640625,-180610.37563847002,0.0003,5690,201122,1000.0,141,804592,0.5685610175132751,106.26612091064453
4444,201965.390625,4524.34033203125,-187689.31075166995,0.0003,5718,202122,1000.0,141,808592,-0.09462562203407288,106.4419937133789
4448,198853.1875,3383.697998046875,-247887.13557376002,0.0003,5746,203122,1000.0,141,812592,1.4108237028121948,106.83291625976562
4452,200303.84375,3823.51611328125,-275247.36027542996,0.0003,5773,204122,1000.0,141,816592,-1.1187965869903564,103.51629638671875
4456,182824.734375,2962.0,-280952.03224505,0.0003,5801,205122,1000.0,141,820592,1.2243560552597046,100.4830093383789
4460,195976.5,3409.828125,-280883.93251585995,0.0003,5829,206122,1000.0,141,824592,-1.2771613597869873,97.46222686767578
4464,183163.734375,3889.634765625,-279856.18945779005,0.0003,5856,207122,1000.0,141,828592,-1.4202014207839966,95.17147827148438
4468,183894.03125,3862.02392578125,-278779.45255660993,0.0003,5884,208122,1000.0,141,832592,-1.184748649597168,93.67243957519531
4472,178114.9375,3547.560546875,-278670.16348116,0.0003,5911,209122,1000.0,141,836592,-0.24661771953105927,94.5375747680664
4476,177968.09375,3434.2626953125,-278914.79220987,0.0003,5938,210122,1000.0,141,840592,1.0883889198303223,92.2529067993164
4480,183755.84375,3570.718017578125,-279945.38636956,0.0003,5966,211122,1000.0,141,844592,-0.6640671491622925,91.71914672851562
4484,162389.5,3883.031005859375,-281403.502431,0.0003,5994,212122,1000.0,141,848592,-1.493147850036621,91.08338928222656
4488,156535.828125,4550.28466796875,-282419.8738718,0.0003,6022,213122,1000.0,141,852592,2.4638142585754395,91.37506866455078
4492,162057.078125,3401.591552734375,-283516.67970397003,0.0003,6050,214122,1000.0,141,856592,-0.6243623495101929,90.06732177734375
4496,176886.578125,3209.628662109375,-284865.51537376,0.0003,6077,215122,1000.0,141,860592,0.27362167835235596,88.26392364501953
4500,153346.4375,2831.429931640625,-286735.60726619,0.0003,6105,216122,1000.0,141,864592,1.314391016960144,86.84973907470703
4504,162454.46875,3163.026123046875,-287474.75893988996,0.0003,6132,217122,1000.0,141,868592,-1.085479974746704,84.56637573242188
4508,147387.375,4078.9130859375,-287635.98033963,0.0003,6160,218122,1000.0,141,872592,2.3265798091888428,84.09577178955078
4512,172307.59375,4330.38720703125,-287766.0562389199,0.0003,6187,219122,1000.0,141,876592,-1.4153690338134766,83.07730865478516
4516,157123.5,3125.767822265625,-287791.25518321,0.0003,6215,220122,1000.0,141,880592,-0.058983683586120605,82.6597671508789
4520,151640.34375,3619.8232421875,-289341.73052817996,0.0003,6243,221122,1000.0,141,884592,-2.0532631874084473,80.12335205078125
4524,148779.65625,3957.082275390625,-289931.94555545,0.0003,6270,222122,1000.0,141,888592,-0.0427626371383667,78.55020904541016
4528,158234.40625,4010.180908203125,-294509.27513306,0.0003,6298,223122,1000.0,141,892592,-1.7726619243621826,75.9259262084961
4532,138062.3125,2942.619873046875,-300275.37114701,0.0003,6322,223980,998.33,141,896024,0.2898210287094116,75.50520324707031
4536,151630.34375,3141.21533203125,-305410.38730086,0.0003,6341,224683,989.61,141,898836,-1.660213589668274,74.48536682128906
4540,155539.96875,3061.38720703125,-303625.34619882,0.0003,6355,225222,967.06,141,900992,0.3880457580089569,72.90132904052734
4544,146759.40625,3327.924072265625,-297555.59439313994,0.0003,6382,226205,957.22,141,904924,-4.952442169189453,73.3290786743164
4548,142830.375,3184.77099609375,-237941.08404003,0.0003,6384,226303,934.91,141,905316,0.46899300813674927,73.2114028930664
4552,133592.65625,3574.03662109375,-212448.44446893997,0.0003,6388,226424,905.89,141,905800,1.5770435333251953,72.69648742675781
4556,144827.6875,3038.992431640625,-206623.41692155003,0.0003,6389,226457,868.95,141,905932,-1.2246732711791992,72.57328796386719
4560,142532.6875,3711.855712890625,-205603.34296247,0.0003,6391,226526,830.46,141,906208,3.4732227325439453,72.3943862915039
4564,157543.171875,3301.4677734375,-207599.60046440002,0.0003,6395,226657,795.04,141,906732,-2.9196579456329346,72.09486389160156
4568,144205.078125,2951.73779296875,-210497.63702539,0.0003,6397,226737,757.12,141,907052,-1.3972861766815186,72.62815856933594
4572,134137.6875,2941.231689453125,-211122.05393380005,0.0003,6399,226794,722.38,141,907280,4.300118923187256,72.43620300292969
4576,141798.0625,3235.315185546875,-209754.32934279996,0.0003,6401,226879,684.56,141,907620,-0.996940016746521,72.19155883789062
4580,140261.515625,3429.668212890625,-208517.80973735,0.0003,6404,226955,647.77,141,907924,2.2642579078674316,72.20487976074219
4584,137511.828125,3046.42919921875,-206557.94571424997,0.0003,6406,227042,610.18,141,908272,2.468642473220825,72.138427734375
4588,148328.21875,3061.904052734375,-204727.99714244,0.0003,6410,227165,575.4,141,908764,-1.4440200328826904,71.69355773925781
4592,143852.0625,2980.693359375,-203201.57705438,0.0003,6413,227266,540.65,141,909168,-0.6298645734786987,71.77328491210938
4596,148445.59375,3572.300537109375,-199760.51908698003,0.0003,6415,227364,495.49,141,909560,0.752845048904419,72.04056549072266
4600,152577.0625,3810.828369140625,-198637.85766830997,0.0003,6417,227417,456.89,141,909772,0.8877730965614319,71.91930389404297
4604,153975.09375,3158.31103515625,-198493.22342667,0.0003,6418,227447,428.29,141,909892,-4.41645622253418,71.94091033935547
4608,140670.53125,3067.966064453125,-197760.85862503998,0.0003,6419,227475,389.57,141,910004,1.0788452625274658,71.81204223632812
4612,145490.984375,3031.417236328125,-195802.0146744,0.0003,6421,227546,342.1,141,910288,1.3608272075653076,71.36669158935547
4616,131347.53125,3674.098388671875,-194444.76170074,0.0003,6422,227569,313.57,141,910380,1.6740214824676514,71.25638580322266
4620,148916.28125,3783.133056640625,-192335.80520303,0.0003,6424,227617,265.08,141,910572,-0.027502000331878662,71.35063934326172
4624,127897.1015625,3331.864990234375,-189376.39950854,0.0003,6425,227643,226.7,141,910676,2.976468086242676,71.40985870361328
4628,145026.046875,3108.716064453125,-187667.32476971002,0.0003,6427,227726,198.99,141,911008,-0.10597634315490723,71.55010986328125
4632,155139.78125,3129.3779296875,-180403.16997972998,0.0003,6428,227771,151.79,141,911188,-1.7733056545257568,71.60462188720703
4636,152284.6875,2963.3896484375,-176266.00108244002,0.0003,6429,227797,130.06,141,911292,0.7915648818016052,71.70976257324219
4640,161578.03125,3243.36572265625,-174332.83152774003,0.0003,6430,227825,115.89,141,911404,-3.5395426750183105,71.87689208984375
4644,163158.0,3188.79052734375,-170290.01707650002,0.0003,6431,227868,86.72,141,911576,-1.6433448791503906,72.32945251464844
4648,142507.90625,3161.313232421875,-168434.7311204,0.0003,6432,227893,69.97,141,911676,0.13263344764709473,72.48990631103516
4652,142045.03125,4678.927734375,-166164.44600593,0.0003,6433,227919,61.78,141,911780,-1.0085465908050537,72.63245391845703
4656,149982.640625,3289.5234375,-164863.04582747002,0.0003,6434,227941,59.62,141,911868,-1.330817699432373,72.68338012695312
4660,143300.34375,3096.269287109375,-164877.51601163,0.0003,6435,227979,59.43,141,912020,0.6968832015991211,72.81861114501953
4664,165212.59375,3171.24365234375,-163255.29470133,0.0003,6436,228006,55.9,141,912128,-2.0208332538604736,72.78937530517578
4668,137904.40625,3924.94873046875,-161415.50134047001,0.0003,6438,228066,55.58,141,912368,2.0486114025115967,73.0576400756836
4672,151282.109375,3814.11279296875,-160080.67996194,0.0003,6439,228102,51.95,141,912512,-0.8740088939666748,72.92597961425781
4676,134884.078125,3477.577392578125,-159457.53967131002,0.0003,6440,228151,50.85,141,912708,0.08861982822418213,73.1424560546875
4680,155011.234375,3212.303466796875,-157804.64315922,0.0003,6443,228252,50.54,141,913112,-0.7440389394760132,73.51866149902344
4684,159424.8125,3459.890625,-158189.92356925,0.0003,6445,228328,51.0,141,913416,-4.9542317390441895,73.676025390625
4688,156102.890625,3475.97314453125,-157971.29745818,0.0003,6451,228529,52.09,141,914220,-0.040372371673583984,72.88850402832031
4692,152321.8125,2950.0927734375,-156437.46718689997,0.0003,6453,228610,48.8,141,914544,-0.5600038766860962,72.68106079101562
4696,149408.75,3403.75390625,-156357.78180251,0.0003,6457,228713,51.42,141,914956,1.2475316524505615,72.33200073242188
4700,146490.9375,2954.013427734375,-154940.55171363,0.0003,6459,228773,51.47,141,915196,0.5744489431381226,71.903564453125
4704,127759.203125,3025.276611328125,-153334.74246112,0.0003,6462,228892,56.87,141,915672,0.9089692234992981,71.56342315673828
4708,136739.15625,4020.68017578125,-152195.03876666,0.0003,6465,228986,57.89,141,916048,1.1496500968933105,71.55438232421875
4712,149481.015625,3046.028564453125,-152113.75766039,0.0003,6466,229031,59.62,141,916228,-0.8834294676780701,71.61961364746094
4716,129747.203125,3707.48095703125,-154965.07240980997,0.0003,6493,230002,78.51,141,920112,2.118168830871582,70.24371337890625
4720,139513.84375,2699.775390625,-157932.83646709,0.0003,6521,231002,117.29,141,924112,0.7702608108520508,70.40779113769531
4724,140478.921875,3115.05322265625,-207872.95281164,0.0003,6549,232002,155.64,141,928112,2.385371208190918,68.0633544921875
4728,132575.765625,3115.763427734375,-368772.25915991,0.0003,6577,233002,193.09,141,932112,1.7042388916015625,64.7745132446289
4732,123052.84375,3451.1669921875,-468782.75878387,0.0003,6604,234002,232.18,141,936112,1.4324287176132202,65.1008529663086
4736,122567.4765625,2855.5908203125,-495099.66215949,0.0003,6632,235002,270.16,141,940112,3.0293996334075928,63.3054313659668
4740,138559.921875,2990.69970703125,-500108.87204629014,0.0003,6660,236002,309.13,141,944112,-0.6445831060409546,63.77061462402344
4744,134669.75,3352.9462890625,-503101.36997853994,0.0003,6687,237002,348.14,141,948112,0.02997496724128723,64.02713775634766
4748,127330.796875,3161.9892578125,-506194.45932652993,0.0003,6712,238002,387.2,141,952112,0.21705007553100586,63.16489028930664
4752,136120.375,3688.720947265625,-509772.96079553,0.0003,6740,239002,424.41,141,956112,-1.7023329734802246,62.461273193359375
4756,121982.859375,2867.65380859375,-513938.94667966,0.0003,6767,240002,463.51,141,960112,-0.11434617638587952,60.9322509765625
4760,119239.109375,2796.377685546875,-517368.30842722,0.0003,6795,241002,502.19,141,964112,2.226874351501465,59.03278732299805
4764,113670.984375,3498.16748046875,-521287.5150343401,0.0003,6823,242002,541.14,141,968112,1.9667835235595703,57.656497955322266
4768,126345.8984375,4139.8876953125,-525013.73425999,0.0003,6850,243002,579.38,141,972112,-1.584085464477539,56.113162994384766
4772,127943.90625,3363.02880859375,-528051.57388526,0.0003,6877,244002,617.75,141,976112,-0.8452416062355042,54.9958381652832
4776,116375.6171875,2946.121826171875,-530227.7637270701,0.0003,6905,245002,656.67,141,980112,-0.3127976059913635,54.528839111328125
4780,110760.46875,3068.34765625,-532656.62452907,0.0003,6932,246002,693.77,141,984112,3.132152557373047,53.60173416137695
4784,133910.0625,3355.575927734375,-534124.5149514399,0.0003,6959,247002,730.9,141,988112,-2.747767448425293,54.18757629394531
4788,119198.2265625,3298.5009765625,-536173.90007525,0.0003,6986,248002,764.59,141,992112,1.8782460689544678,53.251102447509766
4792,117314.375,3231.60693359375,-544031.3834619699,0.0003,7013,249002,802.63,142,996112,-1.2741234302520752,54.19810485839844
