# OBJ Exported from DrPetter's Sculptris
# symmetry 1
usemtl (null)
s 0
v 0.000000 0.343886 -0.992687
v 0.989679 0.600563 0.000184
v 0.000000 0.296147 1.015637
v 0.000000 -0.988118 0.000775
v 0.000000 3.048161 -0.653760
v 0.699208 0.546402 -0.705293
v 0.833209 2.052430 0.045759
v 0.000000 2.600725 0.752391
v 0.700352 0.494278 0.716555
v 0.000000 -0.638214 -0.694258
v 0.722119 -0.571027 -0.001979
v 0.000000 -0.656893 0.705242
v 0.000000 1.065721 -0.940838
v 0.946971 0.602497 -0.290554
v 0.820037 1.426321 -0.409762
v 0.954336 1.150744 0.015625
v 0.432935 1.449772 -0.788562
v 0.281374 0.444109 -0.952164
v 0.621984 3.275289 0.083746
v 0.627390 2.459871 -0.442706
v 0.000000 0.924545 0.981953
v 0.283549 0.380982 0.972829
v 0.418381 1.323806 0.832543
v 0.805480 1.378649 0.455860
v 0.947743 0.585039 0.291605
v 0.569315 2.434505 0.526438
v 0.000000 -0.150796 -0.950864
v 0.000000 -0.940919 -0.295383
v 0.422225 -0.216666 -0.801460
v 0.957476 0.079611 -0.003332
v 0.807144 -0.150883 -0.424590
v 0.433466 -0.732405 -0.429123
v 0.292388 -0.927490 -0.000276
v 0.000000 -0.160194 0.963059
v 0.000000 -0.940031 0.297300
v 0.807271 -0.163415 0.417358
v 0.415509 -0.235847 0.800445
v 0.427385 -0.725718 0.423275
v 0.000000 0.580759 -0.984749
v 0.000000 1.798574 -0.838595
v 0.000000 4.066266 -0.054587
v 0.000000 3.533158 -0.518600
v 0.983865 0.604751 -0.107791
v 0.961398 0.928526 -0.158185
v 0.982526 0.808505 0.004866
v 0.768480 1.018158 -0.580650
v 0.896838 0.995270 -0.363999
v 0.856022 0.584998 -0.501187
v 0.903442 1.558964 0.030688
v 0.915618 1.315877 -0.185260
v 0.850770 1.764141 -0.198500
v 0.159547 0.770611 -0.959978
v 0.102106 0.384222 -0.987488
v 0.265179 1.957703 -0.778343
v 0.198817 1.322537 -0.889001
v 0.494232 0.508429 -0.861281
v 0.362096 0.906166 -0.894074
v 0.580542 0.985927 -0.766891
v 0.407333 3.795161 0.182509
v 0.442643 3.683495 -0.141369
v 0.773218 2.286955 -0.202696
v 0.669469 2.942183 -0.195508
v 0.758971 2.569374 0.047892
v 0.436666 3.275696 -0.434074
v 0.367914 2.637060 -0.630686
v 0.655561 1.471312 -0.623132
v 0.524425 1.982138 -0.641053
v 0.727941 1.907103 -0.435669
v 0.000000 0.507839 1.013187
v 0.000000 1.553333 0.900016
v 0.103991 0.326097 1.010007
v 0.160929 0.667275 0.991856
v 0.577370 0.897658 0.794545
v 0.362749 0.802355 0.925284
v 0.495882 0.433610 0.878262
v 0.193772 1.171296 0.932824
v 0.232126 1.818534 0.827453
v 0.960690 0.913175 0.174674
v 0.984005 0.593434 0.108991
v 0.832967 1.746818 0.270847
v 0.909063 1.300016 0.227396
v 0.856930 0.550409 0.506895
v 0.894079 0.962304 0.384722
v 0.764885 0.959778 0.603229
v 0.323213 2.514817 0.695085
v 0.436272 3.061342 0.531577
v 0.657579 2.850592 0.282347
v 0.741180 2.281970 0.295497
v 0.635110 1.394668 0.668149
v 0.690005 1.861266 0.504763
v 0.481771 1.891678 0.697846
v 0.000000 0.138085 -0.987752
v 0.000000 -0.428322 -0.860817
v 0.000000 -0.981679 -0.110844
v 0.000000 -0.826477 -0.497592
v 0.161942 0.104505 -0.971481
v 0.590443 0.129568 -0.783428
v 0.369823 0.110060 -0.909649
v 0.200976 -0.199587 -0.910684
v 0.222866 -0.487834 -0.785690
v 0.987236 0.398936 -0.001500
v 0.967954 0.291113 -0.166594
v 0.792265 -0.398597 -0.223086
v 0.911636 -0.058743 -0.202950
v 0.873224 -0.263118 -0.003380
v 0.905772 0.222074 -0.373584
v 0.779838 0.166649 -0.593287
v 0.164176 -0.952738 -0.163701
v 0.111176 -0.977479 0.000635
v 0.219042 -0.705382 -0.583622
v 0.200068 -0.867750 -0.370731
v 0.508972 -0.802541 -0.000445
v 0.376559 -0.864975 -0.198931
v 0.605264 -0.678804 -0.223067
v 0.635204 -0.200062 -0.634700
v 0.648754 -0.479965 -0.446905
v 0.447064 -0.500206 -0.638853
v 0.000000 0.112422 1.006211
v 0.000000 -0.424575 0.866148
v 0.000000 -0.981331 0.112504
v 0.000000 -0.837787 0.504304
v 0.967531 0.281681 0.162229
v 0.779128 0.136868 0.591610
v 0.905532 0.202843 0.368019
v 0.910133 -0.064305 0.194649
v 0.785075 -0.398214 0.214659
v 0.163288 0.070967 0.985700
v 0.214940 -0.486388 0.775114
v 0.199591 -0.218046 0.918277
v 0.368349 0.064332 0.920733
v 0.587469 0.086571 0.789175
v 0.164183 -0.952065 0.164948
v 0.600025 -0.677448 0.218052
v 0.374084 -0.865937 0.196317
v 0.201252 -0.876235 0.375202
v 0.217132 -0.709927 0.584934
v 0.642826 -0.222124 0.641831
v 0.438058 -0.507530 0.630385
v 0.640405 -0.482132 0.437694
v 0.000000 0.428303 -0.991236
v 0.000000 0.795855 -0.968969
v 0.000000 2.300117 -0.768818
v 0.000000 1.389079 -0.898123
v 0.000000 4.059307 0.105305
v 0.000000 3.998223 -0.189609
v 0.000000 3.852579 -0.337259
v 0.988919 0.602938 -0.038300
v 0.984715 0.724236 -0.058246
v 0.988076 0.677351 0.001799
v 0.956997 0.778813 -0.229073
v 0.975699 0.753828 -0.136489
v 0.971045 0.607758 -0.192770
v 0.971655 0.966863 0.009665
v 0.975899 0.874707 -0.069603
v 0.961030 1.050748 -0.076640
v 0.737762 0.782756 -0.648683
v 0.815998 0.795220 -0.547203
v 0.785587 0.568439 -0.606784
v 0.861143 1.206405 -0.389925
v 0.841247 1.012299 -0.473432
v 0.796767 1.229185 -0.500180
v 0.909309 0.596470 -0.394503
v 0.879365 0.801196 -0.438476
v 0.925703 0.794858 -0.331186
v 0.868565 1.799305 0.038901
v 0.884928 1.667280 -0.081008
v 0.849539 1.914762 -0.079058
v 0.940559 1.240827 -0.080281
v 0.914924 1.445532 -0.081510
v 0.931768 1.344801 0.022840
v 0.839250 1.600021 -0.308881
v 0.885265 1.529233 -0.193186
v 0.876380 1.377169 -0.296407
v 0.935895 0.969556 -0.257632
v 0.908987 1.167134 -0.279582
v 0.941320 1.115735 -0.173908
v 0.058292 0.495832 -0.987617
v 0.036948 0.358208 -0.992043
v 0.083908 0.918320 -0.954583
v 0.073516 0.681256 -0.976201
v 0.185193 0.416033 -0.975316
v 0.134523 0.558967 -0.977956
v 0.225302 0.609028 -0.959435
v 0.166639 2.275230 -0.757285
v 0.125861 1.913639 -0.814932
v 0.315116 1.397640 -0.846663
v 0.227570 1.634279 -0.836490
v 0.352580 1.690792 -0.786988
v 0.105725 1.543507 -0.870960
v 0.090095 1.212614 -0.919258
v 0.600511 0.529657 -0.791068
v 0.540197 0.734486 -0.820705
v 0.644361 0.762878 -0.741469
v 0.325768 0.659864 -0.928397
v 0.432600 0.702862 -0.882506
v 0.385947 0.475892 -0.914901
v 0.508549 1.218187 -0.782448
v 0.471324 0.952648 -0.839234
v 0.393485 1.176690 -0.848258
v 0.178408 1.024123 -0.931425
v 0.280078 1.109726 -0.897785
v 0.256729 0.840874 -0.934003
v 0.260356 3.903371 0.252284
v 0.224529 3.992651 0.079347
v 0.558604 3.481337 -0.020409
v 0.388664 3.845005 0.032713
v 0.506337 3.602216 0.168068
v 0.190040 3.987890 -0.097567
v 0.270189 3.815865 -0.252532
v 0.812402 2.177894 -0.077064
v 0.774745 2.445962 -0.075595
v 0.792713 2.319089 0.049415
v 0.662165 2.675256 -0.326880
v 0.733047 2.553946 -0.202419
v 0.710527 2.383492 -0.326537
v 0.702396 2.917326 0.053524
v 0.731577 2.721494 -0.069471
v 0.657814 3.113203 -0.065740
v 0.193262 3.100312 -0.617918
v 0.217125 2.608338 -0.695458
v 0.286004 3.609763 -0.396763
v 0.257384 3.415245 -0.504363
v 0.519142 2.553010 -0.539528
v 0.404036 2.996823 -0.543995
v 0.550982 2.864998 -0.444409
v 0.577966 3.305900 -0.187488
v 0.575242 3.117251 -0.320671
v 0.451340 3.479320 -0.304463
v 0.680499 1.007712 -0.680165
v 0.548942 1.472187 -0.713727
v 0.616962 1.239365 -0.701108
v 0.714847 1.240742 -0.605510
v 0.746894 1.454496 -0.520245
v 0.309752 2.296617 -0.712056
v 0.575458 2.243690 -0.548506
v 0.449433 2.292065 -0.640357
v 0.397680 1.987609 -0.720015
v 0.475860 1.717637 -0.719736
v 0.812153 2.016277 -0.201250
v 0.775010 1.656092 -0.424355
v 0.799177 1.846047 -0.318425
v 0.754872 2.111941 -0.323754
v 0.676651 2.185132 -0.442058
v 0.592671 1.711755 -0.634486
v 0.636801 1.948526 -0.544474
v 0.692411 1.694029 -0.534654
v 0.000000 0.369003 1.016161
v 0.000000 0.694767 1.002622
v 0.000000 2.000950 0.834329
v 0.000000 1.200448 0.948963
v 0.000000 3.998710 0.264012
v 0.000000 3.843633 0.437278
v 0.000000 3.332197 0.630320
v 0.037400 0.307546 1.014937
v 0.059361 0.428256 1.013594
v 0.227829 0.523405 0.985752
v 0.136406 0.480269 1.004546
v 0.187274 0.354008 0.997235
v 0.073899 0.596487 1.006410
v 0.084590 0.802954 0.990659
v 0.645335 0.691354 0.761026
v 0.542029 0.659264 0.842170
v 0.601746 0.466813 0.805455
v 0.388074 1.052343 0.885429
v 0.470954 0.853360 0.868232
v 0.499438 1.114357 0.817553
v 0.387904 0.408031 0.933925
v 0.434675 0.615865 0.906626
v 0.328226 0.571859 0.953945
v 0.111020 1.725200 0.866122
v 0.125923 2.150891 0.802920
v 0.091782 1.052190 0.963548
v 0.099754 1.358636 0.921943
v 0.327554 1.556642 0.835119
v 0.207372 1.475170 0.885509
v 0.300598 1.261298 0.890210
v 0.258142 0.739430 0.965613
v 0.281198 0.982738 0.934134
v 0.178512 0.898338 0.969183
v 0.984828 0.716518 0.063841
v 0.988957 0.598796 0.039584
v 0.960292 1.041709 0.100801
v 0.975793 0.865431 0.083258
v 0.971321 0.588706 0.194412
v 0.975609 0.741259 0.144278
v 0.956828 0.760551 0.237941
v 0.837047 1.911413 0.162939
v 0.875326 1.665024 0.149339
v 0.864818 1.349615 0.341279
v 0.873315 1.514508 0.250425
v 0.821474 1.567844 0.368380
v 0.910011 1.437072 0.133925
v 0.938326 1.231860 0.117737
v 0.786553 0.521103 0.615281
v 0.817542 0.753671 0.559025
v 0.738304 0.725819 0.665329
v 0.925610 0.771047 0.340989
v 0.879614 0.764826 0.450158
v 0.910028 0.567297 0.398136
v 0.786185 1.176439 0.533401
v 0.837368 0.970753 0.494659
v 0.852521 1.167540 0.422249
v 0.938485 1.101162 0.202127
v 0.903190 1.141986 0.310620
v 0.934451 0.948022 0.276271
v 0.265597 3.744439 0.402831
v 0.432550 3.592567 0.334276
v 0.563969 3.392087 0.215704
v 0.177335 2.590475 0.732029
v 0.260550 2.795833 0.681465
v 0.508035 2.737227 0.528524
v 0.373553 2.796266 0.624158
v 0.450669 2.479673 0.620005
v 0.242147 3.132485 0.633488
v 0.260646 3.455922 0.546400
v 0.756545 2.444936 0.171860
v 0.794753 2.177543 0.171878
v 0.647014 3.072505 0.189701
v 0.719522 2.716581 0.155639
v 0.666962 2.363176 0.413467
v 0.698329 2.560276 0.293109
v 0.616706 2.658074 0.414531
v 0.434150 3.351155 0.447358
v 0.561994 2.968864 0.408989
v 0.561992 3.213372 0.321845
v 0.677249 0.934603 0.704497
v 0.728566 1.390643 0.565749
v 0.702752 1.172180 0.638576
v 0.606375 1.150642 0.734419
v 0.529394 1.371945 0.756636
v 0.785359 2.008665 0.286881
v 0.628011 2.137562 0.517255
v 0.714420 2.085274 0.406337
v 0.769896 1.811613 0.389883
v 0.749513 1.607849 0.482776
v 0.268447 2.187628 0.760456
v 0.445603 1.608524 0.768258
v 0.358029 1.872108 0.770133
v 0.397439 2.194117 0.699145
v 0.522258 2.172501 0.615232
v 0.661556 1.629763 0.590435
v 0.590895 1.887944 0.606908
v 0.557161 1.633777 0.685659
v 0.000000 0.265923 -0.992384
v 0.000000 -0.005652 -0.974828
v 0.000000 -0.546879 -0.788010
v 0.000000 -0.290189 -0.914319
v 0.000000 -0.987238 -0.041502
v 0.000000 -0.967086 -0.198915
v 0.000000 -0.732145 -0.595714
v 0.000000 -0.898897 -0.395710
v 0.058349 0.249731 -0.990506
v 0.227038 0.264756 -0.966488
v 0.135373 0.251728 -0.983108
v 0.073908 0.114312 -0.983264
v 0.086111 -0.031143 -0.966852
v 0.651075 0.330130 -0.750010
v 0.547182 0.314955 -0.829359
v 0.398067 -0.057508 -0.860150
v 0.479707 0.117800 -0.852888
v 0.509264 -0.054192 -0.794734
v 0.437977 0.296905 -0.891826
v 0.329645 0.282302 -0.936983
v 0.108797 -0.463609 -0.832714
v 0.109628 -0.579930 -0.743311
v 0.095207 -0.181291 -0.937569
v 0.102620 -0.326089 -0.893552
v 0.328967 -0.362513 -0.803296
v 0.214383 -0.349221 -0.857833
v 0.310521 -0.210538 -0.862749
v 0.262368 0.107212 -0.948852
v 0.288931 -0.055625 -0.912874
v 0.183574 -0.048071 -0.949255
v 0.990005 0.527696 -0.000268
v 0.987763 0.485465 -0.061388
v 0.966567 0.174466 -0.089766
v 0.981541 0.339235 -0.077540
v 0.977451 0.244628 -0.002674
v 0.979410 0.456480 -0.140797
v 0.961553 0.431778 -0.233805
v 0.762982 -0.493880 -0.113425
v 0.839005 -0.338633 -0.110864
v 0.806073 -0.423185 -0.002866
v 0.870469 -0.108060 -0.314051
v 0.860946 -0.232314 -0.215236
v 0.807782 -0.286733 -0.327554
v 0.924473 -0.089301 -0.003618
v 0.897808 -0.170749 -0.105860
v 0.940227 0.005583 -0.099255
v 0.824050 0.372865 -0.551958
v 0.744736 0.347094 -0.656036
v 0.931448 0.413289 -0.335794
v 0.886242 0.395327 -0.443405
v 0.800179 -0.002058 -0.514890
v 0.851761 0.195976 -0.484466
v 0.866998 0.031335 -0.403990
v 0.946290 0.116416 -0.186690
v 0.914035 0.068865 -0.292160
v 0.943520 0.250892 -0.266168
v 0.064529 -0.981611 -0.063455
v 0.040402 -0.985910 0.000866
v 0.084458 -0.950610 -0.238017
v 0.078197 -0.971027 -0.144757
v 0.195016 -0.959664 0.000271
v 0.143110 -0.968659 -0.076337
v 0.235799 -0.943876 -0.084886
v 0.109454 -0.675025 -0.642699
v 0.106467 -0.770173 -0.541454
v 0.313805 -0.811682 -0.402434
v 0.211135 -0.799794 -0.478829
v 0.333850 -0.731627 -0.521789
v 0.102480 -0.858911 -0.443439
v 0.095909 -0.914588 -0.337720
v 0.621391 -0.698724 -0.001064
v 0.564104 -0.747706 -0.109665
v 0.670002 -0.632278 -0.112668
v 0.338897 -0.902250 -0.095091
v 0.450874 -0.837918 -0.103726
v 0.396801 -0.877539 -0.000374
v 0.525530 -0.713231 -0.329045
v 0.492103 -0.785700 -0.213446
v 0.409812 -0.808395 -0.313274
v 0.183615 -0.921944 -0.264862
v 0.290996 -0.873950 -0.288846
v 0.266467 -0.918532 -0.182824
v 0.691596 0.142401 -0.694901
v 0.725443 -0.178410 -0.531602
v 0.714611 -0.024496 -0.619431
v 0.617073 -0.044634 -0.714743
v 0.532413 -0.213188 -0.725197
v 0.707371 -0.547340 -0.226424
v 0.545161 -0.617389 -0.442263
v 0.633907 -0.591059 -0.336959
v 0.731317 -0.444376 -0.337923
v 0.731287 -0.321349 -0.437264
v 0.221796 -0.601821 -0.685939
v 0.440892 -0.364479 -0.729655
v 0.338465 -0.496777 -0.720313
v 0.336214 -0.617751 -0.620214
v 0.445531 -0.625692 -0.539173
v 0.644726 -0.347406 -0.544374
v 0.553327 -0.497742 -0.549387
v 0.548723 -0.359882 -0.644242
v 0.000000 0.223639 1.013430
v 0.000000 -0.022018 0.990067
v 0.000000 -0.556088 0.795836
v 0.000000 -0.294435 0.924028
v 0.000000 -0.987197 0.041098
v 0.000000 -0.966536 0.200376
v 0.000000 -0.743890 0.603113
v 0.000000 -0.900039 0.398170
v 0.987761 0.481959 0.060036
v 0.961658 0.421067 0.231868
v 0.979326 0.447271 0.139204
v 0.981285 0.333027 0.073619
v 0.966257 0.170606 0.083670
v 0.744788 0.310951 0.660944
v 0.823792 0.335554 0.554231
v 0.866603 0.016132 0.395346
v 0.851078 0.166287 0.479774
v 0.801664 -0.019369 0.511014
v 0.885894 0.364035 0.443930
v 0.931205 0.391296 0.335071
v 0.835730 -0.335190 0.104189
v 0.758275 -0.494267 0.107111
v 0.939222 -0.000420 0.091514
v 0.896162 -0.170682 0.098600
v 0.800648 -0.287240 0.318487
v 0.855214 -0.232735 0.206912
v 0.866002 -0.116141 0.304429
v 0.943109 0.238052 0.261178
v 0.913704 0.059721 0.284133
v 0.945847 0.110394 0.179909
v 0.059237 0.208897 1.010480
v 0.086448 -0.053325 0.979323
v 0.075019 0.083078 0.999507
v 0.137362 0.204197 1.001482
v 0.228874 0.212752 0.983260
v 0.109111 -0.590797 0.753096
v 0.107003 -0.467613 0.836217
v 0.304628 -0.231303 0.863994
v 0.208621 -0.354960 0.852223
v 0.316764 -0.366219 0.788191
v 0.102228 -0.332582 0.900786
v 0.094619 -0.195087 0.946870
v 0.546368 0.255454 0.839820
v 0.650522 0.279437 0.757744
v 0.330514 0.225749 0.951966
v 0.437944 0.237734 0.904556
v 0.510466 -0.088093 0.807512
v 0.478549 0.071507 0.863994
v 0.398767 -0.090734 0.874683
v 0.183760 -0.072707 0.959310
v 0.288164 -0.088399 0.925698
v 0.262139 0.063923 0.960349
v 0.064691 -0.981357 0.065115
v 0.235328 -0.943702 0.085122
v 0.144385 -0.968122 0.077282
v 0.077636 -0.970588 0.146196
v 0.084860 -0.950606 0.236822
v 0.668323 -0.633618 0.109068
v 0.559925 -0.751187 0.105986
v 0.404429 -0.806799 0.308918
v 0.488910 -0.787312 0.209624
v 0.519039 -0.708482 0.323251
v 0.446241 -0.840973 0.098916
v 0.337798 -0.902485 0.093585
v 0.106493 -0.777831 0.546709
v 0.108453 -0.683229 0.647447
v 0.094271 -0.916151 0.338625
v 0.101009 -0.864883 0.446472
v 0.325367 -0.727965 0.512298
v 0.212328 -0.811001 0.486060
v 0.312421 -0.812401 0.402324
v 0.266492 -0.917638 0.183722
v 0.291094 -0.877891 0.290013
v 0.183782 -0.922566 0.265885
v 0.689432 0.107916 0.697120
v 0.531198 -0.233986 0.728980
v 0.620653 -0.073699 0.723499
v 0.718993 -0.050545 0.622013
v 0.732446 -0.200780 0.532260
v 0.217739 -0.603778 0.683654
v 0.439136 -0.626911 0.532544
v 0.328815 -0.621720 0.613785
v 0.324993 -0.497683 0.704802
v 0.429354 -0.373621 0.718492
v 0.701721 -0.546752 0.220067
v 0.730123 -0.329141 0.431624
v 0.719282 -0.446772 0.326492
v 0.625794 -0.587998 0.329243
v 0.539693 -0.615973 0.436152
v 0.543349 -0.375613 0.640420
v 0.545775 -0.502124 0.541170
v 0.643925 -0.360303 0.541238
v 0.087524 2.586150 -0.724912
v 0.000000 2.673849 -0.717078
v 0.117306 3.659832 -0.446549
v 0.131066 3.337473 -0.570789
v 0.000000 3.303397 -0.593179
v 0.000000 3.619700 0.557896
v 0.308825 2.894418 -0.617962
v 0.328111 3.204796 -0.535442
v 0.180839 2.909966 0.688699
v 0.096419 2.912940 0.700500
v 0.466868 2.796550 -0.538525
v 0.113294 2.815148 -0.686504
v 0.136323 3.685434 0.508258
v 0.207023 2.858562 -0.661422
v 0.586657 2.681534 -0.441895
v 0.499182 3.068605 -0.444155
v 0.168291 3.772837 -0.359328
v 0.116862 3.897758 0.355324
v 0.621186 2.907935 -0.326586
v 0.388892 2.832465 -0.586320
v 0.338640 3.561977 0.453963
v 0.229424 3.268555 -0.563355
v 0.000000 3.700061 -0.438818
v 0.518294 3.279650 -0.331098
v 0.698237 2.761141 -0.200042
v 0.371229 3.659695 -0.279963
v 0.505486 3.419000 0.322238
v 0.256094 3.621523 0.487956
v 0.369171 3.759308 0.290422
v 0.629607 3.106421 -0.209259
v 0.128915 3.427849 0.598572
v 0.118439 3.938140 -0.228588
v 0.533758 2.725410 -0.494124
v 0.360732 3.433351 -0.431382
v 0.518878 3.494348 -0.167237
v 0.350270 3.259062 0.551323
v 0.502885 3.155810 0.431904
v 0.127137 4.005097 0.198906
v 0.734475 2.736835 0.047842
v 0.698620 2.911566 -0.083212
v 0.613304 3.298239 -0.048425
v 0.080832 3.204121 -0.615461
v 0.614492 3.030918 0.305171
v 0.328600 3.873461 -0.101224
v 0.685842 2.895172 0.172356
v 0.420625 3.140121 -0.494637
v 0.109979 4.052100 0.007638
v 0.080083 4.011801 -0.146946
v 0.665137 3.099174 0.066501
v 0.484804 3.678170 0.028029
v 0.292800 3.942376 -0.023309
v 0.143728 3.504450 -0.510806
v 0.347650 3.338812 -0.481300
v 0.573249 3.442661 0.113084
v 0.436083 3.696115 0.248853
v 0.128165 2.961499 -0.660900
v 0.132458 3.805186 0.433390
v 0.483331 2.936493 -0.497313
v 0.331703 3.902824 0.139608
v 0.604903 3.242709 0.205573
v 0.509707 3.508740 0.265375
v 0.310429 3.054697 -0.585156
v 0.204098 3.551455 -0.471940
v 0.040434 2.799100 -0.697740
v 0.000000 2.865410 -0.688398
v 0.000000 3.928814 0.354629
v 0.130585 3.077328 0.672687
v 0.608703 2.785488 -0.387403
v 0.458026 3.738594 0.104326
v 0.666226 2.825677 -0.263508
v 0.701570 2.835048 -0.137341
v 0.274778 2.755023 -0.654715
v 0.134471 3.552075 0.564605
v 0.130388 3.963329 0.275134
v 0.511251 3.190347 -0.385446
v 0.142872 3.858131 -0.302500
v 0.565702 2.995570 -0.386849
v 0.000000 3.746616 0.502850
v 0.627166 3.022600 -0.264683
v 1.132200 -0.056347 0.058292
v 0.000000 -0.400515 0.295419
v 0.000000 -1.504366 0.120347
v 0.000000 -0.441015 -0.659148
v 0.658553 -0.303598 -0.836634
v 1.178692 1.553595 0.210411
v 0.546673 -0.401363 0.830178
v 0.000000 -0.966820 -0.620121
v 0.576757 -1.050814 0.031651
v 0.000000 -1.051393 0.622834
v 0.000000 -0.411581 -0.172612
v 1.055660 -0.117394 -0.314007
v 0.917040 0.825816 -0.514123
v 1.274664 1.064798 0.133696
v 0.197717 -0.029678 -0.933381
v 0.086077 -0.532633 -0.925766
v 0.403150 -0.208831 0.260430
v 0.607005 0.155615 -0.476481
v 0.000000 -0.373537 0.676406
v 0.175969 -0.202929 1.012492
v 0.872160 0.569271 0.760369
v 0.991400 -0.162954 0.474132
v 0.395162 0.068919 0.801463
v 0.000000 -1.358728 -0.129982
v 0.288253 -0.715675 -0.798758
v 0.950669 -0.661624 0.054892
v 0.691068 -0.847322 -0.410271
v 0.377897 -1.101142 -0.320273
v 0.211226 -1.342292 0.086820
v 0.000000 -1.298965 0.320525
v 0.719675 -0.795287 0.417138
v 0.291828 -0.784911 0.764594
v 0.354195 -1.115540 0.390336
v 0.000000 -0.401297 0.142924
v 0.000000 -0.409596 -0.455994
v 1.113762 -0.066771 -0.108987
v 1.196174 0.589366 -0.093738
v 1.173838 0.208438 0.118317
v 0.730632 0.322879 -0.807067
v 1.042837 0.449725 -0.422609
v 0.915026 -0.191313 -0.586703
v 1.294393 1.660932 0.112767
v 1.177076 1.382916 -0.113762
v 1.063106 1.526202 -0.221086
v 0.076628 -0.279523 -0.741044
v 0.000000 -0.392364 -0.830996
v 0.310701 -0.369616 -0.974827
v 0.101624 -0.341213 -1.004854
v 0.388553 0.013344 -1.006331
v 0.162829 -0.362971 0.266645
v 0.288422 -0.319638 0.030634
v 0.988021 0.955726 -0.135813
v 0.615712 0.028636 -0.048505
v 0.796347 0.373515 0.346692
v 0.327749 -0.268783 -0.261693
v 0.240615 -0.204165 -0.583105
v 0.529000 0.348119 -0.910574
v 0.403708 0.087514 -0.767823
v 0.779081 0.621592 -0.570950
v 0.000000 -0.376711 0.422670
v 0.382675 -0.170724 0.965125
v 0.128865 -0.373299 0.973753
v 0.282835 -0.393276 0.949330
v 0.085835 -0.359589 0.978491
v 0.077862 -0.243264 0.958416
v 1.164444 0.442359 0.422443
v 1.102919 -0.065523 0.269576
v 1.070022 1.077200 0.611569
v 1.218194 1.049800 0.486237
v 0.795304 -0.305741 0.663833
v 0.901101 0.285511 0.701959
v 0.630451 0.044247 0.845078
v 0.214660 -0.307126 0.457731
v 0.147774 -0.142626 0.874920
v 0.218045 -0.181214 0.720312
v 0.489605 -0.000418 0.557980
v 0.878582 0.633911 0.615924
v 0.479501 0.128996 0.939427
v 0.641077 0.398781 0.831473
v 0.217194 -0.028185 0.971459
v 0.000000 -1.483006 0.026499
v 0.437793 -0.610192 -0.827277
v 0.191940 -0.559699 -0.909965
v 0.122827 -0.890762 -0.682345
v 1.081669 -0.306244 0.074694
v 1.041285 -0.401083 -0.144736
v 0.647833 -0.972076 -0.174204
v 0.846053 -0.772194 -0.216242
v 0.777085 -0.879070 0.076501
v 0.940330 -0.502049 -0.379186
v 0.737086 -0.603472 -0.620347
v 0.125904 -1.380288 -0.050942
v 0.109936 -1.444203 0.098043
v 0.390188 -1.193397 0.079660
v 0.298835 -1.238876 -0.105281
v 0.476107 -1.109215 -0.159781
v 0.517042 -0.840321 -0.600028
v 0.496176 -1.002766 -0.387355
v 0.390124 -0.941436 -0.558728
v 0.000000 -0.874455 0.770754
v 0.000000 -1.422956 0.194408
v 0.000000 -1.195186 0.464232
v 0.981741 -0.495870 0.292480
v 0.684106 -0.608729 0.639740
v 0.827057 -0.569431 0.498612
v 0.836103 -0.751763 0.246291
v 0.652228 -0.959257 0.237400
v 0.115680 -0.958930 0.688074
v 0.120251 -0.738721 0.838876
v 0.175719 -0.599349 0.896285
v 0.377354 -0.554430 0.858021
v 0.161224 -1.334105 0.197874
v 0.448681 -1.129107 0.203901
v 0.298805 -1.214327 0.255118
v 0.167300 -1.219761 0.375200
v 0.160671 -1.095604 0.544546
v 0.509266 -0.715193 0.709407
v 0.341591 -0.927268 0.631341
v 0.514469 -1.011799 0.378632
v 0.000000 -0.401509 0.227915
v 0.000000 -0.403354 0.001827
v 0.000000 -0.432811 -0.598921
v 0.000000 -0.404958 -0.318025
v 1.123361 -0.080659 -0.018427
v 1.146811 0.069402 -0.001917
v 1.147160 0.055069 0.087515
v 1.106252 0.216082 -0.256758
v 1.158934 0.238715 -0.082247
v 1.095925 -0.053279 -0.205952
v 1.238889 0.615699 0.152105
v 1.200055 0.404786 0.033687
v 1.237396 0.831041 0.025672
v 0.655889 -0.015049 -0.890863
v 0.802267 0.053022 -0.764255
v 0.785715 -0.224532 -0.743235
v 1.001332 0.703542 -0.455106
v 0.945578 0.369284 -0.587290
v 0.826339 0.507391 -0.695912
v 1.005644 -0.143063 -0.439733
v 0.932426 0.068607 -0.615869
v 1.033222 0.111220 -0.431899
v 1.202544 1.747353 -0.093262
v 1.138745 1.723020 -0.063163
v 1.244190 1.263256 0.003213
v 1.216274 1.545056 -0.047882
v 1.287797 1.463019 0.098931
v 0.995050 1.215385 -0.339755
v 1.123975 1.501766 -0.172147
v 1.053168 1.221146 -0.281241
v 1.128102 0.528817 -0.263182
v 1.123962 0.862547 -0.270254
v 1.199318 1.006091 -0.114507
v 0.032948 -0.370074 -0.696141
v 0.000000 -0.409492 -0.735017
v 0.048800 -0.244510 -0.893004
v 0.030535 -0.336835 -0.800805
v 0.127740 -0.145024 -0.843547
v 0.482790 -0.388460 -0.915378
v 0.380258 -0.219194 -0.991842
v 0.514021 -0.165128 -0.956053
v 0.091496 -0.453295 -0.962095
v 0.200486 -0.335404 -1.001499
v 0.209580 -0.444211 -0.964895
v 0.234762 -0.011222 -1.041614
v 0.220438 -0.182452 -1.025392
v 0.094316 -0.176394 -1.020617
v 0.000000 -0.361952 -0.928953
v 0.000000 -0.463138 -0.950009
v 0.075938 -0.388156 0.264575
v 0.096496 -0.386296 0.192419
v 0.335126 -0.282645 0.163317
v 0.210778 -0.356517 0.196921
v 0.270548 -0.320935 0.252304
v 0.113099 -0.385531 0.092716
v 0.172750 -0.368712 -0.029496
v 1.093977 1.415025 -0.001490
v 0.996154 0.841875 0.087341
v 1.118132 1.243621 0.254428
v 0.641959 0.138398 -0.359587
v 0.867769 0.471860 -0.018143
v 0.797283 0.450564 -0.353013
v 0.569406 0.004095 0.284415
v 0.710616 0.183062 0.156366
v 0.481866 -0.128363 0.148749
v 0.101838 -0.331964 -0.480303
v 0.077691 -0.331845 -0.592402
v 0.138506 -0.365580 -0.213241
v 0.143642 -0.341407 -0.339488
v 0.440654 -0.031621 -0.578433
v 0.275393 -0.243767 -0.461707
v 0.546606 -0.024205 -0.357583
v 0.371861 -0.250943 -0.003090
v 0.480776 -0.142680 -0.144683
v 0.338117 -0.276694 -0.102214
v 0.575859 0.197064 -0.927409
v 0.339036 0.143284 -0.967665
v 0.455301 0.200555 -0.984102
v 0.637447 0.364212 -0.866413
v 0.738572 0.569732 -0.752830
v 0.150952 -0.216325 -0.685070
v 0.516153 0.145182 -0.650842
v 0.329649 -0.062822 -0.688649
v 0.217687 -0.093924 -0.775775
v 0.297420 0.022833 -0.842036
v 1.023023 1.355511 -0.209940
v 0.815731 0.774716 -0.595606
v 0.924862 1.042447 -0.355867
v 0.887294 0.768781 -0.369432
v 0.698912 0.402129 -0.550445
v 0.460737 0.241032 -0.863684
v 0.564086 0.297253 -0.730200
v 0.658102 0.493910 -0.747257
v 0.000000 -0.389625 0.357653
v 0.000000 -0.369519 0.539961
v 0.441174 -0.225657 0.929341
v 0.324560 -0.298476 0.964818
v 0.400995 -0.366408 0.920288
v 0.142953 -0.293724 0.994922
v 0.211819 -0.319532 0.982491
v 0.245824 -0.164271 1.007873
v 0.169599 -0.471472 0.940467
v 0.189442 -0.389123 0.965167
v 0.120048 -0.406104 0.964184
v 0.022730 -0.382538 0.893367
v 0.104442 -0.236268 0.999773
v 0.051914 -0.328872 0.965927
v 0.093956 -0.303040 0.992125
v 0.093884 -0.418303 0.960952
v 0.111673 -0.357238 0.978853
v 1.132186 0.037582 0.209407
v 1.125786 -0.068014 0.134757
v 1.256035 0.788794 0.288419
v 1.197842 0.389211 0.260792
v 1.073942 -0.055671 0.365266
v 1.142186 0.186978 0.303827
v 1.073886 0.140634 0.439465
v 1.187955 1.474324 0.429973
v 1.261906 1.574152 0.407872
v 1.085779 0.800056 0.628691
v 1.210100 1.225714 0.506103
v 0.960000 0.793625 0.720406
v 1.303165 1.394456 0.297664
v 1.292239 1.151806 0.288879
v 0.656489 -0.374704 0.763086
v 0.693218 -0.148013 0.780689
v 0.569819 -0.218575 0.852713
v 0.969398 0.085834 0.569245
v 0.825672 -0.019548 0.694688
v 0.893814 -0.262695 0.572558
v 0.741567 0.249460 0.802265
v 0.768330 0.147948 0.769915
v 0.874893 0.423471 0.745394
v 1.232128 0.884350 0.434028
v 1.093214 0.610495 0.597583
v 1.104636 0.357103 0.492858
v 0.072557 -0.375672 0.364963
v 0.112382 -0.327751 0.562179
v 0.096947 -0.354720 0.459776
v 0.158049 -0.347394 0.364536
v 0.334654 -0.248103 0.425624
v 0.068232 -0.273621 0.844121
v 0.320547 -0.072818 0.749412
v 0.185681 -0.160592 0.787591
v 0.227750 -0.087947 0.848380
v 0.079663 -0.279706 0.774798
v 0.946783 0.706003 0.499905
v 1.122884 1.244680 0.427506
v 0.435276 -0.143217 0.401853
v 0.640317 0.163968 0.443565
v 0.622302 0.295159 0.707834
v 0.697184 0.296382 0.559673
v 0.477700 0.098212 0.693061
v 0.221390 -0.258603 0.577369
v 0.362631 -0.114061 0.646471
v 0.397231 -0.142964 0.541907
v 0.515783 -0.070723 0.902691
v 0.671434 0.312518 0.844229
v 0.548738 0.147474 0.900971
v 0.436758 0.006931 0.953909
v 0.316214 -0.035387 1.005553
v 0.989353 0.868697 0.602963
v 0.503665 0.232732 0.839465
v 0.726706 0.465750 0.754188
v 0.847827 0.645357 0.736321
v 0.764508 0.489967 0.817521
v 0.098500 -0.200201 0.919640
v 0.180679 -0.117386 1.018804
v 0.112792 -0.174947 0.983271
v 0.144041 -0.125072 0.938302
v 0.299898 0.024799 0.901523
v 0.564068 0.306469 0.903967
v 0.436127 0.175566 0.898777
v 0.342540 0.099485 0.989485
v 0.000000 -1.502109 0.082049
v 0.000000 -1.420258 -0.060123
v 0.000000 -1.107527 -0.472611
v 0.078123 -0.642153 -0.863521
v 0.597425 -0.483713 -0.813287
v 0.401651 -0.475941 -0.912076
v 0.260298 -0.626794 -0.865238
v 0.346485 -0.612646 -0.854708
v 0.355216 -0.692186 -0.799347
v 0.277918 -0.524474 -0.919578
v 0.052262 -0.875624 -0.696379
v 0.027446 -0.797272 -0.756441
v 0.254210 -0.792913 -0.743772
v 0.118703 -0.796643 -0.757532
v 0.194128 -0.670043 -0.843763
v 0.000000 -0.707947 -0.818087
v 1.110566 -0.177759 0.056926
v 1.093070 -0.230458 -0.052244
v 1.018589 -0.504646 -0.094007
v 1.060204 -0.384797 -0.022223
v 1.030125 -0.486633 0.059466
v 1.068755 -0.269178 -0.162914
v 1.030748 -0.296145 -0.287686
v 0.632711 -1.002335 -0.041166
v 0.733319 -0.920916 -0.017616
v 0.670728 -0.976093 0.057819
v 0.772579 -0.816157 -0.320411
v 0.760281 -0.883085 -0.131577
v 0.718197 -0.894823 -0.244726
v 0.851241 -0.799426 0.048207
v 0.843853 -0.803776 -0.083197
v 0.938974 -0.679561 -0.082888
v 0.815901 -0.392969 -0.650652
v 0.708752 -0.456553 -0.737747
v 0.970649 -0.324161 -0.417822
v 0.910234 -0.331765 -0.530334
v 0.715453 -0.727819 -0.542881
v 0.840264 -0.552411 -0.517172
v 0.809084 -0.715519 -0.427843
v 0.971373 -0.582153 -0.184560
v 0.902558 -0.655346 -0.303824
v 1.002056 -0.449445 -0.250697
v 0.064238 -1.471485 0.055421
v 0.042890 -1.483464 0.113654
v 0.079968 -1.354724 -0.111727
v 0.070117 -1.438373 -0.014497
v 0.164424 -1.390177 0.080414
v 0.136770 -1.413043 0.025733
v 0.192081 -1.356494 0.008215
v 0.096784 -1.104391 -0.463288
v 0.263359 -1.178099 -0.279907
v 0.205824 -1.102019 -0.431111
v 0.320025 -1.063876 -0.428365
v 0.101508 -1.299533 -0.176423
v 0.482591 -1.125189 0.082849
v 0.430716 -1.161121 -0.030705
v 0.553511 -1.060128 -0.085199
v 0.248517 -1.304140 -0.001936
v 0.351838 -1.220777 -0.006084
v 0.305784 -1.258462 0.068792
v 0.413706 -1.126341 -0.230039
v 0.374147 -1.181479 -0.138354
v 0.324788 -1.177367 -0.228132
v 0.156999 -1.302082 -0.143336
v 0.224757 -1.231230 -0.216585
v 0.220368 -1.290958 -0.100662
v 0.592238 -0.634490 -0.725943
v 0.630218 -0.807607 -0.539740
v 0.586975 -0.729287 -0.653642
v 0.440357 -0.700226 -0.764188
v 0.426995 -0.768087 -0.715188
v 0.545840 -1.051427 -0.175404
v 0.428580 -1.043023 -0.379589
v 0.493135 -1.055205 -0.287932
v 0.578294 -1.007314 -0.250661
v 0.606421 -0.935817 -0.373551
v 0.368410 -0.821894 -0.690511
v 0.242360 -0.927610 -0.630644
v 0.276546 -1.018784 -0.515009
v 0.395726 -1.011345 -0.457577
v 0.557434 -0.882743 -0.514652
v 0.455544 -0.955101 -0.497461
v 0.438670 -0.864315 -0.623101
v 0.000000 -0.948742 0.712639
v 0.000000 -0.782434 0.824617
v 0.000000 -1.475443 0.149345
v 0.000000 -1.351049 0.256371
v 0.000000 -1.137081 0.535484
v 0.000000 -1.250441 0.388088
v 1.098241 -0.174406 0.194164
v 1.010015 -0.327167 0.379010
v 1.068700 -0.234544 0.278047
v 1.052141 -0.390827 0.143768
v 0.990005 -0.565414 0.136396
v 0.641733 -0.508584 0.726969
v 0.766784 -0.444664 0.643806
v 0.776405 -0.672079 0.473579
v 0.763354 -0.568571 0.583532
v 0.692549 -0.706539 0.554020
v 0.842976 -0.455226 0.555930
v 0.929579 -0.417274 0.465639
v 0.714578 -0.925268 0.150235
v 0.630160 -1.001011 0.145896
v 0.896961 -0.721120 0.146431
v 0.819511 -0.817072 0.150469
v 0.688470 -0.895211 0.309509
v 0.758782 -0.850112 0.236788
v 0.776330 -0.772135 0.342590
v 0.925519 -0.522020 0.389088
v 0.860161 -0.645968 0.357340
v 0.940248 -0.615567 0.231090
v 0.054798 -1.001165 0.663820
v 0.061372 -0.923140 0.730172
v 0.185780 -0.770248 0.806728
v 0.235018 -0.881669 0.713189
v 0.080570 -0.806061 0.806872
v 0.334644 -0.461232 0.910871
v 0.472076 -0.495062 0.840798
v 0.217468 -0.512027 0.920973
v 0.272527 -0.573582 0.885298
v 0.244318 -0.710280 0.827250
v 0.066783 -1.444040 0.155286
v 0.192570 -1.341246 0.143343
v 0.136965 -1.395040 0.139814
v 0.088701 -1.378801 0.200781
v 0.094157 -1.315398 0.271428
v 0.541302 -1.074217 0.131134
v 0.429804 -1.159304 0.135242
v 0.330019 -1.171070 0.310172
v 0.372637 -1.180443 0.214623
v 0.414890 -1.114619 0.310460
v 0.355908 -1.209786 0.145939
v 0.265828 -1.278457 0.141405
v 0.086149 -1.151324 0.501628
v 0.067102 -1.086007 0.579545
v 0.091095 -1.268805 0.336278
v 0.090537 -1.213726 0.422171
v 0.266966 -1.108720 0.479654
v 0.191205 -1.156297 0.454338
v 0.268209 -1.175383 0.368922
v 0.224900 -1.276103 0.220804
v 0.244820 -1.223331 0.304767
v 0.175667 -1.266379 0.289328
v 0.545554 -0.579827 0.763878
v 0.363276 -0.751804 0.759050
v 0.438232 -0.649698 0.785953
v 0.596143 -0.659995 0.684291
v 0.608590 -0.802215 0.555982
v 0.102295 -1.027572 0.628992
v 0.354645 -1.014895 0.531142
v 0.252240 -1.049791 0.556378
v 0.229276 -0.958259 0.651077
v 0.311587 -0.853343 0.707206
v 0.575189 -1.028972 0.222069
v 0.632707 -0.902201 0.396293
v 0.589745 -0.988235 0.304789
v 0.509065 -1.056183 0.290831
v 0.447331 -1.061821 0.377209
v 0.451590 -0.870760 0.622431
v 0.467528 -0.979782 0.483086
v 0.531641 -0.894450 0.532966
v 1.200194 1.795308 0.154237
v 1.277167 1.939662 0.219400
v 1.154345 1.682500 -0.149044
v 1.089115 1.545064 -0.099472
v 1.158236 1.624739 0.069046
v 1.289823 1.805047 0.245013
v 1.180387 1.508634 0.293718
v 0.991985 1.326089 -0.267702
v 1.158821 1.403097 0.295419
v 1.185973 1.390762 0.525369
v 1.103937 1.191598 0.527307
v 0.852126 0.793472 -0.478724
v 1.146697 1.486238 0.126606
v 0.879081 0.685404 0.683434
v 1.177385 1.592641 -0.100410
v 1.301139 1.627935 0.263574
v 0.902254 1.009184 -0.436948
v 0.985187 1.114116 -0.216655
v 1.035683 1.277105 -0.132587
v 1.078063 1.385191 -0.240964
v 1.239020 1.708278 -0.010673
v 1.036550 1.111263 -0.035157
v 0.994440 0.891250 0.663974
v 1.038246 0.944224 0.491685
v 1.076085 1.180802 0.103097
v 0.745455 0.636769 -0.669966
v 0.806330 0.575967 -0.455093
v 1.156965 1.503303 -0.129945
v 1.308270 1.540185 0.190357
v 1.005987 1.032048 -0.360900
v 1.260278 1.607696 0.026675
v 1.123454 1.385081 -0.183720
v 1.084380 1.089375 0.411072
v 0.911860 0.660272 -0.206223
v 0.951372 0.727349 -0.072030
v 1.007243 0.813176 0.320895
v 1.233723 1.434758 -0.023239
v 0.927124 0.594558 -0.569317
v 0.804083 0.480221 0.587234
v 1.246697 1.353576 0.453117
v 1.084697 0.978333 0.643858
v 1.139381 0.979200 0.582394
v 0.869537 0.638242 0.767779
v 1.016347 0.812459 0.693286
v 0.530681 -0.947094 -0.444980
v 0.488336 -0.898618 -0.552708
v 0.906602 0.556194 0.160152
v 0.828287 0.465073 0.483026
v 0.753170 0.274433 -0.211121
v 0.820809 0.683954 -0.651727
v 0.977480 0.677057 0.705518
v 0.761043 0.353024 0.802058
v 0.984578 0.536153 -0.508492
v 0.979893 0.534209 0.687262
v 1.270278 1.129580 0.390902
v 1.087887 0.643538 -0.342776
v 0.815831 0.255378 0.755578
v 1.301816 1.264163 0.223804
v 1.162538 1.176657 -0.164712
v 0.824283 0.325401 -0.727412
v 1.162399 0.827892 0.543686
v 1.061632 0.940842 -0.331096
v 1.014826 0.313800 0.596491
v 1.172404 0.751117 -0.188205
v 0.731827 0.449318 -0.785228
v 1.067995 1.017604 0.375537
v 0.925928 0.626546 0.441631
v 1.044428 0.969594 0.662482
v 1.193209 1.236976 -0.104312
v 1.138411 1.168158 0.597886
v 0.953572 0.671198 0.220993
v 1.048694 1.002529 0.186892
v 0.844412 0.143155 0.713305
v 1.117092 1.591563 -0.038020
v 1.092119 1.647051 -0.147280
v 0.962982 0.784353 0.561163
v 0.745754 0.507399 0.782360
v 1.177547 1.782363 0.030182
v 1.063612 1.406068 -0.107259
v 0.773575 0.483951 0.670484
v 0.627535 0.354561 0.783539
v 1.073800 0.323711 -0.356298
v 0.763987 0.437533 0.809121
v 1.163133 0.604090 0.496308
v 1.224501 1.739121 0.374587
v 1.127562 1.261807 0.354441
v 1.109025 1.580047 -0.199724
v 1.030886 1.378435 -0.278622
v 0.985507 0.623991 0.695503
v 1.284439 1.268027 0.117622
v 1.063104 1.015102 0.275585
v 1.237601 1.414622 0.465703
v 0.974604 1.249500 -0.279739
v 1.027653 1.304124 -0.295551
v 1.239641 1.051945 0.008229
v 1.279101 0.996539 0.280553
v 1.300030 1.367205 0.161929
v 1.059794 1.467442 -0.152318
v 0.955948 1.006631 -0.416973
v 0.999679 1.120644 -0.345892
v 0.850839 0.535874 0.549089
v 1.212712 1.654590 0.340169
v 1.146393 1.332464 0.516567
v 0.951795 0.817351 0.658009
v 1.054976 1.011198 0.522520
v 1.225756 0.728252 0.399963
v 1.260016 1.251677 0.423402
v 1.196834 1.626431 0.271035
v 1.021896 0.877294 0.446057
v 1.166374 0.954718 0.548024
v 1.260290 0.830570 0.156442
v 1.185184 1.639061 0.178133
v 0.984986 0.407414 0.659634
v 1.281831 1.509627 0.364268
v 1.158968 1.386540 0.422546
v 0.932471 0.634888 0.050541
v 1.127366 1.527369 0.035569
v 1.158294 1.438958 0.221229
v 1.207081 0.818903 -0.095443
v 1.267198 1.356804 0.053870
v 0.791488 0.563585 0.787889
v 0.919278 0.733959 0.623707
v 1.186596 0.774529 0.502362
v 0.944116 0.645221 0.342122
v 1.125017 1.286716 -0.196589
v 1.132519 0.311967 0.418432
v 1.181508 1.714794 0.111968
v 1.033874 0.975928 0.603318
v 1.094598 1.085990 -0.263049
v 1.146747 1.341488 0.477110
v 1.160921 1.388475 0.368741
v 1.232368 1.933840 0.123351
v 1.063190 1.049742 0.554172
v 1.214291 1.151901 -0.066409
v 0.861108 0.579288 0.585685
v 1.213158 1.565887 0.455011
v 1.064481 1.240888 -0.007076
v 1.277181 1.757727 0.332167
v 1.109867 1.343448 0.108620
v 0.928392 0.705838 0.742273
v 1.275904 1.057709 0.347299
v 1.273627 0.924016 0.229720
v 1.171819 1.824377 -0.029905
v 1.304404 1.523304 0.280191
v 1.224952 1.170697 0.481324
v 1.200408 1.463442 -0.081087
v 1.220696 0.969907 0.473848
v 1.084650 1.291287 0.043798
v 0.939983 0.785316 0.637223
v 0.982604 1.184262 -0.256027
v 1.043799 1.051443 0.070811
v 0.925632 0.770356 0.701034
v 1.295033 1.238906 0.321860
v 1.022539 0.988395 0.013368
v 1.012432 0.830135 0.396788
v 1.291970 1.576100 0.103229
v 1.087043 1.110594 0.461056
v 1.260484 1.183803 0.054293
v 1.036659 0.979883 0.636386
v 0.951975 0.967001 -0.265297
v 0.892240 0.580313 0.490844
v 1.289908 1.295051 0.347080
v 1.080071 0.894445 0.638386
v 1.012840 1.138582 -0.140172
v 1.224752 0.620906 0.036323
v 1.258112 1.021041 0.396913
v 1.216068 1.908072 -0.056004
v 1.307727 1.438422 0.203474
v 1.165391 0.317013 0.334354
v 1.214405 0.556484 0.347268
v 1.169871 1.803819 -0.107780
v 1.234365 0.600466 0.274359
v 1.044166 0.664198 0.654164
v 1.208583 1.668599 -0.058477
v 1.065672 1.341828 -0.063395
v 1.187667 0.943420 0.518611
v 0.949126 0.691515 0.725282
v 0.992138 0.818335 0.504507
v 1.039099 0.900379 0.680837
v 1.097991 0.714511 0.609414
v 1.256294 0.938499 0.086428
v 1.226592 1.476650 0.477826
v 0.675037 0.416370 0.793084
v 1.208692 0.406291 0.144397
v 0.801393 0.568978 0.746093
v 1.137568 1.068580 0.589296
v 1.164951 1.295012 -0.142769
v 1.285360 1.699642 0.310189
v 1.116398 1.638015 -0.077738
v 1.214670 1.611795 0.394713
v 0.934675 0.407528 0.702502
v 1.136639 1.028212 -0.223860
v 0.950491 0.676928 0.124783
v 1.137308 1.383333 0.177323
v 1.174100 1.446812 0.482800
v 1.085763 1.458233 -0.057981
v 1.081850 1.040564 0.642718
v 1.134380 1.263203 0.568376
v 1.145926 1.682492 -0.010891
v 1.221150 1.800414 0.267276
v 1.260239 1.473880 0.418976
v 1.211710 1.336422 -0.061270
v 1.077749 1.112671 0.201836
v 1.221391 1.858233 0.201981
v 0.816683 0.530285 0.788953
v 0.969630 0.723832 0.431743
v 1.106999 1.170762 0.330134
v 1.291883 1.180549 0.183271
v 0.916346 0.677133 0.561175
v 1.258632 1.679948 0.397348
v 1.187918 1.773354 0.095143
v 1.166999 1.568881 0.137641
v 1.010704 1.258204 -0.197047
v 0.818223 0.446108 0.777433
v 1.258828 1.504710 0.023372
v 1.149763 1.434131 -0.145313
v 1.189617 1.523559 0.370266
v 0.898555 0.716359 0.734388
v 0.924358 0.576205 0.729042
v 1.024467 0.741339 0.678047
v 1.166298 1.703867 0.048538
v 1.271937 1.745456 0.055233
v 0.990378 0.876980 -0.044550
v 1.105833 1.178373 0.424648
v 1.187747 1.609452 0.229279
v 1.258689 1.919178 0.024072
v 1.202296 1.098329 0.512295
v 1.008729 0.847180 0.207279
v 1.096904 1.475561 -0.213731
v 1.071141 1.545033 -0.154090
v 1.174024 1.500964 0.242896
v 1.224093 0.913096 -0.040173
v 1.285049 1.610052 0.336949
v 1.273993 1.384357 0.396090
v 1.257125 0.861790 0.338509
v 1.165232 1.763792 -0.011600
v 1.065472 1.067015 0.577118
v 1.243118 0.728317 0.091613
v 0.991645 0.889445 0.632985
v 1.106579 1.192835 0.567222
v 1.290541 1.105355 0.254744
v 1.101633 1.240456 0.169798
v 1.012686 0.897620 0.550812
v 1.040874 1.348959 -0.149191
v 1.116915 1.183542 -0.222893
v 0.819880 0.525091 0.617698
v 1.223370 1.782651 -0.039285
v 1.283202 1.971754 0.123585
v 1.301362 1.736670 0.180890
v 1.094868 1.148252 0.497199
v 1.137462 1.307975 0.456562
v 1.252025 0.713348 0.217255
v 1.124758 1.454798 0.076069
v 0.885983 0.538027 0.394957
v 1.203142 0.861966 0.489353
v 1.250711 1.059154 0.428072
v 0.967819 0.748792 0.722766
v 1.102475 1.490391 -0.018912
v 0.786321 0.425398 0.544013
v 1.090224 0.445440 0.551268
v 1.083271 1.297561 -0.236855
v 0.908750 0.740880 0.689077
v 1.132184 1.671227 -0.048439
v 1.238700 1.131192 0.456372
v 1.136975 1.608955 0.010366
v 1.147322 1.349567 -0.157826
v 1.037437 1.188720 -0.078391
v 1.034304 0.225148 0.537187
v 1.204150 0.740659 0.459154
v 0.906053 0.558017 0.290359
v 1.219874 0.718348 -0.031669
v 1.137263 0.472334 0.490738
v 1.144246 1.605508 -0.149563
v 1.193243 1.854572 -0.086611
v 1.180781 1.674159 -0.095675
v 1.134190 1.732606 -0.128337
v 1.202060 0.596360 0.411773
v 1.159478 0.700682 0.530306
v 1.191301 0.444390 0.348388
v 1.186833 1.528549 -0.088982
v 1.057358 1.150630 0.031911
v 1.031068 0.435217 0.620188
v 1.138619 0.898539 0.577549
v 1.260039 1.097133 0.068036
v 1.117653 0.562749 0.553590
v 1.055948 0.985351 0.435536
v 1.266309 1.274693 0.059676
v 1.279573 1.177149 0.122999
v 0.753645 0.248453 -0.028340
v 0.663428 0.384940 0.862231
v 0.909801 -0.103494 0.591314
v 0.666471 0.157329 0.317354
v 0.567523 0.230983 0.894395
v 0.588761 0.204110 0.648239
v 0.649622 0.199176 0.848103
v 0.582478 0.001509 0.135106
v 0.488135 -0.131589 -0.004214
v 1.150237 0.401061 -0.182301
v 1.023636 -0.000522 0.469534
v 0.959431 -0.293855 0.477879
v 0.857341 -0.353278 0.584854
v 0.525795 -0.795279 0.639014
v 0.446765 -0.781037 0.698423
v 0.558608 -0.939391 0.440128
v 0.383197 -0.822913 0.700530
v 0.587516 -0.958270 0.371260
v 0.431829 -0.720337 0.748478
v 0.600652 -0.876947 0.476252
v 0.337735 -0.803013 0.735225
v 0.657627 -0.836433 0.453953
v 0.578627 -0.741158 0.642933
v 0.836308 0.401532 0.170070
v 0.631149 -0.720001 0.614135
v 0.683750 -0.777677 0.490797
v 0.720909 -0.509128 0.658804
v 0.519047 -0.644136 0.746649
v 0.728839 -0.739706 0.471488
v 0.655496 -0.676248 0.624618
v 0.686351 -0.853889 0.386055
v 0.630307 -0.940166 0.335767
v 0.392038 -0.698679 0.780227
v 0.723688 -0.832633 0.353145
v 0.885560 -0.498468 0.475064
v 0.642217 -0.947563 0.296845
v 0.742660 -0.636139 0.556508
v 0.761139 -0.739023 0.420806
v 0.614625 -0.580415 0.715003
v 0.795416 -0.511837 0.580217
v 0.335487 -0.672389 0.816593
v 0.780231 -0.613603 0.528580
v 0.738426 -0.838933 0.310461
v 0.705646 -0.909556 0.233312
v 0.728924 0.008519 0.776683
v 0.590718 -0.096581 0.855035
v 0.615718 0.178207 0.557249
v 1.043011 -0.196840 0.375338
v 0.726649 0.301865 0.458803
v 0.795186 -0.708652 0.398656
v 0.878084 -0.562058 0.430291
v 0.974344 -0.425801 0.381856
v 0.931701 -0.574526 0.317545
v 0.887414 -0.687652 0.245082
v 0.539388 0.002990 0.425335
v 0.686449 -0.453398 0.714670
v 0.554345 -0.492448 0.794316
v 0.700809 -0.282220 0.753521
v 0.785371 -0.154760 0.707218
v 0.523840 0.042691 0.908336
v 0.770461 -0.871276 0.152909
v 0.461018 -0.568710 0.814722
v 0.472408 -0.125372 0.269614
v 1.206272 1.716574 0.262095
v 1.223747 1.739602 0.330586
v 0.484186 0.172097 0.777753
v 0.419686 -0.946054 0.565599
v 0.845610 0.468217 -0.205615
v 0.488410 -0.306509 0.889729
v 0.331337 -0.092238 0.992558
v 0.482409 -0.161190 0.913591
v 0.295629 -0.727857 0.799724
v 0.278917 -0.904268 0.678718
v 0.478030 -0.392419 0.873813
v 0.374160 -0.869679 0.667425
v 0.245920 -0.827147 0.750644
v 0.170064 -1.030707 0.606068
v 0.294988 -0.988969 0.596669
v 0.291579 -0.228868 0.989448
v 0.144667 -0.983836 0.656994
v 0.425551 -0.428358 0.889297
v 0.422378 -0.298623 0.926835
v 0.396516 -0.251641 0.947612
v 0.160074 -0.803669 0.792660
v 0.190932 -0.262942 0.997458
v 0.257482 -0.751225 0.799064
v 0.098247 -0.986283 0.668231
v 0.126722 -1.062221 0.589582
v 0.051251 -1.038609 0.629617
v 0.237360 -0.103619 1.016819
v 0.277652 -0.634033 0.856216
v 0.212276 -0.432207 0.949144
v 0.000000 -1.096457 0.580757
v 0.000000 -0.999613 0.669480
v 0.194184 -0.728088 0.830333
v 0.313841 -0.527020 0.892006
v 0.127648 -0.260210 1.003905
v 0.072928 -0.959189 0.698150
v 0.353675 -0.349926 0.942501
v 0.334991 -0.399672 0.933344
v 0.000000 -0.908899 0.744737
v 0.259869 -0.451560 0.933996
v 0.140404 -0.892722 0.736489
v 0.109159 -0.857569 0.769409
v 0.326167 -0.602384 0.855332
v 0.263191 -0.337852 0.969564
v 0.216688 -0.567210 0.901641
v 0.403582 -0.485265 0.876370
v 0.064912 -0.858942 0.776084
v 0.232954 -0.663616 0.855931
v 0.031903 -0.748257 0.842176
v 0.000000 -0.827434 0.800386
v 0.046727 -0.434200 0.953792
v 0.378612 -0.615758 0.829412
v 0.132367 -0.182346 1.012604
v 0.000000 -0.594597 -0.888140
v 0.411659 -0.168446 -0.409186
v 0.421197 0.029573 -0.678740
v 0.345117 -0.118030 -0.599314
v 0.304461 -0.011349 -0.782691
v 0.244941 -0.304555 -0.323927
v 0.240280 -0.145612 -0.677072
v 0.206165 -0.063202 -0.845902
v 0.174284 -0.298265 -0.446077
v 0.000000 -0.527855 -0.925463
v 0.250318 -0.325872 -0.168921
v 0.155311 -0.254575 -0.597224
v 0.139254 -0.166131 -0.780088
v 0.064217 -0.399936 -0.237752
v 0.063290 -0.377182 -0.394210
v 0.085461 -0.393849 -0.093520
v 0.106654 -0.135406 -0.934535
v 0.368269 -0.160088 -0.503913
v 0.044511 -0.379467 -0.524000
v 0.083078 -0.298051 -0.677063
v 0.062005 -0.262134 -0.811071
v 0.038199 -0.267492 -0.981283
v 0.028178 -0.390519 -0.626939
v 0.039203 -0.344893 -0.740260
v 0.000000 -0.349235 -0.868379
v 0.040323 -0.416855 -0.965709
v 0.000000 -0.420176 -0.695530
v 0.000000 -0.397837 -0.788763
v 0.318556 -0.253374 -0.368274
v 0.384974 -0.047752 -0.640602
v 0.440030 -0.169591 -0.297130
v 0.212428 -0.334450 -0.239022
v 0.076193 -0.399646 -0.163119
v 0.210978 -0.298884 -0.395826
v 0.299657 -0.122811 -0.647460
v 0.364538 0.009286 -0.731112
v 0.308094 -0.183611 -0.541775
v 0.160349 -0.365637 -0.120625
v 0.180175 -0.338839 -0.288096
v 0.391325 -0.226420 -0.202532
v 0.101038 -0.391259 -0.010594
v 0.534718 0.022140 -0.469373
v 0.000000 -0.409511 -0.083049
v 0.253308 -0.042275 -0.807914
v 0.267207 -0.326851 -0.071632
v 0.320948 -0.284065 -0.172194
v 0.378198 -0.220799 -0.324435
v 0.169512 -0.280808 -0.505648
v 0.185800 -0.154894 -0.726829
v 0.121377 -0.334174 -0.414188
v 0.196776 -0.204446 -0.637304
v 0.155436 -0.089980 -0.891964
v 0.000000 -0.404917 -0.388007
v 0.221296 -0.249176 -0.513400
v 0.128643 -0.296693 -0.537463
v 0.271596 -0.079914 -0.730233
v 0.043317 -0.495600 -0.941282
v 0.070961 -0.384903 -0.318518
v 0.064621 -0.199966 -0.962144
v 0.000000 -0.409345 -0.252961
v 0.000000 -0.634663 -0.864471
v 0.133357 -0.084463 -0.991833
v 0.071594 -0.590480 -0.893927
v 0.146089 -0.395795 -0.987262
v 0.039841 -0.557454 -0.910943
v 0.088202 -0.180376 -0.882006
v 0.039434 -0.347571 -0.977744
v 0.111477 -0.367935 -0.276802
v 0.119464 -0.241679 -1.027158
v 0.049195 -0.314273 -0.767549
v 0.021655 -0.299402 -0.923235
v 0.086878 -0.701807 -0.825437
v 0.144498 -0.498746 -0.942658
v 0.137331 -0.612700 -0.882876
v 0.037081 -0.610847 -0.880076
v 0.054250 -0.376893 -0.461341
v 0.000000 -0.750689 -0.788782
v 0.041812 -0.670155 -0.844114
v 0.193747 -0.617840 -0.877572
v 0.161490 -0.739104 -0.797632
v 0.064992 -0.746825 -0.793780
v 0.212727 -0.503560 -0.938043
v 0.221656 -0.729301 -0.797924
v 0.268891 -0.581528 -0.890214
v 0.000000 -0.840018 -0.723996
v 0.081393 -0.839031 -0.725717
v 0.118835 -0.574274 -0.904437
v 0.121806 -0.687302 -0.835435
v 0.000000 -0.613830 -0.876502
v 0.130200 -0.650832 -0.859049
v 0.199050 -0.367165 0.077631
v 0.186282 -0.860521 -0.701898
v 0.259125 -0.671363 -0.836187
v 0.184442 -0.798841 -0.750411
v 0.156709 -0.283599 -1.016949
v 0.104581 -0.745903 -0.795128
v 0.161114 -0.108654 -1.042291
v 0.292579 -0.459297 -0.947409
v 0.240436 -0.381153 -0.983560
v 0.304608 -0.657830 -0.836907
v 0.311420 -0.891946 -0.646757
v 0.104145 -0.917601 -0.660331
v 0.030890 -0.903358 -0.673467
v 0.321420 -0.767557 -0.750375
v 0.368718 -0.743830 -0.756913
v 0.366586 -0.541422 -0.891175
v 0.255243 -0.875449 -0.676379
v 0.097797 -0.618459 -0.878772
v 0.019848 -0.749398 -0.790193
v 0.122651 -0.852348 -0.713824
v 0.046343 -1.015720 -0.572986
v 0.076587 -0.794271 -0.759792
v 0.236519 -1.011205 -0.539840
v 0.137174 -1.059680 -0.508899
v 0.293366 -0.934863 -0.608412
v 0.246309 -1.057356 -0.476256
v 0.333168 -1.021485 -0.482375
v 0.263361 -0.974981 -0.572529
v 0.037810 -0.379038 -0.579456
v 0.098891 -0.211831 -0.791767
v 0.059058 -0.323147 -0.713838
v 0.111064 -0.286270 -0.628205
v 0.014279 -0.402961 -0.660537
v 0.000000 -0.418655 -0.524572
v 0.021179 -0.375189 -0.761127
v 0.114311 -0.380807 -0.146071
v 0.021178 -0.404843 -0.556374
v 0.099144 -0.357121 -0.364002
v 0.035509 -0.398353 -0.353113
v 0.083109 -0.336877 -0.535402
v 0.055700 -0.346145 -0.645802
v 0.143441 -0.354420 -0.277875
v 0.114030 -0.222473 -0.741594
v 0.030904 -0.396475 -0.423623
v 0.261742 -0.220980 -0.525698
v 0.107843 -0.255061 -0.701729
v 0.010001 -0.373105 -0.822649
v 0.020035 -0.385153 -0.727099
v 0.060870 -0.355923 -0.556733
v 0.014828 -0.397266 -0.713116
v 0.000000 -0.420379 -0.636190
v 0.000000 -0.413303 -0.763088
v 0.216121 -0.273124 -0.461453
v 0.141253 -0.308970 -0.467536
v 0.034605 -0.403311 -0.280729
v 0.030705 -0.307906 -0.848203
v 0.191400 -0.247078 -0.557551
v 0.195928 -0.275153 -0.481557
v 0.000000 -0.429393 -0.954089
v 0.115035 -0.295821 -0.582808
v 0.000000 -0.496652 -0.938856
v 0.043574 -0.457765 -0.955351
v 0.032325 -0.584912 -0.894967
v 0.041128 -0.529145 -0.925988
v 0.011686 -0.614854 -0.876312
v 0.000000 -0.557959 -0.909200
v 0.135501 -0.304050 -0.497044
v 0.161731 -0.269360 -0.549215
v 0.026561 -0.399705 -0.491267
v 0.038877 -0.638805 -0.863445
v 0.000000 -0.670184 -0.842671
v 0.051275 -0.702920 -0.823235
v 0.078108 -0.563910 -0.909173
v 0.067520 -0.617341 -0.878075
v 0.078753 -0.671638 -0.844960
v 0.000000 -0.799404 -0.754337
v 0.120555 -0.721641 -0.812073
v 0.084327 -0.352793 -0.435902
v 0.163696 -0.318168 -0.397311
v 0.091312 -0.770410 -0.777449
v 0.039559 -0.841042 -0.723824
v 0.165289 -0.702487 -0.823308
v 0.141908 -0.770027 -0.776281
v 0.153264 -0.827158 -0.731870
v 0.056444 -0.817005 -0.742543
v 0.076669 -0.723641 -0.810330
v 0.000000 -0.926580 -0.654238
v 0.066876 -0.912511 -0.665607
v 0.198621 -0.765700 -0.773802
v 0.220477 -0.837528 -0.714889
v 0.142094 -0.922051 -0.653626
v 0.046807 -0.770969 -0.776001
v 0.100192 -0.820382 -0.739989
v 0.120665 -0.957059 -0.623677
v 0.212798 -0.890672 -0.672092
v 0.204494 -0.978698 -0.584833
v 0.088424 -0.988454 -0.596368
v 0.000000 -1.031273 -0.560090
v 0.017626 -0.992885 -0.596572
v 0.037369 -1.077087 -0.507458
v 0.037796 -1.119551 -0.453798
v 0.239300 -1.033703 -0.511134
v 0.000000 -1.155349 -0.404436
v 0.133385 -1.125056 -0.429632
v 0.110935 -1.143748 -0.409034
v 0.155599 -1.094783 -0.460613
v 0.268086 -1.088329 -0.420200
v 0.066676 -1.157225 -0.396633
v 0.289094 -1.050629 -0.464897
v 0.091904 -1.043215 -0.537216
v 0.139512 -1.147024 -0.396768
v 0.161804 -1.126173 -0.417516
v 0.276126 -0.908228 -0.641967
v 0.196353 -1.043712 -0.510776
v 0.190952 -0.349787 -0.185418
v 0.128809 -0.379539 -0.062015
v 0.263377 -0.277466 -0.389861
v 0.267293 -0.306329 -0.258235
v 0.213661 -0.350762 -0.086136
v 0.050494 -0.404085 -0.037776
v 0.195235 -0.321824 -0.336812
v 0.290598 -0.286147 -0.303904
v 0.060388 -0.397911 0.052246
v 0.000000 -0.401174 0.072355
v 0.341751 -0.209666 -0.448812
v 0.146740 -0.379050 0.043236
v 0.054704 -0.401485 0.000814
v 0.064817 -0.397547 0.128121
v 0.231572 -0.351085 0.004882
v 0.294803 -0.305962 -0.128557
v 0.104971 -0.389616 0.045785
v 0.153795 -0.376013 0.143901
v 0.309030 -0.302315 -0.032512
v 0.261705 -0.337393 0.115901
v 0.148640 -0.373052 0.209682
v 0.037904 -0.400773 0.181650
v 0.206854 -0.363321 0.134283
v 0.041643 -0.409649 -0.126949
v 0.271722 -0.328504 0.182390
v 0.054007 -0.397747 0.216884
v 0.120808 -0.377321 0.241979
v 0.325472 -0.292165 0.079362
v 0.245555 -0.347393 0.058180
v 0.107364 -0.385507 0.139477
v 0.153271 -0.377658 0.089668
v 0.009382 -0.401876 0.184006
v 0.031915 -0.401756 0.097767
v 0.187555 -0.368579 0.024660
v 0.221913 -0.351381 -0.045616
v 0.385835 -0.223485 -0.272929
v 0.273976 -0.327743 -0.016371
v 0.410119 -0.214602 -0.111866
v 0.090674 -0.495812 -0.943712
v 0.134469 -0.542056 -0.921468
v 0.158963 -0.591309 -0.894823
v 0.105745 -0.598907 -0.890657
v 0.240628 -0.696660 -0.820151
v 0.271439 -0.751465 -0.773518
v 0.299845 -0.841277 -0.694218
v 0.311214 -0.806124 -0.720560
v 0.372328 -0.888678 -0.627822
v 0.369801 -0.985205 -0.512226
v 0.339010 -0.927056 -0.599834
v 0.257588 -0.836957 -0.708119
v 0.353679 -1.040673 -0.442189
v 0.364389 -1.062705 -0.398044
v 0.403300 -0.974129 -0.507301
v 0.308576 -1.111602 -0.357287
v 0.211146 -1.213647 -0.257834
v 0.149370 -1.199879 -0.311452
v 0.236532 -1.138592 -0.360136
v 0.324039 -0.972760 -0.550632
v 0.172916 -1.155505 -0.368445
v 0.338532 -0.861442 -0.665985
v 0.226282 -0.646637 -0.856998
v 0.227717 -0.596855 -0.887277
v 0.147121 -0.449520 -0.965823
v 0.088578 -0.398173 -0.984535
v 0.163101 -0.637776 -0.866918
v 0.152441 -0.677504 -0.841318
v 0.101788 -0.662627 -0.851491
v 0.000000 -0.817132 -0.741185
v 0.000000 -0.883638 -0.689521
v 0.034237 -0.726013 -0.806899
v 0.024512 -0.868248 -0.702074
v 0.000000 -0.772738 -0.773526
v 0.023966 -0.690710 -0.830072
v 0.009998 -0.814432 -0.743374
v 0.000000 -0.733187 -0.800842
v 0.131963 -0.743977 -0.795975
v 0.171533 -0.768354 -0.775277
v 0.022657 -0.821726 -0.738224
v 0.142028 -0.712444 -0.817900
v 0.064215 -0.853721 -0.714175
v 0.064418 -0.686056 -0.835033
v 0.087747 -0.877207 -0.694659
v 0.149524 -0.798082 -0.754687
v 0.059107 -0.655122 -0.854517
v 0.114004 -0.770527 -0.777228
v 0.096951 -0.722905 -0.811381
v 0.020065 -0.652690 -0.854059
v 0.014324 -0.573448 -0.900620
v 0.084440 -0.946366 -0.635830
v 0.154910 -0.856226 -0.708716
v 0.159859 -0.958130 -0.617035
v 0.185929 -0.889796 -0.677309
v 0.143074 -1.005228 -0.569218
v 0.024998 -1.102751 -0.478382
v 0.186805 -0.922461 -0.647064
v 0.157407 -0.884934 -0.684274
v 0.000000 -1.073911 -0.514116
v 0.123655 -0.824006 -0.736415
v 0.186133 -0.831033 -0.725462
v 0.023468 -0.771967 -0.774521
v 0.051745 -0.794445 -0.759208
v 0.021782 -0.624123 -0.871335
v 0.055082 -0.626805 -0.871689
v 0.041367 -0.747724 -0.792213
v 0.069807 -0.770211 -0.777323
v 0.027272 -0.706215 -0.819996
v 0.056628 -0.724289 -0.809110
v 0.013474 -0.728400 -0.804413
v 0.218809 -0.866183 -0.692126
v 0.000000 -0.995980 -0.594090
v 0.016633 -0.372899 -0.793753
v 0.000000 -0.379445 -0.844054
v 0.007425 -0.400995 -0.762435
v 0.019347 -0.342903 -0.835266
v 0.000000 -0.395808 -0.815983
v 0.034664 -0.343604 -0.767445
v 0.027876 -0.368990 -0.731257
v 0.078585 -0.817375 -0.742570
v 0.041839 -0.956335 -0.628072
v 0.060349 -0.837351 -0.727113
v 0.036477 -0.818779 -0.740765
v 0.030633 -1.191019 -0.350358
v 0.000000 -1.215113 -0.315288
v 0.072072 -1.195858 -0.338648
v 0.000000 -1.188623 -0.355369
v 0.044775 -1.225543 -0.296608
v 0.116396 -1.175966 -0.359121
v 0.100725 -1.220147 -0.294650
v 0.155508 -1.245584 -0.234497
v 0.049281 -1.317622 -0.167425
v 0.000000 -1.302499 -0.191976
v 0.064667 -1.268006 -0.230280
v 0.000000 -1.254118 -0.257553
v 0.198560 -1.190093 -0.302110
v 0.000000 -0.574764 -0.899364
v 0.082755 -0.314295 -0.635550
v 0.056667 -0.315933 -0.740910
v 0.057069 -0.333060 -0.682616
v 0.071306 -0.355612 -0.498999
v 0.032835 -0.377584 -0.656937
v 0.119171 -0.261258 -0.667479
v 0.050277 -0.361859 -0.610686
v 0.100810 -0.314687 -0.561780
v 0.139599 -0.251610 -0.645547
v 0.285520 -0.191526 0.633400
v 0.296402 -0.144311 0.691127
v 0.238907 -0.119668 0.784860
v 0.268780 -0.130916 0.737234
v 0.271914 -0.270353 0.492595
v 0.155447 -0.214221 0.742490
v 0.132405 -0.186707 0.817813
v 0.289468 -0.225659 0.570164
v 0.090672 -0.217249 0.892825
v 0.157169 -0.252467 0.672991
v 0.135237 -0.290944 0.622629
v 0.120175 -0.225422 0.771152
v 0.033192 -0.363372 0.779190
v 0.000000 -0.409560 0.868070
v 0.027995 -0.369498 0.716177
v 0.105682 -0.202467 0.855063
v 0.054548 -0.364375 0.621562
v 0.175572 -0.298839 0.533250
v 0.031129 -0.358663 0.850249
v 0.036130 -0.365814 0.678961
v 0.244112 -0.312590 0.375628
v 0.136470 -0.329376 0.496758
v 0.070864 -0.366862 0.550156
v 0.278272 -0.284252 0.434325
v 0.155779 -0.334635 0.434296
v 0.045521 -0.372640 0.496537
v 0.114466 -0.356365 0.399079
v 0.120118 -0.368969 0.316737
v 0.051524 -0.373890 0.428157
v 0.228810 -0.280319 0.519761
v 0.031321 -0.382343 0.393055
v 0.213670 -0.223714 0.655502
v 0.045362 -0.393472 0.311293
v 0.221283 -0.153400 0.757475
v 0.188347 -0.179250 0.755257
v 0.100078 -0.346726 0.516200
v 0.194050 -0.328066 0.399280
v 0.090805 -0.330655 0.620440
v 0.000000 -0.369915 0.619411
v 0.115264 -0.267113 0.714711
v 0.071182 -0.319308 0.717248
v 0.000000 -0.379300 0.720095
v 0.173237 -0.136456 0.843365
v 0.106023 -0.221763 0.809416
v 0.055501 -0.316530 0.800684
v 0.000000 -0.370947 0.478427
v 0.000000 -0.414058 0.814471
v 0.074937 -0.251670 0.873740
v 0.247470 -0.225297 0.616877
v 0.117361 -0.362119 0.360797
v 0.084083 -0.365198 0.412711
v 0.259526 -0.258130 0.538207
v 0.108147 -0.254237 0.751009
v 0.121429 -0.281607 0.672671
v 0.253459 -0.185220 0.677297
v 0.030303 -0.370303 0.583685
v 0.178490 -0.259634 0.626913
v 0.183673 -0.219415 0.698511
v 0.144105 -0.243831 0.709216
v 0.078591 -0.352594 0.589044
v 0.031305 -0.350909 0.912352
v 0.120008 -0.164112 0.910062
v 0.169426 -0.280812 0.589842
v 0.080108 -0.362460 0.507191
v 0.035425 -0.371797 0.543533
v 0.141338 -0.301115 0.582696
v 0.171479 -0.317793 0.479566
v 0.023744 -0.373050 0.456104
v 0.000000 -0.429451 0.918474
v 0.000000 -0.410939 0.892259
v 0.064210 -0.284435 0.965781
v 0.019136 -0.403231 0.932437
v 0.058631 -0.282320 0.933467
v 0.026909 -0.369038 0.929169
v 0.033862 -0.360415 0.946457
v 0.089395 -0.236839 0.831017
v 0.042024 -0.328354 0.940399
v 0.145314 -0.192941 0.787853
v 0.080201 -0.280755 0.987061
v 0.045102 -0.405244 0.960519
v 0.067868 -0.341565 0.978852
v 0.047255 -0.309954 0.905162
v 0.000000 -0.441413 0.906066
v 0.092331 -0.224960 0.980924
v 0.021182 -0.422203 0.942118
v 0.108778 -0.178195 0.948511
v 0.084404 -0.227322 0.918904
v 0.000000 -0.425792 0.930232
v 0.091753 -0.212229 0.951434
v 0.070478 -0.414543 0.961567
v 0.110807 -0.326234 0.987883
v 0.093332 -0.209173 0.936052
v 0.204849 -0.126976 0.817191
v 0.322487 -0.234636 0.503034
v 0.341568 -0.168003 0.601760
v 0.208632 -0.338466 0.314694
v 0.318112 -0.154298 0.652616
v 0.078763 -0.381835 0.314370
v 0.310261 -0.285351 0.326886
v 0.380414 -0.192007 0.469442
v 0.257952 -0.317382 0.317964
v 0.161954 -0.355372 0.316072
v 0.299469 -0.282112 0.387547
v 0.120594 -0.374629 0.273672
v 0.212094 -0.347394 0.258754
v 0.343263 -0.197439 0.548760
v 0.031846 -0.400570 0.276133
v 0.342431 -0.269913 0.252266
v 0.374192 -0.224765 0.353349
v 0.302733 -0.261657 0.464337
v 0.201138 -0.332005 0.363591
v 0.286160 -0.248679 0.526412
v 0.193764 -0.090570 0.897232
v 0.185113 -0.113762 0.866774
v 0.144420 -0.133705 0.903232
v 0.116109 -0.166002 0.929092
v 0.133824 -0.169379 0.846826
v 0.113186 -0.180369 0.883477
v 0.081951 -0.255698 0.982504
v 0.070310 -0.311547 0.981132
v 0.100633 -0.270179 0.997735
v 0.088113 -0.333529 0.985467
v 0.105197 -0.190404 0.901540
v 0.095159 -0.209945 0.967419
v 0.064809 -0.301839 0.975995
v 0.078341 -0.251920 0.972205
v 0.074842 -0.446434 0.952648
v 0.096489 -0.389092 0.969575
v 0.108311 -0.434389 0.955796
v 0.092885 -0.508572 0.932068
v 0.061014 -0.374480 0.971743
v 0.023657 -0.445528 0.942335
v 0.040715 -0.373741 0.960361
v 0.040351 -0.459981 0.942621
v 0.072309 -0.634468 0.890259
v 0.050027 -0.650315 0.883697
v 0.090939 -0.651666 0.883093
v 0.000000 -0.674578 0.873836
v 0.133316 -0.585579 0.905146
v 0.155176 -0.702878 0.852483
v 0.095934 -0.776467 0.821782
v 0.073131 -0.734619 0.846473
v 0.049838 -0.783528 0.823089
v 0.118632 -0.814679 0.794997
v 0.138725 -0.774827 0.814937
v 0.037770 -0.704960 0.861036
v 0.158093 -0.742991 0.829485
v 0.199969 -0.691518 0.849497
v 0.029856 -0.855661 0.782236
v 0.046849 -0.823441 0.800277
v 0.085055 -0.891998 0.749583
v 0.084374 -0.832721 0.790065
v 0.027589 -0.923840 0.733313
v 0.037662 -0.890872 0.757588
v 0.178150 -0.652637 0.874239
v 0.075690 -0.601085 0.901776
v 0.053554 -0.535276 0.922805
v 0.000000 -0.730638 0.850385
v 0.070928 -0.688047 0.868133
v 0.105676 -0.697134 0.861964
v 0.053647 -0.299123 0.872936
v 0.084328 -0.237492 0.855041
v 0.028715 -0.401138 0.950831
v 0.000000 -0.442745 0.937894
v 0.048489 -0.348312 0.732511
v 0.090370 -0.223264 0.870705
v 0.109963 -0.207794 0.830215
v 0.000000 -0.409521 0.848789
v 0.048553 -0.320177 0.839103
v 0.085762 -0.225390 0.909198
v 0.090184 -0.282912 0.738019
v 0.056633 -0.346883 0.697514
v 0.098999 -0.292969 0.698915
v 0.159102 -0.843361 0.766815
v 0.038987 -0.944866 0.715141
v 0.106095 -0.926906 0.717902
v 0.185538 -0.874624 0.736050
v 0.033425 -0.970926 0.693206
v 0.154860 -0.939190 0.693440
v 0.863588 0.896731 -0.475327
v 0.945176 0.868577 -0.247518
v 0.855679 0.628274 -0.365529
v 0.675051 0.288233 -0.477346
v 1.180275 0.411641 -0.085066
v 0.935965 1.136609 -0.351438
v 0.871008 0.866888 -0.537757
v 0.986252 0.897820 -0.420712
v 0.581167 -0.017002 -0.189607
v 0.911410 0.590373 -0.047282
v 0.984212 0.271125 -0.533893
v 0.678814 0.173471 -0.865411
v 0.886133 0.220175 -0.671418
v 0.867460 -0.079883 -0.684462
v 1.118574 0.085507 -0.180676
v 0.737552 -0.086827 -0.817632
v 0.981269 -0.044659 -0.525361
v 0.859220 -0.265436 -0.641935
v 0.700645 -0.188944 -0.832664
v 0.525914 0.019987 -0.963358
v 1.074086 0.066542 -0.318300
v 0.730679 -0.331885 -0.768643
v 0.686185 0.466696 -0.650234
v 0.640915 0.460105 -0.843487
v 0.906597 -0.430457 -0.481097
v 0.865849 -0.428142 -0.555627
v 0.597924 -0.373580 -0.856485
v 0.480177 0.112613 -0.977274
v 0.786429 -0.497008 -0.633317
v 0.631330 -0.166455 -0.890791
v 0.778918 -0.655703 -0.530772
v 0.354167 0.105520 -1.019145
v 0.881368 -0.614122 -0.411842
v 0.503393 -0.665383 -0.761146
v 0.512701 -0.541702 -0.831424
v 0.659390 -0.674986 -0.641999
v 0.659268 -0.536089 -0.740788
v 0.799292 -0.858438 -0.006615
v 0.533915 -0.320853 -0.911234
v 0.958850 -0.549797 -0.281150
v 0.836487 -0.748006 -0.318230
v 0.912770 -0.692714 -0.187071
v 0.347049 -0.153781 -1.007191
v 0.735083 -0.780014 -0.456700
v 0.726977 -0.928054 0.065477
v 0.689585 -0.949947 -0.106822
v 0.889259 -0.740474 -0.143000
v 0.433000 0.244182 -0.946408
v 0.510828 -0.772421 -0.668261
v 0.650087 -0.738061 -0.597884
v 0.565367 -0.798932 -0.607024
v 0.407741 -0.654138 -0.809200
v 0.490057 -0.462447 -0.881453
v 0.475738 -0.270999 -0.951905
v 0.641683 -0.953933 -0.262365
v 0.615428 -0.880144 -0.457092
v 0.605115 -1.013749 -0.131162
v 0.754997 -0.793929 -0.405462
v 0.785350 -0.869903 -0.057566
v 0.782756 -0.842738 -0.213571
v 0.545183 0.265292 -0.934400
v 0.452574 -0.998782 -0.433505
v 0.546486 -1.002961 -0.327400
v 0.437571 -1.074656 -0.312691
v 0.472164 -1.041727 -0.341814
v 0.677171 -0.903070 -0.323880
v 0.700208 -0.929804 -0.173135
v 0.654020 0.104715 -0.234582
v 0.718857 0.290180 -0.362934
v 0.668819 0.114192 0.059036
v 0.744191 0.516505 -0.560028
v 0.720759 0.552411 -0.663421
v 0.545908 -0.066575 -0.098540
v 0.742703 0.423521 -0.462920
v 0.537810 -0.064791 0.066603
v 0.624830 0.259864 -0.560630
v 0.547755 0.346624 -0.824926
v 0.592989 0.262938 -0.633279
v 0.423653 -0.200029 0.070443
v 0.300381 -0.073619 -1.022817
v 0.412853 -0.207043 0.162941
v 0.368756 0.129633 -0.876249
v 0.443669 -0.070170 -0.988761
v 0.589003 -0.065679 -0.930414
v 0.787468 0.378307 -0.285579
v 0.435870 0.173205 -0.820331
v 0.483676 0.177460 -0.743574
v 0.516514 0.066109 -0.564273
v 0.276112 -0.271134 -1.003675
v 0.591433 0.082473 -0.419044
v 0.515112 -0.094266 -0.248774
v 0.295331 0.065894 -0.915243
v 0.258464 0.053019 -0.971659
v 0.398600 -0.726523 -0.760156
v 0.445846 -0.179655 -0.056573
v 0.614503 0.400391 -0.742009
v 0.524287 -0.067974 0.203203
v 0.637880 0.349993 -0.632603
v 0.603102 0.097997 -0.923681
v 0.466596 -0.814232 -0.657941
v 0.569682 -0.834297 -0.565831
v 0.751737 0.270732 0.249546
v 0.833092 0.690887 -0.472405
v 0.892153 0.558445 -0.136086
v 0.909322 0.743429 -0.288596
v 0.787306 0.308849 0.071539
v 0.628218 0.076901 0.228436
v 0.468893 -0.074246 0.484924
v 0.662790 0.218328 -0.420148
v 0.697276 0.240156 0.402891
v 0.799928 0.712324 -0.579104
v 0.606280 0.079555 0.369440
v 0.426722 -0.017853 0.655092
v 0.811814 0.365154 -0.116206
v 0.899098 0.538871 0.086413
v 0.702963 0.163688 -0.125359
v 0.864133 0.466361 0.235157
v 0.689621 0.558548 -0.755145
v 0.649966 0.268193 -0.872912
v 0.947994 -0.234399 -0.510043
v 0.768225 0.645732 -0.702307
v 0.870721 0.062521 -0.693151
v 0.950532 0.778238 -0.163462
v 1.047053 -0.006627 -0.379206
v 1.019059 -0.224768 -0.366547
v 0.989963 -0.397412 -0.335748
v 0.763472 0.182735 -0.795943
v 0.874419 0.646344 -0.612678
v 1.113438 0.363881 -0.270911
v 1.039605 0.281301 -0.430594
v 0.914037 0.895828 -0.352764
v 1.083269 0.491759 -0.347355
v 0.958190 0.757984 -0.491452
v 0.957134 1.057472 -0.281054
v 1.071766 0.186368 -0.346430
v 0.886561 0.457277 -0.646446
v 1.070743 -0.182233 -0.227692
v 0.981061 1.034168 -0.201876
v 0.862400 0.779576 -0.583364
v 0.926252 -0.061684 -0.608381
v 0.848181 -0.187031 -0.682210
v 1.099536 0.096824 -0.252211
v 0.856627 0.552770 -0.292685
v 0.774897 0.550153 -0.728775
v 1.038244 -0.356465 -0.212273
v 1.091153 -0.151534 -0.164092
v 1.011996 -0.485989 -0.169342
v 1.135380 0.232418 -0.173145
v 0.717018 -0.868431 -0.324756
v 1.060822 0.789831 -0.365388
v 1.163767 0.555339 -0.187117
v 1.168157 0.919756 -0.191549
v 1.140393 0.698898 -0.252450
v 1.030252 0.589829 -0.435313
v 0.988337 0.090151 -0.525658
v 0.997078 0.415306 -0.505318
v 0.484585 0.267790 -0.963286
v 0.588693 0.363077 -0.897583
v 0.714068 0.100580 -0.844764
v 0.937024 0.491498 -0.580403
v 0.941841 0.242250 -0.600328
v 0.775976 0.419702 -0.756281
v 1.017556 -0.013495 -0.454592
v 0.802957 -0.084774 -0.757034
v 0.500971 0.194644 -0.964094
v 0.886411 0.346480 -0.662391
v 0.601446 0.275985 -0.901980
v 0.825110 0.198858 -0.737767
v 0.584320 0.419698 -0.837342
v 1.174108 0.235302 0.012902
v 1.136974 0.078763 -0.093783
v 0.969505 0.627655 -0.510049
v 0.684092 0.455663 -0.820066
v 0.901217 -0.741213 -0.000662
v 1.096894 -0.173625 -0.112678
v 0.903949 -0.734669 0.062319
v 1.068055 -0.324749 -0.096017
v 0.999317 -0.573071 -0.017195
v 0.488443 0.298603 -0.891819
v 0.986720 -0.588538 -0.095523
v 0.995988 -0.576145 0.058134
v 1.030056 -0.491247 -0.018954
v 1.058729 -0.395757 0.063562
v 0.809990 -0.828328 -0.160689
v 0.398405 0.190582 -0.915540
v 0.389356 0.186378 -0.995250
v 0.589662 -0.224849 -0.906420
v 0.438280 -0.914171 -0.567238
v 0.511149 -1.102632 -0.003144
v 0.489453 -1.112273 -0.088211
v 0.494165 -1.079319 -0.220908
v 0.517469 -1.083246 -0.128441
v 0.531586 -1.045195 -0.243418
v 0.327596 -1.142417 -0.291173
v 0.268718 -1.232510 -0.170531
v 0.212058 -1.264910 -0.163845
v 0.431930 -1.150332 -0.108704
v 0.271026 -1.207045 -0.223448
v 0.325994 -1.202193 -0.166740
v 0.440782 -1.156943 0.040217
v 0.429699 -1.164132 0.089731
v 0.509295 -0.922358 -0.503507
v 0.394838 -1.190771 0.026829
v 0.361451 -1.138156 -0.267975
v 0.387000 -1.187251 -0.071224
v 0.360481 -1.173787 -0.191171
v 0.425460 -1.143623 -0.160020
v 0.187578 -1.261845 -0.189452
v 0.342715 -1.217826 -0.071646
v 0.401836 -1.182270 0.112473
v 0.299091 -1.256405 -0.037508
v 0.358114 -1.218393 0.052102
v 0.257675 -1.282761 -0.055657
v 0.346025 -1.225449 0.091750
v 0.292519 -1.269222 0.014831
v 0.318593 -1.243661 0.112066
v 0.220377 -1.316882 -0.038706
v 0.255777 -1.302657 0.050394
v 0.295526 -1.239274 0.193393
v 0.180973 -1.344288 -0.046386
v 0.163595 -1.334262 -0.086419
v 0.254258 -1.300699 0.092966
v 0.411385 -0.903682 -0.596057
v 0.071076 -1.404409 -0.062670
v 0.231225 -1.316682 0.116352
v 0.220199 -1.335327 0.039916
v 0.132027 -1.344348 -0.097886
v 0.211273 -1.308617 0.176116
v 0.153608 -1.308571 0.241896
v 0.193121 -1.362833 0.051631
v 0.159902 -1.375452 -0.015618
v 0.177629 -1.368894 0.113177
v 0.172374 -1.383273 0.042272
v 0.144924 -1.365406 0.170982
v 0.114667 -1.339122 0.231004
v 0.484363 -0.976980 -0.441691
v 0.546295 -0.973826 -0.384458
v 0.074850 -1.347981 0.241271
v 0.579852 -0.913514 -0.447594
v 0.598667 -1.007086 -0.189293
v 0.402848 -1.171142 0.175036
v 0.331062 -1.212035 0.202440
v 0.568732 -1.053989 -0.024719
v 0.046314 -1.310633 0.296664
v 0.594887 -0.976262 -0.304436
v 0.236132 -1.246443 0.267832
v 0.538709 -1.028716 -0.278828
v 0.478378 -1.123494 0.137773
v 0.616818 -0.986387 -0.218219
v 0.502678 -1.027016 -0.337166
v 0.530017 -1.088633 0.059288
v 0.364256 -1.167243 0.268343
v 0.285829 -1.197590 0.310096
v 0.203124 -1.228482 0.334860
v 0.401015 -1.149104 0.249638
v 0.159135 -1.247314 0.334177
v 0.610664 -1.024352 0.078948
v 0.624599 -1.013036 0.031121
v 0.645145 -0.984663 -0.113426
v 0.677608 -0.938426 -0.213535
v 0.404872 -1.054950 0.435035
v 0.331938 -1.083705 0.462634
v 0.303341 -1.066687 0.508344
v 0.219598 -1.105725 0.509526
v 0.460111 -1.028546 0.418852
v 0.296931 -1.127809 0.427265
v 0.406551 -1.088118 0.378575
v 0.472802 -1.062459 0.339543
v 0.510946 -1.078417 0.221225
v 0.472024 -1.095763 0.256861
v 0.342546 -1.145410 0.345264
v 0.256919 -1.144475 0.432823
v 0.650469 -0.241860 0.796725
v 1.034525 -0.366326 0.270092
v 0.532116 0.292410 0.875067
v 0.696738 0.179326 0.819696
v 0.951676 0.205239 0.630628
v 0.734506 0.400746 0.638221
v 1.160493 0.187971 0.221666
v 1.095350 0.068588 0.364414
v 1.014501 -0.476801 0.198719
v 0.662632 0.297326 0.641397
v 0.984731 -0.541672 0.214635
v 1.069333 -0.292898 0.206248
v 1.118585 0.064366 0.293040
v 0.562488 -0.325611 0.839713
v 1.078086 -0.144216 0.310463
v 0.948146 -0.644444 0.142319
v 1.088514 -0.156937 0.262834
v 0.811873 0.419265 0.418886
v 0.542451 0.189325 0.700862
v 0.411863 0.125433 0.860220
v 0.814655 0.184844 0.745398
v 0.793165 0.078999 0.740717
v 0.548206 0.128899 0.619005
v 0.664037 -0.044403 0.815100
v 0.896529 0.013804 0.632832
v 0.403935 0.016503 0.724114
v 0.758205 -0.083278 0.741160
v 0.668906 0.235721 0.511854
v 0.710522 0.094174 0.802321
v 0.566931 0.078681 0.499083
v 0.506717 -0.065411 0.343961
v 0.809625 -0.388496 0.622582
v 0.469929 -0.924866 0.552283
v 0.609140 -0.432692 0.779572
v 0.619889 0.237562 0.863904
v 0.469280 -0.106258 0.926637
v 0.444631 0.181502 0.961593
v 0.312404 -0.016729 0.823619
v 0.705603 0.282477 0.822925
v 0.372179 0.113564 0.924854
v 0.585382 0.107843 0.877688
v 0.392770 0.061642 0.984958
v 0.483187 0.069202 0.931968
v 0.265212 0.003668 1.017458
v 0.972799 -0.047561 0.528086
v 0.622066 -0.179811 0.824876
v 0.839648 -0.129856 0.660430
v 0.541563 -0.128226 0.881225
v 0.937142 -0.191592 0.538704
v 0.228912 -0.037129 0.928113
v 0.570092 -0.032494 0.874340
v 0.742729 -0.224175 0.730421
v 0.563092 0.267577 0.771364
v 0.684438 0.392107 0.729318
v 0.748083 0.352651 0.513852
v 0.416761 -0.074752 0.607193
v 0.879498 0.350253 0.730676
v 0.731428 -0.354640 0.708359
v 0.150352 -0.110699 0.983986
v 0.793848 0.315903 0.780046
v 0.462378 0.172287 0.827407
v 0.838926 -0.228352 0.640926
v 0.640258 0.238674 0.602740
v 0.988308 0.190722 0.582749
v 0.611016 -0.288723 0.814682
v 0.714406 -0.418655 0.703141
v 0.886509 0.129432 0.673283
v 0.829654 0.582604 0.676474
v 0.774677 -0.004097 0.740108
v 0.865313 0.052097 0.673463
v 0.954787 0.316418 0.662700
v 0.363565 0.090145 0.896033
v 1.202150 1.321982 0.523122
v 0.590920 0.337844 0.830706
v 0.434765 0.080954 0.743330
v 0.490306 -0.223193 0.901421
v 0.902949 0.198380 0.676850
v 0.773422 0.218751 0.777988
v 0.617791 0.312041 0.877471
v 0.502026 0.198779 0.936695
v 0.472735 0.231792 0.920763
v 1.073054 0.354883 0.538746
v 0.476553 0.049601 0.643986
v 0.934111 -0.001353 0.587242
v 0.799064 -0.089267 0.706429
v 0.430538 0.125117 0.971693
v 0.706984 0.390682 0.837206
v 0.482520 -0.019147 0.926999
v 0.521931 0.177210 0.915210
v 0.699974 0.452040 0.832724
v 0.611983 0.367276 0.871597
v 0.393422 0.149230 0.950575
v 0.486389 0.232820 0.884184
v 0.710368 -0.065865 0.780109
v 1.258847 1.841342 0.324942
v 1.215121 1.814882 0.226419
v 1.240027 1.879381 0.264309
v 1.197588 1.698553 0.214717
v 1.287161 1.861348 0.255673
v 1.239149 1.903191 0.211518
v 1.209693 1.767030 0.229404
v 1.211133 1.833945 0.177165
v 1.229031 1.791288 0.317393
v 1.190860 1.732693 0.149851
v 1.291885 1.893680 0.212196
v 1.227469 1.673743 0.412777
v 1.306212 1.651538 0.191599
v 1.265540 1.441751 0.035892
v 1.270766 1.688490 0.047545
v 1.048525 0.944914 0.350470
v 1.201115 1.610067 0.320830
v 1.091057 1.109675 0.307559
v 1.227480 1.845640 0.244099
v 1.203961 1.665465 0.282287
v 1.204235 1.562410 0.386449
v 1.221842 1.690607 0.351763
v 1.106937 1.439470 -0.193534
v 1.269686 1.653985 0.373144
v 1.191618 1.829247 0.051451
v 1.139657 1.322886 0.278081
v 1.230140 1.612262 -0.024615
v 1.220128 1.304105 0.495204
v 1.248221 1.980760 0.091269
v 1.299229 1.695463 0.249147
v 1.297919 1.727119 0.132798
v 1.245839 1.599654 0.434741
v 1.172810 1.641902 0.110181
v 1.150373 1.549139 0.094822
v 1.287969 1.383478 0.107387
v 1.262684 1.779911 0.357356
v 1.240772 1.349294 -0.007914
v 1.197118 1.544276 0.431179
v 1.062246 1.087034 0.139674
v 1.145832 1.328963 0.360199
v 1.164973 1.517342 0.171669
v 1.212423 1.761178 0.263258
v 1.232470 1.832412 0.291416
v 1.191993 1.653754 0.216205
v 1.282607 1.915297 0.255332
v 1.282857 1.787000 0.291418
v 1.201520 1.673521 0.253897
v 1.159819 1.383835 0.514642
v 0.000000 -0.399309 0.184072
v 0.168788 -0.314085 0.987741
v 0.148552 -0.391319 0.967456
v 0.163293 -0.354827 0.977172
v 0.159227 -0.255068 1.002813
v 0.136993 -0.337159 0.983503
v 0.127870 -0.146648 0.965056
v 0.096136 -0.246229 0.791363
v 0.097245 -0.254671 0.769247
v 0.133675 -0.220112 1.010138
v 0.123163 -0.173026 0.865096
v 0.118341 -0.296157 0.995241
v 0.108071 -0.203544 0.996694
v 0.120910 -0.209482 0.795036
v 0.041901 -0.351336 0.754288
v 0.016830 -0.393578 0.802346
v 0.000000 -0.369050 0.736758
v 0.000000 -0.402601 0.788890
v 0.118908 -0.191230 0.837504
v 0.130757 -0.155940 0.894048
v 0.000000 -0.381778 0.766030
v 0.098685 -0.205881 0.875790
v 0.111646 -0.226723 0.792389
v 0.029043 -0.370598 0.747727
v 0.079443 -0.236318 0.933350
v 0.058691 -0.323348 0.756938
v 0.101717 -0.194037 0.962803
v 0.070793 -0.256096 0.905039
v 0.088780 -0.218729 0.927164
v 0.146155 -0.427984 0.956245
v 0.179289 -0.430496 0.953310
v 0.129437 -0.502596 0.932844
v 0.159366 -0.517959 0.925982
v 0.168599 -0.554531 0.913263
v 0.115471 -0.544398 0.919500
v 0.110798 -0.469122 0.944526
v 0.000000 -0.487374 0.935569
v 0.031393 -0.572553 0.910818
v 0.000000 -0.608267 0.899553
v 0.000000 -0.545452 0.918310
v 0.060919 -0.485158 0.937590
v 0.000000 -0.422131 0.916521
v 0.014711 -0.399891 0.911892
v 0.000000 -0.423148 0.909505
v 0.011470 -0.425268 0.925597
v 0.031869 -0.427640 0.951955
v 0.163684 -0.190195 0.768229
v 0.022808 -0.369656 0.649894
v 0.125319 -0.246225 0.733682
v 0.000000 -0.367242 0.698915
v 0.166673 -0.157111 0.816641
v 0.000000 -0.370565 0.649443
v 0.142760 -0.274585 0.649084
v 0.066252 -0.347171 0.656909
v 0.151094 -0.162005 0.831087
v 0.043848 -0.318027 0.923117
v 0.105804 -0.306388 0.649573
v 0.156461 -0.173500 0.802596
v 0.026659 -0.368832 0.618764
v 0.000000 -0.420214 0.830156
v 0.082947 -0.320198 0.678234
v 0.061171 -0.295680 0.823972
v 0.126818 -0.235671 0.750026
v 0.015074 -0.370143 0.676272
v 0.047403 -0.364374 0.652280
v 0.146072 -0.206183 0.767873
v 0.129908 -0.264557 0.693179
v 0.008475 -0.374520 0.718290
v 0.109043 -0.263055 0.734580
v 0.093090 -0.268367 0.758491
v 0.090964 -0.243293 0.810446
v 0.041712 -0.332331 0.861136
v 0.019894 -0.396875 0.833263
v 0.022463 -0.394579 0.867492
v 0.000000 -0.413495 0.799883
v 0.033481 -0.347563 0.880856
v 0.071137 -0.389265 0.969535
v 0.016373 -0.390056 0.781756
v 0.006207 -0.422840 0.910049
v 0.010618 -0.421338 0.918874
v 0.130983 -0.625526 0.890991
v 0.131587 -0.666046 0.874197
v 0.024019 -0.804641 0.812859
v 0.198186 -0.812093 0.776499
v 0.232973 -0.781907 0.786252
v 0.221832 -0.748327 0.811602
v 0.275705 -0.675812 0.836384
v 0.287494 -0.696788 0.821049
v 0.204921 -0.848076 0.749370
v 0.224205 -0.615026 0.880752
v 0.188482 -0.908849 0.707997
v 0.027313 -1.022992 0.647642
v 0.117663 -0.311528 0.602903
v 0.000000 -0.369757 0.583529
v 0.059931 -0.367601 0.587177
v 0.101591 -0.300557 0.675047
v 0.116302 -0.276640 0.694919
v 0.085496 -0.326238 0.651484
v 0.111672 -0.309687 0.624101
v 0.125340 -0.288641 0.649105
v 0.034890 -0.358815 0.817646
v 0.075678 -0.269959 0.810802
v 0.562194 0.151342 -0.570241
v 0.439228 -0.088798 -0.504300
v 0.688096 -0.372839 -0.790915
v 0.539922 0.223537 -0.692400
v 0.556533 -0.436938 -0.858466
v 0.290730 -0.202383 -1.011982
v 0.641859 -0.427027 -0.805882
v 0.417149 -0.316646 -0.962360
v 0.226668 -0.091898 -1.033370
v 0.582277 0.016906 -0.938380
v 0.499766 -0.608675 -0.800294
v 0.511847 0.280365 -0.817596
v 0.474985 0.051576 -0.620380
v 0.744096 0.016728 -0.818640
v 0.719996 -0.263099 -0.797288
v 0.455750 0.109307 -0.713305
v 0.458153 0.020437 -0.986561
v 0.437800 -0.555284 -0.859196
v 0.565049 0.334585 -0.774640
v 0.409837 -0.387036 -0.944766
v 0.420834 0.112347 -0.997025
v 0.376456 0.102143 -0.826970
v 0.647234 -0.485459 -0.776520
v 0.591691 -0.551746 -0.779682
v 0.322596 0.007982 -1.021576
v 0.434905 -0.146700 -0.986979
v 0.283017 0.087721 -1.014433
v 0.626707 0.380465 -0.691390
v 0.686613 0.354235 -0.835401
v 0.583229 0.403091 -0.881749
v 0.517283 -0.071083 -0.962948
v 0.289462 -0.140469 -1.019440
v 0.479307 0.294613 -0.931941
v 0.657261 -0.222745 -0.860155
v 0.348987 0.133277 -0.921127
v 0.450918 -0.203426 -0.974205
v 0.537155 0.313248 -0.932181
v 0.387834 0.193994 -0.957447
v 0.681544 -0.113298 -0.860869
v 0.539114 -0.389023 -0.886733
v 0.444530 0.244661 -0.906413
v 0.596002 -0.292438 -0.883852
v 0.545673 0.110026 -0.951684
v 0.340674 0.046079 -0.809483
v 0.434756 0.227006 -0.978679
v 0.632843 0.411410 -0.862525
v 0.657680 0.082583 -0.889464
v 0.198723 -0.007493 -0.987923
v 0.535399 0.355349 -0.866833
v 0.625958 0.184984 -0.900367
v 0.603312 0.414809 -0.790472
v 0.500261 0.240988 -0.960536
v 0.369544 -0.071082 -1.008141
v 0.586136 0.318193 -0.904265
v 0.723962 0.231918 -0.824201
v 0.390612 -0.103589 -0.558234
v 0.570864 0.206035 -0.614394
v 0.438771 -0.429595 -0.918462
v 0.500120 0.293861 -0.858516
v 0.327930 0.075884 -0.869099
v 0.248170 -0.000911 -0.886171
v 0.414618 0.183542 -0.870734
v 0.345091 -0.294798 -0.985551
v 0.688870 0.253087 -0.847941
v 0.150072 -0.076523 -0.945099
v 0.199133 -0.389910 -0.986524
v 0.647305 -0.370686 -0.823231
v 0.170194 -0.116031 -0.811851
v 0.548195 -0.594255 -0.781361
v 0.452691 -0.511574 -0.875568
v 0.216887 -0.261966 -1.014081
v 0.259354 -0.328851 -0.994548
v 0.492716 0.006191 -0.534847
v 0.499193 0.232032 -0.781740
v 0.533052 -0.239399 -0.933679
v 0.336574 -0.493504 -0.923345
v 0.441414 0.146250 -0.778589
v 0.544883 -0.489090 -0.841547
v 0.472142 -0.331753 -0.938029
v 0.405185 0.153096 -1.002859
v 0.338232 0.139420 -1.007590
v 0.246731 -0.484111 -0.944359
v 0.634300 -0.097117 -0.899068
v 0.577465 -0.151408 -0.927091
v 0.354311 -0.424863 -0.947727
v 0.309606 0.099318 -0.952885
v 0.097033 -0.140504 -0.990182
v 0.246113 0.017648 -0.934563
v 0.429756 0.065515 -0.995075
v 0.372571 0.068597 -1.010848
v 0.685625 0.428641 -0.608249
v 0.661677 0.464503 -0.709192
v 0.704927 0.561045 -0.709335
v 0.691032 0.516756 -0.799724
v 0.633697 0.483626 -0.805690
v 0.146766 -0.177923 -1.033480
v 0.728811 0.509192 -0.774772
v 0.651778 0.330211 -0.580595
v 0.168376 -0.044855 -1.029452
v 0.458283 0.155546 -0.983184
v 0.118486 -0.120189 -1.026011
v 0.587503 0.293416 -0.675025
v 0.528116 0.166885 -0.954360
v 0.685151 0.407251 -0.826979
v 0.470309 0.227225 -0.827364
v 0.543259 0.212746 -0.942204
v 0.076112 -0.286817 -1.016245
v 0.565546 0.238534 -0.926960
v 0.258344 -0.122036 -1.026600
v 0.230677 0.033256 -1.018073
v 0.299611 0.102627 -0.980559
v 0.272000 -0.032998 -1.029791
v 0.521305 -0.714904 -0.712398
v 0.551618 -0.680321 -0.720686
v 0.478616 -0.732647 -0.721404
v 0.426808 -0.818154 -0.673469
v 0.297324 0.050197 -1.031519
v 0.186968 -0.140052 -1.034125
v 0.165458 -0.224123 -1.026326
v 0.196533 -0.064059 -1.043916
v 0.372113 -0.775812 -0.729595
v 0.168483 -0.048760 -0.971343
v 0.079166 -0.230665 -1.020212
v 0.226140 0.006579 -0.958669
v 0.473041 -0.579233 -0.830759
v 0.271650 -0.415149 -0.967770
v 0.453914 -0.653373 -0.792990
v 0.344629 -0.030443 -1.015884
v 0.423295 -0.257085 -0.973579
v 0.830697 -0.471140 -0.589126
v 0.805500 -0.317840 -0.691875
v 0.869510 0.723343 -0.591970
v 0.757690 -0.375470 -0.724718
v 0.837521 -0.014047 -0.726869
v 0.888333 -0.144944 -0.641328
v 0.918000 0.683912 -0.555182
v 0.732017 -0.521879 -0.682374
v 0.663790 -0.600360 -0.694922
v 0.699737 -0.558707 -0.692349
v 0.880800 0.553135 -0.632893
v 0.961341 -0.146837 -0.526320
v 1.011295 0.203679 -0.485640
v 0.767719 -0.141161 -0.781968
v 0.902361 0.131248 -0.655345
v 0.773611 -0.434321 -0.682520
v 0.854887 0.273658 -0.702809
v 0.741935 -0.194889 -0.794523
v 0.976624 0.340717 -0.543213
v 1.020007 0.503467 -0.459695
v 0.825384 -0.249718 -0.690612
v 0.860962 -0.351745 -0.603255
v 0.959935 0.024256 -0.572013
v 0.954695 0.564345 -0.543023
v 0.839647 0.431272 -0.698287
v 0.859063 0.488063 -0.669621
v 0.766726 0.630866 -0.622902
v 0.825788 0.601204 -0.672819
v 0.475734 -0.122753 -0.975348
v 0.733093 0.540632 -0.612061
v 0.781831 0.614832 -0.704705
v 0.704965 -0.035160 -0.850472
v 0.693774 0.352559 -0.505192
v 0.751252 -0.479408 -0.685242
v 0.783522 0.494857 -0.736229
v 0.630981 0.222198 -0.503182
v 0.554159 -0.196017 -0.932327
v 0.763995 0.097641 -0.800640
v 0.893500 -0.281291 -0.583923
v 0.838686 -0.419654 -0.605998
v 1.013054 0.335721 -0.481831
v 0.626324 -0.253511 -0.875206
v 0.553835 -0.025009 -0.950605
v 0.564316 0.061779 -0.946435
v 0.699997 -0.319220 -0.799143
v 0.917577 -0.260741 -0.553487
v 1.005242 0.034497 -0.486664
v 0.793012 0.132666 -0.771787
v 0.485900 -0.024862 -0.976961
v 0.520216 0.103771 -0.602474
v 0.958342 0.150498 -0.577359
v 0.499049 0.163901 -0.701295
v 0.823422 -0.135396 -0.725367
v 0.839859 0.116118 -0.725669
v 0.914398 0.418992 -0.621067
v 0.859657 0.392206 -0.685110
v 0.732394 0.610910 -0.725323
v 0.967225 0.454248 -0.546919
v 0.501940 0.066820 -0.971743
v 0.914932 0.294520 -0.633523
v 0.558196 0.095984 -0.515062
v 0.324710 -0.238038 -1.000553
v 0.897087 0.006735 -0.659769
v 0.522076 0.232517 -0.738301
v 0.446300 -0.356977 -0.941527
v 0.431216 -0.000276 -0.630445
v 0.368716 -0.351942 -0.967039
v 0.414417 -0.026365 -0.998706
v 0.908247 0.525218 -0.608082
v 0.516994 0.272008 -0.949298
v 0.947864 -0.112760 -0.563184
v 0.900232 0.620604 -0.593086
v 0.549821 -0.113835 -0.945845
v 0.466501 0.083608 -0.667703
v 0.722068 -0.385651 -0.756419
v 0.465773 0.181743 -0.781810
v 0.460167 0.271817 -0.920382
v 0.878575 -0.198183 -0.638900
v 0.612912 0.232013 -0.901371
v 0.604558 0.330427 -0.683324
v 0.316361 -0.037656 -0.733904
v 0.397470 -0.121172 -0.998643
v 0.421490 0.194498 -0.994791
v 0.624656 -0.515489 -0.778704
v 0.587232 0.148603 -0.928082
v 0.593132 0.354064 -0.735888
v 0.647624 0.428076 -0.698500
v 0.412186 0.058079 -0.723713
v 0.767040 -0.307964 -0.739238
v 0.852416 0.577475 -0.654300
v 0.554795 0.384984 -0.876049
v 0.719843 0.172670 -0.833770
v 0.751557 -0.283137 -0.762953
v 0.620029 0.454822 -0.796140
v 0.607954 0.446374 -0.845533
v 0.564483 0.315106 -0.917771
v 0.583387 0.374334 -0.783877
v 0.398307 0.147889 -0.850249
v 0.847534 0.665603 -0.632180
v 0.700872 -0.520266 -0.714682
v 0.446271 0.129993 -0.752746
v 0.505930 0.326067 -0.901286
v 0.643979 0.315656 -0.870019
v 0.627645 -0.581917 -0.736670
v 0.836163 -0.333078 -0.647690
v 0.769108 0.277981 -0.782106
v 0.357363 0.039105 -0.776935
v 0.688607 0.300205 -0.841651
v 0.375389 -0.018997 -0.686387
v 0.778103 -0.036484 -0.785166
v 0.795915 0.246463 -0.761699
v 0.660430 0.406698 -0.646788
v 0.568296 0.384842 -0.831534
v 0.636799 0.442471 -0.748351
v 0.599168 -0.431575 -0.834348
v 0.335074 -0.203221 -1.003916
v 0.815155 -0.446762 -0.626736
v 0.798757 -0.444391 -0.649320
v 0.732751 -0.150599 -0.812721
v 0.394561 -0.164882 -0.995808
v 0.731788 0.387007 -0.796822
v 0.562540 -0.517179 -0.817498
v 0.684630 -0.245771 -0.832410
v 0.482226 0.021792 -0.576980
v 0.713547 -0.135822 -0.831909
v 0.346071 -0.463999 -0.934592
v 0.250080 -0.229273 -1.014685
v 0.623337 0.035147 -0.914969
v 0.409222 0.215888 -0.971449
v 0.339256 -0.089737 -0.644638
v 0.781416 0.349886 -0.762782
v 0.506232 0.308716 -0.939897
v 0.559616 0.358145 -0.910270
v 0.415694 0.218655 -0.931545
v 0.372571 0.149068 -1.012928
v 0.806672 0.394943 -0.733893
v 0.701446 0.023212 -0.856953
v 0.668185 -0.173762 -0.862093
v 0.611335 0.410022 -0.874520
v 0.663392 0.510333 -0.804420
v 0.415583 -0.521141 -0.886192
v 0.801075 0.614323 -0.689055
v 0.518284 -0.419993 -0.886535
v 0.325910 -0.109546 -1.015508
v 0.803234 0.540088 -0.708999
v 0.641286 0.135401 -0.896417
v 0.788996 -0.381473 -0.688325
v 0.391410 -0.272347 -0.979672
v 0.335898 0.058571 -1.019792
v 0.390634 -0.075886 -0.596267
v 0.812503 0.440030 -0.721822
v 0.626754 -0.217948 -0.884175
v 0.368548 0.166062 -0.941262
v 0.362552 0.168198 -0.983055
v 0.297328 -0.316333 -0.990755
v 0.383014 0.159433 -0.897256
v 0.683149 0.047765 -0.872326
v 0.660414 0.220466 -0.872441
v 0.397955 -0.580122 -0.859832
v 0.256089 -0.019181 -0.841709
v 0.317720 0.099362 -1.025459
v 0.335583 0.101143 -0.896286
v 0.292795 0.040535 -0.878778
v 0.285565 -0.103484 -0.686160
v 0.455633 0.261614 -0.958936
v 0.387860 0.110323 -1.007011
v 0.518539 0.323416 -0.861465
v 0.434693 0.156039 -0.992211
v 0.613384 -0.007286 -0.920718
v 0.402581 0.065654 -1.003060
v 0.314405 -0.565510 -0.891423
v 0.117739 -0.136712 -0.888393
v 0.150244 -0.338919 -1.005504
v 0.201171 -0.045852 -0.889977
v 0.280589 0.003649 -1.029790
v 0.258120 0.042508 -1.034541
v 0.201678 -0.003398 -1.024796
v 0.290024 -0.160319 -0.601182
v 0.164085 -0.102919 -0.848191
v 0.608807 -0.120961 -0.913482
v 0.315462 0.118815 -0.993452
v 0.711328 0.513703 -0.786932
v 0.164193 -0.045007 -0.996176
v 0.474690 -0.634756 -0.796512
v 0.038799 -0.250926 -0.940333
v 0.112806 -0.287547 -1.019799
v 0.074296 -0.188474 -0.917759
v 0.127482 -0.145001 -1.036548
v 0.064094 -0.216121 -0.999999
v 0.108369 -0.205516 -1.029185
v 0.539364 -0.631846 -0.763679
v 0.019114 -0.319670 -0.955769
v 0.189097 -0.237613 -1.021926
v 0.138926 -0.086463 -1.029140
v 0.301866 -0.684495 -0.819228
v 0.547676 -0.653595 -0.743905
v 0.000000 -0.397121 -0.953023
v 0.066009 -0.377259 -0.986532
v 0.333749 -0.730091 -0.777650
v 0.236876 -0.299037 -1.004695
v 0.487035 -0.703877 -0.740853
v 0.091806 -0.199200 -0.832668
v 0.227844 -0.117697 -0.727173
v 0.429394 0.215591 -0.890358
v 0.473942 0.269590 -0.881527
v 0.261862 -0.056866 -0.774366
v 0.445561 0.206589 -0.847288
v 0.535521 0.285842 -0.776493
v 1.238218 0.682001 0.324155
v 1.038771 0.936633 0.254543
v 1.238224 1.147398 -0.001543
v 1.193513 1.111482 -0.120330
v 1.195421 0.897924 -0.130417
v 1.056981 1.119449 -0.294320
v 1.187638 0.678651 -0.142168
v 0.695255 0.200074 -0.287143
v 0.977909 0.733856 0.272167
v 0.799243 0.503130 -0.405089
v 1.221279 0.514284 0.094835
v 1.223736 0.499389 0.206617
v 1.205207 0.508036 -0.013331
v 0.969270 0.706335 0.378861
v 1.106025 0.960448 -0.276341
v 1.188046 0.297940 0.184329
v 1.170115 1.074347 -0.166418
v 0.733918 0.356100 -0.409441
v 1.191847 0.312734 0.087597
v 0.612548 0.059789 -0.306461
v 0.488272 -0.070164 -0.435569
v 0.478486 -0.112568 -0.363925
v 0.972140 0.781227 -0.007951
v 1.083234 -0.000359 -0.273797
v 1.024509 0.113686 0.506639
v 1.061332 0.028873 0.419208
v 1.032986 -0.090453 0.430416
v 1.154114 0.117436 0.157784
v 0.429144 -0.168059 0.324354
v 1.107171 -0.140728 -0.073202
v 1.130579 -0.002410 -0.055451
v 1.116355 -0.070138 0.201599
v 1.003989 -0.247723 0.427493
v 1.081913 -0.279755 0.147605
v 1.042670 -0.283113 0.326493
v 1.088790 -0.275767 0.014136
v 0.908043 -0.348823 0.526927
v 0.971309 -0.367891 0.427263
v 0.852313 0.672417 -0.405925
v 0.727247 0.258375 0.328536
v 0.868742 0.494941 0.350369
v 0.759060 0.333541 0.405493
v 0.809486 0.351087 -0.021858
v 0.851340 0.430535 0.081450
v 0.773289 0.286601 0.163777
v 0.859208 0.469338 -0.119474
v 0.807834 0.366006 0.265619
v 1.139000 0.735305 0.564791
v 1.094681 1.150239 0.254359
v 1.265040 0.940990 0.345293
v 1.309659 1.478827 0.234495
v 1.270691 0.955746 0.158363
v 0.927063 0.504454 0.721950
v 0.887645 0.647876 -0.288619
v 1.284449 1.046973 0.230436
v 0.972520 0.970031 -0.200779
v 1.170382 0.545050 0.460413
v 1.308131 1.359535 0.231667
v 1.250230 0.833322 0.089342
v 1.219350 1.067877 -0.055862
v 0.904899 0.559900 0.019674
v 1.291087 1.461772 0.344036
v 1.026474 0.942098 0.130142
v 1.017025 0.932536 0.065885
v 0.711602 0.297725 0.511102
v 0.920109 0.847618 -0.312757
v 0.984392 0.776165 0.161695
v 1.213946 0.498155 0.297888
v 0.742836 0.381483 0.587712
v 1.288419 1.172084 0.335963
v 1.240033 0.952306 0.018099
v 1.023678 0.511491 0.647813
v 1.232408 0.727515 0.030296
v 1.268220 0.894824 0.284584
v 0.880906 0.562292 -0.209227
v 1.046254 0.592354 0.641941
v 1.303015 1.300433 0.269724
v 1.297748 1.299761 0.167276
v 1.016916 1.040399 -0.068674
v 1.285168 1.065913 0.295081
v 1.063104 1.040444 0.220794
v 1.176247 1.464828 0.353202
v 1.152544 0.807532 -0.229542
v 1.220464 1.265888 -0.051251
v 1.131934 0.398569 0.465653
v 0.946574 0.647971 0.291403
v 0.869654 0.524491 0.456082
v 0.934901 0.629965 0.395076
v 1.277879 1.534261 0.063426
v 0.781403 0.466493 0.625897
v 1.296150 1.190537 0.235518
v 1.299070 1.216153 0.274387
v 1.126327 1.111033 -0.221811
v 1.244311 1.282917 0.455851
v 1.036345 1.059252 0.009693
v 0.872868 0.655302 0.655828
v 0.801683 0.562366 0.719057
v 0.675464 0.227086 0.460990
v 1.263365 0.824109 0.230033
v 1.213091 0.609193 -0.025478
v 1.176504 1.454795 0.392408
v 1.202651 0.710828 -0.098734
v 0.938383 0.665578 -0.019614
v 0.918205 0.629810 -0.113262
v 1.137573 0.535438 0.514799
v 1.134663 0.943090 -0.241438
v 0.934305 0.987882 -0.324482
v 1.171340 1.008789 -0.173800
v 0.773327 0.510716 0.712732
v 1.223467 0.823092 -0.035813
v 0.828455 0.484292 0.528043
v 0.686074 0.361891 0.684011
v 1.209532 0.919599 -0.091520
v 1.170635 0.272663 0.270263
v 0.962563 0.805367 0.597462
v 1.082513 0.255477 0.479519
v 0.922979 0.710789 0.587626
v 1.176417 1.588376 0.172569
v 1.115396 0.182820 0.376582
v 0.691945 0.166344 0.238836
v 1.267300 1.428839 0.407213
v 1.294031 1.572315 0.313540
v 1.240603 1.571995 -0.010842
v 1.307205 1.605056 0.226876
v 1.236223 1.505067 -0.016218
v 1.112707 0.886464 0.606736
v 1.052569 0.813227 0.661090
v 0.861374 0.505841 0.762506
v 0.737422 0.457969 0.714406
v 0.705654 0.335572 0.606907
v 0.652774 0.160843 0.383875
v 1.207055 1.400784 -0.062673
v 1.282421 1.340884 0.374545
v 1.236487 0.817911 0.399728
v 1.301991 1.474962 0.153261
v 1.053879 0.897154 0.664167
v 1.242382 1.768947 -0.000158
v 1.250643 0.722196 0.154054
v 1.109351 0.980838 0.613404
v 1.243737 0.747996 0.338420
v 1.233511 0.622528 0.093753
v 1.015815 1.205685 -0.163891
v 0.915659 0.574216 0.218017
v 1.261822 1.327456 0.424577
v 1.189197 1.309490 -0.101076
v 1.247569 0.705099 0.280793
v 1.239632 0.609111 0.212072
v 1.128297 1.274623 0.297932
v 1.018065 0.861885 0.262363
v 1.117563 1.315186 0.164420
v 1.093467 1.265211 0.106864
v 1.139664 1.348778 0.230161
v 1.127538 1.404581 0.122504
v 1.279640 1.653491 0.342533
v 1.121736 0.790759 0.590368
v 1.109653 1.069967 0.623632
v 1.163429 1.156687 0.564189
v 1.080258 1.338552 -0.007507
v 1.102559 1.200019 0.222219
v 1.032371 0.894797 0.317772
v 1.280943 1.633664 0.071117
v 1.301419 1.422311 0.162966
v 1.048656 0.724305 0.657151
v 1.301382 1.684529 0.149499
v 1.301413 1.610099 0.141767
v 0.972669 0.833410 -0.108731
v 1.085429 1.178697 0.158817
v 1.149135 1.446152 0.173140
v 1.281243 1.824367 0.296471
v 1.106144 1.392524 0.059154
v 1.303477 1.694516 0.208420
v 1.293298 1.658843 0.290590
v 1.005168 0.967703 -0.058013
v 1.004372 0.903176 0.021459
v 1.168631 1.303548 0.555592
v 1.177123 1.107528 0.546301
v 1.276167 1.562670 0.371922
v 1.217337 1.397352 0.500075
v 1.191741 1.766667 0.126530
v 1.105453 1.175422 0.381012
v 1.088378 1.091529 0.356332
v 1.178686 1.746409 0.071856
v 1.068128 1.048204 0.479676
v 1.210043 1.728416 -0.046898
v 1.074966 1.044988 0.319673
v 1.249516 1.508849 0.437456
v 1.255188 1.413633 0.434450
v 0.641894 0.067395 -0.149152
v 0.610002 0.029345 0.045582
v 0.687636 0.137067 -0.033977
v 0.899832 0.930438 -0.405586
v 1.132671 0.445805 -0.239358
v 0.648545 0.092844 0.144779
v 0.724819 0.203797 0.081364
v 0.760831 0.264956 -0.119024
v 1.092274 0.272889 -0.305060
v 0.619336 0.077381 0.299925
v 1.048713 0.207661 -0.404987
v 0.953899 0.912636 -0.448028
v 1.156912 0.320635 -0.130499
v 1.091887 0.408592 -0.325500
v 1.182266 0.340521 -0.028029
v 0.818950 0.704878 -0.527655
v 1.138696 0.116969 0.255769
v 1.058652 0.389314 -0.392012
v 0.754690 0.484951 -0.498983
v 0.651734 0.125124 -0.299694
v 0.824798 0.462817 -0.285646
v 1.127664 0.302830 -0.218115
v 1.119601 0.623443 -0.288126
v 1.175188 0.489776 -0.134444
v 1.154458 0.633511 -0.220051
v 1.028804 0.866270 -0.385568
v 0.880285 0.818594 -0.411024
v 1.164606 0.158252 0.057348
v 1.154904 0.151986 -0.040083
v 0.804337 0.373167 -0.205485
v 0.834642 0.805409 -0.534810
v 1.136993 -0.005515 0.031141
v 1.046944 0.683688 -0.400564
v 0.791495 0.603693 -0.516025
v 0.838762 0.561352 -0.355908
v 1.019466 0.947812 -0.372653
v 0.743478 0.294532 -0.293033
v 0.704688 0.182982 -0.201320
v 0.769224 0.382254 -0.347227
v 1.140365 0.248552 0.358015
v 1.117443 0.010447 -0.147527
v 1.115100 0.157255 -0.215574
v 1.138268 0.157451 -0.132264
v 1.088414 0.140017 -0.292398
v 1.105664 0.750682 -0.310534
v 0.686648 0.220057 -0.352605
v 1.165009 0.378868 0.381507
v 0.865757 -0.049867 0.649574
v 0.953741 -0.128993 0.533459
v 0.997355 0.036635 0.518460
v 0.538918 0.069964 0.555293
v 0.518358 0.007611 0.499406
v 0.621478 -0.022199 0.844298
v 0.574505 -0.011339 -0.270989
v 0.344710 0.037738 0.845317
v 0.445074 -0.069400 0.555263
v 0.597677 0.092729 0.437139
v 0.642503 -0.114818 0.820162
v 0.847699 -0.289443 0.616284
v 0.358876 -0.000915 0.774674
v 0.878270 -0.184727 0.609196
v 0.450191 -0.160487 0.210157
v 0.562833 0.009100 0.350430
v 0.383961 -0.044257 0.694658
v 0.688901 0.344454 0.655292
v 1.098077 -0.222823 0.119680
v 0.619284 0.155745 0.500699
v 1.005447 -0.076938 0.475389
v 0.741200 -0.145399 0.745335
v 0.576149 0.002143 0.212622
v 1.109847 -0.161384 0.126473
v 0.624463 0.328833 0.748864
v 1.140084 0.035135 0.147292
v 0.554518 -0.051250 -0.015126
v 0.567302 0.242616 0.728540
v 0.731612 0.372643 0.819254
v 0.475656 -0.141049 0.080037
v 0.683171 0.025476 0.810051
v 1.098801 0.002330 0.323275
v 0.368443 -0.254840 0.086687
v 0.454158 0.176118 0.857994
v 0.432017 -0.193021 0.002499
v 1.003476 -0.406062 0.331554
v 0.565524 0.297785 0.812998
v 0.275884 -0.074250 0.802521
v 0.688732 -0.217872 0.773809
v 0.511166 0.218211 0.795674
v 0.743102 -0.293727 0.715414
v 0.777167 -0.374972 0.660476
v 0.887779 -0.406236 0.528963
v 0.655175 0.235377 0.558222
v 0.531947 -0.065594 0.138478
v 0.512182 0.249563 0.931151
v 0.661236 -0.303765 0.777964
v 0.687629 -0.329697 0.752517
v 0.432655 0.187275 0.934570
v 0.421379 -0.140309 0.475066
v 0.888728 -0.446157 0.507127
v 0.271131 -0.032849 0.863307
v 0.403299 -0.096660 0.962613
v 0.649884 -0.442910 0.747495
v 0.399188 0.137198 0.981065
v 0.439702 0.067313 0.957175
v 0.377329 -0.000997 0.983081
v 0.514192 -0.347152 0.865266
v 0.281378 -0.098916 1.007123
v 0.803776 0.383132 0.783733
v 0.310612 0.065759 0.951239
v 0.796067 -0.221310 0.684423
v 0.630063 0.139296 0.853765
v 0.715458 0.432251 0.839543
v 0.308163 -0.161425 0.994324
v 0.576834 0.041132 0.877242
v 0.597112 -0.374894 0.805446
v 0.528141 -0.268203 0.872038
v 0.488724 -0.071364 0.414321
v 0.437853 -0.175550 0.937322
v 0.460063 -0.127542 0.335153
v 0.524917 -0.058314 0.268897
v 0.447608 -0.341563 0.904396
v 0.695054 0.231932 0.826897
v 0.590578 0.238219 0.687284
v 0.522069 0.135764 0.668675
v 0.740595 0.190337 0.794702
v 0.664874 0.351684 0.855234
v 0.464104 0.158280 0.954754
v 0.437545 0.027622 0.683350
v 0.831195 0.064466 0.707114
v 0.504013 -0.445188 0.841888
v 0.805978 0.137954 0.741506
v 0.481379 -0.122375 0.208104
v 0.460229 -0.269014 0.912355
v 0.595913 0.178800 0.603252
v 0.327876 0.034239 1.010327
v 0.347800 -0.235642 0.970293
v 0.747494 0.070809 0.772744
v 0.281044 -0.284121 0.980617
v 0.239346 -0.230378 0.999037
v 0.509457 -0.534198 0.804821
v 0.492101 0.146454 0.726966
v 0.521591 0.092872 0.913928
v 0.491120 -0.131362 -0.076356
v 0.527558 -0.012745 0.901354
v 0.432786 0.126849 0.814162
v 0.553968 -0.083272 0.878752
v 0.504120 -0.122054 0.904801
v 0.373425 -0.245086 0.209993
v 0.385900 -0.237407 0.120962
v 0.447917 -0.171231 0.116037
v 0.356932 -0.506845 0.885669
v 0.607094 -0.340819 0.807040
v 0.264650 0.028363 0.984778
v 0.481459 0.026381 0.931744
v 0.435004 0.096115 0.962417
v 0.277826 -0.496875 0.913490
v 0.567946 -0.274852 0.845716
v 0.580659 -0.154325 0.854293
v 0.381000 -0.126465 0.600559
v 0.613001 -0.231910 0.823125
v 0.257965 0.002136 0.939141
v 0.525559 -0.181408 0.885058
v 0.341191 -0.097371 0.696583
v 0.464952 -0.444835 0.864051
v 0.513564 0.063723 0.598143
v 0.357924 -0.250239 0.298482
v 0.381000 -0.205407 0.412980
v 0.308505 -0.350488 0.955882
v 0.458041 -0.010028 0.609516
v 0.235378 -0.389228 0.959562
v 0.212402 -0.215114 1.004787
v 0.380554 -0.411693 0.913728
v 0.387289 0.101749 0.990829
v 0.375628 -0.299836 0.946756
v 0.433011 -0.385241 0.900059
v 0.393558 -0.066443 0.655481
v 0.397785 0.042347 0.761852
v 0.214758 -0.467187 0.937011
v 0.330407 -0.262515 0.373568
v 0.463102 -0.195828 0.920878
v 0.363855 -0.032461 0.734715
v 0.411420 0.035239 0.970624
v 0.260245 -0.049337 1.020744
v 0.440990 0.116012 0.778983
v 0.353035 0.022647 0.811919
v 0.316894 -0.040758 0.789069
v 0.361206 -0.194570 0.516709
v 0.208638 -0.146239 1.017125
v 0.429072 -0.525952 0.848548
v 0.660666 -0.189235 0.797849
v 0.414123 -0.597141 0.823649
v 0.322494 -0.564643 0.873671
v 0.591229 -0.540764 0.751632
v 0.492634 -0.611081 0.779449
v 0.306612 0.004104 0.859416
v 0.246195 -0.040209 0.893860
v 1.055073 0.185309 0.489927
v 0.678699 0.408147 0.766461
v 0.598049 0.181693 0.876037
v 0.946047 0.474737 0.704314
v 0.964544 0.762161 0.522508
v 0.977546 0.728195 0.325868
v 0.874794 0.480258 0.136757
v 1.003069 0.155297 0.550752
v 0.871472 0.475336 0.177039
v 0.927343 0.119655 0.628829
v 0.544472 0.252042 0.915574
v 0.515773 0.274131 0.911434
v 1.045713 0.069606 0.458311
v 1.048900 -0.030939 0.421188
v 1.048335 0.385867 0.583350
v 0.572776 0.275390 0.899964
v 0.932151 0.619773 0.181150
v 0.506992 0.110102 0.921818
v 0.723685 -0.457856 0.680770
v 0.453837 -0.167094 -0.213522
v 0.597903 0.001226 -0.122148
v 0.598967 0.061723 -0.361490
v 0.497493 -0.102620 -0.317636
v 0.532778 -0.081324 -0.172195
v 0.435849 -0.188733 -0.169895
v 0.763620 -0.510152 0.616991
v 0.889410 0.535681 -0.082843
v 0.969825 0.753502 0.062668
v 0.991268 0.781616 0.435700
v 0.693518 0.447909 0.805606
v 0.851974 0.457668 0.310410
v 0.831021 0.391270 0.029675
v 0.749232 0.244031 0.118079
v 0.771298 0.317050 0.297252
v 0.905505 -0.186726 0.578368
v 0.617110 0.275051 0.869093
v 0.708424 0.211492 0.284096
v 1.004853 0.852625 0.146814
v 0.361384 0.072387 0.869828
v 1.089356 0.511598 0.575345
v 1.180524 1.013488 0.535664
v 0.892696 0.621195 0.554135
v 0.841257 0.456269 0.380845
v 0.821879 0.501259 0.780829
v 0.663980 0.114337 0.832140
v 1.029881 0.924715 0.201795
v 0.732064 0.226175 0.202144
v 0.687911 0.145662 0.109682
v 0.812149 0.354205 0.123908
v 0.923931 0.603002 0.106136
v 0.984836 0.763822 0.219836
v 0.926348 0.643384 0.476656
v 1.178667 0.684401 0.493866
v 1.110103 0.415571 0.510603
v 1.162489 0.759258 0.537447
v 0.933476 0.344807 0.689759
v 0.991954 0.354340 0.636559
v 1.070260 0.645840 0.628006
v 0.991212 0.462406 0.666506
v 0.723471 0.150495 0.800354
v 1.069715 0.725842 0.638342
v 0.772052 0.401814 0.800143
v 0.736587 0.438690 0.825995
v 1.030162 0.882006 0.359381
v 0.990570 0.768768 0.404125
v 0.747151 0.304562 0.805814
v 1.013737 0.595378 0.669955
v 0.633525 0.378464 0.809685
v 0.815358 -0.184136 0.673734
v 0.653299 0.405050 0.852266
v 0.768794 0.523723 0.747544
v 0.507745 0.099356 0.649295
v 0.746329 0.505991 0.809566
v 0.719851 0.329210 0.820315
v 1.039810 0.918207 0.396559
v 0.927279 0.237904 0.665785
v 0.774221 0.375147 0.465105
v 0.849085 0.483767 0.431919
v 1.207477 0.823889 0.473723
v 0.742811 0.299965 0.378749
v 1.206740 0.664918 0.428855
v 0.800031 0.342013 0.214674
v 0.685930 0.204509 0.358283
v 0.607836 0.041237 0.180578
v 0.670241 0.129133 0.192220
v 1.224263 0.657950 0.372993
v 0.650530 0.118851 0.271217
v 0.882440 0.501630 0.043088
v 1.192323 0.511757 0.391750
v 0.938792 0.635823 0.725765
v 1.063918 0.290306 0.524010
v 0.665363 0.255199 0.843461
v 1.101940 0.221451 0.428390
v 1.118430 0.123505 0.333520
v 0.587845 0.349446 0.857720
v 0.383374 -0.051318 0.975520
v 0.841220 0.347190 0.754219
v 0.216221 -0.046606 1.015510
v 0.355512 -0.128467 0.980765
v 0.548022 0.290823 0.841428
v 0.449211 -0.065283 0.941357
v 0.624093 0.124086 0.408592
v 0.589813 0.041824 0.326174
v 0.336345 0.073895 0.919138
v 0.547848 -0.031673 0.242485
v 0.676716 0.291293 0.603939
v 0.581904 0.199730 0.883430
v 0.384610 0.082232 0.841263
v 0.353181 0.109498 0.953891
v 0.270922 -0.196237 1.000091
v 0.335347 -0.191897 0.982007
v 0.431026 -0.130705 0.945642
v 0.711391 0.458393 0.785297
v 0.615944 0.344486 0.882030
v 0.291324 -0.128981 1.001868
v 0.694718 -0.793886 -0.488940
v 1.024024 -0.482865 0.134339
v 0.580433 -0.014646 0.011249
v 0.663852 0.097931 -0.087683
v 0.717178 0.188260 0.022365
v 0.628870 0.060364 0.095445
v 1.078037 1.399651 -0.052614
v 1.047419 1.400104 -0.160795
v 0.919289 0.808094 -0.297902
v 0.935661 0.700770 -0.138322
v 0.785993 0.308493 -0.070541
v 0.894485 0.972765 -0.417476
v 1.057589 0.088714 -0.368276
v 0.914558 0.932919 -0.482077
v 1.206579 0.399646 0.198797
v 1.206992 1.085236 -0.088903
v 0.989765 0.841620 0.019428
v 0.728168 0.203890 -0.073914
v 0.751500 0.246512 0.032767
v 0.610357 0.035225 -0.242685
v 0.645199 0.074804 0.004972
v 1.064539 0.563680 -0.382497
v 1.073904 1.222012 0.048411
v 1.206455 0.408063 0.091776
v 1.111654 1.472306 0.023482
v 1.023871 1.429243 -0.236404
v 0.643941 0.220959 -0.471066
v 1.193188 0.415929 -0.023054
v 1.040590 1.453191 -0.195661
v 0.677684 0.130133 -0.178295
v 0.776091 0.288353 0.013786
v 0.954666 0.859758 -0.465009
v 0.712101 0.354992 -0.464196
v 0.927510 0.732474 -0.218555
v 1.000579 0.623402 -0.471384
v 1.170975 0.656603 -0.184875
v 1.045938 1.023102 0.130940
v 0.970671 0.800302 -0.067791
v 1.081988 0.866427 -0.324760
v 1.100590 0.030719 -0.228383
v 0.991724 0.819401 -0.438041
v 0.776772 0.497234 -0.456545
v 1.052364 1.336468 -0.109887
v 1.078541 1.482126 -0.104572
v 0.875030 0.696807 -0.362124
v 0.947448 1.099146 -0.392533
v 0.784723 0.320861 -0.163360
v 1.001803 1.270207 -0.240322
v 0.698188 0.289184 -0.418230
v 0.626362 0.148204 -0.419390
v 1.052376 1.264922 -0.069686
v 1.176759 0.225662 0.070009
v 0.622431 0.045540 -0.205822
v 1.136281 1.511519 0.078210
v 0.667150 0.331765 -0.545523
v 1.191653 0.307248 0.133315
v 1.287282 1.107209 0.196703
v 0.768877 0.427238 -0.402407
v 1.065730 -0.017106 -0.321519
v 1.180226 0.287383 0.233257
v 0.839993 0.416270 -0.068034
v 0.773328 0.329824 -0.249121
v 1.219026 0.496194 0.260100
v 1.169551 0.200971 0.169471
v 0.831540 0.418801 -0.161775
v 1.224744 0.509706 0.151533
v 0.817287 0.422227 -0.246458
v 1.214077 0.511989 0.040547
v 0.731993 0.221116 -0.164409
v 0.831250 0.416017 0.288816
v 0.827828 0.392559 0.222025
v 0.533371 -0.843513 0.589459
v 0.805728 -0.021529 -0.759431
v 0.555322 0.209635 -0.648922
v 0.486106 -0.034518 -0.494821
v 0.414610 0.127021 -0.798945
v 0.353966 -0.142648 -0.551954
v 0.324134 -0.200908 -0.489909
v 0.525154 0.046259 -0.522736
v 0.601847 0.187535 -0.527834
v 0.772085 -0.088361 -0.786455
v 0.871641 0.141562 -0.691026
v 0.665456 0.308106 -0.522533
v 0.838178 0.054517 -0.728228
v 0.869591 -0.007191 -0.692092
v 0.573167 0.088659 -0.470515
v 0.466399 -0.036328 -0.528962
v 0.627233 0.301018 -0.602918
v 0.930725 0.156457 -0.618276
v 0.902244 0.067207 -0.655913
v 0.833813 -0.079744 -0.724511
v 0.582379 0.147519 -0.522911
v 0.815015 0.125297 -0.750804
v 0.856025 0.169027 -0.706930
v 0.993049 0.340876 -0.516459
v 0.915750 0.187641 -0.637036
v 0.900321 0.726347 -0.561717
v 0.982916 0.185356 -0.537349
v 0.826106 0.568719 -0.396307
v 0.967580 0.212667 -0.562041
v 0.962687 0.305797 -0.566875
v 0.795704 -0.147595 -0.752910
v 0.948311 0.673225 -0.524772
v 1.038804 0.366521 -0.432346
v 0.824733 0.512566 -0.346027
v 0.840143 0.841516 -0.537990
v 0.826595 0.495885 -0.321056
v 0.923391 0.748808 -0.530741
v 0.753909 0.337165 -0.329126
v 0.960045 0.082442 -0.574568
v 1.012772 0.273124 -0.483618
v 0.712039 0.251742 -0.323958
v 0.795334 0.417985 -0.318217
v 0.860790 0.598188 -0.325714
v 0.934017 0.921047 -0.464670
v 0.884985 0.934425 -0.489780
v 1.033954 0.201517 -0.438307
v 1.074726 0.410274 -0.360207
v 0.782944 0.699346 -0.654723
v 0.784509 0.707952 -0.624552
v 0.884351 0.690270 -0.329010
v 0.854083 0.513404 -0.248631
v 0.886360 0.607586 -0.248920
v 0.969613 0.690890 -0.495659
v 1.053192 0.342050 -0.402582
v 1.023114 0.392646 -0.461052
v 0.910047 0.695424 -0.250520
v 1.065150 0.436856 -0.380172
v 1.138480 0.614626 -0.250990
v 0.932603 0.718163 -0.181122
v 0.871619 0.516426 -0.167481
v 0.905884 0.612259 -0.164341
v 1.108419 0.448273 -0.294822
v 1.058882 0.249966 -0.384551
v 1.101624 0.571143 -0.317869
v 0.976233 1.103518 -0.372987
v 1.121360 0.447366 -0.266554
v 0.967238 0.869772 -0.165952
v 1.084928 0.567673 -0.346958
v 0.921196 1.076824 -0.385454
v 0.937215 0.793993 -0.231186
v 1.027432 1.126290 -0.320537
v 0.952691 1.145172 -0.309365
v 0.968927 1.043397 -0.241358
v 0.958634 1.110727 -0.293673
v 0.978275 0.962900 -0.407646
v 0.932722 0.896062 -0.295056
v 1.052249 1.038301 -0.316001
v 1.160294 0.686903 -0.212110
v 0.983033 1.065620 -0.372717
v 0.889727 0.725268 -0.337887
v 1.083925 1.009938 -0.290645
v 0.967382 0.920315 -0.196511
v 0.931746 0.658903 -0.070217
v 1.146790 0.584690 -0.230387
v 0.903936 0.579054 -0.094865
v 0.960047 0.777239 -0.106326
v 0.951721 0.829361 -0.202082
v 1.000944 1.044884 -0.136020
v 1.017946 1.171574 -0.320557
v 0.952969 1.193914 -0.312892
v 0.984210 0.892803 -0.107569
v 0.986168 1.001785 -0.169128
v 1.193211 0.748108 -0.133181
v 1.185594 0.834649 -0.157103
v 0.995629 1.083041 -0.173988
v 1.144610 0.482948 -0.218056
v 1.002783 1.306080 -0.303784
v 1.168515 0.834170 -0.197042
v 1.058689 0.865989 -0.352148
v 1.018069 0.782431 -0.418164
v 0.987642 1.276949 -0.299212
v 0.998800 1.186318 -0.203626
v 1.050331 1.304915 -0.274130
v 0.970741 1.118429 -0.262331
v 1.065499 1.303497 -0.258179
v 1.081542 1.163694 -0.263375
v 0.954659 0.709865 0.021201
v 1.093959 1.240170 -0.239892
v 0.966252 1.194260 -0.289620
v 1.032295 1.262259 -0.298125
v 1.190450 0.788245 -0.143541
v 1.019518 1.095409 -0.094058
v 0.967846 0.832586 -0.459703
v 1.222013 0.997451 -0.049014
v 1.192858 1.169628 -0.114918
v 0.922791 0.614178 0.000929
v 1.027242 1.310207 -0.172142
v 1.027057 1.133685 -0.087034
v 0.992305 0.766822 -0.450934
v 1.147485 1.107380 -0.196340
v 0.999446 1.300562 -0.250266
v 1.050294 1.182566 -0.026598
v 1.027721 1.210578 -0.124314
v 1.027250 1.043338 -0.022194
v 1.152128 1.245417 -0.168483
v 1.007233 1.377597 -0.248827
v 1.231606 0.979138 -0.015805
v 1.105470 1.021366 -0.263830
v 1.028360 0.978794 0.070200
v 0.955020 0.721693 -0.019767
v 0.959733 0.931266 -0.227702
v 1.138397 1.145347 -0.201863
v 0.884528 0.864158 -0.419543
v 0.918087 0.964539 -0.360191
v 0.982285 0.804594 0.039990
v 0.877475 0.872055 -0.445938
v 1.006589 0.934768 -0.016225
v 1.060447 1.119646 0.086044
v 1.076066 1.597877 -0.172649
v 1.101973 1.534153 -0.049935
v 0.993282 0.924679 -0.085208
v 0.262234 -0.163523 -0.628383
v 0.493863 -0.220356 -0.955376
v 0.564046 -0.270411 -0.910100
v 0.360894 -0.384887 -0.959885
v 0.070625 -0.221363 -0.855904
v 0.113515 -0.179922 -0.811882
v 0.402091 -0.430193 -0.932038
v 0.086566 -0.244219 -0.771286
v 0.369483 0.067677 -0.794806
v 0.335372 0.061664 -0.837666
v 0.027033 -0.302722 -0.884060
v 0.193810 -0.179224 -0.681799
v 0.146831 -0.189197 -0.732412
v 0.307145 -0.417821 -0.960510
v 0.235319 -0.179578 -0.631613
v 0.177275 -0.131777 -0.773216
v 0.195734 -0.226572 -0.594774
v 0.277787 -0.012327 -0.818725
v 0.159431 -0.231144 -0.642023
v 0.468929 -0.159766 -0.974392
v 0.414967 -0.183652 -0.988272
v 0.918801 0.651387 -0.155660
v 0.863694 0.769157 -0.434152
v 0.934752 0.679288 -0.098516
v 0.949290 0.820205 -0.482786
v 0.767209 0.403381 -0.378955
v 0.744319 0.341151 -0.362113
v 0.950440 0.746576 -0.119716
v 1.018761 1.010500 -0.033512
v 1.076158 0.717543 -0.355762
v 1.093847 0.817749 -0.318501
v 1.003533 1.002260 -0.099817
v 1.135923 0.776150 -0.260145
v 1.043232 0.523261 -0.419570
v 1.031845 0.741502 -0.410337
v 0.928307 0.804904 -0.266895
v 1.113406 0.681092 -0.300253
v 1.019585 0.651607 -0.441670
v 1.058463 0.620846 -0.390112
v 1.047709 1.345006 -0.273311
v 1.058593 0.507250 -0.393296
v 1.093214 0.909290 -0.302302
v 1.048138 1.443593 -0.253406
v 1.099991 1.339836 -0.212937
v 1.154601 0.856947 -0.222349
v 1.150838 0.759724 -0.233561
v 1.066402 1.447315 -0.243050
v 0.976647 0.764067 0.110367
v 1.034612 1.080377 -0.322469
v 1.034389 0.989377 -0.346104
v 1.044607 1.419153 -0.180596
v 1.181070 0.621964 -0.152145
v 0.952622 0.695103 0.064303
v 1.078626 1.460534 -0.232948
v 1.105841 1.526116 -0.201346
v 1.218827 1.492772 -0.047965
v 1.056319 1.414683 -0.254584
v 1.127668 1.311827 0.211314
v 0.997057 0.959870 -0.390411
v 1.129514 1.448139 -0.170358
v 1.131928 1.635803 -0.177124
v 1.207658 1.604638 -0.059001
v 1.115649 1.270908 0.201766
v 1.168371 1.239769 -0.145946
v 1.150019 1.389436 -0.150858
v 1.270231 1.131363 0.095700
v 1.214439 0.960636 -0.074220
v 1.052422 1.508287 -0.179802
v 1.139218 1.223846 -0.188705
v 1.249949 1.120178 0.032589
v 1.092029 1.178496 0.193812
v 1.093920 1.605938 -0.111318
v 1.153242 1.562960 -0.132499
v 1.074113 1.508862 -0.128072
v 1.116884 1.688728 -0.103588
v 1.139924 1.472673 -0.154301
v 1.229774 1.208326 -0.028410
v 1.228369 1.104955 -0.028935
v 1.220413 1.822126 -0.072620
v 1.104657 1.588537 -0.079232
v 1.173018 1.456042 -0.115518
v 1.243469 1.201969 0.007559
v 1.003547 1.161326 -0.181372
v 1.174623 1.756854 -0.127733
v 1.230953 1.659089 -0.022501
v 1.044531 1.093973 0.019072
v 1.151537 1.384134 0.255964
v 1.084482 1.594997 -0.142867
v 1.092967 1.356766 0.031946
v 1.158056 1.780528 -0.050885
v 1.296964 1.748516 0.231951
v 1.109371 1.434348 0.039419
v 1.086664 1.202414 -0.252273
v 1.117513 1.400023 0.091974
v 1.114499 1.536920 -0.009586
v 1.097982 1.339091 0.065130
v 1.202141 1.792805 -0.095035
v 1.301010 1.526740 0.140560
v 1.257109 1.030723 0.069777
v 1.248803 0.994327 0.045412
v 1.063302 1.061356 0.187764
v 1.067637 1.296483 -0.029972
v 1.079310 1.374468 -0.031417
v 1.074528 1.291894 -0.000304
v 1.307607 1.488468 0.189331
v 1.166069 1.637741 -0.125796
v 1.089435 1.216869 0.134264
v 1.082278 1.239882 0.075374
v 1.096733 1.310361 0.081457
v 1.106252 1.292704 0.137859
v 1.159892 1.723963 0.009612
v 1.152576 1.655966 0.029535
v 1.252027 1.395798 0.014460
v 1.132255 1.638960 -0.023598
v 1.125761 1.568009 0.004119
v 1.151240 1.724233 -0.026090
v 1.277630 1.412905 0.074685
v 1.224052 1.381020 -0.039439
v 1.143404 1.578627 0.051261
v 1.229546 1.303872 -0.029462
v 1.184902 1.563162 0.255982
v 1.273004 1.487182 0.055133
v 1.286227 1.709368 0.091556
v 1.252797 1.664162 0.013608
v 1.203606 1.287925 -0.079939
v 1.254980 1.311155 0.026961
v 1.172096 1.682427 0.086505
v 1.051585 1.306343 -0.094217
v 1.256566 1.732318 0.017975
v 1.147831 1.394772 0.216308
v 1.249404 1.471679 0.004451
v 1.285957 1.765625 0.094220
v 1.166352 1.486306 0.210869
v 1.172573 1.556319 0.171871
v 1.248671 1.964095 0.122787
v 1.192370 1.556069 0.321330
v 1.215446 1.216308 -0.062427
v 1.038476 1.235505 -0.101309
v 1.051342 1.219548 -0.045020
v 1.274894 1.704235 0.345304
v 1.258093 1.967559 0.036932
v 1.232109 1.959151 -0.011465
v 1.183731 1.818987 0.018472
v 1.276739 1.913708 0.085553
v 1.290497 1.853699 0.203198
v 1.291662 1.519594 0.105690
v 1.199118 1.752147 0.188012
v 1.293441 1.802861 0.183355
v 1.289417 1.752238 0.276227
v 1.289925 1.905472 0.236130
v 1.190221 1.692436 0.171300
v 1.284660 1.820181 0.272104
v 1.207596 1.793757 0.195066
v 1.230314 1.795441 0.344675
v 1.257060 1.912623 0.250507
v 1.266552 1.961537 0.179638
v 1.258962 1.770561 0.028484
v 1.182163 1.673429 0.138203
v 1.185179 1.748691 0.105811
v 1.191037 1.635420 -0.082647
v 1.181528 1.710059 -0.120803
v 1.304062 1.696722 0.177650
v 1.202772 1.706000 -0.080978
v 1.170179 1.742152 0.035039
v 1.216808 1.756669 0.291917
v 1.276093 1.801218 0.325603
v 1.224422 1.778717 0.300247
v 1.266937 1.649073 0.039322
v 1.271060 1.887651 0.283208
v 1.163664 1.665238 0.063445
v 1.214797 1.781336 -0.074041
v 1.162274 1.824643 -0.067510
v 1.140280 1.766346 -0.091298
v 1.279453 1.856021 0.291627
v 1.177598 1.678909 0.111476
v 1.293795 1.719111 0.269916
v 1.244668 1.866221 0.295155
v 1.301647 1.719021 0.217702
v 1.211537 1.760728 -0.063163
v 1.233004 1.745758 -0.021115
v 1.223553 1.692509 -0.035601
v 1.173375 1.803674 -0.003292
v 1.302793 1.647396 0.152062
v 1.291702 1.926125 0.184215
v 1.201655 1.884224 0.032520
v 1.283976 1.674454 0.079827
v 1.252746 1.940238 0.194771
v 1.174683 1.712819 0.079442
v 1.286489 1.951588 0.188630
v 1.289987 1.818821 0.141138
v 1.279181 1.954426 0.097312
v 1.284906 1.964836 0.139794
v 1.195815 1.810991 0.102862
v 1.203586 1.734523 0.223620
v 1.293679 1.779297 0.138550
v 1.186855 1.789436 0.069913
v 1.141137 1.700306 -0.037892
v 1.219256 1.636457 -0.041200
v 1.191552 1.671011 0.195058
v 1.232041 1.818743 0.320823
v 1.187349 1.775900 -0.105700
v 1.156390 1.691929 0.018812
v 1.221558 1.948951 -0.023616
v 1.202477 1.922158 -0.024664
v 1.228085 1.800577 0.293847
v 1.176507 1.859639 -0.049267
v 1.292915 1.621357 0.105966
v 1.126186 1.680871 -0.073751
v 1.149127 1.770349 -0.119344
v 1.194822 1.719944 0.180927
v 1.195070 1.762228 0.154670
v 1.290802 1.890328 0.179128
v 1.296192 1.695879 0.121100
v 1.163045 1.723067 -0.139069
v 1.291569 1.918260 0.213164
v 1.167658 1.753958 0.015475
v 1.186364 1.703810 0.142749
v 1.302051 1.711700 0.159906
v 1.255124 1.698884 0.016949
v 1.220103 1.820763 0.246244
v 1.244437 1.938941 0.161706
v 1.187423 1.741413 0.123428
v 1.153703 1.748597 -0.038519
v 1.167799 1.792971 -0.024164
v 1.279076 1.793128 0.311281
v 1.242281 1.738964 -0.003220
v 1.275304 1.971337 0.155203
v 1.190332 1.710264 -0.096882
v 1.282279 1.745905 0.306766
v 1.226003 1.868175 -0.061387
v 1.213341 1.713480 0.305937
v 1.198719 1.819890 -0.093836
v 1.118693 1.689717 -0.142516
v 1.166876 1.653582 0.082719
v 1.243957 1.628866 -0.001787
v 1.147954 1.617712 0.039278
v 1.153051 1.796389 -0.079204
v 1.128196 1.730131 -0.095402
v 1.276619 1.585197 0.061049
v 1.124015 1.634792 -0.047760
v 1.102412 1.646305 -0.108910
v 1.123553 1.666342 -0.156302
v 1.240384 1.808144 -0.007094
v 1.162347 1.596054 0.101281
v 1.100083 1.619835 -0.179000
v 1.196912 1.569116 -0.073983
v 1.223503 1.582712 -0.035682
v 1.243822 1.605021 -0.002629
v 1.158920 1.599821 -0.127271
v 1.169069 1.547816 -0.111854
v 1.131105 1.560636 -0.164908
v 1.259081 1.555019 0.023901
v 1.133373 1.570994 0.024642
v 1.103161 1.565180 -0.066101
v 1.151013 1.640661 -0.151091
v 1.175135 1.614789 0.142744
v 1.065573 1.563528 -0.189810
v 1.206134 1.508631 -0.067478
v 1.176761 1.635045 -0.099755
v 1.083403 1.573609 -0.126618
v 1.141344 1.532554 -0.148755
v 1.153470 1.587192 0.078119
v 1.179599 1.642660 0.142099
v 1.246563 1.535671 -0.000287
v 1.139321 1.541780 0.064253
v 1.235090 1.539560 -0.019013
v 1.171726 1.676198 -0.123197
v 1.157829 1.530648 0.131642
v 1.302815 1.566367 0.147985
v 1.089973 1.503895 -0.072158
v 1.121625 1.542934 -0.186045
v 1.269074 1.570636 0.043463
v 1.061431 1.537289 -0.185823
v 1.179721 1.487985 -0.104814
v 1.094962 1.496903 -0.049652
v 1.141939 1.646785 0.000832
v 1.114001 1.506896 0.007699
v 1.169800 1.605407 0.122285
v 1.131216 1.596057 -0.173747
v 1.219450 1.677777 0.381188
v 1.302814 1.576407 0.274183
v 1.269022 1.719572 0.364548
v 1.286416 1.656434 0.320743
v 1.258138 1.732897 0.379750
v 1.216727 1.699881 0.332504
v 1.307305 1.599626 0.184663
v 1.195970 1.659271 0.239482
v 1.182959 1.598201 0.197422
v 1.226552 1.767133 0.341665
v 1.303143 1.662869 0.233409
v 1.279340 1.727715 0.323615
v 1.299711 1.662518 0.259463
v 1.294806 1.613924 0.299977
v 1.305402 1.637007 0.228928
v 1.293502 1.693409 0.280119
v 1.223537 1.713006 0.359750
v 1.268079 1.748531 0.358893
v 1.243501 1.710465 0.396496
v 1.285557 1.893320 0.258487
v 1.208313 1.681078 0.300139
v 1.277209 1.678631 0.343146
v 1.268168 1.690252 0.370322
v 1.212121 1.737105 0.280846
v 1.229649 1.623215 0.433269
v 1.258672 1.629987 0.406987
v 1.219549 1.659034 0.367525
v 1.274761 1.616691 0.366967
v 1.244766 1.645316 0.422419
v 1.199050 1.581446 0.356226
v 1.216376 1.619772 0.422978
v 1.252545 1.639276 0.416840
v 1.217340 1.646815 0.403625
v 1.205427 1.650818 0.308359
v 1.201436 1.532375 0.411064
v 1.245520 1.533419 0.444823
v 1.285456 1.559536 0.345366
v 1.209751 1.603909 0.364094
v 1.208382 1.586281 0.427616
v 1.214082 1.786419 0.246752
v 1.190669 1.574076 0.284467
v 1.234733 1.544466 0.457507
v 1.308248 1.556651 0.236717
v 1.294882 1.527221 0.320998
v 1.211293 1.561344 0.407233
v 1.248181 1.563032 0.438488
v 1.202764 1.501191 0.479501
v 1.190447 1.513593 0.462622
v 1.194165 1.524132 0.400687
v 1.219652 1.523785 0.470555
v 1.267750 1.528714 0.396504
v 1.185114 1.513566 0.335182
v 1.260050 1.521668 0.415924
v 1.309037 1.519472 0.239870
v 1.304109 1.466528 0.289717
v 1.279114 1.438992 0.379307
v 1.274405 1.464744 0.388754
v 1.187726 1.495175 0.451918
v 1.180364 1.532252 0.251358
v 1.197090 1.567492 0.342143
v 1.195971 1.592677 0.299765
v 1.201813 1.639076 0.296083
v 1.275140 1.590959 0.371310
v 1.301388 1.329075 0.303783
v 1.143534 1.320738 0.395585
v 1.163071 1.392353 0.482766
v 1.144977 1.336633 0.317989
v 1.141540 1.316769 0.426378
v 1.268886 1.308313 0.407445
v 1.166004 1.405369 0.455258
v 1.294465 1.348051 0.334590
v 1.162234 1.389156 0.499265
v 1.295839 1.417173 0.133813
v 1.168828 1.437627 0.322427
v 1.308612 1.407776 0.243315
v 1.139950 1.433743 0.142720
v 1.260348 1.395807 0.423315
v 1.290207 1.408358 0.349472
v 1.306102 1.392442 0.195371
v 1.155121 1.371616 0.334743
v 1.175291 1.430550 0.463274
v 1.231012 1.292990 0.479213
v 1.303857 1.328416 0.200799
v 1.291166 1.330147 0.129701
v 1.154307 1.343155 0.538196
v 1.276863 1.291897 0.387309
v 1.196715 1.458249 0.497473
v 1.305442 1.352545 0.271476
v 1.135015 1.445945 0.116356
v 1.101700 1.164166 0.596283
v 1.276123 1.220381 0.384845
v 1.160915 1.327114 0.548956
v 1.281914 1.329822 0.096964
v 1.244061 1.468629 0.450549
v 1.122430 1.253265 0.539006
v 1.116039 1.215644 0.397243
v 1.135219 1.290655 0.385302
v 1.166384 1.453916 0.259500
v 1.123749 1.362773 0.143628
v 1.278077 1.263279 0.381576
v 1.128432 1.279414 0.510309
v 1.126949 1.273573 0.489336
v 1.120354 1.243853 0.473878
v 1.111518 1.206154 0.471914
v 1.295055 1.242993 0.173557
v 1.225566 1.354254 0.486806
v 1.236845 1.229599 0.465394
v 1.130995 1.278388 0.446209
v 1.105434 1.177066 0.282563
v 1.282622 1.188536 0.363774
v 1.105037 1.175713 0.455375
v 1.305530 1.313397 0.231045
v 1.301627 1.255068 0.270889
v 1.220766 1.372221 0.494066
v 1.221136 1.112696 0.485094
v 1.288586 1.218784 0.148559
v 1.168663 1.424400 0.385207
v 1.297174 1.220196 0.204030
v 1.151697 1.353156 0.403441
v 1.098965 1.098199 0.625798
v 1.099547 1.128762 0.614346
v 1.275231 1.307767 0.081307
v 1.282926 1.118182 0.341001
v 1.293084 1.147367 0.224181
v 1.293603 1.148925 0.250828
v 1.109951 1.238811 0.211726
v 1.259602 1.172443 0.420261
v 1.248720 1.101508 0.438603
v 1.285734 1.100445 0.312164
v 1.266137 1.073295 0.387165
v 1.065039 1.024616 0.454745
v 1.284456 1.132445 0.159235
v 1.174814 1.050703 0.545728
v 1.080428 1.091102 0.257281
v 1.285497 1.254346 0.358895
v 1.032425 0.952756 0.569691
v 1.031269 0.946091 0.548922
v 1.259024 0.967599 0.381099
v 1.034292 0.950488 0.528995
v 1.279323 1.008154 0.195189
v 1.047601 0.951195 0.414530
v 1.270204 0.934784 0.306825
v 1.195875 0.902300 0.505632
v 1.162901 0.898321 0.548236
v 1.177366 0.893083 0.529319
v 1.242369 0.959547 0.426198
v 1.285505 1.053865 0.265178
v 1.191028 0.990602 0.518408
v 1.041638 0.940218 0.447915
v 1.217403 0.910698 0.471133
v 1.272253 0.996464 0.336722
v 1.278894 1.029289 0.315088
v 1.242276 1.007873 0.436202
v 1.229249 0.931182 0.451725
v 1.267303 1.010748 0.365894
v 1.009955 0.882826 0.691249
v 1.004390 0.860888 0.526737
v 1.279856 0.994054 0.233872
v 1.273345 1.226862 0.087437
v 1.068887 1.030159 0.420377
v 1.075586 1.139928 0.150897
v 1.282637 1.058564 0.188767
v 1.015297 0.876597 0.493591
v 1.252298 0.910023 0.383554
v 1.272416 0.967297 0.317495
v 1.219065 0.805434 0.444059
v 1.008151 0.848110 0.699447
v 1.032525 0.891225 0.381510
v 1.273494 0.938148 0.275161
v 1.245918 0.869277 0.389114
v 1.027336 0.879632 0.405229
v 1.191458 0.822577 0.502900
v 0.987645 0.789912 0.469464
v 1.265674 0.857975 0.263982
v 1.244199 0.792201 0.361930
v 1.262448 0.851809 0.293289
v 1.004427 0.819872 0.437368
v 1.025024 0.876668 0.290596
v 1.131074 0.767288 0.577726
v 0.991555 0.776480 0.417554
v 1.129051 0.840949 0.585371
v 1.205207 0.787297 0.469664
v 1.019434 0.847823 0.351022
v 0.989028 0.733824 0.704258
v 0.979321 0.746702 0.711420
v 1.048599 0.954086 0.302187
v 1.250975 0.799009 0.331332
v 1.222027 0.774238 0.426239
v 0.995054 0.774747 0.371886
v 0.913375 0.714658 0.744901
v 1.192713 0.670559 0.461796
v 0.975461 0.750976 0.460073
v 1.024426 0.894279 0.231250
v 1.000361 0.802661 0.267183
v 1.208256 0.701724 0.437866
v 1.215343 0.661689 0.403935
v 0.973267 0.769298 0.499442
v 0.893065 0.714970 0.713188
v 1.247066 0.731756 0.307416
v 0.944504 0.673413 0.456821
v 0.945333 0.731369 0.543444
v 0.909147 0.632653 0.519321
v 0.919069 0.640367 0.497793
v 0.993570 0.786960 0.241695
v 0.908023 0.649003 0.747677
v 0.916495 0.659151 0.533910
v 1.233974 0.704155 0.359107
v 0.831279 0.559658 0.640681
v 1.067256 0.528780 0.607078
v 0.795759 0.570484 0.764729
v 0.816111 0.559403 0.792686
v 1.152691 0.538912 0.491061
v 1.057632 0.560739 0.625186
v 0.915384 0.631585 0.739587
v 0.887739 0.627728 0.579473
v 1.129476 0.654983 0.562790
v 1.142211 0.631476 0.538315
v 0.842684 0.575197 0.778722
v 1.190407 0.626971 0.452128
v 1.091796 0.552657 0.584741
v 0.887628 0.503719 0.745298
v 0.841973 0.506180 0.771191
v 1.227256 0.621560 0.337025
v 0.848447 0.574974 0.616404
v 1.119243 0.681685 0.580974
v 1.182264 0.592092 0.455676
v 1.120698 0.614319 0.564486
v 1.180403 0.519146 0.426762
v 0.968553 0.469297 0.686697
v 0.834237 0.530077 0.585193
v 0.853752 0.517439 0.508667
v 1.117447 0.503946 0.534197
v 0.860852 0.520625 0.485560
v 0.817839 0.481155 0.552670
v 1.007590 0.454043 0.649984
v 1.218218 0.608610 0.367220
v 1.308165 1.438089 0.261092
v 1.169853 1.457549 0.289411
v 1.283899 1.424154 0.368116
v 1.159173 1.420452 0.258342
v 1.159429 1.474667 0.187790
v 1.298268 1.433418 0.320433
v 1.161381 1.401005 0.331015
v 1.305416 1.508696 0.167572
v 1.190138 1.593986 0.260751
v 1.307778 1.497292 0.261724
v 1.291901 1.374157 0.345287
v 1.298377 1.495275 0.313787
v 1.281508 1.469471 0.369814
v 1.308769 1.575444 0.209306
v 1.166930 1.471025 0.233616
v 1.172873 1.480333 0.271486
v 1.284891 1.377417 0.366974
v 1.298515 1.597589 0.287991
v 1.299433 1.549765 0.297857
v 1.193353 1.637995 0.239372
v 1.149458 1.362702 0.287232
v 1.307618 1.378530 0.260971
v 1.272038 1.340354 0.400916
v 1.296144 1.497090 0.123855
v 1.148784 1.416163 0.196673
v 1.155171 1.481818 0.164136
v 1.258956 1.293290 0.428748
v 1.297053 1.444463 0.137217
v 1.181411 1.228428 0.546549
v 1.168852 1.254963 0.561998
v 1.152772 1.247756 0.575589
v 1.131317 1.302016 0.248495
v 1.203215 1.271248 0.518586
v 1.136139 1.300038 0.312106
v 1.129650 1.284546 0.269335
v 1.299209 1.290335 0.309512
v 1.305490 1.362293 0.196961
v 1.308433 1.399935 0.217980
v 1.309123 1.440741 0.235522
v 1.171674 1.514874 0.208742
v 1.248715 1.199353 0.441903
v 1.118755 1.228845 0.313178
v 1.181946 1.161498 0.541385
v 1.113226 1.204688 0.295165
v 1.201012 1.143236 0.515290
v 1.115458 1.209175 0.344780
v 1.294420 1.194838 0.305351
v 1.183184 1.193173 0.540474
v 1.074627 1.079247 0.521424
v 1.195018 1.162749 0.524768
v 1.097622 1.131930 0.364015
v 1.207153 1.175813 0.507552
v 1.109104 1.193682 0.463173
v 1.242717 1.213172 0.453598
v 1.081582 1.105228 0.530999
v 1.107704 1.197477 0.492742
v 1.081735 1.111373 0.548961
v 1.076504 1.082563 0.499180
v 1.081674 1.118382 0.568099
v 1.090077 1.145015 0.572929
v 1.092723 1.143858 0.587760
v 1.105291 1.192512 0.253206
v 1.164778 1.123538 0.560732
v 1.273139 1.178543 0.389603
v 1.261627 1.211195 0.418203
v 1.157337 1.051479 0.566892
v 1.071626 1.063162 0.490810
v 1.096214 1.139618 0.420300
v 1.289051 1.106036 0.287775
v 1.274564 1.095561 0.367521
v 1.194329 1.053368 0.521040
v 1.075863 1.068750 0.453005
v 1.204033 0.989316 0.500601
v 1.234021 1.023276 0.457168
v 1.243024 1.168910 0.450410
v 1.090992 1.154632 0.220363
v 1.071451 1.064377 0.238930
v 1.052060 0.958941 0.383769
v 1.019292 0.915632 0.568302
v 1.086023 1.127282 0.233457
v 1.115726 0.857056 0.600465
v 1.247244 0.931370 0.406866
v 1.045808 0.998157 0.563389
v 1.053762 0.998766 0.233093
v 1.077621 1.064074 0.289857
v 1.081179 1.065938 0.339689
v 1.056612 1.007267 0.487967
v 1.063320 1.000625 0.326846
v 1.056508 0.979141 0.313431
v 1.254928 1.133760 0.426713
v 0.917531 0.754202 0.664429
v 0.936935 0.725911 0.564052
v 1.183669 0.725774 0.496138
v 0.988014 0.754503 0.349540
v 1.009262 0.816389 0.359991
v 0.953130 0.798285 0.615681
v 0.949982 0.670417 0.416695
v 0.984896 0.840633 0.574511
v 0.981944 0.742913 0.396778
v 0.954514 0.561140 0.710248
v 0.947685 0.672663 0.436508
v 0.991683 0.846473 0.554250
v 0.991634 0.770208 0.297090
v 0.961752 0.687567 0.308172
v 0.885590 0.539084 0.749424
v 1.090906 1.138668 0.527516
v 1.096950 1.126616 0.340251
v 1.305549 1.578908 0.165914
v 1.289174 1.542468 0.337043
v 1.305143 1.627229 0.167358
v 1.292205 1.498675 0.335392
v 1.204439 1.613248 0.346072
v 1.148526 0.866571 0.563885
v 1.137240 0.692695 0.560243
v 0.883936 0.697337 0.706009
v 0.834958 0.615902 0.717300
v 1.160825 0.655192 0.516185
v 0.840889 0.616262 0.695290
v 0.856216 0.635710 0.678742
v 1.015873 0.558677 0.662762
v 0.914874 0.739389 0.652513
v 0.897769 0.570447 0.440286
v 0.767242 0.515432 0.734524
v 0.911820 0.589949 0.413582
v 0.883921 0.590298 0.535183
v 0.913042 0.578745 0.344490
v 0.956209 0.629003 0.714229
v 1.020523 0.687462 0.676204
v 0.912581 0.604520 0.738896
v 1.001942 0.682550 0.690213
v 0.827917 0.376413 0.767123
v 0.918021 0.594096 0.374813
v 0.912730 0.586754 0.395070
v 0.788113 0.396890 0.791804
v 1.103981 0.505880 0.554040
v 0.792639 0.485451 0.797163
v 0.906763 0.355407 0.713111
v 1.064748 0.473679 0.593609
v 0.859934 0.470163 0.759278
v 1.059055 0.436222 0.588045
v 0.969751 0.437421 0.679957
v 0.920435 0.453093 0.719232
v 0.831323 0.407688 0.770718
v 0.849915 0.476995 0.402400
v 0.918283 0.348637 0.703132
v 1.019144 0.376478 0.614018
v 0.768326 0.426243 0.594474
v 0.956700 0.367252 0.675244
v 0.721960 0.415378 0.686142
v 0.729990 0.437001 0.701417
v 0.787772 0.406258 0.496352
v 0.798291 0.467769 0.790925
v 0.898802 0.384881 0.724154
v 0.739865 0.358602 0.555485
v 0.975076 0.278316 0.629657
v 0.697935 0.344626 0.636528
v 0.733047 0.318027 0.813402
v 1.121040 0.410710 0.490805
v 0.861280 0.490887 0.382554
v 0.852948 0.303602 0.739506
v 0.800835 0.416081 0.466100
v 0.770806 0.359225 0.431242
v 1.043938 0.300657 0.555220
v 0.948800 0.264043 0.652531
v 0.853194 0.222878 0.725170
v 1.045351 0.339348 0.568988
v 0.721614 0.341948 0.576567
v 0.781251 0.260017 0.779253
v 0.825192 0.306598 0.757817
v 0.893649 0.540371 0.345438
v 0.772146 0.443441 0.611670
v 0.872380 0.581825 0.557124
v 0.876453 0.202863 0.701270
v 0.660633 0.318988 0.674221
v 0.989261 0.249118 0.603067
v 1.010802 0.250849 0.577384
v 0.678675 0.243376 0.834876
v 0.571866 0.333288 0.878927
v 0.793057 0.202324 0.762031
v 0.580305 0.241516 0.706899
v 1.026247 0.272723 0.566751
v 0.933319 0.275824 0.671167
v 0.622045 0.262491 0.667216
v 0.627508 0.249136 0.640601
v 0.919802 0.171262 0.652992
v 0.877640 0.168739 0.691465
v 0.990838 0.494676 0.672734
v 0.925622 0.202963 0.656692
v 0.609226 0.155348 0.867290
v 0.530773 0.212176 0.749127
v 1.047472 0.485783 0.617148
v 0.959199 0.150986 0.603548
v 0.521969 0.217656 0.773548
v 0.481608 0.218111 0.945240
v 0.550099 0.163811 0.659105
v 0.584306 0.148428 0.881105
v 0.836662 0.440586 0.351817
v 0.783912 0.370518 0.402111
v 0.731699 0.294541 0.410817
v 0.821161 0.421726 0.374629
v 1.094648 0.393181 0.524285
v 1.082229 0.314956 0.508453
v 0.972028 0.361267 0.659191
v 1.007685 0.392182 0.631938
v 1.164166 0.494929 0.450030
v 0.927678 0.606425 0.317142
v 0.985327 0.315926 0.631028
v 0.956125 0.821015 0.686550
v 0.621800 0.096150 0.854995
v 0.856606 0.097908 0.692375
v 0.546187 0.093134 0.899276
v 0.897492 0.077565 0.648562
v 0.602768 0.072894 0.864427
v 0.805499 0.030337 0.721813
v 0.598674 0.007450 0.860883
v 0.569375 0.119817 0.566862
v 0.397351 0.126940 0.896075
v 0.587880 0.126667 0.534120
v 0.442473 0.056716 0.704528
v 0.863171 -0.000275 0.663330
v 0.548961 0.010433 0.890998
v 0.789391 -0.049367 0.720950
v 0.760890 0.039688 0.758213
v 0.742185 -0.035512 0.760618
v 0.582563 0.150984 0.586738
v 0.557300 0.071784 0.891247
v 0.528214 0.038043 0.528153
v 0.606052 0.122506 0.470250
v 0.650677 0.195278 0.480390
v 0.678647 -0.092671 0.798986
v 0.354064 0.014802 0.997501
v 0.625881 -0.066996 0.836837
v 0.650047 -0.000061 0.828743
v 0.363722 0.075837 0.999593
v 0.542614 0.095381 0.584728
v 0.602739 -0.055402 0.852308
v 0.565751 0.098201 0.539118
v 0.659463 0.159420 0.838907
v 0.412327 -0.005384 0.690243
v 0.484811 0.026203 0.603244
v 0.609003 -0.136035 0.839011
v 0.351931 -0.044895 0.989285
v 0.653979 -0.157278 0.806848
v 0.291612 -0.011247 1.017127
v 0.189722 -0.077071 0.936111
v 0.725224 -0.112036 0.762351
v 0.295836 0.051460 1.003423
v 0.408468 -0.207356 0.948999
v 0.459363 0.058479 0.679969
v 0.234586 -0.062759 0.876341
v 0.672365 0.069092 0.822711
v 0.698751 0.133898 0.814008
v 0.696131 -0.017884 0.796472
v 0.430284 -0.260983 0.929869
v 0.264945 0.020167 0.957282
v 0.479236 -0.065096 0.924717
v 0.394157 -0.329687 0.932727
v 0.511279 0.085123 0.627320
v 0.856097 0.266980 0.730867
v 0.717665 0.050567 0.791165
v 0.927820 0.057248 0.609908
v 0.911947 0.067649 0.630348
v 0.641602 0.293406 0.673650
v 0.180440 -0.077766 0.961033
v 0.452920 -0.038875 0.583188
v 0.139717 -0.142385 1.004679
v 0.184943 -0.072129 0.997359
v 0.507917 0.142216 0.697068
v 0.423857 -0.046202 0.956500
v 0.271787 -0.052803 0.835239
v 0.258829 -0.161221 0.707231
v 0.277386 -0.098583 0.768833
v 0.307980 -0.113046 0.718022
v 0.282383 0.028374 0.937945
v 0.455170 -0.142566 0.931529
v 0.236763 -0.101729 0.813798
v 0.248916 -0.273337 0.989258
v 0.300858 0.064710 0.983276
v 0.370267 -0.082245 0.673611
v 0.330252 -0.128416 0.672002
v 0.405989 0.101165 0.829766
v 0.311522 -0.261978 0.977847
v 0.489991 0.199047 0.810115
v 0.462495 0.126302 0.752469
v 0.222142 -0.271728 0.993131
v 0.511067 0.179739 0.739230
v 0.492020 -0.266418 0.894504
v 0.528419 -0.222368 0.878307
v 0.367727 -0.091491 0.979006
v 0.203585 -0.054932 0.949559
v 0.222676 -0.079197 1.021165
v 0.273671 -0.071790 1.012692
v 0.438212 -0.098724 0.944684
v 0.361212 -0.271250 0.958685
v 0.352005 -0.062455 0.720556
v 0.466116 0.113547 0.729323
v 0.383874 -0.215939 0.959432
v 0.236138 -0.007545 0.999891
v 0.447907 -0.029938 0.944932
v 0.251226 -0.304017 0.981751
v 0.345676 -0.163131 0.981690
v 0.224464 -0.359674 0.970137
v 0.554121 -0.170660 0.868663
v 0.181308 -0.070652 0.978667
v 0.217257 -0.202434 0.688148
v 0.302778 -0.426481 0.932929
v 0.386447 -0.446626 0.898536
v 0.264701 -0.531423 0.904357
v 0.216184 -0.241305 0.619301
v 0.523696 -0.311580 0.867544
v 0.442047 -0.463366 0.868657
v 0.247566 -0.416896 0.948828
v 0.320188 -0.373312 0.946286
v 0.482548 -0.346736 0.884281
v 0.454987 -0.303745 0.909143
v 0.250328 -0.206634 0.645877
v 0.242908 -0.546400 0.904164
v 0.410406 -0.397877 0.906789
v 0.416604 -0.333989 0.921981
v 0.367834 -0.381904 0.928398
v 0.513096 -0.147835 0.896646
v 0.287706 -0.169809 0.664737
v 1.289095 1.908757 0.152352
v 1.232023 1.953976 0.089071
v 1.188242 1.866700 -0.010948
v 1.287147 1.864583 0.143208
v 1.217637 1.961168 0.017723
v 1.206145 1.840520 0.134787
v 1.236833 1.922373 -0.035571
v 1.238549 1.982799 0.056787
v 1.240381 1.862868 -0.023022
v 1.230112 1.852081 -0.054241
v 1.282347 1.823479 0.100491
v 1.258809 1.965144 0.150843
v 1.195709 1.898911 -0.016978
v 1.287375 1.938608 0.145132
v 1.199252 1.897537 -0.051012
v 1.198433 1.904027 -0.035071
v 1.190672 1.846843 0.017328
v 1.253238 1.800183 0.017799
v 1.271161 1.976500 0.106274
v 1.270473 1.841153 0.060808
v 1.224112 1.886472 -0.060810
v 1.249739 1.955744 0.009574
v 1.272795 1.885328 0.076116
v 1.269479 1.800894 0.052600
v 1.272771 1.933904 0.070862
v 1.214405 1.940496 0.045157
v 1.233922 1.968805 0.005734
v 1.182049 1.832078 -0.001803
v 1.211392 1.902791 0.064883
v 1.206534 1.869061 0.089763
v 1.218091 1.930320 -0.040324
v 1.233276 1.901561 -0.045323
v 1.207579 1.940326 -0.010803
v 1.196940 1.892409 0.002385
v 1.220100 1.914942 0.093443
v 1.234206 1.834293 -0.031369
v 1.285293 1.954704 0.165468
v 1.243920 1.939747 -0.014387
v 1.245408 1.970093 0.019033
v 1.243601 1.976432 0.040446
v 1.222675 1.888130 0.149137
v 1.200991 1.918825 0.005688
v 1.281988 1.920440 0.110956
v 1.190517 1.885492 -0.037875
v 1.267626 1.972505 0.073946
v 1.271427 1.973552 0.133410
v 1.253704 1.850533 0.016569
v 1.205647 1.913587 -0.042208
v 1.245383 1.896235 -0.018228
v 1.281816 1.964728 0.110424
v 1.209206 1.944888 0.011053
v 1.210266 1.937271 -0.026033
v 1.242467 1.958479 -0.004504
v 1.219493 1.854558 -0.071372
v 1.214974 1.871017 -0.072049
v 1.189136 1.879931 -0.060883
v 1.204974 1.887146 -0.069512
v 1.228162 1.916996 -0.046759
v 1.283559 1.952765 0.120682
v 1.280013 1.970944 0.132566
v 1.231908 1.938372 -0.031363
v 1.216787 1.957908 -0.003265
v 1.235048 1.875006 -0.043732
v 1.233441 1.977062 0.029724
v 1.235420 1.856005 -0.038190
f 2 147 149
f 43 148 147
f 45 149 148
f 147 148 149
f 14 150 152
f 44 151 150
f 43 152 151
f 150 151 152
f 16 153 155
f 45 154 153
f 44 155 154
f 153 154 155
f 43 151 148
f 44 154 151
f 45 148 154
f 151 154 148
f 6 156 158
f 46 157 156
f 48 158 157
f 156 157 158
f 15 159 161
f 47 160 159
f 46 161 160
f 159 160 161
f 14 162 164
f 48 163 162
f 47 164 163
f 162 163 164
f 46 160 157
f 47 163 160
f 48 157 163
f 160 163 157
f 7 165 167
f 49 166 165
f 51 167 166
f 165 166 167
f 16 168 170
f 50 169 168
f 49 170 169
f 168 169 170
f 15 171 173
f 51 172 171
f 50 173 172
f 171 172 173
f 49 169 166
f 50 172 169
f 51 166 172
f 169 172 166
f 14 164 150
f 47 174 164
f 44 150 174
f 164 174 150
f 15 173 159
f 50 175 173
f 47 159 175
f 173 175 159
f 16 155 168
f 44 176 155
f 50 168 176
f 155 176 168
f 47 175 174
f 50 176 175
f 44 174 176
f 175 176 174
f 1 140 178
f 39 177 140
f 53 178 177
f 140 177 178
f 13 179 141
f 52 180 179
f 39 141 180
f 179 180 141
f 18 181 183
f 53 182 181
f 52 183 182
f 181 182 183
f 39 180 177
f 52 182 180
f 53 177 182
f 180 182 177
f 184 142 536
f 54 185 184
f 40 142 185
f 184 185 142
f 17 186 188
f 55 187 186
f 54 188 187
f 186 187 188
f 13 143 190
f 40 189 143
f 55 190 189
f 143 189 190
f 54 187 185
f 55 189 187
f 40 185 189
f 187 189 185
f 6 191 193
f 56 192 191
f 58 193 192
f 191 192 193
f 18 194 196
f 57 195 194
f 56 196 195
f 194 195 196
f 17 197 199
f 58 198 197
f 57 199 198
f 197 198 199
f 56 195 192
f 57 198 195
f 58 192 198
f 195 198 192
f 13 190 179
f 55 200 190
f 52 179 200
f 190 200 179
f 17 199 186
f 57 201 199
f 55 186 201
f 199 201 186
f 18 183 194
f 52 202 183
f 57 194 202
f 183 202 194
f 55 201 200
f 57 202 201
f 52 200 202
f 201 202 200
f 204 203 594
f 203 204 573
f 19 205 589
f 60 206 585
f 59 207 604
f 205 60 585
f 41 208 583
f 60 209 579
f 146 567 611
f 203 59 594
f 209 208 579
f 144 204 582
f 579 208 586
f 7 210 212
f 61 211 210
f 63 212 211
f 210 211 212
f 20 213 215
f 214 213 560
f 61 215 214
f 213 214 215
f 216 218 584
f 63 217 574
f 62 218 575
f 62 575 606
f 61 214 211
f 62 560 605
f 63 211 217
f 214 217 211
f 219 5 577
f 65 220 607
f 5 219 591
f 222 569 588
f 42 538 587
f 20 223 550
f 224 546 555
f 224 551 593
f 223 65 546
f 551 224 581
f 219 542 549
f 569 64 588
f 19 218 576
f 226 218 565
f 60 205 570
f 205 19 576
f 225 550 568
f 64 551 581
f 560 213 605
f 62 554 614
f 538 146 552
f 60 228 561
f 222 221 569
f 209 60 561
f 218 62 565
f 64 228 559
f 205 226 570
f 551 64 610
f 6 193 156
f 58 229 193
f 46 156 229
f 193 229 156
f 17 230 197
f 66 231 230
f 58 197 231
f 230 231 197
f 15 161 233
f 46 232 161
f 66 233 232
f 161 232 233
f 58 231 229
f 66 232 231
f 46 229 232
f 231 232 229
f 65 234 220
f 54 184 234
f 220 234 184
f 20 235 223
f 67 236 235
f 65 223 236
f 235 236 223
f 17 188 238
f 54 237 188
f 67 238 237
f 188 237 238
f 65 236 234
f 67 237 236
f 54 234 237
f 236 237 234
f 7 167 210
f 51 239 167
f 61 210 239
f 167 239 210
f 15 240 171
f 68 241 240
f 51 171 241
f 240 241 171
f 20 215 243
f 61 242 215
f 68 243 242
f 215 242 243
f 51 241 239
f 68 242 241
f 61 239 242
f 241 242 239
f 17 238 230
f 67 244 238
f 66 230 244
f 238 244 230
f 20 243 235
f 68 245 243
f 67 235 245
f 243 245 235
f 15 233 240
f 66 246 233
f 68 240 246
f 233 246 240
f 67 245 244
f 68 246 245
f 66 244 246
f 245 246 244
f 3 254 247
f 71 255 254
f 69 247 255
f 254 255 247
f 22 256 258
f 72 257 256
f 71 258 257
f 256 257 258
f 21 248 260
f 69 259 248
f 72 260 259
f 248 259 260
f 71 257 255
f 72 259 257
f 69 255 259
f 257 259 255
f 9 261 263
f 73 262 261
f 75 263 262
f 261 262 263
f 23 264 266
f 74 265 264
f 73 266 265
f 264 265 266
f 22 267 269
f 75 268 267
f 74 269 268
f 267 268 269
f 73 265 262
f 74 268 265
f 75 262 268
f 265 268 262
f 8 249 271
f 70 270 249
f 77 271 270
f 249 270 271
f 21 272 250
f 76 273 272
f 70 250 273
f 272 273 250
f 23 274 276
f 77 275 274
f 76 276 275
f 274 275 276
f 70 273 270
f 76 275 273
f 77 270 275
f 273 275 270
f 22 269 256
f 74 277 269
f 72 256 277
f 269 277 256
f 23 276 264
f 76 278 276
f 74 264 278
f 276 278 264
f 21 260 272
f 72 279 260
f 76 272 279
f 260 279 272
f 74 278 277
f 76 279 278
f 72 277 279
f 278 279 277
f 2 149 281
f 45 280 149
f 79 281 280
f 149 280 281
f 16 282 153
f 78 283 282
f 45 153 283
f 282 283 153
f 25 284 286
f 79 285 284
f 78 286 285
f 284 285 286
f 45 283 280
f 78 285 283
f 79 280 285
f 283 285 280
f 7 287 165
f 80 288 287
f 49 165 288
f 287 288 165
f 24 289 291
f 81 290 289
f 80 291 290
f 289 290 291
f 16 170 293
f 49 292 170
f 81 293 292
f 170 292 293
f 80 290 288
f 81 292 290
f 49 288 292
f 290 292 288
f 9 294 296
f 82 295 294
f 84 296 295
f 294 295 296
f 25 297 299
f 83 298 297
f 82 299 298
f 297 298 299
f 24 300 302
f 84 301 300
f 83 302 301
f 300 301 302
f 82 298 295
f 83 301 298
f 84 295 301
f 298 301 295
f 16 293 282
f 81 303 293
f 78 282 303
f 293 303 282
f 24 302 289
f 83 304 302
f 81 289 304
f 302 304 289
f 25 286 297
f 78 305 286
f 83 297 305
f 286 305 297
f 81 304 303
f 83 305 304
f 78 303 305
f 304 305 303
f 204 144 573
f 205 207 589
f 307 207 590
f 207 307 596
f 306 553 592
f 59 203 564
f 207 59 590
f 8 309 545
f 85 310 309
f 309 310 544
f 26 311 313
f 86 312 311
f 85 313 312
f 311 312 313
f 541 566 608
f 315 314 571
f 85 312 310
f 86 314 312
f 312 314 310
f 7 212 317
f 63 316 212
f 88 317 316
f 212 316 317
f 218 19 584
f 87 319 580
f 217 216 574
f 318 87 580
f 26 320 322
f 88 321 320
f 87 322 321
f 320 321 322
f 63 319 316
f 87 321 319
f 88 316 321
f 319 321 316
f 566 315 608
f 314 86 571
f 307 306 556
f 323 307 556
f 26 322 311
f 87 324 322
f 86 311 324
f 322 324 311
f 19 308 595
f 325 308 562
f 87 318 578
f 318 19 595
f 86 324 572
f 318 325 578
f 308 207 596
f 323 86 572
f 9 296 261
f 84 326 296
f 73 261 326
f 296 326 261
f 24 327 300
f 89 328 327
f 84 300 328
f 327 328 300
f 23 266 330
f 73 329 266
f 89 330 329
f 266 329 330
f 84 328 326
f 89 329 328
f 73 326 329
f 328 329 326
f 7 317 287
f 88 331 317
f 80 287 331
f 317 331 287
f 26 332 320
f 90 333 332
f 88 320 333
f 332 333 320
f 24 291 335
f 80 334 291
f 90 335 334
f 291 334 335
f 88 333 331
f 90 334 333
f 80 331 334
f 333 334 331
f 8 271 309
f 77 336 271
f 85 309 336
f 271 336 309
f 23 337 274
f 91 338 337
f 77 274 338
f 337 338 274
f 26 313 340
f 85 339 313
f 91 340 339
f 313 339 340
f 77 338 336
f 91 339 338
f 85 336 339
f 338 339 336
f 24 335 327
f 90 341 335
f 89 327 341
f 335 341 327
f 26 340 332
f 91 342 340
f 90 332 342
f 340 342 332
f 23 330 337
f 89 343 330
f 91 337 343
f 330 343 337
f 90 342 341
f 91 343 342
f 89 341 343
f 342 343 341
f 1 178 344
f 53 352 178
f 92 344 352
f 178 352 344
f 18 353 181
f 96 354 353
f 53 181 354
f 353 354 181
f 27 345 356
f 92 355 345
f 96 356 355
f 345 355 356
f 53 354 352
f 96 355 354
f 92 352 355
f 354 355 352
f 6 357 191
f 97 358 357
f 56 191 358
f 357 358 191
f 29 359 361
f 98 360 359
f 97 361 360
f 359 360 361
f 18 196 363
f 56 362 196
f 98 363 362
f 196 362 363
f 97 360 358
f 98 362 360
f 56 358 362
f 360 362 358
f 10 346 365
f 93 364 346
f 100 365 364
f 346 364 365
f 27 366 347
f 99 367 366
f 93 347 367
f 366 367 347
f 29 368 370
f 100 369 368
f 99 370 369
f 368 369 370
f 93 367 364
f 99 369 367
f 100 364 369
f 367 369 364
f 18 363 353
f 98 371 363
f 96 353 371
f 363 371 353
f 29 370 359
f 99 372 370
f 98 359 372
f 370 372 359
f 27 356 366
f 96 373 356
f 99 366 373
f 356 373 366
f 98 372 371
f 99 373 372
f 96 371 373
f 372 373 371
f 2 374 147
f 101 375 374
f 43 147 375
f 374 375 147
f 30 376 378
f 102 377 376
f 101 378 377
f 376 377 378
f 14 152 380
f 43 379 152
f 102 380 379
f 152 379 380
f 101 377 375
f 102 379 377
f 43 375 379
f 377 379 375
f 11 381 383
f 103 382 381
f 105 383 382
f 381 382 383
f 31 384 386
f 104 385 384
f 103 386 385
f 384 385 386
f 30 387 389
f 105 388 387
f 104 389 388
f 387 388 389
f 103 385 382
f 104 388 385
f 105 382 388
f 385 388 382
f 6 158 391
f 48 390 158
f 107 391 390
f 158 390 391
f 14 392 162
f 106 393 392
f 48 162 393
f 392 393 162
f 31 394 396
f 107 395 394
f 106 396 395
f 394 395 396
f 48 393 390
f 106 395 393
f 107 390 395
f 393 395 390
f 30 389 376
f 104 397 389
f 102 376 397
f 389 397 376
f 31 396 384
f 106 398 396
f 104 384 398
f 396 398 384
f 14 380 392
f 102 399 380
f 106 392 399
f 380 399 392
f 104 398 397
f 106 399 398
f 102 397 399
f 398 399 397
f 4 348 401
f 94 400 348
f 109 401 400
f 348 400 401
f 28 402 349
f 108 403 402
f 94 349 403
f 402 403 349
f 33 404 406
f 109 405 404
f 108 406 405
f 404 405 406
f 94 403 400
f 108 405 403
f 109 400 405
f 403 405 400
f 10 407 350
f 110 408 407
f 95 350 408
f 407 408 350
f 32 409 411
f 111 410 409
f 110 411 410
f 409 410 411
f 28 351 413
f 95 412 351
f 111 413 412
f 351 412 413
f 110 410 408
f 111 412 410
f 95 408 412
f 410 412 408
f 11 414 416
f 112 415 414
f 114 416 415
f 414 415 416
f 33 417 419
f 113 418 417
f 112 419 418
f 417 418 419
f 32 420 422
f 114 421 420
f 113 422 421
f 420 421 422
f 112 418 415
f 113 421 418
f 114 415 421
f 418 421 415
f 28 413 402
f 111 423 413
f 108 402 423
f 413 423 402
f 32 422 409
f 113 424 422
f 111 409 424
f 422 424 409
f 33 406 417
f 108 425 406
f 113 417 425
f 406 425 417
f 111 424 423
f 113 425 424
f 108 423 425
f 424 425 423
f 6 391 357
f 107 426 391
f 97 357 426
f 391 426 357
f 31 427 394
f 115 428 427
f 107 394 428
f 427 428 394
f 29 361 430
f 97 429 361
f 115 430 429
f 361 429 430
f 107 428 426
f 115 429 428
f 97 426 429
f 428 429 426
f 11 416 381
f 114 431 416
f 103 381 431
f 416 431 381
f 32 432 420
f 116 433 432
f 114 420 433
f 432 433 420
f 31 386 435
f 103 434 386
f 116 435 434
f 386 434 435
f 114 433 431
f 116 434 433
f 103 431 434
f 433 434 431
f 10 365 407
f 100 436 365
f 110 407 436
f 365 436 407
f 29 437 368
f 117 438 437
f 100 368 438
f 437 438 368
f 32 411 440
f 110 439 411
f 117 440 439
f 411 439 440
f 100 438 436
f 117 439 438
f 110 436 439
f 438 439 436
f 31 435 427
f 116 441 435
f 115 427 441
f 435 441 427
f 32 440 432
f 117 442 440
f 116 432 442
f 440 442 432
f 29 430 437
f 115 443 430
f 117 437 443
f 430 443 437
f 116 442 441
f 117 443 442
f 115 441 443
f 442 443 441
f 2 281 374
f 79 452 281
f 101 374 452
f 281 452 374
f 25 453 284
f 122 454 453
f 79 284 454
f 453 454 284
f 30 378 456
f 101 455 378
f 122 456 455
f 378 455 456
f 79 454 452
f 122 455 454
f 101 452 455
f 454 455 452
f 9 457 294
f 123 458 457
f 82 294 458
f 457 458 294
f 36 459 461
f 124 460 459
f 123 461 460
f 459 460 461
f 25 299 463
f 82 462 299
f 124 463 462
f 299 462 463
f 123 460 458
f 124 462 460
f 82 458 462
f 460 462 458
f 11 383 465
f 105 464 383
f 126 465 464
f 383 464 465
f 30 466 387
f 125 467 466
f 105 387 467
f 466 467 387
f 36 468 470
f 126 469 468
f 125 470 469
f 468 469 470
f 105 467 464
f 125 469 467
f 126 464 469
f 467 469 464
f 25 463 453
f 124 471 463
f 122 453 471
f 463 471 453
f 36 470 459
f 125 472 470
f 124 459 472
f 470 472 459
f 30 456 466
f 122 473 456
f 125 466 473
f 456 473 466
f 124 472 471
f 125 473 472
f 122 471 473
f 472 473 471
f 3 444 254
f 118 474 444
f 71 254 474
f 444 474 254
f 34 475 445
f 127 476 475
f 118 445 476
f 475 476 445
f 22 258 478
f 71 477 258
f 127 478 477
f 258 477 478
f 118 476 474
f 127 477 476
f 71 474 477
f 476 477 474
f 12 479 446
f 128 480 479
f 119 446 480
f 479 480 446
f 37 481 483
f 129 482 481
f 128 483 482
f 481 482 483
f 34 447 485
f 119 484 447
f 129 485 484
f 447 484 485
f 128 482 480
f 129 484 482
f 119 480 484
f 482 484 480
f 9 263 487
f 75 486 263
f 131 487 486
f 263 486 487
f 22 488 267
f 130 489 488
f 75 267 489
f 488 489 267
f 37 490 492
f 131 491 490
f 130 492 491
f 490 491 492
f 75 489 486
f 130 491 489
f 131 486 491
f 489 491 486
f 34 485 475
f 129 493 485
f 127 475 493
f 485 493 475
f 37 492 481
f 130 494 492
f 129 481 494
f 492 494 481
f 22 478 488
f 127 495 478
f 130 488 495
f 478 495 488
f 129 494 493
f 130 495 494
f 127 493 495
f 494 495 493
f 4 401 448
f 109 496 401
f 120 448 496
f 401 496 448
f 33 497 404
f 132 498 497
f 109 404 498
f 497 498 404
f 35 449 500
f 120 499 449
f 132 500 499
f 449 499 500
f 109 498 496
f 132 499 498
f 120 496 499
f 498 499 496
f 11 501 414
f 133 502 501
f 112 414 502
f 501 502 414
f 38 503 505
f 134 504 503
f 133 505 504
f 503 504 505
f 33 419 507
f 112 506 419
f 134 507 506
f 419 506 507
f 133 504 502
f 134 506 504
f 112 502 506
f 504 506 502
f 12 450 509
f 121 508 450
f 136 509 508
f 450 508 509
f 35 510 451
f 135 511 510
f 121 451 511
f 510 511 451
f 38 512 514
f 136 513 512
f 135 514 513
f 512 513 514
f 121 511 508
f 135 513 511
f 136 508 513
f 511 513 508
f 33 507 497
f 134 515 507
f 132 497 515
f 507 515 497
f 38 514 503
f 135 516 514
f 134 503 516
f 514 516 503
f 35 500 510
f 132 517 500
f 135 510 517
f 500 517 510
f 134 516 515
f 135 517 516
f 132 515 517
f 516 517 515
f 9 487 457
f 131 518 487
f 123 457 518
f 487 518 457
f 37 519 490
f 137 520 519
f 131 490 520
f 519 520 490
f 36 461 522
f 123 521 461
f 137 522 521
f 461 521 522
f 131 520 518
f 137 521 520
f 123 518 521
f 520 521 518
f 12 509 479
f 136 523 509
f 128 479 523
f 509 523 479
f 38 524 512
f 138 525 524
f 136 512 525
f 524 525 512
f 37 483 527
f 128 526 483
f 138 527 526
f 483 526 527
f 136 525 523
f 138 526 525
f 128 523 526
f 525 526 523
f 11 465 501
f 126 528 465
f 133 501 528
f 465 528 501
f 36 529 468
f 139 530 529
f 126 468 530
f 529 530 468
f 38 505 532
f 133 531 505
f 139 532 531
f 505 531 532
f 126 530 528
f 139 531 530
f 133 528 531
f 530 531 528
f 37 527 519
f 138 533 527
f 137 519 533
f 527 533 519
f 38 532 524
f 139 534 532
f 138 524 534
f 532 534 524
f 36 522 529
f 137 535 522
f 139 529 535
f 522 535 529
f 138 534 533
f 139 535 534
f 137 533 535
f 534 535 533
f 542 65 607
f 220 184 536
f 547 536 599
f 536 142 537
f 587 538 598
f 221 538 552
f 146 538 558
f 222 587 598
f 219 539 557
f 42 539 540
f 539 219 577
f 224 542 597
f 546 65 555
f 542 219 597
f 539 222 557
f 310 314 544
f 545 544 602
f 309 544 545
f 253 545 602
f 253 8 545
f 551 225 593
f 550 223 568
f 220 536 547
f 5 547 599
f 306 548 563
f 553 252 592
f 541 548 613
f 220 547 549
f 547 5 591
f 213 550 603
f 213 20 550
f 227 551 610
f 225 551 612
f 567 209 611
f 209 221 552
f 306 203 553
f 573 251 609
f 252 553 601
f 551 227 612
f 550 225 603
f 65 542 555
f 542 224 555
f 315 323 556
f 548 315 563
f 222 543 557
f 543 219 557
f 538 42 558
f 228 226 559
f 226 227 559
f 575 217 606
f 217 214 560
f 228 221 561
f 221 209 561
f 307 323 562
f 323 325 562
f 315 556 563
f 556 306 563
f 306 307 564
f 203 306 564
f 554 227 614
f 227 226 565
f 253 314 566
f 314 315 566
f 541 253 566
f 208 209 567
f 146 145 567
f 223 546 568
f 546 225 568
f 221 228 569
f 228 64 569
f 226 228 570
f 228 60 570
f 86 323 571
f 323 315 571
f 324 325 572
f 325 323 572
f 203 573 609
f 144 251 573
f 216 319 574
f 319 63 574
f 216 217 575
f 218 216 575
f 218 226 576
f 226 205 576
f 540 539 577
f 5 540 577
f 325 324 578
f 324 87 578
f 206 579 586
f 206 60 579
f 319 216 580
f 216 318 580
f 224 543 581
f 543 64 581
f 204 208 582
f 208 41 582
f 41 144 582
f 208 567 583
f 567 145 583
f 145 41 583
f 19 318 584
f 318 216 584
f 206 59 604
f 207 205 585
f 208 204 586
f 204 206 586
f 222 539 587
f 539 42 587
f 64 543 588
f 543 222 588
f 207 308 589
f 308 19 589
f 59 564 590
f 564 307 590
f 219 549 591
f 549 547 591
f 252 548 592
f 548 306 592
f 225 546 593
f 546 224 593
f 59 206 594
f 206 204 594
f 308 325 595
f 325 318 595
f 307 562 596
f 562 308 596
f 219 543 597
f 543 224 597
f 221 222 598
f 538 221 598
f 536 537 599
f 5 599 600
f 599 537 600
f 553 251 601
f 314 253 602
f 544 314 602
f 225 554 603
f 554 213 603
f 207 585 604
f 585 206 604
f 213 554 605
f 554 62 605
f 217 560 606
f 560 62 606
f 220 549 607
f 549 542 607
f 315 548 608
f 548 541 608
f 251 553 609
f 553 203 609
f 64 559 610
f 559 227 610
f 209 552 611
f 552 146 611
f 227 554 612
f 554 225 612
f 548 252 613
f 227 565 614
f 565 62 614
f 615 738 3070
f 739 738 2882
f 652 740 3066
f 740 615 3070
f 2019 2140 2875
f 1366 2003 3051
f 650 743 3079
f 743 2013 3079
f 1179 1306 2910
f 1252 2870 3372
f 1233 1339 2924
f 1233 2864 2951
f 742 2169 3081
f 651 2003 3062
f 740 739 3066
f 652 2870 3404
f 2028 2553 2781
f 2125 2157 2735
f 2012 2139 2696
f 2139 749 2696
f 2170 3451 3472
f 1121 2154 2701
f 2668 2779 2794
f 2126 2650 2715
f 626 753 2122
f 2015 2138 2666
f 2128 2656 3459
f 2015 2655 2714
f 2134 2164 2699
f 2153 2694 3446
f 2162 2657 3429
f 2011 2159 3444
f 1315 2988 3740
f 1143 3793 3802
f 1226 1355 3998
f 1105 1214 3616
f 1224 2940 3799
f 1270 2983 3678
f 1098 1167 3498
f 1088 1297 2387
f 1100 1193 3604
f 1088 3607 3614
f 2379 3689 1290
f 1284 3620 3636
f 3644 3721 3774
f 3644 756 3721
f 743 2875 3388
f 2130 3052 3466
f 741 2146 3080
f 2128 2684 3452
f 761 1168 3484
f 1197 1313 2944
f 2152 3071 3599
f 763 2857 3490
f 1306 746 2910
f 1187 1300 2961
f 1270 2401 3680
f 1226 1356 3626
f 2148 3083 3590
f 657 1334 3625
f 2149 3063 3384
f 2864 651 2951
f 767 1498 1594
f 767 1609 1611
f 1488 1537 2815
f 1496 1608 1789
f 1492 1591 2845
f 659 1492 1541
f 1495 1592 1812
f 660 1608 1787
f 2037 2052 2589
f 2522 2577 2791
f 2081 2540 2725
f 2037 772 2593
f 775 1544 1714
f 776 1535 2816
f 776 1570 2580
f 662 1535 1739
f 2562 2613 2826
f 2078 2523 2626
f 1540 2610 2633
f 778 2613 2820
f 2087 2586 2843
f 2610 779 2633
f 2540 2672 3580
f 661 2577 2710
f 1488 1523 2579
f 1493 1538 2835
f 1496 1617 3571
f 1540 1566 2829
f 1535 775 1739
f 1528 782 1623
f 783 734 1926
f 784 783 1702
f 1697 734 1701
f 785 1927 3185
f 785 1695 1700
f 787 786 1924
f 1695 786 1700
f 788 1684 1689
f 1562 1690 1709
f 1512 1681 1688
f 664 786 1696
f 1562 1687 1706
f 648 1689 1708
f 1687 788 1706
f 1262 3004 3938
f 1291 3025 3556
f 2853 3279 4032
f 2930 3024 3589
f 793 2107 3398
f 2112 3046 3359
f 2102 2926 3479
f 2114 3076 3378
f 1419 2095 3169
f 2100 2971 3270
f 1364 2073 3130
f 2068 3040 3354
f 2102 2897 3260
f 2114 3039 3352
f 1296 2914 3271
f 2100 2891 3267
f 1490 1547 1814
f 799 1526 1601
f 801 1485 1504
f 801 1510 1603
f 2086 2587 3427
f 804 1508 1606
f 1473 1502 2873
f 1502 1473 1518
f 1486 1529 1599
f 1477 1679 1683
f 1601 1526 1818
f 1519 1480 1619
f 798 2079 3100
f 1365 2077 3115
f 1695 785 1703
f 806 2077 3120
f 793 2088 3255
f 1502 1518 1711
f 2066 2859 3058
f 2007 2071 3254
f 1487 1512 1677
f 808 1516 1694
f 802 1510 1682
f 669 1482 1517
f 667 3040 3369
f 1518 669 1711
f 665 1694 1712
f 1511 808 1713
f 619 2548 2766
f 2026 2557 2702
f 748 2681 2691
f 2081 2567 2711
f 2091 2541 2624
f 2155 2559 2808
f 2539 2631 2792
f 2535 2604 2809
f 2126 2654 2733
f 1133 2543 2618
f 2022 2171 2560
f 653 2160 2774
f 2026 2531 2603
f 2156 2568 2739
f 2117 2564 2722
f 2155 2547 2775
f 1494 1590 1817
f 1483 1618 3577
f 1495 767 1592
f 659 1491 1607
f 632 2704 3434
f 1474 1507 2752
f 1475 2570 2793
f 1474 2530 2731
f 1537 771 2815
f 771 1484 2582
f 818 1476 2558
f 1479 2575 2817
f 816 1506 2773
f 1476 1515 2849
f 1492 659 3568
f 1618 670 3577
f 1304 3742 3784
f 1166 3377 3611
f 1205 1349 3371
f 1155 3558 3805
f 820 2005 2137
f 1080 1999 3069
f 1156 1162 3516
f 1167 3050 3463
f 2067 2869 3397
f 2121 3358 3588
f 1095 2069 3057
f 1095 2101 3072
f 2004 3491 3509
f 1080 2109 3054
f 1147 1312 3391
f 1228 2000 3550
f 818 2575 2803
f 2084 2576 2741
f 2184 2552 2772
f 2558 2750 3569
f 2676 3403 3431
f 2096 2605 2755
f 815 2530 2717
f 2676 823 3403
f 2142 2674 2785
f 2156 2551 2776
f 820 3069 3454
f 1094 2070 2670
f 2536 2574 3570
f 2101 673 3072
f 2177 2573 2810
f 2167 2563 2756
f 2453 2449 1976
f 1438 3158 4390
f 1439 3173 4369
f 831 1455 4395
f 1438 3170 4329
f 832 1441 2417
f 1435 3150 3343
f 834 634 3208
f 2448 2442 1948
f 836 1448 3207
f 837 2415 676
f 835 2442 2448
f 1435 3176 4352
f 830 1462 3205
f 677 3207 4387
f 1907 1904 1891
f 839 1453 2422
f 1890 1898 1938
f 841 1900 1941
f 1890 840 1944
f 1952 1899 1950
f 1880 2455 1893
f 1896 1880 1893
f 837 842 1948
f 1898 841 1940
f 843 1910 678
f 2414 832 2418
f 1900 678 1941
f 1904 1983 1951
f 615 740 845
f 740 2879 3111
f 845 844 2883
f 2879 844 3111
f 1179 1249 2903
f 1238 1347 2919
f 1252 2862 3414
f 1347 847 2919
f 1367 2878 3247
f 2278 2283 3327
f 1194 2970 3078
f 848 681 3117
f 2277 2867 3408
f 2970 849 3078
f 2278 848 3117
f 740 652 2879
f 2397 3718 3735
f 1263 3886 3887
f 1285 2385 3869
f 1112 1288 2978
f 1295 3027 3972
f 1109 1136 1247
f 1136 1109 1265
f 1188 3932 3961
f 1236 2986 3665
f 1221 3930 3949
f 1276 3944 3957
f 1171 1266 3924
f 1230 3903 3910
f 1301 3023 3843
f 1108 2945 2995
f 2284 3152 3189
f 1414 2322 3124
f 2316 3096 4316
f 860 2316 3195
f 1359 2315 2354
f 2337 2340 4287
f 863 2332 3097
f 1359 2319 3087
f 1120 2330 3145
f 2299 3293 4327
f 2327 3330 4235
f 1125 4240 4334
f 1415 2317 2355
f 2347 4248 4261
f 2294 2364 4328
f 2299 3278 4326
f 857 1309 3964
f 1332 3967 4165
f 1238 1240 4062
f 1249 628 2903
f 1119 1245 3323
f 1122 2923 4195
f 1351 2977 4156
f 2923 1122 4262
f 1367 2877 3246
f 680 1194 3085
f 861 3243 4336
f 861 2334 4267
f 1248 2899 4018
f 1336 4238 4256
f 1303 2985 4014
f 680 1340 2936
f 870 827 1850
f 1702 783 1923
f 1842 1875 2507
f 872 1841 1844
f 871 1842 1879
f 785 787 1927
f 873 1915 1921
f 1840 1843 1922
f 687 1840 1856
f 1845 872 1848
f 687 1844 1886
f 870 1847 1917
f 1844 873 1846
f 1835 1985 2434
f 2308 3098 3223
f 877 1853 1854
f 878 1862 1933
f 877 1822 1853
f 1859 1878 2479
f 1839 2462 1834
f 1862 1912 2463
f 1873 1992 2509
f 1835 1937 2423
f 1262 3001 3618
f 2860 2937 4179
f 1092 1177 4002
f 1101 1225 4143
f 2079 631 3100
f 1411 2300 3095
f 2105 3048 3320
f 1411 2106 3090
f 2289 3178 4361
f 2280 3103 4231
f 2353 3305 4333
f 1362 2293 4270
f 1405 2108 2949
f 1403 2333 3129
f 1148 1314 2941
f 1338 4201 4281
f 1825 689 1877
f 871 1841 1855
f 887 1876 4384
f 2296 2345 4294
f 2111 2326 3213
f 876 1823 4347
f 2353 3202 4315
f 874 1928 3216
f 874 1913 1919
f 882 2106 3154
f 889 1919 3224
f 1821 3200 4355
f 2326 3206 4340
f 1840 687 1843
f 1825 1878 2461
f 1430 3143 4389
f 2294 3116 4308
f 829 3155 4323
f 1427 3155 3217
f 1282 2979 4061
f 692 892 2359
f 864 2274 3162
f 2311 3148 4264
f 634 834 3225
f 3138 3329 4364
f 2312 3142 3219
f 3150 3344 4376
f 892 2311 4271
f 893 2313 3141
f 890 2306 3184
f 2321 3151 4296
f 1420 2368 2411
f 1277 2968 4167
f 851 1263 3897
f 1079 4134 4135
f 637 2345 3214
f 1149 1251 3235
f 2276 2920 2981
f 1149 2344 3301
f 1112 1325 4024
f 855 1220 1286
f 1145 2360 3306
f 635 1111 4057
f 2338 4193 4194
f 1145 1189 4049
f 682 1136 1265
f 1277 691 2968
f 2437 1906 2440
f 875 1867 1981
f 1880 1896 2468
f 634 901 1471
f 901 2329 4341
f 1898 839 1938
f 1453 634 2422
f 2308 3123 4345
f 903 1932 1934
f 904 2320 3198
f 1862 688 1933
f 2329 4342 4379
f 1937 1828 1942
f 1892 679 2437
f 3145 4206 4218
f 1358 2361 3347
f 1361 2305 3269
f 693 2360 3263
f 3093 3272 3341
f 2310 2342 3337
f 2344 3122 3333
f 2290 3182 4356
f 1446 3144 4367
f 2313 692 3141
f 2329 901 4342
f 2314 3190 4373
f 896 906 2363
f 2320 694 3198
f 2307 2350 4269
f 3141 692 3192
f 1481 1536 1627
f 1546 1635 1778
f 2025 2519 2554
f 2033 2532 2584
f 772 2534 2708
f 913 2584 2784
f 1564 1571 2838
f 915 914 1555
f 916 915 2050
f 1564 914 1571
f 777 1544 1738
f 777 1569 2596
f 1544 777 1553
f 696 915 2802
f 697 1555 1737
f 661 2586 2798
f 696 2532 2639
f 1556 1746 1744
f 1583 1653 1780
f 920 1554 1719
f 1581 1645 1765
f 921 1645 1773
f 698 1581 1771
f 630 1536 1625
f 1571 916 2838
f 1555 914 1737
f 1536 630 1634
f 1580 1745 1779
f 639 1554 1718
f 615 924 738
f 925 924 2887
f 650 738 2881
f 924 925 738
f 928 2176 2180
f 700 927 926
f 928 927 2181
f 2176 926 2180
f 626 743 2135
f 929 2144 2173
f 930 929 2143
f 930 626 2135
f 924 699 2887
f 700 929 2175
f 2144 650 2173
f 927 700 2175
f 623 931 2256
f 932 931 2044
f 933 932 2043
f 931 932 933
f 641 934 2147
f 935 2058 2182
f 936 2065 2258
f 934 702 2058
f 937 2172 2174
f 938 937 2036
f 939 938 2045
f 939 640 2172
f 701 2044 2257
f 2058 702 2182
f 937 703 2036
f 2036 932 2057
f 2020 2529 2736
f 2016 2645 2664
f 2027 2651 2677
f 2020 2517 2688
f 942 753 2123
f 943 942 2023
f 2015 753 2655
f 655 2118 2689
f 944 946 2042
f 705 945 2029
f 946 945 2031
f 944 705 2029
f 2139 2649 2721
f 942 704 2023
f 2027 2659 2761
f 2023 945 2024
f 640 2176 2179
f 947 939 2040
f 700 926 2145
f 2176 939 2178
f 2042 946 2056
f 945 704 2031
f 702 934 2039
f 948 702 2039
f 753 626 2123
f 929 700 2143
f 704 942 2124
f 949 704 2124
f 938 702 2045
f 704 949 2038
f 926 947 2145
f 948 704 2038
f 617 908 951
f 695 950 908
f 707 951 950
f 908 950 951
f 638 952 909
f 706 953 2222
f 695 909 953
f 952 706 2222
f 643 954 2228
f 707 955 954
f 956 955 2229
f 2228 954 2231
f 695 953 950
f 706 955 953
f 707 950 955
f 953 955 950
f 1671 1585 957
f 958 1729 2192
f 958 1809 1732
f 1587 1668 959
f 960 1668 1670
f 1768 1675 1585
f 1731 1803 1802
f 1669 1662 957
f 962 2187 2249
f 963 2198 2201
f 964 2188 2190
f 623 2187 2241
f 965 2216 2224
f 965 2209 2213
f 967 2210 2212
f 2209 966 2213
f 642 968 2202
f 969 968 2205
f 969 2197 2204
f 2197 970 2204
f 2198 708 2201
f 709 969 2207
f 2188 963 2195
f 2195 963 2203
f 706 952 2225
f 961 971 952
f 1729 642 2192
f 970 2193 2196
f 1809 958 1730
f 2193 972 2196
f 2216 643 2224
f 973 2218 2219
f 2209 965 2211
f 2211 965 2215
f 1804 972 2206
f 969 709 2197
f 2218 706 2219
f 2193 973 2194
f 2185 2556 3563
f 2035 2652 2747
f 2033 2592 2765
f 2027 705 2651
f 641 2042 2056
f 976 975 2049
f 705 944 2034
f 2034 944 2048
f 639 916 2842
f 915 696 2050
f 978 2047 2098
f 916 977 2092
f 976 2034 2048
f 978 977 2629
f 2032 2834 2839
f 2032 2641 2827
f 2187 964 2241
f 2188 710 2190
f 2044 931 2257
f 701 2055 2238
f 642 980 2062
f 981 2063 2248
f 710 968 2189
f 968 642 2062
f 934 936 2147
f 982 2053 2247
f 983 2061 2235
f 2065 701 2258
f 968 981 2189
f 982 2061 2243
f 2055 979 2238
f 2189 981 2191
f 1573 1757 698
f 920 1575 1721
f 1572 1586 1674
f 1565 1651 1774
f 1586 1572 1724
f 1587 1675 1663
f 987 1723 1728
f 1578 985 1656
f 1733 1588 986
f 641 983 2054
f 983 1113 2237
f 2049 975 2099
f 975 641 2054
f 1726 987 1727
f 1723 713 1728
f 712 980 2060
f 712 2060 2234
f 1554 639 1719
f 2047 711 2098
f 984 1722 1735
f 990 984 2630
f 2061 712 2235
f 990 2186 2221
f 711 988 1114
f 990 711 1114
f 615 845 924
f 844 681 2883
f 699 924 3104
f 3104 924 3109
f 998 1404 2884
f 998 2272 2886
f 681 848 2285
f 636 2878 3106
f 2176 928 2179
f 927 699 2181
f 1001 2279 2281
f 928 1000 3350
f 2285 999 2287
f 717 2272 3121
f 997 3104 3109
f 2272 1000 2282
f 858 2304 3139
f 1002 1383 1412
f 3152 858 3189
f 1383 1003 3252
f 1004 1385 1394
f 719 1005 1398
f 718 1006 1393
f 1005 718 1393
f 863 2319 3268
f 1007 1369 2302
f 1007 1391 3136
f 2332 684 3097
f 1002 718 1383
f 719 1007 1396
f 1369 684 2302
f 1005 719 1396
f 931 933 2256
f 932 703 2043
f 721 1010 1009
f 933 1009 1010
f 2172 640 2174
f 720 1012 1011
f 703 937 1012
f 1011 1012 937
f 1015 1390 1399
f 1014 1013 1400
f 720 1015 1014
f 1390 1013 1399
f 703 1012 1417
f 720 1014 1012
f 1013 721 1400
f 1009 703 1417
f 1008 1368 2888
f 1007 719 1391
f 2272 998 3121
f 1016 717 1408
f 1385 645 1394
f 720 1017 1015
f 719 1004 1017
f 1394 1015 1406
f 640 1001 2286
f 2279 717 2281
f 720 1011 1410
f 1011 640 2286
f 1391 719 1407
f 1011 1018 1410
f 717 1016 1409
f 1018 717 1409
f 1019 1450 2504
f 1020 1972 1994
f 722 1454 1443
f 1432 2497 2496
f 1459 1996 1993
f 1961 1965 1467
f 831 3158 4394
f 677 1456 4388
f 1025 1464 3226
f 3158 831 3212
f 1026 2446 1463
f 835 1448 2443
f 1027 1461 3229
f 1447 1466 2499
f 724 2502 1463
f 1026 1458 3215
f 1958 724 2446
f 1024 1452 3188
f 1461 725 3229
f 1447 1027 2502
f 1958 2447 1975
f 724 2493 1974
f 2493 1956 2494
f 617 951 993
f 707 1029 951
f 715 993 1029
f 951 1029 993
f 643 1030 2230
f 1031 1030 2232
f 707 954 1031
f 954 643 2230
f 715 1032 994
f 1032 2233 2236
f 2233 1033 2236
f 707 1031 1029
f 1030 726 2232
f 715 1029 1032
f 1031 1032 1029
f 2187 623 2249
f 727 1035 2246
f 2198 962 2199
f 1034 727 2246
f 1036 1038 2269
f 728 1037 2250
f 727 1038 2253
f 1036 728 2250
f 2216 967 2220
f 2210 708 2212
f 1040 1039 2217
f 2212 1039 2214
f 727 1037 2239
f 2217 1039 2240
f 2199 1035 2208
f 1035 727 2239
f 995 1042 1449
f 716 1041 995
f 730 1042 1041
f 995 1041 1042
f 644 1043 996
f 729 1044 1043
f 716 996 1044
f 1043 1044 996
f 1047 2264 2270
f 730 1046 2262
f 729 1047 1046
f 2264 1045 2270
f 716 1044 1041
f 729 1046 1044
f 730 1041 1046
f 1044 1046 1041
f 2220 1040 2223
f 728 2217 2240
f 726 1030 2226
f 1048 726 2226
f 1038 647 2269
f 1049 1047 2252
f 728 1036 2251
f 1049 728 2251
f 994 1033 2242
f 1050 1033 2227
f 729 1043 2254
f 1033 1050 1043
f 728 1049 2244
f 1047 729 2252
f 1032 726 2233
f 1048 728 2244
f 1025 1413 3167
f 1025 1418 3177
f 718 1002 1395
f 2284 621 3152
f 1432 646 2497
f 731 1053 1375
f 1461 1397 1470
f 1375 1053 1389
f 1004 1006 1385
f 718 1054 1386
f 1054 1379 1381
f 1379 1055 1381
f 1464 725 3226
f 731 1054 1384
f 1051 1395 3230
f 1053 731 1384
f 624 1042 1445
f 1056 1042 1444
f 1454 1019 1443
f 1450 624 2504
f 1045 2260 2261
f 1058 1057 1434
f 1046 1045 2262
f 2260 1057 2261
f 1022 1432 2501
f 732 1060 1429
f 1059 732 1429
f 730 1058 1433
f 1057 732 1434
f 1019 1056 1443
f 1042 730 1444
f 933 1010 2255
f 721 1061 1010
f 727 1034 2267
f 1010 1061 1034
f 1062 1013 1387
f 733 1063 1374
f 721 1013 1392
f 1374 1063 1388
f 647 1038 2265
f 1064 1038 2268
f 733 1065 2266
f 1064 733 2266
f 721 1063 1061
f 733 1064 1063
f 1034 1061 2267
f 1063 1064 1061
f 646 1060 1377
f 732 1066 1431
f 1052 1375 1389
f 1371 1052 1373
f 1038 1065 2265
f 733 1067 2263
f 732 1057 1423
f 1047 647 2264
f 1006 1055 1382
f 1068 1055 3420
f 1062 1374 1388
f 1372 1062 1376
f 1057 1067 1423
f 1068 1372 1376
f 1054 731 1379
f 1067 1068 2303
f 1176 2381 3901
f 1170 3791 3860
f 1341 3666 3809
f 3793 1071 3802
f 1243 3009 3663
f 1304 3650 3783
f 1333 3675 3813
f 3019 4080 4101
f 3701 4422 1294
f 2396 3865 3871
f 1154 2404 3906
f 1075 3696 3880
f 761 1161 3520
f 658 3377 3628
f 1077 3913 4077
f 1077 3937 4079
f 1138 1254 3008
f 1263 1078 3926
f 895 1311 4173
f 1154 881 3936
f 822 2101 2890
f 2129 3042 3552
f 1073 2397 3794
f 1326 3373 3837
f 1189 898 4049
f 1196 895 1307
f 1270 657 2983
f 2391 3622 3758
f 2973 3883 4094
f 1224 3012 3767
f 821 3042 3553
f 1161 3509 3528
f 1228 2136 3492
f 2004 821 3491
f 1087 1281 2993
f 1335 3399 3698
f 1334 1100 3625
f 1156 1088 3600
f 2974 3812 3824
f 1242 3035 3741
f 3009 3662 3664
f 1090 2930 3543
f 895 1196 3975
f 855 1091 4283
f 1246 4012 4036
f 3034 3970 4162
f 1271 2932 4152
f 1321 3021 3654
f 826 2116 2609
f 1094 2119 2700
f 2101 1095 2890
f 2869 3077 3586
f 1096 3633 3810
f 1096 1348 3834
f 2377 2975 3846
f 2913 3894 4087
f 1130 3074 3610
f 2006 3064 3389
f 3035 1089 3741
f 2379 3683 3746
f 763 1329 3527
f 1297 762 2387
f 880 1274 4039
f 2390 2999 4109
f 2000 2917 3357
f 2861 3073 3447
f 2954 3526 3549
f 666 3024 3592
f 1274 4172 4176
f 2853 3000 4017
f 760 2940 3706
f 1226 758 1355
f 2152 3370 3594
f 2779 2160 2794
f 880 1277 4040
f 1107 4222 4246
f 1301 3867 3902
f 2343 3945 3953
f 1110 1178 3274
f 1325 1245 4024
f 1109 1254 3007
f 1351 1110 2977
f 898 1286 4037
f 2360 899 3306
f 1109 1231 2990
f 1247 3995 4006
f 2060 989 2234
f 988 1113 2200
f 989 713 2186
f 1113 989 2200
f 1380 2115 3242
f 1102 3358 3478
f 2893 4237 4273
f 1314 4047 4063
f 2861 795 3453
f 632 2107 3375
f 820 3467 3468
f 2005 627 2137
f 1282 866 4214
f 1245 1119 4023
f 1120 3114 3307
f 2309 3299 4232
f 1121 2158 2667
f 3451 2131 3472
f 853 1248 3006
f 3323 4053 4204
f 1234 1324 3992
f 1209 3962 4145
f 2151 3061 3597
f 654 2130 3476
f 2299 865 3293
f 2309 864 3299
f 760 2399 3677
f 2921 1123 3962
f 1137 1202 3534
f 1313 1127 3551
f 2120 2648 3432
f 653 2569 2578
f 1129 1191 4011
f 1123 1324 3969
f 1197 1260 3547
f 750 3071 3598
f 1350 3248 4215
f 1181 1259 4223
f 2150 3513 3517
f 765 3083 3591
f 2171 2608 2825
f 2142 2671 2788
f 1101 3970 4147
f 1275 2382 4182
f 2892 3264 4272
f 3285 880 4039
f 1091 1136 1227
f 1247 1136 3995
f 766 2855 3364
f 1193 1100 1334
f 1078 2343 3029
f 1266 1308 3929
f 1139 1261 3250
f 2860 1139 2937
f 2900 4151 4155
f 1090 1349 3541
f 865 2291 4254
f 1141 2292 3166
f 1257 3632 3640
f 790 1264 3355
f 1072 1298 3634
f 3632 1257 3801
f 2966 895 4173
f 4173 1311 4177
f 897 1145 3304
f 2344 693 3301
f 1289 3671 3762
f 1195 2374 3782
f 1147 1264 3392
f 3377 1166 3628
f 2324 2980 4225
f 691 2338 2947
f 884 2324 2963
f 2344 1149 3122
f 1150 2127 3047
f 755 2133 3361
f 899 1273 4050
f 1151 3114 3295
f 869 2352 4277
f 1248 868 4064
f 1204 2396 3864
f 2365 2400 3726
f 1134 3032 4161
f 881 1292 3950
f 3607 658 3614
f 1096 762 3821
f 1162 761 3516
f 1076 819 3545
f 1122 2904 3237
f 868 2927 4052
f 2929 1126 3944
f 1355 1158 3998
f 2380 4163 4164
f 792 3948 4119
f 854 2392 4108
f 1269 3890 3892
f 1161 3396 3540
f 3396 819 3540
f 763 761 3529
f 3522 763 3529
f 1300 2964 3627
f 2935 3637 3697
f 867 3985 3993
f 846 1303 4026
f 1236 2902 4114
f 2909 2928 3951
f 1147 1166 3356
f 1072 3392 3830
f 1085 1167 3362
f 1168 1098 3498
f 761 763 3508
f 1098 3490 3609
f 1229 2938 4072
f 1107 1169 4073
f 1170 1258 3866
f 2381 1170 3873
f 1171 1198 3940
f 1266 1171 3934
f 1190 1082 4196
f 1220 1172 1330
f 1196 682 1305
f 1173 4133 4142
f 1174 1337 4034
f 1345 3319 4035
f 2945 1175 4102
f 1332 3966 4150
f 1180 2969 3848
f 2969 620 3848
f 1177 1092 3988
f 3000 1104 4017
f 1178 1110 1351
f 1178 1244 3987
f 1179 1210 2950
f 1179 1320 2989
f 1180 1293 2408
f 2371 3707 3754
f 1131 4230 4250
f 3273 4048 4213
f 1182 1269 3896
f 1302 2984 4092
f 1079 3942 4131
f 1198 3905 3909
f 1184 2113 3283
f 1261 2918 3608
f 3004 3915 3928
f 2398 3679 3825
f 1077 3906 3919
f 3937 1299 4090
f 1187 3512 3530
f 2150 766 2856
f 2983 1105 3678
f 2399 1188 3677
f 1273 635 4057
f 1111 898 1189
f 4193 1082 4194
f 1190 1217 4171
f 2899 1346 3288
f 867 2985 4009
f 2939 4207 4208
f 2865 4028 4169
f 1193 1255 3544
f 1313 3525 3653
f 869 2936 4233
f 2970 1194 3326
f 1289 3672 3730
f 1091 1196 1307
f 1136 682 1227
f 765 2866 2957
f 3074 1098 3610
f 851 3909 3920
f 3942 1319 3947
f 1319 1183 3907
f 1199 3913 4082
f 1173 1201 4124
f 1196 1201 4158
f 1202 2854 3638
f 2855 1202 3364
f 3275 4200 4247
f 1169 1107 4069
f 3865 1278 3871
f 1285 851 3888
f 1205 3399 3699
f 1349 1205 3541
f 3651 3709 3736
f 2400 1206 3726
f 1349 1093 3371
f 792 3010 4137
f 1111 1208 4029
f 1111 635 4044
f 1209 3990 3991
f 3962 1209 3968
f 1164 1210 3997
f 1210 2925 4013
f 757 3635 3768
f 756 3035 3723
f 1097 3665 4083
f 1084 2975 3854
f 683 3987 4148
f 1175 3946 4129
f 1348 1214 3834
f 3616 1214 3818
f 1244 3983 3984
f 867 1323 3312
f 1216 3002 3669
f 790 3021 3652
f 1172 1217 4166
f 1172 895 1217
f 1086 1218 3523
f 3377 819 3611
f 2853 1140 3279
f 1219 2403 3557
f 1220 855 4283
f 1286 1220 4037
f 1221 2943 3952
f 856 3927 4097
f 2914 1219 3548
f 3024 1222 3589
f 3708 1317 3755
f 1246 1177 4012
f 3308 3980 4153
f 1224 3016 3829
f 760 2986 4103
f 3970 3034 4147
f 1292 1225 3950
f 1163 3659 3660
f 2935 758 3637
f 682 1196 1227
f 1196 1091 1227
f 822 2129 3065
f 3491 821 3493
f 1169 1229 4070
f 880 4041 4045
f 2984 3908 3925
f 1221 1230 3974
f 1112 1231 2987
f 1288 853 2978
f 666 2907 3501
f 2993 3521 3643
f 2870 745 3372
f 1320 744 2989
f 1209 1234 3994
f 1324 1234 3969
f 1342 3732 3766
f 2909 3922 4112
f 2986 1236 3013
f 847 1237 2965
f 680 1347 3322
f 2852 2997 4038
f 1347 1238 3322
f 3742 1211 3784
f 3644 1239 3761
f 1240 2863 2998
f 846 4013 4015
f 1157 1241 4203
f 2927 1241 3300
f 759 3622 3807
f 1071 3666 3815
f 1264 1147 3355
f 1312 1087 3391
f 1215 1244 3982
f 3987 1244 4148
f 1208 1245 1325
f 1208 1111 4044
f 3238 880 4040
f 1311 1092 3996
f 3995 855 4006
f 1231 1109 2987
f 3014 1241 3294
f 2927 868 3291
f 3659 1249 3660
f 1163 1352 3659
f 3945 1160 3953
f 1250 3037 3875
f 2360 1145 3263
f 3263 1145 3346
f 2919 847 3411
f 652 2867 3412
f 898 1082 4191
f 2948 2960 4198
f 1231 1110 2990
f 3027 4120 4125
f 1137 1255 2996
f 1137 1127 3624
f 2365 3020 3734
f 3023 1256 3843
f 3632 1072 3640
f 757 1331 3757
f 3886 1204 3887
f 1153 2376 3858
f 1125 4235 4244
f 2904 866 4217
f 765 2150 3605
f 2855 766 2868
f 2954 1184 3526
f 2113 1115 3283
f 1262 3690 4100
f 4080 2405 4101
f 1198 1171 3905
f 2412 1171 3924
f 1333 1142 3675
f 3640 1072 3814
f 1254 1138 3007
f 682 3959 3960
f 682 3929 4136
f 3924 1266 3931
f 1267 1331 3674
f 1073 3679 3822
f 3020 2369 3734
f 1250 1160 3933
f 2972 1269 3038
f 3637 1202 3697
f 1255 657 2996
f 1310 3018 3631
f 2914 1140 3385
f 2366 2383 1272
f 1070 2409 3710
f 899 1151 4211
f 635 1273 3277
f 4012 1177 4016
f 4028 2865 4174
f 1275 3031 4121
f 792 2999 4110
f 1276 3405 3971
f 1276 2942 3963
f 4200 1169 4247
f 1203 691 4054
f 1206 3700 3851
f 1153 2400 3714
f 1279 3033 3719
f 1069 3030 3771
f 1081 2398 3402
f 1299 620 4115
f 1161 1218 3396
f 2993 1281 3521
f 1273 899 4211
f 3114 1120 3295
f 1105 2378 3673
f 3812 1283 3824
f 4402 4424 4459
f 3620 762 3636
f 1214 657 3641
f 1199 1183 3956
f 2933 1199 3956
f 898 1111 1286
f 1208 855 4029
f 1122 1157 4175
f 1157 1119 4202
f 1119 1157 4205
f 853 3014 3294
f 3718 1195 3735
f 1146 3033 3756
f 2395 3015 3773
f 1291 3017 3386
f 2874 3261 3554
f 881 1154 3935
f 1101 3031 4126
f 1075 3681 3898
f 1293 620 3681
f 3764 4430 4449
f 1213 1295 3954
f 3027 1295 4120
f 1261 1139 2918
f 2860 3239 4178
f 658 1155 3615
f 1297 658 3615
f 1143 3632 3801
f 1155 658 3817
f 3681 620 3898
f 1186 3937 4090
f 2854 1163 3638
f 1249 746 2922
f 3028 852 3890
f 2973 3841 4093
f 1182 3883 4184
f 2972 3038 3916
f 1210 1164 4008
f 1215 3992 4149
f 1331 1267 3757
f 3671 3724 3776
f 3781 2370 3747
f 2369 1074 3705
f 4130 1201 4132
f 1201 1196 1305
f 2862 1233 2992
f 1339 746 2924
f 895 1172 1307
f 1172 1091 1307
f 4134 682 4135
f 1308 1266 3934
f 3990 1164 3991
f 2906 3979 4001
f 3004 1207 3938
f 1093 3002 3668
f 3975 1173 3976
f 3976 1173 3978
f 819 1281 3536
f 1312 819 3536
f 1329 1193 3527
f 1255 1137 3624
f 4047 691 4063
f 1203 1169 4069
f 1315 3639 4433
f 4460 4407 3790
f 1084 3023 3853
f 3012 656 3767
f 3942 881 3943
f 4130 4132 4181
f 3940 1198 3941
f 1198 1183 1319
f 2852 1240 2997
f 2863 744 2998
f 3679 1185 3825
f 1326 790 3373
f 1116 2288 4236
f 1229 1135 4197
f 3985 1215 3993
f 3983 1129 3984
f 1332 683 3967
f 3992 1324 4149
f 1112 855 1325
f 855 1208 1325
f 3392 1264 3830
f 1264 790 1326
f 1327 2325 4229
f 2962 1169 4070
f 1340 2908 4051
f 1350 4213 4266
f 3522 1088 3524
f 1193 1329 3604
f 4037 1330 4190
f 1217 1190 4196
f 3635 1257 3768
f 3674 1331 3800
f 1175 4116 4140
f 1295 683 3954
f 3671 1267 3762
f 1142 3674 3800
f 657 1255 1334
f 1255 1193 1334
f 1232 1335 3542
f 1090 1335 3537
f 1194 869 2967
f 2967 1336 3234
f 1323 1129 4011
f 1337 3286 4030
f 2115 2898 3418
f 1261 1115 3250
f 2858 1132 3512
f 1300 746 2961
f 1328 1340 4071
f 2936 1340 4233
f 3633 1096 3821
f 3558 1143 3805
f 4454 4453 4412
f 756 3731 3739
f 3035 1242 3723
f 3622 1083 3720
f 3732 1239 3797
f 756 3644 3761
f 1340 680 4280
f 3286 1152 4030
f 2908 1152 4051
f 1337 1191 4168
f 1194 1237 3085
f 1237 847 1347
f 3764 4428 4445
f 3732 1211 3766
f 3622 759 3806
f 3633 1083 3810
f 1222 1219 2946
f 2403 1093 3557
f 2923 3292 4074
f 3290 4221 4279
f 2899 1129 4018
f 1244 1178 3983
f 1226 1352 3630
f 1356 628 3626
f 1346 4056 4192
f 868 1353 4066
f 3970 1101 3999
f 3308 1177 3980
f 1188 1355 3686
f 3932 1158 3961
f 3944 1276 3955
f 3405 628 3971
f 2068 3044 3281
f 2104 2894 3379
f 1358 2349 3163
f 1151 899 3296
f 2337 1141 4285
f 684 2332 3147
f 1360 2110 2982
f 4237 2288 4273
f 2361 905 3347
f 692 2350 3164
f 885 2981 4242
f 2289 3113 4255
f 1361 892 3340
f 3114 891 3307
f 797 2971 3280
f 2095 3157 3338
f 807 2071 3257
f 2077 1365 3120
f 2130 764 3481
f 651 2858 2953
f 861 2876 3241
f 2319 636 3087
f 998 1368 2889
f 1404 636 2884
f 1391 1008 3136
f 1368 863 2888
f 1066 1371 1373
f 1055 1370 3420
f 1066 1370 1371
f 1370 731 1371
f 1068 1067 1372
f 1067 733 1372
f 1060 732 1431
f 1052 646 1377
f 1062 1372 1374
f 1372 733 1374
f 1052 1371 1375
f 1371 731 1375
f 1055 1068 1376
f 1015 645 1390
f 1060 1373 1377
f 1373 1052 1377
f 1055 1376 1378
f 1376 1062 1378
f 731 1370 1379
f 1370 1055 1379
f 2104 3045 3266
f 2113 2912 3321
f 1006 718 1386
f 1055 1006 1381
f 1055 1378 1382
f 1378 645 1382
f 718 1005 1383
f 1003 1383 3259
f 1054 1051 1384
f 1053 1384 3231
f 1006 1382 1385
f 1382 645 1385
f 1054 1381 1386
f 1381 1006 1386
f 645 1378 1387
f 1378 1062 1387
f 1063 721 1392
f 1013 1062 1388
f 1053 1397 1389
f 1397 1052 1389
f 645 1387 1390
f 1387 1013 1390
f 1016 1391 1407
f 1016 1008 1391
f 1013 1388 1392
f 1388 1063 1392
f 1004 719 1398
f 1006 1004 1393
f 645 1015 1394
f 1004 1394 1406
f 1051 1054 1395
f 1054 718 1395
f 1007 1003 1396
f 1383 1005 3259
f 1028 1428 2500
f 1005 1393 1398
f 1393 1004 1398
f 1013 1014 1399
f 1014 1015 1399
f 721 1009 1400
f 1009 1014 1400
f 865 2292 3168
f 1401 2339 4298
f 890 2321 3181
f 3096 1402 4316
f 1403 2298 3105
f 2106 690 3090
f 2272 999 2886
f 681 2285 2287
f 2333 885 3129
f 1327 1116 4226
f 1015 1017 1406
f 1017 1004 1406
f 719 1017 1407
f 1017 1016 1407
f 1008 1016 1408
f 1368 1008 2889
f 1017 1018 1409
f 1016 1017 1409
f 1018 1017 1410
f 1017 720 1410
f 2105 796 3048
f 2106 1411 3154
f 858 1412 2336
f 2304 1002 3139
f 1418 1051 3177
f 1395 1002 3230
f 1412 1383 3252
f 858 2328 3133
f 859 2364 4305
f 684 2322 3126
f 892 692 3251
f 2306 890 4331
f 1012 1014 1417
f 1014 1009 1417
f 1053 1418 3228
f 1384 1051 3231
f 1419 2880 3156
f 796 2301 3101
f 1421 3791 3845
f 2366 2372 3713
f 2386 3840 3856
f 1268 2407 2383
f 896 2331 3119
f 884 2323 3110
f 1068 1066 2303
f 1066 732 1423
f 2083 3075 3410
f 794 2894 3265
f 1953 2449 2453
f 2284 2335 3194
f 3158 1425 4390
f 842 1909 1946
f 894 3142 4306
f 1446 834 3144
f 1026 835 2445
f 890 2318 3183
f 2346 3153 4363
f 646 1052 1428
f 1052 1397 1428
f 1022 1059 1429
f 1060 1022 1429
f 1430 1437 3201
f 1413 621 3167
f 1066 1373 1431
f 1373 1060 1431
f 1022 1060 1432
f 1060 646 1432
f 1058 1059 1433
f 722 1436 1998
f 732 1059 1434
f 1059 1058 1434
f 1435 3175 4357
f 675 3173 4372
f 1056 1433 1436
f 1433 1059 1436
f 1437 3209 4382
f 1452 725 3188
f 3155 675 4323
f 1462 677 3205
f 1438 1439 3211
f 3170 829 4329
f 1960 1962 1023
f 722 1998 1995
f 1059 1022 2503
f 833 2414 2416
f 3150 834 3343
f 646 1428 1442
f 1056 1436 1443
f 1436 722 1443
f 730 1433 1444
f 1433 1056 1444
f 1042 1056 1445
f 1056 1019 1445
f 901 1446 4366
f 834 1446 3225
f 725 1461 1470
f 1028 2499 1466
f 2497 1021 2496
f 1458 1448 3215
f 3207 1448 4387
f 1042 624 1449
f 1959 1451 1967
f 1028 2498 1442
f 1027 4383 4392
f 1027 1452 4383
f 1453 2424 832
f 1441 634 2417
f 1972 991 1994
f 1450 1019 1997
f 3158 1438 4394
f 3173 830 4369
f 1024 1456 4381
f 831 3209 4393
f 1973 1968 714
f 1452 1024 3193
f 1456 677 4381
f 1970 1995 1459
f 1970 1020 1995
f 1963 1023 1971
f 1027 1447 1461
f 1447 1397 1461
f 833 836 4377
f 833 4352 4360
f 2502 1027 1463
f 4383 1026 4392
f 1437 1464 4386
f 3209 1024 4382
f 1468 1969 2495
f 2493 724 1958
f 1953 1946 1469
f 1947 1909 842
f 1397 1053 1470
f 1418 725 3228
f 2329 902 4341
f 839 1471 2425
f 840 1900 1939
f 1534 1546 1624
f 670 1508 2821
f 2107 632 3398
f 2570 803 2793
f 2530 1474 2717
f 1506 1475 2773
f 1508 1475 2821
f 1476 1527 2724
f 2530 672 2731
f 804 1500 1686
f 1510 1477 1682
f 1515 817 2849
f 814 1520 3573
f 817 2582 3576
f 1476 818 3578
f 1500 804 1678
f 1529 802 1599
f 1536 1481 1625
f 665 1690 1704
f 1512 789 1677
f 1483 1522 3579
f 1526 1483 1621
f 1591 1492 3568
f 2582 1484 3576
f 1627 1763 1810
f 1510 802 1603
f 737 1529 1600
f 625 1485 1531
f 1486 1521 1639
f 649 1547 1630
f 1529 1486 1600
f 1487 1509 1597
f 1485 625 1504
f 1512 1487 1681
f 2613 1568 2837
f 1488 1530 2830
f 1500 1473 1686
f 1489 2570 3425
f 800 1601 1818
f 1494 736 1590
f 1547 1490 1630
f 1522 814 3579
f 1590 800 1817
f 1608 770 1789
f 1530 769 2830
f 1617 769 3571
f 780 1530 2601
f 1497 782 1620
f 1494 1602 1815
f 1498 618 1594
f 1594 618 1612
f 1492 770 1541
f 767 1495 1792
f 781 1496 1542
f 1608 1496 1787
f 1497 1620 2840
f 662 1538 2621
f 1609 768 1611
f 1541 770 1791
f 1477 1500 1678
f 1679 669 1683
f 1474 1501 2709
f 1507 816 2752
f 1502 1511 3253
f 805 2089 3092
f 1482 1503 1676
f 1477 1503 1679
f 1487 1504 1699
f 1509 801 1597
f 1525 1519 1619
f 802 1505 1640
f 1478 1506 2807
f 670 3561 3575
f 2558 1476 2750
f 1527 816 2724
f 1489 1508 3426
f 2570 1475 3425
f 1516 1482 1680
f 1503 801 1676
f 801 1503 1510
f 1503 1477 1510
f 808 1517 1691
f 3253 1511 3258
f 1690 789 1709
f 1489 1473 2516
f 805 2873 3256
f 1504 625 1699
f 2575 1479 2803
f 1479 817 1515
f 1517 1482 1691
f 1690 1516 1710
f 808 1511 1517
f 1511 669 1517
f 1473 1500 1518
f 1500 669 1518
f 1480 1519 1615
f 1519 1618 1629
f 1478 1520 3572
f 817 1520 2846
f 1505 1480 1640
f 1526 799 1628
f 3561 1478 3575
f 1520 814 3572
f 1479 1523 2822
f 2575 629 2817
f 1547 649 1605
f 1508 670 1606
f 804 1525 1614
f 1519 1526 1628
f 1618 1483 1629
f 1520 1478 2846
f 1506 816 2807
f 775 1528 1623
f 1544 630 1714
f 1485 1529 1616
f 1485 801 1539
f 1493 1530 2832
f 769 1530 2828
f 1529 737 1616
f 1549 1632 1762
f 1530 1488 2601
f 1523 629 2579
f 1544 697 1715
f 1546 1534 1635
f 1570 777 2580
f 1544 775 1738
f 1534 1536 1634
f 1546 1472 1624
f 769 1492 3565
f 771 2845 3566
f 1497 1538 2841
f 802 1529 1539
f 1529 1485 1539
f 1538 1493 2621
f 2621 1493 2637
f 1495 1541 1791
f 1592 659 1812
f 1530 1493 2828
f 1538 781 2835
f 1635 911 1778
f 1647 1543 1761
f 697 1544 1553
f 630 1544 1715
f 1564 922 1736
f 1545 1579 1717
f 1546 1631 1777
f 1560 1472 1626
f 1486 1547 1605
f 1521 799 1639
f 919 1653 1776
f 1549 1636 1756
f 923 1745 1783
f 1545 1550 1740
f 1558 697 1716
f 1633 1543 1647
f 1554 1551 1643
f 1633 1647 1782
f 1653 1552 1780
f 1569 917 2596
f 917 697 1553
f 1644 1551 1752
f 922 1554 1643
f 697 917 1555
f 915 1555 2814
f 923 1632 1748
f 1653 919 1775
f 1637 919 1749
f 921 1583 1641
f 1749 919 1753
f 1545 1558 1716
f 1579 1534 1717
f 1550 922 1740
f 1631 911 1759
f 1532 1560 1626
f 1643 1559 1741
f 911 1561 1742
f 1562 1693 1698
f 665 1695 1703
f 1578 1656 1784
f 1645 1563 1765
f 1554 922 1718
f 914 1564 1736
f 1565 1644 1752
f 920 1565 1650
f 776 1566 2585
f 1535 662 2816
f 1567 1638 1751
f 1645 921 1758
f 779 2523 2623
f 780 2610 2833
f 913 2599 3567
f 917 1569 2590
f 1569 2640 3574
f 1570 661 2640
f 914 915 1571
f 915 916 1571
f 1565 920 1651
f 1651 920 1725
f 1649 1573 1764
f 977 978 2092
f 978 984 2635
f 984 1575 2635
f 916 1576 2842
f 1555 917 2814
f 913 2590 2769
f 1572 1578 1720
f 1586 985 1674
f 1545 1561 1579
f 1561 911 1579
f 1548 1580 1747
f 1645 1581 1773
f 1581 1557 1654
f 1653 1583 1776
f 1656 985 1770
f 1586 1724 1733
f 957 1585 1667
f 986 1587 1663
f 1668 1587 1670
f 1587 986 1670
f 960 1726 1727
f 985 1589 1657
f 1490 1590 1598
f 1601 800 1610
f 1484 1591 1604
f 2845 1591 3566
f 1491 1592 1813
f 1491 659 1592
f 1607 1491 1816
f 800 1593 1811
f 1494 1594 1612
f 1602 767 1815
f 1590 736 1598
f 1608 1499 1786
f 1613 768 1788
f 801 1504 1597
f 1504 1487 1597
f 1595 1490 1598
f 736 1595 1598
f 802 1521 1599
f 1521 1486 1599
f 1486 1524 1600
f 1524 737 1600
f 1490 1601 1610
f 1547 799 1814
f 1593 1491 1811
f 1592 767 1813
f 802 1539 1603
f 1539 801 1603
f 814 1607 1816
f 1520 1484 3573
f 1524 1486 1605
f 649 1524 1605
f 670 1525 1606
f 1525 804 1606
f 814 1604 1607
f 1604 659 1607
f 770 1608 1786
f 1609 767 1792
f 1596 768 1609
f 800 1590 1610
f 1590 1490 1610
f 768 1498 1611
f 1498 767 1611
f 736 1494 1612
f 1499 1613 1788
f 1480 1505 1614
f 1505 804 1614
f 799 1521 1615
f 1521 1480 1615
f 1531 1485 1616
f 737 1531 1616
f 770 1492 1617
f 1492 769 1617
f 1519 1525 1618
f 1525 670 1618
f 1480 1614 1619
f 1614 1525 1619
f 1483 1593 1621
f 1593 800 1621
f 782 1528 1622
f 1528 1481 1622
f 782 1497 1623
f 1497 775 1623
f 1627 1536 1763
f 1536 1534 1624
f 1481 1528 1625
f 1528 630 1625
f 1472 1546 1626
f 1631 1532 1777
f 1763 1472 1810
f 799 1615 1628
f 1615 1519 1628
f 1483 1526 1629
f 1526 1519 1629
f 1490 1595 1630
f 1595 649 1630
f 1549 1631 1759
f 1632 1532 1762
f 1632 1549 1748
f 1636 1543 1756
f 630 1558 1634
f 1558 1534 1634
f 1534 1579 1635
f 1579 911 1635
f 1561 1559 1742
f 1559 1543 1636
f 1556 1749 1753
f 1543 1559 1638
f 1643 1551 1754
f 799 1547 1639
f 1547 1486 1639
f 1480 1521 1640
f 1521 802 1640
f 1552 1567 1641
f 921 1641 1760
f 1654 1557 1793
f 1757 918 1755
f 1559 1643 1754
f 922 1643 1741
f 1574 1746 918
f 1641 1567 1760
f 1638 1551 1751
f 1557 1757 1755
f 1565 1645 1758
f 1651 1563 1774
f 1642 1646 1795
f 1753 919 1796
f 1567 1647 1761
f 1567 1552 1647
f 622 1794 1660
f 1551 1554 1650
f 1554 920 1650
f 1578 1651 1725
f 1656 1563 1784
f 1657 1766 1770
f 1580 1653 1775
f 1745 1552 1779
f 1583 1654 1793
f 1583 921 1654
f 1657 1768 1766
f 1771 1563 1767
f 1589 1584 1657
f 910 1661 1769
f 1675 1657 1584
f 1659 1660 1582
f 622 1660 1785
f 1659 1661 1772
f 1574 1649 1794
f 1649 1764 1794
f 1770 1771 1767
f 986 1663 1584
f 1661 1671 957
f 1802 1669 1666
f 1667 1673 1665
f 1665 957 1667
f 986 1588 1670
f 1588 960 1670
f 1675 1587 959
f 1582 1658 1671
f 985 1578 1674
f 1578 1572 1674
f 1667 1585 1675
f 1666 1669 957
f 801 1509 1676
f 1509 1482 1676
f 789 1509 1677
f 1509 1487 1677
f 804 1505 1678
f 1505 1477 1678
f 1482 669 1679
f 1503 1482 1679
f 1482 1509 1680
f 1509 789 1680
f 1487 1514 1681
f 1514 735 1681
f 1477 1505 1682
f 1505 802 1682
f 669 1500 1683
f 1500 1477 1683
f 1512 1684 1692
f 1681 735 1688
f 1689 1684 1708
f 1684 735 1685
f 1473 1489 1686
f 1508 804 3426
f 789 1512 1687
f 1684 788 1692
f 735 1684 1688
f 1684 1512 1688
f 784 1697 1701
f 788 1689 1705
f 1694 1516 1712
f 789 1690 1710
f 1482 1516 1691
f 1516 808 1691
f 788 1687 1692
f 1687 1512 1692
f 1689 784 1705
f 664 1702 1923
f 665 806 1694
f 806 808 1694
f 1690 1562 1704
f 1693 786 1698
f 786 1693 1696
f 1693 784 1696
f 784 1689 1697
f 1689 648 1697
f 734 1697 1707
f 786 1695 1698
f 1695 1562 1698
f 1514 1487 1699
f 625 1514 1699
f 786 787 1700
f 787 785 1700
f 783 784 1701
f 734 783 1701
f 664 1696 1702
f 1696 784 1702
f 806 1703 3118
f 806 665 1703
f 1562 1695 1704
f 1695 665 1704
f 784 1693 1705
f 1693 788 1705
f 788 1693 1706
f 1693 1562 1706
f 1697 648 1707
f 1684 1685 1708
f 1685 648 1708
f 789 1687 1709
f 1687 1562 1709
f 1516 1680 1710
f 1680 789 1710
f 669 1511 1711
f 1511 1502 1711
f 1516 1690 1712
f 1690 665 1712
f 808 806 1713
f 807 2093 3180
f 630 1528 1714
f 1528 775 1714
f 697 1558 1715
f 1558 630 1715
f 697 1550 1716
f 1550 1545 1716
f 1534 1558 1717
f 1558 1545 1717
f 922 1564 1718
f 1564 639 1718
f 639 1575 1719
f 1575 920 1719
f 1575 984 1721
f 1722 1572 1735
f 984 1720 1721
f 1720 920 1721
f 985 1586 1589
f 1586 1733 1589
f 984 990 1722
f 2186 713 2221
f 1724 713 1733
f 987 1588 1723
f 1588 1733 1723
f 1572 1722 1724
f 1722 713 1724
f 920 1720 1725
f 1720 1578 1725
f 960 1588 1726
f 1588 987 1726
f 1668 960 1729
f 987 980 1727
f 980 642 1727
f 713 989 1728
f 989 987 1728
f 960 1727 1729
f 1727 642 1729
f 959 1668 1732
f 958 972 1730
f 972 1804 1730
f 1731 1802 1734
f 1668 1729 1732
f 1729 958 1732
f 713 1723 1733
f 1673 959 1734
f 1589 1733 986
f 1572 1720 1735
f 1720 984 1735
f 1589 986 1584
f 1648 1794 622
f 922 1550 1736
f 1550 914 1736
f 914 1550 1737
f 1550 697 1737
f 775 1535 1738
f 1535 777 1738
f 775 1497 1739
f 1538 662 2841
f 922 1561 1740
f 1561 1545 1740
f 1559 1561 1741
f 1561 922 1741
f 1559 1636 1742
f 1636 911 1742
f 1633 1745 1781
f 1647 1552 1782
f 1556 1642 1746
f 1642 918 1746
f 919 1637 1747
f 1549 1633 1748
f 1745 923 1781
f 1649 1574 918
f 1743 1749 1556
f 1743 1637 1749
f 1745 1580 1783
f 1580 1548 1750
f 1551 1644 1751
f 1644 1567 1751
f 1551 1650 1752
f 1650 1565 1752
f 1642 1753 1796
f 1642 1556 1753
f 1551 1638 1754
f 1638 1559 1754
f 918 1642 1755
f 1646 1557 1795
f 1543 1633 1756
f 1633 1549 1756
f 1557 1581 1757
f 1581 698 1757
f 921 1644 1758
f 1644 1565 1758
f 911 1636 1759
f 1636 1549 1759
f 1567 1644 1760
f 1644 921 1760
f 1543 1638 1761
f 1638 1567 1761
f 1746 1574 1744
f 1574 1648 1744
f 1532 1631 1762
f 1631 1549 1762
f 1536 1624 1763
f 1624 1472 1763
f 918 1757 1649
f 1757 1573 1649
f 1573 1655 1764
f 1563 1771 1765
f 1771 1581 1765
f 1764 1658 1794
f 1658 1582 1794
f 1766 1655 1652
f 1655 1573 1652
f 1766 1652 1770
f 1768 1655 1766
f 1563 1656 1767
f 1656 1770 1767
f 1768 1658 1655
f 1658 1764 1655
f 1657 1675 1768
f 1661 1662 1769
f 1662 910 1769
f 985 1657 1770
f 1662 1661 957
f 1669 1664 1662
f 1664 910 1662
f 1663 1675 1584
f 1770 1652 1771
f 1652 698 1771
f 1582 1671 1661
f 1652 1573 698
f 1661 910 1772
f 1661 1659 1582
f 1581 1654 1773
f 1654 921 1773
f 1563 1645 1774
f 1645 1565 1774
f 919 1747 1775
f 1747 1580 1775
f 1583 1646 1776
f 1646 919 1776
f 1532 1626 1777
f 1626 1546 1777
f 911 1631 1778
f 1631 1546 1778
f 1552 1653 1779
f 1653 1580 1779
f 1552 1641 1780
f 1641 1583 1780
f 923 1748 1781
f 1748 1633 1781
f 1552 1745 1782
f 1745 1633 1782
f 1580 1750 1783
f 1750 923 1783
f 1563 1651 1784
f 1651 1578 1784
f 1660 1659 1785
f 1794 1648 1574
f 1671 1768 1585
f 1499 1596 1786
f 1596 770 1786
f 768 1596 1788
f 1596 1499 1788
f 770 1617 1789
f 1617 1496 1789
f 1499 1608 1790
f 1608 660 1790
f 770 1596 1791
f 1596 1495 1791
f 1495 1596 1792
f 1596 1609 1792
f 1557 1646 1793
f 1646 1583 1793
f 1582 1660 1794
f 1557 1755 1795
f 1755 1642 1795
f 919 1646 1796
f 1646 1642 1796
f 1664 1669 1797
f 1800 1664 1797
f 1665 1666 957
f 1665 1673 1672
f 1673 1734 1672
f 1797 1669 1799
f 1669 1802 1799
f 1797 1798 1800
f 1798 1797 1801
f 1808 1798 1801
f 1672 1734 1802
f 1667 1675 959
f 1672 1802 1666
f 1673 1667 959
f 1797 1799 1801
f 1804 961 1807
f 1801 1803 1807
f 1658 1768 1671
f 1802 1803 1799
f 1803 1801 1799
f 1666 1665 1672
f 971 961 1804
f 1807 1808 1801
f 961 952 1805
f 952 638 1805
f 1803 1804 1807
f 1803 1731 1804
f 1807 1806 1808
f 1806 1807 1805
f 638 1806 1805
f 1804 1809 1730
f 1807 961 1805
f 1809 1734 1732
f 1734 959 1732
f 1731 1809 1804
f 1809 1731 1734
f 1491 1602 1811
f 1602 800 1811
f 659 1541 1812
f 1541 1495 1812
f 767 1602 1813
f 1602 1491 1813
f 799 1601 1814
f 1601 1490 1814
f 767 1594 1815
f 1594 1494 1815
f 1491 1593 1816
f 1593 1483 1819
f 800 1602 1817
f 1602 1494 1817
f 1526 1621 1818
f 1621 800 1818
f 814 1816 1819
f 1816 1593 1819
f 889 1914 3196
f 1849 887 1871
f 1821 1916 4397
f 1821 1874 4346
f 1862 878 1912
f 3098 876 3223
f 1821 1823 4348
f 1874 689 4346
f 1837 887 1849
f 1824 1913 1929
f 1897 2459 2478
f 1853 689 1854
f 879 1990 2438
f 879 2420 2421
f 1820 1868 4391
f 3200 888 4355
f 900 1828 1989
f 1985 1828 2434
f 1829 1851 1876
f 1878 1829 2479
f 687 1837 1849
f 1857 2466 2510
f 2420 1863 2435
f 2459 1825 2478
f 1867 875 1980
f 2473 1992 2508
f 1861 2429 2480
f 1826 1936 2467
f 1867 1828 1985
f 2513 1864 1832
f 2436 1984 1834
f 1875 1836 2507
f 1858 2460 2471
f 1830 1885 2505
f 1876 887 1882
f 1857 1836 2466
f 633 2460 2464
f 786 664 1924
f 1918 1928 3203
f 871 1837 1841
f 1844 1841 1886
f 1841 872 1855
f 1845 1848 1887
f 687 1824 1843
f 1913 874 1929
f 873 1856 1930
f 872 1844 1846
f 1875 1842 1884
f 1855 872 1883
f 828 1845 1865
f 1847 870 1869
f 1848 872 1870
f 873 1847 1869
f 1915 664 1921
f 870 1848 1870
f 1824 1849 1871
f 1824 687 1849
f 674 1848 1850
f 1848 870 1850
f 827 674 1850
f 1916 1820 4397
f 1876 1851 4384
f 827 870 1852
f 1847 783 1917
f 616 827 1852
f 1822 1823 1853
f 1823 689 1853
f 689 1825 1854
f 1897 877 2459
f 1842 1855 1883
f 1842 871 1855
f 873 1844 1856
f 1844 687 1856
f 1857 2469 2511
f 1885 871 2505
f 828 1875 1884
f 1878 1859 2461
f 2433 1832 2436
f 633 2462 2476
f 1912 877 2463
f 688 1862 1936
f 1988 875 2474
f 1826 1986 2431
f 879 1864 2514
f 2427 1832 2438
f 2428 1832 2490
f 1848 674 1887
f 2485 1866 2472
f 2485 1838 2513
f 1820 1827 1868
f 1827 887 1868
f 900 1906 2441
f 1892 1901 2468
f 2440 1980 1901
f 870 1846 1869
f 1846 873 1869
f 872 1846 1870
f 1846 870 1870
f 887 1827 1871
f 1913 1824 1931
f 2420 1831 2421
f 2461 1872 2475
f 1873 2465 2512
f 2466 2473 2510
f 1868 1851 4391
f 689 1874 4380
f 2460 1836 2471
f 1858 1875 2506
f 1830 1876 1882
f 1873 1829 2465
f 1874 1851 4380
f 1851 1829 1877
f 1825 1877 1878
f 1877 1829 1878
f 1836 1857 1879
f 1857 871 1879
f 838 1880 2488
f 1880 838 2455
f 903 1881 1935
f 1932 688 1934
f 887 1837 1882
f 1837 871 1885
f 872 1845 1883
f 1845 1842 1883
f 1842 1845 1884
f 1845 828 1884
f 1830 1882 1885
f 1882 1837 1885
f 1837 687 1886
f 1841 1837 1886
f 1865 1845 1887
f 674 1865 1887
f 1902 2454 2491
f 679 1890 1945
f 1903 902 1943
f 1906 2437 2441
f 838 2488 2486
f 1833 1889 2486
f 2457 1907 1891
f 1896 1892 2468
f 1880 1901 2488
f 1891 1893 2455
f 1900 840 1952
f 1904 1907 1983
f 1895 1835 1986
f 875 1895 2514
f 1895 1863 2483
f 1831 2420 2435
f 1893 1894 1896
f 1894 840 1896
f 840 1890 1896
f 2463 877 2470
f 1863 1826 2426
f 1900 841 1939
f 839 1898 1940
f 1951 1469 2458
f 1889 838 2486
f 1980 2488 1901
f 2455 838 1889
f 1901 1880 2468
f 1471 902 2425
f 679 1903 1943
f 1896 1890 1892
f 1890 679 1892
f 1952 1894 1891
f 1894 1893 1891
f 903 1905 2419
f 1881 900 1935
f 1828 2440 1989
f 1888 1907 2457
f 902 1905 2439
f 1905 900 1911
f 1946 1909 1469
f 1899 1909 2489
f 2418 832 1910
f 1453 841 2424
f 1947 843 678
f 2437 1908 1911
f 1908 1905 1911
f 1822 1912 4351
f 1822 877 1912
f 1827 1913 1931
f 1919 1913 3224
f 1913 1827 1925
f 1827 1820 1914
f 1856 1840 1930
f 787 1915 1920
f 888 1914 1916
f 1914 1820 1916
f 783 1852 1917
f 1852 870 1917
f 1915 1840 1920
f 1843 874 1922
f 882 1919 3135
f 874 1919 3204
f 1840 1918 1920
f 1918 787 1920
f 664 1847 1921
f 1847 873 1921
f 1928 1918 3216
f 1918 1840 1922
f 783 1847 1923
f 1847 664 1923
f 664 1915 1924
f 1915 787 1924
f 1827 1914 1925
f 1914 889 1925
f 616 1852 1926
f 1852 783 1926
f 734 616 1926
f 787 1918 1927
f 1928 631 3203
f 1919 882 3204
f 1419 631 2880
f 874 1843 1929
f 1843 1824 1929
f 1840 1915 1930
f 1915 873 1930
f 1824 1871 1931
f 1871 1827 1931
f 4320 4339 4365
f 878 1932 4325
f 688 1932 1933
f 1932 878 1933
f 1881 1934 2432
f 1881 903 1934
f 900 1905 1935
f 1905 903 1935
f 1986 1835 2431
f 1937 688 2423
f 1881 1937 1942
f 1934 688 2432
f 839 1903 1938
f 1903 679 1945
f 841 1898 1939
f 1898 1890 1944
f 841 1453 1940
f 1453 839 1940
f 678 1910 1941
f 1910 841 1941
f 1828 900 1942
f 900 1881 1942
f 1905 1908 2439
f 1908 679 1943
f 840 1939 1944
f 1939 1898 1944
f 1890 1938 1945
f 1938 1903 1945
f 2448 2453 1949
f 2448 1946 2453
f 2450 2452 2451
f 676 1947 837
f 1947 842 837
f 842 1946 1948
f 2451 1975 2450
f 2450 1975 1976
f 1976 2452 2450
f 1958 2446 2447
f 2446 1026 2445
f 678 1900 1950
f 1900 1952 1950
f 840 1894 1952
f 1951 1983 2449
f 1448 836 2443
f 1954 1975 1955
f 1975 2451 1955
f 1961 1979 1978
f 1969 1962 2495
f 1440 1021 1964
f 723 1961 1960
f 1021 1451 1966
f 1969 1023 1962
f 1993 1440 1963
f 1957 1965 1955
f 723 1966 1959
f 1451 1959 1966
f 1451 1028 1967
f 1021 1966 1964
f 1966 723 1964
f 1457 1973 714
f 1460 1963 1971
f 714 1968 1468
f 1023 1969 1971
f 1465 1970 1460
f 1020 1973 1972
f 1969 1465 1971
f 1973 1457 1972
f 1457 991 1972
f 1962 1467 992
f 1020 1970 1973
f 1970 1465 1973
f 1958 1975 2493
f 1469 1899 2458
f 1946 1953 2453
f 2447 1976 1975
f 2451 1957 1955
f 1955 1956 1954
f 1965 1957 1977
f 1965 1961 1978
f 875 1988 1980
f 1835 1895 1981
f 1895 875 1981
f 1952 1891 1982
f 1990 1860 2438
f 1835 1981 1985
f 1981 1867 1985
f 1826 1863 1986
f 1863 1895 1986
f 1899 1952 1982
f 1904 1899 1982
f 1980 2440 1867
f 2440 1828 1867
f 1909 1899 1469
f 1987 1833 2486
f 2440 1906 1989
f 1906 900 1989
f 2421 1872 2482
f 2461 1859 2481
f 1991 1860 2473
f 1465 1969 1968
f 1969 1468 1968
f 1964 723 1960
f 1963 1960 1023
f 992 1467 1977
f 1467 1965 1977
f 1963 1460 1993
f 1459 1993 1460
f 1998 1459 1995
f 1440 1964 1963
f 1964 1960 1963
f 722 1995 1454
f 1995 1020 1454
f 1020 1994 1454
f 2496 1993 2501
f 1019 1454 1997
f 991 1450 1997
f 1436 1059 1998
f 991 1997 1994
f 1997 1454 1994
f 1465 1968 1973
f 1971 1465 1460
f 1460 1970 1459
f 3042 821 3360
f 3050 627 3463
f 2103 3489 3596
f 666 3510 3560
f 2141 2905 3462
f 2917 822 3357
f 3403 2074 3431
f 2107 2002 3375
f 745 2864 3416
f 742 2003 3053
f 1167 1085 3394
f 1085 821 3488
f 3069 1999 3454
f 1999 1085 3464
f 2650 3445 3456
f 1167 1098 3494
f 2071 2007 3257
f 2088 805 3255
f 2113 1184 2912
f 3526 2874 3549
f 751 2159 2703
f 654 2154 2663
f 2010 2564 2801
f 2569 2010 2578
f 2011 2166 2660
f 751 2164 2698
f 2120 2706 3433
f 2655 655 2714
f 2169 2013 3081
f 741 2140 3082
f 2014 2528 2753
f 2517 619 2688
f 755 2656 3465
f 753 2015 2161
f 2118 943 2689
f 2645 2016 2748
f 747 2553 2597
f 749 2657 3450
f 2097 2561 2771
f 2082 2598 2716
f 755 2161 2690
f 2140 2019 3082
f 940 2645 2748
f 2645 940 2790
f 826 2070 2607
f 2094 2542 2730
f 2167 2565 2737
f 2171 2022 2608
f 704 945 2023
f 943 2023 2024
f 2024 2644 2683
f 2016 655 2682
f 2647 941 2718
f 2517 941 2521
f 2535 2594 2811
f 2026 2163 2617
f 2024 945 2644
f 945 705 2027
f 774 2589 3562
f 2553 2028 2597
f 945 946 2029
f 946 944 2029
f 2155 811 2559
f 2541 2625 2824
f 704 948 2031
f 948 946 2031
f 977 2032 2844
f 2627 2032 2628
f 2033 2538 2583
f 2641 696 2827
f 976 974 2034
f 705 2652 2653
f 2592 912 2765
f 2521 941 2537
f 703 932 2036
f 938 2036 2057
f 619 2556 2685
f 772 2554 2786
f 949 947 2038
f 947 948 2038
f 946 948 2039
f 934 946 2039
f 702 948 2040
f 948 947 2040
f 2041 2520 2546
f 663 2604 2813
f 641 975 3349
f 2042 641 3349
f 703 1009 2043
f 1009 933 2043
f 936 935 2065
f 935 932 2044
f 702 2040 2045
f 2040 939 2045
f 2183 2555 2777
f 671 2563 2734
f 976 2627 2628
f 711 2049 2099
f 975 976 2048
f 944 975 2048
f 711 2047 2049
f 2047 976 2049
f 2032 977 2641
f 977 916 2050
f 2534 772 2572
f 912 2519 2758
f 2577 2522 2710
f 2672 774 3580
f 2061 983 2243
f 983 641 2064
f 1113 988 2237
f 988 975 2054
f 964 979 2055
f 931 964 2055
f 946 934 2056
f 934 641 2056
f 935 938 2057
f 932 935 2057
f 935 936 2058
f 936 934 2058
f 2059 2165 2622
f 811 2163 2614
f 987 989 2060
f 980 987 2060
f 2191 981 2245
f 2063 712 2248
f 980 712 2063
f 981 968 2062
f 981 2062 2063
f 2062 980 2063
f 936 2053 2064
f 2053 983 2064
f 935 2044 2065
f 2044 701 2065
f 2089 2007 3092
f 3076 2066 3378
f 1117 3076 3417
f 2869 2067 3587
f 2894 1357 3379
f 3040 2068 3369
f 2021 2069 2673
f 2096 823 2605
f 2021 2070 2606
f 2069 673 2673
f 2093 1365 3180
f 667 2071 3112
f 3073 2001 3447
f 2069 823 3057
f 2071 1365 3112
f 798 3115 3187
f 2074 2076 2571
f 2002 2074 2679
f 2070 826 2606
f 2075 2526 2533
f 825 2542 2729
f 2076 2518 3422
f 1703 785 3118
f 1927 631 3185
f 2041 2725 2763
f 2520 779 2546
f 3115 2077 3187
f 3118 785 3186
f 810 2552 2797
f 629 2562 2636
f 2557 2018 2702
f 2540 2081 2672
f 2018 2545 2692
f 747 2082 2812
f 2083 3068 3415
f 2083 3059 3461
f 825 2518 2616
f 824 2573 2848
f 2084 2588 2619
f 2536 672 3424
f 2518 815 3422
f 1501 803 2709
f 2633 779 2836
f 2041 773 2759
f 2704 1513 3434
f 1513 805 2088
f 2873 1502 3256
f 807 3253 3258
f 2536 2080 2574
f 2090 2549 2600
f 2090 2091 2602
f 2549 810 2600
f 978 1576 2092
f 1576 916 2092
f 807 1713 2093
f 1713 806 2093
f 2563 2075 2756
f 825 2533 2851
f 1364 2095 3108
f 2073 798 3130
f 2518 2076 2616
f 2076 2074 3436
f 2018 2524 2686
f 809 2617 2620
f 711 990 2098
f 984 978 2630
f 975 988 2099
f 988 711 2099
f 2115 1380 3419
f 2971 2100 3280
f 1080 3552 3555
f 2109 673 3054
f 2897 794 3260
f 2955 3502 3584
f 2890 2001 3393
f 1102 2905 3471
f 2898 2115 3419
f 2894 2104 3265
f 3040 1364 3354
f 3157 796 3338
f 1919 889 3135
f 690 2106 3094
f 2067 3084 3460
f 2869 2002 3397
f 2971 1360 3270
f 883 2982 3335
f 3467 1094 3468
f 2070 673 2670
f 2301 1411 3101
f 883 3095 4303
f 1823 876 4348
f 637 3098 3222
f 2926 1424 3479
f 3075 1117 3410
f 2896 1380 3282
f 2895 1380 3240
f 3045 2104 3367
f 1117 3046 3395
f 2892 1338 3264
f 1338 1139 2994
f 2070 1094 2607
f 2119 813 2700
f 2156 812 2568
f 653 2543 2764
f 942 943 2118
f 753 942 2118
f 2119 1094 3467
f 2142 813 2674
f 2120 2697 3430
f 754 2658 3437
f 2907 1228 3550
f 1102 3382 3475
f 2133 2019 3361
f 2875 626 3407
f 626 930 2123
f 930 942 2123
f 930 949 2124
f 942 930 2124
f 2157 2010 2735
f 2648 748 3432
f 2674 1118 2785
f 2650 2126 3445
f 1366 2127 3043
f 741 2127 3060
f 3052 1150 3466
f 2656 2128 3465
f 2000 1228 3495
f 3042 2129 3553
f 3071 1124 3599
f 764 3061 3477
f 3050 2006 3380
f 3389 3519 3538
f 2129 1228 2958
f 2136 1086 3492
f 2128 1150 3482
f 2127 741 3047
f 2650 1106 2715
f 2154 751 2701
f 743 650 2144
f 929 930 2135
f 2136 3507 3514
f 3507 1232 3514
f 2671 1118 2742
f 1118 820 2137
f 2139 2012 2649
f 754 2706 3438
f 2649 655 2721
f 2645 749 2664
f 2146 2013 3080
f 2875 2140 3388
f 3068 1424 3415
f 1102 2926 3480
f 1133 2142 2678
f 813 2142 2611
f 700 949 2143
f 949 930 2143
f 929 2135 2144
f 2135 743 2144
f 947 949 2145
f 949 700 2145
f 2127 1366 3060
f 2003 742 3051
f 936 2064 2147
f 2064 641 2147
f 1098 3074 3619
f 2866 765 3602
f 2003 1366 3062
f 764 3043 3485
f 2866 1260 2957
f 2868 766 2959
f 3513 1132 3517
f 2149 764 3503
f 2154 1121 2663
f 3071 2152 3598
f 2161 2015 2690
f 2138 754 2666
f 2656 2009 3459
f 751 2154 2662
f 2568 2059 2739
f 811 2155 2566
f 2156 2544 2782
f 2171 812 2560
f 2528 2675 2780
f 2010 2561 2789
f 2164 2134 2698
f 2654 1106 2712
f 2009 2662 3443
f 754 2694 3458
f 2543 1133 2764
f 2671 752 2788
f 755 2122 2161
f 2122 753 2161
f 2706 2012 3433
f 2528 748 2753
f 2059 2566 2713
f 2617 2163 2620
f 2159 2011 2703
f 2166 1128 2660
f 2117 2165 2746
f 2564 809 2722
f 2681 2125 2691
f 1128 2166 2754
f 2022 2609 2783
f 2551 671 2776
f 2864 745 3376
f 742 2168 3067
f 2168 739 3067
f 738 650 2882
f 2152 1121 3383
f 2158 1106 2667
f 2142 1133 2611
f 2543 812 2618
f 937 938 2172
f 938 939 2172
f 738 925 2881
f 925 929 2173
f 640 1011 2174
f 1011 937 2174
f 929 925 2175
f 925 927 2175
f 640 939 2176
f 926 2176 2178
f 2559 2046 2808
f 824 2555 2847
f 939 947 2178
f 947 926 2178
f 928 1001 2179
f 1001 640 2179
f 926 927 2180
f 927 928 2180
f 699 1000 2181
f 1000 928 2181
f 702 938 2182
f 938 935 2182
f 2080 2549 2805
f 824 2576 2850
f 2604 2030 2809
f 2625 810 2824
f 2028 2598 2823
f 2553 2017 2781
f 990 1114 2186
f 1114 989 2186
f 708 2198 2199
f 710 2188 2195
f 964 2187 2188
f 2187 963 2188
f 979 2189 2191
f 979 710 2189
f 710 979 2190
f 979 964 2190
f 982 2191 2245
f 982 979 2191
f 968 970 2202
f 970 958 2192
f 709 973 2193
f 972 2193 2194
f 973 971 2194
f 971 1804 2206
f 969 2195 2203
f 968 710 2205
f 972 958 2196
f 958 970 2196
f 709 2193 2197
f 2193 970 2197
f 963 2187 2198
f 2187 962 2198
f 962 1035 2199
f 708 2199 2208
f 989 1114 2200
f 1114 988 2200
f 967 966 2210
f 966 963 2201
f 970 2192 2202
f 2192 642 2202
f 709 2209 2211
f 963 966 2203
f 968 969 2204
f 970 968 2204
f 710 2195 2205
f 2195 969 2205
f 972 2194 2206
f 2194 971 2206
f 969 2203 2207
f 2203 966 2207
f 1035 1039 2208
f 1039 708 2208
f 709 2207 2209
f 2207 966 2209
f 966 2201 2210
f 2201 708 2210
f 973 2211 2215
f 973 709 2211
f 708 1039 2212
f 967 2212 2214
f 966 967 2213
f 643 2216 2220
f 1039 1040 2214
f 1040 967 2214
f 955 706 2229
f 965 956 2215
f 965 2213 2216
f 2213 967 2216
f 728 1048 2217
f 1048 1040 2217
f 973 2215 2218
f 2215 956 2218
f 952 971 2225
f 971 973 2219
f 967 1040 2220
f 643 2220 2223
f 713 1722 2221
f 1722 990 2221
f 953 909 2222
f 909 952 2222
f 1040 1030 2223
f 1030 643 2223
f 956 2228 2231
f 956 965 2224
f 971 2219 2225
f 2219 706 2225
f 1040 1048 2226
f 1030 1040 2226
f 726 1048 2227
f 1048 1050 2227
f 956 2224 2228
f 2224 643 2228
f 706 2218 2229
f 2218 956 2229
f 1030 1031 2230
f 1031 954 2230
f 954 955 2231
f 955 956 2231
f 726 1032 2232
f 1032 1031 2232
f 726 2227 2233
f 2227 1033 2233
f 989 1113 2234
f 1113 712 2234
f 712 1113 2235
f 1113 983 2235
f 994 1032 2236
f 1033 994 2236
f 988 2054 2237
f 2054 983 2237
f 979 982 2238
f 2053 701 2247
f 1037 1039 2239
f 1039 1035 2239
f 1039 1037 2240
f 1037 728 2240
f 964 931 2241
f 931 623 2241
f 1033 1043 2242
f 1043 644 2242
f 644 994 2242
f 983 2053 2243
f 2053 982 2243
f 1049 1050 2244
f 1050 1048 2244
f 981 2061 2245
f 2061 982 2245
f 1035 962 2246
f 962 1034 2246
f 701 2238 2247
f 2238 982 2247
f 712 2061 2248
f 2061 981 2248
f 623 1034 2249
f 1034 962 2249
f 1037 727 2253
f 1038 1036 2250
f 1047 1049 2251
f 1036 1047 2251
f 1043 1050 2254
f 1050 1049 2252
f 1038 2250 2253
f 2250 1037 2253
f 1050 2252 2254
f 2252 729 2254
f 1010 1034 2255
f 1034 623 2255
f 933 2255 2256
f 2255 623 2256
f 931 2055 2257
f 2055 701 2257
f 701 2053 2258
f 2053 936 2258
f 1065 733 2263
f 1067 1057 2259
f 647 2259 2260
f 2259 1057 2260
f 1057 1058 2261
f 1058 1045 2261
f 1045 1058 2262
f 1058 730 2262
f 1067 2259 2263
f 2259 1065 2263
f 647 2260 2264
f 2260 1045 2264
f 1065 2259 2265
f 2259 647 2265
f 1038 1064 2266
f 1065 1038 2266
f 1061 1064 2267
f 1038 727 2268
f 727 2267 2268
f 2267 1064 2268
f 647 1047 2269
f 1047 1036 2269
f 1045 1046 2270
f 1046 1047 2270
f 2328 1414 3133
f 2322 859 3124
f 1001 928 3350
f 999 2272 2282
f 905 2273 3245
f 693 2361 3303
f 1363 2274 3159
f 686 4284 4288
f 4230 2275 4250
f 4230 2341 4239
f 2980 1148 4225
f 1314 1107 2941
f 1237 849 2965
f 844 2277 3055
f 850 2970 3326
f 2878 848 3247
f 1000 2272 2279
f 2272 717 2279
f 1362 2333 3171
f 2280 4258 4338
f 717 1018 2281
f 1018 1001 2281
f 1000 699 2885
f 997 999 2282
f 681 844 2283
f 2277 849 3055
f 1425 3153 4362
f 1430 621 3143
f 848 1404 2285
f 1404 999 2285
f 1001 1018 2286
f 1018 1011 2286
f 999 997 2287
f 997 681 2287
f 2938 1322 3311
f 3264 668 4272
f 3160 884 4258
f 2353 886 3305
f 2310 906 4292
f 2331 2290 3119
f 2292 1141 3168
f 1125 2291 4240
f 2339 2292 4298
f 2292 2339 4289
f 2333 1403 3171
f 3305 2293 4333
f 2294 3091 4307
f 859 3096 4318
f 1359 2295 3086
f 2315 861 2354
f 2296 3165 4314
f 2326 888 3213
f 1415 2297 3107
f 2317 862 2355
f 1405 2298 2916
f 2108 883 2949
f 2364 1401 4328
f 2292 865 3174
f 1403 4291 4300
f 883 3105 4304
f 2095 1419 3157
f 2880 882 3156
f 1003 2302 3127
f 1003 1007 2302
f 1066 1423 2303
f 1423 1067 2303
f 621 1413 2304
f 1413 1002 2304
f 3148 1363 4264
f 891 2305 3325
f 890 2358 4331
f 675 3138 3332
f 907 2362 3342
f 2273 896 2363
f 904 3137 3233
f 3272 2290 3341
f 2305 1363 3325
f 2274 864 3159
f 2342 904 3337
f 906 2310 2362
f 2311 4286 4301
f 686 3151 4290
f 2312 3210 4309
f 3142 2312 4306
f 1416 2313 3191
f 3179 1416 4286
f 3210 907 4309
f 3144 894 4367
f 2878 1367 3106
f 2876 861 3088
f 2271 2316 3197
f 3124 859 3227
f 2319 1359 3268
f 862 3086 4295
f 2306 1427 3184
f 2318 3199 4378
f 863 1368 2319
f 1368 636 2319
f 3137 878 4325
f 4339 694 4365
f 2318 1402 3183
f 3116 686 4308
f 1415 3147 3302
f 859 3107 4321
f 3178 1422 4361
f 896 2323 3125
f 2323 1149 3110
f 1251 897 3235
f 2893 1405 4237
f 2298 885 2916
f 2106 889 3094
f 1914 888 3196
f 1259 4212 4220
f 2327 685 4212
f 2302 684 3127
f 2322 1414 3126
f 4320 903 4339
f 1905 902 2419
f 2291 1125 4254
f 2327 866 3330
f 1422 3125 4268
f 2290 2331 3182
f 1359 2317 3099
f 3147 2332 3302
f 4258 2280 4259
f 2981 885 3339
f 2876 1336 3241
f 4250 2334 4251
f 1414 2271 3132
f 2316 860 3197
f 1003 2328 2336
f 2328 858 2336
f 2340 2295 4287
f 4239 2341 4257
f 1314 1148 4047
f 2948 2338 2960
f 2297 2339 4299
f 862 2339 4297
f 2339 862 4289
f 3086 2295 4295
f 4221 1350 4279
f 4212 685 4220
f 2342 2310 4292
f 3093 904 3272
f 1266 1138 4106
f 3008 4118 4123
f 3122 896 3333
f 693 2344 3328
f 3182 1422 3221
f 886 3178 4343
f 1427 3199 4396
f 3155 829 3217
f 4248 1141 4261
f 2347 4260 4263
f 1125 2330 4243
f 2348 1125 4243
f 1361 2349 3249
f 2305 891 3269
f 892 1361 2359
f 3131 2350 3244
f 2307 2351 3134
f 905 3131 3244
f 1340 1328 3287
f 3290 1131 4221
f 2326 2111 3206
f 2345 886 4294
f 2295 4336 4337
f 2295 1359 2354
f 2339 2297 4297
f 2297 1415 2355
f 2350 2307 3164
f 2312 2356 3210
f 1358 2357 3149
f 2349 891 3163
f 3151 1416 4296
f 2313 893 3191
f 1361 2350 2359
f 2350 692 2359
f 2361 1358 3303
f 2357 1151 3296
f 2344 2273 3328
f 2273 905 4253
f 2356 2307 3140
f 2351 906 3134
f 906 2351 2363
f 2351 2273 2363
f 3107 2297 4321
f 2339 1401 4299
f 2367 2407 3737
f 2400 2365 3714
f 3751 4456 4440
f 3707 2368 3754
f 2371 1420 2406
f 2366 1268 3780
f 1180 3718 3823
f 1293 1176 4095
f 3729 2369 3859
f 1074 2369 3712
f 2367 2370 2383
f 1070 2370 3715
f 2366 2371 3879
f 3707 2371 3713
f 2372 1272 4438
f 3725 1421 3727
f 3714 2373 3849
f 3718 3711 3777
f 1069 3707 3713
f 2375 3705 3772
f 1070 3744 3749
f 2386 1170 3866
f 3864 2376 3870
f 2395 1317 3778
f 2975 2377 3854
f 1283 2378 3691
f 760 2378 3682
f 2375 2369 3705
f 1099 3799 3832
f 3689 2379 3779
f 3011 1104 4022
f 1223 1177 4010
f 3880 3696 3900
f 3869 3877 4187
f 2932 1159 4152
f 3036 1159 4163
f 2407 2367 2383
f 2370 1272 2383
f 3791 1420 3860
f 1176 2411 3847
f 1258 2385 3884
f 3869 2385 3877
f 3840 1153 3856
f 3791 1170 3845
f 1284 1100 3620
f 1100 1088 2387
f 1256 3700 3861
f 2396 852 3865
f 3033 1279 3756
f 3937 1186 4079
f 792 3618 3623
f 3622 1242 3758
f 3824 2976 3826
f 1108 2392 3921
f 2343 2392 3945
f 1317 3022 3722
f 3709 1256 3736
f 3886 1250 3889
f 3037 852 3875
f 2397 3804 3838
f 620 2969 3694
f 1280 2398 3828
f 2397 1073 3804
f 1165 2399 3912
f 1188 2399 3932
f 2376 1278 3858
f 3700 1206 3842
f 2378 1188 3673
f 1355 758 3686
f 3870 1258 3878
f 2385 1285 3888
f 1271 2403 3661
f 1093 3018 3667
f 3907 1183 3958
f 3906 2404 3919
f 2969 1280 3694
f 2398 1081 3828
f 1268 3725 3727
f 2371 2406 3879
f 3727 2373 3765
f 3714 2365 3760
f 2411 2368 3847
f 3711 1180 3759
f 2370 2367 3715
f 2409 3729 3859
f 3700 1256 3851
f 3651 1074 3709
f 4402 4459 4448
f 1176 2384 2411
f 2384 1420 2411
f 1078 1263 2412
f 3905 1171 3911
f 1707 2413 734
f 1707 648 2413
f 2460 1858 2464
f 1875 828 2506
f 833 1441 2414
f 1441 832 2414
f 836 833 2416
f 2415 836 2416
f 676 2415 2416
f 634 1453 2417
f 843 2418 1910
f 676 2418 843
f 902 2329 2419
f 2329 903 2419
f 2414 2418 2416
f 2418 676 2416
f 1831 1872 2421
f 879 2421 2482
f 634 1471 2422
f 1471 839 2422
f 688 1936 2423
f 1936 1835 2423
f 841 1910 2424
f 1910 832 2424
f 902 1903 2425
f 1903 839 2425
f 1826 1897 2426
f 1897 1831 2426
f 1984 2427 2438
f 1984 2436 2427
f 1866 2428 2487
f 1864 1988 2474
f 1864 2513 1988
f 2417 1453 832
f 2430 2428 2490
f 1832 1864 2438
f 1864 879 2438
f 1947 676 843
f 1835 1936 2431
f 1936 1826 2431
f 688 1937 2432
f 1937 1881 2432
f 2436 2429 2433
f 1828 1937 2434
f 1937 1835 2434
f 1895 2483 2514
f 1863 2426 2435
f 2426 1831 2435
f 1832 2427 2436
f 679 1908 2437
f 2428 2513 1832
f 1860 1984 2438
f 1908 1943 2439
f 1943 902 2439
f 1901 1892 2440
f 1892 2437 2440
f 2437 1911 2441
f 1911 900 2441
f 1948 2442 837
f 836 2442 2443
f 2447 2446 2445
f 835 2443 2442
f 2445 835 2444
f 837 2442 2415
f 2442 836 2415
f 1976 2447 1949
f 2444 835 2448
f 2444 2447 2445
f 724 1463 2446
f 1904 1982 1891
f 1955 1965 1978
f 1955 1978 1956
f 1978 1979 1956
f 1954 1956 1975
f 2444 1949 2447
f 1949 2444 2448
f 1953 1951 2449
f 2453 1976 1949
f 1953 1469 1951
f 2454 1888 2492
f 2448 1948 1946
f 1976 2449 2452
f 1891 2454 2492
f 1891 2455 2454
f 2454 2455 2491
f 1899 1904 2458
f 1904 1951 2458
f 877 1854 2459
f 1854 1825 2459
f 2462 1839 2476
f 2466 1836 2477
f 1872 2461 2481
f 1825 2461 2475
f 2429 1834 2480
f 1826 2463 2470
f 1936 1862 2467
f 1829 1876 2465
f 1876 1830 2465
f 1839 2466 2477
f 1862 2463 2467
f 2463 1826 2467
f 1992 1873 2508
f 2465 1830 2512
f 877 1897 2470
f 1897 1826 2470
f 1836 1875 2471
f 1875 1858 2471
f 1987 2485 2472
f 1860 1992 2473
f 875 2514 2474
f 2514 1864 2474
f 1831 1825 2475
f 1872 1831 2475
f 1839 2460 2476
f 2460 633 2476
f 1836 2460 2477
f 2460 1839 2477
f 1860 1991 1984
f 1991 1834 1984
f 1825 1831 2478
f 1831 1897 2478
f 2420 879 2514
f 1859 1992 1990
f 1992 1860 1990
f 1829 1873 2479
f 1992 1859 2509
f 1834 2462 2480
f 2462 1861 2480
f 1859 1990 2481
f 1990 1872 2481
f 1872 1990 2482
f 1990 879 2482
f 1863 2420 2483
f 2420 2514 2483
f 2429 2436 1834
f 1980 1988 2484
f 2513 2428 2485
f 2428 1866 2485
f 2486 2488 1838
f 2428 2430 2487
f 2488 1980 2484
f 1838 2488 2484
f 1947 678 2489
f 1909 1947 2489
f 678 1950 2489
f 1950 1899 2489
f 1832 2433 2490
f 2433 2430 2490
f 2455 2456 2491
f 2456 1902 2491
f 1888 2457 2492
f 2457 1891 2492
f 2456 2455 1889
f 2493 1975 1956
f 1959 1974 2494
f 1974 2493 2494
f 1956 1979 2494
f 1979 1959 2494
f 723 1979 1961
f 1960 1961 1962
f 1961 1467 1962
f 1962 992 2495
f 992 1468 2495
f 723 1959 1979
f 1432 2496 2501
f 646 1442 2497
f 1028 1451 2498
f 1451 1021 2498
f 1466 1447 2502
f 1428 1397 2500
f 1397 1447 2499
f 1397 2499 2500
f 2499 1028 2500
f 1967 1028 1466
f 1993 2496 1440
f 2496 1021 1440
f 1993 1996 2501
f 1996 1022 2501
f 1428 1028 1442
f 1021 2497 2498
f 2497 1442 2498
f 1974 1466 2502
f 1466 1974 1967
f 1974 1959 1967
f 2502 724 1974
f 1022 1996 2503
f 1996 1459 2503
f 1459 1998 2503
f 1998 1059 2503
f 624 1445 2504
f 1445 1019 2504
f 871 1857 2505
f 2469 1830 2511
f 1836 1879 2507
f 1879 1842 2507
f 1873 2469 2508
f 2469 2473 2508
f 1859 2479 2509
f 2479 1873 2509
f 1991 1839 1834
f 2473 2466 1991
f 2466 1839 1991
f 2473 2469 2510
f 2469 1857 2510
f 1830 2505 2511
f 2505 1857 2511
f 1830 2469 2512
f 2469 1873 2512
f 1838 1988 2513
f 1838 2485 2486
f 2485 1987 2486
f 1988 1838 2484
f 2086 2515 2693
f 2587 1513 3427
f 805 1513 2872
f 803 2587 2767
f 2517 2521 2581
f 2521 2025 2581
f 2085 2518 2707
f 815 2518 2695
f 2033 2051 2592
f 2554 2519 2786
f 2087 2520 2705
f 779 2520 2770
f 912 2521 2537
f 2519 2025 2758
f 2052 2522 2643
f 2052 2037 2593
f 2610 1568 2632
f 2613 778 2634
f 2097 2524 2687
f 2561 747 2771
f 2532 2033 2639
f 2538 974 2583
f 2588 2526 2619
f 2533 2526 2851
f 2587 2086 2767
f 2515 815 2693
f 2675 747 2780
f 2157 2125 2681
f 2548 2017 2766
f 2657 749 2661
f 2518 2085 2695
f 672 2530 2744
f 2545 2081 2692
f 2567 663 2711
f 915 1577 2802
f 2584 2532 2784
f 2542 2094 2729
f 2075 2533 2740
f 2599 2534 3567
f 2534 2599 3564
f 2163 2026 2614
f 2531 663 2603
f 672 2591 3424
f 2576 2080 2741
f 941 2035 2537
f 912 2537 2727
f 2537 2035 2727
f 2652 974 2747
f 2078 2539 2642
f 2523 778 2626
f 2540 2550 3581
f 2725 2540 2763
f 2541 2595 2804
f 778 2631 2818
f 2616 2096 2723
f 2605 2021 2755
f 2117 2543 2751
f 2165 812 2746
f 2563 2167 2734
f 2609 2022 2738
f 2524 2082 2686
f 2598 774 2716
f 2523 2078 2623
f 2041 2546 2787
f 2177 2547 2720
f 671 2547 2745
f 2556 2185 2685
f 2685 2185 2795
f 2183 2549 2799
f 810 2549 2796
f 2589 2052 3562
f 2577 773 2791
f 2566 2155 2713
f 2547 671 2775
f 2549 2183 2796
f 2555 2046 2777
f 2528 2014 2675
f 2762 2017 2768
f 772 2037 2554
f 2037 2025 2554
f 2573 2177 2848
f 2547 2046 2720
f 619 2025 2556
f 2025 2037 2556
f 2097 2557 2728
f 2524 2018 2687
f 2750 672 3569
f 2574 818 3570
f 2184 2559 2726
f 2552 2046 2772
f 812 2156 2560
f 2544 2022 2782
f 2010 2157 2561
f 2780 747 2800
f 2602 2091 2638
f 778 2624 2819
f 2547 2177 2745
f 2573 2075 2810
f 2561 2097 2789
f 2557 809 2728
f 2533 2094 2740
f 2606 826 2757
f 2059 2163 2566
f 2163 811 2566
f 2546 2078 2787
f 2539 663 2642
f 812 2165 2568
f 2165 2059 2568
f 2668 1128 2779
f 2569 653 2749
f 1489 2516 2570
f 2516 803 2570
f 815 2515 2571
f 2515 2074 2571
f 772 2051 2572
f 2051 913 2572
f 824 2526 2573
f 2526 2075 2573
f 2549 2090 2805
f 818 2574 2806
f 2574 2090 2806
f 629 2602 2638
f 2555 2183 2847
f 2549 2080 2799
f 2586 2087 2798
f 2520 2041 2759
f 2564 2117 2801
f 2543 653 2751
f 2613 1533 2826
f 1533 1488 2579
f 777 1535 2580
f 1535 776 2580
f 2025 619 2581
f 619 2517 2581
f 817 1479 2582
f 1523 771 2822
f 2032 2525 2834
f 2525 2033 2583
f 913 2051 2584
f 2051 2033 2584
f 2520 2087 2770
f 2586 776 2843
f 661 1570 2586
f 1570 776 2586
f 803 2516 3435
f 1513 2587 3423
f 2085 2588 2719
f 2518 825 2707
f 2185 2589 2680
f 2556 2037 3563
f 913 1577 2590
f 1577 917 2590
f 2530 2085 2744
f 2588 2084 2719
f 2051 2519 2592
f 2519 912 2592
f 2534 2522 2708
f 2522 2052 2593
f 2184 2594 2778
f 2559 811 2726
f 2552 2184 2797
f 2594 2030 2778
f 917 1553 2596
f 1553 777 2596
f 2598 2082 2823
f 2082 747 2597
f 2028 2185 2598
f 2589 774 2680
f 2590 1569 2769
f 2640 661 3574
f 2541 2091 2625
f 2091 2090 2600
f 1488 1533 2601
f 780 2615 2831
f 629 2575 2602
f 2575 2090 2602
f 2604 2535 2813
f 2535 2026 2603
f 663 2539 2604
f 2631 2030 2792
f 823 2069 2605
f 2069 2021 2605
f 2094 2606 2757
f 2542 2021 2730
f 1094 2116 2607
f 2116 826 2607
f 2609 2116 2783
f 2116 813 2608
f 2167 2609 2738
f 2565 826 2737
f 2615 1568 2831
f 779 2610 2632
f 1133 2171 2611
f 2608 813 2825
f 823 2096 2612
f 2074 2612 3436
f 1568 2613 2634
f 1533 2613 2837
f 2026 2535 2614
f 2594 811 2811
f 780 2601 2615
f 2601 1533 2615
f 2076 2096 2616
f 825 2616 2723
f 809 2557 2617
f 2557 2026 2617
f 812 2171 2618
f 2171 1133 2618
f 2576 2084 2850
f 2526 824 2619
f 2165 809 2622
f 2163 2059 2620
f 1540 2621 2637
f 1566 662 2829
f 809 2620 2622
f 2620 2059 2622
f 2078 2546 2623
f 2546 779 2623
f 2613 2562 2820
f 2562 2091 2624
f 2091 2600 2625
f 2600 810 2625
f 2631 2539 2818
f 2539 2078 2626
f 976 2047 2627
f 2047 978 2629
f 974 976 2628
f 2834 974 2839
f 2032 2627 2844
f 2627 2047 2629
f 978 2098 2630
f 2098 990 2630
f 2624 2541 2819
f 2595 2030 2804
f 1568 2523 2632
f 2523 779 2632
f 1566 2633 2836
f 1566 1540 2633
f 778 2523 2634
f 2523 1568 2634
f 1575 1576 2635
f 1576 978 2635
f 1533 2579 2636
f 2579 629 2636
f 1530 780 2832
f 2610 1540 2833
f 2091 2562 2638
f 2562 629 2638
f 2033 2525 2639
f 2525 696 2639
f 1569 777 2640
f 777 1570 2640
f 977 2050 2641
f 2050 696 2641
f 663 2567 2642
f 2567 2078 2642
f 773 2550 2643
f 2550 2052 2643
f 945 2027 2644
f 2683 2644 2760
f 2645 2647 2732
f 2647 2020 2732
f 1118 2137 2646
f 2137 627 2646
f 2651 941 2677
f 2020 2647 2718
f 2162 2648 3439
f 748 2648 3421
f 2012 2138 2649
f 2138 655 2649
f 3445 627 3456
f 2170 1106 3451
f 2652 2035 2653
f 2653 2035 2743
f 705 2034 2652
f 2034 974 2652
f 2651 2653 2743
f 2651 705 2653
f 2134 2654 2712
f 2668 752 2669
f 753 2118 2655
f 2118 655 2655
f 755 2153 2656
f 2009 3446 3448
f 2657 2661 2762
f 2661 2017 2762
f 2706 2120 3438
f 2011 3430 3442
f 941 2647 2659
f 2647 2645 2790
f 1128 2164 2660
f 2164 2011 2660
f 749 2529 2661
f 2529 2017 2661
f 2009 2159 3449
f 2662 2009 3449
f 1121 2152 2663
f 654 3594 3601
f 749 2139 2664
f 2139 2016 2664
f 943 2024 2665
f 940 2683 2760
f 2694 2153 3458
f 2153 2015 2666
f 1106 2170 2667
f 2170 1121 2667
f 2134 2668 2669
f 2164 1128 2699
f 752 2654 2669
f 2654 2134 2669
f 673 2109 2670
f 2109 1094 2670
f 2126 2671 2742
f 2654 752 2733
f 2081 2545 2672
f 2545 774 2672
f 673 2070 2673
f 2070 2021 2673
f 813 2119 2674
f 2119 1118 2674
f 2014 2553 2675
f 2553 747 2675
f 2869 2072 3381
f 2072 823 2676
f 941 2659 2677
f 2659 2027 2677
f 752 2160 2678
f 2160 1133 2678
f 2074 2515 3428
f 2679 2074 3428
f 774 2598 2680
f 2598 2185 2680
f 748 2528 2681
f 2528 2157 2681
f 943 2665 2682
f 2665 2016 2682
f 940 2665 2683
f 2665 2024 2683
f 2662 2154 3443
f 3452 2684 3474
f 2548 2685 2795
f 2548 619 2685
f 2082 2545 2686
f 2545 2018 2686
f 2018 2557 2687
f 2557 2097 2687
f 619 2529 2688
f 2529 2020 2688
f 943 2682 2689
f 2682 655 2689
f 2015 2153 2690
f 2153 755 2690
f 2125 2166 2691
f 748 2691 3441
f 2081 2531 2692
f 2531 2018 2692
f 815 2527 2693
f 2527 2086 2693
f 2658 2011 3444
f 3446 2694 3448
f 2085 2530 2695
f 2530 815 2695
f 2657 2162 3450
f 2648 2012 3439
f 2691 2166 3441
f 3430 2697 3442
f 2134 2158 2698
f 2158 751 2698
f 1128 2668 2699
f 2668 2134 2699
f 813 2116 2700
f 2116 1094 2700
f 751 2158 2701
f 2158 1121 2701
f 2018 2531 2702
f 2531 2026 2702
f 2011 2164 2703
f 2164 751 2703
f 3428 2515 3440
f 2515 2086 2704
f 773 2577 2705
f 2577 2087 2705
f 754 2138 2706
f 2138 2012 2706
f 825 2588 2707
f 2588 2085 2707
f 2522 2593 2708
f 2593 772 2708
f 803 2527 2709
f 2527 1474 2709
f 2522 2534 2710
f 2599 661 3564
f 663 2531 2711
f 2531 2081 2711
f 1106 2158 2712
f 2158 2134 2712
f 2155 2551 2713
f 2551 2059 2713
f 655 2138 2714
f 2138 2015 2714
f 1106 2654 2715
f 2654 2126 2715
f 774 2545 2716
f 2545 2082 2716
f 1474 2527 2717
f 2527 815 2717
f 941 2517 2718
f 2517 2020 2718
f 2084 2591 2719
f 2591 2085 2719
f 2046 2555 2720
f 2555 2177 2720
f 655 2016 2721
f 2016 2139 2721
f 809 2165 2722
f 2165 2117 2722
f 2096 2542 2723
f 2542 825 2723
f 816 1507 2724
f 1507 1476 2724
f 2041 2567 2725
f 2567 2081 2725
f 811 2594 2726
f 2594 2184 2726
f 2035 2538 2727
f 2538 912 2727
f 809 2564 2728
f 2564 2097 2728
f 2094 2533 2729
f 2533 825 2729
f 2021 2606 2730
f 2606 2094 2730
f 672 1507 2731
f 1507 1474 2731
f 2529 749 2736
f 749 2645 2732
f 752 2671 2733
f 2671 2126 2733
f 2167 2544 2734
f 2544 671 2734
f 2010 2569 2735
f 2569 2125 2735
f 749 2732 2736
f 2732 2020 2736
f 826 2609 2737
f 2609 2167 2737
f 2022 2544 2738
f 2544 2167 2738
f 2059 2551 2739
f 2551 2156 2739
f 2094 2565 2740
f 2565 2075 2740
f 2080 2536 2741
f 2536 2084 2741
f 1118 2646 2742
f 2646 2126 2742
f 2035 941 2743
f 941 2651 2743
f 2085 2591 2744
f 2591 672 2744
f 2177 2563 2745
f 2563 671 2745
f 812 2543 2746
f 2543 2117 2746
f 974 2538 2747
f 2538 2035 2747
f 2016 2665 2748
f 2665 940 2748
f 2166 2125 2754
f 2125 2569 2749
f 1476 1507 2750
f 1507 672 2750
f 653 2578 2751
f 2578 2117 2751
f 816 1501 2752
f 1501 1474 2752
f 2648 2162 3421
f 2657 2014 3429
f 2125 2749 2754
f 2749 1128 2754
f 2021 2542 2755
f 2542 2096 2755
f 2075 2565 2756
f 2565 2167 2756
f 826 2565 2757
f 2565 2094 2757
f 2025 2521 2758
f 2521 912 2758
f 773 2705 2759
f 2705 2520 2759
f 2659 940 2761
f 2644 2027 2760
f 940 2760 2761
f 2760 2027 2761
f 2014 2762 2768
f 2014 2657 2762
f 773 2041 2763
f 2550 773 3581
f 1133 2160 2764
f 2160 653 2764
f 912 2538 2765
f 2538 2033 2765
f 2017 2529 2766
f 2529 619 2766
f 2086 2527 2767
f 2527 803 2767
f 2017 2553 2768
f 2553 2014 2768
f 1569 2599 2769
f 2599 913 2769
f 2087 2585 2770
f 2585 779 2770
f 2082 2524 2812
f 2524 2097 2771
f 2046 2559 2772
f 2559 2184 2772
f 1475 1501 2773
f 1501 816 2773
f 1128 2749 2774
f 2749 653 2774
f 671 2551 2775
f 2551 2155 2775
f 671 2544 2776
f 2544 2156 2776
f 2046 2552 2777
f 2552 2183 2777
f 2030 2595 2778
f 2595 2184 2778
f 1128 2774 2779
f 2774 2160 2779
f 2157 2780 2800
f 2157 2528 2780
f 2017 2548 2781
f 2548 2028 2781
f 2022 2560 2782
f 2560 2156 2782
f 2116 2608 2783
f 2608 2022 2783
f 1577 913 2784
f 2532 1577 2784
f 1118 2671 2785
f 2671 2142 2785
f 2051 772 2786
f 2519 2051 2786
f 2078 2567 2787
f 2567 2041 2787
f 752 2678 2788
f 2678 2142 2788
f 2097 2564 2789
f 2564 2010 2789
f 940 2659 2790
f 2659 2647 2790
f 773 2643 2791
f 2643 2522 2791
f 2030 2604 2792
f 2604 2539 2792
f 803 1501 2793
f 1501 1475 2793
f 2160 752 2794
f 752 2668 2794
f 2185 2028 2795
f 2028 2548 2795
f 2183 2552 2796
f 2552 810 2796
f 2184 2595 2797
f 2595 810 2797
f 2087 2577 2798
f 2577 661 2798
f 2080 2576 2799
f 2576 2183 2799
f 747 2561 2800
f 2561 2157 2800
f 2117 2578 2801
f 2578 2010 2801
f 1577 2532 2802
f 2532 696 2802
f 1479 1515 2803
f 1515 1476 3578
f 2030 2631 2804
f 2631 2541 2804
f 2090 2574 2805
f 2574 2080 2805
f 2090 2575 2806
f 2575 818 2806
f 816 1527 2807
f 1527 1478 2807
f 2046 2547 2808
f 2547 2155 2808
f 2030 2594 2809
f 2594 2535 2809
f 2075 2563 2810
f 2563 2177 2810
f 811 2614 2811
f 2614 2535 2811
f 2524 2771 2812
f 2771 747 2812
f 2535 2603 2813
f 2603 663 2813
f 917 1577 2814
f 1577 915 2814
f 771 1523 2815
f 1523 1488 2815
f 662 1566 2816
f 1566 776 2816
f 629 1523 2817
f 1523 1479 2817
f 2539 2626 2818
f 2626 778 2818
f 2541 2631 2819
f 2631 778 2819
f 2562 2624 2820
f 2624 778 2820
f 1475 1506 2821
f 1506 1478 3561
f 771 2582 2822
f 2582 1479 2822
f 2082 2597 2823
f 2597 2028 2823
f 810 2595 2824
f 2595 2541 2824
f 813 2611 2825
f 2611 2171 2825
f 1533 2636 2826
f 2636 2562 2826
f 696 2525 2827
f 2525 2032 2827
f 1493 1542 2828
f 1542 769 2828
f 662 2621 2829
f 2621 1540 2829
f 769 1537 2830
f 1537 1488 2830
f 1568 2610 2831
f 2610 780 2831
f 780 2637 2832
f 2637 1493 2832
f 1540 2637 2833
f 2637 780 2833
f 2525 2583 2834
f 2583 974 2834
f 781 1542 2835
f 1542 1493 2835
f 779 2585 2836
f 2585 1566 2836
f 1568 2615 2837
f 2615 1533 2837
f 916 639 2838
f 639 1564 2838
f 974 2628 2839
f 2628 2032 2839
f 781 1538 2840
f 1538 1497 2840
f 662 1739 2841
f 1739 1497 2841
f 1575 639 2842
f 1576 1575 2842
f 776 2585 2843
f 2585 2087 2843
f 2627 2629 2844
f 2629 977 2844
f 771 1537 2845
f 1537 769 3565
f 1478 1527 2846
f 1527 817 2846
f 2183 2576 2847
f 2576 824 2847
f 2177 2555 2848
f 2555 824 2848
f 817 1527 2849
f 1527 1476 2849
f 2084 2619 2850
f 2619 824 2850
f 2526 2588 2851
f 2588 825 2851
f 2985 1174 4014
f 1345 1238 4075
f 1159 2853 4025
f 2403 1140 3661
f 3637 758 3642
f 1352 1163 3630
f 1127 2855 2868
f 1202 2855 3534
f 1300 1187 2964
f 2150 2856 3513
f 1313 1197 3525
f 3490 2857 3609
f 651 2149 3612
f 1132 3384 3497
f 2067 3075 3457
f 793 2859 3084
f 3279 1296 4032
f 2918 1139 3284
f 2072 2861 3390
f 3077 795 3586
f 2864 1233 3416
f 744 2862 2992
f 1252 2863 3363
f 2862 744 3414
f 2003 2864 3376
f 2003 651 2864
f 2937 1192 4179
f 1135 2939 4199
f 765 3387 3602
f 3496 1197 3500
f 2870 1252 3404
f 2863 847 3363
f 1260 2868 2959
f 1127 2868 3539
f 2072 2869 3406
f 2002 2869 3381
f 3066 2168 3400
f 2168 745 2870
f 3092 2007 3368
f 2859 793 3058
f 2587 803 3435
f 2516 1473 2872
f 805 2872 2873
f 2872 1473 2873
f 3025 1291 3365
f 1103 3386 3505
f 743 626 2875
f 2019 2875 3407
f 1367 2876 3088
f 2877 850 3246
f 848 2278 2877
f 2278 850 2877
f 636 1404 2878
f 1404 848 2878
f 2867 2277 3412
f 2277 844 2879
f 631 1928 2880
f 1928 882 2880
f 925 2173 2881
f 2173 650 2881
f 650 2169 2882
f 2169 739 2882
f 681 997 2883
f 997 845 2883
f 636 1368 2884
f 1368 998 2884
f 997 2282 2885
f 2282 1000 2885
f 999 1404 2886
f 1404 998 2886
f 699 927 2887
f 927 925 2887
f 863 1369 2888
f 1369 1007 3128
f 1008 1408 2889
f 1408 998 2889
f 1095 2001 2890
f 822 2890 3393
f 2108 2891 3316
f 2893 668 3313
f 1322 2892 4234
f 1338 2892 4245
f 2893 3313 4274
f 3313 2108 4274
f 2112 2894 3409
f 3046 1357 3359
f 2113 2895 3240
f 2912 794 3321
f 2104 2896 3282
f 3045 797 3266
f 2112 2897 3413
f 2894 794 3409
f 2100 2898 3315
f 2891 668 3267
f 1353 1152 4056
f 1129 2899 3288
f 4151 1271 4155
f 2382 1275 3948
f 3985 867 4157
f 3990 2901 4004
f 2902 3893 4085
f 856 3894 4081
f 2906 1164 3997
f 1210 1179 2903
f 2904 1122 4175
f 866 2904 4060
f 3382 2103 3475
f 2001 2905 3469
f 2942 857 3964
f 1164 2906 3986
f 3507 2136 3511
f 2136 1228 2907
f 1345 2908 4067
f 1152 2908 4065
f 2909 3918 4113
f 856 3914 4076
f 746 1249 2910
f 1249 1179 2910
f 1300 3533 3546
f 2911 1163 3533
f 2008 2912 3535
f 2008 794 2912
f 2913 3895 4078
f 856 3917 4086
f 1219 2914 3385
f 791 2914 2915
f 2915 2914 3548
f 791 3025 3365
f 885 2325 2916
f 2325 1405 2916
f 2917 2000 3495
f 2129 822 2917
f 1296 2918 3284
f 2914 791 3271
f 1240 2919 3411
f 1240 1238 2919
f 2920 2276 4222
f 2325 885 4229
f 1221 2921 4122
f 1123 3949 4139
f 746 1300 2922
f 3533 1163 3546
f 3292 1181 4074
f 868 4048 4059
f 746 1306 2924
f 1306 1233 2924
f 2901 1303 3981
f 4013 2925 4015
f 2905 2141 3471
f 1424 2926 3470
f 1241 2927 3291
f 2923 2927 4195
f 1230 1221 4111
f 2943 1126 3952
f 2399 1165 3923
f 2928 1126 3951
f 1335 1232 3537
f 666 3507 3511
f 2906 1309 3986
f 3968 2931 4144
f 1140 2853 4159
f 2932 1140 4159
f 1285 2933 2952
f 3696 1075 3891
f 1132 2151 3606
f 765 2934 3593
f 1270 2935 3685
f 2401 758 3680
f 869 1194 2936
f 1194 680 2936
f 1139 1338 2937
f 4201 1192 4281
f 2938 1229 4197
f 1116 2938 3311
f 1274 2865 4172
f 2865 1192 2939
f 2378 1283 3682
f 2974 1099 3812
f 4222 2276 4246
f 2276 1148 2941
f 2921 857 4122
f 3944 1126 3957
f 857 2942 2943
f 2942 1126 2943
f 2868 1260 3539
f 1260 1197 2944
f 2392 854 3921
f 1175 2945 3946
f 1219 1349 3646
f 2946 1219 3646
f 1082 1190 2947
f 1190 691 2947
f 1145 1253 3304
f 1253 898 4191
f 3105 2298 4304
f 2298 1405 2949
f 846 1320 2950
f 1320 1179 2950
f 651 1339 2951
f 1339 1233 2951
f 1183 851 2952
f 851 1285 2952
f 1187 1339 2953
f 1339 651 2953
f 2955 2008 3502
f 2912 1184 3535
f 2926 2102 3480
f 2008 2955 3504
f 1152 1353 2956
f 1340 2956 4071
f 1260 2150 2957
f 2150 765 2957
f 1228 2132 2958
f 2132 821 2958
f 766 2150 2959
f 2150 1260 2959
f 2324 897 2980
f 2338 1148 2960
f 746 1339 2961
f 1339 1187 2961
f 1116 1327 2962
f 1327 1107 4073
f 2963 2324 4224
f 4258 884 4338
f 1187 2856 2964
f 2856 766 2964
f 849 2277 2965
f 2867 847 3408
f 1144 1190 2966
f 1217 895 4171
f 1131 4238 4241
f 850 2967 3234
f 691 1190 2968
f 1190 1144 2968
f 3718 2397 3823
f 2969 1180 3816
f 850 2278 2970
f 2283 849 3327
f 2105 2971 3318
f 3048 1360 3320
f 3038 1108 3916
f 2913 1182 4088
f 3023 1301 3853
f 3883 2973 4184
f 3622 2391 3807
f 3795 1099 3808
f 3883 1212 4094
f 3841 1212 3882
f 759 3616 3818
f 2378 1105 3691
f 1110 1231 2977
f 1231 853 2977
f 853 1231 2978
f 1231 1112 2978
f 2904 1287 4060
f 4060 1287 4180
f 897 2960 2980
f 2960 1148 2980
f 2280 2981 3339
f 3103 2276 4231
f 883 2108 2982
f 2891 1360 3316
f 657 1214 2983
f 1214 1105 2983
f 3908 1175 3925
f 3903 856 3910
f 2985 4005 4027
f 4005 1337 4027
f 2940 1224 3706
f 3706 3658 4099
f 1109 1247 2987
f 1247 1112 2987
f 1290 3717 4421
f 1089 3689 3779
f 744 1306 2989
f 1306 1179 2989
f 4401 4408 4420
f 1110 1254 2990
f 1254 1109 2990
f 2852 2991 4046
f 2997 846 4038
f 1233 1306 2992
f 1306 744 2992
f 3521 1086 3643
f 3399 1087 3698
f 1115 2115 2994
f 2115 1338 2994
f 2984 1302 4098
f 1302 1108 2995
f 657 1270 2996
f 2935 1137 3685
f 1240 1320 2997
f 1320 846 2997
f 744 1320 2998
f 1320 1240 2998
f 3948 1275 4119
f 2999 792 4117
f 2860 4033 4043
f 3000 1296 4033
f 1310 3001 3670
f 3618 3001 3623
f 3018 1310 3667
f 3001 1207 3670
f 3618 792 4107
f 3906 1077 4096
f 3915 1081 3928
f 3021 1207 3654
f 3700 2388 3861
f 1301 3005 3867
f 3983 1351 4188
f 3006 1129 4020
f 682 1265 3959
f 1265 1109 3007
f 2392 2343 4108
f 4118 854 4123
f 3662 1205 3664
f 790 3009 3649
f 3623 1310 3965
f 3018 1271 3631
f 2380 3011 3297
f 2853 3011 4025
f 3684 2379 3728
f 3683 656 3746
f 2399 760 3912
f 3922 1165 4112
f 853 1288 3014
f 1241 3014 4203
f 3022 2377 3722
f 656 3015 3743
f 3015 2377 3743
f 1097 3846 4089
f 2121 3486 3506
f 3386 3017 3505
f 1093 2403 4000
f 3018 1093 4000
f 3004 1262 3915
f 3690 1186 4100
f 3726 1206 3785
f 2410 1074 3712
f 3009 1216 3649
f 3649 1216 3656
f 3651 2394 3738
f 2377 3022 3850
f 3850 2394 3852
f 3736 1256 3855
f 3510 1291 3560
f 3025 1222 3556
f 791 2915 3025
f 2915 1222 3025
f 4104 2343 4105
f 2343 1078 3026
f 3008 1254 4138
f 3972 3027 4141
f 2973 1301 3876
f 3867 852 3902
f 1160 1250 3029
f 1250 1078 3029
f 3033 1195 3719
f 1225 1292 4143
f 1292 881 3935
f 1134 1101 3032
f 3031 1275 4126
f 3671 1289 3724
f 3687 1195 3748
f 3970 1092 4162
f 4133 1225 4142
f 3731 1315 3739
f 1089 3740 3786
f 3032 2382 4161
f 3973 1159 4160
f 3037 1250 3933
f 3890 852 3892
f 1160 1108 3038
f 1269 1160 3038
f 2071 667 3254
f 3368 2007 3401
f 2073 3040 3351
f 2073 1364 3040
f 2114 3041 3366
f 3039 667 3352
f 1999 3042 3360
f 3552 3042 3555
f 764 2149 3515
f 3043 764 3515
f 2105 3044 3317
f 2971 797 3318
f 2068 3045 3353
f 3044 797 3281
f 3076 2114 3417
f 3041 1357 3366
f 741 2133 3047
f 2133 1150 3047
f 2110 3048 3336
f 2110 1360 3048
f 3049 2128 3482
f 2133 755 3049
f 3050 1167 3494
f 627 3050 3380
f 742 2146 3051
f 2146 1366 3051
f 3052 2130 3481
f 2127 1150 3052
f 745 2168 3053
f 2168 742 3053
f 673 2101 3054
f 2101 1080 3054
f 849 2283 3055
f 2283 844 3055
f 1150 2128 3473
f 654 3452 3474
f 823 2072 3057
f 2861 1095 3390
f 793 2871 3058
f 2871 2066 3058
f 2926 2141 3470
f 795 3059 3455
f 1366 2146 3060
f 2146 741 3060
f 764 2130 3483
f 3061 764 3483
f 1366 2149 3062
f 2149 651 3062
f 3061 2151 3477
f 3384 3063 3497
f 2148 3064 3518
f 3389 3064 3519
f 1080 2101 3583
f 3065 1080 3583
f 739 2168 3066
f 652 3066 3400
f 739 2169 3067
f 2169 742 3067
f 3046 2112 3395
f 2897 1424 3413
f 820 2109 3069
f 2109 1080 3069
f 738 739 3070
f 739 740 3070
f 2148 3071 3595
f 3083 1124 3590
f 673 2069 3072
f 2069 1095 3072
f 3073 2861 3453
f 2905 2001 3462
f 1130 3064 3074
f 3064 2006 3074
f 3084 2859 3460
f 2859 1117 3075
f 1117 2859 3076
f 2859 2066 3076
f 3075 2083 3457
f 3059 795 3461
f 849 1237 3078
f 1237 1194 3078
f 2013 2169 3079
f 2169 650 3079
f 2013 2140 3080
f 2140 741 3080
f 2013 2146 3081
f 2146 742 3081
f 2019 2133 3082
f 2133 741 3082
f 2934 1132 3606
f 3061 1124 3597
f 2067 2107 3084
f 2107 793 3084
f 1237 1347 3085
f 1347 680 3085
f 862 2317 3086
f 2317 1359 3086
f 636 2315 3087
f 2315 1359 3087
f 861 2315 3088
f 2315 1367 3088
f 2293 4291 4310
f 690 3089 4302
f 3089 2300 4302
f 2300 1411 3090
f 3151 2321 4290
f 4307 3091 4311
f 2871 3092 3368
f 2871 805 3092
f 3098 2308 3222
f 3137 904 3232
f 889 2326 3094
f 3206 690 4340
f 2982 2110 3335
f 2110 1411 3095
f 2364 2294 4305
f 1402 4307 4311
f 684 1369 3097
f 1369 863 3097
f 2345 2296 3214
f 876 3098 3218
f 2317 2332 3099
f 2332 863 3099
f 631 1419 3100
f 2095 798 3169
f 1411 2110 3101
f 3048 796 3336
f 3098 2296 3218
f 3165 2111 4314
f 3103 2280 4249
f 2963 2276 3103
f 997 2885 3104
f 2885 699 3104
f 3095 2300 4303
f 4291 1403 4293
f 1367 2315 3106
f 2315 636 3106
f 859 2322 3107
f 2322 1415 3107
f 796 2105 3108
f 3044 1364 3317
f 845 997 3109
f 924 845 3109
f 1149 2324 3110
f 2324 884 3110
f 844 845 3111
f 845 740 3111
f 1365 2073 3112
f 3040 667 3351
f 3113 2289 4265
f 2323 884 3113
f 1151 2357 3114
f 2357 891 3114
f 798 2073 3115
f 2073 1365 3115
f 2299 3116 4335
f 3278 686 4326
f 681 2283 3117
f 2283 2278 3117
f 2077 3118 3186
f 2077 806 3118
f 906 896 3119
f 2290 906 3119
f 1365 2093 3120
f 2093 806 3120
f 998 1408 3121
f 1408 717 3121
f 1149 2323 3122
f 2323 896 3122
f 1823 1822 4347
f 1912 878 4351
f 2271 3124 3227
f 2271 1414 3124
f 1422 2331 4358
f 3125 1422 4358
f 1414 2328 3126
f 2328 684 3126
f 684 2328 3127
f 2328 1003 3127
f 1008 2888 3128
f 2888 1369 3128
f 885 2298 3129
f 2298 1403 3129
f 798 2095 3130
f 2095 1364 3130
f 2273 2351 3245
f 2350 3131 4269
f 2271 2335 3132
f 2335 858 3132
f 1414 3132 3133
f 3132 858 3133
f 906 2362 3134
f 2362 2307 3134
f 889 2106 3135
f 2106 882 3135
f 1008 3128 3136
f 3128 1007 3136
f 2308 3137 3232
f 3123 878 4345
f 2306 3345 4350
f 2358 893 4374
f 1002 1412 3139
f 1412 858 3139
f 2307 2362 3140
f 2362 907 3140
f 2312 3141 3192
f 3142 893 3219
f 894 1426 4317
f 893 3329 4344
f 621 2284 3143
f 1425 3143 4385
f 3150 1426 3348
f 1426 894 3144
f 4206 866 4218
f 1120 3145 4209
f 3190 4322 4353
f 2362 2310 3342
f 1415 2322 3147
f 2322 684 3147
f 3293 2274 4327
f 2274 1363 4313
f 899 2360 3149
f 2360 1358 3149
f 3329 1426 4364
f 834 3150 3348
f 4284 2311 4288
f 4286 1416 4301
f 621 2304 3152
f 2304 858 3152
f 3143 2284 4385
f 2335 860 3194
f 1411 2301 3154
f 2301 882 3154
f 3345 3155 4350
f 675 3155 3345
f 882 2301 3156
f 2301 1419 3156
f 1419 2301 3157
f 2301 796 3157
f 1430 3158 3212
f 3143 1425 4389
f 864 2309 3159
f 1363 3159 4252
f 1362 2289 3160
f 3113 884 4255
f 3178 2289 4343
f 2293 3161 4270
f 865 2348 3162
f 2348 864 3162
f 891 2357 3163
f 2357 1358 3163
f 2307 2356 3164
f 2356 692 3164
f 4294 886 4324
f 2353 2111 3165
f 862 2340 3166
f 2340 2337 4285
f 621 1430 3167
f 1464 1025 4386
f 1141 2291 3168
f 2291 865 3168
f 798 3100 3169
f 3100 1419 3169
f 3153 2346 4362
f 2346 829 3170
f 4291 2293 4300
f 2293 1362 3171
f 3190 2314 4322
f 894 3172 4319
f 3150 1435 3344
f 3175 830 4357
f 865 2299 3174
f 3116 1401 4335
f 4352 833 4375
f 1462 830 3175
f 634 1441 3208
f 4352 3176 4360
f 1051 1413 3177
f 1413 1025 3177
f 886 2345 4371
f 1422 3178 4359
f 692 2313 3251
f 2313 1416 3179
f 1365 2071 3180
f 2071 807 3180
f 1416 2358 3181
f 2358 890 3181
f 637 3182 3221
f 2331 1422 3182
f 1402 2321 3183
f 2321 890 3183
f 3199 2318 4396
f 2318 890 3184
f 631 2079 3185
f 2079 785 3185
f 785 2079 3186
f 2079 2077 3186
f 2077 2079 3187
f 2079 798 3187
f 725 1464 3188
f 1464 1024 3188
f 858 2335 3189
f 2335 2284 3189
f 4322 907 4353
f 694 3190 4330
f 893 2358 3191
f 2358 1416 3191
f 692 2356 3192
f 2356 2312 3192
f 1024 1458 3193
f 1458 1026 3193
f 860 3153 3194
f 3153 2284 3194
f 1402 2318 3195
f 3199 860 4378
f 888 2326 3196
f 2326 889 3196
f 860 2335 3197
f 2335 2271 3197
f 3190 3146 4330
f 4330 3146 4349
f 1427 2346 3199
f 3153 860 4363
f 3102 3200 4370
f 888 3200 4354
f 1025 3167 3201
f 3167 1430 3201
f 4291 3089 4310
f 3089 690 3202
f 631 1927 3203
f 1927 1918 3203
f 882 1928 3204
f 1928 874 3204
f 1456 1455 4388
f 1455 830 3205
f 2111 2353 3206
f 3202 690 4315
f 677 1462 3207
f 1462 833 4377
f 1441 3176 3208
f 3176 834 3208
f 1455 1456 4395
f 1456 1024 3209
f 2356 3140 3210
f 3140 907 3210
f 830 1455 3211
f 1455 831 4332
f 3209 1437 4393
f 1437 1430 3212
f 3200 3102 4354
f 3102 2111 3213
f 2296 3098 3214
f 3098 637 3214
f 835 1026 3215
f 1448 835 3215
f 1918 1922 3216
f 1922 874 3216
f 829 2346 3217
f 2346 1427 3217
f 2296 3102 3218
f 3200 876 4370
f 893 3141 3219
f 3141 2312 3219
f 3172 2314 4319
f 3190 694 4373
f 3178 886 4371
f 2345 637 3221
f 2308 3093 3222
f 3093 637 3222
f 876 3123 3223
f 3123 2308 3223
f 1913 1925 3224
f 1925 889 3224
f 901 634 3225
f 1446 901 3225
f 725 1418 3226
f 1418 1025 3226
f 3096 2316 4318
f 2316 2271 3227
f 725 1470 3228
f 1470 1053 3228
f 725 1452 3229
f 1452 1027 3229
f 1002 1413 3230
f 1413 1051 3230
f 1051 1418 3231
f 1418 1053 3231
f 904 3093 3232
f 3093 2308 3232
f 1932 2320 3233
f 2320 904 3233
f 1336 2876 3234
f 2876 850 3234
f 897 2324 3235
f 2324 1149 3235
f 1363 2305 3236
f 2305 1361 3340
f 3237 2904 4217
f 1122 3237 4068
f 1144 1246 3238
f 4012 880 4036
f 1192 2865 3239
f 4028 1104 4169
f 2115 1115 3242
f 1115 2113 3240
f 1336 2334 3241
f 2334 861 3241
f 1115 3240 3242
f 3240 1380 3242
f 2334 2275 4267
f 2347 2337 4260
f 2349 905 3249
f 2350 1361 3244
f 2351 3131 3245
f 3131 905 3245
f 850 2876 3246
f 2876 1367 3246
f 848 2877 3247
f 2877 1367 3247
f 4238 2352 4241
f 2352 1328 3248
f 905 3244 3249
f 3244 1361 3249
f 1115 2994 3250
f 2994 1139 3250
f 2313 3179 3251
f 3179 892 3251
f 1003 2336 3252
f 2336 1412 3252
f 807 2089 3253
f 2089 1502 3253
f 667 3039 3254
f 3039 2007 3254
f 805 2871 3255
f 2871 793 3255
f 1502 2089 3256
f 2089 805 3256
f 2007 2089 3257
f 2089 807 3257
f 1511 1713 3258
f 1713 807 3258
f 1005 1396 3259
f 1396 1003 3259
f 794 2008 3260
f 2955 2102 3504
f 1184 1261 3613
f 2918 791 3608
f 1274 3262 4019
f 4012 3262 4031
f 1251 3263 3346
f 1251 693 3263
f 1338 2115 3264
f 2898 668 3418
f 2104 2895 3265
f 2895 794 3265
f 797 2896 3266
f 2896 2104 3266
f 668 2898 3267
f 2898 2100 3267
f 1359 3099 3268
f 3099 863 3268
f 891 2349 3269
f 2349 1361 3269
f 1360 2891 3270
f 2891 2100 3270
f 791 2918 3271
f 2918 1296 3271
f 904 2342 3272
f 2342 2290 3272
f 4071 1353 4210
f 4048 3273 4059
f 683 1295 4146
f 1110 3972 4141
f 691 1277 4054
f 4041 3275 4045
f 4272 668 4275
f 2892 3276 4234
f 4211 1151 4227
f 2979 635 4061
f 1363 3148 4313
f 3148 2311 4284
f 1140 2914 3279
f 2914 1296 3279
f 2100 2896 3280
f 2896 797 3280
f 797 3045 3281
f 3045 2068 3281
f 1380 2895 3282
f 2895 2104 3282
f 1115 1261 3283
f 1261 1184 3283
f 1139 2860 3284
f 4033 1296 4043
f 1135 1229 3285
f 4041 880 4042
f 3286 1337 4168
f 4056 1152 4192
f 1328 2352 4276
f 3287 1328 4276
f 1191 1129 3288
f 1346 1191 3288
f 685 2341 3289
f 1259 3289 4223
f 4223 2341 4278
f 2275 4230 4239
f 868 1248 3291
f 1248 1241 3291
f 3237 1259 4068
f 4068 1259 4216
f 865 3162 3293
f 3162 2274 3293
f 1241 1248 3294
f 1248 853 3294
f 3145 1282 4209
f 1282 1151 3295
f 899 3149 3296
f 3149 2357 3296
f 3297 3011 4022
f 2380 3297 4007
f 3298 4028 4174
f 3262 1223 4019
f 864 2330 3299
f 2330 1120 3299
f 1157 1122 3300
f 1241 1157 3300
f 693 1251 3301
f 1251 1149 3301
f 2317 1415 3302
f 2332 2317 3302
f 1358 2360 3303
f 2360 693 3303
f 1253 2948 3304
f 2960 897 4198
f 886 3161 3305
f 3161 2293 3305
f 899 1189 3306
f 1189 1145 3306
f 891 2309 3307
f 3299 1120 4232
f 3980 1134 4153
f 3297 1223 4007
f 685 2347 3309
f 4260 2275 4263
f 1405 2325 3310
f 2325 1327 4226
f 3276 2288 4219
f 2288 1116 3311
f 1191 1337 4021
f 2985 867 4005
f 668 2891 3313
f 2891 2108 3313
f 4030 1152 4058
f 3319 1174 4035
f 1380 2896 3315
f 2896 2100 3315
f 1360 2982 3316
f 2982 2108 3316
f 1364 3108 3317
f 3108 2105 3317
f 797 3044 3318
f 3044 2105 3318
f 1240 2852 4062
f 2991 1174 4046
f 1360 2971 3320
f 2971 2105 3320
f 794 2895 3321
f 2895 2113 3321
f 1238 1345 3322
f 2908 1340 4280
f 4053 635 4204
f 1287 1157 4202
f 1336 2967 3324
f 2352 3324 4277
f 3159 2309 4252
f 2309 891 3325
f 1194 2967 3326
f 2967 850 3326
f 849 2970 3327
f 2970 2278 3327
f 905 2361 4253
f 2361 693 3328
f 893 3142 3329
f 3142 894 4317
f 3145 2330 4206
f 4235 3330 4244
f 1446 3220 4366
f 3220 2314 3331
f 1426 3150 3332
f 3344 675 4376
f 896 2273 3333
f 2273 2344 3333
f 3329 3138 4344
f 2306 3334 4368
f 2110 3095 3335
f 3095 883 3335
f 796 3101 3336
f 3101 2110 3336
f 904 3146 3337
f 3146 2310 3337
f 796 3108 3338
f 3108 2095 3338
f 885 2333 3339
f 2333 2280 3339
f 892 3236 3340
f 3236 2305 3340
f 3182 637 4356
f 637 3093 3341
f 2310 3146 3342
f 3146 907 3342
f 834 3176 3343
f 3176 1435 3343
f 1435 3173 3344
f 3173 675 3344
f 3334 3138 4368
f 3138 675 3345
f 1145 897 3346
f 897 1251 3346
f 905 2349 3347
f 2349 1358 3347
f 1426 3144 3348
f 3144 834 3348
f 975 944 3349
f 944 2042 3349
f 1000 2279 3350
f 2279 1001 3350
f 667 3112 3351
f 3112 2073 3351
f 667 3041 3352
f 3041 2114 3352
f 1357 3041 3353
f 3041 2068 3353
f 1364 3044 3354
f 3044 2068 3354
f 1147 1243 3355
f 3009 790 3663
f 819 1312 3356
f 1312 1147 3356
f 822 2103 3357
f 3489 2000 3596
f 2955 3358 3582
f 3502 1103 3584
f 1357 2894 3359
f 2894 2112 3359
f 821 1085 3360
f 1085 1999 3360
f 2019 2122 3361
f 2122 755 3361
f 627 2005 3362
f 2005 1999 3464
f 847 2867 3363
f 2867 1252 3363
f 1202 2911 3364
f 2911 766 3364
f 1291 2874 3365
f 3261 791 3554
f 1357 3046 3366
f 3046 2114 3366
f 1357 3353 3367
f 3353 3045 3367
f 2066 3368 3401
f 2066 2871 3368
f 2068 3041 3369
f 3041 667 3369
f 3483 2130 3487
f 3594 3370 3601
f 3002 1216 3668
f 1216 1205 3371
f 745 2862 3372
f 2862 1252 3372
f 3021 1321 3652
f 1321 1185 3373
f 3603 658 3607
f 819 3374 3545
f 2002 2679 3375
f 2679 632 3375
f 745 3053 3376
f 3053 2003 3376
f 658 3374 3377
f 3374 819 3377
f 2066 3039 3378
f 3039 2114 3378
f 1357 3367 3379
f 3367 2104 3379
f 3380 3532 3585
f 3532 2131 3585
f 2072 2676 3381
f 2676 2002 3381
f 3358 2121 3478
f 2103 3382 3489
f 1121 2170 3383
f 2170 750 3383
f 1132 2858 3384
f 2858 651 3612
f 1140 2403 3385
f 2403 1219 3385
f 1103 2874 3386
f 2874 1291 3386
f 3083 2148 3591
f 3064 1130 3518
f 2013 743 3388
f 2140 2013 3388
f 3519 750 3538
f 3380 2006 3532
f 1095 3057 3390
f 3057 2072 3390
f 1243 3391 3688
f 1243 1147 3391
f 1298 1166 3634
f 1166 1147 3392
f 2905 2103 3469
f 3469 2103 3499
f 821 2004 3488
f 2004 761 3394
f 2112 3068 3395
f 3068 1117 3395
f 1218 1281 3396
f 1281 819 3396
f 2002 2107 3397
f 2107 2067 3397
f 632 2088 3398
f 2088 793 3398
f 3009 1243 3662
f 3391 1087 3688
f 2168 2870 3400
f 2870 652 3400
f 2007 3039 3401
f 3039 2066 3401
f 1185 1321 3402
f 1321 1081 3402
f 823 2612 3403
f 2612 2074 3403
f 1252 2867 3404
f 2867 652 3404
f 1309 2906 3405
f 3979 628 4001
f 795 2861 3406
f 2861 2072 3406
f 626 2122 3407
f 2122 2019 3407
f 847 2965 3408
f 2965 2277 3408
f 794 2897 3409
f 2897 2112 3409
f 1117 3068 3410
f 3068 2083 3410
f 847 2863 3411
f 2863 1240 3411
f 2277 2879 3412
f 2879 652 3412
f 1424 3068 3413
f 3068 2112 3413
f 744 2863 3414
f 2863 1252 3414
f 1424 3059 3415
f 3059 2083 3415
f 1233 2862 3416
f 2862 745 3416
f 2114 3046 3417
f 3046 1117 3417
f 668 3264 3418
f 3264 2115 3418
f 1380 3315 3419
f 3315 2898 3419
f 1066 1068 3420
f 1370 1066 3420
f 2162 2753 3421
f 2753 748 3421
f 815 2571 3422
f 2571 2076 3422
f 2516 2872 3423
f 2872 1513 3423
f 2084 2536 3424
f 2591 2084 3424
f 1475 1508 3425
f 1508 1489 3425
f 804 1686 3426
f 1686 1489 3426
f 1513 2704 3427
f 2704 2086 3427
f 632 3428 3440
f 632 2679 3428
f 2014 2753 3429
f 2753 2162 3429
f 2011 2658 3430
f 2658 2120 3430
f 2074 2002 3431
f 2002 2676 3431
f 748 2697 3432
f 2697 2120 3432
f 2012 2648 3433
f 2648 2120 3433
f 1513 2088 3434
f 2088 632 3434
f 2516 3423 3435
f 3423 2587 3435
f 2096 2076 3436
f 2612 2096 3436
f 2159 2694 3437
f 2694 754 3437
f 2120 2658 3438
f 2658 754 3438
f 2012 2696 3439
f 2696 2162 3439
f 2515 2704 3440
f 2704 632 3440
f 2166 2697 3441
f 2697 748 3441
f 2166 2011 3442
f 2697 2166 3442
f 2154 2684 3443
f 2684 2009 3443
f 2159 3437 3444
f 3437 2658 3444
f 2126 2646 3445
f 2646 627 3445
f 2009 2656 3446
f 2656 2153 3446
f 2001 1095 3447
f 1095 2861 3447
f 2159 2009 3448
f 2694 2159 3448
f 2159 751 3449
f 751 2662 3449
f 2162 2696 3450
f 2696 749 3450
f 1106 2650 3451
f 2650 2131 3451
f 654 3056 3452
f 3056 1150 3473
f 3059 2141 3455
f 2141 3073 3453
f 1999 2005 3454
f 2005 820 3454
f 2141 3453 3455
f 3453 795 3455
f 627 2131 3456
f 2131 2650 3456
f 2083 3077 3457
f 3077 2869 3587
f 2153 2666 3458
f 2666 754 3458
f 2009 2684 3459
f 2684 2128 3459
f 2859 3075 3460
f 3075 2067 3460
f 795 3077 3461
f 3077 2083 3461
f 2001 3073 3462
f 3073 2141 3462
f 627 3362 3463
f 3362 1167 3463
f 1085 3362 3464
f 3362 2005 3464
f 2128 3049 3465
f 3049 755 3465
f 1150 3056 3466
f 3056 654 3476
f 820 1118 3467
f 1118 2119 3467
f 1094 2109 3468
f 2109 820 3468
f 3393 3469 3499
f 3393 2001 3469
f 2141 3059 3470
f 3059 1424 3470
f 2141 2926 3471
f 2926 1102 3471
f 2131 750 3472
f 750 2170 3472
f 2128 3452 3473
f 3452 3056 3473
f 2154 654 3474
f 2684 2154 3474
f 2103 2905 3475
f 2905 1102 3475
f 2130 3466 3476
f 3466 3056 3476
f 2151 3063 3477
f 3063 2149 3503
f 2121 3382 3478
f 3382 1102 3478
f 1424 2897 3479
f 2897 2102 3479
f 2102 2955 3480
f 3358 1102 3582
f 3043 2127 3485
f 2127 3052 3481
f 1150 2133 3482
f 2133 3049 3482
f 1124 3483 3487
f 1124 3061 3483
f 1167 3394 3484
f 3394 761 3484
f 2127 3481 3485
f 3481 764 3485
f 2121 3017 3486
f 3017 1291 3510
f 2130 3370 3487
f 3370 1124 3487
f 2004 3394 3488
f 3394 1085 3488
f 3486 2000 3506
f 3382 2121 3489
f 1098 1168 3490
f 1168 761 3508
f 1218 3491 3493
f 3509 3491 3528
f 1086 2132 3492
f 2132 1228 3492
f 821 2132 3493
f 2132 1086 3523
f 3074 2006 3619
f 2006 3050 3494
f 1228 2129 3495
f 2129 2917 3495
f 1130 3496 3500
f 2857 1197 3496
f 2151 1132 3497
f 3063 2151 3497
f 1167 3484 3498
f 3484 1168 3498
f 2103 822 3499
f 822 3393 3499
f 1260 2866 3547
f 2866 1130 3500
f 2000 3486 3501
f 3486 666 3501
f 2008 2954 3502
f 2954 1103 3502
f 764 3477 3503
f 3477 3063 3503
f 2102 3260 3504
f 3260 2008 3504
f 3358 1103 3588
f 3017 2121 3505
f 2000 3489 3506
f 3489 2121 3506
f 3024 2930 3592
f 2930 1090 3531
f 763 3490 3508
f 3490 1168 3508
f 1161 761 3509
f 761 2004 3509
f 666 3486 3510
f 3486 3017 3510
f 2136 2907 3511
f 2907 666 3511
f 1187 2953 3512
f 2953 2858 3512
f 3512 1132 3530
f 2856 1187 3513
f 1232 1086 3514
f 1086 2136 3514
f 2149 1366 3515
f 1366 3043 3515
f 1161 1076 3520
f 1076 1156 3516
f 1132 2934 3517
f 2934 765 3605
f 1130 3387 3518
f 3387 2148 3518
f 3071 750 3595
f 3064 2148 3519
f 1076 3516 3520
f 3516 761 3520
f 1218 1086 3521
f 1281 1218 3521
f 763 3522 3524
f 1162 1156 3600
f 1218 3493 3523
f 3493 2132 3523
f 1088 1329 3524
f 1329 763 3524
f 1197 2857 3525
f 2857 763 3525
f 1261 3261 3613
f 3261 2874 3526
f 1193 1313 3527
f 3525 763 3653
f 1218 1161 3528
f 3491 1218 3528
f 761 1162 3529
f 1162 3522 3529
f 1132 3513 3530
f 3513 1187 3530
f 1232 3507 3531
f 3507 2930 3531
f 2006 3389 3532
f 3389 2131 3532
f 2964 766 3627
f 766 2911 3533
f 1127 1137 3534
f 2855 1127 3534
f 1184 2954 3535
f 2954 2008 3535
f 1281 1087 3536
f 1087 1312 3536
f 1232 3531 3537
f 3531 1090 3537
f 750 2131 3538
f 2131 3389 3538
f 1260 2944 3539
f 2944 1313 3551
f 819 1076 3540
f 1076 1161 3540
f 3399 1335 3699
f 1335 1090 3541
f 1087 2993 3542
f 2993 1232 3542
f 1222 2946 3543
f 2946 1090 3543
f 1127 1313 3629
f 3544 1127 3629
f 1156 1076 3545
f 3374 1156 3545
f 1163 2922 3546
f 2922 1300 3546
f 2866 3500 3547
f 3500 1197 3547
f 1219 1222 3548
f 1222 2915 3548
f 2874 1103 3549
f 1103 2954 3549
f 2000 3501 3550
f 3501 2907 3550
f 1127 3539 3551
f 3539 2944 3551
f 1080 3065 3552
f 3065 2129 3552
f 2129 2958 3553
f 2958 821 3553
f 791 3365 3554
f 3365 2874 3554
f 1999 1080 3555
f 3042 1999 3555
f 1222 3024 3556
f 3024 1291 3556
f 1093 1349 3557
f 1349 1219 3557
f 3558 1155 3817
f 3632 1143 3648
f 3830 1264 3835
f 3373 1185 3837
f 1291 3024 3560
f 3024 666 3560
f 670 2821 3561
f 2821 1506 3561
f 2052 2550 3562
f 2550 774 3562
f 2037 2589 3563
f 2589 2185 3563
f 661 2710 3564
f 2710 2534 3564
f 1492 2845 3565
f 2845 1537 3565
f 1484 771 3566
f 1591 1484 3566
f 2534 2572 3567
f 2572 913 3567
f 659 1604 3568
f 1604 1591 3568
f 672 2536 3569
f 2536 2558 3569
f 818 2558 3570
f 2558 2536 3570
f 769 1542 3571
f 1542 1496 3571
f 814 1522 3572
f 1522 1478 3572
f 1484 1604 3573
f 1604 814 3573
f 661 2599 3574
f 2599 1569 3574
f 1478 1522 3575
f 1522 670 3575
f 1484 1520 3576
f 1520 817 3576
f 670 1522 3577
f 1522 1483 3577
f 818 2803 3578
f 2803 1515 3578
f 814 1819 3579
f 1819 1483 3579
f 774 2550 3580
f 2550 2540 3580
f 773 2763 3581
f 2763 2540 3581
f 1102 3480 3582
f 3480 2955 3582
f 2101 822 3583
f 822 3065 3583
f 1103 3358 3584
f 3358 2955 3584
f 2131 627 3585
f 627 3380 3585
f 795 3406 3586
f 3406 2869 3586
f 2067 3457 3587
f 3457 3077 3587
f 1103 3505 3588
f 3505 2121 3588
f 1222 3543 3589
f 3543 2930 3589
f 1124 3071 3590
f 3071 2148 3590
f 2148 3387 3591
f 3387 765 3591
f 2930 3507 3592
f 3507 666 3592
f 2151 3083 3593
f 3083 765 3593
f 654 2663 3594
f 2663 2152 3594
f 750 3519 3595
f 3519 2148 3595
f 2000 3357 3596
f 3357 2103 3596
f 1124 3083 3597
f 3083 2151 3597
f 2152 3383 3598
f 3383 750 3598
f 1124 3370 3599
f 3370 2152 3599
f 1088 3522 3600
f 3522 1162 3600
f 2130 654 3601
f 3370 2130 3601
f 1130 2866 3602
f 3387 1130 3602
f 1156 3374 3603
f 3374 658 3603
f 1088 1100 3604
f 1329 1088 3604
f 2150 3517 3605
f 3517 2934 3605
f 2151 3593 3606
f 3593 2934 3606
f 1088 1156 3617
f 3607 1088 3617
f 791 3261 3608
f 3261 1261 3608
f 2857 3496 3609
f 3496 1098 3609
f 1098 3496 3610
f 3496 1130 3610
f 819 3356 3611
f 3356 1166 3611
f 2149 3384 3612
f 3384 2858 3612
f 3261 3526 3613
f 3526 1184 3613
f 658 1297 3614
f 1297 1088 3614
f 762 3615 3831
f 762 1297 3615
f 759 2976 3616
f 2976 1105 3616
f 1156 3603 3617
f 3603 3607 3617
f 3003 3618 4107
f 3003 1262 3618
f 2006 3494 3619
f 3494 1098 3619
f 1100 2387 3620
f 2387 762 3620
f 3666 1341 3815
f 3811 1155 3839
f 1083 3622 3806
f 1242 3622 3720
f 792 3623 3965
f 3001 1310 3623
f 1127 3544 3624
f 3544 1255 3624
f 1100 1284 3625
f 1284 657 3625
f 628 1352 3626
f 1352 1226 3626
f 766 3533 3627
f 3533 1300 3627
f 1166 1298 3628
f 658 3628 3833
f 1313 1193 3629
f 1193 3544 3629
f 1163 2854 3630
f 2854 1226 3630
f 2900 3010 4151
f 3010 1310 3631
f 3632 3648 3820
f 3648 1298 3820
f 1341 3633 3811
f 3666 1083 3809
f 1166 3392 3634
f 3392 1072 3634
f 1344 3635 3798
f 1344 1071 3793
f 762 1096 3636
f 1096 1284 3636
f 2854 3637 3642
f 2854 1202 3637
f 1163 2911 3638
f 2911 1202 3638
f 1239 1342 3792
f 4433 3639 4407
f 1142 3640 3814
f 1142 1257 3640
f 657 1284 3641
f 1284 1096 3641
f 758 1226 3642
f 1226 2854 3642
f 1086 1232 3643
f 1232 2993 3643
f 3721 1071 3774
f 3733 1239 3769
f 2988 1315 3803
f 1099 3684 3728
f 3684 1099 3795
f 1349 1090 3646
f 1090 2946 3646
f 1262 3003 3690
f 3003 2390 3647
f 1143 3558 3648
f 3558 1298 3648
f 3021 3649 3656
f 3021 790 3649
f 1342 1239 3732
f 757 3650 3733
f 1317 3651 3738
f 1321 3373 3652
f 3373 790 3652
f 763 3527 3653
f 3527 1313 3653
f 1207 3004 3654
f 3004 1321 3654
f 1142 3559 3655
f 3559 1326 3655
f 3002 1207 3669
f 1207 3021 3656
f 3657 1239 3792
f 3639 1315 3731
f 1097 3829 4183
f 3665 2986 4083
f 628 1249 3659
f 1352 628 3659
f 1249 2922 3660
f 2922 1163 3660
f 1140 2932 3661
f 2932 1271 3661
f 1243 3399 3662
f 3399 1205 3662
f 790 3355 3663
f 3355 1243 3663
f 1205 1216 3664
f 1216 3009 3664
f 1097 2902 3665
f 2902 1236 3665
f 3721 1343 3827
f 1083 3666 3819
f 1310 3002 3667
f 3002 1093 3667
f 1216 3371 3668
f 3371 1093 3668
f 1207 3656 3669
f 3656 1216 3669
f 1207 3002 3670
f 3002 1310 3670
f 3724 1146 3776
f 3650 757 3783
f 1333 3672 3836
f 3679 1073 3796
f 1188 2401 3673
f 2401 1105 3673
f 1142 1333 3674
f 3672 1267 3836
f 1142 3655 3675
f 3655 1185 3675
f 1267 3671 3676
f 3671 1304 3676
f 1188 2378 3677
f 2378 760 3677
f 1105 2401 3678
f 2401 1270 3678
f 1333 3679 3796
f 3675 1185 3813
f 758 2935 3680
f 2935 1270 3680
f 1176 3880 3900
f 3880 1176 4084
f 1283 2940 3682
f 2940 760 3682
f 2395 3683 3692
f 3015 656 3773
f 3645 3684 3795
f 3645 1089 3684
f 1137 2996 3685
f 2996 1270 3685
f 758 2401 3686
f 2401 1188 3686
f 1289 3687 3748
f 3672 1073 3730
f 1087 3399 3688
f 3399 1243 3688
f 3740 2988 3786
f 3003 3647 3690
f 3647 1186 3690
f 1105 2976 3691
f 2976 1283 3691
f 3683 1290 3692
f 4461 4424 4402
f 3693 1299 4115
f 3019 1186 4080
f 1280 2405 3694
f 2405 620 3694
f 3716 3787 4409
f 1316 4456 4447
f 1285 3696 3891
f 2381 3696 3899
f 1202 1137 3697
f 1137 2935 3697
f 1087 3542 3698
f 3542 1335 3698
f 1335 3541 3699
f 3541 1205 3699
f 3700 3842 3862
f 3842 1278 3862
f 3701 4405 4442
f 4404 4429 4455
f 1304 1146 3742
f 3772 3705 4401
f 1224 3658 3706
f 760 3706 4099
f 3030 2374 3771
f 3711 2368 3770
f 3708 3755 3750
f 1074 2410 3709
f 2410 1206 3789
f 3710 2375 3775
f 4398 3772 4401
f 2369 2375 3710
f 1070 3710 3775
f 1074 3651 3708
f 3651 1317 3708
f 2368 3711 3759
f 2374 3711 3770
f 2369 3020 3712
f 3020 2410 3712
f 2372 1069 3713
f 2371 2366 3713
f 2373 3714 3760
f 1153 3714 3849
f 3750 3755 4408
f 2409 1070 3715
f 2370 1070 3747
f 1180 3711 3718
f 1195 3718 3777
f 4453 4441 4412
f 2374 3030 3782
f 3030 1279 3719
f 3666 1343 3819
f 1343 1242 3720
f 1343 3721 3788
f 1071 3721 3827
f 2377 3015 3722
f 3015 2395 3778
f 1242 1343 3723
f 3721 756 3788
f 3756 1279 3753
f 1289 3033 3724
f 3033 1146 3724
f 1268 2406 3725
f 3791 3725 3863
f 3020 3726 3785
f 3020 2365 3726
f 1421 2373 3727
f 1268 3727 3765
f 2379 3012 3728
f 3012 1099 3728
f 2407 2365 3737
f 3683 2379 1290
f 2383 2366 3780
f 4460 4418 4429
f 2397 3687 3794
f 3687 1289 3730
f 756 3657 3731
f 3657 3639 3731
f 3650 3732 3797
f 3650 1211 3732
f 1344 3733 3769
f 3635 757 3798
f 2369 3729 3734
f 3729 2365 3734
f 4433 4407 4462
f 3755 3692 4408
f 2372 2366 1272
f 1195 3687 3735
f 3687 2397 3735
f 2394 3736 3855
f 2394 3651 3736
f 1272 2370 4438
f 2370 3781 4438
f 2365 3729 3737
f 3729 2367 3737
f 2394 3022 3738
f 3022 1317 3738
f 1315 3035 3739
f 3035 756 3739
f 1089 3035 3740
f 3035 1315 3740
f 3717 2988 4415
f 1089 3645 3741
f 3645 1242 3741
f 3705 1074 3708
f 1146 3703 3742
f 1211 3742 4425
f 3016 3743 4185
f 3016 656 3743
f 4438 3781 1200
f 3701 4461 4437
f 4440 4411 4398
f 656 3012 3746
f 3012 2379 3746
f 1070 3716 3747
f 3716 3781 3747
f 1195 3033 3748
f 3033 1289 3748
f 4434 3716 3749
f 3716 1070 3749
f 2393 4442 4405
f 3716 4434 3787
f 1279 3030 3753
f 3030 1069 3753
f 2368 1420 3754
f 1420 2371 3754
f 1317 2395 3755
f 2395 3692 3755
f 2389 3756 3753
f 2389 1146 3756
f 1267 3676 3757
f 3676 757 3757
f 1242 3645 3758
f 3645 2391 3758
f 1180 2408 3759
f 2408 2368 3759
f 2365 2407 3760
f 2407 2373 3760
f 1239 3657 3761
f 3657 756 3761
f 1267 3672 3762
f 3672 1289 3762
f 4424 3702 4459
f 4446 4435 1294
f 3764 4413 4410
f 3745 4439 4431
f 1290 3689 3717
f 3689 2988 3717
f 2373 2407 3765
f 2407 1268 3765
f 4441 3766 4400
f 4454 1342 4453
f 656 3016 3767
f 3016 1224 3767
f 1257 1331 3768
f 1331 757 3768
f 1239 3644 3769
f 3644 1344 3769
f 2368 3707 3770
f 3707 2374 3770
f 2374 3707 3771
f 3707 1069 3771
f 3744 2375 3772
f 656 3683 3773
f 3683 2395 3773
f 1071 1344 3774
f 1344 3644 3774
f 2375 3744 3775
f 3744 1070 3775
f 1146 1304 3776
f 1304 3671 3776
f 2374 1195 3777
f 3711 2374 3777
f 1317 3722 3778
f 3722 3015 3778
f 2379 3684 3779
f 3684 1089 3779
f 1268 2383 3780
f 3030 3719 3782
f 3719 1195 3782
f 757 3676 3783
f 3676 1304 3783
f 1211 3650 3784
f 3650 1304 3784
f 1206 2410 3785
f 2410 3020 3785
f 2988 3689 3786
f 3689 1089 3786
f 4411 3752 4434
f 756 3723 3788
f 3723 1343 3788
f 1256 3709 3789
f 3709 2410 3789
f 3639 1342 4451
f 2988 3803 4415
f 1421 3725 3791
f 1420 3791 3863
f 1342 3639 3792
f 3639 3657 3792
f 1143 3635 3793
f 3635 1344 3793
f 3687 3730 3794
f 3730 1073 3794
f 2391 3795 3808
f 2391 3645 3795
f 1073 3672 3796
f 3672 1333 3796
f 1239 3733 3797
f 3733 3650 3797
f 757 3733 3798
f 3733 1344 3798
f 1099 3012 3799
f 3012 1224 3799
f 1257 1142 3800
f 1331 1257 3800
f 1257 3635 3801
f 3635 1143 3801
f 1071 3621 3802
f 3621 1143 3802
f 1315 4433 3803
f 3679 2398 3822
f 2398 1280 3804
f 1143 3621 3805
f 3621 1155 3805
f 759 1348 3806
f 1348 1083 3806
f 2391 2974 3807
f 2974 759 3807
f 1099 2974 3808
f 2974 2391 3808
f 1083 3633 3809
f 3633 1341 3809
f 1083 1348 3810
f 1348 1096 3810
f 3615 1155 3831
f 1341 3811 3839
f 3799 2940 3832
f 2940 1283 3812
f 1185 3679 3813
f 3679 1333 3813
f 1072 3559 3814
f 3559 1142 3814
f 1341 3621 3815
f 3621 1071 3815
f 3804 1280 3838
f 1280 2969 3816
f 3628 1298 3833
f 1298 3558 3817
f 1214 1348 3818
f 1348 759 3818
f 1343 3720 3819
f 3720 1083 3819
f 1298 1072 3820
f 1072 3632 3820
f 762 3811 3821
f 3811 3633 3821
f 2398 3804 3822
f 3804 1073 3822
f 2397 3816 3823
f 3816 1180 3823
f 1283 2976 3824
f 2974 3824 3826
f 1185 3402 3825
f 3402 2398 3825
f 759 2974 3826
f 2976 759 3826
f 1343 3666 3827
f 3666 1071 3827
f 1081 2405 3828
f 2405 1280 3828
f 1097 3658 3829
f 3658 1224 3829
f 3559 3830 3835
f 3559 1072 3830
f 1155 3811 3831
f 3811 762 3831
f 2940 3812 3832
f 3812 1099 3832
f 1298 3817 3833
f 3817 658 3833
f 1214 3641 3834
f 3641 1096 3834
f 1264 1326 3835
f 1326 3559 3835
f 1267 3674 3836
f 3674 1333 3836
f 1185 3655 3837
f 3655 1326 3837
f 1280 3816 3838
f 3816 2397 3838
f 1155 3621 3839
f 3621 1341 3839
f 2376 3840 3872
f 2376 1153 3840
f 2975 3841 3882
f 2975 1084 3841
f 1206 2400 3857
f 2400 1153 3844
f 1256 3005 3843
f 3005 1301 3843
f 1278 3842 3844
f 3842 1206 3857
f 1170 2386 3845
f 2386 1421 3845
f 3829 3016 4183
f 3743 2377 4185
f 2368 2408 3847
f 2408 1293 4095
f 620 1293 3848
f 1293 1180 3848
f 1421 1153 3849
f 2373 1421 3849
f 1084 3850 3852
f 3022 2394 3850
f 1256 3789 3851
f 3789 1206 3851
f 2394 3023 3852
f 3023 1084 3852
f 1301 2973 3853
f 3841 1084 4093
f 2377 3850 3854
f 3850 1084 3854
f 1256 3023 3855
f 3023 2394 3855
f 1153 1421 3856
f 1421 2386 3856
f 2400 3844 3857
f 3844 3842 3857
f 1278 3844 3858
f 3844 1153 3858
f 2367 3729 3715
f 3729 2409 3715
f 2369 3710 3859
f 3710 2409 3859
f 1420 2384 3860
f 2384 1176 3901
f 2388 3005 3861
f 3005 1256 3861
f 1278 2388 3862
f 2388 3700 3862
f 2406 1420 3863
f 3725 2406 3863
f 3864 2396 3868
f 1204 3864 3870
f 852 2388 3865
f 2388 1278 3865
f 1258 3840 3866
f 3840 2386 3866
f 2388 852 3867
f 3005 2388 3867
f 1278 2376 3868
f 2376 3864 3868
f 3877 1170 4187
f 3696 1285 3899
f 1204 3870 3878
f 3840 1258 3872
f 1278 3868 3871
f 3868 2396 3871
f 1258 3870 3872
f 3870 2376 3872
f 1170 3860 3873
f 3860 2384 3873
f 851 2402 3874
f 2385 3874 3884
f 852 2396 3885
f 2396 1204 3881
f 1301 3028 3876
f 3028 1182 3876
f 1258 1170 3877
f 2385 1258 3877
f 1258 2402 3878
f 2402 1204 3878
f 1268 2366 3879
f 2406 1268 3879
f 3681 3880 4084
f 3681 1075 3880
f 1250 3875 3881
f 3875 852 3885
f 2902 1097 3893
f 3846 2975 4089
f 1182 2913 4186
f 3894 1212 4087
f 2402 1258 3884
f 3874 2402 3884
f 2396 3881 3885
f 3881 3875 3885
f 3886 1263 3926
f 1204 3886 3889
f 1204 2402 3887
f 2402 851 3897
f 851 3874 3888
f 3874 2385 3888
f 1250 3881 3889
f 3881 1204 3889
f 1269 1182 3890
f 1182 3028 3890
f 1075 2933 3891
f 2933 1285 3891
f 852 3037 3892
f 3037 1269 3892
f 1097 3882 3893
f 3882 1212 3893
f 3914 1236 4114
f 3893 1212 4085
f 1269 2972 3896
f 2972 1302 3895
f 2972 3895 3896
f 3895 2913 4088
f 1263 3887 3897
f 3887 2402 3897
f 620 1299 3898
f 1299 1075 3898
f 1285 3869 3899
f 3869 2381 3899
f 2381 1176 3900
f 3696 2381 3900
f 2381 3873 3901
f 3873 2384 3901
f 852 3028 3902
f 3028 1301 3902
f 3903 1230 4111
f 2928 2909 3927
f 1199 2404 3904
f 2404 1154 3936
f 1263 3905 3911
f 3909 3905 3920
f 2390 3906 4096
f 2999 1154 4109
f 3904 3907 3958
f 3904 881 3907
f 3908 2984 4098
f 2995 2945 4102
f 851 1183 3909
f 1183 1198 3909
f 3917 1302 4092
f 2984 1230 3910
f 1171 2412 3911
f 2412 1263 3911
f 2986 3013 4103
f 3013 1165 3912
f 1199 2933 3913
f 2933 1075 3913
f 3927 2909 4097
f 3918 1236 4113
f 1262 3019 3915
f 3019 1081 3915
f 1108 1302 3916
f 1302 2972 3916
f 3894 2913 4081
f 3895 1302 4078
f 1165 3013 3918
f 3013 1236 3918
f 3913 1077 4082
f 2404 1199 3919
f 1263 851 3920
f 3905 1263 3920
f 854 2945 3921
f 2945 1108 3921
f 1126 2929 3922
f 2929 1165 3922
f 1165 2929 3923
f 2929 1158 3923
f 1078 3924 3931
f 1078 2412 3924
f 3930 1221 3974
f 1230 2984 3925
f 1078 1250 3926
f 1250 3886 3926
f 856 3903 3927
f 3903 2928 3927
f 1081 1321 3928
f 1321 3004 3928
f 3959 1138 3960
f 1138 1266 3929
f 3967 1123 4165
f 1175 3930 3939
f 1266 3026 3931
f 3026 1078 3931
f 2399 3923 3932
f 3923 1158 3932
f 1160 1269 3933
f 1269 3037 3933
f 1079 3940 3941
f 1079 1308 3934
f 1154 3031 3935
f 3031 1292 3935
f 881 3904 3936
f 3904 2404 3936
f 3913 1075 4077
f 4077 1075 4091
f 1207 3001 3938
f 3001 1262 3938
f 1230 3925 3939
f 3925 1175 3939
f 1079 3934 3940
f 3934 1171 3940
f 1198 1319 3941
f 881 3942 3947
f 1079 3941 3942
f 3941 1319 3942
f 3950 1318 4128
f 3942 3943 4131
f 1158 3944 3955
f 1158 2929 3944
f 1108 1160 3945
f 2392 1108 3945
f 854 1213 3946
f 2945 854 3946
f 1319 3907 3947
f 3907 881 3947
f 3010 2900 4137
f 2900 2382 3948
f 1123 2921 3949
f 2921 1221 3949
f 1225 1318 3950
f 881 3950 4128
f 1126 3922 3951
f 3922 2909 3951
f 1126 2928 3952
f 2928 1221 3952
f 1160 3029 3953
f 3029 2343 3953
f 683 1332 3954
f 1332 1213 3954
f 1276 1356 3955
f 1356 1158 3955
f 1183 2952 3956
f 2952 2933 3956
f 1126 2942 3957
f 2942 1276 3957
f 1183 1199 3958
f 1199 3904 3958
f 1265 3007 3959
f 3007 1138 3959
f 1138 3929 3960
f 3929 682 3960
f 1158 1355 3961
f 1355 1188 3961
f 857 3962 3968
f 857 2921 3962
f 1309 3405 3963
f 3405 1276 3963
f 1309 3963 3964
f 3963 2942 3964
f 1310 3010 3965
f 3010 792 3965
f 3949 3930 4139
f 4116 3966 4140
f 683 1324 3967
f 1324 1123 3967
f 1209 2931 3968
f 857 3968 4144
f 3962 1123 4145
f 1234 1209 3969
f 1354 3970 3999
f 1354 1092 3970
f 628 1356 3971
f 1356 1276 3971
f 1110 3274 3972
f 3274 683 4146
f 2382 3973 4160
f 2382 2900 3973
f 1230 3939 3974
f 3939 3930 3974
f 895 3975 4154
f 3975 1196 4158
f 1311 3976 3978
f 3975 3976 4154
f 2901 3977 4003
f 1164 3990 4004
f 1173 1092 3978
f 1092 1311 3978
f 1210 2903 3979
f 2903 628 3979
f 1092 1354 3988
f 1354 1134 3980
f 1303 2925 3981
f 2925 1210 4008
f 1129 1323 3982
f 1323 867 3989
f 1178 1351 3983
f 1129 3983 4188
f 1129 3982 3984
f 3982 1244 3984
f 3977 3985 4157
f 3977 1234 3985
f 1309 2931 3986
f 2931 1164 3986
f 683 3274 3987
f 3274 1178 3987
f 1354 3980 3988
f 3980 1177 3988
f 1215 3982 3989
f 3982 1323 3989
f 1234 3977 3994
f 3977 2901 3990
f 1164 2931 3991
f 2931 1209 3991
f 1215 3985 3992
f 3985 1234 3992
f 1215 3989 3993
f 3989 867 3993
f 3977 3990 3994
f 3990 1209 3994
f 1091 855 3995
f 1136 1091 3995
f 1177 1246 4002
f 1246 1144 3996
f 1210 3979 3997
f 3979 2906 3997
f 1158 1356 3998
f 1356 1226 3998
f 1101 1134 3999
f 1134 1354 3999
f 2403 1271 4000
f 1271 3018 4000
f 628 3405 4001
f 3405 2906 4001
f 1246 3996 4002
f 3996 1092 4002
f 2985 1303 4009
f 1303 2901 4003
f 2901 3981 4004
f 3981 1164 4004
f 867 3312 4005
f 3312 1191 4021
f 855 1112 4006
f 1112 1247 4006
f 1177 3308 4010
f 3308 2380 4007
f 1164 3981 4008
f 3981 2925 4008
f 1303 4003 4009
f 4003 867 4009
f 3308 4007 4010
f 4007 1223 4010
f 1191 3312 4011
f 3312 1323 4011
f 3262 4012 4016
f 880 4012 4031
f 846 2950 4013
f 2950 1210 4013
f 1174 2991 4014
f 2991 846 4026
f 1303 846 4015
f 2925 1303 4015
f 1177 1223 4016
f 1223 3262 4016
f 1104 3011 4017
f 3011 2853 4017
f 1129 3006 4018
f 3006 1248 4018
f 1223 3298 4019
f 3298 1274 4019
f 2977 853 4156
f 853 3006 4020
f 1337 4005 4021
f 4005 3312 4021
f 1223 4022 4170
f 1223 3297 4022
f 1119 1288 4023
f 1288 1112 4023
f 1245 4023 4024
f 4023 1112 4024
f 4163 1159 4164
f 3011 2380 4025
f 1303 4014 4026
f 4014 2991 4026
f 1337 1174 4027
f 1174 2985 4027
f 4022 1104 4170
f 3298 1223 4028
f 855 1286 4029
f 1286 1111 4029
f 3314 4030 4058
f 3314 1174 4034
f 1274 880 4031
f 3262 1274 4031
f 1296 3000 4032
f 3000 2853 4032
f 3239 1104 4178
f 1104 3000 4033
f 1337 4030 4034
f 4030 3314 4034
f 1174 3314 4035
f 3314 1345 4035
f 880 3238 4036
f 3238 1246 4036
f 1220 1330 4037
f 898 4037 4190
f 846 2991 4038
f 2991 2852 4038
f 4172 1135 4176
f 1135 3285 4039
f 2968 1144 4167
f 1144 3238 4040
f 1229 4041 4042
f 3275 4041 4200
f 880 3285 4042
f 3285 1229 4042
f 1296 3284 4043
f 3284 2860 4043
f 3323 1245 4053
f 1245 1208 4044
f 1277 880 4045
f 3275 1277 4045
f 1174 3319 4046
f 3319 2852 4046
f 1148 2338 4047
f 2338 691 4047
f 2927 2923 4052
f 4213 4048 4266
f 898 1253 4049
f 1253 1145 4049
f 1111 1189 4050
f 1189 899 4050
f 1152 2956 4051
f 2956 1340 4051
f 2923 4048 4052
f 4048 868 4052
f 1245 4044 4053
f 4044 635 4053
f 1277 3275 4054
f 3275 1203 4054
f 1346 2899 4189
f 2899 1248 4064
f 1346 4055 4056
f 4055 868 4066
f 1111 4050 4057
f 4050 1273 4057
f 2908 1345 4065
f 1345 3314 4058
f 1353 868 4059
f 3273 1353 4059
f 2979 4060 4180
f 2979 1282 4214
f 635 3277 4061
f 3277 1282 4061
f 2852 3319 4062
f 3319 1345 4075
f 691 1203 4063
f 1203 1314 4063
f 868 4055 4064
f 4055 1346 4189
f 1345 4058 4065
f 4058 1152 4065
f 1353 4056 4066
f 4056 4055 4066
f 680 3322 4067
f 3322 1345 4067
f 3292 4068 4216
f 3292 2923 4262
f 1107 1314 4069
f 1314 1203 4069
f 2938 1116 4072
f 1116 2962 4070
f 1328 4071 4210
f 2956 1353 4071
f 1116 4070 4072
f 4070 1229 4072
f 1169 2962 4073
f 2962 1327 4073
f 1181 1350 4074
f 1350 2923 4074
f 1238 4062 4075
f 4062 3319 4075
f 2902 3894 4076
f 3894 856 4076
f 3937 4077 4091
f 3937 1077 4077
f 1302 3917 4078
f 3917 2913 4078
f 1186 3647 4079
f 3647 1077 4079
f 1186 3693 4080
f 3693 2405 4080
f 2913 3917 4081
f 3917 856 4081
f 1077 3919 4082
f 3919 1199 4082
f 2986 3658 4083
f 3658 1097 4083
f 1176 1293 4084
f 1293 3681 4084
f 1212 3894 4085
f 3894 2902 4085
f 2984 3910 4086
f 3910 856 4086
f 1212 3883 4087
f 3883 1182 4186
f 1182 3896 4088
f 3896 3895 4088
f 2975 3882 4089
f 3882 1097 4089
f 1299 3693 4090
f 3693 1186 4090
f 1075 1299 4091
f 1299 3937 4091
f 2984 4086 4092
f 4086 3917 4092
f 1084 3853 4093
f 3853 2973 4093
f 1212 3841 4094
f 3841 2973 4094
f 1176 3847 4095
f 3847 2408 4095
f 1077 3647 4096
f 3647 2390 4096
f 2909 3914 4097
f 3914 856 4097
f 1302 2995 4098
f 2995 3908 4098
f 2986 760 4099
f 3658 2986 4099
f 1186 3019 4100
f 3019 1262 4100
f 2405 1081 4101
f 1081 3019 4101
f 1175 3908 4102
f 3908 2995 4102
f 3013 3912 4103
f 3912 760 4103
f 1138 4104 4105
f 1138 3008 4104
f 2343 3026 4105
f 3026 1266 4106
f 1138 4105 4106
f 4105 3026 4106
f 2999 2390 4110
f 2390 3003 4107
f 2343 4104 4108
f 4104 854 4108
f 1154 3906 4109
f 3906 2390 4109
f 2390 4107 4110
f 4107 792 4110
f 1221 2928 4111
f 2928 3903 4111
f 1165 3918 4112
f 3918 2909 4112
f 1236 3914 4113
f 3914 2909 4113
f 2902 4076 4114
f 4076 3914 4114
f 620 2405 4115
f 2405 3693 4115
f 3946 1213 4129
f 3966 4116 4150
f 3031 1154 4121
f 1154 2999 4117
f 4118 3008 4138
f 854 4125 4127
f 1275 4117 4119
f 4117 792 4119
f 4125 4120 4127
f 1295 1213 4120
f 1154 4117 4121
f 4117 1275 4121
f 857 2943 4122
f 2943 1221 4122
f 854 4104 4123
f 4104 3008 4123
f 4124 1201 4130
f 1318 1225 4133
f 854 4118 4125
f 4118 3027 4125
f 2382 3032 4182
f 3032 1101 4126
f 1213 854 4127
f 4120 1213 4127
f 1318 3943 4128
f 3943 881 4128
f 1213 4116 4129
f 4116 1175 4129
f 4132 1079 4181
f 1318 4124 4130
f 1318 1079 4131
f 3943 1318 4131
f 1201 1305 4132
f 1305 682 4134
f 1173 4124 4133
f 4124 1318 4133
f 1079 4132 4134
f 4132 1305 4134
f 3929 1308 4136
f 1308 1079 4135
f 1308 4135 4136
f 4135 682 4136
f 2900 3948 4137
f 3948 792 4137
f 1254 3027 4138
f 3027 4118 4138
f 3930 3966 4139
f 3966 1123 4139
f 3930 1175 4140
f 3966 3930 4140
f 1254 1110 4141
f 3027 1254 4141
f 1225 3034 4142
f 3034 1173 4142
f 1292 3031 4143
f 3031 1101 4143
f 1309 857 4144
f 2931 1309 4144
f 1123 3969 4145
f 3969 1209 4145
f 1295 3972 4146
f 3972 3274 4146
f 1225 1101 4147
f 3034 1225 4147
f 1215 683 4148
f 1244 1215 4148
f 683 1215 4149
f 1324 683 4149
f 1213 1332 4150
f 4116 1213 4150
f 3010 3631 4151
f 3631 1271 4151
f 1159 3973 4152
f 3973 1271 4152
f 1134 2380 4153
f 2380 3308 4153
f 1311 895 4154
f 3976 1311 4154
f 1271 3973 4155
f 3973 2900 4155
f 853 4020 4156
f 4020 1351 4156
f 867 4003 4157
f 4003 3977 4157
f 1201 1173 4158
f 1173 3975 4158
f 2853 1159 4159
f 1159 2932 4159
f 1159 3036 4160
f 3036 2382 4160
f 2382 3036 4161
f 3036 1134 4161
f 1092 1173 4162
f 1173 3034 4162
f 2380 1134 4163
f 1134 3036 4163
f 1159 4025 4164
f 4025 2380 4164
f 1123 3966 4165
f 3966 1332 4165
f 1082 1330 4166
f 1330 1172 4166
f 1144 4040 4167
f 4040 1277 4167
f 1191 1346 4168
f 1346 3286 4168
f 1104 3239 4169
f 3239 2865 4169
f 1104 4028 4170
f 4028 1223 4170
f 895 2966 4171
f 2966 1190 4171
f 2865 2939 4172
f 2939 1135 4172
f 1144 4173 4177
f 1144 2966 4173
f 2865 1274 4174
f 1274 3298 4174
f 1157 1287 4175
f 1287 2904 4175
f 1135 4039 4176
f 4039 1274 4176
f 1311 3996 4177
f 3996 1144 4177
f 1104 4033 4178
f 4033 2860 4178
f 1192 3239 4179
f 3239 2860 4179
f 1287 635 4180
f 635 2979 4180
f 1079 1318 4181
f 1318 4130 4181
f 3032 4126 4182
f 4126 1275 4182
f 3016 3846 4183
f 3846 1097 4183
f 2973 3876 4184
f 3876 1182 4184
f 2377 3846 4185
f 3846 3016 4185
f 2913 4087 4186
f 4087 3883 4186
f 1170 2381 4187
f 2381 3869 4187
f 3742 3703 4425
f 1351 4020 4188
f 4020 1129 4188
f 2899 4064 4189
f 4064 4055 4189
f 1082 898 4190
f 1330 1082 4190
f 2338 2948 4193
f 2948 1253 4191
f 1152 3286 4192
f 3286 1346 4192
f 2948 4191 4193
f 4191 1082 4193
f 1082 2947 4194
f 2947 2338 4194
f 2927 3300 4195
f 3300 1122 4195
f 1082 4166 4196
f 4166 1217 4196
f 4207 1322 4208
f 1322 2938 4197
f 897 3304 4198
f 3304 2948 4198
f 1322 4197 4199
f 4197 1135 4199
f 1229 1169 4200
f 4041 1229 4200
f 2939 1192 4207
f 4201 1338 4245
f 1119 3323 4202
f 3323 1287 4202
f 1288 1119 4205
f 3014 1288 4203
f 635 1287 4204
f 1287 3323 4204
f 1157 4203 4205
f 4203 1288 4205
f 2330 3330 4206
f 3330 866 4206
f 1192 4201 4207
f 4201 1322 4207
f 1322 4199 4208
f 4199 2939 4208
f 1282 3295 4209
f 3295 1120 4209
f 1353 3273 4210
f 3273 1328 4210
f 3277 4211 4227
f 3277 1273 4211
f 1259 866 4228
f 4212 1259 4228
f 3248 1328 4215
f 1328 3273 4213
f 866 4060 4214
f 4060 2979 4214
f 1328 4213 4215
f 4213 1350 4215
f 1259 1181 4216
f 1181 3292 4216
f 866 1259 4217
f 1259 3237 4217
f 866 1282 4218
f 1282 3145 4218
f 2288 3311 4219
f 3311 1322 4219
f 685 3289 4220
f 3289 1259 4220
f 1131 3248 4221
f 3248 1350 4221
f 1107 1327 4222
f 1327 2920 4222
f 1181 4223 4278
f 3289 2341 4223
f 1148 2276 4224
f 2276 2963 4224
f 1148 4224 4225
f 4224 2324 4225
f 2288 3310 4236
f 3310 2325 4226
f 1151 1282 4227
f 1282 3277 4227
f 866 2327 4228
f 2327 4212 4228
f 2981 2920 4242
f 2920 1327 4229
f 1131 3290 4282
f 4230 1131 4282
f 2276 2981 4231
f 2981 2280 4231
f 1120 3307 4232
f 3307 2309 4232
f 1340 3287 4233
f 3287 869 4233
f 3276 4219 4234
f 4219 1322 4234
f 4240 685 4334
f 685 2327 4235
f 3310 4226 4236
f 4226 1116 4236
f 1405 3310 4237
f 3310 2288 4237
f 1336 3324 4238
f 3324 2352 4238
f 3309 4239 4257
f 3309 2275 4239
f 2347 685 4248
f 2291 1141 4240
f 2352 3248 4241
f 3248 1131 4241
f 2920 4229 4242
f 4229 885 4242
f 2330 864 4243
f 864 2348 4243
f 2330 1125 4244
f 3330 2330 4244
f 2892 1322 4245
f 1322 4201 4245
f 2276 2941 4246
f 2941 1107 4246
f 1169 1203 4247
f 1203 3275 4247
f 685 4240 4248
f 4240 1141 4248
f 884 2963 4249
f 2963 3103 4249
f 2275 2334 4250
f 1131 4250 4251
f 4238 1131 4256
f 2334 1336 4251
f 2309 3325 4252
f 3325 1363 4252
f 2361 3328 4253
f 3328 2273 4253
f 1125 2348 4254
f 2348 865 4254
f 884 3160 4255
f 3160 2289 4255
f 1131 4251 4256
f 4251 1336 4256
f 2341 685 4257
f 685 3309 4257
f 1362 4258 4259
f 1362 3160 4258
f 2280 2333 4259
f 2333 1362 4259
f 2337 3243 4260
f 3243 2275 4260
f 1141 2337 4261
f 2337 2347 4261
f 1122 4068 4262
f 4068 3292 4262
f 2275 3309 4263
f 3309 2347 4263
f 1363 3236 4264
f 3236 892 4271
f 3125 2323 4268
f 2323 3113 4265
f 2923 1350 4266
f 4048 2923 4266
f 2275 3243 4267
f 3243 861 4267
f 2323 4265 4268
f 4265 1422 4268
f 2351 2307 4269
f 3131 2351 4269
f 2289 1362 4270
f 3161 2289 4270
f 2311 4264 4271
f 4264 3236 4271
f 3276 4272 4275
f 3276 2892 4272
f 2288 668 4273
f 668 2893 4273
f 2108 1405 4274
f 1405 2893 4274
f 668 2288 4275
f 2288 3276 4275
f 2352 869 4276
f 869 3287 4276
f 2967 869 4277
f 3324 2967 4277
f 2341 3290 4278
f 3290 1181 4278
f 1350 1181 4279
f 1181 3290 4279
f 680 4067 4280
f 4067 2908 4280
f 1192 2937 4281
f 2937 1338 4281
f 3290 2341 4282
f 2341 4230 4282
f 1091 1172 4283
f 1172 1220 4283
f 686 3278 4284
f 3278 3148 4284
f 1141 3166 4285
f 3166 2340 4285
f 2311 892 4286
f 892 3179 4286
f 4336 3243 4337
f 3243 2337 4287
f 2311 3151 4288
f 3151 686 4288
f 862 3166 4289
f 3166 2292 4289
f 2321 3091 4290
f 3091 686 4290
f 4291 4293 4312
f 4293 2300 4312
f 906 2290 4292
f 2290 2342 4292
f 1403 3105 4293
f 3105 2300 4293
f 3165 4294 4324
f 3165 2296 4294
f 2295 2340 4295
f 2340 862 4295
f 1416 3181 4296
f 3181 2321 4296
f 2297 2355 4297
f 2355 862 4297
f 2292 3174 4298
f 3174 1401 4298
f 1401 2364 4299
f 2364 2297 4299
f 2293 3171 4300
f 3171 1403 4300
f 1416 3151 4301
f 3151 2311 4301
f 2300 3090 4302
f 3090 690 4302
f 2300 3105 4303
f 3105 883 4303
f 2298 2949 4304
f 2949 883 4304
f 2294 3096 4305
f 3096 859 4305
f 2312 3172 4306
f 3172 894 4306
f 1402 3096 4307
f 3096 2294 4307
f 686 3091 4308
f 3091 2294 4308
f 907 3172 4309
f 3172 2312 4309
f 3089 3202 4310
f 3202 2293 4310
f 2321 1402 4311
f 3091 2321 4311
f 2300 3089 4312
f 3089 4291 4312
f 3148 3278 4313
f 3278 2274 4313
f 2111 3102 4314
f 3102 2296 4314
f 690 3206 4315
f 3206 2353 4315
f 1402 3195 4316
f 3195 2316 4316
f 1426 3329 4317
f 3329 3142 4317
f 2316 3227 4318
f 3227 859 4318
f 2314 3220 4319
f 3220 894 4319
f 1932 903 4320
f 2320 1932 4320
f 2297 2364 4321
f 2364 859 4321
f 2314 3172 4322
f 3172 907 4322
f 3173 1439 4372
f 1439 829 4323
f 886 2353 4324
f 2353 3165 4324
f 1932 3233 4325
f 3233 3137 4325
f 686 3116 4326
f 3116 2299 4326
f 2274 3278 4327
f 3278 2299 4327
f 1401 3116 4328
f 3116 2294 4328
f 829 1439 4329
f 1439 1438 4329
f 3198 4330 4349
f 3198 694 4330
f 2358 3334 4331
f 3334 2306 4331
f 1438 3211 4332
f 3211 1455 4332
f 2293 3202 4333
f 3202 2353 4333
f 685 4235 4334
f 4235 1125 4334
f 1401 3174 4335
f 3174 2299 4335
f 2295 2354 4336
f 2354 861 4336
f 3243 4287 4337
f 4287 2295 4337
f 884 4249 4338
f 4249 2280 4338
f 903 2329 4339
f 4342 694 4379
f 690 3094 4340
f 3094 2326 4340
f 902 1471 4341
f 1471 901 4341
f 901 3331 4342
f 3331 694 4342
f 2289 3161 4343
f 3161 886 4343
f 3138 3334 4344
f 3334 2358 4374
f 878 3137 4345
f 3137 2308 4345
f 689 1823 4346
f 1823 1821 4346
f 1822 3123 4347
f 3123 876 4347
f 876 3200 4348
f 3200 1821 4348
f 3146 904 4349
f 904 3198 4349
f 1427 2306 4350
f 3155 1427 4350
f 878 3123 4351
f 3123 1822 4351
f 3175 4352 4375
f 3175 1435 4352
f 907 3146 4353
f 3146 3190 4353
f 3102 3213 4354
f 3213 888 4354
f 888 1916 4355
f 1916 1821 4355
f 637 3341 4356
f 3341 2290 4356
f 830 3173 4357
f 3173 1435 4357
f 2331 896 4358
f 896 3125 4358
f 2345 3221 4359
f 3221 1422 4359
f 1441 833 4360
f 3176 1441 4360
f 1422 4265 4361
f 4265 2289 4361
f 2346 3170 4362
f 3170 1425 4362
f 860 3199 4363
f 3199 2346 4363
f 1426 3332 4364
f 3332 3138 4364
f 694 2320 4365
f 2320 4320 4365
f 3220 3331 4366
f 3331 901 4366
f 894 3220 4367
f 3220 1446 4367
f 3138 3345 4368
f 3345 2306 4368
f 830 3211 4369
f 3211 1439 4369
f 876 3218 4370
f 3218 3102 4370
f 2345 4359 4371
f 4359 3178 4371
f 1439 4323 4372
f 4323 675 4372
f 694 3331 4373
f 3331 2314 4373
f 893 4344 4374
f 4344 3334 4374
f 833 1462 4375
f 1462 3175 4375
f 675 3332 4376
f 3332 3150 4376
f 836 3207 4377
f 3207 1462 4377
f 860 3195 4378
f 3195 2318 4378
f 694 4339 4379
f 4339 2329 4379
f 1851 1877 4380
f 1877 689 4380
f 677 1458 4381
f 1458 1024 4381
f 1024 1464 4382
f 1464 1437 4382
f 1452 3193 4383
f 3193 1026 4383
f 1851 1868 4384
f 1868 887 4384
f 2284 3153 4385
f 3153 1425 4385
f 1025 3201 4386
f 3201 1437 4386
f 1448 1458 4387
f 1458 677 4387
f 1455 3205 4388
f 3205 677 4388
f 1425 3158 4389
f 3158 1430 4389
f 1425 3170 4390
f 3170 1438 4390
f 1851 1874 4391
f 1874 1820 4391
f 1026 1463 4392
f 1463 1027 4392
f 1437 3212 4393
f 3212 831 4393
f 1438 4332 4394
f 4332 831 4394
f 1456 3209 4395
f 3209 831 4395
f 2318 3184 4396
f 3184 1427 4396
f 1820 1874 4397
f 1874 1821 4397
f 4451 1342 4452
f 3705 3708 4401
f 3692 4421 4408
f 1200 3695 4399
f 4416 2393 3695
f 3766 1211 4400
f 4403 4438 4427
f 3772 4398 3744
f 4430 3763 4449
f 4456 4411 4440
f 4404 4446 4429
f 1294 4422 4420
f 4434 3749 3744
f 3703 1146 2389
f 3790 4451 4452
f 4460 4462 4407
f 4444 4420 4417
f 3695 3781 4409
f 3781 3716 4409
f 4430 3764 4439
f 4401 4440 4398
f 4428 1235 4445
f 4413 4412 4441
f 1235 4412 4445
f 4410 4413 4441
f 3781 3695 1200
f 3745 4400 4414
f 4400 4425 4414
f 4456 3751 4447
f 4412 1235 4454
f 4408 4421 4417
f 4422 3704 4420
f 3692 1290 4421
f 3751 4422 4442
f 2389 3753 4427
f 4406 4444 4433
f 3701 4419 4436
f 3702 4424 4450
f 1294 4419 3701
f 4461 3701 4436
f 4400 1211 4425
f 4411 3744 4398
f 2372 4438 4403
f 3753 1069 4403
f 1069 2372 4403
f 4404 4428 4458
f 4429 1235 4455
f 3708 3750 4401
f 4405 4423 4399
f 4418 1235 4429
f 3702 3763 4459
f 4410 4400 4431
f 1316 3752 4456
f 3752 3787 4434
f 4400 4410 4441
f 4428 3763 4458
f 2393 4399 3695
f 4419 4424 4436
f 4424 4461 4436
f 4423 4432 4399
f 4443 3752 4457
f 4408 4417 4420
f 4423 4405 4461
f 4405 3701 4437
f 4423 4439 3745
f 3764 4410 4439
f 4420 3704 4440
f 4422 3701 4442
f 2393 4416 4442
f 4416 3751 4442
f 4462 4460 4406
f 4429 4446 4460
f 3787 3752 4443
f 4424 4419 4450
f 4419 1294 4435
f 4417 4421 4444
f 4435 3763 3702
f 4412 4413 4445
f 4413 3764 4445
f 4414 2389 3745
f 3704 4422 4440
f 4422 3751 4440
f 4451 3790 4407
f 4411 4434 3744
f 3751 4416 4447
f 4416 1316 4447
f 4401 4420 4440
f 4414 4425 3703
f 3787 4443 4409
f 4443 3695 4409
f 3717 4415 4421
f 4415 4444 4421
f 4401 3750 4408
f 4427 3745 2389
f 1316 4416 4443
f 4416 3695 4443
f 4404 4435 4446
f 4439 4423 4448
f 4423 4402 4448
f 4423 4461 4402
f 4431 4400 3745
f 4415 3803 4444
f 1200 4399 4432
f 4439 4410 4431
f 4427 3753 4403
f 4438 4432 4427
f 4427 4432 4426
f 3745 4427 4426
f 3763 4428 4449
f 4428 3764 4449
f 4419 4435 4450
f 4435 3702 4450
f 4407 3639 4451
f 1342 4454 4452
f 1342 3766 4453
f 3766 4441 4453
f 1200 4432 4438
f 1235 4418 4454
f 4420 4444 1294
f 3703 2389 4414
f 1235 4428 4455
f 4428 4404 4455
f 4444 4406 4446
f 4444 3803 4433
f 3752 4411 4456
f 3752 1316 4457
f 1316 4443 4457
f 3763 4435 4458
f 4435 4404 4458
f 3763 4430 4459
f 4459 4430 4448
f 4430 4439 4448
f 4446 4406 4460
f 4399 2393 4405
f 4405 4437 4461
f 4454 4418 4452
f 4418 3790 4452
f 4418 4460 3790
f 4446 1294 4444
f 4423 4426 4432
f 4406 4433 4462
f 3745 4426 4423
v -0.989679 0.600563 0.000184
v -0.699208 0.546402 -0.705293
v -0.833209 2.052430 0.045759
v -0.700352 0.494278 0.716555
v -0.722119 -0.571027 -0.001979
v -0.946971 0.602497 -0.290554
v -0.820037 1.426321 -0.409762
v -0.954336 1.150744 0.015625
v -0.432935 1.449772 -0.788562
v -0.281374 0.444109 -0.952164
v -0.621984 3.275289 0.083746
v -0.627390 2.459871 -0.442706
v -0.283549 0.380982 0.972829
v -0.418381 1.323806 0.832543
v -0.805480 1.378649 0.455860
v -0.947743 0.585039 0.291605
v -0.569315 2.434505 0.526438
v -0.422225 -0.216666 -0.801460
v -0.957476 0.079611 -0.003332
v -0.807144 -0.150883 -0.424590
v -0.433466 -0.732405 -0.429123
v -0.292388 -0.927490 -0.000276
v -0.807271 -0.163415 0.417358
v -0.415509 -0.235847 0.800445
v -0.427385 -0.725718 0.423275
v -0.983865 0.604751 -0.107791
v -0.961398 0.928526 -0.158185
v -0.982526 0.808505 0.004866
v -0.768480 1.018158 -0.580650
v -0.896838 0.995270 -0.363999
v -0.856022 0.584998 -0.501187
v -0.903442 1.558964 0.030688
v -0.915618 1.315877 -0.185260
v -0.850770 1.764141 -0.198500
v -0.159547 0.770611 -0.959978
v -0.102106 0.384222 -0.987488
v -0.265179 1.957703 -0.778343
v -0.198817 1.322537 -0.889001
v -0.494232 0.508429 -0.861281
v -0.362096 0.906166 -0.894074
v -0.580542 0.985927 -0.766891
v -0.407333 3.795161 0.182509
v -0.442643 3.683495 -0.141369
v -0.773218 2.286955 -0.202696
v -0.669469 2.942183 -0.195508
v -0.758971 2.569374 0.047892
v -0.436666 3.275696 -0.434074
v -0.367914 2.637060 -0.630686
v -0.655561 1.471312 -0.623132
v -0.524425 1.982138 -0.641053
v -0.727941 1.907103 -0.435669
v -0.103991 0.326097 1.010007
v -0.160929 0.667275 0.991856
v -0.577370 0.897658 0.794545
v -0.362749 0.802355 0.925284
v -0.495882 0.433610 0.878262
v -0.193772 1.171296 0.932824
v -0.232126 1.818534 0.827453
v -0.960690 0.913175 0.174674
v -0.984005 0.593434 0.108991
v -0.832967 1.746818 0.270847
v -0.909063 1.300016 0.227396
v -0.856930 0.550409 0.506895
v -0.894079 0.962304 0.384722
v -0.764885 0.959778 0.603229
v -0.323213 2.514817 0.695085
v -0.436272 3.061342 0.531577
v -0.657579 2.850592 0.282347
v -0.741180 2.281970 0.295497
v -0.635110 1.394668 0.668149
v -0.690005 1.861266 0.504763
v -0.481771 1.891678 0.697846
v -0.161942 0.104505 -0.971481
v -0.590443 0.129568 -0.783428
v -0.369823 0.110060 -0.909649
v -0.200976 -0.199587 -0.910684
v -0.222866 -0.487834 -0.785690
v -0.987236 0.398936 -0.001500
v -0.967954 0.291113 -0.166594
v -0.792265 -0.398597 -0.223086
v -0.911636 -0.058743 -0.202950
v -0.873224 -0.263118 -0.003380
v -0.905772 0.222074 -0.373584
v -0.779838 0.166649 -0.593287
v -0.164176 -0.952738 -0.163701
v -0.111176 -0.977479 0.000635
v -0.219042 -0.705382 -0.583622
v -0.200068 -0.867750 -0.370731
v -0.508972 -0.802541 -0.000445
v -0.376559 -0.864975 -0.198931
v -0.605264 -0.678804 -0.223067
v -0.635204 -0.200062 -0.634700
v -0.648754 -0.479965 -0.446905
v -0.447064 -0.500206 -0.638853
v -0.967531 0.281681 0.162229
v -0.779128 0.136868 0.591610
v -0.905532 0.202843 0.368019
v -0.910133 -0.064305 0.194649
v -0.785075 -0.398214 0.214659
v -0.163288 0.070967 0.985700
v -0.214940 -0.486388 0.775114
v -0.199591 -0.218046 0.918277
v -0.368349 0.064332 0.920733
v -0.587469 0.086571 0.789175
v -0.164183 -0.952065 0.164948
v -0.600025 -0.677448 0.218052
v -0.374084 -0.865937 0.196317
v -0.201252 -0.876235 0.375202
v -0.217132 -0.709927 0.584934
v -0.642826 -0.222124 0.641831
v -0.438058 -0.507530 0.630385
v -0.640405 -0.482132 0.437694
v -0.988919 0.602938 -0.038300
v -0.984715 0.724236 -0.058246
v -0.988076 0.677351 0.001799
v -0.956997 0.778813 -0.229073
v -0.975699 0.753828 -0.136489
v -0.971045 0.607758 -0.192770
v -0.971655 0.966863 0.009665
v -0.975899 0.874707 -0.069603
v -0.961030 1.050748 -0.076640
v -0.737762 0.782756 -0.648683
v -0.815998 0.795220 -0.547203
v -0.785587 0.568439 -0.606784
v -0.861143 1.206405 -0.389925
v -0.841247 1.012299 -0.473432
v -0.796767 1.229185 -0.500180
v -0.909309 0.596470 -0.394503
v -0.879365 0.801196 -0.438476
v -0.925703 0.794858 -0.331186
v -0.868565 1.799305 0.038901
v -0.884928 1.667280 -0.081008
v -0.849539 1.914762 -0.079058
v -0.940559 1.240827 -0.080281
v -0.914924 1.445532 -0.081510
v -0.931768 1.344801 0.022840
v -0.839250 1.600021 -0.308881
v -0.885265 1.529233 -0.193186
v -0.876380 1.377169 -0.296407
v -0.935895 0.969556 -0.257632
v -0.908987 1.167134 -0.279582
v -0.941320 1.115735 -0.173908
v -0.058292 0.495832 -0.987617
v -0.036948 0.358208 -0.992043
v -0.083908 0.918320 -0.954583
v -0.073516 0.681256 -0.976201
v -0.185193 0.416033 -0.975316
v -0.134523 0.558967 -0.977956
v -0.225302 0.609028 -0.959435
v -0.166639 2.275230 -0.757285
v -0.125861 1.913639 -0.814932
v -0.315116 1.397640 -0.846663
v -0.227570 1.634279 -0.836490
v -0.352580 1.690792 -0.786988
v -0.105725 1.543507 -0.870960
v -0.090095 1.212614 -0.919258
v -0.600511 0.529657 -0.791068
v -0.540197 0.734486 -0.820705
v -0.644361 0.762878 -0.741469
v -0.325768 0.659864 -0.928397
v -0.432600 0.702862 -0.882506
v -0.385947 0.475892 -0.914901
v -0.508549 1.218187 -0.782448
v -0.471324 0.952648 -0.839234
v -0.393485 1.176690 -0.848258
v -0.178408 1.024123 -0.931425
v -0.280078 1.109726 -0.897785
v -0.256729 0.840874 -0.934003
v -0.260356 3.903371 0.252284
v -0.224529 3.992651 0.079347
v -0.558604 3.481337 -0.020409
v -0.388664 3.845005 0.032713
v -0.506337 3.602216 0.168068
v -0.190040 3.987890 -0.097567
v -0.270189 3.815865 -0.252532
v -0.812402 2.177894 -0.077064
v -0.774745 2.445962 -0.075595
v -0.792713 2.319089 0.049415
v -0.662165 2.675256 -0.326880
v -0.733047 2.553946 -0.202419
v -0.710527 2.383492 -0.326537
v -0.702396 2.917326 0.053524
v -0.731577 2.721494 -0.069471
v -0.657814 3.113203 -0.065740
v -0.193262 3.100312 -0.617918
v -0.217125 2.608338 -0.695458
v -0.286004 3.609763 -0.396763
v -0.257384 3.415245 -0.504363
v -0.519142 2.553010 -0.539528
v -0.404036 2.996823 -0.543995
v -0.550982 2.864998 -0.444409
v -0.577966 3.305900 -0.187488
v -0.575242 3.117251 -0.320671
v -0.451340 3.479320 -0.304463
v -0.680499 1.007712 -0.680165
v -0.548942 1.472187 -0.713727
v -0.616962 1.239365 -0.701108
v -0.714847 1.240742 -0.605510
v -0.746894 1.454496 -0.520245
v -0.309752 2.296617 -0.712056
v -0.575458 2.243690 -0.548506
v -0.449433 2.292065 -0.640357
v -0.397680 1.987609 -0.720015
v -0.475860 1.717637 -0.719736
v -0.812153 2.016277 -0.201250
v -0.775010 1.656092 -0.424355
v -0.799177 1.846047 -0.318425
v -0.754872 2.111941 -0.323754
v -0.676651 2.185132 -0.442058
v -0.592671 1.711755 -0.634486
v -0.636801 1.948526 -0.544474
v -0.692411 1.694029 -0.534654
v -0.037400 0.307546 1.014937
v -0.059361 0.428256 1.013594
v -0.227829 0.523405 0.985752
v -0.136406 0.480269 1.004546
v -0.187274 0.354008 0.997235
v -0.073899 0.596487 1.006410
v -0.084590 0.802954 0.990659
v -0.645335 0.691354 0.761026
v -0.542029 0.659264 0.842170
v -0.601746 0.466813 0.805455
v -0.388074 1.052343 0.885429
v -0.470954 0.853360 0.868232
v -0.499438 1.114357 0.817553
v -0.387904 0.408031 0.933925
v -0.434675 0.615865 0.906626
v -0.328226 0.571859 0.953945
v -0.111020 1.725200 0.866122
v -0.125923 2.150891 0.802920
v -0.091782 1.052190 0.963548
v -0.099754 1.358636 0.921943
v -0.327554 1.556642 0.835119
v -0.207372 1.475170 0.885509
v -0.300598 1.261298 0.890210
v -0.258142 0.739430 0.965613
v -0.281198 0.982738 0.934134
v -0.178512 0.898338 0.969183
v -0.984828 0.716518 0.063841
v -0.988957 0.598796 0.039584
v -0.960292 1.041709 0.100801
v -0.975793 0.865431 0.083258
v -0.971321 0.588706 0.194412
v -0.975609 0.741259 0.144278
v -0.956828 0.760551 0.237941
v -0.837047 1.911413 0.162939
v -0.875326 1.665024 0.149339
v -0.864818 1.349615 0.341279
v -0.873315 1.514508 0.250425
v -0.821474 1.567844 0.368380
v -0.910011 1.437072 0.133925
v -0.938326 1.231860 0.117737
v -0.786553 0.521103 0.615281
v -0.817542 0.753671 0.559025
v -0.738304 0.725819 0.665329
v -0.925610 0.771047 0.340989
v -0.879614 0.764826 0.450158
v -0.910028 0.567297 0.398136
v -0.786185 1.176439 0.533401
v -0.837368 0.970753 0.494659
v -0.852521 1.167540 0.422249
v -0.938485 1.101162 0.202127
v -0.903190 1.141986 0.310620
v -0.934451 0.948022 0.276271
v -0.265597 3.744439 0.402831
v -0.432550 3.592567 0.334276
v -0.563969 3.392087 0.215704
v -0.177335 2.590475 0.732029
v -0.260550 2.795833 0.681465
v -0.508035 2.737227 0.528524
v -0.373553 2.796266 0.624158
v -0.450669 2.479673 0.620005
v -0.242147 3.132485 0.633488
v -0.260646 3.455922 0.546400
v -0.756545 2.444936 0.171860
v -0.794753 2.177543 0.171878
v -0.647014 3.072505 0.189701
v -0.719522 2.716581 0.155639
v -0.666962 2.363176 0.413467
v -0.698329 2.560276 0.293109
v -0.616706 2.658074 0.414531
v -0.434150 3.351155 0.447358
v -0.561994 2.968864 0.408989
v -0.561992 3.213372 0.321845
v -0.677249 0.934603 0.704497
v -0.728566 1.390643 0.565749
v -0.702752 1.172180 0.638576
v -0.606375 1.150642 0.734419
v -0.529394 1.371945 0.756636
v -0.785359 2.008665 0.286881
v -0.628011 2.137562 0.517255
v -0.714420 2.085274 0.406337
v -0.769896 1.811613 0.389883
v -0.749513 1.607849 0.482776
v -0.268447 2.187628 0.760456
v -0.445603 1.608524 0.768258
v -0.358029 1.872108 0.770133
v -0.397439 2.194117 0.699145
v -0.522258 2.172501 0.615232
v -0.661556 1.629763 0.590435
v -0.590895 1.887944 0.606908
v -0.557161 1.633777 0.685659
v -0.058349 0.249731 -0.990506
v -0.227038 0.264756 -0.966488
v -0.135373 0.251728 -0.983108
v -0.073908 0.114312 -0.983264
v -0.086111 -0.031143 -0.966852
v -0.651075 0.330130 -0.750010
v -0.547182 0.314955 -0.829359
v -0.398067 -0.057508 -0.860150
v -0.479707 0.117800 -0.852888
v -0.509264 -0.054192 -0.794734
v -0.437977 0.296905 -0.891826
v -0.329645 0.282302 -0.936983
v -0.108797 -0.463609 -0.832714
v -0.109628 -0.579930 -0.743311
v -0.095207 -0.181291 -0.937569
v -0.102620 -0.326089 -0.893552
v -0.328967 -0.362513 -0.803296
v -0.214383 -0.349221 -0.857833
v -0.310521 -0.210538 -0.862749
v -0.262368 0.107212 -0.948852
v -0.288931 -0.055625 -0.912874
v -0.183574 -0.048071 -0.949255
v -0.990005 0.527696 -0.000268
v -0.987763 0.485465 -0.061388
v -0.966567 0.174466 -0.089766
v -0.981541 0.339235 -0.077540
v -0.977451 0.244628 -0.002674
v -0.979410 0.456480 -0.140797
v -0.961553 0.431778 -0.233805
v -0.762982 -0.493880 -0.113425
v -0.839005 -0.338633 -0.110864
v -0.806073 -0.423185 -0.002866
v -0.870469 -0.108060 -0.314051
v -0.860946 -0.232314 -0.215236
v -0.807782 -0.286733 -0.327554
v -0.924473 -0.089301 -0.003618
v -0.897808 -0.170749 -0.105860
v -0.940227 0.005583 -0.099255
v -0.824050 0.372865 -0.551958
v -0.744736 0.347094 -0.656036
v -0.931448 0.413289 -0.335794
v -0.886242 0.395327 -0.443405
v -0.800179 -0.002058 -0.514890
v -0.851761 0.195976 -0.484466
v -0.866998 0.031335 -0.403990
v -0.946290 0.116416 -0.186690
v -0.914035 0.068865 -0.292160
v -0.943520 0.250892 -0.266168
v -0.064529 -0.981611 -0.063455
v -0.040402 -0.985910 0.000866
v -0.084458 -0.950610 -0.238017
v -0.078197 -0.971027 -0.144757
v -0.195016 -0.959664 0.000271
v -0.143110 -0.968659 -0.076337
v -0.235799 -0.943876 -0.084886
v -0.109454 -0.675025 -0.642699
v -0.106467 -0.770173 -0.541454
v -0.313805 -0.811682 -0.402434
v -0.211135 -0.799794 -0.478829
v -0.333850 -0.731627 -0.521789
v -0.102480 -0.858911 -0.443439
v -0.095909 -0.914588 -0.337720
v -0.621391 -0.698724 -0.001064
v -0.564104 -0.747706 -0.109665
v -0.670002 -0.632278 -0.112668
v -0.338897 -0.902250 -0.095091
v -0.450874 -0.837918 -0.103726
v -0.396801 -0.877539 -0.000374
v -0.525530 -0.713231 -0.329045
v -0.492103 -0.785700 -0.213446
v -0.409812 -0.808395 -0.313274
v -0.183615 -0.921944 -0.264862
v -0.290996 -0.873950 -0.288846
v -0.266467 -0.918532 -0.182824
v -0.691596 0.142401 -0.694901
v -0.725443 -0.178410 -0.531602
v -0.714611 -0.024496 -0.619431
v -0.617073 -0.044634 -0.714743
v -0.532413 -0.213188 -0.725197
v -0.707371 -0.547340 -0.226424
v -0.545161 -0.617389 -0.442263
v -0.633907 -0.591059 -0.336959
v -0.731317 -0.444376 -0.337923
v -0.731287 -0.321349 -0.437264
v -0.221796 -0.601821 -0.685939
v -0.440892 -0.364479 -0.729655
v -0.338465 -0.496777 -0.720313
v -0.336214 -0.617751 -0.620214
v -0.445531 -0.625692 -0.539173
v -0.644726 -0.347406 -0.544374
v -0.553327 -0.497742 -0.549387
v -0.548723 -0.359882 -0.644242
v -0.987761 0.481959 0.060036
v -0.961658 0.421067 0.231868
v -0.979326 0.447271 0.139204
v -0.981285 0.333027 0.073619
v -0.966257 0.170606 0.083670
v -0.744788 0.310951 0.660944
v -0.823792 0.335554 0.554231
v -0.866603 0.016132 0.395346
v -0.851078 0.166287 0.479774
v -0.801664 -0.019369 0.511014
v -0.885894 0.364035 0.443930
v -0.931205 0.391296 0.335071
v -0.835730 -0.335190 0.104189
v -0.758275 -0.494267 0.107111
v -0.939222 -0.000420 0.091514
v -0.896162 -0.170682 0.098600
v -0.800648 -0.287240 0.318487
v -0.855214 -0.232735 0.206912
v -0.866002 -0.116141 0.304429
v -0.943109 0.238052 0.261178
v -0.913704 0.059721 0.284133
v -0.945847 0.110394 0.179909
v -0.059237 0.208897 1.010480
v -0.086448 -0.053325 0.979323
v -0.075019 0.083078 0.999507
v -0.137362 0.204197 1.001482
v -0.228874 0.212752 0.983260
v -0.109111 -0.590797 0.753096
v -0.107003 -0.467613 0.836217
v -0.304628 -0.231303 0.863994
v -0.208621 -0.354960 0.852223
v -0.316764 -0.366219 0.788191
v -0.102228 -0.332582 0.900786
v -0.094619 -0.195087 0.946870
v -0.546368 0.255454 0.839820
v -0.650522 0.279437 0.757744
v -0.330514 0.225749 0.951966
v -0.437944 0.237734 0.904556
v -0.510466 -0.088093 0.807512
v -0.478549 0.071507 0.863994
v -0.398767 -0.090734 0.874683
v -0.183760 -0.072707 0.959310
v -0.288164 -0.088399 0.925698
v -0.262139 0.063923 0.960349
v -0.064691 -0.981357 0.065115
v -0.235328 -0.943702 0.085122
v -0.144385 -0.968122 0.077282
v -0.077636 -0.970588 0.146196
v -0.084860 -0.950606 0.236822
v -0.668323 -0.633618 0.109068
v -0.559925 -0.751187 0.105986
v -0.404429 -0.806799 0.308918
v -0.488910 -0.787312 0.209624
v -0.519039 -0.708482 0.323251
v -0.446241 -0.840973 0.098916
v -0.337798 -0.902485 0.093585
v -0.106493 -0.777831 0.546709
v -0.108453 -0.683229 0.647447
v -0.094271 -0.916151 0.338625
v -0.101009 -0.864883 0.446472
v -0.325367 -0.727965 0.512298
v -0.212328 -0.811001 0.486060
v -0.312421 -0.812401 0.402324
v -0.266492 -0.917638 0.183722
v -0.291094 -0.877891 0.290013
v -0.183782 -0.922566 0.265885
v -0.689432 0.107916 0.697120
v -0.531198 -0.233986 0.728980
v -0.620653 -0.073699 0.723499
v -0.718993 -0.050545 0.622013
v -0.732446 -0.200780 0.532260
v -0.217739 -0.603778 0.683654
v -0.439136 -0.626911 0.532544
v -0.328815 -0.621720 0.613785
v -0.324993 -0.497683 0.704802
v -0.429354 -0.373621 0.718492
v -0.701721 -0.546752 0.220067
v -0.730123 -0.329141 0.431624
v -0.719282 -0.446772 0.326492
v -0.625794 -0.587998 0.329243
v -0.539693 -0.615973 0.436152
v -0.543349 -0.375613 0.640420
v -0.545775 -0.502124 0.541170
v -0.643925 -0.360303 0.541238
v -0.087524 2.586150 -0.724912
v -0.117306 3.659832 -0.446549
v -0.131066 3.337473 -0.570789
v -0.308825 2.894418 -0.617962
v -0.328111 3.204796 -0.535442
v -0.180839 2.909966 0.688699
v -0.096419 2.912940 0.700500
v -0.466868 2.796550 -0.538525
v -0.113294 2.815148 -0.686504
v -0.136323 3.685434 0.508258
v -0.207023 2.858562 -0.661422
v -0.586657 2.681534 -0.441895
v -0.499182 3.068605 -0.444155
v -0.168291 3.772837 -0.359328
v -0.116862 3.897758 0.355324
v -0.621186 2.907935 -0.326586
v -0.388892 2.832465 -0.586320
v -0.338640 3.561977 0.453963
v -0.229424 3.268555 -0.563355
v -0.518294 3.279650 -0.331098
v -0.698237 2.761141 -0.200042
v -0.371229 3.659695 -0.279963
v -0.505486 3.419000 0.322238
v -0.256094 3.621523 0.487956
v -0.369171 3.759308 0.290422
v -0.629607 3.106421 -0.209259
v -0.128915 3.427849 0.598572
v -0.118439 3.938140 -0.228588
v -0.533758 2.725410 -0.494124
v -0.360732 3.433351 -0.431382
v -0.518878 3.494348 -0.167237
v -0.350270 3.259062 0.551323
v -0.502885 3.155810 0.431904
v -0.127137 4.005097 0.198906
v -0.734475 2.736835 0.047842
v -0.698620 2.911566 -0.083212
v -0.613304 3.298239 -0.048425
v -0.080832 3.204121 -0.615461
v -0.614492 3.030918 0.305171
v -0.328600 3.873461 -0.101224
v -0.685842 2.895172 0.172356
v -0.420625 3.140121 -0.494637
v -0.109979 4.052100 0.007638
v -0.080083 4.011801 -0.146946
v -0.665137 3.099174 0.066501
v -0.484804 3.678170 0.028029
v -0.292800 3.942376 -0.023309
v -0.143728 3.504450 -0.510806
v -0.347650 3.338812 -0.481300
v -0.573249 3.442661 0.113084
v -0.436083 3.696115 0.248853
v -0.128165 2.961499 -0.660900
v -0.132458 3.805186 0.433390
v -0.483331 2.936493 -0.497313
v -0.331703 3.902824 0.139608
v -0.604903 3.242709 0.205573
v -0.509707 3.508740 0.265375
v -0.310429 3.054697 -0.585156
v -0.204098 3.551455 -0.471940
v -0.040434 2.799100 -0.697740
v -0.130585 3.077328 0.672687
v -0.608703 2.785488 -0.387403
v -0.458026 3.738594 0.104326
v -0.666226 2.825677 -0.263508
v -0.701570 2.835048 -0.137341
v -0.274778 2.755023 -0.654715
v -0.134471 3.552075 0.564605
v -0.130388 3.963329 0.275134
v -0.511251 3.190347 -0.385446
v -0.142872 3.858131 -0.302500
v -0.565702 2.995570 -0.386849
v -0.627166 3.022600 -0.264683
v -1.132200 -0.056347 0.058292
v -0.658553 -0.303598 -0.836634
v -1.178692 1.553595 0.210411
v -0.546673 -0.401363 0.830178
v -0.576757 -1.050814 0.031651
v -1.055660 -0.117394 -0.314007
v -0.917040 0.825816 -0.514123
v -1.274664 1.064798 0.133696
v -0.197717 -0.029678 -0.933381
v -0.086077 -0.532633 -0.925766
v -0.403150 -0.208831 0.260430
v -0.607005 0.155615 -0.476481
v -0.175969 -0.202929 1.012492
v -0.872160 0.569271 0.760369
v -0.991400 -0.162954 0.474132
v -0.395162 0.068919 0.801463
v -0.288253 -0.715675 -0.798758
v -0.950669 -0.661624 0.054892
v -0.691068 -0.847322 -0.410271
v -0.377897 -1.101142 -0.320273
v -0.211226 -1.342292 0.086820
v -0.719675 -0.795287 0.417138
v -0.291828 -0.784911 0.764594
v -0.354195 -1.115540 0.390336
v -1.113762 -0.066771 -0.108987
v -1.196174 0.589366 -0.093738
v -1.173838 0.208438 0.118317
v -0.730632 0.322879 -0.807067
v -1.042837 0.449725 -0.422609
v -0.915026 -0.191313 -0.586703
v -1.294393 1.660932 0.112767
v -1.177076 1.382916 -0.113762
v -1.063106 1.526202 -0.221086
v -0.076628 -0.279523 -0.741044
v -0.310701 -0.369616 -0.974827
v -0.101624 -0.341213 -1.004854
v -0.388553 0.013344 -1.006331
v -0.162829 -0.362971 0.266645
v -0.288422 -0.319638 0.030634
v -0.988021 0.955726 -0.135813
v -0.615712 0.028636 -0.048505
v -0.796347 0.373515 0.346692
v -0.327749 -0.268783 -0.261693
v -0.240615 -0.204165 -0.583105
v -0.529000 0.348119 -0.910574
v -0.403708 0.087514 -0.767823
v -0.779081 0.621592 -0.570950
v -0.382675 -0.170724 0.965125
v -0.128865 -0.373299 0.973753
v -0.282835 -0.393276 0.949330
v -0.085835 -0.359589 0.978491
v -0.077862 -0.243264 0.958416
v -1.164444 0.442359 0.422443
v -1.102919 -0.065523 0.269576
v -1.070022 1.077200 0.611569
v -1.218194 1.049800 0.486237
v -0.795304 -0.305741 0.663833
v -0.901101 0.285511 0.701959
v -0.630451 0.044247 0.845078
v -0.214660 -0.307126 0.457731
v -0.147774 -0.142626 0.874920
v -0.218045 -0.181214 0.720312
v -0.489605 -0.000418 0.557980
v -0.878582 0.633911 0.615924
v -0.479501 0.128996 0.939427
v -0.641077 0.398781 0.831473
v -0.217194 -0.028185 0.971459
v -0.437793 -0.610192 -0.827277
v -0.191940 -0.559699 -0.909965
v -0.122827 -0.890762 -0.682345
v -1.081669 -0.306244 0.074694
v -1.041285 -0.401083 -0.144736
v -0.647833 -0.972076 -0.174204
v -0.846053 -0.772194 -0.216242
v -0.777085 -0.879070 0.076501
v -0.940330 -0.502049 -0.379186
v -0.737086 -0.603472 -0.620347
v -0.125904 -1.380288 -0.050942
v -0.109936 -1.444203 0.098043
v -0.390188 -1.193397 0.079660
v -0.298835 -1.238876 -0.105281
v -0.476107 -1.109215 -0.159781
v -0.517042 -0.840321 -0.600028
v -0.496176 -1.002766 -0.387355
v -0.390124 -0.941436 -0.558728
v -0.981741 -0.495870 0.292480
v -0.684106 -0.608729 0.639740
v -0.827057 -0.569431 0.498612
v -0.836103 -0.751763 0.246291
v -0.652228 -0.959257 0.237400
v -0.115680 -0.958930 0.688074
v -0.120251 -0.738721 0.838876
v -0.175719 -0.599349 0.896285
v -0.377354 -0.554430 0.858021
v -0.161224 -1.334105 0.197874
v -0.448681 -1.129107 0.203901
v -0.298805 -1.214327 0.255118
v -0.167300 -1.219761 0.375200
v -0.160671 -1.095604 0.544546
v -0.509266 -0.715193 0.709407
v -0.341591 -0.927268 0.631341
v -0.514469 -1.011799 0.378632
v -1.123361 -0.080659 -0.018427
v -1.146811 0.069402 -0.001917
v -1.147160 0.055069 0.087515
v -1.106252 0.216082 -0.256758
v -1.158934 0.238715 -0.082247
v -1.095925 -0.053279 -0.205952
v -1.238889 0.615699 0.152105
v -1.200055 0.404786 0.033687
v -1.237396 0.831041 0.025672
v -0.655889 -0.015049 -0.890863
v -0.802267 0.053022 -0.764255
v -0.785715 -0.224532 -0.743235
v -1.001332 0.703542 -0.455106
v -0.945578 0.369284 -0.587290
v -0.826339 0.507391 -0.695912
v -1.005644 -0.143063 -0.439733
v -0.932426 0.068607 -0.615869
v -1.033222 0.111220 -0.431899
v -1.202544 1.747353 -0.093262
v -1.138745 1.723020 -0.063163
v -1.244190 1.263256 0.003213
v -1.216274 1.545056 -0.047882
v -1.287797 1.463019 0.098931
v -0.995050 1.215385 -0.339755
v -1.123975 1.501766 -0.172147
v -1.053168 1.221146 -0.281241
v -1.128102 0.528817 -0.263182
v -1.123962 0.862547 -0.270254
v -1.199318 1.006091 -0.114507
v -0.032948 -0.370074 -0.696141
v -0.048800 -0.244510 -0.893004
v -0.030535 -0.336835 -0.800805
v -0.127740 -0.145024 -0.843547
v -0.482790 -0.388460 -0.915378
v -0.380258 -0.219194 -0.991842
v -0.514021 -0.165128 -0.956053
v -0.091496 -0.453295 -0.962095
v -0.200486 -0.335404 -1.001499
v -0.209580 -0.444211 -0.964895
v -0.234762 -0.011222 -1.041614
v -0.220438 -0.182452 -1.025392
v -0.094316 -0.176394 -1.020617
v -0.075938 -0.388156 0.264575
v -0.096496 -0.386296 0.192419
v -0.335126 -0.282645 0.163317
v -0.210778 -0.356517 0.196921
v -0.270548 -0.320935 0.252304
v -0.113099 -0.385531 0.092716
v -0.172750 -0.368712 -0.029496
v -1.093977 1.415025 -0.001490
v -0.996154 0.841875 0.087341
v -1.118132 1.243621 0.254428
v -0.641959 0.138398 -0.359587
v -0.867769 0.471860 -0.018143
v -0.797283 0.450564 -0.353013
v -0.569406 0.004095 0.284415
v -0.710616 0.183062 0.156366
v -0.481866 -0.128363 0.148749
v -0.101838 -0.331964 -0.480303
v -0.077691 -0.331845 -0.592402
v -0.138506 -0.365580 -0.213241
v -0.143642 -0.341407 -0.339488
v -0.440654 -0.031621 -0.578433
v -0.275393 -0.243767 -0.461707
v -0.546606 -0.024205 -0.357583
v -0.371861 -0.250943 -0.003090
v -0.480776 -0.142680 -0.144683
v -0.338117 -0.276694 -0.102214
v -0.575859 0.197064 -0.927409
v -0.339036 0.143284 -0.967665
v -0.455301 0.200555 -0.984102
v -0.637447 0.364212 -0.866413
v -0.738572 0.569732 -0.752830
v -0.150952 -0.216325 -0.685070
v -0.516153 0.145182 -0.650842
v -0.329649 -0.062822 -0.688649
v -0.217687 -0.093924 -0.775775
v -0.297420 0.022833 -0.842036
v -1.023023 1.355511 -0.209940
v -0.815731 0.774716 -0.595606
v -0.924862 1.042447 -0.355867
v -0.887294 0.768781 -0.369432
v -0.698912 0.402129 -0.550445
v -0.460737 0.241032 -0.863684
v -0.564086 0.297253 -0.730200
v -0.658102 0.493910 -0.747257
v -0.441174 -0.225657 0.929341
v -0.324560 -0.298476 0.964818
v -0.400995 -0.366408 0.920288
v -0.142953 -0.293724 0.994922
v -0.211819 -0.319532 0.982491
v -0.245824 -0.164271 1.007873
v -0.169599 -0.471472 0.940467
v -0.189442 -0.389123 0.965167
v -0.120048 -0.406104 0.964184
v -0.022730 -0.382538 0.893367
v -0.104442 -0.236268 0.999773
v -0.051914 -0.328872 0.965927
v -0.093956 -0.303040 0.992125
v -0.093884 -0.418303 0.960952
v -0.111673 -0.357238 0.978853
v -1.132186 0.037582 0.209407
v -1.125786 -0.068014 0.134757
v -1.256035 0.788794 0.288419
v -1.197842 0.389211 0.260792
v -1.073942 -0.055671 0.365266
v -1.142186 0.186978 0.303827
v -1.073886 0.140634 0.439465
v -1.187955 1.474324 0.429973
v -1.261906 1.574152 0.407872
v -1.085779 0.800056 0.628691
v -1.210100 1.225714 0.506103
v -0.960000 0.793625 0.720406
v -1.303165 1.394456 0.297664
v -1.292239 1.151806 0.288879
v -0.656489 -0.374704 0.763086
v -0.693218 -0.148013 0.780689
v -0.569819 -0.218575 0.852713
v -0.969398 0.085834 0.569245
v -0.825672 -0.019548 0.694688
v -0.893814 -0.262695 0.572558
v -0.741567 0.249460 0.802265
v -0.768330 0.147948 0.769915
v -0.874893 0.423471 0.745394
v -1.232128 0.884350 0.434028
v -1.093214 0.610495 0.597583
v -1.104636 0.357103 0.492858
v -0.072557 -0.375672 0.364963
v -0.112382 -0.327751 0.562179
v -0.096947 -0.354720 0.459776
v -0.158049 -0.347394 0.364536
v -0.334654 -0.248103 0.425624
v -0.068232 -0.273621 0.844121
v -0.320547 -0.072818 0.749412
v -0.185681 -0.160592 0.787591
v -0.227750 -0.087947 0.848380
v -0.079663 -0.279706 0.774798
v -0.946783 0.706003 0.499905
v -1.122884 1.244680 0.427506
v -0.435276 -0.143217 0.401853
v -0.640317 0.163968 0.443565
v -0.622302 0.295159 0.707834
v -0.697184 0.296382 0.559673
v -0.477700 0.098212 0.693061
v -0.221390 -0.258603 0.577369
v -0.362631 -0.114061 0.646471
v -0.397231 -0.142964 0.541907
v -0.515783 -0.070723 0.902691
v -0.671434 0.312518 0.844229
v -0.548738 0.147474 0.900971
v -0.436758 0.006931 0.953909
v -0.316214 -0.035387 1.005553
v -0.989353 0.868697 0.602963
v -0.503665 0.232732 0.839465
v -0.726706 0.465750 0.754188
v -0.847827 0.645357 0.736321
v -0.764508 0.489967 0.817521
v -0.098500 -0.200201 0.919640
v -0.180679 -0.117386 1.018804
v -0.112792 -0.174947 0.983271
v -0.144041 -0.125072 0.938302
v -0.299898 0.024799 0.901523
v -0.564068 0.306469 0.903967
v -0.436127 0.175566 0.898777
v -0.342540 0.099485 0.989485
v -0.078123 -0.642153 -0.863521
v -0.597425 -0.483713 -0.813287
v -0.401651 -0.475941 -0.912076
v -0.260298 -0.626794 -0.865238
v -0.346485 -0.612646 -0.854708
v -0.355216 -0.692186 -0.799347
v -0.277918 -0.524474 -0.919578
v -0.052262 -0.875624 -0.696379
v -0.027446 -0.797272 -0.756441
v -0.254210 -0.792913 -0.743772
v -0.118703 -0.796643 -0.757532
v -0.194128 -0.670043 -0.843763
v -1.110566 -0.177759 0.056926
v -1.093070 -0.230458 -0.052244
v -1.018589 -0.504646 -0.094007
v -1.060204 -0.384797 -0.022223
v -1.030125 -0.486633 0.059466
v -1.068755 -0.269178 -0.162914
v -1.030748 -0.296145 -0.287686
v -0.632711 -1.002335 -0.041166
v -0.733319 -0.920916 -0.017616
v -0.670728 -0.976093 0.057819
v -0.772579 -0.816157 -0.320411
v -0.760281 -0.883085 -0.131577
v -0.718197 -0.894823 -0.244726
v -0.851241 -0.799426 0.048207
v -0.843853 -0.803776 -0.083197
v -0.938974 -0.679561 -0.082888
v -0.815901 -0.392969 -0.650652
v -0.708752 -0.456553 -0.737747
v -0.970649 -0.324161 -0.417822
v -0.910234 -0.331765 -0.530334
v -0.715453 -0.727819 -0.542881
v -0.840264 -0.552411 -0.517172
v -0.809084 -0.715519 -0.427843
v -0.971373 -0.582153 -0.184560
v -0.902558 -0.655346 -0.303824
v -1.002056 -0.449445 -0.250697
v -0.064238 -1.471485 0.055421
v -0.042890 -1.483464 0.113654
v -0.079968 -1.354724 -0.111727
v -0.070117 -1.438373 -0.014497
v -0.164424 -1.390177 0.080414
v -0.136770 -1.413043 0.025733
v -0.192081 -1.356494 0.008215
v -0.096784 -1.104391 -0.463288
v -0.263359 -1.178099 -0.279907
v -0.205824 -1.102019 -0.431111
v -0.320025 -1.063876 -0.428365
v -0.101508 -1.299533 -0.176423
v -0.482591 -1.125189 0.082849
v -0.430716 -1.161121 -0.030705
v -0.553511 -1.060128 -0.085199
v -0.248517 -1.304140 -0.001936
v -0.351838 -1.220777 -0.006084
v -0.305784 -1.258462 0.068792
v -0.413706 -1.126341 -0.230039
v -0.374147 -1.181479 -0.138354
v -0.324788 -1.177367 -0.228132
v -0.156999 -1.302082 -0.143336
v -0.224757 -1.231230 -0.216585
v -0.220368 -1.290958 -0.100662
v -0.592238 -0.634490 -0.725943
v -0.630218 -0.807607 -0.539740
v -0.586975 -0.729287 -0.653642
v -0.440357 -0.700226 -0.764188
v -0.426995 -0.768087 -0.715188
v -0.545840 -1.051427 -0.175404
v -0.428580 -1.043023 -0.379589
v -0.493135 -1.055205 -0.287932
v -0.578294 -1.007314 -0.250661
v -0.606421 -0.935817 -0.373551
v -0.368410 -0.821894 -0.690511
v -0.242360 -0.927610 -0.630644
v -0.276546 -1.018784 -0.515009
v -0.395726 -1.011345 -0.457577
v -0.557434 -0.882743 -0.514652
v -0.455544 -0.955101 -0.497461
v -0.438670 -0.864315 -0.623101
v -1.098241 -0.174406 0.194164
v -1.010015 -0.327167 0.379010
v -1.068700 -0.234544 0.278047
v -1.052141 -0.390827 0.143768
v -0.990005 -0.565414 0.136396
v -0.641733 -0.508584 0.726969
v -0.766784 -0.444664 0.643806
v -0.776405 -0.672079 0.473579
v -0.763354 -0.568571 0.583532
v -0.692549 -0.706539 0.554020
v -0.842976 -0.455226 0.555930
v -0.929579 -0.417274 0.465639
v -0.714578 -0.925268 0.150235
v -0.630160 -1.001011 0.145896
v -0.896961 -0.721120 0.146431
v -0.819511 -0.817072 0.150469
v -0.688470 -0.895211 0.309509
v -0.758782 -0.850112 0.236788
v -0.776330 -0.772135 0.342590
v -0.925519 -0.522020 0.389088
v -0.860161 -0.645968 0.357340
v -0.940248 -0.615567 0.231090
v -0.054798 -1.001165 0.663820
v -0.061372 -0.923140 0.730172
v -0.185780 -0.770248 0.806728
v -0.235018 -0.881669 0.713189
v -0.080570 -0.806061 0.806872
v -0.334644 -0.461232 0.910871
v -0.472076 -0.495062 0.840798
v -0.217468 -0.512027 0.920973
v -0.272527 -0.573582 0.885298
v -0.244318 -0.710280 0.827250
v -0.066783 -1.444040 0.155286
v -0.192570 -1.341246 0.143343
v -0.136965 -1.395040 0.139814
v -0.088701 -1.378801 0.200781
v -0.094157 -1.315398 0.271428
v -0.541302 -1.074217 0.131134
v -0.429804 -1.159304 0.135242
v -0.330019 -1.171070 0.310172
v -0.372637 -1.180443 0.214623
v -0.414890 -1.114619 0.310460
v -0.355908 -1.209786 0.145939
v -0.265828 -1.278457 0.141405
v -0.086149 -1.151324 0.501628
v -0.067102 -1.086007 0.579545
v -0.091095 -1.268805 0.336278
v -0.090537 -1.213726 0.422171
v -0.266966 -1.108720 0.479654
v -0.191205 -1.156297 0.454338
v -0.268209 -1.175383 0.368922
v -0.224900 -1.276103 0.220804
v -0.244820 -1.223331 0.304767
v -0.175667 -1.266379 0.289328
v -0.545554 -0.579827 0.763878
v -0.363276 -0.751804 0.759050
v -0.438232 -0.649698 0.785953
v -0.596143 -0.659995 0.684291
v -0.608590 -0.802215 0.555982
v -0.102295 -1.027572 0.628992
v -0.354645 -1.014895 0.531142
v -0.252240 -1.049791 0.556378
v -0.229276 -0.958259 0.651077
v -0.311587 -0.853343 0.707206
v -0.575189 -1.028972 0.222069
v -0.632707 -0.902201 0.396293
v -0.589745 -0.988235 0.304789
v -0.509065 -1.056183 0.290831
v -0.447331 -1.061821 0.377209
v -0.451590 -0.870760 0.622431
v -0.467528 -0.979782 0.483086
v -0.531641 -0.894450 0.532966
v -1.200194 1.795308 0.154237
v -1.277167 1.939662 0.219400
v -1.154345 1.682500 -0.149044
v -1.089115 1.545064 -0.099472
v -1.158236 1.624739 0.069046
v -1.289823 1.805047 0.245013
v -1.180387 1.508634 0.293718
v -0.991985 1.326089 -0.267702
v -1.158821 1.403097 0.295419
v -1.185973 1.390762 0.525369
v -1.103937 1.191598 0.527307
v -0.852126 0.793472 -0.478724
v -1.146697 1.486238 0.126606
v -0.879081 0.685404 0.683434
v -1.177385 1.592641 -0.100410
v -1.301139 1.627935 0.263574
v -0.902254 1.009184 -0.436948
v -0.985187 1.114116 -0.216655
v -1.035683 1.277105 -0.132587
v -1.078063 1.385191 -0.240964
v -1.239020 1.708278 -0.010673
v -1.036550 1.111263 -0.035157
v -0.994440 0.891250 0.663974
v -1.038246 0.944224 0.491685
v -1.076085 1.180802 0.103097
v -0.745455 0.636769 -0.669966
v -0.806330 0.575967 -0.455093
v -1.156965 1.503303 -0.129945
v -1.308270 1.540185 0.190357
v -1.005987 1.032048 -0.360900
v -1.260278 1.607696 0.026675
v -1.123454 1.385081 -0.183720
v -1.084380 1.089375 0.411072
v -0.911860 0.660272 -0.206223
v -0.951372 0.727349 -0.072030
v -1.007243 0.813176 0.320895
v -1.233723 1.434758 -0.023239
v -0.927124 0.594558 -0.569317
v -0.804083 0.480221 0.587234
v -1.246697 1.353576 0.453117
v -1.084697 0.978333 0.643858
v -1.139381 0.979200 0.582394
v -0.869537 0.638242 0.767779
v -1.016347 0.812459 0.693286
v -0.530681 -0.947094 -0.444980
v -0.488336 -0.898618 -0.552708
v -0.906602 0.556194 0.160152
v -0.828287 0.465073 0.483026
v -0.753170 0.274433 -0.211121
v -0.820809 0.683954 -0.651727
v -0.977480 0.677057 0.705518
v -0.761043 0.353024 0.802058
v -0.984578 0.536153 -0.508492
v -0.979893 0.534209 0.687262
v -1.270278 1.129580 0.390902
v -1.087887 0.643538 -0.342776
v -0.815831 0.255378 0.755578
v -1.301816 1.264163 0.223804
v -1.162538 1.176657 -0.164712
v -0.824283 0.325401 -0.727412
v -1.162399 0.827892 0.543686
v -1.061632 0.940842 -0.331096
v -1.014826 0.313800 0.596491
v -1.172404 0.751117 -0.188205
v -0.731827 0.449318 -0.785228
v -1.067995 1.017604 0.375537
v -0.925928 0.626546 0.441631
v -1.044428 0.969594 0.662482
v -1.193209 1.236976 -0.104312
v -1.138411 1.168158 0.597886
v -0.953572 0.671198 0.220993
v -1.048694 1.002529 0.186892
v -0.844412 0.143155 0.713305
v -1.117092 1.591563 -0.038020
v -1.092119 1.647051 -0.147280
v -0.962982 0.784353 0.561163
v -0.745754 0.507399 0.782360
v -1.177547 1.782363 0.030182
v -1.063612 1.406068 -0.107259
v -0.773575 0.483951 0.670484
v -0.627535 0.354561 0.783539
v -1.073800 0.323711 -0.356298
v -0.763987 0.437533 0.809121
v -1.163133 0.604090 0.496308
v -1.224501 1.739121 0.374587
v -1.127562 1.261807 0.354441
v -1.109025 1.580047 -0.199724
v -1.030886 1.378435 -0.278622
v -0.985507 0.623991 0.695503
v -1.284439 1.268027 0.117622
v -1.063104 1.015102 0.275585
v -1.237601 1.414622 0.465703
v -0.974604 1.249500 -0.279739
v -1.027653 1.304124 -0.295551
v -1.239641 1.051945 0.008229
v -1.279101 0.996539 0.280553
v -1.300030 1.367205 0.161929
v -1.059794 1.467442 -0.152318
v -0.955948 1.006631 -0.416973
v -0.999679 1.120644 -0.345892
v -0.850839 0.535874 0.549089
v -1.212712 1.654590 0.340169
v -1.146393 1.332464 0.516567
v -0.951795 0.817351 0.658009
v -1.054976 1.011198 0.522520
v -1.225756 0.728252 0.399963
v -1.260016 1.251677 0.423402
v -1.196834 1.626431 0.271035
v -1.021896 0.877294 0.446057
v -1.166374 0.954718 0.548024
v -1.260290 0.830570 0.156442
v -1.185184 1.639061 0.178133
v -0.984986 0.407414 0.659634
v -1.281831 1.509627 0.364268
v -1.158968 1.386540 0.422546
v -0.932471 0.634888 0.050541
v -1.127366 1.527369 0.035569
v -1.158294 1.438958 0.221229
v -1.207081 0.818903 -0.095443
v -1.267198 1.356804 0.053870
v -0.791488 0.563585 0.787889
v -0.919278 0.733959 0.623707
v -1.186596 0.774529 0.502362
v -0.944116 0.645221 0.342122
v -1.125017 1.286716 -0.196589
v -1.132519 0.311967 0.418432
v -1.181508 1.714794 0.111968
v -1.033874 0.975928 0.603318
v -1.094598 1.085990 -0.263049
v -1.146747 1.341488 0.477110
v -1.160921 1.388475 0.368741
v -1.232368 1.933840 0.123351
v -1.063190 1.049742 0.554172
v -1.214291 1.151901 -0.066409
v -0.861108 0.579288 0.585685
v -1.213158 1.565887 0.455011
v -1.064481 1.240888 -0.007076
v -1.277181 1.757727 0.332167
v -1.109867 1.343448 0.108620
v -0.928392 0.705838 0.742273
v -1.275904 1.057709 0.347299
v -1.273627 0.924016 0.229720
v -1.171819 1.824377 -0.029905
v -1.304404 1.523304 0.280191
v -1.224952 1.170697 0.481324
v -1.200408 1.463442 -0.081087
v -1.220696 0.969907 0.473848
v -1.084650 1.291287 0.043798
v -0.939983 0.785316 0.637223
v -0.982604 1.184262 -0.256027
v -1.043799 1.051443 0.070811
v -0.925632 0.770356 0.701034
v -1.295033 1.238906 0.321860
v -1.022539 0.988395 0.013368
v -1.012432 0.830135 0.396788
v -1.291970 1.576100 0.103229
v -1.087043 1.110594 0.461056
v -1.260484 1.183803 0.054293
v -1.036659 0.979883 0.636386
v -0.951975 0.967001 -0.265297
v -0.892240 0.580313 0.490844
v -1.289908 1.295051 0.347080
v -1.080071 0.894445 0.638386
v -1.012840 1.138582 -0.140172
v -1.224752 0.620906 0.036323
v -1.258112 1.021041 0.396913
v -1.216068 1.908072 -0.056004
v -1.307727 1.438422 0.203474
v -1.165391 0.317013 0.334354
v -1.214405 0.556484 0.347268
v -1.169871 1.803819 -0.107780
v -1.234365 0.600466 0.274359
v -1.044166 0.664198 0.654164
v -1.208583 1.668599 -0.058477
v -1.065672 1.341828 -0.063395
v -1.187667 0.943420 0.518611
v -0.949126 0.691515 0.725282
v -0.992138 0.818335 0.504507
v -1.039099 0.900379 0.680837
v -1.097991 0.714511 0.609414
v -1.256294 0.938499 0.086428
v -1.226592 1.476650 0.477826
v -0.675037 0.416370 0.793084
v -1.208692 0.406291 0.144397
v -0.801393 0.568978 0.746093
v -1.137568 1.068580 0.589296
v -1.164951 1.295012 -0.142769
v -1.285360 1.699642 0.310189
v -1.116398 1.638015 -0.077738
v -1.214670 1.611795 0.394713
v -0.934675 0.407528 0.702502
v -1.136639 1.028212 -0.223860
v -0.950491 0.676928 0.124783
v -1.137308 1.383333 0.177323
v -1.174100 1.446812 0.482800
v -1.085763 1.458233 -0.057981
v -1.081850 1.040564 0.642718
v -1.134380 1.263203 0.568376
v -1.145926 1.682492 -0.010891
v -1.221150 1.800414 0.267276
v -1.260239 1.473880 0.418976
v -1.211710 1.336422 -0.061270
v -1.077749 1.112671 0.201836
v -1.221391 1.858233 0.201981
v -0.816683 0.530285 0.788953
v -0.969630 0.723832 0.431743
v -1.106999 1.170762 0.330134
v -1.291883 1.180549 0.183271
v -0.916346 0.677133 0.561175
v -1.258632 1.679948 0.397348
v -1.187918 1.773354 0.095143
v -1.166999 1.568881 0.137641
v -1.010704 1.258204 -0.197047
v -0.818223 0.446108 0.777433
v -1.258828 1.504710 0.023372
v -1.149763 1.434131 -0.145313
v -1.189617 1.523559 0.370266
v -0.898555 0.716359 0.734388
v -0.924358 0.576205 0.729042
v -1.024467 0.741339 0.678047
v -1.166298 1.703867 0.048538
v -1.271937 1.745456 0.055233
v -0.990378 0.876980 -0.044550
v -1.105833 1.178373 0.424648
v -1.187747 1.609452 0.229279
v -1.258689 1.919178 0.024072
v -1.202296 1.098329 0.512295
v -1.008729 0.847180 0.207279
v -1.096904 1.475561 -0.213731
v -1.071141 1.545033 -0.154090
v -1.174024 1.500964 0.242896
v -1.224093 0.913096 -0.040173
v -1.285049 1.610052 0.336949
v -1.273993 1.384357 0.396090
v -1.257125 0.861790 0.338509
v -1.165232 1.763792 -0.011600
v -1.065472 1.067015 0.577118
v -1.243118 0.728317 0.091613
v -0.991645 0.889445 0.632985
v -1.106579 1.192835 0.567222
v -1.290541 1.105355 0.254744
v -1.101633 1.240456 0.169798
v -1.012686 0.897620 0.550812
v -1.040874 1.348959 -0.149191
v -1.116915 1.183542 -0.222893
v -0.819880 0.525091 0.617698
v -1.223370 1.782651 -0.039285
v -1.283202 1.971754 0.123585
v -1.301362 1.736670 0.180890
v -1.094868 1.148252 0.497199
v -1.137462 1.307975 0.456562
v -1.252025 0.713348 0.217255
v -1.124758 1.454798 0.076069
v -0.885983 0.538027 0.394957
v -1.203142 0.861966 0.489353
v -1.250711 1.059154 0.428072
v -0.967819 0.748792 0.722766
v -1.102475 1.490391 -0.018912
v -0.786321 0.425398 0.544013
v -1.090224 0.445440 0.551268
v -1.083271 1.297561 -0.236855
v -0.908750 0.740880 0.689077
v -1.132184 1.671227 -0.048439
v -1.238700 1.131192 0.456372
v -1.136975 1.608955 0.010366
v -1.147322 1.349567 -0.157826
v -1.037437 1.188720 -0.078391
v -1.034304 0.225148 0.537187
v -1.204150 0.740659 0.459154
v -0.906053 0.558017 0.290359
v -1.219874 0.718348 -0.031669
v -1.137263 0.472334 0.490738
v -1.144246 1.605508 -0.149563
v -1.193243 1.854572 -0.086611
v -1.180781 1.674159 -0.095675
v -1.134190 1.732606 -0.128337
v -1.202060 0.596360 0.411773
v -1.159478 0.700682 0.530306
v -1.191301 0.444390 0.348388
v -1.186833 1.528549 -0.088982
v -1.057358 1.150630 0.031911
v -1.031068 0.435217 0.620188
v -1.138619 0.898539 0.577549
v -1.260039 1.097133 0.068036
v -1.117653 0.562749 0.553590
v -1.055948 0.985351 0.435536
v -1.266309 1.274693 0.059676
v -1.279573 1.177149 0.122999
v -0.753645 0.248453 -0.028340
v -0.663428 0.384940 0.862231
v -0.909801 -0.103494 0.591314
v -0.666471 0.157329 0.317354
v -0.567523 0.230983 0.894395
v -0.588761 0.204110 0.648239
v -0.649622 0.199176 0.848103
v -0.582478 0.001509 0.135106
v -0.488135 -0.131589 -0.004214
v -1.150237 0.401061 -0.182301
v -1.023636 -0.000522 0.469534
v -0.959431 -0.293855 0.477879
v -0.857341 -0.353278 0.584854
v -0.525795 -0.795279 0.639014
v -0.446765 -0.781037 0.698423
v -0.558608 -0.939391 0.440128
v -0.383197 -0.822913 0.700530
v -0.587516 -0.958270 0.371260
v -0.431829 -0.720337 0.748478
v -0.600652 -0.876947 0.476252
v -0.337735 -0.803013 0.735225
v -0.657627 -0.836433 0.453953
v -0.578627 -0.741158 0.642933
v -0.836308 0.401532 0.170070
v -0.631149 -0.720001 0.614135
v -0.683750 -0.777677 0.490797
v -0.720909 -0.509128 0.658804
v -0.519047 -0.644136 0.746649
v -0.728839 -0.739706 0.471488
v -0.655496 -0.676248 0.624618
v -0.686351 -0.853889 0.386055
v -0.630307 -0.940166 0.335767
v -0.392038 -0.698679 0.780227
v -0.723688 -0.832633 0.353145
v -0.885560 -0.498468 0.475064
v -0.642217 -0.947563 0.296845
v -0.742660 -0.636139 0.556508
v -0.761139 -0.739023 0.420806
v -0.614625 -0.580415 0.715003
v -0.795416 -0.511837 0.580217
v -0.335487 -0.672389 0.816593
v -0.780231 -0.613603 0.528580
v -0.738426 -0.838933 0.310461
v -0.705646 -0.909556 0.233312
v -0.728924 0.008519 0.776683
v -0.590718 -0.096581 0.855035
v -0.615718 0.178207 0.557249
v -1.043011 -0.196840 0.375338
v -0.726649 0.301865 0.458803
v -0.795186 -0.708652 0.398656
v -0.878084 -0.562058 0.430291
v -0.974344 -0.425801 0.381856
v -0.931701 -0.574526 0.317545
v -0.887414 -0.687652 0.245082
v -0.539388 0.002990 0.425335
v -0.686449 -0.453398 0.714670
v -0.554345 -0.492448 0.794316
v -0.700809 -0.282220 0.753521
v -0.785371 -0.154760 0.707218
v -0.523840 0.042691 0.908336
v -0.770461 -0.871276 0.152909
v -0.461018 -0.568710 0.814722
v -0.472408 -0.125372 0.269614
v -1.206272 1.716574 0.262095
v -1.223747 1.739602 0.330586
v -0.484186 0.172097 0.777753
v -0.419686 -0.946054 0.565599
v -0.845610 0.468217 -0.205615
v -0.488410 -0.306509 0.889729
v -0.331337 -0.092238 0.992558
v -0.482409 -0.161190 0.913591
v -0.295629 -0.727857 0.799724
v -0.278917 -0.904268 0.678718
v -0.478030 -0.392419 0.873813
v -0.374160 -0.869679 0.667425
v -0.245920 -0.827147 0.750644
v -0.170064 -1.030707 0.606068
v -0.294988 -0.988969 0.596669
v -0.291579 -0.228868 0.989448
v -0.144667 -0.983836 0.656994
v -0.425551 -0.428358 0.889297
v -0.422378 -0.298623 0.926835
v -0.396516 -0.251641 0.947612
v -0.160074 -0.803669 0.792660
v -0.190932 -0.262942 0.997458
v -0.257482 -0.751225 0.799064
v -0.098247 -0.986283 0.668231
v -0.126722 -1.062221 0.589582
v -0.051251 -1.038609 0.629617
v -0.237360 -0.103619 1.016819
v -0.277652 -0.634033 0.856216
v -0.212276 -0.432207 0.949144
v -0.194184 -0.728088 0.830333
v -0.313841 -0.527020 0.892006
v -0.127648 -0.260210 1.003905
v -0.072928 -0.959189 0.698150
v -0.353675 -0.349926 0.942501
v -0.334991 -0.399672 0.933344
v -0.259869 -0.451560 0.933996
v -0.140404 -0.892722 0.736489
v -0.109159 -0.857569 0.769409
v -0.326167 -0.602384 0.855332
v -0.263191 -0.337852 0.969564
v -0.216688 -0.567210 0.901641
v -0.403582 -0.485265 0.876370
v -0.064912 -0.858942 0.776084
v -0.232954 -0.663616 0.855931
v -0.031903 -0.748257 0.842176
v -0.046727 -0.434200 0.953792
v -0.378612 -0.615758 0.829412
v -0.132367 -0.182346 1.012604
v -0.411659 -0.168446 -0.409186
v -0.421197 0.029573 -0.678740
v -0.345117 -0.118030 -0.599314
v -0.304461 -0.011349 -0.782691
v -0.244941 -0.304555 -0.323927
v -0.240280 -0.145612 -0.677072
v -0.206165 -0.063202 -0.845902
v -0.174284 -0.298265 -0.446077
v -0.250318 -0.325872 -0.168921
v -0.155311 -0.254575 -0.597224
v -0.139254 -0.166131 -0.780088
v -0.064217 -0.399936 -0.237752
v -0.063290 -0.377182 -0.394210
v -0.085461 -0.393849 -0.093520
v -0.106654 -0.135406 -0.934535
v -0.368269 -0.160088 -0.503913
v -0.044511 -0.379467 -0.524000
v -0.083078 -0.298051 -0.677063
v -0.062005 -0.262134 -0.811071
v -0.038199 -0.267492 -0.981283
v -0.028178 -0.390519 -0.626939
v -0.039203 -0.344893 -0.740260
v -0.040323 -0.416855 -0.965709
v -0.318556 -0.253374 -0.368274
v -0.384974 -0.047752 -0.640602
v -0.440030 -0.169591 -0.297130
v -0.212428 -0.334450 -0.239022
v -0.076193 -0.399646 -0.163119
v -0.210978 -0.298884 -0.395826
v -0.299657 -0.122811 -0.647460
v -0.364538 0.009286 -0.731112
v -0.308094 -0.183611 -0.541775
v -0.160349 -0.365637 -0.120625
v -0.180175 -0.338839 -0.288096
v -0.391325 -0.226420 -0.202532
v -0.101038 -0.391259 -0.010594
v -0.534718 0.022140 -0.469373
v -0.253308 -0.042275 -0.807914
v -0.267207 -0.326851 -0.071632
v -0.320948 -0.284065 -0.172194
v -0.378198 -0.220799 -0.324435
v -0.169512 -0.280808 -0.505648
v -0.185800 -0.154894 -0.726829
v -0.121377 -0.334174 -0.414188
v -0.196776 -0.204446 -0.637304
v -0.155436 -0.089980 -0.891964
v -0.221296 -0.249176 -0.513400
v -0.128643 -0.296693 -0.537463
v -0.271596 -0.079914 -0.730233
v -0.043317 -0.495600 -0.941282
v -0.070961 -0.384903 -0.318518
v -0.064621 -0.199966 -0.962144
v -0.133357 -0.084463 -0.991833
v -0.071594 -0.590480 -0.893927
v -0.146089 -0.395795 -0.987262
v -0.039841 -0.557454 -0.910943
v -0.088202 -0.180376 -0.882006
v -0.039434 -0.347571 -0.977744
v -0.111477 -0.367935 -0.276802
v -0.119464 -0.241679 -1.027158
v -0.049195 -0.314273 -0.767549
v -0.021655 -0.299402 -0.923235
v -0.086878 -0.701807 -0.825437
v -0.144498 -0.498746 -0.942658
v -0.137331 -0.612700 -0.882876
v -0.037081 -0.610847 -0.880076
v -0.054250 -0.376893 -0.461341
v -0.041812 -0.670155 -0.844114
v -0.193747 -0.617840 -0.877572
v -0.161490 -0.739104 -0.797632
v -0.064992 -0.746825 -0.793780
v -0.212727 -0.503560 -0.938043
v -0.221656 -0.729301 -0.797924
v -0.268891 -0.581528 -0.890214
v -0.081393 -0.839031 -0.725717
v -0.118835 -0.574274 -0.904437
v -0.121806 -0.687302 -0.835435
v -0.130200 -0.650832 -0.859049
v -0.199050 -0.367165 0.077631
v -0.186282 -0.860521 -0.701898
v -0.259125 -0.671363 -0.836187
v -0.184442 -0.798841 -0.750411
v -0.156709 -0.283599 -1.016949
v -0.104581 -0.745903 -0.795128
v -0.161114 -0.108654 -1.042291
v -0.292579 -0.459297 -0.947409
v -0.240436 -0.381153 -0.983560
v -0.304608 -0.657830 -0.836907
v -0.311420 -0.891946 -0.646757
v -0.104145 -0.917601 -0.660331
v -0.030890 -0.903358 -0.673467
v -0.321420 -0.767557 -0.750375
v -0.368718 -0.743830 -0.756913
v -0.366586 -0.541422 -0.891175
v -0.255243 -0.875449 -0.676379
v -0.097797 -0.618459 -0.878772
v -0.019848 -0.749398 -0.790193
v -0.122651 -0.852348 -0.713824
v -0.046343 -1.015720 -0.572986
v -0.076587 -0.794271 -0.759792
v -0.236519 -1.011205 -0.539840
v -0.137174 -1.059680 -0.508899
v -0.293366 -0.934863 -0.608412
v -0.246309 -1.057356 -0.476256
v -0.333168 -1.021485 -0.482375
v -0.263361 -0.974981 -0.572529
v -0.037810 -0.379038 -0.579456
v -0.098891 -0.211831 -0.791767
v -0.059058 -0.323147 -0.713838
v -0.111064 -0.286270 -0.628205
v -0.014279 -0.402961 -0.660537
v -0.021179 -0.375189 -0.761127
v -0.114311 -0.380807 -0.146071
v -0.021178 -0.404843 -0.556374
v -0.099144 -0.357121 -0.364002
v -0.035509 -0.398353 -0.353113
v -0.083109 -0.336877 -0.535402
v -0.055700 -0.346145 -0.645802
v -0.143441 -0.354420 -0.277875
v -0.114030 -0.222473 -0.741594
v -0.030904 -0.396475 -0.423623
v -0.261742 -0.220980 -0.525698
v -0.107843 -0.255061 -0.701729
v -0.010001 -0.373105 -0.822649
v -0.020035 -0.385153 -0.727099
v -0.060870 -0.355923 -0.556733
v -0.014828 -0.397266 -0.713116
v -0.216121 -0.273124 -0.461453
v -0.141253 -0.308970 -0.467536
v -0.034605 -0.403311 -0.280729
v -0.030705 -0.307906 -0.848203
v -0.191400 -0.247078 -0.557551
v -0.195928 -0.275153 -0.481557
v -0.115035 -0.295821 -0.582808
v -0.043574 -0.457765 -0.955351
v -0.032325 -0.584912 -0.894967
v -0.041128 -0.529145 -0.925988
v -0.011686 -0.614854 -0.876312
v -0.135501 -0.304050 -0.497044
v -0.161731 -0.269360 -0.549215
v -0.026561 -0.399705 -0.491267
v -0.038877 -0.638805 -0.863445
v -0.051275 -0.702920 -0.823235
v -0.078108 -0.563910 -0.909173
v -0.067520 -0.617341 -0.878075
v -0.078753 -0.671638 -0.844960
v -0.120555 -0.721641 -0.812073
v -0.084327 -0.352793 -0.435902
v -0.163696 -0.318168 -0.397311
v -0.091312 -0.770410 -0.777449
v -0.039559 -0.841042 -0.723824
v -0.165289 -0.702487 -0.823308
v -0.141908 -0.770027 -0.776281
v -0.153264 -0.827158 -0.731870
v -0.056444 -0.817005 -0.742543
v -0.076669 -0.723641 -0.810330
v -0.066876 -0.912511 -0.665607
v -0.198621 -0.765700 -0.773802
v -0.220477 -0.837528 -0.714889
v -0.142094 -0.922051 -0.653626
v -0.046807 -0.770969 -0.776001
v -0.100192 -0.820382 -0.739989
v -0.120665 -0.957059 -0.623677
v -0.212798 -0.890672 -0.672092
v -0.204494 -0.978698 -0.584833
v -0.088424 -0.988454 -0.596368
v -0.017626 -0.992885 -0.596572
v -0.037369 -1.077087 -0.507458
v -0.037796 -1.119551 -0.453798
v -0.239300 -1.033703 -0.511134
v -0.133385 -1.125056 -0.429632
v -0.110935 -1.143748 -0.409034
v -0.155599 -1.094783 -0.460613
v -0.268086 -1.088329 -0.420200
v -0.066676 -1.157225 -0.396633
v -0.289094 -1.050629 -0.464897
v -0.091904 -1.043215 -0.537216
v -0.139512 -1.147024 -0.396768
v -0.161804 -1.126173 -0.417516
v -0.276126 -0.908228 -0.641967
v -0.196353 -1.043712 -0.510776
v -0.190952 -0.349787 -0.185418
v -0.128809 -0.379539 -0.062015
v -0.263377 -0.277466 -0.389861
v -0.267293 -0.306329 -0.258235
v -0.213661 -0.350762 -0.086136
v -0.050494 -0.404085 -0.037776
v -0.195235 -0.321824 -0.336812
v -0.290598 -0.286147 -0.303904
v -0.060388 -0.397911 0.052246
v -0.341751 -0.209666 -0.448812
v -0.146740 -0.379050 0.043236
v -0.054704 -0.401485 0.000814
v -0.064817 -0.397547 0.128121
v -0.231572 -0.351085 0.004882
v -0.294803 -0.305962 -0.128557
v -0.104971 -0.389616 0.045785
v -0.153795 -0.376013 0.143901
v -0.309030 -0.302315 -0.032512
v -0.261705 -0.337393 0.115901
v -0.148640 -0.373052 0.209682
v -0.037904 -0.400773 0.181650
v -0.206854 -0.363321 0.134283
v -0.041643 -0.409649 -0.126949
v -0.271722 -0.328504 0.182390
v -0.054007 -0.397747 0.216884
v -0.120808 -0.377321 0.241979
v -0.325472 -0.292165 0.079362
v -0.245555 -0.347393 0.058180
v -0.107364 -0.385507 0.139477
v -0.153271 -0.377658 0.089668
v -0.009382 -0.401876 0.184006
v -0.031915 -0.401756 0.097767
v -0.187555 -0.368579 0.024660
v -0.221913 -0.351381 -0.045616
v -0.385835 -0.223485 -0.272929
v -0.273976 -0.327743 -0.016371
v -0.410119 -0.214602 -0.111866
v -0.090674 -0.495812 -0.943712
v -0.134469 -0.542056 -0.921468
v -0.158963 -0.591309 -0.894823
v -0.105745 -0.598907 -0.890657
v -0.240628 -0.696660 -0.820151
v -0.271439 -0.751465 -0.773518
v -0.299845 -0.841277 -0.694218
v -0.311214 -0.806124 -0.720560
v -0.372328 -0.888678 -0.627822
v -0.369801 -0.985205 -0.512226
v -0.339010 -0.927056 -0.599834
v -0.257588 -0.836957 -0.708119
v -0.353679 -1.040673 -0.442189
v -0.364389 -1.062705 -0.398044
v -0.403300 -0.974129 -0.507301
v -0.308576 -1.111602 -0.357287
v -0.211146 -1.213647 -0.257834
v -0.149370 -1.199879 -0.311452
v -0.236532 -1.138592 -0.360136
v -0.324039 -0.972760 -0.550632
v -0.172916 -1.155505 -0.368445
v -0.338532 -0.861442 -0.665985
v -0.226282 -0.646637 -0.856998
v -0.227717 -0.596855 -0.887277
v -0.147121 -0.449520 -0.965823
v -0.088578 -0.398173 -0.984535
v -0.163101 -0.637776 -0.866918
v -0.152441 -0.677504 -0.841318
v -0.101788 -0.662627 -0.851491
v -0.034237 -0.726013 -0.806899
v -0.024512 -0.868248 -0.702074
v -0.023966 -0.690710 -0.830072
v -0.009998 -0.814432 -0.743374
v -0.131963 -0.743977 -0.795975
v -0.171533 -0.768354 -0.775277
v -0.022657 -0.821726 -0.738224
v -0.142028 -0.712444 -0.817900
v -0.064215 -0.853721 -0.714175
v -0.064418 -0.686056 -0.835033
v -0.087747 -0.877207 -0.694659
v -0.149524 -0.798082 -0.754687
v -0.059107 -0.655122 -0.854517
v -0.114004 -0.770527 -0.777228
v -0.096951 -0.722905 -0.811381
v -0.020065 -0.652690 -0.854059
v -0.014324 -0.573448 -0.900620
v -0.084440 -0.946366 -0.635830
v -0.154910 -0.856226 -0.708716
v -0.159859 -0.958130 -0.617035
v -0.185929 -0.889796 -0.677309
v -0.143074 -1.005228 -0.569218
v -0.024998 -1.102751 -0.478382
v -0.186805 -0.922461 -0.647064
v -0.157407 -0.884934 -0.684274
v -0.123655 -0.824006 -0.736415
v -0.186133 -0.831033 -0.725462
v -0.023468 -0.771967 -0.774521
v -0.051745 -0.794445 -0.759208
v -0.021782 -0.624123 -0.871335
v -0.055082 -0.626805 -0.871689
v -0.041367 -0.747724 -0.792213
v -0.069807 -0.770211 -0.777323
v -0.027272 -0.706215 -0.819996
v -0.056628 -0.724289 -0.809110
v -0.013474 -0.728400 -0.804413
v -0.218809 -0.866183 -0.692126
v -0.016633 -0.372899 -0.793753
v -0.007425 -0.400995 -0.762435
v -0.019347 -0.342903 -0.835266
v -0.034664 -0.343604 -0.767445
v -0.027876 -0.368990 -0.731257
v -0.078585 -0.817375 -0.742570
v -0.041839 -0.956335 -0.628072
v -0.060349 -0.837351 -0.727113
v -0.036477 -0.818779 -0.740765
v -0.030633 -1.191019 -0.350358
v -0.072072 -1.195858 -0.338648
v -0.044775 -1.225543 -0.296608
v -0.116396 -1.175966 -0.359121
v -0.100725 -1.220147 -0.294650
v -0.155508 -1.245584 -0.234497
v -0.049281 -1.317622 -0.167425
v -0.064667 -1.268006 -0.230280
v -0.198560 -1.190093 -0.302110
v -0.082755 -0.314295 -0.635550
v -0.056667 -0.315933 -0.740910
v -0.057069 -0.333060 -0.682616
v -0.071306 -0.355612 -0.498999
v -0.032835 -0.377584 -0.656937
v -0.119171 -0.261258 -0.667479
v -0.050277 -0.361859 -0.610686
v -0.100810 -0.314687 -0.561780
v -0.139599 -0.251610 -0.645547
v -0.285520 -0.191526 0.633400
v -0.296402 -0.144311 0.691127
v -0.238907 -0.119668 0.784860
v -0.268780 -0.130916 0.737234
v -0.271914 -0.270353 0.492595
v -0.155447 -0.214221 0.742490
v -0.132405 -0.186707 0.817813
v -0.289468 -0.225659 0.570164
v -0.090672 -0.217249 0.892825
v -0.157169 -0.252467 0.672991
v -0.135237 -0.290944 0.622629
v -0.120175 -0.225422 0.771152
v -0.033192 -0.363372 0.779190
v -0.027995 -0.369498 0.716177
v -0.105682 -0.202467 0.855063
v -0.054548 -0.364375 0.621562
v -0.175572 -0.298839 0.533250
v -0.031129 -0.358663 0.850249
v -0.036130 -0.365814 0.678961
v -0.244112 -0.312590 0.375628
v -0.136470 -0.329376 0.496758
v -0.070864 -0.366862 0.550156
v -0.278272 -0.284252 0.434325
v -0.155779 -0.334635 0.434296
v -0.045521 -0.372640 0.496537
v -0.114466 -0.356365 0.399079
v -0.120118 -0.368969 0.316737
v -0.051524 -0.373890 0.428157
v -0.228810 -0.280319 0.519761
v -0.031321 -0.382343 0.393055
v -0.213670 -0.223714 0.655502
v -0.045362 -0.393472 0.311293
v -0.221283 -0.153400 0.757475
v -0.188347 -0.179250 0.755257
v -0.100078 -0.346726 0.516200
v -0.194050 -0.328066 0.399280
v -0.090805 -0.330655 0.620440
v -0.115264 -0.267113 0.714711
v -0.071182 -0.319308 0.717248
v -0.173237 -0.136456 0.843365
v -0.106023 -0.221763 0.809416
v -0.055501 -0.316530 0.800684
v -0.074937 -0.251670 0.873740
v -0.247470 -0.225297 0.616877
v -0.117361 -0.362119 0.360797
v -0.084083 -0.365198 0.412711
v -0.259526 -0.258130 0.538207
v -0.108147 -0.254237 0.751009
v -0.121429 -0.281607 0.672671
v -0.253459 -0.185220 0.677297
v -0.030303 -0.370303 0.583685
v -0.178490 -0.259634 0.626913
v -0.183673 -0.219415 0.698511
v -0.144105 -0.243831 0.709216
v -0.078591 -0.352594 0.589044
v -0.031305 -0.350909 0.912352
v -0.120008 -0.164112 0.910062
v -0.169426 -0.280812 0.589842
v -0.080108 -0.362460 0.507191
v -0.035425 -0.371797 0.543533
v -0.141338 -0.301115 0.582696
v -0.171479 -0.317793 0.479566
v -0.023744 -0.373050 0.456104
v -0.064210 -0.284435 0.965781
v -0.019136 -0.403231 0.932437
v -0.058631 -0.282320 0.933467
v -0.026909 -0.369038 0.929169
v -0.033862 -0.360415 0.946457
v -0.089395 -0.236839 0.831017
v -0.042024 -0.328354 0.940399
v -0.145314 -0.192941 0.787853
v -0.080201 -0.280755 0.987061
v -0.045102 -0.405244 0.960519
v -0.067868 -0.341565 0.978852
v -0.047255 -0.309954 0.905162
v -0.092331 -0.224960 0.980924
v -0.021182 -0.422203 0.942118
v -0.108778 -0.178195 0.948511
v -0.084404 -0.227322 0.918904
v -0.091753 -0.212229 0.951434
v -0.070478 -0.414543 0.961567
v -0.110807 -0.326234 0.987883
v -0.093332 -0.209173 0.936052
v -0.204849 -0.126976 0.817191
v -0.322487 -0.234636 0.503034
v -0.341568 -0.168003 0.601760
v -0.208632 -0.338466 0.314694
v -0.318112 -0.154298 0.652616
v -0.078763 -0.381835 0.314370
v -0.310261 -0.285351 0.326886
v -0.380414 -0.192007 0.469442
v -0.257952 -0.317382 0.317964
v -0.161954 -0.355372 0.316072
v -0.299469 -0.282112 0.387547
v -0.120594 -0.374629 0.273672
v -0.212094 -0.347394 0.258754
v -0.343263 -0.197439 0.548760
v -0.031846 -0.400570 0.276133
v -0.342431 -0.269913 0.252266
v -0.374192 -0.224765 0.353349
v -0.302733 -0.261657 0.464337
v -0.201138 -0.332005 0.363591
v -0.286160 -0.248679 0.526412
v -0.193764 -0.090570 0.897232
v -0.185113 -0.113762 0.866774
v -0.144420 -0.133705 0.903232
v -0.116109 -0.166002 0.929092
v -0.133824 -0.169379 0.846826
v -0.113186 -0.180369 0.883477
v -0.081951 -0.255698 0.982504
v -0.070310 -0.311547 0.981132
v -0.100633 -0.270179 0.997735
v -0.088113 -0.333529 0.985467
v -0.105197 -0.190404 0.901540
v -0.095159 -0.209945 0.967419
v -0.064809 -0.301839 0.975995
v -0.078341 -0.251920 0.972205
v -0.074842 -0.446434 0.952648
v -0.096489 -0.389092 0.969575
v -0.108311 -0.434389 0.955796
v -0.092885 -0.508572 0.932068
v -0.061014 -0.374480 0.971743
v -0.023657 -0.445528 0.942335
v -0.040715 -0.373741 0.960361
v -0.040351 -0.459981 0.942621
v -0.072309 -0.634468 0.890259
v -0.050027 -0.650315 0.883697
v -0.090939 -0.651666 0.883093
v -0.133316 -0.585579 0.905146
v -0.155176 -0.702878 0.852483
v -0.095934 -0.776467 0.821782
v -0.073131 -0.734619 0.846473
v -0.049838 -0.783528 0.823089
v -0.118632 -0.814679 0.794997
v -0.138725 -0.774827 0.814937
v -0.037770 -0.704960 0.861036
v -0.158093 -0.742991 0.829485
v -0.199969 -0.691518 0.849497
v -0.029856 -0.855661 0.782236
v -0.046849 -0.823441 0.800277
v -0.085055 -0.891998 0.749583
v -0.084374 -0.832721 0.790065
v -0.027589 -0.923840 0.733313
v -0.037662 -0.890872 0.757588
v -0.178150 -0.652637 0.874239
v -0.075690 -0.601085 0.901776
v -0.053554 -0.535276 0.922805
v -0.070928 -0.688047 0.868133
v -0.105676 -0.697134 0.861964
v -0.053647 -0.299123 0.872936
v -0.084328 -0.237492 0.855041
v -0.028715 -0.401138 0.950831
v -0.048489 -0.348312 0.732511
v -0.090370 -0.223264 0.870705
v -0.109963 -0.207794 0.830215
v -0.048553 -0.320177 0.839103
v -0.085762 -0.225390 0.909198
v -0.090184 -0.282912 0.738019
v -0.056633 -0.346883 0.697514
v -0.098999 -0.292969 0.698915
v -0.159102 -0.843361 0.766815
v -0.038987 -0.944866 0.715141
v -0.106095 -0.926906 0.717902
v -0.185538 -0.874624 0.736050
v -0.033425 -0.970926 0.693206
v -0.154860 -0.939190 0.693440
v -0.863588 0.896731 -0.475327
v -0.945176 0.868577 -0.247518
v -0.855679 0.628274 -0.365529
v -0.675051 0.288233 -0.477346
v -1.180275 0.411641 -0.085066
v -0.935965 1.136609 -0.351438
v -0.871008 0.866888 -0.537757
v -0.986252 0.897820 -0.420712
v -0.581167 -0.017002 -0.189607
v -0.911410 0.590373 -0.047282
v -0.984212 0.271125 -0.533893
v -0.678814 0.173471 -0.865411
v -0.886133 0.220175 -0.671418
v -0.867460 -0.079883 -0.684462
v -1.118574 0.085507 -0.180676
v -0.737552 -0.086827 -0.817632
v -0.981269 -0.044659 -0.525361
v -0.859220 -0.265436 -0.641935
v -0.700645 -0.188944 -0.832664
v -0.525914 0.019987 -0.963358
v -1.074086 0.066542 -0.318300
v -0.730679 -0.331885 -0.768643
v -0.686185 0.466696 -0.650234
v -0.640915 0.460105 -0.843487
v -0.906597 -0.430457 -0.481097
v -0.865849 -0.428142 -0.555627
v -0.597924 -0.373580 -0.856485
v -0.480177 0.112613 -0.977274
v -0.786429 -0.497008 -0.633317
v -0.631330 -0.166455 -0.890791
v -0.778918 -0.655703 -0.530772
v -0.354167 0.105520 -1.019145
v -0.881368 -0.614122 -0.411842
v -0.503393 -0.665383 -0.761146
v -0.512701 -0.541702 -0.831424
v -0.659390 -0.674986 -0.641999
v -0.659268 -0.536089 -0.740788
v -0.799292 -0.858438 -0.006615
v -0.533915 -0.320853 -0.911234
v -0.958850 -0.549797 -0.281150
v -0.836487 -0.748006 -0.318230
v -0.912770 -0.692714 -0.187071
v -0.347049 -0.153781 -1.007191
v -0.735083 -0.780014 -0.456700
v -0.726977 -0.928054 0.065477
v -0.689585 -0.949947 -0.106822
v -0.889259 -0.740474 -0.143000
v -0.433000 0.244182 -0.946408
v -0.510828 -0.772421 -0.668261
v -0.650087 -0.738061 -0.597884
v -0.565367 -0.798932 -0.607024
v -0.407741 -0.654138 -0.809200
v -0.490057 -0.462447 -0.881453
v -0.475738 -0.270999 -0.951905
v -0.641683 -0.953933 -0.262365
v -0.615428 -0.880144 -0.457092
v -0.605115 -1.013749 -0.131162
v -0.754997 -0.793929 -0.405462
v -0.785350 -0.869903 -0.057566
v -0.782756 -0.842738 -0.213571
v -0.545183 0.265292 -0.934400
v -0.452574 -0.998782 -0.433505
v -0.546486 -1.002961 -0.327400
v -0.437571 -1.074656 -0.312691
v -0.472164 -1.041727 -0.341814
v -0.677171 -0.903070 -0.323880
v -0.700208 -0.929804 -0.173135
v -0.654020 0.104715 -0.234582
v -0.718857 0.290180 -0.362934
v -0.668819 0.114192 0.059036
v -0.744191 0.516505 -0.560028
v -0.720759 0.552411 -0.663421
v -0.545908 -0.066575 -0.098540
v -0.742703 0.423521 -0.462920
v -0.537810 -0.064791 0.066603
v -0.624830 0.259864 -0.560630
v -0.547755 0.346624 -0.824926
v -0.592989 0.262938 -0.633279
v -0.423653 -0.200029 0.070443
v -0.300381 -0.073619 -1.022817
v -0.412853 -0.207043 0.162941
v -0.368756 0.129633 -0.876249
v -0.443669 -0.070170 -0.988761
v -0.589003 -0.065679 -0.930414
v -0.787468 0.378307 -0.285579
v -0.435870 0.173205 -0.820331
v -0.483676 0.177460 -0.743574
v -0.516514 0.066109 -0.564273
v -0.276112 -0.271134 -1.003675
v -0.591433 0.082473 -0.419044
v -0.515112 -0.094266 -0.248774
v -0.295331 0.065894 -0.915243
v -0.258464 0.053019 -0.971659
v -0.398600 -0.726523 -0.760156
v -0.445846 -0.179655 -0.056573
v -0.614503 0.400391 -0.742009
v -0.524287 -0.067974 0.203203
v -0.637880 0.349993 -0.632603
v -0.603102 0.097997 -0.923681
v -0.466596 -0.814232 -0.657941
v -0.569682 -0.834297 -0.565831
v -0.751737 0.270732 0.249546
v -0.833092 0.690887 -0.472405
v -0.892153 0.558445 -0.136086
v -0.909322 0.743429 -0.288596
v -0.787306 0.308849 0.071539
v -0.628218 0.076901 0.228436
v -0.468893 -0.074246 0.484924
v -0.662790 0.218328 -0.420148
v -0.697276 0.240156 0.402891
v -0.799928 0.712324 -0.579104
v -0.606280 0.079555 0.369440
v -0.426722 -0.017853 0.655092
v -0.811814 0.365154 -0.116206
v -0.899098 0.538871 0.086413
v -0.702963 0.163688 -0.125359
v -0.864133 0.466361 0.235157
v -0.689621 0.558548 -0.755145
v -0.649966 0.268193 -0.872912
v -0.947994 -0.234399 -0.510043
v -0.768225 0.645732 -0.702307
v -0.870721 0.062521 -0.693151
v -0.950532 0.778238 -0.163462
v -1.047053 -0.006627 -0.379206
v -1.019059 -0.224768 -0.366547
v -0.989963 -0.397412 -0.335748
v -0.763472 0.182735 -0.795943
v -0.874419 0.646344 -0.612678
v -1.113438 0.363881 -0.270911
v -1.039605 0.281301 -0.430594
v -0.914037 0.895828 -0.352764
v -1.083269 0.491759 -0.347355
v -0.958190 0.757984 -0.491452
v -0.957134 1.057472 -0.281054
v -1.071766 0.186368 -0.346430
v -0.886561 0.457277 -0.646446
v -1.070743 -0.182233 -0.227692
v -0.981061 1.034168 -0.201876
v -0.862400 0.779576 -0.583364
v -0.926252 -0.061684 -0.608381
v -0.848181 -0.187031 -0.682210
v -1.099536 0.096824 -0.252211
v -0.856627 0.552770 -0.292685
v -0.774897 0.550153 -0.728775
v -1.038244 -0.356465 -0.212273
v -1.091153 -0.151534 -0.164092
v -1.011996 -0.485989 -0.169342
v -1.135380 0.232418 -0.173145
v -0.717018 -0.868431 -0.324756
v -1.060822 0.789831 -0.365388
v -1.163767 0.555339 -0.187117
v -1.168157 0.919756 -0.191549
v -1.140393 0.698898 -0.252450
v -1.030252 0.589829 -0.435313
v -0.988337 0.090151 -0.525658
v -0.997078 0.415306 -0.505318
v -0.484585 0.267790 -0.963286
v -0.588693 0.363077 -0.897583
v -0.714068 0.100580 -0.844764
v -0.937024 0.491498 -0.580403
v -0.941841 0.242250 -0.600328
v -0.775976 0.419702 -0.756281
v -1.017556 -0.013495 -0.454592
v -0.802957 -0.084774 -0.757034
v -0.500971 0.194644 -0.964094
v -0.886411 0.346480 -0.662391
v -0.601446 0.275985 -0.901980
v -0.825110 0.198858 -0.737767
v -0.584320 0.419698 -0.837342
v -1.174108 0.235302 0.012902
v -1.136974 0.078763 -0.093783
v -0.969505 0.627655 -0.510049
v -0.684092 0.455663 -0.820066
v -0.901217 -0.741213 -0.000662
v -1.096894 -0.173625 -0.112678
v -0.903949 -0.734669 0.062319
v -1.068055 -0.324749 -0.096017
v -0.999317 -0.573071 -0.017195
v -0.488443 0.298603 -0.891819
v -0.986720 -0.588538 -0.095523
v -0.995988 -0.576145 0.058134
v -1.030056 -0.491247 -0.018954
v -1.058729 -0.395757 0.063562
v -0.809990 -0.828328 -0.160689
v -0.398405 0.190582 -0.915540
v -0.389356 0.186378 -0.995250
v -0.589662 -0.224849 -0.906420
v -0.438280 -0.914171 -0.567238
v -0.511149 -1.102632 -0.003144
v -0.489453 -1.112273 -0.088211
v -0.494165 -1.079319 -0.220908
v -0.517469 -1.083246 -0.128441
v -0.531586 -1.045195 -0.243418
v -0.327596 -1.142417 -0.291173
v -0.268718 -1.232510 -0.170531
v -0.212058 -1.264910 -0.163845
v -0.431930 -1.150332 -0.108704
v -0.271026 -1.207045 -0.223448
v -0.325994 -1.202193 -0.166740
v -0.440782 -1.156943 0.040217
v -0.429699 -1.164132 0.089731
v -0.509295 -0.922358 -0.503507
v -0.394838 -1.190771 0.026829
v -0.361451 -1.138156 -0.267975
v -0.387000 -1.187251 -0.071224
v -0.360481 -1.173787 -0.191171
v -0.425460 -1.143623 -0.160020
v -0.187578 -1.261845 -0.189452
v -0.342715 -1.217826 -0.071646
v -0.401836 -1.182270 0.112473
v -0.299091 -1.256405 -0.037508
v -0.358114 -1.218393 0.052102
v -0.257675 -1.282761 -0.055657
v -0.346025 -1.225449 0.091750
v -0.292519 -1.269222 0.014831
v -0.318593 -1.243661 0.112066
v -0.220377 -1.316882 -0.038706
v -0.255777 -1.302657 0.050394
v -0.295526 -1.239274 0.193393
v -0.180973 -1.344288 -0.046386
v -0.163595 -1.334262 -0.086419
v -0.254258 -1.300699 0.092966
v -0.411385 -0.903682 -0.596057
v -0.071076 -1.404409 -0.062670
v -0.231225 -1.316682 0.116352
v -0.220199 -1.335327 0.039916
v -0.132027 -1.344348 -0.097886
v -0.211273 -1.308617 0.176116
v -0.153608 -1.308571 0.241896
v -0.193121 -1.362833 0.051631
v -0.159902 -1.375452 -0.015618
v -0.177629 -1.368894 0.113177
v -0.172374 -1.383273 0.042272
v -0.144924 -1.365406 0.170982
v -0.114667 -1.339122 0.231004
v -0.484363 -0.976980 -0.441691
v -0.546295 -0.973826 -0.384458
v -0.074850 -1.347981 0.241271
v -0.579852 -0.913514 -0.447594
v -0.598667 -1.007086 -0.189293
v -0.402848 -1.171142 0.175036
v -0.331062 -1.212035 0.202440
v -0.568732 -1.053989 -0.024719
v -0.046314 -1.310633 0.296664
v -0.594887 -0.976262 -0.304436
v -0.236132 -1.246443 0.267832
v -0.538709 -1.028716 -0.278828
v -0.478378 -1.123494 0.137773
v -0.616818 -0.986387 -0.218219
v -0.502678 -1.027016 -0.337166
v -0.530017 -1.088633 0.059288
v -0.364256 -1.167243 0.268343
v -0.285829 -1.197590 0.310096
v -0.203124 -1.228482 0.334860
v -0.401015 -1.149104 0.249638
v -0.159135 -1.247314 0.334177
v -0.610664 -1.024352 0.078948
v -0.624599 -1.013036 0.031121
v -0.645145 -0.984663 -0.113426
v -0.677608 -0.938426 -0.213535
v -0.404872 -1.054950 0.435035
v -0.331938 -1.083705 0.462634
v -0.303341 -1.066687 0.508344
v -0.219598 -1.105725 0.509526
v -0.460111 -1.028546 0.418852
v -0.296931 -1.127809 0.427265
v -0.406551 -1.088118 0.378575
v -0.472802 -1.062459 0.339543
v -0.510946 -1.078417 0.221225
v -0.472024 -1.095763 0.256861
v -0.342546 -1.145410 0.345264
v -0.256919 -1.144475 0.432823
v -0.650469 -0.241860 0.796725
v -1.034525 -0.366326 0.270092
v -0.532116 0.292410 0.875067
v -0.696738 0.179326 0.819696
v -0.951676 0.205239 0.630628
v -0.734506 0.400746 0.638221
v -1.160493 0.187971 0.221666
v -1.095350 0.068588 0.364414
v -1.014501 -0.476801 0.198719
v -0.662632 0.297326 0.641397
v -0.984731 -0.541672 0.214635
v -1.069333 -0.292898 0.206248
v -1.118585 0.064366 0.293040
v -0.562488 -0.325611 0.839713
v -1.078086 -0.144216 0.310463
v -0.948146 -0.644444 0.142319
v -1.088514 -0.156937 0.262834
v -0.811873 0.419265 0.418886
v -0.542451 0.189325 0.700862
v -0.411863 0.125433 0.860220
v -0.814655 0.184844 0.745398
v -0.793165 0.078999 0.740717
v -0.548206 0.128899 0.619005
v -0.664037 -0.044403 0.815100
v -0.896529 0.013804 0.632832
v -0.403935 0.016503 0.724114
v -0.758205 -0.083278 0.741160
v -0.668906 0.235721 0.511854
v -0.710522 0.094174 0.802321
v -0.566931 0.078681 0.499083
v -0.506717 -0.065411 0.343961
v -0.809625 -0.388496 0.622582
v -0.469929 -0.924866 0.552283
v -0.609140 -0.432692 0.779572
v -0.619889 0.237562 0.863904
v -0.469280 -0.106258 0.926637
v -0.444631 0.181502 0.961593
v -0.312404 -0.016729 0.823619
v -0.705603 0.282477 0.822925
v -0.372179 0.113564 0.924854
v -0.585382 0.107843 0.877688
v -0.392770 0.061642 0.984958
v -0.483187 0.069202 0.931968
v -0.265212 0.003668 1.017458
v -0.972799 -0.047561 0.528086
v -0.622066 -0.179811 0.824876
v -0.839648 -0.129856 0.660430
v -0.541563 -0.128226 0.881225
v -0.937142 -0.191592 0.538704
v -0.228912 -0.037129 0.928113
v -0.570092 -0.032494 0.874340
v -0.742729 -0.224175 0.730421
v -0.563092 0.267577 0.771364
v -0.684438 0.392107 0.729318
v -0.748083 0.352651 0.513852
v -0.416761 -0.074752 0.607193
v -0.879498 0.350253 0.730676
v -0.731428 -0.354640 0.708359
v -0.150352 -0.110699 0.983986
v -0.793848 0.315903 0.780046
v -0.462378 0.172287 0.827407
v -0.838926 -0.228352 0.640926
v -0.640258 0.238674 0.602740
v -0.988308 0.190722 0.582749
v -0.611016 -0.288723 0.814682
v -0.714406 -0.418655 0.703141
v -0.886509 0.129432 0.673283
v -0.829654 0.582604 0.676474
v -0.774677 -0.004097 0.740108
v -0.865313 0.052097 0.673463
v -0.954787 0.316418 0.662700
v -0.363565 0.090145 0.896033
v -1.202150 1.321982 0.523122
v -0.590920 0.337844 0.830706
v -0.434765 0.080954 0.743330
v -0.490306 -0.223193 0.901421
v -0.902949 0.198380 0.676850
v -0.773422 0.218751 0.777988
v -0.617791 0.312041 0.877471
v -0.502026 0.198779 0.936695
v -0.472735 0.231792 0.920763
v -1.073054 0.354883 0.538746
v -0.476553 0.049601 0.643986
v -0.934111 -0.001353 0.587242
v -0.799064 -0.089267 0.706429
v -0.430538 0.125117 0.971693
v -0.706984 0.390682 0.837206
v -0.482520 -0.019147 0.926999
v -0.521931 0.177210 0.915210
v -0.699974 0.452040 0.832724
v -0.611983 0.367276 0.871597
v -0.393422 0.149230 0.950575
v -0.486389 0.232820 0.884184
v -0.710368 -0.065865 0.780109
v -1.258847 1.841342 0.324942
v -1.215121 1.814882 0.226419
v -1.240027 1.879381 0.264309
v -1.197588 1.698553 0.214717
v -1.287161 1.861348 0.255673
v -1.239149 1.903191 0.211518
v -1.209693 1.767030 0.229404
v -1.211133 1.833945 0.177165
v -1.229031 1.791288 0.317393
v -1.190860 1.732693 0.149851
v -1.291885 1.893680 0.212196
v -1.227469 1.673743 0.412777
v -1.306212 1.651538 0.191599
v -1.265540 1.441751 0.035892
v -1.270766 1.688490 0.047545
v -1.048525 0.944914 0.350470
v -1.201115 1.610067 0.320830
v -1.091057 1.109675 0.307559
v -1.227480 1.845640 0.244099
v -1.203961 1.665465 0.282287
v -1.204235 1.562410 0.386449
v -1.221842 1.690607 0.351763
v -1.106937 1.439470 -0.193534
v -1.269686 1.653985 0.373144
v -1.191618 1.829247 0.051451
v -1.139657 1.322886 0.278081
v -1.230140 1.612262 -0.024615
v -1.220128 1.304105 0.495204
v -1.248221 1.980760 0.091269
v -1.299229 1.695463 0.249147
v -1.297919 1.727119 0.132798
v -1.245839 1.599654 0.434741
v -1.172810 1.641902 0.110181
v -1.150373 1.549139 0.094822
v -1.287969 1.383478 0.107387
v -1.262684 1.779911 0.357356
v -1.240772 1.349294 -0.007914
v -1.197118 1.544276 0.431179
v -1.062246 1.087034 0.139674
v -1.145832 1.328963 0.360199
v -1.164973 1.517342 0.171669
v -1.212423 1.761178 0.263258
v -1.232470 1.832412 0.291416
v -1.191993 1.653754 0.216205
v -1.282607 1.915297 0.255332
v -1.282857 1.787000 0.291418
v -1.201520 1.673521 0.253897
v -1.159819 1.383835 0.514642
v -0.168788 -0.314085 0.987741
v -0.148552 -0.391319 0.967456
v -0.163293 -0.354827 0.977172
v -0.159227 -0.255068 1.002813
v -0.136993 -0.337159 0.983503
v -0.127870 -0.146648 0.965056
v -0.096136 -0.246229 0.791363
v -0.097245 -0.254671 0.769247
v -0.133675 -0.220112 1.010138
v -0.123163 -0.173026 0.865096
v -0.118341 -0.296157 0.995241
v -0.108071 -0.203544 0.996694
v -0.120910 -0.209482 0.795036
v -0.041901 -0.351336 0.754288
v -0.016830 -0.393578 0.802346
v -0.118908 -0.191230 0.837504
v -0.130757 -0.155940 0.894048
v -0.098685 -0.205881 0.875790
v -0.111646 -0.226723 0.792389
v -0.029043 -0.370598 0.747727
v -0.079443 -0.236318 0.933350
v -0.058691 -0.323348 0.756938
v -0.101717 -0.194037 0.962803
v -0.070793 -0.256096 0.905039
v -0.088780 -0.218729 0.927164
v -0.146155 -0.427984 0.956245
v -0.179289 -0.430496 0.953310
v -0.129437 -0.502596 0.932844
v -0.159366 -0.517959 0.925982
v -0.168599 -0.554531 0.913263
v -0.115471 -0.544398 0.919500
v -0.110798 -0.469122 0.944526
v -0.031393 -0.572553 0.910818
v -0.060919 -0.485158 0.937590
v -0.014711 -0.399891 0.911892
v -0.011470 -0.425268 0.925597
v -0.031869 -0.427640 0.951955
v -0.163684 -0.190195 0.768229
v -0.022808 -0.369656 0.649894
v -0.125319 -0.246225 0.733682
v -0.166673 -0.157111 0.816641
v -0.142760 -0.274585 0.649084
v -0.066252 -0.347171 0.656909
v -0.151094 -0.162005 0.831087
v -0.043848 -0.318027 0.923117
v -0.105804 -0.306388 0.649573
v -0.156461 -0.173500 0.802596
v -0.026659 -0.368832 0.618764
v -0.082947 -0.320198 0.678234
v -0.061171 -0.295680 0.823972
v -0.126818 -0.235671 0.750026
v -0.015074 -0.370143 0.676272
v -0.047403 -0.364374 0.652280
v -0.146072 -0.206183 0.767873
v -0.129908 -0.264557 0.693179
v -0.008475 -0.374520 0.718290
v -0.109043 -0.263055 0.734580
v -0.093090 -0.268367 0.758491
v -0.090964 -0.243293 0.810446
v -0.041712 -0.332331 0.861136
v -0.019894 -0.396875 0.833263
v -0.022463 -0.394579 0.867492
v -0.033481 -0.347563 0.880856
v -0.071137 -0.389265 0.969535
v -0.016373 -0.390056 0.781756
v -0.006207 -0.422840 0.910049
v -0.010618 -0.421338 0.918874
v -0.130983 -0.625526 0.890991
v -0.131587 -0.666046 0.874197
v -0.024019 -0.804641 0.812859
v -0.198186 -0.812093 0.776499
v -0.232973 -0.781907 0.786252
v -0.221832 -0.748327 0.811602
v -0.275705 -0.675812 0.836384
v -0.287494 -0.696788 0.821049
v -0.204921 -0.848076 0.749370
v -0.224205 -0.615026 0.880752
v -0.188482 -0.908849 0.707997
v -0.027313 -1.022992 0.647642
v -0.117663 -0.311528 0.602903
v -0.059931 -0.367601 0.587177
v -0.101591 -0.300557 0.675047
v -0.116302 -0.276640 0.694919
v -0.085496 -0.326238 0.651484
v -0.111672 -0.309687 0.624101
v -0.125340 -0.288641 0.649105
v -0.034890 -0.358815 0.817646
v -0.075678 -0.269959 0.810802
v -0.562194 0.151342 -0.570241
v -0.439228 -0.088798 -0.504300
v -0.688096 -0.372839 -0.790915
v -0.539922 0.223537 -0.692400
v -0.556533 -0.436938 -0.858466
v -0.290730 -0.202383 -1.011982
v -0.641859 -0.427027 -0.805882
v -0.417149 -0.316646 -0.962360
v -0.226668 -0.091898 -1.033370
v -0.582277 0.016906 -0.938380
v -0.499766 -0.608675 -0.800294
v -0.511847 0.280365 -0.817596
v -0.474985 0.051576 -0.620380
v -0.744096 0.016728 -0.818640
v -0.719996 -0.263099 -0.797288
v -0.455750 0.109307 -0.713305
v -0.458153 0.020437 -0.986561
v -0.437800 -0.555284 -0.859196
v -0.565049 0.334585 -0.774640
v -0.409837 -0.387036 -0.944766
v -0.420834 0.112347 -0.997025
v -0.376456 0.102143 -0.826970
v -0.647234 -0.485459 -0.776520
v -0.591691 -0.551746 -0.779682
v -0.322596 0.007982 -1.021576
v -0.434905 -0.146700 -0.986979
v -0.283017 0.087721 -1.014433
v -0.626707 0.380465 -0.691390
v -0.686613 0.354235 -0.835401
v -0.583229 0.403091 -0.881749
v -0.517283 -0.071083 -0.962948
v -0.289462 -0.140469 -1.019440
v -0.479307 0.294613 -0.931941
v -0.657261 -0.222745 -0.860155
v -0.348987 0.133277 -0.921127
v -0.450918 -0.203426 -0.974205
v -0.537155 0.313248 -0.932181
v -0.387834 0.193994 -0.957447
v -0.681544 -0.113298 -0.860869
v -0.539114 -0.389023 -0.886733
v -0.444530 0.244661 -0.906413
v -0.596002 -0.292438 -0.883852
v -0.545673 0.110026 -0.951684
v -0.340674 0.046079 -0.809483
v -0.434756 0.227006 -0.978679
v -0.632843 0.411410 -0.862525
v -0.657680 0.082583 -0.889464
v -0.198723 -0.007493 -0.987923
v -0.535399 0.355349 -0.866833
v -0.625958 0.184984 -0.900367
v -0.603312 0.414809 -0.790472
v -0.500261 0.240988 -0.960536
v -0.369544 -0.071082 -1.008141
v -0.586136 0.318193 -0.904265
v -0.723962 0.231918 -0.824201
v -0.390612 -0.103589 -0.558234
v -0.570864 0.206035 -0.614394
v -0.438771 -0.429595 -0.918462
v -0.500120 0.293861 -0.858516
v -0.327930 0.075884 -0.869099
v -0.248170 -0.000911 -0.886171
v -0.414618 0.183542 -0.870734
v -0.345091 -0.294798 -0.985551
v -0.688870 0.253087 -0.847941
v -0.150072 -0.076523 -0.945099
v -0.199133 -0.389910 -0.986524
v -0.647305 -0.370686 -0.823231
v -0.170194 -0.116031 -0.811851
v -0.548195 -0.594255 -0.781361
v -0.452691 -0.511574 -0.875568
v -0.216887 -0.261966 -1.014081
v -0.259354 -0.328851 -0.994548
v -0.492716 0.006191 -0.534847
v -0.499193 0.232032 -0.781740
v -0.533052 -0.239399 -0.933679
v -0.336574 -0.493504 -0.923345
v -0.441414 0.146250 -0.778589
v -0.544883 -0.489090 -0.841547
v -0.472142 -0.331753 -0.938029
v -0.405185 0.153096 -1.002859
v -0.338232 0.139420 -1.007590
v -0.246731 -0.484111 -0.944359
v -0.634300 -0.097117 -0.899068
v -0.577465 -0.151408 -0.927091
v -0.354311 -0.424863 -0.947727
v -0.309606 0.099318 -0.952885
v -0.097033 -0.140504 -0.990182
v -0.246113 0.017648 -0.934563
v -0.429756 0.065515 -0.995075
v -0.372571 0.068597 -1.010848
v -0.685625 0.428641 -0.608249
v -0.661677 0.464503 -0.709192
v -0.704927 0.561045 -0.709335
v -0.691032 0.516756 -0.799724
v -0.633697 0.483626 -0.805690
v -0.146766 -0.177923 -1.033480
v -0.728811 0.509192 -0.774772
v -0.651778 0.330211 -0.580595
v -0.168376 -0.044855 -1.029452
v -0.458283 0.155546 -0.983184
v -0.118486 -0.120189 -1.026011
v -0.587503 0.293416 -0.675025
v -0.528116 0.166885 -0.954360
v -0.685151 0.407251 -0.826979
v -0.470309 0.227225 -0.827364
v -0.543259 0.212746 -0.942204
v -0.076112 -0.286817 -1.016245
v -0.565546 0.238534 -0.926960
v -0.258344 -0.122036 -1.026600
v -0.230677 0.033256 -1.018073
v -0.299611 0.102627 -0.980559
v -0.272000 -0.032998 -1.029791
v -0.521305 -0.714904 -0.712398
v -0.551618 -0.680321 -0.720686
v -0.478616 -0.732647 -0.721404
v -0.426808 -0.818154 -0.673469
v -0.297324 0.050197 -1.031519
v -0.186968 -0.140052 -1.034125
v -0.165458 -0.224123 -1.026326
v -0.196533 -0.064059 -1.043916
v -0.372113 -0.775812 -0.729595
v -0.168483 -0.048760 -0.971343
v -0.079166 -0.230665 -1.020212
v -0.226140 0.006579 -0.958669
v -0.473041 -0.579233 -0.830759
v -0.271650 -0.415149 -0.967770
v -0.453914 -0.653373 -0.792990
v -0.344629 -0.030443 -1.015884
v -0.423295 -0.257085 -0.973579
v -0.830697 -0.471140 -0.589126
v -0.805500 -0.317840 -0.691875
v -0.869510 0.723343 -0.591970
v -0.757690 -0.375470 -0.724718
v -0.837521 -0.014047 -0.726869
v -0.888333 -0.144944 -0.641328
v -0.918000 0.683912 -0.555182
v -0.732017 -0.521879 -0.682374
v -0.663790 -0.600360 -0.694922
v -0.699737 -0.558707 -0.692349
v -0.880800 0.553135 -0.632893
v -0.961341 -0.146837 -0.526320
v -1.011295 0.203679 -0.485640
v -0.767719 -0.141161 -0.781968
v -0.902361 0.131248 -0.655345
v -0.773611 -0.434321 -0.682520
v -0.854887 0.273658 -0.702809
v -0.741935 -0.194889 -0.794523
v -0.976624 0.340717 -0.543213
v -1.020007 0.503467 -0.459695
v -0.825384 -0.249718 -0.690612
v -0.860962 -0.351745 -0.603255
v -0.959935 0.024256 -0.572013
v -0.954695 0.564345 -0.543023
v -0.839647 0.431272 -0.698287
v -0.859063 0.488063 -0.669621
v -0.766726 0.630866 -0.622902
v -0.825788 0.601204 -0.672819
v -0.475734 -0.122753 -0.975348
v -0.733093 0.540632 -0.612061
v -0.781831 0.614832 -0.704705
v -0.704965 -0.035160 -0.850472
v -0.693774 0.352559 -0.505192
v -0.751252 -0.479408 -0.685242
v -0.783522 0.494857 -0.736229
v -0.630981 0.222198 -0.503182
v -0.554159 -0.196017 -0.932327
v -0.763995 0.097641 -0.800640
v -0.893500 -0.281291 -0.583923
v -0.838686 -0.419654 -0.605998
v -1.013054 0.335721 -0.481831
v -0.626324 -0.253511 -0.875206
v -0.553835 -0.025009 -0.950605
v -0.564316 0.061779 -0.946435
v -0.699997 -0.319220 -0.799143
v -0.917577 -0.260741 -0.553487
v -1.005242 0.034497 -0.486664
v -0.793012 0.132666 -0.771787
v -0.485900 -0.024862 -0.976961
v -0.520216 0.103771 -0.602474
v -0.958342 0.150498 -0.577359
v -0.499049 0.163901 -0.701295
v -0.823422 -0.135396 -0.725367
v -0.839859 0.116118 -0.725669
v -0.914398 0.418992 -0.621067
v -0.859657 0.392206 -0.685110
v -0.732394 0.610910 -0.725323
v -0.967225 0.454248 -0.546919
v -0.501940 0.066820 -0.971743
v -0.914932 0.294520 -0.633523
v -0.558196 0.095984 -0.515062
v -0.324710 -0.238038 -1.000553
v -0.897087 0.006735 -0.659769
v -0.522076 0.232517 -0.738301
v -0.446300 -0.356977 -0.941527
v -0.431216 -0.000276 -0.630445
v -0.368716 -0.351942 -0.967039
v -0.414417 -0.026365 -0.998706
v -0.908247 0.525218 -0.608082
v -0.516994 0.272008 -0.949298
v -0.947864 -0.112760 -0.563184
v -0.900232 0.620604 -0.593086
v -0.549821 -0.113835 -0.945845
v -0.466501 0.083608 -0.667703
v -0.722068 -0.385651 -0.756419
v -0.465773 0.181743 -0.781810
v -0.460167 0.271817 -0.920382
v -0.878575 -0.198183 -0.638900
v -0.612912 0.232013 -0.901371
v -0.604558 0.330427 -0.683324
v -0.316361 -0.037656 -0.733904
v -0.397470 -0.121172 -0.998643
v -0.421490 0.194498 -0.994791
v -0.624656 -0.515489 -0.778704
v -0.587232 0.148603 -0.928082
v -0.593132 0.354064 -0.735888
v -0.647624 0.428076 -0.698500
v -0.412186 0.058079 -0.723713
v -0.767040 -0.307964 -0.739238
v -0.852416 0.577475 -0.654300
v -0.554795 0.384984 -0.876049
v -0.719843 0.172670 -0.833770
v -0.751557 -0.283137 -0.762953
v -0.620029 0.454822 -0.796140
v -0.607954 0.446374 -0.845533
v -0.564483 0.315106 -0.917771
v -0.583387 0.374334 -0.783877
v -0.398307 0.147889 -0.850249
v -0.847534 0.665603 -0.632180
v -0.700872 -0.520266 -0.714682
v -0.446271 0.129993 -0.752746
v -0.505930 0.326067 -0.901286
v -0.643979 0.315656 -0.870019
v -0.627645 -0.581917 -0.736670
v -0.836163 -0.333078 -0.647690
v -0.769108 0.277981 -0.782106
v -0.357363 0.039105 -0.776935
v -0.688607 0.300205 -0.841651
v -0.375389 -0.018997 -0.686387
v -0.778103 -0.036484 -0.785166
v -0.795915 0.246463 -0.761699
v -0.660430 0.406698 -0.646788
v -0.568296 0.384842 -0.831534
v -0.636799 0.442471 -0.748351
v -0.599168 -0.431575 -0.834348
v -0.335074 -0.203221 -1.003916
v -0.815155 -0.446762 -0.626736
v -0.798757 -0.444391 -0.649320
v -0.732751 -0.150599 -0.812721
v -0.394561 -0.164882 -0.995808
v -0.731788 0.387007 -0.796822
v -0.562540 -0.517179 -0.817498
v -0.684630 -0.245771 -0.832410
v -0.482226 0.021792 -0.576980
v -0.713547 -0.135822 -0.831909
v -0.346071 -0.463999 -0.934592
v -0.250080 -0.229273 -1.014685
v -0.623337 0.035147 -0.914969
v -0.409222 0.215888 -0.971449
v -0.339256 -0.089737 -0.644638
v -0.781416 0.349886 -0.762782
v -0.506232 0.308716 -0.939897
v -0.559616 0.358145 -0.910270
v -0.415694 0.218655 -0.931545
v -0.372571 0.149068 -1.012928
v -0.806672 0.394943 -0.733893
v -0.701446 0.023212 -0.856953
v -0.668185 -0.173762 -0.862093
v -0.611335 0.410022 -0.874520
v -0.663392 0.510333 -0.804420
v -0.415583 -0.521141 -0.886192
v -0.801075 0.614323 -0.689055
v -0.518284 -0.419993 -0.886535
v -0.325910 -0.109546 -1.015508
v -0.803234 0.540088 -0.708999
v -0.641286 0.135401 -0.896417
v -0.788996 -0.381473 -0.688325
v -0.391410 -0.272347 -0.979672
v -0.335898 0.058571 -1.019792
v -0.390634 -0.075886 -0.596267
v -0.812503 0.440030 -0.721822
v -0.626754 -0.217948 -0.884175
v -0.368548 0.166062 -0.941262
v -0.362552 0.168198 -0.983055
v -0.297328 -0.316333 -0.990755
v -0.383014 0.159433 -0.897256
v -0.683149 0.047765 -0.872326
v -0.660414 0.220466 -0.872441
v -0.397955 -0.580122 -0.859832
v -0.256089 -0.019181 -0.841709
v -0.317720 0.099362 -1.025459
v -0.335583 0.101143 -0.896286
v -0.292795 0.040535 -0.878778
v -0.285565 -0.103484 -0.686160
v -0.455633 0.261614 -0.958936
v -0.387860 0.110323 -1.007011
v -0.518539 0.323416 -0.861465
v -0.434693 0.156039 -0.992211
v -0.613384 -0.007286 -0.920718
v -0.402581 0.065654 -1.003060
v -0.314405 -0.565510 -0.891423
v -0.117739 -0.136712 -0.888393
v -0.150244 -0.338919 -1.005504
v -0.201171 -0.045852 -0.889977
v -0.280589 0.003649 -1.029790
v -0.258120 0.042508 -1.034541
v -0.201678 -0.003398 -1.024796
v -0.290024 -0.160319 -0.601182
v -0.164085 -0.102919 -0.848191
v -0.608807 -0.120961 -0.913482
v -0.315462 0.118815 -0.993452
v -0.711328 0.513703 -0.786932
v -0.164193 -0.045007 -0.996176
v -0.474690 -0.634756 -0.796512
v -0.038799 -0.250926 -0.940333
v -0.112806 -0.287547 -1.019799
v -0.074296 -0.188474 -0.917759
v -0.127482 -0.145001 -1.036548
v -0.064094 -0.216121 -0.999999
v -0.108369 -0.205516 -1.029185
v -0.539364 -0.631846 -0.763679
v -0.019114 -0.319670 -0.955769
v -0.189097 -0.237613 -1.021926
v -0.138926 -0.086463 -1.029140
v -0.301866 -0.684495 -0.819228
v -0.547676 -0.653595 -0.743905
v -0.066009 -0.377259 -0.986532
v -0.333749 -0.730091 -0.777650
v -0.236876 -0.299037 -1.004695
v -0.487035 -0.703877 -0.740853
v -0.091806 -0.199200 -0.832668
v -0.227844 -0.117697 -0.727173
v -0.429394 0.215591 -0.890358
v -0.473942 0.269590 -0.881527
v -0.261862 -0.056866 -0.774366
v -0.445561 0.206589 -0.847288
v -0.535521 0.285842 -0.776493
v -1.238218 0.682001 0.324155
v -1.038771 0.936633 0.254543
v -1.238224 1.147398 -0.001543
v -1.193513 1.111482 -0.120330
v -1.195421 0.897924 -0.130417
v -1.056981 1.119449 -0.294320
v -1.187638 0.678651 -0.142168
v -0.695255 0.200074 -0.287143
v -0.977909 0.733856 0.272167
v -0.799243 0.503130 -0.405089
v -1.221279 0.514284 0.094835
v -1.223736 0.499389 0.206617
v -1.205207 0.508036 -0.013331
v -0.969270 0.706335 0.378861
v -1.106025 0.960448 -0.276341
v -1.188046 0.297940 0.184329
v -1.170115 1.074347 -0.166418
v -0.733918 0.356100 -0.409441
v -1.191847 0.312734 0.087597
v -0.612548 0.059789 -0.306461
v -0.488272 -0.070164 -0.435569
v -0.478486 -0.112568 -0.363925
v -0.972140 0.781227 -0.007951
v -1.083234 -0.000359 -0.273797
v -1.024509 0.113686 0.506639
v -1.061332 0.028873 0.419208
v -1.032986 -0.090453 0.430416
v -1.154114 0.117436 0.157784
v -0.429144 -0.168059 0.324354
v -1.107171 -0.140728 -0.073202
v -1.130579 -0.002410 -0.055451
v -1.116355 -0.070138 0.201599
v -1.003989 -0.247723 0.427493
v -1.081913 -0.279755 0.147605
v -1.042670 -0.283113 0.326493
v -1.088790 -0.275767 0.014136
v -0.908043 -0.348823 0.526927
v -0.971309 -0.367891 0.427263
v -0.852313 0.672417 -0.405925
v -0.727247 0.258375 0.328536
v -0.868742 0.494941 0.350369
v -0.759060 0.333541 0.405493
v -0.809486 0.351087 -0.021858
v -0.851340 0.430535 0.081450
v -0.773289 0.286601 0.163777
v -0.859208 0.469338 -0.119474
v -0.807834 0.366006 0.265619
v -1.139000 0.735305 0.564791
v -1.094681 1.150239 0.254359
v -1.265040 0.940990 0.345293
v -1.309659 1.478827 0.234495
v -1.270691 0.955746 0.158363
v -0.927063 0.504454 0.721950
v -0.887645 0.647876 -0.288619
v -1.284449 1.046973 0.230436
v -0.972520 0.970031 -0.200779
v -1.170382 0.545050 0.460413
v -1.308131 1.359535 0.231667
v -1.250230 0.833322 0.089342
v -1.219350 1.067877 -0.055862
v -0.904899 0.559900 0.019674
v -1.291087 1.461772 0.344036
v -1.026474 0.942098 0.130142
v -1.017025 0.932536 0.065885
v -0.711602 0.297725 0.511102
v -0.920109 0.847618 -0.312757
v -0.984392 0.776165 0.161695
v -1.213946 0.498155 0.297888
v -0.742836 0.381483 0.587712
v -1.288419 1.172084 0.335963
v -1.240033 0.952306 0.018099
v -1.023678 0.511491 0.647813
v -1.232408 0.727515 0.030296
v -1.268220 0.894824 0.284584
v -0.880906 0.562292 -0.209227
v -1.046254 0.592354 0.641941
v -1.303015 1.300433 0.269724
v -1.297748 1.299761 0.167276
v -1.016916 1.040399 -0.068674
v -1.285168 1.065913 0.295081
v -1.063104 1.040444 0.220794
v -1.176247 1.464828 0.353202
v -1.152544 0.807532 -0.229542
v -1.220464 1.265888 -0.051251
v -1.131934 0.398569 0.465653
v -0.946574 0.647971 0.291403
v -0.869654 0.524491 0.456082
v -0.934901 0.629965 0.395076
v -1.277879 1.534261 0.063426
v -0.781403 0.466493 0.625897
v -1.296150 1.190537 0.235518
v -1.299070 1.216153 0.274387
v -1.126327 1.111033 -0.221811
v -1.244311 1.282917 0.455851
v -1.036345 1.059252 0.009693
v -0.872868 0.655302 0.655828
v -0.801683 0.562366 0.719057
v -0.675464 0.227086 0.460990
v -1.263365 0.824109 0.230033
v -1.213091 0.609193 -0.025478
v -1.176504 1.454795 0.392408
v -1.202651 0.710828 -0.098734
v -0.938383 0.665578 -0.019614
v -0.918205 0.629810 -0.113262
v -1.137573 0.535438 0.514799
v -1.134663 0.943090 -0.241438
v -0.934305 0.987882 -0.324482
v -1.171340 1.008789 -0.173800
v -0.773327 0.510716 0.712732
v -1.223467 0.823092 -0.035813
v -0.828455 0.484292 0.528043
v -0.686074 0.361891 0.684011
v -1.209532 0.919599 -0.091520
v -1.170635 0.272663 0.270263
v -0.962563 0.805367 0.597462
v -1.082513 0.255477 0.479519
v -0.922979 0.710789 0.587626
v -1.176417 1.588376 0.172569
v -1.115396 0.182820 0.376582
v -0.691945 0.166344 0.238836
v -1.267300 1.428839 0.407213
v -1.294031 1.572315 0.313540
v -1.240603 1.571995 -0.010842
v -1.307205 1.605056 0.226876
v -1.236223 1.505067 -0.016218
v -1.112707 0.886464 0.606736
v -1.052569 0.813227 0.661090
v -0.861374 0.505841 0.762506
v -0.737422 0.457969 0.714406
v -0.705654 0.335572 0.606907
v -0.652774 0.160843 0.383875
v -1.207055 1.400784 -0.062673
v -1.282421 1.340884 0.374545
v -1.236487 0.817911 0.399728
v -1.301991 1.474962 0.153261
v -1.053879 0.897154 0.664167
v -1.242382 1.768947 -0.000158
v -1.250643 0.722196 0.154054
v -1.109351 0.980838 0.613404
v -1.243737 0.747996 0.338420
v -1.233511 0.622528 0.093753
v -1.015815 1.205685 -0.163891
v -0.915659 0.574216 0.218017
v -1.261822 1.327456 0.424577
v -1.189197 1.309490 -0.101076
v -1.247569 0.705099 0.280793
v -1.239632 0.609111 0.212072
v -1.128297 1.274623 0.297932
v -1.018065 0.861885 0.262363
v -1.117563 1.315186 0.164420
v -1.093467 1.265211 0.106864
v -1.139664 1.348778 0.230161
v -1.127538 1.404581 0.122504
v -1.279640 1.653491 0.342533
v -1.121736 0.790759 0.590368
v -1.109653 1.069967 0.623632
v -1.163429 1.156687 0.564189
v -1.080258 1.338552 -0.007507
v -1.102559 1.200019 0.222219
v -1.032371 0.894797 0.317772
v -1.280943 1.633664 0.071117
v -1.301419 1.422311 0.162966
v -1.048656 0.724305 0.657151
v -1.301382 1.684529 0.149499
v -1.301413 1.610099 0.141767
v -0.972669 0.833410 -0.108731
v -1.085429 1.178697 0.158817
v -1.149135 1.446152 0.173140
v -1.281243 1.824367 0.296471
v -1.106144 1.392524 0.059154
v -1.303477 1.694516 0.208420
v -1.293298 1.658843 0.290590
v -1.005168 0.967703 -0.058013
v -1.004372 0.903176 0.021459
v -1.168631 1.303548 0.555592
v -1.177123 1.107528 0.546301
v -1.276167 1.562670 0.371922
v -1.217337 1.397352 0.500075
v -1.191741 1.766667 0.126530
v -1.105453 1.175422 0.381012
v -1.088378 1.091529 0.356332
v -1.178686 1.746409 0.071856
v -1.068128 1.048204 0.479676
v -1.210043 1.728416 -0.046898
v -1.074966 1.044988 0.319673
v -1.249516 1.508849 0.437456
v -1.255188 1.413633 0.434450
v -0.641894 0.067395 -0.149152
v -0.610002 0.029345 0.045582
v -0.687636 0.137067 -0.033977
v -0.899832 0.930438 -0.405586
v -1.132671 0.445805 -0.239358
v -0.648545 0.092844 0.144779
v -0.724819 0.203797 0.081364
v -0.760831 0.264956 -0.119024
v -1.092274 0.272889 -0.305060
v -0.619336 0.077381 0.299925
v -1.048713 0.207661 -0.404987
v -0.953899 0.912636 -0.448028
v -1.156912 0.320635 -0.130499
v -1.091887 0.408592 -0.325500
v -1.182266 0.340521 -0.028029
v -0.818950 0.704878 -0.527655
v -1.138696 0.116969 0.255769
v -1.058652 0.389314 -0.392012
v -0.754690 0.484951 -0.498983
v -0.651734 0.125124 -0.299694
v -0.824798 0.462817 -0.285646
v -1.127664 0.302830 -0.218115
v -1.119601 0.623443 -0.288126
v -1.175188 0.489776 -0.134444
v -1.154458 0.633511 -0.220051
v -1.028804 0.866270 -0.385568
v -0.880285 0.818594 -0.411024
v -1.164606 0.158252 0.057348
v -1.154904 0.151986 -0.040083
v -0.804337 0.373167 -0.205485
v -0.834642 0.805409 -0.534810
v -1.136993 -0.005515 0.031141
v -1.046944 0.683688 -0.400564
v -0.791495 0.603693 -0.516025
v -0.838762 0.561352 -0.355908
v -1.019466 0.947812 -0.372653
v -0.743478 0.294532 -0.293033
v -0.704688 0.182982 -0.201320
v -0.769224 0.382254 -0.347227
v -1.140365 0.248552 0.358015
v -1.117443 0.010447 -0.147527
v -1.115100 0.157255 -0.215574
v -1.138268 0.157451 -0.132264
v -1.088414 0.140017 -0.292398
v -1.105664 0.750682 -0.310534
v -0.686648 0.220057 -0.352605
v -1.165009 0.378868 0.381507
v -0.865757 -0.049867 0.649574
v -0.953741 -0.128993 0.533459
v -0.997355 0.036635 0.518460
v -0.538918 0.069964 0.555293
v -0.518358 0.007611 0.499406
v -0.621478 -0.022199 0.844298
v -0.574505 -0.011339 -0.270989
v -0.344710 0.037738 0.845317
v -0.445074 -0.069400 0.555263
v -0.597677 0.092729 0.437139
v -0.642503 -0.114818 0.820162
v -0.847699 -0.289443 0.616284
v -0.358876 -0.000915 0.774674
v -0.878270 -0.184727 0.609196
v -0.450191 -0.160487 0.210157
v -0.562833 0.009100 0.350430
v -0.383961 -0.044257 0.694658
v -0.688901 0.344454 0.655292
v -1.098077 -0.222823 0.119680
v -0.619284 0.155745 0.500699
v -1.005447 -0.076938 0.475389
v -0.741200 -0.145399 0.745335
v -0.576149 0.002143 0.212622
v -1.109847 -0.161384 0.126473
v -0.624463 0.328833 0.748864
v -1.140084 0.035135 0.147292
v -0.554518 -0.051250 -0.015126
v -0.567302 0.242616 0.728540
v -0.731612 0.372643 0.819254
v -0.475656 -0.141049 0.080037
v -0.683171 0.025476 0.810051
v -1.098801 0.002330 0.323275
v -0.368443 -0.254840 0.086687
v -0.454158 0.176118 0.857994
v -0.432017 -0.193021 0.002499
v -1.003476 -0.406062 0.331554
v -0.565524 0.297785 0.812998
v -0.275884 -0.074250 0.802521
v -0.688732 -0.217872 0.773809
v -0.511166 0.218211 0.795674
v -0.743102 -0.293727 0.715414
v -0.777167 -0.374972 0.660476
v -0.887779 -0.406236 0.528963
v -0.655175 0.235377 0.558222
v -0.531947 -0.065594 0.138478
v -0.512182 0.249563 0.931151
v -0.661236 -0.303765 0.777964
v -0.687629 -0.329697 0.752517
v -0.432655 0.187275 0.934570
v -0.421379 -0.140309 0.475066
v -0.888728 -0.446157 0.507127
v -0.271131 -0.032849 0.863307
v -0.403299 -0.096660 0.962613
v -0.649884 -0.442910 0.747495
v -0.399188 0.137198 0.981065
v -0.439702 0.067313 0.957175
v -0.377329 -0.000997 0.983081
v -0.514192 -0.347152 0.865266
v -0.281378 -0.098916 1.007123
v -0.803776 0.383132 0.783733
v -0.310612 0.065759 0.951239
v -0.796067 -0.221310 0.684423
v -0.630063 0.139296 0.853765
v -0.715458 0.432251 0.839543
v -0.308163 -0.161425 0.994324
v -0.576834 0.041132 0.877242
v -0.597112 -0.374894 0.805446
v -0.528141 -0.268203 0.872038
v -0.488724 -0.071364 0.414321
v -0.437853 -0.175550 0.937322
v -0.460063 -0.127542 0.335153
v -0.524917 -0.058314 0.268897
v -0.447608 -0.341563 0.904396
v -0.695054 0.231932 0.826897
v -0.590578 0.238219 0.687284
v -0.522069 0.135764 0.668675
v -0.740595 0.190337 0.794702
v -0.664874 0.351684 0.855234
v -0.464104 0.158280 0.954754
v -0.437545 0.027622 0.683350
v -0.831195 0.064466 0.707114
v -0.504013 -0.445188 0.841888
v -0.805978 0.137954 0.741506
v -0.481379 -0.122375 0.208104
v -0.460229 -0.269014 0.912355
v -0.595913 0.178800 0.603252
v -0.327876 0.034239 1.010327
v -0.347800 -0.235642 0.970293
v -0.747494 0.070809 0.772744
v -0.281044 -0.284121 0.980617
v -0.239346 -0.230378 0.999037
v -0.509457 -0.534198 0.804821
v -0.492101 0.146454 0.726966
v -0.521591 0.092872 0.913928
v -0.491120 -0.131362 -0.076356
v -0.527558 -0.012745 0.901354
v -0.432786 0.126849 0.814162
v -0.553968 -0.083272 0.878752
v -0.504120 -0.122054 0.904801
v -0.373425 -0.245086 0.209993
v -0.385900 -0.237407 0.120962
v -0.447917 -0.171231 0.116037
v -0.356932 -0.506845 0.885669
v -0.607094 -0.340819 0.807040
v -0.264650 0.028363 0.984778
v -0.481459 0.026381 0.931744
v -0.435004 0.096115 0.962417
v -0.277826 -0.496875 0.913490
v -0.567946 -0.274852 0.845716
v -0.580659 -0.154325 0.854293
v -0.381000 -0.126465 0.600559
v -0.613001 -0.231910 0.823125
v -0.257965 0.002136 0.939141
v -0.525559 -0.181408 0.885058
v -0.341191 -0.097371 0.696583
v -0.464952 -0.444835 0.864051
v -0.513564 0.063723 0.598143
v -0.357924 -0.250239 0.298482
v -0.381000 -0.205407 0.412980
v -0.308505 -0.350488 0.955882
v -0.458041 -0.010028 0.609516
v -0.235378 -0.389228 0.959562
v -0.212402 -0.215114 1.004787
v -0.380554 -0.411693 0.913728
v -0.387289 0.101749 0.990829
v -0.375628 -0.299836 0.946756
v -0.433011 -0.385241 0.900059
v -0.393558 -0.066443 0.655481
v -0.397785 0.042347 0.761852
v -0.214758 -0.467187 0.937011
v -0.330407 -0.262515 0.373568
v -0.463102 -0.195828 0.920878
v -0.363855 -0.032461 0.734715
v -0.411420 0.035239 0.970624
v -0.260245 -0.049337 1.020744
v -0.440990 0.116012 0.778983
v -0.353035 0.022647 0.811919
v -0.316894 -0.040758 0.789069
v -0.361206 -0.194570 0.516709
v -0.208638 -0.146239 1.017125
v -0.429072 -0.525952 0.848548
v -0.660666 -0.189235 0.797849
v -0.414123 -0.597141 0.823649
v -0.322494 -0.564643 0.873671
v -0.591229 -0.540764 0.751632
v -0.492634 -0.611081 0.779449
v -0.306612 0.004104 0.859416
v -0.246195 -0.040209 0.893860
v -1.055073 0.185309 0.489927
v -0.678699 0.408147 0.766461
v -0.598049 0.181693 0.876037
v -0.946047 0.474737 0.704314
v -0.964544 0.762161 0.522508
v -0.977546 0.728195 0.325868
v -0.874794 0.480258 0.136757
v -1.003069 0.155297 0.550752
v -0.871472 0.475336 0.177039
v -0.927343 0.119655 0.628829
v -0.544472 0.252042 0.915574
v -0.515773 0.274131 0.911434
v -1.045713 0.069606 0.458311
v -1.048900 -0.030939 0.421188
v -1.048335 0.385867 0.583350
v -0.572776 0.275390 0.899964
v -0.932151 0.619773 0.181150
v -0.506992 0.110102 0.921818
v -0.723685 -0.457856 0.680770
v -0.453837 -0.167094 -0.213522
v -0.597903 0.001226 -0.122148
v -0.598967 0.061723 -0.361490
v -0.497493 -0.102620 -0.317636
v -0.532778 -0.081324 -0.172195
v -0.435849 -0.188733 -0.169895
v -0.763620 -0.510152 0.616991
v -0.889410 0.535681 -0.082843
v -0.969825 0.753502 0.062668
v -0.991268 0.781616 0.435700
v -0.693518 0.447909 0.805606
v -0.851974 0.457668 0.310410
v -0.831021 0.391270 0.029675
v -0.749232 0.244031 0.118079
v -0.771298 0.317050 0.297252
v -0.905505 -0.186726 0.578368
v -0.617110 0.275051 0.869093
v -0.708424 0.211492 0.284096
v -1.004853 0.852625 0.146814
v -0.361384 0.072387 0.869828
v -1.089356 0.511598 0.575345
v -1.180524 1.013488 0.535664
v -0.892696 0.621195 0.554135
v -0.841257 0.456269 0.380845
v -0.821879 0.501259 0.780829
v -0.663980 0.114337 0.832140
v -1.029881 0.924715 0.201795
v -0.732064 0.226175 0.202144
v -0.687911 0.145662 0.109682
v -0.812149 0.354205 0.123908
v -0.923931 0.603002 0.106136
v -0.984836 0.763822 0.219836
v -0.926348 0.643384 0.476656
v -1.178667 0.684401 0.493866
v -1.110103 0.415571 0.510603
v -1.162489 0.759258 0.537447
v -0.933476 0.344807 0.689759
v -0.991954 0.354340 0.636559
v -1.070260 0.645840 0.628006
v -0.991212 0.462406 0.666506
v -0.723471 0.150495 0.800354
v -1.069715 0.725842 0.638342
v -0.772052 0.401814 0.800143
v -0.736587 0.438690 0.825995
v -1.030162 0.882006 0.359381
v -0.990570 0.768768 0.404125
v -0.747151 0.304562 0.805814
v -1.013737 0.595378 0.669955
v -0.633525 0.378464 0.809685
v -0.815358 -0.184136 0.673734
v -0.653299 0.405050 0.852266
v -0.768794 0.523723 0.747544
v -0.507745 0.099356 0.649295
v -0.746329 0.505991 0.809566
v -0.719851 0.329210 0.820315
v -1.039810 0.918207 0.396559
v -0.927279 0.237904 0.665785
v -0.774221 0.375147 0.465105
v -0.849085 0.483767 0.431919
v -1.207477 0.823889 0.473723
v -0.742811 0.299965 0.378749
v -1.206740 0.664918 0.428855
v -0.800031 0.342013 0.214674
v -0.685930 0.204509 0.358283
v -0.607836 0.041237 0.180578
v -0.670241 0.129133 0.192220
v -1.224263 0.657950 0.372993
v -0.650530 0.118851 0.271217
v -0.882440 0.501630 0.043088
v -1.192323 0.511757 0.391750
v -0.938792 0.635823 0.725765
v -1.063918 0.290306 0.524010
v -0.665363 0.255199 0.843461
v -1.101940 0.221451 0.428390
v -1.118430 0.123505 0.333520
v -0.587845 0.349446 0.857720
v -0.383374 -0.051318 0.975520
v -0.841220 0.347190 0.754219
v -0.216221 -0.046606 1.015510
v -0.355512 -0.128467 0.980765
v -0.548022 0.290823 0.841428
v -0.449211 -0.065283 0.941357
v -0.624093 0.124086 0.408592
v -0.589813 0.041824 0.326174
v -0.336345 0.073895 0.919138
v -0.547848 -0.031673 0.242485
v -0.676716 0.291293 0.603939
v -0.581904 0.199730 0.883430
v -0.384610 0.082232 0.841263
v -0.353181 0.109498 0.953891
v -0.270922 -0.196237 1.000091
v -0.335347 -0.191897 0.982007
v -0.431026 -0.130705 0.945642
v -0.711391 0.458393 0.785297
v -0.615944 0.344486 0.882030
v -0.291324 -0.128981 1.001868
v -0.694718 -0.793886 -0.488940
v -1.024024 -0.482865 0.134339
v -0.580433 -0.014646 0.011249
v -0.663852 0.097931 -0.087683
v -0.717178 0.188260 0.022365
v -0.628870 0.060364 0.095445
v -1.078037 1.399651 -0.052614
v -1.047419 1.400104 -0.160795
v -0.919289 0.808094 -0.297902
v -0.935661 0.700770 -0.138322
v -0.785993 0.308493 -0.070541
v -0.894485 0.972765 -0.417476
v -1.057589 0.088714 -0.368276
v -0.914558 0.932919 -0.482077
v -1.206579 0.399646 0.198797
v -1.206992 1.085236 -0.088903
v -0.989765 0.841620 0.019428
v -0.728168 0.203890 -0.073914
v -0.751500 0.246512 0.032767
v -0.610357 0.035225 -0.242685
v -0.645199 0.074804 0.004972
v -1.064539 0.563680 -0.382497
v -1.073904 1.222012 0.048411
v -1.206455 0.408063 0.091776
v -1.111654 1.472306 0.023482
v -1.023871 1.429243 -0.236404
v -0.643941 0.220959 -0.471066
v -1.193188 0.415929 -0.023054
v -1.040590 1.453191 -0.195661
v -0.677684 0.130133 -0.178295
v -0.776091 0.288353 0.013786
v -0.954666 0.859758 -0.465009
v -0.712101 0.354992 -0.464196
v -0.927510 0.732474 -0.218555
v -1.000579 0.623402 -0.471384
v -1.170975 0.656603 -0.184875
v -1.045938 1.023102 0.130940
v -0.970671 0.800302 -0.067791
v -1.081988 0.866427 -0.324760
v -1.100590 0.030719 -0.228383
v -0.991724 0.819401 -0.438041
v -0.776772 0.497234 -0.456545
v -1.052364 1.336468 -0.109887
v -1.078541 1.482126 -0.104572
v -0.875030 0.696807 -0.362124
v -0.947448 1.099146 -0.392533
v -0.784723 0.320861 -0.163360
v -1.001803 1.270207 -0.240322
v -0.698188 0.289184 -0.418230
v -0.626362 0.148204 -0.419390
v -1.052376 1.264922 -0.069686
v -1.176759 0.225662 0.070009
v -0.622431 0.045540 -0.205822
v -1.136281 1.511519 0.078210
v -0.667150 0.331765 -0.545523
v -1.191653 0.307248 0.133315
v -1.287282 1.107209 0.196703
v -0.768877 0.427238 -0.402407
v -1.065730 -0.017106 -0.321519
v -1.180226 0.287383 0.233257
v -0.839993 0.416270 -0.068034
v -0.773328 0.329824 -0.249121
v -1.219026 0.496194 0.260100
v -1.169551 0.200971 0.169471
v -0.831540 0.418801 -0.161775
v -1.224744 0.509706 0.151533
v -0.817287 0.422227 -0.246458
v -1.214077 0.511989 0.040547
v -0.731993 0.221116 -0.164409
v -0.831250 0.416017 0.288816
v -0.827828 0.392559 0.222025
v -0.533371 -0.843513 0.589459
v -0.805728 -0.021529 -0.759431
v -0.555322 0.209635 -0.648922
v -0.486106 -0.034518 -0.494821
v -0.414610 0.127021 -0.798945
v -0.353966 -0.142648 -0.551954
v -0.324134 -0.200908 -0.489909
v -0.525154 0.046259 -0.522736
v -0.601847 0.187535 -0.527834
v -0.772085 -0.088361 -0.786455
v -0.871641 0.141562 -0.691026
v -0.665456 0.308106 -0.522533
v -0.838178 0.054517 -0.728228
v -0.869591 -0.007191 -0.692092
v -0.573167 0.088659 -0.470515
v -0.466399 -0.036328 -0.528962
v -0.627233 0.301018 -0.602918
v -0.930725 0.156457 -0.618276
v -0.902244 0.067207 -0.655913
v -0.833813 -0.079744 -0.724511
v -0.582379 0.147519 -0.522911
v -0.815015 0.125297 -0.750804
v -0.856025 0.169027 -0.706930
v -0.993049 0.340876 -0.516459
v -0.915750 0.187641 -0.637036
v -0.900321 0.726347 -0.561717
v -0.982916 0.185356 -0.537349
v -0.826106 0.568719 -0.396307
v -0.967580 0.212667 -0.562041
v -0.962687 0.305797 -0.566875
v -0.795704 -0.147595 -0.752910
v -0.948311 0.673225 -0.524772
v -1.038804 0.366521 -0.432346
v -0.824733 0.512566 -0.346027
v -0.840143 0.841516 -0.537990
v -0.826595 0.495885 -0.321056
v -0.923391 0.748808 -0.530741
v -0.753909 0.337165 -0.329126
v -0.960045 0.082442 -0.574568
v -1.012772 0.273124 -0.483618
v -0.712039 0.251742 -0.323958
v -0.795334 0.417985 -0.318217
v -0.860790 0.598188 -0.325714
v -0.934017 0.921047 -0.464670
v -0.884985 0.934425 -0.489780
v -1.033954 0.201517 -0.438307
v -1.074726 0.410274 -0.360207
v -0.782944 0.699346 -0.654723
v -0.784509 0.707952 -0.624552
v -0.884351 0.690270 -0.329010
v -0.854083 0.513404 -0.248631
v -0.886360 0.607586 -0.248920
v -0.969613 0.690890 -0.495659
v -1.053192 0.342050 -0.402582
v -1.023114 0.392646 -0.461052
v -0.910047 0.695424 -0.250520
v -1.065150 0.436856 -0.380172
v -1.138480 0.614626 -0.250990
v -0.932603 0.718163 -0.181122
v -0.871619 0.516426 -0.167481
v -0.905884 0.612259 -0.164341
v -1.108419 0.448273 -0.294822
v -1.058882 0.249966 -0.384551
v -1.101624 0.571143 -0.317869
v -0.976233 1.103518 -0.372987
v -1.121360 0.447366 -0.266554
v -0.967238 0.869772 -0.165952
v -1.084928 0.567673 -0.346958
v -0.921196 1.076824 -0.385454
v -0.937215 0.793993 -0.231186
v -1.027432 1.126290 -0.320537
v -0.952691 1.145172 -0.309365
v -0.968927 1.043397 -0.241358
v -0.958634 1.110727 -0.293673
v -0.978275 0.962900 -0.407646
v -0.932722 0.896062 -0.295056
v -1.052249 1.038301 -0.316001
v -1.160294 0.686903 -0.212110
v -0.983033 1.065620 -0.372717
v -0.889727 0.725268 -0.337887
v -1.083925 1.009938 -0.290645
v -0.967382 0.920315 -0.196511
v -0.931746 0.658903 -0.070217
v -1.146790 0.584690 -0.230387
v -0.903936 0.579054 -0.094865
v -0.960047 0.777239 -0.106326
v -0.951721 0.829361 -0.202082
v -1.000944 1.044884 -0.136020
v -1.017946 1.171574 -0.320557
v -0.952969 1.193914 -0.312892
v -0.984210 0.892803 -0.107569
v -0.986168 1.001785 -0.169128
v -1.193211 0.748108 -0.133181
v -1.185594 0.834649 -0.157103
v -0.995629 1.083041 -0.173988
v -1.144610 0.482948 -0.218056
v -1.002783 1.306080 -0.303784
v -1.168515 0.834170 -0.197042
v -1.058689 0.865989 -0.352148
v -1.018069 0.782431 -0.418164
v -0.987642 1.276949 -0.299212
v -0.998800 1.186318 -0.203626
v -1.050331 1.304915 -0.274130
v -0.970741 1.118429 -0.262331
v -1.065499 1.303497 -0.258179
v -1.081542 1.163694 -0.263375
v -0.954659 0.709865 0.021201
v -1.093959 1.240170 -0.239892
v -0.966252 1.194260 -0.289620
v -1.032295 1.262259 -0.298125
v -1.190450 0.788245 -0.143541
v -1.019518 1.095409 -0.094058
v -0.967846 0.832586 -0.459703
v -1.222013 0.997451 -0.049014
v -1.192858 1.169628 -0.114918
v -0.922791 0.614178 0.000929
v -1.027242 1.310207 -0.172142
v -1.027057 1.133685 -0.087034
v -0.992305 0.766822 -0.450934
v -1.147485 1.107380 -0.196340
v -0.999446 1.300562 -0.250266
v -1.050294 1.182566 -0.026598
v -1.027721 1.210578 -0.124314
v -1.027250 1.043338 -0.022194
v -1.152128 1.245417 -0.168483
v -1.007233 1.377597 -0.248827
v -1.231606 0.979138 -0.015805
v -1.105470 1.021366 -0.263830
v -1.028360 0.978794 0.070200
v -0.955020 0.721693 -0.019767
v -0.959733 0.931266 -0.227702
v -1.138397 1.145347 -0.201863
v -0.884528 0.864158 -0.419543
v -0.918087 0.964539 -0.360191
v -0.982285 0.804594 0.039990
v -0.877475 0.872055 -0.445938
v -1.006589 0.934768 -0.016225
v -1.060447 1.119646 0.086044
v -1.076066 1.597877 -0.172649
v -1.101973 1.534153 -0.049935
v -0.993282 0.924679 -0.085208
v -0.262234 -0.163523 -0.628383
v -0.493863 -0.220356 -0.955376
v -0.564046 -0.270411 -0.910100
v -0.360894 -0.384887 -0.959885
v -0.070625 -0.221363 -0.855904
v -0.113515 -0.179922 -0.811882
v -0.402091 -0.430193 -0.932038
v -0.086566 -0.244219 -0.771286
v -0.369483 0.067677 -0.794806
v -0.335372 0.061664 -0.837666
v -0.027033 -0.302722 -0.884060
v -0.193810 -0.179224 -0.681799
v -0.146831 -0.189197 -0.732412
v -0.307145 -0.417821 -0.960510
v -0.235319 -0.179578 -0.631613
v -0.177275 -0.131777 -0.773216
v -0.195734 -0.226572 -0.594774
v -0.277787 -0.012327 -0.818725
v -0.159431 -0.231144 -0.642023
v -0.468929 -0.159766 -0.974392
v -0.414967 -0.183652 -0.988272
v -0.918801 0.651387 -0.155660
v -0.863694 0.769157 -0.434152
v -0.934752 0.679288 -0.098516
v -0.949290 0.820205 -0.482786
v -0.767209 0.403381 -0.378955
v -0.744319 0.341151 -0.362113
v -0.950440 0.746576 -0.119716
v -1.018761 1.010500 -0.033512
v -1.076158 0.717543 -0.355762
v -1.093847 0.817749 -0.318501
v -1.003533 1.002260 -0.099817
v -1.135923 0.776150 -0.260145
v -1.043232 0.523261 -0.419570
v -1.031845 0.741502 -0.410337
v -0.928307 0.804904 -0.266895
v -1.113406 0.681092 -0.300253
v -1.019585 0.651607 -0.441670
v -1.058463 0.620846 -0.390112
v -1.047709 1.345006 -0.273311
v -1.058593 0.507250 -0.393296
v -1.093214 0.909290 -0.302302
v -1.048138 1.443593 -0.253406
v -1.099991 1.339836 -0.212937
v -1.154601 0.856947 -0.222349
v -1.150838 0.759724 -0.233561
v -1.066402 1.447315 -0.243050
v -0.976647 0.764067 0.110367
v -1.034612 1.080377 -0.322469
v -1.034389 0.989377 -0.346104
v -1.044607 1.419153 -0.180596
v -1.181070 0.621964 -0.152145
v -0.952622 0.695103 0.064303
v -1.078626 1.460534 -0.232948
v -1.105841 1.526116 -0.201346
v -1.218827 1.492772 -0.047965
v -1.056319 1.414683 -0.254584
v -1.127668 1.311827 0.211314
v -0.997057 0.959870 -0.390411
v -1.129514 1.448139 -0.170358
v -1.131928 1.635803 -0.177124
v -1.207658 1.604638 -0.059001
v -1.115649 1.270908 0.201766
v -1.168371 1.239769 -0.145946
v -1.150019 1.389436 -0.150858
v -1.270231 1.131363 0.095700
v -1.214439 0.960636 -0.074220
v -1.052422 1.508287 -0.179802
v -1.139218 1.223846 -0.188705
v -1.249949 1.120178 0.032589
v -1.092029 1.178496 0.193812
v -1.093920 1.605938 -0.111318
v -1.153242 1.562960 -0.132499
v -1.074113 1.508862 -0.128072
v -1.116884 1.688728 -0.103588
v -1.139924 1.472673 -0.154301
v -1.229774 1.208326 -0.028410
v -1.228369 1.104955 -0.028935
v -1.220413 1.822126 -0.072620
v -1.104657 1.588537 -0.079232
v -1.173018 1.456042 -0.115518
v -1.243469 1.201969 0.007559
v -1.003547 1.161326 -0.181372
v -1.174623 1.756854 -0.127733
v -1.230953 1.659089 -0.022501
v -1.044531 1.093973 0.019072
v -1.151537 1.384134 0.255964
v -1.084482 1.594997 -0.142867
v -1.092967 1.356766 0.031946
v -1.158056 1.780528 -0.050885
v -1.296964 1.748516 0.231951
v -1.109371 1.434348 0.039419
v -1.086664 1.202414 -0.252273
v -1.117513 1.400023 0.091974
v -1.114499 1.536920 -0.009586
v -1.097982 1.339091 0.065130
v -1.202141 1.792805 -0.095035
v -1.301010 1.526740 0.140560
v -1.257109 1.030723 0.069777
v -1.248803 0.994327 0.045412
v -1.063302 1.061356 0.187764
v -1.067637 1.296483 -0.029972
v -1.079310 1.374468 -0.031417
v -1.074528 1.291894 -0.000304
v -1.307607 1.488468 0.189331
v -1.166069 1.637741 -0.125796
v -1.089435 1.216869 0.134264
v -1.082278 1.239882 0.075374
v -1.096733 1.310361 0.081457
v -1.106252 1.292704 0.137859
v -1.159892 1.723963 0.009612
v -1.152576 1.655966 0.029535
v -1.252027 1.395798 0.014460
v -1.132255 1.638960 -0.023598
v -1.125761 1.568009 0.004119
v -1.151240 1.724233 -0.026090
v -1.277630 1.412905 0.074685
v -1.224052 1.381020 -0.039439
v -1.143404 1.578627 0.051261
v -1.229546 1.303872 -0.029462
v -1.184902 1.563162 0.255982
v -1.273004 1.487182 0.055133
v -1.286227 1.709368 0.091556
v -1.252797 1.664162 0.013608
v -1.203606 1.287925 -0.079939
v -1.254980 1.311155 0.026961
v -1.172096 1.682427 0.086505
v -1.051585 1.306343 -0.094217
v -1.256566 1.732318 0.017975
v -1.147831 1.394772 0.216308
v -1.249404 1.471679 0.004451
v -1.285957 1.765625 0.094220
v -1.166352 1.486306 0.210869
v -1.172573 1.556319 0.171871
v -1.248671 1.964095 0.122787
v -1.192370 1.556069 0.321330
v -1.215446 1.216308 -0.062427
v -1.038476 1.235505 -0.101309
v -1.051342 1.219548 -0.045020
v -1.274894 1.704235 0.345304
v -1.258093 1.967559 0.036932
v -1.232109 1.959151 -0.011465
v -1.183731 1.818987 0.018472
v -1.276739 1.913708 0.085553
v -1.290497 1.853699 0.203198
v -1.291662 1.519594 0.105690
v -1.199118 1.752147 0.188012
v -1.293441 1.802861 0.183355
v -1.289417 1.752238 0.276227
v -1.289925 1.905472 0.236130
v -1.190221 1.692436 0.171300
v -1.284660 1.820181 0.272104
v -1.207596 1.793757 0.195066
v -1.230314 1.795441 0.344675
v -1.257060 1.912623 0.250507
v -1.266552 1.961537 0.179638
v -1.258962 1.770561 0.028484
v -1.182163 1.673429 0.138203
v -1.185179 1.748691 0.105811
v -1.191037 1.635420 -0.082647
v -1.181528 1.710059 -0.120803
v -1.304062 1.696722 0.177650
v -1.202772 1.706000 -0.080978
v -1.170179 1.742152 0.035039
v -1.216808 1.756669 0.291917
v -1.276093 1.801218 0.325603
v -1.224422 1.778717 0.300247
v -1.266937 1.649073 0.039322
v -1.271060 1.887651 0.283208
v -1.163664 1.665238 0.063445
v -1.214797 1.781336 -0.074041
v -1.162274 1.824643 -0.067510
v -1.140280 1.766346 -0.091298
v -1.279453 1.856021 0.291627
v -1.177598 1.678909 0.111476
v -1.293795 1.719111 0.269916
v -1.244668 1.866221 0.295155
v -1.301647 1.719021 0.217702
v -1.211537 1.760728 -0.063163
v -1.233004 1.745758 -0.021115
v -1.223553 1.692509 -0.035601
v -1.173375 1.803674 -0.003292
v -1.302793 1.647396 0.152062
v -1.291702 1.926125 0.184215
v -1.201655 1.884224 0.032520
v -1.283976 1.674454 0.079827
v -1.252746 1.940238 0.194771
v -1.174683 1.712819 0.079442
v -1.286489 1.951588 0.188630
v -1.289987 1.818821 0.141138
v -1.279181 1.954426 0.097312
v -1.284906 1.964836 0.139794
v -1.195815 1.810991 0.102862
v -1.203586 1.734523 0.223620
v -1.293679 1.779297 0.138550
v -1.186855 1.789436 0.069913
v -1.141137 1.700306 -0.037892
v -1.219256 1.636457 -0.041200
v -1.191552 1.671011 0.195058
v -1.232041 1.818743 0.320823
v -1.187349 1.775900 -0.105700
v -1.156390 1.691929 0.018812
v -1.221558 1.948951 -0.023616
v -1.202477 1.922158 -0.024664
v -1.228085 1.800577 0.293847
v -1.176507 1.859639 -0.049267
v -1.292915 1.621357 0.105966
v -1.126186 1.680871 -0.073751
v -1.149127 1.770349 -0.119344
v -1.194822 1.719944 0.180927
v -1.195070 1.762228 0.154670
v -1.290802 1.890328 0.179128
v -1.296192 1.695879 0.121100
v -1.163045 1.723067 -0.139069
v -1.291569 1.918260 0.213164
v -1.167658 1.753958 0.015475
v -1.186364 1.703810 0.142749
v -1.302051 1.711700 0.159906
v -1.255124 1.698884 0.016949
v -1.220103 1.820763 0.246244
v -1.244437 1.938941 0.161706
v -1.187423 1.741413 0.123428
v -1.153703 1.748597 -0.038519
v -1.167799 1.792971 -0.024164
v -1.279076 1.793128 0.311281
v -1.242281 1.738964 -0.003220
v -1.275304 1.971337 0.155203
v -1.190332 1.710264 -0.096882
v -1.282279 1.745905 0.306766
v -1.226003 1.868175 -0.061387
v -1.213341 1.713480 0.305937
v -1.198719 1.819890 -0.093836
v -1.118693 1.689717 -0.142516
v -1.166876 1.653582 0.082719
v -1.243957 1.628866 -0.001787
v -1.147954 1.617712 0.039278
v -1.153051 1.796389 -0.079204
v -1.128196 1.730131 -0.095402
v -1.276619 1.585197 0.061049
v -1.124015 1.634792 -0.047760
v -1.102412 1.646305 -0.108910
v -1.123553 1.666342 -0.156302
v -1.240384 1.808144 -0.007094
v -1.162347 1.596054 0.101281
v -1.100083 1.619835 -0.179000
v -1.196912 1.569116 -0.073983
v -1.223503 1.582712 -0.035682
v -1.243822 1.605021 -0.002629
v -1.158920 1.599821 -0.127271
v -1.169069 1.547816 -0.111854
v -1.131105 1.560636 -0.164908
v -1.259081 1.555019 0.023901
v -1.133373 1.570994 0.024642
v -1.103161 1.565180 -0.066101
v -1.151013 1.640661 -0.151091
v -1.175135 1.614789 0.142744
v -1.065573 1.563528 -0.189810
v -1.206134 1.508631 -0.067478
v -1.176761 1.635045 -0.099755
v -1.083403 1.573609 -0.126618
v -1.141344 1.532554 -0.148755
v -1.153470 1.587192 0.078119
v -1.179599 1.642660 0.142099
v -1.246563 1.535671 -0.000287
v -1.139321 1.541780 0.064253
v -1.235090 1.539560 -0.019013
v -1.171726 1.676198 -0.123197
v -1.157829 1.530648 0.131642
v -1.302815 1.566367 0.147985
v -1.089973 1.503895 -0.072158
v -1.121625 1.542934 -0.186045
v -1.269074 1.570636 0.043463
v -1.061431 1.537289 -0.185823
v -1.179721 1.487985 -0.104814
v -1.094962 1.496903 -0.049652
v -1.141939 1.646785 0.000832
v -1.114001 1.506896 0.007699
v -1.169800 1.605407 0.122285
v -1.131216 1.596057 -0.173747
v -1.219450 1.677777 0.381188
v -1.302814 1.576407 0.274183
v -1.269022 1.719572 0.364548
v -1.286416 1.656434 0.320743
v -1.258138 1.732897 0.379750
v -1.216727 1.699881 0.332504
v -1.307305 1.599626 0.184663
v -1.195970 1.659271 0.239482
v -1.182959 1.598201 0.197422
v -1.226552 1.767133 0.341665
v -1.303143 1.662869 0.233409
v -1.279340 1.727715 0.323615
v -1.299711 1.662518 0.259463
v -1.294806 1.613924 0.299977
v -1.305402 1.637007 0.228928
v -1.293502 1.693409 0.280119
v -1.223537 1.713006 0.359750
v -1.268079 1.748531 0.358893
v -1.243501 1.710465 0.396496
v -1.285557 1.893320 0.258487
v -1.208313 1.681078 0.300139
v -1.277209 1.678631 0.343146
v -1.268168 1.690252 0.370322
v -1.212121 1.737105 0.280846
v -1.229649 1.623215 0.433269
v -1.258672 1.629987 0.406987
v -1.219549 1.659034 0.367525
v -1.274761 1.616691 0.366967
v -1.244766 1.645316 0.422419
v -1.199050 1.581446 0.356226
v -1.216376 1.619772 0.422978
v -1.252545 1.639276 0.416840
v -1.217340 1.646815 0.403625
v -1.205427 1.650818 0.308359
v -1.201436 1.532375 0.411064
v -1.245520 1.533419 0.444823
v -1.285456 1.559536 0.345366
v -1.209751 1.603909 0.364094
v -1.208382 1.586281 0.427616
v -1.214082 1.786419 0.246752
v -1.190669 1.574076 0.284467
v -1.234733 1.544466 0.457507
v -1.308248 1.556651 0.236717
v -1.294882 1.527221 0.320998
v -1.211293 1.561344 0.407233
v -1.248181 1.563032 0.438488
v -1.202764 1.501191 0.479501
v -1.190447 1.513593 0.462622
v -1.194165 1.524132 0.400687
v -1.219652 1.523785 0.470555
v -1.267750 1.528714 0.396504
v -1.185114 1.513566 0.335182
v -1.260050 1.521668 0.415924
v -1.309037 1.519472 0.239870
v -1.304109 1.466528 0.289717
v -1.279114 1.438992 0.379307
v -1.274405 1.464744 0.388754
v -1.187726 1.495175 0.451918
v -1.180364 1.532252 0.251358
v -1.197090 1.567492 0.342143
v -1.195971 1.592677 0.299765
v -1.201813 1.639076 0.296083
v -1.275140 1.590959 0.371310
v -1.301388 1.329075 0.303783
v -1.143534 1.320738 0.395585
v -1.163071 1.392353 0.482766
v -1.144977 1.336633 0.317989
v -1.141540 1.316769 0.426378
v -1.268886 1.308313 0.407445
v -1.166004 1.405369 0.455258
v -1.294465 1.348051 0.334590
v -1.162234 1.389156 0.499265
v -1.295839 1.417173 0.133813
v -1.168828 1.437627 0.322427
v -1.308612 1.407776 0.243315
v -1.139950 1.433743 0.142720
v -1.260348 1.395807 0.423315
v -1.290207 1.408358 0.349472
v -1.306102 1.392442 0.195371
v -1.155121 1.371616 0.334743
v -1.175291 1.430550 0.463274
v -1.231012 1.292990 0.479213
v -1.303857 1.328416 0.200799
v -1.291166 1.330147 0.129701
v -1.154307 1.343155 0.538196
v -1.276863 1.291897 0.387309
v -1.196715 1.458249 0.497473
v -1.305442 1.352545 0.271476
v -1.135015 1.445945 0.116356
v -1.101700 1.164166 0.596283
v -1.276123 1.220381 0.384845
v -1.160915 1.327114 0.548956
v -1.281914 1.329822 0.096964
v -1.244061 1.468629 0.450549
v -1.122430 1.253265 0.539006
v -1.116039 1.215644 0.397243
v -1.135219 1.290655 0.385302
v -1.166384 1.453916 0.259500
v -1.123749 1.362773 0.143628
v -1.278077 1.263279 0.381576
v -1.128432 1.279414 0.510309
v -1.126949 1.273573 0.489336
v -1.120354 1.243853 0.473878
v -1.111518 1.206154 0.471914
v -1.295055 1.242993 0.173557
v -1.225566 1.354254 0.486806
v -1.236845 1.229599 0.465394
v -1.130995 1.278388 0.446209
v -1.105434 1.177066 0.282563
v -1.282622 1.188536 0.363774
v -1.105037 1.175713 0.455375
v -1.305530 1.313397 0.231045
v -1.301627 1.255068 0.270889
v -1.220766 1.372221 0.494066
v -1.221136 1.112696 0.485094
v -1.288586 1.218784 0.148559
v -1.168663 1.424400 0.385207
v -1.297174 1.220196 0.204030
v -1.151697 1.353156 0.403441
v -1.098965 1.098199 0.625798
v -1.099547 1.128762 0.614346
v -1.275231 1.307767 0.081307
v -1.282926 1.118182 0.341001
v -1.293084 1.147367 0.224181
v -1.293603 1.148925 0.250828
v -1.109951 1.238811 0.211726
v -1.259602 1.172443 0.420261
v -1.248720 1.101508 0.438603
v -1.285734 1.100445 0.312164
v -1.266137 1.073295 0.387165
v -1.065039 1.024616 0.454745
v -1.284456 1.132445 0.159235
v -1.174814 1.050703 0.545728
v -1.080428 1.091102 0.257281
v -1.285497 1.254346 0.358895
v -1.032425 0.952756 0.569691
v -1.031269 0.946091 0.548922
v -1.259024 0.967599 0.381099
v -1.034292 0.950488 0.528995
v -1.279323 1.008154 0.195189
v -1.047601 0.951195 0.414530
v -1.270204 0.934784 0.306825
v -1.195875 0.902300 0.505632
v -1.162901 0.898321 0.548236
v -1.177366 0.893083 0.529319
v -1.242369 0.959547 0.426198
v -1.285505 1.053865 0.265178
v -1.191028 0.990602 0.518408
v -1.041638 0.940218 0.447915
v -1.217403 0.910698 0.471133
v -1.272253 0.996464 0.336722
v -1.278894 1.029289 0.315088
v -1.242276 1.007873 0.436202
v -1.229249 0.931182 0.451725
v -1.267303 1.010748 0.365894
v -1.009955 0.882826 0.691249
v -1.004390 0.860888 0.526737
v -1.279856 0.994054 0.233872
v -1.273345 1.226862 0.087437
v -1.068887 1.030159 0.420377
v -1.075586 1.139928 0.150897
v -1.282637 1.058564 0.188767
v -1.015297 0.876597 0.493591
v -1.252298 0.910023 0.383554
v -1.272416 0.967297 0.317495
v -1.219065 0.805434 0.444059
v -1.008151 0.848110 0.699447
v -1.032525 0.891225 0.381510
v -1.273494 0.938148 0.275161
v -1.245918 0.869277 0.389114
v -1.027336 0.879632 0.405229
v -1.191458 0.822577 0.502900
v -0.987645 0.789912 0.469464
v -1.265674 0.857975 0.263982
v -1.244199 0.792201 0.361930
v -1.262448 0.851809 0.293289
v -1.004427 0.819872 0.437368
v -1.025024 0.876668 0.290596
v -1.131074 0.767288 0.577726
v -0.991555 0.776480 0.417554
v -1.129051 0.840949 0.585371
v -1.205207 0.787297 0.469664
v -1.019434 0.847823 0.351022
v -0.989028 0.733824 0.704258
v -0.979321 0.746702 0.711420
v -1.048599 0.954086 0.302187
v -1.250975 0.799009 0.331332
v -1.222027 0.774238 0.426239
v -0.995054 0.774747 0.371886
v -0.913375 0.714658 0.744901
v -1.192713 0.670559 0.461796
v -0.975461 0.750976 0.460073
v -1.024426 0.894279 0.231250
v -1.000361 0.802661 0.267183
v -1.208256 0.701724 0.437866
v -1.215343 0.661689 0.403935
v -0.973267 0.769298 0.499442
v -0.893065 0.714970 0.713188
v -1.247066 0.731756 0.307416
v -0.944504 0.673413 0.456821
v -0.945333 0.731369 0.543444
v -0.909147 0.632653 0.519321
v -0.919069 0.640367 0.497793
v -0.993570 0.786960 0.241695
v -0.908023 0.649003 0.747677
v -0.916495 0.659151 0.533910
v -1.233974 0.704155 0.359107
v -0.831279 0.559658 0.640681
v -1.067256 0.528780 0.607078
v -0.795759 0.570484 0.764729
v -0.816111 0.559403 0.792686
v -1.152691 0.538912 0.491061
v -1.057632 0.560739 0.625186
v -0.915384 0.631585 0.739587
v -0.887739 0.627728 0.579473
v -1.129476 0.654983 0.562790
v -1.142211 0.631476 0.538315
v -0.842684 0.575197 0.778722
v -1.190407 0.626971 0.452128
v -1.091796 0.552657 0.584741
v -0.887628 0.503719 0.745298
v -0.841973 0.506180 0.771191
v -1.227256 0.621560 0.337025
v -0.848447 0.574974 0.616404
v -1.119243 0.681685 0.580974
v -1.182264 0.592092 0.455676
v -1.120698 0.614319 0.564486
v -1.180403 0.519146 0.426762
v -0.968553 0.469297 0.686697
v -0.834237 0.530077 0.585193
v -0.853752 0.517439 0.508667
v -1.117447 0.503946 0.534197
v -0.860852 0.520625 0.485560
v -0.817839 0.481155 0.552670
v -1.007590 0.454043 0.649984
v -1.218218 0.608610 0.367220
v -1.308165 1.438089 0.261092
v -1.169853 1.457549 0.289411
v -1.283899 1.424154 0.368116
v -1.159173 1.420452 0.258342
v -1.159429 1.474667 0.187790
v -1.298268 1.433418 0.320433
v -1.161381 1.401005 0.331015
v -1.305416 1.508696 0.167572
v -1.190138 1.593986 0.260751
v -1.307778 1.497292 0.261724
v -1.291901 1.374157 0.345287
v -1.298377 1.495275 0.313787
v -1.281508 1.469471 0.369814
v -1.308769 1.575444 0.209306
v -1.166930 1.471025 0.233616
v -1.172873 1.480333 0.271486
v -1.284891 1.377417 0.366974
v -1.298515 1.597589 0.287991
v -1.299433 1.549765 0.297857
v -1.193353 1.637995 0.239372
v -1.149458 1.362702 0.287232
v -1.307618 1.378530 0.260971
v -1.272038 1.340354 0.400916
v -1.296144 1.497090 0.123855
v -1.148784 1.416163 0.196673
v -1.155171 1.481818 0.164136
v -1.258956 1.293290 0.428748
v -1.297053 1.444463 0.137217
v -1.181411 1.228428 0.546549
v -1.168852 1.254963 0.561998
v -1.152772 1.247756 0.575589
v -1.131317 1.302016 0.248495
v -1.203215 1.271248 0.518586
v -1.136139 1.300038 0.312106
v -1.129650 1.284546 0.269335
v -1.299209 1.290335 0.309512
v -1.305490 1.362293 0.196961
v -1.308433 1.399935 0.217980
v -1.309123 1.440741 0.235522
v -1.171674 1.514874 0.208742
v -1.248715 1.199353 0.441903
v -1.118755 1.228845 0.313178
v -1.181946 1.161498 0.541385
v -1.113226 1.204688 0.295165
v -1.201012 1.143236 0.515290
v -1.115458 1.209175 0.344780
v -1.294420 1.194838 0.305351
v -1.183184 1.193173 0.540474
v -1.074627 1.079247 0.521424
v -1.195018 1.162749 0.524768
v -1.097622 1.131930 0.364015
v -1.207153 1.175813 0.507552
v -1.109104 1.193682 0.463173
v -1.242717 1.213172 0.453598
v -1.081582 1.105228 0.530999
v -1.107704 1.197477 0.492742
v -1.081735 1.111373 0.548961
v -1.076504 1.082563 0.499180
v -1.081674 1.118382 0.568099
v -1.090077 1.145015 0.572929
v -1.092723 1.143858 0.587760
v -1.105291 1.192512 0.253206
v -1.164778 1.123538 0.560732
v -1.273139 1.178543 0.389603
v -1.261627 1.211195 0.418203
v -1.157337 1.051479 0.566892
v -1.071626 1.063162 0.490810
v -1.096214 1.139618 0.420300
v -1.289051 1.106036 0.287775
v -1.274564 1.095561 0.367521
v -1.194329 1.053368 0.521040
v -1.075863 1.068750 0.453005
v -1.204033 0.989316 0.500601
v -1.234021 1.023276 0.457168
v -1.243024 1.168910 0.450410
v -1.090992 1.154632 0.220363
v -1.071451 1.064377 0.238930
v -1.052060 0.958941 0.383769
v -1.019292 0.915632 0.568302
v -1.086023 1.127282 0.233457
v -1.115726 0.857056 0.600465
v -1.247244 0.931370 0.406866
v -1.045808 0.998157 0.563389
v -1.053762 0.998766 0.233093
v -1.077621 1.064074 0.289857
v -1.081179 1.065938 0.339689
v -1.056612 1.007267 0.487967
v -1.063320 1.000625 0.326846
v -1.056508 0.979141 0.313431
v -1.254928 1.133760 0.426713
v -0.917531 0.754202 0.664429
v -0.936935 0.725911 0.564052
v -1.183669 0.725774 0.496138
v -0.988014 0.754503 0.349540
v -1.009262 0.816389 0.359991
v -0.953130 0.798285 0.615681
v -0.949982 0.670417 0.416695
v -0.984896 0.840633 0.574511
v -0.981944 0.742913 0.396778
v -0.954514 0.561140 0.710248
v -0.947685 0.672663 0.436508
v -0.991683 0.846473 0.554250
v -0.991634 0.770208 0.297090
v -0.961752 0.687567 0.308172
v -0.885590 0.539084 0.749424
v -1.090906 1.138668 0.527516
v -1.096950 1.126616 0.340251
v -1.305549 1.578908 0.165914
v -1.289174 1.542468 0.337043
v -1.305143 1.627229 0.167358
v -1.292205 1.498675 0.335392
v -1.204439 1.613248 0.346072
v -1.148526 0.866571 0.563885
v -1.137240 0.692695 0.560243
v -0.883936 0.697337 0.706009
v -0.834958 0.615902 0.717300
v -1.160825 0.655192 0.516185
v -0.840889 0.616262 0.695290
v -0.856216 0.635710 0.678742
v -1.015873 0.558677 0.662762
v -0.914874 0.739389 0.652513
v -0.897769 0.570447 0.440286
v -0.767242 0.515432 0.734524
v -0.911820 0.589949 0.413582
v -0.883921 0.590298 0.535183
v -0.913042 0.578745 0.344490
v -0.956209 0.629003 0.714229
v -1.020523 0.687462 0.676204
v -0.912581 0.604520 0.738896
v -1.001942 0.682550 0.690213
v -0.827917 0.376413 0.767123
v -0.918021 0.594096 0.374813
v -0.912730 0.586754 0.395070
v -0.788113 0.396890 0.791804
v -1.103981 0.505880 0.554040
v -0.792639 0.485451 0.797163
v -0.906763 0.355407 0.713111
v -1.064748 0.473679 0.593609
v -0.859934 0.470163 0.759278
v -1.059055 0.436222 0.588045
v -0.969751 0.437421 0.679957
v -0.920435 0.453093 0.719232
v -0.831323 0.407688 0.770718
v -0.849915 0.476995 0.402400
v -0.918283 0.348637 0.703132
v -1.019144 0.376478 0.614018
v -0.768326 0.426243 0.594474
v -0.956700 0.367252 0.675244
v -0.721960 0.415378 0.686142
v -0.729990 0.437001 0.701417
v -0.787772 0.406258 0.496352
v -0.798291 0.467769 0.790925
v -0.898802 0.384881 0.724154
v -0.739865 0.358602 0.555485
v -0.975076 0.278316 0.629657
v -0.697935 0.344626 0.636528
v -0.733047 0.318027 0.813402
v -1.121040 0.410710 0.490805
v -0.861280 0.490887 0.382554
v -0.852948 0.303602 0.739506
v -0.800835 0.416081 0.466100
v -0.770806 0.359225 0.431242
v -1.043938 0.300657 0.555220
v -0.948800 0.264043 0.652531
v -0.853194 0.222878 0.725170
v -1.045351 0.339348 0.568988
v -0.721614 0.341948 0.576567
v -0.781251 0.260017 0.779253
v -0.825192 0.306598 0.757817
v -0.893649 0.540371 0.345438
v -0.772146 0.443441 0.611670
v -0.872380 0.581825 0.557124
v -0.876453 0.202863 0.701270
v -0.660633 0.318988 0.674221
v -0.989261 0.249118 0.603067
v -1.010802 0.250849 0.577384
v -0.678675 0.243376 0.834876
v -0.571866 0.333288 0.878927
v -0.793057 0.202324 0.762031
v -0.580305 0.241516 0.706899
v -1.026247 0.272723 0.566751
v -0.933319 0.275824 0.671167
v -0.622045 0.262491 0.667216
v -0.627508 0.249136 0.640601
v -0.919802 0.171262 0.652992
v -0.877640 0.168739 0.691465
v -0.990838 0.494676 0.672734
v -0.925622 0.202963 0.656692
v -0.609226 0.155348 0.867290
v -0.530773 0.212176 0.749127
v -1.047472 0.485783 0.617148
v -0.959199 0.150986 0.603548
v -0.521969 0.217656 0.773548
v -0.481608 0.218111 0.945240
v -0.550099 0.163811 0.659105
v -0.584306 0.148428 0.881105
v -0.836662 0.440586 0.351817
v -0.783912 0.370518 0.402111
v -0.731699 0.294541 0.410817
v -0.821161 0.421726 0.374629
v -1.094648 0.393181 0.524285
v -1.082229 0.314956 0.508453
v -0.972028 0.361267 0.659191
v -1.007685 0.392182 0.631938
v -1.164166 0.494929 0.450030
v -0.927678 0.606425 0.317142
v -0.985327 0.315926 0.631028
v -0.956125 0.821015 0.686550
v -0.621800 0.096150 0.854995
v -0.856606 0.097908 0.692375
v -0.546187 0.093134 0.899276
v -0.897492 0.077565 0.648562
v -0.602768 0.072894 0.864427
v -0.805499 0.030337 0.721813
v -0.598674 0.007450 0.860883
v -0.569375 0.119817 0.566862
v -0.397351 0.126940 0.896075
v -0.587880 0.126667 0.534120
v -0.442473 0.056716 0.704528
v -0.863171 -0.000275 0.663330
v -0.548961 0.010433 0.890998
v -0.789391 -0.049367 0.720950
v -0.760890 0.039688 0.758213
v -0.742185 -0.035512 0.760618
v -0.582563 0.150984 0.586738
v -0.557300 0.071784 0.891247
v -0.528214 0.038043 0.528153
v -0.606052 0.122506 0.470250
v -0.650677 0.195278 0.480390
v -0.678647 -0.092671 0.798986
v -0.354064 0.014802 0.997501
v -0.625881 -0.066996 0.836837
v -0.650047 -0.000061 0.828743
v -0.363722 0.075837 0.999593
v -0.542614 0.095381 0.584728
v -0.602739 -0.055402 0.852308
v -0.565751 0.098201 0.539118
v -0.659463 0.159420 0.838907
v -0.412327 -0.005384 0.690243
v -0.484811 0.026203 0.603244
v -0.609003 -0.136035 0.839011
v -0.351931 -0.044895 0.989285
v -0.653979 -0.157278 0.806848
v -0.291612 -0.011247 1.017127
v -0.189722 -0.077071 0.936111
v -0.725224 -0.112036 0.762351
v -0.295836 0.051460 1.003423
v -0.408468 -0.207356 0.948999
v -0.459363 0.058479 0.679969
v -0.234586 -0.062759 0.876341
v -0.672365 0.069092 0.822711
v -0.698751 0.133898 0.814008
v -0.696131 -0.017884 0.796472
v -0.430284 -0.260983 0.929869
v -0.264945 0.020167 0.957282
v -0.479236 -0.065096 0.924717
v -0.394157 -0.329687 0.932727
v -0.511279 0.085123 0.627320
v -0.856097 0.266980 0.730867
v -0.717665 0.050567 0.791165
v -0.927820 0.057248 0.609908
v -0.911947 0.067649 0.630348
v -0.641602 0.293406 0.673650
v -0.180440 -0.077766 0.961033
v -0.452920 -0.038875 0.583188
v -0.139717 -0.142385 1.004679
v -0.184943 -0.072129 0.997359
v -0.507917 0.142216 0.697068
v -0.423857 -0.046202 0.956500
v -0.271787 -0.052803 0.835239
v -0.258829 -0.161221 0.707231
v -0.277386 -0.098583 0.768833
v -0.307980 -0.113046 0.718022
v -0.282383 0.028374 0.937945
v -0.455170 -0.142566 0.931529
v -0.236763 -0.101729 0.813798
v -0.248916 -0.273337 0.989258
v -0.300858 0.064710 0.983276
v -0.370267 -0.082245 0.673611
v -0.330252 -0.128416 0.672002
v -0.405989 0.101165 0.829766
v -0.311522 -0.261978 0.977847
v -0.489991 0.199047 0.810115
v -0.462495 0.126302 0.752469
v -0.222142 -0.271728 0.993131
v -0.511067 0.179739 0.739230
v -0.492020 -0.266418 0.894504
v -0.528419 -0.222368 0.878307
v -0.367727 -0.091491 0.979006
v -0.203585 -0.054932 0.949559
v -0.222676 -0.079197 1.021165
v -0.273671 -0.071790 1.012692
v -0.438212 -0.098724 0.944684
v -0.361212 -0.271250 0.958685
v -0.352005 -0.062455 0.720556
v -0.466116 0.113547 0.729323
v -0.383874 -0.215939 0.959432
v -0.236138 -0.007545 0.999891
v -0.447907 -0.029938 0.944932
v -0.251226 -0.304017 0.981751
v -0.345676 -0.163131 0.981690
v -0.224464 -0.359674 0.970137
v -0.554121 -0.170660 0.868663
v -0.181308 -0.070652 0.978667
v -0.217257 -0.202434 0.688148
v -0.302778 -0.426481 0.932929
v -0.386447 -0.446626 0.898536
v -0.264701 -0.531423 0.904357
v -0.216184 -0.241305 0.619301
v -0.523696 -0.311580 0.867544
v -0.442047 -0.463366 0.868657
v -0.247566 -0.416896 0.948828
v -0.320188 -0.373312 0.946286
v -0.482548 -0.346736 0.884281
v -0.454987 -0.303745 0.909143
v -0.250328 -0.206634 0.645877
v -0.242908 -0.546400 0.904164
v -0.410406 -0.397877 0.906789
v -0.416604 -0.333989 0.921981
v -0.367834 -0.381904 0.928398
v -0.513096 -0.147835 0.896646
v -0.287706 -0.169809 0.664737
v -1.289095 1.908757 0.152352
v -1.232023 1.953976 0.089071
v -1.188242 1.866700 -0.010948
v -1.287147 1.864583 0.143208
v -1.217637 1.961168 0.017723
v -1.206145 1.840520 0.134787
v -1.236833 1.922373 -0.035571
v -1.238549 1.982799 0.056787
v -1.240381 1.862868 -0.023022
v -1.230112 1.852081 -0.054241
v -1.282347 1.823479 0.100491
v -1.258809 1.965144 0.150843
v -1.195709 1.898911 -0.016978
v -1.287375 1.938608 0.145132
v -1.199252 1.897537 -0.051012
v -1.198433 1.904027 -0.035071
v -1.190672 1.846843 0.017328
v -1.253238 1.800183 0.017799
v -1.271161 1.976500 0.106274
v -1.270473 1.841153 0.060808
v -1.224112 1.886472 -0.060810
v -1.249739 1.955744 0.009574
v -1.272795 1.885328 0.076116
v -1.269479 1.800894 0.052600
v -1.272771 1.933904 0.070862
v -1.214405 1.940496 0.045157
v -1.233922 1.968805 0.005734
v -1.182049 1.832078 -0.001803
v -1.211392 1.902791 0.064883
v -1.206534 1.869061 0.089763
v -1.218091 1.930320 -0.040324
v -1.233276 1.901561 -0.045323
v -1.207579 1.940326 -0.010803
v -1.196940 1.892409 0.002385
v -1.220100 1.914942 0.093443
v -1.234206 1.834293 -0.031369
v -1.285293 1.954704 0.165468
v -1.243920 1.939747 -0.014387
v -1.245408 1.970093 0.019033
v -1.243601 1.976432 0.040446
v -1.222675 1.888130 0.149137
v -1.200991 1.918825 0.005688
v -1.281988 1.920440 0.110956
v -1.190517 1.885492 -0.037875
v -1.267626 1.972505 0.073946
v -1.271427 1.973552 0.133410
v -1.253704 1.850533 0.016569
v -1.205647 1.913587 -0.042208
v -1.245383 1.896235 -0.018228
v -1.281816 1.964728 0.110424
v -1.209206 1.944888 0.011053
v -1.210266 1.937271 -0.026033
v -1.242467 1.958479 -0.004504
v -1.219493 1.854558 -0.071372
v -1.214974 1.871017 -0.072049
v -1.189136 1.879931 -0.060883
v -1.204974 1.887146 -0.069512
v -1.228162 1.916996 -0.046759
v -1.283559 1.952765 0.120682
v -1.280013 1.970944 0.132566
v -1.231908 1.938372 -0.031363
v -1.216787 1.957908 -0.003265
v -1.235048 1.875006 -0.043732
v -1.233441 1.977062 0.029724
v -1.235420 1.856005 -0.038190
f 4577 4575 4463
f 4575 4576 4488
f 4576 4577 4490
f 4577 4576 4575
f 4580 4578 4468
f 4578 4579 4489
f 4579 4580 4488
f 4580 4579 4578
f 4583 4581 4470
f 4581 4582 4490
f 4582 4583 4489
f 4583 4582 4581
f 4576 4579 4488
f 4579 4582 4489
f 4582 4576 4490
f 4576 4582 4579
f 4586 4584 4464
f 4584 4585 4491
f 4585 4586 4493
f 4586 4585 4584
f 4589 4587 4469
f 4587 4588 4492
f 4588 4589 4491
f 4589 4588 4587
f 4592 4590 4468
f 4590 4591 4493
f 4591 4592 4492
f 4592 4591 4590
f 4585 4588 4491
f 4588 4591 4492
f 4591 4585 4493
f 4585 4591 4588
f 4595 4593 4465
f 4593 4594 4494
f 4594 4595 4496
f 4595 4594 4593
f 4598 4596 4470
f 4596 4597 4495
f 4597 4598 4494
f 4598 4597 4596
f 4601 4599 4469
f 4599 4600 4496
f 4600 4601 4495
f 4601 4600 4599
f 4594 4597 4494
f 4597 4600 4495
f 4600 4594 4496
f 4594 4600 4597
f 4578 4592 4468
f 4592 4602 4492
f 4602 4578 4489
f 4578 4602 4592
f 4587 4601 4469
f 4601 4603 4495
f 4603 4587 4492
f 4587 4603 4601
f 4596 4583 4470
f 4583 4604 4489
f 4604 4596 4495
f 4596 4604 4583
f 4602 4603 4492
f 4603 4604 4495
f 4604 4602 4489
f 4602 4604 4603
f 4606 140 1
f 140 4605 39
f 4605 4606 4498
f 4606 4605 140
f 141 4607 13
f 4607 4608 4497
f 4608 141 39
f 141 4608 4607
f 4611 4609 4472
f 4609 4610 4498
f 4610 4611 4497
f 4611 4610 4609
f 4605 4608 39
f 4608 4610 4497
f 4610 4605 4498
f 4605 4610 4608
f 4941 142 4612
f 4612 4613 4499
f 4613 142 40
f 142 4613 4612
f 4616 4614 4471
f 4614 4615 4500
f 4615 4616 4499
f 4616 4615 4614
f 4618 143 13
f 143 4617 40
f 4617 4618 4500
f 4618 4617 143
f 4613 4615 4499
f 4615 4617 4500
f 4617 4613 40
f 4613 4617 4615
f 4621 4619 4464
f 4619 4620 4501
f 4620 4621 4503
f 4621 4620 4619
f 4624 4622 4472
f 4622 4623 4502
f 4623 4624 4501
f 4624 4623 4622
f 4627 4625 4471
f 4625 4626 4503
f 4626 4627 4502
f 4627 4626 4625
f 4620 4623 4501
f 4623 4626 4502
f 4626 4620 4503
f 4620 4626 4623
f 4607 4618 13
f 4618 4628 4500
f 4628 4607 4497
f 4607 4628 4618
f 4614 4627 4471
f 4627 4629 4502
f 4629 4614 4500
f 4614 4629 4627
f 4622 4611 4472
f 4611 4630 4497
f 4630 4622 4502
f 4622 4630 4611
f 4628 4629 4500
f 4629 4630 4502
f 4630 4628 4497
f 4628 4630 4629
f 4995 4631 4632
f 4974 4632 4631
f 4990 4633 4473
f 4986 4634 4505
f 5003 4635 4504
f 4986 4505 4633
f 4984 4636 41
f 4980 4637 4505
f 5010 4968 146
f 4995 4504 4631
f 4980 4636 4637
f 4983 4632 144
f 4987 4636 4980
f 4640 4638 4465
f 4638 4639 4506
f 4639 4640 4508
f 4640 4639 4638
f 4643 4641 4474
f 4961 4641 4642
f 4642 4643 4506
f 4643 4642 4641
f 4985 4646 4644
f 4975 4645 4508
f 4976 4646 4507
f 5005 4976 4507
f 4639 4642 4506
f 5004 4961 4507
f 4645 4639 4508
f 4639 4645 4642
f 4978 5 4647
f 5006 4648 4510
f 4992 4647 5
f 4989 4970 4650
f 4988 4942 42
f 4952 4651 4474
f 4957 4948 4652
f 4994 4953 4652
f 4948 4510 4651
f 4982 4652 4953
f 4951 4944 4647
f 4989 4509 4970
f 4977 4646 4473
f 4966 4646 4654
f 4971 4633 4505
f 4977 4473 4633
f 4969 4952 4653
f 4982 4953 4509
f 5004 4641 4961
f 5012 4956 4507
f 4954 146 4942
f 4962 4656 4505
f 4970 4649 4650
f 4962 4505 4637
f 4966 4507 4646
f 4960 4656 4509
f 4971 4654 4633
f 5009 4509 4953
f 4584 4621 4464
f 4621 4657 4503
f 4657 4584 4491
f 4584 4657 4621
f 4625 4658 4471
f 4658 4659 4511
f 4659 4625 4503
f 4625 4659 4658
f 4661 4589 4469
f 4589 4660 4491
f 4660 4661 4511
f 4661 4660 4589
f 4657 4659 4503
f 4659 4660 4511
f 4660 4657 4491
f 4657 4660 4659
f 4648 4662 4510
f 4662 4612 4499
f 4612 4662 4648
f 4651 4663 4474
f 4663 4664 4512
f 4664 4651 4510
f 4651 4664 4663
f 4666 4616 4471
f 4616 4665 4499
f 4665 4666 4512
f 4666 4665 4616
f 4662 4664 4510
f 4664 4665 4512
f 4665 4662 4499
f 4662 4665 4664
f 4638 4595 4465
f 4595 4667 4496
f 4667 4638 4506
f 4638 4667 4595
f 4599 4668 4469
f 4668 4669 4513
f 4669 4599 4496
f 4599 4669 4668
f 4671 4643 4474
f 4643 4670 4506
f 4670 4671 4513
f 4671 4670 4643
f 4667 4669 4496
f 4669 4670 4513
f 4670 4667 4506
f 4667 4670 4669
f 4658 4666 4471
f 4666 4672 4512
f 4672 4658 4511
f 4658 4672 4666
f 4663 4671 4474
f 4671 4673 4513
f 4673 4663 4512
f 4663 4673 4671
f 4668 4661 4469
f 4661 4674 4511
f 4674 4668 4513
f 4668 4674 4661
f 4672 4673 4512
f 4673 4674 4513
f 4674 4672 4511
f 4672 4674 4673
f 247 4675 3
f 4675 4676 4514
f 4676 247 69
f 247 4676 4675
f 4679 4677 4475
f 4677 4678 4515
f 4678 4679 4514
f 4679 4678 4677
f 4681 248 21
f 248 4680 69
f 4680 4681 4515
f 4681 4680 248
f 4676 4678 4514
f 4678 4680 4515
f 4680 4676 69
f 4676 4680 4678
f 4684 4682 4466
f 4682 4683 4516
f 4683 4684 4518
f 4684 4683 4682
f 4687 4685 4476
f 4685 4686 4517
f 4686 4687 4516
f 4687 4686 4685
f 4690 4688 4475
f 4688 4689 4518
f 4689 4690 4517
f 4690 4689 4688
f 4683 4686 4516
f 4686 4689 4517
f 4689 4683 4518
f 4683 4689 4686
f 4692 249 8
f 249 4691 70
f 4691 4692 4520
f 4692 4691 249
f 250 4693 21
f 4693 4694 4519
f 4694 250 70
f 250 4694 4693
f 4697 4695 4476
f 4695 4696 4520
f 4696 4697 4519
f 4697 4696 4695
f 4691 4694 70
f 4694 4696 4519
f 4696 4691 4520
f 4691 4696 4694
f 4677 4690 4475
f 4690 4698 4517
f 4698 4677 4515
f 4677 4698 4690
f 4685 4697 4476
f 4697 4699 4519
f 4699 4685 4517
f 4685 4699 4697
f 4693 4681 21
f 4681 4700 4515
f 4700 4693 4519
f 4693 4700 4681
f 4698 4699 4517
f 4699 4700 4519
f 4700 4698 4515
f 4698 4700 4699
f 4702 4577 4463
f 4577 4701 4490
f 4701 4702 4522
f 4702 4701 4577
f 4581 4703 4470
f 4703 4704 4521
f 4704 4581 4490
f 4581 4704 4703
f 4707 4705 4478
f 4705 4706 4522
f 4706 4707 4521
f 4707 4706 4705
f 4701 4704 4490
f 4704 4706 4521
f 4706 4701 4522
f 4701 4706 4704
f 4593 4708 4465
f 4708 4709 4523
f 4709 4593 4494
f 4593 4709 4708
f 4712 4710 4477
f 4710 4711 4524
f 4711 4712 4523
f 4712 4711 4710
f 4714 4598 4470
f 4598 4713 4494
f 4713 4714 4524
f 4714 4713 4598
f 4709 4711 4523
f 4711 4713 4524
f 4713 4709 4494
f 4709 4713 4711
f 4717 4715 4466
f 4715 4716 4525
f 4716 4717 4527
f 4717 4716 4715
f 4720 4718 4478
f 4718 4719 4526
f 4719 4720 4525
f 4720 4719 4718
f 4723 4721 4477
f 4721 4722 4527
f 4722 4723 4526
f 4723 4722 4721
f 4716 4719 4525
f 4719 4722 4526
f 4722 4716 4527
f 4716 4722 4719
f 4703 4714 4470
f 4714 4724 4524
f 4724 4703 4521
f 4703 4724 4714
f 4710 4723 4477
f 4723 4725 4526
f 4725 4710 4524
f 4710 4725 4723
f 4718 4707 4478
f 4707 4726 4521
f 4726 4718 4526
f 4718 4726 4707
f 4724 4725 4524
f 4725 4726 4526
f 4726 4724 4521
f 4724 4726 4725
f 4974 144 4632
f 4990 4635 4633
f 4991 4635 4728
f 4997 4728 4635
f 4993 4955 4727
f 4965 4631 4504
f 4991 4504 4635
f 4947 4730 8
f 4730 4731 4528
f 4946 4731 4730
f 4734 4732 4479
f 4732 4733 4529
f 4733 4734 4528
f 4734 4733 4732
f 5007 4967 541
f 4972 4735 4736
f 4731 4733 4528
f 4733 4735 4529
f 4731 4735 4733
f 4738 4640 4465
f 4640 4737 4508
f 4737 4738 4531
f 4738 4737 4640
f 4985 4473 4646
f 4981 4740 4530
f 4975 4644 4645
f 4981 4530 4739
f 4743 4741 4479
f 4741 4742 4531
f 4742 4743 4530
f 4743 4742 4741
f 4737 4740 4508
f 4740 4742 4530
f 4742 4737 4531
f 4737 4742 4740
f 5007 4736 4967
f 4972 4529 4735
f 4958 4727 4728
f 4958 4728 4744
f 4732 4743 4479
f 4743 4745 4530
f 4745 4732 4529
f 4732 4745 4743
f 4996 4729 4473
f 4963 4729 4746
f 4979 4739 4530
f 4996 4473 4739
f 4973 4745 4529
f 4979 4746 4739
f 4997 4635 4729
f 4973 4529 4744
f 4682 4717 4466
f 4717 4747 4527
f 4747 4682 4516
f 4682 4747 4717
f 4721 4748 4477
f 4748 4749 4532
f 4749 4721 4527
f 4721 4749 4748
f 4751 4687 4476
f 4687 4750 4516
f 4750 4751 4532
f 4751 4750 4687
f 4747 4749 4527
f 4749 4750 4532
f 4750 4747 4516
f 4747 4750 4749
f 4708 4738 4465
f 4738 4752 4531
f 4752 4708 4523
f 4708 4752 4738
f 4741 4753 4479
f 4753 4754 4533
f 4754 4741 4531
f 4741 4754 4753
f 4756 4712 4477
f 4712 4755 4523
f 4755 4756 4533
f 4756 4755 4712
f 4752 4754 4531
f 4754 4755 4533
f 4755 4752 4523
f 4752 4755 4754
f 4730 4692 8
f 4692 4757 4520
f 4757 4730 4528
f 4730 4757 4692
f 4695 4758 4476
f 4758 4759 4534
f 4759 4695 4520
f 4695 4759 4758
f 4761 4734 4479
f 4734 4760 4528
f 4760 4761 4534
f 4761 4760 4734
f 4757 4759 4520
f 4759 4760 4534
f 4760 4757 4528
f 4757 4760 4759
f 4748 4756 4477
f 4756 4762 4533
f 4762 4748 4532
f 4748 4762 4756
f 4753 4761 4479
f 4761 4763 4534
f 4763 4753 4533
f 4753 4763 4761
f 4758 4751 4476
f 4751 4764 4532
f 4764 4758 4534
f 4758 4764 4751
f 4762 4763 4533
f 4763 4764 4534
f 4764 4762 4532
f 4762 4764 4763
f 344 4606 1
f 4606 4765 4498
f 4765 344 92
f 344 4765 4606
f 4609 4766 4472
f 4766 4767 4535
f 4767 4609 4498
f 4609 4767 4766
f 4769 345 27
f 345 4768 92
f 4768 4769 4535
f 4769 4768 345
f 4765 4767 4498
f 4767 4768 4535
f 4768 4765 92
f 4765 4768 4767
f 4619 4770 4464
f 4770 4771 4536
f 4771 4619 4501
f 4619 4771 4770
f 4774 4772 4480
f 4772 4773 4537
f 4773 4774 4536
f 4774 4773 4772
f 4776 4624 4472
f 4624 4775 4501
f 4775 4776 4537
f 4776 4775 4624
f 4771 4773 4536
f 4773 4775 4537
f 4775 4771 4501
f 4771 4775 4773
f 4778 346 10
f 346 4777 93
f 4777 4778 4539
f 4778 4777 346
f 347 4779 27
f 4779 4780 4538
f 4780 347 93
f 347 4780 4779
f 4783 4781 4480
f 4781 4782 4539
f 4782 4783 4538
f 4783 4782 4781
f 4777 4780 93
f 4780 4782 4538
f 4782 4777 4539
f 4777 4782 4780
f 4766 4776 4472
f 4776 4784 4537
f 4784 4766 4535
f 4766 4784 4776
f 4772 4783 4480
f 4783 4785 4538
f 4785 4772 4537
f 4772 4785 4783
f 4779 4769 27
f 4769 4786 4535
f 4786 4779 4538
f 4779 4786 4769
f 4784 4785 4537
f 4785 4786 4538
f 4786 4784 4535
f 4784 4786 4785
f 4575 4787 4463
f 4787 4788 4540
f 4788 4575 4488
f 4575 4788 4787
f 4791 4789 4481
f 4789 4790 4541
f 4790 4791 4540
f 4791 4790 4789
f 4793 4580 4468
f 4580 4792 4488
f 4792 4793 4541
f 4793 4792 4580
f 4788 4790 4540
f 4790 4792 4541
f 4792 4788 4488
f 4788 4792 4790
f 4796 4794 4467
f 4794 4795 4542
f 4795 4796 4544
f 4796 4795 4794
f 4799 4797 4482
f 4797 4798 4543
f 4798 4799 4542
f 4799 4798 4797
f 4802 4800 4481
f 4800 4801 4544
f 4801 4802 4543
f 4802 4801 4800
f 4795 4798 4542
f 4798 4801 4543
f 4801 4795 4544
f 4795 4801 4798
f 4804 4586 4464
f 4586 4803 4493
f 4803 4804 4546
f 4804 4803 4586
f 4590 4805 4468
f 4805 4806 4545
f 4806 4590 4493
f 4590 4806 4805
f 4809 4807 4482
f 4807 4808 4546
f 4808 4809 4545
f 4809 4808 4807
f 4803 4806 4493
f 4806 4808 4545
f 4808 4803 4546
f 4803 4808 4806
f 4789 4802 4481
f 4802 4810 4543
f 4810 4789 4541
f 4789 4810 4802
f 4797 4809 4482
f 4809 4811 4545
f 4811 4797 4543
f 4797 4811 4809
f 4805 4793 4468
f 4793 4812 4541
f 4812 4805 4545
f 4805 4812 4793
f 4810 4811 4543
f 4811 4812 4545
f 4812 4810 4541
f 4810 4812 4811
f 4814 348 4
f 348 4813 94
f 4813 4814 4548
f 4814 4813 348
f 349 4815 28
f 4815 4816 4547
f 4816 349 94
f 349 4816 4815
f 4819 4817 4484
f 4817 4818 4548
f 4818 4819 4547
f 4819 4818 4817
f 4813 4816 94
f 4816 4818 4547
f 4818 4813 4548
f 4813 4818 4816
f 350 4820 10
f 4820 4821 4549
f 4821 350 95
f 350 4821 4820
f 4824 4822 4483
f 4822 4823 4550
f 4823 4824 4549
f 4824 4823 4822
f 4826 351 28
f 351 4825 95
f 4825 4826 4550
f 4826 4825 351
f 4821 4823 4549
f 4823 4825 4550
f 4825 4821 95
f 4821 4825 4823
f 4829 4827 4467
f 4827 4828 4551
f 4828 4829 4553
f 4829 4828 4827
f 4832 4830 4484
f 4830 4831 4552
f 4831 4832 4551
f 4832 4831 4830
f 4835 4833 4483
f 4833 4834 4553
f 4834 4835 4552
f 4835 4834 4833
f 4828 4831 4551
f 4831 4834 4552
f 4834 4828 4553
f 4828 4834 4831
f 4815 4826 28
f 4826 4836 4550
f 4836 4815 4547
f 4815 4836 4826
f 4822 4835 4483
f 4835 4837 4552
f 4837 4822 4550
f 4822 4837 4835
f 4830 4819 4484
f 4819 4838 4547
f 4838 4830 4552
f 4830 4838 4819
f 4836 4837 4550
f 4837 4838 4552
f 4838 4836 4547
f 4836 4838 4837
f 4770 4804 4464
f 4804 4839 4546
f 4839 4770 4536
f 4770 4839 4804
f 4807 4840 4482
f 4840 4841 4554
f 4841 4807 4546
f 4807 4841 4840
f 4843 4774 4480
f 4774 4842 4536
f 4842 4843 4554
f 4843 4842 4774
f 4839 4841 4546
f 4841 4842 4554
f 4842 4839 4536
f 4839 4842 4841
f 4794 4829 4467
f 4829 4844 4553
f 4844 4794 4542
f 4794 4844 4829
f 4833 4845 4483
f 4845 4846 4555
f 4846 4833 4553
f 4833 4846 4845
f 4848 4799 4482
f 4799 4847 4542
f 4847 4848 4555
f 4848 4847 4799
f 4844 4846 4553
f 4846 4847 4555
f 4847 4844 4542
f 4844 4847 4846
f 4820 4778 10
f 4778 4849 4539
f 4849 4820 4549
f 4820 4849 4778
f 4781 4850 4480
f 4850 4851 4556
f 4851 4781 4539
f 4781 4851 4850
f 4853 4824 4483
f 4824 4852 4549
f 4852 4853 4556
f 4853 4852 4824
f 4849 4851 4539
f 4851 4852 4556
f 4852 4849 4549
f 4849 4852 4851
f 4840 4848 4482
f 4848 4854 4555
f 4854 4840 4554
f 4840 4854 4848
f 4845 4853 4483
f 4853 4855 4556
f 4855 4845 4555
f 4845 4855 4853
f 4850 4843 4480
f 4843 4856 4554
f 4856 4850 4556
f 4850 4856 4843
f 4854 4855 4555
f 4855 4856 4556
f 4856 4854 4554
f 4854 4856 4855
f 4787 4702 4463
f 4702 4857 4522
f 4857 4787 4540
f 4787 4857 4702
f 4705 4858 4478
f 4858 4859 4557
f 4859 4705 4522
f 4705 4859 4858
f 4861 4791 4481
f 4791 4860 4540
f 4860 4861 4557
f 4861 4860 4791
f 4857 4859 4522
f 4859 4860 4557
f 4860 4857 4540
f 4857 4860 4859
f 4715 4862 4466
f 4862 4863 4558
f 4863 4715 4525
f 4715 4863 4862
f 4866 4864 4485
f 4864 4865 4559
f 4865 4866 4558
f 4866 4865 4864
f 4868 4720 4478
f 4720 4867 4525
f 4867 4868 4559
f 4868 4867 4720
f 4863 4865 4558
f 4865 4867 4559
f 4867 4863 4525
f 4863 4867 4865
f 4870 4796 4467
f 4796 4869 4544
f 4869 4870 4561
f 4870 4869 4796
f 4800 4871 4481
f 4871 4872 4560
f 4872 4800 4544
f 4800 4872 4871
f 4875 4873 4485
f 4873 4874 4561
f 4874 4875 4560
f 4875 4874 4873
f 4869 4872 4544
f 4872 4874 4560
f 4874 4869 4561
f 4869 4874 4872
f 4858 4868 4478
f 4868 4876 4559
f 4876 4858 4557
f 4858 4876 4868
f 4864 4875 4485
f 4875 4877 4560
f 4877 4864 4559
f 4864 4877 4875
f 4871 4861 4481
f 4861 4878 4557
f 4878 4871 4560
f 4871 4878 4861
f 4876 4877 4559
f 4877 4878 4560
f 4878 4876 4557
f 4876 4878 4877
f 4675 444 3
f 444 4879 118
f 4879 4675 4514
f 4675 4879 444
f 445 4880 34
f 4880 4881 4562
f 4881 445 118
f 445 4881 4880
f 4883 4679 4475
f 4679 4882 4514
f 4882 4883 4562
f 4883 4882 4679
f 4879 4881 118
f 4881 4882 4562
f 4882 4879 4514
f 4879 4882 4881
f 446 4884 12
f 4884 4885 4563
f 4885 446 119
f 446 4885 4884
f 4888 4886 4486
f 4886 4887 4564
f 4887 4888 4563
f 4888 4887 4886
f 4890 447 34
f 447 4889 119
f 4889 4890 4564
f 4890 4889 447
f 4885 4887 4563
f 4887 4889 4564
f 4889 4885 119
f 4885 4889 4887
f 4892 4684 4466
f 4684 4891 4518
f 4891 4892 4566
f 4892 4891 4684
f 4688 4893 4475
f 4893 4894 4565
f 4894 4688 4518
f 4688 4894 4893
f 4897 4895 4486
f 4895 4896 4566
f 4896 4897 4565
f 4897 4896 4895
f 4891 4894 4518
f 4894 4896 4565
f 4896 4891 4566
f 4891 4896 4894
f 4880 4890 34
f 4890 4898 4564
f 4898 4880 4562
f 4880 4898 4890
f 4886 4897 4486
f 4897 4899 4565
f 4899 4886 4564
f 4886 4899 4897
f 4893 4883 4475
f 4883 4900 4562
f 4900 4893 4565
f 4893 4900 4883
f 4898 4899 4564
f 4899 4900 4565
f 4900 4898 4562
f 4898 4900 4899
f 448 4814 4
f 4814 4901 4548
f 4901 448 120
f 448 4901 4814
f 4817 4902 4484
f 4902 4903 4567
f 4903 4817 4548
f 4817 4903 4902
f 4905 449 35
f 449 4904 120
f 4904 4905 4567
f 4905 4904 449
f 4901 4903 4548
f 4903 4904 4567
f 4904 4901 120
f 4901 4904 4903
f 4827 4906 4467
f 4906 4907 4568
f 4907 4827 4551
f 4827 4907 4906
f 4910 4908 4487
f 4908 4909 4569
f 4909 4910 4568
f 4910 4909 4908
f 4912 4832 4484
f 4832 4911 4551
f 4911 4912 4569
f 4912 4911 4832
f 4907 4909 4568
f 4909 4911 4569
f 4911 4907 4551
f 4907 4911 4909
f 4914 450 12
f 450 4913 121
f 4913 4914 4571
f 4914 4913 450
f 451 4915 35
f 4915 4916 4570
f 4916 451 121
f 451 4916 4915
f 4919 4917 4487
f 4917 4918 4571
f 4918 4919 4570
f 4919 4918 4917
f 4913 4916 121
f 4916 4918 4570
f 4918 4913 4571
f 4913 4918 4916
f 4902 4912 4484
f 4912 4920 4569
f 4920 4902 4567
f 4902 4920 4912
f 4908 4919 4487
f 4919 4921 4570
f 4921 4908 4569
f 4908 4921 4919
f 4915 4905 35
f 4905 4922 4567
f 4922 4915 4570
f 4915 4922 4905
f 4920 4921 4569
f 4921 4922 4570
f 4922 4920 4567
f 4920 4922 4921
f 4862 4892 4466
f 4892 4923 4566
f 4923 4862 4558
f 4862 4923 4892
f 4895 4924 4486
f 4924 4925 4572
f 4925 4895 4566
f 4895 4925 4924
f 4927 4866 4485
f 4866 4926 4558
f 4926 4927 4572
f 4927 4926 4866
f 4923 4925 4566
f 4925 4926 4572
f 4926 4923 4558
f 4923 4926 4925
f 4884 4914 12
f 4914 4928 4571
f 4928 4884 4563
f 4884 4928 4914
f 4917 4929 4487
f 4929 4930 4573
f 4930 4917 4571
f 4917 4930 4929
f 4932 4888 4486
f 4888 4931 4563
f 4931 4932 4573
f 4932 4931 4888
f 4928 4930 4571
f 4930 4931 4573
f 4931 4928 4563
f 4928 4931 4930
f 4906 4870 4467
f 4870 4933 4561
f 4933 4906 4568
f 4906 4933 4870
f 4873 4934 4485
f 4934 4935 4574
f 4935 4873 4561
f 4873 4935 4934
f 4937 4910 4487
f 4910 4936 4568
f 4936 4937 4574
f 4937 4936 4910
f 4933 4935 4561
f 4935 4936 4574
f 4936 4933 4568
f 4933 4936 4935
f 4924 4932 4486
f 4932 4938 4573
f 4938 4924 4572
f 4924 4938 4932
f 4929 4937 4487
f 4937 4939 4574
f 4939 4929 4573
f 4929 4939 4937
f 4934 4927 4485
f 4927 4940 4572
f 4940 4934 4574
f 4934 4940 4927
f 4938 4939 4573
f 4939 4940 4574
f 4940 4938 4572
f 4938 4940 4939
f 5006 4510 4944
f 4941 4612 4648
f 5000 4941 4949
f 537 142 4941
f 4999 4942 4988
f 4954 4942 4649
f 558 4942 146
f 4999 4988 4650
f 4959 4943 4647
f 540 4943 42
f 4978 4647 4943
f 4998 4944 4652
f 4957 4510 4948
f 4998 4647 4944
f 4959 4650 4943
f 4946 4735 4731
f 5001 4946 4947
f 4947 4946 4730
f 5001 4947 253
f 4947 8 253
f 4994 4653 4953
f 4969 4651 4952
f 4949 4941 4648
f 5000 4949 5
f 4964 4950 4727
f 4993 252 4955
f 613 4950 541
f 4951 4949 4648
f 4992 5 4949
f 5002 4952 4641
f 4952 4474 4641
f 5009 4953 4655
f 5011 4953 4653
f 5010 4637 4968
f 4954 4649 4637
f 4955 4631 4727
f 5008 251 4974
f 601 4955 252
f 5011 4655 4953
f 5002 4653 4952
f 4957 4944 4510
f 4957 4652 4944
f 4958 4744 4736
f 4964 4736 4950
f 4959 4945 4650
f 4959 4647 4945
f 558 42 4942
f 4960 4654 4656
f 4960 4655 4654
f 5005 4645 4976
f 4961 4642 4645
f 4962 4649 4656
f 4962 4637 4649
f 4963 4744 4728
f 4963 4746 4744
f 4964 4958 4736
f 4964 4727 4958
f 4965 4728 4727
f 4965 4727 4631
f 5012 4655 4956
f 4966 4654 4655
f 4967 4735 253
f 4967 4736 4735
f 4967 253 541
f 4968 4637 4636
f 4968 145 146
f 4969 4948 4651
f 4969 4653 4948
f 4970 4656 4649
f 4970 4509 4656
f 4971 4656 4654
f 4971 4505 4656
f 4972 4744 4529
f 4972 4736 4744
f 4973 4746 4745
f 4973 4744 4746
f 5008 4974 4631
f 4974 251 144
f 4975 4740 4644
f 4975 4508 4740
f 4976 4645 4644
f 4976 4644 4646
f 4977 4654 4646
f 4977 4633 4654
f 4978 4943 540
f 4978 540 5
f 4979 4745 4746
f 4979 4530 4745
f 4987 4980 4634
f 4980 4505 4634
f 4981 4644 4740
f 4981 4739 4644
f 4982 4945 4652
f 4982 4509 4945
f 4983 4636 4632
f 4983 41 4636
f 4983 144 41
f 4984 4968 4636
f 4984 145 4968
f 4984 41 145
f 4985 4739 4473
f 4985 4644 4739
f 5003 4504 4634
f 4986 4633 4635
f 4987 4632 4636
f 4987 4634 4632
f 4988 4943 4650
f 4988 42 4943
f 4989 4945 4509
f 4989 4650 4945
f 4990 4729 4635
f 4990 4473 4729
f 4991 4965 4504
f 4991 4728 4965
f 4992 4951 4647
f 4992 4949 4951
f 4993 4950 252
f 4993 4727 4950
f 4994 4948 4653
f 4994 4652 4948
f 4995 4634 4504
f 4995 4632 4634
f 4996 4746 4729
f 4996 4739 4746
f 4997 4963 4728
f 4997 4729 4963
f 4998 4945 4647
f 4998 4652 4945
f 4999 4650 4649
f 4999 4649 4942
f 5000 537 4941
f 600 5000 5
f 600 537 5000
f 601 251 4955
f 5001 253 4735
f 5001 4735 4946
f 5002 4956 4653
f 5002 4641 4956
f 5003 4986 4635
f 5003 4634 4986
f 5004 4956 4641
f 5004 4507 4956
f 5005 4961 4645
f 5005 4507 4961
f 5006 4951 4648
f 5006 4944 4951
f 5007 4950 4736
f 5007 541 4950
f 5008 4955 251
f 5008 4631 4955
f 5009 4960 4509
f 5009 4655 4960
f 5010 4954 4637
f 5010 146 4954
f 5011 4956 4655
f 5011 4653 4956
f 613 252 4950
f 5012 4966 4655
f 5012 4507 4966
f 7363 5115 5013
f 7175 5115 5116
f 7359 5117 5039
f 7363 5013 5117
f 7168 6448 6327
f 7344 6311 5728
f 7372 5120 5037
f 7372 6321 5120
f 7203 5668 5541
f 7665 7163 5614
f 7217 5701 5595
f 7244 7157 5595
f 7374 6477 5119
f 7355 6311 5038
f 7359 5116 5117
f 7697 7163 5039
f 7075 6847 6336
f 7029 6465 6433
f 6990 6447 6320
f 6990 5126 6447
f 7765 7744 6478
f 6995 6462 5483
f 7088 7073 6962
f 7009 6944 6434
f 6430 5130 5018
f 6960 6446 6323
f 7752 6950 6436
f 7008 6949 6323
f 6993 6472 6442
f 7739 6988 6461
f 7722 6951 6470
f 7737 6467 6319
f 8033 7281 5677
f 8095 8086 5505
f 8291 5717 5588
f 7909 5576 5467
f 8092 7233 5586
f 7971 7276 5632
f 7791 5529 5460
f 6695 5659 5450
f 7897 5555 5462
f 7907 7900 5450
f 5652 7982 6687
f 7929 7913 5646
f 8067 8014 7937
f 8014 5133 7937
f 7681 7168 5120
f 7759 7345 6438
f 7373 6454 5118
f 7745 6978 6436
f 7777 5530 5138
f 7237 5675 5559
f 7892 7364 6460
f 7783 7150 5140
f 7203 5123 5668
f 7254 5662 5549
f 7973 6709 5632
f 7919 5718 5588
f 7883 7376 6456
f 7918 5696 5044
f 7677 7356 6457
f 7244 5038 7157
f 5940 1498 5144
f 5956 5954 5144
f 7109 5886 5844
f 6116 5953 1496
f 7138 5937 5848
f 5890 5848 5046
f 6133 5938 5851
f 1787 5953 660
f 6883 6360 6345
f 7085 6871 6816
f 7019 6834 6389
f 6887 5148 6345
f 6048 5893 5151
f 7110 5884 5152
f 6874 5916 5152
f 6073 5884 5048
f 7120 6907 6856
f 6920 6817 6386
f 6927 6904 5889
f 7114 6907 5154
f 7136 6880 6395
f 6927 5155 6904
f 7873 6966 6834
f 7004 6871 5047
f 6873 5875 5844
f 7129 5887 5849
f 7864 5960 1496
f 7123 5912 5889
f 6073 5151 5884
f 5964 782 5879
f 6238 734 5157
f 6036 5157 5158
f 6035 734 6031
f 7478 6239 5159
f 6034 6029 5159
f 6236 5160 5161
f 6034 5160 6029
f 6023 6019 5162
f 6043 6024 5908
f 6022 6016 5865
f 6030 5160 5050
f 6040 6021 5908
f 6042 6023 648
f 6040 5162 6021
f 8231 7297 5624
f 7849 7318 5653
f 8325 7572 7146
f 7882 7317 7223
f 7691 6415 5167
f 7652 7339 6420
f 7772 7219 6410
f 7671 7369 6422
f 7462 6403 5781
f 7563 7264 6408
f 7423 6381 5726
f 7647 7333 6376
f 7553 7190 6410
f 7645 7332 6422
f 7564 7207 5658
f 7560 7184 6408
f 6135 5896 5846
f 5946 5877 5173
f 5857 5841 5175
f 5948 5863 5175
f 7720 6881 6394
f 5951 5861 5178
f 7166 5855 5830
f 5870 5830 5855
f 5944 5880 5842
f 6018 6014 5834
f 6139 5877 5946
f 5962 5837 5871
f 7393 6387 5172
f 7408 6385 5727
f 6037 5159 6029
f 7413 6385 5180
f 7548 6396 5167
f 6045 5870 5855
f 7351 7152 6374
f 7547 6379 6315
f 6012 5865 5843
f 6028 5868 5182
f 6017 5863 5176
f 5869 5838 5055
f 7662 7333 5053
f 6045 5055 5870
f 6046 6028 5051
f 6047 5182 5864
f 7060 6842 5014
f 6996 6851 6334
f 6985 6975 5125
f 7005 6861 6389
f 6918 6835 6399
f 7102 6853 6463
f 7086 6925 6833
f 7103 6898 6829
f 7027 6948 6434
f 6912 6837 5495
f 6854 6479 6330
f 7068 6468 5040
f 6897 6825 6334
f 7033 6862 6464
f 7016 6858 6425
f 7069 6841 6463
f 6138 5936 5850
f 7870 5961 5839
f 5938 5144 5851
f 5952 5847 5046
f 7727 6998 5024
f 7046 5860 5831
f 7087 6864 5832
f 7025 6824 5831
f 7109 5147 5886
f 6876 5840 5147
f 6852 5833 5192
f 7111 6869 5836
f 7067 5859 5190
f 7142 5867 5833
f 7861 5046 5848
f 7870 5056 5961
f 8077 8035 5666
f 7904 7670 5528
f 7664 5711 5567
f 8098 7851 5517
f 6445 6313 5194
f 7362 6307 5442
f 7809 5524 5518
f 7756 7343 5529
f 7690 7162 6375
f 7881 7651 6429
f 7350 6377 5457
f 7365 6409 5457
f 7802 7784 6312
f 7347 6417 5442
f 7684 5674 5509
f 7843 6308 5590
f 7097 6869 5192
f 7035 6870 6392
f 7066 6846 6492
f 7862 7044 6852
f 7724 7696 6970
f 7049 6899 6404
f 7011 6824 5189
f 7696 5197 6970
f 7079 6968 6450
f 7070 6845 6464
f 7747 7362 5194
f 6964 6378 5456
f 7863 6868 6830
f 7365 5059 6409
f 7104 6867 6485
f 7050 6857 6475
f 6287 2449 6754
f 8683 7451 5800
f 8662 7466 5801
f 8688 5815 5203
f 8622 7463 5800
f 6724 5803 5204
f 7636 7443 5797
f 7501 5025 5206
f 6260 6746 6752
f 7500 5810 5208
f 5061 6722 5209
f 6752 6746 5207
f 8645 7469 5797
f 7498 5821 5202
f 8680 7500 5062
f 6205 6217 1907
f 6729 5813 5211
f 6250 6212 6204
f 6253 6214 5213
f 6256 5212 6204
f 6262 6213 6264
f 6207 6755 6196
f 6207 6196 6210
f 6260 5214 5209
f 6252 5213 6212
f 5063 6222 5215
f 6725 5204 6721
f 6253 5063 6214
f 6263 1983 6217
f 5217 5117 5013
f 7404 7172 5117
f 7176 5216 5217
f 7404 5216 7172
f 7196 5611 5541
f 7212 5709 5600
f 7707 7155 5614
f 7212 5219 5709
f 7540 7171 5729
f 7620 6591 6586
f 7371 7263 5556
f 7410 5066 5220
f 7701 7160 6585
f 7371 5221 7263
f 7410 5220 6586
f 7172 5039 5117
f 8028 8011 6705
f 8180 8179 5625
f 8162 6693 5647
f 7271 5650 5474
f 8265 7320 5657
f 5609 5498 5471
f 5627 5471 5498
f 8254 8225 5550
f 7958 7279 5598
f 8242 8223 5583
f 8250 8237 5638
f 8217 5628 5533
f 8203 8196 5592
f 8136 7316 5663
f 7288 7238 5470
f 7482 7445 6592
f 7417 6630 5776
f 8609 7389 6624
f 7488 6624 5232
f 6662 6623 5721
f 8580 6648 6645
f 7390 6640 5235
f 7380 6627 5721
f 7438 6638 5482
f 8620 7586 6607
f 8528 7623 6635
f 8627 8533 5487
f 6663 6625 5777
f 8554 8541 6655
f 8621 6672 6602
f 8619 7571 6607
f 8257 5671 5229
f 8458 8260 5694
f 8355 5602 5600
f 7196 5020 5611
f 7616 5607 5481
f 8488 7216 5484
f 8449 7270 5713
f 8555 5484 7216
f 7539 7170 5729
f 7378 5556 5065
f 8629 7536 5233
f 8560 6642 5233
f 8311 7192 5610
f 8549 8531 5698
f 8307 7278 5665
f 7229 5702 5065
f 6170 827 5242
f 6235 5157 6036
f 6801 6191 6162
f 6164 6161 5244
f 6195 6162 5243
f 6239 5161 5159
f 6233 6227 5245
f 6234 6163 6160
f 6176 6160 5072
f 6168 5244 6165
f 6202 6164 5072
f 6229 6167 5242
f 6166 5245 6164
f 6738 6294 6155
f 7516 7391 6616
f 6174 6173 5249
f 6245 6180 5250
f 6173 6143 5249
f 6775 6194 6178
f 6154 2462 6159
f 6761 6224 6180
f 6803 6300 6189
f 6730 6249 6155
f 7911 7294 5624
f 8472 7230 7153
f 8295 5539 5454
f 8436 5587 5463
f 7393 5023 6387
f 7388 6608 5773
f 7613 7341 6413
f 7383 6414 5773
f 8654 7471 6597
f 8524 7396 6588
f 8626 7598 6661
f 8563 6601 5724
f 7242 6416 5767
f 7422 6641 5765
f 7234 5676 5510
f 8574 8494 5700
f 6193 5074 6146
f 6175 6161 5243
f 8677 6192 5259
f 8587 6653 6604
f 7506 6634 6419
f 8640 6144 5248
f 8608 7495 6661
f 7509 6240 5246
f 6231 6225 5246
f 7447 6414 5254
f 7517 6231 5261
f 8648 7493 6142
f 8633 7499 6634
f 6163 5072 6160
f 6760 6194 6146
f 8682 7436 5792
f 8601 7409 6602
f 8616 7448 5201
f 7510 7448 5789
f 8354 7272 5644
f 6667 5264 5077
f 7455 6582 5236
f 8557 7441 6619
f 7518 5206 5025
f 8657 7622 7431
f 7512 7435 6620
f 8669 7637 7443
f 8564 6619 5264
f 7434 6621 5265
f 7477 6614 5262
f 8589 7444 6629
f 6719 6676 5782
f 8460 7261 5639
f 8190 5625 5223
f 8428 8427 5441
f 7507 6653 5028
f 7528 5613 5511
f 7274 7213 6584
f 7594 6652 5511
f 8317 5687 5474
f 5648 5582 5227
f 7599 6668 5507
f 8350 5473 5026
f 8487 8486 6646
f 8342 5551 5507
f 5627 5498 5067
f 7261 5076 5639
f 6744 6219 6741
f 6291 6183 5247
f 6765 6210 6196
f 5829 5273 5025
f 8634 6637 5273
f 6250 5211 6212
f 6729 5025 5813
f 8638 7416 6616
f 6246 6244 5275
f 7491 6628 5276
f 6245 5073 6180
f 8672 8635 6637
f 6254 6149 6249
f 6741 5064 6206
f 8511 8499 7438
f 7640 6669 5720
f 7562 6613 5723
f 7556 6668 5078
f 7634 7565 7386
f 7630 6650 6618
f 7626 7415 6652
f 8649 7475 6598
f 8660 7437 5808
f 7434 5077 6621
f 8635 5273 6637
f 8666 7483 6622
f 6671 5278 5268
f 7491 5079 6628
f 8562 6658 6615
f 7485 5077 7434
f 1627 5885 1481
f 6107 5974 5895
f 6848 6813 6333
f 6878 6826 6341
f 7002 6828 5148
f 7078 6878 5282
f 7132 5917 5910
f 5903 5283 5284
f 6358 5284 5285
f 5917 5283 5910
f 6072 5893 5153
f 6890 5915 5153
f 5901 5153 5893
f 7096 5284 5080
f 6071 5903 5081
f 7092 6880 5047
f 6933 6826 5080
f 1744 6078 1556
f 6109 5990 5929
f 6053 5902 5289
f 6095 5983 5927
f 6102 5983 5290
f 6101 5927 5082
f 5966 5885 5022
f 7132 5285 5917
f 6071 5283 5903
f 5973 5022 5885
f 6108 6077 5926
f 6052 5902 5029
f 5115 5292 5013
f 7180 5292 5293
f 7174 5115 5037
f 5115 5293 5292
f 6488 6484 5296
f 5294 5295 5084
f 6489 5295 5296
f 6488 5294 6484
f 6443 5120 5018
f 6481 6452 5297
f 6451 5297 5298
f 6443 5018 5298
f 7180 5083 5292
f 6483 5297 5084
f 6481 5037 6452
f 6483 5084 5295
f 6564 5299 5017
f 6352 5299 5300
f 6351 5300 5301
f 5301 5300 5299
f 6455 5302 5031
f 6490 6366 5303
f 6566 6373 5304
f 6366 5086 5302
f 6482 6480 5305
f 6344 5305 5306
f 6353 5306 5307
f 6480 5030 5307
f 6565 6352 5085
f 6490 5086 6366
f 6344 5087 5305
f 6365 5300 6344
f 7030 6823 6328
f 6958 6939 6324
f 6971 6945 6335
f 6982 6811 6328
f 6431 5130 5310
f 6331 5310 5311
f 6949 5130 6323
f 6983 6426 5042
f 6350 5314 5312
f 6337 5313 5089
f 6339 5313 5314
f 6337 5089 5312
f 7015 6943 6447
f 6331 5088 5310
f 7055 6953 6335
f 6332 5313 6331
f 6487 6484 5030
f 6348 5307 5315
f 6453 5294 5084
f 6486 5307 6484
f 6364 5314 6350
f 6339 5088 5313
f 6347 5302 5086
f 6347 5086 5316
f 6431 5018 5130
f 6451 5084 5297
f 6432 5310 5088
f 6432 5088 5317
f 6353 5086 5306
f 6346 5317 5088
f 6453 5315 5294
f 6346 5088 5316
f 5319 908 617
f 908 5318 695
f 5318 5319 5091
f 5319 5318 908
f 909 5320 638
f 6530 5321 5090
f 5321 909 695
f 6530 5090 5320
f 6536 5322 5033
f 5322 5323 5091
f 6537 5323 5324
f 6539 5322 6536
f 5318 5321 695
f 5321 5323 5090
f 5323 5318 5091
f 5318 5323 5321
f 5325 5931 6006
f 6500 6063 5326
f 6066 6131 5326
f 5327 6003 5933
f 6005 6003 5328
f 5931 6010 6098
f 6126 6127 6065
f 5325 5998 6004
f 6557 6495 5330
f 6509 6506 5331
f 6498 6496 5332
f 6549 6495 5017
f 6532 6524 5333
f 6521 6517 5333
f 6520 6518 5335
f 6521 5334 6517
f 6510 5336 5032
f 6513 5336 5337
f 6512 6505 5337
f 6512 5338 6505
f 6509 5092 6506
f 6515 5337 5093
f 6503 5331 6496
f 6511 5331 6503
f 6533 5320 5090
f 5320 5339 5329
f 6500 5032 6063
f 6504 6501 5338
f 6064 5326 6131
f 6504 5340 6501
f 6532 5033 6524
f 6527 6526 5341
f 6519 5333 6517
f 6523 5333 6519
f 6514 5340 6128
f 6505 5093 5337
f 6527 5090 6526
f 6502 5341 6501
f 7856 6850 6493
f 7041 6946 6343
f 7059 6886 6341
f 6945 5089 6335
f 6364 6350 5031
f 6357 5343 5344
f 6342 5312 5089
f 6356 5312 6342
f 7135 5285 5029
f 6358 5080 5284
f 6406 6355 5346
f 6400 5345 5285
f 6356 6342 5344
f 6923 5345 5346
f 7133 7128 6340
f 7121 6935 6340
f 6549 5332 6495
f 6498 5094 6496
f 6565 5299 6352
f 6546 6363 5085
f 6370 5348 5032
f 6556 6371 5349
f 6497 5336 5094
f 6370 5032 5336
f 6455 5304 5302
f 6555 6361 5350
f 6543 6369 5351
f 6566 5085 6373
f 6497 5349 5336
f 6551 6369 5350
f 6546 5347 6363
f 6499 5349 6497
f 5082 6087 5919
f 6055 5921 5289
f 6009 5932 5918
f 6103 5988 5911
f 6058 5918 5932
f 5999 6010 5933
f 6062 6057 5355
f 5993 5353 5924
f 5354 5934 6067
f 6362 5351 5031
f 6545 5475 5351
f 6407 5343 6357
f 6362 5031 5343
f 6061 5355 6060
f 6062 5097 6057
f 6368 5348 5096
f 6542 6368 5096
f 6053 5029 5902
f 6406 5095 6355
f 6069 6056 5352
f 6924 5352 5358
f 6543 5096 6369
f 6529 6494 5358
f 5476 5356 5095
f 5476 5095 5358
f 5292 5217 5013
f 7176 5066 5216
f 7397 5292 5083
f 7402 5292 7397
f 7177 5766 5360
f 7179 6580 5360
f 6593 5220 5066
f 7399 7171 5027
f 6487 5296 6484
f 6489 5083 5295
f 6589 6587 5363
f 7643 5362 5296
f 6595 5361 6593
f 7414 6580 5098
f 7402 7397 5359
f 6590 5362 6580
f 7432 6612 5230
f 5774 5745 5364
f 7482 5230 7445
f 7545 5365 5745
f 5756 5747 5366
f 5760 5367 5100
f 5755 5368 5099
f 5755 5099 5367
f 7561 6627 5235
f 6610 5731 5369
f 7429 5753 5369
f 7390 5069 6640
f 5745 5099 5364
f 5758 5369 5100
f 6610 5069 5731
f 5758 5100 5367
f 6564 5301 5299
f 6351 5087 5300
f 5371 5372 5102
f 5372 5371 5301
f 6482 5030 6480
f 5373 5374 5101
f 5374 5305 5087
f 5305 5374 5373
f 5761 5752 5377
f 5762 5375 5376
f 5376 5377 5101
f 5761 5375 5752
f 5779 5374 5087
f 5374 5376 5101
f 5762 5102 5375
f 5779 5087 5371
f 7181 5730 5370
f 5753 5100 5369
f 7414 5360 6580
f 5770 5098 5378
f 5756 5034 5747
f 5377 5379 5101
f 5379 5366 5100
f 5768 5377 5756
f 6594 5363 5030
f 6589 5098 6587
f 5772 5373 5101
f 6594 5030 5373
f 5769 5100 5753
f 5772 5380 5373
f 5771 5378 5098
f 5771 5098 5380
f 6799 1450 5381
f 6302 6283 5382
f 5805 5814 5103
f 6791 6792 5794
f 6301 6304 5818
f 5826 6276 6272
f 8687 7451 5203
f 8681 5816 5062
f 7519 5823 5387
f 7505 5203 7451
f 5822 6750 5388
f 6747 5810 5207
f 7522 5820 5389
f 6794 5825 5809
f 5822 6797 5105
f 7508 5817 5388
f 6750 5105 6269
f 7481 5812 5386
f 7522 5106 5820
f 6797 5389 5809
f 6286 6751 6269
f 6285 6788 5105
f 6789 6268 6788
f 993 5319 617
f 5319 5391 5091
f 5391 993 715
f 993 5391 5319
f 6538 5392 5033
f 6540 5392 5393
f 5393 5322 5091
f 6538 5033 5322
f 994 5394 715
f 6544 6541 5394
f 6544 5395 6541
f 5391 5393 5091
f 6540 5107 5392
f 5394 5391 715
f 5391 5394 5393
f 6557 5017 6495
f 6554 5397 5108
f 6507 5330 6506
f 6554 5108 5396
f 6577 5400 5398
f 6558 5399 5109
f 6561 5400 5108
f 6558 5109 5398
f 6528 5335 6524
f 6520 5092 6518
f 6525 5401 5402
f 6522 5401 6520
f 6547 5399 5108
f 6548 5401 6525
f 6516 5397 6507
f 6547 5108 5397
f 1449 5404 995
f 995 5403 716
f 5403 5404 5111
f 5404 5403 995
f 996 5405 644
f 5405 5406 5110
f 5406 996 716
f 996 5406 5405
f 6578 6572 5409
f 6570 5408 5111
f 5408 5409 5110
f 6578 5407 6572
f 5403 5406 716
f 5406 5408 5110
f 5408 5403 5111
f 5403 5408 5406
f 6531 5402 6528
f 6548 6525 5109
f 6534 5392 5107
f 6534 5107 5410
f 6577 5036 5400
f 6560 5409 5411
f 6559 5398 5109
f 6559 5109 5411
f 6550 5395 994
f 6535 5395 5412
f 6562 5405 5110
f 5405 5412 5395
f 6552 5411 5109
f 6560 5110 5409
f 6541 5107 5394
f 6552 5109 5410
f 7460 5775 5387
f 7470 5780 5387
f 5757 5364 5099
f 7445 5016 6592
f 6792 5035 5794
f 5737 5415 5112
f 5828 5759 5820
f 5751 5415 5737
f 5747 5368 5366
f 5748 5416 5099
f 5743 5741 5416
f 5743 5417 5741
f 7519 5106 5823
f 5746 5416 5112
f 7523 5757 5413
f 5746 5112 5415
f 5807 5404 624
f 5806 5404 5418
f 5805 5381 5814
f 6799 624 1450
f 6569 6568 5407
f 5796 5419 5420
f 6570 5407 5408
f 6569 5419 6568
f 6796 5794 5384
f 5791 5422 5113
f 5791 5113 5421
f 5795 5420 5111
f 5796 5113 5419
f 5805 5418 5381
f 5806 5111 5404
f 6563 5372 5301
f 5372 5423 5102
f 6575 5396 5108
f 5396 5423 5372
f 5749 5375 5424
f 5736 5425 5114
f 5754 5375 5102
f 5750 5425 5736
f 6573 5400 5036
f 6576 5400 5426
f 6574 5427 5114
f 6574 5114 5426
f 5423 5425 5102
f 5425 5426 5114
f 6575 5423 5396
f 5423 5426 5425
f 5739 5422 5035
f 5793 5428 5113
f 5751 5737 5414
f 5735 5414 5733
f 6573 5427 5400
f 6571 5429 5114
f 5785 5419 5113
f 6572 5036 5409
f 5744 5417 5368
f 7713 5417 5430
f 5750 5736 5424
f 5738 5424 5734
f 5785 5429 5419
f 5738 5734 5430
f 5741 5112 5416
f 6611 5430 5429
f 8194 6689 5538
f 8153 8084 5532
f 8102 7959 5703
f 8095 5433 8086
f 7956 7302 5605
f 8076 7943 5666
f 8106 7968 5695
f 8394 8373 7312
f 5656 8715 7994
f 8164 8158 6704
f 8199 6712 5516
f 8173 7989 5437
f 7813 5523 5138
f 7921 7670 5045
f 8370 8206 5439
f 8372 8230 5439
f 7301 5616 5500
f 8219 5440 5625
f 8466 5673 5267
f 8229 5253 5516
f 7183 6409 5196
f 7845 7335 6437
f 8087 6705 5435
f 8130 7666 5688
f 8342 5270 5551
f 5669 5267 5558
f 7276 5044 5632
f 8051 7915 6699
f 8387 8176 7266
f 8060 7305 5586
f 7846 7335 5195
f 7821 7802 5523
f 7785 6444 5590
f 7784 5195 6312
f 7286 5643 5449
f 7991 7692 5697
f 7918 5462 5696
f 7893 5450 5518
f 8117 8105 7267
f 8034 7328 5604
f 7957 7955 7302
f 7836 7223 5452
f 8268 5558 5267
f 8576 5453 5227
f 8329 8305 5608
f 8455 8263 7327
f 8445 7225 5633
f 7947 7314 5683
f 6903 6424 5200
f 6994 6427 5456
f 7183 5457 6409
f 7879 7370 7162
f 8103 7926 5458
f 8127 5710 5458
f 8139 7268 6685
f 8380 8187 7206
f 7903 7367 5492
f 7682 7357 6314
f 8034 5451 7328
f 8039 7976 6687
f 7820 5691 5140
f 6695 5139 5659
f 8332 5636 5252
f 8402 7292 6698
f 7650 7210 6308
f 7740 7366 7154
f 7842 7819 7247
f 7885 7317 5052
f 8469 8465 5636
f 8310 7293 7146
f 7999 7233 5137
f 5717 5135 5588
f 7887 7663 6460
f 7088 6468 7073
f 8333 5639 5252
f 8539 8515 5469
f 8195 8160 5663
f 8246 8238 6651
f 7567 5540 5472
f 8317 5607 5687
f 7300 5616 5471
f 7270 5472 5713
f 8330 5648 5270
f 7599 5271 6668
f 7283 5593 5471
f 8299 8288 5609
f 6542 5357 6368
f 6508 5475 5356
f 6494 5097 5357
f 6508 5357 5475
f 7535 6423 5742
f 7771 7651 5464
f 8566 8530 7186
f 8356 8340 5676
f 7746 5169 7154
f 7668 6415 5024
f 7761 7760 5194
f 6445 5019 6313
f 8507 5238 5644
f 8316 5481 5607
f 7600 7407 5482
f 8525 7592 6617
f 6961 6466 5483
f 7765 6439 7744
f 7299 5610 5225
f 8497 8346 7616
f 8285 5686 5596
f 8438 8255 5571
f 7890 7354 6459
f 7769 6438 5041
f 7586 5237 6607
f 7592 5236 6617
f 7970 6707 5137
f 8255 5485 7214
f 7827 5564 5499
f 7844 5489 5675
f 7725 6942 6428
f 6872 6863 5040
f 8304 5553 5491
f 8262 5686 5485
f 7840 5622 5559
f 7891 7364 5127
f 8508 7541 5712
f 8516 5621 5543
f 7810 7806 6458
f 7884 7376 5142
f 7119 6902 6479
f 7082 6965 6450
f 8440 8263 5463
f 8475 6690 5637
f 8565 7557 7185
f 8332 5252 7578
f 5589 5498 5453
f 8288 5498 5609
f 7657 7148 5143
f 5696 5462 5555
f 7322 6651 5440
f 8222 5670 5628
f 7543 5623 5501
f 7230 5501 7153
f 8448 8444 7193
f 7834 5711 5452
f 8547 6599 5237
f 7459 6600 5503
f 7933 7925 5619
f 7648 5626 5164
f 7927 5660 5434
f 8094 5619 7925
f 8466 5267 7259
f 8470 5673 8466
f 7597 5507 5269
f 7594 5078 6652
f 8055 7964 5651
f 8075 6682 5557
f 7685 5626 5509
f 7921 5528 7670
f 8518 7273 6632
f 7240 6646 5076
f 7256 6632 5256
f 7415 5511 6652
f 7340 6435 5512
f 7654 6441 5132
f 8343 5635 5271
f 7588 7407 5513
f 8570 6660 5241
f 8357 5240 5610
f 8157 6704 5566
f 8019 6708 6673
f 8454 7325 5496
f 8243 5654 5253
f 7907 5045 7900
f 8114 5139 5458
f 7809 5138 5524
f 7838 5193 5438
f 7530 7197 5484
f 8345 7220 5240
f 8237 5488 7222
f 8291 5520 5717
f 8457 8456 6688
f 8412 8241 5166
f 8401 6700 5226
f 8185 8183 5631
f 7833 7689 5523
f 7833 5193 7689
f 7822 5138 5140
f 7822 5140 7815
f 7920 7257 5662
f 7990 7930 7228
f 8286 8278 5239
f 8319 5665 5218
f 8407 7195 5598
f 8244 7221 7202
f 7649 5528 5509
f 8123 7685 5434
f 7655 5529 5447
f 7791 5460 5530
f 7801 5140 5138
f 7902 7783 5460
f 8365 7231 5591
f 8366 5531 5469
f 8159 5620 5532
f 8166 5532 6689
f 8233 5560 5533
f 8227 5533 5628
f 8489 5444 5552
f 5692 5534 5582
f 5667 5067 5558
f 8435 8426 5535
f 8327 5699 5536
f 8328 7612 5707
f 8395 5537 7238
f 8443 8259 5694
f 8141 7262 5542
f 8141 5015 7262
f 8281 5454 5539
f 8310 5466 7293
f 5713 5472 5540
f 8280 5606 5540
f 7243 5572 5541
f 7282 5682 5541
f 6716 5655 5542
f 8047 8000 6679
f 8543 8523 5493
f 8506 8341 7566
f 8189 5631 5544
f 8385 7277 5664
f 8424 8235 5441
f 8202 8198 5560
f 7576 6421 5546
f 7901 7211 5623
f 8221 8208 7297
f 8118 7972 6706
f 8212 8199 5439
f 8383 5661 8230
f 7823 7805 5549
f 7149 5143 6458
f 7971 5467 7276
f 7970 5550 6707
f 8350 5026 5635
f 5551 5270 5473
f 8487 5444 8486
f 8464 5579 5552
f 7581 5708 7192
f 8302 7278 5239
f 8501 8500 7232
f 8462 8321 7158
f 7837 5617 5555
f 7946 7818 5675
f 8526 7229 5241
f 7619 5556 7263
f 8023 7965 5651
f 5669 5558 5453
f 5589 5067 5498
f 7250 7159 5142
f 7903 5460 7367
f 8213 8202 5223
f 8240 5681 8235
f 8200 5545 5681
f 8375 8206 5561
f 8417 5563 5535
f 8451 5563 5558
f 7931 7147 5564
f 7657 5564 7148
f 8540 8493 7568
f 8362 5469 5531
f 8164 5640 8158
f 8181 5223 5647
f 7992 7692 5567
f 7834 5567 5711
f 8029 8002 7944
f 8019 5568 6708
f 7664 5455 5711
f 8430 7303 5166
f 8322 5570 5473
f 8337 5026 5473
f 8284 8283 5571
f 8261 5571 8255
f 8290 5572 5526
f 8306 7218 5572
f 8061 7928 5134
f 8016 7328 5133
f 8376 7958 5459
f 8147 7268 5446
f 8441 8280 5068
f 8422 8239 5537
f 8127 5576 5710
f 8111 5576 7909
f 8277 8276 5606
f 7605 5685 5239
f 7962 7295 5578
f 7945 7314 5164
f 8459 5579 5534
f 5579 5267 5534
f 7816 5580 5448
f 7904 5193 7670
f 7572 5502 7146
f 7850 6711 5581
f 8576 5227 5582
f 8330 5582 5648
f 8245 7236 5583
f 8390 8220 5228
f 7841 5581 7207
f 7882 5584 7317
f 8048 5679 8001
f 8305 5539 5608
f 8446 8273 7601
f 8122 7309 5586
f 8396 7279 5137
f 8440 7327 8263
f 8243 5587 5654
f 7953 7952 5525
f 7930 5135 7228
f 5589 5558 5067
f 5589 5453 5558
f 7358 6437 5196
f 7786 5195 7784
f 8363 5591 5531
f 8338 8334 5252
f 8218 8201 7277
f 8267 5592 5583
f 7280 5593 5474
f 7271 5225 5650
f 7794 7200 5052
f 7936 7814 7286
f 7665 5122 7163
f 7282 5121 5682
f 8287 5596 5571
f 8262 5596 5686
f 8059 8025 5704
f 8405 8215 7202
f 7306 5598 7279
f 7258 5599 5219
f 7615 5709 5065
f 8331 7290 7145
f 7615 5600 5709
f 8077 5573 8035
f 8054 5601 7937
f 7291 7156 5602
f 8308 8306 5218
f 8496 5603 5519
f 7593 5603 7220
f 8100 7915 5136
f 8108 7959 5433
f 7648 5509 5626
f 7684 5449 5674
f 8275 5606 5577
f 8441 5606 8280
f 5687 5607 5570
f 8337 5473 5570
f 8333 5252 7531
f 8289 5454 5673
f 8299 5227 8288
f 7280 5471 5593
f 7587 5603 7307
f 7584 5240 7220
f 7953 5611 7952
f 7952 5714 5525
f 8246 5522 8238
f 8168 7330 5612
f 7556 5507 6668
f 7639 5507 7556
f 7704 5219 7212
f 7705 7160 5039
f 8484 5444 5270
f 8491 7253 7241
f 7283 5472 5593
f 8418 8413 7320
f 7289 5617 5499
f 7917 5489 5499
f 8027 7313 6673
f 8136 5618 7316
f 7933 5434 7925
f 8050 5693 5134
f 8180 5566 8179
f 8151 6684 5515
f 8537 8528 5487
f 8510 5238 7197
f 7898 6458 5142
f 7161 5143 7148
f 7819 5546 7247
f 7576 5477 6421
f 8393 7983 5624
f 8394 6713 8373
f 8198 5533 5560
f 8217 5533 6720
f 7968 5504 5695
f 8107 5434 7933
f 7300 5500 5616
f 8253 8252 5067
f 8429 8222 5067
f 8224 5628 8217
f 7967 5693 5629
f 8115 7972 5435
f 8027 6677 7313
f 8226 5522 5612
f 7331 5631 7265
f 7990 5564 7930
f 7289 5044 5617
f 7924 7311 5672
f 7678 5502 7207
f 5634 6691 6674
f 8003 6717 5432
f 8504 5513 5271
f 7570 5635 5026
f 8309 5539 8305
f 8467 7158 8321
f 8414 7324 5637
f 8403 7292 5166
f 8264 7698 5638
f 8256 7235 5638
f 8540 5531 8493
f 8347 5076 5565
f 8144 7993 5568
f 8007 6708 5515
f 8012 7326 5641
f 8064 7323 5431
f 7695 6706 5443
f 8408 5015 5661
f 7689 5580 5523
f 7814 5643 7286
f 8504 5271 5635
f 7588 5482 7407
f 7966 6686 5467
f 8117 5645 8105
f 8752 8717 8695
f 7929 5139 7913
f 7934 5044 5576
f 8249 5545 5561
f 8249 5561 7226
f 5648 5473 5270
f 8322 5227 5570
f 8468 5519 5484
f 8495 5481 5519
f 8498 5519 5481
f 7587 7307 5225
f 8028 5557 8011
f 8049 7326 5508
f 8066 7308 6703
f 7679 7310 5653
f 7847 7554 7167
f 8228 5516 5253
f 8419 7324 5463
f 8191 7974 5437
f 7974 5015 5655
f 8742 8723 8057
f 8247 5657 5575
f 8413 5657 7320
f 7211 5501 5623
f 8471 7532 7153
f 7908 5517 5045
f 7908 5045 5659
f 8094 7925 5505
f 8110 5045 5517
f 8191 5015 7974
f 8383 8230 5548
f 7931 5525 7147
f 7215 5123 5611
f 8183 5224 7321
f 8386 8134 7266
f 8477 8176 5544
f 8209 7331 7265
f 8301 5526 5572
f 8442 8285 5577
f 8050 5629 5693
f 8069 8017 7964
f 8040 6678 8074
f 7998 5436 6677
f 8425 5563 8423
f 5667 5558 5563
f 7285 5595 7155
f 7217 5123 5701
f 5669 5534 5267
f 5669 5453 5534
f 8428 5067 8427
f 8227 5628 5670
f 8284 5526 8283
f 8294 8272 7199
f 8231 5569 7297
f 7961 7295 5455
f 8269 5535 8268
f 8271 5535 8269
f 7829 5643 5193
f 7829 5193 5674
f 7820 5555 5691
f 7917 5499 5617
f 8356 5076 8340
f 8362 5531 5565
f 8726 7932 5677
f 8083 8700 8753
f 8146 7316 5446
f 8060 5043 7305
f 8236 5253 8235
f 8474 8425 8423
f 8234 5560 8233
f 5681 5545 5560
f 7290 5602 7145
f 7291 5121 7156
f 8118 5547 7972
f 7666 5164 5688
f 8529 6596 5478
f 8490 5497 5591
f 8286 5577 8278
f 8277 5491 8276
f 8260 5068 5694
f 8442 5686 8285
f 5687 5227 5474
f 5687 5570 5227
f 8123 5626 7685
f 5688 5164 5626
f 8522 6633 5689
f 8363 5531 7255
f 8344 7201 5702
f 8559 8506 5712
f 7817 5450 7815
f 7897 5691 5555
f 8483 5692 8330
f 8489 5552 5579
f 8061 5619 7928
f 8093 5693 7967
f 8433 8409 5537
f 8247 5068 5657
f 8055 5629 7964
f 8093 7967 5504
f 5696 5617 5044
f 5696 5555 5617
f 7835 5697 5594
f 7830 5697 5452
f 7260 5241 5556
f 7527 5698 7260
f 8304 5491 5685
f 8323 7579 5699
f 7711 7191 6423
f 7543 5477 5623
f 7805 5494 7151
f 7254 5123 5662
f 8364 5702 5690
f 8526 5702 7229
f 8114 5458 7926
f 8098 5505 7851
f 8705 8746 8747
f 8032 8024 5133
f 8016 5604 7328
f 8013 5445 7915
f 8090 5601 8025
f 8054 7937 5133
f 8573 5065 5702
f 8323 5514 7579
f 8344 5514 7201
f 8461 5553 5699
f 7378 5599 5556
f 5709 5219 5599
f 8738 8721 8057
f 8059 5573 8025
f 8099 5136 7915
f 8103 5445 7926
f 7239 5581 5584
f 7850 5455 6711
f 8367 7585 7216
f 8572 8514 7583
f 8311 5491 7192
f 8276 5540 5606
f 7923 5714 5588
f 7919 5020 5718
f 8485 8349 5708
f 8359 5715 5240
f 8292 5463 8263
f 8273 5539 7601
f 7979 5717 5550
f 8254 5520 8225
f 8248 5638 8237
f 8264 5020 7698
f 7574 7337 6376
f 7672 7187 6412
f 7456 6657 5720
f 7589 5271 5513
f 8578 5503 6645
f 7440 6640 5069
f 7275 6418 5722
f 8566 6596 8530
f 7640 5277 6669
f 7457 6658 5077
f 8535 7274 5257
f 8548 7406 6597
f 7633 5264 5723
f 7600 5263 7407
f 7573 7264 5171
f 7631 7450 6403
f 7550 6379 5181
f 7413 5727 6385
f 7774 5141 6438
f 7246 7151 5038
f 7534 7169 5233
f 7380 5027 6627
f 7182 5730 5360
f 7177 5027 5766
f 7429 5370 5753
f 7181 5235 5730
f 5735 5733 5428
f 7713 5732 5417
f 5733 5732 5428
f 5733 5112 5732
f 5734 5429 5430
f 5734 5114 5429
f 5793 5113 5422
f 5739 5035 5414
f 5736 5734 5424
f 5736 5114 5734
f 5737 5733 5414
f 5737 5112 5733
f 5738 5430 5417
f 5752 5034 5377
f 5739 5735 5422
f 5739 5414 5735
f 5740 5738 5417
f 5740 5424 5738
f 5741 5732 5112
f 5741 5417 5732
f 7559 7338 6412
f 7614 7205 6421
f 5748 5099 5368
f 5743 5368 5417
f 5744 5740 5417
f 5744 5034 5740
f 5745 5367 5099
f 7552 5745 5365
f 5746 5413 5416
f 7524 5746 5415
f 5747 5744 5368
f 5747 5034 5744
f 5748 5743 5416
f 5748 5368 5743
f 5749 5740 5034
f 5749 5424 5740
f 5754 5102 5425
f 5750 5424 5375
f 5751 5759 5415
f 5751 5414 5759
f 5752 5749 5034
f 5752 5375 5749
f 5769 5753 5378
f 5753 5370 5378
f 5754 5750 5375
f 5754 5425 5750
f 5760 5100 5366
f 5755 5366 5368
f 5756 5377 5034
f 5768 5756 5366
f 5757 5416 5413
f 5757 5099 5416
f 5758 5365 5369
f 7552 5367 5745
f 6795 5790 5390
f 5760 5755 5367
f 5760 5366 5755
f 5761 5376 5375
f 5761 5377 5376
f 5762 5371 5102
f 5762 5376 5371
f 7461 6600 5237
f 8591 6647 5763
f 7474 6629 5262
f 8609 5764 7389
f 7398 6606 5765
f 7383 5075 6414
f 7179 5361 6580
f 6595 6593 5066
f 7422 5257 6641
f 8519 5478 5689
f 5768 5379 5377
f 5768 5366 5379
f 5769 5379 5100
f 5769 5378 5379
f 5770 5378 5370
f 7182 5370 5730
f 5771 5380 5379
f 5771 5379 5378
f 5772 5379 5380
f 5772 5101 5379
f 7341 5170 6413
f 7447 5773 6414
f 6644 5774 5230
f 7432 5364 6612
f 7470 5413 5780
f 7523 5364 5757
f 7545 5745 5774
f 7426 6636 5230
f 8598 6672 5231
f 7419 6630 5069
f 7544 5077 5264
f 8624 5262 6614
f 5779 5376 5374
f 5779 5371 5376
f 7521 5780 5415
f 7524 5413 5746
f 7449 7173 5781
f 7394 6609 5170
f 8138 8084 5783
f 8006 6680 6674
f 8149 8133 6694
f 6691 6715 5630
f 7412 6639 5268
f 7403 6631 5256
f 6611 5428 5430
f 5785 5113 5428
f 7703 7368 6391
f 7558 7187 5168
f 6754 2449 6265
f 7487 6643 6592
f 8683 5787 7451
f 6258 6221 5214
f 8599 7435 5266
f 7437 5206 5808
f 6749 5207 5388
f 7476 6626 5262
f 8656 7446 6654
f 5790 5414 5035
f 5790 5759 5414
f 5791 5421 5384
f 5791 5384 5422
f 7494 5799 5792
f 7460 5016 5775
f 5793 5735 5428
f 5793 5422 5735
f 5794 5422 5384
f 5794 5035 5422
f 5795 5421 5420
f 6306 5798 5103
f 5796 5421 5113
f 5796 5420 5421
f 8650 7468 5797
f 8665 7466 5060
f 5798 5795 5418
f 5798 5421 5795
f 8675 7502 5799
f 7481 5106 5812
f 8616 5060 7448
f 7498 5062 5821
f 7504 5801 5800
f 8622 5201 7463
f 5385 6273 6271
f 6303 6306 5103
f 6798 5384 5421
f 6723 6721 5205
f 7636 5206 7443
f 5804 5790 5035
f 5805 5798 5418
f 5805 5103 5798
f 5806 5795 5111
f 5806 5418 5795
f 5807 5418 5404
f 5807 5381 5418
f 8659 5808 5273
f 7518 5808 5206
f 5828 5820 5106
f 5825 6794 5390
f 6791 5383 6792
f 7508 5810 5817
f 8680 5810 7500
f 1449 624 5404
f 6278 5811 6270
f 5804 6793 5390
f 8685 8676 5389
f 8676 5812 5389
f 5204 6731 5813
f 6724 5025 5803
f 6302 991 6283
f 6305 5381 1450
f 8687 5800 7451
f 8662 5202 7466
f 8674 5816 5386
f 8686 7502 5203
f 714 6279 6284
f 7486 5386 5812
f 8674 5062 5816
f 5818 6303 6281
f 6303 5382 6281
f 6282 5385 6274
f 5820 5809 5389
f 5820 5759 5809
f 8670 5208 5205
f 8653 8645 5205
f 5822 5389 6797
f 8685 5388 8676
f 8679 5823 5799
f 8675 5386 7502
f 6790 6280 1468
f 6269 5105 6788
f 5827 6258 6265
f 5214 6221 6259
f 5828 5415 5759
f 7521 5106 5780
f 8634 5274 6637
f 6732 5829 5211
f 6251 6214 5212
f 5965 5895 5883
f 7115 5861 5056
f 7691 5024 6415
f 7087 5177 6864
f 7011 5831 6824
f 7067 5832 5859
f 7115 5832 5861
f 7018 5878 5833
f 7025 5058 6824
f 6020 5853 5178
f 6017 5834 5863
f 7142 5191 5867
f 7866 5872 5188
f 7869 6876 5191
f 7871 5192 5833
f 6013 5178 5853
f 5944 5176 5880
f 5966 1481 5885
f 6038 6024 5051
f 6012 5163 5865
f 7872 5874 5839
f 5963 5839 5877
f 7861 5848 5937
f 7869 5840 6876
f 1810 6093 1627
f 5948 5176 5863
f 5945 5880 737
f 1531 5841 625
f 5977 5873 5842
f 5970 5896 649
f 5945 5842 5880
f 5942 5862 5843
f 5857 625 5841
f 6016 5843 5865
f 7131 5914 6907
f 7124 5881 5844
f 6020 5830 5853
f 7718 6864 5845
f 6139 5946 5174
f 5936 736 5850
f 5970 5846 5896
f 7872 5188 5874
f 6138 5174 5936
f 6116 5146 5953
f 7124 5145 5881
f 7864 5145 5960
f 6895 5881 5156
f 1620 782 5852
f 6136 5947 5850
f 5940 618 1498
f 1612 618 5940
f 5890 5146 5848
f 6118 5851 5144
f 5891 1496 781
f 1787 1496 5953
f 2840 1620 5852
f 6915 5887 5048
f 5956 768 5954
f 6117 5146 5890
f 6013 5853 5834
f 6018 5055 6014
f 7003 5854 5831
f 7046 5190 5860
f 7546 5864 5855
f 7385 6397 5179
f 6011 5856 5838
f 6014 5856 5834
f 6033 5857 5843
f 5942 5175 5862
f 5962 5871 5876
f 5978 5858 5176
f 7101 5859 5835
f 7868 7854 5056
f 7044 5833 6852
f 7018 5190 5878
f 7719 5861 5845
f 7718 5832 6864
f 6015 5838 5868
f 6011 5175 5856
f 5863 5856 5175
f 5863 5834 5856
f 6025 5869 5182
f 7551 5864 7546
f 6043 5163 6024
f 6810 5830 5845
f 7549 7166 5179
f 6033 625 5857
f 7097 5836 6869
f 5867 5191 5836
f 6025 5838 5869
f 6044 5868 6024
f 5869 5864 5182
f 5869 5055 5864
f 5870 5853 5830
f 5870 5055 5853
f 5958 5871 5837
f 5969 5961 5871
f 7865 5872 5835
f 7139 5872 5191
f 5978 5837 5858
f 5968 5173 5877
f 7868 5835 7854
f 7865 5188 5872
f 7116 5875 5836
f 7111 5021 6869
f 5950 649 5896
f 5951 5056 5861
f 5957 5876 5178
f 5968 5877 5871
f 5969 5839 5961
f 7139 5835 5872
f 7101 5190 5859
f 5964 5879 5151
f 6048 5022 5893
f 5959 5880 5841
f 5888 5175 5841
f 7126 5881 5849
f 7122 5881 5145
f 5959 737 5880
f 6092 1632 5897
f 6895 5844 5881
f 6873 5021 5875
f 6049 5081 5893
f 5974 5883 5895
f 6874 5153 5916
f 6072 5151 5893
f 5973 5885 5883
f 5965 1472 5895
f 7858 5848 5145
f 7859 7138 5147
f 7134 5887 5852
f 5888 5880 5176
f 5888 5841 5880
f 6915 5849 5887
f 6931 5849 6915
f 6117 5890 5851
f 6133 5046 5938
f 7122 5849 5881
f 7129 781 5887
f 6107 5280 5974
f 6091 5892 5985
f 5901 5893 5081
f 6049 5893 5022
f 6070 5291 5910
f 6051 5925 5894
f 6106 5971 5895
f 5967 1472 1560
f 5950 5896 5842
f 5977 5173 5873
f 6105 5990 5288
f 6086 5975 5897
f 6112 6077 923
f 6074 5898 5894
f 6050 5081 5905
f 5985 5892 5972
f 5981 5899 5902
f 6111 5985 5972
f 6109 5900 5990
f 6890 5286 5915
f 5901 5081 5286
f 6082 5899 5982
f 5981 5902 5291
f 5903 5286 5081
f 7108 5903 5284
f 6079 1632 923
f 6104 5288 5990
f 6080 5288 1637
f 5979 5929 5290
f 6083 5288 6080
f 6050 5905 5894
f 6051 5883 5925
f 6074 5291 5898
f 6089 5280 5971
f 5967 1560 1532
f 6075 5906 5981
f 6076 5907 5280
f 6032 6027 5908
f 6037 6029 5051
f 6113 5993 5924
f 6095 5909 5983
f 6052 5291 5902
f 6070 5910 5283
f 6082 5982 5911
f 5987 5911 5289
f 6879 5912 5152
f 7110 5048 5884
f 6081 5976 5913
f 6088 5290 5983
f 6917 6817 5155
f 7127 6904 5156
f 7860 6893 5282
f 6884 5915 5286
f 7867 6934 5915
f 6934 5047 5916
f 5917 5284 5283
f 5917 5285 5284
f 5988 5289 5911
f 6059 5289 5988
f 6094 5919 5986
f 6400 5346 5345
f 6929 5352 5346
f 6929 5921 5352
f 7135 5922 5285
f 7108 5286 5903
f 7063 6884 5282
f 6054 5924 5918
f 6009 5353 5932
f 5925 5907 5894
f 5925 5280 5907
f 1747 5926 1548
f 6102 5927 5983
f 5991 5904 5927
f 6105 5929 5990
f 6100 5353 5993
f 6067 6058 5932
f 6002 5931 5325
f 5999 5933 5354
f 6005 5933 6003
f 6005 5354 5933
f 6061 6060 5328
f 5994 5935 5353
f 5943 5936 5846
f 5955 5174 5946
f 5949 5937 5840
f 7859 5937 7138
f 6134 5938 5847
f 5938 5046 5847
f 6137 5847 5952
f 6132 5939 5174
f 1612 5940 5850
f 6136 5144 5947
f 5943 736 5936
f 6114 1499 5953
f 6115 768 1613
f 5942 5857 5175
f 5942 5843 5857
f 5943 5846 1595
f 5943 1595 736
f 5944 5873 5176
f 5944 5842 5873
f 5945 1524 5842
f 5945 737 1524
f 5955 5946 5846
f 6135 5173 5896
f 6132 5847 5939
f 6134 5144 5938
f 5948 5888 5176
f 5948 5175 5888
f 6137 5952 5188
f 7866 5840 5872
f 5950 5842 1524
f 5950 1524 649
f 5951 5876 5056
f 5951 5178 5876
f 5952 5949 5188
f 5952 5046 5949
f 6114 5953 5146
f 6118 5144 5954
f 5954 768 5941
f 5955 5936 5174
f 5955 5846 5936
f 5956 1498 768
f 5956 5144 1498
f 1612 5850 736
f 6115 1613 1499
f 5957 5858 5837
f 5957 5178 5858
f 5958 5873 5173
f 5958 5837 5873
f 5959 5841 1531
f 5959 1531 737
f 5960 5848 5146
f 5960 5145 5848
f 5961 5876 5871
f 5961 5056 5876
f 5962 5957 5837
f 5962 5876 5957
f 5963 5939 5839
f 5963 5174 5939
f 1622 5879 782
f 1622 1481 5879
f 5964 5852 782
f 5964 5151 5852
f 6093 5885 1627
f 5965 5883 5885
f 5966 5879 1481
f 5966 5022 5879
f 5967 5895 1472
f 6106 1532 5971
f 1810 1472 6093
f 5968 5958 5173
f 5968 5871 5958
f 5969 5877 5839
f 5969 5871 5877
f 5970 1595 5846
f 5970 649 1595
f 6089 5971 5897
f 6092 1532 1632
f 6079 5897 1632
f 6086 5892 5975
f 5973 5905 5022
f 5973 5883 5905
f 5974 5925 5883
f 5974 5280 5925
f 6076 5906 5907
f 5975 5892 5906
f 6083 6080 1556
f 5976 5906 5892
f 6084 5899 5981
f 5977 5896 5173
f 5977 5842 5896
f 5978 5873 5837
f 5978 5176 5873
f 5979 5913 5900
f 6090 5979 5290
f 6119 5904 5991
f 6085 5287 6087
f 6084 5981 5906
f 6075 5981 5291
f 5287 6078 5920
f 6090 5913 5979
f 6081 5899 5976
f 6085 6087 5904
f 6088 5983 5911
f 6103 5909 5988
f 6121 5984 5980
f 6122 5288 6083
f 6091 5985 5913
f 5985 5900 5913
f 5996 6120 622
f 5987 5902 5899
f 5987 5289 5902
f 6059 5988 5924
f 6113 5909 5993
f 6100 6096 5994
f 6104 5990 5926
f 6108 5900 6077
f 6119 5991 5929
f 5991 5290 5929
f 6096 6098 5994
f 6097 5909 6101
f 5994 5930 5935
f 6099 5997 910
f 5930 5994 6010
f 5928 5996 1659
f 1785 5996 622
f 1772 5997 1659
f 6120 5986 5920
f 6120 6094 5986
f 6097 6101 6100
f 5930 5999 5354
f 5325 6006 5997
f 6001 6004 6126
f 6000 6008 6002
f 6002 5325 6000
f 6005 5934 5354
f 6005 5328 5934
f 5327 5933 6010
f 6006 5995 5928
f 6009 5924 5353
f 6009 5918 5924
f 6010 5931 6002
f 5325 6004 6001
f 6011 5862 5175
f 6011 5838 5862
f 6012 5862 5163
f 6012 5843 5862
f 6013 5858 5178
f 6013 5834 5858
f 6014 5055 5838
f 6014 5838 5856
f 6015 5862 5838
f 6015 5163 5862
f 6016 1514 5843
f 6016 735 1514
f 6017 5858 5834
f 6017 5176 5858
f 6018 5853 5055
f 6018 5834 5853
f 6026 6019 5865
f 6022 735 6016
f 6042 6019 6023
f 1685 735 6019
f 6020 5845 5830
f 7719 5178 5861
f 6021 5865 5163
f 6026 5162 6019
f 6022 6019 735
f 6022 5865 6019
f 6035 6031 5158
f 6039 6023 5162
f 6046 5868 6028
f 6044 6024 5163
f 6025 5868 5838
f 6025 5182 5868
f 6026 6021 5162
f 6026 5865 6021
f 6039 5158 6023
f 6235 6036 5050
f 6028 5180 5051
f 6028 5182 5180
f 6038 5908 6024
f 6032 5160 6027
f 6030 6027 5160
f 6030 5158 6027
f 6031 6023 5158
f 6031 648 6023
f 6041 6031 734
f 6032 6029 5160
f 6032 5908 6029
f 6033 5843 1514
f 6033 1514 625
f 6034 5161 5160
f 6034 5159 5161
f 6035 5158 5157
f 6035 5157 734
f 6036 6030 5050
f 6036 5158 6030
f 7411 6037 5180
f 6037 5051 5180
f 6038 6029 5908
f 6038 5051 6029
f 6039 6027 5158
f 6039 5162 6027
f 6040 6027 5162
f 6040 5908 6027
f 6041 648 6031
f 6042 1685 6019
f 6042 648 1685
f 6043 6021 5163
f 6043 5908 6021
f 6044 6015 5868
f 6044 5163 6015
f 6045 5864 5055
f 6045 5855 5864
f 6046 6024 5868
f 6046 5051 6024
f 6047 5180 5182
f 7473 6401 5181
f 6048 5879 5022
f 6048 5151 5879
f 6049 5905 5081
f 6049 5022 5905
f 6050 5898 5081
f 6050 5894 5898
f 6051 5905 5883
f 6051 5894 5905
f 6052 5910 5291
f 6052 5029 5910
f 6053 5921 5029
f 6053 5289 5921
f 6055 5352 5921
f 6069 5918 6056
f 6055 6054 5352
f 6055 5289 6054
f 5935 5932 5353
f 5935 6067 5932
f 6056 5358 5352
f 6529 5097 6494
f 6067 5097 6058
f 6057 5934 5355
f 6057 6067 5934
f 6058 6056 5918
f 6058 5097 6056
f 6059 6054 5289
f 6059 5924 6054
f 6060 5934 5328
f 6060 5355 5934
f 6063 5328 6003
f 6061 5348 5355
f 6061 5032 5348
f 6062 5357 5097
f 6062 5355 5357
f 6063 6061 5328
f 6063 5032 6061
f 6066 6003 5327
f 6064 5340 5326
f 6064 6128 5340
f 6068 6126 6065
f 6066 6063 6003
f 6066 5326 6063
f 6067 6057 5097
f 6068 5327 6008
f 5354 6067 5935
f 6069 6054 5918
f 6069 5352 6054
f 5930 5354 5935
f 622 6120 1648
f 6070 5898 5291
f 6070 5283 5898
f 6071 5898 5283
f 6071 5081 5898
f 6072 5884 5151
f 6072 5153 5884
f 6073 5852 5151
f 7134 5048 5887
f 6074 5907 5291
f 6074 5894 5907
f 6075 5907 5906
f 6075 5291 5907
f 6076 5975 5906
f 6076 5280 5975
f 6110 6077 5972
f 6111 5900 5985
f 6078 5980 1556
f 6078 5287 5980
f 1747 1637 5288
f 6079 5972 5897
f 6110 923 6077
f 5287 5920 5986
f 1556 6080 1743
f 6080 1637 1743
f 6112 5926 6077
f 1750 1548 5926
f 6081 5982 5899
f 6081 5913 5982
f 6082 5987 5899
f 6082 5911 5987
f 6122 6083 5980
f 6083 1556 5980
f 6084 5976 5899
f 6084 5906 5976
f 6085 5980 5287
f 6121 5904 5984
f 6086 5972 5892
f 6086 5897 5972
f 6087 5927 5904
f 6087 5082 5927
f 6088 5982 5290
f 6088 5911 5982
f 6089 5975 5280
f 6089 5897 5975
f 6090 5982 5913
f 6090 5290 5982
f 6091 5976 5892
f 6091 5913 5976
f 1744 5920 6078
f 1744 1648 5920
f 6092 5971 1532
f 6092 5897 5971
f 6093 5965 5885
f 6093 1472 5965
f 5986 6087 5287
f 5986 5919 6087
f 6094 5992 5919
f 6095 6101 5909
f 6095 5927 6101
f 6120 5995 6094
f 6120 5928 5995
f 5989 5992 6096
f 5989 5919 5992
f 6100 5989 6096
f 6096 5992 6098
f 6097 5993 5909
f 6097 6100 5993
f 5992 5995 6098
f 5992 6094 5995
f 6098 6010 5994
f 6099 5998 5997
f 6099 910 5998
f 6100 5994 5353
f 5325 5997 5998
f 5998 1664 6004
f 5998 910 1664
f 5930 6010 5999
f 6101 5989 6100
f 6101 5082 5989
f 5997 6006 5928
f 5082 5919 5989
f 1772 910 5997
f 5928 1659 5997
f 6102 5991 5927
f 6102 5290 5991
f 6103 5983 5909
f 6103 5911 5983
f 6104 1747 5288
f 6104 5926 1747
f 6105 5984 5929
f 6105 5288 5984
f 6106 5967 1532
f 6106 5895 5967
f 6107 5971 5280
f 6107 5895 5971
f 6108 5990 5900
f 6108 5926 5990
f 6109 5979 5900
f 6109 5929 5979
f 6110 6079 923
f 6110 5972 6079
f 6111 6077 5900
f 6111 5972 6077
f 6112 1750 5926
f 6112 923 1750
f 6113 5988 5909
f 6113 5924 5988
f 1785 1659 5996
f 5920 1648 6120
f 5931 6098 6006
f 6114 5941 1499
f 6114 5146 5941
f 6115 5941 768
f 6115 1499 5941
f 6116 5960 5146
f 6116 1496 5960
f 1790 5953 1499
f 1790 660 5953
f 6117 5941 5146
f 6117 5851 5941
f 6118 5941 5851
f 6118 5954 5941
f 6119 5984 5904
f 6119 5929 5984
f 6120 5996 5928
f 6121 6085 5904
f 6121 5980 6085
f 6122 5984 5288
f 6122 5980 5984
f 6123 6004 1664
f 6123 1664 1800
f 5325 6001 6000
f 6007 6008 6000
f 6007 6068 6008
f 6124 6004 6123
f 6124 6126 6004
f 1800 1798 6123
f 6125 6123 1798
f 6125 1798 1808
f 6126 6068 6007
f 5327 6010 6002
f 6001 6126 6007
f 5327 6002 6008
f 6125 6124 6123
f 6130 5329 6128
f 6130 6127 6125
f 6006 6098 5995
f 6124 6127 6126
f 6124 6125 6127
f 6007 6000 6001
f 6128 5329 5339
f 6125 1808 6130
f 6129 5320 5329
f 6129 638 5320
f 6130 6128 6127
f 6128 6065 6127
f 1808 1806 6130
f 6129 6130 1806
f 6129 1806 638
f 6064 6131 6128
f 6129 5329 6130
f 6066 6068 6131
f 6066 5327 6068
f 6128 6131 6065
f 6068 6065 6131
f 6132 5947 5847
f 6132 5174 5947
f 6133 5890 5046
f 6133 5851 5890
f 6134 5947 5144
f 6134 5847 5947
f 6135 5946 5173
f 6135 5846 5946
f 6136 5940 5144
f 6136 5850 5940
f 6137 5939 5847
f 6140 5839 5939
f 6138 5947 5174
f 6138 5850 5947
f 6139 5963 5877
f 6139 5174 5963
f 6140 6137 5188
f 6140 5939 6137
f 7489 6226 5261
f 6187 5259 6169
f 8690 6228 6142
f 8639 6190 6142
f 6224 5250 6180
f 7516 5248 7391
f 8641 6144 6142
f 8639 5074 6190
f 6169 5259 6157
f 6241 6225 6145
f 6774 6758 6211
f 6174 5074 6173
f 6742 6298 5251
f 6728 6727 5251
f 8684 6184 6141
f 8648 5260 7493
f 6297 6149 5272
f 6738 6149 6294
f 6192 6171 6150
f 6775 6150 6194
f 6169 6157 5072
f 6804 6763 6177
f 6739 6181 6727
f 6774 6146 6758
f 6290 5247 6183
f 6802 6300 6769
f 6776 2429 1861
f 6764 6248 6147
f 6294 6149 6183
f 6153 6182 6807
f 6154 6293 6740
f 6801 6156 6191
f 6768 6759 1858
f 6800 6201 6151
f 6198 5259 6192
f 6763 6156 6177
f 2464 6759 633
f 6236 5050 5160
f 7496 6240 6230
f 6161 6157 5243
f 6202 6161 6164
f 6175 5244 6161
f 6203 6168 6165
f 6163 6145 5072
f 6241 5246 6225
f 6242 6176 5245
f 6166 6164 5244
f 6200 6162 6191
f 6199 5244 6175
f 1865 6165 828
f 6185 5242 6167
f 6186 5244 6168
f 6185 6167 5245
f 6233 5050 6227
f 6186 6168 5242
f 6187 6169 6145
f 6169 5072 6145
f 6170 6168 674
f 6170 5242 6168
f 6170 674 827
f 8690 6141 6228
f 8677 6171 6192
f 6172 5242 827
f 6229 5157 6167
f 6172 827 616
f 6173 6144 6143
f 6173 5074 6144
f 6174 6146 5074
f 6758 5249 6211
f 6199 6175 6162
f 6175 5243 6162
f 6176 6164 5245
f 6176 5072 6164
f 6805 6766 6177
f 6800 5243 6201
f 6200 6191 828
f 6760 6178 6194
f 6740 6153 2433
f 6772 2462 633
f 6761 5249 6224
f 6248 6180 5073
f 6770 5247 6296
f 6736 6295 6147
f 6808 6182 5251
f 6742 6153 6734
f 6785 6153 6735
f 6203 674 6168
f 2472 1866 6781
f 6807 6158 6781
f 6184 6148 6141
f 6184 5259 6148
f 6745 6219 5272
f 6765 6215 6206
f 6215 6290 6744
f 6185 6166 5242
f 6185 5245 6166
f 6186 6166 5244
f 6186 5242 6166
f 6187 6148 5259
f 6243 6145 6225
f 6728 6152 6727
f 6771 6188 6760
f 6806 6762 6189
f 6804 6769 6763
f 8684 6171 6184
f 8673 6190 5074
f 6768 6156 6759
f 2506 6191 1858
f 6198 6192 6151
f 6762 6150 6189
f 8673 6171 6190
f 6193 6150 6171
f 6194 6193 6146
f 6194 6150 6193
f 6195 6177 6156
f 6195 5243 6177
f 6783 6196 5210
f 6755 5210 6196
f 6247 6197 5275
f 6246 5073 6244
f 6198 6157 5259
f 6201 5243 6157
f 6199 6165 5244
f 6199 6162 6165
f 6200 6165 6162
f 6200 828 6165
f 6201 6198 6151
f 6201 6157 6198
f 6202 5072 6157
f 6202 6157 6161
f 6203 6165 1865
f 6203 1865 674
f 6786 2454 1902
f 6257 6204 5064
f 6255 5274 6216
f 6745 6741 6219
f 6782 6783 5210
f 6782 1889 1833
f 6205 1907 6756
f 6765 6206 6210
f 6783 6215 6196
f 6755 6207 6205
f 6264 5212 6214
f 1983 1907 6217
f 6295 6155 6209
f 6808 6209 5247
f 6779 6181 6209
f 6739 6727 6152
f 6210 6208 6207
f 6210 5212 6208
f 6210 6204 5212
f 6767 5249 6761
f 6733 6147 6181
f 6251 5213 6214
f 6252 6212 5211
f 6757 5827 6263
f 6782 5210 1889
f 6215 6783 6290
f 1889 5210 6755
f 6765 6196 6215
f 6732 5274 5829
f 6255 6216 5064
f 6206 6204 6210
f 6206 5064 6204
f 6205 6208 6264
f 6205 6207 6208
f 6726 6218 5275
f 6247 5272 6197
f 6297 6744 6149
f 6756 1907 1888
f 6743 6218 5274
f 6223 5272 6218
f 5827 6221 6258
f 6784 6221 6213
f 6222 5204 6725
f 6731 5213 5813
f 5063 5215 6259
f 6223 6220 6741
f 6223 6218 6220
f 8644 6224 6143
f 6224 5249 6143
f 6243 6225 6148
f 7517 6225 6231
f 6237 6148 6225
f 6226 6141 6148
f 6242 6160 6176
f 6232 6227 5161
f 6228 6226 5260
f 6228 6141 6226
f 6229 6172 5157
f 6229 5242 6172
f 6232 6160 6227
f 6234 5246 6163
f 7428 6231 5254
f 7497 6231 5246
f 6232 6230 6160
f 6232 5161 6230
f 6233 6167 5050
f 6233 5245 6167
f 7509 6230 6240
f 6234 6160 6230
f 6235 6167 5157
f 6235 5050 6167
f 6236 6227 5050
f 6236 5161 6227
f 6237 6226 6148
f 6237 5261 6226
f 6238 6172 616
f 6238 5157 6172
f 6238 616 734
f 6239 6230 5161
f 7496 5023 6240
f 7497 5254 6231
f 7173 5023 5781
f 6241 6163 5246
f 6241 6145 6163
f 6242 6227 6160
f 6242 5245 6227
f 6243 6187 6145
f 6243 6148 6187
f 8658 8632 8613
f 8618 6244 5250
f 6245 6244 5073
f 6245 5250 6244
f 6737 6246 6197
f 6246 5275 6197
f 6247 6218 5272
f 6247 5275 6218
f 6736 6155 6295
f 6730 5073 6249
f 6254 6249 6197
f 6737 5073 6246
f 6250 6216 5211
f 6257 5064 6216
f 6251 6212 5213
f 6256 6204 6212
f 6252 5813 5213
f 6252 5211 5813
f 6253 6222 5063
f 6253 5213 6222
f 6254 5272 6149
f 6254 6197 5272
f 6743 6220 6218
f 6255 5064 6220
f 6256 6251 5212
f 6256 6212 6251
f 6257 6250 6204
f 6257 6216 6250
f 6261 6754 6752
f 6754 6258 6752
f 2451 2452 6753
f 5209 6259 5061
f 5209 5214 6259
f 6260 6258 5214
f 6753 6286 2451
f 6287 6286 6753
f 6753 2452 6287
f 6751 6750 6269
f 6749 5388 6750
f 6262 6214 5063
f 6262 6264 6214
f 6264 6208 5212
f 2449 1983 6263
f 6747 5208 5810
f 6267 6286 6266
f 6267 2451 6286
f 6288 6289 6272
f 6790 6273 6280
f 6275 5383 5802
f 6271 6272 5104
f 6277 5811 5383
f 6273 5385 6280
f 6274 5802 6301
f 6267 6276 1957
f 6270 6277 5104
f 6277 6270 5811
f 6278 5390 5811
f 6275 6277 5383
f 6275 5104 6277
f 714 6284 1457
f 6282 6274 5819
f 1468 6279 714
f 6282 6280 5385
f 5819 6281 5824
f 6283 6284 5382
f 6282 5824 6280
f 6283 1457 6284
f 6283 991 1457
f 992 5826 6273
f 6284 6281 5382
f 6284 5824 6281
f 6788 6286 6269
f 6757 6213 5827
f 6754 6265 6258
f 6286 6287 6751
f 6267 1957 2451
f 6266 6268 6267
f 1977 1957 6276
f 6288 6272 6276
f 6290 6296 5247
f 6291 6209 6155
f 6291 5247 6209
f 6292 6205 6264
f 6742 6179 6298
f 6294 6291 6155
f 6294 6183 6291
f 6295 6181 6147
f 6295 6209 6181
f 6292 6264 6213
f 6292 6213 6217
f 6183 6744 6290
f 6183 6149 6744
f 5827 6213 6221
f 6782 1833 1987
f 6297 6219 6744
f 6297 5272 6219
f 6778 6188 6728
f 6777 6178 6760
f 6769 6179 6299
f 6279 6280 5824
f 6279 1468 6280
f 6271 5104 6275
f 5385 6271 6274
f 1977 5826 992
f 1977 6276 5826
f 6301 5819 6274
f 5819 6301 5818
f 6303 5818 6306
f 6274 6275 5802
f 6274 6271 6275
f 5814 6303 5103
f 5814 5382 6303
f 5814 6302 5382
f 6796 6301 6791
f 6305 5814 5381
f 6305 1450 991
f 6306 5421 5798
f 6302 6305 991
f 6302 5814 6305
f 6284 6279 5824
f 5819 5824 6282
f 5818 6281 5819
f 7653 5195 7335
f 7756 5019 7343
f 7889 7782 6411
f 7853 7803 5052
f 7755 7198 6449
f 7650 5196 7210
f 7724 6382 7696
f 7668 6310 6415
f 7709 7157 5122
f 7346 6311 5119
f 7687 5447 5529
f 7781 5195 5447
f 7747 6307 7362
f 7757 5447 6307
f 7749 7738 6944
f 7787 5460 5529
f 7550 6315 6379
f 7548 5179 6396
f 7205 5546 6421
f 7842 7167 7819
f 6997 6467 5128
f 6957 6462 5041
f 7095 6858 6318
f 6872 6318 6863
f 6954 6474 6319
f 6992 6472 5128
f 7726 7000 6428
f 7008 5042 6949
f 7374 6321 6477
f 7375 6448 5118
f 7047 6822 6322
f 6982 5014 6811
f 7758 6950 5132
f 6469 6323 5130
f 6983 5311 6426
f 7042 6324 6939
f 6891 6847 5124
f 7743 6951 5126
f 7065 6855 6405
f 7010 6892 6390
f 6984 6469 5132
f 7375 6327 6448
f 7042 6939 5308
f 7084 5308 6939
f 6901 6378 5200
f 7024 6836 6402
f 7031 6859 6475
f 6902 6330 6479
f 6331 5313 5088
f 6332 6331 5311
f 6977 6938 6332
f 6976 5042 6324
f 7012 5309 6941
f 6815 5309 6811
f 7105 6888 6829
f 6911 6471 6334
f 6938 5313 6332
f 6335 5089 5313
f 7855 6883 5150
f 6891 6336 6847
f 6337 5314 5313
f 6337 5312 5314
f 6853 5185 6463
f 7118 6919 6835
f 6339 5316 5088
f 6339 5314 5316
f 7137 6340 5345
f 6922 6340 6921
f 6877 6832 6341
f 7121 5080 6935
f 6342 5342 5344
f 6947 6946 5089
f 7059 5281 6886
f 6831 5309 6815
f 6344 5300 5087
f 6365 6344 5306
f 6979 6850 5014
f 7080 6848 5148
f 6346 5315 5317
f 6346 5316 5315
f 6347 5316 5314
f 6347 5314 5302
f 6348 5316 5086
f 6348 5315 5316
f 6840 6814 6349
f 7107 6898 5049
f 7642 5343 5031
f 7642 5031 6350
f 6351 5371 5087
f 6351 5301 5371
f 6373 5303 5304
f 6352 5300 5303
f 6353 6348 5086
f 6353 5307 6348
f 7071 6849 6491
f 7028 6857 5057
f 6922 6921 5344
f 6407 6357 5095
f 6356 5344 5343
f 6356 5343 5312
f 6357 6355 5095
f 6357 5344 6355
f 6935 5345 6340
f 6358 5285 5345
f 6866 5148 6828
f 7052 6813 5281
f 7004 6816 6871
f 7873 5150 6966
f 6551 5351 6369
f 6372 5031 5351
f 6545 5356 5475
f 6362 5343 5356
f 6363 5347 5332
f 6363 5332 5299
f 6364 5302 5314
f 6364 5031 5302
f 6365 5306 5303
f 6365 5303 5300
f 6366 5304 5303
f 6366 5302 5304
f 6916 6473 6367
f 6908 6471 5185
f 6368 5357 5355
f 6368 5355 5348
f 6553 5349 6499
f 6556 5096 6371
f 6371 5096 5348
f 6370 5336 5349
f 6371 6370 5349
f 6371 5348 6370
f 6372 6361 5304
f 6372 5351 6361
f 6373 6352 5303
f 6373 5085 6352
f 7385 6315 6397
f 7671 6374 7369
f 7710 7369 5479
f 7880 6375 7162
f 7672 5719 7187
f 7662 6376 7333
f 6967 6377 6329
f 6899 5197 6404
f 6900 6378 6329
f 6967 5059 6377
f 7473 5727 6401
f 7405 6379 5053
f 7740 6309 7366
f 7350 5197 6377
f 7405 5727 6379
f 7480 7408 5172
f 6865 6384 6382
f 6973 6382 6310
f 6900 5200 6378
f 6827 6820 6383
f 7023 6836 5199
f 7715 6812 6384
f 7411 5159 6037
f 7478 5023 6239
f 7057 7019 6349
f 6840 5155 6814
f 7480 6385 7408
f 7479 5159 7411
f 7091 6846 5184
f 6930 6856 5021
f 6996 6326 6851
f 6966 6389 6834
f 6986 6839 6326
f 7106 6390 5124
f 7708 7361 6391
f 7754 7352 6391
f 6910 6812 5199
f 7141 6867 5198
f 6913 6882 6392
f 7717 5058 6830
f 7715 5189 6812
f 7003 5177 5854
f 7130 5155 6927
f 7053 5149 6349
f 7727 5866 6998
f 6396 5179 5866
f 7549 5855 7166
f 7551 7546 5181
f 6868 6388 6830
f 6894 6843 6398
f 6896 6399 6398
f 6894 5184 6843
f 6400 5922 5346
f 6400 5285 5922
f 6401 6047 5181
f 6401 5180 6047
f 7050 6383 6857
f 7144 6827 5199
f 7401 6403 5726
f 7423 5172 6381
f 6910 6384 6812
f 7729 6382 6384
f 6980 6818 6326
f 6914 6911 5183
f 6406 5358 5095
f 6924 5346 5352
f 6407 5356 5343
f 6407 5095 5356
f 7712 5742 6423
f 7573 6408 7264
f 7848 7845 5442
f 7347 5059 6417
f 7553 5168 7190
f 7877 7795 7248
f 7686 6309 7183
f 7764 7198 5464
f 7712 6423 7191
f 7558 6412 7187
f 7647 5726 7333
f 7631 5170 7450
f 7428 5261 6231
f 7387 6414 5075
f 7753 7377 6375
f 7690 6310 7162
f 7563 5722 7264
f 7628 7275 5255
f 7761 5456 7760
f 6964 5059 6378
f 7394 5773 6609
f 8596 7388 5255
f 8641 5248 6144
f 7515 7391 5028
f 7772 5786 7219
f 7703 5479 7368
f 7575 5742 7189
f 7533 5742 7188
f 7660 6412 7338
f 7688 7339 5479
f 7557 5700 7185
f 7287 5501 5700
f 6901 5456 6378
f 6994 5187 6427
f 6862 5186 6464
f 7058 6837 5040
f 6426 5311 5310
f 6426 5310 5130
f 7760 5456 6427
f 6968 5187 6450
f 7723 6991 6428
f 7730 6952 5131
f 7843 5590 7200
f 7768 7675 5464
f 7654 6327 6441
f 7700 5018 7168
f 6431 5298 5018
f 6431 5310 5298
f 6432 5317 5298
f 6432 5298 5310
f 7029 6318 6465
f 7725 5125 6942
f 7079 5480 6968
f 7738 6434 6944
f 7336 6435 5728
f 7353 6435 5118
f 7759 5512 7345
f 7758 6436 6950
f 7788 5590 6308
f 7846 6437 7335
f 7892 5486 7364
f 7770 7354 5141
f 7673 6314 7343
f 7831 7812 7682
f 7251 5590 6437
f 7785 5448 6444
f 7775 5512 6436
f 7340 5118 6435
f 7009 5468 6944
f 6995 5128 6462
f 6452 5037 5120
f 6443 5298 5297
f 7807 7800 6444
f 7807 5594 7800
f 7036 5480 6965
f 6445 5194 5480
f 6943 6320 6447
f 7731 7000 5131
f 7015 5042 6943
f 6958 5126 6939
f 7373 6321 6454
f 7681 6448 7168
f 7708 5786 7361
f 7773 7219 5464
f 6972 6450 5495
f 6905 6450 5187
f 6451 5317 5084
f 6451 5298 5317
f 6452 6443 5297
f 6452 5120 6443
f 6453 5317 5315
f 6453 5084 5317
f 7353 5728 6435
f 7344 5119 6311
f 6455 6372 5304
f 6455 5031 6372
f 7912 7367 5460
f 7895 5142 7159
f 7355 5728 6311
f 7778 7336 5141
f 7250 5622 7159
f 7252 5143 7161
f 7810 5494 7806
f 7796 5141 6457
f 6957 5483 6462
f 7891 6460 7364
f 6984 6323 6469
f 6960 5131 6446
f 7752 6317 6950
f 6956 6462 5128
f 7033 6367 6862
f 6860 6463 5185
f 7076 6838 6464
f 6854 5186 6479
f 7074 6969 6822
f 7083 6855 6318
f 6992 6442 6472
f 7006 5468 6948
f 7736 6956 6317
f 7751 6988 5131
f 7058 5495 6837
f 7082 5129 6965
f 6469 6430 5132
f 6469 5130 6430
f 7726 6320 7000
f 7047 5125 6822
f 7007 6860 6367
f 6914 6471 6911
f 6997 6319 6467
f 6954 5490 6474
f 7040 6473 6425
f 7016 5183 6858
f 6985 6433 6975
f 7048 6474 5490
f 7077 6903 6330
f 7070 5057 6845
f 7669 5122 7157
f 7360 6476 5119
f 7360 5116 6476
f 7175 5037 5115
f 7676 5483 6460
f 6961 5468 6466
f 6905 5495 6450
f 6912 5186 6837
f 6480 5306 5305
f 6480 5307 5306
f 7174 5293 5115
f 6481 5297 5293
f 6482 5373 5030
f 6482 5305 5373
f 6483 5293 5297
f 6483 5295 5293
f 6484 5307 5030
f 6486 6484 5294
f 7102 6354 6853
f 7140 6849 5198
f 6486 5315 5307
f 6486 5294 5315
f 6487 5363 5296
f 6487 5030 5363
f 6488 5295 5294
f 6488 5296 5295
f 6489 5362 5083
f 6489 5296 5362
f 6490 5306 5086
f 6490 5303 5306
f 7099 6843 6388
f 7143 6870 5198
f 7103 6338 6898
f 7118 5184 6919
f 7117 6892 6336
f 7075 6325 6847
f 6494 5476 5358
f 6494 5357 5476
f 6507 6506 5092
f 6503 6496 5094
f 6496 6495 5332
f 6496 5331 6495
f 6499 6497 5347
f 6497 5094 5347
f 6498 5347 5094
f 6498 5332 5347
f 6553 6499 5350
f 6499 5347 5350
f 6510 5338 5336
f 6500 5326 5338
f 6501 5341 5093
f 6502 6501 5340
f 6502 5339 5341
f 6514 6128 5339
f 6511 6503 5337
f 6513 5094 5336
f 6504 5326 5340
f 6504 5338 5326
f 6505 6501 5093
f 6505 5338 6501
f 6506 6495 5331
f 6506 5330 6495
f 6507 5397 5330
f 6516 6507 5092
f 6508 5476 5357
f 6508 5356 5476
f 6518 5334 5335
f 6509 5331 5334
f 6510 6500 5338
f 6510 5032 6500
f 6519 6517 5093
f 6511 5334 5331
f 6512 5337 5336
f 6512 5336 5338
f 6513 6503 5094
f 6513 5337 6503
f 6514 6502 5340
f 6514 5339 6502
f 6515 6511 5337
f 6515 5334 6511
f 6516 5401 5397
f 6516 5092 5401
f 6517 6515 5093
f 6517 5334 6515
f 6518 6509 5334
f 6518 5092 6509
f 6523 6519 5341
f 6519 5093 5341
f 6520 5401 5092
f 6522 6520 5335
f 6521 5335 5334
f 6528 6524 5033
f 6522 5402 5401
f 6522 5335 5402
f 6537 5090 5323
f 6523 5324 5333
f 6524 6521 5333
f 6524 5335 6521
f 6525 5410 5109
f 6525 5402 5410
f 6526 6523 5341
f 6526 5324 6523
f 6533 5339 5320
f 6527 5341 5339
f 6528 5402 5335
f 6531 6528 5033
f 6529 6056 5097
f 6529 5358 6056
f 6530 909 5321
f 6530 5320 909
f 6531 5392 5402
f 6531 5033 5392
f 6539 6536 5324
f 6532 5333 5324
f 6533 6527 5339
f 6533 5090 6527
f 6534 5410 5402
f 6534 5402 5392
f 6535 5410 5107
f 6535 5412 5410
f 6536 6532 5324
f 6536 5033 6532
f 6537 6526 5090
f 6537 5324 6526
f 6538 5393 5392
f 6538 5322 5393
f 6539 5323 5322
f 6539 5324 5323
f 6540 5394 5107
f 6540 5393 5394
f 6541 6535 5107
f 6541 5395 6535
f 6542 5475 5357
f 6542 5096 5475
f 6543 5475 5096
f 6543 5351 5475
f 6544 5394 994
f 6544 994 5395
f 6545 6362 5356
f 6545 5351 6362
f 6546 5350 5347
f 6555 5085 6361
f 6547 5401 5399
f 6547 5397 5401
f 6548 5399 5401
f 6548 5109 5399
f 6549 5299 5332
f 6549 5017 5299
f 6550 5405 5395
f 6550 644 5405
f 6550 994 644
f 6551 6361 5351
f 6551 5350 6361
f 6552 5412 5411
f 6552 5410 5412
f 6553 6369 5349
f 6553 5350 6369
f 6554 5330 5397
f 6554 5396 5330
f 6555 6546 5085
f 6555 5350 6546
f 6556 6369 5096
f 6556 5349 6369
f 6557 5396 5017
f 6557 5330 5396
f 6561 5108 5399
f 6558 5398 5400
f 6559 5411 5409
f 6559 5409 5398
f 6562 5412 5405
f 6560 5411 5412
f 6561 6558 5400
f 6561 5399 6558
f 6562 6560 5412
f 6562 5110 6560
f 6563 5396 5372
f 6563 5017 5396
f 6564 6563 5301
f 6564 5017 6563
f 6565 6363 5299
f 6565 5085 6363
f 6566 6361 5085
f 6566 5304 6361
f 6571 5114 5427
f 6567 5419 5429
f 6568 6567 5036
f 6568 5419 6567
f 6569 5420 5419
f 6569 5407 5420
f 6570 5420 5407
f 6570 5111 5420
f 6571 6567 5429
f 6571 5427 6567
f 6572 6568 5036
f 6572 5407 6568
f 6573 6567 5427
f 6573 5036 6567
f 6574 5426 5400
f 6574 5400 5427
f 6575 5426 5423
f 6576 5108 5400
f 6576 6575 5108
f 6576 5426 6575
f 6577 5409 5036
f 6577 5398 5409
f 6578 5408 5407
f 6578 5409 5408
f 7426 5776 6636
f 7417 5231 6630
f 7643 5296 5363
f 6590 6580 5361
f 7538 6581 5277
f 7596 6669 5078
f 7452 6582 5725
f 8581 8577 5071
f 8543 6583 8523
f 8532 6649 8523
f 8518 5510 7273
f 7234 5469 5676
f 7258 5221 5599
f 7348 6585 5216
f 7619 7263 5222
f 7540 5220 7171
f 6587 6580 5362
f 6587 5098 6580
f 7464 6641 5724
f 8631 8551 6588
f 6589 5380 5098
f 6589 5363 5380
f 7178 5083 5362
f 6590 5361 5359
f 6591 5216 5066
f 7348 5221 6585
f 8655 7446 5787
f 7436 5016 5792
f 6593 5766 5220
f 6593 5361 5766
f 6594 5380 5363
f 6594 5373 5380
f 6595 5359 5361
f 6595 5066 5359
f 7604 5684 7231
f 8565 5054 7557
f 8551 5256 7453
f 7598 5258 6661
f 8585 5278 6618
f 7412 6598 6639
f 7461 5503 6600
f 8533 6599 5487
f 8591 6600 6647
f 8582 6647 6600
f 7464 5765 6641
f 8626 6601 7598
f 8600 7384 6602
f 8611 7389 5231
f 7379 6603 5721
f 6662 5233 6623
f 8607 7458 6604
f 7506 5260 6634
f 7400 6605 5777
f 6663 5234 6625
f 7209 6606 5767
f 7242 5255 6416
f 8621 5763 6672
f 7467 5237 6600
f 8593 8584 5765
f 8597 7398 5255
f 7450 5781 6403
f 7449 5254 7173
f 7420 6610 5365
f 6610 5369 5365
f 6611 5785 5428
f 6611 5429 5785
f 6612 5775 5016
f 6612 5364 5775
f 8557 5725 7441
f 7618 6613 5263
f 8624 6666 5262
f 7625 7431 5060
f 7635 6670 5279
f 6671 5268 6581
f 7526 7430 5276
f 7634 6598 7565
f 7618 5725 6613
f 7452 5236 6582
f 7630 5276 6650
f 6670 6618 5278
f 8594 8579 6619
f 8583 7444 5071
f 8602 7503 6620
f 8599 6620 7435
f 7484 6621 5778
f 8579 5778 7472
f 8602 5279 7503
f 8660 5266 7437
f 7399 5729 7171
f 7381 5233 7169
f 7490 6624 6579
f 7520 5231 7417
f 7561 5721 6627
f 8588 7379 5234
f 7477 5789 6614
f 8671 7492 6626
f 6627 5730 5235
f 6627 5027 5730
f 8618 5250 7430
f 8658 5079 8632
f 7476 5764 6626
f 8601 5071 7409
f 7595 7440 5777
f 8614 7400 5231
f 8654 5784 7471
f 7418 6631 5268
f 7403 5511 6631
f 7528 5269 5613
f 8530 5767 7186
f 7209 5257 6606
f 7387 5261 6414
f 7489 5260 6226
f 8513 8505 5621
f 8505 5070 6635
f 7420 5069 6610
f 7419 5776 6630
f 8632 5275 8613
f 6726 5274 6218
f 8547 5487 6599
f 7623 5238 6635
f 8561 7418 5784
f 7475 6639 6598
f 7392 6625 5721
f 7595 6640 7440
f 8552 6588 8551
f 7632 5257 7274
f 7534 5698 7169
f 8544 6642 8543
f 7425 6579 5776
f 7490 5232 6624
f 6644 6636 5365
f 6644 5230 6636
f 8580 6603 6648
f 8550 6649 8532
f 8340 5510 5676
f 7253 6646 7241
f 8592 6647 6605
f 8590 6647 5234
f 8582 5234 6647
f 8588 6603 7379
f 8572 5712 8514
f 8513 5070 8505
f 8585 6618 6650
f 7565 5276 7386
f 8399 5500 5628
f 8416 8411 7301
f 7626 5268 7415
f 7621 6652 5078
f 7514 5784 7475
f 8636 7471 5258
f 8689 7492 5789
f 7510 5201 7448
f 8554 5503 8541
f 8556 8553 6655
f 8536 6638 5487
f 8536 5487 6656
f 7542 6657 5723
f 7562 5263 6613
f 6667 5723 5264
f 7537 6658 7424
f 7427 6659 6615
f 7537 7424 5277
f 7580 5690 5702
f 8514 5493 7583
f 7499 6419 6634
f 8587 5258 6653
f 8630 8629 6603
f 6662 5721 6603
f 8590 6605 6647
f 6663 5777 6605
f 7457 6615 6658
f 7503 6664 6620
f 7442 6665 5720
f 7456 5263 6657
f 8589 5778 7444
f 7484 5265 6621
f 6667 6658 5723
f 6667 5077 6658
f 7596 5720 6669
f 7589 5513 6665
f 7621 6581 6652
f 8546 5277 6581
f 7433 6615 6664
f 7427 5278 6659
f 6671 6659 5278
f 6671 6581 6659
f 8614 6605 7400
f 8592 5763 6647
f 8030 6715 6675
f 8007 6673 6708
f 8733 8749 8044
f 8047 6676 8000
f 6714 5782 6679
f 8073 5630 6674
f 8116 8011 5542
f 8388 5538 5655
f 8152 6677 8022
f 8005 6677 5436
f 6691 6678 6675
f 8008 6678 5432
f 8172 6679 6674
f 8006 6679 8000
f 8731 5634 6680
f 8020 5783 8018
f 8142 6681 8007
f 8070 8004 8011
f 8006 8000 5431
f 8065 7998 6683
f 8042 8037 5432
f 8159 5532 6694
f 8163 6684 8157
f 8071 5679 6703
f 8147 6685 7268
f 7984 6686 5645
f 7975 6686 5137
f 7998 6677 6683
f 8125 8092 5461
f 8072 6687 7982
f 8315 5466 7304
f 8303 5539 5585
f 8193 7989 8173
f 8480 8170 8162
f 8445 5521 7225
f 8456 5521 7329
f 6691 6675 6715
f 6691 5634 6678
f 8153 5782 8084
f 8140 6719 5538
f 8177 6693 5620
f 8170 6693 8162
f 8149 5515 8133
f 8138 5532 8084
f 7913 5462 5646
f 6695 5450 5462
f 8154 7993 5618
f 8158 5224 6704
f 8049 5641 7326
f 8372 5548 8230
f 7916 7911 5166
f 8051 5604 7915
f 8119 7269 8117
f 8214 6700 5470
f 8238 6700 6651
f 8015 7315 5679
f 8029 5618 8002
f 8182 5612 8179
f 8168 5224 7330
f 8131 8097 6705
f 7987 7262 5015
f 8121 6706 5642
f 8097 5435 6705
f 8205 6707 5527
f 8225 6707 5550
f 8151 5640 6684
f 8135 5568 7993
f 7966 5550 6686
f 7979 5135 5717
f 8171 5620 8163
f 8181 5647 6693
f 7954 6711 5633
f 7960 7311 5455
f 8251 5545 8200
f 8212 6712 8199
f 7987 5642 7262
f 8121 5443 6706
f 8020 8018 5630
f 8172 6714 6679
f 8058 6681 8020
f 8053 6673 8007
f 8140 6676 6719
f 8052 5542 8004
f 8008 6675 6678
f 8152 8022 6717
f 8144 5618 7993
f 8002 5436 7944
f 8741 8752 8695
f 6719 6692 5538
f 6719 5782 6692
f 6720 5625 5440
f 8204 5533 8198
f 734 2413 6041
f 2413 648 6041
f 2464 1858 6759
f 2506 828 6191
f 6721 5803 5205
f 6721 5204 5803
f 6723 5205 5208
f 6723 5208 6722
f 6723 6722 5061
f 6724 5813 5025
f 6222 6725 5215
f 5215 6725 5061
f 6726 6637 5274
f 6726 5275 6637
f 6723 6725 6721
f 6723 5061 6725
f 6728 6188 6152
f 6778 6728 5251
f 6729 5829 5025
f 6729 5211 5829
f 6730 6248 5073
f 6730 6155 6248
f 6731 6222 5213
f 6731 5204 6222
f 6732 6216 5274
f 6732 5211 6216
f 6733 6211 6147
f 6733 6152 6211
f 6742 6734 6293
f 6734 6740 6293
f 2487 6735 1866
f 6770 6296 6182
f 6296 6807 6182
f 5204 5813 6724
f 6785 6735 2430
f 6742 6182 6153
f 6742 5251 6182
f 5215 5061 6259
f 6736 6248 6155
f 6736 6147 6248
f 6737 6249 5073
f 6737 6197 6249
f 2433 2429 6740
f 6738 6249 6149
f 6738 6155 6249
f 6808 6779 6209
f 6739 6733 6181
f 6739 6152 6733
f 6740 6734 6153
f 6741 6220 5064
f 6153 6807 6735
f 6742 6293 6179
f 6743 6255 6220
f 6743 5274 6255
f 6744 6206 6215
f 6744 6741 6206
f 6745 6223 6741
f 6745 5272 6223
f 5209 6746 6260
f 6747 6746 5208
f 6749 6750 6751
f 6746 6747 5207
f 6748 5207 6749
f 6722 6746 5209
f 6722 5208 6746
f 6261 6751 6287
f 6752 5207 6748
f 6749 6751 6748
f 6750 5822 5105
f 6205 6292 6217
f 6288 6276 6267
f 6268 6288 6267
f 6268 6289 6288
f 6286 6268 6266
f 6751 6261 6748
f 6752 6748 6261
f 2449 6263 6265
f 6261 6287 6754
f 6263 5827 6265
f 6787 1888 2454
f 6258 6260 6752
f 2452 2449 6287
f 6787 2454 6205
f 2454 6755 6205
f 6786 6755 2454
f 6757 6217 6213
f 6757 6263 6217
f 6758 6174 5249
f 6758 6146 6174
f 6772 6159 2462
f 6773 6156 6763
f 6777 6760 6188
f 6771 6760 6146
f 6776 6154 2429
f 6767 6761 6147
f 6764 6180 6248
f 6762 6192 6150
f 6762 6151 6192
f 6773 6763 6159
f 6764 6761 6180
f 6764 6147 6761
f 6802 6189 6300
f 6806 6151 6762
f 6767 6211 5249
f 6767 6147 6211
f 6768 6191 6156
f 6768 1858 6191
f 2472 6781 1987
f 6769 6300 6179
f 6770 6808 5247
f 6770 6182 6808
f 6771 6146 6152
f 6771 6152 6188
f 6772 6759 6159
f 6772 633 6759
f 6773 6759 6156
f 6773 6159 6759
f 6293 6299 6179
f 6293 6154 6299
f 6774 6152 6146
f 6774 6211 6152
f 6808 5251 6727
f 6298 6300 6178
f 6298 6179 6300
f 6775 6189 6150
f 6803 6178 6300
f 6776 2462 6154
f 6776 1861 2462
f 6777 6298 6178
f 6777 6188 6298
f 6778 6298 6188
f 6778 5251 6298
f 6779 6727 6181
f 6779 6808 6727
f 6154 6740 2429
f 6780 6296 6290
f 6781 6735 6807
f 6781 1866 6735
f 6158 6783 6782
f 2487 2430 6735
f 6780 6290 6783
f 6780 6783 6158
f 6784 5063 6259
f 6784 6259 6221
f 6784 6262 5063
f 6784 6213 6262
f 6785 2433 6153
f 6785 2430 2433
f 6786 2456 6755
f 6786 1902 2456
f 6787 6756 1888
f 6787 6205 6756
f 1889 6755 2456
f 6268 6286 6788
f 6789 6285 6270
f 6789 6788 6285
f 6789 6289 6268
f 6789 6270 6289
f 6272 6289 5104
f 6273 6272 6271
f 6273 5826 6272
f 6790 992 6273
f 6790 1468 992
f 6289 6270 5104
f 6796 6791 5794
f 6792 5804 5035
f 6793 5811 5390
f 6793 5383 5811
f 6797 5809 5825
f 6795 5759 5790
f 6794 5809 5759
f 6795 6794 5759
f 6795 5390 6794
f 5825 5390 6278
f 5802 6791 6301
f 5802 5383 6791
f 6796 6304 6301
f 6796 5384 6304
f 5804 5390 5790
f 6793 6792 5383
f 6793 5804 6792
f 6797 5825 6285
f 6278 6285 5825
f 6278 6270 6285
f 6285 5105 6797
f 6798 6304 5384
f 6798 5818 6304
f 6798 6306 5818
f 6798 5421 6306
f 6799 5807 624
f 6799 5381 5807
f 6800 6177 5243
f 6805 6151 6766
f 6801 6195 6156
f 6801 6162 6195
f 6802 6766 6189
f 6802 6769 6766
f 6803 6775 6178
f 6803 6189 6775
f 6154 6159 6299
f 6299 6763 6769
f 6299 6159 6763
f 6804 6766 6769
f 6804 6177 6766
f 6805 6800 6151
f 6805 6177 6800
f 6806 6766 6151
f 6806 6189 6766
f 6807 6296 6158
f 6782 6781 6158
f 6782 1987 6781
f 6780 6158 6296
f 6987 6809 6394
f 7720 5866 6881
f 7165 5866 5179
f 7061 6881 5177
f 6875 6815 6811
f 6875 6333 6815
f 7001 6812 6393
f 6989 6812 5189
f 6886 6359 6341
f 7080 6813 6848
f 6999 6814 6395
f 7064 6814 5155
f 6831 6815 5281
f 7052 6333 6813
f 6937 6816 6360
f 6887 6345 6360
f 6926 5914 6904
f 6928 5154 6907
f 6981 6818 6405
f 7065 5124 6855
f 6933 6341 6826
f 6877 5342 6832
f 6913 6820 6882
f 7144 6820 6827
f 7061 6394 6881
f 6987 5189 6809
f 7074 5124 6969
f 6975 6433 6465
f 7060 6325 6842
f 6955 5126 6951
f 6989 6393 6812
f 7038 6824 5058
f 6986 6389 6839
f 7005 5049 6861
f 7096 5923 5284
f 7078 6826 6878
f 7023 6402 6836
f 7034 6827 6383
f 7860 6828 6893
f 7857 6893 6828
f 6908 6334 6471
f 6897 5049 6825
f 7717 6885 5058
f 7035 6388 6870
f 6831 6343 5309
f 7021 6831 5281
f 7021 6343 6831
f 7041 5342 6946
f 6936 6833 6386
f 6920 5154 6817
f 7874 6844 6834
f 7057 6834 7019
f 7098 6889 6835
f 7112 6925 5154
f 7017 6404 6910
f 7049 6329 6899
f 7045 6837 6425
f 7040 5186 6473
f 7028 6475 6857
f 7032 6330 6903
f 6980 6390 6818
f 7010 5150 6892
f 6917 6386 6817
f 7081 6840 6349
f 7014 6841 6485
f 7039 6841 5057
f 6979 6493 6850
f 7089 6493 6979
f 7093 6843 6491
f 7090 6843 5184
f 7855 6360 6883
f 7085 5149 6871
f 7007 6463 6860
f 7069 5057 6841
f 7090 6491 6843
f 7071 6354 6849
f 6969 6322 6822
f 7062 6325 7056
f 6848 6345 5148
f 6848 6333 6345
f 7141 6485 6867
f 7014 6354 6841
f 6850 6333 5014
f 6850 6345 6333
f 7022 6851 6405
f 6981 6326 6818
f 7862 5058 7044
f 7863 5192 6868
f 7020 6853 6492
f 7066 6354 6846
f 6854 6464 5186
f 7076 6330 6838
f 6855 6465 6318
f 7094 5124 7074
f 6932 6399 6896
f 7113 6918 5154
f 7039 6485 6841
f 7104 6383 6867
f 7083 6405 6855
f 7022 5183 6851
f 7034 6402 6827
f 7051 5200 6900
f 6860 6471 6367
f 6860 5185 6471
f 7081 6386 6840
f 6936 5049 6833
f 6862 6473 5186
f 6862 6367 6473
f 7073 5490 6962
f 7043 5040 6863
f 6864 6810 5845
f 6864 5177 6810
f 6865 6809 5189
f 6865 6382 6809
f 6866 6359 5148
f 6866 5282 6359
f 6867 6820 5198
f 6867 6383 6820
f 7099 6398 6843
f 7100 6868 5192
f 7100 6398 6868
f 6932 6896 5021
f 7140 6491 6849
f 7093 6388 6843
f 7092 6395 6880
f 7053 6349 6814
f 7095 6425 6858
f 7045 5040 6837
f 7120 5882 6907
f 6873 5844 5882
f 6874 5884 5153
f 6874 5152 5884
f 6875 5014 6333
f 6875 6811 5014
f 6876 5836 5191
f 7116 5147 5875
f 7128 6819 6340
f 6877 6341 6819
f 6878 6359 5282
f 6878 6341 6359
f 7064 6395 6814
f 7136 5152 6880
f 6880 5916 5047
f 6880 5152 5916
f 7728 6810 5177
f 7716 6881 5866
f 7013 6882 6393
f 7001 5199 6812
f 6974 6883 6493
f 7856 6345 6850
f 6884 5923 5282
f 6884 5286 5923
f 7038 6393 6824
f 7013 6392 6882
f 6886 6813 6359
f 6886 5281 6813
f 7002 6816 6828
f 6887 6360 6816
f 7072 6888 6492
f 7020 5185 6853
f 7091 6492 6846
f 7072 6338 6888
f 6890 5901 5286
f 6890 5153 5901
f 7117 6390 6892
f 6891 5124 6390
f 6892 6493 6336
f 6974 5150 6883
f 7063 5915 6884
f 7867 5047 6934
f 6919 6399 6835
f 6894 6398 6399
f 6895 5882 5844
f 7125 6909 5156
f 6896 6869 5021
f 6896 6398 6869
f 7107 6829 6898
f 6897 6334 6829
f 6898 6833 5049
f 7086 6338 6925
f 6899 6377 5197
f 6899 6329 6377
f 7051 6900 6402
f 7024 6329 6836
f 6901 6424 5456
f 6901 5200 6424
f 7077 6424 6903
f 6902 5187 6424
f 7032 6903 6475
f 7031 5200 6859
f 7125 5914 6909
f 6926 6904 5155
f 6905 6479 5495
f 7119 5187 6902
f 6906 6404 5197
f 7729 6906 6382
f 6928 6907 5914
f 7131 6907 5882
f 6908 6829 6334
f 7105 5185 6888
f 6909 6895 5156
f 6909 5882 6895
f 6910 6404 6384
f 7017 6910 5199
f 6911 6851 5183
f 6911 6334 6851
f 6912 6479 5186
f 6912 5495 6479
f 7143 6392 6870
f 6913 5198 6820
f 6916 5183 6473
f 6914 6367 6471
f 6931 6915 5889
f 7123 5048 5912
f 6916 6914 5183
f 6916 6367 6914
f 6917 6840 6386
f 6917 5155 6840
f 7114 6856 6907
f 6918 6399 6856
f 6919 6894 6399
f 6919 5184 6894
f 7112 6833 6925
f 6920 6386 6833
f 6921 6355 5344
f 6923 5346 6355
f 6922 5344 5342
f 7133 5342 7128
f 7137 6921 6340
f 6923 6355 6921
f 6924 6406 5346
f 6924 5358 6406
f 7113 6835 6918
f 7098 6338 6889
f 6926 6817 5914
f 6926 5155 6817
f 7130 6927 5912
f 6927 5889 5912
f 6928 6817 5154
f 6928 5914 6817
f 6929 5922 5921
f 6929 5346 5922
f 6930 6873 5882
f 6930 5021 6873
f 7126 5156 5881
f 7127 5889 6904
f 6932 6856 6399
f 6932 5021 6856
f 6933 6819 6341
f 6933 5080 6819
f 6934 5153 5915
f 6934 5916 5153
f 6935 6358 5345
f 6935 5080 6358
f 6936 6861 5049
f 6936 6386 6861
f 6937 6844 5149
f 6937 6360 6844
f 6938 6335 5313
f 7054 6938 6977
f 7026 6941 6939
f 7026 6328 6941
f 6940 6445 5480
f 6940 5019 6445
f 6971 5309 6945
f 7012 6941 6328
f 7732 6942 6470
f 7714 6942 5125
f 6943 6446 6320
f 6943 5042 6446
f 7749 5019 7738
f 7744 5468 6478
f 6947 6343 6946
f 7037 6343 6947
f 6946 6342 5089
f 6946 5342 6342
f 7037 6947 6945
f 6947 5089 6945
f 7006 6948 6442
f 6963 5129 6962
f 6949 6426 5130
f 6949 5042 6426
f 6950 6461 5132
f 7741 7739 6317
f 7056 6955 6951
f 7056 6325 6955
f 7731 6428 7000
f 7735 7723 6319
f 6953 6941 5309
f 7084 6939 6941
f 6954 6472 5490
f 6954 6319 6472
f 6955 6823 5126
f 6955 6325 6823
f 7742 6467 6317
f 7742 6317 6956
f 6957 6460 5483
f 7894 7887 5041
f 6958 6447 5126
f 6958 6324 6447
f 6959 6332 5311
f 7054 6977 5308
f 7751 6461 6988
f 6960 6323 6461
f 6961 6478 5468
f 6961 5483 6478
f 6963 6962 6442
f 6993 5490 6472
f 6963 6948 5129
f 6963 6442 6948
f 6964 6417 5059
f 6964 5456 6417
f 7036 6965 6434
f 7027 5129 6948
f 6966 6839 6389
f 6966 5150 6839
f 6967 6378 5059
f 6967 6329 6378
f 6968 6427 5187
f 6968 5480 6427
f 6969 6847 6322
f 6969 5124 6847
f 7674 6380 7162
f 6970 5197 6380
f 6971 6953 5309
f 6971 6335 6953
f 6972 6468 5129
f 6972 5495 6468
f 7721 6809 6382
f 7721 6382 6973
f 6974 6892 5150
f 6974 6493 6892
f 6975 6822 5125
f 6975 6465 6822
f 6976 6959 5311
f 6976 6324 6959
f 6977 6959 5308
f 6977 6332 6959
f 7736 6462 6956
f 7767 6978 7745
f 7089 6979 6842
f 6979 5014 6842
f 6980 6839 6390
f 6980 6326 6839
f 6981 6851 6326
f 6981 6405 6851
f 6982 6823 5014
f 6982 6328 6823
f 6983 6976 5311
f 6983 5042 6976
f 6984 6461 6323
f 6984 5132 6461
f 6985 6474 6433
f 7734 6985 5125
f 6986 6825 6389
f 6986 6326 6825
f 6987 6821 5189
f 6987 6394 6821
f 7737 6319 6952
f 7741 6988 7739
f 6989 6824 6393
f 6989 5189 6824
f 7743 6470 6951
f 7732 6320 6942
f 7734 6474 6985
f 7735 6991 7723
f 6992 6466 6442
f 6992 5128 6466
f 6993 6962 5490
f 6993 6442 6962
f 6994 6424 5187
f 6994 5456 6424
f 6995 6466 5128
f 6995 5483 6466
f 6996 6825 6326
f 6996 6334 6825
f 6997 6472 6319
f 6997 5128 6472
f 7733 6809 7721
f 6998 6394 6809
f 6999 6871 5149
f 6999 6395 6871
f 7000 6446 5131
f 7000 6320 6446
f 7001 6882 5199
f 7001 6393 6882
f 7002 6887 6816
f 7002 5148 6887
f 7003 6821 5177
f 7003 5831 6821
f 7004 6828 6816
f 7857 5047 6893
f 7005 6825 5049
f 7005 6389 6825
f 7006 6466 5468
f 7006 6442 6466
f 7007 6845 6463
f 7007 6367 6845
f 7008 6446 5042
f 7008 6323 6446
f 7009 6948 5468
f 7009 6434 6948
f 7010 6839 5150
f 7010 6390 6839
f 7011 6821 5831
f 7011 5189 6821
f 7012 6811 5309
f 7012 6328 6811
f 7013 6885 6392
f 7013 6393 6885
f 7014 6849 6354
f 7014 6485 6849
f 7015 6324 5042
f 7015 6447 6324
f 7016 6473 5183
f 7016 6425 6473
f 7017 6836 6404
f 7017 5199 6836
f 7018 5860 5190
f 7018 5833 5860
f 7019 6861 6349
f 7019 6389 6861
f 7020 6888 5185
f 7020 6492 6888
f 7021 6832 6343
f 7021 5281 6832
f 7022 6858 5183
f 7022 6405 6858
f 7023 6827 6402
f 7023 5199 6827
f 7024 6900 6329
f 7024 6402 6900
f 7025 5860 5058
f 7025 5831 5860
f 7030 5126 6823
f 7026 6939 5126
f 7027 6965 5129
f 7027 6434 6965
f 7028 6838 6475
f 7028 5057 6838
f 7029 6863 6318
f 7029 6433 6863
f 7030 7026 5126
f 7030 6328 7026
f 7031 6903 5200
f 7031 6475 6903
f 7032 6838 6330
f 7032 6475 6838
f 7033 6845 6367
f 7033 6464 6845
f 7034 6859 6402
f 7034 6383 6859
f 7035 6830 6388
f 7035 6392 6830
f 7036 6940 5480
f 7036 6434 6940
f 7037 5309 6343
f 7037 6945 5309
f 7038 6885 6393
f 7038 5058 6885
f 7039 6857 6485
f 7039 5057 6857
f 7040 6837 5186
f 7040 6425 6837
f 7041 6832 5342
f 7041 6343 6832
f 7042 6959 6324
f 7042 5308 6959
f 7048 6433 6474
f 7043 6863 6433
f 7044 5860 5833
f 7044 5058 5860
f 7045 6872 5040
f 7045 6425 6872
f 7046 5854 5190
f 7046 5831 5854
f 7714 6470 6942
f 7722 6322 6951
f 7048 7043 6433
f 7048 5490 7043
f 7049 6836 6329
f 7049 6404 6836
f 7050 6859 6383
f 7050 6475 6859
f 7051 6859 5200
f 7051 6402 6859
f 7052 6815 6333
f 7052 5281 6815
f 7053 6999 5149
f 7053 6814 6999
f 7055 5308 6953
f 7054 6335 6938
f 7055 7054 5308
f 7055 6335 7054
f 7062 7056 6322
f 7056 6951 6322
f 7057 6349 5149
f 7874 5149 6844
f 7058 6468 5495
f 7058 5040 6468
f 7059 6832 5281
f 7059 6341 6832
f 7060 6823 6325
f 7060 5014 6823
f 7061 6821 6394
f 7061 5177 6821
f 7062 6847 6325
f 7062 6322 6847
f 7063 6893 5915
f 7063 5282 6893
f 7064 6879 6395
f 7064 5155 6879
f 7106 6818 6390
f 7065 6405 6818
f 7066 6853 6354
f 7066 6492 6853
f 7067 5854 5832
f 7067 5190 5854
f 7068 7043 5490
f 7068 5040 7043
f 7069 6845 5057
f 7069 6463 6845
f 7070 6838 5057
f 7070 6464 6838
f 7071 6846 6354
f 7071 6491 6846
f 7072 6889 6338
f 7072 6492 6889
f 7073 7068 5490
f 7073 6468 7068
f 7094 7074 6465
f 7074 6822 6465
f 7075 6842 6325
f 7075 6336 6842
f 7076 6854 6330
f 7076 6464 6854
f 7077 6902 6424
f 7077 6330 6902
f 7078 5282 5923
f 7078 5923 6826
f 7079 6965 5480
f 7079 6450 6965
f 7080 5148 6359
f 7080 6359 6813
f 7081 6861 6386
f 7081 6349 6861
f 7082 6972 5129
f 7082 6450 6972
f 7083 6858 6405
f 7083 6318 6858
f 7084 6953 5308
f 7084 6941 6953
f 7085 6937 5149
f 7085 6816 6937
f 7086 6898 6338
f 7086 6833 6898
f 7087 5854 5177
f 7087 5832 5854
f 7088 5129 6468
f 7088 6962 5129
f 7089 6336 6493
f 7089 6842 6336
f 7090 6846 6491
f 7090 5184 6846
f 7091 6889 6492
f 7091 5184 6889
f 7092 6871 6395
f 7092 5047 6871
f 7093 6870 6388
f 7093 6491 6870
f 7094 6855 5124
f 7094 6465 6855
f 7095 6872 6425
f 7095 6318 6872
f 7096 6826 5923
f 7096 5080 6826
f 7097 5867 5836
f 7871 5833 5867
f 7098 6925 6338
f 7098 6835 6925
f 7099 6868 6398
f 7099 6388 6868
f 7100 6869 6398
f 7100 5192 6869
f 7101 5878 5190
f 7101 5835 5878
f 7102 6841 6354
f 7102 6463 6841
f 7103 6888 6338
f 7103 6829 6888
f 7104 6857 6383
f 7104 6485 6857
f 7105 6908 5185
f 7105 6829 6908
f 7106 7065 6818
f 7106 5124 7065
f 7107 6897 6829
f 7107 5049 6897
f 7108 5923 5286
f 7108 5284 5923
f 7109 5875 5147
f 7109 5844 5875
f 7110 5912 5048
f 7110 5152 5912
f 7111 5875 5021
f 7111 5836 5875
f 7112 6920 6833
f 7112 5154 6920
f 7113 6925 6835
f 7113 5154 6925
f 7114 6918 6856
f 7114 5154 6918
f 7115 5859 5832
f 7854 5835 5859
f 7116 6876 5147
f 7116 5836 6876
f 7117 6891 6390
f 7117 6336 6891
f 7118 6889 5184
f 7118 6835 6889
f 7119 6905 5187
f 7119 6479 6905
f 7120 6930 5882
f 7120 6856 6930
f 7121 6819 5080
f 7121 6340 6819
f 7122 5891 5849
f 7122 5145 5891
f 7123 6915 5048
f 7123 5889 6915
f 7124 5886 5145
f 7124 5844 5886
f 7125 6904 5914
f 7125 5156 6904
f 7126 6931 5156
f 7126 5849 6931
f 7127 6931 5889
f 7127 5156 6931
f 7128 6877 6819
f 7128 5342 6877
f 7129 5891 781
f 7129 5849 5891
f 7130 6879 5155
f 7130 5912 6879
f 7131 6909 5914
f 7131 5882 6909
f 7132 5029 5285
f 7132 5910 5029
f 7133 6922 5342
f 7133 6340 6922
f 2840 5887 781
f 2840 5852 5887
f 7134 6073 5048
f 7134 5852 6073
f 7135 5029 5921
f 7135 5921 5922
f 7136 6879 5152
f 7136 6395 6879
f 7137 6923 6921
f 7137 5345 6923
f 7138 5886 5147
f 7858 5145 5886
f 7139 5878 5835
f 7139 5191 5878
f 7140 6870 6491
f 7140 5198 6870
f 7141 6849 6485
f 7141 5198 6849
f 7142 5878 5191
f 7142 5833 5878
f 7143 6913 6392
f 7143 5198 6913
f 7144 6882 6820
f 7144 5199 6882
f 8307 5536 7278
f 8368 5600 5707
f 8318 7146 5521
f 7954 5502 6711
f 7935 5135 7930
f 7923 5525 5714
f 7161 7148 5489
f 7827 7148 5564
f 7257 5549 5662
f 7806 7149 6458
f 7818 5559 5675
f 7902 7150 7783
f 7905 6457 5038
f 7790 7677 5494
f 7750 7368 6375
f 7377 7152 5167
f 8325 5658 7572
f 7577 5501 7211
f 7683 7154 6380
f 7879 5169 7370
f 7709 5595 7157
f 7285 7155 5121
f 7656 7156 5614
f 7707 5121 7155
f 7669 7157 6311
f 7157 5038 6311
f 8472 5554 7230
f 8492 7232 5497
f 7895 7680 5142
f 7793 5559 7789
f 7697 5614 7163
f 7656 5219 7156
f 7252 7161 5622
f 7832 7161 5489
f 7699 7162 6380
f 7674 7162 6310
f 7693 6476 7359
f 7163 5122 6476
f 7661 6315 7385
f 7351 5167 7152
f 7728 5177 6881
f 7165 5830 6810
f 7166 7165 5179
f 7166 5830 7165
f 7658 5653 7318
f 7798 7679 5465
f 7168 5018 5120
f 7700 7168 6327
f 7381 7169 5729
f 7539 5222 7170
f 7170 6586 5220
f 7170 5222 6586
f 7171 5766 5027
f 7171 5220 5766
f 7705 6585 7160
f 7172 5216 6585
f 7173 6240 5023
f 7173 5254 6240
f 7174 6481 5293
f 7174 5037 6481
f 7175 6477 5037
f 7175 5116 6477
f 7176 5359 5066
f 7176 5217 5359
f 7177 5730 5027
f 7177 5360 5730
f 7178 6590 5359
f 7178 5362 6590
f 7179 5766 5361
f 7179 5360 5766
f 7180 5295 5083
f 7180 5293 5295
f 7181 5731 5235
f 7421 5369 5731
f 7182 5770 5370
f 7182 5360 5770
f 7183 6309 5457
f 7686 7183 5196
f 7609 7184 6416
f 7606 5054 7186
f 8527 7185 5684
f 8538 7185 5700
f 8567 7606 7186
f 8567 6416 7606
f 7702 7187 6420
f 7652 5719 7339
f 7533 7188 6421
f 7614 5168 7205
f 7575 7189 6412
f 7559 5171 7338
f 7706 7190 6420
f 7702 5168 7187
f 7608 7191 6408
f 7560 5054 7184
f 8349 5514 5715
f 7581 7192 5491
f 8448 5633 8444
f 8241 5637 6690
f 8450 5239 8278
f 8297 7194 8283
f 8378 8186 7195
f 8374 8187 5228
f 8290 5526 7199
f 7196 5541 5572
f 8468 5484 7197
f 8353 7197 5238
f 7768 6411 7675
f 7762 7198 6309
f 8257 5229 7235
f 8279 7199 5526
f 7804 6444 7800
f 7200 5590 6444
f 8360 7201 5707
f 8358 7201 5514
f 8406 8211 7202
f 8369 8207 5228
f 7203 5611 5123
f 7203 5541 5611
f 7839 7826 5662
f 7826 5525 7204
f 7828 7205 6316
f 7205 5168 6316
f 8371 8188 7206
f 8379 8210 5228
f 7678 7207 5581
f 7208 7207 5165
f 7841 7207 7208
f 7658 7318 5165
f 7209 6633 5257
f 7209 5767 6633
f 7788 6308 7210
f 7210 5196 6437
f 7577 7211 5658
f 7564 5165 7207
f 7704 7212 5602
f 7212 5600 5602
f 8515 6584 7213
f 8522 5257 6633
f 8415 7214 5583
f 8432 8242 5485
f 7215 5662 5123
f 7839 5525 7826
f 8367 5543 7585
f 8352 8341 5240
f 7217 5668 5123
f 7217 5595 5668
f 8274 5665 7194
f 8308 7218 8306
f 7764 6449 7198
f 7763 7219 5786
f 7584 7220 5603
f 8488 7220 7216
f 8404 5583 5592
f 8245 5488 7236
f 8216 5527 6707
f 8244 5488 7221
f 7830 5594 5697
f 7804 7800 5052
f 8279 5671 7199
f 8437 7224 8261
f 8452 7146 5502
f 8452 5502 7225
f 7245 7226 5647
f 8184 5437 7989
f 7899 6459 5494
f 7886 7227 5142
f 7978 7228 5632
f 7973 5135 6709
f 7229 5556 5241
f 7229 5065 5556
f 7230 5700 5501
f 8574 5554 8494
f 8490 5591 7231
f 7604 7231 5478
f 8465 7158 5636
f 7232 5554 7158
f 7975 5645 6686
f 8105 5461 7267
f 8539 6584 8515
f 7234 5510 6584
f 8415 5229 7214
f 8250 5488 8237
f 7236 7235 5229
f 7236 5488 7235
f 7832 5622 7161
f 7237 5559 5622
f 8214 5226 6700
f 8239 7238 5537
f 7939 5711 5581
f 7939 5581 7239
f 7240 5552 5444
f 7240 5076 5552
f 7597 5615 5507
f 8484 5270 5615
f 8597 6606 7398
f 7242 5767 6606
f 7243 5682 5218
f 7243 5541 5682
f 7244 5701 5038
f 7244 5595 5701
f 7245 5223 5545
f 7245 5647 5223
f 7246 5701 5549
f 7246 5038 5701
f 7795 6316 7248
f 7828 5546 7205
f 7773 6410 7219
f 7797 7248 6316
f 7249 5715 5514
f 8364 7249 5702
f 7250 6458 5622
f 7250 5142 6458
f 7251 6440 5590
f 7251 5195 6440
f 7252 6458 5143
f 7252 5622 6458
f 7273 5269 6632
f 7253 5510 6646
f 7254 5701 5123
f 7254 5549 5701
f 7255 5689 5478
f 8366 5469 5689
f 8517 6632 7256
f 8631 5256 8551
f 7257 7149 5549
f 7257 5143 7149
f 7258 6585 5221
f 7701 5219 7160
f 7259 5552 5506
f 8464 5267 5579
f 8534 8531 5493
f 7527 7260 5222
f 7261 5552 5076
f 7261 5506 5552
f 8116 6705 8011
f 8109 5542 7262
f 7263 6586 5222
f 7620 5221 6591
f 7611 7264 6413
f 7613 5722 7341
f 8209 5470 7331
f 8381 5544 7206
f 8146 5663 7316
f 8477 7266 8176
f 8100 6699 7915
f 8101 5461 8088
f 8387 5574 8176
f 8175 5574 8134
f 8111 7909 5136
f 7984 5467 6686
f 7270 5593 5472
f 7270 5225 5593
f 7271 5593 5225
f 7271 5474 5593
f 8353 5649 7197
f 8473 5649 8353
f 7273 7253 5269
f 7273 5510 7253
f 7632 7274 6588
f 8524 6584 7396
f 7275 6416 5255
f 7609 5722 7184
f 7276 5576 5044
f 7276 5467 5576
f 8218 5537 8201
f 8203 5228 8196
f 8320 8298 7278
f 8320 5699 8298
f 7999 5586 7233
f 8392 7951 7999
f 7280 5609 5471
f 7280 5474 5609
f 8714 8010 5652
f 8072 7982 5451
f 7282 5668 5121
f 7282 5541 5668
f 8713 8701 8694
f 7283 5616 5472
f 7283 5471 5616
f 8339 7284 7145
f 8331 5218 7290
f 7285 5668 5595
f 7285 5121 5668
f 7936 5448 7814
f 7991 5449 7692
f 7287 6423 5477
f 7287 5700 6423
f 8391 5664 7277
f 7288 5470 5664
f 7289 5632 5044
f 7978 5499 7228
f 7290 5682 5602
f 7290 5218 5682
f 7291 5682 5121
f 7291 5602 5682
f 8412 5637 8241
f 8410 5166 7292
f 8336 8326 7153
f 8326 5658 7293
f 7963 7294 5672
f 7916 7294 7911
f 7960 5672 7311
f 7963 5569 7294
f 8400 5166 7911
f 8389 5439 8199
f 8221 5443 8208
f 7947 5569 7314
f 8154 6696 7993
f 8160 7298 5663
f 8481 5713 8276
f 8313 5491 7299
f 8252 5627 5067
f 7300 5471 5627
f 8401 6651 6700
f 8416 5226 8411
f 7957 5567 7955
f 7942 7302 5164
f 8258 5672 7916
f 7924 5633 7311
f 7590 7304 6688
f 8318 7304 7146
f 8021 6687 7977
f 8039 5043 7976
f 8205 5137 6707
f 8405 5527 8215
f 7307 5650 5225
f 8496 7307 5603
f 8015 6685 7315
f 8036 7308 5043
f 8036 6685 7308
f 8382 8139 5459
f 7799 7779 6429
f 7798 7310 7679
f 8293 6711 5455
f 8293 5455 7311
f 8208 5624 7297
f 8393 5548 7983
f 8078 5568 8019
f 8005 5436 6718
f 7942 5578 7302
f 7949 5578 7942
f 8031 6702 7944
f 8143 7315 6685
f 8145 6702 8143
f 8148 5618 8029
f 7853 5653 7803
f 7849 5584 7318
f 7318 7208 5165
f 7318 5584 7208
f 8398 6651 8397
f 7319 5440 6651
f 8431 5616 7301
f 8434 7320 8265
f 8169 5663 7266
f 8195 5224 8160
f 7322 5612 5522
f 7322 5440 5612
f 8012 5557 7326
f 8436 5654 5587
f 8228 5253 5654
f 7325 5463 5496
f 8419 5637 7324
f 8017 5651 7964
f 8041 5557 7980
f 8455 5454 8263
f 8435 5587 8426
f 8032 5677 8024
f 8079 8033 5451
f 8454 6690 7325
f 8453 5521 8266
f 8226 5612 7330
f 8185 5224 8183
f 7331 5470 5522
f 7331 5522 5631
f 7547 5053 6379
f 7694 6315 7661
f 7644 7333 6381
f 7333 5726 6381
f 7659 7334 6422
f 7645 5053 7332
f 7653 7335 6307
f 7848 7335 7845
f 7808 6457 5141
f 7808 5141 7336
f 7610 7337 6413
f 7611 5171 7264
f 7646 7338 6376
f 7574 5171 7337
f 7710 6422 7369
f 7659 5719 7334
f 7340 6441 5118
f 7340 5512 6441
f 7629 7341 6418
f 7341 5722 6418
f 7775 6436 7342
f 7342 5132 6441
f 7787 5529 7343
f 7673 7343 5019
f 7344 6454 5119
f 7344 5728 6454
f 7774 6438 7345
f 7345 5512 6435
f 7346 6476 5122
f 7346 5119 6476
f 7347 6409 5059
f 7347 5442 6409
f 7348 6591 5221
f 7348 5216 6591
f 7766 6436 5512
f 7767 7745 5041
f 7350 6380 5197
f 7683 5457 7154
f 7351 7164 5167
f 7351 6374 7164
f 7763 6449 7219
f 7748 7352 5169
f 7353 6454 5728
f 7353 5118 6454
f 7776 6438 5141
f 7776 5141 7354
f 7355 6457 5728
f 7355 5038 6457
f 7770 6459 7354
f 7790 7356 7677
f 7811 7357 6456
f 7812 7357 7682
f 7876 6409 5442
f 7876 5442 7358
f 7359 6476 5116
f 7693 7359 5039
f 7360 6477 5116
f 7360 5119 6477
f 7688 6420 7339
f 7706 5786 7190
f 7362 6417 5194
f 7362 5442 6417
f 7363 5116 5115
f 7363 5117 5116
f 7888 7364 6456
f 7883 5486 7376
f 7365 6377 5059
f 7365 5457 6377
f 7746 7154 7366
f 7755 6309 7198
f 7367 7357 5492
f 7367 6314 7357
f 7753 7152 7377
f 7368 5479 7152
f 7369 7152 5479
f 7369 6374 7152
f 7750 6391 7368
f 7754 5169 7352
f 7371 5599 5221
f 7371 5556 5599
f 7372 6477 6321
f 7372 5037 6477
f 7373 6448 6321
f 7373 5118 6448
f 7374 6454 6321
f 7374 5119 6454
f 7375 6441 6327
f 7375 5118 6441
f 7899 5494 7227
f 7890 5486 7354
f 7377 6415 6375
f 7377 5167 6415
f 7378 5709 5599
f 7378 5065 5709
f 7379 6625 5234
f 7379 5721 6625
f 7380 6623 5027
f 7380 5721 6623
f 7381 6623 5233
f 7381 5729 6623
f 8603 8584 6601
f 8595 7382 5075
f 8595 6608 7382
f 7383 5773 6608
f 8583 6629 7444
f 8604 7384 8600
f 7661 7385 7164
f 7385 5179 7164
f 7515 6616 7391
f 7525 5276 7430
f 7387 6634 5261
f 8633 5075 7499
f 7628 6418 7275
f 7388 5773 6418
f 8598 6602 6672
f 8604 8600 5764
f 7390 5731 5069
f 7390 5235 5731
f 7507 6604 6653
f 7511 7391 5248
f 7392 6640 6625
f 7392 5235 6640
f 7393 5781 5023
f 7462 5172 6403
f 7394 6418 5773
f 7629 5170 7341
f 7511 6604 7391
f 8607 6419 7458
f 8542 6588 7396
f 7396 6584 7256
f 7397 7178 5359
f 7397 5083 7178
f 8596 6608 7388
f 8586 5765 8584
f 7399 6623 5729
f 7399 5027 6623
f 7400 6630 5231
f 7400 5777 6630
f 7401 6413 5170
f 7610 5726 7337
f 7402 5359 5217
f 7402 5217 5292
f 7403 6632 5511
f 7403 5256 6632
f 7404 5217 5216
f 7404 5117 5217
f 7405 6381 5727
f 7644 5053 7333
f 8558 6597 7406
f 7406 5256 6631
f 7407 6665 5513
f 7407 5263 6665
f 7408 6381 5172
f 7408 5727 6381
f 8628 7409 6607
f 8619 5071 7571
f 7410 6591 5066
f 7410 6586 6591
f 7479 7411 6385
f 7411 5180 6385
f 7412 5268 5278
f 7412 5278 6598
f 7413 6401 5727
f 7413 5180 6401
f 7414 5770 5360
f 7414 5098 5770
f 7415 6631 5511
f 7415 5268 6631
f 8640 6143 6144
f 8644 5250 6224
f 7520 7417 6579
f 7417 5776 6579
f 8651 6639 5784
f 8651 5784 7418
f 7419 6636 5776
f 7419 5069 6636
f 7420 6636 5069
f 7420 5365 6636
f 7421 7181 5370
f 7421 5731 7181
f 7422 6606 5257
f 7422 5765 6606
f 7423 6403 5172
f 7423 5726 6403
f 7538 6659 6581
f 8562 7424 6658
f 7425 6643 6579
f 7425 5230 6643
f 7426 7425 5776
f 7426 5230 7425
f 7427 6670 5278
f 7427 6615 6670
f 7428 6414 5261
f 7428 5254 6414
f 7429 7421 5370
f 7429 5369 7421
f 7525 7430 6616
f 8638 5250 7416
f 8643 7638 6614
f 8667 5265 6666
f 7432 5774 5364
f 7432 5230 5774
f 7433 6670 6615
f 7433 5279 6670
f 7485 7434 6620
f 7512 5265 7435
f 8610 5788 5266
f 8637 7622 5265
f 7436 6592 5016
f 8678 7436 5787
f 7641 5788 7443
f 7437 5266 5788
f 8511 5238 8499
f 8502 7438 5482
f 8646 8615 7483
f 7635 6618 6670
f 7440 6630 5777
f 7440 5069 6630
f 8620 6582 7586
f 8606 5725 6582
f 7442 6668 5271
f 7442 5720 6668
f 8657 5788 7622
f 7641 7443 5206
f 8581 6619 8577
f 8594 5778 8579
f 7445 6612 5016
f 7445 5230 6612
f 8678 6592 7436
f 7487 5232 6643
f 7447 6609 5773
f 7447 5254 6609
f 8643 7448 7638
f 7638 7448 5060
f 7449 6609 5254
f 7449 5781 6609
f 7450 6609 5781
f 7450 5170 6609
f 7505 7451 5792
f 8682 5787 7436
f 7452 6617 5236
f 8545 7452 5725
f 7453 6597 5724
f 8548 5256 7406
f 8636 6597 7471
f 8563 7454 6601
f 7455 6656 5237
f 7455 5236 6656
f 7456 6665 5263
f 7456 5720 6665
f 7457 6664 6615
f 7457 5077 6664
f 8617 5258 8587
f 7458 6419 6661
f 7459 6648 5234
f 8578 6645 6648
f 7460 5792 5016
f 8679 5387 5823
f 7461 6599 5503
f 7461 5237 6599
f 7462 7393 5172
f 7462 5781 7393
f 8655 6654 7446
f 7463 5201 6654
f 8593 6601 8584
f 7464 5724 6601
f 8615 6622 7483
f 8612 7465 5266
f 7637 5797 7443
f 8650 5202 7468
f 7467 6607 5237
f 8628 5763 7409
f 8668 5205 8645
f 7468 5202 5821
f 7501 5803 5025
f 8653 7469 8645
f 7470 5775 5413
f 7470 5387 5775
f 8664 6653 5258
f 8652 7471 5784
f 7544 6621 5077
f 7472 5778 6621
f 7473 6379 5727
f 7473 5181 6379
f 7474 6666 5778
f 7474 5262 6666
f 7514 7475 5028
f 7475 5784 6639
f 7476 6629 5764
f 7476 5262 6629
f 8689 6626 7492
f 7477 5262 6626
f 7478 6387 5023
f 7478 5159 6387
f 7479 6387 5159
f 7479 6385 6387
f 7480 6387 6385
f 7480 5172 6387
f 7481 5823 5106
f 7481 5386 5823
f 7482 6643 5230
f 7482 6592 6643
f 8646 5279 8615
f 8623 7483 5079
f 7484 6666 5265
f 7484 5778 6666
f 7485 6664 5077
f 7485 6620 6664
f 7486 5817 5386
f 7486 5388 5817
f 7487 7446 5232
f 7487 6592 7446
f 7488 6626 5764
f 8671 5232 7492
f 7489 6634 5260
f 7489 5261 6634
f 7490 6643 5232
f 7490 6579 6643
f 8623 7439 7483
f 8642 7439 8623
f 7492 6654 5789
f 8656 5232 7446
f 8663 7493 7395
f 8647 7493 5260
f 7494 7460 5387
f 7494 5792 7460
f 8603 7382 8584
f 7495 5075 7382
f 7496 6239 5023
f 7496 6230 6239
f 7497 6240 5254
f 7497 5246 6240
f 8681 5815 5816
f 7498 5202 5815
f 7499 6661 6419
f 8608 5075 7495
f 7500 5821 5062
f 8670 5205 5821
f 7501 7469 5803
f 7501 5206 7469
f 8688 5816 5815
f 7502 5386 5816
f 7503 7433 6664
f 7503 5279 7433
f 7504 5815 5202
f 8625 5203 5815
f 8686 5799 7502
f 7505 5792 5799
f 8647 7395 7493
f 7506 6419 7395
f 7507 7391 6604
f 7507 5028 7391
f 7508 5388 5207
f 7508 5207 5810
f 7509 6234 6230
f 7509 5246 6234
f 7510 6654 5201
f 7510 5789 6654
f 7511 7395 6604
f 8663 5248 7493
f 7512 7434 5265
f 7512 6620 7434
f 8612 6622 7465
f 8666 5079 7483
f 8664 5258 7471
f 7514 5028 6653
f 7515 7386 6616
f 7515 5028 7386
f 7516 7416 5248
f 7516 6616 7416
f 7517 6237 6225
f 7517 5261 6237
f 7518 5025 5273
f 7518 5273 5808
f 7519 5780 5106
f 7519 5387 5780
f 8611 6624 7389
f 7520 6579 6624
f 7521 5828 5106
f 7521 5415 5828
f 7522 5812 5106
f 7522 5389 5812
f 7523 5775 5364
f 7523 5413 5775
f 7524 5780 5413
f 7524 5415 5780
f 7525 7386 5276
f 7525 6616 7386
f 7526 6628 6244
f 7526 5276 6628
f 7527 7169 5698
f 7527 5222 7169
f 7528 6632 5269
f 7528 5511 6632
f 7529 6613 5725
f 7633 5723 6613
f 8510 7197 7530
f 8361 7530 5484
f 7531 5608 5506
f 8329 5252 8305
f 7532 7158 5554
f 8462 5466 8321
f 7535 5477 6423
f 7533 6421 5477
f 7534 6642 5698
f 7534 5233 6642
f 7535 7533 5477
f 7535 5742 7533
f 8560 6583 6642
f 8553 6645 6655
f 7542 5277 6657
f 7537 5723 6658
f 7538 7424 6659
f 7538 5277 7424
f 7539 7169 5222
f 7539 5729 7169
f 7540 7170 5220
f 7540 5729 7170
f 8534 6660 8531
f 7541 5690 6660
f 7542 7537 5277
f 7542 5723 7537
f 7543 7287 5477
f 7543 5501 7287
f 7544 7472 6621
f 7544 5264 7472
f 7545 6644 5365
f 7545 5774 6644
f 7546 6397 5181
f 7546 5855 6397
f 7547 7332 5053
f 7547 6315 7332
f 7548 7164 5179
f 7548 5167 7164
f 7549 6397 5855
f 7549 5179 6397
f 7550 6397 6315
f 7550 5181 6397
f 7551 6047 5864
f 7551 5181 6047
f 7552 5758 5367
f 7552 5365 5758
f 7553 6316 5168
f 7797 6410 7248
f 7906 5623 5546
f 7901 5165 7211
f 8312 7555 5636
f 8324 7555 8305
f 7639 7556 5613
f 7556 5078 5613
f 7557 6423 5700
f 7711 5054 7191
f 7558 7188 6412
f 7558 5168 7188
f 7559 7189 5171
f 7559 6412 7189
f 7560 7191 5054
f 7560 6408 7191
f 7561 7392 5721
f 7561 5235 7392
f 7562 6657 5263
f 7562 5723 6657
f 7563 7184 5722
f 7563 6408 7184
f 7564 7211 5165
f 7564 5658 7211
f 7565 6650 5276
f 7565 6598 6650
f 8503 5715 8364
f 8352 7566 8341
f 8439 5657 5068
f 8434 8265 5472
f 8347 5639 5076
f 8338 7568 8334
f 8568 5054 8565
f 8527 7569 7185
f 8520 5513 8504
f 8354 5026 7272
f 8606 7441 5725
f 8577 6619 7441
f 7572 7207 5502
f 7572 5658 7207
f 7573 7189 6408
f 7573 5171 7189
f 7574 7338 5171
f 7574 6376 7338
f 7575 7188 5742
f 7575 6412 7188
f 7576 5623 5477
f 7576 5546 5623
f 7577 7153 5501
f 8336 5658 8326
f 7578 5591 5497
f 8335 5252 8334
f 8461 5699 7579
f 8485 5514 8349
f 8569 6660 5690
f 8569 5690 7580
f 7581 5491 5553
f 7581 5553 5708
f 7582 6649 5070
f 8516 7582 5621
f 8571 6649 8516
f 8532 8523 6583
f 7584 5610 5240
f 7584 5603 5610
f 8361 5621 7530
f 8509 5621 8361
f 7586 7455 5237
f 7586 6582 7455
f 7587 5610 5603
f 7587 5225 5610
f 8502 5644 7438
f 7588 5513 5644
f 7589 7442 5271
f 7589 6665 7442
f 8315 7304 7590
f 8300 7590 6688
f 8467 8321 7591
f 8312 5585 7555
f 7592 6638 5236
f 7592 5482 6638
f 7593 5484 5519
f 7593 5519 5603
f 7594 5613 5078
f 7594 5511 5613
f 7595 5777 6625
f 7595 6625 6640
f 7596 6668 5720
f 7596 5078 6668
f 7597 7241 5615
f 8491 5269 7253
f 7598 7454 5258
f 7598 6601 7454
f 7599 5551 5271
f 7599 5507 5551
f 7600 6617 5263
f 8525 5482 7592
f 8446 5496 8273
f 8300 5585 7590
f 7602 6655 5070
f 8556 6583 8553
f 7603 6633 5767
f 8519 5689 6633
f 8512 6596 7569
f 7604 5478 6596
f 8314 5699 5553
f 8298 5239 7278
f 7606 7184 5054
f 7606 6416 7184
f 8351 5514 8323
f 8328 5536 7612
f 7608 7189 5742
f 7608 6408 7189
f 7609 7275 5722
f 7609 6416 7275
f 7610 7401 5726
f 7610 6413 7401
f 7611 7337 5171
f 7611 6413 7337
f 8355 7145 5602
f 8339 5536 7284
f 7613 7264 5722
f 7613 6413 7264
f 7614 7188 5168
f 7614 6421 7188
f 7615 5707 5600
f 8573 5702 7201
f 8497 5026 8346
f 8495 5519 5649
f 7617 7260 5698
f 8570 7617 6660
f 8545 6617 7452
f 7618 5263 6617
f 7619 7260 5556
f 7619 5222 7260
f 7620 7263 5221
f 7620 6586 7263
f 8546 6669 5277
f 7621 5078 6669
f 7622 7435 5265
f 8610 5266 7435
f 8499 6638 7438
f 8537 7623 8528
f 8659 7513 5808
f 7624 6622 7513
f 7625 7443 5788
f 8669 5060 7637
f 7626 6581 5268
f 7626 6652 6581
f 8637 7431 7622
f 8661 7627 6614
f 7628 7388 6418
f 7628 5255 7388
f 7629 7394 5170
f 7629 6418 7394
f 7630 7439 5276
f 7630 6618 7439
f 7631 7401 5170
f 7631 6403 7401
f 7632 6641 5257
f 7632 6588 6641
f 7633 7529 5264
f 7633 6613 7529
f 8649 5028 7475
f 7634 7386 5028
f 7635 7439 6618
f 7635 5279 7439
f 7636 7469 5206
f 7636 5797 7469
f 7637 7466 5797
f 7637 5060 7466
f 8661 7431 7627
f 7638 5060 7431
f 7639 5269 5507
f 7639 5613 5269
f 7640 6657 5277
f 7640 5720 6657
f 7641 7437 5788
f 7641 5206 7437
f 7642 5312 5343
f 7642 6350 5312
f 7643 6587 5362
f 7643 5363 6587
f 7644 7405 5053
f 7644 6381 7405
f 7645 7334 5053
f 7645 6422 7334
f 7646 7334 5719
f 7646 6376 7334
f 7647 7337 5726
f 7647 6376 7337
f 7648 5605 5509
f 7956 5164 7302
f 7649 5674 5193
f 7649 5509 5674
f 7650 6411 5196
f 7889 6308 7782
f 7875 7651 7248
f 7877 5465 7795
f 7652 7187 5719
f 7652 6420 7187
f 7653 5447 5195
f 7653 6307 5447
f 7654 6430 6327
f 7654 5132 6430
f 7655 6313 5019
f 7757 6307 6313
f 7656 7160 5219
f 7656 5614 7160
f 7657 7204 5564
f 7657 5143 7204
f 7658 7167 5653
f 7847 5165 7554
f 7659 7339 5719
f 7659 6422 7339
f 7660 7646 5719
f 7660 7338 7646
f 7694 7661 6374
f 7661 7164 6374
f 7662 7334 6376
f 7662 5053 7334
f 7780 6438 7776
f 7894 7663 7887
f 7961 5578 7295
f 7664 5567 5578
f 7665 7155 5122
f 7665 5614 7155
f 7945 5683 7314
f 7666 5547 5683
f 7900 5045 7896
f 7838 7667 5193
f 7668 6973 6310
f 7668 5024 6973
f 7669 7346 5122
f 7669 6311 7346
f 7670 7667 5045
f 7670 5193 7667
f 7671 7332 6374
f 7671 6422 7332
f 7672 7660 5719
f 7672 6412 7660
f 7878 7825 7673
f 7878 6439 7825
f 7674 6970 6380
f 7674 6310 6970
f 7771 6429 7651
f 7782 7675 6411
f 7676 6478 5483
f 7676 5127 6478
f 7677 7151 5494
f 7905 5038 7151
f 7678 6711 5502
f 7678 5581 6711
f 7679 7167 5465
f 7679 5653 7167
f 7884 6456 7376
f 7811 5492 7357
f 7681 5120 6321
f 7681 6321 6448
f 7831 5127 7812
f 7825 6314 7673
f 7683 7350 5457
f 7683 6380 7350
f 7981 7684 5605
f 7684 5509 5605
f 7927 5528 5660
f 7685 5509 5528
f 7762 6411 7198
f 7792 6411 7762
f 7781 6312 5195
f 7687 5138 6312
f 7688 7361 6420
f 7688 5479 7361
f 7689 5643 5580
f 7689 5193 5643
f 7690 6415 6310
f 7690 6375 6415
f 7691 6396 5024
f 7691 5167 6396
f 7955 5605 7302
f 7981 5449 7684
f 7693 7163 6476
f 7693 5039 7163
f 7694 7332 6315
f 7694 6374 7332
f 7695 5683 5547
f 7695 5443 5683
f 7696 6906 5197
f 7696 6382 6906
f 7697 7160 5614
f 7697 5039 7160
f 7698 7199 5671
f 8294 5020 8272
f 7699 7154 5169
f 7699 6380 7154
f 7700 6430 5018
f 7700 6327 6430
f 7701 7258 5219
f 7701 6585 7258
f 7702 7190 5168
f 7702 6420 7190
f 7703 7361 5479
f 7703 6391 7361
f 7704 7156 5219
f 7704 5602 7156
f 7705 7172 6585
f 7705 5039 7172
f 7706 7361 5786
f 7706 6420 7361
f 7707 7156 5121
f 7707 5614 7156
f 7708 7352 5786
f 7708 6391 7352
f 7709 7155 5595
f 7709 5122 7155
f 7710 7339 6422
f 7710 5479 7339
f 7711 7557 5054
f 7711 6423 7557
f 7712 7608 5742
f 7712 7191 7608
f 7713 5430 5428
f 7713 5428 5732
f 7714 7047 6470
f 7714 5125 7047
f 7715 6865 5189
f 7715 6384 6865
f 7716 7165 6810
f 7716 5866 7165
f 7717 6830 6392
f 7717 6392 6885
f 7718 5861 5832
f 7718 5845 5861
f 7719 6020 5178
f 7719 5845 6020
f 7720 6998 5866
f 7720 6394 6998
f 7733 7721 5024
f 7721 6973 5024
f 7722 7047 6322
f 7722 6470 7047
f 7723 6952 6319
f 7723 6428 6952
f 7724 6310 6382
f 7724 6970 6310
f 7725 6991 5125
f 7725 6428 6991
f 7726 6942 6320
f 7726 6428 6942
f 7727 6396 5866
f 7727 5024 6396
f 7728 7716 6810
f 7728 6881 7716
f 7729 6384 6404
f 7729 6404 6906
f 7730 6988 6467
f 7730 5131 6988
f 7731 6952 6428
f 7731 5131 6952
f 7732 6990 6320
f 7732 6470 6990
f 7733 6998 6809
f 7733 5024 6998
f 7734 6991 6474
f 7734 5125 6991
f 7735 6319 6474
f 7735 6474 6991
f 7736 6978 6462
f 7736 6317 6978
f 7737 7730 6467
f 7737 6952 7730
f 7738 6940 6434
f 7738 5019 6940
f 7739 6950 6317
f 7739 6461 6950
f 7740 5457 6309
f 7740 7154 5457
f 7741 6317 6467
f 7741 6467 6988
f 7742 5128 6467
f 7742 6956 5128
f 7743 6990 6470
f 7743 5126 6990
f 7744 6944 5468
f 7744 6439 6944
f 7745 7349 5041
f 7766 5512 7349
f 7748 6449 7352
f 7746 7366 6449
f 7747 6313 6307
f 7747 5194 6313
f 7748 7746 6449
f 7748 5169 7746
f 7749 6439 5019
f 7749 6944 6439
f 7750 7370 6391
f 7880 7162 7370
f 7751 6960 6461
f 7751 5131 6960
f 7752 6978 6317
f 7752 6436 6978
f 7753 7368 7152
f 7753 6375 7368
f 7754 7370 5169
f 7754 6391 7370
f 7755 7366 6309
f 7755 6449 7366
f 7756 7655 5019
f 7756 5529 7655
f 7757 7655 5447
f 7757 6313 7655
f 7758 7342 6436
f 7758 5132 7342
f 7759 7349 5512
f 7769 5041 7349
f 7760 5480 5194
f 7760 6427 5480
f 7761 6417 5456
f 7761 5194 6417
f 7792 7762 7686
f 7762 6309 7686
f 7763 7352 6449
f 7763 5786 7352
f 7764 7219 6449
f 7764 5464 7219
f 7765 5127 6439
f 7765 6478 5127
f 7766 7745 6436
f 7766 7349 7745
f 7767 5041 6462
f 7767 6462 6978
f 7768 7198 6411
f 7768 5464 7198
f 7769 7759 6438
f 7769 7349 7759
f 7770 7356 6459
f 7796 6457 7356
f 7771 7675 6429
f 7771 5464 7675
f 7772 7190 5786
f 7772 6410 7190
f 7773 7248 6410
f 7875 5464 7651
f 7778 6435 7336
f 7774 7345 6435
f 7775 6441 5512
f 7775 7342 6441
f 7780 7776 5486
f 7776 7354 5486
f 7777 7687 5529
f 7777 5138 7687
f 7778 7774 6435
f 7778 5141 7774
f 7779 7310 6429
f 7803 5653 7310
f 7780 7663 6438
f 7780 5486 7663
f 7781 7687 6312
f 7781 5447 7687
f 7799 6308 7779
f 7782 6429 7675
f 7783 5530 5460
f 7801 5138 5530
f 7786 7784 5580
f 7821 7784 7802
f 7785 6440 5448
f 7785 5590 6440
f 7786 6440 5195
f 7816 5448 6440
f 7912 6314 7367
f 7787 7343 6314
f 7788 6437 5590
f 7788 7210 6437
f 7793 7789 5492
f 7789 5559 7150
f 7790 5494 6459
f 7790 6459 7356
f 7791 7777 5529
f 7791 5530 7777
f 7792 5196 6411
f 7792 7686 5196
f 7840 7159 5622
f 7793 5492 7159
f 7794 7779 6308
f 7794 5052 7779
f 7795 7247 6316
f 7795 5465 7247
f 7796 7770 5141
f 7796 7356 7770
f 7797 7553 6410
f 7797 6316 7553
f 7881 5465 7651
f 7798 6429 7310
f 7799 7782 6308
f 7799 6429 7782
f 7885 7223 7317
f 7824 5452 7223
f 7801 7783 5140
f 7801 5530 7783
f 7802 5138 5523
f 7802 6312 5138
f 7803 7779 5052
f 7803 7310 7779
f 7804 7200 6444
f 7804 5052 7200
f 7805 7246 5549
f 7805 7151 7246
f 7823 5494 7805
f 7806 5549 7149
f 7807 5448 5594
f 7807 6444 5448
f 7808 5728 6457
f 7808 7336 5728
f 7813 5438 5523
f 7809 5518 5438
f 7810 7227 5494
f 7898 5142 7227
f 7811 7680 5492
f 7811 6456 7680
f 7888 5127 7364
f 7812 6456 7357
f 7813 7809 5438
f 7813 5138 7809
f 7814 5448 5580
f 7814 5580 5643
f 7817 7815 5140
f 7893 5518 5524
f 7816 7786 5580
f 7816 6440 7786
f 7817 5691 5450
f 7817 5140 5691
f 7818 7150 5559
f 7818 5140 7150
f 7906 7554 5623
f 7819 7167 7554
f 7820 5675 5555
f 7946 5140 7818
f 7821 5523 5580
f 7821 5580 7784
f 7822 5524 5138
f 7822 7815 5524
f 7823 7806 5494
f 7823 5549 7806
f 7824 7800 5594
f 7824 7223 7800
f 7825 7682 6314
f 7825 6439 7682
f 7920 5143 7257
f 7826 7204 5143
f 7827 5499 5489
f 7827 5489 7148
f 7828 7247 5546
f 7828 6316 7247
f 7829 5449 5643
f 7829 5674 5449
f 7830 7824 5594
f 7830 5452 7824
f 7831 6439 5127
f 7831 7682 6439
f 7832 7237 5622
f 7844 5675 7237
f 7833 5438 5193
f 7833 5523 5438
f 7992 5697 7692
f 7834 5452 5697
f 7835 7286 5449
f 7835 5594 7286
f 7836 7239 5584
f 7836 5452 7239
f 7922 5675 5489
f 7922 5489 7837
f 7838 5438 5518
f 7838 5518 7667
f 7839 7215 5525
f 7839 5662 7215
f 7840 7793 7159
f 7840 5559 7793
f 7841 5584 5581
f 7841 7208 5584
f 7842 5465 7167
f 7842 7247 5465
f 7843 7794 6308
f 7843 7200 7794
f 7844 7832 5489
f 7844 7237 7832
f 7845 7358 5442
f 7845 6437 7358
f 7846 7251 6437
f 7846 5195 7251
f 7847 7658 5165
f 7847 7167 7658
f 7848 5442 6307
f 7848 6307 7335
f 7849 7317 5584
f 7849 5653 7317
f 7850 5711 5455
f 7850 5581 5711
f 8110 5517 7851
f 7941 5505 7925
f 8128 5626 8123
f 8130 5547 7666
f 7853 7317 5653
f 7853 5052 7317
f 7854 7115 5056
f 7854 5859 7115
f 7855 6844 6360
f 7855 5150 6844
f 7856 6883 6345
f 7856 6493 6883
f 7857 7004 5047
f 7857 6828 7004
f 7858 7138 5848
f 7858 5886 7138
f 7859 5147 5840
f 7859 5840 5937
f 7860 6866 6828
f 7860 5282 6866
f 7861 5949 5046
f 7861 5937 5949
f 7862 6830 5058
f 7862 6852 6830
f 7863 6852 5192
f 7863 6830 6852
f 7864 5891 5145
f 7864 1496 5891
f 7865 5874 5188
f 7865 5835 5874
f 7866 5949 5840
f 7866 5188 5949
f 7867 6893 5047
f 7867 5915 6893
f 7868 5874 5835
f 7868 5056 5874
f 7869 5872 5840
f 7869 5191 5872
f 7870 5874 5056
f 7870 5839 5874
f 7871 7097 5192
f 7871 5867 7097
f 7872 6140 5188
f 7872 5839 6140
f 7873 6844 5150
f 7873 6834 6844
f 7874 7057 5149
f 7874 6834 7057
f 7875 7773 5464
f 7875 7248 7773
f 7876 5196 6409
f 7876 7358 5196
f 7877 7651 5465
f 7877 7248 7651
f 7878 5019 6439
f 7878 7673 5019
f 7879 7699 5169
f 7879 7162 7699
f 7880 7750 6375
f 7880 7370 7750
f 7881 7798 5465
f 7881 6429 7798
f 7882 7836 5584
f 7882 7223 7836
f 7883 7364 5486
f 7883 6456 7364
f 7884 7680 6456
f 7884 5142 7680
f 7885 7800 7223
f 7885 5052 7800
f 7886 7376 6459
f 7886 5142 7376
f 7887 6957 5041
f 7887 6460 6957
f 7888 7812 5127
f 7888 6456 7812
f 7889 7650 6308
f 7889 6411 7650
f 7890 7376 5486
f 7890 6459 7376
f 7891 7676 6460
f 7891 5127 7676
f 7892 7663 5486
f 7892 6460 7663
f 7893 7815 5450
f 7893 5524 7815
f 7894 5041 6438
f 7894 6438 7663
f 7895 7159 5492
f 7895 5492 7680
f 7896 7667 5518
f 7896 5045 7667
f 7897 5462 5450
f 7897 5450 5691
f 7898 7810 6458
f 7898 7227 7810
f 7899 7886 6459
f 7899 7227 7886
f 7910 5518 5450
f 7910 5450 7900
f 7901 7554 5165
f 7901 5623 7554
f 7902 7789 7150
f 7902 5460 7789
f 7903 7789 5460
f 7903 5492 7789
f 7904 7649 5193
f 7904 5528 7649
f 7905 7677 6457
f 7905 7151 7677
f 7906 7819 7554
f 7906 5546 7819
f 7907 5659 5045
f 7907 5450 5659
f 8124 7908 5139
f 7908 5659 5139
f 7909 7269 5136
f 7909 5467 7269
f 7910 7896 5518
f 7910 7900 7896
f 8400 7911 7296
f 7911 5624 7296
f 7912 7787 6314
f 7912 5460 7787
f 7913 6695 5462
f 7913 5139 6695
f 8108 5703 7959
f 8132 5517 8104
f 8099 7915 5445
f 8013 7915 5604
f 8258 7916 5166
f 7916 5672 7294
f 7917 7837 5489
f 7917 5617 7837
f 7918 5646 5462
f 7918 5044 5646
f 7919 5714 5020
f 7919 5588 5714
f 7920 7826 5143
f 7920 5662 7826
f 7921 5660 5528
f 8126 7921 5045
f 7922 5555 5675
f 7922 7837 5555
f 7923 7147 5525
f 7923 5588 7147
f 8444 7303 7193
f 7924 5672 7303
f 8113 7941 7925
f 8113 5660 7941
f 8104 7926 5703
f 8102 5445 7959
f 7927 7685 5528
f 7927 5434 7685
f 8091 7928 5706
f 8086 5433 5706
f 7929 5458 5139
f 7929 5646 5458
f 7935 7930 7147
f 7930 5564 7147
f 7931 7204 5525
f 7931 5564 7204
f 8085 5704 5601
f 8700 7932 8726
f 8107 7933 5504
f 7933 5619 5504
f 7934 5646 5044
f 7934 5458 5646
f 7935 5588 5135
f 7935 7147 5588
f 7936 5594 5448
f 7936 7286 5594
f 8067 5433 8014
f 8062 5601 8026
f 8096 5677 7281
f 8021 7977 5461
f 8088 5461 7977
f 7939 5452 5711
f 7939 7239 5452
f 7983 7296 5624
f 7940 6698 7296
f 7941 7851 5505
f 7941 5660 7851
f 7949 7942 7314
f 7942 5164 7314
f 8025 5601 5704
f 8026 7943 5134
f 8031 7944 5679
f 7945 7666 5683
f 7945 5164 7666
f 7946 7820 5140
f 7946 5675 7820
f 7947 7297 5569
f 7947 5683 7297
f 7948 7852 5504
f 7948 5688 7852
f 7962 5569 7295
f 7949 7314 5569
f 8085 5601 7950
f 8024 5677 7932
f 8476 8122 5459
f 8376 7279 7958
f 7952 5611 5020
f 7952 5020 5714
f 7953 7215 5611
f 7953 5525 7215
f 7954 7225 5502
f 7954 5633 7225
f 7955 7692 5605
f 7955 5567 7692
f 7956 7648 5164
f 7956 5605 7648
f 7957 5578 5567
f 7957 7302 5578
f 7958 7195 5459
f 7958 5598 7195
f 8120 5705 8014
f 8112 7959 5445
f 7960 7295 5672
f 7960 5455 7295
f 7961 7664 5578
f 7961 5455 7664
f 7962 7949 5569
f 7962 5578 7949
f 7963 7295 5569
f 7963 5672 7295
f 8069 5508 8017
f 8076 5134 7943
f 8129 7965 5695
f 8089 5435 7972
f 7966 6709 5550
f 7966 5467 6709
f 7967 5695 5504
f 8129 5629 7965
f 7968 7948 5504
f 7968 5547 7948
f 7969 7964 5629
f 7969 5666 7964
f 7970 6686 5550
f 7970 5137 6686
f 7971 6709 5467
f 7971 5632 6709
f 8089 7972 5695
f 8106 5547 7968
f 7973 7228 5135
f 7973 5632 7228
f 8193 8173 5538
f 8377 5538 8173
f 7975 7233 5645
f 7975 5137 7233
f 7985 7976 6703
f 8066 5043 7308
f 8088 7977 7938
f 7977 5451 7938
f 7978 7289 5499
f 7978 5632 7289
f 7979 6709 5135
f 7979 5550 6709
f 8041 7980 5651
f 8023 5435 7965
f 7981 7692 5449
f 7981 5605 7692
f 8079 7281 8033
f 7983 7940 7296
f 7983 5548 7940
f 7984 7269 5467
f 7984 5645 7269
f 7985 5652 7976
f 8695 8717 8754
f 8408 5661 7986
f 8373 5548 7312
f 7987 6713 5642
f 7987 5015 6713
f 8702 8080 8009
f 8740 8749 5678
f 8184 7989 5647
f 8192 7989 6689
f 7990 5499 5564
f 7990 7228 5499
f 7991 7835 5449
f 7991 5697 7835
f 7992 7834 5697
f 7992 5567 7834
f 8155 8135 7993
f 8155 5640 8135
f 8735 8698 7994
f 8748 8722 8697
f 8035 5508 5666
f 8694 7998 8065
f 7999 7951 5586
f 8392 7999 5137
f 8064 6682 7323
f 8063 6676 8004
f 8043 8048 8001
f 8002 6718 5436
f 8082 5568 6718
f 8068 6683 8003
f 8694 8065 8691
f 8003 6683 6677
f 8068 8003 5432
f 8001 7944 5436
f 8001 5679 7944
f 8052 8004 6676
f 8063 8004 6682
f 8005 7313 6677
f 8005 6718 7313
f 8006 5431 6680
f 8006 6674 6679
f 8053 8007 6681
f 8142 8007 5515
f 8701 8048 8043
f 8008 5432 6717
f 8040 5432 6678
f 8011 8004 5542
f 8070 8011 5557
f 8705 8734 8746
f 8075 7323 6682
f 8012 5641 7323
f 8112 5705 7959
f 8013 5604 5705
f 8081 8014 5705
f 8120 8014 5433
f 8015 7308 6685
f 8071 6703 7308
f 8016 5705 5604
f 8081 5133 8014
f 8046 5641 8049
f 8017 7326 5651
f 8017 5508 7326
f 8018 6714 5630
f 8156 8018 8084
f 8078 8019 7313
f 8019 6673 7313
f 8020 6681 5783
f 8058 8020 5630
f 8021 7305 6687
f 8021 5461 7305
f 8030 6673 6715
f 5652 6687 7976
f 8073 6674 6691
f 8722 8711 8753
f 8087 7980 6705
f 8023 5651 7980
f 8024 7950 5133
f 8024 7932 7950
f 8090 8025 7943
f 8025 5573 7943
f 8062 8026 5706
f 8091 5134 7928
f 8027 8022 6677
f 8027 6673 8022
f 8755 8700 8726
f 8701 7985 8048
f 5634 6674 6680
f 8028 7980 5557
f 8028 6705 7980
f 8148 8029 6702
f 8029 7944 6702
f 8731 6678 5634
f 8731 8074 6678
f 8030 8022 6673
f 8030 6675 8022
f 8031 7315 6702
f 8031 5679 7315
f 8032 7328 5677
f 8032 5133 7328
f 8033 7328 5451
f 8033 5677 7328
f 8708 7281 8010
f 8034 7938 5451
f 8034 5604 7938
f 8001 5436 7998
f 8035 7996 5508
f 8718 8035 5573
f 8478 8036 7309
f 8036 5043 7309
f 5562 8074 8731
f 8730 8754 7994
f 8691 8704 8733
f 8039 7305 5043
f 8039 6687 7305
f 8040 8009 5432
f 8040 8074 8009
f 8041 7326 5557
f 8041 5651 7326
f 8042 8009 8727
f 8042 5432 8009
f 8698 8735 6701
f 8080 8727 8009
f 8046 7323 5641
f 8046 5431 7323
f 8047 5782 6676
f 8047 6679 5782
f 8048 6703 5679
f 8048 7985 6703
f 8046 8049 6697
f 8049 5508 6697
f 8050 7969 5629
f 8050 5134 7969
f 8051 7938 5604
f 8051 6699 7938
f 8052 6716 5542
f 8052 6676 6716
f 8053 6715 6673
f 8053 6681 6715
f 8054 7950 5601
f 8054 5133 7950
f 8055 7965 5629
f 8055 5651 7965
f 8752 7995 8717
f 5656 8728 8739
f 8703 8706 8057
f 8724 8732 8038
f 8010 7982 5652
f 8010 7281 7982
f 8058 6715 6681
f 8058 5630 6715
f 8693 8059 8734
f 8746 5704 8747
f 8060 7309 5043
f 8060 5586 7309
f 8061 5693 5619
f 8061 5134 5693
f 8062 7937 5601
f 8062 5706 7937
f 8063 8000 6676
f 8063 6682 8000
f 8064 8000 6682
f 8064 5431 8000
f 8065 6683 8037
f 8066 7976 5043
f 8066 6703 7976
f 8067 5706 5433
f 8067 7937 5706
f 8068 8037 6683
f 8068 5432 8037
f 8069 5666 5508
f 8069 7964 5666
f 8070 5557 6682
f 8070 6682 8004
f 8071 8015 5679
f 8071 7308 8015
f 8072 7977 6687
f 8072 5451 7977
f 8073 6691 5630
f 8075 8012 7323
f 8075 5557 8012
f 8076 7969 5134
f 8076 5666 7969
f 8077 7943 5573
f 8077 5666 7943
f 8078 6718 5568
f 8078 7313 6718
f 8079 7982 7281
f 8079 5451 7982
f 8727 8045 8704
f 8081 8016 5133
f 8081 5705 8016
f 8082 8002 5618
f 8082 6718 8002
f 8744 5704 7932
f 8708 8096 7281
f 8084 8018 5783
f 8156 8084 5782
f 8085 7932 5704
f 8085 7950 7932
f 8086 7928 5505
f 8086 5706 7928
f 8087 8023 7980
f 8087 5435 8023
f 8101 8088 6699
f 8088 7938 6699
f 8089 7965 5435
f 8089 5695 7965
f 8090 8026 5601
f 8090 7943 8026
f 8091 8026 5134
f 8091 5706 8026
f 8092 7305 5461
f 8092 5586 7305
f 8093 5504 5619
f 8093 5619 5693
f 8094 7928 5619
f 8094 5505 7928
f 8095 7914 5433
f 8095 5505 7914
f 8096 8726 5677
f 8115 6706 7972
f 8097 5642 6706
f 8098 7914 5505
f 8098 5517 7914
f 8099 5710 5136
f 8099 5445 5710
f 8100 7267 6699
f 8100 5136 7267
f 8101 7267 5461
f 8101 6699 7267
f 8102 7926 5445
f 8102 5703 7926
f 8103 5710 5445
f 8103 5458 5710
f 8124 5517 7908
f 8132 8104 5703
f 8125 7233 8092
f 8105 5645 7233
f 8106 7972 5547
f 8106 5695 7972
f 8107 7852 5434
f 8107 5504 7852
f 8108 7914 5703
f 8108 5433 7914
f 8131 5642 8097
f 8109 7262 5642
f 8126 5660 7921
f 8110 7851 5660
f 8111 5710 5576
f 8111 5136 5710
f 8112 8013 5705
f 8112 5445 8013
f 8113 5434 5660
f 8113 7925 5434
f 8114 8104 5139
f 8114 7926 8104
f 8115 8097 6706
f 8115 5435 8097
f 8116 8109 6705
f 8116 5542 8109
f 8117 7269 5645
f 8119 8117 7267
f 8118 7695 5547
f 8118 6706 7695
f 8119 7267 5136
f 8119 5136 7269
f 8120 7959 5705
f 8120 5433 7959
f 8121 6713 5443
f 8121 5642 6713
f 8122 7951 5459
f 8122 5586 7951
f 8128 8123 7852
f 8123 5434 7852
f 8124 8104 5517
f 8124 5139 8104
f 8125 8105 7233
f 8125 5461 8105
f 8126 8110 5660
f 8126 5045 8110
f 8127 7934 5576
f 8127 5458 7934
f 8128 5688 5626
f 8128 7852 5688
f 8129 7967 5629
f 8129 5695 7967
f 8130 7948 5547
f 8130 5688 7948
f 8131 8109 5642
f 8131 6705 8109
f 8132 7914 5517
f 8132 5703 7914
f 8165 8133 6684
f 8133 5515 6684
f 8175 8134 7268
f 8134 5446 7268
f 8150 6708 5568
f 8137 5515 6708
f 8136 7298 5618
f 8136 5663 7298
f 8137 8135 5640
f 8150 5568 8135
f 8138 6694 5532
f 8138 5783 6694
f 8476 7309 8122
f 8478 6685 8036
f 8140 6716 6676
f 8388 5655 6716
f 8141 5655 5015
f 8141 5542 5655
f 8142 5515 5783
f 8142 5783 6681
f 8145 8143 5446
f 8143 6702 7315
f 8144 8082 5618
f 8144 5568 8082
f 8145 7316 6702
f 8145 5446 7316
f 8146 7266 5663
f 8386 5446 8134
f 8147 8143 6685
f 8147 5446 8143
f 8148 7316 5618
f 8148 6702 7316
f 8149 5783 5515
f 8149 6694 5783
f 8150 8137 6708
f 8150 8135 8137
f 8151 8137 5640
f 8151 5515 8137
f 8008 8022 6675
f 8008 6717 8022
f 8152 8003 6677
f 8152 6717 8003
f 8153 6692 5782
f 8194 5538 6692
f 8154 7298 6696
f 8154 5618 7298
f 8155 6696 5640
f 8155 7993 6696
f 8156 5782 6714
f 8156 6714 8018
f 8161 6704 8157
f 8163 8157 5566
f 8158 6696 5224
f 8158 5640 6696
f 8159 8133 5620
f 8159 6694 8133
f 8160 5224 6696
f 8160 6696 7298
f 8161 6684 5640
f 8161 8157 6684
f 8480 5532 8170
f 8192 5647 7989
f 8171 8163 5566
f 8165 5620 8133
f 8164 8161 5640
f 8164 6704 8161
f 8165 8163 5620
f 8165 6684 8163
f 8166 8153 5532
f 8166 6692 8153
f 8167 6710 5223
f 8177 8167 6693
f 8178 6704 5224
f 8174 5566 6704
f 8169 7321 5663
f 8169 5544 7321
f 8170 5532 5620
f 8170 5620 6693
f 8171 6710 5620
f 8171 5566 6710
f 8172 6674 5630
f 8172 5630 6714
f 8377 8173 7974
f 8173 5437 7974
f 8174 8168 5612
f 8178 5224 8168
f 8186 5459 7195
f 8382 7268 8139
f 8479 7206 5544
f 8380 5574 8187
f 8177 5620 6710
f 8177 6710 8167
f 8178 8174 6704
f 8178 8168 8174
f 8219 5625 8179
f 8182 8179 5566
f 8180 6710 5566
f 8190 5223 6710
f 8181 8167 5223
f 8181 6693 8167
f 8182 8174 5612
f 8182 5566 8174
f 8183 5544 5631
f 8183 7321 5544
f 8184 7226 5437
f 8184 5647 7226
f 8185 7330 5224
f 8185 5631 7330
f 8186 8175 5459
f 8186 5574 8175
f 8407 5598 8207
f 8378 5574 8186
f 8189 7265 5631
f 8188 5664 7265
f 8189 8188 7265
f 8381 7206 8188
f 8190 8180 5625
f 8190 6710 8180
f 8191 5661 5015
f 8191 5437 5661
f 8192 8162 5647
f 8192 6689 8162
f 8193 5538 6689
f 8193 6689 7989
f 8194 8166 6689
f 8194 6692 8166
f 8195 7321 5224
f 8195 5663 7321
f 8404 5592 8196
f 8220 7202 7221
f 8197 6712 5561
f 8229 5516 6712
f 8204 8198 5625
f 8213 8198 8202
f 8389 8199 6698
f 8402 5516 7292
f 8251 8200 8197
f 8200 5253 8197
f 8391 7277 8201
f 8395 7238 7288
f 8202 5545 5223
f 8202 5560 5545
f 8385 5664 8210
f 8203 5592 7277
f 8204 6720 5533
f 8204 5625 6720
f 8396 7306 7279
f 8205 5527 7306
f 8206 7226 5561
f 8206 5437 7226
f 8390 7202 8220
f 8406 5598 8211
f 8208 7312 5624
f 8208 5443 7312
f 8209 5664 5470
f 8209 7265 5664
f 8374 7206 8187
f 8371 5664 8188
f 8211 7306 5527
f 8211 5598 7306
f 8375 5439 8206
f 8212 5561 6712
f 8213 5223 5625
f 8213 5625 8198
f 8214 7238 5226
f 8214 5470 7238
f 8215 7222 5488
f 8215 5527 7222
f 8216 7222 5527
f 8216 5520 7222
f 8224 8217 5440
f 8217 6720 5440
f 8267 5583 8223
f 8218 7277 5592
f 8219 5612 5440
f 8219 8179 5612
f 8220 8196 5228
f 8220 7221 8196
f 8221 5683 5443
f 8221 7297 5683
f 8253 5500 8252
f 8222 5628 5500
f 8458 5485 8260
f 8232 8223 5537
f 8224 7319 5628
f 8224 5440 7319
f 8225 8216 6707
f 8225 5520 8216
f 8226 5631 5522
f 8226 7330 5631
f 8234 8233 5441
f 8227 5670 5441
f 8228 7324 5516
f 8228 5654 7324
f 8229 8197 5253
f 8229 6712 8197
f 8370 5437 8206
f 8384 5437 8370
f 8231 7294 5569
f 8231 5624 7294
f 8232 8218 5592
f 8232 5537 8218
f 8233 8227 5441
f 8233 5533 8227
f 8234 5681 5560
f 8240 8235 5253
f 8235 8234 5441
f 8235 5681 8234
f 8421 5680 8243
f 8424 8236 8235
f 8248 8237 5520
f 8237 7222 5520
f 8238 5522 5470
f 8238 5470 6700
f 8239 5575 5226
f 8239 5226 7238
f 8240 8200 5681
f 8240 5253 8200
f 8430 7193 7303
f 8241 6690 7193
f 8242 7214 5485
f 8242 5583 7214
f 8243 5680 5587
f 8421 8243 5253
f 8244 8215 5488
f 8244 7202 8215
f 8245 7221 5488
f 8245 5583 7221
f 8246 7322 5522
f 8246 6651 7322
f 8247 5694 5068
f 8247 5575 5694
f 8248 5718 5638
f 8248 5520 5718
f 8249 7245 5545
f 8249 7226 7245
f 8250 7235 5488
f 8250 5638 7235
f 8251 5561 5545
f 8251 8197 5561
f 8252 7300 5627
f 8252 5500 7300
f 8253 8222 5500
f 8253 5067 8222
f 8254 5717 5520
f 8254 5550 5717
f 8261 8255 5229
f 8255 7214 5229
f 8256 7698 5671
f 8256 5638 7698
f 8257 8256 5671
f 8257 7235 8256
f 8258 7303 5672
f 8258 5166 7303
f 8432 8223 8242
f 8433 8259 8409
f 8260 5686 5068
f 8260 5485 5686
f 8261 7224 5571
f 8437 8261 5229
f 8438 5485 8255
f 8262 5571 5596
f 8292 8263 5716
f 8263 5454 5716
f 8264 5718 5020
f 8264 5638 5718
f 8265 7567 5472
f 8439 5068 7567
f 8453 8266 6690
f 8266 7193 6690
f 8267 8232 5592
f 8267 8223 8232
f 8447 8268 5267
f 8451 5558 8268
f 8271 8269 5673
f 8447 8269 8268
f 8296 8270 7194
f 8297 8283 5526
f 8271 5454 5535
f 8271 5673 5454
f 8272 7196 5572
f 8272 5020 7196
f 8281 5716 5454
f 8273 5496 5716
f 8274 7218 5665
f 8301 5572 7218
f 8275 5685 5491
f 8282 5239 5685
f 8276 5713 5540
f 8481 8276 5491
f 8277 8275 5491
f 8277 5606 8275
f 8450 8278 8270
f 8278 5596 8270
f 8279 7224 5671
f 8279 5526 7224
f 8280 7567 5068
f 8280 5540 7567
f 8281 8273 5716
f 8281 5539 8273
f 8282 8275 5577
f 8282 5685 8275
f 8287 8270 5596
f 8283 7194 8270
f 8284 7224 5526
f 8284 5571 7224
f 8285 8278 5577
f 8285 5596 8278
f 8286 8282 5577
f 8286 5239 8282
f 8287 8283 8270
f 8287 5571 8283
f 8288 5227 5453
f 8288 5453 5498
f 8295 5608 5539
f 8289 5506 5608
f 8290 8272 5572
f 8290 7199 8272
f 8291 5718 5520
f 8291 5588 5718
f 8292 5496 5463
f 8292 5716 5496
f 8293 5633 6711
f 8293 7311 5633
f 8294 7698 5020
f 8294 7199 7698
f 8295 8289 5608
f 8295 5454 8289
f 8302 5665 7278
f 8296 7194 5665
f 8297 8274 7194
f 8297 5526 8274
f 8298 7605 5239
f 8314 5553 7605
f 8299 5474 5227
f 8299 5609 5474
f 8303 7601 5539
f 8300 6688 7601
f 8301 8274 5526
f 8301 7218 8274
f 8302 8296 5665
f 8302 5239 8296
f 8303 8300 7601
f 8303 5585 8300
f 8304 7605 5553
f 8304 5685 7605
f 8309 8305 7555
f 8324 8305 5252
f 8306 7243 5218
f 8306 5572 7243
f 8307 7284 5536
f 8319 5218 7284
f 8308 5218 5665
f 8308 5665 7218
f 8309 5585 5539
f 8309 7555 5585
f 8310 7304 5466
f 8310 7146 7304
f 8311 7299 5491
f 8311 5610 7299
f 8312 7591 5585
f 8312 5636 7591
f 8449 5225 7270
f 8313 7299 5225
f 8314 8298 5699
f 8314 7605 8298
f 8463 8315 5585
f 8315 7590 5585
f 8316 5650 5481
f 8316 5474 5650
f 8317 8316 5607
f 8317 5474 8316
f 8457 5521 8456
f 8318 6688 7304
f 8319 8307 5665
f 8319 7284 8307
f 8320 5536 5699
f 8320 7278 5536
f 8463 5466 8315
f 8321 5585 7591
f 8322 5648 5227
f 8322 5473 5648
f 8351 8323 7607
f 8327 5536 7607
f 8324 5252 5636
f 8324 5636 7555
f 8325 7293 5658
f 8325 7146 7293
f 8471 5466 7532
f 8326 7293 5466
f 8327 8323 5699
f 8327 7607 8323
f 8328 7607 5536
f 8328 5707 7607
f 8329 7531 5252
f 8329 5608 7531
f 8330 5692 5582
f 8483 8330 5270
f 8331 7284 5218
f 8331 7145 7284
f 8469 5497 8465
f 8332 7578 5497
f 8460 5506 7261
f 8333 7531 5506
f 8335 8334 5591
f 8493 8334 7568
f 8335 7578 5252
f 8335 5591 7578
f 8336 7577 5658
f 8336 7153 7577
f 8346 5607 7616
f 8337 5570 5607
f 8338 5252 5639
f 8338 5639 7568
f 8339 7612 5536
f 8339 7145 7612
f 8340 6646 5510
f 8340 5076 6646
f 8345 7216 7220
f 8559 8341 8506
f 8342 5615 5270
f 8342 5507 5615
f 8343 5551 5473
f 8343 5271 5551
f 8344 7249 5514
f 8344 5702 7249
f 8345 8341 7216
f 8345 5240 8341
f 8346 8337 5607
f 8346 5026 8337
f 8347 7568 5639
f 8347 5565 7568
f 8482 7192 5708
f 8357 5610 7192
f 8349 8348 5708
f 8359 5240 8348
f 8350 8343 5473
f 8350 5635 8343
f 8358 5707 7201
f 8351 7607 5707
f 8352 5240 5715
f 8352 5715 7566
f 8473 8353 7272
f 8507 5644 7272
f 8354 7570 5026
f 8354 5644 7570
f 8355 7612 7145
f 8368 5707 7612
f 8356 5565 5076
f 8356 5676 5565
f 8357 8348 5240
f 8482 5708 8348
f 8358 8351 5707
f 8358 5514 8351
f 8359 8349 5715
f 8359 8348 8349
f 8360 7615 5065
f 8360 5707 7615
f 8509 8361 7585
f 8555 7216 7585
f 8362 5676 5469
f 8362 5565 5676
f 8365 5478 7231
f 8363 7255 5478
f 8503 8364 5690
f 8364 5715 7249
f 8365 8363 5478
f 8365 5591 8363
f 8366 7255 5531
f 8366 5689 7255
f 8367 5712 5543
f 8367 7216 5712
f 8368 8355 5600
f 8368 7612 8355
f 8369 8187 7195
f 8369 5228 8187
f 8384 8370 8230
f 8370 5439 8230
f 8371 8210 5664
f 8371 7206 8210
f 8372 7940 5548
f 8372 5439 7940
f 8373 7986 5548
f 8373 6713 7986
f 8374 8210 7206
f 8374 5228 8210
f 8375 8212 5439
f 8375 5561 8212
f 8376 7951 7279
f 8376 5459 7951
f 8377 5655 5538
f 8377 7974 5655
f 8378 8187 5574
f 8378 7195 8187
f 8379 8203 7277
f 8379 5228 8203
f 8380 8176 5574
f 8479 5544 8176
f 8381 8189 5544
f 8381 8188 8189
f 8382 8175 7268
f 8382 5459 8175
f 8383 7986 5661
f 8383 5548 7986
f 8384 5661 5437
f 8384 8230 5661
f 8385 8379 7277
f 8385 8210 8379
f 8386 8146 5446
f 8386 7266 8146
f 8387 8134 5574
f 8387 7266 8134
f 8388 8140 5538
f 8388 6716 8140
f 8389 7940 5439
f 8389 6698 7940
f 8390 8207 7202
f 8390 5228 8207
f 8391 7288 5664
f 8391 8201 7288
f 8392 5137 7279
f 8392 7279 7951
f 8393 7312 5548
f 8393 5624 7312
f 8394 5443 6713
f 8394 7312 5443
f 8395 8201 5537
f 8395 7288 8201
f 8396 8205 7306
f 8396 5137 8205
f 8398 8397 5500
f 8397 7301 5500
f 8398 7319 6651
f 8399 5628 7319
f 8399 8398 5500
f 8399 7319 8398
f 8403 6698 7292
f 8400 7296 6698
f 8401 8397 6651
f 8401 5226 8397
f 8402 8199 5516
f 8402 6698 8199
f 8403 8400 6698
f 8403 5166 8400
f 8404 7221 5583
f 8404 8196 7221
f 8405 8211 5527
f 8405 7202 8211
f 8406 8207 5598
f 8406 7202 8207
f 8407 8369 7195
f 8407 8207 8369
f 8408 6713 5015
f 8408 7986 6713
f 8422 5575 8239
f 8443 8409 8259
f 8414 5516 7324
f 8410 7292 5516
f 8431 7301 8411
f 8420 8418 5226
f 8412 8410 5637
f 8412 5166 8410
f 8420 8413 8418
f 8413 5575 5657
f 8414 8410 5516
f 8414 5637 8410
f 8415 7236 5229
f 8415 5583 7236
f 8416 8397 5226
f 8416 7301 8397
f 8423 5563 8417
f 8426 5587 5680
f 8418 8411 5226
f 8418 7320 8411
f 8475 7325 6690
f 8419 5463 7325
f 8420 5226 5575
f 8420 5575 8413
f 8421 8236 5680
f 8421 5253 8236
f 8422 8409 5575
f 8422 5537 8409
f 8474 5441 8425
f 8423 8417 5680
f 8424 5441 5680
f 8424 5680 8236
f 8425 5667 5563
f 8427 5067 5667
f 8426 8417 5535
f 8426 5680 8417
f 8427 8425 5441
f 8427 5667 8425
f 8429 5670 8222
f 8428 5441 5670
f 8429 8428 5670
f 8429 5067 8428
f 8430 8241 7193
f 8430 5166 8241
f 8431 7320 5616
f 8431 8411 7320
f 8432 8259 8223
f 8432 5485 8259
f 8433 5537 8223
f 8433 8223 8259
f 8434 5472 5616
f 8434 5616 7320
f 8435 7327 5587
f 8435 5535 7327
f 8436 7324 5654
f 8436 5463 7324
f 8437 5229 5671
f 8437 5671 7224
f 8438 8262 5485
f 8438 5571 8262
f 8439 8265 5657
f 8439 7567 8265
f 8440 5463 5587
f 8440 5587 7327
f 8441 5068 5577
f 8441 5577 5606
f 8442 5577 5068
f 8442 5068 5686
f 8443 5694 5575
f 8443 5575 8409
f 8444 7924 7303
f 8444 5633 7924
f 8445 8266 5521
f 8445 5633 8266
f 8446 6688 5496
f 8446 7601 6688
f 8447 5267 5673
f 8447 5673 8269
f 8448 8266 5633
f 8448 7193 8266
f 8449 8313 5225
f 8449 5713 8313
f 8450 8296 5239
f 8450 8270 8296
f 8451 5535 5563
f 8451 8268 5535
f 8452 5521 7146
f 8452 7225 5521
f 8453 7329 5521
f 8453 6690 7329
f 8454 7329 6690
f 8454 5496 7329
f 8455 5535 5454
f 8455 7327 5535
f 8456 5496 6688
f 8456 7329 5496
f 8457 8318 5521
f 8457 6688 8318
f 8458 8259 5485
f 8458 5694 8259
f 8459 5692 5444
f 8459 5534 5692
f 8460 8333 5506
f 8460 5639 8333
f 8461 5708 5553
f 8461 7579 5708
f 8462 7532 5466
f 8462 7158 7532
f 8463 8321 5466
f 8463 5585 8321
f 8464 7259 5267
f 8464 5552 7259
f 8465 7232 7158
f 8465 5497 7232
f 8470 8466 5506
f 8466 7259 5506
f 8467 5636 7158
f 8467 7591 5636
f 8468 5649 5519
f 8468 7197 5649
f 8469 8332 5497
f 8469 5636 8332
f 8470 8289 5673
f 8470 5506 8289
f 8471 8326 5466
f 8471 7153 8326
f 8472 7532 5554
f 8472 7153 7532
f 8473 5026 5649
f 8473 7272 5026
f 8474 5680 5441
f 8474 8423 5680
f 8475 8419 7325
f 8475 5637 8419
f 8476 8139 7309
f 8476 5459 8139
f 8477 8169 7266
f 8477 5544 8169
f 8478 8139 6685
f 8478 7309 8139
f 8479 8380 7206
f 8479 8176 8380
f 8480 6689 5532
f 8480 8162 6689
f 8718 7996 8035
f 8481 8313 5713
f 8481 5491 8313
f 8482 8357 7192
f 8482 8348 8357
f 8483 5270 5444
f 8483 5444 5692
f 8486 7241 6646
f 8484 5615 7241
f 8485 7579 5514
f 8485 5708 7579
f 8486 8484 7241
f 8486 5444 8484
f 8487 7240 5444
f 8487 6646 7240
f 8488 7593 7220
f 8488 5484 7593
f 8489 8459 5444
f 8489 5579 8459
f 8501 5684 8500
f 8490 7231 5684
f 8491 7597 5269
f 8491 7241 7597
f 8492 8490 5684
f 8492 5497 8490
f 8493 5531 5591
f 8493 5591 8334
f 8500 5554 7232
f 8538 5700 8494
f 8495 7616 5481
f 8495 5649 7616
f 8498 5481 5650
f 8496 5650 7307
f 8497 5649 5026
f 8497 7616 5649
f 8498 8496 5519
f 8498 5650 8496
f 8499 7623 6638
f 8499 5238 7623
f 8500 8494 5554
f 8500 5684 8494
f 8501 8492 5684
f 8501 7232 8492
f 8502 7588 5644
f 8502 5482 7588
f 8503 7566 5715
f 8503 5690 7566
f 8520 8504 7570
f 8504 5635 7570
f 8521 5238 5621
f 8521 5621 8505
f 8508 5690 7541
f 8506 7566 5690
f 8507 8353 5238
f 8507 7272 8353
f 8508 8506 5690
f 8508 5712 8506
f 8509 5543 5621
f 8509 7585 5543
f 8510 5621 5238
f 8510 7530 5621
f 8511 5644 5238
f 8511 7438 5644
f 8512 7604 6596
f 8512 5684 7604
f 8513 7582 5070
f 8513 5621 7582
f 8514 7541 5493
f 8514 5712 7541
f 8515 5689 5469
f 8515 7213 5689
f 8571 8516 5543
f 8516 6649 7582
f 8517 6584 5510
f 8517 7256 6584
f 8518 8517 5510
f 8518 6632 8517
f 8529 7603 6596
f 8519 6633 7603
f 8520 5644 5513
f 8520 7570 5644
f 8521 6635 5238
f 8521 8505 6635
f 8535 7213 7274
f 8522 5689 7213
f 8575 7583 5493
f 8575 5493 8523
f 8524 7274 6584
f 8524 6588 7274
f 8525 7600 5482
f 8525 6617 7600
f 8526 7580 5702
f 8526 5241 7580
f 8527 8512 7569
f 8527 5684 8512
f 8627 5070 8533
f 8528 6635 5070
f 8529 8519 7603
f 8529 5478 8519
f 8530 7603 5767
f 8530 6596 7603
f 8531 7617 5698
f 8531 6660 7617
f 8550 8532 7602
f 8532 6583 7602
f 8541 5070 6655
f 8533 5503 6599
f 8534 7541 6660
f 8534 5493 7541
f 8535 8522 7213
f 8535 5257 8522
f 8536 5236 6638
f 8536 6656 5236
f 8537 5487 6638
f 8537 6638 7623
f 8538 5684 7185
f 8538 8494 5684
f 8539 7234 6584
f 8539 5469 7234
f 8540 5565 5531
f 8540 7568 5565
f 8541 8533 5070
f 8541 5503 8533
f 8542 7256 5256
f 8542 7396 7256
f 8543 6642 6583
f 8544 8543 5493
f 8549 5493 8531
f 8544 5698 6642
f 8545 7618 6617
f 8545 5725 7618
f 8546 7621 6669
f 8546 6581 7621
f 8547 6656 5487
f 8547 5237 6656
f 8548 7453 5256
f 8548 6597 7453
f 8549 8544 5493
f 8549 5698 8544
f 8550 5070 6649
f 8550 7602 5070
f 8552 8551 5724
f 8551 7453 5724
f 8552 6641 6588
f 8552 5724 6641
f 8553 7536 6645
f 8553 6583 7536
f 8554 6645 5503
f 8554 6655 6645
f 8555 8361 5484
f 8555 7585 8361
f 8556 7602 6583
f 8556 6655 7602
f 8557 7529 5725
f 8564 5264 7529
f 8561 6631 7418
f 8558 7406 6631
f 8559 5712 7216
f 8559 7216 8341
f 8560 7536 6583
f 8560 5233 7536
f 8561 8558 6631
f 8561 5784 8558
f 8562 6615 6659
f 8562 6659 7424
f 8563 5724 6597
f 8563 6597 7454
f 8564 8557 6619
f 8564 7529 8557
f 8568 8565 7569
f 8565 7185 7569
f 8566 5054 6596
f 8566 7186 5054
f 8567 5767 6416
f 8567 7186 5767
f 8568 6596 5054
f 8568 7569 6596
f 8569 5241 6660
f 8569 7580 5241
f 8570 5241 7260
f 8570 7260 7617
f 8571 7583 6649
f 8571 5543 7583
f 8572 5543 5712
f 8572 7583 5543
f 8573 8360 5065
f 8573 7201 8360
f 8574 7230 5554
f 8574 5700 7230
f 8575 6649 7583
f 8575 8523 6649
f 8576 5534 5453
f 8576 5582 5534
f 8577 7571 5071
f 8577 7441 7571
f 8578 7459 5503
f 8578 6648 7459
f 8579 5264 6619
f 8579 7472 5264
f 8630 7536 8629
f 8580 6645 7536
f 8581 7444 6619
f 8581 5071 7444
f 8582 7459 5234
f 8582 6600 7459
f 8583 7384 6629
f 8583 5071 7384
f 8605 8586 8584
f 8605 6608 8586
f 8585 6598 5278
f 8585 6650 6598
f 8586 7398 5765
f 8586 6608 7398
f 8617 8587 7458
f 8587 6604 7458
f 8588 6648 6603
f 8588 5234 6648
f 8589 7474 5778
f 8589 6629 7474
f 8590 6663 6605
f 8590 5234 6663
f 8591 7467 6600
f 8591 5763 7467
f 8592 6672 5763
f 8592 6605 6672
f 8593 7464 6601
f 8593 5765 7464
f 8594 7444 5778
f 8594 6619 7444
f 8595 7383 6608
f 8595 5075 7383
f 8596 7398 6608
f 8596 5255 7398
f 8597 7242 6606
f 8597 5255 7242
f 8598 7389 6602
f 8598 5231 7389
f 8599 7465 6620
f 8599 5266 7465
f 8600 7389 5764
f 8600 6602 7389
f 8601 7384 5071
f 8601 6602 7384
f 8602 7465 5279
f 8602 6620 7465
f 8603 7495 7382
f 8603 6601 7495
f 8604 5764 6629
f 8604 6629 7384
f 8605 7382 6608
f 8605 8584 7382
f 8606 7571 7441
f 8606 6582 7571
f 8607 7395 6419
f 8607 6604 7395
f 8608 7499 5075
f 8608 6661 7499
f 8609 7488 5764
f 8609 6624 7488
f 8610 7622 5788
f 8610 7435 7622
f 8611 7520 6624
f 8611 5231 7520
f 8612 7513 6622
f 8612 5266 7513
f 8613 5275 6244
f 8613 6244 6628
f 8614 6672 6605
f 8614 5231 6672
f 8615 7465 6622
f 8615 5279 7465
f 8665 5801 7466
f 8616 5201 5801
f 8617 6661 5258
f 8617 7458 6661
f 8618 7526 6244
f 8618 7430 7526
f 8619 7409 5071
f 8619 6607 7409
f 8620 7571 6582
f 8620 6607 7571
f 8621 7409 5763
f 8621 6602 7409
f 8622 5801 5201
f 8622 5800 5801
f 8642 8623 7491
f 8623 5079 7491
f 8624 7627 6666
f 8624 6614 7627
f 8625 7504 5800
f 8625 5815 7504
f 8626 7495 6601
f 8626 6661 7495
f 8627 8528 5070
f 8627 5487 8528
f 8628 7467 5763
f 8628 6607 7467
f 8629 6662 6603
f 8629 5233 6662
f 8630 8580 7536
f 8630 6603 8580
f 8631 8542 5256
f 8631 6588 8542
f 8632 6637 5275
f 8672 5079 8635
f 8633 7387 5075
f 8633 6634 7387
f 8634 5829 5274
f 8634 5273 5829
f 8635 7624 5273
f 8635 5079 7624
f 8636 7454 6597
f 8636 5258 7454
f 8637 7627 7431
f 8667 6666 7627
f 8638 7430 5250
f 8638 6616 7430
f 8639 6144 5074
f 8639 6142 6144
f 8640 7416 6143
f 8640 5248 7416
f 8641 7493 5248
f 8641 6142 7493
f 8642 5276 7439
f 8642 7491 5276
f 8643 6614 5789
f 8643 5789 7448
f 8644 7416 5250
f 8644 6143 7416
f 8668 8645 7468
f 8645 5797 7468
f 8646 7439 5279
f 8646 7483 7439
f 8647 7506 7395
f 8647 5260 7506
f 8648 6228 5260
f 8648 6142 6228
f 8649 7634 5028
f 8649 6598 7634
f 8650 7466 5202
f 8650 5797 7466
f 8651 5268 6639
f 8651 7418 5268
f 8652 7514 6653
f 8652 5784 7514
f 8653 5205 5803
f 8653 5803 7469
f 8654 8558 5784
f 8654 6597 8558
f 8655 7463 6654
f 8655 5787 7463
f 8656 7492 5232
f 8656 6654 7492
f 8657 7625 5788
f 8657 7431 7625
f 8658 6628 5079
f 8658 8613 6628
f 8659 7624 7513
f 8659 5273 7624
f 8660 7513 5266
f 8660 5808 7513
f 8661 7638 7431
f 8661 6614 7638
f 8662 7504 5202
f 8662 5801 7504
f 8663 7511 5248
f 8663 7395 7511
f 8664 8652 6653
f 8664 7471 8652
f 8665 8616 5801
f 8665 5060 8616
f 8666 7624 5079
f 8666 6622 7624
f 8667 8637 5265
f 8667 7627 8637
f 8668 5821 5205
f 8668 7468 5821
f 8669 7625 5060
f 8669 7443 7625
f 8670 7500 5208
f 8670 5821 7500
f 8671 7488 5232
f 8671 6626 7488
f 8672 8632 5079
f 8672 6637 8632
f 8673 6193 6171
f 8673 5074 6193
f 8674 5817 5062
f 8674 5386 5817
f 8675 5823 5386
f 8675 5799 5823
f 8676 7486 5812
f 8676 5388 7486
f 8677 6184 6171
f 8677 5259 6184
f 8678 7446 6592
f 8678 5787 7446
f 8679 7494 5387
f 8679 5799 7494
f 8680 5817 5810
f 8680 5062 5817
f 8681 7498 5815
f 8681 5062 7498
f 8682 7451 5787
f 8682 5792 7451
f 8683 7463 5787
f 8683 5800 7463
f 8684 6190 6171
f 8684 6141 6190
f 8685 5822 5388
f 8685 5389 5822
f 8686 7505 5799
f 8686 5203 7505
f 8687 8625 5800
f 8687 5203 8625
f 8688 7502 5816
f 8688 5203 7502
f 8689 7477 6626
f 8689 5789 7477
f 8690 6190 6141
f 8690 6142 6190
f 8745 5704 8744
f 8694 8001 7998
f 8701 8714 7985
f 8692 7988 5562
f 7988 6701 8709
f 8693 5573 8059
f 8720 8731 8696
f 8037 8691 8065
f 8742 8056 8723
f 8733 8704 8749
f 8722 8739 8697
f 8713 8715 5656
f 8037 8042 8727
f 6697 5508 7996
f 8745 8744 8083
f 8700 8755 8753
f 8710 8713 8737
f 8702 8074 7988
f 8702 8009 8074
f 8732 8057 8723
f 8691 8733 8694
f 8738 5597 8721
f 8734 8705 8706
f 8738 8705 5597
f 8734 8706 8703
f 5562 7988 8074
f 8707 8693 8038
f 8707 8718 8693
f 8740 8044 8749
f 8747 5597 8705
f 8710 8714 8701
f 8713 7997 8715
f 8714 5652 7985
f 8735 8715 8044
f 8720 8046 6697
f 8726 8737 8699
f 8729 8712 7994
f 8743 8717 7995
f 7994 8712 5656
f 8729 7994 8754
f 8718 5573 8693
f 8691 8037 8704
f 8696 8731 6680
f 8696 5431 8046
f 8696 6680 5431
f 8751 8721 8697
f 8748 5597 8722
f 8694 8043 8001
f 8692 8716 8698
f 8722 5597 8711
f 8752 8056 7995
f 8724 8693 8703
f 8749 8045 5678
f 8727 8080 8045
f 8734 8703 8693
f 8751 8056 8721
f 7988 8692 6701
f 8729 8717 8712
f 8729 8754 8717
f 8692 8725 8716
f 8750 8045 8736
f 8713 8710 8701
f 8754 8698 8716
f 8730 7994 8698
f 8038 8732 8716
f 8732 8703 8057
f 8733 7997 8713
f 8735 7994 8715
f 8735 8709 6701
f 8735 8044 8709
f 8699 8753 8755
f 8753 8739 8722
f 8736 8045 8080
f 8743 8712 8717
f 8728 5656 8712
f 8737 8714 8710
f 7995 8056 8728
f 8738 8706 8705
f 8738 8057 8706
f 8038 6697 8707
f 8733 8715 7997
f 8733 8044 8715
f 8700 8083 8744
f 8037 8727 8704
f 8740 8709 8044
f 8740 5678 8709
f 8733 8713 8694
f 7996 8718 8707
f 8702 8736 8080
f 8702 7988 8736
f 8714 8708 8010
f 8714 8737 8708
f 8701 8043 8694
f 6697 8038 8720
f 8736 8709 5678
f 8736 7988 8709
f 8739 8728 8697
f 8741 8716 8732
f 8741 8695 8716
f 8695 8754 8716
f 8038 8693 8724
f 8737 8096 8708
f 8725 8692 5562
f 8724 8703 8732
f 8696 8046 8720
f 8720 8725 8731
f 8719 8725 8720
f 8719 8720 8038
f 8742 8721 8056
f 8742 8057 8721
f 8743 8728 8712
f 8743 7995 8728
f 8744 7932 8700
f 8745 8747 5704
f 8746 8059 5704
f 8746 8734 8059
f 8731 8725 5562
f 8747 8711 5597
f 5656 8737 8713
f 8707 6697 7996
f 8748 8721 5597
f 8748 8697 8721
f 8739 8699 8737
f 8726 8096 8737
f 8749 8704 8045
f 8750 5678 8045
f 8750 8736 5678
f 8751 8728 8056
f 8751 8697 8728
f 8752 8723 8056
f 8741 8723 8752
f 8741 8732 8723
f 8753 8699 8739
f 8698 6701 8692
f 8754 8730 8698
f 8745 8711 8747
f 8745 8083 8711
f 8083 8753 8711
f 8737 5656 8739
f 8725 8719 8716
f 8755 8726 8699
f 8716 8719 8038
