time/episodes,train/n_updates,train/critic_loss,time/total_timesteps,time/time_elapsed,rollout/ep_rew_mean,rollout/ep_len_mean,train/actor_loss,train/learning_rate,train/ent_coef_loss,time/fps,train/ent_coef
4,217,413.6385192871094,972,6,-90828.95833325,119.25,82.21439361572266,0.0003,-0.7603569626808167,161,1.0452485084533691
8,293,589.4658813476562,1276,7,-92162.44791662501,140.0,93.99363708496094,0.0003,-1.0931161642074585,161,1.0637881755828857
12,359,414.00250244140625,1540,9,-93353.85416666667,119.0,108.62324523925781,0.0003,-1.4586104154586792,159,1.080950140953064
16,544,804.4140625,2280,14,-95212.890625,109.25,137.54766845703125,0.0003,-2.1932616233825684,154,1.1343162059783936
20,568,824.0081787109375,2376,15,-95441.77083334999,118.15,141.63685607910156,0.0003,-2.2367522716522217,154,1.1415785551071167
24,699,219.66590881347656,2900,19,-95507.41319445834,113.58333333333333,150.52088928222656,0.0003,-1.8953617811203003,151,1.1823982000350952
28,902,785.3120727539062,3712,24,-95938.85416667857,112.17857142857143,183.994384765625,0.0003,-2.4141273498535156,150,1.2323054075241089
32,964,414.8126220703125,3960,26,-95997.31770834375,121.6875,196.77365112304688,0.0003,-2.7029154300689697,150,1.2484508752822876
36,1055,414.9670715332031,4324,28,-95950.35879630555,116.19444444444444,210.9596710205078,0.0003,-3.0332884788513184,149,1.2738873958587646
40,1139,785.3275756835938,4660,31,-96424.822916675,111.625,222.75296020507812,0.0003,-2.621601104736328,148,1.297905683517456
44,1245,415.1646423339844,5084,34,-96377.1117424318,109.75,241.65469360351562,0.0003,-3.4579977989196777,149,1.3296573162078857
48,1298,201.10414123535156,5296,35,-96761.10243056249,108.89583333333333,251.44863891601562,0.0003,-3.6200122833251953,149,1.3464176654815674
52,1407,591.0254516601562,5732,38,-96679.64743590384,107.0576923076923,269.97308349609375,0.0003,-3.8642516136169434,149,1.3823118209838867
56,1487,26.1937313079834,6052,40,-96975.38690476785,105.33928571428571,285.234619140625,0.0003,-4.121968746185303,149,1.4098403453826904
60,1536,980.763916015625,6248,41,-97202.02777778333,100.88333333333334,291.32452392578125,0.0003,-4.208195686340332,150,1.427254557609558
64,1618,591.4495849609375,6576,43,-97246.02213542187,97.21875,313.71649169921875,0.0003,-4.510025978088379,149,1.4570332765579224
68,1786,396.9267578125,7248,48,-97458.31495098528,96.58823529411765,337.4766540527344,0.0003,-4.768497467041016,150,1.521885633468628
72,1951,416.8000183105469,7908,52,-97575.00578704166,104.90277777777777,378.80316162109375,0.0003,-5.75719690322876,150,1.5893542766571045
76,2047,397.1096496582031,8292,55,-97363.8212719342,106.73684210526316,394.9537048339844,0.0003,-6.049513339996338,150,1.630751371383667
80,2120,417.2992248535156,8584,57,-97281.546875,106.1375,407.9500732421875,0.0003,-6.198722839355469,150,1.6635184288024902
84,2248,786.9534301757812,9096,60,-97213.91369047618,106.01190476190476,432.6008605957031,0.0003,-6.11227560043335,150,1.7226182222366333
88,2385,437.1434631347656,9644,64,-97275.08522727272,106.2840909090909,461.56268310546875,0.0003,-6.850455284118652,150,1.7891924381256104
92,2540,612.7369995117188,10264,68,-97217.84420290217,107.46739130434783,504.9630432128906,0.0003,-6.457262992858887,150,1.8676353693008423
96,2722,787.613525390625,10992,73,-97172.40017361457,110.5,507.5657958984375,0.0003,-3.9456887245178223,150,1.925626277923584
100,2838,787.7498168945312,11456,76,-97354.80416667,113.05,534.7000122070312,0.0003,-4.097253799438477,150,1.9630197286605835
104,2969,613.2017822265625,11980,79,-97655.94583334001,111.75,548.5428466796875,0.0003,-4.99465274810791,150,2.007317304611206
108,3120,225.13168334960938,12584,83,-97775.80833334001,112.25,583.3971557617188,0.0003,-4.6955180168151855,151,2.0638163089752197
112,3307,244.4676971435547,13332,88,-97705.24166667,116.14,586.0089721679688,0.0003,-0.7220240831375122,151,2.096431255340576
116,3463,981.9143676757812,13956,92,-97520.29166666999,119.57,598.1988525390625,0.0003,-0.21570883691310883,150,2.1061956882476807
120,3551,438.7539978027344,14308,95,-97690.1,115.87,589.0455322265625,0.0003,3.065513849258423,150,2.10386061668396
124,3723,399.46795654296875,14996,99,-97713.25,119.67,601.3843383789062,0.0003,3.550750255584717,150,2.046238899230957
128,3879,225.314453125,15620,103,-97215.26388889,122.23,606.067138671875,0.0003,3.0964810848236084,150,1.9904723167419434
132,4058,244.88465881347656,16336,108,-97113.57638889,121.16,617.507080078125,0.0003,3.055272102355957,150,1.9247969388961792
136,4150,226.1727294921875,16704,110,-97138.76388889,124.38,615.5521240234375,0.0003,3.120267868041992,150,1.8907126188278198
140,4257,245.27073669433594,17132,113,-97149.46388889,125.45,630.2843627929688,0.0003,2.829192638397217,150,1.8507424592971802
144,4384,1196.092529296875,17640,117,-97150.21388889,126.83,636.810302734375,0.0003,2.525800943374634,150,1.8035337924957275
148,4562,1000.8763427734375,18352,121,-97061.81388889,128.2,647.6676025390625,0.0003,2.130579948425293,151,1.7358973026275635
152,4652,227.08070373535156,18712,123,-97156.07638889,128.68,652.8643798828125,0.0003,2.5506749153137207,151,1.7018487453460693
156,4757,420.04864501953125,19132,126,-96854.10138889,129.09,652.9637451171875,0.0003,2.0708816051483154,151,1.6621028184890747
160,4893,399.85113525390625,19676,130,-96584.21388889,134.52,655.97802734375,0.0003,2.2755355834960938,151,1.6114879846572876
164,5009,828.012939453125,20140,133,-96505.98888889,137.11,663.0504150390625,0.0003,1.868407964706421,151,1.5686026811599731
168,5101,227.05941772460938,20508,135,-96304.68888889,138.0,665.638916015625,0.0003,1.6600618362426758,151,1.535022258758545
172,5252,225.4853515625,21112,139,-95942.72222222,132.3,666.189697265625,0.0003,1.6387286186218262,151,1.4802803993225098
176,5318,595.6047973632812,21376,141,-96150.89722222001,132.05,683.565185546875,0.0003,1.7474029064178467,151,1.4566137790679932
180,5423,633.8187255859375,21796,144,-96247.56388889,131.11,684.6253662109375,0.0003,1.4554202556610107,151,1.4196032285690308
184,5574,615.3059692382812,22400,148,-96135.63888889,129.81,693.098388671875,0.0003,1.3740429878234863,150,1.36702299118042
188,5726,595.2349853515625,23008,152,-95941.76388889,131.03,696.5902099609375,0.0003,1.1091430187225342,150,1.3160593509674072
192,5846,615.063232421875,23488,155,-96171.52222222001,132.54,710.6876831054688,0.0003,1.0206555128097534,150,1.2762820720672607
196,5959,1001.2301025390625,23940,158,-96276.48472222,130.57,700.6508178710938,0.0003,1.0162193775177002,150,1.2402509450912476
200,6072,634.7139892578125,24392,161,-96051.20972222001,129.96,711.4700927734375,0.0003,0.7013188004493713,151,1.2046868801116943
204,6194,34.13371658325195,24880,164,-95738.33472222001,129.97,718.2777099609375,0.0003,0.5976883172988892,151,1.167346477508545
208,6290,595.3877563476562,25264,167,-95600.65972222,125.89,724.7128295898438,0.0003,0.47919291257858276,150,1.1384347677230835
212,6384,228.0745086669922,25640,170,-95558.83472222001,121.2,729.9069213867188,0.0003,0.38333582878112793,150,1.1110633611679077
216,6506,404.0592346191406,26128,173,-95762.38472222,119.63,733.992431640625,0.0003,0.32772496342658997,150,1.0770297050476074
220,6592,209.01763916015625,26472,175,-95570.58472222001,121.86,729.4918212890625,0.0003,0.18606886267662048,150,1.0532994270324707
224,6683,15.08364486694336,26836,178,-95556.04305555,120.43,736.0816040039062,0.0003,0.10508621484041214,150,1.0287421941757202
228,6752,808.929443359375,27112,180,-95930.47916666,116.07,749.173095703125,0.0003,0.03689643368124962,150,1.0107098817825317
232,6821,655.2706909179688,27388,181,-95895.10416666,113.07,758.2854614257812,0.0003,-0.02160363644361496,150,0.9930464029312134
236,6887,248.17343139648438,27652,183,-95764.25416666002,109.58,748.7078857421875,0.0003,-0.09004289656877518,150,0.9762508869171143
240,6983,403.8709716796875,28036,186,-95745.05416666,107.66,754.1888427734375,0.0003,-0.17745567858219147,150,0.9526095390319824
244,7087,791.9314575195312,28452,189,-95834.10416666,105.47,763.27685546875,0.0003,-0.3004879653453827,150,0.927548348903656
248,7147,422.7945861816406,28692,190,-95708.29583333,102.92,762.0657958984375,0.0003,-0.3132484555244446,150,0.9132688045501709
252,7305,424.6739196777344,29324,195,-95532.84583333001,104.7,775.4635009765625,0.0003,-0.40830284357070923,150,0.8770773410797119
256,7419,616.683837890625,29780,198,-95736.94583333,105.74,767.9138793945312,0.0003,-0.5243909955024719,150,0.8520524501800537
260,7508,810.8580322265625,30136,200,-95820.05833333,102.09,796.17431640625,0.0003,-0.5474619269371033,150,0.8330177664756775
264,7586,617.6616821289062,30448,202,-95896.34583333001,99.52,776.5330810546875,0.0003,-0.6994592547416687,150,0.8167802095413208
268,7700,58.18729782104492,30904,205,-95882.87083333,98.51,790.28076171875,0.0003,-0.774217426776886,150,0.793674886226654
272,7778,811.4273071289062,31216,207,-95927.78333333001,103.15,814.7789306640625,0.0003,-0.7880305051803589,150,0.7779447436332703
276,7913,404.1429443359375,31756,211,-95815.43333333,102.23,801.322998046875,0.0003,-0.8733043670654297,150,0.7521699070930481
280,8000,37.134246826171875,32104,213,-95803.95833333001,101.03,792.4390869140625,0.0003,-0.9680098295211792,150,0.7357147336006165
284,8050,230.8737030029297,32304,214,-96102.53333333001,100.34,806.406494140625,0.0003,-0.9298244118690491,150,0.7264098525047302
288,8119,656.1004638671875,32580,216,-96368.62083333,96.14,790.7457885742188,0.0003,-1.0120279788970947,150,0.7138009667396545
292,8168,482.507568359375,32776,217,-96219.12083333,91.33,795.1951904296875,0.0003,-1.0201901197433472,150,0.7052276134490967
296,8234,235.0581817626953,33040,219,-96087.06666666002,91.97,822.2915649414062,0.0003,-0.9170527458190918,150,0.6936028599739075
300,8319,426.955810546875,33380,221,-96171.74166666,89.21,824.623046875,0.0003,-0.921795129776001,150,0.678929328918457
304,8394,989.5169677734375,33680,223,-96377.04166666,88.9,820.5029296875,0.0003,-1.212409257888794,150,0.6664779782295227
308,8454,426.8399963378906,33920,225,-96671.51666666001,87.74,812.0816650390625,0.0003,-1.1792058944702148,150,0.656690776348114
312,8503,833.631103515625,34116,226,-96876.39166666001,87.74,829.140625,0.0003,-1.0026705265045166,150,0.6485992670059204
316,8533,216.46530151367188,34236,227,-96749.79166666,85.26,828.4118041992188,0.0003,-1.1485024690628052,150,0.6437285542488098
320,8560,234.2497100830078,34344,227,-96928.89166666001,81.76,816.3662109375,0.0003,-1.1775426864624023,150,0.6394819021224976
324,8619,661.7335205078125,34580,229,-97098.85833333,77.0,832.8136596679688,0.0003,-1.3517122268676758,150,0.6303219795227051
328,8672,255.1416015625,34792,231,-97203.28333333001,77.12,846.85400390625,0.0003,-1.319000244140625,150,0.6221098899841309
332,8728,430.1485290527344,35016,232,-97410.38333333,76.33,862.3585815429688,0.0003,-1.2082891464233398,150,0.6133654117584229
336,8787,219.02633666992188,35252,234,-97606.32083333,75.33,850.2393798828125,0.0003,-1.352914571762085,150,0.6042196750640869
340,8856,214.6417694091797,35528,236,-97606.82083333,75.38,831.5401000976562,0.0003,-1.66126549243927,150,0.5938602685928345
344,8894,431.4100646972656,35680,237,-97509.72083333001,75.82,845.84521484375,0.0003,-1.2199335098266602,150,0.5882282853126526
348,8947,446.3268127441406,35892,238,-97596.12916666002,74.22,834.983642578125,0.0003,-1.5197440385818481,150,0.5805935263633728
352,8988,990.48046875,36056,239,-97864.02916666001,70.08,857.9619140625,0.0003,-1.380825400352478,150,0.574895977973938
356,9048,797.9700317382812,36296,241,-97952.10416666,67.65,868.8434448242188,0.0003,-1.0465705394744873,150,0.5663767457008362
360,9099,428.19219970703125,36500,242,-98044.50416666002,66.71,836.6063232421875,0.0003,-1.6126713752746582,150,0.5592368841171265
364,9153,602.835693359375,36716,244,-98149.10416666,66.93,871.440185546875,0.0003,-1.4123148918151855,150,0.5515308976173401
368,9201,1010.6368408203125,36908,245,-98341.57916666001,64.82,870.814453125,0.0003,-1.5626893043518066,150,0.5451048612594604
372,9241,217.16973876953125,37068,246,-98598.00833333,58.64,848.3131103515625,0.0003,-1.457774043083191,150,0.5396707653999329
376,9269,222.78599548339844,37180,247,-98774.98333333,55.79,882.1029663085938,0.0003,-1.1844905614852905,150,0.535943865776062
380,9316,797.1025390625,37368,248,-98876.95833333001,55.77,885.57666015625,0.0003,-1.3366100788116455,150,0.5298174023628235
384,9347,604.83544921875,37492,249,-98770.08333333001,55.31,871.3076782226562,0.0003,-1.4632277488708496,150,0.5257010459899902
388,9375,622.828369140625,37604,249,-98766.18333333,54.92,870.785400390625,0.0003,-1.3862131834030151,150,0.5220760703086853
392,9398,426.4590759277344,37696,250,-98858.68333333,54.03,850.397705078125,0.0003,-1.142707109451294,150,0.5190650820732117
396,9454,45.38499450683594,37920,251,-98955.375,50.0,873.2599487304688,0.0003,-1.7673149108886719,150,0.5120270848274231
400,9504,25.53342056274414,38120,253,-99139.625,47.57,875.4344482421875,0.0003,-1.1196165084838867,150,0.5058618187904358
404,9535,665.5335083007812,38244,253,-99132.4,46.69,870.0938720703125,0.0003,-1.4073747396469116,150,0.5020895600318909
408,9566,839.1189575195312,38368,254,-99126.9,46.14,905.9049072265625,0.0003,-1.4173614978790283,150,0.49848201870918274
412,9604,413.5887451171875,38520,255,-99219.25,45.33,879.11474609375,0.0003,-1.4648692607879639,150,0.49403616786003113
416,9654,453.37548828125,38720,257,-99309.55,44.18,894.3768310546875,0.0003,-1.7511484622955322,150,0.48809918761253357
420,9686,415.12890625,38848,257,-99113.475,44.8,883.8404541015625,0.0003,-1.986943006515503,150,0.48426511883735657
424,9716,68.67019653320312,38968,258,-99113.175,44.77,889.6854248046875,0.0003,-1.526401162147522,150,0.48076507449150085
428,9749,1573.7249755859375,39100,259,-99203.9,43.61,902.3300170898438,0.0003,-1.4873325824737549,150,0.47693291306495667
432,9775,993.0693969726562,39204,260,-99289.2,42.14,901.8719482421875,0.0003,-1.9437373876571655,150,0.47409534454345703
436,9833,626.3570556640625,39436,261,-99386.7375,41.64,901.1266479492188,0.0003,-1.2400598526000977,150,0.4676308333873749
440,9874,222.35206604003906,39600,262,-99386.4375,41.61,910.0532836914062,0.0003,-1.925395131111145,150,0.4629807770252228
444,9908,789.7261962890625,39736,263,-99580.5375,40.66,899.3502197265625,0.0003,-2.0469164848327637,150,0.45932242274284363
448,9946,690.9111938476562,39888,264,-99679.4375,40.55,914.5847778320312,0.0003,-2.0906248092651367,150,0.4551752805709839
452,9975,1379.8841552734375,40004,265,-99679.1375,40.52,916.6357421875,0.0003,-1.522057294845581,150,0.45210000872612
456,10005,820.3446044921875,40124,266,-99669.0375,39.51,917.369384765625,0.0003,-1.5729948282241821,150,0.4489271938800812
460,10030,26.147478103637695,40224,267,-99658.825,38.22,885.3699340820312,0.0003,-1.5960612297058105,150,0.4464362561702728
464,10056,439.13909912109375,40328,267,-99650.225,37.36,956.0521240234375,0.0003,-1.3673770427703857,150,0.44383135437965393
468,10088,797.5445556640625,40456,268,-99649.325,37.27,905.2357177734375,0.0003,-1.6480226516723633,150,0.4405515491962433
472,10113,245.12342834472656,40556,269,-99737.0,35.64,922.21630859375,0.0003,-1.1965928077697754,150,0.4380389153957367
476,10145,624.743896484375,40684,270,-99734.1,35.35,901.0880126953125,0.0003,-1.5278215408325195,150,0.4349285960197449
480,10176,612.4393920898438,40808,271,-99728.7,34.81,935.8656005859375,0.0003,-1.3429853916168213,150,0.4318658113479614
484,10231,653.6843872070312,41028,272,-99826.375,34.35,943.6629638671875,0.0003,-1.89398193359375,150,0.4263499081134796
488,10262,1226.00244140625,41152,273,-99736.2875,35.42,904.3431396484375,0.0003,-1.3770637512207031,150,0.42326125502586365
492,10294,418.798583984375,41280,274,-99739.0875,35.7,921.886962890625,0.0003,-1.4917572736740112,150,0.42032837867736816
496,10324,846.9911499023438,41400,275,-99835.9,35.04,942.6370239257812,0.0003,-1.58733332157135,150,0.4176330864429474
500,10355,262.0314025878906,41524,276,-99835.8,35.03,921.5360717773438,0.0003,-1.213553547859192,150,0.4148508608341217
504,10396,600.8910522460938,41688,277,-99932.05,34.52,947.0640258789062,0.0003,-2.031193971633911,150,0.41113361716270447
508,10423,439.0357360839844,41796,277,-99932.05,34.52,933.0006103515625,0.0003,-1.6849397420883179,150,0.4086819589138031
512,10471,638.7002563476562,41988,279,-99930.05,34.32,954.2039184570312,0.0003,-1.5306475162506104,150,0.4044739902019501
516,10517,636.1884765625,42172,280,-99933.95,34.71,948.69873046875,0.0003,-1.2283556461334229,150,0.40046894550323486
520,10575,426.46270751953125,42404,281,-100137.225,34.81,978.9796142578125,0.0003,-0.9857439398765564,150,0.3957516849040985
524,10611,1213.79345703125,42548,282,-100146.225,35.71,976.7233276367188,0.0003,-1.479963779449463,150,0.3930056095123291
528,10656,627.2255859375,42728,283,-100148.725,35.96,923.907958984375,0.0003,-1.982211947441101,150,0.3895977735519409
532,10717,446.034423828125,42972,285,-100158.325,36.92,982.3226318359375,0.0003,-1.6647253036499023,150,0.3848489820957184
536,10764,653.7555541992188,43160,286,-100163.425,37.43,1002.1361083984375,0.0003,-1.740471363067627,150,0.3812798857688904
540,10805,636.4033813476562,43324,287,-100166.525,37.74,963.9303588867188,0.0003,-1.2692151069641113,150,0.378193199634552
544,10846,692.0673217773438,43488,288,-100158.625,36.95,948.0274047851562,0.0003,-1.0519440174102783,150,0.37509357929229736
548,10884,421.6039123535156,43640,289,-100168.225,37.91,947.1807861328125,0.0003,-1.4965870380401611,150,0.3723674416542053
552,10960,61.94581604003906,43944,291,-100172.025,38.29,1011.0985107421875,0.0003,-1.572767734527588,150,0.36686667799949646
556,11021,245.27330017089844,44188,293,-100184.025,39.49,977.6346435546875,0.0003,-1.5034081935882568,150,0.36271876096725464
560,11057,435.3424072265625,44332,294,-100295.5125,40.63,1046.6505126953125,0.0003,-1.0283021926879883,150,0.3601224720478058
564,11169,1214.4246826171875,44780,297,-100308.7125,41.95,998.0191040039062,0.0003,-1.3242188692092896,150,0.3524821996688843
568,11221,471.1278381347656,44988,299,-100338.5125,44.93,1036.994384765625,0.0003,-1.2778379917144775,150,0.34902435541152954
572,11463,668.7002563476562,45956,306,-100291.6,50.51,1074.8616943359375,0.0003,-1.2665899991989136,150,0.33529433608055115
576,11756,645.709228515625,47128,313,-100255.65,57.3,1048.694580078125,0.0003,-0.6844973564147949,150,0.3212476968765259
580,11929,630.9968872070312,47820,318,-100112.5,66.03,1075.899658203125,0.0003,-6.562962532043457,150,0.28939563035964966
584,12268,244.2467498779297,49176,327,-100011.6,75.94,1079.7294921875,0.0003,-5.715226173400879,150,0.24550162255764008
588,12472,247.22055053710938,49992,332,-99636.23333333,81.72,1093.2481689453125,0.0003,-4.518454551696777,150,0.22921988368034363
592,12735,657.09423828125,51044,339,-99363.98333333,89.08,1223.82763671875,0.0003,-2.7349131107330322,150,0.21367110311985016
596,12895,646.2242431640625,51684,343,-99093.30833333,93.36,1159.809814453125,0.0003,-1.9649182558059692,150,0.20625269412994385
600,13246,677.8450927734375,53088,352,-97594.86666666,110.11,1127.005859375,0.0003,-2.9883389472961426,150,0.19408155977725983
604,13470,678.5897216796875,53984,358,-97428.45416666001,115.21,1247.617431640625,0.0003,-1.2763280868530273,150,0.18922023475170135
608,13827,460.6595764160156,55412,368,-97158.50416666002,121.68,1301.641357421875,0.0003,-0.15498360991477966,150,0.18666082620620728
612,13953,858.676513671875,55916,371,-97134.62916666002,129.87,1177.7724609375,0.0003,-1.420192837715149,150,0.18716540932655334
616,14088,1486.746826171875,56456,375,-96080.47916666,139.92,1417.22216796875,0.0003,0.4522228240966797,150,0.18880201876163483
620,14216,611.7213745117188,56968,378,-95802.44166666002,143.42,1281.242431640625,0.0003,0.3461436927318573,150,0.1914331018924713
624,14318,443.0989074707031,57376,381,-95510.72916666,147.11,1471.3572998046875,0.0003,1.4006760120391846,150,0.19297167658805847
628,14505,273.30377197265625,58124,386,-95542.02916666001,150.24,1188.5250244140625,0.0003,0.03251386433839798,150,0.19639213383197784
632,14743,317.7453308105469,59076,393,-95353.59166666001,153.19,1492.47119140625,0.0003,-0.06676581501960754,150,0.20148900151252747
636,14795,1046.8568115234375,59284,394,-94991.77083333001,161.99,1340.075927734375,0.0003,-1.1610972881317139,150,0.20210754871368408
640,14886,298.0535888671875,59648,396,-94999.97083333001,162.81,1357.508544921875,0.0003,-0.1264965534210205,150,0.20296736061573029
644,14934,877.0286865234375,59840,398,-95006.17083333,163.43,1340.8291015625,0.0003,-0.583297073841095,150,0.20311295986175537
648,14986,695.7294921875,60048,399,-95006.97083333001,163.51,1567.4735107421875,0.0003,1.9545809030532837,150,0.20377571880817413
652,15042,865.3518676757812,60272,401,-95013.27083333001,164.14,1261.3125,0.0003,1.133209228515625,150,0.20483224093914032
656,15105,701.9908447265625,60524,402,-95011.97083333001,164.01,1488.646240234375,0.0003,-0.2930169701576233,150,0.20614312589168549
660,15158,312.6361083984375,60736,404,-95013.57083333,164.17,1467.9873046875,0.0003,-0.4586305320262909,150,0.20738276839256287
664,15223,1047.7611083984375,60996,405,-95011.17083333,163.93,1375.3670654296875,0.0003,1.1596834659576416,150,0.2090202420949936
668,15329,100.22161865234375,61420,408,-94993.47083333001,162.16,1431.7734375,0.0003,0.5548405647277832,150,0.2119130790233612
672,15397,691.4577026367188,61692,410,-94967.47083333001,159.7,1415.334716796875,0.0003,0.1711055487394333,150,0.213825523853302
676,15447,88.64156341552734,61892,411,-94920.02083333001,154.57,1352.3251953125,0.0003,0.14649897813796997,150,0.21492041647434235
680,15504,1028.6019287109375,62120,413,-95074.67083333,146.99,1326.9228515625,0.0003,0.39364513754844666,150,0.21603141725063324
684,15586,883.40673828125,62448,415,-95186.87083333,138.21,1846.4913330078125,0.0003,1.484018087387085,150,0.21746596693992615
688,15643,337.5752868652344,62676,417,-95669.225,133.05,1656.56298828125,0.0003,1.3571282625198364,150,0.21833758056163788
692,15706,671.1370849609375,62928,418,-95953.775,126.92,1381.2802734375,0.0003,0.16968996822834015,150,0.21943992376327515
696,15757,507.2126159667969,63132,420,-96235.25,123.72,1342.774169921875,0.0003,-0.5897766351699829,150,0.22044658660888672
700,15861,127.82991790771484,63548,423,-97745.39166667,108.14,1534.1214599609375,0.0003,0.3596018850803375,150,0.22269946336746216
704,15916,1045.2354736328125,63768,424,-97824.85416666999,105.08,1425.430908203125,0.0003,0.35065311193466187,150,0.22491617500782013
708,16005,122.19171142578125,64124,426,-98108.00416667,99.93,1671.1640625,0.0003,0.613041877746582,150,0.22793671488761902
712,16118,1037.6951904296875,64576,430,-98158.47916666999,94.4,1396.66064453125,0.0003,-0.32133471965789795,150,0.23153597116470337
716,16174,701.50634765625,64800,431,-99229.22916666999,86.01,1419.14453125,0.0003,0.08353495597839355,150,0.23350346088409424
720,16272,1051.8409423828125,65192,434,-99417.35416666999,84.14,1535.399658203125,0.0003,1.4004470109939575,150,0.23675838112831116
724,16353,291.87255859375,65516,436,-99725.56666667,82.1,1499.2811279296875,0.0003,0.7065442800521851,150,0.23907043039798737
728,16439,691.793701171875,65860,438,-99705.46666666999,80.09,1692.89990234375,0.0003,0.6111392974853516,150,0.24172241985797882
732,16557,284.1080322265625,66332,441,-99921.90416666999,79.94,1433.92529296875,0.0003,0.03237888216972351,150,0.24516549706459045
736,16684,321.1258850097656,66840,445,-100004.2,74.99,1678.8526611328125,0.0003,1.5126895904541016,150,0.2487712949514389
740,16932,684.69140625,67832,451,-99824.45,78.73,1624.3326416015625,0.0003,-0.4238855540752411,150,0.2550043761730194
744,17195,491.5820617675781,68884,458,-99560.3,85.29,1352.544189453125,0.0003,-0.23410499095916748,150,0.2625586986541748
748,17418,758.6098022460938,69776,464,-99530.075,92.81,1827.9677734375,0.0003,-0.909759521484375,150,0.26727625727653503
752,17685,518.40234375,70844,471,-99427.65,103.46,1753.338623046875,0.0003,0.06693977117538452,150,0.26697444915771484
756,18167,935.3825073242188,72772,484,-99357.8875,117.0,2115.271484375,0.0003,0.5584490299224854,150,0.2720622718334198
760,18355,361.42987060546875,73524,489,-99277.45,119.35,1893.8594970703125,0.0003,-0.9405432939529419,150,0.27021750807762146
764,18685,1174.013671875,74844,498,-98289.625,130.89,2391.121337890625,0.0003,1.1955430507659912,150,0.26656651496887207
768,18875,857.2843627929688,75604,503,-98203.6,143.39,2263.229248046875,0.0003,0.7553005218505859,150,0.2684877812862396
772,18995,694.9259643554688,76084,506,-98098.6375,143.34,2394.3583984375,0.0003,2.2573342323303223,150,0.27092447876930237
776,19097,378.652587890625,76492,509,-97896.3,144.55,2098.50146484375,0.0003,0.9662145376205444,150,0.2738325297832489
780,19192,747.199462890625,76872,511,-97811.1625,146.5,2048.861083984375,0.0003,0.21267814934253693,150,0.27478742599487305
784,19259,305.2882080078125,77140,513,-97815.4625,146.93,2092.27880859375,0.0003,-0.21289533376693726,150,0.2742519676685333
788,19349,480.7319641113281,77500,515,-97717.1375,147.36,1651.58935546875,0.0003,-2.164155960083008,150,0.2745552062988281
792,19437,662.8737182617188,77852,518,-97423.5125,148.82,1352.53076171875,0.0003,-0.8632677793502808,150,0.2770816683769226
796,19553,543.3079223632812,78316,521,-97240.75,151.06,2366.62158203125,0.0003,-0.07278898358345032,150,0.27808868885040283
800,19724,782.5272827148438,79000,525,-97048.75,152.42,2237.15869140625,0.0003,-0.6044951677322388,150,0.2797788381576538
804,19816,787.8997802734375,79368,528,-96951.2625,153.17,2446.9716796875,0.0003,0.6940480470657349,150,0.27994903922080994
808,19918,996.8687133789062,79776,530,-96856.7,153.95,3095.13134765625,0.0003,0.05595959722995758,150,0.2809026837348938
812,20190,404.1904602050781,80864,537,-96752.9375,153.81,2821.99560546875,0.0003,0.3197014331817627,150,0.2899695932865143
816,20410,515.6173706054688,81744,543,-96689.5125,160.25,1716.23876953125,0.0003,-0.34425055980682373,150,0.2958735227584839
820,20492,780.37890625,82072,545,-96591.1375,159.94,2245.968017578125,0.0003,1.2083821296691895,150,0.29856184124946594
824,20649,979.2213134765625,82700,550,-95577.8375,168.67,2544.4287109375,0.0003,0.3629607558250427,150,0.3032417297363281
828,20747,341.37451171875,83092,552,-95493.9375,170.35,1832.759765625,0.0003,0.9742199778556824,150,0.30493077635765076
832,20890,592.33251953125,83664,556,-95379.4625,168.99,2280.50048828125,0.0003,-0.40515559911727905,150,0.30377355217933655
836,21139,770.1522827148438,84660,562,-95570.9375,167.56,2452.031005859375,0.0003,-1.0944154262542725,150,0.30318447947502136
840,21357,183.55003356933594,85532,568,-95647.95,167.23,2186.4111328125,0.0003,0.050807222723960876,150,0.30331483483314514
844,21522,803.052001953125,86192,572,-94738.7,171.93,2682.157958984375,0.0003,-0.236397385597229,150,0.3028593361377716
848,21805,810.2921752929688,87324,579,-94691.6,167.15,4177.0869140625,0.0003,0.6261902451515198,150,0.30153796076774597
852,22004,203.05850219726562,88120,584,-93627.775,168.02,2313.517333984375,0.0003,-0.4000738263130188,150,0.2988235354423523
856,22173,568.8485717773438,88796,589,-93677.0875,162.89,2174.447509765625,0.0003,-0.20664328336715698,150,0.2966010570526123
860,22614,1098.4501953125,90560,601,-93806.625,165.45,2027.519775390625,0.0003,0.39454537630081177,150,0.30293527245521545
864,23614,1006.9480590820312,94560,627,-90929.1625,191.76,2949.87255859375,0.0003,-0.4425380229949951,150,0.2948097288608551
868,24093,677.7332763671875,96476,639,-90284.0875,206.14,3426.53173828125,0.0003,0.6769392490386963,150,0.28901028633117676
872,24810,383.3178405761719,99344,657,-90231.375,211.84,2115.16259765625,0.0003,-0.9199674725532532,151,0.2762739658355713
876,25245,580.0578002929688,101084,669,-87518.825,239.55,2353.822998046875,0.0003,-1.6875944137573242,151,0.2717950940132141
880,25701,917.2730712890625,102908,680,-87506.65,248.98,1949.840576171875,0.0003,0.7910405993461609,151,0.260672003030777
884,26672,520.9664306640625,106792,706,-84279.075,284.76,2168.3427734375,0.0003,-0.33501341938972473,151,0.23950393497943878
888,27361,567.2714233398438,109548,724,-82103.5,311.41,2583.279296875,0.0003,2.300863265991211,151,0.22856980562210083
892,27941,1235.6893310546875,111868,739,-81123.2625,330.21,1667.62451171875,0.0003,-1.103696584701538,151,0.21767067909240723
896,28643,469.5951232910156,114676,758,-78962.975,351.81,1514.664306640625,0.0003,-1.179215669631958,151,0.2110019028186798
900,29070,774.3470458984375,116384,769,-77934.1625,366.68,3241.407470703125,0.0003,0.8602380752563477,151,0.20606212317943573
904,29242,405.1615905761719,117072,773,-77980.9875,377.47,3021.1005859375,0.0003,0.3953271806240082,151,0.20485487580299377
908,29392,738.240478515625,117672,777,-77915.475,381.54,2854.340087890625,0.0003,-0.10172086954116821,151,0.20250509679317474
912,29624,165.6880645751953,118600,784,-77831.1125,383.41,2211.71533203125,0.0003,-1.069359540939331,151,0.19989679753780365
916,30624,205.04229736328125,122600,810,-76075.1625,405.45,2444.2607421875,0.0003,0.11658687889575958,151,0.2034960240125656
920,31327,136.2220458984375,125412,828,-75308.875,424.55,2104.6123046875,0.0003,1.0153788328170776,151,0.21183748543262482
924,31741,108.17912292480469,127068,838,-74016.37857143,436.2,1673.421630859375,0.0003,-1.3463599681854248,151,0.21712414920330048
928,32124,157.09033203125,128600,848,-73258.17857142999,450.3,2460.8779296875,0.0003,-0.7834607362747192,151,0.2181759923696518
932,32914,582.9083862304688,131760,868,-72057.16607143,466.38,2776.88134765625,0.0003,-1.0889616012573242,151,0.22647015750408173
936,33716,618.0137939453125,134968,889,-69292.21607143,493.79,1191.219482421875,0.0003,0.42321258783340454,151,0.22481940686702728
940,34139,128.19146728515625,136660,900,-66551.67857142999,518.34,1452.093017578125,0.0003,0.20455023646354675,151,0.2268044650554657
944,35087,338.2218933105469,140452,926,-67026.57857143,537.22,1518.204345703125,0.0003,0.26451513171195984,151,0.23030149936676025
948,36087,317.79632568359375,144452,952,-64158.9577381,571.77,1350.162109375,0.0003,-0.12197518348693848,151,0.2361668199300766
952,36357,348.28985595703125,145532,959,-64161.53690477001,574.78,1993.502197265625,0.0003,1.7772295475006104,151,0.23572760820388794
956,37122,1474.22265625,148592,980,-63364.58690477,584.62,1964.587158203125,0.0003,0.5177936553955078,151,0.23445580899715424
960,37740,513.03759765625,151064,996,-62464.78690477001,604.63,1361.427734375,0.0003,0.5005797147750854,151,0.23979558050632477
964,38740,508.8772888183594,155064,1021,-64347.87440477,598.54,1284.355712890625,0.0003,0.3083385229110718,151,0.24937641620635986
968,39203,320.84814453125,156916,1033,-63045.97440477001,598.34,1620.2371826171875,0.0003,1.0440850257873535,151,0.2587857246398926
972,39587,654.1649169921875,158452,1043,-62996.18857144001,605.05,1084.176025390625,0.0003,-1.1690173149108887,151,0.25987574458122253
976,40028,294.31317138671875,160216,1055,-64969.37607144,591.95,1220.00390625,0.0003,-0.644237220287323,151,0.26016831398010254
980,40227,431.42926025390625,161012,1061,-64917.95523811001,586.49,2987.00439453125,0.0003,1.4070217609405518,151,0.2595756947994232
984,40424,677.531494140625,161800,1066,-68048.53023810999,561.01,1298.0263671875,0.0003,-0.07870829105377197,151,0.2604987323284149
988,40650,891.8512573242188,162704,1072,-70283.43023811,540.03,1292.7825927734375,0.0003,0.10407790541648865,151,0.2626543343067169
992,40837,122.04271697998047,163452,1077,-71592.79273811,523.32,1415.1429443359375,0.0003,-0.5410980582237244,151,0.26455071568489075
996,41003,197.17369079589844,164116,1082,-73885.04273811,504.4,2076.73388671875,0.0003,-0.6208456754684448,151,0.2642383575439453
1000,41187,318.2451171875,164852,1086,-75143.75523811,491.96,1436.99072265625,0.0003,0.20492982864379883,151,0.26385578513145447
1004,41419,946.0720825195312,165780,1092,-75250.36773811,485.28,2299.765625,0.0003,0.9208918809890747,151,0.2637910842895508
1008,41597,820.2147216796875,166492,1097,-75479.44273811,487.33,1749.2109375,0.0003,-0.4326499402523041,151,0.26858919858932495
1012,41723,468.3426208496094,166996,1101,-75691.16773811,487.96,1264.9217529296875,0.0003,0.4053282141685486,151,0.2689640522003174
1016,42069,707.2540283203125,168380,1110,-77558.14273811,464.24,1627.3455810546875,0.0003,-1.6374261379241943,151,0.26439759135246277
1020,42442,226.76907348632812,169872,1119,-78617.51773811,454.3,1318.967529296875,0.0003,0.2628614008426666,151,0.2632111608982086
1024,42723,126.06265258789062,170996,1127,-80059.91416668,447.57,1376.28369140625,0.0003,0.7844715118408203,151,0.27295204997062683
1028,42864,181.5012664794922,171560,1131,-80839.11416668,436.41,2395.3515625,0.0003,-0.04115244746208191,151,0.2750619053840637
1032,43189,542.9625854492188,172860,1139,-82187.80166668,425.01,1908.24853515625,0.0003,0.9604723453521729,151,0.2735822796821594
1036,43605,488.4384765625,174524,1150,-85045.60166668,405.66,1435.2626953125,0.0003,-0.6790832877159119,151,0.272099107503891
1040,43873,120.53871154785156,175596,1158,-87013.47666668,390.15,1488.9080810546875,0.0003,1.1584362983703613,151,0.2705736458301544
1044,44291,327.2178649902344,177268,1168,-87786.27666668,367.44,1617.1566162109375,0.0003,0.14322678744792938,151,0.27484601736068726
1048,44482,667.2739868164062,178032,1173,-89673.48500001,347.07,1328.5869140625,0.0003,-0.37871962785720825,151,0.27453914284706116
1052,44704,721.9010009765625,178920,1179,-90883.55583333998,337.18,1590.555419921875,0.0003,0.031878530979156494,151,0.2731773257255554
1056,45122,332.2419128417969,180592,1190,-91793.35583333999,328.17,1302.36669921875,0.0003,0.06900611519813538,151,0.27218499779701233
1060,45429,357.7762756347656,181820,1198,-92678.55583333998,316.7,2202.073486328125,0.0003,-0.24845299124717712,151,0.2726914882659912
1064,46377,329.3609313964844,185612,1223,-93786.85583333999,307.54,1889.9217529296875,0.0003,-0.44635260105133057,151,0.27494677901268005
1068,47116,115.11834716796875,188568,1242,-93399.08083333999,308.69,1567.19873046875,0.0003,0.32368332147598267,151,0.2723885178565979
1072,47950,501.2583312988281,191904,1264,-91142.16250000999,330.27,1593.9434814453125,0.0003,0.1700165867805481,151,0.27359539270401
1076,48380,185.5045166015625,193624,1275,-92197.46250000998,315.81,2763.498779296875,0.0003,0.2293151319026947,151,0.2776902914047241
1080,49064,377.1093444824219,196360,1293,-89915.26250000998,344.3,1343.3033447265625,0.0003,-0.6654821038246155,151,0.27758359909057617
1084,50020,341.9120788574219,200184,1318,-86781.58333334001,370.77,2012.5665283203125,0.0003,0.7768042087554932,151,0.29358866810798645
1088,50699,119.13001251220703,202900,1334,-83365.69166667,395.06,1617.36083984375,0.0003,-0.9450587034225464,151,0.2971402108669281
1092,51565,654.4641723632812,206364,1356,-81956.91666667,413.23,1479.744140625,0.0003,-0.6555699706077576,152,0.3034265339374542
1096,52020,98.41813659667969,208184,1368,-79643.46666666999,435.07,1304.8043212890625,0.0003,-0.6442373991012573,152,0.3031519949436188
1100,52847,183.97128295898438,211492,1390,-78131.51666667,452.06,2194.683349609375,0.0003,-0.22791922092437744,152,0.3063742518424988
1104,53485,274.8183898925781,214044,1407,-75810.19166667,473.13,1667.22802734375,0.0003,-0.24394482374191284,152,0.3029569387435913
1108,54025,724.1956787109375,216204,1420,-73404.46666666999,491.28,2269.87109375,0.0003,0.97385573387146,152,0.30558937788009644
1112,54860,113.14241790771484,219544,1442,-72008.79166666999,505.93,1629.078369140625,0.0003,-0.5952783823013306,152,0.30637580156326294
1116,55258,352.6065368652344,221136,1453,-69715.02916666999,524.4,1731.618896484375,0.0003,-0.8159845471382141,152,0.3041572570800781
1120,56258,377.022705078125,225136,1479,-65991.62916667,552.02,2125.18994140625,0.0003,1.0625427961349487,152,0.3077198266983032
1124,56703,554.8108520507812,226916,1490,-66601.55416667,551.79,2009.496337890625,0.0003,0.4304652810096741,152,0.3059972822666168
1128,57153,117.59188079833984,228716,1502,-66207.80833334,568.28,1395.142822265625,0.0003,-0.829596757888794,152,0.3046136498451233
1132,57450,177.1132354736328,229904,1509,-65779.93333334,574.54,2143.38037109375,0.0003,1.1198210716247559,152,0.30333080887794495
1136,58237,273.2752990722656,233052,1531,-65427.68333334,584.61,1306.22119140625,0.0003,0.08768022060394287,152,0.3165585696697235
1140,58588,78.19744873046875,234456,1540,-66035.02083334,591.4,1237.6319580078125,0.0003,0.1731843799352646,152,0.3183610439300537
1144,58989,115.5762939453125,236060,1551,-65618.29583334,596.92,1764.45263671875,0.0003,-0.672696590423584,152,0.31344202160835266
1148,59410,498.11907958984375,237744,1562,-66293.50833334,586.91,1394.9910888671875,0.0003,0.5041213035583496,152,0.3128264546394348
1152,59535,314.4311828613281,238244,1565,-65889.40833334,594.2,1785.629150390625,0.0003,-0.3841917812824249,152,0.31378546357154846
1156,59657,154.32797241210938,238732,1568,-65395.570833339996,587.31,2445.824951171875,0.0003,-0.46208250522613525,152,0.3176285922527313
1160,59891,234.11228942871094,239668,1574,-65075.03333334,578.1,1967.0262451171875,0.0003,-0.024723052978515625,152,0.31647226214408875
1164,60081,495.4065246582031,240428,1579,-65693.03333334,561.52,1475.414306640625,0.0003,-0.2483866810798645,152,0.3142277002334595
1168,60241,155.60841369628906,241068,1583,-67726.47083334,539.62,1826.5806884765625,0.0003,0.2984430491924286,152,0.3156689405441284
1172,60362,134.10862731933594,241552,1586,-69876.925,506.37,1844.963623046875,0.0003,-0.6229075789451599,152,0.3155142366886139
1176,60535,333.1455383300781,242244,1590,-69464.8125,509.91,1973.3583984375,0.0003,0.7201365232467651,152,0.32169365882873535
1180,60664,473.0516357421875,242760,1594,-71497.68333333,477.75,2915.275146484375,0.0003,0.7750910520553589,152,0.32707837224006653
1184,60785,333.70330810546875,243244,1597,-74325.1875,442.85,1642.9342041015625,0.0003,0.10981756448745728,152,0.3286401629447937
1188,60929,1282.003173828125,243820,1601,-77379.59166666999,414.52,1725.5198974609375,0.0003,0.057793259620666504,152,0.3302748501300812
1192,61062,62.53856658935547,244352,1604,-78351.65416666999,394.91,1213.785888671875,0.0003,-0.5269607305526733,152,0.3323482275009155
1196,61250,434.8804931640625,245104,1609,-80316.51666667,370.53,1728.1533203125,0.0003,0.3579886555671692,152,0.3335234522819519
1200,61513,545.3592529296875,246156,1616,-81400.94166667,352.73,2752.067138671875,0.0003,1.0786757469177246,152,0.3386213481426239
1204,61614,569.2538452148438,246560,1619,-83392.64166667,338.9,2291.92236328125,0.0003,0.8134540915489197,152,0.3400856554508209
1208,61745,487.2559814453125,247084,1623,-85425.35416666999,314.77,1401.935791015625,0.0003,-0.3559328019618988,152,0.34114155173301697
1212,61858,300.273681640625,247536,1625,-86492.99166667,298.76,1298.99365234375,0.0003,0.3860042095184326,152,0.3417400121688843
1216,62088,309.1828308105469,248456,1632,-88335.90416666999,277.27,1530.1259765625,0.0003,0.06617993861436844,152,0.34470757842063904
1220,62228,697.0919189453125,249016,1635,-91567.32916667,243.41,1811.796875,0.0003,0.3116455376148224,152,0.34547317028045654
1224,62405,482.63409423828125,249724,1640,-91405.52916666999,230.58,1309.596923828125,0.0003,-0.11742880940437317,152,0.34485340118408203
1228,62745,308.97332763671875,251084,1649,-90796.0125,223.78,1554.623291015625,0.0003,-0.025246188044548035,152,0.3451208770275116
1232,62879,121.79391479492188,251620,1653,-91119.9375,217.79,1563.8662109375,0.0003,0.4967789649963379,152,0.34398916363716125
1236,62994,339.3960876464844,252080,1655,-91078.2875,199.52,1772.4273681640625,0.0003,0.262859970331192,152,0.3422756493091583
1240,63109,75.76849365234375,252540,1658,-90943.7,181.94,1260.9273681640625,0.0003,-0.4232046604156494,152,0.3409852981567383
1244,63252,282.0166931152344,253112,1662,-90898.3875,172.36,1338.4970703125,0.0003,0.22237041592597961,152,0.3395879566669464
1248,63557,489.82989501953125,254332,1670,-90896.875,168.49,1230.76318359375,0.0003,-0.7797714471817017,152,0.3434349000453949
1252,64253,792.1594848632812,257116,1688,-88982.8375,180.54,2603.12548828125,0.0003,1.1332473754882812,152,0.355096697807312
1256,64383,264.5815734863281,257636,1692,-88290.825,189.43,2614.3564453125,0.0003,0.46019673347473145,152,0.3581978678703308
1260,64563,459.65936279296875,258356,1697,-88220.4125,192.17,1308.80419921875,0.0003,-0.06348800659179688,152,0.36150333285331726
1264,64870,331.9235534667969,259584,1704,-88085.075,188.89,3579.71923828125,0.0003,0.8800337910652161,152,0.3646377623081207
1268,65014,409.6867980957031,260160,1708,-88453.9125,192.58,1505.4698486328125,0.0003,-0.6558065414428711,152,0.3657204806804657
1272,65455,140.954833984375,261924,1720,-88493.2875,199.3,1743.622314453125,0.0003,0.6630852222442627,152,0.367962121963501
1276,65705,482.6526184082031,262924,1726,-88643.85,204.89,1496.143310546875,0.0003,0.15928182005882263,152,0.3723777234554291
1280,66062,120.91038513183594,264352,1736,-88935.2,213.57,1517.858642578125,0.0003,0.29452139139175415,152,0.3704414367675781
1284,66395,481.7087097167969,265684,1745,-89196.35,221.19,1693.99609375,0.0003,-0.9307582378387451,152,0.3746560513973236
1288,66623,310.5413513183594,266596,1750,-89219.2875,223.65,1874.33349609375,0.0003,-0.18248146772384644,152,0.37754112482070923
1292,67256,143.52142333984375,269128,1767,-88403.575,237.93,1890.974853515625,0.0003,0.34957391023635864,152,0.3860999345779419
1296,67813,587.6730346679688,271356,1781,-86658.20416667,259.4,2796.6064453125,0.0003,1.3448729515075684,152,0.4041506052017212
1300,68367,535.5150146484375,273572,1796,-87094.42916667,271.22,2173.01611328125,0.0003,0.3130238652229309,152,0.41206830739974976
1304,68514,320.276611328125,274160,1800,-87563.15416666999,267.89,1315.7684326171875,0.0003,0.1683262586593628,152,0.4144936800003052
1308,68839,578.1929321289062,275460,1809,-87925.76666667,282.92,2244.610107421875,0.0003,0.886677622795105,152,0.41214966773986816
1312,69075,655.7677612304688,276404,1816,-88065.71666666999,286.39,1546.9107666015625,0.0003,0.4747479557991028,152,0.4174087941646576
1316,69274,344.7361145019531,277200,1821,-88520.76666667,289.83,2011.9705810546875,0.0003,0.6150267124176025,152,0.41784510016441345
1320,69459,94.00788879394531,277940,1826,-88949.94166667,289.79,1404.475830078125,0.0003,-0.08688563108444214,152,0.41662806272506714
1324,69803,92.04215240478516,279316,1835,-89295.01666667,292.88,1403.8043212890625,0.0003,-0.4860290288925171,152,0.41811105608940125
1328,70353,322.0350036621094,281516,1849,-89184.27916666999,298.29,1839.7545166015625,0.0003,0.02546270191669464,152,0.4149591326713562
1332,70660,440.3847351074219,282744,1857,-88236.22916666999,302.81,3057.4482421875,0.0003,0.7104341983795166,152,0.4149823486804962
1336,71119,503.7234802246094,284580,1869,-88726.34166666999,313.16,1632.439453125,0.0003,-0.6794890761375427,152,0.40851014852523804
1340,71439,278.3104248046875,285860,1877,-87910.15166666999,322.79,1320.7972412109375,0.0003,-0.21401384472846985,152,0.4021606743335724
1344,71795,107.17060852050781,287284,1887,-87176.51833333999,333.84,1632.225830078125,0.0003,-0.0008099228143692017,152,0.40510961413383484
1348,72558,322.53033447265625,290336,1906,-83116.49532051999,354.93,2107.75390625,0.0003,-0.12581801414489746,152,0.40310654044151306
1352,73128,195.9232940673828,292616,1922,-83418.73282052,353.98,2257.84765625,0.0003,0.6487410068511963,152,0.4002666175365448
1356,74128,531.2987670898438,296616,1947,-80888.58282052,380.34,1599.850341796875,0.0003,0.47564932703971863,152,0.4150081276893616
1360,74986,133.21620178222656,300048,1969,-79261.37032052,393.05,1562.38818359375,0.0003,0.01649823784828186,152,0.4273916482925415
1364,75295,515.51904296875,301284,1977,-76297.62032052,418.98,2193.099365234375,0.0003,0.05736985802650452,152,0.435995489358902
1368,75921,516.9043579101562,303788,1994,-76060.32032052,424.84,1826.03955078125,0.0003,0.4630696177482605,152,0.4513581097126007
1372,76921,109.71611785888672,307788,2020,-72969.57448719001,447.88,1290.7864990234375,0.0003,-0.2440684586763382,152,0.4467707574367523
1376,77294,145.45700073242188,309280,2029,-71022.72448719,466.37,1598.307861328125,0.0003,-0.1913299858570099,152,0.4412796199321747
1380,78261,334.4144592285156,313148,2055,-69742.80782052,475.74,1610.322509765625,0.0003,0.13432157039642334,152,0.4547145962715149
1384,79261,86.8536376953125,317148,2080,-65314.24532052,503.46,1223.00390625,0.0003,-0.5314946174621582,152,0.4606252610683441
1388,80261,80.3759765625,321148,2106,-61323.47032052,536.14,1270.5643310546875,0.0003,-0.3616890013217926,152,0.4534915089607239
1392,80973,282.2017822265625,323996,2125,-59271.42032052,547.48,1241.076416015625,0.0003,-0.19548220932483673,152,0.4554065465927124
1396,81938,303.0619201660156,327856,2150,-58125.09115384999,561.01,1569.9892578125,0.0003,-0.17087332904338837,152,0.4473405182361603
1400,82805,285.2070617675781,331324,2172,-54842.62865385,575.09,1217.970458984375,0.0003,0.09609086066484451,152,0.44478127360343933
1404,83805,261.62542724609375,335324,2197,-51572.31615385,602.04,1476.86767578125,0.0003,0.2989806830883026,152,0.44793498516082764
1408,84369,84.07301330566406,337580,2211,-48147.15782052,614.93,1041.4036865234375,0.0003,0.10720333456993103,152,0.44438281655311584
1412,84805,83.49774932861328,339324,2222,-46906.741153849995,620.38,1275.6407470703125,0.0003,-0.13101062178611755,152,0.4488230049610138
1416,85369,431.30682373046875,341580,2235,-44497.34532052,639.76,1197.730712890625,0.0003,0.2484021782875061,152,0.45340198278427124
1420,86068,477.6382141113281,344376,2254,-42879.036987190004,657.04,1256.50244140625,0.0003,0.5527758598327637,152,0.45391619205474854
1424,87068,268.8695983886719,348376,2280,-38815.16198719,689.6,1307.5301513671875,0.0003,0.10158282518386841,152,0.4452762007713318
1428,88068,267.0024108886719,352376,2305,-35775.89948718999,707.2,1165.5662841796875,0.0003,0.4095538854598999,152,0.4457228183746338
1432,88981,689.3663330078125,356028,2329,-35460.19532052,723.2,1464.3521728515625,0.0003,0.415618360042572,152,0.4385376274585724
1436,89929,266.5863342285156,359820,2354,-32410.95782052,748.93,1144.0721435546875,0.0003,0.04804443195462227,152,0.4397111237049103
1440,90584,269.1021728515625,362440,2371,-31253.12698719,764.77,1086.6845703125,0.0003,-0.710530161857605,152,0.4355400502681732
1444,91446,296.628662109375,365888,2393,-29290.63948719,782.85,1276.5360107421875,0.0003,0.38140976428985596,152,0.4425303339958191
1448,92446,457.1963806152344,369888,2418,-29246.154166679997,796.59,1062.38916015625,0.0003,0.5230976939201355,152,0.44322165846824646
1452,93206,244.4730682373047,372928,2437,-28242.945833349997,804.66,980.4367065429688,0.0003,-0.2998178005218506,152,0.4482686221599579
1456,94195,285.4388732910156,376884,2463,-28775.37083335,798.55,1042.01171875,0.0003,0.19994089007377625,152,0.44198745489120483
1460,95195,121.14725494384766,380884,2489,-26335.07500002,816.47,1039.876708984375,0.0003,-0.40149450302124023,152,0.4447910785675049
1464,95806,64.88134002685547,383328,2505,-28642.77500002,812.1,906.37548828125,0.0003,-0.33370423316955566,152,0.4522964656352997
1468,96572,94.24955749511719,386392,2525,-26750.666666689995,822.9,994.7447509765625,0.0003,0.19171302020549774,153,0.4632512032985687
1472,96905,477.9666442871094,387724,2533,-29027.387500019995,810.67,1025.34326171875,0.0003,-0.5229884386062622,153,0.46148255467414856
1476,97206,340.80718994140625,388928,2541,-31063.350000019997,791.24,1491.281982421875,0.0003,-0.6152582764625549,153,0.4521109461784363
1480,97474,98.67738342285156,390000,2548,-32486.77916669,774.62,1223.816162109375,0.0003,0.07840230315923691,153,0.4336892366409302
1484,98095,140.1038360595703,392484,2564,-35959.92916669,756.52,1019.5496215820312,0.0003,0.46889054775238037,153,0.4115283787250519
1488,98385,479.2588806152344,393644,2572,-39282.31666669,731.13,1085.3740234375,0.0003,-0.23485922813415527,153,0.40029701590538025
1492,98848,292.8302001953125,395496,2584,-42362.77916669,721.47,1205.1531982421875,0.0003,-0.06430137902498245,153,0.3933665454387665
1496,99848,303.65496826171875,399496,2610,-43687.36666669,709.59,1204.113037109375,0.0003,0.53773033618927,153,0.3809214234352112
1500,100528,536.7589721679688,402216,2628,-43826.95833336,709.54,2058.686279296875,0.0003,0.9129222631454468,153,0.38067570328712463
1504,100994,107.45442962646484,404080,2640,-45508.78333335999,684.93,1271.4749755859375,0.0003,0.3106698989868164,153,0.37283584475517273
1508,101848,67.8411865234375,407496,2662,-45710.93273812,686.86,970.248779296875,0.0003,-0.8219578266143799,153,0.37628045678138733
1512,102251,422.0543212890625,409108,2672,-46208.724404789995,700.69,1002.69287109375,0.0003,-0.9224175214767456,153,0.37974032759666443
1516,102944,52.573097229003906,411880,2690,-46389.328571449994,697.25,870.606201171875,0.0003,-0.06786370277404785,153,0.37052038311958313
1520,103764,80.0560073852539,415160,2711,-45993.52440478,707.13,956.3477783203125,0.0003,-0.47428786754608154,153,0.36589476466178894
1524,104511,439.6050720214844,418148,2731,-47830.05357145,690.42,873.37451171875,0.0003,-0.23346742987632751,153,0.3713160455226898
1528,105200,80.89530944824219,420904,2749,-48981.29523812001,683.94,858.4117431640625,0.0003,-0.6720046997070312,153,0.37935927510261536
1532,105716,63.48020553588867,422968,2763,-48280.77440478999,680.9,915.7759399414062,0.0003,-0.5338181257247925,153,0.3754006326198578
1536,106093,85.48820495605469,424476,2772,-50186.724404789995,656.51,961.397216796875,0.0003,-0.5356360673904419,153,0.3807179629802704
1540,106751,445.57354736328125,427108,2789,-51030.93690479,647.38,909.1680908203125,0.0003,0.3524707555770874,153,0.3760274350643158
1544,107383,1047.8836669921875,429636,2806,-52159.357738119994,637.2,1162.9849853515625,0.0003,0.8029879331588745,153,0.37413081526756287
1548,108383,400.87298583984375,433636,2833,-52924.378571450005,637.2,970.7568359375,0.0003,0.537655234336853,153,0.36875900626182556
1552,108990,288.8838195800781,436064,2849,-53799.011904779996,633.74,1107.1611328125,0.0003,-0.3801996111869812,153,0.36580389738082886
1556,109990,449.1075134277344,440064,2875,-53919.23690478,635.31,970.1624755859375,0.0003,-0.5684177279472351,153,0.3593433201313019
1560,110702,327.0599060058594,442912,2895,-56491.32023811,625.8,1020.6692504882812,0.0003,0.4964246451854706,152,0.3679097890853882
1564,111296,449.8349914550781,445288,2910,-56528.67440478,621.35,943.1790771484375,0.0003,-0.5100530982017517,152,0.3535958528518677
1568,111919,70.57351684570312,447780,2927,-57696.75773811,611.54,839.2060546875,0.0003,-1.1940778493881226,152,0.3495645225048065
1572,112363,80.19842529296875,449556,2938,-57009.145238109995,619.4,950.5279541015625,0.0003,-0.4924755096435547,152,0.35037699341773987
1576,112679,290.92913818359375,450820,2947,-56998.707738109995,619.31,1045.46142578125,0.0003,-0.3066359758377075,152,0.34606581926345825
1580,113071,276.8863830566406,452388,2957,-56955.90773810999,625.03,1170.3743896484375,0.0003,0.1763768494129181,152,0.35189980268478394
1584,113254,259.1005554199219,453120,2962,-59101.78273811001,608.84,898.2119750976562,0.0003,-0.7222680449485779,152,0.3535917103290558
1588,113662,95.03071594238281,454752,2973,-58912.72857143999,613.66,1248.7432861328125,0.0003,0.011054754257202148,152,0.35903626680374146
1592,113817,283.6087341308594,455372,2977,-59045.21607144,600.39,1212.786865234375,0.0003,0.2866772413253784,152,0.35899919271469116
1596,114021,302.30633544921875,456188,2982,-61030.21607144,576.74,987.6898193359375,0.0003,0.8011008501052856,152,0.3579859435558319
1600,114385,60.28113555908203,457644,2992,-63057.94940477001,565.08,963.735107421875,0.0003,-0.18360427021980286,152,0.3658715784549713
1604,115255,93.88174438476562,461124,3014,-62295.924404770005,578.69,944.0300903320312,0.0003,-0.30387958884239197,152,0.37856653332710266
1608,115496,635.9810791015625,462088,3020,-65279.945833339996,556.75,826.9068603515625,0.0003,-0.13602027297019958,152,0.3773472309112549
1612,115861,297.4866027832031,463548,3030,-65312.258333339996,545.51,1042.35302734375,0.0003,-0.012167662382125854,152,0.38049671053886414
1616,116818,285.5445556640625,467376,3055,-65051.462500010006,557.97,953.5906982421875,0.0003,0.8137168884277344,152,0.38844409584999084
1620,117381,100.0485610961914,469628,3070,-65037.23750001,545.84,925.9378662109375,0.0003,-0.14717631042003632,152,0.381015419960022
1624,117447,76.97650909423828,469892,3071,-67234.65833334,530.48,1027.8203125,0.0003,-0.015294745564460754,152,0.37914004921913147
1628,117502,79.50145721435547,470112,3073,-70288.67916667,498.55,966.68994140625,0.0003,-0.018055006861686707,152,0.37876754999160767
1632,117569,398.40325927734375,470380,3075,-72292.00416667,474.31,943.7160034179688,0.0003,-0.07936395704746246,152,0.37732917070388794
1636,117654,515.90771484375,470720,3077,-73456.40416666999,462.08,1507.4970703125,0.0003,0.5698233842849731,152,0.3779681921005249
1640,117858,242.80393981933594,471536,3082,-73966.3375,452.29,842.8220825195312,0.0003,-0.318315327167511,152,0.3763126730918884
1644,117953,423.7914123535156,471916,3085,-75929.275,430.72,1095.4390869140625,0.0003,0.4858172535896301,152,0.3769693672657013
1648,118125,93.31137084960938,472604,3089,-79648.7,392.44,1065.73974609375,0.0003,-0.5403344631195068,152,0.37660256028175354
1652,118480,50.225223541259766,474024,3098,-81856.875,375.81,881.0533447265625,0.0003,-0.5435707569122314,152,0.3787868618965149
1656,118665,85.24267578125,474764,3103,-83931.725,353.13,973.1153564453125,0.0003,-0.8798100352287292,152,0.38170501589775085
1660,118812,305.7125244140625,475352,3107,-85793.6,326.03,1341.5107421875,0.0003,0.780015230178833,152,0.3826560974121094
1664,118891,78.03750610351562,475668,3109,-86829.83333333001,308.81,1280.217529296875,0.0003,0.2560669183731079,152,0.3841603398323059
1668,119080,244.4756317138672,476424,3114,-87828.05833333,294.18,1309.953857421875,0.0003,-0.14668840169906616,152,0.38299456238746643
1672,119241,73.05423736572266,477068,3118,-89695.95833333001,266.86,866.4362182617188,0.0003,0.24029210209846497,152,0.38108381628990173
1676,119277,241.88661193847656,477212,3119,-88950.03333333001,265.87,892.74951171875,0.0003,0.02238808572292328,152,0.38287052512168884
1680,119365,96.9621810913086,477564,3121,-88837.53333333001,254.62,1080.2789306640625,0.0003,0.8038551807403564,152,0.38543036580085754
1684,119434,288.5655517578125,477840,3123,-88827.53333333001,249.14,1269.1834716796875,0.0003,0.016899794340133667,152,0.38442400097846985
1688,119546,101.24573516845703,478288,3126,-88987.4875,241.41,843.5567626953125,0.0003,0.04649132490158081,152,0.3865123689174652
1692,119745,69.49211120605469,479084,3131,-89051.1125,237.37,919.441162109375,0.0003,-0.12909077107906342,152,0.38806918263435364
1696,119830,53.297298431396484,479424,3133,-88678.32361111,242.11,905.9996337890625,0.0003,-0.16197071969509125,152,0.38913023471832275
1700,120005,447.5501708984375,480124,3138,-89761.16111111,226.37,1245.863037109375,0.0003,0.4618740677833557,152,0.39209210872650146
1704,120132,615.0233764648438,480632,3142,-91928.67361111,202.12,1063.4891357421875,0.0003,0.22869250178337097,152,0.39585596323013306
1708,120258,278.72747802734375,481136,3145,-92103.46111111,192.73,992.638916015625,0.0003,0.3110806941986084,152,0.3985447287559509
1712,120745,373.1923522949219,483084,3158,-92010.06111111,193.39,1582.4288330078125,0.0003,0.6323425769805908,152,0.40182438492774963
1716,121162,364.2022399902344,484752,3169,-94500.94861111,175.12,1063.06396484375,0.0003,0.5776487588882446,152,0.4110710918903351
1720,121299,312.6485595703125,485300,3172,-96402.78611111,157.65,1060.1051025390625,0.0003,0.5313592553138733,152,0.4123447835445404
1724,121387,118.49949645996094,485652,3174,-95491.41111111,162.32,1252.6956787109375,0.0003,-0.14052428305149078,152,0.40817710757255554
1728,121536,99.03843688964844,486248,3178,-95522.01111111,165.38,1158.5487060546875,0.0003,-0.005082964897155762,152,0.4060644805431366
1732,121763,62.755001068115234,487156,3185,-95545.21111111,167.7,895.9653930664062,0.0003,-0.35942330956459045,152,0.40167954564094543
1736,122382,149.03355407714844,489632,3201,-95675.51111111,180.73,1264.74951171875,0.0003,0.2174113541841507,152,0.40850698947906494
1740,122552,118.99217987060547,490312,3205,-95381.39611111,185.37,1526.035888671875,0.0003,-0.4164215624332428,152,0.4088452160358429
1744,122891,476.0747985839844,491668,3214,-94485.19611111,195.74,873.432861328125,0.0003,-0.4352402985095978,152,0.40401697158813477
1748,123542,107.6680679321289,494272,3231,-93373.10861111,211.74,1346.6202392578125,0.0003,0.1128203347325325,152,0.4061658978462219
1752,124001,101.22544860839844,496108,3243,-92303.84611111,216.65,1000.20458984375,0.0003,0.4500865340232849,152,0.40334799885749817
1756,124216,106.01571655273438,496968,3248,-92280.64611111,224.33,1225.26123046875,0.0003,-0.3510587215423584,152,0.397734135389328
1760,124483,283.16387939453125,498036,3255,-92264.52111111,233.47,1030.153564453125,0.0003,-0.49865150451660156,152,0.3959684371948242
1764,124661,484.5718688964844,498748,3260,-92238.72111111,230.89,1021.0833129882812,0.0003,0.254410982131958,152,0.39300012588500977
1768,125091,251.62255859375,500468,3271,-92075.24611111,236.52,1198.4119873046875,0.0003,1.0372549295425415,152,0.38732272386550903
1772,125376,90.83480834960938,501608,3278,-91159.24611111,244.91,926.2640380859375,0.0003,-0.37738361954689026,152,0.3834187686443329
1776,125481,266.7264709472656,502028,3281,-90983.92111111,245.13,1167.8514404296875,0.0003,-0.2911451458930969,152,0.3802824914455414
1780,125584,129.4485626220703,502440,3283,-90950.02111111,244.19,956.7277221679688,0.0003,0.47253817319869995,152,0.3775327205657959
1784,125642,94.58116912841797,502672,3285,-91054.52111111,244.64,1061.528076171875,0.0003,-0.584564208984375,152,0.37860962748527527
1788,125697,318.4634704589844,502892,3286,-91035.32111111,242.72,1965.22802734375,0.0003,0.823042631149292,152,0.37702223658561707
1792,125752,485.7357177734375,503112,3288,-91016.82111111,240.87,1127.014404296875,0.0003,-0.20384612679481506,152,0.3765470087528229
1796,125816,128.5850830078125,503368,3289,-91365.81,233.75,1323.185546875,0.0003,-0.07216548919677734,153,0.3750310242176056
1800,125875,461.0790710449219,503604,3291,-91345.31,231.7,1234.942626953125,0.0003,0.378761351108551,153,0.3729417622089386
1804,125932,467.1154479980469,503832,3293,-91422.11,229.38,995.3311767578125,0.0003,-0.1702333390712738,152,0.36994582414627075
1808,125984,431.9633483886719,504040,3294,-91419.41,229.11,936.486083984375,0.0003,-0.3837759494781494,152,0.3694852292537689
1812,126039,68.05660247802734,504260,3295,-92364.61,213.64,1110.0682373046875,0.0003,-0.03989264369010925,152,0.3675551116466522
1816,126093,59.7406005859375,504476,3297,-92292.91,196.47,942.2742919921875,0.0003,-0.5295579433441162,152,0.36406463384628296
1820,126128,55.31789779663086,504616,3298,-91289.81,203.85,891.591796875,0.0003,0.24087168276309967,152,0.36287257075309753
1824,126174,263.1710205078125,504800,3299,-92281.01,192.98,1043.091796875,0.0003,-0.10679568350315094,152,0.36378735303878784
1828,126230,69.10456848144531,505024,3301,-92256.21,190.5,913.6298828125,0.0003,-0.43524596095085144,152,0.3655230402946472
1832,126343,464.8544616699219,505476,3304,-92244.11,189.29,1359.1099853515625,0.0003,0.08354506641626358,152,0.3677298128604889
1836,126379,284.26611328125,505620,3305,-92124.01,177.28,1374.6038818359375,0.0003,1.0992416143417358,152,0.36732926964759827
1840,126421,97.14505767822266,505788,3306,-93305.725,161.41,1082.971923828125,0.0003,0.04323101043701172,152,0.3689741790294647
1844,126470,104.3879623413086,505984,3307,-94192.225,150.07,1339.140625,0.0003,0.33775651454925537,152,0.3711377680301666
1848,126517,77.5705337524414,506172,3309,-95308.1125,134.45,978.5166015625,0.0003,-0.17978869378566742,152,0.3729638159275055
1852,126552,130.21597290039062,506312,3310,-96256.475,117.45,1286.724365234375,0.0003,0.7266772389411926,152,0.3732385039329529
1856,126605,108.5197982788086,506524,3311,-97171.075,98.92,1170.3365478515625,0.0003,-0.4294360280036926,152,0.37469682097435
1860,126664,115.83956909179688,506760,3313,-97175.0,88.56,1186.9560546875,0.0003,0.847537636756897,152,0.37583011388778687
1864,126738,272.953369140625,507056,3315,-97179.9,89.05,965.7535400390625,0.0003,-0.2010836899280548,152,0.3732939064502716
1868,126805,328.4813232421875,507324,3316,-97323.975,81.48,1414.989013671875,0.0003,-0.17740511894226074,152,0.37181636691093445
1872,126883,287.58453369140625,507636,3318,-98235.775,72.67,1163.764892578125,0.0003,0.022325515747070312,152,0.37260928750038147
1876,127456,52.48084259033203,509928,3333,-99400.6,71.41,924.98046875,0.0003,-0.5129998922348022,152,0.36971479654312134
1880,128012,260.562255859375,512152,3347,-98402.0625,87.26,969.6248168945312,0.0003,-0.43086180090904236,152,0.35657376050949097
1884,128139,92.03619384765625,512660,3350,-97485.6625,95.61,1035.636474609375,0.0003,0.45811498165130615,152,0.3550960421562195
1888,128903,286.67999267578125,515716,3370,-96346.0875,117.27,1037.50146484375,0.0003,0.00984811782836914,152,0.34690389037132263
1892,129415,78.88162231445312,517764,3384,-94198.225,138.1,1128.4979248046875,0.0003,1.0411213636398315,152,0.34522145986557007
1896,130018,248.39527893066406,520176,3399,-91960.2625,164.05,1258.8726806640625,0.0003,-0.766855001449585,153,0.33892664313316345
1900,130529,95.96216583251953,522220,3412,-90782.3875,183.27,1063.3739013671875,0.0003,-0.9647060632705688,153,0.33695554733276367
1904,130823,328.7272644042969,523396,3420,-90526.275,199.48,1205.758544921875,0.0003,0.346906840801239,153,0.32869163155555725
1908,130951,467.5530090332031,523908,3424,-90563.275,203.18,1078.1761474609375,0.0003,0.051531314849853516,153,0.32493698596954346
1912,131251,249.1146240234375,525108,3432,-90520.6125,213.77,1186.9111328125,0.0003,-1.0808590650558472,152,0.31664228439331055
1916,131689,103.71653747558594,526860,3443,-90458.7375,219.28,1383.24609375,0.0003,0.26417285203933716,152,0.3129737377166748
1920,132064,639.879150390625,528360,3453,-90432.55,229.54,1208.0615234375,0.0003,0.3155764937400818,152,0.3162882328033447
1924,132689,83.99898529052734,530860,3470,-89465.625,250.52,928.625,0.0003,0.252005934715271,152,0.3152881860733032
1928,133561,250.03468322753906,534348,3493,-87547.65,272.79,894.7305908203125,0.0003,-0.08460527658462524,152,0.30641356110572815
1932,134279,269.14251708984375,537220,3511,-84629.3375,306.51,1007.9632568359375,0.0003,0.4226576089859009,152,0.30476051568984985
1936,134857,269.0414123535156,539532,3526,-82809.4375,334.5,859.25830078125,0.0003,-0.7973692417144775,152,0.30749842524528503
1940,135038,90.90308380126953,540256,3531,-82846.8375,338.24,970.6958618164062,0.0003,0.3723374605178833,152,0.3060254156589508
1944,135618,141.19305419921875,542576,3546,-81987.7375,352.32,1030.8348388671875,0.0003,0.8524181246757507,152,0.29812008142471313
1948,135923,476.8988037109375,543796,3554,-80185.5375,372.08,1058.802734375,0.0003,-0.9166473150253296,152,0.29804229736328125
1952,136044,91.9964828491211,544280,3558,-80226.5375,376.18,1111.992431640625,0.0003,-0.5690538883209229,152,0.2951207756996155
1956,136485,55.6493034362793,546044,3569,-80303.2375,383.85,809.4000244140625,0.0003,0.016436666250228882,152,0.3033698797225952
1960,136883,63.1566047668457,547636,3580,-80173.0375,396.87,1021.930419921875,0.0003,0.9131748676300049,152,0.3059408962726593
1964,137168,90.9451904296875,548776,3587,-79329.8375,412.54,921.0836791992188,0.0003,-0.9699547290802002,152,0.30197909474372864
1968,137280,261.4100341796875,549224,3590,-79366.0375,416.16,862.4404907226562,0.0003,-0.5922620296478271,152,0.29943567514419556
1972,137442,92.16493225097656,549872,3595,-79401.8375,419.74,1031.723388671875,0.0003,0.9407045841217041,152,0.30175766348838806
1976,137721,320.39788818359375,550988,3602,-79247.2,414.46,1203.8841552734375,0.0003,-0.1650206446647644,152,0.301345556974411
1980,138671,104.06604766845703,554788,3628,-77974.075,425.95,902.11962890625,0.0003,-0.3220197260379791,152,0.299072265625
1984,139365,289.9516906738281,557564,3646,-76801.0625,444.8,1111.2073974609375,0.0003,0.4080538749694824,152,0.3024958670139313
1988,139954,287.4974365234375,559920,3662,-75577.675,443.86,1055.4796142578125,0.0003,-0.32635489106178284,152,0.2995889186859131
1992,140746,61.606773376464844,563088,3682,-74543.375,459.38,856.4595947265625,0.0003,-0.2026698887348175,152,0.29882296919822693
1996,141737,300.4674377441406,567052,3708,-73435.3375,464.56,1107.0814208984375,0.0003,0.3468590974807739,152,0.29517465829849243
2000,142737,264.31353759765625,571052,3734,-70464.2125,483.36,942.8929443359375,0.0003,-1.061299204826355,152,0.29657813906669617
2004,143530,347.5377502441406,574224,3754,-67664.175,497.78,1499.4051513671875,0.0003,0.40490537881851196,152,0.29738911986351013
2008,144530,94.3295669555664,578224,3780,-64449.254166670005,532.0,1080.98779296875,0.0003,0.0326821431517601,152,0.28846636414527893
2012,145530,76.48567962646484,582224,3807,-60163.72916667,559.78,1132.18310546875,0.0003,-0.2514868974685669,152,0.28178542852401733
2016,146530,237.55528259277344,586224,3832,-55897.34166666999,592.65,932.4639282226562,0.0003,0.07205069065093994,152,0.2868053913116455
2020,147530,434.43572998046875,590224,3858,-52667.554166669994,611.35,1216.550048828125,0.0003,-0.4441746473312378,152,0.28271520137786865
2024,148112,263.63311767578125,592552,3874,-51388.41666667,614.46,1004.5892333984375,0.0003,-0.24560347199440002,152,0.2833121418952942
2028,148746,143.6121826171875,595088,3890,-51003.35416667,618.64,1168.3167724609375,0.0003,0.3637081980705261,152,0.2806372344493866
2032,149746,241.39051818847656,599088,3917,-49752.704166669995,622.02,1291.8719482421875,0.0003,-0.020518183708190918,152,0.2830182909965515
2036,150746,451.9447937011719,603088,3943,-47435.96666666999,631.02,1029.2908935546875,0.0003,0.3122091591358185,152,0.27726274728775024
2040,151565,77.25811004638672,606364,3965,-45242.429166669994,656.81,1026.8836669921875,0.0003,-0.28560107946395874,152,0.2732026278972626
2044,151933,259.0368957519531,607836,3975,-44951.37916667,658.66,1032.31982421875,0.0003,0.06381548941135406,152,0.2790720760822296
2048,152798,434.7664489746094,611296,3998,-44508.97916667,662.69,934.6141967773438,0.0003,-1.0659329891204834,152,0.28232595324516296
2052,153179,96.74027252197266,612820,4008,-43212.29166667,675.48,1004.6678466796875,0.0003,-0.5583580732345581,152,0.2858556807041168
2056,153717,217.92367553710938,614972,4022,-42000.21666666999,690.1,1056.5914306640625,0.0003,-0.9084560871124268,152,0.2748856246471405
2060,154206,281.1639404296875,616928,4034,-41860.24166667,691.07,1091.906982421875,0.0003,0.47489315271377563,152,0.27769842743873596
2064,154827,79.11077880859375,619412,4050,-40719.71666667,694.97,1007.3033447265625,0.0003,-0.1712324619293213,152,0.27903059124946594
2068,155432,164.20973205566406,621832,4066,-38427.25416667,716.17,1164.1986083984375,0.0003,1.0056986808776855,152,0.2813047766685486
2072,156063,386.27947998046875,624356,4082,-36028.74166667,736.88,887.4530029296875,0.0003,-0.3893042802810669,152,0.29780739545822144
2076,156289,56.47554397583008,625260,4088,-36130.67916667,736.89,954.6411743164062,0.0003,-0.27992844581604004,152,0.2966485619544983
2080,156502,687.1708984375,626112,4094,-36333.29166667,726.03,1133.69287109375,0.0003,0.6001386642456055,152,0.2931371033191681
2084,157295,62.765342712402344,629284,4114,-37054.16666667,719.41,843.1355590820312,0.0003,-0.695043683052063,152,0.2875704765319824
2088,157845,267.2037658691406,631484,4129,-38152.66666667,715.7,1071.6383056640625,0.0003,0.3830014765262604,152,0.27414798736572266
2092,158834,285.2809753417969,635440,4155,-38175.95416667,717.67,1138.9271240234375,0.0003,-0.5437558889389038,152,0.2684169113636017
2096,159203,126.71732330322266,636916,4164,-41256.72916667,698.19,1091.72314453125,0.0003,1.3765220642089844,152,0.26861998438835144
2100,159315,276.85870361328125,637364,4168,-44149.241666669994,672.78,1033.5579833984375,0.0003,0.3413753807544708,152,0.27024969458580017
2104,159460,224.24676513671875,637944,4172,-47139.19166667,650.01,818.937255859375,0.0003,-0.9532045722007751,152,0.2723942995071411
2108,159657,238.89830017089844,638732,4177,-50356.5125,616.03,882.0635986328125,0.0003,0.8320058584213257,152,0.2700076699256897
2112,159771,808.6315307617188,639188,4180,-54613.375,580.65,1176.1231689453125,0.0003,0.18646341562271118,152,0.2694483995437622
2116,159939,170.66622924804688,639860,4184,-58963.6375,544.47,914.463134765625,0.0003,-1.1739838123321533,152,0.2728806138038635
2120,160038,654.0896606445312,640256,4187,-63125.5875,513.86,1223.67822265625,0.0003,-0.36662471294403076,152,0.27377083897590637
2124,160242,291.1382141113281,641072,4193,-65306.8125,494.59,1347.062255859375,0.0003,0.9848722219467163,152,0.27334070205688477
2128,160414,265.959228515625,641760,4197,-67530.2875,472.24,1048.0328369140625,0.0003,-0.030214428901672363,152,0.2703120708465576
2132,160642,404.4695739746094,642672,4204,-71755.65,440.78,937.1475219726562,0.0003,0.39339473843574524,152,0.2653641998767853
2136,160917,88.6153564453125,643772,4211,-75852.7,409.98,1112.135009765625,0.0003,-0.05380425602197647,152,0.2633715569972992
2140,161441,59.15497970581055,645868,4224,-77853.7875,388.83,918.5176391601562,0.0003,-1.3063862323760986,152,0.2535593807697296
2144,161722,32.580867767333984,646992,4232,-76947.7125,396.06,851.739990234375,0.0003,-1.7679166793823242,152,0.2583715617656708
2148,162087,35.853580474853516,648452,4242,-79055.1375,379.83,882.5520629882812,0.0003,-0.38130754232406616,152,0.258292019367218
2152,163021,52.93706512451172,652188,4267,-78613.125,393.15,894.509033203125,0.0003,0.19322271645069122,152,0.2505553066730499
2156,163885,72.30286407470703,655644,4290,-76880.05,400.74,844.3240966796875,0.0003,0.4282032549381256,152,0.25090181827545166
2160,164484,31.758146286010742,658040,4306,-76132.075,412.94,879.212158203125,0.0003,-0.16540880501270294,152,0.2518831491470337
2164,164770,418.8424377441406,659184,4314,-77089.3625,411.46,1012.8114624023438,0.0003,0.33955180644989014,152,0.25351908802986145
2168,165622,422.4516906738281,662592,4336,-78533.725,405.44,1303.4178466796875,0.0003,0.44345057010650635,152,0.24519918859004974
2172,165980,211.8134765625,664024,4345,-78992.875,403.39,1119.326904296875,0.0003,1.5536575317382812,152,0.2444261759519577
2176,166355,48.258888244628906,665524,4355,-79032.975,407.4,1006.2454833984375,0.0003,-0.5684851408004761,152,0.24420039355754852
2180,166764,76.90067291259766,667160,4366,-79864.49583333,402.03,1005.0101928710938,0.0003,1.2472541332244873,152,0.2472846955060959
2184,167764,281.4422302246094,671160,4392,-77330.1125,418.45,1128.4326171875,0.0003,1.4242408275604248,152,0.23511870205402374
2188,168287,163.1309814453125,673252,4405,-77411.225,423.42,1483.0894775390625,0.0003,0.4055817127227783,152,0.23596937954425812
2192,168912,43.11907958984375,675752,4422,-79441.4875,412.84,850.9303588867188,0.0003,0.31598520278930664,152,0.23235024511814117
2196,169667,415.9393310546875,678772,4441,-79346.0625,415.73,817.6800537109375,0.0003,-1.9351178407669067,152,0.22695213556289673
2200,170667,505.096435546875,682772,4467,-77373.325,440.92,1326.80078125,0.0003,2.410841941833496,152,0.22154806554317474
2204,171209,75.0870132446289,684940,4481,-76264.9125,463.08,957.826171875,0.0003,0.0011372268199920654,152,0.2235633283853531
2208,171877,48.043087005615234,687612,4498,-75087.6375,478.87,1107.355712890625,0.0003,-0.78033447265625,152,0.2237333059310913
2212,172709,32.22601318359375,690940,4520,-71931.4875,508.04,818.5626220703125,0.0003,-1.2152230739593506,152,0.21866565942764282
2216,173261,59.29156494140625,693148,4535,-69474.18333333,527.8,868.1943359375,0.0003,-0.41987016797065735,152,0.21464698016643524
2220,173706,259.0152587890625,694928,4547,-69519.53333333001,534.75,936.702392578125,0.0003,0.7544203996658325,152,0.2125364989042282
2224,174018,431.7093811035156,696176,4555,-69567.60833333,545.84,929.6264038085938,0.0003,0.451336532831192,152,0.2087116688489914
2228,174576,56.31144714355469,698408,4569,-68623.57083333,557.7,935.9005737304688,0.0003,-0.4482657015323639,152,0.21905672550201416
2232,175041,319.8037109375,700268,4582,-67321.26250000001,566.26,1242.07275390625,0.0003,0.5981283187866211,152,0.2130238115787506
2236,175401,285.6663818359375,701708,4591,-66348.775,576.99,1224.85693359375,0.0003,-0.17497782409191132,152,0.2125677466392517
2240,175632,266.2767333984375,702632,4597,-66511.7625,581.81,1006.8246459960938,0.0003,0.4499174654483795,152,0.21277499198913574
2244,176178,48.41178894042969,704816,4612,-68678.5875,569.71,878.0648803710938,0.0003,-0.2325744777917862,152,0.2210758775472641
2248,176777,40.63233947753906,707212,4627,-69037.8625,584.36,765.0120849609375,0.0003,-1.1974835395812988,152,0.21674466133117676
2252,177432,248.66220092773438,709832,4644,-69678.125,579.64,944.4735107421875,0.0003,-1.240593433380127,152,0.21921038627624512
2256,177777,298.52716064453125,711212,4654,-71582.275,567.38,1027.9879150390625,0.0003,0.6830967664718628,152,0.2185273915529251
2260,178166,81.4684829711914,712768,4664,-72388.4875,556.62,930.8446655273438,0.0003,-0.022609993815422058,152,0.22038614749908447
2264,178635,96.03598022460938,714644,4676,-73421.05,549.93,986.328369140625,0.0003,0.21019798517227173,152,0.22447696328163147
2268,178944,394.8707580566406,715880,4684,-74239.4375,543.87,1260.2784423828125,0.0003,1.492456078529358,152,0.2285807579755783
2272,179247,45.86392593383789,717092,4692,-76027.4125,531.24,952.0118408203125,0.0003,0.1530367136001587,152,0.22811080515384674
2276,180176,33.38230514526367,720808,4716,-74775.3675,547.11,786.0155029296875,0.0003,-0.06015995144844055,152,0.2271520048379898
2280,180555,240.93511962890625,722324,4726,-74238.33416667,556.45,781.8997802734375,0.0003,-1.0143299102783203,152,0.224653959274292
2284,181474,191.05227661132812,726000,4750,-77872.78,545.31,1061.865966796875,0.0003,-0.2737988829612732,152,0.2212873101234436
2288,182080,68.27232360839844,728424,4767,-78069.83,548.05,981.5753784179688,0.0003,-0.9549947381019592,152,0.2241811454296112
2292,182576,231.92019653320312,730408,4779,-78450.7425,545.53,842.256591796875,0.0003,-0.5000100135803223,152,0.22773541510105133
2296,183273,275.0531005859375,733196,4798,-78556.7175,548.44,948.6267700195312,0.0003,0.3310014605522156,152,0.23224826157093048
2300,183573,294.3603820800781,734396,4805,-80613.02821429,526.25,979.7723999023438,0.0003,1.2608211040496826,152,0.23849065601825714
2304,184293,272.2471008300781,737276,4823,-80712.07404762,518.93,1271.690673828125,0.0003,-0.469105988740921,152,0.2446116954088211
2308,184529,52.19395446777344,738220,4829,-80726.58238095,517.02,936.00048828125,0.0003,0.4250999987125397,152,0.2458435297012329
2312,185529,251.94566345214844,742220,4855,-82762.33738095,507.83,978.8416748046875,0.0003,-0.7558311820030212,152,0.24221494793891907
2316,185658,256.0628662109375,742736,4858,-84213.24154762,497.42,853.8604736328125,0.0003,-0.21214640140533447,152,0.24089355766773224
2320,185785,57.59674072265625,743244,4861,-83299.02904762,492.83,869.51611328125,0.0003,0.2340526282787323,152,0.24120265245437622
2324,186278,50.86079025268555,745216,4873,-83371.69154762,482.51,932.0799560546875,0.0003,1.3419735431671143,152,0.24076597392559052
2328,186514,230.08554077148438,746160,4879,-84397.19154762,466.74,809.4571533203125,0.0003,-1.4095053672790527,152,0.23862285912036896
2332,186785,69.38565826416016,747244,4886,-83458.50404762001,472.41,1144.8931884765625,0.0003,-0.06389760971069336,152,0.23256582021713257
2336,187594,251.98533630371094,750480,4907,-84518.87904762,470.32,977.7744140625,0.0003,0.32016095519065857,152,0.22856241464614868
2340,187836,83.1236801147461,751448,4913,-81707.04154762,486.7,944.46484375,0.0003,0.4761596620082855,152,0.23046192526817322
2344,188111,98.43079376220703,752548,4920,-81573.14154762,483.44,1063.263427734375,0.0003,1.3979945182800293,152,0.23155458271503448
2348,188332,82.2920913696289,753432,4925,-81300.74154762,466.2,939.1646728515625,0.0003,-0.2937484383583069,152,0.22947534918785095
2352,188829,264.25872802734375,755420,4938,-82279.94571429,453.42,1015.6363525390625,0.0003,-0.7778593301773071,152,0.22521838545799255
2356,189146,248.95252990722656,756688,4945,-82126.90126985,448.74,888.1043701171875,0.0003,0.7023418545722961,152,0.22624839842319489
2360,189417,35.43328094482422,757772,4952,-81171.64293652,447.85,864.876953125,0.0003,-0.7871956825256348,153,0.22612710297107697
2364,189561,439.3410949707031,758348,4956,-81088.30543652,439.28,821.8221435546875,0.0003,-1.4375958442687988,153,0.22571159899234772
2368,189680,463.981201171875,758824,4959,-81097.81793652,428.14,921.8250732421875,0.0003,-0.9674512147903442,153,0.22527749836444855
2372,190075,300.3470764160156,760404,4968,-81231.90543652,420.38,1412.051025390625,0.0003,0.21023230254650116,153,0.21886411309242249
2376,190177,60.89029312133789,760812,4971,-81503.15043652,406.42,896.6952514648438,0.0003,-0.793034553527832,153,0.21848922967910767
2380,190338,268.2794189453125,761456,4975,-83418.31293652,387.58,847.5704345703125,0.0003,0.7341636419296265,153,0.2241390347480774
2384,190440,431.9217224121094,761864,4977,-83691.18793652,362.16,995.8986206054688,0.0003,-0.9193497896194458,153,0.22339780628681183
2388,190515,526.840576171875,762164,4979,-84676.68793652,337.36,1537.828125,0.0003,1.0937864780426025,153,0.2222481071949005
2392,190567,254.844970703125,762372,4981,-84357.33793652,321.56,1071.132568359375,0.0003,-0.7512654066085815,153,0.2219596654176712
2396,190621,34.102264404296875,762588,4982,-84609.91293652,303.9,812.0617065429688,0.0003,-1.411834478378296,153,0.2206069678068161
2400,190683,49.68706130981445,762836,4983,-85779.32722223,287.94,951.7616577148438,0.0003,-1.0030064582824707,153,0.21878284215927124
2404,190729,254.87635803222656,763020,4985,-86852.9938889,265.05,1008.8638916015625,0.0003,-0.4846274256706238,153,0.21738894283771515
2408,190762,421.96099853515625,763152,4986,-88027.86055556999,252.38,831.7518310546875,0.0003,-1.0751571655273438,153,0.21688775718212128
2412,190802,53.871707916259766,763312,4987,-89218.28055556999,229.28,958.0220947265625,0.0003,-0.6867820024490356,153,0.21575374901294708
2416,190842,55.33977127075195,763472,4988,-90202.58055556999,217.72,944.46240234375,0.0003,0.893946647644043,153,0.21578335762023926
2420,190912,66.20238494873047,763752,4989,-91249.06805557,207.47,926.7395629882812,0.0003,0.579181969165802,153,0.21545331180095673
2424,190950,226.0662841796875,763904,4990,-91190.26805556999,201.59,881.0819091796875,0.0003,-0.5000877380371094,153,0.21600660681724548
2428,190993,59.750648498535156,764076,4991,-91181.96805556999,200.76,902.501953125,0.0003,-1.2604960203170776,153,0.21543915569782257
2432,191055,110.25123596191406,764324,4993,-93351.7638889,179.41,1162.2960205078125,0.0003,1.1479887962341309,153,0.21538472175598145
2436,191140,92.16759490966797,764664,4995,-93289.0638889,163.14,1059.8765869140625,0.0003,-0.727536141872406,153,0.21471944451332092
2440,191754,52.863643646240234,767120,5010,-96151.5638889,139.42,846.9052734375,0.0003,-0.2766894996166229,153,0.2137542963027954
2444,191862,227.9893035888672,767552,5013,-95166.4638889,140.77,854.32958984375,0.0003,-1.0763239860534668,153,0.21288812160491943
2448,191993,47.08976745605469,768076,5016,-95208.8638889,135.01,862.3807373046875,0.0003,-1.268979549407959,153,0.21269500255584717
2452,192095,184.8184051513672,768484,5019,-94270.77222222999,131.9,1274.9779052734375,0.0003,1.0598326921463013,153,0.21189196407794952
2456,192134,83.42796325683594,768640,5020,-95413.21666666999,121.47,1197.239990234375,0.0003,0.5255536437034607,153,0.21176619827747345
2460,192176,42.43928909301758,768808,5021,-95536.25,115.82,909.7213134765625,0.0003,-0.09995175898075104,153,0.2108430564403534
2464,192212,42.3427734375,768952,5022,-95600.5625,111.7,908.8765869140625,0.0003,-0.5428619384765625,153,0.21039532124996185
2468,192244,82.46521759033203,769080,5023,-95575.5625,109.2,992.8839111328125,0.0003,1.4519028663635254,153,0.21003909409046173
2472,192276,68.29338836669922,769208,5023,-95545.9625,106.24,1047.8594970703125,0.0003,-0.03773045539855957,153,0.21057076752185822
2476,192308,87.00819396972656,769336,5024,-96448.5625,96.51,1007.5265502929688,0.0003,1.3320116996765137,153,0.21063175797462463
2480,192346,43.080726623535156,769488,5025,-96394.1625,91.07,887.4224243164062,0.0003,0.11426916718482971,153,0.21016448736190796
2484,192382,125.77747344970703,769632,5026,-96373.4625,89.0,1273.735107421875,0.0003,1.6451761722564697,153,0.21004371345043182
2488,192418,74.36824798583984,769776,5027,-96373.7625,89.03,983.8941650390625,0.0003,0.6468418836593628,153,0.21048185229301453
2492,192459,76.44628143310547,769940,5028,-97440.5125,79.58,1039.901611328125,0.0003,0.8274105191230774,153,0.20975469052791595
2496,192498,103.87799072265625,770096,5029,-97440.4125,79.57,1007.8121337890625,0.0003,0.1991247534751892,153,0.21003875136375427
2500,192550,426.3614807128906,770304,5030,-97439.7125,79.5,936.6746826171875,0.0003,0.6138938665390015,153,0.2095029652118683
2504,192583,73.54057312011719,770436,5031,-97439.1125,79.44,1186.38037109375,0.0003,-0.4974788427352905,153,0.20918937027454376
2508,192621,67.97635650634766,770588,5032,-97385.8125,74.11,1141.7691650390625,0.0003,-0.7409714460372925,153,0.2104208767414093
2512,192669,250.75283813476562,770780,5033,-97386.1125,74.14,1132.5333251953125,0.0003,0.2195623815059662,153,0.2099296748638153
2516,192715,515.5423583984375,770964,5035,-97384.8125,74.01,1022.108154296875,0.0003,-0.1107604056596756,153,0.21070227026939392
2520,192757,317.2295227050781,771132,5036,-97382.8125,73.81,1145.31103515625,0.0003,0.3345462679862976,153,0.21008197963237762
2524,192804,450.0489501953125,771320,5037,-97382.0125,73.73,1032.7630615234375,0.0003,0.7261964678764343,153,0.20980842411518097
2528,192859,419.3551025390625,771540,5038,-97403.6125,75.89,864.2389526367188,0.0003,-1.5907649993896484,153,0.21053646504878998
2532,192893,431.379150390625,771676,5039,-97402.2125,75.75,947.6370849609375,0.0003,0.09415729343891144,153,0.2103048861026764
2536,192964,279.24114990234375,771960,5041,-97400.7125,75.6,933.64794921875,0.0003,-0.7052237391471863,153,0.20984841883182526
2540,193051,435.8470153808594,772308,5043,-97344.1125,69.94,862.758544921875,0.0003,-0.8963755369186401,153,0.2093808948993683
2544,193155,58.06170654296875,772724,5046,-98347.2125,60.26,979.5306396484375,0.0003,-0.10076636075973511,153,0.20973587036132812
2548,193338,54.048194885253906,773456,5050,-98399.4125,65.48,988.5433349609375,0.0003,0.8991894721984863,153,0.21350809931755066
2552,193686,359.44805908203125,774848,5059,-99438.15,69.25,1146.089111328125,0.0003,0.46779969334602356,153,0.21965952217578888
2556,194554,100.14189147949219,778320,5080,-99571.15,82.55,1075.7027587890625,0.0003,-0.4537374973297119,153,0.22171323001384735
2560,194688,45.93296813964844,778856,5084,-99707.0125,82.82,980.6177978515625,0.0003,0.46871107816696167,153,0.2185577005147934
2564,195172,242.98690795898438,780792,5096,-98822.0125,104.31,951.7390747070312,0.0003,0.6054078340530396,153,0.21405084431171417
2568,195800,253.67359924316406,783304,5111,-96171.6125,139.24,1223.183837890625,0.0003,-0.7549733519554138,153,0.21367238461971283
2572,196122,244.1595916748047,784592,5119,-96249.0125,146.98,950.6425170898438,0.0003,0.15636593103408813,153,0.2204011082649231
2576,196656,424.63934326171875,786728,5132,-96150.025,157.93,880.3506469726562,0.0003,-0.4560955762863159,153,0.21555602550506592
2580,197014,54.0265998840332,788160,5141,-95160.3,180.33,1068.96240234375,0.0003,-0.6087064743041992,153,0.21418431401252747
2584,197665,448.4189758300781,790764,5157,-94737.675,194.55,902.7362670898438,0.0003,0.21427622437477112,153,0.2098831683397293
2588,198233,648.2344970703125,793036,5171,-93745.4625,221.89,1173.3072509765625,0.0003,-0.1197335422039032,153,0.2068752646446228
2592,198714,52.970947265625,794960,5183,-92254.90428571001,239.9,918.5344848632812,0.0003,-1.0744749307632446,153,0.20594756305217743
2596,199665,48.75999450683594,798764,5206,-91026.80428571001,267.51,978.6389770507812,0.0003,-0.8629088401794434,153,0.21012766659259796
2600,200268,451.4171447753906,801176,5221,-88852.32928571,298.12,940.79345703125,0.0003,-0.6131644248962402,153,0.20820024609565735
2604,201166,54.31583023071289,804768,5243,-86736.06678571,324.2,937.4781494140625,0.0003,-0.3989971876144409,153,0.20875310897827148
2608,202119,55.27667999267578,808580,5267,-84833.01678571,356.85,1001.8565673828125,0.0003,-0.03949064016342163,153,0.21607109904289246
2612,203119,145.3029022216797,812580,5291,-81935.55011904,394.89,1329.421875,0.0003,1.428017497062683,153,0.22475361824035645
2616,203772,288.87188720703125,815192,5307,-78606.37511903999,429.47,1397.891357421875,0.0003,1.484837532043457,153,0.22330957651138306
2620,204583,344.6432189941406,818436,5327,-76754.45011903999,461.8,1308.75390625,0.0003,1.1260223388671875,153,0.21573039889335632
2624,205583,45.39201736450195,822436,5351,-73933.48761904,497.12,1010.48046875,0.0003,0.1578829437494278,153,0.21501801908016205
2628,206491,218.8850555419922,826068,5373,-71655.90011903999,526.1,904.3261108398438,0.0003,-1.4121984243392944,153,0.21861030161380768
2632,207064,99.37913513183594,828360,5387,-68508.87095237,556.97,1177.684814453125,0.0003,1.4007327556610107,153,0.22526493668556213
2636,207543,76.08921813964844,830276,5399,-67535.97095237,579.67,1062.005859375,0.0003,0.5086830854415894,153,0.2212095707654953
2640,208200,32.7358512878418,832904,5415,-67501.63345237,598.65,916.0206909179688,0.0003,-0.3858458995819092,153,0.22010289132595062
2644,208464,90.3184814453125,833960,5422,-67443.10845237,603.41,1191.3804931640625,0.0003,-1.0731459856033325,153,0.22112677991390228
2648,208896,536.4656372070312,835688,5432,-65982.13095237,620.77,1464.2913818359375,0.0003,1.568446397781372,153,0.2300974279642105
2652,209534,237.41598510742188,838240,5448,-66093.41845237,630.77,931.671875,0.0003,-0.6819733381271362,153,0.23326633870601654
2656,210126,225.08120727539062,840608,5463,-64829.91150793,635.81,927.5887451171875,0.0003,-1.8204355239868164,153,0.23279301822185516
2660,210780,76.8183822631836,843224,5479,-64628.636507929994,646.68,1090.90283203125,0.0003,0.930688738822937,153,0.23652656376361847
2664,211418,96.1831283569336,845776,5494,-63659.81150792999,650.33,1514.285400390625,0.0003,1.2043579816818237,153,0.23403282463550568
2668,212138,249.60812377929688,848656,5512,-65200.56289681999,640.79,1107.915283203125,0.0003,1.2762445211410522,153,0.2393130511045456
2672,212592,75.62229919433594,850472,5523,-63093.390674599985,661.95,1277.586181640625,0.0003,0.33256492018699646,153,0.23482392728328705
2676,213493,35.644893646240234,854076,5546,-63088.26567460001,671.42,944.8104248046875,0.0003,0.4359534978866577,153,0.23837675154209137
2680,214193,68.22628784179688,856876,5563,-63081.72817460001,674.87,988.2879028320312,0.0003,-0.6829819679260254,154,0.24240849912166595
2684,214681,257.32647705078125,858828,5574,-60701.803174600005,694.16,960.0591430664062,0.0003,-0.17754507064819336,154,0.2431366890668869
2688,215022,267.6038513183594,860192,5583,-61792.715674600004,676.69,1020.5069580078125,0.0003,-0.13248786330223083,154,0.24678915739059448
2692,215659,34.09492874145508,862740,5599,-63296.76138889,672.4,973.0033569335938,0.0003,0.8923041820526123,154,0.24442976713180542
2696,216157,289.9385070800781,864732,5611,-62364.790176769995,670.81,1012.7249755859375,0.0003,-0.70205157995224,154,0.24996884167194366
2700,217036,219.94631958007812,868248,5632,-63540.59017677,661.11,879.9177856445312,0.0003,-0.8546746969223022,154,0.255082368850708
2704,217515,238.18638610839844,870164,5644,-62592.02767677,666.33,1082.150390625,0.0003,-0.19053080677986145,154,0.2564009726047516
2708,218359,57.89165115356445,873540,5665,-64401.852676769995,656.71,1093.620361328125,0.0003,0.47209441661834717,154,0.252774715423584
2712,218842,62.504791259765625,875472,5677,-65455.66934344,645.37,1060.878662109375,0.0003,-0.6120348572731018,154,0.2497749924659729
2716,219407,47.286354064941406,877732,5691,-68735.28184344,627.68,1060.370849609375,0.0003,0.24471832811832428,154,0.25404077768325806
2720,220256,31.58240509033203,881128,5712,-69784.34434344,625.5,911.2628173828125,0.0003,-1.1191613674163818,154,0.2522462010383606
2724,221010,79.78671264648438,884144,5730,-69806.85684344001,620.62,1284.489501953125,0.0003,0.6838833093643188,154,0.2703048288822174
2728,221309,417.7776184082031,885340,5737,-71049.49434344,601.46,991.4267578125,0.0003,-0.4788998067378998,154,0.27159324288368225
2732,221504,443.9485778808594,886120,5742,-74316.72351011,582.61,1375.89208984375,0.0003,0.7667906284332275,154,0.26786014437675476
2736,221773,50.90879821777344,887196,5749,-75344.92351010999,565.44,1104.69384765625,0.0003,0.11344689130783081,154,0.26484107971191406
2740,222002,223.8189239501953,888112,5755,-75502.36101010999,558.77,902.6438598632812,0.0003,-0.6678536534309387,154,0.2658211588859558
2744,222680,50.1494255065918,890824,5772,-75617.61101010999,570.12,896.4161376953125,0.0003,0.37569165229797363,154,0.27441295981407166
2748,223404,268.23638916015625,893720,5790,-76278.48851011,572.74,1103.248046875,0.0003,-0.4527488946914673,154,0.27512630820274353
2752,223975,61.9581413269043,896004,5804,-75407.48851011,575.63,1161.69091796875,0.0003,-0.04562652111053467,154,0.2682606279850006
2756,224814,58.18339157104492,899360,5825,-75774.79545455,580.96,1053.741455078125,0.0003,-0.4529465436935425,154,0.25723400712013245
2760,225419,67.10476684570312,901780,5841,-76019.32045454999,584.94,1109.0887451171875,0.0003,-0.9810869097709656,154,0.25395554304122925
2764,226073,263.4220275878906,904396,5858,-76182.54545455,590.72,1081.407958984375,0.0003,-0.19814038276672363,154,0.24717748165130615
2768,227073,274.0564270019531,908396,5882,-73679.09406566,603.98,1093.24609375,0.0003,0.7711029052734375,154,0.24913763999938965
2772,227557,269.03070068359375,910332,5894,-75894.56628788,593.65,1099.293212890625,0.0003,0.3811314105987549,154,0.24918487668037415
2776,227884,631.370849609375,911640,5903,-76143.87878788,587.75,1005.7639770507812,0.0003,-0.43354475498199463,154,0.24972188472747803
2780,228183,94.48887634277344,912836,5910,-77250.04128788,572.89,1006.727783203125,0.0003,1.1510220766067505,154,0.25013217329978943
2784,228580,59.051483154296875,914424,5920,-80218.49128788,555.97,1059.696533203125,0.0003,1.008215308189392,154,0.24425218999385834
2788,228781,243.77125549316406,915228,5925,-80180.89128788,552.21,913.0479125976562,0.0003,-0.8144969344139099,154,0.24042649567127228
2792,228909,55.2653923034668,915740,5928,-80229.70378788,544.72,900.662353515625,0.0003,-0.21395140886306763,154,0.24184365570545197
2796,229099,37.18510437011719,916500,5933,-82432.275,522.95,897.11083984375,0.0003,-0.28039291501045227,154,0.23853816092014313
2800,229255,250.91734313964844,917124,5937,-83495.35,508.48,933.0420532226562,0.0003,-0.11855053901672363,154,0.2402823120355606
2804,229326,116.4747543334961,917408,5938,-86582.275,479.39,1249.8359375,0.0003,2.221433162689209,154,0.24316167831420898
2808,229443,287.05133056640625,917876,5941,-86697.6,458.57,1090.03515625,0.0003,1.55085289478302,154,0.24481771886348724
2812,229549,266.6068115234375,918300,5944,-88560.35,433.78,1056.83056640625,0.0003,-0.08284461498260498,154,0.24438929557800293
2816,229649,430.6142883300781,918700,5947,-88644.2125,420.32,844.6068115234375,0.0003,-0.9093331694602966,154,0.24332104623317719
2820,229803,47.48887252807617,919316,5950,-89487.375,394.2,954.8070068359375,0.0003,0.6858503818511963,154,0.24459561705589294
2824,230212,238.4088134765625,920952,5961,-92342.525,369.43,1239.74267578125,0.0003,0.11715918779373169,154,0.25317618250846863
2828,230574,219.31005859375,922400,5970,-93508.175,372.68,877.6119995117188,0.0003,-1.56517493724823,154,0.2507775127887726
2832,230727,32.56964874267578,923012,5973,-93513.775,373.24,924.1773681640625,0.0003,-1.9006550312042236,154,0.24799299240112305
2836,231689,53.01517105102539,926860,5997,-91746.275,396.47,969.8350830078125,0.0003,-0.35040780901908875,154,0.23026342689990997
2840,231963,19.886613845825195,927956,6004,-91758.475,397.69,775.2635498046875,0.0003,-2.058109760284424,154,0.22399288415908813
2844,232158,88.91450500488281,928736,6009,-91741.15,385.52,1146.996337890625,0.0003,-0.5641652941703796,154,0.22651666402816772
2848,232246,29.751060485839844,929088,6011,-92578.85,369.3,899.12744140625,0.0003,-0.6983007788658142,154,0.22764205932617188
2852,233146,31.67835235595703,932688,6033,-93565.05,367.93,915.746826171875,0.0003,-0.4773600995540619,154,0.22925950586795807
2856,233649,56.91804885864258,934700,6046,-93333.3,355.4,915.6572265625,0.0003,-1.2590374946594238,154,0.22551177442073822
2860,233935,77.47069549560547,935844,6053,-94230.05,345.28,923.5372314453125,0.0003,-0.1505819857120514,154,0.22533832490444183
2864,234146,48.6124382019043,936688,6058,-94952.45,327.53,870.3025512695312,0.0003,0.6783313751220703,154,0.2258971929550171
2868,234410,47.45170593261719,937744,6065,-98609.35,293.26,983.190185546875,0.0003,-1.0320065021514893,154,0.22624875605106354
2872,234755,45.18377685546875,939124,6074,-97575.55,289.87,1024.9625244140625,0.0003,0.18736052513122559,154,0.22078190743923187
2876,235110,239.00608825683594,940544,6083,-97483.15,280.63,908.4168701171875,0.0003,-0.07339079678058624,154,0.22029347717761993
2880,235338,38.768310546875,941456,6088,-96540.35,286.34,940.6943359375,0.0003,-1.486487865447998,154,0.22408778965473175
2884,235774,84.17918395996094,943200,6099,-96507.95,283.1,1315.25439453125,0.0003,0.21183300018310547,154,0.22465263307094574
2888,236513,240.86329650878906,946156,6118,-95648.65,297.16,988.2027587890625,0.0003,1.4734480381011963,154,0.22292330861091614
2892,237511,64.86767578125,950148,6142,-92788.7875,324.74,958.5728149414062,0.0003,0.09811842441558838,154,0.23165522515773773
2896,238511,216.13217163085938,954148,6167,-89803.1375,357.65,1184.700927734375,0.0003,1.3734941482543945,154,0.23130299150943756
2900,238643,265.6520690917969,954676,6170,-87411.4875,374.04,1194.2972412109375,0.0003,0.014633655548095703,154,0.23380476236343384
2904,239513,261.4441833496094,958156,6191,-86237.9625,387.85,861.7443237304688,0.0003,0.23316097259521484,154,0.23091450333595276
2908,240126,242.0069580078125,960608,6206,-85142.875,414.22,1036.036865234375,0.0003,-0.11369562149047852,154,0.2295064777135849
2912,240714,32.13238525390625,962960,6221,-84134.475,434.0,822.1563110351562,0.0003,-2.3948755264282227,154,0.22886274755001068
2916,241247,473.92974853515625,965092,6234,-82236.175,454.5,1115.4539794921875,0.0003,0.7647913694381714,154,0.22920875251293182
2920,241819,84.62538146972656,967380,6248,-81079.0125,473.35,895.9052734375,0.0003,0.784723699092865,154,0.22455152869224548
2924,242819,101.07335662841797,971380,6273,-76970.6,506.32,1112.397216796875,0.0003,1.9984004497528076,154,0.2150229513645172
2928,243819,36.442665100097656,975380,6297,-73038.125,529.56,864.9725952148438,0.0003,-0.8515503406524658,154,0.2242208868265152
2932,244654,795.37060546875,978720,6318,-69903.25,549.85,941.7273559570312,0.0003,1.6749062538146973,154,0.21743078529834747
2936,245234,435.8027648925781,981040,6332,-70481.5625,542.18,943.0527954101562,0.0003,1.6512451171875,154,0.21808817982673645
2940,245944,257.1903991699219,983880,6349,-69208.3875,549.98,838.62646484375,0.0003,0.30391407012939453,154,0.2197897583246231
2944,246627,248.53858947753906,986612,6366,-68161.475,577.3,996.1384887695312,0.0003,0.03886377811431885,154,0.21954268217086792
2948,247387,42.05944061279297,989652,6385,-65431.775,604.3,1012.525634765625,0.0003,-1.0406177043914795,154,0.21924062073230743
2952,248387,252.74391174316406,993652,6410,-62534.675,614.56,1061.933349609375,0.0003,-0.32454487681388855,155,0.21875599026679993
2956,249387,172.0162353515625,997652,6435,-59761.325,638.98,1454.5810546875,0.0003,0.36374765634536743,155,0.20903553068637848
2960,250387,65.49396514892578,1001652,6460,-57901.7375,652.57,1027.585693359375,0.0003,-0.7566925287246704,155,0.2134840041399002
2964,251387,37.58122634887695,1005652,6484,-55119.325,678.0,975.174560546875,0.0003,0.01985706388950348,155,0.2118929922580719
2968,252387,222.2122344970703,1009652,6509,-51462.425,712.27,776.449462890625,0.0003,-0.980917751789093,155,0.2029370218515396
2972,253387,32.84669876098633,1013652,6534,-48697.625,735.76,804.159423828125,0.0003,-1.8975287675857544,155,0.20514775812625885
2976,254387,241.7338104248047,1017652,6559,-45032.325,769.19,782.692138671875,0.0003,-1.0709091424942017,155,0.20717482268810272
2980,255387,228.233154296875,1021652,6584,-43222.225,788.16,919.6485595703125,0.0003,0.33590200543403625,155,0.19777034223079681
2984,256111,232.85763549804688,1024548,6602,-40397.325,805.64,1036.8802490234375,0.0003,0.4800063371658325,155,0.19802652299404144
2988,256548,20.984790802001953,1026296,6612,-40264.725,812.38,807.7645263671875,0.0003,-2.504281997680664,155,0.19080974161624908
2992,257548,64.47300720214844,1030296,6637,-39331.7125,817.03,853.3721923828125,0.0003,0.44724446535110474,155,0.18729974329471588
2996,258548,54.2916145324707,1034296,6662,-38559.9125,818.35,909.7127685546875,0.0003,-0.9022905230522156,155,0.18865317106246948
3000,259396,22.78068733215332,1037688,6683,-38034.0625,831.93,783.8718872070312,0.0003,-0.2917173504829407,155,0.18764807283878326
3004,260396,62.62097930908203,1041688,6708,-35450.125,854.46,905.201416015625,0.0003,1.01161789894104,155,0.1828293353319168
3008,261396,22.73790168762207,1045688,6733,-33746.7,860.37,782.2827758789062,0.0003,1.181130051612854,155,0.1727880835533142
3012,262345,41.676544189453125,1049484,6756,-32879.825,868.31,769.2794189453125,0.0003,-0.7845336198806763,155,0.17948633432388306
3016,263345,399.06256103515625,1053484,6781,-31846.075,880.63,787.4080810546875,0.0003,-0.5603886246681213,155,0.17568743228912354
3020,264345,31.994232177734375,1057484,6806,-29350.3375,896.45,842.3531494140625,0.0003,2.0968477725982666,155,0.17592565715312958
3024,264978,43.60868835449219,1060016,6821,-31467.7,887.47,860.302490234375,0.0003,-0.3908993899822235,155,0.17188890278339386
3028,265978,21.53156852722168,1064016,6846,-31460.6125,887.47,766.130615234375,0.0003,0.43483027815818787,155,0.1673022359609604
3032,266695,230.3030242919922,1066884,6863,-32800.7875,887.69,836.2418212890625,0.0003,-0.0308457612991333,155,0.16474375128746033
3036,267695,621.3438110351562,1070884,6888,-30998.025,902.25,741.1453857421875,0.0003,-1.1066398620605469,155,0.16841799020767212
3040,268673,217.66932678222656,1074796,6912,-29253.725,910.25,753.9713745117188,0.0003,0.7604775428771973,155,0.16632354259490967
3044,269254,26.45899200439453,1077120,6926,-29166.7,902.17,765.8704833984375,0.0003,0.26766276359558105,155,0.1727616935968399
3048,269626,236.5189666748047,1078608,6935,-30924.8,878.0,774.303955078125,0.0003,-0.060945868492126465,155,0.17485538125038147
3052,270094,33.12126159667969,1080480,6947,-32643.175,860.82,789.836181640625,0.0003,-1.419187068939209,155,0.16884487867355347
3056,270407,225.50506591796875,1081732,6955,-36331.875,828.35,785.565185546875,0.0003,-0.5401229858398438,155,0.16657690703868866
3060,270476,21.39637565612793,1082008,6956,-37064.2125,809.25,752.658447265625,0.0003,0.3574538230895996,155,0.16687063872814178
3064,270512,21.207271575927734,1082152,6957,-40808.025,769.97,763.9951171875,0.0003,0.7190684080123901,155,0.16724607348442078
3068,270548,212.6290283203125,1082296,6958,-44414.725,730.68,778.4384765625,0.0003,-0.5169560313224792,155,0.16756579279899597
3072,270585,21.816801071166992,1082444,6959,-48021.525,691.4,736.021240234375,0.0003,0.051868632435798645,155,0.16749513149261475
3076,270621,20.230262756347656,1082588,6960,-51628.325,652.12,691.6790771484375,0.0003,0.5048398375511169,155,0.16842801868915558
3080,270657,72.14864349365234,1082732,6961,-54263.825,615.7,799.9716796875,0.0003,1.6547760963439941,155,0.1691506952047348
3084,270691,20.704776763916016,1082868,6962,-56948.425,584.19,727.4950561523438,0.0003,0.0412028431892395,155,0.16991104185581207
3088,270725,212.14295959472656,1083004,6963,-56969.025,566.25,757.5543212890625,0.0003,-0.8410139679908752,155,0.1708933264017105
3092,270761,226.03457641601562,1083148,6964,-60691.4,526.97,764.982177734375,0.0003,1.2557547092437744,155,0.17229318618774414
3096,270795,211.1129913330078,1083284,6964,-64397.95,487.65,747.763427734375,0.0003,0.4912964105606079,155,0.17379415035247803
3100,270831,208.98263549804688,1083428,6965,-67242.55,450.39,757.33544921875,0.0003,1.036603569984436,155,0.17499415576457977
3104,270867,21.92733383178711,1083572,6966,-70970.5125,411.1,752.9066162109375,0.0003,-0.3151194155216217,155,0.17611338198184967
3108,270942,20.027393341064453,1083872,6968,-73743.525,376.27,722.2391357421875,0.0003,0.029569655656814575,155,0.18065021932125092
3112,271022,37.75834274291992,1084192,6970,-75500.125,349.01,747.8583984375,0.0003,1.248149037361145,155,0.1864406168460846
3116,271058,24.838712692260742,1084336,6971,-78390.275,312.0,805.55908203125,0.0003,-0.05457735061645508,155,0.18865886330604553
3120,271093,46.747562408447266,1084476,6972,-81997.075,272.72,767.82763671875,0.0003,1.7126154899597168,155,0.19082506000995636
3124,271129,29.627052307128906,1084620,6973,-83925.025,242.42,798.6993408203125,0.0003,0.16518530249595642,155,0.1925579309463501
3128,271165,25.614917755126953,1084764,6974,-87704.1875,203.14,796.86279296875,0.0003,1.2916700839996338,155,0.19347167015075684
3132,271187,22.71918487548828,1084852,6974,-88465.6875,179.3,752.0506591796875,0.0003,0.6743508577346802,155,0.19420947134494781
3136,271217,49.16394805908203,1084972,6975,-91386.7375,142.09,749.8636474609375,0.0003,1.1856818199157715,155,0.195298969745636
3140,271235,22.205663681030273,1085044,6976,-94229.0,106.73,717.3618774414062,0.0003,0.31631144881248474,155,0.19598272442817688
3144,271253,23.936386108398438,1085116,6976,-95245.9125,90.6,774.98095703125,0.0003,0.3375234007835388,155,0.19638799130916595
3148,271271,22.311569213867188,1085188,6976,-96127.9125,78.81,746.4689331054688,0.0003,0.26018375158309937,155,0.19679106771945953
3152,271289,211.9232177734375,1085260,6977,-97053.0375,60.37,708.7681884765625,0.0003,0.5178033709526062,155,0.19739677011966705
3156,271306,20.534191131591797,1085328,6977,-97101.0375,54.12,723.685302734375,0.0003,0.637595534324646,155,0.19791646301746368
3160,271324,28.250383377075195,1085400,6978,-98182.0875,44.29,761.4569702148438,0.0003,0.24806441366672516,155,0.19848980009555817
3164,271342,39.907623291015625,1085472,6978,-98182.0875,44.29,793.8221435546875,0.0003,-0.25299137830734253,155,0.19836203753948212
3168,271360,221.345947265625,1085544,6979,-98182.1875,44.3,851.4708251953125,0.0003,0.5968693494796753,155,0.1985044926404953
3172,271378,44.09634780883789,1085616,6979,-98182.1875,44.3,688.1339111328125,0.0003,-0.7133633494377136,155,0.19860760867595673
3176,271397,21.199338912963867,1085692,6980,-98182.1875,44.3,753.1343994140625,0.0003,-0.1461288183927536,155,0.19886817038059235
3180,271418,26.02037239074707,1085776,6980,-98184.7875,44.56,708.2715454101562,0.0003,0.9001744985580444,155,0.1991375833749771
3184,271437,40.621578216552734,1085852,6981,-98185.2875,44.61,729.258056640625,0.0003,0.06372278928756714,155,0.1997571736574173
3188,271455,22.000255584716797,1085924,6981,-99087.5875,34.85,730.2467041015625,0.0003,0.07844677567481995,155,0.20017048716545105
3192,271487,236.9062042236328,1086052,6982,-99087.7875,34.87,763.9554443359375,0.0003,1.0431479215621948,155,0.20091408491134644
3196,271506,24.575193405151367,1086128,6983,-99092.0875,35.3,752.1021728515625,0.0003,-0.726513683795929,155,0.2013264149427414
3200,271530,23.776599884033203,1086224,6983,-99092.6875,35.36,801.7252197265625,0.0003,0.15888527035713196,155,0.20126786828041077
3204,271553,46.71410369873047,1086316,6984,-99095.3875,35.63,830.9686279296875,0.0003,1.9768885374069214,155,0.20159804821014404
3208,271589,38.58446502685547,1086460,6985,-99091.5875,35.25,755.9913330078125,0.0003,0.601523756980896,155,0.20208773016929626
3212,271635,23.045446395874023,1086644,6986,-99182.8625,32.05,751.9075927734375,0.0003,0.7436079978942871,155,0.20254237949848175
3216,271820,23.547391891479492,1087384,6990,-99090.575,33.18,723.2371826171875,0.0003,0.3629804849624634,155,0.20468027889728546
3220,272085,25.093881607055664,1088444,6997,-98906.05,42.9,743.447265625,0.0003,0.06997562944889069,155,0.21135522425174713
3224,272177,18.56801414489746,1088812,6999,-98724.7875,49.91,694.7706298828125,0.0003,-0.1645125299692154,155,0.21335318684577942
3228,272332,95.05070495605469,1089432,7003,-98634.95,54.75,1060.0091552734375,0.0003,0.35646095871925354,155,0.21556350588798523
3232,272416,44.43461990356445,1089768,7005,-99537.95,45.06,700.617919921875,0.0003,-0.07793965935707092,155,0.21855148673057556
3236,272667,40.29361343383789,1090772,7011,-99361.225,51.15,856.4498291015625,0.0003,0.4045642018318176,155,0.22682540118694305
3240,273005,23.28949546813965,1092124,7020,-99539.6625,56.22,684.3902587890625,0.0003,-0.6274694204330444,155,0.22936275601387024
3244,273743,23.639484405517578,1095076,7038,-96479.775,86.87,666.3663330078125,0.0003,-0.64609694480896,155,0.2204168736934662
3248,274152,33.58060073852539,1096712,7048,-96373.4125,109.0,772.4174194335938,0.0003,1.9533216953277588,155,0.21505188941955566
3252,275093,218.51229858398438,1100476,7071,-95399.8875,140.58,696.4745483398438,0.0003,-0.03014582395553589,155,0.19988501071929932
3256,276053,40.78537368774414,1104316,7094,-92404.175,174.83,696.0059204101562,0.0003,-1.1197834014892578,155,0.19122843444347382
3260,276878,23.483930587768555,1107616,7115,-90478.6125,209.28,733.173828125,0.0003,-0.7440344095230103,155,0.1902562528848648
3264,277317,25.507143020629883,1109372,7125,-89435.5125,231.12,661.7254638671875,0.0003,-0.03367552161216736,155,0.18583090603351593
3268,277947,41.0637321472168,1111892,7140,-89189.9625,258.08,721.205322265625,0.0003,-0.10284781455993652,155,0.17758393287658691
3272,278469,28.193010330200195,1113980,7153,-89062.0375,273.74,667.194580078125,0.0003,-1.2886457443237305,155,0.17531652748584747
3276,278998,41.26354217529297,1116096,7166,-88835.2375,289.67,604.183837890625,0.0003,0.1750779151916504,155,0.17738045752048492
3280,279398,230.79103088378906,1117696,7175,-87817.0625,304.79,612.6484375,0.0003,-0.19606831669807434,155,0.1761784702539444
3284,279838,220.9126739501953,1119456,7186,-86577.95,320.17,708.9080200195312,0.0003,2.7133169174194336,155,0.18480098247528076
3288,280243,213.71710205078125,1121076,7195,-85368.025,344.41,726.6214599609375,0.0003,-1.0648939609527588,155,0.18579049408435822
3292,280567,21.446216583251953,1122372,7203,-85134.8625,355.53,674.2189331054688,0.0003,-0.3164818286895752,155,0.1796627938747406
3296,281298,243.23255920410156,1125296,7221,-84106.3625,376.31,682.417724609375,0.0003,0.8522484302520752,155,0.17214253544807434
3300,282117,26.924482345581055,1128572,7240,-82100.075,409.59,790.610107421875,0.0003,-0.16659477353096008,155,0.16847187280654907
3304,282588,211.98707580566406,1130456,7252,-81198.35,429.53,673.3917846679688,0.0003,-0.20913109183311462,155,0.16475997865200043
3308,282831,24.6148738861084,1131428,7258,-80226.05,447.61,714.6358032226562,0.0003,1.598341464996338,155,0.1677955538034439
3312,283153,233.87586975097656,1132716,7265,-80339.15,458.92,730.154052734375,0.0003,1.0189037322998047,155,0.16815432906150818
3316,283490,18.596773147583008,1134064,7273,-80543.6375,469.01,614.8944091796875,0.0003,-1.279529094696045,155,0.16508659720420837
3320,283747,54.96745300292969,1135092,7279,-80832.0625,469.68,919.7464599609375,0.0003,0.3761565089225769,155,0.16323977708816528
3324,284061,238.12921142578125,1136348,7286,-81116.725,473.01,720.76416015625,0.0003,0.38091564178466797,155,0.16308467090129852
3328,284601,22.922378540039062,1138508,7299,-80421.7625,489.68,716.8109130859375,0.0003,-0.07976272702217102,155,0.1638103574514389
3332,284973,19.622404098510742,1139996,7308,-80350.1125,503.04,639.068603515625,0.0003,-1.0695581436157227,155,0.1631287932395935
3336,285442,231.18585205078125,1141872,7321,-80461.90833333,513.41,787.8507690429688,0.0003,0.2065431773662567,155,0.16555839776992798
3340,285821,22.535001754760742,1143388,7330,-80463.30833333,513.55,699.536376953125,0.0003,0.1184525191783905,155,0.1586207151412964
3344,286079,30.228931427001953,1144420,7336,-82415.17083333,501.1,754.9359741210938,0.0003,0.862433671951294,155,0.15619349479675293
3348,286396,217.9552459716797,1145688,7344,-82626.43333333,489.46,679.7395629882812,0.0003,0.9299832582473755,155,0.15379394590854645
3352,286604,492.40631103515625,1146520,7349,-83692.95833333001,467.18,989.8765258789062,0.0003,0.35196569561958313,156,0.15264244377613068
3356,286837,213.5836639404297,1147452,7355,-86777.17083333,441.78,703.89990234375,0.0003,-0.41083264350891113,156,0.14838874340057373
3360,287066,231.80435180664062,1148368,7360,-88782.63333333,415.32,684.3244018554688,0.0003,0.4335380792617798,156,0.1501826047897339
3364,287334,23.976064682006836,1149440,7367,-89915.63333333,402.47,725.8870849609375,0.0003,0.6107053756713867,156,0.1490803062915802
3368,287799,234.05145263671875,1151300,7378,-90307.88333333,390.18,766.7095336914062,0.0003,-0.26332831382751465,156,0.14646515250205994
3372,287948,200.26513671875,1151896,7382,-90557.00833333,386.64,743.142578125,0.0003,1.206547737121582,156,0.1463659405708313
3376,288098,212.2239532470703,1152496,7386,-90847.20833333001,377.05,680.078369140625,0.0003,-0.14831160008907318,156,0.1459793895483017
3380,288281,18.310344696044922,1153228,7391,-91927.68333333,368.16,710.1761474609375,0.0003,0.07570162415504456,156,0.14422181248664856
3384,288630,210.95953369140625,1154624,7399,-93266.39583333001,362.74,664.853271484375,0.0003,-0.6181191205978394,156,0.1440344601869583
3388,288862,408.2183837890625,1155552,7405,-94580.22083333001,348.89,728.797607421875,0.0003,-0.218603253364563,156,0.14220930635929108
3392,289417,408.9106750488281,1157772,7419,-94885.95833333001,355.22,674.5894775390625,0.0003,0.6993447542190552,156,0.13998034596443176
3396,289726,63.10307312011719,1159008,7427,-96063.45833333001,349.34,742.254638671875,0.0003,-0.6015664935112,156,0.1374824047088623
3400,289980,206.05140686035156,1160024,7433,-98159.44583333,325.03,668.7725830078125,0.0003,0.38555067777633667,156,0.1382855325937271
3404,290130,44.85903549194336,1160624,7436,-99117.57083333,310.73,744.8505249023438,0.0003,-0.5530297160148621,156,0.139256089925766
3408,290276,19.572603225708008,1161208,7441,-100143.67083333,298.03,715.87451171875,0.0003,1.809533953666687,156,0.1394045054912567
3412,290537,227.9442138671875,1162252,7447,-100085.87083333,292.25,782.5504760742188,0.0003,0.08526118099689484,156,0.13858097791671753
3416,290753,390.9984436035156,1163116,7453,-100069.37083333,290.6,721.087646484375,0.0003,-0.23389510810375214,156,0.13528183102607727
3420,290944,227.4327392578125,1163880,7458,-100019.47083333001,285.61,685.1301879882812,0.0003,-0.6603641510009766,156,0.13425591588020325
3424,291101,209.7775115966797,1164508,7462,-99788.14583333001,285.89,670.6029052734375,0.0003,1.3561809062957764,156,0.1338616907596588
3428,291251,19.905118942260742,1165108,7466,-100622.04583333,269.29,774.3992919921875,0.0003,0.2928614318370819,156,0.13522163033485413
3432,291402,215.85321044921875,1165712,7470,-100747.59583333001,261.32,744.2551879882812,0.0003,0.8940449953079224,156,0.13656623661518097
3436,291640,210.8166961669922,1166664,7476,-100873.325,250.94,666.2021484375,0.0003,0.4709196090698242,156,0.13412538170814514
3440,291827,413.7680969238281,1167412,7480,-100895.125,253.12,836.6763305664062,0.0003,0.9222134351730347,156,0.13263867795467377
3444,292033,14.747852325439453,1168236,7485,-102062.55,240.86,664.245361328125,0.0003,-1.4403033256530762,156,0.13170073926448822
3448,292143,24.195354461669922,1168676,7488,-102006.65,235.27,718.0852661132812,0.0003,0.08348488807678223,156,0.1307706981897354
3452,292278,15.450233459472656,1169216,7491,-101965.45,231.15,740.58642578125,0.0003,0.8283517956733704,156,0.13185518980026245
3456,292411,211.71018981933594,1169748,7495,-101927.55,227.36,789.0153198242188,0.0003,1.8551161289215088,156,0.1306796371936798
3460,292553,23.178024291992188,1170316,7498,-101899.15,224.52,757.4468383789062,0.0003,0.8729820847511292,156,0.13109266757965088
3464,292741,18.076147079467773,1171068,7502,-101871.05,221.71,691.9214477539062,0.0003,0.08625367283821106,156,0.12923133373260498
3468,292968,407.72222900390625,1171976,7508,-101788.15,213.42,778.2926635742188,0.0003,0.30659109354019165,156,0.1338788866996765
3472,293233,17.763126373291016,1173036,7514,-101649.725,210.82,734.5786743164062,0.0003,1.069923996925354,156,0.1305110603570938
3476,293482,222.2103271484375,1174032,7520,-101565.5125,213.23,802.585205078125,0.0003,-0.10668784379959106,156,0.1291467845439911
3480,293809,21.661022186279297,1175340,7529,-101612.2125,217.9,783.0098266601562,0.0003,1.6807987689971924,156,0.12648919224739075
3484,294319,15.993356704711914,1177380,7544,-101698.0125,226.48,720.7150268554688,0.0003,-0.5926735997200012,156,0.12525488436222076
3488,294822,36.422420501708984,1179392,7557,-101685.4875,237.38,734.1715698242188,0.0003,0.3528461456298828,156,0.12430696189403534
3492,295329,19.337371826171875,1181420,7568,-101537.3875,234.25,698.3084106445312,0.0003,-0.383452445268631,156,0.12501201033592224
3496,295718,27.16031265258789,1182976,7578,-101409.8375,231.81,737.6372680664062,0.0003,1.155134916305542,156,0.12485214322805405
3500,295943,213.36126708984375,1183876,7583,-101373.2625,238.52,760.903564453125,0.0003,0.4012902081012726,156,0.12645244598388672
3504,296499,83.32749938964844,1186100,7596,-101370.45,248.65,989.7413330078125,0.0003,1.369616985321045,156,0.1286889761686325
3508,297058,24.224565505981445,1188336,7610,-100443.8875,266.08,729.3993530273438,0.0003,0.04067125916481018,156,0.12738007307052612
3512,297987,19.921205520629883,1192052,7635,-99419.1625,288.62,747.26806640625,0.0003,-1.3282488584518433,156,0.12477415800094604
3516,298813,21.00980567932129,1195356,7656,-97525.5125,310.53,803.45654296875,0.0003,-0.009309530258178711,156,0.12109218537807465
3520,299558,232.7831573486328,1198336,7674,-94461.6925,338.56,753.3907470703125,0.0003,0.42465364933013916,156,0.12115661054849625
3524,300228,13.845663070678711,1201016,7689,-92761.4425,358.06,695.7368774414062,0.0003,-1.673191785812378,156,0.11988769471645355
3528,300987,17.978731155395508,1204052,7709,-89949.0175,386.99,790.9613037109375,0.0003,0.7530131340026855,156,0.11840392649173737
3532,301987,211.35467529296875,1208052,7732,-87034.2675,416.57,732.284423828125,0.0003,-1.4941343069076538,156,0.1243417039513588
3536,302987,31.826053619384766,1212052,7756,-83366.9675,449.8,803.5950927734375,0.0003,1.0712217092514038,156,0.1254717856645584
3540,303987,216.59808349609375,1216052,7780,-80640.4675,477.12,785.1561279296875,0.0003,-0.1626529097557068,156,0.12166699767112732
3544,304858,207.90826416015625,1219536,7801,-77900.0675,503.05,805.8191528320312,0.0003,-0.046376168727874756,156,0.12545731663703918
3548,305858,13.600733757019043,1223536,7826,-75202.8675,533.3,724.8366088867188,0.0003,-0.8649370670318604,156,0.12635275721549988
3552,306858,19.053430557250977,1227536,7850,-71544.3675,567.41,785.194580078125,0.0003,-0.16083377599716187,156,0.11815861612558365
3556,307741,35.64933776855469,1231068,7871,-70755.5175,599.06,832.4512939453125,0.0003,2.150097131729126,156,0.11761955171823502
3560,308574,215.36282348632812,1234400,7893,-68016.4175,625.12,781.03857421875,0.0003,-0.4305752217769623,156,0.1173066720366478
3564,309567,25.40817642211914,1238372,7917,-66088.6925,656.76,819.8609008789062,0.0003,0.04056563973426819,156,0.11687424033880234
3568,310567,16.846206665039062,1242372,7940,-63277.355,688.09,725.688232421875,0.0003,-0.5834442377090454,156,0.11545366793870926
3572,310825,26.788537979125977,1243404,7947,-61133.33,702.0,858.3690185546875,0.0003,1.7130944728851318,156,0.1167537122964859
3576,311567,203.0929718017578,1246372,7966,-59938.23128205,721.78,758.9044189453125,0.0003,-1.0751802921295166,156,0.1196904331445694
3580,311863,596.1162109375,1247556,7973,-59799.381282049995,719.02,820.393798828125,0.0003,1.6268776655197144,156,0.11923877894878387
3584,312167,208.4583740234375,1248772,7981,-59533.193782049995,703.18,738.306396484375,0.0003,0.49467387795448303,156,0.11812086403369904
3588,312501,12.486321449279785,1250108,7991,-58206.08544872,707.69,745.6297607421875,0.0003,-1.2976906299591064,156,0.11968033015727997
3592,313501,21.49176025390625,1254108,8016,-55412.54794872,730.97,800.38037109375,0.0003,1.0912246704101562,156,0.12145379930734634
3596,314395,30.772680282592773,1257684,8038,-53398.560448719996,745.72,779.9447021484375,0.0003,1.1192905902862549,156,0.12155496329069138
3600,314821,208.32522583007812,1259388,8048,-52474.21044872,753.45,738.01318359375,0.0003,2.188695192337036,156,0.11831587553024292
3604,315501,13.527009963989258,1262108,8065,-51408.122948719996,756.42,742.0325317382812,0.0003,-0.7099740505218506,156,0.12339872121810913
3608,316166,16.76007080078125,1264768,8081,-51314.26044872,758.32,764.5120849609375,0.0003,1.5242162942886353,156,0.12315356731414795
3612,316586,15.010019302368164,1266448,8092,-52200.42017094,755.6,746.2642822265625,0.0003,-1.593667984008789,156,0.11803314089775085
3616,317037,14.461870193481445,1268252,8102,-54020.320170939995,738.43,748.350830078125,0.0003,-1.1678047180175781,156,0.11594508588314056
3620,317547,358.2942199707031,1270292,8114,-56837.04850426999,718.59,818.732177734375,0.0003,-0.9280828237533569,156,0.11985354125499725
3624,318547,23.381181716918945,1274292,8138,-54684.64850427,727.75,792.5540771484375,0.0003,1.5240349769592285,156,0.11679727584123611
3628,319296,18.694494247436523,1277288,8155,-56139.011004269996,719.38,763.6773681640625,0.0003,-0.33716028928756714,156,0.12073934823274612
3632,320208,226.84628295898438,1280936,8179,-56930.72767094,718.07,961.8919067382812,0.0003,0.6755567789077759,156,0.11334078013896942
3636,320602,203.66493225097656,1282512,8190,-58340.52767093999,706.71,754.7937622070312,0.0003,-1.511636734008789,156,0.11389721184968948
3640,321188,26.47174644470215,1284856,8205,-60967.49017093999,682.56,822.5103759765625,0.0003,2.241128444671631,156,0.11347630620002747
3644,321754,235.29269409179688,1287120,8218,-61803.765170939994,677.23,979.8902587890625,0.0003,2.714200019836426,156,0.11409969627857208
3648,322601,18.867679595947266,1290508,8238,-61498.55267093999,676.01,801.6976318359375,0.0003,0.514864981174469,156,0.11619465053081512
3652,323323,46.36149597167969,1293396,8255,-65217.25267093999,657.92,878.9642333984375,0.0003,1.2356719970703125,156,0.119004987180233
3656,323948,55.704132080078125,1295896,8270,-63980.05267093999,650.7,852.40478515625,0.0003,0.7072826623916626,156,0.11434705555438995
3660,324948,214.572265625,1299896,8294,-63934.75267093999,656.17,858.3690185546875,0.0003,-0.30551236867904663,156,0.10510662198066711
3664,325323,15.268232345581055,1301396,8304,-64982.577670939994,636.53,762.4566040039062,0.0003,-1.9041703939437866,156,0.10342394560575485
3668,325578,40.06814956665039,1302416,8310,-67865.91517093999,612.4,1014.1814575195312,0.0003,2.599179267883301,156,0.10196008533239365
3672,325850,16.384136199951172,1303504,8317,-70073.16517093999,593.57,782.8021240234375,0.0003,-1.7670114040374756,156,0.10355785489082336
3676,326301,216.27813720703125,1305308,8329,-70429.27638889,579.05,877.8539428710938,0.0003,0.32443273067474365,156,0.10112360864877701
3680,326603,217.3111114501953,1306516,8337,-69636.92638889,588.68,854.3590087890625,0.0003,1.3150784969329834,156,0.10035558044910431
3684,327145,16.566791534423828,1308684,8349,-68659.15138889,604.62,763.6196899414062,0.0003,-0.871383011341095,156,0.1010722890496254
3688,327340,56.572113037109375,1309464,8354,-69695.48472222,592.8,792.3732299804688,0.0003,0.07623396813869476,156,0.10060190409421921
3692,328340,34.509037017822266,1313464,8380,-70415.43472222,581.81,948.3867797851562,0.0003,-0.5066400170326233,156,0.10393590480089188
3696,328971,18.330944061279297,1315988,8395,-70543.02222222001,579.8,796.280517578125,0.0003,1.5578075647354126,156,0.10435879230499268
3700,329295,205.21197509765625,1317284,8403,-70408.95972222001,573.7,800.3359375,0.0003,-1.1709458827972412,156,0.1058233231306076
3704,329541,18.067163467407227,1318268,8409,-71364.55972222,562.7,815.9849243164062,0.0003,-1.0286228656768799,156,0.10446011275053024
3708,329764,23.244680404663086,1319160,8414,-71047.975,544.21,871.7255249023438,0.0003,0.23193901777267456,156,0.10415752232074738
3712,330110,200.80372619628906,1320544,8422,-70725.25,540.62,919.5873413085938,0.0003,-1.0824580192565918,156,0.10288207232952118
3716,330376,14.935683250427246,1321608,8429,-70436.6125,536.44,803.2633666992188,0.0003,-0.8532699346542358,156,0.10469134151935577
3720,330714,38.89111328125,1322960,8436,-70507.87916667,535.97,835.9573974609375,0.0003,0.7077524662017822,156,0.10381514579057693
3724,331011,26.32032012939453,1324148,8443,-74211.77916666999,505.48,859.4913330078125,0.0003,0.9936611652374268,156,0.10606758296489716
3728,331601,15.287774085998535,1326508,8458,-74544.32916667,494.94,799.350830078125,0.0003,-0.6298038959503174,156,0.10382796823978424
3732,332367,217.71792602539062,1329572,8478,-74607.0375,491.59,894.3494873046875,0.0003,1.1957899332046509,156,0.10391180217266083
3736,333023,58.0531120300293,1332196,8494,-74744.6,492.66,930.97509765625,0.0003,0.35927677154541016,156,0.10337673127651215
3740,333284,23.465591430664062,1333240,8500,-74415.27916667,496.47,818.5867309570312,0.0003,0.7091596126556396,156,0.1033487617969513
3744,333836,19.278215408325195,1335448,8513,-76423.90416666999,486.32,769.8154296875,0.0003,-0.20722627639770508,156,0.10683167725801468
3748,334284,24.15778923034668,1337240,8523,-78199.30416667,471.15,860.1356201171875,0.0003,-1.4131789207458496,156,0.10903824865818024
3752,334533,27.601444244384766,1338236,8530,-78161.40416666999,457.36,848.7423095703125,0.0003,-0.17044281959533691,156,0.10692716389894485
3756,334827,26.32175636291504,1339412,8537,-80098.76666667,434.63,828.8306884765625,0.0003,0.27762699127197266,156,0.10705938190221786
3760,335618,14.001832008361816,1342576,8556,-81842.17916667,423.97,803.7166748046875,0.0003,-0.9137088656425476,156,0.10909453779459
3764,335738,405.10626220703125,1343056,8559,-81585.31666667,425.94,770.4996337890625,0.0003,0.38059186935424805,156,0.10980457812547684
3768,335826,223.75021362304688,1343408,8561,-81368.19166667,414.56,880.0048828125,0.0003,1.8547406196594238,156,0.10952092707157135
3772,336427,15.83580493927002,1345812,8575,-81302.41666666999,422.97,821.197998046875,0.0003,0.24964916706085205,156,0.10889174789190292
3776,336826,27.381633758544922,1347408,8586,-81220.11666667,429.08,877.1622314453125,0.0003,1.251415729522705,156,0.10968267917633057
3780,337427,63.91834259033203,1349812,8600,-80887.65416666999,425.24,986.7620849609375,0.0003,0.15613144636154175,156,0.11390960216522217
3784,338120,215.96353149414062,1352584,8616,-79845.65416666999,435.61,824.4161376953125,0.0003,-0.730640172958374,156,0.11479716747999191
3788,338811,24.97373390197754,1355348,8633,-77876.71666666999,455.26,909.678466796875,0.0003,10.99549674987793,156,0.11279268562793732
3792,339811,48.2667350769043,1359348,8658,-77732.92916667,463.0,1075.832275390625,0.0003,0.15767401456832886,157,0.11387068778276443
3796,340340,46.35288619995117,1361464,8670,-78665.65416666999,457.63,874.7283935546875,0.0003,-1.6332752704620361,157,0.11051923036575317
3800,341066,22.562896728515625,1364368,8687,-78950.64166667,468.28,816.54345703125,0.0003,-0.8288236856460571,157,0.10706879943609238
3804,341873,33.48579406738281,1367596,8706,-77879.575,490.06,887.2347412109375,0.0003,0.3409958481788635,157,0.11594938486814499
3808,342214,17.087047576904297,1368960,8714,-78004.6,492.39,837.7827758789062,0.0003,0.06880946457386017,157,0.11551903188228607
3812,342822,25.101333618164062,1371392,8728,-77576.225,499.62,871.2740478515625,0.0003,1.0863375663757324,157,0.11565367877483368
3816,343340,17.98378562927246,1373464,8740,-76982.325,513.78,850.2572021484375,0.0003,-1.8523669242858887,157,0.11753805726766586
3820,343822,28.20368194580078,1375392,8752,-75771.5,519.46,839.7359619140625,0.0003,-0.12340044975280762,157,0.11340338736772537
3824,344085,34.3464469909668,1376444,8758,-75922.8875,526.41,952.0568237304688,0.0003,-0.07900190353393555,157,0.11201877146959305
3828,344633,610.4841918945312,1378636,8771,-76808.35,525.15,926.0302734375,0.0003,1.1025089025497437,157,0.11278144270181656
3832,345122,209.3299102783203,1380592,8783,-78602.9125,514.6,968.8641967773438,0.0003,0.2795017957687378,157,0.11250930279493332
3836,345770,21.96023178100586,1383184,8799,-79437.975,506.2,878.2349853515625,0.0003,2.5998244285583496,157,0.11289747804403305
3840,346252,34.81686782836914,1385112,8812,-78643.53333333001,514.79,907.6257934570312,0.0003,1.6645143032073975,157,0.11397618055343628
3844,347019,230.8987579345703,1388180,8831,-77151.83333333001,521.85,1022.8853759765625,0.0003,1.1166001558303833,157,0.11379580944776535
3848,347364,25.87052345275879,1389560,8840,-77572.14583333001,527.31,805.346435546875,0.0003,1.7115044593811035,157,0.11801612377166748
3852,347902,451.9696960449219,1391712,8853,-77607.44583333,530.84,970.2576904296875,0.0003,-0.27634191513061523,157,0.11917603015899658
3856,348350,31.306087493896484,1393504,8864,-77565.15833333001,541.52,904.7489624023438,0.0003,-1.1043199300765991,157,0.1161542683839798
3860,348733,28.175792694091797,1395036,8873,-78411.25833333,523.06,957.8837890625,0.0003,-0.17345333099365234,157,0.11437628418207169
3864,349733,24.750669479370117,1399036,8896,-75879.42083333,542.19,875.7463989257812,0.0003,0.8466929793357849,157,0.10946754366159439
3868,350413,254.85874938964844,1401756,8912,-73097.84583333001,570.6,965.2200317382812,0.0003,1.8120689392089844,157,0.10642388463020325
3872,350980,21.995071411132812,1404024,8926,-72233.59583333001,586.3,823.08935546875,0.0003,-2.3779783248901367,157,0.10431650280952454
3876,351332,214.52804565429688,1405432,8934,-73157.18333333,574.67,932.8190307617188,0.0003,-0.7134840488433838,157,0.10764847695827484
3880,351508,408.5585021972656,1406136,8938,-73271.88333333,573.76,835.4189453125,0.0003,-2.216379165649414,157,0.10707106441259384
3884,352009,19.055553436279297,1408140,8951,-75269.98333333,558.87,824.1580200195312,0.0003,-0.9544708728790283,157,0.10679663717746735
3888,352393,99.64812469482422,1409676,8962,-77648.62083333,546.27,1009.8587646484375,0.0003,-0.7243843674659729,157,0.10648299753665924
3892,353250,608.052734375,1413104,8982,-79970.28333333001,537.29,916.4793701171875,0.0003,0.2530520558357239,157,0.10583130270242691
3896,354250,221.21878051757812,1417104,9005,-76811.38333333,556.35,907.205322265625,0.0003,-1.6473174095153809,157,0.10781867057085037
3900,354860,31.629413604736328,1419544,9021,-75317.225,557.52,986.608154296875,0.0003,2.037853956222534,157,0.10725676268339157
3904,355162,40.110511779785156,1420752,9028,-76385.06666667,544.07,906.5948486328125,0.0003,0.16237765550613403,157,0.10553211718797684
3908,356035,19.555265426635742,1424244,9048,-76728.39166667,555.91,863.326904296875,0.0003,-0.763623058795929,157,0.10607319325208664
3912,356619,43.85676193237305,1426580,9062,-76608.71666666999,554.24,937.6383056640625,0.0003,-0.7239360809326172,157,0.10325638204813004
3916,357579,40.2153205871582,1430420,9084,-76419.10416666999,556.12,923.8201293945312,0.0003,-0.4645230174064636,157,0.10167995095252991
3920,357717,17.572649002075195,1430972,9088,-75622.60416666999,558.77,864.0689697265625,0.0003,-0.289106547832489,157,0.10067395865917206
3924,358173,214.9048309326172,1432796,9098,-74726.50416667,558.17,906.3839721679688,0.0003,-0.4473360478878021,157,0.10352810472249985
3928,359107,223.105712890625,1436532,9120,-73848.11666667,571.45,963.1759033203125,0.0003,1.3847880363464355,157,0.09717687219381332
3932,360107,42.17050552368164,1440532,9143,-69714.75833334,590.85,885.2745971679688,0.0003,-0.6028525233268738,157,0.09919891506433487
3936,360661,33.04203796386719,1442748,9157,-69923.57083334,599.15,1035.874755859375,0.0003,-0.027009934186935425,157,0.09699118882417679
3940,361273,38.69719696044922,1445196,9171,-69740.46666666999,598.6,987.0930786132812,0.0003,1.1383249759674072,157,0.09888903051614761
3944,362225,43.99149703979492,1449004,9194,-69399.26666667,608.23,1022.6700439453125,0.0003,-0.47882789373397827,157,0.09827244281768799
3948,362690,168.9451446533203,1450864,9205,-69374.16666666999,605.72,1010.0339965820312,0.0003,-0.7265352606773376,157,0.099298395216465
3952,363642,51.19808578491211,1454672,9229,-67287.89583334,631.42,921.2337646484375,0.0003,0.5070587396621704,157,0.09993785619735718
3956,364456,231.8660430908203,1457928,9248,-65528.79583334,641.34,1043.191650390625,0.0003,0.34541475772857666,157,0.1075657531619072
3960,365165,22.938499450683594,1460764,9267,-63591.49583334,662.21,939.96044921875,0.0003,-0.7058036923408508,157,0.10455811023712158
3964,365939,46.489078521728516,1463860,9285,-66243.79583334,653.53,1093.44873046875,0.0003,-0.10906088352203369,157,0.10252225399017334
3968,366409,18.963916778564453,1465740,9297,-68343.19583334,646.56,924.724609375,0.0003,-1.4005496501922607,157,0.1001945436000824
3972,367226,32.91423797607422,1469008,9318,-68419.14583334,647.12,1097.114990234375,0.0003,1.2268073558807373,157,0.1012781485915184
3976,368226,63.04121017456055,1473008,9343,-65088.87916667,673.18,1127.3128662109375,0.0003,-0.27876871824264526,157,0.10004536062479019
3980,368730,216.9744873046875,1475024,9355,-65060.42499999999,680.76,946.6263427734375,0.0003,-0.49099892377853394,157,0.09942425787448883
3984,369155,222.9844512939453,1476724,9365,-64282.4875,678.59,995.7532348632812,0.0003,-0.39762845635414124,157,0.09930535405874252
3988,369466,45.92092514038086,1477968,9373,-62200.5625,682.11,1035.310546875,0.0003,1.3587446212768555,157,0.10127554833889008
3992,370466,38.793514251708984,1481968,9396,-58712.27166667001,691.52,1207.3037109375,0.0003,-0.8085380792617798,157,0.09665846824645996
3996,371466,30.327533721923828,1485968,9420,-61790.546666669994,678.3,999.9658203125,0.0003,1.1839606761932373,157,0.10073865950107574
4000,371720,16.752273559570312,1486984,9428,-60956.405,679.54,848.0211181640625,0.0003,-2.6416678428649902,157,0.09849908202886581
4004,372555,48.962188720703125,1490324,9449,-60692.405,678.34,1174.00732421875,0.0003,-0.30741554498672485,157,0.09638790786266327
4008,372894,415.4165954589844,1491680,9457,-59503.4925,672.44,860.76806640625,0.0003,-0.6579784154891968,157,0.09265075623989105
4012,373555,217.89146423339844,1494324,9472,-58214.38,679.19,978.638916015625,0.0003,-0.6911914348602295,157,0.09138981252908707
4016,374047,34.12041473388672,1496292,9484,-58261.03,670.25,928.2135009765625,0.0003,-0.340409517288208,157,0.09620150923728943
4020,374580,51.63842010498047,1498424,9497,-59325.2175,663.68,1086.4996337890625,0.0003,0.198641836643219,157,0.09242557734251022
4024,374975,53.61662292480469,1500004,9507,-59250.0425,668.56,1233.359130859375,0.0003,1.5899134874343872,157,0.09130265563726425
4028,375785,18.56230354309082,1503244,9528,-58975.82583333,665.32,883.5419921875,0.0003,-1.0345349311828613,157,0.0912337377667427
4032,376523,16.353137969970703,1506196,9545,-60164.69666666,657.96,869.519775390625,0.0003,-2.284377098083496,157,0.08928852528333664
4036,377129,28.716644287109375,1508620,9560,-59275.80916666,651.79,1038.5458984375,0.0003,3.161651134490967,157,0.08633572608232498
4040,377396,215.44308471679688,1509688,9566,-59482.100833330005,645.84,870.5025634765625,0.0003,-0.47762101888656616,157,0.08695178478956223
4044,378250,212.6936798095703,1513104,9587,-59966.94666666,640.73,849.662841796875,0.0003,-1.6159473657608032,157,0.08375536650419235
4048,378631,33.26681137084961,1514628,9597,-59714.896666659995,633.47,949.4775390625,0.0003,0.034763455390930176,157,0.08298828452825546
4052,379189,227.33799743652344,1516860,9610,-60575.81749999,611.7,1143.1337890625,0.0003,-0.3483860492706299,157,0.08362162113189697
4056,379663,378.68707275390625,1518756,9622,-60262.15222220999,611.04,959.9786987304688,0.0003,-1.3260074853897095,157,0.08219736814498901
4060,380181,219.2997283935547,1520828,9636,-62023.30638888,604.63,1049.9630126953125,0.0003,-0.15050417184829712,157,0.08602778613567352
4064,381125,234.52755737304688,1524604,9660,-61754.614722210004,596.25,1073.2349853515625,0.0003,0.34884101152420044,157,0.0854019746184349
4068,381516,173.22633361816406,1526168,9670,-59499.38972221,605.18,1062.8359375,0.0003,2.427839994430542,157,0.08791056275367737
4072,382153,236.33802795410156,1528716,9685,-59459.16472221,591.07,989.129638671875,0.0003,-2.179762363433838,157,0.09204629063606262
4076,382795,41.55784225463867,1531284,9700,-60766.181388879995,582.22,920.508056640625,0.0003,-1.0800096988677979,157,0.08750619739294052
4080,383189,54.26639175415039,1532860,9709,-59728.46055554999,585.45,1202.071533203125,0.0003,0.2178957760334015,157,0.08507674932479858
4084,383840,32.93037796020508,1535464,9724,-58477.81055554999,594.2,1074.479248046875,0.0003,2.543879270553589,157,0.0845646932721138
4088,384189,218.26075744628906,1536860,9733,-59084.94805554999,584.75,1006.8316040039062,0.0003,0.441231369972229,157,0.0851946622133255
4092,384616,47.63706588745117,1538568,9742,-61411.188888879995,568.26,1160.23828125,0.0003,3.234292984008789,157,0.0865955799818039
4096,384989,12.337616920471191,1540060,9751,-62283.376388879995,558.49,877.991943359375,0.0003,-0.008542239665985107,157,0.08568976074457169
4100,385143,40.58994674682617,1540676,9755,-65290.01388888,535.91,992.9725952148438,0.0003,-1.4590802192687988,157,0.08603649586439133
4104,385313,27.965280532836914,1541356,9759,-65471.01805555,528.39,1017.0135498046875,0.0003,-0.5747420787811279,157,0.08640188723802567
4108,385549,42.99571990966797,1542300,9765,-67460.89305555,510.17,1292.1513671875,0.0003,0.10617858171463013,157,0.08665832877159119
4112,385970,243.77886962890625,1543984,9776,-69608.93055555,491.09,936.4349365234375,0.0003,-1.0415759086608887,157,0.08313379436731339
4116,386257,64.74041748046875,1545132,9783,-70561.51805555,490.79,1095.8787841796875,0.0003,2.1892409324645996,157,0.08388810604810715
4120,386622,53.09555435180664,1546592,9793,-71520.35555555,492.06,1405.32080078125,0.0003,2.620894193649292,157,0.08416251838207245
4124,386980,47.16675567626953,1548024,9802,-72628.25555555,483.9,1126.577880859375,0.0003,-0.9643492698669434,157,0.08649109303951263
4128,387335,103.13018035888672,1549444,9810,-73751.25555555,467.05,1339.156005859375,0.0003,1.675702452659607,157,0.0853247195482254
4132,388119,31.52936553955078,1552580,9829,-74626.01805555,463.21,835.5264892578125,0.0003,-1.6607699394226074,157,0.08715037256479263
4136,388716,240.40676879882812,1554968,9843,-74760.06805555,463.43,917.5306396484375,0.0003,-1.284209132194519,157,0.08566626161336899
4140,388850,55.69118881225586,1555504,9846,-74887.50555555,459.06,1241.1796875,0.0003,-0.5885124206542969,157,0.08531314134597778
4144,389258,235.71910095214844,1557136,9855,-74825.26388889001,452.01,1117.343994140625,0.0003,-0.8703124523162842,157,0.08393141627311707
4148,390100,33.71050262451172,1560504,9875,-75845.78888889,446.18,1206.5013427734375,0.0003,0.3564208149909973,158,0.0858871340751648
4152,390366,35.084503173828125,1561568,9882,-74701.52638889,463.11,994.9042358398438,0.0003,-2.2401247024536133,158,0.08470647037029266
4156,390756,62.79792404174805,1563128,9894,-76933.66666666999,444.31,1347.1512451171875,0.0003,1.3886345624923706,157,0.08409247547388077
4160,391073,15.363607406616211,1564396,9902,-77223.1625,433.53,884.967041015625,0.0003,-2.8010761737823486,157,0.08170527219772339
4164,391505,43.20223617553711,1566124,9913,-77309.10416666999,425.94,1393.66357421875,0.0003,0.24239091575145721,157,0.08030298352241516
4168,391633,207.91305541992188,1566636,9916,-79276.36666667,406.08,896.3020629882812,0.0003,-1.2953330278396606,157,0.08019120246171951
4172,391706,259.4012756347656,1566928,9918,-80147.16666666999,393.17,1203.694580078125,0.0003,1.421707272529602,157,0.0803600549697876
4176,391833,224.87399291992188,1567436,9921,-82220.32916667,370.61,1138.6480712890625,0.0003,-1.6252801418304443,157,0.08091997355222702
4180,391937,43.73030471801758,1567852,9924,-84345.06666667,348.64,971.6627197265625,0.0003,-0.3041308522224426,157,0.08134814351797104
4184,392235,218.5979766845703,1569044,9931,-85425.70416667,340.58,1003.8055419921875,0.0003,-1.629225492477417,157,0.084734708070755
4188,392477,397.5503845214844,1570012,9937,-86706.69166667,327.13,1325.491943359375,0.0003,2.047360897064209,157,0.08420570939779282
4192,393187,231.53517150878906,1572852,9955,-84633.84666667,339.02,1065.92626953125,0.0003,-1.023779273033142,157,0.08462152630090714
4196,393630,15.39587116241455,1574624,9966,-83660.88416666999,340.34,914.1170654296875,0.0003,-2.6449098587036133,157,0.0835324078798294
4200,394187,224.05015563964844,1576852,9979,-82373.48416667,355.68,1038.12451171875,0.0003,2.0631167888641357,158,0.08231066167354584
4204,394694,240.03826904296875,1578880,9991,-81377.48,364.22,1296.7939453125,0.0003,4.673567771911621,158,0.08280620723962784
4208,394839,31.065004348754883,1579460,9995,-81459.2425,362.3,914.0404663085938,0.0003,-1.6191236972808838,158,0.08480558544397354
4212,394949,46.079429626464844,1579900,9997,-80437.1425,366.17,1354.435791015625,0.0003,2.3618879318237305,158,0.08671381324529648
4216,395474,224.1695556640625,1582000,10010,-79419.6925,360.64,1147.6937255859375,0.0003,6.101534366607666,158,0.08648519217967987
4220,395945,37.75389862060547,1583884,10022,-77367.455,364.9,941.7041625976562,0.0003,2.314105987548828,158,0.08690428733825684
4224,396308,87.5621109008789,1585336,10030,-76304.205,365.95,1286.19189453125,0.0003,-1.7141741514205933,158,0.08472100645303726
4228,396513,33.9819450378418,1586156,10035,-77459.75916666999,359.66,1175.93994140625,0.0003,1.304691195487976,158,0.08645717799663544
4232,396812,27.681421279907227,1587352,10042,-77582.39666667,351.78,1030.3017578125,0.0003,-1.6914016008377075,158,0.08809914439916611
4236,397038,37.98906707763672,1588256,10047,-78289.37166666999,340.38,1236.619140625,0.0003,1.8274140357971191,158,0.08888129889965057
4240,397421,44.34295654296875,1589788,10056,-79295.64666667,329.04,975.1026611328125,0.0003,1.2981345653533936,158,0.08898602426052094
4244,397478,15.75830364227295,1590016,10058,-80375.355,320.91,881.908203125,0.0003,-1.9630367755889893,158,0.08921266347169876
4248,397589,210.81597900390625,1590460,10061,-80324.255,323.57,905.537841796875,0.0003,-2.138676404953003,158,0.08873341977596283
4252,397703,58.993717193603516,1590916,10063,-82618.9675,295.22,1089.27001953125,0.0003,0.22448933124542236,158,0.08887007087469101
4256,397774,62.0299072265625,1591200,10065,-82560.0675,289.33,1101.838134765625,0.0003,3.6471736431121826,158,0.08976320922374725
4260,397898,39.11035919189453,1591696,10068,-82609.505,280.03,962.4845581054688,0.0003,0.9587968587875366,158,0.09109682589769363
4264,398117,55.181514739990234,1592572,10073,-83777.755,268.5,1422.954345703125,0.0003,0.8766635060310364,158,0.09364793449640274
4268,398450,77.97406768798828,1593904,10081,-84701.93,265.73,973.7318115234375,0.0003,1.9933068752288818,158,0.10056839883327484
4272,398533,251.14894104003906,1594236,10083,-83564.55222222001,277.04,962.615478515625,0.0003,1.2646424770355225,158,0.102742038667202
4276,399036,18.770751953125,1596248,10096,-83418.61472222001,285.71,875.9697265625,0.0003,0.6463225483894348,158,0.1122196614742279
4280,399608,61.606666564941406,1598536,10110,-82210.87722222,306.92,1074.7130126953125,0.0003,3.712810516357422,158,0.1294146031141281
4284,399987,56.87943649291992,1600052,10119,-83289.18972222,297.07,1166.51025390625,0.0003,1.273341417312622,158,0.14099572598934174
4288,400329,230.2248077392578,1601420,10127,-82257.96472222,320.01,1001.1893310546875,0.0003,1.6342828273773193,158,0.15267997980117798
4292,401116,35.39543533325195,1604568,10147,-83540.62222222,322.52,1010.4349365234375,0.0003,0.02534496784210205,158,0.17920002341270447
4296,401638,63.73517608642578,1606656,10159,-84672.20972222001,317.28,1170.1673583984375,0.0003,1.5136624574661255,158,0.19167934358119965
4300,401916,29.73008155822754,1607768,10166,-84985.79722222,308.88,843.0230712890625,0.0003,-1.7587695121765137,158,0.19516219198703766
4304,401962,23.807275772094727,1607952,10167,-86094.18472222,300.59,877.5953979492188,0.0003,-1.440166711807251,158,0.19426217675209045
4308,401999,48.50265884399414,1608100,10168,-86076.28472222,298.8,1014.5651245117188,0.0003,0.9585461616516113,158,0.19340601563453674
4312,402022,25.559297561645508,1608192,10169,-87149.63472222,287.99,830.6751708984375,0.0003,-0.4525463283061981,158,0.1933337301015854
4316,402045,47.215797424316406,1608284,10169,-88219.44722222,276.73,1000.9365844726562,0.0003,0.6223393082618713,158,0.1931048184633255
4320,402088,65.39974212646484,1608456,10170,-90379.20972222001,256.46,913.5144653320312,0.0003,0.4754725396633148,158,0.19229727983474731
4324,402132,219.36325073242188,1608632,10171,-91432.72222222,243.71,863.5407104492188,0.0003,-1.0934720039367676,158,0.19237534701824188
4328,402176,45.50770568847656,1608808,10172,-91497.07222222,235.35,930.9299926757812,0.0003,0.7049362659454346,158,0.19240863621234894
4332,402220,57.79109573364258,1608984,10173,-92558.57222222,223.25,992.0001831054688,0.0003,0.056810736656188965,158,0.19204816222190857
4336,402265,55.995635986328125,1609164,10174,-93623.59722222,211.87,1009.4356079101562,0.0003,-0.6829234957695007,158,0.1932617723941803
4340,402308,48.97141647338867,1609336,10175,-93585.09722222,208.02,890.2853393554688,0.0003,-0.800089955329895,158,0.19357791543006897
4344,402351,194.7834930419922,1609508,10176,-93753.38472222,195.39,1053.227294921875,0.0003,-0.13253304362297058,158,0.19408857822418213
4348,402398,33.62223434448242,1609696,10177,-93820.90972222,184.32,976.1895751953125,0.0003,1.5938270092010498,158,0.19475212693214417
4352,402440,27.489585876464844,1609864,10178,-93705.28472222,188.27,906.2283325195312,0.0003,-1.3636544942855835,158,0.1955607384443283
4356,402464,74.05531311035156,1609960,10179,-93686.88472222,186.43,1111.18212890625,0.0003,2.3015427589416504,158,0.1951560527086258
4360,402499,229.75900268554688,1610100,10180,-93668.88472222,184.63,1009.2267456054688,0.0003,1.1620025634765625,158,0.19523349404335022
4364,402527,84.57878875732422,1610212,10181,-93639.38472222,181.68,1519.0205078125,0.0003,0.7292216420173645,158,0.19577732682228088
4368,402552,440.6812744140625,1610312,10181,-93768.27222222001,171.9,921.4744262695312,0.0003,-0.962439239025116,158,0.19651061296463013
4372,402574,57.59724807739258,1610400,10182,-94934.75,163.5,934.2515869140625,0.0003,0.27160075306892395,158,0.19647300243377686
4376,402595,34.72281265258789,1610484,10182,-95050.5875,151.82,945.783935546875,0.0003,2.0903120040893555,158,0.19670246541500092
4380,402615,29.552419662475586,1610564,10183,-96240.825,128.86,925.7820434570312,0.0003,-1.138226866722107,158,0.1970268040895462
4384,402637,47.236454010009766,1610652,10184,-96211.625,125.94,1100.507568359375,0.0003,2.2192223072052,158,0.1968383938074112
4388,402659,34.52463912963867,1610740,10184,-97227.55,101.47,949.1739501953125,0.0003,0.4344062805175781,158,0.19738760590553284
4392,402683,46.19442367553711,1610836,10185,-99152.925,68.97,1216.71337890625,0.0003,-0.7366076111793518,158,0.19794508814811707
4396,402705,48.27119445800781,1610924,10185,-99132.8625,56.78,935.21875,0.0003,0.00247347354888916,158,0.1984005719423294
4400,402728,28.501195907592773,1611016,10186,-100150.1375,42.2,939.3576049804688,0.0003,-0.8916670083999634,158,0.19873888790607452
4404,402751,220.5093231201172,1611108,10187,-100180.275,34.54,828.834716796875,0.0003,-0.06973814964294434,158,0.19904907047748566
4408,402774,58.3072509765625,1611200,10187,-100177.275,34.24,835.0232543945312,0.0003,0.5008178353309631,158,0.19917702674865723
4412,402796,251.2999267578125,1611288,10188,-100178.075,34.32,1053.7314453125,0.0003,1.5465872287750244,158,0.19958101212978363
4416,402819,26.786638259887695,1611380,10189,-100178.375,34.35,825.8544921875,0.0003,0.49935027956962585,158,0.2006339281797409
4420,402842,236.43450927734375,1611472,10189,-100179.175,34.43,1010.9408569335938,0.0003,0.5740013718605042,158,0.20121848583221436
4424,402865,59.70253372192383,1611564,10190,-100179.475,34.46,963.1373901367188,0.0003,0.7593193054199219,158,0.2020622342824936
4428,402889,254.61427307128906,1611660,10191,-100180.075,34.52,1168.1826171875,0.0003,1.6946709156036377,158,0.20263148844242096
4432,402910,240.31190490722656,1611744,10191,-100179.975,34.51,848.3661499023438,0.0003,-0.16724422574043274,158,0.2033143937587738
4436,402933,35.83963394165039,1611836,10192,-100180.175,34.53,974.620849609375,0.0003,-0.10739290714263916,158,0.2033478021621704
4440,402955,47.26396560668945,1611924,10193,-100180.775,34.59,1061.79931640625,0.0003,0.2852502167224884,158,0.20337224006652832
4444,402980,249.92771911621094,1612024,10193,-100181.275,34.64,1260.320068359375,0.0003,1.6573034524917603,158,0.20395727455615997
4448,403003,41.84010696411133,1612116,10194,-100181.675,34.68,1082.444580078125,0.0003,-0.6978915929794312,158,0.20499689877033234
4452,403026,95.14107513427734,1612208,10194,-100265.2,27.52,1118.4111328125,0.0003,1.347066044807434,158,0.2052960991859436
4456,403050,241.2526092529297,1612304,10195,-100266.0,27.6,935.4027099609375,0.0003,1.0607528686523438,158,0.2053927481174469
4460,403074,186.7390899658203,1612400,10195,-100267.0,27.7,1325.1959228515625,0.0003,0.9121211767196655,158,0.2056521475315094
4464,403097,417.62005615234375,1612492,10196,-100267.6,27.76,871.3945922851562,0.0003,1.3542300462722778,158,0.20587065815925598
4468,403120,33.238037109375,1612584,10197,-100268.2,27.82,918.591064453125,0.0003,0.23372918367385864,158,0.20615586638450623
4472,403143,48.17357635498047,1612676,10197,-100218.6,22.86,1175.0208740234375,0.0003,0.6938574314117432,158,0.2064945548772812
4476,403168,268.47918701171875,1612776,10198,-100219.7,22.97,1483.965087890625,0.0003,2.8545780181884766,158,0.2067900002002716
4480,403191,192.38565063476562,1612868,10198,-100220.6,23.06,1374.577880859375,0.0003,1.3488246202468872,158,0.20729291439056396
4484,403217,41.61225128173828,1612972,10199,-100221.9,23.19,901.6162719726562,0.0003,0.2809492349624634,158,0.20725084841251373
4488,403240,36.125457763671875,1613064,10199,-100222.3,23.23,966.8213500976562,0.0003,0.3024996519088745,158,0.2075212597846985
4492,403264,44.43975067138672,1613160,10200,-100222.5,23.25,847.9738159179688,0.0003,1.103980541229248,158,0.2081291675567627
4496,403287,49.30686950683594,1613252,10201,-100222.8,23.28,1027.516845703125,0.0003,1.5830093622207642,158,0.20852479338645935
4500,403310,406.0097351074219,1613344,10201,-100223.0,23.3,1430.4375,0.0003,2.601142406463623,158,0.20868930220603943
4504,403335,228.61837768554688,1613444,10202,-100223.8,23.38,1119.2021484375,0.0003,-0.02444233000278473,158,0.20894059538841248
4508,403358,24.618268966674805,1613536,10202,-100224.3,23.43,808.6644287109375,0.0003,-0.9893496036529541,158,0.2096233069896698
4512,403381,72.31625366210938,1613628,10203,-100224.7,23.47,865.6532592773438,0.0003,0.9262689352035522,158,0.20995168387889862
4516,403406,69.78459167480469,1613728,10203,-100225.7,23.57,972.6395263671875,0.0003,1.9829368591308594,158,0.21051529049873352
4520,403432,243.0870361328125,1613832,10204,-100226.3,23.63,834.08935546875,0.0003,-0.300136923789978,158,0.21077311038970947
4524,403458,57.75797653198242,1613936,10205,-100227.5,23.75,979.584716796875,0.0003,-0.34285175800323486,158,0.21123750507831573
4528,403485,43.07770538330078,1614044,10205,-100228.6,23.86,1070.140380859375,0.0003,0.4176850914955139,158,0.2124611884355545
4532,403512,63.07300567626953,1614152,10206,-100230.8,24.08,1148.463623046875,0.0003,3.3145761489868164,158,0.21439120173454285
4536,403539,59.67937469482422,1614260,10207,-100232.5,24.25,1328.734375,0.0003,0.9218966960906982,158,0.21577610075473785
4540,403565,35.05975341796875,1614364,10208,-100233.3,24.33,824.553466796875,0.0003,-0.32311972975730896,158,0.21691083908081055
4544,403591,207.74818420410156,1614468,10208,-100234.6,24.46,1076.596435546875,0.0003,1.117075800895691,158,0.21786251664161682
4548,403618,63.76150131225586,1614576,10209,-100235.5,24.55,1140.0560302734375,0.0003,2.5966908931732178,158,0.2190912663936615
4552,403645,34.02793502807617,1614684,10210,-100236.5,24.65,950.5875854492188,0.0003,1.151838779449463,158,0.2208234816789627
4556,403672,69.31999969482422,1614792,10210,-100237.6,24.76,1111.9949951171875,0.0003,0.3805682063102722,158,0.22229498624801636
4560,403699,617.6746826171875,1614900,10211,-100238.8,24.88,977.6246337890625,0.0003,0.5381149053573608,158,0.22318267822265625
4564,403726,229.50245666503906,1615008,10212,-100240.2,25.02,924.4446411132812,0.0003,0.014048099517822266,158,0.2240825891494751
4568,403753,37.40277099609375,1615116,10213,-100241.8,25.18,1012.2890625,0.0003,0.44287919998168945,158,0.22486689686775208
4572,403781,266.39990234375,1615228,10214,-100243.5,25.35,1035.62939453125,0.0003,1.2379871606826782,158,0.22614094614982605
4576,403808,395.26513671875,1615336,10214,-100244.6,25.46,952.0330200195312,0.0003,1.3781812191009521,158,0.22714611887931824
4580,403834,36.825225830078125,1615440,10215,-100245.8,25.58,883.4547729492188,0.0003,0.9760468006134033,158,0.22884894907474518
4584,403861,54.01568603515625,1615548,10215,-100246.2,25.62,1287.72509765625,0.0003,2.002453327178955,158,0.23040340840816498
4588,403888,236.42343139648438,1615656,10216,-100248.0,25.8,1415.64404296875,0.0003,0.6038186550140381,158,0.2318345010280609
4592,403916,435.7267150878906,1615768,10217,-100249.6,25.96,1018.8246459960938,0.0003,1.639905571937561,158,0.23351426422595978
4596,403944,32.932376861572266,1615880,10218,-100251.8,26.18,864.0782470703125,0.0003,0.3475894629955292,158,0.2350858598947525
4600,403971,54.020145416259766,1615988,10218,-100253.3,26.33,1023.0016479492188,0.0003,0.22183309495449066,158,0.23670294880867004
4604,403999,24.47028160095215,1616100,10219,-100254.3,26.43,759.9136962890625,0.0003,-0.03354513645172119,158,0.23819226026535034
4608,404027,52.926815032958984,1616212,10220,-100256.1,26.61,945.5667114257812,0.0003,2.0520501136779785,158,0.2400461584329605
4612,404054,57.62733840942383,1616320,10220,-100257.6,26.76,998.64599609375,0.0003,1.0089681148529053,158,0.2415374368429184
4616,404082,263.6880187988281,1616432,10221,-100258.9,26.89,1066.25146484375,0.0003,1.7302579879760742,158,0.2430974692106247
4620,404111,44.91477584838867,1616548,10222,-100260.5,27.05,892.8265380859375,0.0003,1.0477793216705322,158,0.24462658166885376
4624,404139,288.5999450683594,1616660,10222,-100261.4,27.14,993.9176025390625,0.0003,2.318464756011963,158,0.24611979722976685
4628,404168,237.432861328125,1616776,10223,-100262.3,27.23,1119.777587890625,0.0003,1.1150153875350952,158,0.2473156750202179
4632,404196,69.63865661621094,1616888,10224,-100262.9,27.29,987.4794311523438,0.0003,0.6004884243011475,158,0.24819839000701904
4636,404223,482.36907958984375,1616996,10225,-100263.4,27.34,1143.51953125,0.0003,1.1296827793121338,158,0.24959126114845276
4640,404252,33.32217025756836,1617112,10225,-100264.8,27.48,827.61572265625,0.0003,-0.5685397386550903,158,0.25157806277275085
4644,404281,69.0399169921875,1617228,10226,-100266.2,27.62,1172.89111328125,0.0003,-0.03111165761947632,158,0.2527642548084259
4648,404311,36.67434310913086,1617348,10227,-100267.6,27.76,965.3355712890625,0.0003,-0.3881852626800537,158,0.25403913855552673
4652,404341,28.65248680114746,1617468,10227,-100269.2,27.92,820.6553955078125,0.0003,-0.23056364059448242,158,0.25577887892723083
4656,404370,32.50358200073242,1617584,10228,-100270.2,28.02,822.688232421875,0.0003,0.7392528057098389,158,0.25723573565483093
4660,404401,227.41192626953125,1617708,10229,-100271.7,28.17,848.745361328125,0.0003,0.3190839886665344,158,0.2584030032157898
4664,404438,266.4743347167969,1617856,10230,-100274.8,28.48,1136.386962890625,0.0003,3.4620752334594727,158,0.26443779468536377
4668,404472,257.0606689453125,1617992,10230,-100276.8,28.68,902.6864013671875,0.0003,1.8713477849960327,158,0.2693147659301758
4672,404504,244.28041076660156,1618120,10231,-100279.3,28.93,800.1458740234375,0.0003,-0.692847728729248,158,0.2722814977169037
4676,404536,54.92369842529297,1618248,10232,-100281.6,29.16,1014.520263671875,0.0003,1.8514628410339355,158,0.27385812997817993
4680,404569,57.66072082519531,1618380,10233,-100284.4,29.44,991.3218994140625,0.0003,0.792713463306427,158,0.2754680812358856
4684,404602,760.1727294921875,1618512,10234,-100287.0,29.7,918.4874877929688,0.0003,1.6669429540634155,158,0.27737686038017273
4688,404634,30.649919509887695,1618640,10234,-100289.2,29.92,777.9994506835938,0.0003,-0.8142104148864746,158,0.279195100069046
4692,404667,251.025634765625,1618772,10235,-100291.1,30.11,954.341552734375,0.0003,-0.10073632001876831,158,0.2806129455566406
4696,404699,91.60623168945312,1618900,10236,-100292.7,30.27,1043.7900390625,0.0003,1.20375394821167,158,0.2821540832519531
4700,404731,58.188873291015625,1619028,10237,-100294.8,30.48,1084.088134765625,0.0003,1.1916385889053345,158,0.2825901508331299
4704,404770,661.58544921875,1619184,10238,-100297.5,30.75,1184.5302734375,0.0003,1.1092610359191895,158,0.28313079476356506
4708,404804,627.5386962890625,1619320,10238,-100299.6,30.96,1137.529052734375,0.0003,0.12229418754577637,158,0.2841729521751404
4712,404835,222.4879608154297,1619444,10239,-100301.1,31.11,825.2953491210938,0.0003,0.9382721781730652,158,0.28614941239356995
4716,404871,49.0803337097168,1619588,10240,-100303.4,31.34,1115.1114501953125,0.0003,-0.17419874668121338,158,0.2874070405960083
4720,404904,94.54789733886719,1619720,10241,-100305.0,31.5,1045.74853515625,0.0003,0.5662108659744263,158,0.28796467185020447
4724,404946,56.565162658691406,1619888,10242,-100308.4,31.84,1023.712646484375,0.0003,-0.7593201398849487,158,0.2885490655899048
4728,404981,32.928836822509766,1620028,10242,-100312.4,32.24,818.9306640625,0.0003,0.058698877692222595,158,0.28862857818603516
4732,405020,51.774253845214844,1620184,10243,-100316.4,32.64,886.1897583007812,0.0003,-0.2811252176761627,158,0.28809839487075806
4736,405058,194.92771911621094,1620336,10244,-100320.4,33.04,1290.378173828125,0.0003,0.8644484281539917,158,0.28782203793525696
4740,405103,237.07351684570312,1620516,10245,-100326.1,33.61,1038.8779296875,0.0003,-0.5992578864097595,158,0.2872815728187561
4744,405141,480.84326171875,1620668,10246,-100332.6,34.26,1434.28955078125,0.0003,0.7132083177566528,158,0.2873902916908264
4748,405181,33.32674789428711,1620828,10248,-100336.3,34.63,840.5084228515625,0.0003,-0.2594914138317108,158,0.28630146384239197
4752,405235,415.90789794921875,1621044,10249,-100342.5,35.25,737.812744140625,0.0003,-1.1244158744812012,158,0.2851662337779999
4756,405284,417.1338195800781,1621240,10251,-100352.1,36.21,809.5601806640625,0.0003,-0.881492555141449,158,0.28458577394485474
4760,405341,232.9850616455078,1621468,10252,-100358.5,36.85,803.0985717773438,0.0003,0.30206817388534546,158,0.2836095988750458
4764,405389,251.0614471435547,1621660,10254,-100364.1,37.41,1109.29736328125,0.0003,0.87383633852005,158,0.28391069173812866
4768,405435,50.1507682800293,1621844,10255,-100372.0,38.2,901.5875854492188,0.0003,1.0011050701141357,158,0.2836105227470398
4772,405484,255.6001739501953,1622040,10256,-100378.2,38.82,1188.873779296875,0.0003,1.1099872589111328,158,0.2835020124912262
4776,405534,249.05967712402344,1622240,10257,-100385.3,39.53,1012.1087646484375,0.0003,1.5808777809143066,158,0.2843937277793884
4780,405599,430.54034423828125,1622500,10259,-100396.0,40.6,844.0671997070312,0.0003,0.5949618816375732,158,0.2841196656227112
4784,405661,72.70829010009766,1622748,10260,-100407.9,41.79,1366.99365234375,0.0003,1.0473097562789917,158,0.28423330187797546
4788,405725,680.4400024414062,1623004,10262,-100419.3,42.93,1415.40625,0.0003,0.23046284914016724,158,0.28331345319747925
4792,405790,59.164634704589844,1623264,10264,-100432.6,44.26,728.6375732421875,0.0003,-0.6948761940002441,158,0.2829340100288391
4796,405870,247.21554565429688,1623584,10266,-100449.2,45.92,1139.4801025390625,0.0003,-0.6964829564094543,158,0.279185026884079
4800,405955,94.30623626708984,1623924,10268,-100473.5,48.35,1232.520263671875,0.0003,0.011757314205169678,158,0.27627772092819214
4804,406085,52.703678131103516,1624444,10271,-100503.6,51.36,1021.22119140625,0.0003,-0.12119987607002258,158,0.27107638120651245
4808,406189,71.68848419189453,1624860,10274,-100534.5,54.45,1124.8272705078125,0.0003,0.5992305874824524,158,0.2668072581291199
4812,406408,54.09194564819336,1625736,10279,-100584.0,59.4,1067.36083984375,0.0003,-0.6745965480804443,158,0.25574272871017456
4816,406992,72.7569808959961,1628072,10292,-100574.0875,71.06,1000.9283447265625,0.0003,0.7152367234230042,158,0.24792984127998352
4820,407511,56.829898834228516,1630148,10304,-100786.8875,92.34,1121.1171875,0.0003,0.14555571973323822,158,0.23851226270198822
4824,407917,57.235164642333984,1631772,10314,-100991.9875,112.85,962.7582397460938,0.0003,-0.8255566358566284,158,0.23753571510314941
4828,408163,77.71350860595703,1632756,10321,-100950.725,119.66,732.4058837890625,0.0003,-0.5707162618637085,158,0.23959021270275116
4832,408560,40.69490432739258,1634344,10330,-100856.25,136.81,818.5223388671875,0.0003,-1.4712936878204346,158,0.24798686802387238
4836,408950,39.40257263183594,1635904,10340,-100972.35,148.42,784.21484375,0.0003,-0.049702614545822144,158,0.25128909945487976
4840,409557,72.43169403076172,1638332,10355,-100944.975,168.29,1092.764892578125,0.0003,1.4162161350250244,158,0.24353823065757751
4844,410163,233.21739196777344,1640756,10370,-99761.2375,186.49,899.2483520507812,0.0003,0.4127391278743744,158,0.24588412046432495
4848,410916,252.46897888183594,1643768,10388,-97520.4,216.18,880.2139892578125,0.0003,-0.3528163433074951,158,0.23946672677993774
4852,411376,61.79977798461914,1645608,10398,-96258.67083333,236.84,1345.3310546875,0.0003,0.04453789442777634,158,0.2393037974834442
4856,411876,66.58912658691406,1647608,10410,-95972.28333333001,253.37,860.0355834960938,0.0003,1.9124383926391602,158,0.22926020622253418
4860,412541,124.99504089355469,1650268,10425,-95003.44583333,281.21,1349.0009765625,0.0003,0.6280317902565002,158,0.22505535185337067
4864,413029,264.8778991699219,1652220,10437,-94813.94583333,300.09,1506.000732421875,0.0003,0.24805015325546265,158,0.22634363174438477
4868,413445,80.31509399414062,1653884,10447,-94661.39166666001,306.09,1131.78369140625,0.0003,-0.4554438591003418,158,0.2254943996667862
4872,413925,373.8572998046875,1655804,10459,-93737.81666666002,324.15,1327.857666015625,0.0003,0.8116624355316162,158,0.23083347082138062
4876,414492,51.540977478027344,1658072,10473,-93802.46666666001,344.59,1039.065185546875,0.0003,-0.8331784009933472,158,0.2308550477027893
4880,415268,30.51719856262207,1661176,10492,-91430.84999999002,376.48,880.1763916015625,0.0003,-1.4143084287643433,158,0.22802142798900604
4884,415759,36.39457321166992,1663140,10504,-89225.44999999001,398.37,900.4042358398438,0.0003,-1.1011890172958374,158,0.24024716019630432
4888,416085,46.935333251953125,1664444,10512,-89032.74999999002,410.22,836.92138671875,0.0003,-1.2983224391937256,158,0.23710818588733673
4892,416620,44.10099792480469,1666584,10525,-88202.14999999001,427.15,1166.36279296875,0.0003,-0.6021796464920044,158,0.2369665652513504
4896,417091,38.409996032714844,1668468,10535,-86936.82499999001,448.53,967.2601928710938,0.0003,-1.1136257648468018,158,0.2371114045381546
4900,417792,231.13880920410156,1671272,10552,-86991.42499998999,464.59,1001.3173828125,0.0003,-0.28808391094207764,158,0.23591594398021698
4904,418260,56.90517807006836,1673144,10563,-86963.12499999,473.3,1358.4993896484375,0.0003,0.12319165468215942,158,0.24526506662368774
4908,418919,58.989219665527344,1675780,10580,-85894.76249999,496.97,1140.9012451171875,0.0003,-1.2044692039489746,158,0.2242671400308609
4912,419425,228.1621551513672,1677804,10592,-85710.83749999,512.1,952.6644897460938,0.0003,-0.922382652759552,158,0.2202942818403244
4916,420372,40.96039962768555,1681592,10616,-82475.63749999,531.93,1148.351806640625,0.0003,0.15301626920700073,158,0.21845796704292297
4920,420864,237.624755859375,1683560,10628,-80186.17724358,540.33,1113.4627685546875,0.0003,-0.5791486501693726,158,0.21278473734855652
4924,421709,34.69289779663086,1686940,10648,-78691.37724358,541.69,958.3015747070312,0.0003,-0.5503222942352295,158,0.21638603508472443
4928,422709,66.07698059082031,1690940,10673,-76960.43974358,567.64,1356.81982421875,0.0003,0.00583919882774353,158,0.20933029055595398
4932,423578,95.8509292602539,1694416,10695,-74105.31474358,584.11,1415.894287109375,0.0003,0.3413007855415344,158,0.21320191025733948
4936,424578,54.375980377197266,1698416,10719,-70253.56474358,610.98,1199.998291015625,0.0003,-0.01573234796524048,158,0.21329765021800995
4940,425447,423.26458740234375,1701892,10740,-67650.93974358,628.08,1113.4810791015625,0.0003,0.6638760566711426,158,0.20657682418823242
4944,425960,231.1961669921875,1703944,10752,-66133.27724358,639.71,1141.745849609375,0.0003,-0.31732800602912903,158,0.20281590521335602
4948,426742,58.45584487915039,1707072,10770,-67453.91474358,627.99,1222.09228515625,0.0003,-0.8539063930511475,158,0.2117765247821808
4952,427064,424.1839294433594,1708360,10778,-66982.04391025001,633.95,1080.862060546875,0.0003,-0.06253796815872192,158,0.2142256796360016
4956,427495,233.17437744140625,1710084,10789,-67401.63141025,630.74,1116.49951171875,0.0003,0.29411008954048157,158,0.20701457560062408
4960,427997,27.239896774291992,1712092,10801,-68511.96891025,617.05,985.7520751953125,0.0003,0.39138177037239075,158,0.20424126088619232
4964,428610,48.485206604003906,1714544,10816,-68828.56891025,610.88,1150.40380859375,0.0003,0.0877642035484314,158,0.20462965965270996
4968,428941,79.22215270996094,1715868,10824,-67021.16057692001,626.1,1348.4730224609375,0.0003,0.4959985017776489,158,0.20697927474975586
4972,429903,40.60432815551758,1719716,10846,-64905.685576920005,637.93,1025.621337890625,0.0003,0.032017067074775696,158,0.2136901468038559
4976,430884,363.9802551269531,1723640,10868,-61733.51057692001,651.47,1188.15478515625,0.0003,0.21607813239097595,158,0.20951877534389496
4980,431884,219.4814453125,1727640,10894,-60817.44125874,653.8,969.43408203125,0.0003,-0.532347559928894,158,0.2190854698419571
4984,432884,30.717674255371094,1731640,10917,-58962.742647629995,669.42,969.3341674804688,0.0003,1.1397769451141357,158,0.2121022790670395
4988,433458,51.86628341674805,1733936,10932,-56281.59820319,690.84,1121.1678466796875,0.0003,-0.08837096393108368,158,0.21715155243873596
4992,434458,354.6011962890625,1737936,10956,-53386.298203189996,711.28,1186.4395751953125,0.0003,1.5205926895141602,158,0.20797856152057648
4996,435458,40.373863220214844,1741936,10981,-51022.32320319,726.93,924.9906005859375,0.0003,-0.23220261931419373,158,0.2093311995267868
5000,436458,236.13751220703125,1745936,11006,-47330.82320319,747.14,928.3618774414062,0.0003,-0.6787876486778259,158,0.21435636281967163
5004,437458,61.04894256591797,1749936,11030,-43715.72320319,774.05,1077.34814453125,0.0003,0.37951675057411194,158,0.20854255557060242
5008,438458,234.45541381835938,1753936,11056,-41140.085703189994,785.94,1352.985107421875,0.0003,1.636191964149475,158,0.20861686766147614
5012,439458,36.17356872558594,1757936,11079,-37526.78570319,804.61,869.28515625,0.0003,-1.0074727535247803,158,0.21431779861450195
5016,440458,23.567358016967773,1761936,11103,-38132.99820319,809.2,864.21533203125,0.0003,-0.9881982803344727,158,0.20652352273464203
5020,441458,416.32684326171875,1765936,11127,-37370.841792930005,817.53,946.4618530273438,0.0003,1.2279573678970337,158,0.19706091284751892
5024,442458,216.08193969726562,1769936,11153,-35869.47929293,831.38,879.445068359375,0.0003,0.08573640882968903,158,0.19277764856815338
5028,443458,21.50404167175293,1773936,11177,-34749.79179293,833.82,890.1170654296875,0.0003,-0.7740061283111572,158,0.20046766102313995
5032,444458,31.32777976989746,1777936,11201,-33929.529292930005,838.66,927.3134155273438,0.0003,-0.6372035145759583,158,0.18883512914180756
5036,445458,26.936872482299805,1781936,11225,-35504.45429293,837.65,903.4879150390625,0.0003,0.9810123443603516,158,0.19038231670856476
5040,445888,416.1138916015625,1783656,11235,-37283.75429293,815.6,976.6874389648438,0.0003,0.40322208404541016,158,0.19281353056430817
5044,446109,29.428659439086914,1784540,11240,-38110.404292930005,808.94,927.4060668945312,0.0003,-0.43395426869392395,158,0.19338878989219666
5048,446269,21.948322296142578,1785180,11243,-39101.904292930005,798.1,889.8927612304688,0.0003,-0.30448246002197266,158,0.19184865057468414
5052,446680,236.2324981689453,1786824,11253,-40702.12929293,780.96,896.2640380859375,0.0003,-1.1862990856170654,158,0.19060282409191132
5056,447120,45.333621978759766,1788584,11263,-40661.529292930005,776.9,1058.3603515625,0.0003,-0.17735548317432404,158,0.19182531535625458
5060,447769,29.159412384033203,1791180,11280,-39365.591792930005,777.21,1008.2559204101562,0.0003,1.2596278190612793,158,0.19948504865169525
5064,447998,18.567672729492188,1792096,11285,-38449.591792930005,785.6,836.2028198242188,0.0003,-0.7164005041122437,158,0.20243236422538757
5068,448165,17.821134567260742,1792764,11290,-40423.154292930005,765.74,837.3004150390625,0.0003,-1.1222246885299683,158,0.20015683770179749
5072,448314,31.473651885986328,1793360,11294,-42336.37929293,745.77,1003.9534912109375,0.0003,-0.3142043352127075,158,0.20728187263011932
5076,448602,228.25807189941406,1794512,11301,-45376.07929293,715.55,993.2965087890625,0.0003,0.07058847695589066,158,0.20417483150959015
5080,448783,143.7332763671875,1795236,11305,-48523.490277779994,690.51,904.1015625,0.0003,0.9797876477241516,158,0.20426903665065765
5084,448980,235.3054656982422,1796024,11310,-52502.62638889,655.49,824.618408203125,0.0003,-1.161007046699524,158,0.20041298866271973
5088,449980,35.9058837890625,1800024,11334,-50888.92500000001,659.75,890.97216796875,0.0003,1.5282421112060547,158,0.19734831154346466
5092,450699,21.15473175048828,1802900,11353,-53507.725,635.72,864.8114013671875,0.0003,-0.451921671628952,158,0.19252678751945496
5096,450842,215.68460083007812,1803472,11356,-56094.4625,621.8,881.1929321289062,0.0003,0.5664162635803223,158,0.18897804617881775
5100,451202,34.3752555847168,1804912,11364,-59679.5375,590.89,1058.111328125,0.0003,1.0405840873718262,158,0.18135392665863037
5104,451943,406.1418762207031,1807876,11382,-61041.5,574.79,859.5755615234375,0.0003,0.6541440486907959,158,0.17371219396591187
5108,452330,44.072265625,1809424,11391,-62432.9125,562.44,805.459716796875,0.0003,-0.18863217532634735,158,0.1738290935754776
5112,452536,18.850494384765625,1810248,11396,-65998.3875,527.11,842.6063232421875,0.0003,-2.323094367980957,158,0.17382292449474335
5116,452677,23.875282287597656,1810812,11399,-68455.6875,494.2,859.77490234375,0.0003,1.3189460039138794,158,0.17548421025276184
5120,453202,36.87311935424805,1812912,11413,-70024.06666667,469.26,903.2763671875,0.0003,1.3769923448562622,158,0.17022837698459625
5124,453713,239.7384033203125,1814956,11425,-71542.07916667,446.06,959.4694213867188,0.0003,1.1442532539367676,158,0.17110225558280945
5128,453858,37.97481155395508,1815536,11429,-72170.85416666999,433.14,979.840087890625,0.0003,1.5818891525268555,158,0.16946738958358765
5132,454752,66.22935485839844,1819112,11451,-74679.61666667,418.72,1072.995849609375,0.0003,-0.04769518971443176,158,0.16751597821712494
5136,454866,213.6115264892578,1819568,11454,-76764.62916667,391.65,880.2211303710938,0.0003,0.27940356731414795,158,0.16603168845176697
5140,454946,17.686634063720703,1819888,11456,-77627.12916667,377.91,788.0890502929688,0.0003,0.02727609872817993,158,0.16603878140449524
5144,455095,32.37680435180664,1820484,11460,-79518.37916667,356.39,1002.2743530273438,0.0003,0.09509610384702682,158,0.16499583423137665
5148,455946,23.21082878112793,1823888,11480,-77292.41666666999,370.53,843.446044921875,0.0003,0.07288727164268494,158,0.16903680562973022
5152,456099,211.72738647460938,1824500,11483,-75255.07916667,380.75,827.4862670898438,0.0003,0.48510974645614624,158,0.17029395699501038
5156,456273,25.0599422454834,1825196,11488,-75183.67916667,373.61,904.7450561523438,0.0003,-0.6523221135139465,158,0.1678403615951538
5160,456414,20.114469528198242,1825760,11491,-76359.81666667,361.32,845.9871826171875,0.0003,-0.2727217376232147,158,0.16716736555099487
5164,456564,30.729658126831055,1826360,11495,-77168.01666667,342.15,885.4639892578125,0.0003,1.1795117855072021,158,0.16465799510478973
5168,456663,211.9774169921875,1826756,11497,-77178.21666666999,343.17,806.091796875,0.0003,-0.8736817240715027,158,0.1618184745311737
5172,456865,34.192134857177734,1827564,11502,-77420.94166667,344.93,990.45361328125,0.0003,0.6802453994750977,158,0.15678946673870087
5176,456974,366.71173095703125,1828000,11504,-77510.56666667,343.35,1068.176025390625,0.0003,-0.05129295587539673,158,0.15635116398334503
5180,457172,189.62850952148438,1828792,11509,-77672.24166667,336.31,1025.487548828125,0.0003,0.21421915292739868,158,0.1531553715467453
5184,457350,18.38718032836914,1829504,11513,-77788.90416666999,337.39,808.2606201171875,0.0003,0.31495144963264465,158,0.15172845125198364
5188,457561,165.77285766601562,1830348,11518,-82305.85,302.8,946.5316772460938,0.0003,1.0739939212799072,158,0.15186305344104767
5192,457677,237.26708984375,1830812,11521,-82342.1625,300.15,1015.0661010742188,0.0003,2.951810359954834,158,0.15518341958522797
5196,457966,27.600664138793945,1831968,11528,-83429.925,281.56,859.138916015625,0.0003,0.23765844106674194,158,0.1548602283000946
5200,458183,215.2028350830078,1832836,11533,-83509.85,279.01,869.1947631835938,0.0003,-1.142770528793335,158,0.15394075214862823
5204,458369,22.254728317260742,1833580,11538,-85808.7875,261.24,884.4972534179688,0.0003,-0.0416446328163147,158,0.15220403671264648
5208,458667,410.82611083984375,1834772,11545,-86921.0375,251.25,897.0966796875,0.0003,-0.7265362739562988,158,0.14875181019306183
5212,459183,19.615028381347656,1836836,11558,-87127.225,261.51,835.7283935546875,0.0003,1.115466594696045,158,0.1449204683303833
5216,459867,39.3942756652832,1839572,11575,-87337.075,274.0,980.6632080078125,0.0003,0.699359118938446,158,0.15118545293807983
5220,460625,41.20697784423828,1842604,11594,-85778.2875,293.84,1040.116943359375,0.0003,0.19547027349472046,158,0.14228104054927826
5224,461305,24.085054397583008,1845324,11610,-85380.7375,314.24,883.4976196289062,0.0003,0.21936054527759552,158,0.1414652019739151
5228,461818,610.3727416992188,1847376,11623,-87708.725,309.27,844.6890258789062,0.0003,-0.6657445430755615,158,0.14286324381828308
5232,462129,39.79811477661133,1848620,11631,-89085.925,296.84,859.2269287109375,0.0003,-0.27912163734436035,158,0.13995972275733948
5236,462480,19.58578109741211,1850024,11640,-88206.0,301.19,836.7376098632812,0.0003,-0.736604630947113,158,0.13716906309127808
5240,462700,34.17372512817383,1850904,11646,-88186.2,309.21,993.9318237304688,0.0003,0.6982699036598206,158,0.13553506135940552
5244,462962,222.21047973632812,1851952,11652,-88245.0,315.09,1129.9931640625,0.0003,0.32458794116973877,158,0.13425372540950775
5248,463739,367.79931640625,1855060,11671,-89592.8,324.06,845.2056884765625,0.0003,-1.3906314373016357,158,0.1366492509841919
5252,464046,15.961296081542969,1856288,11680,-91825.2125,310.53,835.7564086914062,0.0003,-1.0303537845611572,158,0.13688068091869354
5256,464496,38.087711334228516,1858088,11690,-90624.2125,326.58,799.3723754882812,0.0003,-0.9334180951118469,158,0.13616469502449036
5260,464882,206.31625366210938,1859632,11699,-90649.6375,341.59,773.6383056640625,0.0003,-1.7066376209259033,158,0.12876327335834503
5264,465882,20.118127822875977,1863632,11724,-89503.95,375.22,868.844482421875,0.0003,0.9269837737083435,158,0.12913349270820618
5268,466744,209.99728393554688,1867080,11745,-87749.35,399.74,883.69482421875,0.0003,-0.20935797691345215,158,0.12883219122886658
5272,467541,214.0184783935547,1870268,11764,-86285.76111111,417.02,837.3291015625,0.0003,0.8841813802719116,158,0.12998783588409424
5276,467882,212.32041931152344,1871632,11772,-85160.79861111,433.5,871.9208984375,0.0003,-0.4743216633796692,158,0.12725354731082916
5280,468410,234.2891845703125,1873744,11786,-84122.59861111,454.22,888.187255859375,0.0003,0.04822808504104614,158,0.12606707215309143
5284,468711,210.282470703125,1874948,11793,-84134.79861111,455.44,845.1810302734375,0.0003,0.0524560809135437,158,0.12562702596187592
5288,468895,214.416259765625,1875684,11798,-84180.39861111,460.0,877.3153076171875,0.0003,0.4247933328151703,158,0.12579528987407684
5292,469201,213.7694549560547,1876908,11805,-85319.18611111,456.11,1091.886962890625,0.0003,2.9302802085876465,158,0.12570881843566895
5296,469636,16.84792137145996,1878648,11815,-85276.88611111,462.3,844.8408203125,0.0003,-0.29516392946243286,158,0.12252214550971985
5300,469852,40.73757553100586,1879512,11821,-85273.41111111,472.11,869.0559692382812,0.0003,0.009817928075790405,158,0.12031868100166321
5304,470232,15.912335395812988,1881032,11830,-85318.71111111,476.64,780.2863159179688,0.0003,-0.8744863867759705,158,0.11951807886362076
5308,470488,13.272665023803711,1882056,11836,-86456.02361111,473.8,787.18408203125,0.0003,-0.6983791589736938,159,0.11722779273986816
5312,470789,247.9573211669922,1883260,11843,-86537.98611111,470.71,905.8901977539062,0.0003,0.759626030921936,159,0.11917492747306824
5316,471350,20.831552505493164,1885504,11857,-86615.33611111,465.61,838.525634765625,0.0003,0.3489833474159241,159,0.11880834400653839
5320,471698,19.763545989990234,1886896,11865,-87677.16111111,455.94,903.2542724609375,0.0003,-0.08331018686294556,159,0.1160360723733902
5324,471940,21.679973602294922,1887864,11871,-89331.67361111,431.84,903.0449829101562,0.0003,1.1150202751159668,159,0.11560042947530746
5328,472199,232.29383850097656,1888900,11878,-89241.24861111,422.22,888.1654052734375,0.0003,0.5798889398574829,159,0.11470841616392136
5332,472439,212.7469940185547,1889860,11883,-89090.44861111,417.49,855.3714599609375,0.0003,-0.29231446981430054,159,0.11473007500171661
5336,472705,19.844072341918945,1890924,11889,-90135.48611111,411.68,909.084716796875,0.0003,0.5751558542251587,159,0.11420812457799911
5340,473044,208.26498413085938,1892280,11899,-90032.82361111,412.28,776.3873291015625,0.0003,-1.1304917335510254,159,0.11377508193254471
5344,473900,17.906410217285156,1895704,11920,-90082.19861111,427.62,860.1292114257812,0.0003,0.17197495698928833,159,0.1135680228471756
5348,474317,16.96512222290039,1897372,11930,-89832.12361111,418.79,861.78271484375,0.0003,-0.4479963183403015,159,0.11527623981237411
5352,474940,207.58871459960938,1899864,11945,-89870.31111111,433.23,797.8344116210938,0.0003,-1.7365658283233643,159,0.1131228357553482
5356,475548,13.350970268249512,1902296,11961,-90076.61111111,441.06,830.8892822265625,0.0003,-1.3689568042755127,159,0.11099376529455185
5360,476287,209.9109344482422,1905252,11982,-89120.37361111,454.28,831.3155517578125,0.0003,1.5105034112930298,159,0.11168758571147919
5364,477134,406.8622131347656,1908640,12004,-89412.16111111,435.25,861.81103515625,0.0003,0.8534331321716309,158,0.11143705248832703
5368,477426,36.417091369628906,1909808,12013,-89307.98611111,435.13,828.858642578125,0.0003,0.23569422960281372,158,0.11256055533885956
5372,478426,360.6678466796875,1913808,12040,-89954.475,436.13,947.914306640625,0.0003,0.45470714569091797,158,0.10921303927898407
5376,479240,51.4380989074707,1917064,12059,-89231.6,445.8,1352.839111328125,0.0003,0.5487056970596313,158,0.10766654461622238
5380,479816,16.33369255065918,1919368,12073,-88487.0,446.78,877.3834838867188,0.0003,-0.2212235927581787,158,0.1083085760474205
5384,480617,42.94541549682617,1922572,12093,-86710.4,469.1,983.7144775390625,0.0003,-1.1777353286743164,158,0.11288991570472717
5388,481617,214.51512145996094,1926572,12118,-83876.3125,496.86,887.803955078125,0.0003,-0.08428478240966797,158,0.10249549150466919
5392,482617,17.697017669677734,1930572,12141,-81063.375,526.14,877.4915161132812,0.0003,-1.2041847705841064,158,0.10089536011219025
5396,483365,17.910663604736328,1933564,12159,-79354.475,544.81,867.9390258789062,0.0003,-0.5096184015274048,159,0.10030651837587357
5400,484321,15.767979621887207,1937388,12182,-77660.45,565.23,906.8267211914062,0.0003,1.6060484647750854,159,0.1028689369559288
5404,485321,14.223315238952637,1941388,12207,-74933.15,592.47,845.5014038085938,0.0003,-0.564794659614563,159,0.10094155371189117
5408,486321,226.0459747314453,1945388,12233,-72138.2,612.91,1229.4859619140625,0.0003,0.1365443468093872,159,0.10103485733270645
5412,486998,36.13807678222656,1948096,12250,-70132.575,634.06,1189.957275390625,0.0003,3.1237266063690186,159,0.100396528840065
5416,487893,33.70838928222656,1951676,12271,-68084.25,657.66,847.1337890625,0.0003,-2.373425006866455,159,0.09455002844333649
5420,488365,14.198512077331543,1953564,12282,-67054.7625,665.06,873.9705810546875,0.0003,-0.45117586851119995,159,0.09404059499502182
5424,489089,74.77312469482422,1956460,12301,-65919.175,675.56,1139.6015625,0.0003,2.111118793487549,159,0.09755276888608932
5428,489871,212.73626708984375,1959588,12321,-63030.0,703.7,945.4110107421875,0.0003,-1.2376872301101685,159,0.09341207146644592
5432,490806,18.180370330810547,1963328,12343,-61971.7,721.5,933.492431640625,0.0003,-0.5339655876159668,159,0.09436549991369247
5436,491662,16.695850372314453,1966752,12364,-60757.9125,741.66,906.43701171875,0.0003,1.5575207471847534,159,0.09188776463270187
5440,492165,11.696717262268066,1968764,12377,-59716.6875,760.59,877.1259765625,0.0003,-1.5433120727539062,159,0.09490807354450226
5444,492707,205.2359619140625,1970932,12392,-59414.275,752.72,891.680419921875,0.0003,-1.1326441764831543,159,0.09682523459196091
5448,493439,28.17226219177246,1973860,12409,-59347.7375,762.12,1017.256591796875,0.0003,0.03956645727157593,159,0.0941871628165245
5452,493707,41.194541931152344,1974932,12416,-58205.275,759.22,892.7142944335938,0.0003,-1.5987167358398438,159,0.09411989152431488
5456,494402,21.2938175201416,1977712,12434,-58918.6375,749.56,972.5684814453125,0.0003,1.2109756469726562,159,0.09421104192733765
5460,494817,39.513404846191406,1979372,12443,-58701.35,742.25,1026.9808349609375,0.0003,0.5520753860473633,159,0.09502146393060684
5464,495516,14.527915954589844,1982168,12461,-59323.8,738.25,855.7901611328125,0.0003,0.967046320438385,159,0.09093325585126877
5468,495913,248.38168334960938,1983756,12470,-60207.725,736.95,898.1880493164062,0.0003,-0.4238129258155823,159,0.09331458061933517
5472,496578,59.922054290771484,1986416,12486,-60738.975,730.99,1219.25732421875,0.0003,-0.3872969150543213,159,0.09181895107030869
5476,497340,20.388999938964844,1989464,12504,-62513.0125,722.29,995.5519409179688,0.0003,0.6823621988296509,159,0.09065690636634827
5480,497742,236.4453582763672,1991072,12513,-62302.525,719.02,960.1849365234375,0.0003,0.559556245803833,159,0.08978886902332306
5484,498364,13.779504776000977,1993560,12528,-61574.515277779996,722.83,898.9814453125,0.0003,1.6150624752044678,159,0.09091261774301529
5488,499231,16.028074264526367,1997028,12548,-64421.702777779996,696.38,936.4547119140625,0.0003,0.2895043194293976,159,0.0941847413778305
5492,499672,207.8040008544922,1998792,12559,-64006.10277778,690.99,948.3905639648438,0.0003,-0.8220545053482056,159,0.09839658439159393
