train/actor_loss,rollout/ep_len_mean,time/total_timesteps,train/critic_loss,train/ent_coef,time/time_elapsed,rollout/ep_rew_mean,time/fps,time/episodes,train/n_updates,train/ent_coef_loss,train/learning_rate
13.318563461303711,47.5,196,3140.5078125,0.9992983341217041,1,-100465.0,151,4,23,-0.004964111838489771,0.0001
35.16795349121094,34.125,280,273244096.0,0.998587965965271,2,-100331.25,129,8,44,-0.011817088350653648,0.0001
28.650150299072266,30.416666666666668,376,312157408.0,0.9977658987045288,3,-100294.16666666667,118,12,68,-0.020169220864772797,0.0001
8.37321662902832,29.5625,480,390090432.0,0.9968320727348328,4,-100285.625,116,16,94,-0.029038049280643463,0.0001
3.2076120376586914,30.75,672,311712384.0,0.9951703548431396,5,-100297.5,113,20,142,-0.044714879244565964,0.0001
6.119711875915527,31.041666666666668,820,389678496.0,0.9939292669296265,7,-100300.41666666667,112,24,179,-0.05804876983165741,0.0001
8.20155143737793,31.428571428571427,948,272594848.0,0.9927929043769836,8,-100304.28571428571,112,28,211,-0.06880571693181992,0.0001
4.54272985458374,31.5625,1088,233391680.0,0.9916623830795288,9,-100305.625,111,32,246,-0.07894676178693771,0.0001
-7.084157943725586,34.361111111111114,1340,155456416.0,0.9895854592323303,12,-100055.83333333333,111,36,309,-0.08836977928876877,0.0001
-16.02971839904785,35.55,1544,194171904.0,0.9880144000053406,13,-100095.5,110,40,360,-0.1009945273399353,0.0001
-25.232585906982422,40.11363636363637,2008,155347552.0,0.9845955967903137,18,-100163.86363636363,107,44,476,-0.10952726006507874,0.0001
-39.84996795654297,48.183673469387756,2508,232521312.0,0.9814104437828064,23,-99848.16326530612,106,48,601,-0.09806542098522186,0.0001
-49.918128967285156,50.28846153846154,2832,232376192.0,0.9796503782272339,26,-99709.01442307692,107,52,682,-0.09074395149946213,0.0001
-58.8031005859375,53.589285714285715,3312,155208880.0,0.9773526191711426,30,-99798.01339285714,107,56,802,-0.09513644129037857,0.0001
-47.654483795166016,57.43333333333333,3768,38026984.0,0.9754281044006348,35,-99884.97916666667,107,60,916,-0.06575591117143631,0.0001
-46.78826904296875,60.609375,3996,153179616.0,0.9746006727218628,37,-99323.58984375,107,64,973,-0.05769086629152298,0.0001
-45.191627502441406,62.69117647058823,4536,76230032.0,0.9730220437049866,42,-98518.39583333825,107,68,1108,-0.05435152351856232,0.0001
-37.715576171875,68.33333333333333,5168,76647184.0,0.9718661308288574,48,-97820.17245370832,107,72,1266,-0.023653628304600716,0.0001
-33.051544189453125,69.17105263157895,5428,116391976.0,0.9716575145721436,50,-97978.7160087763,107,76,1331,0.006165680475533009,0.0001
-27.941518783569336,70.5125,5992,152901056.0,0.9716907739639282,55,-97869.4927083375,107,80,1472,0.01029949076473713,0.0001
-27.122840881347656,74.5952380952381,6504,114621040.0,0.9721904993057251,60,-97659.6954365119,107,84,1600,0.021978942677378654,0.0001
-5.508418083190918,74.0,7068,74769872.0,0.9732812643051147,65,-97793.57291667046,107,88,1741,0.04140223190188408,0.0001
-10.343120574951172,75.72826086956522,7640,192239936.0,0.9752885699272156,70,-97829.34148551086,107,92,1884,0.0852489173412323,0.0001
7.6417317390441895,76.41666666666667,8344,114366928.0,0.9790619015693665,77,-97749.47309028124,108,96,2060,0.09020912647247314,0.0001
2.0880885124206543,76.26,8940,76935696.0,0.9831294417381287,82,-97661.17333333999,108,100,2209,0.07428909838199615,0.0001
17.676851272583008,85.95,9636,77672688.0,0.9885182976722717,88,-96609.77333334,108,104,2383,0.05888395383954048,0.0001
25.100727081298828,87.53,10600,74729264.0,0.9976522326469421,96,-96625.57333333998,109,108,2624,0.014058826491236687,0.0001
31.634716033935547,98.21,11228,71291600.0,1.0048503875732422,102,-95273.64666667,109,112,2781,-0.034974999725818634,0.0001
52.739013671875,99.43,11660,112376120.0,1.0098545551300049,106,-94983.24666666999,109,116,2889,-0.07073529809713364,0.0001
51.151039123535156,105.87,11980,37508800.0,1.013757348060608,108,-94947.64666667,110,120,2969,-0.10150221735239029,0.0001
37.52935791015625,107.77,12328,222995808.0,1.017856240272522,111,-94664.27666666999,110,124,3056,-0.13015629351139069,0.0001
59.90202331542969,110.83,13052,71015072.0,1.026379942893982,118,-94489.77111111,110,128,3237,-0.18995097279548645,0.0001
43.837188720703125,123.99,13692,76833904.0,1.0342040061950684,124,-93349.31111111,110,132,3397,-0.2707234025001526,0.0001
59.59381866455078,126.43,14084,77642608.0,1.0387505292892456,128,-93269.88111111001,109,136,3495,-0.30277198553085327,0.0001
57.38190460205078,126.33,14336,70814968.0,1.041702151298523,130,-93168.53111111,109,140,3558,-0.3330796957015991,0.0001
86.41316223144531,131.44,15540,72498992.0,1.0552926063537598,141,-93219.63111111001,109,144,3859,-0.45921164751052856,0.0001
102.77305603027344,131.51,16188,70192744.0,1.0627537965774536,147,-93110.20611111,109,148,4021,-0.4742996096611023,0.0001
105.82205200195312,131.53,16496,70583960.0,1.0662236213684082,150,-93318.01861111,109,152,4098,-0.5552575588226318,0.0001
125.56983184814453,131.44,17028,543688.0625,1.0724475383758545,155,-93213.79361111,109,156,4231,-0.6094517707824707,0.0001
151.03622436523438,139.51,17976,111622576.0,1.0836219787597656,164,-92294.59361111,109,160,4468,-0.6620097756385803,0.0001
179.83639526367188,148.05,19544,38377240.0,1.1020056009292603,178,-92336.79361111,109,164,4860,-0.8909549713134766,0.0001
183.87835693359375,155.37,20348,178288464.0,1.1114938259124756,184,-92698.50194444001,110,168,5061,-1.030686378479004,0.0001
171.99461364746094,153.02,20436,75717264.0,1.112646222114563,185,-93076.52694444,110,172,5083,-1.003008484840393,0.0001
182.59878540039062,150.41,20552,37647768.0,1.1139087677001953,186,-93050.42694444001,110,176,5112,-0.9526115655899048,0.0001
193.70816040039062,147.69,20728,38999756.0,1.1159471273422241,188,-93229.45694444001,110,180,5156,-0.9863494634628296,0.0001
203.02117919921875,143.02,20924,76038152.0,1.1180931329727173,189,-93506.30694444,110,184,5205,-0.980863630771637,0.0001
238.73544311523438,145.25,21184,75439688.0,1.121077299118042,192,-93301.96694444,110,188,5270,-0.9506108164787292,0.0001
191.1944580078125,143.93,21628,143757920.0,1.1260281801223755,196,-93278.01694444001,110,192,5381,-1.153473138809204,0.0001
208.30429077148438,145.71,22788,110348376.0,1.139243245124817,206,-93195.06694444001,110,196,5671,-1.1226873397827148,0.0001
216.7509765625,155.32,23244,39215288.0,1.1445960998535156,211,-93270.78777777002,110,200,5785,-1.340512752532959,0.0001
266.78521728515625,148.07,24348,38199040.0,1.1579666137695312,221,-94146.58777777001,110,204,6061,-1.4949595928192139,0.0001
271.8240966796875,152.57,24644,74813280.0,1.16151762008667,223,-93991.58777777001,110,208,6135,-1.6299464702606201,0.0001
314.8028869628906,150.84,27056,36479128.0,1.192110300064087,246,-95318.75194444001,109,212,6738,-1.9365184307098389,0.0001
381.2685852050781,159.19,27448,139544896.0,1.1971452236175537,249,-94704.95194444,109,216,6836,-2.067753314971924,0.0001
409.21575927734375,153.01,27812,188132032.0,1.2017626762390137,253,-94743.15194444,109,220,6927,-2.0824990272521973,0.0001
358.7733154296875,166.36,28548,72701552.0,1.2111903429031372,259,-95179.02194444001,109,224,7111,-2.2670300006866455,0.0001
408.6816711425781,167.73,28904,822727.625,1.2155922651290894,263,-95197.8275,109,228,7200,-2.1725358963012695,0.0001
420.4249572753906,159.0,29812,110717648.0,1.2270523309707642,271,-96073.47916666999,109,232,7427,-2.3817498683929443,0.0001
362.34600830078125,158.87,30380,64717348.0,1.2340145111083984,276,-96055.23416667,109,236,7569,-2.5933775901794434,0.0001
409.4583740234375,165.7,30732,229275.578125,1.238505244255066,279,-96006.12416667,109,240,7657,-2.375480890274048,0.0001
433.0731201171875,160.58,31040,75176064.0,1.2423161268234253,282,-95245.43416666999,109,244,7734,-2.6813793182373047,0.0001
478.74871826171875,160.88,31516,74661656.0,1.248478651046753,286,-95258.55916666999,109,248,7853,-2.6693689823150635,0.0001
595.2954711914062,159.03,31908,1210923.5,1.2534912824630737,290,-95139.53416667,109,252,7951,-2.7792325019836426,0.0001
397.6227111816406,166.37,33532,72306544.0,1.2738500833511353,304,-95103.5925,110,256,8357,-2.954648733139038,0.0001
465.441650390625,160.16,33880,1451441.375,1.278249740600586,307,-95941.3925,110,260,8444,-2.9688570499420166,0.0001
516.0046997070312,158.63,35240,36791480.0,1.2955985069274902,319,-96013.3225,110,264,8784,-3.175598382949829,0.0001
454.30914306640625,153.02,35608,61273340.0,1.3004621267318726,323,-96281.3025,110,268,8876,-3.442440986633301,0.0001
629.5142822265625,151.92,36016,96297000.0,1.3059121370315552,327,-96496.0625,110,272,8978,-3.4665279388427734,0.0001
627.1060791015625,159.23,37168,168825440.0,1.3211380243301392,337,-96458.5125,110,276,9266,-3.6577677726745605,0.0001
657.0452270507812,172.57,38276,70823856.0,1.3354336023330688,347,-95386.4625,109,280,9543,-3.736320972442627,0.0001
644.0869140625,177.38,39424,37674164.0,1.3505297899246216,357,-95220.12916667,110,284,9830,-3.9298291206359863,0.0001
664.8993530273438,182.4,40312,141511296.0,1.362327218055725,365,-95153.14297619,110,288,10052,-4.274606704711914,0.0001
694.7105102539062,198.88,41932,98948624.0,1.3837227821350098,380,-94053.82654762,110,292,10457,-4.3686842918396,0.0001
705.9755859375,200.31,42940,1531475.25,1.3972874879837036,389,-94227.05154762,110,296,10709,-4.62129545211792,0.0001
752.5269775390625,195.25,44696,1424565.75,1.4202662706375122,405,-93957.91460317999,110,300,11148,-4.918140411376953,0.0001
688.575927734375,202.06,45108,103849504.0,1.4258168935775757,409,-94226.01460318001,110,304,11251,-4.786504745483398,0.0001
715.2540283203125,202.27,45472,69806336.0,1.4305742979049683,412,-94287.68960318001,110,308,11342,-5.038643836975098,0.0001
886.7052612304688,205.72,46452,36953836.0,1.4437484741210938,421,-92927.12543651002,110,312,11587,-4.953188419342041,0.0001
916.7063598632812,203.25,48284,68876840.0,1.4684882164001465,438,-93372.23376984001,110,316,12045,-5.430110931396484,0.0001
1086.13427734375,213.8,49196,74336656.0,1.4810206890106201,446,-93138.48376984001,110,320,12273,-5.66140079498291,0.0001
919.5731201171875,209.38,49800,2054512.75,1.489419937133789,452,-91713.01293651,110,324,12424,-5.818758487701416,0.0001
897.972900390625,208.71,50304,127512376.0,1.496256709098816,456,-91605.41293651,110,328,12550,-5.45974588394165,0.0001
957.4606323242188,206.86,51016,65695728.0,1.5057532787322998,462,-91482.24349206,110,332,12728,-5.35372257232666,0.0001
906.1187133789062,205.72,51260,61604808.0,1.5088653564453125,464,-91483.11849206,110,336,12789,-5.414155006408691,0.0001
968.076416015625,198.74,51576,1183712.75,1.5130144357681274,467,-91631.07849206001,110,340,12868,-5.3869476318359375,0.0001
927.67919921875,206.47,51848,24737140.0,1.5163676738739014,470,-90837.96849206001,110,344,12936,-5.406049728393555,0.0001
913.177490234375,204.96,52000,26960832.0,1.5183706283569336,471,-90517.66849206001,110,348,12974,-5.51694917678833,0.0001
894.5418701171875,204.07,52128,71457992.0,1.5200767517089844,472,-90309.29349206001,110,352,13006,-5.643708229064941,0.0001
961.267578125,194.18,52280,34421744.0,1.5219318866729736,474,-90023.06015873,110,356,13044,-5.714573860168457,0.0001
1025.0623779296875,189.75,52432,91938304.0,1.5239530801773071,475,-89678.76015873,110,360,13082,-5.712363243103027,0.0001
1103.342041015625,179.9,52584,140136640.0,1.525969386100769,476,-89943.02015873,110,364,13120,-5.518375396728516,0.0001
1095.7100830078125,175.73,52716,2207211.75,1.5276620388031006,478,-89801.32015873,110,368,13153,-5.400853157043457,0.0001
911.5047607421875,172.1,52840,62259232.0,1.5291908979415894,479,-89665.02015873,110,372,13184,-5.675994873046875,0.0001
918.3543701171875,166.63,52912,65779616.0,1.5301153659820557,479,-89720.97015873,110,376,13202,-5.815284729003906,0.0001
988.22314453125,153.02,52992,32994120.0,1.5312069654464722,480,-90790.32015873,110,380,13222,-5.606873989105225,0.0001
1034.6966552734375,147.42,53068,28832596.0,1.5321403741836548,481,-90948.75349206,110,384,13241,-5.396485328674316,0.0001
1123.166748046875,138.47,53144,106411104.0,1.533075213432312,482,-91203.07968254,110,388,13260,-5.695615768432617,0.0001
1154.9212646484375,119.52,53220,1759481.25,1.534174919128418,482,-92388.89611111,110,392,13279,-5.968216896057129,0.0001
1049.07568359375,113.38,53296,36231776.0,1.5351299047470093,483,-92469.32111111,110,396,13298,-5.838425636291504,0.0001
1041.436279296875,97.59,53396,36419104.0,1.5364017486572266,484,-92557.25805555,110,400,13323,-5.728851318359375,0.0001
1176.715576171875,96.19,53476,99934240.0,1.5375127792358398,485,-92543.25805555,110,404,13343,-6.016317844390869,0.0001
1101.16357421875,89.82,53552,963878.125,1.5384713411331177,485,-92719.98305555001,110,408,13362,-6.012763023376465,0.0001
1024.4283447265625,78.21,53740,1380169.375,1.5410339832305908,487,-93713.20972222001,110,412,13409,-5.8644819259643555,0.0001
986.507080078125,70.85,53840,59790384.0,1.5423252582550049,488,-94169.70138889,110,416,13434,-6.4025774002075195,0.0001
1193.5863037109375,59.42,53948,63978304.0,1.5438075065612793,489,-94394.65138889,110,420,13461,-6.309672832489014,0.0001
964.4263916015625,48.08,54060,38391128.0,1.5454729795455933,490,-95662.52222222001,110,424,13489,-6.446959018707275,0.0001
888.9596557617188,43.76,54160,102978144.0,1.5468214750289917,491,-95920.22222222,110,428,13514,-6.4125142097473145,0.0001
910.6215209960938,40.74,54268,29894120.0,1.5483509302139282,492,-96303.8,110,432,13541,-6.422584533691406,0.0001
1047.46240234375,40.27,54424,98923864.0,1.550559163093567,493,-96407.6,110,436,13580,-6.242500305175781,0.0001
932.3758544921875,39.81,54532,137336640.0,1.552109718322754,494,-96403.0,110,440,13607,-6.693695068359375,0.0001
943.6455078125,29.64,54628,106336784.0,1.5535166263580322,495,-97881.2,110,444,13631,-6.82846736907959,0.0001
904.3344116210938,27.3,54712,1623191.0,1.5547704696655273,496,-98363.0,110,448,13652,-6.600937843322754,0.0001
1034.931396484375,26.72,54796,38836912.0,1.5560282468795776,497,-98657.2,110,452,13673,-6.861250400543213,0.0001
928.7455444335938,26.36,54888,103646776.0,1.5574637651443481,498,-99053.6,110,456,13696,-6.61448335647583,0.0001
975.9393310546875,25.43,54988,104089712.0,1.5588908195495605,499,-99444.3,110,460,13721,-6.353565216064453,0.0001
961.776611328125,25.05,55116,146305728.0,1.560819149017334,500,-99440.5,110,464,13753,-6.619759559631348,0.0001
988.8699951171875,24.9,55232,132757440.0,1.5623893737792969,501,-99539.0,110,468,13782,-6.787309646606445,0.0001
1039.270751953125,25.2,55320,66189940.0,1.5637996196746826,502,-99342.0,110,472,13804,-7.020196914672852,0.0001
940.1040649414062,26.48,55856,102627264.0,1.5717201232910156,507,-98953.8,110,476,13938,-7.0769219398498535,0.0001
1016.2799682617188,29.2,56120,101668768.0,1.5756930112838745,509,-98881.0,110,480,14004,-6.979147911071777,0.0001
998.2545776367188,29.61,56328,63309704.0,1.5789300203323364,511,-98685.1,110,484,14056,-7.072092533111572,0.0001
1004.3565673828125,30.29,56544,28175448.0,1.5821212530136108,513,-98591.9,110,488,14110,-6.737598419189453,0.0001
1010.647216796875,34.13,56656,60114864.0,1.5836702585220337,514,-98429.0,110,492,14138,-6.591090202331543,0.0001
1054.2562255859375,34.75,56768,137386032.0,1.5852149724960327,515,-98235.2,110,496,14166,-6.9019012451171875,0.0001
970.4343872070312,34.78,56968,141575232.0,1.5881861448287964,517,-98235.5,110,500,14216,-6.903297424316406,0.0001
971.98388671875,35.02,57128,2422752.5,1.5904556512832642,518,-98237.9,110,504,14256,-6.983108997344971,0.0001
1022.8933715820312,36.01,57256,37818520.0,1.5923726558685303,519,-98147.8,110,508,14288,-7.007112979888916,0.0001
1006.1168212890625,35.42,57352,59657860.0,1.5937708616256714,520,-98441.9,110,512,14312,-6.584034442901611,0.0001
1073.233642578125,35.58,57484,62036920.0,1.5956652164459229,522,-98243.5,110,516,14345,-6.781806945800781,0.0001
944.298095703125,35.83,57652,87459616.0,1.598053216934204,523,-97946.0,110,520,14387,-6.719164848327637,0.0001
985.9539184570312,36.19,57776,57311456.0,1.5997319221496582,524,-97549.6,110,524,14418,-6.754669666290283,0.0001
1176.45947265625,36.78,58036,73253480.0,1.603420615196228,527,-97255.5,110,528,14483,-6.599555015563965,0.0001
1142.536376953125,37.34,58284,118810984.0,1.6068562269210815,529,-97161.1,110,532,14545,-6.291201114654541,0.0001
1201.642578125,36.02,58852,155524640.0,1.6144047975540161,534,-97247.9,110,536,14687,-6.5578107833862305,0.0001
1114.912841796875,43.24,59632,33284128.0,1.6242927312850952,541,-97014.4375,110,540,14882,-5.737722873687744,0.0001
1182.673095703125,51.17,60792,2638458.5,1.6384371519088745,551,-96763.4175,110,544,15172,-5.98527717590332,0.0001
1260.8748779296875,58.58,61500,156981392.0,1.647205114364624,557,-96197.25916666999,110,548,15349,-6.0182647705078125,0.0001
1221.364501953125,79.72,64104,187612368.0,1.6810894012451172,579,-94767.62583333999,110,552,16000,-6.71749210357666,0.0001
1247.81298828125,80.93,64716,82412432.0,1.6892834901809692,585,-94579.72583334,110,556,16153,-6.690073013305664,0.0001
1388.82470703125,101.0,65448,132058240.0,1.6989861726760864,591,-92122.61297619999,110,560,16336,-6.51331901550293,0.0001
1326.4708251953125,108.81,66436,181791584.0,1.7122902870178223,600,-91797.03797619998,110,564,16583,-6.933995246887207,0.0001
1356.723876953125,109.05,66840,27863036.0,1.7178593873977661,603,-91799.43797619999,110,568,16684,-6.678244590759277,0.0001
1486.9942626953125,111.35,67016,19971312.0,1.72014319896698,605,-92122.43797619999,110,572,16728,-6.626680374145508,0.0001
1558.3756103515625,110.3,67336,117993408.0,1.7245285511016846,608,-92412.93797619999,110,576,16808,-6.858147621154785,0.0001
1588.669189453125,112.08,69136,54007404.0,1.7492380142211914,625,-92330.73797619999,110,580,17258,-6.941690444946289,0.0001
1536.52099609375,129.46,69592,117329608.0,1.7555935382843018,629,-91189.36686508998,110,584,17372,-6.923833847045898,0.0001
1557.8248291015625,132.71,70408,45211832.0,1.767287254333496,637,-91321.86686509,110,588,17576,-7.169873237609863,0.0001
1502.824951171875,138.46,71348,67456128.0,1.7812117338180542,645,-91479.09186509,110,592,17811,-7.657265663146973,0.0001
1804.0726318359375,141.04,71816,6027526.0,1.7881988286972046,650,-91598.44186509,110,596,17928,-7.650084495544434,0.0001
1762.3330078125,141.52,71972,84593024.0,1.7905232906341553,651,-91703.24186509,110,600,17967,-7.218128204345703,0.0001
1502.7685546875,141.2,72128,20554862.0,1.7928285598754883,652,-91800.04186509,110,604,18006,-7.414889812469482,0.0001
1531.246337890625,140.21,72284,77570080.0,1.795161485671997,654,-91890.14186509,110,608,18045,-7.692490577697754,0.0001
1575.075927734375,140.28,72456,52014936.0,1.7978564500808716,655,-91890.84186509,110,612,18088,-7.621429443359375,0.0001
1579.740234375,147.15,72580,76419744.0,1.7996488809585571,657,-92034.89186509,110,616,18119,-7.596208572387695,0.0001
1693.1319580078125,147.12,72836,42205512.0,1.8034499883651733,659,-92334.59186509,110,620,18183,-7.901772975921631,0.0001
1688.05126953125,147.7,73528,19276584.0,1.8141587972640991,665,-92638.96686509,110,624,18356,-7.927783966064453,0.0001
1779.8468017578125,157.49,74380,104754712.0,1.8274012804031372,673,-92675.93186509,110,628,18569,-8.218392372131348,0.0001
1773.3411865234375,161.23,74644,78802112.0,1.831496000289917,675,-92686.25686509,110,632,18635,-8.153600692749023,0.0001
1798.87939453125,161.19,75288,38078992.0,1.8417015075683594,681,-92685.85686509,110,636,18796,-8.042043685913086,0.0001
1698.851318359375,156.85,75684,78421504.0,1.8479670286178589,685,-92848.11936509,110,640,18895,-8.422250747680664,0.0001
1686.2880859375,149.13,75916,73309408.0,1.8516144752502441,687,-93101.23936509,110,644,18953,-8.639902114868164,0.0001
1885.823486328125,142.08,76168,25829920.0,1.8556876182556152,689,-93670.99769842,110,648,19016,-8.252297401428223,0.0001
1624.9970703125,121.26,76396,18150684.0,1.8593707084655762,691,-95103.83103175,110,652,19073,-8.538524627685547,0.0001
2047.72314453125,130.17,76692,52303736.0,1.8643029928207397,694,-94044.40830447999,110,656,19147,-8.568185806274414,0.0001
1681.7747802734375,111.12,76868,149121568.0,1.8670852184295654,695,-96511.72116162001,110,660,19191,-8.699504852294922,0.0001
1625.595703125,103.26,77044,55327408.0,1.8701319694519043,697,-96836.79616162,110,664,19235,-8.931421279907227,0.0001
1669.792724609375,103.2,77272,41099968.0,1.874066710472107,699,-96836.19616162,110,668,19292,-9.427947044372559,0.0001
1967.023193359375,101.93,77640,86367712.0,1.8805608749389648,703,-96823.49616162,110,672,19384,-9.396934509277344,0.0001
1967.459716796875,112.57,78024,56468624.0,1.887272834777832,706,-96029.99616162,110,676,19480,-9.5338716506958,0.0001
1913.466552734375,111.62,79600,19030124.0,1.9152039289474487,721,-96119.97116162001,110,680,19874,-9.481210708618164,0.0001
2116.8466796875,94.95,80364,80852848.0,1.9287866353988647,728,-97468.44227273,110,684,20065,-9.664549827575684,0.0001
2105.87744140625,98.74,81156,128821656.0,1.9428502321243286,735,-97304.17727273,110,688,20263,-10.431461334228516,0.0001
1895.51806640625,99.55,81640,87096856.0,1.9515050649642944,739,-96311.47727273,110,692,20384,-10.008572578430176,0.0001
2171.662109375,96.82,82004,38282552.0,1.9579423666000366,742,-96390.62727273001,110,696,20475,-9.876859664916992,0.0001
2033.414306640625,106.99,82192,217970592.0,1.9613667726516724,744,-95377.80227273,110,700,20522,-10.073806762695312,0.0001
1783.8426513671875,107.47,82416,74101496.0,1.9654507637023926,746,-95382.60227273,110,704,20578,-10.216816902160645,0.0001
2156.47119140625,108.75,82808,88712752.0,1.972307562828064,750,-95295.40227273,110,708,20676,-10.483287811279297,0.0001
2131.53466796875,109.7,83152,38739044.0,1.9785445928573608,753,-95103.27727273,110,712,20762,-10.077909469604492,0.0001
1952.6312255859375,102.83,83344,130476880.0,1.9819787740707397,754,-95159.22727273,110,716,20810,-10.424681663513184,0.0001
2056.4033203125,103.22,83628,33905492.0,1.9872149229049683,757,-95163.12727273001,110,720,20881,-10.123435974121094,0.0001
2113.31005859375,112.81,84364,159291328.0,2.0003490447998047,763,-94081.26338384,110,724,21065,-10.439176559448242,0.0001
2141.8583984375,108.69,84876,99198080.0,2.0096240043640137,768,-94153.57838384001,110,728,21193,-10.401626586914062,0.0001
1975.728515625,107.51,85248,56631576.0,2.016303300857544,772,-94268.85338384,110,732,21286,-10.711606979370117,0.0001
2122.29296875,107.06,85712,80310040.0,2.024564504623413,776,-94264.35338384,110,736,21402,-10.747495651245117,0.0001
2154.861328125,104.15,86156,89835416.0,2.0328218936920166,780,-94335.25338384001,110,740,21513,-11.198100090026855,0.0001
2051.873291015625,104.14,86628,54596464.0,2.0419533252716064,784,-94335.15338384,110,744,21631,-11.54753589630127,0.0001
2254.5791015625,104.02,87076,42423880.0,2.0504612922668457,788,-94333.95338384001,110,748,21743,-11.433420181274414,0.0001
2279.21533203125,104.19,87608,123014624.0,2.060546398162842,793,-94335.65338384,110,752,21876,-11.633966445922852,0.0001
2304.4453125,104.99,88320,75021936.0,2.0743372440338135,800,-94491.54277777999,110,756,22054,-11.727283477783203,0.0001
2150.92919921875,115.86,88712,68629808.0,2.0817668437957764,804,-93297.12277778,110,760,22152,-11.212894439697266,0.0001
2349.17138671875,125.24,88908,37322288.0,2.0856781005859375,806,-93290.92277778,110,764,22201,-11.896486282348633,0.0001
2245.458984375,125.78,89076,140989280.0,2.0889065265655518,807,-93092.64277778,110,768,22243,-12.336588859558105,0.0001
2365.95263671875,125.38,89352,38621096.0,2.0942797660827637,810,-93088.64277778,110,772,22312,-12.215690612792969,0.0001
2450.757080078125,115.2,89684,35310168.0,2.1006827354431152,813,-93986.74277777999,110,776,22395,-12.130338668823242,0.0001
2444.873779296875,116.02,90332,13948333.0,2.1133079528808594,819,-93895.46777778,110,780,22557,-11.57406997680664,0.0001
2709.677001953125,132.04,94312,63821872.0,2.1930248737335205,856,-93055.76777778,110,784,23552,-13.78697395324707,0.0001
2591.41650390625,147.01,95048,31249222.0,2.2082183361053467,862,-91407.83277778,110,788,23736,-13.937278747558594,0.0001
2596.622314453125,138.45,95152,67151760.0,2.2104368209838867,863,-92424.60777778,110,792,23762,-13.709979057312012,0.0001
2957.415283203125,138.21,95288,34533124.0,2.2131500244140625,865,-92422.20777778,110,796,23796,-14.197124481201172,0.0001
2682.810546875,127.69,95444,32554624.0,2.2163586616516113,866,-93431.53277778,110,800,23835,-13.697242736816406,0.0001
2570.475830078125,127.35,95540,56099376.0,2.2183282375335693,867,-93428.13277778,110,804,23859,-13.903276443481445,0.0001
2942.78662109375,136.01,95648,78560128.0,2.2205440998077393,868,-92514.83277778,110,808,23886,-13.707489967346191,0.0001
2831.5185546875,135.06,95736,83797520.0,2.2225050926208496,869,-92706.95777778,110,812,23908,-14.072954177856445,0.0001
2459.61669921875,134.93,95820,89235184.0,2.2242181301116943,870,-92705.65777778,110,816,23929,-13.661065101623535,0.0001
2902.7236328125,134.4,95908,29830768.0,2.225921869277954,870,-92700.35777778,110,820,23951,-13.55150318145752,0.0001
2722.567626953125,124.03,96004,36955004.0,2.2278494834899902,871,-93875.84666667,110,824,23975,-13.324535369873047,0.0001
2379.25439453125,117.93,96100,43277752.0,2.229764461517334,872,-94062.26666667,110,828,23999,-13.506589889526367,0.0001
2638.154296875,114.84,96188,127878864.0,2.231433153152466,873,-94031.36666667,110,832,24021,-13.715875625610352,0.0001
2889.966796875,116.81,96804,43111616.0,2.243769407272339,879,-94051.06666667,110,836,24175,-13.208998680114746,0.0001
2970.5888671875,118.1,96904,95546488.0,2.245636463165283,880,-93963.96666666999,110,840,24200,-13.105752944946289,0.0001
2623.042724609375,117.87,97088,4666775.0,2.2491183280944824,881,-93961.66666666999,110,844,24246,-13.788938522338867,0.0001
2891.041259765625,117.71,97180,5044028.0,2.25097918510437,882,-93960.06666667,110,848,24269,-13.451004028320312,0.0001
2934.50439453125,117.27,97276,2936045.25,2.2528443336486816,883,-93955.66666666999,110,852,24293,-13.203876495361328,0.0001
3070.75,106.42,97444,6676394.0,2.256087303161621,885,-95047.8,110,856,24335,-13.189634323120117,0.0001
2411.444580078125,95.21,97700,54444212.0,2.260936737060547,887,-96036.2075,110,860,24399,-13.278182983398438,0.0001
2593.990234375,86.21,97872,6055604.0,2.2643930912017822,889,-96046.2075,110,864,24442,-13.246179580688477,0.0001
2695.70458984375,85.63,98060,70282112.0,2.267817735671997,890,-96141.55,110,868,24489,-12.763614654541016,0.0001
2662.31396484375,89.45,98256,6393607.0,2.2716732025146484,892,-96079.75,110,872,24538,-13.33857250213623,0.0001
2722.984375,89.18,98476,13260712.0,2.2758076190948486,894,-95974.775,110,876,24593,-12.958649635314941,0.0001
2606.080078125,86.59,98572,76334832.0,2.27763032913208,895,-96038.1125,110,880,24617,-13.019561767578125,0.0001
2665.652587890625,60.22,98712,35075688.0,2.2803561687469482,896,-97673.2125,110,884,24652,-13.176375389099121,0.0001
2660.60888671875,47.41,98792,67725728.0,2.281714916229248,897,-98545.0125,110,888,24672,-13.480661392211914,0.0001
2434.84228515625,45.72,98900,41298232.0,2.2837677001953125,898,-98528.1125,110,892,24699,-13.051131248474121,0.0001
2673.168212890625,45.82,99048,64991108.0,2.286755323410034,899,-98529.1125,110,896,24736,-12.940031051635742,0.0001
2415.34619140625,47.28,99268,15844841.0,2.29093337059021,901,-98239.68194444,110,900,24791,-13.465604782104492,0.0001
3041.841552734375,48.45,99532,57982548.0,2.296030282974243,904,-98151.38194444001,110,904,24857,-13.400093078613281,0.0001
2991.259521484375,40.58,99780,145994192.0,2.300900459289551,906,-99172.58194444001,110,908,24919,-13.175487518310547,0.0001
2688.71044921875,45.5,100652,73095904.0,2.3175344467163086,914,-99221.78194444001,110,912,25137,-13.500946998596191,0.0001
2888.11572265625,49.61,101160,57287560.0,2.3277058601379395,919,-99162.88194444001,110,916,25264,-13.074752807617188,0.0001
2724.383544921875,51.16,101464,36937672.0,2.333580732345581,922,-99178.38194444001,110,920,25340,-13.435525894165039,0.0001
3091.679443359375,51.2,101860,152841712.0,2.3413889408111572,925,-99178.78194444001,110,924,25439,-13.830366134643555,0.0001
2781.318115234375,53.4,103120,80982736.0,2.366973638534546,937,-99200.78194444001,109,928,25754,-14.38776969909668,0.0001
2930.3935546875,65.23,104820,112358688.0,2.40232515335083,952,-97956.08944444,110,932,26179,-15.21347713470459,0.0001
2780.11181640625,73.43,105120,46741416.0,2.4087231159210205,955,-97038.18944444001,110,936,26254,-15.192757606506348,0.0001
2791.015380859375,82.46,105796,82545728.0,2.4231038093566895,961,-96228.58944444,110,940,26423,-14.473321914672852,0.0001
2902.062255859375,82.46,106192,37783440.0,2.431492805480957,965,-96228.58944444,110,944,26522,-14.641315460205078,0.0001
2862.982421875,85.27,106400,74605816.0,2.435816764831543,966,-96156.68944444001,110,948,26574,-15.126961708068848,0.0001
3258.8271484375,86.58,106876,64770672.0,2.4460692405700684,971,-96169.78944444,110,952,26693,-15.153304100036621,0.0001
2991.312744140625,86.75,107096,36013200.0,2.45072078704834,973,-96071.48944444001,110,956,26748,-15.473150253295898,0.0001
2913.68359375,86.27,107312,41298024.0,2.45538592338562,974,-96169.30194444001,110,960,26802,-15.454968452453613,0.0001
3069.58544921875,95.9,107748,69007376.0,2.465010643005371,978,-94786.14638888002,110,964,26911,-15.327849388122559,0.0001
3323.98828125,98.39,108768,102788720.0,2.4873263835906982,987,-94604.35888888,110,968,27166,-15.75619125366211,0.0001
3249.4599609375,104.78,109504,63670636.0,2.503605842590332,994,-92983.41007936,110,972,27350,-16.371753692626953,0.0001
3208.358642578125,115.87,111660,5919315.0,2.5526773929595947,1012,-91711.98507936,110,976,27889,-17.236474990844727,0.0001
3309.17236328125,142.2,113208,14864540.0,2.5886833667755127,1025,-90396.90829365,110,980,28276,-17.198841094970703,0.0001
3625.398193359375,158.42,116008,42697588.0,2.65427827835083,1052,-89393.23329365,110,984,28976,-18.38479995727539,0.0001
3423.883056640625,167.26,116232,41897232.0,2.6597671508789062,1054,-89381.63329365,110,988,29032,-18.49920654296875,0.0001
3134.7099609375,167.85,116432,61151712.0,2.6644163131713867,1056,-89387.53329365,110,992,29082,-18.580467224121094,0.0001
4071.9677734375,168.14,116696,2791408.0,2.670790433883667,1059,-89390.43329365,110,996,29148,-18.524471282958984,0.0001
3970.42236328125,168.84,117240,25653410.0,2.6840875148773193,1064,-89701.46384920999,110,1000,29284,-18.402238845825195,0.0001
3332.18603515625,184.94,118780,6916612.0,2.720864772796631,1078,-88537.46384920999,110,1004,29669,-18.227924346923828,0.0001
3604.79052734375,188.91,119324,53350588.0,2.7337088584899902,1083,-88333.92384921,110,1008,29805,-18.671810150146484,0.0001
3157.371337890625,193.71,120548,33572196.0,2.7630503177642822,1094,-88125.14884920999,110,1012,30111,-18.321495056152344,0.0001
3955.1220703125,199.8,122084,72114416.0,2.79944109916687,1108,-87664.15581891,110,1016,30495,-18.14463233947754,0.0001
3855.3125,200.45,122592,52086408.0,2.8113787174224854,1112,-87469.60581891,110,1020,30622,-17.843793869018555,0.0001
4075.0869140625,217.17,123040,5978710.0,2.8215701580047607,1116,-86385.57526335001,110,1024,30734,-18.1993408203125,0.0001
3781.220703125,218.22,123468,31510800.0,2.831580877304077,1120,-86195.72526334999,110,1028,30841,-17.77704620361328,0.0001
4095.20263671875,209.63,124216,58460688.0,2.848693609237671,1127,-87267.11776334999,110,1032,31028,-17.657630920410156,0.0001
3729.49951171875,202.27,124496,47746736.0,2.8550455570220947,1130,-88081.95526334998,110,1036,31098,-17.482059478759766,0.0001
3470.77783203125,192.41,124808,64072576.0,2.8621826171875,1133,-88983.25526334999,110,1040,31176,-17.588207244873047,0.0001
4024.16259765625,192.6,125024,97626592.0,2.867112874984741,1136,-88985.15526335,110,1044,31230,-17.397628784179688,0.0001
3957.9736328125,190.44,125340,33210024.0,2.8745107650756836,1139,-89063.55526334999,110,1048,31309,-17.809783935546875,0.0001
3708.207763671875,189.53,125620,34376032.0,2.880791664123535,1141,-89054.45526334998,110,1052,31379,-17.63313865661621,0.0001
4082.4638671875,189.51,125816,3258105.5,2.885110855102539,1143,-89154.25526334999,110,1056,31428,-17.18573760986328,0.0001
4101.08935546875,189.48,126036,3887470.25,2.890270233154297,1145,-89253.95526334998,110,1060,31483,-17.3890380859375,0.0001
4127.01171875,179.57,126268,57384500.0,2.8953874111175537,1147,-90634.31081891,110,1064,31541,-17.010848999023438,0.0001
4463.59033203125,176.86,126500,61238376.0,2.9004552364349365,1149,-90916.43581891,110,1068,31599,-17.0672550201416,0.0001
4206.07421875,165.92,126788,85994976.0,2.906902551651001,1151,-92591.88462843001,110,1072,31671,-16.761432647705078,0.0001
4341.759765625,164.21,126960,85238400.0,2.910972833633423,1153,-92880.90962843,110,1076,31714,-17.398603439331055,0.0001
4210.41748046875,136.53,127140,35323168.0,2.9150784015655518,1155,-94293.24891414,110,1080,31759,-17.192501068115234,0.0001
4069.89599609375,121.15,127588,29309448.0,2.925300121307373,1159,-95406.32391414,110,1084,31871,-17.635772705078125,0.0001
4152.9951171875,123.64,128484,57969948.0,2.9463181495666504,1167,-93974.28694832999,110,1088,32095,-18.022357940673828,0.0001
4133.5625,129.57,129208,66624016.0,2.963226318359375,1174,-93720.61944832999,110,1092,32276,-17.600643157958984,0.0001
4257.79345703125,144.55,131604,106590296.0,3.019948720932007,1194,-91976.73838772999,110,1096,32875,-17.383495330810547,0.0001
4199.41455078125,152.58,132876,10239089.0,3.0497982501983643,1205,-91917.88838773001,110,1100,33193,-16.829797744750977,0.0001
4336.6259765625,148.24,133528,7500362.0,3.0646657943725586,1211,-91941.93838773001,110,1104,33356,-17.55609130859375,0.0001
4643.56640625,146.91,134320,33975744.0,3.082881212234497,1218,-91844.20338773001,110,1108,33554,-16.838970184326172,0.0001
4267.28759765625,148.44,134708,29932020.0,3.0916852951049805,1222,-90868.27838773001,110,1112,33651,-16.98394012451172,0.0001
4405.1328125,142.02,135520,137290816.0,3.1105668544769287,1230,-91218.19641803,110,1116,33854,-16.904333114624023,0.0001
4248.130859375,155.25,136968,80616688.0,3.1443610191345215,1244,-91271.82141803,110,1120,34216,-16.517852783203125,0.0001
4589.72509765625,142.2,137844,107387600.0,3.16483998298645,1252,-91984.88530692,110,1124,34435,-16.56993293762207,0.0001
4445.85546875,144.64,139384,84107536.0,3.2012929916381836,1266,-91906.57030692,110,1128,34820,-17.191633224487305,0.0001
4525.60986328125,152.99,140152,34940432.0,3.219613790512085,1273,-91095.87030692,110,1132,35012,-16.61132049560547,0.0001
4277.20849609375,161.32,140672,50952452.0,3.231909990310669,1277,-89830.93836248,110,1136,35142,-16.47400665283203,0.0001
4582.1162109375,161.9,141152,4708315.0,3.2433719635009766,1282,-89633.21336248,110,1140,35262,-16.250770568847656,0.0001
4021.90234375,169.25,141620,68379080.0,3.25459361076355,1286,-89568.68836248001,110,1144,35379,-16.870899200439453,0.0001
4244.53759765625,174.71,142068,6448155.5,3.26568341255188,1290,-89409.25502915001,110,1148,35491,-16.35932159423828,0.0001
4850.537109375,177.74,142780,32756244.0,3.2829978466033936,1297,-89227.93002915001,110,1152,35669,-16.489364624023438,0.0001
4741.63818359375,179.88,143248,2086323.25,3.294426441192627,1301,-89141.68002915001,110,1156,35786,-16.12151527404785,0.0001
4589.435546875,188.51,144032,9955624.0,3.3135483264923096,1308,-89019.28002915,110,1160,35982,-16.396350860595703,0.0001
4094.07373046875,201.09,145892,2876113.5,3.360477924346924,1325,-88558.28002915,110,1164,36447,-16.577056884765625,0.0001
4450.6337890625,212.57,147864,32185072.0,3.4117159843444824,1343,-88430.03002915,110,1168,36940,-17.004207611083984,0.0001
5070.33837890625,235.12,151500,1922294.75,3.514125108718872,1376,-86279.48002914999,110,1172,37849,-18.8850154876709,0.0001
4483.8037109375,255.53,151972,2577029.5,3.5275673866271973,1381,-84560.10502914999,110,1176,37967,-18.24924659729004,0.0001
4858.37890625,255.05,152292,57580028.0,3.5369951725006104,1384,-84555.30502914998,110,1180,38047,-18.698041915893555,0.0001
4604.5166015625,253.7,152616,52287696.0,3.546511173248291,1387,-84541.80502914998,110,1184,38128,-18.316139221191406,0.0001
4595.091796875,242.26,152924,50357092.0,3.555342197418213,1389,-85984.34199496,110,1188,38205,-18.40450668334961,0.0001
4814.20556640625,242.92,153244,6426708.0,3.5649383068084717,1392,-86069.18449496,110,1192,38285,-19.543235778808594,0.0001
5104.7412109375,231.3,154084,6371984.0,3.590451717376709,1400,-87631.89055555999,110,1196,38495,-19.525867462158203,0.0001
5297.5078125,242.1,157420,9162479.0,3.692638635635376,1432,-85778.59055555999,109,1200,39329,-19.00414276123047,0.0001
5201.89990234375,256.05,158748,8143553.0,3.733647584915161,1444,-85042.21555555999,109,1204,39661,-19.719812393188477,0.0001
4406.146484375,273.41,161888,8195586.0,3.8295650482177734,1473,-84374.21555555999,109,1208,40446,-18.691776275634766,0.0001
5299.279296875,273.7,162788,48800448.0,3.857358932495117,1481,-85625.11555556,109,1212,40671,-19.20975112915039,0.0001
5438.0283203125,300.1,166620,20483512.0,3.978973388671875,1515,-82498.20305556,109,1216,41629,-19.799476623535156,0.0001
5302.15771484375,298.73,167252,3392064.5,3.998975992202759,1520,-81663.62805556,109,1220,41787,-19.25719451904297,0.0001
4286.849609375,299.95,168084,8182050.5,4.0259785652160645,1528,-81982.35722223,109,1224,41995,-19.24327278137207,0.0001
5112.9521484375,312.0,170344,24443256.0,4.096858978271484,1549,-80909.30972223001,109,1228,42560,-18.64058494567871,0.0001
5244.634765625,332.42,173244,1923481.875,4.189769744873047,1575,-79682.31722223,109,1232,43285,-18.77752685546875,0.0001
5384.73388671875,332.53,174344,28604888.0,4.2254767417907715,1584,-79877.51166666999,109,1236,43560,-18.692642211914062,0.0001
6184.25830078125,333.4,175252,91902128.0,4.255856037139893,1593,-80089.73666667,109,1240,43787,-19.70621109008789,0.0001
5712.7099609375,347.29,176816,1692034.75,4.30885648727417,1607,-78892.29499999998,109,1244,44178,-19.326807022094727,0.0001
5356.1396484375,369.05,180004,2247039.75,4.41818904876709,1635,-77789.96583333,110,1248,44975,-19.09723472595215,0.0001
5061.84326171875,383.26,182064,2074985.25,4.490958213806152,1654,-76655.23666666,110,1252,45490,-18.864160537719727,0.0001
5717.267578125,393.39,183404,1561223.375,4.538501739501953,1666,-75631.63666666001,110,1256,45825,-19.559345245361328,0.0001
5531.4111328125,417.06,187096,1382782.375,4.674496650695801,1701,-72673.36166666,109,1260,46748,-19.5235595703125,0.0001
5379.6650390625,430.31,189116,2538307.5,4.74898099899292,1719,-71142.83666666,109,1264,47253,-19.274620056152344,0.0001
5502.73095703125,448.82,192180,1871028.25,4.863337993621826,1747,-68161.66166666,109,1268,48019,-19.59398651123047,0.0001
5349.83544921875,452.1,195392,1004069.75,4.9895243644714355,1776,-67909.40333333,109,1272,48822,-19.546838760375977,0.0001
5418.205078125,444.26,197012,1198472.0,5.053349018096924,1791,-69616.17833333001,109,1276,49227,-19.498197555541992,0.0001
5097.0,472.22,200312,1770467.875,5.184182167053223,1820,-68360.52833333,110,1280,50052,-18.855497360229492,0.0001
5782.05517578125,504.31,204084,2840286.0,5.339752197265625,1854,-67143.26166666001,110,1284,50995,-19.338287353515625,0.0001
5951.90966796875,533.73,206400,1699667.125,5.439192295074463,1875,-66017.99499998998,110,1288,51574,-19.81387710571289,0.0001
5613.587890625,548.55,209488,19951816.0,5.577494144439697,1905,-64157.46999999,109,1292,52346,-20.617809295654297,0.0001
5439.00927734375,566.21,210448,1722849.25,5.621447563171387,1914,-62424.84499999,109,1296,52586,-20.481060028076172,0.0001
5688.677734375,558.55,213268,22511004.0,5.751777648925781,1940,-63276.29499999,109,1300,53291,-20.83297348022461,0.0001
5997.29345703125,543.41,213360,80448832.0,5.75631046295166,1941,-65129.069999989995,109,1304,53314,-20.643795013427734,0.0001
5209.203125,521.54,213492,1314478.5,5.7625274658203125,1942,-66079.64499998999,109,1308,53347,-20.974153518676758,0.0001
5508.4697265625,511.68,214080,1390884.875,5.789664268493652,1948,-65981.04499999,109,1312,53494,-20.084686279296875,0.0001
6090.802734375,499.32,216028,1205736.625,5.879258155822754,1966,-68456.23249999,109,1316,53981,-19.97913360595703,0.0001
5732.224609375,507.99,218788,963316.625,6.005391597747803,1991,-67434.58249998999,109,1320,54671,-19.23029136657715,0.0001
5731.57470703125,523.91,220436,30897820.0,6.078956127166748,2006,-65695.11999999,109,1324,55083,-18.42566680908203,0.0001
5576.5068359375,523.41,222532,851220.25,6.175041675567627,2026,-66953.40749999,109,1328,55607,-18.732099533081055,0.0001
5400.98974609375,509.86,224192,1097826.75,6.255222320556641,2041,-68249.09999999,109,1332,56022,-20.86823272705078,0.0001
6182.29833984375,523.42,227100,955651.3125,6.412774085998535,2068,-68345.04999998999,109,1336,56749,-21.66940689086914,0.0001
5822.5341796875,548.46,229532,891543.75,6.545299053192139,2089,-67138.72499999,109,1340,57357,-19.995304107666016,0.0001
5564.01953125,538.29,230112,1026252.75,6.57613468170166,2095,-67340.31666666,109,1344,57502,-20.693424224853516,0.0001
5923.296875,529.53,233436,10775803.0,6.76441764831543,2125,-67480.40416666,109,1348,58333,-22.850830078125,0.0001
6439.35693359375,524.12,234380,667349.875,6.817971229553223,2134,-67606.38333333,109,1352,58569,-20.922170639038086,0.0001
5584.888671875,541.65,238060,16687584.0,7.016724109649658,2167,-65672.03333333001,109,1356,59489,-19.406532287597656,0.0001
6075.6640625,529.65,239056,1183595.75,7.06965970993042,2177,-66784.80833333,109,1360,59738,-20.14071273803711,0.0001
6235.2314453125,542.66,243056,1655228.75,7.292407512664795,2213,-64546.91666666,109,1364,60738,-20.021085739135742,0.0001
6211.3349609375,534.49,246144,22382092.0,7.4737162590026855,2242,-67774.54166666,109,1368,61510,-21.914466857910156,0.0001
5878.51611328125,519.59,246988,2153295.25,7.526134967803955,2249,-69286.74999999,109,1372,61721,-21.208616256713867,0.0001
6717.5927734375,517.69,250520,13955474.0,7.750060558319092,2282,-69281.39499998999,109,1376,62604,-20.565204620361328,0.0001
6961.994140625,518.55,251272,9046302.0,7.798978328704834,2289,-68725.44499999,109,1380,62792,-22.307323455810547,0.0001
6750.4912109375,487.19,251452,2578311.0,7.810487747192383,2291,-69850.01166666001,109,1384,62837,-21.58168601989746,0.0001
6639.82861328125,470.26,254848,26537080.0,8.026350021362305,2323,-69877.10333333,109,1388,63686,-20.560596466064453,0.0001
6384.1162109375,484.88,257860,1703980.25,8.213987350463867,2349,-68653.91583333,109,1392,64439,-19.093017578125,0.0001
6047.34375,485.36,259724,20352220.0,8.326569557189941,2366,-68314.37833333001,109,1396,64905,-17.775836944580078,0.0001
5493.55419921875,478.34,260316,10016311.0,8.362579345703125,2372,-68158.70333333,109,1400,65053,-18.847537994384766,0.0001
6640.890625,477.73,261188,1526267.875,8.416470527648926,2380,-68050.42833333001,109,1404,65271,-19.898094177246094,0.0001
6412.8330078125,480.54,262356,23686676.0,8.491071701049805,2390,-67975.11583333001,109,1408,65563,-19.473770141601562,0.0001
6223.6513671875,502.15,265116,1601675.375,8.680476188659668,2415,-65538.04916666,109,1412,66253,-21.66217041015625,0.0001
7342.18603515625,512.72,266768,13514842.0,8.798007011413574,2432,-65543.74916666,109,1416,66666,-21.061767578125,0.0001
6794.9560546875,494.25,267716,1768369.25,8.867532730102539,2441,-67567.99916666,109,1420,66903,-21.924911499023438,0.0001
5832.57958984375,482.23,269256,1397988.25,8.982837677001953,2455,-69447.59916666,109,1424,67288,-22.56206512451172,0.0001
6510.341796875,494.98,272180,1609500.0,9.210302352905273,2482,-66661.82416666001,109,1428,68019,-20.936492919921875,0.0001
6541.56982421875,500.13,273420,652473.625,9.30362319946289,2494,-66355.97416666,109,1432,68329,-18.99266242980957,0.0001
6517.5087890625,481.0,274248,2018451.0,9.36247444152832,2502,-67369.92416666,109,1436,68536,-19.26348114013672,0.0001
6606.65576171875,471.46,277032,2005042.0,9.56580638885498,2527,-67467.84083333,109,1440,69232,-20.22390365600586,0.0001
6881.525390625,484.53,279792,3180194.25,9.771388053894043,2553,-67769.71583333,109,1444,69922,-20.579418182373047,0.0001
7290.115234375,485.56,281180,1544529.5,9.877800941467285,2566,-66971.11583333001,109,1448,70269,-19.74262237548828,0.0001
6694.1005859375,496.27,284512,3259616.5,10.14782428741455,2597,-67386.69083333001,109,1452,71102,-21.561237335205078,0.0001
6332.11083984375,495.52,286684,2871797.5,10.332093238830566,2617,-68008.54083333,109,1456,71645,-21.076221466064453,0.0001
7345.318359375,500.27,289416,23091900.0,10.574601173400879,2642,-67719.43333333,109,1460,72328,-22.435529708862305,0.0001
7350.17626953125,477.09,291240,3489972.0,10.735631942749023,2658,-70803.44166667,109,1464,72784,-22.476037979125977,0.0001
7230.41796875,475.68,293404,4245719.0,10.927159309387207,2678,-69684.18333334001,109,1468,73325,-20.616512298583984,0.0001
6922.1669921875,485.69,295512,32161830.0,11.112154960632324,2698,-68408.08833334001,109,1472,73852,-20.880409240722656,0.0001
7311.8203125,468.19,296172,1819797.625,11.169986724853516,2704,-69536.21833334,109,1476,74017,-21.88638687133789,0.0001
7415.990234375,463.18,298116,1679131.0,11.345840454101562,2722,-69303.83083334,109,1480,74503,-21.645103454589844,0.0001
7722.8466796875,472.8,298940,10909450.0,11.418368339538574,2729,-69290.28083334,109,1484,74709,-20.34634780883789,0.0001
7499.921875,489.61,302876,2502824.5,11.78228759765625,2765,-68418.12583334,109,1488,75693,-20.964942932128906,0.0001
7506.8251953125,492.08,306876,1804376.125,12.138161659240723,2802,-67591.55083333999,109,1492,76693,-19.325664520263672,0.0001
6846.255859375,499.78,310852,6418485.0,12.511634826660156,2837,-66719.87333334,109,1496,77687,-20.16290855407715,0.0001
6784.1025390625,513.58,311340,30955932.0,12.557927131652832,2842,-65717.36083334,109,1500,77809,-19.1580810546875,0.0001
6396.142578125,508.15,311924,1732962.0,12.612950325012207,2847,-65765.23583334,109,1504,77955,-19.401397705078125,0.0001
7728.6396484375,505.96,312560,1362049.125,12.676239967346191,2853,-65745.61083334,109,1508,78114,-20.10818099975586,0.0001
6213.296875,484.25,313540,2026943.125,12.774582862854004,2863,-68181.67750001,109,1512,78359,-20.274017333984375,0.0001
6808.94677734375,489.48,315340,1459737.75,12.96445369720459,2879,-65759.48861112,109,1516,78809,-20.578659057617188,0.0001
7592.4658203125,496.44,317900,3189591.5,13.231119155883789,2903,-65509.84618687999,109,1520,79449,-18.012470245361328,0.0001
7346.72021484375,508.73,319340,1622480.25,13.372488975524902,2916,-64430.12618687999,109,1524,79809,-18.8402042388916,0.0001
7693.498046875,486.81,320828,923230.875,13.52165699005127,2930,-67043.15118688,109,1528,80181,-19.309349060058594,0.0001
7752.65625,484.08,323148,21432812.0,13.77965259552002,2951,-66112.35118688,109,1532,80761,-19.828895568847656,0.0001
7900.7421875,491.49,324848,1360771.5,13.972068786621094,2965,-64794.36785353999,109,1536,81186,-19.868192672729492,0.0001
7627.73388671875,485.19,325444,1047591.875,14.039935111999512,2971,-64720.259520199994,109,1540,81335,-19.558902740478516,0.0001
7494.6142578125,477.53,326824,3797217.5,14.196173667907715,2983,-64281.67202020001,109,1544,81680,-20.454694747924805,0.0001
7425.12841796875,476.9,329452,3520340.0,14.489202499389648,3007,-65114.559520200004,109,1548,82337,-18.73020362854004,0.0001
7465.4501953125,483.44,332520,1485216.375,14.830665588378906,3035,-62736.40257576001,109,1552,83104,-18.399221420288086,0.0001
6857.7216796875,487.23,336520,1823846.375,15.285127639770508,3073,-62487.45257576,109,1556,84104,-18.975597381591797,0.0001
7167.83935546875,482.29,337696,1811007.625,15.426857948303223,3084,-63744.83507576,109,1560,84398,-18.92813491821289,0.0001
6779.1787109375,498.03,341164,1851690.875,15.85453987121582,3118,-62702.938409090006,109,1564,85265,-18.144611358642578,0.0001
7856.37744140625,513.02,345164,1429614.0,16.361557006835938,3157,-62058.19674242,109,1568,86265,-19.565753936767578,0.0001
7016.93603515625,515.56,347084,27482262.0,16.616247177124023,3176,-62256.27924242,109,1572,86745,-19.566287994384766,0.0001
8158.7392578125,549.76,350960,1518253.25,17.156391143798828,3215,-59598.579242420004,109,1576,87714,-19.37084197998047,0.0001
7347.595703125,555.32,354784,1616713.0,17.637229919433594,3252,-59829.21674242,109,1580,88670,-15.889241218566895,0.0001
8486.5146484375,567.26,355256,31865254.0,17.69428062438965,3257,-58158.56674242,109,1584,88788,-15.390888214111328,0.0001
6979.51611328125,542.53,356740,2227452.5,17.86997413635254,3272,-59973.17174242,109,1588,89159,-14.717011451721191,0.0001
8318.2763671875,541.92,360740,7652150.5,18.355510711669922,3310,-60951.53781385,108,1592,90159,-14.930473327636719,0.0001
8428.2841796875,551.34,364740,1062617.5,18.854598999023438,3349,-60463.15281385,108,1596,91159,-11.656782150268555,0.0001
7928.6552734375,556.38,367588,4177213.75,19.176353454589844,3377,-60041.49031385,108,1600,91871,-10.181306838989258,0.0001
8481.03515625,579.9,370380,600311.3125,19.490543365478516,3405,-59270.71531385,108,1604,92569,-10.705938339233398,0.0001
7740.07568359375,600.11,373772,982717.75,19.851818084716797,3438,-59346.77781385,108,1608,93417,-8.698076248168945,0.0001
7320.64501953125,618.61,374436,1074514.75,19.923994064331055,3445,-57531.97781385,108,1612,93583,-8.834939956665039,0.0001
7817.2275390625,595.78,375276,961355.875,20.015323638916016,3453,-59878.16670274,108,1616,93793,-8.285308837890625,0.0001
8374.513671875,610.03,378812,1106900.625,20.402469635009766,3487,-59092.67162698001,108,1620,94677,-8.507577896118164,0.0001
7959.232421875,605.37,380344,906043.9375,20.585735321044922,3502,-59145.34162698001,108,1624,95060,-9.339229583740234,0.0001
8136.6181640625,615.37,381864,21596304.0,20.783802032470703,3517,-58559.816626980006,108,1628,95440,-9.92154598236084,0.0001
7792.2490234375,609.63,383244,1559707.5,20.993083953857422,3530,-59863.26662698001,108,1632,95785,-9.652999877929688,0.0001
7164.16162109375,623.01,386552,929332.875,21.49216651916504,3563,-60489.24996032,108,1636,96612,-10.445674896240234,0.0001
8624.689453125,623.44,387044,792228.125,21.57013702392578,3568,-61456.96662699,108,1640,96735,-10.243837356567383,0.0001
9184.7177734375,643.69,391044,1518570.5,22.164588928222656,3606,-59556.95412699,108,1644,97735,-8.382463455200195,0.0001
7335.1298828125,630.87,392396,1072345.25,22.33833885192871,3619,-60079.59162699,108,1648,98073,-6.612380027770996,0.0001
7624.77099609375,633.14,395044,808012.875,22.706485748291016,3645,-60040.715238100005,108,1652,98735,-7.933809280395508,0.0001
7515.98095703125,633.69,399044,653685.5,23.300151824951172,3686,-59710.04655122999,108,1656,99735,-7.065848350524902,0.0001
7770.16259765625,641.61,401860,578339.5625,23.749483108520508,3715,-58443.322384559986,108,1660,100439,-8.016561508178711,0.0001
8770.48046875,626.44,403068,912412.625,23.985248565673828,3727,-59590.839884559995,108,1664,100741,-10.229667663574219,0.0001
7458.49658203125,602.68,405096,803701.125,24.385334014892578,3748,-60990.43988455999,108,1668,101248,-8.7800931930542,0.0001
7614.26025390625,592.66,407364,964583.5,24.86275863647461,3771,-61707.810717889995,108,1672,101815,-9.03205680847168,0.0001
8441.5078125,585.51,409096,1198520.125,25.214191436767578,3789,-61188.802384560004,107,1676,102248,-9.446372985839844,0.0001
9190.62109375,558.25,409480,1155675.75,25.291648864746094,3794,-62810.38988456,107,1680,102344,-7.394510269165039,0.0001
9147.8203125,560.66,413368,1959948.5,25.99875831604004,3835,-63228.24405123,107,1684,103316,-7.400886058807373,0.0001
7099.521484375,594.43,417368,2340205.75,26.69280242919922,3875,-60435.76905123,107,1688,104316,-6.829070091247559,0.0001
8300.2373046875,588.65,420232,1135955.75,27.239215850830078,3905,-61578.565479799996,107,1692,105032,-8.337173461914062,0.0001
9120.544921875,579.8,422236,1960906.75,27.664644241333008,3925,-62311.21547979999,107,1696,105533,-7.895493030548096,0.0001
7852.99853515625,570.39,424232,26494284.0,28.076871871948242,3946,-64013.415479799995,107,1700,106032,-7.253155708312988,0.0001
6964.048828125,582.3,428232,1572245.5,28.951557159423828,3986,-62238.790479799995,107,1704,107032,-7.369631767272949,0.0001
7748.92578125,584.45,431788,1271174.125,29.709896087646484,4022,-61153.06131312999,107,1708,107921,-8.69007682800293,0.0001
9040.78515625,587.66,433120,4578539.0,30.050535202026367,4035,-61185.16131313,107,1712,108254,-7.766289234161377,0.0001
8067.23681640625,600.04,436520,990474.8125,30.790136337280273,4069,-60108.81131313,107,1716,109104,-5.728884696960449,0.0001
7516.96240234375,598.68,438516,1337941.0,31.18168067932129,4089,-59083.09881313,107,1720,109603,-6.882617950439453,0.0001
8716.333984375,590.41,439852,2185789.0,31.490909576416016,4101,-59691.57202742,107,1724,109937,-7.358797073364258,0.0001
7883.47314453125,595.22,441064,1505404.5,31.82304573059082,4113,-59239.39702741999,107,1728,110240,-8.066638946533203,0.0001
8518.541015625,592.6,442512,1548625.25,32.222618103027344,4127,-59879.17202741999,107,1732,110602,-8.549578666687012,0.0001
7724.45654296875,596.52,446208,1217809.25,33.15793228149414,4163,-57375.25536074999,107,1736,111526,-5.4573445320129395,0.0001
9304.1103515625,606.7,449520,9615308.0,33.9797477722168,4194,-55415.33036075,107,1740,112354,-6.75347375869751,0.0001
7633.48388671875,590.69,450512,1672278.125,34.243526458740234,4203,-56318.24147186,107,1744,112602,-7.337131500244141,0.0001
8130.630859375,609.75,454172,2519611.0,35.098751068115234,4239,-55822.69147186,107,1748,113517,-5.557687759399414,0.0001
7716.86328125,608.81,456836,1514318.0,35.744178771972656,4266,-57218.524805190005,107,1752,114183,-5.176735877990723,0.0001
8418.2568359375,593.3,458296,1787462.375,36.14000701904297,4280,-59297.968492060005,107,1756,114548,-6.510930061340332,0.0001
9592.021484375,586.24,461196,1440088.875,36.951210021972656,4308,-60426.88265873,107,1760,115273,-6.855093955993652,0.0001
9164.541015625,599.84,463788,1568167.625,37.687782287597656,4333,-58321.04515873,107,1764,115921,-5.325648307800293,0.0001
7740.5234375,606.38,465196,14225709.0,38.0411376953125,4346,-57278.62015873,107,1768,116273,-5.552471160888672,0.0001
8867.8203125,612.9,468308,1279369.875,38.82289505004883,4376,-56280.6918254,107,1772,117051,-5.226742744445801,0.0001
9221.21875,614.54,471220,1639681.375,39.666412353515625,4403,-56971.763492059996,107,1776,117779,-5.836167335510254,0.0001
8515.041015625,626.76,472356,24478804.0,39.95663070678711,4414,-55916.655992060005,107,1780,118063,-4.4985198974609375,0.0001
9343.830078125,620.16,473544,1432119.0,40.25501251220703,4425,-56337.81432538999,106,1784,118360,-4.316808700561523,0.0001
8552.6171875,600.71,476284,4948840.0,40.852027893066406,4452,-59348.28932538999,106,1788,119045,-2.4782586097717285,0.0001
7877.7216796875,581.6,477752,2950486.5,41.17471694946289,4466,-60196.93932538999,106,1792,119412,-4.86052131652832,0.0001
8666.603515625,572.94,479812,1262146.75,41.75001907348633,4487,-62032.139325389995,106,1796,119927,-3.829918146133423,0.0001
9410.4453125,580.72,482004,2073803.25,42.38986587524414,4508,-61906.319325389995,106,1800,120475,-4.879478454589844,0.0001
9759.55078125,557.8,485580,24061738.0,43.837669372558594,4543,-64468.719325390004,106,1804,121369,-7.918753623962402,0.0001
9238.5888671875,556.09,486768,18141572.0,44.340396881103516,4554,-63470.24849206,106,1808,121666,-6.096922397613525,0.0001
8398.91796875,555.94,489308,1919656.875,45.112335205078125,4578,-64007.03599206,106,1812,122301,-3.1399424076080322,0.0001
8588.34765625,550.73,490612,16815196.0,45.42755126953125,4591,-64703.87099206001,106,1816,122627,-5.0320658683776855,0.0001
9188.529296875,556.42,493344,1974111.5,46.088218688964844,4617,-64354.670992060004,106,1820,123310,-3.315390110015869,0.0001
9824.8876953125,554.32,494684,2697070.0,46.382530212402344,4630,-64416.29777777,106,1824,123645,-2.416893482208252,0.0001
7617.51708984375,556.31,497456,1700694.5,47.153472900390625,4656,-63533.94777777,106,1828,124338,-2.765425205230713,0.0001
9159.240234375,555.74,498540,2035519.375,47.50164031982422,4666,-62590.32277777,106,1832,124609,-4.490318298339844,0.0001
8515.0390625,543.38,500152,1798155.625,48.09067916870117,4682,-64629.59944444,106,1836,125012,-4.092455863952637,0.0001
10027.2578125,540.11,502444,1364371.0,48.74456024169922,4704,-65756.77444444,106,1840,125585,-2.7538490295410156,0.0001
9539.2529296875,521.59,503272,1647387.0,48.86436462402344,4712,-67871.76333333,106,1844,125792,-0.9933423399925232,0.0001
8482.05859375,520.37,504712,1534989.75,49.07913589477539,4726,-66614.01333333,106,1848,126152,-1.2814940214157104,0.0001
9446.029296875,494.78,505592,2213380.5,49.19731140136719,4734,-68048.85500000001,106,1852,126372,-1.0314908027648926,0.0001
11343.72265625,486.74,507312,3331454.5,49.60948181152344,4751,-69069.78,106,1856,126802,-2.478242874145508,0.0001
9474.2734375,494.18,509336,8499084.0,50.16865921020508,4770,-68064.19,106,1860,127308,-2.3469719886779785,0.0001
8516.53515625,472.19,510696,2881180.0,50.72458267211914,4784,-71079.4775,106,1864,127648,-3.613569498062134,0.0001
9590.869140625,466.96,512204,2952646.25,51.34249496459961,4798,-72189.4275,106,1868,128025,-3.436039924621582,0.0001
11036.361328125,462.78,513672,2561611.5,51.824012756347656,4812,-74230.9225,106,1872,128392,-1.881358027458191,0.0001
9272.1279296875,448.14,516416,5497025.0,52.651153564453125,4839,-76592.13416666999,106,1876,129078,-1.4051467180252075,0.0001
10136.6728515625,442.79,517032,6047220.5,52.747005462646484,4845,-77826.30416667,106,1880,129232,-1.600010871887207,0.0001
9878.125,449.07,519716,2711134.5,53.556861877441406,4870,-76604.54166666999,106,1884,129903,-2.2389793395996094,0.0001
10007.267578125,468.45,523716,4474371.5,54.10358428955078,4908,-73122.79,106,1888,130903,-0.2742837071418762,0.0001
10528.306640625,476.79,524696,2525745.5,54.17399978637695,4917,-73892.94,106,1892,131148,-1.684332251548767,0.0001
9760.6142578125,458.73,525576,3016430.5,54.314762115478516,4925,-74761.79,106,1896,131368,-1.9608697891235352,0.0001
11201.2431640625,439.33,527508,7699333.0,54.800575256347656,4943,-75735.7225,106,1900,131851,-1.4255340099334717,0.0001
9786.47265625,449.53,528724,3545237.0,55.075927734375,4954,-73490.51416667001,106,1904,132155,-0.20314696431159973,0.0001
11894.60546875,445.48,531464,5294244.0,55.409812927246094,4981,-75409.26666667,106,1908,132840,-0.4991909861564636,0.0001
11570.990234375,443.67,532724,11772510.0,55.467041015625,4993,-74570.66666666999,106,1912,133155,0.27553027868270874,0.0001
12047.4375,439.1,534604,2250544.25,55.28395080566406,5011,-75487.68166666999,106,1916,133625,0.3410938084125519,0.0001
12260.939453125,426.91,536664,4623927.0,54.81327819824219,5031,-78031.23166666999,106,1920,134140,0.08191950619220734,0.0001
10811.865234375,446.11,539164,16543478.0,54.72738265991211,5055,-78149.53166667,106,1924,134765,0.6371062994003296,0.0001
13139.345703125,436.85,540908,4579160.0,54.41338348388672,5072,-79007.53166667,106,1928,135201,1.6148791313171387,0.0001
12537.615234375,435.55,541776,5568173.0,54.26047897338867,5080,-79728.23166666999,106,1932,135418,-0.1484958529472351,0.0001
11084.056640625,420.62,542392,2812072.75,54.3201904296875,5086,-80757.47166667,106,1936,135572,-1.7130353450775146,0.0001
11553.9921875,413.46,543460,5913376.0,54.714412689208984,5096,-80515.84111111,106,1940,135839,-0.6610116958618164,0.0001
11641.6083984375,421.16,545584,4752612.0,55.776798248291016,5116,-80555.26611111,106,1944,136370,0.08938553929328918,0.0001
9850.85546875,421.33,546796,3417220.25,56.14276885986328,5128,-81712.93277778,106,1948,136673,-0.6963415741920471,0.0001
13229.1708984375,427.12,548808,4098727.5,57.064395904541016,5147,-81516.87444443999,106,1952,137176,0.021986424922943115,0.0001
12348.498046875,444.54,551288,3779405.0,57.383758544921875,5170,-79956.79111111001,106,1956,137796,-0.45724597573280334,0.0001
11460.44921875,436.35,552776,2907592.0,57.98171615600586,5185,-81009.84111111,106,1960,138168,-1.6784331798553467,0.0001
11765.21875,439.51,554196,27453624.0,58.143157958984375,5199,-80738.02361111,106,1964,138523,-0.3626539707183838,0.0001
12594.4423828125,457.46,558196,7529336.5,57.484127044677734,5237,-78723.37361111,106,1968,139523,1.3901903629302979,0.0001
12640.037109375,457.67,559768,3354772.5,57.12293243408203,5251,-77613.67361111,106,1972,139916,0.30190950632095337,0.0001
12488.2998046875,469.51,563580,2827516.5,56.79681396484375,5287,-74988.30349205999,106,1976,140869,0.04179738461971283,0.0001
9975.505859375,489.93,565528,2764778.5,56.49722671508789,5305,-71670.14849206,106,1980,141356,-0.3222159743309021,0.0001
11355.5166015625,492.64,567660,5840104.0,56.20405197143555,5325,-72615.59571428,106,1984,141889,0.9421032667160034,0.0001
12843.349609375,468.45,569308,2951219.5,55.58372497558594,5342,-75648.30904762,106,1988,142301,0.8988848924636841,0.0001
13978.90625,467.91,572516,3905280.5,53.82988739013672,5373,-74955.80904762,106,1992,143103,1.6622363328933716,0.0001
13419.69140625,487.42,574792,21571672.0,52.31562805175781,5395,-75029.17154762,106,1996,143672,2.282040596008301,0.0001
14126.982421875,501.28,576572,12965882.0,51.18352508544922,5413,-74031.99654762,106,2000,144117,1.5207722187042236,0.0001
13274.65234375,490.46,577848,4367852.0,50.549442291259766,5425,-76144.14238095,106,2004,144436,2.320199728012085,0.0001
14341.5810546875,482.41,578900,4476684.5,50.042625427246094,5435,-75793.05988095001,106,2008,144699,0.48841747641563416,0.0001
13613.5703125,474.54,581840,3416354.75,49.956031799316406,5463,-77444.75071428,106,2012,145434,0.49171364307403564,0.0001
12718.357421875,493.9,583280,15479471.0,49.523433685302734,5477,-74447.31321427999,106,2016,145794,1.1096208095550537,0.0001
12638.5859375,482.42,584628,5601723.5,48.95951843261719,5490,-74232.41321428,106,2020,146131,1.7976243495941162,0.0001
12693.4365234375,472.54,587352,3592128.5,48.32600021362305,5516,-72877.98488095,106,2024,146812,-1.0949504375457764,0.0001
14258.3505859375,478.04,588448,3541803.25,48.463375091552734,5526,-72766.02654762,106,2028,147086,-0.49022066593170166,0.0001
12996.98828125,481.85,589784,2226329.25,48.22794723510742,5539,-71595.65245671,106,2032,147420,2.116482973098755,0.0001
12464.005859375,483.72,590620,3406064.0,47.75861358642578,5547,-71702.90245671,106,2036,147629,2.6150882244110107,0.0001
13459.1552734375,490.7,592252,2824046.75,46.63454818725586,5563,-71800.39551227,106,2040,148037,2.5793979167938232,0.0001
12261.6796875,512.37,595748,2426812.5,44.95717239379883,5597,-70611.77051227,106,2044,148911,2.1796257495880127,0.0001
14103.17578125,512.4,598536,3292467.5,43.95658493041992,5623,-69313.42995671001,106,2048,149608,2.662801742553711,0.0001
14681.46484375,521.43,601728,2047203.125,42.46271896362305,5653,-68551.42757576,106,2052,150406,3.2835326194763184,0.0001
13738.4990234375,524.61,603796,4066181.0,41.63694763183594,5673,-66937.27757576,106,2056,150923,1.3566558361053467,0.0001
15939.826171875,536.14,607796,2608942.5,40.2320442199707,5711,-65837.29007576,106,2060,151923,2.7508859634399414,0.0001
14577.265625,562.97,611392,3150318.5,38.65440368652344,5746,-62868.59507576,106,2064,152822,3.5371856689453125,0.0001
16139.537109375,559.0,613820,3164898.5,37.83127212524414,5770,-64017.59507576,106,2068,153429,2.1462697982788086,0.0001
15117.0234375,551.44,615044,2457851.5,37.400596618652344,5781,-65114.22007576,106,2072,153735,3.081724166870117,0.0001
15557.927734375,539.82,616336,3890563.25,36.914878845214844,5794,-66309.29852815,106,2076,154058,2.817124128341675,0.0001
16628.359375,519.85,618108,2143917.0,36.21034240722656,5811,-69408.11602815,106,2080,154501,2.375636100769043,0.0001
16515.2109375,510.48,619468,3702598.75,35.84330749511719,5824,-69549.36880593,106,2084,154841,0.9666005373001099,0.0001
15926.4814453125,510.23,620896,3439021.5,35.58365249633789,5838,-68790.50713926,106,2088,155198,1.1488304138183594,0.0001
16672.91796875,509.43,624012,7826263.0,34.93772506713867,5867,-69784.45713925999,106,2092,155977,1.3748990297317505,0.0001
15285.984375,514.66,625176,3017387.25,34.70622634887695,5878,-67293.80259381,106,2096,156268,1.6676571369171143,0.0001
15017.7861328125,498.58,626496,2783779.25,34.486515045166016,5891,-68292.90259381,106,2100,156598,1.8976390361785889,0.0001
15439.138671875,502.56,628924,3245441.5,34.28280258178711,5914,-68403.76509381,106,2104,157205,-1.207326889038086,0.0001
15602.560546875,510.17,630132,2866116.75,34.40404510498047,5926,-67730.63259381,106,2108,157507,0.455363005399704,0.0001
14996.8623046875,515.22,632348,3873122.25,34.91109848022461,5948,-67007.23926048,106,2112,158061,-1.2857089042663574,0.0001
14215.310546875,508.02,636276,2538903.0,35.15485382080078,5986,-69269.86676048,106,2116,159043,1.11417555809021,0.0001
13561.349609375,523.34,637280,2266146.5,34.830509185791016,5996,-67298.16676047999,106,2120,159294,2.3962249755859375,0.0001
17029.287109375,524.49,639276,2279913.75,33.966949462890625,6015,-67484.96176048,106,2124,159793,3.525465488433838,0.0001
15509.4111328125,522.03,640620,1764931.0,33.422760009765625,6028,-67968.83259381,106,2128,160129,2.8528833389282227,0.0001
14154.1611328125,520.24,641780,2629399.0,32.979610443115234,6040,-69358.33168471999,106,2132,160419,2.4649887084960938,0.0001
15178.185546875,535.76,645116,2445744.0,31.746721267700195,6072,-67397.85668472,106,2136,161253,3.2312729358673096,0.0001
17586.5390625,540.79,646388,8488586.0,31.312278747558594,6085,-67630.21918472,106,2140,161571,3.0619306564331055,0.0001
14393.26171875,542.97,649624,1672119.375,30.679149627685547,6116,-66674.95668471999,106,2144,162380,1.6359258890151978,0.0001
16095.9228515625,553.11,653428,10513120.0,30.31475257873535,6153,-66085.44307360999,106,2148,163331,-1.0258183479309082,0.0001
16912.806640625,546.43,655684,2001537.875,30.25632095336914,6175,-67221.53712123,106,2152,163895,2.186553955078125,0.0001
17196.4140625,533.76,657324,29281696.0,29.832256317138672,6191,-69372.28295456,106,2156,164305,2.303014039993286,0.0001
17824.00390625,519.14,658668,2960902.0,29.46939468383789,6205,-70632.69545456,106,2160,164641,1.1406203508377075,0.0001
14869.1298828125,494.23,660384,3984247.0,29.162031173706055,6221,-73691.65934345,106,2164,165070,1.3211854696273804,0.0001
18112.11328125,490.63,662880,2445537.5,29.238088607788086,6244,-73235.38962122999,106,2168,165694,-0.6197718977928162,0.0001
17613.02734375,507.44,666352,2670231.0,29.265958786010742,6278,-71778.71069266001,106,2172,166562,0.6856505870819092,0.0001
18759.107421875,517.04,667840,3206813.5,29.24167251586914,6292,-71193.12735932,106,2176,166934,0.188314750790596,0.0001
16462.3046875,519.0,669724,4097261.25,29.32632064819336,6311,-71337.66485932,106,2180,167405,-0.8048745393753052,0.0001
15924.57421875,524.54,671748,3170000.5,29.49884796142578,6330,-71252.73985932,106,2184,167911,-0.26520875096321106,0.0001
17301.126953125,526.24,673672,3208951.25,29.655710220336914,6348,-72209.41485932,106,2188,168392,-0.0653916597366333,0.0001
16417.3203125,523.16,675872,3419251.0,29.843368530273438,6369,-71146.67735932,106,2192,168942,0.2667812705039978,0.0001
17399.19140625,522.6,677712,2753093.75,29.84990119934082,6386,-71265.89440477,106,2196,169402,-1.0040249824523926,0.0001
15956.94921875,529.83,679872,3228953.5,29.301158905029297,6407,-70273.33190477,106,2200,169942,0.6753405332565308,0.0001
17702.669921875,534.31,681672,2418440.25,29.122255325317383,6424,-68836.70579366002,106,2204,170392,1.0376741886138916,0.0001
18161.87109375,527.2,683516,3134761.75,28.76425552368164,6441,-69926.34329366,106,2208,170853,1.1520668268203735,0.0001
17818.80859375,545.25,687056,3563994.5,29.335796356201172,6474,-68662.9402381,106,2212,171738,-1.968468189239502,0.0001
16796.314453125,547.74,689968,3222811.0,30.048643112182617,6503,-68470.9627381,106,2216,172466,0.635126531124115,0.0001
19301.759765625,541.25,691116,3953333.75,29.919898986816406,6514,-69215.56154762,106,2220,172753,1.6262874603271484,0.0001
18080.93359375,546.04,692860,3198263.0,29.65751838684082,6531,-69117.38654762,106,2224,173189,1.3112232685089111,0.0001
19728.04296875,548.4,696560,3539871.0,28.715728759765625,6566,-68849.14904762,106,2228,174114,1.456979513168335,0.0001
20782.76953125,556.56,697548,3166646.5,28.336196899414062,6575,-66748.08238096001,106,2232,174361,2.526700496673584,0.0001
20115.8515625,542.55,698188,5279648.5,28.130407333374023,6581,-68714.15738096001,106,2236,174521,1.5133650302886963,0.0001
18754.583984375,539.13,700560,4387259.0,27.68876838684082,6603,-68479.10876984999,106,2240,175114,2.0429935455322266,0.0001
19627.30859375,533.17,703512,3263005.5,27.086200714111328,6633,-69805.94626985,106,2244,175852,1.4646486043930054,0.0001
20045.015625,514.34,705388,23354380.0,26.53526496887207,6650,-71437.85043652,106,2248,176321,1.747925877571106,0.0001
19950.7890625,527.81,708064,3761374.0,26.195999145507812,6676,-69406.52543652,106,2252,176990,0.701029896736145,0.0001
21058.1484375,522.5,709024,2895354.0,26.08293342590332,6685,-70096.52126985,106,2256,177230,1.8442966938018799,0.0001
18622.97265625,515.08,710856,8052831.0,25.626014709472656,6702,-70921.32126985,106,2260,177688,1.8842791318893433,0.0001
21398.91796875,516.79,712356,4798839.0,25.343896865844727,6716,-69807.87821429,106,2264,178063,0.9178916215896606,0.0001
21068.166015625,507.14,713668,4259761.0,25.18222999572754,6729,-71066.78126984,106,2268,178391,1.1651877164840698,0.0001
17840.5625,499.08,714856,4967904.5,25.179954528808594,6740,-72653.36019841001,106,2272,178688,0.6217036843299866,0.0001
18527.68359375,484.1,716688,3766408.5,25.34433364868164,6758,-74662.13519841,106,2276,179146,-2.60432505607605,0.0001
18554.6953125,484.68,718316,26009896.0,25.754541397094727,6774,-74655.53519841,106,2280,179553,-0.9777964353561401,0.0001
19660.052734375,483.31,719452,25308640.0,25.810565948486328,6785,-74355.76908730001,106,2284,179837,0.5814868211746216,0.0001
19365.189453125,473.93,720408,4032675.5,25.773637771606445,6794,-74504.8190873,106,2288,180076,1.2841249704360962,0.0001
22415.07421875,464.85,721504,3550629.0,25.61196517944336,6805,-75581.2065873,106,2292,180350,1.0361796617507935,0.0001
19971.654296875,449.62,723640,5969703.0,25.65388298034668,6826,-77645.2540873,106,2296,180884,-1.2817082405090332,0.0001
22905.75390625,458.75,726544,13309278.0,26.14667320251465,6855,-76836.07908730001,105,2300,181610,-0.9373248815536499,0.0001
20965.025390625,456.91,727716,3349278.0,26.105510711669922,6867,-77460.10519841,105,2304,181903,0.11383041739463806,0.0001
22235.0625,468.8,729936,5151466.5,26.16697120666504,6888,-76462.88853174,105,2308,182458,-0.5323389172554016,0.0001
22992.32421875,468.69,733636,4124698.25,25.838790893554688,6924,-76913.5065873,105,2312,183383,2.298332452774048,0.0001
21194.580078125,471.2,737416,3539932.5,24.84834098815918,6959,-74914.8590873,105,2316,184328,2.8006153106689453,0.0001
20830.3359375,473.99,738832,3358400.75,24.202043533325195,6973,-75135.56027778,105,2320,184682,4.17533016204834,0.0001
21778.142578125,467.11,739728,4246360.0,23.808013916015625,6982,-75339.00861111,105,2324,184906,3.2416141033172607,0.0001
21573.125,453.92,740612,3370818.75,23.530975341796875,6990,-76298.42111111,105,2328,185127,2.4877312183380127,0.0001
22490.98828125,462.65,743656,3138848.0,22.856063842773438,7020,-78556.36277777,105,2332,185888,3.018918991088867,0.0001
21983.947265625,464.25,744604,3390322.25,22.648778915405273,7030,-78383.15027777001,105,2336,186125,2.1058688163757324,0.0001
21886.302734375,451.62,744960,8725556.0,22.586233139038086,7033,-79314.47388887999,105,2340,186214,1.7520256042480469,0.0001
25249.71875,426.72,745468,4376763.0,22.488759994506836,7038,-79995.21138888,105,2344,186341,4.054721832275391,0.0001
21801.796875,419.34,747268,5911705.0,22.047452926635742,7055,-80949.80305554,105,2348,186791,2.472419261932373,0.0001
25180.236328125,405.85,749092,3509388.25,21.596412658691406,7072,-82824.89472221001,105,2352,187247,4.061648368835449,0.0001
26843.2890625,408.98,749936,8692980.0,21.427799224853516,7080,-81611.59710317,105,2356,187458,2.1743903160095215,0.0001
21199.42578125,411.1,751200,3758732.5,21.26275062561035,7092,-81491.02210316999,105,2360,187774,1.6733999252319336,0.0001
22458.783203125,414.84,754092,11295895.0,20.951770782470703,7121,-81875.65126983999,105,2364,188497,1.6481915712356567,0.0001
23831.126953125,426.0,755740,3245708.5,20.87808609008789,7137,-81133.46793651,105,2368,188909,-0.053932398557662964,0.0001
23387.63671875,433.86,759120,3081735.5,20.777528762817383,7171,-80152.18043651,105,2372,189754,0.8109441995620728,0.0001
25863.75390625,449.26,761484,2302023.0,20.31997299194336,7194,-79406.23043651,105,2376,190345,2.7389445304870605,0.0001
24341.0703125,451.41,764040,2871156.75,19.58617401123047,7220,-79304.19293651,105,2380,190984,4.748188495635986,0.0001
23607.04296875,454.33,765296,3154795.0,19.215272903442383,7231,-79779.09654761999,105,2384,191298,5.339798927307129,0.0001
24208.33203125,459.79,766732,5932309.5,18.81725311279297,7245,-79532.09654761999,105,2388,191657,4.606318473815918,0.0001
26920.060546875,484.9,770348,5417128.0,17.965700149536133,7279,-76982.19353175,105,2392,192561,3.823127269744873,0.0001
26283.69140625,500.27,773636,2706949.0,17.55088233947754,7310,-76197.11853174999,105,2396,193383,3.9810519218444824,0.0001
26112.47265625,499.28,776284,3855749.5,17.115327835083008,7336,-77133.23103175,105,2400,194045,3.7561545372009277,0.0001
25000.1015625,506.24,778180,1610151.75,16.873876571655273,7355,-77016.76853175,105,2404,194519,3.470221519470215,0.0001
26271.55859375,515.22,781156,4272664.0,16.4469051361084,7384,-76867.65186509,105,2408,195263,4.111132621765137,0.0001
27809.578125,496.39,783004,5844266.5,16.164005279541016,7402,-78764.56436509,105,2412,195725,4.234790802001953,0.0001
27147.60546875,483.31,785080,1155249.75,15.846267700195312,7422,-81767.00769842,105,2416,196244,3.9261326789855957,0.0001
25928.859375,478.56,785740,8775508.0,15.737007141113281,7428,-81587.87341271,105,2420,196409,4.4584174156188965,0.0001
25307.16015625,478.46,787756,2103372.0,15.384815216064453,7449,-82628.84591271,105,2424,196913,4.4413042068481445,0.0001
26497.482421875,488.08,790416,2593246.25,14.956230163574219,7475,-82828.59591271,105,2428,197578,5.7804999351501465,0.0001
27462.068359375,496.74,794416,1694203.0,14.416637420654297,7513,-79533.40769842,105,2432,198578,6.386835098266602,0.0001
26113.005859375,519.39,797164,1308224.375,13.981731414794922,7540,-77368.59519842,105,2436,199265,6.430712699890137,0.0001
25999.09375,537.85,800056,1075146.25,13.578168869018555,7568,-76417.69519842,105,2440,199988,5.389725685119629,0.0001
27920.724609375,562.61,801996,5155576.0,13.341909408569336,7587,-75533.20769842,105,2444,200473,5.363710403442383,0.0001
28284.533203125,590.26,805996,6747567.0,12.889913558959961,7626,-72970.15936509,105,2448,201473,6.151251316070557,0.0001
26292.87890625,611.46,809692,1385090.875,12.445822715759277,7661,-71233.24269842,105,2452,202397,5.934262275695801,0.0001
26630.130859375,629.67,813628,624131.875,11.993032455444336,7698,-69277.30198413,105,2456,203381,5.2195725440979,0.0001
26470.14453125,631.21,814308,545929.625,11.92184066772461,7705,-68401.16448413,105,2460,203551,5.2200398445129395,0.0001
27685.3984375,644.6,818288,534604.625,11.51575756072998,7744,-66293.2311508,105,2464,204546,6.177366256713867,0.0001
26181.26171875,641.89,820880,1769060.5,11.259953498840332,7769,-65396.33115080001,105,2468,205194,5.360575199127197,0.0001
27734.8515625,649.11,823728,687477.875,10.977422714233398,7797,-63440.11865080001,105,2472,205906,5.370635986328125,0.0001
27317.48046875,639.2,825568,4356607.0,10.813542366027832,7814,-63024.99365080001,105,2476,206366,5.687329292297363,0.0001
29007.97265625,650.69,828156,599554.25,10.581816673278809,7838,-60956.222817470014,105,2480,207013,4.231263160705566,0.0001
27067.78125,649.25,830520,435974.625,10.377034187316895,7861,-60433.17698414001,105,2484,207604,5.704921722412109,0.0001
26781.056640625,676.87,834520,633383.75,10.02838134765625,7899,-56693.52698414,105,2488,208604,5.68243408203125,0.0001
27156.13671875,675.65,838244,580128.125,9.668620109558105,7934,-55930.250000010004,105,2492,209535,6.618790626525879,0.0001
28611.505859375,668.87,840348,526705.875,9.467137336730957,7954,-56627.43111111999,105,2496,210061,6.121374130249023,0.0001
26454.53125,667.57,842584,373498.3125,9.309826850891113,7975,-57346.288611120006,105,2500,210620,4.356608867645264,0.0001
26561.419921875,656.03,844188,583050.25,9.218602180480957,7991,-57057.011111119995,105,2504,211021,4.241517543792725,0.0001
27227.0234375,654.99,847044,661101.25,9.058796882629395,8019,-55470.74444444999,105,2508,211735,3.5226495265960693,0.0001
27669.77734375,658.77,849508,1108732.5,8.916994094848633,8043,-55091.79611110999,105,2512,212351,3.847834825515747,0.0001
27485.63671875,659.3,851432,819273.5,8.792901039123535,8062,-54227.13777777999,105,2516,212832,3.68713641166687,0.0001
27305.00390625,678.01,855096,739116.5,8.6240234375,8096,-52349.02206349,105,2520,213748,3.0151004791259766,0.0001
27055.05078125,701.48,858948,784694.5625,8.447247505187988,8132,-49328.95956349,105,2524,214711,2.904902696609497,0.0001
26347.7734375,715.02,861816,560762.75,8.2811918258667,8160,-46032.57373016001,105,2528,215428,3.0269246101379395,0.0001
26681.29296875,690.46,862948,485192.40625,8.214444160461426,8171,-48520.11194445,105,2532,215711,3.5040268898010254,0.0001
27989.703125,680.93,866672,2047767.875,7.994347095489502,8207,-48908.31194445,105,2536,216642,2.119844436645508,0.0001
26935.533203125,683.95,867280,551533.375,7.9671831130981445,8213,-48010.68277778,105,2540,216794,2.141178607940674,0.0001
27723.8359375,686.14,871168,556294.75,7.872973442077637,8250,-46863.92444445,105,2544,217766,1.0479552745819092,0.0001
26713.7890625,684.51,875168,424951.75,7.692439556121826,8290,-47120.83944445,105,2548,218766,1.9025156497955322,0.0001
27792.49609375,689.08,879168,730041.5,7.4296064376831055,8330,-45449.014444450004,105,2552,219766,2.6323680877685547,0.0001
27682.96875,691.59,883080,904357.875,7.118009090423584,8366,-46663.18444445,105,2556,220744,4.716900825500488,0.0001
29464.48046875,709.27,886780,2830800.25,6.791516304016113,8403,-45764.35944445,105,2560,221669,5.924215316772461,0.0001
27397.1640625,702.89,888412,1514518.0,6.666511058807373,8419,-46531.883686869995,105,2564,222077,4.730143070220947,0.0001
28184.33203125,700.64,889804,590426.1875,6.586379051208496,8432,-47263.97118687,105,2568,222425,4.77549409866333,0.0001
27872.01171875,675.43,891008,577354.9375,6.516191005706787,8444,-50047.933686870005,105,2572,222726,3.7271792888641357,0.0001
29558.1953125,696.74,895008,2738462.0,6.409796714782715,8483,-48394.84618687,105,2576,223726,0.12914986908435822,0.0001
26255.08203125,707.5,898020,634056.5625,6.469555854797363,8513,-47575.61285353,105,2580,224479,-0.3458680212497711,0.0001
27800.87890625,723.32,902020,418612.0625,6.44265079498291,8550,-44738.74618686,105,2584,225479,0.6694250106811523,0.0001
27824.423828125,719.51,906020,892549.0,6.351153373718262,8589,-45856.671186859996,105,2588,226479,1.3574506044387817,0.0001
27232.359375,704.83,908028,399867.0625,6.319316387176514,8608,-49024.62618686,105,2592,226981,1.2460130453109741,0.0001
27041.392578125,697.51,910764,443719.25,6.272032737731934,8635,-48482.72257575,105,2596,227665,-0.2614656388759613,0.0001
28225.04296875,698.86,912516,1393217.25,6.247937202453613,8652,-47622.52757575,105,2600,228103,-0.14638042449951172,0.0001
27766.96484375,711.08,915616,457989.90625,6.231799125671387,8683,-46969.66757575,105,2604,228878,0.1558065414428711,0.0001
27171.5546875,720.61,919616,439289.34375,6.2974748611450195,8722,-45934.25507575,105,2608,229878,-1.036995530128479,0.0001
27077.10546875,734.96,923164,543901.625,6.48289680480957,8757,-44607.16590909001,105,2612,230765,-1.8734633922576904,0.0001
26644.4921875,750.45,926364,830791.25,6.6439595222473145,8788,-43695.21590909,105,2616,231565,0.20501410961151123,0.0001
27684.771484375,757.86,930364,610842.5625,6.601802825927734,8826,-42532.77840909,105,2620,232565,0.12509797513484955,0.0001
27506.8203125,745.14,932792,563435.625,6.529040813446045,8850,-43729.97840909001,105,2624,233172,1.0588855743408203,0.0001
27794.962890625,750.98,936648,665779.5,6.389444351196289,8887,-44045.16424242,105,2628,234136,1.331620693206787,0.0001
26976.59765625,760.77,939900,641183.0625,6.234793186187744,8917,-43649.59757576001,105,2632,234949,2.1529932022094727,0.0001
27685.95703125,765.96,941040,544450.0625,6.137411594390869,8928,-43050.396464649995,105,2636,235234,2.707184314727783,0.0001
26367.4140625,756.43,943900,599360.25,5.9223761558532715,8956,-44023.292297989996,105,2640,235949,3.1851048469543457,0.0001
28375.484375,749.18,946416,672471.9375,5.745062828063965,8981,-44146.20063132,105,2644,236578,2.529069662094116,0.0001
28706.765625,746.99,949292,1141179.625,5.634142875671387,9010,-45232.67563132,105,2648,237297,0.3692544102668762,0.0001
34218.875,722.67,950268,49371172.0,5.658108234405518,9019,-48531.292297989996,105,2652,237541,-4.574166297912598,0.0001
21614.314453125,696.84,951552,4333119.0,5.890486240386963,9031,-50375.14396466001,105,2656,237862,-14.837471961975098,0.0001
29059.150390625,677.45,954268,1418584.0,6.200100898742676,9057,-50931.16479798999,105,2660,238541,-11.43897819519043,0.0001
28151.765625,680.87,956632,928523.375,6.357555866241455,9079,-51165.6988889,105,2664,239132,-7.347065448760986,0.0001
27863.67578125,699.84,960632,559159.375,6.525400161743164,9116,-47786.16366161999,105,2668,240132,-4.000040531158447,0.0001
28126.76953125,731.45,964632,826468.375,6.626406669616699,9155,-44252.27616162,105,2672,241132,-1.8877711296081543,0.0001
28479.98828125,724.42,968092,344203.78125,6.652125835418701,9188,-44147.61366162,105,2676,241997,0.4206256866455078,0.0001
27618.51171875,719.4,971552,620739.125,6.665153980255127,9223,-44174.74282829,105,2680,242862,-0.13057833909988403,0.0001
28325.41015625,705.99,972904,722059.6875,6.67014741897583,9236,-46563.71782829,105,2684,243200,-1.480285406112671,0.0001
26482.93359375,692.22,976412,11810935.0,6.682934761047363,9269,-47935.50116161999,105,2688,244077,-0.5073323845863342,0.0001
27802.431640625,694.79,978552,420157.78125,6.679780006408691,9289,-45832.68866162,105,2692,244612,-0.06836149096488953,0.0001
28071.8984375,692.14,979456,510928.65625,6.68304967880249,9297,-45695.40116162,105,2696,244838,-0.33261948823928833,0.0001
27221.78125,694.15,982552,1745948.125,6.6790008544921875,9326,-44429.74282829001,105,2700,245612,0.2521553635597229,0.0001
27954.982421875,697.66,984412,6180324.0,6.672477722167969,9343,-43048.462828289994,105,2704,246077,1.1041029691696167,0.0001
27078.69921875,690.03,988240,797497.0,6.635818958282471,9379,-44439.28699496,105,2708,247034,2.8752269744873047,0.0001
26360.23046875,667.29,989900,484481.625,6.53335428237915,9394,-45852.07449496,105,2712,247449,3.9896883964538574,0.0001
27041.13671875,650.26,990608,579751.0625,6.477397918701172,9401,-46690.72449496,105,2716,247626,3.66146183013916,0.0001
26549.7109375,617.16,992568,2854302.0,6.3621296882629395,9419,-50808.41199496,105,2720,248116,1.354166030883789,0.0001
27028.154296875,613.26,995004,472552.90625,6.374585151672363,9443,-50477.870328289995,105,2724,248725,-0.9155442714691162,0.0001
27613.984375,598.91,996712,967607.875,6.460358142852783,9459,-51151.64532829,105,2728,249152,-2.1405484676361084,0.0001
26302.62890625,601.7,999016,583584.9375,6.591108322143555,9481,-50324.578661620006,105,2732,249728,-1.9352400302886963,0.0001
26918.02734375,607.81,1003004,954058.625,6.7769670486450195,9519,-49645.779772730006,105,2736,250725,-2.2025997638702393,0.0001
26809.99609375,623.11,1007004,795137.75,6.9628496170043945,9556,-47499.38810606,105,2740,251725,-1.506930947303772,0.0001
29080.5234375,633.54,1011004,1763350.375,7.0758185386657715,9595,-46283.64310606,105,2744,252725,-1.397993564605713,0.0001
27762.015625,631.68,1012132,1668161.625,7.114329814910889,9606,-44926.90810606,105,2748,253007,-1.5705597400665283,0.0001
27112.25390625,650.7,1016132,590685.9375,7.322373390197754,9644,-42124.64143939,105,2752,254007,-3.072732448577881,0.0001
28725.44921875,666.37,1019796,788777.9375,7.473843097686768,9678,-40055.42477272,105,2756,254923,0.16194003820419312,0.0001
27476.763671875,690.41,1022524,873512.375,7.53293514251709,9704,-38022.16689394,105,2760,255605,-0.9307473301887512,0.0001
29497.9453125,691.29,1025736,3727503.0,7.573588848114014,9734,-37839.39189394,105,2764,256408,0.15680436789989471,0.0001
27163.34375,668.73,1026776,516218.90625,7.602518558502197,9745,-42321.16462122,105,2768,256668,-0.620539665222168,0.0001
28241.373046875,651.97,1029772,6757367.0,7.661631107330322,9773,-45141.91462122,105,2772,257417,-0.5793834924697876,0.0001
28431.068359375,658.09,1033772,680940.875,7.663499355316162,9811,-44872.51462122,105,2776,258417,-0.27013978362083435,0.0001
27225.388671875,665.94,1037772,512651.9375,7.654092311859131,9849,-43806.37712122,105,2780,259417,-0.15248878300189972,0.0001
26585.91796875,679.35,1041772,814029.625,7.69141960144043,9889,-42038.92712122,105,2784,260417,0.22330647706985474,0.0001
29585.41015625,672.46,1043208,674907.8125,7.694416522979736,9903,-43400.69378789,105,2788,260776,-1.5033525228500366,0.0001
26834.419921875,684.42,1046820,583336.0,7.732135772705078,9937,-43468.88128789,105,2792,261679,-1.1240886449813843,0.0001
28782.119140625,712.42,1050820,425262.8125,7.649652004241943,9975,-40446.268787889996,105,2796,262679,1.2410976886749268,0.0001
27401.486328125,722.09,1053768,588645.875,7.376467227935791,10003,-39509.70962122,105,2800,263416,1.5288338661193848,0.0001
28796.0703125,730.52,1057768,1082778.875,7.193492889404297,10041,-38671.68962122,105,2804,264416,-0.2832871675491333,0.0001
28805.431640625,730.35,1061588,4942106.0,7.279346942901611,10078,-39004.57795455,105,2808,265371,-2.838881492614746,0.0001
27726.1640625,742.17,1063688,1149905.5,7.633671760559082,10098,-38157.46545455,105,2812,265896,-4.6069111824035645,0.0001
31691.2890625,748.14,1065588,1581112.25,7.851959705352783,10116,-37184.56545455,105,2816,266371,-3.9564671516418457,0.0001
29059.5625,780.46,1069588,443626.5,8.00167465209961,10154,-34136.87378788,105,2820,267371,0.457570880651474,0.0001
27522.84375,798.29,1073588,253201.1875,7.876906871795654,10193,-32500.42795455,105,2824,268371,2.150446891784668,0.0001
27940.412109375,807.96,1077588,195198.25,7.56632661819458,10232,-31799.19045455,105,2828,269371,3.635192394256592,0.0001
27032.03515625,820.83,1081588,504604.65625,7.205423355102539,10270,-29701.07378788,105,2832,270371,4.465618133544922,0.0001
27273.0703125,814.6,1084836,305291.21875,6.968199253082275,10301,-30759.47378788,105,2836,271183,2.325164318084717,0.0001
27358.1640625,811.59,1086548,196204.96875,6.845163822174072,10318,-30815.64878788,105,2840,271611,4.315840721130371,0.0001
26709.6015625,810.74,1090548,207782.75,6.550173759460449,10356,-31107.693787879998,105,2844,272611,4.255958557128906,0.0001
26634.47265625,819.19,1094548,336603.59375,6.251763343811035,10395,-30055.49545455,105,2848,273611,5.310901641845703,0.0001
26699.787109375,805.73,1098084,187034.59375,6.002722263336182,10430,-31374.395454550002,105,2852,274495,5.233060836791992,0.0001
27512.5703125,809.39,1099216,209081.90625,5.936184883117676,10441,-30821.082954550002,105,2856,274778,4.595879554748535,0.0001
26164.951171875,812.57,1103216,174878.3125,5.741621971130371,10479,-30198.1325,105,2860,275778,4.257808208465576,0.0001
25923.46484375,821.73,1107216,130459.0625,5.541906833648682,10518,-28613.1575,105,2864,276778,4.119740009307861,0.0001
25723.173828125,838.28,1111216,211916.78125,5.350865364074707,10555,-26290.11583333,105,2868,277778,4.353041172027588,0.0001
25042.056640625,855.04,1115216,114027.890625,5.1658616065979,10595,-23025.06583333,105,2872,278778,4.3773193359375,0.0001
25091.8671875,842.2,1117888,114375.640625,5.037127494812012,10621,-24224.19083333,105,2876,279446,4.884715557098389,0.0001
23749.375,837.29,1120900,3190990.5,4.892462730407715,10649,-25108.21583333,105,2880,280199,5.086233615875244,0.0001
23653.6875,837.25,1124900,120620.0625,4.723816871643066,10687,-25514.69202381,105,2884,281199,4.712128639221191,0.0001
22555.60546875,861.72,1128900,1131416.0,4.567335605621338,10726,-21668.01702381,105,2888,282199,3.942317485809326,0.0001
22195.83203125,868.64,1132900,158911.640625,4.427482604980469,10765,-19943.542023809998,105,2892,283199,3.70108962059021,0.0001
22253.6953125,868.59,1136900,569528.3125,4.294393062591553,10803,-21122.26702381,105,2896,284199,3.487701892852783,0.0001
21375.89453125,873.87,1140900,99244.390625,4.19378137588501,10840,-20103.659523809998,105,2900,285199,2.673516035079956,0.0001
20877.529296875,873.87,1144900,244315.1875,4.060842990875244,10880,-20443.75952381,105,2904,286199,3.252434730529785,0.0001
21187.802734375,881.67,1148900,100315.421875,3.924772024154663,10917,-18360.70952381,105,2908,287199,3.59116792678833,0.0001
21527.09765625,895.97,1152900,323478.125,3.794299364089966,10954,-16214.64285714,105,2912,288199,3.7394237518310547,0.0001
21934.1015625,894.78,1155580,812162.0625,3.7428719997406006,10979,-17757.80452381,105,2916,288869,1.0055065155029297,0.0001
20501.29296875,881.68,1158860,491981.8125,3.6991124153137207,11009,-17221.76642858,105,2920,289689,0.4803086817264557,0.0001
21706.078125,881.68,1162860,168683.09375,3.6632070541381836,11047,-16951.00392858,105,2924,290689,1.2889738082885742,0.0001
21599.052734375,879.67,1165532,299170.03125,3.61476731300354,11072,-16702.578928580002,105,2928,291357,1.6431077718734741,0.0001
20392.1484375,872.94,1169280,253388.53125,3.541698694229126,11107,-17585.278928580003,105,2932,292294,1.6347137689590454,0.0001
20293.974609375,873.39,1171432,215384.1875,3.482666492462158,11128,-17734.50392858,105,2936,292832,1.8759844303131104,0.0001
21087.19140625,842.02,1171924,313262.375,3.4702253341674805,11133,-20543.85392858,105,2940,292955,1.5311344861984253,0.0001
20754.25390625,834.11,1174512,228504.6875,3.4045608043670654,11157,-22044.79559524,105,2944,293602,1.146504282951355,0.0001
19863.447265625,825.71,1177116,245583.65625,3.3860771656036377,11181,-22992.778928570002,105,2948,294253,0.026202242821455002,0.0001
19217.28125,844.4,1181116,171509.625,3.357328414916992,11219,-21540.837261900004,105,2952,295253,0.8640374541282654,0.0001
20065.13671875,827.19,1182984,251644.78125,3.3218135833740234,11236,-22956.633095229998,105,2956,295720,0.5749932527542114,0.0001
19401.35546875,813.35,1184548,348620.5625,3.2931969165802,11251,-24994.53309523,105,2960,296111,1.166061282157898,0.0001
19527.46484375,813.35,1188548,273804.625,3.232724666595459,11289,-24784.58309523,105,2964,297111,-0.2725226581096649,0.0001
19364.140625,803.75,1192476,637572.625,3.292069911956787,11326,-24926.849761899997,105,2968,298093,-1.0843617916107178,0.0001
19078.326171875,799.36,1196044,430020.75,3.4040517807006836,11359,-25829.491428569996,105,2972,298985,-1.0092891454696655,0.0001
18592.1484375,808.41,1200044,249478.1875,3.4748611450195312,11397,-24608.241428570003,105,2976,299985,0.6479576826095581,0.0001
18555.099609375,803.95,1200956,265695.46875,3.473541021347046,11406,-25432.258095240002,105,2980,300213,0.11794611811637878,0.0001
18484.15625,798.68,1204956,318788.21875,3.484234571456909,11443,-25185.427289379997,105,2984,301213,-0.015756070613861084,0.0001
18924.4140625,791.19,1208728,429250.5625,3.5094223022460938,11478,-25912.102289379996,105,2988,302156,-0.028722107410430908,0.0001
19278.1875,785.47,1212548,216358.625,3.4986891746520996,11514,-26310.868956039998,105,2992,303111,-0.10353898257017136,0.0001
18145.056640625,785.52,1216548,350180.84375,3.517244577407837,11551,-24921.05228937,105,2996,304111,0.41371336579322815,0.0001
18135.068359375,784.5,1220504,171308.5625,3.5365066528320312,11588,-24711.43800366,105,3000,305100,-0.4515388309955597,0.0001
18237.0390625,784.5,1224504,107636.09375,3.4661569595336914,11625,-24079.718003659997,105,3004,306100,0.7202703952789307,0.0001
16912.5234375,784.5,1228504,700314.4375,3.3374879360198975,11663,-23940.084670329998,105,3008,307100,1.1388330459594727,0.0001
17247.26953125,779.44,1232052,330095.21875,3.2326979637145996,11696,-24046.626337,105,3012,307987,0.31333231925964355,0.0001
17803.203125,777.65,1232792,38596656.0,3.2267067432403564,11703,-24621.06467033,105,3016,308172,-1.0744441747665405,0.0001
18106.513671875,753.57,1233220,3322376.0,3.2375078201293945,11708,-28163.594432230002,105,3020,308279,-0.8476362228393555,0.0001
18295.359375,714.91,1233512,1234523.375,3.251810312271118,11710,-32399.844432230002,105,3024,308352,-0.8173251152038574,0.0001
19022.08203125,685.23,1233776,2869404.0,3.265338182449341,11713,-35694.31943223,105,3028,308418,-1.5915676355361938,0.0001
19330.146484375,652.88,1233944,10233415.0,3.277578115463257,11715,-38995.96943223,105,3032,308460,-2.631413698196411,0.0001
19646.00390625,625.84,1234104,3270368.75,3.293415069580078,11716,-41070.71943223,105,3036,308500,-3.4245686531066895,0.0001
18427.404296875,625.49,1234280,1536340.5,3.3102986812591553,11718,-41468.86943223,105,3040,308544,-3.7031335830688477,0.0001
19380.08984375,600.98,1234468,5970484.5,3.3291661739349365,11719,-42973.552765570006,105,3044,308591,-4.999144554138184,0.0001
19115.84765625,571.17,1234888,804359.625,3.378023386001587,11723,-46016.45276557,105,3048,308696,-7.907473087310791,0.0001
19338.884765625,542.39,1235032,1513197.125,3.3949079513549805,11725,-48222.91109891,105,3052,308732,-7.476046085357666,0.0001
19711.0390625,537.65,1235300,3289051.5,3.4226441383361816,11727,-47405.601337010004,105,3056,308799,-8.236367225646973,0.0001
20795.0546875,513.43,1235420,2596362.5,3.4343419075012207,11729,-49376.376337010006,105,3060,308829,-8.780391693115234,0.0001
20703.912109375,474.59,1235536,5484078.0,3.4457826614379883,11730,-53100.351337010004,105,3064,308858,-7.772557735443115,0.0001
19676.015625,451.42,1235664,796598.625,3.4578495025634766,11731,-54926.851337010004,105,3068,308890,-8.137685775756836,0.0001
18912.810546875,417.14,1235808,1247577.0,3.470306158065796,11733,-57844.70967034,105,3072,308926,-7.692083358764648,0.0001
18177.14453125,383.74,1235988,1179184.375,3.4852235317230225,11734,-60758.58467034,105,3076,308971,-8.651966094970703,0.0001
19058.5390625,354.82,1236108,1208711.375,3.4950976371765137,11735,-62777.31800366999,105,3080,309001,-9.296799659729004,0.0001
18002.59765625,321.11,1236200,1122692.0,3.5021440982818604,11736,-66140.34761905,105,3084,309024,-9.498056411743164,0.0001
19114.38671875,289.54,1236292,1858906.5,3.5103001594543457,11737,-69237.12261905,105,3088,309047,-9.576532363891602,0.0001
19134.27734375,256.23,1236396,1180445.375,3.519463300704956,11738,-72761.43095239,105,3092,309073,-9.857460975646973,0.0001
18875.2109375,217.31,1236500,965760.0,3.527379035949707,11739,-77169.94761906,105,3096,309099,-8.787033081054688,0.0001
18782.8828125,179.41,1236620,4498221.0,3.536738157272339,11741,-81756.91190477001,105,3100,309129,-9.43649673461914,0.0001
19209.16015625,141.16,1236972,789740.375,3.5627074241638184,11744,-86138.80690476998,105,3104,309217,-8.33816909790039,0.0001
20418.73046875,103.49,1237268,910428.75,3.5808210372924805,11747,-90430.4902381,105,3108,309291,-7.245533466339111,0.0001
18297.45703125,71.69,1237540,976947.125,3.5963592529296875,11749,-93575.9402381,105,3112,309359,-7.914978981018066,0.0001
16615.203125,52.69,1237680,938890.875,3.604152202606201,11751,-93651.1902381,105,3116,309394,-7.204451560974121,0.0001
18060.787109375,54.26,1237812,914639.8125,3.611163377761841,11752,-93748.96523809999,105,3120,309427,-7.465451240539551,0.0001
17665.287109375,54.17,1237936,904356.4375,3.6173174381256104,11753,-93748.0652381,105,3124,309458,-7.056525230407715,0.0001
18841.08203125,56.27,1238484,1050832.5,3.643796443939209,11759,-93350.24857143,105,3128,309595,-6.734718322753906,0.0001
16993.98828125,57.82,1238800,1486290.25,3.657526969909668,11762,-93057.29857143,105,3132,309674,-6.117245674133301,0.0001
18281.103515625,61.16,1239032,3038980.0,3.6669652462005615,11764,-92773.39857142999,105,3136,309732,-6.677615642547607,0.0001
18480.21875,63.74,1239636,1093806.75,3.6918296813964844,11770,-92487.62357143,105,3140,309883,-6.49279260635376,0.0001
17552.3359375,67.85,1239908,728334.5,3.7014260292053223,11772,-92109.17357143,105,3144,309951,-4.915602684020996,0.0001
18299.265625,70.86,1240488,1184720.75,3.7210795879364014,11778,-91722.82357143,105,3148,310096,-4.053885459899902,0.0001
18795.38671875,62.17,1240748,3505623.0,3.728513717651367,11780,-92808.20690476001,105,3152,310161,-4.906233787536621,0.0001
19717.494140625,54.98,1240972,1792366.5,3.7355449199676514,11783,-95185.25833333,105,3156,310217,-6.1239399909973145,0.0001
17981.0859375,57.44,1241144,1307757.375,3.7411394119262695,11784,-95096.05833333,105,3160,310260,-4.862644672393799,0.0001
16829.88671875,58.14,1241332,1458178.0,3.747230052947998,11786,-95503.35833333,105,3164,310307,-3.9915082454681396,0.0001
17860.029296875,60.18,1242012,1433991.5,3.769665479660034,11793,-95925.18333333,105,3168,310477,-4.124413967132568,0.0001
17801.099609375,64.84,1242396,1592588.0,3.7815871238708496,11797,-96063.70833333001,105,3172,310573,-4.562541961669922,0.0001
18537.59765625,66.31,1242672,856706.375,3.7898168563842773,11799,-96382.30833333,105,3176,310642,-4.782007217407227,0.0001
18017.349609375,69.39,1243576,1724123.75,3.8181755542755127,11809,-96309.27083333001,105,3180,310868,-5.655255317687988,0.0001
17253.2890625,85.05,1245220,1324243.125,3.874620199203491,11825,-95962.8475,105,3184,311279,-5.379254341125488,0.0001
18145.90625,97.66,1247140,820677.6875,3.9472544193267822,11844,-96188.2975,105,3188,311759,-6.274846076965332,0.0001
16711.81640625,104.69,1247792,695238.375,3.972078800201416,11850,-95744.28083333,105,3192,311922,-6.533679962158203,0.0001
18519.921875,133.85,1251768,1362321.125,4.104847431182861,11889,-93693.54472222,105,3196,312916,-4.479223728179932,0.0001
16121.171875,172.77,1255768,661369.375,4.201793670654297,11928,-89671.36972222,105,3200,313916,-2.349937677383423,0.0001
18354.88671875,203.15,1259120,2418193.0,4.271152496337891,11959,-86307.4784829,105,3204,314754,-2.462846279144287,0.0001
16597.71875,234.32,1262360,4086577.25,4.32487154006958,11989,-85013.32014956999,105,3208,315564,-1.3627666234970093,0.0001
16935.0546875,256.69,1264076,458844.625,4.350348472595215,12005,-82776.32014956999,105,3212,315993,-1.8427549600601196,0.0001
17912.96484375,273.06,1266664,331960.3125,4.387581825256348,12029,-81532.06514957,105,3216,316640,-1.9053056240081787,0.0001
17698.84375,306.35,1270408,1727479.25,4.454404830932617,12064,-79005.30681624,105,3220,317576,-2.9982733726501465,0.0001
17545.01171875,320.91,1271940,472191.75,4.489056587219238,12078,-77549.80681624,105,3224,317959,-2.6372530460357666,0.0001
17587.48828125,338.73,1272468,1126251.75,4.503294944763184,12084,-75596.92848291,105,3228,318091,-2.694112539291382,0.0001
17131.75,340.81,1273044,712159.5,4.519290924072266,12089,-75926.17848291,105,3232,318235,-1.9109233617782593,0.0001
17802.63671875,345.47,1274076,492752.875,4.552680969238281,12099,-75646.98681625,105,3236,318493,-3.1225242614746094,0.0001
18381.21875,350.06,1275720,1469190.75,4.619383335113525,12115,-75478.89098292001,105,3240,318904,-4.263894081115723,0.0001
18189.599609375,359.15,1276748,2588635.5,4.663448810577393,12124,-74308.8128011,105,3244,319161,-3.4017693996429443,0.0001
17370.529296875,369.95,1277432,994491.0,4.69491720199585,12131,-73409.3628011,105,3248,319332,-3.7536368370056152,0.0001
16780.009765625,371.77,1277704,6538784.0,4.70824670791626,12133,-73114.76280109999,105,3252,319400,-4.078611850738525,0.0001
18160.640625,407.13,1281648,1206754.625,4.937136173248291,12170,-70557.53734654999,105,3256,320386,-5.376955032348633,0.0001
17755.962890625,430.94,1285648,908157.3125,5.161657333374023,12207,-70472.63734655001,105,3260,321386,-6.097867012023926,0.0001
17718.94140625,453.47,1287464,1567589.0,5.262659549713135,12224,-69070.08734655,105,3264,321840,-6.227984428405762,0.0001
18354.29296875,460.08,1288988,1089455.25,5.34806489944458,12239,-68891.58734655,105,3268,322221,-7.654036998748779,0.0001
19228.12890625,485.91,1292532,1253558.0,5.550124645233154,12271,-66807.60401322,105,3272,323107,-7.756157875061035,0.0001
17763.03515625,504.57,1294332,805372.25,5.646785736083984,12288,-64572.170679879986,105,3276,323557,-6.8800201416015625,0.0001
17343.71484375,508.71,1295468,663488.5,5.709635257720947,12299,-64894.516513209994,105,3280,323841,-6.888678550720215,0.0001
18581.0703125,524.3,1299416,1370011.5,5.928625106811523,12334,-61757.01389416,105,3284,324828,-8.336669921875,0.0001
18790.83203125,545.97,1302580,764640.0,6.109795570373535,12364,-58962.286751299995,105,3288,325619,-9.02393913269043,0.0001
19696.41796875,566.9,1303988,734455.875,6.184182167053223,12377,-58245.80341797,105,3292,325971,-7.556562423706055,0.0001
18946.521484375,556.27,1306580,12697602.0,6.325290679931641,12401,-58965.322862409994,105,3296,326619,-7.362417221069336,0.0001
20593.23828125,535.85,1308336,1327848.5,6.427513122558594,12417,-62472.01452908,105,3300,327058,-8.056360244750977,0.0001
19403.24609375,515.51,1309652,2474133.0,6.4996018409729,12430,-65377.23076839999,105,3304,327387,-8.338517189025879,0.0001
20068.6328125,513.8,1313320,4846966.0,6.703227996826172,12464,-65094.629577919986,105,3308,328304,-8.145193099975586,0.0001
20583.41796875,516.56,1315324,843761.5,6.814634799957275,12482,-65052.38791124999,105,3312,328805,-8.95744800567627,0.0001
19545.580078125,524.89,1318032,625078.6875,6.96902322769165,12507,-64596.65957792,105,3316,329482,-7.563969612121582,0.0001
20825.71484375,519.28,1322032,1012176.9375,7.218723297119141,12544,-65431.89442641,105,3320,330482,-9.833532333374023,0.0001
19989.4765625,539.08,1324276,1250861.25,7.3511433601379395,12565,-63314.38728355,105,3324,331043,-7.424345016479492,0.0001
19360.595703125,537.72,1327760,646210.5,7.5489726066589355,12597,-64335.998950220004,105,3328,331914,-7.480190753936768,0.0001
20625.98046875,565.4,1330224,1466266.25,7.664824485778809,12620,-61729.715616890004,105,3332,332530,-4.687108993530273,0.0001
19670.798828125,581.46,1332252,738260.4375,7.745489120483398,12639,-59809.32395022,105,3336,333037,-3.775883913040161,0.0001
20878.45703125,594.69,1334400,687621.125,7.830878734588623,12659,-58691.28367245001,105,3340,333574,-4.711821556091309,0.0001
20663.62109375,598.96,1336084,1457475.75,7.897910118103027,12675,-58746.34717173,105,3344,333995,-4.343025207519531,0.0001
20936.98046875,623.36,1340084,705983.25,8.079780578613281,12715,-56516.297171729995,105,3348,334995,-5.190980911254883,0.0001
20017.927734375,650.26,1343652,625992.75,8.237266540527344,12751,-54202.74717173,105,3352,335887,-2.576514720916748,0.0001
20990.09765625,636.35,1346368,1804353.75,8.326294898986816,12777,-55851.09762628,105,3356,336566,-3.210331439971924,0.0001
21020.275390625,636.91,1350368,535893.25,8.479720115661621,12815,-53549.21429293999,105,3360,337566,-3.608189582824707,0.0001
20605.28515625,644.54,1352308,673829.75,8.552984237670898,12834,-53031.06429293999,105,3364,338051,-1.8842480182647705,0.0001
20615.06640625,665.46,1355016,680021.0,8.659440994262695,12859,-50819.68095961,105,3368,338728,-2.850719451904297,0.0001
21857.91015625,664.06,1358924,400180.875,8.85573959350586,12896,-50018.864292939994,105,3372,339705,-1.875596523284912,0.0001
21283.26953125,672.74,1362584,483223.78125,8.961579322814941,12931,-49253.730959609995,105,3376,340620,-0.8246781229972839,0.0001
21286.0390625,694.03,1364164,322182.09375,8.97561264038086,12945,-47137.79762628,105,3380,341015,0.3508516550064087,0.0001
20910.408203125,692.64,1367352,465828.8125,8.904199600219727,12975,-47513.24857866,105,3384,341812,1.5015159845352173,0.0001
22332.6328125,671.62,1368720,2059954.375,8.830212593078613,12988,-49830.5816739,105,3388,342154,1.7005577087402344,0.0001
21373.31640625,673.81,1372720,453060.4375,8.608630180358887,13025,-48315.434054850004,105,3392,343154,1.8029370307922363,0.0001
21186.9609375,678.01,1374540,765666.0,8.516668319702148,13043,-47028.76738817999,105,3396,343609,1.7575067281723022,0.0001
20720.626953125,696.89,1378540,356611.4375,8.270005226135254,13080,-44223.46738818,105,3400,344609,3.6489553451538086,0.0001
21629.81640625,720.85,1382540,337677.78125,7.936265468597412,13118,-42350.847943739995,105,3404,345609,2.138211727142334,0.0001
20485.69140625,713.95,1384172,268883.4375,7.812558174133301,13133,-41602.917467549996,105,3408,346017,4.649717807769775,0.0001
21023.826171875,725.45,1388172,291607.0625,7.515328407287598,13171,-40495.14246756,105,3412,347017,4.5227789878845215,0.0001
19761.197265625,704.54,1388944,2134082.5,7.456361293792725,13178,-42233.02580089,105,3416,347210,4.829436302185059,0.0001
20669.095703125,702.44,1391020,424677.125,7.300472259521484,13198,-41637.844285729996,105,3420,347729,2.4451451301574707,0.0001
20811.0703125,680.18,1392840,299081.4375,7.178896903991699,13215,-45002.65142859,105,3424,348184,3.8953213691711426,0.0001
20600.291015625,691.5,1396840,798587.625,6.941615581512451,13253,-44107.314761919995,105,3428,349184,1.9912066459655762,0.0001
19721.99609375,688.06,1399020,1403728.625,6.864414691925049,13274,-44656.14809525,105,3432,349729,0.2425929754972458,0.0001
19919.6953125,680.97,1400840,704389.8125,6.814795970916748,13291,-46034.73142858,105,3436,350184,0.7416128516197205,0.0001
19793.94921875,689.22,1403420,608438.25,6.755414962768555,13316,-45251.30920635001,105,3440,350829,2.164912462234497,0.0001
21383.349609375,694.53,1407148,22589820.0,6.657742977142334,13351,-46358.83222221999,105,3444,351761,0.3955034911632538,0.0001
19666.037109375,693.19,1410708,575908.625,6.567076683044434,13385,-46756.95722222,105,3448,352651,1.1832813024520874,0.0001
20746.24609375,686.32,1412004,773699.5625,6.519565582275391,13398,-47419.83222222,105,3452,352975,1.6058785915374756,0.0001
20544.55078125,679.03,1414140,990702.625,6.417326927185059,13419,-48228.83222222,105,3456,353509,2.6135315895080566,0.0001
20889.587890625,677.55,1416664,6770605.0,6.3074517250061035,13443,-48430.090555560004,105,3460,354140,1.541724443435669,0.0001
23032.05859375,665.25,1418592,6823211.0,6.284895896911621,13461,-50054.31555556,105,3464,354622,-3.4918346405029297,0.0001
22069.59765625,649.06,1419544,21884050.0,6.391655921936035,13470,-51870.07031746,105,3468,354860,-7.137887001037598,0.0001
22258.177734375,626.1,1419956,12648210.0,6.462611675262451,13474,-54659.35365079,105,3472,354963,-10.980012893676758,0.0001
21990.68359375,598.07,1420132,9936284.0,6.498717308044434,13476,-57345.83698413,105,3476,355007,-12.657133102416992,0.0001
21755.51953125,570.2,1420400,8210533.5,6.551791191101074,13479,-59213.461984129994,105,3480,355074,-13.182615280151367,0.0001
20891.22265625,542.01,1420644,8616646.0,6.597445964813232,13481,-62126.41198413,105,3484,355135,-13.231861114501953,0.0001
20185.6015625,531.03,1421164,1457787.625,6.68120813369751,13486,-62291.78103175,105,3488,355265,-13.091279029846191,0.0001
20575.708984375,502.4,1421648,4842454.0,6.751328945159912,13491,-64571.07865079999,105,3492,355386,-14.114749908447266,0.0001
20890.5390625,479.62,1421864,2733281.5,6.781731128692627,13493,-67188.46198414,105,3496,355440,-14.873865127563477,0.0001
22984.248046875,448.77,1422052,2398112.0,6.807835102081299,13495,-70064.4036508,105,3500,355487,-13.710676193237305,0.0001
20227.078125,453.02,1426052,1991148.75,7.113762855529785,13533,-67979.25642856999,105,3504,356487,-5.075168609619141,0.0001
21341.81640625,466.9,1430052,1474482.0,7.19204044342041,13570,-67954.5547619,105,3508,357487,-0.9314262270927429,0.0001
18383.5,437.48,1432248,976712.0625,7.22628116607666,13591,-71197.02142856,105,3512,358036,-1.4389545917510986,0.0001
20581.0,447.11,1432844,755893.1875,7.238038063049316,13597,-70945.30892856,105,3516,358185,-2.010345935821533,0.0001
20911.0703125,424.47,1433148,888848.25,7.24481201171875,13600,-72847.46392856,105,3520,358261,-2.1064038276672363,0.0001
21978.595703125,415.25,1433540,1158244.875,7.254610061645508,13604,-72667.75142856,105,3524,358359,-1.9112536907196045,0.0001
20861.5625,388.75,1434256,3558702.5,7.271453857421875,13611,-74514.68392856,105,3528,358538,-2.166893720626831,0.0001
21426.0703125,368.87,1435188,1558169.5,7.300371170043945,13620,-76174.44642856,105,3532,358771,-2.8289554119110107,0.0001
22765.48828125,368.01,1437724,1330572.5,7.374185562133789,13643,-76861.73642856,105,3536,359405,-3.0277841091156006,0.0001
20673.48046875,364.81,1440328,885191.1875,7.457465171813965,13669,-76940.73642856,105,3540,360056,-2.3756539821624756,0.0001
21318.73046875,369.89,1443148,1432753.5,7.54882287979126,13695,-74986.97809523,105,3544,360761,-1.7554045915603638,0.0001
20100.24609375,365.2,1447148,1757157.0,7.6705169677734375,13734,-75228.77809523001,105,3548,361761,-2.0917789936065674,0.0001
21440.6484375,376.68,1450848,538581.3125,7.773959159851074,13771,-75231.62809523,105,3552,362686,-1.7019426822662354,0.0001
20509.185546875,400.77,1454848,671760.3125,7.832415580749512,13808,-71024.40809523,105,3556,363686,-0.7943552732467651,0.0001
20866.70703125,413.48,1458848,667710.8125,7.840086460113525,13845,-68912.43309523001,105,3560,364686,0.39382362365722656,0.0001
20389.96875,412.02,1459916,621905.0,7.837147235870361,13855,-67625.62000000001,105,3564,364953,-1.8486683368682861,0.0001
20404.7890625,437.42,1463916,1885968.5,7.752976894378662,13892,-63779.80357143,105,3568,365953,1.1152210235595703,0.0001
20083.759765625,444.47,1464440,489327.40625,7.737098693847656,13898,-63097.6702381,105,3572,366084,1.5342249870300293,0.0001
20250.037109375,446.91,1465252,765199.3125,7.707235813140869,13906,-63223.17857143,105,3576,366287,2.101058006286621,0.0001
21007.458984375,469.33,1468736,1168625.25,7.596725940704346,13938,-61021.48928572,105,3580,367158,0.27556294202804565,0.0001
20334.67578125,503.15,1472532,453870.9375,7.597097396850586,13976,-58630.58928572001,105,3584,368107,-0.16994708776474,0.0001
19099.2265625,535.03,1475928,539725.25,7.426803112030029,14010,-56121.87678572001,105,3588,368956,2.288102149963379,0.0001
19637.1953125,567.64,1479928,622848.0625,7.0816826820373535,14050,-55273.81928572001,105,3592,369956,2.362358331680298,0.0001
19817.22265625,597.87,1482092,206522.09375,6.911563396453857,14070,-52245.61928572001,105,3596,370497,3.2087347507476807,0.0001
19346.84375,630.26,1486092,228854.03125,6.604313373565674,14107,-48225.419285730015,105,3600,371497,2.5732951164245605,0.0001
18653.69140625,616.66,1488720,289037.1875,6.420443058013916,14132,-50204.52047621,105,3604,372154,3.1756343841552734,0.0001
17956.44140625,608.71,1492720,258186.84375,6.136480331420898,14169,-49143.220476209994,105,3608,373154,3.9616429805755615,0.0001
19424.201171875,630.39,1495484,3084970.0,5.947956085205078,14196,-47127.97047621001,105,3612,373845,3.8073010444641113,0.0001
18366.36328125,652.8,1499484,214643.859375,5.7073516845703125,14235,-44137.00797621001,105,3616,374845,3.1500566005706787,0.0001
16865.25,674.09,1500808,265187.25,5.6365461349487305,14247,-42408.76630954,105,3620,375176,3.496924877166748,0.0001
16966.875,708.63,1504788,279652.125,5.474241733551025,14286,-39727.10380954,105,3624,376171,1.3442051410675049,0.0001
18342.48046875,731.47,1508264,305194.71875,5.3700995445251465,14319,-38960.616309540004,105,3628,377040,1.1849349737167358,0.0001
17721.951171875,744.08,1510544,422154.03125,5.302480220794678,14340,-37879.95380954,105,3632,377610,1.8323421478271484,0.0001
17034.29296875,767.35,1514544,412602.5,5.192681789398193,14379,-34185.81380954,105,3636,378610,2.0836169719696045,0.0001
17315.01953125,780.8,1518544,1036607.0,5.081202030181885,14417,-32400.497142869997,105,3640,379610,0.5403158068656921,0.0001
17683.421875,792.01,1522544,205613.984375,5.049239635467529,14454,-30376.73714287,105,3644,380610,0.36883851885795593,0.0001
16752.51953125,796.29,1525844,160595.90625,4.9473557472229,14486,-30133.245476199998,105,3648,381435,1.314469575881958,0.0001
16244.923828125,800.5,1529844,108349.71875,4.766106128692627,14524,-28265.1454762,105,3652,382435,2.9993181228637695,0.0001
17422.953125,792.49,1533844,187734.265625,4.55988883972168,14563,-29530.490476199997,105,3656,383435,2.1398885250091553,0.0001
16092.501953125,791.0,1537844,134154.109375,4.390458106994629,14600,-30701.490476199997,105,3660,384435,2.407456874847412,0.0001
16103.66796875,812.74,1541844,164204.09375,4.206577777862549,14638,-27991.25357143,105,3664,385435,3.4432621002197266,0.0001
16146.8798828125,812.74,1545844,245508.046875,4.015557765960693,14675,-28086.87357143,105,3668,386435,3.3576273918151855,0.0001
15595.890625,838.23,1549844,110546.5546875,3.8583104610443115,14713,-24724.263571429998,105,3672,387435,4.10640811920166,0.0001
16105.6943359375,873.48,1553844,73126.890625,3.68757963180542,14750,-20691.41357143,105,3676,388435,4.10064697265625,0.0001
15837.29296875,879.65,1557560,81898.921875,3.530102491378784,14785,-20070.42785714,105,3680,389364,4.724333763122559,0.0001
15849.6357421875,865.32,1558440,67866.25,3.4942984580993652,14793,-20615.80285714,105,3684,389584,4.70432186126709,0.0001
15363.701171875,846.28,1559956,123666.90625,3.4400765895843506,14808,-22256.19035714,105,3688,389963,4.597499370574951,0.0001
15614.001953125,828.76,1561788,266645.4375,3.3801610469818115,14825,-23378.87285714,105,3692,390421,3.733351945877075,0.0001
16320.962890625,824.98,1565544,261065.953125,3.3201606273651123,14860,-25341.54785714,105,3696,391360,1.5422284603118896,0.0001
16432.1796875,798.55,1566636,246028.0625,3.3062212467193604,14871,-28656.302023800003,105,3700,391633,1.9967337846755981,0.0001
14973.0,800.89,1569904,390709.9375,3.247417449951172,14902,-29122.067499990004,105,3704,392450,2.4210829734802246,0.0001
14463.0869140625,798.25,1571708,317714.1875,3.225292921066284,14919,-30235.53416666,105,3708,392901,1.6541979312896729,0.0001
16379.6455078125,783.2,1574204,398715.625,3.2238376140594482,14942,-31044.87583333,105,3712,393525,-1.026750922203064,0.0001
16409.69921875,779.81,1576700,470366.90625,3.254227876663208,14967,-31057.15083333,105,3716,394149,-1.9015395641326904,0.0001
15448.486328125,772.51,1579440,468123.65625,3.2872250080108643,14993,-32076.7925,105,3720,394834,-0.9367146492004395,0.0001
15516.392578125,773.84,1583440,521139.625,3.2957053184509277,15030,-30760.35083333,105,3724,395834,-0.4499189555644989,0.0001
15487.45703125,781.3,1585472,617470.875,3.3131115436553955,15050,-28749.20083333,105,3728,396342,0.38788044452667236,0.0001
15888.31640625,790.12,1589396,391936.6875,3.246333360671997,15087,-26876.95083333,105,3732,397323,1.2155293226242065,0.0001
16247.759765625,784.47,1593332,412970.75,3.173588991165161,15123,-27470.237261899998,105,3736,398307,0.2936874032020569,0.0001
15661.083984375,780.79,1596700,609519.375,3.1337831020355225,15155,-28009.20059523,105,3740,399149,0.7563468813896179,0.0001
15279.166015625,764.81,1598384,207893.9375,3.1000149250030518,15171,-31178.510595230004,105,3744,399570,1.0643904209136963,0.0001
14523.134765625,753.58,1601804,261636.90625,3.0051634311676025,15203,-32164.952261899998,105,3748,400425,1.7145943641662598,0.0001
14141.599609375,751.17,1605804,218487.515625,2.909317970275879,15241,-32768.1022619,105,3752,401425,1.3218498229980469,0.0001
14108.126953125,751.24,1608052,182023.125,2.8729496002197266,15262,-33547.5397619,105,3756,401987,0.6738243103027344,0.0001
14475.81640625,752.73,1612052,5818322.0,2.841874122619629,15300,-32723.889761899998,105,3760,402987,-0.30169424414634705,0.0001
15498.6796875,752.73,1616052,196409.609375,2.904033660888672,15337,-32707.989761899997,105,3764,403987,-0.616532564163208,0.0001
14548.60546875,741.43,1619004,341620.0,2.9534661769866943,15365,-35679.214761899995,105,3768,404725,-0.9794862270355225,0.0001
15114.197265625,719.91,1622084,1030556.5,3.079484462738037,15393,-39732.7497619,105,3772,405495,-3.5694360733032227,0.0001
15275.90234375,710.11,1626084,411844.5,3.2897372245788574,15431,-42706.6747619,105,3776,406495,-1.7870968580245972,0.0001
14437.240234375,719.17,1630084,223222.90625,3.341975688934326,15468,-41623.2747619,105,3780,407495,-0.002114139497280121,0.0001
14441.49609375,737.03,1634084,254806.6875,3.349403142929077,15506,-39561.9747619,105,3784,408495,0.24883900582790375,0.0001
14455.962890625,757.58,1636748,317217.8125,3.332848310470581,15531,-37410.4747619,105,3788,409161,0.5196512937545776,0.0001
17136.0859375,780.0,1640748,1119677.25,3.456449031829834,15569,-33403.2997619,105,3792,410161,-5.96273136138916,0.0001
14867.48046875,783.21,1642360,682798.125,3.544739007949829,15584,-31284.3747619,105,3796,410564,-3.9491171836853027,0.0001
15808.216796875,805.18,1646108,293474.03125,3.685123920440674,15619,-29032.04142857,105,3800,411501,-3.7339303493499756,0.0001
15690.365234375,801.08,1648812,532014.375,3.798457384109497,15644,-29906.766428569998,105,3804,412177,-4.989142894744873,0.0001
14822.2646484375,812.11,1652812,354190.375,3.9046378135681152,15682,-28881.483928570004,105,3808,413177,-2.2834255695343018,0.0001
15202.2265625,823.7,1656056,499160.5625,3.972987174987793,15713,-28097.4922619,105,3812,413988,-2.131359100341797,0.0001
15548.77734375,807.08,1657428,663686.875,4.004688739776611,15726,-29792.808928569997,105,3816,414331,-2.974698781967163,0.0001
14117.138671875,814.66,1660884,377570.125,4.109027862548828,15758,-28529.16964286,105,3820,415195,-2.1707358360290527,0.0001
15326.8037109375,796.06,1662100,521147.9375,4.137330055236816,15769,-30471.31630953,105,3824,415499,-2.8955869674682617,0.0001
15865.11328125,792.89,1665988,598899.0625,4.242669582366943,15805,-30218.3329762,105,3828,416471,-2.617842674255371,0.0001
15283.0859375,802.55,1669988,245201.25,4.331605434417725,15843,-29034.616309530003,105,3832,417471,-2.3695473670959473,0.0001
13655.115234375,800.78,1672884,257676.203125,4.379012107849121,15870,-29237.70488096,105,3836,418195,-1.5245792865753174,0.0001
14134.5947265625,785.21,1675168,274646.375,4.401055812835693,15891,-30610.691547630002,105,3840,418766,-0.8845237493515015,0.0001
13280.169921875,796.54,1679016,562265.625,4.486142635345459,15928,-29532.16654763,105,3844,419728,-1.2457035779953003,0.0001
13722.890625,790.26,1680184,510653.5,4.523262023925781,15939,-29596.59154763,105,3848,420020,-2.7377076148986816,0.0001
15562.580078125,762.15,1682780,8369643.0,4.639730930328369,15963,-32726.69654763,105,3852,420669,-3.808319568634033,0.0001
14977.357421875,770.09,1686780,337783.4375,4.762263298034668,16000,-30585.63404763,105,3856,421669,-1.196343183517456,0.0001
13759.65625,753.44,1687572,509160.84375,4.784677982330322,16008,-32374.434047630002,105,3860,421867,-0.7401954531669617,0.0001
15048.275390625,736.11,1690276,413801.78125,4.841508865356445,16033,-35335.60904763,105,3864,422543,-2.0705599784851074,0.0001
14939.4716796875,730.89,1693084,370395.625,4.873371601104736,16060,-35265.29404763,105,3868,423245,-0.8804062008857727,0.0001
14832.919921875,737.08,1694276,439174.9375,4.882400035858154,16071,-33400.93904763,105,3872,423543,-0.9385728240013123,0.0001
13924.3671875,736.91,1697736,253334.53125,4.959443092346191,16103,-32198.44904763,105,3876,424408,-0.28906169533729553,0.0001
14066.2578125,730.87,1701736,281500.875,4.940722465515137,16140,-33084.159047630004,105,3880,425408,0.942259669303894,0.0001
14156.4794921875,716.76,1703412,822433.375,4.902588844299316,16156,-35050.25904763,105,3884,425827,-0.2352427840232849,0.0001
13365.37890625,707.35,1706336,365476.78125,4.888054847717285,16184,-37024.58404762999,105,3888,426558,1.1331101655960083,0.0001
12732.68359375,689.02,1708596,304655.0,4.869217395782471,16205,-39807.05904763,105,3892,427123,0.5278549194335938,0.0001
14336.78125,689.75,1711652,480976.875,4.906665802001953,16233,-40483.289047629994,105,3896,427887,-1.6872382164001465,0.0001
14115.33203125,693.63,1715652,357853.34375,5.0854597091674805,16271,-40586.93488096,105,3900,428887,-1.8836677074432373,0.0001
13541.5400390625,704.25,1719652,535442.625,5.299595355987549,16308,-38377.28488096,105,3904,429887,-1.726044774055481,0.0001
13954.15234375,698.4,1722464,626847.1875,5.43535041809082,16335,-39564.627380959995,105,3908,430590,-0.8865352869033813,0.0001
14726.953125,685.69,1724532,311650.3125,5.445454120635986,16354,-41427.42738096,105,3912,431107,-0.3727201819419861,0.0001
14269.80859375,708.57,1728532,490459.40625,5.42153263092041,16391,-38414.61071429,105,3916,432107,0.6856178045272827,0.0001
14576.779296875,720.45,1732532,355398.5,5.383830547332764,16429,-36564.8,105,3920,433107,0.8550487756729126,0.0001
14895.919921875,732.36,1735972,411386.0625,5.309735298156738,16461,-37704.145,105,3924,433967,-0.8632782697677612,0.0001
13152.318359375,712.92,1737112,1544531.75,5.346140384674072,16472,-40738.50333333,105,3928,434252,-1.1551340818405151,0.0001
15785.986328125,690.29,1738040,433356.4375,5.371272563934326,16481,-44778.03,105,3932,434484,-1.6853132247924805,0.0001
14834.861328125,669.3,1740516,598880.875,5.430111408233643,16504,-47828.03,105,3936,435103,-0.8257902264595032,0.0001
15446.267578125,670.58,1742440,858269.875,5.50383996963501,16522,-47840.605,105,3940,435584,-1.2386301755905151,0.0001
15241.541015625,665.5,1745328,621255.9375,5.637791633605957,16549,-46889.03,105,3944,436306,-1.0946307182312012,0.0001
14256.541015625,670.16,1747332,971943.6875,5.659592151641846,16567,-46511.885,105,3948,436807,0.12981411814689636,0.0001
13578.658203125,697.19,1751332,485643.5,5.582825183868408,16605,-43312.705,105,3952,437807,2.135159969329834,0.0001
14482.2001953125,693.71,1754704,375443.0625,5.359250545501709,16636,-42992.491153849995,105,3956,438650,1.6367740631103516,0.0001
14278.32421875,701.42,1758496,262873.90625,5.077245235443115,16672,-42884.08043955999,105,3960,439598,2.2179293632507324,0.0001
15417.76171875,714.71,1761540,289757.1875,4.8896074295043945,16700,-41621.01710623,105,3964,440359,2.748227119445801,0.0001
15346.8076171875,728.02,1765212,391585.21875,4.700308322906494,16734,-40649.61210623,105,3968,441277,2.4293956756591797,0.0001
15095.4921875,717.83,1766288,426554.71875,4.65451717376709,16744,-41496.86710623,105,3972,441546,1.561829924583435,0.0001
14696.0517578125,716.57,1769968,12570418.0,4.556950569152832,16779,-42596.02210623,105,3976,442466,1.0805110931396484,0.0001
14709.64453125,718.81,1773968,603196.0,4.457664966583252,16816,-43701.512106229995,105,3980,443466,2.1973745822906494,0.0001
17053.1953125,732.29,1777968,3494293.75,4.363264560699463,16854,-42636.47210623,105,3984,444466,-1.0544660091400146,0.0001
16324.8291015625,729.51,1778656,951209.375,4.370844841003418,16861,-41809.622106229996,105,3988,444638,-2.04335618019104,0.0001
15332.7451171875,713.9,1779236,728116.3125,4.390674591064453,16866,-42894.32710623,105,3992,444783,-2.160578489303589,0.0001
16485.23828125,685.27,1779536,760015.125,4.3982834815979,16869,-45420.14710623,105,3996,444858,-0.8827674388885498,0.0001
15483.47265625,648.71,1780112,919162.375,4.410299301147461,16875,-48634.59710623,105,4000,445002,-0.13101992011070251,0.0001
16387.76171875,627.61,1782792,1235688.75,4.428404331207275,16901,-50955.997106229996,105,4004,445672,-0.34965357184410095,0.0001
16141.6025390625,611.63,1783868,1303151.125,4.429160118103027,16911,-52006.70210623,105,4008,445941,-0.2845810651779175,0.0001
16141.927734375,624.87,1786700,2400695.25,4.376218318939209,16938,-51044.40210623,105,4012,446649,0.38942623138427734,0.0001
14895.9296875,616.98,1789788,1428144.125,4.3539557456970215,16967,-52975.43543957001,105,4016,447421,-0.8702071905136108,0.0001
14669.46875,595.52,1791020,712879.5,4.396589756011963,16979,-56861.146153860005,105,4020,447729,-0.1393618881702423,0.0001
15226.39453125,594.18,1795020,427479.4375,4.5781426429748535,17016,-54810.16865386,105,4024,448729,-1.5669240951538086,0.0001
14680.5595703125,621.71,1799020,2700896.5,4.729965686798096,17055,-50941.597820530005,105,4028,449729,-0.5616317391395569,0.0001
15509.521484375,635.36,1802868,2691458.5,4.773560047149658,17091,-47889.96782052999,105,4032,450691,-0.8597759008407593,0.0001
15630.58984375,651.48,1805516,2055026.75,4.788525104522705,17116,-46980.91782052999,105,4036,451353,-1.1148386001586914,0.0001
15950.4921875,667.33,1808668,356797.1875,4.858692169189453,17147,-45906.15115385999,105,4040,452141,-1.2253351211547852,0.0001
14344.2744140625,666.27,1811428,844402.25,4.948129177093506,17174,-47299.20115386,105,4044,452831,-0.7674348950386047,0.0001
14669.2392578125,664.44,1814908,554610.25,5.109536647796631,17208,-48715.22115386,105,4048,453701,-1.2503330707550049,0.0001
14734.974609375,658.91,1816904,579594.25,5.226865768432617,17227,-49920.53365386,105,4052,454200,-2.1660590171813965,0.0001
15679.765625,648.41,1819472,4574472.0,5.382691383361816,17251,-53154.34750001,105,4056,454842,-3.1288018226623535,0.0001
16124.5634765625,637.47,1823332,600161.75,5.590756893157959,17287,-53974.60293652,105,4060,455807,-2.80267333984375,0.0001
15091.37109375,636.53,1825712,459296.6875,5.684982776641846,17309,-54104.47126985001,105,4064,456402,-1.040408968925476,0.0001
15379.927734375,629.14,1827556,3631106.75,5.7188005447387695,17327,-53973.57404763,105,4068,456863,-0.5207501649856567,0.0001
13824.517578125,633.42,1830504,1884341.0,5.718683242797852,17354,-53946.87404763,105,4072,457600,1.0148746967315674,0.0001
14255.0849609375,638.08,1834504,383834.0625,5.735212326049805,17393,-53264.02849207,105,4076,458600,-0.20023903250694275,0.0001
16242.1328125,634.51,1836608,1857255.625,5.748601913452148,17414,-52644.128492070005,105,4080,459126,-0.07989148795604706,0.0001
14873.603515625,627.57,1840608,1047042.25,5.805063247680664,17451,-53490.88515873,105,4084,460126,-1.3129311800003052,0.0001
14096.51171875,629.07,1843708,641093.625,5.866559028625488,17481,-54212.03039683,105,4088,460901,0.3753836154937744,0.0001
16078.537109375,656.66,1846840,10193453.0,6.085442066192627,17510,-52240.17789682999,105,4092,461684,-2.2496891021728516,0.0001
14097.7490234375,693.87,1850840,1614067.625,6.306596279144287,17548,-47926.90289682999,105,4096,462684,-1.4593799114227295,0.0001
16281.048828125,721.12,1852652,699740.5625,6.391729354858398,17565,-45816.752896829996,105,4100,463137,-0.1803589165210724,0.0001
15736.8857421875,738.31,1856248,771279.125,6.578248023986816,17600,-43984.07789683,105,4104,464036,-1.819431185722351,0.0001
16083.5087890625,760.93,1860248,398253.8125,6.611246585845947,17638,-40870.932063500004,105,4108,465036,0.755071222782135,0.0001
15967.865234375,748.21,1861520,582785.875,6.586606979370117,17650,-41044.782063499995,105,4112,465354,1.0039304494857788,0.0001
16344.6982421875,744.41,1865520,522885.46875,6.481446743011475,17689,-41334.448730159995,105,4116,466354,0.41705644130706787,0.0001
15588.48828125,761.93,1868032,463085.90625,6.384312629699707,17712,-38624.68801587,105,4120,466982,1.2089896202087402,0.0001
17041.46875,748.55,1870312,1147983.875,6.254313945770264,17734,-40629.396349200004,105,4124,467552,0.7754088044166565,0.0001
16483.87890625,731.76,1871888,2255736.25,6.209404945373535,17749,-43555.29218253,105,4128,467946,0.16491514444351196,0.0001
18674.771484375,713.0,1872412,32393860.0,6.253051280975342,17754,-46838.787182529995,105,4132,468077,-6.01435661315918,0.0001
18972.712890625,687.77,1872720,8548178.0,6.313457012176514,17757,-48031.81218253,105,4136,468154,-10.1029691696167,0.0001
18708.578125,651.67,1872804,14077041.0,6.33290958404541,17758,-51250.5038492,105,4140,468175,-10.110645294189453,0.0001
16496.091796875,624.68,1873444,12776094.0,6.472752094268799,17764,-53094.6038492,105,4144,468335,-14.121147155761719,0.0001
18360.408203125,605.4,1873716,20821498.0,6.52742338180542,17767,-54250.9288492,105,4148,468403,-15.476358413696289,0.0001
19059.021484375,578.97,1874188,2235424.5,6.610236644744873,17772,-56146.4413492,105,4152,468521,-15.310196876525879,0.0001
16206.0107421875,557.23,1874612,1442668.25,6.676968097686768,17776,-57359.6663492,105,4156,468627,-13.904308319091797,0.0001
15853.3828125,542.27,1875516,9245148.0,6.784469127655029,17785,-58727.14662698001,105,4160,468853,-11.044562339782715,0.0001
16352.314453125,518.28,1876244,11323242.0,6.848588466644287,17792,-61083.916626980004,105,4164,469035,-7.287799835205078,0.0001
15997.5791015625,514.29,1879612,3988892.25,7.061834812164307,17825,-63507.24218253,105,4168,469877,-6.898557662963867,0.0001
16248.681640625,522.9,1883544,868296.1875,7.2883687019348145,17863,-63552.1588492,105,4172,470860,-5.8448591232299805,0.0001
16950.52734375,520.81,1885364,977997.875,7.380908489227295,17881,-62765.48940476,105,4176,471315,-3.3117594718933105,0.0001
17446.10546875,496.11,1887264,1410691.125,7.444262981414795,17900,-65360.514404760004,105,4180,471790,-2.4204046726226807,0.0001
17055.32421875,489.65,1889652,1298700.75,7.4989848136901855,17923,-65514.16857142999,105,4184,472387,-2.426180839538574,0.0001
16427.91015625,484.65,1891156,4859624.5,7.544106960296631,17936,-65469.262222220015,105,4188,472763,-3.92724609375,0.0001
17917.55859375,472.04,1893140,2904395.75,7.620122909545898,17955,-67192.05138887999,105,4192,473259,-3.627046585083008,0.0001
16393.060546875,455.67,1895316,842637.3125,7.6714043617248535,17975,-69983.68805555,105,4196,473803,-0.5924333333969116,0.0001
17311.76953125,443.85,1897140,1082454.875,7.676219463348389,17992,-70768.58138887999,105,4200,474259,-1.3985893726348877,0.0001
17367.953125,452.5,1901140,3100183.5,7.77075719833374,18029,-68985.39138888,105,4204,475259,-2.465022325515747,0.0001
16606.896484375,441.55,1903904,693043.3125,7.897900581359863,18057,-72295.29722221,105,4208,475950,-3.324040651321411,0.0001
16581.6171875,445.27,1906716,891983.25,8.006457328796387,18084,-72163.58055554,105,4212,476653,-1.7781991958618164,0.0001
18012.50390625,449.56,1909576,763065.625,8.100768089294434,18111,-72160.35555554001,105,4216,477368,-0.6213897466659546,0.0001
16581.119140625,446.71,1912456,1782385.0,8.146471977233887,18138,-72902.36388887001,105,4220,478088,0.8537082672119141,0.0001
17744.8671875,448.09,1914736,6163359.0,8.118878364562988,18160,-73926.50805554,105,4224,478658,0.9080070853233337,0.0001
17860.158203125,442.79,1915812,887910.0,8.088101387023926,18170,-74901.68305554001,105,4228,478927,-0.18473130464553833,0.0001
17998.80859375,459.05,1919608,1171378.625,8.086994171142578,18206,-72848.56805554,105,4232,479876,-3.061805486679077,0.0001
17466.1015625,489.46,1922736,1714189.625,8.35773754119873,18236,-70797.65972221,105,4236,480658,-4.224959850311279,0.0001
19632.78515625,510.67,1924100,4331443.0,8.571864128112793,18249,-69529.32722221,105,4240,480999,-9.19085693359375,0.0001
19154.15234375,544.34,1928100,897928.625,9.258600234985352,18286,-66701.35947329,105,4244,481999,-11.528404235839844,0.0001
18587.828125,573.49,1932100,640852.0,9.53394889831543,18324,-63506.259473289996,105,4248,482999,-6.884973526000977,0.0001
18912.38671875,597.46,1934900,5077855.0,9.636353492736816,18351,-61457.03447329,105,4252,483699,0.32397180795669556,0.0001
17269.521484375,624.23,1938464,511746.9375,9.63022518157959,18385,-58485.90197329,105,4256,484590,2.179460048675537,0.0001
18247.57421875,631.04,1939256,582042.75,9.626811981201172,18394,-58620.164473289995,105,4260,484788,-0.026217132806777954,0.0001
17390.8828125,643.86,1941548,720262.125,9.600961685180664,18415,-55052.71075534,105,4264,485361,0.9919431209564209,0.0001
17751.94921875,635.15,1943064,899257.3125,9.598043441772461,18430,-54818.16742201,105,4268,485740,-0.08656824380159378,0.0001
19312.765625,640.91,1946420,662716.5625,9.608680725097656,18462,-53824.74575534,105,4272,486579,-0.24862349033355713,0.0001
18533.142578125,630.97,1949196,2215542.25,9.673900604248047,18488,-54563.69575534,105,4276,487273,-0.41607698798179626,0.0001
21051.8125,636.63,1949856,1129846.5,9.672786712646484,18495,-54693.69218391,105,4280,487438,-0.47926855087280273,0.0001
19946.40625,621.27,1950236,4895180.0,9.66879940032959,18498,-57191.021350580006,105,4284,487533,0.3743792176246643,0.0001
19553.24609375,614.66,1952188,2604940.5,9.627934455871582,18517,-58251.814247400005,105,4288,488021,1.116316795349121,0.0001
20462.41015625,601.43,1952860,22725790.0,9.612706184387207,18524,-58830.997580740004,105,4292,488189,1.136866807937622,0.0001
19081.73828125,592.44,1953956,1411086.125,9.59953498840332,18535,-59952.88591407,105,4296,488463,-0.8065981864929199,0.0001
19599.767578125,592.41,1957268,2689995.5,9.854033470153809,18566,-61050.91758074,105,4300,489291,-7.35813045501709,0.0001
19573.21875,570.69,1957768,6210628.0,9.91767692565918,18571,-65403.365914070004,105,4304,489416,-7.975878715515137,0.0001
18982.5234375,547.7,1959100,8710442.0,10.098587989807129,18583,-66020.66591407,105,4308,489749,-6.250086784362793,0.0001
19748.7265625,543.82,1959756,1348440.125,10.167503356933594,18590,-66096.59091407,105,4312,489913,-5.48222541809082,0.0001
19187.873046875,517.27,1960672,10189036.0,10.248108863830566,18599,-68312.72841406999,105,4316,490142,-5.392009735107422,0.0001
20664.09375,509.5,1964604,4836791.0,10.548473358154297,18635,-68225.87674741,105,4320,491125,-4.391092300415039,0.0001
18349.400390625,515.06,1965892,2005088.75,10.660201072692871,18648,-66352.47674741,105,4324,491447,-3.7267472743988037,0.0001
18701.814453125,509.52,1966948,2198188.25,10.750885009765625,18658,-66153.77674741,105,4328,491711,-3.020472764968872,0.0001
18045.583984375,500.16,1969388,1682838.375,10.940855979919434,18681,-68026.40008074,105,4332,492321,-3.9966413974761963,0.0001
19483.27734375,480.92,1971208,9405337.0,11.060201644897461,18698,-69711.84591407,105,4336,492776,-2.6225616931915283,0.0001
21305.609375,481.18,1972544,2033017.0,11.153955459594727,18710,-70483.69356559,105,4340,493110,-2.8428187370300293,0.0001
20442.595703125,455.67,1973528,1640167.0,11.205385208129883,18720,-73162.83631451,105,4344,493356,-1.0927650928497314,0.0001
20755.759765625,458.43,1977528,12332316.0,11.312691688537598,18757,-72805.47631451,105,4348,494356,0.35851791501045227,0.0001
20865.814453125,451.98,1981444,11701390.0,11.323563575744629,18795,-73819.93881451,105,4352,495335,-0.6692524552345276,0.0001
19946.91015625,451.25,1982324,1336995.125,11.328014373779297,18804,-75899.40881451,105,4356,495555,0.21032220125198364,0.0001
19977.265625,447.11,1984900,1407164.75,11.285456657409668,18828,-75562.36631451,105,4360,496199,0.8361018896102905,0.0001
20302.51953125,454.52,1986340,1745414.75,11.245136260986328,18842,-76889.98503246,105,4364,496559,0.21568742394447327,0.0001
18998.962890625,450.65,1988356,1233121.75,11.306662559509277,18862,-77106.69503246,105,4368,497063,-2.344290256500244,0.0001
20310.046875,442.49,1990656,1949737.0,11.43658447265625,18885,-78213.07003246,105,4372,497638,-0.3461381196975708,0.0001
21779.01171875,444.14,1993028,6548079.5,11.675006866455078,18909,-77977.17003246,105,4376,498231,-2.4299540519714355,0.0001
19696.90234375,441.76,1994116,1214146.625,11.776123046875,18919,-77516.09860389,105,4380,498503,-1.1035594940185547,0.0001
20127.1328125,450.56,1996784,980399.6875,11.895255088806152,18945,-76196.18610389,105,4384,499170,-1.392338514328003,0.0001
21816.07421875,463.73,1998116,1259074.0,11.907341957092285,18958,-75261.40621212,105,4388,499503,0.38075166940689087,0.0001
