time/time_elapsed,train/critic_loss,train/ent_coef,train/n_updates,train/actor_loss,train/ent_coef_loss,time/fps,train/learning_rate,time/total_timesteps,time/episodes,rollout/ep_len_mean,rollout/ep_rew_mean
1,990.8666381835938,1.0026599168777466,30,71.54240417480469,-0.10894359648227692,163,0.0001,224,4,50.25,-97966.25
2,1233.1728515625,1.0064061880111694,74,98.64553833007812,-0.23103691637516022,143,0.0001,400,8,41.5,-97891.875
7,218.33157348632812,1.017214298248291,213,94.26133728027344,-0.38639727234840393,130,0.0001,956,12,61.25,-98071.875
10,237.67372131347656,1.0233186483383179,300,106.16480255126953,-0.5358530282974243,129,0.0001,1304,16,69.0625,-98157.65625
13,393.8967590332031,1.0327576398849487,422,120.42097473144531,-0.7306976318359375,128,0.0001,1792,20,75.25,-97682.875
16,608.6145629882812,1.0387660264968872,495,130.20457458496094,-0.8963368535041809,128,0.0001,2084,24,82.29166666666667,-97410.83333333333
19,589.3533935546875,1.0476734638214111,598,142.82290649414062,-1.0763962268829346,128,0.0001,2496,28,82.03571428571429,-97537.14285714286
23,784.3351440429688,1.0595747232437134,730,159.03375244140625,-1.3256456851959229,128,0.0001,3024,32,86.75,-97342.578125
26,394.32666015625,1.0674580335617065,814,169.95187377929688,-1.4862112998962402,128,0.0001,3360,36,90.80555555555556,-97495.90277777778
28,62.91407775878906,1.0750150680541992,893,180.3920440673828,-1.6559969186782837,128,0.0001,3676,40,86.5,-97543.0625
32,199.361328125,1.0861425399780273,1010,182.98959350585938,-1.517662763595581,128,0.0001,4144,44,88.9090909090909,-97388.03030302274
35,394.3859558105469,1.0937538146972656,1106,190.66168212890625,-1.5945249795913696,128,0.0001,4528,48,89.28571428571429,-97336.34353740817
38,414.0931091308594,1.1024194955825806,1213,202.48463439941406,-1.7366424798965454,128,0.0001,4956,52,91.32692307692308,-97369.05448717308
40,238.63226318359375,1.1072090864181519,1270,205.31231689453125,-1.6867961883544922,128,0.0001,5184,56,90.35714285714286,-97426.5327380893
44,414.08453369140625,1.118226170539856,1398,217.49407958984375,-2.013211727142334,128,0.0001,5696,60,91.36666666666666,-97158.28055555001
49,199.7946319580078,1.1341416835784912,1573,230.79759216308594,-2.3000707626342773,128,0.0001,6396,64,94.96875,-96939.01302082813
54,589.6273193359375,1.1483213901519775,1721,241.84336853027344,-2.418168544769287,128,0.0001,6988,68,101.1470588235294,-96935.2843137206
55,998.7113037109375,1.1531431674957275,1770,244.2098388671875,-2.4619300365448,128,0.0001,7184,72,98.33333333333333,-96988.94907406945
59,998.9116821289062,1.163921594619751,1878,254.88626098632812,-2.6024489402770996,128,0.0001,7616,76,96.61842105263158,-97049.92543859211
63,803.9940185546875,1.1764073371887207,2000,260.2349548339844,-2.6573970317840576,128,0.0001,8104,80,98.375,-97012.8041666625
66,219.6170654296875,1.188011646270752,2111,269.13848876953125,-2.9129433631896973,128,0.0001,8548,84,98.92857142857143,-97087.90873015477
70,394.8465576171875,1.200683832168579,2229,276.9622802734375,-3.236992359161377,128,0.0001,9020,88,100.8409090909091,-97056.64015151137
74,394.9307861328125,1.2163783311843872,2372,288.98284912109375,-3.455495834350586,128,0.0001,9592,92,100.29347826086956,-96996.26992753262
76,219.71084594726562,1.2242085933685303,2442,291.40069580078125,-3.6391634941101074,128,0.0001,9872,96,101.91666666666667,-96955.03211805208
81,239.1758270263672,1.2407993078231812,2588,299.3437194824219,-3.7360057830810547,128,0.0001,10456,100,101.77,-96904.93083333
83,434.1522521972656,1.2494158744812012,2662,303.1659851074219,-3.853973865509033,128,0.0001,10752,104,104.39,-96724.25083333
87,394.95947265625,1.2623087167739868,2771,312.22589111328125,-4.09621524810791,128,0.0001,11188,108,106.0,-96840.35083333001
90,434.2009582519531,1.273349642753601,2863,313.4827575683594,-3.9579217433929443,128,0.0001,11556,112,105.42,-96737.17583333001
95,1173.866943359375,1.293114185333252,3025,326.89117431640625,-4.396778106689453,127,0.0001,12204,116,108.17,-96763.97583333001
98,200.56716918945312,1.3052338361740112,3123,329.96734619140625,-4.592990875244141,127,0.0001,12596,120,109.27,-96778.72583333001
99,609.5921020507812,1.3102432489395142,3163,332.89044189453125,-4.572906017303467,127,0.0001,12756,124,107.35,-96861.70083333
102,415.1996765136719,1.320206642150879,3242,336.09722900390625,-4.473261833190918,127,0.0001,13072,128,105.99,-96848.10083333001
106,415.05157470703125,1.3390907049179077,3389,347.47802734375,-5.151444911956787,127,0.0001,13660,132,105.14,-97047.87583333
110,784.8563842773438,1.3547346591949463,3509,350.96337890625,-5.147881984710693,127,0.0001,14140,136,106.72,-97063.67583333001
112,415.0775146484375,1.3622337579727173,3566,354.9794921875,-5.182987213134766,127,0.0001,14368,140,108.0,-97076.47583333001
113,804.3795776367188,1.3679698705673218,3609,359.76385498046875,-5.385129451751709,127,0.0001,14540,144,105.63,-97264.0675
117,784.7902221679688,1.3857349157333374,3741,363.6688537597656,-5.85004997253418,127,0.0001,15068,148,105.9,-97366.7675
119,473.93524169921875,1.3926799297332764,3792,368.4826965332031,-5.953922748565674,127,0.0001,15272,152,104.36,-97447.9925
123,6.586596488952637,1.408268928527832,3906,374.01318359375,-6.293444633483887,127,0.0001,15728,156,105.64,-97362.2675
126,590.5519409179688,1.423753261566162,4017,374.29925537109375,-5.896427154541016,127,0.0001,16172,160,104.35,-97550.4075
130,26.23855209350586,1.441288709640503,4141,383.375,-5.986783027648926,128,0.0001,16668,164,104.35,-97436.9225
135,415.54864501953125,1.4641118049621582,4300,392.8171081542969,-6.5871429443359375,128,0.0001,17304,168,102.04,-97513.9725
138,396.09088134765625,1.4800500869750977,4409,395.044921875,-6.792492866516113,127,0.0001,17740,172,103.22,-97424.1975
141,784.9061889648438,1.493485927581787,4500,401.79791259765625,-6.990231513977051,127,0.0001,18104,176,105.7,-97548.9975
143,590.4735717773438,1.5053741931915283,4580,403.73150634765625,-6.833983421325684,127,0.0001,18424,180,103.71,-97524.5225
148,396.59161376953125,1.524162769317627,4705,409.3912353515625,-7.069490432739258,127,0.0001,18924,184,104.74,-97634.8225
152,785.4370727539062,1.5458757877349854,4848,417.5018310546875,-7.807879447937012,127,0.0001,19496,188,103.89,-97621.1975
158,260.54388427734375,1.5741238594055176,5031,424.05450439453125,-8.065498352050781,127,0.0001,20228,192,107.32,-97659.7475
160,280.3284912109375,1.5871822834014893,5114,427.8805847167969,-7.4624834060668945,127,0.0001,20560,196,106.5,-97665.985
163,202.33001708984375,1.6023041009902954,5209,432.7543640136719,-8.035412788391113,127,0.0001,20940,200,105.43,-97764.66
165,591.0223999023438,1.6117042303085327,5268,439.3888854980469,-7.997588157653809,127,0.0001,21176,204,104.24,-98060.69
170,416.8509826660156,1.6356990337371826,5416,445.0800476074219,-8.203479766845703,127,0.0001,21768,208,104.61,-97964.09
175,805.405029296875,1.663413405418396,5585,454.56610107421875,-8.72041130065918,127,0.0001,22444,212,106.73,-97875.25
178,825.0691528320312,1.677602767944336,5670,453.2192077636719,-9.20625114440918,127,0.0001,22784,216,106.36,-97765.21
182,611.4559936523438,1.7002930641174316,5805,459.45135498046875,-8.6676664352417,127,0.0001,23324,220,105.63,-97755.335
189,786.668212890625,1.7408790588378906,6041,467.13568115234375,-9.282783508300781,127,0.0001,24268,224,111.52,-97797.285
192,611.4219970703125,1.7560138702392578,6128,475.66693115234375,-9.468953132629395,127,0.0001,24616,228,115.43,-97627.16
195,397.349365234375,1.7733229398727417,6227,479.85174560546875,-9.665081024169922,127,0.0001,25012,232,116.0,-97322.89888888999
199,786.1885375976562,1.7946408987045288,6347,484.8162841796875,-10.172710418701172,127,0.0001,25492,236,112.23,-97082.47388889
203,1000.2017822265625,1.8175381422042847,6474,492.21929931640625,-10.294456481933594,128,0.0001,26000,240,113.69,-97084.31388889
206,611.3486938476562,1.837809681892395,6585,495.9210205078125,-10.570764541625977,128,0.0001,26444,244,117.52,-96594.85170940001
208,242.57762145996094,1.850394368171692,6653,494.78497314453125,-9.270219802856445,128,0.0001,26716,248,117.93,-96194.10726496
210,242.85231018066406,1.8622305393218994,6717,503.3443603515625,-10.685958862304688,128,0.0001,26972,252,116.05,-96177.10726496
215,9.469334602355957,1.8910449743270874,6872,504.92718505859375,-9.98363971710205,128,0.0001,27592,256,115.85,-96273.78226496
217,1234.113525390625,1.9050498008728027,6946,515.0110473632812,-11.076550483703613,128,0.0001,27888,260,117.93,-96186.52226496
219,223.47854614257812,1.9143788814544678,6995,516.2127075195312,-10.633134841918945,128,0.0001,28084,264,115.46,-96480.78226496
222,456.3671875,1.9358031749725342,7106,517.9610595703125,-11.302329063415527,128,0.0001,28528,268,112.88,-96355.13226496
225,612.4830322265625,1.9543800354003906,7202,530.5379638671875,-10.930434226989746,128,0.0001,28912,272,113.0,-96356.10726496
228,418.104736328125,1.9690238237380981,7277,534.14453125,-11.683682441711426,128,0.0001,29212,276,111.71,-96239.45726496
230,29.771223068237305,1.9868876934051514,7368,530.1324462890625,-12.06566047668457,128,0.0001,29576,280,111.44,-96237.60726496
234,981.5890502929688,2.0117475986480713,7492,537.4249267578125,-11.851569175720215,128,0.0001,30072,284,109.29,-96108.83226496
238,1001.1981811523438,2.033996820449829,7602,547.209716796875,-11.285826683044434,128,0.0001,30512,288,110.98,-96229.25726496
242,807.098388671875,2.061840295791626,7738,546.9186401367188,-12.25704574584961,128,0.0001,31056,292,108.7,-96410.38226496
244,593.3517456054688,2.075432538986206,7804,556.04296875,-11.75153636932373,128,0.0001,31320,296,106.42,-96588.18226495999
247,11.195474624633789,2.0985941886901855,7915,564.3563842773438,-12.235264778137207,128,0.0001,31764,300,109.0,-96715.40726496
252,1001.2860107421875,2.126767873764038,8048,571.0506591796875,-12.805522918701172,128,0.0001,32296,304,110.41,-96323.26115384999
256,593.9743041992188,2.155310869216919,8182,582.1122436523438,-13.47579288482666,128,0.0001,32832,308,110.43,-96323.76115384999
260,51.083099365234375,2.1867852210998535,8327,580.6774291992188,-13.490058898925781,128,0.0001,33412,312,110.94,-96422.02615384999
264,613.0111694335938,2.2092175483703613,8429,585.7831420898438,-13.264286041259766,128,0.0001,33820,316,109.72,-96516.86615385
267,206.2011260986328,2.229928493499756,8522,593.576416015625,-12.329290390014648,128,0.0001,34192,320,110.12,-96627.94115385
271,420.32305908203125,2.2624380588531494,8667,603.70263671875,-14.54726791381836,127,0.0001,34772,324,106.21,-96708.19115385
274,400.4016418457031,2.281820297241211,8752,604.5072021484375,-13.622283935546875,127,0.0001,35112,328,104.99,-97005.21615385
277,827.4482421875,2.3002429008483887,8832,602.9157104492188,-14.138824462890625,127,0.0001,35432,332,102.89,-97092.13282052
280,400.3749084472656,2.3233771324157715,8933,612.8026123046875,-13.60538387298584,127,0.0001,35836,336,104.28,-97205.15782051999
282,1176.981201171875,2.3418116569519043,9012,624.2528076171875,-14.82588005065918,127,0.0001,36152,340,103.43,-97303.56782052
285,672.366455078125,2.361281633377075,9095,623.6675415039062,-14.979303359985352,127,0.0001,36484,344,101.18,-97598.10500001001
287,614.9051513671875,2.3810627460479736,9179,631.8010864257812,-14.286264419555664,127,0.0001,36820,348,100.02,-97991.34944445
289,440.27960205078125,2.39627742767334,9243,635.3839721679688,-14.943767547607422,127,0.0001,37076,352,102.02,-97706.40916667
293,634.3336791992188,2.428194522857666,9376,643.2470703125,-15.726493835449219,127,0.0001,37608,356,101.43,-97699.30916666999
295,401.3761901855469,2.439368963241577,9422,641.0493774414062,-14.947023391723633,127,0.0001,37792,360,99.77,-97791.29416666999
298,226.12051391601562,2.4652836322784424,9528,644.1691284179688,-15.100749969482422,127,0.0001,38216,364,100.79,-97909.21916667
304,654.2368774414062,2.51072359085083,9710,661.8258666992188,-14.822237014770508,128,0.0001,38944,368,100.39,-98109.49416666999
306,809.16259765625,2.5272252559661865,9786,633.2601318359375,-10.865180015563965,128,0.0001,39248,372,104.3,-97818.82044871998
308,227.04409790039062,2.5386929512023926,9850,631.730224609375,-11.14116096496582,128,0.0001,39504,376,102.36,-97903.17044872
313,420.50823974609375,2.5681941509246826,10011,631.0889892578125,-10.65753173828125,128,0.0001,40148,380,104.32,-97919.99544872
317,460.12603759765625,2.5931613445281982,10142,632.79443359375,-10.957934379577637,128,0.0001,40672,384,107.14,-97952.84544872
319,635.1048583984375,2.607024908065796,10212,635.9984130859375,-10.815536499023438,128,0.0001,40952,388,104.38,-97818.89544872001
322,246.36013793945312,2.628495931625366,10318,638.1290283203125,-10.942706108093262,128,0.0001,41376,392,103.97,-97608.70239316001
326,402.5498046875,2.650270938873291,10423,635.4722900390625,-11.449480056762695,128,0.0001,41796,396,105.61,-97514.15239316001
330,616.1065063476562,2.6786303520202637,10555,638.1093139648438,-11.625802993774414,128,0.0001,42324,400,105.46,-97512.65239316001
334,247.73345947265625,2.708927631378174,10691,642.025634765625,-10.927305221557617,128,0.0001,42868,404,105.24,-97810.17350427002
340,829.2420043945312,2.749465227127075,10867,645.3011474609375,-11.075666427612305,128,0.0001,43572,408,106.52,-97818.54850427002
342,616.5578002929688,2.7657999992370605,10936,642.2675170898438,-10.901463508605957,128,0.0001,43848,412,106.23,-98032.52350427002
346,441.1021423339844,2.7984280586242676,11072,652.4075927734375,-13.045526504516602,128,0.0001,44392,416,106.04,-97928.14850427002
350,246.8651885986328,2.8243601322174072,11177,647.2049560546875,-12.319068908691406,128,0.0001,44812,420,107.38,-97830.79850427002
352,985.3323974609375,2.8461313247680664,11264,663.513916015625,-13.46066951751709,128,0.0001,45160,424,106.12,-97716.53600427002
359,442.18218994140625,2.8980443477630615,11464,658.385986328125,-12.71509838104248,127,0.0001,45960,428,108.38,-97739.13600427001
363,229.48541259765625,2.935422897338867,11604,669.5430297851562,-12.88195514678955,127,0.0001,46520,432,110.89,-97966.28044871
365,443.0360107421875,2.954303503036499,11674,669.0036010742188,-12.213996887207031,127,0.0001,46800,436,110.66,-97963.53044871
368,598.2498779296875,2.982343912124634,11776,672.1217041015625,-12.359960556030273,127,0.0001,47208,440,111.59,-97974.03044871
373,616.5240478515625,3.0211946964263916,11915,681.7381591796875,-13.531850814819336,127,0.0001,47764,444,111.54,-98081.71794871
376,230.35247802734375,3.051323413848877,12021,681.450927734375,-13.680275917053223,127,0.0001,48188,448,115.15,-97910.43461537999
380,249.77987670898438,3.085500478744507,12138,679.9290771484375,-12.449318885803223,127,0.0001,48656,452,115.14,-98318.57489316
386,423.5230712890625,3.1426196098327637,12330,686.921142578125,-13.065394401550293,128,0.0001,49424,456,117.69,-98448.87489316
390,212.32424926757812,3.1873538494110107,12477,696.9951171875,-12.474568367004395,128,0.0001,50012,460,117.99,-98455.17489316
394,425.2221374511719,3.2274467945098877,12607,711.2261352539062,-13.652005195617676,128,0.0001,50532,464,122.13,-98153.46655982999
398,252.03334045410156,3.263436794281006,12722,712.6421508789062,-13.101424217224121,128,0.0001,50992,468,122.98,-98054.54155982999
402,232.18154907226562,3.311861753463745,12874,717.9283447265625,-14.229969024658203,128,0.0001,51600,472,121.83,-98477.96527778
405,232.967041015625,3.335203170776367,12946,724.277587890625,-14.24911880493164,128,0.0001,51888,476,124.7,-98506.66527777999
407,639.88916015625,3.3637046813964844,13033,732.407958984375,-14.311888694763184,128,0.0001,52236,480,122.73,-98693.46527778
410,621.04150390625,3.3935413360595703,13124,744.2233276367188,-14.9845552444458,128,0.0001,52600,484,119.87,-98767.49027778
415,795.0443725585938,3.4419898986816406,13269,738.2174072265625,-14.946820259094238,128,0.0001,53180,488,119.95,-98872.64027778
417,406.86993408203125,3.4718382358551025,13356,752.86572265625,-14.85287857055664,128,0.0001,53528,492,121.33,-98688.15833333999
422,989.40869140625,3.5178167819976807,13489,746.5667724609375,-13.11439323425293,128,0.0001,54060,496,121.01,-98695.90833333999
424,273.3731994628906,3.5493204593658447,13579,762.7288818359375,-13.753807067871094,128,0.0001,54420,500,119.82,-98684.00833334
428,429.0390625,3.5925722122192383,13702,771.172607421875,-14.585525512695312,128,0.0001,54912,504,120.12,-98691.35833333999
434,216.0106658935547,3.656996488571167,13882,787.8060913085938,-15.856106758117676,128,0.0001,55632,508,121.66,-98608.93333333998
439,796.8486328125,3.710686445236206,14030,785.8662109375,-14.296144485473633,127,0.0001,56224,512,121.63,-98401.43333333998
443,449.02984619140625,3.756401300430298,14154,799.86181640625,-14.561180114746094,127,0.0001,56720,516,120.38,-98591.40833333999
445,256.54571533203125,3.783975601196289,14228,807.1768798828125,-16.32223892211914,127,0.0001,57016,520,121.18,-98710.15833333999
449,409.5674743652344,3.826032876968384,14339,803.7520751953125,-16.019119262695312,127,0.0001,57460,524,120.99,-98809.92083333999
454,816.5076904296875,3.888435125350952,14502,824.9078369140625,-16.016935348510742,127,0.0001,58112,528,121.2,-98702.27083334
457,409.8000183105469,3.924426555633545,14595,818.5122680664062,-15.018077850341797,127,0.0001,58484,532,120.25,-98590.29583333999
460,448.1749572753906,3.9647674560546875,14697,829.93359375,-16.36911392211914,127,0.0001,58892,536,120.18,-98590.42083333999
467,44.50608825683594,4.054990291595459,14923,851.8460083007812,-18.02235221862793,127,0.0001,59796,540,123.7,-98730.27083334
470,218.40818786621094,4.093221664428711,15017,860.7342529296875,-15.96046257019043,127,0.0001,60172,544,124.7,-98842.80833333998
476,64.52322387695312,4.181123733520508,15230,865.518310546875,-17.54356575012207,127,0.0001,61024,548,125.02,-98941.40416666999
480,220.75160217285156,4.233570575714111,15356,879.2032470703125,-16.01597023010254,127,0.0001,61528,552,128.17,-98972.90416666999
483,606.8427124023438,4.263037204742432,15426,883.5740966796875,-17.149738311767578,127,0.0001,61808,556,125.9,-98950.20416667
486,432.14007568359375,4.308745384216309,15533,903.4235229492188,-18.030126571655273,127,0.0001,62236,560,125.91,-98746.09583333999
489,604.51806640625,4.357362747192383,15645,910.6687622070312,-18.405967712402344,127,0.0001,62684,564,121.53,-99045.40416666999
492,220.24949645996094,4.393139362335205,15727,913.1326904296875,-16.65093994140625,127,0.0001,63012,568,122.36,-99053.55416667
497,437.0975646972656,4.458780288696289,15876,941.8341674804688,-17.701242446899414,127,0.0001,63608,572,120.31,-99133.45416667
501,629.496826171875,4.520770072937012,16014,956.7678833007812,-18.80158042907715,127,0.0001,64160,576,121.36,-99143.95416667
507,627.5966186523438,4.615170478820801,16220,958.5452880859375,-16.612430572509766,127,0.0001,64984,580,123.75,-98952.17916667
512,247.32408142089844,4.67977237701416,16360,996.3365478515625,-18.139799118041992,127,0.0001,65544,584,127.83,-98783.97916666999
517,417.46917724609375,4.749890327453613,16509,991.5355224609375,-19.01763916015625,127,0.0001,66140,588,129.4,-98798.62916667
522,630.0464477539062,4.828498363494873,16673,1000.2861328125,-18.83395767211914,127,0.0001,66796,592,131.28,-99111.90416666999
526,800.2127075195312,4.888731479644775,16797,1003.4765625,-18.650249481201172,127,0.0001,67292,596,132.97,-99123.10416666999
528,456.9399108886719,4.925297260284424,16872,1032.556884765625,-19.92253875732422,127,0.0001,67592,600,133.25,-99018.77916666999
532,228.31182861328125,4.988420486450195,17000,1035.279296875,-16.478107452392578,127,0.0001,68104,604,133.15,-98812.75416667
535,227.4375457763672,5.042136192321777,17107,1048.5418701171875,-19.916118621826172,127,0.0001,68532,608,130.51,-98988.60416666999
541,439.1387023925781,5.138768196105957,17298,1069.6905517578125,-18.724069595336914,127,0.0001,69296,612,131.25,-98787.05916666999
547,230.78826904296875,5.236884593963623,17488,1093.665771484375,-18.965999603271484,127,0.0001,70056,616,135.69,-98728.65916667
550,229.3558807373047,5.277473449707031,17565,1098.9083251953125,-19.599876403808594,127,0.0001,70364,620,131.37,-98785.45916667
555,632.6358642578125,5.374359130859375,17747,1094.4716796875,-19.224594116210938,127,0.0001,71092,624,134.6,-98503.00083333999
558,461.9933166503906,5.4231438636779785,17837,1120.5167236328125,-18.569129943847656,127,0.0001,71452,628,132.6,-98379.32583333999
563,843.8908081054688,5.510237693786621,17997,1133.5611572265625,-18.198625564575195,127,0.0001,72092,632,135.47,-98406.12583333999
567,441.38818359375,5.583855628967285,18129,1142.998046875,-18.527915954589844,127,0.0001,72620,636,136.54,-98520.05083333999
570,444.6968688964844,5.624749660491943,18202,1172.1982421875,-19.164690017700195,127,0.0001,72912,640,133.06,-98382.17583333999
575,1023.1507568359375,5.73147439956665,18391,1197.622802734375,-18.993637084960938,127,0.0001,73668,644,132.65,-98264.05083333999
579,41.75932312011719,5.80419921875,18517,1202.60205078125,-21.45854949951172,127,0.0001,74172,648,133.21,-98166.64833334
584,446.49462890625,5.886209487915039,18658,1219.510009765625,-20.754329681396484,127,0.0001,74736,652,131.58,-98050.34833333999
586,448.6131591796875,5.92320442199707,18721,1247.84912109375,-21.224082946777344,127,0.0001,74988,656,131.79,-97650.28833334
591,830.3146362304688,6.031979560852051,18902,1261.078857421875,-19.579378128051758,127,0.0001,75712,660,131.55,-97952.92166667
597,446.92144775390625,6.1313581466674805,19066,1266.7554931640625,-23.52722930908203,127,0.0001,76368,664,134.79,-97876.69666666999
601,813.130126953125,6.223621368408203,19215,1288.7484130859375,-21.86908531188965,127,0.0001,76964,668,135.09,-97886.52166667
608,621.5433959960938,6.345254421234131,19409,1311.271240234375,-23.005592346191406,127,0.0001,77740,672,141.75,-97645.30916666999
614,298.1440734863281,6.468339920043945,19601,1352.548095703125,-21.270631790161133,127,0.0001,78508,676,142.18,-97541.20916667
619,236.99916076660156,6.569216251373291,19756,1340.6400146484375,-22.073646545410156,127,0.0001,79128,680,143.91,-97572.60916667
622,644.1011352539062,6.644311904907227,19870,1361.0108642578125,-21.67186737060547,127,0.0001,79584,684,141.57,-97653.30916666999
628,50.651222229003906,6.7721686363220215,20062,1382.8577880859375,-21.084102630615234,127,0.0001,80352,688,143.11,-97567.73416667
637,474.5393981933594,6.953080654144287,20326,1450.1513671875,-23.67824363708496,127,0.0001,81408,692,145.71,-97499.78416667
641,72.71277618408203,7.0529913902282715,20468,1455.953857421875,-23.512813568115234,127,0.0001,81976,696,146.26,-97410.98416667
646,433.0246887207031,7.159400939941406,20619,1477.417724609375,-24.48123550415039,127,0.0001,82580,700,147.03,-97525.80916666999
651,242.4023895263672,7.240197658538818,20785,1379.4677734375,-14.061811447143555,127,0.0001,83244,704,150.18,-97638.33416667
657,471.8465270996094,7.321510314941406,20979,1372.33740234375,-12.339218139648438,127,0.0001,84020,708,151.16,-97540.55916666999
664,261.9293212890625,7.428986549377441,21212,1386.884765625,-13.173480987548828,127,0.0001,84952,712,152.91,-97759.3125
668,851.984130859375,7.486997604370117,21332,1353.6988525390625,-9.053373336791992,127,0.0001,85432,716,155.07,-97883.7125
671,621.4817504882812,7.536059379577637,21429,1395.5611572265625,-15.922600746154785,127,0.0001,85820,720,157.11,-97904.1125
677,434.7308349609375,7.632845401763916,21610,1349.915283203125,-12.242881774902344,127,0.0001,86544,724,155.03,-98096.27083333001
683,646.9661254882812,7.746379375457764,21812,1389.94921875,-13.009613990783691,127,0.0001,87352,728,156.15,-98113.24583333
692,1015.7816772460938,7.90595817565918,22075,1400.072509765625,-12.07584285736084,127,0.0001,88404,732,156.53,-98116.77083333001
702,624.8225708007812,8.019317626953125,22379,1278.73779296875,-3.6962594985961914,127,0.0001,89620,736,164.66,-98198.07083333
707,274.3397216796875,8.036871910095215,22542,1310.79052734375,-2.9049394130706787,127,0.0001,90272,740,173.29,-98160.08583333
715,269.410888671875,8.066502571105957,22796,1236.7568359375,-2.4683218002319336,127,0.0001,91288,744,175.57,-97990.54511904
719,1014.1433715820312,8.085389137268066,22945,1198.01025390625,-1.0319733619689941,127,0.0001,91884,748,177.92,-98021.70178570999
726,268.9279479980469,8.114789009094238,23158,1187.961181640625,-2.2184929847717285,127,0.0001,92736,752,179.18,-97916.16428571
731,443.5376281738281,8.142524719238281,23331,1170.620849609375,-2.716794490814209,127,0.0001,93428,756,182.53,-98151.22428570999
737,305.07647705078125,8.026219367980957,23497,1074.8355712890625,9.529499053955078,127,0.0001,94092,760,186.18,-97868.62428570999
742,270.73046875,7.882193088531494,23678,1031.626953125,8.442083358764648,127,0.0001,94816,764,184.85,-97859.48678570999
747,447.32733154296875,7.769729137420654,23822,1003.0513305664062,9.090169906616211,127,0.0001,95392,768,187.04,-97878.28678570999
751,250.44667053222656,7.675088882446289,23945,964.0947265625,9.244026184082031,127,0.0001,95884,772,181.57,-98131.39928571
760,55.64253234863281,7.460421085357666,24230,882.3641357421875,8.418258666992188,127,0.0001,97024,776,184.54,-98269.49928570999
764,458.9658203125,7.363630771636963,24361,851.8974609375,9.181283950805664,127,0.0001,97548,780,183.21,-98349.28678570999
770,654.9140625,7.2179789543151855,24562,857.2911376953125,8.275117874145508,127,0.0001,98352,784,186.87,-98490.78678570999
780,692.9696655273438,6.9968695640563965,24877,841.3966064453125,7.701464653015137,127,0.0001,99612,788,189.36,-98721.31178570999
793,282.4811706542969,6.740520477294922,25257,827.304443359375,9.297581672668457,127,0.0001,101132,792,195.68,-98988.36178570999
798,87.84497833251953,6.626340866088867,25431,773.7808837890625,8.304536819458008,127,0.0001,101828,796,198.77,-99006.52428571
807,491.25946044921875,6.439807891845703,25723,754.185791015625,7.532649040222168,127,0.0001,102996,800,201.72,-98936.02428571
815,486.5791931152344,6.28605842590332,25972,792.94580078125,6.63140869140625,127,0.0001,103992,804,207.49,-99119.89928571
826,262.9396667480469,6.076666355133057,26319,678.16064453125,7.898697853088379,127,0.0001,105380,808,210.22,-99254.77428571
833,452.4324645996094,5.937056064605713,26559,717.5517578125,7.458676338195801,127,0.0001,106340,812,212.32,-99490.66595238
841,256.8255920410156,5.800665855407715,26799,664.741943359375,7.231207847595215,127,0.0001,107300,816,214.36,-99511.06595238
847,642.3213500976562,5.701433181762695,26977,699.7586669921875,6.452911853790283,127,0.0001,108012,820,220.56,-99362.04095238
853,243.71717834472656,5.596858024597168,27168,626.83447265625,7.356197357177734,127,0.0001,108776,824,223.24,-99490.64095238
861,644.55419921875,5.462667465209961,27418,675.8242797851562,6.344906806945801,127,0.0001,109776,828,224.94,-99612.31595238
870,1221.776123046875,5.305030345916748,27720,770.4618530273438,5.990072250366211,127,0.0001,110984,832,226.28,-99630.36595238
882,284.1996765136719,5.116087436676025,28096,638.521728515625,5.636537075042725,127,0.0001,112488,836,225.98,-99526.31595238
894,481.7479553222656,4.931076526641846,28479,743.5794677734375,6.521844387054443,127,0.0001,114020,840,226.49,-99656.85095238
906,272.89739990234375,4.760197639465332,28845,646.298583984375,5.715014457702637,127,0.0001,115484,844,235.26,-100050.91666666999
922,272.40618896484375,4.538574695587158,29342,655.9421997070312,5.250340461730957,127,0.0001,117472,848,246.32,-100368.85
937,646.4655151367188,4.329015731811523,29829,616.1656494140625,5.055286407470703,127,0.0001,119420,852,256.45,-100469.4
955,501.7169189453125,4.104095935821533,30383,639.8660888671875,5.525390625,127,0.0001,121636,856,273.88,-99844.4
972,292.1697692871094,3.890922784805298,30935,629.169677734375,4.843425750732422,127,0.0001,123844,860,286.72,-100291.9
986,310.7408142089844,3.725548505783081,31383,771.4552001953125,4.353855133056641,127,0.0001,125636,864,300.11,-99530.3625
995,285.81365966796875,3.631096363067627,31648,659.94482421875,4.456799507141113,127,0.0001,126696,868,310.35,-99631.0625
1023,101.34353637695312,3.334559679031372,32521,611.8582763671875,3.6419596672058105,127,0.0001,130188,872,324.76,-98363.90833333001
1030,301.4931640625,3.2581489086151123,32761,544.1273193359375,4.6136250495910645,127,0.0001,131148,876,335.6,-97472.40833333001
1041,255.74365234375,3.148303270339966,33117,638.4185791015625,3.6982741355895996,127,0.0001,132572,880,349.03,-96457.00416666002
1055,460.03375244140625,3.0173022747039795,33556,464.12890625,3.924895763397217,127,0.0001,134328,884,355.19,-96409.82916666001
1068,272.4354553222656,2.8877885341644287,34012,507.5034484863281,3.8583364486694336,127,0.0001,136152,888,359.92,-96103.77416666
1076,270.9922790527344,2.8187475204467773,34265,460.2044372558594,3.5855090618133545,127,0.0001,137164,892,361.85,-94636.66166666002
1089,463.21771240234375,2.7147397994995117,34653,637.644287109375,3.4774651527404785,127,0.0001,138716,896,362.0,-94738.89916666
1105,81.83335876464844,2.5801773071289062,35182,611.6146850585938,2.476912021636963,127,0.0001,140832,900,370.94,-94618.23166666001
1119,246.1531524658203,2.4734930992126465,35618,512.8292846679688,3.353687286376953,127,0.0001,142576,904,380.25,-93811.43166666
1132,274.3559265136719,2.378370523452759,36022,578.4285278320312,3.056321859359741,127,0.0001,144192,908,392.77,-93831.68166666
1154,469.2319641113281,2.2175374031066895,36740,477.43017578125,2.454678773880005,127,0.0001,147064,912,407.89,-92299.61162392002
1172,635.232421875,2.096616744995117,37315,577.6990966796875,2.2788748741149902,127,0.0001,149364,916,419.93,-92184.28662392
1183,280.7462158203125,2.02343487739563,37679,611.66943359375,2.056959629058838,127,0.0001,150820,920,425.98,-92222.21162392
1191,82.54342651367188,1.9760373830795288,37922,589.8926391601562,2.007124900817871,127,0.0001,151792,924,427.36,-91931.83384614
1205,84.82830810546875,1.8892573118209839,38381,609.3233642578125,1.7118502855300903,127,0.0001,153628,928,428.6,-91947.20884614
1216,435.0242614746094,1.8311737775802612,38697,464.7891845703125,1.3980871438980103,127,0.0001,154892,932,445.53,-91012.05884614
1242,78.46737670898438,1.6854002475738525,39539,566.978271484375,1.4449336528778076,127,0.0001,158260,936,454.23,-91100.10884614
1270,68.4792251586914,1.5429455041885376,40438,508.09783935546875,1.3588600158691406,127,0.0001,161856,940,470.58,-89848.50384614
1289,81.23338317871094,1.4524636268615723,41047,481.1026306152344,1.2289319038391113,127,0.0001,164292,944,489.97,-87424.55884614
1301,651.57861328125,1.397799015045166,41438,774.4715576171875,0.8357024192810059,127,0.0001,165856,948,492.87,-86926.01384614
1325,77.81448364257812,1.2968930006027222,42185,466.23675537109375,0.6638596057891846,127,0.0001,168844,952,492.22,-87024.90134614
1339,253.6626739501953,1.2372028827667236,42649,459.9809265136719,0.6455833315849304,127,0.0001,170700,956,495.13,-87054.00134614
1351,219.70364379882812,1.1904762983322144,43028,412.7714538574219,0.6238126754760742,127,0.0001,172216,960,489.28,-86995.50134614
1360,234.55911254882812,1.1561198234558105,43316,337.2362365722656,0.43478232622146606,127,0.0001,173368,964,483.12,-87726.44717947001
1377,429.3243103027344,1.095442533493042,43846,337.7832946777344,0.2494051158428192,127,0.0001,175488,968,478.74,-87788.19717947001
1399,254.27598571777344,1.0195711851119995,44550,515.7801513671875,0.04920312017202377,127,0.0001,178304,972,486.02,-88047.78884614
1413,409.84747314453125,0.9765546917915344,44975,224.39183044433594,-0.08412770926952362,127,0.0001,180004,976,489.94,-88786.88884614
1432,30.426237106323242,0.9187116622924805,45577,282.654541015625,-0.30332130193710327,127,0.0001,182412,980,494.55,-88666.65475523
1438,52.161197662353516,0.9020068645477295,45758,408.90911865234375,-0.3375549614429474,127,0.0001,183136,984,492.97,-88656.39225523
1457,254.25209045410156,0.8474782705307007,46372,448.8275146484375,-0.5214030742645264,127,0.0001,185592,988,496.49,-88791.02225523001
1468,221.79624938964844,0.818867564201355,46712,257.22021484375,-0.7407947778701782,127,0.0001,186952,992,495.42,-90166.20975523001
1480,19.02867889404297,0.7863678336143494,47110,207.0604705810547,-0.8459383249282837,127,0.0001,188544,996,506.1,-88868.97616937
1495,430.79632568359375,0.7502252459526062,47573,355.4964904785156,-1.0256388187408447,127,0.0001,190396,1000,500.47,-89122.74366937
1517,418.1359558105469,0.6973116993904114,48290,164.00489807128906,-1.3358345031738281,127,0.0001,193264,1004,504.95,-88832.06866937
1529,34.11005401611328,0.6719329357147217,48653,187.4555206298828,-1.2054380178451538,127,0.0001,194716,1008,503.93,-87484.94089159001
1543,20.61322021484375,0.6415075063705444,49112,220.37986755371094,-1.7248495817184448,127,0.0001,196552,1012,488.43,-88913.21093433
1556,211.39566040039062,0.6152006983757019,49528,201.1675567626953,-1.8894762992858887,127,0.0001,198216,1016,481.41,-87851.16093433001
1563,204.5281524658203,0.6025261878967285,49733,160.14010620117188,-2.103271484375,127,0.0001,199036,1020,482.21,-86992.86093433
1575,8.213526725769043,0.5799527168273926,50109,146.43069458007812,-1.8595045804977417,127,0.0001,200540,1024,485.27,-87125.63871211
1584,30.956525802612305,0.5622782707214355,50416,165.57997131347656,-2.304457187652588,127,0.0001,201768,1028,489.32,-87033.06371211
1593,214.3637237548828,0.545836865901947,50709,224.44390869140625,-2.2242891788482666,127,0.0001,202940,1032,474.98,-87994.11371211
1603,219.13270568847656,0.5293565988540649,51013,150.04727172851562,-2.8048410415649414,127,0.0001,204156,1036,466.14,-87905.71371211
1612,208.2259521484375,0.5144952535629272,51294,173.29885864257812,-2.570206880569458,127,0.0001,205280,1040,448.74,-89148.74371211
1631,215.23077392578125,0.48447713255882263,51889,220.7699737548828,-2.7829980850219727,127,0.0001,207660,1044,427.98,-91246.47621210999
1640,12.388558387756348,0.47076255083084106,52176,176.82669067382812,-2.4533965587615967,127,0.0001,208808,1048,425.52,-90649.52121211
1665,198.47946166992188,0.4340955913066864,52984,123.35105895996094,-3.8229475021362305,127,0.0001,212040,1052,427.38,-90580.39621211
1671,24.464658737182617,0.42582640051841736,53176,127.8881607055664,-4.038204193115234,127,0.0001,212808,1056,425.13,-90221.50037878
1682,10.929670333862305,0.4117506146430969,53514,163.86666870117188,-3.3143444061279297,127,0.0001,214160,1060,420.49,-90175.10037877999
1709,213.39309692382812,0.3777264654636383,54385,213.0522003173828,-3.252872943878174,127,0.0001,217644,1064,434.63,-88997.97954544998
1719,210.27769470214844,0.36568495631217957,54715,189.26217651367188,-3.0369715690612793,127,0.0001,218964,1068,434.46,-88895.57954544999
1736,16.41367530822754,0.3468611538410187,55248,191.86126708984375,-3.7043139934539795,127,0.0001,221096,1072,430.18,-88837.36704544998
1743,6.542700290679932,0.33841267228126526,55497,131.9720001220703,-3.802476167678833,127,0.0001,222092,1076,422.13,-88780.44204544999
1770,26.332286834716797,0.3111867904663086,56349,135.20928955078125,-3.5316624641418457,127,0.0001,225500,1080,431.15,-88031.24280302999
1797,13.071088790893555,0.28551506996154785,57225,170.36524963378906,-4.19159460067749,127,0.0001,229004,1084,436.21,-86847.97530302999
1807,7.79543399810791,0.2766486406326294,57548,139.7196044921875,-5.159267425537109,127,0.0001,230296,1088,450.55,-84245.60030302999
1822,208.19149780273438,0.26440349221229553,58007,173.1783447265625,-4.611513137817383,127,0.0001,232132,1092,452.3,-84113.67530303
1839,5.217868804931641,0.2498936802148819,58582,122.4273681640625,-5.276471138000488,127,0.0001,234432,1096,443.51,-85295.38388888999
1849,5.6374592781066895,0.24221834540367126,58898,123.337890625,-4.76671028137207,127,0.0001,235696,1100,448.72,-85217.63388888999
1869,28.96417808532715,0.22783055901527405,59522,150.07054138183594,-4.991528034210205,127,0.0001,238192,1104,443.16,-86098.70888889
1882,4.082317352294922,0.21907195448875427,59922,113.45329284667969,-5.261618614196777,127,0.0001,239792,1108,447.07,-86350.31166667
1887,227.67239379882812,0.21569693088531494,60083,170.74545288085938,-5.227508544921875,127,0.0001,240436,1112,444.68,-86426.41166667
1900,5.813165664672852,0.20709291100502014,60500,124.06172943115234,-5.187345504760742,127,0.0001,242104,1116,442.75,-86634.78666667
1910,222.99952697753906,0.2006908506155014,60821,154.42782592773438,-6.004794120788574,127,0.0001,243388,1120,431.53,-87514.08666666999
1916,5.682753086090088,0.197538360953331,60987,124.34765625,-5.780052185058594,127,0.0001,244052,1124,432.01,-87620.21166666999
1942,184.77410888671875,0.18183842301368713,61839,126.31939697265625,-5.567381858825684,127,0.0001,247460,1128,441.55,-86712.41166667
1947,6.430474281311035,0.17923308908939362,61987,128.2864227294922,-6.150081634521484,127,0.0001,248052,1132,456.81,-84838.26166666999
1975,599.622802734375,0.16379351913928986,62916,137.0875244140625,-5.535028457641602,127,0.0001,251768,1136,460.17,-84823.18666667
1980,202.32608032226562,0.1615547388792038,63057,129.67823791503906,-6.61411190032959,127,0.0001,252332,1140,467.51,-83854.23666667
1993,9.900994300842285,0.154997318983078,63482,146.16665649414062,-6.394156455993652,127,0.0001,254032,1144,472.49,-83108.77416666999
2000,199.06967163085938,0.15190623700618744,63691,114.0476303100586,-5.90020751953125,127,0.0001,254868,1148,462.71,-84001.72416667
2008,6.590512275695801,0.1481444537639618,63947,121.15282440185547,-5.423977851867676,127,0.0001,255892,1152,451.87,-84094.54916667
2019,23.173124313354492,0.1431729644536972,64296,111.92684936523438,-6.515055179595947,127,0.0001,257288,1156,436.53,-85167.695
2031,29.036022186279297,0.13790632784366608,64684,140.1014404296875,-5.785224914550781,127,0.0001,258840,1160,444.04,-84873.195
2038,206.26040649414062,0.13489681482315063,64912,152.4657440185547,-6.660966873168945,127,0.0001,259752,1164,426.03,-85979.145
2046,10.230935096740723,0.1313401609659195,65185,143.77288818359375,-6.053301811218262,127,0.0001,260844,1168,429.56,-84897.62
2051,45.96332931518555,0.12953728437423706,65329,123.15569305419922,-6.256368637084961,127,0.0001,261420,1172,413.82,-85877.92
2061,22.3840274810791,0.1256486177444458,65646,103.03863525390625,-6.2728400230407715,127,0.0001,262688,1176,406.07,-86076.845
2073,407.6892395019531,0.12129152566194534,66009,170.65945434570312,-5.390303611755371,127,0.0001,264140,1180,383.55,-88115.57
2082,6.727553844451904,0.1177244707942009,66308,130.1395263671875,-7.524786472320557,127,0.0001,265336,1184,381.1,-89428.175
2087,198.5868682861328,0.11605502665042877,66453,110.0610580444336,-7.805939674377441,127,0.0001,265916,1188,353.09,-92042.975
2107,196.71287536621094,0.10880447179079056,67100,121.21885681152344,-6.216614723205566,127,0.0001,268504,1192,354.51,-91307.225
2114,8.435774803161621,0.10671821981668472,67302,136.7792205810547,-6.78487491607666,127,0.0001,269312,1196,357.76,-90586.25
2125,218.3172149658203,0.10294503718614578,67672,111.78778839111328,-6.531970977783203,127,0.0001,270792,1200,353.97,-89566.375
2140,200.47137451171875,0.09834697842597961,68143,118.93441009521484,-5.559563159942627,127,0.0001,272676,1204,339.61,-89719.75
2146,197.43202209472656,0.09649231284856796,68342,126.79042053222656,-7.026947021484375,127,0.0001,273472,1208,338.32,-88936.425
2162,2.049833297729492,0.09189096093177795,68852,103.5302734375,-5.484502792358398,127,0.0001,275512,1212,347.45,-88772.525
2172,199.20791625976562,0.08922114968299866,69163,111.17818450927734,-5.503076553344727,127,0.0001,276756,1216,352.89,-88581.025
2187,12.197162628173828,0.08511578291654587,69654,155.931640625,-5.19384765625,127,0.0001,278720,1220,358.64,-88632.45
2196,218.19715881347656,0.08286700397729874,69937,108.1691665649414,-8.468677520751953,127,0.0001,279852,1224,359.61,-88489.95
2204,24.08870506286621,0.08093488961458206,70190,114.2176513671875,-5.226470947265625,127,0.0001,280864,1228,353.22,-88551.8375
2209,219.84518432617188,0.0796930268406868,70355,114.16999053955078,-5.253213882446289,127,0.0001,281524,1232,333.71,-90483.4875
2217,6.664351463317871,0.07769446820020676,70623,124.26806640625,-6.946033000946045,127,0.0001,282596,1236,324.88,-90334.0375
2225,200.4169158935547,0.07594970613718033,70858,117.85920715332031,-5.839674472808838,127,0.0001,283536,1240,317.75,-91267.0625
2230,3.676405429840088,0.07479876279830933,71024,103.58729553222656,-6.716740608215332,127,0.0001,284200,1244,305.15,-92027.2375
2237,2.0277090072631836,0.07319308817386627,71254,96.58241271972656,-6.743007659912109,127,0.0001,285120,1248,302.09,-91875.5625
2246,2.7669897079467773,0.07118815928697586,71543,101.45841979980469,-7.635866165161133,127,0.0001,286276,1252,306.53,-91802.6375
2252,4.886524677276611,0.06991151720285416,71730,115.28640747070312,-6.0219902992248535,127,0.0001,287024,1256,300.51,-91852.1875
2260,201.19882202148438,0.06818393617868423,72002,120.52239990234375,-4.8529582023620605,127,0.0001,288112,1260,292.51,-91932.3375
2270,198.1284637451172,0.06612877547740936,72324,103.39163208007812,-7.03768253326416,127,0.0001,289400,1264,297.56,-91052.0375
2276,394.0275573730469,0.06496015936136246,72511,112.48820495605469,-5.679440975189209,127,0.0001,290148,1268,291.74,-91955.1125
2290,4.106329917907715,0.062115009874105453,72986,106.5136947631836,-5.880847454071045,127,0.0001,292048,1272,290.37,-91624.67083333
2301,1.3454562425613403,0.06015961244702339,73333,95.23095703125,-7.543117046356201,127,0.0001,293436,1276,301.23,-91480.54583333
2315,392.51739501953125,0.057803958654403687,73765,103.74627685546875,-4.676198959350586,127,0.0001,295164,1280,308.52,-90445.07083333
2330,6.867699146270752,0.055369384586811066,74229,116.73204040527344,-5.472374439239502,127,0.0001,297020,1284,305.26,-90304.94583333
2344,6.515064716339111,0.052977997809648514,74698,124.97637939453125,-6.163857460021973,127,0.0001,298896,1288,330.21,-88428.54583333
2347,2.2627475261688232,0.052516110241413116,74799,97.4183349609375,-6.778929710388184,127,0.0001,299300,1292,323.5,-89000.02083333001
2353,3.415161371231079,0.05167286843061447,74985,103.60533142089844,-6.229241371154785,127,0.0001,300044,1296,311.59,-89670.54583333
2363,2.2680952548980713,0.0501021109521389,75320,93.41877746582031,-4.78029727935791,127,0.0001,301384,1300,310.55,-90650.07083333
2382,198.45323181152344,0.04743117839097977,75922,96.01316833496094,-6.004928112030029,127,0.0001,303792,1304,321.57,-90615.72083333001
2396,2.367506980895996,0.04554068297147751,76369,97.19367980957031,-4.204648017883301,127,0.0001,305580,1308,320.17,-92465.97083333001
2416,4.056156158447266,0.04291721060872078,77037,104.13286590576172,-3.997669219970703,127,0.0001,308252,1312,329.13,-90375.17083333
2437,391.9415283203125,0.040551286190748215,77705,88.53924560546875,-8.31256103515625,127,0.0001,310924,1316,331.58,-89474.34583333001
2457,41.9506950378418,0.03826769441366196,78382,91.79242706298828,-4.163604736328125,127,0.0001,313632,1320,347.48,-87223.43333333
2488,3.9778101444244385,0.03506949543952942,79382,99.46592712402344,-4.998850345611572,127,0.0001,317632,1324,371.79,-84287.78333333001
2495,24.022125244140625,0.034365180879831314,79617,101.06982421875,-5.907097816467285,127,0.0001,318572,1328,374.69,-84178.74583333
2523,190.80015563964844,0.03185439482331276,80538,121.09095001220703,-3.657141923904419,127,0.0001,322256,1332,388.46,-83147.47083333001
2539,198.4150848388672,0.03054945170879364,81031,96.50000762939453,-4.787657260894775,127,0.0001,324228,1336,406.22,-81188.82083333
2548,5.097372055053711,0.02980700321495533,81337,108.05703735351562,-4.267444610595703,127,0.0001,325452,1340,406.26,-80160.07083333
2559,1.7731612920761108,0.02904910035431385,81685,89.77511596679688,-4.525442123413086,127,0.0001,326844,1344,426.74,-78416.47083333001
2573,197.30833435058594,0.028055649250745773,82110,94.28349304199219,-3.7094032764434814,127,0.0001,328544,1348,426.43,-78643.59583333001
2580,394.6224060058594,0.027529802173376083,82340,100.66283416748047,-6.358573913574219,127,0.0001,329464,1352,425.15,-78422.24583333
2590,198.52308654785156,0.026848653331398964,82660,91.92359161376953,-1.2152925729751587,127,0.0001,330744,1356,434.98,-77400.47083333001
2608,3.316392183303833,0.025647630915045738,83238,95.30213928222656,-0.762399435043335,127,0.0001,333056,1360,450.39,-76533.74583333
2613,2.7326080799102783,0.02537691406905651,83403,92.38681030273438,-2.7102420330047607,127,0.0001,333716,1364,437.45,-77574.97083333001
2623,197.51156616210938,0.02487582340836525,83718,92.34584045410156,-1.727773904800415,127,0.0001,334976,1368,439.8,-76684.84583333001
2629,1.3360939025878906,0.024534717202186584,83929,84.71495056152344,-4.221574306488037,127,0.0001,335820,1372,447.18,-77057.3875
2631,2.6001927852630615,0.024460813030600548,83995,94.49214172363281,-0.9680528044700623,127,0.0001,336084,1376,431.58,-77154.1125
2634,3.09920597076416,0.024352209642529488,84067,100.00546264648438,-1.041763424873352,127,0.0001,336372,1380,416.01,-78106.7875
2636,6.941196441650391,0.02423287183046341,84141,117.91658020019531,-2.2451000213623047,127,0.0001,336668,1384,404.81,-78102.3125
2641,392.6748352050781,0.0240120068192482,84301,97.56517028808594,0.7284241318702698,127,0.0001,337308,1388,387.02,-79155.2125
2643,1.9736850261688232,0.0239318385720253,84371,87.08003234863281,-0.39175885915756226,127,0.0001,337588,1392,377.26,-79418.9375
2651,1.9508551359176636,0.02358967810869217,84613,89.81049346923828,0.03792731463909149,127,0.0001,338556,1396,380.38,-79660.4125
2657,3.3054306507110596,0.023391662165522575,84801,97.69335174560547,0.20626455545425415,127,0.0001,339308,1400,371.07,-79689.2125
2674,7.050418376922607,0.02287648804485798,85354,119.62577819824219,-1.2992750406265259,127,0.0001,341520,1404,372.32,-78839.1625
2691,6.091640949249268,0.022471480071544647,85885,121.99867248535156,-1.9144543409347534,127,0.0001,343644,1408,368.13,-77824.6625
2701,1.9913676977157593,0.022541914135217667,86213,90.76292419433594,2.7906839847564697,127,0.0001,344956,1412,365.74,-78101.0875
2709,200.55242919921875,0.022696275264024734,86473,111.81591033935547,3.019850730895996,127,0.0001,345996,1416,356.62,-79918.7625
2732,7.062087059020996,0.023505812510848045,87213,118.62319946289062,1.4398741722106934,127,0.0001,348956,1420,348.25,-81223.25
2746,199.5546417236328,0.0243324413895607,87655,103.70005798339844,2.734744071960449,127,0.0001,350724,1424,335.46,-83316.375
2752,3.408665895462036,0.024692170321941376,87827,97.38294982910156,4.969925880432129,127,0.0001,351412,1428,327.77,-84179.0
2767,201.69886779785156,0.025695525109767914,88300,111.87760925292969,-0.07186812162399292,127,0.0001,353304,1432,319.55,-85165.775
2786,394.3592529296875,0.02693621627986431,88913,101.01995086669922,1.5627806186676025,127,0.0001,355756,1436,322.54,-85116.535
2797,2.416640281677246,0.027656685560941696,89267,93.411376953125,0.14173120260238647,127,0.0001,357172,1440,326.66,-85325.01
2814,2.8102056980133057,0.02860007807612419,89817,92.17759704589844,1.971509337425232,127,0.0001,359372,1444,312.19,-87225.035
2816,2.081087350845337,0.02877115085721016,89902,88.96266174316406,0.7969869375228882,127,0.0001,359712,1448,317.61,-86114.61
2819,3.124032974243164,0.02892940677702427,89991,95.42716217041016,0.932205319404602,127,0.0001,360068,1452,315.32,-86301.385
2821,199.29481506347656,0.029076987877488136,90061,103.14639282226562,-1.0586647987365723,127,0.0001,360348,1456,303.97,-87307.96
2823,3.5889079570770264,0.029140420258045197,90118,98.63655090332031,3.350860595703125,127,0.0001,360576,1460,281.43,-88312.835
2825,2.2695417404174805,0.029197586700320244,90167,92.56564331054688,-0.6598489284515381,127,0.0001,360772,1464,281.09,-88309.435
2826,2.335662841796875,0.029247889295220375,90207,95.1349868774414,-0.6356083154678345,127,0.0001,360932,1468,269.92,-89367.61
2829,197.59683227539062,0.02934201993048191,90296,94.81158447265625,-2.1147778034210205,127,0.0001,361288,1472,258.57,-89374.285
2832,392.9997253417969,0.029452254995703697,90410,94.68856811523438,1.2336469888687134,127,0.0001,361744,1476,256.89,-89357.485
2836,3.0339272022247314,0.02961006574332714,90520,93.86643981933594,-0.13554152846336365,127,0.0001,362184,1480,259.61,-89384.685
2847,588.0352172851562,0.03001103736460209,90902,101.04463195800781,0.5819180011749268,127,0.0001,363712,1484,277.94,-88195.285
2856,3.9153952598571777,0.03035808727145195,91182,96.72160339355469,5.236800193786621,127,0.0001,364832,1488,271.8,-89133.785
2861,3.142157793045044,0.030513746663928032,91347,93.04853057861328,1.454805850982666,127,0.0001,365492,1492,277.29,-89079.085
2879,22.966333389282227,0.030750464648008347,91894,93.20954895019531,-0.009287476539611816,127,0.0001,367680,1496,282.63,-89132.485
2891,2.3457601070404053,0.030953098088502884,92289,90.12205505371094,1.6937129497528076,127,0.0001,369260,1500,304.1,-87179.81
2895,4.340944290161133,0.031079409644007683,92414,104.4778823852539,0.3182450532913208,127,0.0001,369760,1504,296.18,-88057.085
2904,2.5114798545837402,0.031050367280840874,92696,89.50702667236328,0.15627151727676392,127,0.0001,370888,1508,289.06,-88989.91
2919,2.449354410171509,0.03098730742931366,93184,93.83734130859375,3.1229429244995117,127,0.0001,372840,1512,278.93,-90823.51
2927,3.311485767364502,0.030930906534194946,93457,96.66250610351562,0.3228304386138916,127,0.0001,373932,1516,279.0,-89930.61
2941,1.8494900465011597,0.030775191262364388,93907,86.36207580566406,-0.3745994567871094,127,0.0001,375732,1520,277.9,-89924.41
2946,2.1267471313476562,0.030681831762194633,94067,88.49397277832031,-2.8615331649780273,127,0.0001,376372,1524,265.24,-90578.625
2959,1.9449635744094849,0.03021550178527832,94490,90.61489868164062,-0.7797673940658569,127,0.0001,378064,1528,260.07,-90723.175
2973,393.3182678222656,0.029654059559106827,94938,96.37820434570312,-0.577041745185852,127,0.0001,379856,1532,264.16,-90514.8
2980,196.86903381347656,0.029374275356531143,95166,87.04047393798828,-2.3364784717559814,127,0.0001,380768,1536,250.16,-91800.115
2989,1.8945597410202026,0.028968090191483498,95436,90.53712463378906,-0.24192237854003906,127,0.0001,381848,1540,240.77,-92706.115
2993,197.804931640625,0.028752190992236137,95583,92.1622085571289,-4.762138366699219,127,0.0001,382436,1544,243.37,-91757.49
2999,391.8773498535156,0.02850339561700821,95762,88.34186553955078,-2.500101089477539,127,0.0001,383152,1548,234.92,-92837.615
3005,2.306804656982422,0.02826624922454357,95958,89.63601684570312,-0.038596391677856445,127,0.0001,383936,1552,231.55,-92817.415
3010,21.919279098510742,0.0280646700412035,96135,89.17698669433594,-0.9938415288925171,127,0.0001,384644,1556,234.41,-92846.015
3014,1.6911051273345947,0.027942268177866936,96252,91.67166900634766,0.43642204999923706,127,0.0001,385112,1560,238.57,-92887.615
3019,40.473236083984375,0.027730761095881462,96407,87.41439056396484,2.498594284057617,127,0.0001,385732,1564,249.91,-91829.79
3023,391.9608459472656,0.0276133194565773,96563,89.20816802978516,-1.9707841873168945,127,0.0001,386356,1568,251.36,-91844.29
3027,196.17657470703125,0.02751450054347515,96688,86.64540100097656,-2.0319461822509766,127,0.0001,386856,1572,258.22,-91798.64
3035,197.12686157226562,0.027449358254671097,96924,89.72981262207031,0.5633677244186401,127,0.0001,387800,1576,259.54,-91811.84
3042,197.1577606201172,0.027250321581959724,97148,95.38040924072266,-1.2828696966171265,127,0.0001,388696,1580,259.99,-91816.34
3053,196.45469665527344,0.027212925255298615,97495,89.00483703613281,-0.3757176697254181,127,0.0001,390084,1584,252.36,-92112.84
3061,1.7914239168167114,0.027193084359169006,97762,88.76346588134766,2.7594261169433594,127,0.0001,391152,1588,259.43,-90981.915
3071,216.04623413085938,0.02718929760158062,98053,88.99462890625,-1.2806731462478638,127,0.0001,392316,1592,267.11,-89961.215
3080,1.4265720844268799,0.02695496939122677,98355,87.30096435546875,-1.390846848487854,127,0.0001,393524,1596,267.01,-88960.315
3088,1.60122811794281,0.026876576244831085,98619,93.20075988769531,0.586094319820404,127,0.0001,394580,1600,247.14,-90820.965
3098,21.765003204345703,0.02677123248577118,98917,95.34922790527344,0.2107871174812317,127,0.0001,395772,1604,247.93,-90775.59
3104,196.41297912597656,0.026675401255488396,99114,84.97994232177734,-0.47031259536743164,127,0.0001,396560,1608,252.79,-89551.54
3113,1.8448387384414673,0.02653014473617077,99426,89.42386627197266,0.11829385161399841,127,0.0001,397808,1612,246.29,-89578.59
3129,1.2570216655731201,0.02653871849179268,99917,83.15977478027344,0.1803939789533615,127,0.0001,399772,1616,254.91,-88648.84
3144,391.54974365234375,0.026222489774227142,100387,86.12417602539062,1.5729029178619385,127,0.0001,401652,1620,246.52,-89487.34
3150,196.26943969726562,0.026050278916954994,100570,88.7086410522461,-0.5147358179092407,127,0.0001,402384,1624,258.73,-88039.425
3180,586.435546875,0.024798305705189705,101570,84.88778686523438,-0.5252130031585693,127,0.0001,406384,1628,290.25,-84940.46
3198,215.75340270996094,0.02422867715358734,102135,85.73504638671875,2.0739121437072754,127,0.0001,408644,1632,284.06,-84781.335
3208,215.7286376953125,0.023805072531104088,102463,83.4168472290039,-0.48348867893218994,127,0.0001,409956,1636,296.66,-84605.41
3232,391.0979919433594,0.022948576137423515,103221,86.5904312133789,-1.4940218925476074,127,0.0001,412988,1640,304.68,-84403.56
3250,20.767316818237305,0.022476714104413986,103794,89.7545166015625,-0.42404061555862427,127,0.0001,415280,1644,314.09,-83497.76
3266,195.9375,0.02214093692600727,104339,89.75740051269531,0.7546439170837402,127,0.0001,417460,1648,335.36,-81710.66
3276,1.1242979764938354,0.022280583158135414,104658,88.91279602050781,0.36195945739746094,127,0.0001,418736,1652,344.07,-80800.56
3284,196.30392456054688,0.022419635206460953,104902,89.11566162109375,-0.535820484161377,127,0.0001,419712,1656,348.36,-80843.46
3291,410.5867004394531,0.02249332331120968,105130,86.9098129272461,0.09633958339691162,127,0.0001,420624,1660,359.07,-79583.74888889
3296,196.43614196777344,0.022583991289138794,105286,89.11299133300781,2.4818482398986816,127,0.0001,421248,1664,354.32,-80707.47388889
3300,196.1559295654297,0.022673804312944412,105404,87.34980773925781,2.3316478729248047,127,0.0001,421720,1668,356.63,-80626.89888888999
3315,215.69003295898438,0.023293497040867805,105890,84.42646026611328,-0.8910800814628601,127,0.0001,423664,1672,359.83,-80664.14888888999
3335,20.6193790435791,0.02365933544933796,106557,88.64338684082031,-0.3719203472137451,127,0.0001,426332,1676,392.38,-78504.33388889
3348,195.6052703857422,0.023977287113666534,106982,90.16029357910156,-1.8608039617538452,127,0.0001,428032,1680,397.13,-78330.60888889
3358,194.4683074951172,0.02403569035232067,107295,91.76760864257812,0.9157924056053162,127,0.0001,429284,1684,398.07,-78992.88888889
3368,60.000213623046875,0.02406287007033825,107624,89.41061401367188,1.1117534637451172,127,0.0001,430600,1688,400.15,-79746.98888889
3372,391.3161926269531,0.02410205639898777,107761,85.49433898925781,1.4173133373260498,127,0.0001,431148,1692,389.16,-80635.93888889
3381,196.331787109375,0.023992551490664482,108037,84.77433013916016,-0.677992582321167,127,0.0001,432252,1696,391.12,-80379.56388889
3390,780.9901123046875,0.02378915064036846,108358,83.66142272949219,-2.359971523284912,127,0.0001,433536,1700,399.57,-80108.95388889
3395,391.3283386230469,0.023703379556536674,108524,85.2017822265625,0.1350662112236023,127,0.0001,434200,1704,395.31,-79950.60388889
3409,20.486026763916016,0.023484844714403152,108958,87.21904754638672,1.8615312576293945,127,0.0001,435936,1708,392.35,-80964.32888889
3415,196.07667541503906,0.023355629295110703,109167,87.49336242675781,-1.2565943002700806,127,0.0001,436772,1712,398.19,-80669.02888889
3435,0.9902952313423157,0.02312108688056469,109818,83.36946105957031,0.9907762408256531,127,0.0001,439376,1716,397.17,-81574.92888889
3458,215.92617797851562,0.023179400712251663,110554,83.35845947265625,-1.3162479400634766,127,0.0001,442320,1720,414.91,-79577.36638889
3475,196.1094207763672,0.02311498112976551,111110,83.71488952636719,1.387467622756958,127,0.0001,444544,1724,407.63,-80185.86638889
3485,0.997626006603241,0.02308197133243084,111444,83.19161224365234,-3.9947524070739746,127,0.0001,445880,1728,391.23,-82164.48638889
3488,195.93829345703125,0.023006822913885117,111547,86.76507568359375,-1.2121050357818604,127,0.0001,446292,1732,387.27,-82351.36138889
3509,1.2521135807037354,0.022578218951821327,112212,82.97952270507812,-0.6221448183059692,127,0.0001,448952,1736,382.08,-82102.54472221999
3513,235.12937927246094,0.022484946995973587,112366,81.43971252441406,-0.6929004192352295,127,0.0001,449568,1740,371.65,-82176.69472222001
3520,390.9581604003906,0.022477755323052406,112583,84.16482543945312,0.49849003553390503,127,0.0001,450436,1744,361.45,-83951.01972222001
3525,391.039794921875,0.02227938175201416,112751,83.91514587402344,-2.518939971923828,127,0.0001,451108,1748,341.93,-85755.61972222
3531,0.677312970161438,0.02204538695514202,112935,82.37297058105469,-2.113466262817383,127,0.0001,451844,1752,341.09,-85682.94472222001
3540,0.8665812015533447,0.021839730441570282,113205,78.18605041503906,-0.08880892395973206,127,0.0001,452924,1756,339.38,-85665.84472222
3545,0.9332889318466187,0.021771874278783798,113380,84.73052978515625,0.8567135334014893,127,0.0001,453624,1760,331.7,-86852.78083333
3551,0.6641652584075928,0.021706335246562958,113556,84.41537475585938,-1.9471113681793213,127,0.0001,454328,1764,329.6,-86831.78083333
3569,0.9170715808868408,0.021650223061442375,114124,82.89115142822266,-0.5894952416419983,127,0.0001,456600,1768,338.74,-86924.68083333
3586,0.7339614033699036,0.021457023918628693,114697,83.86979675292969,-1.1735785007476807,127,0.0001,458892,1772,340.3,-86677.20583333001
3591,215.6078643798828,0.021400677040219307,114838,86.28494262695312,-3.462914228439331,127,0.0001,459456,1776,315.67,-88504.41083333001
3596,0.8608983159065247,0.021368078887462616,115026,87.56446838378906,0.885800302028656,127,0.0001,460208,1780,319.79,-87664.98583333
3608,410.7745666503906,0.021516019478440285,115393,83.62469482421875,0.5424500703811646,127,0.0001,461676,1784,325.98,-86491.51940476001
3611,196.16395568847656,0.021472971886396408,115501,81.708984375,0.2834641933441162,127,0.0001,462108,1788,315.07,-86850.74440476
3618,195.88682556152344,0.021432744339108467,115742,81.58345031738281,0.4733732342720032,127,0.0001,463072,1792,317.9,-86975.06940476
3622,196.6993408203125,0.02138783410191536,115854,76.42742919921875,4.919598579406738,127,0.0001,463520,1796,315.14,-86950.91940476
3626,1.2221490144729614,0.021332578733563423,115976,86.39281463623047,-0.3806006908416748,127,0.0001,464008,1800,306.67,-87211.72940476
3632,235.1019287109375,0.021229635924100876,116187,82.75007629394531,-0.08390820026397705,127,0.0001,464852,1804,304.72,-87408.95440476
3641,20.44075584411621,0.021089226007461548,116471,81.836181640625,0.7945723533630371,127,0.0001,465988,1808,300.89,-87387.00440476001
3650,391.1808776855469,0.020969456061720848,116757,81.8963623046875,-0.10077077150344849,127,0.0001,467132,1812,301.28,-87594.87940476001
3660,625.535888671875,0.02096056379377842,117059,80.418212890625,-1.0659263134002686,127,0.0001,468340,1816,288.14,-88514.45440476
3666,1.190197229385376,0.020955722779035568,117271,89.18240356445312,-1.7107689380645752,127,0.0001,469188,1820,276.67,-90560.01690476
3673,216.0459747314453,0.020958298817276955,117489,81.40543365478516,0.7916649580001831,127,0.0001,470060,1824,266.85,-91458.11690476
3680,1.2404797077178955,0.02088647335767746,117707,84.59054565429688,-3.4446983337402344,127,0.0001,470932,1828,254.76,-92511.46190476
3685,196.21786499023438,0.020794782787561417,117861,78.25689697265625,-1.5982186794281006,127,0.0001,471548,1832,255.78,-92638.83690476
3690,0.8585326671600342,0.020688354969024658,118038,80.94322204589844,-0.7743735313415527,127,0.0001,472256,1836,243.01,-93881.30357142999
3695,215.6885223388672,0.02064886875450611,118197,80.7618179321289,1.6636254787445068,127,0.0001,472892,1840,241.22,-93864.82857143
3701,411.0157470703125,0.02063680998980999,118401,84.12101745605469,-0.09303900599479675,127,0.0001,473708,1844,233.79,-93806.20357143
3709,0.6139296293258667,0.020551949739456177,118660,85.01315307617188,-3.183145523071289,127,0.0001,474744,1848,239.7,-93496.82857143
3721,0.7539302706718445,0.020704282447695732,119037,81.88163757324219,-3.3236355781555176,127,0.0001,476252,1852,240.79,-94415.87857143
3733,391.98858642578125,0.02071230486035347,119422,89.7547607421875,0.694466233253479,127,0.0001,477792,1856,247.41,-94270.15357143
3749,0.7840150594711304,0.02071482315659523,119922,83.60075378417969,-0.07964712381362915,127,0.0001,479792,1860,255.43,-94351.25357143
3767,0.9090854525566101,0.020571941509842873,120502,85.43020629882812,0.9763574600219727,127,0.0001,482112,1864,267.63,-93363.30357142999
3793,1.201237678527832,0.021021239459514618,121329,83.92186737060547,4.8417463302612305,127,0.0001,485420,1868,282.85,-91416.22857143
3806,0.9754853248596191,0.021529683843255043,121714,81.19619750976562,0.9938020706176758,127,0.0001,486960,1872,300.55,-89965.50357143
3820,411.1180725097656,0.021960057318210602,122166,82.55703735351562,2.3231301307678223,127,0.0001,488768,1876,300.27,-90270.23857143
3837,40.09410858154297,0.022070638835430145,122681,85.6466064453125,0.5542856454849243,127,0.0001,490828,1880,300.21,-91371.48857143
3850,391.0533142089844,0.021998636424541473,123118,82.777587890625,0.3303544819355011,127,0.0001,492576,1884,298.04,-91932.275
3861,391.4844970703125,0.021986624225974083,123469,86.14180755615234,-0.7787821292877197,127,0.0001,493980,1888,315.71,-89992.45
3868,1.1068999767303467,0.021902726963162422,123679,87.74844360351562,0.6839459538459778,127,0.0001,494820,1892,321.5,-90162.575
3891,0.7784214615821838,0.021884866058826447,124393,84.98837280273438,2.3469386100769043,127,0.0001,497676,1896,328.88,-91508.8
3902,0.784850001335144,0.02199696935713291,124722,86.27252197265625,-1.451873779296875,127,0.0001,498992,1900,346.36,-90801.325
3917,20.545501708984375,0.020176708698272705,125217,83.91853332519531,-16.0172176361084,127,0.0001,500972,1904,358.67,-91029.075
3926,40.0113639831543,0.019269080832600594,125476,81.96702575683594,-17.392763137817383,127,0.0001,502008,1908,365.39,-90310.7
3937,0.7982264757156372,0.018348677083849907,125823,83.0328369140625,-14.646263122558594,127,0.0001,503396,1912,360.6,-90520.85
3943,195.79917907714844,0.017885010689496994,126032,86.05083465576172,-15.656469345092773,127,0.0001,504232,1916,358.86,-90708.175
3952,195.90846252441406,0.017298482358455658,126318,80.66986083984375,-17.248088836669922,127,0.0001,505376,1920,359.46,-89937.975
3955,195.839111328125,0.01715695671737194,126391,85.63800048828125,-16.92181396484375,127,0.0001,505668,1924,359.88,-90264.375
3967,410.68658447265625,0.016443001106381416,126785,90.06272888183594,-17.167224884033203,127,0.0001,507244,1928,358.09,-90456.525
3975,0.6066536903381348,0.01603172905743122,127031,85.2905502319336,-16.37598419189453,127,0.0001,508228,1932,361.79,-90269.03095238
3983,215.3900909423828,0.0156249413266778,127287,89.1694564819336,-16.43997573852539,127,0.0001,509252,1936,367.22,-89452.00595238
3989,0.6371176838874817,0.015294915065169334,127500,90.22724914550781,-16.905672073364258,127,0.0001,510104,1940,371.19,-89372.90456349001
4007,430.5034484863281,0.014480609446763992,128047,84.17918395996094,-15.613609313964844,127,0.0001,512292,1944,380.06,-89545.55456349
4018,195.95822143554688,0.013975251466035843,128413,85.22779846191406,-15.928150177001953,127,0.0001,513756,1948,379.19,-89905.32956349
4038,0.6679341793060303,0.013142990879714489,129047,86.08667755126953,-14.822994232177734,127,0.0001,516292,1952,388.54,-88090.77956349001
4044,1.0559159517288208,0.012881163507699966,129260,85.72869873046875,-12.416531562805176,127,0.0001,517144,1956,392.8,-87222.39206349
4052,391.32568359375,0.012605302967131138,129495,84.87823486328125,-14.782896995544434,127,0.0001,518084,1960,381.65,-87213.06706349
4056,4.709130764007568,0.012454158626496792,129630,104.72042846679688,-11.35622501373291,127,0.0001,518624,1964,369.52,-88095.04206349001
4058,1.2831021547317505,0.012364719994366169,129711,87.13446044921875,-14.93793773651123,127,0.0001,518948,1968,351.27,-88943.74206349
4067,196.71009826660156,0.012079466134309769,129974,89.98403930664062,-14.771414756774902,127,0.0001,520000,1972,327.0,-90486.66706349001
4071,20.93358612060547,0.011930473148822784,130114,86.5919189453125,-12.451288223266602,127,0.0001,520560,1976,321.52,-90536.14206349
4076,196.60104370117188,0.01179506629705429,130246,88.48442077636719,-12.044384002685547,127,0.0001,521088,1980,314.14,-90462.34206349001
4078,199.95901489257812,0.011706077493727207,130332,111.07046508789062,-11.100650787353516,127,0.0001,521432,1984,299.26,-91313.44206349
4080,217.27659606933594,0.011642828583717346,130394,92.48001861572266,-9.249788284301758,127,0.0001,521680,1988,286.14,-93298.76706349
4096,196.6526336669922,0.011130535043776035,130893,84.98332214355469,-14.40695571899414,127,0.0001,523676,1992,279.98,-93237.16706349001
4112,215.68182373046875,0.010609238408505917,131421,86.76400756835938,-11.136629104614258,127,0.0001,525788,1996,282.19,-91259.46706349001
4119,195.94520568847656,0.010387921705842018,131646,89.6117935180664,-15.309473991394043,127,0.0001,526688,2000,275.61,-91017.80456349
4126,2.5670461654663086,0.010172299109399319,131874,92.82717895507812,-11.655046463012695,127,0.0001,527600,2004,267.45,-90827.95456349
4139,0.9373412132263184,0.009815924800932407,132263,86.44038391113281,-12.447288513183594,127,0.0001,529156,2008,262.85,-91884.62956349
4151,198.0675811767578,0.009466233663260937,132646,95.26661682128906,-9.04536247253418,127,0.0001,530688,2012,278.9,-89878.12956349
4167,216.06231689453125,0.009041926823556423,133147,90.04582214355469,-11.633386611938477,127,0.0001,532692,2016,283.48,-89821.77956349001
4182,196.71775817871094,0.008658980019390583,133646,93.21759033203125,-12.300882339477539,127,0.0001,534688,2020,288.97,-89514.16956349001
4189,391.65472412109375,0.008492852561175823,133879,91.949951171875,-11.323412895202637,127,0.0001,535620,2024,296.18,-88586.36956349
4195,21.248992919921875,0.008369564078748226,134071,94.649169921875,-7.7903289794921875,127,0.0001,536388,2028,296.31,-88377.34956349
4200,197.43243408203125,0.008283084258437157,134203,96.53529357910156,-8.616434097290039,127,0.0001,536916,2032,291.13,-88652.89361111
4205,196.5892791748047,0.008161096833646297,134387,90.26608276367188,-5.613534927368164,127,0.0001,537652,2036,283.69,-89273.16861111
4210,1.9091737270355225,0.008073330856859684,134524,95.17666625976562,-9.673192977905273,127,0.0001,538200,2040,281.12,-89468.445
4215,196.1508331298828,0.007969893515110016,134686,90.33511352539062,-10.300153732299805,127,0.0001,538848,2044,270.25,-89483.595
4219,0.8702169060707092,0.0078714769333601,134830,88.59620666503906,-7.676884651184082,127,0.0001,539424,2048,262.09,-89401.995
4225,197.4183349609375,0.007748605217784643,135022,97.95089721679688,-6.521158218383789,127,0.0001,540192,2052,253.45,-90263.245
4231,392.3643493652344,0.007629660423845053,135207,98.07493591308594,-6.324448585510254,127,0.0001,540932,2056,241.82,-91169.8575
4238,20.884536743164062,0.007491657510399818,135416,93.14054870605469,-9.805274963378906,127,0.0001,541768,2060,241.98,-91171.4575
4241,1.2243698835372925,0.007436951622366905,135502,91.37841796875,-9.867794036865234,127,0.0001,542112,2064,238.89,-91247.2325
4244,391.1422424316406,0.007365395314991474,135613,87.7236557006836,-11.11271858215332,127,0.0001,542556,2068,230.45,-92333.0825
4247,391.4171447753906,0.007306944578886032,135694,91.62437438964844,-10.05224323272705,127,0.0001,542880,2072,234.65,-92476.3075
4248,391.6041259765625,0.007282842416316271,135730,95.62368774414062,-11.21542739868164,127,0.0001,543024,2076,230.93,-92439.1075
4249,20.440059661865234,0.007253467105329037,135779,90.68972778320312,-8.357038497924805,127,0.0001,543220,2080,225.8,-92387.8075
4252,196.86854553222656,0.007205260917544365,135855,96.7822036743164,-5.06916618347168,127,0.0001,543524,2084,225.58,-92385.6075
4267,410.5101013183594,0.00693077128380537,136318,91.3665771484375,-9.563848495483398,127,0.0001,545376,2088,228.35,-92413.3075
4280,0.5219669938087463,0.006728296168148518,136764,91.2502212524414,-8.534247398376465,127,0.0001,547160,2092,236.78,-92374.5075
4288,393.42645263671875,0.006628514267504215,137008,100.76431274414062,-0.05168771743774414,127,0.0001,548136,2096,233.39,-93916.7075
4312,586.1326293945312,0.00628564041107893,137812,93.77587890625,-2.711517572402954,127,0.0001,551352,2100,235.11,-93896.795
4321,1.2683274745941162,0.006151656620204449,138101,91.09980773925781,-0.4132934808731079,127,0.0001,552508,2104,246.27,-91785.895
4337,0.9732699394226074,0.005972391460090876,138593,91.63345336914062,-4.056941032409668,127,0.0001,554476,2108,256.31,-91753.82
4347,0.8114615678787231,0.005902636796236038,138887,89.34530639648438,-0.5523923635482788,127,0.0001,555652,2112,242.89,-93686.17
4351,196.24595642089844,0.005869403015822172,139028,90.70974731445312,0.4207143783569336,127,0.0001,556216,2116,237.64,-93735.82
4362,0.6768651604652405,0.005775934550911188,139378,88.11431884765625,1.3212203979492188,127,0.0001,557616,2120,232.59,-95047.73
4370,1.0259051322937012,0.005734703969210386,139639,92.61318969726562,-2.5994374752044678,127,0.0001,558660,2124,223.85,-95960.23
4382,195.22630310058594,0.005759513471275568,139992,93.02932739257812,0.026307731866836548,127,0.0001,560072,2128,226.15,-96093.325
4387,196.69190979003906,0.0057512857019901276,140146,94.42411804199219,-1.9217875003814697,127,0.0001,560688,2132,234.05,-94969.31388889
4392,0.6519034504890442,0.005713724996894598,140334,94.6529769897461,-3.0145511627197266,127,0.0001,561440,2136,237.92,-95313.23888889
4400,20.58960723876953,0.005698618479073048,140576,93.12686157226562,-1.4029779434204102,127,0.0001,562408,2140,243.03,-95128.43888889
4405,196.9495086669922,0.005707026459276676,140736,98.30375671386719,5.331164360046387,127,0.0001,563048,2144,247.22,-94863.81388889
4410,196.3499298095703,0.005705249961465597,140880,95.76742553710938,-0.8372853398323059,127,0.0001,563624,2148,248.98,-94881.41388889
4412,1.2992446422576904,0.005708439275622368,140972,93.11431884765625,1.1440598964691162,127,0.0001,563992,2152,236.51,-95973.13888889
4430,1.5937429666519165,0.005744989961385727,141576,94.37449645996094,4.997262954711914,127,0.0001,566408,2156,244.23,-94764.77888889
4454,1.0610319375991821,0.0058405096642673016,142354,93.6785888671875,1.298302412033081,127,0.0001,569520,2160,268.77,-91470.98888889
4458,0.7099406719207764,0.005878225434571505,142487,89.76235961914062,-3.6616263389587402,127,0.0001,570052,2164,271.85,-91383.63888889
4461,1.3877406120300293,0.005868549458682537,142606,92.13945770263672,-0.11572694778442383,127,0.0001,570528,2168,271.7,-91282.13888889
4463,195.79489135742188,0.005872971843928099,142663,89.61394500732422,-0.884828507900238,127,0.0001,570756,2172,272.14,-90128.89388889
4466,196.0435333251953,0.005856628995388746,142764,89.3629150390625,0.33118975162506104,127,0.0001,571160,2176,273.0,-90137.49388888999
4472,0.8733282685279846,0.005880485288798809,142948,87.68631744384766,-1.3527125120162964,127,0.0001,571896,2180,274.67,-90154.19388889
4474,196.49232482910156,0.005871549714356661,143030,97.97599792480469,-0.4702101945877075,127,0.0001,572224,2184,284.46,-88987.26888889
4485,605.8665161132812,0.005766762420535088,143372,89.16964721679688,-0.12714499235153198,127,0.0001,573592,2188,278.55,-88928.16888889
4490,390.8189697265625,0.005715013947337866,143550,91.11827087402344,-3.1227505207061768,127,0.0001,574304,2192,265.12,-88816.96888889
4494,20.781147003173828,0.005683259107172489,143673,96.3569107055664,1.1308642625808716,127,0.0001,574796,2196,253.25,-89121.96888889
4500,193.55413818359375,0.005635432433336973,143872,95.07298278808594,3.0241308212280273,127,0.0001,575592,2200,249.14,-89128.36888888999
4506,390.95452880859375,0.005601491313427687,144049,87.9696044921875,-1.7303234338760376,127,0.0001,576300,2204,243.46,-90079.40388889
4512,196.02606201171875,0.005551040638238192,144235,91.8952865600586,2.0131640434265137,127,0.0001,577044,2208,227.21,-89945.47888889
4516,1.264394760131836,0.00551589485257864,144353,96.0866928100586,-2.744617462158203,127,0.0001,577516,2212,225.73,-90031.12888889
4517,0.9046879410743713,0.005511603783816099,144383,89.78490447998047,-3.0851731300354004,127,0.0001,577636,2216,224.55,-89914.42888889
4519,0.609046459197998,0.005497113335877657,144454,91.65457153320312,-8.290205955505371,127,0.0001,577920,2220,208.42,-89452.67888889
4521,196.49940490722656,0.005486604291945696,144525,93.38282775878906,0.1621934175491333,127,0.0001,578204,2224,204.4,-89412.47888889
4523,605.70166015625,0.005479255225509405,144586,90.08748626708984,-1.4440999031066895,127,0.0001,578448,2228,198.06,-89449.30388889
4525,196.05490112304688,0.005468276794999838,144643,95.50064086914062,0.48658519983291626,127,0.0001,578676,2232,186.69,-90438.39
4528,196.14234924316406,0.005460256710648537,144717,90.82675170898438,3.1333231925964355,127,0.0001,578972,2236,178.43,-90254.815
4530,196.77296447753906,0.005450689233839512,144780,94.53422546386719,1.6933186054229736,127,0.0001,579224,2240,169.61,-90402.515
4531,195.85671997070312,0.005438538733869791,144836,89.38221740722656,0.8387908935546875,127,0.0001,579448,2244,163.21,-90542.265
4537,21.029605865478516,0.0053999172523617744,145008,95.90263366699219,0.46732527017593384,127,0.0001,580136,2248,161.61,-90526.265
4542,0.7946656346321106,0.005391218699514866,145160,94.55096435546875,-1.7638816833496094,127,0.0001,580744,2252,160.71,-90316.59
4551,0.6260679960250854,0.005313837435096502,145470,90.98914337158203,-3.352857828140259,127,0.0001,581984,2256,157.71,-91447.4
4553,195.87164306640625,0.005295246373862028,145537,91.24055480957031,-2.4643633365631104,127,0.0001,582252,2260,128.52,-94694.69
4555,216.9897003173828,0.005283737555146217,145606,97.91017150878906,-1.3648009300231934,127,0.0001,582528,2264,124.03,-94767.94
4560,215.48751831054688,0.005287558306008577,145754,87.54466247558594,0.4918193817138672,127,0.0001,583120,2268,124.02,-94867.84
4564,195.79730224609375,0.0052985018119215965,145846,89.37344360351562,0.7697689533233643,127,0.0001,583488,2272,123.81,-95036.435
4565,0.708758533000946,0.005298549775034189,145887,91.22537994384766,-3.557918071746826,127,0.0001,583652,2276,123.94,-95037.735
4566,390.78997802734375,0.005302032455801964,145926,89.76727294921875,-4.91062068939209,127,0.0001,583808,2280,122.13,-95019.635
4574,0.7218762040138245,0.005296655464917421,146188,88.42214965820312,-2.583991050720215,127,0.0001,584856,2284,123.82,-94928.415
4582,391.0238037109375,0.005275525152683258,146436,87.18858337402344,-2.4855804443359375,127,0.0001,585848,2288,128.4,-94766.44
4588,391.2651672363281,0.00532887177541852,146612,90.70751190185547,2.336277961730957,127,0.0001,586552,2292,133.0,-94811.04
4591,0.9818657040596008,0.005366294179111719,146702,93.39423370361328,3.5778868198394775,127,0.0001,586912,2296,137.15,-94751.84
4593,196.28274536132812,0.005407596006989479,146788,88.67915344238281,3.1264305114746094,127,0.0001,587256,2300,128.31,-95828.815
4599,391.55657958984375,0.005473742261528969,146961,92.12503051757812,0.8303667306900024,127,0.0001,587948,2304,116.92,-97037.83
4601,196.22850036621094,0.0055129919201135635,147033,93.10675048828125,2.9970011711120605,127,0.0001,588236,2308,119.73,-97169.83
4605,1.183785080909729,0.005537707824259996,147144,89.49555206298828,5.990541458129883,127,0.0001,588680,2312,113.77,-97110.23
4608,20.781879425048828,0.005564314778894186,147254,92.84230041503906,3.6532797813415527,127,0.0001,589120,2316,112.8,-97205.43
4613,197.13754272460938,0.005613028537482023,147404,97.50271606445312,4.498696327209473,127,0.0001,589720,2320,118.48,-97461.58
4617,197.01217651367188,0.005665193777531385,147541,92.66427612304688,5.38739013671875,127,0.0001,590268,2324,120.21,-97478.88
4625,0.6514391303062439,0.005710483994334936,147792,89.93878173828125,0.28211265802383423,127,0.0001,591272,2328,120.95,-97486.28
4643,1.0431163311004639,0.005934006534516811,148359,94.48994445800781,-0.7298352718353271,127,0.0001,593540,2332,125.92,-97636.205
4646,781.7186279296875,0.00598321994766593,148451,90.50553131103516,4.841669082641602,127,0.0001,593908,2336,144.69,-95659.03
4651,235.42611694335938,0.0061034574173390865,148628,92.74172973632812,5.997763633728027,127,0.0001,594616,2340,146.14,-95567.08
4659,195.78341674804688,0.006244173273444176,148870,88.68252563476562,4.282510280609131,127,0.0001,595584,2344,160.69,-94712.68
4663,195.74476623535156,0.00632723793387413,148995,92.53810119628906,1.9548256397247314,127,0.0001,596084,2348,164.19,-94642.955
4667,196.43255615234375,0.006416392978280783,149129,95.81678771972656,4.669039249420166,127,0.0001,596620,2352,167.35,-94667.58
4674,391.34521484375,0.0065408204682171345,149345,90.87979125976562,0.2926541268825531,127,0.0001,597484,2356,161.77,-94610.255
4679,196.70037841796875,0.006608385592699051,149510,93.58690643310547,3.584285259246826,127,0.0001,598144,2360,163.91,-94527.455
4685,196.3912353515625,0.006709431763738394,149708,93.65652465820312,5.861083030700684,127,0.0001,598936,2364,171.25,-94600.855
4691,1.434605598449707,0.0068117245100438595,149878,91.66946411132812,3.844179391860962,127,0.0001,599616,2368,172.56,-94613.955
4703,586.2329711914062,0.00708087719976902,150274,90.42134094238281,3.9836435317993164,127,0.0001,601200,2372,174.79,-94736.255
4709,196.74192810058594,0.0072020795196294785,150449,93.76835632324219,4.451999664306641,127,0.0001,601900,2376,178.5,-94773.355
4715,196.44070434570312,0.007327802944928408,150631,90.28314208984375,2.9732563495635986,127,0.0001,602628,2380,181.3,-94694.455
4720,411.6141052246094,0.0074549028649926186,150803,95.82063293457031,4.570775508880615,127,0.0001,603316,2384,188.69,-95141.4
4722,585.3014526367188,0.007501265965402126,150878,94.04335021972656,4.523468971252441,127,0.0001,603616,2388,184.03,-95202.575
4725,411.21142578125,0.007572885602712631,150971,91.17679595947266,4.219529151916504,127,0.0001,603988,2392,180.74,-95271.075
4729,41.61017990112305,0.0076394458301365376,151076,93.49469757080078,3.308671236038208,127,0.0001,604408,2396,174.25,-95306.875
4734,1.5398547649383545,0.007756838575005531,151252,91.84487915039062,1.8832213878631592,127,0.0001,605112,2400,175.39,-95109.275
4737,585.978271484375,0.007838336750864983,151328,88.04852294921875,7.908720016479492,127,0.0001,605416,2404,175.1,-95106.375
4742,585.90234375,0.00795772671699524,151498,87.7447280883789,-0.2098352313041687,127,0.0001,606096,2408,173.06,-94983.95
4747,781.945068359375,0.008044471964240074,151674,92.8474349975586,4.011877059936523,127,0.0001,606800,2412,173.87,-94882.6
4753,197.1746063232422,0.008152780123054981,151865,99.72599792480469,5.532552719116211,127,0.0001,607564,2416,177.82,-94796.15
4757,217.42735290527344,0.008241774514317513,151974,97.72745513916016,5.463872909545898,127,0.0001,608000,2420,174.54,-94864.45
4760,395.8849792480469,0.008295562118291855,152063,115.727783203125,3.329798698425293,127,0.0001,608356,2424,183.7,-94819.35
4765,196.89479064941406,0.008434358984231949,152225,91.48442077636719,4.731690406799316,127,0.0001,609004,2428,182.5,-94807.35
4768,196.3452911376953,0.008514289744198322,152335,89.82089233398438,2.9507646560668945,127,0.0001,609444,2432,179.58,-94778.15
4774,196.44058227539062,0.00861713569611311,152524,91.02899169921875,3.541551113128662,127,0.0001,610200,2436,167.37,-96703.7
4781,1.3423353433609009,0.008722641505300999,152729,88.83903503417969,3.717115879058838,127,0.0001,611020,2440,171.95,-96754.3
4791,414.91156005859375,0.008931916207075119,153042,116.51904296875,4.54164457321167,127,0.0001,612272,2444,162.69,-97764.375
4798,196.98361206054688,0.009038335643708706,153279,94.46524047851562,4.358327388763428,127,0.0001,613220,2448,165.11,-97793.3
4803,196.9814453125,0.009116290137171745,153462,98.05207824707031,0.2974075675010681,127,0.0001,613952,2452,167.38,-98023.65
4808,216.71951293945312,0.00920185074210167,153614,96.90095520019531,2.7006120681762695,127,0.0001,614560,2456,164.34,-98219.525
4811,198.8526611328125,0.009232651442289352,153703,105.61886596679688,4.881351470947266,127,0.0001,614916,2460,175.04,-97230.825
4816,393.96221923828125,0.009306466206908226,153859,104.66998291015625,5.383974075317383,127,0.0001,615540,2464,170.42,-97184.625
4819,411.214599609375,0.009334986098110676,153952,93.49919128417969,5.455690860748291,127,0.0001,615912,2468,171.41,-97194.525
4822,196.58840942382812,0.009369579143822193,154045,91.57020568847656,-2.092700958251953,127,0.0001,616284,2472,162.06,-98100.925
4828,414.4093933105469,0.009440720081329346,154259,112.6502456665039,4.396486282348633,127,0.0001,617140,2476,162.4,-98004.325
4832,216.9155731201172,0.009465524926781654,154373,100.13119506835938,-1.3298311233520508,127,0.0001,617596,2480,162.12,-98108.425
4835,196.97291564941406,0.009473413228988647,154481,95.15418243408203,1.778031587600708,127,0.0001,618028,2484,147.7,-98964.125
4838,410.6816101074219,0.009479111060500145,154571,95.4122543334961,-1.918686866760254,127,0.0001,618388,2488,147.07,-99057.825
4844,20.330724716186523,0.009498313069343567,154757,90.0118637084961,-4.210570812225342,127,0.0001,619132,2492,149.92,-99086.325
4848,391.47869873046875,0.00948240701109171,154877,94.84745788574219,0.5300281047821045,127,0.0001,619612,2496,148.96,-99076.725
4850,1.0999939441680908,0.009486210532486439,154947,90.69834899902344,1.04714834690094,127,0.0001,619892,2500,150.62,-99302.325
4853,390.3976135253906,0.00946669839322567,155025,88.35238647460938,-0.6254181265830994,127,0.0001,620204,2504,150.15,-99297.625
4856,1.6821422576904297,0.009446564130485058,155108,97.94741821289062,2.173323154449463,127,0.0001,620536,2508,148.95,-99387.65
4859,781.7703247070312,0.009424298070371151,155223,93.76168823242188,-0.4446535110473633,127,0.0001,620996,2512,148.19,-99489.5
4862,391.71435546875,0.009391702711582184,155315,94.16036987304688,-2.174651622772217,127,0.0001,621364,2516,145.23,-99585.85
4866,196.07679748535156,0.009376555681228638,155418,90.32967376708984,-1.9731898307800293,127,0.0001,621776,2520,145.41,-99587.65
4869,586.0026245117188,0.009339015930891037,155531,93.13333129882812,-2.394031524658203,127,0.0001,622228,2524,137.01,-99640.35
4878,195.8524169921875,0.009216059930622578,155819,90.97588348388672,-4.204718112945557,127,0.0001,623380,2528,139.32,-99663.45
4886,1190.999755859375,0.00911460816860199,156048,91.75334167480469,-0.723350465297699,127,0.0001,624296,2532,144.59,-99716.15
4894,0.9094565510749817,0.008954739198088646,156323,87.40552520751953,-2.29731822013855,127,0.0001,625396,2536,141.98,-99908.25
4900,2.477888345718384,0.008891240693628788,156498,98.71267700195312,-0.47297024726867676,127,0.0001,626096,2540,146.0,-98903.25
4902,606.300537109375,0.008853557519614697,156580,94.42120361328125,2.002521276473999,127,0.0001,626424,2544,142.66,-98869.85
4905,430.8663024902344,0.008830508217215538,156679,91.7886962890625,-0.7382620573043823,127,0.0001,626820,2548,135.57,-98898.95
4909,391.3147888183594,0.008820908144116402,156776,91.84027099609375,-1.0088311433792114,127,0.0001,627208,2552,139.58,-98735.825
4912,215.93785095214844,0.00882603321224451,156893,94.50196838378906,-1.7023284435272217,127,0.0001,627676,2556,138.53,-98725.325
4917,0.9759262800216675,0.00877521000802517,157031,88.5344467163086,-4.127000331878662,127,0.0001,628228,2560,129.77,-99837.625
4926,196.8321075439453,0.008693504147231579,157318,94.70932006835938,0.823051929473877,127,0.0001,629376,2564,132.67,-99758.15
4942,606.263671875,0.008773306384682655,157843,95.53280639648438,4.928051948547363,127,0.0001,631476,2568,149.05,-98458.51666667
4960,0.9048072695732117,0.009162903763353825,158427,89.18342590332031,1.4158992767333984,127,0.0001,633812,2572,164.13,-97384.86666667
4970,21.817476272583008,0.009352135471999645,158726,96.89390563964844,4.687621116638184,127,0.0001,635008,2576,170.08,-96434.64166667
4980,196.7696075439453,0.009603455662727356,159050,93.39067077636719,4.767550468444824,127,0.0001,636304,2580,182.79,-95461.84166666999
4990,197.53758239746094,0.009726452641189098,159373,98.10967254638672,3.497122287750244,127,0.0001,637596,2584,191.3,-95546.94166667
5007,196.87413024902344,0.009880941361188889,159920,93.99371337890625,3.208564519882202,127,0.0001,639784,2588,194.84,-95452.86666667
5015,586.5679321289062,0.00997692346572876,160184,94.30574798583984,-0.3402559757232666,127,0.0001,640840,2592,215.39,-95198.23238095999
5022,196.8349151611328,0.010068429633975029,160394,97.34306335449219,1.7813870906829834,127,0.0001,641680,2596,217.91,-95223.43238095999
5043,391.1338806152344,0.010055719874799252,161078,92.92033386230469,-5.859192848205566,127,0.0001,644416,2600,234.25,-94003.38238095999
5059,197.66946411132812,0.010225964710116386,161594,97.78594970703125,7.921870231628418,127,0.0001,646480,2604,252.91,-92609.67404762999
5060,196.3888702392578,0.010236820206046104,161633,90.95896911621094,-0.9490265846252441,127,0.0001,646636,2608,257.26,-92537.34904762998
5062,196.82594299316406,0.010260796174407005,161691,91.31834411621094,4.334230899810791,127,0.0001,646868,2612,255.04,-92515.14904762998
5070,782.3618774414062,0.010358392260968685,161939,96.7698745727539,2.0506575107574463,127,0.0001,647860,2616,255.75,-92522.24904762999
5083,412.516357421875,0.010455640964210033,162376,99.637451171875,4.172835350036621,127,0.0001,649608,2620,268.86,-91550.12404762999
5088,2.458763360977173,0.01048838347196579,162523,99.14784240722656,0.7805743217468262,127,0.0001,650196,2624,273.94,-91371.22404762998
5091,607.0549926757812,0.010499502532184124,162615,93.4740982055664,1.6565791368484497,127,0.0001,650564,2628,270.1,-91332.82404762998
5093,216.49794006347656,0.01052518654614687,162672,96.22639465332031,4.699635028839111,127,0.0001,650792,2632,262.57,-91257.52404762998
5098,2.469256639480591,0.010544155724346638,162833,97.76544189453125,1.7359720468521118,127,0.0001,651436,2636,266.48,-91296.62404762999
5114,391.4422912597656,0.010453437454998493,163351,92.80574035644531,-3.9156930446624756,127,0.0001,653508,2640,269.15,-92352.02404762998
5116,782.2174682617188,0.010427172295749187,163427,95.79835510253906,1.3875987529754639,127,0.0001,653812,2644,279.18,-92174.54904762999
5118,196.36849975585938,0.010413060896098614,163489,90.65116119384766,-3.100945472717285,127,0.0001,654060,2648,278.62,-92168.94904762998
5145,410.9936828613281,0.010049402713775635,164351,90.9909439086914,-3.9753165245056152,127,0.0001,657508,2652,278.6,-91372.07404762998
5147,216.83506774902344,0.010019048117101192,164414,94.40560913085938,6.232388973236084,127,0.0001,657760,2656,287.11,-90457.27404762998
5151,1.1347594261169434,0.009981886483728886,164541,91.03213500976562,-5.180480003356934,127,0.0001,658268,2660,293.89,-89525.17404762999
5155,391.5993957519531,0.009941439144313335,164649,90.67829895019531,-1.58536696434021,127,0.0001,658700,2664,298.75,-88682.34904762998
5175,977.510009765625,0.009756343439221382,165330,90.63253784179688,-0.22414517402648926,127,0.0001,661424,2668,291.88,-89737.10738095999
5178,801.3552856445312,0.009753157384693623,165401,93.8251724243164,1.6048648357391357,127,0.0001,661708,2672,274.57,-90788.45738095998
5182,411.251953125,0.009753590449690819,165548,95.4810791015625,-0.24951079487800598,127,0.0001,662296,2676,272.96,-90742.08238095998
5186,196.9151611328125,0.009723675437271595,165672,95.24174499511719,-0.2228916883468628,127,0.0001,662792,2680,268.59,-90647.19488095999
5198,586.536376953125,0.00960268173366785,166041,92.69964599609375,-3.0222718715667725,127,0.0001,664268,2684,258.32,-90441.95738095998
5209,196.18833923339844,0.0094407107681036,166380,93.74329376220703,-2.5721349716186523,127,0.0001,665624,2688,263.7,-89625.33238095998
5218,2.113299608230591,0.009277312085032463,166662,97.31391906738281,0.6213862895965576,127,0.0001,666752,2692,250.44,-88952.96666666999
5223,21.301279067993164,0.009169673547148705,166827,99.21173858642578,-1.2021584510803223,127,0.0001,667412,2696,261.93,-88067.96666666999
5237,196.23260498046875,0.008904817514121532,167261,95.09566497802734,-5.431939125061035,127,0.0001,669148,2700,249.42,-89226.31666667
5250,196.50845336914062,0.008646420203149319,167674,97.77427673339844,0.6461353302001953,127,0.0001,670800,2704,239.91,-89711.625
5255,196.05029296875,0.008554325439035892,167827,94.45347595214844,-2.642794132232666,127,0.0001,671412,2708,250.52,-88933.65
5261,196.27713012695312,0.008448277600109577,168007,93.75689697265625,-0.12599587440490723,127,0.0001,672132,2712,254.8,-88876.3
5264,391.348388671875,0.00838937796652317,168130,96.82359313964844,-1.8486456871032715,127,0.0001,672624,2716,258.23,-88910.6
5272,391.6282958984375,0.008282060734927654,168362,97.0630874633789,-2.9002373218536377,127,0.0001,673552,2720,245.37,-89885.225
5277,392.3502197265625,0.008179656229913235,168524,97.23578643798828,4.323376655578613,127,0.0001,674200,2724,244.37,-90104.925
5283,391.30413818359375,0.008074512705206871,168727,94.01318359375,-3.180204391479492,127,0.0001,675012,2728,250.29,-89952.29
5289,196.15818786621094,0.00795171782374382,168910,94.64448547363281,-8.617914199829102,127,0.0001,675744,2732,255.07,-90000.09
5301,196.06991577148438,0.007774034049361944,169260,95.9361343383789,-4.212626934051514,127,0.0001,677144,2736,255.23,-90001.69
5310,0.9721851944923401,0.007612939924001694,169574,92.05180358886719,-4.634576797485352,127,0.0001,678400,2740,252.2,-89988.99
5319,1.0748320817947388,0.0074896966107189655,169847,94.07695770263672,-1.0105738639831543,127,0.0001,679492,2744,249.13,-90111.315
5324,1.4278900623321533,0.007415888365358114,170007,97.23945617675781,-0.2944833040237427,127,0.0001,680132,2748,258.43,-89869.14833333
5325,1.0635722875595093,0.007401467766612768,170056,95.959716796875,-1.8554768562316895,127,0.0001,680328,2752,254.31,-90703.24833333
5327,0.9899134039878845,0.007388135883957148,170111,94.4986572265625,0.6885287761688232,127,0.0001,680548,2756,244.86,-91608.64833333
5331,195.9938507080078,0.007342938333749771,170229,96.65814971923828,-3.72775936126709,127,0.0001,681020,2760,234.96,-92509.54833333
5333,0.8576111793518066,0.007314680144190788,170309,91.844482421875,-2.422104835510254,127,0.0001,681340,2764,224.68,-93406.64833333
5347,1.1256721019744873,0.007130233105272055,170731,93.88663482666016,-3.5905966758728027,127,0.0001,683028,2768,215.37,-93653.52333333
5357,196.62623596191406,0.0069944895803928375,171056,98.74397277832031,0.11076956987380981,127,0.0001,684328,2772,226.79,-92666.99833333
5361,391.2362976074219,0.006973941344767809,171180,95.33305358886719,-2.675652027130127,127,0.0001,684824,2776,234.46,-92783.79833333
5374,20.347854614257812,0.006995557341724634,171589,93.82636260986328,-3.4637579917907715,127,0.0001,686460,2780,231.68,-93669.43583333
5379,196.90200805664062,0.007048836909234524,171759,97.77525329589844,2.2876062393188477,127,0.0001,687140,2784,240.63,-93495.09833333001
5386,196.15550231933594,0.007102082949131727,171967,93.45179748535156,4.6320648193359375,127,0.0001,687972,2788,235.44,-94342.44833333
5404,20.568334579467773,0.007025880739092827,172546,91.55029296875,-0.31870150566101074,127,0.0001,690288,2792,235.15,-95008.78333333001
5414,391.3587951660156,0.006953755393624306,172878,92.14822387695312,-0.6245710849761963,127,0.0001,691616,2796,238.22,-94515.14166666001
5419,800.7980346679688,0.006928435526788235,173036,91.70687866210938,-2.8889474868774414,127,0.0001,692248,2800,234.95,-94463.61666666
5425,215.4800262451172,0.006903052795678377,173237,93.8636474609375,-2.928969383239746,127,0.0001,693052,2804,231.42,-95298.21666666001
5441,1.1379042863845825,0.006825972348451614,173744,93.88040161132812,1.7274179458618164,127,0.0001,695080,2808,225.46,-96137.51666666001
5457,390.9762878417969,0.0068449582904577255,174257,92.36125183105469,-3.0415172576904297,127,0.0001,697132,2812,245.92,-95096.76666666001
5464,391.2502746582031,0.006871129386126995,174477,93.35960388183594,3.532108783721924,127,0.0001,698012,2816,245.34,-94866.54166666
5474,196.00559997558594,0.0068636140786111355,174798,89.9027099609375,-0.28130805492401123,127,0.0001,699296,2820,256.03,-93848.19166666002
5479,0.7373066544532776,0.006894095800817013,174961,87.65058135986328,-3.637331962585449,127,0.0001,699948,2824,257.56,-93522.37666666001
5486,196.26622009277344,0.006936319172382355,175184,97.37770080566406,-2.476754665374756,127,0.0001,700840,2828,256.58,-93724.41166666002
5496,781.3544921875,0.006987449247390032,175507,93.11531066894531,1.1458823680877686,127,0.0001,702132,2832,260.83,-93438.31166666001
5512,391.1568298339844,0.007095204200595617,176045,88.41128540039062,0.169669508934021,127,0.0001,704284,2836,264.38,-93255.72666666
5520,391.4096984863281,0.007113124709576368,176280,97.40599822998047,1.7370777130126953,127,0.0001,705224,2840,266.18,-92205.00166666001
5529,20.67136001586914,0.007174012251198292,176558,93.33229064941406,0.020649433135986328,127,0.0001,706336,2844,267.97,-91347.75166666001
5538,215.5579833984375,0.007223593536764383,176831,89.03431701660156,0.8874037265777588,127,0.0001,707428,2848,264.63,-91649.51833333001
5543,390.84954833984375,0.007260373327881098,176983,90.53758239746094,0.3329469561576843,127,0.0001,708036,2852,269.89,-90826.81833333001
5546,196.27243041992188,0.0072714644484221935,177101,94.36026000976562,1.514911413192749,127,0.0001,708508,2856,270.79,-90835.81833333001
5548,20.41244125366211,0.00727535504847765,177164,92.980224609375,-1.08320951461792,127,0.0001,708760,2860,272.55,-90853.41833333
5552,20.49588966369629,0.007278627250343561,177277,92.52574157714844,-1.3080549240112305,127,0.0001,709212,2864,273.45,-90862.41833333
5554,0.6648664474487305,0.007278870325535536,177347,91.31453704833984,-3.5367472171783447,127,0.0001,709492,2868,280.13,-89787.46833333
5556,195.9171142578125,0.007276232820004225,177406,93.67550659179688,-1.9372150897979736,127,0.0001,709728,2872,270.33,-90689.59333333
5558,391.19573974609375,0.007277600467205048,177479,97.19314575195312,1.1157058477401733,127,0.0001,710020,2876,253.99,-91626.09333333
5560,196.00270080566406,0.007277427241206169,177541,89.99205780029297,-1.5510400533676147,127,0.0001,710268,2880,247.11,-91794.94333333001
5562,195.8408966064453,0.007280692923814058,177601,90.2337875366211,-0.2840975522994995,127,0.0001,710508,2884,236.11,-92051.31833333001
5564,215.3684844970703,0.007275993470102549,177664,89.43907928466797,-3.626913547515869,127,0.0001,710760,2888,230.99,-92100.76833333001
5566,390.91485595703125,0.0072775413282215595,177728,92.74446105957031,2.179053544998169,127,0.0001,711016,2892,220.64,-92327.93333333
5568,0.8326274156570435,0.007277964614331722,177794,89.91070556640625,0.6551468372344971,127,0.0001,711280,2896,203.2,-93677.775
5570,195.79751586914062,0.007263226434588432,177864,93.01304626464844,-3.1497466564178467,127,0.0001,711560,2900,198.86,-93753.2
5572,410.6341552734375,0.007248498033732176,177928,91.32415771484375,-0.13445451855659485,127,0.0001,711816,2904,191.81,-93812.7
5575,586.1495971679688,0.0072302925400435925,177991,89.75466918945312,-0.9787683486938477,127,0.0001,712068,2908,183.22,-93827.8
5577,195.8736114501953,0.007197994273155928,178059,91.21566772460938,-2.5079002380371094,127,0.0001,712340,2912,159.82,-94939.3
5579,586.2946166992188,0.007194532547146082,178120,94.65864562988281,-1.1738134622573853,127,0.0001,712584,2916,154.02,-95105.725
5581,195.75096130371094,0.007185614667832851,178181,92.50369262695312,-2.880078077316284,127,0.0001,712828,2920,141.57,-96106.475
5583,0.7068118453025818,0.007178132422268391,178250,91.63338470458984,-1.7711138725280762,127,0.0001,713104,2924,134.26,-96374.49
5585,0.749000072479248,0.007162643130868673,178313,90.01812744140625,3.0624618530273438,127,0.0001,713356,2928,129.2,-96323.89
5587,0.790942370891571,0.00713077699765563,178378,90.533447265625,-3.246152877807617,127,0.0001,713616,2932,121.59,-96576.39
5589,410.53021240234375,0.007107028737664223,178445,90.59646606445312,-3.344771385192871,127,0.0001,713884,2936,110.5,-96683.575
5591,0.7998299598693848,0.0070772017352283,178513,90.03317260742188,-0.024300366640090942,127,0.0001,714156,2940,100.31,-97750.95
5593,390.85504150390625,0.007054129149764776,178578,93.26812744140625,-0.19961440563201904,127,0.0001,714416,2944,89.86,-98646.35
5595,195.8259735107422,0.0070352875627577305,178642,91.78147888183594,-1.4766826629638672,127,0.0001,714672,2948,85.21,-98599.85
5598,605.8347778320312,0.007004926446825266,178708,93.53482055664062,0.25296735763549805,127,0.0001,714936,2952,75.74,-99505.05
5599,195.96478271484375,0.006996290758252144,178769,90.0405502319336,-1.2835909128189087,127,0.0001,715180,2956,75.86,-99506.25
5602,195.82130432128906,0.006976961623877287,178835,91.39157104492188,4.974089622497559,127,0.0001,715444,2960,74.47,-99492.35
5604,390.9007568359375,0.0069602737203240395,178902,91.41580200195312,0.3162832260131836,127,0.0001,715712,2964,74.71,-99494.75
5606,0.9357888102531433,0.006957062054425478,178969,92.7164077758789,1.6028752326965332,127,0.0001,715980,2968,65.64,-100545.8
5608,586.2227172851562,0.006955874152481556,179032,90.91645812988281,3.651752233505249,127,0.0001,716232,2972,65.28,-100642.8
5610,390.8754577636719,0.006949429865926504,179103,89.85595703125,-1.9578417539596558,127,0.0001,716516,2976,65.39,-100643.9
5612,196.17388916015625,0.006944788619875908,179167,90.58671569824219,3.22595477104187,127,0.0001,716772,2980,65.53,-100645.3
5614,215.3882293701172,0.006932493764907122,179237,89.95831298828125,2.9641876220703125,127,0.0001,717052,2984,65.64,-100646.4
5617,195.68479919433594,0.006918986327946186,179303,90.81317901611328,-1.4924601316452026,127,0.0001,717316,2988,65.83,-100648.3
5619,0.7689949870109558,0.006905038375407457,179372,89.49690246582031,3.0829217433929443,127,0.0001,717592,2992,65.98,-100649.8
5621,0.6965308785438538,0.006898999214172363,179439,91.96095275878906,2.4932589530944824,127,0.0001,717860,2996,66.12,-100651.2
5623,410.5247497558594,0.006893240846693516,179503,91.45578002929688,-1.2003815174102783,127,0.0001,718116,3000,65.96,-100649.6
5626,195.86529541015625,0.006870696786791086,179591,90.19500732421875,-0.6509181261062622,127,0.0001,718468,3004,66.33,-100653.3
5628,391.0520324707031,0.006847844459116459,179663,91.16647338867188,2.320005178451538,127,0.0001,718756,3008,66.34,-100653.4
5630,196.00576782226562,0.006855119951069355,179721,90.64765167236328,0.6253697872161865,127,0.0001,718988,3012,66.43,-100654.3
5632,391.19415283203125,0.006846972741186619,179785,91.43415832519531,3.1635255813598633,127,0.0001,719244,3016,66.48,-100654.8
5634,195.7743682861328,0.006847615819424391,179825,92.32310485839844,-0.6932027339935303,127,0.0001,719404,3020,66.11,-100651.1
5635,605.468994140625,0.00684671476483345,179886,94.28955841064453,-2.528428554534912,127,0.0001,719648,3024,65.68,-100646.8
5637,20.325082778930664,0.0068426188081502914,179920,93.68441772460938,-2.9648590087890625,127,0.0001,719784,3028,64.51,-100635.1
5638,390.96875,0.006839170586317778,179963,91.33426666259766,-0.7457115054130554,127,0.0001,719956,3032,63.28,-100622.8
5640,195.6529998779297,0.006836529355496168,180011,93.06887817382812,-0.751022219657898,127,0.0001,720148,3036,62.15,-100611.5
5646,605.5330810546875,0.006818519905209541,180197,90.83370208740234,2.335658073425293,127,0.0001,720892,3040,64.04,-100630.4
5653,586.1117553710938,0.0068168905563652515,180424,89.1240463256836,0.10440921783447266,127,0.0001,721800,3044,63.55,-100523.175
5655,195.66111755371094,0.006812984589487314,180490,91.17582702636719,1.3992542028427124,127,0.0001,722064,3048,65.7,-100442.575
5657,391.2588806152344,0.006823700852692127,180555,89.39976501464844,5.099978923797607,127,0.0001,722324,3052,64.42,-100429.775
5659,390.7777404785156,0.006841812748461962,180621,90.98983764648438,1.867791771888733,127,0.0001,722588,3056,63.27,-100418.275
5660,215.4326171875,0.0068462868221104145,180663,88.1526870727539,2.6277711391448975,127,0.0001,722756,3060,67.51,-100460.675
5662,0.603124737739563,0.006865558680146933,180714,92.4858169555664,-0.8075909614562988,127,0.0001,722960,3064,66.11,-100446.675
5663,195.91558837890625,0.0068777441047132015,180754,91.80802154541016,0.13791894912719727,127,0.0001,723120,3068,70.94,-100356.425
5664,195.85897827148438,0.0068802665919065475,180786,90.28004455566406,0.8250736594200134,127,0.0001,723248,3072,69.97,-100346.725
5665,215.582275390625,0.006891055963933468,180829,91.48260498046875,1.9007208347320557,127,0.0001,723420,3076,68.69,-100333.925
5672,0.7772594690322876,0.00689737731590867,181023,92.39982604980469,-1.8427467346191406,127,0.0001,724196,3080,69.23,-100339.325
5678,976.1383666992188,0.006923442240804434,181219,91.76216888427734,-1.8253960609436035,127,0.0001,724980,3084,70.93,-100356.325
5681,195.8910675048828,0.006948926020413637,181324,90.50473022460938,2.0565054416656494,127,0.0001,725400,3088,74.12,-100388.225
5683,215.33607482910156,0.006959686521440744,181392,88.13150024414062,-1.1454813480377197,127,0.0001,725672,3092,72.73,-100374.325
5685,195.95391845703125,0.00698136817663908,181459,92.50448608398438,3.953338146209717,127,0.0001,725940,3096,71.32,-100360.225
5689,390.0065612792969,0.0070098345167934895,181579,93.86431884765625,0.08469575643539429,127,0.0001,726420,3100,81.34,-100224.525
5692,20.263591766357422,0.0070133088156580925,181680,89.41017150878906,-0.23032748699188232,127,0.0001,726824,3104,81.25,-100223.625
5708,390.9347229003906,0.006919903680682182,182175,91.35893249511719,-1.3567709922790527,127,0.0001,728804,3108,90.56,-100202.775
5710,195.65066528320312,0.006924924440681934,182249,90.51105499267578,-3.636216402053833,127,0.0001,729100,3112,89.78,-100194.975
5712,390.77569580078125,0.006918943487107754,182319,93.53453063964844,0.5544880628585815,127,0.0001,729380,3116,88.63,-100183.475
5714,586.1192016601562,0.006913077086210251,182384,87.79095458984375,2.452709913253784,127,0.0001,729640,3120,87.83,-100175.475
5720,390.9346008300781,0.0068756225518882275,182573,91.03050231933594,1.5145337581634521,127,0.0001,730396,3124,96.18,-100145.825
5726,390.77899169921875,0.006839555688202381,182748,91.31881713867188,1.0724005699157715,127,0.0001,731096,3128,105.76,-99103.1
5733,605.6154174804688,0.006769594270735979,182984,91.08038330078125,-0.6650955677032471,127,0.0001,732040,3132,110.25,-99148.0
5735,410.7467041015625,0.0067387535236775875,183050,89.66590881347656,1.8887825012207031,127,0.0001,732304,3136,110.1,-99146.5
5737,215.1999969482422,0.006725303363054991,183122,90.15521240234375,0.17389002442359924,127,0.0001,732592,3140,106.92,-99114.7
5740,215.21913146972656,0.006722497753798962,183194,91.26307678222656,2.1028428077697754,127,0.0001,732880,3144,106.13,-99209.125
5742,215.42311096191406,0.006719985045492649,183267,88.20991516113281,-1.551501750946045,127,0.0001,733172,3148,102.89,-99278.825
5744,215.51174926757812,0.006712920498102903,183338,89.54150390625,2.7835493087768555,127,0.0001,733456,3152,102.95,-99279.425
5746,391.3150634765625,0.006713141221553087,183413,93.9700927734375,1.5700139999389648,127,0.0001,733756,3156,112.75,-98249.325
5748,195.59732055664062,0.006726297549903393,183457,91.46321105957031,-0.3212733268737793,127,0.0001,733932,3160,116.9,-97153.5
5750,390.9376525878906,0.00673900730907917,183523,90.93876647949219,-2.0499095916748047,127,0.0001,734196,3164,117.06,-97155.1
5757,585.8714599609375,0.006704535335302353,183755,90.58971405029297,-1.1212942600250244,127,0.0001,735124,3168,113.56,-97258.65
5760,195.76962280273438,0.006679024547338486,183840,89.53461456298828,0.8505870699882507,127,0.0001,735464,3172,119.53,-97083.175
5762,215.5504608154297,0.006679120007902384,183903,87.96031188964844,0.9443679451942444,127,0.0001,735716,3176,119.72,-97085.075
5763,976.0808715820312,0.0066693429835140705,183954,87.49354553222656,-1.8952605724334717,127,0.0001,735920,3180,118.03,-97068.175
5765,215.3288116455078,0.006657786667346954,184019,91.09011840820312,-2.4726624488830566,127,0.0001,736180,3184,119.36,-97081.475
5767,0.713249683380127,0.0066535561345517635,184070,90.05906677246094,-1.9263575077056885,127,0.0001,736384,3188,114.92,-97037.075
5769,585.8737182617188,0.006635076366364956,184140,90.04335021972656,-0.8211888074874878,127,0.0001,736664,3192,115.87,-97046.575
5771,20.380638122558594,0.0066299778409302235,184183,89.83140563964844,-2.361607313156128,127,0.0001,736836,3196,116.14,-97049.275
5772,20.420228958129883,0.006615407299250364,184231,89.92791748046875,-0.14513611793518066,127,0.0001,737028,3200,107.55,-97199.275
5774,390.8935241699219,0.006610831245779991,184298,90.55510711669922,-1.2646484375,127,0.0001,737296,3204,101.95,-97257.225
5776,390.9500732421875,0.006600616499781609,184339,89.49581909179688,-0.5498178005218506,127,0.0001,737460,3208,95.48,-97192.525
5778,0.683042585849762,0.006588353309780359,184427,87.7595443725586,-0.6776012778282166,127,0.0001,737812,3212,96.01,-97197.825
5781,195.619140625,0.006573538761585951,184500,89.62809753417969,-3.231374740600586,127,0.0001,738104,3216,96.07,-97198.425
5786,390.78948974609375,0.0065858936868608,184662,90.81501770019531,5.118773937225342,127,0.0001,738752,3220,100.13,-97239.025
5788,390.9730529785156,0.006584480404853821,184736,92.31797790527344,2.701725482940674,127,0.0001,739048,3224,96.88,-97319.675
5791,390.9013671875,0.0065753343515098095,184808,88.11141967773438,-2.4117045402526855,127,0.0001,739336,3228,87.3,-98362.4
5801,195.6787872314453,0.0065307701006531715,185130,92.57914733886719,-2.3486714363098145,127,0.0001,740624,3232,88.85,-98377.9
5809,0.6171075701713562,0.006491531617939472,185395,92.90084838867188,0.05997824668884277,127,0.0001,741684,3236,98.92,-98358.575
5812,976.1189575195312,0.006506133824586868,185478,89.39506530761719,0.7425936460494995,127,0.0001,742016,3240,104.43,-98311.475
5815,390.8393859863281,0.006546499207615852,185586,88.90562438964844,-0.6030939817428589,127,0.0001,742448,3244,105.71,-98324.275
5822,195.77566528320312,0.006574622821062803,185783,92.53752899169922,1.1978240013122559,127,0.0001,743236,3248,106.72,-98334.375
5824,1.107677698135376,0.006594752427190542,185852,91.2982177734375,0.2676793336868286,127,0.0001,743512,3252,108.11,-98348.275
5826,195.89419555664062,0.006600521970540285,185914,90.41282653808594,2.079672336578369,127,0.0001,743760,3256,98.27,-99377.975
5830,781.275146484375,0.006593051366508007,186058,89.63591003417969,2.7450530529022217,127,0.0001,744336,3260,95.45,-100487.1
5833,781.1737060546875,0.006610286422073841,186155,93.5313720703125,2.9095330238342285,127,0.0001,744724,3264,96.97,-100502.3
5835,585.8914184570312,0.006616403814405203,186197,92.51057434082031,0.9204506874084473,127,0.0001,744892,3268,104.25,-99469.4
5836,195.76332092285156,0.006616101134568453,186245,91.35298156738281,-0.09257066249847412,127,0.0001,745084,3272,98.41,-99646.175
5838,390.9229736328125,0.006609977222979069,186290,94.4959945678711,-3.0596706867218018,127,0.0001,745264,3276,98.2,-99644.075
5839,0.7315076589584351,0.006591718178242445,186336,90.89097595214844,0.4438982307910919,127,0.0001,745448,3280,97.93,-99641.375
5840,390.7637939453125,0.006592620629817247,186370,91.24278259277344,-2.610673189163208,127,0.0001,745584,3284,94.9,-99611.075
5841,195.71441650390625,0.0065931170247495174,186406,93.44754028320312,2.8353123664855957,127,0.0001,745728,3288,94.72,-99609.275
5843,195.70359802246094,0.0066073681227862835,186466,93.42533874511719,1.4433070421218872,127,0.0001,745968,3292,93.71,-99599.175
5844,585.919921875,0.00661033671349287,186500,94.82278442382812,0.18149060010910034,127,0.0001,746104,3296,93.43,-99596.375
5846,0.732537567615509,0.006612625438719988,186538,95.29841613769531,1.652780532836914,127,0.0001,746256,3300,90.63,-99568.375
5848,215.4234619140625,0.006606539245694876,186598,92.26785278320312,2.024026393890381,127,0.0001,746496,3304,90.42,-99566.275
5849,781.1071166992188,0.00660957396030426,186628,94.11810302734375,2.2678678035736084,127,0.0001,746616,3308,92.68,-99588.875
5850,195.76986694335938,0.006617255508899689,186659,94.98326110839844,-1.3697178363800049,127,0.0001,746740,3312,92.01,-99582.175
5850,0.6076630353927612,0.006615507882088423,186689,92.0666732788086,-0.3187151849269867,127,0.0001,746860,3316,91.8,-99580.075
5852,195.82943725585938,0.006618998013436794,186724,90.61363220214844,6.668529510498047,127,0.0001,747000,3320,87.58,-99537.875
5854,585.8729858398438,0.006634712219238281,186788,93.86537170410156,-2.0205941200256348,127,0.0001,747256,3324,81.45,-99476.575
5855,410.4949035644531,0.006655840668827295,186831,95.67730712890625,1.0346895456314087,127,0.0001,747428,3328,82.29,-99484.975
5856,20.333118438720703,0.0066775050945580006,186873,94.0052490234375,-1.284221887588501,127,0.0001,747596,3332,76.08,-99422.875
5858,0.8401216864585876,0.006705277133733034,186914,94.74656677246094,0.15223026275634766,127,0.0001,747760,3336,65.88,-99440.9
5859,391.2459716796875,0.006731463596224785,186952,92.24018096923828,4.576032638549805,127,0.0001,747912,3340,60.28,-99487.1
5860,0.9430691003799438,0.0067642442882061005,186996,93.99346160888672,3.028566837310791,127,0.0001,748088,3344,58.73,-99471.6
5862,586.049560546875,0.006793860346078873,187034,92.6742172241211,0.5406550765037537,127,0.0001,748240,3348,57.46,-99458.9
5863,605.5755615234375,0.006816256791353226,187065,92.25507354736328,-0.42320916056632996,127,0.0001,748364,3352,59.18,-99476.1
5864,625.2044067382812,0.006831752602010965,187093,92.93576049804688,1.2200515270233154,127,0.0001,748476,3356,59.1,-99475.3
5865,625.4479370117188,0.00684506306424737,187123,95.49462127685547,2.463299036026001,127,0.0001,748596,3360,52.04,-99404.7
5866,976.3054809570312,0.0068624261766672134,187156,89.63957214355469,1.0664068460464478,127,0.0001,748728,3364,50.4,-99388.3
5867,196.19764709472656,0.006877311039716005,187185,96.67842102050781,2.8951423168182373,127,0.0001,748844,3368,39.8,-100388.0
5868,390.8685302734375,0.006895269732922316,187215,91.67622375488281,-0.3115290105342865,127,0.0001,748964,3372,39.56,-100385.6
5869,976.123291015625,0.006909992545843124,187245,95.39360046386719,0.3685940206050873,127,0.0001,749084,3376,39.42,-100384.2
5870,195.78611755371094,0.006915925536304712,187275,91.34115600585938,0.16727882623672485,127,0.0001,749204,3380,39.38,-100383.8
5871,195.73411560058594,0.006926076952368021,187305,93.99139404296875,1.006066083908081,127,0.0001,749324,3384,37.89,-100368.9
5872,390.9630126953125,0.006932559423148632,187334,94.64111328125,1.728047251701355,127,0.0001,749440,3388,37.76,-100367.6
5872,195.7545928955078,0.00694607337936759,187362,88.36864471435547,0.5818692445755005,127,0.0001,749552,3392,37.68,-100366.8
5874,390.8229064941406,0.006961611565202475,187395,94.56891632080078,0.634311318397522,127,0.0001,749684,3396,37.53,-100365.3
5874,605.5669555664062,0.006973456125706434,187422,93.18180847167969,0.1992802619934082,127,0.0001,749792,3400,37.5,-100365.0
5875,0.8308053612709045,0.006979417521506548,187452,92.75531005859375,2.268568992614746,127,0.0001,749912,3404,37.23,-100362.3
5876,585.9863891601562,0.006980924867093563,187483,94.79489135742188,-1.7199060916900635,127,0.0001,750036,3408,34.67,-100336.7
5878,586.1737670898438,0.006976080127060413,187526,95.67557525634766,-0.47345268726348877,127,0.0001,750208,3412,35.05,-100340.5
5879,585.9281005859375,0.006974692922085524,187560,92.851318359375,1.1244972944259644,127,0.0001,750344,3416,35.13,-100341.3
5880,585.9109497070312,0.006982219871133566,187588,93.89803314208984,1.444270133972168,127,0.0001,750456,3420,35.1,-100341.0
5881,586.0326538085938,0.006991711910814047,187616,95.84394836425781,-1.511639952659607,127,0.0001,750568,3424,34.99,-100339.9
5882,390.87091064453125,0.006995726842433214,187650,92.97789001464844,0.04123210906982422,127,0.0001,750704,3428,33.98,-100329.8
5883,390.93450927734375,0.006999447010457516,187679,91.97355651855469,2.261307716369629,127,0.0001,750820,3432,33.92,-100329.2
5884,195.95887756347656,0.007015640381723642,187707,94.8309555053711,1.2300279140472412,127,0.0001,750932,3436,33.85,-100328.5
5885,781.0345458984375,0.007029721513390541,187736,98.05598449707031,-0.7475084662437439,127,0.0001,751048,3440,33.8,-100328.0
5886,390.98626708984375,0.0070357974618673325,187770,95.45743560791016,0.384765625,127,0.0001,751184,3444,33.83,-100328.3
5887,586.0682983398438,0.007036583032459021,187799,90.78590393066406,2.3341546058654785,127,0.0001,751300,3448,33.76,-100327.6
5888,195.91900634765625,0.007037609815597534,187828,94.7065200805664,-2.410968542098999,127,0.0001,751416,3452,30.42,-100294.2
5888,976.1646728515625,0.007041224744170904,187856,92.69876098632812,0.7749292254447937,127,0.0001,751528,3456,30.42,-100294.2
5889,781.1732788085938,0.007061502896249294,187884,95.48573303222656,5.2894086837768555,127,0.0001,751640,3460,30.33,-100293.3
5890,410.61114501953125,0.007076030131429434,187916,94.74872589111328,2.0687808990478516,127,0.0001,751768,3464,30.16,-100291.6
5891,586.130615234375,0.007089806720614433,187943,94.7359848022461,1.8417836427688599,127,0.0001,751876,3468,30.12,-100291.2
5892,391.6625671386719,0.00710634421557188,187972,95.5191650390625,4.3486008644104,127,0.0001,751992,3472,29.98,-100289.8
5893,195.91293334960938,0.007123738527297974,188000,97.99175262451172,1.2284470796585083,127,0.0001,752104,3476,29.98,-100289.8
5894,391.05743408203125,0.007138935849070549,188027,92.61474609375,1.9352830648422241,127,0.0001,752212,3480,29.86,-100288.6
5895,411.3789978027344,0.007161532994359732,188055,95.73715209960938,3.42800235748291,127,0.0001,752324,3484,29.75,-100287.5
5896,586.2003784179688,0.007177348248660564,188087,93.89320373535156,2.136789321899414,127,0.0001,752452,3488,29.75,-100287.5
5897,781.3539428710938,0.0072021763771772385,188117,96.91433715820312,1.8885576725006104,127,0.0001,752572,3492,29.79,-100287.9
5898,391.2220764160156,0.007234886288642883,188157,96.45201873779297,3.223484516143799,127,0.0001,752732,3496,30.15,-100291.5
5899,391.01263427734375,0.007258666679263115,188186,96.80268859863281,1.04296875,127,0.0001,752848,3500,30.32,-100293.2
5900,586.028076171875,0.007289850153028965,188225,96.63597869873047,0.13760685920715332,127,0.0001,753004,3504,30.78,-100297.8
5901,390.998291015625,0.007317390758544207,188254,92.87031555175781,1.6533783674240112,127,0.0001,753120,3508,30.72,-100297.2
5902,586.3428955078125,0.007345998659729958,188285,96.0151596069336,2.8025729656219482,127,0.0001,753244,3512,30.46,-100294.6
5904,781.1705322265625,0.007411363534629345,188347,96.7095947265625,2.9074630737304688,127,0.0001,753492,3516,30.57,-100295.7
5908,0.9586715698242188,0.0075356680899858475,188465,98.50775146484375,1.5651301145553589,127,0.0001,753964,3520,31.17,-100301.7
5910,605.998046875,0.00759189622476697,188524,97.69114685058594,2.9627904891967773,127,0.0001,754200,3524,32.33,-100313.3
5912,391.1551208496094,0.007642338518053293,188585,95.67391967773438,1.564370036125183,127,0.0001,754444,3528,32.38,-100313.8
5915,196.13900756835938,0.007710730191320181,188673,95.87356567382812,0.5728830695152283,127,0.0001,754796,3532,35.3,-100343.0
5917,586.6261596679688,0.007769369054585695,188746,95.90983581542969,6.538481712341309,127,0.0001,755088,3536,39.96,-100289.4
5920,391.2380065917969,0.007856911979615688,188847,95.19841003417969,3.3990368843078613,127,0.0001,755492,3540,43.13,-100119.56666667
5922,196.4436492919922,0.007914588786661625,188904,96.06547546386719,2.921905279159546,127,0.0001,755720,3544,44.72,-100135.46666666999
5926,411.03033447265625,0.00802280567586422,189017,96.53553771972656,2.869002342224121,127,0.0001,756172,3548,47.44,-100058.69166667
5927,196.13951110839844,0.008076434955000877,189067,95.46188354492188,5.538177490234375,127,0.0001,756372,3552,49.25,-100076.79166666999
5933,781.515625,0.008286982774734497,189254,97.51771545410156,1.7258951663970947,127,0.0001,757120,3556,53.53,-100119.59166666999
5936,196.4729461669922,0.00839738268405199,189346,97.54876708984375,5.461392879486084,127,0.0001,757488,3560,57.18,-100052.79166666999
5938,781.494140625,0.00846471730619669,189406,98.04231262207031,4.178155422210693,127,0.0001,757728,3564,59.44,-100075.39166667
5941,1.5284324884414673,0.008562997914850712,189494,98.36143493652344,7.171503067016602,127,0.0001,758080,3568,61.17,-100092.69166667
5945,781.7737426757812,0.008737252093851566,189627,97.28775787353516,5.705578804016113,127,0.0001,758612,3572,65.11,-100132.09166666999
5948,391.6813049316406,0.00884961150586605,189710,100.19403076171875,5.136383533477783,127,0.0001,758944,3576,67.87,-100059.69166667
5952,1.639885663986206,0.00899715069681406,189824,98.56828308105469,6.361690044403076,127,0.0001,759400,3580,70.41,-100085.09166666999
5953,196.87945556640625,0.009071378968656063,189879,97.93998718261719,8.003219604492188,127,0.0001,759620,3584,72.32,-100104.19166667
5956,586.7657470703125,0.009155169129371643,189947,102.48271942138672,4.949361801147461,127,0.0001,759892,3588,73.61,-100117.09166666999
5959,196.84185791015625,0.009268412366509438,190042,100.33863067626953,8.039081573486328,127,0.0001,760272,3592,76.59,-100146.89166667
5960,392.1025085449219,0.009320277720689774,190085,99.40250396728516,6.0164666175842285,127,0.0001,760444,3596,77.26,-100153.59166666999
5962,782.1976928710938,0.00937807559967041,190136,101.21623229980469,7.289318084716797,127,0.0001,760648,3600,77.84,-100159.39166667
5963,1757.0167236328125,0.009436897933483124,190184,100.43112182617188,8.859309196472168,127,0.0001,760840,3604,78.27,-100163.69166667
5965,197.08509826660156,0.009500914253294468,190235,98.4134521484375,8.363759994506836,127,0.0001,761044,3608,78.95,-100170.49166667
5967,392.1819763183594,0.009570254012942314,190295,102.1635513305664,7.497302532196045,127,0.0001,761284,3612,79.81,-100179.09166666999
5968,22.00762176513672,0.009615648537874222,190334,103.63013458251953,9.794063568115234,127,0.0001,761440,3616,80.23,-100183.29166666999
5969,392.009033203125,0.009659798815846443,190373,100.84486389160156,9.602499008178711,127,0.0001,761596,3620,79.09,-100171.89166667
5971,587.2054443359375,0.00972329918295145,190425,100.90231323242188,6.8963165283203125,127,0.0001,761804,3624,79.53,-100176.29166666999
5973,392.2945861816406,0.00977877527475357,190471,100.60047912597656,7.321154594421387,127,0.0001,761988,3628,80.32,-100184.19166667
5974,1367.04736328125,0.00984734483063221,190523,103.27799987792969,8.744680404663086,127,0.0001,762196,3632,78.46,-100165.59166666999
5976,197.22891235351562,0.009925879538059235,190586,97.15140533447266,11.7015380859375,127,0.0001,762448,3636,74.59,-100227.09166666999
5979,587.2042236328125,0.010003901086747646,190652,101.50143432617188,8.287141799926758,127,0.0001,762712,3640,72.9,-100411.725
5980,587.441650390625,0.010073116980493069,190704,102.0373306274414,10.333120346069336,127,0.0001,762920,3644,72.23,-100405.025
5982,782.21337890625,0.010163833387196064,190767,102.35330200195312,8.91129207611084,127,0.0001,763172,3648,70.31,-100489.8
5984,802.5907592773438,0.010241473093628883,190822,102.0870361328125,12.137229919433594,127,0.0001,763392,3652,70.02,-100486.9
5986,1172.9139404296875,0.010325426235795021,190881,105.61177825927734,12.405689239501953,127,0.0001,763628,3656,66.94,-100456.1
5988,782.667724609375,0.01039950456470251,190938,102.72781372070312,9.594551086425781,127,0.0001,763856,3660,64.56,-100535.6
5991,198.05262756347656,0.010528279468417168,191031,105.14654541015625,10.212786674499512,127,0.0001,764228,3664,64.26,-100532.6
5994,197.7989501953125,0.010660025291144848,191120,102.93264770507812,9.791857719421387,127,0.0001,764584,3668,64.82,-100538.2
5996,3.1566288471221924,0.01078757457435131,191210,106.32267761230469,9.531852722167969,127,0.0001,764944,3672,63.65,-100526.5
6000,587.9452514648438,0.010928004048764706,191317,104.73318481445312,13.563848495483398,127,0.0001,765372,3676,63.96,-100629.6
6003,782.9968872070312,0.01107463426887989,191428,106.32756805419922,13.236166000366211,127,0.0001,765816,3680,64.72,-100637.2
6006,22.781166076660156,0.011216945014894009,191524,104.98954772949219,12.626794815063477,127,0.0001,766200,3684,65.82,-100648.2
6009,198.2411651611328,0.011342587880790234,191610,103.03607940673828,13.588969230651855,127,0.0001,766544,3688,66.8,-100658.0
6012,783.4466552734375,0.011453740298748016,191685,104.70357513427734,13.639601707458496,127,0.0001,766844,3692,65.57,-100645.7
6015,783.6480712890625,0.011608009226620197,191783,107.4034423828125,12.96072769165039,127,0.0001,767236,3696,66.24,-100652.4
6016,1172.914794921875,0.011687242425978184,191832,107.9608383178711,16.5411319732666,127,0.0001,767432,3700,67.22,-100662.2
6019,393.27435302734375,0.01180475577712059,191911,109.08026885986328,12.507268905639648,127,0.0001,767748,3704,68.16,-100671.6
6021,978.7863159179688,0.011920851655304432,191990,107.16389465332031,13.383172035217285,127,0.0001,768064,3708,69.35,-100581.775
6024,783.8304443359375,0.01205088384449482,192076,109.13825225830078,14.637835502624512,127,0.0001,768408,3712,70.83,-100494.4
6026,393.98919677734375,0.01217290572822094,192154,108.05047607421875,13.52225112915039,127,0.0001,768720,3716,72.14,-100405.175
6029,198.82908630371094,0.012308112345635891,192245,109.5521240234375,16.29501724243164,127,0.0001,769084,3720,73.93,-100219.175
6032,198.8307342529297,0.012434937991201878,192321,111.70796203613281,16.939464569091797,127,0.0001,769388,3724,75.56,-100031.575
6034,198.8263397216797,0.012548576109111309,192391,108.06224060058594,16.966703414916992,127,0.0001,769668,3728,76.13,-99935.475
6036,393.3026123046875,0.012665699236094952,192467,108.83123016357422,19.21096420288086,127,0.0001,769972,3732,76.94,-99841.775
6038,589.3386840820312,0.012773280963301659,192531,109.3454818725586,16.351184844970703,127,0.0001,770228,3736,78.21,-99854.475
6040,588.4373168945312,0.012881021946668625,192592,108.53640747070312,15.20887565612793,127,0.0001,770472,3740,78.23,-99854.675
6042,199.17767333984375,0.012986989691853523,192654,110.8126220703125,20.339435577392578,127,0.0001,770720,3744,78.4,-99856.375
6044,784.1246948242188,0.013075878843665123,192707,111.67584228515625,15.374073028564453,127,0.0001,770932,3748,78.6,-99858.375
6046,3.9472992420196533,0.01316477358341217,192760,110.1527099609375,16.778379440307617,127,0.0001,771144,3752,78.07,-99853.075
6048,199.08934020996094,0.013248776085674763,192810,109.88813781738281,18.940889358520508,127,0.0001,771344,3756,77.69,-99849.275
6049,394.3834228515625,0.01333019882440567,192858,110.73304748535156,17.777217864990234,127,0.0001,771536,3760,77.44,-99846.775
6051,393.66290283203125,0.013416842557489872,192909,107.79263305664062,17.50960922241211,127,0.0001,771740,3764,76.13,-99833.675
6052,433.49188232421875,0.013481518253684044,192949,111.4378890991211,19.073678970336914,127,0.0001,771900,3768,74.27,-99815.075
6054,394.0011291503906,0.013573034666478634,193005,109.25955200195312,17.464860916137695,127,0.0001,772124,3772,72.19,-99794.275
6056,394.3976135253906,0.013677298091351986,193070,110.450927734375,17.821624755859375,127,0.0001,772384,3776,69.9,-99771.375
6057,394.65594482421875,0.013739611953496933,193109,110.49751281738281,17.7690486907959,127,0.0001,772540,3780,67.82,-99750.575
6059,784.6937866210938,0.013803013600409031,193149,113.1425552368164,16.540056228637695,127,0.0001,772700,3784,65.39,-99726.275
6060,414.14373779296875,0.013859064318239689,193184,109.85919952392578,20.551755905151367,127,0.0001,772840,3788,63.67,-99709.075
6061,199.63388061523438,0.013932202011346817,193228,112.02702331542969,18.47096824645996,127,0.0001,773016,3792,62.27,-99695.075
6063,784.7673950195312,0.014001312665641308,193273,113.8038330078125,17.76530647277832,127,0.0001,773196,3796,60.56,-99677.975
6064,979.3526000976562,0.014065202325582504,193314,112.8226318359375,19.03209686279297,127,0.0001,773360,3800,59.86,-99670.975
6065,200.18736267089844,0.014130611903965473,193355,112.03924560546875,16.553865432739258,127,0.0001,773524,3804,58.2,-99654.375
6066,199.94833374023438,0.014189252629876137,193393,113.94743347167969,19.67630386352539,127,0.0001,773676,3808,56.91,-99743.2
6068,589.4075927734375,0.014255517162382603,193436,109.12126922607422,18.730506896972656,127,0.0001,773848,3812,54.89,-99825.175
6069,394.7745361328125,0.014318103902041912,193477,112.95487976074219,16.063766479492188,127,0.0001,774012,3816,53.31,-99911.7
6070,394.5335388183594,0.014376431703567505,193516,109.56109619140625,18.613265991210938,127,0.0001,774168,3820,51.47,-100097.2
6072,1174.585205078125,0.014442282728850842,193558,115.86188507080078,17.375585556030273,127,0.0001,774336,3824,49.85,-100284.9
6073,199.5447998046875,0.014506291598081589,193599,111.58429718017578,16.18762969970703,127,0.0001,774500,3828,48.85,-100376.7
6074,1193.9332275390625,0.014571555890142918,193641,113.1629638671875,17.67963218688965,127,0.0001,774668,3832,47.49,-100464.9
6076,395.4461669921875,0.01464055385440588,193683,115.81980895996094,17.50173568725586,127,0.0001,774836,3836,45.96,-100449.6
6077,414.2710266113281,0.01470374409109354,193723,112.52201080322266,15.910816192626953,127,0.0001,774996,3840,44.95,-100439.5
6078,590.8154907226562,0.014770756475627422,193766,115.63276672363281,16.31462287902832,127,0.0001,775168,3844,44.32,-100433.2
6080,589.4966430664062,0.014837103895843029,193808,114.05439758300781,19.213865280151367,127,0.0001,775336,3848,43.9,-100429.0
6081,394.93310546875,0.014909002929925919,193853,112.37686920166016,19.226604461669922,127,0.0001,775516,3852,43.48,-100424.8
6082,804.7199096679688,0.014980907551944256,193897,114.28428649902344,18.380455017089844,127,0.0001,775692,3856,43.2,-100422.0
6084,1194.6380615234375,0.015055757947266102,193942,115.45511627197266,15.108039855957031,127,0.0001,775872,3860,42.81,-100418.1
6085,785.193359375,0.01512541901320219,193984,117.00595092773438,18.661230087280273,127,0.0001,776040,3864,42.77,-100417.7
6087,200.59100341796875,0.015209858305752277,194033,114.45359802246094,18.746334075927734,127,0.0001,776236,3868,42.91,-100419.1
6088,395.28515625,0.015285399742424488,194077,116.72819519042969,19.04060935974121,127,0.0001,776412,3872,43.71,-100427.1
6090,979.644775390625,0.01536373421549797,194122,113.97454833984375,20.199729919433594,127,0.0001,776592,3876,43.47,-100424.7
6091,394.90289306640625,0.015442698262631893,194166,111.49971771240234,17.250381469726562,127,0.0001,776768,3880,42.87,-100418.7
6092,220.5848846435547,0.015515193343162537,194207,114.96405029296875,22.777420043945312,127,0.0001,776932,3884,42.82,-100418.2
6094,999.4814453125,0.015592117793858051,194250,117.26655578613281,17.570112228393555,127,0.0001,777104,3888,42.78,-100417.8
6095,200.4359130859375,0.015667354688048363,194293,114.40286254882812,19.017967224121094,127,0.0001,777276,3892,42.95,-100419.5
6097,200.41343688964844,0.015747923403978348,194338,115.29183959960938,22.58787727355957,127,0.0001,777456,3896,43.05,-100420.5
6098,785.0421752929688,0.015837203711271286,194389,115.5816421508789,16.327590942382812,127,0.0001,777660,3900,43.39,-100423.9
6100,589.9503784179688,0.015919329598546028,194436,116.38307189941406,18.525146484375,127,0.0001,777848,3904,43.63,-100426.3
6101,590.7862548828125,0.016007011756300926,194486,116.2941665649414,21.703062057495117,127,0.0001,778048,3908,44.17,-100431.7
6103,590.69970703125,0.01609906554222107,194540,118.00940704345703,19.786388397216797,127,0.0001,778264,3912,44.44,-100434.4
6105,590.438720703125,0.016190091148018837,194592,118.32159423828125,19.924705505371094,127,0.0001,778472,3916,44.94,-100439.4
6107,396.702392578125,0.016293926164507866,194649,118.69324493408203,18.901575088500977,127,0.0001,778700,3920,45.46,-100444.6
6108,396.3934020996094,0.016389787197113037,194701,121.41053771972656,21.222728729248047,127,0.0001,778908,3924,46.05,-100450.5
6110,981.1792602539062,0.016508877277374268,194767,123.02196502685547,22.18890953063965,127,0.0001,779172,3928,46.97,-100459.7
6112,591.9671020507812,0.01662919670343399,194832,121.57328796386719,20.309207916259766,127,0.0001,779432,3932,47.9,-100469.0
6114,592.3927001953125,0.01674647256731987,194895,130.329833984375,21.11212158203125,127,0.0001,779684,3936,48.84,-100478.4
6117,785.8878173828125,0.016881253570318222,194966,124.14193725585938,21.793989181518555,127,0.0001,779968,3940,49.68,-100486.8
6119,591.2517700195312,0.017009403556585312,195033,120.79132080078125,20.139057159423828,127,0.0001,780236,3944,50.42,-100494.2
6121,786.5656127929688,0.017149072140455246,195104,128.3906707763672,20.329044342041016,127,0.0001,780520,3948,51.5,-100505.0
6123,397.58062744140625,0.01728670671582222,195173,126.23150634765625,19.565608978271484,127,0.0001,780796,3952,52.41,-100514.1
6126,202.6861572265625,0.01742844469845295,195242,126.412353515625,21.406585693359375,127,0.0001,781072,3956,53.45,-100524.5
6128,807.010498046875,0.01756317913532257,195308,131.34255981445312,26.995010375976562,127,0.0001,781336,3960,54.45,-100534.5
6130,397.5455627441406,0.01771668531000614,195381,124.50001525878906,20.381919860839844,127,0.0001,781628,3964,55.63,-100546.3
6132,202.65252685546875,0.01785002090036869,195444,123.94252014160156,20.88686180114746,127,0.0001,781880,3968,56.72,-100557.2
6135,202.8298797607422,0.01801588386297226,195521,124.43195343017578,24.997970581054688,127,0.0001,782188,3972,57.01,-100560.1
6137,981.90966796875,0.018188277259469032,195600,125.81533813476562,24.356868743896484,127,0.0001,782504,3976,58.38,-100573.8
6140,203.71505737304688,0.0183553583920002,195679,127.6589584350586,20.779644012451172,127,0.0001,782820,3980,59.82,-100588.2
6143,203.41929626464844,0.01854609325528145,195766,127.86551666259766,26.058635711669922,127,0.0001,783168,3984,61.3,-100603.0
6145,613.5862426757812,0.01874147541821003,195852,131.05458068847656,27.042858123779297,127,0.0001,783512,3988,62.91,-100619.1
6148,399.74957275390625,0.018907232210040092,195925,133.07086181640625,25.942066192626953,127,0.0001,783804,3992,64.42,-100634.2
6150,11.056500434875488,0.019076844677329063,196000,138.23422241210938,26.786893844604492,127,0.0001,784104,3996,65.51,-100645.1
6152,791.1239013671875,0.01925777643918991,196078,139.90264892578125,26.015098571777344,127,0.0001,784416,4000,66.38,-100653.8
6154,205.1135711669922,0.0193996112793684,196137,133.95843505859375,25.299129486083984,127,0.0001,784652,4004,67.1,-100661.0
6157,401.1966247558594,0.01961161009967327,196227,138.8813934326172,31.84912109375,127,0.0001,785012,4008,68.82,-100678.2
6160,984.0789184570312,0.019795319065451622,196304,142.7917938232422,24.70185661315918,127,0.0001,785320,4012,70.02,-100690.2
6162,616.0358276367188,0.019946593791246414,196368,142.84988403320312,32.60090255737305,127,0.0001,785576,4016,70.67,-100696.7
6164,402.13214111328125,0.020096926018595695,196431,142.61199951171875,28.914749145507812,127,0.0001,785828,4020,71.29,-100702.9
6166,1004.0828247070312,0.020274927839636803,196505,141.12535095214844,29.10335922241211,127,0.0001,786124,4024,71.71,-100707.1
6168,791.2601318359375,0.0204558614641428,196578,146.72256469726562,30.41699981689453,127,0.0001,786416,4028,72.07,-100710.7
6170,402.36871337890625,0.02060801163315773,196638,142.4041290283203,27.85391616821289,127,0.0001,786656,4032,72.16,-100711.6
6173,792.3128662109375,0.02079722285270691,196712,148.72154235839844,32.59848403930664,127,0.0001,786952,4036,71.67,-100706.7
6174,793.595703125,0.020884789526462555,196746,152.2093505859375,30.999927520751953,127,0.0001,787088,4040,71.42,-100704.2
6176,402.75286865234375,0.021027565002441406,196803,150.0784454345703,29.251972198486328,127,0.0001,787316,4044,70.84,-100698.4
6177,598.333740234375,0.021137796342372894,196847,155.00735473632812,34.71615219116211,127,0.0001,787492,4048,69.92,-100689.2
6179,809.3986206054688,0.021272672340273857,196900,149.01651000976562,32.07664489746094,127,0.0001,787704,4052,69.23,-100682.3
6180,1183.42724609375,0.021365908905863762,196937,159.83160400390625,36.63386535644531,127,0.0001,787852,4056,68.38,-100673.8
6182,792.6552734375,0.021512608975172043,196994,154.58309936523438,32.88872528076172,127,0.0001,788080,4060,67.72,-100667.2
6183,404.79669189453125,0.021637801080942154,197043,153.91305541992188,34.76637268066406,127,0.0001,788276,4064,66.6,-100656.0
6184,598.5260009765625,0.021719640120863914,197075,156.57090759277344,33.830810546875,127,0.0001,788404,4068,65.37,-100643.7
6185,598.5552368164062,0.02180241234600544,197107,150.53135681152344,32.75395965576172,127,0.0001,788532,4072,64.14,-100631.4
6187,794.83056640625,0.021902216598391533,197146,161.4117431640625,35.398155212402344,127,0.0001,788688,4076,62.54,-100615.4
6187,1182.8265380859375,0.021972699090838432,197173,158.052490234375,31.9552001953125,127,0.0001,788796,4080,60.55,-100595.5
6188,407.1004333496094,0.022050920873880386,197203,168.7464599609375,33.60254669189453,127,0.0001,788916,4084,58.59,-100575.9
6190,598.6565551757812,0.02214146964251995,197238,158.782958984375,34.73455047607422,127,0.0001,789056,4088,56.64,-100556.4
6191,405.253173828125,0.02222800813615322,197272,165.17752075195312,33.110313415527344,127,0.0001,789192,4092,54.6,-100536.0
6192,621.0519409179688,0.0223025381565094,197301,168.35665893554688,31.133081436157227,127,0.0001,789308,4096,52.89,-100518.9
6196,1379.5755615234375,0.022694692015647888,197453,169.39028930664062,36.59687805175781,127,0.0001,789916,4100,52.59,-100409.225
6203,212.81381225585938,0.023278379812836647,197676,170.63113403320312,38.30604553222656,127,0.0001,790808,4104,56.33,-100446.625
6219,606.62890625,0.024616476148366928,198172,187.56814575195312,38.549068450927734,127,0.0001,792792,4108,65.94,-100022.45357143
6229,437.2611083984375,0.025614449754357338,198518,221.11309814453125,39.2932243347168,127,0.0001,794176,4112,81.76,-98759.0202381
6244,801.9959106445312,0.02705237828195095,198996,208.98040771484375,37.48122787475586,127,0.0001,796088,4116,93.97,-98881.12023809999
6246,231.45509338378906,0.02726076915860176,199064,231.98300170898438,40.93185043334961,127,0.0001,796360,4120,92.59,-98867.32023809999
6248,610.8421630859375,0.02747955173254013,199135,212.52748107910156,39.235374450683594,127,0.0001,796644,4124,91.37,-98855.12023809999
6250,1005.2400512695312,0.027680257335305214,199199,240.83364868164062,43.21057891845703,127,0.0001,796900,4128,89.71,-98838.5202381
6253,425.3114929199219,0.027893418446183205,199267,241.84872436523438,42.746620178222656,127,0.0001,797172,4132,88.35,-98824.92023809999
6254,815.2994995117188,0.02805856615304947,199320,245.67568969726562,40.65478515625,127,0.0001,797384,4136,97.27,-97776.85773809999
6255,226.048828125,0.028181780129671097,199359,237.68194580078125,38.14738082885742,127,0.0001,797540,4140,96.35,-97767.6577381
6257,1203.0946044921875,0.02830360271036625,199397,263.06195068359375,40.800819396972656,127,0.0001,797692,4144,95.79,-97762.05773809999
6258,805.8973999023438,0.028480026870965958,199452,232.42440795898438,36.977806091308594,127,0.0001,797912,4148,95.21,-97756.25773809999
6260,41.819252014160156,0.028597110882401466,199489,257.4586181640625,43.529144287109375,127,0.0001,798060,4152,94.48,-97748.9577381
6260,1395.937255859375,0.028692014515399933,199519,256.554443359375,42.06945037841797,127,0.0001,798180,4156,103.49,-96578.49384920999
6262,423.2091369628906,0.02879534848034382,199551,230.04286193847656,39.051353454589844,127,0.0001,798308,4160,102.65,-96570.09384921
6263,247.8681640625,0.02891521342098713,199588,246.89622497558594,42.4549560546875,127,0.0001,798456,4164,102.16,-96565.19384920999
6264,1199.98583984375,0.02903512492775917,199624,292.7186279296875,41.924564361572266,127,0.0001,798600,4168,102.04,-96563.99384920999
6265,1193.6717529296875,0.02915496565401554,199660,273.44305419921875,42.62251281738281,127,0.0001,798744,4172,101.75,-96561.09384921
6266,819.0866088867188,0.02927229180932045,199695,263.95880126953125,39.91276550292969,127,0.0001,798884,4176,101.67,-96560.29384921
6267,1009.9225463867188,0.02937355823814869,199726,279.2177429199219,44.744102478027344,127,0.0001,799008,4180,101.76,-96561.19384920999
6268,819.5383911132812,0.029482921585440636,199759,293.112548828125,45.971710205078125,127,0.0001,799140,4184,101.97,-96563.29384921
6269,438.35528564453125,0.029605796560645103,199796,299.7939453125,43.31513595581055,127,0.0001,799288,4188,102.03,-96563.89384921
6271,619.8312377929688,0.02974279224872589,199837,248.94717407226562,41.1941032409668,127,0.0001,799452,4192,102.59,-96569.49384920999
6272,821.3929443359375,0.029852889478206635,199870,302.1966247558594,49.692848205566406,127,0.0001,799584,4196,102.92,-96572.79384921
6273,829.3432006835938,0.030011583119630814,199917,298.5480651855469,40.35503387451172,127,0.0001,799772,4200,102.05,-96670.76884921
6275,813.648193359375,0.030193094164133072,199972,271.567138671875,45.758663177490234,127,0.0001,799992,4204,97.72,-96627.46884921
6277,239.2384033203125,0.030365541577339172,200023,265.76605224609375,41.1906852722168,127,0.0001,800196,4208,86.38,-97034.34027778
6278,1009.04296875,0.030558571219444275,200080,312.286376953125,44.83074951171875,127,0.0001,800424,4212,69.68,-98288.97361111
6280,50.48673629760742,0.030746323987841606,200135,291.43890380859375,44.49021911621094,127,0.0001,800644,4216,57.01,-98162.27361111
6282,430.9831848144531,0.030937716364860535,200190,267.6165466308594,46.451416015625,127,0.0001,800864,4220,58.05,-98172.67361111
6285,229.7874298095703,0.031217964366078377,200270,260.4000244140625,47.42726135253906,127,0.0001,801184,4224,59.37,-98185.87361111
6287,637.4664916992188,0.0314355343580246,200331,327.9388732910156,52.26356887817383,127,0.0001,801428,4228,60.7,-98199.17361111
6289,445.6214294433594,0.03173718973994255,200415,320.7272033691406,45.56049346923828,127,0.0001,801764,4232,62.64,-98218.57361111
6291,824.113525390625,0.031951650977134705,200475,303.4221496582031,46.382144927978516,127,0.0001,802004,4236,54.25,-99271.93611111
6294,1405.7847900390625,0.03226502984762192,200563,335.57666015625,46.52140808105469,127,0.0001,802356,4240,56.24,-99291.83611111
6297,256.2908935546875,0.032598234713077545,200655,345.840087890625,46.904640197753906,127,0.0001,802724,4244,58.65,-99315.93611111
6300,257.1980895996094,0.03291981294751167,200742,335.2823181152344,52.725608825683594,127,0.0001,803072,4248,60.93,-99338.73611111
6303,450.3021240234375,0.03327275067567825,200834,371.94329833984375,47.0643196105957,127,0.0001,803440,4252,63.28,-99362.23611111
6306,450.2953796386719,0.03366261348128319,200939,347.926513671875,48.16465759277344,127,0.0001,803860,4256,56.27,-100552.7
6310,461.0930480957031,0.03408409655094147,201053,400.529541015625,47.9915657043457,127,0.0001,804316,4260,59.61,-100586.1
6314,838.2030639648438,0.034566719084978104,201181,434.6856994628906,52.73603820800781,127,0.0001,804828,4264,63.33,-100623.3
6318,268.1182556152344,0.03507469967007637,201314,387.558837890625,49.15827560424805,127,0.0001,805360,4268,67.29,-100662.9
6322,1611.8944091796875,0.03560320660471916,201449,414.6336669921875,51.05570983886719,127,0.0001,805900,4272,71.21,-100702.1
6327,1032.8736572265625,0.036191392689943314,201598,441.6852722167969,48.15983963012695,127,0.0001,806496,4276,75.68,-100746.8
6332,1446.0345458984375,0.036784637719392776,201746,462.6463623046875,53.59123992919922,127,0.0001,807088,4280,80.25,-100792.5
6337,1018.8838500976562,0.0374021977186203,201896,543.1239013671875,50.95708084106445,127,0.0001,807688,4284,85.05,-100840.5
6342,318.61920166015625,0.038030266761779785,202049,537.777587890625,54.0332145690918,127,0.0001,808300,4288,89.74,-100887.4
6347,1048.4891357421875,0.03868050128221512,202203,601.4017333984375,52.464473724365234,127,0.0001,808916,4292,94.06,-100930.6
6352,467.21685791015625,0.03937693312764168,202367,506.470947265625,50.22841262817383,127,0.0001,809572,4296,98.98,-100979.8
6357,680.9835205078125,0.04005943611264229,202526,518.471435546875,50.94654846191406,127,0.0001,810208,4300,103.81,-101028.1
6363,721.0026245117188,0.04084574058651924,202704,721.283447265625,54.75718688964844,127,0.0001,810920,4304,108.67,-101076.7
6369,713.09912109375,0.04165571182966232,202886,641.7666015625,57.223541259765625,127,0.0001,811648,4308,113.83,-101128.3
6371,513.9249267578125,0.04201370105147362,202966,577.0672607421875,53.947959899902344,127,0.0001,811968,4312,115.28,-101142.8
6377,1272.36083984375,0.04276804253458977,203132,675.1337280273438,51.81640625,127,0.0001,812632,4316,119.06,-101180.6
6380,337.50018310546875,0.043248485773801804,203236,700.403564453125,52.24663162231445,127,0.0001,813048,4320,120.72,-101197.2
6382,163.8675537109375,0.04355013370513916,203300,772.5592041015625,59.306175231933594,127,0.0001,813304,4324,120.56,-101195.6
6385,1502.5322265625,0.04387805983424187,203369,824.3932495117188,56.41383361816406,127,0.0001,813580,4328,120.94,-101199.4
6386,148.56825256347656,0.044134240597486496,203422,676.4862060546875,55.66065979003906,127,0.0001,813792,4332,119.92,-101189.2
6388,364.72674560546875,0.04444700479507446,203488,915.969970703125,57.852394104003906,127,0.0001,814056,4336,119.33,-101183.3
6390,733.0015258789062,0.04474722221493721,203551,730.037109375,55.73676300048828,127,0.0001,814308,4340,118.64,-101176.4
6392,511.3966369628906,0.0449807234108448,203600,919.7630615234375,53.19241714477539,127,0.0001,814504,4344,117.36,-101163.6
6394,523.4174194335938,0.04523641988635063,203653,715.019287109375,56.06684875488281,127,0.0001,814716,4348,115.87,-101148.7
6396,865.0050048828125,0.045515380799770355,203711,775.0098876953125,53.926177978515625,127,0.0001,814948,4352,115.32,-101143.2
6397,751.1117553710938,0.04575113579630852,203759,859.42041015625,65.55781555175781,127,0.0001,815140,4356,113.43,-101124.3
6399,937.6076049804688,0.04600665345788002,203808,807.98583984375,57.037315368652344,127,0.0001,815336,4360,110.88,-101098.8
6400,1500.14501953125,0.04627474024891853,203861,868.7307739257812,56.441978454589844,127,0.0001,815548,4364,107.9,-101069.0
6402,1321.5760498046875,0.046551283448934555,203917,1017.26025390625,58.64604187011719,127,0.0001,815772,4368,104.83,-101038.3
6404,860.490478515625,0.04680321738123894,203967,783.8882446289062,54.86841583251953,127,0.0001,815972,4372,101.4,-101004.0
6405,889.6690063476562,0.047066353261470795,204020,909.423095703125,55.112876892089844,127,0.0001,816184,4376,97.69,-100966.9
6407,526.7718505859375,0.04737243428826332,204081,848.06689453125,55.413963317871094,127,0.0001,816428,4380,94.16,-100931.6
6409,518.6392822265625,0.04765485227108002,204137,916.4182739257812,55.90555953979492,127,0.0001,816652,4384,90.29,-100892.9
6411,1225.0223388671875,0.04795970767736435,204197,766.9795532226562,53.47336959838867,127,0.0001,816892,4388,86.52,-100855.2
6413,1877.5157470703125,0.04824123531579971,204252,923.4786376953125,55.159332275390625,127,0.0001,817112,4392,82.58,-100815.8
6415,551.051025390625,0.04849756136536598,204302,844.6649169921875,53.414268493652344,127,0.0001,817312,4396,78.23,-100772.3
6416,1274.7239990234375,0.048770010471343994,204355,1022.8292236328125,56.8375244140625,127,0.0001,817524,4400,73.8,-100728.0
6418,1004.1834106445312,0.04905649274587631,204411,1076.5335693359375,57.52920913696289,127,0.0001,817748,4404,69.33,-100683.3
6420,528.12255859375,0.04937086999416351,204471,1042.2335205078125,56.2690315246582,127,0.0001,817988,4408,64.11,-100631.1
6422,1281.452392578125,0.04965119808912277,204525,1171.7987060546875,59.014034271240234,127,0.0001,818204,4412,62.54,-100615.4
6423,521.0234985351562,0.049877576529979706,204568,1060.74755859375,53.56797790527344,127,0.0001,818376,4416,58.55,-100575.5
6424,910.7179565429688,0.05010879039764404,204612,894.93701171875,56.34375762939453,127,0.0001,818552,4420,56.32,-100553.2
6426,964.5072021484375,0.05032994598150253,204654,1080.656494140625,54.62618637084961,127,0.0001,818720,4424,55.37,-100543.7
6427,1491.6746826171875,0.05054601654410362,204695,1210.0992431640625,58.252647399902344,127,0.0001,818884,4428,54.02,-100530.2
6428,924.4778442382812,0.050756242126226425,204734,1112.70166015625,58.591556549072266,127,0.0001,819040,4432,53.39,-100523.9
6430,831.47998046875,0.05096016451716423,204772,1179.705078125,60.74079132080078,127,0.0001,819192,4436,52.89,-100518.9
6431,426.1263122558594,0.05116924270987511,204811,1053.386474609375,59.128334045410156,127,0.0001,819348,4440,51.81,-100508.1
6432,1126.1724853515625,0.0513751320540905,204849,984.7125244140625,56.468963623046875,127,0.0001,819500,4444,50.91,-100499.1
6433,1124.3040771484375,0.05157499387860298,204886,1154.7099609375,55.85776901245117,127,0.0001,819648,4448,50.33,-100493.3
6434,1423.1776123046875,0.051781754940748215,204924,1265.8419189453125,58.08635711669922,127,0.0001,819800,4452,48.86,-100478.6
6436,774.03369140625,0.05199258029460907,204962,960.728271484375,55.62196350097656,127,0.0001,819952,4456,48.34,-100473.4
6437,1117.612548828125,0.052202120423316956,205000,1264.03515625,57.260860443115234,127,0.0001,820104,4460,47.8,-100468.0
6438,1011.5919799804688,0.05242270231246948,205040,1449.1710205078125,60.55914306640625,127,0.0001,820264,4464,47.24,-100462.4
6439,1908.375244140625,0.05263223499059677,205077,1209.5906982421875,59.97662353515625,127,0.0001,820412,4468,46.35,-100453.5
6441,435.2867736816406,0.05284504592418671,205115,1116.5555419921875,56.786109924316406,127,0.0001,820564,4472,45.94,-100449.4
6442,946.9822998046875,0.053073421120643616,205156,1050.1192626953125,53.3961296081543,127,0.0001,820728,4476,45.45,-100444.5
6443,571.6505737304688,0.053295690566301346,205195,1131.4453125,58.43853759765625,127,0.0001,820884,4480,44.7,-100437.0
6444,1519.0811767578125,0.053525567054748535,205235,1164.864501953125,57.03709411621094,127,0.0001,821044,4484,44.01,-100430.1
6446,963.9967651367188,0.05376056209206581,205276,1299.4549560546875,58.49365997314453,127,0.0001,821208,4488,43.34,-100423.4
6447,746.667236328125,0.05401790887117386,205320,1240.360107421875,58.69361114501953,127,0.0001,821384,4492,42.9,-100419.0
6449,1075.694580078125,0.05427168682217598,205364,1148.738037109375,57.32559585571289,127,0.0001,821560,4496,42.55,-100415.5
6450,642.5582275390625,0.05451534315943718,205405,1206.163330078125,57.35451126098633,127,0.0001,821724,4500,42.07,-100410.7
6451,973.3424072265625,0.05478935316205025,205452,1353.037841796875,59.27815246582031,127,0.0001,821912,4504,41.52,-100405.2
6453,1230.7052001953125,0.055069856345653534,205500,1499.5755615234375,60.13047790527344,127,0.0001,822104,4508,41.36,-100403.6
6454,823.329345703125,0.05532502010464668,205543,1229.3084716796875,59.889984130859375,127,0.0001,822276,4512,40.94,-100399.4
6456,1139.3604736328125,0.055593132972717285,205588,867.1777954101562,55.218109130859375,127,0.0001,822456,4516,40.75,-100397.5
6457,1199.9754638671875,0.055858828127384186,205632,1213.805419921875,60.845787048339844,127,0.0001,822632,4520,40.77,-100397.7
6459,1012.2672119140625,0.056181538850069046,205683,1298.153076171875,62.41380310058594,127,0.0001,822836,4524,41.11,-100401.1
6460,695.4690551757812,0.05645602196455002,205727,1386.8009033203125,62.12705993652344,127,0.0001,823012,4528,41.18,-100401.8
6462,1587.5428466796875,0.056722987443208694,205770,1460.934814453125,57.761165618896484,127,0.0001,823184,4532,41.45,-100404.5
6463,715.5175170898438,0.05703725665807724,205821,1633.730712890625,63.00448226928711,127,0.0001,823388,4536,41.89,-100408.9
6465,804.9637451171875,0.057357724756002426,205873,1374.1051025390625,59.9352912902832,127,0.0001,823596,4540,42.38,-100413.8
6467,1707.065673828125,0.05767710506916046,205925,1790.389892578125,63.76115417480469,127,0.0001,823804,4544,42.99,-100419.9
6469,670.7760009765625,0.05801701545715332,205980,1326.1446533203125,58.44295883178711,127,0.0001,824024,4548,43.61,-100426.1
6470,796.9351806640625,0.058349527418613434,206033,1412.6715087890625,60.62470245361328,127,0.0001,824236,4552,44.21,-100432.1
6472,812.3209838867188,0.0586717315018177,206084,1242.0172119140625,59.816734313964844,127,0.0001,824440,4556,44.76,-100437.6
6474,667.9899291992188,0.05900295451283455,206136,1416.2740478515625,64.3659439086914,127,0.0001,824648,4560,45.2,-100442.0
6475,1423.7952880859375,0.05933304876089096,206188,1665.6612548828125,64.73387145996094,127,0.0001,824856,4564,45.75,-100447.5
6477,896.9456176757812,0.059658680111169815,206240,1646.372802734375,61.737648010253906,127,0.0001,825064,4568,46.36,-100453.6
6479,680.1456909179688,0.059982746839523315,206291,1378.604248046875,58.21168518066406,127,0.0001,825268,4572,46.89,-100458.9
6480,488.2175598144531,0.060334060341119766,206346,1432.0933837890625,56.890708923339844,127,0.0001,825488,4576,47.35,-100463.5
6482,1640.0400390625,0.060660988092422485,206397,1930.1566162109375,64.86344146728516,127,0.0001,825692,4580,47.75,-100467.5
6483,1231.9324951171875,0.060956019908189774,206442,1472.0289306640625,59.31224822998047,127,0.0001,825872,4584,47.94,-100469.4
6485,877.5088500976562,0.06127306446433067,206490,1761.03662109375,61.460147857666016,127,0.0001,826064,4588,48.22,-100472.2
6486,890.5653686523438,0.06157587096095085,206536,1860.3997802734375,66.21920776367188,127,0.0001,826248,4592,48.34,-100473.4
6488,1052.1497802734375,0.061874885112047195,206581,1490.497802734375,58.947898864746094,127,0.0001,826428,4596,48.41,-100474.1
6489,1103.3502197265625,0.06213177740573883,206620,1622.5908203125,61.58871078491211,127,0.0001,826584,4600,48.42,-100474.2
6491,1038.994384765625,0.06240598484873772,206661,1347.38037109375,57.36643981933594,127,0.0001,826748,4604,48.32,-100473.2
6492,931.210693359375,0.06267917156219482,206701,1800.7786865234375,65.04557800292969,127,0.0001,826908,4608,48.1,-100471.0
6493,698.8595581054688,0.06293269991874695,206738,1592.60791015625,60.098426818847656,127,0.0001,827056,4612,47.88,-100468.8
6494,691.6739501953125,0.06318428367376328,206775,1865.6295166015625,61.56184768676758,127,0.0001,827204,4616,47.51,-100465.1
6495,494.8600769042969,0.06343924254179001,206813,1398.7021484375,60.99848175048828,127,0.0001,827356,4620,47.21,-100462.1
6497,1033.1204833984375,0.06369958072900772,206851,1840.6263427734375,58.934539794921875,127,0.0001,827508,4624,46.7,-100457.0
6498,2087.938232421875,0.06394914537668228,206888,1926.0291748046875,63.20832061767578,127,0.0001,827656,4628,46.51,-100455.1
6499,759.8582763671875,0.06420531123876572,206926,1819.0452880859375,59.808319091796875,127,0.0001,827808,4632,46.14,-100451.4
6500,781.6317749023438,0.06446502357721329,206964,2278.79541015625,67.02047729492188,127,0.0001,827960,4636,45.64,-100446.4
6501,688.8074340820312,0.06472060084342957,207001,1543.226806640625,59.27039337158203,127,0.0001,828108,4640,45.09,-100440.9
6503,1165.8701171875,0.06498221307992935,207039,1924.114013671875,63.0052490234375,127,0.0001,828260,4644,44.48,-100434.8
6504,1054.213134765625,0.06525298953056335,207078,2020.930908203125,60.866207122802734,127,0.0001,828416,4648,43.88,-100428.8
6505,681.9306640625,0.06551054120063782,207115,1369.5721435546875,60.361751556396484,127,0.0001,828564,4652,43.21,-100422.1
6506,1310.7972412109375,0.0657668486237526,207152,1891.02001953125,63.79970932006836,127,0.0001,828712,4656,42.62,-100416.2
6507,1088.17822265625,0.06604212522506714,207191,1813.3720703125,61.05024337768555,127,0.0001,828868,4660,42.18,-100411.8
6509,536.9926147460938,0.06630892306566238,207229,1868.1251220703125,62.69913864135742,127,0.0001,829020,4664,41.6,-100406.0
6510,901.617431640625,0.06657849252223969,207267,1959.0723876953125,65.81739044189453,127,0.0001,829172,4668,41.07,-100400.7
6511,1125.307373046875,0.06684848666191101,207305,2125.014892578125,65.88446044921875,127,0.0001,829324,4672,40.51,-100395.1
6512,945.7313232421875,0.0671149268746376,207342,1766.901611328125,63.07801055908203,127,0.0001,829472,4676,39.88,-100388.8
6514,893.7882690429688,0.06738679111003876,207380,2114.80322265625,61.46080780029297,127,0.0001,829624,4680,39.41,-100384.1
6515,1014.59521484375,0.06766283512115479,207419,2088.06982421875,61.06216049194336,127,0.0001,829780,4684,39.11,-100381.1
6516,1374.6917724609375,0.06792312860488892,207455,1872.7745361328125,61.942405700683594,127,0.0001,829924,4688,38.66,-100376.6
6517,1069.7001953125,0.0681903064250946,207492,2286.742919921875,61.870033264160156,127,0.0001,830072,4692,38.32,-100373.2
6518,1646.7655029296875,0.06844749301671982,207528,2284.61669921875,61.63864517211914,127,0.0001,830216,4696,38.03,-100370.3
6520,1345.5302734375,0.06871942430734634,207565,2345.467529296875,63.58655548095703,127,0.0001,830364,4700,37.85,-100368.5
6521,1748.0826416015625,0.06899203360080719,207602,2198.048828125,65.54732513427734,127,0.0001,830512,4704,37.63,-100366.3
6522,793.258056640625,0.06926655769348145,207639,2166.77490234375,59.76890563964844,127,0.0001,830660,4708,37.48,-100364.8
6523,1013.8397827148438,0.06954435259103775,207677,2241.89208984375,62.573402404785156,127,0.0001,830812,4712,37.49,-100364.9
6525,758.8035888671875,0.06982659548521042,207715,2704.137939453125,65.52728271484375,127,0.0001,830964,4716,37.49,-100364.9
6526,839.4806518554688,0.07009994238615036,207752,2125.659423828125,57.6519660949707,127,0.0001,831112,4720,37.44,-100364.4
6527,1259.798583984375,0.07037244737148285,207789,2056.7353515625,59.868324279785156,127,0.0001,831260,4724,37.44,-100364.4
6528,1619.7071533203125,0.0706690326333046,207829,2459.546142578125,61.4829216003418,127,0.0001,831420,4728,37.45,-100364.5
6530,1359.11767578125,0.07097472250461578,207870,2908.45166015625,66.8170166015625,127,0.0001,831584,4732,37.54,-100365.4
6531,1230.3564453125,0.0712902620434761,207913,2380.897216796875,63.17546844482422,127,0.0001,831756,4736,37.75,-100367.5
6532,1267.0660400390625,0.07161025702953339,207956,2963.09521484375,65.95951080322266,127,0.0001,831928,4740,37.97,-100369.7
6534,1143.4451904296875,0.07194409519433975,208000,2975.260498046875,63.671443939208984,127,0.0001,832104,4744,38.17,-100371.7
6535,1634.3582763671875,0.07231856137514114,208050,2069.951171875,56.621856689453125,127,0.0001,832304,4748,38.53,-100375.3
6537,880.2822875976562,0.07267776131629944,208098,2454.258544921875,59.264495849609375,127,0.0001,832496,4752,38.97,-100379.7
6539,916.4839477539062,0.07308511435985565,208152,3064.779052734375,63.19358825683594,127,0.0001,832712,4756,39.54,-100385.4
6540,1281.954833984375,0.0735112875699997,208208,2673.253662109375,62.309268951416016,127,0.0001,832936,4760,40.24,-100392.4
6542,1160.9056396484375,0.0739721804857254,208268,2916.91357421875,62.58698272705078,127,0.0001,833176,4764,41.04,-100400.4
6544,845.6881103515625,0.07444354891777039,208329,2643.287109375,63.072837829589844,127,0.0001,833420,4768,41.87,-100408.7
6546,1623.948974609375,0.07493870705366135,208392,3159.340087890625,63.48979187011719,127,0.0001,833672,4772,42.87,-100418.7
6549,1013.450439453125,0.07546928524971008,208460,3006.127685546875,65.65338134765625,127,0.0001,833944,4776,44.07,-100430.7
6551,1222.529541015625,0.07611027359962463,208541,2954.718994140625,65.52444458007812,127,0.0001,834268,4780,45.57,-100445.7
6554,1430.8702392578125,0.07682038098573685,208629,3379.9208984375,66.16978454589844,127,0.0001,834620,4784,47.54,-100465.4
6557,1478.9095458984375,0.0775965228676796,208724,3418.720458984375,67.84931945800781,127,0.0001,835000,4788,49.74,-100487.4
6560,1028.0467529296875,0.07849801331758499,208833,3331.25439453125,67.37066650390625,127,0.0001,835436,4792,52.39,-100513.9
6564,1167.8359375,0.07947853207588196,208951,3157.22412109375,61.61143493652344,127,0.0001,835908,4796,55.5,-100545.0
6568,644.443603515625,0.08051601052284241,209073,2916.982177734375,63.51960754394531,127,0.0001,836396,4800,58.84,-100578.4
6573,955.6884155273438,0.0818883553147316,209232,3383.017333984375,68.112060546875,127,0.0001,837032,4804,63.17,-100621.7
6578,1196.2869873046875,0.08332004398107529,209395,3441.6875,66.19259643554688,127,0.0001,837684,4808,68.15,-100671.5
6587,1576.5419921875,0.08559193462133408,209645,3358.11181640625,64.76544952392578,127,0.0001,838684,4812,75.76,-100747.6
6595,1442.6795654296875,0.08797193318605423,209903,3700.4873046875,66.3965072631836,127,0.0001,839716,4816,83.94,-100829.4
6604,1484.5841064453125,0.09067227691411972,210189,4596.0244140625,67.81629943847656,127,0.0001,840860,4820,93.39,-100923.9
6617,1722.101806640625,0.09482350945472717,210616,4554.7841796875,66.39924621582031,127,0.0001,842568,4824,105.74,-101047.4
6620,1513.9947509765625,0.09578202664852142,210711,3914.958251953125,66.95672607421875,127,0.0001,842948,4828,110.77,-101097.7
6622,1067.4051513671875,0.09638509899377823,210771,5076.5380859375,62.57549285888672,127,0.0001,843188,4832,115.68,-101146.8
6624,1492.115234375,0.09700719267129898,210833,4258.64794921875,62.11337661743164,127,0.0001,843436,4836,116.23,-101152.3
6626,1184.82958984375,0.09750979393720627,210883,4777.2265625,64.56511688232422,127,0.0001,843636,4840,116.62,-101156.2
6628,918.1095581054688,0.09802353382110596,210934,4334.75244140625,62.93096160888672,127,0.0001,843840,4844,116.94,-101159.4
6629,853.01123046875,0.09852425754070282,210983,4127.08837890625,61.23860168457031,127,0.0001,844036,4848,116.97,-101159.7
6631,1997.5247802734375,0.09902074933052063,211031,5442.36328125,68.69357299804688,127,0.0001,844228,4852,116.98,-101159.8
6632,1615.638427734375,0.0995664894580841,211083,4986.0263671875,66.14288330078125,127,0.0001,844436,4856,116.52,-101155.2
6634,1757.548828125,0.10003016889095306,211128,5044.0390625,65.41920471191406,127,0.0001,844616,4860,116.4,-101154.0
6635,1625.70849609375,0.10055339336395264,211178,5944.34619140625,69.0984878540039,127,0.0001,844816,4864,116.03,-101150.3
6637,1648.7027587890625,0.1010485589504242,211225,4783.1494140625,65.12783813476562,127,0.0001,845004,4868,115.6,-101146.0
6638,1738.9600830078125,0.10136906057596207,211255,4925.62841796875,65.99957275390625,127,0.0001,845124,4872,114.85,-101138.5
6640,1775.18359375,0.10188650339841843,211304,5611.548828125,68.0230712890625,127,0.0001,845320,4876,113.95,-101129.5
6641,1238.9217529296875,0.10236847400665283,211350,4432.70068359375,64.64738464355469,127,0.0001,845504,4880,112.5,-101115.0
6642,1824.2930908203125,0.10268694162368774,211380,6353.70947265625,64.92837524414062,127,0.0001,845624,4884,110.82,-101098.2
6643,1419.81591796875,0.10310617089271545,211420,5522.859375,64.67353057861328,127,0.0001,845784,4888,108.7,-101077.0
6644,1269.9215087890625,0.10341139137744904,211449,4907.986328125,60.00145721435547,127,0.0001,845900,4892,105.93,-101049.3
6645,1306.7586669921875,0.10370483994483948,211477,4555.48046875,59.93221664428711,127,0.0001,846012,4896,102.47,-101014.7
6646,1728.5078125,0.10404320806264877,211509,5230.4189453125,64.71464538574219,127,0.0001,846140,4900,98.78,-100977.8
6647,1415.889892578125,0.10438332706689835,211541,5029.646484375,63.30778884887695,127,0.0001,846268,4904,94.21,-100932.1
6648,1411.66015625,0.10471437871456146,211572,4555.40625,59.82477569580078,127,0.0001,846392,4908,88.91,-100879.1
6649,1658.94287109375,0.10502604395151138,211601,5272.501953125,61.787994384765625,127,0.0001,846508,4912,80.92,-100799.2
6650,1659.1876220703125,0.10533644258975983,211630,4551.1572265625,64.14088439941406,127,0.0001,846624,4916,72.35,-100713.5
6651,1496.1082763671875,0.10563260316848755,211657,5022.08203125,61.378074645996094,127,0.0001,846732,4920,62.5,-100615.0
6652,1634.2222900390625,0.10592406988143921,211684,4980.54443359375,62.5647087097168,127,0.0001,846840,4924,49.8,-100488.0
6653,2083.296142578125,0.10623572766780853,211713,5148.49462890625,63.131202697753906,127,0.0001,846956,4928,44.33,-100433.3
6654,1342.73876953125,0.10656215995550156,211743,4845.275390625,60.55377960205078,127,0.0001,847076,4932,38.98,-100379.8
6655,2056.396240234375,0.10685226321220398,211770,5319.3515625,60.56962966918945,127,0.0001,847184,4936,37.9,-100369.0
6656,1619.7813720703125,0.10714510083198547,211797,4745.48486328125,58.87619400024414,127,0.0001,847292,4940,36.89,-100358.9
6657,1400.8223876953125,0.10745787620544434,211826,6003.58837890625,61.475318908691406,127,0.0001,847408,4944,35.96,-100349.6
6658,2016.99609375,0.10775003582239151,211853,5297.71337890625,64.93659973144531,127,0.0001,847516,4948,35.41,-100344.1
6659,1965.3267822265625,0.10805848240852356,211881,6000.08251953125,64.83859252929688,127,0.0001,847628,4952,34.61,-100336.1
6660,1374.447021484375,0.10835716873407364,211908,4830.5068359375,62.853111267089844,127,0.0001,847736,4956,34.13,-100331.3
6661,1330.399658203125,0.10865829885005951,211935,4164.27734375,63.364112854003906,127,0.0001,847844,4960,33.11,-100321.1
6661,1191.1568603515625,0.10897314548492432,211963,5048.6298828125,63.14653778076172,127,0.0001,847956,4964,32.28,-100312.8
6662,1422.2874755859375,0.10932242125272751,211994,5616.16455078125,63.88409423828125,127,0.0001,848080,4968,31.56,-100305.6
6664,1903.78369140625,0.11000956594944,212055,5998.7109375,63.04460906982422,127,0.0001,848324,4972,31.94,-100309.4
6668,1607.4473876953125,0.11109071224927902,212151,5866.1083984375,61.47058868408203,127,0.0001,848708,4976,31.43,-100304.3
6699,1625.58935546875,0.1232183575630188,213151,6629.41162109375,64.4184799194336,127,0.0001,852708,4980,69.89,-96689.3
6731,1247.1795654296875,0.13622716069221497,214151,6070.73583984375,55.787071228027344,127,0.0001,856708,4984,108.11,-93071.9
6756,1700.337158203125,0.14707323908805847,214935,6464.451171875,54.523155212402344,127,0.0001,859844,4988,137.82,-93369.0
6781,1202.7467041015625,0.15847247838974,215698,5211.33349609375,48.13550567626953,127,0.0001,862896,4992,166.83,-93659.1
6795,1848.1795654296875,0.1654406636953354,216143,7122.52734375,49.256309509277344,127,0.0001,864676,4996,186.21,-93852.9
6805,1506.8192138671875,0.17049142718315125,216454,5994.740234375,45.29096221923828,127,0.0001,865920,5000,197.37,-93964.5
6814,1099.1722412109375,0.17520520091056824,216735,5144.41796875,45.38128662109375,127,0.0001,867044,5004,207.25,-94063.3
6823,898.1085815429688,0.17963804304599762,216997,4908.2587890625,42.580543518066406,127,0.0001,868092,5008,216.48,-94155.6
6831,1458.8975830078125,0.18421585857868195,217262,6301.99755859375,43.12568283081055,127,0.0001,869152,5012,226.19,-94252.7
6839,1229.7230224609375,0.18886907398700714,217523,5715.56787109375,42.131492614746094,127,0.0001,870196,5016,235.4,-94344.8
6849,1367.8697509765625,0.1944168210029602,217823,6243.2236328125,41.91905212402344,127,0.0001,871396,5020,246.16,-94452.4
6859,1522.98974609375,0.20048467814922333,218146,5857.7724609375,39.01764678955078,127,0.0001,872688,5024,257.72,-94568.0
6876,1321.75244140625,0.21114777028560638,218690,6266.70947265625,40.0489501953125,127,0.0001,874864,5028,278.55,-94776.3
6891,1007.14599609375,0.220718115568161,219158,4336.45361328125,34.925140380859375,127,0.0001,876736,5032,296.04,-94951.2
6905,919.6544799804688,0.23047855496406555,219610,4154.5224609375,34.40782928466797,127,0.0001,878544,5036,312.97,-95120.5
6920,959.1939086914062,0.24035848677158356,220052,4098.037109375,31.475849151611328,127,0.0001,880312,5040,329.58,-95286.6
6933,1092.7589111328125,0.2502143085002899,220476,5244.9765625,30.683937072753906,127,0.0001,882008,5044,345.44,-95445.2
6946,942.5791625976562,0.2605518400669098,220897,3688.869140625,28.26748275756836,127,0.0001,883692,5048,360.89,-95599.7
6959,878.7677612304688,0.27126169204711914,221313,3230.7177734375,27.691722869873047,127,0.0001,885356,5052,376.37,-95754.5
6972,777.092041015625,0.28241774439811707,221731,3641.00341796875,25.548471450805664,127,0.0001,887028,5056,391.92,-95910.0
6986,775.001708984375,0.29404065012931824,222148,3434.14013671875,24.339111328125,127,0.0001,888696,5060,407.57,-96066.5
6999,1251.6463623046875,0.3062158226966858,222570,5451.8115234375,25.147178649902344,127,0.0001,890384,5064,423.31,-96223.9
7013,762.8431396484375,0.3188013732433319,222991,4284.6484375,22.11817169189453,127,0.0001,892068,5068,439.05,-96381.3
7026,1280.43896484375,0.3319222927093506,223416,4193.00732421875,21.299570083618164,127,0.0001,893768,5072,453.97,-96530.5
7040,691.244384765625,0.3462357521057129,223866,3949.356201171875,19.66438865661621,127,0.0001,895568,5076,470.49,-96695.7
7056,896.4761352539062,0.3628407120704651,224363,3491.441650390625,19.031675338745117,127,0.0001,897556,5080,450.27,-100493.1
7082,738.62109375,0.3909735083580017,225160,3650.67578125,16.52960777282715,127,0.0001,900744,5084,442.16,-104411.6
7105,953.6754760742188,0.4182848036289215,225880,3489.855712890625,14.98518180847168,127,0.0001,903624,5088,440.77,-104397.7
7125,504.2301330566406,0.44383955001831055,226516,2057.6376953125,12.326492309570312,127,0.0001,906168,5092,435.8,-104348.0
7145,893.802978515625,0.469839483499527,227137,2843.64013671875,10.868293762207031,127,0.0001,908652,5096,440.28,-104392.8
7163,601.5557250976562,0.4949910342693329,227709,2732.71435546875,10.289730072021484,127,0.0001,910940,5100,450.93,-104499.3
7181,1019.957275390625,0.5204075574874878,228264,3403.267333984375,8.558324813842773,127,0.0001,913160,5104,462.1,-104611.0
7199,614.98681640625,0.5485855340957642,228855,1932.466552734375,7.411381721496582,127,0.0001,915524,5108,475.34,-104743.4
7218,390.1549987792969,0.5784887075424194,229454,2278.80078125,6.6219987869262695,127,0.0001,917920,5112,488.44,-104874.4
7235,404.1854248046875,0.6071841716766357,229994,1467.879638671875,4.978392601013184,127,0.0001,920080,5116,499.71,-104987.1
7253,551.369384765625,0.6378737688064575,230550,2263.2802734375,4.470348358154297,127,0.0001,922304,5120,509.99,-105089.9
7274,703.9490356445312,0.6745562553405762,231181,1843.811279296875,3.9016175270080566,127,0.0001,924828,5124,522.53,-105215.3
7296,235.92559814453125,0.7145990133285522,231827,1574.21875,3.1143672466278076,127,0.0001,927412,5128,526.41,-105254.1
7325,217.0415496826172,0.7694995999336243,232657,1364.7696533203125,1.993157148361206,127,0.0001,930732,5132,540.83,-105398.3
7344,459.0074157714844,0.8084670305252075,233216,1043.5283203125,1.779363751411438,127,0.0001,932968,5136,534.93,-105339.3
7358,138.01617431640625,0.8394601941108704,233647,810.935546875,1.133568525314331,127,0.0001,934692,5140,537.16,-104361.7
7394,467.29681396484375,0.9139090180397034,234647,772.9555053710938,0.46611544489860535,126,0.0001,938692,5144,553.73,-101527.7
7414,314.7285461425781,0.9587153792381287,235222,869.614013671875,0.2394946962594986,126,0.0001,940992,5148,552.35,-100514.0
7423,302.3815002441406,0.9785247445106506,235467,829.07421875,0.11640029400587082,126,0.0001,941972,5152,549.38,-99484.4
7429,125.1377182006836,0.9930614829063416,235647,864.289794921875,0.034844450652599335,126,0.0001,942692,5156,555.28,-97543.6
7465,541.4814453125,1.0792733430862427,236647,917.0845947265625,-0.35496264696121216,126,0.0001,946692,5160,561.3,-95604.0
7487,71.57600402832031,1.132302165031433,237273,564.7041625976562,-0.42731818556785583,126,0.0001,949196,5164,577.0,-93761.2
7507,67.4416732788086,1.180492639541626,237846,545.074951171875,-0.47921451926231384,126,0.0001,951488,5168,584.43,-93835.5
7526,62.00722885131836,1.2295483350753784,238409,517.3641967773438,-0.5277059078216553,126,0.0001,953740,5172,589.96,-93890.8
7540,54.973140716552734,1.2670079469680786,238809,480.125244140625,-0.41869330406188965,126,0.0001,955340,5176,591.0,-93901.2
7558,52.614715576171875,1.3163046836853027,239329,484.00689697265625,-0.5935355424880981,126,0.0001,957420,5180,590.72,-93898.4
7571,432.54315185546875,1.3529579639434814,239723,471.7005310058594,-0.6357578039169312,126,0.0001,958996,5184,576.57,-93756.9
7584,46.533958435058594,1.3863588571548462,240096,449.8205871582031,-0.4324067234992981,126,0.0001,960488,5188,561.63,-93607.5
7596,235.27285766601562,1.417475938796997,240448,436.5107727050781,-0.570380687713623,126,0.0001,961896,5192,550.7,-93498.2
7609,44.37469482421875,1.4471817016601562,240788,453.7764892578125,-0.3975253105163574,126,0.0001,963256,5196,539.56,-93386.8
7621,36.428104400634766,1.4745492935180664,241120,375.88677978515625,-0.15830181539058685,126,0.0001,964584,5200,530.27,-93293.9
7632,231.35313415527344,1.5007730722427368,241453,429.4566650390625,-0.5979905724525452,126,0.0001,965916,5204,521.44,-93205.6
7644,36.390953063964844,1.5268986225128174,241806,392.2445068359375,-0.11460122466087341,126,0.0001,967328,5208,511.66,-93107.8
7657,35.08272171020508,1.5486115217208862,242165,385.35943603515625,-0.28188514709472656,126,0.0001,968764,5212,501.44,-93005.6
7669,31.87051773071289,1.5666587352752686,242494,360.3619384765625,-0.2001412808895111,126,0.0001,970080,5216,493.45,-92925.7
7681,31.125839233398438,1.5814142227172852,242855,359.0792541503906,0.06421614438295364,126,0.0001,971524,5220,485.2,-92843.2
7693,223.80731201171875,1.5885875225067139,243195,350.85205078125,-0.20836204290390015,126,0.0001,972884,5224,474.33,-92734.5
7707,223.52590942382812,1.5871601104736328,243574,351.050537109375,-0.035088442265987396,126,0.0001,974400,5228,463.41,-92625.3
7721,414.81793212890625,1.5724986791610718,243965,339.2923278808594,0.14475832879543304,126,0.0001,975964,5232,445.69,-92448.1
7738,27.50515365600586,1.5416244268417358,244449,319.00811767578125,-0.018411949276924133,126,0.0001,977900,5236,451.22,-92503.4
7756,24.650981903076172,1.5023505687713623,244959,297.9652099609375,0.282039999961853,126,0.0001,979940,5240,450.34,-93494.5
7774,215.5529022216797,1.4595364332199097,245463,300.04071044921875,-0.0025430917739868164,126,0.0001,981956,5244,437.46,-96365.4
7793,25.953771591186523,1.4150696992874146,245994,304.3515625,0.08012653887271881,126,0.0001,984080,5248,443.3,-97423.7
7810,24.606365203857422,1.3763630390167236,246484,286.1927185058594,0.14278122782707214,126,0.0001,986040,5252,449.81,-98488.7
7828,26.000656127929688,1.3328297138214111,246994,291.63958740234375,0.05684487521648407,126,0.0001,988080,5256,447.82,-100468.6
7847,22.911935806274414,1.2848742008209229,247564,267.3714294433594,0.0521487295627594,126,0.0001,990360,5260,446.94,-102459.6
7868,23.75617218017578,1.2345699071884155,248171,276.0657958984375,0.07335834205150604,126,0.0001,992788,5264,438.41,-104374.1
7890,217.2600555419922,1.1840994358062744,248787,258.540283203125,0.10425099730491638,126,0.0001,995252,5268,438.44,-104374.4
7911,218.1350555419922,1.1357845067977905,249391,281.1124572753906,0.05977092683315277,126,0.0001,997668,5272,439.65,-104386.5
7931,217.6450653076172,1.0926666259765625,249967,275.39508056640625,0.014798354357481003,126,0.0001,999972,5276,444.05,-104430.5
7949,22.395431518554688,1.0562535524368286,250483,271.692138671875,0.019197523593902588,126,0.0001,1002036,5280,447.75,-104467.5
7963,215.40969848632812,1.027915596961975,250885,257.20855712890625,0.00743472995236516,126,0.0001,1003644,5284,448.45,-104474.5
7983,213.44854736328125,0.9972887635231018,251423,244.15150451660156,-0.0016269993502646685,125,0.0001,1005796,5288,451.85,-104508.5
7993,19.259737014770508,0.9840331673622131,251696,239.38055419921875,-0.003200438106432557,125,0.0001,1006888,5292,453.85,-104528.5
8005,16.987018585205078,0.9672934412956238,252062,231.38812255859375,-0.011924060061573982,125,0.0001,1008352,5296,455.54,-104545.4
8020,18.005510330200195,0.9514948129653931,252480,236.8659210205078,-1.4998950064182281e-05,125,0.0001,1010024,5300,458.77,-104577.7
8038,209.3931427001953,0.9301316738128662,253001,239.54605102539062,0.015536933206021786,125,0.0001,1012108,5304,465.65,-104646.5
8056,18.05035400390625,0.9131001234054565,253527,231.89898681640625,-0.04761400446295738,125,0.0001,1014212,5308,472.95,-104719.5
8076,209.1810760498047,0.8933579325675964,254130,222.55911254882812,-0.022341713309288025,125,0.0001,1016624,5312,482.49,-104814.9
8096,210.9979248046875,0.8708451390266418,254737,235.17132568359375,-0.011860990896821022,125,0.0001,1019052,5316,493.19,-104921.9
8115,15.42938232421875,0.8504289388656616,255359,224.95619201660156,-0.09035910665988922,125,0.0001,1021540,5320,500.11,-104991.1
8132,210.65884399414062,0.8316537737846375,255837,238.20352172851562,0.04455261677503586,125,0.0001,1023452,5324,509.35,-105083.5
8150,208.79782104492188,0.8116081953048706,256421,229.46707153320312,-0.03900355100631714,125,0.0001,1025788,5328,508.68,-104967.95
8157,14.347770690917969,0.8036384582519531,256636,210.57781982421875,-0.07069989293813705,125,0.0001,1026648,5332,508.14,-104821.225
8169,208.6041717529297,0.7909989356994629,257005,225.092529296875,-0.19113227725028992,125,0.0001,1028124,5336,507.37,-104436.35
8190,16.57359504699707,0.7678279876708984,257707,230.574462890625,-0.0043815188109874725,125,0.0001,1030932,5340,508.43,-103913.0
8201,17.56136703491211,0.7585898637771606,258072,228.7135467529297,-0.012110583484172821,125,0.0001,1032392,5344,504.69,-103511.775
8206,401.2734069824219,0.7559632062911987,258234,229.0291748046875,0.02280280739068985,125,0.0001,1033040,5348,495.21,-103169.5
8221,210.50845336914062,0.7463863492012024,258700,222.27410888671875,-0.05233030766248703,125,0.0001,1034904,5352,485.81,-102811.825
8241,207.78482055664062,0.7350935935974121,259353,205.6151885986328,-0.1844160258769989,125,0.0001,1037516,5356,495.72,-102299.05
8256,207.7160186767578,0.7262701392173767,259832,199.8167266845703,-0.05637244135141373,125,0.0001,1039432,5360,492.75,-101886.475
8276,19.171737670898438,0.7112309336662292,260519,232.28231811523438,-0.09607765823602676,125,0.0001,1042180,5364,493.0,-101327.125
8291,14.533454895019531,0.695889949798584,261023,197.43792724609375,-0.2493259757757187,125,0.0001,1044196,5368,486.08,-100850.0
8312,207.41293334960938,0.679554283618927,261692,212.966552734375,-0.07502366602420807,125,0.0001,1046872,5372,489.01,-100449.325
8330,228.12307739257812,0.6626098155975342,262264,213.0845184326172,-0.10155411064624786,125,0.0001,1049160,5376,494.72,-100068.2
8343,210.95382690429688,0.6500692367553711,262723,197.16445922851562,-0.19769775867462158,125,0.0001,1050996,5380,488.49,-99757.525
8351,207.00912475585938,0.6507613658905029,262968,203.743896484375,-0.0156523659825325,125,0.0001,1051976,5384,482.32,-99484.95
8367,207.39588928222656,0.6384984254837036,263474,186.745361328125,-0.17000821232795715,125,0.0001,1054000,5388,478.32,-99296.2
8381,211.39224243164062,0.6298342347145081,263907,212.31744384765625,0.05753457173705101,125,0.0001,1055732,5392,480.4,-99001.1
8404,409.2135314941406,0.61640465259552,264610,226.8584747314453,-0.004910485818982124,125,0.0001,1058544,5396,487.86,-97847.15
8420,20.0064754486084,0.6048579216003418,265105,203.3489227294922,-0.20620542764663696,125,0.0001,1060524,5400,500.83,-95722.1
8447,21.400737762451172,0.5861576199531555,265913,213.98544311523438,0.05416559800505638,125,0.0001,1063756,5404,509.56,-95600.15
8473,16.75994873046875,0.5667548775672913,266723,189.54196166992188,0.16301700472831726,125,0.0001,1066996,5408,521.22,-95716.75
8498,18.241113662719727,0.543730616569519,267489,196.4091796875,-0.2562238276004791,125,0.0001,1070060,5412,530.1,-95805.55
8523,17.329973220825195,0.5182976126670837,268303,185.574462890625,-0.30341413617134094,125,0.0001,1073316,5416,538.68,-95891.35
8550,16.891372680664062,0.49240708351135254,269165,185.929443359375,-0.3464440703392029,125,0.0001,1076764,5420,551.74,-96021.95
8578,230.77432250976562,0.4689636528491974,270083,187.21249389648438,0.008118674159049988,125,0.0001,1080436,5424,564.61,-96150.65
8609,13.699058532714844,0.4469331204891205,271083,166.3861846923828,-0.5282189846038818,125,0.0001,1084436,5428,590.39,-92517.7
8641,403.9155578613281,0.4257694482803345,272083,169.92874145507812,-0.1867036670446396,125,0.0001,1088436,5432,615.58,-88911.325
8672,210.05502319335938,0.4069903492927551,273083,180.45489501953125,-0.3237144947052002,125,0.0001,1092436,5436,638.61,-85519.2
8705,206.5836944580078,0.3925682008266449,274083,147.78245544433594,-0.48945310711860657,125,0.0001,1096436,5440,658.5,-82252.45
8736,11.793279647827148,0.38060247898101807,275083,157.0532989501953,-0.0017313659191131592,125,0.0001,1100436,5444,681.57,-78847.375
8768,201.91168212890625,0.3703535795211792,276083,159.87078857421875,0.5782759189605713,125,0.0001,1104436,5448,709.77,-75377.25
8800,11.171088218688965,0.360212504863739,277083,146.5973358154297,-0.20864376425743103,125,0.0001,1108436,5452,739.03,-71933.925
8831,206.06712341308594,0.34881842136383057,278083,148.00193786621094,0.2759944796562195,125,0.0001,1112436,5456,746.71,-70622.8
8858,9.341176986694336,0.3393310606479645,278985,132.49859619140625,-0.6441440582275391,125,0.0001,1116044,5460,765.63,-69195.075
8873,417.9140319824219,0.33474859595298767,279447,139.93096923828125,-0.19735583662986755,125,0.0001,1117892,5464,759.27,-69693.325
8902,222.38192749023438,0.3234196603298187,280411,130.4800262451172,-0.48670685291290283,126,0.0001,1121748,5468,772.36,-68232.35
8933,31.590164184570312,0.31410786509513855,281411,149.05484008789062,-0.259264200925827,126,0.0001,1125748,5472,781.38,-65752.825
8949,48.68309020996094,0.3074290454387665,281935,139.97824096679688,-0.3990435004234314,126,0.0001,1127844,5476,786.73,-63244.85
8964,10.263382911682129,0.30116111040115356,282410,137.733154296875,-0.35466328263282776,126,0.0001,1129744,5480,783.34,-63359.325
8975,29.431978225708008,0.29899221658706665,282768,139.21348571777344,-0.1291373372077942,126,0.0001,1131176,5484,787.06,-62607.5
8979,10.730351448059082,0.29862940311431885,282879,142.98265075683594,0.341874361038208,126,0.0001,1131620,5488,777.95,-62665.15
8999,9.148754119873047,0.29527056217193604,283543,136.24197387695312,-0.2370523065328598,126,0.0001,1134276,5492,779.72,-61998.85
9005,11.047590255737305,0.29401466250419617,283735,137.6688690185547,0.26764625310897827,126,0.0001,1135044,5496,778.44,-63214.6
9028,9.35860824584961,0.29075485467910767,284474,137.32431030273438,-0.08316931128501892,126,0.0001,1138000,5500,771.52,-65400.15
9038,9.319681167602539,0.29069170355796814,284819,143.36526489257812,0.28932860493659973,126,0.0001,1139380,5504,761.0,-65504.2
9049,223.6521759033203,0.2891554832458496,285178,140.90899658203125,0.3264947235584259,126,0.0001,1140816,5508,742.6,-65320.2
9060,10.259791374206543,0.29070404171943665,285520,143.41964721679688,-0.07340491563081741,126,0.0001,1142184,5512,725.25,-65146.7
9070,7.802561283111572,0.2890746593475342,285851,142.77789306640625,0.24453693628311157,126,0.0001,1143508,5516,706.19,-64956.1
9081,7.355845928192139,0.2881260812282562,286213,143.7519989013672,-0.1208040714263916,126,0.0001,1144956,5520,686.32,-64757.4
9092,203.91651916503906,0.28653839230537415,286576,145.1854248046875,0.017780542373657227,126,0.0001,1146408,5524,663.73,-64531.5
9107,205.48388671875,0.28484758734703064,287078,147.20358276367188,0.07760331779718399,126,0.0001,1148416,5528,637.8,-68271.8
9118,9.586481094360352,0.283381849527359,287429,145.40380859375,-0.4325253665447235,126,0.0001,1149820,5532,613.18,-72025.2
9129,8.748903274536133,0.2812919020652771,287786,141.536376953125,0.26530721783638,126,0.0001,1151248,5536,591.25,-75805.5
9141,7.657392978668213,0.27733302116394043,288135,145.70916748046875,0.19692766666412354,126,0.0001,1152644,5540,565.02,-79542.8
9154,201.3079071044922,0.27545130252838135,288552,149.57601928710938,0.1190614104270935,126,0.0001,1154312,5544,539.19,-83284.1
9164,221.86732482910156,0.27262604236602783,288894,152.23345947265625,-0.9426815509796143,126,0.0001,1155680,5548,514.0,-87031.8
9175,6.045387268066406,0.269025057554245,289254,140.7686004638672,-0.0698656216263771,126,0.0001,1157120,5552,488.64,-90777.8
9195,5.889771461486816,0.25968679785728455,289912,138.0856475830078,-0.1640358865261078,126,0.0001,1159752,5556,469.07,-92581.9
9217,5.971247673034668,0.25084835290908813,290603,141.68792724609375,0.4263722896575928,126,0.0001,1162516,5560,457.07,-94461.7
9237,6.09320592880249,0.2457505762577057,291250,142.40509033203125,-0.3448989987373352,126,0.0001,1165104,5564,465.34,-94544.4
9243,395.7613525390625,0.24512913823127747,291441,145.8621368408203,-0.3799344003200531,126,0.0001,1165868,5568,455.69,-96344.175
9262,200.8911895751953,0.2439761608839035,292064,141.5554656982422,0.03613680601119995,126,0.0001,1168360,5572,440.21,-99189.075
9281,200.34812927246094,0.24423785507678986,292668,141.4564208984375,0.36061033606529236,126,0.0001,1170776,5576,421.83,-102004.975
9300,200.80807495117188,0.24231907725334167,293316,140.91575622558594,-0.5177552700042725,126,0.0001,1173368,5580,435.18,-102093.55
9307,7.001296043395996,0.24209287762641907,293549,129.158935546875,0.48766636848449707,126,0.0001,1174300,5584,439.77,-103139.35
9329,5.556248188018799,0.2424822449684143,294253,143.24478149414062,-0.5030207633972168,126,0.0001,1177116,5588,460.1,-103342.65
9350,5.517343044281006,0.24202045798301697,294935,140.88580322265625,-0.05849368870258331,126,0.0001,1179844,5592,465.88,-104263.3
9367,5.620265007019043,0.2434132844209671,295511,139.01797485351562,0.39821523427963257,126,0.0001,1182148,5596,468.69,-104159.6
9384,5.964008331298828,0.24430079758167267,296081,132.19793701171875,0.8235938549041748,126,0.0001,1184428,5600,467.01,-104142.8
9400,200.4005126953125,0.2433299720287323,296594,139.5232696533203,0.5107566714286804,126,0.0001,1186480,5604,466.43,-104015.925
9418,5.903079509735107,0.24239873886108398,297197,145.06430053710938,0.8006431460380554,126,0.0001,1188892,5608,476.8,-104119.625
9433,5.5735859870910645,0.24150826036930084,297665,138.25526428222656,-0.23545154929161072,126,0.0001,1190764,5612,480.04,-104152.025
9451,9.646951675415039,0.2416815459728241,298267,161.8629913330078,0.4626741111278534,126,0.0001,1193172,5616,487.84,-104118.775
9457,6.1422905921936035,0.2424621433019638,298458,140.1924591064453,0.3767441511154175,126,0.0001,1193936,5620,490.95,-104040.725
9474,6.02016019821167,0.24345864355564117,299019,140.12274169921875,-0.04147401452064514,126,0.0001,1196180,5624,491.21,-103935.825
9486,5.748649597167969,0.2436089813709259,299415,138.86981201171875,-0.1709505170583725,126,0.0001,1197764,5628,496.5,-103877.025
9507,200.90757751464844,0.2408684939146042,300073,143.3329620361328,-1.0794055461883545,126,0.0001,1200396,5632,501.0,-103812.125
9521,200.36358642578125,0.2395339012145996,300529,141.04165649414062,-0.3659077286720276,126,0.0001,1202220,5636,504.42,-103846.325
9532,6.114512920379639,0.23822259902954102,300893,139.16404724121094,-0.045962750911712646,126,0.0001,1203676,5640,512.32,-103925.325
9544,590.0223999023438,0.23730862140655518,301295,143.3521270751953,-0.21394141018390656,126,0.0001,1205284,5644,515.08,-103952.925
9558,201.26637268066406,0.23463106155395508,301749,141.64285278320312,-0.3780285120010376,126,0.0001,1207100,5648,514.16,-103733.225
9569,6.043015480041504,0.2327454835176468,302106,139.26364135742188,-0.19159135222434998,126,0.0001,1208528,5652,514.64,-103631.875
9583,6.198103904724121,0.23043952882289886,302553,139.9748992919922,-0.48546797037124634,126,0.0001,1210316,5656,510.05,-103475.55
9592,6.738858699798584,0.2304990291595459,302862,144.67233276367188,-0.3388351798057556,126,0.0001,1211552,5660,503.3,-102130.375
9604,7.184647083282471,0.22984397411346436,303247,147.6881103515625,0.05797496438026428,126,0.0001,1213092,5664,488.52,-101758.2
9614,201.37318420410156,0.22859248518943787,303597,141.09249877929688,-0.8816028237342834,126,0.0001,1214492,5668,485.8,-101497.25
9629,6.607325077056885,0.22502586245536804,304071,141.23587036132812,-0.5959436893463135,126,0.0001,1216388,5672,482.08,-101196.975
9642,203.25079345703125,0.22120188176631927,304521,162.3024139404297,-1.2618978023529053,126,0.0001,1218188,5676,482.83,-100952.725
9657,6.643651008605957,0.21855109930038452,305003,141.76319885253906,-0.11755447089672089,126,0.0001,1220116,5680,475.49,-101024.25
9677,6.690496921539307,0.21464799344539642,305647,136.59658813476562,-0.7597686052322388,126,0.0001,1222692,5684,473.14,-101000.75
9696,395.7829284667969,0.2098885029554367,306264,136.36032104492188,0.45095884799957275,126,0.0001,1225160,5688,478.57,-98845.2
9726,222.01039123535156,0.20241932570934296,307264,150.8151092529297,-0.6537383794784546,126,0.0001,1229160,5692,485.57,-97052.45
9745,25.612924575805664,0.19859570264816284,307871,133.79489135742188,-0.680890679359436,126,0.0001,1231588,5696,489.83,-96123.05
9760,202.01715087890625,0.1962164044380188,308355,131.69253540039062,-0.7570030093193054,126,0.0001,1233524,5700,487.37,-95098.55
9770,6.0392656326293945,0.19614629447460175,308659,130.0167694091797,0.23189955949783325,126,0.0001,1234740,5704,487.6,-95221.925
9795,5.999805450439453,0.19529534876346588,309463,135.20065307617188,0.5003636479377747,126,0.0001,1237956,5708,487.79,-95223.825
9807,201.28836059570312,0.19399797916412354,309830,136.77333068847656,0.23794636130332947,126,0.0001,1239424,5712,487.7,-95222.925
9838,202.0349884033203,0.19024215638637543,310763,121.6600570678711,-0.886732816696167,126,0.0001,1243156,5716,504.44,-95501.575
9856,6.180656433105469,0.18660859763622284,311323,132.8939208984375,-0.07411706447601318,126,0.0001,1245396,5720,499.56,-95561.925
9879,6.312439918518066,0.1852712482213974,312051,136.1441650390625,0.30653560161590576,126,0.0001,1248308,5724,518.12,-93855.225
9910,397.3138427734375,0.18307512998580933,313051,139.16677856445312,0.3989745080471039,126,0.0001,1252308,5728,538.76,-90173.725
9929,7.705453395843506,0.17924952507019043,313663,143.8235626220703,-0.24037326872348785,126,0.0001,1254756,5732,547.01,-88366.325
9942,5.821340084075928,0.17748455703258514,314080,133.73553466796875,-0.28237104415893555,126,0.0001,1256424,5736,546.96,-87365.925
9954,9.294356346130371,0.17681533098220825,314462,138.2119140625,-0.2555845379829407,126,0.0001,1257952,5740,540.89,-87305.225
9965,5.662069797515869,0.17547376453876495,314828,130.31900024414062,-0.028873393312096596,126,0.0001,1259416,5744,539.81,-87294.425
9984,25.35971450805664,0.17404484748840332,315437,133.11795043945312,-0.3559698462486267,126,0.0001,1261852,5748,539.35,-87500.325
9996,200.49029541015625,0.17219997942447662,315855,131.98764038085938,-0.11456563323736191,126,0.0001,1263524,5752,549.11,-87704.075
10012,200.68014526367188,0.1709771603345871,316370,131.1162872314453,-1.8990073204040527,126,0.0001,1265584,5756,548.91,-87812.5
10027,10.865151405334473,0.17096693813800812,316852,150.95135498046875,-0.028195858001708984,126,0.0001,1267512,5760,556.57,-89166.775
10041,200.89952087402344,0.16870014369487762,317304,133.77793884277344,-0.25882184505462646,126,0.0001,1269320,5764,559.51,-89191.75
10051,6.404567241668701,0.1673813760280609,317645,135.09339904785156,-0.30505961179733276,126,0.0001,1270684,5768,559.81,-89532.025
10063,201.0289764404297,0.16356173157691956,318038,133.23397827148438,0.3093419075012207,126,0.0001,1272256,5772,556.22,-89649.3
10074,201.1774444580078,0.16249345242977142,318409,133.48944091796875,1.0832295417785645,126,0.0001,1273740,5776,561.2,-89661.675
10086,6.015700817108154,0.16075022518634796,318798,122.23046875,-0.3866405785083771,126,0.0001,1275296,5780,557.29,-89622.575
10099,25.297962188720703,0.15896111726760864,319199,133.1387939453125,-0.441951185464859,126,0.0001,1276900,5784,553.61,-89585.775
10121,25.284692764282227,0.1562534123659134,319913,132.3434600830078,0.6461251974105835,126,0.0001,1279756,5788,540.1,-91540.125
10151,5.83489465713501,0.15499667823314667,320879,128.71925354003906,0.44210880994796753,126,0.0001,1283620,5792,540.85,-92547.525
10181,8.320383071899414,0.152290940284729,321879,146.42822265625,-0.32459717988967896,126,0.0001,1287620,5796,546.89,-90712.025
10205,25.847990036010742,0.15244194865226746,322655,130.28445434570312,-0.10741005837917328,126,0.0001,1290724,5800,559.28,-90835.925
10237,25.181922912597656,0.15444332361221313,323655,134.3893280029297,-0.367801308631897,126,0.0001,1294724,5804,580.08,-88944.05
10253,396.4273376464844,0.15420478582382202,324176,136.8350830078125,0.2582894563674927,126,0.0001,1296808,5808,588.76,-87031.05
10267,6.930783748626709,0.15620826184749603,324655,136.83082580566406,0.11903513967990875,126,0.0001,1298724,5812,593.93,-86082.85
10283,201.47898864746094,0.15971824526786804,325159,141.51101684570312,1.3341751098632812,126,0.0001,1300740,5816,563.83,-85781.85
10289,202.51966857910156,0.16183225810527802,325347,134.59381103515625,0.6128937602043152,126,0.0001,1301492,5820,573.13,-85723.1
10292,201.6188507080078,0.16298195719718933,325458,137.15345764160156,0.9994687438011169,126,0.0001,1301936,5824,548.25,-87474.1
10296,6.580488204956055,0.16424499452114105,325602,133.48190307617188,-0.06533169746398926,126,0.0001,1302512,5828,514.0,-91131.2
10301,6.711703777313232,0.16533176600933075,325738,125.94924926757812,-0.0253293514251709,126,0.0001,1303056,5832,491.48,-92905.8
10305,6.398808002471924,0.1659029871225357,325874,134.20803833007812,0.21397694945335388,126,0.0001,1303600,5836,475.78,-93748.7
10309,6.812134265899658,0.16713328659534454,326016,137.54376220703125,0.25559002161026,126,0.0001,1304168,5840,465.7,-93647.9
10313,6.714353561401367,0.16785012185573578,326144,134.76190185546875,-0.46622201800346375,126,0.0001,1304680,5844,455.26,-93543.5
10317,6.322449207305908,0.16848330199718475,326275,132.13433837890625,0.432298481464386,126,0.0001,1305204,5848,447.24,-93463.3
10321,25.877954483032227,0.16893941164016724,326410,132.2350616455078,1.1588053703308105,126,0.0001,1305744,5852,427.74,-93268.3
10325,194.09873962402344,0.17013967037200928,326542,149.90048217773438,1.7367609739303589,126,0.0001,1306272,5856,419.16,-93182.5
10330,6.613015174865723,0.17101119458675385,326679,136.54376220703125,0.059269025921821594,126,0.0001,1306820,5860,397.91,-92970.0
10334,203.76895141601562,0.17219747602939606,326814,131.03311157226562,0.28288036584854126,126,0.0001,1307360,5864,389.0,-93109.7
10338,6.877959251403809,0.17261750996112823,326940,138.2333526611328,0.9621806144714355,126,0.0001,1307864,5868,376.09,-92980.6
10346,6.118554592132568,0.17398551106452942,327220,130.90866088867188,-0.5661901235580444,126,0.0001,1308984,5872,368.52,-93014.8
10355,202.05226135253906,0.17674411833286285,327504,141.151123046875,0.79781174659729,126,0.0001,1310120,5876,354.48,-93053.375
10363,6.888148307800293,0.17853471636772156,327776,130.7855224609375,0.11117145419120789,126,0.0001,1311208,5880,349.64,-92893.8
10372,7.061521530151367,0.17922985553741455,328071,138.58389282226562,-0.8690128922462463,126,0.0001,1312388,5884,351.99,-92917.3
10379,202.4806671142578,0.17961211502552032,328284,147.14901733398438,0.0024285614490509033,126,0.0001,1313240,5888,342.48,-92942.6
10384,201.71646118164062,0.18058490753173828,328452,137.44338989257812,-0.3819211721420288,126,0.0001,1313912,5892,318.72,-93579.025
10394,6.190331935882568,0.18210303783416748,328783,140.03317260742188,-0.47283387184143066,126,0.0001,1315236,5896,294.74,-96338.925
10406,202.21011352539062,0.1842660903930664,329160,150.01580810546875,1.2067636251449585,126,0.0001,1316744,5900,279.34,-96961.425
10419,201.542236328125,0.18645736575126648,329599,141.47125244140625,-0.5024765133857727,126,0.0001,1318500,5904,254.13,-98809.2
10427,7.736766338348389,0.18653853237628937,329857,142.36825561523438,0.29201576113700867,126,0.0001,1319532,5908,234.43,-100612.0
10440,9.324100494384766,0.18494410812854767,330264,148.14877319335938,-0.009314954280853271,126,0.0001,1321160,5912,227.58,-101436.125
10454,201.9483642578125,0.18315304815769196,330653,150.28504943847656,-0.10803964734077454,126,0.0001,1322716,5916,234.44,-101504.725
10474,7.248617649078369,0.17833808064460754,331304,142.14878845214844,-0.6573314070701599,126,0.0001,1325320,5920,229.62,-101608.275
10487,7.709938049316406,0.176656574010849,331705,145.31166076660156,-0.43268314003944397,126,0.0001,1326924,5924,242.06,-101732.675
10501,396.617431640625,0.17485086619853973,332123,152.55242919921875,-0.19134415686130524,126,0.0001,1328596,5928,252.03,-101832.375
10514,8.426411628723145,0.172665074467659,332515,148.32627868652344,0.17777509987354279,126,0.0001,1330164,5932,262.77,-101939.775
10529,26.68231964111328,0.16864298284053802,332957,142.6983642578125,-0.7456537485122681,126,0.0001,1331932,5936,273.6,-102048.075
10554,200.4320831298828,0.16102923452854156,333771,140.0123291015625,-0.28047171235084534,126,0.0001,1335188,5940,292.44,-102236.475
10565,8.079851150512695,0.15822994709014893,334117,146.0970458984375,-0.8399926424026489,126,0.0001,1336572,5944,312.12,-102433.275
10585,7.115306377410889,0.1547156572341919,334755,134.19342041015625,-1.0471490621566772,126,0.0001,1339124,5948,327.42,-102586.275
10601,8.52608585357666,0.15255871415138245,335277,140.51951599121094,0.2033386081457138,126,0.0001,1341212,5952,346.64,-102778.475
10618,6.832129001617432,0.1514125019311905,335802,139.443359375,0.2132679522037506,126,0.0001,1343312,5956,362.23,-102934.375
10638,191.19102478027344,0.14892631769180298,336382,161.8681182861328,1.0964871644973755,126,0.0001,1345632,5960,380.8,-103120.075
10659,202.72021484375,0.14872576296329498,337025,153.93411254882812,0.399035781621933,126,0.0001,1348204,5964,401.07,-103322.775
10682,8.313623428344727,0.14837899804115295,337789,145.45726013183594,0.7142716646194458,126,0.0001,1351260,5968,419.81,-103510.175
10704,6.089695453643799,0.14829212427139282,338509,135.89236450195312,0.17511823773384094,126,0.0001,1354140,5972,443.45,-103746.575
10730,397.0644836425781,0.1454514116048813,339329,137.51124572753906,0.34469276666641235,126,0.0001,1357420,5976,468.56,-104107.875
10753,6.921843528747559,0.14381077885627747,340048,137.98300170898438,-0.9059726595878601,126,0.0001,1360296,5980,487.79,-104411.35
10779,201.8399200439453,0.13966211676597595,340880,139.01187133789062,-0.048215046525001526,126,0.0001,1363624,5984,498.49,-104518.35
10787,7.802831172943115,0.13905048370361328,341136,131.79705810546875,1.2865960597991943,126,0.0001,1364648,5988,517.31,-104706.55
10808,201.3683624267578,0.13500939309597015,341828,140.9156494140625,-0.24951082468032837,126,0.0001,1367416,5992,524.49,-104904.225
10830,29.93401527404785,0.13102835416793823,342483,153.72109985351562,0.4752359390258789,126,0.0001,1370036,5996,538.15,-104932.35
10852,6.285521507263184,0.12766589224338531,343192,136.9910888671875,0.1433817744255066,126,0.0001,1372872,6000,547.59,-105109.425
10872,396.5746154785156,0.12680013477802277,343833,144.4708251953125,0.6669842004776001,126,0.0001,1375436,6004,560.77,-104998.775
10898,201.8839874267578,0.1258498877286911,344645,138.24105834960938,-0.7509316802024841,126,0.0001,1378684,6008,575.27,-105143.775
10906,7.408303260803223,0.1255510002374649,344911,137.96795654296875,0.1273796558380127,126,0.0001,1379748,6012,584.8,-105346.35
10932,7.660521507263184,0.1253228485584259,345738,134.20188903808594,0.18390360474586487,126,0.0001,1383056,6016,595.59,-105454.25
10951,396.6582946777344,0.12620003521442413,346350,147.12863159179688,0.3337116837501526,126,0.0001,1385504,6020,601.1,-105509.35
10967,201.4283905029297,0.12726306915283203,346841,141.38397216796875,-0.8588653802871704,126,0.0001,1387468,6024,605.48,-104413.65
10980,395.54473876953125,0.12943902611732483,347251,143.46165466308594,0.43884438276290894,126,0.0001,1389108,6028,609.54,-104454.25
10995,7.8933796882629395,0.130621537566185,347748,139.44732666015625,-0.49164706468582153,126,0.0001,1391096,6032,615.84,-104294.075
11010,200.2353057861328,0.1316070705652237,348209,134.57786560058594,-0.4958152770996094,126,0.0001,1392940,6036,612.93,-104264.975
11025,202.4021759033203,0.13516025245189667,348687,141.92623901367188,0.7524608969688416,126,0.0001,1394852,6040,610.53,-104108.125
11050,6.940859317779541,0.13874158263206482,349460,138.4432830810547,-0.4279532730579376,126,0.0001,1397944,6044,612.29,-104125.725
11072,6.546210765838623,0.14361870288848877,350165,135.0764617919922,-0.1876964420080185,126,0.0001,1400764,6048,616.59,-104168.725
11086,6.574161052703857,0.1456078290939331,350610,137.42074584960938,0.6516607999801636,126,0.0001,1402544,6052,610.82,-104111.025
11112,6.716678142547607,0.14903555810451508,351396,134.16578674316406,-0.5715761184692383,126,0.0001,1405688,6056,621.8,-103959.775
11136,201.0181427001953,0.15067875385284424,352157,132.88975524902344,0.4220191240310669,126,0.0001,1408732,6060,630.48,-104046.575
11158,6.231425762176514,0.15309569239616394,352814,137.5794219970703,0.2570883333683014,126,0.0001,1411360,6064,634.49,-104086.675
11178,5.727002143859863,0.15502075850963593,353483,129.80227661132812,0.2781068682670593,126,0.0001,1414036,6068,638.18,-104123.575
11210,5.443721294403076,0.15477946400642395,354480,135.77813720703125,-0.24178330600261688,126,0.0001,1418024,6072,645.83,-101200.375
11229,395.2955627441406,0.1542515605688095,355062,133.95372009277344,0.502699077129364,126,0.0001,1420352,6076,635.99,-101101.975
11256,5.800149440765381,0.1512877643108368,355918,135.9092254638672,-0.5095906257629395,126,0.0001,1423776,6080,629.28,-101034.875
11278,200.04640197753906,0.15017859637737274,356577,132.4600830078125,0.15095636248588562,126,0.0001,1426412,6084,630.48,-100046.975
11310,5.53307580947876,0.14848509430885315,357577,135.10020446777344,-0.43509066104888916,126,0.0001,1430412,6088,643.66,-96179.175
11342,200.6221923828125,0.14676150679588318,358577,131.9765167236328,-0.5136949419975281,126,0.0001,1434412,6092,666.39,-92406.875
11367,395.9490966796875,0.14559561014175415,359380,129.78903198242188,0.010435432195663452,126,0.0001,1437624,6096,678.06,-90632.25
11391,202.09580993652344,0.1448962390422821,360151,132.19320678710938,-0.10511909425258636,126,0.0001,1440708,6100,680.42,-90796.575
11416,6.066277980804443,0.14367598295211792,360964,137.14462280273438,-0.19283106923103333,126,0.0001,1443960,6104,685.47,-91089.525
11443,5.8257737159729,0.144021674990654,361784,135.18666076660156,-1.1142277717590332,126,0.0001,1447240,6108,689.3,-91127.825
11459,5.370876312255859,0.1428612619638443,362276,129.61721801757812,-0.47226446866989136,126,0.0001,1449208,6112,689.95,-91134.325
11474,5.895204544067383,0.14109840989112854,362777,133.5461883544922,-0.09771233052015305,126,0.0001,1451212,6116,684.47,-91079.525
11491,395.9106750488281,0.13907112181186676,363311,133.74371337890625,0.11764669418334961,126,0.0001,1453348,6120,683.37,-91068.525
11510,201.6626434326172,0.1363610178232193,363868,134.86734008789062,1.1044352054595947,126,0.0001,1455576,6124,681.88,-92193.125
11528,4.713284015655518,0.13356029987335205,364398,126.79480743408203,-1.3252134323120117,126,0.0001,1457696,6128,682.75,-92201.825
11541,6.292609691619873,0.13125213980674744,364782,136.9024200439453,0.6791633367538452,126,0.0001,1459232,6132,678.55,-92383.0
11556,5.389373302459717,0.12874771654605865,365237,135.43809509277344,-0.9276949167251587,126,0.0001,1461052,6136,684.39,-92441.4
11573,4.722409248352051,0.1260855346918106,365795,128.062255859375,-1.0348161458969116,126,0.0001,1463284,6140,683.22,-92562.55
11593,591.7337646484375,0.12428426742553711,366408,143.07437133789062,-1.2719428539276123,126,0.0001,1465736,6144,678.62,-92516.55
11611,5.332091331481934,0.12298736721277237,366979,130.52874755859375,-0.77891606092453,126,0.0001,1468020,6148,678.35,-92513.85
11628,7.25977087020874,0.12136716395616531,367536,134.00076293945312,-0.06364297866821289,126,0.0001,1470248,6152,683.37,-92564.05
11645,4.951703071594238,0.11968931555747986,368072,114.23838806152344,0.19015833735466003,126,0.0001,1472392,6156,670.41,-92695.5
11659,4.7104644775390625,0.1186450868844986,368517,129.41455078125,0.4738479256629944,126,0.0001,1474172,6160,660.84,-92599.8
11674,5.216558456420898,0.1174563392996788,369009,129.41465759277344,-0.16873063147068024,126,0.0001,1476140,6164,644.69,-92438.3
11688,4.9128594398498535,0.11693595349788666,369486,128.03146362304688,0.4436466693878174,126,0.0001,1478048,6168,630.58,-92297.2
11699,5.410058498382568,0.11553434282541275,369822,129.32733154296875,-1.912510633468628,126,0.0001,1479392,6172,615.47,-95145.8
11709,6.708158016204834,0.11391231417655945,370156,140.39401245117188,-0.6851334571838379,126,0.0001,1480728,6176,601.75,-95008.6
11721,5.531891822814941,0.11291255801916122,370509,127.82563018798828,-0.5355963706970215,126,0.0001,1482140,6180,593.75,-94928.6
11734,6.566104888916016,0.11230434477329254,370911,144.06268310546875,0.7135862708091736,126,0.0001,1483748,6184,586.96,-95860.6
11742,6.962015151977539,0.1129392609000206,371152,136.08694458007812,-0.7457907199859619,126,0.0001,1484712,6188,556.68,-99557.4
11755,197.26138305664062,0.11116598546504974,371539,132.92282104492188,-0.01844491809606552,126,0.0001,1486260,6192,526.91,-103259.3
11763,397.6180114746094,0.11061297357082367,371749,134.66064453125,-0.15566948056221008,126,0.0001,1487100,6196,503.4,-105024.0
11770,4.99691915512085,0.1096876710653305,371964,129.74366760253906,-0.05309480428695679,126,0.0001,1487960,6200,483.71,-104827.1
11778,5.06793737411499,0.1089518740773201,372190,130.7343292236328,-0.48272764682769775,126,0.0001,1488864,6204,460.69,-104596.9
11785,5.1145405769348145,0.10772372782230377,372426,128.86846923828125,-1.1060750484466553,126,0.0001,1489808,6208,436.97,-104359.7
11792,199.70236206054688,0.10655077546834946,372646,129.45132446289062,0.03673243522644043,126,0.0001,1490688,6212,419.43,-104184.3
11800,4.7297139167785645,0.10593745112419128,372915,127.5964584350586,-0.8496969938278198,126,0.0001,1491764,6216,407.9,-104069.0
11808,200.38095092773438,0.10472463816404343,373174,130.62550354003906,0.6775153279304504,126,0.0001,1492800,6220,396.43,-103954.3
11825,200.1855010986328,0.104337677359581,373739,131.27182006835938,0.6183162927627563,126,0.0001,1495060,6224,393.23,-103922.3
11844,395.6921081542969,0.10441626608371735,374311,135.02420043945312,0.6033036112785339,126,0.0001,1497348,6228,392.86,-103918.6
11854,5.591892242431641,0.10476594418287277,374583,129.94161987304688,-0.1263047754764557,126,0.0001,1498436,6232,395.33,-103802.875
11868,5.891864776611328,0.10569024085998535,374995,131.59872436523438,1.5864337682724,126,0.0001,1500084,6236,385.18,-103701.375
11874,5.1073737144470215,0.10517826676368713,375204,127.68549346923828,0.5646219849586487,126,0.0001,1500920,6240,378.82,-103637.775
11884,7.244159698486328,0.1047912985086441,375518,124.03521728515625,-0.2495044618844986,126,0.0001,1502176,6244,367.52,-103524.775
11899,199.97976684570312,0.10375237464904785,375995,129.64340209960938,-0.9384729266166687,126,0.0001,1504084,6248,361.28,-103462.375
11904,201.16168212890625,0.10372895002365112,376190,135.2108154296875,0.9872524738311768,126,0.0001,1504864,6252,347.38,-103323.375
11911,200.06419372558594,0.10333962738513947,376403,129.5337677001953,-0.21531014144420624,126,0.0001,1505716,6256,338.34,-103232.975
11919,202.7012176513672,0.10396671295166016,376662,139.68882751464844,1.3604381084442139,126,0.0001,1506752,6260,324.53,-103094.875
11927,199.76353454589844,0.10468187183141708,376943,125.66586303710938,0.5076255202293396,126,0.0001,1507876,6264,321.17,-103061.275
11940,394.91259765625,0.10532484203577042,377374,130.51991271972656,0.12326375395059586,126,0.0001,1509600,6268,318.2,-103031.575
11947,6.618721008300781,0.10617537051439285,377594,137.96337890625,-1.2647459506988525,126,0.0001,1510480,6272,311.31,-102962.675
11959,199.8894805908203,0.1068856492638588,377976,130.38893127441406,-0.06350238621234894,126,0.0001,1512008,6276,313.28,-102982.375
11979,7.174887180328369,0.10803303867578506,378627,143.3305206298828,0.17184749245643616,126,0.0001,1514612,6280,324.03,-103089.875
11993,200.32676696777344,0.10846773535013199,379068,129.79461669921875,-0.4191219210624695,126,0.0001,1516376,6284,318.27,-103032.275
12014,396.0141296386719,0.10949620604515076,379709,147.61532592773438,0.292214035987854,126,0.0001,1518940,6288,337.04,-103219.975
12033,5.919065475463867,0.11271309107542038,380311,123.18826293945312,1.8459101915359497,126,0.0001,1521348,6292,346.12,-103310.775
12048,4.7685675621032715,0.11272870004177094,380766,125.69337463378906,0.8553844094276428,126,0.0001,1523168,6296,354.13,-103390.875
12070,6.100719451904297,0.11221075057983398,381428,139.34078979492188,0.2007995843887329,126,0.0001,1525816,6300,370.8,-103557.575
12081,201.17140197753906,0.11183352768421173,381791,128.82080078125,-0.08256518840789795,126,0.0001,1527268,6304,380.47,-103654.275
12087,5.183476448059082,0.11239007860422134,381966,127.34919738769531,0.624244213104248,126,0.0001,1527968,6308,378.93,-103638.875
12114,4.909360885620117,0.11048788577318192,382766,127.64448547363281,-0.9906283020973206,126,0.0001,1531168,6312,395.36,-103803.175
12120,6.752542972564697,0.11018268018960953,382936,126.89928436279297,-0.9892638921737671,126,0.0001,1531848,6316,404.51,-103894.675
12125,5.394404411315918,0.10955973714590073,383101,131.6105499267578,-0.8304940462112427,126,0.0001,1532508,6320,401.77,-103867.275
12130,4.998508930206299,0.10935995727777481,383259,130.44126892089844,0.9494959115982056,126,0.0001,1533140,6324,388.57,-103735.275
12136,5.745008945465088,0.10892327129840851,383455,138.25692749023438,-1.0521247386932373,126,0.0001,1533924,6328,375.71,-103606.675
12144,199.54052734375,0.10848148912191391,383690,130.2163543701172,-0.0805559754371643,126,0.0001,1534864,6332,361.92,-103609.2
12154,5.100829601287842,0.10740477591753006,384002,131.9547119140625,-1.116353988647461,126,0.0001,1536112,6336,359.77,-103587.7
12159,199.952880859375,0.10607684403657913,384182,130.79592895507812,-0.9830157160758972,126,0.0001,1536832,6340,357.75,-103567.5
12165,1174.9251708984375,0.10483468323945999,384379,127.47366333007812,0.2510937750339508,126,0.0001,1537620,6344,357.63,-103566.3
12170,199.4916534423828,0.10336244106292725,384554,128.6029052734375,-1.4133280515670776,126,0.0001,1538320,6348,346.26,-103452.6
12177,200.53904724121094,0.10159887373447418,384781,131.54995727539062,0.1325400173664093,126,0.0001,1539228,6352,343.61,-103426.1
12187,5.987639427185059,0.0999690368771553,385083,133.871826171875,0.035011276602745056,126,0.0001,1540436,6356,341.11,-103401.1
12192,199.51358032226562,0.09935923665761948,385244,129.02613830566406,-1.3455746173858643,126,0.0001,1541080,6360,343.77,-103427.7
12198,5.621513366699219,0.09898753464221954,385465,132.45187377929688,-0.3036021590232849,126,0.0001,1541964,6364,340.8,-103398.0
12216,7.43525505065918,0.09534600377082825,386029,131.87710571289062,0.8988364934921265,126,0.0001,1544220,6368,348.04,-103470.4
12227,5.4596171379089355,0.09349765628576279,386382,131.3376922607422,-0.6246949434280396,126,0.0001,1545632,6372,345.45,-103444.5
12247,6.347964763641357,0.09106167405843735,387054,131.96827697753906,-0.4122871458530426,126,0.0001,1548320,6376,361.09,-103600.9
12259,5.637482166290283,0.0904022604227066,387436,132.05125427246094,-0.050552427768707275,126,0.0001,1549848,6380,353.02,-103520.2
12267,199.9814453125,0.08983270078897476,387711,130.84848022460938,0.08744925260543823,126,0.0001,1550948,6384,347.93,-103469.3
12288,5.42461633682251,0.08939281105995178,388380,132.34738159179688,0.9607503414154053,126,0.0001,1553624,6388,337.25,-103362.5
12314,6.562331199645996,0.09087803214788437,389203,135.24533081054688,0.8109914660453796,126,0.0001,1556916,6392,347.4,-103364.0
12323,5.864576816558838,0.09173129498958588,389505,137.80368041992188,-0.8018594980239868,126,0.0001,1558124,6396,356.43,-103251.8375
12330,6.349820613861084,0.09259038418531418,389761,136.30783081054688,-0.07861103117465973,126,0.0001,1559148,6400,340.54,-103092.9375
12336,5.158758163452148,0.09264563024044037,389957,127.59634399414062,-0.2321234941482544,126,0.0001,1559932,6404,330.75,-102995.0375
12345,5.716304302215576,0.09328921139240265,390236,130.6046142578125,-0.19926771521568298,126,0.0001,1561048,6408,333.85,-103026.0375
12357,6.211518287658691,0.0938071459531784,390616,135.30902099609375,-0.6511390805244446,126,0.0001,1562568,6412,317.83,-102865.8375
12373,200.5204620361328,0.09363947063684464,391162,131.72036743164062,-0.5362488031387329,126,0.0001,1564752,6416,322.16,-102909.1375
12387,5.646587371826172,0.09309342503547668,391617,129.8668975830078,0.2987797260284424,126,0.0001,1566572,6420,333.03,-103017.8375
12404,5.7060866355896,0.0927787646651268,392195,133.2598876953125,-0.5873062610626221,126,0.0001,1568884,6424,346.66,-101992.5125
12418,7.282731056213379,0.09278102219104767,392649,133.9833526611328,0.030828088521957397,126,0.0001,1570700,6428,366.06,-101086.6125
12448,200.93255615234375,0.09290573745965958,393617,134.5552978515625,-0.37357670068740845,126,0.0001,1574572,6432,380.74,-100133.5125
12468,397.4461975097656,0.0936424657702446,394274,152.80831909179688,0.8528720736503601,126,0.0001,1577200,6436,410.11,-97427.5125
12499,395.9833679199219,0.0940394327044487,395274,136.70480346679688,-0.5835201144218445,126,0.0001,1581200,6440,432.32,-94544.7375
12521,396.8267822265625,0.09508686512708664,396007,150.27310180664062,-0.4939781725406647,126,0.0001,1584132,6444,456.42,-92376.6625
12552,7.4447455406188965,0.09682668000459671,397007,139.5253143310547,0.4843463897705078,126,0.0001,1588132,6448,489.29,-88705.7625
12577,200.72708129882812,0.09648291021585464,397831,133.72396850585938,-0.07600650191307068,126,0.0001,1591428,6452,511.86,-86718.0125
12598,6.6507697105407715,0.09679967164993286,398512,138.8384552001953,0.22871679067611694,126,0.0001,1594152,6456,537.27,-85715.5625
12629,5.914718151092529,0.09595631062984467,399512,134.2080841064453,-0.935521125793457,126,0.0001,1598152,6460,559.72,-83803.5875
12658,5.6009416580200195,0.09498193860054016,400472,133.233642578125,-0.28566649556159973,126,0.0001,1601992,6464,590.34,-82000.0125
12681,200.63119506835938,0.09524179250001907,401230,129.33758544921875,1.2652134895324707,126,0.0001,1605024,6468,600.33,-81814.7875
12706,200.42999267578125,0.0963783860206604,402041,128.4958038330078,0.4379519820213318,126,0.0001,1608268,6472,616.02,-80833.9125
12725,8.192316055297852,0.09674979001283646,402674,132.81690979003906,1.3225882053375244,126,0.0001,1610800,6476,622.86,-79749.3875
12747,5.855161666870117,0.09886004030704498,403366,130.8511962890625,0.47011440992355347,126,0.0001,1613568,6480,633.16,-79581.8875
12768,5.691079616546631,0.10028036683797836,404058,128.67446899414062,0.2676922678947449,126,0.0001,1616336,6484,642.88,-78472.8125
12783,395.5987243652344,0.10096858441829681,404560,127.82247161865234,1.343184471130371,126,0.0001,1618344,6488,653.98,-77179.0625
12799,204.84359741210938,0.10084874927997589,405076,133.44342041015625,0.2184969186782837,126,0.0001,1620408,6492,647.62,-77090.3375
12813,26.433549880981445,0.10170606523752213,405521,133.84756469726562,1.132853627204895,126,0.0001,1622188,6496,636.71,-77076.275
12827,5.531558036804199,0.10178977251052856,405960,126.99644470214844,1.3054940700531006,126,0.0001,1623944,6500,645.76,-77166.775
12840,201.51467895507812,0.10184359550476074,406379,132.47613525390625,0.36524221301078796,126,0.0001,1625620,6504,654.75,-77256.675
12856,200.10781860351562,0.10279858857393265,406876,130.2069549560547,-0.9288607835769653,126,0.0001,1627608,6508,663.54,-77344.575
12873,200.88983154296875,0.10197124630212784,407430,125.87577819824219,-0.5738831758499146,126,0.0001,1629824,6512,673.94,-77448.575
12890,5.437490940093994,0.10128525644540787,407974,124.56629943847656,1.2862181663513184,126,0.0001,1632000,6516,672.11,-77430.275
12901,5.354822635650635,0.10134924203157425,408337,125.76863098144531,-0.3385797142982483,126,0.0001,1633452,6520,672.96,-77438.775
12917,5.881889343261719,0.10128694772720337,408844,130.4517059326172,0.21957476437091827,126,0.0001,1635480,6524,675.87,-78629.5
12932,200.3764190673828,0.10125289857387543,409335,130.65377807617188,-1.6167969703674316,126,0.0001,1637444,6528,669.56,-79666.3
12956,6.033430576324463,0.10006912052631378,410084,130.60894775390625,0.7899205684661865,126,0.0001,1640440,6532,664.79,-80605.075
12963,200.09439086914062,0.09988094866275787,410331,126.25594329833984,-0.2803402543067932,126,0.0001,1641428,6536,649.15,-83448.375
12983,201.01463317871094,0.09961237013339996,410953,128.8045654296875,0.5408041477203369,126,0.0001,1643916,6540,631.67,-86378.45
12999,590.3010864257812,0.09865446388721466,411492,133.8462677001953,0.11947619915008545,126,0.0001,1646072,6544,616.59,-87636.825
13012,200.45431518554688,0.09873936325311661,411903,127.66937255859375,-0.17464125156402588,126,0.0001,1647716,6548,601.04,-90481.025
13032,5.637344837188721,0.09959353506565094,412536,124.2131576538086,0.920422375202179,126,0.0001,1650248,6552,589.17,-92575.775
13040,395.6968994140625,0.09929922223091125,412793,128.20114135742188,0.07887668907642365,126,0.0001,1651276,6556,576.27,-92703.425
13064,7.579370021820068,0.09971881657838821,413563,140.20091247558594,0.3408614993095398,126,0.0001,1654356,6560,561.36,-94690.8
13073,5.265045642852783,0.09897930175065994,413848,127.59716033935547,-0.3943677842617035,126,0.0001,1655496,6564,540.5,-96591.975
13081,5.3395562171936035,0.09805366396903992,414099,123.43414306640625,-1.0014064311981201,126,0.0001,1656500,6568,528.85,-96760.6
13090,5.494276523590088,0.09744900465011597,414389,127.54368591308594,0.5949844121932983,126,0.0001,1657660,6572,510.88,-97718.675
13109,4.994054794311523,0.09578819572925568,415013,123.3587646484375,-0.34353095293045044,126,0.0001,1660156,6576,489.83,-98661.1
13130,11.809134483337402,0.09618790447711945,415681,151.92604064941406,0.5239467024803162,126,0.0001,1662828,6580,490.66,-96940.1
13142,6.054136276245117,0.09698672592639923,416062,120.99581909179688,-0.6406697630882263,126,0.0001,1664352,6584,488.32,-98009.85
13149,5.6647114753723145,0.09701189398765564,416302,126.38958740234375,0.28410083055496216,126,0.0001,1665312,6588,472.43,-98255.8
13164,5.380332946777344,0.0975637435913086,416777,122.8299789428711,-0.1589740514755249,126,0.0001,1667212,6592,466.4,-98320.625
13180,5.733368396759033,0.09716058522462845,417269,127.3675308227539,-0.36144083738327026,126,0.0001,1669180,6596,462.97,-97393.85
13195,6.340315818786621,0.0969068631529808,417710,118.33085632324219,-0.5545542240142822,126,0.0001,1670944,6600,469.34,-96457.65
13220,395.3624572753906,0.09503621608018875,418410,129.1348419189453,-0.6103135347366333,126,0.0001,1673744,6604,475.0,-95514.35
13236,200.4139404296875,0.09421416372060776,418925,122.07194519042969,-0.04205797612667084,126,0.0001,1675804,6608,482.51,-94454.9
13253,5.204198360443115,0.09338647872209549,419433,125.80474090576172,-0.4624071419239044,126,0.0001,1677836,6612,476.46,-94394.4
13260,200.7355194091797,0.09331915527582169,419679,120.33558654785156,0.40106865763664246,126,0.0001,1678820,6616,475.41,-94383.9
13281,5.797489166259766,0.09176015108823776,420314,121.21780395507812,-0.5573334693908691,126,0.0001,1681360,6620,469.16,-94190.425
13290,394.75262451171875,0.09023749828338623,420607,126.7573471069336,-0.3971783220767975,126,0.0001,1682532,6624,470.97,-92950.125
13306,199.707275390625,0.08783036470413208,421112,125.39254760742188,-1.1683006286621094,126,0.0001,1684552,6628,467.81,-92797.225
13332,7.9161601066589355,0.0841727927327156,421943,133.26364135742188,-0.8725893497467041,126,0.0001,1687876,6632,467.88,-92911.35
13343,5.3112406730651855,0.08297278732061386,422299,122.55940246582031,0.19667819142341614,126,0.0001,1689300,6636,471.5,-90523.1
13348,395.5098876953125,0.08252276480197906,422457,117.2957763671875,-0.7571172714233398,126,0.0001,1689932,6640,469.97,-89349.775
13356,199.92752075195312,0.08125841617584229,422729,118.0912094116211,-0.7819048166275024,126,0.0001,1691020,6644,462.29,-90272.875
13370,200.4944610595703,0.07860472053289413,423174,121.42823791503906,0.8320639729499817,126,0.0001,1692800,6648,448.81,-91137.975
13379,6.334613800048828,0.0775701254606247,423457,128.18943786621094,-1.1520216464996338,126,0.0001,1693932,6652,444.09,-90866.625
13389,24.94228172302246,0.0767660140991211,423789,119.9977798461914,-0.6737678050994873,126,0.0001,1695260,6656,437.44,-91684.65
13401,200.130859375,0.07611550390720367,424163,123.58805847167969,-0.3734318017959595,126,0.0001,1696756,6660,429.13,-91375.9
13431,395.1146240234375,0.074078768491745,425163,122.7084732055664,0.2238101065158844,126,0.0001,1700756,6664,447.84,-88997.825
13441,394.4198303222656,0.0738472118973732,425466,120.20378112792969,-0.00030475854873657227,126,0.0001,1701968,6668,455.47,-88953.575
13457,200.07589721679688,0.07348218560218811,425985,121.14572143554688,-0.18611955642700195,126,0.0001,1704044,6672,456.73,-88639.625
13476,200.1667022705078,0.073140949010849,426607,123.60345458984375,0.07742029428482056,126,0.0001,1706532,6676,472.52,-86530.975
13503,5.440454006195068,0.0751304179430008,427509,117.71595764160156,0.5465035438537598,126,0.0001,1710140,6680,469.91,-86089.6
13527,5.607935905456543,0.07552343606948853,428211,116.96858215332031,-0.9503048658370972,126,0.0001,1712948,6684,479.58,-84024.6125
13544,203.69198608398438,0.07486563175916672,428697,126.1114501953125,1.3013031482696533,126,0.0001,1714892,6688,493.79,-84034.4125
13571,6.782328128814697,0.07577604800462723,429570,114.81062316894531,1.2430179119110107,126,0.0001,1718384,6692,501.81,-83641.7625
13585,5.81398344039917,0.07584535330533981,430015,118.68335723876953,0.33594855666160583,126,0.0001,1720164,6696,513.94,-83329.1875
13602,65.02936553955078,0.07739267498254776,430608,113.77820587158203,0.7337217330932617,126,0.0001,1722536,6700,514.45,-82934.5
13614,220.49392700195312,0.07796735316514969,430974,115.32420349121094,-0.4099348485469818,126,0.0001,1724000,6704,501.24,-83697.0
13626,204.12725830078125,0.07707561552524567,431374,127.04408264160156,1.2366416454315186,126,0.0001,1725600,6708,492.31,-83372.55
13637,6.4434661865234375,0.07694727182388306,431739,122.74868774414062,1.1950907707214355,126,0.0001,1727060,6712,494.08,-83017.05
13651,202.4014129638672,0.0772632285952568,432201,112.5767822265625,0.36727631092071533,126,0.0001,1728908,6716,491.86,-81597.9875
13666,5.641286849975586,0.07850004732608795,432664,116.51669311523438,-0.7327978014945984,126,0.0001,1730760,6720,499.02,-81321.2625
13679,7.297312259674072,0.0784105509519577,433058,116.29573059082031,0.09080979228019714,126,0.0001,1732336,6724,489.41,-81220.1375
13690,7.6002912521362305,0.07829060405492783,433435,118.30061340332031,0.7488070130348206,126,0.0001,1733844,6728,486.84,-80156.8875
13697,25.40936279296875,0.07856685668230057,433646,111.58390045166016,-0.25779369473457336,126,0.0001,1734688,6732,487.23,-79009.7375
13703,5.977838039398193,0.0782124474644661,433830,115.09880065917969,0.46307963132858276,126,0.0001,1735424,6736,468.98,-81251.6875
13709,200.4710235595703,0.07860726863145828,434034,109.73786926269531,0.27721545100212097,126,0.0001,1736240,6740,458.85,-82308.4125
13720,6.605328559875488,0.07751838117837906,434380,121.85629272460938,-0.299933522939682,126,0.0001,1737624,6744,457.37,-82075.3625
13729,195.00022888183594,0.07750368863344193,434654,120.45889282226562,0.7871615886688232,126,0.0001,1738720,6748,458.09,-81928.9375
13752,5.71489143371582,0.07807338237762451,435380,117.25982666015625,-0.3028305768966675,126,0.0001,1741624,6752,467.66,-79708.0625
13775,200.343505859375,0.07858417928218842,436066,113.41957092285156,-0.7995193004608154,126,0.0001,1744368,6756,480.4,-78523.45
13782,220.5011749267578,0.07875796407461166,436316,107.30351257324219,-0.5454166531562805,126,0.0001,1745368,6760,485.0,-78513.05
13786,5.634085655212402,0.07933635264635086,436454,110.1104507446289,-1.0080562829971313,126,0.0001,1745920,6764,461.16,-80734.95
13794,202.08889770507812,0.0793825164437294,436681,112.39242553710938,-0.09306663274765015,126,0.0001,1746828,6768,446.01,-80373.46666667
13802,6.680779457092285,0.07911356538534164,436950,107.38323974609375,-0.7228537797927856,126,0.0001,1747904,6772,445.51,-80270.86666667
13812,6.328314304351807,0.07799176871776581,437291,95.73857879638672,0.08277082443237305,126,0.0001,1749268,6776,424.43,-82110.41666666999
13821,6.579609394073486,0.07716651260852814,437587,109.26614379882812,0.1041288673877716,126,0.0001,1750452,6780,411.63,-84029.69166667
13830,5.4460272789001465,0.07692907750606537,437848,105.41828155517578,-0.5761432647705078,126,0.0001,1751496,6784,399.61,-85840.05416667
13836,592.6121215820312,0.07682991772890091,438030,111.44011688232422,-0.7308866381645203,126,0.0001,1752224,6788,378.38,-86434.10416666999
13842,396.56646728515625,0.07643046230077744,438203,111.98921203613281,0.01351076364517212,126,0.0001,1752916,6792,363.94,-86539.90416666999
13853,6.3088555335998535,0.0746053084731102,438508,106.77388000488281,-0.5729479789733887,126,0.0001,1754136,6796,344.16,-87564.80416667
13860,6.831210613250732,0.07374191284179688,438753,112.7913818359375,-0.598253607749939,126,0.0001,1755116,6800,326.58,-88685.94166667
13870,6.299765110015869,0.07286911457777023,439060,105.03179931640625,-2.0476059913635254,126,0.0001,1756344,6804,329.9,-88606.71666666999
13877,200.057861328125,0.07206728309392929,439277,100.97628021240234,0.3762807250022888,126,0.0001,1757212,6808,324.04,-89677.54166666999
13887,221.868408203125,0.07249215990304947,439599,113.04017639160156,-0.3912126421928406,126,0.0001,1758500,6812,321.52,-89786.46666666999
13894,201.4529266357422,0.07168228179216385,439823,119.33795166015625,-0.8000051975250244,126,0.0001,1759396,6816,313.35,-90982.95416667
13900,25.423124313354492,0.0709729939699173,440037,108.01891326904297,-0.07214957475662231,126,0.0001,1760252,6820,303.38,-91140.25416667
13905,7.4373779296875,0.07073475420475006,440198,111.13583374023438,-0.261915385723114,126,0.0001,1760896,6824,293.45,-92304.37916667
13912,201.46563720703125,0.07007833570241928,440398,108.68196868896484,1.4073437452316284,126,0.0001,1761696,6828,289.77,-93183.30416667
13926,6.906421661376953,0.06914898753166199,440821,111.94440460205078,-0.44415774941444397,126,0.0001,1763388,6832,283.07,-93922.80416667
13941,396.0135803222656,0.06875015050172806,441333,101.41890716552734,0.7981576919555664,126,0.0001,1765436,6836,289.92,-93421.19702381
13947,7.1715216636657715,0.06904353946447372,441529,105.24162292480469,-1.532121181488037,126,0.0001,1766220,6840,295.04,-93222.22202381
13954,415.3034973144531,0.06826156377792358,441745,99.79620361328125,0.05206386744976044,126,0.0001,1767084,6844,288.69,-93376.97202381
13957,7.205307483673096,0.06852515041828156,441837,107.49009704589844,2.621408462524414,126,0.0001,1767452,6848,289.54,-92539.19702381
13967,202.74325561523438,0.0682545006275177,442188,116.54507446289062,0.26844024658203125,126,0.0001,1768856,6852,281.68,-93832.12202380999
13982,395.0550231933594,0.06667880713939667,442649,103.95162200927734,0.13633877038955688,126,0.0001,1770700,6856,266.28,-94994.10952381
13987,200.5289764404297,0.06636596471071243,442801,105.88599395751953,-3.0295968055725098,126,0.0001,1771308,6860,259.1,-95092.88452381
13989,5.159509181976318,0.06607654690742493,442883,100.53926849365234,-1.547690510749817,126,0.0001,1771636,6864,260.05,-94207.35952381
13997,9.300829887390137,0.06530176848173141,443122,121.940673828125,0.15899710357189178,126,0.0001,1772592,6868,257.89,-94405.34285714
14003,5.548764705657959,0.06471585482358932,443289,104.06810760498047,-2.5990781784057617,126,0.0001,1773260,6872,254.96,-94588.06785714
14009,215.0722198486328,0.06381485611200333,443467,118.13289642333984,-0.2079567313194275,126,0.0001,1773972,6876,251.27,-94767.36785714001
14016,8.280082702636719,0.06315004080533981,443659,111.23587036132812,-1.6149263381958008,126,0.0001,1774740,6880,243.88,-94949.19285714
14019,201.4180145263672,0.0625833198428154,443770,108.18408203125,-0.004324436187744141,126,0.0001,1775184,6884,231.32,-95167.84285714
14029,7.361934661865234,0.061680033802986145,444078,104.75968933105469,0.5446261763572693,126,0.0001,1776416,6888,239.05,-94419.64285714
14031,6.666418075561523,0.06148320436477661,444160,102.68186950683594,0.32581019401550293,126,0.0001,1776744,6892,234.53,-94597.09285714
14037,200.4779510498047,0.06110241264104843,444330,92.62577056884766,-1.739195466041565,126,0.0001,1777424,6896,234.63,-94676.24285714001
14042,26.18804168701172,0.060446180403232574,444488,106.62342834472656,-0.5507506132125854,126,0.0001,1778056,6900,235.39,-94786.59285714
14049,202.51953125,0.05960144102573395,444690,122.44086456298828,-0.4209800064563751,126,0.0001,1778864,6904,225.77,-94908.11785714001
14053,224.41119384765625,0.05912450700998306,444824,121.16754150390625,1.487276315689087,126,0.0001,1779400,6908,220.84,-94981.99285714001
14062,27.36086082458496,0.058327049016952515,445093,92.0069580078125,0.08922085165977478,126,0.0001,1780476,6912,218.18,-94838.21785714
14068,395.6296691894531,0.05783715471625328,445319,97.25143432617188,-1.1081262826919556,126,0.0001,1781380,6916,220.57,-94627.81785714
14072,44.641361236572266,0.05776217579841614,445435,101.91374206542969,-1.2243587970733643,126,0.0001,1781844,6920,217.48,-94710.44285714
14075,6.196271896362305,0.05743195861577988,445513,109.40324401855469,-0.2707464098930359,126,0.0001,1782156,6924,215.11,-94686.74285714001
14077,27.005159378051758,0.05706964433193207,445596,109.53987884521484,-0.17777252197265625,126,0.0001,1782488,6928,207.17,-94850.46785714
14081,200.61521911621094,0.05678055062890053,445706,98.59270477294922,-2.171736717224121,126,0.0001,1782928,6932,199.5,-95118.31785714
14085,5.821136951446533,0.05625307187438011,445832,99.51283264160156,-1.657979965209961,126,0.0001,1783432,6936,191.46,-95392.05
14089,45.82513427734375,0.05588619038462639,445960,98.54298400878906,0.06044822931289673,126,0.0001,1783944,6940,184.93,-95468.975
14094,6.314518451690674,0.055141448974609375,446102,105.8073959350586,-2.0206995010375977,126,0.0001,1784512,6944,186.44,-95364.65
14110,5.585079193115234,0.053194742649793625,446604,100.74037170410156,-1.8303799629211426,126,0.0001,1786520,6948,179.65,-96192.45
14113,26.126501083374023,0.05282706767320633,446702,99.89585876464844,-0.35617172718048096,126,0.0001,1786912,6952,178.75,-96977.625
14120,6.337699890136719,0.05193512886762619,446913,94.96493530273438,-0.6755032539367676,126,0.0001,1787756,6956,180.41,-96839.44
14126,239.7530517578125,0.05133940652012825,447100,107.17782592773438,-2.1041595935821533,126,0.0001,1788504,6960,178.37,-96930.515
14143,396.1342468261719,0.049760330468416214,447648,107.83513641357422,-0.663691520690918,126,0.0001,1790696,6964,177.48,-97709.145
14147,202.3048095703125,0.04954967647790909,447760,101.30204772949219,-0.8470810651779175,126,0.0001,1791144,6968,181.66,-97758.245
14164,221.27804565429688,0.048775047063827515,448309,99.61627197265625,-0.7816685438156128,126,0.0001,1793340,6972,194.48,-96865.97
14180,6.705354690551758,0.04876893386244774,448832,93.3438720703125,2.3702876567840576,126,0.0001,1795432,6976,208.16,-95901.17
14196,202.56443786621094,0.04973652586340904,449287,99.72396850585938,2.6464905738830566,126,0.0001,1797252,6980,220.16,-94917.97
14210,7.317987442016602,0.050977516919374466,449688,103.95651245117188,1.7101439237594604,126,0.0001,1798856,6984,236.51,-94677.345
14231,6.919111728668213,0.052452780306339264,450352,100.6900634765625,2.527902841567993,126,0.0001,1801512,6988,252.95,-93777.02
14253,26.237735748291016,0.05406207963824272,451060,99.735595703125,0.9913980960845947,126,0.0001,1804344,6992,267.88,-93808.5575
14266,26.909610748291016,0.05460844561457634,451445,107.72576904296875,-1.4686387777328491,126,0.0001,1805884,6996,277.83,-92908.795
14279,6.879382133483887,0.054730888456106186,451861,100.6878662109375,1.0119413137435913,126,0.0001,1807548,7000,290.55,-91909.495
14286,201.6291961669922,0.054916612803936005,452107,97.70333099365234,-0.086026132106781,126,0.0001,1808532,7004,294.38,-91947.795
14298,395.1529846191406,0.054909609258174896,452488,111.60799407958984,-1.6566580533981323,126,0.0001,1810056,7008,302.31,-92144.195
14309,396.42169189453125,0.054437097162008286,452834,104.32168579101562,-1.2972911596298218,126,0.0001,1811440,7012,301.74,-92494.745
14325,6.354091167449951,0.05450369790196419,453335,94.96504211425781,0.08960574865341187,126,0.0001,1813444,7016,306.43,-92608.4325
14340,389.0276794433594,0.05363454669713974,453834,109.19601440429688,-1.7929260730743408,126,0.0001,1815440,7020,327.58,-90486.12
14368,201.99407958984375,0.05803043395280838,454709,104.03191375732422,4.015608787536621,126,0.0001,1818940,7024,351.94,-88212.66642857
14373,593.12841796875,0.05912056192755699,454855,98.25372314453125,4.899898529052734,126,0.0001,1819524,7028,367.33,-87087.66642857
14404,44.46137619018555,0.06487683951854706,455855,97.68563079833984,-0.5341354608535767,126,0.0001,1823524,7032,382.35,-86105.41642857
14420,202.04139709472656,0.06670626997947693,456373,100.48335266113281,0.5225330591201782,126,0.0001,1825596,7036,412.42,-83329.07892857
14437,6.191972732543945,0.06900152564048767,456912,103.03204345703125,1.1692023277282715,126,0.0001,1827752,7040,432.0,-82306.42892857
14461,396.8609313964844,0.07236272096633911,457697,112.50609588623047,0.7972640991210938,126,0.0001,1830892,7044,446.36,-81225.99142857
14467,7.6768598556518555,0.07273009419441223,457891,111.5762939453125,-0.5437794923782349,126,0.0001,1831668,7048,460.01,-81338.64142857
14472,203.8917999267578,0.07307441532611847,458059,127.06928253173828,0.7024943828582764,126,0.0001,1832340,7052,450.22,-81615.76642857
14478,202.27377319335938,0.07362742722034454,458239,111.30712890625,-0.4234592616558075,126,0.0001,1833060,7056,451.07,-80890.55142857
14482,201.8743133544922,0.07400278747081757,458372,111.24473571777344,0.028791368007659912,126,0.0001,1833592,7060,448.57,-80865.55142857
14484,7.080016136169434,0.0742679163813591,458446,116.08843994140625,1.2746317386627197,126,0.0001,1833888,7064,440.0,-80992.22142857
14491,7.517515659332275,0.07511340081691742,458667,121.5736083984375,1.6130361557006836,126,0.0001,1834772,7068,441.69,-81112.77142857
14506,398.20733642578125,0.07604800164699554,459147,115.1069564819336,0.28438419103622437,126,0.0001,1836692,7072,435.78,-82286.27142857
14516,9.14875602722168,0.07694285362958908,459457,131.7756805419922,0.8310906887054443,126,0.0001,1837932,7076,434.7,-82274.82142857001
14529,27.170551300048828,0.07674683630466461,459847,111.65022277832031,-0.1451265811920166,126,0.0001,1839492,7080,427.86,-83301.82142857001
14538,590.8175048828125,0.076861172914505,460115,108.39608764648438,-1.4351943731307983,126,0.0001,1840564,7084,423.38,-83661.14642857
14560,6.553792476654053,0.07694590091705322,460775,111.96913146972656,0.8490370512008667,126,0.0001,1843204,7088,409.03,-85276.84642857
14579,46.298667907714844,0.07628727704286575,461380,117.73762512207031,-1.0206302404403687,126,0.0001,1845624,7092,425.17,-83082.53392857
14592,7.617864608764648,0.07580156624317169,461818,111.36868286132812,-0.38077354431152344,126,0.0001,1847376,7096,416.99,-83877.80892857
14599,6.958090305328369,0.07633326947689056,462039,115.46517944335938,-0.09062442183494568,126,0.0001,1848260,7100,407.73,-84911.70892857
14609,221.411865234375,0.07702671736478806,462370,119.39344024658203,-0.1173873245716095,126,0.0001,1849584,7104,405.74,-84786.80892857
14620,393.1887512207031,0.07757896929979324,462708,104.98191833496094,-0.19390654563903809,126,0.0001,1850936,7108,408.96,-83606.42142857
14627,416.89862060546875,0.07751612365245819,462935,126.09698486328125,0.3523572087287903,126,0.0001,1851844,7112,410.04,-83483.53392857
14638,9.013684272766113,0.07741860300302505,463315,124.05458068847656,1.180785894393921,126,0.0001,1853364,7116,407.52,-83625.00892857001
14656,8.234298706054688,0.07666072249412537,463874,125.20353698730469,1.5544812679290771,126,0.0001,1855600,7120,394.32,-85702.99642857
14664,7.180582046508789,0.07659745961427689,464124,118.18695068359375,-0.5074341893196106,126,0.0001,1856600,7124,390.45,-86792.225
14676,203.16712951660156,0.0759764015674591,464503,120.27874755859375,0.4523618221282959,126,0.0001,1858116,7128,379.88,-87656.925
14686,397.0088195800781,0.07592200487852097,464830,118.96240234375,0.4195098280906677,126,0.0001,1859424,7132,377.98,-88448.35
14699,203.63229370117188,0.07494129985570908,465260,128.45205688476562,0.20649898052215576,126,0.0001,1861144,7136,359.91,-91298.7125
14706,396.2784118652344,0.07484080642461777,465443,115.78208923339844,-0.22428090870380402,126,0.0001,1861876,7140,342.86,-92347.1625
14717,397.6416320800781,0.0742022916674614,465799,136.52410888671875,0.41438162326812744,126,0.0001,1863300,7144,336.32,-93401.6375
14726,5.894081115722656,0.0738515630364418,466101,110.73722839355469,0.4280162453651428,126,0.0001,1864508,7148,328.31,-93223.8875
14736,396.13079833984375,0.07262915372848511,466396,113.40225219726562,-0.4164537191390991,126,0.0001,1865688,7152,338.54,-92959.7125
14745,26.386533737182617,0.07172507047653198,466698,112.78618621826172,-0.46351736783981323,126,0.0001,1866896,7156,335.62,-93718.02
14751,416.44970703125,0.07105597108602524,466870,115.62298583984375,-1.540738582611084,126,0.0001,1867584,7160,342.48,-93346.20333333
14753,7.222327709197998,0.07085534930229187,466948,115.06179809570312,1.4957311153411865,126,0.0001,1867896,7164,345.31,-93374.50333333001
14755,201.31301879882812,0.07070355862379074,467017,119.55984497070312,-0.39314746856689453,126,0.0001,1868172,7168,336.38,-93179.35333333
14761,201.5166015625,0.07031188160181046,467194,115.17025756835938,-0.4943575859069824,126,0.0001,1868880,7172,326.64,-92870.62833333001
14776,7.500686168670654,0.0691089853644371,467623,120.4180679321289,0.8601419925689697,126,0.0001,1870596,7176,321.16,-93815.57833333
14788,26.724214553833008,0.06806190311908722,468018,118.2489013671875,-0.3394908905029297,126,0.0001,1872176,7180,328.29,-93534.46583333
14798,6.051730632781982,0.06744968146085739,468352,108.20641326904297,-1.657436490058899,126,0.0001,1873512,7184,325.14,-93290.15333333
14807,202.0404052734375,0.06640858203172684,468611,119.0753173828125,-0.8123098015785217,126,0.0001,1874548,7188,315.07,-93541.86583333001
14820,590.9169311523438,0.06543880701065063,469000,120.30084228515625,0.48320382833480835,126,0.0001,1876104,7192,304.78,-94629.50333333001
14824,200.60690307617188,0.06518420577049255,469138,107.06593322753906,0.5267453789710999,126,0.0001,1876656,7196,295.13,-94771.49083333001
14833,45.77656936645508,0.06496714800596237,469387,110.02609252929688,1.3913042545318604,126,0.0001,1877652,7200,291.07,-94626.89083333
14841,201.1650390625,0.0644996166229248,469613,109.19966125488281,-1.0714256763458252,126,0.0001,1878556,7204,300.31,-93620.39083333
14849,6.2862138748168945,0.06397804617881775,469848,113.74237060546875,-0.8421828746795654,126,0.0001,1879496,7208,289.8,-94626.47833333
14864,415.2970886230469,0.06351081281900406,470296,110.3893814086914,-1.0046173334121704,126,0.0001,1881288,7212,291.71,-94464.79083333
14870,6.197704792022705,0.06350138038396835,470495,116.00119018554688,0.03331923484802246,126,0.0001,1882084,7216,293.87,-94253.29083333
14875,201.57086181640625,0.06304611265659332,470663,110.99918365478516,0.4506850838661194,126,0.0001,1882756,7220,286.35,-94201.31583333001
14883,240.77516174316406,0.06327810138463974,470934,111.15604400634766,0.8648384213447571,126,0.0001,1883840,7224,272.08,-95235.31583333001
14890,200.01504516601562,0.06395231187343597,471163,121.15129089355469,1.581130027770996,126,0.0001,1884756,7228,271.74,-95335.01583333
14897,201.21156311035156,0.06437994539737701,471374,113.30509948730469,1.338133692741394,126,0.0001,1885600,7232,260.36,-95543.24083333001
14900,6.487480640411377,0.06457750499248505,471469,116.5597152709961,0.9277729988098145,126,0.0001,1885980,7236,252.59,-95601.32833333
14907,6.259118556976318,0.06473863869905472,471717,116.41039276123047,-1.5746084451675415,126,0.0001,1886972,7240,252.11,-95703.97833333
14912,7.322491645812988,0.06481164693832397,471864,114.29342651367188,0.4708799421787262,126,0.0001,1887560,7244,248.7,-95893.46583333
14920,5.8194708824157715,0.06526590883731842,472131,113.10092163085938,-1.1150758266448975,126,0.0001,1888628,7248,244.68,-96078.96583333
14933,591.1834106445312,0.0663839802145958,472522,115.76287841796875,1.1358808279037476,126,0.0001,1890192,7252,237.16,-96370.24083333001
14945,6.098832130432129,0.06750820577144623,472927,108.5856704711914,0.04739171266555786,126,0.0001,1891812,7256,251.23,-95482.85833333
14953,27.411577224731445,0.06772613525390625,473177,119.45357513427734,2.7581844329833984,126,0.0001,1892812,7260,253.38,-95725.8625
14958,201.93368530273438,0.06826890259981155,473344,124.92239379882812,0.45171207189559937,126,0.0001,1893480,7264,253.02,-95722.2625
14964,6.637237071990967,0.06841499358415604,473530,112.81000518798828,0.9680561423301697,126,0.0001,1894224,7268,257.82,-95876.1125
14968,5.622697353363037,0.06850980967283249,473684,109.5940933227539,2.5927863121032715,126,0.0001,1894840,7272,259.74,-96002.2625
14976,201.93524169921875,0.0695195347070694,473934,116.14942932128906,0.9941940903663635,126,0.0001,1895840,7276,257.58,-96083.1625
14986,5.899159908294678,0.06988926976919174,474249,116.95323181152344,0.10330468416213989,126,0.0001,1897100,7280,248.69,-96364.2
14991,201.9648895263672,0.06985960155725479,474419,118.06686401367188,-0.8032280206680298,126,0.0001,1897780,7284,243.48,-96524.9125
14997,6.120180606842041,0.0698331892490387,474584,110.71926879882812,0.7137686014175415,126,0.0001,1898440,7288,244.92,-96534.925
15011,200.2583465576172,0.06912889331579208,474990,114.5089111328125,1.7641539573669434,126,0.0001,1900064,7292,237.9,-97520.9
15025,395.95501708984375,0.06986197829246521,475449,110.59770202636719,0.11420789361000061,126,0.0001,1901900,7296,244.08,-97603.2625
15043,6.677346706390381,0.07041216641664505,476002,116.16858673095703,0.910313069820404,126,0.0001,1904112,7300,252.72,-96686.675
15051,6.176703453063965,0.07156290858983994,476270,111.49705505371094,1.7128275632858276,126,0.0001,1905184,7304,263.92,-95784.775
15081,201.5620880126953,0.07162647694349289,477173,115.52839660644531,0.5799257755279541,126,0.0001,1908796,7308,283.43,-94849.425
15087,201.60609436035156,0.07172966003417969,477364,111.90311431884766,1.2334831953048706,126,0.0001,1909560,7312,284.82,-94177.9
15092,6.208006858825684,0.07204390317201614,477497,117.53913116455078,1.208245038986206,126,0.0001,1910092,7316,272.16,-94403.9125
15122,25.10444450378418,0.07238487899303436,478497,114.22334289550781,0.5687276124954224,126,0.0001,1914092,7320,297.05,-92434.3625
15133,415.0436096191406,0.07254189997911453,478861,114.20562744140625,-0.5415459871292114,126,0.0001,1915548,7324,313.54,-90531.3375
15156,6.89404821395874,0.07167758792638779,479576,118.92622375488281,-1.1577316522598267,126,0.0001,1918408,7328,318.35,-90546.7375
15172,4.846162796020508,0.07035348564386368,480087,111.51697540283203,-2.51387357711792,126,0.0001,1920452,7332,348.59,-87416.7625
15185,26.092802047729492,0.06970106810331345,480491,117.09680938720703,1.009643316268921,126,0.0001,1922068,7336,357.01,-87477.7
15205,201.7398681640625,0.06919541209936142,481057,113.724853515625,0.3554898798465729,126,0.0001,1924332,7340,370.09,-87608.5
15219,5.64107084274292,0.06836877018213272,481518,114.71735382080078,-0.15616431832313538,126,0.0001,1926176,7344,375.68,-87558.975
15230,200.3421173095703,0.06784719973802567,481883,108.43878936767578,0.19937989115715027,126,0.0001,1927636,7348,386.15,-86082.7625
15240,412.3236389160156,0.06716454774141312,482205,106.82183837890625,-0.6994818449020386,126,0.0001,1928924,7352,396.26,-85183.9625
15249,24.484209060668945,0.06647200137376785,482523,110.36013793945312,-0.9430375099182129,126,0.0001,1930196,7356,379.44,-86145.825
15257,5.222727298736572,0.0664743036031723,482764,110.48831176757812,-0.5351254343986511,126,0.0001,1931160,7360,383.63,-84933.66
15270,4.902091979980469,0.0664859488606453,483199,108.67079162597656,0.2770078778266907,126,0.0001,1932900,7364,393.41,-85031.46
15277,590.2444458007812,0.06624427437782288,483400,113.67832946777344,1.2525883913040161,126,0.0001,1933704,7368,396.26,-85059.96
15283,397.44091796875,0.06642116606235504,483612,122.7674331665039,1.7900259494781494,126,0.0001,1934552,7372,393.78,-85139.535
15287,200.19886779785156,0.06663040816783905,483745,110.63328552246094,-0.12033689022064209,126,0.0001,1935084,7376,392.91,-84919.115
15298,200.4142608642578,0.06696854531764984,484101,117.79635620117188,0.2478228062391281,126,0.0001,1936508,7380,391.81,-84898.565
15322,200.58261108398438,0.06656865030527115,484862,110.51480102539062,0.019062042236328125,126,0.0001,1939552,7384,410.01,-83716.1775
15339,5.097010135650635,0.06647531688213348,485426,105.989990234375,-1.4014418125152588,126,0.0001,1941808,7388,424.39,-82736.115
15346,395.0167541503906,0.06673389673233032,485642,114.8946533203125,-0.12303969264030457,126,0.0001,1942672,7392,434.81,-81728.5025
15372,5.191265106201172,0.06633444130420685,486476,111.55014038085938,0.627894401550293,126,0.0001,1946008,7396,437.62,-81536.565
15382,24.44968605041504,0.0665154755115509,486811,109.29618072509766,-0.6466195583343506,126,0.0001,1947348,7400,445.31,-81607.69
15392,5.940887451171875,0.0659734457731247,487128,112.995849609375,-0.8855621814727783,126,0.0001,1948616,7404,434.57,-83607.515
15408,589.8368530273438,0.06568354368209839,487659,109.60108947753906,-0.40583789348602295,126,0.0001,1950740,7408,425.73,-84488.14
15425,199.98046875,0.06509937345981598,488231,106.9554443359375,-1.1333891153335571,126,0.0001,1953028,7412,432.12,-85252.09
15445,219.4392547607422,0.06498807668685913,488842,107.60218811035156,-0.6263437271118164,126,0.0001,1955472,7416,453.89,-84326.5775
15462,199.04637145996094,0.06540272384881973,489308,113.7995376586914,-0.857225775718689,126,0.0001,1957336,7420,445.61,-85535.3025
15479,5.677822589874268,0.06538064777851105,489808,106.33378601074219,-0.35834330320358276,126,0.0001,1959336,7424,436.54,-87449.79
15499,200.20558166503906,0.06481252610683441,490454,109.29548645019531,-0.17458948493003845,126,0.0001,1961920,7428,448.04,-87231.4775
15522,5.156039714813232,0.06399989128112793,491164,104.71422576904297,-0.7443185448646545,126,0.0001,1964760,7432,435.9,-89984.6275
15530,25.273359298706055,0.06398865580558777,491432,102.52423858642578,-0.3913332223892212,126,0.0001,1965832,7436,440.72,-89530.935
15558,4.813918113708496,0.0635790228843689,492330,105.25183868408203,-0.30021119117736816,126,0.0001,1969424,7440,451.5,-87367.435
15578,4.665186882019043,0.06228720024228096,492983,109.09449005126953,-0.8122389316558838,126,0.0001,1972036,7444,458.26,-86051.49333333
15599,6.083666801452637,0.0613555870950222,493671,112.59226989746094,2.862700939178467,126,0.0001,1974788,7448,472.13,-86373.70583333001
15621,219.5491180419922,0.06000348925590515,494383,106.2261962890625,-0.6224987506866455,126,0.0001,1977636,7452,470.48,-87038.68083333
15633,199.66065979003906,0.05994536355137825,494772,106.06609344482422,-0.9740330576896667,126,0.0001,1979192,7456,492.41,-85050.84333333
15658,200.34805297851562,0.06058432534337044,495534,112.14146423339844,0.9126948118209839,126,0.0001,1982240,7460,495.22,-86423.48333333
15670,219.0295867919922,0.0604972317814827,495906,104.20573425292969,-0.2958061695098877,126,0.0001,1983728,7464,503.2,-84503.48333333
15690,4.717682361602783,0.05996894836425781,496501,108.36211395263672,-1.7118209600448608,126,0.0001,1986108,7468,516.5,-83485.65833333001
15716,25.14573860168457,0.059027861803770065,497338,106.0298080444336,0.3465193510055542,126,0.0001,1989456,7472,546.48,-81654.90833333001
15725,199.9106903076172,0.058294765651226044,497603,110.55421447753906,0.916655957698822,126,0.0001,1990516,7476,551.26,-81699.34500000002
15738,219.03558349609375,0.057645123451948166,498001,105.15237426757812,-0.17509868741035461,126,0.0001,1992108,7480,560.06,-81678.47
15756,218.06906127929688,0.05789054557681084,498550,110.0154037475586,0.38623571395874023,126,0.0001,1994304,7484,555.24,-82843.9075
15773,5.120968818664551,0.057488907128572464,499042,109.76750183105469,1.2006922960281372,126,0.0001,1996272,7488,547.62,-83779.67
15780,4.422567844390869,0.05695561319589615,499256,104.37477111816406,-0.8737421631813049,126,0.0001,1997128,7492,543.14,-84743.7325
15786,5.64105749130249,0.05719421058893204,499466,113.30039978027344,0.7866511940956116,126,0.0001,1997968,7496,533.54,-84981.595
15793,25.094249725341797,0.05703554302453995,499701,98.67507934570312,0.19048476219177246,126,0.0001,1998908,7500,521.74,-85870.6575
