train/actor_loss,rollout/ep_len_mean,time/total_timesteps,train/critic_loss,train/ent_coef,time/time_elapsed,rollout/ep_rew_mean,time/fps,time/episodes,train/n_updates,train/ent_coef_loss,train/learning_rate
-4.734598159790039,68.0,452,117854104.0,0.9971491098403931,5,-90464.9375,75,4,87,-0.026186702772974968,0.0001
1.1627068519592285,53.0,612,467.425537109375,0.9956976175308228,7,-94107.3125,82,8,127,-0.03912199288606644,0.0001
7.159202575683594,42.666666666666664,712,195368480.0,0.9948669075965881,8,-96141.54166666667,85,12,152,-0.047456756234169006,0.0001
11.668701171875,36.75,860,118518792.0,0.9936277866363525,9,-97151.15625,88,16,189,-0.05850415676832199,0.0001
8.763509750366211,44.55,1000,195216640.0,0.9924220442771912,11,-97291.675,90,20,224,-0.061395201832056046,0.0001
4.279363632202148,42.041666666666664,1180,156644544.0,0.9910340905189514,12,-97790.5625,92,24,269,-0.0652109682559967,0.0001
-18.609725952148438,44.357142857142854,1816,1166477.25,0.986629843711853,18,-97800.52678571429,97,28,428,-0.0773707926273346,0.0001
-37.87057113647461,63.5625,2304,271922368.0,0.9843356609344482,23,-95679.609127,99,32,550,-0.03895844891667366,0.0001
-46.25736618041992,72.86111111111111,3064,155815184.0,0.9825631976127625,30,-94569.72200177779,101,36,740,-0.03345262259244919,0.0001
-22.02072525024414,115.425,6284,38690196.0,0.9870811700820923,58,-84928.347718275,106,40,1545,0.026052027940750122,0.0001
-12.804913520812988,130.61363636363637,6932,843238.375,0.9907121658325195,64,-83250.14565297727,107,44,1707,0.018728552386164665,0.0001
-4.107987403869629,141.60416666666666,7124,413325.90625,0.9918436408042908,66,-81557.37830689583,107,48,1755,0.02383485436439514,0.0001
-8.131303787231445,131.96153846153845,7252,37009976.0,0.9926130175590515,67,-82601.81074482693,107,52,1787,0.017406553030014038,0.0001
1.7762980461120605,125.19642857142857,7800,74839736.0,0.9953967928886414,72,-83501.41354876787,107,56,1924,0.011011531576514244,0.0001
-21.617115020751953,132.83333333333334,8428,837332.8125,0.9977040886878967,78,-83959.79847885,107,60,2081,0.002937919460237026,0.0001
-19.00029182434082,129.453125,8748,39431532.0,0.9989181756973267,81,-84509.06888642187,107,64,2161,0.0018605131190270185,0.0001
-4.492900848388672,129.5,8940,38794608.0,0.9996928572654724,83,-84996.29645192646,107,68,2209,0.000726175494492054,0.0001
-7.572265625,126.70833333333333,9204,113339136.0,1.000778079032898,85,-85576.39803793054,107,72,2275,-0.0006940749590285122,0.0001
6.5170698165893555,122.90789473684211,9596,115855632.0,1.002242088317871,89,-86226.35735172368,107,76,2373,-0.003653544932603836,0.0001
2.09584379196167,121.27848101265823,10000,36352104.0,1.0037412643432617,92,-86521.13175608861,107,79,2474,-0.005313356406986713,0.0001
-6.550385475158691,120.75,10052,852022.125,1.0039297342300415,93,-86570.4301091375,107,80,2487,-0.0069395313039422035,0.0001
30.831981658935547,125.54761904761905,11240,152506976.0,1.0092929601669312,103,-86538.5916005357,108,84,2784,-0.021953290328383446,0.0001
40.33161926269531,127.0909090909091,12624,37843812.0,1.0180199146270752,115,-86737.32607323863,109,88,3130,-0.05407322198152542,0.0001
56.7073860168457,136.15217391304347,14756,77819.4296875,1.0369553565979004,133,-86731.97131643478,110,92,3663,-0.16806402802467346,0.0001
53.91118621826172,153.08333333333334,15436,113068504.0,1.0451321601867676,139,-85016.52459491666,110,96,3833,-0.21343113481998444,0.0001
90.9307632446289,162.8,17444,38945336.0,1.0715773105621338,156,-84062.78520203,111,100,4335,-0.4020840525627136,0.0001
110.20968627929688,182.61,20000,38535308.0,1.1080076694488525,178,-81937.99770203001,112,103,4974,-0.7718318700790405,0.0001
136.16029357910156,191.48,21000,33178668.0,1.1232191324234009,186,-81086.03770203,112,104,5224,-0.9644218683242798,0.0001
176.37673950195312,205.57,22864,38597232.0,1.151561975479126,202,-79973.85020203,112,108,5690,-1.3605458736419678,0.0001
203.44204711914062,232.44,24016,548460.375,1.168331265449524,212,-77361.50484488999,113,112,5978,-1.5132858753204346,0.0001
194.3911895751953,240.33,25200,224033.46875,1.1857949495315552,222,-77112.02484489,113,116,6274,-1.70615816116333,0.0001
216.47573852539062,251.4,27772,29762252.0,1.2217552661895752,243,-75745.31575397999,114,120,6917,-1.9550294876098633,0.0001
137.28433227539062,272.46,29128,27657832.0,1.2403160333633423,255,-73324.35908730999,114,124,7256,-2.3086137771606445,0.0001
253.1284637451172,273.29,30000,73695376.0,1.2524652481079102,262,-73332.65908730999,114,125,7474,-2.474416971206665,0.0001
242.87823486328125,296.66,32228,72103680.0,1.2828919887542725,280,-70668.11808081,114,128,8031,-2.7825422286987305,0.0001
379.3079833984375,314.02,34840,1821449.75,1.3187514543533325,302,-69050.26066017,115,132,8684,-3.16910457611084,0.0001
423.39410400390625,316.14,35756,30561104.0,1.3308849334716797,310,-69363.78566017,115,136,8913,-3.433335304260254,0.0001
465.3975524902344,311.46,36992,37823832.0,1.3477163314819336,321,-72006.52149350001,114,140,9222,-3.671811103820801,0.0001
421.73199462890625,312.86,37580,452098.5,1.355745553970337,327,-72221.2339935,114,144,9369,-3.6227524280548096,0.0001
466.4711608886719,303.84,38020,66149624.0,1.3617799282073975,331,-73516.7939935,114,148,9479,-3.872081756591797,0.0001
477.75244140625,318.27,40000,33993512.0,1.388944387435913,348,-72649.4939935,114,151,9974,-4.160449981689453,0.0001
498.17547607421875,318.76,40016,30055624.0,1.3891109228134155,348,-72554.2939935,114,152,9978,-4.120759963989258,0.0001
470.00225830078125,329.23,41820,36445256.0,1.414542555809021,364,-71517.44399350001,114,156,10429,-4.59901237487793,0.0001
431.5496826171875,347.2,43636,69079376.0,1.4408257007598877,380,-69651.4064935,114,160,10883,-5.1513519287109375,0.0001
499.4473876953125,369.36,46152,422357.125,1.4776266813278198,401,-67437.9164935,115,164,11512,-5.379943370819092,0.0001
571.6057739257812,381.14,48316,36199640.0,1.5081665515899658,419,-66422.48899350001,115,168,12053,-5.571165084838867,0.0001
632.3095703125,392.69,50000,37108280.0,1.5320247411727905,433,-63846.64762986,115,171,12474,-5.840001106262207,0.0001
505.92742919921875,393.52,50476,296470.4375,1.5387729406356812,438,-63752.14762986,115,172,12593,-6.0170087814331055,0.0001
680.3011474609375,431.34,54476,481207.625,1.59540855884552,472,-59647.37262986001,115,176,13593,-6.373202800750732,0.0001
673.2131958007812,441.34,55928,28206698.0,1.615806221961975,484,-58798.21012986,115,180,13956,-6.646493911743164,0.0001
871.220703125,454.11,57020,230220.1875,1.6314141750335693,493,-56810.80120129001,115,184,14229,-6.597481727600098,0.0001
806.7132568359375,467.07,60000,1427934.625,1.6748483180999756,518,-55645.925963190006,115,187,14974,-7.032208442687988,0.0001
671.3887329101562,476.16,60236,1099920.0,1.6781387329101562,520,-55694.87596319,115,188,15033,-7.009426116943359,0.0001
797.4061279296875,488.76,62752,28076620.0,1.7142863273620605,540,-53398.31475107,116,192,15662,-6.935955047607422,0.0001
814.9443969726562,507.06,66752,31949058.0,1.7715511322021484,574,-50837.6255844,116,196,16662,-7.749116897583008,0.0001
759.7667846679688,520.88,70000,230489.109375,1.820577621459961,602,-49732.711493489995,116,199,17474,-7.859738349914551,0.0001
770.3239135742188,528.96,70752,276792.0625,1.832148551940918,609,-48637.78899349,116,200,17662,-8.025992393493652,0.0001
739.6173095703125,529.11,73088,674733.75,1.8678388595581055,630,-48347.10883476,115,204,18246,-8.054615020751953,0.0001
704.4019775390625,543.14,76712,33359960.0,1.9228194952011108,662,-46917.66883476,115,208,19152,-8.065629959106445,0.0001
865.7064208984375,535.98,79232,1204239.0,1.961683988571167,683,-47911.652828260005,115,212,19782,-8.622446060180664,0.0001
865.8812255859375,536.83,80000,512569.0,1.9737415313720703,690,-47712.75782826,115,213,19974,-8.278796195983887,0.0001
826.4028930664062,558.85,80844,191842.703125,1.9875601530075073,697,-44509.29782826001,115,216,20185,-8.736762046813965,0.0001
761.7503662109375,556.78,82432,103194.375,2.0127665996551514,711,-45856.406919170004,115,220,20582,-8.411649703979492,0.0001
834.2491455078125,551.42,85048,512399.0,2.0553252696990967,734,-47211.37191916999,115,224,21236,-8.851344108581543,0.0001
970.557373046875,564.89,89048,151548.9375,2.120875358581543,768,-45408.72042567,115,228,22236,-9.087499618530273,0.0001
911.1912841796875,571.65,90000,394550.1875,2.13712477684021,776,-44428.62042567,115,229,22474,-9.172350883483887,0.0001
953.3909912109375,568.26,91052,314828.53125,2.154956102371216,785,-45280.90042567,115,232,22737,-8.749227523803711,0.0001
870.9010009765625,591.46,95052,34342932.0,2.225480794906616,817,-41825.516562029996,116,236,23737,-9.612741470336914,0.0001
815.050048828125,616.18,99044,190952.78125,2.296997308731079,850,-39410.86838021,116,240,24735,-8.897299766540527,0.0001
976.2425537109375,625.2,100000,156130.15625,2.3142290115356445,859,-38313.615880209996,116,241,24974,-10.076559066772461,0.0001
672.0509643554688,644.79,103044,38061016.0,2.371295213699341,886,-35794.255880209996,116,244,25735,-9.827707290649414,0.0001
879.068359375,676.92,106036,34892892.0,2.4290056228637695,913,-32322.56338021,116,248,26483,-9.963735580444336,0.0001
865.6956787109375,697.05,109048,598545.0,2.4871668815612793,938,-30638.10656203,116,252,27236,-10.05645751953125,0.0001
845.7244873046875,697.84,110000,449382.28125,2.505664825439453,946,-30535.98906203,116,253,27474,-10.2234525680542,0.0001
1086.0831298828125,716.49,113048,188708.84375,2.562983989715576,971,-28109.686562029998,116,256,28236,-9.557933807373047,0.0001
849.4560546875,720.74,117012,28976240.0,2.6422770023345947,1004,-26603.79656203,116,260,29227,-10.12774658203125,0.0001
888.349853515625,725.63,119972,124132.203125,2.7057244777679443,1028,-25577.42656203,116,264,29967,-9.937176704406738,0.0001
996.9235229492188,725.63,120000,143311.65625,2.706515073776245,1029,-25577.42656203,116,264,29974,-10.737255096435547,0.0001
991.6461181640625,709.46,120300,217643.921875,2.713225841522217,1031,-26888.97656203,116,268,30049,-10.609432220458984,0.0001
925.3536376953125,694.89,120692,658926.625,2.7217464447021484,1034,-29651.042925669997,116,272,30147,-10.43420696258545,0.0001
1030.624755859375,675.05,121048,642397.75,2.7297308444976807,1037,-32480.58042567,116,276,30236,-10.606555938720703,0.0001
1069.7900390625,673.1,121192,319034.125,2.7329277992248535,1039,-32225.542925669997,116,280,30272,-10.746716499328613,0.0001
859.4015502929688,691.47,125192,151513.6875,2.8189656734466553,1073,-30030.8264971,116,284,31272,-10.15353012084961,0.0001
924.5352783203125,703.04,129192,1309680.5,2.907766819000244,1108,-26807.41620489,116,288,32272,-10.12967300415039,0.0001
944.58154296875,703.04,130000,175485.84375,2.926239490509033,1115,-26807.41620489,116,288,32474,-10.495505332946777,0.0001
833.663330078125,717.02,133192,122430.140625,3.0033183097839355,1143,-24995.46825034,116,292,33272,-11.193843841552734,0.0001
1053.137451171875,702.24,137104,148125.46875,3.1025846004486084,1177,-28459.90741701,116,296,34250,-11.592336654663086,0.0001
698.5703735351562,702.24,140000,357306.03125,3.17960786819458,1202,-28611.137417010003,116,297,34974,-12.816543579101562,0.0001
780.7537841796875,704.5,141104,5230571.5,3.2105093002319336,1211,-27623.777417010002,116,300,35250,-12.466609954833984,0.0001
804.532958984375,683.45,141392,1124129.5,3.2186713218688965,1214,-30254.257575740005,116,304,35322,-12.938467025756836,0.0001
690.9907836914062,675.42,144112,597901.875,3.2970011234283447,1238,-30527.227575740006,116,308,36002,-13.741634368896484,0.0001
953.004638671875,694.83,148112,14726806.0,3.4138078689575195,1272,-28013.451439380002,116,312,37002,-13.57809829711914,0.0001
716.58447265625,703.31,150000,30450840.0,3.4703261852264404,1289,-27118.581439380003,116,314,37474,-14.283398628234863,0.0001
753.4256591796875,694.85,152096,639945.25,3.532864809036255,1306,-28105.196439380004,116,316,37998,-13.528082847595215,0.0001
865.8988037109375,717.16,154076,450451.5,3.591949939727783,1323,-24661.758939379997,116,320,38493,-13.406498908996582,0.0001
610.9375610351562,720.2,156096,741800.25,3.6521968841552734,1341,-24358.538106050004,116,324,38998,-13.332671165466309,0.0001
1143.87939453125,718.77,160000,2260650.5,3.7696988582611084,1374,-25282.043106049998,116,327,39974,-13.763223648071289,0.0001
936.836181640625,718.77,160096,474861.4375,3.772599935531616,1375,-25358.213106050003,116,328,39998,-14.265067100524902,0.0001
703.784912109375,730.12,164096,281664.90625,3.8972606658935547,1408,-23124.92560605,116,332,40998,-13.750116348266602,0.0001
944.0220947265625,732.72,167916,12954331.0,4.017017841339111,1441,-23287.68946969,116,336,41953,-13.50294017791748,0.0001
617.637939453125,732.72,170000,273403.625,4.083065509796143,1458,-23389.88515151,116,337,42474,-13.467247009277344,0.0001
729.829833984375,732.74,171916,163756.359375,4.144473075866699,1474,-22489.877651509996,116,340,42953,-13.914225578308105,0.0001
837.0023803710938,723.46,175492,149572.78125,4.2603230476379395,1507,-23893.247651509995,116,344,43847,-13.102754592895508,0.0001
795.61474609375,728.54,179492,186566.546875,4.395870208740234,1542,-23159.45265151,116,348,44847,-13.606221199035645,0.0001
1048.5321044921875,729.11,180000,34882552.0,4.413482666015625,1546,-22166.255151510002,116,349,44974,-13.128828048706055,0.0001
971.4680786132812,730.04,183404,200284.0,4.52998161315918,1578,-22461.85946969,116,352,45825,-13.31687068939209,0.0001
844.2258911132812,737.32,186876,227313.328125,4.656189441680908,1608,-22576.406287870002,116,356,46693,-13.571615219116211,0.0001
977.399658203125,734.91,188984,260290.1875,4.734506130218506,1627,-24048.758787870003,116,360,47220,-13.682083129882812,0.0001
976.1913452148438,734.91,190000,621361.0,4.773315906524658,1636,-24048.758787870003,116,360,47474,-13.375446319580078,0.0001
1055.847900390625,743.54,192984,826986.625,4.880365371704102,1661,-24079.593409089997,116,364,48220,-12.804973602294922,0.0001
878.3294677734375,760.41,195924,233976.3125,4.989887714385986,1687,-22703.23090909,116,368,48955,-13.515525817871094,0.0001
815.08203125,782.27,196752,188693.375,5.021756649017334,1695,-20431.60590909,116,372,49162,-12.94972038269043,0.0001
1156.0374755859375,800.19,200000,255406.015625,5.151926517486572,1724,-19254.80590909,115,374,49974,-13.442726135253906,0.0001
634.947998046875,800.51,200752,211723.0,5.182919025421143,1731,-18347.45590909,115,376,50162,-13.459783554077148,0.0001
948.5938110351562,827.24,204752,289556.4375,5.343008041381836,1769,-16288.05090909,115,380,51162,-13.733854293823242,0.0001
922.0203247070312,814.04,207908,452304.125,5.475767612457275,1796,-20578.56090909,115,384,51951,-13.38631534576416,0.0001
665.839111328125,807.76,210000,624536.5,5.567190647125244,1814,-21775.38227273,115,386,52474,-13.394336700439453,0.0001
548.5234375,798.33,210904,340162.8125,5.607656002044678,1822,-22827.6114394,115,388,52700,-13.965599060058594,0.0001
814.8607788085938,788.93,213396,22400676.0,5.726933002471924,1843,-23935.053106069998,115,392,53323,-15.030757904052734,0.0001
987.5723876953125,794.25,216332,537214.625,5.869316577911377,1869,-21858.215606069996,115,396,54057,-14.892900466918945,0.0001
904.20654296875,782.93,219116,308365.5,6.0016188621521,1893,-24044.388106069997,115,400,54753,-14.68377685546875,0.0001
800.5517578125,776.33,220000,1169925.5,6.0450758934021,1900,-24974.47560607,115,401,54974,-13.692170143127441,0.0001
894.095947265625,802.15,223116,414099.09375,6.19703483581543,1927,-23724.263106069997,115,404,55753,-13.328898429870605,0.0001
918.8731079101562,818.27,227116,935538.0,6.3953986167907715,1961,-23710.520606069997,115,408,56753,-14.183659553527832,0.0001
702.4647216796875,811.07,229240,347300.0,6.502998352050781,1980,-24502.068106069997,115,412,57284,-14.62818431854248,0.0001
899.11181640625,811.07,230000,1292938.125,6.541866779327393,1986,-24502.068106069997,115,412,57474,-12.956058502197266,0.0001
892.205078125,818.29,232744,297965.4375,6.674665927886963,2010,-24849.96810607,115,416,58160,-12.164153099060059,0.0001
789.6834106445312,811.7,236008,538768.625,6.837010860443115,2037,-25852.03810607,115,420,58976,-12.157081604003906,0.0001
913.6180419921875,829.2,239220,422644.5,6.999068737030029,2065,-23693.108787889996,115,424,59779,-11.646981239318848,0.0001
820.2258911132812,829.2,240000,316870.03125,7.038949489593506,2072,-23693.108787889996,115,424,59974,-12.533151626586914,0.0001
556.9609375,822.21,242636,421181.375,7.178090572357178,2095,-26174.223787889998,115,428,60633,-12.863208770751953,0.0001
831.505615234375,822.21,246636,368058.0,7.420403003692627,2129,-26205.577424249997,115,432,61633,-13.811101913452148,0.0001
897.4473266601562,828.4,250000,466235.3125,7.626759052276611,2158,-25219.60992425,115,435,62474,-13.697395324707031,0.0001
703.9486694335938,828.4,250636,251822.109375,7.665201187133789,2163,-25321.444924249998,115,436,62633,-13.405753135681152,0.0001
681.7017822265625,828.4,254636,26583180.0,7.9196648597717285,2196,-25324.38901516,115,440,63633,-14.36739730834961,0.0001
1106.5362548828125,818.07,256140,335489.4375,8.016314506530762,2209,-26807.704729449997,115,444,64009,-14.18867301940918,0.0001
809.9375,807.92,259948,32416856.0,8.255868911743164,2239,-26130.95972945,116,448,64961,-12.822494506835938,0.0001
739.1280517578125,807.92,260000,727988.0625,8.258868217468262,2239,-26130.95972945,116,448,64974,-12.360416412353516,0.0001
756.1077270507812,810.72,263948,457520.625,8.499906539916992,2272,-24729.233300879998,116,452,65961,-11.246416091918945,0.0001
933.2722778320312,812.04,267948,407250.03125,8.747843742370605,2304,-23422.05541127,116,456,66961,-10.943245887756348,0.0001
877.7225341796875,813.51,270000,489202.3125,8.87899112701416,2321,-23099.864141429996,116,458,67474,-11.247373580932617,0.0001
943.3656616210938,812.58,271352,183822.625,8.964288711547852,2332,-22849.100252540004,116,460,67812,-10.95687484741211,0.0001
835.8526611328125,805.52,273952,990336.875,9.12593936920166,2354,-23529.41699496,116,464,68462,-10.87679672241211,0.0001
752.7757568359375,823.16,277952,277808.75,9.388299942016602,2387,-21051.72270925,116,468,69462,-10.508415222167969,0.0001
665.172119140625,821.03,280000,537862.6875,9.526227951049805,2404,-21754.865209249998,116,471,69974,-11.113746643066406,0.0001
952.820068359375,828.96,281508,603821.5,9.633394241333008,2416,-20661.24520925,116,472,70351,-10.495652198791504,0.0001
801.7640380859375,829.42,285276,692928.25,9.889431953430176,2447,-21053.67066379,116,476,71293,-9.446229934692383,0.0001
337.5062561035156,831.45,289276,979476.375,10.145879745483398,2482,-19745.71137808,116,480,72293,-9.406267166137695,0.0001
583.9574584960938,836.29,290000,236479.203125,10.196165084838867,2489,-18651.87637808,116,481,72474,-8.680956840515137,0.0001
640.879638671875,842.72,292504,323847.96875,10.378971099853516,2511,-16713.803878079998,116,484,73100,-9.671882629394531,0.0001
831.5091552734375,848.29,295212,349515.875,10.588360786437988,2535,-18623.323878080002,116,488,73777,-8.52376651763916,0.0001
726.9404296875,849.61,297712,350801.375,10.770453453063965,2556,-19613.941378080002,116,492,74402,-8.306225776672363,0.0001
750.6485595703125,849.76,300000,432987.25,10.947071075439453,2575,-20510.036378080003,116,494,74974,-8.908321380615234,0.0001
458.028564453125,840.08,300416,363646.15625,10.981529235839844,2579,-22456.301378080003,116,496,75078,-9.408531188964844,0.0001
903.2791748046875,836.84,303748,368578.59375,11.284035682678223,2606,-23292.526378079998,116,500,75911,-11.122933387756348,0.0001
531.122802734375,839.19,306488,458182.09375,11.562893867492676,2629,-21969.58637808,116,504,76596,-11.177428245544434,0.0001
971.3115844726562,836.91,310000,540250.3125,11.932226181030273,2660,-20790.49804475,116,507,77474,-11.34521484375,0.0001
655.55322265625,836.91,310488,573648.5,11.983352661132812,2664,-20887.39054475,116,508,77596,-11.412196159362793,0.0001
726.6826782226562,842.59,313880,27134654.0,12.324804306030273,2692,-20567.49661618,116,512,78444,-10.855232238769531,0.0001
1070.090087890625,840.82,317476,472606.0,12.701876640319824,2723,-20224.13661618,116,516,79343,-10.073002815246582,0.0001
537.6556396484375,844.63,320000,896566.8125,12.982821464538574,2745,-19425.591616179998,116,518,79974,-11.986732482910156,0.0001
323.20806884765625,852.56,321476,877747.3125,13.156230926513672,2757,-19422.75411618,116,520,80343,-12.156651496887207,0.0001
704.44287109375,838.91,323748,932371.125,13.413619995117188,2777,-20571.370934360002,116,524,80911,-10.924995422363281,0.0001
738.857421875,847.33,327748,31696138.0,13.845965385437012,2811,-17186.83593436,116,528,81911,-11.0003662109375,0.0001
989.8397827148438,847.33,330000,1082295.5,14.097373008728027,2830,-17261.34093436,116,529,82474,-11.47385311126709,0.0001
1267.34423828125,847.33,331748,652462.625,14.29965877532959,2845,-17453.164797999998,116,532,82911,-11.784616470336914,0.0001
1286.055908203125,841.17,335748,613389.0625,14.782781600952148,2877,-18125.022298,116,536,83911,-11.196527481079102,0.0001
1010.1796875,841.17,339748,433740.3125,15.233393669128418,2911,-17907.712492799998,116,540,84911,-9.991791725158691,0.0001
1270.5692138671875,847.22,340000,538832.0,15.26148509979248,2913,-16909.8549928,116,541,84974,-9.115107536315918,0.0001
825.0790405273438,858.27,342956,316912.625,15.587830543518066,2938,-15913.410349939999,116,544,85713,-9.287391662597656,0.0001
1161.58056640625,862.35,346440,323871.75,15.954391479492188,2968,-18516.94784994,116,548,86584,-7.69694709777832,0.0001
1046.6405029296875,849.55,349320,527319.9375,16.22722625732422,2993,-20993.191778509998,116,552,87304,-7.264672756195068,0.0001
1278.0526123046875,849.55,350000,387318.71875,16.296802520751953,2999,-21091.599278510002,116,553,87474,-8.310738563537598,0.0001
355.2266845703125,849.55,353320,334637.8125,16.706464767456055,3031,-21595.34284994,116,556,88304,-8.064302444458008,0.0001
1219.105224609375,859.61,357320,589082.1875,17.233495712280273,3068,-19800.0365801,116,560,89304,-7.833824157714844,0.0001
1098.50830078125,866.77,360000,193771.53125,17.593095779418945,3092,-18969.896580099998,116,563,89974,-9.507747650146484,0.0001
1102.84326171875,867.24,361080,267754.65625,17.726903915405273,3101,-19069.47771646,116,564,90244,-8.399487495422363,0.0001
1223.2274169921875,871.91,365080,375191.875,18.19695281982422,3136,-18465.50950217,116,568,91244,-7.169533729553223,0.0001
1475.8349609375,883.27,369080,247104.78125,18.72979736328125,3171,-16665.88664503,116,572,92244,-7.188005447387695,0.0001
1669.8206787109375,883.27,370000,318650.96875,18.85738754272461,3179,-16766.513008669997,116,573,92474,-7.623073577880859,0.0001
1221.979248046875,875.22,372072,530941.375,19.13157081604004,3197,-15950.19937231,116,576,92992,-6.861774921417236,0.0001
1250.6224365234375,869.89,375280,31410944.0,19.448076248168945,3224,-18038.142269129996,116,580,93794,-4.108067989349365,0.0001
1496.6802978515625,867.61,379220,182852.65625,19.774776458740234,3263,-19071.53476913,116,584,94779,-2.8343775272369385,0.0001
1453.1268310546875,872.57,380000,281310.6875,19.821502685546875,3271,-18073.80976913,116,585,94974,-2.4859609603881836,0.0001
926.2353515625,877.75,383220,204904.21875,20.010786056518555,3301,-15167.43976913,116,588,95779,-2.720085620880127,0.0001
800.25732421875,871.54,384616,400667.125,20.14824867248535,3313,-16246.665602460002,116,592,96128,-3.4857351779937744,0.0001
1315.2554931640625,873.81,387264,344418.40625,20.534347534179688,3335,-15084.10560246,116,596,96790,-5.354763984680176,0.0001
1740.6749267578125,877.64,390000,396210.9375,20.91084098815918,3358,-14985.848102459999,116,598,97474,-3.8275504112243652,0.0001
1454.7762451171875,883.21,391264,261505.28125,21.07342529296875,3370,-13194.65810246,116,600,97790,-4.522049903869629,0.0001
1576.979736328125,886.16,395256,439613.375,21.779634475708008,3404,-13298.17560246,116,604,98788,-5.9775848388671875,0.0001
2403.56640625,889.34,399212,394435.25,22.415430068969727,3437,-13200.468935789999,116,608,99777,-5.444399833679199,0.0001
1657.12890625,882.05,400000,287933.71875,22.539276123046875,3444,-14096.16143579,116,610,99974,-4.302985668182373,0.0001
1479.59130859375,875.49,400040,543484.5625,22.545146942138672,3444,-14193.275364359999,116,612,99984,-5.361908912658691,0.0001
1022.4428100585938,859.21,404024,709587.625,23.101667404174805,3481,-16094.12536436,116,616,100980,-4.159682273864746,0.0001
1762.451904296875,856.07,407468,658284.9375,23.691307067871094,3514,-15854.45044012,115,620,101841,-5.448633193969727,0.0001
1323.164306640625,872.3,410000,485360.84375,24.236696243286133,3536,-13578.60794012,115,623,102474,-6.525270462036133,0.0001
1505.5262451171875,872.3,411468,1444809.75,24.559534072875977,3549,-13376.651511549999,115,624,102841,-4.806951522827148,0.0001
2006.7764892578125,871.6,415468,615289.25,25.251483917236328,3587,-14073.404011550001,115,628,103841,-4.7195143699646,0.0001
2515.451904296875,864.69,417696,2307116.5,25.70230484008789,3607,-16064.094011550002,115,632,104398,-3.636646032333374,0.0001
1392.3662109375,863.98,420000,513959.625,26.139450073242188,3628,-16064.72686869,115,634,104974,-2.7633676528930664,0.0001
2091.09228515625,854.96,420680,590180.125,26.229713439941406,3635,-18258.74436869,115,636,105144,-2.4418134689331055,0.0001
2442.215576171875,839.89,422948,617829.25,26.66036033630371,3657,-21446.40008298,115,640,105711,-4.537385940551758,0.0001
1810.1407470703125,842.4,426948,21800532.0,27.492036819458008,3693,-20792.288297259995,115,644,106711,-4.634340286254883,0.0001
2076.208740234375,848.47,430000,654292.5,28.144804000854492,3722,-18701.24579726,115,647,107474,-4.085599899291992,0.0001
1734.431640625,841.54,430420,565970.625,28.233715057373047,3726,-19693.18329726,115,648,107579,-3.8358776569366455,0.0001
1584.601318359375,848.45,434420,702991.9375,29.06477928161621,3761,-19400.91008297,115,652,108579,-4.053233623504639,0.0001
2462.177490234375,845.3,437888,804764.1875,29.896581649780273,3792,-20789.831056990002,115,656,109446,-4.629377841949463,0.0001
2131.6796875,842.65,440000,1041758.8125,30.35405921936035,3810,-21686.46248556,115,659,109974,-4.793387413024902,0.0001
1893.18896484375,842.65,441888,889744.9375,30.68326759338379,3827,-21584.29498556,115,660,110446,-2.422943115234375,0.0001
2304.806640625,843.25,445888,717496.125,31.025863647460938,3864,-20582.994985560003,115,664,111446,-1.6370842456817627,0.0001
2065.4013671875,840.73,449888,736158.375,31.616294860839844,3904,-21581.85998556,115,668,112446,-1.1056621074676514,0.0001
2224.17529296875,840.73,450000,545916.6875,31.629140853881836,3905,-21581.85998556,115,668,112474,-1.2161142826080322,0.0001
2025.488037109375,833.8,451468,1045583.5,31.789794921875,3918,-22375.7003427,115,672,112841,-1.4284179210662842,0.0001
1985.7529296875,840.46,455468,446812.28125,32.111148834228516,3954,-22487.15466088,115,676,113841,0.4667654037475586,0.0001
2178.87109375,829.61,457600,444819.875,31.860336303710938,3973,-24077.70945887,115,680,114374,1.2104055881500244,0.0001
2814.852294921875,833.07,460000,432044.71875,31.473630905151367,3996,-22880.713777049998,115,681,114974,1.9936513900756836,0.0001
2790.36865234375,833.82,461600,499134.5,31.39436149597168,4010,-21713.248777050005,115,684,115374,0.19191855192184448,0.0001
3018.134765625,833.82,465600,758852.375,30.97166633605957,4047,-21417.738777050003,115,688,116374,0.963719367980957,0.0001
2950.014404296875,830.52,469576,551085.125,29.912858963012695,4088,-20117.04056276,114,692,117368,1.6987923383712769,0.0001
2174.326171875,843.19,470000,386720.96875,29.813011169433594,4092,-18032.66056276,114,694,117474,2.3684277534484863,0.0001
2066.73974609375,847.24,473576,315762.03125,29.020442962646484,4126,-17038.49806276,114,696,118368,0.9130144119262695,0.0001
2273.76708984375,849.43,476412,504684.1875,28.55557632446289,4152,-16741.753062760003,114,700,119077,0.7891896963119507,0.0001
2371.272216796875,854.39,480000,502322.03125,28.10175895690918,4184,-15548.908062760001,114,703,119974,2.3597192764282227,0.0001
1993.49365234375,854.41,480412,444969.875,28.011754989624023,4189,-14548.968062760001,114,704,120077,1.077555775642395,0.0001
2423.21630859375,854.87,484048,583288.6875,27.253732681274414,4225,-14246.961471850002,114,708,120986,2.0534050464630127,0.0001
2700.3779296875,870.24,488048,505063.03125,26.846811294555664,4261,-12156.92897185,114,712,121986,-0.36851438879966736,0.0001
2538.2509765625,885.14,490000,316015.0625,26.669464111328125,4278,-10171.59897185,114,714,122474,0.8586935997009277,0.0001
3187.0205078125,889.53,492048,839369.9375,26.192739486694336,4296,-9053.60897185,114,716,122986,1.2932803630828857,0.0001
2880.9755859375,893.18,496048,2256483.75,25.652053833007812,4332,-7891.2238960899995,114,720,123986,0.14884614944458008,0.0001
2739.28125,890.31,499696,358188.375,24.997068405151367,4367,-9884.32237011,114,724,124898,2.09377384185791,0.0001
2615.0224609375,890.31,500000,351387.21875,24.919986724853516,4369,-9884.32237011,114,724,124974,1.5671721696853638,0.0001
2286.5263671875,883.6,503124,415459.25,23.978118896484375,4397,-10877.51487011,114,728,125755,1.922621250152588,0.0001
2778.296875,885.62,507124,420146.5,23.167049407958984,4433,-9583.69987011,114,732,126755,2.6352109909057617,0.0001
3085.69189453125,888.69,510000,307498.65625,22.403701782226562,4460,-8488.004512970001,114,735,127474,2.139779567718506,0.0001
2875.490478515625,897.27,511124,293125.875,22.24530792236328,4471,-7397.654512969999,114,736,127755,1.8136423826217651,0.0001
3516.458984375,912.34,515124,418290.71875,21.282073974609375,4509,-4216.077694789999,114,740,128755,2.68318510055542,0.0001
3507.76904296875,911.41,519084,347808.5625,20.473939895629883,4544,-6017.23555194,114,744,129745,2.500723361968994,0.0001
3589.57373046875,911.41,520000,366306.1875,20.311424255371094,4553,-5813.535194799999,114,746,129974,1.8013869524002075,0.0001
3416.429931640625,912.42,522324,399946.5,19.917724609375,4574,-5715.3126948,114,748,130555,1.6997416019439697,0.0001
2955.773193359375,918.31,526324,285050.0,19.34705352783203,4610,-3723.1334090899995,114,752,131555,2.6994457244873047,0.0001
3298.80810546875,917.58,530000,201379.4375,18.764310836791992,4642,-3825.6469805199995,114,755,132474,1.8377292156219482,0.0001
3101.65576171875,918.91,530324,444071.25,18.70992660522461,4645,-2828.356980519999,114,756,132555,1.0076557397842407,0.0001
2255.282958984375,905.14,531704,11612344.0,18.553560256958008,4657,-3919.0819805200003,114,760,132900,0.7498646974563599,0.0001
2816.63330078125,899.04,535136,369721.15625,18.242021560668945,4688,-4712.7544805200005,114,764,133758,0.7965660095214844,0.0001
2550.795654296875,901.56,539136,535545.3125,17.972251892089844,4723,-3413.05448052,114,768,134758,-0.01449238508939743,0.0001
3600.122802734375,901.56,540000,449597.625,17.994565963745117,4730,-3412.1069805199995,114,769,134974,-1.1211192607879639,0.0001
3004.46337890625,906.03,543136,237215.9375,17.877216339111328,4759,-3415.52948052,114,772,135758,0.45638567209243774,0.0001
2800.86767578125,899.9,545388,457697.4375,17.715137481689453,4780,-4325.429480520001,114,776,136321,0.8149199485778809,0.0001
2778.2158203125,916.08,549388,266675.78125,17.711639404296875,4816,-539.4585714199999,114,780,137321,-0.36615461111068726,0.0001
2340.532958984375,912.66,550000,236916.21875,17.742130279541016,4822,-1636.6867532400001,114,781,137474,0.3118196427822113,0.0001
3525.2763671875,901.94,553100,351979.84375,17.502138137817383,4849,-3492.52311688,114,784,138249,0.1893180012702942,0.0001
3032.270263671875,901.94,557100,3134493.0,17.954187393188477,4884,-3515.2031168800004,114,788,139249,-2.595005989074707,0.0001
3376.81982421875,911.99,560000,345940.75,18.609481811523438,4910,-2423.56311688,114,791,139974,-0.8153634667396545,0.0001
2617.463623046875,911.99,560240,526821.75,18.655160903930664,4912,-2424.1497402600003,114,792,140034,-1.671929121017456,0.0001
2312.096435546875,906.97,563352,377244.78125,19.084470748901367,4939,-3317.83246753,114,796,140812,-0.5287408828735352,0.0001
2345.28271484375,902.65,566752,341689.59375,19.053159713745117,4970,-4311.88246753,114,800,141662,-0.4080590605735779,0.0001
3025.369140625,902.65,570000,418523.4375,19.235692977905273,4998,-4311.37246753,114,802,142474,-0.9313899278640747,0.0001
2206.41796875,902.65,570752,572353.3125,19.325252532958984,5005,-4210.371331169999,114,804,142662,-1.4705839157104492,0.0001
2529.31005859375,898.13,574752,375656.5625,19.66477394104004,5040,-4308.2429220799995,114,808,143662,-0.6669074296951294,0.0001
2719.0869140625,897.22,578388,321757.84375,19.615480422973633,5071,-5205.050194810001,114,812,144571,0.7863015532493591,0.0001
3853.63720703125,894.63,580000,451494.46875,19.365610122680664,5086,-6201.410194810001,114,814,144974,1.3200385570526123,0.0001
3304.452880859375,894.63,582388,647735.375,19.210798263549805,5106,-6202.09019481,114,816,145571,0.0491003692150116,0.0001
3109.48291015625,889.0,584876,503180.5625,19.406946182250977,5128,-7197.51019481,114,820,146193,1.7399455308914185,0.0001
2666.953369140625,884.76,588088,385207.25,18.7355899810791,5157,-6391.36064936,114,824,146996,0.45286697149276733,0.0001
2977.36865234375,884.76,590000,535067.5625,18.508642196655273,5173,-6391.36064936,114,824,147474,0.481052428483963,0.0001
2576.138671875,892.17,592088,262409.0,18.275667190551758,5192,-4297.588831179999,114,828,147996,0.5826224088668823,0.0001
2447.281005859375,886.28,595352,2108794.5,17.87306785583496,5220,-5185.85311689,114,832,148812,-1.190697193145752,0.0001
3304.25830078125,880.98,598948,591175.0625,18.492664337158203,5251,-6979.074935070001,114,836,149711,-1.9535713195800781,0.0001
3230.1337890625,880.98,600000,715490.0,18.732128143310547,5261,-7079.846753250001,114,838,149974,-1.7916783094406128,0.0001
3128.216796875,874.37,601104,21057008.0,18.992183685302734,5270,-8073.38675325,114,840,150250,-0.6211442947387695,0.0001
2920.957763671875,864.8,604904,547900.375,19.492706298828125,5303,-7923.03006494,114,844,151200,-1.1312980651855469,0.0001
3426.56591796875,859.94,606948,791598.8125,19.609561920166016,5321,-8919.115649349998,114,848,151711,-1.2398169040679932,0.0001
3672.3271484375,847.69,610000,622455.875,19.995323181152344,5348,-10805.250649349999,114,851,152474,-1.890740156173706,0.0001
3499.587158203125,847.69,610560,741838.0,20.098154067993164,5352,-10905.250649350002,114,852,152614,-0.015876196324825287,0.0001
3497.17236328125,842.75,613444,583311.1875,20.289663314819336,5378,-11900.62181819,114,856,153335,-0.2177346795797348,0.0001
3376.293212890625,854.48,617444,535430.125,20.870397567749023,5413,-10913.04181819,114,860,154335,0.05283372104167938,0.0001
3052.849609375,858.56,620000,544525.0625,21.174209594726562,5435,-10916.761818190003,114,863,154974,-1.1364821195602417,0.0001
3728.9853515625,858.56,621444,677528.75,21.341890335083008,5448,-10816.22909092,114,864,155335,-2.9821739196777344,0.0001
4501.486328125,857.5,625444,20875818.0,22.082210540771484,5484,-11855.46681819,114,868,156335,-0.8217493891716003,0.0001
3330.3818359375,854.11,629444,1644137.375,22.31061363220215,5520,-13753.6559091,114,872,157335,-1.0746185779571533,0.0001
3993.3974609375,861.5,630000,947188.75,22.41834831237793,5526,-12760.965909100003,114,875,157474,-1.0725107192993164,0.0001
3584.984375,859.21,632932,720384.25,23.03976058959961,5552,-13644.652272740002,113,876,158207,-1.0045690536499023,0.0001
3910.525390625,854.62,635096,644793.125,23.46497344970703,5571,-14883.737272740002,113,880,158748,-0.6626918315887451,0.0001
3530.65283203125,862.87,639096,967578.5,24.118982315063477,5608,-12892.33805196,113,884,159748,-1.3966939449310303,0.0001
2864.683837890625,862.87,640000,588500.0625,24.331369400024414,5618,-12891.258051959998,113,885,159974,-0.73646479845047,0.0001
3958.20361328125,862.87,643096,664468.1875,24.661388397216797,5646,-13140.408051960001,113,888,160748,-0.522101104259491,0.0001
3093.10791015625,855.49,645148,963203.75,24.893484115600586,5664,-15232.18714287,113,892,161261,-0.5318183302879333,0.0001
4331.73046875,855.1,648524,855266.125,25.56679344177246,5697,-16331.004415600002,113,896,162105,-1.5526912212371826,0.0001
3574.224853515625,847.96,650000,1168131.25,25.993131637573242,5710,-16324.044415600001,113,898,162474,-0.8637486100196838,0.0001
4392.53662109375,851.67,651192,796884.25,26.270137786865234,5721,-16329.891915600001,113,900,162772,-1.0100690126419067,0.0001
3375.37060546875,829.07,653268,715705.4375,26.560701370239258,5739,-20407.47305196,113,904,163291,-0.5845757126808167,0.0001
4241.08984375,816.37,654616,1038474.125,26.671321868896484,5751,-22294.310909099997,113,908,163628,-0.16940990090370178,0.0001
3278.485595703125,810.6,658616,1122771.125,26.761005401611328,5787,-22527.3722078,113,912,164628,-1.5695831775665283,0.0001
3812.122802734375,811.35,660000,1113194.875,27.035907745361328,5799,-22528.512207800002,113,913,164974,-1.1419274806976318,0.0001
4192.181640625,811.35,662616,1024069.25,27.724987030029297,5822,-22529.9822078,113,916,165628,-2.236359119415283,0.0001
3759.124755859375,815.1,666616,1075363.25,28.911680221557617,5858,-22436.106493510004,113,920,166628,-1.4198005199432373,0.0001
4410.72265625,822.21,670000,1070765.25,29.779985427856445,5891,-21622.96149351,113,923,167474,0.15561896562576294,0.0001
2899.84423828125,822.21,670616,939214.5625,29.819181442260742,5896,-21637.05149351,113,924,167628,-0.1472536027431488,0.0001
4390.50439453125,821.01,674136,23949968.0,30.059009552001953,5930,-22665.087175329998,113,928,168508,0.8817428946495056,0.0001
4820.857421875,822.66,678136,1112010.0,28.879915237426758,5966,-22671.31857144,113,932,169508,-0.44301825761795044,0.0001
4741.060546875,831.0,680000,1843479.75,28.698139190673828,5983,-22286.93675326,113,935,169974,0.30719617009162903,0.0001
4831.1357421875,832.01,682136,21677632.0,28.357608795166016,6001,-21287.89675326,113,936,170508,2.323428153991699,0.0001
4636.5927734375,829.29,684136,837632.125,27.76388168334961,6019,-23394.226753259998,113,940,171008,0.7962851524353027,0.0001
4640.7333984375,825.27,686076,9634114.0,27.438682556152344,6036,-25497.251298709994,113,944,171493,-0.6950962543487549,0.0001
5427.16015625,830.34,690000,1056826.625,27.74533462524414,6073,-24608.03857144,113,947,172474,-1.5735888481140137,0.0001
6008.2861328125,830.34,690076,1091089.0,27.757038116455078,6074,-24611.16857144,113,948,172493,-0.08932986855506897,0.0001
5836.90576171875,842.59,694076,725643.625,27.864587783813477,6109,-22623.25357144,113,952,173493,0.8569588661193848,0.0001
5878.857421875,826.56,696132,806698.3125,27.5838623046875,6129,-24032.36785715,113,956,174007,0.8031759262084961,0.0001
5263.09326171875,831.25,700000,800257.25,26.418506622314453,6164,-23081.35452382,113,959,174974,0.8215510845184326,0.0001
5392.8232421875,831.25,700132,677531.6875,26.40032958984375,6166,-23081.494523819998,113,960,175007,0.7396081686019897,0.0001
6349.16357421875,833.27,704132,801685.75,25.602453231811523,6203,-22185.517251089997,113,964,176007,1.9543066024780273,0.0001
6034.6923828125,832.18,708132,740165.0,24.781461715698242,6241,-22339.24861473,113,968,177007,1.549737811088562,0.0001
5561.5595703125,833.99,710000,804161.25,24.246753692626953,6259,-21629.078614730002,113,969,177474,2.613839626312256,0.0001
5899.7998046875,834.26,710624,1177435.0,24.065263748168945,6265,-20839.16452382,113,972,177630,2.36548113822937,0.0001
5639.0048828125,837.82,714624,911989.375,23.52585792541504,6303,-19156.12588745,113,976,178630,0.4167748987674713,0.0001
5043.18505859375,842.41,718624,1412925.125,23.728233337402344,6339,-18118.69588745,113,980,179630,-1.2615067958831787,0.0001
5868.77197265625,829.88,720000,1833092.5,23.788904190063477,6351,-19409.88874459,113,982,179974,-0.1075945794582367,0.0001
6350.4052734375,829.88,722624,1874105.75,23.682491302490234,6374,-19575.11541126,113,984,180630,-0.012118518352508545,0.0001
5013.779296875,827.7,726624,693800.9375,23.50399398803711,6410,-20303.15541126,113,988,181630,1.3186614513397217,0.0001
5803.02734375,823.66,727060,488849.90625,23.430139541625977,6414,-19540.28541126,113,992,181739,1.373590111732483,0.0001
5971.5009765625,819.42,730000,840071.875,22.763715744018555,6444,-19545.58862555,113,994,182474,2.2176029682159424,0.0001
6830.0390625,821.48,730700,581842.8125,22.623517990112305,6451,-18687.31862555,113,996,182649,0.9175162315368652,0.0001
6998.88671875,820.18,734624,477165.8125,22.145437240600586,6486,-18925.16862555,113,1000,183630,1.0386343002319336,0.0001
5744.94482421875,842.78,738624,987528.375,22.16750144958496,6524,-15059.92862555,113,1004,184630,-0.6731382012367249,0.0001
6549.6142578125,847.25,740000,813636.375,22.300559997558594,6536,-14268.15076841,113,1006,184974,-0.11534340679645538,0.0001
6950.76953125,860.91,742624,1055690.75,22.282093048095703,6559,-12281.85076841,113,1008,185630,0.700026273727417,0.0001
6224.65283203125,867.59,746624,942930.8125,21.829769134521484,6597,-11428.62219698,113,1012,186630,0.7313317060470581,0.0001
6550.0966796875,867.06,750000,600393.4375,20.866151809692383,6628,-11350.45743508,113,1015,187474,2.415745258331299,0.0001
6869.6279296875,864.54,750052,396305.125,20.849838256835938,6629,-12476.45743508,113,1016,187487,3.3613181114196777,0.0001
7342.73095703125,859.26,752716,380463.6875,20.15561294555664,6654,-13757.04314937,113,1020,188153,2.2959182262420654,0.0001
6278.35546875,850.55,754980,8805019.0,19.506824493408203,6676,-14827.91981604,113,1024,188719,3.481912136077881,0.0001
6484.3203125,838.08,758268,24357844.0,18.91946029663086,6708,-17041.9159524,113,1028,189541,2.9538023471832275,0.0001
6590.935546875,833.89,760000,783014.625,18.650070190429688,6724,-17289.7184524,113,1031,189974,1.5989611148834229,0.0001
6792.0498046875,833.89,760716,783375.5,18.537479400634766,6730,-17412.21027058,113,1032,190153,1.2740516662597656,0.0001
7641.58349609375,825.22,763936,948232.625,18.220684051513672,6760,-17170.16027058,113,1036,190958,0.8901464939117432,0.0001
7632.4697265625,834.55,767936,1170902.0,17.94253158569336,6799,-14109.287413439999,112,1040,191958,0.8937737941741943,0.0001
5913.474609375,834.42,770000,440269.8125,17.640953063964844,6820,-13106.05741344,112,1042,192474,2.1822798252105713,0.0001
6862.34375,840.94,771272,514828.875,17.417430877685547,6833,-11113.43741344,112,1044,192792,1.8978924751281738,0.0001
6554.30859375,846.65,775272,375000.8125,16.74131202697754,6871,-10018.853127729999,112,1048,193792,2.578336238861084,0.0001
6347.7890625,846.65,779272,723070.1875,15.988235473632812,6911,-10036.21562773,112,1052,194792,3.629354476928711,0.0001
6978.19140625,856.18,780000,516438.8125,15.84479808807373,6918,-8949.88562773,112,1053,194974,2.8518526554107666,0.0001
6629.87744140625,861.59,782700,18212648.0,15.429962158203125,6943,-7751.00419916,112,1056,195649,2.0399348735809326,0.0001
7164.9208984375,861.59,786700,625103.4375,15.107288360595703,6980,-7727.08753249,112,1060,196649,0.2765960693359375,0.0001
7486.556640625,861.59,790000,413424.28125,14.807836532592773,7009,-7626.831168849999,112,1062,197474,1.4959604740142822,0.0001
6219.9189453125,861.59,790700,19635888.0,14.738354682922363,7016,-7461.912987029999,112,1064,197649,1.0583891868591309,0.0001
6783.0869140625,848.27,793084,611290.5625,14.655708312988281,7037,-8400.06675326,112,1068,198245,-0.617693305015564,0.0001
7213.896484375,843.0,795936,556859.125,14.519084930419922,7062,-8106.054253259999,112,1072,198958,0.45066165924072266,0.0001
8377.423828125,837.31,799936,727281.75,14.703675270080566,7098,-9951.40587664,112,1076,199958,-2.1268672943115234,0.0001
6952.3798828125,837.31,800000,841152.0,14.714112281799316,7098,-9951.40587664,112,1076,199974,-1.8538516759872437,0.0001
6954.04833984375,828.59,801716,772983.25,14.930368423461914,7114,-11093.95587664,112,1080,200403,-1.8801640272140503,0.0001
7454.1357421875,847.01,805716,592538.125,15.201672554016113,7149,-8653.771937239999,112,1084,201403,-0.5575618743896484,0.0001
6040.8447265625,847.25,809716,446282.5,15.060371398925781,7184,-8588.160725119998,112,1088,202403,0.2660958170890808,0.0001
5932.0615234375,840.68,810000,459894.25,15.027255058288574,7186,-9581.38072512,112,1089,202474,1.323151707649231,0.0001
7277.92919921875,849.08,812496,489569.71875,14.805878639221191,7209,-9353.14072512,112,1092,203098,-0.1055724024772644,0.0001
7440.62890625,856.67,816496,989883.4375,14.935477256774902,7246,-7940.277251079999,112,1096,204098,0.24858641624450684,0.0001
7629.0537109375,868.69,820000,638067.625,14.604846000671387,7276,-5618.52884199,112,1099,204974,0.785378098487854,0.0001
7544.0458984375,868.69,820496,503448.875,14.577558517456055,7281,-5621.978841989999,112,1100,205098,0.9161978960037231,0.0001
7945.47705078125,868.69,824496,449185.78125,14.526766777038574,7316,-5518.9913419899995,112,1104,206098,-1.0851256847381592,0.0001
7420.578125,866.4,828496,713704.625,14.576848983764648,7353,-6454.74991342,112,1108,207098,0.03567426651716232,0.0001
8166.36474609375,866.4,830000,819000.5,14.77562141418457,7368,-6466.479913419999,112,1110,207474,-1.7564606666564941,0.0001
7121.021484375,857.67,832444,543370.6875,15.301054954528809,7390,-7422.599913419999,112,1112,208085,-1.5461846590042114,0.0001
7816.61962890625,853.9,833800,567748.75,15.524407386779785,7402,-6269.83571428,112,1116,208424,-1.0158846378326416,0.0001
7999.6572265625,842.61,837032,345204.625,15.884880065917969,7433,-7091.53571428,112,1120,209232,-0.6979454755783081,0.0001
7804.08056640625,851.32,840000,586800.375,15.889993667602539,7460,-6059.509047609999,112,1122,209974,-0.5872368812561035,0.0001
8248.078125,851.32,841032,540843.75,15.943474769592285,7469,-5980.5265476099985,112,1124,210232,-0.05271916091442108,0.0001
8609.755859375,861.77,844320,550167.1875,15.959961891174316,7498,-4739.491190469999,112,1128,211054,-1.2480664253234863,0.0001
8518.748046875,846.87,846332,596091.6875,16.29657745361328,7517,-5751.408690469998,112,1132,211557,-0.2818971872329712,0.0001
8179.28857421875,838.3,847924,655994.125,16.37061882019043,7531,-6482.887781379999,112,1136,211955,0.3494378328323364,0.0001
7827.54736328125,838.3,850000,1262400.0,16.362478256225586,7551,-6344.507781379999,112,1137,212474,-0.4434986710548401,0.0001
7837.01220703125,838.3,851924,860609.5,16.51742935180664,7569,-6472.070638519999,112,1140,212955,-0.9830670952796936,0.0001
8561.873046875,832.27,854332,830013.25,16.742765426635742,7592,-7647.267178919999,112,1144,213557,-0.08197237551212311,0.0001
8899.712890625,815.19,856500,847808.875,16.868053436279297,7611,-9891.151464629998,112,1148,214099,-0.6334406137466431,0.0001
8992.798828125,796.02,858544,1336709.75,16.72216796875,7629,-12804.543647169998,112,1152,214610,1.0870167016983032,0.0001
9237.61328125,787.13,860000,1002945.75,16.585203170776367,7642,-13791.803647169996,112,1153,214974,0.27755826711654663,0.0001
8991.255859375,795.71,861876,1205150.25,16.799488067626953,7658,-12686.62079003,112,1156,215443,-0.8656193017959595,0.0001
8615.859375,788.92,864860,1053358.5,17.172075271606445,7684,-13569.260108209997,112,1160,216189,-0.6078888177871704,0.0001
9075.8125,783.0,868500,935140.625,17.6404972076416,7716,-14853.334653670001,112,1164,217099,-0.6960761547088623,0.0001
9033.0712890625,776.05,870000,1316747.125,17.809429168701172,7729,-15809.101796530002,112,1166,217474,-0.55245041847229,0.0001
9920.71875,785.64,870492,992455.5,17.86811637878418,7733,-14628.19751082,112,1168,217597,-0.6582083702087402,0.0001
10180.03125,783.63,873876,1043638.75,18.630231857299805,7764,-15559.380465369997,112,1172,218443,-1.885651707649231,0.0001
9791.333984375,781.08,877492,1202790.625,19.53797721862793,7797,-15395.181114719999,112,1176,219347,-1.1471259593963623,0.0001
9747.6201171875,781.08,880000,1326402.5,19.7387752532959,7822,-15419.06111472,112,1178,219974,-1.4946722984313965,0.0001
9999.52734375,788.17,881492,2046069.5,19.84207534790039,7836,-15224.476829009998,112,1180,220347,-0.782751739025116,0.0001
9916.2802734375,779.57,884728,1209940.75,20.065778732299805,7865,-16312.064101740001,112,1184,221156,-0.038778431713581085,0.0001
9795.8046875,774.41,887596,1158247.625,20.006134033203125,7890,-16306.500638539996,112,1188,221873,0.23947231471538544,0.0001
10580.15625,780.69,890000,1096595.75,19.817609786987305,7913,-16339.225638539998,112,1191,222474,0.9875322580337524,0.0001
10558.958984375,783.74,891596,857264.875,19.706220626831055,7927,-15341.145360759994,112,1192,222873,0.3140707314014435,0.0001
9476.5576171875,774.44,893772,1377291.625,19.611454010009766,7946,-16881.19789324,112,1196,223417,-0.33198052644729614,0.0001
10596.927734375,756.09,895652,8091148.0,19.575115203857422,7963,-19057.5502309,112,1200,223887,0.45321375131607056,0.0001
10188.669921875,747.44,899652,986982.625,19.48500633239746,7999,-20084.43841272,112,1204,224887,2.7875168323516846,0.0001
10497.9404296875,741.49,900000,1263286.75,19.377187728881836,8002,-21310.708412720003,112,1205,224974,1.6731151342391968,0.0001
10617.572265625,729.26,901116,1127145.0,19.034053802490234,8012,-22489.45234129,112,1208,225253,2.380868911743164,0.0001
11156.013671875,716.43,902484,1637106.75,18.877309799194336,8024,-24353.01961402,112,1212,225595,1.1306756734848022,0.0001
12542.9931640625,710.62,905340,1229500.75,18.52269744873047,8050,-26356.58289324,112,1216,226309,1.4316667318344116,0.0001
11335.91796875,710.83,907472,1626405.75,18.0255069732666,8070,-26653.086529599997,112,1220,226842,3.1589977741241455,0.0001
10046.169921875,702.71,910000,3601076.0,17.392358779907227,8095,-27629.176529599998,112,1222,227474,1.8495395183563232,0.0001
11408.7685546875,702.71,911356,1316557.875,17.25467300415039,8108,-27686.021529599995,112,1224,227813,-0.22563055157661438,0.0001
11941.619140625,694.54,914304,1487390.375,17.07024383544922,8135,-28063.546886739998,112,1228,228550,0.8055747151374817,0.0001
11440.486328125,720.01,918304,1451887.25,16.593358993530273,8172,-27069.28938674,112,1232,229550,0.9299291372299194,0.0001
11555.12109375,728.53,920000,40116800.0,16.451461791992188,8187,-28080.40938674,112,1235,229974,0.7276110649108887,0.0001
13123.6298828125,728.53,920692,1417963.25,16.389801025390625,8194,-28311.650295829997,112,1236,230147,1.688995122909546,0.0001
12894.373046875,721.33,923588,1679397.75,15.802879333496094,8221,-29435.698477649996,112,1240,230871,2.6556556224823,0.0001
12886.259765625,731.81,926612,1726523.875,15.313108444213867,8251,-28332.443452400003,112,1244,231627,3.5802793502807617,0.0001
13605.271484375,736.0,929812,2512955.5,14.902613639831543,8283,-29321.223452399998,112,1248,232427,1.3205795288085938,0.0001
11320.47265625,736.0,930000,1612371.875,14.881576538085938,8285,-29321.223452399998,112,1248,232474,2.109755754470825,0.0001
13059.388671875,755.17,933812,1488114.125,14.636340141296387,8321,-26475.65710319,112,1252,233427,1.220409631729126,0.0001
12900.798828125,746.18,936872,1182695.25,14.42616081237793,8348,-28507.162297990002,112,1256,234192,1.3855172395706177,0.0001
13560.5234375,748.67,940000,1466078.25,14.010201454162598,8377,-28412.59619409,112,1259,234974,2.224742889404297,0.0001
13784.6318359375,747.8,940524,1851428.125,13.933841705322266,8382,-29424.29869409,112,1260,235105,1.997856855392456,0.0001
12910.2470703125,745.44,942500,2208655.5,13.696294784545898,8400,-31112.875360759994,112,1264,235599,0.7827931642532349,0.0001
12457.1162109375,753.41,946500,1381485.0,13.358951568603516,8438,-30180.26119409,112,1268,236599,0.13381490111351013,0.0001
14711.93359375,753.47,949912,1853721.125,13.086069107055664,8469,-28091.806778500002,112,1272,237452,1.2627415657043457,0.0001
14476.904296875,752.14,950000,8380775.5,13.0833740234375,8470,-29221.626778500002,112,1273,237474,0.4895249903202057,0.0001
15370.625,754.13,952524,2014570.625,13.053126335144043,8494,-28240.7967785,112,1276,238105,-0.44341331720352173,0.0001
14532.458984375,749.15,955468,1556270.75,12.803549766540527,8521,-29143.732839109995,112,1280,238841,1.617154598236084,0.0001
15785.5849609375,745.42,958928,1308318.75,12.482105255126953,8554,-30622.06283911,112,1284,239706,0.7676818370819092,0.0001
15287.951171875,745.42,960000,2333710.75,12.43567180633545,8564,-30622.06283911,112,1285,239974,-0.5418863296508789,0.0001
14896.470703125,752.52,962928,1702511.125,12.490020751953125,8591,-30112.92751443,112,1288,240706,-0.7123222351074219,0.0001
15649.888671875,757.63,966204,1634506.75,12.455039024353027,8621,-30468.036125540002,112,1292,241525,1.0156794786453247,0.0001
16672.9921875,749.88,969788,9108590.0,12.308460235595703,8654,-28057.106580080002,112,1296,242421,0.23582518100738525,0.0001
14793.595703125,758.96,970000,4080145.25,12.3172607421875,8656,-26870.700865790004,112,1297,242474,-0.7815365195274353,0.0001
14891.828125,760.95,971280,1385893.625,12.404698371887207,8668,-28147.740865789998,112,1300,242794,-0.10147035121917725,0.0001
15707.37890625,761.24,975248,965836.375,12.761003494262695,8705,-28182.15909089,112,1304,243786,-0.5068705081939697,0.0001
16306.828125,776.27,978108,33694544.0,12.687212944030762,8731,-27160.39659089,112,1308,244501,-0.4821421504020691,0.0001
15743.25390625,774.8,980000,2036028.75,12.815160751342773,8748,-28277.28598483,112,1309,244974,-0.708283543586731,0.0001
15209.830078125,796.36,982108,2198594.5,12.865201950073242,8767,-25077.35598483,112,1312,245501,0.1836462914943695,0.0001
16046.9052734375,796.89,986068,2893547.5,12.915412902832031,8805,-24650.46916665,111,1316,246491,-0.7792633771896362,0.0001
16619.16796875,802.03,987348,1952619.25,13.035026550292969,8817,-25369.095530289997,111,1320,246811,-0.9807468056678772,0.0001
13326.04296875,799.04,990000,1899202.625,13.118375778198242,8841,-26358.025530290004,111,1321,247474,0.04805067181587219,0.0001
16088.744140625,805.24,990948,1684301.75,13.120192527770996,8851,-26428.33858585,111,1324,247711,0.3529265522956848,0.0001
16378.9287109375,811.79,994948,1419789.0,12.914817810058594,8888,-25819.61858585,111,1328,248711,0.5512738227844238,0.0001
18117.1171875,804.98,997468,2070526.625,12.525286674499512,8912,-26873.30191918,111,1332,249341,1.2041019201278687,0.0001
17684.611328125,789.8,998768,9464895.0,12.300413131713867,8924,-28103.53941918,111,1336,249666,2.00905179977417,0.0001
19248.4921875,789.37,1000000,1007715.6875,12.127461433410645,8937,-28212.28941918,111,1337,249974,1.1110299825668335,0.0001
18279.5,783.17,1002360,1558962.625,11.73267936706543,8959,-29706.60707069,111,1340,250564,1.9519407749176025,0.0001
17482.802734375,776.94,1005504,1323591.625,11.332690238952637,8988,-31053.855555539998,111,1344,251350,1.4528136253356934,0.0001
19068.58203125,782.47,1009504,1770665.875,11.149384498596191,9029,-30308.385555539997,111,1348,252350,0.6311032176017761,0.0001
19834.2734375,782.47,1010000,1772540.875,11.14933967590332,9034,-30434.565555539997,111,1349,252474,-0.8051072359085083,0.0001
16740.3828125,782.47,1013504,931531.75,10.877359390258789,9069,-30351.80888888,111,1352,253350,2.0851826667785645,0.0001
17345.62890625,798.36,1017504,735680.875,10.303354263305664,9107,-28997.55381312,111,1356,254350,2.480008602142334,0.0001
16936.48046875,802.66,1020000,729936.625,10.007325172424316,9130,-28608.858098839995,111,1359,254974,2.450155019760132,0.0001
17281.59765625,803.53,1021504,621790.3125,9.815159797668457,9144,-27737.608098839995,111,1360,255350,2.6730430126190186,0.0001
17370.51171875,811.81,1025504,500363.125,9.43061351776123,9181,-25344.994765500003,111,1364,256350,2.8298721313476562,0.0001
16152.578125,816.67,1029504,434501.875,8.980798721313477,9218,-24815.263217879998,111,1368,257350,4.7160139083862305,0.0001
17736.4453125,816.67,1030000,427285.625,8.923221588134766,9223,-24816.31321788,111,1369,257474,4.316644191741943,0.0001
16883.306640625,825.05,1032576,964162.75,8.632084846496582,9246,-26308.69217892,111,1372,258118,4.7378926277160645,0.0001
17386.546875,830.74,1036576,437678.0625,8.233702659606934,9284,-25902.34551225,111,1376,259118,5.366992950439453,0.0001
16723.2734375,837.35,1040000,394146.53125,7.953106880187988,9318,-24536.03373735,111,1379,259974,4.778871536254883,0.0001
17303.068359375,837.35,1040576,305085.75,7.9076828956604,9323,-24536.533737350004,111,1380,260118,4.735720634460449,0.0001
16251.2568359375,842.46,1042556,300950.65625,7.758899688720703,9343,-23582.933737350002,111,1384,260613,5.129089832305908,0.0001
18412.529296875,842.46,1046556,1512637.75,7.4868388175964355,9380,-23494.423737350004,111,1388,261613,4.278792381286621,0.0001
17045.908203125,840.81,1050000,401338.625,7.384603977203369,9412,-25107.513737350004,111,1391,262474,2.722759485244751,0.0001
18993.515625,841.0,1050556,430524.875,7.359058380126953,9417,-24217.53040402,111,1392,262613,3.8487627506256104,0.0001
16300.275390625,858.05,1054556,328514.375,7.025864124298096,9454,-25917.417676750003,111,1396,263613,6.096759796142578,0.0001
16066.208984375,865.33,1058556,415904.1875,6.7431111335754395,9494,-24331.731962470003,111,1400,264613,4.690999984741211,0.0001
17369.57421875,873.69,1060000,673752.625,6.666723728179932,9508,-23367.531962470002,111,1401,264974,4.791514873504639,0.0001
17244.98828125,873.37,1062556,602478.9375,6.565683364868164,9533,-24822.86555555,111,1404,265613,1.6810522079467773,0.0001
17527.462890625,860.69,1065300,814056.1875,6.448228359222412,9559,-25749.11555555,111,1408,266299,4.75675106048584,0.0001
15639.49609375,858.69,1069300,520218.6875,6.215104579925537,9597,-26161.45638888,111,1412,267299,4.914890289306641,0.0001
15633.3125,866.23,1070000,526150.75,6.171046733856201,9604,-25278.23638888,111,1414,267474,5.506662845611572,0.0001
16537.37109375,872.63,1073300,5858934.5,5.9731574058532715,9635,-24471.27888888,111,1416,268299,4.538386821746826,0.0001
16484.17578125,885.73,1077300,301809.9375,5.770919322967529,9676,-21012.52888888,111,1420,269299,5.255836486816406,0.0001
15009.140625,888.72,1080000,260169.40625,5.624834060668945,9704,-20140.61888888,111,1422,269974,5.5299835205078125,0.0001
16511.22265625,889.11,1080808,223831.390625,5.579740524291992,9711,-20108.28333332,111,1424,270176,4.931134223937988,0.0001
15377.8291015625,893.2,1084808,256939.0,5.3604817390441895,9750,-19995.33333332,111,1428,271176,5.862367630004883,0.0001
13947.796875,902.76,1088808,1277500.5,5.185806751251221,9787,-16982.07999999,111,1432,272176,4.176786422729492,0.0001
14772.111328125,917.64,1090000,269879.9375,5.136986255645752,9798,-15041.87999999,111,1434,272474,4.241750717163086,0.0001
15776.7607421875,926.85,1092808,220241.546875,5.024820327758789,9824,-13172.69249999,111,1436,273176,4.851581573486328,0.0001
14817.1298828125,940.68,1096808,165355.328125,4.833226680755615,9862,-10848.326666660001,111,1440,274176,5.27607536315918,0.0001
13634.0869140625,944.22,1100000,195352.328125,4.683043003082275,9891,-9957.72666666,111,1442,274974,5.819743633270264,0.0001
15877.5419921875,947.39,1100364,261562.125,4.666874885559082,9895,-9747.02666666,111,1444,275065,5.750452041625977,0.0001
15540.3896484375,954.75,1104364,292589.84375,4.5057220458984375,9934,-7512.43095237,111,1448,276065,4.848567008972168,0.0001
14291.443359375,954.75,1108364,147601.09375,4.362967491149902,9971,-7945.184285700001,111,1452,277065,4.9679460525512695,0.0001
14754.40625,954.75,1110000,103534.6953125,4.298488140106201,9988,-8054.98845237,111,1454,277474,5.656740665435791,0.0001
13501.927734375,956.74,1112364,129453.0078125,4.201562881469727,10011,-6924.888452370002,111,1456,278065,5.682647228240967,0.0001
13682.58203125,956.74,1116364,79268.375,4.038578033447266,10049,-6919.138452370002,111,1460,279065,6.202939987182617,0.0001
13363.541015625,956.74,1120000,212359.96875,3.8993310928344727,10084,-7040.7934523700005,111,1462,279974,5.933127403259277,0.0001
13146.5546875,956.74,1120364,77995.796875,3.886347770690918,10087,-7159.685119040001,111,1464,280065,6.106548309326172,0.0001
13144.8125,956.74,1124364,70224.4921875,3.7549614906311035,10124,-7165.265119040001,111,1468,281065,5.986740589141846,0.0001
12361.140625,959.35,1128364,56889.3984375,3.6196343898773193,10164,-6289.175119040001,111,1472,282065,5.575307846069336,0.0001
12437.068359375,961.24,1130000,67697.6328125,3.5664563179016113,10180,-5504.79178571,110,1474,282474,5.690374851226807,0.0001
12388.4921875,961.24,1132364,55228.55078125,3.4891836643218994,10202,-5207.64178571,110,1476,283065,5.763047218322754,0.0001
11450.3408203125,961.24,1136364,31782.078125,3.361022710800171,10241,-5156.19178571,110,1480,284065,6.299071788787842,0.0001
11372.02734375,968.46,1140000,128487.765625,3.2517528533935547,10275,-4191.09178571,110,1482,284974,5.116865158081055,0.0001
11458.5791015625,968.46,1140364,104397.375,3.242321014404297,10278,-4188.94178571,110,1484,285065,5.275311470031738,0.0001
10897.630859375,968.46,1144364,91321.5,3.1569063663482666,10316,-4407.61178571,110,1488,286065,3.8265700340270996,0.0001
10850.33203125,963.93,1148020,60743.9921875,3.0815088748931885,10355,-2826.22178571,110,1492,286979,3.789541244506836,0.0001
10976.1142578125,963.93,1150000,50887.2578125,3.036068916320801,10373,-2827.37178571,110,1495,287474,4.38105583190918,0.0001
10730.3798828125,963.93,1152020,46006.0703125,2.9844202995300293,10392,-2827.32178571,110,1496,287979,5.1747331619262695,0.0001
10574.962890625,963.93,1156020,48811.4140625,2.874697685241699,10429,-2790.72178571,110,1500,288979,5.3680739402771,0.0001
9275.6875,964.25,1160000,28926.62109375,2.7703135013580322,10467,-1786.27178571,110,1503,289974,4.6435651779174805,0.0001
9230.4453125,964.25,1160020,39691.6171875,2.769709587097168,10467,-1785.87178571,110,1504,289979,4.514153480529785,0.0001
9811.30859375,982.37,1164020,90133.3203125,2.6873207092285156,10504,1006.9982142900001,110,1508,290979,3.6138415336608887,0.0001
9914.609375,981.57,1167836,77568.921875,2.610084056854248,10540,1014.02571429,110,1512,291933,4.498300552368164,0.0001
9768.06640625,979.86,1170000,62503.46875,2.5676915645599365,10561,248.17571429000003,110,1515,292474,3.093491554260254,0.0001
9462.251953125,979.86,1171836,101384.484375,2.532552480697632,10578,249.42571429000003,110,1516,292933,3.7702274322509766,0.0001
9736.74609375,975.37,1174040,290781.21875,2.503370523452759,10598,-721.72428571,110,1520,293484,-1.155615210533142,0.0001
7728.0595703125,950.88,1174464,312626.875,2.5076863765716553,10602,-3705.40428571,110,1524,293590,-2.752810478210449,0.0001
10446.8349609375,917.58,1174904,371251.1875,2.5141549110412598,10606,-6129.52428571,110,1528,293700,-1.535332202911377,0.0001
11273.671875,908.31,1178904,187170.453125,2.5836715698242188,10642,-7713.74142857,110,1532,294700,-1.5967406034469604,0.0001
11114.921875,908.31,1180000,452030.65625,2.5921778678894043,10653,-7713.09142857,110,1533,294974,-0.7145510315895081,0.0001
9795.623046875,908.31,1182904,176736.28125,2.6034083366394043,10680,-7603.65142857,110,1536,295700,0.5408993363380432,0.0001
8959.4931640625,893.96,1185848,288166.5625,2.594818353652954,10707,-10657.87142857,110,1540,296436,0.630581259727478,0.0001
10742.1220703125,869.19,1186904,356470.3125,2.5943996906280518,10717,-12758.87142857,110,1544,296700,-0.413631796836853,0.0001
9415.984375,855.89,1190000,307274.375,2.6056127548217773,10747,-15114.07714286,110,1547,297474,-0.6551163792610168,0.0001
9418.5419921875,855.13,1190600,217687.703125,2.607943296432495,10753,-16084.52714286,110,1548,297624,-0.5277891755104065,0.0001
10870.09375,852.35,1194516,7227040.0,2.6968326568603516,10789,-16945.05714286,110,1552,298603,-3.8719887733459473,0.0001
11558.7138671875,852.35,1198516,1043651.0,2.8298747539520264,10825,-16483.18333334,110,1556,299603,-5.993899822235107,0.0001
9315.5830078125,833.12,1198816,575705.625,2.842697858810425,10828,-18109.15333334,110,1560,299678,-6.110810279846191,0.0001
10463.962890625,823.96,1200000,448279.6875,2.8965330123901367,10839,-19063.70333334,110,1562,299974,-7.432802677154541,0.0001
11379.9677734375,819.75,1202668,10470788.0,2.994669198989868,10864,-19925.870000009996,110,1564,300641,-5.414950370788574,0.0001
10831.2216796875,816.82,1205496,27060048.0,3.0752108097076416,10890,-21018.010000010003,110,1568,301348,-5.11184024810791,0.0001
9069.7958984375,801.01,1207900,553518.75,3.137516975402832,10912,-23827.580000010003,110,1572,301949,-4.036532402038574,0.0001
10238.703125,797.32,1210000,5814377.0,3.1873247623443604,10933,-24835.83000001,110,1573,302474,-3.7964189052581787,0.0001
11492.0693359375,791.64,1211820,752213.4375,3.2367289066314697,10949,-23202.961666680007,110,1576,302929,-5.449138641357422,0.0001
12287.517578125,774.14,1213816,540330.25,3.292736053466797,10968,-24865.520952390005,110,1580,303428,-5.797722816467285,0.0001
10292.13671875,767.93,1215900,641494.4375,3.355701446533203,10989,-25366.53845239,110,1584,303949,-5.5867509841918945,0.0001
10485.6494140625,757.98,1219052,435909.125,3.447270393371582,11024,-29753.08845239,110,1588,304737,-4.765839099884033,0.0001
11918.8466796875,757.98,1220000,632788.25,3.472397565841675,11034,-29753.08845239,110,1588,304974,-4.766911506652832,0.0001
11553.09765625,753.56,1222320,702109.125,3.5334062576293945,11055,-30832.53845239,110,1592,305554,-4.4355573654174805,0.0001
9128.3232421875,750.42,1226320,551847.125,3.6482810974121094,11098,-32142.33845239,110,1596,306554,-5.372674465179443,0.0001
9393.236328125,750.42,1230000,542847.25,3.757049560546875,11134,-32145.638452389998,110,1598,307474,-5.52815055847168,0.0001
10148.6162109375,750.42,1230320,646220.9375,3.7665481567382812,11137,-32147.53845239,110,1600,307554,-5.590435028076172,0.0001
11513.796875,750.42,1234320,790332.6875,3.8981685638427734,11176,-32202.48845239,110,1604,308554,-6.778625011444092,0.0001
8670.794921875,737.31,1237040,680630.875,3.9919333457946777,11203,-34073.22845239,110,1608,309234,-6.262453079223633,0.0001
10544.83203125,705.49,1237720,697180.625,4.018343448638916,11209,-37018.65845239,110,1612,309404,-7.882223129272461,0.0001
11284.462890625,678.36,1238060,721571.0,4.032134532928467,11212,-39885.20845239,110,1616,309489,-7.88015604019165,0.0001
12145.876953125,655.34,1238740,914064.75,4.060186386108398,11218,-41665.64178572,110,1620,309659,-5.6711273193359375,0.0001
11953.705078125,650.11,1240000,866763.25,4.112617015838623,11230,-41640.54178572,110,1623,309974,-8.244787216186523,0.0001
12330.197265625,652.16,1240172,9429490.0,4.119852066040039,11231,-41540.901785719994,110,1624,310017,-8.112137794494629,0.0001
11331.826171875,661.78,1241868,946429.0,4.195651531219482,11247,-41882.081785719995,110,1628,310441,-7.750576496124268,0.0001
12174.734375,647.08,1243232,492844.40625,4.249420166015625,11260,-43170.82321429,110,1632,310782,-8.365589141845703,0.0001
11458.76953125,624.51,1245940,759695.125,4.37269401550293,11285,-46719.64321429,110,1636,311459,-7.966946601867676,0.0001
11735.7353515625,635.51,1249940,953835.5,4.548864364624023,11322,-45405.29321429,110,1640,312459,-11.674503326416016,0.0001
12033.66796875,635.51,1250000,1232620.25,4.5519514083862305,11322,-45405.29321429,110,1640,312474,-10.353715896606445,0.0001
12567.359375,656.77,1251900,4649934.5,4.644338130950928,11339,-44047.10321429,110,1644,312949,-9.767621994018555,0.0001
13056.630859375,666.27,1255408,953470.3125,4.800135135650635,11372,-43093.75321429,110,1648,313826,-9.883049011230469,0.0001
10301.4091796875,669.05,1259408,959261.4375,4.953577995300293,11409,-42227.42321429,110,1652,314826,-7.514583587646484,0.0001
12590.640625,669.05,1260000,826585.5,4.9757466316223145,11414,-42227.42321429,110,1652,314974,-9.172674179077148,0.0001
9946.2431640625,669.05,1263408,817568.3125,5.112606048583984,11446,-42689.84702381,110,1656,315826,-8.978850364685059,0.0001
12639.6494140625,672.23,1266588,1368893.875,5.233503341674805,11475,-43542.42702381,110,1660,316621,-7.897902488708496,0.0001
13288.13671875,685.6,1270000,1704091.25,5.349521160125732,11507,-41150.875595239995,110,1663,317474,-6.833033561706543,0.0001
12460.1328125,685.6,1270588,1192187.125,5.3686017990112305,11512,-41033.95607143,110,1664,317621,-5.900230407714844,0.0001
14586.298828125,677.5,1273024,1044002.25,5.445287227630615,11534,-41511.576071430005,110,1668,318230,-4.278460502624512,0.0001
14739.23828125,670.92,1274908,1894356.25,5.489967346191406,11551,-42149.0275,110,1672,318701,-4.084620475769043,0.0001
13859.4326171875,654.74,1276420,1282068.75,5.520084381103516,11565,-46438.37583333,110,1676,319079,-2.49029278755188,0.0001
10452.98046875,647.38,1277580,1331629.0,5.552780628204346,11576,-47105.254274889994,110,1680,319369,-5.529843330383301,0.0001
14874.771484375,624.81,1278612,6368544.0,5.5815534591674805,11586,-50464.10677489,110,1684,319627,-3.5082104206085205,0.0001
14060.212890625,619.3,1280000,7641839.0,5.63930606842041,11598,-50190.936774890004,110,1685,319974,-7.028629302978516,0.0001
12223.1279296875,625.6,1282612,1425934.25,5.814219951629639,11622,-47833.946774890006,110,1688,320627,-8.425102233886719,0.0001
12770.703125,630.84,1285084,1512983.5,5.915966033935547,11645,-48537.171774890005,110,1692,321245,-5.8185272216796875,0.0001
10980.150390625,630.89,1289084,4437674.0,6.0433855056762695,11682,-48342.234274890005,110,1696,322245,-5.702354907989502,0.0001
17897.86328125,630.89,1290000,3422333.5,6.076679706573486,11691,-48488.28427489,110,1697,322474,-4.17158842086792,0.0001
13108.1533203125,618.79,1292516,1942180.5,6.155084133148193,11715,-51434.364274889995,110,1700,323103,-3.5063605308532715,0.0001
15881.6865234375,603.83,1295392,2582888.5,6.245535373687744,11742,-53086.121774889994,110,1704,323822,-4.233625411987305,0.0001
13748.41015625,609.99,1298304,1136754.5,6.315036773681641,11769,-52090.44427489,110,1708,324550,-0.9575729370117188,0.0001
13415.662109375,625.31,1300000,1831873.375,6.333621978759766,11785,-51058.766774890006,110,1711,324974,-1.8187856674194336,0.0001
12729.232421875,629.12,1300148,1459447.25,6.33552885055542,11786,-51080.86677489,110,1712,325011,-0.976965606212616,0.0001
14164.3203125,649.34,1303652,920742.1875,6.380138874053955,11819,-48361.0580736,110,1716,325887,-1.1884123086929321,0.0001
13845.2734375,661.67,1305760,1116149.25,6.4097900390625,11839,-46960.923311700004,110,1720,326414,-1.5735924243927002,0.0001
14087.306640625,672.99,1307728,1230512.125,6.44509220123291,11857,-45799.6883117,110,1724,326906,-2.905046224594116,0.0001
14060.4453125,682.13,1310000,1397444.125,6.497108459472656,11877,-44576.3408117,110,1727,327474,-1.5355101823806763,0.0001
12676.4833984375,682.94,1311096,1257537.125,6.525749683380127,11887,-44458.805811700004,110,1728,327748,-1.5514880418777466,0.0001
14097.896484375,690.59,1312816,7928708.0,6.5626630783081055,11903,-43281.486168840005,110,1732,328178,-1.6182836294174194,0.0001
12733.333984375,697.09,1314248,968749.75,6.5975141525268555,11916,-42333.51616884,110,1736,328536,-1.340538740158081,0.0001
14055.46875,687.67,1317896,1131139.0,6.679022789001465,11950,-42325.40139610999,110,1740,329448,-1.5452592372894287,0.0001
13843.3427734375,689.28,1320000,2753509.0,6.713782787322998,11969,-41335.631396109995,110,1741,329974,-1.298491358757019,0.0001
14078.4208984375,695.53,1321896,2136448.5,6.763207912445068,11987,-41384.91139611,110,1744,330448,-0.5586022138595581,0.0001
15630.857421875,683.2,1325772,2408724.0,6.830117702484131,12021,-42916.59139611,110,1748,331417,0.5625788569450378,0.0001
13148.6806640625,680.86,1329444,1351777.375,6.767524719238281,12055,-44630.15389611,110,1752,332335,0.8178593516349792,0.0001
13624.1611328125,680.86,1330000,1294330.25,6.757633209228516,12060,-44631.25389611,110,1754,332474,0.14495879411697388,0.0001
16486.53125,671.82,1330476,1056309.25,6.750545501708984,12064,-44042.54139611,110,1756,332593,0.2944938540458679,0.0001
15743.818359375,659.38,1332260,7162806.0,6.741335868835449,12080,-42678.77503247,110,1760,333039,0.45593953132629395,0.0001
15548.46484375,643.73,1334332,1821702.875,6.749789714813232,12098,-41506.97574675999,110,1764,333557,-2.4057278633117676,0.0001
14574.111328125,629.99,1335892,1470605.5,6.894900798797607,12112,-43376.30753247,110,1768,333947,-3.821777582168579,0.0001
16024.111328125,632.91,1337648,42501160.0,7.0543012619018555,12127,-43345.1461039,110,1772,334386,-1.7169451713562012,0.0001
17321.2109375,634.37,1340000,1031194.625,7.17076301574707,12148,-42895.48974027,110,1775,334974,-0.15957435965538025,0.0001
17752.150390625,637.38,1340024,1024925.6875,7.171385765075684,12148,-42796.194058450004,110,1776,334980,-1.272729516029358,0.0001
14071.17578125,645.32,1342740,1322389.5,7.240489482879639,12172,-42688.14996754,110,1780,335659,0.21270182728767395,0.0001
15749.70703125,651.8,1344024,1322283.875,7.261167526245117,12183,-41247.929967539996,110,1784,335980,0.5368492603302002,0.0001
16271.724609375,636.06,1346080,1185831.5,7.304855823516846,12202,-43037.03568183,110,1788,336494,-0.6536020636558533,0.0001
15448.2890625,622.81,1347616,1559973.0,7.3838372230529785,12216,-42835.4784091,110,1792,336878,-2.1540961265563965,0.0001
16913.38671875,612.9,1350000,1588585.75,7.5501203536987305,12238,-43681.4259091,110,1795,337474,-2.306436777114868,0.0001
17213.4375,612.9,1350684,1383075.75,7.60489559173584,12244,-43306.698766240006,110,1796,337645,-1.9799540042877197,0.0001
15032.2607421875,607.42,1352396,2447915.25,7.681351661682129,12259,-42716.06269481,110,1800,338073,-0.09488216042518616,0.0001
16618.22265625,611.83,1354728,1950265.875,7.769447326660156,12279,-42245.54042207999,110,1804,338656,-0.6454023718833923,0.0001
17495.2421875,593.36,1357240,4654764.0,7.774987697601318,12301,-44793.110422080004,110,1808,339284,-0.157126784324646,0.0001
17077.931640625,590.51,1358116,4807806.0,7.763560771942139,12308,-45201.63152597,110,1812,339503,-0.041059691458940506,0.0001
13277.263671875,568.56,1359340,8858104.0,7.774277687072754,12319,-47471.600227259994,110,1816,339809,-0.031605064868927,0.0001
15828.8056640625,552.5,1360000,3302057.0,7.804528713226318,12325,-49521.946655830005,110,1818,339974,-2.0605287551879883,0.0001
16451.79296875,553.16,1360896,3112144.75,7.901484489440918,12333,-49521.90165583,110,1820,340198,-2.10335111618042,0.0001
21784.568359375,550.78,1362232,11907246.0,8.064942359924316,12345,-50456.77665583,110,1824,340532,-4.353031158447266,0.0001
14394.4345703125,539.6,1364620,3084407.5,8.543869972229004,12367,-51445.33665583,110,1828,341129,-11.145196914672852,0.0001
18137.384765625,540.1,1365896,1852453.625,8.717458724975586,12378,-52203.791071420004,110,1832,341448,-9.676191329956055,0.0001
17934.748046875,527.65,1367080,1936209.375,8.829529762268066,12388,-53119.471071420005,110,1836,341744,-6.722444534301758,0.0001
17440.9296875,521.54,1369896,6417015.0,9.008162498474121,12413,-53829.13870129,110,1840,342448,-5.107534408569336,0.0001
17625.08203125,521.54,1370000,2381524.75,9.013336181640625,12414,-53829.13870129,110,1840,342474,-3.7675743103027344,0.0001
16752.2734375,501.25,1371512,22359744.0,9.08773422241211,12427,-55595.595129860005,110,1844,342852,-2.941063404083252,0.0001
15682.5791015625,505.42,1374800,2032385.5,9.239509582519531,12455,-55168.68405843,110,1848,343674,-3.3550384044647217,0.0001
13636.064453125,505.86,1378560,2713014.25,9.381312370300293,12489,-54931.48019479,110,1852,344614,-1.8717007637023926,0.0001
14960.54296875,503.24,1380000,14390674.0,9.434026718139648,12503,-55788.18269479,110,1853,344974,-1.7183512449264526,0.0001
16240.4111328125,509.25,1382560,1938379.75,9.550562858581543,12525,-56851.67269479,110,1856,345614,-2.660740613937378,0.0001
21071.8203125,524.55,1384092,2178056.75,9.613889694213867,12538,-57960.48120129001,110,1860,345997,-3.0763919353485107,0.0001
19039.0078125,511.61,1386216,5057088.0,9.712610244750977,12558,-63233.03977271,110,1864,346528,-0.9514431953430176,0.0001
16974.9296875,518.06,1388320,2324376.5,9.79758071899414,12577,-62220.73435064,110,1868,347054,-2.179555654525757,0.0001
19479.470703125,526.47,1390000,4218221.5,9.87083911895752,12592,-61229.14685064,110,1870,347474,-1.7269480228424072,0.0001
20575.33203125,522.74,1390300,1994522.0,9.888691902160645,12595,-61243.17207791,110,1872,347549,-1.766005516052246,0.0001
18277.27734375,539.74,1394300,2617679.0,10.044754028320312,12632,-58158.90769479,110,1876,348549,0.2960200905799866,0.0001
20132.837890625,544.38,1396588,16981152.0,10.062906265258789,12654,-58269.507922070006,110,1880,349121,0.12589013576507568,0.0001
18838.5703125,557.91,1400000,2761491.0,10.141477584838867,12685,-58189.60792207,110,1883,349974,-1.220218300819397,0.0001
16592.1015625,553.88,1400256,1657424.25,10.151403427124023,12688,-59085.05428571001,110,1884,350038,-1.4416046142578125,0.0001
20973.265625,570.05,1404240,1424087.75,10.132349014282227,12723,-55667.77538959999,110,1888,351034,0.5820716619491577,0.0001
21002.849609375,579.11,1404684,2156048.75,10.116974830627441,12727,-54548.95879869,110,1892,351145,-0.07773536443710327,0.0001
20432.6953125,553.68,1404992,4216414.0,10.113548278808594,12730,-56759.13844155001,110,1896,351222,-0.6712232828140259,0.0001
18999.375,562.57,1408256,1264872.75,9.995745658874512,12763,-55581.420649340005,110,1900,352038,0.10283172130584717,0.0001
19759.94140625,555.47,1410000,1857502.0,9.928053855895996,12782,-57072.58042207001,110,1903,352474,0.9321749806404114,0.0001
19515.8828125,551.84,1410804,8833736.0,9.869006156921387,12789,-58065.12042207,110,1904,352675,1.377177119255066,0.0001
19610.935546875,566.62,1413364,2147373.5,9.750812530517578,12812,-56073.20905843,110,1908,353315,0.4230502247810364,0.0001
21309.408203125,565.55,1415784,2889218.75,9.643774032592773,12834,-56273.27045453999,110,1912,353920,-0.9408801794052124,0.0001
23403.794921875,584.04,1417840,2274419.75,9.539079666137695,12852,-55292.43295453999,110,1916,354434,1.4644689559936523,0.0001
22284.76953125,592.98,1420000,1332988.0,9.565601348876953,12871,-53100.373668830005,110,1919,354974,0.4145657420158386,0.0001
23283.01171875,601.23,1421536,6811947.0,9.5355224609375,12885,-52007.91152597,110,1920,355358,-0.2630627453327179,0.0001
23502.84375,607.46,1423848,1402084.375,9.638908386230469,12905,-50813.77402596999,110,1924,355936,1.6552118062973022,0.0001
21856.287109375,613.24,1424828,1484164.75,9.542778968811035,12914,-50718.378798699996,110,1928,356181,2.047344207763672,0.0001
26476.552734375,595.63,1425640,2601377.5,9.4348726272583,12921,-51901.17795453999,110,1932,356384,3.8032078742980957,0.0001
23224.8046875,595.07,1427752,2580997.75,9.289900779724121,12940,-51900.48295453999,110,1936,356912,0.6528823971748352,0.0001
23231.16015625,606.08,1430000,2051923.25,9.26768970489502,12961,-51910.97545453999,110,1939,357474,-1.3576061725616455,0.0001
20523.607421875,606.08,1431752,1952365.75,9.347253799438477,12976,-52014.0775974,110,1940,357912,-1.7686498165130615,0.0001
21732.240234375,623.94,1434116,2013705.125,9.410164833068848,12997,-50025.14116883001,110,1944,358503,0.7849392294883728,0.0001
23308.07421875,620.13,1437596,4507023.0,9.302072525024414,13028,-51325.93974026,110,1948,359373,-0.3093557357788086,0.0001
19587.88671875,606.95,1438796,2889116.0,9.290932655334473,13039,-51613.698603900004,110,1952,359673,0.6903672218322754,0.0001
26654.82421875,600.3,1440000,5781272.0,9.296265602111816,13050,-51707.393603900004,110,1954,359974,1.2635414600372314,0.0001
25947.71484375,595.46,1442032,4208345.5,9.67494010925293,13069,-53803.9436039,110,1956,360482,-16.179443359375,0.0001
22047.49609375,592.57,1443416,1511160.375,10.005187034606934,13082,-54307.57090548,110,1960,360828,-12.202092170715332,0.0001
24398.494140625,597.67,1444908,5297537.0,10.223623275756836,13097,-54715.253405480005,110,1964,361201,-7.911750316619873,0.0001
23828.9609375,592.76,1447080,2338542.0,10.486516952514648,13117,-56112.66204184001,110,1968,361744,-7.948615550994873,0.0001
26435.38671875,581.4,1449168,20991084.0,10.716572761535645,13136,-57284.54681457,110,1972,362266,-5.5877227783203125,0.0001
22436.71484375,577.77,1450000,8456647.0,10.787524223327637,13145,-58480.63226912001,110,1974,362474,-6.478555679321289,0.0001
22982.8046875,569.93,1450988,1557102.5,10.852832794189453,13155,-60673.88574314,110,1976,362721,-2.592926263809204,0.0001
21863.966796875,567.22,1454460,3945759.25,11.047335624694824,13189,-60865.2318795,110,1980,363589,-4.359869480133057,0.0001
25779.443359375,575.35,1457168,3032857.25,11.224632263183594,13213,-59062.92801586,110,1984,364266,-6.3066816329956055,0.0001
26355.18359375,554.16,1458400,3291551.0,11.341814994812012,13223,-62342.00119768,110,1988,364574,-4.036337852478027,0.0001
24500.4765625,542.24,1460000,4063391.25,11.415342330932617,13238,-63330.16665222999,110,1991,364974,-1.5579382181167603,0.0001
24878.484375,545.41,1460460,7650775.0,11.426244735717773,13242,-63233.37165223001,110,1992,365089,-1.2754743099212646,0.0001
24527.30859375,568.65,1462996,2365298.0,11.450843811035156,13265,-61755.830288590005,110,1996,365723,-0.8817780017852783,0.0001
21938.0546875,568.39,1465212,1962768.625,11.411774635314941,13284,-61855.61415223,110,2000,366277,2.2235021591186523,0.0001
22854.1875,568.21,1467228,1293938.0,11.312947273254395,13302,-60449.725580800005,110,2004,366781,2.3159570693969727,0.0001
25747.23046875,558.53,1468688,3088795.0,11.234151840209961,13315,-62336.42330808,110,2008,367146,3.069045066833496,0.0001
25316.51953125,558.53,1470000,4332764.0,11.128885269165039,13328,-62336.42330808,110,2008,367474,3.709021806716919,0.0001
26410.87109375,569.85,1472348,9314909.0,10.935133934020996,13349,-61343.68330808,110,2012,368061,3.335367202758789,0.0001
24102.56640625,573.64,1475472,2049742.5,10.683767318725586,13380,-62551.48830808,110,2016,368842,3.9701576232910156,0.0001
26305.349609375,581.52,1479472,1729618.0,10.282212257385254,13415,-63860.97723664999,110,2020,369842,4.673676490783691,0.0001
26937.3671875,585.79,1480000,1183631.875,10.231817245483398,13420,-62965.44723665,110,2021,369974,5.438735485076904,0.0001
21884.203125,588.7,1482192,1848266.625,10.033085823059082,13439,-62968.14723664999,110,2024,370522,4.000406742095947,0.0001
23809.640625,586.93,1483772,2248483.0,9.892532348632812,13453,-63066.13246392,110,2028,370917,5.016178607940674,0.0001
28098.51171875,599.77,1486204,3006450.75,9.721622467041016,13475,-63286.017463920005,110,2032,371525,2.6304478645324707,0.0001
28276.341796875,611.74,1488680,3716118.0,9.595253944396973,13497,-60228.07083999,110,2036,372144,1.2045725584030151,0.0001
20488.9765625,611.74,1490000,18847636.0,9.565842628479004,13510,-60228.07083999,110,2036,372474,-0.5767416954040527,0.0001
23756.095703125,606.01,1490736,2291457.5,9.572527885437012,13517,-61121.57568126,110,2040,372658,0.1256541907787323,0.0001
27396.21484375,598.63,1494240,1059762.0,9.456408500671387,13553,-63216.28522671,110,2044,373534,2.634730339050293,0.0001
26129.80078125,599.63,1497768,1120980.25,9.168156623840332,13585,-62117.615226710004,110,2048,374416,4.1630096435546875,0.0001
25437.466796875,601.15,1500000,1469294.75,8.999178886413574,13606,-61118.99522671,110,2050,374974,3.4132907390594482,0.0001
26889.3828125,613.66,1500684,918425.875,8.94311809539795,13612,-60134.64522671,110,2052,375145,4.345973491668701,0.0001
26775.40625,630.38,1504516,942188.8125,8.625101089477539,13647,-57151.39022671,110,2056,376103,3.762598752975464,0.0001
28839.419921875,632.37,1506868,662460.25,8.427900314331055,13668,-55750.08078227,110,2060,376691,3.243121385574341,0.0001
27723.6484375,644.32,1510000,2726996.5,8.156682968139648,13696,-53561.870782269994,110,2063,377474,4.513922214508057,0.0001
27643.45703125,650.59,1510240,1267634.0,8.137965202331543,13698,-52467.600782270005,110,2064,377534,5.189509868621826,0.0001
23442.55859375,665.5,1513068,699654.625,7.908793926239014,13724,-51081.23949439,110,2068,378241,5.941536903381348,0.0001
27655.87109375,669.54,1516760,881587.25,7.593925952911377,13758,-50086.651994390006,110,2072,379164,4.708930969238281,0.0001
27391.365234375,678.78,1520000,638065.9375,7.3616108894348145,13787,-47198.56949439,110,2075,379974,6.092393398284912,0.0001
25567.9921875,685.09,1520760,497835.3125,7.3015642166137695,13794,-46307.214494390006,110,2076,380164,6.314461708068848,0.0001
25127.1796875,699.66,1524760,919293.875,7.002079486846924,13831,-44528.894494390006,110,2080,381164,5.75381326675415,0.0001
26734.134765625,686.53,1526152,1058888.75,6.905081272125244,13844,-45023.03949439,110,2084,381512,6.733908653259277,0.0001
26106.9609375,695.9,1527688,941607.0,6.813155174255371,13858,-44342.17199439,110,2088,381896,2.794276714324951,0.0001
19228.6328125,692.18,1530000,4869311.5,6.888127326965332,13879,-45541.02040348,110,2090,382474,-7.967562198638916,0.0001
30710.5078125,706.58,1531688,3627036.5,7.052373886108398,13894,-43557.5635853,110,2092,382896,-8.262809753417969,0.0001
25581.03515625,721.77,1535688,970643.375,7.326600551605225,13930,-40674.48494894,110,2096,383896,-5.469671249389648,0.0001
28401.32421875,730.72,1539688,748483.3125,7.426753520965576,13966,-38683.34994894,110,2100,384896,-1.063962697982788,0.0001
27943.623046875,739.26,1540000,1257199.25,7.429541110992432,13969,-37691.85994894,110,2101,384974,-0.8402327299118042,0.0001
27994.115234375,752.18,1543688,897081.75,7.412075042724609,14003,-35909.84602037,110,2104,385896,0.7421975135803223,0.0001
26587.32421875,770.71,1547428,460967.6875,7.319211959838867,14038,-33233.72965673,110,2108,386831,2.7204060554504395,0.0001
26714.91015625,761.96,1548124,536428.3125,7.293412685394287,14044,-32629.93965673,110,2112,387005,2.5577149391174316,0.0001
28664.533203125,738.53,1549328,1319475.75,7.262452125549316,14056,-32301.5208472,110,2116,387306,0.8784054517745972,0.0001
25925.2734375,738.53,1550000,844681.9375,7.260494232177734,14062,-32301.5208472,110,2116,387474,0.099800705909729,0.0001
26713.04296875,744.04,1553328,418948.625,7.202897548675537,14092,-30307.92870434,110,2120,388306,2.1703295707702637,0.0001
25881.541015625,750.89,1557328,376032.625,7.027207374572754,14127,-28213.153704340002,110,2124,389306,3.3897554874420166,0.0001
27384.146484375,754.79,1560000,1969045.75,6.9066877365112305,14151,-27217.14870434,110,2125,389974,2.5749528408050537,0.0001
25249.025390625,772.54,1561328,2225197.25,6.855112552642822,14162,-24239.61620434,110,2128,390306,2.575984001159668,0.0001
25773.515625,785.43,1565128,318410.59375,6.675947666168213,14198,-22045.631204340003,110,2132,391256,3.1327571868896484,0.0001
25135.87109375,797.97,1569128,279636.90625,6.4241437911987305,14236,-22127.921161600003,110,2136,392256,2.2493624687194824,0.0001
25173.66796875,800.29,1570000,292131.9375,6.374277591705322,14244,-20130.2036616,110,2138,392474,3.265923261642456,0.0001
25395.3515625,811.57,1573128,890761.375,6.184257507324219,14272,-18241.653820329997,110,2140,393256,3.9587857723236084,0.0001
26487.240234375,809.68,1575048,697817.125,6.021494388580322,14290,-16236.32677488,110,2144,393736,6.819647789001465,0.0001
27926.67578125,802.86,1577232,523713.625,5.92425537109375,14310,-16428.334274880002,110,2148,394282,1.9888750314712524,0.0001
25996.2890625,801.02,1580000,795011.3125,5.823219299316406,14336,-17563.09927488,110,2150,394974,3.383801221847534,0.0001
26357.2265625,804.35,1581232,246076.578125,5.748300075531006,14347,-16408.180183970002,110,2152,395282,4.361947536468506,0.0001
23629.89453125,794.54,1584516,281793.46875,5.558820724487305,14377,-17593.99518397,110,2156,396103,4.727595806121826,0.0001
25014.529296875,797.95,1587724,156421.28125,5.36617374420166,14405,-17499.730865789996,110,2160,396905,5.592940330505371,0.0001
23875.0234375,792.71,1589928,199372.1875,5.229620933532715,14425,-17986.54455626,110,2164,397456,5.795450210571289,0.0001
24575.923828125,792.71,1590000,666903.125,5.225344181060791,14426,-17986.54455626,110,2164,397474,5.592885971069336,0.0001
24615.541015625,798.02,1593928,248637.921875,5.030966758728027,14461,-16087.22334415,110,2168,398456,5.093620777130127,0.0001
23206.3203125,820.13,1597928,330612.375,4.853154182434082,14498,-13004.174177480003,110,2172,399456,4.482417106628418,0.0001
24219.30859375,820.13,1600000,1922514.0,4.769535541534424,14517,-13106.56917748,110,2173,399974,4.696335792541504,0.0001
6517.4912109375,820.13,1601928,178409664.0,4.764242172241211,14534,-13002.65084415,110,2176,400456,-12.443333625793457,0.0001
27450.076171875,813.17,1605928,2704805.5,5.071774959564209,14570,-13690.37584415,110,2180,401456,-8.468300819396973,0.0001
25229.9140625,814.69,1607936,3338480.5,5.153019905090332,14588,-13188.175844149999,110,2184,401958,-6.26812744140625,0.0001
28178.408203125,828.25,1610000,1091467.5,5.222513675689697,14606,-12096.20584415,110,2186,402474,-6.730782985687256,0.0001
25020.15234375,830.18,1611728,841535.625,5.284754276275635,14622,-11893.89334415,110,2188,402906,-5.220901966094971,0.0001
25191.62109375,821.95,1612960,8615432.0,5.318301200866699,14633,-11781.542662329999,110,2192,403214,-3.4518065452575684,0.0001
24055.48828125,800.79,1615696,972500.1875,5.35873556137085,14658,-15659.46587662,110,2196,403898,-1.3426376581192017,0.0001
25254.796875,786.69,1617192,8922560.0,5.374085426330566,14672,-19950.15837662,110,2200,404272,-0.6813747882843018,0.0001
24084.6015625,757.07,1618140,601622.5,5.380641460418701,14680,-24018.400876620002,110,2204,404509,-1.010467767715454,0.0001
23088.423828125,724.55,1618640,463615.5625,5.384588241577148,14685,-26981.13337662,110,2208,404634,-0.13023361563682556,0.0001
23251.609375,708.71,1619488,9530902.0,5.39018440246582,14693,-28961.22087662,110,2212,404846,-0.47990214824676514,0.0001
24047.4921875,709.25,1620000,493288.0,5.392932415008545,14699,-29162.177543289996,110,2214,404974,-0.23544220626354218,0.0001
22844.310546875,714.86,1620248,512915.5,5.3939008712768555,14701,-28470.712186149998,110,2216,405036,-0.033563628792762756,0.0001
23147.5390625,705.65,1624248,627062.25,5.399281978607178,14738,-30664.179329009996,110,2220,406036,-0.2719917595386505,0.0001
23182.23046875,693.43,1627480,734851.125,5.37962532043457,14767,-32769.911829009994,110,2224,406844,0.7948744297027588,0.0001
23939.833984375,684.73,1629736,656480.8125,5.356922149658203,14787,-34758.28182901,110,2228,407408,0.11858543753623962,0.0001
24165.462890625,684.73,1630000,508265.65625,5.3555588722229,14789,-34758.28182901,110,2228,407474,0.30537110567092896,0.0001
23119.28515625,675.69,1633092,289313.84375,5.315755844116211,14816,-36749.06432901,110,2232,408247,1.496856451034546,0.0001
24233.80078125,677.62,1637092,1969346.75,5.246466636657715,14853,-36650.87031386,110,2236,409247,0.9735631942749023,0.0001
25893.328125,661.11,1639204,2282971.0,5.375324249267578,14876,-38645.05031386,110,2240,409775,-3.970231056213379,0.0001
24413.5,661.11,1640000,1019614.1875,5.432110786437988,14884,-38645.06281385999,110,2241,409974,-3.9349002838134766,0.0001
27359.072265625,667.16,1641240,824129.375,5.501776695251465,14895,-38706.61519482,110,2244,410284,-4.3445024490356445,0.0001
24092.595703125,660.96,1643716,3896756.25,5.604440689086914,14917,-38298.44542209,110,2248,410903,-3.3302276134490967,0.0001
24237.60546875,643.05,1645080,1007127.3125,5.670865058898926,14929,-40098.472013,110,2252,411244,-3.17526912689209,0.0001
24827.001953125,651.18,1648240,840310.0625,5.8482465744018555,14956,-38603.33237014,110,2256,412034,-4.403567314147949,0.0001
25055.89453125,651.18,1650000,998169.0625,5.910917282104492,14971,-38603.33237014,110,2256,412474,-1.8413035869598389,0.0001
22575.90234375,661.86,1652240,10042388.0,5.9665656089782715,14990,-36604.6374026,110,2260,413034,-4.65159273147583,0.0001
24603.1484375,672.37,1656240,2221260.5,6.082574844360352,15025,-35020.251212129995,110,2264,414034,-0.5070080161094666,0.0001
27630.2890625,672.37,1660000,1233131.25,6.038119316101074,15058,-35019.46121213,110,2265,414974,0.9260164499282837,0.0001
23927.841796875,675.11,1660240,520982.8125,6.033144950866699,15061,-34924.19871212,110,2268,415034,0.8901130557060242,0.0001
25000.28515625,667.66,1664176,643102.8125,5.877169609069824,15096,-36615.58680736,110,2272,416018,4.19410514831543,0.0001
24571.572265625,642.49,1665536,780351.5,5.7779107093811035,15110,-39386.49514069,110,2276,416358,5.365943908691406,0.0001
25019.078125,625.83,1667236,683686.0,5.657250881195068,15127,-41367.172640690005,110,2280,416783,5.0926337242126465,0.0001
24707.7578125,629.03,1669880,301906.0,5.470852851867676,15151,-41366.74764069,110,2284,417444,5.846718788146973,0.0001
21227.150390625,629.03,1670000,618625.0,5.462221622467041,15152,-41366.74764069,110,2284,417474,6.7551116943359375,0.0001
25324.23046875,634.09,1673880,8656280.0,5.275947093963623,15186,-39269.83299783,110,2288,418444,1.3403702974319458,0.0001
27391.58984375,627.53,1675364,3061547.5,5.243664264678955,15200,-41163.636013699994,110,2292,418815,1.0799325704574585,0.0001
26430.76953125,631.89,1677880,920916.1875,5.287304878234863,15224,-40165.52756436,110,2296,419444,-2.3419694900512695,0.0001
27089.23046875,623.72,1680000,903948.8125,5.321272850036621,15244,-40156.512564360004,110,2299,419974,-0.7242063283920288,0.0001
25638.14453125,629.43,1680632,730109.0,5.32497501373291,15250,-40163.650064359994,110,2300,420132,-0.4360431432723999,0.0001
26541.923828125,647.78,1682828,469366.03125,5.34676456451416,15270,-38982.61506436,110,2304,420681,-1.1092803478240967,0.0001
26174.515625,671.47,1686176,821963.5,5.343387126922607,15300,-36807.050064359995,110,2308,421518,2.228931427001953,0.0001
25833.671875,697.74,1690000,342039.21875,5.176239967346191,15334,-33532.94756436,110,2311,422474,2.9763541221618652,0.0001
24284.794921875,705.62,1690176,520604.71875,5.168482303619385,15336,-32340.026427999997,110,2312,422518,2.5465855598449707,0.0001
25812.8046875,730.61,1694176,710221.25,4.992185115814209,15371,-29760.85785658,110,2316,423518,2.705660343170166,0.0001
25501.76171875,718.78,1696416,5942259.5,4.919589996337891,15391,-30545.29035658,110,2320,424078,2.1277902126312256,0.0001
26453.40234375,729.26,1700000,937789.125,4.858536720275879,15424,-30540.947856580002,110,2323,424974,0.8012601137161255,0.0001
25496.525390625,729.26,1700416,651356.875,4.850389003753662,15428,-30539.162856580002,110,2324,425078,0.7170699238777161,0.0001
27543.9453125,732.93,1703088,3041380.0,4.855332851409912,15451,-29438.84928515,110,2328,425746,-3.1323328018188477,0.0001
27459.56640625,715.53,1704220,902803.6875,4.915138244628906,15461,-29421.649285150004,110,2332,426029,-0.06986343115568161,0.0001
29111.98828125,709.46,1707428,2124650.75,5.130972862243652,15490,-29414.43460983,110,2336,426831,-10.448516845703125,0.0001
29887.81640625,708.76,1709380,1196874.625,5.314621925354004,15507,-29403.169609829998,110,2340,427319,-10.042427062988281,0.0001
23087.33984375,708.76,1710000,2175668.5,5.371379852294922,15513,-29403.169609829998,110,2340,427474,-7.364274978637695,0.0001
28686.296875,695.9,1711584,1498196.875,5.469765663146973,15527,-31334.84294316,110,2344,427870,-4.784910678863525,0.0001
26052.6171875,703.81,1712924,721062.875,5.523049354553223,15539,-33442.71271589,110,2348,428205,-1.828527569770813,0.0001
26693.806640625,706.36,1716172,2676698.5,5.559964179992676,15567,-34444.79378732,110,2352,429017,-0.2363886684179306,0.0001
24138.19140625,704.73,1720000,1255904.125,5.744871139526367,15601,-35647.66843018,110,2355,429974,-8.226184844970703,0.0001
22425.029296875,706.83,1720172,10066846.0,5.758671760559082,15603,-34649.80343018,110,2356,430017,-9.034523963928223,0.0001
28096.6953125,701.44,1723460,1083126.5,6.021022796630859,15632,-35849.4252159,110,2360,430839,-9.023260116577148,0.0001
28044.89453125,685.45,1726016,12699058.0,6.131705284118652,15658,-39034.5152159,110,2364,431478,-2.518087863922119,0.0001
27746.44140625,672.53,1728972,1039780.4375,6.1706085205078125,15683,-40123.10907954,110,2368,432217,-0.4888557493686676,0.0001
26688.7421875,668.8,1730000,1045111.1875,6.167963981628418,15693,-40221.2262224,110,2370,432474,0.6274973154067993,0.0001
27698.546875,668.8,1731740,816007.625,6.163713455200195,15709,-40321.99765097,110,2372,432909,0.6442214250564575,0.0001
26375.75390625,684.33,1734420,8183132.0,6.142655849456787,15734,-39339.830150969996,110,2376,433579,1.3000133037567139,0.0001
25401.0390625,696.9,1737568,2345794.25,6.069064140319824,15763,-38356.257650969994,110,2380,434366,2.051513433456421,0.0001
25858.84765625,698.74,1739980,507796.8125,5.98540735244751,15785,-39365.0284843,110,2384,434969,2.074493646621704,0.0001
25991.4921875,698.74,1740000,604922.375,5.984454154968262,15785,-39365.0284843,110,2384,434974,2.8048229217529297,0.0001
26903.98828125,690.71,1743872,538499.125,5.8057475090026855,15820,-40475.18896049,110,2388,435942,4.25346565246582,0.0001
24171.380859375,714.14,1747280,726646.625,5.5970540046691895,15850,-37432.9949706,110,2392,436794,6.490528106689453,0.0001
25396.814453125,721.25,1750000,381668.25,5.418380260467529,15874,-36541.61509881,110,2394,437474,6.393603801727295,0.0001
26139.3125,726.19,1750544,6847985.5,5.384164333343506,15879,-36674.02270565,110,2396,437610,6.657417297363281,0.0001
24895.810546875,734.32,1753956,500116.96875,5.17594575881958,15910,-34418.01770565,110,2400,438463,6.651598930358887,0.0001
24578.583984375,723.76,1755128,1011827.5625,5.113916873931885,15921,-34755.73803393,110,2404,438756,5.471459865570068,0.0001
24901.8984375,722.48,1758352,515455.5625,4.964306831359863,15951,-36068.50136726,110,2408,439562,5.5277557373046875,0.0001
25857.794921875,714.4,1760000,2755104.5,4.890232086181641,15967,-38319.136367260005,110,2410,439974,4.9086408615112305,0.0001
28533.91015625,705.19,1760796,647028.5625,4.861965656280518,15974,-40440.01750362,110,2412,440173,5.07731819152832,0.0001
25290.36328125,678.2,1761220,1362956.875,4.846647262573242,15978,-43165.00857504,110,2416,440279,4.947970390319824,0.0001
26534.5546875,665.42,1762920,702446.125,4.802756309509277,15995,-44472.47357504,110,2420,440704,3.816028356552124,0.0001
25543.19921875,642.39,1763948,522123.03125,4.7695746421813965,16005,-45590.76107504,110,2424,440961,4.623266696929932,0.0001
25111.474609375,613.11,1764600,12971084.0,4.745478630065918,16011,-48763.886313140014,110,2428,441124,4.851161956787109,0.0001
24998.93359375,621.26,1765920,1269581.5,4.698108196258545,16023,-48113.38881314,110,2432,441454,4.2683610916137695,0.0001
26339.12890625,603.68,1766784,732123.5,4.667098045349121,16031,-51198.14030664001,110,2436,441670,3.8865857124328613,0.0001
26331.908203125,590.68,1768144,963506.1875,4.628003120422363,16043,-53486.85697331001,110,2440,442010,2.6296918392181396,0.0001
25477.56640625,584.96,1770000,741404.75,4.581689357757568,16061,-53682.53875902,110,2443,442474,1.637145757675171,0.0001
26164.01953125,593.96,1771740,657902.375,4.546669960021973,16077,-52793.95625902001,110,2444,442909,1.9060006141662598,0.0001
27509.568359375,601.57,1773940,1383088.5,4.5010504722595215,16097,-51309.45875902001,110,2448,443459,2.2095894813537598,0.0001
24638.078125,617.63,1777484,14555760.0,4.436216831207275,16130,-48532.70407648,110,2452,444345,1.6306679248809814,0.0001
25311.271484375,612.57,1780000,613064.5,4.386334419250488,16153,-49631.29657648001,110,2454,444974,1.885068416595459,0.0001
24349.35546875,606.37,1780280,739084.625,4.379465103149414,16155,-49627.903849210015,110,2456,445044,2.1658122539520264,0.0001
26910.470703125,592.24,1782632,914994.625,4.321211338043213,16177,-52918.681349210005,110,2460,445632,0.8362091183662415,0.0001
25464.421875,578.33,1783896,6317701.5,4.304720401763916,16189,-53911.77384921,110,2464,445948,1.5267245769500732,0.0001
26730.16796875,587.12,1787896,727397.0,4.334726333618164,16225,-52937.074152240006,110,2468,446948,-0.8172630071640015,0.0001
23114.4765625,591.29,1790000,835311.1875,4.380662441253662,16244,-52145.50165224001,110,2471,447474,-1.70546555519104,0.0001
26550.60546875,591.29,1790632,768898.875,4.3952202796936035,16250,-52146.261652240006,110,2472,447632,-1.4301785230636597,0.0001
27959.12890625,571.54,1791360,720125.8125,4.404774188995361,16257,-54426.64915224001,110,2476,447814,-0.6040348410606384,0.0001
26723.359375,574.94,1795360,3024380.5,4.392910003662109,16294,-52632.74165224001,110,2480,448814,0.13564807176589966,0.0001
28820.95703125,574.04,1797644,919239.3125,4.363412380218506,16315,-51948.85831891,110,2484,449385,-0.28094929456710815,0.0001
29033.23046875,569.38,1799908,950059.875,4.3441033363342285,16336,-54178.18998558,110,2488,449951,-0.8021795749664307,0.0001
27641.49609375,569.38,1800000,926525.875,4.343618392944336,16336,-54178.18998558,110,2488,449974,0.9941494464874268,0.0001
26091.890625,548.42,1801940,11323272.0,4.322801113128662,16353,-57524.9084596,110,2492,450459,0.08557647466659546,0.0001
25777.64453125,549.68,1805940,560745.375,4.217172145843506,16390,-56300.29631674001,110,2496,451459,1.9094038009643555,0.0001
26083.552734375,537.92,1806808,2934292.0,4.1711745262146,16398,-57465.96203103,110,2500,451676,2.737372875213623,0.0001
27194.73828125,544.81,1809940,481012.375,4.009390830993652,16426,-57275.20559164,110,2504,452459,3.604856252670288,0.0001
26941.48046875,544.81,1810000,2176919.5,4.006311893463135,16427,-57275.20559164,110,2504,452474,2.7428853511810303,0.0001
26725.4609375,541.17,1812948,1493617.0,3.8680787086486816,16453,-56911.09480882,110,2508,453211,2.402998447418213,0.0001
25826.130859375,532.87,1814144,463511.1875,3.8324739933013916,16464,-55816.350523110006,110,2512,453510,1.747645616531372,0.0001
26679.09375,531.89,1814484,3459121.5,3.8200736045837402,16467,-55564.81052311,110,2516,453595,2.5295143127441406,0.0001
24619.142578125,527.79,1814744,687593.9375,3.810436487197876,16469,-55640.67052310999,110,2520,453660,1.9717628955841064,0.0001
26632.236328125,515.0,1815000,611890.3125,3.800217866897583,16472,-56886.920523110006,110,2524,453724,2.7578842639923096,0.0001
25981.390625,528.7,1817052,736541.625,3.742360830307007,16491,-55901.573142149995,110,2528,454237,2.2227227687835693,0.0001
28281.33984375,525.54,1817772,914567.4375,3.724862813949585,16497,-56859.07314215001,110,2532,454417,1.8362548351287842,0.0001
27973.81640625,516.27,1818432,662492.5625,3.7096493244171143,16503,-57148.57117246001,110,2536,454582,2.310246467590332,0.0001
25357.9453125,511.36,1818896,859965.75,3.696789264678955,16508,-57142.33700579,110,2540,454698,1.4874458312988281,0.0001
23667.62890625,510.98,1820000,2862022.5,3.673696756362915,16518,-57141.86200579,110,2541,454974,1.6224466562271118,0.0001
27285.90625,507.94,1821788,5670782.5,3.665003538131714,16536,-57138.62450579001,110,2544,455421,0.6956661343574524,0.0001
27187.740234375,500.37,1823940,956392.0,3.6695475578308105,16557,-58827.52307722,110,2548,455959,-1.5536073446273804,0.0001
28761.353515625,491.45,1826940,1278895.25,3.765204668045044,16584,-60750.69418833,110,2552,456709,-0.8906617164611816,0.0001
27276.900390625,498.62,1830000,753618.25,3.8545875549316406,16612,-60700.571688330005,110,2555,457474,-1.4209383726119995,0.0001
26173.908203125,491.86,1830240,1304431.0,3.858959913253784,16614,-61705.49668833001,110,2556,457534,-0.17436641454696655,0.0001
28658.23046875,501.44,1832712,1351912.25,3.904203414916992,16639,-58394.14623377999,110,2560,458152,-1.0258944034576416,0.0001
27240.890625,518.71,1835660,1271784.75,3.9933743476867676,16668,-56525.98123378,110,2564,458889,-1.619649887084961,0.0001
29865.41796875,493.2,1836456,989972.5,4.018467426300049,16676,-59786.13706711,110,2568,459088,-2.093165397644043,0.0001
32410.244140625,486.33,1840000,5080319.5,4.143678665161133,16708,-60776.81706711,110,2571,459974,-2.8406364917755127,0.0001
34004.19140625,486.33,1840136,6643340.0,4.151251316070557,16710,-60878.577067109996,110,2572,460008,-3.6101787090301514,0.0001
21824.984375,513.44,1844116,3570427.0,4.43402624130249,16746,-58748.08956711,110,2576,461003,-6.341119766235352,0.0001
28249.03125,521.51,1848116,5039903.0,4.68701696395874,16781,-57587.59040043999,110,2580,462003,-5.845208644866943,0.0001
29293.3515625,520.34,1850000,1764868.25,4.771221160888672,16798,-57270.00540044,110,2583,462474,-4.4345269203186035,0.0001
30373.59375,526.28,1850268,1515859.5,4.779922008514404,16801,-56274.97290044001,110,2584,462541,-3.918790340423584,0.0001
27992.24609375,532.15,1853408,1037218.125,4.865225791931152,16830,-54134.66790044001,110,2588,463326,-2.469956398010254,0.0001
30862.509765625,545.07,1857408,1373278.625,4.972808837890625,16871,-52353.20290044,110,2592,464326,-1.6318968534469604,0.0001
27610.671875,539.7,1859620,913750.3125,5.007906436920166,16893,-52551.71559886,110,2596,464879,-2.180837631225586,0.0001
29408.69921875,539.7,1860000,743444.25,5.011626720428467,16897,-52551.71559886,110,2596,464974,-1.2111279964447021,0.0001
28661.423828125,552.84,1863448,560226.0,5.035659313201904,16930,-50346.56488457,110,2600,465836,-0.04297859966754913,0.0001
30832.67578125,558.04,1866640,694836.4375,4.999372482299805,16960,-49302.77349568,110,2604,466634,1.5003349781036377,0.0001
30879.8125,559.95,1868796,775216.5625,4.942846298217773,16979,-49451.20094517,110,2608,467173,2.2369658946990967,0.0001
29598.14453125,564.8,1870000,731947.375,4.907714366912842,16991,-49559.18273088,110,2611,467474,1.749375820159912,0.0001
32245.380859375,566.23,1870184,1553151.0,4.903133869171143,16993,-49561.05773088,110,2612,467520,2.0006492137908936,0.0001
30174.369140625,572.06,1872256,843003.5,4.848697662353516,17012,-49570.10773088,110,2616,468038,1.2827506065368652,0.0001
27802.263671875,589.99,1874184,1093264.125,4.822323322296143,17030,-48490.26023088,110,2620,468520,0.6166879534721375,0.0001
30932.802734375,601.5,1875788,8337230.0,4.789995193481445,17045,-48408.09773088,110,2624,468921,3.2372078895568848,0.0001
28825.755859375,603.15,1877888,938751.5,4.687319278717041,17066,-49624.34955628,110,2628,469446,3.213466167449951,0.0001
30269.416015625,611.33,1880000,3511729.25,4.610487937927246,17087,-48638.78705628,110,2629,469974,1.7517831325531006,0.0001
29022.34765625,624.53,1880704,876231.6875,4.589229106903076,17094,-46655.752056280005,110,2632,470150,-0.026280157268047333,0.0001
31081.9453125,637.91,1882488,717521.25,4.589466094970703,17112,-45804.21038961001,110,2636,470596,0.5682526230812073,0.0001
38895.52734375,662.41,1886024,113547968.0,4.539959907531738,17146,-43822.40455628001,109,2640,471480,-12.880570411682129,0.0001
25900.8984375,653.67,1886536,140988064.0,4.61664342880249,17151,-44912.344556280004,109,2644,471608,-17.09935760498047,0.0001
29349.7421875,644.36,1888284,4163478.5,4.854034423828125,17167,-44901.14348485001,109,2648,472045,-21.966552734375,0.0001
30812.583984375,620.71,1889116,2843949.5,4.935095310211182,17175,-45838.22598485,109,2652,472253,-25.59954071044922,0.0001
30822.224609375,593.71,1889220,2557606.0,4.945241451263428,17176,-47150.21871212,109,2656,472279,-25.465845108032227,0.0001
33958.421875,564.17,1889324,2686080.5,4.954154014587402,17177,-50536.41916666999,109,2660,472305,-25.177515029907227,0.0001
29053.05859375,537.32,1889428,2217523.25,4.964069366455078,17178,-52586.46666666999,109,2664,472331,-25.661388397216797,0.0001
32461.8828125,527.75,1889532,1808655.625,4.973781108856201,17179,-52674.14666666999,109,2668,472357,-26.592079162597656,0.0001
31493.94140625,502.15,1889636,2136624.0,4.982264518737793,17180,-54744.046666669994,109,2672,472383,-25.013652801513672,0.0001
29233.9140625,464.95,1889740,2233101.5,4.9916582107543945,17181,-56961.914166669994,109,2676,472409,-24.13582992553711,0.0001
32597.181640625,425.54,1889860,2110772.5,5.001862525939941,17182,-61284.45833334,109,2680,472439,-25.201675415039062,0.0001
30343.25390625,393.58,1889996,8521386.0,5.012775897979736,17184,-64645.86333334,109,2684,472473,-24.869522094726562,0.0001
,393.58,1890000,1849366.625,5.01375150680542,17184,-64645.86333334,109,2684,472474,,0.0001
31539.3046875,361.26,1890168,2211627.0,5.027217864990234,17185,-67909.52583334,109,2688,472516,-24.958484649658203,0.0001
31666.283203125,331.83,1890380,2479122.25,5.043065547943115,17188,-69672.01333334,109,2692,472569,-23.075843811035156,0.0001
29970.15625,311.58,1890596,2184094.25,5.058838844299316,17190,-71847.26027777999,109,2696,472623,-20.81409454345703,0.0001
32311.099609375,279.92,1890752,6525784.0,5.0696635246276855,17191,-75215.27277778,109,2700,472662,-21.471755981445312,0.0001
31551.69921875,260.78,1890904,3054216.0,5.080249786376953,17192,-76392.97777777999,109,2704,472700,-21.327404022216797,0.0001
30920.962890625,236.21,1891088,11528966.0,5.0922112464904785,17194,-77666.67777778,109,2708,472746,-21.735618591308594,0.0001
29259.05078125,219.23,1891880,2085371.375,5.1427483558654785,17201,-78544.30027778,109,2712,472944,-21.484481811523438,0.0001
28977.05859375,217.02,1894056,1744135.0,5.260361194610596,17221,-79641.75527778,109,2716,473488,-16.004066467285156,0.0001
31221.904296875,222.69,1896280,2428065.0,5.3514251708984375,17242,-78651.11277778,109,2720,474044,-13.066204071044922,0.0001
30940.744140625,226.96,1899568,1843103.375,5.462984085083008,17272,-77651.62277778,109,2724,474866,-9.149576187133789,0.0001
28431.19921875,227.37,1900000,2164075.75,5.475852966308594,17277,-76752.48666667,109,2726,474974,-8.600956916809082,0.0001
28741.90625,235.12,1901424,686087.3125,5.517988681793213,17290,-75750.93166666999,109,2728,475330,-10.499592781066895,0.0001
29672.2578125,236.93,1904044,4342586.0,5.593752384185791,17314,-75645.07166666999,109,2732,475985,-7.838351249694824,0.0001
30293.82421875,257.05,1908044,1410974.5,5.695645332336426,17351,-74334.63166667,109,2736,476985,-8.81998348236084,0.0001
30568.41015625,257.05,1910000,841548.125,5.752865791320801,17369,-74334.63166667,109,2736,477474,-7.192015647888184,0.0001
28297.701171875,257.73,1911464,1379392.75,5.797539710998535,17382,-74245.3775,109,2740,477840,-7.226910591125488,0.0001
30049.55078125,279.16,1915224,2016980.0,5.906666278839111,17416,-71067.9625,109,2744,478780,-4.87376594543457,0.0001
27280.361328125,285.36,1916580,1611724.75,5.947876453399658,17429,-70076.41,109,2748,479119,-6.903243064880371,0.0001
28139.02734375,287.94,1917952,1277101.875,5.9931864738464355,17442,-70283.23722222,109,2752,479462,-6.48417854309082,0.0001
29307.359375,295.65,1918476,3078706.75,6.0101094245910645,17448,-70292.87472222,109,2756,479593,-6.665061950683594,0.0001
29474.87109375,309.62,1920000,1247344.875,6.062254905700684,17463,-69310.34972222001,109,2759,479974,-5.819446563720703,0.0001
29242.04296875,312.77,1920908,1816769.375,6.097131729125977,17471,-69314.28722222001,109,2760,480201,-7.232757091522217,0.0001
30068.59375,339.36,1923040,1034587.8125,6.17563533782959,17491,-68347.53722222001,109,2764,480734,-5.822654724121094,0.0001
28859.21875,365.43,1925128,2344172.75,6.257844924926758,17510,-66278.25472222001,109,2768,481256,-7.7400360107421875,0.0001
30069.734375,402.41,1929128,1002153.4375,6.41944694519043,17547,-63022.557222220006,109,2772,482256,-4.973814010620117,0.0001
32816.5390625,403.97,1930000,1784751.25,6.44964075088501,17555,-63024.50722222,109,2773,482474,-5.459561347961426,0.0001
31269.177734375,433.58,1933128,1167360.0,6.560774803161621,17584,-59961.09722222001,109,2776,483256,-4.962480545043945,0.0001
30473.607421875,466.29,1935892,904287.5,6.6427998542785645,17609,-57002.02222222,109,2780,483947,-2.808943271636963,0.0001
28187.07421875,500.64,1939724,516793.71875,6.730657577514648,17645,-53743.692020200004,109,2784,484905,-1.627134084701538,0.0001
29831.322265625,500.64,1940000,457703.1875,6.734846115112305,17647,-53743.692020200004,109,2784,484974,-1.2428953647613525,0.0001
30411.658203125,539.4,1943724,386869.0,6.790127277374268,17686,-50691.417020199995,109,2788,485905,-2.6494028568267822,0.0001
29720.58984375,561.67,1945628,1046633.9375,6.816970348358154,17705,-49819.0945202,109,2792,486381,-3.1558170318603516,0.0001
28315.990234375,581.67,1949628,11219864.0,6.965888500213623,17742,-47844.1495202,109,2796,487381,-2.834902048110962,0.0001
27524.28125,590.87,1950000,2466920.0,6.9900360107421875,17746,-47855.6495202,109,2797,487474,-6.118646621704102,0.0001
33173.9921875,617.95,1953628,2329591.25,7.112186431884766,17781,-45889.5245202,109,2800,488381,-2.226069450378418,0.0001
34826.4453125,646.83,1957628,920406.25,7.240621089935303,17818,-42526.42361111,109,2804,489381,-0.07532083988189697,0.0001
36325.796875,665.97,1960000,1840041.625,7.314931392669678,17840,-40349.376111109996,109,2806,489974,-0.13312414288520813,0.0001
29390.390625,680.91,1960648,1823961.125,7.323658466339111,17846,-39368.063611109996,109,2808,490136,-3.0386314392089844,0.0001
30418.970703125,705.55,1964448,452310.875,7.356374740600586,17882,-35197.767121209996,109,2812,491086,1.643856406211853,0.0001
31296.1484375,723.27,1965764,289228.375,7.298945426940918,17895,-32219.954621209996,109,2816,491415,1.5937037467956543,0.0001
31173.5546875,733.13,1969764,569994.625,7.046879291534424,17932,-31230.422121209995,109,2820,492415,3.3661487102508545,0.0001
31326.41015625,733.13,1970000,1268924.375,7.02885103225708,17934,-31230.422121209995,109,2820,492474,4.532650947570801,0.0001
31278.9609375,752.94,1973748,389224.0,6.750235080718994,17970,-29255.85517677,109,2824,493411,5.365581512451172,0.0001
32237.74609375,763.74,1977748,526748.8125,6.44532585144043,18010,-27269.38017677,109,2828,494411,3.073028326034546,0.0001
29243.00390625,763.43,1980000,685262.125,6.324156761169434,18030,-28068.385176770003,109,2830,494974,5.160941123962402,0.0001
31422.62890625,759.77,1980996,612978.75,6.2621588706970215,18040,-29267.36517677,109,2832,495223,4.33624792098999,0.0001
32017.6328125,761.83,1984996,2100138.75,5.999316215515137,18078,-27574.95517677,109,2836,496223,6.052055835723877,0.0001
32717.298828125,762.75,1988976,855852.5,5.758103370666504,18115,-27578.112676769997,109,2840,497218,6.502250671386719,0.0001
28337.505859375,770.89,1990000,238698.09375,5.690837383270264,18126,-26588.300176770004,109,2842,497474,5.266540050506592,0.0001
31099.80859375,765.49,1991836,402004.75,5.590978145599365,18144,-27785.60267677,109,2844,497933,6.896817207336426,0.0001
28445.77734375,770.79,1994720,242608.0625,5.408329486846924,18171,-26890.465176769998,109,2848,498654,6.978823661804199,0.0001
29793.16796875,790.51,1997568,287154.5625,5.3090901374816895,18197,-24918.28045455,109,2852,499366,3.968086004257202,0.0001
29053.5390625,811.11,1999376,254793.21875,5.235809326171875,18213,-22754.49545455,109,2856,499818,5.28628396987915,0.0001
32154.7109375,811.11,2000000,794330.3125,5.205997467041016,18220,-22754.49545455,109,2856,499974,5.606565475463867,0.0001
